timestamp,P_kWperkWp,source_id,source_name
2023-01-01 00:00:00,0.0,IT.CAED/100752001.FACILITY,Ahlstrom-Munksjö Italia S.p.A.
2023-01-01 01:00:00,0.0,IT.CAED/100752001.FACILITY,Ahlstrom-Munksjö Italia S.p.A.
2023-01-01 02:00:00,0.0,IT.CAED/100752001.FACILITY,Ahlstrom-Munksjö Italia S.p.A.
2023-01-01 03:00:00,0.0,IT.CAED/100752001.FACILITY,Ahlstrom-Munksjö Italia S.p.A.
2023-01-01 04:00:00,0.0,IT.CAED/100752001.FACILITY,Ahlstrom-Munksjö Italia S.p.A.
2023-01-01 05:00:00,0.0,IT.CAED/100752001.FACILITY,Ahlstrom-Munksjö Italia S.p.A.
2023-01-01 06:00:00,0.0,IT.CAED/100752001.FACILITY,Ahlstrom-Munksjö Italia S.p.A.
2023-01-01 07:00:00,0.0,IT.CAED/100752001.FACILITY,Ahlstrom-Munksjö Italia S.p.A.
2023-01-01 08:00:00,0.0009599999999999999,IT.CAED/100752001.FACILITY,Ahlstrom-Munksjö Italia S.p.A.
2023-01-01 09:00:00,0.23899,IT.CAED/100752001.FACILITY,Ahlstrom-Munksjö Italia S.p.A.
2023-01-01 10:00:00,0.29519999999999996,IT.CAED/100752001.FACILITY,Ahlstrom-Munksjö Italia S.p.A.
2023-01-01 11:00:00,0.35539,IT.CAED/100752001.FACILITY,Ahlstrom-Munksjö Italia S.p.A.
2023-01-01 12:00:00,0.47905000000000003,IT.CAED/100752001.FACILITY,Ahlstrom-Munksjö Italia S.p.A.
2023-01-01 13:00:00,0.42796,IT.CAED/100752001.FACILITY,Ahlstrom-Munksjö Italia S.p.A.
2023-01-01 14:00:00,0.24241,IT.CAED/100752001.FACILITY,Ahlstrom-Munksjö Italia S.p.A.
2023-01-01 15:00:00,0.18075,IT.CAED/100752001.FACILITY,Ahlstrom-Munksjö Italia S.p.A.
2023-01-01 16:00:00,0.00186,IT.CAED/100752001.FACILITY,Ahlstrom-Munksjö Italia S.p.A.
2023-01-01 17:00:00,0.0,IT.CAED/100752001.FACILITY,Ahlstrom-Munksjö Italia S.p.A.
2023-01-01 18:00:00,0.0,IT.CAED/100752001.FACILITY,Ahlstrom-Munksjö Italia S.p.A.
2023-01-01 19:00:00,0.0,IT.CAED/100752001.FACILITY,Ahlstrom-Munksjö Italia S.p.A.
2023-01-01 20:00:00,0.0,IT.CAED/100752001.FACILITY,Ahlstrom-Munksjö Italia S.p.A.
2023-01-01 21:00:00,0.0,IT.CAED/100752001.FACILITY,Ahlstrom-Munksjö Italia S.p.A.
2023-01-01 22:00:00,0.0,IT.CAED/100752001.FACILITY,Ahlstrom-Munksjö Italia S.p.A.
2023-01-01 23:00:00,0.0,IT.CAED/100752001.FACILITY,Ahlstrom-Munksjö Italia S.p.A.
2023-01-02 00:00:00,0.0,IT.CAED/100752001.FACILITY,Ahlstrom-Munksjö Italia S.p.A.
2023-01-02 01:00:00,0.0,IT.CAED/100752001.FACILITY,Ahlstrom-Munksjö Italia S.p.A.
2023-01-02 02:00:00,0.0,IT.CAED/100752001.FACILITY,Ahlstrom-Munksjö Italia S.p.A.
2023-01-02 03:00:00,0.0,IT.CAED/100752001.FACILITY,Ahlstrom-Munksjö Italia S.p.A.
2023-01-02 04:00:00,0.0,IT.CAED/100752001.FACILITY,Ahlstrom-Munksjö Italia S.p.A.
2023-01-02 05:00:00,0.0,IT.CAED/100752001.FACILITY,Ahlstrom-Munksjö Italia S.p.A.
2023-01-02 06:00:00,0.0,IT.CAED/100752001.FACILITY,Ahlstrom-Munksjö Italia S.p.A.
2023-01-02 07:00:00,0.0,IT.CAED/100752001.FACILITY,Ahlstrom-Munksjö Italia S.p.A.
2023-01-02 08:00:00,0.0,IT.CAED/100752001.FACILITY,Ahlstrom-Munksjö Italia S.p.A.
2023-01-02 09:00:00,0.01576,IT.CAED/100752001.FACILITY,Ahlstrom-Munksjö Italia S.p.A.
2023-01-02 10:00:00,0.02036,IT.CAED/100752001.FACILITY,Ahlstrom-Munksjö Italia S.p.A.
2023-01-02 11:00:00,0.01813,IT.CAED/100752001.FACILITY,Ahlstrom-Munksjö Italia S.p.A.
2023-01-02 12:00:00,0.02973,IT.CAED/100752001.FACILITY,Ahlstrom-Munksjö Italia S.p.A.
2023-01-02 13:00:00,0.023370000000000002,IT.CAED/100752001.FACILITY,Ahlstrom-Munksjö Italia S.p.A.
2023-01-02 14:00:00,0.009609999999999999,IT.CAED/100752001.FACILITY,Ahlstrom-Munksjö Italia S.p.A.
2023-01-02 15:00:00,0.0055899999999999995,IT.CAED/100752001.FACILITY,Ahlstrom-Munksjö Italia S.p.A.
2023-01-02 16:00:00,0.0,IT.CAED/100752001.FACILITY,Ahlstrom-Munksjö Italia S.p.A.
2023-01-02 17:00:00,0.0,IT.CAED/100752001.FACILITY,Ahlstrom-Munksjö Italia S.p.A.
2023-01-02 18:00:00,0.0,IT.CAED/100752001.FACILITY,Ahlstrom-Munksjö Italia S.p.A.
2023-01-02 19:00:00,0.0,IT.CAED/100752001.FACILITY,Ahlstrom-Munksjö Italia S.p.A.
2023-01-02 20:00:00,0.0,IT.CAED/100752001.FACILITY,Ahlstrom-Munksjö Italia S.p.A.
2023-01-02 21:00:00,0.0,IT.CAED/100752001.FACILITY,Ahlstrom-Munksjö Italia S.p.A.
2023-01-02 22:00:00,0.0,IT.CAED/100752001.FACILITY,Ahlstrom-Munksjö Italia S.p.A.
2023-01-02 23:00:00,0.0,IT.CAED/100752001.FACILITY,Ahlstrom-Munksjö Italia S.p.A.
2023-01-03 00:00:00,0.0,IT.CAED/100752001.FACILITY,Ahlstrom-Munksjö Italia S.p.A.
2023-01-03 01:00:00,0.0,IT.CAED/100752001.FACILITY,Ahlstrom-Munksjö Italia S.p.A.
2023-01-03 02:00:00,0.0,IT.CAED/100752001.FACILITY,Ahlstrom-Munksjö Italia S.p.A.
2023-01-03 03:00:00,0.0,IT.CAED/100752001.FACILITY,Ahlstrom-Munksjö Italia S.p.A.
2023-01-03 04:00:00,0.0,IT.CAED/100752001.FACILITY,Ahlstrom-Munksjö Italia S.p.A.
2023-01-03 05:00:00,0.0,IT.CAED/100752001.FACILITY,Ahlstrom-Munksjö Italia S.p.A.
2023-01-03 06:00:00,0.0,IT.CAED/100752001.FACILITY,Ahlstrom-Munksjö Italia S.p.A.
2023-01-03 07:00:00,0.0,IT.CAED/100752001.FACILITY,Ahlstrom-Munksjö Italia S.p.A.
2023-01-03 08:00:00,0.00061,IT.CAED/100752001.FACILITY,Ahlstrom-Munksjö Italia S.p.A.
2023-01-03 09:00:00,0.03475,IT.CAED/100752001.FACILITY,Ahlstrom-Munksjö Italia S.p.A.
2023-01-03 10:00:00,0.09892000000000001,IT.CAED/100752001.FACILITY,Ahlstrom-Munksjö Italia S.p.A.
2023-01-03 11:00:00,0.18491,IT.CAED/100752001.FACILITY,Ahlstrom-Munksjö Italia S.p.A.
2023-01-03 12:00:00,0.26556,IT.CAED/100752001.FACILITY,Ahlstrom-Munksjö Italia S.p.A.
2023-01-03 13:00:00,0.34669,IT.CAED/100752001.FACILITY,Ahlstrom-Munksjö Italia S.p.A.
2023-01-03 14:00:00,0.15769,IT.CAED/100752001.FACILITY,Ahlstrom-Munksjö Italia S.p.A.
2023-01-03 15:00:00,0.03574,IT.CAED/100752001.FACILITY,Ahlstrom-Munksjö Italia S.p.A.
2023-01-03 16:00:00,0.00116,IT.CAED/100752001.FACILITY,Ahlstrom-Munksjö Italia S.p.A.
2023-01-03 17:00:00,0.0,IT.CAED/100752001.FACILITY,Ahlstrom-Munksjö Italia S.p.A.
2023-01-03 18:00:00,0.0,IT.CAED/100752001.FACILITY,Ahlstrom-Munksjö Italia S.p.A.
2023-01-03 19:00:00,0.0,IT.CAED/100752001.FACILITY,Ahlstrom-Munksjö Italia S.p.A.
2023-01-03 20:00:00,0.0,IT.CAED/100752001.FACILITY,Ahlstrom-Munksjö Italia S.p.A.
2023-01-03 21:00:00,0.0,IT.CAED/100752001.FACILITY,Ahlstrom-Munksjö Italia S.p.A.
2023-01-03 22:00:00,0.0,IT.CAED/100752001.FACILITY,Ahlstrom-Munksjö Italia S.p.A.
2023-01-03 23:00:00,0.0,IT.CAED/100752001.FACILITY,Ahlstrom-Munksjö Italia S.p.A.
2023-01-04 00:00:00,0.0,IT.CAED/100752001.FACILITY,Ahlstrom-Munksjö Italia S.p.A.
2023-01-04 01:00:00,0.0,IT.CAED/100752001.FACILITY,Ahlstrom-Munksjö Italia S.p.A.
2023-01-04 02:00:00,0.0,IT.CAED/100752001.FACILITY,Ahlstrom-Munksjö Italia S.p.A.
2023-01-04 03:00:00,0.0,IT.CAED/100752001.FACILITY,Ahlstrom-Munksjö Italia S.p.A.
2023-01-04 04:00:00,0.0,IT.CAED/100752001.FACILITY,Ahlstrom-Munksjö Italia S.p.A.
2023-01-04 05:00:00,0.0,IT.CAED/100752001.FACILITY,Ahlstrom-Munksjö Italia S.p.A.
2023-01-04 06:00:00,0.0,IT.CAED/100752001.FACILITY,Ahlstrom-Munksjö Italia S.p.A.
2023-01-04 07:00:00,0.0,IT.CAED/100752001.FACILITY,Ahlstrom-Munksjö Italia S.p.A.
2023-01-04 08:00:00,0.00115,IT.CAED/100752001.FACILITY,Ahlstrom-Munksjö Italia S.p.A.
2023-01-04 09:00:00,0.3117,IT.CAED/100752001.FACILITY,Ahlstrom-Munksjö Italia S.p.A.
2023-01-04 10:00:00,0.46901,IT.CAED/100752001.FACILITY,Ahlstrom-Munksjö Italia S.p.A.
2023-01-04 11:00:00,0.57924,IT.CAED/100752001.FACILITY,Ahlstrom-Munksjö Italia S.p.A.
2023-01-04 12:00:00,0.64247,IT.CAED/100752001.FACILITY,Ahlstrom-Munksjö Italia S.p.A.
2023-01-04 13:00:00,0.47591,IT.CAED/100752001.FACILITY,Ahlstrom-Munksjö Italia S.p.A.
2023-01-04 14:00:00,0.5073,IT.CAED/100752001.FACILITY,Ahlstrom-Munksjö Italia S.p.A.
2023-01-04 15:00:00,0.22895,IT.CAED/100752001.FACILITY,Ahlstrom-Munksjö Italia S.p.A.
2023-01-04 16:00:00,0.006679999999999999,IT.CAED/100752001.FACILITY,Ahlstrom-Munksjö Italia S.p.A.
2023-01-04 17:00:00,0.0,IT.CAED/100752001.FACILITY,Ahlstrom-Munksjö Italia S.p.A.
2023-01-04 18:00:00,0.0,IT.CAED/100752001.FACILITY,Ahlstrom-Munksjö Italia S.p.A.
2023-01-04 19:00:00,0.0,IT.CAED/100752001.FACILITY,Ahlstrom-Munksjö Italia S.p.A.
2023-01-04 20:00:00,0.0,IT.CAED/100752001.FACILITY,Ahlstrom-Munksjö Italia S.p.A.
2023-01-04 21:00:00,0.0,IT.CAED/100752001.FACILITY,Ahlstrom-Munksjö Italia S.p.A.
2023-01-04 22:00:00,0.0,IT.CAED/100752001.FACILITY,Ahlstrom-Munksjö Italia S.p.A.
2023-01-04 23:00:00,0.0,IT.CAED/100752001.FACILITY,Ahlstrom-Munksjö Italia S.p.A.
2023-01-05 00:00:00,0.0,IT.CAED/100752001.FACILITY,Ahlstrom-Munksjö Italia S.p.A.
2023-01-05 01:00:00,0.0,IT.CAED/100752001.FACILITY,Ahlstrom-Munksjö Italia S.p.A.
2023-01-05 02:00:00,0.0,IT.CAED/100752001.FACILITY,Ahlstrom-Munksjö Italia S.p.A.
2023-01-05 03:00:00,0.0,IT.CAED/100752001.FACILITY,Ahlstrom-Munksjö Italia S.p.A.
2023-01-05 04:00:00,0.0,IT.CAED/100752001.FACILITY,Ahlstrom-Munksjö Italia S.p.A.
2023-01-05 05:00:00,0.0,IT.CAED/100752001.FACILITY,Ahlstrom-Munksjö Italia S.p.A.
2023-01-05 06:00:00,0.0,IT.CAED/100752001.FACILITY,Ahlstrom-Munksjö Italia S.p.A.
2023-01-05 07:00:00,0.0,IT.CAED/100752001.FACILITY,Ahlstrom-Munksjö Italia S.p.A.
2023-01-05 08:00:00,0.00242,IT.CAED/100752001.FACILITY,Ahlstrom-Munksjö Italia S.p.A.
2023-01-05 09:00:00,0.32361,IT.CAED/100752001.FACILITY,Ahlstrom-Munksjö Italia S.p.A.
2023-01-05 10:00:00,0.50717,IT.CAED/100752001.FACILITY,Ahlstrom-Munksjö Italia S.p.A.
2023-01-05 11:00:00,0.61407,IT.CAED/100752001.FACILITY,Ahlstrom-Munksjö Italia S.p.A.
2023-01-05 12:00:00,0.6528999999999999,IT.CAED/100752001.FACILITY,Ahlstrom-Munksjö Italia S.p.A.
2023-01-05 13:00:00,0.6878099999999999,IT.CAED/100752001.FACILITY,Ahlstrom-Munksjö Italia S.p.A.
2023-01-05 14:00:00,0.6046699999999999,IT.CAED/100752001.FACILITY,Ahlstrom-Munksjö Italia S.p.A.
2023-01-05 15:00:00,0.39777999999999997,IT.CAED/100752001.FACILITY,Ahlstrom-Munksjö Italia S.p.A.
2023-01-05 16:00:00,0.00463,IT.CAED/100752001.FACILITY,Ahlstrom-Munksjö Italia S.p.A.
2023-01-05 17:00:00,0.0,IT.CAED/100752001.FACILITY,Ahlstrom-Munksjö Italia S.p.A.
2023-01-05 18:00:00,0.0,IT.CAED/100752001.FACILITY,Ahlstrom-Munksjö Italia S.p.A.
2023-01-05 19:00:00,0.0,IT.CAED/100752001.FACILITY,Ahlstrom-Munksjö Italia S.p.A.
2023-01-05 20:00:00,0.0,IT.CAED/100752001.FACILITY,Ahlstrom-Munksjö Italia S.p.A.
2023-01-05 21:00:00,0.0,IT.CAED/100752001.FACILITY,Ahlstrom-Munksjö Italia S.p.A.
2023-01-05 22:00:00,0.0,IT.CAED/100752001.FACILITY,Ahlstrom-Munksjö Italia S.p.A.
2023-01-05 23:00:00,0.0,IT.CAED/100752001.FACILITY,Ahlstrom-Munksjö Italia S.p.A.
2023-01-06 00:00:00,0.0,IT.CAED/100752001.FACILITY,Ahlstrom-Munksjö Italia S.p.A.
2023-01-06 01:00:00,0.0,IT.CAED/100752001.FACILITY,Ahlstrom-Munksjö Italia S.p.A.
2023-01-06 02:00:00,0.0,IT.CAED/100752001.FACILITY,Ahlstrom-Munksjö Italia S.p.A.
2023-01-06 03:00:00,0.0,IT.CAED/100752001.FACILITY,Ahlstrom-Munksjö Italia S.p.A.
2023-01-06 04:00:00,0.0,IT.CAED/100752001.FACILITY,Ahlstrom-Munksjö Italia S.p.A.
2023-01-06 05:00:00,0.0,IT.CAED/100752001.FACILITY,Ahlstrom-Munksjö Italia S.p.A.
2023-01-06 06:00:00,0.0,IT.CAED/100752001.FACILITY,Ahlstrom-Munksjö Italia S.p.A.
2023-01-06 07:00:00,0.0,IT.CAED/100752001.FACILITY,Ahlstrom-Munksjö Italia S.p.A.
2023-01-06 08:00:00,0.00329,IT.CAED/100752001.FACILITY,Ahlstrom-Munksjö Italia S.p.A.
2023-01-06 09:00:00,0.4153,IT.CAED/100752001.FACILITY,Ahlstrom-Munksjö Italia S.p.A.
2023-01-06 10:00:00,0.5788,IT.CAED/100752001.FACILITY,Ahlstrom-Munksjö Italia S.p.A.
2023-01-06 11:00:00,0.68133,IT.CAED/100752001.FACILITY,Ahlstrom-Munksjö Italia S.p.A.
2023-01-06 12:00:00,0.72582,IT.CAED/100752001.FACILITY,Ahlstrom-Munksjö Italia S.p.A.
2023-01-06 13:00:00,0.66516,IT.CAED/100752001.FACILITY,Ahlstrom-Munksjö Italia S.p.A.
2023-01-06 14:00:00,0.61334,IT.CAED/100752001.FACILITY,Ahlstrom-Munksjö Italia S.p.A.
2023-01-06 15:00:00,0.41727,IT.CAED/100752001.FACILITY,Ahlstrom-Munksjö Italia S.p.A.
2023-01-06 16:00:00,0.005,IT.CAED/100752001.FACILITY,Ahlstrom-Munksjö Italia S.p.A.
2023-01-06 17:00:00,0.0,IT.CAED/100752001.FACILITY,Ahlstrom-Munksjö Italia S.p.A.
2023-01-06 18:00:00,0.0,IT.CAED/100752001.FACILITY,Ahlstrom-Munksjö Italia S.p.A.
2023-01-06 19:00:00,0.0,IT.CAED/100752001.FACILITY,Ahlstrom-Munksjö Italia S.p.A.
2023-01-06 20:00:00,0.0,IT.CAED/100752001.FACILITY,Ahlstrom-Munksjö Italia S.p.A.
2023-01-06 21:00:00,0.0,IT.CAED/100752001.FACILITY,Ahlstrom-Munksjö Italia S.p.A.
2023-01-06 22:00:00,0.0,IT.CAED/100752001.FACILITY,Ahlstrom-Munksjö Italia S.p.A.
2023-01-06 23:00:00,0.0,IT.CAED/100752001.FACILITY,Ahlstrom-Munksjö Italia S.p.A.
2023-01-07 00:00:00,0.0,IT.CAED/100752001.FACILITY,Ahlstrom-Munksjö Italia S.p.A.
2023-01-07 01:00:00,0.0,IT.CAED/100752001.FACILITY,Ahlstrom-Munksjö Italia S.p.A.
2023-01-07 02:00:00,0.0,IT.CAED/100752001.FACILITY,Ahlstrom-Munksjö Italia S.p.A.
2023-01-07 03:00:00,0.0,IT.CAED/100752001.FACILITY,Ahlstrom-Munksjö Italia S.p.A.
2023-01-07 04:00:00,0.0,IT.CAED/100752001.FACILITY,Ahlstrom-Munksjö Italia S.p.A.
2023-01-07 05:00:00,0.0,IT.CAED/100752001.FACILITY,Ahlstrom-Munksjö Italia S.p.A.
2023-01-07 06:00:00,0.0,IT.CAED/100752001.FACILITY,Ahlstrom-Munksjö Italia S.p.A.
2023-01-07 07:00:00,0.0,IT.CAED/100752001.FACILITY,Ahlstrom-Munksjö Italia S.p.A.
2023-01-07 08:00:00,0.05447,IT.CAED/100752001.FACILITY,Ahlstrom-Munksjö Italia S.p.A.
2023-01-07 09:00:00,0.08309,IT.CAED/100752001.FACILITY,Ahlstrom-Munksjö Italia S.p.A.
2023-01-07 10:00:00,0.19854,IT.CAED/100752001.FACILITY,Ahlstrom-Munksjö Italia S.p.A.
2023-01-07 11:00:00,0.138,IT.CAED/100752001.FACILITY,Ahlstrom-Munksjö Italia S.p.A.
2023-01-07 12:00:00,0.07598999999999999,IT.CAED/100752001.FACILITY,Ahlstrom-Munksjö Italia S.p.A.
2023-01-07 13:00:00,0.0664,IT.CAED/100752001.FACILITY,Ahlstrom-Munksjö Italia S.p.A.
2023-01-07 14:00:00,0.03675,IT.CAED/100752001.FACILITY,Ahlstrom-Munksjö Italia S.p.A.
2023-01-07 15:00:00,0.0182,IT.CAED/100752001.FACILITY,Ahlstrom-Munksjö Italia S.p.A.
2023-01-07 16:00:00,0.0,IT.CAED/100752001.FACILITY,Ahlstrom-Munksjö Italia S.p.A.
2023-01-07 17:00:00,0.0,IT.CAED/100752001.FACILITY,Ahlstrom-Munksjö Italia S.p.A.
2023-01-07 18:00:00,0.0,IT.CAED/100752001.FACILITY,Ahlstrom-Munksjö Italia S.p.A.
2023-01-07 19:00:00,0.0,IT.CAED/100752001.FACILITY,Ahlstrom-Munksjö Italia S.p.A.
2023-01-07 20:00:00,0.0,IT.CAED/100752001.FACILITY,Ahlstrom-Munksjö Italia S.p.A.
2023-01-07 21:00:00,0.0,IT.CAED/100752001.FACILITY,Ahlstrom-Munksjö Italia S.p.A.
2023-01-07 22:00:00,0.0,IT.CAED/100752001.FACILITY,Ahlstrom-Munksjö Italia S.p.A.
2023-01-07 23:00:00,0.0,IT.CAED/100752001.FACILITY,Ahlstrom-Munksjö Italia S.p.A.
2023-01-08 00:00:00,0.0,IT.CAED/100752001.FACILITY,Ahlstrom-Munksjö Italia S.p.A.
2023-01-08 01:00:00,0.0,IT.CAED/100752001.FACILITY,Ahlstrom-Munksjö Italia S.p.A.
2023-01-08 02:00:00,0.0,IT.CAED/100752001.FACILITY,Ahlstrom-Munksjö Italia S.p.A.
2023-01-08 03:00:00,0.0,IT.CAED/100752001.FACILITY,Ahlstrom-Munksjö Italia S.p.A.
2023-01-08 04:00:00,0.0,IT.CAED/100752001.FACILITY,Ahlstrom-Munksjö Italia S.p.A.
2023-01-08 05:00:00,0.0,IT.CAED/100752001.FACILITY,Ahlstrom-Munksjö Italia S.p.A.
2023-01-08 06:00:00,0.0,IT.CAED/100752001.FACILITY,Ahlstrom-Munksjö Italia S.p.A.
2023-01-08 07:00:00,0.0,IT.CAED/100752001.FACILITY,Ahlstrom-Munksjö Italia S.p.A.
2023-01-08 08:00:00,0.0,IT.CAED/100752001.FACILITY,Ahlstrom-Munksjö Italia S.p.A.
2023-01-08 09:00:00,0.009859999999999999,IT.CAED/100752001.FACILITY,Ahlstrom-Munksjö Italia S.p.A.
2023-01-08 10:00:00,0.03008,IT.CAED/100752001.FACILITY,Ahlstrom-Munksjö Italia S.p.A.
2023-01-08 11:00:00,0.03128,IT.CAED/100752001.FACILITY,Ahlstrom-Munksjö Italia S.p.A.
2023-01-08 12:00:00,0.038,IT.CAED/100752001.FACILITY,Ahlstrom-Munksjö Italia S.p.A.
2023-01-08 13:00:00,0.06175,IT.CAED/100752001.FACILITY,Ahlstrom-Munksjö Italia S.p.A.
2023-01-08 14:00:00,0.046810000000000004,IT.CAED/100752001.FACILITY,Ahlstrom-Munksjö Italia S.p.A.
2023-01-08 15:00:00,0.05576,IT.CAED/100752001.FACILITY,Ahlstrom-Munksjö Italia S.p.A.
2023-01-08 16:00:00,0.00031,IT.CAED/100752001.FACILITY,Ahlstrom-Munksjö Italia S.p.A.
2023-01-08 17:00:00,0.0,IT.CAED/100752001.FACILITY,Ahlstrom-Munksjö Italia S.p.A.
2023-01-08 18:00:00,0.0,IT.CAED/100752001.FACILITY,Ahlstrom-Munksjö Italia S.p.A.
2023-01-08 19:00:00,0.0,IT.CAED/100752001.FACILITY,Ahlstrom-Munksjö Italia S.p.A.
2023-01-08 20:00:00,0.0,IT.CAED/100752001.FACILITY,Ahlstrom-Munksjö Italia S.p.A.
2023-01-08 21:00:00,0.0,IT.CAED/100752001.FACILITY,Ahlstrom-Munksjö Italia S.p.A.
2023-01-08 22:00:00,0.0,IT.CAED/100752001.FACILITY,Ahlstrom-Munksjö Italia S.p.A.
2023-01-08 23:00:00,0.0,IT.CAED/100752001.FACILITY,Ahlstrom-Munksjö Italia S.p.A.
2023-01-09 00:00:00,0.0,IT.CAED/100752001.FACILITY,Ahlstrom-Munksjö Italia S.p.A.
2023-01-09 01:00:00,0.0,IT.CAED/100752001.FACILITY,Ahlstrom-Munksjö Italia S.p.A.
2023-01-09 02:00:00,0.0,IT.CAED/100752001.FACILITY,Ahlstrom-Munksjö Italia S.p.A.
2023-01-09 03:00:00,0.0,IT.CAED/100752001.FACILITY,Ahlstrom-Munksjö Italia S.p.A.
2023-01-09 04:00:00,0.0,IT.CAED/100752001.FACILITY,Ahlstrom-Munksjö Italia S.p.A.
2023-01-09 05:00:00,0.0,IT.CAED/100752001.FACILITY,Ahlstrom-Munksjö Italia S.p.A.
2023-01-09 06:00:00,0.0,IT.CAED/100752001.FACILITY,Ahlstrom-Munksjö Italia S.p.A.
2023-01-09 07:00:00,0.0,IT.CAED/100752001.FACILITY,Ahlstrom-Munksjö Italia S.p.A.
2023-01-09 08:00:00,0.11441,IT.CAED/100752001.FACILITY,Ahlstrom-Munksjö Italia S.p.A.
2023-01-09 09:00:00,0.35186,IT.CAED/100752001.FACILITY,Ahlstrom-Munksjö Italia S.p.A.
2023-01-09 10:00:00,0.6137699999999999,IT.CAED/100752001.FACILITY,Ahlstrom-Munksjö Italia S.p.A.
2023-01-09 11:00:00,0.7711,IT.CAED/100752001.FACILITY,Ahlstrom-Munksjö Italia S.p.A.
2023-01-09 12:00:00,0.8153400000000001,IT.CAED/100752001.FACILITY,Ahlstrom-Munksjö Italia S.p.A.
2023-01-09 13:00:00,0.78071,IT.CAED/100752001.FACILITY,Ahlstrom-Munksjö Italia S.p.A.
2023-01-09 14:00:00,0.69392,IT.CAED/100752001.FACILITY,Ahlstrom-Munksjö Italia S.p.A.
2023-01-09 15:00:00,0.48886,IT.CAED/100752001.FACILITY,Ahlstrom-Munksjö Italia S.p.A.
2023-01-09 16:00:00,0.00647,IT.CAED/100752001.FACILITY,Ahlstrom-Munksjö Italia S.p.A.
2023-01-09 17:00:00,0.0,IT.CAED/100752001.FACILITY,Ahlstrom-Munksjö Italia S.p.A.
2023-01-09 18:00:00,0.0,IT.CAED/100752001.FACILITY,Ahlstrom-Munksjö Italia S.p.A.
2023-01-09 19:00:00,0.0,IT.CAED/100752001.FACILITY,Ahlstrom-Munksjö Italia S.p.A.
2023-01-09 20:00:00,0.0,IT.CAED/100752001.FACILITY,Ahlstrom-Munksjö Italia S.p.A.
2023-01-09 21:00:00,0.0,IT.CAED/100752001.FACILITY,Ahlstrom-Munksjö Italia S.p.A.
2023-01-09 22:00:00,0.0,IT.CAED/100752001.FACILITY,Ahlstrom-Munksjö Italia S.p.A.
2023-01-09 23:00:00,0.0,IT.CAED/100752001.FACILITY,Ahlstrom-Munksjö Italia S.p.A.
2023-01-10 00:00:00,0.0,IT.CAED/100752001.FACILITY,Ahlstrom-Munksjö Italia S.p.A.
2023-01-10 01:00:00,0.0,IT.CAED/100752001.FACILITY,Ahlstrom-Munksjö Italia S.p.A.
2023-01-10 02:00:00,0.0,IT.CAED/100752001.FACILITY,Ahlstrom-Munksjö Italia S.p.A.
2023-01-10 03:00:00,0.0,IT.CAED/100752001.FACILITY,Ahlstrom-Munksjö Italia S.p.A.
2023-01-10 04:00:00,0.0,IT.CAED/100752001.FACILITY,Ahlstrom-Munksjö Italia S.p.A.
2023-01-10 05:00:00,0.0,IT.CAED/100752001.FACILITY,Ahlstrom-Munksjö Italia S.p.A.
2023-01-10 06:00:00,0.0,IT.CAED/100752001.FACILITY,Ahlstrom-Munksjö Italia S.p.A.
2023-01-10 07:00:00,0.0,IT.CAED/100752001.FACILITY,Ahlstrom-Munksjö Italia S.p.A.
2023-01-10 08:00:00,0.17962999999999998,IT.CAED/100752001.FACILITY,Ahlstrom-Munksjö Italia S.p.A.
2023-01-10 09:00:00,0.48058,IT.CAED/100752001.FACILITY,Ahlstrom-Munksjö Italia S.p.A.
2023-01-10 10:00:00,0.70024,IT.CAED/100752001.FACILITY,Ahlstrom-Munksjö Italia S.p.A.
2023-01-10 11:00:00,0.80621,IT.CAED/100752001.FACILITY,Ahlstrom-Munksjö Italia S.p.A.
2023-01-10 12:00:00,0.84653,IT.CAED/100752001.FACILITY,Ahlstrom-Munksjö Italia S.p.A.
2023-01-10 13:00:00,0.80536,IT.CAED/100752001.FACILITY,Ahlstrom-Munksjö Italia S.p.A.
2023-01-10 14:00:00,0.68361,IT.CAED/100752001.FACILITY,Ahlstrom-Munksjö Italia S.p.A.
2023-01-10 15:00:00,0.49304000000000003,IT.CAED/100752001.FACILITY,Ahlstrom-Munksjö Italia S.p.A.
2023-01-10 16:00:00,0.00714,IT.CAED/100752001.FACILITY,Ahlstrom-Munksjö Italia S.p.A.
2023-01-10 17:00:00,0.0,IT.CAED/100752001.FACILITY,Ahlstrom-Munksjö Italia S.p.A.
2023-01-10 18:00:00,0.0,IT.CAED/100752001.FACILITY,Ahlstrom-Munksjö Italia S.p.A.
2023-01-10 19:00:00,0.0,IT.CAED/100752001.FACILITY,Ahlstrom-Munksjö Italia S.p.A.
2023-01-10 20:00:00,0.0,IT.CAED/100752001.FACILITY,Ahlstrom-Munksjö Italia S.p.A.
2023-01-10 21:00:00,0.0,IT.CAED/100752001.FACILITY,Ahlstrom-Munksjö Italia S.p.A.
2023-01-10 22:00:00,0.0,IT.CAED/100752001.FACILITY,Ahlstrom-Munksjö Italia S.p.A.
2023-01-10 23:00:00,0.0,IT.CAED/100752001.FACILITY,Ahlstrom-Munksjö Italia S.p.A.
2023-01-11 00:00:00,0.0,IT.CAED/100752001.FACILITY,Ahlstrom-Munksjö Italia S.p.A.
2023-01-11 01:00:00,0.0,IT.CAED/100752001.FACILITY,Ahlstrom-Munksjö Italia S.p.A.
2023-01-11 02:00:00,0.0,IT.CAED/100752001.FACILITY,Ahlstrom-Munksjö Italia S.p.A.
2023-01-11 03:00:00,0.0,IT.CAED/100752001.FACILITY,Ahlstrom-Munksjö Italia S.p.A.
2023-01-11 04:00:00,0.0,IT.CAED/100752001.FACILITY,Ahlstrom-Munksjö Italia S.p.A.
2023-01-11 05:00:00,0.0,IT.CAED/100752001.FACILITY,Ahlstrom-Munksjö Italia S.p.A.
2023-01-11 06:00:00,0.0,IT.CAED/100752001.FACILITY,Ahlstrom-Munksjö Italia S.p.A.
2023-01-11 07:00:00,0.0,IT.CAED/100752001.FACILITY,Ahlstrom-Munksjö Italia S.p.A.
2023-01-11 08:00:00,0.10351,IT.CAED/100752001.FACILITY,Ahlstrom-Munksjö Italia S.p.A.
2023-01-11 09:00:00,0.30676,IT.CAED/100752001.FACILITY,Ahlstrom-Munksjö Italia S.p.A.
2023-01-11 10:00:00,0.46085000000000004,IT.CAED/100752001.FACILITY,Ahlstrom-Munksjö Italia S.p.A.
2023-01-11 11:00:00,0.60384,IT.CAED/100752001.FACILITY,Ahlstrom-Munksjö Italia S.p.A.
2023-01-11 12:00:00,0.66486,IT.CAED/100752001.FACILITY,Ahlstrom-Munksjö Italia S.p.A.
2023-01-11 13:00:00,0.60872,IT.CAED/100752001.FACILITY,Ahlstrom-Munksjö Italia S.p.A.
2023-01-11 14:00:00,0.48170999999999997,IT.CAED/100752001.FACILITY,Ahlstrom-Munksjö Italia S.p.A.
2023-01-11 15:00:00,0.25098,IT.CAED/100752001.FACILITY,Ahlstrom-Munksjö Italia S.p.A.
2023-01-11 16:00:00,0.013699999999999999,IT.CAED/100752001.FACILITY,Ahlstrom-Munksjö Italia S.p.A.
2023-01-11 17:00:00,0.0,IT.CAED/100752001.FACILITY,Ahlstrom-Munksjö Italia S.p.A.
2023-01-11 18:00:00,0.0,IT.CAED/100752001.FACILITY,Ahlstrom-Munksjö Italia S.p.A.
2023-01-11 19:00:00,0.0,IT.CAED/100752001.FACILITY,Ahlstrom-Munksjö Italia S.p.A.
2023-01-11 20:00:00,0.0,IT.CAED/100752001.FACILITY,Ahlstrom-Munksjö Italia S.p.A.
2023-01-11 21:00:00,0.0,IT.CAED/100752001.FACILITY,Ahlstrom-Munksjö Italia S.p.A.
2023-01-11 22:00:00,0.0,IT.CAED/100752001.FACILITY,Ahlstrom-Munksjö Italia S.p.A.
2023-01-11 23:00:00,0.0,IT.CAED/100752001.FACILITY,Ahlstrom-Munksjö Italia S.p.A.
2023-01-12 00:00:00,0.0,IT.CAED/100752001.FACILITY,Ahlstrom-Munksjö Italia S.p.A.
2023-01-12 01:00:00,0.0,IT.CAED/100752001.FACILITY,Ahlstrom-Munksjö Italia S.p.A.
2023-01-12 02:00:00,0.0,IT.CAED/100752001.FACILITY,Ahlstrom-Munksjö Italia S.p.A.
2023-01-12 03:00:00,0.0,IT.CAED/100752001.FACILITY,Ahlstrom-Munksjö Italia S.p.A.
2023-01-12 04:00:00,0.0,IT.CAED/100752001.FACILITY,Ahlstrom-Munksjö Italia S.p.A.
2023-01-12 05:00:00,0.0,IT.CAED/100752001.FACILITY,Ahlstrom-Munksjö Italia S.p.A.
2023-01-12 06:00:00,0.0,IT.CAED/100752001.FACILITY,Ahlstrom-Munksjö Italia S.p.A.
2023-01-12 07:00:00,0.0,IT.CAED/100752001.FACILITY,Ahlstrom-Munksjö Italia S.p.A.
2023-01-12 08:00:00,0.11206,IT.CAED/100752001.FACILITY,Ahlstrom-Munksjö Italia S.p.A.
2023-01-12 09:00:00,0.38688,IT.CAED/100752001.FACILITY,Ahlstrom-Munksjö Italia S.p.A.
2023-01-12 10:00:00,0.55859,IT.CAED/100752001.FACILITY,Ahlstrom-Munksjö Italia S.p.A.
2023-01-12 11:00:00,0.57577,IT.CAED/100752001.FACILITY,Ahlstrom-Munksjö Italia S.p.A.
2023-01-12 12:00:00,0.73824,IT.CAED/100752001.FACILITY,Ahlstrom-Munksjö Italia S.p.A.
2023-01-12 13:00:00,0.6218400000000001,IT.CAED/100752001.FACILITY,Ahlstrom-Munksjö Italia S.p.A.
2023-01-12 14:00:00,0.373,IT.CAED/100752001.FACILITY,Ahlstrom-Munksjö Italia S.p.A.
2023-01-12 15:00:00,0.18808000000000002,IT.CAED/100752001.FACILITY,Ahlstrom-Munksjö Italia S.p.A.
2023-01-12 16:00:00,0.01401,IT.CAED/100752001.FACILITY,Ahlstrom-Munksjö Italia S.p.A.
2023-01-12 17:00:00,0.0,IT.CAED/100752001.FACILITY,Ahlstrom-Munksjö Italia S.p.A.
2023-01-12 18:00:00,0.0,IT.CAED/100752001.FACILITY,Ahlstrom-Munksjö Italia S.p.A.
2023-01-12 19:00:00,0.0,IT.CAED/100752001.FACILITY,Ahlstrom-Munksjö Italia S.p.A.
2023-01-12 20:00:00,0.0,IT.CAED/100752001.FACILITY,Ahlstrom-Munksjö Italia S.p.A.
2023-01-12 21:00:00,0.0,IT.CAED/100752001.FACILITY,Ahlstrom-Munksjö Italia S.p.A.
2023-01-12 22:00:00,0.0,IT.CAED/100752001.FACILITY,Ahlstrom-Munksjö Italia S.p.A.
2023-01-12 23:00:00,0.0,IT.CAED/100752001.FACILITY,Ahlstrom-Munksjö Italia S.p.A.
2023-01-13 00:00:00,0.0,IT.CAED/100752001.FACILITY,Ahlstrom-Munksjö Italia S.p.A.
2023-01-13 01:00:00,0.0,IT.CAED/100752001.FACILITY,Ahlstrom-Munksjö Italia S.p.A.
2023-01-13 02:00:00,0.0,IT.CAED/100752001.FACILITY,Ahlstrom-Munksjö Italia S.p.A.
2023-01-13 03:00:00,0.0,IT.CAED/100752001.FACILITY,Ahlstrom-Munksjö Italia S.p.A.
2023-01-13 04:00:00,0.0,IT.CAED/100752001.FACILITY,Ahlstrom-Munksjö Italia S.p.A.
2023-01-13 05:00:00,0.0,IT.CAED/100752001.FACILITY,Ahlstrom-Munksjö Italia S.p.A.
2023-01-13 06:00:00,0.0,IT.CAED/100752001.FACILITY,Ahlstrom-Munksjö Italia S.p.A.
2023-01-13 07:00:00,0.0,IT.CAED/100752001.FACILITY,Ahlstrom-Munksjö Italia S.p.A.
2023-01-13 08:00:00,0.11223999999999999,IT.CAED/100752001.FACILITY,Ahlstrom-Munksjö Italia S.p.A.
2023-01-13 09:00:00,0.26404,IT.CAED/100752001.FACILITY,Ahlstrom-Munksjö Italia S.p.A.
2023-01-13 10:00:00,0.40572,IT.CAED/100752001.FACILITY,Ahlstrom-Munksjö Italia S.p.A.
2023-01-13 11:00:00,0.66977,IT.CAED/100752001.FACILITY,Ahlstrom-Munksjö Italia S.p.A.
2023-01-13 12:00:00,0.74174,IT.CAED/100752001.FACILITY,Ahlstrom-Munksjö Italia S.p.A.
2023-01-13 13:00:00,0.77627,IT.CAED/100752001.FACILITY,Ahlstrom-Munksjö Italia S.p.A.
2023-01-13 14:00:00,0.68189,IT.CAED/100752001.FACILITY,Ahlstrom-Munksjö Italia S.p.A.
2023-01-13 15:00:00,0.46007,IT.CAED/100752001.FACILITY,Ahlstrom-Munksjö Italia S.p.A.
2023-01-13 16:00:00,0.008960000000000001,IT.CAED/100752001.FACILITY,Ahlstrom-Munksjö Italia S.p.A.
2023-01-13 17:00:00,0.0,IT.CAED/100752001.FACILITY,Ahlstrom-Munksjö Italia S.p.A.
2023-01-13 18:00:00,0.0,IT.CAED/100752001.FACILITY,Ahlstrom-Munksjö Italia S.p.A.
2023-01-13 19:00:00,0.0,IT.CAED/100752001.FACILITY,Ahlstrom-Munksjö Italia S.p.A.
2023-01-13 20:00:00,0.0,IT.CAED/100752001.FACILITY,Ahlstrom-Munksjö Italia S.p.A.
2023-01-13 21:00:00,0.0,IT.CAED/100752001.FACILITY,Ahlstrom-Munksjö Italia S.p.A.
2023-01-13 22:00:00,0.0,IT.CAED/100752001.FACILITY,Ahlstrom-Munksjö Italia S.p.A.
2023-01-13 23:00:00,0.0,IT.CAED/100752001.FACILITY,Ahlstrom-Munksjö Italia S.p.A.
2023-01-14 00:00:00,0.0,IT.CAED/100752001.FACILITY,Ahlstrom-Munksjö Italia S.p.A.
2023-01-14 01:00:00,0.0,IT.CAED/100752001.FACILITY,Ahlstrom-Munksjö Italia S.p.A.
2023-01-14 02:00:00,0.0,IT.CAED/100752001.FACILITY,Ahlstrom-Munksjö Italia S.p.A.
2023-01-14 03:00:00,0.0,IT.CAED/100752001.FACILITY,Ahlstrom-Munksjö Italia S.p.A.
2023-01-14 04:00:00,0.0,IT.CAED/100752001.FACILITY,Ahlstrom-Munksjö Italia S.p.A.
2023-01-14 05:00:00,0.0,IT.CAED/100752001.FACILITY,Ahlstrom-Munksjö Italia S.p.A.
2023-01-14 06:00:00,0.0,IT.CAED/100752001.FACILITY,Ahlstrom-Munksjö Italia S.p.A.
2023-01-14 07:00:00,0.0,IT.CAED/100752001.FACILITY,Ahlstrom-Munksjö Italia S.p.A.
2023-01-14 08:00:00,0.15097,IT.CAED/100752001.FACILITY,Ahlstrom-Munksjö Italia S.p.A.
2023-01-14 09:00:00,0.34125,IT.CAED/100752001.FACILITY,Ahlstrom-Munksjö Italia S.p.A.
2023-01-14 10:00:00,0.33513,IT.CAED/100752001.FACILITY,Ahlstrom-Munksjö Italia S.p.A.
2023-01-14 11:00:00,0.37137,IT.CAED/100752001.FACILITY,Ahlstrom-Munksjö Italia S.p.A.
2023-01-14 12:00:00,0.36157999999999996,IT.CAED/100752001.FACILITY,Ahlstrom-Munksjö Italia S.p.A.
2023-01-14 13:00:00,0.3659,IT.CAED/100752001.FACILITY,Ahlstrom-Munksjö Italia S.p.A.
2023-01-14 14:00:00,0.49565,IT.CAED/100752001.FACILITY,Ahlstrom-Munksjö Italia S.p.A.
2023-01-14 15:00:00,0.45724000000000004,IT.CAED/100752001.FACILITY,Ahlstrom-Munksjö Italia S.p.A.
2023-01-14 16:00:00,0.01194,IT.CAED/100752001.FACILITY,Ahlstrom-Munksjö Italia S.p.A.
2023-01-14 17:00:00,0.0,IT.CAED/100752001.FACILITY,Ahlstrom-Munksjö Italia S.p.A.
2023-01-14 18:00:00,0.0,IT.CAED/100752001.FACILITY,Ahlstrom-Munksjö Italia S.p.A.
2023-01-14 19:00:00,0.0,IT.CAED/100752001.FACILITY,Ahlstrom-Munksjö Italia S.p.A.
2023-01-14 20:00:00,0.0,IT.CAED/100752001.FACILITY,Ahlstrom-Munksjö Italia S.p.A.
2023-01-14 21:00:00,0.0,IT.CAED/100752001.FACILITY,Ahlstrom-Munksjö Italia S.p.A.
2023-01-14 22:00:00,0.0,IT.CAED/100752001.FACILITY,Ahlstrom-Munksjö Italia S.p.A.
2023-01-14 23:00:00,0.0,IT.CAED/100752001.FACILITY,Ahlstrom-Munksjö Italia S.p.A.
2023-01-15 00:00:00,0.0,IT.CAED/100752001.FACILITY,Ahlstrom-Munksjö Italia S.p.A.
2023-01-15 01:00:00,0.0,IT.CAED/100752001.FACILITY,Ahlstrom-Munksjö Italia S.p.A.
2023-01-15 02:00:00,0.0,IT.CAED/100752001.FACILITY,Ahlstrom-Munksjö Italia S.p.A.
2023-01-15 03:00:00,0.0,IT.CAED/100752001.FACILITY,Ahlstrom-Munksjö Italia S.p.A.
2023-01-15 04:00:00,0.0,IT.CAED/100752001.FACILITY,Ahlstrom-Munksjö Italia S.p.A.
2023-01-15 05:00:00,0.0,IT.CAED/100752001.FACILITY,Ahlstrom-Munksjö Italia S.p.A.
2023-01-15 06:00:00,0.0,IT.CAED/100752001.FACILITY,Ahlstrom-Munksjö Italia S.p.A.
2023-01-15 07:00:00,0.0,IT.CAED/100752001.FACILITY,Ahlstrom-Munksjö Italia S.p.A.
2023-01-15 08:00:00,0.03971,IT.CAED/100752001.FACILITY,Ahlstrom-Munksjö Italia S.p.A.
2023-01-15 09:00:00,0.26700999999999997,IT.CAED/100752001.FACILITY,Ahlstrom-Munksjö Italia S.p.A.
2023-01-15 10:00:00,0.50202,IT.CAED/100752001.FACILITY,Ahlstrom-Munksjö Italia S.p.A.
2023-01-15 11:00:00,0.67135,IT.CAED/100752001.FACILITY,Ahlstrom-Munksjö Italia S.p.A.
2023-01-15 12:00:00,0.66413,IT.CAED/100752001.FACILITY,Ahlstrom-Munksjö Italia S.p.A.
2023-01-15 13:00:00,0.60923,IT.CAED/100752001.FACILITY,Ahlstrom-Munksjö Italia S.p.A.
2023-01-15 14:00:00,0.35552999999999996,IT.CAED/100752001.FACILITY,Ahlstrom-Munksjö Italia S.p.A.
2023-01-15 15:00:00,0.15761,IT.CAED/100752001.FACILITY,Ahlstrom-Munksjö Italia S.p.A.
2023-01-15 16:00:00,0.01046,IT.CAED/100752001.FACILITY,Ahlstrom-Munksjö Italia S.p.A.
2023-01-15 17:00:00,0.0,IT.CAED/100752001.FACILITY,Ahlstrom-Munksjö Italia S.p.A.
2023-01-15 18:00:00,0.0,IT.CAED/100752001.FACILITY,Ahlstrom-Munksjö Italia S.p.A.
2023-01-15 19:00:00,0.0,IT.CAED/100752001.FACILITY,Ahlstrom-Munksjö Italia S.p.A.
2023-01-15 20:00:00,0.0,IT.CAED/100752001.FACILITY,Ahlstrom-Munksjö Italia S.p.A.
2023-01-15 21:00:00,0.0,IT.CAED/100752001.FACILITY,Ahlstrom-Munksjö Italia S.p.A.
2023-01-15 22:00:00,0.0,IT.CAED/100752001.FACILITY,Ahlstrom-Munksjö Italia S.p.A.
2023-01-15 23:00:00,0.0,IT.CAED/100752001.FACILITY,Ahlstrom-Munksjö Italia S.p.A.
2023-01-16 00:00:00,0.0,IT.CAED/100752001.FACILITY,Ahlstrom-Munksjö Italia S.p.A.
2023-01-16 01:00:00,0.0,IT.CAED/100752001.FACILITY,Ahlstrom-Munksjö Italia S.p.A.
2023-01-16 02:00:00,0.0,IT.CAED/100752001.FACILITY,Ahlstrom-Munksjö Italia S.p.A.
2023-01-16 03:00:00,0.0,IT.CAED/100752001.FACILITY,Ahlstrom-Munksjö Italia S.p.A.
2023-01-16 04:00:00,0.0,IT.CAED/100752001.FACILITY,Ahlstrom-Munksjö Italia S.p.A.
2023-01-16 05:00:00,0.0,IT.CAED/100752001.FACILITY,Ahlstrom-Munksjö Italia S.p.A.
2023-01-16 06:00:00,0.0,IT.CAED/100752001.FACILITY,Ahlstrom-Munksjö Italia S.p.A.
2023-01-16 07:00:00,0.0,IT.CAED/100752001.FACILITY,Ahlstrom-Munksjö Italia S.p.A.
2023-01-16 08:00:00,0.028730000000000002,IT.CAED/100752001.FACILITY,Ahlstrom-Munksjö Italia S.p.A.
2023-01-16 09:00:00,0.07018,IT.CAED/100752001.FACILITY,Ahlstrom-Munksjö Italia S.p.A.
2023-01-16 10:00:00,0.08829000000000001,IT.CAED/100752001.FACILITY,Ahlstrom-Munksjö Italia S.p.A.
2023-01-16 11:00:00,0.39158,IT.CAED/100752001.FACILITY,Ahlstrom-Munksjö Italia S.p.A.
2023-01-16 12:00:00,0.6080399999999999,IT.CAED/100752001.FACILITY,Ahlstrom-Munksjö Italia S.p.A.
2023-01-16 13:00:00,0.46345,IT.CAED/100752001.FACILITY,Ahlstrom-Munksjö Italia S.p.A.
2023-01-16 14:00:00,0.25225,IT.CAED/100752001.FACILITY,Ahlstrom-Munksjö Italia S.p.A.
2023-01-16 15:00:00,0.21559,IT.CAED/100752001.FACILITY,Ahlstrom-Munksjö Italia S.p.A.
2023-01-16 16:00:00,0.01277,IT.CAED/100752001.FACILITY,Ahlstrom-Munksjö Italia S.p.A.
2023-01-16 17:00:00,0.0,IT.CAED/100752001.FACILITY,Ahlstrom-Munksjö Italia S.p.A.
2023-01-16 18:00:00,0.0,IT.CAED/100752001.FACILITY,Ahlstrom-Munksjö Italia S.p.A.
2023-01-16 19:00:00,0.0,IT.CAED/100752001.FACILITY,Ahlstrom-Munksjö Italia S.p.A.
2023-01-16 20:00:00,0.0,IT.CAED/100752001.FACILITY,Ahlstrom-Munksjö Italia S.p.A.
2023-01-16 21:00:00,0.0,IT.CAED/100752001.FACILITY,Ahlstrom-Munksjö Italia S.p.A.
2023-01-16 22:00:00,0.0,IT.CAED/100752001.FACILITY,Ahlstrom-Munksjö Italia S.p.A.
2023-01-16 23:00:00,0.0,IT.CAED/100752001.FACILITY,Ahlstrom-Munksjö Italia S.p.A.
2023-01-17 00:00:00,0.0,IT.CAED/100752001.FACILITY,Ahlstrom-Munksjö Italia S.p.A.
2023-01-17 01:00:00,0.0,IT.CAED/100752001.FACILITY,Ahlstrom-Munksjö Italia S.p.A.
2023-01-17 02:00:00,0.0,IT.CAED/100752001.FACILITY,Ahlstrom-Munksjö Italia S.p.A.
2023-01-17 03:00:00,0.0,IT.CAED/100752001.FACILITY,Ahlstrom-Munksjö Italia S.p.A.
2023-01-17 04:00:00,0.0,IT.CAED/100752001.FACILITY,Ahlstrom-Munksjö Italia S.p.A.
2023-01-17 05:00:00,0.0,IT.CAED/100752001.FACILITY,Ahlstrom-Munksjö Italia S.p.A.
2023-01-17 06:00:00,0.0,IT.CAED/100752001.FACILITY,Ahlstrom-Munksjö Italia S.p.A.
2023-01-17 07:00:00,0.0,IT.CAED/100752001.FACILITY,Ahlstrom-Munksjö Italia S.p.A.
2023-01-17 08:00:00,0.012150000000000001,IT.CAED/100752001.FACILITY,Ahlstrom-Munksjö Italia S.p.A.
2023-01-17 09:00:00,0.02388,IT.CAED/100752001.FACILITY,Ahlstrom-Munksjö Italia S.p.A.
2023-01-17 10:00:00,0.08136,IT.CAED/100752001.FACILITY,Ahlstrom-Munksjö Italia S.p.A.
2023-01-17 11:00:00,0.12097,IT.CAED/100752001.FACILITY,Ahlstrom-Munksjö Italia S.p.A.
2023-01-17 12:00:00,0.13474,IT.CAED/100752001.FACILITY,Ahlstrom-Munksjö Italia S.p.A.
2023-01-17 13:00:00,0.24961000000000003,IT.CAED/100752001.FACILITY,Ahlstrom-Munksjö Italia S.p.A.
2023-01-17 14:00:00,0.1524,IT.CAED/100752001.FACILITY,Ahlstrom-Munksjö Italia S.p.A.
2023-01-17 15:00:00,0.0595,IT.CAED/100752001.FACILITY,Ahlstrom-Munksjö Italia S.p.A.
2023-01-17 16:00:00,0.00945,IT.CAED/100752001.FACILITY,Ahlstrom-Munksjö Italia S.p.A.
2023-01-17 17:00:00,0.0,IT.CAED/100752001.FACILITY,Ahlstrom-Munksjö Italia S.p.A.
2023-01-17 18:00:00,0.0,IT.CAED/100752001.FACILITY,Ahlstrom-Munksjö Italia S.p.A.
2023-01-17 19:00:00,0.0,IT.CAED/100752001.FACILITY,Ahlstrom-Munksjö Italia S.p.A.
2023-01-17 20:00:00,0.0,IT.CAED/100752001.FACILITY,Ahlstrom-Munksjö Italia S.p.A.
2023-01-17 21:00:00,0.0,IT.CAED/100752001.FACILITY,Ahlstrom-Munksjö Italia S.p.A.
2023-01-17 22:00:00,0.0,IT.CAED/100752001.FACILITY,Ahlstrom-Munksjö Italia S.p.A.
2023-01-17 23:00:00,0.0,IT.CAED/100752001.FACILITY,Ahlstrom-Munksjö Italia S.p.A.
2023-01-18 00:00:00,0.0,IT.CAED/100752001.FACILITY,Ahlstrom-Munksjö Italia S.p.A.
2023-01-18 01:00:00,0.0,IT.CAED/100752001.FACILITY,Ahlstrom-Munksjö Italia S.p.A.
2023-01-18 02:00:00,0.0,IT.CAED/100752001.FACILITY,Ahlstrom-Munksjö Italia S.p.A.
2023-01-18 03:00:00,0.0,IT.CAED/100752001.FACILITY,Ahlstrom-Munksjö Italia S.p.A.
2023-01-18 04:00:00,0.0,IT.CAED/100752001.FACILITY,Ahlstrom-Munksjö Italia S.p.A.
2023-01-18 05:00:00,0.0,IT.CAED/100752001.FACILITY,Ahlstrom-Munksjö Italia S.p.A.
2023-01-18 06:00:00,0.0,IT.CAED/100752001.FACILITY,Ahlstrom-Munksjö Italia S.p.A.
2023-01-18 07:00:00,0.0,IT.CAED/100752001.FACILITY,Ahlstrom-Munksjö Italia S.p.A.
2023-01-18 08:00:00,0.16291,IT.CAED/100752001.FACILITY,Ahlstrom-Munksjö Italia S.p.A.
2023-01-18 09:00:00,0.42811,IT.CAED/100752001.FACILITY,Ahlstrom-Munksjö Italia S.p.A.
2023-01-18 10:00:00,0.56609,IT.CAED/100752001.FACILITY,Ahlstrom-Munksjö Italia S.p.A.
2023-01-18 11:00:00,0.59982,IT.CAED/100752001.FACILITY,Ahlstrom-Munksjö Italia S.p.A.
2023-01-18 12:00:00,0.78749,IT.CAED/100752001.FACILITY,Ahlstrom-Munksjö Italia S.p.A.
2023-01-18 13:00:00,0.652,IT.CAED/100752001.FACILITY,Ahlstrom-Munksjö Italia S.p.A.
2023-01-18 14:00:00,0.37051,IT.CAED/100752001.FACILITY,Ahlstrom-Munksjö Italia S.p.A.
2023-01-18 15:00:00,0.19388999999999998,IT.CAED/100752001.FACILITY,Ahlstrom-Munksjö Italia S.p.A.
2023-01-18 16:00:00,0.01265,IT.CAED/100752001.FACILITY,Ahlstrom-Munksjö Italia S.p.A.
2023-01-18 17:00:00,0.0,IT.CAED/100752001.FACILITY,Ahlstrom-Munksjö Italia S.p.A.
2023-01-18 18:00:00,0.0,IT.CAED/100752001.FACILITY,Ahlstrom-Munksjö Italia S.p.A.
2023-01-18 19:00:00,0.0,IT.CAED/100752001.FACILITY,Ahlstrom-Munksjö Italia S.p.A.
2023-01-18 20:00:00,0.0,IT.CAED/100752001.FACILITY,Ahlstrom-Munksjö Italia S.p.A.
2023-01-18 21:00:00,0.0,IT.CAED/100752001.FACILITY,Ahlstrom-Munksjö Italia S.p.A.
2023-01-18 22:00:00,0.0,IT.CAED/100752001.FACILITY,Ahlstrom-Munksjö Italia S.p.A.
2023-01-18 23:00:00,0.0,IT.CAED/100752001.FACILITY,Ahlstrom-Munksjö Italia S.p.A.
2023-01-19 00:00:00,0.0,IT.CAED/100752001.FACILITY,Ahlstrom-Munksjö Italia S.p.A.
2023-01-19 01:00:00,0.0,IT.CAED/100752001.FACILITY,Ahlstrom-Munksjö Italia S.p.A.
2023-01-19 02:00:00,0.0,IT.CAED/100752001.FACILITY,Ahlstrom-Munksjö Italia S.p.A.
2023-01-19 03:00:00,0.0,IT.CAED/100752001.FACILITY,Ahlstrom-Munksjö Italia S.p.A.
2023-01-19 04:00:00,0.0,IT.CAED/100752001.FACILITY,Ahlstrom-Munksjö Italia S.p.A.
2023-01-19 05:00:00,0.0,IT.CAED/100752001.FACILITY,Ahlstrom-Munksjö Italia S.p.A.
2023-01-19 06:00:00,0.0,IT.CAED/100752001.FACILITY,Ahlstrom-Munksjö Italia S.p.A.
2023-01-19 07:00:00,0.0,IT.CAED/100752001.FACILITY,Ahlstrom-Munksjö Italia S.p.A.
2023-01-19 08:00:00,0.09569,IT.CAED/100752001.FACILITY,Ahlstrom-Munksjö Italia S.p.A.
2023-01-19 09:00:00,0.35925999999999997,IT.CAED/100752001.FACILITY,Ahlstrom-Munksjö Italia S.p.A.
2023-01-19 10:00:00,0.5704600000000001,IT.CAED/100752001.FACILITY,Ahlstrom-Munksjö Italia S.p.A.
2023-01-19 11:00:00,0.6586000000000001,IT.CAED/100752001.FACILITY,Ahlstrom-Munksjö Italia S.p.A.
2023-01-19 12:00:00,0.68561,IT.CAED/100752001.FACILITY,Ahlstrom-Munksjö Italia S.p.A.
2023-01-19 13:00:00,0.69374,IT.CAED/100752001.FACILITY,Ahlstrom-Munksjö Italia S.p.A.
2023-01-19 14:00:00,0.6272300000000001,IT.CAED/100752001.FACILITY,Ahlstrom-Munksjö Italia S.p.A.
2023-01-19 15:00:00,0.47797,IT.CAED/100752001.FACILITY,Ahlstrom-Munksjö Italia S.p.A.
2023-01-19 16:00:00,0.014839999999999999,IT.CAED/100752001.FACILITY,Ahlstrom-Munksjö Italia S.p.A.
2023-01-19 17:00:00,0.0,IT.CAED/100752001.FACILITY,Ahlstrom-Munksjö Italia S.p.A.
2023-01-19 18:00:00,0.0,IT.CAED/100752001.FACILITY,Ahlstrom-Munksjö Italia S.p.A.
2023-01-19 19:00:00,0.0,IT.CAED/100752001.FACILITY,Ahlstrom-Munksjö Italia S.p.A.
2023-01-19 20:00:00,0.0,IT.CAED/100752001.FACILITY,Ahlstrom-Munksjö Italia S.p.A.
2023-01-19 21:00:00,0.0,IT.CAED/100752001.FACILITY,Ahlstrom-Munksjö Italia S.p.A.
2023-01-19 22:00:00,0.0,IT.CAED/100752001.FACILITY,Ahlstrom-Munksjö Italia S.p.A.
2023-01-19 23:00:00,0.0,IT.CAED/100752001.FACILITY,Ahlstrom-Munksjö Italia S.p.A.
2023-01-20 00:00:00,0.0,IT.CAED/100752001.FACILITY,Ahlstrom-Munksjö Italia S.p.A.
2023-01-20 01:00:00,0.0,IT.CAED/100752001.FACILITY,Ahlstrom-Munksjö Italia S.p.A.
2023-01-20 02:00:00,0.0,IT.CAED/100752001.FACILITY,Ahlstrom-Munksjö Italia S.p.A.
2023-01-20 03:00:00,0.0,IT.CAED/100752001.FACILITY,Ahlstrom-Munksjö Italia S.p.A.
2023-01-20 04:00:00,0.0,IT.CAED/100752001.FACILITY,Ahlstrom-Munksjö Italia S.p.A.
2023-01-20 05:00:00,0.0,IT.CAED/100752001.FACILITY,Ahlstrom-Munksjö Italia S.p.A.
2023-01-20 06:00:00,0.0,IT.CAED/100752001.FACILITY,Ahlstrom-Munksjö Italia S.p.A.
2023-01-20 07:00:00,0.0,IT.CAED/100752001.FACILITY,Ahlstrom-Munksjö Italia S.p.A.
2023-01-20 08:00:00,0.17693,IT.CAED/100752001.FACILITY,Ahlstrom-Munksjö Italia S.p.A.
2023-01-20 09:00:00,0.44837,IT.CAED/100752001.FACILITY,Ahlstrom-Munksjö Italia S.p.A.
2023-01-20 10:00:00,0.70502,IT.CAED/100752001.FACILITY,Ahlstrom-Munksjö Italia S.p.A.
2023-01-20 11:00:00,0.82957,IT.CAED/100752001.FACILITY,Ahlstrom-Munksjö Italia S.p.A.
2023-01-20 12:00:00,0.86177,IT.CAED/100752001.FACILITY,Ahlstrom-Munksjö Italia S.p.A.
2023-01-20 13:00:00,0.83133,IT.CAED/100752001.FACILITY,Ahlstrom-Munksjö Italia S.p.A.
2023-01-20 14:00:00,0.72752,IT.CAED/100752001.FACILITY,Ahlstrom-Munksjö Italia S.p.A.
2023-01-20 15:00:00,0.55304,IT.CAED/100752001.FACILITY,Ahlstrom-Munksjö Italia S.p.A.
2023-01-20 16:00:00,0.01365,IT.CAED/100752001.FACILITY,Ahlstrom-Munksjö Italia S.p.A.
2023-01-20 17:00:00,0.0,IT.CAED/100752001.FACILITY,Ahlstrom-Munksjö Italia S.p.A.
2023-01-20 18:00:00,0.0,IT.CAED/100752001.FACILITY,Ahlstrom-Munksjö Italia S.p.A.
2023-01-20 19:00:00,0.0,IT.CAED/100752001.FACILITY,Ahlstrom-Munksjö Italia S.p.A.
2023-01-20 20:00:00,0.0,IT.CAED/100752001.FACILITY,Ahlstrom-Munksjö Italia S.p.A.
2023-01-20 21:00:00,0.0,IT.CAED/100752001.FACILITY,Ahlstrom-Munksjö Italia S.p.A.
2023-01-20 22:00:00,0.0,IT.CAED/100752001.FACILITY,Ahlstrom-Munksjö Italia S.p.A.
2023-01-20 23:00:00,0.0,IT.CAED/100752001.FACILITY,Ahlstrom-Munksjö Italia S.p.A.
2023-01-21 00:00:00,0.0,IT.CAED/100752001.FACILITY,Ahlstrom-Munksjö Italia S.p.A.
2023-01-21 01:00:00,0.0,IT.CAED/100752001.FACILITY,Ahlstrom-Munksjö Italia S.p.A.
2023-01-21 02:00:00,0.0,IT.CAED/100752001.FACILITY,Ahlstrom-Munksjö Italia S.p.A.
2023-01-21 03:00:00,0.0,IT.CAED/100752001.FACILITY,Ahlstrom-Munksjö Italia S.p.A.
2023-01-21 04:00:00,0.0,IT.CAED/100752001.FACILITY,Ahlstrom-Munksjö Italia S.p.A.
2023-01-21 05:00:00,0.0,IT.CAED/100752001.FACILITY,Ahlstrom-Munksjö Italia S.p.A.
2023-01-21 06:00:00,0.0,IT.CAED/100752001.FACILITY,Ahlstrom-Munksjö Italia S.p.A.
2023-01-21 07:00:00,0.0,IT.CAED/100752001.FACILITY,Ahlstrom-Munksjö Italia S.p.A.
2023-01-21 08:00:00,0.13107,IT.CAED/100752001.FACILITY,Ahlstrom-Munksjö Italia S.p.A.
2023-01-21 09:00:00,0.45556,IT.CAED/100752001.FACILITY,Ahlstrom-Munksjö Italia S.p.A.
2023-01-21 10:00:00,0.6553,IT.CAED/100752001.FACILITY,Ahlstrom-Munksjö Italia S.p.A.
2023-01-21 11:00:00,0.8267,IT.CAED/100752001.FACILITY,Ahlstrom-Munksjö Italia S.p.A.
2023-01-21 12:00:00,0.87153,IT.CAED/100752001.FACILITY,Ahlstrom-Munksjö Italia S.p.A.
2023-01-21 13:00:00,0.8370700000000001,IT.CAED/100752001.FACILITY,Ahlstrom-Munksjö Italia S.p.A.
2023-01-21 14:00:00,0.73661,IT.CAED/100752001.FACILITY,Ahlstrom-Munksjö Italia S.p.A.
2023-01-21 15:00:00,0.54418,IT.CAED/100752001.FACILITY,Ahlstrom-Munksjö Italia S.p.A.
2023-01-21 16:00:00,0.26429,IT.CAED/100752001.FACILITY,Ahlstrom-Munksjö Italia S.p.A.
2023-01-21 17:00:00,0.0,IT.CAED/100752001.FACILITY,Ahlstrom-Munksjö Italia S.p.A.
2023-01-21 18:00:00,0.0,IT.CAED/100752001.FACILITY,Ahlstrom-Munksjö Italia S.p.A.
2023-01-21 19:00:00,0.0,IT.CAED/100752001.FACILITY,Ahlstrom-Munksjö Italia S.p.A.
2023-01-21 20:00:00,0.0,IT.CAED/100752001.FACILITY,Ahlstrom-Munksjö Italia S.p.A.
2023-01-21 21:00:00,0.0,IT.CAED/100752001.FACILITY,Ahlstrom-Munksjö Italia S.p.A.
2023-01-21 22:00:00,0.0,IT.CAED/100752001.FACILITY,Ahlstrom-Munksjö Italia S.p.A.
2023-01-21 23:00:00,0.0,IT.CAED/100752001.FACILITY,Ahlstrom-Munksjö Italia S.p.A.
2023-01-22 00:00:00,0.0,IT.CAED/100752001.FACILITY,Ahlstrom-Munksjö Italia S.p.A.
2023-01-22 01:00:00,0.0,IT.CAED/100752001.FACILITY,Ahlstrom-Munksjö Italia S.p.A.
2023-01-22 02:00:00,0.0,IT.CAED/100752001.FACILITY,Ahlstrom-Munksjö Italia S.p.A.
2023-01-22 03:00:00,0.0,IT.CAED/100752001.FACILITY,Ahlstrom-Munksjö Italia S.p.A.
2023-01-22 04:00:00,0.0,IT.CAED/100752001.FACILITY,Ahlstrom-Munksjö Italia S.p.A.
2023-01-22 05:00:00,0.0,IT.CAED/100752001.FACILITY,Ahlstrom-Munksjö Italia S.p.A.
2023-01-22 06:00:00,0.0,IT.CAED/100752001.FACILITY,Ahlstrom-Munksjö Italia S.p.A.
2023-01-22 07:00:00,0.0,IT.CAED/100752001.FACILITY,Ahlstrom-Munksjö Italia S.p.A.
2023-01-22 08:00:00,0.08154,IT.CAED/100752001.FACILITY,Ahlstrom-Munksjö Italia S.p.A.
2023-01-22 09:00:00,0.24791,IT.CAED/100752001.FACILITY,Ahlstrom-Munksjö Italia S.p.A.
2023-01-22 10:00:00,0.38393,IT.CAED/100752001.FACILITY,Ahlstrom-Munksjö Italia S.p.A.
2023-01-22 11:00:00,0.5291399999999999,IT.CAED/100752001.FACILITY,Ahlstrom-Munksjö Italia S.p.A.
2023-01-22 12:00:00,0.65174,IT.CAED/100752001.FACILITY,Ahlstrom-Munksjö Italia S.p.A.
2023-01-22 13:00:00,0.6047,IT.CAED/100752001.FACILITY,Ahlstrom-Munksjö Italia S.p.A.
2023-01-22 14:00:00,0.53922,IT.CAED/100752001.FACILITY,Ahlstrom-Munksjö Italia S.p.A.
2023-01-22 15:00:00,0.36377,IT.CAED/100752001.FACILITY,Ahlstrom-Munksjö Italia S.p.A.
2023-01-22 16:00:00,0.20768,IT.CAED/100752001.FACILITY,Ahlstrom-Munksjö Italia S.p.A.
2023-01-22 17:00:00,0.0,IT.CAED/100752001.FACILITY,Ahlstrom-Munksjö Italia S.p.A.
2023-01-22 18:00:00,0.0,IT.CAED/100752001.FACILITY,Ahlstrom-Munksjö Italia S.p.A.
2023-01-22 19:00:00,0.0,IT.CAED/100752001.FACILITY,Ahlstrom-Munksjö Italia S.p.A.
2023-01-22 20:00:00,0.0,IT.CAED/100752001.FACILITY,Ahlstrom-Munksjö Italia S.p.A.
2023-01-22 21:00:00,0.0,IT.CAED/100752001.FACILITY,Ahlstrom-Munksjö Italia S.p.A.
2023-01-22 22:00:00,0.0,IT.CAED/100752001.FACILITY,Ahlstrom-Munksjö Italia S.p.A.
2023-01-22 23:00:00,0.0,IT.CAED/100752001.FACILITY,Ahlstrom-Munksjö Italia S.p.A.
2023-01-23 00:00:00,0.0,IT.CAED/100752001.FACILITY,Ahlstrom-Munksjö Italia S.p.A.
2023-01-23 01:00:00,0.0,IT.CAED/100752001.FACILITY,Ahlstrom-Munksjö Italia S.p.A.
2023-01-23 02:00:00,0.0,IT.CAED/100752001.FACILITY,Ahlstrom-Munksjö Italia S.p.A.
2023-01-23 03:00:00,0.0,IT.CAED/100752001.FACILITY,Ahlstrom-Munksjö Italia S.p.A.
2023-01-23 04:00:00,0.0,IT.CAED/100752001.FACILITY,Ahlstrom-Munksjö Italia S.p.A.
2023-01-23 05:00:00,0.0,IT.CAED/100752001.FACILITY,Ahlstrom-Munksjö Italia S.p.A.
2023-01-23 06:00:00,0.0,IT.CAED/100752001.FACILITY,Ahlstrom-Munksjö Italia S.p.A.
2023-01-23 07:00:00,0.0,IT.CAED/100752001.FACILITY,Ahlstrom-Munksjö Italia S.p.A.
2023-01-23 08:00:00,0.01447,IT.CAED/100752001.FACILITY,Ahlstrom-Munksjö Italia S.p.A.
2023-01-23 09:00:00,0.06024,IT.CAED/100752001.FACILITY,Ahlstrom-Munksjö Italia S.p.A.
2023-01-23 10:00:00,0.07621,IT.CAED/100752001.FACILITY,Ahlstrom-Munksjö Italia S.p.A.
2023-01-23 11:00:00,0.07889,IT.CAED/100752001.FACILITY,Ahlstrom-Munksjö Italia S.p.A.
2023-01-23 12:00:00,0.08405,IT.CAED/100752001.FACILITY,Ahlstrom-Munksjö Italia S.p.A.
2023-01-23 13:00:00,0.07556,IT.CAED/100752001.FACILITY,Ahlstrom-Munksjö Italia S.p.A.
2023-01-23 14:00:00,0.055409999999999994,IT.CAED/100752001.FACILITY,Ahlstrom-Munksjö Italia S.p.A.
2023-01-23 15:00:00,0.02847,IT.CAED/100752001.FACILITY,Ahlstrom-Munksjö Italia S.p.A.
2023-01-23 16:00:00,0.009980000000000001,IT.CAED/100752001.FACILITY,Ahlstrom-Munksjö Italia S.p.A.
2023-01-23 17:00:00,0.0,IT.CAED/100752001.FACILITY,Ahlstrom-Munksjö Italia S.p.A.
2023-01-23 18:00:00,0.0,IT.CAED/100752001.FACILITY,Ahlstrom-Munksjö Italia S.p.A.
2023-01-23 19:00:00,0.0,IT.CAED/100752001.FACILITY,Ahlstrom-Munksjö Italia S.p.A.
2023-01-23 20:00:00,0.0,IT.CAED/100752001.FACILITY,Ahlstrom-Munksjö Italia S.p.A.
2023-01-23 21:00:00,0.0,IT.CAED/100752001.FACILITY,Ahlstrom-Munksjö Italia S.p.A.
2023-01-23 22:00:00,0.0,IT.CAED/100752001.FACILITY,Ahlstrom-Munksjö Italia S.p.A.
2023-01-23 23:00:00,0.0,IT.CAED/100752001.FACILITY,Ahlstrom-Munksjö Italia S.p.A.
2023-01-24 00:00:00,0.0,IT.CAED/100752001.FACILITY,Ahlstrom-Munksjö Italia S.p.A.
2023-01-24 01:00:00,0.0,IT.CAED/100752001.FACILITY,Ahlstrom-Munksjö Italia S.p.A.
2023-01-24 02:00:00,0.0,IT.CAED/100752001.FACILITY,Ahlstrom-Munksjö Italia S.p.A.
2023-01-24 03:00:00,0.0,IT.CAED/100752001.FACILITY,Ahlstrom-Munksjö Italia S.p.A.
2023-01-24 04:00:00,0.0,IT.CAED/100752001.FACILITY,Ahlstrom-Munksjö Italia S.p.A.
2023-01-24 05:00:00,0.0,IT.CAED/100752001.FACILITY,Ahlstrom-Munksjö Italia S.p.A.
2023-01-24 06:00:00,0.0,IT.CAED/100752001.FACILITY,Ahlstrom-Munksjö Italia S.p.A.
2023-01-24 07:00:00,0.0,IT.CAED/100752001.FACILITY,Ahlstrom-Munksjö Italia S.p.A.
2023-01-24 08:00:00,0.03835,IT.CAED/100752001.FACILITY,Ahlstrom-Munksjö Italia S.p.A.
2023-01-24 09:00:00,0.07765999999999999,IT.CAED/100752001.FACILITY,Ahlstrom-Munksjö Italia S.p.A.
2023-01-24 10:00:00,0.16037,IT.CAED/100752001.FACILITY,Ahlstrom-Munksjö Italia S.p.A.
2023-01-24 11:00:00,0.48937,IT.CAED/100752001.FACILITY,Ahlstrom-Munksjö Italia S.p.A.
2023-01-24 12:00:00,0.57974,IT.CAED/100752001.FACILITY,Ahlstrom-Munksjö Italia S.p.A.
2023-01-24 13:00:00,0.67499,IT.CAED/100752001.FACILITY,Ahlstrom-Munksjö Italia S.p.A.
2023-01-24 14:00:00,0.60365,IT.CAED/100752001.FACILITY,Ahlstrom-Munksjö Italia S.p.A.
2023-01-24 15:00:00,0.48923,IT.CAED/100752001.FACILITY,Ahlstrom-Munksjö Italia S.p.A.
2023-01-24 16:00:00,0.25456,IT.CAED/100752001.FACILITY,Ahlstrom-Munksjö Italia S.p.A.
2023-01-24 17:00:00,0.0,IT.CAED/100752001.FACILITY,Ahlstrom-Munksjö Italia S.p.A.
2023-01-24 18:00:00,0.0,IT.CAED/100752001.FACILITY,Ahlstrom-Munksjö Italia S.p.A.
2023-01-24 19:00:00,0.0,IT.CAED/100752001.FACILITY,Ahlstrom-Munksjö Italia S.p.A.
2023-01-24 20:00:00,0.0,IT.CAED/100752001.FACILITY,Ahlstrom-Munksjö Italia S.p.A.
2023-01-24 21:00:00,0.0,IT.CAED/100752001.FACILITY,Ahlstrom-Munksjö Italia S.p.A.
2023-01-24 22:00:00,0.0,IT.CAED/100752001.FACILITY,Ahlstrom-Munksjö Italia S.p.A.
2023-01-24 23:00:00,0.0,IT.CAED/100752001.FACILITY,Ahlstrom-Munksjö Italia S.p.A.
2023-01-25 00:00:00,0.0,IT.CAED/100752001.FACILITY,Ahlstrom-Munksjö Italia S.p.A.
2023-01-25 01:00:00,0.0,IT.CAED/100752001.FACILITY,Ahlstrom-Munksjö Italia S.p.A.
2023-01-25 02:00:00,0.0,IT.CAED/100752001.FACILITY,Ahlstrom-Munksjö Italia S.p.A.
2023-01-25 03:00:00,0.0,IT.CAED/100752001.FACILITY,Ahlstrom-Munksjö Italia S.p.A.
2023-01-25 04:00:00,0.0,IT.CAED/100752001.FACILITY,Ahlstrom-Munksjö Italia S.p.A.
2023-01-25 05:00:00,0.0,IT.CAED/100752001.FACILITY,Ahlstrom-Munksjö Italia S.p.A.
2023-01-25 06:00:00,0.0,IT.CAED/100752001.FACILITY,Ahlstrom-Munksjö Italia S.p.A.
2023-01-25 07:00:00,0.0,IT.CAED/100752001.FACILITY,Ahlstrom-Munksjö Italia S.p.A.
2023-01-25 08:00:00,0.01613,IT.CAED/100752001.FACILITY,Ahlstrom-Munksjö Italia S.p.A.
2023-01-25 09:00:00,0.26581,IT.CAED/100752001.FACILITY,Ahlstrom-Munksjö Italia S.p.A.
2023-01-25 10:00:00,0.49751,IT.CAED/100752001.FACILITY,Ahlstrom-Munksjö Italia S.p.A.
2023-01-25 11:00:00,0.6349199999999999,IT.CAED/100752001.FACILITY,Ahlstrom-Munksjö Italia S.p.A.
2023-01-25 12:00:00,0.5618099999999999,IT.CAED/100752001.FACILITY,Ahlstrom-Munksjö Italia S.p.A.
2023-01-25 13:00:00,0.53747,IT.CAED/100752001.FACILITY,Ahlstrom-Munksjö Italia S.p.A.
2023-01-25 14:00:00,0.45926,IT.CAED/100752001.FACILITY,Ahlstrom-Munksjö Italia S.p.A.
2023-01-25 15:00:00,0.22524,IT.CAED/100752001.FACILITY,Ahlstrom-Munksjö Italia S.p.A.
2023-01-25 16:00:00,0.09422,IT.CAED/100752001.FACILITY,Ahlstrom-Munksjö Italia S.p.A.
2023-01-25 17:00:00,0.0,IT.CAED/100752001.FACILITY,Ahlstrom-Munksjö Italia S.p.A.
2023-01-25 18:00:00,0.0,IT.CAED/100752001.FACILITY,Ahlstrom-Munksjö Italia S.p.A.
2023-01-25 19:00:00,0.0,IT.CAED/100752001.FACILITY,Ahlstrom-Munksjö Italia S.p.A.
2023-01-25 20:00:00,0.0,IT.CAED/100752001.FACILITY,Ahlstrom-Munksjö Italia S.p.A.
2023-01-25 21:00:00,0.0,IT.CAED/100752001.FACILITY,Ahlstrom-Munksjö Italia S.p.A.
2023-01-25 22:00:00,0.0,IT.CAED/100752001.FACILITY,Ahlstrom-Munksjö Italia S.p.A.
2023-01-25 23:00:00,0.0,IT.CAED/100752001.FACILITY,Ahlstrom-Munksjö Italia S.p.A.
2023-01-26 00:00:00,0.0,IT.CAED/100752001.FACILITY,Ahlstrom-Munksjö Italia S.p.A.
2023-01-26 01:00:00,0.0,IT.CAED/100752001.FACILITY,Ahlstrom-Munksjö Italia S.p.A.
2023-01-26 02:00:00,0.0,IT.CAED/100752001.FACILITY,Ahlstrom-Munksjö Italia S.p.A.
2023-01-26 03:00:00,0.0,IT.CAED/100752001.FACILITY,Ahlstrom-Munksjö Italia S.p.A.
2023-01-26 04:00:00,0.0,IT.CAED/100752001.FACILITY,Ahlstrom-Munksjö Italia S.p.A.
2023-01-26 05:00:00,0.0,IT.CAED/100752001.FACILITY,Ahlstrom-Munksjö Italia S.p.A.
2023-01-26 06:00:00,0.0,IT.CAED/100752001.FACILITY,Ahlstrom-Munksjö Italia S.p.A.
2023-01-26 07:00:00,0.0,IT.CAED/100752001.FACILITY,Ahlstrom-Munksjö Italia S.p.A.
2023-01-26 08:00:00,0.11324,IT.CAED/100752001.FACILITY,Ahlstrom-Munksjö Italia S.p.A.
2023-01-26 09:00:00,0.32975,IT.CAED/100752001.FACILITY,Ahlstrom-Munksjö Italia S.p.A.
2023-01-26 10:00:00,0.46086,IT.CAED/100752001.FACILITY,Ahlstrom-Munksjö Italia S.p.A.
2023-01-26 11:00:00,0.63403,IT.CAED/100752001.FACILITY,Ahlstrom-Munksjö Italia S.p.A.
2023-01-26 12:00:00,0.73294,IT.CAED/100752001.FACILITY,Ahlstrom-Munksjö Italia S.p.A.
2023-01-26 13:00:00,0.7520399999999999,IT.CAED/100752001.FACILITY,Ahlstrom-Munksjö Italia S.p.A.
2023-01-26 14:00:00,0.5846399999999999,IT.CAED/100752001.FACILITY,Ahlstrom-Munksjö Italia S.p.A.
2023-01-26 15:00:00,0.36891,IT.CAED/100752001.FACILITY,Ahlstrom-Munksjö Italia S.p.A.
2023-01-26 16:00:00,0.15291,IT.CAED/100752001.FACILITY,Ahlstrom-Munksjö Italia S.p.A.
2023-01-26 17:00:00,0.0,IT.CAED/100752001.FACILITY,Ahlstrom-Munksjö Italia S.p.A.
2023-01-26 18:00:00,0.0,IT.CAED/100752001.FACILITY,Ahlstrom-Munksjö Italia S.p.A.
2023-01-26 19:00:00,0.0,IT.CAED/100752001.FACILITY,Ahlstrom-Munksjö Italia S.p.A.
2023-01-26 20:00:00,0.0,IT.CAED/100752001.FACILITY,Ahlstrom-Munksjö Italia S.p.A.
2023-01-26 21:00:00,0.0,IT.CAED/100752001.FACILITY,Ahlstrom-Munksjö Italia S.p.A.
2023-01-26 22:00:00,0.0,IT.CAED/100752001.FACILITY,Ahlstrom-Munksjö Italia S.p.A.
2023-01-26 23:00:00,0.0,IT.CAED/100752001.FACILITY,Ahlstrom-Munksjö Italia S.p.A.
2023-01-27 00:00:00,0.0,IT.CAED/100752001.FACILITY,Ahlstrom-Munksjö Italia S.p.A.
2023-01-27 01:00:00,0.0,IT.CAED/100752001.FACILITY,Ahlstrom-Munksjö Italia S.p.A.
2023-01-27 02:00:00,0.0,IT.CAED/100752001.FACILITY,Ahlstrom-Munksjö Italia S.p.A.
2023-01-27 03:00:00,0.0,IT.CAED/100752001.FACILITY,Ahlstrom-Munksjö Italia S.p.A.
2023-01-27 04:00:00,0.0,IT.CAED/100752001.FACILITY,Ahlstrom-Munksjö Italia S.p.A.
2023-01-27 05:00:00,0.0,IT.CAED/100752001.FACILITY,Ahlstrom-Munksjö Italia S.p.A.
2023-01-27 06:00:00,0.0,IT.CAED/100752001.FACILITY,Ahlstrom-Munksjö Italia S.p.A.
2023-01-27 07:00:00,0.0,IT.CAED/100752001.FACILITY,Ahlstrom-Munksjö Italia S.p.A.
2023-01-27 08:00:00,0.12637,IT.CAED/100752001.FACILITY,Ahlstrom-Munksjö Italia S.p.A.
2023-01-27 09:00:00,0.25615,IT.CAED/100752001.FACILITY,Ahlstrom-Munksjö Italia S.p.A.
2023-01-27 10:00:00,0.38367,IT.CAED/100752001.FACILITY,Ahlstrom-Munksjö Italia S.p.A.
2023-01-27 11:00:00,0.55552,IT.CAED/100752001.FACILITY,Ahlstrom-Munksjö Italia S.p.A.
2023-01-27 12:00:00,0.54389,IT.CAED/100752001.FACILITY,Ahlstrom-Munksjö Italia S.p.A.
2023-01-27 13:00:00,0.64715,IT.CAED/100752001.FACILITY,Ahlstrom-Munksjö Italia S.p.A.
2023-01-27 14:00:00,0.49373,IT.CAED/100752001.FACILITY,Ahlstrom-Munksjö Italia S.p.A.
2023-01-27 15:00:00,0.41045,IT.CAED/100752001.FACILITY,Ahlstrom-Munksjö Italia S.p.A.
2023-01-27 16:00:00,0.22403,IT.CAED/100752001.FACILITY,Ahlstrom-Munksjö Italia S.p.A.
2023-01-27 17:00:00,0.0,IT.CAED/100752001.FACILITY,Ahlstrom-Munksjö Italia S.p.A.
2023-01-27 18:00:00,0.0,IT.CAED/100752001.FACILITY,Ahlstrom-Munksjö Italia S.p.A.
2023-01-27 19:00:00,0.0,IT.CAED/100752001.FACILITY,Ahlstrom-Munksjö Italia S.p.A.
2023-01-27 20:00:00,0.0,IT.CAED/100752001.FACILITY,Ahlstrom-Munksjö Italia S.p.A.
2023-01-27 21:00:00,0.0,IT.CAED/100752001.FACILITY,Ahlstrom-Munksjö Italia S.p.A.
2023-01-27 22:00:00,0.0,IT.CAED/100752001.FACILITY,Ahlstrom-Munksjö Italia S.p.A.
2023-01-27 23:00:00,0.0,IT.CAED/100752001.FACILITY,Ahlstrom-Munksjö Italia S.p.A.
2023-01-28 00:00:00,0.0,IT.CAED/100752001.FACILITY,Ahlstrom-Munksjö Italia S.p.A.
2023-01-28 01:00:00,0.0,IT.CAED/100752001.FACILITY,Ahlstrom-Munksjö Italia S.p.A.
2023-01-28 02:00:00,0.0,IT.CAED/100752001.FACILITY,Ahlstrom-Munksjö Italia S.p.A.
2023-01-28 03:00:00,0.0,IT.CAED/100752001.FACILITY,Ahlstrom-Munksjö Italia S.p.A.
2023-01-28 04:00:00,0.0,IT.CAED/100752001.FACILITY,Ahlstrom-Munksjö Italia S.p.A.
2023-01-28 05:00:00,0.0,IT.CAED/100752001.FACILITY,Ahlstrom-Munksjö Italia S.p.A.
2023-01-28 06:00:00,0.0,IT.CAED/100752001.FACILITY,Ahlstrom-Munksjö Italia S.p.A.
2023-01-28 07:00:00,0.0,IT.CAED/100752001.FACILITY,Ahlstrom-Munksjö Italia S.p.A.
2023-01-28 08:00:00,0.10017,IT.CAED/100752001.FACILITY,Ahlstrom-Munksjö Italia S.p.A.
2023-01-28 09:00:00,0.35231,IT.CAED/100752001.FACILITY,Ahlstrom-Munksjö Italia S.p.A.
2023-01-28 10:00:00,0.44942000000000004,IT.CAED/100752001.FACILITY,Ahlstrom-Munksjö Italia S.p.A.
2023-01-28 11:00:00,0.66472,IT.CAED/100752001.FACILITY,Ahlstrom-Munksjö Italia S.p.A.
2023-01-28 12:00:00,0.78661,IT.CAED/100752001.FACILITY,Ahlstrom-Munksjö Italia S.p.A.
2023-01-28 13:00:00,0.7785700000000001,IT.CAED/100752001.FACILITY,Ahlstrom-Munksjö Italia S.p.A.
2023-01-28 14:00:00,0.7067,IT.CAED/100752001.FACILITY,Ahlstrom-Munksjö Italia S.p.A.
2023-01-28 15:00:00,0.53772,IT.CAED/100752001.FACILITY,Ahlstrom-Munksjö Italia S.p.A.
2023-01-28 16:00:00,0.29857,IT.CAED/100752001.FACILITY,Ahlstrom-Munksjö Italia S.p.A.
2023-01-28 17:00:00,0.0,IT.CAED/100752001.FACILITY,Ahlstrom-Munksjö Italia S.p.A.
2023-01-28 18:00:00,0.0,IT.CAED/100752001.FACILITY,Ahlstrom-Munksjö Italia S.p.A.
2023-01-28 19:00:00,0.0,IT.CAED/100752001.FACILITY,Ahlstrom-Munksjö Italia S.p.A.
2023-01-28 20:00:00,0.0,IT.CAED/100752001.FACILITY,Ahlstrom-Munksjö Italia S.p.A.
2023-01-28 21:00:00,0.0,IT.CAED/100752001.FACILITY,Ahlstrom-Munksjö Italia S.p.A.
2023-01-28 22:00:00,0.0,IT.CAED/100752001.FACILITY,Ahlstrom-Munksjö Italia S.p.A.
2023-01-28 23:00:00,0.0,IT.CAED/100752001.FACILITY,Ahlstrom-Munksjö Italia S.p.A.
2023-01-29 00:00:00,0.0,IT.CAED/100752001.FACILITY,Ahlstrom-Munksjö Italia S.p.A.
2023-01-29 01:00:00,0.0,IT.CAED/100752001.FACILITY,Ahlstrom-Munksjö Italia S.p.A.
2023-01-29 02:00:00,0.0,IT.CAED/100752001.FACILITY,Ahlstrom-Munksjö Italia S.p.A.
2023-01-29 03:00:00,0.0,IT.CAED/100752001.FACILITY,Ahlstrom-Munksjö Italia S.p.A.
2023-01-29 04:00:00,0.0,IT.CAED/100752001.FACILITY,Ahlstrom-Munksjö Italia S.p.A.
2023-01-29 05:00:00,0.0,IT.CAED/100752001.FACILITY,Ahlstrom-Munksjö Italia S.p.A.
2023-01-29 06:00:00,0.0,IT.CAED/100752001.FACILITY,Ahlstrom-Munksjö Italia S.p.A.
2023-01-29 07:00:00,0.0,IT.CAED/100752001.FACILITY,Ahlstrom-Munksjö Italia S.p.A.
2023-01-29 08:00:00,0.16054,IT.CAED/100752001.FACILITY,Ahlstrom-Munksjö Italia S.p.A.
2023-01-29 09:00:00,0.41725999999999996,IT.CAED/100752001.FACILITY,Ahlstrom-Munksjö Italia S.p.A.
2023-01-29 10:00:00,0.68567,IT.CAED/100752001.FACILITY,Ahlstrom-Munksjö Italia S.p.A.
2023-01-29 11:00:00,0.8074199999999999,IT.CAED/100752001.FACILITY,Ahlstrom-Munksjö Italia S.p.A.
2023-01-29 12:00:00,0.86605,IT.CAED/100752001.FACILITY,Ahlstrom-Munksjö Italia S.p.A.
2023-01-29 13:00:00,0.84993,IT.CAED/100752001.FACILITY,Ahlstrom-Munksjö Italia S.p.A.
2023-01-29 14:00:00,0.75081,IT.CAED/100752001.FACILITY,Ahlstrom-Munksjö Italia S.p.A.
2023-01-29 15:00:00,0.57266,IT.CAED/100752001.FACILITY,Ahlstrom-Munksjö Italia S.p.A.
2023-01-29 16:00:00,0.30456,IT.CAED/100752001.FACILITY,Ahlstrom-Munksjö Italia S.p.A.
2023-01-29 17:00:00,0.0,IT.CAED/100752001.FACILITY,Ahlstrom-Munksjö Italia S.p.A.
2023-01-29 18:00:00,0.0,IT.CAED/100752001.FACILITY,Ahlstrom-Munksjö Italia S.p.A.
2023-01-29 19:00:00,0.0,IT.CAED/100752001.FACILITY,Ahlstrom-Munksjö Italia S.p.A.
2023-01-29 20:00:00,0.0,IT.CAED/100752001.FACILITY,Ahlstrom-Munksjö Italia S.p.A.
2023-01-29 21:00:00,0.0,IT.CAED/100752001.FACILITY,Ahlstrom-Munksjö Italia S.p.A.
2023-01-29 22:00:00,0.0,IT.CAED/100752001.FACILITY,Ahlstrom-Munksjö Italia S.p.A.
2023-01-29 23:00:00,0.0,IT.CAED/100752001.FACILITY,Ahlstrom-Munksjö Italia S.p.A.
2023-01-30 00:00:00,0.0,IT.CAED/100752001.FACILITY,Ahlstrom-Munksjö Italia S.p.A.
2023-01-30 01:00:00,0.0,IT.CAED/100752001.FACILITY,Ahlstrom-Munksjö Italia S.p.A.
2023-01-30 02:00:00,0.0,IT.CAED/100752001.FACILITY,Ahlstrom-Munksjö Italia S.p.A.
2023-01-30 03:00:00,0.0,IT.CAED/100752001.FACILITY,Ahlstrom-Munksjö Italia S.p.A.
2023-01-30 04:00:00,0.0,IT.CAED/100752001.FACILITY,Ahlstrom-Munksjö Italia S.p.A.
2023-01-30 05:00:00,0.0,IT.CAED/100752001.FACILITY,Ahlstrom-Munksjö Italia S.p.A.
2023-01-30 06:00:00,0.0,IT.CAED/100752001.FACILITY,Ahlstrom-Munksjö Italia S.p.A.
2023-01-30 07:00:00,0.0,IT.CAED/100752001.FACILITY,Ahlstrom-Munksjö Italia S.p.A.
2023-01-30 08:00:00,0.09898,IT.CAED/100752001.FACILITY,Ahlstrom-Munksjö Italia S.p.A.
2023-01-30 09:00:00,0.39156,IT.CAED/100752001.FACILITY,Ahlstrom-Munksjö Italia S.p.A.
2023-01-30 10:00:00,0.64824,IT.CAED/100752001.FACILITY,Ahlstrom-Munksjö Italia S.p.A.
2023-01-30 11:00:00,0.819,IT.CAED/100752001.FACILITY,Ahlstrom-Munksjö Italia S.p.A.
2023-01-30 12:00:00,0.87056,IT.CAED/100752001.FACILITY,Ahlstrom-Munksjö Italia S.p.A.
2023-01-30 13:00:00,0.8458600000000001,IT.CAED/100752001.FACILITY,Ahlstrom-Munksjö Italia S.p.A.
2023-01-30 14:00:00,0.74839,IT.CAED/100752001.FACILITY,Ahlstrom-Munksjö Italia S.p.A.
2023-01-30 15:00:00,0.5568,IT.CAED/100752001.FACILITY,Ahlstrom-Munksjö Italia S.p.A.
2023-01-30 16:00:00,0.30983999999999995,IT.CAED/100752001.FACILITY,Ahlstrom-Munksjö Italia S.p.A.
2023-01-30 17:00:00,0.0,IT.CAED/100752001.FACILITY,Ahlstrom-Munksjö Italia S.p.A.
2023-01-30 18:00:00,0.0,IT.CAED/100752001.FACILITY,Ahlstrom-Munksjö Italia S.p.A.
2023-01-30 19:00:00,0.0,IT.CAED/100752001.FACILITY,Ahlstrom-Munksjö Italia S.p.A.
2023-01-30 20:00:00,0.0,IT.CAED/100752001.FACILITY,Ahlstrom-Munksjö Italia S.p.A.
2023-01-30 21:00:00,0.0,IT.CAED/100752001.FACILITY,Ahlstrom-Munksjö Italia S.p.A.
2023-01-30 22:00:00,0.0,IT.CAED/100752001.FACILITY,Ahlstrom-Munksjö Italia S.p.A.
2023-01-30 23:00:00,0.0,IT.CAED/100752001.FACILITY,Ahlstrom-Munksjö Italia S.p.A.
2023-01-31 00:00:00,0.0,IT.CAED/100752001.FACILITY,Ahlstrom-Munksjö Italia S.p.A.
2023-01-31 01:00:00,0.0,IT.CAED/100752001.FACILITY,Ahlstrom-Munksjö Italia S.p.A.
2023-01-31 02:00:00,0.0,IT.CAED/100752001.FACILITY,Ahlstrom-Munksjö Italia S.p.A.
2023-01-31 03:00:00,0.0,IT.CAED/100752001.FACILITY,Ahlstrom-Munksjö Italia S.p.A.
2023-01-31 04:00:00,0.0,IT.CAED/100752001.FACILITY,Ahlstrom-Munksjö Italia S.p.A.
2023-01-31 05:00:00,0.0,IT.CAED/100752001.FACILITY,Ahlstrom-Munksjö Italia S.p.A.
2023-01-31 06:00:00,0.0,IT.CAED/100752001.FACILITY,Ahlstrom-Munksjö Italia S.p.A.
2023-01-31 07:00:00,0.0,IT.CAED/100752001.FACILITY,Ahlstrom-Munksjö Italia S.p.A.
2023-01-31 08:00:00,0.19894,IT.CAED/100752001.FACILITY,Ahlstrom-Munksjö Italia S.p.A.
2023-01-31 09:00:00,0.45815,IT.CAED/100752001.FACILITY,Ahlstrom-Munksjö Italia S.p.A.
2023-01-31 10:00:00,0.70236,IT.CAED/100752001.FACILITY,Ahlstrom-Munksjö Italia S.p.A.
2023-01-31 11:00:00,0.8170299999999999,IT.CAED/100752001.FACILITY,Ahlstrom-Munksjö Italia S.p.A.
2023-01-31 12:00:00,0.8586900000000001,IT.CAED/100752001.FACILITY,Ahlstrom-Munksjö Italia S.p.A.
2023-01-31 13:00:00,0.82382,IT.CAED/100752001.FACILITY,Ahlstrom-Munksjö Italia S.p.A.
2023-01-31 14:00:00,0.74826,IT.CAED/100752001.FACILITY,Ahlstrom-Munksjö Italia S.p.A.
2023-01-31 15:00:00,0.5632,IT.CAED/100752001.FACILITY,Ahlstrom-Munksjö Italia S.p.A.
2023-01-31 16:00:00,0.30652999999999997,IT.CAED/100752001.FACILITY,Ahlstrom-Munksjö Italia S.p.A.
2023-01-31 17:00:00,0.0,IT.CAED/100752001.FACILITY,Ahlstrom-Munksjö Italia S.p.A.
2023-01-31 18:00:00,0.0,IT.CAED/100752001.FACILITY,Ahlstrom-Munksjö Italia S.p.A.
2023-01-31 19:00:00,0.0,IT.CAED/100752001.FACILITY,Ahlstrom-Munksjö Italia S.p.A.
2023-01-31 20:00:00,0.0,IT.CAED/100752001.FACILITY,Ahlstrom-Munksjö Italia S.p.A.
2023-01-31 21:00:00,0.0,IT.CAED/100752001.FACILITY,Ahlstrom-Munksjö Italia S.p.A.
2023-01-31 22:00:00,0.0,IT.CAED/100752001.FACILITY,Ahlstrom-Munksjö Italia S.p.A.
2023-01-31 23:00:00,0.0,IT.CAED/100752001.FACILITY,Ahlstrom-Munksjö Italia S.p.A.
2023-02-01 00:00:00,0.0,IT.CAED/100752001.FACILITY,Ahlstrom-Munksjö Italia S.p.A.
2023-02-01 01:00:00,0.0,IT.CAED/100752001.FACILITY,Ahlstrom-Munksjö Italia S.p.A.
2023-02-01 02:00:00,0.0,IT.CAED/100752001.FACILITY,Ahlstrom-Munksjö Italia S.p.A.
2023-02-01 03:00:00,0.0,IT.CAED/100752001.FACILITY,Ahlstrom-Munksjö Italia S.p.A.
2023-02-01 04:00:00,0.0,IT.CAED/100752001.FACILITY,Ahlstrom-Munksjö Italia S.p.A.
2023-02-01 05:00:00,0.0,IT.CAED/100752001.FACILITY,Ahlstrom-Munksjö Italia S.p.A.
2023-02-01 06:00:00,0.0,IT.CAED/100752001.FACILITY,Ahlstrom-Munksjö Italia S.p.A.
2023-02-01 07:00:00,0.0,IT.CAED/100752001.FACILITY,Ahlstrom-Munksjö Italia S.p.A.
2023-02-01 08:00:00,0.21184999999999998,IT.CAED/100752001.FACILITY,Ahlstrom-Munksjö Italia S.p.A.
2023-02-01 09:00:00,0.50994,IT.CAED/100752001.FACILITY,Ahlstrom-Munksjö Italia S.p.A.
2023-02-01 10:00:00,0.7292799999999999,IT.CAED/100752001.FACILITY,Ahlstrom-Munksjö Italia S.p.A.
2023-02-01 11:00:00,0.83305,IT.CAED/100752001.FACILITY,Ahlstrom-Munksjö Italia S.p.A.
2023-02-01 12:00:00,0.86536,IT.CAED/100752001.FACILITY,Ahlstrom-Munksjö Italia S.p.A.
2023-02-01 13:00:00,0.83529,IT.CAED/100752001.FACILITY,Ahlstrom-Munksjö Italia S.p.A.
2023-02-01 14:00:00,0.74719,IT.CAED/100752001.FACILITY,Ahlstrom-Munksjö Italia S.p.A.
2023-02-01 15:00:00,0.5654199999999999,IT.CAED/100752001.FACILITY,Ahlstrom-Munksjö Italia S.p.A.
2023-02-01 16:00:00,0.31812999999999997,IT.CAED/100752001.FACILITY,Ahlstrom-Munksjö Italia S.p.A.
2023-02-01 17:00:00,0.0,IT.CAED/100752001.FACILITY,Ahlstrom-Munksjö Italia S.p.A.
2023-02-01 18:00:00,0.0,IT.CAED/100752001.FACILITY,Ahlstrom-Munksjö Italia S.p.A.
2023-02-01 19:00:00,0.0,IT.CAED/100752001.FACILITY,Ahlstrom-Munksjö Italia S.p.A.
2023-02-01 20:00:00,0.0,IT.CAED/100752001.FACILITY,Ahlstrom-Munksjö Italia S.p.A.
2023-02-01 21:00:00,0.0,IT.CAED/100752001.FACILITY,Ahlstrom-Munksjö Italia S.p.A.
2023-02-01 22:00:00,0.0,IT.CAED/100752001.FACILITY,Ahlstrom-Munksjö Italia S.p.A.
2023-02-01 23:00:00,0.0,IT.CAED/100752001.FACILITY,Ahlstrom-Munksjö Italia S.p.A.
2023-02-02 00:00:00,0.0,IT.CAED/100752001.FACILITY,Ahlstrom-Munksjö Italia S.p.A.
2023-02-02 01:00:00,0.0,IT.CAED/100752001.FACILITY,Ahlstrom-Munksjö Italia S.p.A.
2023-02-02 02:00:00,0.0,IT.CAED/100752001.FACILITY,Ahlstrom-Munksjö Italia S.p.A.
2023-02-02 03:00:00,0.0,IT.CAED/100752001.FACILITY,Ahlstrom-Munksjö Italia S.p.A.
2023-02-02 04:00:00,0.0,IT.CAED/100752001.FACILITY,Ahlstrom-Munksjö Italia S.p.A.
2023-02-02 05:00:00,0.0,IT.CAED/100752001.FACILITY,Ahlstrom-Munksjö Italia S.p.A.
2023-02-02 06:00:00,0.0,IT.CAED/100752001.FACILITY,Ahlstrom-Munksjö Italia S.p.A.
2023-02-02 07:00:00,0.0,IT.CAED/100752001.FACILITY,Ahlstrom-Munksjö Italia S.p.A.
2023-02-02 08:00:00,0.19113,IT.CAED/100752001.FACILITY,Ahlstrom-Munksjö Italia S.p.A.
2023-02-02 09:00:00,0.44368,IT.CAED/100752001.FACILITY,Ahlstrom-Munksjö Italia S.p.A.
2023-02-02 10:00:00,0.7061499999999999,IT.CAED/100752001.FACILITY,Ahlstrom-Munksjö Italia S.p.A.
2023-02-02 11:00:00,0.8317599999999999,IT.CAED/100752001.FACILITY,Ahlstrom-Munksjö Italia S.p.A.
2023-02-02 12:00:00,0.85117,IT.CAED/100752001.FACILITY,Ahlstrom-Munksjö Italia S.p.A.
2023-02-02 13:00:00,0.8259099999999999,IT.CAED/100752001.FACILITY,Ahlstrom-Munksjö Italia S.p.A.
2023-02-02 14:00:00,0.71853,IT.CAED/100752001.FACILITY,Ahlstrom-Munksjö Italia S.p.A.
2023-02-02 15:00:00,0.56096,IT.CAED/100752001.FACILITY,Ahlstrom-Munksjö Italia S.p.A.
2023-02-02 16:00:00,0.31513,IT.CAED/100752001.FACILITY,Ahlstrom-Munksjö Italia S.p.A.
2023-02-02 17:00:00,7.000000000000001e-05,IT.CAED/100752001.FACILITY,Ahlstrom-Munksjö Italia S.p.A.
2023-02-02 18:00:00,0.0,IT.CAED/100752001.FACILITY,Ahlstrom-Munksjö Italia S.p.A.
2023-02-02 19:00:00,0.0,IT.CAED/100752001.FACILITY,Ahlstrom-Munksjö Italia S.p.A.
2023-02-02 20:00:00,0.0,IT.CAED/100752001.FACILITY,Ahlstrom-Munksjö Italia S.p.A.
2023-02-02 21:00:00,0.0,IT.CAED/100752001.FACILITY,Ahlstrom-Munksjö Italia S.p.A.
2023-02-02 22:00:00,0.0,IT.CAED/100752001.FACILITY,Ahlstrom-Munksjö Italia S.p.A.
2023-02-02 23:00:00,0.0,IT.CAED/100752001.FACILITY,Ahlstrom-Munksjö Italia S.p.A.
2023-02-03 00:00:00,0.0,IT.CAED/100752001.FACILITY,Ahlstrom-Munksjö Italia S.p.A.
2023-02-03 01:00:00,0.0,IT.CAED/100752001.FACILITY,Ahlstrom-Munksjö Italia S.p.A.
2023-02-03 02:00:00,0.0,IT.CAED/100752001.FACILITY,Ahlstrom-Munksjö Italia S.p.A.
2023-02-03 03:00:00,0.0,IT.CAED/100752001.FACILITY,Ahlstrom-Munksjö Italia S.p.A.
2023-02-03 04:00:00,0.0,IT.CAED/100752001.FACILITY,Ahlstrom-Munksjö Italia S.p.A.
2023-02-03 05:00:00,0.0,IT.CAED/100752001.FACILITY,Ahlstrom-Munksjö Italia S.p.A.
2023-02-03 06:00:00,0.0,IT.CAED/100752001.FACILITY,Ahlstrom-Munksjö Italia S.p.A.
2023-02-03 07:00:00,0.0,IT.CAED/100752001.FACILITY,Ahlstrom-Munksjö Italia S.p.A.
2023-02-03 08:00:00,0.12234,IT.CAED/100752001.FACILITY,Ahlstrom-Munksjö Italia S.p.A.
2023-02-03 09:00:00,0.39567,IT.CAED/100752001.FACILITY,Ahlstrom-Munksjö Italia S.p.A.
2023-02-03 10:00:00,0.64849,IT.CAED/100752001.FACILITY,Ahlstrom-Munksjö Italia S.p.A.
2023-02-03 11:00:00,0.82223,IT.CAED/100752001.FACILITY,Ahlstrom-Munksjö Italia S.p.A.
2023-02-03 12:00:00,0.8608300000000001,IT.CAED/100752001.FACILITY,Ahlstrom-Munksjö Italia S.p.A.
2023-02-03 13:00:00,0.8417899999999999,IT.CAED/100752001.FACILITY,Ahlstrom-Munksjö Italia S.p.A.
2023-02-03 14:00:00,0.73953,IT.CAED/100752001.FACILITY,Ahlstrom-Munksjö Italia S.p.A.
2023-02-03 15:00:00,0.57721,IT.CAED/100752001.FACILITY,Ahlstrom-Munksjö Italia S.p.A.
2023-02-03 16:00:00,0.31633999999999995,IT.CAED/100752001.FACILITY,Ahlstrom-Munksjö Italia S.p.A.
2023-02-03 17:00:00,0.00035999999999999997,IT.CAED/100752001.FACILITY,Ahlstrom-Munksjö Italia S.p.A.
2023-02-03 18:00:00,0.0,IT.CAED/100752001.FACILITY,Ahlstrom-Munksjö Italia S.p.A.
2023-02-03 19:00:00,0.0,IT.CAED/100752001.FACILITY,Ahlstrom-Munksjö Italia S.p.A.
2023-02-03 20:00:00,0.0,IT.CAED/100752001.FACILITY,Ahlstrom-Munksjö Italia S.p.A.
2023-02-03 21:00:00,0.0,IT.CAED/100752001.FACILITY,Ahlstrom-Munksjö Italia S.p.A.
2023-02-03 22:00:00,0.0,IT.CAED/100752001.FACILITY,Ahlstrom-Munksjö Italia S.p.A.
2023-02-03 23:00:00,0.0,IT.CAED/100752001.FACILITY,Ahlstrom-Munksjö Italia S.p.A.
2023-02-04 00:00:00,0.0,IT.CAED/100752001.FACILITY,Ahlstrom-Munksjö Italia S.p.A.
2023-02-04 01:00:00,0.0,IT.CAED/100752001.FACILITY,Ahlstrom-Munksjö Italia S.p.A.
2023-02-04 02:00:00,0.0,IT.CAED/100752001.FACILITY,Ahlstrom-Munksjö Italia S.p.A.
2023-02-04 03:00:00,0.0,IT.CAED/100752001.FACILITY,Ahlstrom-Munksjö Italia S.p.A.
2023-02-04 04:00:00,0.0,IT.CAED/100752001.FACILITY,Ahlstrom-Munksjö Italia S.p.A.
2023-02-04 05:00:00,0.0,IT.CAED/100752001.FACILITY,Ahlstrom-Munksjö Italia S.p.A.
2023-02-04 06:00:00,0.0,IT.CAED/100752001.FACILITY,Ahlstrom-Munksjö Italia S.p.A.
2023-02-04 07:00:00,0.0,IT.CAED/100752001.FACILITY,Ahlstrom-Munksjö Italia S.p.A.
2023-02-04 08:00:00,0.20093,IT.CAED/100752001.FACILITY,Ahlstrom-Munksjö Italia S.p.A.
2023-02-04 09:00:00,0.47842,IT.CAED/100752001.FACILITY,Ahlstrom-Munksjö Italia S.p.A.
2023-02-04 10:00:00,0.6531399999999999,IT.CAED/100752001.FACILITY,Ahlstrom-Munksjö Italia S.p.A.
2023-02-04 11:00:00,0.75507,IT.CAED/100752001.FACILITY,Ahlstrom-Munksjö Italia S.p.A.
2023-02-04 12:00:00,0.7834800000000001,IT.CAED/100752001.FACILITY,Ahlstrom-Munksjö Italia S.p.A.
2023-02-04 13:00:00,0.77964,IT.CAED/100752001.FACILITY,Ahlstrom-Munksjö Italia S.p.A.
2023-02-04 14:00:00,0.70478,IT.CAED/100752001.FACILITY,Ahlstrom-Munksjö Italia S.p.A.
2023-02-04 15:00:00,0.54634,IT.CAED/100752001.FACILITY,Ahlstrom-Munksjö Italia S.p.A.
2023-02-04 16:00:00,0.30947,IT.CAED/100752001.FACILITY,Ahlstrom-Munksjö Italia S.p.A.
2023-02-04 17:00:00,0.00049,IT.CAED/100752001.FACILITY,Ahlstrom-Munksjö Italia S.p.A.
2023-02-04 18:00:00,0.0,IT.CAED/100752001.FACILITY,Ahlstrom-Munksjö Italia S.p.A.
2023-02-04 19:00:00,0.0,IT.CAED/100752001.FACILITY,Ahlstrom-Munksjö Italia S.p.A.
2023-02-04 20:00:00,0.0,IT.CAED/100752001.FACILITY,Ahlstrom-Munksjö Italia S.p.A.
2023-02-04 21:00:00,0.0,IT.CAED/100752001.FACILITY,Ahlstrom-Munksjö Italia S.p.A.
2023-02-04 22:00:00,0.0,IT.CAED/100752001.FACILITY,Ahlstrom-Munksjö Italia S.p.A.
2023-02-04 23:00:00,0.0,IT.CAED/100752001.FACILITY,Ahlstrom-Munksjö Italia S.p.A.
2023-02-05 00:00:00,0.0,IT.CAED/100752001.FACILITY,Ahlstrom-Munksjö Italia S.p.A.
2023-02-05 01:00:00,0.0,IT.CAED/100752001.FACILITY,Ahlstrom-Munksjö Italia S.p.A.
2023-02-05 02:00:00,0.0,IT.CAED/100752001.FACILITY,Ahlstrom-Munksjö Italia S.p.A.
2023-02-05 03:00:00,0.0,IT.CAED/100752001.FACILITY,Ahlstrom-Munksjö Italia S.p.A.
2023-02-05 04:00:00,0.0,IT.CAED/100752001.FACILITY,Ahlstrom-Munksjö Italia S.p.A.
2023-02-05 05:00:00,0.0,IT.CAED/100752001.FACILITY,Ahlstrom-Munksjö Italia S.p.A.
2023-02-05 06:00:00,0.0,IT.CAED/100752001.FACILITY,Ahlstrom-Munksjö Italia S.p.A.
2023-02-05 07:00:00,0.0,IT.CAED/100752001.FACILITY,Ahlstrom-Munksjö Italia S.p.A.
2023-02-05 08:00:00,0.21453,IT.CAED/100752001.FACILITY,Ahlstrom-Munksjö Italia S.p.A.
2023-02-05 09:00:00,0.4993,IT.CAED/100752001.FACILITY,Ahlstrom-Munksjö Italia S.p.A.
2023-02-05 10:00:00,0.70002,IT.CAED/100752001.FACILITY,Ahlstrom-Munksjö Italia S.p.A.
2023-02-05 11:00:00,0.8101,IT.CAED/100752001.FACILITY,Ahlstrom-Munksjö Italia S.p.A.
2023-02-05 12:00:00,0.87251,IT.CAED/100752001.FACILITY,Ahlstrom-Munksjö Italia S.p.A.
2023-02-05 13:00:00,0.83017,IT.CAED/100752001.FACILITY,Ahlstrom-Munksjö Italia S.p.A.
2023-02-05 14:00:00,0.74165,IT.CAED/100752001.FACILITY,Ahlstrom-Munksjö Italia S.p.A.
2023-02-05 15:00:00,0.48827,IT.CAED/100752001.FACILITY,Ahlstrom-Munksjö Italia S.p.A.
2023-02-05 16:00:00,0.15156999999999998,IT.CAED/100752001.FACILITY,Ahlstrom-Munksjö Italia S.p.A.
2023-02-05 17:00:00,0.0,IT.CAED/100752001.FACILITY,Ahlstrom-Munksjö Italia S.p.A.
2023-02-05 18:00:00,0.0,IT.CAED/100752001.FACILITY,Ahlstrom-Munksjö Italia S.p.A.
2023-02-05 19:00:00,0.0,IT.CAED/100752001.FACILITY,Ahlstrom-Munksjö Italia S.p.A.
2023-02-05 20:00:00,0.0,IT.CAED/100752001.FACILITY,Ahlstrom-Munksjö Italia S.p.A.
2023-02-05 21:00:00,0.0,IT.CAED/100752001.FACILITY,Ahlstrom-Munksjö Italia S.p.A.
2023-02-05 22:00:00,0.0,IT.CAED/100752001.FACILITY,Ahlstrom-Munksjö Italia S.p.A.
2023-02-05 23:00:00,0.0,IT.CAED/100752001.FACILITY,Ahlstrom-Munksjö Italia S.p.A.
2023-02-06 00:00:00,0.0,IT.CAED/100752001.FACILITY,Ahlstrom-Munksjö Italia S.p.A.
2023-02-06 01:00:00,0.0,IT.CAED/100752001.FACILITY,Ahlstrom-Munksjö Italia S.p.A.
2023-02-06 02:00:00,0.0,IT.CAED/100752001.FACILITY,Ahlstrom-Munksjö Italia S.p.A.
2023-02-06 03:00:00,0.0,IT.CAED/100752001.FACILITY,Ahlstrom-Munksjö Italia S.p.A.
2023-02-06 04:00:00,0.0,IT.CAED/100752001.FACILITY,Ahlstrom-Munksjö Italia S.p.A.
2023-02-06 05:00:00,0.0,IT.CAED/100752001.FACILITY,Ahlstrom-Munksjö Italia S.p.A.
2023-02-06 06:00:00,0.0,IT.CAED/100752001.FACILITY,Ahlstrom-Munksjö Italia S.p.A.
2023-02-06 07:00:00,0.0,IT.CAED/100752001.FACILITY,Ahlstrom-Munksjö Italia S.p.A.
2023-02-06 08:00:00,0.12913999999999998,IT.CAED/100752001.FACILITY,Ahlstrom-Munksjö Italia S.p.A.
2023-02-06 09:00:00,0.24406999999999998,IT.CAED/100752001.FACILITY,Ahlstrom-Munksjö Italia S.p.A.
2023-02-06 10:00:00,0.36154000000000003,IT.CAED/100752001.FACILITY,Ahlstrom-Munksjö Italia S.p.A.
2023-02-06 11:00:00,0.51681,IT.CAED/100752001.FACILITY,Ahlstrom-Munksjö Italia S.p.A.
2023-02-06 12:00:00,0.38758,IT.CAED/100752001.FACILITY,Ahlstrom-Munksjö Italia S.p.A.
2023-02-06 13:00:00,0.52111,IT.CAED/100752001.FACILITY,Ahlstrom-Munksjö Italia S.p.A.
2023-02-06 14:00:00,0.32364,IT.CAED/100752001.FACILITY,Ahlstrom-Munksjö Italia S.p.A.
2023-02-06 15:00:00,0.24223,IT.CAED/100752001.FACILITY,Ahlstrom-Munksjö Italia S.p.A.
2023-02-06 16:00:00,0.06762,IT.CAED/100752001.FACILITY,Ahlstrom-Munksjö Italia S.p.A.
2023-02-06 17:00:00,0.0,IT.CAED/100752001.FACILITY,Ahlstrom-Munksjö Italia S.p.A.
2023-02-06 18:00:00,0.0,IT.CAED/100752001.FACILITY,Ahlstrom-Munksjö Italia S.p.A.
2023-02-06 19:00:00,0.0,IT.CAED/100752001.FACILITY,Ahlstrom-Munksjö Italia S.p.A.
2023-02-06 20:00:00,0.0,IT.CAED/100752001.FACILITY,Ahlstrom-Munksjö Italia S.p.A.
2023-02-06 21:00:00,0.0,IT.CAED/100752001.FACILITY,Ahlstrom-Munksjö Italia S.p.A.
2023-02-06 22:00:00,0.0,IT.CAED/100752001.FACILITY,Ahlstrom-Munksjö Italia S.p.A.
2023-02-06 23:00:00,0.0,IT.CAED/100752001.FACILITY,Ahlstrom-Munksjö Italia S.p.A.
2023-02-07 00:00:00,0.0,IT.CAED/100752001.FACILITY,Ahlstrom-Munksjö Italia S.p.A.
2023-02-07 01:00:00,0.0,IT.CAED/100752001.FACILITY,Ahlstrom-Munksjö Italia S.p.A.
2023-02-07 02:00:00,0.0,IT.CAED/100752001.FACILITY,Ahlstrom-Munksjö Italia S.p.A.
2023-02-07 03:00:00,0.0,IT.CAED/100752001.FACILITY,Ahlstrom-Munksjö Italia S.p.A.
2023-02-07 04:00:00,0.0,IT.CAED/100752001.FACILITY,Ahlstrom-Munksjö Italia S.p.A.
2023-02-07 05:00:00,0.0,IT.CAED/100752001.FACILITY,Ahlstrom-Munksjö Italia S.p.A.
2023-02-07 06:00:00,0.0,IT.CAED/100752001.FACILITY,Ahlstrom-Munksjö Italia S.p.A.
2023-02-07 07:00:00,0.0,IT.CAED/100752001.FACILITY,Ahlstrom-Munksjö Italia S.p.A.
2023-02-07 08:00:00,0.20225,IT.CAED/100752001.FACILITY,Ahlstrom-Munksjö Italia S.p.A.
2023-02-07 09:00:00,0.40436,IT.CAED/100752001.FACILITY,Ahlstrom-Munksjö Italia S.p.A.
2023-02-07 10:00:00,0.6477200000000001,IT.CAED/100752001.FACILITY,Ahlstrom-Munksjö Italia S.p.A.
2023-02-07 11:00:00,0.83177,IT.CAED/100752001.FACILITY,Ahlstrom-Munksjö Italia S.p.A.
2023-02-07 12:00:00,0.9190900000000001,IT.CAED/100752001.FACILITY,Ahlstrom-Munksjö Italia S.p.A.
2023-02-07 13:00:00,0.89888,IT.CAED/100752001.FACILITY,Ahlstrom-Munksjö Italia S.p.A.
2023-02-07 14:00:00,0.8087799999999999,IT.CAED/100752001.FACILITY,Ahlstrom-Munksjö Italia S.p.A.
2023-02-07 15:00:00,0.6329199999999999,IT.CAED/100752001.FACILITY,Ahlstrom-Munksjö Italia S.p.A.
2023-02-07 16:00:00,0.36869,IT.CAED/100752001.FACILITY,Ahlstrom-Munksjö Italia S.p.A.
2023-02-07 17:00:00,0.0014399999999999999,IT.CAED/100752001.FACILITY,Ahlstrom-Munksjö Italia S.p.A.
2023-02-07 18:00:00,0.0,IT.CAED/100752001.FACILITY,Ahlstrom-Munksjö Italia S.p.A.
2023-02-07 19:00:00,0.0,IT.CAED/100752001.FACILITY,Ahlstrom-Munksjö Italia S.p.A.
2023-02-07 20:00:00,0.0,IT.CAED/100752001.FACILITY,Ahlstrom-Munksjö Italia S.p.A.
2023-02-07 21:00:00,0.0,IT.CAED/100752001.FACILITY,Ahlstrom-Munksjö Italia S.p.A.
2023-02-07 22:00:00,0.0,IT.CAED/100752001.FACILITY,Ahlstrom-Munksjö Italia S.p.A.
2023-02-07 23:00:00,0.0,IT.CAED/100752001.FACILITY,Ahlstrom-Munksjö Italia S.p.A.
2023-02-08 00:00:00,0.0,IT.CAED/100752001.FACILITY,Ahlstrom-Munksjö Italia S.p.A.
2023-02-08 01:00:00,0.0,IT.CAED/100752001.FACILITY,Ahlstrom-Munksjö Italia S.p.A.
2023-02-08 02:00:00,0.0,IT.CAED/100752001.FACILITY,Ahlstrom-Munksjö Italia S.p.A.
2023-02-08 03:00:00,0.0,IT.CAED/100752001.FACILITY,Ahlstrom-Munksjö Italia S.p.A.
2023-02-08 04:00:00,0.0,IT.CAED/100752001.FACILITY,Ahlstrom-Munksjö Italia S.p.A.
2023-02-08 05:00:00,0.0,IT.CAED/100752001.FACILITY,Ahlstrom-Munksjö Italia S.p.A.
2023-02-08 06:00:00,0.0,IT.CAED/100752001.FACILITY,Ahlstrom-Munksjö Italia S.p.A.
2023-02-08 07:00:00,0.0,IT.CAED/100752001.FACILITY,Ahlstrom-Munksjö Italia S.p.A.
2023-02-08 08:00:00,0.13234,IT.CAED/100752001.FACILITY,Ahlstrom-Munksjö Italia S.p.A.
2023-02-08 09:00:00,0.42321,IT.CAED/100752001.FACILITY,Ahlstrom-Munksjö Italia S.p.A.
2023-02-08 10:00:00,0.56433,IT.CAED/100752001.FACILITY,Ahlstrom-Munksjö Italia S.p.A.
2023-02-08 11:00:00,0.59587,IT.CAED/100752001.FACILITY,Ahlstrom-Munksjö Italia S.p.A.
2023-02-08 12:00:00,0.84678,IT.CAED/100752001.FACILITY,Ahlstrom-Munksjö Italia S.p.A.
2023-02-08 13:00:00,0.8161900000000001,IT.CAED/100752001.FACILITY,Ahlstrom-Munksjö Italia S.p.A.
2023-02-08 14:00:00,0.7641,IT.CAED/100752001.FACILITY,Ahlstrom-Munksjö Italia S.p.A.
2023-02-08 15:00:00,0.39152,IT.CAED/100752001.FACILITY,Ahlstrom-Munksjö Italia S.p.A.
2023-02-08 16:00:00,0.18106,IT.CAED/100752001.FACILITY,Ahlstrom-Munksjö Italia S.p.A.
2023-02-08 17:00:00,0.0007,IT.CAED/100752001.FACILITY,Ahlstrom-Munksjö Italia S.p.A.
2023-02-08 18:00:00,0.0,IT.CAED/100752001.FACILITY,Ahlstrom-Munksjö Italia S.p.A.
2023-02-08 19:00:00,0.0,IT.CAED/100752001.FACILITY,Ahlstrom-Munksjö Italia S.p.A.
2023-02-08 20:00:00,0.0,IT.CAED/100752001.FACILITY,Ahlstrom-Munksjö Italia S.p.A.
2023-02-08 21:00:00,0.0,IT.CAED/100752001.FACILITY,Ahlstrom-Munksjö Italia S.p.A.
2023-02-08 22:00:00,0.0,IT.CAED/100752001.FACILITY,Ahlstrom-Munksjö Italia S.p.A.
2023-02-08 23:00:00,0.0,IT.CAED/100752001.FACILITY,Ahlstrom-Munksjö Italia S.p.A.
2023-02-09 00:00:00,0.0,IT.CAED/100752001.FACILITY,Ahlstrom-Munksjö Italia S.p.A.
2023-02-09 01:00:00,0.0,IT.CAED/100752001.FACILITY,Ahlstrom-Munksjö Italia S.p.A.
2023-02-09 02:00:00,0.0,IT.CAED/100752001.FACILITY,Ahlstrom-Munksjö Italia S.p.A.
2023-02-09 03:00:00,0.0,IT.CAED/100752001.FACILITY,Ahlstrom-Munksjö Italia S.p.A.
2023-02-09 04:00:00,0.0,IT.CAED/100752001.FACILITY,Ahlstrom-Munksjö Italia S.p.A.
2023-02-09 05:00:00,0.0,IT.CAED/100752001.FACILITY,Ahlstrom-Munksjö Italia S.p.A.
2023-02-09 06:00:00,0.0,IT.CAED/100752001.FACILITY,Ahlstrom-Munksjö Italia S.p.A.
2023-02-09 07:00:00,0.0,IT.CAED/100752001.FACILITY,Ahlstrom-Munksjö Italia S.p.A.
2023-02-09 08:00:00,0.08948,IT.CAED/100752001.FACILITY,Ahlstrom-Munksjö Italia S.p.A.
2023-02-09 09:00:00,0.21156,IT.CAED/100752001.FACILITY,Ahlstrom-Munksjö Italia S.p.A.
2023-02-09 10:00:00,0.31009,IT.CAED/100752001.FACILITY,Ahlstrom-Munksjö Italia S.p.A.
2023-02-09 11:00:00,0.42479,IT.CAED/100752001.FACILITY,Ahlstrom-Munksjö Italia S.p.A.
2023-02-09 12:00:00,0.43848000000000004,IT.CAED/100752001.FACILITY,Ahlstrom-Munksjö Italia S.p.A.
2023-02-09 13:00:00,0.52425,IT.CAED/100752001.FACILITY,Ahlstrom-Munksjö Italia S.p.A.
2023-02-09 14:00:00,0.584,IT.CAED/100752001.FACILITY,Ahlstrom-Munksjö Italia S.p.A.
2023-02-09 15:00:00,0.41807,IT.CAED/100752001.FACILITY,Ahlstrom-Munksjö Italia S.p.A.
2023-02-09 16:00:00,0.28405,IT.CAED/100752001.FACILITY,Ahlstrom-Munksjö Italia S.p.A.
2023-02-09 17:00:00,0.00189,IT.CAED/100752001.FACILITY,Ahlstrom-Munksjö Italia S.p.A.
2023-02-09 18:00:00,0.0,IT.CAED/100752001.FACILITY,Ahlstrom-Munksjö Italia S.p.A.
2023-02-09 19:00:00,0.0,IT.CAED/100752001.FACILITY,Ahlstrom-Munksjö Italia S.p.A.
2023-02-09 20:00:00,0.0,IT.CAED/100752001.FACILITY,Ahlstrom-Munksjö Italia S.p.A.
2023-02-09 21:00:00,0.0,IT.CAED/100752001.FACILITY,Ahlstrom-Munksjö Italia S.p.A.
2023-02-09 22:00:00,0.0,IT.CAED/100752001.FACILITY,Ahlstrom-Munksjö Italia S.p.A.
2023-02-09 23:00:00,0.0,IT.CAED/100752001.FACILITY,Ahlstrom-Munksjö Italia S.p.A.
2023-02-10 00:00:00,0.0,IT.CAED/100752001.FACILITY,Ahlstrom-Munksjö Italia S.p.A.
2023-02-10 01:00:00,0.0,IT.CAED/100752001.FACILITY,Ahlstrom-Munksjö Italia S.p.A.
2023-02-10 02:00:00,0.0,IT.CAED/100752001.FACILITY,Ahlstrom-Munksjö Italia S.p.A.
2023-02-10 03:00:00,0.0,IT.CAED/100752001.FACILITY,Ahlstrom-Munksjö Italia S.p.A.
2023-02-10 04:00:00,0.0,IT.CAED/100752001.FACILITY,Ahlstrom-Munksjö Italia S.p.A.
2023-02-10 05:00:00,0.0,IT.CAED/100752001.FACILITY,Ahlstrom-Munksjö Italia S.p.A.
2023-02-10 06:00:00,0.0,IT.CAED/100752001.FACILITY,Ahlstrom-Munksjö Italia S.p.A.
2023-02-10 07:00:00,0.0,IT.CAED/100752001.FACILITY,Ahlstrom-Munksjö Italia S.p.A.
2023-02-10 08:00:00,0.2621,IT.CAED/100752001.FACILITY,Ahlstrom-Munksjö Italia S.p.A.
2023-02-10 09:00:00,0.55812,IT.CAED/100752001.FACILITY,Ahlstrom-Munksjö Italia S.p.A.
2023-02-10 10:00:00,0.75487,IT.CAED/100752001.FACILITY,Ahlstrom-Munksjö Italia S.p.A.
2023-02-10 11:00:00,0.88409,IT.CAED/100752001.FACILITY,Ahlstrom-Munksjö Italia S.p.A.
2023-02-10 12:00:00,0.94155,IT.CAED/100752001.FACILITY,Ahlstrom-Munksjö Italia S.p.A.
2023-02-10 13:00:00,0.92122,IT.CAED/100752001.FACILITY,Ahlstrom-Munksjö Italia S.p.A.
2023-02-10 14:00:00,0.82455,IT.CAED/100752001.FACILITY,Ahlstrom-Munksjö Italia S.p.A.
2023-02-10 15:00:00,0.64535,IT.CAED/100752001.FACILITY,Ahlstrom-Munksjö Italia S.p.A.
2023-02-10 16:00:00,0.38456999999999997,IT.CAED/100752001.FACILITY,Ahlstrom-Munksjö Italia S.p.A.
2023-02-10 17:00:00,0.00264,IT.CAED/100752001.FACILITY,Ahlstrom-Munksjö Italia S.p.A.
2023-02-10 18:00:00,0.0,IT.CAED/100752001.FACILITY,Ahlstrom-Munksjö Italia S.p.A.
2023-02-10 19:00:00,0.0,IT.CAED/100752001.FACILITY,Ahlstrom-Munksjö Italia S.p.A.
2023-02-10 20:00:00,0.0,IT.CAED/100752001.FACILITY,Ahlstrom-Munksjö Italia S.p.A.
2023-02-10 21:00:00,0.0,IT.CAED/100752001.FACILITY,Ahlstrom-Munksjö Italia S.p.A.
2023-02-10 22:00:00,0.0,IT.CAED/100752001.FACILITY,Ahlstrom-Munksjö Italia S.p.A.
2023-02-10 23:00:00,0.0,IT.CAED/100752001.FACILITY,Ahlstrom-Munksjö Italia S.p.A.
2023-02-11 00:00:00,0.0,IT.CAED/100752001.FACILITY,Ahlstrom-Munksjö Italia S.p.A.
2023-02-11 01:00:00,0.0,IT.CAED/100752001.FACILITY,Ahlstrom-Munksjö Italia S.p.A.
2023-02-11 02:00:00,0.0,IT.CAED/100752001.FACILITY,Ahlstrom-Munksjö Italia S.p.A.
2023-02-11 03:00:00,0.0,IT.CAED/100752001.FACILITY,Ahlstrom-Munksjö Italia S.p.A.
2023-02-11 04:00:00,0.0,IT.CAED/100752001.FACILITY,Ahlstrom-Munksjö Italia S.p.A.
2023-02-11 05:00:00,0.0,IT.CAED/100752001.FACILITY,Ahlstrom-Munksjö Italia S.p.A.
2023-02-11 06:00:00,0.0,IT.CAED/100752001.FACILITY,Ahlstrom-Munksjö Italia S.p.A.
2023-02-11 07:00:00,0.0,IT.CAED/100752001.FACILITY,Ahlstrom-Munksjö Italia S.p.A.
2023-02-11 08:00:00,0.2565,IT.CAED/100752001.FACILITY,Ahlstrom-Munksjö Italia S.p.A.
2023-02-11 09:00:00,0.54157,IT.CAED/100752001.FACILITY,Ahlstrom-Munksjö Italia S.p.A.
2023-02-11 10:00:00,0.72388,IT.CAED/100752001.FACILITY,Ahlstrom-Munksjö Italia S.p.A.
2023-02-11 11:00:00,0.81672,IT.CAED/100752001.FACILITY,Ahlstrom-Munksjö Italia S.p.A.
2023-02-11 12:00:00,0.87566,IT.CAED/100752001.FACILITY,Ahlstrom-Munksjö Italia S.p.A.
2023-02-11 13:00:00,0.88314,IT.CAED/100752001.FACILITY,Ahlstrom-Munksjö Italia S.p.A.
2023-02-11 14:00:00,0.7907799999999999,IT.CAED/100752001.FACILITY,Ahlstrom-Munksjö Italia S.p.A.
2023-02-11 15:00:00,0.62062,IT.CAED/100752001.FACILITY,Ahlstrom-Munksjö Italia S.p.A.
2023-02-11 16:00:00,0.37109,IT.CAED/100752001.FACILITY,Ahlstrom-Munksjö Italia S.p.A.
2023-02-11 17:00:00,0.0029300000000000003,IT.CAED/100752001.FACILITY,Ahlstrom-Munksjö Italia S.p.A.
2023-02-11 18:00:00,0.0,IT.CAED/100752001.FACILITY,Ahlstrom-Munksjö Italia S.p.A.
2023-02-11 19:00:00,0.0,IT.CAED/100752001.FACILITY,Ahlstrom-Munksjö Italia S.p.A.
2023-02-11 20:00:00,0.0,IT.CAED/100752001.FACILITY,Ahlstrom-Munksjö Italia S.p.A.
2023-02-11 21:00:00,0.0,IT.CAED/100752001.FACILITY,Ahlstrom-Munksjö Italia S.p.A.
2023-02-11 22:00:00,0.0,IT.CAED/100752001.FACILITY,Ahlstrom-Munksjö Italia S.p.A.
2023-02-11 23:00:00,0.0,IT.CAED/100752001.FACILITY,Ahlstrom-Munksjö Italia S.p.A.
2023-02-12 00:00:00,0.0,IT.CAED/100752001.FACILITY,Ahlstrom-Munksjö Italia S.p.A.
2023-02-12 01:00:00,0.0,IT.CAED/100752001.FACILITY,Ahlstrom-Munksjö Italia S.p.A.
2023-02-12 02:00:00,0.0,IT.CAED/100752001.FACILITY,Ahlstrom-Munksjö Italia S.p.A.
2023-02-12 03:00:00,0.0,IT.CAED/100752001.FACILITY,Ahlstrom-Munksjö Italia S.p.A.
2023-02-12 04:00:00,0.0,IT.CAED/100752001.FACILITY,Ahlstrom-Munksjö Italia S.p.A.
2023-02-12 05:00:00,0.0,IT.CAED/100752001.FACILITY,Ahlstrom-Munksjö Italia S.p.A.
2023-02-12 06:00:00,0.0,IT.CAED/100752001.FACILITY,Ahlstrom-Munksjö Italia S.p.A.
2023-02-12 07:00:00,0.0,IT.CAED/100752001.FACILITY,Ahlstrom-Munksjö Italia S.p.A.
2023-02-12 08:00:00,0.25867,IT.CAED/100752001.FACILITY,Ahlstrom-Munksjö Italia S.p.A.
2023-02-12 09:00:00,0.545,IT.CAED/100752001.FACILITY,Ahlstrom-Munksjö Italia S.p.A.
2023-02-12 10:00:00,0.7319,IT.CAED/100752001.FACILITY,Ahlstrom-Munksjö Italia S.p.A.
2023-02-12 11:00:00,0.82741,IT.CAED/100752001.FACILITY,Ahlstrom-Munksjö Italia S.p.A.
2023-02-12 12:00:00,0.87302,IT.CAED/100752001.FACILITY,Ahlstrom-Munksjö Italia S.p.A.
2023-02-12 13:00:00,0.85473,IT.CAED/100752001.FACILITY,Ahlstrom-Munksjö Italia S.p.A.
2023-02-12 14:00:00,0.76583,IT.CAED/100752001.FACILITY,Ahlstrom-Munksjö Italia S.p.A.
2023-02-12 15:00:00,0.60293,IT.CAED/100752001.FACILITY,Ahlstrom-Munksjö Italia S.p.A.
2023-02-12 16:00:00,0.36298,IT.CAED/100752001.FACILITY,Ahlstrom-Munksjö Italia S.p.A.
2023-02-12 17:00:00,0.00326,IT.CAED/100752001.FACILITY,Ahlstrom-Munksjö Italia S.p.A.
2023-02-12 18:00:00,0.0,IT.CAED/100752001.FACILITY,Ahlstrom-Munksjö Italia S.p.A.
2023-02-12 19:00:00,0.0,IT.CAED/100752001.FACILITY,Ahlstrom-Munksjö Italia S.p.A.
2023-02-12 20:00:00,0.0,IT.CAED/100752001.FACILITY,Ahlstrom-Munksjö Italia S.p.A.
2023-02-12 21:00:00,0.0,IT.CAED/100752001.FACILITY,Ahlstrom-Munksjö Italia S.p.A.
2023-02-12 22:00:00,0.0,IT.CAED/100752001.FACILITY,Ahlstrom-Munksjö Italia S.p.A.
2023-02-12 23:00:00,0.0,IT.CAED/100752001.FACILITY,Ahlstrom-Munksjö Italia S.p.A.
2023-02-13 00:00:00,0.0,IT.CAED/100752001.FACILITY,Ahlstrom-Munksjö Italia S.p.A.
2023-02-13 01:00:00,0.0,IT.CAED/100752001.FACILITY,Ahlstrom-Munksjö Italia S.p.A.
2023-02-13 02:00:00,0.0,IT.CAED/100752001.FACILITY,Ahlstrom-Munksjö Italia S.p.A.
2023-02-13 03:00:00,0.0,IT.CAED/100752001.FACILITY,Ahlstrom-Munksjö Italia S.p.A.
2023-02-13 04:00:00,0.0,IT.CAED/100752001.FACILITY,Ahlstrom-Munksjö Italia S.p.A.
2023-02-13 05:00:00,0.0,IT.CAED/100752001.FACILITY,Ahlstrom-Munksjö Italia S.p.A.
2023-02-13 06:00:00,0.0,IT.CAED/100752001.FACILITY,Ahlstrom-Munksjö Italia S.p.A.
2023-02-13 07:00:00,0.0,IT.CAED/100752001.FACILITY,Ahlstrom-Munksjö Italia S.p.A.
2023-02-13 08:00:00,0.24641,IT.CAED/100752001.FACILITY,Ahlstrom-Munksjö Italia S.p.A.
2023-02-13 09:00:00,0.5175,IT.CAED/100752001.FACILITY,Ahlstrom-Munksjö Italia S.p.A.
2023-02-13 10:00:00,0.72145,IT.CAED/100752001.FACILITY,Ahlstrom-Munksjö Italia S.p.A.
2023-02-13 11:00:00,0.84461,IT.CAED/100752001.FACILITY,Ahlstrom-Munksjö Italia S.p.A.
2023-02-13 12:00:00,0.8963300000000001,IT.CAED/100752001.FACILITY,Ahlstrom-Munksjö Italia S.p.A.
2023-02-13 13:00:00,0.87472,IT.CAED/100752001.FACILITY,Ahlstrom-Munksjö Italia S.p.A.
2023-02-13 14:00:00,0.78246,IT.CAED/100752001.FACILITY,Ahlstrom-Munksjö Italia S.p.A.
2023-02-13 15:00:00,0.61462,IT.CAED/100752001.FACILITY,Ahlstrom-Munksjö Italia S.p.A.
2023-02-13 16:00:00,0.36856,IT.CAED/100752001.FACILITY,Ahlstrom-Munksjö Italia S.p.A.
2023-02-13 17:00:00,0.00378,IT.CAED/100752001.FACILITY,Ahlstrom-Munksjö Italia S.p.A.
2023-02-13 18:00:00,0.0,IT.CAED/100752001.FACILITY,Ahlstrom-Munksjö Italia S.p.A.
2023-02-13 19:00:00,0.0,IT.CAED/100752001.FACILITY,Ahlstrom-Munksjö Italia S.p.A.
2023-02-13 20:00:00,0.0,IT.CAED/100752001.FACILITY,Ahlstrom-Munksjö Italia S.p.A.
2023-02-13 21:00:00,0.0,IT.CAED/100752001.FACILITY,Ahlstrom-Munksjö Italia S.p.A.
2023-02-13 22:00:00,0.0,IT.CAED/100752001.FACILITY,Ahlstrom-Munksjö Italia S.p.A.
2023-02-13 23:00:00,0.0,IT.CAED/100752001.FACILITY,Ahlstrom-Munksjö Italia S.p.A.
2023-02-14 00:00:00,0.0,IT.CAED/100752001.FACILITY,Ahlstrom-Munksjö Italia S.p.A.
2023-02-14 01:00:00,0.0,IT.CAED/100752001.FACILITY,Ahlstrom-Munksjö Italia S.p.A.
2023-02-14 02:00:00,0.0,IT.CAED/100752001.FACILITY,Ahlstrom-Munksjö Italia S.p.A.
2023-02-14 03:00:00,0.0,IT.CAED/100752001.FACILITY,Ahlstrom-Munksjö Italia S.p.A.
2023-02-14 04:00:00,0.0,IT.CAED/100752001.FACILITY,Ahlstrom-Munksjö Italia S.p.A.
2023-02-14 05:00:00,0.0,IT.CAED/100752001.FACILITY,Ahlstrom-Munksjö Italia S.p.A.
2023-02-14 06:00:00,0.0,IT.CAED/100752001.FACILITY,Ahlstrom-Munksjö Italia S.p.A.
2023-02-14 07:00:00,0.0,IT.CAED/100752001.FACILITY,Ahlstrom-Munksjö Italia S.p.A.
2023-02-14 08:00:00,0.24337,IT.CAED/100752001.FACILITY,Ahlstrom-Munksjö Italia S.p.A.
2023-02-14 09:00:00,0.50429,IT.CAED/100752001.FACILITY,Ahlstrom-Munksjö Italia S.p.A.
2023-02-14 10:00:00,0.72876,IT.CAED/100752001.FACILITY,Ahlstrom-Munksjö Italia S.p.A.
2023-02-14 11:00:00,0.8269099999999999,IT.CAED/100752001.FACILITY,Ahlstrom-Munksjö Italia S.p.A.
2023-02-14 12:00:00,0.87673,IT.CAED/100752001.FACILITY,Ahlstrom-Munksjö Italia S.p.A.
2023-02-14 13:00:00,0.8571599999999999,IT.CAED/100752001.FACILITY,Ahlstrom-Munksjö Italia S.p.A.
2023-02-14 14:00:00,0.77136,IT.CAED/100752001.FACILITY,Ahlstrom-Munksjö Italia S.p.A.
2023-02-14 15:00:00,0.60837,IT.CAED/100752001.FACILITY,Ahlstrom-Munksjö Italia S.p.A.
2023-02-14 16:00:00,0.36910000000000004,IT.CAED/100752001.FACILITY,Ahlstrom-Munksjö Italia S.p.A.
2023-02-14 17:00:00,0.00413,IT.CAED/100752001.FACILITY,Ahlstrom-Munksjö Italia S.p.A.
2023-02-14 18:00:00,0.0,IT.CAED/100752001.FACILITY,Ahlstrom-Munksjö Italia S.p.A.
2023-02-14 19:00:00,0.0,IT.CAED/100752001.FACILITY,Ahlstrom-Munksjö Italia S.p.A.
2023-02-14 20:00:00,0.0,IT.CAED/100752001.FACILITY,Ahlstrom-Munksjö Italia S.p.A.
2023-02-14 21:00:00,0.0,IT.CAED/100752001.FACILITY,Ahlstrom-Munksjö Italia S.p.A.
2023-02-14 22:00:00,0.0,IT.CAED/100752001.FACILITY,Ahlstrom-Munksjö Italia S.p.A.
2023-02-14 23:00:00,0.0,IT.CAED/100752001.FACILITY,Ahlstrom-Munksjö Italia S.p.A.
2023-02-15 00:00:00,0.0,IT.CAED/100752001.FACILITY,Ahlstrom-Munksjö Italia S.p.A.
2023-02-15 01:00:00,0.0,IT.CAED/100752001.FACILITY,Ahlstrom-Munksjö Italia S.p.A.
2023-02-15 02:00:00,0.0,IT.CAED/100752001.FACILITY,Ahlstrom-Munksjö Italia S.p.A.
2023-02-15 03:00:00,0.0,IT.CAED/100752001.FACILITY,Ahlstrom-Munksjö Italia S.p.A.
2023-02-15 04:00:00,0.0,IT.CAED/100752001.FACILITY,Ahlstrom-Munksjö Italia S.p.A.
2023-02-15 05:00:00,0.0,IT.CAED/100752001.FACILITY,Ahlstrom-Munksjö Italia S.p.A.
2023-02-15 06:00:00,0.0,IT.CAED/100752001.FACILITY,Ahlstrom-Munksjö Italia S.p.A.
2023-02-15 07:00:00,0.0,IT.CAED/100752001.FACILITY,Ahlstrom-Munksjö Italia S.p.A.
2023-02-15 08:00:00,0.26986,IT.CAED/100752001.FACILITY,Ahlstrom-Munksjö Italia S.p.A.
2023-02-15 09:00:00,0.54927,IT.CAED/100752001.FACILITY,Ahlstrom-Munksjö Italia S.p.A.
2023-02-15 10:00:00,0.73184,IT.CAED/100752001.FACILITY,Ahlstrom-Munksjö Italia S.p.A.
2023-02-15 11:00:00,0.82586,IT.CAED/100752001.FACILITY,Ahlstrom-Munksjö Italia S.p.A.
2023-02-15 12:00:00,0.87859,IT.CAED/100752001.FACILITY,Ahlstrom-Munksjö Italia S.p.A.
2023-02-15 13:00:00,0.85798,IT.CAED/100752001.FACILITY,Ahlstrom-Munksjö Italia S.p.A.
2023-02-15 14:00:00,0.76897,IT.CAED/100752001.FACILITY,Ahlstrom-Munksjö Italia S.p.A.
2023-02-15 15:00:00,0.60741,IT.CAED/100752001.FACILITY,Ahlstrom-Munksjö Italia S.p.A.
2023-02-15 16:00:00,0.37022000000000005,IT.CAED/100752001.FACILITY,Ahlstrom-Munksjö Italia S.p.A.
2023-02-15 17:00:00,0.00447,IT.CAED/100752001.FACILITY,Ahlstrom-Munksjö Italia S.p.A.
2023-02-15 18:00:00,0.0,IT.CAED/100752001.FACILITY,Ahlstrom-Munksjö Italia S.p.A.
2023-02-15 19:00:00,0.0,IT.CAED/100752001.FACILITY,Ahlstrom-Munksjö Italia S.p.A.
2023-02-15 20:00:00,0.0,IT.CAED/100752001.FACILITY,Ahlstrom-Munksjö Italia S.p.A.
2023-02-15 21:00:00,0.0,IT.CAED/100752001.FACILITY,Ahlstrom-Munksjö Italia S.p.A.
2023-02-15 22:00:00,0.0,IT.CAED/100752001.FACILITY,Ahlstrom-Munksjö Italia S.p.A.
2023-02-15 23:00:00,0.0,IT.CAED/100752001.FACILITY,Ahlstrom-Munksjö Italia S.p.A.
2023-02-16 00:00:00,0.0,IT.CAED/100752001.FACILITY,Ahlstrom-Munksjö Italia S.p.A.
2023-02-16 01:00:00,0.0,IT.CAED/100752001.FACILITY,Ahlstrom-Munksjö Italia S.p.A.
2023-02-16 02:00:00,0.0,IT.CAED/100752001.FACILITY,Ahlstrom-Munksjö Italia S.p.A.
2023-02-16 03:00:00,0.0,IT.CAED/100752001.FACILITY,Ahlstrom-Munksjö Italia S.p.A.
2023-02-16 04:00:00,0.0,IT.CAED/100752001.FACILITY,Ahlstrom-Munksjö Italia S.p.A.
2023-02-16 05:00:00,0.0,IT.CAED/100752001.FACILITY,Ahlstrom-Munksjö Italia S.p.A.
2023-02-16 06:00:00,0.0,IT.CAED/100752001.FACILITY,Ahlstrom-Munksjö Italia S.p.A.
2023-02-16 07:00:00,0.0,IT.CAED/100752001.FACILITY,Ahlstrom-Munksjö Italia S.p.A.
2023-02-16 08:00:00,0.21197,IT.CAED/100752001.FACILITY,Ahlstrom-Munksjö Italia S.p.A.
2023-02-16 09:00:00,0.43324,IT.CAED/100752001.FACILITY,Ahlstrom-Munksjö Italia S.p.A.
2023-02-16 10:00:00,0.60813,IT.CAED/100752001.FACILITY,Ahlstrom-Munksjö Italia S.p.A.
2023-02-16 11:00:00,0.79015,IT.CAED/100752001.FACILITY,Ahlstrom-Munksjö Italia S.p.A.
2023-02-16 12:00:00,0.8864099999999999,IT.CAED/100752001.FACILITY,Ahlstrom-Munksjö Italia S.p.A.
2023-02-16 13:00:00,0.8744,IT.CAED/100752001.FACILITY,Ahlstrom-Munksjö Italia S.p.A.
2023-02-16 14:00:00,0.7885599999999999,IT.CAED/100752001.FACILITY,Ahlstrom-Munksjö Italia S.p.A.
2023-02-16 15:00:00,0.61913,IT.CAED/100752001.FACILITY,Ahlstrom-Munksjö Italia S.p.A.
2023-02-16 16:00:00,0.37726,IT.CAED/100752001.FACILITY,Ahlstrom-Munksjö Italia S.p.A.
2023-02-16 17:00:00,0.00504,IT.CAED/100752001.FACILITY,Ahlstrom-Munksjö Italia S.p.A.
2023-02-16 18:00:00,0.0,IT.CAED/100752001.FACILITY,Ahlstrom-Munksjö Italia S.p.A.
2023-02-16 19:00:00,0.0,IT.CAED/100752001.FACILITY,Ahlstrom-Munksjö Italia S.p.A.
2023-02-16 20:00:00,0.0,IT.CAED/100752001.FACILITY,Ahlstrom-Munksjö Italia S.p.A.
2023-02-16 21:00:00,0.0,IT.CAED/100752001.FACILITY,Ahlstrom-Munksjö Italia S.p.A.
2023-02-16 22:00:00,0.0,IT.CAED/100752001.FACILITY,Ahlstrom-Munksjö Italia S.p.A.
2023-02-16 23:00:00,0.0,IT.CAED/100752001.FACILITY,Ahlstrom-Munksjö Italia S.p.A.
2023-02-17 00:00:00,0.0,IT.CAED/100752001.FACILITY,Ahlstrom-Munksjö Italia S.p.A.
2023-02-17 01:00:00,0.0,IT.CAED/100752001.FACILITY,Ahlstrom-Munksjö Italia S.p.A.
2023-02-17 02:00:00,0.0,IT.CAED/100752001.FACILITY,Ahlstrom-Munksjö Italia S.p.A.
2023-02-17 03:00:00,0.0,IT.CAED/100752001.FACILITY,Ahlstrom-Munksjö Italia S.p.A.
2023-02-17 04:00:00,0.0,IT.CAED/100752001.FACILITY,Ahlstrom-Munksjö Italia S.p.A.
2023-02-17 05:00:00,0.0,IT.CAED/100752001.FACILITY,Ahlstrom-Munksjö Italia S.p.A.
2023-02-17 06:00:00,0.0,IT.CAED/100752001.FACILITY,Ahlstrom-Munksjö Italia S.p.A.
2023-02-17 07:00:00,0.0,IT.CAED/100752001.FACILITY,Ahlstrom-Munksjö Italia S.p.A.
2023-02-17 08:00:00,0.22613999999999998,IT.CAED/100752001.FACILITY,Ahlstrom-Munksjö Italia S.p.A.
2023-02-17 09:00:00,0.46711,IT.CAED/100752001.FACILITY,Ahlstrom-Munksjö Italia S.p.A.
2023-02-17 10:00:00,0.6321100000000001,IT.CAED/100752001.FACILITY,Ahlstrom-Munksjö Italia S.p.A.
2023-02-17 11:00:00,0.75552,IT.CAED/100752001.FACILITY,Ahlstrom-Munksjö Italia S.p.A.
2023-02-17 12:00:00,0.79126,IT.CAED/100752001.FACILITY,Ahlstrom-Munksjö Italia S.p.A.
2023-02-17 13:00:00,0.84778,IT.CAED/100752001.FACILITY,Ahlstrom-Munksjö Italia S.p.A.
2023-02-17 14:00:00,0.78389,IT.CAED/100752001.FACILITY,Ahlstrom-Munksjö Italia S.p.A.
2023-02-17 15:00:00,0.6113200000000001,IT.CAED/100752001.FACILITY,Ahlstrom-Munksjö Italia S.p.A.
2023-02-17 16:00:00,0.36351999999999995,IT.CAED/100752001.FACILITY,Ahlstrom-Munksjö Italia S.p.A.
2023-02-17 17:00:00,0.00547,IT.CAED/100752001.FACILITY,Ahlstrom-Munksjö Italia S.p.A.
2023-02-17 18:00:00,0.0,IT.CAED/100752001.FACILITY,Ahlstrom-Munksjö Italia S.p.A.
2023-02-17 19:00:00,0.0,IT.CAED/100752001.FACILITY,Ahlstrom-Munksjö Italia S.p.A.
2023-02-17 20:00:00,0.0,IT.CAED/100752001.FACILITY,Ahlstrom-Munksjö Italia S.p.A.
2023-02-17 21:00:00,0.0,IT.CAED/100752001.FACILITY,Ahlstrom-Munksjö Italia S.p.A.
2023-02-17 22:00:00,0.0,IT.CAED/100752001.FACILITY,Ahlstrom-Munksjö Italia S.p.A.
2023-02-17 23:00:00,0.0,IT.CAED/100752001.FACILITY,Ahlstrom-Munksjö Italia S.p.A.
2023-02-18 00:00:00,0.0,IT.CAED/100752001.FACILITY,Ahlstrom-Munksjö Italia S.p.A.
2023-02-18 01:00:00,0.0,IT.CAED/100752001.FACILITY,Ahlstrom-Munksjö Italia S.p.A.
2023-02-18 02:00:00,0.0,IT.CAED/100752001.FACILITY,Ahlstrom-Munksjö Italia S.p.A.
2023-02-18 03:00:00,0.0,IT.CAED/100752001.FACILITY,Ahlstrom-Munksjö Italia S.p.A.
2023-02-18 04:00:00,0.0,IT.CAED/100752001.FACILITY,Ahlstrom-Munksjö Italia S.p.A.
2023-02-18 05:00:00,0.0,IT.CAED/100752001.FACILITY,Ahlstrom-Munksjö Italia S.p.A.
2023-02-18 06:00:00,0.0,IT.CAED/100752001.FACILITY,Ahlstrom-Munksjö Italia S.p.A.
2023-02-18 07:00:00,0.0,IT.CAED/100752001.FACILITY,Ahlstrom-Munksjö Italia S.p.A.
2023-02-18 08:00:00,0.25739999999999996,IT.CAED/100752001.FACILITY,Ahlstrom-Munksjö Italia S.p.A.
2023-02-18 09:00:00,0.50588,IT.CAED/100752001.FACILITY,Ahlstrom-Munksjö Italia S.p.A.
2023-02-18 10:00:00,0.69676,IT.CAED/100752001.FACILITY,Ahlstrom-Munksjö Italia S.p.A.
2023-02-18 11:00:00,0.81022,IT.CAED/100752001.FACILITY,Ahlstrom-Munksjö Italia S.p.A.
2023-02-18 12:00:00,0.88149,IT.CAED/100752001.FACILITY,Ahlstrom-Munksjö Italia S.p.A.
2023-02-18 13:00:00,0.8583200000000001,IT.CAED/100752001.FACILITY,Ahlstrom-Munksjö Italia S.p.A.
2023-02-18 14:00:00,0.72851,IT.CAED/100752001.FACILITY,Ahlstrom-Munksjö Italia S.p.A.
2023-02-18 15:00:00,0.6095700000000001,IT.CAED/100752001.FACILITY,Ahlstrom-Munksjö Italia S.p.A.
2023-02-18 16:00:00,0.37368,IT.CAED/100752001.FACILITY,Ahlstrom-Munksjö Italia S.p.A.
2023-02-18 17:00:00,0.00639,IT.CAED/100752001.FACILITY,Ahlstrom-Munksjö Italia S.p.A.
2023-02-18 18:00:00,0.0,IT.CAED/100752001.FACILITY,Ahlstrom-Munksjö Italia S.p.A.
2023-02-18 19:00:00,0.0,IT.CAED/100752001.FACILITY,Ahlstrom-Munksjö Italia S.p.A.
2023-02-18 20:00:00,0.0,IT.CAED/100752001.FACILITY,Ahlstrom-Munksjö Italia S.p.A.
2023-02-18 21:00:00,0.0,IT.CAED/100752001.FACILITY,Ahlstrom-Munksjö Italia S.p.A.
2023-02-18 22:00:00,0.0,IT.CAED/100752001.FACILITY,Ahlstrom-Munksjö Italia S.p.A.
2023-02-18 23:00:00,0.0,IT.CAED/100752001.FACILITY,Ahlstrom-Munksjö Italia S.p.A.
2023-02-19 00:00:00,0.0,IT.CAED/100752001.FACILITY,Ahlstrom-Munksjö Italia S.p.A.
2023-02-19 01:00:00,0.0,IT.CAED/100752001.FACILITY,Ahlstrom-Munksjö Italia S.p.A.
2023-02-19 02:00:00,0.0,IT.CAED/100752001.FACILITY,Ahlstrom-Munksjö Italia S.p.A.
2023-02-19 03:00:00,0.0,IT.CAED/100752001.FACILITY,Ahlstrom-Munksjö Italia S.p.A.
2023-02-19 04:00:00,0.0,IT.CAED/100752001.FACILITY,Ahlstrom-Munksjö Italia S.p.A.
2023-02-19 05:00:00,0.0,IT.CAED/100752001.FACILITY,Ahlstrom-Munksjö Italia S.p.A.
2023-02-19 06:00:00,0.0,IT.CAED/100752001.FACILITY,Ahlstrom-Munksjö Italia S.p.A.
2023-02-19 07:00:00,0.0,IT.CAED/100752001.FACILITY,Ahlstrom-Munksjö Italia S.p.A.
2023-02-19 08:00:00,0.22275999999999999,IT.CAED/100752001.FACILITY,Ahlstrom-Munksjö Italia S.p.A.
2023-02-19 09:00:00,0.44133999999999995,IT.CAED/100752001.FACILITY,Ahlstrom-Munksjö Italia S.p.A.
2023-02-19 10:00:00,0.48362,IT.CAED/100752001.FACILITY,Ahlstrom-Munksjö Italia S.p.A.
2023-02-19 11:00:00,0.66744,IT.CAED/100752001.FACILITY,Ahlstrom-Munksjö Italia S.p.A.
2023-02-19 12:00:00,0.78484,IT.CAED/100752001.FACILITY,Ahlstrom-Munksjö Italia S.p.A.
2023-02-19 13:00:00,0.77534,IT.CAED/100752001.FACILITY,Ahlstrom-Munksjö Italia S.p.A.
2023-02-19 14:00:00,0.76667,IT.CAED/100752001.FACILITY,Ahlstrom-Munksjö Italia S.p.A.
2023-02-19 15:00:00,0.62115,IT.CAED/100752001.FACILITY,Ahlstrom-Munksjö Italia S.p.A.
2023-02-19 16:00:00,0.38189999999999996,IT.CAED/100752001.FACILITY,Ahlstrom-Munksjö Italia S.p.A.
2023-02-19 17:00:00,0.00645,IT.CAED/100752001.FACILITY,Ahlstrom-Munksjö Italia S.p.A.
2023-02-19 18:00:00,0.0,IT.CAED/100752001.FACILITY,Ahlstrom-Munksjö Italia S.p.A.
2023-02-19 19:00:00,0.0,IT.CAED/100752001.FACILITY,Ahlstrom-Munksjö Italia S.p.A.
2023-02-19 20:00:00,0.0,IT.CAED/100752001.FACILITY,Ahlstrom-Munksjö Italia S.p.A.
2023-02-19 21:00:00,0.0,IT.CAED/100752001.FACILITY,Ahlstrom-Munksjö Italia S.p.A.
2023-02-19 22:00:00,0.0,IT.CAED/100752001.FACILITY,Ahlstrom-Munksjö Italia S.p.A.
2023-02-19 23:00:00,0.0,IT.CAED/100752001.FACILITY,Ahlstrom-Munksjö Italia S.p.A.
2023-02-20 00:00:00,0.0,IT.CAED/100752001.FACILITY,Ahlstrom-Munksjö Italia S.p.A.
2023-02-20 01:00:00,0.0,IT.CAED/100752001.FACILITY,Ahlstrom-Munksjö Italia S.p.A.
2023-02-20 02:00:00,0.0,IT.CAED/100752001.FACILITY,Ahlstrom-Munksjö Italia S.p.A.
2023-02-20 03:00:00,0.0,IT.CAED/100752001.FACILITY,Ahlstrom-Munksjö Italia S.p.A.
2023-02-20 04:00:00,0.0,IT.CAED/100752001.FACILITY,Ahlstrom-Munksjö Italia S.p.A.
2023-02-20 05:00:00,0.0,IT.CAED/100752001.FACILITY,Ahlstrom-Munksjö Italia S.p.A.
2023-02-20 06:00:00,0.0,IT.CAED/100752001.FACILITY,Ahlstrom-Munksjö Italia S.p.A.
2023-02-20 07:00:00,0.00023999999999999998,IT.CAED/100752001.FACILITY,Ahlstrom-Munksjö Italia S.p.A.
2023-02-20 08:00:00,0.18525999999999998,IT.CAED/100752001.FACILITY,Ahlstrom-Munksjö Italia S.p.A.
2023-02-20 09:00:00,0.4418,IT.CAED/100752001.FACILITY,Ahlstrom-Munksjö Italia S.p.A.
2023-02-20 10:00:00,0.61986,IT.CAED/100752001.FACILITY,Ahlstrom-Munksjö Italia S.p.A.
2023-02-20 11:00:00,0.7387,IT.CAED/100752001.FACILITY,Ahlstrom-Munksjö Italia S.p.A.
2023-02-20 12:00:00,0.83002,IT.CAED/100752001.FACILITY,Ahlstrom-Munksjö Italia S.p.A.
2023-02-20 13:00:00,0.84014,IT.CAED/100752001.FACILITY,Ahlstrom-Munksjö Italia S.p.A.
2023-02-20 14:00:00,0.75702,IT.CAED/100752001.FACILITY,Ahlstrom-Munksjö Italia S.p.A.
2023-02-20 15:00:00,0.5795800000000001,IT.CAED/100752001.FACILITY,Ahlstrom-Munksjö Italia S.p.A.
2023-02-20 16:00:00,0.34945,IT.CAED/100752001.FACILITY,Ahlstrom-Munksjö Italia S.p.A.
2023-02-20 17:00:00,0.00962,IT.CAED/100752001.FACILITY,Ahlstrom-Munksjö Italia S.p.A.
2023-02-20 18:00:00,0.0,IT.CAED/100752001.FACILITY,Ahlstrom-Munksjö Italia S.p.A.
2023-02-20 19:00:00,0.0,IT.CAED/100752001.FACILITY,Ahlstrom-Munksjö Italia S.p.A.
2023-02-20 20:00:00,0.0,IT.CAED/100752001.FACILITY,Ahlstrom-Munksjö Italia S.p.A.
2023-02-20 21:00:00,0.0,IT.CAED/100752001.FACILITY,Ahlstrom-Munksjö Italia S.p.A.
2023-02-20 22:00:00,0.0,IT.CAED/100752001.FACILITY,Ahlstrom-Munksjö Italia S.p.A.
2023-02-20 23:00:00,0.0,IT.CAED/100752001.FACILITY,Ahlstrom-Munksjö Italia S.p.A.
2023-02-21 00:00:00,0.0,IT.CAED/100752001.FACILITY,Ahlstrom-Munksjö Italia S.p.A.
2023-02-21 01:00:00,0.0,IT.CAED/100752001.FACILITY,Ahlstrom-Munksjö Italia S.p.A.
2023-02-21 02:00:00,0.0,IT.CAED/100752001.FACILITY,Ahlstrom-Munksjö Italia S.p.A.
2023-02-21 03:00:00,0.0,IT.CAED/100752001.FACILITY,Ahlstrom-Munksjö Italia S.p.A.
2023-02-21 04:00:00,0.0,IT.CAED/100752001.FACILITY,Ahlstrom-Munksjö Italia S.p.A.
2023-02-21 05:00:00,0.0,IT.CAED/100752001.FACILITY,Ahlstrom-Munksjö Italia S.p.A.
2023-02-21 06:00:00,0.0,IT.CAED/100752001.FACILITY,Ahlstrom-Munksjö Italia S.p.A.
2023-02-21 07:00:00,0.0008100000000000001,IT.CAED/100752001.FACILITY,Ahlstrom-Munksjö Italia S.p.A.
2023-02-21 08:00:00,0.20429,IT.CAED/100752001.FACILITY,Ahlstrom-Munksjö Italia S.p.A.
2023-02-21 09:00:00,0.33258,IT.CAED/100752001.FACILITY,Ahlstrom-Munksjö Italia S.p.A.
2023-02-21 10:00:00,0.54367,IT.CAED/100752001.FACILITY,Ahlstrom-Munksjö Italia S.p.A.
2023-02-21 11:00:00,0.71049,IT.CAED/100752001.FACILITY,Ahlstrom-Munksjö Italia S.p.A.
2023-02-21 12:00:00,0.7622899999999999,IT.CAED/100752001.FACILITY,Ahlstrom-Munksjö Italia S.p.A.
2023-02-21 13:00:00,0.73566,IT.CAED/100752001.FACILITY,Ahlstrom-Munksjö Italia S.p.A.
2023-02-21 14:00:00,0.65799,IT.CAED/100752001.FACILITY,Ahlstrom-Munksjö Italia S.p.A.
2023-02-21 15:00:00,0.52759,IT.CAED/100752001.FACILITY,Ahlstrom-Munksjö Italia S.p.A.
2023-02-21 16:00:00,0.33346,IT.CAED/100752001.FACILITY,Ahlstrom-Munksjö Italia S.p.A.
2023-02-21 17:00:00,0.0075,IT.CAED/100752001.FACILITY,Ahlstrom-Munksjö Italia S.p.A.
2023-02-21 18:00:00,0.0,IT.CAED/100752001.FACILITY,Ahlstrom-Munksjö Italia S.p.A.
2023-02-21 19:00:00,0.0,IT.CAED/100752001.FACILITY,Ahlstrom-Munksjö Italia S.p.A.
2023-02-21 20:00:00,0.0,IT.CAED/100752001.FACILITY,Ahlstrom-Munksjö Italia S.p.A.
2023-02-21 21:00:00,0.0,IT.CAED/100752001.FACILITY,Ahlstrom-Munksjö Italia S.p.A.
2023-02-21 22:00:00,0.0,IT.CAED/100752001.FACILITY,Ahlstrom-Munksjö Italia S.p.A.
2023-02-21 23:00:00,0.0,IT.CAED/100752001.FACILITY,Ahlstrom-Munksjö Italia S.p.A.
2023-02-22 00:00:00,0.0,IT.CAED/100752001.FACILITY,Ahlstrom-Munksjö Italia S.p.A.
2023-02-22 01:00:00,0.0,IT.CAED/100752001.FACILITY,Ahlstrom-Munksjö Italia S.p.A.
2023-02-22 02:00:00,0.0,IT.CAED/100752001.FACILITY,Ahlstrom-Munksjö Italia S.p.A.
2023-02-22 03:00:00,0.0,IT.CAED/100752001.FACILITY,Ahlstrom-Munksjö Italia S.p.A.
2023-02-22 04:00:00,0.0,IT.CAED/100752001.FACILITY,Ahlstrom-Munksjö Italia S.p.A.
2023-02-22 05:00:00,0.0,IT.CAED/100752001.FACILITY,Ahlstrom-Munksjö Italia S.p.A.
2023-02-22 06:00:00,0.0,IT.CAED/100752001.FACILITY,Ahlstrom-Munksjö Italia S.p.A.
2023-02-22 07:00:00,0.0,IT.CAED/100752001.FACILITY,Ahlstrom-Munksjö Italia S.p.A.
2023-02-22 08:00:00,0.06369,IT.CAED/100752001.FACILITY,Ahlstrom-Munksjö Italia S.p.A.
2023-02-22 09:00:00,0.1701,IT.CAED/100752001.FACILITY,Ahlstrom-Munksjö Italia S.p.A.
2023-02-22 10:00:00,0.27618,IT.CAED/100752001.FACILITY,Ahlstrom-Munksjö Italia S.p.A.
2023-02-22 11:00:00,0.27577999999999997,IT.CAED/100752001.FACILITY,Ahlstrom-Munksjö Italia S.p.A.
2023-02-22 12:00:00,0.36978,IT.CAED/100752001.FACILITY,Ahlstrom-Munksjö Italia S.p.A.
2023-02-22 13:00:00,0.31307999999999997,IT.CAED/100752001.FACILITY,Ahlstrom-Munksjö Italia S.p.A.
2023-02-22 14:00:00,0.23188,IT.CAED/100752001.FACILITY,Ahlstrom-Munksjö Italia S.p.A.
2023-02-22 15:00:00,0.15569999999999998,IT.CAED/100752001.FACILITY,Ahlstrom-Munksjö Italia S.p.A.
2023-02-22 16:00:00,0.06236,IT.CAED/100752001.FACILITY,Ahlstrom-Munksjö Italia S.p.A.
2023-02-22 17:00:00,0.0016,IT.CAED/100752001.FACILITY,Ahlstrom-Munksjö Italia S.p.A.
2023-02-22 18:00:00,0.0,IT.CAED/100752001.FACILITY,Ahlstrom-Munksjö Italia S.p.A.
2023-02-22 19:00:00,0.0,IT.CAED/100752001.FACILITY,Ahlstrom-Munksjö Italia S.p.A.
2023-02-22 20:00:00,0.0,IT.CAED/100752001.FACILITY,Ahlstrom-Munksjö Italia S.p.A.
2023-02-22 21:00:00,0.0,IT.CAED/100752001.FACILITY,Ahlstrom-Munksjö Italia S.p.A.
2023-02-22 22:00:00,0.0,IT.CAED/100752001.FACILITY,Ahlstrom-Munksjö Italia S.p.A.
2023-02-22 23:00:00,0.0,IT.CAED/100752001.FACILITY,Ahlstrom-Munksjö Italia S.p.A.
2023-02-23 00:00:00,0.0,IT.CAED/100752001.FACILITY,Ahlstrom-Munksjö Italia S.p.A.
2023-02-23 01:00:00,0.0,IT.CAED/100752001.FACILITY,Ahlstrom-Munksjö Italia S.p.A.
2023-02-23 02:00:00,0.0,IT.CAED/100752001.FACILITY,Ahlstrom-Munksjö Italia S.p.A.
2023-02-23 03:00:00,0.0,IT.CAED/100752001.FACILITY,Ahlstrom-Munksjö Italia S.p.A.
2023-02-23 04:00:00,0.0,IT.CAED/100752001.FACILITY,Ahlstrom-Munksjö Italia S.p.A.
2023-02-23 05:00:00,0.0,IT.CAED/100752001.FACILITY,Ahlstrom-Munksjö Italia S.p.A.
2023-02-23 06:00:00,0.0,IT.CAED/100752001.FACILITY,Ahlstrom-Munksjö Italia S.p.A.
2023-02-23 07:00:00,0.0,IT.CAED/100752001.FACILITY,Ahlstrom-Munksjö Italia S.p.A.
2023-02-23 08:00:00,0.0354,IT.CAED/100752001.FACILITY,Ahlstrom-Munksjö Italia S.p.A.
2023-02-23 09:00:00,0.1149,IT.CAED/100752001.FACILITY,Ahlstrom-Munksjö Italia S.p.A.
2023-02-23 10:00:00,0.15369999999999998,IT.CAED/100752001.FACILITY,Ahlstrom-Munksjö Italia S.p.A.
2023-02-23 11:00:00,0.12097,IT.CAED/100752001.FACILITY,Ahlstrom-Munksjö Italia S.p.A.
2023-02-23 12:00:00,0.24683000000000002,IT.CAED/100752001.FACILITY,Ahlstrom-Munksjö Italia S.p.A.
2023-02-23 13:00:00,0.18228,IT.CAED/100752001.FACILITY,Ahlstrom-Munksjö Italia S.p.A.
2023-02-23 14:00:00,0.15647,IT.CAED/100752001.FACILITY,Ahlstrom-Munksjö Italia S.p.A.
2023-02-23 15:00:00,0.13248,IT.CAED/100752001.FACILITY,Ahlstrom-Munksjö Italia S.p.A.
2023-02-23 16:00:00,0.04838,IT.CAED/100752001.FACILITY,Ahlstrom-Munksjö Italia S.p.A.
2023-02-23 17:00:00,0.0034,IT.CAED/100752001.FACILITY,Ahlstrom-Munksjö Italia S.p.A.
2023-02-23 18:00:00,0.0,IT.CAED/100752001.FACILITY,Ahlstrom-Munksjö Italia S.p.A.
2023-02-23 19:00:00,0.0,IT.CAED/100752001.FACILITY,Ahlstrom-Munksjö Italia S.p.A.
2023-02-23 20:00:00,0.0,IT.CAED/100752001.FACILITY,Ahlstrom-Munksjö Italia S.p.A.
2023-02-23 21:00:00,0.0,IT.CAED/100752001.FACILITY,Ahlstrom-Munksjö Italia S.p.A.
2023-02-23 22:00:00,0.0,IT.CAED/100752001.FACILITY,Ahlstrom-Munksjö Italia S.p.A.
2023-02-23 23:00:00,0.0,IT.CAED/100752001.FACILITY,Ahlstrom-Munksjö Italia S.p.A.
2023-02-24 00:00:00,0.0,IT.CAED/100752001.FACILITY,Ahlstrom-Munksjö Italia S.p.A.
2023-02-24 01:00:00,0.0,IT.CAED/100752001.FACILITY,Ahlstrom-Munksjö Italia S.p.A.
2023-02-24 02:00:00,0.0,IT.CAED/100752001.FACILITY,Ahlstrom-Munksjö Italia S.p.A.
2023-02-24 03:00:00,0.0,IT.CAED/100752001.FACILITY,Ahlstrom-Munksjö Italia S.p.A.
2023-02-24 04:00:00,0.0,IT.CAED/100752001.FACILITY,Ahlstrom-Munksjö Italia S.p.A.
2023-02-24 05:00:00,0.0,IT.CAED/100752001.FACILITY,Ahlstrom-Munksjö Italia S.p.A.
2023-02-24 06:00:00,0.0,IT.CAED/100752001.FACILITY,Ahlstrom-Munksjö Italia S.p.A.
2023-02-24 07:00:00,0.0,IT.CAED/100752001.FACILITY,Ahlstrom-Munksjö Italia S.p.A.
2023-02-24 08:00:00,0.039979999999999995,IT.CAED/100752001.FACILITY,Ahlstrom-Munksjö Italia S.p.A.
2023-02-24 09:00:00,0.03452,IT.CAED/100752001.FACILITY,Ahlstrom-Munksjö Italia S.p.A.
2023-02-24 10:00:00,0.12057999999999999,IT.CAED/100752001.FACILITY,Ahlstrom-Munksjö Italia S.p.A.
2023-02-24 11:00:00,0.11165,IT.CAED/100752001.FACILITY,Ahlstrom-Munksjö Italia S.p.A.
2023-02-24 12:00:00,0.14701,IT.CAED/100752001.FACILITY,Ahlstrom-Munksjö Italia S.p.A.
2023-02-24 13:00:00,0.18902000000000002,IT.CAED/100752001.FACILITY,Ahlstrom-Munksjö Italia S.p.A.
2023-02-24 14:00:00,0.11315,IT.CAED/100752001.FACILITY,Ahlstrom-Munksjö Italia S.p.A.
2023-02-24 15:00:00,0.06871,IT.CAED/100752001.FACILITY,Ahlstrom-Munksjö Italia S.p.A.
2023-02-24 16:00:00,0.08426,IT.CAED/100752001.FACILITY,Ahlstrom-Munksjö Italia S.p.A.
2023-02-24 17:00:00,0.00174,IT.CAED/100752001.FACILITY,Ahlstrom-Munksjö Italia S.p.A.
2023-02-24 18:00:00,0.0,IT.CAED/100752001.FACILITY,Ahlstrom-Munksjö Italia S.p.A.
2023-02-24 19:00:00,0.0,IT.CAED/100752001.FACILITY,Ahlstrom-Munksjö Italia S.p.A.
2023-02-24 20:00:00,0.0,IT.CAED/100752001.FACILITY,Ahlstrom-Munksjö Italia S.p.A.
2023-02-24 21:00:00,0.0,IT.CAED/100752001.FACILITY,Ahlstrom-Munksjö Italia S.p.A.
2023-02-24 22:00:00,0.0,IT.CAED/100752001.FACILITY,Ahlstrom-Munksjö Italia S.p.A.
2023-02-24 23:00:00,0.0,IT.CAED/100752001.FACILITY,Ahlstrom-Munksjö Italia S.p.A.
2023-02-25 00:00:00,0.0,IT.CAED/100752001.FACILITY,Ahlstrom-Munksjö Italia S.p.A.
2023-02-25 01:00:00,0.0,IT.CAED/100752001.FACILITY,Ahlstrom-Munksjö Italia S.p.A.
2023-02-25 02:00:00,0.0,IT.CAED/100752001.FACILITY,Ahlstrom-Munksjö Italia S.p.A.
2023-02-25 03:00:00,0.0,IT.CAED/100752001.FACILITY,Ahlstrom-Munksjö Italia S.p.A.
2023-02-25 04:00:00,0.0,IT.CAED/100752001.FACILITY,Ahlstrom-Munksjö Italia S.p.A.
2023-02-25 05:00:00,0.0,IT.CAED/100752001.FACILITY,Ahlstrom-Munksjö Italia S.p.A.
2023-02-25 06:00:00,0.0,IT.CAED/100752001.FACILITY,Ahlstrom-Munksjö Italia S.p.A.
2023-02-25 07:00:00,0.00195,IT.CAED/100752001.FACILITY,Ahlstrom-Munksjö Italia S.p.A.
2023-02-25 08:00:00,0.22186,IT.CAED/100752001.FACILITY,Ahlstrom-Munksjö Italia S.p.A.
2023-02-25 09:00:00,0.36044,IT.CAED/100752001.FACILITY,Ahlstrom-Munksjö Italia S.p.A.
2023-02-25 10:00:00,0.6445599999999999,IT.CAED/100752001.FACILITY,Ahlstrom-Munksjö Italia S.p.A.
2023-02-25 11:00:00,0.75871,IT.CAED/100752001.FACILITY,Ahlstrom-Munksjö Italia S.p.A.
2023-02-25 12:00:00,0.83658,IT.CAED/100752001.FACILITY,Ahlstrom-Munksjö Italia S.p.A.
2023-02-25 13:00:00,0.80947,IT.CAED/100752001.FACILITY,Ahlstrom-Munksjö Italia S.p.A.
2023-02-25 14:00:00,0.6369900000000001,IT.CAED/100752001.FACILITY,Ahlstrom-Munksjö Italia S.p.A.
2023-02-25 15:00:00,0.56423,IT.CAED/100752001.FACILITY,Ahlstrom-Munksjö Italia S.p.A.
2023-02-25 16:00:00,0.3999,IT.CAED/100752001.FACILITY,Ahlstrom-Munksjö Italia S.p.A.
2023-02-25 17:00:00,0.01061,IT.CAED/100752001.FACILITY,Ahlstrom-Munksjö Italia S.p.A.
2023-02-25 18:00:00,0.0,IT.CAED/100752001.FACILITY,Ahlstrom-Munksjö Italia S.p.A.
2023-02-25 19:00:00,0.0,IT.CAED/100752001.FACILITY,Ahlstrom-Munksjö Italia S.p.A.
2023-02-25 20:00:00,0.0,IT.CAED/100752001.FACILITY,Ahlstrom-Munksjö Italia S.p.A.
2023-02-25 21:00:00,0.0,IT.CAED/100752001.FACILITY,Ahlstrom-Munksjö Italia S.p.A.
2023-02-25 22:00:00,0.0,IT.CAED/100752001.FACILITY,Ahlstrom-Munksjö Italia S.p.A.
2023-02-25 23:00:00,0.0,IT.CAED/100752001.FACILITY,Ahlstrom-Munksjö Italia S.p.A.
2023-02-26 00:00:00,0.0,IT.CAED/100752001.FACILITY,Ahlstrom-Munksjö Italia S.p.A.
2023-02-26 01:00:00,0.0,IT.CAED/100752001.FACILITY,Ahlstrom-Munksjö Italia S.p.A.
2023-02-26 02:00:00,0.0,IT.CAED/100752001.FACILITY,Ahlstrom-Munksjö Italia S.p.A.
2023-02-26 03:00:00,0.0,IT.CAED/100752001.FACILITY,Ahlstrom-Munksjö Italia S.p.A.
2023-02-26 04:00:00,0.0,IT.CAED/100752001.FACILITY,Ahlstrom-Munksjö Italia S.p.A.
2023-02-26 05:00:00,0.0,IT.CAED/100752001.FACILITY,Ahlstrom-Munksjö Italia S.p.A.
2023-02-26 06:00:00,0.0,IT.CAED/100752001.FACILITY,Ahlstrom-Munksjö Italia S.p.A.
2023-02-26 07:00:00,0.0009599999999999999,IT.CAED/100752001.FACILITY,Ahlstrom-Munksjö Italia S.p.A.
2023-02-26 08:00:00,0.01257,IT.CAED/100752001.FACILITY,Ahlstrom-Munksjö Italia S.p.A.
2023-02-26 09:00:00,0.01933,IT.CAED/100752001.FACILITY,Ahlstrom-Munksjö Italia S.p.A.
2023-02-26 10:00:00,0.02147,IT.CAED/100752001.FACILITY,Ahlstrom-Munksjö Italia S.p.A.
2023-02-26 11:00:00,0.02113,IT.CAED/100752001.FACILITY,Ahlstrom-Munksjö Italia S.p.A.
2023-02-26 12:00:00,0.049049999999999996,IT.CAED/100752001.FACILITY,Ahlstrom-Munksjö Italia S.p.A.
2023-02-26 13:00:00,0.08267000000000001,IT.CAED/100752001.FACILITY,Ahlstrom-Munksjö Italia S.p.A.
2023-02-26 14:00:00,0.10987000000000001,IT.CAED/100752001.FACILITY,Ahlstrom-Munksjö Italia S.p.A.
2023-02-26 15:00:00,0.12073,IT.CAED/100752001.FACILITY,Ahlstrom-Munksjö Italia S.p.A.
2023-02-26 16:00:00,0.06459000000000001,IT.CAED/100752001.FACILITY,Ahlstrom-Munksjö Italia S.p.A.
2023-02-26 17:00:00,0.00842,IT.CAED/100752001.FACILITY,Ahlstrom-Munksjö Italia S.p.A.
2023-02-26 18:00:00,0.0,IT.CAED/100752001.FACILITY,Ahlstrom-Munksjö Italia S.p.A.
2023-02-26 19:00:00,0.0,IT.CAED/100752001.FACILITY,Ahlstrom-Munksjö Italia S.p.A.
2023-02-26 20:00:00,0.0,IT.CAED/100752001.FACILITY,Ahlstrom-Munksjö Italia S.p.A.
2023-02-26 21:00:00,0.0,IT.CAED/100752001.FACILITY,Ahlstrom-Munksjö Italia S.p.A.
2023-02-26 22:00:00,0.0,IT.CAED/100752001.FACILITY,Ahlstrom-Munksjö Italia S.p.A.
2023-02-26 23:00:00,0.0,IT.CAED/100752001.FACILITY,Ahlstrom-Munksjö Italia S.p.A.
2023-02-27 00:00:00,0.0,IT.CAED/100752001.FACILITY,Ahlstrom-Munksjö Italia S.p.A.
2023-02-27 01:00:00,0.0,IT.CAED/100752001.FACILITY,Ahlstrom-Munksjö Italia S.p.A.
2023-02-27 02:00:00,0.0,IT.CAED/100752001.FACILITY,Ahlstrom-Munksjö Italia S.p.A.
2023-02-27 03:00:00,0.0,IT.CAED/100752001.FACILITY,Ahlstrom-Munksjö Italia S.p.A.
2023-02-27 04:00:00,0.0,IT.CAED/100752001.FACILITY,Ahlstrom-Munksjö Italia S.p.A.
2023-02-27 05:00:00,0.0,IT.CAED/100752001.FACILITY,Ahlstrom-Munksjö Italia S.p.A.
2023-02-27 06:00:00,0.0,IT.CAED/100752001.FACILITY,Ahlstrom-Munksjö Italia S.p.A.
2023-02-27 07:00:00,0.0009699999999999999,IT.CAED/100752001.FACILITY,Ahlstrom-Munksjö Italia S.p.A.
2023-02-27 08:00:00,0.03191,IT.CAED/100752001.FACILITY,Ahlstrom-Munksjö Italia S.p.A.
2023-02-27 09:00:00,0.07870999999999999,IT.CAED/100752001.FACILITY,Ahlstrom-Munksjö Italia S.p.A.
2023-02-27 10:00:00,0.14622,IT.CAED/100752001.FACILITY,Ahlstrom-Munksjö Italia S.p.A.
2023-02-27 11:00:00,0.23019,IT.CAED/100752001.FACILITY,Ahlstrom-Munksjö Italia S.p.A.
2023-02-27 12:00:00,0.29744,IT.CAED/100752001.FACILITY,Ahlstrom-Munksjö Italia S.p.A.
2023-02-27 13:00:00,0.25201,IT.CAED/100752001.FACILITY,Ahlstrom-Munksjö Italia S.p.A.
2023-02-27 14:00:00,0.28939,IT.CAED/100752001.FACILITY,Ahlstrom-Munksjö Italia S.p.A.
2023-02-27 15:00:00,0.32592000000000004,IT.CAED/100752001.FACILITY,Ahlstrom-Munksjö Italia S.p.A.
2023-02-27 16:00:00,0.24514,IT.CAED/100752001.FACILITY,Ahlstrom-Munksjö Italia S.p.A.
2023-02-27 17:00:00,0.01459,IT.CAED/100752001.FACILITY,Ahlstrom-Munksjö Italia S.p.A.
2023-02-27 18:00:00,0.0,IT.CAED/100752001.FACILITY,Ahlstrom-Munksjö Italia S.p.A.
2023-02-27 19:00:00,0.0,IT.CAED/100752001.FACILITY,Ahlstrom-Munksjö Italia S.p.A.
2023-02-27 20:00:00,0.0,IT.CAED/100752001.FACILITY,Ahlstrom-Munksjö Italia S.p.A.
2023-02-27 21:00:00,0.0,IT.CAED/100752001.FACILITY,Ahlstrom-Munksjö Italia S.p.A.
2023-02-27 22:00:00,0.0,IT.CAED/100752001.FACILITY,Ahlstrom-Munksjö Italia S.p.A.
2023-02-27 23:00:00,0.0,IT.CAED/100752001.FACILITY,Ahlstrom-Munksjö Italia S.p.A.
2023-02-28 00:00:00,0.0,IT.CAED/100752001.FACILITY,Ahlstrom-Munksjö Italia S.p.A.
2023-02-28 01:00:00,0.0,IT.CAED/100752001.FACILITY,Ahlstrom-Munksjö Italia S.p.A.
2023-02-28 02:00:00,0.0,IT.CAED/100752001.FACILITY,Ahlstrom-Munksjö Italia S.p.A.
2023-02-28 03:00:00,0.0,IT.CAED/100752001.FACILITY,Ahlstrom-Munksjö Italia S.p.A.
2023-02-28 04:00:00,0.0,IT.CAED/100752001.FACILITY,Ahlstrom-Munksjö Italia S.p.A.
2023-02-28 05:00:00,0.0,IT.CAED/100752001.FACILITY,Ahlstrom-Munksjö Italia S.p.A.
2023-02-28 06:00:00,0.0,IT.CAED/100752001.FACILITY,Ahlstrom-Munksjö Italia S.p.A.
2023-02-28 07:00:00,0.00196,IT.CAED/100752001.FACILITY,Ahlstrom-Munksjö Italia S.p.A.
2023-02-28 08:00:00,0.04671,IT.CAED/100752001.FACILITY,Ahlstrom-Munksjö Italia S.p.A.
2023-02-28 09:00:00,0.11805,IT.CAED/100752001.FACILITY,Ahlstrom-Munksjö Italia S.p.A.
2023-02-28 10:00:00,0.24994,IT.CAED/100752001.FACILITY,Ahlstrom-Munksjö Italia S.p.A.
2023-02-28 11:00:00,0.50006,IT.CAED/100752001.FACILITY,Ahlstrom-Munksjö Italia S.p.A.
2023-02-28 12:00:00,0.46453,IT.CAED/100752001.FACILITY,Ahlstrom-Munksjö Italia S.p.A.
2023-02-28 13:00:00,0.38727999999999996,IT.CAED/100752001.FACILITY,Ahlstrom-Munksjö Italia S.p.A.
2023-02-28 14:00:00,0.38292000000000004,IT.CAED/100752001.FACILITY,Ahlstrom-Munksjö Italia S.p.A.
2023-02-28 15:00:00,0.23714,IT.CAED/100752001.FACILITY,Ahlstrom-Munksjö Italia S.p.A.
2023-02-28 16:00:00,0.11925,IT.CAED/100752001.FACILITY,Ahlstrom-Munksjö Italia S.p.A.
2023-02-28 17:00:00,0.02063,IT.CAED/100752001.FACILITY,Ahlstrom-Munksjö Italia S.p.A.
2023-02-28 18:00:00,0.0,IT.CAED/100752001.FACILITY,Ahlstrom-Munksjö Italia S.p.A.
2023-02-28 19:00:00,0.0,IT.CAED/100752001.FACILITY,Ahlstrom-Munksjö Italia S.p.A.
2023-02-28 20:00:00,0.0,IT.CAED/100752001.FACILITY,Ahlstrom-Munksjö Italia S.p.A.
2023-02-28 21:00:00,0.0,IT.CAED/100752001.FACILITY,Ahlstrom-Munksjö Italia S.p.A.
2023-02-28 22:00:00,0.0,IT.CAED/100752001.FACILITY,Ahlstrom-Munksjö Italia S.p.A.
2023-02-28 23:00:00,0.0,IT.CAED/100752001.FACILITY,Ahlstrom-Munksjö Italia S.p.A.
2023-03-01 00:00:00,0.0,IT.CAED/100752001.FACILITY,Ahlstrom-Munksjö Italia S.p.A.
2023-03-01 01:00:00,0.0,IT.CAED/100752001.FACILITY,Ahlstrom-Munksjö Italia S.p.A.
2023-03-01 02:00:00,0.0,IT.CAED/100752001.FACILITY,Ahlstrom-Munksjö Italia S.p.A.
2023-03-01 03:00:00,0.0,IT.CAED/100752001.FACILITY,Ahlstrom-Munksjö Italia S.p.A.
2023-03-01 04:00:00,0.0,IT.CAED/100752001.FACILITY,Ahlstrom-Munksjö Italia S.p.A.
2023-03-01 05:00:00,0.0,IT.CAED/100752001.FACILITY,Ahlstrom-Munksjö Italia S.p.A.
2023-03-01 06:00:00,0.0,IT.CAED/100752001.FACILITY,Ahlstrom-Munksjö Italia S.p.A.
2023-03-01 07:00:00,0.019989999999999997,IT.CAED/100752001.FACILITY,Ahlstrom-Munksjö Italia S.p.A.
2023-03-01 08:00:00,0.09112999999999999,IT.CAED/100752001.FACILITY,Ahlstrom-Munksjö Italia S.p.A.
2023-03-01 09:00:00,0.18081,IT.CAED/100752001.FACILITY,Ahlstrom-Munksjö Italia S.p.A.
2023-03-01 10:00:00,0.26492,IT.CAED/100752001.FACILITY,Ahlstrom-Munksjö Italia S.p.A.
2023-03-01 11:00:00,0.33066,IT.CAED/100752001.FACILITY,Ahlstrom-Munksjö Italia S.p.A.
2023-03-01 12:00:00,0.40758,IT.CAED/100752001.FACILITY,Ahlstrom-Munksjö Italia S.p.A.
2023-03-01 13:00:00,0.33725,IT.CAED/100752001.FACILITY,Ahlstrom-Munksjö Italia S.p.A.
2023-03-01 14:00:00,0.42213,IT.CAED/100752001.FACILITY,Ahlstrom-Munksjö Italia S.p.A.
2023-03-01 15:00:00,0.26106,IT.CAED/100752001.FACILITY,Ahlstrom-Munksjö Italia S.p.A.
2023-03-01 16:00:00,0.08595,IT.CAED/100752001.FACILITY,Ahlstrom-Munksjö Italia S.p.A.
2023-03-01 17:00:00,0.01061,IT.CAED/100752001.FACILITY,Ahlstrom-Munksjö Italia S.p.A.
2023-03-01 18:00:00,0.0,IT.CAED/100752001.FACILITY,Ahlstrom-Munksjö Italia S.p.A.
2023-03-01 19:00:00,0.0,IT.CAED/100752001.FACILITY,Ahlstrom-Munksjö Italia S.p.A.
2023-03-01 20:00:00,0.0,IT.CAED/100752001.FACILITY,Ahlstrom-Munksjö Italia S.p.A.
2023-03-01 21:00:00,0.0,IT.CAED/100752001.FACILITY,Ahlstrom-Munksjö Italia S.p.A.
2023-03-01 22:00:00,0.0,IT.CAED/100752001.FACILITY,Ahlstrom-Munksjö Italia S.p.A.
2023-03-01 23:00:00,0.0,IT.CAED/100752001.FACILITY,Ahlstrom-Munksjö Italia S.p.A.
2023-03-02 00:00:00,0.0,IT.CAED/100752001.FACILITY,Ahlstrom-Munksjö Italia S.p.A.
2023-03-02 01:00:00,0.0,IT.CAED/100752001.FACILITY,Ahlstrom-Munksjö Italia S.p.A.
2023-03-02 02:00:00,0.0,IT.CAED/100752001.FACILITY,Ahlstrom-Munksjö Italia S.p.A.
2023-03-02 03:00:00,0.0,IT.CAED/100752001.FACILITY,Ahlstrom-Munksjö Italia S.p.A.
2023-03-02 04:00:00,0.0,IT.CAED/100752001.FACILITY,Ahlstrom-Munksjö Italia S.p.A.
2023-03-02 05:00:00,0.0,IT.CAED/100752001.FACILITY,Ahlstrom-Munksjö Italia S.p.A.
2023-03-02 06:00:00,0.0,IT.CAED/100752001.FACILITY,Ahlstrom-Munksjö Italia S.p.A.
2023-03-02 07:00:00,0.004019999999999999,IT.CAED/100752001.FACILITY,Ahlstrom-Munksjö Italia S.p.A.
2023-03-02 08:00:00,0.07173,IT.CAED/100752001.FACILITY,Ahlstrom-Munksjö Italia S.p.A.
2023-03-02 09:00:00,0.13625,IT.CAED/100752001.FACILITY,Ahlstrom-Munksjö Italia S.p.A.
2023-03-02 10:00:00,0.24686000000000002,IT.CAED/100752001.FACILITY,Ahlstrom-Munksjö Italia S.p.A.
2023-03-02 11:00:00,0.40393,IT.CAED/100752001.FACILITY,Ahlstrom-Munksjö Italia S.p.A.
2023-03-02 12:00:00,0.29177,IT.CAED/100752001.FACILITY,Ahlstrom-Munksjö Italia S.p.A.
2023-03-02 13:00:00,0.25243,IT.CAED/100752001.FACILITY,Ahlstrom-Munksjö Italia S.p.A.
2023-03-02 14:00:00,0.25845,IT.CAED/100752001.FACILITY,Ahlstrom-Munksjö Italia S.p.A.
2023-03-02 15:00:00,0.23074,IT.CAED/100752001.FACILITY,Ahlstrom-Munksjö Italia S.p.A.
2023-03-02 16:00:00,0.13632,IT.CAED/100752001.FACILITY,Ahlstrom-Munksjö Italia S.p.A.
2023-03-02 17:00:00,0.01778,IT.CAED/100752001.FACILITY,Ahlstrom-Munksjö Italia S.p.A.
2023-03-02 18:00:00,0.0,IT.CAED/100752001.FACILITY,Ahlstrom-Munksjö Italia S.p.A.
2023-03-02 19:00:00,0.0,IT.CAED/100752001.FACILITY,Ahlstrom-Munksjö Italia S.p.A.
2023-03-02 20:00:00,0.0,IT.CAED/100752001.FACILITY,Ahlstrom-Munksjö Italia S.p.A.
2023-03-02 21:00:00,0.0,IT.CAED/100752001.FACILITY,Ahlstrom-Munksjö Italia S.p.A.
2023-03-02 22:00:00,0.0,IT.CAED/100752001.FACILITY,Ahlstrom-Munksjö Italia S.p.A.
2023-03-02 23:00:00,0.0,IT.CAED/100752001.FACILITY,Ahlstrom-Munksjö Italia S.p.A.
2023-03-03 00:00:00,0.0,IT.CAED/100752001.FACILITY,Ahlstrom-Munksjö Italia S.p.A.
2023-03-03 01:00:00,0.0,IT.CAED/100752001.FACILITY,Ahlstrom-Munksjö Italia S.p.A.
2023-03-03 02:00:00,0.0,IT.CAED/100752001.FACILITY,Ahlstrom-Munksjö Italia S.p.A.
2023-03-03 03:00:00,0.0,IT.CAED/100752001.FACILITY,Ahlstrom-Munksjö Italia S.p.A.
2023-03-03 04:00:00,0.0,IT.CAED/100752001.FACILITY,Ahlstrom-Munksjö Italia S.p.A.
2023-03-03 05:00:00,0.0,IT.CAED/100752001.FACILITY,Ahlstrom-Munksjö Italia S.p.A.
2023-03-03 06:00:00,0.0,IT.CAED/100752001.FACILITY,Ahlstrom-Munksjö Italia S.p.A.
2023-03-03 07:00:00,0.0495,IT.CAED/100752001.FACILITY,Ahlstrom-Munksjö Italia S.p.A.
2023-03-03 08:00:00,0.26373,IT.CAED/100752001.FACILITY,Ahlstrom-Munksjö Italia S.p.A.
2023-03-03 09:00:00,0.46778,IT.CAED/100752001.FACILITY,Ahlstrom-Munksjö Italia S.p.A.
2023-03-03 10:00:00,0.70366,IT.CAED/100752001.FACILITY,Ahlstrom-Munksjö Italia S.p.A.
2023-03-03 11:00:00,0.8722799999999999,IT.CAED/100752001.FACILITY,Ahlstrom-Munksjö Italia S.p.A.
2023-03-03 12:00:00,0.93902,IT.CAED/100752001.FACILITY,Ahlstrom-Munksjö Italia S.p.A.
2023-03-03 13:00:00,0.91785,IT.CAED/100752001.FACILITY,Ahlstrom-Munksjö Italia S.p.A.
2023-03-03 14:00:00,0.8193400000000001,IT.CAED/100752001.FACILITY,Ahlstrom-Munksjö Italia S.p.A.
2023-03-03 15:00:00,0.65663,IT.CAED/100752001.FACILITY,Ahlstrom-Munksjö Italia S.p.A.
2023-03-03 16:00:00,0.42791,IT.CAED/100752001.FACILITY,Ahlstrom-Munksjö Italia S.p.A.
2023-03-03 17:00:00,0.01494,IT.CAED/100752001.FACILITY,Ahlstrom-Munksjö Italia S.p.A.
2023-03-03 18:00:00,0.0,IT.CAED/100752001.FACILITY,Ahlstrom-Munksjö Italia S.p.A.
2023-03-03 19:00:00,0.0,IT.CAED/100752001.FACILITY,Ahlstrom-Munksjö Italia S.p.A.
2023-03-03 20:00:00,0.0,IT.CAED/100752001.FACILITY,Ahlstrom-Munksjö Italia S.p.A.
2023-03-03 21:00:00,0.0,IT.CAED/100752001.FACILITY,Ahlstrom-Munksjö Italia S.p.A.
2023-03-03 22:00:00,0.0,IT.CAED/100752001.FACILITY,Ahlstrom-Munksjö Italia S.p.A.
2023-03-03 23:00:00,0.0,IT.CAED/100752001.FACILITY,Ahlstrom-Munksjö Italia S.p.A.
2023-03-04 00:00:00,0.0,IT.CAED/100752001.FACILITY,Ahlstrom-Munksjö Italia S.p.A.
2023-03-04 01:00:00,0.0,IT.CAED/100752001.FACILITY,Ahlstrom-Munksjö Italia S.p.A.
2023-03-04 02:00:00,0.0,IT.CAED/100752001.FACILITY,Ahlstrom-Munksjö Italia S.p.A.
2023-03-04 03:00:00,0.0,IT.CAED/100752001.FACILITY,Ahlstrom-Munksjö Italia S.p.A.
2023-03-04 04:00:00,0.0,IT.CAED/100752001.FACILITY,Ahlstrom-Munksjö Italia S.p.A.
2023-03-04 05:00:00,0.0,IT.CAED/100752001.FACILITY,Ahlstrom-Munksjö Italia S.p.A.
2023-03-04 06:00:00,0.0,IT.CAED/100752001.FACILITY,Ahlstrom-Munksjö Italia S.p.A.
2023-03-04 07:00:00,0.062240000000000004,IT.CAED/100752001.FACILITY,Ahlstrom-Munksjö Italia S.p.A.
2023-03-04 08:00:00,0.30591,IT.CAED/100752001.FACILITY,Ahlstrom-Munksjö Italia S.p.A.
2023-03-04 09:00:00,0.5791799999999999,IT.CAED/100752001.FACILITY,Ahlstrom-Munksjö Italia S.p.A.
2023-03-04 10:00:00,0.72784,IT.CAED/100752001.FACILITY,Ahlstrom-Munksjö Italia S.p.A.
2023-03-04 11:00:00,0.8533,IT.CAED/100752001.FACILITY,Ahlstrom-Munksjö Italia S.p.A.
2023-03-04 12:00:00,0.92649,IT.CAED/100752001.FACILITY,Ahlstrom-Munksjö Italia S.p.A.
2023-03-04 13:00:00,0.9021,IT.CAED/100752001.FACILITY,Ahlstrom-Munksjö Italia S.p.A.
2023-03-04 14:00:00,0.77852,IT.CAED/100752001.FACILITY,Ahlstrom-Munksjö Italia S.p.A.
2023-03-04 15:00:00,0.66027,IT.CAED/100752001.FACILITY,Ahlstrom-Munksjö Italia S.p.A.
2023-03-04 16:00:00,0.42881,IT.CAED/100752001.FACILITY,Ahlstrom-Munksjö Italia S.p.A.
2023-03-04 17:00:00,0.015359999999999999,IT.CAED/100752001.FACILITY,Ahlstrom-Munksjö Italia S.p.A.
2023-03-04 18:00:00,0.0,IT.CAED/100752001.FACILITY,Ahlstrom-Munksjö Italia S.p.A.
2023-03-04 19:00:00,0.0,IT.CAED/100752001.FACILITY,Ahlstrom-Munksjö Italia S.p.A.
2023-03-04 20:00:00,0.0,IT.CAED/100752001.FACILITY,Ahlstrom-Munksjö Italia S.p.A.
2023-03-04 21:00:00,0.0,IT.CAED/100752001.FACILITY,Ahlstrom-Munksjö Italia S.p.A.
2023-03-04 22:00:00,0.0,IT.CAED/100752001.FACILITY,Ahlstrom-Munksjö Italia S.p.A.
2023-03-04 23:00:00,0.0,IT.CAED/100752001.FACILITY,Ahlstrom-Munksjö Italia S.p.A.
2023-03-05 00:00:00,0.0,IT.CAED/100752001.FACILITY,Ahlstrom-Munksjö Italia S.p.A.
2023-03-05 01:00:00,0.0,IT.CAED/100752001.FACILITY,Ahlstrom-Munksjö Italia S.p.A.
2023-03-05 02:00:00,0.0,IT.CAED/100752001.FACILITY,Ahlstrom-Munksjö Italia S.p.A.
2023-03-05 03:00:00,0.0,IT.CAED/100752001.FACILITY,Ahlstrom-Munksjö Italia S.p.A.
2023-03-05 04:00:00,0.0,IT.CAED/100752001.FACILITY,Ahlstrom-Munksjö Italia S.p.A.
2023-03-05 05:00:00,0.0,IT.CAED/100752001.FACILITY,Ahlstrom-Munksjö Italia S.p.A.
2023-03-05 06:00:00,0.0,IT.CAED/100752001.FACILITY,Ahlstrom-Munksjö Italia S.p.A.
2023-03-05 07:00:00,0.07096,IT.CAED/100752001.FACILITY,Ahlstrom-Munksjö Italia S.p.A.
2023-03-05 08:00:00,0.35817,IT.CAED/100752001.FACILITY,Ahlstrom-Munksjö Italia S.p.A.
2023-03-05 09:00:00,0.62042,IT.CAED/100752001.FACILITY,Ahlstrom-Munksjö Italia S.p.A.
2023-03-05 10:00:00,0.7780900000000001,IT.CAED/100752001.FACILITY,Ahlstrom-Munksjö Italia S.p.A.
2023-03-05 11:00:00,0.89942,IT.CAED/100752001.FACILITY,Ahlstrom-Munksjö Italia S.p.A.
2023-03-05 12:00:00,0.94455,IT.CAED/100752001.FACILITY,Ahlstrom-Munksjö Italia S.p.A.
2023-03-05 13:00:00,0.91991,IT.CAED/100752001.FACILITY,Ahlstrom-Munksjö Italia S.p.A.
2023-03-05 14:00:00,0.8251900000000001,IT.CAED/100752001.FACILITY,Ahlstrom-Munksjö Italia S.p.A.
2023-03-05 15:00:00,0.66167,IT.CAED/100752001.FACILITY,Ahlstrom-Munksjö Italia S.p.A.
2023-03-05 16:00:00,0.43102999999999997,IT.CAED/100752001.FACILITY,Ahlstrom-Munksjö Italia S.p.A.
2023-03-05 17:00:00,0.015449999999999998,IT.CAED/100752001.FACILITY,Ahlstrom-Munksjö Italia S.p.A.
2023-03-05 18:00:00,0.0,IT.CAED/100752001.FACILITY,Ahlstrom-Munksjö Italia S.p.A.
2023-03-05 19:00:00,0.0,IT.CAED/100752001.FACILITY,Ahlstrom-Munksjö Italia S.p.A.
2023-03-05 20:00:00,0.0,IT.CAED/100752001.FACILITY,Ahlstrom-Munksjö Italia S.p.A.
2023-03-05 21:00:00,0.0,IT.CAED/100752001.FACILITY,Ahlstrom-Munksjö Italia S.p.A.
2023-03-05 22:00:00,0.0,IT.CAED/100752001.FACILITY,Ahlstrom-Munksjö Italia S.p.A.
2023-03-05 23:00:00,0.0,IT.CAED/100752001.FACILITY,Ahlstrom-Munksjö Italia S.p.A.
2023-03-06 00:00:00,0.0,IT.CAED/100752001.FACILITY,Ahlstrom-Munksjö Italia S.p.A.
2023-03-06 01:00:00,0.0,IT.CAED/100752001.FACILITY,Ahlstrom-Munksjö Italia S.p.A.
2023-03-06 02:00:00,0.0,IT.CAED/100752001.FACILITY,Ahlstrom-Munksjö Italia S.p.A.
2023-03-06 03:00:00,0.0,IT.CAED/100752001.FACILITY,Ahlstrom-Munksjö Italia S.p.A.
2023-03-06 04:00:00,0.0,IT.CAED/100752001.FACILITY,Ahlstrom-Munksjö Italia S.p.A.
2023-03-06 05:00:00,0.0,IT.CAED/100752001.FACILITY,Ahlstrom-Munksjö Italia S.p.A.
2023-03-06 06:00:00,0.0,IT.CAED/100752001.FACILITY,Ahlstrom-Munksjö Italia S.p.A.
2023-03-06 07:00:00,0.01805,IT.CAED/100752001.FACILITY,Ahlstrom-Munksjö Italia S.p.A.
2023-03-06 08:00:00,0.12329000000000001,IT.CAED/100752001.FACILITY,Ahlstrom-Munksjö Italia S.p.A.
2023-03-06 09:00:00,0.16107,IT.CAED/100752001.FACILITY,Ahlstrom-Munksjö Italia S.p.A.
2023-03-06 10:00:00,0.29561000000000004,IT.CAED/100752001.FACILITY,Ahlstrom-Munksjö Italia S.p.A.
2023-03-06 11:00:00,0.465,IT.CAED/100752001.FACILITY,Ahlstrom-Munksjö Italia S.p.A.
2023-03-06 12:00:00,0.59138,IT.CAED/100752001.FACILITY,Ahlstrom-Munksjö Italia S.p.A.
2023-03-06 13:00:00,0.67155,IT.CAED/100752001.FACILITY,Ahlstrom-Munksjö Italia S.p.A.
2023-03-06 14:00:00,0.6322300000000001,IT.CAED/100752001.FACILITY,Ahlstrom-Munksjö Italia S.p.A.
2023-03-06 15:00:00,0.39186,IT.CAED/100752001.FACILITY,Ahlstrom-Munksjö Italia S.p.A.
2023-03-06 16:00:00,0.36010000000000003,IT.CAED/100752001.FACILITY,Ahlstrom-Munksjö Italia S.p.A.
2023-03-06 17:00:00,0.015349999999999999,IT.CAED/100752001.FACILITY,Ahlstrom-Munksjö Italia S.p.A.
2023-03-06 18:00:00,0.0,IT.CAED/100752001.FACILITY,Ahlstrom-Munksjö Italia S.p.A.
2023-03-06 19:00:00,0.0,IT.CAED/100752001.FACILITY,Ahlstrom-Munksjö Italia S.p.A.
2023-03-06 20:00:00,0.0,IT.CAED/100752001.FACILITY,Ahlstrom-Munksjö Italia S.p.A.
2023-03-06 21:00:00,0.0,IT.CAED/100752001.FACILITY,Ahlstrom-Munksjö Italia S.p.A.
2023-03-06 22:00:00,0.0,IT.CAED/100752001.FACILITY,Ahlstrom-Munksjö Italia S.p.A.
2023-03-06 23:00:00,0.0,IT.CAED/100752001.FACILITY,Ahlstrom-Munksjö Italia S.p.A.
2023-03-07 00:00:00,0.0,IT.CAED/100752001.FACILITY,Ahlstrom-Munksjö Italia S.p.A.
2023-03-07 01:00:00,0.0,IT.CAED/100752001.FACILITY,Ahlstrom-Munksjö Italia S.p.A.
2023-03-07 02:00:00,0.0,IT.CAED/100752001.FACILITY,Ahlstrom-Munksjö Italia S.p.A.
2023-03-07 03:00:00,0.0,IT.CAED/100752001.FACILITY,Ahlstrom-Munksjö Italia S.p.A.
2023-03-07 04:00:00,0.0,IT.CAED/100752001.FACILITY,Ahlstrom-Munksjö Italia S.p.A.
2023-03-07 05:00:00,0.0,IT.CAED/100752001.FACILITY,Ahlstrom-Munksjö Italia S.p.A.
2023-03-07 06:00:00,0.0,IT.CAED/100752001.FACILITY,Ahlstrom-Munksjö Italia S.p.A.
2023-03-07 07:00:00,0.03385,IT.CAED/100752001.FACILITY,Ahlstrom-Munksjö Italia S.p.A.
2023-03-07 08:00:00,0.18492,IT.CAED/100752001.FACILITY,Ahlstrom-Munksjö Italia S.p.A.
2023-03-07 09:00:00,0.28723000000000004,IT.CAED/100752001.FACILITY,Ahlstrom-Munksjö Italia S.p.A.
2023-03-07 10:00:00,0.40353,IT.CAED/100752001.FACILITY,Ahlstrom-Munksjö Italia S.p.A.
2023-03-07 11:00:00,0.42774,IT.CAED/100752001.FACILITY,Ahlstrom-Munksjö Italia S.p.A.
2023-03-07 12:00:00,0.49416000000000004,IT.CAED/100752001.FACILITY,Ahlstrom-Munksjö Italia S.p.A.
2023-03-07 13:00:00,0.32727999999999996,IT.CAED/100752001.FACILITY,Ahlstrom-Munksjö Italia S.p.A.
2023-03-07 14:00:00,0.27737,IT.CAED/100752001.FACILITY,Ahlstrom-Munksjö Italia S.p.A.
2023-03-07 15:00:00,0.13652,IT.CAED/100752001.FACILITY,Ahlstrom-Munksjö Italia S.p.A.
2023-03-07 16:00:00,0.09095,IT.CAED/100752001.FACILITY,Ahlstrom-Munksjö Italia S.p.A.
2023-03-07 17:00:00,0.0208,IT.CAED/100752001.FACILITY,Ahlstrom-Munksjö Italia S.p.A.
2023-03-07 18:00:00,0.0,IT.CAED/100752001.FACILITY,Ahlstrom-Munksjö Italia S.p.A.
2023-03-07 19:00:00,0.0,IT.CAED/100752001.FACILITY,Ahlstrom-Munksjö Italia S.p.A.
2023-03-07 20:00:00,0.0,IT.CAED/100752001.FACILITY,Ahlstrom-Munksjö Italia S.p.A.
2023-03-07 21:00:00,0.0,IT.CAED/100752001.FACILITY,Ahlstrom-Munksjö Italia S.p.A.
2023-03-07 22:00:00,0.0,IT.CAED/100752001.FACILITY,Ahlstrom-Munksjö Italia S.p.A.
2023-03-07 23:00:00,0.0,IT.CAED/100752001.FACILITY,Ahlstrom-Munksjö Italia S.p.A.
2023-03-08 00:00:00,0.0,IT.CAED/100752001.FACILITY,Ahlstrom-Munksjö Italia S.p.A.
2023-03-08 01:00:00,0.0,IT.CAED/100752001.FACILITY,Ahlstrom-Munksjö Italia S.p.A.
2023-03-08 02:00:00,0.0,IT.CAED/100752001.FACILITY,Ahlstrom-Munksjö Italia S.p.A.
2023-03-08 03:00:00,0.0,IT.CAED/100752001.FACILITY,Ahlstrom-Munksjö Italia S.p.A.
2023-03-08 04:00:00,0.0,IT.CAED/100752001.FACILITY,Ahlstrom-Munksjö Italia S.p.A.
2023-03-08 05:00:00,0.0,IT.CAED/100752001.FACILITY,Ahlstrom-Munksjö Italia S.p.A.
2023-03-08 06:00:00,0.0,IT.CAED/100752001.FACILITY,Ahlstrom-Munksjö Italia S.p.A.
2023-03-08 07:00:00,0.037200000000000004,IT.CAED/100752001.FACILITY,Ahlstrom-Munksjö Italia S.p.A.
2023-03-08 08:00:00,0.22257,IT.CAED/100752001.FACILITY,Ahlstrom-Munksjö Italia S.p.A.
2023-03-08 09:00:00,0.5063500000000001,IT.CAED/100752001.FACILITY,Ahlstrom-Munksjö Italia S.p.A.
2023-03-08 10:00:00,0.76558,IT.CAED/100752001.FACILITY,Ahlstrom-Munksjö Italia S.p.A.
2023-03-08 11:00:00,0.8927200000000001,IT.CAED/100752001.FACILITY,Ahlstrom-Munksjö Italia S.p.A.
2023-03-08 12:00:00,0.9311900000000001,IT.CAED/100752001.FACILITY,Ahlstrom-Munksjö Italia S.p.A.
2023-03-08 13:00:00,0.8166100000000001,IT.CAED/100752001.FACILITY,Ahlstrom-Munksjö Italia S.p.A.
2023-03-08 14:00:00,0.6287,IT.CAED/100752001.FACILITY,Ahlstrom-Munksjö Italia S.p.A.
2023-03-08 15:00:00,0.34057,IT.CAED/100752001.FACILITY,Ahlstrom-Munksjö Italia S.p.A.
2023-03-08 16:00:00,0.22675,IT.CAED/100752001.FACILITY,Ahlstrom-Munksjö Italia S.p.A.
2023-03-08 17:00:00,0.02641,IT.CAED/100752001.FACILITY,Ahlstrom-Munksjö Italia S.p.A.
2023-03-08 18:00:00,0.0,IT.CAED/100752001.FACILITY,Ahlstrom-Munksjö Italia S.p.A.
2023-03-08 19:00:00,0.0,IT.CAED/100752001.FACILITY,Ahlstrom-Munksjö Italia S.p.A.
2023-03-08 20:00:00,0.0,IT.CAED/100752001.FACILITY,Ahlstrom-Munksjö Italia S.p.A.
2023-03-08 21:00:00,0.0,IT.CAED/100752001.FACILITY,Ahlstrom-Munksjö Italia S.p.A.
2023-03-08 22:00:00,0.0,IT.CAED/100752001.FACILITY,Ahlstrom-Munksjö Italia S.p.A.
2023-03-08 23:00:00,0.0,IT.CAED/100752001.FACILITY,Ahlstrom-Munksjö Italia S.p.A.
2023-03-09 00:00:00,0.0,IT.CAED/100752001.FACILITY,Ahlstrom-Munksjö Italia S.p.A.
2023-03-09 01:00:00,0.0,IT.CAED/100752001.FACILITY,Ahlstrom-Munksjö Italia S.p.A.
2023-03-09 02:00:00,0.0,IT.CAED/100752001.FACILITY,Ahlstrom-Munksjö Italia S.p.A.
2023-03-09 03:00:00,0.0,IT.CAED/100752001.FACILITY,Ahlstrom-Munksjö Italia S.p.A.
2023-03-09 04:00:00,0.0,IT.CAED/100752001.FACILITY,Ahlstrom-Munksjö Italia S.p.A.
2023-03-09 05:00:00,0.0,IT.CAED/100752001.FACILITY,Ahlstrom-Munksjö Italia S.p.A.
2023-03-09 06:00:00,0.0,IT.CAED/100752001.FACILITY,Ahlstrom-Munksjö Italia S.p.A.
2023-03-09 07:00:00,0.07632,IT.CAED/100752001.FACILITY,Ahlstrom-Munksjö Italia S.p.A.
2023-03-09 08:00:00,0.35155000000000003,IT.CAED/100752001.FACILITY,Ahlstrom-Munksjö Italia S.p.A.
2023-03-09 09:00:00,0.59726,IT.CAED/100752001.FACILITY,Ahlstrom-Munksjö Italia S.p.A.
2023-03-09 10:00:00,0.73661,IT.CAED/100752001.FACILITY,Ahlstrom-Munksjö Italia S.p.A.
2023-03-09 11:00:00,0.83731,IT.CAED/100752001.FACILITY,Ahlstrom-Munksjö Italia S.p.A.
2023-03-09 12:00:00,0.89835,IT.CAED/100752001.FACILITY,Ahlstrom-Munksjö Italia S.p.A.
2023-03-09 13:00:00,0.8803300000000001,IT.CAED/100752001.FACILITY,Ahlstrom-Munksjö Italia S.p.A.
2023-03-09 14:00:00,0.76595,IT.CAED/100752001.FACILITY,Ahlstrom-Munksjö Italia S.p.A.
2023-03-09 15:00:00,0.6446000000000001,IT.CAED/100752001.FACILITY,Ahlstrom-Munksjö Italia S.p.A.
2023-03-09 16:00:00,0.42212,IT.CAED/100752001.FACILITY,Ahlstrom-Munksjö Italia S.p.A.
2023-03-09 17:00:00,0.02447,IT.CAED/100752001.FACILITY,Ahlstrom-Munksjö Italia S.p.A.
2023-03-09 18:00:00,0.0,IT.CAED/100752001.FACILITY,Ahlstrom-Munksjö Italia S.p.A.
2023-03-09 19:00:00,0.0,IT.CAED/100752001.FACILITY,Ahlstrom-Munksjö Italia S.p.A.
2023-03-09 20:00:00,0.0,IT.CAED/100752001.FACILITY,Ahlstrom-Munksjö Italia S.p.A.
2023-03-09 21:00:00,0.0,IT.CAED/100752001.FACILITY,Ahlstrom-Munksjö Italia S.p.A.
2023-03-09 22:00:00,0.0,IT.CAED/100752001.FACILITY,Ahlstrom-Munksjö Italia S.p.A.
2023-03-09 23:00:00,0.0,IT.CAED/100752001.FACILITY,Ahlstrom-Munksjö Italia S.p.A.
2023-03-10 00:00:00,0.0,IT.CAED/100752001.FACILITY,Ahlstrom-Munksjö Italia S.p.A.
2023-03-10 01:00:00,0.0,IT.CAED/100752001.FACILITY,Ahlstrom-Munksjö Italia S.p.A.
2023-03-10 02:00:00,0.0,IT.CAED/100752001.FACILITY,Ahlstrom-Munksjö Italia S.p.A.
2023-03-10 03:00:00,0.0,IT.CAED/100752001.FACILITY,Ahlstrom-Munksjö Italia S.p.A.
2023-03-10 04:00:00,0.0,IT.CAED/100752001.FACILITY,Ahlstrom-Munksjö Italia S.p.A.
2023-03-10 05:00:00,0.0,IT.CAED/100752001.FACILITY,Ahlstrom-Munksjö Italia S.p.A.
2023-03-10 06:00:00,0.0,IT.CAED/100752001.FACILITY,Ahlstrom-Munksjö Italia S.p.A.
2023-03-10 07:00:00,0.046060000000000004,IT.CAED/100752001.FACILITY,Ahlstrom-Munksjö Italia S.p.A.
2023-03-10 08:00:00,0.2228,IT.CAED/100752001.FACILITY,Ahlstrom-Munksjö Italia S.p.A.
2023-03-10 09:00:00,0.39293,IT.CAED/100752001.FACILITY,Ahlstrom-Munksjö Italia S.p.A.
2023-03-10 10:00:00,0.56908,IT.CAED/100752001.FACILITY,Ahlstrom-Munksjö Italia S.p.A.
2023-03-10 11:00:00,0.45079,IT.CAED/100752001.FACILITY,Ahlstrom-Munksjö Italia S.p.A.
2023-03-10 12:00:00,0.4269,IT.CAED/100752001.FACILITY,Ahlstrom-Munksjö Italia S.p.A.
2023-03-10 13:00:00,0.47363,IT.CAED/100752001.FACILITY,Ahlstrom-Munksjö Italia S.p.A.
2023-03-10 14:00:00,0.69994,IT.CAED/100752001.FACILITY,Ahlstrom-Munksjö Italia S.p.A.
2023-03-10 15:00:00,0.63717,IT.CAED/100752001.FACILITY,Ahlstrom-Munksjö Italia S.p.A.
2023-03-10 16:00:00,0.39876999999999996,IT.CAED/100752001.FACILITY,Ahlstrom-Munksjö Italia S.p.A.
2023-03-10 17:00:00,0.0335,IT.CAED/100752001.FACILITY,Ahlstrom-Munksjö Italia S.p.A.
2023-03-10 18:00:00,0.0,IT.CAED/100752001.FACILITY,Ahlstrom-Munksjö Italia S.p.A.
2023-03-10 19:00:00,0.0,IT.CAED/100752001.FACILITY,Ahlstrom-Munksjö Italia S.p.A.
2023-03-10 20:00:00,0.0,IT.CAED/100752001.FACILITY,Ahlstrom-Munksjö Italia S.p.A.
2023-03-10 21:00:00,0.0,IT.CAED/100752001.FACILITY,Ahlstrom-Munksjö Italia S.p.A.
2023-03-10 22:00:00,0.0,IT.CAED/100752001.FACILITY,Ahlstrom-Munksjö Italia S.p.A.
2023-03-10 23:00:00,0.0,IT.CAED/100752001.FACILITY,Ahlstrom-Munksjö Italia S.p.A.
2023-03-11 00:00:00,0.0,IT.CAED/100752001.FACILITY,Ahlstrom-Munksjö Italia S.p.A.
2023-03-11 01:00:00,0.0,IT.CAED/100752001.FACILITY,Ahlstrom-Munksjö Italia S.p.A.
2023-03-11 02:00:00,0.0,IT.CAED/100752001.FACILITY,Ahlstrom-Munksjö Italia S.p.A.
2023-03-11 03:00:00,0.0,IT.CAED/100752001.FACILITY,Ahlstrom-Munksjö Italia S.p.A.
2023-03-11 04:00:00,0.0,IT.CAED/100752001.FACILITY,Ahlstrom-Munksjö Italia S.p.A.
2023-03-11 05:00:00,0.0,IT.CAED/100752001.FACILITY,Ahlstrom-Munksjö Italia S.p.A.
2023-03-11 06:00:00,0.0,IT.CAED/100752001.FACILITY,Ahlstrom-Munksjö Italia S.p.A.
2023-03-11 07:00:00,0.039909999999999994,IT.CAED/100752001.FACILITY,Ahlstrom-Munksjö Italia S.p.A.
2023-03-11 08:00:00,0.19513999999999998,IT.CAED/100752001.FACILITY,Ahlstrom-Munksjö Italia S.p.A.
2023-03-11 09:00:00,0.38680000000000003,IT.CAED/100752001.FACILITY,Ahlstrom-Munksjö Italia S.p.A.
2023-03-11 10:00:00,0.6762,IT.CAED/100752001.FACILITY,Ahlstrom-Munksjö Italia S.p.A.
2023-03-11 11:00:00,0.77647,IT.CAED/100752001.FACILITY,Ahlstrom-Munksjö Italia S.p.A.
2023-03-11 12:00:00,0.8226100000000001,IT.CAED/100752001.FACILITY,Ahlstrom-Munksjö Italia S.p.A.
2023-03-11 13:00:00,0.8101,IT.CAED/100752001.FACILITY,Ahlstrom-Munksjö Italia S.p.A.
2023-03-11 14:00:00,0.73157,IT.CAED/100752001.FACILITY,Ahlstrom-Munksjö Italia S.p.A.
2023-03-11 15:00:00,0.58673,IT.CAED/100752001.FACILITY,Ahlstrom-Munksjö Italia S.p.A.
2023-03-11 16:00:00,0.40326999999999996,IT.CAED/100752001.FACILITY,Ahlstrom-Munksjö Italia S.p.A.
2023-03-11 17:00:00,0.14981,IT.CAED/100752001.FACILITY,Ahlstrom-Munksjö Italia S.p.A.
2023-03-11 18:00:00,0.0,IT.CAED/100752001.FACILITY,Ahlstrom-Munksjö Italia S.p.A.
2023-03-11 19:00:00,0.0,IT.CAED/100752001.FACILITY,Ahlstrom-Munksjö Italia S.p.A.
2023-03-11 20:00:00,0.0,IT.CAED/100752001.FACILITY,Ahlstrom-Munksjö Italia S.p.A.
2023-03-11 21:00:00,0.0,IT.CAED/100752001.FACILITY,Ahlstrom-Munksjö Italia S.p.A.
2023-03-11 22:00:00,0.0,IT.CAED/100752001.FACILITY,Ahlstrom-Munksjö Italia S.p.A.
2023-03-11 23:00:00,0.0,IT.CAED/100752001.FACILITY,Ahlstrom-Munksjö Italia S.p.A.
2023-03-12 00:00:00,0.0,IT.CAED/100752001.FACILITY,Ahlstrom-Munksjö Italia S.p.A.
2023-03-12 01:00:00,0.0,IT.CAED/100752001.FACILITY,Ahlstrom-Munksjö Italia S.p.A.
2023-03-12 02:00:00,0.0,IT.CAED/100752001.FACILITY,Ahlstrom-Munksjö Italia S.p.A.
2023-03-12 03:00:00,0.0,IT.CAED/100752001.FACILITY,Ahlstrom-Munksjö Italia S.p.A.
2023-03-12 04:00:00,0.0,IT.CAED/100752001.FACILITY,Ahlstrom-Munksjö Italia S.p.A.
2023-03-12 05:00:00,0.0,IT.CAED/100752001.FACILITY,Ahlstrom-Munksjö Italia S.p.A.
2023-03-12 06:00:00,0.0,IT.CAED/100752001.FACILITY,Ahlstrom-Munksjö Italia S.p.A.
2023-03-12 07:00:00,0.09468,IT.CAED/100752001.FACILITY,Ahlstrom-Munksjö Italia S.p.A.
2023-03-12 08:00:00,0.36291,IT.CAED/100752001.FACILITY,Ahlstrom-Munksjö Italia S.p.A.
2023-03-12 09:00:00,0.606,IT.CAED/100752001.FACILITY,Ahlstrom-Munksjö Italia S.p.A.
2023-03-12 10:00:00,0.77607,IT.CAED/100752001.FACILITY,Ahlstrom-Munksjö Italia S.p.A.
2023-03-12 11:00:00,0.89278,IT.CAED/100752001.FACILITY,Ahlstrom-Munksjö Italia S.p.A.
2023-03-12 12:00:00,0.93133,IT.CAED/100752001.FACILITY,Ahlstrom-Munksjö Italia S.p.A.
2023-03-12 13:00:00,0.90383,IT.CAED/100752001.FACILITY,Ahlstrom-Munksjö Italia S.p.A.
2023-03-12 14:00:00,0.74218,IT.CAED/100752001.FACILITY,Ahlstrom-Munksjö Italia S.p.A.
2023-03-12 15:00:00,0.65984,IT.CAED/100752001.FACILITY,Ahlstrom-Munksjö Italia S.p.A.
2023-03-12 16:00:00,0.43395999999999996,IT.CAED/100752001.FACILITY,Ahlstrom-Munksjö Italia S.p.A.
2023-03-12 17:00:00,0.15612,IT.CAED/100752001.FACILITY,Ahlstrom-Munksjö Italia S.p.A.
2023-03-12 18:00:00,0.0,IT.CAED/100752001.FACILITY,Ahlstrom-Munksjö Italia S.p.A.
2023-03-12 19:00:00,0.0,IT.CAED/100752001.FACILITY,Ahlstrom-Munksjö Italia S.p.A.
2023-03-12 20:00:00,0.0,IT.CAED/100752001.FACILITY,Ahlstrom-Munksjö Italia S.p.A.
2023-03-12 21:00:00,0.0,IT.CAED/100752001.FACILITY,Ahlstrom-Munksjö Italia S.p.A.
2023-03-12 22:00:00,0.0,IT.CAED/100752001.FACILITY,Ahlstrom-Munksjö Italia S.p.A.
2023-03-12 23:00:00,0.0,IT.CAED/100752001.FACILITY,Ahlstrom-Munksjö Italia S.p.A.
2023-03-13 00:00:00,0.0,IT.CAED/100752001.FACILITY,Ahlstrom-Munksjö Italia S.p.A.
2023-03-13 01:00:00,0.0,IT.CAED/100752001.FACILITY,Ahlstrom-Munksjö Italia S.p.A.
2023-03-13 02:00:00,0.0,IT.CAED/100752001.FACILITY,Ahlstrom-Munksjö Italia S.p.A.
2023-03-13 03:00:00,0.0,IT.CAED/100752001.FACILITY,Ahlstrom-Munksjö Italia S.p.A.
2023-03-13 04:00:00,0.0,IT.CAED/100752001.FACILITY,Ahlstrom-Munksjö Italia S.p.A.
2023-03-13 05:00:00,0.0,IT.CAED/100752001.FACILITY,Ahlstrom-Munksjö Italia S.p.A.
2023-03-13 06:00:00,0.0,IT.CAED/100752001.FACILITY,Ahlstrom-Munksjö Italia S.p.A.
2023-03-13 07:00:00,0.04425,IT.CAED/100752001.FACILITY,Ahlstrom-Munksjö Italia S.p.A.
2023-03-13 08:00:00,0.15828,IT.CAED/100752001.FACILITY,Ahlstrom-Munksjö Italia S.p.A.
2023-03-13 09:00:00,0.33061,IT.CAED/100752001.FACILITY,Ahlstrom-Munksjö Italia S.p.A.
2023-03-13 10:00:00,0.36895,IT.CAED/100752001.FACILITY,Ahlstrom-Munksjö Italia S.p.A.
2023-03-13 11:00:00,0.38932,IT.CAED/100752001.FACILITY,Ahlstrom-Munksjö Italia S.p.A.
2023-03-13 12:00:00,0.41658999999999996,IT.CAED/100752001.FACILITY,Ahlstrom-Munksjö Italia S.p.A.
2023-03-13 13:00:00,0.33177,IT.CAED/100752001.FACILITY,Ahlstrom-Munksjö Italia S.p.A.
2023-03-13 14:00:00,0.22163,IT.CAED/100752001.FACILITY,Ahlstrom-Munksjö Italia S.p.A.
2023-03-13 15:00:00,0.15095,IT.CAED/100752001.FACILITY,Ahlstrom-Munksjö Italia S.p.A.
2023-03-13 16:00:00,0.0595,IT.CAED/100752001.FACILITY,Ahlstrom-Munksjö Italia S.p.A.
2023-03-13 17:00:00,0.012320000000000001,IT.CAED/100752001.FACILITY,Ahlstrom-Munksjö Italia S.p.A.
2023-03-13 18:00:00,0.0,IT.CAED/100752001.FACILITY,Ahlstrom-Munksjö Italia S.p.A.
2023-03-13 19:00:00,0.0,IT.CAED/100752001.FACILITY,Ahlstrom-Munksjö Italia S.p.A.
2023-03-13 20:00:00,0.0,IT.CAED/100752001.FACILITY,Ahlstrom-Munksjö Italia S.p.A.
2023-03-13 21:00:00,0.0,IT.CAED/100752001.FACILITY,Ahlstrom-Munksjö Italia S.p.A.
2023-03-13 22:00:00,0.0,IT.CAED/100752001.FACILITY,Ahlstrom-Munksjö Italia S.p.A.
2023-03-13 23:00:00,0.0,IT.CAED/100752001.FACILITY,Ahlstrom-Munksjö Italia S.p.A.
2023-03-14 00:00:00,0.0,IT.CAED/100752001.FACILITY,Ahlstrom-Munksjö Italia S.p.A.
2023-03-14 01:00:00,0.0,IT.CAED/100752001.FACILITY,Ahlstrom-Munksjö Italia S.p.A.
2023-03-14 02:00:00,0.0,IT.CAED/100752001.FACILITY,Ahlstrom-Munksjö Italia S.p.A.
2023-03-14 03:00:00,0.0,IT.CAED/100752001.FACILITY,Ahlstrom-Munksjö Italia S.p.A.
2023-03-14 04:00:00,0.0,IT.CAED/100752001.FACILITY,Ahlstrom-Munksjö Italia S.p.A.
2023-03-14 05:00:00,0.0,IT.CAED/100752001.FACILITY,Ahlstrom-Munksjö Italia S.p.A.
2023-03-14 06:00:00,0.0,IT.CAED/100752001.FACILITY,Ahlstrom-Munksjö Italia S.p.A.
2023-03-14 07:00:00,0.06961,IT.CAED/100752001.FACILITY,Ahlstrom-Munksjö Italia S.p.A.
2023-03-14 08:00:00,0.30842,IT.CAED/100752001.FACILITY,Ahlstrom-Munksjö Italia S.p.A.
2023-03-14 09:00:00,0.54132,IT.CAED/100752001.FACILITY,Ahlstrom-Munksjö Italia S.p.A.
2023-03-14 10:00:00,0.62895,IT.CAED/100752001.FACILITY,Ahlstrom-Munksjö Italia S.p.A.
2023-03-14 11:00:00,0.61482,IT.CAED/100752001.FACILITY,Ahlstrom-Munksjö Italia S.p.A.
2023-03-14 12:00:00,0.58004,IT.CAED/100752001.FACILITY,Ahlstrom-Munksjö Italia S.p.A.
2023-03-14 13:00:00,0.80044,IT.CAED/100752001.FACILITY,Ahlstrom-Munksjö Italia S.p.A.
2023-03-14 14:00:00,0.71656,IT.CAED/100752001.FACILITY,Ahlstrom-Munksjö Italia S.p.A.
2023-03-14 15:00:00,0.58274,IT.CAED/100752001.FACILITY,Ahlstrom-Munksjö Italia S.p.A.
2023-03-14 16:00:00,0.39211,IT.CAED/100752001.FACILITY,Ahlstrom-Munksjö Italia S.p.A.
2023-03-14 17:00:00,0.16336,IT.CAED/100752001.FACILITY,Ahlstrom-Munksjö Italia S.p.A.
2023-03-14 18:00:00,0.0,IT.CAED/100752001.FACILITY,Ahlstrom-Munksjö Italia S.p.A.
2023-03-14 19:00:00,0.0,IT.CAED/100752001.FACILITY,Ahlstrom-Munksjö Italia S.p.A.
2023-03-14 20:00:00,0.0,IT.CAED/100752001.FACILITY,Ahlstrom-Munksjö Italia S.p.A.
2023-03-14 21:00:00,0.0,IT.CAED/100752001.FACILITY,Ahlstrom-Munksjö Italia S.p.A.
2023-03-14 22:00:00,0.0,IT.CAED/100752001.FACILITY,Ahlstrom-Munksjö Italia S.p.A.
2023-03-14 23:00:00,0.0,IT.CAED/100752001.FACILITY,Ahlstrom-Munksjö Italia S.p.A.
2023-03-15 00:00:00,0.0,IT.CAED/100752001.FACILITY,Ahlstrom-Munksjö Italia S.p.A.
2023-03-15 01:00:00,0.0,IT.CAED/100752001.FACILITY,Ahlstrom-Munksjö Italia S.p.A.
2023-03-15 02:00:00,0.0,IT.CAED/100752001.FACILITY,Ahlstrom-Munksjö Italia S.p.A.
2023-03-15 03:00:00,0.0,IT.CAED/100752001.FACILITY,Ahlstrom-Munksjö Italia S.p.A.
2023-03-15 04:00:00,0.0,IT.CAED/100752001.FACILITY,Ahlstrom-Munksjö Italia S.p.A.
2023-03-15 05:00:00,0.0,IT.CAED/100752001.FACILITY,Ahlstrom-Munksjö Italia S.p.A.
2023-03-15 06:00:00,0.0,IT.CAED/100752001.FACILITY,Ahlstrom-Munksjö Italia S.p.A.
2023-03-15 07:00:00,0.11370999999999999,IT.CAED/100752001.FACILITY,Ahlstrom-Munksjö Italia S.p.A.
2023-03-15 08:00:00,0.40566,IT.CAED/100752001.FACILITY,Ahlstrom-Munksjö Italia S.p.A.
2023-03-15 09:00:00,0.6362599999999999,IT.CAED/100752001.FACILITY,Ahlstrom-Munksjö Italia S.p.A.
2023-03-15 10:00:00,0.78489,IT.CAED/100752001.FACILITY,Ahlstrom-Munksjö Italia S.p.A.
2023-03-15 11:00:00,0.9262,IT.CAED/100752001.FACILITY,Ahlstrom-Munksjö Italia S.p.A.
2023-03-15 12:00:00,0.9731799999999999,IT.CAED/100752001.FACILITY,Ahlstrom-Munksjö Italia S.p.A.
2023-03-15 13:00:00,0.9426599999999999,IT.CAED/100752001.FACILITY,Ahlstrom-Munksjö Italia S.p.A.
2023-03-15 14:00:00,0.80443,IT.CAED/100752001.FACILITY,Ahlstrom-Munksjö Italia S.p.A.
2023-03-15 15:00:00,0.64481,IT.CAED/100752001.FACILITY,Ahlstrom-Munksjö Italia S.p.A.
2023-03-15 16:00:00,0.43612,IT.CAED/100752001.FACILITY,Ahlstrom-Munksjö Italia S.p.A.
2023-03-15 17:00:00,0.17565999999999998,IT.CAED/100752001.FACILITY,Ahlstrom-Munksjö Italia S.p.A.
2023-03-15 18:00:00,0.0,IT.CAED/100752001.FACILITY,Ahlstrom-Munksjö Italia S.p.A.
2023-03-15 19:00:00,0.0,IT.CAED/100752001.FACILITY,Ahlstrom-Munksjö Italia S.p.A.
2023-03-15 20:00:00,0.0,IT.CAED/100752001.FACILITY,Ahlstrom-Munksjö Italia S.p.A.
2023-03-15 21:00:00,0.0,IT.CAED/100752001.FACILITY,Ahlstrom-Munksjö Italia S.p.A.
2023-03-15 22:00:00,0.0,IT.CAED/100752001.FACILITY,Ahlstrom-Munksjö Italia S.p.A.
2023-03-15 23:00:00,0.0,IT.CAED/100752001.FACILITY,Ahlstrom-Munksjö Italia S.p.A.
2023-03-16 00:00:00,0.0,IT.CAED/100752001.FACILITY,Ahlstrom-Munksjö Italia S.p.A.
2023-03-16 01:00:00,0.0,IT.CAED/100752001.FACILITY,Ahlstrom-Munksjö Italia S.p.A.
2023-03-16 02:00:00,0.0,IT.CAED/100752001.FACILITY,Ahlstrom-Munksjö Italia S.p.A.
2023-03-16 03:00:00,0.0,IT.CAED/100752001.FACILITY,Ahlstrom-Munksjö Italia S.p.A.
2023-03-16 04:00:00,0.0,IT.CAED/100752001.FACILITY,Ahlstrom-Munksjö Italia S.p.A.
2023-03-16 05:00:00,0.0,IT.CAED/100752001.FACILITY,Ahlstrom-Munksjö Italia S.p.A.
2023-03-16 06:00:00,0.0,IT.CAED/100752001.FACILITY,Ahlstrom-Munksjö Italia S.p.A.
2023-03-16 07:00:00,0.10332,IT.CAED/100752001.FACILITY,Ahlstrom-Munksjö Italia S.p.A.
2023-03-16 08:00:00,0.38072,IT.CAED/100752001.FACILITY,Ahlstrom-Munksjö Italia S.p.A.
2023-03-16 09:00:00,0.6214,IT.CAED/100752001.FACILITY,Ahlstrom-Munksjö Italia S.p.A.
2023-03-16 10:00:00,0.808,IT.CAED/100752001.FACILITY,Ahlstrom-Munksjö Italia S.p.A.
2023-03-16 11:00:00,0.9156299999999999,IT.CAED/100752001.FACILITY,Ahlstrom-Munksjö Italia S.p.A.
2023-03-16 12:00:00,0.96138,IT.CAED/100752001.FACILITY,Ahlstrom-Munksjö Italia S.p.A.
2023-03-16 13:00:00,0.9176,IT.CAED/100752001.FACILITY,Ahlstrom-Munksjö Italia S.p.A.
2023-03-16 14:00:00,0.80332,IT.CAED/100752001.FACILITY,Ahlstrom-Munksjö Italia S.p.A.
2023-03-16 15:00:00,0.5921000000000001,IT.CAED/100752001.FACILITY,Ahlstrom-Munksjö Italia S.p.A.
2023-03-16 16:00:00,0.35416000000000003,IT.CAED/100752001.FACILITY,Ahlstrom-Munksjö Italia S.p.A.
2023-03-16 17:00:00,0.10361,IT.CAED/100752001.FACILITY,Ahlstrom-Munksjö Italia S.p.A.
2023-03-16 18:00:00,0.00078,IT.CAED/100752001.FACILITY,Ahlstrom-Munksjö Italia S.p.A.
2023-03-16 19:00:00,0.0,IT.CAED/100752001.FACILITY,Ahlstrom-Munksjö Italia S.p.A.
2023-03-16 20:00:00,0.0,IT.CAED/100752001.FACILITY,Ahlstrom-Munksjö Italia S.p.A.
2023-03-16 21:00:00,0.0,IT.CAED/100752001.FACILITY,Ahlstrom-Munksjö Italia S.p.A.
2023-03-16 22:00:00,0.0,IT.CAED/100752001.FACILITY,Ahlstrom-Munksjö Italia S.p.A.
2023-03-16 23:00:00,0.0,IT.CAED/100752001.FACILITY,Ahlstrom-Munksjö Italia S.p.A.
2023-03-17 00:00:00,0.0,IT.CAED/100752001.FACILITY,Ahlstrom-Munksjö Italia S.p.A.
2023-03-17 01:00:00,0.0,IT.CAED/100752001.FACILITY,Ahlstrom-Munksjö Italia S.p.A.
2023-03-17 02:00:00,0.0,IT.CAED/100752001.FACILITY,Ahlstrom-Munksjö Italia S.p.A.
2023-03-17 03:00:00,0.0,IT.CAED/100752001.FACILITY,Ahlstrom-Munksjö Italia S.p.A.
2023-03-17 04:00:00,0.0,IT.CAED/100752001.FACILITY,Ahlstrom-Munksjö Italia S.p.A.
2023-03-17 05:00:00,0.0,IT.CAED/100752001.FACILITY,Ahlstrom-Munksjö Italia S.p.A.
2023-03-17 06:00:00,0.0,IT.CAED/100752001.FACILITY,Ahlstrom-Munksjö Italia S.p.A.
2023-03-17 07:00:00,0.10527,IT.CAED/100752001.FACILITY,Ahlstrom-Munksjö Italia S.p.A.
2023-03-17 08:00:00,0.37262,IT.CAED/100752001.FACILITY,Ahlstrom-Munksjö Italia S.p.A.
2023-03-17 09:00:00,0.6133,IT.CAED/100752001.FACILITY,Ahlstrom-Munksjö Italia S.p.A.
2023-03-17 10:00:00,0.79372,IT.CAED/100752001.FACILITY,Ahlstrom-Munksjö Italia S.p.A.
2023-03-17 11:00:00,0.87599,IT.CAED/100752001.FACILITY,Ahlstrom-Munksjö Italia S.p.A.
2023-03-17 12:00:00,0.88527,IT.CAED/100752001.FACILITY,Ahlstrom-Munksjö Italia S.p.A.
2023-03-17 13:00:00,0.81155,IT.CAED/100752001.FACILITY,Ahlstrom-Munksjö Italia S.p.A.
2023-03-17 14:00:00,0.70782,IT.CAED/100752001.FACILITY,Ahlstrom-Munksjö Italia S.p.A.
2023-03-17 15:00:00,0.5976,IT.CAED/100752001.FACILITY,Ahlstrom-Munksjö Italia S.p.A.
2023-03-17 16:00:00,0.35494,IT.CAED/100752001.FACILITY,Ahlstrom-Munksjö Italia S.p.A.
2023-03-17 17:00:00,0.13712,IT.CAED/100752001.FACILITY,Ahlstrom-Munksjö Italia S.p.A.
2023-03-17 18:00:00,0.00076,IT.CAED/100752001.FACILITY,Ahlstrom-Munksjö Italia S.p.A.
2023-03-17 19:00:00,0.0,IT.CAED/100752001.FACILITY,Ahlstrom-Munksjö Italia S.p.A.
2023-03-17 20:00:00,0.0,IT.CAED/100752001.FACILITY,Ahlstrom-Munksjö Italia S.p.A.
2023-03-17 21:00:00,0.0,IT.CAED/100752001.FACILITY,Ahlstrom-Munksjö Italia S.p.A.
2023-03-17 22:00:00,0.0,IT.CAED/100752001.FACILITY,Ahlstrom-Munksjö Italia S.p.A.
2023-03-17 23:00:00,0.0,IT.CAED/100752001.FACILITY,Ahlstrom-Munksjö Italia S.p.A.
2023-03-18 00:00:00,0.0,IT.CAED/100752001.FACILITY,Ahlstrom-Munksjö Italia S.p.A.
2023-03-18 01:00:00,0.0,IT.CAED/100752001.FACILITY,Ahlstrom-Munksjö Italia S.p.A.
2023-03-18 02:00:00,0.0,IT.CAED/100752001.FACILITY,Ahlstrom-Munksjö Italia S.p.A.
2023-03-18 03:00:00,0.0,IT.CAED/100752001.FACILITY,Ahlstrom-Munksjö Italia S.p.A.
2023-03-18 04:00:00,0.0,IT.CAED/100752001.FACILITY,Ahlstrom-Munksjö Italia S.p.A.
2023-03-18 05:00:00,0.0,IT.CAED/100752001.FACILITY,Ahlstrom-Munksjö Italia S.p.A.
2023-03-18 06:00:00,0.0,IT.CAED/100752001.FACILITY,Ahlstrom-Munksjö Italia S.p.A.
2023-03-18 07:00:00,0.11241,IT.CAED/100752001.FACILITY,Ahlstrom-Munksjö Italia S.p.A.
2023-03-18 08:00:00,0.3777,IT.CAED/100752001.FACILITY,Ahlstrom-Munksjö Italia S.p.A.
2023-03-18 09:00:00,0.6003,IT.CAED/100752001.FACILITY,Ahlstrom-Munksjö Italia S.p.A.
2023-03-18 10:00:00,0.7996,IT.CAED/100752001.FACILITY,Ahlstrom-Munksjö Italia S.p.A.
2023-03-18 11:00:00,0.89166,IT.CAED/100752001.FACILITY,Ahlstrom-Munksjö Italia S.p.A.
2023-03-18 12:00:00,0.91977,IT.CAED/100752001.FACILITY,Ahlstrom-Munksjö Italia S.p.A.
2023-03-18 13:00:00,0.87311,IT.CAED/100752001.FACILITY,Ahlstrom-Munksjö Italia S.p.A.
2023-03-18 14:00:00,0.76383,IT.CAED/100752001.FACILITY,Ahlstrom-Munksjö Italia S.p.A.
2023-03-18 15:00:00,0.5120800000000001,IT.CAED/100752001.FACILITY,Ahlstrom-Munksjö Italia S.p.A.
2023-03-18 16:00:00,0.32030000000000003,IT.CAED/100752001.FACILITY,Ahlstrom-Munksjö Italia S.p.A.
2023-03-18 17:00:00,0.14113,IT.CAED/100752001.FACILITY,Ahlstrom-Munksjö Italia S.p.A.
2023-03-18 18:00:00,0.00045,IT.CAED/100752001.FACILITY,Ahlstrom-Munksjö Italia S.p.A.
2023-03-18 19:00:00,0.0,IT.CAED/100752001.FACILITY,Ahlstrom-Munksjö Italia S.p.A.
2023-03-18 20:00:00,0.0,IT.CAED/100752001.FACILITY,Ahlstrom-Munksjö Italia S.p.A.
2023-03-18 21:00:00,0.0,IT.CAED/100752001.FACILITY,Ahlstrom-Munksjö Italia S.p.A.
2023-03-18 22:00:00,0.0,IT.CAED/100752001.FACILITY,Ahlstrom-Munksjö Italia S.p.A.
2023-03-18 23:00:00,0.0,IT.CAED/100752001.FACILITY,Ahlstrom-Munksjö Italia S.p.A.
2023-03-19 00:00:00,0.0,IT.CAED/100752001.FACILITY,Ahlstrom-Munksjö Italia S.p.A.
2023-03-19 01:00:00,0.0,IT.CAED/100752001.FACILITY,Ahlstrom-Munksjö Italia S.p.A.
2023-03-19 02:00:00,0.0,IT.CAED/100752001.FACILITY,Ahlstrom-Munksjö Italia S.p.A.
2023-03-19 03:00:00,0.0,IT.CAED/100752001.FACILITY,Ahlstrom-Munksjö Italia S.p.A.
2023-03-19 04:00:00,0.0,IT.CAED/100752001.FACILITY,Ahlstrom-Munksjö Italia S.p.A.
2023-03-19 05:00:00,0.0,IT.CAED/100752001.FACILITY,Ahlstrom-Munksjö Italia S.p.A.
2023-03-19 06:00:00,0.0,IT.CAED/100752001.FACILITY,Ahlstrom-Munksjö Italia S.p.A.
2023-03-19 07:00:00,0.04292,IT.CAED/100752001.FACILITY,Ahlstrom-Munksjö Italia S.p.A.
2023-03-19 08:00:00,0.11617,IT.CAED/100752001.FACILITY,Ahlstrom-Munksjö Italia S.p.A.
2023-03-19 09:00:00,0.21897,IT.CAED/100752001.FACILITY,Ahlstrom-Munksjö Italia S.p.A.
2023-03-19 10:00:00,0.23495,IT.CAED/100752001.FACILITY,Ahlstrom-Munksjö Italia S.p.A.
2023-03-19 11:00:00,0.42663999999999996,IT.CAED/100752001.FACILITY,Ahlstrom-Munksjö Italia S.p.A.
2023-03-19 12:00:00,0.41901,IT.CAED/100752001.FACILITY,Ahlstrom-Munksjö Italia S.p.A.
2023-03-19 13:00:00,0.34372,IT.CAED/100752001.FACILITY,Ahlstrom-Munksjö Italia S.p.A.
2023-03-19 14:00:00,0.44113,IT.CAED/100752001.FACILITY,Ahlstrom-Munksjö Italia S.p.A.
2023-03-19 15:00:00,0.21414,IT.CAED/100752001.FACILITY,Ahlstrom-Munksjö Italia S.p.A.
2023-03-19 16:00:00,0.28196,IT.CAED/100752001.FACILITY,Ahlstrom-Munksjö Italia S.p.A.
2023-03-19 17:00:00,0.10353,IT.CAED/100752001.FACILITY,Ahlstrom-Munksjö Italia S.p.A.
2023-03-19 18:00:00,0.00067,IT.CAED/100752001.FACILITY,Ahlstrom-Munksjö Italia S.p.A.
2023-03-19 19:00:00,0.0,IT.CAED/100752001.FACILITY,Ahlstrom-Munksjö Italia S.p.A.
2023-03-19 20:00:00,0.0,IT.CAED/100752001.FACILITY,Ahlstrom-Munksjö Italia S.p.A.
2023-03-19 21:00:00,0.0,IT.CAED/100752001.FACILITY,Ahlstrom-Munksjö Italia S.p.A.
2023-03-19 22:00:00,0.0,IT.CAED/100752001.FACILITY,Ahlstrom-Munksjö Italia S.p.A.
2023-03-19 23:00:00,0.0,IT.CAED/100752001.FACILITY,Ahlstrom-Munksjö Italia S.p.A.
2023-03-20 00:00:00,0.0,IT.CAED/100752001.FACILITY,Ahlstrom-Munksjö Italia S.p.A.
2023-03-20 01:00:00,0.0,IT.CAED/100752001.FACILITY,Ahlstrom-Munksjö Italia S.p.A.
2023-03-20 02:00:00,0.0,IT.CAED/100752001.FACILITY,Ahlstrom-Munksjö Italia S.p.A.
2023-03-20 03:00:00,0.0,IT.CAED/100752001.FACILITY,Ahlstrom-Munksjö Italia S.p.A.
2023-03-20 04:00:00,0.0,IT.CAED/100752001.FACILITY,Ahlstrom-Munksjö Italia S.p.A.
2023-03-20 05:00:00,0.0,IT.CAED/100752001.FACILITY,Ahlstrom-Munksjö Italia S.p.A.
2023-03-20 06:00:00,0.0,IT.CAED/100752001.FACILITY,Ahlstrom-Munksjö Italia S.p.A.
2023-03-20 07:00:00,0.11422,IT.CAED/100752001.FACILITY,Ahlstrom-Munksjö Italia S.p.A.
2023-03-20 08:00:00,0.38193,IT.CAED/100752001.FACILITY,Ahlstrom-Munksjö Italia S.p.A.
2023-03-20 09:00:00,0.61058,IT.CAED/100752001.FACILITY,Ahlstrom-Munksjö Italia S.p.A.
2023-03-20 10:00:00,0.7522000000000001,IT.CAED/100752001.FACILITY,Ahlstrom-Munksjö Italia S.p.A.
2023-03-20 11:00:00,0.85492,IT.CAED/100752001.FACILITY,Ahlstrom-Munksjö Italia S.p.A.
2023-03-20 12:00:00,0.90475,IT.CAED/100752001.FACILITY,Ahlstrom-Munksjö Italia S.p.A.
2023-03-20 13:00:00,0.8593,IT.CAED/100752001.FACILITY,Ahlstrom-Munksjö Italia S.p.A.
2023-03-20 14:00:00,0.7581100000000001,IT.CAED/100752001.FACILITY,Ahlstrom-Munksjö Italia S.p.A.
2023-03-20 15:00:00,0.64564,IT.CAED/100752001.FACILITY,Ahlstrom-Munksjö Italia S.p.A.
2023-03-20 16:00:00,0.38366,IT.CAED/100752001.FACILITY,Ahlstrom-Munksjö Italia S.p.A.
2023-03-20 17:00:00,0.15509,IT.CAED/100752001.FACILITY,Ahlstrom-Munksjö Italia S.p.A.
2023-03-20 18:00:00,0.0017800000000000001,IT.CAED/100752001.FACILITY,Ahlstrom-Munksjö Italia S.p.A.
2023-03-20 19:00:00,0.0,IT.CAED/100752001.FACILITY,Ahlstrom-Munksjö Italia S.p.A.
2023-03-20 20:00:00,0.0,IT.CAED/100752001.FACILITY,Ahlstrom-Munksjö Italia S.p.A.
2023-03-20 21:00:00,0.0,IT.CAED/100752001.FACILITY,Ahlstrom-Munksjö Italia S.p.A.
2023-03-20 22:00:00,0.0,IT.CAED/100752001.FACILITY,Ahlstrom-Munksjö Italia S.p.A.
2023-03-20 23:00:00,0.0,IT.CAED/100752001.FACILITY,Ahlstrom-Munksjö Italia S.p.A.
2023-03-21 00:00:00,0.0,IT.CAED/100752001.FACILITY,Ahlstrom-Munksjö Italia S.p.A.
2023-03-21 01:00:00,0.0,IT.CAED/100752001.FACILITY,Ahlstrom-Munksjö Italia S.p.A.
2023-03-21 02:00:00,0.0,IT.CAED/100752001.FACILITY,Ahlstrom-Munksjö Italia S.p.A.
2023-03-21 03:00:00,0.0,IT.CAED/100752001.FACILITY,Ahlstrom-Munksjö Italia S.p.A.
2023-03-21 04:00:00,0.0,IT.CAED/100752001.FACILITY,Ahlstrom-Munksjö Italia S.p.A.
2023-03-21 05:00:00,0.0,IT.CAED/100752001.FACILITY,Ahlstrom-Munksjö Italia S.p.A.
2023-03-21 06:00:00,0.0,IT.CAED/100752001.FACILITY,Ahlstrom-Munksjö Italia S.p.A.
2023-03-21 07:00:00,0.10754000000000001,IT.CAED/100752001.FACILITY,Ahlstrom-Munksjö Italia S.p.A.
2023-03-21 08:00:00,0.33207,IT.CAED/100752001.FACILITY,Ahlstrom-Munksjö Italia S.p.A.
2023-03-21 09:00:00,0.53243,IT.CAED/100752001.FACILITY,Ahlstrom-Munksjö Italia S.p.A.
2023-03-21 10:00:00,0.65671,IT.CAED/100752001.FACILITY,Ahlstrom-Munksjö Italia S.p.A.
2023-03-21 11:00:00,0.83233,IT.CAED/100752001.FACILITY,Ahlstrom-Munksjö Italia S.p.A.
2023-03-21 12:00:00,0.88437,IT.CAED/100752001.FACILITY,Ahlstrom-Munksjö Italia S.p.A.
2023-03-21 13:00:00,0.8327100000000001,IT.CAED/100752001.FACILITY,Ahlstrom-Munksjö Italia S.p.A.
2023-03-21 14:00:00,0.71766,IT.CAED/100752001.FACILITY,Ahlstrom-Munksjö Italia S.p.A.
2023-03-21 15:00:00,0.46822,IT.CAED/100752001.FACILITY,Ahlstrom-Munksjö Italia S.p.A.
2023-03-21 16:00:00,0.27563,IT.CAED/100752001.FACILITY,Ahlstrom-Munksjö Italia S.p.A.
2023-03-21 17:00:00,0.08574,IT.CAED/100752001.FACILITY,Ahlstrom-Munksjö Italia S.p.A.
2023-03-21 18:00:00,0.00256,IT.CAED/100752001.FACILITY,Ahlstrom-Munksjö Italia S.p.A.
2023-03-21 19:00:00,0.0,IT.CAED/100752001.FACILITY,Ahlstrom-Munksjö Italia S.p.A.
2023-03-21 20:00:00,0.0,IT.CAED/100752001.FACILITY,Ahlstrom-Munksjö Italia S.p.A.
2023-03-21 21:00:00,0.0,IT.CAED/100752001.FACILITY,Ahlstrom-Munksjö Italia S.p.A.
2023-03-21 22:00:00,0.0,IT.CAED/100752001.FACILITY,Ahlstrom-Munksjö Italia S.p.A.
2023-03-21 23:00:00,0.0,IT.CAED/100752001.FACILITY,Ahlstrom-Munksjö Italia S.p.A.
2023-03-22 00:00:00,0.0,IT.CAED/100752001.FACILITY,Ahlstrom-Munksjö Italia S.p.A.
2023-03-22 01:00:00,0.0,IT.CAED/100752001.FACILITY,Ahlstrom-Munksjö Italia S.p.A.
2023-03-22 02:00:00,0.0,IT.CAED/100752001.FACILITY,Ahlstrom-Munksjö Italia S.p.A.
2023-03-22 03:00:00,0.0,IT.CAED/100752001.FACILITY,Ahlstrom-Munksjö Italia S.p.A.
2023-03-22 04:00:00,0.0,IT.CAED/100752001.FACILITY,Ahlstrom-Munksjö Italia S.p.A.
2023-03-22 05:00:00,0.0,IT.CAED/100752001.FACILITY,Ahlstrom-Munksjö Italia S.p.A.
2023-03-22 06:00:00,0.0,IT.CAED/100752001.FACILITY,Ahlstrom-Munksjö Italia S.p.A.
2023-03-22 07:00:00,0.12322,IT.CAED/100752001.FACILITY,Ahlstrom-Munksjö Italia S.p.A.
2023-03-22 08:00:00,0.39144999999999996,IT.CAED/100752001.FACILITY,Ahlstrom-Munksjö Italia S.p.A.
2023-03-22 09:00:00,0.61364,IT.CAED/100752001.FACILITY,Ahlstrom-Munksjö Italia S.p.A.
2023-03-22 10:00:00,0.7799400000000001,IT.CAED/100752001.FACILITY,Ahlstrom-Munksjö Italia S.p.A.
2023-03-22 11:00:00,0.88071,IT.CAED/100752001.FACILITY,Ahlstrom-Munksjö Italia S.p.A.
2023-03-22 12:00:00,0.92026,IT.CAED/100752001.FACILITY,Ahlstrom-Munksjö Italia S.p.A.
2023-03-22 13:00:00,0.89063,IT.CAED/100752001.FACILITY,Ahlstrom-Munksjö Italia S.p.A.
2023-03-22 14:00:00,0.7408899999999999,IT.CAED/100752001.FACILITY,Ahlstrom-Munksjö Italia S.p.A.
2023-03-22 15:00:00,0.5844,IT.CAED/100752001.FACILITY,Ahlstrom-Munksjö Italia S.p.A.
2023-03-22 16:00:00,0.37960000000000005,IT.CAED/100752001.FACILITY,Ahlstrom-Munksjö Italia S.p.A.
2023-03-22 17:00:00,0.15134,IT.CAED/100752001.FACILITY,Ahlstrom-Munksjö Italia S.p.A.
2023-03-22 18:00:00,0.00138,IT.CAED/100752001.FACILITY,Ahlstrom-Munksjö Italia S.p.A.
2023-03-22 19:00:00,0.0,IT.CAED/100752001.FACILITY,Ahlstrom-Munksjö Italia S.p.A.
2023-03-22 20:00:00,0.0,IT.CAED/100752001.FACILITY,Ahlstrom-Munksjö Italia S.p.A.
2023-03-22 21:00:00,0.0,IT.CAED/100752001.FACILITY,Ahlstrom-Munksjö Italia S.p.A.
2023-03-22 22:00:00,0.0,IT.CAED/100752001.FACILITY,Ahlstrom-Munksjö Italia S.p.A.
2023-03-22 23:00:00,0.0,IT.CAED/100752001.FACILITY,Ahlstrom-Munksjö Italia S.p.A.
2023-03-23 00:00:00,0.0,IT.CAED/100752001.FACILITY,Ahlstrom-Munksjö Italia S.p.A.
2023-03-23 01:00:00,0.0,IT.CAED/100752001.FACILITY,Ahlstrom-Munksjö Italia S.p.A.
2023-03-23 02:00:00,0.0,IT.CAED/100752001.FACILITY,Ahlstrom-Munksjö Italia S.p.A.
2023-03-23 03:00:00,0.0,IT.CAED/100752001.FACILITY,Ahlstrom-Munksjö Italia S.p.A.
2023-03-23 04:00:00,0.0,IT.CAED/100752001.FACILITY,Ahlstrom-Munksjö Italia S.p.A.
2023-03-23 05:00:00,0.0,IT.CAED/100752001.FACILITY,Ahlstrom-Munksjö Italia S.p.A.
2023-03-23 06:00:00,0.0,IT.CAED/100752001.FACILITY,Ahlstrom-Munksjö Italia S.p.A.
2023-03-23 07:00:00,0.08502,IT.CAED/100752001.FACILITY,Ahlstrom-Munksjö Italia S.p.A.
2023-03-23 08:00:00,0.31795999999999996,IT.CAED/100752001.FACILITY,Ahlstrom-Munksjö Italia S.p.A.
2023-03-23 09:00:00,0.59975,IT.CAED/100752001.FACILITY,Ahlstrom-Munksjö Italia S.p.A.
2023-03-23 10:00:00,0.79232,IT.CAED/100752001.FACILITY,Ahlstrom-Munksjö Italia S.p.A.
2023-03-23 11:00:00,0.88687,IT.CAED/100752001.FACILITY,Ahlstrom-Munksjö Italia S.p.A.
2023-03-23 12:00:00,0.91267,IT.CAED/100752001.FACILITY,Ahlstrom-Munksjö Italia S.p.A.
2023-03-23 13:00:00,0.7916,IT.CAED/100752001.FACILITY,Ahlstrom-Munksjö Italia S.p.A.
2023-03-23 14:00:00,0.65151,IT.CAED/100752001.FACILITY,Ahlstrom-Munksjö Italia S.p.A.
2023-03-23 15:00:00,0.53761,IT.CAED/100752001.FACILITY,Ahlstrom-Munksjö Italia S.p.A.
2023-03-23 16:00:00,0.35397,IT.CAED/100752001.FACILITY,Ahlstrom-Munksjö Italia S.p.A.
2023-03-23 17:00:00,0.11037999999999999,IT.CAED/100752001.FACILITY,Ahlstrom-Munksjö Italia S.p.A.
2023-03-23 18:00:00,0.0025800000000000003,IT.CAED/100752001.FACILITY,Ahlstrom-Munksjö Italia S.p.A.
2023-03-23 19:00:00,0.0,IT.CAED/100752001.FACILITY,Ahlstrom-Munksjö Italia S.p.A.
2023-03-23 20:00:00,0.0,IT.CAED/100752001.FACILITY,Ahlstrom-Munksjö Italia S.p.A.
2023-03-23 21:00:00,0.0,IT.CAED/100752001.FACILITY,Ahlstrom-Munksjö Italia S.p.A.
2023-03-23 22:00:00,0.0,IT.CAED/100752001.FACILITY,Ahlstrom-Munksjö Italia S.p.A.
2023-03-23 23:00:00,0.0,IT.CAED/100752001.FACILITY,Ahlstrom-Munksjö Italia S.p.A.
2023-03-24 00:00:00,0.0,IT.CAED/100752001.FACILITY,Ahlstrom-Munksjö Italia S.p.A.
2023-03-24 01:00:00,0.0,IT.CAED/100752001.FACILITY,Ahlstrom-Munksjö Italia S.p.A.
2023-03-24 02:00:00,0.0,IT.CAED/100752001.FACILITY,Ahlstrom-Munksjö Italia S.p.A.
2023-03-24 03:00:00,0.0,IT.CAED/100752001.FACILITY,Ahlstrom-Munksjö Italia S.p.A.
2023-03-24 04:00:00,0.0,IT.CAED/100752001.FACILITY,Ahlstrom-Munksjö Italia S.p.A.
2023-03-24 05:00:00,0.0,IT.CAED/100752001.FACILITY,Ahlstrom-Munksjö Italia S.p.A.
2023-03-24 06:00:00,0.0,IT.CAED/100752001.FACILITY,Ahlstrom-Munksjö Italia S.p.A.
2023-03-24 07:00:00,0.030379999999999997,IT.CAED/100752001.FACILITY,Ahlstrom-Munksjö Italia S.p.A.
2023-03-24 08:00:00,0.14599,IT.CAED/100752001.FACILITY,Ahlstrom-Munksjö Italia S.p.A.
2023-03-24 09:00:00,0.28958,IT.CAED/100752001.FACILITY,Ahlstrom-Munksjö Italia S.p.A.
2023-03-24 10:00:00,0.43075,IT.CAED/100752001.FACILITY,Ahlstrom-Munksjö Italia S.p.A.
2023-03-24 11:00:00,0.33598,IT.CAED/100752001.FACILITY,Ahlstrom-Munksjö Italia S.p.A.
2023-03-24 12:00:00,0.28067000000000003,IT.CAED/100752001.FACILITY,Ahlstrom-Munksjö Italia S.p.A.
2023-03-24 13:00:00,0.18954,IT.CAED/100752001.FACILITY,Ahlstrom-Munksjö Italia S.p.A.
2023-03-24 14:00:00,0.20877,IT.CAED/100752001.FACILITY,Ahlstrom-Munksjö Italia S.p.A.
2023-03-24 15:00:00,0.12386,IT.CAED/100752001.FACILITY,Ahlstrom-Munksjö Italia S.p.A.
2023-03-24 16:00:00,0.07995000000000001,IT.CAED/100752001.FACILITY,Ahlstrom-Munksjö Italia S.p.A.
2023-03-24 17:00:00,0.0365,IT.CAED/100752001.FACILITY,Ahlstrom-Munksjö Italia S.p.A.
2023-03-24 18:00:00,0.00094,IT.CAED/100752001.FACILITY,Ahlstrom-Munksjö Italia S.p.A.
2023-03-24 19:00:00,0.0,IT.CAED/100752001.FACILITY,Ahlstrom-Munksjö Italia S.p.A.
2023-03-24 20:00:00,0.0,IT.CAED/100752001.FACILITY,Ahlstrom-Munksjö Italia S.p.A.
2023-03-24 21:00:00,0.0,IT.CAED/100752001.FACILITY,Ahlstrom-Munksjö Italia S.p.A.
2023-03-24 22:00:00,0.0,IT.CAED/100752001.FACILITY,Ahlstrom-Munksjö Italia S.p.A.
2023-03-24 23:00:00,0.0,IT.CAED/100752001.FACILITY,Ahlstrom-Munksjö Italia S.p.A.
2023-03-25 00:00:00,0.0,IT.CAED/100752001.FACILITY,Ahlstrom-Munksjö Italia S.p.A.
2023-03-25 01:00:00,0.0,IT.CAED/100752001.FACILITY,Ahlstrom-Munksjö Italia S.p.A.
2023-03-25 02:00:00,0.0,IT.CAED/100752001.FACILITY,Ahlstrom-Munksjö Italia S.p.A.
2023-03-25 03:00:00,0.0,IT.CAED/100752001.FACILITY,Ahlstrom-Munksjö Italia S.p.A.
2023-03-25 04:00:00,0.0,IT.CAED/100752001.FACILITY,Ahlstrom-Munksjö Italia S.p.A.
2023-03-25 05:00:00,0.0,IT.CAED/100752001.FACILITY,Ahlstrom-Munksjö Italia S.p.A.
2023-03-25 06:00:00,0.00011,IT.CAED/100752001.FACILITY,Ahlstrom-Munksjö Italia S.p.A.
2023-03-25 07:00:00,0.12722,IT.CAED/100752001.FACILITY,Ahlstrom-Munksjö Italia S.p.A.
2023-03-25 08:00:00,0.41639,IT.CAED/100752001.FACILITY,Ahlstrom-Munksjö Italia S.p.A.
2023-03-25 09:00:00,0.55787,IT.CAED/100752001.FACILITY,Ahlstrom-Munksjö Italia S.p.A.
2023-03-25 10:00:00,0.78537,IT.CAED/100752001.FACILITY,Ahlstrom-Munksjö Italia S.p.A.
2023-03-25 11:00:00,0.91452,IT.CAED/100752001.FACILITY,Ahlstrom-Munksjö Italia S.p.A.
2023-03-25 12:00:00,0.96126,IT.CAED/100752001.FACILITY,Ahlstrom-Munksjö Italia S.p.A.
2023-03-25 13:00:00,0.94214,IT.CAED/100752001.FACILITY,Ahlstrom-Munksjö Italia S.p.A.
2023-03-25 14:00:00,0.84374,IT.CAED/100752001.FACILITY,Ahlstrom-Munksjö Italia S.p.A.
2023-03-25 15:00:00,0.68057,IT.CAED/100752001.FACILITY,Ahlstrom-Munksjö Italia S.p.A.
2023-03-25 16:00:00,0.45456,IT.CAED/100752001.FACILITY,Ahlstrom-Munksjö Italia S.p.A.
2023-03-25 17:00:00,0.1797,IT.CAED/100752001.FACILITY,Ahlstrom-Munksjö Italia S.p.A.
2023-03-25 18:00:00,0.0025099999999999996,IT.CAED/100752001.FACILITY,Ahlstrom-Munksjö Italia S.p.A.
2023-03-25 19:00:00,0.0,IT.CAED/100752001.FACILITY,Ahlstrom-Munksjö Italia S.p.A.
2023-03-25 20:00:00,0.0,IT.CAED/100752001.FACILITY,Ahlstrom-Munksjö Italia S.p.A.
2023-03-25 21:00:00,0.0,IT.CAED/100752001.FACILITY,Ahlstrom-Munksjö Italia S.p.A.
2023-03-25 22:00:00,0.0,IT.CAED/100752001.FACILITY,Ahlstrom-Munksjö Italia S.p.A.
2023-03-25 23:00:00,0.0,IT.CAED/100752001.FACILITY,Ahlstrom-Munksjö Italia S.p.A.
2023-03-26 00:00:00,0.0,IT.CAED/100752001.FACILITY,Ahlstrom-Munksjö Italia S.p.A.
2023-03-26 01:00:00,0.0,IT.CAED/100752001.FACILITY,Ahlstrom-Munksjö Italia S.p.A.
2023-03-26 02:00:00,0.0,IT.CAED/100752001.FACILITY,Ahlstrom-Munksjö Italia S.p.A.
2023-03-26 03:00:00,0.0,IT.CAED/100752001.FACILITY,Ahlstrom-Munksjö Italia S.p.A.
2023-03-26 04:00:00,0.0,IT.CAED/100752001.FACILITY,Ahlstrom-Munksjö Italia S.p.A.
2023-03-26 05:00:00,0.0,IT.CAED/100752001.FACILITY,Ahlstrom-Munksjö Italia S.p.A.
2023-03-26 06:00:00,0.0,IT.CAED/100752001.FACILITY,Ahlstrom-Munksjö Italia S.p.A.
2023-03-26 07:00:00,0.00091,IT.CAED/100752001.FACILITY,Ahlstrom-Munksjö Italia S.p.A.
2023-03-26 08:00:00,0.10482,IT.CAED/100752001.FACILITY,Ahlstrom-Munksjö Italia S.p.A.
2023-03-26 09:00:00,0.27103,IT.CAED/100752001.FACILITY,Ahlstrom-Munksjö Italia S.p.A.
2023-03-26 10:00:00,0.47482,IT.CAED/100752001.FACILITY,Ahlstrom-Munksjö Italia S.p.A.
2023-03-26 11:00:00,0.45344999999999996,IT.CAED/100752001.FACILITY,Ahlstrom-Munksjö Italia S.p.A.
2023-03-26 12:00:00,0.43977999999999995,IT.CAED/100752001.FACILITY,Ahlstrom-Munksjö Italia S.p.A.
2023-03-26 13:00:00,0.38548000000000004,IT.CAED/100752001.FACILITY,Ahlstrom-Munksjö Italia S.p.A.
2023-03-26 14:00:00,0.34082999999999997,IT.CAED/100752001.FACILITY,Ahlstrom-Munksjö Italia S.p.A.
2023-03-26 15:00:00,0.46632,IT.CAED/100752001.FACILITY,Ahlstrom-Munksjö Italia S.p.A.
2023-03-26 16:00:00,0.37011,IT.CAED/100752001.FACILITY,Ahlstrom-Munksjö Italia S.p.A.
2023-03-26 17:00:00,0.33644999999999997,IT.CAED/100752001.FACILITY,Ahlstrom-Munksjö Italia S.p.A.
2023-03-26 18:00:00,0.17825,IT.CAED/100752001.FACILITY,Ahlstrom-Munksjö Italia S.p.A.
2023-03-26 19:00:00,0.00267,IT.CAED/100752001.FACILITY,Ahlstrom-Munksjö Italia S.p.A.
2023-03-26 20:00:00,0.0,IT.CAED/100752001.FACILITY,Ahlstrom-Munksjö Italia S.p.A.
2023-03-26 21:00:00,0.0,IT.CAED/100752001.FACILITY,Ahlstrom-Munksjö Italia S.p.A.
2023-03-26 22:00:00,0.0,IT.CAED/100752001.FACILITY,Ahlstrom-Munksjö Italia S.p.A.
2023-03-26 23:00:00,0.0,IT.CAED/100752001.FACILITY,Ahlstrom-Munksjö Italia S.p.A.
2023-03-27 00:00:00,0.0,IT.CAED/100752001.FACILITY,Ahlstrom-Munksjö Italia S.p.A.
2023-03-27 01:00:00,0.0,IT.CAED/100752001.FACILITY,Ahlstrom-Munksjö Italia S.p.A.
2023-03-27 02:00:00,0.0,IT.CAED/100752001.FACILITY,Ahlstrom-Munksjö Italia S.p.A.
2023-03-27 03:00:00,0.0,IT.CAED/100752001.FACILITY,Ahlstrom-Munksjö Italia S.p.A.
2023-03-27 04:00:00,0.0,IT.CAED/100752001.FACILITY,Ahlstrom-Munksjö Italia S.p.A.
2023-03-27 05:00:00,0.0,IT.CAED/100752001.FACILITY,Ahlstrom-Munksjö Italia S.p.A.
2023-03-27 06:00:00,0.0,IT.CAED/100752001.FACILITY,Ahlstrom-Munksjö Italia S.p.A.
2023-03-27 07:00:00,0.00128,IT.CAED/100752001.FACILITY,Ahlstrom-Munksjö Italia S.p.A.
2023-03-27 08:00:00,0.14686000000000002,IT.CAED/100752001.FACILITY,Ahlstrom-Munksjö Italia S.p.A.
2023-03-27 09:00:00,0.43572000000000005,IT.CAED/100752001.FACILITY,Ahlstrom-Munksjö Italia S.p.A.
2023-03-27 10:00:00,0.6714199999999999,IT.CAED/100752001.FACILITY,Ahlstrom-Munksjö Italia S.p.A.
2023-03-27 11:00:00,0.83494,IT.CAED/100752001.FACILITY,Ahlstrom-Munksjö Italia S.p.A.
2023-03-27 12:00:00,0.94236,IT.CAED/100752001.FACILITY,Ahlstrom-Munksjö Italia S.p.A.
2023-03-27 13:00:00,0.99436,IT.CAED/100752001.FACILITY,Ahlstrom-Munksjö Italia S.p.A.
2023-03-27 14:00:00,0.9626,IT.CAED/100752001.FACILITY,Ahlstrom-Munksjö Italia S.p.A.
2023-03-27 15:00:00,0.88195,IT.CAED/100752001.FACILITY,Ahlstrom-Munksjö Italia S.p.A.
2023-03-27 16:00:00,0.71727,IT.CAED/100752001.FACILITY,Ahlstrom-Munksjö Italia S.p.A.
2023-03-27 17:00:00,0.47966000000000003,IT.CAED/100752001.FACILITY,Ahlstrom-Munksjö Italia S.p.A.
2023-03-27 18:00:00,0.19684000000000001,IT.CAED/100752001.FACILITY,Ahlstrom-Munksjö Italia S.p.A.
2023-03-27 19:00:00,0.0035299999999999997,IT.CAED/100752001.FACILITY,Ahlstrom-Munksjö Italia S.p.A.
2023-03-27 20:00:00,0.0,IT.CAED/100752001.FACILITY,Ahlstrom-Munksjö Italia S.p.A.
2023-03-27 21:00:00,0.0,IT.CAED/100752001.FACILITY,Ahlstrom-Munksjö Italia S.p.A.
2023-03-27 22:00:00,0.0,IT.CAED/100752001.FACILITY,Ahlstrom-Munksjö Italia S.p.A.
2023-03-27 23:00:00,0.0,IT.CAED/100752001.FACILITY,Ahlstrom-Munksjö Italia S.p.A.
2023-03-28 00:00:00,0.0,IT.CAED/100752001.FACILITY,Ahlstrom-Munksjö Italia S.p.A.
2023-03-28 01:00:00,0.0,IT.CAED/100752001.FACILITY,Ahlstrom-Munksjö Italia S.p.A.
2023-03-28 02:00:00,0.0,IT.CAED/100752001.FACILITY,Ahlstrom-Munksjö Italia S.p.A.
2023-03-28 03:00:00,0.0,IT.CAED/100752001.FACILITY,Ahlstrom-Munksjö Italia S.p.A.
2023-03-28 04:00:00,0.0,IT.CAED/100752001.FACILITY,Ahlstrom-Munksjö Italia S.p.A.
2023-03-28 05:00:00,0.0,IT.CAED/100752001.FACILITY,Ahlstrom-Munksjö Italia S.p.A.
2023-03-28 06:00:00,0.0,IT.CAED/100752001.FACILITY,Ahlstrom-Munksjö Italia S.p.A.
2023-03-28 07:00:00,0.00147,IT.CAED/100752001.FACILITY,Ahlstrom-Munksjö Italia S.p.A.
2023-03-28 08:00:00,0.16138999999999998,IT.CAED/100752001.FACILITY,Ahlstrom-Munksjö Italia S.p.A.
2023-03-28 09:00:00,0.44319,IT.CAED/100752001.FACILITY,Ahlstrom-Munksjö Italia S.p.A.
2023-03-28 10:00:00,0.6809,IT.CAED/100752001.FACILITY,Ahlstrom-Munksjö Italia S.p.A.
2023-03-28 11:00:00,0.8485199999999999,IT.CAED/100752001.FACILITY,Ahlstrom-Munksjö Italia S.p.A.
2023-03-28 12:00:00,0.9485800000000001,IT.CAED/100752001.FACILITY,Ahlstrom-Munksjö Italia S.p.A.
2023-03-28 13:00:00,0.94731,IT.CAED/100752001.FACILITY,Ahlstrom-Munksjö Italia S.p.A.
2023-03-28 14:00:00,0.8332,IT.CAED/100752001.FACILITY,Ahlstrom-Munksjö Italia S.p.A.
2023-03-28 15:00:00,0.7729199999999999,IT.CAED/100752001.FACILITY,Ahlstrom-Munksjö Italia S.p.A.
2023-03-28 16:00:00,0.64255,IT.CAED/100752001.FACILITY,Ahlstrom-Munksjö Italia S.p.A.
2023-03-28 17:00:00,0.43699,IT.CAED/100752001.FACILITY,Ahlstrom-Munksjö Italia S.p.A.
2023-03-28 18:00:00,0.16187,IT.CAED/100752001.FACILITY,Ahlstrom-Munksjö Italia S.p.A.
2023-03-28 19:00:00,0.00463,IT.CAED/100752001.FACILITY,Ahlstrom-Munksjö Italia S.p.A.
2023-03-28 20:00:00,0.0,IT.CAED/100752001.FACILITY,Ahlstrom-Munksjö Italia S.p.A.
2023-03-28 21:00:00,0.0,IT.CAED/100752001.FACILITY,Ahlstrom-Munksjö Italia S.p.A.
2023-03-28 22:00:00,0.0,IT.CAED/100752001.FACILITY,Ahlstrom-Munksjö Italia S.p.A.
2023-03-28 23:00:00,0.0,IT.CAED/100752001.FACILITY,Ahlstrom-Munksjö Italia S.p.A.
2023-03-29 00:00:00,0.0,IT.CAED/100752001.FACILITY,Ahlstrom-Munksjö Italia S.p.A.
2023-03-29 01:00:00,0.0,IT.CAED/100752001.FACILITY,Ahlstrom-Munksjö Italia S.p.A.
2023-03-29 02:00:00,0.0,IT.CAED/100752001.FACILITY,Ahlstrom-Munksjö Italia S.p.A.
2023-03-29 03:00:00,0.0,IT.CAED/100752001.FACILITY,Ahlstrom-Munksjö Italia S.p.A.
2023-03-29 04:00:00,0.0,IT.CAED/100752001.FACILITY,Ahlstrom-Munksjö Italia S.p.A.
2023-03-29 05:00:00,0.0,IT.CAED/100752001.FACILITY,Ahlstrom-Munksjö Italia S.p.A.
2023-03-29 06:00:00,0.0,IT.CAED/100752001.FACILITY,Ahlstrom-Munksjö Italia S.p.A.
2023-03-29 07:00:00,0.0020800000000000003,IT.CAED/100752001.FACILITY,Ahlstrom-Munksjö Italia S.p.A.
2023-03-29 08:00:00,0.1313,IT.CAED/100752001.FACILITY,Ahlstrom-Munksjö Italia S.p.A.
2023-03-29 09:00:00,0.39526999999999995,IT.CAED/100752001.FACILITY,Ahlstrom-Munksjö Italia S.p.A.
2023-03-29 10:00:00,0.6256799999999999,IT.CAED/100752001.FACILITY,Ahlstrom-Munksjö Italia S.p.A.
2023-03-29 11:00:00,0.798,IT.CAED/100752001.FACILITY,Ahlstrom-Munksjö Italia S.p.A.
2023-03-29 12:00:00,0.9191699999999999,IT.CAED/100752001.FACILITY,Ahlstrom-Munksjö Italia S.p.A.
2023-03-29 13:00:00,0.96462,IT.CAED/100752001.FACILITY,Ahlstrom-Munksjö Italia S.p.A.
2023-03-29 14:00:00,0.92811,IT.CAED/100752001.FACILITY,Ahlstrom-Munksjö Italia S.p.A.
2023-03-29 15:00:00,0.8232200000000001,IT.CAED/100752001.FACILITY,Ahlstrom-Munksjö Italia S.p.A.
2023-03-29 16:00:00,0.66388,IT.CAED/100752001.FACILITY,Ahlstrom-Munksjö Italia S.p.A.
2023-03-29 17:00:00,0.4348,IT.CAED/100752001.FACILITY,Ahlstrom-Munksjö Italia S.p.A.
2023-03-29 18:00:00,0.17502,IT.CAED/100752001.FACILITY,Ahlstrom-Munksjö Italia S.p.A.
2023-03-29 19:00:00,0.00474,IT.CAED/100752001.FACILITY,Ahlstrom-Munksjö Italia S.p.A.
2023-03-29 20:00:00,0.0,IT.CAED/100752001.FACILITY,Ahlstrom-Munksjö Italia S.p.A.
2023-03-29 21:00:00,0.0,IT.CAED/100752001.FACILITY,Ahlstrom-Munksjö Italia S.p.A.
2023-03-29 22:00:00,0.0,IT.CAED/100752001.FACILITY,Ahlstrom-Munksjö Italia S.p.A.
2023-03-29 23:00:00,0.0,IT.CAED/100752001.FACILITY,Ahlstrom-Munksjö Italia S.p.A.
2023-03-30 00:00:00,0.0,IT.CAED/100752001.FACILITY,Ahlstrom-Munksjö Italia S.p.A.
2023-03-30 01:00:00,0.0,IT.CAED/100752001.FACILITY,Ahlstrom-Munksjö Italia S.p.A.
2023-03-30 02:00:00,0.0,IT.CAED/100752001.FACILITY,Ahlstrom-Munksjö Italia S.p.A.
2023-03-30 03:00:00,0.0,IT.CAED/100752001.FACILITY,Ahlstrom-Munksjö Italia S.p.A.
2023-03-30 04:00:00,0.0,IT.CAED/100752001.FACILITY,Ahlstrom-Munksjö Italia S.p.A.
2023-03-30 05:00:00,0.0,IT.CAED/100752001.FACILITY,Ahlstrom-Munksjö Italia S.p.A.
2023-03-30 06:00:00,0.0,IT.CAED/100752001.FACILITY,Ahlstrom-Munksjö Italia S.p.A.
2023-03-30 07:00:00,0.00285,IT.CAED/100752001.FACILITY,Ahlstrom-Munksjö Italia S.p.A.
2023-03-30 08:00:00,0.10912000000000001,IT.CAED/100752001.FACILITY,Ahlstrom-Munksjö Italia S.p.A.
2023-03-30 09:00:00,0.19577,IT.CAED/100752001.FACILITY,Ahlstrom-Munksjö Italia S.p.A.
2023-03-30 10:00:00,0.45919,IT.CAED/100752001.FACILITY,Ahlstrom-Munksjö Italia S.p.A.
2023-03-30 11:00:00,0.47338,IT.CAED/100752001.FACILITY,Ahlstrom-Munksjö Italia S.p.A.
2023-03-30 12:00:00,0.39929000000000003,IT.CAED/100752001.FACILITY,Ahlstrom-Munksjö Italia S.p.A.
2023-03-30 13:00:00,0.34049,IT.CAED/100752001.FACILITY,Ahlstrom-Munksjö Italia S.p.A.
2023-03-30 14:00:00,0.3547,IT.CAED/100752001.FACILITY,Ahlstrom-Munksjö Italia S.p.A.
2023-03-30 15:00:00,0.32298000000000004,IT.CAED/100752001.FACILITY,Ahlstrom-Munksjö Italia S.p.A.
2023-03-30 16:00:00,0.42834,IT.CAED/100752001.FACILITY,Ahlstrom-Munksjö Italia S.p.A.
2023-03-30 17:00:00,0.11936,IT.CAED/100752001.FACILITY,Ahlstrom-Munksjö Italia S.p.A.
2023-03-30 18:00:00,0.05364,IT.CAED/100752001.FACILITY,Ahlstrom-Munksjö Italia S.p.A.
2023-03-30 19:00:00,0.00226,IT.CAED/100752001.FACILITY,Ahlstrom-Munksjö Italia S.p.A.
2023-03-30 20:00:00,0.0,IT.CAED/100752001.FACILITY,Ahlstrom-Munksjö Italia S.p.A.
2023-03-30 21:00:00,0.0,IT.CAED/100752001.FACILITY,Ahlstrom-Munksjö Italia S.p.A.
2023-03-30 22:00:00,0.0,IT.CAED/100752001.FACILITY,Ahlstrom-Munksjö Italia S.p.A.
2023-03-30 23:00:00,0.0,IT.CAED/100752001.FACILITY,Ahlstrom-Munksjö Italia S.p.A.
2023-03-31 00:00:00,0.0,IT.CAED/100752001.FACILITY,Ahlstrom-Munksjö Italia S.p.A.
2023-03-31 01:00:00,0.0,IT.CAED/100752001.FACILITY,Ahlstrom-Munksjö Italia S.p.A.
2023-03-31 02:00:00,0.0,IT.CAED/100752001.FACILITY,Ahlstrom-Munksjö Italia S.p.A.
2023-03-31 03:00:00,0.0,IT.CAED/100752001.FACILITY,Ahlstrom-Munksjö Italia S.p.A.
2023-03-31 04:00:00,0.0,IT.CAED/100752001.FACILITY,Ahlstrom-Munksjö Italia S.p.A.
2023-03-31 05:00:00,0.0,IT.CAED/100752001.FACILITY,Ahlstrom-Munksjö Italia S.p.A.
2023-03-31 06:00:00,0.0,IT.CAED/100752001.FACILITY,Ahlstrom-Munksjö Italia S.p.A.
2023-03-31 07:00:00,0.0,IT.CAED/100752001.FACILITY,Ahlstrom-Munksjö Italia S.p.A.
2023-03-31 08:00:00,0.039659999999999994,IT.CAED/100752001.FACILITY,Ahlstrom-Munksjö Italia S.p.A.
2023-03-31 09:00:00,0.1051,IT.CAED/100752001.FACILITY,Ahlstrom-Munksjö Italia S.p.A.
2023-03-31 10:00:00,0.18403,IT.CAED/100752001.FACILITY,Ahlstrom-Munksjö Italia S.p.A.
2023-03-31 11:00:00,0.16296000000000002,IT.CAED/100752001.FACILITY,Ahlstrom-Munksjö Italia S.p.A.
2023-03-31 12:00:00,0.26000999999999996,IT.CAED/100752001.FACILITY,Ahlstrom-Munksjö Italia S.p.A.
2023-03-31 13:00:00,0.19501,IT.CAED/100752001.FACILITY,Ahlstrom-Munksjö Italia S.p.A.
2023-03-31 14:00:00,0.34123000000000003,IT.CAED/100752001.FACILITY,Ahlstrom-Munksjö Italia S.p.A.
2023-03-31 15:00:00,0.557,IT.CAED/100752001.FACILITY,Ahlstrom-Munksjö Italia S.p.A.
2023-03-31 16:00:00,0.45677999999999996,IT.CAED/100752001.FACILITY,Ahlstrom-Munksjö Italia S.p.A.
2023-03-31 17:00:00,0.23026,IT.CAED/100752001.FACILITY,Ahlstrom-Munksjö Italia S.p.A.
2023-03-31 18:00:00,0.11548,IT.CAED/100752001.FACILITY,Ahlstrom-Munksjö Italia S.p.A.
2023-03-31 19:00:00,0.00605,IT.CAED/100752001.FACILITY,Ahlstrom-Munksjö Italia S.p.A.
2023-03-31 20:00:00,0.0,IT.CAED/100752001.FACILITY,Ahlstrom-Munksjö Italia S.p.A.
2023-03-31 21:00:00,0.0,IT.CAED/100752001.FACILITY,Ahlstrom-Munksjö Italia S.p.A.
2023-03-31 22:00:00,0.0,IT.CAED/100752001.FACILITY,Ahlstrom-Munksjö Italia S.p.A.
2023-03-31 23:00:00,0.0,IT.CAED/100752001.FACILITY,Ahlstrom-Munksjö Italia S.p.A.
2023-04-01 00:00:00,0.0,IT.CAED/100752001.FACILITY,Ahlstrom-Munksjö Italia S.p.A.
2023-04-01 01:00:00,0.0,IT.CAED/100752001.FACILITY,Ahlstrom-Munksjö Italia S.p.A.
2023-04-01 02:00:00,0.0,IT.CAED/100752001.FACILITY,Ahlstrom-Munksjö Italia S.p.A.
2023-04-01 03:00:00,0.0,IT.CAED/100752001.FACILITY,Ahlstrom-Munksjö Italia S.p.A.
2023-04-01 04:00:00,0.0,IT.CAED/100752001.FACILITY,Ahlstrom-Munksjö Italia S.p.A.
2023-04-01 05:00:00,0.0,IT.CAED/100752001.FACILITY,Ahlstrom-Munksjö Italia S.p.A.
2023-04-01 06:00:00,0.0,IT.CAED/100752001.FACILITY,Ahlstrom-Munksjö Italia S.p.A.
2023-04-01 07:00:00,0.0035499999999999998,IT.CAED/100752001.FACILITY,Ahlstrom-Munksjö Italia S.p.A.
2023-04-01 08:00:00,0.15333000000000002,IT.CAED/100752001.FACILITY,Ahlstrom-Munksjö Italia S.p.A.
2023-04-01 09:00:00,0.44117,IT.CAED/100752001.FACILITY,Ahlstrom-Munksjö Italia S.p.A.
2023-04-01 10:00:00,0.6603,IT.CAED/100752001.FACILITY,Ahlstrom-Munksjö Italia S.p.A.
2023-04-01 11:00:00,0.83338,IT.CAED/100752001.FACILITY,Ahlstrom-Munksjö Italia S.p.A.
2023-04-01 12:00:00,0.92695,IT.CAED/100752001.FACILITY,Ahlstrom-Munksjö Italia S.p.A.
2023-04-01 13:00:00,0.92655,IT.CAED/100752001.FACILITY,Ahlstrom-Munksjö Italia S.p.A.
2023-04-01 14:00:00,0.89835,IT.CAED/100752001.FACILITY,Ahlstrom-Munksjö Italia S.p.A.
2023-04-01 15:00:00,0.8260700000000001,IT.CAED/100752001.FACILITY,Ahlstrom-Munksjö Italia S.p.A.
2023-04-01 16:00:00,0.66569,IT.CAED/100752001.FACILITY,Ahlstrom-Munksjö Italia S.p.A.
2023-04-01 17:00:00,0.43425,IT.CAED/100752001.FACILITY,Ahlstrom-Munksjö Italia S.p.A.
2023-04-01 18:00:00,0.17796,IT.CAED/100752001.FACILITY,Ahlstrom-Munksjö Italia S.p.A.
2023-04-01 19:00:00,0.00652,IT.CAED/100752001.FACILITY,Ahlstrom-Munksjö Italia S.p.A.
2023-04-01 20:00:00,0.0,IT.CAED/100752001.FACILITY,Ahlstrom-Munksjö Italia S.p.A.
2023-04-01 21:00:00,0.0,IT.CAED/100752001.FACILITY,Ahlstrom-Munksjö Italia S.p.A.
2023-04-01 22:00:00,0.0,IT.CAED/100752001.FACILITY,Ahlstrom-Munksjö Italia S.p.A.
2023-04-01 23:00:00,0.0,IT.CAED/100752001.FACILITY,Ahlstrom-Munksjö Italia S.p.A.
2023-04-02 00:00:00,0.0,IT.CAED/100752001.FACILITY,Ahlstrom-Munksjö Italia S.p.A.
2023-04-02 01:00:00,0.0,IT.CAED/100752001.FACILITY,Ahlstrom-Munksjö Italia S.p.A.
2023-04-02 02:00:00,0.0,IT.CAED/100752001.FACILITY,Ahlstrom-Munksjö Italia S.p.A.
2023-04-02 03:00:00,0.0,IT.CAED/100752001.FACILITY,Ahlstrom-Munksjö Italia S.p.A.
2023-04-02 04:00:00,0.0,IT.CAED/100752001.FACILITY,Ahlstrom-Munksjö Italia S.p.A.
2023-04-02 05:00:00,0.0,IT.CAED/100752001.FACILITY,Ahlstrom-Munksjö Italia S.p.A.
2023-04-02 06:00:00,0.0,IT.CAED/100752001.FACILITY,Ahlstrom-Munksjö Italia S.p.A.
2023-04-02 07:00:00,0.004889999999999999,IT.CAED/100752001.FACILITY,Ahlstrom-Munksjö Italia S.p.A.
2023-04-02 08:00:00,0.15900999999999998,IT.CAED/100752001.FACILITY,Ahlstrom-Munksjö Italia S.p.A.
2023-04-02 09:00:00,0.41823,IT.CAED/100752001.FACILITY,Ahlstrom-Munksjö Italia S.p.A.
2023-04-02 10:00:00,0.61068,IT.CAED/100752001.FACILITY,Ahlstrom-Munksjö Italia S.p.A.
2023-04-02 11:00:00,0.78975,IT.CAED/100752001.FACILITY,Ahlstrom-Munksjö Italia S.p.A.
2023-04-02 12:00:00,0.90723,IT.CAED/100752001.FACILITY,Ahlstrom-Munksjö Italia S.p.A.
2023-04-02 13:00:00,0.8984800000000001,IT.CAED/100752001.FACILITY,Ahlstrom-Munksjö Italia S.p.A.
2023-04-02 14:00:00,0.8385499999999999,IT.CAED/100752001.FACILITY,Ahlstrom-Munksjö Italia S.p.A.
2023-04-02 15:00:00,0.70527,IT.CAED/100752001.FACILITY,Ahlstrom-Munksjö Italia S.p.A.
2023-04-02 16:00:00,0.61617,IT.CAED/100752001.FACILITY,Ahlstrom-Munksjö Italia S.p.A.
2023-04-02 17:00:00,0.44635,IT.CAED/100752001.FACILITY,Ahlstrom-Munksjö Italia S.p.A.
2023-04-02 18:00:00,0.18616,IT.CAED/100752001.FACILITY,Ahlstrom-Munksjö Italia S.p.A.
2023-04-02 19:00:00,0.00578,IT.CAED/100752001.FACILITY,Ahlstrom-Munksjö Italia S.p.A.
2023-04-02 20:00:00,0.0,IT.CAED/100752001.FACILITY,Ahlstrom-Munksjö Italia S.p.A.
2023-04-02 21:00:00,0.0,IT.CAED/100752001.FACILITY,Ahlstrom-Munksjö Italia S.p.A.
2023-04-02 22:00:00,0.0,IT.CAED/100752001.FACILITY,Ahlstrom-Munksjö Italia S.p.A.
2023-04-02 23:00:00,0.0,IT.CAED/100752001.FACILITY,Ahlstrom-Munksjö Italia S.p.A.
2023-04-03 00:00:00,0.0,IT.CAED/100752001.FACILITY,Ahlstrom-Munksjö Italia S.p.A.
2023-04-03 01:00:00,0.0,IT.CAED/100752001.FACILITY,Ahlstrom-Munksjö Italia S.p.A.
2023-04-03 02:00:00,0.0,IT.CAED/100752001.FACILITY,Ahlstrom-Munksjö Italia S.p.A.
2023-04-03 03:00:00,0.0,IT.CAED/100752001.FACILITY,Ahlstrom-Munksjö Italia S.p.A.
2023-04-03 04:00:00,0.0,IT.CAED/100752001.FACILITY,Ahlstrom-Munksjö Italia S.p.A.
2023-04-03 05:00:00,0.0,IT.CAED/100752001.FACILITY,Ahlstrom-Munksjö Italia S.p.A.
2023-04-03 06:00:00,0.0,IT.CAED/100752001.FACILITY,Ahlstrom-Munksjö Italia S.p.A.
2023-04-03 07:00:00,0.00393,IT.CAED/100752001.FACILITY,Ahlstrom-Munksjö Italia S.p.A.
2023-04-03 08:00:00,0.16196000000000002,IT.CAED/100752001.FACILITY,Ahlstrom-Munksjö Italia S.p.A.
2023-04-03 09:00:00,0.44708,IT.CAED/100752001.FACILITY,Ahlstrom-Munksjö Italia S.p.A.
2023-04-03 10:00:00,0.6649700000000001,IT.CAED/100752001.FACILITY,Ahlstrom-Munksjö Italia S.p.A.
2023-04-03 11:00:00,0.8124,IT.CAED/100752001.FACILITY,Ahlstrom-Munksjö Italia S.p.A.
2023-04-03 12:00:00,0.83301,IT.CAED/100752001.FACILITY,Ahlstrom-Munksjö Italia S.p.A.
2023-04-03 13:00:00,0.86598,IT.CAED/100752001.FACILITY,Ahlstrom-Munksjö Italia S.p.A.
2023-04-03 14:00:00,0.8165,IT.CAED/100752001.FACILITY,Ahlstrom-Munksjö Italia S.p.A.
2023-04-03 15:00:00,0.74971,IT.CAED/100752001.FACILITY,Ahlstrom-Munksjö Italia S.p.A.
2023-04-03 16:00:00,0.60536,IT.CAED/100752001.FACILITY,Ahlstrom-Munksjö Italia S.p.A.
2023-04-03 17:00:00,0.36516000000000004,IT.CAED/100752001.FACILITY,Ahlstrom-Munksjö Italia S.p.A.
2023-04-03 18:00:00,0.12481999999999999,IT.CAED/100752001.FACILITY,Ahlstrom-Munksjö Italia S.p.A.
2023-04-03 19:00:00,0.00454,IT.CAED/100752001.FACILITY,Ahlstrom-Munksjö Italia S.p.A.
2023-04-03 20:00:00,0.0,IT.CAED/100752001.FACILITY,Ahlstrom-Munksjö Italia S.p.A.
2023-04-03 21:00:00,0.0,IT.CAED/100752001.FACILITY,Ahlstrom-Munksjö Italia S.p.A.
2023-04-03 22:00:00,0.0,IT.CAED/100752001.FACILITY,Ahlstrom-Munksjö Italia S.p.A.
2023-04-03 23:00:00,0.0,IT.CAED/100752001.FACILITY,Ahlstrom-Munksjö Italia S.p.A.
2023-04-04 00:00:00,0.0,IT.CAED/100752001.FACILITY,Ahlstrom-Munksjö Italia S.p.A.
2023-04-04 01:00:00,0.0,IT.CAED/100752001.FACILITY,Ahlstrom-Munksjö Italia S.p.A.
2023-04-04 02:00:00,0.0,IT.CAED/100752001.FACILITY,Ahlstrom-Munksjö Italia S.p.A.
2023-04-04 03:00:00,0.0,IT.CAED/100752001.FACILITY,Ahlstrom-Munksjö Italia S.p.A.
2023-04-04 04:00:00,0.0,IT.CAED/100752001.FACILITY,Ahlstrom-Munksjö Italia S.p.A.
2023-04-04 05:00:00,0.0,IT.CAED/100752001.FACILITY,Ahlstrom-Munksjö Italia S.p.A.
2023-04-04 06:00:00,0.0,IT.CAED/100752001.FACILITY,Ahlstrom-Munksjö Italia S.p.A.
2023-04-04 07:00:00,0.0024,IT.CAED/100752001.FACILITY,Ahlstrom-Munksjö Italia S.p.A.
2023-04-04 08:00:00,0.1296,IT.CAED/100752001.FACILITY,Ahlstrom-Munksjö Italia S.p.A.
2023-04-04 09:00:00,0.25133,IT.CAED/100752001.FACILITY,Ahlstrom-Munksjö Italia S.p.A.
2023-04-04 10:00:00,0.27304,IT.CAED/100752001.FACILITY,Ahlstrom-Munksjö Italia S.p.A.
2023-04-04 11:00:00,0.26168,IT.CAED/100752001.FACILITY,Ahlstrom-Munksjö Italia S.p.A.
2023-04-04 12:00:00,0.5505,IT.CAED/100752001.FACILITY,Ahlstrom-Munksjö Italia S.p.A.
2023-04-04 13:00:00,0.7657200000000001,IT.CAED/100752001.FACILITY,Ahlstrom-Munksjö Italia S.p.A.
2023-04-04 14:00:00,0.80972,IT.CAED/100752001.FACILITY,Ahlstrom-Munksjö Italia S.p.A.
2023-04-04 15:00:00,0.70239,IT.CAED/100752001.FACILITY,Ahlstrom-Munksjö Italia S.p.A.
2023-04-04 16:00:00,0.49379,IT.CAED/100752001.FACILITY,Ahlstrom-Munksjö Italia S.p.A.
2023-04-04 17:00:00,0.3044,IT.CAED/100752001.FACILITY,Ahlstrom-Munksjö Italia S.p.A.
2023-04-04 18:00:00,0.14684,IT.CAED/100752001.FACILITY,Ahlstrom-Munksjö Italia S.p.A.
2023-04-04 19:00:00,0.007019999999999999,IT.CAED/100752001.FACILITY,Ahlstrom-Munksjö Italia S.p.A.
2023-04-04 20:00:00,0.0,IT.CAED/100752001.FACILITY,Ahlstrom-Munksjö Italia S.p.A.
2023-04-04 21:00:00,0.0,IT.CAED/100752001.FACILITY,Ahlstrom-Munksjö Italia S.p.A.
2023-04-04 22:00:00,0.0,IT.CAED/100752001.FACILITY,Ahlstrom-Munksjö Italia S.p.A.
2023-04-04 23:00:00,0.0,IT.CAED/100752001.FACILITY,Ahlstrom-Munksjö Italia S.p.A.
2023-04-05 00:00:00,0.0,IT.CAED/100752001.FACILITY,Ahlstrom-Munksjö Italia S.p.A.
2023-04-05 01:00:00,0.0,IT.CAED/100752001.FACILITY,Ahlstrom-Munksjö Italia S.p.A.
2023-04-05 02:00:00,0.0,IT.CAED/100752001.FACILITY,Ahlstrom-Munksjö Italia S.p.A.
2023-04-05 03:00:00,0.0,IT.CAED/100752001.FACILITY,Ahlstrom-Munksjö Italia S.p.A.
2023-04-05 04:00:00,0.0,IT.CAED/100752001.FACILITY,Ahlstrom-Munksjö Italia S.p.A.
2023-04-05 05:00:00,0.0,IT.CAED/100752001.FACILITY,Ahlstrom-Munksjö Italia S.p.A.
2023-04-05 06:00:00,0.0,IT.CAED/100752001.FACILITY,Ahlstrom-Munksjö Italia S.p.A.
2023-04-05 07:00:00,0.00109,IT.CAED/100752001.FACILITY,Ahlstrom-Munksjö Italia S.p.A.
2023-04-05 08:00:00,0.09015000000000001,IT.CAED/100752001.FACILITY,Ahlstrom-Munksjö Italia S.p.A.
2023-04-05 09:00:00,0.25594,IT.CAED/100752001.FACILITY,Ahlstrom-Munksjö Italia S.p.A.
2023-04-05 10:00:00,0.43479,IT.CAED/100752001.FACILITY,Ahlstrom-Munksjö Italia S.p.A.
2023-04-05 11:00:00,0.65338,IT.CAED/100752001.FACILITY,Ahlstrom-Munksjö Italia S.p.A.
2023-04-05 12:00:00,0.85678,IT.CAED/100752001.FACILITY,Ahlstrom-Munksjö Italia S.p.A.
2023-04-05 13:00:00,0.8803799999999999,IT.CAED/100752001.FACILITY,Ahlstrom-Munksjö Italia S.p.A.
2023-04-05 14:00:00,0.78107,IT.CAED/100752001.FACILITY,Ahlstrom-Munksjö Italia S.p.A.
2023-04-05 15:00:00,0.6516900000000001,IT.CAED/100752001.FACILITY,Ahlstrom-Munksjö Italia S.p.A.
2023-04-05 16:00:00,0.58905,IT.CAED/100752001.FACILITY,Ahlstrom-Munksjö Italia S.p.A.
2023-04-05 17:00:00,0.4342,IT.CAED/100752001.FACILITY,Ahlstrom-Munksjö Italia S.p.A.
2023-04-05 18:00:00,0.1724,IT.CAED/100752001.FACILITY,Ahlstrom-Munksjö Italia S.p.A.
2023-04-05 19:00:00,0.00745,IT.CAED/100752001.FACILITY,Ahlstrom-Munksjö Italia S.p.A.
2023-04-05 20:00:00,0.0,IT.CAED/100752001.FACILITY,Ahlstrom-Munksjö Italia S.p.A.
2023-04-05 21:00:00,0.0,IT.CAED/100752001.FACILITY,Ahlstrom-Munksjö Italia S.p.A.
2023-04-05 22:00:00,0.0,IT.CAED/100752001.FACILITY,Ahlstrom-Munksjö Italia S.p.A.
2023-04-05 23:00:00,0.0,IT.CAED/100752001.FACILITY,Ahlstrom-Munksjö Italia S.p.A.
2023-04-06 00:00:00,0.0,IT.CAED/100752001.FACILITY,Ahlstrom-Munksjö Italia S.p.A.
2023-04-06 01:00:00,0.0,IT.CAED/100752001.FACILITY,Ahlstrom-Munksjö Italia S.p.A.
2023-04-06 02:00:00,0.0,IT.CAED/100752001.FACILITY,Ahlstrom-Munksjö Italia S.p.A.
2023-04-06 03:00:00,0.0,IT.CAED/100752001.FACILITY,Ahlstrom-Munksjö Italia S.p.A.
2023-04-06 04:00:00,0.0,IT.CAED/100752001.FACILITY,Ahlstrom-Munksjö Italia S.p.A.
2023-04-06 05:00:00,0.0,IT.CAED/100752001.FACILITY,Ahlstrom-Munksjö Italia S.p.A.
2023-04-06 06:00:00,0.0,IT.CAED/100752001.FACILITY,Ahlstrom-Munksjö Italia S.p.A.
2023-04-06 07:00:00,0.00594,IT.CAED/100752001.FACILITY,Ahlstrom-Munksjö Italia S.p.A.
2023-04-06 08:00:00,0.17355,IT.CAED/100752001.FACILITY,Ahlstrom-Munksjö Italia S.p.A.
2023-04-06 09:00:00,0.45055,IT.CAED/100752001.FACILITY,Ahlstrom-Munksjö Italia S.p.A.
2023-04-06 10:00:00,0.6819400000000001,IT.CAED/100752001.FACILITY,Ahlstrom-Munksjö Italia S.p.A.
2023-04-06 11:00:00,0.83882,IT.CAED/100752001.FACILITY,Ahlstrom-Munksjö Italia S.p.A.
2023-04-06 12:00:00,0.87061,IT.CAED/100752001.FACILITY,Ahlstrom-Munksjö Italia S.p.A.
2023-04-06 13:00:00,0.8466699999999999,IT.CAED/100752001.FACILITY,Ahlstrom-Munksjö Italia S.p.A.
2023-04-06 14:00:00,0.79288,IT.CAED/100752001.FACILITY,Ahlstrom-Munksjö Italia S.p.A.
2023-04-06 15:00:00,0.7512000000000001,IT.CAED/100752001.FACILITY,Ahlstrom-Munksjö Italia S.p.A.
2023-04-06 16:00:00,0.55964,IT.CAED/100752001.FACILITY,Ahlstrom-Munksjö Italia S.p.A.
2023-04-06 17:00:00,0.41527,IT.CAED/100752001.FACILITY,Ahlstrom-Munksjö Italia S.p.A.
2023-04-06 18:00:00,0.18361000000000002,IT.CAED/100752001.FACILITY,Ahlstrom-Munksjö Italia S.p.A.
2023-04-06 19:00:00,0.00735,IT.CAED/100752001.FACILITY,Ahlstrom-Munksjö Italia S.p.A.
2023-04-06 20:00:00,0.0,IT.CAED/100752001.FACILITY,Ahlstrom-Munksjö Italia S.p.A.
2023-04-06 21:00:00,0.0,IT.CAED/100752001.FACILITY,Ahlstrom-Munksjö Italia S.p.A.
2023-04-06 22:00:00,0.0,IT.CAED/100752001.FACILITY,Ahlstrom-Munksjö Italia S.p.A.
2023-04-06 23:00:00,0.0,IT.CAED/100752001.FACILITY,Ahlstrom-Munksjö Italia S.p.A.
2023-04-07 00:00:00,0.0,IT.CAED/100752001.FACILITY,Ahlstrom-Munksjö Italia S.p.A.
2023-04-07 01:00:00,0.0,IT.CAED/100752001.FACILITY,Ahlstrom-Munksjö Italia S.p.A.
2023-04-07 02:00:00,0.0,IT.CAED/100752001.FACILITY,Ahlstrom-Munksjö Italia S.p.A.
2023-04-07 03:00:00,0.0,IT.CAED/100752001.FACILITY,Ahlstrom-Munksjö Italia S.p.A.
2023-04-07 04:00:00,0.0,IT.CAED/100752001.FACILITY,Ahlstrom-Munksjö Italia S.p.A.
2023-04-07 05:00:00,0.0,IT.CAED/100752001.FACILITY,Ahlstrom-Munksjö Italia S.p.A.
2023-04-07 06:00:00,0.0,IT.CAED/100752001.FACILITY,Ahlstrom-Munksjö Italia S.p.A.
2023-04-07 07:00:00,0.0069900000000000006,IT.CAED/100752001.FACILITY,Ahlstrom-Munksjö Italia S.p.A.
2023-04-07 08:00:00,0.17234,IT.CAED/100752001.FACILITY,Ahlstrom-Munksjö Italia S.p.A.
2023-04-07 09:00:00,0.38308,IT.CAED/100752001.FACILITY,Ahlstrom-Munksjö Italia S.p.A.
2023-04-07 10:00:00,0.51045,IT.CAED/100752001.FACILITY,Ahlstrom-Munksjö Italia S.p.A.
2023-04-07 11:00:00,0.59711,IT.CAED/100752001.FACILITY,Ahlstrom-Munksjö Italia S.p.A.
2023-04-07 12:00:00,0.58345,IT.CAED/100752001.FACILITY,Ahlstrom-Munksjö Italia S.p.A.
2023-04-07 13:00:00,0.7395900000000001,IT.CAED/100752001.FACILITY,Ahlstrom-Munksjö Italia S.p.A.
2023-04-07 14:00:00,0.69479,IT.CAED/100752001.FACILITY,Ahlstrom-Munksjö Italia S.p.A.
2023-04-07 15:00:00,0.5721900000000001,IT.CAED/100752001.FACILITY,Ahlstrom-Munksjö Italia S.p.A.
2023-04-07 16:00:00,0.28998,IT.CAED/100752001.FACILITY,Ahlstrom-Munksjö Italia S.p.A.
2023-04-07 17:00:00,0.18539,IT.CAED/100752001.FACILITY,Ahlstrom-Munksjö Italia S.p.A.
2023-04-07 18:00:00,0.10464,IT.CAED/100752001.FACILITY,Ahlstrom-Munksjö Italia S.p.A.
2023-04-07 19:00:00,0.009970000000000001,IT.CAED/100752001.FACILITY,Ahlstrom-Munksjö Italia S.p.A.
2023-04-07 20:00:00,0.0,IT.CAED/100752001.FACILITY,Ahlstrom-Munksjö Italia S.p.A.
2023-04-07 21:00:00,0.0,IT.CAED/100752001.FACILITY,Ahlstrom-Munksjö Italia S.p.A.
2023-04-07 22:00:00,0.0,IT.CAED/100752001.FACILITY,Ahlstrom-Munksjö Italia S.p.A.
2023-04-07 23:00:00,0.0,IT.CAED/100752001.FACILITY,Ahlstrom-Munksjö Italia S.p.A.
2023-04-08 00:00:00,0.0,IT.CAED/100752001.FACILITY,Ahlstrom-Munksjö Italia S.p.A.
2023-04-08 01:00:00,0.0,IT.CAED/100752001.FACILITY,Ahlstrom-Munksjö Italia S.p.A.
2023-04-08 02:00:00,0.0,IT.CAED/100752001.FACILITY,Ahlstrom-Munksjö Italia S.p.A.
2023-04-08 03:00:00,0.0,IT.CAED/100752001.FACILITY,Ahlstrom-Munksjö Italia S.p.A.
2023-04-08 04:00:00,0.0,IT.CAED/100752001.FACILITY,Ahlstrom-Munksjö Italia S.p.A.
2023-04-08 05:00:00,0.0,IT.CAED/100752001.FACILITY,Ahlstrom-Munksjö Italia S.p.A.
2023-04-08 06:00:00,0.0,IT.CAED/100752001.FACILITY,Ahlstrom-Munksjö Italia S.p.A.
2023-04-08 07:00:00,0.00869,IT.CAED/100752001.FACILITY,Ahlstrom-Munksjö Italia S.p.A.
2023-04-08 08:00:00,0.17268,IT.CAED/100752001.FACILITY,Ahlstrom-Munksjö Italia S.p.A.
2023-04-08 09:00:00,0.43179,IT.CAED/100752001.FACILITY,Ahlstrom-Munksjö Italia S.p.A.
2023-04-08 10:00:00,0.66026,IT.CAED/100752001.FACILITY,Ahlstrom-Munksjö Italia S.p.A.
2023-04-08 11:00:00,0.8365900000000001,IT.CAED/100752001.FACILITY,Ahlstrom-Munksjö Italia S.p.A.
2023-04-08 12:00:00,0.93267,IT.CAED/100752001.FACILITY,Ahlstrom-Munksjö Italia S.p.A.
2023-04-08 13:00:00,0.96484,IT.CAED/100752001.FACILITY,Ahlstrom-Munksjö Italia S.p.A.
2023-04-08 14:00:00,0.92328,IT.CAED/100752001.FACILITY,Ahlstrom-Munksjö Italia S.p.A.
2023-04-08 15:00:00,0.82068,IT.CAED/100752001.FACILITY,Ahlstrom-Munksjö Italia S.p.A.
2023-04-08 16:00:00,0.62814,IT.CAED/100752001.FACILITY,Ahlstrom-Munksjö Italia S.p.A.
2023-04-08 17:00:00,0.44754,IT.CAED/100752001.FACILITY,Ahlstrom-Munksjö Italia S.p.A.
2023-04-08 18:00:00,0.18081,IT.CAED/100752001.FACILITY,Ahlstrom-Munksjö Italia S.p.A.
2023-04-08 19:00:00,0.00895,IT.CAED/100752001.FACILITY,Ahlstrom-Munksjö Italia S.p.A.
2023-04-08 20:00:00,0.0,IT.CAED/100752001.FACILITY,Ahlstrom-Munksjö Italia S.p.A.
2023-04-08 21:00:00,0.0,IT.CAED/100752001.FACILITY,Ahlstrom-Munksjö Italia S.p.A.
2023-04-08 22:00:00,0.0,IT.CAED/100752001.FACILITY,Ahlstrom-Munksjö Italia S.p.A.
2023-04-08 23:00:00,0.0,IT.CAED/100752001.FACILITY,Ahlstrom-Munksjö Italia S.p.A.
2023-04-09 00:00:00,0.0,IT.CAED/100752001.FACILITY,Ahlstrom-Munksjö Italia S.p.A.
2023-04-09 01:00:00,0.0,IT.CAED/100752001.FACILITY,Ahlstrom-Munksjö Italia S.p.A.
2023-04-09 02:00:00,0.0,IT.CAED/100752001.FACILITY,Ahlstrom-Munksjö Italia S.p.A.
2023-04-09 03:00:00,0.0,IT.CAED/100752001.FACILITY,Ahlstrom-Munksjö Italia S.p.A.
2023-04-09 04:00:00,0.0,IT.CAED/100752001.FACILITY,Ahlstrom-Munksjö Italia S.p.A.
2023-04-09 05:00:00,0.0,IT.CAED/100752001.FACILITY,Ahlstrom-Munksjö Italia S.p.A.
2023-04-09 06:00:00,0.0,IT.CAED/100752001.FACILITY,Ahlstrom-Munksjö Italia S.p.A.
2023-04-09 07:00:00,0.009519999999999999,IT.CAED/100752001.FACILITY,Ahlstrom-Munksjö Italia S.p.A.
2023-04-09 08:00:00,0.17463,IT.CAED/100752001.FACILITY,Ahlstrom-Munksjö Italia S.p.A.
2023-04-09 09:00:00,0.45380000000000004,IT.CAED/100752001.FACILITY,Ahlstrom-Munksjö Italia S.p.A.
2023-04-09 10:00:00,0.67924,IT.CAED/100752001.FACILITY,Ahlstrom-Munksjö Italia S.p.A.
2023-04-09 11:00:00,0.83815,IT.CAED/100752001.FACILITY,Ahlstrom-Munksjö Italia S.p.A.
2023-04-09 12:00:00,0.9112100000000001,IT.CAED/100752001.FACILITY,Ahlstrom-Munksjö Italia S.p.A.
2023-04-09 13:00:00,0.6996,IT.CAED/100752001.FACILITY,Ahlstrom-Munksjö Italia S.p.A.
2023-04-09 14:00:00,0.77261,IT.CAED/100752001.FACILITY,Ahlstrom-Munksjö Italia S.p.A.
2023-04-09 15:00:00,0.6183,IT.CAED/100752001.FACILITY,Ahlstrom-Munksjö Italia S.p.A.
2023-04-09 16:00:00,0.47374,IT.CAED/100752001.FACILITY,Ahlstrom-Munksjö Italia S.p.A.
2023-04-09 17:00:00,0.45016,IT.CAED/100752001.FACILITY,Ahlstrom-Munksjö Italia S.p.A.
2023-04-09 18:00:00,0.16455,IT.CAED/100752001.FACILITY,Ahlstrom-Munksjö Italia S.p.A.
2023-04-09 19:00:00,0.00904,IT.CAED/100752001.FACILITY,Ahlstrom-Munksjö Italia S.p.A.
2023-04-09 20:00:00,0.0,IT.CAED/100752001.FACILITY,Ahlstrom-Munksjö Italia S.p.A.
2023-04-09 21:00:00,0.0,IT.CAED/100752001.FACILITY,Ahlstrom-Munksjö Italia S.p.A.
2023-04-09 22:00:00,0.0,IT.CAED/100752001.FACILITY,Ahlstrom-Munksjö Italia S.p.A.
2023-04-09 23:00:00,0.0,IT.CAED/100752001.FACILITY,Ahlstrom-Munksjö Italia S.p.A.
2023-04-10 00:00:00,0.0,IT.CAED/100752001.FACILITY,Ahlstrom-Munksjö Italia S.p.A.
2023-04-10 01:00:00,0.0,IT.CAED/100752001.FACILITY,Ahlstrom-Munksjö Italia S.p.A.
2023-04-10 02:00:00,0.0,IT.CAED/100752001.FACILITY,Ahlstrom-Munksjö Italia S.p.A.
2023-04-10 03:00:00,0.0,IT.CAED/100752001.FACILITY,Ahlstrom-Munksjö Italia S.p.A.
2023-04-10 04:00:00,0.0,IT.CAED/100752001.FACILITY,Ahlstrom-Munksjö Italia S.p.A.
2023-04-10 05:00:00,0.0,IT.CAED/100752001.FACILITY,Ahlstrom-Munksjö Italia S.p.A.
2023-04-10 06:00:00,0.0,IT.CAED/100752001.FACILITY,Ahlstrom-Munksjö Italia S.p.A.
2023-04-10 07:00:00,0.01106,IT.CAED/100752001.FACILITY,Ahlstrom-Munksjö Italia S.p.A.
2023-04-10 08:00:00,0.06997,IT.CAED/100752001.FACILITY,Ahlstrom-Munksjö Italia S.p.A.
2023-04-10 09:00:00,0.31113,IT.CAED/100752001.FACILITY,Ahlstrom-Munksjö Italia S.p.A.
2023-04-10 10:00:00,0.46077999999999997,IT.CAED/100752001.FACILITY,Ahlstrom-Munksjö Italia S.p.A.
2023-04-10 11:00:00,0.66939,IT.CAED/100752001.FACILITY,Ahlstrom-Munksjö Italia S.p.A.
2023-04-10 12:00:00,0.79161,IT.CAED/100752001.FACILITY,Ahlstrom-Munksjö Italia S.p.A.
2023-04-10 13:00:00,0.7993300000000001,IT.CAED/100752001.FACILITY,Ahlstrom-Munksjö Italia S.p.A.
2023-04-10 14:00:00,0.7076699999999999,IT.CAED/100752001.FACILITY,Ahlstrom-Munksjö Italia S.p.A.
2023-04-10 15:00:00,0.57525,IT.CAED/100752001.FACILITY,Ahlstrom-Munksjö Italia S.p.A.
2023-04-10 16:00:00,0.49251,IT.CAED/100752001.FACILITY,Ahlstrom-Munksjö Italia S.p.A.
2023-04-10 17:00:00,0.28104,IT.CAED/100752001.FACILITY,Ahlstrom-Munksjö Italia S.p.A.
2023-04-10 18:00:00,0.11278,IT.CAED/100752001.FACILITY,Ahlstrom-Munksjö Italia S.p.A.
2023-04-10 19:00:00,0.01256,IT.CAED/100752001.FACILITY,Ahlstrom-Munksjö Italia S.p.A.
2023-04-10 20:00:00,0.0,IT.CAED/100752001.FACILITY,Ahlstrom-Munksjö Italia S.p.A.
2023-04-10 21:00:00,0.0,IT.CAED/100752001.FACILITY,Ahlstrom-Munksjö Italia S.p.A.
2023-04-10 22:00:00,0.0,IT.CAED/100752001.FACILITY,Ahlstrom-Munksjö Italia S.p.A.
2023-04-10 23:00:00,0.0,IT.CAED/100752001.FACILITY,Ahlstrom-Munksjö Italia S.p.A.
2023-04-11 00:00:00,0.0,IT.CAED/100752001.FACILITY,Ahlstrom-Munksjö Italia S.p.A.
2023-04-11 01:00:00,0.0,IT.CAED/100752001.FACILITY,Ahlstrom-Munksjö Italia S.p.A.
2023-04-11 02:00:00,0.0,IT.CAED/100752001.FACILITY,Ahlstrom-Munksjö Italia S.p.A.
2023-04-11 03:00:00,0.0,IT.CAED/100752001.FACILITY,Ahlstrom-Munksjö Italia S.p.A.
2023-04-11 04:00:00,0.0,IT.CAED/100752001.FACILITY,Ahlstrom-Munksjö Italia S.p.A.
2023-04-11 05:00:00,0.0,IT.CAED/100752001.FACILITY,Ahlstrom-Munksjö Italia S.p.A.
2023-04-11 06:00:00,0.0,IT.CAED/100752001.FACILITY,Ahlstrom-Munksjö Italia S.p.A.
2023-04-11 07:00:00,0.01841,IT.CAED/100752001.FACILITY,Ahlstrom-Munksjö Italia S.p.A.
2023-04-11 08:00:00,0.15314,IT.CAED/100752001.FACILITY,Ahlstrom-Munksjö Italia S.p.A.
2023-04-11 09:00:00,0.36419,IT.CAED/100752001.FACILITY,Ahlstrom-Munksjö Italia S.p.A.
2023-04-11 10:00:00,0.62495,IT.CAED/100752001.FACILITY,Ahlstrom-Munksjö Italia S.p.A.
2023-04-11 11:00:00,0.7320599999999999,IT.CAED/100752001.FACILITY,Ahlstrom-Munksjö Italia S.p.A.
2023-04-11 12:00:00,0.74483,IT.CAED/100752001.FACILITY,Ahlstrom-Munksjö Italia S.p.A.
2023-04-11 13:00:00,0.90742,IT.CAED/100752001.FACILITY,Ahlstrom-Munksjö Italia S.p.A.
2023-04-11 14:00:00,0.85682,IT.CAED/100752001.FACILITY,Ahlstrom-Munksjö Italia S.p.A.
2023-04-11 15:00:00,0.80559,IT.CAED/100752001.FACILITY,Ahlstrom-Munksjö Italia S.p.A.
2023-04-11 16:00:00,0.61551,IT.CAED/100752001.FACILITY,Ahlstrom-Munksjö Italia S.p.A.
2023-04-11 17:00:00,0.41758,IT.CAED/100752001.FACILITY,Ahlstrom-Munksjö Italia S.p.A.
2023-04-11 18:00:00,0.16568,IT.CAED/100752001.FACILITY,Ahlstrom-Munksjö Italia S.p.A.
2023-04-11 19:00:00,0.01789,IT.CAED/100752001.FACILITY,Ahlstrom-Munksjö Italia S.p.A.
2023-04-11 20:00:00,0.0,IT.CAED/100752001.FACILITY,Ahlstrom-Munksjö Italia S.p.A.
2023-04-11 21:00:00,0.0,IT.CAED/100752001.FACILITY,Ahlstrom-Munksjö Italia S.p.A.
2023-04-11 22:00:00,0.0,IT.CAED/100752001.FACILITY,Ahlstrom-Munksjö Italia S.p.A.
2023-04-11 23:00:00,0.0,IT.CAED/100752001.FACILITY,Ahlstrom-Munksjö Italia S.p.A.
2023-04-12 00:00:00,0.0,IT.CAED/100752001.FACILITY,Ahlstrom-Munksjö Italia S.p.A.
2023-04-12 01:00:00,0.0,IT.CAED/100752001.FACILITY,Ahlstrom-Munksjö Italia S.p.A.
2023-04-12 02:00:00,0.0,IT.CAED/100752001.FACILITY,Ahlstrom-Munksjö Italia S.p.A.
2023-04-12 03:00:00,0.0,IT.CAED/100752001.FACILITY,Ahlstrom-Munksjö Italia S.p.A.
2023-04-12 04:00:00,0.0,IT.CAED/100752001.FACILITY,Ahlstrom-Munksjö Italia S.p.A.
2023-04-12 05:00:00,0.0,IT.CAED/100752001.FACILITY,Ahlstrom-Munksjö Italia S.p.A.
2023-04-12 06:00:00,0.0,IT.CAED/100752001.FACILITY,Ahlstrom-Munksjö Italia S.p.A.
2023-04-12 07:00:00,0.011380000000000001,IT.CAED/100752001.FACILITY,Ahlstrom-Munksjö Italia S.p.A.
2023-04-12 08:00:00,0.09749,IT.CAED/100752001.FACILITY,Ahlstrom-Munksjö Italia S.p.A.
2023-04-12 09:00:00,0.23982,IT.CAED/100752001.FACILITY,Ahlstrom-Munksjö Italia S.p.A.
2023-04-12 10:00:00,0.40920999999999996,IT.CAED/100752001.FACILITY,Ahlstrom-Munksjö Italia S.p.A.
2023-04-12 11:00:00,0.38742000000000004,IT.CAED/100752001.FACILITY,Ahlstrom-Munksjö Italia S.p.A.
2023-04-12 12:00:00,0.45366,IT.CAED/100752001.FACILITY,Ahlstrom-Munksjö Italia S.p.A.
2023-04-12 13:00:00,0.36736,IT.CAED/100752001.FACILITY,Ahlstrom-Munksjö Italia S.p.A.
2023-04-12 14:00:00,0.3815,IT.CAED/100752001.FACILITY,Ahlstrom-Munksjö Italia S.p.A.
2023-04-12 15:00:00,0.2666,IT.CAED/100752001.FACILITY,Ahlstrom-Munksjö Italia S.p.A.
2023-04-12 16:00:00,0.16907,IT.CAED/100752001.FACILITY,Ahlstrom-Munksjö Italia S.p.A.
2023-04-12 17:00:00,0.14585,IT.CAED/100752001.FACILITY,Ahlstrom-Munksjö Italia S.p.A.
2023-04-12 18:00:00,0.04482,IT.CAED/100752001.FACILITY,Ahlstrom-Munksjö Italia S.p.A.
2023-04-12 19:00:00,0.00609,IT.CAED/100752001.FACILITY,Ahlstrom-Munksjö Italia S.p.A.
2023-04-12 20:00:00,0.0,IT.CAED/100752001.FACILITY,Ahlstrom-Munksjö Italia S.p.A.
2023-04-12 21:00:00,0.0,IT.CAED/100752001.FACILITY,Ahlstrom-Munksjö Italia S.p.A.
2023-04-12 22:00:00,0.0,IT.CAED/100752001.FACILITY,Ahlstrom-Munksjö Italia S.p.A.
2023-04-12 23:00:00,0.0,IT.CAED/100752001.FACILITY,Ahlstrom-Munksjö Italia S.p.A.
2023-04-13 00:00:00,0.0,IT.CAED/100752001.FACILITY,Ahlstrom-Munksjö Italia S.p.A.
2023-04-13 01:00:00,0.0,IT.CAED/100752001.FACILITY,Ahlstrom-Munksjö Italia S.p.A.
2023-04-13 02:00:00,0.0,IT.CAED/100752001.FACILITY,Ahlstrom-Munksjö Italia S.p.A.
2023-04-13 03:00:00,0.0,IT.CAED/100752001.FACILITY,Ahlstrom-Munksjö Italia S.p.A.
2023-04-13 04:00:00,0.0,IT.CAED/100752001.FACILITY,Ahlstrom-Munksjö Italia S.p.A.
2023-04-13 05:00:00,0.0,IT.CAED/100752001.FACILITY,Ahlstrom-Munksjö Italia S.p.A.
2023-04-13 06:00:00,0.0,IT.CAED/100752001.FACILITY,Ahlstrom-Munksjö Italia S.p.A.
2023-04-13 07:00:00,0.013519999999999999,IT.CAED/100752001.FACILITY,Ahlstrom-Munksjö Italia S.p.A.
2023-04-13 08:00:00,0.16006,IT.CAED/100752001.FACILITY,Ahlstrom-Munksjö Italia S.p.A.
2023-04-13 09:00:00,0.34841,IT.CAED/100752001.FACILITY,Ahlstrom-Munksjö Italia S.p.A.
2023-04-13 10:00:00,0.5934299999999999,IT.CAED/100752001.FACILITY,Ahlstrom-Munksjö Italia S.p.A.
2023-04-13 11:00:00,0.66113,IT.CAED/100752001.FACILITY,Ahlstrom-Munksjö Italia S.p.A.
2023-04-13 12:00:00,0.7495299999999999,IT.CAED/100752001.FACILITY,Ahlstrom-Munksjö Italia S.p.A.
2023-04-13 13:00:00,0.7191799999999999,IT.CAED/100752001.FACILITY,Ahlstrom-Munksjö Italia S.p.A.
2023-04-13 14:00:00,0.60289,IT.CAED/100752001.FACILITY,Ahlstrom-Munksjö Italia S.p.A.
2023-04-13 15:00:00,0.44847000000000004,IT.CAED/100752001.FACILITY,Ahlstrom-Munksjö Italia S.p.A.
2023-04-13 16:00:00,0.33819,IT.CAED/100752001.FACILITY,Ahlstrom-Munksjö Italia S.p.A.
2023-04-13 17:00:00,0.2479,IT.CAED/100752001.FACILITY,Ahlstrom-Munksjö Italia S.p.A.
2023-04-13 18:00:00,0.14953,IT.CAED/100752001.FACILITY,Ahlstrom-Munksjö Italia S.p.A.
2023-04-13 19:00:00,0.02312,IT.CAED/100752001.FACILITY,Ahlstrom-Munksjö Italia S.p.A.
2023-04-13 20:00:00,0.0,IT.CAED/100752001.FACILITY,Ahlstrom-Munksjö Italia S.p.A.
2023-04-13 21:00:00,0.0,IT.CAED/100752001.FACILITY,Ahlstrom-Munksjö Italia S.p.A.
2023-04-13 22:00:00,0.0,IT.CAED/100752001.FACILITY,Ahlstrom-Munksjö Italia S.p.A.
2023-04-13 23:00:00,0.0,IT.CAED/100752001.FACILITY,Ahlstrom-Munksjö Italia S.p.A.
2023-04-14 00:00:00,0.0,IT.CAED/100752001.FACILITY,Ahlstrom-Munksjö Italia S.p.A.
2023-04-14 01:00:00,0.0,IT.CAED/100752001.FACILITY,Ahlstrom-Munksjö Italia S.p.A.
2023-04-14 02:00:00,0.0,IT.CAED/100752001.FACILITY,Ahlstrom-Munksjö Italia S.p.A.
2023-04-14 03:00:00,0.0,IT.CAED/100752001.FACILITY,Ahlstrom-Munksjö Italia S.p.A.
2023-04-14 04:00:00,0.0,IT.CAED/100752001.FACILITY,Ahlstrom-Munksjö Italia S.p.A.
2023-04-14 05:00:00,0.0,IT.CAED/100752001.FACILITY,Ahlstrom-Munksjö Italia S.p.A.
2023-04-14 06:00:00,0.0,IT.CAED/100752001.FACILITY,Ahlstrom-Munksjö Italia S.p.A.
2023-04-14 07:00:00,0.01502,IT.CAED/100752001.FACILITY,Ahlstrom-Munksjö Italia S.p.A.
2023-04-14 08:00:00,0.20711000000000002,IT.CAED/100752001.FACILITY,Ahlstrom-Munksjö Italia S.p.A.
2023-04-14 09:00:00,0.47775,IT.CAED/100752001.FACILITY,Ahlstrom-Munksjö Italia S.p.A.
2023-04-14 10:00:00,0.6847000000000001,IT.CAED/100752001.FACILITY,Ahlstrom-Munksjö Italia S.p.A.
2023-04-14 11:00:00,0.84784,IT.CAED/100752001.FACILITY,Ahlstrom-Munksjö Italia S.p.A.
2023-04-14 12:00:00,0.9167000000000001,IT.CAED/100752001.FACILITY,Ahlstrom-Munksjö Italia S.p.A.
2023-04-14 13:00:00,0.941,IT.CAED/100752001.FACILITY,Ahlstrom-Munksjö Italia S.p.A.
2023-04-14 14:00:00,0.9078200000000001,IT.CAED/100752001.FACILITY,Ahlstrom-Munksjö Italia S.p.A.
2023-04-14 15:00:00,0.78614,IT.CAED/100752001.FACILITY,Ahlstrom-Munksjö Italia S.p.A.
2023-04-14 16:00:00,0.61499,IT.CAED/100752001.FACILITY,Ahlstrom-Munksjö Italia S.p.A.
2023-04-14 17:00:00,0.39613,IT.CAED/100752001.FACILITY,Ahlstrom-Munksjö Italia S.p.A.
2023-04-14 18:00:00,0.14125,IT.CAED/100752001.FACILITY,Ahlstrom-Munksjö Italia S.p.A.
2023-04-14 19:00:00,0.01607,IT.CAED/100752001.FACILITY,Ahlstrom-Munksjö Italia S.p.A.
2023-04-14 20:00:00,0.0,IT.CAED/100752001.FACILITY,Ahlstrom-Munksjö Italia S.p.A.
2023-04-14 21:00:00,0.0,IT.CAED/100752001.FACILITY,Ahlstrom-Munksjö Italia S.p.A.
2023-04-14 22:00:00,0.0,IT.CAED/100752001.FACILITY,Ahlstrom-Munksjö Italia S.p.A.
2023-04-14 23:00:00,0.0,IT.CAED/100752001.FACILITY,Ahlstrom-Munksjö Italia S.p.A.
2023-04-15 00:00:00,0.0,IT.CAED/100752001.FACILITY,Ahlstrom-Munksjö Italia S.p.A.
2023-04-15 01:00:00,0.0,IT.CAED/100752001.FACILITY,Ahlstrom-Munksjö Italia S.p.A.
2023-04-15 02:00:00,0.0,IT.CAED/100752001.FACILITY,Ahlstrom-Munksjö Italia S.p.A.
2023-04-15 03:00:00,0.0,IT.CAED/100752001.FACILITY,Ahlstrom-Munksjö Italia S.p.A.
2023-04-15 04:00:00,0.0,IT.CAED/100752001.FACILITY,Ahlstrom-Munksjö Italia S.p.A.
2023-04-15 05:00:00,0.0,IT.CAED/100752001.FACILITY,Ahlstrom-Munksjö Italia S.p.A.
2023-04-15 06:00:00,0.0,IT.CAED/100752001.FACILITY,Ahlstrom-Munksjö Italia S.p.A.
2023-04-15 07:00:00,0.01289,IT.CAED/100752001.FACILITY,Ahlstrom-Munksjö Italia S.p.A.
2023-04-15 08:00:00,0.19336,IT.CAED/100752001.FACILITY,Ahlstrom-Munksjö Italia S.p.A.
2023-04-15 09:00:00,0.41147,IT.CAED/100752001.FACILITY,Ahlstrom-Munksjö Italia S.p.A.
2023-04-15 10:00:00,0.5522999999999999,IT.CAED/100752001.FACILITY,Ahlstrom-Munksjö Italia S.p.A.
2023-04-15 11:00:00,0.65431,IT.CAED/100752001.FACILITY,Ahlstrom-Munksjö Italia S.p.A.
2023-04-15 12:00:00,0.61909,IT.CAED/100752001.FACILITY,Ahlstrom-Munksjö Italia S.p.A.
2023-04-15 13:00:00,0.42414999999999997,IT.CAED/100752001.FACILITY,Ahlstrom-Munksjö Italia S.p.A.
2023-04-15 14:00:00,0.5232100000000001,IT.CAED/100752001.FACILITY,Ahlstrom-Munksjö Italia S.p.A.
2023-04-15 15:00:00,0.6153200000000001,IT.CAED/100752001.FACILITY,Ahlstrom-Munksjö Italia S.p.A.
2023-04-15 16:00:00,0.43543,IT.CAED/100752001.FACILITY,Ahlstrom-Munksjö Italia S.p.A.
2023-04-15 17:00:00,0.30649,IT.CAED/100752001.FACILITY,Ahlstrom-Munksjö Italia S.p.A.
2023-04-15 18:00:00,0.15048,IT.CAED/100752001.FACILITY,Ahlstrom-Munksjö Italia S.p.A.
2023-04-15 19:00:00,0.013099999999999999,IT.CAED/100752001.FACILITY,Ahlstrom-Munksjö Italia S.p.A.
2023-04-15 20:00:00,0.0,IT.CAED/100752001.FACILITY,Ahlstrom-Munksjö Italia S.p.A.
2023-04-15 21:00:00,0.0,IT.CAED/100752001.FACILITY,Ahlstrom-Munksjö Italia S.p.A.
2023-04-15 22:00:00,0.0,IT.CAED/100752001.FACILITY,Ahlstrom-Munksjö Italia S.p.A.
2023-04-15 23:00:00,0.0,IT.CAED/100752001.FACILITY,Ahlstrom-Munksjö Italia S.p.A.
2023-04-16 00:00:00,0.0,IT.CAED/100752001.FACILITY,Ahlstrom-Munksjö Italia S.p.A.
2023-04-16 01:00:00,0.0,IT.CAED/100752001.FACILITY,Ahlstrom-Munksjö Italia S.p.A.
2023-04-16 02:00:00,0.0,IT.CAED/100752001.FACILITY,Ahlstrom-Munksjö Italia S.p.A.
2023-04-16 03:00:00,0.0,IT.CAED/100752001.FACILITY,Ahlstrom-Munksjö Italia S.p.A.
2023-04-16 04:00:00,0.0,IT.CAED/100752001.FACILITY,Ahlstrom-Munksjö Italia S.p.A.
2023-04-16 05:00:00,0.0,IT.CAED/100752001.FACILITY,Ahlstrom-Munksjö Italia S.p.A.
2023-04-16 06:00:00,0.0,IT.CAED/100752001.FACILITY,Ahlstrom-Munksjö Italia S.p.A.
2023-04-16 07:00:00,0.013800000000000002,IT.CAED/100752001.FACILITY,Ahlstrom-Munksjö Italia S.p.A.
2023-04-16 08:00:00,0.20062,IT.CAED/100752001.FACILITY,Ahlstrom-Munksjö Italia S.p.A.
2023-04-16 09:00:00,0.46122,IT.CAED/100752001.FACILITY,Ahlstrom-Munksjö Italia S.p.A.
2023-04-16 10:00:00,0.67723,IT.CAED/100752001.FACILITY,Ahlstrom-Munksjö Italia S.p.A.
2023-04-16 11:00:00,0.80557,IT.CAED/100752001.FACILITY,Ahlstrom-Munksjö Italia S.p.A.
2023-04-16 12:00:00,0.89638,IT.CAED/100752001.FACILITY,Ahlstrom-Munksjö Italia S.p.A.
2023-04-16 13:00:00,0.93188,IT.CAED/100752001.FACILITY,Ahlstrom-Munksjö Italia S.p.A.
2023-04-16 14:00:00,0.84668,IT.CAED/100752001.FACILITY,Ahlstrom-Munksjö Italia S.p.A.
2023-04-16 15:00:00,0.7504400000000001,IT.CAED/100752001.FACILITY,Ahlstrom-Munksjö Italia S.p.A.
2023-04-16 16:00:00,0.61749,IT.CAED/100752001.FACILITY,Ahlstrom-Munksjö Italia S.p.A.
2023-04-16 17:00:00,0.42958999999999997,IT.CAED/100752001.FACILITY,Ahlstrom-Munksjö Italia S.p.A.
2023-04-16 18:00:00,0.17112,IT.CAED/100752001.FACILITY,Ahlstrom-Munksjö Italia S.p.A.
2023-04-16 19:00:00,0.01357,IT.CAED/100752001.FACILITY,Ahlstrom-Munksjö Italia S.p.A.
2023-04-16 20:00:00,0.0,IT.CAED/100752001.FACILITY,Ahlstrom-Munksjö Italia S.p.A.
2023-04-16 21:00:00,0.0,IT.CAED/100752001.FACILITY,Ahlstrom-Munksjö Italia S.p.A.
2023-04-16 22:00:00,0.0,IT.CAED/100752001.FACILITY,Ahlstrom-Munksjö Italia S.p.A.
2023-04-16 23:00:00,0.0,IT.CAED/100752001.FACILITY,Ahlstrom-Munksjö Italia S.p.A.
2023-04-17 00:00:00,0.0,IT.CAED/100752001.FACILITY,Ahlstrom-Munksjö Italia S.p.A.
2023-04-17 01:00:00,0.0,IT.CAED/100752001.FACILITY,Ahlstrom-Munksjö Italia S.p.A.
2023-04-17 02:00:00,0.0,IT.CAED/100752001.FACILITY,Ahlstrom-Munksjö Italia S.p.A.
2023-04-17 03:00:00,0.0,IT.CAED/100752001.FACILITY,Ahlstrom-Munksjö Italia S.p.A.
2023-04-17 04:00:00,0.0,IT.CAED/100752001.FACILITY,Ahlstrom-Munksjö Italia S.p.A.
2023-04-17 05:00:00,0.0,IT.CAED/100752001.FACILITY,Ahlstrom-Munksjö Italia S.p.A.
2023-04-17 06:00:00,0.0,IT.CAED/100752001.FACILITY,Ahlstrom-Munksjö Italia S.p.A.
2023-04-17 07:00:00,0.0192,IT.CAED/100752001.FACILITY,Ahlstrom-Munksjö Italia S.p.A.
2023-04-17 08:00:00,0.19746,IT.CAED/100752001.FACILITY,Ahlstrom-Munksjö Italia S.p.A.
2023-04-17 09:00:00,0.45177999999999996,IT.CAED/100752001.FACILITY,Ahlstrom-Munksjö Italia S.p.A.
2023-04-17 10:00:00,0.66424,IT.CAED/100752001.FACILITY,Ahlstrom-Munksjö Italia S.p.A.
2023-04-17 11:00:00,0.7096399999999999,IT.CAED/100752001.FACILITY,Ahlstrom-Munksjö Italia S.p.A.
2023-04-17 12:00:00,0.83535,IT.CAED/100752001.FACILITY,Ahlstrom-Munksjö Italia S.p.A.
2023-04-17 13:00:00,0.8552799999999999,IT.CAED/100752001.FACILITY,Ahlstrom-Munksjö Italia S.p.A.
2023-04-17 14:00:00,0.88379,IT.CAED/100752001.FACILITY,Ahlstrom-Munksjö Italia S.p.A.
2023-04-17 15:00:00,0.74718,IT.CAED/100752001.FACILITY,Ahlstrom-Munksjö Italia S.p.A.
2023-04-17 16:00:00,0.62014,IT.CAED/100752001.FACILITY,Ahlstrom-Munksjö Italia S.p.A.
2023-04-17 17:00:00,0.42294,IT.CAED/100752001.FACILITY,Ahlstrom-Munksjö Italia S.p.A.
2023-04-17 18:00:00,0.17443,IT.CAED/100752001.FACILITY,Ahlstrom-Munksjö Italia S.p.A.
2023-04-17 19:00:00,0.01439,IT.CAED/100752001.FACILITY,Ahlstrom-Munksjö Italia S.p.A.
2023-04-17 20:00:00,0.0,IT.CAED/100752001.FACILITY,Ahlstrom-Munksjö Italia S.p.A.
2023-04-17 21:00:00,0.0,IT.CAED/100752001.FACILITY,Ahlstrom-Munksjö Italia S.p.A.
2023-04-17 22:00:00,0.0,IT.CAED/100752001.FACILITY,Ahlstrom-Munksjö Italia S.p.A.
2023-04-17 23:00:00,0.0,IT.CAED/100752001.FACILITY,Ahlstrom-Munksjö Italia S.p.A.
2023-04-18 00:00:00,0.0,IT.CAED/100752001.FACILITY,Ahlstrom-Munksjö Italia S.p.A.
2023-04-18 01:00:00,0.0,IT.CAED/100752001.FACILITY,Ahlstrom-Munksjö Italia S.p.A.
2023-04-18 02:00:00,0.0,IT.CAED/100752001.FACILITY,Ahlstrom-Munksjö Italia S.p.A.
2023-04-18 03:00:00,0.0,IT.CAED/100752001.FACILITY,Ahlstrom-Munksjö Italia S.p.A.
2023-04-18 04:00:00,0.0,IT.CAED/100752001.FACILITY,Ahlstrom-Munksjö Italia S.p.A.
2023-04-18 05:00:00,0.0,IT.CAED/100752001.FACILITY,Ahlstrom-Munksjö Italia S.p.A.
2023-04-18 06:00:00,0.0,IT.CAED/100752001.FACILITY,Ahlstrom-Munksjö Italia S.p.A.
2023-04-18 07:00:00,0.01489,IT.CAED/100752001.FACILITY,Ahlstrom-Munksjö Italia S.p.A.
2023-04-18 08:00:00,0.19775,IT.CAED/100752001.FACILITY,Ahlstrom-Munksjö Italia S.p.A.
2023-04-18 09:00:00,0.44785,IT.CAED/100752001.FACILITY,Ahlstrom-Munksjö Italia S.p.A.
2023-04-18 10:00:00,0.63442,IT.CAED/100752001.FACILITY,Ahlstrom-Munksjö Italia S.p.A.
2023-04-18 11:00:00,0.7595299999999999,IT.CAED/100752001.FACILITY,Ahlstrom-Munksjö Italia S.p.A.
2023-04-18 12:00:00,0.809,IT.CAED/100752001.FACILITY,Ahlstrom-Munksjö Italia S.p.A.
2023-04-18 13:00:00,0.88449,IT.CAED/100752001.FACILITY,Ahlstrom-Munksjö Italia S.p.A.
2023-04-18 14:00:00,0.77439,IT.CAED/100752001.FACILITY,Ahlstrom-Munksjö Italia S.p.A.
2023-04-18 15:00:00,0.7731,IT.CAED/100752001.FACILITY,Ahlstrom-Munksjö Italia S.p.A.
2023-04-18 16:00:00,0.62226,IT.CAED/100752001.FACILITY,Ahlstrom-Munksjö Italia S.p.A.
2023-04-18 17:00:00,0.41594,IT.CAED/100752001.FACILITY,Ahlstrom-Munksjö Italia S.p.A.
2023-04-18 18:00:00,0.16861,IT.CAED/100752001.FACILITY,Ahlstrom-Munksjö Italia S.p.A.
2023-04-18 19:00:00,0.01771,IT.CAED/100752001.FACILITY,Ahlstrom-Munksjö Italia S.p.A.
2023-04-18 20:00:00,0.0,IT.CAED/100752001.FACILITY,Ahlstrom-Munksjö Italia S.p.A.
2023-04-18 21:00:00,0.0,IT.CAED/100752001.FACILITY,Ahlstrom-Munksjö Italia S.p.A.
2023-04-18 22:00:00,0.0,IT.CAED/100752001.FACILITY,Ahlstrom-Munksjö Italia S.p.A.
2023-04-18 23:00:00,0.0,IT.CAED/100752001.FACILITY,Ahlstrom-Munksjö Italia S.p.A.
2023-04-19 00:00:00,0.0,IT.CAED/100752001.FACILITY,Ahlstrom-Munksjö Italia S.p.A.
2023-04-19 01:00:00,0.0,IT.CAED/100752001.FACILITY,Ahlstrom-Munksjö Italia S.p.A.
2023-04-19 02:00:00,0.0,IT.CAED/100752001.FACILITY,Ahlstrom-Munksjö Italia S.p.A.
2023-04-19 03:00:00,0.0,IT.CAED/100752001.FACILITY,Ahlstrom-Munksjö Italia S.p.A.
2023-04-19 04:00:00,0.0,IT.CAED/100752001.FACILITY,Ahlstrom-Munksjö Italia S.p.A.
2023-04-19 05:00:00,0.0,IT.CAED/100752001.FACILITY,Ahlstrom-Munksjö Italia S.p.A.
2023-04-19 06:00:00,0.0,IT.CAED/100752001.FACILITY,Ahlstrom-Munksjö Italia S.p.A.
2023-04-19 07:00:00,0.015179999999999999,IT.CAED/100752001.FACILITY,Ahlstrom-Munksjö Italia S.p.A.
2023-04-19 08:00:00,0.19911,IT.CAED/100752001.FACILITY,Ahlstrom-Munksjö Italia S.p.A.
2023-04-19 09:00:00,0.45412,IT.CAED/100752001.FACILITY,Ahlstrom-Munksjö Italia S.p.A.
2023-04-19 10:00:00,0.66113,IT.CAED/100752001.FACILITY,Ahlstrom-Munksjö Italia S.p.A.
2023-04-19 11:00:00,0.81129,IT.CAED/100752001.FACILITY,Ahlstrom-Munksjö Italia S.p.A.
2023-04-19 12:00:00,0.8992899999999999,IT.CAED/100752001.FACILITY,Ahlstrom-Munksjö Italia S.p.A.
2023-04-19 13:00:00,0.92486,IT.CAED/100752001.FACILITY,Ahlstrom-Munksjö Italia S.p.A.
2023-04-19 14:00:00,0.8823200000000001,IT.CAED/100752001.FACILITY,Ahlstrom-Munksjö Italia S.p.A.
2023-04-19 15:00:00,0.79765,IT.CAED/100752001.FACILITY,Ahlstrom-Munksjö Italia S.p.A.
2023-04-19 16:00:00,0.63687,IT.CAED/100752001.FACILITY,Ahlstrom-Munksjö Italia S.p.A.
2023-04-19 17:00:00,0.42604000000000003,IT.CAED/100752001.FACILITY,Ahlstrom-Munksjö Italia S.p.A.
2023-04-19 18:00:00,0.16928,IT.CAED/100752001.FACILITY,Ahlstrom-Munksjö Italia S.p.A.
2023-04-19 19:00:00,0.01786,IT.CAED/100752001.FACILITY,Ahlstrom-Munksjö Italia S.p.A.
2023-04-19 20:00:00,0.0,IT.CAED/100752001.FACILITY,Ahlstrom-Munksjö Italia S.p.A.
2023-04-19 21:00:00,0.0,IT.CAED/100752001.FACILITY,Ahlstrom-Munksjö Italia S.p.A.
2023-04-19 22:00:00,0.0,IT.CAED/100752001.FACILITY,Ahlstrom-Munksjö Italia S.p.A.
2023-04-19 23:00:00,0.0,IT.CAED/100752001.FACILITY,Ahlstrom-Munksjö Italia S.p.A.
2023-04-20 00:00:00,0.0,IT.CAED/100752001.FACILITY,Ahlstrom-Munksjö Italia S.p.A.
2023-04-20 01:00:00,0.0,IT.CAED/100752001.FACILITY,Ahlstrom-Munksjö Italia S.p.A.
2023-04-20 02:00:00,0.0,IT.CAED/100752001.FACILITY,Ahlstrom-Munksjö Italia S.p.A.
2023-04-20 03:00:00,0.0,IT.CAED/100752001.FACILITY,Ahlstrom-Munksjö Italia S.p.A.
2023-04-20 04:00:00,0.0,IT.CAED/100752001.FACILITY,Ahlstrom-Munksjö Italia S.p.A.
2023-04-20 05:00:00,0.0,IT.CAED/100752001.FACILITY,Ahlstrom-Munksjö Italia S.p.A.
2023-04-20 06:00:00,0.0,IT.CAED/100752001.FACILITY,Ahlstrom-Munksjö Italia S.p.A.
2023-04-20 07:00:00,0.01332,IT.CAED/100752001.FACILITY,Ahlstrom-Munksjö Italia S.p.A.
2023-04-20 08:00:00,0.09935,IT.CAED/100752001.FACILITY,Ahlstrom-Munksjö Italia S.p.A.
2023-04-20 09:00:00,0.22608,IT.CAED/100752001.FACILITY,Ahlstrom-Munksjö Italia S.p.A.
2023-04-20 10:00:00,0.26469,IT.CAED/100752001.FACILITY,Ahlstrom-Munksjö Italia S.p.A.
2023-04-20 11:00:00,0.32176,IT.CAED/100752001.FACILITY,Ahlstrom-Munksjö Italia S.p.A.
2023-04-20 12:00:00,0.25286000000000003,IT.CAED/100752001.FACILITY,Ahlstrom-Munksjö Italia S.p.A.
2023-04-20 13:00:00,0.32769,IT.CAED/100752001.FACILITY,Ahlstrom-Munksjö Italia S.p.A.
2023-04-20 14:00:00,0.39556,IT.CAED/100752001.FACILITY,Ahlstrom-Munksjö Italia S.p.A.
2023-04-20 15:00:00,0.31726,IT.CAED/100752001.FACILITY,Ahlstrom-Munksjö Italia S.p.A.
2023-04-20 16:00:00,0.27872,IT.CAED/100752001.FACILITY,Ahlstrom-Munksjö Italia S.p.A.
2023-04-20 17:00:00,0.29246,IT.CAED/100752001.FACILITY,Ahlstrom-Munksjö Italia S.p.A.
2023-04-20 18:00:00,0.11089,IT.CAED/100752001.FACILITY,Ahlstrom-Munksjö Italia S.p.A.
2023-04-20 19:00:00,0.01891,IT.CAED/100752001.FACILITY,Ahlstrom-Munksjö Italia S.p.A.
2023-04-20 20:00:00,0.0,IT.CAED/100752001.FACILITY,Ahlstrom-Munksjö Italia S.p.A.
2023-04-20 21:00:00,0.0,IT.CAED/100752001.FACILITY,Ahlstrom-Munksjö Italia S.p.A.
2023-04-20 22:00:00,0.0,IT.CAED/100752001.FACILITY,Ahlstrom-Munksjö Italia S.p.A.
2023-04-20 23:00:00,0.0,IT.CAED/100752001.FACILITY,Ahlstrom-Munksjö Italia S.p.A.
2023-04-21 00:00:00,0.0,IT.CAED/100752001.FACILITY,Ahlstrom-Munksjö Italia S.p.A.
2023-04-21 01:00:00,0.0,IT.CAED/100752001.FACILITY,Ahlstrom-Munksjö Italia S.p.A.
2023-04-21 02:00:00,0.0,IT.CAED/100752001.FACILITY,Ahlstrom-Munksjö Italia S.p.A.
2023-04-21 03:00:00,0.0,IT.CAED/100752001.FACILITY,Ahlstrom-Munksjö Italia S.p.A.
2023-04-21 04:00:00,0.0,IT.CAED/100752001.FACILITY,Ahlstrom-Munksjö Italia S.p.A.
2023-04-21 05:00:00,0.0,IT.CAED/100752001.FACILITY,Ahlstrom-Munksjö Italia S.p.A.
2023-04-21 06:00:00,0.0,IT.CAED/100752001.FACILITY,Ahlstrom-Munksjö Italia S.p.A.
2023-04-21 07:00:00,0.00455,IT.CAED/100752001.FACILITY,Ahlstrom-Munksjö Italia S.p.A.
2023-04-21 08:00:00,0.02612,IT.CAED/100752001.FACILITY,Ahlstrom-Munksjö Italia S.p.A.
2023-04-21 09:00:00,0.09531,IT.CAED/100752001.FACILITY,Ahlstrom-Munksjö Italia S.p.A.
2023-04-21 10:00:00,0.10077,IT.CAED/100752001.FACILITY,Ahlstrom-Munksjö Italia S.p.A.
2023-04-21 11:00:00,0.15324000000000002,IT.CAED/100752001.FACILITY,Ahlstrom-Munksjö Italia S.p.A.
2023-04-21 12:00:00,0.21649000000000002,IT.CAED/100752001.FACILITY,Ahlstrom-Munksjö Italia S.p.A.
2023-04-21 13:00:00,0.11438,IT.CAED/100752001.FACILITY,Ahlstrom-Munksjö Italia S.p.A.
2023-04-21 14:00:00,0.09963,IT.CAED/100752001.FACILITY,Ahlstrom-Munksjö Italia S.p.A.
2023-04-21 15:00:00,0.08621,IT.CAED/100752001.FACILITY,Ahlstrom-Munksjö Italia S.p.A.
2023-04-21 16:00:00,0.1025,IT.CAED/100752001.FACILITY,Ahlstrom-Munksjö Italia S.p.A.
2023-04-21 17:00:00,0.09026999999999999,IT.CAED/100752001.FACILITY,Ahlstrom-Munksjö Italia S.p.A.
2023-04-21 18:00:00,0.04845,IT.CAED/100752001.FACILITY,Ahlstrom-Munksjö Italia S.p.A.
2023-04-21 19:00:00,0.01069,IT.CAED/100752001.FACILITY,Ahlstrom-Munksjö Italia S.p.A.
2023-04-21 20:00:00,0.0,IT.CAED/100752001.FACILITY,Ahlstrom-Munksjö Italia S.p.A.
2023-04-21 21:00:00,0.0,IT.CAED/100752001.FACILITY,Ahlstrom-Munksjö Italia S.p.A.
2023-04-21 22:00:00,0.0,IT.CAED/100752001.FACILITY,Ahlstrom-Munksjö Italia S.p.A.
2023-04-21 23:00:00,0.0,IT.CAED/100752001.FACILITY,Ahlstrom-Munksjö Italia S.p.A.
2023-04-22 00:00:00,0.0,IT.CAED/100752001.FACILITY,Ahlstrom-Munksjö Italia S.p.A.
2023-04-22 01:00:00,0.0,IT.CAED/100752001.FACILITY,Ahlstrom-Munksjö Italia S.p.A.
2023-04-22 02:00:00,0.0,IT.CAED/100752001.FACILITY,Ahlstrom-Munksjö Italia S.p.A.
2023-04-22 03:00:00,0.0,IT.CAED/100752001.FACILITY,Ahlstrom-Munksjö Italia S.p.A.
2023-04-22 04:00:00,0.0,IT.CAED/100752001.FACILITY,Ahlstrom-Munksjö Italia S.p.A.
2023-04-22 05:00:00,0.0,IT.CAED/100752001.FACILITY,Ahlstrom-Munksjö Italia S.p.A.
2023-04-22 06:00:00,0.0,IT.CAED/100752001.FACILITY,Ahlstrom-Munksjö Italia S.p.A.
2023-04-22 07:00:00,0.02282,IT.CAED/100752001.FACILITY,Ahlstrom-Munksjö Italia S.p.A.
2023-04-22 08:00:00,0.09653,IT.CAED/100752001.FACILITY,Ahlstrom-Munksjö Italia S.p.A.
2023-04-22 09:00:00,0.22390000000000002,IT.CAED/100752001.FACILITY,Ahlstrom-Munksjö Italia S.p.A.
2023-04-22 10:00:00,0.33863,IT.CAED/100752001.FACILITY,Ahlstrom-Munksjö Italia S.p.A.
2023-04-22 11:00:00,0.49062,IT.CAED/100752001.FACILITY,Ahlstrom-Munksjö Italia S.p.A.
2023-04-22 12:00:00,0.52123,IT.CAED/100752001.FACILITY,Ahlstrom-Munksjö Italia S.p.A.
2023-04-22 13:00:00,0.46570999999999996,IT.CAED/100752001.FACILITY,Ahlstrom-Munksjö Italia S.p.A.
2023-04-22 14:00:00,0.4632,IT.CAED/100752001.FACILITY,Ahlstrom-Munksjö Italia S.p.A.
2023-04-22 15:00:00,0.41123000000000004,IT.CAED/100752001.FACILITY,Ahlstrom-Munksjö Italia S.p.A.
2023-04-22 16:00:00,0.32938,IT.CAED/100752001.FACILITY,Ahlstrom-Munksjö Italia S.p.A.
2023-04-22 17:00:00,0.18086000000000002,IT.CAED/100752001.FACILITY,Ahlstrom-Munksjö Italia S.p.A.
2023-04-22 18:00:00,0.09806000000000001,IT.CAED/100752001.FACILITY,Ahlstrom-Munksjö Italia S.p.A.
2023-04-22 19:00:00,0.01609,IT.CAED/100752001.FACILITY,Ahlstrom-Munksjö Italia S.p.A.
2023-04-22 20:00:00,0.0,IT.CAED/100752001.FACILITY,Ahlstrom-Munksjö Italia S.p.A.
2023-04-22 21:00:00,0.0,IT.CAED/100752001.FACILITY,Ahlstrom-Munksjö Italia S.p.A.
2023-04-22 22:00:00,0.0,IT.CAED/100752001.FACILITY,Ahlstrom-Munksjö Italia S.p.A.
2023-04-22 23:00:00,0.0,IT.CAED/100752001.FACILITY,Ahlstrom-Munksjö Italia S.p.A.
2023-04-23 00:00:00,0.0,IT.CAED/100752001.FACILITY,Ahlstrom-Munksjö Italia S.p.A.
2023-04-23 01:00:00,0.0,IT.CAED/100752001.FACILITY,Ahlstrom-Munksjö Italia S.p.A.
2023-04-23 02:00:00,0.0,IT.CAED/100752001.FACILITY,Ahlstrom-Munksjö Italia S.p.A.
2023-04-23 03:00:00,0.0,IT.CAED/100752001.FACILITY,Ahlstrom-Munksjö Italia S.p.A.
2023-04-23 04:00:00,0.0,IT.CAED/100752001.FACILITY,Ahlstrom-Munksjö Italia S.p.A.
2023-04-23 05:00:00,0.0,IT.CAED/100752001.FACILITY,Ahlstrom-Munksjö Italia S.p.A.
2023-04-23 06:00:00,0.0,IT.CAED/100752001.FACILITY,Ahlstrom-Munksjö Italia S.p.A.
2023-04-23 07:00:00,0.016640000000000002,IT.CAED/100752001.FACILITY,Ahlstrom-Munksjö Italia S.p.A.
2023-04-23 08:00:00,0.11408,IT.CAED/100752001.FACILITY,Ahlstrom-Munksjö Italia S.p.A.
2023-04-23 09:00:00,0.32539,IT.CAED/100752001.FACILITY,Ahlstrom-Munksjö Italia S.p.A.
2023-04-23 10:00:00,0.42045,IT.CAED/100752001.FACILITY,Ahlstrom-Munksjö Italia S.p.A.
2023-04-23 11:00:00,0.52739,IT.CAED/100752001.FACILITY,Ahlstrom-Munksjö Italia S.p.A.
2023-04-23 12:00:00,0.5568200000000001,IT.CAED/100752001.FACILITY,Ahlstrom-Munksjö Italia S.p.A.
2023-04-23 13:00:00,0.62437,IT.CAED/100752001.FACILITY,Ahlstrom-Munksjö Italia S.p.A.
2023-04-23 14:00:00,0.49305,IT.CAED/100752001.FACILITY,Ahlstrom-Munksjö Italia S.p.A.
2023-04-23 15:00:00,0.45077999999999996,IT.CAED/100752001.FACILITY,Ahlstrom-Munksjö Italia S.p.A.
2023-04-23 16:00:00,0.32706999999999997,IT.CAED/100752001.FACILITY,Ahlstrom-Munksjö Italia S.p.A.
2023-04-23 17:00:00,0.21461000000000002,IT.CAED/100752001.FACILITY,Ahlstrom-Munksjö Italia S.p.A.
2023-04-23 18:00:00,0.12329999999999999,IT.CAED/100752001.FACILITY,Ahlstrom-Munksjö Italia S.p.A.
2023-04-23 19:00:00,0.018510000000000002,IT.CAED/100752001.FACILITY,Ahlstrom-Munksjö Italia S.p.A.
2023-04-23 20:00:00,0.0,IT.CAED/100752001.FACILITY,Ahlstrom-Munksjö Italia S.p.A.
2023-04-23 21:00:00,0.0,IT.CAED/100752001.FACILITY,Ahlstrom-Munksjö Italia S.p.A.
2023-04-23 22:00:00,0.0,IT.CAED/100752001.FACILITY,Ahlstrom-Munksjö Italia S.p.A.
2023-04-23 23:00:00,0.0,IT.CAED/100752001.FACILITY,Ahlstrom-Munksjö Italia S.p.A.
2023-04-24 00:00:00,0.0,IT.CAED/100752001.FACILITY,Ahlstrom-Munksjö Italia S.p.A.
2023-04-24 01:00:00,0.0,IT.CAED/100752001.FACILITY,Ahlstrom-Munksjö Italia S.p.A.
2023-04-24 02:00:00,0.0,IT.CAED/100752001.FACILITY,Ahlstrom-Munksjö Italia S.p.A.
2023-04-24 03:00:00,0.0,IT.CAED/100752001.FACILITY,Ahlstrom-Munksjö Italia S.p.A.
2023-04-24 04:00:00,0.0,IT.CAED/100752001.FACILITY,Ahlstrom-Munksjö Italia S.p.A.
2023-04-24 05:00:00,0.0,IT.CAED/100752001.FACILITY,Ahlstrom-Munksjö Italia S.p.A.
2023-04-24 06:00:00,0.0,IT.CAED/100752001.FACILITY,Ahlstrom-Munksjö Italia S.p.A.
2023-04-24 07:00:00,0.019149999999999997,IT.CAED/100752001.FACILITY,Ahlstrom-Munksjö Italia S.p.A.
2023-04-24 08:00:00,0.2064,IT.CAED/100752001.FACILITY,Ahlstrom-Munksjö Italia S.p.A.
2023-04-24 09:00:00,0.46311,IT.CAED/100752001.FACILITY,Ahlstrom-Munksjö Italia S.p.A.
2023-04-24 10:00:00,0.66239,IT.CAED/100752001.FACILITY,Ahlstrom-Munksjö Italia S.p.A.
2023-04-24 11:00:00,0.8120599999999999,IT.CAED/100752001.FACILITY,Ahlstrom-Munksjö Italia S.p.A.
2023-04-24 12:00:00,0.8781,IT.CAED/100752001.FACILITY,Ahlstrom-Munksjö Italia S.p.A.
2023-04-24 13:00:00,0.9077799999999999,IT.CAED/100752001.FACILITY,Ahlstrom-Munksjö Italia S.p.A.
2023-04-24 14:00:00,0.89437,IT.CAED/100752001.FACILITY,Ahlstrom-Munksjö Italia S.p.A.
2023-04-24 15:00:00,0.79587,IT.CAED/100752001.FACILITY,Ahlstrom-Munksjö Italia S.p.A.
2023-04-24 16:00:00,0.6369,IT.CAED/100752001.FACILITY,Ahlstrom-Munksjö Italia S.p.A.
2023-04-24 17:00:00,0.43071,IT.CAED/100752001.FACILITY,Ahlstrom-Munksjö Italia S.p.A.
2023-04-24 18:00:00,0.17930000000000001,IT.CAED/100752001.FACILITY,Ahlstrom-Munksjö Italia S.p.A.
2023-04-24 19:00:00,0.01918,IT.CAED/100752001.FACILITY,Ahlstrom-Munksjö Italia S.p.A.
2023-04-24 20:00:00,0.0,IT.CAED/100752001.FACILITY,Ahlstrom-Munksjö Italia S.p.A.
2023-04-24 21:00:00,0.0,IT.CAED/100752001.FACILITY,Ahlstrom-Munksjö Italia S.p.A.
2023-04-24 22:00:00,0.0,IT.CAED/100752001.FACILITY,Ahlstrom-Munksjö Italia S.p.A.
2023-04-24 23:00:00,0.0,IT.CAED/100752001.FACILITY,Ahlstrom-Munksjö Italia S.p.A.
2023-04-25 00:00:00,0.0,IT.CAED/100752001.FACILITY,Ahlstrom-Munksjö Italia S.p.A.
2023-04-25 01:00:00,0.0,IT.CAED/100752001.FACILITY,Ahlstrom-Munksjö Italia S.p.A.
2023-04-25 02:00:00,0.0,IT.CAED/100752001.FACILITY,Ahlstrom-Munksjö Italia S.p.A.
2023-04-25 03:00:00,0.0,IT.CAED/100752001.FACILITY,Ahlstrom-Munksjö Italia S.p.A.
2023-04-25 04:00:00,0.0,IT.CAED/100752001.FACILITY,Ahlstrom-Munksjö Italia S.p.A.
2023-04-25 05:00:00,0.0,IT.CAED/100752001.FACILITY,Ahlstrom-Munksjö Italia S.p.A.
2023-04-25 06:00:00,0.0,IT.CAED/100752001.FACILITY,Ahlstrom-Munksjö Italia S.p.A.
2023-04-25 07:00:00,0.01982,IT.CAED/100752001.FACILITY,Ahlstrom-Munksjö Italia S.p.A.
2023-04-25 08:00:00,0.16253,IT.CAED/100752001.FACILITY,Ahlstrom-Munksjö Italia S.p.A.
2023-04-25 09:00:00,0.36325999999999997,IT.CAED/100752001.FACILITY,Ahlstrom-Munksjö Italia S.p.A.
2023-04-25 10:00:00,0.6092000000000001,IT.CAED/100752001.FACILITY,Ahlstrom-Munksjö Italia S.p.A.
2023-04-25 11:00:00,0.7796900000000001,IT.CAED/100752001.FACILITY,Ahlstrom-Munksjö Italia S.p.A.
2023-04-25 12:00:00,0.8634700000000001,IT.CAED/100752001.FACILITY,Ahlstrom-Munksjö Italia S.p.A.
2023-04-25 13:00:00,0.87522,IT.CAED/100752001.FACILITY,Ahlstrom-Munksjö Italia S.p.A.
2023-04-25 14:00:00,0.86062,IT.CAED/100752001.FACILITY,Ahlstrom-Munksjö Italia S.p.A.
2023-04-25 15:00:00,0.79786,IT.CAED/100752001.FACILITY,Ahlstrom-Munksjö Italia S.p.A.
2023-04-25 16:00:00,0.6594099999999999,IT.CAED/100752001.FACILITY,Ahlstrom-Munksjö Italia S.p.A.
2023-04-25 17:00:00,0.44556,IT.CAED/100752001.FACILITY,Ahlstrom-Munksjö Italia S.p.A.
2023-04-25 18:00:00,0.18181,IT.CAED/100752001.FACILITY,Ahlstrom-Munksjö Italia S.p.A.
2023-04-25 19:00:00,0.02454,IT.CAED/100752001.FACILITY,Ahlstrom-Munksjö Italia S.p.A.
2023-04-25 20:00:00,0.0,IT.CAED/100752001.FACILITY,Ahlstrom-Munksjö Italia S.p.A.
2023-04-25 21:00:00,0.0,IT.CAED/100752001.FACILITY,Ahlstrom-Munksjö Italia S.p.A.
2023-04-25 22:00:00,0.0,IT.CAED/100752001.FACILITY,Ahlstrom-Munksjö Italia S.p.A.
2023-04-25 23:00:00,0.0,IT.CAED/100752001.FACILITY,Ahlstrom-Munksjö Italia S.p.A.
2023-04-26 00:00:00,0.0,IT.CAED/100752001.FACILITY,Ahlstrom-Munksjö Italia S.p.A.
2023-04-26 01:00:00,0.0,IT.CAED/100752001.FACILITY,Ahlstrom-Munksjö Italia S.p.A.
2023-04-26 02:00:00,0.0,IT.CAED/100752001.FACILITY,Ahlstrom-Munksjö Italia S.p.A.
2023-04-26 03:00:00,0.0,IT.CAED/100752001.FACILITY,Ahlstrom-Munksjö Italia S.p.A.
2023-04-26 04:00:00,0.0,IT.CAED/100752001.FACILITY,Ahlstrom-Munksjö Italia S.p.A.
2023-04-26 05:00:00,0.0,IT.CAED/100752001.FACILITY,Ahlstrom-Munksjö Italia S.p.A.
2023-04-26 06:00:00,0.0,IT.CAED/100752001.FACILITY,Ahlstrom-Munksjö Italia S.p.A.
2023-04-26 07:00:00,0.02273,IT.CAED/100752001.FACILITY,Ahlstrom-Munksjö Italia S.p.A.
2023-04-26 08:00:00,0.21133000000000002,IT.CAED/100752001.FACILITY,Ahlstrom-Munksjö Italia S.p.A.
2023-04-26 09:00:00,0.46168,IT.CAED/100752001.FACILITY,Ahlstrom-Munksjö Italia S.p.A.
2023-04-26 10:00:00,0.66965,IT.CAED/100752001.FACILITY,Ahlstrom-Munksjö Italia S.p.A.
2023-04-26 11:00:00,0.81689,IT.CAED/100752001.FACILITY,Ahlstrom-Munksjö Italia S.p.A.
2023-04-26 12:00:00,0.90979,IT.CAED/100752001.FACILITY,Ahlstrom-Munksjö Italia S.p.A.
2023-04-26 13:00:00,0.90875,IT.CAED/100752001.FACILITY,Ahlstrom-Munksjö Italia S.p.A.
2023-04-26 14:00:00,0.89673,IT.CAED/100752001.FACILITY,Ahlstrom-Munksjö Italia S.p.A.
2023-04-26 15:00:00,0.77515,IT.CAED/100752001.FACILITY,Ahlstrom-Munksjö Italia S.p.A.
2023-04-26 16:00:00,0.64155,IT.CAED/100752001.FACILITY,Ahlstrom-Munksjö Italia S.p.A.
2023-04-26 17:00:00,0.42252999999999996,IT.CAED/100752001.FACILITY,Ahlstrom-Munksjö Italia S.p.A.
2023-04-26 18:00:00,0.17465,IT.CAED/100752001.FACILITY,Ahlstrom-Munksjö Italia S.p.A.
2023-04-26 19:00:00,0.02093,IT.CAED/100752001.FACILITY,Ahlstrom-Munksjö Italia S.p.A.
2023-04-26 20:00:00,0.0,IT.CAED/100752001.FACILITY,Ahlstrom-Munksjö Italia S.p.A.
2023-04-26 21:00:00,0.0,IT.CAED/100752001.FACILITY,Ahlstrom-Munksjö Italia S.p.A.
2023-04-26 22:00:00,0.0,IT.CAED/100752001.FACILITY,Ahlstrom-Munksjö Italia S.p.A.
2023-04-26 23:00:00,0.0,IT.CAED/100752001.FACILITY,Ahlstrom-Munksjö Italia S.p.A.
2023-04-27 00:00:00,0.0,IT.CAED/100752001.FACILITY,Ahlstrom-Munksjö Italia S.p.A.
2023-04-27 01:00:00,0.0,IT.CAED/100752001.FACILITY,Ahlstrom-Munksjö Italia S.p.A.
2023-04-27 02:00:00,0.0,IT.CAED/100752001.FACILITY,Ahlstrom-Munksjö Italia S.p.A.
2023-04-27 03:00:00,0.0,IT.CAED/100752001.FACILITY,Ahlstrom-Munksjö Italia S.p.A.
2023-04-27 04:00:00,0.0,IT.CAED/100752001.FACILITY,Ahlstrom-Munksjö Italia S.p.A.
2023-04-27 05:00:00,0.0,IT.CAED/100752001.FACILITY,Ahlstrom-Munksjö Italia S.p.A.
2023-04-27 06:00:00,0.0,IT.CAED/100752001.FACILITY,Ahlstrom-Munksjö Italia S.p.A.
2023-04-27 07:00:00,0.02736,IT.CAED/100752001.FACILITY,Ahlstrom-Munksjö Italia S.p.A.
2023-04-27 08:00:00,0.19529,IT.CAED/100752001.FACILITY,Ahlstrom-Munksjö Italia S.p.A.
2023-04-27 09:00:00,0.3422,IT.CAED/100752001.FACILITY,Ahlstrom-Munksjö Italia S.p.A.
2023-04-27 10:00:00,0.49137000000000003,IT.CAED/100752001.FACILITY,Ahlstrom-Munksjö Italia S.p.A.
2023-04-27 11:00:00,0.68299,IT.CAED/100752001.FACILITY,Ahlstrom-Munksjö Italia S.p.A.
2023-04-27 12:00:00,0.6337200000000001,IT.CAED/100752001.FACILITY,Ahlstrom-Munksjö Italia S.p.A.
2023-04-27 13:00:00,0.66686,IT.CAED/100752001.FACILITY,Ahlstrom-Munksjö Italia S.p.A.
2023-04-27 14:00:00,0.43976,IT.CAED/100752001.FACILITY,Ahlstrom-Munksjö Italia S.p.A.
2023-04-27 15:00:00,0.56579,IT.CAED/100752001.FACILITY,Ahlstrom-Munksjö Italia S.p.A.
2023-04-27 16:00:00,0.51086,IT.CAED/100752001.FACILITY,Ahlstrom-Munksjö Italia S.p.A.
2023-04-27 17:00:00,0.28352,IT.CAED/100752001.FACILITY,Ahlstrom-Munksjö Italia S.p.A.
2023-04-27 18:00:00,0.15466,IT.CAED/100752001.FACILITY,Ahlstrom-Munksjö Italia S.p.A.
2023-04-27 19:00:00,0.021,IT.CAED/100752001.FACILITY,Ahlstrom-Munksjö Italia S.p.A.
2023-04-27 20:00:00,0.0,IT.CAED/100752001.FACILITY,Ahlstrom-Munksjö Italia S.p.A.
2023-04-27 21:00:00,0.0,IT.CAED/100752001.FACILITY,Ahlstrom-Munksjö Italia S.p.A.
2023-04-27 22:00:00,0.0,IT.CAED/100752001.FACILITY,Ahlstrom-Munksjö Italia S.p.A.
2023-04-27 23:00:00,0.0,IT.CAED/100752001.FACILITY,Ahlstrom-Munksjö Italia S.p.A.
2023-04-28 00:00:00,0.0,IT.CAED/100752001.FACILITY,Ahlstrom-Munksjö Italia S.p.A.
2023-04-28 01:00:00,0.0,IT.CAED/100752001.FACILITY,Ahlstrom-Munksjö Italia S.p.A.
2023-04-28 02:00:00,0.0,IT.CAED/100752001.FACILITY,Ahlstrom-Munksjö Italia S.p.A.
2023-04-28 03:00:00,0.0,IT.CAED/100752001.FACILITY,Ahlstrom-Munksjö Italia S.p.A.
2023-04-28 04:00:00,0.0,IT.CAED/100752001.FACILITY,Ahlstrom-Munksjö Italia S.p.A.
2023-04-28 05:00:00,0.0,IT.CAED/100752001.FACILITY,Ahlstrom-Munksjö Italia S.p.A.
2023-04-28 06:00:00,0.00025,IT.CAED/100752001.FACILITY,Ahlstrom-Munksjö Italia S.p.A.
2023-04-28 07:00:00,0.02682,IT.CAED/100752001.FACILITY,Ahlstrom-Munksjö Italia S.p.A.
2023-04-28 08:00:00,0.19403,IT.CAED/100752001.FACILITY,Ahlstrom-Munksjö Italia S.p.A.
2023-04-28 09:00:00,0.42737,IT.CAED/100752001.FACILITY,Ahlstrom-Munksjö Italia S.p.A.
2023-04-28 10:00:00,0.64603,IT.CAED/100752001.FACILITY,Ahlstrom-Munksjö Italia S.p.A.
2023-04-28 11:00:00,0.77953,IT.CAED/100752001.FACILITY,Ahlstrom-Munksjö Italia S.p.A.
2023-04-28 12:00:00,0.73518,IT.CAED/100752001.FACILITY,Ahlstrom-Munksjö Italia S.p.A.
2023-04-28 13:00:00,0.70297,IT.CAED/100752001.FACILITY,Ahlstrom-Munksjö Italia S.p.A.
2023-04-28 14:00:00,0.79618,IT.CAED/100752001.FACILITY,Ahlstrom-Munksjö Italia S.p.A.
2023-04-28 15:00:00,0.70705,IT.CAED/100752001.FACILITY,Ahlstrom-Munksjö Italia S.p.A.
2023-04-28 16:00:00,0.60712,IT.CAED/100752001.FACILITY,Ahlstrom-Munksjö Italia S.p.A.
2023-04-28 17:00:00,0.32362,IT.CAED/100752001.FACILITY,Ahlstrom-Munksjö Italia S.p.A.
2023-04-28 18:00:00,0.15891999999999998,IT.CAED/100752001.FACILITY,Ahlstrom-Munksjö Italia S.p.A.
2023-04-28 19:00:00,0.03321,IT.CAED/100752001.FACILITY,Ahlstrom-Munksjö Italia S.p.A.
2023-04-28 20:00:00,0.0,IT.CAED/100752001.FACILITY,Ahlstrom-Munksjö Italia S.p.A.
2023-04-28 21:00:00,0.0,IT.CAED/100752001.FACILITY,Ahlstrom-Munksjö Italia S.p.A.
2023-04-28 22:00:00,0.0,IT.CAED/100752001.FACILITY,Ahlstrom-Munksjö Italia S.p.A.
2023-04-28 23:00:00,0.0,IT.CAED/100752001.FACILITY,Ahlstrom-Munksjö Italia S.p.A.
2023-04-29 00:00:00,0.0,IT.CAED/100752001.FACILITY,Ahlstrom-Munksjö Italia S.p.A.
2023-04-29 01:00:00,0.0,IT.CAED/100752001.FACILITY,Ahlstrom-Munksjö Italia S.p.A.
2023-04-29 02:00:00,0.0,IT.CAED/100752001.FACILITY,Ahlstrom-Munksjö Italia S.p.A.
2023-04-29 03:00:00,0.0,IT.CAED/100752001.FACILITY,Ahlstrom-Munksjö Italia S.p.A.
2023-04-29 04:00:00,0.0,IT.CAED/100752001.FACILITY,Ahlstrom-Munksjö Italia S.p.A.
2023-04-29 05:00:00,0.0,IT.CAED/100752001.FACILITY,Ahlstrom-Munksjö Italia S.p.A.
2023-04-29 06:00:00,0.0,IT.CAED/100752001.FACILITY,Ahlstrom-Munksjö Italia S.p.A.
2023-04-29 07:00:00,0.03563,IT.CAED/100752001.FACILITY,Ahlstrom-Munksjö Italia S.p.A.
2023-04-29 08:00:00,0.15443,IT.CAED/100752001.FACILITY,Ahlstrom-Munksjö Italia S.p.A.
2023-04-29 09:00:00,0.25293,IT.CAED/100752001.FACILITY,Ahlstrom-Munksjö Italia S.p.A.
2023-04-29 10:00:00,0.40404,IT.CAED/100752001.FACILITY,Ahlstrom-Munksjö Italia S.p.A.
2023-04-29 11:00:00,0.51685,IT.CAED/100752001.FACILITY,Ahlstrom-Munksjö Italia S.p.A.
2023-04-29 12:00:00,0.61511,IT.CAED/100752001.FACILITY,Ahlstrom-Munksjö Italia S.p.A.
2023-04-29 13:00:00,0.51189,IT.CAED/100752001.FACILITY,Ahlstrom-Munksjö Italia S.p.A.
2023-04-29 14:00:00,0.45277999999999996,IT.CAED/100752001.FACILITY,Ahlstrom-Munksjö Italia S.p.A.
2023-04-29 15:00:00,0.27149,IT.CAED/100752001.FACILITY,Ahlstrom-Munksjö Italia S.p.A.
2023-04-29 16:00:00,0.21084999999999998,IT.CAED/100752001.FACILITY,Ahlstrom-Munksjö Italia S.p.A.
2023-04-29 17:00:00,0.16438999999999998,IT.CAED/100752001.FACILITY,Ahlstrom-Munksjö Italia S.p.A.
2023-04-29 18:00:00,0.08419,IT.CAED/100752001.FACILITY,Ahlstrom-Munksjö Italia S.p.A.
2023-04-29 19:00:00,0.02379,IT.CAED/100752001.FACILITY,Ahlstrom-Munksjö Italia S.p.A.
2023-04-29 20:00:00,0.0,IT.CAED/100752001.FACILITY,Ahlstrom-Munksjö Italia S.p.A.
2023-04-29 21:00:00,0.0,IT.CAED/100752001.FACILITY,Ahlstrom-Munksjö Italia S.p.A.
2023-04-29 22:00:00,0.0,IT.CAED/100752001.FACILITY,Ahlstrom-Munksjö Italia S.p.A.
2023-04-29 23:00:00,0.0,IT.CAED/100752001.FACILITY,Ahlstrom-Munksjö Italia S.p.A.
2023-04-30 00:00:00,0.0,IT.CAED/100752001.FACILITY,Ahlstrom-Munksjö Italia S.p.A.
2023-04-30 01:00:00,0.0,IT.CAED/100752001.FACILITY,Ahlstrom-Munksjö Italia S.p.A.
2023-04-30 02:00:00,0.0,IT.CAED/100752001.FACILITY,Ahlstrom-Munksjö Italia S.p.A.
2023-04-30 03:00:00,0.0,IT.CAED/100752001.FACILITY,Ahlstrom-Munksjö Italia S.p.A.
2023-04-30 04:00:00,0.0,IT.CAED/100752001.FACILITY,Ahlstrom-Munksjö Italia S.p.A.
2023-04-30 05:00:00,0.0,IT.CAED/100752001.FACILITY,Ahlstrom-Munksjö Italia S.p.A.
2023-04-30 06:00:00,0.0,IT.CAED/100752001.FACILITY,Ahlstrom-Munksjö Italia S.p.A.
2023-04-30 07:00:00,0.01267,IT.CAED/100752001.FACILITY,Ahlstrom-Munksjö Italia S.p.A.
2023-04-30 08:00:00,0.02745,IT.CAED/100752001.FACILITY,Ahlstrom-Munksjö Italia S.p.A.
2023-04-30 09:00:00,0.04112,IT.CAED/100752001.FACILITY,Ahlstrom-Munksjö Italia S.p.A.
2023-04-30 10:00:00,0.07636,IT.CAED/100752001.FACILITY,Ahlstrom-Munksjö Italia S.p.A.
2023-04-30 11:00:00,0.11253,IT.CAED/100752001.FACILITY,Ahlstrom-Munksjö Italia S.p.A.
2023-04-30 12:00:00,0.12859,IT.CAED/100752001.FACILITY,Ahlstrom-Munksjö Italia S.p.A.
2023-04-30 13:00:00,0.16613999999999998,IT.CAED/100752001.FACILITY,Ahlstrom-Munksjö Italia S.p.A.
2023-04-30 14:00:00,0.21258000000000002,IT.CAED/100752001.FACILITY,Ahlstrom-Munksjö Italia S.p.A.
2023-04-30 15:00:00,0.1825,IT.CAED/100752001.FACILITY,Ahlstrom-Munksjö Italia S.p.A.
2023-04-30 16:00:00,0.13383,IT.CAED/100752001.FACILITY,Ahlstrom-Munksjö Italia S.p.A.
2023-04-30 17:00:00,0.1035,IT.CAED/100752001.FACILITY,Ahlstrom-Munksjö Italia S.p.A.
2023-04-30 18:00:00,0.048369999999999996,IT.CAED/100752001.FACILITY,Ahlstrom-Munksjö Italia S.p.A.
2023-04-30 19:00:00,0.01019,IT.CAED/100752001.FACILITY,Ahlstrom-Munksjö Italia S.p.A.
2023-04-30 20:00:00,0.0,IT.CAED/100752001.FACILITY,Ahlstrom-Munksjö Italia S.p.A.
2023-04-30 21:00:00,0.0,IT.CAED/100752001.FACILITY,Ahlstrom-Munksjö Italia S.p.A.
2023-04-30 22:00:00,0.0,IT.CAED/100752001.FACILITY,Ahlstrom-Munksjö Italia S.p.A.
2023-04-30 23:00:00,0.0,IT.CAED/100752001.FACILITY,Ahlstrom-Munksjö Italia S.p.A.
2023-05-01 00:00:00,0.0,IT.CAED/100752001.FACILITY,Ahlstrom-Munksjö Italia S.p.A.
2023-05-01 01:00:00,0.0,IT.CAED/100752001.FACILITY,Ahlstrom-Munksjö Italia S.p.A.
2023-05-01 02:00:00,0.0,IT.CAED/100752001.FACILITY,Ahlstrom-Munksjö Italia S.p.A.
2023-05-01 03:00:00,0.0,IT.CAED/100752001.FACILITY,Ahlstrom-Munksjö Italia S.p.A.
2023-05-01 04:00:00,0.0,IT.CAED/100752001.FACILITY,Ahlstrom-Munksjö Italia S.p.A.
2023-05-01 05:00:00,0.0,IT.CAED/100752001.FACILITY,Ahlstrom-Munksjö Italia S.p.A.
2023-05-01 06:00:00,0.0,IT.CAED/100752001.FACILITY,Ahlstrom-Munksjö Italia S.p.A.
2023-05-01 07:00:00,0.00619,IT.CAED/100752001.FACILITY,Ahlstrom-Munksjö Italia S.p.A.
2023-05-01 08:00:00,0.016030000000000003,IT.CAED/100752001.FACILITY,Ahlstrom-Munksjö Italia S.p.A.
2023-05-01 09:00:00,0.05504,IT.CAED/100752001.FACILITY,Ahlstrom-Munksjö Italia S.p.A.
2023-05-01 10:00:00,0.04854,IT.CAED/100752001.FACILITY,Ahlstrom-Munksjö Italia S.p.A.
2023-05-01 11:00:00,0.06986,IT.CAED/100752001.FACILITY,Ahlstrom-Munksjö Italia S.p.A.
2023-05-01 12:00:00,0.05054,IT.CAED/100752001.FACILITY,Ahlstrom-Munksjö Italia S.p.A.
2023-05-01 13:00:00,0.0943,IT.CAED/100752001.FACILITY,Ahlstrom-Munksjö Italia S.p.A.
2023-05-01 14:00:00,0.14129,IT.CAED/100752001.FACILITY,Ahlstrom-Munksjö Italia S.p.A.
2023-05-01 15:00:00,0.18577000000000002,IT.CAED/100752001.FACILITY,Ahlstrom-Munksjö Italia S.p.A.
2023-05-01 16:00:00,0.09340000000000001,IT.CAED/100752001.FACILITY,Ahlstrom-Munksjö Italia S.p.A.
2023-05-01 17:00:00,0.06802,IT.CAED/100752001.FACILITY,Ahlstrom-Munksjö Italia S.p.A.
2023-05-01 18:00:00,0.06128,IT.CAED/100752001.FACILITY,Ahlstrom-Munksjö Italia S.p.A.
2023-05-01 19:00:00,0.01789,IT.CAED/100752001.FACILITY,Ahlstrom-Munksjö Italia S.p.A.
2023-05-01 20:00:00,0.0,IT.CAED/100752001.FACILITY,Ahlstrom-Munksjö Italia S.p.A.
2023-05-01 21:00:00,0.0,IT.CAED/100752001.FACILITY,Ahlstrom-Munksjö Italia S.p.A.
2023-05-01 22:00:00,0.0,IT.CAED/100752001.FACILITY,Ahlstrom-Munksjö Italia S.p.A.
2023-05-01 23:00:00,0.0,IT.CAED/100752001.FACILITY,Ahlstrom-Munksjö Italia S.p.A.
2023-05-02 00:00:00,0.0,IT.CAED/100752001.FACILITY,Ahlstrom-Munksjö Italia S.p.A.
2023-05-02 01:00:00,0.0,IT.CAED/100752001.FACILITY,Ahlstrom-Munksjö Italia S.p.A.
2023-05-02 02:00:00,0.0,IT.CAED/100752001.FACILITY,Ahlstrom-Munksjö Italia S.p.A.
2023-05-02 03:00:00,0.0,IT.CAED/100752001.FACILITY,Ahlstrom-Munksjö Italia S.p.A.
2023-05-02 04:00:00,0.0,IT.CAED/100752001.FACILITY,Ahlstrom-Munksjö Italia S.p.A.
2023-05-02 05:00:00,0.0,IT.CAED/100752001.FACILITY,Ahlstrom-Munksjö Italia S.p.A.
2023-05-02 06:00:00,0.00106,IT.CAED/100752001.FACILITY,Ahlstrom-Munksjö Italia S.p.A.
2023-05-02 07:00:00,0.03138,IT.CAED/100752001.FACILITY,Ahlstrom-Munksjö Italia S.p.A.
2023-05-02 08:00:00,0.20576,IT.CAED/100752001.FACILITY,Ahlstrom-Munksjö Italia S.p.A.
2023-05-02 09:00:00,0.45033,IT.CAED/100752001.FACILITY,Ahlstrom-Munksjö Italia S.p.A.
2023-05-02 10:00:00,0.65587,IT.CAED/100752001.FACILITY,Ahlstrom-Munksjö Italia S.p.A.
2023-05-02 11:00:00,0.78915,IT.CAED/100752001.FACILITY,Ahlstrom-Munksjö Italia S.p.A.
2023-05-02 12:00:00,0.84701,IT.CAED/100752001.FACILITY,Ahlstrom-Munksjö Italia S.p.A.
2023-05-02 13:00:00,0.87848,IT.CAED/100752001.FACILITY,Ahlstrom-Munksjö Italia S.p.A.
2023-05-02 14:00:00,0.8354400000000001,IT.CAED/100752001.FACILITY,Ahlstrom-Munksjö Italia S.p.A.
2023-05-02 15:00:00,0.71517,IT.CAED/100752001.FACILITY,Ahlstrom-Munksjö Italia S.p.A.
2023-05-02 16:00:00,0.56414,IT.CAED/100752001.FACILITY,Ahlstrom-Munksjö Italia S.p.A.
2023-05-02 17:00:00,0.34708999999999995,IT.CAED/100752001.FACILITY,Ahlstrom-Munksjö Italia S.p.A.
2023-05-02 18:00:00,0.17173,IT.CAED/100752001.FACILITY,Ahlstrom-Munksjö Italia S.p.A.
2023-05-02 19:00:00,0.021929999999999998,IT.CAED/100752001.FACILITY,Ahlstrom-Munksjö Italia S.p.A.
2023-05-02 20:00:00,0.0,IT.CAED/100752001.FACILITY,Ahlstrom-Munksjö Italia S.p.A.
2023-05-02 21:00:00,0.0,IT.CAED/100752001.FACILITY,Ahlstrom-Munksjö Italia S.p.A.
2023-05-02 22:00:00,0.0,IT.CAED/100752001.FACILITY,Ahlstrom-Munksjö Italia S.p.A.
2023-05-02 23:00:00,0.0,IT.CAED/100752001.FACILITY,Ahlstrom-Munksjö Italia S.p.A.
2023-05-03 00:00:00,0.0,IT.CAED/100752001.FACILITY,Ahlstrom-Munksjö Italia S.p.A.
2023-05-03 01:00:00,0.0,IT.CAED/100752001.FACILITY,Ahlstrom-Munksjö Italia S.p.A.
2023-05-03 02:00:00,0.0,IT.CAED/100752001.FACILITY,Ahlstrom-Munksjö Italia S.p.A.
2023-05-03 03:00:00,0.0,IT.CAED/100752001.FACILITY,Ahlstrom-Munksjö Italia S.p.A.
2023-05-03 04:00:00,0.0,IT.CAED/100752001.FACILITY,Ahlstrom-Munksjö Italia S.p.A.
2023-05-03 05:00:00,0.0,IT.CAED/100752001.FACILITY,Ahlstrom-Munksjö Italia S.p.A.
2023-05-03 06:00:00,0.0,IT.CAED/100752001.FACILITY,Ahlstrom-Munksjö Italia S.p.A.
2023-05-03 07:00:00,0.017839999999999998,IT.CAED/100752001.FACILITY,Ahlstrom-Munksjö Italia S.p.A.
2023-05-03 08:00:00,0.18311000000000002,IT.CAED/100752001.FACILITY,Ahlstrom-Munksjö Italia S.p.A.
2023-05-03 09:00:00,0.41197,IT.CAED/100752001.FACILITY,Ahlstrom-Munksjö Italia S.p.A.
2023-05-03 10:00:00,0.59545,IT.CAED/100752001.FACILITY,Ahlstrom-Munksjö Italia S.p.A.
2023-05-03 11:00:00,0.57937,IT.CAED/100752001.FACILITY,Ahlstrom-Munksjö Italia S.p.A.
2023-05-03 12:00:00,0.5982799999999999,IT.CAED/100752001.FACILITY,Ahlstrom-Munksjö Italia S.p.A.
2023-05-03 13:00:00,0.49713999999999997,IT.CAED/100752001.FACILITY,Ahlstrom-Munksjö Italia S.p.A.
2023-05-03 14:00:00,0.6000700000000001,IT.CAED/100752001.FACILITY,Ahlstrom-Munksjö Italia S.p.A.
2023-05-03 15:00:00,0.5541,IT.CAED/100752001.FACILITY,Ahlstrom-Munksjö Italia S.p.A.
2023-05-03 16:00:00,0.54967,IT.CAED/100752001.FACILITY,Ahlstrom-Munksjö Italia S.p.A.
2023-05-03 17:00:00,0.39450999999999997,IT.CAED/100752001.FACILITY,Ahlstrom-Munksjö Italia S.p.A.
2023-05-03 18:00:00,0.15356,IT.CAED/100752001.FACILITY,Ahlstrom-Munksjö Italia S.p.A.
2023-05-03 19:00:00,0.02905,IT.CAED/100752001.FACILITY,Ahlstrom-Munksjö Italia S.p.A.
2023-05-03 20:00:00,0.00016,IT.CAED/100752001.FACILITY,Ahlstrom-Munksjö Italia S.p.A.
2023-05-03 21:00:00,0.0,IT.CAED/100752001.FACILITY,Ahlstrom-Munksjö Italia S.p.A.
2023-05-03 22:00:00,0.0,IT.CAED/100752001.FACILITY,Ahlstrom-Munksjö Italia S.p.A.
2023-05-03 23:00:00,0.0,IT.CAED/100752001.FACILITY,Ahlstrom-Munksjö Italia S.p.A.
2023-05-04 00:00:00,0.0,IT.CAED/100752001.FACILITY,Ahlstrom-Munksjö Italia S.p.A.
2023-05-04 01:00:00,0.0,IT.CAED/100752001.FACILITY,Ahlstrom-Munksjö Italia S.p.A.
2023-05-04 02:00:00,0.0,IT.CAED/100752001.FACILITY,Ahlstrom-Munksjö Italia S.p.A.
2023-05-04 03:00:00,0.0,IT.CAED/100752001.FACILITY,Ahlstrom-Munksjö Italia S.p.A.
2023-05-04 04:00:00,0.0,IT.CAED/100752001.FACILITY,Ahlstrom-Munksjö Italia S.p.A.
2023-05-04 05:00:00,0.0,IT.CAED/100752001.FACILITY,Ahlstrom-Munksjö Italia S.p.A.
2023-05-04 06:00:00,0.0008,IT.CAED/100752001.FACILITY,Ahlstrom-Munksjö Italia S.p.A.
2023-05-04 07:00:00,0.014839999999999999,IT.CAED/100752001.FACILITY,Ahlstrom-Munksjö Italia S.p.A.
2023-05-04 08:00:00,0.06451000000000001,IT.CAED/100752001.FACILITY,Ahlstrom-Munksjö Italia S.p.A.
2023-05-04 09:00:00,0.18278999999999998,IT.CAED/100752001.FACILITY,Ahlstrom-Munksjö Italia S.p.A.
2023-05-04 10:00:00,0.3917,IT.CAED/100752001.FACILITY,Ahlstrom-Munksjö Italia S.p.A.
2023-05-04 11:00:00,0.48711,IT.CAED/100752001.FACILITY,Ahlstrom-Munksjö Italia S.p.A.
2023-05-04 12:00:00,0.50217,IT.CAED/100752001.FACILITY,Ahlstrom-Munksjö Italia S.p.A.
2023-05-04 13:00:00,0.60664,IT.CAED/100752001.FACILITY,Ahlstrom-Munksjö Italia S.p.A.
2023-05-04 14:00:00,0.59015,IT.CAED/100752001.FACILITY,Ahlstrom-Munksjö Italia S.p.A.
2023-05-04 15:00:00,0.5863200000000001,IT.CAED/100752001.FACILITY,Ahlstrom-Munksjö Italia S.p.A.
2023-05-04 16:00:00,0.48664999999999997,IT.CAED/100752001.FACILITY,Ahlstrom-Munksjö Italia S.p.A.
2023-05-04 17:00:00,0.30016000000000004,IT.CAED/100752001.FACILITY,Ahlstrom-Munksjö Italia S.p.A.
2023-05-04 18:00:00,0.15209,IT.CAED/100752001.FACILITY,Ahlstrom-Munksjö Italia S.p.A.
2023-05-04 19:00:00,0.02687,IT.CAED/100752001.FACILITY,Ahlstrom-Munksjö Italia S.p.A.
2023-05-04 20:00:00,2e-05,IT.CAED/100752001.FACILITY,Ahlstrom-Munksjö Italia S.p.A.
2023-05-04 21:00:00,0.0,IT.CAED/100752001.FACILITY,Ahlstrom-Munksjö Italia S.p.A.
2023-05-04 22:00:00,0.0,IT.CAED/100752001.FACILITY,Ahlstrom-Munksjö Italia S.p.A.
2023-05-04 23:00:00,0.0,IT.CAED/100752001.FACILITY,Ahlstrom-Munksjö Italia S.p.A.
2023-05-05 00:00:00,0.0,IT.CAED/100752001.FACILITY,Ahlstrom-Munksjö Italia S.p.A.
2023-05-05 01:00:00,0.0,IT.CAED/100752001.FACILITY,Ahlstrom-Munksjö Italia S.p.A.
2023-05-05 02:00:00,0.0,IT.CAED/100752001.FACILITY,Ahlstrom-Munksjö Italia S.p.A.
2023-05-05 03:00:00,0.0,IT.CAED/100752001.FACILITY,Ahlstrom-Munksjö Italia S.p.A.
2023-05-05 04:00:00,0.0,IT.CAED/100752001.FACILITY,Ahlstrom-Munksjö Italia S.p.A.
2023-05-05 05:00:00,0.0,IT.CAED/100752001.FACILITY,Ahlstrom-Munksjö Italia S.p.A.
2023-05-05 06:00:00,0.00025,IT.CAED/100752001.FACILITY,Ahlstrom-Munksjö Italia S.p.A.
2023-05-05 07:00:00,0.022420000000000002,IT.CAED/100752001.FACILITY,Ahlstrom-Munksjö Italia S.p.A.
2023-05-05 08:00:00,0.09354000000000001,IT.CAED/100752001.FACILITY,Ahlstrom-Munksjö Italia S.p.A.
2023-05-05 09:00:00,0.21975999999999998,IT.CAED/100752001.FACILITY,Ahlstrom-Munksjö Italia S.p.A.
2023-05-05 10:00:00,0.37967,IT.CAED/100752001.FACILITY,Ahlstrom-Munksjö Italia S.p.A.
2023-05-05 11:00:00,0.45231,IT.CAED/100752001.FACILITY,Ahlstrom-Munksjö Italia S.p.A.
2023-05-05 12:00:00,0.48055000000000003,IT.CAED/100752001.FACILITY,Ahlstrom-Munksjö Italia S.p.A.
2023-05-05 13:00:00,0.50885,IT.CAED/100752001.FACILITY,Ahlstrom-Munksjö Italia S.p.A.
2023-05-05 14:00:00,0.41411000000000003,IT.CAED/100752001.FACILITY,Ahlstrom-Munksjö Italia S.p.A.
2023-05-05 15:00:00,0.47847,IT.CAED/100752001.FACILITY,Ahlstrom-Munksjö Italia S.p.A.
2023-05-05 16:00:00,0.53228,IT.CAED/100752001.FACILITY,Ahlstrom-Munksjö Italia S.p.A.
2023-05-05 17:00:00,0.36161,IT.CAED/100752001.FACILITY,Ahlstrom-Munksjö Italia S.p.A.
2023-05-05 18:00:00,0.14409,IT.CAED/100752001.FACILITY,Ahlstrom-Munksjö Italia S.p.A.
2023-05-05 19:00:00,0.03102,IT.CAED/100752001.FACILITY,Ahlstrom-Munksjö Italia S.p.A.
2023-05-05 20:00:00,0.00027,IT.CAED/100752001.FACILITY,Ahlstrom-Munksjö Italia S.p.A.
2023-05-05 21:00:00,0.0,IT.CAED/100752001.FACILITY,Ahlstrom-Munksjö Italia S.p.A.
2023-05-05 22:00:00,0.0,IT.CAED/100752001.FACILITY,Ahlstrom-Munksjö Italia S.p.A.
2023-05-05 23:00:00,0.0,IT.CAED/100752001.FACILITY,Ahlstrom-Munksjö Italia S.p.A.
2023-05-06 00:00:00,0.0,IT.CAED/100752001.FACILITY,Ahlstrom-Munksjö Italia S.p.A.
2023-05-06 01:00:00,0.0,IT.CAED/100752001.FACILITY,Ahlstrom-Munksjö Italia S.p.A.
2023-05-06 02:00:00,0.0,IT.CAED/100752001.FACILITY,Ahlstrom-Munksjö Italia S.p.A.
2023-05-06 03:00:00,0.0,IT.CAED/100752001.FACILITY,Ahlstrom-Munksjö Italia S.p.A.
2023-05-06 04:00:00,0.0,IT.CAED/100752001.FACILITY,Ahlstrom-Munksjö Italia S.p.A.
2023-05-06 05:00:00,0.0,IT.CAED/100752001.FACILITY,Ahlstrom-Munksjö Italia S.p.A.
2023-05-06 06:00:00,0.00233,IT.CAED/100752001.FACILITY,Ahlstrom-Munksjö Italia S.p.A.
2023-05-06 07:00:00,0.027649999999999997,IT.CAED/100752001.FACILITY,Ahlstrom-Munksjö Italia S.p.A.
2023-05-06 08:00:00,0.18594999999999998,IT.CAED/100752001.FACILITY,Ahlstrom-Munksjö Italia S.p.A.
2023-05-06 09:00:00,0.38077,IT.CAED/100752001.FACILITY,Ahlstrom-Munksjö Italia S.p.A.
2023-05-06 10:00:00,0.58347,IT.CAED/100752001.FACILITY,Ahlstrom-Munksjö Italia S.p.A.
2023-05-06 11:00:00,0.70769,IT.CAED/100752001.FACILITY,Ahlstrom-Munksjö Italia S.p.A.
2023-05-06 12:00:00,0.79701,IT.CAED/100752001.FACILITY,Ahlstrom-Munksjö Italia S.p.A.
2023-05-06 13:00:00,0.70468,IT.CAED/100752001.FACILITY,Ahlstrom-Munksjö Italia S.p.A.
2023-05-06 14:00:00,0.5574,IT.CAED/100752001.FACILITY,Ahlstrom-Munksjö Italia S.p.A.
2023-05-06 15:00:00,0.57677,IT.CAED/100752001.FACILITY,Ahlstrom-Munksjö Italia S.p.A.
2023-05-06 16:00:00,0.47594,IT.CAED/100752001.FACILITY,Ahlstrom-Munksjö Italia S.p.A.
2023-05-06 17:00:00,0.30726,IT.CAED/100752001.FACILITY,Ahlstrom-Munksjö Italia S.p.A.
2023-05-06 18:00:00,0.13440000000000002,IT.CAED/100752001.FACILITY,Ahlstrom-Munksjö Italia S.p.A.
2023-05-06 19:00:00,0.0293,IT.CAED/100752001.FACILITY,Ahlstrom-Munksjö Italia S.p.A.
2023-05-06 20:00:00,0.00023,IT.CAED/100752001.FACILITY,Ahlstrom-Munksjö Italia S.p.A.
2023-05-06 21:00:00,0.0,IT.CAED/100752001.FACILITY,Ahlstrom-Munksjö Italia S.p.A.
2023-05-06 22:00:00,0.0,IT.CAED/100752001.FACILITY,Ahlstrom-Munksjö Italia S.p.A.
2023-05-06 23:00:00,0.0,IT.CAED/100752001.FACILITY,Ahlstrom-Munksjö Italia S.p.A.
2023-05-07 00:00:00,0.0,IT.CAED/100752001.FACILITY,Ahlstrom-Munksjö Italia S.p.A.
2023-05-07 01:00:00,0.0,IT.CAED/100752001.FACILITY,Ahlstrom-Munksjö Italia S.p.A.
2023-05-07 02:00:00,0.0,IT.CAED/100752001.FACILITY,Ahlstrom-Munksjö Italia S.p.A.
2023-05-07 03:00:00,0.0,IT.CAED/100752001.FACILITY,Ahlstrom-Munksjö Italia S.p.A.
2023-05-07 04:00:00,0.0,IT.CAED/100752001.FACILITY,Ahlstrom-Munksjö Italia S.p.A.
2023-05-07 05:00:00,0.0,IT.CAED/100752001.FACILITY,Ahlstrom-Munksjö Italia S.p.A.
2023-05-07 06:00:00,0.00369,IT.CAED/100752001.FACILITY,Ahlstrom-Munksjö Italia S.p.A.
2023-05-07 07:00:00,0.048049999999999995,IT.CAED/100752001.FACILITY,Ahlstrom-Munksjö Italia S.p.A.
2023-05-07 08:00:00,0.14263,IT.CAED/100752001.FACILITY,Ahlstrom-Munksjö Italia S.p.A.
2023-05-07 09:00:00,0.30877,IT.CAED/100752001.FACILITY,Ahlstrom-Munksjö Italia S.p.A.
2023-05-07 10:00:00,0.39433999999999997,IT.CAED/100752001.FACILITY,Ahlstrom-Munksjö Italia S.p.A.
2023-05-07 11:00:00,0.51964,IT.CAED/100752001.FACILITY,Ahlstrom-Munksjö Italia S.p.A.
2023-05-07 12:00:00,0.57048,IT.CAED/100752001.FACILITY,Ahlstrom-Munksjö Italia S.p.A.
2023-05-07 13:00:00,0.43633,IT.CAED/100752001.FACILITY,Ahlstrom-Munksjö Italia S.p.A.
2023-05-07 14:00:00,0.41908,IT.CAED/100752001.FACILITY,Ahlstrom-Munksjö Italia S.p.A.
2023-05-07 15:00:00,0.23547,IT.CAED/100752001.FACILITY,Ahlstrom-Munksjö Italia S.p.A.
2023-05-07 16:00:00,0.24261000000000002,IT.CAED/100752001.FACILITY,Ahlstrom-Munksjö Italia S.p.A.
2023-05-07 17:00:00,0.16944,IT.CAED/100752001.FACILITY,Ahlstrom-Munksjö Italia S.p.A.
2023-05-07 18:00:00,0.08258,IT.CAED/100752001.FACILITY,Ahlstrom-Munksjö Italia S.p.A.
2023-05-07 19:00:00,0.03337,IT.CAED/100752001.FACILITY,Ahlstrom-Munksjö Italia S.p.A.
2023-05-07 20:00:00,8.999999999999999e-05,IT.CAED/100752001.FACILITY,Ahlstrom-Munksjö Italia S.p.A.
2023-05-07 21:00:00,0.0,IT.CAED/100752001.FACILITY,Ahlstrom-Munksjö Italia S.p.A.
2023-05-07 22:00:00,0.0,IT.CAED/100752001.FACILITY,Ahlstrom-Munksjö Italia S.p.A.
2023-05-07 23:00:00,0.0,IT.CAED/100752001.FACILITY,Ahlstrom-Munksjö Italia S.p.A.
2023-05-08 00:00:00,0.0,IT.CAED/100752001.FACILITY,Ahlstrom-Munksjö Italia S.p.A.
2023-05-08 01:00:00,0.0,IT.CAED/100752001.FACILITY,Ahlstrom-Munksjö Italia S.p.A.
2023-05-08 02:00:00,0.0,IT.CAED/100752001.FACILITY,Ahlstrom-Munksjö Italia S.p.A.
2023-05-08 03:00:00,0.0,IT.CAED/100752001.FACILITY,Ahlstrom-Munksjö Italia S.p.A.
2023-05-08 04:00:00,0.0,IT.CAED/100752001.FACILITY,Ahlstrom-Munksjö Italia S.p.A.
2023-05-08 05:00:00,0.0,IT.CAED/100752001.FACILITY,Ahlstrom-Munksjö Italia S.p.A.
2023-05-08 06:00:00,0.0024700000000000004,IT.CAED/100752001.FACILITY,Ahlstrom-Munksjö Italia S.p.A.
2023-05-08 07:00:00,0.03372,IT.CAED/100752001.FACILITY,Ahlstrom-Munksjö Italia S.p.A.
2023-05-08 08:00:00,0.17246,IT.CAED/100752001.FACILITY,Ahlstrom-Munksjö Italia S.p.A.
2023-05-08 09:00:00,0.31617,IT.CAED/100752001.FACILITY,Ahlstrom-Munksjö Italia S.p.A.
2023-05-08 10:00:00,0.5129400000000001,IT.CAED/100752001.FACILITY,Ahlstrom-Munksjö Italia S.p.A.
2023-05-08 11:00:00,0.7271,IT.CAED/100752001.FACILITY,Ahlstrom-Munksjö Italia S.p.A.
2023-05-08 12:00:00,0.71409,IT.CAED/100752001.FACILITY,Ahlstrom-Munksjö Italia S.p.A.
2023-05-08 13:00:00,0.75693,IT.CAED/100752001.FACILITY,Ahlstrom-Munksjö Italia S.p.A.
2023-05-08 14:00:00,0.5997,IT.CAED/100752001.FACILITY,Ahlstrom-Munksjö Italia S.p.A.
2023-05-08 15:00:00,0.6149600000000001,IT.CAED/100752001.FACILITY,Ahlstrom-Munksjö Italia S.p.A.
2023-05-08 16:00:00,0.42786,IT.CAED/100752001.FACILITY,Ahlstrom-Munksjö Italia S.p.A.
2023-05-08 17:00:00,0.23681,IT.CAED/100752001.FACILITY,Ahlstrom-Munksjö Italia S.p.A.
2023-05-08 18:00:00,0.14498,IT.CAED/100752001.FACILITY,Ahlstrom-Munksjö Italia S.p.A.
2023-05-08 19:00:00,0.0222,IT.CAED/100752001.FACILITY,Ahlstrom-Munksjö Italia S.p.A.
2023-05-08 20:00:00,8e-05,IT.CAED/100752001.FACILITY,Ahlstrom-Munksjö Italia S.p.A.
2023-05-08 21:00:00,0.0,IT.CAED/100752001.FACILITY,Ahlstrom-Munksjö Italia S.p.A.
2023-05-08 22:00:00,0.0,IT.CAED/100752001.FACILITY,Ahlstrom-Munksjö Italia S.p.A.
2023-05-08 23:00:00,0.0,IT.CAED/100752001.FACILITY,Ahlstrom-Munksjö Italia S.p.A.
2023-05-09 00:00:00,0.0,IT.CAED/100752001.FACILITY,Ahlstrom-Munksjö Italia S.p.A.
2023-05-09 01:00:00,0.0,IT.CAED/100752001.FACILITY,Ahlstrom-Munksjö Italia S.p.A.
2023-05-09 02:00:00,0.0,IT.CAED/100752001.FACILITY,Ahlstrom-Munksjö Italia S.p.A.
2023-05-09 03:00:00,0.0,IT.CAED/100752001.FACILITY,Ahlstrom-Munksjö Italia S.p.A.
2023-05-09 04:00:00,0.0,IT.CAED/100752001.FACILITY,Ahlstrom-Munksjö Italia S.p.A.
2023-05-09 05:00:00,0.0,IT.CAED/100752001.FACILITY,Ahlstrom-Munksjö Italia S.p.A.
2023-05-09 06:00:00,0.00049,IT.CAED/100752001.FACILITY,Ahlstrom-Munksjö Italia S.p.A.
2023-05-09 07:00:00,0.01094,IT.CAED/100752001.FACILITY,Ahlstrom-Munksjö Italia S.p.A.
2023-05-09 08:00:00,0.05095,IT.CAED/100752001.FACILITY,Ahlstrom-Munksjö Italia S.p.A.
2023-05-09 09:00:00,0.12053,IT.CAED/100752001.FACILITY,Ahlstrom-Munksjö Italia S.p.A.
2023-05-09 10:00:00,0.14751,IT.CAED/100752001.FACILITY,Ahlstrom-Munksjö Italia S.p.A.
2023-05-09 11:00:00,0.17393,IT.CAED/100752001.FACILITY,Ahlstrom-Munksjö Italia S.p.A.
2023-05-09 12:00:00,0.15313,IT.CAED/100752001.FACILITY,Ahlstrom-Munksjö Italia S.p.A.
2023-05-09 13:00:00,0.1611,IT.CAED/100752001.FACILITY,Ahlstrom-Munksjö Italia S.p.A.
2023-05-09 14:00:00,0.16674,IT.CAED/100752001.FACILITY,Ahlstrom-Munksjö Italia S.p.A.
2023-05-09 15:00:00,0.1303,IT.CAED/100752001.FACILITY,Ahlstrom-Munksjö Italia S.p.A.
2023-05-09 16:00:00,0.15130000000000002,IT.CAED/100752001.FACILITY,Ahlstrom-Munksjö Italia S.p.A.
2023-05-09 17:00:00,0.06843,IT.CAED/100752001.FACILITY,Ahlstrom-Munksjö Italia S.p.A.
2023-05-09 18:00:00,0.019030000000000002,IT.CAED/100752001.FACILITY,Ahlstrom-Munksjö Italia S.p.A.
2023-05-09 19:00:00,0.0007,IT.CAED/100752001.FACILITY,Ahlstrom-Munksjö Italia S.p.A.
2023-05-09 20:00:00,0.0,IT.CAED/100752001.FACILITY,Ahlstrom-Munksjö Italia S.p.A.
2023-05-09 21:00:00,0.0,IT.CAED/100752001.FACILITY,Ahlstrom-Munksjö Italia S.p.A.
2023-05-09 22:00:00,0.0,IT.CAED/100752001.FACILITY,Ahlstrom-Munksjö Italia S.p.A.
2023-05-09 23:00:00,0.0,IT.CAED/100752001.FACILITY,Ahlstrom-Munksjö Italia S.p.A.
2023-05-10 00:00:00,0.0,IT.CAED/100752001.FACILITY,Ahlstrom-Munksjö Italia S.p.A.
2023-05-10 01:00:00,0.0,IT.CAED/100752001.FACILITY,Ahlstrom-Munksjö Italia S.p.A.
2023-05-10 02:00:00,0.0,IT.CAED/100752001.FACILITY,Ahlstrom-Munksjö Italia S.p.A.
2023-05-10 03:00:00,0.0,IT.CAED/100752001.FACILITY,Ahlstrom-Munksjö Italia S.p.A.
2023-05-10 04:00:00,0.0,IT.CAED/100752001.FACILITY,Ahlstrom-Munksjö Italia S.p.A.
2023-05-10 05:00:00,0.0,IT.CAED/100752001.FACILITY,Ahlstrom-Munksjö Italia S.p.A.
2023-05-10 06:00:00,0.0022,IT.CAED/100752001.FACILITY,Ahlstrom-Munksjö Italia S.p.A.
2023-05-10 07:00:00,0.02624,IT.CAED/100752001.FACILITY,Ahlstrom-Munksjö Italia S.p.A.
2023-05-10 08:00:00,0.1469,IT.CAED/100752001.FACILITY,Ahlstrom-Munksjö Italia S.p.A.
2023-05-10 09:00:00,0.34879000000000004,IT.CAED/100752001.FACILITY,Ahlstrom-Munksjö Italia S.p.A.
2023-05-10 10:00:00,0.44212,IT.CAED/100752001.FACILITY,Ahlstrom-Munksjö Italia S.p.A.
2023-05-10 11:00:00,0.52937,IT.CAED/100752001.FACILITY,Ahlstrom-Munksjö Italia S.p.A.
2023-05-10 12:00:00,0.53113,IT.CAED/100752001.FACILITY,Ahlstrom-Munksjö Italia S.p.A.
2023-05-10 13:00:00,0.57432,IT.CAED/100752001.FACILITY,Ahlstrom-Munksjö Italia S.p.A.
2023-05-10 14:00:00,0.62946,IT.CAED/100752001.FACILITY,Ahlstrom-Munksjö Italia S.p.A.
2023-05-10 15:00:00,0.58535,IT.CAED/100752001.FACILITY,Ahlstrom-Munksjö Italia S.p.A.
2023-05-10 16:00:00,0.49992000000000003,IT.CAED/100752001.FACILITY,Ahlstrom-Munksjö Italia S.p.A.
2023-05-10 17:00:00,0.32715,IT.CAED/100752001.FACILITY,Ahlstrom-Munksjö Italia S.p.A.
2023-05-10 18:00:00,0.13797,IT.CAED/100752001.FACILITY,Ahlstrom-Munksjö Italia S.p.A.
2023-05-10 19:00:00,0.025670000000000002,IT.CAED/100752001.FACILITY,Ahlstrom-Munksjö Italia S.p.A.
2023-05-10 20:00:00,0.00128,IT.CAED/100752001.FACILITY,Ahlstrom-Munksjö Italia S.p.A.
2023-05-10 21:00:00,0.0,IT.CAED/100752001.FACILITY,Ahlstrom-Munksjö Italia S.p.A.
2023-05-10 22:00:00,0.0,IT.CAED/100752001.FACILITY,Ahlstrom-Munksjö Italia S.p.A.
2023-05-10 23:00:00,0.0,IT.CAED/100752001.FACILITY,Ahlstrom-Munksjö Italia S.p.A.
2023-05-11 00:00:00,0.0,IT.CAED/100752001.FACILITY,Ahlstrom-Munksjö Italia S.p.A.
2023-05-11 01:00:00,0.0,IT.CAED/100752001.FACILITY,Ahlstrom-Munksjö Italia S.p.A.
2023-05-11 02:00:00,0.0,IT.CAED/100752001.FACILITY,Ahlstrom-Munksjö Italia S.p.A.
2023-05-11 03:00:00,0.0,IT.CAED/100752001.FACILITY,Ahlstrom-Munksjö Italia S.p.A.
2023-05-11 04:00:00,0.0,IT.CAED/100752001.FACILITY,Ahlstrom-Munksjö Italia S.p.A.
2023-05-11 05:00:00,0.0,IT.CAED/100752001.FACILITY,Ahlstrom-Munksjö Italia S.p.A.
2023-05-11 06:00:00,0.00513,IT.CAED/100752001.FACILITY,Ahlstrom-Munksjö Italia S.p.A.
2023-05-11 07:00:00,0.03148,IT.CAED/100752001.FACILITY,Ahlstrom-Munksjö Italia S.p.A.
2023-05-11 08:00:00,0.19725,IT.CAED/100752001.FACILITY,Ahlstrom-Munksjö Italia S.p.A.
2023-05-11 09:00:00,0.42696,IT.CAED/100752001.FACILITY,Ahlstrom-Munksjö Italia S.p.A.
2023-05-11 10:00:00,0.62779,IT.CAED/100752001.FACILITY,Ahlstrom-Munksjö Italia S.p.A.
2023-05-11 11:00:00,0.75652,IT.CAED/100752001.FACILITY,Ahlstrom-Munksjö Italia S.p.A.
2023-05-11 12:00:00,0.82614,IT.CAED/100752001.FACILITY,Ahlstrom-Munksjö Italia S.p.A.
2023-05-11 13:00:00,0.87249,IT.CAED/100752001.FACILITY,Ahlstrom-Munksjö Italia S.p.A.
2023-05-11 14:00:00,0.816,IT.CAED/100752001.FACILITY,Ahlstrom-Munksjö Italia S.p.A.
2023-05-11 15:00:00,0.7205199999999999,IT.CAED/100752001.FACILITY,Ahlstrom-Munksjö Italia S.p.A.
2023-05-11 16:00:00,0.50458,IT.CAED/100752001.FACILITY,Ahlstrom-Munksjö Italia S.p.A.
2023-05-11 17:00:00,0.2519,IT.CAED/100752001.FACILITY,Ahlstrom-Munksjö Italia S.p.A.
2023-05-11 18:00:00,0.10468999999999999,IT.CAED/100752001.FACILITY,Ahlstrom-Munksjö Italia S.p.A.
2023-05-11 19:00:00,0.03789,IT.CAED/100752001.FACILITY,Ahlstrom-Munksjö Italia S.p.A.
2023-05-11 20:00:00,0.00189,IT.CAED/100752001.FACILITY,Ahlstrom-Munksjö Italia S.p.A.
2023-05-11 21:00:00,0.0,IT.CAED/100752001.FACILITY,Ahlstrom-Munksjö Italia S.p.A.
2023-05-11 22:00:00,0.0,IT.CAED/100752001.FACILITY,Ahlstrom-Munksjö Italia S.p.A.
2023-05-11 23:00:00,0.0,IT.CAED/100752001.FACILITY,Ahlstrom-Munksjö Italia S.p.A.
2023-05-12 00:00:00,0.0,IT.CAED/100752001.FACILITY,Ahlstrom-Munksjö Italia S.p.A.
2023-05-12 01:00:00,0.0,IT.CAED/100752001.FACILITY,Ahlstrom-Munksjö Italia S.p.A.
2023-05-12 02:00:00,0.0,IT.CAED/100752001.FACILITY,Ahlstrom-Munksjö Italia S.p.A.
2023-05-12 03:00:00,0.0,IT.CAED/100752001.FACILITY,Ahlstrom-Munksjö Italia S.p.A.
2023-05-12 04:00:00,0.0,IT.CAED/100752001.FACILITY,Ahlstrom-Munksjö Italia S.p.A.
2023-05-12 05:00:00,0.0,IT.CAED/100752001.FACILITY,Ahlstrom-Munksjö Italia S.p.A.
2023-05-12 06:00:00,0.00597,IT.CAED/100752001.FACILITY,Ahlstrom-Munksjö Italia S.p.A.
2023-05-12 07:00:00,0.04376,IT.CAED/100752001.FACILITY,Ahlstrom-Munksjö Italia S.p.A.
2023-05-12 08:00:00,0.1854,IT.CAED/100752001.FACILITY,Ahlstrom-Munksjö Italia S.p.A.
2023-05-12 09:00:00,0.29343,IT.CAED/100752001.FACILITY,Ahlstrom-Munksjö Italia S.p.A.
2023-05-12 10:00:00,0.39171,IT.CAED/100752001.FACILITY,Ahlstrom-Munksjö Italia S.p.A.
2023-05-12 11:00:00,0.50861,IT.CAED/100752001.FACILITY,Ahlstrom-Munksjö Italia S.p.A.
2023-05-12 12:00:00,0.45906,IT.CAED/100752001.FACILITY,Ahlstrom-Munksjö Italia S.p.A.
2023-05-12 13:00:00,0.36323,IT.CAED/100752001.FACILITY,Ahlstrom-Munksjö Italia S.p.A.
2023-05-12 14:00:00,0.43445999999999996,IT.CAED/100752001.FACILITY,Ahlstrom-Munksjö Italia S.p.A.
2023-05-12 15:00:00,0.45588999999999996,IT.CAED/100752001.FACILITY,Ahlstrom-Munksjö Italia S.p.A.
2023-05-12 16:00:00,0.30997,IT.CAED/100752001.FACILITY,Ahlstrom-Munksjö Italia S.p.A.
2023-05-12 17:00:00,0.24155000000000001,IT.CAED/100752001.FACILITY,Ahlstrom-Munksjö Italia S.p.A.
2023-05-12 18:00:00,0.09679,IT.CAED/100752001.FACILITY,Ahlstrom-Munksjö Italia S.p.A.
2023-05-12 19:00:00,0.03309,IT.CAED/100752001.FACILITY,Ahlstrom-Munksjö Italia S.p.A.
2023-05-12 20:00:00,8.999999999999999e-05,IT.CAED/100752001.FACILITY,Ahlstrom-Munksjö Italia S.p.A.
2023-05-12 21:00:00,0.0,IT.CAED/100752001.FACILITY,Ahlstrom-Munksjö Italia S.p.A.
2023-05-12 22:00:00,0.0,IT.CAED/100752001.FACILITY,Ahlstrom-Munksjö Italia S.p.A.
2023-05-12 23:00:00,0.0,IT.CAED/100752001.FACILITY,Ahlstrom-Munksjö Italia S.p.A.
2023-05-13 00:00:00,0.0,IT.CAED/100752001.FACILITY,Ahlstrom-Munksjö Italia S.p.A.
2023-05-13 01:00:00,0.0,IT.CAED/100752001.FACILITY,Ahlstrom-Munksjö Italia S.p.A.
2023-05-13 02:00:00,0.0,IT.CAED/100752001.FACILITY,Ahlstrom-Munksjö Italia S.p.A.
2023-05-13 03:00:00,0.0,IT.CAED/100752001.FACILITY,Ahlstrom-Munksjö Italia S.p.A.
2023-05-13 04:00:00,0.0,IT.CAED/100752001.FACILITY,Ahlstrom-Munksjö Italia S.p.A.
2023-05-13 05:00:00,0.0,IT.CAED/100752001.FACILITY,Ahlstrom-Munksjö Italia S.p.A.
2023-05-13 06:00:00,0.00064,IT.CAED/100752001.FACILITY,Ahlstrom-Munksjö Italia S.p.A.
2023-05-13 07:00:00,0.019350000000000003,IT.CAED/100752001.FACILITY,Ahlstrom-Munksjö Italia S.p.A.
2023-05-13 08:00:00,0.13394,IT.CAED/100752001.FACILITY,Ahlstrom-Munksjö Italia S.p.A.
2023-05-13 09:00:00,0.30793,IT.CAED/100752001.FACILITY,Ahlstrom-Munksjö Italia S.p.A.
2023-05-13 10:00:00,0.41369,IT.CAED/100752001.FACILITY,Ahlstrom-Munksjö Italia S.p.A.
2023-05-13 11:00:00,0.5142899999999999,IT.CAED/100752001.FACILITY,Ahlstrom-Munksjö Italia S.p.A.
2023-05-13 12:00:00,0.5807899999999999,IT.CAED/100752001.FACILITY,Ahlstrom-Munksjö Italia S.p.A.
2023-05-13 13:00:00,0.59941,IT.CAED/100752001.FACILITY,Ahlstrom-Munksjö Italia S.p.A.
2023-05-13 14:00:00,0.57826,IT.CAED/100752001.FACILITY,Ahlstrom-Munksjö Italia S.p.A.
2023-05-13 15:00:00,0.46919,IT.CAED/100752001.FACILITY,Ahlstrom-Munksjö Italia S.p.A.
2023-05-13 16:00:00,0.43859,IT.CAED/100752001.FACILITY,Ahlstrom-Munksjö Italia S.p.A.
2023-05-13 17:00:00,0.25507,IT.CAED/100752001.FACILITY,Ahlstrom-Munksjö Italia S.p.A.
2023-05-13 18:00:00,0.14782,IT.CAED/100752001.FACILITY,Ahlstrom-Munksjö Italia S.p.A.
2023-05-13 19:00:00,0.03552,IT.CAED/100752001.FACILITY,Ahlstrom-Munksjö Italia S.p.A.
2023-05-13 20:00:00,0.00159,IT.CAED/100752001.FACILITY,Ahlstrom-Munksjö Italia S.p.A.
2023-05-13 21:00:00,0.0,IT.CAED/100752001.FACILITY,Ahlstrom-Munksjö Italia S.p.A.
2023-05-13 22:00:00,0.0,IT.CAED/100752001.FACILITY,Ahlstrom-Munksjö Italia S.p.A.
2023-05-13 23:00:00,0.0,IT.CAED/100752001.FACILITY,Ahlstrom-Munksjö Italia S.p.A.
2023-05-14 00:00:00,0.0,IT.CAED/100752001.FACILITY,Ahlstrom-Munksjö Italia S.p.A.
2023-05-14 01:00:00,0.0,IT.CAED/100752001.FACILITY,Ahlstrom-Munksjö Italia S.p.A.
2023-05-14 02:00:00,0.0,IT.CAED/100752001.FACILITY,Ahlstrom-Munksjö Italia S.p.A.
2023-05-14 03:00:00,0.0,IT.CAED/100752001.FACILITY,Ahlstrom-Munksjö Italia S.p.A.
2023-05-14 04:00:00,0.0,IT.CAED/100752001.FACILITY,Ahlstrom-Munksjö Italia S.p.A.
2023-05-14 05:00:00,0.0,IT.CAED/100752001.FACILITY,Ahlstrom-Munksjö Italia S.p.A.
2023-05-14 06:00:00,0.00501,IT.CAED/100752001.FACILITY,Ahlstrom-Munksjö Italia S.p.A.
2023-05-14 07:00:00,0.04249,IT.CAED/100752001.FACILITY,Ahlstrom-Munksjö Italia S.p.A.
2023-05-14 08:00:00,0.13972,IT.CAED/100752001.FACILITY,Ahlstrom-Munksjö Italia S.p.A.
2023-05-14 09:00:00,0.29331999999999997,IT.CAED/100752001.FACILITY,Ahlstrom-Munksjö Italia S.p.A.
2023-05-14 10:00:00,0.46826999999999996,IT.CAED/100752001.FACILITY,Ahlstrom-Munksjö Italia S.p.A.
2023-05-14 11:00:00,0.64832,IT.CAED/100752001.FACILITY,Ahlstrom-Munksjö Italia S.p.A.
2023-05-14 12:00:00,0.7345900000000001,IT.CAED/100752001.FACILITY,Ahlstrom-Munksjö Italia S.p.A.
2023-05-14 13:00:00,0.78236,IT.CAED/100752001.FACILITY,Ahlstrom-Munksjö Italia S.p.A.
2023-05-14 14:00:00,0.80538,IT.CAED/100752001.FACILITY,Ahlstrom-Munksjö Italia S.p.A.
2023-05-14 15:00:00,0.6555700000000001,IT.CAED/100752001.FACILITY,Ahlstrom-Munksjö Italia S.p.A.
2023-05-14 16:00:00,0.38133999999999996,IT.CAED/100752001.FACILITY,Ahlstrom-Munksjö Italia S.p.A.
2023-05-14 17:00:00,0.35343,IT.CAED/100752001.FACILITY,Ahlstrom-Munksjö Italia S.p.A.
2023-05-14 18:00:00,0.1545,IT.CAED/100752001.FACILITY,Ahlstrom-Munksjö Italia S.p.A.
2023-05-14 19:00:00,0.04021,IT.CAED/100752001.FACILITY,Ahlstrom-Munksjö Italia S.p.A.
2023-05-14 20:00:00,0.00318,IT.CAED/100752001.FACILITY,Ahlstrom-Munksjö Italia S.p.A.
2023-05-14 21:00:00,0.0,IT.CAED/100752001.FACILITY,Ahlstrom-Munksjö Italia S.p.A.
2023-05-14 22:00:00,0.0,IT.CAED/100752001.FACILITY,Ahlstrom-Munksjö Italia S.p.A.
2023-05-14 23:00:00,0.0,IT.CAED/100752001.FACILITY,Ahlstrom-Munksjö Italia S.p.A.
2023-05-15 00:00:00,0.0,IT.CAED/100752001.FACILITY,Ahlstrom-Munksjö Italia S.p.A.
2023-05-15 01:00:00,0.0,IT.CAED/100752001.FACILITY,Ahlstrom-Munksjö Italia S.p.A.
2023-05-15 02:00:00,0.0,IT.CAED/100752001.FACILITY,Ahlstrom-Munksjö Italia S.p.A.
2023-05-15 03:00:00,0.0,IT.CAED/100752001.FACILITY,Ahlstrom-Munksjö Italia S.p.A.
2023-05-15 04:00:00,0.0,IT.CAED/100752001.FACILITY,Ahlstrom-Munksjö Italia S.p.A.
2023-05-15 05:00:00,0.0,IT.CAED/100752001.FACILITY,Ahlstrom-Munksjö Italia S.p.A.
2023-05-15 06:00:00,0.006679999999999999,IT.CAED/100752001.FACILITY,Ahlstrom-Munksjö Italia S.p.A.
2023-05-15 07:00:00,0.03226,IT.CAED/100752001.FACILITY,Ahlstrom-Munksjö Italia S.p.A.
2023-05-15 08:00:00,0.21396,IT.CAED/100752001.FACILITY,Ahlstrom-Munksjö Italia S.p.A.
2023-05-15 09:00:00,0.44892000000000004,IT.CAED/100752001.FACILITY,Ahlstrom-Munksjö Italia S.p.A.
2023-05-15 10:00:00,0.64178,IT.CAED/100752001.FACILITY,Ahlstrom-Munksjö Italia S.p.A.
2023-05-15 11:00:00,0.77108,IT.CAED/100752001.FACILITY,Ahlstrom-Munksjö Italia S.p.A.
2023-05-15 12:00:00,0.84286,IT.CAED/100752001.FACILITY,Ahlstrom-Munksjö Italia S.p.A.
2023-05-15 13:00:00,0.8079500000000001,IT.CAED/100752001.FACILITY,Ahlstrom-Munksjö Italia S.p.A.
2023-05-15 14:00:00,0.8030499999999999,IT.CAED/100752001.FACILITY,Ahlstrom-Munksjö Italia S.p.A.
2023-05-15 15:00:00,0.6961799999999999,IT.CAED/100752001.FACILITY,Ahlstrom-Munksjö Italia S.p.A.
2023-05-15 16:00:00,0.57038,IT.CAED/100752001.FACILITY,Ahlstrom-Munksjö Italia S.p.A.
2023-05-15 17:00:00,0.39656,IT.CAED/100752001.FACILITY,Ahlstrom-Munksjö Italia S.p.A.
2023-05-15 18:00:00,0.15430000000000002,IT.CAED/100752001.FACILITY,Ahlstrom-Munksjö Italia S.p.A.
2023-05-15 19:00:00,0.030600000000000002,IT.CAED/100752001.FACILITY,Ahlstrom-Munksjö Italia S.p.A.
2023-05-15 20:00:00,0.00233,IT.CAED/100752001.FACILITY,Ahlstrom-Munksjö Italia S.p.A.
2023-05-15 21:00:00,0.0,IT.CAED/100752001.FACILITY,Ahlstrom-Munksjö Italia S.p.A.
2023-05-15 22:00:00,0.0,IT.CAED/100752001.FACILITY,Ahlstrom-Munksjö Italia S.p.A.
2023-05-15 23:00:00,0.0,IT.CAED/100752001.FACILITY,Ahlstrom-Munksjö Italia S.p.A.
2023-05-16 00:00:00,0.0,IT.CAED/100752001.FACILITY,Ahlstrom-Munksjö Italia S.p.A.
2023-05-16 01:00:00,0.0,IT.CAED/100752001.FACILITY,Ahlstrom-Munksjö Italia S.p.A.
2023-05-16 02:00:00,0.0,IT.CAED/100752001.FACILITY,Ahlstrom-Munksjö Italia S.p.A.
2023-05-16 03:00:00,0.0,IT.CAED/100752001.FACILITY,Ahlstrom-Munksjö Italia S.p.A.
2023-05-16 04:00:00,0.0,IT.CAED/100752001.FACILITY,Ahlstrom-Munksjö Italia S.p.A.
2023-05-16 05:00:00,0.0,IT.CAED/100752001.FACILITY,Ahlstrom-Munksjö Italia S.p.A.
2023-05-16 06:00:00,0.00928,IT.CAED/100752001.FACILITY,Ahlstrom-Munksjö Italia S.p.A.
2023-05-16 07:00:00,0.06172,IT.CAED/100752001.FACILITY,Ahlstrom-Munksjö Italia S.p.A.
2023-05-16 08:00:00,0.21375999999999998,IT.CAED/100752001.FACILITY,Ahlstrom-Munksjö Italia S.p.A.
2023-05-16 09:00:00,0.44198000000000004,IT.CAED/100752001.FACILITY,Ahlstrom-Munksjö Italia S.p.A.
2023-05-16 10:00:00,0.61913,IT.CAED/100752001.FACILITY,Ahlstrom-Munksjö Italia S.p.A.
2023-05-16 11:00:00,0.71625,IT.CAED/100752001.FACILITY,Ahlstrom-Munksjö Italia S.p.A.
2023-05-16 12:00:00,0.70572,IT.CAED/100752001.FACILITY,Ahlstrom-Munksjö Italia S.p.A.
2023-05-16 13:00:00,0.53498,IT.CAED/100752001.FACILITY,Ahlstrom-Munksjö Italia S.p.A.
2023-05-16 14:00:00,0.45761,IT.CAED/100752001.FACILITY,Ahlstrom-Munksjö Italia S.p.A.
2023-05-16 15:00:00,0.3543,IT.CAED/100752001.FACILITY,Ahlstrom-Munksjö Italia S.p.A.
2023-05-16 16:00:00,0.25853,IT.CAED/100752001.FACILITY,Ahlstrom-Munksjö Italia S.p.A.
2023-05-16 17:00:00,0.17212,IT.CAED/100752001.FACILITY,Ahlstrom-Munksjö Italia S.p.A.
2023-05-16 18:00:00,0.11664,IT.CAED/100752001.FACILITY,Ahlstrom-Munksjö Italia S.p.A.
2023-05-16 19:00:00,0.04119,IT.CAED/100752001.FACILITY,Ahlstrom-Munksjö Italia S.p.A.
2023-05-16 20:00:00,0.00267,IT.CAED/100752001.FACILITY,Ahlstrom-Munksjö Italia S.p.A.
2023-05-16 21:00:00,0.0,IT.CAED/100752001.FACILITY,Ahlstrom-Munksjö Italia S.p.A.
2023-05-16 22:00:00,0.0,IT.CAED/100752001.FACILITY,Ahlstrom-Munksjö Italia S.p.A.
2023-05-16 23:00:00,0.0,IT.CAED/100752001.FACILITY,Ahlstrom-Munksjö Italia S.p.A.
2023-05-17 00:00:00,0.0,IT.CAED/100752001.FACILITY,Ahlstrom-Munksjö Italia S.p.A.
2023-05-17 01:00:00,0.0,IT.CAED/100752001.FACILITY,Ahlstrom-Munksjö Italia S.p.A.
2023-05-17 02:00:00,0.0,IT.CAED/100752001.FACILITY,Ahlstrom-Munksjö Italia S.p.A.
2023-05-17 03:00:00,0.0,IT.CAED/100752001.FACILITY,Ahlstrom-Munksjö Italia S.p.A.
2023-05-17 04:00:00,0.0,IT.CAED/100752001.FACILITY,Ahlstrom-Munksjö Italia S.p.A.
2023-05-17 05:00:00,0.0,IT.CAED/100752001.FACILITY,Ahlstrom-Munksjö Italia S.p.A.
2023-05-17 06:00:00,0.00605,IT.CAED/100752001.FACILITY,Ahlstrom-Munksjö Italia S.p.A.
2023-05-17 07:00:00,0.05736,IT.CAED/100752001.FACILITY,Ahlstrom-Munksjö Italia S.p.A.
2023-05-17 08:00:00,0.10186,IT.CAED/100752001.FACILITY,Ahlstrom-Munksjö Italia S.p.A.
2023-05-17 09:00:00,0.29292,IT.CAED/100752001.FACILITY,Ahlstrom-Munksjö Italia S.p.A.
2023-05-17 10:00:00,0.31549,IT.CAED/100752001.FACILITY,Ahlstrom-Munksjö Italia S.p.A.
2023-05-17 11:00:00,0.34252,IT.CAED/100752001.FACILITY,Ahlstrom-Munksjö Italia S.p.A.
2023-05-17 12:00:00,0.24402000000000001,IT.CAED/100752001.FACILITY,Ahlstrom-Munksjö Italia S.p.A.
2023-05-17 13:00:00,0.19869,IT.CAED/100752001.FACILITY,Ahlstrom-Munksjö Italia S.p.A.
2023-05-17 14:00:00,0.1499,IT.CAED/100752001.FACILITY,Ahlstrom-Munksjö Italia S.p.A.
2023-05-17 15:00:00,0.10781,IT.CAED/100752001.FACILITY,Ahlstrom-Munksjö Italia S.p.A.
2023-05-17 16:00:00,0.09756999999999999,IT.CAED/100752001.FACILITY,Ahlstrom-Munksjö Italia S.p.A.
2023-05-17 17:00:00,0.059539999999999996,IT.CAED/100752001.FACILITY,Ahlstrom-Munksjö Italia S.p.A.
2023-05-17 18:00:00,0.05707,IT.CAED/100752001.FACILITY,Ahlstrom-Munksjö Italia S.p.A.
2023-05-17 19:00:00,0.02138,IT.CAED/100752001.FACILITY,Ahlstrom-Munksjö Italia S.p.A.
2023-05-17 20:00:00,0.00061,IT.CAED/100752001.FACILITY,Ahlstrom-Munksjö Italia S.p.A.
2023-05-17 21:00:00,0.0,IT.CAED/100752001.FACILITY,Ahlstrom-Munksjö Italia S.p.A.
2023-05-17 22:00:00,0.0,IT.CAED/100752001.FACILITY,Ahlstrom-Munksjö Italia S.p.A.
2023-05-17 23:00:00,0.0,IT.CAED/100752001.FACILITY,Ahlstrom-Munksjö Italia S.p.A.
2023-05-18 00:00:00,0.0,IT.CAED/100752001.FACILITY,Ahlstrom-Munksjö Italia S.p.A.
2023-05-18 01:00:00,0.0,IT.CAED/100752001.FACILITY,Ahlstrom-Munksjö Italia S.p.A.
2023-05-18 02:00:00,0.0,IT.CAED/100752001.FACILITY,Ahlstrom-Munksjö Italia S.p.A.
2023-05-18 03:00:00,0.0,IT.CAED/100752001.FACILITY,Ahlstrom-Munksjö Italia S.p.A.
2023-05-18 04:00:00,0.0,IT.CAED/100752001.FACILITY,Ahlstrom-Munksjö Italia S.p.A.
2023-05-18 05:00:00,0.0,IT.CAED/100752001.FACILITY,Ahlstrom-Munksjö Italia S.p.A.
2023-05-18 06:00:00,0.0002,IT.CAED/100752001.FACILITY,Ahlstrom-Munksjö Italia S.p.A.
2023-05-18 07:00:00,0.01028,IT.CAED/100752001.FACILITY,Ahlstrom-Munksjö Italia S.p.A.
2023-05-18 08:00:00,0.04804,IT.CAED/100752001.FACILITY,Ahlstrom-Munksjö Italia S.p.A.
2023-05-18 09:00:00,0.09412999999999999,IT.CAED/100752001.FACILITY,Ahlstrom-Munksjö Italia S.p.A.
2023-05-18 10:00:00,0.18649000000000002,IT.CAED/100752001.FACILITY,Ahlstrom-Munksjö Italia S.p.A.
2023-05-18 11:00:00,0.23092,IT.CAED/100752001.FACILITY,Ahlstrom-Munksjö Italia S.p.A.
2023-05-18 12:00:00,0.36074,IT.CAED/100752001.FACILITY,Ahlstrom-Munksjö Italia S.p.A.
2023-05-18 13:00:00,0.36422000000000004,IT.CAED/100752001.FACILITY,Ahlstrom-Munksjö Italia S.p.A.
2023-05-18 14:00:00,0.49454000000000004,IT.CAED/100752001.FACILITY,Ahlstrom-Munksjö Italia S.p.A.
2023-05-18 15:00:00,0.4517,IT.CAED/100752001.FACILITY,Ahlstrom-Munksjö Italia S.p.A.
2023-05-18 16:00:00,0.36710000000000004,IT.CAED/100752001.FACILITY,Ahlstrom-Munksjö Italia S.p.A.
2023-05-18 17:00:00,0.31267,IT.CAED/100752001.FACILITY,Ahlstrom-Munksjö Italia S.p.A.
2023-05-18 18:00:00,0.14056,IT.CAED/100752001.FACILITY,Ahlstrom-Munksjö Italia S.p.A.
2023-05-18 19:00:00,0.03243,IT.CAED/100752001.FACILITY,Ahlstrom-Munksjö Italia S.p.A.
2023-05-18 20:00:00,0.00138,IT.CAED/100752001.FACILITY,Ahlstrom-Munksjö Italia S.p.A.
2023-05-18 21:00:00,0.0,IT.CAED/100752001.FACILITY,Ahlstrom-Munksjö Italia S.p.A.
2023-05-18 22:00:00,0.0,IT.CAED/100752001.FACILITY,Ahlstrom-Munksjö Italia S.p.A.
2023-05-18 23:00:00,0.0,IT.CAED/100752001.FACILITY,Ahlstrom-Munksjö Italia S.p.A.
2023-05-19 00:00:00,0.0,IT.CAED/100752001.FACILITY,Ahlstrom-Munksjö Italia S.p.A.
2023-05-19 01:00:00,0.0,IT.CAED/100752001.FACILITY,Ahlstrom-Munksjö Italia S.p.A.
2023-05-19 02:00:00,0.0,IT.CAED/100752001.FACILITY,Ahlstrom-Munksjö Italia S.p.A.
2023-05-19 03:00:00,0.0,IT.CAED/100752001.FACILITY,Ahlstrom-Munksjö Italia S.p.A.
2023-05-19 04:00:00,0.0,IT.CAED/100752001.FACILITY,Ahlstrom-Munksjö Italia S.p.A.
2023-05-19 05:00:00,0.0,IT.CAED/100752001.FACILITY,Ahlstrom-Munksjö Italia S.p.A.
2023-05-19 06:00:00,0.00038,IT.CAED/100752001.FACILITY,Ahlstrom-Munksjö Italia S.p.A.
2023-05-19 07:00:00,0.010119999999999999,IT.CAED/100752001.FACILITY,Ahlstrom-Munksjö Italia S.p.A.
2023-05-19 08:00:00,0.01148,IT.CAED/100752001.FACILITY,Ahlstrom-Munksjö Italia S.p.A.
2023-05-19 09:00:00,0.02485,IT.CAED/100752001.FACILITY,Ahlstrom-Munksjö Italia S.p.A.
2023-05-19 10:00:00,0.06394,IT.CAED/100752001.FACILITY,Ahlstrom-Munksjö Italia S.p.A.
2023-05-19 11:00:00,0.07851999999999999,IT.CAED/100752001.FACILITY,Ahlstrom-Munksjö Italia S.p.A.
2023-05-19 12:00:00,0.09059,IT.CAED/100752001.FACILITY,Ahlstrom-Munksjö Italia S.p.A.
2023-05-19 13:00:00,0.09568,IT.CAED/100752001.FACILITY,Ahlstrom-Munksjö Italia S.p.A.
2023-05-19 14:00:00,0.09906000000000001,IT.CAED/100752001.FACILITY,Ahlstrom-Munksjö Italia S.p.A.
2023-05-19 15:00:00,0.09056,IT.CAED/100752001.FACILITY,Ahlstrom-Munksjö Italia S.p.A.
2023-05-19 16:00:00,0.0655,IT.CAED/100752001.FACILITY,Ahlstrom-Munksjö Italia S.p.A.
2023-05-19 17:00:00,0.03064,IT.CAED/100752001.FACILITY,Ahlstrom-Munksjö Italia S.p.A.
2023-05-19 18:00:00,0.01104,IT.CAED/100752001.FACILITY,Ahlstrom-Munksjö Italia S.p.A.
2023-05-19 19:00:00,0.00111,IT.CAED/100752001.FACILITY,Ahlstrom-Munksjö Italia S.p.A.
2023-05-19 20:00:00,0.0,IT.CAED/100752001.FACILITY,Ahlstrom-Munksjö Italia S.p.A.
2023-05-19 21:00:00,0.0,IT.CAED/100752001.FACILITY,Ahlstrom-Munksjö Italia S.p.A.
2023-05-19 22:00:00,0.0,IT.CAED/100752001.FACILITY,Ahlstrom-Munksjö Italia S.p.A.
2023-05-19 23:00:00,0.0,IT.CAED/100752001.FACILITY,Ahlstrom-Munksjö Italia S.p.A.
2023-05-20 00:00:00,0.0,IT.CAED/100752001.FACILITY,Ahlstrom-Munksjö Italia S.p.A.
2023-05-20 01:00:00,0.0,IT.CAED/100752001.FACILITY,Ahlstrom-Munksjö Italia S.p.A.
2023-05-20 02:00:00,0.0,IT.CAED/100752001.FACILITY,Ahlstrom-Munksjö Italia S.p.A.
2023-05-20 03:00:00,0.0,IT.CAED/100752001.FACILITY,Ahlstrom-Munksjö Italia S.p.A.
2023-05-20 04:00:00,0.0,IT.CAED/100752001.FACILITY,Ahlstrom-Munksjö Italia S.p.A.
2023-05-20 05:00:00,0.0,IT.CAED/100752001.FACILITY,Ahlstrom-Munksjö Italia S.p.A.
2023-05-20 06:00:00,0.0,IT.CAED/100752001.FACILITY,Ahlstrom-Munksjö Italia S.p.A.
2023-05-20 07:00:00,0.00354,IT.CAED/100752001.FACILITY,Ahlstrom-Munksjö Italia S.p.A.
2023-05-20 08:00:00,0.00851,IT.CAED/100752001.FACILITY,Ahlstrom-Munksjö Italia S.p.A.
2023-05-20 09:00:00,0.03253,IT.CAED/100752001.FACILITY,Ahlstrom-Munksjö Italia S.p.A.
2023-05-20 10:00:00,0.04033,IT.CAED/100752001.FACILITY,Ahlstrom-Munksjö Italia S.p.A.
2023-05-20 11:00:00,0.030629999999999998,IT.CAED/100752001.FACILITY,Ahlstrom-Munksjö Italia S.p.A.
2023-05-20 12:00:00,0.054259999999999996,IT.CAED/100752001.FACILITY,Ahlstrom-Munksjö Italia S.p.A.
2023-05-20 13:00:00,0.05031,IT.CAED/100752001.FACILITY,Ahlstrom-Munksjö Italia S.p.A.
2023-05-20 14:00:00,0.0835,IT.CAED/100752001.FACILITY,Ahlstrom-Munksjö Italia S.p.A.
2023-05-20 15:00:00,0.0346,IT.CAED/100752001.FACILITY,Ahlstrom-Munksjö Italia S.p.A.
2023-05-20 16:00:00,0.019030000000000002,IT.CAED/100752001.FACILITY,Ahlstrom-Munksjö Italia S.p.A.
2023-05-20 17:00:00,0.03349,IT.CAED/100752001.FACILITY,Ahlstrom-Munksjö Italia S.p.A.
2023-05-20 18:00:00,0.02086,IT.CAED/100752001.FACILITY,Ahlstrom-Munksjö Italia S.p.A.
2023-05-20 19:00:00,0.00505,IT.CAED/100752001.FACILITY,Ahlstrom-Munksjö Italia S.p.A.
2023-05-20 20:00:00,0.0,IT.CAED/100752001.FACILITY,Ahlstrom-Munksjö Italia S.p.A.
2023-05-20 21:00:00,0.0,IT.CAED/100752001.FACILITY,Ahlstrom-Munksjö Italia S.p.A.
2023-05-20 22:00:00,0.0,IT.CAED/100752001.FACILITY,Ahlstrom-Munksjö Italia S.p.A.
2023-05-20 23:00:00,0.0,IT.CAED/100752001.FACILITY,Ahlstrom-Munksjö Italia S.p.A.
2023-05-21 00:00:00,0.0,IT.CAED/100752001.FACILITY,Ahlstrom-Munksjö Italia S.p.A.
2023-05-21 01:00:00,0.0,IT.CAED/100752001.FACILITY,Ahlstrom-Munksjö Italia S.p.A.
2023-05-21 02:00:00,0.0,IT.CAED/100752001.FACILITY,Ahlstrom-Munksjö Italia S.p.A.
2023-05-21 03:00:00,0.0,IT.CAED/100752001.FACILITY,Ahlstrom-Munksjö Italia S.p.A.
2023-05-21 04:00:00,0.0,IT.CAED/100752001.FACILITY,Ahlstrom-Munksjö Italia S.p.A.
2023-05-21 05:00:00,0.0,IT.CAED/100752001.FACILITY,Ahlstrom-Munksjö Italia S.p.A.
2023-05-21 06:00:00,0.0,IT.CAED/100752001.FACILITY,Ahlstrom-Munksjö Italia S.p.A.
2023-05-21 07:00:00,0.013900000000000001,IT.CAED/100752001.FACILITY,Ahlstrom-Munksjö Italia S.p.A.
2023-05-21 08:00:00,0.02109,IT.CAED/100752001.FACILITY,Ahlstrom-Munksjö Italia S.p.A.
2023-05-21 09:00:00,0.10071,IT.CAED/100752001.FACILITY,Ahlstrom-Munksjö Italia S.p.A.
2023-05-21 10:00:00,0.16179,IT.CAED/100752001.FACILITY,Ahlstrom-Munksjö Italia S.p.A.
2023-05-21 11:00:00,0.13537000000000002,IT.CAED/100752001.FACILITY,Ahlstrom-Munksjö Italia S.p.A.
2023-05-21 12:00:00,0.18375,IT.CAED/100752001.FACILITY,Ahlstrom-Munksjö Italia S.p.A.
2023-05-21 13:00:00,0.19748,IT.CAED/100752001.FACILITY,Ahlstrom-Munksjö Italia S.p.A.
2023-05-21 14:00:00,0.27946,IT.CAED/100752001.FACILITY,Ahlstrom-Munksjö Italia S.p.A.
2023-05-21 15:00:00,0.34024,IT.CAED/100752001.FACILITY,Ahlstrom-Munksjö Italia S.p.A.
2023-05-21 16:00:00,0.41316,IT.CAED/100752001.FACILITY,Ahlstrom-Munksjö Italia S.p.A.
2023-05-21 17:00:00,0.33785000000000004,IT.CAED/100752001.FACILITY,Ahlstrom-Munksjö Italia S.p.A.
2023-05-21 18:00:00,0.15525,IT.CAED/100752001.FACILITY,Ahlstrom-Munksjö Italia S.p.A.
2023-05-21 19:00:00,0.03281,IT.CAED/100752001.FACILITY,Ahlstrom-Munksjö Italia S.p.A.
2023-05-21 20:00:00,0.004889999999999999,IT.CAED/100752001.FACILITY,Ahlstrom-Munksjö Italia S.p.A.
2023-05-21 21:00:00,0.0,IT.CAED/100752001.FACILITY,Ahlstrom-Munksjö Italia S.p.A.
2023-05-21 22:00:00,0.0,IT.CAED/100752001.FACILITY,Ahlstrom-Munksjö Italia S.p.A.
2023-05-21 23:00:00,0.0,IT.CAED/100752001.FACILITY,Ahlstrom-Munksjö Italia S.p.A.
2023-05-22 00:00:00,0.0,IT.CAED/100752001.FACILITY,Ahlstrom-Munksjö Italia S.p.A.
2023-05-22 01:00:00,0.0,IT.CAED/100752001.FACILITY,Ahlstrom-Munksjö Italia S.p.A.
2023-05-22 02:00:00,0.0,IT.CAED/100752001.FACILITY,Ahlstrom-Munksjö Italia S.p.A.
2023-05-22 03:00:00,0.0,IT.CAED/100752001.FACILITY,Ahlstrom-Munksjö Italia S.p.A.
2023-05-22 04:00:00,0.0,IT.CAED/100752001.FACILITY,Ahlstrom-Munksjö Italia S.p.A.
2023-05-22 05:00:00,0.0,IT.CAED/100752001.FACILITY,Ahlstrom-Munksjö Italia S.p.A.
2023-05-22 06:00:00,0.0076500000000000005,IT.CAED/100752001.FACILITY,Ahlstrom-Munksjö Italia S.p.A.
2023-05-22 07:00:00,0.039060000000000004,IT.CAED/100752001.FACILITY,Ahlstrom-Munksjö Italia S.p.A.
2023-05-22 08:00:00,0.17482,IT.CAED/100752001.FACILITY,Ahlstrom-Munksjö Italia S.p.A.
2023-05-22 09:00:00,0.37118,IT.CAED/100752001.FACILITY,Ahlstrom-Munksjö Italia S.p.A.
2023-05-22 10:00:00,0.57204,IT.CAED/100752001.FACILITY,Ahlstrom-Munksjö Italia S.p.A.
2023-05-22 11:00:00,0.67145,IT.CAED/100752001.FACILITY,Ahlstrom-Munksjö Italia S.p.A.
2023-05-22 12:00:00,0.7802899999999999,IT.CAED/100752001.FACILITY,Ahlstrom-Munksjö Italia S.p.A.
2023-05-22 13:00:00,0.79252,IT.CAED/100752001.FACILITY,Ahlstrom-Munksjö Italia S.p.A.
2023-05-22 14:00:00,0.7719400000000001,IT.CAED/100752001.FACILITY,Ahlstrom-Munksjö Italia S.p.A.
2023-05-22 15:00:00,0.66438,IT.CAED/100752001.FACILITY,Ahlstrom-Munksjö Italia S.p.A.
2023-05-22 16:00:00,0.52689,IT.CAED/100752001.FACILITY,Ahlstrom-Munksjö Italia S.p.A.
2023-05-22 17:00:00,0.36373,IT.CAED/100752001.FACILITY,Ahlstrom-Munksjö Italia S.p.A.
2023-05-22 18:00:00,0.14973,IT.CAED/100752001.FACILITY,Ahlstrom-Munksjö Italia S.p.A.
2023-05-22 19:00:00,0.04333,IT.CAED/100752001.FACILITY,Ahlstrom-Munksjö Italia S.p.A.
2023-05-22 20:00:00,0.0054800000000000005,IT.CAED/100752001.FACILITY,Ahlstrom-Munksjö Italia S.p.A.
2023-05-22 21:00:00,0.0,IT.CAED/100752001.FACILITY,Ahlstrom-Munksjö Italia S.p.A.
2023-05-22 22:00:00,0.0,IT.CAED/100752001.FACILITY,Ahlstrom-Munksjö Italia S.p.A.
2023-05-22 23:00:00,0.0,IT.CAED/100752001.FACILITY,Ahlstrom-Munksjö Italia S.p.A.
2023-05-23 00:00:00,0.0,IT.CAED/100752001.FACILITY,Ahlstrom-Munksjö Italia S.p.A.
2023-05-23 01:00:00,0.0,IT.CAED/100752001.FACILITY,Ahlstrom-Munksjö Italia S.p.A.
2023-05-23 02:00:00,0.0,IT.CAED/100752001.FACILITY,Ahlstrom-Munksjö Italia S.p.A.
2023-05-23 03:00:00,0.0,IT.CAED/100752001.FACILITY,Ahlstrom-Munksjö Italia S.p.A.
2023-05-23 04:00:00,0.0,IT.CAED/100752001.FACILITY,Ahlstrom-Munksjö Italia S.p.A.
2023-05-23 05:00:00,0.0,IT.CAED/100752001.FACILITY,Ahlstrom-Munksjö Italia S.p.A.
2023-05-23 06:00:00,0.00967,IT.CAED/100752001.FACILITY,Ahlstrom-Munksjö Italia S.p.A.
2023-05-23 07:00:00,0.03352,IT.CAED/100752001.FACILITY,Ahlstrom-Munksjö Italia S.p.A.
2023-05-23 08:00:00,0.20259,IT.CAED/100752001.FACILITY,Ahlstrom-Munksjö Italia S.p.A.
2023-05-23 09:00:00,0.42464999999999997,IT.CAED/100752001.FACILITY,Ahlstrom-Munksjö Italia S.p.A.
2023-05-23 10:00:00,0.59985,IT.CAED/100752001.FACILITY,Ahlstrom-Munksjö Italia S.p.A.
2023-05-23 11:00:00,0.7250599999999999,IT.CAED/100752001.FACILITY,Ahlstrom-Munksjö Italia S.p.A.
2023-05-23 12:00:00,0.80243,IT.CAED/100752001.FACILITY,Ahlstrom-Munksjö Italia S.p.A.
2023-05-23 13:00:00,0.82627,IT.CAED/100752001.FACILITY,Ahlstrom-Munksjö Italia S.p.A.
2023-05-23 14:00:00,0.7749199999999999,IT.CAED/100752001.FACILITY,Ahlstrom-Munksjö Italia S.p.A.
2023-05-23 15:00:00,0.72113,IT.CAED/100752001.FACILITY,Ahlstrom-Munksjö Italia S.p.A.
2023-05-23 16:00:00,0.58247,IT.CAED/100752001.FACILITY,Ahlstrom-Munksjö Italia S.p.A.
2023-05-23 17:00:00,0.38283,IT.CAED/100752001.FACILITY,Ahlstrom-Munksjö Italia S.p.A.
2023-05-23 18:00:00,0.16455,IT.CAED/100752001.FACILITY,Ahlstrom-Munksjö Italia S.p.A.
2023-05-23 19:00:00,0.03265,IT.CAED/100752001.FACILITY,Ahlstrom-Munksjö Italia S.p.A.
2023-05-23 20:00:00,0.00478,IT.CAED/100752001.FACILITY,Ahlstrom-Munksjö Italia S.p.A.
2023-05-23 21:00:00,0.0,IT.CAED/100752001.FACILITY,Ahlstrom-Munksjö Italia S.p.A.
2023-05-23 22:00:00,0.0,IT.CAED/100752001.FACILITY,Ahlstrom-Munksjö Italia S.p.A.
2023-05-23 23:00:00,0.0,IT.CAED/100752001.FACILITY,Ahlstrom-Munksjö Italia S.p.A.
2023-05-24 00:00:00,0.0,IT.CAED/100752001.FACILITY,Ahlstrom-Munksjö Italia S.p.A.
2023-05-24 01:00:00,0.0,IT.CAED/100752001.FACILITY,Ahlstrom-Munksjö Italia S.p.A.
2023-05-24 02:00:00,0.0,IT.CAED/100752001.FACILITY,Ahlstrom-Munksjö Italia S.p.A.
2023-05-24 03:00:00,0.0,IT.CAED/100752001.FACILITY,Ahlstrom-Munksjö Italia S.p.A.
2023-05-24 04:00:00,0.0,IT.CAED/100752001.FACILITY,Ahlstrom-Munksjö Italia S.p.A.
2023-05-24 05:00:00,0.0,IT.CAED/100752001.FACILITY,Ahlstrom-Munksjö Italia S.p.A.
2023-05-24 06:00:00,0.00824,IT.CAED/100752001.FACILITY,Ahlstrom-Munksjö Italia S.p.A.
2023-05-24 07:00:00,0.03244,IT.CAED/100752001.FACILITY,Ahlstrom-Munksjö Italia S.p.A.
2023-05-24 08:00:00,0.19416,IT.CAED/100752001.FACILITY,Ahlstrom-Munksjö Italia S.p.A.
2023-05-24 09:00:00,0.40968,IT.CAED/100752001.FACILITY,Ahlstrom-Munksjö Italia S.p.A.
2023-05-24 10:00:00,0.59953,IT.CAED/100752001.FACILITY,Ahlstrom-Munksjö Italia S.p.A.
2023-05-24 11:00:00,0.65773,IT.CAED/100752001.FACILITY,Ahlstrom-Munksjö Italia S.p.A.
2023-05-24 12:00:00,0.7148,IT.CAED/100752001.FACILITY,Ahlstrom-Munksjö Italia S.p.A.
2023-05-24 13:00:00,0.77109,IT.CAED/100752001.FACILITY,Ahlstrom-Munksjö Italia S.p.A.
2023-05-24 14:00:00,0.72868,IT.CAED/100752001.FACILITY,Ahlstrom-Munksjö Italia S.p.A.
2023-05-24 15:00:00,0.54412,IT.CAED/100752001.FACILITY,Ahlstrom-Munksjö Italia S.p.A.
2023-05-24 16:00:00,0.38726,IT.CAED/100752001.FACILITY,Ahlstrom-Munksjö Italia S.p.A.
2023-05-24 17:00:00,0.23238,IT.CAED/100752001.FACILITY,Ahlstrom-Munksjö Italia S.p.A.
2023-05-24 18:00:00,0.12824000000000002,IT.CAED/100752001.FACILITY,Ahlstrom-Munksjö Italia S.p.A.
2023-05-24 19:00:00,0.02571,IT.CAED/100752001.FACILITY,Ahlstrom-Munksjö Italia S.p.A.
2023-05-24 20:00:00,0.00325,IT.CAED/100752001.FACILITY,Ahlstrom-Munksjö Italia S.p.A.
2023-05-24 21:00:00,0.0,IT.CAED/100752001.FACILITY,Ahlstrom-Munksjö Italia S.p.A.
2023-05-24 22:00:00,0.0,IT.CAED/100752001.FACILITY,Ahlstrom-Munksjö Italia S.p.A.
2023-05-24 23:00:00,0.0,IT.CAED/100752001.FACILITY,Ahlstrom-Munksjö Italia S.p.A.
2023-05-25 00:00:00,0.0,IT.CAED/100752001.FACILITY,Ahlstrom-Munksjö Italia S.p.A.
2023-05-25 01:00:00,0.0,IT.CAED/100752001.FACILITY,Ahlstrom-Munksjö Italia S.p.A.
2023-05-25 02:00:00,0.0,IT.CAED/100752001.FACILITY,Ahlstrom-Munksjö Italia S.p.A.
2023-05-25 03:00:00,0.0,IT.CAED/100752001.FACILITY,Ahlstrom-Munksjö Italia S.p.A.
2023-05-25 04:00:00,0.0,IT.CAED/100752001.FACILITY,Ahlstrom-Munksjö Italia S.p.A.
2023-05-25 05:00:00,0.0,IT.CAED/100752001.FACILITY,Ahlstrom-Munksjö Italia S.p.A.
2023-05-25 06:00:00,0.0,IT.CAED/100752001.FACILITY,Ahlstrom-Munksjö Italia S.p.A.
2023-05-25 07:00:00,0.011810000000000001,IT.CAED/100752001.FACILITY,Ahlstrom-Munksjö Italia S.p.A.
2023-05-25 08:00:00,0.02453,IT.CAED/100752001.FACILITY,Ahlstrom-Munksjö Italia S.p.A.
2023-05-25 09:00:00,0.08572,IT.CAED/100752001.FACILITY,Ahlstrom-Munksjö Italia S.p.A.
2023-05-25 10:00:00,0.15372999999999998,IT.CAED/100752001.FACILITY,Ahlstrom-Munksjö Italia S.p.A.
2023-05-25 11:00:00,0.17794,IT.CAED/100752001.FACILITY,Ahlstrom-Munksjö Italia S.p.A.
2023-05-25 12:00:00,0.24267,IT.CAED/100752001.FACILITY,Ahlstrom-Munksjö Italia S.p.A.
2023-05-25 13:00:00,0.26694999999999997,IT.CAED/100752001.FACILITY,Ahlstrom-Munksjö Italia S.p.A.
2023-05-25 14:00:00,0.31783,IT.CAED/100752001.FACILITY,Ahlstrom-Munksjö Italia S.p.A.
2023-05-25 15:00:00,0.38055,IT.CAED/100752001.FACILITY,Ahlstrom-Munksjö Italia S.p.A.
2023-05-25 16:00:00,0.36506,IT.CAED/100752001.FACILITY,Ahlstrom-Munksjö Italia S.p.A.
2023-05-25 17:00:00,0.28728,IT.CAED/100752001.FACILITY,Ahlstrom-Munksjö Italia S.p.A.
2023-05-25 18:00:00,0.15349000000000002,IT.CAED/100752001.FACILITY,Ahlstrom-Munksjö Italia S.p.A.
2023-05-25 19:00:00,0.04342,IT.CAED/100752001.FACILITY,Ahlstrom-Munksjö Italia S.p.A.
2023-05-25 20:00:00,0.00637,IT.CAED/100752001.FACILITY,Ahlstrom-Munksjö Italia S.p.A.
2023-05-25 21:00:00,0.0,IT.CAED/100752001.FACILITY,Ahlstrom-Munksjö Italia S.p.A.
2023-05-25 22:00:00,0.0,IT.CAED/100752001.FACILITY,Ahlstrom-Munksjö Italia S.p.A.
2023-05-25 23:00:00,0.0,IT.CAED/100752001.FACILITY,Ahlstrom-Munksjö Italia S.p.A.
2023-05-26 00:00:00,0.0,IT.CAED/100752001.FACILITY,Ahlstrom-Munksjö Italia S.p.A.
2023-05-26 01:00:00,0.0,IT.CAED/100752001.FACILITY,Ahlstrom-Munksjö Italia S.p.A.
2023-05-26 02:00:00,0.0,IT.CAED/100752001.FACILITY,Ahlstrom-Munksjö Italia S.p.A.
2023-05-26 03:00:00,0.0,IT.CAED/100752001.FACILITY,Ahlstrom-Munksjö Italia S.p.A.
2023-05-26 04:00:00,0.0,IT.CAED/100752001.FACILITY,Ahlstrom-Munksjö Italia S.p.A.
2023-05-26 05:00:00,0.0,IT.CAED/100752001.FACILITY,Ahlstrom-Munksjö Italia S.p.A.
2023-05-26 06:00:00,0.01184,IT.CAED/100752001.FACILITY,Ahlstrom-Munksjö Italia S.p.A.
2023-05-26 07:00:00,0.03368,IT.CAED/100752001.FACILITY,Ahlstrom-Munksjö Italia S.p.A.
2023-05-26 08:00:00,0.20398,IT.CAED/100752001.FACILITY,Ahlstrom-Munksjö Italia S.p.A.
2023-05-26 09:00:00,0.42885,IT.CAED/100752001.FACILITY,Ahlstrom-Munksjö Italia S.p.A.
2023-05-26 10:00:00,0.60175,IT.CAED/100752001.FACILITY,Ahlstrom-Munksjö Italia S.p.A.
2023-05-26 11:00:00,0.738,IT.CAED/100752001.FACILITY,Ahlstrom-Munksjö Italia S.p.A.
2023-05-26 12:00:00,0.81435,IT.CAED/100752001.FACILITY,Ahlstrom-Munksjö Italia S.p.A.
2023-05-26 13:00:00,0.8360299999999999,IT.CAED/100752001.FACILITY,Ahlstrom-Munksjö Italia S.p.A.
2023-05-26 14:00:00,0.80547,IT.CAED/100752001.FACILITY,Ahlstrom-Munksjö Italia S.p.A.
2023-05-26 15:00:00,0.72164,IT.CAED/100752001.FACILITY,Ahlstrom-Munksjö Italia S.p.A.
2023-05-26 16:00:00,0.57904,IT.CAED/100752001.FACILITY,Ahlstrom-Munksjö Italia S.p.A.
2023-05-26 17:00:00,0.39247000000000004,IT.CAED/100752001.FACILITY,Ahlstrom-Munksjö Italia S.p.A.
2023-05-26 18:00:00,0.16796,IT.CAED/100752001.FACILITY,Ahlstrom-Munksjö Italia S.p.A.
2023-05-26 19:00:00,0.03244,IT.CAED/100752001.FACILITY,Ahlstrom-Munksjö Italia S.p.A.
2023-05-26 20:00:00,0.00654,IT.CAED/100752001.FACILITY,Ahlstrom-Munksjö Italia S.p.A.
2023-05-26 21:00:00,0.0,IT.CAED/100752001.FACILITY,Ahlstrom-Munksjö Italia S.p.A.
2023-05-26 22:00:00,0.0,IT.CAED/100752001.FACILITY,Ahlstrom-Munksjö Italia S.p.A.
2023-05-26 23:00:00,0.0,IT.CAED/100752001.FACILITY,Ahlstrom-Munksjö Italia S.p.A.
2023-05-27 00:00:00,0.0,IT.CAED/100752001.FACILITY,Ahlstrom-Munksjö Italia S.p.A.
2023-05-27 01:00:00,0.0,IT.CAED/100752001.FACILITY,Ahlstrom-Munksjö Italia S.p.A.
2023-05-27 02:00:00,0.0,IT.CAED/100752001.FACILITY,Ahlstrom-Munksjö Italia S.p.A.
2023-05-27 03:00:00,0.0,IT.CAED/100752001.FACILITY,Ahlstrom-Munksjö Italia S.p.A.
2023-05-27 04:00:00,0.0,IT.CAED/100752001.FACILITY,Ahlstrom-Munksjö Italia S.p.A.
2023-05-27 05:00:00,0.0,IT.CAED/100752001.FACILITY,Ahlstrom-Munksjö Italia S.p.A.
2023-05-27 06:00:00,0.01013,IT.CAED/100752001.FACILITY,Ahlstrom-Munksjö Italia S.p.A.
2023-05-27 07:00:00,0.03152,IT.CAED/100752001.FACILITY,Ahlstrom-Munksjö Italia S.p.A.
2023-05-27 08:00:00,0.19353,IT.CAED/100752001.FACILITY,Ahlstrom-Munksjö Italia S.p.A.
2023-05-27 09:00:00,0.39291000000000004,IT.CAED/100752001.FACILITY,Ahlstrom-Munksjö Italia S.p.A.
2023-05-27 10:00:00,0.5764900000000001,IT.CAED/100752001.FACILITY,Ahlstrom-Munksjö Italia S.p.A.
2023-05-27 11:00:00,0.6624500000000001,IT.CAED/100752001.FACILITY,Ahlstrom-Munksjö Italia S.p.A.
2023-05-27 12:00:00,0.62242,IT.CAED/100752001.FACILITY,Ahlstrom-Munksjö Italia S.p.A.
2023-05-27 13:00:00,0.7310800000000001,IT.CAED/100752001.FACILITY,Ahlstrom-Munksjö Italia S.p.A.
2023-05-27 14:00:00,0.68591,IT.CAED/100752001.FACILITY,Ahlstrom-Munksjö Italia S.p.A.
2023-05-27 15:00:00,0.5550499999999999,IT.CAED/100752001.FACILITY,Ahlstrom-Munksjö Italia S.p.A.
2023-05-27 16:00:00,0.35306,IT.CAED/100752001.FACILITY,Ahlstrom-Munksjö Italia S.p.A.
2023-05-27 17:00:00,0.33861,IT.CAED/100752001.FACILITY,Ahlstrom-Munksjö Italia S.p.A.
2023-05-27 18:00:00,0.12365000000000001,IT.CAED/100752001.FACILITY,Ahlstrom-Munksjö Italia S.p.A.
2023-05-27 19:00:00,0.03162,IT.CAED/100752001.FACILITY,Ahlstrom-Munksjö Italia S.p.A.
2023-05-27 20:00:00,0.00209,IT.CAED/100752001.FACILITY,Ahlstrom-Munksjö Italia S.p.A.
2023-05-27 21:00:00,0.0,IT.CAED/100752001.FACILITY,Ahlstrom-Munksjö Italia S.p.A.
2023-05-27 22:00:00,0.0,IT.CAED/100752001.FACILITY,Ahlstrom-Munksjö Italia S.p.A.
2023-05-27 23:00:00,0.0,IT.CAED/100752001.FACILITY,Ahlstrom-Munksjö Italia S.p.A.
2023-05-28 00:00:00,0.0,IT.CAED/100752001.FACILITY,Ahlstrom-Munksjö Italia S.p.A.
2023-05-28 01:00:00,0.0,IT.CAED/100752001.FACILITY,Ahlstrom-Munksjö Italia S.p.A.
2023-05-28 02:00:00,0.0,IT.CAED/100752001.FACILITY,Ahlstrom-Munksjö Italia S.p.A.
2023-05-28 03:00:00,0.0,IT.CAED/100752001.FACILITY,Ahlstrom-Munksjö Italia S.p.A.
2023-05-28 04:00:00,0.0,IT.CAED/100752001.FACILITY,Ahlstrom-Munksjö Italia S.p.A.
2023-05-28 05:00:00,0.0,IT.CAED/100752001.FACILITY,Ahlstrom-Munksjö Italia S.p.A.
2023-05-28 06:00:00,0.00454,IT.CAED/100752001.FACILITY,Ahlstrom-Munksjö Italia S.p.A.
2023-05-28 07:00:00,0.0343,IT.CAED/100752001.FACILITY,Ahlstrom-Munksjö Italia S.p.A.
2023-05-28 08:00:00,0.12768000000000002,IT.CAED/100752001.FACILITY,Ahlstrom-Munksjö Italia S.p.A.
2023-05-28 09:00:00,0.31649,IT.CAED/100752001.FACILITY,Ahlstrom-Munksjö Italia S.p.A.
2023-05-28 10:00:00,0.47856,IT.CAED/100752001.FACILITY,Ahlstrom-Munksjö Italia S.p.A.
2023-05-28 11:00:00,0.58409,IT.CAED/100752001.FACILITY,Ahlstrom-Munksjö Italia S.p.A.
2023-05-28 12:00:00,0.37686000000000003,IT.CAED/100752001.FACILITY,Ahlstrom-Munksjö Italia S.p.A.
2023-05-28 13:00:00,0.45787,IT.CAED/100752001.FACILITY,Ahlstrom-Munksjö Italia S.p.A.
2023-05-28 14:00:00,0.5107200000000001,IT.CAED/100752001.FACILITY,Ahlstrom-Munksjö Italia S.p.A.
2023-05-28 15:00:00,0.49143000000000003,IT.CAED/100752001.FACILITY,Ahlstrom-Munksjö Italia S.p.A.
2023-05-28 16:00:00,0.48604,IT.CAED/100752001.FACILITY,Ahlstrom-Munksjö Italia S.p.A.
2023-05-28 17:00:00,0.32277999999999996,IT.CAED/100752001.FACILITY,Ahlstrom-Munksjö Italia S.p.A.
2023-05-28 18:00:00,0.15133000000000002,IT.CAED/100752001.FACILITY,Ahlstrom-Munksjö Italia S.p.A.
2023-05-28 19:00:00,0.04574,IT.CAED/100752001.FACILITY,Ahlstrom-Munksjö Italia S.p.A.
2023-05-28 20:00:00,0.00674,IT.CAED/100752001.FACILITY,Ahlstrom-Munksjö Italia S.p.A.
2023-05-28 21:00:00,0.0,IT.CAED/100752001.FACILITY,Ahlstrom-Munksjö Italia S.p.A.
2023-05-28 22:00:00,0.0,IT.CAED/100752001.FACILITY,Ahlstrom-Munksjö Italia S.p.A.
2023-05-28 23:00:00,0.0,IT.CAED/100752001.FACILITY,Ahlstrom-Munksjö Italia S.p.A.
2023-05-29 00:00:00,0.0,IT.CAED/100752001.FACILITY,Ahlstrom-Munksjö Italia S.p.A.
2023-05-29 01:00:00,0.0,IT.CAED/100752001.FACILITY,Ahlstrom-Munksjö Italia S.p.A.
2023-05-29 02:00:00,0.0,IT.CAED/100752001.FACILITY,Ahlstrom-Munksjö Italia S.p.A.
2023-05-29 03:00:00,0.0,IT.CAED/100752001.FACILITY,Ahlstrom-Munksjö Italia S.p.A.
2023-05-29 04:00:00,0.0,IT.CAED/100752001.FACILITY,Ahlstrom-Munksjö Italia S.p.A.
2023-05-29 05:00:00,0.0,IT.CAED/100752001.FACILITY,Ahlstrom-Munksjö Italia S.p.A.
2023-05-29 06:00:00,0.01099,IT.CAED/100752001.FACILITY,Ahlstrom-Munksjö Italia S.p.A.
2023-05-29 07:00:00,0.038740000000000004,IT.CAED/100752001.FACILITY,Ahlstrom-Munksjö Italia S.p.A.
2023-05-29 08:00:00,0.14535,IT.CAED/100752001.FACILITY,Ahlstrom-Munksjö Italia S.p.A.
2023-05-29 09:00:00,0.32633,IT.CAED/100752001.FACILITY,Ahlstrom-Munksjö Italia S.p.A.
2023-05-29 10:00:00,0.41063,IT.CAED/100752001.FACILITY,Ahlstrom-Munksjö Italia S.p.A.
2023-05-29 11:00:00,0.38972,IT.CAED/100752001.FACILITY,Ahlstrom-Munksjö Italia S.p.A.
2023-05-29 12:00:00,0.6396499999999999,IT.CAED/100752001.FACILITY,Ahlstrom-Munksjö Italia S.p.A.
2023-05-29 13:00:00,0.76232,IT.CAED/100752001.FACILITY,Ahlstrom-Munksjö Italia S.p.A.
2023-05-29 14:00:00,0.70856,IT.CAED/100752001.FACILITY,Ahlstrom-Munksjö Italia S.p.A.
2023-05-29 15:00:00,0.61738,IT.CAED/100752001.FACILITY,Ahlstrom-Munksjö Italia S.p.A.
2023-05-29 16:00:00,0.49539,IT.CAED/100752001.FACILITY,Ahlstrom-Munksjö Italia S.p.A.
2023-05-29 17:00:00,0.34784,IT.CAED/100752001.FACILITY,Ahlstrom-Munksjö Italia S.p.A.
2023-05-29 18:00:00,0.15499000000000002,IT.CAED/100752001.FACILITY,Ahlstrom-Munksjö Italia S.p.A.
2023-05-29 19:00:00,0.03548,IT.CAED/100752001.FACILITY,Ahlstrom-Munksjö Italia S.p.A.
2023-05-29 20:00:00,0.00577,IT.CAED/100752001.FACILITY,Ahlstrom-Munksjö Italia S.p.A.
2023-05-29 21:00:00,0.0,IT.CAED/100752001.FACILITY,Ahlstrom-Munksjö Italia S.p.A.
2023-05-29 22:00:00,0.0,IT.CAED/100752001.FACILITY,Ahlstrom-Munksjö Italia S.p.A.
2023-05-29 23:00:00,0.0,IT.CAED/100752001.FACILITY,Ahlstrom-Munksjö Italia S.p.A.
2023-05-30 00:00:00,0.0,IT.CAED/100752001.FACILITY,Ahlstrom-Munksjö Italia S.p.A.
2023-05-30 01:00:00,0.0,IT.CAED/100752001.FACILITY,Ahlstrom-Munksjö Italia S.p.A.
2023-05-30 02:00:00,0.0,IT.CAED/100752001.FACILITY,Ahlstrom-Munksjö Italia S.p.A.
2023-05-30 03:00:00,0.0,IT.CAED/100752001.FACILITY,Ahlstrom-Munksjö Italia S.p.A.
2023-05-30 04:00:00,0.0,IT.CAED/100752001.FACILITY,Ahlstrom-Munksjö Italia S.p.A.
2023-05-30 05:00:00,0.0,IT.CAED/100752001.FACILITY,Ahlstrom-Munksjö Italia S.p.A.
2023-05-30 06:00:00,0.01366,IT.CAED/100752001.FACILITY,Ahlstrom-Munksjö Italia S.p.A.
2023-05-30 07:00:00,0.03713,IT.CAED/100752001.FACILITY,Ahlstrom-Munksjö Italia S.p.A.
2023-05-30 08:00:00,0.19696,IT.CAED/100752001.FACILITY,Ahlstrom-Munksjö Italia S.p.A.
2023-05-30 09:00:00,0.40802999999999995,IT.CAED/100752001.FACILITY,Ahlstrom-Munksjö Italia S.p.A.
2023-05-30 10:00:00,0.58075,IT.CAED/100752001.FACILITY,Ahlstrom-Munksjö Italia S.p.A.
2023-05-30 11:00:00,0.62985,IT.CAED/100752001.FACILITY,Ahlstrom-Munksjö Italia S.p.A.
2023-05-30 12:00:00,0.69785,IT.CAED/100752001.FACILITY,Ahlstrom-Munksjö Italia S.p.A.
2023-05-30 13:00:00,0.67204,IT.CAED/100752001.FACILITY,Ahlstrom-Munksjö Italia S.p.A.
2023-05-30 14:00:00,0.63471,IT.CAED/100752001.FACILITY,Ahlstrom-Munksjö Italia S.p.A.
2023-05-30 15:00:00,0.56937,IT.CAED/100752001.FACILITY,Ahlstrom-Munksjö Italia S.p.A.
2023-05-30 16:00:00,0.41752,IT.CAED/100752001.FACILITY,Ahlstrom-Munksjö Italia S.p.A.
2023-05-30 17:00:00,0.26911,IT.CAED/100752001.FACILITY,Ahlstrom-Munksjö Italia S.p.A.
2023-05-30 18:00:00,0.12439,IT.CAED/100752001.FACILITY,Ahlstrom-Munksjö Italia S.p.A.
2023-05-30 19:00:00,0.04476,IT.CAED/100752001.FACILITY,Ahlstrom-Munksjö Italia S.p.A.
2023-05-30 20:00:00,0.00674,IT.CAED/100752001.FACILITY,Ahlstrom-Munksjö Italia S.p.A.
2023-05-30 21:00:00,0.0,IT.CAED/100752001.FACILITY,Ahlstrom-Munksjö Italia S.p.A.
2023-05-30 22:00:00,0.0,IT.CAED/100752001.FACILITY,Ahlstrom-Munksjö Italia S.p.A.
2023-05-30 23:00:00,0.0,IT.CAED/100752001.FACILITY,Ahlstrom-Munksjö Italia S.p.A.
2023-05-31 00:00:00,0.0,IT.CAED/100752001.FACILITY,Ahlstrom-Munksjö Italia S.p.A.
2023-05-31 01:00:00,0.0,IT.CAED/100752001.FACILITY,Ahlstrom-Munksjö Italia S.p.A.
2023-05-31 02:00:00,0.0,IT.CAED/100752001.FACILITY,Ahlstrom-Munksjö Italia S.p.A.
2023-05-31 03:00:00,0.0,IT.CAED/100752001.FACILITY,Ahlstrom-Munksjö Italia S.p.A.
2023-05-31 04:00:00,0.0,IT.CAED/100752001.FACILITY,Ahlstrom-Munksjö Italia S.p.A.
2023-05-31 05:00:00,0.0,IT.CAED/100752001.FACILITY,Ahlstrom-Munksjö Italia S.p.A.
2023-05-31 06:00:00,0.00848,IT.CAED/100752001.FACILITY,Ahlstrom-Munksjö Italia S.p.A.
2023-05-31 07:00:00,0.04401,IT.CAED/100752001.FACILITY,Ahlstrom-Munksjö Italia S.p.A.
2023-05-31 08:00:00,0.05489,IT.CAED/100752001.FACILITY,Ahlstrom-Munksjö Italia S.p.A.
2023-05-31 09:00:00,0.09922,IT.CAED/100752001.FACILITY,Ahlstrom-Munksjö Italia S.p.A.
2023-05-31 10:00:00,0.12734,IT.CAED/100752001.FACILITY,Ahlstrom-Munksjö Italia S.p.A.
2023-05-31 11:00:00,0.28558999999999996,IT.CAED/100752001.FACILITY,Ahlstrom-Munksjö Italia S.p.A.
2023-05-31 12:00:00,0.47476,IT.CAED/100752001.FACILITY,Ahlstrom-Munksjö Italia S.p.A.
2023-05-31 13:00:00,0.66874,IT.CAED/100752001.FACILITY,Ahlstrom-Munksjö Italia S.p.A.
2023-05-31 14:00:00,0.69485,IT.CAED/100752001.FACILITY,Ahlstrom-Munksjö Italia S.p.A.
2023-05-31 15:00:00,0.59165,IT.CAED/100752001.FACILITY,Ahlstrom-Munksjö Italia S.p.A.
2023-05-31 16:00:00,0.52613,IT.CAED/100752001.FACILITY,Ahlstrom-Munksjö Italia S.p.A.
2023-05-31 17:00:00,0.36007,IT.CAED/100752001.FACILITY,Ahlstrom-Munksjö Italia S.p.A.
2023-05-31 18:00:00,0.15943000000000002,IT.CAED/100752001.FACILITY,Ahlstrom-Munksjö Italia S.p.A.
2023-05-31 19:00:00,0.03562,IT.CAED/100752001.FACILITY,Ahlstrom-Munksjö Italia S.p.A.
2023-05-31 20:00:00,0.00647,IT.CAED/100752001.FACILITY,Ahlstrom-Munksjö Italia S.p.A.
2023-05-31 21:00:00,0.0,IT.CAED/100752001.FACILITY,Ahlstrom-Munksjö Italia S.p.A.
2023-05-31 22:00:00,0.0,IT.CAED/100752001.FACILITY,Ahlstrom-Munksjö Italia S.p.A.
2023-05-31 23:00:00,0.0,IT.CAED/100752001.FACILITY,Ahlstrom-Munksjö Italia S.p.A.
2023-06-01 00:00:00,0.0,IT.CAED/100752001.FACILITY,Ahlstrom-Munksjö Italia S.p.A.
2023-06-01 01:00:00,0.0,IT.CAED/100752001.FACILITY,Ahlstrom-Munksjö Italia S.p.A.
2023-06-01 02:00:00,0.0,IT.CAED/100752001.FACILITY,Ahlstrom-Munksjö Italia S.p.A.
2023-06-01 03:00:00,0.0,IT.CAED/100752001.FACILITY,Ahlstrom-Munksjö Italia S.p.A.
2023-06-01 04:00:00,0.0,IT.CAED/100752001.FACILITY,Ahlstrom-Munksjö Italia S.p.A.
2023-06-01 05:00:00,0.0,IT.CAED/100752001.FACILITY,Ahlstrom-Munksjö Italia S.p.A.
2023-06-01 06:00:00,0.01222,IT.CAED/100752001.FACILITY,Ahlstrom-Munksjö Italia S.p.A.
2023-06-01 07:00:00,0.0345,IT.CAED/100752001.FACILITY,Ahlstrom-Munksjö Italia S.p.A.
2023-06-01 08:00:00,0.19391,IT.CAED/100752001.FACILITY,Ahlstrom-Munksjö Italia S.p.A.
2023-06-01 09:00:00,0.40779000000000004,IT.CAED/100752001.FACILITY,Ahlstrom-Munksjö Italia S.p.A.
2023-06-01 10:00:00,0.58469,IT.CAED/100752001.FACILITY,Ahlstrom-Munksjö Italia S.p.A.
2023-06-01 11:00:00,0.73276,IT.CAED/100752001.FACILITY,Ahlstrom-Munksjö Italia S.p.A.
2023-06-01 12:00:00,0.75764,IT.CAED/100752001.FACILITY,Ahlstrom-Munksjö Italia S.p.A.
2023-06-01 13:00:00,0.74975,IT.CAED/100752001.FACILITY,Ahlstrom-Munksjö Italia S.p.A.
2023-06-01 14:00:00,0.7489600000000001,IT.CAED/100752001.FACILITY,Ahlstrom-Munksjö Italia S.p.A.
2023-06-01 15:00:00,0.6466799999999999,IT.CAED/100752001.FACILITY,Ahlstrom-Munksjö Italia S.p.A.
2023-06-01 16:00:00,0.5284800000000001,IT.CAED/100752001.FACILITY,Ahlstrom-Munksjö Italia S.p.A.
2023-06-01 17:00:00,0.36795,IT.CAED/100752001.FACILITY,Ahlstrom-Munksjö Italia S.p.A.
2023-06-01 18:00:00,0.16028,IT.CAED/100752001.FACILITY,Ahlstrom-Munksjö Italia S.p.A.
2023-06-01 19:00:00,0.03676,IT.CAED/100752001.FACILITY,Ahlstrom-Munksjö Italia S.p.A.
2023-06-01 20:00:00,0.0076,IT.CAED/100752001.FACILITY,Ahlstrom-Munksjö Italia S.p.A.
2023-06-01 21:00:00,0.0,IT.CAED/100752001.FACILITY,Ahlstrom-Munksjö Italia S.p.A.
2023-06-01 22:00:00,0.0,IT.CAED/100752001.FACILITY,Ahlstrom-Munksjö Italia S.p.A.
2023-06-01 23:00:00,0.0,IT.CAED/100752001.FACILITY,Ahlstrom-Munksjö Italia S.p.A.
2023-06-02 00:00:00,0.0,IT.CAED/100752001.FACILITY,Ahlstrom-Munksjö Italia S.p.A.
2023-06-02 01:00:00,0.0,IT.CAED/100752001.FACILITY,Ahlstrom-Munksjö Italia S.p.A.
2023-06-02 02:00:00,0.0,IT.CAED/100752001.FACILITY,Ahlstrom-Munksjö Italia S.p.A.
2023-06-02 03:00:00,0.0,IT.CAED/100752001.FACILITY,Ahlstrom-Munksjö Italia S.p.A.
2023-06-02 04:00:00,0.0,IT.CAED/100752001.FACILITY,Ahlstrom-Munksjö Italia S.p.A.
2023-06-02 05:00:00,0.0,IT.CAED/100752001.FACILITY,Ahlstrom-Munksjö Italia S.p.A.
2023-06-02 06:00:00,0.01288,IT.CAED/100752001.FACILITY,Ahlstrom-Munksjö Italia S.p.A.
2023-06-02 07:00:00,0.036520000000000004,IT.CAED/100752001.FACILITY,Ahlstrom-Munksjö Italia S.p.A.
2023-06-02 08:00:00,0.18988999999999998,IT.CAED/100752001.FACILITY,Ahlstrom-Munksjö Italia S.p.A.
2023-06-02 09:00:00,0.39044999999999996,IT.CAED/100752001.FACILITY,Ahlstrom-Munksjö Italia S.p.A.
2023-06-02 10:00:00,0.55713,IT.CAED/100752001.FACILITY,Ahlstrom-Munksjö Italia S.p.A.
2023-06-02 11:00:00,0.7201000000000001,IT.CAED/100752001.FACILITY,Ahlstrom-Munksjö Italia S.p.A.
2023-06-02 12:00:00,0.80006,IT.CAED/100752001.FACILITY,Ahlstrom-Munksjö Italia S.p.A.
2023-06-02 13:00:00,0.8006599999999999,IT.CAED/100752001.FACILITY,Ahlstrom-Munksjö Italia S.p.A.
2023-06-02 14:00:00,0.78662,IT.CAED/100752001.FACILITY,Ahlstrom-Munksjö Italia S.p.A.
2023-06-02 15:00:00,0.67538,IT.CAED/100752001.FACILITY,Ahlstrom-Munksjö Italia S.p.A.
2023-06-02 16:00:00,0.45776,IT.CAED/100752001.FACILITY,Ahlstrom-Munksjö Italia S.p.A.
2023-06-02 17:00:00,0.29637,IT.CAED/100752001.FACILITY,Ahlstrom-Munksjö Italia S.p.A.
2023-06-02 18:00:00,0.12689,IT.CAED/100752001.FACILITY,Ahlstrom-Munksjö Italia S.p.A.
2023-06-02 19:00:00,0.045149999999999996,IT.CAED/100752001.FACILITY,Ahlstrom-Munksjö Italia S.p.A.
2023-06-02 20:00:00,0.00839,IT.CAED/100752001.FACILITY,Ahlstrom-Munksjö Italia S.p.A.
2023-06-02 21:00:00,0.0,IT.CAED/100752001.FACILITY,Ahlstrom-Munksjö Italia S.p.A.
2023-06-02 22:00:00,0.0,IT.CAED/100752001.FACILITY,Ahlstrom-Munksjö Italia S.p.A.
2023-06-02 23:00:00,0.0,IT.CAED/100752001.FACILITY,Ahlstrom-Munksjö Italia S.p.A.
2023-06-03 00:00:00,0.0,IT.CAED/100752001.FACILITY,Ahlstrom-Munksjö Italia S.p.A.
2023-06-03 01:00:00,0.0,IT.CAED/100752001.FACILITY,Ahlstrom-Munksjö Italia S.p.A.
2023-06-03 02:00:00,0.0,IT.CAED/100752001.FACILITY,Ahlstrom-Munksjö Italia S.p.A.
2023-06-03 03:00:00,0.0,IT.CAED/100752001.FACILITY,Ahlstrom-Munksjö Italia S.p.A.
2023-06-03 04:00:00,0.0,IT.CAED/100752001.FACILITY,Ahlstrom-Munksjö Italia S.p.A.
2023-06-03 05:00:00,0.0,IT.CAED/100752001.FACILITY,Ahlstrom-Munksjö Italia S.p.A.
2023-06-03 06:00:00,0.01293,IT.CAED/100752001.FACILITY,Ahlstrom-Munksjö Italia S.p.A.
2023-06-03 07:00:00,0.0407,IT.CAED/100752001.FACILITY,Ahlstrom-Munksjö Italia S.p.A.
2023-06-03 08:00:00,0.18478999999999998,IT.CAED/100752001.FACILITY,Ahlstrom-Munksjö Italia S.p.A.
2023-06-03 09:00:00,0.39292,IT.CAED/100752001.FACILITY,Ahlstrom-Munksjö Italia S.p.A.
2023-06-03 10:00:00,0.58317,IT.CAED/100752001.FACILITY,Ahlstrom-Munksjö Italia S.p.A.
2023-06-03 11:00:00,0.7075199999999999,IT.CAED/100752001.FACILITY,Ahlstrom-Munksjö Italia S.p.A.
2023-06-03 12:00:00,0.76991,IT.CAED/100752001.FACILITY,Ahlstrom-Munksjö Italia S.p.A.
2023-06-03 13:00:00,0.73895,IT.CAED/100752001.FACILITY,Ahlstrom-Munksjö Italia S.p.A.
2023-06-03 14:00:00,0.70297,IT.CAED/100752001.FACILITY,Ahlstrom-Munksjö Italia S.p.A.
2023-06-03 15:00:00,0.48018,IT.CAED/100752001.FACILITY,Ahlstrom-Munksjö Italia S.p.A.
2023-06-03 16:00:00,0.49272000000000005,IT.CAED/100752001.FACILITY,Ahlstrom-Munksjö Italia S.p.A.
2023-06-03 17:00:00,0.29148,IT.CAED/100752001.FACILITY,Ahlstrom-Munksjö Italia S.p.A.
2023-06-03 18:00:00,0.13046000000000002,IT.CAED/100752001.FACILITY,Ahlstrom-Munksjö Italia S.p.A.
2023-06-03 19:00:00,0.04019,IT.CAED/100752001.FACILITY,Ahlstrom-Munksjö Italia S.p.A.
2023-06-03 20:00:00,0.0081,IT.CAED/100752001.FACILITY,Ahlstrom-Munksjö Italia S.p.A.
2023-06-03 21:00:00,0.0,IT.CAED/100752001.FACILITY,Ahlstrom-Munksjö Italia S.p.A.
2023-06-03 22:00:00,0.0,IT.CAED/100752001.FACILITY,Ahlstrom-Munksjö Italia S.p.A.
2023-06-03 23:00:00,0.0,IT.CAED/100752001.FACILITY,Ahlstrom-Munksjö Italia S.p.A.
2023-06-04 00:00:00,0.0,IT.CAED/100752001.FACILITY,Ahlstrom-Munksjö Italia S.p.A.
2023-06-04 01:00:00,0.0,IT.CAED/100752001.FACILITY,Ahlstrom-Munksjö Italia S.p.A.
2023-06-04 02:00:00,0.0,IT.CAED/100752001.FACILITY,Ahlstrom-Munksjö Italia S.p.A.
2023-06-04 03:00:00,0.0,IT.CAED/100752001.FACILITY,Ahlstrom-Munksjö Italia S.p.A.
2023-06-04 04:00:00,0.0,IT.CAED/100752001.FACILITY,Ahlstrom-Munksjö Italia S.p.A.
2023-06-04 05:00:00,0.0,IT.CAED/100752001.FACILITY,Ahlstrom-Munksjö Italia S.p.A.
2023-06-04 06:00:00,0.009130000000000001,IT.CAED/100752001.FACILITY,Ahlstrom-Munksjö Italia S.p.A.
2023-06-04 07:00:00,0.03564,IT.CAED/100752001.FACILITY,Ahlstrom-Munksjö Italia S.p.A.
2023-06-04 08:00:00,0.15208000000000002,IT.CAED/100752001.FACILITY,Ahlstrom-Munksjö Italia S.p.A.
2023-06-04 09:00:00,0.28520999999999996,IT.CAED/100752001.FACILITY,Ahlstrom-Munksjö Italia S.p.A.
2023-06-04 10:00:00,0.43057999999999996,IT.CAED/100752001.FACILITY,Ahlstrom-Munksjö Italia S.p.A.
2023-06-04 11:00:00,0.5129,IT.CAED/100752001.FACILITY,Ahlstrom-Munksjö Italia S.p.A.
2023-06-04 12:00:00,0.60402,IT.CAED/100752001.FACILITY,Ahlstrom-Munksjö Italia S.p.A.
2023-06-04 13:00:00,0.48458999999999997,IT.CAED/100752001.FACILITY,Ahlstrom-Munksjö Italia S.p.A.
2023-06-04 14:00:00,0.54947,IT.CAED/100752001.FACILITY,Ahlstrom-Munksjö Italia S.p.A.
2023-06-04 15:00:00,0.54571,IT.CAED/100752001.FACILITY,Ahlstrom-Munksjö Italia S.p.A.
2023-06-04 16:00:00,0.41375,IT.CAED/100752001.FACILITY,Ahlstrom-Munksjö Italia S.p.A.
2023-06-04 17:00:00,0.27308,IT.CAED/100752001.FACILITY,Ahlstrom-Munksjö Italia S.p.A.
2023-06-04 18:00:00,0.10442,IT.CAED/100752001.FACILITY,Ahlstrom-Munksjö Italia S.p.A.
2023-06-04 19:00:00,0.03438,IT.CAED/100752001.FACILITY,Ahlstrom-Munksjö Italia S.p.A.
2023-06-04 20:00:00,0.00816,IT.CAED/100752001.FACILITY,Ahlstrom-Munksjö Italia S.p.A.
2023-06-04 21:00:00,0.0,IT.CAED/100752001.FACILITY,Ahlstrom-Munksjö Italia S.p.A.
2023-06-04 22:00:00,0.0,IT.CAED/100752001.FACILITY,Ahlstrom-Munksjö Italia S.p.A.
2023-06-04 23:00:00,0.0,IT.CAED/100752001.FACILITY,Ahlstrom-Munksjö Italia S.p.A.
2023-06-05 00:00:00,0.0,IT.CAED/100752001.FACILITY,Ahlstrom-Munksjö Italia S.p.A.
2023-06-05 01:00:00,0.0,IT.CAED/100752001.FACILITY,Ahlstrom-Munksjö Italia S.p.A.
2023-06-05 02:00:00,0.0,IT.CAED/100752001.FACILITY,Ahlstrom-Munksjö Italia S.p.A.
2023-06-05 03:00:00,0.0,IT.CAED/100752001.FACILITY,Ahlstrom-Munksjö Italia S.p.A.
2023-06-05 04:00:00,0.0,IT.CAED/100752001.FACILITY,Ahlstrom-Munksjö Italia S.p.A.
2023-06-05 05:00:00,0.0,IT.CAED/100752001.FACILITY,Ahlstrom-Munksjö Italia S.p.A.
2023-06-05 06:00:00,0.00873,IT.CAED/100752001.FACILITY,Ahlstrom-Munksjö Italia S.p.A.
2023-06-05 07:00:00,0.03739,IT.CAED/100752001.FACILITY,Ahlstrom-Munksjö Italia S.p.A.
2023-06-05 08:00:00,0.12513,IT.CAED/100752001.FACILITY,Ahlstrom-Munksjö Italia S.p.A.
2023-06-05 09:00:00,0.24227,IT.CAED/100752001.FACILITY,Ahlstrom-Munksjö Italia S.p.A.
2023-06-05 10:00:00,0.44729,IT.CAED/100752001.FACILITY,Ahlstrom-Munksjö Italia S.p.A.
2023-06-05 11:00:00,0.45221,IT.CAED/100752001.FACILITY,Ahlstrom-Munksjö Italia S.p.A.
2023-06-05 12:00:00,0.5684,IT.CAED/100752001.FACILITY,Ahlstrom-Munksjö Italia S.p.A.
2023-06-05 13:00:00,0.62236,IT.CAED/100752001.FACILITY,Ahlstrom-Munksjö Italia S.p.A.
2023-06-05 14:00:00,0.64377,IT.CAED/100752001.FACILITY,Ahlstrom-Munksjö Italia S.p.A.
2023-06-05 15:00:00,0.53531,IT.CAED/100752001.FACILITY,Ahlstrom-Munksjö Italia S.p.A.
2023-06-05 16:00:00,0.48419999999999996,IT.CAED/100752001.FACILITY,Ahlstrom-Munksjö Italia S.p.A.
2023-06-05 17:00:00,0.26149,IT.CAED/100752001.FACILITY,Ahlstrom-Munksjö Italia S.p.A.
2023-06-05 18:00:00,0.14678,IT.CAED/100752001.FACILITY,Ahlstrom-Munksjö Italia S.p.A.
2023-06-05 19:00:00,0.05378,IT.CAED/100752001.FACILITY,Ahlstrom-Munksjö Italia S.p.A.
2023-06-05 20:00:00,0.00933,IT.CAED/100752001.FACILITY,Ahlstrom-Munksjö Italia S.p.A.
2023-06-05 21:00:00,0.0,IT.CAED/100752001.FACILITY,Ahlstrom-Munksjö Italia S.p.A.
2023-06-05 22:00:00,0.0,IT.CAED/100752001.FACILITY,Ahlstrom-Munksjö Italia S.p.A.
2023-06-05 23:00:00,0.0,IT.CAED/100752001.FACILITY,Ahlstrom-Munksjö Italia S.p.A.
2023-06-06 00:00:00,0.0,IT.CAED/100752001.FACILITY,Ahlstrom-Munksjö Italia S.p.A.
2023-06-06 01:00:00,0.0,IT.CAED/100752001.FACILITY,Ahlstrom-Munksjö Italia S.p.A.
2023-06-06 02:00:00,0.0,IT.CAED/100752001.FACILITY,Ahlstrom-Munksjö Italia S.p.A.
2023-06-06 03:00:00,0.0,IT.CAED/100752001.FACILITY,Ahlstrom-Munksjö Italia S.p.A.
2023-06-06 04:00:00,0.0,IT.CAED/100752001.FACILITY,Ahlstrom-Munksjö Italia S.p.A.
2023-06-06 05:00:00,0.0,IT.CAED/100752001.FACILITY,Ahlstrom-Munksjö Italia S.p.A.
2023-06-06 06:00:00,0.01208,IT.CAED/100752001.FACILITY,Ahlstrom-Munksjö Italia S.p.A.
2023-06-06 07:00:00,0.039229999999999994,IT.CAED/100752001.FACILITY,Ahlstrom-Munksjö Italia S.p.A.
2023-06-06 08:00:00,0.19326,IT.CAED/100752001.FACILITY,Ahlstrom-Munksjö Italia S.p.A.
2023-06-06 09:00:00,0.39935000000000004,IT.CAED/100752001.FACILITY,Ahlstrom-Munksjö Italia S.p.A.
2023-06-06 10:00:00,0.5771000000000001,IT.CAED/100752001.FACILITY,Ahlstrom-Munksjö Italia S.p.A.
2023-06-06 11:00:00,0.69674,IT.CAED/100752001.FACILITY,Ahlstrom-Munksjö Italia S.p.A.
2023-06-06 12:00:00,0.74688,IT.CAED/100752001.FACILITY,Ahlstrom-Munksjö Italia S.p.A.
2023-06-06 13:00:00,0.76076,IT.CAED/100752001.FACILITY,Ahlstrom-Munksjö Italia S.p.A.
2023-06-06 14:00:00,0.67506,IT.CAED/100752001.FACILITY,Ahlstrom-Munksjö Italia S.p.A.
2023-06-06 15:00:00,0.58245,IT.CAED/100752001.FACILITY,Ahlstrom-Munksjö Italia S.p.A.
2023-06-06 16:00:00,0.5260199999999999,IT.CAED/100752001.FACILITY,Ahlstrom-Munksjö Italia S.p.A.
2023-06-06 17:00:00,0.34812,IT.CAED/100752001.FACILITY,Ahlstrom-Munksjö Italia S.p.A.
2023-06-06 18:00:00,0.12746,IT.CAED/100752001.FACILITY,Ahlstrom-Munksjö Italia S.p.A.
2023-06-06 19:00:00,0.041729999999999996,IT.CAED/100752001.FACILITY,Ahlstrom-Munksjö Italia S.p.A.
2023-06-06 20:00:00,0.0074800000000000005,IT.CAED/100752001.FACILITY,Ahlstrom-Munksjö Italia S.p.A.
2023-06-06 21:00:00,0.0,IT.CAED/100752001.FACILITY,Ahlstrom-Munksjö Italia S.p.A.
2023-06-06 22:00:00,0.0,IT.CAED/100752001.FACILITY,Ahlstrom-Munksjö Italia S.p.A.
2023-06-06 23:00:00,0.0,IT.CAED/100752001.FACILITY,Ahlstrom-Munksjö Italia S.p.A.
2023-06-07 00:00:00,0.0,IT.CAED/100752001.FACILITY,Ahlstrom-Munksjö Italia S.p.A.
2023-06-07 01:00:00,0.0,IT.CAED/100752001.FACILITY,Ahlstrom-Munksjö Italia S.p.A.
2023-06-07 02:00:00,0.0,IT.CAED/100752001.FACILITY,Ahlstrom-Munksjö Italia S.p.A.
2023-06-07 03:00:00,0.0,IT.CAED/100752001.FACILITY,Ahlstrom-Munksjö Italia S.p.A.
2023-06-07 04:00:00,0.0,IT.CAED/100752001.FACILITY,Ahlstrom-Munksjö Italia S.p.A.
2023-06-07 05:00:00,0.0,IT.CAED/100752001.FACILITY,Ahlstrom-Munksjö Italia S.p.A.
2023-06-07 06:00:00,0.01274,IT.CAED/100752001.FACILITY,Ahlstrom-Munksjö Italia S.p.A.
2023-06-07 07:00:00,0.03246,IT.CAED/100752001.FACILITY,Ahlstrom-Munksjö Italia S.p.A.
2023-06-07 08:00:00,0.14019,IT.CAED/100752001.FACILITY,Ahlstrom-Munksjö Italia S.p.A.
2023-06-07 09:00:00,0.29578,IT.CAED/100752001.FACILITY,Ahlstrom-Munksjö Italia S.p.A.
2023-06-07 10:00:00,0.52573,IT.CAED/100752001.FACILITY,Ahlstrom-Munksjö Italia S.p.A.
2023-06-07 11:00:00,0.67202,IT.CAED/100752001.FACILITY,Ahlstrom-Munksjö Italia S.p.A.
2023-06-07 12:00:00,0.64701,IT.CAED/100752001.FACILITY,Ahlstrom-Munksjö Italia S.p.A.
2023-06-07 13:00:00,0.72465,IT.CAED/100752001.FACILITY,Ahlstrom-Munksjö Italia S.p.A.
2023-06-07 14:00:00,0.68241,IT.CAED/100752001.FACILITY,Ahlstrom-Munksjö Italia S.p.A.
2023-06-07 15:00:00,0.55496,IT.CAED/100752001.FACILITY,Ahlstrom-Munksjö Italia S.p.A.
2023-06-07 16:00:00,0.49568,IT.CAED/100752001.FACILITY,Ahlstrom-Munksjö Italia S.p.A.
2023-06-07 17:00:00,0.32953,IT.CAED/100752001.FACILITY,Ahlstrom-Munksjö Italia S.p.A.
2023-06-07 18:00:00,0.14693,IT.CAED/100752001.FACILITY,Ahlstrom-Munksjö Italia S.p.A.
2023-06-07 19:00:00,0.03455,IT.CAED/100752001.FACILITY,Ahlstrom-Munksjö Italia S.p.A.
2023-06-07 20:00:00,0.00895,IT.CAED/100752001.FACILITY,Ahlstrom-Munksjö Italia S.p.A.
2023-06-07 21:00:00,0.0,IT.CAED/100752001.FACILITY,Ahlstrom-Munksjö Italia S.p.A.
2023-06-07 22:00:00,0.0,IT.CAED/100752001.FACILITY,Ahlstrom-Munksjö Italia S.p.A.
2023-06-07 23:00:00,0.0,IT.CAED/100752001.FACILITY,Ahlstrom-Munksjö Italia S.p.A.
2023-06-08 00:00:00,0.0,IT.CAED/100752001.FACILITY,Ahlstrom-Munksjö Italia S.p.A.
2023-06-08 01:00:00,0.0,IT.CAED/100752001.FACILITY,Ahlstrom-Munksjö Italia S.p.A.
2023-06-08 02:00:00,0.0,IT.CAED/100752001.FACILITY,Ahlstrom-Munksjö Italia S.p.A.
2023-06-08 03:00:00,0.0,IT.CAED/100752001.FACILITY,Ahlstrom-Munksjö Italia S.p.A.
2023-06-08 04:00:00,0.0,IT.CAED/100752001.FACILITY,Ahlstrom-Munksjö Italia S.p.A.
2023-06-08 05:00:00,0.0,IT.CAED/100752001.FACILITY,Ahlstrom-Munksjö Italia S.p.A.
2023-06-08 06:00:00,0.011349999999999999,IT.CAED/100752001.FACILITY,Ahlstrom-Munksjö Italia S.p.A.
2023-06-08 07:00:00,0.04234,IT.CAED/100752001.FACILITY,Ahlstrom-Munksjö Italia S.p.A.
2023-06-08 08:00:00,0.16287000000000001,IT.CAED/100752001.FACILITY,Ahlstrom-Munksjö Italia S.p.A.
2023-06-08 09:00:00,0.27655,IT.CAED/100752001.FACILITY,Ahlstrom-Munksjö Italia S.p.A.
2023-06-08 10:00:00,0.51891,IT.CAED/100752001.FACILITY,Ahlstrom-Munksjö Italia S.p.A.
2023-06-08 11:00:00,0.60348,IT.CAED/100752001.FACILITY,Ahlstrom-Munksjö Italia S.p.A.
2023-06-08 12:00:00,0.6201599999999999,IT.CAED/100752001.FACILITY,Ahlstrom-Munksjö Italia S.p.A.
2023-06-08 13:00:00,0.67826,IT.CAED/100752001.FACILITY,Ahlstrom-Munksjö Italia S.p.A.
2023-06-08 14:00:00,0.73303,IT.CAED/100752001.FACILITY,Ahlstrom-Munksjö Italia S.p.A.
2023-06-08 15:00:00,0.5922999999999999,IT.CAED/100752001.FACILITY,Ahlstrom-Munksjö Italia S.p.A.
2023-06-08 16:00:00,0.49263,IT.CAED/100752001.FACILITY,Ahlstrom-Munksjö Italia S.p.A.
2023-06-08 17:00:00,0.30387000000000003,IT.CAED/100752001.FACILITY,Ahlstrom-Munksjö Italia S.p.A.
2023-06-08 18:00:00,0.14609,IT.CAED/100752001.FACILITY,Ahlstrom-Munksjö Italia S.p.A.
2023-06-08 19:00:00,0.037380000000000004,IT.CAED/100752001.FACILITY,Ahlstrom-Munksjö Italia S.p.A.
2023-06-08 20:00:00,0.01175,IT.CAED/100752001.FACILITY,Ahlstrom-Munksjö Italia S.p.A.
2023-06-08 21:00:00,0.0,IT.CAED/100752001.FACILITY,Ahlstrom-Munksjö Italia S.p.A.
2023-06-08 22:00:00,0.0,IT.CAED/100752001.FACILITY,Ahlstrom-Munksjö Italia S.p.A.
2023-06-08 23:00:00,0.0,IT.CAED/100752001.FACILITY,Ahlstrom-Munksjö Italia S.p.A.
2023-06-09 00:00:00,0.0,IT.CAED/100752001.FACILITY,Ahlstrom-Munksjö Italia S.p.A.
2023-06-09 01:00:00,0.0,IT.CAED/100752001.FACILITY,Ahlstrom-Munksjö Italia S.p.A.
2023-06-09 02:00:00,0.0,IT.CAED/100752001.FACILITY,Ahlstrom-Munksjö Italia S.p.A.
2023-06-09 03:00:00,0.0,IT.CAED/100752001.FACILITY,Ahlstrom-Munksjö Italia S.p.A.
2023-06-09 04:00:00,0.0,IT.CAED/100752001.FACILITY,Ahlstrom-Munksjö Italia S.p.A.
2023-06-09 05:00:00,0.0,IT.CAED/100752001.FACILITY,Ahlstrom-Munksjö Italia S.p.A.
2023-06-09 06:00:00,0.00694,IT.CAED/100752001.FACILITY,Ahlstrom-Munksjö Italia S.p.A.
2023-06-09 07:00:00,0.04235,IT.CAED/100752001.FACILITY,Ahlstrom-Munksjö Italia S.p.A.
2023-06-09 08:00:00,0.11252,IT.CAED/100752001.FACILITY,Ahlstrom-Munksjö Italia S.p.A.
2023-06-09 09:00:00,0.21832,IT.CAED/100752001.FACILITY,Ahlstrom-Munksjö Italia S.p.A.
2023-06-09 10:00:00,0.26888999999999996,IT.CAED/100752001.FACILITY,Ahlstrom-Munksjö Italia S.p.A.
2023-06-09 11:00:00,0.38281,IT.CAED/100752001.FACILITY,Ahlstrom-Munksjö Italia S.p.A.
2023-06-09 12:00:00,0.35725,IT.CAED/100752001.FACILITY,Ahlstrom-Munksjö Italia S.p.A.
2023-06-09 13:00:00,0.38814,IT.CAED/100752001.FACILITY,Ahlstrom-Munksjö Italia S.p.A.
2023-06-09 14:00:00,0.27985000000000004,IT.CAED/100752001.FACILITY,Ahlstrom-Munksjö Italia S.p.A.
2023-06-09 15:00:00,0.21581999999999998,IT.CAED/100752001.FACILITY,Ahlstrom-Munksjö Italia S.p.A.
2023-06-09 16:00:00,0.27464,IT.CAED/100752001.FACILITY,Ahlstrom-Munksjö Italia S.p.A.
2023-06-09 17:00:00,0.14999,IT.CAED/100752001.FACILITY,Ahlstrom-Munksjö Italia S.p.A.
2023-06-09 18:00:00,0.07334,IT.CAED/100752001.FACILITY,Ahlstrom-Munksjö Italia S.p.A.
2023-06-09 19:00:00,0.02899,IT.CAED/100752001.FACILITY,Ahlstrom-Munksjö Italia S.p.A.
2023-06-09 20:00:00,0.00588,IT.CAED/100752001.FACILITY,Ahlstrom-Munksjö Italia S.p.A.
2023-06-09 21:00:00,0.0,IT.CAED/100752001.FACILITY,Ahlstrom-Munksjö Italia S.p.A.
2023-06-09 22:00:00,0.0,IT.CAED/100752001.FACILITY,Ahlstrom-Munksjö Italia S.p.A.
2023-06-09 23:00:00,0.0,IT.CAED/100752001.FACILITY,Ahlstrom-Munksjö Italia S.p.A.
2023-06-10 00:00:00,0.0,IT.CAED/100752001.FACILITY,Ahlstrom-Munksjö Italia S.p.A.
2023-06-10 01:00:00,0.0,IT.CAED/100752001.FACILITY,Ahlstrom-Munksjö Italia S.p.A.
2023-06-10 02:00:00,0.0,IT.CAED/100752001.FACILITY,Ahlstrom-Munksjö Italia S.p.A.
2023-06-10 03:00:00,0.0,IT.CAED/100752001.FACILITY,Ahlstrom-Munksjö Italia S.p.A.
2023-06-10 04:00:00,0.0,IT.CAED/100752001.FACILITY,Ahlstrom-Munksjö Italia S.p.A.
2023-06-10 05:00:00,0.0,IT.CAED/100752001.FACILITY,Ahlstrom-Munksjö Italia S.p.A.
2023-06-10 06:00:00,0.00461,IT.CAED/100752001.FACILITY,Ahlstrom-Munksjö Italia S.p.A.
2023-06-10 07:00:00,0.032740000000000005,IT.CAED/100752001.FACILITY,Ahlstrom-Munksjö Italia S.p.A.
2023-06-10 08:00:00,0.10246,IT.CAED/100752001.FACILITY,Ahlstrom-Munksjö Italia S.p.A.
2023-06-10 09:00:00,0.26191000000000003,IT.CAED/100752001.FACILITY,Ahlstrom-Munksjö Italia S.p.A.
2023-06-10 10:00:00,0.42597,IT.CAED/100752001.FACILITY,Ahlstrom-Munksjö Italia S.p.A.
2023-06-10 11:00:00,0.59904,IT.CAED/100752001.FACILITY,Ahlstrom-Munksjö Italia S.p.A.
2023-06-10 12:00:00,0.51337,IT.CAED/100752001.FACILITY,Ahlstrom-Munksjö Italia S.p.A.
2023-06-10 13:00:00,0.45522,IT.CAED/100752001.FACILITY,Ahlstrom-Munksjö Italia S.p.A.
2023-06-10 14:00:00,0.42054,IT.CAED/100752001.FACILITY,Ahlstrom-Munksjö Italia S.p.A.
2023-06-10 15:00:00,0.45782,IT.CAED/100752001.FACILITY,Ahlstrom-Munksjö Italia S.p.A.
2023-06-10 16:00:00,0.36063999999999996,IT.CAED/100752001.FACILITY,Ahlstrom-Munksjö Italia S.p.A.
2023-06-10 17:00:00,0.27464999999999995,IT.CAED/100752001.FACILITY,Ahlstrom-Munksjö Italia S.p.A.
2023-06-10 18:00:00,0.13509000000000002,IT.CAED/100752001.FACILITY,Ahlstrom-Munksjö Italia S.p.A.
2023-06-10 19:00:00,0.04902,IT.CAED/100752001.FACILITY,Ahlstrom-Munksjö Italia S.p.A.
2023-06-10 20:00:00,0.01514,IT.CAED/100752001.FACILITY,Ahlstrom-Munksjö Italia S.p.A.
2023-06-10 21:00:00,0.0,IT.CAED/100752001.FACILITY,Ahlstrom-Munksjö Italia S.p.A.
2023-06-10 22:00:00,0.0,IT.CAED/100752001.FACILITY,Ahlstrom-Munksjö Italia S.p.A.
2023-06-10 23:00:00,0.0,IT.CAED/100752001.FACILITY,Ahlstrom-Munksjö Italia S.p.A.
2023-06-11 00:00:00,0.0,IT.CAED/100752001.FACILITY,Ahlstrom-Munksjö Italia S.p.A.
2023-06-11 01:00:00,0.0,IT.CAED/100752001.FACILITY,Ahlstrom-Munksjö Italia S.p.A.
2023-06-11 02:00:00,0.0,IT.CAED/100752001.FACILITY,Ahlstrom-Munksjö Italia S.p.A.
2023-06-11 03:00:00,0.0,IT.CAED/100752001.FACILITY,Ahlstrom-Munksjö Italia S.p.A.
2023-06-11 04:00:00,0.0,IT.CAED/100752001.FACILITY,Ahlstrom-Munksjö Italia S.p.A.
2023-06-11 05:00:00,0.0,IT.CAED/100752001.FACILITY,Ahlstrom-Munksjö Italia S.p.A.
2023-06-11 06:00:00,0.015390000000000001,IT.CAED/100752001.FACILITY,Ahlstrom-Munksjö Italia S.p.A.
2023-06-11 07:00:00,0.05197,IT.CAED/100752001.FACILITY,Ahlstrom-Munksjö Italia S.p.A.
2023-06-11 08:00:00,0.18481999999999998,IT.CAED/100752001.FACILITY,Ahlstrom-Munksjö Italia S.p.A.
2023-06-11 09:00:00,0.39515,IT.CAED/100752001.FACILITY,Ahlstrom-Munksjö Italia S.p.A.
2023-06-11 10:00:00,0.5783400000000001,IT.CAED/100752001.FACILITY,Ahlstrom-Munksjö Italia S.p.A.
2023-06-11 11:00:00,0.71485,IT.CAED/100752001.FACILITY,Ahlstrom-Munksjö Italia S.p.A.
2023-06-11 12:00:00,0.7721,IT.CAED/100752001.FACILITY,Ahlstrom-Munksjö Italia S.p.A.
2023-06-11 13:00:00,0.69587,IT.CAED/100752001.FACILITY,Ahlstrom-Munksjö Italia S.p.A.
2023-06-11 14:00:00,0.735,IT.CAED/100752001.FACILITY,Ahlstrom-Munksjö Italia S.p.A.
2023-06-11 15:00:00,0.66087,IT.CAED/100752001.FACILITY,Ahlstrom-Munksjö Italia S.p.A.
2023-06-11 16:00:00,0.4766,IT.CAED/100752001.FACILITY,Ahlstrom-Munksjö Italia S.p.A.
2023-06-11 17:00:00,0.32244,IT.CAED/100752001.FACILITY,Ahlstrom-Munksjö Italia S.p.A.
2023-06-11 18:00:00,0.09895999999999999,IT.CAED/100752001.FACILITY,Ahlstrom-Munksjö Italia S.p.A.
2023-06-11 19:00:00,0.03885,IT.CAED/100752001.FACILITY,Ahlstrom-Munksjö Italia S.p.A.
2023-06-11 20:00:00,0.00862,IT.CAED/100752001.FACILITY,Ahlstrom-Munksjö Italia S.p.A.
2023-06-11 21:00:00,0.0,IT.CAED/100752001.FACILITY,Ahlstrom-Munksjö Italia S.p.A.
2023-06-11 22:00:00,0.0,IT.CAED/100752001.FACILITY,Ahlstrom-Munksjö Italia S.p.A.
2023-06-11 23:00:00,0.0,IT.CAED/100752001.FACILITY,Ahlstrom-Munksjö Italia S.p.A.
2023-06-12 00:00:00,0.0,IT.CAED/100752001.FACILITY,Ahlstrom-Munksjö Italia S.p.A.
2023-06-12 01:00:00,0.0,IT.CAED/100752001.FACILITY,Ahlstrom-Munksjö Italia S.p.A.
2023-06-12 02:00:00,0.0,IT.CAED/100752001.FACILITY,Ahlstrom-Munksjö Italia S.p.A.
2023-06-12 03:00:00,0.0,IT.CAED/100752001.FACILITY,Ahlstrom-Munksjö Italia S.p.A.
2023-06-12 04:00:00,0.0,IT.CAED/100752001.FACILITY,Ahlstrom-Munksjö Italia S.p.A.
2023-06-12 05:00:00,0.0,IT.CAED/100752001.FACILITY,Ahlstrom-Munksjö Italia S.p.A.
2023-06-12 06:00:00,0.006,IT.CAED/100752001.FACILITY,Ahlstrom-Munksjö Italia S.p.A.
2023-06-12 07:00:00,0.03476,IT.CAED/100752001.FACILITY,Ahlstrom-Munksjö Italia S.p.A.
2023-06-12 08:00:00,0.11205,IT.CAED/100752001.FACILITY,Ahlstrom-Munksjö Italia S.p.A.
2023-06-12 09:00:00,0.2968,IT.CAED/100752001.FACILITY,Ahlstrom-Munksjö Italia S.p.A.
2023-06-12 10:00:00,0.47286,IT.CAED/100752001.FACILITY,Ahlstrom-Munksjö Italia S.p.A.
2023-06-12 11:00:00,0.627,IT.CAED/100752001.FACILITY,Ahlstrom-Munksjö Italia S.p.A.
2023-06-12 12:00:00,0.51112,IT.CAED/100752001.FACILITY,Ahlstrom-Munksjö Italia S.p.A.
2023-06-12 13:00:00,0.62946,IT.CAED/100752001.FACILITY,Ahlstrom-Munksjö Italia S.p.A.
2023-06-12 14:00:00,0.60854,IT.CAED/100752001.FACILITY,Ahlstrom-Munksjö Italia S.p.A.
2023-06-12 15:00:00,0.40431,IT.CAED/100752001.FACILITY,Ahlstrom-Munksjö Italia S.p.A.
2023-06-12 16:00:00,0.37443,IT.CAED/100752001.FACILITY,Ahlstrom-Munksjö Italia S.p.A.
2023-06-12 17:00:00,0.21092,IT.CAED/100752001.FACILITY,Ahlstrom-Munksjö Italia S.p.A.
2023-06-12 18:00:00,0.08689,IT.CAED/100752001.FACILITY,Ahlstrom-Munksjö Italia S.p.A.
2023-06-12 19:00:00,0.04076,IT.CAED/100752001.FACILITY,Ahlstrom-Munksjö Italia S.p.A.
2023-06-12 20:00:00,0.00876,IT.CAED/100752001.FACILITY,Ahlstrom-Munksjö Italia S.p.A.
2023-06-12 21:00:00,0.0,IT.CAED/100752001.FACILITY,Ahlstrom-Munksjö Italia S.p.A.
2023-06-12 22:00:00,0.0,IT.CAED/100752001.FACILITY,Ahlstrom-Munksjö Italia S.p.A.
2023-06-12 23:00:00,0.0,IT.CAED/100752001.FACILITY,Ahlstrom-Munksjö Italia S.p.A.
2023-06-13 00:00:00,0.0,IT.CAED/100752001.FACILITY,Ahlstrom-Munksjö Italia S.p.A.
2023-06-13 01:00:00,0.0,IT.CAED/100752001.FACILITY,Ahlstrom-Munksjö Italia S.p.A.
2023-06-13 02:00:00,0.0,IT.CAED/100752001.FACILITY,Ahlstrom-Munksjö Italia S.p.A.
2023-06-13 03:00:00,0.0,IT.CAED/100752001.FACILITY,Ahlstrom-Munksjö Italia S.p.A.
2023-06-13 04:00:00,0.0,IT.CAED/100752001.FACILITY,Ahlstrom-Munksjö Italia S.p.A.
2023-06-13 05:00:00,0.0,IT.CAED/100752001.FACILITY,Ahlstrom-Munksjö Italia S.p.A.
2023-06-13 06:00:00,7.000000000000001e-05,IT.CAED/100752001.FACILITY,Ahlstrom-Munksjö Italia S.p.A.
2023-06-13 07:00:00,0.009269999999999999,IT.CAED/100752001.FACILITY,Ahlstrom-Munksjö Italia S.p.A.
2023-06-13 08:00:00,0.02467,IT.CAED/100752001.FACILITY,Ahlstrom-Munksjö Italia S.p.A.
2023-06-13 09:00:00,0.09115000000000001,IT.CAED/100752001.FACILITY,Ahlstrom-Munksjö Italia S.p.A.
2023-06-13 10:00:00,0.15338,IT.CAED/100752001.FACILITY,Ahlstrom-Munksjö Italia S.p.A.
2023-06-13 11:00:00,0.23751,IT.CAED/100752001.FACILITY,Ahlstrom-Munksjö Italia S.p.A.
2023-06-13 12:00:00,0.15978,IT.CAED/100752001.FACILITY,Ahlstrom-Munksjö Italia S.p.A.
2023-06-13 13:00:00,0.17268,IT.CAED/100752001.FACILITY,Ahlstrom-Munksjö Italia S.p.A.
2023-06-13 14:00:00,0.19316999999999998,IT.CAED/100752001.FACILITY,Ahlstrom-Munksjö Italia S.p.A.
2023-06-13 15:00:00,0.20199,IT.CAED/100752001.FACILITY,Ahlstrom-Munksjö Italia S.p.A.
2023-06-13 16:00:00,0.23113,IT.CAED/100752001.FACILITY,Ahlstrom-Munksjö Italia S.p.A.
2023-06-13 17:00:00,0.11169,IT.CAED/100752001.FACILITY,Ahlstrom-Munksjö Italia S.p.A.
2023-06-13 18:00:00,0.06509000000000001,IT.CAED/100752001.FACILITY,Ahlstrom-Munksjö Italia S.p.A.
2023-06-13 19:00:00,0.041210000000000004,IT.CAED/100752001.FACILITY,Ahlstrom-Munksjö Italia S.p.A.
2023-06-13 20:00:00,0.0066,IT.CAED/100752001.FACILITY,Ahlstrom-Munksjö Italia S.p.A.
2023-06-13 21:00:00,0.0,IT.CAED/100752001.FACILITY,Ahlstrom-Munksjö Italia S.p.A.
2023-06-13 22:00:00,0.0,IT.CAED/100752001.FACILITY,Ahlstrom-Munksjö Italia S.p.A.
2023-06-13 23:00:00,0.0,IT.CAED/100752001.FACILITY,Ahlstrom-Munksjö Italia S.p.A.
2023-06-14 00:00:00,0.0,IT.CAED/100752001.FACILITY,Ahlstrom-Munksjö Italia S.p.A.
2023-06-14 01:00:00,0.0,IT.CAED/100752001.FACILITY,Ahlstrom-Munksjö Italia S.p.A.
2023-06-14 02:00:00,0.0,IT.CAED/100752001.FACILITY,Ahlstrom-Munksjö Italia S.p.A.
2023-06-14 03:00:00,0.0,IT.CAED/100752001.FACILITY,Ahlstrom-Munksjö Italia S.p.A.
2023-06-14 04:00:00,0.0,IT.CAED/100752001.FACILITY,Ahlstrom-Munksjö Italia S.p.A.
2023-06-14 05:00:00,0.0,IT.CAED/100752001.FACILITY,Ahlstrom-Munksjö Italia S.p.A.
2023-06-14 06:00:00,0.01124,IT.CAED/100752001.FACILITY,Ahlstrom-Munksjö Italia S.p.A.
2023-06-14 07:00:00,0.05007,IT.CAED/100752001.FACILITY,Ahlstrom-Munksjö Italia S.p.A.
2023-06-14 08:00:00,0.10584,IT.CAED/100752001.FACILITY,Ahlstrom-Munksjö Italia S.p.A.
2023-06-14 09:00:00,0.24897,IT.CAED/100752001.FACILITY,Ahlstrom-Munksjö Italia S.p.A.
2023-06-14 10:00:00,0.34616,IT.CAED/100752001.FACILITY,Ahlstrom-Munksjö Italia S.p.A.
2023-06-14 11:00:00,0.45606,IT.CAED/100752001.FACILITY,Ahlstrom-Munksjö Italia S.p.A.
2023-06-14 12:00:00,0.44768,IT.CAED/100752001.FACILITY,Ahlstrom-Munksjö Italia S.p.A.
2023-06-14 13:00:00,0.54304,IT.CAED/100752001.FACILITY,Ahlstrom-Munksjö Italia S.p.A.
2023-06-14 14:00:00,0.56668,IT.CAED/100752001.FACILITY,Ahlstrom-Munksjö Italia S.p.A.
2023-06-14 15:00:00,0.54564,IT.CAED/100752001.FACILITY,Ahlstrom-Munksjö Italia S.p.A.
2023-06-14 16:00:00,0.43256,IT.CAED/100752001.FACILITY,Ahlstrom-Munksjö Italia S.p.A.
2023-06-14 17:00:00,0.30974,IT.CAED/100752001.FACILITY,Ahlstrom-Munksjö Italia S.p.A.
2023-06-14 18:00:00,0.14396,IT.CAED/100752001.FACILITY,Ahlstrom-Munksjö Italia S.p.A.
2023-06-14 19:00:00,0.04952,IT.CAED/100752001.FACILITY,Ahlstrom-Munksjö Italia S.p.A.
2023-06-14 20:00:00,0.01021,IT.CAED/100752001.FACILITY,Ahlstrom-Munksjö Italia S.p.A.
2023-06-14 21:00:00,0.0,IT.CAED/100752001.FACILITY,Ahlstrom-Munksjö Italia S.p.A.
2023-06-14 22:00:00,0.0,IT.CAED/100752001.FACILITY,Ahlstrom-Munksjö Italia S.p.A.
2023-06-14 23:00:00,0.0,IT.CAED/100752001.FACILITY,Ahlstrom-Munksjö Italia S.p.A.
2023-06-15 00:00:00,0.0,IT.CAED/100752001.FACILITY,Ahlstrom-Munksjö Italia S.p.A.
2023-06-15 01:00:00,0.0,IT.CAED/100752001.FACILITY,Ahlstrom-Munksjö Italia S.p.A.
2023-06-15 02:00:00,0.0,IT.CAED/100752001.FACILITY,Ahlstrom-Munksjö Italia S.p.A.
2023-06-15 03:00:00,0.0,IT.CAED/100752001.FACILITY,Ahlstrom-Munksjö Italia S.p.A.
2023-06-15 04:00:00,0.0,IT.CAED/100752001.FACILITY,Ahlstrom-Munksjö Italia S.p.A.
2023-06-15 05:00:00,0.0,IT.CAED/100752001.FACILITY,Ahlstrom-Munksjö Italia S.p.A.
2023-06-15 06:00:00,0.012320000000000001,IT.CAED/100752001.FACILITY,Ahlstrom-Munksjö Italia S.p.A.
2023-06-15 07:00:00,0.04679,IT.CAED/100752001.FACILITY,Ahlstrom-Munksjö Italia S.p.A.
2023-06-15 08:00:00,0.17482,IT.CAED/100752001.FACILITY,Ahlstrom-Munksjö Italia S.p.A.
2023-06-15 09:00:00,0.38606,IT.CAED/100752001.FACILITY,Ahlstrom-Munksjö Italia S.p.A.
2023-06-15 10:00:00,0.50161,IT.CAED/100752001.FACILITY,Ahlstrom-Munksjö Italia S.p.A.
2023-06-15 11:00:00,0.6134400000000001,IT.CAED/100752001.FACILITY,Ahlstrom-Munksjö Italia S.p.A.
2023-06-15 12:00:00,0.59676,IT.CAED/100752001.FACILITY,Ahlstrom-Munksjö Italia S.p.A.
2023-06-15 13:00:00,0.7310399999999999,IT.CAED/100752001.FACILITY,Ahlstrom-Munksjö Italia S.p.A.
2023-06-15 14:00:00,0.74488,IT.CAED/100752001.FACILITY,Ahlstrom-Munksjö Italia S.p.A.
2023-06-15 15:00:00,0.50802,IT.CAED/100752001.FACILITY,Ahlstrom-Munksjö Italia S.p.A.
2023-06-15 16:00:00,0.4621,IT.CAED/100752001.FACILITY,Ahlstrom-Munksjö Italia S.p.A.
2023-06-15 17:00:00,0.2666,IT.CAED/100752001.FACILITY,Ahlstrom-Munksjö Italia S.p.A.
2023-06-15 18:00:00,0.13935,IT.CAED/100752001.FACILITY,Ahlstrom-Munksjö Italia S.p.A.
2023-06-15 19:00:00,0.04082,IT.CAED/100752001.FACILITY,Ahlstrom-Munksjö Italia S.p.A.
2023-06-15 20:00:00,0.01018,IT.CAED/100752001.FACILITY,Ahlstrom-Munksjö Italia S.p.A.
2023-06-15 21:00:00,0.0,IT.CAED/100752001.FACILITY,Ahlstrom-Munksjö Italia S.p.A.
2023-06-15 22:00:00,0.0,IT.CAED/100752001.FACILITY,Ahlstrom-Munksjö Italia S.p.A.
2023-06-15 23:00:00,0.0,IT.CAED/100752001.FACILITY,Ahlstrom-Munksjö Italia S.p.A.
2023-06-16 00:00:00,0.0,IT.CAED/100752001.FACILITY,Ahlstrom-Munksjö Italia S.p.A.
2023-06-16 01:00:00,0.0,IT.CAED/100752001.FACILITY,Ahlstrom-Munksjö Italia S.p.A.
2023-06-16 02:00:00,0.0,IT.CAED/100752001.FACILITY,Ahlstrom-Munksjö Italia S.p.A.
2023-06-16 03:00:00,0.0,IT.CAED/100752001.FACILITY,Ahlstrom-Munksjö Italia S.p.A.
2023-06-16 04:00:00,0.0,IT.CAED/100752001.FACILITY,Ahlstrom-Munksjö Italia S.p.A.
2023-06-16 05:00:00,0.0,IT.CAED/100752001.FACILITY,Ahlstrom-Munksjö Italia S.p.A.
2023-06-16 06:00:00,0.01492,IT.CAED/100752001.FACILITY,Ahlstrom-Munksjö Italia S.p.A.
2023-06-16 07:00:00,0.040369999999999996,IT.CAED/100752001.FACILITY,Ahlstrom-Munksjö Italia S.p.A.
2023-06-16 08:00:00,0.18317,IT.CAED/100752001.FACILITY,Ahlstrom-Munksjö Italia S.p.A.
2023-06-16 09:00:00,0.39400999999999997,IT.CAED/100752001.FACILITY,Ahlstrom-Munksjö Italia S.p.A.
2023-06-16 10:00:00,0.57677,IT.CAED/100752001.FACILITY,Ahlstrom-Munksjö Italia S.p.A.
2023-06-16 11:00:00,0.6559400000000001,IT.CAED/100752001.FACILITY,Ahlstrom-Munksjö Italia S.p.A.
2023-06-16 12:00:00,0.75261,IT.CAED/100752001.FACILITY,Ahlstrom-Munksjö Italia S.p.A.
2023-06-16 13:00:00,0.7145499999999999,IT.CAED/100752001.FACILITY,Ahlstrom-Munksjö Italia S.p.A.
2023-06-16 14:00:00,0.64022,IT.CAED/100752001.FACILITY,Ahlstrom-Munksjö Italia S.p.A.
2023-06-16 15:00:00,0.6278400000000001,IT.CAED/100752001.FACILITY,Ahlstrom-Munksjö Italia S.p.A.
2023-06-16 16:00:00,0.55649,IT.CAED/100752001.FACILITY,Ahlstrom-Munksjö Italia S.p.A.
2023-06-16 17:00:00,0.38106,IT.CAED/100752001.FACILITY,Ahlstrom-Munksjö Italia S.p.A.
2023-06-16 18:00:00,0.17458,IT.CAED/100752001.FACILITY,Ahlstrom-Munksjö Italia S.p.A.
2023-06-16 19:00:00,0.03308,IT.CAED/100752001.FACILITY,Ahlstrom-Munksjö Italia S.p.A.
2023-06-16 20:00:00,0.012199999999999999,IT.CAED/100752001.FACILITY,Ahlstrom-Munksjö Italia S.p.A.
2023-06-16 21:00:00,0.0,IT.CAED/100752001.FACILITY,Ahlstrom-Munksjö Italia S.p.A.
2023-06-16 22:00:00,0.0,IT.CAED/100752001.FACILITY,Ahlstrom-Munksjö Italia S.p.A.
2023-06-16 23:00:00,0.0,IT.CAED/100752001.FACILITY,Ahlstrom-Munksjö Italia S.p.A.
2023-06-17 00:00:00,0.0,IT.CAED/100752001.FACILITY,Ahlstrom-Munksjö Italia S.p.A.
2023-06-17 01:00:00,0.0,IT.CAED/100752001.FACILITY,Ahlstrom-Munksjö Italia S.p.A.
2023-06-17 02:00:00,0.0,IT.CAED/100752001.FACILITY,Ahlstrom-Munksjö Italia S.p.A.
2023-06-17 03:00:00,0.0,IT.CAED/100752001.FACILITY,Ahlstrom-Munksjö Italia S.p.A.
2023-06-17 04:00:00,0.0,IT.CAED/100752001.FACILITY,Ahlstrom-Munksjö Italia S.p.A.
2023-06-17 05:00:00,0.0,IT.CAED/100752001.FACILITY,Ahlstrom-Munksjö Italia S.p.A.
2023-06-17 06:00:00,0.01436,IT.CAED/100752001.FACILITY,Ahlstrom-Munksjö Italia S.p.A.
2023-06-17 07:00:00,0.047380000000000005,IT.CAED/100752001.FACILITY,Ahlstrom-Munksjö Italia S.p.A.
2023-06-17 08:00:00,0.17349,IT.CAED/100752001.FACILITY,Ahlstrom-Munksjö Italia S.p.A.
2023-06-17 09:00:00,0.36138,IT.CAED/100752001.FACILITY,Ahlstrom-Munksjö Italia S.p.A.
2023-06-17 10:00:00,0.56812,IT.CAED/100752001.FACILITY,Ahlstrom-Munksjö Italia S.p.A.
2023-06-17 11:00:00,0.67318,IT.CAED/100752001.FACILITY,Ahlstrom-Munksjö Italia S.p.A.
2023-06-17 12:00:00,0.65466,IT.CAED/100752001.FACILITY,Ahlstrom-Munksjö Italia S.p.A.
2023-06-17 13:00:00,0.67347,IT.CAED/100752001.FACILITY,Ahlstrom-Munksjö Italia S.p.A.
2023-06-17 14:00:00,0.6529400000000001,IT.CAED/100752001.FACILITY,Ahlstrom-Munksjö Italia S.p.A.
2023-06-17 15:00:00,0.66104,IT.CAED/100752001.FACILITY,Ahlstrom-Munksjö Italia S.p.A.
2023-06-17 16:00:00,0.51455,IT.CAED/100752001.FACILITY,Ahlstrom-Munksjö Italia S.p.A.
2023-06-17 17:00:00,0.35962,IT.CAED/100752001.FACILITY,Ahlstrom-Munksjö Italia S.p.A.
2023-06-17 18:00:00,0.17071,IT.CAED/100752001.FACILITY,Ahlstrom-Munksjö Italia S.p.A.
2023-06-17 19:00:00,0.03227,IT.CAED/100752001.FACILITY,Ahlstrom-Munksjö Italia S.p.A.
2023-06-17 20:00:00,0.01289,IT.CAED/100752001.FACILITY,Ahlstrom-Munksjö Italia S.p.A.
2023-06-17 21:00:00,0.0,IT.CAED/100752001.FACILITY,Ahlstrom-Munksjö Italia S.p.A.
2023-06-17 22:00:00,0.0,IT.CAED/100752001.FACILITY,Ahlstrom-Munksjö Italia S.p.A.
2023-06-17 23:00:00,0.0,IT.CAED/100752001.FACILITY,Ahlstrom-Munksjö Italia S.p.A.
2023-06-18 00:00:00,0.0,IT.CAED/100752001.FACILITY,Ahlstrom-Munksjö Italia S.p.A.
2023-06-18 01:00:00,0.0,IT.CAED/100752001.FACILITY,Ahlstrom-Munksjö Italia S.p.A.
2023-06-18 02:00:00,0.0,IT.CAED/100752001.FACILITY,Ahlstrom-Munksjö Italia S.p.A.
2023-06-18 03:00:00,0.0,IT.CAED/100752001.FACILITY,Ahlstrom-Munksjö Italia S.p.A.
2023-06-18 04:00:00,0.0,IT.CAED/100752001.FACILITY,Ahlstrom-Munksjö Italia S.p.A.
2023-06-18 05:00:00,0.0,IT.CAED/100752001.FACILITY,Ahlstrom-Munksjö Italia S.p.A.
2023-06-18 06:00:00,0.008919999999999999,IT.CAED/100752001.FACILITY,Ahlstrom-Munksjö Italia S.p.A.
2023-06-18 07:00:00,0.046939999999999996,IT.CAED/100752001.FACILITY,Ahlstrom-Munksjö Italia S.p.A.
2023-06-18 08:00:00,0.07662999999999999,IT.CAED/100752001.FACILITY,Ahlstrom-Munksjö Italia S.p.A.
2023-06-18 09:00:00,0.11726,IT.CAED/100752001.FACILITY,Ahlstrom-Munksjö Italia S.p.A.
2023-06-18 10:00:00,0.22144,IT.CAED/100752001.FACILITY,Ahlstrom-Munksjö Italia S.p.A.
2023-06-18 11:00:00,0.29213,IT.CAED/100752001.FACILITY,Ahlstrom-Munksjö Italia S.p.A.
2023-06-18 12:00:00,0.29612,IT.CAED/100752001.FACILITY,Ahlstrom-Munksjö Italia S.p.A.
2023-06-18 13:00:00,0.37189999999999995,IT.CAED/100752001.FACILITY,Ahlstrom-Munksjö Italia S.p.A.
2023-06-18 14:00:00,0.30151,IT.CAED/100752001.FACILITY,Ahlstrom-Munksjö Italia S.p.A.
2023-06-18 15:00:00,0.24184,IT.CAED/100752001.FACILITY,Ahlstrom-Munksjö Italia S.p.A.
2023-06-18 16:00:00,0.26431,IT.CAED/100752001.FACILITY,Ahlstrom-Munksjö Italia S.p.A.
2023-06-18 17:00:00,0.14573,IT.CAED/100752001.FACILITY,Ahlstrom-Munksjö Italia S.p.A.
2023-06-18 18:00:00,0.11040000000000001,IT.CAED/100752001.FACILITY,Ahlstrom-Munksjö Italia S.p.A.
2023-06-18 19:00:00,0.0476,IT.CAED/100752001.FACILITY,Ahlstrom-Munksjö Italia S.p.A.
2023-06-18 20:00:00,0.01055,IT.CAED/100752001.FACILITY,Ahlstrom-Munksjö Italia S.p.A.
2023-06-18 21:00:00,0.0,IT.CAED/100752001.FACILITY,Ahlstrom-Munksjö Italia S.p.A.
2023-06-18 22:00:00,0.0,IT.CAED/100752001.FACILITY,Ahlstrom-Munksjö Italia S.p.A.
2023-06-18 23:00:00,0.0,IT.CAED/100752001.FACILITY,Ahlstrom-Munksjö Italia S.p.A.
2023-06-19 00:00:00,0.0,IT.CAED/100752001.FACILITY,Ahlstrom-Munksjö Italia S.p.A.
2023-06-19 01:00:00,0.0,IT.CAED/100752001.FACILITY,Ahlstrom-Munksjö Italia S.p.A.
2023-06-19 02:00:00,0.0,IT.CAED/100752001.FACILITY,Ahlstrom-Munksjö Italia S.p.A.
2023-06-19 03:00:00,0.0,IT.CAED/100752001.FACILITY,Ahlstrom-Munksjö Italia S.p.A.
2023-06-19 04:00:00,0.0,IT.CAED/100752001.FACILITY,Ahlstrom-Munksjö Italia S.p.A.
2023-06-19 05:00:00,0.0,IT.CAED/100752001.FACILITY,Ahlstrom-Munksjö Italia S.p.A.
2023-06-19 06:00:00,0.01167,IT.CAED/100752001.FACILITY,Ahlstrom-Munksjö Italia S.p.A.
2023-06-19 07:00:00,0.046770000000000006,IT.CAED/100752001.FACILITY,Ahlstrom-Munksjö Italia S.p.A.
2023-06-19 08:00:00,0.12236,IT.CAED/100752001.FACILITY,Ahlstrom-Munksjö Italia S.p.A.
2023-06-19 09:00:00,0.30976,IT.CAED/100752001.FACILITY,Ahlstrom-Munksjö Italia S.p.A.
2023-06-19 10:00:00,0.36791,IT.CAED/100752001.FACILITY,Ahlstrom-Munksjö Italia S.p.A.
2023-06-19 11:00:00,0.46482999999999997,IT.CAED/100752001.FACILITY,Ahlstrom-Munksjö Italia S.p.A.
2023-06-19 12:00:00,0.53032,IT.CAED/100752001.FACILITY,Ahlstrom-Munksjö Italia S.p.A.
2023-06-19 13:00:00,0.49476,IT.CAED/100752001.FACILITY,Ahlstrom-Munksjö Italia S.p.A.
2023-06-19 14:00:00,0.31194,IT.CAED/100752001.FACILITY,Ahlstrom-Munksjö Italia S.p.A.
2023-06-19 15:00:00,0.27222,IT.CAED/100752001.FACILITY,Ahlstrom-Munksjö Italia S.p.A.
2023-06-19 16:00:00,0.17668,IT.CAED/100752001.FACILITY,Ahlstrom-Munksjö Italia S.p.A.
2023-06-19 17:00:00,0.14233,IT.CAED/100752001.FACILITY,Ahlstrom-Munksjö Italia S.p.A.
2023-06-19 18:00:00,0.10912000000000001,IT.CAED/100752001.FACILITY,Ahlstrom-Munksjö Italia S.p.A.
2023-06-19 19:00:00,0.041229999999999996,IT.CAED/100752001.FACILITY,Ahlstrom-Munksjö Italia S.p.A.
2023-06-19 20:00:00,0.01112,IT.CAED/100752001.FACILITY,Ahlstrom-Munksjö Italia S.p.A.
2023-06-19 21:00:00,0.0,IT.CAED/100752001.FACILITY,Ahlstrom-Munksjö Italia S.p.A.
2023-06-19 22:00:00,0.0,IT.CAED/100752001.FACILITY,Ahlstrom-Munksjö Italia S.p.A.
2023-06-19 23:00:00,0.0,IT.CAED/100752001.FACILITY,Ahlstrom-Munksjö Italia S.p.A.
2023-06-20 00:00:00,0.0,IT.CAED/100752001.FACILITY,Ahlstrom-Munksjö Italia S.p.A.
2023-06-20 01:00:00,0.0,IT.CAED/100752001.FACILITY,Ahlstrom-Munksjö Italia S.p.A.
2023-06-20 02:00:00,0.0,IT.CAED/100752001.FACILITY,Ahlstrom-Munksjö Italia S.p.A.
2023-06-20 03:00:00,0.0,IT.CAED/100752001.FACILITY,Ahlstrom-Munksjö Italia S.p.A.
2023-06-20 04:00:00,0.0,IT.CAED/100752001.FACILITY,Ahlstrom-Munksjö Italia S.p.A.
2023-06-20 05:00:00,0.0,IT.CAED/100752001.FACILITY,Ahlstrom-Munksjö Italia S.p.A.
2023-06-20 06:00:00,0.00449,IT.CAED/100752001.FACILITY,Ahlstrom-Munksjö Italia S.p.A.
2023-06-20 07:00:00,0.024489999999999998,IT.CAED/100752001.FACILITY,Ahlstrom-Munksjö Italia S.p.A.
2023-06-20 08:00:00,0.09281,IT.CAED/100752001.FACILITY,Ahlstrom-Munksjö Italia S.p.A.
2023-06-20 09:00:00,0.14996,IT.CAED/100752001.FACILITY,Ahlstrom-Munksjö Italia S.p.A.
2023-06-20 10:00:00,0.27668,IT.CAED/100752001.FACILITY,Ahlstrom-Munksjö Italia S.p.A.
2023-06-20 11:00:00,0.27025,IT.CAED/100752001.FACILITY,Ahlstrom-Munksjö Italia S.p.A.
2023-06-20 12:00:00,0.37329,IT.CAED/100752001.FACILITY,Ahlstrom-Munksjö Italia S.p.A.
2023-06-20 13:00:00,0.42573,IT.CAED/100752001.FACILITY,Ahlstrom-Munksjö Italia S.p.A.
2023-06-20 14:00:00,0.49276,IT.CAED/100752001.FACILITY,Ahlstrom-Munksjö Italia S.p.A.
2023-06-20 15:00:00,0.43554000000000004,IT.CAED/100752001.FACILITY,Ahlstrom-Munksjö Italia S.p.A.
2023-06-20 16:00:00,0.31867,IT.CAED/100752001.FACILITY,Ahlstrom-Munksjö Italia S.p.A.
2023-06-20 17:00:00,0.27952,IT.CAED/100752001.FACILITY,Ahlstrom-Munksjö Italia S.p.A.
2023-06-20 18:00:00,0.13572,IT.CAED/100752001.FACILITY,Ahlstrom-Munksjö Italia S.p.A.
2023-06-20 19:00:00,0.03364,IT.CAED/100752001.FACILITY,Ahlstrom-Munksjö Italia S.p.A.
2023-06-20 20:00:00,0.01026,IT.CAED/100752001.FACILITY,Ahlstrom-Munksjö Italia S.p.A.
2023-06-20 21:00:00,0.0,IT.CAED/100752001.FACILITY,Ahlstrom-Munksjö Italia S.p.A.
2023-06-20 22:00:00,0.0,IT.CAED/100752001.FACILITY,Ahlstrom-Munksjö Italia S.p.A.
2023-06-20 23:00:00,0.0,IT.CAED/100752001.FACILITY,Ahlstrom-Munksjö Italia S.p.A.
2023-06-21 00:00:00,0.0,IT.CAED/100752001.FACILITY,Ahlstrom-Munksjö Italia S.p.A.
2023-06-21 01:00:00,0.0,IT.CAED/100752001.FACILITY,Ahlstrom-Munksjö Italia S.p.A.
2023-06-21 02:00:00,0.0,IT.CAED/100752001.FACILITY,Ahlstrom-Munksjö Italia S.p.A.
2023-06-21 03:00:00,0.0,IT.CAED/100752001.FACILITY,Ahlstrom-Munksjö Italia S.p.A.
2023-06-21 04:00:00,0.0,IT.CAED/100752001.FACILITY,Ahlstrom-Munksjö Italia S.p.A.
2023-06-21 05:00:00,0.0,IT.CAED/100752001.FACILITY,Ahlstrom-Munksjö Italia S.p.A.
2023-06-21 06:00:00,0.01225,IT.CAED/100752001.FACILITY,Ahlstrom-Munksjö Italia S.p.A.
2023-06-21 07:00:00,0.03995,IT.CAED/100752001.FACILITY,Ahlstrom-Munksjö Italia S.p.A.
2023-06-21 08:00:00,0.17183,IT.CAED/100752001.FACILITY,Ahlstrom-Munksjö Italia S.p.A.
2023-06-21 09:00:00,0.36064999999999997,IT.CAED/100752001.FACILITY,Ahlstrom-Munksjö Italia S.p.A.
2023-06-21 10:00:00,0.54501,IT.CAED/100752001.FACILITY,Ahlstrom-Munksjö Italia S.p.A.
2023-06-21 11:00:00,0.65739,IT.CAED/100752001.FACILITY,Ahlstrom-Munksjö Italia S.p.A.
2023-06-21 12:00:00,0.69632,IT.CAED/100752001.FACILITY,Ahlstrom-Munksjö Italia S.p.A.
2023-06-21 13:00:00,0.72577,IT.CAED/100752001.FACILITY,Ahlstrom-Munksjö Italia S.p.A.
2023-06-21 14:00:00,0.65108,IT.CAED/100752001.FACILITY,Ahlstrom-Munksjö Italia S.p.A.
2023-06-21 15:00:00,0.37418,IT.CAED/100752001.FACILITY,Ahlstrom-Munksjö Italia S.p.A.
2023-06-21 16:00:00,0.30737000000000003,IT.CAED/100752001.FACILITY,Ahlstrom-Munksjö Italia S.p.A.
2023-06-21 17:00:00,0.25257,IT.CAED/100752001.FACILITY,Ahlstrom-Munksjö Italia S.p.A.
2023-06-21 18:00:00,0.17364,IT.CAED/100752001.FACILITY,Ahlstrom-Munksjö Italia S.p.A.
2023-06-21 19:00:00,0.05144,IT.CAED/100752001.FACILITY,Ahlstrom-Munksjö Italia S.p.A.
2023-06-21 20:00:00,0.01853,IT.CAED/100752001.FACILITY,Ahlstrom-Munksjö Italia S.p.A.
2023-06-21 21:00:00,0.0,IT.CAED/100752001.FACILITY,Ahlstrom-Munksjö Italia S.p.A.
2023-06-21 22:00:00,0.0,IT.CAED/100752001.FACILITY,Ahlstrom-Munksjö Italia S.p.A.
2023-06-21 23:00:00,0.0,IT.CAED/100752001.FACILITY,Ahlstrom-Munksjö Italia S.p.A.
2023-06-22 00:00:00,0.0,IT.CAED/100752001.FACILITY,Ahlstrom-Munksjö Italia S.p.A.
2023-06-22 01:00:00,0.0,IT.CAED/100752001.FACILITY,Ahlstrom-Munksjö Italia S.p.A.
2023-06-22 02:00:00,0.0,IT.CAED/100752001.FACILITY,Ahlstrom-Munksjö Italia S.p.A.
2023-06-22 03:00:00,0.0,IT.CAED/100752001.FACILITY,Ahlstrom-Munksjö Italia S.p.A.
2023-06-22 04:00:00,0.0,IT.CAED/100752001.FACILITY,Ahlstrom-Munksjö Italia S.p.A.
2023-06-22 05:00:00,0.0,IT.CAED/100752001.FACILITY,Ahlstrom-Munksjö Italia S.p.A.
2023-06-22 06:00:00,0.0152,IT.CAED/100752001.FACILITY,Ahlstrom-Munksjö Italia S.p.A.
2023-06-22 07:00:00,0.047369999999999995,IT.CAED/100752001.FACILITY,Ahlstrom-Munksjö Italia S.p.A.
2023-06-22 08:00:00,0.1785,IT.CAED/100752001.FACILITY,Ahlstrom-Munksjö Italia S.p.A.
2023-06-22 09:00:00,0.30138,IT.CAED/100752001.FACILITY,Ahlstrom-Munksjö Italia S.p.A.
2023-06-22 10:00:00,0.42081,IT.CAED/100752001.FACILITY,Ahlstrom-Munksjö Italia S.p.A.
2023-06-22 11:00:00,0.36607,IT.CAED/100752001.FACILITY,Ahlstrom-Munksjö Italia S.p.A.
2023-06-22 12:00:00,0.36736,IT.CAED/100752001.FACILITY,Ahlstrom-Munksjö Italia S.p.A.
2023-06-22 13:00:00,0.4925,IT.CAED/100752001.FACILITY,Ahlstrom-Munksjö Italia S.p.A.
2023-06-22 14:00:00,0.50024,IT.CAED/100752001.FACILITY,Ahlstrom-Munksjö Italia S.p.A.
2023-06-22 15:00:00,0.43542000000000003,IT.CAED/100752001.FACILITY,Ahlstrom-Munksjö Italia S.p.A.
2023-06-22 16:00:00,0.43413999999999997,IT.CAED/100752001.FACILITY,Ahlstrom-Munksjö Italia S.p.A.
2023-06-22 17:00:00,0.23955,IT.CAED/100752001.FACILITY,Ahlstrom-Munksjö Italia S.p.A.
2023-06-22 18:00:00,0.10574,IT.CAED/100752001.FACILITY,Ahlstrom-Munksjö Italia S.p.A.
2023-06-22 19:00:00,0.039240000000000004,IT.CAED/100752001.FACILITY,Ahlstrom-Munksjö Italia S.p.A.
2023-06-22 20:00:00,0.01218,IT.CAED/100752001.FACILITY,Ahlstrom-Munksjö Italia S.p.A.
2023-06-22 21:00:00,0.0,IT.CAED/100752001.FACILITY,Ahlstrom-Munksjö Italia S.p.A.
2023-06-22 22:00:00,0.0,IT.CAED/100752001.FACILITY,Ahlstrom-Munksjö Italia S.p.A.
2023-06-22 23:00:00,0.0,IT.CAED/100752001.FACILITY,Ahlstrom-Munksjö Italia S.p.A.
2023-06-23 00:00:00,0.0,IT.CAED/100752001.FACILITY,Ahlstrom-Munksjö Italia S.p.A.
2023-06-23 01:00:00,0.0,IT.CAED/100752001.FACILITY,Ahlstrom-Munksjö Italia S.p.A.
2023-06-23 02:00:00,0.0,IT.CAED/100752001.FACILITY,Ahlstrom-Munksjö Italia S.p.A.
2023-06-23 03:00:00,0.0,IT.CAED/100752001.FACILITY,Ahlstrom-Munksjö Italia S.p.A.
2023-06-23 04:00:00,0.0,IT.CAED/100752001.FACILITY,Ahlstrom-Munksjö Italia S.p.A.
2023-06-23 05:00:00,0.0,IT.CAED/100752001.FACILITY,Ahlstrom-Munksjö Italia S.p.A.
2023-06-23 06:00:00,0.01307,IT.CAED/100752001.FACILITY,Ahlstrom-Munksjö Italia S.p.A.
2023-06-23 07:00:00,0.04319,IT.CAED/100752001.FACILITY,Ahlstrom-Munksjö Italia S.p.A.
2023-06-23 08:00:00,0.17701,IT.CAED/100752001.FACILITY,Ahlstrom-Munksjö Italia S.p.A.
2023-06-23 09:00:00,0.39105,IT.CAED/100752001.FACILITY,Ahlstrom-Munksjö Italia S.p.A.
2023-06-23 10:00:00,0.57784,IT.CAED/100752001.FACILITY,Ahlstrom-Munksjö Italia S.p.A.
2023-06-23 11:00:00,0.69264,IT.CAED/100752001.FACILITY,Ahlstrom-Munksjö Italia S.p.A.
2023-06-23 12:00:00,0.7712,IT.CAED/100752001.FACILITY,Ahlstrom-Munksjö Italia S.p.A.
2023-06-23 13:00:00,0.8042,IT.CAED/100752001.FACILITY,Ahlstrom-Munksjö Italia S.p.A.
2023-06-23 14:00:00,0.71614,IT.CAED/100752001.FACILITY,Ahlstrom-Munksjö Italia S.p.A.
2023-06-23 15:00:00,0.69559,IT.CAED/100752001.FACILITY,Ahlstrom-Munksjö Italia S.p.A.
2023-06-23 16:00:00,0.57133,IT.CAED/100752001.FACILITY,Ahlstrom-Munksjö Italia S.p.A.
2023-06-23 17:00:00,0.39427999999999996,IT.CAED/100752001.FACILITY,Ahlstrom-Munksjö Italia S.p.A.
2023-06-23 18:00:00,0.18051,IT.CAED/100752001.FACILITY,Ahlstrom-Munksjö Italia S.p.A.
2023-06-23 19:00:00,0.02954,IT.CAED/100752001.FACILITY,Ahlstrom-Munksjö Italia S.p.A.
2023-06-23 20:00:00,0.013210000000000001,IT.CAED/100752001.FACILITY,Ahlstrom-Munksjö Italia S.p.A.
2023-06-23 21:00:00,0.0,IT.CAED/100752001.FACILITY,Ahlstrom-Munksjö Italia S.p.A.
2023-06-23 22:00:00,0.0,IT.CAED/100752001.FACILITY,Ahlstrom-Munksjö Italia S.p.A.
2023-06-23 23:00:00,0.0,IT.CAED/100752001.FACILITY,Ahlstrom-Munksjö Italia S.p.A.
2023-06-24 00:00:00,0.0,IT.CAED/100752001.FACILITY,Ahlstrom-Munksjö Italia S.p.A.
2023-06-24 01:00:00,0.0,IT.CAED/100752001.FACILITY,Ahlstrom-Munksjö Italia S.p.A.
2023-06-24 02:00:00,0.0,IT.CAED/100752001.FACILITY,Ahlstrom-Munksjö Italia S.p.A.
2023-06-24 03:00:00,0.0,IT.CAED/100752001.FACILITY,Ahlstrom-Munksjö Italia S.p.A.
2023-06-24 04:00:00,0.0,IT.CAED/100752001.FACILITY,Ahlstrom-Munksjö Italia S.p.A.
2023-06-24 05:00:00,0.0,IT.CAED/100752001.FACILITY,Ahlstrom-Munksjö Italia S.p.A.
2023-06-24 06:00:00,0.013300000000000001,IT.CAED/100752001.FACILITY,Ahlstrom-Munksjö Italia S.p.A.
2023-06-24 07:00:00,0.0396,IT.CAED/100752001.FACILITY,Ahlstrom-Munksjö Italia S.p.A.
2023-06-24 08:00:00,0.17683000000000001,IT.CAED/100752001.FACILITY,Ahlstrom-Munksjö Italia S.p.A.
2023-06-24 09:00:00,0.39272,IT.CAED/100752001.FACILITY,Ahlstrom-Munksjö Italia S.p.A.
2023-06-24 10:00:00,0.5749500000000001,IT.CAED/100752001.FACILITY,Ahlstrom-Munksjö Italia S.p.A.
2023-06-24 11:00:00,0.7026100000000001,IT.CAED/100752001.FACILITY,Ahlstrom-Munksjö Italia S.p.A.
2023-06-24 12:00:00,0.78025,IT.CAED/100752001.FACILITY,Ahlstrom-Munksjö Italia S.p.A.
2023-06-24 13:00:00,0.8101900000000001,IT.CAED/100752001.FACILITY,Ahlstrom-Munksjö Italia S.p.A.
2023-06-24 14:00:00,0.7534400000000001,IT.CAED/100752001.FACILITY,Ahlstrom-Munksjö Italia S.p.A.
2023-06-24 15:00:00,0.6922200000000001,IT.CAED/100752001.FACILITY,Ahlstrom-Munksjö Italia S.p.A.
2023-06-24 16:00:00,0.56174,IT.CAED/100752001.FACILITY,Ahlstrom-Munksjö Italia S.p.A.
2023-06-24 17:00:00,0.39206,IT.CAED/100752001.FACILITY,Ahlstrom-Munksjö Italia S.p.A.
2023-06-24 18:00:00,0.17981,IT.CAED/100752001.FACILITY,Ahlstrom-Munksjö Italia S.p.A.
2023-06-24 19:00:00,0.03061,IT.CAED/100752001.FACILITY,Ahlstrom-Munksjö Italia S.p.A.
2023-06-24 20:00:00,0.0132,IT.CAED/100752001.FACILITY,Ahlstrom-Munksjö Italia S.p.A.
2023-06-24 21:00:00,0.0,IT.CAED/100752001.FACILITY,Ahlstrom-Munksjö Italia S.p.A.
2023-06-24 22:00:00,0.0,IT.CAED/100752001.FACILITY,Ahlstrom-Munksjö Italia S.p.A.
2023-06-24 23:00:00,0.0,IT.CAED/100752001.FACILITY,Ahlstrom-Munksjö Italia S.p.A.
2023-06-25 00:00:00,0.0,IT.CAED/100752001.FACILITY,Ahlstrom-Munksjö Italia S.p.A.
2023-06-25 01:00:00,0.0,IT.CAED/100752001.FACILITY,Ahlstrom-Munksjö Italia S.p.A.
2023-06-25 02:00:00,0.0,IT.CAED/100752001.FACILITY,Ahlstrom-Munksjö Italia S.p.A.
2023-06-25 03:00:00,0.0,IT.CAED/100752001.FACILITY,Ahlstrom-Munksjö Italia S.p.A.
2023-06-25 04:00:00,0.0,IT.CAED/100752001.FACILITY,Ahlstrom-Munksjö Italia S.p.A.
2023-06-25 05:00:00,0.0,IT.CAED/100752001.FACILITY,Ahlstrom-Munksjö Italia S.p.A.
2023-06-25 06:00:00,0.01072,IT.CAED/100752001.FACILITY,Ahlstrom-Munksjö Italia S.p.A.
2023-06-25 07:00:00,0.038689999999999995,IT.CAED/100752001.FACILITY,Ahlstrom-Munksjö Italia S.p.A.
2023-06-25 08:00:00,0.17355,IT.CAED/100752001.FACILITY,Ahlstrom-Munksjö Italia S.p.A.
2023-06-25 09:00:00,0.38923,IT.CAED/100752001.FACILITY,Ahlstrom-Munksjö Italia S.p.A.
2023-06-25 10:00:00,0.57086,IT.CAED/100752001.FACILITY,Ahlstrom-Munksjö Italia S.p.A.
2023-06-25 11:00:00,0.68155,IT.CAED/100752001.FACILITY,Ahlstrom-Munksjö Italia S.p.A.
2023-06-25 12:00:00,0.76849,IT.CAED/100752001.FACILITY,Ahlstrom-Munksjö Italia S.p.A.
2023-06-25 13:00:00,0.80664,IT.CAED/100752001.FACILITY,Ahlstrom-Munksjö Italia S.p.A.
2023-06-25 14:00:00,0.7776900000000001,IT.CAED/100752001.FACILITY,Ahlstrom-Munksjö Italia S.p.A.
2023-06-25 15:00:00,0.65607,IT.CAED/100752001.FACILITY,Ahlstrom-Munksjö Italia S.p.A.
2023-06-25 16:00:00,0.46906,IT.CAED/100752001.FACILITY,Ahlstrom-Munksjö Italia S.p.A.
2023-06-25 17:00:00,0.35155000000000003,IT.CAED/100752001.FACILITY,Ahlstrom-Munksjö Italia S.p.A.
2023-06-25 18:00:00,0.16903,IT.CAED/100752001.FACILITY,Ahlstrom-Munksjö Italia S.p.A.
2023-06-25 19:00:00,0.03118,IT.CAED/100752001.FACILITY,Ahlstrom-Munksjö Italia S.p.A.
2023-06-25 20:00:00,0.011210000000000001,IT.CAED/100752001.FACILITY,Ahlstrom-Munksjö Italia S.p.A.
2023-06-25 21:00:00,0.0,IT.CAED/100752001.FACILITY,Ahlstrom-Munksjö Italia S.p.A.
2023-06-25 22:00:00,0.0,IT.CAED/100752001.FACILITY,Ahlstrom-Munksjö Italia S.p.A.
2023-06-25 23:00:00,0.0,IT.CAED/100752001.FACILITY,Ahlstrom-Munksjö Italia S.p.A.
2023-06-26 00:00:00,0.0,IT.CAED/100752001.FACILITY,Ahlstrom-Munksjö Italia S.p.A.
2023-06-26 01:00:00,0.0,IT.CAED/100752001.FACILITY,Ahlstrom-Munksjö Italia S.p.A.
2023-06-26 02:00:00,0.0,IT.CAED/100752001.FACILITY,Ahlstrom-Munksjö Italia S.p.A.
2023-06-26 03:00:00,0.0,IT.CAED/100752001.FACILITY,Ahlstrom-Munksjö Italia S.p.A.
2023-06-26 04:00:00,0.0,IT.CAED/100752001.FACILITY,Ahlstrom-Munksjö Italia S.p.A.
2023-06-26 05:00:00,0.0,IT.CAED/100752001.FACILITY,Ahlstrom-Munksjö Italia S.p.A.
2023-06-26 06:00:00,0.01141,IT.CAED/100752001.FACILITY,Ahlstrom-Munksjö Italia S.p.A.
2023-06-26 07:00:00,0.0496,IT.CAED/100752001.FACILITY,Ahlstrom-Munksjö Italia S.p.A.
2023-06-26 08:00:00,0.16599,IT.CAED/100752001.FACILITY,Ahlstrom-Munksjö Italia S.p.A.
2023-06-26 09:00:00,0.3735,IT.CAED/100752001.FACILITY,Ahlstrom-Munksjö Italia S.p.A.
2023-06-26 10:00:00,0.54844,IT.CAED/100752001.FACILITY,Ahlstrom-Munksjö Italia S.p.A.
2023-06-26 11:00:00,0.6875800000000001,IT.CAED/100752001.FACILITY,Ahlstrom-Munksjö Italia S.p.A.
2023-06-26 12:00:00,0.65746,IT.CAED/100752001.FACILITY,Ahlstrom-Munksjö Italia S.p.A.
2023-06-26 13:00:00,0.73594,IT.CAED/100752001.FACILITY,Ahlstrom-Munksjö Italia S.p.A.
2023-06-26 14:00:00,0.61023,IT.CAED/100752001.FACILITY,Ahlstrom-Munksjö Italia S.p.A.
2023-06-26 15:00:00,0.60885,IT.CAED/100752001.FACILITY,Ahlstrom-Munksjö Italia S.p.A.
2023-06-26 16:00:00,0.43176,IT.CAED/100752001.FACILITY,Ahlstrom-Munksjö Italia S.p.A.
2023-06-26 17:00:00,0.29804,IT.CAED/100752001.FACILITY,Ahlstrom-Munksjö Italia S.p.A.
2023-06-26 18:00:00,0.16784000000000002,IT.CAED/100752001.FACILITY,Ahlstrom-Munksjö Italia S.p.A.
2023-06-26 19:00:00,0.04315,IT.CAED/100752001.FACILITY,Ahlstrom-Munksjö Italia S.p.A.
2023-06-26 20:00:00,0.012410000000000001,IT.CAED/100752001.FACILITY,Ahlstrom-Munksjö Italia S.p.A.
2023-06-26 21:00:00,0.0,IT.CAED/100752001.FACILITY,Ahlstrom-Munksjö Italia S.p.A.
2023-06-26 22:00:00,0.0,IT.CAED/100752001.FACILITY,Ahlstrom-Munksjö Italia S.p.A.
2023-06-26 23:00:00,0.0,IT.CAED/100752001.FACILITY,Ahlstrom-Munksjö Italia S.p.A.
2023-06-27 00:00:00,0.0,IT.CAED/100752001.FACILITY,Ahlstrom-Munksjö Italia S.p.A.
2023-06-27 01:00:00,0.0,IT.CAED/100752001.FACILITY,Ahlstrom-Munksjö Italia S.p.A.
2023-06-27 02:00:00,0.0,IT.CAED/100752001.FACILITY,Ahlstrom-Munksjö Italia S.p.A.
2023-06-27 03:00:00,0.0,IT.CAED/100752001.FACILITY,Ahlstrom-Munksjö Italia S.p.A.
2023-06-27 04:00:00,0.0,IT.CAED/100752001.FACILITY,Ahlstrom-Munksjö Italia S.p.A.
2023-06-27 05:00:00,0.0,IT.CAED/100752001.FACILITY,Ahlstrom-Munksjö Italia S.p.A.
2023-06-27 06:00:00,0.012410000000000001,IT.CAED/100752001.FACILITY,Ahlstrom-Munksjö Italia S.p.A.
2023-06-27 07:00:00,0.039520000000000007,IT.CAED/100752001.FACILITY,Ahlstrom-Munksjö Italia S.p.A.
2023-06-27 08:00:00,0.17817,IT.CAED/100752001.FACILITY,Ahlstrom-Munksjö Italia S.p.A.
2023-06-27 09:00:00,0.32738,IT.CAED/100752001.FACILITY,Ahlstrom-Munksjö Italia S.p.A.
2023-06-27 10:00:00,0.48896,IT.CAED/100752001.FACILITY,Ahlstrom-Munksjö Italia S.p.A.
2023-06-27 11:00:00,0.60265,IT.CAED/100752001.FACILITY,Ahlstrom-Munksjö Italia S.p.A.
2023-06-27 12:00:00,0.67214,IT.CAED/100752001.FACILITY,Ahlstrom-Munksjö Italia S.p.A.
2023-06-27 13:00:00,0.71163,IT.CAED/100752001.FACILITY,Ahlstrom-Munksjö Italia S.p.A.
2023-06-27 14:00:00,0.56917,IT.CAED/100752001.FACILITY,Ahlstrom-Munksjö Italia S.p.A.
2023-06-27 15:00:00,0.57336,IT.CAED/100752001.FACILITY,Ahlstrom-Munksjö Italia S.p.A.
2023-06-27 16:00:00,0.47416,IT.CAED/100752001.FACILITY,Ahlstrom-Munksjö Italia S.p.A.
2023-06-27 17:00:00,0.25932,IT.CAED/100752001.FACILITY,Ahlstrom-Munksjö Italia S.p.A.
2023-06-27 18:00:00,0.15181999999999998,IT.CAED/100752001.FACILITY,Ahlstrom-Munksjö Italia S.p.A.
2023-06-27 19:00:00,0.05051,IT.CAED/100752001.FACILITY,Ahlstrom-Munksjö Italia S.p.A.
2023-06-27 20:00:00,0.01345,IT.CAED/100752001.FACILITY,Ahlstrom-Munksjö Italia S.p.A.
2023-06-27 21:00:00,0.0,IT.CAED/100752001.FACILITY,Ahlstrom-Munksjö Italia S.p.A.
2023-06-27 22:00:00,0.0,IT.CAED/100752001.FACILITY,Ahlstrom-Munksjö Italia S.p.A.
2023-06-27 23:00:00,0.0,IT.CAED/100752001.FACILITY,Ahlstrom-Munksjö Italia S.p.A.
2023-06-28 00:00:00,0.0,IT.CAED/100752001.FACILITY,Ahlstrom-Munksjö Italia S.p.A.
2023-06-28 01:00:00,0.0,IT.CAED/100752001.FACILITY,Ahlstrom-Munksjö Italia S.p.A.
2023-06-28 02:00:00,0.0,IT.CAED/100752001.FACILITY,Ahlstrom-Munksjö Italia S.p.A.
2023-06-28 03:00:00,0.0,IT.CAED/100752001.FACILITY,Ahlstrom-Munksjö Italia S.p.A.
2023-06-28 04:00:00,0.0,IT.CAED/100752001.FACILITY,Ahlstrom-Munksjö Italia S.p.A.
2023-06-28 05:00:00,0.0,IT.CAED/100752001.FACILITY,Ahlstrom-Munksjö Italia S.p.A.
2023-06-28 06:00:00,0.00975,IT.CAED/100752001.FACILITY,Ahlstrom-Munksjö Italia S.p.A.
2023-06-28 07:00:00,0.033409999999999995,IT.CAED/100752001.FACILITY,Ahlstrom-Munksjö Italia S.p.A.
2023-06-28 08:00:00,0.15058000000000002,IT.CAED/100752001.FACILITY,Ahlstrom-Munksjö Italia S.p.A.
2023-06-28 09:00:00,0.34843,IT.CAED/100752001.FACILITY,Ahlstrom-Munksjö Italia S.p.A.
2023-06-28 10:00:00,0.54069,IT.CAED/100752001.FACILITY,Ahlstrom-Munksjö Italia S.p.A.
2023-06-28 11:00:00,0.59992,IT.CAED/100752001.FACILITY,Ahlstrom-Munksjö Italia S.p.A.
2023-06-28 12:00:00,0.59872,IT.CAED/100752001.FACILITY,Ahlstrom-Munksjö Italia S.p.A.
2023-06-28 13:00:00,0.67787,IT.CAED/100752001.FACILITY,Ahlstrom-Munksjö Italia S.p.A.
2023-06-28 14:00:00,0.55402,IT.CAED/100752001.FACILITY,Ahlstrom-Munksjö Italia S.p.A.
2023-06-28 15:00:00,0.52497,IT.CAED/100752001.FACILITY,Ahlstrom-Munksjö Italia S.p.A.
2023-06-28 16:00:00,0.33824,IT.CAED/100752001.FACILITY,Ahlstrom-Munksjö Italia S.p.A.
2023-06-28 17:00:00,0.30463,IT.CAED/100752001.FACILITY,Ahlstrom-Munksjö Italia S.p.A.
2023-06-28 18:00:00,0.13101,IT.CAED/100752001.FACILITY,Ahlstrom-Munksjö Italia S.p.A.
2023-06-28 19:00:00,0.04297,IT.CAED/100752001.FACILITY,Ahlstrom-Munksjö Italia S.p.A.
2023-06-28 20:00:00,0.011009999999999999,IT.CAED/100752001.FACILITY,Ahlstrom-Munksjö Italia S.p.A.
2023-06-28 21:00:00,0.0,IT.CAED/100752001.FACILITY,Ahlstrom-Munksjö Italia S.p.A.
2023-06-28 22:00:00,0.0,IT.CAED/100752001.FACILITY,Ahlstrom-Munksjö Italia S.p.A.
2023-06-28 23:00:00,0.0,IT.CAED/100752001.FACILITY,Ahlstrom-Munksjö Italia S.p.A.
2023-06-29 00:00:00,0.0,IT.CAED/100752001.FACILITY,Ahlstrom-Munksjö Italia S.p.A.
2023-06-29 01:00:00,0.0,IT.CAED/100752001.FACILITY,Ahlstrom-Munksjö Italia S.p.A.
2023-06-29 02:00:00,0.0,IT.CAED/100752001.FACILITY,Ahlstrom-Munksjö Italia S.p.A.
2023-06-29 03:00:00,0.0,IT.CAED/100752001.FACILITY,Ahlstrom-Munksjö Italia S.p.A.
2023-06-29 04:00:00,0.0,IT.CAED/100752001.FACILITY,Ahlstrom-Munksjö Italia S.p.A.
2023-06-29 05:00:00,0.0,IT.CAED/100752001.FACILITY,Ahlstrom-Munksjö Italia S.p.A.
2023-06-29 06:00:00,0.00113,IT.CAED/100752001.FACILITY,Ahlstrom-Munksjö Italia S.p.A.
2023-06-29 07:00:00,0.01252,IT.CAED/100752001.FACILITY,Ahlstrom-Munksjö Italia S.p.A.
2023-06-29 08:00:00,0.01572,IT.CAED/100752001.FACILITY,Ahlstrom-Munksjö Italia S.p.A.
2023-06-29 09:00:00,0.06257,IT.CAED/100752001.FACILITY,Ahlstrom-Munksjö Italia S.p.A.
2023-06-29 10:00:00,0.10779999999999999,IT.CAED/100752001.FACILITY,Ahlstrom-Munksjö Italia S.p.A.
2023-06-29 11:00:00,0.1347,IT.CAED/100752001.FACILITY,Ahlstrom-Munksjö Italia S.p.A.
2023-06-29 12:00:00,0.11875,IT.CAED/100752001.FACILITY,Ahlstrom-Munksjö Italia S.p.A.
2023-06-29 13:00:00,0.18708000000000002,IT.CAED/100752001.FACILITY,Ahlstrom-Munksjö Italia S.p.A.
2023-06-29 14:00:00,0.22202000000000002,IT.CAED/100752001.FACILITY,Ahlstrom-Munksjö Italia S.p.A.
2023-06-29 15:00:00,0.20855,IT.CAED/100752001.FACILITY,Ahlstrom-Munksjö Italia S.p.A.
2023-06-29 16:00:00,0.1695,IT.CAED/100752001.FACILITY,Ahlstrom-Munksjö Italia S.p.A.
2023-06-29 17:00:00,0.14487,IT.CAED/100752001.FACILITY,Ahlstrom-Munksjö Italia S.p.A.
2023-06-29 18:00:00,0.11003,IT.CAED/100752001.FACILITY,Ahlstrom-Munksjö Italia S.p.A.
2023-06-29 19:00:00,0.05258,IT.CAED/100752001.FACILITY,Ahlstrom-Munksjö Italia S.p.A.
2023-06-29 20:00:00,0.00276,IT.CAED/100752001.FACILITY,Ahlstrom-Munksjö Italia S.p.A.
2023-06-29 21:00:00,0.0,IT.CAED/100752001.FACILITY,Ahlstrom-Munksjö Italia S.p.A.
2023-06-29 22:00:00,0.0,IT.CAED/100752001.FACILITY,Ahlstrom-Munksjö Italia S.p.A.
2023-06-29 23:00:00,0.0,IT.CAED/100752001.FACILITY,Ahlstrom-Munksjö Italia S.p.A.
2023-06-30 00:00:00,0.0,IT.CAED/100752001.FACILITY,Ahlstrom-Munksjö Italia S.p.A.
2023-06-30 01:00:00,0.0,IT.CAED/100752001.FACILITY,Ahlstrom-Munksjö Italia S.p.A.
2023-06-30 02:00:00,0.0,IT.CAED/100752001.FACILITY,Ahlstrom-Munksjö Italia S.p.A.
2023-06-30 03:00:00,0.0,IT.CAED/100752001.FACILITY,Ahlstrom-Munksjö Italia S.p.A.
2023-06-30 04:00:00,0.0,IT.CAED/100752001.FACILITY,Ahlstrom-Munksjö Italia S.p.A.
2023-06-30 05:00:00,0.0,IT.CAED/100752001.FACILITY,Ahlstrom-Munksjö Italia S.p.A.
2023-06-30 06:00:00,0.00464,IT.CAED/100752001.FACILITY,Ahlstrom-Munksjö Italia S.p.A.
2023-06-30 07:00:00,0.02583,IT.CAED/100752001.FACILITY,Ahlstrom-Munksjö Italia S.p.A.
2023-06-30 08:00:00,0.07920999999999999,IT.CAED/100752001.FACILITY,Ahlstrom-Munksjö Italia S.p.A.
2023-06-30 09:00:00,0.06876,IT.CAED/100752001.FACILITY,Ahlstrom-Munksjö Italia S.p.A.
2023-06-30 10:00:00,0.10624,IT.CAED/100752001.FACILITY,Ahlstrom-Munksjö Italia S.p.A.
2023-06-30 11:00:00,0.10428,IT.CAED/100752001.FACILITY,Ahlstrom-Munksjö Italia S.p.A.
2023-06-30 12:00:00,0.16151,IT.CAED/100752001.FACILITY,Ahlstrom-Munksjö Italia S.p.A.
2023-06-30 13:00:00,0.40284,IT.CAED/100752001.FACILITY,Ahlstrom-Munksjö Italia S.p.A.
2023-06-30 14:00:00,0.26330000000000003,IT.CAED/100752001.FACILITY,Ahlstrom-Munksjö Italia S.p.A.
2023-06-30 15:00:00,0.39092,IT.CAED/100752001.FACILITY,Ahlstrom-Munksjö Italia S.p.A.
2023-06-30 16:00:00,0.26565,IT.CAED/100752001.FACILITY,Ahlstrom-Munksjö Italia S.p.A.
2023-06-30 17:00:00,0.16472,IT.CAED/100752001.FACILITY,Ahlstrom-Munksjö Italia S.p.A.
2023-06-30 18:00:00,0.12865000000000001,IT.CAED/100752001.FACILITY,Ahlstrom-Munksjö Italia S.p.A.
2023-06-30 19:00:00,0.03922,IT.CAED/100752001.FACILITY,Ahlstrom-Munksjö Italia S.p.A.
2023-06-30 20:00:00,0.012039999999999999,IT.CAED/100752001.FACILITY,Ahlstrom-Munksjö Italia S.p.A.
2023-06-30 21:00:00,0.0,IT.CAED/100752001.FACILITY,Ahlstrom-Munksjö Italia S.p.A.
2023-06-30 22:00:00,0.0,IT.CAED/100752001.FACILITY,Ahlstrom-Munksjö Italia S.p.A.
2023-06-30 23:00:00,0.0,IT.CAED/100752001.FACILITY,Ahlstrom-Munksjö Italia S.p.A.
2023-07-01 00:00:00,0.0,IT.CAED/100752001.FACILITY,Ahlstrom-Munksjö Italia S.p.A.
2023-07-01 01:00:00,0.0,IT.CAED/100752001.FACILITY,Ahlstrom-Munksjö Italia S.p.A.
2023-07-01 02:00:00,0.0,IT.CAED/100752001.FACILITY,Ahlstrom-Munksjö Italia S.p.A.
2023-07-01 03:00:00,0.0,IT.CAED/100752001.FACILITY,Ahlstrom-Munksjö Italia S.p.A.
2023-07-01 04:00:00,0.0,IT.CAED/100752001.FACILITY,Ahlstrom-Munksjö Italia S.p.A.
2023-07-01 05:00:00,0.0,IT.CAED/100752001.FACILITY,Ahlstrom-Munksjö Italia S.p.A.
2023-07-01 06:00:00,0.011470000000000001,IT.CAED/100752001.FACILITY,Ahlstrom-Munksjö Italia S.p.A.
2023-07-01 07:00:00,0.03743,IT.CAED/100752001.FACILITY,Ahlstrom-Munksjö Italia S.p.A.
2023-07-01 08:00:00,0.16384,IT.CAED/100752001.FACILITY,Ahlstrom-Munksjö Italia S.p.A.
2023-07-01 09:00:00,0.35008,IT.CAED/100752001.FACILITY,Ahlstrom-Munksjö Italia S.p.A.
2023-07-01 10:00:00,0.54418,IT.CAED/100752001.FACILITY,Ahlstrom-Munksjö Italia S.p.A.
2023-07-01 11:00:00,0.69862,IT.CAED/100752001.FACILITY,Ahlstrom-Munksjö Italia S.p.A.
2023-07-01 12:00:00,0.78487,IT.CAED/100752001.FACILITY,Ahlstrom-Munksjö Italia S.p.A.
2023-07-01 13:00:00,0.7973899999999999,IT.CAED/100752001.FACILITY,Ahlstrom-Munksjö Italia S.p.A.
2023-07-01 14:00:00,0.75779,IT.CAED/100752001.FACILITY,Ahlstrom-Munksjö Italia S.p.A.
2023-07-01 15:00:00,0.68155,IT.CAED/100752001.FACILITY,Ahlstrom-Munksjö Italia S.p.A.
2023-07-01 16:00:00,0.53036,IT.CAED/100752001.FACILITY,Ahlstrom-Munksjö Italia S.p.A.
2023-07-01 17:00:00,0.34202999999999995,IT.CAED/100752001.FACILITY,Ahlstrom-Munksjö Italia S.p.A.
2023-07-01 18:00:00,0.18001,IT.CAED/100752001.FACILITY,Ahlstrom-Munksjö Italia S.p.A.
2023-07-01 19:00:00,0.03617,IT.CAED/100752001.FACILITY,Ahlstrom-Munksjö Italia S.p.A.
2023-07-01 20:00:00,0.01253,IT.CAED/100752001.FACILITY,Ahlstrom-Munksjö Italia S.p.A.
2023-07-01 21:00:00,0.0,IT.CAED/100752001.FACILITY,Ahlstrom-Munksjö Italia S.p.A.
2023-07-01 22:00:00,0.0,IT.CAED/100752001.FACILITY,Ahlstrom-Munksjö Italia S.p.A.
2023-07-01 23:00:00,0.0,IT.CAED/100752001.FACILITY,Ahlstrom-Munksjö Italia S.p.A.
2023-07-02 00:00:00,0.0,IT.CAED/100752001.FACILITY,Ahlstrom-Munksjö Italia S.p.A.
2023-07-02 01:00:00,0.0,IT.CAED/100752001.FACILITY,Ahlstrom-Munksjö Italia S.p.A.
2023-07-02 02:00:00,0.0,IT.CAED/100752001.FACILITY,Ahlstrom-Munksjö Italia S.p.A.
2023-07-02 03:00:00,0.0,IT.CAED/100752001.FACILITY,Ahlstrom-Munksjö Italia S.p.A.
2023-07-02 04:00:00,0.0,IT.CAED/100752001.FACILITY,Ahlstrom-Munksjö Italia S.p.A.
2023-07-02 05:00:00,0.0,IT.CAED/100752001.FACILITY,Ahlstrom-Munksjö Italia S.p.A.
2023-07-02 06:00:00,0.01106,IT.CAED/100752001.FACILITY,Ahlstrom-Munksjö Italia S.p.A.
2023-07-02 07:00:00,0.038270000000000005,IT.CAED/100752001.FACILITY,Ahlstrom-Munksjö Italia S.p.A.
2023-07-02 08:00:00,0.15462,IT.CAED/100752001.FACILITY,Ahlstrom-Munksjö Italia S.p.A.
2023-07-02 09:00:00,0.36086,IT.CAED/100752001.FACILITY,Ahlstrom-Munksjö Italia S.p.A.
2023-07-02 10:00:00,0.52731,IT.CAED/100752001.FACILITY,Ahlstrom-Munksjö Italia S.p.A.
2023-07-02 11:00:00,0.66887,IT.CAED/100752001.FACILITY,Ahlstrom-Munksjö Italia S.p.A.
2023-07-02 12:00:00,0.5156900000000001,IT.CAED/100752001.FACILITY,Ahlstrom-Munksjö Italia S.p.A.
2023-07-02 13:00:00,0.58017,IT.CAED/100752001.FACILITY,Ahlstrom-Munksjö Italia S.p.A.
2023-07-02 14:00:00,0.5065299999999999,IT.CAED/100752001.FACILITY,Ahlstrom-Munksjö Italia S.p.A.
2023-07-02 15:00:00,0.55499,IT.CAED/100752001.FACILITY,Ahlstrom-Munksjö Italia S.p.A.
2023-07-02 16:00:00,0.46227999999999997,IT.CAED/100752001.FACILITY,Ahlstrom-Munksjö Italia S.p.A.
2023-07-02 17:00:00,0.32736000000000004,IT.CAED/100752001.FACILITY,Ahlstrom-Munksjö Italia S.p.A.
2023-07-02 18:00:00,0.16574,IT.CAED/100752001.FACILITY,Ahlstrom-Munksjö Italia S.p.A.
2023-07-02 19:00:00,0.03563,IT.CAED/100752001.FACILITY,Ahlstrom-Munksjö Italia S.p.A.
2023-07-02 20:00:00,0.0124,IT.CAED/100752001.FACILITY,Ahlstrom-Munksjö Italia S.p.A.
2023-07-02 21:00:00,0.0,IT.CAED/100752001.FACILITY,Ahlstrom-Munksjö Italia S.p.A.
2023-07-02 22:00:00,0.0,IT.CAED/100752001.FACILITY,Ahlstrom-Munksjö Italia S.p.A.
2023-07-02 23:00:00,0.0,IT.CAED/100752001.FACILITY,Ahlstrom-Munksjö Italia S.p.A.
2023-07-03 00:00:00,0.0,IT.CAED/100752001.FACILITY,Ahlstrom-Munksjö Italia S.p.A.
2023-07-03 01:00:00,0.0,IT.CAED/100752001.FACILITY,Ahlstrom-Munksjö Italia S.p.A.
2023-07-03 02:00:00,0.0,IT.CAED/100752001.FACILITY,Ahlstrom-Munksjö Italia S.p.A.
2023-07-03 03:00:00,0.0,IT.CAED/100752001.FACILITY,Ahlstrom-Munksjö Italia S.p.A.
2023-07-03 04:00:00,0.0,IT.CAED/100752001.FACILITY,Ahlstrom-Munksjö Italia S.p.A.
2023-07-03 05:00:00,0.0,IT.CAED/100752001.FACILITY,Ahlstrom-Munksjö Italia S.p.A.
2023-07-03 06:00:00,0.009779999999999999,IT.CAED/100752001.FACILITY,Ahlstrom-Munksjö Italia S.p.A.
2023-07-03 07:00:00,0.03374,IT.CAED/100752001.FACILITY,Ahlstrom-Munksjö Italia S.p.A.
2023-07-03 08:00:00,0.14643,IT.CAED/100752001.FACILITY,Ahlstrom-Munksjö Italia S.p.A.
2023-07-03 09:00:00,0.30711,IT.CAED/100752001.FACILITY,Ahlstrom-Munksjö Italia S.p.A.
2023-07-03 10:00:00,0.44667,IT.CAED/100752001.FACILITY,Ahlstrom-Munksjö Italia S.p.A.
2023-07-03 11:00:00,0.64662,IT.CAED/100752001.FACILITY,Ahlstrom-Munksjö Italia S.p.A.
2023-07-03 12:00:00,0.66663,IT.CAED/100752001.FACILITY,Ahlstrom-Munksjö Italia S.p.A.
2023-07-03 13:00:00,0.71486,IT.CAED/100752001.FACILITY,Ahlstrom-Munksjö Italia S.p.A.
2023-07-03 14:00:00,0.65655,IT.CAED/100752001.FACILITY,Ahlstrom-Munksjö Italia S.p.A.
2023-07-03 15:00:00,0.5472100000000001,IT.CAED/100752001.FACILITY,Ahlstrom-Munksjö Italia S.p.A.
2023-07-03 16:00:00,0.49313999999999997,IT.CAED/100752001.FACILITY,Ahlstrom-Munksjö Italia S.p.A.
2023-07-03 17:00:00,0.24343,IT.CAED/100752001.FACILITY,Ahlstrom-Munksjö Italia S.p.A.
2023-07-03 18:00:00,0.16459000000000001,IT.CAED/100752001.FACILITY,Ahlstrom-Munksjö Italia S.p.A.
2023-07-03 19:00:00,0.03696,IT.CAED/100752001.FACILITY,Ahlstrom-Munksjö Italia S.p.A.
2023-07-03 20:00:00,0.009699999999999999,IT.CAED/100752001.FACILITY,Ahlstrom-Munksjö Italia S.p.A.
2023-07-03 21:00:00,0.0,IT.CAED/100752001.FACILITY,Ahlstrom-Munksjö Italia S.p.A.
2023-07-03 22:00:00,0.0,IT.CAED/100752001.FACILITY,Ahlstrom-Munksjö Italia S.p.A.
2023-07-03 23:00:00,0.0,IT.CAED/100752001.FACILITY,Ahlstrom-Munksjö Italia S.p.A.
2023-07-04 00:00:00,0.0,IT.CAED/100752001.FACILITY,Ahlstrom-Munksjö Italia S.p.A.
2023-07-04 01:00:00,0.0,IT.CAED/100752001.FACILITY,Ahlstrom-Munksjö Italia S.p.A.
2023-07-04 02:00:00,0.0,IT.CAED/100752001.FACILITY,Ahlstrom-Munksjö Italia S.p.A.
2023-07-04 03:00:00,0.0,IT.CAED/100752001.FACILITY,Ahlstrom-Munksjö Italia S.p.A.
2023-07-04 04:00:00,0.0,IT.CAED/100752001.FACILITY,Ahlstrom-Munksjö Italia S.p.A.
2023-07-04 05:00:00,0.0,IT.CAED/100752001.FACILITY,Ahlstrom-Munksjö Italia S.p.A.
2023-07-04 06:00:00,0.00887,IT.CAED/100752001.FACILITY,Ahlstrom-Munksjö Italia S.p.A.
2023-07-04 07:00:00,0.03578,IT.CAED/100752001.FACILITY,Ahlstrom-Munksjö Italia S.p.A.
2023-07-04 08:00:00,0.07549,IT.CAED/100752001.FACILITY,Ahlstrom-Munksjö Italia S.p.A.
2023-07-04 09:00:00,0.09847,IT.CAED/100752001.FACILITY,Ahlstrom-Munksjö Italia S.p.A.
2023-07-04 10:00:00,0.16651,IT.CAED/100752001.FACILITY,Ahlstrom-Munksjö Italia S.p.A.
2023-07-04 11:00:00,0.2985,IT.CAED/100752001.FACILITY,Ahlstrom-Munksjö Italia S.p.A.
2023-07-04 12:00:00,0.28552999999999995,IT.CAED/100752001.FACILITY,Ahlstrom-Munksjö Italia S.p.A.
2023-07-04 13:00:00,0.54198,IT.CAED/100752001.FACILITY,Ahlstrom-Munksjö Italia S.p.A.
2023-07-04 14:00:00,0.62878,IT.CAED/100752001.FACILITY,Ahlstrom-Munksjö Italia S.p.A.
2023-07-04 15:00:00,0.49649,IT.CAED/100752001.FACILITY,Ahlstrom-Munksjö Italia S.p.A.
2023-07-04 16:00:00,0.40304,IT.CAED/100752001.FACILITY,Ahlstrom-Munksjö Italia S.p.A.
2023-07-04 17:00:00,0.28951,IT.CAED/100752001.FACILITY,Ahlstrom-Munksjö Italia S.p.A.
2023-07-04 18:00:00,0.15852000000000002,IT.CAED/100752001.FACILITY,Ahlstrom-Munksjö Italia S.p.A.
2023-07-04 19:00:00,0.0474,IT.CAED/100752001.FACILITY,Ahlstrom-Munksjö Italia S.p.A.
2023-07-04 20:00:00,0.01348,IT.CAED/100752001.FACILITY,Ahlstrom-Munksjö Italia S.p.A.
2023-07-04 21:00:00,0.0,IT.CAED/100752001.FACILITY,Ahlstrom-Munksjö Italia S.p.A.
2023-07-04 22:00:00,0.0,IT.CAED/100752001.FACILITY,Ahlstrom-Munksjö Italia S.p.A.
2023-07-04 23:00:00,0.0,IT.CAED/100752001.FACILITY,Ahlstrom-Munksjö Italia S.p.A.
2023-07-05 00:00:00,0.0,IT.CAED/100752001.FACILITY,Ahlstrom-Munksjö Italia S.p.A.
2023-07-05 01:00:00,0.0,IT.CAED/100752001.FACILITY,Ahlstrom-Munksjö Italia S.p.A.
2023-07-05 02:00:00,0.0,IT.CAED/100752001.FACILITY,Ahlstrom-Munksjö Italia S.p.A.
2023-07-05 03:00:00,0.0,IT.CAED/100752001.FACILITY,Ahlstrom-Munksjö Italia S.p.A.
2023-07-05 04:00:00,0.0,IT.CAED/100752001.FACILITY,Ahlstrom-Munksjö Italia S.p.A.
2023-07-05 05:00:00,0.0,IT.CAED/100752001.FACILITY,Ahlstrom-Munksjö Italia S.p.A.
2023-07-05 06:00:00,0.010199999999999999,IT.CAED/100752001.FACILITY,Ahlstrom-Munksjö Italia S.p.A.
2023-07-05 07:00:00,0.036340000000000004,IT.CAED/100752001.FACILITY,Ahlstrom-Munksjö Italia S.p.A.
2023-07-05 08:00:00,0.09793,IT.CAED/100752001.FACILITY,Ahlstrom-Munksjö Italia S.p.A.
2023-07-05 09:00:00,0.14418,IT.CAED/100752001.FACILITY,Ahlstrom-Munksjö Italia S.p.A.
2023-07-05 10:00:00,0.27549,IT.CAED/100752001.FACILITY,Ahlstrom-Munksjö Italia S.p.A.
2023-07-05 11:00:00,0.38424,IT.CAED/100752001.FACILITY,Ahlstrom-Munksjö Italia S.p.A.
2023-07-05 12:00:00,0.6103200000000001,IT.CAED/100752001.FACILITY,Ahlstrom-Munksjö Italia S.p.A.
2023-07-05 13:00:00,0.45226,IT.CAED/100752001.FACILITY,Ahlstrom-Munksjö Italia S.p.A.
2023-07-05 14:00:00,0.64259,IT.CAED/100752001.FACILITY,Ahlstrom-Munksjö Italia S.p.A.
2023-07-05 15:00:00,0.5807899999999999,IT.CAED/100752001.FACILITY,Ahlstrom-Munksjö Italia S.p.A.
2023-07-05 16:00:00,0.46203,IT.CAED/100752001.FACILITY,Ahlstrom-Munksjö Italia S.p.A.
2023-07-05 17:00:00,0.27955,IT.CAED/100752001.FACILITY,Ahlstrom-Munksjö Italia S.p.A.
2023-07-05 18:00:00,0.15267,IT.CAED/100752001.FACILITY,Ahlstrom-Munksjö Italia S.p.A.
2023-07-05 19:00:00,0.05228,IT.CAED/100752001.FACILITY,Ahlstrom-Munksjö Italia S.p.A.
2023-07-05 20:00:00,0.01283,IT.CAED/100752001.FACILITY,Ahlstrom-Munksjö Italia S.p.A.
2023-07-05 21:00:00,0.0,IT.CAED/100752001.FACILITY,Ahlstrom-Munksjö Italia S.p.A.
2023-07-05 22:00:00,0.0,IT.CAED/100752001.FACILITY,Ahlstrom-Munksjö Italia S.p.A.
2023-07-05 23:00:00,0.0,IT.CAED/100752001.FACILITY,Ahlstrom-Munksjö Italia S.p.A.
2023-07-06 00:00:00,0.0,IT.CAED/100752001.FACILITY,Ahlstrom-Munksjö Italia S.p.A.
2023-07-06 01:00:00,0.0,IT.CAED/100752001.FACILITY,Ahlstrom-Munksjö Italia S.p.A.
2023-07-06 02:00:00,0.0,IT.CAED/100752001.FACILITY,Ahlstrom-Munksjö Italia S.p.A.
2023-07-06 03:00:00,0.0,IT.CAED/100752001.FACILITY,Ahlstrom-Munksjö Italia S.p.A.
2023-07-06 04:00:00,0.0,IT.CAED/100752001.FACILITY,Ahlstrom-Munksjö Italia S.p.A.
2023-07-06 05:00:00,0.0,IT.CAED/100752001.FACILITY,Ahlstrom-Munksjö Italia S.p.A.
2023-07-06 06:00:00,0.01053,IT.CAED/100752001.FACILITY,Ahlstrom-Munksjö Italia S.p.A.
2023-07-06 07:00:00,0.04277,IT.CAED/100752001.FACILITY,Ahlstrom-Munksjö Italia S.p.A.
2023-07-06 08:00:00,0.1584,IT.CAED/100752001.FACILITY,Ahlstrom-Munksjö Italia S.p.A.
2023-07-06 09:00:00,0.32803,IT.CAED/100752001.FACILITY,Ahlstrom-Munksjö Italia S.p.A.
2023-07-06 10:00:00,0.47906,IT.CAED/100752001.FACILITY,Ahlstrom-Munksjö Italia S.p.A.
2023-07-06 11:00:00,0.51266,IT.CAED/100752001.FACILITY,Ahlstrom-Munksjö Italia S.p.A.
2023-07-06 12:00:00,0.63302,IT.CAED/100752001.FACILITY,Ahlstrom-Munksjö Italia S.p.A.
2023-07-06 13:00:00,0.72003,IT.CAED/100752001.FACILITY,Ahlstrom-Munksjö Italia S.p.A.
2023-07-06 14:00:00,0.57826,IT.CAED/100752001.FACILITY,Ahlstrom-Munksjö Italia S.p.A.
2023-07-06 15:00:00,0.49854000000000004,IT.CAED/100752001.FACILITY,Ahlstrom-Munksjö Italia S.p.A.
2023-07-06 16:00:00,0.31795999999999996,IT.CAED/100752001.FACILITY,Ahlstrom-Munksjö Italia S.p.A.
2023-07-06 17:00:00,0.30821,IT.CAED/100752001.FACILITY,Ahlstrom-Munksjö Italia S.p.A.
2023-07-06 18:00:00,0.15886,IT.CAED/100752001.FACILITY,Ahlstrom-Munksjö Italia S.p.A.
2023-07-06 19:00:00,0.053219999999999996,IT.CAED/100752001.FACILITY,Ahlstrom-Munksjö Italia S.p.A.
2023-07-06 20:00:00,0.01159,IT.CAED/100752001.FACILITY,Ahlstrom-Munksjö Italia S.p.A.
2023-07-06 21:00:00,0.0,IT.CAED/100752001.FACILITY,Ahlstrom-Munksjö Italia S.p.A.
2023-07-06 22:00:00,0.0,IT.CAED/100752001.FACILITY,Ahlstrom-Munksjö Italia S.p.A.
2023-07-06 23:00:00,0.0,IT.CAED/100752001.FACILITY,Ahlstrom-Munksjö Italia S.p.A.
2023-07-07 00:00:00,0.0,IT.CAED/100752001.FACILITY,Ahlstrom-Munksjö Italia S.p.A.
2023-07-07 01:00:00,0.0,IT.CAED/100752001.FACILITY,Ahlstrom-Munksjö Italia S.p.A.
2023-07-07 02:00:00,0.0,IT.CAED/100752001.FACILITY,Ahlstrom-Munksjö Italia S.p.A.
2023-07-07 03:00:00,0.0,IT.CAED/100752001.FACILITY,Ahlstrom-Munksjö Italia S.p.A.
2023-07-07 04:00:00,0.0,IT.CAED/100752001.FACILITY,Ahlstrom-Munksjö Italia S.p.A.
2023-07-07 05:00:00,0.0,IT.CAED/100752001.FACILITY,Ahlstrom-Munksjö Italia S.p.A.
2023-07-07 06:00:00,0.00916,IT.CAED/100752001.FACILITY,Ahlstrom-Munksjö Italia S.p.A.
2023-07-07 07:00:00,0.03626,IT.CAED/100752001.FACILITY,Ahlstrom-Munksjö Italia S.p.A.
2023-07-07 08:00:00,0.14883000000000002,IT.CAED/100752001.FACILITY,Ahlstrom-Munksjö Italia S.p.A.
2023-07-07 09:00:00,0.33558,IT.CAED/100752001.FACILITY,Ahlstrom-Munksjö Italia S.p.A.
2023-07-07 10:00:00,0.45938999999999997,IT.CAED/100752001.FACILITY,Ahlstrom-Munksjö Italia S.p.A.
2023-07-07 11:00:00,0.6479199999999999,IT.CAED/100752001.FACILITY,Ahlstrom-Munksjö Italia S.p.A.
2023-07-07 12:00:00,0.65323,IT.CAED/100752001.FACILITY,Ahlstrom-Munksjö Italia S.p.A.
2023-07-07 13:00:00,0.68252,IT.CAED/100752001.FACILITY,Ahlstrom-Munksjö Italia S.p.A.
2023-07-07 14:00:00,0.55589,IT.CAED/100752001.FACILITY,Ahlstrom-Munksjö Italia S.p.A.
2023-07-07 15:00:00,0.53306,IT.CAED/100752001.FACILITY,Ahlstrom-Munksjö Italia S.p.A.
2023-07-07 16:00:00,0.45986,IT.CAED/100752001.FACILITY,Ahlstrom-Munksjö Italia S.p.A.
2023-07-07 17:00:00,0.25931,IT.CAED/100752001.FACILITY,Ahlstrom-Munksjö Italia S.p.A.
2023-07-07 18:00:00,0.14009,IT.CAED/100752001.FACILITY,Ahlstrom-Munksjö Italia S.p.A.
2023-07-07 19:00:00,0.03921,IT.CAED/100752001.FACILITY,Ahlstrom-Munksjö Italia S.p.A.
2023-07-07 20:00:00,0.01205,IT.CAED/100752001.FACILITY,Ahlstrom-Munksjö Italia S.p.A.
2023-07-07 21:00:00,0.0,IT.CAED/100752001.FACILITY,Ahlstrom-Munksjö Italia S.p.A.
2023-07-07 22:00:00,0.0,IT.CAED/100752001.FACILITY,Ahlstrom-Munksjö Italia S.p.A.
2023-07-07 23:00:00,0.0,IT.CAED/100752001.FACILITY,Ahlstrom-Munksjö Italia S.p.A.
2023-07-08 00:00:00,0.0,IT.CAED/100752001.FACILITY,Ahlstrom-Munksjö Italia S.p.A.
2023-07-08 01:00:00,0.0,IT.CAED/100752001.FACILITY,Ahlstrom-Munksjö Italia S.p.A.
2023-07-08 02:00:00,0.0,IT.CAED/100752001.FACILITY,Ahlstrom-Munksjö Italia S.p.A.
2023-07-08 03:00:00,0.0,IT.CAED/100752001.FACILITY,Ahlstrom-Munksjö Italia S.p.A.
2023-07-08 04:00:00,0.0,IT.CAED/100752001.FACILITY,Ahlstrom-Munksjö Italia S.p.A.
2023-07-08 05:00:00,0.0,IT.CAED/100752001.FACILITY,Ahlstrom-Munksjö Italia S.p.A.
2023-07-08 06:00:00,0.00333,IT.CAED/100752001.FACILITY,Ahlstrom-Munksjö Italia S.p.A.
2023-07-08 07:00:00,0.02443,IT.CAED/100752001.FACILITY,Ahlstrom-Munksjö Italia S.p.A.
2023-07-08 08:00:00,0.07773000000000001,IT.CAED/100752001.FACILITY,Ahlstrom-Munksjö Italia S.p.A.
2023-07-08 09:00:00,0.10357,IT.CAED/100752001.FACILITY,Ahlstrom-Munksjö Italia S.p.A.
2023-07-08 10:00:00,0.14595,IT.CAED/100752001.FACILITY,Ahlstrom-Munksjö Italia S.p.A.
2023-07-08 11:00:00,0.36248,IT.CAED/100752001.FACILITY,Ahlstrom-Munksjö Italia S.p.A.
2023-07-08 12:00:00,0.38466,IT.CAED/100752001.FACILITY,Ahlstrom-Munksjö Italia S.p.A.
2023-07-08 13:00:00,0.41854,IT.CAED/100752001.FACILITY,Ahlstrom-Munksjö Italia S.p.A.
2023-07-08 14:00:00,0.4104,IT.CAED/100752001.FACILITY,Ahlstrom-Munksjö Italia S.p.A.
2023-07-08 15:00:00,0.5219199999999999,IT.CAED/100752001.FACILITY,Ahlstrom-Munksjö Italia S.p.A.
2023-07-08 16:00:00,0.49224,IT.CAED/100752001.FACILITY,Ahlstrom-Munksjö Italia S.p.A.
2023-07-08 17:00:00,0.35370999999999997,IT.CAED/100752001.FACILITY,Ahlstrom-Munksjö Italia S.p.A.
2023-07-08 18:00:00,0.17312,IT.CAED/100752001.FACILITY,Ahlstrom-Munksjö Italia S.p.A.
2023-07-08 19:00:00,0.03148,IT.CAED/100752001.FACILITY,Ahlstrom-Munksjö Italia S.p.A.
2023-07-08 20:00:00,0.01158,IT.CAED/100752001.FACILITY,Ahlstrom-Munksjö Italia S.p.A.
2023-07-08 21:00:00,0.0,IT.CAED/100752001.FACILITY,Ahlstrom-Munksjö Italia S.p.A.
2023-07-08 22:00:00,0.0,IT.CAED/100752001.FACILITY,Ahlstrom-Munksjö Italia S.p.A.
2023-07-08 23:00:00,0.0,IT.CAED/100752001.FACILITY,Ahlstrom-Munksjö Italia S.p.A.
2023-07-09 00:00:00,0.0,IT.CAED/100752001.FACILITY,Ahlstrom-Munksjö Italia S.p.A.
2023-07-09 01:00:00,0.0,IT.CAED/100752001.FACILITY,Ahlstrom-Munksjö Italia S.p.A.
2023-07-09 02:00:00,0.0,IT.CAED/100752001.FACILITY,Ahlstrom-Munksjö Italia S.p.A.
2023-07-09 03:00:00,0.0,IT.CAED/100752001.FACILITY,Ahlstrom-Munksjö Italia S.p.A.
2023-07-09 04:00:00,0.0,IT.CAED/100752001.FACILITY,Ahlstrom-Munksjö Italia S.p.A.
2023-07-09 05:00:00,0.0,IT.CAED/100752001.FACILITY,Ahlstrom-Munksjö Italia S.p.A.
2023-07-09 06:00:00,0.00848,IT.CAED/100752001.FACILITY,Ahlstrom-Munksjö Italia S.p.A.
2023-07-09 07:00:00,0.03403,IT.CAED/100752001.FACILITY,Ahlstrom-Munksjö Italia S.p.A.
2023-07-09 08:00:00,0.15883,IT.CAED/100752001.FACILITY,Ahlstrom-Munksjö Italia S.p.A.
2023-07-09 09:00:00,0.36672000000000005,IT.CAED/100752001.FACILITY,Ahlstrom-Munksjö Italia S.p.A.
2023-07-09 10:00:00,0.54469,IT.CAED/100752001.FACILITY,Ahlstrom-Munksjö Italia S.p.A.
2023-07-09 11:00:00,0.67335,IT.CAED/100752001.FACILITY,Ahlstrom-Munksjö Italia S.p.A.
2023-07-09 12:00:00,0.73136,IT.CAED/100752001.FACILITY,Ahlstrom-Munksjö Italia S.p.A.
2023-07-09 13:00:00,0.74249,IT.CAED/100752001.FACILITY,Ahlstrom-Munksjö Italia S.p.A.
2023-07-09 14:00:00,0.71309,IT.CAED/100752001.FACILITY,Ahlstrom-Munksjö Italia S.p.A.
2023-07-09 15:00:00,0.52819,IT.CAED/100752001.FACILITY,Ahlstrom-Munksjö Italia S.p.A.
2023-07-09 16:00:00,0.37062,IT.CAED/100752001.FACILITY,Ahlstrom-Munksjö Italia S.p.A.
2023-07-09 17:00:00,0.29256,IT.CAED/100752001.FACILITY,Ahlstrom-Munksjö Italia S.p.A.
2023-07-09 18:00:00,0.17015,IT.CAED/100752001.FACILITY,Ahlstrom-Munksjö Italia S.p.A.
2023-07-09 19:00:00,0.03557,IT.CAED/100752001.FACILITY,Ahlstrom-Munksjö Italia S.p.A.
2023-07-09 20:00:00,0.01183,IT.CAED/100752001.FACILITY,Ahlstrom-Munksjö Italia S.p.A.
2023-07-09 21:00:00,0.0,IT.CAED/100752001.FACILITY,Ahlstrom-Munksjö Italia S.p.A.
2023-07-09 22:00:00,0.0,IT.CAED/100752001.FACILITY,Ahlstrom-Munksjö Italia S.p.A.
2023-07-09 23:00:00,0.0,IT.CAED/100752001.FACILITY,Ahlstrom-Munksjö Italia S.p.A.
2023-07-10 00:00:00,0.0,IT.CAED/100752001.FACILITY,Ahlstrom-Munksjö Italia S.p.A.
2023-07-10 01:00:00,0.0,IT.CAED/100752001.FACILITY,Ahlstrom-Munksjö Italia S.p.A.
2023-07-10 02:00:00,0.0,IT.CAED/100752001.FACILITY,Ahlstrom-Munksjö Italia S.p.A.
2023-07-10 03:00:00,0.0,IT.CAED/100752001.FACILITY,Ahlstrom-Munksjö Italia S.p.A.
2023-07-10 04:00:00,0.0,IT.CAED/100752001.FACILITY,Ahlstrom-Munksjö Italia S.p.A.
2023-07-10 05:00:00,0.0,IT.CAED/100752001.FACILITY,Ahlstrom-Munksjö Italia S.p.A.
2023-07-10 06:00:00,0.00802,IT.CAED/100752001.FACILITY,Ahlstrom-Munksjö Italia S.p.A.
2023-07-10 07:00:00,0.032159999999999994,IT.CAED/100752001.FACILITY,Ahlstrom-Munksjö Italia S.p.A.
2023-07-10 08:00:00,0.15677000000000002,IT.CAED/100752001.FACILITY,Ahlstrom-Munksjö Italia S.p.A.
2023-07-10 09:00:00,0.35673,IT.CAED/100752001.FACILITY,Ahlstrom-Munksjö Italia S.p.A.
2023-07-10 10:00:00,0.54039,IT.CAED/100752001.FACILITY,Ahlstrom-Munksjö Italia S.p.A.
2023-07-10 11:00:00,0.6531699999999999,IT.CAED/100752001.FACILITY,Ahlstrom-Munksjö Italia S.p.A.
2023-07-10 12:00:00,0.71054,IT.CAED/100752001.FACILITY,Ahlstrom-Munksjö Italia S.p.A.
2023-07-10 13:00:00,0.7360800000000001,IT.CAED/100752001.FACILITY,Ahlstrom-Munksjö Italia S.p.A.
2023-07-10 14:00:00,0.66725,IT.CAED/100752001.FACILITY,Ahlstrom-Munksjö Italia S.p.A.
2023-07-10 15:00:00,0.60119,IT.CAED/100752001.FACILITY,Ahlstrom-Munksjö Italia S.p.A.
2023-07-10 16:00:00,0.47329000000000004,IT.CAED/100752001.FACILITY,Ahlstrom-Munksjö Italia S.p.A.
2023-07-10 17:00:00,0.32536000000000004,IT.CAED/100752001.FACILITY,Ahlstrom-Munksjö Italia S.p.A.
2023-07-10 18:00:00,0.17089,IT.CAED/100752001.FACILITY,Ahlstrom-Munksjö Italia S.p.A.
2023-07-10 19:00:00,0.03183,IT.CAED/100752001.FACILITY,Ahlstrom-Munksjö Italia S.p.A.
2023-07-10 20:00:00,0.01064,IT.CAED/100752001.FACILITY,Ahlstrom-Munksjö Italia S.p.A.
2023-07-10 21:00:00,0.0,IT.CAED/100752001.FACILITY,Ahlstrom-Munksjö Italia S.p.A.
2023-07-10 22:00:00,0.0,IT.CAED/100752001.FACILITY,Ahlstrom-Munksjö Italia S.p.A.
2023-07-10 23:00:00,0.0,IT.CAED/100752001.FACILITY,Ahlstrom-Munksjö Italia S.p.A.
2023-07-11 00:00:00,0.0,IT.CAED/100752001.FACILITY,Ahlstrom-Munksjö Italia S.p.A.
2023-07-11 01:00:00,0.0,IT.CAED/100752001.FACILITY,Ahlstrom-Munksjö Italia S.p.A.
2023-07-11 02:00:00,0.0,IT.CAED/100752001.FACILITY,Ahlstrom-Munksjö Italia S.p.A.
2023-07-11 03:00:00,0.0,IT.CAED/100752001.FACILITY,Ahlstrom-Munksjö Italia S.p.A.
2023-07-11 04:00:00,0.0,IT.CAED/100752001.FACILITY,Ahlstrom-Munksjö Italia S.p.A.
2023-07-11 05:00:00,0.0,IT.CAED/100752001.FACILITY,Ahlstrom-Munksjö Italia S.p.A.
2023-07-11 06:00:00,0.0076100000000000004,IT.CAED/100752001.FACILITY,Ahlstrom-Munksjö Italia S.p.A.
2023-07-11 07:00:00,0.03243,IT.CAED/100752001.FACILITY,Ahlstrom-Munksjö Italia S.p.A.
2023-07-11 08:00:00,0.15461000000000003,IT.CAED/100752001.FACILITY,Ahlstrom-Munksjö Italia S.p.A.
2023-07-11 09:00:00,0.36237,IT.CAED/100752001.FACILITY,Ahlstrom-Munksjö Italia S.p.A.
2023-07-11 10:00:00,0.5454199999999999,IT.CAED/100752001.FACILITY,Ahlstrom-Munksjö Italia S.p.A.
2023-07-11 11:00:00,0.67801,IT.CAED/100752001.FACILITY,Ahlstrom-Munksjö Italia S.p.A.
2023-07-11 12:00:00,0.73326,IT.CAED/100752001.FACILITY,Ahlstrom-Munksjö Italia S.p.A.
2023-07-11 13:00:00,0.5980800000000001,IT.CAED/100752001.FACILITY,Ahlstrom-Munksjö Italia S.p.A.
2023-07-11 14:00:00,0.65764,IT.CAED/100752001.FACILITY,Ahlstrom-Munksjö Italia S.p.A.
2023-07-11 15:00:00,0.53359,IT.CAED/100752001.FACILITY,Ahlstrom-Munksjö Italia S.p.A.
2023-07-11 16:00:00,0.48392,IT.CAED/100752001.FACILITY,Ahlstrom-Munksjö Italia S.p.A.
2023-07-11 17:00:00,0.26880000000000004,IT.CAED/100752001.FACILITY,Ahlstrom-Munksjö Italia S.p.A.
2023-07-11 18:00:00,0.15103999999999998,IT.CAED/100752001.FACILITY,Ahlstrom-Munksjö Italia S.p.A.
2023-07-11 19:00:00,0.03467,IT.CAED/100752001.FACILITY,Ahlstrom-Munksjö Italia S.p.A.
2023-07-11 20:00:00,0.01449,IT.CAED/100752001.FACILITY,Ahlstrom-Munksjö Italia S.p.A.
2023-07-11 21:00:00,0.0,IT.CAED/100752001.FACILITY,Ahlstrom-Munksjö Italia S.p.A.
2023-07-11 22:00:00,0.0,IT.CAED/100752001.FACILITY,Ahlstrom-Munksjö Italia S.p.A.
2023-07-11 23:00:00,0.0,IT.CAED/100752001.FACILITY,Ahlstrom-Munksjö Italia S.p.A.
2023-07-12 00:00:00,0.0,IT.CAED/100752001.FACILITY,Ahlstrom-Munksjö Italia S.p.A.
2023-07-12 01:00:00,0.0,IT.CAED/100752001.FACILITY,Ahlstrom-Munksjö Italia S.p.A.
2023-07-12 02:00:00,0.0,IT.CAED/100752001.FACILITY,Ahlstrom-Munksjö Italia S.p.A.
2023-07-12 03:00:00,0.0,IT.CAED/100752001.FACILITY,Ahlstrom-Munksjö Italia S.p.A.
2023-07-12 04:00:00,0.0,IT.CAED/100752001.FACILITY,Ahlstrom-Munksjö Italia S.p.A.
2023-07-12 05:00:00,0.0,IT.CAED/100752001.FACILITY,Ahlstrom-Munksjö Italia S.p.A.
2023-07-12 06:00:00,0.00218,IT.CAED/100752001.FACILITY,Ahlstrom-Munksjö Italia S.p.A.
2023-07-12 07:00:00,0.027719999999999998,IT.CAED/100752001.FACILITY,Ahlstrom-Munksjö Italia S.p.A.
2023-07-12 08:00:00,0.08532,IT.CAED/100752001.FACILITY,Ahlstrom-Munksjö Italia S.p.A.
2023-07-12 09:00:00,0.08631,IT.CAED/100752001.FACILITY,Ahlstrom-Munksjö Italia S.p.A.
2023-07-12 10:00:00,0.19394999999999998,IT.CAED/100752001.FACILITY,Ahlstrom-Munksjö Italia S.p.A.
2023-07-12 11:00:00,0.18603999999999998,IT.CAED/100752001.FACILITY,Ahlstrom-Munksjö Italia S.p.A.
2023-07-12 12:00:00,0.23768999999999998,IT.CAED/100752001.FACILITY,Ahlstrom-Munksjö Italia S.p.A.
2023-07-12 13:00:00,0.24889,IT.CAED/100752001.FACILITY,Ahlstrom-Munksjö Italia S.p.A.
2023-07-12 14:00:00,0.35723,IT.CAED/100752001.FACILITY,Ahlstrom-Munksjö Italia S.p.A.
2023-07-12 15:00:00,0.25902,IT.CAED/100752001.FACILITY,Ahlstrom-Munksjö Italia S.p.A.
2023-07-12 16:00:00,0.10969,IT.CAED/100752001.FACILITY,Ahlstrom-Munksjö Italia S.p.A.
2023-07-12 17:00:00,0.09641,IT.CAED/100752001.FACILITY,Ahlstrom-Munksjö Italia S.p.A.
2023-07-12 18:00:00,0.052340000000000005,IT.CAED/100752001.FACILITY,Ahlstrom-Munksjö Italia S.p.A.
2023-07-12 19:00:00,0.030690000000000002,IT.CAED/100752001.FACILITY,Ahlstrom-Munksjö Italia S.p.A.
2023-07-12 20:00:00,0.00064,IT.CAED/100752001.FACILITY,Ahlstrom-Munksjö Italia S.p.A.
2023-07-12 21:00:00,0.0,IT.CAED/100752001.FACILITY,Ahlstrom-Munksjö Italia S.p.A.
2023-07-12 22:00:00,0.0,IT.CAED/100752001.FACILITY,Ahlstrom-Munksjö Italia S.p.A.
2023-07-12 23:00:00,0.0,IT.CAED/100752001.FACILITY,Ahlstrom-Munksjö Italia S.p.A.
2023-07-13 00:00:00,0.0,IT.CAED/100752001.FACILITY,Ahlstrom-Munksjö Italia S.p.A.
2023-07-13 01:00:00,0.0,IT.CAED/100752001.FACILITY,Ahlstrom-Munksjö Italia S.p.A.
2023-07-13 02:00:00,0.0,IT.CAED/100752001.FACILITY,Ahlstrom-Munksjö Italia S.p.A.
2023-07-13 03:00:00,0.0,IT.CAED/100752001.FACILITY,Ahlstrom-Munksjö Italia S.p.A.
2023-07-13 04:00:00,0.0,IT.CAED/100752001.FACILITY,Ahlstrom-Munksjö Italia S.p.A.
2023-07-13 05:00:00,0.0,IT.CAED/100752001.FACILITY,Ahlstrom-Munksjö Italia S.p.A.
2023-07-13 06:00:00,0.00737,IT.CAED/100752001.FACILITY,Ahlstrom-Munksjö Italia S.p.A.
2023-07-13 07:00:00,0.039020000000000006,IT.CAED/100752001.FACILITY,Ahlstrom-Munksjö Italia S.p.A.
2023-07-13 08:00:00,0.14092,IT.CAED/100752001.FACILITY,Ahlstrom-Munksjö Italia S.p.A.
2023-07-13 09:00:00,0.34507,IT.CAED/100752001.FACILITY,Ahlstrom-Munksjö Italia S.p.A.
2023-07-13 10:00:00,0.53291,IT.CAED/100752001.FACILITY,Ahlstrom-Munksjö Italia S.p.A.
2023-07-13 11:00:00,0.63855,IT.CAED/100752001.FACILITY,Ahlstrom-Munksjö Italia S.p.A.
2023-07-13 12:00:00,0.61397,IT.CAED/100752001.FACILITY,Ahlstrom-Munksjö Italia S.p.A.
2023-07-13 13:00:00,0.6068,IT.CAED/100752001.FACILITY,Ahlstrom-Munksjö Italia S.p.A.
2023-07-13 14:00:00,0.6093999999999999,IT.CAED/100752001.FACILITY,Ahlstrom-Munksjö Italia S.p.A.
2023-07-13 15:00:00,0.67984,IT.CAED/100752001.FACILITY,Ahlstrom-Munksjö Italia S.p.A.
2023-07-13 16:00:00,0.4669,IT.CAED/100752001.FACILITY,Ahlstrom-Munksjö Italia S.p.A.
2023-07-13 17:00:00,0.28276999999999997,IT.CAED/100752001.FACILITY,Ahlstrom-Munksjö Italia S.p.A.
2023-07-13 18:00:00,0.16769,IT.CAED/100752001.FACILITY,Ahlstrom-Munksjö Italia S.p.A.
2023-07-13 19:00:00,0.03764,IT.CAED/100752001.FACILITY,Ahlstrom-Munksjö Italia S.p.A.
2023-07-13 20:00:00,0.01026,IT.CAED/100752001.FACILITY,Ahlstrom-Munksjö Italia S.p.A.
2023-07-13 21:00:00,0.0,IT.CAED/100752001.FACILITY,Ahlstrom-Munksjö Italia S.p.A.
2023-07-13 22:00:00,0.0,IT.CAED/100752001.FACILITY,Ahlstrom-Munksjö Italia S.p.A.
2023-07-13 23:00:00,0.0,IT.CAED/100752001.FACILITY,Ahlstrom-Munksjö Italia S.p.A.
2023-07-14 00:00:00,0.0,IT.CAED/100752001.FACILITY,Ahlstrom-Munksjö Italia S.p.A.
2023-07-14 01:00:00,0.0,IT.CAED/100752001.FACILITY,Ahlstrom-Munksjö Italia S.p.A.
2023-07-14 02:00:00,0.0,IT.CAED/100752001.FACILITY,Ahlstrom-Munksjö Italia S.p.A.
2023-07-14 03:00:00,0.0,IT.CAED/100752001.FACILITY,Ahlstrom-Munksjö Italia S.p.A.
2023-07-14 04:00:00,0.0,IT.CAED/100752001.FACILITY,Ahlstrom-Munksjö Italia S.p.A.
2023-07-14 05:00:00,0.0,IT.CAED/100752001.FACILITY,Ahlstrom-Munksjö Italia S.p.A.
2023-07-14 06:00:00,0.00161,IT.CAED/100752001.FACILITY,Ahlstrom-Munksjö Italia S.p.A.
2023-07-14 07:00:00,0.01233,IT.CAED/100752001.FACILITY,Ahlstrom-Munksjö Italia S.p.A.
2023-07-14 08:00:00,0.023629999999999998,IT.CAED/100752001.FACILITY,Ahlstrom-Munksjö Italia S.p.A.
2023-07-14 09:00:00,0.026949999999999998,IT.CAED/100752001.FACILITY,Ahlstrom-Munksjö Italia S.p.A.
2023-07-14 10:00:00,0.09953000000000001,IT.CAED/100752001.FACILITY,Ahlstrom-Munksjö Italia S.p.A.
2023-07-14 11:00:00,0.1475,IT.CAED/100752001.FACILITY,Ahlstrom-Munksjö Italia S.p.A.
2023-07-14 12:00:00,0.17845,IT.CAED/100752001.FACILITY,Ahlstrom-Munksjö Italia S.p.A.
2023-07-14 13:00:00,0.29142,IT.CAED/100752001.FACILITY,Ahlstrom-Munksjö Italia S.p.A.
2023-07-14 14:00:00,0.273,IT.CAED/100752001.FACILITY,Ahlstrom-Munksjö Italia S.p.A.
2023-07-14 15:00:00,0.25038,IT.CAED/100752001.FACILITY,Ahlstrom-Munksjö Italia S.p.A.
2023-07-14 16:00:00,0.24714,IT.CAED/100752001.FACILITY,Ahlstrom-Munksjö Italia S.p.A.
2023-07-14 17:00:00,0.25769,IT.CAED/100752001.FACILITY,Ahlstrom-Munksjö Italia S.p.A.
2023-07-14 18:00:00,0.13390000000000002,IT.CAED/100752001.FACILITY,Ahlstrom-Munksjö Italia S.p.A.
2023-07-14 19:00:00,0.02647,IT.CAED/100752001.FACILITY,Ahlstrom-Munksjö Italia S.p.A.
2023-07-14 20:00:00,0.00396,IT.CAED/100752001.FACILITY,Ahlstrom-Munksjö Italia S.p.A.
2023-07-14 21:00:00,0.0,IT.CAED/100752001.FACILITY,Ahlstrom-Munksjö Italia S.p.A.
2023-07-14 22:00:00,0.0,IT.CAED/100752001.FACILITY,Ahlstrom-Munksjö Italia S.p.A.
2023-07-14 23:00:00,0.0,IT.CAED/100752001.FACILITY,Ahlstrom-Munksjö Italia S.p.A.
2023-07-15 00:00:00,0.0,IT.CAED/100752001.FACILITY,Ahlstrom-Munksjö Italia S.p.A.
2023-07-15 01:00:00,0.0,IT.CAED/100752001.FACILITY,Ahlstrom-Munksjö Italia S.p.A.
2023-07-15 02:00:00,0.0,IT.CAED/100752001.FACILITY,Ahlstrom-Munksjö Italia S.p.A.
2023-07-15 03:00:00,0.0,IT.CAED/100752001.FACILITY,Ahlstrom-Munksjö Italia S.p.A.
2023-07-15 04:00:00,0.0,IT.CAED/100752001.FACILITY,Ahlstrom-Munksjö Italia S.p.A.
2023-07-15 05:00:00,0.0,IT.CAED/100752001.FACILITY,Ahlstrom-Munksjö Italia S.p.A.
2023-07-15 06:00:00,0.00136,IT.CAED/100752001.FACILITY,Ahlstrom-Munksjö Italia S.p.A.
2023-07-15 07:00:00,0.02214,IT.CAED/100752001.FACILITY,Ahlstrom-Munksjö Italia S.p.A.
2023-07-15 08:00:00,0.07657,IT.CAED/100752001.FACILITY,Ahlstrom-Munksjö Italia S.p.A.
2023-07-15 09:00:00,0.14809,IT.CAED/100752001.FACILITY,Ahlstrom-Munksjö Italia S.p.A.
2023-07-15 10:00:00,0.37078,IT.CAED/100752001.FACILITY,Ahlstrom-Munksjö Italia S.p.A.
2023-07-15 11:00:00,0.31741,IT.CAED/100752001.FACILITY,Ahlstrom-Munksjö Italia S.p.A.
2023-07-15 12:00:00,0.37187,IT.CAED/100752001.FACILITY,Ahlstrom-Munksjö Italia S.p.A.
2023-07-15 13:00:00,0.39697000000000005,IT.CAED/100752001.FACILITY,Ahlstrom-Munksjö Italia S.p.A.
2023-07-15 14:00:00,0.32367,IT.CAED/100752001.FACILITY,Ahlstrom-Munksjö Italia S.p.A.
2023-07-15 15:00:00,0.40712,IT.CAED/100752001.FACILITY,Ahlstrom-Munksjö Italia S.p.A.
2023-07-15 16:00:00,0.33614,IT.CAED/100752001.FACILITY,Ahlstrom-Munksjö Italia S.p.A.
2023-07-15 17:00:00,0.29127,IT.CAED/100752001.FACILITY,Ahlstrom-Munksjö Italia S.p.A.
2023-07-15 18:00:00,0.10552,IT.CAED/100752001.FACILITY,Ahlstrom-Munksjö Italia S.p.A.
2023-07-15 19:00:00,0.033479999999999996,IT.CAED/100752001.FACILITY,Ahlstrom-Munksjö Italia S.p.A.
2023-07-15 20:00:00,0.0047,IT.CAED/100752001.FACILITY,Ahlstrom-Munksjö Italia S.p.A.
2023-07-15 21:00:00,0.0,IT.CAED/100752001.FACILITY,Ahlstrom-Munksjö Italia S.p.A.
2023-07-15 22:00:00,0.0,IT.CAED/100752001.FACILITY,Ahlstrom-Munksjö Italia S.p.A.
2023-07-15 23:00:00,0.0,IT.CAED/100752001.FACILITY,Ahlstrom-Munksjö Italia S.p.A.
2023-07-16 00:00:00,0.0,IT.CAED/100752001.FACILITY,Ahlstrom-Munksjö Italia S.p.A.
2023-07-16 01:00:00,0.0,IT.CAED/100752001.FACILITY,Ahlstrom-Munksjö Italia S.p.A.
2023-07-16 02:00:00,0.0,IT.CAED/100752001.FACILITY,Ahlstrom-Munksjö Italia S.p.A.
2023-07-16 03:00:00,0.0,IT.CAED/100752001.FACILITY,Ahlstrom-Munksjö Italia S.p.A.
2023-07-16 04:00:00,0.0,IT.CAED/100752001.FACILITY,Ahlstrom-Munksjö Italia S.p.A.
2023-07-16 05:00:00,0.0,IT.CAED/100752001.FACILITY,Ahlstrom-Munksjö Italia S.p.A.
2023-07-16 06:00:00,0.004,IT.CAED/100752001.FACILITY,Ahlstrom-Munksjö Italia S.p.A.
2023-07-16 07:00:00,0.03162,IT.CAED/100752001.FACILITY,Ahlstrom-Munksjö Italia S.p.A.
2023-07-16 08:00:00,0.10615999999999999,IT.CAED/100752001.FACILITY,Ahlstrom-Munksjö Italia S.p.A.
2023-07-16 09:00:00,0.23422,IT.CAED/100752001.FACILITY,Ahlstrom-Munksjö Italia S.p.A.
2023-07-16 10:00:00,0.28566,IT.CAED/100752001.FACILITY,Ahlstrom-Munksjö Italia S.p.A.
2023-07-16 11:00:00,0.40412,IT.CAED/100752001.FACILITY,Ahlstrom-Munksjö Italia S.p.A.
2023-07-16 12:00:00,0.42960000000000004,IT.CAED/100752001.FACILITY,Ahlstrom-Munksjö Italia S.p.A.
2023-07-16 13:00:00,0.35218,IT.CAED/100752001.FACILITY,Ahlstrom-Munksjö Italia S.p.A.
2023-07-16 14:00:00,0.47516,IT.CAED/100752001.FACILITY,Ahlstrom-Munksjö Italia S.p.A.
2023-07-16 15:00:00,0.33494999999999997,IT.CAED/100752001.FACILITY,Ahlstrom-Munksjö Italia S.p.A.
2023-07-16 16:00:00,0.45723,IT.CAED/100752001.FACILITY,Ahlstrom-Munksjö Italia S.p.A.
2023-07-16 17:00:00,0.29275,IT.CAED/100752001.FACILITY,Ahlstrom-Munksjö Italia S.p.A.
2023-07-16 18:00:00,0.15758000000000003,IT.CAED/100752001.FACILITY,Ahlstrom-Munksjö Italia S.p.A.
2023-07-16 19:00:00,0.0296,IT.CAED/100752001.FACILITY,Ahlstrom-Munksjö Italia S.p.A.
2023-07-16 20:00:00,0.00538,IT.CAED/100752001.FACILITY,Ahlstrom-Munksjö Italia S.p.A.
2023-07-16 21:00:00,0.0,IT.CAED/100752001.FACILITY,Ahlstrom-Munksjö Italia S.p.A.
2023-07-16 22:00:00,0.0,IT.CAED/100752001.FACILITY,Ahlstrom-Munksjö Italia S.p.A.
2023-07-16 23:00:00,0.0,IT.CAED/100752001.FACILITY,Ahlstrom-Munksjö Italia S.p.A.
2023-07-17 00:00:00,0.0,IT.CAED/100752001.FACILITY,Ahlstrom-Munksjö Italia S.p.A.
2023-07-17 01:00:00,0.0,IT.CAED/100752001.FACILITY,Ahlstrom-Munksjö Italia S.p.A.
2023-07-17 02:00:00,0.0,IT.CAED/100752001.FACILITY,Ahlstrom-Munksjö Italia S.p.A.
2023-07-17 03:00:00,0.0,IT.CAED/100752001.FACILITY,Ahlstrom-Munksjö Italia S.p.A.
2023-07-17 04:00:00,0.0,IT.CAED/100752001.FACILITY,Ahlstrom-Munksjö Italia S.p.A.
2023-07-17 05:00:00,0.0,IT.CAED/100752001.FACILITY,Ahlstrom-Munksjö Italia S.p.A.
2023-07-17 06:00:00,0.00537,IT.CAED/100752001.FACILITY,Ahlstrom-Munksjö Italia S.p.A.
2023-07-17 07:00:00,0.03293,IT.CAED/100752001.FACILITY,Ahlstrom-Munksjö Italia S.p.A.
2023-07-17 08:00:00,0.14806,IT.CAED/100752001.FACILITY,Ahlstrom-Munksjö Italia S.p.A.
2023-07-17 09:00:00,0.3122,IT.CAED/100752001.FACILITY,Ahlstrom-Munksjö Italia S.p.A.
2023-07-17 10:00:00,0.50973,IT.CAED/100752001.FACILITY,Ahlstrom-Munksjö Italia S.p.A.
2023-07-17 11:00:00,0.61488,IT.CAED/100752001.FACILITY,Ahlstrom-Munksjö Italia S.p.A.
2023-07-17 12:00:00,0.70205,IT.CAED/100752001.FACILITY,Ahlstrom-Munksjö Italia S.p.A.
2023-07-17 13:00:00,0.64697,IT.CAED/100752001.FACILITY,Ahlstrom-Munksjö Italia S.p.A.
2023-07-17 14:00:00,0.69865,IT.CAED/100752001.FACILITY,Ahlstrom-Munksjö Italia S.p.A.
2023-07-17 15:00:00,0.62951,IT.CAED/100752001.FACILITY,Ahlstrom-Munksjö Italia S.p.A.
2023-07-17 16:00:00,0.50813,IT.CAED/100752001.FACILITY,Ahlstrom-Munksjö Italia S.p.A.
2023-07-17 17:00:00,0.31595,IT.CAED/100752001.FACILITY,Ahlstrom-Munksjö Italia S.p.A.
2023-07-17 18:00:00,0.17137,IT.CAED/100752001.FACILITY,Ahlstrom-Munksjö Italia S.p.A.
2023-07-17 19:00:00,0.02838,IT.CAED/100752001.FACILITY,Ahlstrom-Munksjö Italia S.p.A.
2023-07-17 20:00:00,0.00876,IT.CAED/100752001.FACILITY,Ahlstrom-Munksjö Italia S.p.A.
2023-07-17 21:00:00,0.0,IT.CAED/100752001.FACILITY,Ahlstrom-Munksjö Italia S.p.A.
2023-07-17 22:00:00,0.0,IT.CAED/100752001.FACILITY,Ahlstrom-Munksjö Italia S.p.A.
2023-07-17 23:00:00,0.0,IT.CAED/100752001.FACILITY,Ahlstrom-Munksjö Italia S.p.A.
2023-07-18 00:00:00,0.0,IT.CAED/100752001.FACILITY,Ahlstrom-Munksjö Italia S.p.A.
2023-07-18 01:00:00,0.0,IT.CAED/100752001.FACILITY,Ahlstrom-Munksjö Italia S.p.A.
2023-07-18 02:00:00,0.0,IT.CAED/100752001.FACILITY,Ahlstrom-Munksjö Italia S.p.A.
2023-07-18 03:00:00,0.0,IT.CAED/100752001.FACILITY,Ahlstrom-Munksjö Italia S.p.A.
2023-07-18 04:00:00,0.0,IT.CAED/100752001.FACILITY,Ahlstrom-Munksjö Italia S.p.A.
2023-07-18 05:00:00,0.0,IT.CAED/100752001.FACILITY,Ahlstrom-Munksjö Italia S.p.A.
2023-07-18 06:00:00,0.004849999999999999,IT.CAED/100752001.FACILITY,Ahlstrom-Munksjö Italia S.p.A.
2023-07-18 07:00:00,0.03041,IT.CAED/100752001.FACILITY,Ahlstrom-Munksjö Italia S.p.A.
2023-07-18 08:00:00,0.15093,IT.CAED/100752001.FACILITY,Ahlstrom-Munksjö Italia S.p.A.
2023-07-18 09:00:00,0.3365,IT.CAED/100752001.FACILITY,Ahlstrom-Munksjö Italia S.p.A.
2023-07-18 10:00:00,0.5106499999999999,IT.CAED/100752001.FACILITY,Ahlstrom-Munksjö Italia S.p.A.
2023-07-18 11:00:00,0.64532,IT.CAED/100752001.FACILITY,Ahlstrom-Munksjö Italia S.p.A.
2023-07-18 12:00:00,0.69926,IT.CAED/100752001.FACILITY,Ahlstrom-Munksjö Italia S.p.A.
2023-07-18 13:00:00,0.74065,IT.CAED/100752001.FACILITY,Ahlstrom-Munksjö Italia S.p.A.
2023-07-18 14:00:00,0.60776,IT.CAED/100752001.FACILITY,Ahlstrom-Munksjö Italia S.p.A.
2023-07-18 15:00:00,0.37288,IT.CAED/100752001.FACILITY,Ahlstrom-Munksjö Italia S.p.A.
2023-07-18 16:00:00,0.48269,IT.CAED/100752001.FACILITY,Ahlstrom-Munksjö Italia S.p.A.
2023-07-18 17:00:00,0.27252,IT.CAED/100752001.FACILITY,Ahlstrom-Munksjö Italia S.p.A.
2023-07-18 18:00:00,0.16611,IT.CAED/100752001.FACILITY,Ahlstrom-Munksjö Italia S.p.A.
2023-07-18 19:00:00,0.03483,IT.CAED/100752001.FACILITY,Ahlstrom-Munksjö Italia S.p.A.
2023-07-18 20:00:00,0.00874,IT.CAED/100752001.FACILITY,Ahlstrom-Munksjö Italia S.p.A.
2023-07-18 21:00:00,0.0,IT.CAED/100752001.FACILITY,Ahlstrom-Munksjö Italia S.p.A.
2023-07-18 22:00:00,0.0,IT.CAED/100752001.FACILITY,Ahlstrom-Munksjö Italia S.p.A.
2023-07-18 23:00:00,0.0,IT.CAED/100752001.FACILITY,Ahlstrom-Munksjö Italia S.p.A.
2023-07-19 00:00:00,0.0,IT.CAED/100752001.FACILITY,Ahlstrom-Munksjö Italia S.p.A.
2023-07-19 01:00:00,0.0,IT.CAED/100752001.FACILITY,Ahlstrom-Munksjö Italia S.p.A.
2023-07-19 02:00:00,0.0,IT.CAED/100752001.FACILITY,Ahlstrom-Munksjö Italia S.p.A.
2023-07-19 03:00:00,0.0,IT.CAED/100752001.FACILITY,Ahlstrom-Munksjö Italia S.p.A.
2023-07-19 04:00:00,0.0,IT.CAED/100752001.FACILITY,Ahlstrom-Munksjö Italia S.p.A.
2023-07-19 05:00:00,0.0,IT.CAED/100752001.FACILITY,Ahlstrom-Munksjö Italia S.p.A.
2023-07-19 06:00:00,0.00197,IT.CAED/100752001.FACILITY,Ahlstrom-Munksjö Italia S.p.A.
2023-07-19 07:00:00,0.026699999999999998,IT.CAED/100752001.FACILITY,Ahlstrom-Munksjö Italia S.p.A.
2023-07-19 08:00:00,0.15094,IT.CAED/100752001.FACILITY,Ahlstrom-Munksjö Italia S.p.A.
2023-07-19 09:00:00,0.35341,IT.CAED/100752001.FACILITY,Ahlstrom-Munksjö Italia S.p.A.
2023-07-19 10:00:00,0.52388,IT.CAED/100752001.FACILITY,Ahlstrom-Munksjö Italia S.p.A.
2023-07-19 11:00:00,0.5582,IT.CAED/100752001.FACILITY,Ahlstrom-Munksjö Italia S.p.A.
2023-07-19 12:00:00,0.63827,IT.CAED/100752001.FACILITY,Ahlstrom-Munksjö Italia S.p.A.
2023-07-19 13:00:00,0.5784600000000001,IT.CAED/100752001.FACILITY,Ahlstrom-Munksjö Italia S.p.A.
2023-07-19 14:00:00,0.6232000000000001,IT.CAED/100752001.FACILITY,Ahlstrom-Munksjö Italia S.p.A.
2023-07-19 15:00:00,0.48139,IT.CAED/100752001.FACILITY,Ahlstrom-Munksjö Italia S.p.A.
2023-07-19 16:00:00,0.50304,IT.CAED/100752001.FACILITY,Ahlstrom-Munksjö Italia S.p.A.
2023-07-19 17:00:00,0.35079000000000005,IT.CAED/100752001.FACILITY,Ahlstrom-Munksjö Italia S.p.A.
2023-07-19 18:00:00,0.16758,IT.CAED/100752001.FACILITY,Ahlstrom-Munksjö Italia S.p.A.
2023-07-19 19:00:00,0.02877,IT.CAED/100752001.FACILITY,Ahlstrom-Munksjö Italia S.p.A.
2023-07-19 20:00:00,0.00848,IT.CAED/100752001.FACILITY,Ahlstrom-Munksjö Italia S.p.A.
2023-07-19 21:00:00,0.0,IT.CAED/100752001.FACILITY,Ahlstrom-Munksjö Italia S.p.A.
2023-07-19 22:00:00,0.0,IT.CAED/100752001.FACILITY,Ahlstrom-Munksjö Italia S.p.A.
2023-07-19 23:00:00,0.0,IT.CAED/100752001.FACILITY,Ahlstrom-Munksjö Italia S.p.A.
2023-07-20 00:00:00,0.0,IT.CAED/100752001.FACILITY,Ahlstrom-Munksjö Italia S.p.A.
2023-07-20 01:00:00,0.0,IT.CAED/100752001.FACILITY,Ahlstrom-Munksjö Italia S.p.A.
2023-07-20 02:00:00,0.0,IT.CAED/100752001.FACILITY,Ahlstrom-Munksjö Italia S.p.A.
2023-07-20 03:00:00,0.0,IT.CAED/100752001.FACILITY,Ahlstrom-Munksjö Italia S.p.A.
2023-07-20 04:00:00,0.0,IT.CAED/100752001.FACILITY,Ahlstrom-Munksjö Italia S.p.A.
2023-07-20 05:00:00,0.0,IT.CAED/100752001.FACILITY,Ahlstrom-Munksjö Italia S.p.A.
2023-07-20 06:00:00,0.00509,IT.CAED/100752001.FACILITY,Ahlstrom-Munksjö Italia S.p.A.
2023-07-20 07:00:00,0.03161,IT.CAED/100752001.FACILITY,Ahlstrom-Munksjö Italia S.p.A.
2023-07-20 08:00:00,0.15599000000000002,IT.CAED/100752001.FACILITY,Ahlstrom-Munksjö Italia S.p.A.
2023-07-20 09:00:00,0.35058,IT.CAED/100752001.FACILITY,Ahlstrom-Munksjö Italia S.p.A.
2023-07-20 10:00:00,0.50831,IT.CAED/100752001.FACILITY,Ahlstrom-Munksjö Italia S.p.A.
2023-07-20 11:00:00,0.70523,IT.CAED/100752001.FACILITY,Ahlstrom-Munksjö Italia S.p.A.
2023-07-20 12:00:00,0.78516,IT.CAED/100752001.FACILITY,Ahlstrom-Munksjö Italia S.p.A.
2023-07-20 13:00:00,0.65476,IT.CAED/100752001.FACILITY,Ahlstrom-Munksjö Italia S.p.A.
2023-07-20 14:00:00,0.71147,IT.CAED/100752001.FACILITY,Ahlstrom-Munksjö Italia S.p.A.
2023-07-20 15:00:00,0.66543,IT.CAED/100752001.FACILITY,Ahlstrom-Munksjö Italia S.p.A.
2023-07-20 16:00:00,0.55636,IT.CAED/100752001.FACILITY,Ahlstrom-Munksjö Italia S.p.A.
2023-07-20 17:00:00,0.34029000000000004,IT.CAED/100752001.FACILITY,Ahlstrom-Munksjö Italia S.p.A.
2023-07-20 18:00:00,0.18143,IT.CAED/100752001.FACILITY,Ahlstrom-Munksjö Italia S.p.A.
2023-07-20 19:00:00,0.02934,IT.CAED/100752001.FACILITY,Ahlstrom-Munksjö Italia S.p.A.
2023-07-20 20:00:00,0.0071600000000000006,IT.CAED/100752001.FACILITY,Ahlstrom-Munksjö Italia S.p.A.
2023-07-20 21:00:00,0.0,IT.CAED/100752001.FACILITY,Ahlstrom-Munksjö Italia S.p.A.
2023-07-20 22:00:00,0.0,IT.CAED/100752001.FACILITY,Ahlstrom-Munksjö Italia S.p.A.
2023-07-20 23:00:00,0.0,IT.CAED/100752001.FACILITY,Ahlstrom-Munksjö Italia S.p.A.
2023-07-21 00:00:00,0.0,IT.CAED/100752001.FACILITY,Ahlstrom-Munksjö Italia S.p.A.
2023-07-21 01:00:00,0.0,IT.CAED/100752001.FACILITY,Ahlstrom-Munksjö Italia S.p.A.
2023-07-21 02:00:00,0.0,IT.CAED/100752001.FACILITY,Ahlstrom-Munksjö Italia S.p.A.
2023-07-21 03:00:00,0.0,IT.CAED/100752001.FACILITY,Ahlstrom-Munksjö Italia S.p.A.
2023-07-21 04:00:00,0.0,IT.CAED/100752001.FACILITY,Ahlstrom-Munksjö Italia S.p.A.
2023-07-21 05:00:00,0.0,IT.CAED/100752001.FACILITY,Ahlstrom-Munksjö Italia S.p.A.
2023-07-21 06:00:00,0.00415,IT.CAED/100752001.FACILITY,Ahlstrom-Munksjö Italia S.p.A.
2023-07-21 07:00:00,0.033549999999999996,IT.CAED/100752001.FACILITY,Ahlstrom-Munksjö Italia S.p.A.
2023-07-21 08:00:00,0.13623,IT.CAED/100752001.FACILITY,Ahlstrom-Munksjö Italia S.p.A.
2023-07-21 09:00:00,0.25597,IT.CAED/100752001.FACILITY,Ahlstrom-Munksjö Italia S.p.A.
2023-07-21 10:00:00,0.43979,IT.CAED/100752001.FACILITY,Ahlstrom-Munksjö Italia S.p.A.
2023-07-21 11:00:00,0.56712,IT.CAED/100752001.FACILITY,Ahlstrom-Munksjö Italia S.p.A.
2023-07-21 12:00:00,0.62687,IT.CAED/100752001.FACILITY,Ahlstrom-Munksjö Italia S.p.A.
2023-07-21 13:00:00,0.49832,IT.CAED/100752001.FACILITY,Ahlstrom-Munksjö Italia S.p.A.
2023-07-21 14:00:00,0.55075,IT.CAED/100752001.FACILITY,Ahlstrom-Munksjö Italia S.p.A.
2023-07-21 15:00:00,0.62629,IT.CAED/100752001.FACILITY,Ahlstrom-Munksjö Italia S.p.A.
2023-07-21 16:00:00,0.50957,IT.CAED/100752001.FACILITY,Ahlstrom-Munksjö Italia S.p.A.
2023-07-21 17:00:00,0.35585,IT.CAED/100752001.FACILITY,Ahlstrom-Munksjö Italia S.p.A.
2023-07-21 18:00:00,0.17834,IT.CAED/100752001.FACILITY,Ahlstrom-Munksjö Italia S.p.A.
2023-07-21 19:00:00,0.035859999999999996,IT.CAED/100752001.FACILITY,Ahlstrom-Munksjö Italia S.p.A.
2023-07-21 20:00:00,0.00554,IT.CAED/100752001.FACILITY,Ahlstrom-Munksjö Italia S.p.A.
2023-07-21 21:00:00,0.0,IT.CAED/100752001.FACILITY,Ahlstrom-Munksjö Italia S.p.A.
2023-07-21 22:00:00,0.0,IT.CAED/100752001.FACILITY,Ahlstrom-Munksjö Italia S.p.A.
2023-07-21 23:00:00,0.0,IT.CAED/100752001.FACILITY,Ahlstrom-Munksjö Italia S.p.A.
2023-07-22 00:00:00,0.0,IT.CAED/100752001.FACILITY,Ahlstrom-Munksjö Italia S.p.A.
2023-07-22 01:00:00,0.0,IT.CAED/100752001.FACILITY,Ahlstrom-Munksjö Italia S.p.A.
2023-07-22 02:00:00,0.0,IT.CAED/100752001.FACILITY,Ahlstrom-Munksjö Italia S.p.A.
2023-07-22 03:00:00,0.0,IT.CAED/100752001.FACILITY,Ahlstrom-Munksjö Italia S.p.A.
2023-07-22 04:00:00,0.0,IT.CAED/100752001.FACILITY,Ahlstrom-Munksjö Italia S.p.A.
2023-07-22 05:00:00,0.0,IT.CAED/100752001.FACILITY,Ahlstrom-Munksjö Italia S.p.A.
2023-07-22 06:00:00,0.00434,IT.CAED/100752001.FACILITY,Ahlstrom-Munksjö Italia S.p.A.
2023-07-22 07:00:00,0.03468,IT.CAED/100752001.FACILITY,Ahlstrom-Munksjö Italia S.p.A.
2023-07-22 08:00:00,0.15281,IT.CAED/100752001.FACILITY,Ahlstrom-Munksjö Italia S.p.A.
2023-07-22 09:00:00,0.37593,IT.CAED/100752001.FACILITY,Ahlstrom-Munksjö Italia S.p.A.
2023-07-22 10:00:00,0.568,IT.CAED/100752001.FACILITY,Ahlstrom-Munksjö Italia S.p.A.
2023-07-22 11:00:00,0.5686599999999999,IT.CAED/100752001.FACILITY,Ahlstrom-Munksjö Italia S.p.A.
2023-07-22 12:00:00,0.69331,IT.CAED/100752001.FACILITY,Ahlstrom-Munksjö Italia S.p.A.
2023-07-22 13:00:00,0.70521,IT.CAED/100752001.FACILITY,Ahlstrom-Munksjö Italia S.p.A.
2023-07-22 14:00:00,0.68314,IT.CAED/100752001.FACILITY,Ahlstrom-Munksjö Italia S.p.A.
2023-07-22 15:00:00,0.60146,IT.CAED/100752001.FACILITY,Ahlstrom-Munksjö Italia S.p.A.
2023-07-22 16:00:00,0.51702,IT.CAED/100752001.FACILITY,Ahlstrom-Munksjö Italia S.p.A.
2023-07-22 17:00:00,0.35606,IT.CAED/100752001.FACILITY,Ahlstrom-Munksjö Italia S.p.A.
2023-07-22 18:00:00,0.15650999999999998,IT.CAED/100752001.FACILITY,Ahlstrom-Munksjö Italia S.p.A.
2023-07-22 19:00:00,0.03006,IT.CAED/100752001.FACILITY,Ahlstrom-Munksjö Italia S.p.A.
2023-07-22 20:00:00,0.00562,IT.CAED/100752001.FACILITY,Ahlstrom-Munksjö Italia S.p.A.
2023-07-22 21:00:00,0.0,IT.CAED/100752001.FACILITY,Ahlstrom-Munksjö Italia S.p.A.
2023-07-22 22:00:00,0.0,IT.CAED/100752001.FACILITY,Ahlstrom-Munksjö Italia S.p.A.
2023-07-22 23:00:00,0.0,IT.CAED/100752001.FACILITY,Ahlstrom-Munksjö Italia S.p.A.
2023-07-23 00:00:00,0.0,IT.CAED/100752001.FACILITY,Ahlstrom-Munksjö Italia S.p.A.
2023-07-23 01:00:00,0.0,IT.CAED/100752001.FACILITY,Ahlstrom-Munksjö Italia S.p.A.
2023-07-23 02:00:00,0.0,IT.CAED/100752001.FACILITY,Ahlstrom-Munksjö Italia S.p.A.
2023-07-23 03:00:00,0.0,IT.CAED/100752001.FACILITY,Ahlstrom-Munksjö Italia S.p.A.
2023-07-23 04:00:00,0.0,IT.CAED/100752001.FACILITY,Ahlstrom-Munksjö Italia S.p.A.
2023-07-23 05:00:00,0.0,IT.CAED/100752001.FACILITY,Ahlstrom-Munksjö Italia S.p.A.
2023-07-23 06:00:00,0.00382,IT.CAED/100752001.FACILITY,Ahlstrom-Munksjö Italia S.p.A.
2023-07-23 07:00:00,0.03149,IT.CAED/100752001.FACILITY,Ahlstrom-Munksjö Italia S.p.A.
2023-07-23 08:00:00,0.09056,IT.CAED/100752001.FACILITY,Ahlstrom-Munksjö Italia S.p.A.
2023-07-23 09:00:00,0.10495,IT.CAED/100752001.FACILITY,Ahlstrom-Munksjö Italia S.p.A.
2023-07-23 10:00:00,0.26095,IT.CAED/100752001.FACILITY,Ahlstrom-Munksjö Italia S.p.A.
2023-07-23 11:00:00,0.35375999999999996,IT.CAED/100752001.FACILITY,Ahlstrom-Munksjö Italia S.p.A.
2023-07-23 12:00:00,0.42633,IT.CAED/100752001.FACILITY,Ahlstrom-Munksjö Italia S.p.A.
2023-07-23 13:00:00,0.5429700000000001,IT.CAED/100752001.FACILITY,Ahlstrom-Munksjö Italia S.p.A.
2023-07-23 14:00:00,0.6844600000000001,IT.CAED/100752001.FACILITY,Ahlstrom-Munksjö Italia S.p.A.
2023-07-23 15:00:00,0.57387,IT.CAED/100752001.FACILITY,Ahlstrom-Munksjö Italia S.p.A.
2023-07-23 16:00:00,0.45194,IT.CAED/100752001.FACILITY,Ahlstrom-Munksjö Italia S.p.A.
2023-07-23 17:00:00,0.32721,IT.CAED/100752001.FACILITY,Ahlstrom-Munksjö Italia S.p.A.
2023-07-23 18:00:00,0.13863,IT.CAED/100752001.FACILITY,Ahlstrom-Munksjö Italia S.p.A.
2023-07-23 19:00:00,0.039619999999999995,IT.CAED/100752001.FACILITY,Ahlstrom-Munksjö Italia S.p.A.
2023-07-23 20:00:00,0.0056,IT.CAED/100752001.FACILITY,Ahlstrom-Munksjö Italia S.p.A.
2023-07-23 21:00:00,0.0,IT.CAED/100752001.FACILITY,Ahlstrom-Munksjö Italia S.p.A.
2023-07-23 22:00:00,0.0,IT.CAED/100752001.FACILITY,Ahlstrom-Munksjö Italia S.p.A.
2023-07-23 23:00:00,0.0,IT.CAED/100752001.FACILITY,Ahlstrom-Munksjö Italia S.p.A.
2023-07-24 00:00:00,0.0,IT.CAED/100752001.FACILITY,Ahlstrom-Munksjö Italia S.p.A.
2023-07-24 01:00:00,0.0,IT.CAED/100752001.FACILITY,Ahlstrom-Munksjö Italia S.p.A.
2023-07-24 02:00:00,0.0,IT.CAED/100752001.FACILITY,Ahlstrom-Munksjö Italia S.p.A.
2023-07-24 03:00:00,0.0,IT.CAED/100752001.FACILITY,Ahlstrom-Munksjö Italia S.p.A.
2023-07-24 04:00:00,0.0,IT.CAED/100752001.FACILITY,Ahlstrom-Munksjö Italia S.p.A.
2023-07-24 05:00:00,0.0,IT.CAED/100752001.FACILITY,Ahlstrom-Munksjö Italia S.p.A.
2023-07-24 06:00:00,0.00063,IT.CAED/100752001.FACILITY,Ahlstrom-Munksjö Italia S.p.A.
2023-07-24 07:00:00,0.0225,IT.CAED/100752001.FACILITY,Ahlstrom-Munksjö Italia S.p.A.
2023-07-24 08:00:00,0.07213,IT.CAED/100752001.FACILITY,Ahlstrom-Munksjö Italia S.p.A.
2023-07-24 09:00:00,0.14026,IT.CAED/100752001.FACILITY,Ahlstrom-Munksjö Italia S.p.A.
2023-07-24 10:00:00,0.17502,IT.CAED/100752001.FACILITY,Ahlstrom-Munksjö Italia S.p.A.
2023-07-24 11:00:00,0.35712,IT.CAED/100752001.FACILITY,Ahlstrom-Munksjö Italia S.p.A.
2023-07-24 12:00:00,0.24565,IT.CAED/100752001.FACILITY,Ahlstrom-Munksjö Italia S.p.A.
2023-07-24 13:00:00,0.35617000000000004,IT.CAED/100752001.FACILITY,Ahlstrom-Munksjö Italia S.p.A.
2023-07-24 14:00:00,0.27542,IT.CAED/100752001.FACILITY,Ahlstrom-Munksjö Italia S.p.A.
2023-07-24 15:00:00,0.24985,IT.CAED/100752001.FACILITY,Ahlstrom-Munksjö Italia S.p.A.
2023-07-24 16:00:00,0.13734,IT.CAED/100752001.FACILITY,Ahlstrom-Munksjö Italia S.p.A.
2023-07-24 17:00:00,0.12906,IT.CAED/100752001.FACILITY,Ahlstrom-Munksjö Italia S.p.A.
2023-07-24 18:00:00,0.07646,IT.CAED/100752001.FACILITY,Ahlstrom-Munksjö Italia S.p.A.
2023-07-24 19:00:00,0.04426,IT.CAED/100752001.FACILITY,Ahlstrom-Munksjö Italia S.p.A.
2023-07-24 20:00:00,0.00357,IT.CAED/100752001.FACILITY,Ahlstrom-Munksjö Italia S.p.A.
2023-07-24 21:00:00,0.0,IT.CAED/100752001.FACILITY,Ahlstrom-Munksjö Italia S.p.A.
2023-07-24 22:00:00,0.0,IT.CAED/100752001.FACILITY,Ahlstrom-Munksjö Italia S.p.A.
2023-07-24 23:00:00,0.0,IT.CAED/100752001.FACILITY,Ahlstrom-Munksjö Italia S.p.A.
2023-07-25 00:00:00,0.0,IT.CAED/100752001.FACILITY,Ahlstrom-Munksjö Italia S.p.A.
2023-07-25 01:00:00,0.0,IT.CAED/100752001.FACILITY,Ahlstrom-Munksjö Italia S.p.A.
2023-07-25 02:00:00,0.0,IT.CAED/100752001.FACILITY,Ahlstrom-Munksjö Italia S.p.A.
2023-07-25 03:00:00,0.0,IT.CAED/100752001.FACILITY,Ahlstrom-Munksjö Italia S.p.A.
2023-07-25 04:00:00,0.0,IT.CAED/100752001.FACILITY,Ahlstrom-Munksjö Italia S.p.A.
2023-07-25 05:00:00,0.0,IT.CAED/100752001.FACILITY,Ahlstrom-Munksjö Italia S.p.A.
2023-07-25 06:00:00,0.00265,IT.CAED/100752001.FACILITY,Ahlstrom-Munksjö Italia S.p.A.
2023-07-25 07:00:00,0.03339,IT.CAED/100752001.FACILITY,Ahlstrom-Munksjö Italia S.p.A.
2023-07-25 08:00:00,0.15353999999999998,IT.CAED/100752001.FACILITY,Ahlstrom-Munksjö Italia S.p.A.
2023-07-25 09:00:00,0.37631,IT.CAED/100752001.FACILITY,Ahlstrom-Munksjö Italia S.p.A.
2023-07-25 10:00:00,0.56237,IT.CAED/100752001.FACILITY,Ahlstrom-Munksjö Italia S.p.A.
2023-07-25 11:00:00,0.69045,IT.CAED/100752001.FACILITY,Ahlstrom-Munksjö Italia S.p.A.
2023-07-25 12:00:00,0.74541,IT.CAED/100752001.FACILITY,Ahlstrom-Munksjö Italia S.p.A.
2023-07-25 13:00:00,0.7811,IT.CAED/100752001.FACILITY,Ahlstrom-Munksjö Italia S.p.A.
2023-07-25 14:00:00,0.69374,IT.CAED/100752001.FACILITY,Ahlstrom-Munksjö Italia S.p.A.
2023-07-25 15:00:00,0.53616,IT.CAED/100752001.FACILITY,Ahlstrom-Munksjö Italia S.p.A.
2023-07-25 16:00:00,0.4512,IT.CAED/100752001.FACILITY,Ahlstrom-Munksjö Italia S.p.A.
2023-07-25 17:00:00,0.38312999999999997,IT.CAED/100752001.FACILITY,Ahlstrom-Munksjö Italia S.p.A.
2023-07-25 18:00:00,0.16172,IT.CAED/100752001.FACILITY,Ahlstrom-Munksjö Italia S.p.A.
2023-07-25 19:00:00,0.02884,IT.CAED/100752001.FACILITY,Ahlstrom-Munksjö Italia S.p.A.
2023-07-25 20:00:00,0.00651,IT.CAED/100752001.FACILITY,Ahlstrom-Munksjö Italia S.p.A.
2023-07-25 21:00:00,0.0,IT.CAED/100752001.FACILITY,Ahlstrom-Munksjö Italia S.p.A.
2023-07-25 22:00:00,0.0,IT.CAED/100752001.FACILITY,Ahlstrom-Munksjö Italia S.p.A.
2023-07-25 23:00:00,0.0,IT.CAED/100752001.FACILITY,Ahlstrom-Munksjö Italia S.p.A.
2023-07-26 00:00:00,0.0,IT.CAED/100752001.FACILITY,Ahlstrom-Munksjö Italia S.p.A.
2023-07-26 01:00:00,0.0,IT.CAED/100752001.FACILITY,Ahlstrom-Munksjö Italia S.p.A.
2023-07-26 02:00:00,0.0,IT.CAED/100752001.FACILITY,Ahlstrom-Munksjö Italia S.p.A.
2023-07-26 03:00:00,0.0,IT.CAED/100752001.FACILITY,Ahlstrom-Munksjö Italia S.p.A.
2023-07-26 04:00:00,0.0,IT.CAED/100752001.FACILITY,Ahlstrom-Munksjö Italia S.p.A.
2023-07-26 05:00:00,0.0,IT.CAED/100752001.FACILITY,Ahlstrom-Munksjö Italia S.p.A.
2023-07-26 06:00:00,0.00361,IT.CAED/100752001.FACILITY,Ahlstrom-Munksjö Italia S.p.A.
2023-07-26 07:00:00,0.029679999999999998,IT.CAED/100752001.FACILITY,Ahlstrom-Munksjö Italia S.p.A.
2023-07-26 08:00:00,0.17038999999999999,IT.CAED/100752001.FACILITY,Ahlstrom-Munksjö Italia S.p.A.
2023-07-26 09:00:00,0.41376,IT.CAED/100752001.FACILITY,Ahlstrom-Munksjö Italia S.p.A.
2023-07-26 10:00:00,0.60287,IT.CAED/100752001.FACILITY,Ahlstrom-Munksjö Italia S.p.A.
2023-07-26 11:00:00,0.71321,IT.CAED/100752001.FACILITY,Ahlstrom-Munksjö Italia S.p.A.
2023-07-26 12:00:00,0.8030900000000001,IT.CAED/100752001.FACILITY,Ahlstrom-Munksjö Italia S.p.A.
2023-07-26 13:00:00,0.83298,IT.CAED/100752001.FACILITY,Ahlstrom-Munksjö Italia S.p.A.
2023-07-26 14:00:00,0.80725,IT.CAED/100752001.FACILITY,Ahlstrom-Munksjö Italia S.p.A.
2023-07-26 15:00:00,0.73825,IT.CAED/100752001.FACILITY,Ahlstrom-Munksjö Italia S.p.A.
2023-07-26 16:00:00,0.60549,IT.CAED/100752001.FACILITY,Ahlstrom-Munksjö Italia S.p.A.
2023-07-26 17:00:00,0.40908,IT.CAED/100752001.FACILITY,Ahlstrom-Munksjö Italia S.p.A.
2023-07-26 18:00:00,0.19491,IT.CAED/100752001.FACILITY,Ahlstrom-Munksjö Italia S.p.A.
2023-07-26 19:00:00,0.02776,IT.CAED/100752001.FACILITY,Ahlstrom-Munksjö Italia S.p.A.
2023-07-26 20:00:00,0.00626,IT.CAED/100752001.FACILITY,Ahlstrom-Munksjö Italia S.p.A.
2023-07-26 21:00:00,0.0,IT.CAED/100752001.FACILITY,Ahlstrom-Munksjö Italia S.p.A.
2023-07-26 22:00:00,0.0,IT.CAED/100752001.FACILITY,Ahlstrom-Munksjö Italia S.p.A.
2023-07-26 23:00:00,0.0,IT.CAED/100752001.FACILITY,Ahlstrom-Munksjö Italia S.p.A.
2023-07-27 00:00:00,0.0,IT.CAED/100752001.FACILITY,Ahlstrom-Munksjö Italia S.p.A.
2023-07-27 01:00:00,0.0,IT.CAED/100752001.FACILITY,Ahlstrom-Munksjö Italia S.p.A.
2023-07-27 02:00:00,0.0,IT.CAED/100752001.FACILITY,Ahlstrom-Munksjö Italia S.p.A.
2023-07-27 03:00:00,0.0,IT.CAED/100752001.FACILITY,Ahlstrom-Munksjö Italia S.p.A.
2023-07-27 04:00:00,0.0,IT.CAED/100752001.FACILITY,Ahlstrom-Munksjö Italia S.p.A.
2023-07-27 05:00:00,0.0,IT.CAED/100752001.FACILITY,Ahlstrom-Munksjö Italia S.p.A.
2023-07-27 06:00:00,0.00292,IT.CAED/100752001.FACILITY,Ahlstrom-Munksjö Italia S.p.A.
2023-07-27 07:00:00,0.02767,IT.CAED/100752001.FACILITY,Ahlstrom-Munksjö Italia S.p.A.
2023-07-27 08:00:00,0.15821000000000002,IT.CAED/100752001.FACILITY,Ahlstrom-Munksjö Italia S.p.A.
2023-07-27 09:00:00,0.38916,IT.CAED/100752001.FACILITY,Ahlstrom-Munksjö Italia S.p.A.
2023-07-27 10:00:00,0.54865,IT.CAED/100752001.FACILITY,Ahlstrom-Munksjö Italia S.p.A.
2023-07-27 11:00:00,0.69575,IT.CAED/100752001.FACILITY,Ahlstrom-Munksjö Italia S.p.A.
2023-07-27 12:00:00,0.6450199999999999,IT.CAED/100752001.FACILITY,Ahlstrom-Munksjö Italia S.p.A.
2023-07-27 13:00:00,0.73103,IT.CAED/100752001.FACILITY,Ahlstrom-Munksjö Italia S.p.A.
2023-07-27 14:00:00,0.77391,IT.CAED/100752001.FACILITY,Ahlstrom-Munksjö Italia S.p.A.
2023-07-27 15:00:00,0.70108,IT.CAED/100752001.FACILITY,Ahlstrom-Munksjö Italia S.p.A.
2023-07-27 16:00:00,0.54611,IT.CAED/100752001.FACILITY,Ahlstrom-Munksjö Italia S.p.A.
2023-07-27 17:00:00,0.39772,IT.CAED/100752001.FACILITY,Ahlstrom-Munksjö Italia S.p.A.
2023-07-27 18:00:00,0.17577,IT.CAED/100752001.FACILITY,Ahlstrom-Munksjö Italia S.p.A.
2023-07-27 19:00:00,0.02991,IT.CAED/100752001.FACILITY,Ahlstrom-Munksjö Italia S.p.A.
2023-07-27 20:00:00,0.00564,IT.CAED/100752001.FACILITY,Ahlstrom-Munksjö Italia S.p.A.
2023-07-27 21:00:00,0.0,IT.CAED/100752001.FACILITY,Ahlstrom-Munksjö Italia S.p.A.
2023-07-27 22:00:00,0.0,IT.CAED/100752001.FACILITY,Ahlstrom-Munksjö Italia S.p.A.
2023-07-27 23:00:00,0.0,IT.CAED/100752001.FACILITY,Ahlstrom-Munksjö Italia S.p.A.
2023-07-28 00:00:00,0.0,IT.CAED/100752001.FACILITY,Ahlstrom-Munksjö Italia S.p.A.
2023-07-28 01:00:00,0.0,IT.CAED/100752001.FACILITY,Ahlstrom-Munksjö Italia S.p.A.
2023-07-28 02:00:00,0.0,IT.CAED/100752001.FACILITY,Ahlstrom-Munksjö Italia S.p.A.
2023-07-28 03:00:00,0.0,IT.CAED/100752001.FACILITY,Ahlstrom-Munksjö Italia S.p.A.
2023-07-28 04:00:00,0.0,IT.CAED/100752001.FACILITY,Ahlstrom-Munksjö Italia S.p.A.
2023-07-28 05:00:00,0.0,IT.CAED/100752001.FACILITY,Ahlstrom-Munksjö Italia S.p.A.
2023-07-28 06:00:00,0.00383,IT.CAED/100752001.FACILITY,Ahlstrom-Munksjö Italia S.p.A.
2023-07-28 07:00:00,0.03519,IT.CAED/100752001.FACILITY,Ahlstrom-Munksjö Italia S.p.A.
2023-07-28 08:00:00,0.15012,IT.CAED/100752001.FACILITY,Ahlstrom-Munksjö Italia S.p.A.
2023-07-28 09:00:00,0.37466000000000005,IT.CAED/100752001.FACILITY,Ahlstrom-Munksjö Italia S.p.A.
2023-07-28 10:00:00,0.5656599999999999,IT.CAED/100752001.FACILITY,Ahlstrom-Munksjö Italia S.p.A.
2023-07-28 11:00:00,0.61658,IT.CAED/100752001.FACILITY,Ahlstrom-Munksjö Italia S.p.A.
2023-07-28 12:00:00,0.70733,IT.CAED/100752001.FACILITY,Ahlstrom-Munksjö Italia S.p.A.
2023-07-28 13:00:00,0.70657,IT.CAED/100752001.FACILITY,Ahlstrom-Munksjö Italia S.p.A.
2023-07-28 14:00:00,0.65485,IT.CAED/100752001.FACILITY,Ahlstrom-Munksjö Italia S.p.A.
2023-07-28 15:00:00,0.50722,IT.CAED/100752001.FACILITY,Ahlstrom-Munksjö Italia S.p.A.
2023-07-28 16:00:00,0.38927999999999996,IT.CAED/100752001.FACILITY,Ahlstrom-Munksjö Italia S.p.A.
2023-07-28 17:00:00,0.25415,IT.CAED/100752001.FACILITY,Ahlstrom-Munksjö Italia S.p.A.
2023-07-28 18:00:00,0.16761,IT.CAED/100752001.FACILITY,Ahlstrom-Munksjö Italia S.p.A.
2023-07-28 19:00:00,0.05601,IT.CAED/100752001.FACILITY,Ahlstrom-Munksjö Italia S.p.A.
2023-07-28 20:00:00,0.00937,IT.CAED/100752001.FACILITY,Ahlstrom-Munksjö Italia S.p.A.
2023-07-28 21:00:00,0.0,IT.CAED/100752001.FACILITY,Ahlstrom-Munksjö Italia S.p.A.
2023-07-28 22:00:00,0.0,IT.CAED/100752001.FACILITY,Ahlstrom-Munksjö Italia S.p.A.
2023-07-28 23:00:00,0.0,IT.CAED/100752001.FACILITY,Ahlstrom-Munksjö Italia S.p.A.
2023-07-29 00:00:00,0.0,IT.CAED/100752001.FACILITY,Ahlstrom-Munksjö Italia S.p.A.
2023-07-29 01:00:00,0.0,IT.CAED/100752001.FACILITY,Ahlstrom-Munksjö Italia S.p.A.
2023-07-29 02:00:00,0.0,IT.CAED/100752001.FACILITY,Ahlstrom-Munksjö Italia S.p.A.
2023-07-29 03:00:00,0.0,IT.CAED/100752001.FACILITY,Ahlstrom-Munksjö Italia S.p.A.
2023-07-29 04:00:00,0.0,IT.CAED/100752001.FACILITY,Ahlstrom-Munksjö Italia S.p.A.
2023-07-29 05:00:00,0.0,IT.CAED/100752001.FACILITY,Ahlstrom-Munksjö Italia S.p.A.
2023-07-29 06:00:00,0.00256,IT.CAED/100752001.FACILITY,Ahlstrom-Munksjö Italia S.p.A.
2023-07-29 07:00:00,0.028489999999999998,IT.CAED/100752001.FACILITY,Ahlstrom-Munksjö Italia S.p.A.
2023-07-29 08:00:00,0.15164,IT.CAED/100752001.FACILITY,Ahlstrom-Munksjö Italia S.p.A.
2023-07-29 09:00:00,0.34232,IT.CAED/100752001.FACILITY,Ahlstrom-Munksjö Italia S.p.A.
2023-07-29 10:00:00,0.4815,IT.CAED/100752001.FACILITY,Ahlstrom-Munksjö Italia S.p.A.
2023-07-29 11:00:00,0.57467,IT.CAED/100752001.FACILITY,Ahlstrom-Munksjö Italia S.p.A.
2023-07-29 12:00:00,0.6167999999999999,IT.CAED/100752001.FACILITY,Ahlstrom-Munksjö Italia S.p.A.
2023-07-29 13:00:00,0.74514,IT.CAED/100752001.FACILITY,Ahlstrom-Munksjö Italia S.p.A.
2023-07-29 14:00:00,0.56945,IT.CAED/100752001.FACILITY,Ahlstrom-Munksjö Italia S.p.A.
2023-07-29 15:00:00,0.5584199999999999,IT.CAED/100752001.FACILITY,Ahlstrom-Munksjö Italia S.p.A.
2023-07-29 16:00:00,0.52361,IT.CAED/100752001.FACILITY,Ahlstrom-Munksjö Italia S.p.A.
2023-07-29 17:00:00,0.31417,IT.CAED/100752001.FACILITY,Ahlstrom-Munksjö Italia S.p.A.
2023-07-29 18:00:00,0.17381,IT.CAED/100752001.FACILITY,Ahlstrom-Munksjö Italia S.p.A.
2023-07-29 19:00:00,0.0282,IT.CAED/100752001.FACILITY,Ahlstrom-Munksjö Italia S.p.A.
2023-07-29 20:00:00,0.0024700000000000004,IT.CAED/100752001.FACILITY,Ahlstrom-Munksjö Italia S.p.A.
2023-07-29 21:00:00,0.0,IT.CAED/100752001.FACILITY,Ahlstrom-Munksjö Italia S.p.A.
2023-07-29 22:00:00,0.0,IT.CAED/100752001.FACILITY,Ahlstrom-Munksjö Italia S.p.A.
2023-07-29 23:00:00,0.0,IT.CAED/100752001.FACILITY,Ahlstrom-Munksjö Italia S.p.A.
2023-07-30 00:00:00,0.0,IT.CAED/100752001.FACILITY,Ahlstrom-Munksjö Italia S.p.A.
2023-07-30 01:00:00,0.0,IT.CAED/100752001.FACILITY,Ahlstrom-Munksjö Italia S.p.A.
2023-07-30 02:00:00,0.0,IT.CAED/100752001.FACILITY,Ahlstrom-Munksjö Italia S.p.A.
2023-07-30 03:00:00,0.0,IT.CAED/100752001.FACILITY,Ahlstrom-Munksjö Italia S.p.A.
2023-07-30 04:00:00,0.0,IT.CAED/100752001.FACILITY,Ahlstrom-Munksjö Italia S.p.A.
2023-07-30 05:00:00,0.0,IT.CAED/100752001.FACILITY,Ahlstrom-Munksjö Italia S.p.A.
2023-07-30 06:00:00,0.0022,IT.CAED/100752001.FACILITY,Ahlstrom-Munksjö Italia S.p.A.
2023-07-30 07:00:00,0.028239999999999998,IT.CAED/100752001.FACILITY,Ahlstrom-Munksjö Italia S.p.A.
2023-07-30 08:00:00,0.14921,IT.CAED/100752001.FACILITY,Ahlstrom-Munksjö Italia S.p.A.
2023-07-30 09:00:00,0.36236,IT.CAED/100752001.FACILITY,Ahlstrom-Munksjö Italia S.p.A.
2023-07-30 10:00:00,0.53086,IT.CAED/100752001.FACILITY,Ahlstrom-Munksjö Italia S.p.A.
2023-07-30 11:00:00,0.70247,IT.CAED/100752001.FACILITY,Ahlstrom-Munksjö Italia S.p.A.
2023-07-30 12:00:00,0.7414700000000001,IT.CAED/100752001.FACILITY,Ahlstrom-Munksjö Italia S.p.A.
2023-07-30 13:00:00,0.7320599999999999,IT.CAED/100752001.FACILITY,Ahlstrom-Munksjö Italia S.p.A.
2023-07-30 14:00:00,0.7571599999999999,IT.CAED/100752001.FACILITY,Ahlstrom-Munksjö Italia S.p.A.
2023-07-30 15:00:00,0.69814,IT.CAED/100752001.FACILITY,Ahlstrom-Munksjö Italia S.p.A.
2023-07-30 16:00:00,0.5562699999999999,IT.CAED/100752001.FACILITY,Ahlstrom-Munksjö Italia S.p.A.
2023-07-30 17:00:00,0.37589999999999996,IT.CAED/100752001.FACILITY,Ahlstrom-Munksjö Italia S.p.A.
2023-07-30 18:00:00,0.17879,IT.CAED/100752001.FACILITY,Ahlstrom-Munksjö Italia S.p.A.
2023-07-30 19:00:00,0.02829,IT.CAED/100752001.FACILITY,Ahlstrom-Munksjö Italia S.p.A.
2023-07-30 20:00:00,0.0070599999999999994,IT.CAED/100752001.FACILITY,Ahlstrom-Munksjö Italia S.p.A.
2023-07-30 21:00:00,0.0,IT.CAED/100752001.FACILITY,Ahlstrom-Munksjö Italia S.p.A.
2023-07-30 22:00:00,0.0,IT.CAED/100752001.FACILITY,Ahlstrom-Munksjö Italia S.p.A.
2023-07-30 23:00:00,0.0,IT.CAED/100752001.FACILITY,Ahlstrom-Munksjö Italia S.p.A.
2023-07-31 00:00:00,0.0,IT.CAED/100752001.FACILITY,Ahlstrom-Munksjö Italia S.p.A.
2023-07-31 01:00:00,0.0,IT.CAED/100752001.FACILITY,Ahlstrom-Munksjö Italia S.p.A.
2023-07-31 02:00:00,0.0,IT.CAED/100752001.FACILITY,Ahlstrom-Munksjö Italia S.p.A.
2023-07-31 03:00:00,0.0,IT.CAED/100752001.FACILITY,Ahlstrom-Munksjö Italia S.p.A.
2023-07-31 04:00:00,0.0,IT.CAED/100752001.FACILITY,Ahlstrom-Munksjö Italia S.p.A.
2023-07-31 05:00:00,0.0,IT.CAED/100752001.FACILITY,Ahlstrom-Munksjö Italia S.p.A.
2023-07-31 06:00:00,0.00331,IT.CAED/100752001.FACILITY,Ahlstrom-Munksjö Italia S.p.A.
2023-07-31 07:00:00,0.048530000000000004,IT.CAED/100752001.FACILITY,Ahlstrom-Munksjö Italia S.p.A.
2023-07-31 08:00:00,0.12317,IT.CAED/100752001.FACILITY,Ahlstrom-Munksjö Italia S.p.A.
2023-07-31 09:00:00,0.34328,IT.CAED/100752001.FACILITY,Ahlstrom-Munksjö Italia S.p.A.
2023-07-31 10:00:00,0.50138,IT.CAED/100752001.FACILITY,Ahlstrom-Munksjö Italia S.p.A.
2023-07-31 11:00:00,0.5538500000000001,IT.CAED/100752001.FACILITY,Ahlstrom-Munksjö Italia S.p.A.
2023-07-31 12:00:00,0.6574800000000001,IT.CAED/100752001.FACILITY,Ahlstrom-Munksjö Italia S.p.A.
2023-07-31 13:00:00,0.69725,IT.CAED/100752001.FACILITY,Ahlstrom-Munksjö Italia S.p.A.
2023-07-31 14:00:00,0.70113,IT.CAED/100752001.FACILITY,Ahlstrom-Munksjö Italia S.p.A.
2023-07-31 15:00:00,0.61346,IT.CAED/100752001.FACILITY,Ahlstrom-Munksjö Italia S.p.A.
2023-07-31 16:00:00,0.44744,IT.CAED/100752001.FACILITY,Ahlstrom-Munksjö Italia S.p.A.
2023-07-31 17:00:00,0.24966,IT.CAED/100752001.FACILITY,Ahlstrom-Munksjö Italia S.p.A.
2023-07-31 18:00:00,0.12607,IT.CAED/100752001.FACILITY,Ahlstrom-Munksjö Italia S.p.A.
2023-07-31 19:00:00,0.02554,IT.CAED/100752001.FACILITY,Ahlstrom-Munksjö Italia S.p.A.
2023-07-31 20:00:00,0.0034100000000000003,IT.CAED/100752001.FACILITY,Ahlstrom-Munksjö Italia S.p.A.
2023-07-31 21:00:00,0.0,IT.CAED/100752001.FACILITY,Ahlstrom-Munksjö Italia S.p.A.
2023-07-31 22:00:00,0.0,IT.CAED/100752001.FACILITY,Ahlstrom-Munksjö Italia S.p.A.
2023-07-31 23:00:00,0.0,IT.CAED/100752001.FACILITY,Ahlstrom-Munksjö Italia S.p.A.
2023-08-01 00:00:00,0.0,IT.CAED/100752001.FACILITY,Ahlstrom-Munksjö Italia S.p.A.
2023-08-01 01:00:00,0.0,IT.CAED/100752001.FACILITY,Ahlstrom-Munksjö Italia S.p.A.
2023-08-01 02:00:00,0.0,IT.CAED/100752001.FACILITY,Ahlstrom-Munksjö Italia S.p.A.
2023-08-01 03:00:00,0.0,IT.CAED/100752001.FACILITY,Ahlstrom-Munksjö Italia S.p.A.
2023-08-01 04:00:00,0.0,IT.CAED/100752001.FACILITY,Ahlstrom-Munksjö Italia S.p.A.
2023-08-01 05:00:00,0.0,IT.CAED/100752001.FACILITY,Ahlstrom-Munksjö Italia S.p.A.
2023-08-01 06:00:00,0.00226,IT.CAED/100752001.FACILITY,Ahlstrom-Munksjö Italia S.p.A.
2023-08-01 07:00:00,0.04051,IT.CAED/100752001.FACILITY,Ahlstrom-Munksjö Italia S.p.A.
2023-08-01 08:00:00,0.13545,IT.CAED/100752001.FACILITY,Ahlstrom-Munksjö Italia S.p.A.
2023-08-01 09:00:00,0.33677999999999997,IT.CAED/100752001.FACILITY,Ahlstrom-Munksjö Italia S.p.A.
2023-08-01 10:00:00,0.49186,IT.CAED/100752001.FACILITY,Ahlstrom-Munksjö Italia S.p.A.
2023-08-01 11:00:00,0.49012,IT.CAED/100752001.FACILITY,Ahlstrom-Munksjö Italia S.p.A.
2023-08-01 12:00:00,0.5414500000000001,IT.CAED/100752001.FACILITY,Ahlstrom-Munksjö Italia S.p.A.
2023-08-01 13:00:00,0.7366900000000001,IT.CAED/100752001.FACILITY,Ahlstrom-Munksjö Italia S.p.A.
2023-08-01 14:00:00,0.71515,IT.CAED/100752001.FACILITY,Ahlstrom-Munksjö Italia S.p.A.
2023-08-01 15:00:00,0.56909,IT.CAED/100752001.FACILITY,Ahlstrom-Munksjö Italia S.p.A.
2023-08-01 16:00:00,0.50561,IT.CAED/100752001.FACILITY,Ahlstrom-Munksjö Italia S.p.A.
2023-08-01 17:00:00,0.3638,IT.CAED/100752001.FACILITY,Ahlstrom-Munksjö Italia S.p.A.
2023-08-01 18:00:00,0.17218,IT.CAED/100752001.FACILITY,Ahlstrom-Munksjö Italia S.p.A.
2023-08-01 19:00:00,0.02739,IT.CAED/100752001.FACILITY,Ahlstrom-Munksjö Italia S.p.A.
2023-08-01 20:00:00,0.0035099999999999997,IT.CAED/100752001.FACILITY,Ahlstrom-Munksjö Italia S.p.A.
2023-08-01 21:00:00,0.0,IT.CAED/100752001.FACILITY,Ahlstrom-Munksjö Italia S.p.A.
2023-08-01 22:00:00,0.0,IT.CAED/100752001.FACILITY,Ahlstrom-Munksjö Italia S.p.A.
2023-08-01 23:00:00,0.0,IT.CAED/100752001.FACILITY,Ahlstrom-Munksjö Italia S.p.A.
2023-08-02 00:00:00,0.0,IT.CAED/100752001.FACILITY,Ahlstrom-Munksjö Italia S.p.A.
2023-08-02 01:00:00,0.0,IT.CAED/100752001.FACILITY,Ahlstrom-Munksjö Italia S.p.A.
2023-08-02 02:00:00,0.0,IT.CAED/100752001.FACILITY,Ahlstrom-Munksjö Italia S.p.A.
2023-08-02 03:00:00,0.0,IT.CAED/100752001.FACILITY,Ahlstrom-Munksjö Italia S.p.A.
2023-08-02 04:00:00,0.0,IT.CAED/100752001.FACILITY,Ahlstrom-Munksjö Italia S.p.A.
2023-08-02 05:00:00,0.0,IT.CAED/100752001.FACILITY,Ahlstrom-Munksjö Italia S.p.A.
2023-08-02 06:00:00,0.00054,IT.CAED/100752001.FACILITY,Ahlstrom-Munksjö Italia S.p.A.
2023-08-02 07:00:00,0.025929999999999998,IT.CAED/100752001.FACILITY,Ahlstrom-Munksjö Italia S.p.A.
2023-08-02 08:00:00,0.15455000000000002,IT.CAED/100752001.FACILITY,Ahlstrom-Munksjö Italia S.p.A.
2023-08-02 09:00:00,0.37229,IT.CAED/100752001.FACILITY,Ahlstrom-Munksjö Italia S.p.A.
2023-08-02 10:00:00,0.5682999999999999,IT.CAED/100752001.FACILITY,Ahlstrom-Munksjö Italia S.p.A.
2023-08-02 11:00:00,0.6916599999999999,IT.CAED/100752001.FACILITY,Ahlstrom-Munksjö Italia S.p.A.
2023-08-02 12:00:00,0.6010599999999999,IT.CAED/100752001.FACILITY,Ahlstrom-Munksjö Italia S.p.A.
2023-08-02 13:00:00,0.67011,IT.CAED/100752001.FACILITY,Ahlstrom-Munksjö Italia S.p.A.
2023-08-02 14:00:00,0.64771,IT.CAED/100752001.FACILITY,Ahlstrom-Munksjö Italia S.p.A.
2023-08-02 15:00:00,0.60357,IT.CAED/100752001.FACILITY,Ahlstrom-Munksjö Italia S.p.A.
2023-08-02 16:00:00,0.42721,IT.CAED/100752001.FACILITY,Ahlstrom-Munksjö Italia S.p.A.
2023-08-02 17:00:00,0.2536,IT.CAED/100752001.FACILITY,Ahlstrom-Munksjö Italia S.p.A.
2023-08-02 18:00:00,0.11694,IT.CAED/100752001.FACILITY,Ahlstrom-Munksjö Italia S.p.A.
2023-08-02 19:00:00,0.02289,IT.CAED/100752001.FACILITY,Ahlstrom-Munksjö Italia S.p.A.
2023-08-02 20:00:00,0.002,IT.CAED/100752001.FACILITY,Ahlstrom-Munksjö Italia S.p.A.
2023-08-02 21:00:00,0.0,IT.CAED/100752001.FACILITY,Ahlstrom-Munksjö Italia S.p.A.
2023-08-02 22:00:00,0.0,IT.CAED/100752001.FACILITY,Ahlstrom-Munksjö Italia S.p.A.
2023-08-02 23:00:00,0.0,IT.CAED/100752001.FACILITY,Ahlstrom-Munksjö Italia S.p.A.
2023-08-03 00:00:00,0.0,IT.CAED/100752001.FACILITY,Ahlstrom-Munksjö Italia S.p.A.
2023-08-03 01:00:00,0.0,IT.CAED/100752001.FACILITY,Ahlstrom-Munksjö Italia S.p.A.
2023-08-03 02:00:00,0.0,IT.CAED/100752001.FACILITY,Ahlstrom-Munksjö Italia S.p.A.
2023-08-03 03:00:00,0.0,IT.CAED/100752001.FACILITY,Ahlstrom-Munksjö Italia S.p.A.
2023-08-03 04:00:00,0.0,IT.CAED/100752001.FACILITY,Ahlstrom-Munksjö Italia S.p.A.
2023-08-03 05:00:00,0.0,IT.CAED/100752001.FACILITY,Ahlstrom-Munksjö Italia S.p.A.
2023-08-03 06:00:00,0.00099,IT.CAED/100752001.FACILITY,Ahlstrom-Munksjö Italia S.p.A.
2023-08-03 07:00:00,0.027260000000000003,IT.CAED/100752001.FACILITY,Ahlstrom-Munksjö Italia S.p.A.
2023-08-03 08:00:00,0.15168,IT.CAED/100752001.FACILITY,Ahlstrom-Munksjö Italia S.p.A.
2023-08-03 09:00:00,0.3216,IT.CAED/100752001.FACILITY,Ahlstrom-Munksjö Italia S.p.A.
2023-08-03 10:00:00,0.43198000000000003,IT.CAED/100752001.FACILITY,Ahlstrom-Munksjö Italia S.p.A.
2023-08-03 11:00:00,0.60303,IT.CAED/100752001.FACILITY,Ahlstrom-Munksjö Italia S.p.A.
2023-08-03 12:00:00,0.77319,IT.CAED/100752001.FACILITY,Ahlstrom-Munksjö Italia S.p.A.
2023-08-03 13:00:00,0.7976599999999999,IT.CAED/100752001.FACILITY,Ahlstrom-Munksjö Italia S.p.A.
2023-08-03 14:00:00,0.67696,IT.CAED/100752001.FACILITY,Ahlstrom-Munksjö Italia S.p.A.
2023-08-03 15:00:00,0.60248,IT.CAED/100752001.FACILITY,Ahlstrom-Munksjö Italia S.p.A.
2023-08-03 16:00:00,0.47208,IT.CAED/100752001.FACILITY,Ahlstrom-Munksjö Italia S.p.A.
2023-08-03 17:00:00,0.34186,IT.CAED/100752001.FACILITY,Ahlstrom-Munksjö Italia S.p.A.
2023-08-03 18:00:00,0.17655,IT.CAED/100752001.FACILITY,Ahlstrom-Munksjö Italia S.p.A.
2023-08-03 19:00:00,0.02811,IT.CAED/100752001.FACILITY,Ahlstrom-Munksjö Italia S.p.A.
2023-08-03 20:00:00,0.00232,IT.CAED/100752001.FACILITY,Ahlstrom-Munksjö Italia S.p.A.
2023-08-03 21:00:00,0.0,IT.CAED/100752001.FACILITY,Ahlstrom-Munksjö Italia S.p.A.
2023-08-03 22:00:00,0.0,IT.CAED/100752001.FACILITY,Ahlstrom-Munksjö Italia S.p.A.
2023-08-03 23:00:00,0.0,IT.CAED/100752001.FACILITY,Ahlstrom-Munksjö Italia S.p.A.
2023-08-04 00:00:00,0.0,IT.CAED/100752001.FACILITY,Ahlstrom-Munksjö Italia S.p.A.
2023-08-04 01:00:00,0.0,IT.CAED/100752001.FACILITY,Ahlstrom-Munksjö Italia S.p.A.
2023-08-04 02:00:00,0.0,IT.CAED/100752001.FACILITY,Ahlstrom-Munksjö Italia S.p.A.
2023-08-04 03:00:00,0.0,IT.CAED/100752001.FACILITY,Ahlstrom-Munksjö Italia S.p.A.
2023-08-04 04:00:00,0.0,IT.CAED/100752001.FACILITY,Ahlstrom-Munksjö Italia S.p.A.
2023-08-04 05:00:00,0.0,IT.CAED/100752001.FACILITY,Ahlstrom-Munksjö Italia S.p.A.
2023-08-04 06:00:00,0.00106,IT.CAED/100752001.FACILITY,Ahlstrom-Munksjö Italia S.p.A.
2023-08-04 07:00:00,0.026170000000000002,IT.CAED/100752001.FACILITY,Ahlstrom-Munksjö Italia S.p.A.
2023-08-04 08:00:00,0.15043,IT.CAED/100752001.FACILITY,Ahlstrom-Munksjö Italia S.p.A.
2023-08-04 09:00:00,0.339,IT.CAED/100752001.FACILITY,Ahlstrom-Munksjö Italia S.p.A.
2023-08-04 10:00:00,0.552,IT.CAED/100752001.FACILITY,Ahlstrom-Munksjö Italia S.p.A.
2023-08-04 11:00:00,0.6429600000000001,IT.CAED/100752001.FACILITY,Ahlstrom-Munksjö Italia S.p.A.
2023-08-04 12:00:00,0.72797,IT.CAED/100752001.FACILITY,Ahlstrom-Munksjö Italia S.p.A.
2023-08-04 13:00:00,0.60668,IT.CAED/100752001.FACILITY,Ahlstrom-Munksjö Italia S.p.A.
2023-08-04 14:00:00,0.49461,IT.CAED/100752001.FACILITY,Ahlstrom-Munksjö Italia S.p.A.
2023-08-04 15:00:00,0.53965,IT.CAED/100752001.FACILITY,Ahlstrom-Munksjö Italia S.p.A.
2023-08-04 16:00:00,0.45457,IT.CAED/100752001.FACILITY,Ahlstrom-Munksjö Italia S.p.A.
2023-08-04 17:00:00,0.30518,IT.CAED/100752001.FACILITY,Ahlstrom-Munksjö Italia S.p.A.
2023-08-04 18:00:00,0.11168,IT.CAED/100752001.FACILITY,Ahlstrom-Munksjö Italia S.p.A.
2023-08-04 19:00:00,0.04396,IT.CAED/100752001.FACILITY,Ahlstrom-Munksjö Italia S.p.A.
2023-08-04 20:00:00,0.00372,IT.CAED/100752001.FACILITY,Ahlstrom-Munksjö Italia S.p.A.
2023-08-04 21:00:00,0.0,IT.CAED/100752001.FACILITY,Ahlstrom-Munksjö Italia S.p.A.
2023-08-04 22:00:00,0.0,IT.CAED/100752001.FACILITY,Ahlstrom-Munksjö Italia S.p.A.
2023-08-04 23:00:00,0.0,IT.CAED/100752001.FACILITY,Ahlstrom-Munksjö Italia S.p.A.
2023-08-05 00:00:00,0.0,IT.CAED/100752001.FACILITY,Ahlstrom-Munksjö Italia S.p.A.
2023-08-05 01:00:00,0.0,IT.CAED/100752001.FACILITY,Ahlstrom-Munksjö Italia S.p.A.
2023-08-05 02:00:00,0.0,IT.CAED/100752001.FACILITY,Ahlstrom-Munksjö Italia S.p.A.
2023-08-05 03:00:00,0.0,IT.CAED/100752001.FACILITY,Ahlstrom-Munksjö Italia S.p.A.
2023-08-05 04:00:00,0.0,IT.CAED/100752001.FACILITY,Ahlstrom-Munksjö Italia S.p.A.
2023-08-05 05:00:00,0.0,IT.CAED/100752001.FACILITY,Ahlstrom-Munksjö Italia S.p.A.
2023-08-05 06:00:00,0.0009699999999999999,IT.CAED/100752001.FACILITY,Ahlstrom-Munksjö Italia S.p.A.
2023-08-05 07:00:00,0.02538,IT.CAED/100752001.FACILITY,Ahlstrom-Munksjö Italia S.p.A.
2023-08-05 08:00:00,0.17021,IT.CAED/100752001.FACILITY,Ahlstrom-Munksjö Italia S.p.A.
2023-08-05 09:00:00,0.40985000000000005,IT.CAED/100752001.FACILITY,Ahlstrom-Munksjö Italia S.p.A.
2023-08-05 10:00:00,0.61558,IT.CAED/100752001.FACILITY,Ahlstrom-Munksjö Italia S.p.A.
2023-08-05 11:00:00,0.73298,IT.CAED/100752001.FACILITY,Ahlstrom-Munksjö Italia S.p.A.
2023-08-05 12:00:00,0.81426,IT.CAED/100752001.FACILITY,Ahlstrom-Munksjö Italia S.p.A.
2023-08-05 13:00:00,0.83324,IT.CAED/100752001.FACILITY,Ahlstrom-Munksjö Italia S.p.A.
2023-08-05 14:00:00,0.80945,IT.CAED/100752001.FACILITY,Ahlstrom-Munksjö Italia S.p.A.
2023-08-05 15:00:00,0.74973,IT.CAED/100752001.FACILITY,Ahlstrom-Munksjö Italia S.p.A.
2023-08-05 16:00:00,0.61075,IT.CAED/100752001.FACILITY,Ahlstrom-Munksjö Italia S.p.A.
2023-08-05 17:00:00,0.41847,IT.CAED/100752001.FACILITY,Ahlstrom-Munksjö Italia S.p.A.
2023-08-05 18:00:00,0.19471,IT.CAED/100752001.FACILITY,Ahlstrom-Munksjö Italia S.p.A.
2023-08-05 19:00:00,0.02409,IT.CAED/100752001.FACILITY,Ahlstrom-Munksjö Italia S.p.A.
2023-08-05 20:00:00,0.0027,IT.CAED/100752001.FACILITY,Ahlstrom-Munksjö Italia S.p.A.
2023-08-05 21:00:00,0.0,IT.CAED/100752001.FACILITY,Ahlstrom-Munksjö Italia S.p.A.
2023-08-05 22:00:00,0.0,IT.CAED/100752001.FACILITY,Ahlstrom-Munksjö Italia S.p.A.
2023-08-05 23:00:00,0.0,IT.CAED/100752001.FACILITY,Ahlstrom-Munksjö Italia S.p.A.
2023-08-06 00:00:00,0.0,IT.CAED/100752001.FACILITY,Ahlstrom-Munksjö Italia S.p.A.
2023-08-06 01:00:00,0.0,IT.CAED/100752001.FACILITY,Ahlstrom-Munksjö Italia S.p.A.
2023-08-06 02:00:00,0.0,IT.CAED/100752001.FACILITY,Ahlstrom-Munksjö Italia S.p.A.
2023-08-06 03:00:00,0.0,IT.CAED/100752001.FACILITY,Ahlstrom-Munksjö Italia S.p.A.
2023-08-06 04:00:00,0.0,IT.CAED/100752001.FACILITY,Ahlstrom-Munksjö Italia S.p.A.
2023-08-06 05:00:00,0.0,IT.CAED/100752001.FACILITY,Ahlstrom-Munksjö Italia S.p.A.
2023-08-06 06:00:00,0.00075,IT.CAED/100752001.FACILITY,Ahlstrom-Munksjö Italia S.p.A.
2023-08-06 07:00:00,0.02518,IT.CAED/100752001.FACILITY,Ahlstrom-Munksjö Italia S.p.A.
2023-08-06 08:00:00,0.17319,IT.CAED/100752001.FACILITY,Ahlstrom-Munksjö Italia S.p.A.
2023-08-06 09:00:00,0.41096,IT.CAED/100752001.FACILITY,Ahlstrom-Munksjö Italia S.p.A.
2023-08-06 10:00:00,0.6226799999999999,IT.CAED/100752001.FACILITY,Ahlstrom-Munksjö Italia S.p.A.
2023-08-06 11:00:00,0.77443,IT.CAED/100752001.FACILITY,Ahlstrom-Munksjö Italia S.p.A.
2023-08-06 12:00:00,0.85554,IT.CAED/100752001.FACILITY,Ahlstrom-Munksjö Italia S.p.A.
2023-08-06 13:00:00,0.8795,IT.CAED/100752001.FACILITY,Ahlstrom-Munksjö Italia S.p.A.
2023-08-06 14:00:00,0.8468300000000001,IT.CAED/100752001.FACILITY,Ahlstrom-Munksjö Italia S.p.A.
2023-08-06 15:00:00,0.75478,IT.CAED/100752001.FACILITY,Ahlstrom-Munksjö Italia S.p.A.
2023-08-06 16:00:00,0.63822,IT.CAED/100752001.FACILITY,Ahlstrom-Munksjö Italia S.p.A.
2023-08-06 17:00:00,0.43539,IT.CAED/100752001.FACILITY,Ahlstrom-Munksjö Italia S.p.A.
2023-08-06 18:00:00,0.19849,IT.CAED/100752001.FACILITY,Ahlstrom-Munksjö Italia S.p.A.
2023-08-06 19:00:00,0.02422,IT.CAED/100752001.FACILITY,Ahlstrom-Munksjö Italia S.p.A.
2023-08-06 20:00:00,0.0028399999999999996,IT.CAED/100752001.FACILITY,Ahlstrom-Munksjö Italia S.p.A.
2023-08-06 21:00:00,0.0,IT.CAED/100752001.FACILITY,Ahlstrom-Munksjö Italia S.p.A.
2023-08-06 22:00:00,0.0,IT.CAED/100752001.FACILITY,Ahlstrom-Munksjö Italia S.p.A.
2023-08-06 23:00:00,0.0,IT.CAED/100752001.FACILITY,Ahlstrom-Munksjö Italia S.p.A.
2023-08-07 00:00:00,0.0,IT.CAED/100752001.FACILITY,Ahlstrom-Munksjö Italia S.p.A.
2023-08-07 01:00:00,0.0,IT.CAED/100752001.FACILITY,Ahlstrom-Munksjö Italia S.p.A.
2023-08-07 02:00:00,0.0,IT.CAED/100752001.FACILITY,Ahlstrom-Munksjö Italia S.p.A.
2023-08-07 03:00:00,0.0,IT.CAED/100752001.FACILITY,Ahlstrom-Munksjö Italia S.p.A.
2023-08-07 04:00:00,0.0,IT.CAED/100752001.FACILITY,Ahlstrom-Munksjö Italia S.p.A.
2023-08-07 05:00:00,0.0,IT.CAED/100752001.FACILITY,Ahlstrom-Munksjö Italia S.p.A.
2023-08-07 06:00:00,0.0005899999999999999,IT.CAED/100752001.FACILITY,Ahlstrom-Munksjö Italia S.p.A.
2023-08-07 07:00:00,0.02498,IT.CAED/100752001.FACILITY,Ahlstrom-Munksjö Italia S.p.A.
2023-08-07 08:00:00,0.17108,IT.CAED/100752001.FACILITY,Ahlstrom-Munksjö Italia S.p.A.
2023-08-07 09:00:00,0.41892,IT.CAED/100752001.FACILITY,Ahlstrom-Munksjö Italia S.p.A.
2023-08-07 10:00:00,0.61863,IT.CAED/100752001.FACILITY,Ahlstrom-Munksjö Italia S.p.A.
2023-08-07 11:00:00,0.7493200000000001,IT.CAED/100752001.FACILITY,Ahlstrom-Munksjö Italia S.p.A.
2023-08-07 12:00:00,0.84051,IT.CAED/100752001.FACILITY,Ahlstrom-Munksjö Italia S.p.A.
2023-08-07 13:00:00,0.8736,IT.CAED/100752001.FACILITY,Ahlstrom-Munksjö Italia S.p.A.
2023-08-07 14:00:00,0.84293,IT.CAED/100752001.FACILITY,Ahlstrom-Munksjö Italia S.p.A.
2023-08-07 15:00:00,0.7515599999999999,IT.CAED/100752001.FACILITY,Ahlstrom-Munksjö Italia S.p.A.
2023-08-07 16:00:00,0.6249199999999999,IT.CAED/100752001.FACILITY,Ahlstrom-Munksjö Italia S.p.A.
2023-08-07 17:00:00,0.43857,IT.CAED/100752001.FACILITY,Ahlstrom-Munksjö Italia S.p.A.
2023-08-07 18:00:00,0.20096,IT.CAED/100752001.FACILITY,Ahlstrom-Munksjö Italia S.p.A.
2023-08-07 19:00:00,0.024050000000000002,IT.CAED/100752001.FACILITY,Ahlstrom-Munksjö Italia S.p.A.
2023-08-07 20:00:00,0.0021000000000000003,IT.CAED/100752001.FACILITY,Ahlstrom-Munksjö Italia S.p.A.
2023-08-07 21:00:00,0.0,IT.CAED/100752001.FACILITY,Ahlstrom-Munksjö Italia S.p.A.
2023-08-07 22:00:00,0.0,IT.CAED/100752001.FACILITY,Ahlstrom-Munksjö Italia S.p.A.
2023-08-07 23:00:00,0.0,IT.CAED/100752001.FACILITY,Ahlstrom-Munksjö Italia S.p.A.
2023-08-08 00:00:00,0.0,IT.CAED/100752001.FACILITY,Ahlstrom-Munksjö Italia S.p.A.
2023-08-08 01:00:00,0.0,IT.CAED/100752001.FACILITY,Ahlstrom-Munksjö Italia S.p.A.
2023-08-08 02:00:00,0.0,IT.CAED/100752001.FACILITY,Ahlstrom-Munksjö Italia S.p.A.
2023-08-08 03:00:00,0.0,IT.CAED/100752001.FACILITY,Ahlstrom-Munksjö Italia S.p.A.
2023-08-08 04:00:00,0.0,IT.CAED/100752001.FACILITY,Ahlstrom-Munksjö Italia S.p.A.
2023-08-08 05:00:00,0.0,IT.CAED/100752001.FACILITY,Ahlstrom-Munksjö Italia S.p.A.
2023-08-08 06:00:00,0.00035,IT.CAED/100752001.FACILITY,Ahlstrom-Munksjö Italia S.p.A.
2023-08-08 07:00:00,0.02492,IT.CAED/100752001.FACILITY,Ahlstrom-Munksjö Italia S.p.A.
2023-08-08 08:00:00,0.16297,IT.CAED/100752001.FACILITY,Ahlstrom-Munksjö Italia S.p.A.
2023-08-08 09:00:00,0.39705,IT.CAED/100752001.FACILITY,Ahlstrom-Munksjö Italia S.p.A.
2023-08-08 10:00:00,0.60217,IT.CAED/100752001.FACILITY,Ahlstrom-Munksjö Italia S.p.A.
2023-08-08 11:00:00,0.74937,IT.CAED/100752001.FACILITY,Ahlstrom-Munksjö Italia S.p.A.
2023-08-08 12:00:00,0.8374199999999999,IT.CAED/100752001.FACILITY,Ahlstrom-Munksjö Italia S.p.A.
2023-08-08 13:00:00,0.85676,IT.CAED/100752001.FACILITY,Ahlstrom-Munksjö Italia S.p.A.
2023-08-08 14:00:00,0.83435,IT.CAED/100752001.FACILITY,Ahlstrom-Munksjö Italia S.p.A.
2023-08-08 15:00:00,0.7353200000000001,IT.CAED/100752001.FACILITY,Ahlstrom-Munksjö Italia S.p.A.
2023-08-08 16:00:00,0.6035499999999999,IT.CAED/100752001.FACILITY,Ahlstrom-Munksjö Italia S.p.A.
2023-08-08 17:00:00,0.42108999999999996,IT.CAED/100752001.FACILITY,Ahlstrom-Munksjö Italia S.p.A.
2023-08-08 18:00:00,0.18993000000000002,IT.CAED/100752001.FACILITY,Ahlstrom-Munksjö Italia S.p.A.
2023-08-08 19:00:00,0.02434,IT.CAED/100752001.FACILITY,Ahlstrom-Munksjö Italia S.p.A.
2023-08-08 20:00:00,0.0029500000000000004,IT.CAED/100752001.FACILITY,Ahlstrom-Munksjö Italia S.p.A.
2023-08-08 21:00:00,0.0,IT.CAED/100752001.FACILITY,Ahlstrom-Munksjö Italia S.p.A.
2023-08-08 22:00:00,0.0,IT.CAED/100752001.FACILITY,Ahlstrom-Munksjö Italia S.p.A.
2023-08-08 23:00:00,0.0,IT.CAED/100752001.FACILITY,Ahlstrom-Munksjö Italia S.p.A.
2023-08-09 00:00:00,0.0,IT.CAED/100752001.FACILITY,Ahlstrom-Munksjö Italia S.p.A.
2023-08-09 01:00:00,0.0,IT.CAED/100752001.FACILITY,Ahlstrom-Munksjö Italia S.p.A.
2023-08-09 02:00:00,0.0,IT.CAED/100752001.FACILITY,Ahlstrom-Munksjö Italia S.p.A.
2023-08-09 03:00:00,0.0,IT.CAED/100752001.FACILITY,Ahlstrom-Munksjö Italia S.p.A.
2023-08-09 04:00:00,0.0,IT.CAED/100752001.FACILITY,Ahlstrom-Munksjö Italia S.p.A.
2023-08-09 05:00:00,0.0,IT.CAED/100752001.FACILITY,Ahlstrom-Munksjö Italia S.p.A.
2023-08-09 06:00:00,0.00076,IT.CAED/100752001.FACILITY,Ahlstrom-Munksjö Italia S.p.A.
2023-08-09 07:00:00,0.041049999999999996,IT.CAED/100752001.FACILITY,Ahlstrom-Munksjö Italia S.p.A.
2023-08-09 08:00:00,0.15780000000000002,IT.CAED/100752001.FACILITY,Ahlstrom-Munksjö Italia S.p.A.
2023-08-09 09:00:00,0.37427,IT.CAED/100752001.FACILITY,Ahlstrom-Munksjö Italia S.p.A.
2023-08-09 10:00:00,0.56662,IT.CAED/100752001.FACILITY,Ahlstrom-Munksjö Italia S.p.A.
2023-08-09 11:00:00,0.71516,IT.CAED/100752001.FACILITY,Ahlstrom-Munksjö Italia S.p.A.
2023-08-09 12:00:00,0.79896,IT.CAED/100752001.FACILITY,Ahlstrom-Munksjö Italia S.p.A.
2023-08-09 13:00:00,0.84212,IT.CAED/100752001.FACILITY,Ahlstrom-Munksjö Italia S.p.A.
2023-08-09 14:00:00,0.8224199999999999,IT.CAED/100752001.FACILITY,Ahlstrom-Munksjö Italia S.p.A.
2023-08-09 15:00:00,0.7270599999999999,IT.CAED/100752001.FACILITY,Ahlstrom-Munksjö Italia S.p.A.
2023-08-09 16:00:00,0.59427,IT.CAED/100752001.FACILITY,Ahlstrom-Munksjö Italia S.p.A.
2023-08-09 17:00:00,0.40444,IT.CAED/100752001.FACILITY,Ahlstrom-Munksjö Italia S.p.A.
2023-08-09 18:00:00,0.17715,IT.CAED/100752001.FACILITY,Ahlstrom-Munksjö Italia S.p.A.
2023-08-09 19:00:00,0.02352,IT.CAED/100752001.FACILITY,Ahlstrom-Munksjö Italia S.p.A.
2023-08-09 20:00:00,0.00128,IT.CAED/100752001.FACILITY,Ahlstrom-Munksjö Italia S.p.A.
2023-08-09 21:00:00,0.0,IT.CAED/100752001.FACILITY,Ahlstrom-Munksjö Italia S.p.A.
2023-08-09 22:00:00,0.0,IT.CAED/100752001.FACILITY,Ahlstrom-Munksjö Italia S.p.A.
2023-08-09 23:00:00,0.0,IT.CAED/100752001.FACILITY,Ahlstrom-Munksjö Italia S.p.A.
2023-08-10 00:00:00,0.0,IT.CAED/100752001.FACILITY,Ahlstrom-Munksjö Italia S.p.A.
2023-08-10 01:00:00,0.0,IT.CAED/100752001.FACILITY,Ahlstrom-Munksjö Italia S.p.A.
2023-08-10 02:00:00,0.0,IT.CAED/100752001.FACILITY,Ahlstrom-Munksjö Italia S.p.A.
2023-08-10 03:00:00,0.0,IT.CAED/100752001.FACILITY,Ahlstrom-Munksjö Italia S.p.A.
2023-08-10 04:00:00,0.0,IT.CAED/100752001.FACILITY,Ahlstrom-Munksjö Italia S.p.A.
2023-08-10 05:00:00,0.0,IT.CAED/100752001.FACILITY,Ahlstrom-Munksjö Italia S.p.A.
2023-08-10 06:00:00,0.0,IT.CAED/100752001.FACILITY,Ahlstrom-Munksjö Italia S.p.A.
2023-08-10 07:00:00,0.02262,IT.CAED/100752001.FACILITY,Ahlstrom-Munksjö Italia S.p.A.
2023-08-10 08:00:00,0.15650999999999998,IT.CAED/100752001.FACILITY,Ahlstrom-Munksjö Italia S.p.A.
2023-08-10 09:00:00,0.38416,IT.CAED/100752001.FACILITY,Ahlstrom-Munksjö Italia S.p.A.
2023-08-10 10:00:00,0.58277,IT.CAED/100752001.FACILITY,Ahlstrom-Munksjö Italia S.p.A.
2023-08-10 11:00:00,0.71548,IT.CAED/100752001.FACILITY,Ahlstrom-Munksjö Italia S.p.A.
2023-08-10 12:00:00,0.81132,IT.CAED/100752001.FACILITY,Ahlstrom-Munksjö Italia S.p.A.
2023-08-10 13:00:00,0.8385,IT.CAED/100752001.FACILITY,Ahlstrom-Munksjö Italia S.p.A.
2023-08-10 14:00:00,0.8121499999999999,IT.CAED/100752001.FACILITY,Ahlstrom-Munksjö Italia S.p.A.
2023-08-10 15:00:00,0.72312,IT.CAED/100752001.FACILITY,Ahlstrom-Munksjö Italia S.p.A.
2023-08-10 16:00:00,0.54662,IT.CAED/100752001.FACILITY,Ahlstrom-Munksjö Italia S.p.A.
2023-08-10 17:00:00,0.30454000000000003,IT.CAED/100752001.FACILITY,Ahlstrom-Munksjö Italia S.p.A.
2023-08-10 18:00:00,0.15337,IT.CAED/100752001.FACILITY,Ahlstrom-Munksjö Italia S.p.A.
2023-08-10 19:00:00,0.03326,IT.CAED/100752001.FACILITY,Ahlstrom-Munksjö Italia S.p.A.
2023-08-10 20:00:00,0.00122,IT.CAED/100752001.FACILITY,Ahlstrom-Munksjö Italia S.p.A.
2023-08-10 21:00:00,0.0,IT.CAED/100752001.FACILITY,Ahlstrom-Munksjö Italia S.p.A.
2023-08-10 22:00:00,0.0,IT.CAED/100752001.FACILITY,Ahlstrom-Munksjö Italia S.p.A.
2023-08-10 23:00:00,0.0,IT.CAED/100752001.FACILITY,Ahlstrom-Munksjö Italia S.p.A.
2023-08-11 00:00:00,0.0,IT.CAED/100752001.FACILITY,Ahlstrom-Munksjö Italia S.p.A.
2023-08-11 01:00:00,0.0,IT.CAED/100752001.FACILITY,Ahlstrom-Munksjö Italia S.p.A.
2023-08-11 02:00:00,0.0,IT.CAED/100752001.FACILITY,Ahlstrom-Munksjö Italia S.p.A.
2023-08-11 03:00:00,0.0,IT.CAED/100752001.FACILITY,Ahlstrom-Munksjö Italia S.p.A.
2023-08-11 04:00:00,0.0,IT.CAED/100752001.FACILITY,Ahlstrom-Munksjö Italia S.p.A.
2023-08-11 05:00:00,0.0,IT.CAED/100752001.FACILITY,Ahlstrom-Munksjö Italia S.p.A.
2023-08-11 06:00:00,0.0,IT.CAED/100752001.FACILITY,Ahlstrom-Munksjö Italia S.p.A.
2023-08-11 07:00:00,0.02225,IT.CAED/100752001.FACILITY,Ahlstrom-Munksjö Italia S.p.A.
2023-08-11 08:00:00,0.15277000000000002,IT.CAED/100752001.FACILITY,Ahlstrom-Munksjö Italia S.p.A.
2023-08-11 09:00:00,0.37729,IT.CAED/100752001.FACILITY,Ahlstrom-Munksjö Italia S.p.A.
2023-08-11 10:00:00,0.57455,IT.CAED/100752001.FACILITY,Ahlstrom-Munksjö Italia S.p.A.
2023-08-11 11:00:00,0.71316,IT.CAED/100752001.FACILITY,Ahlstrom-Munksjö Italia S.p.A.
2023-08-11 12:00:00,0.79514,IT.CAED/100752001.FACILITY,Ahlstrom-Munksjö Italia S.p.A.
2023-08-11 13:00:00,0.81732,IT.CAED/100752001.FACILITY,Ahlstrom-Munksjö Italia S.p.A.
2023-08-11 14:00:00,0.77458,IT.CAED/100752001.FACILITY,Ahlstrom-Munksjö Italia S.p.A.
2023-08-11 15:00:00,0.60626,IT.CAED/100752001.FACILITY,Ahlstrom-Munksjö Italia S.p.A.
2023-08-11 16:00:00,0.50447,IT.CAED/100752001.FACILITY,Ahlstrom-Munksjö Italia S.p.A.
2023-08-11 17:00:00,0.30997,IT.CAED/100752001.FACILITY,Ahlstrom-Munksjö Italia S.p.A.
2023-08-11 18:00:00,0.14593,IT.CAED/100752001.FACILITY,Ahlstrom-Munksjö Italia S.p.A.
2023-08-11 19:00:00,0.023870000000000002,IT.CAED/100752001.FACILITY,Ahlstrom-Munksjö Italia S.p.A.
2023-08-11 20:00:00,0.00037,IT.CAED/100752001.FACILITY,Ahlstrom-Munksjö Italia S.p.A.
2023-08-11 21:00:00,0.0,IT.CAED/100752001.FACILITY,Ahlstrom-Munksjö Italia S.p.A.
2023-08-11 22:00:00,0.0,IT.CAED/100752001.FACILITY,Ahlstrom-Munksjö Italia S.p.A.
2023-08-11 23:00:00,0.0,IT.CAED/100752001.FACILITY,Ahlstrom-Munksjö Italia S.p.A.
2023-08-12 00:00:00,0.0,IT.CAED/100752001.FACILITY,Ahlstrom-Munksjö Italia S.p.A.
2023-08-12 01:00:00,0.0,IT.CAED/100752001.FACILITY,Ahlstrom-Munksjö Italia S.p.A.
2023-08-12 02:00:00,0.0,IT.CAED/100752001.FACILITY,Ahlstrom-Munksjö Italia S.p.A.
2023-08-12 03:00:00,0.0,IT.CAED/100752001.FACILITY,Ahlstrom-Munksjö Italia S.p.A.
2023-08-12 04:00:00,0.0,IT.CAED/100752001.FACILITY,Ahlstrom-Munksjö Italia S.p.A.
2023-08-12 05:00:00,0.0,IT.CAED/100752001.FACILITY,Ahlstrom-Munksjö Italia S.p.A.
2023-08-12 06:00:00,0.0,IT.CAED/100752001.FACILITY,Ahlstrom-Munksjö Italia S.p.A.
2023-08-12 07:00:00,0.02034,IT.CAED/100752001.FACILITY,Ahlstrom-Munksjö Italia S.p.A.
2023-08-12 08:00:00,0.10152,IT.CAED/100752001.FACILITY,Ahlstrom-Munksjö Italia S.p.A.
2023-08-12 09:00:00,0.27291000000000004,IT.CAED/100752001.FACILITY,Ahlstrom-Munksjö Italia S.p.A.
2023-08-12 10:00:00,0.48089,IT.CAED/100752001.FACILITY,Ahlstrom-Munksjö Italia S.p.A.
2023-08-12 11:00:00,0.5825199999999999,IT.CAED/100752001.FACILITY,Ahlstrom-Munksjö Italia S.p.A.
2023-08-12 12:00:00,0.71581,IT.CAED/100752001.FACILITY,Ahlstrom-Munksjö Italia S.p.A.
2023-08-12 13:00:00,0.5943200000000001,IT.CAED/100752001.FACILITY,Ahlstrom-Munksjö Italia S.p.A.
2023-08-12 14:00:00,0.45949,IT.CAED/100752001.FACILITY,Ahlstrom-Munksjö Italia S.p.A.
2023-08-12 15:00:00,0.52811,IT.CAED/100752001.FACILITY,Ahlstrom-Munksjö Italia S.p.A.
2023-08-12 16:00:00,0.42665,IT.CAED/100752001.FACILITY,Ahlstrom-Munksjö Italia S.p.A.
2023-08-12 17:00:00,0.29008999999999996,IT.CAED/100752001.FACILITY,Ahlstrom-Munksjö Italia S.p.A.
2023-08-12 18:00:00,0.14989,IT.CAED/100752001.FACILITY,Ahlstrom-Munksjö Italia S.p.A.
2023-08-12 19:00:00,0.024059999999999998,IT.CAED/100752001.FACILITY,Ahlstrom-Munksjö Italia S.p.A.
2023-08-12 20:00:00,0.00035,IT.CAED/100752001.FACILITY,Ahlstrom-Munksjö Italia S.p.A.
2023-08-12 21:00:00,0.0,IT.CAED/100752001.FACILITY,Ahlstrom-Munksjö Italia S.p.A.
2023-08-12 22:00:00,0.0,IT.CAED/100752001.FACILITY,Ahlstrom-Munksjö Italia S.p.A.
2023-08-12 23:00:00,0.0,IT.CAED/100752001.FACILITY,Ahlstrom-Munksjö Italia S.p.A.
2023-08-13 00:00:00,0.0,IT.CAED/100752001.FACILITY,Ahlstrom-Munksjö Italia S.p.A.
2023-08-13 01:00:00,0.0,IT.CAED/100752001.FACILITY,Ahlstrom-Munksjö Italia S.p.A.
2023-08-13 02:00:00,0.0,IT.CAED/100752001.FACILITY,Ahlstrom-Munksjö Italia S.p.A.
2023-08-13 03:00:00,0.0,IT.CAED/100752001.FACILITY,Ahlstrom-Munksjö Italia S.p.A.
2023-08-13 04:00:00,0.0,IT.CAED/100752001.FACILITY,Ahlstrom-Munksjö Italia S.p.A.
2023-08-13 05:00:00,0.0,IT.CAED/100752001.FACILITY,Ahlstrom-Munksjö Italia S.p.A.
2023-08-13 06:00:00,0.0,IT.CAED/100752001.FACILITY,Ahlstrom-Munksjö Italia S.p.A.
2023-08-13 07:00:00,0.020300000000000002,IT.CAED/100752001.FACILITY,Ahlstrom-Munksjö Italia S.p.A.
2023-08-13 08:00:00,0.14462,IT.CAED/100752001.FACILITY,Ahlstrom-Munksjö Italia S.p.A.
2023-08-13 09:00:00,0.36069999999999997,IT.CAED/100752001.FACILITY,Ahlstrom-Munksjö Italia S.p.A.
2023-08-13 10:00:00,0.5376299999999999,IT.CAED/100752001.FACILITY,Ahlstrom-Munksjö Italia S.p.A.
2023-08-13 11:00:00,0.66067,IT.CAED/100752001.FACILITY,Ahlstrom-Munksjö Italia S.p.A.
2023-08-13 12:00:00,0.68369,IT.CAED/100752001.FACILITY,Ahlstrom-Munksjö Italia S.p.A.
2023-08-13 13:00:00,0.6507000000000001,IT.CAED/100752001.FACILITY,Ahlstrom-Munksjö Italia S.p.A.
2023-08-13 14:00:00,0.6326799999999999,IT.CAED/100752001.FACILITY,Ahlstrom-Munksjö Italia S.p.A.
2023-08-13 15:00:00,0.49671,IT.CAED/100752001.FACILITY,Ahlstrom-Munksjö Italia S.p.A.
2023-08-13 16:00:00,0.31994,IT.CAED/100752001.FACILITY,Ahlstrom-Munksjö Italia S.p.A.
2023-08-13 17:00:00,0.27122,IT.CAED/100752001.FACILITY,Ahlstrom-Munksjö Italia S.p.A.
2023-08-13 18:00:00,0.08437,IT.CAED/100752001.FACILITY,Ahlstrom-Munksjö Italia S.p.A.
2023-08-13 19:00:00,0.02001,IT.CAED/100752001.FACILITY,Ahlstrom-Munksjö Italia S.p.A.
2023-08-13 20:00:00,0.00041,IT.CAED/100752001.FACILITY,Ahlstrom-Munksjö Italia S.p.A.
2023-08-13 21:00:00,0.0,IT.CAED/100752001.FACILITY,Ahlstrom-Munksjö Italia S.p.A.
2023-08-13 22:00:00,0.0,IT.CAED/100752001.FACILITY,Ahlstrom-Munksjö Italia S.p.A.
2023-08-13 23:00:00,0.0,IT.CAED/100752001.FACILITY,Ahlstrom-Munksjö Italia S.p.A.
2023-08-14 00:00:00,0.0,IT.CAED/100752001.FACILITY,Ahlstrom-Munksjö Italia S.p.A.
2023-08-14 01:00:00,0.0,IT.CAED/100752001.FACILITY,Ahlstrom-Munksjö Italia S.p.A.
2023-08-14 02:00:00,0.0,IT.CAED/100752001.FACILITY,Ahlstrom-Munksjö Italia S.p.A.
2023-08-14 03:00:00,0.0,IT.CAED/100752001.FACILITY,Ahlstrom-Munksjö Italia S.p.A.
2023-08-14 04:00:00,0.0,IT.CAED/100752001.FACILITY,Ahlstrom-Munksjö Italia S.p.A.
2023-08-14 05:00:00,0.0,IT.CAED/100752001.FACILITY,Ahlstrom-Munksjö Italia S.p.A.
2023-08-14 06:00:00,0.0,IT.CAED/100752001.FACILITY,Ahlstrom-Munksjö Italia S.p.A.
2023-08-14 07:00:00,0.01718,IT.CAED/100752001.FACILITY,Ahlstrom-Munksjö Italia S.p.A.
2023-08-14 08:00:00,0.12727,IT.CAED/100752001.FACILITY,Ahlstrom-Munksjö Italia S.p.A.
2023-08-14 09:00:00,0.26888,IT.CAED/100752001.FACILITY,Ahlstrom-Munksjö Italia S.p.A.
2023-08-14 10:00:00,0.38137,IT.CAED/100752001.FACILITY,Ahlstrom-Munksjö Italia S.p.A.
2023-08-14 11:00:00,0.34881,IT.CAED/100752001.FACILITY,Ahlstrom-Munksjö Italia S.p.A.
2023-08-14 12:00:00,0.4668,IT.CAED/100752001.FACILITY,Ahlstrom-Munksjö Italia S.p.A.
2023-08-14 13:00:00,0.5694199999999999,IT.CAED/100752001.FACILITY,Ahlstrom-Munksjö Italia S.p.A.
2023-08-14 14:00:00,0.5528500000000001,IT.CAED/100752001.FACILITY,Ahlstrom-Munksjö Italia S.p.A.
2023-08-14 15:00:00,0.58431,IT.CAED/100752001.FACILITY,Ahlstrom-Munksjö Italia S.p.A.
2023-08-14 16:00:00,0.5107200000000001,IT.CAED/100752001.FACILITY,Ahlstrom-Munksjö Italia S.p.A.
2023-08-14 17:00:00,0.28352,IT.CAED/100752001.FACILITY,Ahlstrom-Munksjö Italia S.p.A.
2023-08-14 18:00:00,0.12586,IT.CAED/100752001.FACILITY,Ahlstrom-Munksjö Italia S.p.A.
2023-08-14 19:00:00,0.02813,IT.CAED/100752001.FACILITY,Ahlstrom-Munksjö Italia S.p.A.
2023-08-14 20:00:00,0.0,IT.CAED/100752001.FACILITY,Ahlstrom-Munksjö Italia S.p.A.
2023-08-14 21:00:00,0.0,IT.CAED/100752001.FACILITY,Ahlstrom-Munksjö Italia S.p.A.
2023-08-14 22:00:00,0.0,IT.CAED/100752001.FACILITY,Ahlstrom-Munksjö Italia S.p.A.
2023-08-14 23:00:00,0.0,IT.CAED/100752001.FACILITY,Ahlstrom-Munksjö Italia S.p.A.
2023-08-15 00:00:00,0.0,IT.CAED/100752001.FACILITY,Ahlstrom-Munksjö Italia S.p.A.
2023-08-15 01:00:00,0.0,IT.CAED/100752001.FACILITY,Ahlstrom-Munksjö Italia S.p.A.
2023-08-15 02:00:00,0.0,IT.CAED/100752001.FACILITY,Ahlstrom-Munksjö Italia S.p.A.
2023-08-15 03:00:00,0.0,IT.CAED/100752001.FACILITY,Ahlstrom-Munksjö Italia S.p.A.
2023-08-15 04:00:00,0.0,IT.CAED/100752001.FACILITY,Ahlstrom-Munksjö Italia S.p.A.
2023-08-15 05:00:00,0.0,IT.CAED/100752001.FACILITY,Ahlstrom-Munksjö Italia S.p.A.
2023-08-15 06:00:00,0.0,IT.CAED/100752001.FACILITY,Ahlstrom-Munksjö Italia S.p.A.
2023-08-15 07:00:00,0.01126,IT.CAED/100752001.FACILITY,Ahlstrom-Munksjö Italia S.p.A.
2023-08-15 08:00:00,0.15091,IT.CAED/100752001.FACILITY,Ahlstrom-Munksjö Italia S.p.A.
2023-08-15 09:00:00,0.34793,IT.CAED/100752001.FACILITY,Ahlstrom-Munksjö Italia S.p.A.
2023-08-15 10:00:00,0.52185,IT.CAED/100752001.FACILITY,Ahlstrom-Munksjö Italia S.p.A.
2023-08-15 11:00:00,0.66501,IT.CAED/100752001.FACILITY,Ahlstrom-Munksjö Italia S.p.A.
2023-08-15 12:00:00,0.71062,IT.CAED/100752001.FACILITY,Ahlstrom-Munksjö Italia S.p.A.
2023-08-15 13:00:00,0.65262,IT.CAED/100752001.FACILITY,Ahlstrom-Munksjö Italia S.p.A.
2023-08-15 14:00:00,0.61465,IT.CAED/100752001.FACILITY,Ahlstrom-Munksjö Italia S.p.A.
2023-08-15 15:00:00,0.46409,IT.CAED/100752001.FACILITY,Ahlstrom-Munksjö Italia S.p.A.
2023-08-15 16:00:00,0.37991,IT.CAED/100752001.FACILITY,Ahlstrom-Munksjö Italia S.p.A.
2023-08-15 17:00:00,0.2833,IT.CAED/100752001.FACILITY,Ahlstrom-Munksjö Italia S.p.A.
2023-08-15 18:00:00,0.12443000000000001,IT.CAED/100752001.FACILITY,Ahlstrom-Munksjö Italia S.p.A.
2023-08-15 19:00:00,0.02886,IT.CAED/100752001.FACILITY,Ahlstrom-Munksjö Italia S.p.A.
2023-08-15 20:00:00,0.0,IT.CAED/100752001.FACILITY,Ahlstrom-Munksjö Italia S.p.A.
2023-08-15 21:00:00,0.0,IT.CAED/100752001.FACILITY,Ahlstrom-Munksjö Italia S.p.A.
2023-08-15 22:00:00,0.0,IT.CAED/100752001.FACILITY,Ahlstrom-Munksjö Italia S.p.A.
2023-08-15 23:00:00,0.0,IT.CAED/100752001.FACILITY,Ahlstrom-Munksjö Italia S.p.A.
2023-08-16 00:00:00,0.0,IT.CAED/100752001.FACILITY,Ahlstrom-Munksjö Italia S.p.A.
2023-08-16 01:00:00,0.0,IT.CAED/100752001.FACILITY,Ahlstrom-Munksjö Italia S.p.A.
2023-08-16 02:00:00,0.0,IT.CAED/100752001.FACILITY,Ahlstrom-Munksjö Italia S.p.A.
2023-08-16 03:00:00,0.0,IT.CAED/100752001.FACILITY,Ahlstrom-Munksjö Italia S.p.A.
2023-08-16 04:00:00,0.0,IT.CAED/100752001.FACILITY,Ahlstrom-Munksjö Italia S.p.A.
2023-08-16 05:00:00,0.0,IT.CAED/100752001.FACILITY,Ahlstrom-Munksjö Italia S.p.A.
2023-08-16 06:00:00,0.0,IT.CAED/100752001.FACILITY,Ahlstrom-Munksjö Italia S.p.A.
2023-08-16 07:00:00,0.018600000000000002,IT.CAED/100752001.FACILITY,Ahlstrom-Munksjö Italia S.p.A.
2023-08-16 08:00:00,0.14867,IT.CAED/100752001.FACILITY,Ahlstrom-Munksjö Italia S.p.A.
2023-08-16 09:00:00,0.36535,IT.CAED/100752001.FACILITY,Ahlstrom-Munksjö Italia S.p.A.
2023-08-16 10:00:00,0.5540499999999999,IT.CAED/100752001.FACILITY,Ahlstrom-Munksjö Italia S.p.A.
2023-08-16 11:00:00,0.61795,IT.CAED/100752001.FACILITY,Ahlstrom-Munksjö Italia S.p.A.
2023-08-16 12:00:00,0.65767,IT.CAED/100752001.FACILITY,Ahlstrom-Munksjö Italia S.p.A.
2023-08-16 13:00:00,0.68629,IT.CAED/100752001.FACILITY,Ahlstrom-Munksjö Italia S.p.A.
2023-08-16 14:00:00,0.59277,IT.CAED/100752001.FACILITY,Ahlstrom-Munksjö Italia S.p.A.
2023-08-16 15:00:00,0.4813,IT.CAED/100752001.FACILITY,Ahlstrom-Munksjö Italia S.p.A.
2023-08-16 16:00:00,0.33698,IT.CAED/100752001.FACILITY,Ahlstrom-Munksjö Italia S.p.A.
2023-08-16 17:00:00,0.24816999999999997,IT.CAED/100752001.FACILITY,Ahlstrom-Munksjö Italia S.p.A.
2023-08-16 18:00:00,0.08425,IT.CAED/100752001.FACILITY,Ahlstrom-Munksjö Italia S.p.A.
2023-08-16 19:00:00,0.02613,IT.CAED/100752001.FACILITY,Ahlstrom-Munksjö Italia S.p.A.
2023-08-16 20:00:00,0.0,IT.CAED/100752001.FACILITY,Ahlstrom-Munksjö Italia S.p.A.
2023-08-16 21:00:00,0.0,IT.CAED/100752001.FACILITY,Ahlstrom-Munksjö Italia S.p.A.
2023-08-16 22:00:00,0.0,IT.CAED/100752001.FACILITY,Ahlstrom-Munksjö Italia S.p.A.
2023-08-16 23:00:00,0.0,IT.CAED/100752001.FACILITY,Ahlstrom-Munksjö Italia S.p.A.
2023-08-17 00:00:00,0.0,IT.CAED/100752001.FACILITY,Ahlstrom-Munksjö Italia S.p.A.
2023-08-17 01:00:00,0.0,IT.CAED/100752001.FACILITY,Ahlstrom-Munksjö Italia S.p.A.
2023-08-17 02:00:00,0.0,IT.CAED/100752001.FACILITY,Ahlstrom-Munksjö Italia S.p.A.
2023-08-17 03:00:00,0.0,IT.CAED/100752001.FACILITY,Ahlstrom-Munksjö Italia S.p.A.
2023-08-17 04:00:00,0.0,IT.CAED/100752001.FACILITY,Ahlstrom-Munksjö Italia S.p.A.
2023-08-17 05:00:00,0.0,IT.CAED/100752001.FACILITY,Ahlstrom-Munksjö Italia S.p.A.
2023-08-17 06:00:00,0.0,IT.CAED/100752001.FACILITY,Ahlstrom-Munksjö Italia S.p.A.
2023-08-17 07:00:00,0.02022,IT.CAED/100752001.FACILITY,Ahlstrom-Munksjö Italia S.p.A.
2023-08-17 08:00:00,0.12415999999999999,IT.CAED/100752001.FACILITY,Ahlstrom-Munksjö Italia S.p.A.
2023-08-17 09:00:00,0.3489,IT.CAED/100752001.FACILITY,Ahlstrom-Munksjö Italia S.p.A.
2023-08-17 10:00:00,0.52336,IT.CAED/100752001.FACILITY,Ahlstrom-Munksjö Italia S.p.A.
2023-08-17 11:00:00,0.65301,IT.CAED/100752001.FACILITY,Ahlstrom-Munksjö Italia S.p.A.
2023-08-17 12:00:00,0.71286,IT.CAED/100752001.FACILITY,Ahlstrom-Munksjö Italia S.p.A.
2023-08-17 13:00:00,0.6187,IT.CAED/100752001.FACILITY,Ahlstrom-Munksjö Italia S.p.A.
2023-08-17 14:00:00,0.35391,IT.CAED/100752001.FACILITY,Ahlstrom-Munksjö Italia S.p.A.
2023-08-17 15:00:00,0.34408999999999995,IT.CAED/100752001.FACILITY,Ahlstrom-Munksjö Italia S.p.A.
2023-08-17 16:00:00,0.38029,IT.CAED/100752001.FACILITY,Ahlstrom-Munksjö Italia S.p.A.
2023-08-17 17:00:00,0.26333999999999996,IT.CAED/100752001.FACILITY,Ahlstrom-Munksjö Italia S.p.A.
2023-08-17 18:00:00,0.15422,IT.CAED/100752001.FACILITY,Ahlstrom-Munksjö Italia S.p.A.
2023-08-17 19:00:00,0.02069,IT.CAED/100752001.FACILITY,Ahlstrom-Munksjö Italia S.p.A.
2023-08-17 20:00:00,0.0,IT.CAED/100752001.FACILITY,Ahlstrom-Munksjö Italia S.p.A.
2023-08-17 21:00:00,0.0,IT.CAED/100752001.FACILITY,Ahlstrom-Munksjö Italia S.p.A.
2023-08-17 22:00:00,0.0,IT.CAED/100752001.FACILITY,Ahlstrom-Munksjö Italia S.p.A.
2023-08-17 23:00:00,0.0,IT.CAED/100752001.FACILITY,Ahlstrom-Munksjö Italia S.p.A.
2023-08-18 00:00:00,0.0,IT.CAED/100752001.FACILITY,Ahlstrom-Munksjö Italia S.p.A.
2023-08-18 01:00:00,0.0,IT.CAED/100752001.FACILITY,Ahlstrom-Munksjö Italia S.p.A.
2023-08-18 02:00:00,0.0,IT.CAED/100752001.FACILITY,Ahlstrom-Munksjö Italia S.p.A.
2023-08-18 03:00:00,0.0,IT.CAED/100752001.FACILITY,Ahlstrom-Munksjö Italia S.p.A.
2023-08-18 04:00:00,0.0,IT.CAED/100752001.FACILITY,Ahlstrom-Munksjö Italia S.p.A.
2023-08-18 05:00:00,0.0,IT.CAED/100752001.FACILITY,Ahlstrom-Munksjö Italia S.p.A.
2023-08-18 06:00:00,0.0,IT.CAED/100752001.FACILITY,Ahlstrom-Munksjö Italia S.p.A.
2023-08-18 07:00:00,0.01799,IT.CAED/100752001.FACILITY,Ahlstrom-Munksjö Italia S.p.A.
2023-08-18 08:00:00,0.15541999999999997,IT.CAED/100752001.FACILITY,Ahlstrom-Munksjö Italia S.p.A.
2023-08-18 09:00:00,0.38048000000000004,IT.CAED/100752001.FACILITY,Ahlstrom-Munksjö Italia S.p.A.
2023-08-18 10:00:00,0.57171,IT.CAED/100752001.FACILITY,Ahlstrom-Munksjö Italia S.p.A.
2023-08-18 11:00:00,0.70274,IT.CAED/100752001.FACILITY,Ahlstrom-Munksjö Italia S.p.A.
2023-08-18 12:00:00,0.78806,IT.CAED/100752001.FACILITY,Ahlstrom-Munksjö Italia S.p.A.
2023-08-18 13:00:00,0.78036,IT.CAED/100752001.FACILITY,Ahlstrom-Munksjö Italia S.p.A.
2023-08-18 14:00:00,0.7537200000000001,IT.CAED/100752001.FACILITY,Ahlstrom-Munksjö Italia S.p.A.
2023-08-18 15:00:00,0.64418,IT.CAED/100752001.FACILITY,Ahlstrom-Munksjö Italia S.p.A.
2023-08-18 16:00:00,0.54845,IT.CAED/100752001.FACILITY,Ahlstrom-Munksjö Italia S.p.A.
2023-08-18 17:00:00,0.35025,IT.CAED/100752001.FACILITY,Ahlstrom-Munksjö Italia S.p.A.
2023-08-18 18:00:00,0.16062,IT.CAED/100752001.FACILITY,Ahlstrom-Munksjö Italia S.p.A.
2023-08-18 19:00:00,0.0219,IT.CAED/100752001.FACILITY,Ahlstrom-Munksjö Italia S.p.A.
2023-08-18 20:00:00,0.0,IT.CAED/100752001.FACILITY,Ahlstrom-Munksjö Italia S.p.A.
2023-08-18 21:00:00,0.0,IT.CAED/100752001.FACILITY,Ahlstrom-Munksjö Italia S.p.A.
2023-08-18 22:00:00,0.0,IT.CAED/100752001.FACILITY,Ahlstrom-Munksjö Italia S.p.A.
2023-08-18 23:00:00,0.0,IT.CAED/100752001.FACILITY,Ahlstrom-Munksjö Italia S.p.A.
2023-08-19 00:00:00,0.0,IT.CAED/100752001.FACILITY,Ahlstrom-Munksjö Italia S.p.A.
2023-08-19 01:00:00,0.0,IT.CAED/100752001.FACILITY,Ahlstrom-Munksjö Italia S.p.A.
2023-08-19 02:00:00,0.0,IT.CAED/100752001.FACILITY,Ahlstrom-Munksjö Italia S.p.A.
2023-08-19 03:00:00,0.0,IT.CAED/100752001.FACILITY,Ahlstrom-Munksjö Italia S.p.A.
2023-08-19 04:00:00,0.0,IT.CAED/100752001.FACILITY,Ahlstrom-Munksjö Italia S.p.A.
2023-08-19 05:00:00,0.0,IT.CAED/100752001.FACILITY,Ahlstrom-Munksjö Italia S.p.A.
2023-08-19 06:00:00,0.0,IT.CAED/100752001.FACILITY,Ahlstrom-Munksjö Italia S.p.A.
2023-08-19 07:00:00,0.022609999999999998,IT.CAED/100752001.FACILITY,Ahlstrom-Munksjö Italia S.p.A.
2023-08-19 08:00:00,0.15397999999999998,IT.CAED/100752001.FACILITY,Ahlstrom-Munksjö Italia S.p.A.
2023-08-19 09:00:00,0.36884,IT.CAED/100752001.FACILITY,Ahlstrom-Munksjö Italia S.p.A.
2023-08-19 10:00:00,0.5619500000000001,IT.CAED/100752001.FACILITY,Ahlstrom-Munksjö Italia S.p.A.
2023-08-19 11:00:00,0.7004900000000001,IT.CAED/100752001.FACILITY,Ahlstrom-Munksjö Italia S.p.A.
2023-08-19 12:00:00,0.7691,IT.CAED/100752001.FACILITY,Ahlstrom-Munksjö Italia S.p.A.
2023-08-19 13:00:00,0.68876,IT.CAED/100752001.FACILITY,Ahlstrom-Munksjö Italia S.p.A.
2023-08-19 14:00:00,0.6611,IT.CAED/100752001.FACILITY,Ahlstrom-Munksjö Italia S.p.A.
2023-08-19 15:00:00,0.62053,IT.CAED/100752001.FACILITY,Ahlstrom-Munksjö Italia S.p.A.
2023-08-19 16:00:00,0.47614999999999996,IT.CAED/100752001.FACILITY,Ahlstrom-Munksjö Italia S.p.A.
2023-08-19 17:00:00,0.29370999999999997,IT.CAED/100752001.FACILITY,Ahlstrom-Munksjö Italia S.p.A.
2023-08-19 18:00:00,0.10006999999999999,IT.CAED/100752001.FACILITY,Ahlstrom-Munksjö Italia S.p.A.
2023-08-19 19:00:00,0.01752,IT.CAED/100752001.FACILITY,Ahlstrom-Munksjö Italia S.p.A.
2023-08-19 20:00:00,0.0,IT.CAED/100752001.FACILITY,Ahlstrom-Munksjö Italia S.p.A.
2023-08-19 21:00:00,0.0,IT.CAED/100752001.FACILITY,Ahlstrom-Munksjö Italia S.p.A.
2023-08-19 22:00:00,0.0,IT.CAED/100752001.FACILITY,Ahlstrom-Munksjö Italia S.p.A.
2023-08-19 23:00:00,0.0,IT.CAED/100752001.FACILITY,Ahlstrom-Munksjö Italia S.p.A.
2023-08-20 00:00:00,0.0,IT.CAED/100752001.FACILITY,Ahlstrom-Munksjö Italia S.p.A.
2023-08-20 01:00:00,0.0,IT.CAED/100752001.FACILITY,Ahlstrom-Munksjö Italia S.p.A.
2023-08-20 02:00:00,0.0,IT.CAED/100752001.FACILITY,Ahlstrom-Munksjö Italia S.p.A.
2023-08-20 03:00:00,0.0,IT.CAED/100752001.FACILITY,Ahlstrom-Munksjö Italia S.p.A.
2023-08-20 04:00:00,0.0,IT.CAED/100752001.FACILITY,Ahlstrom-Munksjö Italia S.p.A.
2023-08-20 05:00:00,0.0,IT.CAED/100752001.FACILITY,Ahlstrom-Munksjö Italia S.p.A.
2023-08-20 06:00:00,0.0,IT.CAED/100752001.FACILITY,Ahlstrom-Munksjö Italia S.p.A.
2023-08-20 07:00:00,0.016329999999999997,IT.CAED/100752001.FACILITY,Ahlstrom-Munksjö Italia S.p.A.
2023-08-20 08:00:00,0.14721,IT.CAED/100752001.FACILITY,Ahlstrom-Munksjö Italia S.p.A.
2023-08-20 09:00:00,0.35795,IT.CAED/100752001.FACILITY,Ahlstrom-Munksjö Italia S.p.A.
2023-08-20 10:00:00,0.54845,IT.CAED/100752001.FACILITY,Ahlstrom-Munksjö Italia S.p.A.
2023-08-20 11:00:00,0.66867,IT.CAED/100752001.FACILITY,Ahlstrom-Munksjö Italia S.p.A.
2023-08-20 12:00:00,0.73222,IT.CAED/100752001.FACILITY,Ahlstrom-Munksjö Italia S.p.A.
2023-08-20 13:00:00,0.77188,IT.CAED/100752001.FACILITY,Ahlstrom-Munksjö Italia S.p.A.
2023-08-20 14:00:00,0.63395,IT.CAED/100752001.FACILITY,Ahlstrom-Munksjö Italia S.p.A.
2023-08-20 15:00:00,0.48483,IT.CAED/100752001.FACILITY,Ahlstrom-Munksjö Italia S.p.A.
2023-08-20 16:00:00,0.5124500000000001,IT.CAED/100752001.FACILITY,Ahlstrom-Munksjö Italia S.p.A.
2023-08-20 17:00:00,0.35506,IT.CAED/100752001.FACILITY,Ahlstrom-Munksjö Italia S.p.A.
2023-08-20 18:00:00,0.13578,IT.CAED/100752001.FACILITY,Ahlstrom-Munksjö Italia S.p.A.
2023-08-20 19:00:00,0.0145,IT.CAED/100752001.FACILITY,Ahlstrom-Munksjö Italia S.p.A.
2023-08-20 20:00:00,0.0,IT.CAED/100752001.FACILITY,Ahlstrom-Munksjö Italia S.p.A.
2023-08-20 21:00:00,0.0,IT.CAED/100752001.FACILITY,Ahlstrom-Munksjö Italia S.p.A.
2023-08-20 22:00:00,0.0,IT.CAED/100752001.FACILITY,Ahlstrom-Munksjö Italia S.p.A.
2023-08-20 23:00:00,0.0,IT.CAED/100752001.FACILITY,Ahlstrom-Munksjö Italia S.p.A.
2023-08-21 00:00:00,0.0,IT.CAED/100752001.FACILITY,Ahlstrom-Munksjö Italia S.p.A.
2023-08-21 01:00:00,0.0,IT.CAED/100752001.FACILITY,Ahlstrom-Munksjö Italia S.p.A.
2023-08-21 02:00:00,0.0,IT.CAED/100752001.FACILITY,Ahlstrom-Munksjö Italia S.p.A.
2023-08-21 03:00:00,0.0,IT.CAED/100752001.FACILITY,Ahlstrom-Munksjö Italia S.p.A.
2023-08-21 04:00:00,0.0,IT.CAED/100752001.FACILITY,Ahlstrom-Munksjö Italia S.p.A.
2023-08-21 05:00:00,0.0,IT.CAED/100752001.FACILITY,Ahlstrom-Munksjö Italia S.p.A.
2023-08-21 06:00:00,0.0,IT.CAED/100752001.FACILITY,Ahlstrom-Munksjö Italia S.p.A.
2023-08-21 07:00:00,0.015449999999999998,IT.CAED/100752001.FACILITY,Ahlstrom-Munksjö Italia S.p.A.
2023-08-21 08:00:00,0.14994,IT.CAED/100752001.FACILITY,Ahlstrom-Munksjö Italia S.p.A.
2023-08-21 09:00:00,0.36462,IT.CAED/100752001.FACILITY,Ahlstrom-Munksjö Italia S.p.A.
2023-08-21 10:00:00,0.55626,IT.CAED/100752001.FACILITY,Ahlstrom-Munksjö Italia S.p.A.
2023-08-21 11:00:00,0.69359,IT.CAED/100752001.FACILITY,Ahlstrom-Munksjö Italia S.p.A.
2023-08-21 12:00:00,0.77861,IT.CAED/100752001.FACILITY,Ahlstrom-Munksjö Italia S.p.A.
2023-08-21 13:00:00,0.7261799999999999,IT.CAED/100752001.FACILITY,Ahlstrom-Munksjö Italia S.p.A.
2023-08-21 14:00:00,0.68708,IT.CAED/100752001.FACILITY,Ahlstrom-Munksjö Italia S.p.A.
2023-08-21 15:00:00,0.64904,IT.CAED/100752001.FACILITY,Ahlstrom-Munksjö Italia S.p.A.
2023-08-21 16:00:00,0.43795999999999996,IT.CAED/100752001.FACILITY,Ahlstrom-Munksjö Italia S.p.A.
2023-08-21 17:00:00,0.31629,IT.CAED/100752001.FACILITY,Ahlstrom-Munksjö Italia S.p.A.
2023-08-21 18:00:00,0.14264,IT.CAED/100752001.FACILITY,Ahlstrom-Munksjö Italia S.p.A.
2023-08-21 19:00:00,0.01294,IT.CAED/100752001.FACILITY,Ahlstrom-Munksjö Italia S.p.A.
2023-08-21 20:00:00,0.0,IT.CAED/100752001.FACILITY,Ahlstrom-Munksjö Italia S.p.A.
2023-08-21 21:00:00,0.0,IT.CAED/100752001.FACILITY,Ahlstrom-Munksjö Italia S.p.A.
2023-08-21 22:00:00,0.0,IT.CAED/100752001.FACILITY,Ahlstrom-Munksjö Italia S.p.A.
2023-08-21 23:00:00,0.0,IT.CAED/100752001.FACILITY,Ahlstrom-Munksjö Italia S.p.A.
2023-08-22 00:00:00,0.0,IT.CAED/100752001.FACILITY,Ahlstrom-Munksjö Italia S.p.A.
2023-08-22 01:00:00,0.0,IT.CAED/100752001.FACILITY,Ahlstrom-Munksjö Italia S.p.A.
2023-08-22 02:00:00,0.0,IT.CAED/100752001.FACILITY,Ahlstrom-Munksjö Italia S.p.A.
2023-08-22 03:00:00,0.0,IT.CAED/100752001.FACILITY,Ahlstrom-Munksjö Italia S.p.A.
2023-08-22 04:00:00,0.0,IT.CAED/100752001.FACILITY,Ahlstrom-Munksjö Italia S.p.A.
2023-08-22 05:00:00,0.0,IT.CAED/100752001.FACILITY,Ahlstrom-Munksjö Italia S.p.A.
2023-08-22 06:00:00,0.0,IT.CAED/100752001.FACILITY,Ahlstrom-Munksjö Italia S.p.A.
2023-08-22 07:00:00,0.01632,IT.CAED/100752001.FACILITY,Ahlstrom-Munksjö Italia S.p.A.
2023-08-22 08:00:00,0.15063,IT.CAED/100752001.FACILITY,Ahlstrom-Munksjö Italia S.p.A.
2023-08-22 09:00:00,0.36868,IT.CAED/100752001.FACILITY,Ahlstrom-Munksjö Italia S.p.A.
2023-08-22 10:00:00,0.55635,IT.CAED/100752001.FACILITY,Ahlstrom-Munksjö Italia S.p.A.
2023-08-22 11:00:00,0.6907300000000001,IT.CAED/100752001.FACILITY,Ahlstrom-Munksjö Italia S.p.A.
2023-08-22 12:00:00,0.74375,IT.CAED/100752001.FACILITY,Ahlstrom-Munksjö Italia S.p.A.
2023-08-22 13:00:00,0.78266,IT.CAED/100752001.FACILITY,Ahlstrom-Munksjö Italia S.p.A.
2023-08-22 14:00:00,0.62812,IT.CAED/100752001.FACILITY,Ahlstrom-Munksjö Italia S.p.A.
2023-08-22 15:00:00,0.58266,IT.CAED/100752001.FACILITY,Ahlstrom-Munksjö Italia S.p.A.
2023-08-22 16:00:00,0.55223,IT.CAED/100752001.FACILITY,Ahlstrom-Munksjö Italia S.p.A.
2023-08-22 17:00:00,0.30425,IT.CAED/100752001.FACILITY,Ahlstrom-Munksjö Italia S.p.A.
2023-08-22 18:00:00,0.13481,IT.CAED/100752001.FACILITY,Ahlstrom-Munksjö Italia S.p.A.
2023-08-22 19:00:00,0.01348,IT.CAED/100752001.FACILITY,Ahlstrom-Munksjö Italia S.p.A.
2023-08-22 20:00:00,0.0,IT.CAED/100752001.FACILITY,Ahlstrom-Munksjö Italia S.p.A.
2023-08-22 21:00:00,0.0,IT.CAED/100752001.FACILITY,Ahlstrom-Munksjö Italia S.p.A.
2023-08-22 22:00:00,0.0,IT.CAED/100752001.FACILITY,Ahlstrom-Munksjö Italia S.p.A.
2023-08-22 23:00:00,0.0,IT.CAED/100752001.FACILITY,Ahlstrom-Munksjö Italia S.p.A.
2023-08-23 00:00:00,0.0,IT.CAED/100752001.FACILITY,Ahlstrom-Munksjö Italia S.p.A.
2023-08-23 01:00:00,0.0,IT.CAED/100752001.FACILITY,Ahlstrom-Munksjö Italia S.p.A.
2023-08-23 02:00:00,0.0,IT.CAED/100752001.FACILITY,Ahlstrom-Munksjö Italia S.p.A.
2023-08-23 03:00:00,0.0,IT.CAED/100752001.FACILITY,Ahlstrom-Munksjö Italia S.p.A.
2023-08-23 04:00:00,0.0,IT.CAED/100752001.FACILITY,Ahlstrom-Munksjö Italia S.p.A.
2023-08-23 05:00:00,0.0,IT.CAED/100752001.FACILITY,Ahlstrom-Munksjö Italia S.p.A.
2023-08-23 06:00:00,0.0,IT.CAED/100752001.FACILITY,Ahlstrom-Munksjö Italia S.p.A.
2023-08-23 07:00:00,0.014960000000000001,IT.CAED/100752001.FACILITY,Ahlstrom-Munksjö Italia S.p.A.
2023-08-23 08:00:00,0.1541,IT.CAED/100752001.FACILITY,Ahlstrom-Munksjö Italia S.p.A.
2023-08-23 09:00:00,0.37226,IT.CAED/100752001.FACILITY,Ahlstrom-Munksjö Italia S.p.A.
2023-08-23 10:00:00,0.5555399999999999,IT.CAED/100752001.FACILITY,Ahlstrom-Munksjö Italia S.p.A.
2023-08-23 11:00:00,0.69404,IT.CAED/100752001.FACILITY,Ahlstrom-Munksjö Italia S.p.A.
2023-08-23 12:00:00,0.76903,IT.CAED/100752001.FACILITY,Ahlstrom-Munksjö Italia S.p.A.
2023-08-23 13:00:00,0.7850199999999999,IT.CAED/100752001.FACILITY,Ahlstrom-Munksjö Italia S.p.A.
2023-08-23 14:00:00,0.6670900000000001,IT.CAED/100752001.FACILITY,Ahlstrom-Munksjö Italia S.p.A.
2023-08-23 15:00:00,0.63723,IT.CAED/100752001.FACILITY,Ahlstrom-Munksjö Italia S.p.A.
2023-08-23 16:00:00,0.48289,IT.CAED/100752001.FACILITY,Ahlstrom-Munksjö Italia S.p.A.
2023-08-23 17:00:00,0.34743,IT.CAED/100752001.FACILITY,Ahlstrom-Munksjö Italia S.p.A.
2023-08-23 18:00:00,0.1196,IT.CAED/100752001.FACILITY,Ahlstrom-Munksjö Italia S.p.A.
2023-08-23 19:00:00,0.01367,IT.CAED/100752001.FACILITY,Ahlstrom-Munksjö Italia S.p.A.
2023-08-23 20:00:00,0.0,IT.CAED/100752001.FACILITY,Ahlstrom-Munksjö Italia S.p.A.
2023-08-23 21:00:00,0.0,IT.CAED/100752001.FACILITY,Ahlstrom-Munksjö Italia S.p.A.
2023-08-23 22:00:00,0.0,IT.CAED/100752001.FACILITY,Ahlstrom-Munksjö Italia S.p.A.
2023-08-23 23:00:00,0.0,IT.CAED/100752001.FACILITY,Ahlstrom-Munksjö Italia S.p.A.
2023-08-24 00:00:00,0.0,IT.CAED/100752001.FACILITY,Ahlstrom-Munksjö Italia S.p.A.
2023-08-24 01:00:00,0.0,IT.CAED/100752001.FACILITY,Ahlstrom-Munksjö Italia S.p.A.
2023-08-24 02:00:00,0.0,IT.CAED/100752001.FACILITY,Ahlstrom-Munksjö Italia S.p.A.
2023-08-24 03:00:00,0.0,IT.CAED/100752001.FACILITY,Ahlstrom-Munksjö Italia S.p.A.
2023-08-24 04:00:00,0.0,IT.CAED/100752001.FACILITY,Ahlstrom-Munksjö Italia S.p.A.
2023-08-24 05:00:00,0.0,IT.CAED/100752001.FACILITY,Ahlstrom-Munksjö Italia S.p.A.
2023-08-24 06:00:00,0.0,IT.CAED/100752001.FACILITY,Ahlstrom-Munksjö Italia S.p.A.
2023-08-24 07:00:00,0.018269999999999998,IT.CAED/100752001.FACILITY,Ahlstrom-Munksjö Italia S.p.A.
2023-08-24 08:00:00,0.14919,IT.CAED/100752001.FACILITY,Ahlstrom-Munksjö Italia S.p.A.
2023-08-24 09:00:00,0.37893,IT.CAED/100752001.FACILITY,Ahlstrom-Munksjö Italia S.p.A.
2023-08-24 10:00:00,0.56724,IT.CAED/100752001.FACILITY,Ahlstrom-Munksjö Italia S.p.A.
2023-08-24 11:00:00,0.70375,IT.CAED/100752001.FACILITY,Ahlstrom-Munksjö Italia S.p.A.
2023-08-24 12:00:00,0.7382000000000001,IT.CAED/100752001.FACILITY,Ahlstrom-Munksjö Italia S.p.A.
2023-08-24 13:00:00,0.7847799999999999,IT.CAED/100752001.FACILITY,Ahlstrom-Munksjö Italia S.p.A.
2023-08-24 14:00:00,0.7337899999999999,IT.CAED/100752001.FACILITY,Ahlstrom-Munksjö Italia S.p.A.
2023-08-24 15:00:00,0.6426000000000001,IT.CAED/100752001.FACILITY,Ahlstrom-Munksjö Italia S.p.A.
2023-08-24 16:00:00,0.38849,IT.CAED/100752001.FACILITY,Ahlstrom-Munksjö Italia S.p.A.
2023-08-24 17:00:00,0.22175,IT.CAED/100752001.FACILITY,Ahlstrom-Munksjö Italia S.p.A.
2023-08-24 18:00:00,0.09636,IT.CAED/100752001.FACILITY,Ahlstrom-Munksjö Italia S.p.A.
2023-08-24 19:00:00,0.01878,IT.CAED/100752001.FACILITY,Ahlstrom-Munksjö Italia S.p.A.
2023-08-24 20:00:00,0.0,IT.CAED/100752001.FACILITY,Ahlstrom-Munksjö Italia S.p.A.
2023-08-24 21:00:00,0.0,IT.CAED/100752001.FACILITY,Ahlstrom-Munksjö Italia S.p.A.
2023-08-24 22:00:00,0.0,IT.CAED/100752001.FACILITY,Ahlstrom-Munksjö Italia S.p.A.
2023-08-24 23:00:00,0.0,IT.CAED/100752001.FACILITY,Ahlstrom-Munksjö Italia S.p.A.
2023-08-25 00:00:00,0.0,IT.CAED/100752001.FACILITY,Ahlstrom-Munksjö Italia S.p.A.
2023-08-25 01:00:00,0.0,IT.CAED/100752001.FACILITY,Ahlstrom-Munksjö Italia S.p.A.
2023-08-25 02:00:00,0.0,IT.CAED/100752001.FACILITY,Ahlstrom-Munksjö Italia S.p.A.
2023-08-25 03:00:00,0.0,IT.CAED/100752001.FACILITY,Ahlstrom-Munksjö Italia S.p.A.
2023-08-25 04:00:00,0.0,IT.CAED/100752001.FACILITY,Ahlstrom-Munksjö Italia S.p.A.
2023-08-25 05:00:00,0.0,IT.CAED/100752001.FACILITY,Ahlstrom-Munksjö Italia S.p.A.
2023-08-25 06:00:00,0.0,IT.CAED/100752001.FACILITY,Ahlstrom-Munksjö Italia S.p.A.
2023-08-25 07:00:00,0.01367,IT.CAED/100752001.FACILITY,Ahlstrom-Munksjö Italia S.p.A.
2023-08-25 08:00:00,0.13183,IT.CAED/100752001.FACILITY,Ahlstrom-Munksjö Italia S.p.A.
2023-08-25 09:00:00,0.31851,IT.CAED/100752001.FACILITY,Ahlstrom-Munksjö Italia S.p.A.
2023-08-25 10:00:00,0.50893,IT.CAED/100752001.FACILITY,Ahlstrom-Munksjö Italia S.p.A.
2023-08-25 11:00:00,0.60565,IT.CAED/100752001.FACILITY,Ahlstrom-Munksjö Italia S.p.A.
2023-08-25 12:00:00,0.72294,IT.CAED/100752001.FACILITY,Ahlstrom-Munksjö Italia S.p.A.
2023-08-25 13:00:00,0.65116,IT.CAED/100752001.FACILITY,Ahlstrom-Munksjö Italia S.p.A.
2023-08-25 14:00:00,0.66171,IT.CAED/100752001.FACILITY,Ahlstrom-Munksjö Italia S.p.A.
2023-08-25 15:00:00,0.46456000000000003,IT.CAED/100752001.FACILITY,Ahlstrom-Munksjö Italia S.p.A.
2023-08-25 16:00:00,0.41717000000000004,IT.CAED/100752001.FACILITY,Ahlstrom-Munksjö Italia S.p.A.
2023-08-25 17:00:00,0.21373,IT.CAED/100752001.FACILITY,Ahlstrom-Munksjö Italia S.p.A.
2023-08-25 18:00:00,0.08936,IT.CAED/100752001.FACILITY,Ahlstrom-Munksjö Italia S.p.A.
2023-08-25 19:00:00,0.01086,IT.CAED/100752001.FACILITY,Ahlstrom-Munksjö Italia S.p.A.
2023-08-25 20:00:00,0.0,IT.CAED/100752001.FACILITY,Ahlstrom-Munksjö Italia S.p.A.
2023-08-25 21:00:00,0.0,IT.CAED/100752001.FACILITY,Ahlstrom-Munksjö Italia S.p.A.
2023-08-25 22:00:00,0.0,IT.CAED/100752001.FACILITY,Ahlstrom-Munksjö Italia S.p.A.
2023-08-25 23:00:00,0.0,IT.CAED/100752001.FACILITY,Ahlstrom-Munksjö Italia S.p.A.
2023-08-26 00:00:00,0.0,IT.CAED/100752001.FACILITY,Ahlstrom-Munksjö Italia S.p.A.
2023-08-26 01:00:00,0.0,IT.CAED/100752001.FACILITY,Ahlstrom-Munksjö Italia S.p.A.
2023-08-26 02:00:00,0.0,IT.CAED/100752001.FACILITY,Ahlstrom-Munksjö Italia S.p.A.
2023-08-26 03:00:00,0.0,IT.CAED/100752001.FACILITY,Ahlstrom-Munksjö Italia S.p.A.
2023-08-26 04:00:00,0.0,IT.CAED/100752001.FACILITY,Ahlstrom-Munksjö Italia S.p.A.
2023-08-26 05:00:00,0.0,IT.CAED/100752001.FACILITY,Ahlstrom-Munksjö Italia S.p.A.
2023-08-26 06:00:00,0.0,IT.CAED/100752001.FACILITY,Ahlstrom-Munksjö Italia S.p.A.
2023-08-26 07:00:00,0.01211,IT.CAED/100752001.FACILITY,Ahlstrom-Munksjö Italia S.p.A.
2023-08-26 08:00:00,0.05288,IT.CAED/100752001.FACILITY,Ahlstrom-Munksjö Italia S.p.A.
2023-08-26 09:00:00,0.12638,IT.CAED/100752001.FACILITY,Ahlstrom-Munksjö Italia S.p.A.
2023-08-26 10:00:00,0.25227,IT.CAED/100752001.FACILITY,Ahlstrom-Munksjö Italia S.p.A.
2023-08-26 11:00:00,0.19163999999999998,IT.CAED/100752001.FACILITY,Ahlstrom-Munksjö Italia S.p.A.
2023-08-26 12:00:00,0.33754,IT.CAED/100752001.FACILITY,Ahlstrom-Munksjö Italia S.p.A.
2023-08-26 13:00:00,0.28979000000000005,IT.CAED/100752001.FACILITY,Ahlstrom-Munksjö Italia S.p.A.
2023-08-26 14:00:00,0.20826,IT.CAED/100752001.FACILITY,Ahlstrom-Munksjö Italia S.p.A.
2023-08-26 15:00:00,0.18122,IT.CAED/100752001.FACILITY,Ahlstrom-Munksjö Italia S.p.A.
2023-08-26 16:00:00,0.15166,IT.CAED/100752001.FACILITY,Ahlstrom-Munksjö Italia S.p.A.
2023-08-26 17:00:00,0.17836000000000002,IT.CAED/100752001.FACILITY,Ahlstrom-Munksjö Italia S.p.A.
2023-08-26 18:00:00,0.09673000000000001,IT.CAED/100752001.FACILITY,Ahlstrom-Munksjö Italia S.p.A.
2023-08-26 19:00:00,0.01572,IT.CAED/100752001.FACILITY,Ahlstrom-Munksjö Italia S.p.A.
2023-08-26 20:00:00,0.0,IT.CAED/100752001.FACILITY,Ahlstrom-Munksjö Italia S.p.A.
2023-08-26 21:00:00,0.0,IT.CAED/100752001.FACILITY,Ahlstrom-Munksjö Italia S.p.A.
2023-08-26 22:00:00,0.0,IT.CAED/100752001.FACILITY,Ahlstrom-Munksjö Italia S.p.A.
2023-08-26 23:00:00,0.0,IT.CAED/100752001.FACILITY,Ahlstrom-Munksjö Italia S.p.A.
2023-08-27 00:00:00,0.0,IT.CAED/100752001.FACILITY,Ahlstrom-Munksjö Italia S.p.A.
2023-08-27 01:00:00,0.0,IT.CAED/100752001.FACILITY,Ahlstrom-Munksjö Italia S.p.A.
2023-08-27 02:00:00,0.0,IT.CAED/100752001.FACILITY,Ahlstrom-Munksjö Italia S.p.A.
2023-08-27 03:00:00,0.0,IT.CAED/100752001.FACILITY,Ahlstrom-Munksjö Italia S.p.A.
2023-08-27 04:00:00,0.0,IT.CAED/100752001.FACILITY,Ahlstrom-Munksjö Italia S.p.A.
2023-08-27 05:00:00,0.0,IT.CAED/100752001.FACILITY,Ahlstrom-Munksjö Italia S.p.A.
2023-08-27 06:00:00,0.0,IT.CAED/100752001.FACILITY,Ahlstrom-Munksjö Italia S.p.A.
2023-08-27 07:00:00,0.004849999999999999,IT.CAED/100752001.FACILITY,Ahlstrom-Munksjö Italia S.p.A.
2023-08-27 08:00:00,0.01755,IT.CAED/100752001.FACILITY,Ahlstrom-Munksjö Italia S.p.A.
2023-08-27 09:00:00,0.05147,IT.CAED/100752001.FACILITY,Ahlstrom-Munksjö Italia S.p.A.
2023-08-27 10:00:00,0.04795,IT.CAED/100752001.FACILITY,Ahlstrom-Munksjö Italia S.p.A.
2023-08-27 11:00:00,0.033479999999999996,IT.CAED/100752001.FACILITY,Ahlstrom-Munksjö Italia S.p.A.
2023-08-27 12:00:00,0.0875,IT.CAED/100752001.FACILITY,Ahlstrom-Munksjö Italia S.p.A.
2023-08-27 13:00:00,0.25109,IT.CAED/100752001.FACILITY,Ahlstrom-Munksjö Italia S.p.A.
2023-08-27 14:00:00,0.43627,IT.CAED/100752001.FACILITY,Ahlstrom-Munksjö Italia S.p.A.
2023-08-27 15:00:00,0.24064,IT.CAED/100752001.FACILITY,Ahlstrom-Munksjö Italia S.p.A.
2023-08-27 16:00:00,0.15172,IT.CAED/100752001.FACILITY,Ahlstrom-Munksjö Italia S.p.A.
2023-08-27 17:00:00,0.05675,IT.CAED/100752001.FACILITY,Ahlstrom-Munksjö Italia S.p.A.
2023-08-27 18:00:00,0.01907,IT.CAED/100752001.FACILITY,Ahlstrom-Munksjö Italia S.p.A.
2023-08-27 19:00:00,0.0029,IT.CAED/100752001.FACILITY,Ahlstrom-Munksjö Italia S.p.A.
2023-08-27 20:00:00,0.0,IT.CAED/100752001.FACILITY,Ahlstrom-Munksjö Italia S.p.A.
2023-08-27 21:00:00,0.0,IT.CAED/100752001.FACILITY,Ahlstrom-Munksjö Italia S.p.A.
2023-08-27 22:00:00,0.0,IT.CAED/100752001.FACILITY,Ahlstrom-Munksjö Italia S.p.A.
2023-08-27 23:00:00,0.0,IT.CAED/100752001.FACILITY,Ahlstrom-Munksjö Italia S.p.A.
2023-08-28 00:00:00,0.0,IT.CAED/100752001.FACILITY,Ahlstrom-Munksjö Italia S.p.A.
2023-08-28 01:00:00,0.0,IT.CAED/100752001.FACILITY,Ahlstrom-Munksjö Italia S.p.A.
2023-08-28 02:00:00,0.0,IT.CAED/100752001.FACILITY,Ahlstrom-Munksjö Italia S.p.A.
2023-08-28 03:00:00,0.0,IT.CAED/100752001.FACILITY,Ahlstrom-Munksjö Italia S.p.A.
2023-08-28 04:00:00,0.0,IT.CAED/100752001.FACILITY,Ahlstrom-Munksjö Italia S.p.A.
2023-08-28 05:00:00,0.0,IT.CAED/100752001.FACILITY,Ahlstrom-Munksjö Italia S.p.A.
2023-08-28 06:00:00,0.0,IT.CAED/100752001.FACILITY,Ahlstrom-Munksjö Italia S.p.A.
2023-08-28 07:00:00,0.00677,IT.CAED/100752001.FACILITY,Ahlstrom-Munksjö Italia S.p.A.
2023-08-28 08:00:00,0.02382,IT.CAED/100752001.FACILITY,Ahlstrom-Munksjö Italia S.p.A.
2023-08-28 09:00:00,0.06543,IT.CAED/100752001.FACILITY,Ahlstrom-Munksjö Italia S.p.A.
2023-08-28 10:00:00,0.11903,IT.CAED/100752001.FACILITY,Ahlstrom-Munksjö Italia S.p.A.
2023-08-28 11:00:00,0.20296,IT.CAED/100752001.FACILITY,Ahlstrom-Munksjö Italia S.p.A.
2023-08-28 12:00:00,0.35994,IT.CAED/100752001.FACILITY,Ahlstrom-Munksjö Italia S.p.A.
2023-08-28 13:00:00,0.28847,IT.CAED/100752001.FACILITY,Ahlstrom-Munksjö Italia S.p.A.
2023-08-28 14:00:00,0.26838,IT.CAED/100752001.FACILITY,Ahlstrom-Munksjö Italia S.p.A.
2023-08-28 15:00:00,0.30012,IT.CAED/100752001.FACILITY,Ahlstrom-Munksjö Italia S.p.A.
2023-08-28 16:00:00,0.26458,IT.CAED/100752001.FACILITY,Ahlstrom-Munksjö Italia S.p.A.
2023-08-28 17:00:00,0.1178,IT.CAED/100752001.FACILITY,Ahlstrom-Munksjö Italia S.p.A.
2023-08-28 18:00:00,0.06384000000000001,IT.CAED/100752001.FACILITY,Ahlstrom-Munksjö Italia S.p.A.
2023-08-28 19:00:00,0.0103,IT.CAED/100752001.FACILITY,Ahlstrom-Munksjö Italia S.p.A.
2023-08-28 20:00:00,0.0,IT.CAED/100752001.FACILITY,Ahlstrom-Munksjö Italia S.p.A.
2023-08-28 21:00:00,0.0,IT.CAED/100752001.FACILITY,Ahlstrom-Munksjö Italia S.p.A.
2023-08-28 22:00:00,0.0,IT.CAED/100752001.FACILITY,Ahlstrom-Munksjö Italia S.p.A.
2023-08-28 23:00:00,0.0,IT.CAED/100752001.FACILITY,Ahlstrom-Munksjö Italia S.p.A.
2023-08-29 00:00:00,0.0,IT.CAED/100752001.FACILITY,Ahlstrom-Munksjö Italia S.p.A.
2023-08-29 01:00:00,0.0,IT.CAED/100752001.FACILITY,Ahlstrom-Munksjö Italia S.p.A.
2023-08-29 02:00:00,0.0,IT.CAED/100752001.FACILITY,Ahlstrom-Munksjö Italia S.p.A.
2023-08-29 03:00:00,0.0,IT.CAED/100752001.FACILITY,Ahlstrom-Munksjö Italia S.p.A.
2023-08-29 04:00:00,0.0,IT.CAED/100752001.FACILITY,Ahlstrom-Munksjö Italia S.p.A.
2023-08-29 05:00:00,0.0,IT.CAED/100752001.FACILITY,Ahlstrom-Munksjö Italia S.p.A.
2023-08-29 06:00:00,0.0,IT.CAED/100752001.FACILITY,Ahlstrom-Munksjö Italia S.p.A.
2023-08-29 07:00:00,0.00869,IT.CAED/100752001.FACILITY,Ahlstrom-Munksjö Italia S.p.A.
2023-08-29 08:00:00,0.12796,IT.CAED/100752001.FACILITY,Ahlstrom-Munksjö Italia S.p.A.
2023-08-29 09:00:00,0.2907,IT.CAED/100752001.FACILITY,Ahlstrom-Munksjö Italia S.p.A.
2023-08-29 10:00:00,0.44165,IT.CAED/100752001.FACILITY,Ahlstrom-Munksjö Italia S.p.A.
2023-08-29 11:00:00,0.74227,IT.CAED/100752001.FACILITY,Ahlstrom-Munksjö Italia S.p.A.
2023-08-29 12:00:00,0.8635499999999999,IT.CAED/100752001.FACILITY,Ahlstrom-Munksjö Italia S.p.A.
2023-08-29 13:00:00,0.8676699999999999,IT.CAED/100752001.FACILITY,Ahlstrom-Munksjö Italia S.p.A.
2023-08-29 14:00:00,0.8364299999999999,IT.CAED/100752001.FACILITY,Ahlstrom-Munksjö Italia S.p.A.
2023-08-29 15:00:00,0.72048,IT.CAED/100752001.FACILITY,Ahlstrom-Munksjö Italia S.p.A.
2023-08-29 16:00:00,0.59854,IT.CAED/100752001.FACILITY,Ahlstrom-Munksjö Italia S.p.A.
2023-08-29 17:00:00,0.38743,IT.CAED/100752001.FACILITY,Ahlstrom-Munksjö Italia S.p.A.
2023-08-29 18:00:00,0.15631,IT.CAED/100752001.FACILITY,Ahlstrom-Munksjö Italia S.p.A.
2023-08-29 19:00:00,0.01262,IT.CAED/100752001.FACILITY,Ahlstrom-Munksjö Italia S.p.A.
2023-08-29 20:00:00,0.0,IT.CAED/100752001.FACILITY,Ahlstrom-Munksjö Italia S.p.A.
2023-08-29 21:00:00,0.0,IT.CAED/100752001.FACILITY,Ahlstrom-Munksjö Italia S.p.A.
2023-08-29 22:00:00,0.0,IT.CAED/100752001.FACILITY,Ahlstrom-Munksjö Italia S.p.A.
2023-08-29 23:00:00,0.0,IT.CAED/100752001.FACILITY,Ahlstrom-Munksjö Italia S.p.A.
2023-08-30 00:00:00,0.0,IT.CAED/100752001.FACILITY,Ahlstrom-Munksjö Italia S.p.A.
2023-08-30 01:00:00,0.0,IT.CAED/100752001.FACILITY,Ahlstrom-Munksjö Italia S.p.A.
2023-08-30 02:00:00,0.0,IT.CAED/100752001.FACILITY,Ahlstrom-Munksjö Italia S.p.A.
2023-08-30 03:00:00,0.0,IT.CAED/100752001.FACILITY,Ahlstrom-Munksjö Italia S.p.A.
2023-08-30 04:00:00,0.0,IT.CAED/100752001.FACILITY,Ahlstrom-Munksjö Italia S.p.A.
2023-08-30 05:00:00,0.0,IT.CAED/100752001.FACILITY,Ahlstrom-Munksjö Italia S.p.A.
2023-08-30 06:00:00,0.0,IT.CAED/100752001.FACILITY,Ahlstrom-Munksjö Italia S.p.A.
2023-08-30 07:00:00,0.01233,IT.CAED/100752001.FACILITY,Ahlstrom-Munksjö Italia S.p.A.
2023-08-30 08:00:00,0.16291999999999998,IT.CAED/100752001.FACILITY,Ahlstrom-Munksjö Italia S.p.A.
2023-08-30 09:00:00,0.41262,IT.CAED/100752001.FACILITY,Ahlstrom-Munksjö Italia S.p.A.
2023-08-30 10:00:00,0.60673,IT.CAED/100752001.FACILITY,Ahlstrom-Munksjö Italia S.p.A.
2023-08-30 11:00:00,0.75748,IT.CAED/100752001.FACILITY,Ahlstrom-Munksjö Italia S.p.A.
2023-08-30 12:00:00,0.84563,IT.CAED/100752001.FACILITY,Ahlstrom-Munksjö Italia S.p.A.
2023-08-30 13:00:00,0.8732000000000001,IT.CAED/100752001.FACILITY,Ahlstrom-Munksjö Italia S.p.A.
2023-08-30 14:00:00,0.7360800000000001,IT.CAED/100752001.FACILITY,Ahlstrom-Munksjö Italia S.p.A.
2023-08-30 15:00:00,0.57784,IT.CAED/100752001.FACILITY,Ahlstrom-Munksjö Italia S.p.A.
2023-08-30 16:00:00,0.42655,IT.CAED/100752001.FACILITY,Ahlstrom-Munksjö Italia S.p.A.
2023-08-30 17:00:00,0.34532999999999997,IT.CAED/100752001.FACILITY,Ahlstrom-Munksjö Italia S.p.A.
2023-08-30 18:00:00,0.16335,IT.CAED/100752001.FACILITY,Ahlstrom-Munksjö Italia S.p.A.
2023-08-30 19:00:00,0.01143,IT.CAED/100752001.FACILITY,Ahlstrom-Munksjö Italia S.p.A.
2023-08-30 20:00:00,0.0,IT.CAED/100752001.FACILITY,Ahlstrom-Munksjö Italia S.p.A.
2023-08-30 21:00:00,0.0,IT.CAED/100752001.FACILITY,Ahlstrom-Munksjö Italia S.p.A.
2023-08-30 22:00:00,0.0,IT.CAED/100752001.FACILITY,Ahlstrom-Munksjö Italia S.p.A.
2023-08-30 23:00:00,0.0,IT.CAED/100752001.FACILITY,Ahlstrom-Munksjö Italia S.p.A.
2023-08-31 00:00:00,0.0,IT.CAED/100752001.FACILITY,Ahlstrom-Munksjö Italia S.p.A.
2023-08-31 01:00:00,0.0,IT.CAED/100752001.FACILITY,Ahlstrom-Munksjö Italia S.p.A.
2023-08-31 02:00:00,0.0,IT.CAED/100752001.FACILITY,Ahlstrom-Munksjö Italia S.p.A.
2023-08-31 03:00:00,0.0,IT.CAED/100752001.FACILITY,Ahlstrom-Munksjö Italia S.p.A.
2023-08-31 04:00:00,0.0,IT.CAED/100752001.FACILITY,Ahlstrom-Munksjö Italia S.p.A.
2023-08-31 05:00:00,0.0,IT.CAED/100752001.FACILITY,Ahlstrom-Munksjö Italia S.p.A.
2023-08-31 06:00:00,0.0,IT.CAED/100752001.FACILITY,Ahlstrom-Munksjö Italia S.p.A.
2023-08-31 07:00:00,0.01967,IT.CAED/100752001.FACILITY,Ahlstrom-Munksjö Italia S.p.A.
2023-08-31 08:00:00,0.12295,IT.CAED/100752001.FACILITY,Ahlstrom-Munksjö Italia S.p.A.
2023-08-31 09:00:00,0.37391,IT.CAED/100752001.FACILITY,Ahlstrom-Munksjö Italia S.p.A.
2023-08-31 10:00:00,0.58225,IT.CAED/100752001.FACILITY,Ahlstrom-Munksjö Italia S.p.A.
2023-08-31 11:00:00,0.70092,IT.CAED/100752001.FACILITY,Ahlstrom-Munksjö Italia S.p.A.
2023-08-31 12:00:00,0.80559,IT.CAED/100752001.FACILITY,Ahlstrom-Munksjö Italia S.p.A.
2023-08-31 13:00:00,0.73149,IT.CAED/100752001.FACILITY,Ahlstrom-Munksjö Italia S.p.A.
2023-08-31 14:00:00,0.62225,IT.CAED/100752001.FACILITY,Ahlstrom-Munksjö Italia S.p.A.
2023-08-31 15:00:00,0.55961,IT.CAED/100752001.FACILITY,Ahlstrom-Munksjö Italia S.p.A.
2023-08-31 16:00:00,0.41804,IT.CAED/100752001.FACILITY,Ahlstrom-Munksjö Italia S.p.A.
2023-08-31 17:00:00,0.30041,IT.CAED/100752001.FACILITY,Ahlstrom-Munksjö Italia S.p.A.
2023-08-31 18:00:00,0.12239,IT.CAED/100752001.FACILITY,Ahlstrom-Munksjö Italia S.p.A.
2023-08-31 19:00:00,0.008919999999999999,IT.CAED/100752001.FACILITY,Ahlstrom-Munksjö Italia S.p.A.
2023-08-31 20:00:00,0.0,IT.CAED/100752001.FACILITY,Ahlstrom-Munksjö Italia S.p.A.
2023-08-31 21:00:00,0.0,IT.CAED/100752001.FACILITY,Ahlstrom-Munksjö Italia S.p.A.
2023-08-31 22:00:00,0.0,IT.CAED/100752001.FACILITY,Ahlstrom-Munksjö Italia S.p.A.
2023-08-31 23:00:00,0.0,IT.CAED/100752001.FACILITY,Ahlstrom-Munksjö Italia S.p.A.
2023-09-01 00:00:00,0.0,IT.CAED/100752001.FACILITY,Ahlstrom-Munksjö Italia S.p.A.
2023-09-01 01:00:00,0.0,IT.CAED/100752001.FACILITY,Ahlstrom-Munksjö Italia S.p.A.
2023-09-01 02:00:00,0.0,IT.CAED/100752001.FACILITY,Ahlstrom-Munksjö Italia S.p.A.
2023-09-01 03:00:00,0.0,IT.CAED/100752001.FACILITY,Ahlstrom-Munksjö Italia S.p.A.
2023-09-01 04:00:00,0.0,IT.CAED/100752001.FACILITY,Ahlstrom-Munksjö Italia S.p.A.
2023-09-01 05:00:00,0.0,IT.CAED/100752001.FACILITY,Ahlstrom-Munksjö Italia S.p.A.
2023-09-01 06:00:00,0.0,IT.CAED/100752001.FACILITY,Ahlstrom-Munksjö Italia S.p.A.
2023-09-01 07:00:00,0.00905,IT.CAED/100752001.FACILITY,Ahlstrom-Munksjö Italia S.p.A.
2023-09-01 08:00:00,0.13978,IT.CAED/100752001.FACILITY,Ahlstrom-Munksjö Italia S.p.A.
2023-09-01 09:00:00,0.35497,IT.CAED/100752001.FACILITY,Ahlstrom-Munksjö Italia S.p.A.
2023-09-01 10:00:00,0.51289,IT.CAED/100752001.FACILITY,Ahlstrom-Munksjö Italia S.p.A.
2023-09-01 11:00:00,0.6524800000000001,IT.CAED/100752001.FACILITY,Ahlstrom-Munksjö Italia S.p.A.
2023-09-01 12:00:00,0.7404700000000001,IT.CAED/100752001.FACILITY,Ahlstrom-Munksjö Italia S.p.A.
2023-09-01 13:00:00,0.59062,IT.CAED/100752001.FACILITY,Ahlstrom-Munksjö Italia S.p.A.
2023-09-01 14:00:00,0.49781,IT.CAED/100752001.FACILITY,Ahlstrom-Munksjö Italia S.p.A.
2023-09-01 15:00:00,0.26502,IT.CAED/100752001.FACILITY,Ahlstrom-Munksjö Italia S.p.A.
2023-09-01 16:00:00,0.19699,IT.CAED/100752001.FACILITY,Ahlstrom-Munksjö Italia S.p.A.
2023-09-01 17:00:00,0.20745,IT.CAED/100752001.FACILITY,Ahlstrom-Munksjö Italia S.p.A.
2023-09-01 18:00:00,0.07088,IT.CAED/100752001.FACILITY,Ahlstrom-Munksjö Italia S.p.A.
2023-09-01 19:00:00,0.0059900000000000005,IT.CAED/100752001.FACILITY,Ahlstrom-Munksjö Italia S.p.A.
2023-09-01 20:00:00,0.0,IT.CAED/100752001.FACILITY,Ahlstrom-Munksjö Italia S.p.A.
2023-09-01 21:00:00,0.0,IT.CAED/100752001.FACILITY,Ahlstrom-Munksjö Italia S.p.A.
2023-09-01 22:00:00,0.0,IT.CAED/100752001.FACILITY,Ahlstrom-Munksjö Italia S.p.A.
2023-09-01 23:00:00,0.0,IT.CAED/100752001.FACILITY,Ahlstrom-Munksjö Italia S.p.A.
2023-09-02 00:00:00,0.0,IT.CAED/100752001.FACILITY,Ahlstrom-Munksjö Italia S.p.A.
2023-09-02 01:00:00,0.0,IT.CAED/100752001.FACILITY,Ahlstrom-Munksjö Italia S.p.A.
2023-09-02 02:00:00,0.0,IT.CAED/100752001.FACILITY,Ahlstrom-Munksjö Italia S.p.A.
2023-09-02 03:00:00,0.0,IT.CAED/100752001.FACILITY,Ahlstrom-Munksjö Italia S.p.A.
2023-09-02 04:00:00,0.0,IT.CAED/100752001.FACILITY,Ahlstrom-Munksjö Italia S.p.A.
2023-09-02 05:00:00,0.0,IT.CAED/100752001.FACILITY,Ahlstrom-Munksjö Italia S.p.A.
2023-09-02 06:00:00,0.0,IT.CAED/100752001.FACILITY,Ahlstrom-Munksjö Italia S.p.A.
2023-09-02 07:00:00,0.00337,IT.CAED/100752001.FACILITY,Ahlstrom-Munksjö Italia S.p.A.
2023-09-02 08:00:00,0.07429000000000001,IT.CAED/100752001.FACILITY,Ahlstrom-Munksjö Italia S.p.A.
2023-09-02 09:00:00,0.12273,IT.CAED/100752001.FACILITY,Ahlstrom-Munksjö Italia S.p.A.
2023-09-02 10:00:00,0.31491,IT.CAED/100752001.FACILITY,Ahlstrom-Munksjö Italia S.p.A.
2023-09-02 11:00:00,0.50247,IT.CAED/100752001.FACILITY,Ahlstrom-Munksjö Italia S.p.A.
2023-09-02 12:00:00,0.52464,IT.CAED/100752001.FACILITY,Ahlstrom-Munksjö Italia S.p.A.
2023-09-02 13:00:00,0.60133,IT.CAED/100752001.FACILITY,Ahlstrom-Munksjö Italia S.p.A.
2023-09-02 14:00:00,0.65196,IT.CAED/100752001.FACILITY,Ahlstrom-Munksjö Italia S.p.A.
2023-09-02 15:00:00,0.5136799999999999,IT.CAED/100752001.FACILITY,Ahlstrom-Munksjö Italia S.p.A.
2023-09-02 16:00:00,0.48325,IT.CAED/100752001.FACILITY,Ahlstrom-Munksjö Italia S.p.A.
2023-09-02 17:00:00,0.31118,IT.CAED/100752001.FACILITY,Ahlstrom-Munksjö Italia S.p.A.
2023-09-02 18:00:00,0.10828,IT.CAED/100752001.FACILITY,Ahlstrom-Munksjö Italia S.p.A.
2023-09-02 19:00:00,0.00724,IT.CAED/100752001.FACILITY,Ahlstrom-Munksjö Italia S.p.A.
2023-09-02 20:00:00,0.0,IT.CAED/100752001.FACILITY,Ahlstrom-Munksjö Italia S.p.A.
2023-09-02 21:00:00,0.0,IT.CAED/100752001.FACILITY,Ahlstrom-Munksjö Italia S.p.A.
2023-09-02 22:00:00,0.0,IT.CAED/100752001.FACILITY,Ahlstrom-Munksjö Italia S.p.A.
2023-09-02 23:00:00,0.0,IT.CAED/100752001.FACILITY,Ahlstrom-Munksjö Italia S.p.A.
2023-09-03 00:00:00,0.0,IT.CAED/100752001.FACILITY,Ahlstrom-Munksjö Italia S.p.A.
2023-09-03 01:00:00,0.0,IT.CAED/100752001.FACILITY,Ahlstrom-Munksjö Italia S.p.A.
2023-09-03 02:00:00,0.0,IT.CAED/100752001.FACILITY,Ahlstrom-Munksjö Italia S.p.A.
2023-09-03 03:00:00,0.0,IT.CAED/100752001.FACILITY,Ahlstrom-Munksjö Italia S.p.A.
2023-09-03 04:00:00,0.0,IT.CAED/100752001.FACILITY,Ahlstrom-Munksjö Italia S.p.A.
2023-09-03 05:00:00,0.0,IT.CAED/100752001.FACILITY,Ahlstrom-Munksjö Italia S.p.A.
2023-09-03 06:00:00,0.0,IT.CAED/100752001.FACILITY,Ahlstrom-Munksjö Italia S.p.A.
2023-09-03 07:00:00,0.009980000000000001,IT.CAED/100752001.FACILITY,Ahlstrom-Munksjö Italia S.p.A.
2023-09-03 08:00:00,0.14477,IT.CAED/100752001.FACILITY,Ahlstrom-Munksjö Italia S.p.A.
2023-09-03 09:00:00,0.3941,IT.CAED/100752001.FACILITY,Ahlstrom-Munksjö Italia S.p.A.
2023-09-03 10:00:00,0.53403,IT.CAED/100752001.FACILITY,Ahlstrom-Munksjö Italia S.p.A.
2023-09-03 11:00:00,0.69521,IT.CAED/100752001.FACILITY,Ahlstrom-Munksjö Italia S.p.A.
2023-09-03 12:00:00,0.80701,IT.CAED/100752001.FACILITY,Ahlstrom-Munksjö Italia S.p.A.
2023-09-03 13:00:00,0.84074,IT.CAED/100752001.FACILITY,Ahlstrom-Munksjö Italia S.p.A.
2023-09-03 14:00:00,0.80243,IT.CAED/100752001.FACILITY,Ahlstrom-Munksjö Italia S.p.A.
2023-09-03 15:00:00,0.72024,IT.CAED/100752001.FACILITY,Ahlstrom-Munksjö Italia S.p.A.
2023-09-03 16:00:00,0.567,IT.CAED/100752001.FACILITY,Ahlstrom-Munksjö Italia S.p.A.
2023-09-03 17:00:00,0.36769999999999997,IT.CAED/100752001.FACILITY,Ahlstrom-Munksjö Italia S.p.A.
2023-09-03 18:00:00,0.14128,IT.CAED/100752001.FACILITY,Ahlstrom-Munksjö Italia S.p.A.
2023-09-03 19:00:00,0.011619999999999998,IT.CAED/100752001.FACILITY,Ahlstrom-Munksjö Italia S.p.A.
2023-09-03 20:00:00,0.0,IT.CAED/100752001.FACILITY,Ahlstrom-Munksjö Italia S.p.A.
2023-09-03 21:00:00,0.0,IT.CAED/100752001.FACILITY,Ahlstrom-Munksjö Italia S.p.A.
2023-09-03 22:00:00,0.0,IT.CAED/100752001.FACILITY,Ahlstrom-Munksjö Italia S.p.A.
2023-09-03 23:00:00,0.0,IT.CAED/100752001.FACILITY,Ahlstrom-Munksjö Italia S.p.A.
2023-09-04 00:00:00,0.0,IT.CAED/100752001.FACILITY,Ahlstrom-Munksjö Italia S.p.A.
2023-09-04 01:00:00,0.0,IT.CAED/100752001.FACILITY,Ahlstrom-Munksjö Italia S.p.A.
2023-09-04 02:00:00,0.0,IT.CAED/100752001.FACILITY,Ahlstrom-Munksjö Italia S.p.A.
2023-09-04 03:00:00,0.0,IT.CAED/100752001.FACILITY,Ahlstrom-Munksjö Italia S.p.A.
2023-09-04 04:00:00,0.0,IT.CAED/100752001.FACILITY,Ahlstrom-Munksjö Italia S.p.A.
2023-09-04 05:00:00,0.0,IT.CAED/100752001.FACILITY,Ahlstrom-Munksjö Italia S.p.A.
2023-09-04 06:00:00,0.0,IT.CAED/100752001.FACILITY,Ahlstrom-Munksjö Italia S.p.A.
2023-09-04 07:00:00,0.01393,IT.CAED/100752001.FACILITY,Ahlstrom-Munksjö Italia S.p.A.
2023-09-04 08:00:00,0.14724,IT.CAED/100752001.FACILITY,Ahlstrom-Munksjö Italia S.p.A.
2023-09-04 09:00:00,0.3202,IT.CAED/100752001.FACILITY,Ahlstrom-Munksjö Italia S.p.A.
2023-09-04 10:00:00,0.47302999999999995,IT.CAED/100752001.FACILITY,Ahlstrom-Munksjö Italia S.p.A.
2023-09-04 11:00:00,0.61313,IT.CAED/100752001.FACILITY,Ahlstrom-Munksjö Italia S.p.A.
2023-09-04 12:00:00,0.69965,IT.CAED/100752001.FACILITY,Ahlstrom-Munksjö Italia S.p.A.
2023-09-04 13:00:00,0.78354,IT.CAED/100752001.FACILITY,Ahlstrom-Munksjö Italia S.p.A.
2023-09-04 14:00:00,0.7955800000000001,IT.CAED/100752001.FACILITY,Ahlstrom-Munksjö Italia S.p.A.
2023-09-04 15:00:00,0.6810700000000001,IT.CAED/100752001.FACILITY,Ahlstrom-Munksjö Italia S.p.A.
2023-09-04 16:00:00,0.55861,IT.CAED/100752001.FACILITY,Ahlstrom-Munksjö Italia S.p.A.
2023-09-04 17:00:00,0.36751,IT.CAED/100752001.FACILITY,Ahlstrom-Munksjö Italia S.p.A.
2023-09-04 18:00:00,0.13752,IT.CAED/100752001.FACILITY,Ahlstrom-Munksjö Italia S.p.A.
2023-09-04 19:00:00,0.00628,IT.CAED/100752001.FACILITY,Ahlstrom-Munksjö Italia S.p.A.
2023-09-04 20:00:00,0.0,IT.CAED/100752001.FACILITY,Ahlstrom-Munksjö Italia S.p.A.
2023-09-04 21:00:00,0.0,IT.CAED/100752001.FACILITY,Ahlstrom-Munksjö Italia S.p.A.
2023-09-04 22:00:00,0.0,IT.CAED/100752001.FACILITY,Ahlstrom-Munksjö Italia S.p.A.
2023-09-04 23:00:00,0.0,IT.CAED/100752001.FACILITY,Ahlstrom-Munksjö Italia S.p.A.
2023-09-05 00:00:00,0.0,IT.CAED/100752001.FACILITY,Ahlstrom-Munksjö Italia S.p.A.
2023-09-05 01:00:00,0.0,IT.CAED/100752001.FACILITY,Ahlstrom-Munksjö Italia S.p.A.
2023-09-05 02:00:00,0.0,IT.CAED/100752001.FACILITY,Ahlstrom-Munksjö Italia S.p.A.
2023-09-05 03:00:00,0.0,IT.CAED/100752001.FACILITY,Ahlstrom-Munksjö Italia S.p.A.
2023-09-05 04:00:00,0.0,IT.CAED/100752001.FACILITY,Ahlstrom-Munksjö Italia S.p.A.
2023-09-05 05:00:00,0.0,IT.CAED/100752001.FACILITY,Ahlstrom-Munksjö Italia S.p.A.
2023-09-05 06:00:00,0.0,IT.CAED/100752001.FACILITY,Ahlstrom-Munksjö Italia S.p.A.
2023-09-05 07:00:00,0.0008100000000000001,IT.CAED/100752001.FACILITY,Ahlstrom-Munksjö Italia S.p.A.
2023-09-05 08:00:00,0.036359999999999996,IT.CAED/100752001.FACILITY,Ahlstrom-Munksjö Italia S.p.A.
2023-09-05 09:00:00,0.07445,IT.CAED/100752001.FACILITY,Ahlstrom-Munksjö Italia S.p.A.
2023-09-05 10:00:00,0.14452,IT.CAED/100752001.FACILITY,Ahlstrom-Munksjö Italia S.p.A.
2023-09-05 11:00:00,0.22188999999999998,IT.CAED/100752001.FACILITY,Ahlstrom-Munksjö Italia S.p.A.
2023-09-05 12:00:00,0.40193,IT.CAED/100752001.FACILITY,Ahlstrom-Munksjö Italia S.p.A.
2023-09-05 13:00:00,0.49088,IT.CAED/100752001.FACILITY,Ahlstrom-Munksjö Italia S.p.A.
2023-09-05 14:00:00,0.42757999999999996,IT.CAED/100752001.FACILITY,Ahlstrom-Munksjö Italia S.p.A.
2023-09-05 15:00:00,0.40564,IT.CAED/100752001.FACILITY,Ahlstrom-Munksjö Italia S.p.A.
2023-09-05 16:00:00,0.48202999999999996,IT.CAED/100752001.FACILITY,Ahlstrom-Munksjö Italia S.p.A.
2023-09-05 17:00:00,0.28708999999999996,IT.CAED/100752001.FACILITY,Ahlstrom-Munksjö Italia S.p.A.
2023-09-05 18:00:00,0.11756,IT.CAED/100752001.FACILITY,Ahlstrom-Munksjö Italia S.p.A.
2023-09-05 19:00:00,0.00468,IT.CAED/100752001.FACILITY,Ahlstrom-Munksjö Italia S.p.A.
2023-09-05 20:00:00,0.0,IT.CAED/100752001.FACILITY,Ahlstrom-Munksjö Italia S.p.A.
2023-09-05 21:00:00,0.0,IT.CAED/100752001.FACILITY,Ahlstrom-Munksjö Italia S.p.A.
2023-09-05 22:00:00,0.0,IT.CAED/100752001.FACILITY,Ahlstrom-Munksjö Italia S.p.A.
2023-09-05 23:00:00,0.0,IT.CAED/100752001.FACILITY,Ahlstrom-Munksjö Italia S.p.A.
2023-09-06 00:00:00,0.0,IT.CAED/100752001.FACILITY,Ahlstrom-Munksjö Italia S.p.A.
2023-09-06 01:00:00,0.0,IT.CAED/100752001.FACILITY,Ahlstrom-Munksjö Italia S.p.A.
2023-09-06 02:00:00,0.0,IT.CAED/100752001.FACILITY,Ahlstrom-Munksjö Italia S.p.A.
2023-09-06 03:00:00,0.0,IT.CAED/100752001.FACILITY,Ahlstrom-Munksjö Italia S.p.A.
2023-09-06 04:00:00,0.0,IT.CAED/100752001.FACILITY,Ahlstrom-Munksjö Italia S.p.A.
2023-09-06 05:00:00,0.0,IT.CAED/100752001.FACILITY,Ahlstrom-Munksjö Italia S.p.A.
2023-09-06 06:00:00,0.0,IT.CAED/100752001.FACILITY,Ahlstrom-Munksjö Italia S.p.A.
2023-09-06 07:00:00,0.0060999999999999995,IT.CAED/100752001.FACILITY,Ahlstrom-Munksjö Italia S.p.A.
2023-09-06 08:00:00,0.16187,IT.CAED/100752001.FACILITY,Ahlstrom-Munksjö Italia S.p.A.
2023-09-06 09:00:00,0.39699,IT.CAED/100752001.FACILITY,Ahlstrom-Munksjö Italia S.p.A.
2023-09-06 10:00:00,0.6017100000000001,IT.CAED/100752001.FACILITY,Ahlstrom-Munksjö Italia S.p.A.
2023-09-06 11:00:00,0.7494700000000001,IT.CAED/100752001.FACILITY,Ahlstrom-Munksjö Italia S.p.A.
2023-09-06 12:00:00,0.79822,IT.CAED/100752001.FACILITY,Ahlstrom-Munksjö Italia S.p.A.
2023-09-06 13:00:00,0.7796900000000001,IT.CAED/100752001.FACILITY,Ahlstrom-Munksjö Italia S.p.A.
2023-09-06 14:00:00,0.79976,IT.CAED/100752001.FACILITY,Ahlstrom-Munksjö Italia S.p.A.
2023-09-06 15:00:00,0.72302,IT.CAED/100752001.FACILITY,Ahlstrom-Munksjö Italia S.p.A.
2023-09-06 16:00:00,0.57625,IT.CAED/100752001.FACILITY,Ahlstrom-Munksjö Italia S.p.A.
2023-09-06 17:00:00,0.36456,IT.CAED/100752001.FACILITY,Ahlstrom-Munksjö Italia S.p.A.
2023-09-06 18:00:00,0.14244,IT.CAED/100752001.FACILITY,Ahlstrom-Munksjö Italia S.p.A.
2023-09-06 19:00:00,0.00536,IT.CAED/100752001.FACILITY,Ahlstrom-Munksjö Italia S.p.A.
2023-09-06 20:00:00,0.0,IT.CAED/100752001.FACILITY,Ahlstrom-Munksjö Italia S.p.A.
2023-09-06 21:00:00,0.0,IT.CAED/100752001.FACILITY,Ahlstrom-Munksjö Italia S.p.A.
2023-09-06 22:00:00,0.0,IT.CAED/100752001.FACILITY,Ahlstrom-Munksjö Italia S.p.A.
2023-09-06 23:00:00,0.0,IT.CAED/100752001.FACILITY,Ahlstrom-Munksjö Italia S.p.A.
2023-09-07 00:00:00,0.0,IT.CAED/100752001.FACILITY,Ahlstrom-Munksjö Italia S.p.A.
2023-09-07 01:00:00,0.0,IT.CAED/100752001.FACILITY,Ahlstrom-Munksjö Italia S.p.A.
2023-09-07 02:00:00,0.0,IT.CAED/100752001.FACILITY,Ahlstrom-Munksjö Italia S.p.A.
2023-09-07 03:00:00,0.0,IT.CAED/100752001.FACILITY,Ahlstrom-Munksjö Italia S.p.A.
2023-09-07 04:00:00,0.0,IT.CAED/100752001.FACILITY,Ahlstrom-Munksjö Italia S.p.A.
2023-09-07 05:00:00,0.0,IT.CAED/100752001.FACILITY,Ahlstrom-Munksjö Italia S.p.A.
2023-09-07 06:00:00,0.0,IT.CAED/100752001.FACILITY,Ahlstrom-Munksjö Italia S.p.A.
2023-09-07 07:00:00,0.00525,IT.CAED/100752001.FACILITY,Ahlstrom-Munksjö Italia S.p.A.
2023-09-07 08:00:00,0.17184,IT.CAED/100752001.FACILITY,Ahlstrom-Munksjö Italia S.p.A.
2023-09-07 09:00:00,0.41394,IT.CAED/100752001.FACILITY,Ahlstrom-Munksjö Italia S.p.A.
2023-09-07 10:00:00,0.61263,IT.CAED/100752001.FACILITY,Ahlstrom-Munksjö Italia S.p.A.
2023-09-07 11:00:00,0.76198,IT.CAED/100752001.FACILITY,Ahlstrom-Munksjö Italia S.p.A.
2023-09-07 12:00:00,0.84742,IT.CAED/100752001.FACILITY,Ahlstrom-Munksjö Italia S.p.A.
2023-09-07 13:00:00,0.8676200000000001,IT.CAED/100752001.FACILITY,Ahlstrom-Munksjö Italia S.p.A.
2023-09-07 14:00:00,0.8310599999999999,IT.CAED/100752001.FACILITY,Ahlstrom-Munksjö Italia S.p.A.
2023-09-07 15:00:00,0.73809,IT.CAED/100752001.FACILITY,Ahlstrom-Munksjö Italia S.p.A.
2023-09-07 16:00:00,0.58747,IT.CAED/100752001.FACILITY,Ahlstrom-Munksjö Italia S.p.A.
2023-09-07 17:00:00,0.37907,IT.CAED/100752001.FACILITY,Ahlstrom-Munksjö Italia S.p.A.
2023-09-07 18:00:00,0.13876,IT.CAED/100752001.FACILITY,Ahlstrom-Munksjö Italia S.p.A.
2023-09-07 19:00:00,0.004719999999999999,IT.CAED/100752001.FACILITY,Ahlstrom-Munksjö Italia S.p.A.
2023-09-07 20:00:00,0.0,IT.CAED/100752001.FACILITY,Ahlstrom-Munksjö Italia S.p.A.
2023-09-07 21:00:00,0.0,IT.CAED/100752001.FACILITY,Ahlstrom-Munksjö Italia S.p.A.
2023-09-07 22:00:00,0.0,IT.CAED/100752001.FACILITY,Ahlstrom-Munksjö Italia S.p.A.
2023-09-07 23:00:00,0.0,IT.CAED/100752001.FACILITY,Ahlstrom-Munksjö Italia S.p.A.
2023-09-08 00:00:00,0.0,IT.CAED/100752001.FACILITY,Ahlstrom-Munksjö Italia S.p.A.
2023-09-08 01:00:00,0.0,IT.CAED/100752001.FACILITY,Ahlstrom-Munksjö Italia S.p.A.
2023-09-08 02:00:00,0.0,IT.CAED/100752001.FACILITY,Ahlstrom-Munksjö Italia S.p.A.
2023-09-08 03:00:00,0.0,IT.CAED/100752001.FACILITY,Ahlstrom-Munksjö Italia S.p.A.
2023-09-08 04:00:00,0.0,IT.CAED/100752001.FACILITY,Ahlstrom-Munksjö Italia S.p.A.
2023-09-08 05:00:00,0.0,IT.CAED/100752001.FACILITY,Ahlstrom-Munksjö Italia S.p.A.
2023-09-08 06:00:00,0.0,IT.CAED/100752001.FACILITY,Ahlstrom-Munksjö Italia S.p.A.
2023-09-08 07:00:00,0.00657,IT.CAED/100752001.FACILITY,Ahlstrom-Munksjö Italia S.p.A.
2023-09-08 08:00:00,0.13493,IT.CAED/100752001.FACILITY,Ahlstrom-Munksjö Italia S.p.A.
2023-09-08 09:00:00,0.32133,IT.CAED/100752001.FACILITY,Ahlstrom-Munksjö Italia S.p.A.
2023-09-08 10:00:00,0.5639400000000001,IT.CAED/100752001.FACILITY,Ahlstrom-Munksjö Italia S.p.A.
2023-09-08 11:00:00,0.71799,IT.CAED/100752001.FACILITY,Ahlstrom-Munksjö Italia S.p.A.
2023-09-08 12:00:00,0.72204,IT.CAED/100752001.FACILITY,Ahlstrom-Munksjö Italia S.p.A.
2023-09-08 13:00:00,0.79699,IT.CAED/100752001.FACILITY,Ahlstrom-Munksjö Italia S.p.A.
2023-09-08 14:00:00,0.6358400000000001,IT.CAED/100752001.FACILITY,Ahlstrom-Munksjö Italia S.p.A.
2023-09-08 15:00:00,0.72812,IT.CAED/100752001.FACILITY,Ahlstrom-Munksjö Italia S.p.A.
2023-09-08 16:00:00,0.57074,IT.CAED/100752001.FACILITY,Ahlstrom-Munksjö Italia S.p.A.
2023-09-08 17:00:00,0.36185,IT.CAED/100752001.FACILITY,Ahlstrom-Munksjö Italia S.p.A.
2023-09-08 18:00:00,0.13524,IT.CAED/100752001.FACILITY,Ahlstrom-Munksjö Italia S.p.A.
2023-09-08 19:00:00,0.0038599999999999997,IT.CAED/100752001.FACILITY,Ahlstrom-Munksjö Italia S.p.A.
2023-09-08 20:00:00,0.0,IT.CAED/100752001.FACILITY,Ahlstrom-Munksjö Italia S.p.A.
2023-09-08 21:00:00,0.0,IT.CAED/100752001.FACILITY,Ahlstrom-Munksjö Italia S.p.A.
2023-09-08 22:00:00,0.0,IT.CAED/100752001.FACILITY,Ahlstrom-Munksjö Italia S.p.A.
2023-09-08 23:00:00,0.0,IT.CAED/100752001.FACILITY,Ahlstrom-Munksjö Italia S.p.A.
2023-09-09 00:00:00,0.0,IT.CAED/100752001.FACILITY,Ahlstrom-Munksjö Italia S.p.A.
2023-09-09 01:00:00,0.0,IT.CAED/100752001.FACILITY,Ahlstrom-Munksjö Italia S.p.A.
2023-09-09 02:00:00,0.0,IT.CAED/100752001.FACILITY,Ahlstrom-Munksjö Italia S.p.A.
2023-09-09 03:00:00,0.0,IT.CAED/100752001.FACILITY,Ahlstrom-Munksjö Italia S.p.A.
2023-09-09 04:00:00,0.0,IT.CAED/100752001.FACILITY,Ahlstrom-Munksjö Italia S.p.A.
2023-09-09 05:00:00,0.0,IT.CAED/100752001.FACILITY,Ahlstrom-Munksjö Italia S.p.A.
2023-09-09 06:00:00,0.0,IT.CAED/100752001.FACILITY,Ahlstrom-Munksjö Italia S.p.A.
2023-09-09 07:00:00,0.0053,IT.CAED/100752001.FACILITY,Ahlstrom-Munksjö Italia S.p.A.
2023-09-09 08:00:00,0.15378,IT.CAED/100752001.FACILITY,Ahlstrom-Munksjö Italia S.p.A.
2023-09-09 09:00:00,0.38755,IT.CAED/100752001.FACILITY,Ahlstrom-Munksjö Italia S.p.A.
2023-09-09 10:00:00,0.58628,IT.CAED/100752001.FACILITY,Ahlstrom-Munksjö Italia S.p.A.
2023-09-09 11:00:00,0.7341599999999999,IT.CAED/100752001.FACILITY,Ahlstrom-Munksjö Italia S.p.A.
2023-09-09 12:00:00,0.79987,IT.CAED/100752001.FACILITY,Ahlstrom-Munksjö Italia S.p.A.
2023-09-09 13:00:00,0.8304400000000001,IT.CAED/100752001.FACILITY,Ahlstrom-Munksjö Italia S.p.A.
2023-09-09 14:00:00,0.8177300000000001,IT.CAED/100752001.FACILITY,Ahlstrom-Munksjö Italia S.p.A.
2023-09-09 15:00:00,0.7252000000000001,IT.CAED/100752001.FACILITY,Ahlstrom-Munksjö Italia S.p.A.
2023-09-09 16:00:00,0.57623,IT.CAED/100752001.FACILITY,Ahlstrom-Munksjö Italia S.p.A.
2023-09-09 17:00:00,0.35869,IT.CAED/100752001.FACILITY,Ahlstrom-Munksjö Italia S.p.A.
2023-09-09 18:00:00,0.13026,IT.CAED/100752001.FACILITY,Ahlstrom-Munksjö Italia S.p.A.
2023-09-09 19:00:00,0.00348,IT.CAED/100752001.FACILITY,Ahlstrom-Munksjö Italia S.p.A.
2023-09-09 20:00:00,0.0,IT.CAED/100752001.FACILITY,Ahlstrom-Munksjö Italia S.p.A.
2023-09-09 21:00:00,0.0,IT.CAED/100752001.FACILITY,Ahlstrom-Munksjö Italia S.p.A.
2023-09-09 22:00:00,0.0,IT.CAED/100752001.FACILITY,Ahlstrom-Munksjö Italia S.p.A.
2023-09-09 23:00:00,0.0,IT.CAED/100752001.FACILITY,Ahlstrom-Munksjö Italia S.p.A.
2023-09-10 00:00:00,0.0,IT.CAED/100752001.FACILITY,Ahlstrom-Munksjö Italia S.p.A.
2023-09-10 01:00:00,0.0,IT.CAED/100752001.FACILITY,Ahlstrom-Munksjö Italia S.p.A.
2023-09-10 02:00:00,0.0,IT.CAED/100752001.FACILITY,Ahlstrom-Munksjö Italia S.p.A.
2023-09-10 03:00:00,0.0,IT.CAED/100752001.FACILITY,Ahlstrom-Munksjö Italia S.p.A.
2023-09-10 04:00:00,0.0,IT.CAED/100752001.FACILITY,Ahlstrom-Munksjö Italia S.p.A.
2023-09-10 05:00:00,0.0,IT.CAED/100752001.FACILITY,Ahlstrom-Munksjö Italia S.p.A.
2023-09-10 06:00:00,0.0,IT.CAED/100752001.FACILITY,Ahlstrom-Munksjö Italia S.p.A.
2023-09-10 07:00:00,0.0058200000000000005,IT.CAED/100752001.FACILITY,Ahlstrom-Munksjö Italia S.p.A.
2023-09-10 08:00:00,0.15283000000000002,IT.CAED/100752001.FACILITY,Ahlstrom-Munksjö Italia S.p.A.
2023-09-10 09:00:00,0.37638,IT.CAED/100752001.FACILITY,Ahlstrom-Munksjö Italia S.p.A.
2023-09-10 10:00:00,0.59909,IT.CAED/100752001.FACILITY,Ahlstrom-Munksjö Italia S.p.A.
2023-09-10 11:00:00,0.7212999999999999,IT.CAED/100752001.FACILITY,Ahlstrom-Munksjö Italia S.p.A.
2023-09-10 12:00:00,0.83398,IT.CAED/100752001.FACILITY,Ahlstrom-Munksjö Italia S.p.A.
2023-09-10 13:00:00,0.85633,IT.CAED/100752001.FACILITY,Ahlstrom-Munksjö Italia S.p.A.
2023-09-10 14:00:00,0.82389,IT.CAED/100752001.FACILITY,Ahlstrom-Munksjö Italia S.p.A.
2023-09-10 15:00:00,0.72863,IT.CAED/100752001.FACILITY,Ahlstrom-Munksjö Italia S.p.A.
2023-09-10 16:00:00,0.57571,IT.CAED/100752001.FACILITY,Ahlstrom-Munksjö Italia S.p.A.
2023-09-10 17:00:00,0.36731,IT.CAED/100752001.FACILITY,Ahlstrom-Munksjö Italia S.p.A.
2023-09-10 18:00:00,0.12971000000000002,IT.CAED/100752001.FACILITY,Ahlstrom-Munksjö Italia S.p.A.
2023-09-10 19:00:00,0.0022400000000000002,IT.CAED/100752001.FACILITY,Ahlstrom-Munksjö Italia S.p.A.
2023-09-10 20:00:00,0.0,IT.CAED/100752001.FACILITY,Ahlstrom-Munksjö Italia S.p.A.
2023-09-10 21:00:00,0.0,IT.CAED/100752001.FACILITY,Ahlstrom-Munksjö Italia S.p.A.
2023-09-10 22:00:00,0.0,IT.CAED/100752001.FACILITY,Ahlstrom-Munksjö Italia S.p.A.
2023-09-10 23:00:00,0.0,IT.CAED/100752001.FACILITY,Ahlstrom-Munksjö Italia S.p.A.
2023-09-11 00:00:00,0.0,IT.CAED/100752001.FACILITY,Ahlstrom-Munksjö Italia S.p.A.
2023-09-11 01:00:00,0.0,IT.CAED/100752001.FACILITY,Ahlstrom-Munksjö Italia S.p.A.
2023-09-11 02:00:00,0.0,IT.CAED/100752001.FACILITY,Ahlstrom-Munksjö Italia S.p.A.
2023-09-11 03:00:00,0.0,IT.CAED/100752001.FACILITY,Ahlstrom-Munksjö Italia S.p.A.
2023-09-11 04:00:00,0.0,IT.CAED/100752001.FACILITY,Ahlstrom-Munksjö Italia S.p.A.
2023-09-11 05:00:00,0.0,IT.CAED/100752001.FACILITY,Ahlstrom-Munksjö Italia S.p.A.
2023-09-11 06:00:00,0.0,IT.CAED/100752001.FACILITY,Ahlstrom-Munksjö Italia S.p.A.
2023-09-11 07:00:00,0.00475,IT.CAED/100752001.FACILITY,Ahlstrom-Munksjö Italia S.p.A.
2023-09-11 08:00:00,0.15682,IT.CAED/100752001.FACILITY,Ahlstrom-Munksjö Italia S.p.A.
2023-09-11 09:00:00,0.37825,IT.CAED/100752001.FACILITY,Ahlstrom-Munksjö Italia S.p.A.
2023-09-11 10:00:00,0.5762999999999999,IT.CAED/100752001.FACILITY,Ahlstrom-Munksjö Italia S.p.A.
2023-09-11 11:00:00,0.72468,IT.CAED/100752001.FACILITY,Ahlstrom-Munksjö Italia S.p.A.
2023-09-11 12:00:00,0.8028099999999999,IT.CAED/100752001.FACILITY,Ahlstrom-Munksjö Italia S.p.A.
2023-09-11 13:00:00,0.77726,IT.CAED/100752001.FACILITY,Ahlstrom-Munksjö Italia S.p.A.
2023-09-11 14:00:00,0.77526,IT.CAED/100752001.FACILITY,Ahlstrom-Munksjö Italia S.p.A.
2023-09-11 15:00:00,0.67708,IT.CAED/100752001.FACILITY,Ahlstrom-Munksjö Italia S.p.A.
2023-09-11 16:00:00,0.45104,IT.CAED/100752001.FACILITY,Ahlstrom-Munksjö Italia S.p.A.
2023-09-11 17:00:00,0.28384,IT.CAED/100752001.FACILITY,Ahlstrom-Munksjö Italia S.p.A.
2023-09-11 18:00:00,0.11561,IT.CAED/100752001.FACILITY,Ahlstrom-Munksjö Italia S.p.A.
2023-09-11 19:00:00,0.00219,IT.CAED/100752001.FACILITY,Ahlstrom-Munksjö Italia S.p.A.
2023-09-11 20:00:00,0.0,IT.CAED/100752001.FACILITY,Ahlstrom-Munksjö Italia S.p.A.
2023-09-11 21:00:00,0.0,IT.CAED/100752001.FACILITY,Ahlstrom-Munksjö Italia S.p.A.
2023-09-11 22:00:00,0.0,IT.CAED/100752001.FACILITY,Ahlstrom-Munksjö Italia S.p.A.
2023-09-11 23:00:00,0.0,IT.CAED/100752001.FACILITY,Ahlstrom-Munksjö Italia S.p.A.
2023-09-12 00:00:00,0.0,IT.CAED/100752001.FACILITY,Ahlstrom-Munksjö Italia S.p.A.
2023-09-12 01:00:00,0.0,IT.CAED/100752001.FACILITY,Ahlstrom-Munksjö Italia S.p.A.
2023-09-12 02:00:00,0.0,IT.CAED/100752001.FACILITY,Ahlstrom-Munksjö Italia S.p.A.
2023-09-12 03:00:00,0.0,IT.CAED/100752001.FACILITY,Ahlstrom-Munksjö Italia S.p.A.
2023-09-12 04:00:00,0.0,IT.CAED/100752001.FACILITY,Ahlstrom-Munksjö Italia S.p.A.
2023-09-12 05:00:00,0.0,IT.CAED/100752001.FACILITY,Ahlstrom-Munksjö Italia S.p.A.
2023-09-12 06:00:00,0.0,IT.CAED/100752001.FACILITY,Ahlstrom-Munksjö Italia S.p.A.
2023-09-12 07:00:00,0.00619,IT.CAED/100752001.FACILITY,Ahlstrom-Munksjö Italia S.p.A.
2023-09-12 08:00:00,0.11648,IT.CAED/100752001.FACILITY,Ahlstrom-Munksjö Italia S.p.A.
2023-09-12 09:00:00,0.24677000000000002,IT.CAED/100752001.FACILITY,Ahlstrom-Munksjö Italia S.p.A.
2023-09-12 10:00:00,0.55206,IT.CAED/100752001.FACILITY,Ahlstrom-Munksjö Italia S.p.A.
2023-09-12 11:00:00,0.66137,IT.CAED/100752001.FACILITY,Ahlstrom-Munksjö Italia S.p.A.
2023-09-12 12:00:00,0.6620900000000001,IT.CAED/100752001.FACILITY,Ahlstrom-Munksjö Italia S.p.A.
2023-09-12 13:00:00,0.65259,IT.CAED/100752001.FACILITY,Ahlstrom-Munksjö Italia S.p.A.
2023-09-12 14:00:00,0.63863,IT.CAED/100752001.FACILITY,Ahlstrom-Munksjö Italia S.p.A.
2023-09-12 15:00:00,0.5107,IT.CAED/100752001.FACILITY,Ahlstrom-Munksjö Italia S.p.A.
2023-09-12 16:00:00,0.29586,IT.CAED/100752001.FACILITY,Ahlstrom-Munksjö Italia S.p.A.
2023-09-12 17:00:00,0.13835,IT.CAED/100752001.FACILITY,Ahlstrom-Munksjö Italia S.p.A.
2023-09-12 18:00:00,0.05594,IT.CAED/100752001.FACILITY,Ahlstrom-Munksjö Italia S.p.A.
2023-09-12 19:00:00,0.00053,IT.CAED/100752001.FACILITY,Ahlstrom-Munksjö Italia S.p.A.
2023-09-12 20:00:00,0.0,IT.CAED/100752001.FACILITY,Ahlstrom-Munksjö Italia S.p.A.
2023-09-12 21:00:00,0.0,IT.CAED/100752001.FACILITY,Ahlstrom-Munksjö Italia S.p.A.
2023-09-12 22:00:00,0.0,IT.CAED/100752001.FACILITY,Ahlstrom-Munksjö Italia S.p.A.
2023-09-12 23:00:00,0.0,IT.CAED/100752001.FACILITY,Ahlstrom-Munksjö Italia S.p.A.
2023-09-13 00:00:00,0.0,IT.CAED/100752001.FACILITY,Ahlstrom-Munksjö Italia S.p.A.
2023-09-13 01:00:00,0.0,IT.CAED/100752001.FACILITY,Ahlstrom-Munksjö Italia S.p.A.
2023-09-13 02:00:00,0.0,IT.CAED/100752001.FACILITY,Ahlstrom-Munksjö Italia S.p.A.
2023-09-13 03:00:00,0.0,IT.CAED/100752001.FACILITY,Ahlstrom-Munksjö Italia S.p.A.
2023-09-13 04:00:00,0.0,IT.CAED/100752001.FACILITY,Ahlstrom-Munksjö Italia S.p.A.
2023-09-13 05:00:00,0.0,IT.CAED/100752001.FACILITY,Ahlstrom-Munksjö Italia S.p.A.
2023-09-13 06:00:00,0.0,IT.CAED/100752001.FACILITY,Ahlstrom-Munksjö Italia S.p.A.
2023-09-13 07:00:00,0.0018700000000000001,IT.CAED/100752001.FACILITY,Ahlstrom-Munksjö Italia S.p.A.
2023-09-13 08:00:00,0.010039999999999999,IT.CAED/100752001.FACILITY,Ahlstrom-Munksjö Italia S.p.A.
2023-09-13 09:00:00,0.05298,IT.CAED/100752001.FACILITY,Ahlstrom-Munksjö Italia S.p.A.
2023-09-13 10:00:00,0.10382,IT.CAED/100752001.FACILITY,Ahlstrom-Munksjö Italia S.p.A.
2023-09-13 11:00:00,0.20424,IT.CAED/100752001.FACILITY,Ahlstrom-Munksjö Italia S.p.A.
2023-09-13 12:00:00,0.24438,IT.CAED/100752001.FACILITY,Ahlstrom-Munksjö Italia S.p.A.
2023-09-13 13:00:00,0.19513999999999998,IT.CAED/100752001.FACILITY,Ahlstrom-Munksjö Italia S.p.A.
2023-09-13 14:00:00,0.14939,IT.CAED/100752001.FACILITY,Ahlstrom-Munksjö Italia S.p.A.
2023-09-13 15:00:00,0.34714,IT.CAED/100752001.FACILITY,Ahlstrom-Munksjö Italia S.p.A.
2023-09-13 16:00:00,0.27235000000000004,IT.CAED/100752001.FACILITY,Ahlstrom-Munksjö Italia S.p.A.
2023-09-13 17:00:00,0.18572,IT.CAED/100752001.FACILITY,Ahlstrom-Munksjö Italia S.p.A.
2023-09-13 18:00:00,0.05773,IT.CAED/100752001.FACILITY,Ahlstrom-Munksjö Italia S.p.A.
2023-09-13 19:00:00,0.00083,IT.CAED/100752001.FACILITY,Ahlstrom-Munksjö Italia S.p.A.
2023-09-13 20:00:00,0.0,IT.CAED/100752001.FACILITY,Ahlstrom-Munksjö Italia S.p.A.
2023-09-13 21:00:00,0.0,IT.CAED/100752001.FACILITY,Ahlstrom-Munksjö Italia S.p.A.
2023-09-13 22:00:00,0.0,IT.CAED/100752001.FACILITY,Ahlstrom-Munksjö Italia S.p.A.
2023-09-13 23:00:00,0.0,IT.CAED/100752001.FACILITY,Ahlstrom-Munksjö Italia S.p.A.
2023-09-14 00:00:00,0.0,IT.CAED/100752001.FACILITY,Ahlstrom-Munksjö Italia S.p.A.
2023-09-14 01:00:00,0.0,IT.CAED/100752001.FACILITY,Ahlstrom-Munksjö Italia S.p.A.
2023-09-14 02:00:00,0.0,IT.CAED/100752001.FACILITY,Ahlstrom-Munksjö Italia S.p.A.
2023-09-14 03:00:00,0.0,IT.CAED/100752001.FACILITY,Ahlstrom-Munksjö Italia S.p.A.
2023-09-14 04:00:00,0.0,IT.CAED/100752001.FACILITY,Ahlstrom-Munksjö Italia S.p.A.
2023-09-14 05:00:00,0.0,IT.CAED/100752001.FACILITY,Ahlstrom-Munksjö Italia S.p.A.
2023-09-14 06:00:00,0.0,IT.CAED/100752001.FACILITY,Ahlstrom-Munksjö Italia S.p.A.
2023-09-14 07:00:00,0.0044800000000000005,IT.CAED/100752001.FACILITY,Ahlstrom-Munksjö Italia S.p.A.
2023-09-14 08:00:00,0.11111,IT.CAED/100752001.FACILITY,Ahlstrom-Munksjö Italia S.p.A.
2023-09-14 09:00:00,0.29201,IT.CAED/100752001.FACILITY,Ahlstrom-Munksjö Italia S.p.A.
2023-09-14 10:00:00,0.39169,IT.CAED/100752001.FACILITY,Ahlstrom-Munksjö Italia S.p.A.
2023-09-14 11:00:00,0.51807,IT.CAED/100752001.FACILITY,Ahlstrom-Munksjö Italia S.p.A.
2023-09-14 12:00:00,0.65739,IT.CAED/100752001.FACILITY,Ahlstrom-Munksjö Italia S.p.A.
2023-09-14 13:00:00,0.5976,IT.CAED/100752001.FACILITY,Ahlstrom-Munksjö Italia S.p.A.
2023-09-14 14:00:00,0.60405,IT.CAED/100752001.FACILITY,Ahlstrom-Munksjö Italia S.p.A.
2023-09-14 15:00:00,0.55862,IT.CAED/100752001.FACILITY,Ahlstrom-Munksjö Italia S.p.A.
2023-09-14 16:00:00,0.39733999999999997,IT.CAED/100752001.FACILITY,Ahlstrom-Munksjö Italia S.p.A.
2023-09-14 17:00:00,0.24412999999999999,IT.CAED/100752001.FACILITY,Ahlstrom-Munksjö Italia S.p.A.
2023-09-14 18:00:00,0.09631999999999999,IT.CAED/100752001.FACILITY,Ahlstrom-Munksjö Italia S.p.A.
2023-09-14 19:00:00,0.0003,IT.CAED/100752001.FACILITY,Ahlstrom-Munksjö Italia S.p.A.
2023-09-14 20:00:00,0.0,IT.CAED/100752001.FACILITY,Ahlstrom-Munksjö Italia S.p.A.
2023-09-14 21:00:00,0.0,IT.CAED/100752001.FACILITY,Ahlstrom-Munksjö Italia S.p.A.
2023-09-14 22:00:00,0.0,IT.CAED/100752001.FACILITY,Ahlstrom-Munksjö Italia S.p.A.
2023-09-14 23:00:00,0.0,IT.CAED/100752001.FACILITY,Ahlstrom-Munksjö Italia S.p.A.
2023-09-15 00:00:00,0.0,IT.CAED/100752001.FACILITY,Ahlstrom-Munksjö Italia S.p.A.
2023-09-15 01:00:00,0.0,IT.CAED/100752001.FACILITY,Ahlstrom-Munksjö Italia S.p.A.
2023-09-15 02:00:00,0.0,IT.CAED/100752001.FACILITY,Ahlstrom-Munksjö Italia S.p.A.
2023-09-15 03:00:00,0.0,IT.CAED/100752001.FACILITY,Ahlstrom-Munksjö Italia S.p.A.
2023-09-15 04:00:00,0.0,IT.CAED/100752001.FACILITY,Ahlstrom-Munksjö Italia S.p.A.
2023-09-15 05:00:00,0.0,IT.CAED/100752001.FACILITY,Ahlstrom-Munksjö Italia S.p.A.
2023-09-15 06:00:00,0.0,IT.CAED/100752001.FACILITY,Ahlstrom-Munksjö Italia S.p.A.
2023-09-15 07:00:00,0.00115,IT.CAED/100752001.FACILITY,Ahlstrom-Munksjö Italia S.p.A.
2023-09-15 08:00:00,0.02514,IT.CAED/100752001.FACILITY,Ahlstrom-Munksjö Italia S.p.A.
2023-09-15 09:00:00,0.08379,IT.CAED/100752001.FACILITY,Ahlstrom-Munksjö Italia S.p.A.
2023-09-15 10:00:00,0.12562,IT.CAED/100752001.FACILITY,Ahlstrom-Munksjö Italia S.p.A.
2023-09-15 11:00:00,0.39948,IT.CAED/100752001.FACILITY,Ahlstrom-Munksjö Italia S.p.A.
2023-09-15 12:00:00,0.43739999999999996,IT.CAED/100752001.FACILITY,Ahlstrom-Munksjö Italia S.p.A.
2023-09-15 13:00:00,0.54537,IT.CAED/100752001.FACILITY,Ahlstrom-Munksjö Italia S.p.A.
2023-09-15 14:00:00,0.60809,IT.CAED/100752001.FACILITY,Ahlstrom-Munksjö Italia S.p.A.
2023-09-15 15:00:00,0.45518000000000003,IT.CAED/100752001.FACILITY,Ahlstrom-Munksjö Italia S.p.A.
2023-09-15 16:00:00,0.3285,IT.CAED/100752001.FACILITY,Ahlstrom-Munksjö Italia S.p.A.
2023-09-15 17:00:00,0.18133000000000002,IT.CAED/100752001.FACILITY,Ahlstrom-Munksjö Italia S.p.A.
2023-09-15 18:00:00,0.05414,IT.CAED/100752001.FACILITY,Ahlstrom-Munksjö Italia S.p.A.
2023-09-15 19:00:00,0.00016,IT.CAED/100752001.FACILITY,Ahlstrom-Munksjö Italia S.p.A.
2023-09-15 20:00:00,0.0,IT.CAED/100752001.FACILITY,Ahlstrom-Munksjö Italia S.p.A.
2023-09-15 21:00:00,0.0,IT.CAED/100752001.FACILITY,Ahlstrom-Munksjö Italia S.p.A.
2023-09-15 22:00:00,0.0,IT.CAED/100752001.FACILITY,Ahlstrom-Munksjö Italia S.p.A.
2023-09-15 23:00:00,0.0,IT.CAED/100752001.FACILITY,Ahlstrom-Munksjö Italia S.p.A.
2023-09-16 00:00:00,0.0,IT.CAED/100752001.FACILITY,Ahlstrom-Munksjö Italia S.p.A.
2023-09-16 01:00:00,0.0,IT.CAED/100752001.FACILITY,Ahlstrom-Munksjö Italia S.p.A.
2023-09-16 02:00:00,0.0,IT.CAED/100752001.FACILITY,Ahlstrom-Munksjö Italia S.p.A.
2023-09-16 03:00:00,0.0,IT.CAED/100752001.FACILITY,Ahlstrom-Munksjö Italia S.p.A.
2023-09-16 04:00:00,0.0,IT.CAED/100752001.FACILITY,Ahlstrom-Munksjö Italia S.p.A.
2023-09-16 05:00:00,0.0,IT.CAED/100752001.FACILITY,Ahlstrom-Munksjö Italia S.p.A.
2023-09-16 06:00:00,0.0,IT.CAED/100752001.FACILITY,Ahlstrom-Munksjö Italia S.p.A.
2023-09-16 07:00:00,0.00058,IT.CAED/100752001.FACILITY,Ahlstrom-Munksjö Italia S.p.A.
2023-09-16 08:00:00,0.02801,IT.CAED/100752001.FACILITY,Ahlstrom-Munksjö Italia S.p.A.
2023-09-16 09:00:00,0.060649999999999996,IT.CAED/100752001.FACILITY,Ahlstrom-Munksjö Italia S.p.A.
2023-09-16 10:00:00,0.11835,IT.CAED/100752001.FACILITY,Ahlstrom-Munksjö Italia S.p.A.
2023-09-16 11:00:00,0.18106,IT.CAED/100752001.FACILITY,Ahlstrom-Munksjö Italia S.p.A.
2023-09-16 12:00:00,0.32025,IT.CAED/100752001.FACILITY,Ahlstrom-Munksjö Italia S.p.A.
2023-09-16 13:00:00,0.32312,IT.CAED/100752001.FACILITY,Ahlstrom-Munksjö Italia S.p.A.
2023-09-16 14:00:00,0.24652000000000002,IT.CAED/100752001.FACILITY,Ahlstrom-Munksjö Italia S.p.A.
2023-09-16 15:00:00,0.16684000000000002,IT.CAED/100752001.FACILITY,Ahlstrom-Munksjö Italia S.p.A.
2023-09-16 16:00:00,0.11076000000000001,IT.CAED/100752001.FACILITY,Ahlstrom-Munksjö Italia S.p.A.
2023-09-16 17:00:00,0.09035,IT.CAED/100752001.FACILITY,Ahlstrom-Munksjö Italia S.p.A.
2023-09-16 18:00:00,0.02119,IT.CAED/100752001.FACILITY,Ahlstrom-Munksjö Italia S.p.A.
2023-09-16 19:00:00,0.0,IT.CAED/100752001.FACILITY,Ahlstrom-Munksjö Italia S.p.A.
2023-09-16 20:00:00,0.0,IT.CAED/100752001.FACILITY,Ahlstrom-Munksjö Italia S.p.A.
2023-09-16 21:00:00,0.0,IT.CAED/100752001.FACILITY,Ahlstrom-Munksjö Italia S.p.A.
2023-09-16 22:00:00,0.0,IT.CAED/100752001.FACILITY,Ahlstrom-Munksjö Italia S.p.A.
2023-09-16 23:00:00,0.0,IT.CAED/100752001.FACILITY,Ahlstrom-Munksjö Italia S.p.A.
2023-09-17 00:00:00,0.0,IT.CAED/100752001.FACILITY,Ahlstrom-Munksjö Italia S.p.A.
2023-09-17 01:00:00,0.0,IT.CAED/100752001.FACILITY,Ahlstrom-Munksjö Italia S.p.A.
2023-09-17 02:00:00,0.0,IT.CAED/100752001.FACILITY,Ahlstrom-Munksjö Italia S.p.A.
2023-09-17 03:00:00,0.0,IT.CAED/100752001.FACILITY,Ahlstrom-Munksjö Italia S.p.A.
2023-09-17 04:00:00,0.0,IT.CAED/100752001.FACILITY,Ahlstrom-Munksjö Italia S.p.A.
2023-09-17 05:00:00,0.0,IT.CAED/100752001.FACILITY,Ahlstrom-Munksjö Italia S.p.A.
2023-09-17 06:00:00,0.0,IT.CAED/100752001.FACILITY,Ahlstrom-Munksjö Italia S.p.A.
2023-09-17 07:00:00,0.0001,IT.CAED/100752001.FACILITY,Ahlstrom-Munksjö Italia S.p.A.
2023-09-17 08:00:00,0.055060000000000005,IT.CAED/100752001.FACILITY,Ahlstrom-Munksjö Italia S.p.A.
2023-09-17 09:00:00,0.09101999999999999,IT.CAED/100752001.FACILITY,Ahlstrom-Munksjö Italia S.p.A.
2023-09-17 10:00:00,0.12115999999999999,IT.CAED/100752001.FACILITY,Ahlstrom-Munksjö Italia S.p.A.
2023-09-17 11:00:00,0.24067,IT.CAED/100752001.FACILITY,Ahlstrom-Munksjö Italia S.p.A.
2023-09-17 12:00:00,0.29219,IT.CAED/100752001.FACILITY,Ahlstrom-Munksjö Italia S.p.A.
2023-09-17 13:00:00,0.30595999999999995,IT.CAED/100752001.FACILITY,Ahlstrom-Munksjö Italia S.p.A.
2023-09-17 14:00:00,0.37929,IT.CAED/100752001.FACILITY,Ahlstrom-Munksjö Italia S.p.A.
2023-09-17 15:00:00,0.28579000000000004,IT.CAED/100752001.FACILITY,Ahlstrom-Munksjö Italia S.p.A.
2023-09-17 16:00:00,0.16865,IT.CAED/100752001.FACILITY,Ahlstrom-Munksjö Italia S.p.A.
2023-09-17 17:00:00,0.18273,IT.CAED/100752001.FACILITY,Ahlstrom-Munksjö Italia S.p.A.
2023-09-17 18:00:00,0.041479999999999996,IT.CAED/100752001.FACILITY,Ahlstrom-Munksjö Italia S.p.A.
2023-09-17 19:00:00,0.0,IT.CAED/100752001.FACILITY,Ahlstrom-Munksjö Italia S.p.A.
2023-09-17 20:00:00,0.0,IT.CAED/100752001.FACILITY,Ahlstrom-Munksjö Italia S.p.A.
2023-09-17 21:00:00,0.0,IT.CAED/100752001.FACILITY,Ahlstrom-Munksjö Italia S.p.A.
2023-09-17 22:00:00,0.0,IT.CAED/100752001.FACILITY,Ahlstrom-Munksjö Italia S.p.A.
2023-09-17 23:00:00,0.0,IT.CAED/100752001.FACILITY,Ahlstrom-Munksjö Italia S.p.A.
2023-09-18 00:00:00,0.0,IT.CAED/100752001.FACILITY,Ahlstrom-Munksjö Italia S.p.A.
2023-09-18 01:00:00,0.0,IT.CAED/100752001.FACILITY,Ahlstrom-Munksjö Italia S.p.A.
2023-09-18 02:00:00,0.0,IT.CAED/100752001.FACILITY,Ahlstrom-Munksjö Italia S.p.A.
2023-09-18 03:00:00,0.0,IT.CAED/100752001.FACILITY,Ahlstrom-Munksjö Italia S.p.A.
2023-09-18 04:00:00,0.0,IT.CAED/100752001.FACILITY,Ahlstrom-Munksjö Italia S.p.A.
2023-09-18 05:00:00,0.0,IT.CAED/100752001.FACILITY,Ahlstrom-Munksjö Italia S.p.A.
2023-09-18 06:00:00,0.0,IT.CAED/100752001.FACILITY,Ahlstrom-Munksjö Italia S.p.A.
2023-09-18 07:00:00,0.0,IT.CAED/100752001.FACILITY,Ahlstrom-Munksjö Italia S.p.A.
2023-09-18 08:00:00,0.0024700000000000004,IT.CAED/100752001.FACILITY,Ahlstrom-Munksjö Italia S.p.A.
2023-09-18 09:00:00,0.02561,IT.CAED/100752001.FACILITY,Ahlstrom-Munksjö Italia S.p.A.
2023-09-18 10:00:00,0.08660999999999999,IT.CAED/100752001.FACILITY,Ahlstrom-Munksjö Italia S.p.A.
2023-09-18 11:00:00,0.11951,IT.CAED/100752001.FACILITY,Ahlstrom-Munksjö Italia S.p.A.
2023-09-18 12:00:00,0.36529,IT.CAED/100752001.FACILITY,Ahlstrom-Munksjö Italia S.p.A.
2023-09-18 13:00:00,0.34435000000000004,IT.CAED/100752001.FACILITY,Ahlstrom-Munksjö Italia S.p.A.
2023-09-18 14:00:00,0.37724,IT.CAED/100752001.FACILITY,Ahlstrom-Munksjö Italia S.p.A.
2023-09-18 15:00:00,0.20069,IT.CAED/100752001.FACILITY,Ahlstrom-Munksjö Italia S.p.A.
2023-09-18 16:00:00,0.10884999999999999,IT.CAED/100752001.FACILITY,Ahlstrom-Munksjö Italia S.p.A.
2023-09-18 17:00:00,0.10445,IT.CAED/100752001.FACILITY,Ahlstrom-Munksjö Italia S.p.A.
2023-09-18 18:00:00,0.04709000000000001,IT.CAED/100752001.FACILITY,Ahlstrom-Munksjö Italia S.p.A.
2023-09-18 19:00:00,0.0,IT.CAED/100752001.FACILITY,Ahlstrom-Munksjö Italia S.p.A.
2023-09-18 20:00:00,0.0,IT.CAED/100752001.FACILITY,Ahlstrom-Munksjö Italia S.p.A.
2023-09-18 21:00:00,0.0,IT.CAED/100752001.FACILITY,Ahlstrom-Munksjö Italia S.p.A.
2023-09-18 22:00:00,0.0,IT.CAED/100752001.FACILITY,Ahlstrom-Munksjö Italia S.p.A.
2023-09-18 23:00:00,0.0,IT.CAED/100752001.FACILITY,Ahlstrom-Munksjö Italia S.p.A.
2023-09-19 00:00:00,0.0,IT.CAED/100752001.FACILITY,Ahlstrom-Munksjö Italia S.p.A.
2023-09-19 01:00:00,0.0,IT.CAED/100752001.FACILITY,Ahlstrom-Munksjö Italia S.p.A.
2023-09-19 02:00:00,0.0,IT.CAED/100752001.FACILITY,Ahlstrom-Munksjö Italia S.p.A.
2023-09-19 03:00:00,0.0,IT.CAED/100752001.FACILITY,Ahlstrom-Munksjö Italia S.p.A.
2023-09-19 04:00:00,0.0,IT.CAED/100752001.FACILITY,Ahlstrom-Munksjö Italia S.p.A.
2023-09-19 05:00:00,0.0,IT.CAED/100752001.FACILITY,Ahlstrom-Munksjö Italia S.p.A.
2023-09-19 06:00:00,0.0,IT.CAED/100752001.FACILITY,Ahlstrom-Munksjö Italia S.p.A.
2023-09-19 07:00:00,0.0034300000000000003,IT.CAED/100752001.FACILITY,Ahlstrom-Munksjö Italia S.p.A.
2023-09-19 08:00:00,0.15269,IT.CAED/100752001.FACILITY,Ahlstrom-Munksjö Italia S.p.A.
2023-09-19 09:00:00,0.41328,IT.CAED/100752001.FACILITY,Ahlstrom-Munksjö Italia S.p.A.
2023-09-19 10:00:00,0.60248,IT.CAED/100752001.FACILITY,Ahlstrom-Munksjö Italia S.p.A.
2023-09-19 11:00:00,0.7234700000000001,IT.CAED/100752001.FACILITY,Ahlstrom-Munksjö Italia S.p.A.
2023-09-19 12:00:00,0.83088,IT.CAED/100752001.FACILITY,Ahlstrom-Munksjö Italia S.p.A.
2023-09-19 13:00:00,0.74779,IT.CAED/100752001.FACILITY,Ahlstrom-Munksjö Italia S.p.A.
2023-09-19 14:00:00,0.7637200000000001,IT.CAED/100752001.FACILITY,Ahlstrom-Munksjö Italia S.p.A.
2023-09-19 15:00:00,0.59596,IT.CAED/100752001.FACILITY,Ahlstrom-Munksjö Italia S.p.A.
2023-09-19 16:00:00,0.43933,IT.CAED/100752001.FACILITY,Ahlstrom-Munksjö Italia S.p.A.
2023-09-19 17:00:00,0.28123000000000004,IT.CAED/100752001.FACILITY,Ahlstrom-Munksjö Italia S.p.A.
2023-09-19 18:00:00,0.08373,IT.CAED/100752001.FACILITY,Ahlstrom-Munksjö Italia S.p.A.
2023-09-19 19:00:00,0.0,IT.CAED/100752001.FACILITY,Ahlstrom-Munksjö Italia S.p.A.
2023-09-19 20:00:00,0.0,IT.CAED/100752001.FACILITY,Ahlstrom-Munksjö Italia S.p.A.
2023-09-19 21:00:00,0.0,IT.CAED/100752001.FACILITY,Ahlstrom-Munksjö Italia S.p.A.
2023-09-19 22:00:00,0.0,IT.CAED/100752001.FACILITY,Ahlstrom-Munksjö Italia S.p.A.
2023-09-19 23:00:00,0.0,IT.CAED/100752001.FACILITY,Ahlstrom-Munksjö Italia S.p.A.
2023-09-20 00:00:00,0.0,IT.CAED/100752001.FACILITY,Ahlstrom-Munksjö Italia S.p.A.
2023-09-20 01:00:00,0.0,IT.CAED/100752001.FACILITY,Ahlstrom-Munksjö Italia S.p.A.
2023-09-20 02:00:00,0.0,IT.CAED/100752001.FACILITY,Ahlstrom-Munksjö Italia S.p.A.
2023-09-20 03:00:00,0.0,IT.CAED/100752001.FACILITY,Ahlstrom-Munksjö Italia S.p.A.
2023-09-20 04:00:00,0.0,IT.CAED/100752001.FACILITY,Ahlstrom-Munksjö Italia S.p.A.
2023-09-20 05:00:00,0.0,IT.CAED/100752001.FACILITY,Ahlstrom-Munksjö Italia S.p.A.
2023-09-20 06:00:00,0.0,IT.CAED/100752001.FACILITY,Ahlstrom-Munksjö Italia S.p.A.
2023-09-20 07:00:00,5.9999999999999995e-05,IT.CAED/100752001.FACILITY,Ahlstrom-Munksjö Italia S.p.A.
2023-09-20 08:00:00,0.033659999999999995,IT.CAED/100752001.FACILITY,Ahlstrom-Munksjö Italia S.p.A.
2023-09-20 09:00:00,0.06405,IT.CAED/100752001.FACILITY,Ahlstrom-Munksjö Italia S.p.A.
2023-09-20 10:00:00,0.23332,IT.CAED/100752001.FACILITY,Ahlstrom-Munksjö Italia S.p.A.
2023-09-20 11:00:00,0.206,IT.CAED/100752001.FACILITY,Ahlstrom-Munksjö Italia S.p.A.
2023-09-20 12:00:00,0.20572,IT.CAED/100752001.FACILITY,Ahlstrom-Munksjö Italia S.p.A.
2023-09-20 13:00:00,0.43006,IT.CAED/100752001.FACILITY,Ahlstrom-Munksjö Italia S.p.A.
2023-09-20 14:00:00,0.48341,IT.CAED/100752001.FACILITY,Ahlstrom-Munksjö Italia S.p.A.
2023-09-20 15:00:00,0.40364,IT.CAED/100752001.FACILITY,Ahlstrom-Munksjö Italia S.p.A.
2023-09-20 16:00:00,0.17075,IT.CAED/100752001.FACILITY,Ahlstrom-Munksjö Italia S.p.A.
2023-09-20 17:00:00,0.0653,IT.CAED/100752001.FACILITY,Ahlstrom-Munksjö Italia S.p.A.
2023-09-20 18:00:00,0.006889999999999999,IT.CAED/100752001.FACILITY,Ahlstrom-Munksjö Italia S.p.A.
2023-09-20 19:00:00,0.0,IT.CAED/100752001.FACILITY,Ahlstrom-Munksjö Italia S.p.A.
2023-09-20 20:00:00,0.0,IT.CAED/100752001.FACILITY,Ahlstrom-Munksjö Italia S.p.A.
2023-09-20 21:00:00,0.0,IT.CAED/100752001.FACILITY,Ahlstrom-Munksjö Italia S.p.A.
2023-09-20 22:00:00,0.0,IT.CAED/100752001.FACILITY,Ahlstrom-Munksjö Italia S.p.A.
2023-09-20 23:00:00,0.0,IT.CAED/100752001.FACILITY,Ahlstrom-Munksjö Italia S.p.A.
2023-09-21 00:00:00,0.0,IT.CAED/100752001.FACILITY,Ahlstrom-Munksjö Italia S.p.A.
2023-09-21 01:00:00,0.0,IT.CAED/100752001.FACILITY,Ahlstrom-Munksjö Italia S.p.A.
2023-09-21 02:00:00,0.0,IT.CAED/100752001.FACILITY,Ahlstrom-Munksjö Italia S.p.A.
2023-09-21 03:00:00,0.0,IT.CAED/100752001.FACILITY,Ahlstrom-Munksjö Italia S.p.A.
2023-09-21 04:00:00,0.0,IT.CAED/100752001.FACILITY,Ahlstrom-Munksjö Italia S.p.A.
2023-09-21 05:00:00,0.0,IT.CAED/100752001.FACILITY,Ahlstrom-Munksjö Italia S.p.A.
2023-09-21 06:00:00,0.0,IT.CAED/100752001.FACILITY,Ahlstrom-Munksjö Italia S.p.A.
2023-09-21 07:00:00,0.0,IT.CAED/100752001.FACILITY,Ahlstrom-Munksjö Italia S.p.A.
2023-09-21 08:00:00,0.00799,IT.CAED/100752001.FACILITY,Ahlstrom-Munksjö Italia S.p.A.
2023-09-21 09:00:00,0.06556000000000001,IT.CAED/100752001.FACILITY,Ahlstrom-Munksjö Italia S.p.A.
2023-09-21 10:00:00,0.05288,IT.CAED/100752001.FACILITY,Ahlstrom-Munksjö Italia S.p.A.
2023-09-21 11:00:00,0.09627,IT.CAED/100752001.FACILITY,Ahlstrom-Munksjö Italia S.p.A.
2023-09-21 12:00:00,0.11025,IT.CAED/100752001.FACILITY,Ahlstrom-Munksjö Italia S.p.A.
2023-09-21 13:00:00,0.10132,IT.CAED/100752001.FACILITY,Ahlstrom-Munksjö Italia S.p.A.
2023-09-21 14:00:00,0.09137,IT.CAED/100752001.FACILITY,Ahlstrom-Munksjö Italia S.p.A.
2023-09-21 15:00:00,0.09678,IT.CAED/100752001.FACILITY,Ahlstrom-Munksjö Italia S.p.A.
2023-09-21 16:00:00,0.13340000000000002,IT.CAED/100752001.FACILITY,Ahlstrom-Munksjö Italia S.p.A.
2023-09-21 17:00:00,0.058159999999999996,IT.CAED/100752001.FACILITY,Ahlstrom-Munksjö Italia S.p.A.
2023-09-21 18:00:00,0.009179999999999999,IT.CAED/100752001.FACILITY,Ahlstrom-Munksjö Italia S.p.A.
2023-09-21 19:00:00,0.0,IT.CAED/100752001.FACILITY,Ahlstrom-Munksjö Italia S.p.A.
2023-09-21 20:00:00,0.0,IT.CAED/100752001.FACILITY,Ahlstrom-Munksjö Italia S.p.A.
2023-09-21 21:00:00,0.0,IT.CAED/100752001.FACILITY,Ahlstrom-Munksjö Italia S.p.A.
2023-09-21 22:00:00,0.0,IT.CAED/100752001.FACILITY,Ahlstrom-Munksjö Italia S.p.A.
2023-09-21 23:00:00,0.0,IT.CAED/100752001.FACILITY,Ahlstrom-Munksjö Italia S.p.A.
2023-09-22 00:00:00,0.0,IT.CAED/100752001.FACILITY,Ahlstrom-Munksjö Italia S.p.A.
2023-09-22 01:00:00,0.0,IT.CAED/100752001.FACILITY,Ahlstrom-Munksjö Italia S.p.A.
2023-09-22 02:00:00,0.0,IT.CAED/100752001.FACILITY,Ahlstrom-Munksjö Italia S.p.A.
2023-09-22 03:00:00,0.0,IT.CAED/100752001.FACILITY,Ahlstrom-Munksjö Italia S.p.A.
2023-09-22 04:00:00,0.0,IT.CAED/100752001.FACILITY,Ahlstrom-Munksjö Italia S.p.A.
2023-09-22 05:00:00,0.0,IT.CAED/100752001.FACILITY,Ahlstrom-Munksjö Italia S.p.A.
2023-09-22 06:00:00,0.0,IT.CAED/100752001.FACILITY,Ahlstrom-Munksjö Italia S.p.A.
2023-09-22 07:00:00,0.0,IT.CAED/100752001.FACILITY,Ahlstrom-Munksjö Italia S.p.A.
2023-09-22 08:00:00,0.07026,IT.CAED/100752001.FACILITY,Ahlstrom-Munksjö Italia S.p.A.
2023-09-22 09:00:00,0.26965,IT.CAED/100752001.FACILITY,Ahlstrom-Munksjö Italia S.p.A.
2023-09-22 10:00:00,0.39331,IT.CAED/100752001.FACILITY,Ahlstrom-Munksjö Italia S.p.A.
2023-09-22 11:00:00,0.62063,IT.CAED/100752001.FACILITY,Ahlstrom-Munksjö Italia S.p.A.
2023-09-22 12:00:00,0.7117,IT.CAED/100752001.FACILITY,Ahlstrom-Munksjö Italia S.p.A.
2023-09-22 13:00:00,0.77435,IT.CAED/100752001.FACILITY,Ahlstrom-Munksjö Italia S.p.A.
2023-09-22 14:00:00,0.58924,IT.CAED/100752001.FACILITY,Ahlstrom-Munksjö Italia S.p.A.
2023-09-22 15:00:00,0.49907999999999997,IT.CAED/100752001.FACILITY,Ahlstrom-Munksjö Italia S.p.A.
2023-09-22 16:00:00,0.38844999999999996,IT.CAED/100752001.FACILITY,Ahlstrom-Munksjö Italia S.p.A.
2023-09-22 17:00:00,0.17185,IT.CAED/100752001.FACILITY,Ahlstrom-Munksjö Italia S.p.A.
2023-09-22 18:00:00,0.019940000000000003,IT.CAED/100752001.FACILITY,Ahlstrom-Munksjö Italia S.p.A.
2023-09-22 19:00:00,0.0,IT.CAED/100752001.FACILITY,Ahlstrom-Munksjö Italia S.p.A.
2023-09-22 20:00:00,0.0,IT.CAED/100752001.FACILITY,Ahlstrom-Munksjö Italia S.p.A.
2023-09-22 21:00:00,0.0,IT.CAED/100752001.FACILITY,Ahlstrom-Munksjö Italia S.p.A.
2023-09-22 22:00:00,0.0,IT.CAED/100752001.FACILITY,Ahlstrom-Munksjö Italia S.p.A.
2023-09-22 23:00:00,0.0,IT.CAED/100752001.FACILITY,Ahlstrom-Munksjö Italia S.p.A.
2023-09-23 00:00:00,0.0,IT.CAED/100752001.FACILITY,Ahlstrom-Munksjö Italia S.p.A.
2023-09-23 01:00:00,0.0,IT.CAED/100752001.FACILITY,Ahlstrom-Munksjö Italia S.p.A.
2023-09-23 02:00:00,0.0,IT.CAED/100752001.FACILITY,Ahlstrom-Munksjö Italia S.p.A.
2023-09-23 03:00:00,0.0,IT.CAED/100752001.FACILITY,Ahlstrom-Munksjö Italia S.p.A.
2023-09-23 04:00:00,0.0,IT.CAED/100752001.FACILITY,Ahlstrom-Munksjö Italia S.p.A.
2023-09-23 05:00:00,0.0,IT.CAED/100752001.FACILITY,Ahlstrom-Munksjö Italia S.p.A.
2023-09-23 06:00:00,0.0,IT.CAED/100752001.FACILITY,Ahlstrom-Munksjö Italia S.p.A.
2023-09-23 07:00:00,0.00209,IT.CAED/100752001.FACILITY,Ahlstrom-Munksjö Italia S.p.A.
2023-09-23 08:00:00,0.10477,IT.CAED/100752001.FACILITY,Ahlstrom-Munksjö Italia S.p.A.
2023-09-23 09:00:00,0.37219,IT.CAED/100752001.FACILITY,Ahlstrom-Munksjö Italia S.p.A.
2023-09-23 10:00:00,0.51249,IT.CAED/100752001.FACILITY,Ahlstrom-Munksjö Italia S.p.A.
2023-09-23 11:00:00,0.64813,IT.CAED/100752001.FACILITY,Ahlstrom-Munksjö Italia S.p.A.
2023-09-23 12:00:00,0.6969099999999999,IT.CAED/100752001.FACILITY,Ahlstrom-Munksjö Italia S.p.A.
2023-09-23 13:00:00,0.77855,IT.CAED/100752001.FACILITY,Ahlstrom-Munksjö Italia S.p.A.
2023-09-23 14:00:00,0.7756900000000001,IT.CAED/100752001.FACILITY,Ahlstrom-Munksjö Italia S.p.A.
2023-09-23 15:00:00,0.6397999999999999,IT.CAED/100752001.FACILITY,Ahlstrom-Munksjö Italia S.p.A.
2023-09-23 16:00:00,0.56639,IT.CAED/100752001.FACILITY,Ahlstrom-Munksjö Italia S.p.A.
2023-09-23 17:00:00,0.33746,IT.CAED/100752001.FACILITY,Ahlstrom-Munksjö Italia S.p.A.
2023-09-23 18:00:00,0.0192,IT.CAED/100752001.FACILITY,Ahlstrom-Munksjö Italia S.p.A.
2023-09-23 19:00:00,0.0,IT.CAED/100752001.FACILITY,Ahlstrom-Munksjö Italia S.p.A.
2023-09-23 20:00:00,0.0,IT.CAED/100752001.FACILITY,Ahlstrom-Munksjö Italia S.p.A.
2023-09-23 21:00:00,0.0,IT.CAED/100752001.FACILITY,Ahlstrom-Munksjö Italia S.p.A.
2023-09-23 22:00:00,0.0,IT.CAED/100752001.FACILITY,Ahlstrom-Munksjö Italia S.p.A.
2023-09-23 23:00:00,0.0,IT.CAED/100752001.FACILITY,Ahlstrom-Munksjö Italia S.p.A.
2023-09-24 00:00:00,0.0,IT.CAED/100752001.FACILITY,Ahlstrom-Munksjö Italia S.p.A.
2023-09-24 01:00:00,0.0,IT.CAED/100752001.FACILITY,Ahlstrom-Munksjö Italia S.p.A.
2023-09-24 02:00:00,0.0,IT.CAED/100752001.FACILITY,Ahlstrom-Munksjö Italia S.p.A.
2023-09-24 03:00:00,0.0,IT.CAED/100752001.FACILITY,Ahlstrom-Munksjö Italia S.p.A.
2023-09-24 04:00:00,0.0,IT.CAED/100752001.FACILITY,Ahlstrom-Munksjö Italia S.p.A.
2023-09-24 05:00:00,0.0,IT.CAED/100752001.FACILITY,Ahlstrom-Munksjö Italia S.p.A.
2023-09-24 06:00:00,0.0,IT.CAED/100752001.FACILITY,Ahlstrom-Munksjö Italia S.p.A.
2023-09-24 07:00:00,0.00182,IT.CAED/100752001.FACILITY,Ahlstrom-Munksjö Italia S.p.A.
2023-09-24 08:00:00,0.1812,IT.CAED/100752001.FACILITY,Ahlstrom-Munksjö Italia S.p.A.
2023-09-24 09:00:00,0.44467,IT.CAED/100752001.FACILITY,Ahlstrom-Munksjö Italia S.p.A.
2023-09-24 10:00:00,0.64377,IT.CAED/100752001.FACILITY,Ahlstrom-Munksjö Italia S.p.A.
2023-09-24 11:00:00,0.7892,IT.CAED/100752001.FACILITY,Ahlstrom-Munksjö Italia S.p.A.
2023-09-24 12:00:00,0.88293,IT.CAED/100752001.FACILITY,Ahlstrom-Munksjö Italia S.p.A.
2023-09-24 13:00:00,0.90223,IT.CAED/100752001.FACILITY,Ahlstrom-Munksjö Italia S.p.A.
2023-09-24 14:00:00,0.8634299999999999,IT.CAED/100752001.FACILITY,Ahlstrom-Munksjö Italia S.p.A.
2023-09-24 15:00:00,0.75227,IT.CAED/100752001.FACILITY,Ahlstrom-Munksjö Italia S.p.A.
2023-09-24 16:00:00,0.57917,IT.CAED/100752001.FACILITY,Ahlstrom-Munksjö Italia S.p.A.
2023-09-24 17:00:00,0.34752999999999995,IT.CAED/100752001.FACILITY,Ahlstrom-Munksjö Italia S.p.A.
2023-09-24 18:00:00,0.0175,IT.CAED/100752001.FACILITY,Ahlstrom-Munksjö Italia S.p.A.
2023-09-24 19:00:00,0.0,IT.CAED/100752001.FACILITY,Ahlstrom-Munksjö Italia S.p.A.
2023-09-24 20:00:00,0.0,IT.CAED/100752001.FACILITY,Ahlstrom-Munksjö Italia S.p.A.
2023-09-24 21:00:00,0.0,IT.CAED/100752001.FACILITY,Ahlstrom-Munksjö Italia S.p.A.
2023-09-24 22:00:00,0.0,IT.CAED/100752001.FACILITY,Ahlstrom-Munksjö Italia S.p.A.
2023-09-24 23:00:00,0.0,IT.CAED/100752001.FACILITY,Ahlstrom-Munksjö Italia S.p.A.
2023-09-25 00:00:00,0.0,IT.CAED/100752001.FACILITY,Ahlstrom-Munksjö Italia S.p.A.
2023-09-25 01:00:00,0.0,IT.CAED/100752001.FACILITY,Ahlstrom-Munksjö Italia S.p.A.
2023-09-25 02:00:00,0.0,IT.CAED/100752001.FACILITY,Ahlstrom-Munksjö Italia S.p.A.
2023-09-25 03:00:00,0.0,IT.CAED/100752001.FACILITY,Ahlstrom-Munksjö Italia S.p.A.
2023-09-25 04:00:00,0.0,IT.CAED/100752001.FACILITY,Ahlstrom-Munksjö Italia S.p.A.
2023-09-25 05:00:00,0.0,IT.CAED/100752001.FACILITY,Ahlstrom-Munksjö Italia S.p.A.
2023-09-25 06:00:00,0.0,IT.CAED/100752001.FACILITY,Ahlstrom-Munksjö Italia S.p.A.
2023-09-25 07:00:00,0.0014199999999999998,IT.CAED/100752001.FACILITY,Ahlstrom-Munksjö Italia S.p.A.
2023-09-25 08:00:00,0.16957,IT.CAED/100752001.FACILITY,Ahlstrom-Munksjö Italia S.p.A.
2023-09-25 09:00:00,0.42695,IT.CAED/100752001.FACILITY,Ahlstrom-Munksjö Italia S.p.A.
2023-09-25 10:00:00,0.62929,IT.CAED/100752001.FACILITY,Ahlstrom-Munksjö Italia S.p.A.
2023-09-25 11:00:00,0.78199,IT.CAED/100752001.FACILITY,Ahlstrom-Munksjö Italia S.p.A.
2023-09-25 12:00:00,0.87014,IT.CAED/100752001.FACILITY,Ahlstrom-Munksjö Italia S.p.A.
2023-09-25 13:00:00,0.8866900000000001,IT.CAED/100752001.FACILITY,Ahlstrom-Munksjö Italia S.p.A.
2023-09-25 14:00:00,0.84521,IT.CAED/100752001.FACILITY,Ahlstrom-Munksjö Italia S.p.A.
2023-09-25 15:00:00,0.7422799999999999,IT.CAED/100752001.FACILITY,Ahlstrom-Munksjö Italia S.p.A.
2023-09-25 16:00:00,0.57174,IT.CAED/100752001.FACILITY,Ahlstrom-Munksjö Italia S.p.A.
2023-09-25 17:00:00,0.34146,IT.CAED/100752001.FACILITY,Ahlstrom-Munksjö Italia S.p.A.
2023-09-25 18:00:00,0.01653,IT.CAED/100752001.FACILITY,Ahlstrom-Munksjö Italia S.p.A.
2023-09-25 19:00:00,0.0,IT.CAED/100752001.FACILITY,Ahlstrom-Munksjö Italia S.p.A.
2023-09-25 20:00:00,0.0,IT.CAED/100752001.FACILITY,Ahlstrom-Munksjö Italia S.p.A.
2023-09-25 21:00:00,0.0,IT.CAED/100752001.FACILITY,Ahlstrom-Munksjö Italia S.p.A.
2023-09-25 22:00:00,0.0,IT.CAED/100752001.FACILITY,Ahlstrom-Munksjö Italia S.p.A.
2023-09-25 23:00:00,0.0,IT.CAED/100752001.FACILITY,Ahlstrom-Munksjö Italia S.p.A.
2023-09-26 00:00:00,0.0,IT.CAED/100752001.FACILITY,Ahlstrom-Munksjö Italia S.p.A.
2023-09-26 01:00:00,0.0,IT.CAED/100752001.FACILITY,Ahlstrom-Munksjö Italia S.p.A.
2023-09-26 02:00:00,0.0,IT.CAED/100752001.FACILITY,Ahlstrom-Munksjö Italia S.p.A.
2023-09-26 03:00:00,0.0,IT.CAED/100752001.FACILITY,Ahlstrom-Munksjö Italia S.p.A.
2023-09-26 04:00:00,0.0,IT.CAED/100752001.FACILITY,Ahlstrom-Munksjö Italia S.p.A.
2023-09-26 05:00:00,0.0,IT.CAED/100752001.FACILITY,Ahlstrom-Munksjö Italia S.p.A.
2023-09-26 06:00:00,0.0,IT.CAED/100752001.FACILITY,Ahlstrom-Munksjö Italia S.p.A.
2023-09-26 07:00:00,0.00111,IT.CAED/100752001.FACILITY,Ahlstrom-Munksjö Italia S.p.A.
2023-09-26 08:00:00,0.16682,IT.CAED/100752001.FACILITY,Ahlstrom-Munksjö Italia S.p.A.
2023-09-26 09:00:00,0.42425999999999997,IT.CAED/100752001.FACILITY,Ahlstrom-Munksjö Italia S.p.A.
2023-09-26 10:00:00,0.61679,IT.CAED/100752001.FACILITY,Ahlstrom-Munksjö Italia S.p.A.
2023-09-26 11:00:00,0.7595,IT.CAED/100752001.FACILITY,Ahlstrom-Munksjö Italia S.p.A.
2023-09-26 12:00:00,0.8428,IT.CAED/100752001.FACILITY,Ahlstrom-Munksjö Italia S.p.A.
2023-09-26 13:00:00,0.85682,IT.CAED/100752001.FACILITY,Ahlstrom-Munksjö Italia S.p.A.
2023-09-26 14:00:00,0.81433,IT.CAED/100752001.FACILITY,Ahlstrom-Munksjö Italia S.p.A.
2023-09-26 15:00:00,0.71335,IT.CAED/100752001.FACILITY,Ahlstrom-Munksjö Italia S.p.A.
2023-09-26 16:00:00,0.54834,IT.CAED/100752001.FACILITY,Ahlstrom-Munksjö Italia S.p.A.
2023-09-26 17:00:00,0.32458,IT.CAED/100752001.FACILITY,Ahlstrom-Munksjö Italia S.p.A.
2023-09-26 18:00:00,0.015179999999999999,IT.CAED/100752001.FACILITY,Ahlstrom-Munksjö Italia S.p.A.
2023-09-26 19:00:00,0.0,IT.CAED/100752001.FACILITY,Ahlstrom-Munksjö Italia S.p.A.
2023-09-26 20:00:00,0.0,IT.CAED/100752001.FACILITY,Ahlstrom-Munksjö Italia S.p.A.
2023-09-26 21:00:00,0.0,IT.CAED/100752001.FACILITY,Ahlstrom-Munksjö Italia S.p.A.
2023-09-26 22:00:00,0.0,IT.CAED/100752001.FACILITY,Ahlstrom-Munksjö Italia S.p.A.
2023-09-26 23:00:00,0.0,IT.CAED/100752001.FACILITY,Ahlstrom-Munksjö Italia S.p.A.
2023-09-27 00:00:00,0.0,IT.CAED/100752001.FACILITY,Ahlstrom-Munksjö Italia S.p.A.
2023-09-27 01:00:00,0.0,IT.CAED/100752001.FACILITY,Ahlstrom-Munksjö Italia S.p.A.
2023-09-27 02:00:00,0.0,IT.CAED/100752001.FACILITY,Ahlstrom-Munksjö Italia S.p.A.
2023-09-27 03:00:00,0.0,IT.CAED/100752001.FACILITY,Ahlstrom-Munksjö Italia S.p.A.
2023-09-27 04:00:00,0.0,IT.CAED/100752001.FACILITY,Ahlstrom-Munksjö Italia S.p.A.
2023-09-27 05:00:00,0.0,IT.CAED/100752001.FACILITY,Ahlstrom-Munksjö Italia S.p.A.
2023-09-27 06:00:00,0.0,IT.CAED/100752001.FACILITY,Ahlstrom-Munksjö Italia S.p.A.
2023-09-27 07:00:00,0.00087,IT.CAED/100752001.FACILITY,Ahlstrom-Munksjö Italia S.p.A.
2023-09-27 08:00:00,0.1403,IT.CAED/100752001.FACILITY,Ahlstrom-Munksjö Italia S.p.A.
2023-09-27 09:00:00,0.40886,IT.CAED/100752001.FACILITY,Ahlstrom-Munksjö Italia S.p.A.
2023-09-27 10:00:00,0.6037,IT.CAED/100752001.FACILITY,Ahlstrom-Munksjö Italia S.p.A.
2023-09-27 11:00:00,0.73902,IT.CAED/100752001.FACILITY,Ahlstrom-Munksjö Italia S.p.A.
2023-09-27 12:00:00,0.83086,IT.CAED/100752001.FACILITY,Ahlstrom-Munksjö Italia S.p.A.
2023-09-27 13:00:00,0.8507899999999999,IT.CAED/100752001.FACILITY,Ahlstrom-Munksjö Italia S.p.A.
2023-09-27 14:00:00,0.8084199999999999,IT.CAED/100752001.FACILITY,Ahlstrom-Munksjö Italia S.p.A.
2023-09-27 15:00:00,0.70573,IT.CAED/100752001.FACILITY,Ahlstrom-Munksjö Italia S.p.A.
2023-09-27 16:00:00,0.53398,IT.CAED/100752001.FACILITY,Ahlstrom-Munksjö Italia S.p.A.
2023-09-27 17:00:00,0.31764,IT.CAED/100752001.FACILITY,Ahlstrom-Munksjö Italia S.p.A.
2023-09-27 18:00:00,0.01418,IT.CAED/100752001.FACILITY,Ahlstrom-Munksjö Italia S.p.A.
2023-09-27 19:00:00,0.0,IT.CAED/100752001.FACILITY,Ahlstrom-Munksjö Italia S.p.A.
2023-09-27 20:00:00,0.0,IT.CAED/100752001.FACILITY,Ahlstrom-Munksjö Italia S.p.A.
2023-09-27 21:00:00,0.0,IT.CAED/100752001.FACILITY,Ahlstrom-Munksjö Italia S.p.A.
2023-09-27 22:00:00,0.0,IT.CAED/100752001.FACILITY,Ahlstrom-Munksjö Italia S.p.A.
2023-09-27 23:00:00,0.0,IT.CAED/100752001.FACILITY,Ahlstrom-Munksjö Italia S.p.A.
2023-09-28 00:00:00,0.0,IT.CAED/100752001.FACILITY,Ahlstrom-Munksjö Italia S.p.A.
2023-09-28 01:00:00,0.0,IT.CAED/100752001.FACILITY,Ahlstrom-Munksjö Italia S.p.A.
2023-09-28 02:00:00,0.0,IT.CAED/100752001.FACILITY,Ahlstrom-Munksjö Italia S.p.A.
2023-09-28 03:00:00,0.0,IT.CAED/100752001.FACILITY,Ahlstrom-Munksjö Italia S.p.A.
2023-09-28 04:00:00,0.0,IT.CAED/100752001.FACILITY,Ahlstrom-Munksjö Italia S.p.A.
2023-09-28 05:00:00,0.0,IT.CAED/100752001.FACILITY,Ahlstrom-Munksjö Italia S.p.A.
2023-09-28 06:00:00,0.0,IT.CAED/100752001.FACILITY,Ahlstrom-Munksjö Italia S.p.A.
2023-09-28 07:00:00,0.00074,IT.CAED/100752001.FACILITY,Ahlstrom-Munksjö Italia S.p.A.
2023-09-28 08:00:00,0.14508000000000001,IT.CAED/100752001.FACILITY,Ahlstrom-Munksjö Italia S.p.A.
2023-09-28 09:00:00,0.36789,IT.CAED/100752001.FACILITY,Ahlstrom-Munksjö Italia S.p.A.
2023-09-28 10:00:00,0.54608,IT.CAED/100752001.FACILITY,Ahlstrom-Munksjö Italia S.p.A.
2023-09-28 11:00:00,0.6873400000000001,IT.CAED/100752001.FACILITY,Ahlstrom-Munksjö Italia S.p.A.
2023-09-28 12:00:00,0.7799299999999999,IT.CAED/100752001.FACILITY,Ahlstrom-Munksjö Italia S.p.A.
2023-09-28 13:00:00,0.7961900000000001,IT.CAED/100752001.FACILITY,Ahlstrom-Munksjö Italia S.p.A.
2023-09-28 14:00:00,0.739,IT.CAED/100752001.FACILITY,Ahlstrom-Munksjö Italia S.p.A.
2023-09-28 15:00:00,0.67213,IT.CAED/100752001.FACILITY,Ahlstrom-Munksjö Italia S.p.A.
2023-09-28 16:00:00,0.49422000000000005,IT.CAED/100752001.FACILITY,Ahlstrom-Munksjö Italia S.p.A.
2023-09-28 17:00:00,0.27455,IT.CAED/100752001.FACILITY,Ahlstrom-Munksjö Italia S.p.A.
2023-09-28 18:00:00,0.01348,IT.CAED/100752001.FACILITY,Ahlstrom-Munksjö Italia S.p.A.
2023-09-28 19:00:00,0.0,IT.CAED/100752001.FACILITY,Ahlstrom-Munksjö Italia S.p.A.
2023-09-28 20:00:00,0.0,IT.CAED/100752001.FACILITY,Ahlstrom-Munksjö Italia S.p.A.
2023-09-28 21:00:00,0.0,IT.CAED/100752001.FACILITY,Ahlstrom-Munksjö Italia S.p.A.
2023-09-28 22:00:00,0.0,IT.CAED/100752001.FACILITY,Ahlstrom-Munksjö Italia S.p.A.
2023-09-28 23:00:00,0.0,IT.CAED/100752001.FACILITY,Ahlstrom-Munksjö Italia S.p.A.
2023-09-29 00:00:00,0.0,IT.CAED/100752001.FACILITY,Ahlstrom-Munksjö Italia S.p.A.
2023-09-29 01:00:00,0.0,IT.CAED/100752001.FACILITY,Ahlstrom-Munksjö Italia S.p.A.
2023-09-29 02:00:00,0.0,IT.CAED/100752001.FACILITY,Ahlstrom-Munksjö Italia S.p.A.
2023-09-29 03:00:00,0.0,IT.CAED/100752001.FACILITY,Ahlstrom-Munksjö Italia S.p.A.
2023-09-29 04:00:00,0.0,IT.CAED/100752001.FACILITY,Ahlstrom-Munksjö Italia S.p.A.
2023-09-29 05:00:00,0.0,IT.CAED/100752001.FACILITY,Ahlstrom-Munksjö Italia S.p.A.
2023-09-29 06:00:00,0.0,IT.CAED/100752001.FACILITY,Ahlstrom-Munksjö Italia S.p.A.
2023-09-29 07:00:00,0.00025,IT.CAED/100752001.FACILITY,Ahlstrom-Munksjö Italia S.p.A.
2023-09-29 08:00:00,0.14646,IT.CAED/100752001.FACILITY,Ahlstrom-Munksjö Italia S.p.A.
2023-09-29 09:00:00,0.38062999999999997,IT.CAED/100752001.FACILITY,Ahlstrom-Munksjö Italia S.p.A.
2023-09-29 10:00:00,0.58856,IT.CAED/100752001.FACILITY,Ahlstrom-Munksjö Italia S.p.A.
2023-09-29 11:00:00,0.74612,IT.CAED/100752001.FACILITY,Ahlstrom-Munksjö Italia S.p.A.
2023-09-29 12:00:00,0.83085,IT.CAED/100752001.FACILITY,Ahlstrom-Munksjö Italia S.p.A.
2023-09-29 13:00:00,0.85019,IT.CAED/100752001.FACILITY,Ahlstrom-Munksjö Italia S.p.A.
2023-09-29 14:00:00,0.8081900000000001,IT.CAED/100752001.FACILITY,Ahlstrom-Munksjö Italia S.p.A.
2023-09-29 15:00:00,0.70217,IT.CAED/100752001.FACILITY,Ahlstrom-Munksjö Italia S.p.A.
2023-09-29 16:00:00,0.5333,IT.CAED/100752001.FACILITY,Ahlstrom-Munksjö Italia S.p.A.
2023-09-29 17:00:00,0.30733,IT.CAED/100752001.FACILITY,Ahlstrom-Munksjö Italia S.p.A.
2023-09-29 18:00:00,0.012119999999999999,IT.CAED/100752001.FACILITY,Ahlstrom-Munksjö Italia S.p.A.
2023-09-29 19:00:00,0.0,IT.CAED/100752001.FACILITY,Ahlstrom-Munksjö Italia S.p.A.
2023-09-29 20:00:00,0.0,IT.CAED/100752001.FACILITY,Ahlstrom-Munksjö Italia S.p.A.
2023-09-29 21:00:00,0.0,IT.CAED/100752001.FACILITY,Ahlstrom-Munksjö Italia S.p.A.
2023-09-29 22:00:00,0.0,IT.CAED/100752001.FACILITY,Ahlstrom-Munksjö Italia S.p.A.
2023-09-29 23:00:00,0.0,IT.CAED/100752001.FACILITY,Ahlstrom-Munksjö Italia S.p.A.
2023-09-30 00:00:00,0.0,IT.CAED/100752001.FACILITY,Ahlstrom-Munksjö Italia S.p.A.
2023-09-30 01:00:00,0.0,IT.CAED/100752001.FACILITY,Ahlstrom-Munksjö Italia S.p.A.
2023-09-30 02:00:00,0.0,IT.CAED/100752001.FACILITY,Ahlstrom-Munksjö Italia S.p.A.
2023-09-30 03:00:00,0.0,IT.CAED/100752001.FACILITY,Ahlstrom-Munksjö Italia S.p.A.
2023-09-30 04:00:00,0.0,IT.CAED/100752001.FACILITY,Ahlstrom-Munksjö Italia S.p.A.
2023-09-30 05:00:00,0.0,IT.CAED/100752001.FACILITY,Ahlstrom-Munksjö Italia S.p.A.
2023-09-30 06:00:00,0.0,IT.CAED/100752001.FACILITY,Ahlstrom-Munksjö Italia S.p.A.
2023-09-30 07:00:00,0.0,IT.CAED/100752001.FACILITY,Ahlstrom-Munksjö Italia S.p.A.
2023-09-30 08:00:00,0.12049,IT.CAED/100752001.FACILITY,Ahlstrom-Munksjö Italia S.p.A.
2023-09-30 09:00:00,0.35252999999999995,IT.CAED/100752001.FACILITY,Ahlstrom-Munksjö Italia S.p.A.
2023-09-30 10:00:00,0.56987,IT.CAED/100752001.FACILITY,Ahlstrom-Munksjö Italia S.p.A.
2023-09-30 11:00:00,0.71101,IT.CAED/100752001.FACILITY,Ahlstrom-Munksjö Italia S.p.A.
2023-09-30 12:00:00,0.7739400000000001,IT.CAED/100752001.FACILITY,Ahlstrom-Munksjö Italia S.p.A.
2023-09-30 13:00:00,0.74707,IT.CAED/100752001.FACILITY,Ahlstrom-Munksjö Italia S.p.A.
2023-09-30 14:00:00,0.74803,IT.CAED/100752001.FACILITY,Ahlstrom-Munksjö Italia S.p.A.
2023-09-30 15:00:00,0.57426,IT.CAED/100752001.FACILITY,Ahlstrom-Munksjö Italia S.p.A.
2023-09-30 16:00:00,0.44282,IT.CAED/100752001.FACILITY,Ahlstrom-Munksjö Italia S.p.A.
2023-09-30 17:00:00,0.21463,IT.CAED/100752001.FACILITY,Ahlstrom-Munksjö Italia S.p.A.
2023-09-30 18:00:00,0.01094,IT.CAED/100752001.FACILITY,Ahlstrom-Munksjö Italia S.p.A.
2023-09-30 19:00:00,0.0,IT.CAED/100752001.FACILITY,Ahlstrom-Munksjö Italia S.p.A.
2023-09-30 20:00:00,0.0,IT.CAED/100752001.FACILITY,Ahlstrom-Munksjö Italia S.p.A.
2023-09-30 21:00:00,0.0,IT.CAED/100752001.FACILITY,Ahlstrom-Munksjö Italia S.p.A.
2023-09-30 22:00:00,0.0,IT.CAED/100752001.FACILITY,Ahlstrom-Munksjö Italia S.p.A.
2023-09-30 23:00:00,0.0,IT.CAED/100752001.FACILITY,Ahlstrom-Munksjö Italia S.p.A.
2023-10-01 00:00:00,0.0,IT.CAED/100752001.FACILITY,Ahlstrom-Munksjö Italia S.p.A.
2023-10-01 01:00:00,0.0,IT.CAED/100752001.FACILITY,Ahlstrom-Munksjö Italia S.p.A.
2023-10-01 02:00:00,0.0,IT.CAED/100752001.FACILITY,Ahlstrom-Munksjö Italia S.p.A.
2023-10-01 03:00:00,0.0,IT.CAED/100752001.FACILITY,Ahlstrom-Munksjö Italia S.p.A.
2023-10-01 04:00:00,0.0,IT.CAED/100752001.FACILITY,Ahlstrom-Munksjö Italia S.p.A.
2023-10-01 05:00:00,0.0,IT.CAED/100752001.FACILITY,Ahlstrom-Munksjö Italia S.p.A.
2023-10-01 06:00:00,0.0,IT.CAED/100752001.FACILITY,Ahlstrom-Munksjö Italia S.p.A.
2023-10-01 07:00:00,0.0,IT.CAED/100752001.FACILITY,Ahlstrom-Munksjö Italia S.p.A.
2023-10-01 08:00:00,0.12383,IT.CAED/100752001.FACILITY,Ahlstrom-Munksjö Italia S.p.A.
2023-10-01 09:00:00,0.29919,IT.CAED/100752001.FACILITY,Ahlstrom-Munksjö Italia S.p.A.
2023-10-01 10:00:00,0.56863,IT.CAED/100752001.FACILITY,Ahlstrom-Munksjö Italia S.p.A.
2023-10-01 11:00:00,0.67418,IT.CAED/100752001.FACILITY,Ahlstrom-Munksjö Italia S.p.A.
2023-10-01 12:00:00,0.75422,IT.CAED/100752001.FACILITY,Ahlstrom-Munksjö Italia S.p.A.
2023-10-01 13:00:00,0.8012699999999999,IT.CAED/100752001.FACILITY,Ahlstrom-Munksjö Italia S.p.A.
2023-10-01 14:00:00,0.77725,IT.CAED/100752001.FACILITY,Ahlstrom-Munksjö Italia S.p.A.
2023-10-01 15:00:00,0.68668,IT.CAED/100752001.FACILITY,Ahlstrom-Munksjö Italia S.p.A.
2023-10-01 16:00:00,0.477,IT.CAED/100752001.FACILITY,Ahlstrom-Munksjö Italia S.p.A.
2023-10-01 17:00:00,0.29702,IT.CAED/100752001.FACILITY,Ahlstrom-Munksjö Italia S.p.A.
2023-10-01 18:00:00,0.01042,IT.CAED/100752001.FACILITY,Ahlstrom-Munksjö Italia S.p.A.
2023-10-01 19:00:00,0.0,IT.CAED/100752001.FACILITY,Ahlstrom-Munksjö Italia S.p.A.
2023-10-01 20:00:00,0.0,IT.CAED/100752001.FACILITY,Ahlstrom-Munksjö Italia S.p.A.
2023-10-01 21:00:00,0.0,IT.CAED/100752001.FACILITY,Ahlstrom-Munksjö Italia S.p.A.
2023-10-01 22:00:00,0.0,IT.CAED/100752001.FACILITY,Ahlstrom-Munksjö Italia S.p.A.
2023-10-01 23:00:00,0.0,IT.CAED/100752001.FACILITY,Ahlstrom-Munksjö Italia S.p.A.
2023-10-02 00:00:00,0.0,IT.CAED/100752001.FACILITY,Ahlstrom-Munksjö Italia S.p.A.
2023-10-02 01:00:00,0.0,IT.CAED/100752001.FACILITY,Ahlstrom-Munksjö Italia S.p.A.
2023-10-02 02:00:00,0.0,IT.CAED/100752001.FACILITY,Ahlstrom-Munksjö Italia S.p.A.
2023-10-02 03:00:00,0.0,IT.CAED/100752001.FACILITY,Ahlstrom-Munksjö Italia S.p.A.
2023-10-02 04:00:00,0.0,IT.CAED/100752001.FACILITY,Ahlstrom-Munksjö Italia S.p.A.
2023-10-02 05:00:00,0.0,IT.CAED/100752001.FACILITY,Ahlstrom-Munksjö Italia S.p.A.
2023-10-02 06:00:00,0.0,IT.CAED/100752001.FACILITY,Ahlstrom-Munksjö Italia S.p.A.
2023-10-02 07:00:00,0.0,IT.CAED/100752001.FACILITY,Ahlstrom-Munksjö Italia S.p.A.
2023-10-02 08:00:00,0.11814,IT.CAED/100752001.FACILITY,Ahlstrom-Munksjö Italia S.p.A.
2023-10-02 09:00:00,0.34298,IT.CAED/100752001.FACILITY,Ahlstrom-Munksjö Italia S.p.A.
2023-10-02 10:00:00,0.5175299999999999,IT.CAED/100752001.FACILITY,Ahlstrom-Munksjö Italia S.p.A.
2023-10-02 11:00:00,0.5734199999999999,IT.CAED/100752001.FACILITY,Ahlstrom-Munksjö Italia S.p.A.
2023-10-02 12:00:00,0.65599,IT.CAED/100752001.FACILITY,Ahlstrom-Munksjö Italia S.p.A.
2023-10-02 13:00:00,0.61988,IT.CAED/100752001.FACILITY,Ahlstrom-Munksjö Italia S.p.A.
2023-10-02 14:00:00,0.43045,IT.CAED/100752001.FACILITY,Ahlstrom-Munksjö Italia S.p.A.
2023-10-02 15:00:00,0.53825,IT.CAED/100752001.FACILITY,Ahlstrom-Munksjö Italia S.p.A.
2023-10-02 16:00:00,0.29984,IT.CAED/100752001.FACILITY,Ahlstrom-Munksjö Italia S.p.A.
2023-10-02 17:00:00,0.22933,IT.CAED/100752001.FACILITY,Ahlstrom-Munksjö Italia S.p.A.
2023-10-02 18:00:00,0.01239,IT.CAED/100752001.FACILITY,Ahlstrom-Munksjö Italia S.p.A.
2023-10-02 19:00:00,0.0,IT.CAED/100752001.FACILITY,Ahlstrom-Munksjö Italia S.p.A.
2023-10-02 20:00:00,0.0,IT.CAED/100752001.FACILITY,Ahlstrom-Munksjö Italia S.p.A.
2023-10-02 21:00:00,0.0,IT.CAED/100752001.FACILITY,Ahlstrom-Munksjö Italia S.p.A.
2023-10-02 22:00:00,0.0,IT.CAED/100752001.FACILITY,Ahlstrom-Munksjö Italia S.p.A.
2023-10-02 23:00:00,0.0,IT.CAED/100752001.FACILITY,Ahlstrom-Munksjö Italia S.p.A.
2023-10-03 00:00:00,0.0,IT.CAED/100752001.FACILITY,Ahlstrom-Munksjö Italia S.p.A.
2023-10-03 01:00:00,0.0,IT.CAED/100752001.FACILITY,Ahlstrom-Munksjö Italia S.p.A.
2023-10-03 02:00:00,0.0,IT.CAED/100752001.FACILITY,Ahlstrom-Munksjö Italia S.p.A.
2023-10-03 03:00:00,0.0,IT.CAED/100752001.FACILITY,Ahlstrom-Munksjö Italia S.p.A.
2023-10-03 04:00:00,0.0,IT.CAED/100752001.FACILITY,Ahlstrom-Munksjö Italia S.p.A.
2023-10-03 05:00:00,0.0,IT.CAED/100752001.FACILITY,Ahlstrom-Munksjö Italia S.p.A.
2023-10-03 06:00:00,0.0,IT.CAED/100752001.FACILITY,Ahlstrom-Munksjö Italia S.p.A.
2023-10-03 07:00:00,0.0,IT.CAED/100752001.FACILITY,Ahlstrom-Munksjö Italia S.p.A.
2023-10-03 08:00:00,0.05489,IT.CAED/100752001.FACILITY,Ahlstrom-Munksjö Italia S.p.A.
2023-10-03 09:00:00,0.24738,IT.CAED/100752001.FACILITY,Ahlstrom-Munksjö Italia S.p.A.
2023-10-03 10:00:00,0.4013,IT.CAED/100752001.FACILITY,Ahlstrom-Munksjö Italia S.p.A.
2023-10-03 11:00:00,0.60805,IT.CAED/100752001.FACILITY,Ahlstrom-Munksjö Italia S.p.A.
2023-10-03 12:00:00,0.6582,IT.CAED/100752001.FACILITY,Ahlstrom-Munksjö Italia S.p.A.
2023-10-03 13:00:00,0.6851,IT.CAED/100752001.FACILITY,Ahlstrom-Munksjö Italia S.p.A.
2023-10-03 14:00:00,0.66031,IT.CAED/100752001.FACILITY,Ahlstrom-Munksjö Italia S.p.A.
2023-10-03 15:00:00,0.64262,IT.CAED/100752001.FACILITY,Ahlstrom-Munksjö Italia S.p.A.
2023-10-03 16:00:00,0.49401,IT.CAED/100752001.FACILITY,Ahlstrom-Munksjö Italia S.p.A.
2023-10-03 17:00:00,0.27738999999999997,IT.CAED/100752001.FACILITY,Ahlstrom-Munksjö Italia S.p.A.
2023-10-03 18:00:00,0.00809,IT.CAED/100752001.FACILITY,Ahlstrom-Munksjö Italia S.p.A.
2023-10-03 19:00:00,0.0,IT.CAED/100752001.FACILITY,Ahlstrom-Munksjö Italia S.p.A.
2023-10-03 20:00:00,0.0,IT.CAED/100752001.FACILITY,Ahlstrom-Munksjö Italia S.p.A.
2023-10-03 21:00:00,0.0,IT.CAED/100752001.FACILITY,Ahlstrom-Munksjö Italia S.p.A.
2023-10-03 22:00:00,0.0,IT.CAED/100752001.FACILITY,Ahlstrom-Munksjö Italia S.p.A.
2023-10-03 23:00:00,0.0,IT.CAED/100752001.FACILITY,Ahlstrom-Munksjö Italia S.p.A.
2023-10-04 00:00:00,0.0,IT.CAED/100752001.FACILITY,Ahlstrom-Munksjö Italia S.p.A.
2023-10-04 01:00:00,0.0,IT.CAED/100752001.FACILITY,Ahlstrom-Munksjö Italia S.p.A.
2023-10-04 02:00:00,0.0,IT.CAED/100752001.FACILITY,Ahlstrom-Munksjö Italia S.p.A.
2023-10-04 03:00:00,0.0,IT.CAED/100752001.FACILITY,Ahlstrom-Munksjö Italia S.p.A.
2023-10-04 04:00:00,0.0,IT.CAED/100752001.FACILITY,Ahlstrom-Munksjö Italia S.p.A.
2023-10-04 05:00:00,0.0,IT.CAED/100752001.FACILITY,Ahlstrom-Munksjö Italia S.p.A.
2023-10-04 06:00:00,0.0,IT.CAED/100752001.FACILITY,Ahlstrom-Munksjö Italia S.p.A.
2023-10-04 07:00:00,0.0,IT.CAED/100752001.FACILITY,Ahlstrom-Munksjö Italia S.p.A.
2023-10-04 08:00:00,0.10837000000000001,IT.CAED/100752001.FACILITY,Ahlstrom-Munksjö Italia S.p.A.
2023-10-04 09:00:00,0.34911000000000003,IT.CAED/100752001.FACILITY,Ahlstrom-Munksjö Italia S.p.A.
2023-10-04 10:00:00,0.53501,IT.CAED/100752001.FACILITY,Ahlstrom-Munksjö Italia S.p.A.
2023-10-04 11:00:00,0.67786,IT.CAED/100752001.FACILITY,Ahlstrom-Munksjö Italia S.p.A.
2023-10-04 12:00:00,0.58445,IT.CAED/100752001.FACILITY,Ahlstrom-Munksjö Italia S.p.A.
2023-10-04 13:00:00,0.69474,IT.CAED/100752001.FACILITY,Ahlstrom-Munksjö Italia S.p.A.
2023-10-04 14:00:00,0.41607,IT.CAED/100752001.FACILITY,Ahlstrom-Munksjö Italia S.p.A.
2023-10-04 15:00:00,0.32573,IT.CAED/100752001.FACILITY,Ahlstrom-Munksjö Italia S.p.A.
2023-10-04 16:00:00,0.25744,IT.CAED/100752001.FACILITY,Ahlstrom-Munksjö Italia S.p.A.
2023-10-04 17:00:00,0.05539,IT.CAED/100752001.FACILITY,Ahlstrom-Munksjö Italia S.p.A.
2023-10-04 18:00:00,0.008369999999999999,IT.CAED/100752001.FACILITY,Ahlstrom-Munksjö Italia S.p.A.
2023-10-04 19:00:00,0.0,IT.CAED/100752001.FACILITY,Ahlstrom-Munksjö Italia S.p.A.
2023-10-04 20:00:00,0.0,IT.CAED/100752001.FACILITY,Ahlstrom-Munksjö Italia S.p.A.
2023-10-04 21:00:00,0.0,IT.CAED/100752001.FACILITY,Ahlstrom-Munksjö Italia S.p.A.
2023-10-04 22:00:00,0.0,IT.CAED/100752001.FACILITY,Ahlstrom-Munksjö Italia S.p.A.
2023-10-04 23:00:00,0.0,IT.CAED/100752001.FACILITY,Ahlstrom-Munksjö Italia S.p.A.
2023-10-05 00:00:00,0.0,IT.CAED/100752001.FACILITY,Ahlstrom-Munksjö Italia S.p.A.
2023-10-05 01:00:00,0.0,IT.CAED/100752001.FACILITY,Ahlstrom-Munksjö Italia S.p.A.
2023-10-05 02:00:00,0.0,IT.CAED/100752001.FACILITY,Ahlstrom-Munksjö Italia S.p.A.
2023-10-05 03:00:00,0.0,IT.CAED/100752001.FACILITY,Ahlstrom-Munksjö Italia S.p.A.
2023-10-05 04:00:00,0.0,IT.CAED/100752001.FACILITY,Ahlstrom-Munksjö Italia S.p.A.
2023-10-05 05:00:00,0.0,IT.CAED/100752001.FACILITY,Ahlstrom-Munksjö Italia S.p.A.
2023-10-05 06:00:00,0.0,IT.CAED/100752001.FACILITY,Ahlstrom-Munksjö Italia S.p.A.
2023-10-05 07:00:00,0.0,IT.CAED/100752001.FACILITY,Ahlstrom-Munksjö Italia S.p.A.
2023-10-05 08:00:00,0.03402,IT.CAED/100752001.FACILITY,Ahlstrom-Munksjö Italia S.p.A.
2023-10-05 09:00:00,0.10898999999999999,IT.CAED/100752001.FACILITY,Ahlstrom-Munksjö Italia S.p.A.
2023-10-05 10:00:00,0.18014,IT.CAED/100752001.FACILITY,Ahlstrom-Munksjö Italia S.p.A.
2023-10-05 11:00:00,0.23639,IT.CAED/100752001.FACILITY,Ahlstrom-Munksjö Italia S.p.A.
2023-10-05 12:00:00,0.48911,IT.CAED/100752001.FACILITY,Ahlstrom-Munksjö Italia S.p.A.
2023-10-05 13:00:00,0.33318000000000003,IT.CAED/100752001.FACILITY,Ahlstrom-Munksjö Italia S.p.A.
2023-10-05 14:00:00,0.42968,IT.CAED/100752001.FACILITY,Ahlstrom-Munksjö Italia S.p.A.
2023-10-05 15:00:00,0.28898,IT.CAED/100752001.FACILITY,Ahlstrom-Munksjö Italia S.p.A.
2023-10-05 16:00:00,0.30852999999999997,IT.CAED/100752001.FACILITY,Ahlstrom-Munksjö Italia S.p.A.
2023-10-05 17:00:00,0.21341,IT.CAED/100752001.FACILITY,Ahlstrom-Munksjö Italia S.p.A.
2023-10-05 18:00:00,0.00821,IT.CAED/100752001.FACILITY,Ahlstrom-Munksjö Italia S.p.A.
2023-10-05 19:00:00,0.0,IT.CAED/100752001.FACILITY,Ahlstrom-Munksjö Italia S.p.A.
2023-10-05 20:00:00,0.0,IT.CAED/100752001.FACILITY,Ahlstrom-Munksjö Italia S.p.A.
2023-10-05 21:00:00,0.0,IT.CAED/100752001.FACILITY,Ahlstrom-Munksjö Italia S.p.A.
2023-10-05 22:00:00,0.0,IT.CAED/100752001.FACILITY,Ahlstrom-Munksjö Italia S.p.A.
2023-10-05 23:00:00,0.0,IT.CAED/100752001.FACILITY,Ahlstrom-Munksjö Italia S.p.A.
2023-10-06 00:00:00,0.0,IT.CAED/100752001.FACILITY,Ahlstrom-Munksjö Italia S.p.A.
2023-10-06 01:00:00,0.0,IT.CAED/100752001.FACILITY,Ahlstrom-Munksjö Italia S.p.A.
2023-10-06 02:00:00,0.0,IT.CAED/100752001.FACILITY,Ahlstrom-Munksjö Italia S.p.A.
2023-10-06 03:00:00,0.0,IT.CAED/100752001.FACILITY,Ahlstrom-Munksjö Italia S.p.A.
2023-10-06 04:00:00,0.0,IT.CAED/100752001.FACILITY,Ahlstrom-Munksjö Italia S.p.A.
2023-10-06 05:00:00,0.0,IT.CAED/100752001.FACILITY,Ahlstrom-Munksjö Italia S.p.A.
2023-10-06 06:00:00,0.0,IT.CAED/100752001.FACILITY,Ahlstrom-Munksjö Italia S.p.A.
2023-10-06 07:00:00,0.0,IT.CAED/100752001.FACILITY,Ahlstrom-Munksjö Italia S.p.A.
2023-10-06 08:00:00,0.09652,IT.CAED/100752001.FACILITY,Ahlstrom-Munksjö Italia S.p.A.
2023-10-06 09:00:00,0.27973000000000003,IT.CAED/100752001.FACILITY,Ahlstrom-Munksjö Italia S.p.A.
2023-10-06 10:00:00,0.49197,IT.CAED/100752001.FACILITY,Ahlstrom-Munksjö Italia S.p.A.
2023-10-06 11:00:00,0.62995,IT.CAED/100752001.FACILITY,Ahlstrom-Munksjö Italia S.p.A.
2023-10-06 12:00:00,0.62202,IT.CAED/100752001.FACILITY,Ahlstrom-Munksjö Italia S.p.A.
2023-10-06 13:00:00,0.53383,IT.CAED/100752001.FACILITY,Ahlstrom-Munksjö Italia S.p.A.
2023-10-06 14:00:00,0.40726999999999997,IT.CAED/100752001.FACILITY,Ahlstrom-Munksjö Italia S.p.A.
2023-10-06 15:00:00,0.35717000000000004,IT.CAED/100752001.FACILITY,Ahlstrom-Munksjö Italia S.p.A.
2023-10-06 16:00:00,0.30119,IT.CAED/100752001.FACILITY,Ahlstrom-Munksjö Italia S.p.A.
2023-10-06 17:00:00,0.20091,IT.CAED/100752001.FACILITY,Ahlstrom-Munksjö Italia S.p.A.
2023-10-06 18:00:00,0.0056500000000000005,IT.CAED/100752001.FACILITY,Ahlstrom-Munksjö Italia S.p.A.
2023-10-06 19:00:00,0.0,IT.CAED/100752001.FACILITY,Ahlstrom-Munksjö Italia S.p.A.
2023-10-06 20:00:00,0.0,IT.CAED/100752001.FACILITY,Ahlstrom-Munksjö Italia S.p.A.
2023-10-06 21:00:00,0.0,IT.CAED/100752001.FACILITY,Ahlstrom-Munksjö Italia S.p.A.
2023-10-06 22:00:00,0.0,IT.CAED/100752001.FACILITY,Ahlstrom-Munksjö Italia S.p.A.
2023-10-06 23:00:00,0.0,IT.CAED/100752001.FACILITY,Ahlstrom-Munksjö Italia S.p.A.
2023-10-07 00:00:00,0.0,IT.CAED/100752001.FACILITY,Ahlstrom-Munksjö Italia S.p.A.
2023-10-07 01:00:00,0.0,IT.CAED/100752001.FACILITY,Ahlstrom-Munksjö Italia S.p.A.
2023-10-07 02:00:00,0.0,IT.CAED/100752001.FACILITY,Ahlstrom-Munksjö Italia S.p.A.
2023-10-07 03:00:00,0.0,IT.CAED/100752001.FACILITY,Ahlstrom-Munksjö Italia S.p.A.
2023-10-07 04:00:00,0.0,IT.CAED/100752001.FACILITY,Ahlstrom-Munksjö Italia S.p.A.
2023-10-07 05:00:00,0.0,IT.CAED/100752001.FACILITY,Ahlstrom-Munksjö Italia S.p.A.
2023-10-07 06:00:00,0.0,IT.CAED/100752001.FACILITY,Ahlstrom-Munksjö Italia S.p.A.
2023-10-07 07:00:00,0.0,IT.CAED/100752001.FACILITY,Ahlstrom-Munksjö Italia S.p.A.
2023-10-07 08:00:00,0.1505,IT.CAED/100752001.FACILITY,Ahlstrom-Munksjö Italia S.p.A.
2023-10-07 09:00:00,0.37151999999999996,IT.CAED/100752001.FACILITY,Ahlstrom-Munksjö Italia S.p.A.
2023-10-07 10:00:00,0.60939,IT.CAED/100752001.FACILITY,Ahlstrom-Munksjö Italia S.p.A.
2023-10-07 11:00:00,0.75383,IT.CAED/100752001.FACILITY,Ahlstrom-Munksjö Italia S.p.A.
2023-10-07 12:00:00,0.8411900000000001,IT.CAED/100752001.FACILITY,Ahlstrom-Munksjö Italia S.p.A.
2023-10-07 13:00:00,0.8546699999999999,IT.CAED/100752001.FACILITY,Ahlstrom-Munksjö Italia S.p.A.
2023-10-07 14:00:00,0.80304,IT.CAED/100752001.FACILITY,Ahlstrom-Munksjö Italia S.p.A.
2023-10-07 15:00:00,0.68971,IT.CAED/100752001.FACILITY,Ahlstrom-Munksjö Italia S.p.A.
2023-10-07 16:00:00,0.51409,IT.CAED/100752001.FACILITY,Ahlstrom-Munksjö Italia S.p.A.
2023-10-07 17:00:00,0.27976,IT.CAED/100752001.FACILITY,Ahlstrom-Munksjö Italia S.p.A.
2023-10-07 18:00:00,0.00535,IT.CAED/100752001.FACILITY,Ahlstrom-Munksjö Italia S.p.A.
2023-10-07 19:00:00,0.0,IT.CAED/100752001.FACILITY,Ahlstrom-Munksjö Italia S.p.A.
2023-10-07 20:00:00,0.0,IT.CAED/100752001.FACILITY,Ahlstrom-Munksjö Italia S.p.A.
2023-10-07 21:00:00,0.0,IT.CAED/100752001.FACILITY,Ahlstrom-Munksjö Italia S.p.A.
2023-10-07 22:00:00,0.0,IT.CAED/100752001.FACILITY,Ahlstrom-Munksjö Italia S.p.A.
2023-10-07 23:00:00,0.0,IT.CAED/100752001.FACILITY,Ahlstrom-Munksjö Italia S.p.A.
2023-10-08 00:00:00,0.0,IT.CAED/100752001.FACILITY,Ahlstrom-Munksjö Italia S.p.A.
2023-10-08 01:00:00,0.0,IT.CAED/100752001.FACILITY,Ahlstrom-Munksjö Italia S.p.A.
2023-10-08 02:00:00,0.0,IT.CAED/100752001.FACILITY,Ahlstrom-Munksjö Italia S.p.A.
2023-10-08 03:00:00,0.0,IT.CAED/100752001.FACILITY,Ahlstrom-Munksjö Italia S.p.A.
2023-10-08 04:00:00,0.0,IT.CAED/100752001.FACILITY,Ahlstrom-Munksjö Italia S.p.A.
2023-10-08 05:00:00,0.0,IT.CAED/100752001.FACILITY,Ahlstrom-Munksjö Italia S.p.A.
2023-10-08 06:00:00,0.0,IT.CAED/100752001.FACILITY,Ahlstrom-Munksjö Italia S.p.A.
2023-10-08 07:00:00,0.0,IT.CAED/100752001.FACILITY,Ahlstrom-Munksjö Italia S.p.A.
2023-10-08 08:00:00,0.15124,IT.CAED/100752001.FACILITY,Ahlstrom-Munksjö Italia S.p.A.
2023-10-08 09:00:00,0.41306,IT.CAED/100752001.FACILITY,Ahlstrom-Munksjö Italia S.p.A.
2023-10-08 10:00:00,0.61637,IT.CAED/100752001.FACILITY,Ahlstrom-Munksjö Italia S.p.A.
2023-10-08 11:00:00,0.7366,IT.CAED/100752001.FACILITY,Ahlstrom-Munksjö Italia S.p.A.
2023-10-08 12:00:00,0.8068,IT.CAED/100752001.FACILITY,Ahlstrom-Munksjö Italia S.p.A.
2023-10-08 13:00:00,0.81113,IT.CAED/100752001.FACILITY,Ahlstrom-Munksjö Italia S.p.A.
2023-10-08 14:00:00,0.76113,IT.CAED/100752001.FACILITY,Ahlstrom-Munksjö Italia S.p.A.
2023-10-08 15:00:00,0.66814,IT.CAED/100752001.FACILITY,Ahlstrom-Munksjö Italia S.p.A.
2023-10-08 16:00:00,0.49583,IT.CAED/100752001.FACILITY,Ahlstrom-Munksjö Italia S.p.A.
2023-10-08 17:00:00,0.26938999999999996,IT.CAED/100752001.FACILITY,Ahlstrom-Munksjö Italia S.p.A.
2023-10-08 18:00:00,0.00426,IT.CAED/100752001.FACILITY,Ahlstrom-Munksjö Italia S.p.A.
2023-10-08 19:00:00,0.0,IT.CAED/100752001.FACILITY,Ahlstrom-Munksjö Italia S.p.A.
2023-10-08 20:00:00,0.0,IT.CAED/100752001.FACILITY,Ahlstrom-Munksjö Italia S.p.A.
2023-10-08 21:00:00,0.0,IT.CAED/100752001.FACILITY,Ahlstrom-Munksjö Italia S.p.A.
2023-10-08 22:00:00,0.0,IT.CAED/100752001.FACILITY,Ahlstrom-Munksjö Italia S.p.A.
2023-10-08 23:00:00,0.0,IT.CAED/100752001.FACILITY,Ahlstrom-Munksjö Italia S.p.A.
2023-10-09 00:00:00,0.0,IT.CAED/100752001.FACILITY,Ahlstrom-Munksjö Italia S.p.A.
2023-10-09 01:00:00,0.0,IT.CAED/100752001.FACILITY,Ahlstrom-Munksjö Italia S.p.A.
2023-10-09 02:00:00,0.0,IT.CAED/100752001.FACILITY,Ahlstrom-Munksjö Italia S.p.A.
2023-10-09 03:00:00,0.0,IT.CAED/100752001.FACILITY,Ahlstrom-Munksjö Italia S.p.A.
2023-10-09 04:00:00,0.0,IT.CAED/100752001.FACILITY,Ahlstrom-Munksjö Italia S.p.A.
2023-10-09 05:00:00,0.0,IT.CAED/100752001.FACILITY,Ahlstrom-Munksjö Italia S.p.A.
2023-10-09 06:00:00,0.0,IT.CAED/100752001.FACILITY,Ahlstrom-Munksjö Italia S.p.A.
2023-10-09 07:00:00,0.0,IT.CAED/100752001.FACILITY,Ahlstrom-Munksjö Italia S.p.A.
2023-10-09 08:00:00,0.15331999999999998,IT.CAED/100752001.FACILITY,Ahlstrom-Munksjö Italia S.p.A.
2023-10-09 09:00:00,0.41481,IT.CAED/100752001.FACILITY,Ahlstrom-Munksjö Italia S.p.A.
2023-10-09 10:00:00,0.6132000000000001,IT.CAED/100752001.FACILITY,Ahlstrom-Munksjö Italia S.p.A.
2023-10-09 11:00:00,0.73197,IT.CAED/100752001.FACILITY,Ahlstrom-Munksjö Italia S.p.A.
2023-10-09 12:00:00,0.81229,IT.CAED/100752001.FACILITY,Ahlstrom-Munksjö Italia S.p.A.
2023-10-09 13:00:00,0.8295399999999999,IT.CAED/100752001.FACILITY,Ahlstrom-Munksjö Italia S.p.A.
2023-10-09 14:00:00,0.78584,IT.CAED/100752001.FACILITY,Ahlstrom-Munksjö Italia S.p.A.
2023-10-09 15:00:00,0.67712,IT.CAED/100752001.FACILITY,Ahlstrom-Munksjö Italia S.p.A.
2023-10-09 16:00:00,0.5012,IT.CAED/100752001.FACILITY,Ahlstrom-Munksjö Italia S.p.A.
2023-10-09 17:00:00,0.27217,IT.CAED/100752001.FACILITY,Ahlstrom-Munksjö Italia S.p.A.
2023-10-09 18:00:00,0.004030000000000001,IT.CAED/100752001.FACILITY,Ahlstrom-Munksjö Italia S.p.A.
2023-10-09 19:00:00,0.0,IT.CAED/100752001.FACILITY,Ahlstrom-Munksjö Italia S.p.A.
2023-10-09 20:00:00,0.0,IT.CAED/100752001.FACILITY,Ahlstrom-Munksjö Italia S.p.A.
2023-10-09 21:00:00,0.0,IT.CAED/100752001.FACILITY,Ahlstrom-Munksjö Italia S.p.A.
2023-10-09 22:00:00,0.0,IT.CAED/100752001.FACILITY,Ahlstrom-Munksjö Italia S.p.A.
2023-10-09 23:00:00,0.0,IT.CAED/100752001.FACILITY,Ahlstrom-Munksjö Italia S.p.A.
2023-10-10 00:00:00,0.0,IT.CAED/100752001.FACILITY,Ahlstrom-Munksjö Italia S.p.A.
2023-10-10 01:00:00,0.0,IT.CAED/100752001.FACILITY,Ahlstrom-Munksjö Italia S.p.A.
2023-10-10 02:00:00,0.0,IT.CAED/100752001.FACILITY,Ahlstrom-Munksjö Italia S.p.A.
2023-10-10 03:00:00,0.0,IT.CAED/100752001.FACILITY,Ahlstrom-Munksjö Italia S.p.A.
2023-10-10 04:00:00,0.0,IT.CAED/100752001.FACILITY,Ahlstrom-Munksjö Italia S.p.A.
2023-10-10 05:00:00,0.0,IT.CAED/100752001.FACILITY,Ahlstrom-Munksjö Italia S.p.A.
2023-10-10 06:00:00,0.0,IT.CAED/100752001.FACILITY,Ahlstrom-Munksjö Italia S.p.A.
2023-10-10 07:00:00,0.0,IT.CAED/100752001.FACILITY,Ahlstrom-Munksjö Italia S.p.A.
2023-10-10 08:00:00,0.15267,IT.CAED/100752001.FACILITY,Ahlstrom-Munksjö Italia S.p.A.
2023-10-10 09:00:00,0.40026,IT.CAED/100752001.FACILITY,Ahlstrom-Munksjö Italia S.p.A.
2023-10-10 10:00:00,0.61822,IT.CAED/100752001.FACILITY,Ahlstrom-Munksjö Italia S.p.A.
2023-10-10 11:00:00,0.73695,IT.CAED/100752001.FACILITY,Ahlstrom-Munksjö Italia S.p.A.
2023-10-10 12:00:00,0.8212,IT.CAED/100752001.FACILITY,Ahlstrom-Munksjö Italia S.p.A.
2023-10-10 13:00:00,0.8375499999999999,IT.CAED/100752001.FACILITY,Ahlstrom-Munksjö Italia S.p.A.
2023-10-10 14:00:00,0.79172,IT.CAED/100752001.FACILITY,Ahlstrom-Munksjö Italia S.p.A.
2023-10-10 15:00:00,0.67975,IT.CAED/100752001.FACILITY,Ahlstrom-Munksjö Italia S.p.A.
2023-10-10 16:00:00,0.50458,IT.CAED/100752001.FACILITY,Ahlstrom-Munksjö Italia S.p.A.
2023-10-10 17:00:00,0.26092000000000004,IT.CAED/100752001.FACILITY,Ahlstrom-Munksjö Italia S.p.A.
2023-10-10 18:00:00,0.00368,IT.CAED/100752001.FACILITY,Ahlstrom-Munksjö Italia S.p.A.
2023-10-10 19:00:00,0.0,IT.CAED/100752001.FACILITY,Ahlstrom-Munksjö Italia S.p.A.
2023-10-10 20:00:00,0.0,IT.CAED/100752001.FACILITY,Ahlstrom-Munksjö Italia S.p.A.
2023-10-10 21:00:00,0.0,IT.CAED/100752001.FACILITY,Ahlstrom-Munksjö Italia S.p.A.
2023-10-10 22:00:00,0.0,IT.CAED/100752001.FACILITY,Ahlstrom-Munksjö Italia S.p.A.
2023-10-10 23:00:00,0.0,IT.CAED/100752001.FACILITY,Ahlstrom-Munksjö Italia S.p.A.
2023-10-11 00:00:00,0.0,IT.CAED/100752001.FACILITY,Ahlstrom-Munksjö Italia S.p.A.
2023-10-11 01:00:00,0.0,IT.CAED/100752001.FACILITY,Ahlstrom-Munksjö Italia S.p.A.
2023-10-11 02:00:00,0.0,IT.CAED/100752001.FACILITY,Ahlstrom-Munksjö Italia S.p.A.
2023-10-11 03:00:00,0.0,IT.CAED/100752001.FACILITY,Ahlstrom-Munksjö Italia S.p.A.
2023-10-11 04:00:00,0.0,IT.CAED/100752001.FACILITY,Ahlstrom-Munksjö Italia S.p.A.
2023-10-11 05:00:00,0.0,IT.CAED/100752001.FACILITY,Ahlstrom-Munksjö Italia S.p.A.
2023-10-11 06:00:00,0.0,IT.CAED/100752001.FACILITY,Ahlstrom-Munksjö Italia S.p.A.
2023-10-11 07:00:00,0.0,IT.CAED/100752001.FACILITY,Ahlstrom-Munksjö Italia S.p.A.
2023-10-11 08:00:00,0.1243,IT.CAED/100752001.FACILITY,Ahlstrom-Munksjö Italia S.p.A.
2023-10-11 09:00:00,0.34592,IT.CAED/100752001.FACILITY,Ahlstrom-Munksjö Italia S.p.A.
2023-10-11 10:00:00,0.59148,IT.CAED/100752001.FACILITY,Ahlstrom-Munksjö Italia S.p.A.
2023-10-11 11:00:00,0.7289800000000001,IT.CAED/100752001.FACILITY,Ahlstrom-Munksjö Italia S.p.A.
2023-10-11 12:00:00,0.83023,IT.CAED/100752001.FACILITY,Ahlstrom-Munksjö Italia S.p.A.
2023-10-11 13:00:00,0.85172,IT.CAED/100752001.FACILITY,Ahlstrom-Munksjö Italia S.p.A.
2023-10-11 14:00:00,0.80475,IT.CAED/100752001.FACILITY,Ahlstrom-Munksjö Italia S.p.A.
2023-10-11 15:00:00,0.6850599999999999,IT.CAED/100752001.FACILITY,Ahlstrom-Munksjö Italia S.p.A.
2023-10-11 16:00:00,0.48541,IT.CAED/100752001.FACILITY,Ahlstrom-Munksjö Italia S.p.A.
2023-10-11 17:00:00,0.25927,IT.CAED/100752001.FACILITY,Ahlstrom-Munksjö Italia S.p.A.
2023-10-11 18:00:00,0.00314,IT.CAED/100752001.FACILITY,Ahlstrom-Munksjö Italia S.p.A.
2023-10-11 19:00:00,0.0,IT.CAED/100752001.FACILITY,Ahlstrom-Munksjö Italia S.p.A.
2023-10-11 20:00:00,0.0,IT.CAED/100752001.FACILITY,Ahlstrom-Munksjö Italia S.p.A.
2023-10-11 21:00:00,0.0,IT.CAED/100752001.FACILITY,Ahlstrom-Munksjö Italia S.p.A.
2023-10-11 22:00:00,0.0,IT.CAED/100752001.FACILITY,Ahlstrom-Munksjö Italia S.p.A.
2023-10-11 23:00:00,0.0,IT.CAED/100752001.FACILITY,Ahlstrom-Munksjö Italia S.p.A.
2023-10-12 00:00:00,0.0,IT.CAED/100752001.FACILITY,Ahlstrom-Munksjö Italia S.p.A.
2023-10-12 01:00:00,0.0,IT.CAED/100752001.FACILITY,Ahlstrom-Munksjö Italia S.p.A.
2023-10-12 02:00:00,0.0,IT.CAED/100752001.FACILITY,Ahlstrom-Munksjö Italia S.p.A.
2023-10-12 03:00:00,0.0,IT.CAED/100752001.FACILITY,Ahlstrom-Munksjö Italia S.p.A.
2023-10-12 04:00:00,0.0,IT.CAED/100752001.FACILITY,Ahlstrom-Munksjö Italia S.p.A.
2023-10-12 05:00:00,0.0,IT.CAED/100752001.FACILITY,Ahlstrom-Munksjö Italia S.p.A.
2023-10-12 06:00:00,0.0,IT.CAED/100752001.FACILITY,Ahlstrom-Munksjö Italia S.p.A.
2023-10-12 07:00:00,0.0,IT.CAED/100752001.FACILITY,Ahlstrom-Munksjö Italia S.p.A.
2023-10-12 08:00:00,0.10167,IT.CAED/100752001.FACILITY,Ahlstrom-Munksjö Italia S.p.A.
2023-10-12 09:00:00,0.22777,IT.CAED/100752001.FACILITY,Ahlstrom-Munksjö Italia S.p.A.
2023-10-12 10:00:00,0.39776999999999996,IT.CAED/100752001.FACILITY,Ahlstrom-Munksjö Italia S.p.A.
2023-10-12 11:00:00,0.43307999999999996,IT.CAED/100752001.FACILITY,Ahlstrom-Munksjö Italia S.p.A.
2023-10-12 12:00:00,0.55767,IT.CAED/100752001.FACILITY,Ahlstrom-Munksjö Italia S.p.A.
2023-10-12 13:00:00,0.62125,IT.CAED/100752001.FACILITY,Ahlstrom-Munksjö Italia S.p.A.
2023-10-12 14:00:00,0.5268999999999999,IT.CAED/100752001.FACILITY,Ahlstrom-Munksjö Italia S.p.A.
2023-10-12 15:00:00,0.35252999999999995,IT.CAED/100752001.FACILITY,Ahlstrom-Munksjö Italia S.p.A.
2023-10-12 16:00:00,0.45468000000000003,IT.CAED/100752001.FACILITY,Ahlstrom-Munksjö Italia S.p.A.
2023-10-12 17:00:00,0.20936000000000002,IT.CAED/100752001.FACILITY,Ahlstrom-Munksjö Italia S.p.A.
2023-10-12 18:00:00,0.00271,IT.CAED/100752001.FACILITY,Ahlstrom-Munksjö Italia S.p.A.
2023-10-12 19:00:00,0.0,IT.CAED/100752001.FACILITY,Ahlstrom-Munksjö Italia S.p.A.
2023-10-12 20:00:00,0.0,IT.CAED/100752001.FACILITY,Ahlstrom-Munksjö Italia S.p.A.
2023-10-12 21:00:00,0.0,IT.CAED/100752001.FACILITY,Ahlstrom-Munksjö Italia S.p.A.
2023-10-12 22:00:00,0.0,IT.CAED/100752001.FACILITY,Ahlstrom-Munksjö Italia S.p.A.
2023-10-12 23:00:00,0.0,IT.CAED/100752001.FACILITY,Ahlstrom-Munksjö Italia S.p.A.
2023-10-13 00:00:00,0.0,IT.CAED/100752001.FACILITY,Ahlstrom-Munksjö Italia S.p.A.
2023-10-13 01:00:00,0.0,IT.CAED/100752001.FACILITY,Ahlstrom-Munksjö Italia S.p.A.
2023-10-13 02:00:00,0.0,IT.CAED/100752001.FACILITY,Ahlstrom-Munksjö Italia S.p.A.
2023-10-13 03:00:00,0.0,IT.CAED/100752001.FACILITY,Ahlstrom-Munksjö Italia S.p.A.
2023-10-13 04:00:00,0.0,IT.CAED/100752001.FACILITY,Ahlstrom-Munksjö Italia S.p.A.
2023-10-13 05:00:00,0.0,IT.CAED/100752001.FACILITY,Ahlstrom-Munksjö Italia S.p.A.
2023-10-13 06:00:00,0.0,IT.CAED/100752001.FACILITY,Ahlstrom-Munksjö Italia S.p.A.
2023-10-13 07:00:00,0.0,IT.CAED/100752001.FACILITY,Ahlstrom-Munksjö Italia S.p.A.
2023-10-13 08:00:00,0.07496,IT.CAED/100752001.FACILITY,Ahlstrom-Munksjö Italia S.p.A.
2023-10-13 09:00:00,0.19834000000000002,IT.CAED/100752001.FACILITY,Ahlstrom-Munksjö Italia S.p.A.
2023-10-13 10:00:00,0.42188,IT.CAED/100752001.FACILITY,Ahlstrom-Munksjö Italia S.p.A.
2023-10-13 11:00:00,0.46553,IT.CAED/100752001.FACILITY,Ahlstrom-Munksjö Italia S.p.A.
2023-10-13 12:00:00,0.51135,IT.CAED/100752001.FACILITY,Ahlstrom-Munksjö Italia S.p.A.
2023-10-13 13:00:00,0.2364,IT.CAED/100752001.FACILITY,Ahlstrom-Munksjö Italia S.p.A.
2023-10-13 14:00:00,0.36799,IT.CAED/100752001.FACILITY,Ahlstrom-Munksjö Italia S.p.A.
2023-10-13 15:00:00,0.28628,IT.CAED/100752001.FACILITY,Ahlstrom-Munksjö Italia S.p.A.
2023-10-13 16:00:00,0.29633,IT.CAED/100752001.FACILITY,Ahlstrom-Munksjö Italia S.p.A.
2023-10-13 17:00:00,0.10081999999999999,IT.CAED/100752001.FACILITY,Ahlstrom-Munksjö Italia S.p.A.
2023-10-13 18:00:00,0.0001,IT.CAED/100752001.FACILITY,Ahlstrom-Munksjö Italia S.p.A.
2023-10-13 19:00:00,0.0,IT.CAED/100752001.FACILITY,Ahlstrom-Munksjö Italia S.p.A.
2023-10-13 20:00:00,0.0,IT.CAED/100752001.FACILITY,Ahlstrom-Munksjö Italia S.p.A.
2023-10-13 21:00:00,0.0,IT.CAED/100752001.FACILITY,Ahlstrom-Munksjö Italia S.p.A.
2023-10-13 22:00:00,0.0,IT.CAED/100752001.FACILITY,Ahlstrom-Munksjö Italia S.p.A.
2023-10-13 23:00:00,0.0,IT.CAED/100752001.FACILITY,Ahlstrom-Munksjö Italia S.p.A.
2023-10-14 00:00:00,0.0,IT.CAED/100752001.FACILITY,Ahlstrom-Munksjö Italia S.p.A.
2023-10-14 01:00:00,0.0,IT.CAED/100752001.FACILITY,Ahlstrom-Munksjö Italia S.p.A.
2023-10-14 02:00:00,0.0,IT.CAED/100752001.FACILITY,Ahlstrom-Munksjö Italia S.p.A.
2023-10-14 03:00:00,0.0,IT.CAED/100752001.FACILITY,Ahlstrom-Munksjö Italia S.p.A.
2023-10-14 04:00:00,0.0,IT.CAED/100752001.FACILITY,Ahlstrom-Munksjö Italia S.p.A.
2023-10-14 05:00:00,0.0,IT.CAED/100752001.FACILITY,Ahlstrom-Munksjö Italia S.p.A.
2023-10-14 06:00:00,0.0,IT.CAED/100752001.FACILITY,Ahlstrom-Munksjö Italia S.p.A.
2023-10-14 07:00:00,0.0,IT.CAED/100752001.FACILITY,Ahlstrom-Munksjö Italia S.p.A.
2023-10-14 08:00:00,0.02549,IT.CAED/100752001.FACILITY,Ahlstrom-Munksjö Italia S.p.A.
2023-10-14 09:00:00,0.22668000000000002,IT.CAED/100752001.FACILITY,Ahlstrom-Munksjö Italia S.p.A.
2023-10-14 10:00:00,0.47787999999999997,IT.CAED/100752001.FACILITY,Ahlstrom-Munksjö Italia S.p.A.
2023-10-14 11:00:00,0.5686599999999999,IT.CAED/100752001.FACILITY,Ahlstrom-Munksjö Italia S.p.A.
2023-10-14 12:00:00,0.56951,IT.CAED/100752001.FACILITY,Ahlstrom-Munksjö Italia S.p.A.
2023-10-14 13:00:00,0.38116,IT.CAED/100752001.FACILITY,Ahlstrom-Munksjö Italia S.p.A.
2023-10-14 14:00:00,0.50612,IT.CAED/100752001.FACILITY,Ahlstrom-Munksjö Italia S.p.A.
2023-10-14 15:00:00,0.54389,IT.CAED/100752001.FACILITY,Ahlstrom-Munksjö Italia S.p.A.
2023-10-14 16:00:00,0.43275,IT.CAED/100752001.FACILITY,Ahlstrom-Munksjö Italia S.p.A.
2023-10-14 17:00:00,0.1167,IT.CAED/100752001.FACILITY,Ahlstrom-Munksjö Italia S.p.A.
2023-10-14 18:00:00,0.00161,IT.CAED/100752001.FACILITY,Ahlstrom-Munksjö Italia S.p.A.
2023-10-14 19:00:00,0.0,IT.CAED/100752001.FACILITY,Ahlstrom-Munksjö Italia S.p.A.
2023-10-14 20:00:00,0.0,IT.CAED/100752001.FACILITY,Ahlstrom-Munksjö Italia S.p.A.
2023-10-14 21:00:00,0.0,IT.CAED/100752001.FACILITY,Ahlstrom-Munksjö Italia S.p.A.
2023-10-14 22:00:00,0.0,IT.CAED/100752001.FACILITY,Ahlstrom-Munksjö Italia S.p.A.
2023-10-14 23:00:00,0.0,IT.CAED/100752001.FACILITY,Ahlstrom-Munksjö Italia S.p.A.
2023-10-15 00:00:00,0.0,IT.CAED/100752001.FACILITY,Ahlstrom-Munksjö Italia S.p.A.
2023-10-15 01:00:00,0.0,IT.CAED/100752001.FACILITY,Ahlstrom-Munksjö Italia S.p.A.
2023-10-15 02:00:00,0.0,IT.CAED/100752001.FACILITY,Ahlstrom-Munksjö Italia S.p.A.
2023-10-15 03:00:00,0.0,IT.CAED/100752001.FACILITY,Ahlstrom-Munksjö Italia S.p.A.
2023-10-15 04:00:00,0.0,IT.CAED/100752001.FACILITY,Ahlstrom-Munksjö Italia S.p.A.
2023-10-15 05:00:00,0.0,IT.CAED/100752001.FACILITY,Ahlstrom-Munksjö Italia S.p.A.
2023-10-15 06:00:00,0.0,IT.CAED/100752001.FACILITY,Ahlstrom-Munksjö Italia S.p.A.
2023-10-15 07:00:00,0.0,IT.CAED/100752001.FACILITY,Ahlstrom-Munksjö Italia S.p.A.
2023-10-15 08:00:00,0.12444,IT.CAED/100752001.FACILITY,Ahlstrom-Munksjö Italia S.p.A.
2023-10-15 09:00:00,0.29988,IT.CAED/100752001.FACILITY,Ahlstrom-Munksjö Italia S.p.A.
2023-10-15 10:00:00,0.53714,IT.CAED/100752001.FACILITY,Ahlstrom-Munksjö Italia S.p.A.
2023-10-15 11:00:00,0.70575,IT.CAED/100752001.FACILITY,Ahlstrom-Munksjö Italia S.p.A.
2023-10-15 12:00:00,0.7785299999999999,IT.CAED/100752001.FACILITY,Ahlstrom-Munksjö Italia S.p.A.
2023-10-15 13:00:00,0.7986599999999999,IT.CAED/100752001.FACILITY,Ahlstrom-Munksjö Italia S.p.A.
2023-10-15 14:00:00,0.79498,IT.CAED/100752001.FACILITY,Ahlstrom-Munksjö Italia S.p.A.
2023-10-15 15:00:00,0.69862,IT.CAED/100752001.FACILITY,Ahlstrom-Munksjö Italia S.p.A.
2023-10-15 16:00:00,0.47781999999999997,IT.CAED/100752001.FACILITY,Ahlstrom-Munksjö Italia S.p.A.
2023-10-15 17:00:00,0.13984,IT.CAED/100752001.FACILITY,Ahlstrom-Munksjö Italia S.p.A.
2023-10-15 18:00:00,0.00294,IT.CAED/100752001.FACILITY,Ahlstrom-Munksjö Italia S.p.A.
2023-10-15 19:00:00,0.0,IT.CAED/100752001.FACILITY,Ahlstrom-Munksjö Italia S.p.A.
2023-10-15 20:00:00,0.0,IT.CAED/100752001.FACILITY,Ahlstrom-Munksjö Italia S.p.A.
2023-10-15 21:00:00,0.0,IT.CAED/100752001.FACILITY,Ahlstrom-Munksjö Italia S.p.A.
2023-10-15 22:00:00,0.0,IT.CAED/100752001.FACILITY,Ahlstrom-Munksjö Italia S.p.A.
2023-10-15 23:00:00,0.0,IT.CAED/100752001.FACILITY,Ahlstrom-Munksjö Italia S.p.A.
2023-10-16 00:00:00,0.0,IT.CAED/100752001.FACILITY,Ahlstrom-Munksjö Italia S.p.A.
2023-10-16 01:00:00,0.0,IT.CAED/100752001.FACILITY,Ahlstrom-Munksjö Italia S.p.A.
2023-10-16 02:00:00,0.0,IT.CAED/100752001.FACILITY,Ahlstrom-Munksjö Italia S.p.A.
2023-10-16 03:00:00,0.0,IT.CAED/100752001.FACILITY,Ahlstrom-Munksjö Italia S.p.A.
2023-10-16 04:00:00,0.0,IT.CAED/100752001.FACILITY,Ahlstrom-Munksjö Italia S.p.A.
2023-10-16 05:00:00,0.0,IT.CAED/100752001.FACILITY,Ahlstrom-Munksjö Italia S.p.A.
2023-10-16 06:00:00,0.0,IT.CAED/100752001.FACILITY,Ahlstrom-Munksjö Italia S.p.A.
2023-10-16 07:00:00,0.0,IT.CAED/100752001.FACILITY,Ahlstrom-Munksjö Italia S.p.A.
2023-10-16 08:00:00,0.00232,IT.CAED/100752001.FACILITY,Ahlstrom-Munksjö Italia S.p.A.
2023-10-16 09:00:00,0.024460000000000003,IT.CAED/100752001.FACILITY,Ahlstrom-Munksjö Italia S.p.A.
2023-10-16 10:00:00,0.03975,IT.CAED/100752001.FACILITY,Ahlstrom-Munksjö Italia S.p.A.
2023-10-16 11:00:00,0.12092,IT.CAED/100752001.FACILITY,Ahlstrom-Munksjö Italia S.p.A.
2023-10-16 12:00:00,0.13969,IT.CAED/100752001.FACILITY,Ahlstrom-Munksjö Italia S.p.A.
2023-10-16 13:00:00,0.14329,IT.CAED/100752001.FACILITY,Ahlstrom-Munksjö Italia S.p.A.
2023-10-16 14:00:00,0.17775,IT.CAED/100752001.FACILITY,Ahlstrom-Munksjö Italia S.p.A.
2023-10-16 15:00:00,0.18719999999999998,IT.CAED/100752001.FACILITY,Ahlstrom-Munksjö Italia S.p.A.
2023-10-16 16:00:00,0.0837,IT.CAED/100752001.FACILITY,Ahlstrom-Munksjö Italia S.p.A.
2023-10-16 17:00:00,0.05461,IT.CAED/100752001.FACILITY,Ahlstrom-Munksjö Italia S.p.A.
2023-10-16 18:00:00,0.0,IT.CAED/100752001.FACILITY,Ahlstrom-Munksjö Italia S.p.A.
2023-10-16 19:00:00,0.0,IT.CAED/100752001.FACILITY,Ahlstrom-Munksjö Italia S.p.A.
2023-10-16 20:00:00,0.0,IT.CAED/100752001.FACILITY,Ahlstrom-Munksjö Italia S.p.A.
2023-10-16 21:00:00,0.0,IT.CAED/100752001.FACILITY,Ahlstrom-Munksjö Italia S.p.A.
2023-10-16 22:00:00,0.0,IT.CAED/100752001.FACILITY,Ahlstrom-Munksjö Italia S.p.A.
2023-10-16 23:00:00,0.0,IT.CAED/100752001.FACILITY,Ahlstrom-Munksjö Italia S.p.A.
2023-10-17 00:00:00,0.0,IT.CAED/100752001.FACILITY,Ahlstrom-Munksjö Italia S.p.A.
2023-10-17 01:00:00,0.0,IT.CAED/100752001.FACILITY,Ahlstrom-Munksjö Italia S.p.A.
2023-10-17 02:00:00,0.0,IT.CAED/100752001.FACILITY,Ahlstrom-Munksjö Italia S.p.A.
2023-10-17 03:00:00,0.0,IT.CAED/100752001.FACILITY,Ahlstrom-Munksjö Italia S.p.A.
2023-10-17 04:00:00,0.0,IT.CAED/100752001.FACILITY,Ahlstrom-Munksjö Italia S.p.A.
2023-10-17 05:00:00,0.0,IT.CAED/100752001.FACILITY,Ahlstrom-Munksjö Italia S.p.A.
2023-10-17 06:00:00,0.0,IT.CAED/100752001.FACILITY,Ahlstrom-Munksjö Italia S.p.A.
2023-10-17 07:00:00,0.0,IT.CAED/100752001.FACILITY,Ahlstrom-Munksjö Italia S.p.A.
2023-10-17 08:00:00,0.044469999999999996,IT.CAED/100752001.FACILITY,Ahlstrom-Munksjö Italia S.p.A.
2023-10-17 09:00:00,0.17,IT.CAED/100752001.FACILITY,Ahlstrom-Munksjö Italia S.p.A.
2023-10-17 10:00:00,0.29952999999999996,IT.CAED/100752001.FACILITY,Ahlstrom-Munksjö Italia S.p.A.
2023-10-17 11:00:00,0.46142,IT.CAED/100752001.FACILITY,Ahlstrom-Munksjö Italia S.p.A.
2023-10-17 12:00:00,0.35095,IT.CAED/100752001.FACILITY,Ahlstrom-Munksjö Italia S.p.A.
2023-10-17 13:00:00,0.38416,IT.CAED/100752001.FACILITY,Ahlstrom-Munksjö Italia S.p.A.
2023-10-17 14:00:00,0.40276,IT.CAED/100752001.FACILITY,Ahlstrom-Munksjö Italia S.p.A.
2023-10-17 15:00:00,0.37687,IT.CAED/100752001.FACILITY,Ahlstrom-Munksjö Italia S.p.A.
2023-10-17 16:00:00,0.25174,IT.CAED/100752001.FACILITY,Ahlstrom-Munksjö Italia S.p.A.
2023-10-17 17:00:00,0.14697,IT.CAED/100752001.FACILITY,Ahlstrom-Munksjö Italia S.p.A.
2023-10-17 18:00:00,0.00166,IT.CAED/100752001.FACILITY,Ahlstrom-Munksjö Italia S.p.A.
2023-10-17 19:00:00,0.0,IT.CAED/100752001.FACILITY,Ahlstrom-Munksjö Italia S.p.A.
2023-10-17 20:00:00,0.0,IT.CAED/100752001.FACILITY,Ahlstrom-Munksjö Italia S.p.A.
2023-10-17 21:00:00,0.0,IT.CAED/100752001.FACILITY,Ahlstrom-Munksjö Italia S.p.A.
2023-10-17 22:00:00,0.0,IT.CAED/100752001.FACILITY,Ahlstrom-Munksjö Italia S.p.A.
2023-10-17 23:00:00,0.0,IT.CAED/100752001.FACILITY,Ahlstrom-Munksjö Italia S.p.A.
2023-10-18 00:00:00,0.0,IT.CAED/100752001.FACILITY,Ahlstrom-Munksjö Italia S.p.A.
2023-10-18 01:00:00,0.0,IT.CAED/100752001.FACILITY,Ahlstrom-Munksjö Italia S.p.A.
2023-10-18 02:00:00,0.0,IT.CAED/100752001.FACILITY,Ahlstrom-Munksjö Italia S.p.A.
2023-10-18 03:00:00,0.0,IT.CAED/100752001.FACILITY,Ahlstrom-Munksjö Italia S.p.A.
2023-10-18 04:00:00,0.0,IT.CAED/100752001.FACILITY,Ahlstrom-Munksjö Italia S.p.A.
2023-10-18 05:00:00,0.0,IT.CAED/100752001.FACILITY,Ahlstrom-Munksjö Italia S.p.A.
2023-10-18 06:00:00,0.0,IT.CAED/100752001.FACILITY,Ahlstrom-Munksjö Italia S.p.A.
2023-10-18 07:00:00,0.0,IT.CAED/100752001.FACILITY,Ahlstrom-Munksjö Italia S.p.A.
2023-10-18 08:00:00,0.022359999999999998,IT.CAED/100752001.FACILITY,Ahlstrom-Munksjö Italia S.p.A.
2023-10-18 09:00:00,0.12879,IT.CAED/100752001.FACILITY,Ahlstrom-Munksjö Italia S.p.A.
2023-10-18 10:00:00,0.1819,IT.CAED/100752001.FACILITY,Ahlstrom-Munksjö Italia S.p.A.
2023-10-18 11:00:00,0.27620999999999996,IT.CAED/100752001.FACILITY,Ahlstrom-Munksjö Italia S.p.A.
2023-10-18 12:00:00,0.19691,IT.CAED/100752001.FACILITY,Ahlstrom-Munksjö Italia S.p.A.
2023-10-18 13:00:00,0.09938,IT.CAED/100752001.FACILITY,Ahlstrom-Munksjö Italia S.p.A.
2023-10-18 14:00:00,0.15297999999999998,IT.CAED/100752001.FACILITY,Ahlstrom-Munksjö Italia S.p.A.
2023-10-18 15:00:00,0.13054,IT.CAED/100752001.FACILITY,Ahlstrom-Munksjö Italia S.p.A.
2023-10-18 16:00:00,0.07804000000000001,IT.CAED/100752001.FACILITY,Ahlstrom-Munksjö Italia S.p.A.
2023-10-18 17:00:00,0.011800000000000001,IT.CAED/100752001.FACILITY,Ahlstrom-Munksjö Italia S.p.A.
2023-10-18 18:00:00,0.0,IT.CAED/100752001.FACILITY,Ahlstrom-Munksjö Italia S.p.A.
2023-10-18 19:00:00,0.0,IT.CAED/100752001.FACILITY,Ahlstrom-Munksjö Italia S.p.A.
2023-10-18 20:00:00,0.0,IT.CAED/100752001.FACILITY,Ahlstrom-Munksjö Italia S.p.A.
2023-10-18 21:00:00,0.0,IT.CAED/100752001.FACILITY,Ahlstrom-Munksjö Italia S.p.A.
2023-10-18 22:00:00,0.0,IT.CAED/100752001.FACILITY,Ahlstrom-Munksjö Italia S.p.A.
2023-10-18 23:00:00,0.0,IT.CAED/100752001.FACILITY,Ahlstrom-Munksjö Italia S.p.A.
2023-10-19 00:00:00,0.0,IT.CAED/100752001.FACILITY,Ahlstrom-Munksjö Italia S.p.A.
2023-10-19 01:00:00,0.0,IT.CAED/100752001.FACILITY,Ahlstrom-Munksjö Italia S.p.A.
2023-10-19 02:00:00,0.0,IT.CAED/100752001.FACILITY,Ahlstrom-Munksjö Italia S.p.A.
2023-10-19 03:00:00,0.0,IT.CAED/100752001.FACILITY,Ahlstrom-Munksjö Italia S.p.A.
2023-10-19 04:00:00,0.0,IT.CAED/100752001.FACILITY,Ahlstrom-Munksjö Italia S.p.A.
2023-10-19 05:00:00,0.0,IT.CAED/100752001.FACILITY,Ahlstrom-Munksjö Italia S.p.A.
2023-10-19 06:00:00,0.0,IT.CAED/100752001.FACILITY,Ahlstrom-Munksjö Italia S.p.A.
2023-10-19 07:00:00,0.0,IT.CAED/100752001.FACILITY,Ahlstrom-Munksjö Italia S.p.A.
2023-10-19 08:00:00,0.031039999999999998,IT.CAED/100752001.FACILITY,Ahlstrom-Munksjö Italia S.p.A.
2023-10-19 09:00:00,0.11948,IT.CAED/100752001.FACILITY,Ahlstrom-Munksjö Italia S.p.A.
2023-10-19 10:00:00,0.15999000000000002,IT.CAED/100752001.FACILITY,Ahlstrom-Munksjö Italia S.p.A.
2023-10-19 11:00:00,0.27538,IT.CAED/100752001.FACILITY,Ahlstrom-Munksjö Italia S.p.A.
2023-10-19 12:00:00,0.31799,IT.CAED/100752001.FACILITY,Ahlstrom-Munksjö Italia S.p.A.
2023-10-19 13:00:00,0.21830000000000002,IT.CAED/100752001.FACILITY,Ahlstrom-Munksjö Italia S.p.A.
2023-10-19 14:00:00,0.21328999999999998,IT.CAED/100752001.FACILITY,Ahlstrom-Munksjö Italia S.p.A.
2023-10-19 15:00:00,0.07508,IT.CAED/100752001.FACILITY,Ahlstrom-Munksjö Italia S.p.A.
2023-10-19 16:00:00,0.02062,IT.CAED/100752001.FACILITY,Ahlstrom-Munksjö Italia S.p.A.
2023-10-19 17:00:00,0.0076100000000000004,IT.CAED/100752001.FACILITY,Ahlstrom-Munksjö Italia S.p.A.
2023-10-19 18:00:00,0.0,IT.CAED/100752001.FACILITY,Ahlstrom-Munksjö Italia S.p.A.
2023-10-19 19:00:00,0.0,IT.CAED/100752001.FACILITY,Ahlstrom-Munksjö Italia S.p.A.
2023-10-19 20:00:00,0.0,IT.CAED/100752001.FACILITY,Ahlstrom-Munksjö Italia S.p.A.
2023-10-19 21:00:00,0.0,IT.CAED/100752001.FACILITY,Ahlstrom-Munksjö Italia S.p.A.
2023-10-19 22:00:00,0.0,IT.CAED/100752001.FACILITY,Ahlstrom-Munksjö Italia S.p.A.
2023-10-19 23:00:00,0.0,IT.CAED/100752001.FACILITY,Ahlstrom-Munksjö Italia S.p.A.
2023-10-20 00:00:00,0.0,IT.CAED/100752001.FACILITY,Ahlstrom-Munksjö Italia S.p.A.
2023-10-20 01:00:00,0.0,IT.CAED/100752001.FACILITY,Ahlstrom-Munksjö Italia S.p.A.
2023-10-20 02:00:00,0.0,IT.CAED/100752001.FACILITY,Ahlstrom-Munksjö Italia S.p.A.
2023-10-20 03:00:00,0.0,IT.CAED/100752001.FACILITY,Ahlstrom-Munksjö Italia S.p.A.
2023-10-20 04:00:00,0.0,IT.CAED/100752001.FACILITY,Ahlstrom-Munksjö Italia S.p.A.
2023-10-20 05:00:00,0.0,IT.CAED/100752001.FACILITY,Ahlstrom-Munksjö Italia S.p.A.
2023-10-20 06:00:00,0.0,IT.CAED/100752001.FACILITY,Ahlstrom-Munksjö Italia S.p.A.
2023-10-20 07:00:00,0.0,IT.CAED/100752001.FACILITY,Ahlstrom-Munksjö Italia S.p.A.
2023-10-20 08:00:00,0.0,IT.CAED/100752001.FACILITY,Ahlstrom-Munksjö Italia S.p.A.
2023-10-20 09:00:00,0.00276,IT.CAED/100752001.FACILITY,Ahlstrom-Munksjö Italia S.p.A.
2023-10-20 10:00:00,0.019969999999999998,IT.CAED/100752001.FACILITY,Ahlstrom-Munksjö Italia S.p.A.
2023-10-20 11:00:00,0.052969999999999996,IT.CAED/100752001.FACILITY,Ahlstrom-Munksjö Italia S.p.A.
2023-10-20 12:00:00,0.12533,IT.CAED/100752001.FACILITY,Ahlstrom-Munksjö Italia S.p.A.
2023-10-20 13:00:00,0.12608,IT.CAED/100752001.FACILITY,Ahlstrom-Munksjö Italia S.p.A.
2023-10-20 14:00:00,0.20103000000000001,IT.CAED/100752001.FACILITY,Ahlstrom-Munksjö Italia S.p.A.
2023-10-20 15:00:00,0.35176,IT.CAED/100752001.FACILITY,Ahlstrom-Munksjö Italia S.p.A.
2023-10-20 16:00:00,0.27572,IT.CAED/100752001.FACILITY,Ahlstrom-Munksjö Italia S.p.A.
2023-10-20 17:00:00,0.09076000000000001,IT.CAED/100752001.FACILITY,Ahlstrom-Munksjö Italia S.p.A.
2023-10-20 18:00:00,0.0,IT.CAED/100752001.FACILITY,Ahlstrom-Munksjö Italia S.p.A.
2023-10-20 19:00:00,0.0,IT.CAED/100752001.FACILITY,Ahlstrom-Munksjö Italia S.p.A.
2023-10-20 20:00:00,0.0,IT.CAED/100752001.FACILITY,Ahlstrom-Munksjö Italia S.p.A.
2023-10-20 21:00:00,0.0,IT.CAED/100752001.FACILITY,Ahlstrom-Munksjö Italia S.p.A.
2023-10-20 22:00:00,0.0,IT.CAED/100752001.FACILITY,Ahlstrom-Munksjö Italia S.p.A.
2023-10-20 23:00:00,0.0,IT.CAED/100752001.FACILITY,Ahlstrom-Munksjö Italia S.p.A.
2023-10-21 00:00:00,0.0,IT.CAED/100752001.FACILITY,Ahlstrom-Munksjö Italia S.p.A.
2023-10-21 01:00:00,0.0,IT.CAED/100752001.FACILITY,Ahlstrom-Munksjö Italia S.p.A.
2023-10-21 02:00:00,0.0,IT.CAED/100752001.FACILITY,Ahlstrom-Munksjö Italia S.p.A.
2023-10-21 03:00:00,0.0,IT.CAED/100752001.FACILITY,Ahlstrom-Munksjö Italia S.p.A.
2023-10-21 04:00:00,0.0,IT.CAED/100752001.FACILITY,Ahlstrom-Munksjö Italia S.p.A.
2023-10-21 05:00:00,0.0,IT.CAED/100752001.FACILITY,Ahlstrom-Munksjö Italia S.p.A.
2023-10-21 06:00:00,0.0,IT.CAED/100752001.FACILITY,Ahlstrom-Munksjö Italia S.p.A.
2023-10-21 07:00:00,0.0,IT.CAED/100752001.FACILITY,Ahlstrom-Munksjö Italia S.p.A.
2023-10-21 08:00:00,0.09994,IT.CAED/100752001.FACILITY,Ahlstrom-Munksjö Italia S.p.A.
2023-10-21 09:00:00,0.20351,IT.CAED/100752001.FACILITY,Ahlstrom-Munksjö Italia S.p.A.
2023-10-21 10:00:00,0.32204,IT.CAED/100752001.FACILITY,Ahlstrom-Munksjö Italia S.p.A.
2023-10-21 11:00:00,0.48382,IT.CAED/100752001.FACILITY,Ahlstrom-Munksjö Italia S.p.A.
2023-10-21 12:00:00,0.51344,IT.CAED/100752001.FACILITY,Ahlstrom-Munksjö Italia S.p.A.
2023-10-21 13:00:00,0.56652,IT.CAED/100752001.FACILITY,Ahlstrom-Munksjö Italia S.p.A.
2023-10-21 14:00:00,0.55957,IT.CAED/100752001.FACILITY,Ahlstrom-Munksjö Italia S.p.A.
2023-10-21 15:00:00,0.42382,IT.CAED/100752001.FACILITY,Ahlstrom-Munksjö Italia S.p.A.
2023-10-21 16:00:00,0.26054,IT.CAED/100752001.FACILITY,Ahlstrom-Munksjö Italia S.p.A.
2023-10-21 17:00:00,0.061579999999999996,IT.CAED/100752001.FACILITY,Ahlstrom-Munksjö Italia S.p.A.
2023-10-21 18:00:00,0.0,IT.CAED/100752001.FACILITY,Ahlstrom-Munksjö Italia S.p.A.
2023-10-21 19:00:00,0.0,IT.CAED/100752001.FACILITY,Ahlstrom-Munksjö Italia S.p.A.
2023-10-21 20:00:00,0.0,IT.CAED/100752001.FACILITY,Ahlstrom-Munksjö Italia S.p.A.
2023-10-21 21:00:00,0.0,IT.CAED/100752001.FACILITY,Ahlstrom-Munksjö Italia S.p.A.
2023-10-21 22:00:00,0.0,IT.CAED/100752001.FACILITY,Ahlstrom-Munksjö Italia S.p.A.
2023-10-21 23:00:00,0.0,IT.CAED/100752001.FACILITY,Ahlstrom-Munksjö Italia S.p.A.
2023-10-22 00:00:00,0.0,IT.CAED/100752001.FACILITY,Ahlstrom-Munksjö Italia S.p.A.
2023-10-22 01:00:00,0.0,IT.CAED/100752001.FACILITY,Ahlstrom-Munksjö Italia S.p.A.
2023-10-22 02:00:00,0.0,IT.CAED/100752001.FACILITY,Ahlstrom-Munksjö Italia S.p.A.
2023-10-22 03:00:00,0.0,IT.CAED/100752001.FACILITY,Ahlstrom-Munksjö Italia S.p.A.
2023-10-22 04:00:00,0.0,IT.CAED/100752001.FACILITY,Ahlstrom-Munksjö Italia S.p.A.
2023-10-22 05:00:00,0.0,IT.CAED/100752001.FACILITY,Ahlstrom-Munksjö Italia S.p.A.
2023-10-22 06:00:00,0.0,IT.CAED/100752001.FACILITY,Ahlstrom-Munksjö Italia S.p.A.
2023-10-22 07:00:00,0.0,IT.CAED/100752001.FACILITY,Ahlstrom-Munksjö Italia S.p.A.
2023-10-22 08:00:00,0.09440000000000001,IT.CAED/100752001.FACILITY,Ahlstrom-Munksjö Italia S.p.A.
2023-10-22 09:00:00,0.31674,IT.CAED/100752001.FACILITY,Ahlstrom-Munksjö Italia S.p.A.
2023-10-22 10:00:00,0.54143,IT.CAED/100752001.FACILITY,Ahlstrom-Munksjö Italia S.p.A.
2023-10-22 11:00:00,0.69692,IT.CAED/100752001.FACILITY,Ahlstrom-Munksjö Italia S.p.A.
2023-10-22 12:00:00,0.70609,IT.CAED/100752001.FACILITY,Ahlstrom-Munksjö Italia S.p.A.
2023-10-22 13:00:00,0.66471,IT.CAED/100752001.FACILITY,Ahlstrom-Munksjö Italia S.p.A.
2023-10-22 14:00:00,0.53953,IT.CAED/100752001.FACILITY,Ahlstrom-Munksjö Italia S.p.A.
2023-10-22 15:00:00,0.27758999999999995,IT.CAED/100752001.FACILITY,Ahlstrom-Munksjö Italia S.p.A.
2023-10-22 16:00:00,0.11295000000000001,IT.CAED/100752001.FACILITY,Ahlstrom-Munksjö Italia S.p.A.
2023-10-22 17:00:00,0.04111,IT.CAED/100752001.FACILITY,Ahlstrom-Munksjö Italia S.p.A.
2023-10-22 18:00:00,0.0,IT.CAED/100752001.FACILITY,Ahlstrom-Munksjö Italia S.p.A.
2023-10-22 19:00:00,0.0,IT.CAED/100752001.FACILITY,Ahlstrom-Munksjö Italia S.p.A.
2023-10-22 20:00:00,0.0,IT.CAED/100752001.FACILITY,Ahlstrom-Munksjö Italia S.p.A.
2023-10-22 21:00:00,0.0,IT.CAED/100752001.FACILITY,Ahlstrom-Munksjö Italia S.p.A.
2023-10-22 22:00:00,0.0,IT.CAED/100752001.FACILITY,Ahlstrom-Munksjö Italia S.p.A.
2023-10-22 23:00:00,0.0,IT.CAED/100752001.FACILITY,Ahlstrom-Munksjö Italia S.p.A.
2023-10-23 00:00:00,0.0,IT.CAED/100752001.FACILITY,Ahlstrom-Munksjö Italia S.p.A.
2023-10-23 01:00:00,0.0,IT.CAED/100752001.FACILITY,Ahlstrom-Munksjö Italia S.p.A.
2023-10-23 02:00:00,0.0,IT.CAED/100752001.FACILITY,Ahlstrom-Munksjö Italia S.p.A.
2023-10-23 03:00:00,0.0,IT.CAED/100752001.FACILITY,Ahlstrom-Munksjö Italia S.p.A.
2023-10-23 04:00:00,0.0,IT.CAED/100752001.FACILITY,Ahlstrom-Munksjö Italia S.p.A.
2023-10-23 05:00:00,0.0,IT.CAED/100752001.FACILITY,Ahlstrom-Munksjö Italia S.p.A.
2023-10-23 06:00:00,0.0,IT.CAED/100752001.FACILITY,Ahlstrom-Munksjö Italia S.p.A.
2023-10-23 07:00:00,0.0,IT.CAED/100752001.FACILITY,Ahlstrom-Munksjö Italia S.p.A.
2023-10-23 08:00:00,0.01031,IT.CAED/100752001.FACILITY,Ahlstrom-Munksjö Italia S.p.A.
2023-10-23 09:00:00,0.01485,IT.CAED/100752001.FACILITY,Ahlstrom-Munksjö Italia S.p.A.
2023-10-23 10:00:00,0.05699,IT.CAED/100752001.FACILITY,Ahlstrom-Munksjö Italia S.p.A.
2023-10-23 11:00:00,0.06871,IT.CAED/100752001.FACILITY,Ahlstrom-Munksjö Italia S.p.A.
2023-10-23 12:00:00,0.04069,IT.CAED/100752001.FACILITY,Ahlstrom-Munksjö Italia S.p.A.
2023-10-23 13:00:00,0.07338,IT.CAED/100752001.FACILITY,Ahlstrom-Munksjö Italia S.p.A.
2023-10-23 14:00:00,0.01986,IT.CAED/100752001.FACILITY,Ahlstrom-Munksjö Italia S.p.A.
2023-10-23 15:00:00,0.008289999999999999,IT.CAED/100752001.FACILITY,Ahlstrom-Munksjö Italia S.p.A.
2023-10-23 16:00:00,0.00852,IT.CAED/100752001.FACILITY,Ahlstrom-Munksjö Italia S.p.A.
2023-10-23 17:00:00,0.0005899999999999999,IT.CAED/100752001.FACILITY,Ahlstrom-Munksjö Italia S.p.A.
2023-10-23 18:00:00,0.0,IT.CAED/100752001.FACILITY,Ahlstrom-Munksjö Italia S.p.A.
2023-10-23 19:00:00,0.0,IT.CAED/100752001.FACILITY,Ahlstrom-Munksjö Italia S.p.A.
2023-10-23 20:00:00,0.0,IT.CAED/100752001.FACILITY,Ahlstrom-Munksjö Italia S.p.A.
2023-10-23 21:00:00,0.0,IT.CAED/100752001.FACILITY,Ahlstrom-Munksjö Italia S.p.A.
2023-10-23 22:00:00,0.0,IT.CAED/100752001.FACILITY,Ahlstrom-Munksjö Italia S.p.A.
2023-10-23 23:00:00,0.0,IT.CAED/100752001.FACILITY,Ahlstrom-Munksjö Italia S.p.A.
2023-10-24 00:00:00,0.0,IT.CAED/100752001.FACILITY,Ahlstrom-Munksjö Italia S.p.A.
2023-10-24 01:00:00,0.0,IT.CAED/100752001.FACILITY,Ahlstrom-Munksjö Italia S.p.A.
2023-10-24 02:00:00,0.0,IT.CAED/100752001.FACILITY,Ahlstrom-Munksjö Italia S.p.A.
2023-10-24 03:00:00,0.0,IT.CAED/100752001.FACILITY,Ahlstrom-Munksjö Italia S.p.A.
2023-10-24 04:00:00,0.0,IT.CAED/100752001.FACILITY,Ahlstrom-Munksjö Italia S.p.A.
2023-10-24 05:00:00,0.0,IT.CAED/100752001.FACILITY,Ahlstrom-Munksjö Italia S.p.A.
2023-10-24 06:00:00,0.0,IT.CAED/100752001.FACILITY,Ahlstrom-Munksjö Italia S.p.A.
2023-10-24 07:00:00,0.0,IT.CAED/100752001.FACILITY,Ahlstrom-Munksjö Italia S.p.A.
2023-10-24 08:00:00,0.0,IT.CAED/100752001.FACILITY,Ahlstrom-Munksjö Italia S.p.A.
2023-10-24 09:00:00,0.00835,IT.CAED/100752001.FACILITY,Ahlstrom-Munksjö Italia S.p.A.
2023-10-24 10:00:00,0.02382,IT.CAED/100752001.FACILITY,Ahlstrom-Munksjö Italia S.p.A.
2023-10-24 11:00:00,0.07687999999999999,IT.CAED/100752001.FACILITY,Ahlstrom-Munksjö Italia S.p.A.
2023-10-24 12:00:00,0.11667,IT.CAED/100752001.FACILITY,Ahlstrom-Munksjö Italia S.p.A.
2023-10-24 13:00:00,0.17106,IT.CAED/100752001.FACILITY,Ahlstrom-Munksjö Italia S.p.A.
2023-10-24 14:00:00,0.17837,IT.CAED/100752001.FACILITY,Ahlstrom-Munksjö Italia S.p.A.
2023-10-24 15:00:00,0.11447,IT.CAED/100752001.FACILITY,Ahlstrom-Munksjö Italia S.p.A.
2023-10-24 16:00:00,0.08976,IT.CAED/100752001.FACILITY,Ahlstrom-Munksjö Italia S.p.A.
2023-10-24 17:00:00,0.03429,IT.CAED/100752001.FACILITY,Ahlstrom-Munksjö Italia S.p.A.
2023-10-24 18:00:00,0.0,IT.CAED/100752001.FACILITY,Ahlstrom-Munksjö Italia S.p.A.
2023-10-24 19:00:00,0.0,IT.CAED/100752001.FACILITY,Ahlstrom-Munksjö Italia S.p.A.
2023-10-24 20:00:00,0.0,IT.CAED/100752001.FACILITY,Ahlstrom-Munksjö Italia S.p.A.
2023-10-24 21:00:00,0.0,IT.CAED/100752001.FACILITY,Ahlstrom-Munksjö Italia S.p.A.
2023-10-24 22:00:00,0.0,IT.CAED/100752001.FACILITY,Ahlstrom-Munksjö Italia S.p.A.
2023-10-24 23:00:00,0.0,IT.CAED/100752001.FACILITY,Ahlstrom-Munksjö Italia S.p.A.
2023-10-25 00:00:00,0.0,IT.CAED/100752001.FACILITY,Ahlstrom-Munksjö Italia S.p.A.
2023-10-25 01:00:00,0.0,IT.CAED/100752001.FACILITY,Ahlstrom-Munksjö Italia S.p.A.
2023-10-25 02:00:00,0.0,IT.CAED/100752001.FACILITY,Ahlstrom-Munksjö Italia S.p.A.
2023-10-25 03:00:00,0.0,IT.CAED/100752001.FACILITY,Ahlstrom-Munksjö Italia S.p.A.
2023-10-25 04:00:00,0.0,IT.CAED/100752001.FACILITY,Ahlstrom-Munksjö Italia S.p.A.
2023-10-25 05:00:00,0.0,IT.CAED/100752001.FACILITY,Ahlstrom-Munksjö Italia S.p.A.
2023-10-25 06:00:00,0.0,IT.CAED/100752001.FACILITY,Ahlstrom-Munksjö Italia S.p.A.
2023-10-25 07:00:00,0.0,IT.CAED/100752001.FACILITY,Ahlstrom-Munksjö Italia S.p.A.
2023-10-25 08:00:00,0.04444,IT.CAED/100752001.FACILITY,Ahlstrom-Munksjö Italia S.p.A.
2023-10-25 09:00:00,0.25126,IT.CAED/100752001.FACILITY,Ahlstrom-Munksjö Italia S.p.A.
2023-10-25 10:00:00,0.47594,IT.CAED/100752001.FACILITY,Ahlstrom-Munksjö Italia S.p.A.
2023-10-25 11:00:00,0.5454,IT.CAED/100752001.FACILITY,Ahlstrom-Munksjö Italia S.p.A.
2023-10-25 12:00:00,0.75863,IT.CAED/100752001.FACILITY,Ahlstrom-Munksjö Italia S.p.A.
2023-10-25 13:00:00,0.79814,IT.CAED/100752001.FACILITY,Ahlstrom-Munksjö Italia S.p.A.
2023-10-25 14:00:00,0.57017,IT.CAED/100752001.FACILITY,Ahlstrom-Munksjö Italia S.p.A.
2023-10-25 15:00:00,0.51535,IT.CAED/100752001.FACILITY,Ahlstrom-Munksjö Italia S.p.A.
2023-10-25 16:00:00,0.31386000000000003,IT.CAED/100752001.FACILITY,Ahlstrom-Munksjö Italia S.p.A.
2023-10-25 17:00:00,0.18203999999999998,IT.CAED/100752001.FACILITY,Ahlstrom-Munksjö Italia S.p.A.
2023-10-25 18:00:00,0.0,IT.CAED/100752001.FACILITY,Ahlstrom-Munksjö Italia S.p.A.
2023-10-25 19:00:00,0.0,IT.CAED/100752001.FACILITY,Ahlstrom-Munksjö Italia S.p.A.
2023-10-25 20:00:00,0.0,IT.CAED/100752001.FACILITY,Ahlstrom-Munksjö Italia S.p.A.
2023-10-25 21:00:00,0.0,IT.CAED/100752001.FACILITY,Ahlstrom-Munksjö Italia S.p.A.
2023-10-25 22:00:00,0.0,IT.CAED/100752001.FACILITY,Ahlstrom-Munksjö Italia S.p.A.
2023-10-25 23:00:00,0.0,IT.CAED/100752001.FACILITY,Ahlstrom-Munksjö Italia S.p.A.
2023-10-26 00:00:00,0.0,IT.CAED/100752001.FACILITY,Ahlstrom-Munksjö Italia S.p.A.
2023-10-26 01:00:00,0.0,IT.CAED/100752001.FACILITY,Ahlstrom-Munksjö Italia S.p.A.
2023-10-26 02:00:00,0.0,IT.CAED/100752001.FACILITY,Ahlstrom-Munksjö Italia S.p.A.
2023-10-26 03:00:00,0.0,IT.CAED/100752001.FACILITY,Ahlstrom-Munksjö Italia S.p.A.
2023-10-26 04:00:00,0.0,IT.CAED/100752001.FACILITY,Ahlstrom-Munksjö Italia S.p.A.
2023-10-26 05:00:00,0.0,IT.CAED/100752001.FACILITY,Ahlstrom-Munksjö Italia S.p.A.
2023-10-26 06:00:00,0.0,IT.CAED/100752001.FACILITY,Ahlstrom-Munksjö Italia S.p.A.
2023-10-26 07:00:00,0.0,IT.CAED/100752001.FACILITY,Ahlstrom-Munksjö Italia S.p.A.
2023-10-26 08:00:00,0.03226,IT.CAED/100752001.FACILITY,Ahlstrom-Munksjö Italia S.p.A.
2023-10-26 09:00:00,0.16236,IT.CAED/100752001.FACILITY,Ahlstrom-Munksjö Italia S.p.A.
2023-10-26 10:00:00,0.29886,IT.CAED/100752001.FACILITY,Ahlstrom-Munksjö Italia S.p.A.
2023-10-26 11:00:00,0.41384,IT.CAED/100752001.FACILITY,Ahlstrom-Munksjö Italia S.p.A.
2023-10-26 12:00:00,0.47941,IT.CAED/100752001.FACILITY,Ahlstrom-Munksjö Italia S.p.A.
2023-10-26 13:00:00,0.67449,IT.CAED/100752001.FACILITY,Ahlstrom-Munksjö Italia S.p.A.
2023-10-26 14:00:00,0.42410000000000003,IT.CAED/100752001.FACILITY,Ahlstrom-Munksjö Italia S.p.A.
2023-10-26 15:00:00,0.15095,IT.CAED/100752001.FACILITY,Ahlstrom-Munksjö Italia S.p.A.
2023-10-26 16:00:00,0.03233,IT.CAED/100752001.FACILITY,Ahlstrom-Munksjö Italia S.p.A.
2023-10-26 17:00:00,0.0042699999999999995,IT.CAED/100752001.FACILITY,Ahlstrom-Munksjö Italia S.p.A.
2023-10-26 18:00:00,0.0,IT.CAED/100752001.FACILITY,Ahlstrom-Munksjö Italia S.p.A.
2023-10-26 19:00:00,0.0,IT.CAED/100752001.FACILITY,Ahlstrom-Munksjö Italia S.p.A.
2023-10-26 20:00:00,0.0,IT.CAED/100752001.FACILITY,Ahlstrom-Munksjö Italia S.p.A.
2023-10-26 21:00:00,0.0,IT.CAED/100752001.FACILITY,Ahlstrom-Munksjö Italia S.p.A.
2023-10-26 22:00:00,0.0,IT.CAED/100752001.FACILITY,Ahlstrom-Munksjö Italia S.p.A.
2023-10-26 23:00:00,0.0,IT.CAED/100752001.FACILITY,Ahlstrom-Munksjö Italia S.p.A.
2023-10-27 00:00:00,0.0,IT.CAED/100752001.FACILITY,Ahlstrom-Munksjö Italia S.p.A.
2023-10-27 01:00:00,0.0,IT.CAED/100752001.FACILITY,Ahlstrom-Munksjö Italia S.p.A.
2023-10-27 02:00:00,0.0,IT.CAED/100752001.FACILITY,Ahlstrom-Munksjö Italia S.p.A.
2023-10-27 03:00:00,0.0,IT.CAED/100752001.FACILITY,Ahlstrom-Munksjö Italia S.p.A.
2023-10-27 04:00:00,0.0,IT.CAED/100752001.FACILITY,Ahlstrom-Munksjö Italia S.p.A.
2023-10-27 05:00:00,0.0,IT.CAED/100752001.FACILITY,Ahlstrom-Munksjö Italia S.p.A.
2023-10-27 06:00:00,0.0,IT.CAED/100752001.FACILITY,Ahlstrom-Munksjö Italia S.p.A.
2023-10-27 07:00:00,0.0,IT.CAED/100752001.FACILITY,Ahlstrom-Munksjö Italia S.p.A.
2023-10-27 08:00:00,0.1159,IT.CAED/100752001.FACILITY,Ahlstrom-Munksjö Italia S.p.A.
2023-10-27 09:00:00,0.40514,IT.CAED/100752001.FACILITY,Ahlstrom-Munksjö Italia S.p.A.
2023-10-27 10:00:00,0.63579,IT.CAED/100752001.FACILITY,Ahlstrom-Munksjö Italia S.p.A.
2023-10-27 11:00:00,0.78103,IT.CAED/100752001.FACILITY,Ahlstrom-Munksjö Italia S.p.A.
2023-10-27 12:00:00,0.8598899999999999,IT.CAED/100752001.FACILITY,Ahlstrom-Munksjö Italia S.p.A.
2023-10-27 13:00:00,0.87251,IT.CAED/100752001.FACILITY,Ahlstrom-Munksjö Italia S.p.A.
2023-10-27 14:00:00,0.8151499999999999,IT.CAED/100752001.FACILITY,Ahlstrom-Munksjö Italia S.p.A.
2023-10-27 15:00:00,0.6834199999999999,IT.CAED/100752001.FACILITY,Ahlstrom-Munksjö Italia S.p.A.
2023-10-27 16:00:00,0.46397000000000005,IT.CAED/100752001.FACILITY,Ahlstrom-Munksjö Italia S.p.A.
2023-10-27 17:00:00,0.01601,IT.CAED/100752001.FACILITY,Ahlstrom-Munksjö Italia S.p.A.
2023-10-27 18:00:00,0.0,IT.CAED/100752001.FACILITY,Ahlstrom-Munksjö Italia S.p.A.
2023-10-27 19:00:00,0.0,IT.CAED/100752001.FACILITY,Ahlstrom-Munksjö Italia S.p.A.
2023-10-27 20:00:00,0.0,IT.CAED/100752001.FACILITY,Ahlstrom-Munksjö Italia S.p.A.
2023-10-27 21:00:00,0.0,IT.CAED/100752001.FACILITY,Ahlstrom-Munksjö Italia S.p.A.
2023-10-27 22:00:00,0.0,IT.CAED/100752001.FACILITY,Ahlstrom-Munksjö Italia S.p.A.
2023-10-27 23:00:00,0.0,IT.CAED/100752001.FACILITY,Ahlstrom-Munksjö Italia S.p.A.
2023-10-28 00:00:00,0.0,IT.CAED/100752001.FACILITY,Ahlstrom-Munksjö Italia S.p.A.
2023-10-28 01:00:00,0.0,IT.CAED/100752001.FACILITY,Ahlstrom-Munksjö Italia S.p.A.
2023-10-28 02:00:00,0.0,IT.CAED/100752001.FACILITY,Ahlstrom-Munksjö Italia S.p.A.
2023-10-28 03:00:00,0.0,IT.CAED/100752001.FACILITY,Ahlstrom-Munksjö Italia S.p.A.
2023-10-28 04:00:00,0.0,IT.CAED/100752001.FACILITY,Ahlstrom-Munksjö Italia S.p.A.
2023-10-28 05:00:00,0.0,IT.CAED/100752001.FACILITY,Ahlstrom-Munksjö Italia S.p.A.
2023-10-28 06:00:00,0.0,IT.CAED/100752001.FACILITY,Ahlstrom-Munksjö Italia S.p.A.
2023-10-28 07:00:00,0.0,IT.CAED/100752001.FACILITY,Ahlstrom-Munksjö Italia S.p.A.
2023-10-28 08:00:00,0.11894,IT.CAED/100752001.FACILITY,Ahlstrom-Munksjö Italia S.p.A.
2023-10-28 09:00:00,0.40352,IT.CAED/100752001.FACILITY,Ahlstrom-Munksjö Italia S.p.A.
2023-10-28 10:00:00,0.60733,IT.CAED/100752001.FACILITY,Ahlstrom-Munksjö Italia S.p.A.
2023-10-28 11:00:00,0.6926,IT.CAED/100752001.FACILITY,Ahlstrom-Munksjö Italia S.p.A.
2023-10-28 12:00:00,0.67026,IT.CAED/100752001.FACILITY,Ahlstrom-Munksjö Italia S.p.A.
2023-10-28 13:00:00,0.70087,IT.CAED/100752001.FACILITY,Ahlstrom-Munksjö Italia S.p.A.
2023-10-28 14:00:00,0.71254,IT.CAED/100752001.FACILITY,Ahlstrom-Munksjö Italia S.p.A.
2023-10-28 15:00:00,0.67345,IT.CAED/100752001.FACILITY,Ahlstrom-Munksjö Italia S.p.A.
2023-10-28 16:00:00,0.46695,IT.CAED/100752001.FACILITY,Ahlstrom-Munksjö Italia S.p.A.
2023-10-28 17:00:00,0.01782,IT.CAED/100752001.FACILITY,Ahlstrom-Munksjö Italia S.p.A.
2023-10-28 18:00:00,0.0,IT.CAED/100752001.FACILITY,Ahlstrom-Munksjö Italia S.p.A.
2023-10-28 19:00:00,0.0,IT.CAED/100752001.FACILITY,Ahlstrom-Munksjö Italia S.p.A.
2023-10-28 20:00:00,0.0,IT.CAED/100752001.FACILITY,Ahlstrom-Munksjö Italia S.p.A.
2023-10-28 21:00:00,0.0,IT.CAED/100752001.FACILITY,Ahlstrom-Munksjö Italia S.p.A.
2023-10-28 22:00:00,0.0,IT.CAED/100752001.FACILITY,Ahlstrom-Munksjö Italia S.p.A.
2023-10-28 23:00:00,0.0,IT.CAED/100752001.FACILITY,Ahlstrom-Munksjö Italia S.p.A.
2023-10-29 00:00:00,0.0,IT.CAED/100752001.FACILITY,Ahlstrom-Munksjö Italia S.p.A.
2023-10-29 01:00:00,0.0,IT.CAED/100752001.FACILITY,Ahlstrom-Munksjö Italia S.p.A.
2023-10-29 02:00:00,0.0,IT.CAED/100752001.FACILITY,Ahlstrom-Munksjö Italia S.p.A.
2023-10-29 03:00:00,0.0,IT.CAED/100752001.FACILITY,Ahlstrom-Munksjö Italia S.p.A.
2023-10-29 04:00:00,0.0,IT.CAED/100752001.FACILITY,Ahlstrom-Munksjö Italia S.p.A.
2023-10-29 05:00:00,0.0,IT.CAED/100752001.FACILITY,Ahlstrom-Munksjö Italia S.p.A.
2023-10-29 06:00:00,0.0,IT.CAED/100752001.FACILITY,Ahlstrom-Munksjö Italia S.p.A.
2023-10-29 07:00:00,0.01253,IT.CAED/100752001.FACILITY,Ahlstrom-Munksjö Italia S.p.A.
2023-10-29 08:00:00,0.07001,IT.CAED/100752001.FACILITY,Ahlstrom-Munksjö Italia S.p.A.
2023-10-29 09:00:00,0.04383,IT.CAED/100752001.FACILITY,Ahlstrom-Munksjö Italia S.p.A.
2023-10-29 10:00:00,0.11835,IT.CAED/100752001.FACILITY,Ahlstrom-Munksjö Italia S.p.A.
2023-10-29 11:00:00,0.11531999999999999,IT.CAED/100752001.FACILITY,Ahlstrom-Munksjö Italia S.p.A.
2023-10-29 12:00:00,0.11361,IT.CAED/100752001.FACILITY,Ahlstrom-Munksjö Italia S.p.A.
2023-10-29 13:00:00,0.08929000000000001,IT.CAED/100752001.FACILITY,Ahlstrom-Munksjö Italia S.p.A.
2023-10-29 14:00:00,0.03019,IT.CAED/100752001.FACILITY,Ahlstrom-Munksjö Italia S.p.A.
2023-10-29 15:00:00,0.016800000000000002,IT.CAED/100752001.FACILITY,Ahlstrom-Munksjö Italia S.p.A.
2023-10-29 16:00:00,0.003,IT.CAED/100752001.FACILITY,Ahlstrom-Munksjö Italia S.p.A.
2023-10-29 17:00:00,0.0,IT.CAED/100752001.FACILITY,Ahlstrom-Munksjö Italia S.p.A.
2023-10-29 18:00:00,0.0,IT.CAED/100752001.FACILITY,Ahlstrom-Munksjö Italia S.p.A.
2023-10-29 19:00:00,0.0,IT.CAED/100752001.FACILITY,Ahlstrom-Munksjö Italia S.p.A.
2023-10-29 20:00:00,0.0,IT.CAED/100752001.FACILITY,Ahlstrom-Munksjö Italia S.p.A.
2023-10-29 21:00:00,0.0,IT.CAED/100752001.FACILITY,Ahlstrom-Munksjö Italia S.p.A.
2023-10-29 22:00:00,0.0,IT.CAED/100752001.FACILITY,Ahlstrom-Munksjö Italia S.p.A.
2023-10-29 23:00:00,0.0,IT.CAED/100752001.FACILITY,Ahlstrom-Munksjö Italia S.p.A.
2023-10-30 00:00:00,0.0,IT.CAED/100752001.FACILITY,Ahlstrom-Munksjö Italia S.p.A.
2023-10-30 01:00:00,0.0,IT.CAED/100752001.FACILITY,Ahlstrom-Munksjö Italia S.p.A.
2023-10-30 02:00:00,0.0,IT.CAED/100752001.FACILITY,Ahlstrom-Munksjö Italia S.p.A.
2023-10-30 03:00:00,0.0,IT.CAED/100752001.FACILITY,Ahlstrom-Munksjö Italia S.p.A.
2023-10-30 04:00:00,0.0,IT.CAED/100752001.FACILITY,Ahlstrom-Munksjö Italia S.p.A.
2023-10-30 05:00:00,0.0,IT.CAED/100752001.FACILITY,Ahlstrom-Munksjö Italia S.p.A.
2023-10-30 06:00:00,0.0,IT.CAED/100752001.FACILITY,Ahlstrom-Munksjö Italia S.p.A.
2023-10-30 07:00:00,0.00073,IT.CAED/100752001.FACILITY,Ahlstrom-Munksjö Italia S.p.A.
2023-10-30 08:00:00,0.01684,IT.CAED/100752001.FACILITY,Ahlstrom-Munksjö Italia S.p.A.
2023-10-30 09:00:00,0.05136,IT.CAED/100752001.FACILITY,Ahlstrom-Munksjö Italia S.p.A.
2023-10-30 10:00:00,0.09208,IT.CAED/100752001.FACILITY,Ahlstrom-Munksjö Italia S.p.A.
2023-10-30 11:00:00,0.02608,IT.CAED/100752001.FACILITY,Ahlstrom-Munksjö Italia S.p.A.
2023-10-30 12:00:00,0.055060000000000005,IT.CAED/100752001.FACILITY,Ahlstrom-Munksjö Italia S.p.A.
2023-10-30 13:00:00,0.032799999999999996,IT.CAED/100752001.FACILITY,Ahlstrom-Munksjö Italia S.p.A.
2023-10-30 14:00:00,0.05253,IT.CAED/100752001.FACILITY,Ahlstrom-Munksjö Italia S.p.A.
2023-10-30 15:00:00,0.015460000000000002,IT.CAED/100752001.FACILITY,Ahlstrom-Munksjö Italia S.p.A.
2023-10-30 16:00:00,0.00088,IT.CAED/100752001.FACILITY,Ahlstrom-Munksjö Italia S.p.A.
2023-10-30 17:00:00,0.0,IT.CAED/100752001.FACILITY,Ahlstrom-Munksjö Italia S.p.A.
2023-10-30 18:00:00,0.0,IT.CAED/100752001.FACILITY,Ahlstrom-Munksjö Italia S.p.A.
2023-10-30 19:00:00,0.0,IT.CAED/100752001.FACILITY,Ahlstrom-Munksjö Italia S.p.A.
2023-10-30 20:00:00,0.0,IT.CAED/100752001.FACILITY,Ahlstrom-Munksjö Italia S.p.A.
2023-10-30 21:00:00,0.0,IT.CAED/100752001.FACILITY,Ahlstrom-Munksjö Italia S.p.A.
2023-10-30 22:00:00,0.0,IT.CAED/100752001.FACILITY,Ahlstrom-Munksjö Italia S.p.A.
2023-10-30 23:00:00,0.0,IT.CAED/100752001.FACILITY,Ahlstrom-Munksjö Italia S.p.A.
2023-10-31 00:00:00,0.0,IT.CAED/100752001.FACILITY,Ahlstrom-Munksjö Italia S.p.A.
2023-10-31 01:00:00,0.0,IT.CAED/100752001.FACILITY,Ahlstrom-Munksjö Italia S.p.A.
2023-10-31 02:00:00,0.0,IT.CAED/100752001.FACILITY,Ahlstrom-Munksjö Italia S.p.A.
2023-10-31 03:00:00,0.0,IT.CAED/100752001.FACILITY,Ahlstrom-Munksjö Italia S.p.A.
2023-10-31 04:00:00,0.0,IT.CAED/100752001.FACILITY,Ahlstrom-Munksjö Italia S.p.A.
2023-10-31 05:00:00,0.0,IT.CAED/100752001.FACILITY,Ahlstrom-Munksjö Italia S.p.A.
2023-10-31 06:00:00,0.0,IT.CAED/100752001.FACILITY,Ahlstrom-Munksjö Italia S.p.A.
2023-10-31 07:00:00,0.01345,IT.CAED/100752001.FACILITY,Ahlstrom-Munksjö Italia S.p.A.
2023-10-31 08:00:00,0.2097,IT.CAED/100752001.FACILITY,Ahlstrom-Munksjö Italia S.p.A.
2023-10-31 09:00:00,0.46272,IT.CAED/100752001.FACILITY,Ahlstrom-Munksjö Italia S.p.A.
2023-10-31 10:00:00,0.7146,IT.CAED/100752001.FACILITY,Ahlstrom-Munksjö Italia S.p.A.
2023-10-31 11:00:00,0.84345,IT.CAED/100752001.FACILITY,Ahlstrom-Munksjö Italia S.p.A.
2023-10-31 12:00:00,0.851,IT.CAED/100752001.FACILITY,Ahlstrom-Munksjö Italia S.p.A.
2023-10-31 13:00:00,0.80289,IT.CAED/100752001.FACILITY,Ahlstrom-Munksjö Italia S.p.A.
2023-10-31 14:00:00,0.66832,IT.CAED/100752001.FACILITY,Ahlstrom-Munksjö Italia S.p.A.
2023-10-31 15:00:00,0.46482,IT.CAED/100752001.FACILITY,Ahlstrom-Munksjö Italia S.p.A.
2023-10-31 16:00:00,0.01343,IT.CAED/100752001.FACILITY,Ahlstrom-Munksjö Italia S.p.A.
2023-10-31 17:00:00,0.0,IT.CAED/100752001.FACILITY,Ahlstrom-Munksjö Italia S.p.A.
2023-10-31 18:00:00,0.0,IT.CAED/100752001.FACILITY,Ahlstrom-Munksjö Italia S.p.A.
2023-10-31 19:00:00,0.0,IT.CAED/100752001.FACILITY,Ahlstrom-Munksjö Italia S.p.A.
2023-10-31 20:00:00,0.0,IT.CAED/100752001.FACILITY,Ahlstrom-Munksjö Italia S.p.A.
2023-10-31 21:00:00,0.0,IT.CAED/100752001.FACILITY,Ahlstrom-Munksjö Italia S.p.A.
2023-10-31 22:00:00,0.0,IT.CAED/100752001.FACILITY,Ahlstrom-Munksjö Italia S.p.A.
2023-10-31 23:00:00,0.0,IT.CAED/100752001.FACILITY,Ahlstrom-Munksjö Italia S.p.A.
2023-11-01 00:00:00,0.0,IT.CAED/100752001.FACILITY,Ahlstrom-Munksjö Italia S.p.A.
2023-11-01 01:00:00,0.0,IT.CAED/100752001.FACILITY,Ahlstrom-Munksjö Italia S.p.A.
2023-11-01 02:00:00,0.0,IT.CAED/100752001.FACILITY,Ahlstrom-Munksjö Italia S.p.A.
2023-11-01 03:00:00,0.0,IT.CAED/100752001.FACILITY,Ahlstrom-Munksjö Italia S.p.A.
2023-11-01 04:00:00,0.0,IT.CAED/100752001.FACILITY,Ahlstrom-Munksjö Italia S.p.A.
2023-11-01 05:00:00,0.0,IT.CAED/100752001.FACILITY,Ahlstrom-Munksjö Italia S.p.A.
2023-11-01 06:00:00,0.0,IT.CAED/100752001.FACILITY,Ahlstrom-Munksjö Italia S.p.A.
2023-11-01 07:00:00,0.01534,IT.CAED/100752001.FACILITY,Ahlstrom-Munksjö Italia S.p.A.
2023-11-01 08:00:00,0.04981,IT.CAED/100752001.FACILITY,Ahlstrom-Munksjö Italia S.p.A.
2023-11-01 09:00:00,0.13758,IT.CAED/100752001.FACILITY,Ahlstrom-Munksjö Italia S.p.A.
2023-11-01 10:00:00,0.10232,IT.CAED/100752001.FACILITY,Ahlstrom-Munksjö Italia S.p.A.
2023-11-01 11:00:00,0.14490999999999998,IT.CAED/100752001.FACILITY,Ahlstrom-Munksjö Italia S.p.A.
2023-11-01 12:00:00,0.17227,IT.CAED/100752001.FACILITY,Ahlstrom-Munksjö Italia S.p.A.
2023-11-01 13:00:00,0.14221999999999999,IT.CAED/100752001.FACILITY,Ahlstrom-Munksjö Italia S.p.A.
2023-11-01 14:00:00,0.09269,IT.CAED/100752001.FACILITY,Ahlstrom-Munksjö Italia S.p.A.
2023-11-01 15:00:00,0.03497,IT.CAED/100752001.FACILITY,Ahlstrom-Munksjö Italia S.p.A.
2023-11-01 16:00:00,0.00478,IT.CAED/100752001.FACILITY,Ahlstrom-Munksjö Italia S.p.A.
2023-11-01 17:00:00,0.0,IT.CAED/100752001.FACILITY,Ahlstrom-Munksjö Italia S.p.A.
2023-11-01 18:00:00,0.0,IT.CAED/100752001.FACILITY,Ahlstrom-Munksjö Italia S.p.A.
2023-11-01 19:00:00,0.0,IT.CAED/100752001.FACILITY,Ahlstrom-Munksjö Italia S.p.A.
2023-11-01 20:00:00,0.0,IT.CAED/100752001.FACILITY,Ahlstrom-Munksjö Italia S.p.A.
2023-11-01 21:00:00,0.0,IT.CAED/100752001.FACILITY,Ahlstrom-Munksjö Italia S.p.A.
2023-11-01 22:00:00,0.0,IT.CAED/100752001.FACILITY,Ahlstrom-Munksjö Italia S.p.A.
2023-11-01 23:00:00,0.0,IT.CAED/100752001.FACILITY,Ahlstrom-Munksjö Italia S.p.A.
2023-11-02 00:00:00,0.0,IT.CAED/100752001.FACILITY,Ahlstrom-Munksjö Italia S.p.A.
2023-11-02 01:00:00,0.0,IT.CAED/100752001.FACILITY,Ahlstrom-Munksjö Italia S.p.A.
2023-11-02 02:00:00,0.0,IT.CAED/100752001.FACILITY,Ahlstrom-Munksjö Italia S.p.A.
2023-11-02 03:00:00,0.0,IT.CAED/100752001.FACILITY,Ahlstrom-Munksjö Italia S.p.A.
2023-11-02 04:00:00,0.0,IT.CAED/100752001.FACILITY,Ahlstrom-Munksjö Italia S.p.A.
2023-11-02 05:00:00,0.0,IT.CAED/100752001.FACILITY,Ahlstrom-Munksjö Italia S.p.A.
2023-11-02 06:00:00,0.0,IT.CAED/100752001.FACILITY,Ahlstrom-Munksjö Italia S.p.A.
2023-11-02 07:00:00,0.0,IT.CAED/100752001.FACILITY,Ahlstrom-Munksjö Italia S.p.A.
2023-11-02 08:00:00,0.0062900000000000005,IT.CAED/100752001.FACILITY,Ahlstrom-Munksjö Italia S.p.A.
2023-11-02 09:00:00,0.02163,IT.CAED/100752001.FACILITY,Ahlstrom-Munksjö Italia S.p.A.
2023-11-02 10:00:00,0.02804,IT.CAED/100752001.FACILITY,Ahlstrom-Munksjö Italia S.p.A.
2023-11-02 11:00:00,0.02687,IT.CAED/100752001.FACILITY,Ahlstrom-Munksjö Italia S.p.A.
2023-11-02 12:00:00,0.02264,IT.CAED/100752001.FACILITY,Ahlstrom-Munksjö Italia S.p.A.
2023-11-02 13:00:00,0.0208,IT.CAED/100752001.FACILITY,Ahlstrom-Munksjö Italia S.p.A.
2023-11-02 14:00:00,0.011300000000000001,IT.CAED/100752001.FACILITY,Ahlstrom-Munksjö Italia S.p.A.
2023-11-02 15:00:00,0.01435,IT.CAED/100752001.FACILITY,Ahlstrom-Munksjö Italia S.p.A.
2023-11-02 16:00:00,0.00395,IT.CAED/100752001.FACILITY,Ahlstrom-Munksjö Italia S.p.A.
2023-11-02 17:00:00,0.0,IT.CAED/100752001.FACILITY,Ahlstrom-Munksjö Italia S.p.A.
2023-11-02 18:00:00,0.0,IT.CAED/100752001.FACILITY,Ahlstrom-Munksjö Italia S.p.A.
2023-11-02 19:00:00,0.0,IT.CAED/100752001.FACILITY,Ahlstrom-Munksjö Italia S.p.A.
2023-11-02 20:00:00,0.0,IT.CAED/100752001.FACILITY,Ahlstrom-Munksjö Italia S.p.A.
2023-11-02 21:00:00,0.0,IT.CAED/100752001.FACILITY,Ahlstrom-Munksjö Italia S.p.A.
2023-11-02 22:00:00,0.0,IT.CAED/100752001.FACILITY,Ahlstrom-Munksjö Italia S.p.A.
2023-11-02 23:00:00,0.0,IT.CAED/100752001.FACILITY,Ahlstrom-Munksjö Italia S.p.A.
2023-11-03 00:00:00,0.0,IT.CAED/100752001.FACILITY,Ahlstrom-Munksjö Italia S.p.A.
2023-11-03 01:00:00,0.0,IT.CAED/100752001.FACILITY,Ahlstrom-Munksjö Italia S.p.A.
2023-11-03 02:00:00,0.0,IT.CAED/100752001.FACILITY,Ahlstrom-Munksjö Italia S.p.A.
2023-11-03 03:00:00,0.0,IT.CAED/100752001.FACILITY,Ahlstrom-Munksjö Italia S.p.A.
2023-11-03 04:00:00,0.0,IT.CAED/100752001.FACILITY,Ahlstrom-Munksjö Italia S.p.A.
2023-11-03 05:00:00,0.0,IT.CAED/100752001.FACILITY,Ahlstrom-Munksjö Italia S.p.A.
2023-11-03 06:00:00,0.0,IT.CAED/100752001.FACILITY,Ahlstrom-Munksjö Italia S.p.A.
2023-11-03 07:00:00,0.00394,IT.CAED/100752001.FACILITY,Ahlstrom-Munksjö Italia S.p.A.
2023-11-03 08:00:00,0.10238,IT.CAED/100752001.FACILITY,Ahlstrom-Munksjö Italia S.p.A.
2023-11-03 09:00:00,0.38879,IT.CAED/100752001.FACILITY,Ahlstrom-Munksjö Italia S.p.A.
2023-11-03 10:00:00,0.6258400000000001,IT.CAED/100752001.FACILITY,Ahlstrom-Munksjö Italia S.p.A.
2023-11-03 11:00:00,0.81586,IT.CAED/100752001.FACILITY,Ahlstrom-Munksjö Italia S.p.A.
2023-11-03 12:00:00,0.84345,IT.CAED/100752001.FACILITY,Ahlstrom-Munksjö Italia S.p.A.
2023-11-03 13:00:00,0.5685399999999999,IT.CAED/100752001.FACILITY,Ahlstrom-Munksjö Italia S.p.A.
2023-11-03 14:00:00,0.35419,IT.CAED/100752001.FACILITY,Ahlstrom-Munksjö Italia S.p.A.
2023-11-03 15:00:00,0.17707,IT.CAED/100752001.FACILITY,Ahlstrom-Munksjö Italia S.p.A.
2023-11-03 16:00:00,0.01475,IT.CAED/100752001.FACILITY,Ahlstrom-Munksjö Italia S.p.A.
2023-11-03 17:00:00,0.0,IT.CAED/100752001.FACILITY,Ahlstrom-Munksjö Italia S.p.A.
2023-11-03 18:00:00,0.0,IT.CAED/100752001.FACILITY,Ahlstrom-Munksjö Italia S.p.A.
2023-11-03 19:00:00,0.0,IT.CAED/100752001.FACILITY,Ahlstrom-Munksjö Italia S.p.A.
2023-11-03 20:00:00,0.0,IT.CAED/100752001.FACILITY,Ahlstrom-Munksjö Italia S.p.A.
2023-11-03 21:00:00,0.0,IT.CAED/100752001.FACILITY,Ahlstrom-Munksjö Italia S.p.A.
2023-11-03 22:00:00,0.0,IT.CAED/100752001.FACILITY,Ahlstrom-Munksjö Italia S.p.A.
2023-11-03 23:00:00,0.0,IT.CAED/100752001.FACILITY,Ahlstrom-Munksjö Italia S.p.A.
2023-11-04 00:00:00,0.0,IT.CAED/100752001.FACILITY,Ahlstrom-Munksjö Italia S.p.A.
2023-11-04 01:00:00,0.0,IT.CAED/100752001.FACILITY,Ahlstrom-Munksjö Italia S.p.A.
2023-11-04 02:00:00,0.0,IT.CAED/100752001.FACILITY,Ahlstrom-Munksjö Italia S.p.A.
2023-11-04 03:00:00,0.0,IT.CAED/100752001.FACILITY,Ahlstrom-Munksjö Italia S.p.A.
2023-11-04 04:00:00,0.0,IT.CAED/100752001.FACILITY,Ahlstrom-Munksjö Italia S.p.A.
2023-11-04 05:00:00,0.0,IT.CAED/100752001.FACILITY,Ahlstrom-Munksjö Italia S.p.A.
2023-11-04 06:00:00,0.0,IT.CAED/100752001.FACILITY,Ahlstrom-Munksjö Italia S.p.A.
2023-11-04 07:00:00,0.00563,IT.CAED/100752001.FACILITY,Ahlstrom-Munksjö Italia S.p.A.
2023-11-04 08:00:00,0.23912,IT.CAED/100752001.FACILITY,Ahlstrom-Munksjö Italia S.p.A.
2023-11-04 09:00:00,0.38845999999999997,IT.CAED/100752001.FACILITY,Ahlstrom-Munksjö Italia S.p.A.
2023-11-04 10:00:00,0.38477,IT.CAED/100752001.FACILITY,Ahlstrom-Munksjö Italia S.p.A.
2023-11-04 11:00:00,0.22412,IT.CAED/100752001.FACILITY,Ahlstrom-Munksjö Italia S.p.A.
2023-11-04 12:00:00,0.2097,IT.CAED/100752001.FACILITY,Ahlstrom-Munksjö Italia S.p.A.
2023-11-04 13:00:00,0.35294,IT.CAED/100752001.FACILITY,Ahlstrom-Munksjö Italia S.p.A.
2023-11-04 14:00:00,0.10806,IT.CAED/100752001.FACILITY,Ahlstrom-Munksjö Italia S.p.A.
2023-11-04 15:00:00,0.03698,IT.CAED/100752001.FACILITY,Ahlstrom-Munksjö Italia S.p.A.
2023-11-04 16:00:00,0.00429,IT.CAED/100752001.FACILITY,Ahlstrom-Munksjö Italia S.p.A.
2023-11-04 17:00:00,0.0,IT.CAED/100752001.FACILITY,Ahlstrom-Munksjö Italia S.p.A.
2023-11-04 18:00:00,0.0,IT.CAED/100752001.FACILITY,Ahlstrom-Munksjö Italia S.p.A.
2023-11-04 19:00:00,0.0,IT.CAED/100752001.FACILITY,Ahlstrom-Munksjö Italia S.p.A.
2023-11-04 20:00:00,0.0,IT.CAED/100752001.FACILITY,Ahlstrom-Munksjö Italia S.p.A.
2023-11-04 21:00:00,0.0,IT.CAED/100752001.FACILITY,Ahlstrom-Munksjö Italia S.p.A.
2023-11-04 22:00:00,0.0,IT.CAED/100752001.FACILITY,Ahlstrom-Munksjö Italia S.p.A.
2023-11-04 23:00:00,0.0,IT.CAED/100752001.FACILITY,Ahlstrom-Munksjö Italia S.p.A.
2023-11-05 00:00:00,0.0,IT.CAED/100752001.FACILITY,Ahlstrom-Munksjö Italia S.p.A.
2023-11-05 01:00:00,0.0,IT.CAED/100752001.FACILITY,Ahlstrom-Munksjö Italia S.p.A.
2023-11-05 02:00:00,0.0,IT.CAED/100752001.FACILITY,Ahlstrom-Munksjö Italia S.p.A.
2023-11-05 03:00:00,0.0,IT.CAED/100752001.FACILITY,Ahlstrom-Munksjö Italia S.p.A.
2023-11-05 04:00:00,0.0,IT.CAED/100752001.FACILITY,Ahlstrom-Munksjö Italia S.p.A.
2023-11-05 05:00:00,0.0,IT.CAED/100752001.FACILITY,Ahlstrom-Munksjö Italia S.p.A.
2023-11-05 06:00:00,0.0,IT.CAED/100752001.FACILITY,Ahlstrom-Munksjö Italia S.p.A.
2023-11-05 07:00:00,0.00283,IT.CAED/100752001.FACILITY,Ahlstrom-Munksjö Italia S.p.A.
2023-11-05 08:00:00,0.31,IT.CAED/100752001.FACILITY,Ahlstrom-Munksjö Italia S.p.A.
2023-11-05 09:00:00,0.51706,IT.CAED/100752001.FACILITY,Ahlstrom-Munksjö Italia S.p.A.
2023-11-05 10:00:00,0.57993,IT.CAED/100752001.FACILITY,Ahlstrom-Munksjö Italia S.p.A.
2023-11-05 11:00:00,0.7510399999999999,IT.CAED/100752001.FACILITY,Ahlstrom-Munksjö Italia S.p.A.
2023-11-05 12:00:00,0.80404,IT.CAED/100752001.FACILITY,Ahlstrom-Munksjö Italia S.p.A.
2023-11-05 13:00:00,0.70017,IT.CAED/100752001.FACILITY,Ahlstrom-Munksjö Italia S.p.A.
2023-11-05 14:00:00,0.60785,IT.CAED/100752001.FACILITY,Ahlstrom-Munksjö Italia S.p.A.
2023-11-05 15:00:00,0.45112,IT.CAED/100752001.FACILITY,Ahlstrom-Munksjö Italia S.p.A.
2023-11-05 16:00:00,0.01027,IT.CAED/100752001.FACILITY,Ahlstrom-Munksjö Italia S.p.A.
2023-11-05 17:00:00,0.0,IT.CAED/100752001.FACILITY,Ahlstrom-Munksjö Italia S.p.A.
2023-11-05 18:00:00,0.0,IT.CAED/100752001.FACILITY,Ahlstrom-Munksjö Italia S.p.A.
2023-11-05 19:00:00,0.0,IT.CAED/100752001.FACILITY,Ahlstrom-Munksjö Italia S.p.A.
2023-11-05 20:00:00,0.0,IT.CAED/100752001.FACILITY,Ahlstrom-Munksjö Italia S.p.A.
2023-11-05 21:00:00,0.0,IT.CAED/100752001.FACILITY,Ahlstrom-Munksjö Italia S.p.A.
2023-11-05 22:00:00,0.0,IT.CAED/100752001.FACILITY,Ahlstrom-Munksjö Italia S.p.A.
2023-11-05 23:00:00,0.0,IT.CAED/100752001.FACILITY,Ahlstrom-Munksjö Italia S.p.A.
2023-11-06 00:00:00,0.0,IT.CAED/100752001.FACILITY,Ahlstrom-Munksjö Italia S.p.A.
2023-11-06 01:00:00,0.0,IT.CAED/100752001.FACILITY,Ahlstrom-Munksjö Italia S.p.A.
2023-11-06 02:00:00,0.0,IT.CAED/100752001.FACILITY,Ahlstrom-Munksjö Italia S.p.A.
2023-11-06 03:00:00,0.0,IT.CAED/100752001.FACILITY,Ahlstrom-Munksjö Italia S.p.A.
2023-11-06 04:00:00,0.0,IT.CAED/100752001.FACILITY,Ahlstrom-Munksjö Italia S.p.A.
2023-11-06 05:00:00,0.0,IT.CAED/100752001.FACILITY,Ahlstrom-Munksjö Italia S.p.A.
2023-11-06 06:00:00,0.0,IT.CAED/100752001.FACILITY,Ahlstrom-Munksjö Italia S.p.A.
2023-11-06 07:00:00,0.0022400000000000002,IT.CAED/100752001.FACILITY,Ahlstrom-Munksjö Italia S.p.A.
2023-11-06 08:00:00,0.32553,IT.CAED/100752001.FACILITY,Ahlstrom-Munksjö Italia S.p.A.
2023-11-06 09:00:00,0.56028,IT.CAED/100752001.FACILITY,Ahlstrom-Munksjö Italia S.p.A.
2023-11-06 10:00:00,0.7696000000000001,IT.CAED/100752001.FACILITY,Ahlstrom-Munksjö Italia S.p.A.
2023-11-06 11:00:00,0.82853,IT.CAED/100752001.FACILITY,Ahlstrom-Munksjö Italia S.p.A.
2023-11-06 12:00:00,0.84161,IT.CAED/100752001.FACILITY,Ahlstrom-Munksjö Italia S.p.A.
2023-11-06 13:00:00,0.78432,IT.CAED/100752001.FACILITY,Ahlstrom-Munksjö Italia S.p.A.
2023-11-06 14:00:00,0.6396499999999999,IT.CAED/100752001.FACILITY,Ahlstrom-Munksjö Italia S.p.A.
2023-11-06 15:00:00,0.4455,IT.CAED/100752001.FACILITY,Ahlstrom-Munksjö Italia S.p.A.
2023-11-06 16:00:00,0.00975,IT.CAED/100752001.FACILITY,Ahlstrom-Munksjö Italia S.p.A.
2023-11-06 17:00:00,0.0,IT.CAED/100752001.FACILITY,Ahlstrom-Munksjö Italia S.p.A.
2023-11-06 18:00:00,0.0,IT.CAED/100752001.FACILITY,Ahlstrom-Munksjö Italia S.p.A.
2023-11-06 19:00:00,0.0,IT.CAED/100752001.FACILITY,Ahlstrom-Munksjö Italia S.p.A.
2023-11-06 20:00:00,0.0,IT.CAED/100752001.FACILITY,Ahlstrom-Munksjö Italia S.p.A.
2023-11-06 21:00:00,0.0,IT.CAED/100752001.FACILITY,Ahlstrom-Munksjö Italia S.p.A.
2023-11-06 22:00:00,0.0,IT.CAED/100752001.FACILITY,Ahlstrom-Munksjö Italia S.p.A.
2023-11-06 23:00:00,0.0,IT.CAED/100752001.FACILITY,Ahlstrom-Munksjö Italia S.p.A.
2023-11-07 00:00:00,0.0,IT.CAED/100752001.FACILITY,Ahlstrom-Munksjö Italia S.p.A.
2023-11-07 01:00:00,0.0,IT.CAED/100752001.FACILITY,Ahlstrom-Munksjö Italia S.p.A.
2023-11-07 02:00:00,0.0,IT.CAED/100752001.FACILITY,Ahlstrom-Munksjö Italia S.p.A.
2023-11-07 03:00:00,0.0,IT.CAED/100752001.FACILITY,Ahlstrom-Munksjö Italia S.p.A.
2023-11-07 04:00:00,0.0,IT.CAED/100752001.FACILITY,Ahlstrom-Munksjö Italia S.p.A.
2023-11-07 05:00:00,0.0,IT.CAED/100752001.FACILITY,Ahlstrom-Munksjö Italia S.p.A.
2023-11-07 06:00:00,0.0,IT.CAED/100752001.FACILITY,Ahlstrom-Munksjö Italia S.p.A.
2023-11-07 07:00:00,0.00093,IT.CAED/100752001.FACILITY,Ahlstrom-Munksjö Italia S.p.A.
2023-11-07 08:00:00,0.18505000000000002,IT.CAED/100752001.FACILITY,Ahlstrom-Munksjö Italia S.p.A.
2023-11-07 09:00:00,0.33302,IT.CAED/100752001.FACILITY,Ahlstrom-Munksjö Italia S.p.A.
2023-11-07 10:00:00,0.41652999999999996,IT.CAED/100752001.FACILITY,Ahlstrom-Munksjö Italia S.p.A.
2023-11-07 11:00:00,0.58117,IT.CAED/100752001.FACILITY,Ahlstrom-Munksjö Italia S.p.A.
2023-11-07 12:00:00,0.75786,IT.CAED/100752001.FACILITY,Ahlstrom-Munksjö Italia S.p.A.
2023-11-07 13:00:00,0.65206,IT.CAED/100752001.FACILITY,Ahlstrom-Munksjö Italia S.p.A.
2023-11-07 14:00:00,0.5179,IT.CAED/100752001.FACILITY,Ahlstrom-Munksjö Italia S.p.A.
2023-11-07 15:00:00,0.31598000000000004,IT.CAED/100752001.FACILITY,Ahlstrom-Munksjö Italia S.p.A.
2023-11-07 16:00:00,0.00902,IT.CAED/100752001.FACILITY,Ahlstrom-Munksjö Italia S.p.A.
2023-11-07 17:00:00,0.0,IT.CAED/100752001.FACILITY,Ahlstrom-Munksjö Italia S.p.A.
2023-11-07 18:00:00,0.0,IT.CAED/100752001.FACILITY,Ahlstrom-Munksjö Italia S.p.A.
2023-11-07 19:00:00,0.0,IT.CAED/100752001.FACILITY,Ahlstrom-Munksjö Italia S.p.A.
2023-11-07 20:00:00,0.0,IT.CAED/100752001.FACILITY,Ahlstrom-Munksjö Italia S.p.A.
2023-11-07 21:00:00,0.0,IT.CAED/100752001.FACILITY,Ahlstrom-Munksjö Italia S.p.A.
2023-11-07 22:00:00,0.0,IT.CAED/100752001.FACILITY,Ahlstrom-Munksjö Italia S.p.A.
2023-11-07 23:00:00,0.0,IT.CAED/100752001.FACILITY,Ahlstrom-Munksjö Italia S.p.A.
2023-11-08 00:00:00,0.0,IT.CAED/100752001.FACILITY,Ahlstrom-Munksjö Italia S.p.A.
2023-11-08 01:00:00,0.0,IT.CAED/100752001.FACILITY,Ahlstrom-Munksjö Italia S.p.A.
2023-11-08 02:00:00,0.0,IT.CAED/100752001.FACILITY,Ahlstrom-Munksjö Italia S.p.A.
2023-11-08 03:00:00,0.0,IT.CAED/100752001.FACILITY,Ahlstrom-Munksjö Italia S.p.A.
2023-11-08 04:00:00,0.0,IT.CAED/100752001.FACILITY,Ahlstrom-Munksjö Italia S.p.A.
2023-11-08 05:00:00,0.0,IT.CAED/100752001.FACILITY,Ahlstrom-Munksjö Italia S.p.A.
2023-11-08 06:00:00,0.0,IT.CAED/100752001.FACILITY,Ahlstrom-Munksjö Italia S.p.A.
2023-11-08 07:00:00,0.00166,IT.CAED/100752001.FACILITY,Ahlstrom-Munksjö Italia S.p.A.
2023-11-08 08:00:00,0.37595,IT.CAED/100752001.FACILITY,Ahlstrom-Munksjö Italia S.p.A.
2023-11-08 09:00:00,0.63616,IT.CAED/100752001.FACILITY,Ahlstrom-Munksjö Italia S.p.A.
2023-11-08 10:00:00,0.7790199999999999,IT.CAED/100752001.FACILITY,Ahlstrom-Munksjö Italia S.p.A.
2023-11-08 11:00:00,0.8396699999999999,IT.CAED/100752001.FACILITY,Ahlstrom-Munksjö Italia S.p.A.
2023-11-08 12:00:00,0.85885,IT.CAED/100752001.FACILITY,Ahlstrom-Munksjö Italia S.p.A.
2023-11-08 13:00:00,0.804,IT.CAED/100752001.FACILITY,Ahlstrom-Munksjö Italia S.p.A.
2023-11-08 14:00:00,0.67101,IT.CAED/100752001.FACILITY,Ahlstrom-Munksjö Italia S.p.A.
2023-11-08 15:00:00,0.45692,IT.CAED/100752001.FACILITY,Ahlstrom-Munksjö Italia S.p.A.
2023-11-08 16:00:00,0.008199999999999999,IT.CAED/100752001.FACILITY,Ahlstrom-Munksjö Italia S.p.A.
2023-11-08 17:00:00,0.0,IT.CAED/100752001.FACILITY,Ahlstrom-Munksjö Italia S.p.A.
2023-11-08 18:00:00,0.0,IT.CAED/100752001.FACILITY,Ahlstrom-Munksjö Italia S.p.A.
2023-11-08 19:00:00,0.0,IT.CAED/100752001.FACILITY,Ahlstrom-Munksjö Italia S.p.A.
2023-11-08 20:00:00,0.0,IT.CAED/100752001.FACILITY,Ahlstrom-Munksjö Italia S.p.A.
2023-11-08 21:00:00,0.0,IT.CAED/100752001.FACILITY,Ahlstrom-Munksjö Italia S.p.A.
2023-11-08 22:00:00,0.0,IT.CAED/100752001.FACILITY,Ahlstrom-Munksjö Italia S.p.A.
2023-11-08 23:00:00,0.0,IT.CAED/100752001.FACILITY,Ahlstrom-Munksjö Italia S.p.A.
2023-11-09 00:00:00,0.0,IT.CAED/100752001.FACILITY,Ahlstrom-Munksjö Italia S.p.A.
2023-11-09 01:00:00,0.0,IT.CAED/100752001.FACILITY,Ahlstrom-Munksjö Italia S.p.A.
2023-11-09 02:00:00,0.0,IT.CAED/100752001.FACILITY,Ahlstrom-Munksjö Italia S.p.A.
2023-11-09 03:00:00,0.0,IT.CAED/100752001.FACILITY,Ahlstrom-Munksjö Italia S.p.A.
2023-11-09 04:00:00,0.0,IT.CAED/100752001.FACILITY,Ahlstrom-Munksjö Italia S.p.A.
2023-11-09 05:00:00,0.0,IT.CAED/100752001.FACILITY,Ahlstrom-Munksjö Italia S.p.A.
2023-11-09 06:00:00,0.0,IT.CAED/100752001.FACILITY,Ahlstrom-Munksjö Italia S.p.A.
2023-11-09 07:00:00,0.0,IT.CAED/100752001.FACILITY,Ahlstrom-Munksjö Italia S.p.A.
2023-11-09 08:00:00,0.0060999999999999995,IT.CAED/100752001.FACILITY,Ahlstrom-Munksjö Italia S.p.A.
2023-11-09 09:00:00,0.02984,IT.CAED/100752001.FACILITY,Ahlstrom-Munksjö Italia S.p.A.
2023-11-09 10:00:00,0.037270000000000005,IT.CAED/100752001.FACILITY,Ahlstrom-Munksjö Italia S.p.A.
2023-11-09 11:00:00,0.08408,IT.CAED/100752001.FACILITY,Ahlstrom-Munksjö Italia S.p.A.
2023-11-09 12:00:00,0.04574,IT.CAED/100752001.FACILITY,Ahlstrom-Munksjö Italia S.p.A.
2023-11-09 13:00:00,0.032619999999999996,IT.CAED/100752001.FACILITY,Ahlstrom-Munksjö Italia S.p.A.
2023-11-09 14:00:00,0.01955,IT.CAED/100752001.FACILITY,Ahlstrom-Munksjö Italia S.p.A.
2023-11-09 15:00:00,0.00904,IT.CAED/100752001.FACILITY,Ahlstrom-Munksjö Italia S.p.A.
2023-11-09 16:00:00,5e-05,IT.CAED/100752001.FACILITY,Ahlstrom-Munksjö Italia S.p.A.
2023-11-09 17:00:00,0.0,IT.CAED/100752001.FACILITY,Ahlstrom-Munksjö Italia S.p.A.
2023-11-09 18:00:00,0.0,IT.CAED/100752001.FACILITY,Ahlstrom-Munksjö Italia S.p.A.
2023-11-09 19:00:00,0.0,IT.CAED/100752001.FACILITY,Ahlstrom-Munksjö Italia S.p.A.
2023-11-09 20:00:00,0.0,IT.CAED/100752001.FACILITY,Ahlstrom-Munksjö Italia S.p.A.
2023-11-09 21:00:00,0.0,IT.CAED/100752001.FACILITY,Ahlstrom-Munksjö Italia S.p.A.
2023-11-09 22:00:00,0.0,IT.CAED/100752001.FACILITY,Ahlstrom-Munksjö Italia S.p.A.
2023-11-09 23:00:00,0.0,IT.CAED/100752001.FACILITY,Ahlstrom-Munksjö Italia S.p.A.
2023-11-10 00:00:00,0.0,IT.CAED/100752001.FACILITY,Ahlstrom-Munksjö Italia S.p.A.
2023-11-10 01:00:00,0.0,IT.CAED/100752001.FACILITY,Ahlstrom-Munksjö Italia S.p.A.
2023-11-10 02:00:00,0.0,IT.CAED/100752001.FACILITY,Ahlstrom-Munksjö Italia S.p.A.
2023-11-10 03:00:00,0.0,IT.CAED/100752001.FACILITY,Ahlstrom-Munksjö Italia S.p.A.
2023-11-10 04:00:00,0.0,IT.CAED/100752001.FACILITY,Ahlstrom-Munksjö Italia S.p.A.
2023-11-10 05:00:00,0.0,IT.CAED/100752001.FACILITY,Ahlstrom-Munksjö Italia S.p.A.
2023-11-10 06:00:00,0.0,IT.CAED/100752001.FACILITY,Ahlstrom-Munksjö Italia S.p.A.
2023-11-10 07:00:00,0.0007700000000000001,IT.CAED/100752001.FACILITY,Ahlstrom-Munksjö Italia S.p.A.
2023-11-10 08:00:00,0.16019,IT.CAED/100752001.FACILITY,Ahlstrom-Munksjö Italia S.p.A.
2023-11-10 09:00:00,0.29169,IT.CAED/100752001.FACILITY,Ahlstrom-Munksjö Italia S.p.A.
2023-11-10 10:00:00,0.4189,IT.CAED/100752001.FACILITY,Ahlstrom-Munksjö Italia S.p.A.
2023-11-10 11:00:00,0.52088,IT.CAED/100752001.FACILITY,Ahlstrom-Munksjö Italia S.p.A.
2023-11-10 12:00:00,0.4646,IT.CAED/100752001.FACILITY,Ahlstrom-Munksjö Italia S.p.A.
2023-11-10 13:00:00,0.42657,IT.CAED/100752001.FACILITY,Ahlstrom-Munksjö Italia S.p.A.
2023-11-10 14:00:00,0.33672,IT.CAED/100752001.FACILITY,Ahlstrom-Munksjö Italia S.p.A.
2023-11-10 15:00:00,0.23329,IT.CAED/100752001.FACILITY,Ahlstrom-Munksjö Italia S.p.A.
2023-11-10 16:00:00,0.005809999999999999,IT.CAED/100752001.FACILITY,Ahlstrom-Munksjö Italia S.p.A.
2023-11-10 17:00:00,0.0,IT.CAED/100752001.FACILITY,Ahlstrom-Munksjö Italia S.p.A.
2023-11-10 18:00:00,0.0,IT.CAED/100752001.FACILITY,Ahlstrom-Munksjö Italia S.p.A.
2023-11-10 19:00:00,0.0,IT.CAED/100752001.FACILITY,Ahlstrom-Munksjö Italia S.p.A.
2023-11-10 20:00:00,0.0,IT.CAED/100752001.FACILITY,Ahlstrom-Munksjö Italia S.p.A.
2023-11-10 21:00:00,0.0,IT.CAED/100752001.FACILITY,Ahlstrom-Munksjö Italia S.p.A.
2023-11-10 22:00:00,0.0,IT.CAED/100752001.FACILITY,Ahlstrom-Munksjö Italia S.p.A.
2023-11-10 23:00:00,0.0,IT.CAED/100752001.FACILITY,Ahlstrom-Munksjö Italia S.p.A.
2023-11-11 00:00:00,0.0,IT.CAED/100752001.FACILITY,Ahlstrom-Munksjö Italia S.p.A.
2023-11-11 01:00:00,0.0,IT.CAED/100752001.FACILITY,Ahlstrom-Munksjö Italia S.p.A.
2023-11-11 02:00:00,0.0,IT.CAED/100752001.FACILITY,Ahlstrom-Munksjö Italia S.p.A.
2023-11-11 03:00:00,0.0,IT.CAED/100752001.FACILITY,Ahlstrom-Munksjö Italia S.p.A.
2023-11-11 04:00:00,0.0,IT.CAED/100752001.FACILITY,Ahlstrom-Munksjö Italia S.p.A.
2023-11-11 05:00:00,0.0,IT.CAED/100752001.FACILITY,Ahlstrom-Munksjö Italia S.p.A.
2023-11-11 06:00:00,0.0,IT.CAED/100752001.FACILITY,Ahlstrom-Munksjö Italia S.p.A.
2023-11-11 07:00:00,0.00075,IT.CAED/100752001.FACILITY,Ahlstrom-Munksjö Italia S.p.A.
2023-11-11 08:00:00,0.34391000000000005,IT.CAED/100752001.FACILITY,Ahlstrom-Munksjö Italia S.p.A.
2023-11-11 09:00:00,0.6244400000000001,IT.CAED/100752001.FACILITY,Ahlstrom-Munksjö Italia S.p.A.
2023-11-11 10:00:00,0.78011,IT.CAED/100752001.FACILITY,Ahlstrom-Munksjö Italia S.p.A.
2023-11-11 11:00:00,0.85088,IT.CAED/100752001.FACILITY,Ahlstrom-Munksjö Italia S.p.A.
2023-11-11 12:00:00,0.85596,IT.CAED/100752001.FACILITY,Ahlstrom-Munksjö Italia S.p.A.
2023-11-11 13:00:00,0.79623,IT.CAED/100752001.FACILITY,Ahlstrom-Munksjö Italia S.p.A.
2023-11-11 14:00:00,0.66702,IT.CAED/100752001.FACILITY,Ahlstrom-Munksjö Italia S.p.A.
2023-11-11 15:00:00,0.45258,IT.CAED/100752001.FACILITY,Ahlstrom-Munksjö Italia S.p.A.
2023-11-11 16:00:00,0.00649,IT.CAED/100752001.FACILITY,Ahlstrom-Munksjö Italia S.p.A.
2023-11-11 17:00:00,0.0,IT.CAED/100752001.FACILITY,Ahlstrom-Munksjö Italia S.p.A.
2023-11-11 18:00:00,0.0,IT.CAED/100752001.FACILITY,Ahlstrom-Munksjö Italia S.p.A.
2023-11-11 19:00:00,0.0,IT.CAED/100752001.FACILITY,Ahlstrom-Munksjö Italia S.p.A.
2023-11-11 20:00:00,0.0,IT.CAED/100752001.FACILITY,Ahlstrom-Munksjö Italia S.p.A.
2023-11-11 21:00:00,0.0,IT.CAED/100752001.FACILITY,Ahlstrom-Munksjö Italia S.p.A.
2023-11-11 22:00:00,0.0,IT.CAED/100752001.FACILITY,Ahlstrom-Munksjö Italia S.p.A.
2023-11-11 23:00:00,0.0,IT.CAED/100752001.FACILITY,Ahlstrom-Munksjö Italia S.p.A.
2023-11-12 00:00:00,0.0,IT.CAED/100752001.FACILITY,Ahlstrom-Munksjö Italia S.p.A.
2023-11-12 01:00:00,0.0,IT.CAED/100752001.FACILITY,Ahlstrom-Munksjö Italia S.p.A.
2023-11-12 02:00:00,0.0,IT.CAED/100752001.FACILITY,Ahlstrom-Munksjö Italia S.p.A.
2023-11-12 03:00:00,0.0,IT.CAED/100752001.FACILITY,Ahlstrom-Munksjö Italia S.p.A.
2023-11-12 04:00:00,0.0,IT.CAED/100752001.FACILITY,Ahlstrom-Munksjö Italia S.p.A.
2023-11-12 05:00:00,0.0,IT.CAED/100752001.FACILITY,Ahlstrom-Munksjö Italia S.p.A.
2023-11-12 06:00:00,0.0,IT.CAED/100752001.FACILITY,Ahlstrom-Munksjö Italia S.p.A.
2023-11-12 07:00:00,0.0,IT.CAED/100752001.FACILITY,Ahlstrom-Munksjö Italia S.p.A.
2023-11-12 08:00:00,0.13269999999999998,IT.CAED/100752001.FACILITY,Ahlstrom-Munksjö Italia S.p.A.
2023-11-12 09:00:00,0.35889,IT.CAED/100752001.FACILITY,Ahlstrom-Munksjö Italia S.p.A.
2023-11-12 10:00:00,0.44559,IT.CAED/100752001.FACILITY,Ahlstrom-Munksjö Italia S.p.A.
2023-11-12 11:00:00,0.50534,IT.CAED/100752001.FACILITY,Ahlstrom-Munksjö Italia S.p.A.
2023-11-12 12:00:00,0.41407,IT.CAED/100752001.FACILITY,Ahlstrom-Munksjö Italia S.p.A.
2023-11-12 13:00:00,0.4571,IT.CAED/100752001.FACILITY,Ahlstrom-Munksjö Italia S.p.A.
2023-11-12 14:00:00,0.5227200000000001,IT.CAED/100752001.FACILITY,Ahlstrom-Munksjö Italia S.p.A.
2023-11-12 15:00:00,0.30057999999999996,IT.CAED/100752001.FACILITY,Ahlstrom-Munksjö Italia S.p.A.
2023-11-12 16:00:00,0.00762,IT.CAED/100752001.FACILITY,Ahlstrom-Munksjö Italia S.p.A.
2023-11-12 17:00:00,0.0,IT.CAED/100752001.FACILITY,Ahlstrom-Munksjö Italia S.p.A.
2023-11-12 18:00:00,0.0,IT.CAED/100752001.FACILITY,Ahlstrom-Munksjö Italia S.p.A.
2023-11-12 19:00:00,0.0,IT.CAED/100752001.FACILITY,Ahlstrom-Munksjö Italia S.p.A.
2023-11-12 20:00:00,0.0,IT.CAED/100752001.FACILITY,Ahlstrom-Munksjö Italia S.p.A.
2023-11-12 21:00:00,0.0,IT.CAED/100752001.FACILITY,Ahlstrom-Munksjö Italia S.p.A.
2023-11-12 22:00:00,0.0,IT.CAED/100752001.FACILITY,Ahlstrom-Munksjö Italia S.p.A.
2023-11-12 23:00:00,0.0,IT.CAED/100752001.FACILITY,Ahlstrom-Munksjö Italia S.p.A.
2023-11-13 00:00:00,0.0,IT.CAED/100752001.FACILITY,Ahlstrom-Munksjö Italia S.p.A.
2023-11-13 01:00:00,0.0,IT.CAED/100752001.FACILITY,Ahlstrom-Munksjö Italia S.p.A.
2023-11-13 02:00:00,0.0,IT.CAED/100752001.FACILITY,Ahlstrom-Munksjö Italia S.p.A.
2023-11-13 03:00:00,0.0,IT.CAED/100752001.FACILITY,Ahlstrom-Munksjö Italia S.p.A.
2023-11-13 04:00:00,0.0,IT.CAED/100752001.FACILITY,Ahlstrom-Munksjö Italia S.p.A.
2023-11-13 05:00:00,0.0,IT.CAED/100752001.FACILITY,Ahlstrom-Munksjö Italia S.p.A.
2023-11-13 06:00:00,0.0,IT.CAED/100752001.FACILITY,Ahlstrom-Munksjö Italia S.p.A.
2023-11-13 07:00:00,0.0,IT.CAED/100752001.FACILITY,Ahlstrom-Munksjö Italia S.p.A.
2023-11-13 08:00:00,0.19844,IT.CAED/100752001.FACILITY,Ahlstrom-Munksjö Italia S.p.A.
2023-11-13 09:00:00,0.5446599999999999,IT.CAED/100752001.FACILITY,Ahlstrom-Munksjö Italia S.p.A.
2023-11-13 10:00:00,0.62158,IT.CAED/100752001.FACILITY,Ahlstrom-Munksjö Italia S.p.A.
2023-11-13 11:00:00,0.6559400000000001,IT.CAED/100752001.FACILITY,Ahlstrom-Munksjö Italia S.p.A.
2023-11-13 12:00:00,0.69157,IT.CAED/100752001.FACILITY,Ahlstrom-Munksjö Italia S.p.A.
2023-11-13 13:00:00,0.68069,IT.CAED/100752001.FACILITY,Ahlstrom-Munksjö Italia S.p.A.
2023-11-13 14:00:00,0.59081,IT.CAED/100752001.FACILITY,Ahlstrom-Munksjö Italia S.p.A.
2023-11-13 15:00:00,0.34514,IT.CAED/100752001.FACILITY,Ahlstrom-Munksjö Italia S.p.A.
2023-11-13 16:00:00,0.00622,IT.CAED/100752001.FACILITY,Ahlstrom-Munksjö Italia S.p.A.
2023-11-13 17:00:00,0.0,IT.CAED/100752001.FACILITY,Ahlstrom-Munksjö Italia S.p.A.
2023-11-13 18:00:00,0.0,IT.CAED/100752001.FACILITY,Ahlstrom-Munksjö Italia S.p.A.
2023-11-13 19:00:00,0.0,IT.CAED/100752001.FACILITY,Ahlstrom-Munksjö Italia S.p.A.
2023-11-13 20:00:00,0.0,IT.CAED/100752001.FACILITY,Ahlstrom-Munksjö Italia S.p.A.
2023-11-13 21:00:00,0.0,IT.CAED/100752001.FACILITY,Ahlstrom-Munksjö Italia S.p.A.
2023-11-13 22:00:00,0.0,IT.CAED/100752001.FACILITY,Ahlstrom-Munksjö Italia S.p.A.
2023-11-13 23:00:00,0.0,IT.CAED/100752001.FACILITY,Ahlstrom-Munksjö Italia S.p.A.
2023-11-14 00:00:00,0.0,IT.CAED/100752001.FACILITY,Ahlstrom-Munksjö Italia S.p.A.
2023-11-14 01:00:00,0.0,IT.CAED/100752001.FACILITY,Ahlstrom-Munksjö Italia S.p.A.
2023-11-14 02:00:00,0.0,IT.CAED/100752001.FACILITY,Ahlstrom-Munksjö Italia S.p.A.
2023-11-14 03:00:00,0.0,IT.CAED/100752001.FACILITY,Ahlstrom-Munksjö Italia S.p.A.
2023-11-14 04:00:00,0.0,IT.CAED/100752001.FACILITY,Ahlstrom-Munksjö Italia S.p.A.
2023-11-14 05:00:00,0.0,IT.CAED/100752001.FACILITY,Ahlstrom-Munksjö Italia S.p.A.
2023-11-14 06:00:00,0.0,IT.CAED/100752001.FACILITY,Ahlstrom-Munksjö Italia S.p.A.
2023-11-14 07:00:00,0.0,IT.CAED/100752001.FACILITY,Ahlstrom-Munksjö Italia S.p.A.
2023-11-14 08:00:00,0.21746000000000001,IT.CAED/100752001.FACILITY,Ahlstrom-Munksjö Italia S.p.A.
2023-11-14 09:00:00,0.45913,IT.CAED/100752001.FACILITY,Ahlstrom-Munksjö Italia S.p.A.
2023-11-14 10:00:00,0.63739,IT.CAED/100752001.FACILITY,Ahlstrom-Munksjö Italia S.p.A.
2023-11-14 11:00:00,0.71575,IT.CAED/100752001.FACILITY,Ahlstrom-Munksjö Italia S.p.A.
2023-11-14 12:00:00,0.79263,IT.CAED/100752001.FACILITY,Ahlstrom-Munksjö Italia S.p.A.
2023-11-14 13:00:00,0.64881,IT.CAED/100752001.FACILITY,Ahlstrom-Munksjö Italia S.p.A.
2023-11-14 14:00:00,0.5801000000000001,IT.CAED/100752001.FACILITY,Ahlstrom-Munksjö Italia S.p.A.
2023-11-14 15:00:00,0.36989,IT.CAED/100752001.FACILITY,Ahlstrom-Munksjö Italia S.p.A.
2023-11-14 16:00:00,0.00687,IT.CAED/100752001.FACILITY,Ahlstrom-Munksjö Italia S.p.A.
2023-11-14 17:00:00,0.0,IT.CAED/100752001.FACILITY,Ahlstrom-Munksjö Italia S.p.A.
2023-11-14 18:00:00,0.0,IT.CAED/100752001.FACILITY,Ahlstrom-Munksjö Italia S.p.A.
2023-11-14 19:00:00,0.0,IT.CAED/100752001.FACILITY,Ahlstrom-Munksjö Italia S.p.A.
2023-11-14 20:00:00,0.0,IT.CAED/100752001.FACILITY,Ahlstrom-Munksjö Italia S.p.A.
2023-11-14 21:00:00,0.0,IT.CAED/100752001.FACILITY,Ahlstrom-Munksjö Italia S.p.A.
2023-11-14 22:00:00,0.0,IT.CAED/100752001.FACILITY,Ahlstrom-Munksjö Italia S.p.A.
2023-11-14 23:00:00,0.0,IT.CAED/100752001.FACILITY,Ahlstrom-Munksjö Italia S.p.A.
2023-11-15 00:00:00,0.0,IT.CAED/100752001.FACILITY,Ahlstrom-Munksjö Italia S.p.A.
2023-11-15 01:00:00,0.0,IT.CAED/100752001.FACILITY,Ahlstrom-Munksjö Italia S.p.A.
2023-11-15 02:00:00,0.0,IT.CAED/100752001.FACILITY,Ahlstrom-Munksjö Italia S.p.A.
2023-11-15 03:00:00,0.0,IT.CAED/100752001.FACILITY,Ahlstrom-Munksjö Italia S.p.A.
2023-11-15 04:00:00,0.0,IT.CAED/100752001.FACILITY,Ahlstrom-Munksjö Italia S.p.A.
2023-11-15 05:00:00,0.0,IT.CAED/100752001.FACILITY,Ahlstrom-Munksjö Italia S.p.A.
2023-11-15 06:00:00,0.0,IT.CAED/100752001.FACILITY,Ahlstrom-Munksjö Italia S.p.A.
2023-11-15 07:00:00,0.0,IT.CAED/100752001.FACILITY,Ahlstrom-Munksjö Italia S.p.A.
2023-11-15 08:00:00,0.28294,IT.CAED/100752001.FACILITY,Ahlstrom-Munksjö Italia S.p.A.
2023-11-15 09:00:00,0.52001,IT.CAED/100752001.FACILITY,Ahlstrom-Munksjö Italia S.p.A.
2023-11-15 10:00:00,0.71049,IT.CAED/100752001.FACILITY,Ahlstrom-Munksjö Italia S.p.A.
2023-11-15 11:00:00,0.80122,IT.CAED/100752001.FACILITY,Ahlstrom-Munksjö Italia S.p.A.
2023-11-15 12:00:00,0.8174199999999999,IT.CAED/100752001.FACILITY,Ahlstrom-Munksjö Italia S.p.A.
2023-11-15 13:00:00,0.77681,IT.CAED/100752001.FACILITY,Ahlstrom-Munksjö Italia S.p.A.
2023-11-15 14:00:00,0.64988,IT.CAED/100752001.FACILITY,Ahlstrom-Munksjö Italia S.p.A.
2023-11-15 15:00:00,0.43924,IT.CAED/100752001.FACILITY,Ahlstrom-Munksjö Italia S.p.A.
2023-11-15 16:00:00,0.0047599999999999995,IT.CAED/100752001.FACILITY,Ahlstrom-Munksjö Italia S.p.A.
2023-11-15 17:00:00,0.0,IT.CAED/100752001.FACILITY,Ahlstrom-Munksjö Italia S.p.A.
2023-11-15 18:00:00,0.0,IT.CAED/100752001.FACILITY,Ahlstrom-Munksjö Italia S.p.A.
2023-11-15 19:00:00,0.0,IT.CAED/100752001.FACILITY,Ahlstrom-Munksjö Italia S.p.A.
2023-11-15 20:00:00,0.0,IT.CAED/100752001.FACILITY,Ahlstrom-Munksjö Italia S.p.A.
2023-11-15 21:00:00,0.0,IT.CAED/100752001.FACILITY,Ahlstrom-Munksjö Italia S.p.A.
2023-11-15 22:00:00,0.0,IT.CAED/100752001.FACILITY,Ahlstrom-Munksjö Italia S.p.A.
2023-11-15 23:00:00,0.0,IT.CAED/100752001.FACILITY,Ahlstrom-Munksjö Italia S.p.A.
2023-11-16 00:00:00,0.0,IT.CAED/100752001.FACILITY,Ahlstrom-Munksjö Italia S.p.A.
2023-11-16 01:00:00,0.0,IT.CAED/100752001.FACILITY,Ahlstrom-Munksjö Italia S.p.A.
2023-11-16 02:00:00,0.0,IT.CAED/100752001.FACILITY,Ahlstrom-Munksjö Italia S.p.A.
2023-11-16 03:00:00,0.0,IT.CAED/100752001.FACILITY,Ahlstrom-Munksjö Italia S.p.A.
2023-11-16 04:00:00,0.0,IT.CAED/100752001.FACILITY,Ahlstrom-Munksjö Italia S.p.A.
2023-11-16 05:00:00,0.0,IT.CAED/100752001.FACILITY,Ahlstrom-Munksjö Italia S.p.A.
2023-11-16 06:00:00,0.0,IT.CAED/100752001.FACILITY,Ahlstrom-Munksjö Italia S.p.A.
2023-11-16 07:00:00,0.0,IT.CAED/100752001.FACILITY,Ahlstrom-Munksjö Italia S.p.A.
2023-11-16 08:00:00,0.27008,IT.CAED/100752001.FACILITY,Ahlstrom-Munksjö Italia S.p.A.
2023-11-16 09:00:00,0.20163999999999999,IT.CAED/100752001.FACILITY,Ahlstrom-Munksjö Italia S.p.A.
2023-11-16 10:00:00,0.18467,IT.CAED/100752001.FACILITY,Ahlstrom-Munksjö Italia S.p.A.
2023-11-16 11:00:00,0.43466000000000005,IT.CAED/100752001.FACILITY,Ahlstrom-Munksjö Italia S.p.A.
2023-11-16 12:00:00,0.51008,IT.CAED/100752001.FACILITY,Ahlstrom-Munksjö Italia S.p.A.
2023-11-16 13:00:00,0.5488,IT.CAED/100752001.FACILITY,Ahlstrom-Munksjö Italia S.p.A.
2023-11-16 14:00:00,0.5130800000000001,IT.CAED/100752001.FACILITY,Ahlstrom-Munksjö Italia S.p.A.
2023-11-16 15:00:00,0.34101,IT.CAED/100752001.FACILITY,Ahlstrom-Munksjö Italia S.p.A.
2023-11-16 16:00:00,0.004070000000000001,IT.CAED/100752001.FACILITY,Ahlstrom-Munksjö Italia S.p.A.
2023-11-16 17:00:00,0.0,IT.CAED/100752001.FACILITY,Ahlstrom-Munksjö Italia S.p.A.
2023-11-16 18:00:00,0.0,IT.CAED/100752001.FACILITY,Ahlstrom-Munksjö Italia S.p.A.
2023-11-16 19:00:00,0.0,IT.CAED/100752001.FACILITY,Ahlstrom-Munksjö Italia S.p.A.
2023-11-16 20:00:00,0.0,IT.CAED/100752001.FACILITY,Ahlstrom-Munksjö Italia S.p.A.
2023-11-16 21:00:00,0.0,IT.CAED/100752001.FACILITY,Ahlstrom-Munksjö Italia S.p.A.
2023-11-16 22:00:00,0.0,IT.CAED/100752001.FACILITY,Ahlstrom-Munksjö Italia S.p.A.
2023-11-16 23:00:00,0.0,IT.CAED/100752001.FACILITY,Ahlstrom-Munksjö Italia S.p.A.
2023-11-17 00:00:00,0.0,IT.CAED/100752001.FACILITY,Ahlstrom-Munksjö Italia S.p.A.
2023-11-17 01:00:00,0.0,IT.CAED/100752001.FACILITY,Ahlstrom-Munksjö Italia S.p.A.
2023-11-17 02:00:00,0.0,IT.CAED/100752001.FACILITY,Ahlstrom-Munksjö Italia S.p.A.
2023-11-17 03:00:00,0.0,IT.CAED/100752001.FACILITY,Ahlstrom-Munksjö Italia S.p.A.
2023-11-17 04:00:00,0.0,IT.CAED/100752001.FACILITY,Ahlstrom-Munksjö Italia S.p.A.
2023-11-17 05:00:00,0.0,IT.CAED/100752001.FACILITY,Ahlstrom-Munksjö Italia S.p.A.
2023-11-17 06:00:00,0.0,IT.CAED/100752001.FACILITY,Ahlstrom-Munksjö Italia S.p.A.
2023-11-17 07:00:00,0.0,IT.CAED/100752001.FACILITY,Ahlstrom-Munksjö Italia S.p.A.
2023-11-17 08:00:00,0.32041000000000003,IT.CAED/100752001.FACILITY,Ahlstrom-Munksjö Italia S.p.A.
2023-11-17 09:00:00,0.57365,IT.CAED/100752001.FACILITY,Ahlstrom-Munksjö Italia S.p.A.
2023-11-17 10:00:00,0.73272,IT.CAED/100752001.FACILITY,Ahlstrom-Munksjö Italia S.p.A.
2023-11-17 11:00:00,0.80864,IT.CAED/100752001.FACILITY,Ahlstrom-Munksjö Italia S.p.A.
2023-11-17 12:00:00,0.81333,IT.CAED/100752001.FACILITY,Ahlstrom-Munksjö Italia S.p.A.
2023-11-17 13:00:00,0.7507699999999999,IT.CAED/100752001.FACILITY,Ahlstrom-Munksjö Italia S.p.A.
2023-11-17 14:00:00,0.62699,IT.CAED/100752001.FACILITY,Ahlstrom-Munksjö Italia S.p.A.
2023-11-17 15:00:00,0.42218,IT.CAED/100752001.FACILITY,Ahlstrom-Munksjö Italia S.p.A.
2023-11-17 16:00:00,0.0044599999999999996,IT.CAED/100752001.FACILITY,Ahlstrom-Munksjö Italia S.p.A.
2023-11-17 17:00:00,0.0,IT.CAED/100752001.FACILITY,Ahlstrom-Munksjö Italia S.p.A.
2023-11-17 18:00:00,0.0,IT.CAED/100752001.FACILITY,Ahlstrom-Munksjö Italia S.p.A.
2023-11-17 19:00:00,0.0,IT.CAED/100752001.FACILITY,Ahlstrom-Munksjö Italia S.p.A.
2023-11-17 20:00:00,0.0,IT.CAED/100752001.FACILITY,Ahlstrom-Munksjö Italia S.p.A.
2023-11-17 21:00:00,0.0,IT.CAED/100752001.FACILITY,Ahlstrom-Munksjö Italia S.p.A.
2023-11-17 22:00:00,0.0,IT.CAED/100752001.FACILITY,Ahlstrom-Munksjö Italia S.p.A.
2023-11-17 23:00:00,0.0,IT.CAED/100752001.FACILITY,Ahlstrom-Munksjö Italia S.p.A.
2023-11-18 00:00:00,0.0,IT.CAED/100752001.FACILITY,Ahlstrom-Munksjö Italia S.p.A.
2023-11-18 01:00:00,0.0,IT.CAED/100752001.FACILITY,Ahlstrom-Munksjö Italia S.p.A.
2023-11-18 02:00:00,0.0,IT.CAED/100752001.FACILITY,Ahlstrom-Munksjö Italia S.p.A.
2023-11-18 03:00:00,0.0,IT.CAED/100752001.FACILITY,Ahlstrom-Munksjö Italia S.p.A.
2023-11-18 04:00:00,0.0,IT.CAED/100752001.FACILITY,Ahlstrom-Munksjö Italia S.p.A.
2023-11-18 05:00:00,0.0,IT.CAED/100752001.FACILITY,Ahlstrom-Munksjö Italia S.p.A.
2023-11-18 06:00:00,0.0,IT.CAED/100752001.FACILITY,Ahlstrom-Munksjö Italia S.p.A.
2023-11-18 07:00:00,0.0,IT.CAED/100752001.FACILITY,Ahlstrom-Munksjö Italia S.p.A.
2023-11-18 08:00:00,0.32164,IT.CAED/100752001.FACILITY,Ahlstrom-Munksjö Italia S.p.A.
2023-11-18 09:00:00,0.54996,IT.CAED/100752001.FACILITY,Ahlstrom-Munksjö Italia S.p.A.
2023-11-18 10:00:00,0.63651,IT.CAED/100752001.FACILITY,Ahlstrom-Munksjö Italia S.p.A.
2023-11-18 11:00:00,0.77625,IT.CAED/100752001.FACILITY,Ahlstrom-Munksjö Italia S.p.A.
2023-11-18 12:00:00,0.79395,IT.CAED/100752001.FACILITY,Ahlstrom-Munksjö Italia S.p.A.
2023-11-18 13:00:00,0.74829,IT.CAED/100752001.FACILITY,Ahlstrom-Munksjö Italia S.p.A.
2023-11-18 14:00:00,0.61627,IT.CAED/100752001.FACILITY,Ahlstrom-Munksjö Italia S.p.A.
2023-11-18 15:00:00,0.39323,IT.CAED/100752001.FACILITY,Ahlstrom-Munksjö Italia S.p.A.
2023-11-18 16:00:00,0.00447,IT.CAED/100752001.FACILITY,Ahlstrom-Munksjö Italia S.p.A.
2023-11-18 17:00:00,0.0,IT.CAED/100752001.FACILITY,Ahlstrom-Munksjö Italia S.p.A.
2023-11-18 18:00:00,0.0,IT.CAED/100752001.FACILITY,Ahlstrom-Munksjö Italia S.p.A.
2023-11-18 19:00:00,0.0,IT.CAED/100752001.FACILITY,Ahlstrom-Munksjö Italia S.p.A.
2023-11-18 20:00:00,0.0,IT.CAED/100752001.FACILITY,Ahlstrom-Munksjö Italia S.p.A.
2023-11-18 21:00:00,0.0,IT.CAED/100752001.FACILITY,Ahlstrom-Munksjö Italia S.p.A.
2023-11-18 22:00:00,0.0,IT.CAED/100752001.FACILITY,Ahlstrom-Munksjö Italia S.p.A.
2023-11-18 23:00:00,0.0,IT.CAED/100752001.FACILITY,Ahlstrom-Munksjö Italia S.p.A.
2023-11-19 00:00:00,0.0,IT.CAED/100752001.FACILITY,Ahlstrom-Munksjö Italia S.p.A.
2023-11-19 01:00:00,0.0,IT.CAED/100752001.FACILITY,Ahlstrom-Munksjö Italia S.p.A.
2023-11-19 02:00:00,0.0,IT.CAED/100752001.FACILITY,Ahlstrom-Munksjö Italia S.p.A.
2023-11-19 03:00:00,0.0,IT.CAED/100752001.FACILITY,Ahlstrom-Munksjö Italia S.p.A.
2023-11-19 04:00:00,0.0,IT.CAED/100752001.FACILITY,Ahlstrom-Munksjö Italia S.p.A.
2023-11-19 05:00:00,0.0,IT.CAED/100752001.FACILITY,Ahlstrom-Munksjö Italia S.p.A.
2023-11-19 06:00:00,0.0,IT.CAED/100752001.FACILITY,Ahlstrom-Munksjö Italia S.p.A.
2023-11-19 07:00:00,0.0,IT.CAED/100752001.FACILITY,Ahlstrom-Munksjö Italia S.p.A.
2023-11-19 08:00:00,0.26727,IT.CAED/100752001.FACILITY,Ahlstrom-Munksjö Italia S.p.A.
2023-11-19 09:00:00,0.50049,IT.CAED/100752001.FACILITY,Ahlstrom-Munksjö Italia S.p.A.
2023-11-19 10:00:00,0.69832,IT.CAED/100752001.FACILITY,Ahlstrom-Munksjö Italia S.p.A.
2023-11-19 11:00:00,0.79007,IT.CAED/100752001.FACILITY,Ahlstrom-Munksjö Italia S.p.A.
2023-11-19 12:00:00,0.8045599999999999,IT.CAED/100752001.FACILITY,Ahlstrom-Munksjö Italia S.p.A.
2023-11-19 13:00:00,0.74148,IT.CAED/100752001.FACILITY,Ahlstrom-Munksjö Italia S.p.A.
2023-11-19 14:00:00,0.59936,IT.CAED/100752001.FACILITY,Ahlstrom-Munksjö Italia S.p.A.
2023-11-19 15:00:00,0.35442,IT.CAED/100752001.FACILITY,Ahlstrom-Munksjö Italia S.p.A.
2023-11-19 16:00:00,0.00347,IT.CAED/100752001.FACILITY,Ahlstrom-Munksjö Italia S.p.A.
2023-11-19 17:00:00,0.0,IT.CAED/100752001.FACILITY,Ahlstrom-Munksjö Italia S.p.A.
2023-11-19 18:00:00,0.0,IT.CAED/100752001.FACILITY,Ahlstrom-Munksjö Italia S.p.A.
2023-11-19 19:00:00,0.0,IT.CAED/100752001.FACILITY,Ahlstrom-Munksjö Italia S.p.A.
2023-11-19 20:00:00,0.0,IT.CAED/100752001.FACILITY,Ahlstrom-Munksjö Italia S.p.A.
2023-11-19 21:00:00,0.0,IT.CAED/100752001.FACILITY,Ahlstrom-Munksjö Italia S.p.A.
2023-11-19 22:00:00,0.0,IT.CAED/100752001.FACILITY,Ahlstrom-Munksjö Italia S.p.A.
2023-11-19 23:00:00,0.0,IT.CAED/100752001.FACILITY,Ahlstrom-Munksjö Italia S.p.A.
2023-11-20 00:00:00,0.0,IT.CAED/100752001.FACILITY,Ahlstrom-Munksjö Italia S.p.A.
2023-11-20 01:00:00,0.0,IT.CAED/100752001.FACILITY,Ahlstrom-Munksjö Italia S.p.A.
2023-11-20 02:00:00,0.0,IT.CAED/100752001.FACILITY,Ahlstrom-Munksjö Italia S.p.A.
2023-11-20 03:00:00,0.0,IT.CAED/100752001.FACILITY,Ahlstrom-Munksjö Italia S.p.A.
2023-11-20 04:00:00,0.0,IT.CAED/100752001.FACILITY,Ahlstrom-Munksjö Italia S.p.A.
2023-11-20 05:00:00,0.0,IT.CAED/100752001.FACILITY,Ahlstrom-Munksjö Italia S.p.A.
2023-11-20 06:00:00,0.0,IT.CAED/100752001.FACILITY,Ahlstrom-Munksjö Italia S.p.A.
2023-11-20 07:00:00,0.0,IT.CAED/100752001.FACILITY,Ahlstrom-Munksjö Italia S.p.A.
2023-11-20 08:00:00,0.25704000000000005,IT.CAED/100752001.FACILITY,Ahlstrom-Munksjö Italia S.p.A.
2023-11-20 09:00:00,0.48335,IT.CAED/100752001.FACILITY,Ahlstrom-Munksjö Italia S.p.A.
2023-11-20 10:00:00,0.63867,IT.CAED/100752001.FACILITY,Ahlstrom-Munksjö Italia S.p.A.
2023-11-20 11:00:00,0.71646,IT.CAED/100752001.FACILITY,Ahlstrom-Munksjö Italia S.p.A.
2023-11-20 12:00:00,0.82441,IT.CAED/100752001.FACILITY,Ahlstrom-Munksjö Italia S.p.A.
2023-11-20 13:00:00,0.7573300000000001,IT.CAED/100752001.FACILITY,Ahlstrom-Munksjö Italia S.p.A.
2023-11-20 14:00:00,0.62909,IT.CAED/100752001.FACILITY,Ahlstrom-Munksjö Italia S.p.A.
2023-11-20 15:00:00,0.39641000000000004,IT.CAED/100752001.FACILITY,Ahlstrom-Munksjö Italia S.p.A.
2023-11-20 16:00:00,0.0025299999999999997,IT.CAED/100752001.FACILITY,Ahlstrom-Munksjö Italia S.p.A.
2023-11-20 17:00:00,0.0,IT.CAED/100752001.FACILITY,Ahlstrom-Munksjö Italia S.p.A.
2023-11-20 18:00:00,0.0,IT.CAED/100752001.FACILITY,Ahlstrom-Munksjö Italia S.p.A.
2023-11-20 19:00:00,0.0,IT.CAED/100752001.FACILITY,Ahlstrom-Munksjö Italia S.p.A.
2023-11-20 20:00:00,0.0,IT.CAED/100752001.FACILITY,Ahlstrom-Munksjö Italia S.p.A.
2023-11-20 21:00:00,0.0,IT.CAED/100752001.FACILITY,Ahlstrom-Munksjö Italia S.p.A.
2023-11-20 22:00:00,0.0,IT.CAED/100752001.FACILITY,Ahlstrom-Munksjö Italia S.p.A.
2023-11-20 23:00:00,0.0,IT.CAED/100752001.FACILITY,Ahlstrom-Munksjö Italia S.p.A.
2023-11-21 00:00:00,0.0,IT.CAED/100752001.FACILITY,Ahlstrom-Munksjö Italia S.p.A.
2023-11-21 01:00:00,0.0,IT.CAED/100752001.FACILITY,Ahlstrom-Munksjö Italia S.p.A.
2023-11-21 02:00:00,0.0,IT.CAED/100752001.FACILITY,Ahlstrom-Munksjö Italia S.p.A.
2023-11-21 03:00:00,0.0,IT.CAED/100752001.FACILITY,Ahlstrom-Munksjö Italia S.p.A.
2023-11-21 04:00:00,0.0,IT.CAED/100752001.FACILITY,Ahlstrom-Munksjö Italia S.p.A.
2023-11-21 05:00:00,0.0,IT.CAED/100752001.FACILITY,Ahlstrom-Munksjö Italia S.p.A.
2023-11-21 06:00:00,0.0,IT.CAED/100752001.FACILITY,Ahlstrom-Munksjö Italia S.p.A.
2023-11-21 07:00:00,0.0,IT.CAED/100752001.FACILITY,Ahlstrom-Munksjö Italia S.p.A.
2023-11-21 08:00:00,0.19715,IT.CAED/100752001.FACILITY,Ahlstrom-Munksjö Italia S.p.A.
2023-11-21 09:00:00,0.44562999999999997,IT.CAED/100752001.FACILITY,Ahlstrom-Munksjö Italia S.p.A.
2023-11-21 10:00:00,0.5547300000000001,IT.CAED/100752001.FACILITY,Ahlstrom-Munksjö Italia S.p.A.
2023-11-21 11:00:00,0.60251,IT.CAED/100752001.FACILITY,Ahlstrom-Munksjö Italia S.p.A.
2023-11-21 12:00:00,0.74709,IT.CAED/100752001.FACILITY,Ahlstrom-Munksjö Italia S.p.A.
2023-11-21 13:00:00,0.7313,IT.CAED/100752001.FACILITY,Ahlstrom-Munksjö Italia S.p.A.
2023-11-21 14:00:00,0.6307999999999999,IT.CAED/100752001.FACILITY,Ahlstrom-Munksjö Italia S.p.A.
2023-11-21 15:00:00,0.39909,IT.CAED/100752001.FACILITY,Ahlstrom-Munksjö Italia S.p.A.
2023-11-21 16:00:00,0.00311,IT.CAED/100752001.FACILITY,Ahlstrom-Munksjö Italia S.p.A.
2023-11-21 17:00:00,0.0,IT.CAED/100752001.FACILITY,Ahlstrom-Munksjö Italia S.p.A.
2023-11-21 18:00:00,0.0,IT.CAED/100752001.FACILITY,Ahlstrom-Munksjö Italia S.p.A.
2023-11-21 19:00:00,0.0,IT.CAED/100752001.FACILITY,Ahlstrom-Munksjö Italia S.p.A.
2023-11-21 20:00:00,0.0,IT.CAED/100752001.FACILITY,Ahlstrom-Munksjö Italia S.p.A.
2023-11-21 21:00:00,0.0,IT.CAED/100752001.FACILITY,Ahlstrom-Munksjö Italia S.p.A.
2023-11-21 22:00:00,0.0,IT.CAED/100752001.FACILITY,Ahlstrom-Munksjö Italia S.p.A.
2023-11-21 23:00:00,0.0,IT.CAED/100752001.FACILITY,Ahlstrom-Munksjö Italia S.p.A.
2023-11-22 00:00:00,0.0,IT.CAED/100752001.FACILITY,Ahlstrom-Munksjö Italia S.p.A.
2023-11-22 01:00:00,0.0,IT.CAED/100752001.FACILITY,Ahlstrom-Munksjö Italia S.p.A.
2023-11-22 02:00:00,0.0,IT.CAED/100752001.FACILITY,Ahlstrom-Munksjö Italia S.p.A.
2023-11-22 03:00:00,0.0,IT.CAED/100752001.FACILITY,Ahlstrom-Munksjö Italia S.p.A.
2023-11-22 04:00:00,0.0,IT.CAED/100752001.FACILITY,Ahlstrom-Munksjö Italia S.p.A.
2023-11-22 05:00:00,0.0,IT.CAED/100752001.FACILITY,Ahlstrom-Munksjö Italia S.p.A.
2023-11-22 06:00:00,0.0,IT.CAED/100752001.FACILITY,Ahlstrom-Munksjö Italia S.p.A.
2023-11-22 07:00:00,0.0,IT.CAED/100752001.FACILITY,Ahlstrom-Munksjö Italia S.p.A.
2023-11-22 08:00:00,0.32355,IT.CAED/100752001.FACILITY,Ahlstrom-Munksjö Italia S.p.A.
2023-11-22 09:00:00,0.59101,IT.CAED/100752001.FACILITY,Ahlstrom-Munksjö Italia S.p.A.
2023-11-22 10:00:00,0.7377400000000001,IT.CAED/100752001.FACILITY,Ahlstrom-Munksjö Italia S.p.A.
2023-11-22 11:00:00,0.80383,IT.CAED/100752001.FACILITY,Ahlstrom-Munksjö Italia S.p.A.
2023-11-22 12:00:00,0.7834800000000001,IT.CAED/100752001.FACILITY,Ahlstrom-Munksjö Italia S.p.A.
2023-11-22 13:00:00,0.77075,IT.CAED/100752001.FACILITY,Ahlstrom-Munksjö Italia S.p.A.
2023-11-22 14:00:00,0.63273,IT.CAED/100752001.FACILITY,Ahlstrom-Munksjö Italia S.p.A.
2023-11-22 15:00:00,0.40836,IT.CAED/100752001.FACILITY,Ahlstrom-Munksjö Italia S.p.A.
2023-11-22 16:00:00,0.00276,IT.CAED/100752001.FACILITY,Ahlstrom-Munksjö Italia S.p.A.
2023-11-22 17:00:00,0.0,IT.CAED/100752001.FACILITY,Ahlstrom-Munksjö Italia S.p.A.
2023-11-22 18:00:00,0.0,IT.CAED/100752001.FACILITY,Ahlstrom-Munksjö Italia S.p.A.
2023-11-22 19:00:00,0.0,IT.CAED/100752001.FACILITY,Ahlstrom-Munksjö Italia S.p.A.
2023-11-22 20:00:00,0.0,IT.CAED/100752001.FACILITY,Ahlstrom-Munksjö Italia S.p.A.
2023-11-22 21:00:00,0.0,IT.CAED/100752001.FACILITY,Ahlstrom-Munksjö Italia S.p.A.
2023-11-22 22:00:00,0.0,IT.CAED/100752001.FACILITY,Ahlstrom-Munksjö Italia S.p.A.
2023-11-22 23:00:00,0.0,IT.CAED/100752001.FACILITY,Ahlstrom-Munksjö Italia S.p.A.
2023-11-23 00:00:00,0.0,IT.CAED/100752001.FACILITY,Ahlstrom-Munksjö Italia S.p.A.
2023-11-23 01:00:00,0.0,IT.CAED/100752001.FACILITY,Ahlstrom-Munksjö Italia S.p.A.
2023-11-23 02:00:00,0.0,IT.CAED/100752001.FACILITY,Ahlstrom-Munksjö Italia S.p.A.
2023-11-23 03:00:00,0.0,IT.CAED/100752001.FACILITY,Ahlstrom-Munksjö Italia S.p.A.
2023-11-23 04:00:00,0.0,IT.CAED/100752001.FACILITY,Ahlstrom-Munksjö Italia S.p.A.
2023-11-23 05:00:00,0.0,IT.CAED/100752001.FACILITY,Ahlstrom-Munksjö Italia S.p.A.
2023-11-23 06:00:00,0.0,IT.CAED/100752001.FACILITY,Ahlstrom-Munksjö Italia S.p.A.
2023-11-23 07:00:00,0.0,IT.CAED/100752001.FACILITY,Ahlstrom-Munksjö Italia S.p.A.
2023-11-23 08:00:00,0.26162,IT.CAED/100752001.FACILITY,Ahlstrom-Munksjö Italia S.p.A.
2023-11-23 09:00:00,0.5270499999999999,IT.CAED/100752001.FACILITY,Ahlstrom-Munksjö Italia S.p.A.
2023-11-23 10:00:00,0.68969,IT.CAED/100752001.FACILITY,Ahlstrom-Munksjö Italia S.p.A.
2023-11-23 11:00:00,0.7890199999999999,IT.CAED/100752001.FACILITY,Ahlstrom-Munksjö Italia S.p.A.
2023-11-23 12:00:00,0.8126599999999999,IT.CAED/100752001.FACILITY,Ahlstrom-Munksjö Italia S.p.A.
2023-11-23 13:00:00,0.76037,IT.CAED/100752001.FACILITY,Ahlstrom-Munksjö Italia S.p.A.
2023-11-23 14:00:00,0.62986,IT.CAED/100752001.FACILITY,Ahlstrom-Munksjö Italia S.p.A.
2023-11-23 15:00:00,0.41128,IT.CAED/100752001.FACILITY,Ahlstrom-Munksjö Italia S.p.A.
2023-11-23 16:00:00,0.0025499999999999997,IT.CAED/100752001.FACILITY,Ahlstrom-Munksjö Italia S.p.A.
2023-11-23 17:00:00,0.0,IT.CAED/100752001.FACILITY,Ahlstrom-Munksjö Italia S.p.A.
2023-11-23 18:00:00,0.0,IT.CAED/100752001.FACILITY,Ahlstrom-Munksjö Italia S.p.A.
2023-11-23 19:00:00,0.0,IT.CAED/100752001.FACILITY,Ahlstrom-Munksjö Italia S.p.A.
2023-11-23 20:00:00,0.0,IT.CAED/100752001.FACILITY,Ahlstrom-Munksjö Italia S.p.A.
2023-11-23 21:00:00,0.0,IT.CAED/100752001.FACILITY,Ahlstrom-Munksjö Italia S.p.A.
2023-11-23 22:00:00,0.0,IT.CAED/100752001.FACILITY,Ahlstrom-Munksjö Italia S.p.A.
2023-11-23 23:00:00,0.0,IT.CAED/100752001.FACILITY,Ahlstrom-Munksjö Italia S.p.A.
2023-11-24 00:00:00,0.0,IT.CAED/100752001.FACILITY,Ahlstrom-Munksjö Italia S.p.A.
2023-11-24 01:00:00,0.0,IT.CAED/100752001.FACILITY,Ahlstrom-Munksjö Italia S.p.A.
2023-11-24 02:00:00,0.0,IT.CAED/100752001.FACILITY,Ahlstrom-Munksjö Italia S.p.A.
2023-11-24 03:00:00,0.0,IT.CAED/100752001.FACILITY,Ahlstrom-Munksjö Italia S.p.A.
2023-11-24 04:00:00,0.0,IT.CAED/100752001.FACILITY,Ahlstrom-Munksjö Italia S.p.A.
2023-11-24 05:00:00,0.0,IT.CAED/100752001.FACILITY,Ahlstrom-Munksjö Italia S.p.A.
2023-11-24 06:00:00,0.0,IT.CAED/100752001.FACILITY,Ahlstrom-Munksjö Italia S.p.A.
2023-11-24 07:00:00,0.0,IT.CAED/100752001.FACILITY,Ahlstrom-Munksjö Italia S.p.A.
2023-11-24 08:00:00,0.28658999999999996,IT.CAED/100752001.FACILITY,Ahlstrom-Munksjö Italia S.p.A.
2023-11-24 09:00:00,0.55271,IT.CAED/100752001.FACILITY,Ahlstrom-Munksjö Italia S.p.A.
2023-11-24 10:00:00,0.72438,IT.CAED/100752001.FACILITY,Ahlstrom-Munksjö Italia S.p.A.
2023-11-24 11:00:00,0.78792,IT.CAED/100752001.FACILITY,Ahlstrom-Munksjö Italia S.p.A.
2023-11-24 12:00:00,0.80306,IT.CAED/100752001.FACILITY,Ahlstrom-Munksjö Italia S.p.A.
2023-11-24 13:00:00,0.75919,IT.CAED/100752001.FACILITY,Ahlstrom-Munksjö Italia S.p.A.
2023-11-24 14:00:00,0.63682,IT.CAED/100752001.FACILITY,Ahlstrom-Munksjö Italia S.p.A.
2023-11-24 15:00:00,0.40785000000000005,IT.CAED/100752001.FACILITY,Ahlstrom-Munksjö Italia S.p.A.
2023-11-24 16:00:00,0.0026,IT.CAED/100752001.FACILITY,Ahlstrom-Munksjö Italia S.p.A.
2023-11-24 17:00:00,0.0,IT.CAED/100752001.FACILITY,Ahlstrom-Munksjö Italia S.p.A.
2023-11-24 18:00:00,0.0,IT.CAED/100752001.FACILITY,Ahlstrom-Munksjö Italia S.p.A.
2023-11-24 19:00:00,0.0,IT.CAED/100752001.FACILITY,Ahlstrom-Munksjö Italia S.p.A.
2023-11-24 20:00:00,0.0,IT.CAED/100752001.FACILITY,Ahlstrom-Munksjö Italia S.p.A.
2023-11-24 21:00:00,0.0,IT.CAED/100752001.FACILITY,Ahlstrom-Munksjö Italia S.p.A.
2023-11-24 22:00:00,0.0,IT.CAED/100752001.FACILITY,Ahlstrom-Munksjö Italia S.p.A.
2023-11-24 23:00:00,0.0,IT.CAED/100752001.FACILITY,Ahlstrom-Munksjö Italia S.p.A.
2023-11-25 00:00:00,0.0,IT.CAED/100752001.FACILITY,Ahlstrom-Munksjö Italia S.p.A.
2023-11-25 01:00:00,0.0,IT.CAED/100752001.FACILITY,Ahlstrom-Munksjö Italia S.p.A.
2023-11-25 02:00:00,0.0,IT.CAED/100752001.FACILITY,Ahlstrom-Munksjö Italia S.p.A.
2023-11-25 03:00:00,0.0,IT.CAED/100752001.FACILITY,Ahlstrom-Munksjö Italia S.p.A.
2023-11-25 04:00:00,0.0,IT.CAED/100752001.FACILITY,Ahlstrom-Munksjö Italia S.p.A.
2023-11-25 05:00:00,0.0,IT.CAED/100752001.FACILITY,Ahlstrom-Munksjö Italia S.p.A.
2023-11-25 06:00:00,0.0,IT.CAED/100752001.FACILITY,Ahlstrom-Munksjö Italia S.p.A.
2023-11-25 07:00:00,0.0,IT.CAED/100752001.FACILITY,Ahlstrom-Munksjö Italia S.p.A.
2023-11-25 08:00:00,0.31686000000000003,IT.CAED/100752001.FACILITY,Ahlstrom-Munksjö Italia S.p.A.
2023-11-25 09:00:00,0.59484,IT.CAED/100752001.FACILITY,Ahlstrom-Munksjö Italia S.p.A.
2023-11-25 10:00:00,0.76135,IT.CAED/100752001.FACILITY,Ahlstrom-Munksjö Italia S.p.A.
2023-11-25 11:00:00,0.86268,IT.CAED/100752001.FACILITY,Ahlstrom-Munksjö Italia S.p.A.
2023-11-25 12:00:00,0.88295,IT.CAED/100752001.FACILITY,Ahlstrom-Munksjö Italia S.p.A.
2023-11-25 13:00:00,0.80662,IT.CAED/100752001.FACILITY,Ahlstrom-Munksjö Italia S.p.A.
2023-11-25 14:00:00,0.6658200000000001,IT.CAED/100752001.FACILITY,Ahlstrom-Munksjö Italia S.p.A.
2023-11-25 15:00:00,0.43668,IT.CAED/100752001.FACILITY,Ahlstrom-Munksjö Italia S.p.A.
2023-11-25 16:00:00,0.00226,IT.CAED/100752001.FACILITY,Ahlstrom-Munksjö Italia S.p.A.
2023-11-25 17:00:00,0.0,IT.CAED/100752001.FACILITY,Ahlstrom-Munksjö Italia S.p.A.
2023-11-25 18:00:00,0.0,IT.CAED/100752001.FACILITY,Ahlstrom-Munksjö Italia S.p.A.
2023-11-25 19:00:00,0.0,IT.CAED/100752001.FACILITY,Ahlstrom-Munksjö Italia S.p.A.
2023-11-25 20:00:00,0.0,IT.CAED/100752001.FACILITY,Ahlstrom-Munksjö Italia S.p.A.
2023-11-25 21:00:00,0.0,IT.CAED/100752001.FACILITY,Ahlstrom-Munksjö Italia S.p.A.
2023-11-25 22:00:00,0.0,IT.CAED/100752001.FACILITY,Ahlstrom-Munksjö Italia S.p.A.
2023-11-25 23:00:00,0.0,IT.CAED/100752001.FACILITY,Ahlstrom-Munksjö Italia S.p.A.
2023-11-26 00:00:00,0.0,IT.CAED/100752001.FACILITY,Ahlstrom-Munksjö Italia S.p.A.
2023-11-26 01:00:00,0.0,IT.CAED/100752001.FACILITY,Ahlstrom-Munksjö Italia S.p.A.
2023-11-26 02:00:00,0.0,IT.CAED/100752001.FACILITY,Ahlstrom-Munksjö Italia S.p.A.
2023-11-26 03:00:00,0.0,IT.CAED/100752001.FACILITY,Ahlstrom-Munksjö Italia S.p.A.
2023-11-26 04:00:00,0.0,IT.CAED/100752001.FACILITY,Ahlstrom-Munksjö Italia S.p.A.
2023-11-26 05:00:00,0.0,IT.CAED/100752001.FACILITY,Ahlstrom-Munksjö Italia S.p.A.
2023-11-26 06:00:00,0.0,IT.CAED/100752001.FACILITY,Ahlstrom-Munksjö Italia S.p.A.
2023-11-26 07:00:00,0.0,IT.CAED/100752001.FACILITY,Ahlstrom-Munksjö Italia S.p.A.
2023-11-26 08:00:00,0.30857,IT.CAED/100752001.FACILITY,Ahlstrom-Munksjö Italia S.p.A.
2023-11-26 09:00:00,0.5773400000000001,IT.CAED/100752001.FACILITY,Ahlstrom-Munksjö Italia S.p.A.
2023-11-26 10:00:00,0.74433,IT.CAED/100752001.FACILITY,Ahlstrom-Munksjö Italia S.p.A.
2023-11-26 11:00:00,0.8146599999999999,IT.CAED/100752001.FACILITY,Ahlstrom-Munksjö Italia S.p.A.
2023-11-26 12:00:00,0.84433,IT.CAED/100752001.FACILITY,Ahlstrom-Munksjö Italia S.p.A.
2023-11-26 13:00:00,0.78941,IT.CAED/100752001.FACILITY,Ahlstrom-Munksjö Italia S.p.A.
2023-11-26 14:00:00,0.64815,IT.CAED/100752001.FACILITY,Ahlstrom-Munksjö Italia S.p.A.
2023-11-26 15:00:00,0.38861,IT.CAED/100752001.FACILITY,Ahlstrom-Munksjö Italia S.p.A.
2023-11-26 16:00:00,0.00337,IT.CAED/100752001.FACILITY,Ahlstrom-Munksjö Italia S.p.A.
2023-11-26 17:00:00,0.0,IT.CAED/100752001.FACILITY,Ahlstrom-Munksjö Italia S.p.A.
2023-11-26 18:00:00,0.0,IT.CAED/100752001.FACILITY,Ahlstrom-Munksjö Italia S.p.A.
2023-11-26 19:00:00,0.0,IT.CAED/100752001.FACILITY,Ahlstrom-Munksjö Italia S.p.A.
2023-11-26 20:00:00,0.0,IT.CAED/100752001.FACILITY,Ahlstrom-Munksjö Italia S.p.A.
2023-11-26 21:00:00,0.0,IT.CAED/100752001.FACILITY,Ahlstrom-Munksjö Italia S.p.A.
2023-11-26 22:00:00,0.0,IT.CAED/100752001.FACILITY,Ahlstrom-Munksjö Italia S.p.A.
2023-11-26 23:00:00,0.0,IT.CAED/100752001.FACILITY,Ahlstrom-Munksjö Italia S.p.A.
2023-11-27 00:00:00,0.0,IT.CAED/100752001.FACILITY,Ahlstrom-Munksjö Italia S.p.A.
2023-11-27 01:00:00,0.0,IT.CAED/100752001.FACILITY,Ahlstrom-Munksjö Italia S.p.A.
2023-11-27 02:00:00,0.0,IT.CAED/100752001.FACILITY,Ahlstrom-Munksjö Italia S.p.A.
2023-11-27 03:00:00,0.0,IT.CAED/100752001.FACILITY,Ahlstrom-Munksjö Italia S.p.A.
2023-11-27 04:00:00,0.0,IT.CAED/100752001.FACILITY,Ahlstrom-Munksjö Italia S.p.A.
2023-11-27 05:00:00,0.0,IT.CAED/100752001.FACILITY,Ahlstrom-Munksjö Italia S.p.A.
2023-11-27 06:00:00,0.0,IT.CAED/100752001.FACILITY,Ahlstrom-Munksjö Italia S.p.A.
2023-11-27 07:00:00,0.0,IT.CAED/100752001.FACILITY,Ahlstrom-Munksjö Italia S.p.A.
2023-11-27 08:00:00,0.10979000000000001,IT.CAED/100752001.FACILITY,Ahlstrom-Munksjö Italia S.p.A.
2023-11-27 09:00:00,0.38871,IT.CAED/100752001.FACILITY,Ahlstrom-Munksjö Italia S.p.A.
2023-11-27 10:00:00,0.64018,IT.CAED/100752001.FACILITY,Ahlstrom-Munksjö Italia S.p.A.
2023-11-27 11:00:00,0.75346,IT.CAED/100752001.FACILITY,Ahlstrom-Munksjö Italia S.p.A.
2023-11-27 12:00:00,0.7445900000000001,IT.CAED/100752001.FACILITY,Ahlstrom-Munksjö Italia S.p.A.
2023-11-27 13:00:00,0.66506,IT.CAED/100752001.FACILITY,Ahlstrom-Munksjö Italia S.p.A.
2023-11-27 14:00:00,0.45083,IT.CAED/100752001.FACILITY,Ahlstrom-Munksjö Italia S.p.A.
2023-11-27 15:00:00,0.2696,IT.CAED/100752001.FACILITY,Ahlstrom-Munksjö Italia S.p.A.
2023-11-27 16:00:00,0.00222,IT.CAED/100752001.FACILITY,Ahlstrom-Munksjö Italia S.p.A.
2023-11-27 17:00:00,0.0,IT.CAED/100752001.FACILITY,Ahlstrom-Munksjö Italia S.p.A.
2023-11-27 18:00:00,0.0,IT.CAED/100752001.FACILITY,Ahlstrom-Munksjö Italia S.p.A.
2023-11-27 19:00:00,0.0,IT.CAED/100752001.FACILITY,Ahlstrom-Munksjö Italia S.p.A.
2023-11-27 20:00:00,0.0,IT.CAED/100752001.FACILITY,Ahlstrom-Munksjö Italia S.p.A.
2023-11-27 21:00:00,0.0,IT.CAED/100752001.FACILITY,Ahlstrom-Munksjö Italia S.p.A.
2023-11-27 22:00:00,0.0,IT.CAED/100752001.FACILITY,Ahlstrom-Munksjö Italia S.p.A.
2023-11-27 23:00:00,0.0,IT.CAED/100752001.FACILITY,Ahlstrom-Munksjö Italia S.p.A.
2023-11-28 00:00:00,0.0,IT.CAED/100752001.FACILITY,Ahlstrom-Munksjö Italia S.p.A.
2023-11-28 01:00:00,0.0,IT.CAED/100752001.FACILITY,Ahlstrom-Munksjö Italia S.p.A.
2023-11-28 02:00:00,0.0,IT.CAED/100752001.FACILITY,Ahlstrom-Munksjö Italia S.p.A.
2023-11-28 03:00:00,0.0,IT.CAED/100752001.FACILITY,Ahlstrom-Munksjö Italia S.p.A.
2023-11-28 04:00:00,0.0,IT.CAED/100752001.FACILITY,Ahlstrom-Munksjö Italia S.p.A.
2023-11-28 05:00:00,0.0,IT.CAED/100752001.FACILITY,Ahlstrom-Munksjö Italia S.p.A.
2023-11-28 06:00:00,0.0,IT.CAED/100752001.FACILITY,Ahlstrom-Munksjö Italia S.p.A.
2023-11-28 07:00:00,0.0,IT.CAED/100752001.FACILITY,Ahlstrom-Munksjö Italia S.p.A.
2023-11-28 08:00:00,0.2276,IT.CAED/100752001.FACILITY,Ahlstrom-Munksjö Italia S.p.A.
2023-11-28 09:00:00,0.51181,IT.CAED/100752001.FACILITY,Ahlstrom-Munksjö Italia S.p.A.
2023-11-28 10:00:00,0.67374,IT.CAED/100752001.FACILITY,Ahlstrom-Munksjö Italia S.p.A.
2023-11-28 11:00:00,0.75109,IT.CAED/100752001.FACILITY,Ahlstrom-Munksjö Italia S.p.A.
2023-11-28 12:00:00,0.7656799999999999,IT.CAED/100752001.FACILITY,Ahlstrom-Munksjö Italia S.p.A.
2023-11-28 13:00:00,0.77137,IT.CAED/100752001.FACILITY,Ahlstrom-Munksjö Italia S.p.A.
2023-11-28 14:00:00,0.63622,IT.CAED/100752001.FACILITY,Ahlstrom-Munksjö Italia S.p.A.
2023-11-28 15:00:00,0.4096,IT.CAED/100752001.FACILITY,Ahlstrom-Munksjö Italia S.p.A.
2023-11-28 16:00:00,0.0023,IT.CAED/100752001.FACILITY,Ahlstrom-Munksjö Italia S.p.A.
2023-11-28 17:00:00,0.0,IT.CAED/100752001.FACILITY,Ahlstrom-Munksjö Italia S.p.A.
2023-11-28 18:00:00,0.0,IT.CAED/100752001.FACILITY,Ahlstrom-Munksjö Italia S.p.A.
2023-11-28 19:00:00,0.0,IT.CAED/100752001.FACILITY,Ahlstrom-Munksjö Italia S.p.A.
2023-11-28 20:00:00,0.0,IT.CAED/100752001.FACILITY,Ahlstrom-Munksjö Italia S.p.A.
2023-11-28 21:00:00,0.0,IT.CAED/100752001.FACILITY,Ahlstrom-Munksjö Italia S.p.A.
2023-11-28 22:00:00,0.0,IT.CAED/100752001.FACILITY,Ahlstrom-Munksjö Italia S.p.A.
2023-11-28 23:00:00,0.0,IT.CAED/100752001.FACILITY,Ahlstrom-Munksjö Italia S.p.A.
2023-11-29 00:00:00,0.0,IT.CAED/100752001.FACILITY,Ahlstrom-Munksjö Italia S.p.A.
2023-11-29 01:00:00,0.0,IT.CAED/100752001.FACILITY,Ahlstrom-Munksjö Italia S.p.A.
2023-11-29 02:00:00,0.0,IT.CAED/100752001.FACILITY,Ahlstrom-Munksjö Italia S.p.A.
2023-11-29 03:00:00,0.0,IT.CAED/100752001.FACILITY,Ahlstrom-Munksjö Italia S.p.A.
2023-11-29 04:00:00,0.0,IT.CAED/100752001.FACILITY,Ahlstrom-Munksjö Italia S.p.A.
2023-11-29 05:00:00,0.0,IT.CAED/100752001.FACILITY,Ahlstrom-Munksjö Italia S.p.A.
2023-11-29 06:00:00,0.0,IT.CAED/100752001.FACILITY,Ahlstrom-Munksjö Italia S.p.A.
2023-11-29 07:00:00,0.0,IT.CAED/100752001.FACILITY,Ahlstrom-Munksjö Italia S.p.A.
2023-11-29 08:00:00,0.26418,IT.CAED/100752001.FACILITY,Ahlstrom-Munksjö Italia S.p.A.
2023-11-29 09:00:00,0.55796,IT.CAED/100752001.FACILITY,Ahlstrom-Munksjö Italia S.p.A.
2023-11-29 10:00:00,0.73268,IT.CAED/100752001.FACILITY,Ahlstrom-Munksjö Italia S.p.A.
2023-11-29 11:00:00,0.82821,IT.CAED/100752001.FACILITY,Ahlstrom-Munksjö Italia S.p.A.
2023-11-29 12:00:00,0.84992,IT.CAED/100752001.FACILITY,Ahlstrom-Munksjö Italia S.p.A.
2023-11-29 13:00:00,0.79101,IT.CAED/100752001.FACILITY,Ahlstrom-Munksjö Italia S.p.A.
2023-11-29 14:00:00,0.64737,IT.CAED/100752001.FACILITY,Ahlstrom-Munksjö Italia S.p.A.
2023-11-29 15:00:00,0.40267000000000003,IT.CAED/100752001.FACILITY,Ahlstrom-Munksjö Italia S.p.A.
2023-11-29 16:00:00,0.00392,IT.CAED/100752001.FACILITY,Ahlstrom-Munksjö Italia S.p.A.
2023-11-29 17:00:00,0.0,IT.CAED/100752001.FACILITY,Ahlstrom-Munksjö Italia S.p.A.
2023-11-29 18:00:00,0.0,IT.CAED/100752001.FACILITY,Ahlstrom-Munksjö Italia S.p.A.
2023-11-29 19:00:00,0.0,IT.CAED/100752001.FACILITY,Ahlstrom-Munksjö Italia S.p.A.
2023-11-29 20:00:00,0.0,IT.CAED/100752001.FACILITY,Ahlstrom-Munksjö Italia S.p.A.
2023-11-29 21:00:00,0.0,IT.CAED/100752001.FACILITY,Ahlstrom-Munksjö Italia S.p.A.
2023-11-29 22:00:00,0.0,IT.CAED/100752001.FACILITY,Ahlstrom-Munksjö Italia S.p.A.
2023-11-29 23:00:00,0.0,IT.CAED/100752001.FACILITY,Ahlstrom-Munksjö Italia S.p.A.
2023-11-30 00:00:00,0.0,IT.CAED/100752001.FACILITY,Ahlstrom-Munksjö Italia S.p.A.
2023-11-30 01:00:00,0.0,IT.CAED/100752001.FACILITY,Ahlstrom-Munksjö Italia S.p.A.
2023-11-30 02:00:00,0.0,IT.CAED/100752001.FACILITY,Ahlstrom-Munksjö Italia S.p.A.
2023-11-30 03:00:00,0.0,IT.CAED/100752001.FACILITY,Ahlstrom-Munksjö Italia S.p.A.
2023-11-30 04:00:00,0.0,IT.CAED/100752001.FACILITY,Ahlstrom-Munksjö Italia S.p.A.
2023-11-30 05:00:00,0.0,IT.CAED/100752001.FACILITY,Ahlstrom-Munksjö Italia S.p.A.
2023-11-30 06:00:00,0.0,IT.CAED/100752001.FACILITY,Ahlstrom-Munksjö Italia S.p.A.
2023-11-30 07:00:00,0.0,IT.CAED/100752001.FACILITY,Ahlstrom-Munksjö Italia S.p.A.
2023-11-30 08:00:00,0.0035600000000000002,IT.CAED/100752001.FACILITY,Ahlstrom-Munksjö Italia S.p.A.
2023-11-30 09:00:00,0.01788,IT.CAED/100752001.FACILITY,Ahlstrom-Munksjö Italia S.p.A.
2023-11-30 10:00:00,0.044020000000000004,IT.CAED/100752001.FACILITY,Ahlstrom-Munksjö Italia S.p.A.
2023-11-30 11:00:00,0.10142,IT.CAED/100752001.FACILITY,Ahlstrom-Munksjö Italia S.p.A.
2023-11-30 12:00:00,0.12916,IT.CAED/100752001.FACILITY,Ahlstrom-Munksjö Italia S.p.A.
2023-11-30 13:00:00,0.13184,IT.CAED/100752001.FACILITY,Ahlstrom-Munksjö Italia S.p.A.
2023-11-30 14:00:00,0.10061,IT.CAED/100752001.FACILITY,Ahlstrom-Munksjö Italia S.p.A.
2023-11-30 15:00:00,0.07518000000000001,IT.CAED/100752001.FACILITY,Ahlstrom-Munksjö Italia S.p.A.
2023-11-30 16:00:00,0.0015300000000000001,IT.CAED/100752001.FACILITY,Ahlstrom-Munksjö Italia S.p.A.
2023-11-30 17:00:00,0.0,IT.CAED/100752001.FACILITY,Ahlstrom-Munksjö Italia S.p.A.
2023-11-30 18:00:00,0.0,IT.CAED/100752001.FACILITY,Ahlstrom-Munksjö Italia S.p.A.
2023-11-30 19:00:00,0.0,IT.CAED/100752001.FACILITY,Ahlstrom-Munksjö Italia S.p.A.
2023-11-30 20:00:00,0.0,IT.CAED/100752001.FACILITY,Ahlstrom-Munksjö Italia S.p.A.
2023-11-30 21:00:00,0.0,IT.CAED/100752001.FACILITY,Ahlstrom-Munksjö Italia S.p.A.
2023-11-30 22:00:00,0.0,IT.CAED/100752001.FACILITY,Ahlstrom-Munksjö Italia S.p.A.
2023-11-30 23:00:00,0.0,IT.CAED/100752001.FACILITY,Ahlstrom-Munksjö Italia S.p.A.
2023-12-01 00:00:00,0.0,IT.CAED/100752001.FACILITY,Ahlstrom-Munksjö Italia S.p.A.
2023-12-01 01:00:00,0.0,IT.CAED/100752001.FACILITY,Ahlstrom-Munksjö Italia S.p.A.
2023-12-01 02:00:00,0.0,IT.CAED/100752001.FACILITY,Ahlstrom-Munksjö Italia S.p.A.
2023-12-01 03:00:00,0.0,IT.CAED/100752001.FACILITY,Ahlstrom-Munksjö Italia S.p.A.
2023-12-01 04:00:00,0.0,IT.CAED/100752001.FACILITY,Ahlstrom-Munksjö Italia S.p.A.
2023-12-01 05:00:00,0.0,IT.CAED/100752001.FACILITY,Ahlstrom-Munksjö Italia S.p.A.
2023-12-01 06:00:00,0.0,IT.CAED/100752001.FACILITY,Ahlstrom-Munksjö Italia S.p.A.
2023-12-01 07:00:00,0.0,IT.CAED/100752001.FACILITY,Ahlstrom-Munksjö Italia S.p.A.
2023-12-01 08:00:00,0.01481,IT.CAED/100752001.FACILITY,Ahlstrom-Munksjö Italia S.p.A.
2023-12-01 09:00:00,0.05872,IT.CAED/100752001.FACILITY,Ahlstrom-Munksjö Italia S.p.A.
2023-12-01 10:00:00,0.11084000000000001,IT.CAED/100752001.FACILITY,Ahlstrom-Munksjö Italia S.p.A.
2023-12-01 11:00:00,0.11537,IT.CAED/100752001.FACILITY,Ahlstrom-Munksjö Italia S.p.A.
2023-12-01 12:00:00,0.17418,IT.CAED/100752001.FACILITY,Ahlstrom-Munksjö Italia S.p.A.
2023-12-01 13:00:00,0.07409,IT.CAED/100752001.FACILITY,Ahlstrom-Munksjö Italia S.p.A.
2023-12-01 14:00:00,0.04489,IT.CAED/100752001.FACILITY,Ahlstrom-Munksjö Italia S.p.A.
2023-12-01 15:00:00,0.02207,IT.CAED/100752001.FACILITY,Ahlstrom-Munksjö Italia S.p.A.
2023-12-01 16:00:00,0.0,IT.CAED/100752001.FACILITY,Ahlstrom-Munksjö Italia S.p.A.
2023-12-01 17:00:00,0.0,IT.CAED/100752001.FACILITY,Ahlstrom-Munksjö Italia S.p.A.
2023-12-01 18:00:00,0.0,IT.CAED/100752001.FACILITY,Ahlstrom-Munksjö Italia S.p.A.
2023-12-01 19:00:00,0.0,IT.CAED/100752001.FACILITY,Ahlstrom-Munksjö Italia S.p.A.
2023-12-01 20:00:00,0.0,IT.CAED/100752001.FACILITY,Ahlstrom-Munksjö Italia S.p.A.
2023-12-01 21:00:00,0.0,IT.CAED/100752001.FACILITY,Ahlstrom-Munksjö Italia S.p.A.
2023-12-01 22:00:00,0.0,IT.CAED/100752001.FACILITY,Ahlstrom-Munksjö Italia S.p.A.
2023-12-01 23:00:00,0.0,IT.CAED/100752001.FACILITY,Ahlstrom-Munksjö Italia S.p.A.
2023-12-02 00:00:00,0.0,IT.CAED/100752001.FACILITY,Ahlstrom-Munksjö Italia S.p.A.
2023-12-02 01:00:00,0.0,IT.CAED/100752001.FACILITY,Ahlstrom-Munksjö Italia S.p.A.
2023-12-02 02:00:00,0.0,IT.CAED/100752001.FACILITY,Ahlstrom-Munksjö Italia S.p.A.
2023-12-02 03:00:00,0.0,IT.CAED/100752001.FACILITY,Ahlstrom-Munksjö Italia S.p.A.
2023-12-02 04:00:00,0.0,IT.CAED/100752001.FACILITY,Ahlstrom-Munksjö Italia S.p.A.
2023-12-02 05:00:00,0.0,IT.CAED/100752001.FACILITY,Ahlstrom-Munksjö Italia S.p.A.
2023-12-02 06:00:00,0.0,IT.CAED/100752001.FACILITY,Ahlstrom-Munksjö Italia S.p.A.
2023-12-02 07:00:00,0.0,IT.CAED/100752001.FACILITY,Ahlstrom-Munksjö Italia S.p.A.
2023-12-02 08:00:00,0.0067800000000000004,IT.CAED/100752001.FACILITY,Ahlstrom-Munksjö Italia S.p.A.
2023-12-02 09:00:00,0.04362,IT.CAED/100752001.FACILITY,Ahlstrom-Munksjö Italia S.p.A.
2023-12-02 10:00:00,0.13205,IT.CAED/100752001.FACILITY,Ahlstrom-Munksjö Italia S.p.A.
2023-12-02 11:00:00,0.28876,IT.CAED/100752001.FACILITY,Ahlstrom-Munksjö Italia S.p.A.
2023-12-02 12:00:00,0.53816,IT.CAED/100752001.FACILITY,Ahlstrom-Munksjö Italia S.p.A.
2023-12-02 13:00:00,0.72208,IT.CAED/100752001.FACILITY,Ahlstrom-Munksjö Italia S.p.A.
2023-12-02 14:00:00,0.65943,IT.CAED/100752001.FACILITY,Ahlstrom-Munksjö Italia S.p.A.
2023-12-02 15:00:00,0.43854000000000004,IT.CAED/100752001.FACILITY,Ahlstrom-Munksjö Italia S.p.A.
2023-12-02 16:00:00,0.0014299999999999998,IT.CAED/100752001.FACILITY,Ahlstrom-Munksjö Italia S.p.A.
2023-12-02 17:00:00,0.0,IT.CAED/100752001.FACILITY,Ahlstrom-Munksjö Italia S.p.A.
2023-12-02 18:00:00,0.0,IT.CAED/100752001.FACILITY,Ahlstrom-Munksjö Italia S.p.A.
2023-12-02 19:00:00,0.0,IT.CAED/100752001.FACILITY,Ahlstrom-Munksjö Italia S.p.A.
2023-12-02 20:00:00,0.0,IT.CAED/100752001.FACILITY,Ahlstrom-Munksjö Italia S.p.A.
2023-12-02 21:00:00,0.0,IT.CAED/100752001.FACILITY,Ahlstrom-Munksjö Italia S.p.A.
2023-12-02 22:00:00,0.0,IT.CAED/100752001.FACILITY,Ahlstrom-Munksjö Italia S.p.A.
2023-12-02 23:00:00,0.0,IT.CAED/100752001.FACILITY,Ahlstrom-Munksjö Italia S.p.A.
2023-12-03 00:00:00,0.0,IT.CAED/100752001.FACILITY,Ahlstrom-Munksjö Italia S.p.A.
2023-12-03 01:00:00,0.0,IT.CAED/100752001.FACILITY,Ahlstrom-Munksjö Italia S.p.A.
2023-12-03 02:00:00,0.0,IT.CAED/100752001.FACILITY,Ahlstrom-Munksjö Italia S.p.A.
2023-12-03 03:00:00,0.0,IT.CAED/100752001.FACILITY,Ahlstrom-Munksjö Italia S.p.A.
2023-12-03 04:00:00,0.0,IT.CAED/100752001.FACILITY,Ahlstrom-Munksjö Italia S.p.A.
2023-12-03 05:00:00,0.0,IT.CAED/100752001.FACILITY,Ahlstrom-Munksjö Italia S.p.A.
2023-12-03 06:00:00,0.0,IT.CAED/100752001.FACILITY,Ahlstrom-Munksjö Italia S.p.A.
2023-12-03 07:00:00,0.0,IT.CAED/100752001.FACILITY,Ahlstrom-Munksjö Italia S.p.A.
2023-12-03 08:00:00,0.24515,IT.CAED/100752001.FACILITY,Ahlstrom-Munksjö Italia S.p.A.
2023-12-03 09:00:00,0.54588,IT.CAED/100752001.FACILITY,Ahlstrom-Munksjö Italia S.p.A.
2023-12-03 10:00:00,0.7431,IT.CAED/100752001.FACILITY,Ahlstrom-Munksjö Italia S.p.A.
2023-12-03 11:00:00,0.8256,IT.CAED/100752001.FACILITY,Ahlstrom-Munksjö Italia S.p.A.
2023-12-03 12:00:00,0.8443200000000001,IT.CAED/100752001.FACILITY,Ahlstrom-Munksjö Italia S.p.A.
2023-12-03 13:00:00,0.80006,IT.CAED/100752001.FACILITY,Ahlstrom-Munksjö Italia S.p.A.
2023-12-03 14:00:00,0.65692,IT.CAED/100752001.FACILITY,Ahlstrom-Munksjö Italia S.p.A.
2023-12-03 15:00:00,0.42194,IT.CAED/100752001.FACILITY,Ahlstrom-Munksjö Italia S.p.A.
2023-12-03 16:00:00,0.0014199999999999998,IT.CAED/100752001.FACILITY,Ahlstrom-Munksjö Italia S.p.A.
2023-12-03 17:00:00,0.0,IT.CAED/100752001.FACILITY,Ahlstrom-Munksjö Italia S.p.A.
2023-12-03 18:00:00,0.0,IT.CAED/100752001.FACILITY,Ahlstrom-Munksjö Italia S.p.A.
2023-12-03 19:00:00,0.0,IT.CAED/100752001.FACILITY,Ahlstrom-Munksjö Italia S.p.A.
2023-12-03 20:00:00,0.0,IT.CAED/100752001.FACILITY,Ahlstrom-Munksjö Italia S.p.A.
2023-12-03 21:00:00,0.0,IT.CAED/100752001.FACILITY,Ahlstrom-Munksjö Italia S.p.A.
2023-12-03 22:00:00,0.0,IT.CAED/100752001.FACILITY,Ahlstrom-Munksjö Italia S.p.A.
2023-12-03 23:00:00,0.0,IT.CAED/100752001.FACILITY,Ahlstrom-Munksjö Italia S.p.A.
2023-12-04 00:00:00,0.0,IT.CAED/100752001.FACILITY,Ahlstrom-Munksjö Italia S.p.A.
2023-12-04 01:00:00,0.0,IT.CAED/100752001.FACILITY,Ahlstrom-Munksjö Italia S.p.A.
2023-12-04 02:00:00,0.0,IT.CAED/100752001.FACILITY,Ahlstrom-Munksjö Italia S.p.A.
2023-12-04 03:00:00,0.0,IT.CAED/100752001.FACILITY,Ahlstrom-Munksjö Italia S.p.A.
2023-12-04 04:00:00,0.0,IT.CAED/100752001.FACILITY,Ahlstrom-Munksjö Italia S.p.A.
2023-12-04 05:00:00,0.0,IT.CAED/100752001.FACILITY,Ahlstrom-Munksjö Italia S.p.A.
2023-12-04 06:00:00,0.0,IT.CAED/100752001.FACILITY,Ahlstrom-Munksjö Italia S.p.A.
2023-12-04 07:00:00,0.0,IT.CAED/100752001.FACILITY,Ahlstrom-Munksjö Italia S.p.A.
2023-12-04 08:00:00,0.0061600000000000005,IT.CAED/100752001.FACILITY,Ahlstrom-Munksjö Italia S.p.A.
2023-12-04 09:00:00,0.05496,IT.CAED/100752001.FACILITY,Ahlstrom-Munksjö Italia S.p.A.
2023-12-04 10:00:00,0.12947,IT.CAED/100752001.FACILITY,Ahlstrom-Munksjö Italia S.p.A.
2023-12-04 11:00:00,0.17077,IT.CAED/100752001.FACILITY,Ahlstrom-Munksjö Italia S.p.A.
2023-12-04 12:00:00,0.10112,IT.CAED/100752001.FACILITY,Ahlstrom-Munksjö Italia S.p.A.
2023-12-04 13:00:00,0.043859999999999996,IT.CAED/100752001.FACILITY,Ahlstrom-Munksjö Italia S.p.A.
2023-12-04 14:00:00,0.03073,IT.CAED/100752001.FACILITY,Ahlstrom-Munksjö Italia S.p.A.
2023-12-04 15:00:00,0.01359,IT.CAED/100752001.FACILITY,Ahlstrom-Munksjö Italia S.p.A.
2023-12-04 16:00:00,0.0,IT.CAED/100752001.FACILITY,Ahlstrom-Munksjö Italia S.p.A.
2023-12-04 17:00:00,0.0,IT.CAED/100752001.FACILITY,Ahlstrom-Munksjö Italia S.p.A.
2023-12-04 18:00:00,0.0,IT.CAED/100752001.FACILITY,Ahlstrom-Munksjö Italia S.p.A.
2023-12-04 19:00:00,0.0,IT.CAED/100752001.FACILITY,Ahlstrom-Munksjö Italia S.p.A.
2023-12-04 20:00:00,0.0,IT.CAED/100752001.FACILITY,Ahlstrom-Munksjö Italia S.p.A.
2023-12-04 21:00:00,0.0,IT.CAED/100752001.FACILITY,Ahlstrom-Munksjö Italia S.p.A.
2023-12-04 22:00:00,0.0,IT.CAED/100752001.FACILITY,Ahlstrom-Munksjö Italia S.p.A.
2023-12-04 23:00:00,0.0,IT.CAED/100752001.FACILITY,Ahlstrom-Munksjö Italia S.p.A.
2023-12-05 00:00:00,0.0,IT.CAED/100752001.FACILITY,Ahlstrom-Munksjö Italia S.p.A.
2023-12-05 01:00:00,0.0,IT.CAED/100752001.FACILITY,Ahlstrom-Munksjö Italia S.p.A.
2023-12-05 02:00:00,0.0,IT.CAED/100752001.FACILITY,Ahlstrom-Munksjö Italia S.p.A.
2023-12-05 03:00:00,0.0,IT.CAED/100752001.FACILITY,Ahlstrom-Munksjö Italia S.p.A.
2023-12-05 04:00:00,0.0,IT.CAED/100752001.FACILITY,Ahlstrom-Munksjö Italia S.p.A.
2023-12-05 05:00:00,0.0,IT.CAED/100752001.FACILITY,Ahlstrom-Munksjö Italia S.p.A.
2023-12-05 06:00:00,0.0,IT.CAED/100752001.FACILITY,Ahlstrom-Munksjö Italia S.p.A.
2023-12-05 07:00:00,0.0,IT.CAED/100752001.FACILITY,Ahlstrom-Munksjö Italia S.p.A.
2023-12-05 08:00:00,0.11045,IT.CAED/100752001.FACILITY,Ahlstrom-Munksjö Italia S.p.A.
2023-12-05 09:00:00,0.43513999999999997,IT.CAED/100752001.FACILITY,Ahlstrom-Munksjö Italia S.p.A.
2023-12-05 10:00:00,0.6856599999999999,IT.CAED/100752001.FACILITY,Ahlstrom-Munksjö Italia S.p.A.
2023-12-05 11:00:00,0.80822,IT.CAED/100752001.FACILITY,Ahlstrom-Munksjö Italia S.p.A.
2023-12-05 12:00:00,0.8338,IT.CAED/100752001.FACILITY,Ahlstrom-Munksjö Italia S.p.A.
2023-12-05 13:00:00,0.7704099999999999,IT.CAED/100752001.FACILITY,Ahlstrom-Munksjö Italia S.p.A.
2023-12-05 14:00:00,0.6376499999999999,IT.CAED/100752001.FACILITY,Ahlstrom-Munksjö Italia S.p.A.
2023-12-05 15:00:00,0.41443,IT.CAED/100752001.FACILITY,Ahlstrom-Munksjö Italia S.p.A.
2023-12-05 16:00:00,0.00135,IT.CAED/100752001.FACILITY,Ahlstrom-Munksjö Italia S.p.A.
2023-12-05 17:00:00,0.0,IT.CAED/100752001.FACILITY,Ahlstrom-Munksjö Italia S.p.A.
2023-12-05 18:00:00,0.0,IT.CAED/100752001.FACILITY,Ahlstrom-Munksjö Italia S.p.A.
2023-12-05 19:00:00,0.0,IT.CAED/100752001.FACILITY,Ahlstrom-Munksjö Italia S.p.A.
2023-12-05 20:00:00,0.0,IT.CAED/100752001.FACILITY,Ahlstrom-Munksjö Italia S.p.A.
2023-12-05 21:00:00,0.0,IT.CAED/100752001.FACILITY,Ahlstrom-Munksjö Italia S.p.A.
2023-12-05 22:00:00,0.0,IT.CAED/100752001.FACILITY,Ahlstrom-Munksjö Italia S.p.A.
2023-12-05 23:00:00,0.0,IT.CAED/100752001.FACILITY,Ahlstrom-Munksjö Italia S.p.A.
2023-12-06 00:00:00,0.0,IT.CAED/100752001.FACILITY,Ahlstrom-Munksjö Italia S.p.A.
2023-12-06 01:00:00,0.0,IT.CAED/100752001.FACILITY,Ahlstrom-Munksjö Italia S.p.A.
2023-12-06 02:00:00,0.0,IT.CAED/100752001.FACILITY,Ahlstrom-Munksjö Italia S.p.A.
2023-12-06 03:00:00,0.0,IT.CAED/100752001.FACILITY,Ahlstrom-Munksjö Italia S.p.A.
2023-12-06 04:00:00,0.0,IT.CAED/100752001.FACILITY,Ahlstrom-Munksjö Italia S.p.A.
2023-12-06 05:00:00,0.0,IT.CAED/100752001.FACILITY,Ahlstrom-Munksjö Italia S.p.A.
2023-12-06 06:00:00,0.0,IT.CAED/100752001.FACILITY,Ahlstrom-Munksjö Italia S.p.A.
2023-12-06 07:00:00,0.0,IT.CAED/100752001.FACILITY,Ahlstrom-Munksjö Italia S.p.A.
2023-12-06 08:00:00,0.25169,IT.CAED/100752001.FACILITY,Ahlstrom-Munksjö Italia S.p.A.
2023-12-06 09:00:00,0.5531699999999999,IT.CAED/100752001.FACILITY,Ahlstrom-Munksjö Italia S.p.A.
2023-12-06 10:00:00,0.74022,IT.CAED/100752001.FACILITY,Ahlstrom-Munksjö Italia S.p.A.
2023-12-06 11:00:00,0.82705,IT.CAED/100752001.FACILITY,Ahlstrom-Munksjö Italia S.p.A.
2023-12-06 12:00:00,0.82986,IT.CAED/100752001.FACILITY,Ahlstrom-Munksjö Italia S.p.A.
2023-12-06 13:00:00,0.76962,IT.CAED/100752001.FACILITY,Ahlstrom-Munksjö Italia S.p.A.
2023-12-06 14:00:00,0.63266,IT.CAED/100752001.FACILITY,Ahlstrom-Munksjö Italia S.p.A.
2023-12-06 15:00:00,0.40714,IT.CAED/100752001.FACILITY,Ahlstrom-Munksjö Italia S.p.A.
2023-12-06 16:00:00,0.0014,IT.CAED/100752001.FACILITY,Ahlstrom-Munksjö Italia S.p.A.
2023-12-06 17:00:00,0.0,IT.CAED/100752001.FACILITY,Ahlstrom-Munksjö Italia S.p.A.
2023-12-06 18:00:00,0.0,IT.CAED/100752001.FACILITY,Ahlstrom-Munksjö Italia S.p.A.
2023-12-06 19:00:00,0.0,IT.CAED/100752001.FACILITY,Ahlstrom-Munksjö Italia S.p.A.
2023-12-06 20:00:00,0.0,IT.CAED/100752001.FACILITY,Ahlstrom-Munksjö Italia S.p.A.
2023-12-06 21:00:00,0.0,IT.CAED/100752001.FACILITY,Ahlstrom-Munksjö Italia S.p.A.
2023-12-06 22:00:00,0.0,IT.CAED/100752001.FACILITY,Ahlstrom-Munksjö Italia S.p.A.
2023-12-06 23:00:00,0.0,IT.CAED/100752001.FACILITY,Ahlstrom-Munksjö Italia S.p.A.
2023-12-07 00:00:00,0.0,IT.CAED/100752001.FACILITY,Ahlstrom-Munksjö Italia S.p.A.
2023-12-07 01:00:00,0.0,IT.CAED/100752001.FACILITY,Ahlstrom-Munksjö Italia S.p.A.
2023-12-07 02:00:00,0.0,IT.CAED/100752001.FACILITY,Ahlstrom-Munksjö Italia S.p.A.
2023-12-07 03:00:00,0.0,IT.CAED/100752001.FACILITY,Ahlstrom-Munksjö Italia S.p.A.
2023-12-07 04:00:00,0.0,IT.CAED/100752001.FACILITY,Ahlstrom-Munksjö Italia S.p.A.
2023-12-07 05:00:00,0.0,IT.CAED/100752001.FACILITY,Ahlstrom-Munksjö Italia S.p.A.
2023-12-07 06:00:00,0.0,IT.CAED/100752001.FACILITY,Ahlstrom-Munksjö Italia S.p.A.
2023-12-07 07:00:00,0.0,IT.CAED/100752001.FACILITY,Ahlstrom-Munksjö Italia S.p.A.
2023-12-07 08:00:00,0.2465,IT.CAED/100752001.FACILITY,Ahlstrom-Munksjö Italia S.p.A.
2023-12-07 09:00:00,0.53108,IT.CAED/100752001.FACILITY,Ahlstrom-Munksjö Italia S.p.A.
2023-12-07 10:00:00,0.69108,IT.CAED/100752001.FACILITY,Ahlstrom-Munksjö Italia S.p.A.
2023-12-07 11:00:00,0.74664,IT.CAED/100752001.FACILITY,Ahlstrom-Munksjö Italia S.p.A.
2023-12-07 12:00:00,0.77824,IT.CAED/100752001.FACILITY,Ahlstrom-Munksjö Italia S.p.A.
2023-12-07 13:00:00,0.69605,IT.CAED/100752001.FACILITY,Ahlstrom-Munksjö Italia S.p.A.
2023-12-07 14:00:00,0.49069999999999997,IT.CAED/100752001.FACILITY,Ahlstrom-Munksjö Italia S.p.A.
2023-12-07 15:00:00,0.28067000000000003,IT.CAED/100752001.FACILITY,Ahlstrom-Munksjö Italia S.p.A.
2023-12-07 16:00:00,0.00265,IT.CAED/100752001.FACILITY,Ahlstrom-Munksjö Italia S.p.A.
2023-12-07 17:00:00,0.0,IT.CAED/100752001.FACILITY,Ahlstrom-Munksjö Italia S.p.A.
2023-12-07 18:00:00,0.0,IT.CAED/100752001.FACILITY,Ahlstrom-Munksjö Italia S.p.A.
2023-12-07 19:00:00,0.0,IT.CAED/100752001.FACILITY,Ahlstrom-Munksjö Italia S.p.A.
2023-12-07 20:00:00,0.0,IT.CAED/100752001.FACILITY,Ahlstrom-Munksjö Italia S.p.A.
2023-12-07 21:00:00,0.0,IT.CAED/100752001.FACILITY,Ahlstrom-Munksjö Italia S.p.A.
2023-12-07 22:00:00,0.0,IT.CAED/100752001.FACILITY,Ahlstrom-Munksjö Italia S.p.A.
2023-12-07 23:00:00,0.0,IT.CAED/100752001.FACILITY,Ahlstrom-Munksjö Italia S.p.A.
2023-12-08 00:00:00,0.0,IT.CAED/100752001.FACILITY,Ahlstrom-Munksjö Italia S.p.A.
2023-12-08 01:00:00,0.0,IT.CAED/100752001.FACILITY,Ahlstrom-Munksjö Italia S.p.A.
2023-12-08 02:00:00,0.0,IT.CAED/100752001.FACILITY,Ahlstrom-Munksjö Italia S.p.A.
2023-12-08 03:00:00,0.0,IT.CAED/100752001.FACILITY,Ahlstrom-Munksjö Italia S.p.A.
2023-12-08 04:00:00,0.0,IT.CAED/100752001.FACILITY,Ahlstrom-Munksjö Italia S.p.A.
2023-12-08 05:00:00,0.0,IT.CAED/100752001.FACILITY,Ahlstrom-Munksjö Italia S.p.A.
2023-12-08 06:00:00,0.0,IT.CAED/100752001.FACILITY,Ahlstrom-Munksjö Italia S.p.A.
2023-12-08 07:00:00,0.0,IT.CAED/100752001.FACILITY,Ahlstrom-Munksjö Italia S.p.A.
2023-12-08 08:00:00,0.00248,IT.CAED/100752001.FACILITY,Ahlstrom-Munksjö Italia S.p.A.
2023-12-08 09:00:00,0.02497,IT.CAED/100752001.FACILITY,Ahlstrom-Munksjö Italia S.p.A.
2023-12-08 10:00:00,0.05917,IT.CAED/100752001.FACILITY,Ahlstrom-Munksjö Italia S.p.A.
2023-12-08 11:00:00,0.06631999999999999,IT.CAED/100752001.FACILITY,Ahlstrom-Munksjö Italia S.p.A.
2023-12-08 12:00:00,0.07044,IT.CAED/100752001.FACILITY,Ahlstrom-Munksjö Italia S.p.A.
2023-12-08 13:00:00,0.062490000000000004,IT.CAED/100752001.FACILITY,Ahlstrom-Munksjö Italia S.p.A.
2023-12-08 14:00:00,0.032240000000000005,IT.CAED/100752001.FACILITY,Ahlstrom-Munksjö Italia S.p.A.
2023-12-08 15:00:00,0.01108,IT.CAED/100752001.FACILITY,Ahlstrom-Munksjö Italia S.p.A.
2023-12-08 16:00:00,0.0,IT.CAED/100752001.FACILITY,Ahlstrom-Munksjö Italia S.p.A.
2023-12-08 17:00:00,0.0,IT.CAED/100752001.FACILITY,Ahlstrom-Munksjö Italia S.p.A.
2023-12-08 18:00:00,0.0,IT.CAED/100752001.FACILITY,Ahlstrom-Munksjö Italia S.p.A.
2023-12-08 19:00:00,0.0,IT.CAED/100752001.FACILITY,Ahlstrom-Munksjö Italia S.p.A.
2023-12-08 20:00:00,0.0,IT.CAED/100752001.FACILITY,Ahlstrom-Munksjö Italia S.p.A.
2023-12-08 21:00:00,0.0,IT.CAED/100752001.FACILITY,Ahlstrom-Munksjö Italia S.p.A.
2023-12-08 22:00:00,0.0,IT.CAED/100752001.FACILITY,Ahlstrom-Munksjö Italia S.p.A.
2023-12-08 23:00:00,0.0,IT.CAED/100752001.FACILITY,Ahlstrom-Munksjö Italia S.p.A.
2023-12-09 00:00:00,0.0,IT.CAED/100752001.FACILITY,Ahlstrom-Munksjö Italia S.p.A.
2023-12-09 01:00:00,0.0,IT.CAED/100752001.FACILITY,Ahlstrom-Munksjö Italia S.p.A.
2023-12-09 02:00:00,0.0,IT.CAED/100752001.FACILITY,Ahlstrom-Munksjö Italia S.p.A.
2023-12-09 03:00:00,0.0,IT.CAED/100752001.FACILITY,Ahlstrom-Munksjö Italia S.p.A.
2023-12-09 04:00:00,0.0,IT.CAED/100752001.FACILITY,Ahlstrom-Munksjö Italia S.p.A.
2023-12-09 05:00:00,0.0,IT.CAED/100752001.FACILITY,Ahlstrom-Munksjö Italia S.p.A.
2023-12-09 06:00:00,0.0,IT.CAED/100752001.FACILITY,Ahlstrom-Munksjö Italia S.p.A.
2023-12-09 07:00:00,0.0,IT.CAED/100752001.FACILITY,Ahlstrom-Munksjö Italia S.p.A.
2023-12-09 08:00:00,0.08462,IT.CAED/100752001.FACILITY,Ahlstrom-Munksjö Italia S.p.A.
2023-12-09 09:00:00,0.29564,IT.CAED/100752001.FACILITY,Ahlstrom-Munksjö Italia S.p.A.
2023-12-09 10:00:00,0.43727,IT.CAED/100752001.FACILITY,Ahlstrom-Munksjö Italia S.p.A.
2023-12-09 11:00:00,0.16863,IT.CAED/100752001.FACILITY,Ahlstrom-Munksjö Italia S.p.A.
2023-12-09 12:00:00,0.14926,IT.CAED/100752001.FACILITY,Ahlstrom-Munksjö Italia S.p.A.
2023-12-09 13:00:00,0.15816999999999998,IT.CAED/100752001.FACILITY,Ahlstrom-Munksjö Italia S.p.A.
2023-12-09 14:00:00,0.19401,IT.CAED/100752001.FACILITY,Ahlstrom-Munksjö Italia S.p.A.
2023-12-09 15:00:00,0.13538,IT.CAED/100752001.FACILITY,Ahlstrom-Munksjö Italia S.p.A.
2023-12-09 16:00:00,0.0013700000000000001,IT.CAED/100752001.FACILITY,Ahlstrom-Munksjö Italia S.p.A.
2023-12-09 17:00:00,0.0,IT.CAED/100752001.FACILITY,Ahlstrom-Munksjö Italia S.p.A.
2023-12-09 18:00:00,0.0,IT.CAED/100752001.FACILITY,Ahlstrom-Munksjö Italia S.p.A.
2023-12-09 19:00:00,0.0,IT.CAED/100752001.FACILITY,Ahlstrom-Munksjö Italia S.p.A.
2023-12-09 20:00:00,0.0,IT.CAED/100752001.FACILITY,Ahlstrom-Munksjö Italia S.p.A.
2023-12-09 21:00:00,0.0,IT.CAED/100752001.FACILITY,Ahlstrom-Munksjö Italia S.p.A.
2023-12-09 22:00:00,0.0,IT.CAED/100752001.FACILITY,Ahlstrom-Munksjö Italia S.p.A.
2023-12-09 23:00:00,0.0,IT.CAED/100752001.FACILITY,Ahlstrom-Munksjö Italia S.p.A.
2023-12-10 00:00:00,0.0,IT.CAED/100752001.FACILITY,Ahlstrom-Munksjö Italia S.p.A.
2023-12-10 01:00:00,0.0,IT.CAED/100752001.FACILITY,Ahlstrom-Munksjö Italia S.p.A.
2023-12-10 02:00:00,0.0,IT.CAED/100752001.FACILITY,Ahlstrom-Munksjö Italia S.p.A.
2023-12-10 03:00:00,0.0,IT.CAED/100752001.FACILITY,Ahlstrom-Munksjö Italia S.p.A.
2023-12-10 04:00:00,0.0,IT.CAED/100752001.FACILITY,Ahlstrom-Munksjö Italia S.p.A.
2023-12-10 05:00:00,0.0,IT.CAED/100752001.FACILITY,Ahlstrom-Munksjö Italia S.p.A.
2023-12-10 06:00:00,0.0,IT.CAED/100752001.FACILITY,Ahlstrom-Munksjö Italia S.p.A.
2023-12-10 07:00:00,0.0,IT.CAED/100752001.FACILITY,Ahlstrom-Munksjö Italia S.p.A.
2023-12-10 08:00:00,0.14083,IT.CAED/100752001.FACILITY,Ahlstrom-Munksjö Italia S.p.A.
2023-12-10 09:00:00,0.39632999999999996,IT.CAED/100752001.FACILITY,Ahlstrom-Munksjö Italia S.p.A.
2023-12-10 10:00:00,0.58259,IT.CAED/100752001.FACILITY,Ahlstrom-Munksjö Italia S.p.A.
2023-12-10 11:00:00,0.67386,IT.CAED/100752001.FACILITY,Ahlstrom-Munksjö Italia S.p.A.
2023-12-10 12:00:00,0.6944600000000001,IT.CAED/100752001.FACILITY,Ahlstrom-Munksjö Italia S.p.A.
2023-12-10 13:00:00,0.70574,IT.CAED/100752001.FACILITY,Ahlstrom-Munksjö Italia S.p.A.
2023-12-10 14:00:00,0.6091,IT.CAED/100752001.FACILITY,Ahlstrom-Munksjö Italia S.p.A.
2023-12-10 15:00:00,0.33291000000000004,IT.CAED/100752001.FACILITY,Ahlstrom-Munksjö Italia S.p.A.
2023-12-10 16:00:00,0.00211,IT.CAED/100752001.FACILITY,Ahlstrom-Munksjö Italia S.p.A.
2023-12-10 17:00:00,0.0,IT.CAED/100752001.FACILITY,Ahlstrom-Munksjö Italia S.p.A.
2023-12-10 18:00:00,0.0,IT.CAED/100752001.FACILITY,Ahlstrom-Munksjö Italia S.p.A.
2023-12-10 19:00:00,0.0,IT.CAED/100752001.FACILITY,Ahlstrom-Munksjö Italia S.p.A.
2023-12-10 20:00:00,0.0,IT.CAED/100752001.FACILITY,Ahlstrom-Munksjö Italia S.p.A.
2023-12-10 21:00:00,0.0,IT.CAED/100752001.FACILITY,Ahlstrom-Munksjö Italia S.p.A.
2023-12-10 22:00:00,0.0,IT.CAED/100752001.FACILITY,Ahlstrom-Munksjö Italia S.p.A.
2023-12-10 23:00:00,0.0,IT.CAED/100752001.FACILITY,Ahlstrom-Munksjö Italia S.p.A.
2023-12-11 00:00:00,0.0,IT.CAED/100752001.FACILITY,Ahlstrom-Munksjö Italia S.p.A.
2023-12-11 01:00:00,0.0,IT.CAED/100752001.FACILITY,Ahlstrom-Munksjö Italia S.p.A.
2023-12-11 02:00:00,0.0,IT.CAED/100752001.FACILITY,Ahlstrom-Munksjö Italia S.p.A.
2023-12-11 03:00:00,0.0,IT.CAED/100752001.FACILITY,Ahlstrom-Munksjö Italia S.p.A.
2023-12-11 04:00:00,0.0,IT.CAED/100752001.FACILITY,Ahlstrom-Munksjö Italia S.p.A.
2023-12-11 05:00:00,0.0,IT.CAED/100752001.FACILITY,Ahlstrom-Munksjö Italia S.p.A.
2023-12-11 06:00:00,0.0,IT.CAED/100752001.FACILITY,Ahlstrom-Munksjö Italia S.p.A.
2023-12-11 07:00:00,0.0,IT.CAED/100752001.FACILITY,Ahlstrom-Munksjö Italia S.p.A.
2023-12-11 08:00:00,0.1098,IT.CAED/100752001.FACILITY,Ahlstrom-Munksjö Italia S.p.A.
2023-12-11 09:00:00,0.26095999999999997,IT.CAED/100752001.FACILITY,Ahlstrom-Munksjö Italia S.p.A.
2023-12-11 10:00:00,0.52813,IT.CAED/100752001.FACILITY,Ahlstrom-Munksjö Italia S.p.A.
2023-12-11 11:00:00,0.69859,IT.CAED/100752001.FACILITY,Ahlstrom-Munksjö Italia S.p.A.
2023-12-11 12:00:00,0.66631,IT.CAED/100752001.FACILITY,Ahlstrom-Munksjö Italia S.p.A.
2023-12-11 13:00:00,0.44375,IT.CAED/100752001.FACILITY,Ahlstrom-Munksjö Italia S.p.A.
2023-12-11 14:00:00,0.38344,IT.CAED/100752001.FACILITY,Ahlstrom-Munksjö Italia S.p.A.
2023-12-11 15:00:00,0.18039,IT.CAED/100752001.FACILITY,Ahlstrom-Munksjö Italia S.p.A.
2023-12-11 16:00:00,0.0015,IT.CAED/100752001.FACILITY,Ahlstrom-Munksjö Italia S.p.A.
2023-12-11 17:00:00,0.0,IT.CAED/100752001.FACILITY,Ahlstrom-Munksjö Italia S.p.A.
2023-12-11 18:00:00,0.0,IT.CAED/100752001.FACILITY,Ahlstrom-Munksjö Italia S.p.A.
2023-12-11 19:00:00,0.0,IT.CAED/100752001.FACILITY,Ahlstrom-Munksjö Italia S.p.A.
2023-12-11 20:00:00,0.0,IT.CAED/100752001.FACILITY,Ahlstrom-Munksjö Italia S.p.A.
2023-12-11 21:00:00,0.0,IT.CAED/100752001.FACILITY,Ahlstrom-Munksjö Italia S.p.A.
2023-12-11 22:00:00,0.0,IT.CAED/100752001.FACILITY,Ahlstrom-Munksjö Italia S.p.A.
2023-12-11 23:00:00,0.0,IT.CAED/100752001.FACILITY,Ahlstrom-Munksjö Italia S.p.A.
2023-12-12 00:00:00,0.0,IT.CAED/100752001.FACILITY,Ahlstrom-Munksjö Italia S.p.A.
2023-12-12 01:00:00,0.0,IT.CAED/100752001.FACILITY,Ahlstrom-Munksjö Italia S.p.A.
2023-12-12 02:00:00,0.0,IT.CAED/100752001.FACILITY,Ahlstrom-Munksjö Italia S.p.A.
2023-12-12 03:00:00,0.0,IT.CAED/100752001.FACILITY,Ahlstrom-Munksjö Italia S.p.A.
2023-12-12 04:00:00,0.0,IT.CAED/100752001.FACILITY,Ahlstrom-Munksjö Italia S.p.A.
2023-12-12 05:00:00,0.0,IT.CAED/100752001.FACILITY,Ahlstrom-Munksjö Italia S.p.A.
2023-12-12 06:00:00,0.0,IT.CAED/100752001.FACILITY,Ahlstrom-Munksjö Italia S.p.A.
2023-12-12 07:00:00,0.0,IT.CAED/100752001.FACILITY,Ahlstrom-Munksjö Italia S.p.A.
2023-12-12 08:00:00,0.03879,IT.CAED/100752001.FACILITY,Ahlstrom-Munksjö Italia S.p.A.
2023-12-12 09:00:00,0.13947,IT.CAED/100752001.FACILITY,Ahlstrom-Munksjö Italia S.p.A.
2023-12-12 10:00:00,0.48802999999999996,IT.CAED/100752001.FACILITY,Ahlstrom-Munksjö Italia S.p.A.
2023-12-12 11:00:00,0.59665,IT.CAED/100752001.FACILITY,Ahlstrom-Munksjö Italia S.p.A.
2023-12-12 12:00:00,0.62051,IT.CAED/100752001.FACILITY,Ahlstrom-Munksjö Italia S.p.A.
2023-12-12 13:00:00,0.50502,IT.CAED/100752001.FACILITY,Ahlstrom-Munksjö Italia S.p.A.
2023-12-12 14:00:00,0.45261,IT.CAED/100752001.FACILITY,Ahlstrom-Munksjö Italia S.p.A.
2023-12-12 15:00:00,0.08847,IT.CAED/100752001.FACILITY,Ahlstrom-Munksjö Italia S.p.A.
2023-12-12 16:00:00,0.0018700000000000001,IT.CAED/100752001.FACILITY,Ahlstrom-Munksjö Italia S.p.A.
2023-12-12 17:00:00,0.0,IT.CAED/100752001.FACILITY,Ahlstrom-Munksjö Italia S.p.A.
2023-12-12 18:00:00,0.0,IT.CAED/100752001.FACILITY,Ahlstrom-Munksjö Italia S.p.A.
2023-12-12 19:00:00,0.0,IT.CAED/100752001.FACILITY,Ahlstrom-Munksjö Italia S.p.A.
2023-12-12 20:00:00,0.0,IT.CAED/100752001.FACILITY,Ahlstrom-Munksjö Italia S.p.A.
2023-12-12 21:00:00,0.0,IT.CAED/100752001.FACILITY,Ahlstrom-Munksjö Italia S.p.A.
2023-12-12 22:00:00,0.0,IT.CAED/100752001.FACILITY,Ahlstrom-Munksjö Italia S.p.A.
2023-12-12 23:00:00,0.0,IT.CAED/100752001.FACILITY,Ahlstrom-Munksjö Italia S.p.A.
2023-12-13 00:00:00,0.0,IT.CAED/100752001.FACILITY,Ahlstrom-Munksjö Italia S.p.A.
2023-12-13 01:00:00,0.0,IT.CAED/100752001.FACILITY,Ahlstrom-Munksjö Italia S.p.A.
2023-12-13 02:00:00,0.0,IT.CAED/100752001.FACILITY,Ahlstrom-Munksjö Italia S.p.A.
2023-12-13 03:00:00,0.0,IT.CAED/100752001.FACILITY,Ahlstrom-Munksjö Italia S.p.A.
2023-12-13 04:00:00,0.0,IT.CAED/100752001.FACILITY,Ahlstrom-Munksjö Italia S.p.A.
2023-12-13 05:00:00,0.0,IT.CAED/100752001.FACILITY,Ahlstrom-Munksjö Italia S.p.A.
2023-12-13 06:00:00,0.0,IT.CAED/100752001.FACILITY,Ahlstrom-Munksjö Italia S.p.A.
2023-12-13 07:00:00,0.0,IT.CAED/100752001.FACILITY,Ahlstrom-Munksjö Italia S.p.A.
2023-12-13 08:00:00,0.01089,IT.CAED/100752001.FACILITY,Ahlstrom-Munksjö Italia S.p.A.
2023-12-13 09:00:00,0.07497,IT.CAED/100752001.FACILITY,Ahlstrom-Munksjö Italia S.p.A.
2023-12-13 10:00:00,0.19037,IT.CAED/100752001.FACILITY,Ahlstrom-Munksjö Italia S.p.A.
2023-12-13 11:00:00,0.28766,IT.CAED/100752001.FACILITY,Ahlstrom-Munksjö Italia S.p.A.
2023-12-13 12:00:00,0.592,IT.CAED/100752001.FACILITY,Ahlstrom-Munksjö Italia S.p.A.
2023-12-13 13:00:00,0.51854,IT.CAED/100752001.FACILITY,Ahlstrom-Munksjö Italia S.p.A.
2023-12-13 14:00:00,0.51287,IT.CAED/100752001.FACILITY,Ahlstrom-Munksjö Italia S.p.A.
2023-12-13 15:00:00,0.32844999999999996,IT.CAED/100752001.FACILITY,Ahlstrom-Munksjö Italia S.p.A.
2023-12-13 16:00:00,0.0016,IT.CAED/100752001.FACILITY,Ahlstrom-Munksjö Italia S.p.A.
2023-12-13 17:00:00,0.0,IT.CAED/100752001.FACILITY,Ahlstrom-Munksjö Italia S.p.A.
2023-12-13 18:00:00,0.0,IT.CAED/100752001.FACILITY,Ahlstrom-Munksjö Italia S.p.A.
2023-12-13 19:00:00,0.0,IT.CAED/100752001.FACILITY,Ahlstrom-Munksjö Italia S.p.A.
2023-12-13 20:00:00,0.0,IT.CAED/100752001.FACILITY,Ahlstrom-Munksjö Italia S.p.A.
2023-12-13 21:00:00,0.0,IT.CAED/100752001.FACILITY,Ahlstrom-Munksjö Italia S.p.A.
2023-12-13 22:00:00,0.0,IT.CAED/100752001.FACILITY,Ahlstrom-Munksjö Italia S.p.A.
2023-12-13 23:00:00,0.0,IT.CAED/100752001.FACILITY,Ahlstrom-Munksjö Italia S.p.A.
2023-12-14 00:00:00,0.0,IT.CAED/100752001.FACILITY,Ahlstrom-Munksjö Italia S.p.A.
2023-12-14 01:00:00,0.0,IT.CAED/100752001.FACILITY,Ahlstrom-Munksjö Italia S.p.A.
2023-12-14 02:00:00,0.0,IT.CAED/100752001.FACILITY,Ahlstrom-Munksjö Italia S.p.A.
2023-12-14 03:00:00,0.0,IT.CAED/100752001.FACILITY,Ahlstrom-Munksjö Italia S.p.A.
2023-12-14 04:00:00,0.0,IT.CAED/100752001.FACILITY,Ahlstrom-Munksjö Italia S.p.A.
2023-12-14 05:00:00,0.0,IT.CAED/100752001.FACILITY,Ahlstrom-Munksjö Italia S.p.A.
2023-12-14 06:00:00,0.0,IT.CAED/100752001.FACILITY,Ahlstrom-Munksjö Italia S.p.A.
2023-12-14 07:00:00,0.0,IT.CAED/100752001.FACILITY,Ahlstrom-Munksjö Italia S.p.A.
2023-12-14 08:00:00,0.08416,IT.CAED/100752001.FACILITY,Ahlstrom-Munksjö Italia S.p.A.
2023-12-14 09:00:00,0.29212,IT.CAED/100752001.FACILITY,Ahlstrom-Munksjö Italia S.p.A.
2023-12-14 10:00:00,0.60023,IT.CAED/100752001.FACILITY,Ahlstrom-Munksjö Italia S.p.A.
2023-12-14 11:00:00,0.7318600000000001,IT.CAED/100752001.FACILITY,Ahlstrom-Munksjö Italia S.p.A.
2023-12-14 12:00:00,0.80348,IT.CAED/100752001.FACILITY,Ahlstrom-Munksjö Italia S.p.A.
2023-12-14 13:00:00,0.76016,IT.CAED/100752001.FACILITY,Ahlstrom-Munksjö Italia S.p.A.
2023-12-14 14:00:00,0.6105,IT.CAED/100752001.FACILITY,Ahlstrom-Munksjö Italia S.p.A.
2023-12-14 15:00:00,0.3936,IT.CAED/100752001.FACILITY,Ahlstrom-Munksjö Italia S.p.A.
2023-12-14 16:00:00,0.00113,IT.CAED/100752001.FACILITY,Ahlstrom-Munksjö Italia S.p.A.
2023-12-14 17:00:00,0.0,IT.CAED/100752001.FACILITY,Ahlstrom-Munksjö Italia S.p.A.
2023-12-14 18:00:00,0.0,IT.CAED/100752001.FACILITY,Ahlstrom-Munksjö Italia S.p.A.
2023-12-14 19:00:00,0.0,IT.CAED/100752001.FACILITY,Ahlstrom-Munksjö Italia S.p.A.
2023-12-14 20:00:00,0.0,IT.CAED/100752001.FACILITY,Ahlstrom-Munksjö Italia S.p.A.
2023-12-14 21:00:00,0.0,IT.CAED/100752001.FACILITY,Ahlstrom-Munksjö Italia S.p.A.
2023-12-14 22:00:00,0.0,IT.CAED/100752001.FACILITY,Ahlstrom-Munksjö Italia S.p.A.
2023-12-14 23:00:00,0.0,IT.CAED/100752001.FACILITY,Ahlstrom-Munksjö Italia S.p.A.
2023-12-15 00:00:00,0.0,IT.CAED/100752001.FACILITY,Ahlstrom-Munksjö Italia S.p.A.
2023-12-15 01:00:00,0.0,IT.CAED/100752001.FACILITY,Ahlstrom-Munksjö Italia S.p.A.
2023-12-15 02:00:00,0.0,IT.CAED/100752001.FACILITY,Ahlstrom-Munksjö Italia S.p.A.
2023-12-15 03:00:00,0.0,IT.CAED/100752001.FACILITY,Ahlstrom-Munksjö Italia S.p.A.
2023-12-15 04:00:00,0.0,IT.CAED/100752001.FACILITY,Ahlstrom-Munksjö Italia S.p.A.
2023-12-15 05:00:00,0.0,IT.CAED/100752001.FACILITY,Ahlstrom-Munksjö Italia S.p.A.
2023-12-15 06:00:00,0.0,IT.CAED/100752001.FACILITY,Ahlstrom-Munksjö Italia S.p.A.
2023-12-15 07:00:00,0.0,IT.CAED/100752001.FACILITY,Ahlstrom-Munksjö Italia S.p.A.
2023-12-15 08:00:00,0.20912999999999998,IT.CAED/100752001.FACILITY,Ahlstrom-Munksjö Italia S.p.A.
2023-12-15 09:00:00,0.46043,IT.CAED/100752001.FACILITY,Ahlstrom-Munksjö Italia S.p.A.
2023-12-15 10:00:00,0.70129,IT.CAED/100752001.FACILITY,Ahlstrom-Munksjö Italia S.p.A.
2023-12-15 11:00:00,0.7962400000000001,IT.CAED/100752001.FACILITY,Ahlstrom-Munksjö Italia S.p.A.
2023-12-15 12:00:00,0.80289,IT.CAED/100752001.FACILITY,Ahlstrom-Munksjö Italia S.p.A.
2023-12-15 13:00:00,0.74195,IT.CAED/100752001.FACILITY,Ahlstrom-Munksjö Italia S.p.A.
2023-12-15 14:00:00,0.5996,IT.CAED/100752001.FACILITY,Ahlstrom-Munksjö Italia S.p.A.
2023-12-15 15:00:00,0.39961,IT.CAED/100752001.FACILITY,Ahlstrom-Munksjö Italia S.p.A.
2023-12-15 16:00:00,0.00135,IT.CAED/100752001.FACILITY,Ahlstrom-Munksjö Italia S.p.A.
2023-12-15 17:00:00,0.0,IT.CAED/100752001.FACILITY,Ahlstrom-Munksjö Italia S.p.A.
2023-12-15 18:00:00,0.0,IT.CAED/100752001.FACILITY,Ahlstrom-Munksjö Italia S.p.A.
2023-12-15 19:00:00,0.0,IT.CAED/100752001.FACILITY,Ahlstrom-Munksjö Italia S.p.A.
2023-12-15 20:00:00,0.0,IT.CAED/100752001.FACILITY,Ahlstrom-Munksjö Italia S.p.A.
2023-12-15 21:00:00,0.0,IT.CAED/100752001.FACILITY,Ahlstrom-Munksjö Italia S.p.A.
2023-12-15 22:00:00,0.0,IT.CAED/100752001.FACILITY,Ahlstrom-Munksjö Italia S.p.A.
2023-12-15 23:00:00,0.0,IT.CAED/100752001.FACILITY,Ahlstrom-Munksjö Italia S.p.A.
2023-12-16 00:00:00,0.0,IT.CAED/100752001.FACILITY,Ahlstrom-Munksjö Italia S.p.A.
2023-12-16 01:00:00,0.0,IT.CAED/100752001.FACILITY,Ahlstrom-Munksjö Italia S.p.A.
2023-12-16 02:00:00,0.0,IT.CAED/100752001.FACILITY,Ahlstrom-Munksjö Italia S.p.A.
2023-12-16 03:00:00,0.0,IT.CAED/100752001.FACILITY,Ahlstrom-Munksjö Italia S.p.A.
2023-12-16 04:00:00,0.0,IT.CAED/100752001.FACILITY,Ahlstrom-Munksjö Italia S.p.A.
2023-12-16 05:00:00,0.0,IT.CAED/100752001.FACILITY,Ahlstrom-Munksjö Italia S.p.A.
2023-12-16 06:00:00,0.0,IT.CAED/100752001.FACILITY,Ahlstrom-Munksjö Italia S.p.A.
2023-12-16 07:00:00,0.0,IT.CAED/100752001.FACILITY,Ahlstrom-Munksjö Italia S.p.A.
2023-12-16 08:00:00,0.20431,IT.CAED/100752001.FACILITY,Ahlstrom-Munksjö Italia S.p.A.
2023-12-16 09:00:00,0.48367,IT.CAED/100752001.FACILITY,Ahlstrom-Munksjö Italia S.p.A.
2023-12-16 10:00:00,0.6779700000000001,IT.CAED/100752001.FACILITY,Ahlstrom-Munksjö Italia S.p.A.
2023-12-16 11:00:00,0.76662,IT.CAED/100752001.FACILITY,Ahlstrom-Munksjö Italia S.p.A.
2023-12-16 12:00:00,0.79413,IT.CAED/100752001.FACILITY,Ahlstrom-Munksjö Italia S.p.A.
2023-12-16 13:00:00,0.74119,IT.CAED/100752001.FACILITY,Ahlstrom-Munksjö Italia S.p.A.
2023-12-16 14:00:00,0.61583,IT.CAED/100752001.FACILITY,Ahlstrom-Munksjö Italia S.p.A.
2023-12-16 15:00:00,0.39804,IT.CAED/100752001.FACILITY,Ahlstrom-Munksjö Italia S.p.A.
2023-12-16 16:00:00,0.0011899999999999999,IT.CAED/100752001.FACILITY,Ahlstrom-Munksjö Italia S.p.A.
2023-12-16 17:00:00,0.0,IT.CAED/100752001.FACILITY,Ahlstrom-Munksjö Italia S.p.A.
2023-12-16 18:00:00,0.0,IT.CAED/100752001.FACILITY,Ahlstrom-Munksjö Italia S.p.A.
2023-12-16 19:00:00,0.0,IT.CAED/100752001.FACILITY,Ahlstrom-Munksjö Italia S.p.A.
2023-12-16 20:00:00,0.0,IT.CAED/100752001.FACILITY,Ahlstrom-Munksjö Italia S.p.A.
2023-12-16 21:00:00,0.0,IT.CAED/100752001.FACILITY,Ahlstrom-Munksjö Italia S.p.A.
2023-12-16 22:00:00,0.0,IT.CAED/100752001.FACILITY,Ahlstrom-Munksjö Italia S.p.A.
2023-12-16 23:00:00,0.0,IT.CAED/100752001.FACILITY,Ahlstrom-Munksjö Italia S.p.A.
2023-12-17 00:00:00,0.0,IT.CAED/100752001.FACILITY,Ahlstrom-Munksjö Italia S.p.A.
2023-12-17 01:00:00,0.0,IT.CAED/100752001.FACILITY,Ahlstrom-Munksjö Italia S.p.A.
2023-12-17 02:00:00,0.0,IT.CAED/100752001.FACILITY,Ahlstrom-Munksjö Italia S.p.A.
2023-12-17 03:00:00,0.0,IT.CAED/100752001.FACILITY,Ahlstrom-Munksjö Italia S.p.A.
2023-12-17 04:00:00,0.0,IT.CAED/100752001.FACILITY,Ahlstrom-Munksjö Italia S.p.A.
2023-12-17 05:00:00,0.0,IT.CAED/100752001.FACILITY,Ahlstrom-Munksjö Italia S.p.A.
2023-12-17 06:00:00,0.0,IT.CAED/100752001.FACILITY,Ahlstrom-Munksjö Italia S.p.A.
2023-12-17 07:00:00,0.0,IT.CAED/100752001.FACILITY,Ahlstrom-Munksjö Italia S.p.A.
2023-12-17 08:00:00,0.15993000000000002,IT.CAED/100752001.FACILITY,Ahlstrom-Munksjö Italia S.p.A.
2023-12-17 09:00:00,0.37049,IT.CAED/100752001.FACILITY,Ahlstrom-Munksjö Italia S.p.A.
2023-12-17 10:00:00,0.58563,IT.CAED/100752001.FACILITY,Ahlstrom-Munksjö Italia S.p.A.
2023-12-17 11:00:00,0.67991,IT.CAED/100752001.FACILITY,Ahlstrom-Munksjö Italia S.p.A.
2023-12-17 12:00:00,0.76642,IT.CAED/100752001.FACILITY,Ahlstrom-Munksjö Italia S.p.A.
2023-12-17 13:00:00,0.7176,IT.CAED/100752001.FACILITY,Ahlstrom-Munksjö Italia S.p.A.
2023-12-17 14:00:00,0.60441,IT.CAED/100752001.FACILITY,Ahlstrom-Munksjö Italia S.p.A.
2023-12-17 15:00:00,0.39302,IT.CAED/100752001.FACILITY,Ahlstrom-Munksjö Italia S.p.A.
2023-12-17 16:00:00,0.00122,IT.CAED/100752001.FACILITY,Ahlstrom-Munksjö Italia S.p.A.
2023-12-17 17:00:00,0.0,IT.CAED/100752001.FACILITY,Ahlstrom-Munksjö Italia S.p.A.
2023-12-17 18:00:00,0.0,IT.CAED/100752001.FACILITY,Ahlstrom-Munksjö Italia S.p.A.
2023-12-17 19:00:00,0.0,IT.CAED/100752001.FACILITY,Ahlstrom-Munksjö Italia S.p.A.
2023-12-17 20:00:00,0.0,IT.CAED/100752001.FACILITY,Ahlstrom-Munksjö Italia S.p.A.
2023-12-17 21:00:00,0.0,IT.CAED/100752001.FACILITY,Ahlstrom-Munksjö Italia S.p.A.
2023-12-17 22:00:00,0.0,IT.CAED/100752001.FACILITY,Ahlstrom-Munksjö Italia S.p.A.
2023-12-17 23:00:00,0.0,IT.CAED/100752001.FACILITY,Ahlstrom-Munksjö Italia S.p.A.
2023-12-18 00:00:00,0.0,IT.CAED/100752001.FACILITY,Ahlstrom-Munksjö Italia S.p.A.
2023-12-18 01:00:00,0.0,IT.CAED/100752001.FACILITY,Ahlstrom-Munksjö Italia S.p.A.
2023-12-18 02:00:00,0.0,IT.CAED/100752001.FACILITY,Ahlstrom-Munksjö Italia S.p.A.
2023-12-18 03:00:00,0.0,IT.CAED/100752001.FACILITY,Ahlstrom-Munksjö Italia S.p.A.
2023-12-18 04:00:00,0.0,IT.CAED/100752001.FACILITY,Ahlstrom-Munksjö Italia S.p.A.
2023-12-18 05:00:00,0.0,IT.CAED/100752001.FACILITY,Ahlstrom-Munksjö Italia S.p.A.
2023-12-18 06:00:00,0.0,IT.CAED/100752001.FACILITY,Ahlstrom-Munksjö Italia S.p.A.
2023-12-18 07:00:00,0.0,IT.CAED/100752001.FACILITY,Ahlstrom-Munksjö Italia S.p.A.
2023-12-18 08:00:00,0.17125,IT.CAED/100752001.FACILITY,Ahlstrom-Munksjö Italia S.p.A.
2023-12-18 09:00:00,0.41787,IT.CAED/100752001.FACILITY,Ahlstrom-Munksjö Italia S.p.A.
2023-12-18 10:00:00,0.60262,IT.CAED/100752001.FACILITY,Ahlstrom-Munksjö Italia S.p.A.
2023-12-18 11:00:00,0.73901,IT.CAED/100752001.FACILITY,Ahlstrom-Munksjö Italia S.p.A.
2023-12-18 12:00:00,0.77178,IT.CAED/100752001.FACILITY,Ahlstrom-Munksjö Italia S.p.A.
2023-12-18 13:00:00,0.72142,IT.CAED/100752001.FACILITY,Ahlstrom-Munksjö Italia S.p.A.
2023-12-18 14:00:00,0.60123,IT.CAED/100752001.FACILITY,Ahlstrom-Munksjö Italia S.p.A.
2023-12-18 15:00:00,0.39316,IT.CAED/100752001.FACILITY,Ahlstrom-Munksjö Italia S.p.A.
2023-12-18 16:00:00,0.00124,IT.CAED/100752001.FACILITY,Ahlstrom-Munksjö Italia S.p.A.
2023-12-18 17:00:00,0.0,IT.CAED/100752001.FACILITY,Ahlstrom-Munksjö Italia S.p.A.
2023-12-18 18:00:00,0.0,IT.CAED/100752001.FACILITY,Ahlstrom-Munksjö Italia S.p.A.
2023-12-18 19:00:00,0.0,IT.CAED/100752001.FACILITY,Ahlstrom-Munksjö Italia S.p.A.
2023-12-18 20:00:00,0.0,IT.CAED/100752001.FACILITY,Ahlstrom-Munksjö Italia S.p.A.
2023-12-18 21:00:00,0.0,IT.CAED/100752001.FACILITY,Ahlstrom-Munksjö Italia S.p.A.
2023-12-18 22:00:00,0.0,IT.CAED/100752001.FACILITY,Ahlstrom-Munksjö Italia S.p.A.
2023-12-18 23:00:00,0.0,IT.CAED/100752001.FACILITY,Ahlstrom-Munksjö Italia S.p.A.
2023-12-19 00:00:00,0.0,IT.CAED/100752001.FACILITY,Ahlstrom-Munksjö Italia S.p.A.
2023-12-19 01:00:00,0.0,IT.CAED/100752001.FACILITY,Ahlstrom-Munksjö Italia S.p.A.
2023-12-19 02:00:00,0.0,IT.CAED/100752001.FACILITY,Ahlstrom-Munksjö Italia S.p.A.
2023-12-19 03:00:00,0.0,IT.CAED/100752001.FACILITY,Ahlstrom-Munksjö Italia S.p.A.
2023-12-19 04:00:00,0.0,IT.CAED/100752001.FACILITY,Ahlstrom-Munksjö Italia S.p.A.
2023-12-19 05:00:00,0.0,IT.CAED/100752001.FACILITY,Ahlstrom-Munksjö Italia S.p.A.
2023-12-19 06:00:00,0.0,IT.CAED/100752001.FACILITY,Ahlstrom-Munksjö Italia S.p.A.
2023-12-19 07:00:00,0.0,IT.CAED/100752001.FACILITY,Ahlstrom-Munksjö Italia S.p.A.
2023-12-19 08:00:00,0.16799,IT.CAED/100752001.FACILITY,Ahlstrom-Munksjö Italia S.p.A.
2023-12-19 09:00:00,0.44107999999999997,IT.CAED/100752001.FACILITY,Ahlstrom-Munksjö Italia S.p.A.
2023-12-19 10:00:00,0.66342,IT.CAED/100752001.FACILITY,Ahlstrom-Munksjö Italia S.p.A.
2023-12-19 11:00:00,0.7733300000000001,IT.CAED/100752001.FACILITY,Ahlstrom-Munksjö Italia S.p.A.
2023-12-19 12:00:00,0.7818099999999999,IT.CAED/100752001.FACILITY,Ahlstrom-Munksjö Italia S.p.A.
2023-12-19 13:00:00,0.73437,IT.CAED/100752001.FACILITY,Ahlstrom-Munksjö Italia S.p.A.
2023-12-19 14:00:00,0.61626,IT.CAED/100752001.FACILITY,Ahlstrom-Munksjö Italia S.p.A.
2023-12-19 15:00:00,0.40516,IT.CAED/100752001.FACILITY,Ahlstrom-Munksjö Italia S.p.A.
2023-12-19 16:00:00,0.0014,IT.CAED/100752001.FACILITY,Ahlstrom-Munksjö Italia S.p.A.
2023-12-19 17:00:00,0.0,IT.CAED/100752001.FACILITY,Ahlstrom-Munksjö Italia S.p.A.
2023-12-19 18:00:00,0.0,IT.CAED/100752001.FACILITY,Ahlstrom-Munksjö Italia S.p.A.
2023-12-19 19:00:00,0.0,IT.CAED/100752001.FACILITY,Ahlstrom-Munksjö Italia S.p.A.
2023-12-19 20:00:00,0.0,IT.CAED/100752001.FACILITY,Ahlstrom-Munksjö Italia S.p.A.
2023-12-19 21:00:00,0.0,IT.CAED/100752001.FACILITY,Ahlstrom-Munksjö Italia S.p.A.
2023-12-19 22:00:00,0.0,IT.CAED/100752001.FACILITY,Ahlstrom-Munksjö Italia S.p.A.
2023-12-19 23:00:00,0.0,IT.CAED/100752001.FACILITY,Ahlstrom-Munksjö Italia S.p.A.
2023-12-20 00:00:00,0.0,IT.CAED/100752001.FACILITY,Ahlstrom-Munksjö Italia S.p.A.
2023-12-20 01:00:00,0.0,IT.CAED/100752001.FACILITY,Ahlstrom-Munksjö Italia S.p.A.
2023-12-20 02:00:00,0.0,IT.CAED/100752001.FACILITY,Ahlstrom-Munksjö Italia S.p.A.
2023-12-20 03:00:00,0.0,IT.CAED/100752001.FACILITY,Ahlstrom-Munksjö Italia S.p.A.
2023-12-20 04:00:00,0.0,IT.CAED/100752001.FACILITY,Ahlstrom-Munksjö Italia S.p.A.
2023-12-20 05:00:00,0.0,IT.CAED/100752001.FACILITY,Ahlstrom-Munksjö Italia S.p.A.
2023-12-20 06:00:00,0.0,IT.CAED/100752001.FACILITY,Ahlstrom-Munksjö Italia S.p.A.
2023-12-20 07:00:00,0.0,IT.CAED/100752001.FACILITY,Ahlstrom-Munksjö Italia S.p.A.
2023-12-20 08:00:00,0.11613,IT.CAED/100752001.FACILITY,Ahlstrom-Munksjö Italia S.p.A.
2023-12-20 09:00:00,0.22115,IT.CAED/100752001.FACILITY,Ahlstrom-Munksjö Italia S.p.A.
2023-12-20 10:00:00,0.1844,IT.CAED/100752001.FACILITY,Ahlstrom-Munksjö Italia S.p.A.
2023-12-20 11:00:00,0.51967,IT.CAED/100752001.FACILITY,Ahlstrom-Munksjö Italia S.p.A.
2023-12-20 12:00:00,0.7198,IT.CAED/100752001.FACILITY,Ahlstrom-Munksjö Italia S.p.A.
2023-12-20 13:00:00,0.7429199999999999,IT.CAED/100752001.FACILITY,Ahlstrom-Munksjö Italia S.p.A.
2023-12-20 14:00:00,0.61584,IT.CAED/100752001.FACILITY,Ahlstrom-Munksjö Italia S.p.A.
2023-12-20 15:00:00,0.40684,IT.CAED/100752001.FACILITY,Ahlstrom-Munksjö Italia S.p.A.
2023-12-20 16:00:00,0.0015400000000000001,IT.CAED/100752001.FACILITY,Ahlstrom-Munksjö Italia S.p.A.
2023-12-20 17:00:00,0.0,IT.CAED/100752001.FACILITY,Ahlstrom-Munksjö Italia S.p.A.
2023-12-20 18:00:00,0.0,IT.CAED/100752001.FACILITY,Ahlstrom-Munksjö Italia S.p.A.
2023-12-20 19:00:00,0.0,IT.CAED/100752001.FACILITY,Ahlstrom-Munksjö Italia S.p.A.
2023-12-20 20:00:00,0.0,IT.CAED/100752001.FACILITY,Ahlstrom-Munksjö Italia S.p.A.
2023-12-20 21:00:00,0.0,IT.CAED/100752001.FACILITY,Ahlstrom-Munksjö Italia S.p.A.
2023-12-20 22:00:00,0.0,IT.CAED/100752001.FACILITY,Ahlstrom-Munksjö Italia S.p.A.
2023-12-20 23:00:00,0.0,IT.CAED/100752001.FACILITY,Ahlstrom-Munksjö Italia S.p.A.
2023-12-21 00:00:00,0.0,IT.CAED/100752001.FACILITY,Ahlstrom-Munksjö Italia S.p.A.
2023-12-21 01:00:00,0.0,IT.CAED/100752001.FACILITY,Ahlstrom-Munksjö Italia S.p.A.
2023-12-21 02:00:00,0.0,IT.CAED/100752001.FACILITY,Ahlstrom-Munksjö Italia S.p.A.
2023-12-21 03:00:00,0.0,IT.CAED/100752001.FACILITY,Ahlstrom-Munksjö Italia S.p.A.
2023-12-21 04:00:00,0.0,IT.CAED/100752001.FACILITY,Ahlstrom-Munksjö Italia S.p.A.
2023-12-21 05:00:00,0.0,IT.CAED/100752001.FACILITY,Ahlstrom-Munksjö Italia S.p.A.
2023-12-21 06:00:00,0.0,IT.CAED/100752001.FACILITY,Ahlstrom-Munksjö Italia S.p.A.
2023-12-21 07:00:00,0.0,IT.CAED/100752001.FACILITY,Ahlstrom-Munksjö Italia S.p.A.
2023-12-21 08:00:00,0.1672,IT.CAED/100752001.FACILITY,Ahlstrom-Munksjö Italia S.p.A.
2023-12-21 09:00:00,0.45003,IT.CAED/100752001.FACILITY,Ahlstrom-Munksjö Italia S.p.A.
2023-12-21 10:00:00,0.58588,IT.CAED/100752001.FACILITY,Ahlstrom-Munksjö Italia S.p.A.
2023-12-21 11:00:00,0.6705,IT.CAED/100752001.FACILITY,Ahlstrom-Munksjö Italia S.p.A.
2023-12-21 12:00:00,0.61476,IT.CAED/100752001.FACILITY,Ahlstrom-Munksjö Italia S.p.A.
2023-12-21 13:00:00,0.61751,IT.CAED/100752001.FACILITY,Ahlstrom-Munksjö Italia S.p.A.
2023-12-21 14:00:00,0.32567,IT.CAED/100752001.FACILITY,Ahlstrom-Munksjö Italia S.p.A.
2023-12-21 15:00:00,0.32039999999999996,IT.CAED/100752001.FACILITY,Ahlstrom-Munksjö Italia S.p.A.
2023-12-21 16:00:00,0.0020499999999999997,IT.CAED/100752001.FACILITY,Ahlstrom-Munksjö Italia S.p.A.
2023-12-21 17:00:00,0.0,IT.CAED/100752001.FACILITY,Ahlstrom-Munksjö Italia S.p.A.
2023-12-21 18:00:00,0.0,IT.CAED/100752001.FACILITY,Ahlstrom-Munksjö Italia S.p.A.
2023-12-21 19:00:00,0.0,IT.CAED/100752001.FACILITY,Ahlstrom-Munksjö Italia S.p.A.
2023-12-21 20:00:00,0.0,IT.CAED/100752001.FACILITY,Ahlstrom-Munksjö Italia S.p.A.
2023-12-21 21:00:00,0.0,IT.CAED/100752001.FACILITY,Ahlstrom-Munksjö Italia S.p.A.
2023-12-21 22:00:00,0.0,IT.CAED/100752001.FACILITY,Ahlstrom-Munksjö Italia S.p.A.
2023-12-21 23:00:00,0.0,IT.CAED/100752001.FACILITY,Ahlstrom-Munksjö Italia S.p.A.
2023-12-22 00:00:00,0.0,IT.CAED/100752001.FACILITY,Ahlstrom-Munksjö Italia S.p.A.
2023-12-22 01:00:00,0.0,IT.CAED/100752001.FACILITY,Ahlstrom-Munksjö Italia S.p.A.
2023-12-22 02:00:00,0.0,IT.CAED/100752001.FACILITY,Ahlstrom-Munksjö Italia S.p.A.
2023-12-22 03:00:00,0.0,IT.CAED/100752001.FACILITY,Ahlstrom-Munksjö Italia S.p.A.
2023-12-22 04:00:00,0.0,IT.CAED/100752001.FACILITY,Ahlstrom-Munksjö Italia S.p.A.
2023-12-22 05:00:00,0.0,IT.CAED/100752001.FACILITY,Ahlstrom-Munksjö Italia S.p.A.
2023-12-22 06:00:00,0.0,IT.CAED/100752001.FACILITY,Ahlstrom-Munksjö Italia S.p.A.
2023-12-22 07:00:00,0.0,IT.CAED/100752001.FACILITY,Ahlstrom-Munksjö Italia S.p.A.
2023-12-22 08:00:00,0.16044,IT.CAED/100752001.FACILITY,Ahlstrom-Munksjö Italia S.p.A.
2023-12-22 09:00:00,0.42628,IT.CAED/100752001.FACILITY,Ahlstrom-Munksjö Italia S.p.A.
2023-12-22 10:00:00,0.59128,IT.CAED/100752001.FACILITY,Ahlstrom-Munksjö Italia S.p.A.
2023-12-22 11:00:00,0.73861,IT.CAED/100752001.FACILITY,Ahlstrom-Munksjö Italia S.p.A.
2023-12-22 12:00:00,0.7335499999999999,IT.CAED/100752001.FACILITY,Ahlstrom-Munksjö Italia S.p.A.
2023-12-22 13:00:00,0.65977,IT.CAED/100752001.FACILITY,Ahlstrom-Munksjö Italia S.p.A.
2023-12-22 14:00:00,0.49276,IT.CAED/100752001.FACILITY,Ahlstrom-Munksjö Italia S.p.A.
2023-12-22 15:00:00,0.33219,IT.CAED/100752001.FACILITY,Ahlstrom-Munksjö Italia S.p.A.
2023-12-22 16:00:00,0.00134,IT.CAED/100752001.FACILITY,Ahlstrom-Munksjö Italia S.p.A.
2023-12-22 17:00:00,0.0,IT.CAED/100752001.FACILITY,Ahlstrom-Munksjö Italia S.p.A.
2023-12-22 18:00:00,0.0,IT.CAED/100752001.FACILITY,Ahlstrom-Munksjö Italia S.p.A.
2023-12-22 19:00:00,0.0,IT.CAED/100752001.FACILITY,Ahlstrom-Munksjö Italia S.p.A.
2023-12-22 20:00:00,0.0,IT.CAED/100752001.FACILITY,Ahlstrom-Munksjö Italia S.p.A.
2023-12-22 21:00:00,0.0,IT.CAED/100752001.FACILITY,Ahlstrom-Munksjö Italia S.p.A.
2023-12-22 22:00:00,0.0,IT.CAED/100752001.FACILITY,Ahlstrom-Munksjö Italia S.p.A.
2023-12-22 23:00:00,0.0,IT.CAED/100752001.FACILITY,Ahlstrom-Munksjö Italia S.p.A.
2023-12-23 00:00:00,0.0,IT.CAED/100752001.FACILITY,Ahlstrom-Munksjö Italia S.p.A.
2023-12-23 01:00:00,0.0,IT.CAED/100752001.FACILITY,Ahlstrom-Munksjö Italia S.p.A.
2023-12-23 02:00:00,0.0,IT.CAED/100752001.FACILITY,Ahlstrom-Munksjö Italia S.p.A.
2023-12-23 03:00:00,0.0,IT.CAED/100752001.FACILITY,Ahlstrom-Munksjö Italia S.p.A.
2023-12-23 04:00:00,0.0,IT.CAED/100752001.FACILITY,Ahlstrom-Munksjö Italia S.p.A.
2023-12-23 05:00:00,0.0,IT.CAED/100752001.FACILITY,Ahlstrom-Munksjö Italia S.p.A.
2023-12-23 06:00:00,0.0,IT.CAED/100752001.FACILITY,Ahlstrom-Munksjö Italia S.p.A.
2023-12-23 07:00:00,0.0,IT.CAED/100752001.FACILITY,Ahlstrom-Munksjö Italia S.p.A.
2023-12-23 08:00:00,0.1715,IT.CAED/100752001.FACILITY,Ahlstrom-Munksjö Italia S.p.A.
2023-12-23 09:00:00,0.42601999999999995,IT.CAED/100752001.FACILITY,Ahlstrom-Munksjö Italia S.p.A.
2023-12-23 10:00:00,0.63414,IT.CAED/100752001.FACILITY,Ahlstrom-Munksjö Italia S.p.A.
2023-12-23 11:00:00,0.74033,IT.CAED/100752001.FACILITY,Ahlstrom-Munksjö Italia S.p.A.
2023-12-23 12:00:00,0.80138,IT.CAED/100752001.FACILITY,Ahlstrom-Munksjö Italia S.p.A.
2023-12-23 13:00:00,0.76275,IT.CAED/100752001.FACILITY,Ahlstrom-Munksjö Italia S.p.A.
2023-12-23 14:00:00,0.60914,IT.CAED/100752001.FACILITY,Ahlstrom-Munksjö Italia S.p.A.
2023-12-23 15:00:00,0.4101,IT.CAED/100752001.FACILITY,Ahlstrom-Munksjö Italia S.p.A.
2023-12-23 16:00:00,0.00232,IT.CAED/100752001.FACILITY,Ahlstrom-Munksjö Italia S.p.A.
2023-12-23 17:00:00,0.0,IT.CAED/100752001.FACILITY,Ahlstrom-Munksjö Italia S.p.A.
2023-12-23 18:00:00,0.0,IT.CAED/100752001.FACILITY,Ahlstrom-Munksjö Italia S.p.A.
2023-12-23 19:00:00,0.0,IT.CAED/100752001.FACILITY,Ahlstrom-Munksjö Italia S.p.A.
2023-12-23 20:00:00,0.0,IT.CAED/100752001.FACILITY,Ahlstrom-Munksjö Italia S.p.A.
2023-12-23 21:00:00,0.0,IT.CAED/100752001.FACILITY,Ahlstrom-Munksjö Italia S.p.A.
2023-12-23 22:00:00,0.0,IT.CAED/100752001.FACILITY,Ahlstrom-Munksjö Italia S.p.A.
2023-12-23 23:00:00,0.0,IT.CAED/100752001.FACILITY,Ahlstrom-Munksjö Italia S.p.A.
2023-12-24 00:00:00,0.0,IT.CAED/100752001.FACILITY,Ahlstrom-Munksjö Italia S.p.A.
2023-12-24 01:00:00,0.0,IT.CAED/100752001.FACILITY,Ahlstrom-Munksjö Italia S.p.A.
2023-12-24 02:00:00,0.0,IT.CAED/100752001.FACILITY,Ahlstrom-Munksjö Italia S.p.A.
2023-12-24 03:00:00,0.0,IT.CAED/100752001.FACILITY,Ahlstrom-Munksjö Italia S.p.A.
2023-12-24 04:00:00,0.0,IT.CAED/100752001.FACILITY,Ahlstrom-Munksjö Italia S.p.A.
2023-12-24 05:00:00,0.0,IT.CAED/100752001.FACILITY,Ahlstrom-Munksjö Italia S.p.A.
2023-12-24 06:00:00,0.0,IT.CAED/100752001.FACILITY,Ahlstrom-Munksjö Italia S.p.A.
2023-12-24 07:00:00,0.0,IT.CAED/100752001.FACILITY,Ahlstrom-Munksjö Italia S.p.A.
2023-12-24 08:00:00,0.18081999999999998,IT.CAED/100752001.FACILITY,Ahlstrom-Munksjö Italia S.p.A.
2023-12-24 09:00:00,0.41881,IT.CAED/100752001.FACILITY,Ahlstrom-Munksjö Italia S.p.A.
2023-12-24 10:00:00,0.6237,IT.CAED/100752001.FACILITY,Ahlstrom-Munksjö Italia S.p.A.
2023-12-24 11:00:00,0.7019099999999999,IT.CAED/100752001.FACILITY,Ahlstrom-Munksjö Italia S.p.A.
2023-12-24 12:00:00,0.7679,IT.CAED/100752001.FACILITY,Ahlstrom-Munksjö Italia S.p.A.
2023-12-24 13:00:00,0.73026,IT.CAED/100752001.FACILITY,Ahlstrom-Munksjö Italia S.p.A.
2023-12-24 14:00:00,0.6046,IT.CAED/100752001.FACILITY,Ahlstrom-Munksjö Italia S.p.A.
2023-12-24 15:00:00,0.40073000000000003,IT.CAED/100752001.FACILITY,Ahlstrom-Munksjö Italia S.p.A.
2023-12-24 16:00:00,0.00197,IT.CAED/100752001.FACILITY,Ahlstrom-Munksjö Italia S.p.A.
2023-12-24 17:00:00,0.0,IT.CAED/100752001.FACILITY,Ahlstrom-Munksjö Italia S.p.A.
2023-12-24 18:00:00,0.0,IT.CAED/100752001.FACILITY,Ahlstrom-Munksjö Italia S.p.A.
2023-12-24 19:00:00,0.0,IT.CAED/100752001.FACILITY,Ahlstrom-Munksjö Italia S.p.A.
2023-12-24 20:00:00,0.0,IT.CAED/100752001.FACILITY,Ahlstrom-Munksjö Italia S.p.A.
2023-12-24 21:00:00,0.0,IT.CAED/100752001.FACILITY,Ahlstrom-Munksjö Italia S.p.A.
2023-12-24 22:00:00,0.0,IT.CAED/100752001.FACILITY,Ahlstrom-Munksjö Italia S.p.A.
2023-12-24 23:00:00,0.0,IT.CAED/100752001.FACILITY,Ahlstrom-Munksjö Italia S.p.A.
2023-12-25 00:00:00,0.0,IT.CAED/100752001.FACILITY,Ahlstrom-Munksjö Italia S.p.A.
2023-12-25 01:00:00,0.0,IT.CAED/100752001.FACILITY,Ahlstrom-Munksjö Italia S.p.A.
2023-12-25 02:00:00,0.0,IT.CAED/100752001.FACILITY,Ahlstrom-Munksjö Italia S.p.A.
2023-12-25 03:00:00,0.0,IT.CAED/100752001.FACILITY,Ahlstrom-Munksjö Italia S.p.A.
2023-12-25 04:00:00,0.0,IT.CAED/100752001.FACILITY,Ahlstrom-Munksjö Italia S.p.A.
2023-12-25 05:00:00,0.0,IT.CAED/100752001.FACILITY,Ahlstrom-Munksjö Italia S.p.A.
2023-12-25 06:00:00,0.0,IT.CAED/100752001.FACILITY,Ahlstrom-Munksjö Italia S.p.A.
2023-12-25 07:00:00,0.0,IT.CAED/100752001.FACILITY,Ahlstrom-Munksjö Italia S.p.A.
2023-12-25 08:00:00,0.15897,IT.CAED/100752001.FACILITY,Ahlstrom-Munksjö Italia S.p.A.
2023-12-25 09:00:00,0.41114,IT.CAED/100752001.FACILITY,Ahlstrom-Munksjö Italia S.p.A.
2023-12-25 10:00:00,0.6017,IT.CAED/100752001.FACILITY,Ahlstrom-Munksjö Italia S.p.A.
2023-12-25 11:00:00,0.70127,IT.CAED/100752001.FACILITY,Ahlstrom-Munksjö Italia S.p.A.
2023-12-25 12:00:00,0.74472,IT.CAED/100752001.FACILITY,Ahlstrom-Munksjö Italia S.p.A.
2023-12-25 13:00:00,0.71,IT.CAED/100752001.FACILITY,Ahlstrom-Munksjö Italia S.p.A.
2023-12-25 14:00:00,0.58985,IT.CAED/100752001.FACILITY,Ahlstrom-Munksjö Italia S.p.A.
2023-12-25 15:00:00,0.39106,IT.CAED/100752001.FACILITY,Ahlstrom-Munksjö Italia S.p.A.
2023-12-25 16:00:00,0.0019199999999999998,IT.CAED/100752001.FACILITY,Ahlstrom-Munksjö Italia S.p.A.
2023-12-25 17:00:00,0.0,IT.CAED/100752001.FACILITY,Ahlstrom-Munksjö Italia S.p.A.
2023-12-25 18:00:00,0.0,IT.CAED/100752001.FACILITY,Ahlstrom-Munksjö Italia S.p.A.
2023-12-25 19:00:00,0.0,IT.CAED/100752001.FACILITY,Ahlstrom-Munksjö Italia S.p.A.
2023-12-25 20:00:00,0.0,IT.CAED/100752001.FACILITY,Ahlstrom-Munksjö Italia S.p.A.
2023-12-25 21:00:00,0.0,IT.CAED/100752001.FACILITY,Ahlstrom-Munksjö Italia S.p.A.
2023-12-25 22:00:00,0.0,IT.CAED/100752001.FACILITY,Ahlstrom-Munksjö Italia S.p.A.
2023-12-25 23:00:00,0.0,IT.CAED/100752001.FACILITY,Ahlstrom-Munksjö Italia S.p.A.
2023-12-26 00:00:00,0.0,IT.CAED/100752001.FACILITY,Ahlstrom-Munksjö Italia S.p.A.
2023-12-26 01:00:00,0.0,IT.CAED/100752001.FACILITY,Ahlstrom-Munksjö Italia S.p.A.
2023-12-26 02:00:00,0.0,IT.CAED/100752001.FACILITY,Ahlstrom-Munksjö Italia S.p.A.
2023-12-26 03:00:00,0.0,IT.CAED/100752001.FACILITY,Ahlstrom-Munksjö Italia S.p.A.
2023-12-26 04:00:00,0.0,IT.CAED/100752001.FACILITY,Ahlstrom-Munksjö Italia S.p.A.
2023-12-26 05:00:00,0.0,IT.CAED/100752001.FACILITY,Ahlstrom-Munksjö Italia S.p.A.
2023-12-26 06:00:00,0.0,IT.CAED/100752001.FACILITY,Ahlstrom-Munksjö Italia S.p.A.
2023-12-26 07:00:00,0.0,IT.CAED/100752001.FACILITY,Ahlstrom-Munksjö Italia S.p.A.
2023-12-26 08:00:00,0.13294,IT.CAED/100752001.FACILITY,Ahlstrom-Munksjö Italia S.p.A.
2023-12-26 09:00:00,0.28348,IT.CAED/100752001.FACILITY,Ahlstrom-Munksjö Italia S.p.A.
2023-12-26 10:00:00,0.36006,IT.CAED/100752001.FACILITY,Ahlstrom-Munksjö Italia S.p.A.
2023-12-26 11:00:00,0.42894,IT.CAED/100752001.FACILITY,Ahlstrom-Munksjö Italia S.p.A.
2023-12-26 12:00:00,0.5714,IT.CAED/100752001.FACILITY,Ahlstrom-Munksjö Italia S.p.A.
2023-12-26 13:00:00,0.34682,IT.CAED/100752001.FACILITY,Ahlstrom-Munksjö Italia S.p.A.
2023-12-26 14:00:00,0.20411,IT.CAED/100752001.FACILITY,Ahlstrom-Munksjö Italia S.p.A.
2023-12-26 15:00:00,0.28964,IT.CAED/100752001.FACILITY,Ahlstrom-Munksjö Italia S.p.A.
2023-12-26 16:00:00,0.00233,IT.CAED/100752001.FACILITY,Ahlstrom-Munksjö Italia S.p.A.
2023-12-26 17:00:00,0.0,IT.CAED/100752001.FACILITY,Ahlstrom-Munksjö Italia S.p.A.
2023-12-26 18:00:00,0.0,IT.CAED/100752001.FACILITY,Ahlstrom-Munksjö Italia S.p.A.
2023-12-26 19:00:00,0.0,IT.CAED/100752001.FACILITY,Ahlstrom-Munksjö Italia S.p.A.
2023-12-26 20:00:00,0.0,IT.CAED/100752001.FACILITY,Ahlstrom-Munksjö Italia S.p.A.
2023-12-26 21:00:00,0.0,IT.CAED/100752001.FACILITY,Ahlstrom-Munksjö Italia S.p.A.
2023-12-26 22:00:00,0.0,IT.CAED/100752001.FACILITY,Ahlstrom-Munksjö Italia S.p.A.
2023-12-26 23:00:00,0.0,IT.CAED/100752001.FACILITY,Ahlstrom-Munksjö Italia S.p.A.
2023-12-27 00:00:00,0.0,IT.CAED/100752001.FACILITY,Ahlstrom-Munksjö Italia S.p.A.
2023-12-27 01:00:00,0.0,IT.CAED/100752001.FACILITY,Ahlstrom-Munksjö Italia S.p.A.
2023-12-27 02:00:00,0.0,IT.CAED/100752001.FACILITY,Ahlstrom-Munksjö Italia S.p.A.
2023-12-27 03:00:00,0.0,IT.CAED/100752001.FACILITY,Ahlstrom-Munksjö Italia S.p.A.
2023-12-27 04:00:00,0.0,IT.CAED/100752001.FACILITY,Ahlstrom-Munksjö Italia S.p.A.
2023-12-27 05:00:00,0.0,IT.CAED/100752001.FACILITY,Ahlstrom-Munksjö Italia S.p.A.
2023-12-27 06:00:00,0.0,IT.CAED/100752001.FACILITY,Ahlstrom-Munksjö Italia S.p.A.
2023-12-27 07:00:00,0.0,IT.CAED/100752001.FACILITY,Ahlstrom-Munksjö Italia S.p.A.
2023-12-27 08:00:00,0.0025800000000000003,IT.CAED/100752001.FACILITY,Ahlstrom-Munksjö Italia S.p.A.
2023-12-27 09:00:00,0.2686,IT.CAED/100752001.FACILITY,Ahlstrom-Munksjö Italia S.p.A.
2023-12-27 10:00:00,0.37791,IT.CAED/100752001.FACILITY,Ahlstrom-Munksjö Italia S.p.A.
2023-12-27 11:00:00,0.46720999999999996,IT.CAED/100752001.FACILITY,Ahlstrom-Munksjö Italia S.p.A.
2023-12-27 12:00:00,0.60714,IT.CAED/100752001.FACILITY,Ahlstrom-Munksjö Italia S.p.A.
2023-12-27 13:00:00,0.45538999999999996,IT.CAED/100752001.FACILITY,Ahlstrom-Munksjö Italia S.p.A.
2023-12-27 14:00:00,0.46674,IT.CAED/100752001.FACILITY,Ahlstrom-Munksjö Italia S.p.A.
2023-12-27 15:00:00,0.18721000000000002,IT.CAED/100752001.FACILITY,Ahlstrom-Munksjö Italia S.p.A.
2023-12-27 16:00:00,0.00157,IT.CAED/100752001.FACILITY,Ahlstrom-Munksjö Italia S.p.A.
2023-12-27 17:00:00,0.0,IT.CAED/100752001.FACILITY,Ahlstrom-Munksjö Italia S.p.A.
2023-12-27 18:00:00,0.0,IT.CAED/100752001.FACILITY,Ahlstrom-Munksjö Italia S.p.A.
2023-12-27 19:00:00,0.0,IT.CAED/100752001.FACILITY,Ahlstrom-Munksjö Italia S.p.A.
2023-12-27 20:00:00,0.0,IT.CAED/100752001.FACILITY,Ahlstrom-Munksjö Italia S.p.A.
2023-12-27 21:00:00,0.0,IT.CAED/100752001.FACILITY,Ahlstrom-Munksjö Italia S.p.A.
2023-12-27 22:00:00,0.0,IT.CAED/100752001.FACILITY,Ahlstrom-Munksjö Italia S.p.A.
2023-12-27 23:00:00,0.0,IT.CAED/100752001.FACILITY,Ahlstrom-Munksjö Italia S.p.A.
2023-12-28 00:00:00,0.0,IT.CAED/100752001.FACILITY,Ahlstrom-Munksjö Italia S.p.A.
2023-12-28 01:00:00,0.0,IT.CAED/100752001.FACILITY,Ahlstrom-Munksjö Italia S.p.A.
2023-12-28 02:00:00,0.0,IT.CAED/100752001.FACILITY,Ahlstrom-Munksjö Italia S.p.A.
2023-12-28 03:00:00,0.0,IT.CAED/100752001.FACILITY,Ahlstrom-Munksjö Italia S.p.A.
2023-12-28 04:00:00,0.0,IT.CAED/100752001.FACILITY,Ahlstrom-Munksjö Italia S.p.A.
2023-12-28 05:00:00,0.0,IT.CAED/100752001.FACILITY,Ahlstrom-Munksjö Italia S.p.A.
2023-12-28 06:00:00,0.0,IT.CAED/100752001.FACILITY,Ahlstrom-Munksjö Italia S.p.A.
2023-12-28 07:00:00,0.0,IT.CAED/100752001.FACILITY,Ahlstrom-Munksjö Italia S.p.A.
2023-12-28 08:00:00,0.0,IT.CAED/100752001.FACILITY,Ahlstrom-Munksjö Italia S.p.A.
2023-12-28 09:00:00,0.020149999999999998,IT.CAED/100752001.FACILITY,Ahlstrom-Munksjö Italia S.p.A.
2023-12-28 10:00:00,0.10903,IT.CAED/100752001.FACILITY,Ahlstrom-Munksjö Italia S.p.A.
2023-12-28 11:00:00,0.060219999999999996,IT.CAED/100752001.FACILITY,Ahlstrom-Munksjö Italia S.p.A.
2023-12-28 12:00:00,0.10259,IT.CAED/100752001.FACILITY,Ahlstrom-Munksjö Italia S.p.A.
2023-12-28 13:00:00,0.04847,IT.CAED/100752001.FACILITY,Ahlstrom-Munksjö Italia S.p.A.
2023-12-28 14:00:00,0.05057,IT.CAED/100752001.FACILITY,Ahlstrom-Munksjö Italia S.p.A.
2023-12-28 15:00:00,0.022920000000000003,IT.CAED/100752001.FACILITY,Ahlstrom-Munksjö Italia S.p.A.
2023-12-28 16:00:00,0.0,IT.CAED/100752001.FACILITY,Ahlstrom-Munksjö Italia S.p.A.
2023-12-28 17:00:00,0.0,IT.CAED/100752001.FACILITY,Ahlstrom-Munksjö Italia S.p.A.
2023-12-28 18:00:00,0.0,IT.CAED/100752001.FACILITY,Ahlstrom-Munksjö Italia S.p.A.
2023-12-28 19:00:00,0.0,IT.CAED/100752001.FACILITY,Ahlstrom-Munksjö Italia S.p.A.
2023-12-28 20:00:00,0.0,IT.CAED/100752001.FACILITY,Ahlstrom-Munksjö Italia S.p.A.
2023-12-28 21:00:00,0.0,IT.CAED/100752001.FACILITY,Ahlstrom-Munksjö Italia S.p.A.
2023-12-28 22:00:00,0.0,IT.CAED/100752001.FACILITY,Ahlstrom-Munksjö Italia S.p.A.
2023-12-28 23:00:00,0.0,IT.CAED/100752001.FACILITY,Ahlstrom-Munksjö Italia S.p.A.
2023-12-29 00:00:00,0.0,IT.CAED/100752001.FACILITY,Ahlstrom-Munksjö Italia S.p.A.
2023-12-29 01:00:00,0.0,IT.CAED/100752001.FACILITY,Ahlstrom-Munksjö Italia S.p.A.
2023-12-29 02:00:00,0.0,IT.CAED/100752001.FACILITY,Ahlstrom-Munksjö Italia S.p.A.
2023-12-29 03:00:00,0.0,IT.CAED/100752001.FACILITY,Ahlstrom-Munksjö Italia S.p.A.
2023-12-29 04:00:00,0.0,IT.CAED/100752001.FACILITY,Ahlstrom-Munksjö Italia S.p.A.
2023-12-29 05:00:00,0.0,IT.CAED/100752001.FACILITY,Ahlstrom-Munksjö Italia S.p.A.
2023-12-29 06:00:00,0.0,IT.CAED/100752001.FACILITY,Ahlstrom-Munksjö Italia S.p.A.
2023-12-29 07:00:00,0.0,IT.CAED/100752001.FACILITY,Ahlstrom-Munksjö Italia S.p.A.
2023-12-29 08:00:00,0.0009599999999999999,IT.CAED/100752001.FACILITY,Ahlstrom-Munksjö Italia S.p.A.
2023-12-29 09:00:00,0.25547,IT.CAED/100752001.FACILITY,Ahlstrom-Munksjö Italia S.p.A.
2023-12-29 10:00:00,0.28102999999999995,IT.CAED/100752001.FACILITY,Ahlstrom-Munksjö Italia S.p.A.
2023-12-29 11:00:00,0.41172000000000003,IT.CAED/100752001.FACILITY,Ahlstrom-Munksjö Italia S.p.A.
2023-12-29 12:00:00,0.33185000000000003,IT.CAED/100752001.FACILITY,Ahlstrom-Munksjö Italia S.p.A.
2023-12-29 13:00:00,0.37097,IT.CAED/100752001.FACILITY,Ahlstrom-Munksjö Italia S.p.A.
2023-12-29 14:00:00,0.26555,IT.CAED/100752001.FACILITY,Ahlstrom-Munksjö Italia S.p.A.
2023-12-29 15:00:00,0.14677,IT.CAED/100752001.FACILITY,Ahlstrom-Munksjö Italia S.p.A.
2023-12-29 16:00:00,0.00272,IT.CAED/100752001.FACILITY,Ahlstrom-Munksjö Italia S.p.A.
2023-12-29 17:00:00,0.0,IT.CAED/100752001.FACILITY,Ahlstrom-Munksjö Italia S.p.A.
2023-12-29 18:00:00,0.0,IT.CAED/100752001.FACILITY,Ahlstrom-Munksjö Italia S.p.A.
2023-12-29 19:00:00,0.0,IT.CAED/100752001.FACILITY,Ahlstrom-Munksjö Italia S.p.A.
2023-12-29 20:00:00,0.0,IT.CAED/100752001.FACILITY,Ahlstrom-Munksjö Italia S.p.A.
2023-12-29 21:00:00,0.0,IT.CAED/100752001.FACILITY,Ahlstrom-Munksjö Italia S.p.A.
2023-12-29 22:00:00,0.0,IT.CAED/100752001.FACILITY,Ahlstrom-Munksjö Italia S.p.A.
2023-12-29 23:00:00,0.0,IT.CAED/100752001.FACILITY,Ahlstrom-Munksjö Italia S.p.A.
2023-12-30 00:00:00,0.0,IT.CAED/100752001.FACILITY,Ahlstrom-Munksjö Italia S.p.A.
2023-12-30 01:00:00,0.0,IT.CAED/100752001.FACILITY,Ahlstrom-Munksjö Italia S.p.A.
2023-12-30 02:00:00,0.0,IT.CAED/100752001.FACILITY,Ahlstrom-Munksjö Italia S.p.A.
2023-12-30 03:00:00,0.0,IT.CAED/100752001.FACILITY,Ahlstrom-Munksjö Italia S.p.A.
2023-12-30 04:00:00,0.0,IT.CAED/100752001.FACILITY,Ahlstrom-Munksjö Italia S.p.A.
2023-12-30 05:00:00,0.0,IT.CAED/100752001.FACILITY,Ahlstrom-Munksjö Italia S.p.A.
2023-12-30 06:00:00,0.0,IT.CAED/100752001.FACILITY,Ahlstrom-Munksjö Italia S.p.A.
2023-12-30 07:00:00,0.0,IT.CAED/100752001.FACILITY,Ahlstrom-Munksjö Italia S.p.A.
2023-12-30 08:00:00,0.0028799999999999997,IT.CAED/100752001.FACILITY,Ahlstrom-Munksjö Italia S.p.A.
2023-12-30 09:00:00,0.31085,IT.CAED/100752001.FACILITY,Ahlstrom-Munksjö Italia S.p.A.
2023-12-30 10:00:00,0.46305,IT.CAED/100752001.FACILITY,Ahlstrom-Munksjö Italia S.p.A.
2023-12-30 11:00:00,0.57709,IT.CAED/100752001.FACILITY,Ahlstrom-Munksjö Italia S.p.A.
2023-12-30 12:00:00,0.67808,IT.CAED/100752001.FACILITY,Ahlstrom-Munksjö Italia S.p.A.
2023-12-30 13:00:00,0.6374500000000001,IT.CAED/100752001.FACILITY,Ahlstrom-Munksjö Italia S.p.A.
2023-12-30 14:00:00,0.57608,IT.CAED/100752001.FACILITY,Ahlstrom-Munksjö Italia S.p.A.
2023-12-30 15:00:00,0.37486,IT.CAED/100752001.FACILITY,Ahlstrom-Munksjö Italia S.p.A.
2023-12-30 16:00:00,0.0024100000000000002,IT.CAED/100752001.FACILITY,Ahlstrom-Munksjö Italia S.p.A.
2023-12-30 17:00:00,0.0,IT.CAED/100752001.FACILITY,Ahlstrom-Munksjö Italia S.p.A.
2023-12-30 18:00:00,0.0,IT.CAED/100752001.FACILITY,Ahlstrom-Munksjö Italia S.p.A.
2023-12-30 19:00:00,0.0,IT.CAED/100752001.FACILITY,Ahlstrom-Munksjö Italia S.p.A.
2023-12-30 20:00:00,0.0,IT.CAED/100752001.FACILITY,Ahlstrom-Munksjö Italia S.p.A.
2023-12-30 21:00:00,0.0,IT.CAED/100752001.FACILITY,Ahlstrom-Munksjö Italia S.p.A.
2023-12-30 22:00:00,0.0,IT.CAED/100752001.FACILITY,Ahlstrom-Munksjö Italia S.p.A.
2023-12-30 23:00:00,0.0,IT.CAED/100752001.FACILITY,Ahlstrom-Munksjö Italia S.p.A.
2023-12-31 00:00:00,0.0,IT.CAED/100752001.FACILITY,Ahlstrom-Munksjö Italia S.p.A.
2023-12-31 01:00:00,0.0,IT.CAED/100752001.FACILITY,Ahlstrom-Munksjö Italia S.p.A.
2023-12-31 02:00:00,0.0,IT.CAED/100752001.FACILITY,Ahlstrom-Munksjö Italia S.p.A.
2023-12-31 03:00:00,0.0,IT.CAED/100752001.FACILITY,Ahlstrom-Munksjö Italia S.p.A.
2023-12-31 04:00:00,0.0,IT.CAED/100752001.FACILITY,Ahlstrom-Munksjö Italia S.p.A.
2023-12-31 05:00:00,0.0,IT.CAED/100752001.FACILITY,Ahlstrom-Munksjö Italia S.p.A.
2023-12-31 06:00:00,0.0,IT.CAED/100752001.FACILITY,Ahlstrom-Munksjö Italia S.p.A.
2023-12-31 07:00:00,0.0,IT.CAED/100752001.FACILITY,Ahlstrom-Munksjö Italia S.p.A.
2023-12-31 08:00:00,1e-05,IT.CAED/100752001.FACILITY,Ahlstrom-Munksjö Italia S.p.A.
2023-12-31 09:00:00,0.030940000000000002,IT.CAED/100752001.FACILITY,Ahlstrom-Munksjö Italia S.p.A.
2023-12-31 10:00:00,0.0767,IT.CAED/100752001.FACILITY,Ahlstrom-Munksjö Italia S.p.A.
2023-12-31 11:00:00,0.04517,IT.CAED/100752001.FACILITY,Ahlstrom-Munksjö Italia S.p.A.
2023-12-31 12:00:00,0.07864,IT.CAED/100752001.FACILITY,Ahlstrom-Munksjö Italia S.p.A.
2023-12-31 13:00:00,0.03254,IT.CAED/100752001.FACILITY,Ahlstrom-Munksjö Italia S.p.A.
2023-12-31 14:00:00,0.02963,IT.CAED/100752001.FACILITY,Ahlstrom-Munksjö Italia S.p.A.
2023-12-31 15:00:00,0.01581,IT.CAED/100752001.FACILITY,Ahlstrom-Munksjö Italia S.p.A.
2023-12-31 16:00:00,0.0,IT.CAED/100752001.FACILITY,Ahlstrom-Munksjö Italia S.p.A.
2023-12-31 17:00:00,0.0,IT.CAED/100752001.FACILITY,Ahlstrom-Munksjö Italia S.p.A.
2023-12-31 18:00:00,0.0,IT.CAED/100752001.FACILITY,Ahlstrom-Munksjö Italia S.p.A.
2023-12-31 19:00:00,0.0,IT.CAED/100752001.FACILITY,Ahlstrom-Munksjö Italia S.p.A.
2023-12-31 20:00:00,0.0,IT.CAED/100752001.FACILITY,Ahlstrom-Munksjö Italia S.p.A.
2023-12-31 21:00:00,0.0,IT.CAED/100752001.FACILITY,Ahlstrom-Munksjö Italia S.p.A.
2023-12-31 22:00:00,0.0,IT.CAED/100752001.FACILITY,Ahlstrom-Munksjö Italia S.p.A.
2023-12-31 23:00:00,0.0,IT.CAED/100752001.FACILITY,Ahlstrom-Munksjö Italia S.p.A.
