timestamp,P_kWperkWp,source_id,source_name
2023-01-01 00:00:00,0.0,IT.CAED/850592002.FACILITY,Centro Olio Val d'Agri
2023-01-01 01:00:00,0.0,IT.CAED/850592002.FACILITY,Centro Olio Val d'Agri
2023-01-01 02:00:00,0.0,IT.CAED/850592002.FACILITY,Centro Olio Val d'Agri
2023-01-01 03:00:00,0.0,IT.CAED/850592002.FACILITY,Centro Olio Val d'Agri
2023-01-01 04:00:00,0.0,IT.CAED/850592002.FACILITY,Centro Olio Val d'Agri
2023-01-01 05:00:00,0.0,IT.CAED/850592002.FACILITY,Centro Olio Val d'Agri
2023-01-01 06:00:00,0.0,IT.CAED/850592002.FACILITY,Centro Olio Val d'Agri
2023-01-01 07:00:00,0.00155,IT.CAED/850592002.FACILITY,Centro Olio Val d'Agri
2023-01-01 08:00:00,0.22072,IT.CAED/850592002.FACILITY,Centro Olio Val d'Agri
2023-01-01 09:00:00,0.39843,IT.CAED/850592002.FACILITY,Centro Olio Val d'Agri
2023-01-01 10:00:00,0.62566,IT.CAED/850592002.FACILITY,Centro Olio Val d'Agri
2023-01-01 11:00:00,0.78003,IT.CAED/850592002.FACILITY,Centro Olio Val d'Agri
2023-01-01 12:00:00,0.77812,IT.CAED/850592002.FACILITY,Centro Olio Val d'Agri
2023-01-01 13:00:00,0.7014900000000001,IT.CAED/850592002.FACILITY,Centro Olio Val d'Agri
2023-01-01 14:00:00,0.55506,IT.CAED/850592002.FACILITY,Centro Olio Val d'Agri
2023-01-01 15:00:00,0.32821,IT.CAED/850592002.FACILITY,Centro Olio Val d'Agri
2023-01-01 16:00:00,0.0008399999999999999,IT.CAED/850592002.FACILITY,Centro Olio Val d'Agri
2023-01-01 17:00:00,0.0,IT.CAED/850592002.FACILITY,Centro Olio Val d'Agri
2023-01-01 18:00:00,0.0,IT.CAED/850592002.FACILITY,Centro Olio Val d'Agri
2023-01-01 19:00:00,0.0,IT.CAED/850592002.FACILITY,Centro Olio Val d'Agri
2023-01-01 20:00:00,0.0,IT.CAED/850592002.FACILITY,Centro Olio Val d'Agri
2023-01-01 21:00:00,0.0,IT.CAED/850592002.FACILITY,Centro Olio Val d'Agri
2023-01-01 22:00:00,0.0,IT.CAED/850592002.FACILITY,Centro Olio Val d'Agri
2023-01-01 23:00:00,0.0,IT.CAED/850592002.FACILITY,Centro Olio Val d'Agri
2023-01-02 00:00:00,0.0,IT.CAED/850592002.FACILITY,Centro Olio Val d'Agri
2023-01-02 01:00:00,0.0,IT.CAED/850592002.FACILITY,Centro Olio Val d'Agri
2023-01-02 02:00:00,0.0,IT.CAED/850592002.FACILITY,Centro Olio Val d'Agri
2023-01-02 03:00:00,0.0,IT.CAED/850592002.FACILITY,Centro Olio Val d'Agri
2023-01-02 04:00:00,0.0,IT.CAED/850592002.FACILITY,Centro Olio Val d'Agri
2023-01-02 05:00:00,0.0,IT.CAED/850592002.FACILITY,Centro Olio Val d'Agri
2023-01-02 06:00:00,0.0,IT.CAED/850592002.FACILITY,Centro Olio Val d'Agri
2023-01-02 07:00:00,0.00107,IT.CAED/850592002.FACILITY,Centro Olio Val d'Agri
2023-01-02 08:00:00,0.34834,IT.CAED/850592002.FACILITY,Centro Olio Val d'Agri
2023-01-02 09:00:00,0.56255,IT.CAED/850592002.FACILITY,Centro Olio Val d'Agri
2023-01-02 10:00:00,0.6867300000000001,IT.CAED/850592002.FACILITY,Centro Olio Val d'Agri
2023-01-02 11:00:00,0.77959,IT.CAED/850592002.FACILITY,Centro Olio Val d'Agri
2023-01-02 12:00:00,0.7576,IT.CAED/850592002.FACILITY,Centro Olio Val d'Agri
2023-01-02 13:00:00,0.68629,IT.CAED/850592002.FACILITY,Centro Olio Val d'Agri
2023-01-02 14:00:00,0.5400499999999999,IT.CAED/850592002.FACILITY,Centro Olio Val d'Agri
2023-01-02 15:00:00,0.31192000000000003,IT.CAED/850592002.FACILITY,Centro Olio Val d'Agri
2023-01-02 16:00:00,0.00103,IT.CAED/850592002.FACILITY,Centro Olio Val d'Agri
2023-01-02 17:00:00,0.0,IT.CAED/850592002.FACILITY,Centro Olio Val d'Agri
2023-01-02 18:00:00,0.0,IT.CAED/850592002.FACILITY,Centro Olio Val d'Agri
2023-01-02 19:00:00,0.0,IT.CAED/850592002.FACILITY,Centro Olio Val d'Agri
2023-01-02 20:00:00,0.0,IT.CAED/850592002.FACILITY,Centro Olio Val d'Agri
2023-01-02 21:00:00,0.0,IT.CAED/850592002.FACILITY,Centro Olio Val d'Agri
2023-01-02 22:00:00,0.0,IT.CAED/850592002.FACILITY,Centro Olio Val d'Agri
2023-01-02 23:00:00,0.0,IT.CAED/850592002.FACILITY,Centro Olio Val d'Agri
2023-01-03 00:00:00,0.0,IT.CAED/850592002.FACILITY,Centro Olio Val d'Agri
2023-01-03 01:00:00,0.0,IT.CAED/850592002.FACILITY,Centro Olio Val d'Agri
2023-01-03 02:00:00,0.0,IT.CAED/850592002.FACILITY,Centro Olio Val d'Agri
2023-01-03 03:00:00,0.0,IT.CAED/850592002.FACILITY,Centro Olio Val d'Agri
2023-01-03 04:00:00,0.0,IT.CAED/850592002.FACILITY,Centro Olio Val d'Agri
2023-01-03 05:00:00,0.0,IT.CAED/850592002.FACILITY,Centro Olio Val d'Agri
2023-01-03 06:00:00,0.0,IT.CAED/850592002.FACILITY,Centro Olio Val d'Agri
2023-01-03 07:00:00,0.00196,IT.CAED/850592002.FACILITY,Centro Olio Val d'Agri
2023-01-03 08:00:00,0.19033,IT.CAED/850592002.FACILITY,Centro Olio Val d'Agri
2023-01-03 09:00:00,0.39647000000000004,IT.CAED/850592002.FACILITY,Centro Olio Val d'Agri
2023-01-03 10:00:00,0.7041000000000001,IT.CAED/850592002.FACILITY,Centro Olio Val d'Agri
2023-01-03 11:00:00,0.7932100000000001,IT.CAED/850592002.FACILITY,Centro Olio Val d'Agri
2023-01-03 12:00:00,0.78726,IT.CAED/850592002.FACILITY,Centro Olio Val d'Agri
2023-01-03 13:00:00,0.7237899999999999,IT.CAED/850592002.FACILITY,Centro Olio Val d'Agri
2023-01-03 14:00:00,0.5610700000000001,IT.CAED/850592002.FACILITY,Centro Olio Val d'Agri
2023-01-03 15:00:00,0.3433,IT.CAED/850592002.FACILITY,Centro Olio Val d'Agri
2023-01-03 16:00:00,0.00121,IT.CAED/850592002.FACILITY,Centro Olio Val d'Agri
2023-01-03 17:00:00,0.0,IT.CAED/850592002.FACILITY,Centro Olio Val d'Agri
2023-01-03 18:00:00,0.0,IT.CAED/850592002.FACILITY,Centro Olio Val d'Agri
2023-01-03 19:00:00,0.0,IT.CAED/850592002.FACILITY,Centro Olio Val d'Agri
2023-01-03 20:00:00,0.0,IT.CAED/850592002.FACILITY,Centro Olio Val d'Agri
2023-01-03 21:00:00,0.0,IT.CAED/850592002.FACILITY,Centro Olio Val d'Agri
2023-01-03 22:00:00,0.0,IT.CAED/850592002.FACILITY,Centro Olio Val d'Agri
2023-01-03 23:00:00,0.0,IT.CAED/850592002.FACILITY,Centro Olio Val d'Agri
2023-01-04 00:00:00,0.0,IT.CAED/850592002.FACILITY,Centro Olio Val d'Agri
2023-01-04 01:00:00,0.0,IT.CAED/850592002.FACILITY,Centro Olio Val d'Agri
2023-01-04 02:00:00,0.0,IT.CAED/850592002.FACILITY,Centro Olio Val d'Agri
2023-01-04 03:00:00,0.0,IT.CAED/850592002.FACILITY,Centro Olio Val d'Agri
2023-01-04 04:00:00,0.0,IT.CAED/850592002.FACILITY,Centro Olio Val d'Agri
2023-01-04 05:00:00,0.0,IT.CAED/850592002.FACILITY,Centro Olio Val d'Agri
2023-01-04 06:00:00,0.0,IT.CAED/850592002.FACILITY,Centro Olio Val d'Agri
2023-01-04 07:00:00,0.00158,IT.CAED/850592002.FACILITY,Centro Olio Val d'Agri
2023-01-04 08:00:00,0.17646,IT.CAED/850592002.FACILITY,Centro Olio Val d'Agri
2023-01-04 09:00:00,0.41406,IT.CAED/850592002.FACILITY,Centro Olio Val d'Agri
2023-01-04 10:00:00,0.67615,IT.CAED/850592002.FACILITY,Centro Olio Val d'Agri
2023-01-04 11:00:00,0.7845599999999999,IT.CAED/850592002.FACILITY,Centro Olio Val d'Agri
2023-01-04 12:00:00,0.7985599999999999,IT.CAED/850592002.FACILITY,Centro Olio Val d'Agri
2023-01-04 13:00:00,0.6135900000000001,IT.CAED/850592002.FACILITY,Centro Olio Val d'Agri
2023-01-04 14:00:00,0.30682,IT.CAED/850592002.FACILITY,Centro Olio Val d'Agri
2023-01-04 15:00:00,0.16886,IT.CAED/850592002.FACILITY,Centro Olio Val d'Agri
2023-01-04 16:00:00,0.0012900000000000001,IT.CAED/850592002.FACILITY,Centro Olio Val d'Agri
2023-01-04 17:00:00,0.0,IT.CAED/850592002.FACILITY,Centro Olio Val d'Agri
2023-01-04 18:00:00,0.0,IT.CAED/850592002.FACILITY,Centro Olio Val d'Agri
2023-01-04 19:00:00,0.0,IT.CAED/850592002.FACILITY,Centro Olio Val d'Agri
2023-01-04 20:00:00,0.0,IT.CAED/850592002.FACILITY,Centro Olio Val d'Agri
2023-01-04 21:00:00,0.0,IT.CAED/850592002.FACILITY,Centro Olio Val d'Agri
2023-01-04 22:00:00,0.0,IT.CAED/850592002.FACILITY,Centro Olio Val d'Agri
2023-01-04 23:00:00,0.0,IT.CAED/850592002.FACILITY,Centro Olio Val d'Agri
2023-01-05 00:00:00,0.0,IT.CAED/850592002.FACILITY,Centro Olio Val d'Agri
2023-01-05 01:00:00,0.0,IT.CAED/850592002.FACILITY,Centro Olio Val d'Agri
2023-01-05 02:00:00,0.0,IT.CAED/850592002.FACILITY,Centro Olio Val d'Agri
2023-01-05 03:00:00,0.0,IT.CAED/850592002.FACILITY,Centro Olio Val d'Agri
2023-01-05 04:00:00,0.0,IT.CAED/850592002.FACILITY,Centro Olio Val d'Agri
2023-01-05 05:00:00,0.0,IT.CAED/850592002.FACILITY,Centro Olio Val d'Agri
2023-01-05 06:00:00,0.0,IT.CAED/850592002.FACILITY,Centro Olio Val d'Agri
2023-01-05 07:00:00,0.00151,IT.CAED/850592002.FACILITY,Centro Olio Val d'Agri
2023-01-05 08:00:00,0.23399,IT.CAED/850592002.FACILITY,Centro Olio Val d'Agri
2023-01-05 09:00:00,0.4691,IT.CAED/850592002.FACILITY,Centro Olio Val d'Agri
2023-01-05 10:00:00,0.67898,IT.CAED/850592002.FACILITY,Centro Olio Val d'Agri
2023-01-05 11:00:00,0.7896,IT.CAED/850592002.FACILITY,Centro Olio Val d'Agri
2023-01-05 12:00:00,0.8166,IT.CAED/850592002.FACILITY,Centro Olio Val d'Agri
2023-01-05 13:00:00,0.7455,IT.CAED/850592002.FACILITY,Centro Olio Val d'Agri
2023-01-05 14:00:00,0.5806,IT.CAED/850592002.FACILITY,Centro Olio Val d'Agri
2023-01-05 15:00:00,0.32039999999999996,IT.CAED/850592002.FACILITY,Centro Olio Val d'Agri
2023-01-05 16:00:00,0.00159,IT.CAED/850592002.FACILITY,Centro Olio Val d'Agri
2023-01-05 17:00:00,0.0,IT.CAED/850592002.FACILITY,Centro Olio Val d'Agri
2023-01-05 18:00:00,0.0,IT.CAED/850592002.FACILITY,Centro Olio Val d'Agri
2023-01-05 19:00:00,0.0,IT.CAED/850592002.FACILITY,Centro Olio Val d'Agri
2023-01-05 20:00:00,0.0,IT.CAED/850592002.FACILITY,Centro Olio Val d'Agri
2023-01-05 21:00:00,0.0,IT.CAED/850592002.FACILITY,Centro Olio Val d'Agri
2023-01-05 22:00:00,0.0,IT.CAED/850592002.FACILITY,Centro Olio Val d'Agri
2023-01-05 23:00:00,0.0,IT.CAED/850592002.FACILITY,Centro Olio Val d'Agri
2023-01-06 00:00:00,0.0,IT.CAED/850592002.FACILITY,Centro Olio Val d'Agri
2023-01-06 01:00:00,0.0,IT.CAED/850592002.FACILITY,Centro Olio Val d'Agri
2023-01-06 02:00:00,0.0,IT.CAED/850592002.FACILITY,Centro Olio Val d'Agri
2023-01-06 03:00:00,0.0,IT.CAED/850592002.FACILITY,Centro Olio Val d'Agri
2023-01-06 04:00:00,0.0,IT.CAED/850592002.FACILITY,Centro Olio Val d'Agri
2023-01-06 05:00:00,0.0,IT.CAED/850592002.FACILITY,Centro Olio Val d'Agri
2023-01-06 06:00:00,0.0,IT.CAED/850592002.FACILITY,Centro Olio Val d'Agri
2023-01-06 07:00:00,0.00075,IT.CAED/850592002.FACILITY,Centro Olio Val d'Agri
2023-01-06 08:00:00,0.16653,IT.CAED/850592002.FACILITY,Centro Olio Val d'Agri
2023-01-06 09:00:00,0.35725999999999997,IT.CAED/850592002.FACILITY,Centro Olio Val d'Agri
2023-01-06 10:00:00,0.6583,IT.CAED/850592002.FACILITY,Centro Olio Val d'Agri
2023-01-06 11:00:00,0.76155,IT.CAED/850592002.FACILITY,Centro Olio Val d'Agri
2023-01-06 12:00:00,0.80248,IT.CAED/850592002.FACILITY,Centro Olio Val d'Agri
2023-01-06 13:00:00,0.67929,IT.CAED/850592002.FACILITY,Centro Olio Val d'Agri
2023-01-06 14:00:00,0.54448,IT.CAED/850592002.FACILITY,Centro Olio Val d'Agri
2023-01-06 15:00:00,0.28904,IT.CAED/850592002.FACILITY,Centro Olio Val d'Agri
2023-01-06 16:00:00,0.00182,IT.CAED/850592002.FACILITY,Centro Olio Val d'Agri
2023-01-06 17:00:00,0.0,IT.CAED/850592002.FACILITY,Centro Olio Val d'Agri
2023-01-06 18:00:00,0.0,IT.CAED/850592002.FACILITY,Centro Olio Val d'Agri
2023-01-06 19:00:00,0.0,IT.CAED/850592002.FACILITY,Centro Olio Val d'Agri
2023-01-06 20:00:00,0.0,IT.CAED/850592002.FACILITY,Centro Olio Val d'Agri
2023-01-06 21:00:00,0.0,IT.CAED/850592002.FACILITY,Centro Olio Val d'Agri
2023-01-06 22:00:00,0.0,IT.CAED/850592002.FACILITY,Centro Olio Val d'Agri
2023-01-06 23:00:00,0.0,IT.CAED/850592002.FACILITY,Centro Olio Val d'Agri
2023-01-07 00:00:00,0.0,IT.CAED/850592002.FACILITY,Centro Olio Val d'Agri
2023-01-07 01:00:00,0.0,IT.CAED/850592002.FACILITY,Centro Olio Val d'Agri
2023-01-07 02:00:00,0.0,IT.CAED/850592002.FACILITY,Centro Olio Val d'Agri
2023-01-07 03:00:00,0.0,IT.CAED/850592002.FACILITY,Centro Olio Val d'Agri
2023-01-07 04:00:00,0.0,IT.CAED/850592002.FACILITY,Centro Olio Val d'Agri
2023-01-07 05:00:00,0.0,IT.CAED/850592002.FACILITY,Centro Olio Val d'Agri
2023-01-07 06:00:00,0.0,IT.CAED/850592002.FACILITY,Centro Olio Val d'Agri
2023-01-07 07:00:00,0.0016799999999999999,IT.CAED/850592002.FACILITY,Centro Olio Val d'Agri
2023-01-07 08:00:00,0.22265000000000001,IT.CAED/850592002.FACILITY,Centro Olio Val d'Agri
2023-01-07 09:00:00,0.40145,IT.CAED/850592002.FACILITY,Centro Olio Val d'Agri
2023-01-07 10:00:00,0.63852,IT.CAED/850592002.FACILITY,Centro Olio Val d'Agri
2023-01-07 11:00:00,0.80865,IT.CAED/850592002.FACILITY,Centro Olio Val d'Agri
2023-01-07 12:00:00,0.8025800000000001,IT.CAED/850592002.FACILITY,Centro Olio Val d'Agri
2023-01-07 13:00:00,0.7219500000000001,IT.CAED/850592002.FACILITY,Centro Olio Val d'Agri
2023-01-07 14:00:00,0.55422,IT.CAED/850592002.FACILITY,Centro Olio Val d'Agri
2023-01-07 15:00:00,0.26768000000000003,IT.CAED/850592002.FACILITY,Centro Olio Val d'Agri
2023-01-07 16:00:00,0.00206,IT.CAED/850592002.FACILITY,Centro Olio Val d'Agri
2023-01-07 17:00:00,0.0,IT.CAED/850592002.FACILITY,Centro Olio Val d'Agri
2023-01-07 18:00:00,0.0,IT.CAED/850592002.FACILITY,Centro Olio Val d'Agri
2023-01-07 19:00:00,0.0,IT.CAED/850592002.FACILITY,Centro Olio Val d'Agri
2023-01-07 20:00:00,0.0,IT.CAED/850592002.FACILITY,Centro Olio Val d'Agri
2023-01-07 21:00:00,0.0,IT.CAED/850592002.FACILITY,Centro Olio Val d'Agri
2023-01-07 22:00:00,0.0,IT.CAED/850592002.FACILITY,Centro Olio Val d'Agri
2023-01-07 23:00:00,0.0,IT.CAED/850592002.FACILITY,Centro Olio Val d'Agri
2023-01-08 00:00:00,0.0,IT.CAED/850592002.FACILITY,Centro Olio Val d'Agri
2023-01-08 01:00:00,0.0,IT.CAED/850592002.FACILITY,Centro Olio Val d'Agri
2023-01-08 02:00:00,0.0,IT.CAED/850592002.FACILITY,Centro Olio Val d'Agri
2023-01-08 03:00:00,0.0,IT.CAED/850592002.FACILITY,Centro Olio Val d'Agri
2023-01-08 04:00:00,0.0,IT.CAED/850592002.FACILITY,Centro Olio Val d'Agri
2023-01-08 05:00:00,0.0,IT.CAED/850592002.FACILITY,Centro Olio Val d'Agri
2023-01-08 06:00:00,0.0,IT.CAED/850592002.FACILITY,Centro Olio Val d'Agri
2023-01-08 07:00:00,0.00094,IT.CAED/850592002.FACILITY,Centro Olio Val d'Agri
2023-01-08 08:00:00,0.13065000000000002,IT.CAED/850592002.FACILITY,Centro Olio Val d'Agri
2023-01-08 09:00:00,0.24284999999999998,IT.CAED/850592002.FACILITY,Centro Olio Val d'Agri
2023-01-08 10:00:00,0.50851,IT.CAED/850592002.FACILITY,Centro Olio Val d'Agri
2023-01-08 11:00:00,0.5539400000000001,IT.CAED/850592002.FACILITY,Centro Olio Val d'Agri
2023-01-08 12:00:00,0.73163,IT.CAED/850592002.FACILITY,Centro Olio Val d'Agri
2023-01-08 13:00:00,0.51528,IT.CAED/850592002.FACILITY,Centro Olio Val d'Agri
2023-01-08 14:00:00,0.35848,IT.CAED/850592002.FACILITY,Centro Olio Val d'Agri
2023-01-08 15:00:00,0.292,IT.CAED/850592002.FACILITY,Centro Olio Val d'Agri
2023-01-08 16:00:00,0.0026,IT.CAED/850592002.FACILITY,Centro Olio Val d'Agri
2023-01-08 17:00:00,0.0,IT.CAED/850592002.FACILITY,Centro Olio Val d'Agri
2023-01-08 18:00:00,0.0,IT.CAED/850592002.FACILITY,Centro Olio Val d'Agri
2023-01-08 19:00:00,0.0,IT.CAED/850592002.FACILITY,Centro Olio Val d'Agri
2023-01-08 20:00:00,0.0,IT.CAED/850592002.FACILITY,Centro Olio Val d'Agri
2023-01-08 21:00:00,0.0,IT.CAED/850592002.FACILITY,Centro Olio Val d'Agri
2023-01-08 22:00:00,0.0,IT.CAED/850592002.FACILITY,Centro Olio Val d'Agri
2023-01-08 23:00:00,0.0,IT.CAED/850592002.FACILITY,Centro Olio Val d'Agri
2023-01-09 00:00:00,0.0,IT.CAED/850592002.FACILITY,Centro Olio Val d'Agri
2023-01-09 01:00:00,0.0,IT.CAED/850592002.FACILITY,Centro Olio Val d'Agri
2023-01-09 02:00:00,0.0,IT.CAED/850592002.FACILITY,Centro Olio Val d'Agri
2023-01-09 03:00:00,0.0,IT.CAED/850592002.FACILITY,Centro Olio Val d'Agri
2023-01-09 04:00:00,0.0,IT.CAED/850592002.FACILITY,Centro Olio Val d'Agri
2023-01-09 05:00:00,0.0,IT.CAED/850592002.FACILITY,Centro Olio Val d'Agri
2023-01-09 06:00:00,0.0,IT.CAED/850592002.FACILITY,Centro Olio Val d'Agri
2023-01-09 07:00:00,0.0,IT.CAED/850592002.FACILITY,Centro Olio Val d'Agri
2023-01-09 08:00:00,0.01582,IT.CAED/850592002.FACILITY,Centro Olio Val d'Agri
2023-01-09 09:00:00,0.052340000000000005,IT.CAED/850592002.FACILITY,Centro Olio Val d'Agri
2023-01-09 10:00:00,0.08811,IT.CAED/850592002.FACILITY,Centro Olio Val d'Agri
2023-01-09 11:00:00,0.07795999999999999,IT.CAED/850592002.FACILITY,Centro Olio Val d'Agri
2023-01-09 12:00:00,0.08847,IT.CAED/850592002.FACILITY,Centro Olio Val d'Agri
2023-01-09 13:00:00,0.05038,IT.CAED/850592002.FACILITY,Centro Olio Val d'Agri
2023-01-09 14:00:00,0.02539,IT.CAED/850592002.FACILITY,Centro Olio Val d'Agri
2023-01-09 15:00:00,0.03585,IT.CAED/850592002.FACILITY,Centro Olio Val d'Agri
2023-01-09 16:00:00,0.0,IT.CAED/850592002.FACILITY,Centro Olio Val d'Agri
2023-01-09 17:00:00,0.0,IT.CAED/850592002.FACILITY,Centro Olio Val d'Agri
2023-01-09 18:00:00,0.0,IT.CAED/850592002.FACILITY,Centro Olio Val d'Agri
2023-01-09 19:00:00,0.0,IT.CAED/850592002.FACILITY,Centro Olio Val d'Agri
2023-01-09 20:00:00,0.0,IT.CAED/850592002.FACILITY,Centro Olio Val d'Agri
2023-01-09 21:00:00,0.0,IT.CAED/850592002.FACILITY,Centro Olio Val d'Agri
2023-01-09 22:00:00,0.0,IT.CAED/850592002.FACILITY,Centro Olio Val d'Agri
2023-01-09 23:00:00,0.0,IT.CAED/850592002.FACILITY,Centro Olio Val d'Agri
2023-01-10 00:00:00,0.0,IT.CAED/850592002.FACILITY,Centro Olio Val d'Agri
2023-01-10 01:00:00,0.0,IT.CAED/850592002.FACILITY,Centro Olio Val d'Agri
2023-01-10 02:00:00,0.0,IT.CAED/850592002.FACILITY,Centro Olio Val d'Agri
2023-01-10 03:00:00,0.0,IT.CAED/850592002.FACILITY,Centro Olio Val d'Agri
2023-01-10 04:00:00,0.0,IT.CAED/850592002.FACILITY,Centro Olio Val d'Agri
2023-01-10 05:00:00,0.0,IT.CAED/850592002.FACILITY,Centro Olio Val d'Agri
2023-01-10 06:00:00,0.0,IT.CAED/850592002.FACILITY,Centro Olio Val d'Agri
2023-01-10 07:00:00,0.00074,IT.CAED/850592002.FACILITY,Centro Olio Val d'Agri
2023-01-10 08:00:00,0.09824,IT.CAED/850592002.FACILITY,Centro Olio Val d'Agri
2023-01-10 09:00:00,0.23646999999999999,IT.CAED/850592002.FACILITY,Centro Olio Val d'Agri
2023-01-10 10:00:00,0.47101,IT.CAED/850592002.FACILITY,Centro Olio Val d'Agri
2023-01-10 11:00:00,0.59193,IT.CAED/850592002.FACILITY,Centro Olio Val d'Agri
2023-01-10 12:00:00,0.5730299999999999,IT.CAED/850592002.FACILITY,Centro Olio Val d'Agri
2023-01-10 13:00:00,0.30673,IT.CAED/850592002.FACILITY,Centro Olio Val d'Agri
2023-01-10 14:00:00,0.28231,IT.CAED/850592002.FACILITY,Centro Olio Val d'Agri
2023-01-10 15:00:00,0.18142,IT.CAED/850592002.FACILITY,Centro Olio Val d'Agri
2023-01-10 16:00:00,0.0014199999999999998,IT.CAED/850592002.FACILITY,Centro Olio Val d'Agri
2023-01-10 17:00:00,0.0,IT.CAED/850592002.FACILITY,Centro Olio Val d'Agri
2023-01-10 18:00:00,0.0,IT.CAED/850592002.FACILITY,Centro Olio Val d'Agri
2023-01-10 19:00:00,0.0,IT.CAED/850592002.FACILITY,Centro Olio Val d'Agri
2023-01-10 20:00:00,0.0,IT.CAED/850592002.FACILITY,Centro Olio Val d'Agri
2023-01-10 21:00:00,0.0,IT.CAED/850592002.FACILITY,Centro Olio Val d'Agri
2023-01-10 22:00:00,0.0,IT.CAED/850592002.FACILITY,Centro Olio Val d'Agri
2023-01-10 23:00:00,0.0,IT.CAED/850592002.FACILITY,Centro Olio Val d'Agri
2023-01-11 00:00:00,0.0,IT.CAED/850592002.FACILITY,Centro Olio Val d'Agri
2023-01-11 01:00:00,0.0,IT.CAED/850592002.FACILITY,Centro Olio Val d'Agri
2023-01-11 02:00:00,0.0,IT.CAED/850592002.FACILITY,Centro Olio Val d'Agri
2023-01-11 03:00:00,0.0,IT.CAED/850592002.FACILITY,Centro Olio Val d'Agri
2023-01-11 04:00:00,0.0,IT.CAED/850592002.FACILITY,Centro Olio Val d'Agri
2023-01-11 05:00:00,0.0,IT.CAED/850592002.FACILITY,Centro Olio Val d'Agri
2023-01-11 06:00:00,0.0,IT.CAED/850592002.FACILITY,Centro Olio Val d'Agri
2023-01-11 07:00:00,0.0014399999999999999,IT.CAED/850592002.FACILITY,Centro Olio Val d'Agri
2023-01-11 08:00:00,0.37806,IT.CAED/850592002.FACILITY,Centro Olio Val d'Agri
2023-01-11 09:00:00,0.62928,IT.CAED/850592002.FACILITY,Centro Olio Val d'Agri
2023-01-11 10:00:00,0.77628,IT.CAED/850592002.FACILITY,Centro Olio Val d'Agri
2023-01-11 11:00:00,0.84085,IT.CAED/850592002.FACILITY,Centro Olio Val d'Agri
2023-01-11 12:00:00,0.85148,IT.CAED/850592002.FACILITY,Centro Olio Val d'Agri
2023-01-11 13:00:00,0.70208,IT.CAED/850592002.FACILITY,Centro Olio Val d'Agri
2023-01-11 14:00:00,0.63255,IT.CAED/850592002.FACILITY,Centro Olio Val d'Agri
2023-01-11 15:00:00,0.41569,IT.CAED/850592002.FACILITY,Centro Olio Val d'Agri
2023-01-11 16:00:00,0.00335,IT.CAED/850592002.FACILITY,Centro Olio Val d'Agri
2023-01-11 17:00:00,0.0,IT.CAED/850592002.FACILITY,Centro Olio Val d'Agri
2023-01-11 18:00:00,0.0,IT.CAED/850592002.FACILITY,Centro Olio Val d'Agri
2023-01-11 19:00:00,0.0,IT.CAED/850592002.FACILITY,Centro Olio Val d'Agri
2023-01-11 20:00:00,0.0,IT.CAED/850592002.FACILITY,Centro Olio Val d'Agri
2023-01-11 21:00:00,0.0,IT.CAED/850592002.FACILITY,Centro Olio Val d'Agri
2023-01-11 22:00:00,0.0,IT.CAED/850592002.FACILITY,Centro Olio Val d'Agri
2023-01-11 23:00:00,0.0,IT.CAED/850592002.FACILITY,Centro Olio Val d'Agri
2023-01-12 00:00:00,0.0,IT.CAED/850592002.FACILITY,Centro Olio Val d'Agri
2023-01-12 01:00:00,0.0,IT.CAED/850592002.FACILITY,Centro Olio Val d'Agri
2023-01-12 02:00:00,0.0,IT.CAED/850592002.FACILITY,Centro Olio Val d'Agri
2023-01-12 03:00:00,0.0,IT.CAED/850592002.FACILITY,Centro Olio Val d'Agri
2023-01-12 04:00:00,0.0,IT.CAED/850592002.FACILITY,Centro Olio Val d'Agri
2023-01-12 05:00:00,0.0,IT.CAED/850592002.FACILITY,Centro Olio Val d'Agri
2023-01-12 06:00:00,0.0,IT.CAED/850592002.FACILITY,Centro Olio Val d'Agri
2023-01-12 07:00:00,0.0018700000000000001,IT.CAED/850592002.FACILITY,Centro Olio Val d'Agri
2023-01-12 08:00:00,0.08911,IT.CAED/850592002.FACILITY,Centro Olio Val d'Agri
2023-01-12 09:00:00,0.30063999999999996,IT.CAED/850592002.FACILITY,Centro Olio Val d'Agri
2023-01-12 10:00:00,0.47707,IT.CAED/850592002.FACILITY,Centro Olio Val d'Agri
2023-01-12 11:00:00,0.53427,IT.CAED/850592002.FACILITY,Centro Olio Val d'Agri
2023-01-12 12:00:00,0.62737,IT.CAED/850592002.FACILITY,Centro Olio Val d'Agri
2023-01-12 13:00:00,0.32595999999999997,IT.CAED/850592002.FACILITY,Centro Olio Val d'Agri
2023-01-12 14:00:00,0.14264,IT.CAED/850592002.FACILITY,Centro Olio Val d'Agri
2023-01-12 15:00:00,0.20082,IT.CAED/850592002.FACILITY,Centro Olio Val d'Agri
2023-01-12 16:00:00,0.0038,IT.CAED/850592002.FACILITY,Centro Olio Val d'Agri
2023-01-12 17:00:00,0.0,IT.CAED/850592002.FACILITY,Centro Olio Val d'Agri
2023-01-12 18:00:00,0.0,IT.CAED/850592002.FACILITY,Centro Olio Val d'Agri
2023-01-12 19:00:00,0.0,IT.CAED/850592002.FACILITY,Centro Olio Val d'Agri
2023-01-12 20:00:00,0.0,IT.CAED/850592002.FACILITY,Centro Olio Val d'Agri
2023-01-12 21:00:00,0.0,IT.CAED/850592002.FACILITY,Centro Olio Val d'Agri
2023-01-12 22:00:00,0.0,IT.CAED/850592002.FACILITY,Centro Olio Val d'Agri
2023-01-12 23:00:00,0.0,IT.CAED/850592002.FACILITY,Centro Olio Val d'Agri
2023-01-13 00:00:00,0.0,IT.CAED/850592002.FACILITY,Centro Olio Val d'Agri
2023-01-13 01:00:00,0.0,IT.CAED/850592002.FACILITY,Centro Olio Val d'Agri
2023-01-13 02:00:00,0.0,IT.CAED/850592002.FACILITY,Centro Olio Val d'Agri
2023-01-13 03:00:00,0.0,IT.CAED/850592002.FACILITY,Centro Olio Val d'Agri
2023-01-13 04:00:00,0.0,IT.CAED/850592002.FACILITY,Centro Olio Val d'Agri
2023-01-13 05:00:00,0.0,IT.CAED/850592002.FACILITY,Centro Olio Val d'Agri
2023-01-13 06:00:00,0.0,IT.CAED/850592002.FACILITY,Centro Olio Val d'Agri
2023-01-13 07:00:00,0.0020800000000000003,IT.CAED/850592002.FACILITY,Centro Olio Val d'Agri
2023-01-13 08:00:00,0.22568000000000002,IT.CAED/850592002.FACILITY,Centro Olio Val d'Agri
2023-01-13 09:00:00,0.43442000000000003,IT.CAED/850592002.FACILITY,Centro Olio Val d'Agri
2023-01-13 10:00:00,0.70031,IT.CAED/850592002.FACILITY,Centro Olio Val d'Agri
2023-01-13 11:00:00,0.7900499999999999,IT.CAED/850592002.FACILITY,Centro Olio Val d'Agri
2023-01-13 12:00:00,0.78066,IT.CAED/850592002.FACILITY,Centro Olio Val d'Agri
2023-01-13 13:00:00,0.73521,IT.CAED/850592002.FACILITY,Centro Olio Val d'Agri
2023-01-13 14:00:00,0.6061799999999999,IT.CAED/850592002.FACILITY,Centro Olio Val d'Agri
2023-01-13 15:00:00,0.35681999999999997,IT.CAED/850592002.FACILITY,Centro Olio Val d'Agri
2023-01-13 16:00:00,0.00509,IT.CAED/850592002.FACILITY,Centro Olio Val d'Agri
2023-01-13 17:00:00,0.0,IT.CAED/850592002.FACILITY,Centro Olio Val d'Agri
2023-01-13 18:00:00,0.0,IT.CAED/850592002.FACILITY,Centro Olio Val d'Agri
2023-01-13 19:00:00,0.0,IT.CAED/850592002.FACILITY,Centro Olio Val d'Agri
2023-01-13 20:00:00,0.0,IT.CAED/850592002.FACILITY,Centro Olio Val d'Agri
2023-01-13 21:00:00,0.0,IT.CAED/850592002.FACILITY,Centro Olio Val d'Agri
2023-01-13 22:00:00,0.0,IT.CAED/850592002.FACILITY,Centro Olio Val d'Agri
2023-01-13 23:00:00,0.0,IT.CAED/850592002.FACILITY,Centro Olio Val d'Agri
2023-01-14 00:00:00,0.0,IT.CAED/850592002.FACILITY,Centro Olio Val d'Agri
2023-01-14 01:00:00,0.0,IT.CAED/850592002.FACILITY,Centro Olio Val d'Agri
2023-01-14 02:00:00,0.0,IT.CAED/850592002.FACILITY,Centro Olio Val d'Agri
2023-01-14 03:00:00,0.0,IT.CAED/850592002.FACILITY,Centro Olio Val d'Agri
2023-01-14 04:00:00,0.0,IT.CAED/850592002.FACILITY,Centro Olio Val d'Agri
2023-01-14 05:00:00,0.0,IT.CAED/850592002.FACILITY,Centro Olio Val d'Agri
2023-01-14 06:00:00,0.0,IT.CAED/850592002.FACILITY,Centro Olio Val d'Agri
2023-01-14 07:00:00,0.0008399999999999999,IT.CAED/850592002.FACILITY,Centro Olio Val d'Agri
2023-01-14 08:00:00,0.16745,IT.CAED/850592002.FACILITY,Centro Olio Val d'Agri
2023-01-14 09:00:00,0.35133,IT.CAED/850592002.FACILITY,Centro Olio Val d'Agri
2023-01-14 10:00:00,0.53818,IT.CAED/850592002.FACILITY,Centro Olio Val d'Agri
2023-01-14 11:00:00,0.7602300000000001,IT.CAED/850592002.FACILITY,Centro Olio Val d'Agri
2023-01-14 12:00:00,0.808,IT.CAED/850592002.FACILITY,Centro Olio Val d'Agri
2023-01-14 13:00:00,0.60337,IT.CAED/850592002.FACILITY,Centro Olio Val d'Agri
2023-01-14 14:00:00,0.44437,IT.CAED/850592002.FACILITY,Centro Olio Val d'Agri
2023-01-14 15:00:00,0.32805,IT.CAED/850592002.FACILITY,Centro Olio Val d'Agri
2023-01-14 16:00:00,0.00401,IT.CAED/850592002.FACILITY,Centro Olio Val d'Agri
2023-01-14 17:00:00,0.0,IT.CAED/850592002.FACILITY,Centro Olio Val d'Agri
2023-01-14 18:00:00,0.0,IT.CAED/850592002.FACILITY,Centro Olio Val d'Agri
2023-01-14 19:00:00,0.0,IT.CAED/850592002.FACILITY,Centro Olio Val d'Agri
2023-01-14 20:00:00,0.0,IT.CAED/850592002.FACILITY,Centro Olio Val d'Agri
2023-01-14 21:00:00,0.0,IT.CAED/850592002.FACILITY,Centro Olio Val d'Agri
2023-01-14 22:00:00,0.0,IT.CAED/850592002.FACILITY,Centro Olio Val d'Agri
2023-01-14 23:00:00,0.0,IT.CAED/850592002.FACILITY,Centro Olio Val d'Agri
2023-01-15 00:00:00,0.0,IT.CAED/850592002.FACILITY,Centro Olio Val d'Agri
2023-01-15 01:00:00,0.0,IT.CAED/850592002.FACILITY,Centro Olio Val d'Agri
2023-01-15 02:00:00,0.0,IT.CAED/850592002.FACILITY,Centro Olio Val d'Agri
2023-01-15 03:00:00,0.0,IT.CAED/850592002.FACILITY,Centro Olio Val d'Agri
2023-01-15 04:00:00,0.0,IT.CAED/850592002.FACILITY,Centro Olio Val d'Agri
2023-01-15 05:00:00,0.0,IT.CAED/850592002.FACILITY,Centro Olio Val d'Agri
2023-01-15 06:00:00,0.0,IT.CAED/850592002.FACILITY,Centro Olio Val d'Agri
2023-01-15 07:00:00,0.0028399999999999996,IT.CAED/850592002.FACILITY,Centro Olio Val d'Agri
2023-01-15 08:00:00,0.39468000000000003,IT.CAED/850592002.FACILITY,Centro Olio Val d'Agri
2023-01-15 09:00:00,0.6334099999999999,IT.CAED/850592002.FACILITY,Centro Olio Val d'Agri
2023-01-15 10:00:00,0.75107,IT.CAED/850592002.FACILITY,Centro Olio Val d'Agri
2023-01-15 11:00:00,0.8484400000000001,IT.CAED/850592002.FACILITY,Centro Olio Val d'Agri
2023-01-15 12:00:00,0.84534,IT.CAED/850592002.FACILITY,Centro Olio Val d'Agri
2023-01-15 13:00:00,0.74739,IT.CAED/850592002.FACILITY,Centro Olio Val d'Agri
2023-01-15 14:00:00,0.57509,IT.CAED/850592002.FACILITY,Centro Olio Val d'Agri
2023-01-15 15:00:00,0.37156,IT.CAED/850592002.FACILITY,Centro Olio Val d'Agri
2023-01-15 16:00:00,0.101,IT.CAED/850592002.FACILITY,Centro Olio Val d'Agri
2023-01-15 17:00:00,0.0,IT.CAED/850592002.FACILITY,Centro Olio Val d'Agri
2023-01-15 18:00:00,0.0,IT.CAED/850592002.FACILITY,Centro Olio Val d'Agri
2023-01-15 19:00:00,0.0,IT.CAED/850592002.FACILITY,Centro Olio Val d'Agri
2023-01-15 20:00:00,0.0,IT.CAED/850592002.FACILITY,Centro Olio Val d'Agri
2023-01-15 21:00:00,0.0,IT.CAED/850592002.FACILITY,Centro Olio Val d'Agri
2023-01-15 22:00:00,0.0,IT.CAED/850592002.FACILITY,Centro Olio Val d'Agri
2023-01-15 23:00:00,0.0,IT.CAED/850592002.FACILITY,Centro Olio Val d'Agri
2023-01-16 00:00:00,0.0,IT.CAED/850592002.FACILITY,Centro Olio Val d'Agri
2023-01-16 01:00:00,0.0,IT.CAED/850592002.FACILITY,Centro Olio Val d'Agri
2023-01-16 02:00:00,0.0,IT.CAED/850592002.FACILITY,Centro Olio Val d'Agri
2023-01-16 03:00:00,0.0,IT.CAED/850592002.FACILITY,Centro Olio Val d'Agri
2023-01-16 04:00:00,0.0,IT.CAED/850592002.FACILITY,Centro Olio Val d'Agri
2023-01-16 05:00:00,0.0,IT.CAED/850592002.FACILITY,Centro Olio Val d'Agri
2023-01-16 06:00:00,0.0,IT.CAED/850592002.FACILITY,Centro Olio Val d'Agri
2023-01-16 07:00:00,0.0,IT.CAED/850592002.FACILITY,Centro Olio Val d'Agri
2023-01-16 08:00:00,0.02118,IT.CAED/850592002.FACILITY,Centro Olio Val d'Agri
2023-01-16 09:00:00,0.04279,IT.CAED/850592002.FACILITY,Centro Olio Val d'Agri
2023-01-16 10:00:00,0.10538,IT.CAED/850592002.FACILITY,Centro Olio Val d'Agri
2023-01-16 11:00:00,0.38083,IT.CAED/850592002.FACILITY,Centro Olio Val d'Agri
2023-01-16 12:00:00,0.49389999999999995,IT.CAED/850592002.FACILITY,Centro Olio Val d'Agri
2023-01-16 13:00:00,0.49093000000000003,IT.CAED/850592002.FACILITY,Centro Olio Val d'Agri
2023-01-16 14:00:00,0.43733,IT.CAED/850592002.FACILITY,Centro Olio Val d'Agri
2023-01-16 15:00:00,0.15966999999999998,IT.CAED/850592002.FACILITY,Centro Olio Val d'Agri
2023-01-16 16:00:00,0.06217,IT.CAED/850592002.FACILITY,Centro Olio Val d'Agri
2023-01-16 17:00:00,0.0,IT.CAED/850592002.FACILITY,Centro Olio Val d'Agri
2023-01-16 18:00:00,0.0,IT.CAED/850592002.FACILITY,Centro Olio Val d'Agri
2023-01-16 19:00:00,0.0,IT.CAED/850592002.FACILITY,Centro Olio Val d'Agri
2023-01-16 20:00:00,0.0,IT.CAED/850592002.FACILITY,Centro Olio Val d'Agri
2023-01-16 21:00:00,0.0,IT.CAED/850592002.FACILITY,Centro Olio Val d'Agri
2023-01-16 22:00:00,0.0,IT.CAED/850592002.FACILITY,Centro Olio Val d'Agri
2023-01-16 23:00:00,0.0,IT.CAED/850592002.FACILITY,Centro Olio Val d'Agri
2023-01-17 00:00:00,0.0,IT.CAED/850592002.FACILITY,Centro Olio Val d'Agri
2023-01-17 01:00:00,0.0,IT.CAED/850592002.FACILITY,Centro Olio Val d'Agri
2023-01-17 02:00:00,0.0,IT.CAED/850592002.FACILITY,Centro Olio Val d'Agri
2023-01-17 03:00:00,0.0,IT.CAED/850592002.FACILITY,Centro Olio Val d'Agri
2023-01-17 04:00:00,0.0,IT.CAED/850592002.FACILITY,Centro Olio Val d'Agri
2023-01-17 05:00:00,0.0,IT.CAED/850592002.FACILITY,Centro Olio Val d'Agri
2023-01-17 06:00:00,0.0,IT.CAED/850592002.FACILITY,Centro Olio Val d'Agri
2023-01-17 07:00:00,0.0,IT.CAED/850592002.FACILITY,Centro Olio Val d'Agri
2023-01-17 08:00:00,0.04685,IT.CAED/850592002.FACILITY,Centro Olio Val d'Agri
2023-01-17 09:00:00,0.12538,IT.CAED/850592002.FACILITY,Centro Olio Val d'Agri
2023-01-17 10:00:00,0.14633000000000002,IT.CAED/850592002.FACILITY,Centro Olio Val d'Agri
2023-01-17 11:00:00,0.08154,IT.CAED/850592002.FACILITY,Centro Olio Val d'Agri
2023-01-17 12:00:00,0.03311,IT.CAED/850592002.FACILITY,Centro Olio Val d'Agri
2023-01-17 13:00:00,0.03135,IT.CAED/850592002.FACILITY,Centro Olio Val d'Agri
2023-01-17 14:00:00,0.00983,IT.CAED/850592002.FACILITY,Centro Olio Val d'Agri
2023-01-17 15:00:00,0.019530000000000002,IT.CAED/850592002.FACILITY,Centro Olio Val d'Agri
2023-01-17 16:00:00,0.0007199999999999999,IT.CAED/850592002.FACILITY,Centro Olio Val d'Agri
2023-01-17 17:00:00,0.0,IT.CAED/850592002.FACILITY,Centro Olio Val d'Agri
2023-01-17 18:00:00,0.0,IT.CAED/850592002.FACILITY,Centro Olio Val d'Agri
2023-01-17 19:00:00,0.0,IT.CAED/850592002.FACILITY,Centro Olio Val d'Agri
2023-01-17 20:00:00,0.0,IT.CAED/850592002.FACILITY,Centro Olio Val d'Agri
2023-01-17 21:00:00,0.0,IT.CAED/850592002.FACILITY,Centro Olio Val d'Agri
2023-01-17 22:00:00,0.0,IT.CAED/850592002.FACILITY,Centro Olio Val d'Agri
2023-01-17 23:00:00,0.0,IT.CAED/850592002.FACILITY,Centro Olio Val d'Agri
2023-01-18 00:00:00,0.0,IT.CAED/850592002.FACILITY,Centro Olio Val d'Agri
2023-01-18 01:00:00,0.0,IT.CAED/850592002.FACILITY,Centro Olio Val d'Agri
2023-01-18 02:00:00,0.0,IT.CAED/850592002.FACILITY,Centro Olio Val d'Agri
2023-01-18 03:00:00,0.0,IT.CAED/850592002.FACILITY,Centro Olio Val d'Agri
2023-01-18 04:00:00,0.0,IT.CAED/850592002.FACILITY,Centro Olio Val d'Agri
2023-01-18 05:00:00,0.0,IT.CAED/850592002.FACILITY,Centro Olio Val d'Agri
2023-01-18 06:00:00,0.0,IT.CAED/850592002.FACILITY,Centro Olio Val d'Agri
2023-01-18 07:00:00,0.00074,IT.CAED/850592002.FACILITY,Centro Olio Val d'Agri
2023-01-18 08:00:00,0.1759,IT.CAED/850592002.FACILITY,Centro Olio Val d'Agri
2023-01-18 09:00:00,0.34722000000000003,IT.CAED/850592002.FACILITY,Centro Olio Val d'Agri
2023-01-18 10:00:00,0.48275999999999997,IT.CAED/850592002.FACILITY,Centro Olio Val d'Agri
2023-01-18 11:00:00,0.57065,IT.CAED/850592002.FACILITY,Centro Olio Val d'Agri
2023-01-18 12:00:00,0.54255,IT.CAED/850592002.FACILITY,Centro Olio Val d'Agri
2023-01-18 13:00:00,0.50406,IT.CAED/850592002.FACILITY,Centro Olio Val d'Agri
2023-01-18 14:00:00,0.45117,IT.CAED/850592002.FACILITY,Centro Olio Val d'Agri
2023-01-18 15:00:00,0.3053,IT.CAED/850592002.FACILITY,Centro Olio Val d'Agri
2023-01-18 16:00:00,0.10426,IT.CAED/850592002.FACILITY,Centro Olio Val d'Agri
2023-01-18 17:00:00,0.0,IT.CAED/850592002.FACILITY,Centro Olio Val d'Agri
2023-01-18 18:00:00,0.0,IT.CAED/850592002.FACILITY,Centro Olio Val d'Agri
2023-01-18 19:00:00,0.0,IT.CAED/850592002.FACILITY,Centro Olio Val d'Agri
2023-01-18 20:00:00,0.0,IT.CAED/850592002.FACILITY,Centro Olio Val d'Agri
2023-01-18 21:00:00,0.0,IT.CAED/850592002.FACILITY,Centro Olio Val d'Agri
2023-01-18 22:00:00,0.0,IT.CAED/850592002.FACILITY,Centro Olio Val d'Agri
2023-01-18 23:00:00,0.0,IT.CAED/850592002.FACILITY,Centro Olio Val d'Agri
2023-01-19 00:00:00,0.0,IT.CAED/850592002.FACILITY,Centro Olio Val d'Agri
2023-01-19 01:00:00,0.0,IT.CAED/850592002.FACILITY,Centro Olio Val d'Agri
2023-01-19 02:00:00,0.0,IT.CAED/850592002.FACILITY,Centro Olio Val d'Agri
2023-01-19 03:00:00,0.0,IT.CAED/850592002.FACILITY,Centro Olio Val d'Agri
2023-01-19 04:00:00,0.0,IT.CAED/850592002.FACILITY,Centro Olio Val d'Agri
2023-01-19 05:00:00,0.0,IT.CAED/850592002.FACILITY,Centro Olio Val d'Agri
2023-01-19 06:00:00,0.0,IT.CAED/850592002.FACILITY,Centro Olio Val d'Agri
2023-01-19 07:00:00,0.0023,IT.CAED/850592002.FACILITY,Centro Olio Val d'Agri
2023-01-19 08:00:00,0.13,IT.CAED/850592002.FACILITY,Centro Olio Val d'Agri
2023-01-19 09:00:00,0.29375,IT.CAED/850592002.FACILITY,Centro Olio Val d'Agri
2023-01-19 10:00:00,0.44971,IT.CAED/850592002.FACILITY,Centro Olio Val d'Agri
2023-01-19 11:00:00,0.57823,IT.CAED/850592002.FACILITY,Centro Olio Val d'Agri
2023-01-19 12:00:00,0.60982,IT.CAED/850592002.FACILITY,Centro Olio Val d'Agri
2023-01-19 13:00:00,0.5002,IT.CAED/850592002.FACILITY,Centro Olio Val d'Agri
2023-01-19 14:00:00,0.27874,IT.CAED/850592002.FACILITY,Centro Olio Val d'Agri
2023-01-19 15:00:00,0.10919,IT.CAED/850592002.FACILITY,Centro Olio Val d'Agri
2023-01-19 16:00:00,0.03431,IT.CAED/850592002.FACILITY,Centro Olio Val d'Agri
2023-01-19 17:00:00,0.0,IT.CAED/850592002.FACILITY,Centro Olio Val d'Agri
2023-01-19 18:00:00,0.0,IT.CAED/850592002.FACILITY,Centro Olio Val d'Agri
2023-01-19 19:00:00,0.0,IT.CAED/850592002.FACILITY,Centro Olio Val d'Agri
2023-01-19 20:00:00,0.0,IT.CAED/850592002.FACILITY,Centro Olio Val d'Agri
2023-01-19 21:00:00,0.0,IT.CAED/850592002.FACILITY,Centro Olio Val d'Agri
2023-01-19 22:00:00,0.0,IT.CAED/850592002.FACILITY,Centro Olio Val d'Agri
2023-01-19 23:00:00,0.0,IT.CAED/850592002.FACILITY,Centro Olio Val d'Agri
2023-01-20 00:00:00,0.0,IT.CAED/850592002.FACILITY,Centro Olio Val d'Agri
2023-01-20 01:00:00,0.0,IT.CAED/850592002.FACILITY,Centro Olio Val d'Agri
2023-01-20 02:00:00,0.0,IT.CAED/850592002.FACILITY,Centro Olio Val d'Agri
2023-01-20 03:00:00,0.0,IT.CAED/850592002.FACILITY,Centro Olio Val d'Agri
2023-01-20 04:00:00,0.0,IT.CAED/850592002.FACILITY,Centro Olio Val d'Agri
2023-01-20 05:00:00,0.0,IT.CAED/850592002.FACILITY,Centro Olio Val d'Agri
2023-01-20 06:00:00,0.0,IT.CAED/850592002.FACILITY,Centro Olio Val d'Agri
2023-01-20 07:00:00,0.0028599999999999997,IT.CAED/850592002.FACILITY,Centro Olio Val d'Agri
2023-01-20 08:00:00,0.14980000000000002,IT.CAED/850592002.FACILITY,Centro Olio Val d'Agri
2023-01-20 09:00:00,0.3519,IT.CAED/850592002.FACILITY,Centro Olio Val d'Agri
2023-01-20 10:00:00,0.55559,IT.CAED/850592002.FACILITY,Centro Olio Val d'Agri
2023-01-20 11:00:00,0.5027,IT.CAED/850592002.FACILITY,Centro Olio Val d'Agri
2023-01-20 12:00:00,0.24114,IT.CAED/850592002.FACILITY,Centro Olio Val d'Agri
2023-01-20 13:00:00,0.14748,IT.CAED/850592002.FACILITY,Centro Olio Val d'Agri
2023-01-20 14:00:00,0.0659,IT.CAED/850592002.FACILITY,Centro Olio Val d'Agri
2023-01-20 15:00:00,0.022670000000000003,IT.CAED/850592002.FACILITY,Centro Olio Val d'Agri
2023-01-20 16:00:00,0.013,IT.CAED/850592002.FACILITY,Centro Olio Val d'Agri
2023-01-20 17:00:00,0.0,IT.CAED/850592002.FACILITY,Centro Olio Val d'Agri
2023-01-20 18:00:00,0.0,IT.CAED/850592002.FACILITY,Centro Olio Val d'Agri
2023-01-20 19:00:00,0.0,IT.CAED/850592002.FACILITY,Centro Olio Val d'Agri
2023-01-20 20:00:00,0.0,IT.CAED/850592002.FACILITY,Centro Olio Val d'Agri
2023-01-20 21:00:00,0.0,IT.CAED/850592002.FACILITY,Centro Olio Val d'Agri
2023-01-20 22:00:00,0.0,IT.CAED/850592002.FACILITY,Centro Olio Val d'Agri
2023-01-20 23:00:00,0.0,IT.CAED/850592002.FACILITY,Centro Olio Val d'Agri
2023-01-21 00:00:00,0.0,IT.CAED/850592002.FACILITY,Centro Olio Val d'Agri
2023-01-21 01:00:00,0.0,IT.CAED/850592002.FACILITY,Centro Olio Val d'Agri
2023-01-21 02:00:00,0.0,IT.CAED/850592002.FACILITY,Centro Olio Val d'Agri
2023-01-21 03:00:00,0.0,IT.CAED/850592002.FACILITY,Centro Olio Val d'Agri
2023-01-21 04:00:00,0.0,IT.CAED/850592002.FACILITY,Centro Olio Val d'Agri
2023-01-21 05:00:00,0.0,IT.CAED/850592002.FACILITY,Centro Olio Val d'Agri
2023-01-21 06:00:00,0.0,IT.CAED/850592002.FACILITY,Centro Olio Val d'Agri
2023-01-21 07:00:00,0.00228,IT.CAED/850592002.FACILITY,Centro Olio Val d'Agri
2023-01-21 08:00:00,0.12792,IT.CAED/850592002.FACILITY,Centro Olio Val d'Agri
2023-01-21 09:00:00,0.2732,IT.CAED/850592002.FACILITY,Centro Olio Val d'Agri
2023-01-21 10:00:00,0.32531,IT.CAED/850592002.FACILITY,Centro Olio Val d'Agri
2023-01-21 11:00:00,0.24738,IT.CAED/850592002.FACILITY,Centro Olio Val d'Agri
2023-01-21 12:00:00,0.23408,IT.CAED/850592002.FACILITY,Centro Olio Val d'Agri
2023-01-21 13:00:00,0.15602000000000002,IT.CAED/850592002.FACILITY,Centro Olio Val d'Agri
2023-01-21 14:00:00,0.20412,IT.CAED/850592002.FACILITY,Centro Olio Val d'Agri
2023-01-21 15:00:00,0.08942,IT.CAED/850592002.FACILITY,Centro Olio Val d'Agri
2023-01-21 16:00:00,0.02119,IT.CAED/850592002.FACILITY,Centro Olio Val d'Agri
2023-01-21 17:00:00,0.0,IT.CAED/850592002.FACILITY,Centro Olio Val d'Agri
2023-01-21 18:00:00,0.0,IT.CAED/850592002.FACILITY,Centro Olio Val d'Agri
2023-01-21 19:00:00,0.0,IT.CAED/850592002.FACILITY,Centro Olio Val d'Agri
2023-01-21 20:00:00,0.0,IT.CAED/850592002.FACILITY,Centro Olio Val d'Agri
2023-01-21 21:00:00,0.0,IT.CAED/850592002.FACILITY,Centro Olio Val d'Agri
2023-01-21 22:00:00,0.0,IT.CAED/850592002.FACILITY,Centro Olio Val d'Agri
2023-01-21 23:00:00,0.0,IT.CAED/850592002.FACILITY,Centro Olio Val d'Agri
2023-01-22 00:00:00,0.0,IT.CAED/850592002.FACILITY,Centro Olio Val d'Agri
2023-01-22 01:00:00,0.0,IT.CAED/850592002.FACILITY,Centro Olio Val d'Agri
2023-01-22 02:00:00,0.0,IT.CAED/850592002.FACILITY,Centro Olio Val d'Agri
2023-01-22 03:00:00,0.0,IT.CAED/850592002.FACILITY,Centro Olio Val d'Agri
2023-01-22 04:00:00,0.0,IT.CAED/850592002.FACILITY,Centro Olio Val d'Agri
2023-01-22 05:00:00,0.0,IT.CAED/850592002.FACILITY,Centro Olio Val d'Agri
2023-01-22 06:00:00,0.0,IT.CAED/850592002.FACILITY,Centro Olio Val d'Agri
2023-01-22 07:00:00,0.00365,IT.CAED/850592002.FACILITY,Centro Olio Val d'Agri
2023-01-22 08:00:00,0.08586,IT.CAED/850592002.FACILITY,Centro Olio Val d'Agri
2023-01-22 09:00:00,0.12725,IT.CAED/850592002.FACILITY,Centro Olio Val d'Agri
2023-01-22 10:00:00,0.24155000000000001,IT.CAED/850592002.FACILITY,Centro Olio Val d'Agri
2023-01-22 11:00:00,0.30857999999999997,IT.CAED/850592002.FACILITY,Centro Olio Val d'Agri
2023-01-22 12:00:00,0.27601,IT.CAED/850592002.FACILITY,Centro Olio Val d'Agri
2023-01-22 13:00:00,0.30226,IT.CAED/850592002.FACILITY,Centro Olio Val d'Agri
2023-01-22 14:00:00,0.14041,IT.CAED/850592002.FACILITY,Centro Olio Val d'Agri
2023-01-22 15:00:00,0.06399,IT.CAED/850592002.FACILITY,Centro Olio Val d'Agri
2023-01-22 16:00:00,0.00701,IT.CAED/850592002.FACILITY,Centro Olio Val d'Agri
2023-01-22 17:00:00,0.0,IT.CAED/850592002.FACILITY,Centro Olio Val d'Agri
2023-01-22 18:00:00,0.0,IT.CAED/850592002.FACILITY,Centro Olio Val d'Agri
2023-01-22 19:00:00,0.0,IT.CAED/850592002.FACILITY,Centro Olio Val d'Agri
2023-01-22 20:00:00,0.0,IT.CAED/850592002.FACILITY,Centro Olio Val d'Agri
2023-01-22 21:00:00,0.0,IT.CAED/850592002.FACILITY,Centro Olio Val d'Agri
2023-01-22 22:00:00,0.0,IT.CAED/850592002.FACILITY,Centro Olio Val d'Agri
2023-01-22 23:00:00,0.0,IT.CAED/850592002.FACILITY,Centro Olio Val d'Agri
2023-01-23 00:00:00,0.0,IT.CAED/850592002.FACILITY,Centro Olio Val d'Agri
2023-01-23 01:00:00,0.0,IT.CAED/850592002.FACILITY,Centro Olio Val d'Agri
2023-01-23 02:00:00,0.0,IT.CAED/850592002.FACILITY,Centro Olio Val d'Agri
2023-01-23 03:00:00,0.0,IT.CAED/850592002.FACILITY,Centro Olio Val d'Agri
2023-01-23 04:00:00,0.0,IT.CAED/850592002.FACILITY,Centro Olio Val d'Agri
2023-01-23 05:00:00,0.0,IT.CAED/850592002.FACILITY,Centro Olio Val d'Agri
2023-01-23 06:00:00,0.0,IT.CAED/850592002.FACILITY,Centro Olio Val d'Agri
2023-01-23 07:00:00,0.00421,IT.CAED/850592002.FACILITY,Centro Olio Val d'Agri
2023-01-23 08:00:00,0.15646000000000002,IT.CAED/850592002.FACILITY,Centro Olio Val d'Agri
2023-01-23 09:00:00,0.32953,IT.CAED/850592002.FACILITY,Centro Olio Val d'Agri
2023-01-23 10:00:00,0.53642,IT.CAED/850592002.FACILITY,Centro Olio Val d'Agri
2023-01-23 11:00:00,0.56121,IT.CAED/850592002.FACILITY,Centro Olio Val d'Agri
2023-01-23 12:00:00,0.74926,IT.CAED/850592002.FACILITY,Centro Olio Val d'Agri
2023-01-23 13:00:00,0.69021,IT.CAED/850592002.FACILITY,Centro Olio Val d'Agri
2023-01-23 14:00:00,0.5404800000000001,IT.CAED/850592002.FACILITY,Centro Olio Val d'Agri
2023-01-23 15:00:00,0.31433999999999995,IT.CAED/850592002.FACILITY,Centro Olio Val d'Agri
2023-01-23 16:00:00,0.11609,IT.CAED/850592002.FACILITY,Centro Olio Val d'Agri
2023-01-23 17:00:00,0.0,IT.CAED/850592002.FACILITY,Centro Olio Val d'Agri
2023-01-23 18:00:00,0.0,IT.CAED/850592002.FACILITY,Centro Olio Val d'Agri
2023-01-23 19:00:00,0.0,IT.CAED/850592002.FACILITY,Centro Olio Val d'Agri
2023-01-23 20:00:00,0.0,IT.CAED/850592002.FACILITY,Centro Olio Val d'Agri
2023-01-23 21:00:00,0.0,IT.CAED/850592002.FACILITY,Centro Olio Val d'Agri
2023-01-23 22:00:00,0.0,IT.CAED/850592002.FACILITY,Centro Olio Val d'Agri
2023-01-23 23:00:00,0.0,IT.CAED/850592002.FACILITY,Centro Olio Val d'Agri
2023-01-24 00:00:00,0.0,IT.CAED/850592002.FACILITY,Centro Olio Val d'Agri
2023-01-24 01:00:00,0.0,IT.CAED/850592002.FACILITY,Centro Olio Val d'Agri
2023-01-24 02:00:00,0.0,IT.CAED/850592002.FACILITY,Centro Olio Val d'Agri
2023-01-24 03:00:00,0.0,IT.CAED/850592002.FACILITY,Centro Olio Val d'Agri
2023-01-24 04:00:00,0.0,IT.CAED/850592002.FACILITY,Centro Olio Val d'Agri
2023-01-24 05:00:00,0.0,IT.CAED/850592002.FACILITY,Centro Olio Val d'Agri
2023-01-24 06:00:00,0.0,IT.CAED/850592002.FACILITY,Centro Olio Val d'Agri
2023-01-24 07:00:00,0.00519,IT.CAED/850592002.FACILITY,Centro Olio Val d'Agri
2023-01-24 08:00:00,0.25181,IT.CAED/850592002.FACILITY,Centro Olio Val d'Agri
2023-01-24 09:00:00,0.49862,IT.CAED/850592002.FACILITY,Centro Olio Val d'Agri
2023-01-24 10:00:00,0.6254700000000001,IT.CAED/850592002.FACILITY,Centro Olio Val d'Agri
2023-01-24 11:00:00,0.86251,IT.CAED/850592002.FACILITY,Centro Olio Val d'Agri
2023-01-24 12:00:00,0.8993099999999999,IT.CAED/850592002.FACILITY,Centro Olio Val d'Agri
2023-01-24 13:00:00,0.80799,IT.CAED/850592002.FACILITY,Centro Olio Val d'Agri
2023-01-24 14:00:00,0.66877,IT.CAED/850592002.FACILITY,Centro Olio Val d'Agri
2023-01-24 15:00:00,0.43899,IT.CAED/850592002.FACILITY,Centro Olio Val d'Agri
2023-01-24 16:00:00,0.15406999999999998,IT.CAED/850592002.FACILITY,Centro Olio Val d'Agri
2023-01-24 17:00:00,0.0,IT.CAED/850592002.FACILITY,Centro Olio Val d'Agri
2023-01-24 18:00:00,0.0,IT.CAED/850592002.FACILITY,Centro Olio Val d'Agri
2023-01-24 19:00:00,0.0,IT.CAED/850592002.FACILITY,Centro Olio Val d'Agri
2023-01-24 20:00:00,0.0,IT.CAED/850592002.FACILITY,Centro Olio Val d'Agri
2023-01-24 21:00:00,0.0,IT.CAED/850592002.FACILITY,Centro Olio Val d'Agri
2023-01-24 22:00:00,0.0,IT.CAED/850592002.FACILITY,Centro Olio Val d'Agri
2023-01-24 23:00:00,0.0,IT.CAED/850592002.FACILITY,Centro Olio Val d'Agri
2023-01-25 00:00:00,0.0,IT.CAED/850592002.FACILITY,Centro Olio Val d'Agri
2023-01-25 01:00:00,0.0,IT.CAED/850592002.FACILITY,Centro Olio Val d'Agri
2023-01-25 02:00:00,0.0,IT.CAED/850592002.FACILITY,Centro Olio Val d'Agri
2023-01-25 03:00:00,0.0,IT.CAED/850592002.FACILITY,Centro Olio Val d'Agri
2023-01-25 04:00:00,0.0,IT.CAED/850592002.FACILITY,Centro Olio Val d'Agri
2023-01-25 05:00:00,0.0,IT.CAED/850592002.FACILITY,Centro Olio Val d'Agri
2023-01-25 06:00:00,0.0,IT.CAED/850592002.FACILITY,Centro Olio Val d'Agri
2023-01-25 07:00:00,0.005809999999999999,IT.CAED/850592002.FACILITY,Centro Olio Val d'Agri
2023-01-25 08:00:00,0.037079999999999995,IT.CAED/850592002.FACILITY,Centro Olio Val d'Agri
2023-01-25 09:00:00,0.09237999999999999,IT.CAED/850592002.FACILITY,Centro Olio Val d'Agri
2023-01-25 10:00:00,0.19819,IT.CAED/850592002.FACILITY,Centro Olio Val d'Agri
2023-01-25 11:00:00,0.2349,IT.CAED/850592002.FACILITY,Centro Olio Val d'Agri
2023-01-25 12:00:00,0.18302000000000002,IT.CAED/850592002.FACILITY,Centro Olio Val d'Agri
2023-01-25 13:00:00,0.25639,IT.CAED/850592002.FACILITY,Centro Olio Val d'Agri
2023-01-25 14:00:00,0.1453,IT.CAED/850592002.FACILITY,Centro Olio Val d'Agri
2023-01-25 15:00:00,0.07066,IT.CAED/850592002.FACILITY,Centro Olio Val d'Agri
2023-01-25 16:00:00,0.00801,IT.CAED/850592002.FACILITY,Centro Olio Val d'Agri
2023-01-25 17:00:00,0.0,IT.CAED/850592002.FACILITY,Centro Olio Val d'Agri
2023-01-25 18:00:00,0.0,IT.CAED/850592002.FACILITY,Centro Olio Val d'Agri
2023-01-25 19:00:00,0.0,IT.CAED/850592002.FACILITY,Centro Olio Val d'Agri
2023-01-25 20:00:00,0.0,IT.CAED/850592002.FACILITY,Centro Olio Val d'Agri
2023-01-25 21:00:00,0.0,IT.CAED/850592002.FACILITY,Centro Olio Val d'Agri
2023-01-25 22:00:00,0.0,IT.CAED/850592002.FACILITY,Centro Olio Val d'Agri
2023-01-25 23:00:00,0.0,IT.CAED/850592002.FACILITY,Centro Olio Val d'Agri
2023-01-26 00:00:00,0.0,IT.CAED/850592002.FACILITY,Centro Olio Val d'Agri
2023-01-26 01:00:00,0.0,IT.CAED/850592002.FACILITY,Centro Olio Val d'Agri
2023-01-26 02:00:00,0.0,IT.CAED/850592002.FACILITY,Centro Olio Val d'Agri
2023-01-26 03:00:00,0.0,IT.CAED/850592002.FACILITY,Centro Olio Val d'Agri
2023-01-26 04:00:00,0.0,IT.CAED/850592002.FACILITY,Centro Olio Val d'Agri
2023-01-26 05:00:00,0.0,IT.CAED/850592002.FACILITY,Centro Olio Val d'Agri
2023-01-26 06:00:00,0.0,IT.CAED/850592002.FACILITY,Centro Olio Val d'Agri
2023-01-26 07:00:00,0.005,IT.CAED/850592002.FACILITY,Centro Olio Val d'Agri
2023-01-26 08:00:00,0.02725,IT.CAED/850592002.FACILITY,Centro Olio Val d'Agri
2023-01-26 09:00:00,0.054560000000000004,IT.CAED/850592002.FACILITY,Centro Olio Val d'Agri
2023-01-26 10:00:00,0.03656,IT.CAED/850592002.FACILITY,Centro Olio Val d'Agri
2023-01-26 11:00:00,0.10754999999999999,IT.CAED/850592002.FACILITY,Centro Olio Val d'Agri
2023-01-26 12:00:00,0.06908,IT.CAED/850592002.FACILITY,Centro Olio Val d'Agri
2023-01-26 13:00:00,0.061189999999999994,IT.CAED/850592002.FACILITY,Centro Olio Val d'Agri
2023-01-26 14:00:00,0.02312,IT.CAED/850592002.FACILITY,Centro Olio Val d'Agri
2023-01-26 15:00:00,0.010320000000000001,IT.CAED/850592002.FACILITY,Centro Olio Val d'Agri
2023-01-26 16:00:00,0.0,IT.CAED/850592002.FACILITY,Centro Olio Val d'Agri
2023-01-26 17:00:00,0.0,IT.CAED/850592002.FACILITY,Centro Olio Val d'Agri
2023-01-26 18:00:00,0.0,IT.CAED/850592002.FACILITY,Centro Olio Val d'Agri
2023-01-26 19:00:00,0.0,IT.CAED/850592002.FACILITY,Centro Olio Val d'Agri
2023-01-26 20:00:00,0.0,IT.CAED/850592002.FACILITY,Centro Olio Val d'Agri
2023-01-26 21:00:00,0.0,IT.CAED/850592002.FACILITY,Centro Olio Val d'Agri
2023-01-26 22:00:00,0.0,IT.CAED/850592002.FACILITY,Centro Olio Val d'Agri
2023-01-26 23:00:00,0.0,IT.CAED/850592002.FACILITY,Centro Olio Val d'Agri
2023-01-27 00:00:00,0.0,IT.CAED/850592002.FACILITY,Centro Olio Val d'Agri
2023-01-27 01:00:00,0.0,IT.CAED/850592002.FACILITY,Centro Olio Val d'Agri
2023-01-27 02:00:00,0.0,IT.CAED/850592002.FACILITY,Centro Olio Val d'Agri
2023-01-27 03:00:00,0.0,IT.CAED/850592002.FACILITY,Centro Olio Val d'Agri
2023-01-27 04:00:00,0.0,IT.CAED/850592002.FACILITY,Centro Olio Val d'Agri
2023-01-27 05:00:00,0.0,IT.CAED/850592002.FACILITY,Centro Olio Val d'Agri
2023-01-27 06:00:00,0.0,IT.CAED/850592002.FACILITY,Centro Olio Val d'Agri
2023-01-27 07:00:00,0.01434,IT.CAED/850592002.FACILITY,Centro Olio Val d'Agri
2023-01-27 08:00:00,0.08111,IT.CAED/850592002.FACILITY,Centro Olio Val d'Agri
2023-01-27 09:00:00,0.18118,IT.CAED/850592002.FACILITY,Centro Olio Val d'Agri
2023-01-27 10:00:00,0.22300999999999999,IT.CAED/850592002.FACILITY,Centro Olio Val d'Agri
2023-01-27 11:00:00,0.27714999999999995,IT.CAED/850592002.FACILITY,Centro Olio Val d'Agri
2023-01-27 12:00:00,0.26866,IT.CAED/850592002.FACILITY,Centro Olio Val d'Agri
2023-01-27 13:00:00,0.26576,IT.CAED/850592002.FACILITY,Centro Olio Val d'Agri
2023-01-27 14:00:00,0.17055,IT.CAED/850592002.FACILITY,Centro Olio Val d'Agri
2023-01-27 15:00:00,0.08629,IT.CAED/850592002.FACILITY,Centro Olio Val d'Agri
2023-01-27 16:00:00,0.019039999999999998,IT.CAED/850592002.FACILITY,Centro Olio Val d'Agri
2023-01-27 17:00:00,0.0,IT.CAED/850592002.FACILITY,Centro Olio Val d'Agri
2023-01-27 18:00:00,0.0,IT.CAED/850592002.FACILITY,Centro Olio Val d'Agri
2023-01-27 19:00:00,0.0,IT.CAED/850592002.FACILITY,Centro Olio Val d'Agri
2023-01-27 20:00:00,0.0,IT.CAED/850592002.FACILITY,Centro Olio Val d'Agri
2023-01-27 21:00:00,0.0,IT.CAED/850592002.FACILITY,Centro Olio Val d'Agri
2023-01-27 22:00:00,0.0,IT.CAED/850592002.FACILITY,Centro Olio Val d'Agri
2023-01-27 23:00:00,0.0,IT.CAED/850592002.FACILITY,Centro Olio Val d'Agri
2023-01-28 00:00:00,0.0,IT.CAED/850592002.FACILITY,Centro Olio Val d'Agri
2023-01-28 01:00:00,0.0,IT.CAED/850592002.FACILITY,Centro Olio Val d'Agri
2023-01-28 02:00:00,0.0,IT.CAED/850592002.FACILITY,Centro Olio Val d'Agri
2023-01-28 03:00:00,0.0,IT.CAED/850592002.FACILITY,Centro Olio Val d'Agri
2023-01-28 04:00:00,0.0,IT.CAED/850592002.FACILITY,Centro Olio Val d'Agri
2023-01-28 05:00:00,0.0,IT.CAED/850592002.FACILITY,Centro Olio Val d'Agri
2023-01-28 06:00:00,0.0,IT.CAED/850592002.FACILITY,Centro Olio Val d'Agri
2023-01-28 07:00:00,0.0287,IT.CAED/850592002.FACILITY,Centro Olio Val d'Agri
2023-01-28 08:00:00,0.14493999999999999,IT.CAED/850592002.FACILITY,Centro Olio Val d'Agri
2023-01-28 09:00:00,0.29120999999999997,IT.CAED/850592002.FACILITY,Centro Olio Val d'Agri
2023-01-28 10:00:00,0.43695999999999996,IT.CAED/850592002.FACILITY,Centro Olio Val d'Agri
2023-01-28 11:00:00,0.44032,IT.CAED/850592002.FACILITY,Centro Olio Val d'Agri
2023-01-28 12:00:00,0.45637,IT.CAED/850592002.FACILITY,Centro Olio Val d'Agri
2023-01-28 13:00:00,0.34245,IT.CAED/850592002.FACILITY,Centro Olio Val d'Agri
2023-01-28 14:00:00,0.16513,IT.CAED/850592002.FACILITY,Centro Olio Val d'Agri
2023-01-28 15:00:00,0.09491,IT.CAED/850592002.FACILITY,Centro Olio Val d'Agri
2023-01-28 16:00:00,0.03144,IT.CAED/850592002.FACILITY,Centro Olio Val d'Agri
2023-01-28 17:00:00,0.0,IT.CAED/850592002.FACILITY,Centro Olio Val d'Agri
2023-01-28 18:00:00,0.0,IT.CAED/850592002.FACILITY,Centro Olio Val d'Agri
2023-01-28 19:00:00,0.0,IT.CAED/850592002.FACILITY,Centro Olio Val d'Agri
2023-01-28 20:00:00,0.0,IT.CAED/850592002.FACILITY,Centro Olio Val d'Agri
2023-01-28 21:00:00,0.0,IT.CAED/850592002.FACILITY,Centro Olio Val d'Agri
2023-01-28 22:00:00,0.0,IT.CAED/850592002.FACILITY,Centro Olio Val d'Agri
2023-01-28 23:00:00,0.0,IT.CAED/850592002.FACILITY,Centro Olio Val d'Agri
2023-01-29 00:00:00,0.0,IT.CAED/850592002.FACILITY,Centro Olio Val d'Agri
2023-01-29 01:00:00,0.0,IT.CAED/850592002.FACILITY,Centro Olio Val d'Agri
2023-01-29 02:00:00,0.0,IT.CAED/850592002.FACILITY,Centro Olio Val d'Agri
2023-01-29 03:00:00,0.0,IT.CAED/850592002.FACILITY,Centro Olio Val d'Agri
2023-01-29 04:00:00,0.0,IT.CAED/850592002.FACILITY,Centro Olio Val d'Agri
2023-01-29 05:00:00,0.0,IT.CAED/850592002.FACILITY,Centro Olio Val d'Agri
2023-01-29 06:00:00,0.0,IT.CAED/850592002.FACILITY,Centro Olio Val d'Agri
2023-01-29 07:00:00,0.04306,IT.CAED/850592002.FACILITY,Centro Olio Val d'Agri
2023-01-29 08:00:00,0.17831,IT.CAED/850592002.FACILITY,Centro Olio Val d'Agri
2023-01-29 09:00:00,0.31595,IT.CAED/850592002.FACILITY,Centro Olio Val d'Agri
2023-01-29 10:00:00,0.4586,IT.CAED/850592002.FACILITY,Centro Olio Val d'Agri
2023-01-29 11:00:00,0.44955,IT.CAED/850592002.FACILITY,Centro Olio Val d'Agri
2023-01-29 12:00:00,0.52688,IT.CAED/850592002.FACILITY,Centro Olio Val d'Agri
2023-01-29 13:00:00,0.40164,IT.CAED/850592002.FACILITY,Centro Olio Val d'Agri
2023-01-29 14:00:00,0.38554,IT.CAED/850592002.FACILITY,Centro Olio Val d'Agri
2023-01-29 15:00:00,0.26803,IT.CAED/850592002.FACILITY,Centro Olio Val d'Agri
2023-01-29 16:00:00,0.11462,IT.CAED/850592002.FACILITY,Centro Olio Val d'Agri
2023-01-29 17:00:00,0.0,IT.CAED/850592002.FACILITY,Centro Olio Val d'Agri
2023-01-29 18:00:00,0.0,IT.CAED/850592002.FACILITY,Centro Olio Val d'Agri
2023-01-29 19:00:00,0.0,IT.CAED/850592002.FACILITY,Centro Olio Val d'Agri
2023-01-29 20:00:00,0.0,IT.CAED/850592002.FACILITY,Centro Olio Val d'Agri
2023-01-29 21:00:00,0.0,IT.CAED/850592002.FACILITY,Centro Olio Val d'Agri
2023-01-29 22:00:00,0.0,IT.CAED/850592002.FACILITY,Centro Olio Val d'Agri
2023-01-29 23:00:00,0.0,IT.CAED/850592002.FACILITY,Centro Olio Val d'Agri
2023-01-30 00:00:00,0.0,IT.CAED/850592002.FACILITY,Centro Olio Val d'Agri
2023-01-30 01:00:00,0.0,IT.CAED/850592002.FACILITY,Centro Olio Val d'Agri
2023-01-30 02:00:00,0.0,IT.CAED/850592002.FACILITY,Centro Olio Val d'Agri
2023-01-30 03:00:00,0.0,IT.CAED/850592002.FACILITY,Centro Olio Val d'Agri
2023-01-30 04:00:00,0.0,IT.CAED/850592002.FACILITY,Centro Olio Val d'Agri
2023-01-30 05:00:00,0.0,IT.CAED/850592002.FACILITY,Centro Olio Val d'Agri
2023-01-30 06:00:00,0.0,IT.CAED/850592002.FACILITY,Centro Olio Val d'Agri
2023-01-30 07:00:00,0.10831,IT.CAED/850592002.FACILITY,Centro Olio Val d'Agri
2023-01-30 08:00:00,0.41333,IT.CAED/850592002.FACILITY,Centro Olio Val d'Agri
2023-01-30 09:00:00,0.6485,IT.CAED/850592002.FACILITY,Centro Olio Val d'Agri
2023-01-30 10:00:00,0.80798,IT.CAED/850592002.FACILITY,Centro Olio Val d'Agri
2023-01-30 11:00:00,0.90726,IT.CAED/850592002.FACILITY,Centro Olio Val d'Agri
2023-01-30 12:00:00,0.92563,IT.CAED/850592002.FACILITY,Centro Olio Val d'Agri
2023-01-30 13:00:00,0.8199299999999999,IT.CAED/850592002.FACILITY,Centro Olio Val d'Agri
2023-01-30 14:00:00,0.71133,IT.CAED/850592002.FACILITY,Centro Olio Val d'Agri
2023-01-30 15:00:00,0.46461,IT.CAED/850592002.FACILITY,Centro Olio Val d'Agri
2023-01-30 16:00:00,0.14908000000000002,IT.CAED/850592002.FACILITY,Centro Olio Val d'Agri
2023-01-30 17:00:00,0.0,IT.CAED/850592002.FACILITY,Centro Olio Val d'Agri
2023-01-30 18:00:00,0.0,IT.CAED/850592002.FACILITY,Centro Olio Val d'Agri
2023-01-30 19:00:00,0.0,IT.CAED/850592002.FACILITY,Centro Olio Val d'Agri
2023-01-30 20:00:00,0.0,IT.CAED/850592002.FACILITY,Centro Olio Val d'Agri
2023-01-30 21:00:00,0.0,IT.CAED/850592002.FACILITY,Centro Olio Val d'Agri
2023-01-30 22:00:00,0.0,IT.CAED/850592002.FACILITY,Centro Olio Val d'Agri
2023-01-30 23:00:00,0.0,IT.CAED/850592002.FACILITY,Centro Olio Val d'Agri
2023-01-31 00:00:00,0.0,IT.CAED/850592002.FACILITY,Centro Olio Val d'Agri
2023-01-31 01:00:00,0.0,IT.CAED/850592002.FACILITY,Centro Olio Val d'Agri
2023-01-31 02:00:00,0.0,IT.CAED/850592002.FACILITY,Centro Olio Val d'Agri
2023-01-31 03:00:00,0.0,IT.CAED/850592002.FACILITY,Centro Olio Val d'Agri
2023-01-31 04:00:00,0.0,IT.CAED/850592002.FACILITY,Centro Olio Val d'Agri
2023-01-31 05:00:00,0.0,IT.CAED/850592002.FACILITY,Centro Olio Val d'Agri
2023-01-31 06:00:00,0.0,IT.CAED/850592002.FACILITY,Centro Olio Val d'Agri
2023-01-31 07:00:00,0.08355,IT.CAED/850592002.FACILITY,Centro Olio Val d'Agri
2023-01-31 08:00:00,0.29412,IT.CAED/850592002.FACILITY,Centro Olio Val d'Agri
2023-01-31 09:00:00,0.40846,IT.CAED/850592002.FACILITY,Centro Olio Val d'Agri
2023-01-31 10:00:00,0.7509199999999999,IT.CAED/850592002.FACILITY,Centro Olio Val d'Agri
2023-01-31 11:00:00,0.82126,IT.CAED/850592002.FACILITY,Centro Olio Val d'Agri
2023-01-31 12:00:00,0.90713,IT.CAED/850592002.FACILITY,Centro Olio Val d'Agri
2023-01-31 13:00:00,0.8489500000000001,IT.CAED/850592002.FACILITY,Centro Olio Val d'Agri
2023-01-31 14:00:00,0.70353,IT.CAED/850592002.FACILITY,Centro Olio Val d'Agri
2023-01-31 15:00:00,0.494,IT.CAED/850592002.FACILITY,Centro Olio Val d'Agri
2023-01-31 16:00:00,0.20362,IT.CAED/850592002.FACILITY,Centro Olio Val d'Agri
2023-01-31 17:00:00,0.0,IT.CAED/850592002.FACILITY,Centro Olio Val d'Agri
2023-01-31 18:00:00,0.0,IT.CAED/850592002.FACILITY,Centro Olio Val d'Agri
2023-01-31 19:00:00,0.0,IT.CAED/850592002.FACILITY,Centro Olio Val d'Agri
2023-01-31 20:00:00,0.0,IT.CAED/850592002.FACILITY,Centro Olio Val d'Agri
2023-01-31 21:00:00,0.0,IT.CAED/850592002.FACILITY,Centro Olio Val d'Agri
2023-01-31 22:00:00,0.0,IT.CAED/850592002.FACILITY,Centro Olio Val d'Agri
2023-01-31 23:00:00,0.0,IT.CAED/850592002.FACILITY,Centro Olio Val d'Agri
2023-02-01 00:00:00,0.0,IT.CAED/850592002.FACILITY,Centro Olio Val d'Agri
2023-02-01 01:00:00,0.0,IT.CAED/850592002.FACILITY,Centro Olio Val d'Agri
2023-02-01 02:00:00,0.0,IT.CAED/850592002.FACILITY,Centro Olio Val d'Agri
2023-02-01 03:00:00,0.0,IT.CAED/850592002.FACILITY,Centro Olio Val d'Agri
2023-02-01 04:00:00,0.0,IT.CAED/850592002.FACILITY,Centro Olio Val d'Agri
2023-02-01 05:00:00,0.0,IT.CAED/850592002.FACILITY,Centro Olio Val d'Agri
2023-02-01 06:00:00,0.0,IT.CAED/850592002.FACILITY,Centro Olio Val d'Agri
2023-02-01 07:00:00,0.12153,IT.CAED/850592002.FACILITY,Centro Olio Val d'Agri
2023-02-01 08:00:00,0.42019,IT.CAED/850592002.FACILITY,Centro Olio Val d'Agri
2023-02-01 09:00:00,0.6662,IT.CAED/850592002.FACILITY,Centro Olio Val d'Agri
2023-02-01 10:00:00,0.82616,IT.CAED/850592002.FACILITY,Centro Olio Val d'Agri
2023-02-01 11:00:00,0.91072,IT.CAED/850592002.FACILITY,Centro Olio Val d'Agri
2023-02-01 12:00:00,0.9139400000000001,IT.CAED/850592002.FACILITY,Centro Olio Val d'Agri
2023-02-01 13:00:00,0.85311,IT.CAED/850592002.FACILITY,Centro Olio Val d'Agri
2023-02-01 14:00:00,0.6951499999999999,IT.CAED/850592002.FACILITY,Centro Olio Val d'Agri
2023-02-01 15:00:00,0.43686,IT.CAED/850592002.FACILITY,Centro Olio Val d'Agri
2023-02-01 16:00:00,0.18189,IT.CAED/850592002.FACILITY,Centro Olio Val d'Agri
2023-02-01 17:00:00,0.0,IT.CAED/850592002.FACILITY,Centro Olio Val d'Agri
2023-02-01 18:00:00,0.0,IT.CAED/850592002.FACILITY,Centro Olio Val d'Agri
2023-02-01 19:00:00,0.0,IT.CAED/850592002.FACILITY,Centro Olio Val d'Agri
2023-02-01 20:00:00,0.0,IT.CAED/850592002.FACILITY,Centro Olio Val d'Agri
2023-02-01 21:00:00,0.0,IT.CAED/850592002.FACILITY,Centro Olio Val d'Agri
2023-02-01 22:00:00,0.0,IT.CAED/850592002.FACILITY,Centro Olio Val d'Agri
2023-02-01 23:00:00,0.0,IT.CAED/850592002.FACILITY,Centro Olio Val d'Agri
2023-02-02 00:00:00,0.0,IT.CAED/850592002.FACILITY,Centro Olio Val d'Agri
2023-02-02 01:00:00,0.0,IT.CAED/850592002.FACILITY,Centro Olio Val d'Agri
2023-02-02 02:00:00,0.0,IT.CAED/850592002.FACILITY,Centro Olio Val d'Agri
2023-02-02 03:00:00,0.0,IT.CAED/850592002.FACILITY,Centro Olio Val d'Agri
2023-02-02 04:00:00,0.0,IT.CAED/850592002.FACILITY,Centro Olio Val d'Agri
2023-02-02 05:00:00,0.0,IT.CAED/850592002.FACILITY,Centro Olio Val d'Agri
2023-02-02 06:00:00,0.0,IT.CAED/850592002.FACILITY,Centro Olio Val d'Agri
2023-02-02 07:00:00,0.11785,IT.CAED/850592002.FACILITY,Centro Olio Val d'Agri
2023-02-02 08:00:00,0.37031000000000003,IT.CAED/850592002.FACILITY,Centro Olio Val d'Agri
2023-02-02 09:00:00,0.64737,IT.CAED/850592002.FACILITY,Centro Olio Val d'Agri
2023-02-02 10:00:00,0.8082,IT.CAED/850592002.FACILITY,Centro Olio Val d'Agri
2023-02-02 11:00:00,0.8739600000000001,IT.CAED/850592002.FACILITY,Centro Olio Val d'Agri
2023-02-02 12:00:00,0.89012,IT.CAED/850592002.FACILITY,Centro Olio Val d'Agri
2023-02-02 13:00:00,0.82459,IT.CAED/850592002.FACILITY,Centro Olio Val d'Agri
2023-02-02 14:00:00,0.6948099999999999,IT.CAED/850592002.FACILITY,Centro Olio Val d'Agri
2023-02-02 15:00:00,0.47481,IT.CAED/850592002.FACILITY,Centro Olio Val d'Agri
2023-02-02 16:00:00,0.18065,IT.CAED/850592002.FACILITY,Centro Olio Val d'Agri
2023-02-02 17:00:00,0.0,IT.CAED/850592002.FACILITY,Centro Olio Val d'Agri
2023-02-02 18:00:00,0.0,IT.CAED/850592002.FACILITY,Centro Olio Val d'Agri
2023-02-02 19:00:00,0.0,IT.CAED/850592002.FACILITY,Centro Olio Val d'Agri
2023-02-02 20:00:00,0.0,IT.CAED/850592002.FACILITY,Centro Olio Val d'Agri
2023-02-02 21:00:00,0.0,IT.CAED/850592002.FACILITY,Centro Olio Val d'Agri
2023-02-02 22:00:00,0.0,IT.CAED/850592002.FACILITY,Centro Olio Val d'Agri
2023-02-02 23:00:00,0.0,IT.CAED/850592002.FACILITY,Centro Olio Val d'Agri
2023-02-03 00:00:00,0.0,IT.CAED/850592002.FACILITY,Centro Olio Val d'Agri
2023-02-03 01:00:00,0.0,IT.CAED/850592002.FACILITY,Centro Olio Val d'Agri
2023-02-03 02:00:00,0.0,IT.CAED/850592002.FACILITY,Centro Olio Val d'Agri
2023-02-03 03:00:00,0.0,IT.CAED/850592002.FACILITY,Centro Olio Val d'Agri
2023-02-03 04:00:00,0.0,IT.CAED/850592002.FACILITY,Centro Olio Val d'Agri
2023-02-03 05:00:00,0.0,IT.CAED/850592002.FACILITY,Centro Olio Val d'Agri
2023-02-03 06:00:00,0.0,IT.CAED/850592002.FACILITY,Centro Olio Val d'Agri
2023-02-03 07:00:00,0.12329000000000001,IT.CAED/850592002.FACILITY,Centro Olio Val d'Agri
2023-02-03 08:00:00,0.41212,IT.CAED/850592002.FACILITY,Centro Olio Val d'Agri
2023-02-03 09:00:00,0.65052,IT.CAED/850592002.FACILITY,Centro Olio Val d'Agri
2023-02-03 10:00:00,0.8015,IT.CAED/850592002.FACILITY,Centro Olio Val d'Agri
2023-02-03 11:00:00,0.8869199999999999,IT.CAED/850592002.FACILITY,Centro Olio Val d'Agri
2023-02-03 12:00:00,0.89291,IT.CAED/850592002.FACILITY,Centro Olio Val d'Agri
2023-02-03 13:00:00,0.82608,IT.CAED/850592002.FACILITY,Centro Olio Val d'Agri
2023-02-03 14:00:00,0.68753,IT.CAED/850592002.FACILITY,Centro Olio Val d'Agri
2023-02-03 15:00:00,0.47520999999999997,IT.CAED/850592002.FACILITY,Centro Olio Val d'Agri
2023-02-03 16:00:00,0.20104,IT.CAED/850592002.FACILITY,Centro Olio Val d'Agri
2023-02-03 17:00:00,0.0,IT.CAED/850592002.FACILITY,Centro Olio Val d'Agri
2023-02-03 18:00:00,0.0,IT.CAED/850592002.FACILITY,Centro Olio Val d'Agri
2023-02-03 19:00:00,0.0,IT.CAED/850592002.FACILITY,Centro Olio Val d'Agri
2023-02-03 20:00:00,0.0,IT.CAED/850592002.FACILITY,Centro Olio Val d'Agri
2023-02-03 21:00:00,0.0,IT.CAED/850592002.FACILITY,Centro Olio Val d'Agri
2023-02-03 22:00:00,0.0,IT.CAED/850592002.FACILITY,Centro Olio Val d'Agri
2023-02-03 23:00:00,0.0,IT.CAED/850592002.FACILITY,Centro Olio Val d'Agri
2023-02-04 00:00:00,0.0,IT.CAED/850592002.FACILITY,Centro Olio Val d'Agri
2023-02-04 01:00:00,0.0,IT.CAED/850592002.FACILITY,Centro Olio Val d'Agri
2023-02-04 02:00:00,0.0,IT.CAED/850592002.FACILITY,Centro Olio Val d'Agri
2023-02-04 03:00:00,0.0,IT.CAED/850592002.FACILITY,Centro Olio Val d'Agri
2023-02-04 04:00:00,0.0,IT.CAED/850592002.FACILITY,Centro Olio Val d'Agri
2023-02-04 05:00:00,0.0,IT.CAED/850592002.FACILITY,Centro Olio Val d'Agri
2023-02-04 06:00:00,0.0,IT.CAED/850592002.FACILITY,Centro Olio Val d'Agri
2023-02-04 07:00:00,0.04149,IT.CAED/850592002.FACILITY,Centro Olio Val d'Agri
2023-02-04 08:00:00,0.11176,IT.CAED/850592002.FACILITY,Centro Olio Val d'Agri
2023-02-04 09:00:00,0.32441000000000003,IT.CAED/850592002.FACILITY,Centro Olio Val d'Agri
2023-02-04 10:00:00,0.57957,IT.CAED/850592002.FACILITY,Centro Olio Val d'Agri
2023-02-04 11:00:00,0.77128,IT.CAED/850592002.FACILITY,Centro Olio Val d'Agri
2023-02-04 12:00:00,0.68796,IT.CAED/850592002.FACILITY,Centro Olio Val d'Agri
2023-02-04 13:00:00,0.72849,IT.CAED/850592002.FACILITY,Centro Olio Val d'Agri
2023-02-04 14:00:00,0.46355,IT.CAED/850592002.FACILITY,Centro Olio Val d'Agri
2023-02-04 15:00:00,0.3663,IT.CAED/850592002.FACILITY,Centro Olio Val d'Agri
2023-02-04 16:00:00,0.18339,IT.CAED/850592002.FACILITY,Centro Olio Val d'Agri
2023-02-04 17:00:00,0.0,IT.CAED/850592002.FACILITY,Centro Olio Val d'Agri
2023-02-04 18:00:00,0.0,IT.CAED/850592002.FACILITY,Centro Olio Val d'Agri
2023-02-04 19:00:00,0.0,IT.CAED/850592002.FACILITY,Centro Olio Val d'Agri
2023-02-04 20:00:00,0.0,IT.CAED/850592002.FACILITY,Centro Olio Val d'Agri
2023-02-04 21:00:00,0.0,IT.CAED/850592002.FACILITY,Centro Olio Val d'Agri
2023-02-04 22:00:00,0.0,IT.CAED/850592002.FACILITY,Centro Olio Val d'Agri
2023-02-04 23:00:00,0.0,IT.CAED/850592002.FACILITY,Centro Olio Val d'Agri
2023-02-05 00:00:00,0.0,IT.CAED/850592002.FACILITY,Centro Olio Val d'Agri
2023-02-05 01:00:00,0.0,IT.CAED/850592002.FACILITY,Centro Olio Val d'Agri
2023-02-05 02:00:00,0.0,IT.CAED/850592002.FACILITY,Centro Olio Val d'Agri
2023-02-05 03:00:00,0.0,IT.CAED/850592002.FACILITY,Centro Olio Val d'Agri
2023-02-05 04:00:00,0.0,IT.CAED/850592002.FACILITY,Centro Olio Val d'Agri
2023-02-05 05:00:00,0.0,IT.CAED/850592002.FACILITY,Centro Olio Val d'Agri
2023-02-05 06:00:00,0.0,IT.CAED/850592002.FACILITY,Centro Olio Val d'Agri
2023-02-05 07:00:00,0.11467000000000001,IT.CAED/850592002.FACILITY,Centro Olio Val d'Agri
2023-02-05 08:00:00,0.35858999999999996,IT.CAED/850592002.FACILITY,Centro Olio Val d'Agri
2023-02-05 09:00:00,0.59186,IT.CAED/850592002.FACILITY,Centro Olio Val d'Agri
2023-02-05 10:00:00,0.6483,IT.CAED/850592002.FACILITY,Centro Olio Val d'Agri
2023-02-05 11:00:00,0.8473200000000001,IT.CAED/850592002.FACILITY,Centro Olio Val d'Agri
2023-02-05 12:00:00,0.66808,IT.CAED/850592002.FACILITY,Centro Olio Val d'Agri
2023-02-05 13:00:00,0.38486000000000004,IT.CAED/850592002.FACILITY,Centro Olio Val d'Agri
2023-02-05 14:00:00,0.30106,IT.CAED/850592002.FACILITY,Centro Olio Val d'Agri
2023-02-05 15:00:00,0.20358,IT.CAED/850592002.FACILITY,Centro Olio Val d'Agri
2023-02-05 16:00:00,0.16775,IT.CAED/850592002.FACILITY,Centro Olio Val d'Agri
2023-02-05 17:00:00,0.0,IT.CAED/850592002.FACILITY,Centro Olio Val d'Agri
2023-02-05 18:00:00,0.0,IT.CAED/850592002.FACILITY,Centro Olio Val d'Agri
2023-02-05 19:00:00,0.0,IT.CAED/850592002.FACILITY,Centro Olio Val d'Agri
2023-02-05 20:00:00,0.0,IT.CAED/850592002.FACILITY,Centro Olio Val d'Agri
2023-02-05 21:00:00,0.0,IT.CAED/850592002.FACILITY,Centro Olio Val d'Agri
2023-02-05 22:00:00,0.0,IT.CAED/850592002.FACILITY,Centro Olio Val d'Agri
2023-02-05 23:00:00,0.0,IT.CAED/850592002.FACILITY,Centro Olio Val d'Agri
2023-02-06 00:00:00,0.0,IT.CAED/850592002.FACILITY,Centro Olio Val d'Agri
2023-02-06 01:00:00,0.0,IT.CAED/850592002.FACILITY,Centro Olio Val d'Agri
2023-02-06 02:00:00,0.0,IT.CAED/850592002.FACILITY,Centro Olio Val d'Agri
2023-02-06 03:00:00,0.0,IT.CAED/850592002.FACILITY,Centro Olio Val d'Agri
2023-02-06 04:00:00,0.0,IT.CAED/850592002.FACILITY,Centro Olio Val d'Agri
2023-02-06 05:00:00,0.0,IT.CAED/850592002.FACILITY,Centro Olio Val d'Agri
2023-02-06 06:00:00,0.0,IT.CAED/850592002.FACILITY,Centro Olio Val d'Agri
2023-02-06 07:00:00,0.09715,IT.CAED/850592002.FACILITY,Centro Olio Val d'Agri
2023-02-06 08:00:00,0.34655,IT.CAED/850592002.FACILITY,Centro Olio Val d'Agri
2023-02-06 09:00:00,0.5245599999999999,IT.CAED/850592002.FACILITY,Centro Olio Val d'Agri
2023-02-06 10:00:00,0.44956,IT.CAED/850592002.FACILITY,Centro Olio Val d'Agri
2023-02-06 11:00:00,0.59278,IT.CAED/850592002.FACILITY,Centro Olio Val d'Agri
2023-02-06 12:00:00,0.49944,IT.CAED/850592002.FACILITY,Centro Olio Val d'Agri
2023-02-06 13:00:00,0.42468,IT.CAED/850592002.FACILITY,Centro Olio Val d'Agri
2023-02-06 14:00:00,0.34317000000000003,IT.CAED/850592002.FACILITY,Centro Olio Val d'Agri
2023-02-06 15:00:00,0.17309,IT.CAED/850592002.FACILITY,Centro Olio Val d'Agri
2023-02-06 16:00:00,0.07377,IT.CAED/850592002.FACILITY,Centro Olio Val d'Agri
2023-02-06 17:00:00,0.0,IT.CAED/850592002.FACILITY,Centro Olio Val d'Agri
2023-02-06 18:00:00,0.0,IT.CAED/850592002.FACILITY,Centro Olio Val d'Agri
2023-02-06 19:00:00,0.0,IT.CAED/850592002.FACILITY,Centro Olio Val d'Agri
2023-02-06 20:00:00,0.0,IT.CAED/850592002.FACILITY,Centro Olio Val d'Agri
2023-02-06 21:00:00,0.0,IT.CAED/850592002.FACILITY,Centro Olio Val d'Agri
2023-02-06 22:00:00,0.0,IT.CAED/850592002.FACILITY,Centro Olio Val d'Agri
2023-02-06 23:00:00,0.0,IT.CAED/850592002.FACILITY,Centro Olio Val d'Agri
2023-02-07 00:00:00,0.0,IT.CAED/850592002.FACILITY,Centro Olio Val d'Agri
2023-02-07 01:00:00,0.0,IT.CAED/850592002.FACILITY,Centro Olio Val d'Agri
2023-02-07 02:00:00,0.0,IT.CAED/850592002.FACILITY,Centro Olio Val d'Agri
2023-02-07 03:00:00,0.0,IT.CAED/850592002.FACILITY,Centro Olio Val d'Agri
2023-02-07 04:00:00,0.0,IT.CAED/850592002.FACILITY,Centro Olio Val d'Agri
2023-02-07 05:00:00,0.0,IT.CAED/850592002.FACILITY,Centro Olio Val d'Agri
2023-02-07 06:00:00,0.0,IT.CAED/850592002.FACILITY,Centro Olio Val d'Agri
2023-02-07 07:00:00,0.07357,IT.CAED/850592002.FACILITY,Centro Olio Val d'Agri
2023-02-07 08:00:00,0.26544,IT.CAED/850592002.FACILITY,Centro Olio Val d'Agri
2023-02-07 09:00:00,0.41541,IT.CAED/850592002.FACILITY,Centro Olio Val d'Agri
2023-02-07 10:00:00,0.67052,IT.CAED/850592002.FACILITY,Centro Olio Val d'Agri
2023-02-07 11:00:00,0.6129,IT.CAED/850592002.FACILITY,Centro Olio Val d'Agri
2023-02-07 12:00:00,0.5572999999999999,IT.CAED/850592002.FACILITY,Centro Olio Val d'Agri
2023-02-07 13:00:00,0.5272899999999999,IT.CAED/850592002.FACILITY,Centro Olio Val d'Agri
2023-02-07 14:00:00,0.41844,IT.CAED/850592002.FACILITY,Centro Olio Val d'Agri
2023-02-07 15:00:00,0.18247,IT.CAED/850592002.FACILITY,Centro Olio Val d'Agri
2023-02-07 16:00:00,0.15197,IT.CAED/850592002.FACILITY,Centro Olio Val d'Agri
2023-02-07 17:00:00,0.0,IT.CAED/850592002.FACILITY,Centro Olio Val d'Agri
2023-02-07 18:00:00,0.0,IT.CAED/850592002.FACILITY,Centro Olio Val d'Agri
2023-02-07 19:00:00,0.0,IT.CAED/850592002.FACILITY,Centro Olio Val d'Agri
2023-02-07 20:00:00,0.0,IT.CAED/850592002.FACILITY,Centro Olio Val d'Agri
2023-02-07 21:00:00,0.0,IT.CAED/850592002.FACILITY,Centro Olio Val d'Agri
2023-02-07 22:00:00,0.0,IT.CAED/850592002.FACILITY,Centro Olio Val d'Agri
2023-02-07 23:00:00,0.0,IT.CAED/850592002.FACILITY,Centro Olio Val d'Agri
2023-02-08 00:00:00,0.0,IT.CAED/850592002.FACILITY,Centro Olio Val d'Agri
2023-02-08 01:00:00,0.0,IT.CAED/850592002.FACILITY,Centro Olio Val d'Agri
2023-02-08 02:00:00,0.0,IT.CAED/850592002.FACILITY,Centro Olio Val d'Agri
2023-02-08 03:00:00,0.0,IT.CAED/850592002.FACILITY,Centro Olio Val d'Agri
2023-02-08 04:00:00,0.0,IT.CAED/850592002.FACILITY,Centro Olio Val d'Agri
2023-02-08 05:00:00,0.0,IT.CAED/850592002.FACILITY,Centro Olio Val d'Agri
2023-02-08 06:00:00,0.0,IT.CAED/850592002.FACILITY,Centro Olio Val d'Agri
2023-02-08 07:00:00,0.11846,IT.CAED/850592002.FACILITY,Centro Olio Val d'Agri
2023-02-08 08:00:00,0.36141,IT.CAED/850592002.FACILITY,Centro Olio Val d'Agri
2023-02-08 09:00:00,0.66013,IT.CAED/850592002.FACILITY,Centro Olio Val d'Agri
2023-02-08 10:00:00,0.874,IT.CAED/850592002.FACILITY,Centro Olio Val d'Agri
2023-02-08 11:00:00,0.90023,IT.CAED/850592002.FACILITY,Centro Olio Val d'Agri
2023-02-08 12:00:00,0.81631,IT.CAED/850592002.FACILITY,Centro Olio Val d'Agri
2023-02-08 13:00:00,0.57432,IT.CAED/850592002.FACILITY,Centro Olio Val d'Agri
2023-02-08 14:00:00,0.49537,IT.CAED/850592002.FACILITY,Centro Olio Val d'Agri
2023-02-08 15:00:00,0.15347999999999998,IT.CAED/850592002.FACILITY,Centro Olio Val d'Agri
2023-02-08 16:00:00,0.04469,IT.CAED/850592002.FACILITY,Centro Olio Val d'Agri
2023-02-08 17:00:00,0.0,IT.CAED/850592002.FACILITY,Centro Olio Val d'Agri
2023-02-08 18:00:00,0.0,IT.CAED/850592002.FACILITY,Centro Olio Val d'Agri
2023-02-08 19:00:00,0.0,IT.CAED/850592002.FACILITY,Centro Olio Val d'Agri
2023-02-08 20:00:00,0.0,IT.CAED/850592002.FACILITY,Centro Olio Val d'Agri
2023-02-08 21:00:00,0.0,IT.CAED/850592002.FACILITY,Centro Olio Val d'Agri
2023-02-08 22:00:00,0.0,IT.CAED/850592002.FACILITY,Centro Olio Val d'Agri
2023-02-08 23:00:00,0.0,IT.CAED/850592002.FACILITY,Centro Olio Val d'Agri
2023-02-09 00:00:00,0.0,IT.CAED/850592002.FACILITY,Centro Olio Val d'Agri
2023-02-09 01:00:00,0.0,IT.CAED/850592002.FACILITY,Centro Olio Val d'Agri
2023-02-09 02:00:00,0.0,IT.CAED/850592002.FACILITY,Centro Olio Val d'Agri
2023-02-09 03:00:00,0.0,IT.CAED/850592002.FACILITY,Centro Olio Val d'Agri
2023-02-09 04:00:00,0.0,IT.CAED/850592002.FACILITY,Centro Olio Val d'Agri
2023-02-09 05:00:00,0.0,IT.CAED/850592002.FACILITY,Centro Olio Val d'Agri
2023-02-09 06:00:00,0.0,IT.CAED/850592002.FACILITY,Centro Olio Val d'Agri
2023-02-09 07:00:00,0.009779999999999999,IT.CAED/850592002.FACILITY,Centro Olio Val d'Agri
2023-02-09 08:00:00,0.08170000000000001,IT.CAED/850592002.FACILITY,Centro Olio Val d'Agri
2023-02-09 09:00:00,0.20128000000000001,IT.CAED/850592002.FACILITY,Centro Olio Val d'Agri
2023-02-09 10:00:00,0.21247,IT.CAED/850592002.FACILITY,Centro Olio Val d'Agri
2023-02-09 11:00:00,0.22311,IT.CAED/850592002.FACILITY,Centro Olio Val d'Agri
2023-02-09 12:00:00,0.20979,IT.CAED/850592002.FACILITY,Centro Olio Val d'Agri
2023-02-09 13:00:00,0.12347,IT.CAED/850592002.FACILITY,Centro Olio Val d'Agri
2023-02-09 14:00:00,0.09431,IT.CAED/850592002.FACILITY,Centro Olio Val d'Agri
2023-02-09 15:00:00,0.059789999999999996,IT.CAED/850592002.FACILITY,Centro Olio Val d'Agri
2023-02-09 16:00:00,0.019039999999999998,IT.CAED/850592002.FACILITY,Centro Olio Val d'Agri
2023-02-09 17:00:00,0.0,IT.CAED/850592002.FACILITY,Centro Olio Val d'Agri
2023-02-09 18:00:00,0.0,IT.CAED/850592002.FACILITY,Centro Olio Val d'Agri
2023-02-09 19:00:00,0.0,IT.CAED/850592002.FACILITY,Centro Olio Val d'Agri
2023-02-09 20:00:00,0.0,IT.CAED/850592002.FACILITY,Centro Olio Val d'Agri
2023-02-09 21:00:00,0.0,IT.CAED/850592002.FACILITY,Centro Olio Val d'Agri
2023-02-09 22:00:00,0.0,IT.CAED/850592002.FACILITY,Centro Olio Val d'Agri
2023-02-09 23:00:00,0.0,IT.CAED/850592002.FACILITY,Centro Olio Val d'Agri
2023-02-10 00:00:00,0.0,IT.CAED/850592002.FACILITY,Centro Olio Val d'Agri
2023-02-10 01:00:00,0.0,IT.CAED/850592002.FACILITY,Centro Olio Val d'Agri
2023-02-10 02:00:00,0.0,IT.CAED/850592002.FACILITY,Centro Olio Val d'Agri
2023-02-10 03:00:00,0.0,IT.CAED/850592002.FACILITY,Centro Olio Val d'Agri
2023-02-10 04:00:00,0.0,IT.CAED/850592002.FACILITY,Centro Olio Val d'Agri
2023-02-10 05:00:00,0.0,IT.CAED/850592002.FACILITY,Centro Olio Val d'Agri
2023-02-10 06:00:00,0.0,IT.CAED/850592002.FACILITY,Centro Olio Val d'Agri
2023-02-10 07:00:00,0.10808,IT.CAED/850592002.FACILITY,Centro Olio Val d'Agri
2023-02-10 08:00:00,0.36336,IT.CAED/850592002.FACILITY,Centro Olio Val d'Agri
2023-02-10 09:00:00,0.57573,IT.CAED/850592002.FACILITY,Centro Olio Val d'Agri
2023-02-10 10:00:00,0.57275,IT.CAED/850592002.FACILITY,Centro Olio Val d'Agri
2023-02-10 11:00:00,0.70468,IT.CAED/850592002.FACILITY,Centro Olio Val d'Agri
2023-02-10 12:00:00,0.64393,IT.CAED/850592002.FACILITY,Centro Olio Val d'Agri
2023-02-10 13:00:00,0.6209600000000001,IT.CAED/850592002.FACILITY,Centro Olio Val d'Agri
2023-02-10 14:00:00,0.42762,IT.CAED/850592002.FACILITY,Centro Olio Val d'Agri
2023-02-10 15:00:00,0.15822,IT.CAED/850592002.FACILITY,Centro Olio Val d'Agri
2023-02-10 16:00:00,0.07719,IT.CAED/850592002.FACILITY,Centro Olio Val d'Agri
2023-02-10 17:00:00,0.0,IT.CAED/850592002.FACILITY,Centro Olio Val d'Agri
2023-02-10 18:00:00,0.0,IT.CAED/850592002.FACILITY,Centro Olio Val d'Agri
2023-02-10 19:00:00,0.0,IT.CAED/850592002.FACILITY,Centro Olio Val d'Agri
2023-02-10 20:00:00,0.0,IT.CAED/850592002.FACILITY,Centro Olio Val d'Agri
2023-02-10 21:00:00,0.0,IT.CAED/850592002.FACILITY,Centro Olio Val d'Agri
2023-02-10 22:00:00,0.0,IT.CAED/850592002.FACILITY,Centro Olio Val d'Agri
2023-02-10 23:00:00,0.0,IT.CAED/850592002.FACILITY,Centro Olio Val d'Agri
2023-02-11 00:00:00,0.0,IT.CAED/850592002.FACILITY,Centro Olio Val d'Agri
2023-02-11 01:00:00,0.0,IT.CAED/850592002.FACILITY,Centro Olio Val d'Agri
2023-02-11 02:00:00,0.0,IT.CAED/850592002.FACILITY,Centro Olio Val d'Agri
2023-02-11 03:00:00,0.0,IT.CAED/850592002.FACILITY,Centro Olio Val d'Agri
2023-02-11 04:00:00,0.0,IT.CAED/850592002.FACILITY,Centro Olio Val d'Agri
2023-02-11 05:00:00,0.0,IT.CAED/850592002.FACILITY,Centro Olio Val d'Agri
2023-02-11 06:00:00,0.0,IT.CAED/850592002.FACILITY,Centro Olio Val d'Agri
2023-02-11 07:00:00,0.13713999999999998,IT.CAED/850592002.FACILITY,Centro Olio Val d'Agri
2023-02-11 08:00:00,0.43086,IT.CAED/850592002.FACILITY,Centro Olio Val d'Agri
2023-02-11 09:00:00,0.67615,IT.CAED/850592002.FACILITY,Centro Olio Val d'Agri
2023-02-11 10:00:00,0.83661,IT.CAED/850592002.FACILITY,Centro Olio Val d'Agri
2023-02-11 11:00:00,0.92403,IT.CAED/850592002.FACILITY,Centro Olio Val d'Agri
2023-02-11 12:00:00,0.93377,IT.CAED/850592002.FACILITY,Centro Olio Val d'Agri
2023-02-11 13:00:00,0.8729,IT.CAED/850592002.FACILITY,Centro Olio Val d'Agri
2023-02-11 14:00:00,0.72978,IT.CAED/850592002.FACILITY,Centro Olio Val d'Agri
2023-02-11 15:00:00,0.51068,IT.CAED/850592002.FACILITY,Centro Olio Val d'Agri
2023-02-11 16:00:00,0.23025,IT.CAED/850592002.FACILITY,Centro Olio Val d'Agri
2023-02-11 17:00:00,0.0,IT.CAED/850592002.FACILITY,Centro Olio Val d'Agri
2023-02-11 18:00:00,0.0,IT.CAED/850592002.FACILITY,Centro Olio Val d'Agri
2023-02-11 19:00:00,0.0,IT.CAED/850592002.FACILITY,Centro Olio Val d'Agri
2023-02-11 20:00:00,0.0,IT.CAED/850592002.FACILITY,Centro Olio Val d'Agri
2023-02-11 21:00:00,0.0,IT.CAED/850592002.FACILITY,Centro Olio Val d'Agri
2023-02-11 22:00:00,0.0,IT.CAED/850592002.FACILITY,Centro Olio Val d'Agri
2023-02-11 23:00:00,0.0,IT.CAED/850592002.FACILITY,Centro Olio Val d'Agri
2023-02-12 00:00:00,0.0,IT.CAED/850592002.FACILITY,Centro Olio Val d'Agri
2023-02-12 01:00:00,0.0,IT.CAED/850592002.FACILITY,Centro Olio Val d'Agri
2023-02-12 02:00:00,0.0,IT.CAED/850592002.FACILITY,Centro Olio Val d'Agri
2023-02-12 03:00:00,0.0,IT.CAED/850592002.FACILITY,Centro Olio Val d'Agri
2023-02-12 04:00:00,0.0,IT.CAED/850592002.FACILITY,Centro Olio Val d'Agri
2023-02-12 05:00:00,0.0,IT.CAED/850592002.FACILITY,Centro Olio Val d'Agri
2023-02-12 06:00:00,0.0,IT.CAED/850592002.FACILITY,Centro Olio Val d'Agri
2023-02-12 07:00:00,0.14745,IT.CAED/850592002.FACILITY,Centro Olio Val d'Agri
2023-02-12 08:00:00,0.43429,IT.CAED/850592002.FACILITY,Centro Olio Val d'Agri
2023-02-12 09:00:00,0.64193,IT.CAED/850592002.FACILITY,Centro Olio Val d'Agri
2023-02-12 10:00:00,0.63552,IT.CAED/850592002.FACILITY,Centro Olio Val d'Agri
2023-02-12 11:00:00,0.45625,IT.CAED/850592002.FACILITY,Centro Olio Val d'Agri
2023-02-12 12:00:00,0.43071,IT.CAED/850592002.FACILITY,Centro Olio Val d'Agri
2023-02-12 13:00:00,0.29998,IT.CAED/850592002.FACILITY,Centro Olio Val d'Agri
2023-02-12 14:00:00,0.19097999999999998,IT.CAED/850592002.FACILITY,Centro Olio Val d'Agri
2023-02-12 15:00:00,0.23986000000000002,IT.CAED/850592002.FACILITY,Centro Olio Val d'Agri
2023-02-12 16:00:00,0.14362,IT.CAED/850592002.FACILITY,Centro Olio Val d'Agri
2023-02-12 17:00:00,0.0,IT.CAED/850592002.FACILITY,Centro Olio Val d'Agri
2023-02-12 18:00:00,0.0,IT.CAED/850592002.FACILITY,Centro Olio Val d'Agri
2023-02-12 19:00:00,0.0,IT.CAED/850592002.FACILITY,Centro Olio Val d'Agri
2023-02-12 20:00:00,0.0,IT.CAED/850592002.FACILITY,Centro Olio Val d'Agri
2023-02-12 21:00:00,0.0,IT.CAED/850592002.FACILITY,Centro Olio Val d'Agri
2023-02-12 22:00:00,0.0,IT.CAED/850592002.FACILITY,Centro Olio Val d'Agri
2023-02-12 23:00:00,0.0,IT.CAED/850592002.FACILITY,Centro Olio Val d'Agri
2023-02-13 00:00:00,0.0,IT.CAED/850592002.FACILITY,Centro Olio Val d'Agri
2023-02-13 01:00:00,0.0,IT.CAED/850592002.FACILITY,Centro Olio Val d'Agri
2023-02-13 02:00:00,0.0,IT.CAED/850592002.FACILITY,Centro Olio Val d'Agri
2023-02-13 03:00:00,0.0,IT.CAED/850592002.FACILITY,Centro Olio Val d'Agri
2023-02-13 04:00:00,0.0,IT.CAED/850592002.FACILITY,Centro Olio Val d'Agri
2023-02-13 05:00:00,0.0,IT.CAED/850592002.FACILITY,Centro Olio Val d'Agri
2023-02-13 06:00:00,0.0,IT.CAED/850592002.FACILITY,Centro Olio Val d'Agri
2023-02-13 07:00:00,0.11469,IT.CAED/850592002.FACILITY,Centro Olio Val d'Agri
2023-02-13 08:00:00,0.36032,IT.CAED/850592002.FACILITY,Centro Olio Val d'Agri
2023-02-13 09:00:00,0.6213200000000001,IT.CAED/850592002.FACILITY,Centro Olio Val d'Agri
2023-02-13 10:00:00,0.77447,IT.CAED/850592002.FACILITY,Centro Olio Val d'Agri
2023-02-13 11:00:00,0.8965599999999999,IT.CAED/850592002.FACILITY,Centro Olio Val d'Agri
2023-02-13 12:00:00,0.89615,IT.CAED/850592002.FACILITY,Centro Olio Val d'Agri
2023-02-13 13:00:00,0.8465,IT.CAED/850592002.FACILITY,Centro Olio Val d'Agri
2023-02-13 14:00:00,0.7246900000000001,IT.CAED/850592002.FACILITY,Centro Olio Val d'Agri
2023-02-13 15:00:00,0.49041,IT.CAED/850592002.FACILITY,Centro Olio Val d'Agri
2023-02-13 16:00:00,0.18599000000000002,IT.CAED/850592002.FACILITY,Centro Olio Val d'Agri
2023-02-13 17:00:00,0.0,IT.CAED/850592002.FACILITY,Centro Olio Val d'Agri
2023-02-13 18:00:00,0.0,IT.CAED/850592002.FACILITY,Centro Olio Val d'Agri
2023-02-13 19:00:00,0.0,IT.CAED/850592002.FACILITY,Centro Olio Val d'Agri
2023-02-13 20:00:00,0.0,IT.CAED/850592002.FACILITY,Centro Olio Val d'Agri
2023-02-13 21:00:00,0.0,IT.CAED/850592002.FACILITY,Centro Olio Val d'Agri
2023-02-13 22:00:00,0.0,IT.CAED/850592002.FACILITY,Centro Olio Val d'Agri
2023-02-13 23:00:00,0.0,IT.CAED/850592002.FACILITY,Centro Olio Val d'Agri
2023-02-14 00:00:00,0.0,IT.CAED/850592002.FACILITY,Centro Olio Val d'Agri
2023-02-14 01:00:00,0.0,IT.CAED/850592002.FACILITY,Centro Olio Val d'Agri
2023-02-14 02:00:00,0.0,IT.CAED/850592002.FACILITY,Centro Olio Val d'Agri
2023-02-14 03:00:00,0.0,IT.CAED/850592002.FACILITY,Centro Olio Val d'Agri
2023-02-14 04:00:00,0.0,IT.CAED/850592002.FACILITY,Centro Olio Val d'Agri
2023-02-14 05:00:00,0.0,IT.CAED/850592002.FACILITY,Centro Olio Val d'Agri
2023-02-14 06:00:00,0.0,IT.CAED/850592002.FACILITY,Centro Olio Val d'Agri
2023-02-14 07:00:00,0.15711000000000003,IT.CAED/850592002.FACILITY,Centro Olio Val d'Agri
2023-02-14 08:00:00,0.43707999999999997,IT.CAED/850592002.FACILITY,Centro Olio Val d'Agri
2023-02-14 09:00:00,0.676,IT.CAED/850592002.FACILITY,Centro Olio Val d'Agri
2023-02-14 10:00:00,0.8028500000000001,IT.CAED/850592002.FACILITY,Centro Olio Val d'Agri
2023-02-14 11:00:00,0.9117799999999999,IT.CAED/850592002.FACILITY,Centro Olio Val d'Agri
2023-02-14 12:00:00,0.931,IT.CAED/850592002.FACILITY,Centro Olio Val d'Agri
2023-02-14 13:00:00,0.86817,IT.CAED/850592002.FACILITY,Centro Olio Val d'Agri
2023-02-14 14:00:00,0.73293,IT.CAED/850592002.FACILITY,Centro Olio Val d'Agri
2023-02-14 15:00:00,0.52027,IT.CAED/850592002.FACILITY,Centro Olio Val d'Agri
2023-02-14 16:00:00,0.23635,IT.CAED/850592002.FACILITY,Centro Olio Val d'Agri
2023-02-14 17:00:00,0.0,IT.CAED/850592002.FACILITY,Centro Olio Val d'Agri
2023-02-14 18:00:00,0.0,IT.CAED/850592002.FACILITY,Centro Olio Val d'Agri
2023-02-14 19:00:00,0.0,IT.CAED/850592002.FACILITY,Centro Olio Val d'Agri
2023-02-14 20:00:00,0.0,IT.CAED/850592002.FACILITY,Centro Olio Val d'Agri
2023-02-14 21:00:00,0.0,IT.CAED/850592002.FACILITY,Centro Olio Val d'Agri
2023-02-14 22:00:00,0.0,IT.CAED/850592002.FACILITY,Centro Olio Val d'Agri
2023-02-14 23:00:00,0.0,IT.CAED/850592002.FACILITY,Centro Olio Val d'Agri
2023-02-15 00:00:00,0.0,IT.CAED/850592002.FACILITY,Centro Olio Val d'Agri
2023-02-15 01:00:00,0.0,IT.CAED/850592002.FACILITY,Centro Olio Val d'Agri
2023-02-15 02:00:00,0.0,IT.CAED/850592002.FACILITY,Centro Olio Val d'Agri
2023-02-15 03:00:00,0.0,IT.CAED/850592002.FACILITY,Centro Olio Val d'Agri
2023-02-15 04:00:00,0.0,IT.CAED/850592002.FACILITY,Centro Olio Val d'Agri
2023-02-15 05:00:00,0.0,IT.CAED/850592002.FACILITY,Centro Olio Val d'Agri
2023-02-15 06:00:00,0.0,IT.CAED/850592002.FACILITY,Centro Olio Val d'Agri
2023-02-15 07:00:00,0.15833000000000003,IT.CAED/850592002.FACILITY,Centro Olio Val d'Agri
2023-02-15 08:00:00,0.45094999999999996,IT.CAED/850592002.FACILITY,Centro Olio Val d'Agri
2023-02-15 09:00:00,0.6792100000000001,IT.CAED/850592002.FACILITY,Centro Olio Val d'Agri
2023-02-15 10:00:00,0.82633,IT.CAED/850592002.FACILITY,Centro Olio Val d'Agri
2023-02-15 11:00:00,0.90847,IT.CAED/850592002.FACILITY,Centro Olio Val d'Agri
2023-02-15 12:00:00,0.9133300000000001,IT.CAED/850592002.FACILITY,Centro Olio Val d'Agri
2023-02-15 13:00:00,0.85253,IT.CAED/850592002.FACILITY,Centro Olio Val d'Agri
2023-02-15 14:00:00,0.69751,IT.CAED/850592002.FACILITY,Centro Olio Val d'Agri
2023-02-15 15:00:00,0.5133099999999999,IT.CAED/850592002.FACILITY,Centro Olio Val d'Agri
2023-02-15 16:00:00,0.23895,IT.CAED/850592002.FACILITY,Centro Olio Val d'Agri
2023-02-15 17:00:00,0.0,IT.CAED/850592002.FACILITY,Centro Olio Val d'Agri
2023-02-15 18:00:00,0.0,IT.CAED/850592002.FACILITY,Centro Olio Val d'Agri
2023-02-15 19:00:00,0.0,IT.CAED/850592002.FACILITY,Centro Olio Val d'Agri
2023-02-15 20:00:00,0.0,IT.CAED/850592002.FACILITY,Centro Olio Val d'Agri
2023-02-15 21:00:00,0.0,IT.CAED/850592002.FACILITY,Centro Olio Val d'Agri
2023-02-15 22:00:00,0.0,IT.CAED/850592002.FACILITY,Centro Olio Val d'Agri
2023-02-15 23:00:00,0.0,IT.CAED/850592002.FACILITY,Centro Olio Val d'Agri
2023-02-16 00:00:00,0.0,IT.CAED/850592002.FACILITY,Centro Olio Val d'Agri
2023-02-16 01:00:00,0.0,IT.CAED/850592002.FACILITY,Centro Olio Val d'Agri
2023-02-16 02:00:00,0.0,IT.CAED/850592002.FACILITY,Centro Olio Val d'Agri
2023-02-16 03:00:00,0.0,IT.CAED/850592002.FACILITY,Centro Olio Val d'Agri
2023-02-16 04:00:00,0.0,IT.CAED/850592002.FACILITY,Centro Olio Val d'Agri
2023-02-16 05:00:00,0.0,IT.CAED/850592002.FACILITY,Centro Olio Val d'Agri
2023-02-16 06:00:00,0.0,IT.CAED/850592002.FACILITY,Centro Olio Val d'Agri
2023-02-16 07:00:00,0.13394,IT.CAED/850592002.FACILITY,Centro Olio Val d'Agri
2023-02-16 08:00:00,0.41214999999999996,IT.CAED/850592002.FACILITY,Centro Olio Val d'Agri
2023-02-16 09:00:00,0.63039,IT.CAED/850592002.FACILITY,Centro Olio Val d'Agri
2023-02-16 10:00:00,0.8311799999999999,IT.CAED/850592002.FACILITY,Centro Olio Val d'Agri
2023-02-16 11:00:00,0.90059,IT.CAED/850592002.FACILITY,Centro Olio Val d'Agri
2023-02-16 12:00:00,0.9116000000000001,IT.CAED/850592002.FACILITY,Centro Olio Val d'Agri
2023-02-16 13:00:00,0.83262,IT.CAED/850592002.FACILITY,Centro Olio Val d'Agri
2023-02-16 14:00:00,0.7010599999999999,IT.CAED/850592002.FACILITY,Centro Olio Val d'Agri
2023-02-16 15:00:00,0.48799000000000003,IT.CAED/850592002.FACILITY,Centro Olio Val d'Agri
2023-02-16 16:00:00,0.22437,IT.CAED/850592002.FACILITY,Centro Olio Val d'Agri
2023-02-16 17:00:00,0.0,IT.CAED/850592002.FACILITY,Centro Olio Val d'Agri
2023-02-16 18:00:00,0.0,IT.CAED/850592002.FACILITY,Centro Olio Val d'Agri
2023-02-16 19:00:00,0.0,IT.CAED/850592002.FACILITY,Centro Olio Val d'Agri
2023-02-16 20:00:00,0.0,IT.CAED/850592002.FACILITY,Centro Olio Val d'Agri
2023-02-16 21:00:00,0.0,IT.CAED/850592002.FACILITY,Centro Olio Val d'Agri
2023-02-16 22:00:00,0.0,IT.CAED/850592002.FACILITY,Centro Olio Val d'Agri
2023-02-16 23:00:00,0.0,IT.CAED/850592002.FACILITY,Centro Olio Val d'Agri
2023-02-17 00:00:00,0.0,IT.CAED/850592002.FACILITY,Centro Olio Val d'Agri
2023-02-17 01:00:00,0.0,IT.CAED/850592002.FACILITY,Centro Olio Val d'Agri
2023-02-17 02:00:00,0.0,IT.CAED/850592002.FACILITY,Centro Olio Val d'Agri
2023-02-17 03:00:00,0.0,IT.CAED/850592002.FACILITY,Centro Olio Val d'Agri
2023-02-17 04:00:00,0.0,IT.CAED/850592002.FACILITY,Centro Olio Val d'Agri
2023-02-17 05:00:00,0.0,IT.CAED/850592002.FACILITY,Centro Olio Val d'Agri
2023-02-17 06:00:00,0.0,IT.CAED/850592002.FACILITY,Centro Olio Val d'Agri
2023-02-17 07:00:00,0.09820999999999999,IT.CAED/850592002.FACILITY,Centro Olio Val d'Agri
2023-02-17 08:00:00,0.36154000000000003,IT.CAED/850592002.FACILITY,Centro Olio Val d'Agri
2023-02-17 09:00:00,0.65583,IT.CAED/850592002.FACILITY,Centro Olio Val d'Agri
2023-02-17 10:00:00,0.79308,IT.CAED/850592002.FACILITY,Centro Olio Val d'Agri
2023-02-17 11:00:00,0.81386,IT.CAED/850592002.FACILITY,Centro Olio Val d'Agri
2023-02-17 12:00:00,0.79949,IT.CAED/850592002.FACILITY,Centro Olio Val d'Agri
2023-02-17 13:00:00,0.7757000000000001,IT.CAED/850592002.FACILITY,Centro Olio Val d'Agri
2023-02-17 14:00:00,0.67128,IT.CAED/850592002.FACILITY,Centro Olio Val d'Agri
2023-02-17 15:00:00,0.49163999999999997,IT.CAED/850592002.FACILITY,Centro Olio Val d'Agri
2023-02-17 16:00:00,0.24394,IT.CAED/850592002.FACILITY,Centro Olio Val d'Agri
2023-02-17 17:00:00,0.0,IT.CAED/850592002.FACILITY,Centro Olio Val d'Agri
2023-02-17 18:00:00,0.0,IT.CAED/850592002.FACILITY,Centro Olio Val d'Agri
2023-02-17 19:00:00,0.0,IT.CAED/850592002.FACILITY,Centro Olio Val d'Agri
2023-02-17 20:00:00,0.0,IT.CAED/850592002.FACILITY,Centro Olio Val d'Agri
2023-02-17 21:00:00,0.0,IT.CAED/850592002.FACILITY,Centro Olio Val d'Agri
2023-02-17 22:00:00,0.0,IT.CAED/850592002.FACILITY,Centro Olio Val d'Agri
2023-02-17 23:00:00,0.0,IT.CAED/850592002.FACILITY,Centro Olio Val d'Agri
2023-02-18 00:00:00,0.0,IT.CAED/850592002.FACILITY,Centro Olio Val d'Agri
2023-02-18 01:00:00,0.0,IT.CAED/850592002.FACILITY,Centro Olio Val d'Agri
2023-02-18 02:00:00,0.0,IT.CAED/850592002.FACILITY,Centro Olio Val d'Agri
2023-02-18 03:00:00,0.0,IT.CAED/850592002.FACILITY,Centro Olio Val d'Agri
2023-02-18 04:00:00,0.0,IT.CAED/850592002.FACILITY,Centro Olio Val d'Agri
2023-02-18 05:00:00,0.0,IT.CAED/850592002.FACILITY,Centro Olio Val d'Agri
2023-02-18 06:00:00,0.0,IT.CAED/850592002.FACILITY,Centro Olio Val d'Agri
2023-02-18 07:00:00,0.09198,IT.CAED/850592002.FACILITY,Centro Olio Val d'Agri
2023-02-18 08:00:00,0.26252,IT.CAED/850592002.FACILITY,Centro Olio Val d'Agri
2023-02-18 09:00:00,0.63451,IT.CAED/850592002.FACILITY,Centro Olio Val d'Agri
2023-02-18 10:00:00,0.82533,IT.CAED/850592002.FACILITY,Centro Olio Val d'Agri
2023-02-18 11:00:00,0.8972100000000001,IT.CAED/850592002.FACILITY,Centro Olio Val d'Agri
2023-02-18 12:00:00,0.83756,IT.CAED/850592002.FACILITY,Centro Olio Val d'Agri
2023-02-18 13:00:00,0.79371,IT.CAED/850592002.FACILITY,Centro Olio Val d'Agri
2023-02-18 14:00:00,0.66841,IT.CAED/850592002.FACILITY,Centro Olio Val d'Agri
2023-02-18 15:00:00,0.47384,IT.CAED/850592002.FACILITY,Centro Olio Val d'Agri
2023-02-18 16:00:00,0.22472,IT.CAED/850592002.FACILITY,Centro Olio Val d'Agri
2023-02-18 17:00:00,0.00027,IT.CAED/850592002.FACILITY,Centro Olio Val d'Agri
2023-02-18 18:00:00,0.0,IT.CAED/850592002.FACILITY,Centro Olio Val d'Agri
2023-02-18 19:00:00,0.0,IT.CAED/850592002.FACILITY,Centro Olio Val d'Agri
2023-02-18 20:00:00,0.0,IT.CAED/850592002.FACILITY,Centro Olio Val d'Agri
2023-02-18 21:00:00,0.0,IT.CAED/850592002.FACILITY,Centro Olio Val d'Agri
2023-02-18 22:00:00,0.0,IT.CAED/850592002.FACILITY,Centro Olio Val d'Agri
2023-02-18 23:00:00,0.0,IT.CAED/850592002.FACILITY,Centro Olio Val d'Agri
2023-02-19 00:00:00,0.0,IT.CAED/850592002.FACILITY,Centro Olio Val d'Agri
2023-02-19 01:00:00,0.0,IT.CAED/850592002.FACILITY,Centro Olio Val d'Agri
2023-02-19 02:00:00,0.0,IT.CAED/850592002.FACILITY,Centro Olio Val d'Agri
2023-02-19 03:00:00,0.0,IT.CAED/850592002.FACILITY,Centro Olio Val d'Agri
2023-02-19 04:00:00,0.0,IT.CAED/850592002.FACILITY,Centro Olio Val d'Agri
2023-02-19 05:00:00,0.0,IT.CAED/850592002.FACILITY,Centro Olio Val d'Agri
2023-02-19 06:00:00,0.0,IT.CAED/850592002.FACILITY,Centro Olio Val d'Agri
2023-02-19 07:00:00,0.06566,IT.CAED/850592002.FACILITY,Centro Olio Val d'Agri
2023-02-19 08:00:00,0.19022,IT.CAED/850592002.FACILITY,Centro Olio Val d'Agri
2023-02-19 09:00:00,0.32109,IT.CAED/850592002.FACILITY,Centro Olio Val d'Agri
2023-02-19 10:00:00,0.44882,IT.CAED/850592002.FACILITY,Centro Olio Val d'Agri
2023-02-19 11:00:00,0.47872000000000003,IT.CAED/850592002.FACILITY,Centro Olio Val d'Agri
2023-02-19 12:00:00,0.52562,IT.CAED/850592002.FACILITY,Centro Olio Val d'Agri
2023-02-19 13:00:00,0.50505,IT.CAED/850592002.FACILITY,Centro Olio Val d'Agri
2023-02-19 14:00:00,0.34332999999999997,IT.CAED/850592002.FACILITY,Centro Olio Val d'Agri
2023-02-19 15:00:00,0.19732,IT.CAED/850592002.FACILITY,Centro Olio Val d'Agri
2023-02-19 16:00:00,0.09675,IT.CAED/850592002.FACILITY,Centro Olio Val d'Agri
2023-02-19 17:00:00,8.999999999999999e-05,IT.CAED/850592002.FACILITY,Centro Olio Val d'Agri
2023-02-19 18:00:00,0.0,IT.CAED/850592002.FACILITY,Centro Olio Val d'Agri
2023-02-19 19:00:00,0.0,IT.CAED/850592002.FACILITY,Centro Olio Val d'Agri
2023-02-19 20:00:00,0.0,IT.CAED/850592002.FACILITY,Centro Olio Val d'Agri
2023-02-19 21:00:00,0.0,IT.CAED/850592002.FACILITY,Centro Olio Val d'Agri
2023-02-19 22:00:00,0.0,IT.CAED/850592002.FACILITY,Centro Olio Val d'Agri
2023-02-19 23:00:00,0.0,IT.CAED/850592002.FACILITY,Centro Olio Val d'Agri
2023-02-20 00:00:00,0.0,IT.CAED/850592002.FACILITY,Centro Olio Val d'Agri
2023-02-20 01:00:00,0.0,IT.CAED/850592002.FACILITY,Centro Olio Val d'Agri
2023-02-20 02:00:00,0.0,IT.CAED/850592002.FACILITY,Centro Olio Val d'Agri
2023-02-20 03:00:00,0.0,IT.CAED/850592002.FACILITY,Centro Olio Val d'Agri
2023-02-20 04:00:00,0.0,IT.CAED/850592002.FACILITY,Centro Olio Val d'Agri
2023-02-20 05:00:00,0.0,IT.CAED/850592002.FACILITY,Centro Olio Val d'Agri
2023-02-20 06:00:00,0.0,IT.CAED/850592002.FACILITY,Centro Olio Val d'Agri
2023-02-20 07:00:00,0.08506999999999999,IT.CAED/850592002.FACILITY,Centro Olio Val d'Agri
2023-02-20 08:00:00,0.31539999999999996,IT.CAED/850592002.FACILITY,Centro Olio Val d'Agri
2023-02-20 09:00:00,0.66351,IT.CAED/850592002.FACILITY,Centro Olio Val d'Agri
2023-02-20 10:00:00,0.80484,IT.CAED/850592002.FACILITY,Centro Olio Val d'Agri
2023-02-20 11:00:00,0.88176,IT.CAED/850592002.FACILITY,Centro Olio Val d'Agri
2023-02-20 12:00:00,0.88593,IT.CAED/850592002.FACILITY,Centro Olio Val d'Agri
2023-02-20 13:00:00,0.8025,IT.CAED/850592002.FACILITY,Centro Olio Val d'Agri
2023-02-20 14:00:00,0.6500499999999999,IT.CAED/850592002.FACILITY,Centro Olio Val d'Agri
2023-02-20 15:00:00,0.36273,IT.CAED/850592002.FACILITY,Centro Olio Val d'Agri
2023-02-20 16:00:00,0.18878999999999999,IT.CAED/850592002.FACILITY,Centro Olio Val d'Agri
2023-02-20 17:00:00,0.0007,IT.CAED/850592002.FACILITY,Centro Olio Val d'Agri
2023-02-20 18:00:00,0.0,IT.CAED/850592002.FACILITY,Centro Olio Val d'Agri
2023-02-20 19:00:00,0.0,IT.CAED/850592002.FACILITY,Centro Olio Val d'Agri
2023-02-20 20:00:00,0.0,IT.CAED/850592002.FACILITY,Centro Olio Val d'Agri
2023-02-20 21:00:00,0.0,IT.CAED/850592002.FACILITY,Centro Olio Val d'Agri
2023-02-20 22:00:00,0.0,IT.CAED/850592002.FACILITY,Centro Olio Val d'Agri
2023-02-20 23:00:00,0.0,IT.CAED/850592002.FACILITY,Centro Olio Val d'Agri
2023-02-21 00:00:00,0.0,IT.CAED/850592002.FACILITY,Centro Olio Val d'Agri
2023-02-21 01:00:00,0.0,IT.CAED/850592002.FACILITY,Centro Olio Val d'Agri
2023-02-21 02:00:00,0.0,IT.CAED/850592002.FACILITY,Centro Olio Val d'Agri
2023-02-21 03:00:00,0.0,IT.CAED/850592002.FACILITY,Centro Olio Val d'Agri
2023-02-21 04:00:00,0.0,IT.CAED/850592002.FACILITY,Centro Olio Val d'Agri
2023-02-21 05:00:00,0.0,IT.CAED/850592002.FACILITY,Centro Olio Val d'Agri
2023-02-21 06:00:00,0.0,IT.CAED/850592002.FACILITY,Centro Olio Val d'Agri
2023-02-21 07:00:00,0.08245000000000001,IT.CAED/850592002.FACILITY,Centro Olio Val d'Agri
2023-02-21 08:00:00,0.28034,IT.CAED/850592002.FACILITY,Centro Olio Val d'Agri
2023-02-21 09:00:00,0.56437,IT.CAED/850592002.FACILITY,Centro Olio Val d'Agri
2023-02-21 10:00:00,0.77299,IT.CAED/850592002.FACILITY,Centro Olio Val d'Agri
2023-02-21 11:00:00,0.83645,IT.CAED/850592002.FACILITY,Centro Olio Val d'Agri
2023-02-21 12:00:00,0.8535900000000001,IT.CAED/850592002.FACILITY,Centro Olio Val d'Agri
2023-02-21 13:00:00,0.81678,IT.CAED/850592002.FACILITY,Centro Olio Val d'Agri
2023-02-21 14:00:00,0.68831,IT.CAED/850592002.FACILITY,Centro Olio Val d'Agri
2023-02-21 15:00:00,0.48161000000000004,IT.CAED/850592002.FACILITY,Centro Olio Val d'Agri
2023-02-21 16:00:00,0.24187999999999998,IT.CAED/850592002.FACILITY,Centro Olio Val d'Agri
2023-02-21 17:00:00,0.0009699999999999999,IT.CAED/850592002.FACILITY,Centro Olio Val d'Agri
2023-02-21 18:00:00,0.0,IT.CAED/850592002.FACILITY,Centro Olio Val d'Agri
2023-02-21 19:00:00,0.0,IT.CAED/850592002.FACILITY,Centro Olio Val d'Agri
2023-02-21 20:00:00,0.0,IT.CAED/850592002.FACILITY,Centro Olio Val d'Agri
2023-02-21 21:00:00,0.0,IT.CAED/850592002.FACILITY,Centro Olio Val d'Agri
2023-02-21 22:00:00,0.0,IT.CAED/850592002.FACILITY,Centro Olio Val d'Agri
2023-02-21 23:00:00,0.0,IT.CAED/850592002.FACILITY,Centro Olio Val d'Agri
2023-02-22 00:00:00,0.0,IT.CAED/850592002.FACILITY,Centro Olio Val d'Agri
2023-02-22 01:00:00,0.0,IT.CAED/850592002.FACILITY,Centro Olio Val d'Agri
2023-02-22 02:00:00,0.0,IT.CAED/850592002.FACILITY,Centro Olio Val d'Agri
2023-02-22 03:00:00,0.0,IT.CAED/850592002.FACILITY,Centro Olio Val d'Agri
2023-02-22 04:00:00,0.0,IT.CAED/850592002.FACILITY,Centro Olio Val d'Agri
2023-02-22 05:00:00,0.0,IT.CAED/850592002.FACILITY,Centro Olio Val d'Agri
2023-02-22 06:00:00,0.0,IT.CAED/850592002.FACILITY,Centro Olio Val d'Agri
2023-02-22 07:00:00,0.09865,IT.CAED/850592002.FACILITY,Centro Olio Val d'Agri
2023-02-22 08:00:00,0.36839999999999995,IT.CAED/850592002.FACILITY,Centro Olio Val d'Agri
2023-02-22 09:00:00,0.5943099999999999,IT.CAED/850592002.FACILITY,Centro Olio Val d'Agri
2023-02-22 10:00:00,0.71477,IT.CAED/850592002.FACILITY,Centro Olio Val d'Agri
2023-02-22 11:00:00,0.83456,IT.CAED/850592002.FACILITY,Centro Olio Val d'Agri
2023-02-22 12:00:00,0.84145,IT.CAED/850592002.FACILITY,Centro Olio Val d'Agri
2023-02-22 13:00:00,0.79072,IT.CAED/850592002.FACILITY,Centro Olio Val d'Agri
2023-02-22 14:00:00,0.65455,IT.CAED/850592002.FACILITY,Centro Olio Val d'Agri
2023-02-22 15:00:00,0.50371,IT.CAED/850592002.FACILITY,Centro Olio Val d'Agri
2023-02-22 16:00:00,0.25168,IT.CAED/850592002.FACILITY,Centro Olio Val d'Agri
2023-02-22 17:00:00,0.00126,IT.CAED/850592002.FACILITY,Centro Olio Val d'Agri
2023-02-22 18:00:00,0.0,IT.CAED/850592002.FACILITY,Centro Olio Val d'Agri
2023-02-22 19:00:00,0.0,IT.CAED/850592002.FACILITY,Centro Olio Val d'Agri
2023-02-22 20:00:00,0.0,IT.CAED/850592002.FACILITY,Centro Olio Val d'Agri
2023-02-22 21:00:00,0.0,IT.CAED/850592002.FACILITY,Centro Olio Val d'Agri
2023-02-22 22:00:00,0.0,IT.CAED/850592002.FACILITY,Centro Olio Val d'Agri
2023-02-22 23:00:00,0.0,IT.CAED/850592002.FACILITY,Centro Olio Val d'Agri
2023-02-23 00:00:00,0.0,IT.CAED/850592002.FACILITY,Centro Olio Val d'Agri
2023-02-23 01:00:00,0.0,IT.CAED/850592002.FACILITY,Centro Olio Val d'Agri
2023-02-23 02:00:00,0.0,IT.CAED/850592002.FACILITY,Centro Olio Val d'Agri
2023-02-23 03:00:00,0.0,IT.CAED/850592002.FACILITY,Centro Olio Val d'Agri
2023-02-23 04:00:00,0.0,IT.CAED/850592002.FACILITY,Centro Olio Val d'Agri
2023-02-23 05:00:00,0.0,IT.CAED/850592002.FACILITY,Centro Olio Val d'Agri
2023-02-23 06:00:00,0.0,IT.CAED/850592002.FACILITY,Centro Olio Val d'Agri
2023-02-23 07:00:00,0.04733,IT.CAED/850592002.FACILITY,Centro Olio Val d'Agri
2023-02-23 08:00:00,0.2243,IT.CAED/850592002.FACILITY,Centro Olio Val d'Agri
2023-02-23 09:00:00,0.47964,IT.CAED/850592002.FACILITY,Centro Olio Val d'Agri
2023-02-23 10:00:00,0.7106399999999999,IT.CAED/850592002.FACILITY,Centro Olio Val d'Agri
2023-02-23 11:00:00,0.76624,IT.CAED/850592002.FACILITY,Centro Olio Val d'Agri
2023-02-23 12:00:00,0.65179,IT.CAED/850592002.FACILITY,Centro Olio Val d'Agri
2023-02-23 13:00:00,0.60511,IT.CAED/850592002.FACILITY,Centro Olio Val d'Agri
2023-02-23 14:00:00,0.44225,IT.CAED/850592002.FACILITY,Centro Olio Val d'Agri
2023-02-23 15:00:00,0.42774,IT.CAED/850592002.FACILITY,Centro Olio Val d'Agri
2023-02-23 16:00:00,0.21838999999999997,IT.CAED/850592002.FACILITY,Centro Olio Val d'Agri
2023-02-23 17:00:00,0.00183,IT.CAED/850592002.FACILITY,Centro Olio Val d'Agri
2023-02-23 18:00:00,0.0,IT.CAED/850592002.FACILITY,Centro Olio Val d'Agri
2023-02-23 19:00:00,0.0,IT.CAED/850592002.FACILITY,Centro Olio Val d'Agri
2023-02-23 20:00:00,0.0,IT.CAED/850592002.FACILITY,Centro Olio Val d'Agri
2023-02-23 21:00:00,0.0,IT.CAED/850592002.FACILITY,Centro Olio Val d'Agri
2023-02-23 22:00:00,0.0,IT.CAED/850592002.FACILITY,Centro Olio Val d'Agri
2023-02-23 23:00:00,0.0,IT.CAED/850592002.FACILITY,Centro Olio Val d'Agri
2023-02-24 00:00:00,0.0,IT.CAED/850592002.FACILITY,Centro Olio Val d'Agri
2023-02-24 01:00:00,0.0,IT.CAED/850592002.FACILITY,Centro Olio Val d'Agri
2023-02-24 02:00:00,0.0,IT.CAED/850592002.FACILITY,Centro Olio Val d'Agri
2023-02-24 03:00:00,0.0,IT.CAED/850592002.FACILITY,Centro Olio Val d'Agri
2023-02-24 04:00:00,0.0,IT.CAED/850592002.FACILITY,Centro Olio Val d'Agri
2023-02-24 05:00:00,0.0,IT.CAED/850592002.FACILITY,Centro Olio Val d'Agri
2023-02-24 06:00:00,0.0,IT.CAED/850592002.FACILITY,Centro Olio Val d'Agri
2023-02-24 07:00:00,0.10819,IT.CAED/850592002.FACILITY,Centro Olio Val d'Agri
2023-02-24 08:00:00,0.34772000000000003,IT.CAED/850592002.FACILITY,Centro Olio Val d'Agri
2023-02-24 09:00:00,0.63029,IT.CAED/850592002.FACILITY,Centro Olio Val d'Agri
2023-02-24 10:00:00,0.80711,IT.CAED/850592002.FACILITY,Centro Olio Val d'Agri
2023-02-24 11:00:00,0.89338,IT.CAED/850592002.FACILITY,Centro Olio Val d'Agri
2023-02-24 12:00:00,0.89713,IT.CAED/850592002.FACILITY,Centro Olio Val d'Agri
2023-02-24 13:00:00,0.8451799999999999,IT.CAED/850592002.FACILITY,Centro Olio Val d'Agri
2023-02-24 14:00:00,0.70494,IT.CAED/850592002.FACILITY,Centro Olio Val d'Agri
2023-02-24 15:00:00,0.50092,IT.CAED/850592002.FACILITY,Centro Olio Val d'Agri
2023-02-24 16:00:00,0.23399,IT.CAED/850592002.FACILITY,Centro Olio Val d'Agri
2023-02-24 17:00:00,0.00246,IT.CAED/850592002.FACILITY,Centro Olio Val d'Agri
2023-02-24 18:00:00,0.0,IT.CAED/850592002.FACILITY,Centro Olio Val d'Agri
2023-02-24 19:00:00,0.0,IT.CAED/850592002.FACILITY,Centro Olio Val d'Agri
2023-02-24 20:00:00,0.0,IT.CAED/850592002.FACILITY,Centro Olio Val d'Agri
2023-02-24 21:00:00,0.0,IT.CAED/850592002.FACILITY,Centro Olio Val d'Agri
2023-02-24 22:00:00,0.0,IT.CAED/850592002.FACILITY,Centro Olio Val d'Agri
2023-02-24 23:00:00,0.0,IT.CAED/850592002.FACILITY,Centro Olio Val d'Agri
2023-02-25 00:00:00,0.0,IT.CAED/850592002.FACILITY,Centro Olio Val d'Agri
2023-02-25 01:00:00,0.0,IT.CAED/850592002.FACILITY,Centro Olio Val d'Agri
2023-02-25 02:00:00,0.0,IT.CAED/850592002.FACILITY,Centro Olio Val d'Agri
2023-02-25 03:00:00,0.0,IT.CAED/850592002.FACILITY,Centro Olio Val d'Agri
2023-02-25 04:00:00,0.0,IT.CAED/850592002.FACILITY,Centro Olio Val d'Agri
2023-02-25 05:00:00,0.0,IT.CAED/850592002.FACILITY,Centro Olio Val d'Agri
2023-02-25 06:00:00,0.0,IT.CAED/850592002.FACILITY,Centro Olio Val d'Agri
2023-02-25 07:00:00,0.14865,IT.CAED/850592002.FACILITY,Centro Olio Val d'Agri
2023-02-25 08:00:00,0.36086,IT.CAED/850592002.FACILITY,Centro Olio Val d'Agri
2023-02-25 09:00:00,0.45792,IT.CAED/850592002.FACILITY,Centro Olio Val d'Agri
2023-02-25 10:00:00,0.5322899999999999,IT.CAED/850592002.FACILITY,Centro Olio Val d'Agri
2023-02-25 11:00:00,0.51671,IT.CAED/850592002.FACILITY,Centro Olio Val d'Agri
2023-02-25 12:00:00,0.4265,IT.CAED/850592002.FACILITY,Centro Olio Val d'Agri
2023-02-25 13:00:00,0.28583,IT.CAED/850592002.FACILITY,Centro Olio Val d'Agri
2023-02-25 14:00:00,0.24267,IT.CAED/850592002.FACILITY,Centro Olio Val d'Agri
2023-02-25 15:00:00,0.15095,IT.CAED/850592002.FACILITY,Centro Olio Val d'Agri
2023-02-25 16:00:00,0.07371,IT.CAED/850592002.FACILITY,Centro Olio Val d'Agri
2023-02-25 17:00:00,0.00195,IT.CAED/850592002.FACILITY,Centro Olio Val d'Agri
2023-02-25 18:00:00,0.0,IT.CAED/850592002.FACILITY,Centro Olio Val d'Agri
2023-02-25 19:00:00,0.0,IT.CAED/850592002.FACILITY,Centro Olio Val d'Agri
2023-02-25 20:00:00,0.0,IT.CAED/850592002.FACILITY,Centro Olio Val d'Agri
2023-02-25 21:00:00,0.0,IT.CAED/850592002.FACILITY,Centro Olio Val d'Agri
2023-02-25 22:00:00,0.0,IT.CAED/850592002.FACILITY,Centro Olio Val d'Agri
2023-02-25 23:00:00,0.0,IT.CAED/850592002.FACILITY,Centro Olio Val d'Agri
2023-02-26 00:00:00,0.0,IT.CAED/850592002.FACILITY,Centro Olio Val d'Agri
2023-02-26 01:00:00,0.0,IT.CAED/850592002.FACILITY,Centro Olio Val d'Agri
2023-02-26 02:00:00,0.0,IT.CAED/850592002.FACILITY,Centro Olio Val d'Agri
2023-02-26 03:00:00,0.0,IT.CAED/850592002.FACILITY,Centro Olio Val d'Agri
2023-02-26 04:00:00,0.0,IT.CAED/850592002.FACILITY,Centro Olio Val d'Agri
2023-02-26 05:00:00,0.0,IT.CAED/850592002.FACILITY,Centro Olio Val d'Agri
2023-02-26 06:00:00,0.0,IT.CAED/850592002.FACILITY,Centro Olio Val d'Agri
2023-02-26 07:00:00,0.03431,IT.CAED/850592002.FACILITY,Centro Olio Val d'Agri
2023-02-26 08:00:00,0.07909999999999999,IT.CAED/850592002.FACILITY,Centro Olio Val d'Agri
2023-02-26 09:00:00,0.13851,IT.CAED/850592002.FACILITY,Centro Olio Val d'Agri
2023-02-26 10:00:00,0.29384,IT.CAED/850592002.FACILITY,Centro Olio Val d'Agri
2023-02-26 11:00:00,0.33391000000000004,IT.CAED/850592002.FACILITY,Centro Olio Val d'Agri
2023-02-26 12:00:00,0.23481,IT.CAED/850592002.FACILITY,Centro Olio Val d'Agri
2023-02-26 13:00:00,0.20821,IT.CAED/850592002.FACILITY,Centro Olio Val d'Agri
2023-02-26 14:00:00,0.15713999999999997,IT.CAED/850592002.FACILITY,Centro Olio Val d'Agri
2023-02-26 15:00:00,0.19958,IT.CAED/850592002.FACILITY,Centro Olio Val d'Agri
2023-02-26 16:00:00,0.07653,IT.CAED/850592002.FACILITY,Centro Olio Val d'Agri
2023-02-26 17:00:00,0.00328,IT.CAED/850592002.FACILITY,Centro Olio Val d'Agri
2023-02-26 18:00:00,0.0,IT.CAED/850592002.FACILITY,Centro Olio Val d'Agri
2023-02-26 19:00:00,0.0,IT.CAED/850592002.FACILITY,Centro Olio Val d'Agri
2023-02-26 20:00:00,0.0,IT.CAED/850592002.FACILITY,Centro Olio Val d'Agri
2023-02-26 21:00:00,0.0,IT.CAED/850592002.FACILITY,Centro Olio Val d'Agri
2023-02-26 22:00:00,0.0,IT.CAED/850592002.FACILITY,Centro Olio Val d'Agri
2023-02-26 23:00:00,0.0,IT.CAED/850592002.FACILITY,Centro Olio Val d'Agri
2023-02-27 00:00:00,0.0,IT.CAED/850592002.FACILITY,Centro Olio Val d'Agri
2023-02-27 01:00:00,0.0,IT.CAED/850592002.FACILITY,Centro Olio Val d'Agri
2023-02-27 02:00:00,0.0,IT.CAED/850592002.FACILITY,Centro Olio Val d'Agri
2023-02-27 03:00:00,0.0,IT.CAED/850592002.FACILITY,Centro Olio Val d'Agri
2023-02-27 04:00:00,0.0,IT.CAED/850592002.FACILITY,Centro Olio Val d'Agri
2023-02-27 05:00:00,0.0,IT.CAED/850592002.FACILITY,Centro Olio Val d'Agri
2023-02-27 06:00:00,0.0,IT.CAED/850592002.FACILITY,Centro Olio Val d'Agri
2023-02-27 07:00:00,0.05028,IT.CAED/850592002.FACILITY,Centro Olio Val d'Agri
2023-02-27 08:00:00,0.18931,IT.CAED/850592002.FACILITY,Centro Olio Val d'Agri
2023-02-27 09:00:00,0.27872,IT.CAED/850592002.FACILITY,Centro Olio Val d'Agri
2023-02-27 10:00:00,0.42963,IT.CAED/850592002.FACILITY,Centro Olio Val d'Agri
2023-02-27 11:00:00,0.33914999999999995,IT.CAED/850592002.FACILITY,Centro Olio Val d'Agri
2023-02-27 12:00:00,0.30144,IT.CAED/850592002.FACILITY,Centro Olio Val d'Agri
2023-02-27 13:00:00,0.20422,IT.CAED/850592002.FACILITY,Centro Olio Val d'Agri
2023-02-27 14:00:00,0.20725,IT.CAED/850592002.FACILITY,Centro Olio Val d'Agri
2023-02-27 15:00:00,0.32142000000000004,IT.CAED/850592002.FACILITY,Centro Olio Val d'Agri
2023-02-27 16:00:00,0.09634999999999999,IT.CAED/850592002.FACILITY,Centro Olio Val d'Agri
2023-02-27 17:00:00,0.0016799999999999999,IT.CAED/850592002.FACILITY,Centro Olio Val d'Agri
2023-02-27 18:00:00,0.0,IT.CAED/850592002.FACILITY,Centro Olio Val d'Agri
2023-02-27 19:00:00,0.0,IT.CAED/850592002.FACILITY,Centro Olio Val d'Agri
2023-02-27 20:00:00,0.0,IT.CAED/850592002.FACILITY,Centro Olio Val d'Agri
2023-02-27 21:00:00,0.0,IT.CAED/850592002.FACILITY,Centro Olio Val d'Agri
2023-02-27 22:00:00,0.0,IT.CAED/850592002.FACILITY,Centro Olio Val d'Agri
2023-02-27 23:00:00,0.0,IT.CAED/850592002.FACILITY,Centro Olio Val d'Agri
2023-02-28 00:00:00,0.0,IT.CAED/850592002.FACILITY,Centro Olio Val d'Agri
2023-02-28 01:00:00,0.0,IT.CAED/850592002.FACILITY,Centro Olio Val d'Agri
2023-02-28 02:00:00,0.0,IT.CAED/850592002.FACILITY,Centro Olio Val d'Agri
2023-02-28 03:00:00,0.0,IT.CAED/850592002.FACILITY,Centro Olio Val d'Agri
2023-02-28 04:00:00,0.0,IT.CAED/850592002.FACILITY,Centro Olio Val d'Agri
2023-02-28 05:00:00,0.0,IT.CAED/850592002.FACILITY,Centro Olio Val d'Agri
2023-02-28 06:00:00,0.0,IT.CAED/850592002.FACILITY,Centro Olio Val d'Agri
2023-02-28 07:00:00,0.0545,IT.CAED/850592002.FACILITY,Centro Olio Val d'Agri
2023-02-28 08:00:00,0.23705,IT.CAED/850592002.FACILITY,Centro Olio Val d'Agri
2023-02-28 09:00:00,0.36104,IT.CAED/850592002.FACILITY,Centro Olio Val d'Agri
2023-02-28 10:00:00,0.43733,IT.CAED/850592002.FACILITY,Centro Olio Val d'Agri
2023-02-28 11:00:00,0.62683,IT.CAED/850592002.FACILITY,Centro Olio Val d'Agri
2023-02-28 12:00:00,0.76136,IT.CAED/850592002.FACILITY,Centro Olio Val d'Agri
2023-02-28 13:00:00,0.65865,IT.CAED/850592002.FACILITY,Centro Olio Val d'Agri
2023-02-28 14:00:00,0.47042,IT.CAED/850592002.FACILITY,Centro Olio Val d'Agri
2023-02-28 15:00:00,0.26523,IT.CAED/850592002.FACILITY,Centro Olio Val d'Agri
2023-02-28 16:00:00,0.08539,IT.CAED/850592002.FACILITY,Centro Olio Val d'Agri
2023-02-28 17:00:00,0.00196,IT.CAED/850592002.FACILITY,Centro Olio Val d'Agri
2023-02-28 18:00:00,0.0,IT.CAED/850592002.FACILITY,Centro Olio Val d'Agri
2023-02-28 19:00:00,0.0,IT.CAED/850592002.FACILITY,Centro Olio Val d'Agri
2023-02-28 20:00:00,0.0,IT.CAED/850592002.FACILITY,Centro Olio Val d'Agri
2023-02-28 21:00:00,0.0,IT.CAED/850592002.FACILITY,Centro Olio Val d'Agri
2023-02-28 22:00:00,0.0,IT.CAED/850592002.FACILITY,Centro Olio Val d'Agri
2023-02-28 23:00:00,0.0,IT.CAED/850592002.FACILITY,Centro Olio Val d'Agri
2023-03-01 00:00:00,0.0,IT.CAED/850592002.FACILITY,Centro Olio Val d'Agri
2023-03-01 01:00:00,0.0,IT.CAED/850592002.FACILITY,Centro Olio Val d'Agri
2023-03-01 02:00:00,0.0,IT.CAED/850592002.FACILITY,Centro Olio Val d'Agri
2023-03-01 03:00:00,0.0,IT.CAED/850592002.FACILITY,Centro Olio Val d'Agri
2023-03-01 04:00:00,0.0,IT.CAED/850592002.FACILITY,Centro Olio Val d'Agri
2023-03-01 05:00:00,0.0,IT.CAED/850592002.FACILITY,Centro Olio Val d'Agri
2023-03-01 06:00:00,0.0,IT.CAED/850592002.FACILITY,Centro Olio Val d'Agri
2023-03-01 07:00:00,0.052340000000000005,IT.CAED/850592002.FACILITY,Centro Olio Val d'Agri
2023-03-01 08:00:00,0.36837000000000003,IT.CAED/850592002.FACILITY,Centro Olio Val d'Agri
2023-03-01 09:00:00,0.65712,IT.CAED/850592002.FACILITY,Centro Olio Val d'Agri
2023-03-01 10:00:00,0.7743300000000001,IT.CAED/850592002.FACILITY,Centro Olio Val d'Agri
2023-03-01 11:00:00,0.84812,IT.CAED/850592002.FACILITY,Centro Olio Val d'Agri
2023-03-01 12:00:00,0.84764,IT.CAED/850592002.FACILITY,Centro Olio Val d'Agri
2023-03-01 13:00:00,0.8318,IT.CAED/850592002.FACILITY,Centro Olio Val d'Agri
2023-03-01 14:00:00,0.7236,IT.CAED/850592002.FACILITY,Centro Olio Val d'Agri
2023-03-01 15:00:00,0.52362,IT.CAED/850592002.FACILITY,Centro Olio Val d'Agri
2023-03-01 16:00:00,0.25034,IT.CAED/850592002.FACILITY,Centro Olio Val d'Agri
2023-03-01 17:00:00,0.00385,IT.CAED/850592002.FACILITY,Centro Olio Val d'Agri
2023-03-01 18:00:00,0.0,IT.CAED/850592002.FACILITY,Centro Olio Val d'Agri
2023-03-01 19:00:00,0.0,IT.CAED/850592002.FACILITY,Centro Olio Val d'Agri
2023-03-01 20:00:00,0.0,IT.CAED/850592002.FACILITY,Centro Olio Val d'Agri
2023-03-01 21:00:00,0.0,IT.CAED/850592002.FACILITY,Centro Olio Val d'Agri
2023-03-01 22:00:00,0.0,IT.CAED/850592002.FACILITY,Centro Olio Val d'Agri
2023-03-01 23:00:00,0.0,IT.CAED/850592002.FACILITY,Centro Olio Val d'Agri
2023-03-02 00:00:00,0.0,IT.CAED/850592002.FACILITY,Centro Olio Val d'Agri
2023-03-02 01:00:00,0.0,IT.CAED/850592002.FACILITY,Centro Olio Val d'Agri
2023-03-02 02:00:00,0.0,IT.CAED/850592002.FACILITY,Centro Olio Val d'Agri
2023-03-02 03:00:00,0.0,IT.CAED/850592002.FACILITY,Centro Olio Val d'Agri
2023-03-02 04:00:00,0.0,IT.CAED/850592002.FACILITY,Centro Olio Val d'Agri
2023-03-02 05:00:00,0.0,IT.CAED/850592002.FACILITY,Centro Olio Val d'Agri
2023-03-02 06:00:00,0.0,IT.CAED/850592002.FACILITY,Centro Olio Val d'Agri
2023-03-02 07:00:00,0.06679,IT.CAED/850592002.FACILITY,Centro Olio Val d'Agri
2023-03-02 08:00:00,0.26771,IT.CAED/850592002.FACILITY,Centro Olio Val d'Agri
2023-03-02 09:00:00,0.34547000000000005,IT.CAED/850592002.FACILITY,Centro Olio Val d'Agri
2023-03-02 10:00:00,0.3402,IT.CAED/850592002.FACILITY,Centro Olio Val d'Agri
2023-03-02 11:00:00,0.49826,IT.CAED/850592002.FACILITY,Centro Olio Val d'Agri
2023-03-02 12:00:00,0.38160000000000005,IT.CAED/850592002.FACILITY,Centro Olio Val d'Agri
2023-03-02 13:00:00,0.37733999999999995,IT.CAED/850592002.FACILITY,Centro Olio Val d'Agri
2023-03-02 14:00:00,0.32247000000000003,IT.CAED/850592002.FACILITY,Centro Olio Val d'Agri
2023-03-02 15:00:00,0.15159,IT.CAED/850592002.FACILITY,Centro Olio Val d'Agri
2023-03-02 16:00:00,0.09852,IT.CAED/850592002.FACILITY,Centro Olio Val d'Agri
2023-03-02 17:00:00,0.01701,IT.CAED/850592002.FACILITY,Centro Olio Val d'Agri
2023-03-02 18:00:00,0.0,IT.CAED/850592002.FACILITY,Centro Olio Val d'Agri
2023-03-02 19:00:00,0.0,IT.CAED/850592002.FACILITY,Centro Olio Val d'Agri
2023-03-02 20:00:00,0.0,IT.CAED/850592002.FACILITY,Centro Olio Val d'Agri
2023-03-02 21:00:00,0.0,IT.CAED/850592002.FACILITY,Centro Olio Val d'Agri
2023-03-02 22:00:00,0.0,IT.CAED/850592002.FACILITY,Centro Olio Val d'Agri
2023-03-02 23:00:00,0.0,IT.CAED/850592002.FACILITY,Centro Olio Val d'Agri
2023-03-03 00:00:00,0.0,IT.CAED/850592002.FACILITY,Centro Olio Val d'Agri
2023-03-03 01:00:00,0.0,IT.CAED/850592002.FACILITY,Centro Olio Val d'Agri
2023-03-03 02:00:00,0.0,IT.CAED/850592002.FACILITY,Centro Olio Val d'Agri
2023-03-03 03:00:00,0.0,IT.CAED/850592002.FACILITY,Centro Olio Val d'Agri
2023-03-03 04:00:00,0.0,IT.CAED/850592002.FACILITY,Centro Olio Val d'Agri
2023-03-03 05:00:00,0.0,IT.CAED/850592002.FACILITY,Centro Olio Val d'Agri
2023-03-03 06:00:00,0.0,IT.CAED/850592002.FACILITY,Centro Olio Val d'Agri
2023-03-03 07:00:00,0.10223,IT.CAED/850592002.FACILITY,Centro Olio Val d'Agri
2023-03-03 08:00:00,0.29701,IT.CAED/850592002.FACILITY,Centro Olio Val d'Agri
2023-03-03 09:00:00,0.52349,IT.CAED/850592002.FACILITY,Centro Olio Val d'Agri
2023-03-03 10:00:00,0.50105,IT.CAED/850592002.FACILITY,Centro Olio Val d'Agri
2023-03-03 11:00:00,0.48154,IT.CAED/850592002.FACILITY,Centro Olio Val d'Agri
2023-03-03 12:00:00,0.39864,IT.CAED/850592002.FACILITY,Centro Olio Val d'Agri
2023-03-03 13:00:00,0.18271,IT.CAED/850592002.FACILITY,Centro Olio Val d'Agri
2023-03-03 14:00:00,0.25945999999999997,IT.CAED/850592002.FACILITY,Centro Olio Val d'Agri
2023-03-03 15:00:00,0.20517,IT.CAED/850592002.FACILITY,Centro Olio Val d'Agri
2023-03-03 16:00:00,0.07068,IT.CAED/850592002.FACILITY,Centro Olio Val d'Agri
2023-03-03 17:00:00,0.0060999999999999995,IT.CAED/850592002.FACILITY,Centro Olio Val d'Agri
2023-03-03 18:00:00,0.0,IT.CAED/850592002.FACILITY,Centro Olio Val d'Agri
2023-03-03 19:00:00,0.0,IT.CAED/850592002.FACILITY,Centro Olio Val d'Agri
2023-03-03 20:00:00,0.0,IT.CAED/850592002.FACILITY,Centro Olio Val d'Agri
2023-03-03 21:00:00,0.0,IT.CAED/850592002.FACILITY,Centro Olio Val d'Agri
2023-03-03 22:00:00,0.0,IT.CAED/850592002.FACILITY,Centro Olio Val d'Agri
2023-03-03 23:00:00,0.0,IT.CAED/850592002.FACILITY,Centro Olio Val d'Agri
2023-03-04 00:00:00,0.0,IT.CAED/850592002.FACILITY,Centro Olio Val d'Agri
2023-03-04 01:00:00,0.0,IT.CAED/850592002.FACILITY,Centro Olio Val d'Agri
2023-03-04 02:00:00,0.0,IT.CAED/850592002.FACILITY,Centro Olio Val d'Agri
2023-03-04 03:00:00,0.0,IT.CAED/850592002.FACILITY,Centro Olio Val d'Agri
2023-03-04 04:00:00,0.0,IT.CAED/850592002.FACILITY,Centro Olio Val d'Agri
2023-03-04 05:00:00,0.0,IT.CAED/850592002.FACILITY,Centro Olio Val d'Agri
2023-03-04 06:00:00,0.0,IT.CAED/850592002.FACILITY,Centro Olio Val d'Agri
2023-03-04 07:00:00,0.037759999999999995,IT.CAED/850592002.FACILITY,Centro Olio Val d'Agri
2023-03-04 08:00:00,0.10956,IT.CAED/850592002.FACILITY,Centro Olio Val d'Agri
2023-03-04 09:00:00,0.24712,IT.CAED/850592002.FACILITY,Centro Olio Val d'Agri
2023-03-04 10:00:00,0.3337,IT.CAED/850592002.FACILITY,Centro Olio Val d'Agri
2023-03-04 11:00:00,0.34105,IT.CAED/850592002.FACILITY,Centro Olio Val d'Agri
2023-03-04 12:00:00,0.31433,IT.CAED/850592002.FACILITY,Centro Olio Val d'Agri
2023-03-04 13:00:00,0.55168,IT.CAED/850592002.FACILITY,Centro Olio Val d'Agri
2023-03-04 14:00:00,0.4042,IT.CAED/850592002.FACILITY,Centro Olio Val d'Agri
2023-03-04 15:00:00,0.30457999999999996,IT.CAED/850592002.FACILITY,Centro Olio Val d'Agri
2023-03-04 16:00:00,0.14221,IT.CAED/850592002.FACILITY,Centro Olio Val d'Agri
2023-03-04 17:00:00,0.008,IT.CAED/850592002.FACILITY,Centro Olio Val d'Agri
2023-03-04 18:00:00,0.0,IT.CAED/850592002.FACILITY,Centro Olio Val d'Agri
2023-03-04 19:00:00,0.0,IT.CAED/850592002.FACILITY,Centro Olio Val d'Agri
2023-03-04 20:00:00,0.0,IT.CAED/850592002.FACILITY,Centro Olio Val d'Agri
2023-03-04 21:00:00,0.0,IT.CAED/850592002.FACILITY,Centro Olio Val d'Agri
2023-03-04 22:00:00,0.0,IT.CAED/850592002.FACILITY,Centro Olio Val d'Agri
2023-03-04 23:00:00,0.0,IT.CAED/850592002.FACILITY,Centro Olio Val d'Agri
2023-03-05 00:00:00,0.0,IT.CAED/850592002.FACILITY,Centro Olio Val d'Agri
2023-03-05 01:00:00,0.0,IT.CAED/850592002.FACILITY,Centro Olio Val d'Agri
2023-03-05 02:00:00,0.0,IT.CAED/850592002.FACILITY,Centro Olio Val d'Agri
2023-03-05 03:00:00,0.0,IT.CAED/850592002.FACILITY,Centro Olio Val d'Agri
2023-03-05 04:00:00,0.0,IT.CAED/850592002.FACILITY,Centro Olio Val d'Agri
2023-03-05 05:00:00,0.0,IT.CAED/850592002.FACILITY,Centro Olio Val d'Agri
2023-03-05 06:00:00,8.999999999999999e-05,IT.CAED/850592002.FACILITY,Centro Olio Val d'Agri
2023-03-05 07:00:00,0.16366999999999998,IT.CAED/850592002.FACILITY,Centro Olio Val d'Agri
2023-03-05 08:00:00,0.37095999999999996,IT.CAED/850592002.FACILITY,Centro Olio Val d'Agri
2023-03-05 09:00:00,0.56223,IT.CAED/850592002.FACILITY,Centro Olio Val d'Agri
2023-03-05 10:00:00,0.6563,IT.CAED/850592002.FACILITY,Centro Olio Val d'Agri
2023-03-05 11:00:00,0.72638,IT.CAED/850592002.FACILITY,Centro Olio Val d'Agri
2023-03-05 12:00:00,0.8319099999999999,IT.CAED/850592002.FACILITY,Centro Olio Val d'Agri
2023-03-05 13:00:00,0.7244299999999999,IT.CAED/850592002.FACILITY,Centro Olio Val d'Agri
2023-03-05 14:00:00,0.653,IT.CAED/850592002.FACILITY,Centro Olio Val d'Agri
2023-03-05 15:00:00,0.51089,IT.CAED/850592002.FACILITY,Centro Olio Val d'Agri
2023-03-05 16:00:00,0.24205000000000002,IT.CAED/850592002.FACILITY,Centro Olio Val d'Agri
2023-03-05 17:00:00,0.02918,IT.CAED/850592002.FACILITY,Centro Olio Val d'Agri
2023-03-05 18:00:00,0.0,IT.CAED/850592002.FACILITY,Centro Olio Val d'Agri
2023-03-05 19:00:00,0.0,IT.CAED/850592002.FACILITY,Centro Olio Val d'Agri
2023-03-05 20:00:00,0.0,IT.CAED/850592002.FACILITY,Centro Olio Val d'Agri
2023-03-05 21:00:00,0.0,IT.CAED/850592002.FACILITY,Centro Olio Val d'Agri
2023-03-05 22:00:00,0.0,IT.CAED/850592002.FACILITY,Centro Olio Val d'Agri
2023-03-05 23:00:00,0.0,IT.CAED/850592002.FACILITY,Centro Olio Val d'Agri
2023-03-06 00:00:00,0.0,IT.CAED/850592002.FACILITY,Centro Olio Val d'Agri
2023-03-06 01:00:00,0.0,IT.CAED/850592002.FACILITY,Centro Olio Val d'Agri
2023-03-06 02:00:00,0.0,IT.CAED/850592002.FACILITY,Centro Olio Val d'Agri
2023-03-06 03:00:00,0.0,IT.CAED/850592002.FACILITY,Centro Olio Val d'Agri
2023-03-06 04:00:00,0.0,IT.CAED/850592002.FACILITY,Centro Olio Val d'Agri
2023-03-06 05:00:00,0.0,IT.CAED/850592002.FACILITY,Centro Olio Val d'Agri
2023-03-06 06:00:00,0.00011,IT.CAED/850592002.FACILITY,Centro Olio Val d'Agri
2023-03-06 07:00:00,0.08819,IT.CAED/850592002.FACILITY,Centro Olio Val d'Agri
2023-03-06 08:00:00,0.20084,IT.CAED/850592002.FACILITY,Centro Olio Val d'Agri
2023-03-06 09:00:00,0.5156000000000001,IT.CAED/850592002.FACILITY,Centro Olio Val d'Agri
2023-03-06 10:00:00,0.54937,IT.CAED/850592002.FACILITY,Centro Olio Val d'Agri
2023-03-06 11:00:00,0.63447,IT.CAED/850592002.FACILITY,Centro Olio Val d'Agri
2023-03-06 12:00:00,0.59254,IT.CAED/850592002.FACILITY,Centro Olio Val d'Agri
2023-03-06 13:00:00,0.62764,IT.CAED/850592002.FACILITY,Centro Olio Val d'Agri
2023-03-06 14:00:00,0.54852,IT.CAED/850592002.FACILITY,Centro Olio Val d'Agri
2023-03-06 15:00:00,0.27738999999999997,IT.CAED/850592002.FACILITY,Centro Olio Val d'Agri
2023-03-06 16:00:00,0.08556,IT.CAED/850592002.FACILITY,Centro Olio Val d'Agri
2023-03-06 17:00:00,0.0024,IT.CAED/850592002.FACILITY,Centro Olio Val d'Agri
2023-03-06 18:00:00,0.0,IT.CAED/850592002.FACILITY,Centro Olio Val d'Agri
2023-03-06 19:00:00,0.0,IT.CAED/850592002.FACILITY,Centro Olio Val d'Agri
2023-03-06 20:00:00,0.0,IT.CAED/850592002.FACILITY,Centro Olio Val d'Agri
2023-03-06 21:00:00,0.0,IT.CAED/850592002.FACILITY,Centro Olio Val d'Agri
2023-03-06 22:00:00,0.0,IT.CAED/850592002.FACILITY,Centro Olio Val d'Agri
2023-03-06 23:00:00,0.0,IT.CAED/850592002.FACILITY,Centro Olio Val d'Agri
2023-03-07 00:00:00,0.0,IT.CAED/850592002.FACILITY,Centro Olio Val d'Agri
2023-03-07 01:00:00,0.0,IT.CAED/850592002.FACILITY,Centro Olio Val d'Agri
2023-03-07 02:00:00,0.0,IT.CAED/850592002.FACILITY,Centro Olio Val d'Agri
2023-03-07 03:00:00,0.0,IT.CAED/850592002.FACILITY,Centro Olio Val d'Agri
2023-03-07 04:00:00,0.0,IT.CAED/850592002.FACILITY,Centro Olio Val d'Agri
2023-03-07 05:00:00,0.0,IT.CAED/850592002.FACILITY,Centro Olio Val d'Agri
2023-03-07 06:00:00,0.00165,IT.CAED/850592002.FACILITY,Centro Olio Val d'Agri
2023-03-07 07:00:00,0.09756999999999999,IT.CAED/850592002.FACILITY,Centro Olio Val d'Agri
2023-03-07 08:00:00,0.38672,IT.CAED/850592002.FACILITY,Centro Olio Val d'Agri
2023-03-07 09:00:00,0.53952,IT.CAED/850592002.FACILITY,Centro Olio Val d'Agri
2023-03-07 10:00:00,0.6665099999999999,IT.CAED/850592002.FACILITY,Centro Olio Val d'Agri
2023-03-07 11:00:00,0.69086,IT.CAED/850592002.FACILITY,Centro Olio Val d'Agri
2023-03-07 12:00:00,0.7116699999999999,IT.CAED/850592002.FACILITY,Centro Olio Val d'Agri
2023-03-07 13:00:00,0.3805,IT.CAED/850592002.FACILITY,Centro Olio Val d'Agri
2023-03-07 14:00:00,0.52964,IT.CAED/850592002.FACILITY,Centro Olio Val d'Agri
2023-03-07 15:00:00,0.39303,IT.CAED/850592002.FACILITY,Centro Olio Val d'Agri
2023-03-07 16:00:00,0.19866,IT.CAED/850592002.FACILITY,Centro Olio Val d'Agri
2023-03-07 17:00:00,0.03655,IT.CAED/850592002.FACILITY,Centro Olio Val d'Agri
2023-03-07 18:00:00,0.0,IT.CAED/850592002.FACILITY,Centro Olio Val d'Agri
2023-03-07 19:00:00,0.0,IT.CAED/850592002.FACILITY,Centro Olio Val d'Agri
2023-03-07 20:00:00,0.0,IT.CAED/850592002.FACILITY,Centro Olio Val d'Agri
2023-03-07 21:00:00,0.0,IT.CAED/850592002.FACILITY,Centro Olio Val d'Agri
2023-03-07 22:00:00,0.0,IT.CAED/850592002.FACILITY,Centro Olio Val d'Agri
2023-03-07 23:00:00,0.0,IT.CAED/850592002.FACILITY,Centro Olio Val d'Agri
2023-03-08 00:00:00,0.0,IT.CAED/850592002.FACILITY,Centro Olio Val d'Agri
2023-03-08 01:00:00,0.0,IT.CAED/850592002.FACILITY,Centro Olio Val d'Agri
2023-03-08 02:00:00,0.0,IT.CAED/850592002.FACILITY,Centro Olio Val d'Agri
2023-03-08 03:00:00,0.0,IT.CAED/850592002.FACILITY,Centro Olio Val d'Agri
2023-03-08 04:00:00,0.0,IT.CAED/850592002.FACILITY,Centro Olio Val d'Agri
2023-03-08 05:00:00,0.0,IT.CAED/850592002.FACILITY,Centro Olio Val d'Agri
2023-03-08 06:00:00,0.00046,IT.CAED/850592002.FACILITY,Centro Olio Val d'Agri
2023-03-08 07:00:00,0.037939999999999995,IT.CAED/850592002.FACILITY,Centro Olio Val d'Agri
2023-03-08 08:00:00,0.13723,IT.CAED/850592002.FACILITY,Centro Olio Val d'Agri
2023-03-08 09:00:00,0.23945,IT.CAED/850592002.FACILITY,Centro Olio Val d'Agri
2023-03-08 10:00:00,0.56313,IT.CAED/850592002.FACILITY,Centro Olio Val d'Agri
2023-03-08 11:00:00,0.56643,IT.CAED/850592002.FACILITY,Centro Olio Val d'Agri
2023-03-08 12:00:00,0.60729,IT.CAED/850592002.FACILITY,Centro Olio Val d'Agri
2023-03-08 13:00:00,0.46664999999999995,IT.CAED/850592002.FACILITY,Centro Olio Val d'Agri
2023-03-08 14:00:00,0.21502000000000002,IT.CAED/850592002.FACILITY,Centro Olio Val d'Agri
2023-03-08 15:00:00,0.16237000000000001,IT.CAED/850592002.FACILITY,Centro Olio Val d'Agri
2023-03-08 16:00:00,0.0732,IT.CAED/850592002.FACILITY,Centro Olio Val d'Agri
2023-03-08 17:00:00,0.00831,IT.CAED/850592002.FACILITY,Centro Olio Val d'Agri
2023-03-08 18:00:00,0.0,IT.CAED/850592002.FACILITY,Centro Olio Val d'Agri
2023-03-08 19:00:00,0.0,IT.CAED/850592002.FACILITY,Centro Olio Val d'Agri
2023-03-08 20:00:00,0.0,IT.CAED/850592002.FACILITY,Centro Olio Val d'Agri
2023-03-08 21:00:00,0.0,IT.CAED/850592002.FACILITY,Centro Olio Val d'Agri
2023-03-08 22:00:00,0.0,IT.CAED/850592002.FACILITY,Centro Olio Val d'Agri
2023-03-08 23:00:00,0.0,IT.CAED/850592002.FACILITY,Centro Olio Val d'Agri
2023-03-09 00:00:00,0.0,IT.CAED/850592002.FACILITY,Centro Olio Val d'Agri
2023-03-09 01:00:00,0.0,IT.CAED/850592002.FACILITY,Centro Olio Val d'Agri
2023-03-09 02:00:00,0.0,IT.CAED/850592002.FACILITY,Centro Olio Val d'Agri
2023-03-09 03:00:00,0.0,IT.CAED/850592002.FACILITY,Centro Olio Val d'Agri
2023-03-09 04:00:00,0.0,IT.CAED/850592002.FACILITY,Centro Olio Val d'Agri
2023-03-09 05:00:00,0.0,IT.CAED/850592002.FACILITY,Centro Olio Val d'Agri
2023-03-09 06:00:00,0.00015,IT.CAED/850592002.FACILITY,Centro Olio Val d'Agri
2023-03-09 07:00:00,0.056549999999999996,IT.CAED/850592002.FACILITY,Centro Olio Val d'Agri
2023-03-09 08:00:00,0.22913999999999998,IT.CAED/850592002.FACILITY,Centro Olio Val d'Agri
2023-03-09 09:00:00,0.43397,IT.CAED/850592002.FACILITY,Centro Olio Val d'Agri
2023-03-09 10:00:00,0.64205,IT.CAED/850592002.FACILITY,Centro Olio Val d'Agri
2023-03-09 11:00:00,0.59527,IT.CAED/850592002.FACILITY,Centro Olio Val d'Agri
2023-03-09 12:00:00,0.57287,IT.CAED/850592002.FACILITY,Centro Olio Val d'Agri
2023-03-09 13:00:00,0.69001,IT.CAED/850592002.FACILITY,Centro Olio Val d'Agri
2023-03-09 14:00:00,0.57951,IT.CAED/850592002.FACILITY,Centro Olio Val d'Agri
2023-03-09 15:00:00,0.31671,IT.CAED/850592002.FACILITY,Centro Olio Val d'Agri
2023-03-09 16:00:00,0.14871,IT.CAED/850592002.FACILITY,Centro Olio Val d'Agri
2023-03-09 17:00:00,0.02817,IT.CAED/850592002.FACILITY,Centro Olio Val d'Agri
2023-03-09 18:00:00,0.0,IT.CAED/850592002.FACILITY,Centro Olio Val d'Agri
2023-03-09 19:00:00,0.0,IT.CAED/850592002.FACILITY,Centro Olio Val d'Agri
2023-03-09 20:00:00,0.0,IT.CAED/850592002.FACILITY,Centro Olio Val d'Agri
2023-03-09 21:00:00,0.0,IT.CAED/850592002.FACILITY,Centro Olio Val d'Agri
2023-03-09 22:00:00,0.0,IT.CAED/850592002.FACILITY,Centro Olio Val d'Agri
2023-03-09 23:00:00,0.0,IT.CAED/850592002.FACILITY,Centro Olio Val d'Agri
2023-03-10 00:00:00,0.0,IT.CAED/850592002.FACILITY,Centro Olio Val d'Agri
2023-03-10 01:00:00,0.0,IT.CAED/850592002.FACILITY,Centro Olio Val d'Agri
2023-03-10 02:00:00,0.0,IT.CAED/850592002.FACILITY,Centro Olio Val d'Agri
2023-03-10 03:00:00,0.0,IT.CAED/850592002.FACILITY,Centro Olio Val d'Agri
2023-03-10 04:00:00,0.0,IT.CAED/850592002.FACILITY,Centro Olio Val d'Agri
2023-03-10 05:00:00,0.0,IT.CAED/850592002.FACILITY,Centro Olio Val d'Agri
2023-03-10 06:00:00,0.0,IT.CAED/850592002.FACILITY,Centro Olio Val d'Agri
2023-03-10 07:00:00,0.06289,IT.CAED/850592002.FACILITY,Centro Olio Val d'Agri
2023-03-10 08:00:00,0.24515,IT.CAED/850592002.FACILITY,Centro Olio Val d'Agri
2023-03-10 09:00:00,0.40020999999999995,IT.CAED/850592002.FACILITY,Centro Olio Val d'Agri
2023-03-10 10:00:00,0.71856,IT.CAED/850592002.FACILITY,Centro Olio Val d'Agri
2023-03-10 11:00:00,0.6635800000000001,IT.CAED/850592002.FACILITY,Centro Olio Val d'Agri
2023-03-10 12:00:00,0.52707,IT.CAED/850592002.FACILITY,Centro Olio Val d'Agri
2023-03-10 13:00:00,0.6108,IT.CAED/850592002.FACILITY,Centro Olio Val d'Agri
2023-03-10 14:00:00,0.454,IT.CAED/850592002.FACILITY,Centro Olio Val d'Agri
2023-03-10 15:00:00,0.25562999999999997,IT.CAED/850592002.FACILITY,Centro Olio Val d'Agri
2023-03-10 16:00:00,0.14081,IT.CAED/850592002.FACILITY,Centro Olio Val d'Agri
2023-03-10 17:00:00,0.02838,IT.CAED/850592002.FACILITY,Centro Olio Val d'Agri
2023-03-10 18:00:00,0.0,IT.CAED/850592002.FACILITY,Centro Olio Val d'Agri
2023-03-10 19:00:00,0.0,IT.CAED/850592002.FACILITY,Centro Olio Val d'Agri
2023-03-10 20:00:00,0.0,IT.CAED/850592002.FACILITY,Centro Olio Val d'Agri
2023-03-10 21:00:00,0.0,IT.CAED/850592002.FACILITY,Centro Olio Val d'Agri
2023-03-10 22:00:00,0.0,IT.CAED/850592002.FACILITY,Centro Olio Val d'Agri
2023-03-10 23:00:00,0.0,IT.CAED/850592002.FACILITY,Centro Olio Val d'Agri
2023-03-11 00:00:00,0.0,IT.CAED/850592002.FACILITY,Centro Olio Val d'Agri
2023-03-11 01:00:00,0.0,IT.CAED/850592002.FACILITY,Centro Olio Val d'Agri
2023-03-11 02:00:00,0.0,IT.CAED/850592002.FACILITY,Centro Olio Val d'Agri
2023-03-11 03:00:00,0.0,IT.CAED/850592002.FACILITY,Centro Olio Val d'Agri
2023-03-11 04:00:00,0.0,IT.CAED/850592002.FACILITY,Centro Olio Val d'Agri
2023-03-11 05:00:00,0.0,IT.CAED/850592002.FACILITY,Centro Olio Val d'Agri
2023-03-11 06:00:00,0.00145,IT.CAED/850592002.FACILITY,Centro Olio Val d'Agri
2023-03-11 07:00:00,0.04371,IT.CAED/850592002.FACILITY,Centro Olio Val d'Agri
2023-03-11 08:00:00,0.12997999999999998,IT.CAED/850592002.FACILITY,Centro Olio Val d'Agri
2023-03-11 09:00:00,0.35151,IT.CAED/850592002.FACILITY,Centro Olio Val d'Agri
2023-03-11 10:00:00,0.52624,IT.CAED/850592002.FACILITY,Centro Olio Val d'Agri
2023-03-11 11:00:00,0.65197,IT.CAED/850592002.FACILITY,Centro Olio Val d'Agri
2023-03-11 12:00:00,0.57878,IT.CAED/850592002.FACILITY,Centro Olio Val d'Agri
2023-03-11 13:00:00,0.70236,IT.CAED/850592002.FACILITY,Centro Olio Val d'Agri
2023-03-11 14:00:00,0.5166799999999999,IT.CAED/850592002.FACILITY,Centro Olio Val d'Agri
2023-03-11 15:00:00,0.23768999999999998,IT.CAED/850592002.FACILITY,Centro Olio Val d'Agri
2023-03-11 16:00:00,0.10524,IT.CAED/850592002.FACILITY,Centro Olio Val d'Agri
2023-03-11 17:00:00,0.01421,IT.CAED/850592002.FACILITY,Centro Olio Val d'Agri
2023-03-11 18:00:00,0.0,IT.CAED/850592002.FACILITY,Centro Olio Val d'Agri
2023-03-11 19:00:00,0.0,IT.CAED/850592002.FACILITY,Centro Olio Val d'Agri
2023-03-11 20:00:00,0.0,IT.CAED/850592002.FACILITY,Centro Olio Val d'Agri
2023-03-11 21:00:00,0.0,IT.CAED/850592002.FACILITY,Centro Olio Val d'Agri
2023-03-11 22:00:00,0.0,IT.CAED/850592002.FACILITY,Centro Olio Val d'Agri
2023-03-11 23:00:00,0.0,IT.CAED/850592002.FACILITY,Centro Olio Val d'Agri
2023-03-12 00:00:00,0.0,IT.CAED/850592002.FACILITY,Centro Olio Val d'Agri
2023-03-12 01:00:00,0.0,IT.CAED/850592002.FACILITY,Centro Olio Val d'Agri
2023-03-12 02:00:00,0.0,IT.CAED/850592002.FACILITY,Centro Olio Val d'Agri
2023-03-12 03:00:00,0.0,IT.CAED/850592002.FACILITY,Centro Olio Val d'Agri
2023-03-12 04:00:00,0.0,IT.CAED/850592002.FACILITY,Centro Olio Val d'Agri
2023-03-12 05:00:00,0.0,IT.CAED/850592002.FACILITY,Centro Olio Val d'Agri
2023-03-12 06:00:00,0.00013000000000000002,IT.CAED/850592002.FACILITY,Centro Olio Val d'Agri
2023-03-12 07:00:00,0.14509,IT.CAED/850592002.FACILITY,Centro Olio Val d'Agri
2023-03-12 08:00:00,0.35129000000000005,IT.CAED/850592002.FACILITY,Centro Olio Val d'Agri
2023-03-12 09:00:00,0.41256,IT.CAED/850592002.FACILITY,Centro Olio Val d'Agri
2023-03-12 10:00:00,0.49489,IT.CAED/850592002.FACILITY,Centro Olio Val d'Agri
2023-03-12 11:00:00,0.45901,IT.CAED/850592002.FACILITY,Centro Olio Val d'Agri
2023-03-12 12:00:00,0.39085000000000003,IT.CAED/850592002.FACILITY,Centro Olio Val d'Agri
2023-03-12 13:00:00,0.43116000000000004,IT.CAED/850592002.FACILITY,Centro Olio Val d'Agri
2023-03-12 14:00:00,0.21928999999999998,IT.CAED/850592002.FACILITY,Centro Olio Val d'Agri
2023-03-12 15:00:00,0.17828,IT.CAED/850592002.FACILITY,Centro Olio Val d'Agri
2023-03-12 16:00:00,0.12436,IT.CAED/850592002.FACILITY,Centro Olio Val d'Agri
2023-03-12 17:00:00,0.02903,IT.CAED/850592002.FACILITY,Centro Olio Val d'Agri
2023-03-12 18:00:00,0.0,IT.CAED/850592002.FACILITY,Centro Olio Val d'Agri
2023-03-12 19:00:00,0.0,IT.CAED/850592002.FACILITY,Centro Olio Val d'Agri
2023-03-12 20:00:00,0.0,IT.CAED/850592002.FACILITY,Centro Olio Val d'Agri
2023-03-12 21:00:00,0.0,IT.CAED/850592002.FACILITY,Centro Olio Val d'Agri
2023-03-12 22:00:00,0.0,IT.CAED/850592002.FACILITY,Centro Olio Val d'Agri
2023-03-12 23:00:00,0.0,IT.CAED/850592002.FACILITY,Centro Olio Val d'Agri
2023-03-13 00:00:00,0.0,IT.CAED/850592002.FACILITY,Centro Olio Val d'Agri
2023-03-13 01:00:00,0.0,IT.CAED/850592002.FACILITY,Centro Olio Val d'Agri
2023-03-13 02:00:00,0.0,IT.CAED/850592002.FACILITY,Centro Olio Val d'Agri
2023-03-13 03:00:00,0.0,IT.CAED/850592002.FACILITY,Centro Olio Val d'Agri
2023-03-13 04:00:00,0.0,IT.CAED/850592002.FACILITY,Centro Olio Val d'Agri
2023-03-13 05:00:00,0.0,IT.CAED/850592002.FACILITY,Centro Olio Val d'Agri
2023-03-13 06:00:00,0.02118,IT.CAED/850592002.FACILITY,Centro Olio Val d'Agri
2023-03-13 07:00:00,0.26086000000000004,IT.CAED/850592002.FACILITY,Centro Olio Val d'Agri
2023-03-13 08:00:00,0.53514,IT.CAED/850592002.FACILITY,Centro Olio Val d'Agri
2023-03-13 09:00:00,0.72929,IT.CAED/850592002.FACILITY,Centro Olio Val d'Agri
2023-03-13 10:00:00,0.85473,IT.CAED/850592002.FACILITY,Centro Olio Val d'Agri
2023-03-13 11:00:00,0.92702,IT.CAED/850592002.FACILITY,Centro Olio Val d'Agri
2023-03-13 12:00:00,0.93323,IT.CAED/850592002.FACILITY,Centro Olio Val d'Agri
2023-03-13 13:00:00,0.87271,IT.CAED/850592002.FACILITY,Centro Olio Val d'Agri
2023-03-13 14:00:00,0.74707,IT.CAED/850592002.FACILITY,Centro Olio Val d'Agri
2023-03-13 15:00:00,0.55423,IT.CAED/850592002.FACILITY,Centro Olio Val d'Agri
2023-03-13 16:00:00,0.29679,IT.CAED/850592002.FACILITY,Centro Olio Val d'Agri
2023-03-13 17:00:00,0.04437,IT.CAED/850592002.FACILITY,Centro Olio Val d'Agri
2023-03-13 18:00:00,0.0,IT.CAED/850592002.FACILITY,Centro Olio Val d'Agri
2023-03-13 19:00:00,0.0,IT.CAED/850592002.FACILITY,Centro Olio Val d'Agri
2023-03-13 20:00:00,0.0,IT.CAED/850592002.FACILITY,Centro Olio Val d'Agri
2023-03-13 21:00:00,0.0,IT.CAED/850592002.FACILITY,Centro Olio Val d'Agri
2023-03-13 22:00:00,0.0,IT.CAED/850592002.FACILITY,Centro Olio Val d'Agri
2023-03-13 23:00:00,0.0,IT.CAED/850592002.FACILITY,Centro Olio Val d'Agri
2023-03-14 00:00:00,0.0,IT.CAED/850592002.FACILITY,Centro Olio Val d'Agri
2023-03-14 01:00:00,0.0,IT.CAED/850592002.FACILITY,Centro Olio Val d'Agri
2023-03-14 02:00:00,0.0,IT.CAED/850592002.FACILITY,Centro Olio Val d'Agri
2023-03-14 03:00:00,0.0,IT.CAED/850592002.FACILITY,Centro Olio Val d'Agri
2023-03-14 04:00:00,0.0,IT.CAED/850592002.FACILITY,Centro Olio Val d'Agri
2023-03-14 05:00:00,0.0,IT.CAED/850592002.FACILITY,Centro Olio Val d'Agri
2023-03-14 06:00:00,0.020370000000000003,IT.CAED/850592002.FACILITY,Centro Olio Val d'Agri
2023-03-14 07:00:00,0.24037999999999998,IT.CAED/850592002.FACILITY,Centro Olio Val d'Agri
2023-03-14 08:00:00,0.50289,IT.CAED/850592002.FACILITY,Centro Olio Val d'Agri
2023-03-14 09:00:00,0.66126,IT.CAED/850592002.FACILITY,Centro Olio Val d'Agri
2023-03-14 10:00:00,0.73257,IT.CAED/850592002.FACILITY,Centro Olio Val d'Agri
2023-03-14 11:00:00,0.77808,IT.CAED/850592002.FACILITY,Centro Olio Val d'Agri
2023-03-14 12:00:00,0.74114,IT.CAED/850592002.FACILITY,Centro Olio Val d'Agri
2023-03-14 13:00:00,0.73093,IT.CAED/850592002.FACILITY,Centro Olio Val d'Agri
2023-03-14 14:00:00,0.62299,IT.CAED/850592002.FACILITY,Centro Olio Val d'Agri
2023-03-14 15:00:00,0.5216799999999999,IT.CAED/850592002.FACILITY,Centro Olio Val d'Agri
2023-03-14 16:00:00,0.27792,IT.CAED/850592002.FACILITY,Centro Olio Val d'Agri
2023-03-14 17:00:00,0.031030000000000002,IT.CAED/850592002.FACILITY,Centro Olio Val d'Agri
2023-03-14 18:00:00,0.0,IT.CAED/850592002.FACILITY,Centro Olio Val d'Agri
2023-03-14 19:00:00,0.0,IT.CAED/850592002.FACILITY,Centro Olio Val d'Agri
2023-03-14 20:00:00,0.0,IT.CAED/850592002.FACILITY,Centro Olio Val d'Agri
2023-03-14 21:00:00,0.0,IT.CAED/850592002.FACILITY,Centro Olio Val d'Agri
2023-03-14 22:00:00,0.0,IT.CAED/850592002.FACILITY,Centro Olio Val d'Agri
2023-03-14 23:00:00,0.0,IT.CAED/850592002.FACILITY,Centro Olio Val d'Agri
2023-03-15 00:00:00,0.0,IT.CAED/850592002.FACILITY,Centro Olio Val d'Agri
2023-03-15 01:00:00,0.0,IT.CAED/850592002.FACILITY,Centro Olio Val d'Agri
2023-03-15 02:00:00,0.0,IT.CAED/850592002.FACILITY,Centro Olio Val d'Agri
2023-03-15 03:00:00,0.0,IT.CAED/850592002.FACILITY,Centro Olio Val d'Agri
2023-03-15 04:00:00,0.0,IT.CAED/850592002.FACILITY,Centro Olio Val d'Agri
2023-03-15 05:00:00,0.0,IT.CAED/850592002.FACILITY,Centro Olio Val d'Agri
2023-03-15 06:00:00,0.006900000000000001,IT.CAED/850592002.FACILITY,Centro Olio Val d'Agri
2023-03-15 07:00:00,0.07823000000000001,IT.CAED/850592002.FACILITY,Centro Olio Val d'Agri
2023-03-15 08:00:00,0.2018,IT.CAED/850592002.FACILITY,Centro Olio Val d'Agri
2023-03-15 09:00:00,0.51217,IT.CAED/850592002.FACILITY,Centro Olio Val d'Agri
2023-03-15 10:00:00,0.65866,IT.CAED/850592002.FACILITY,Centro Olio Val d'Agri
2023-03-15 11:00:00,0.76697,IT.CAED/850592002.FACILITY,Centro Olio Val d'Agri
2023-03-15 12:00:00,0.8028,IT.CAED/850592002.FACILITY,Centro Olio Val d'Agri
2023-03-15 13:00:00,0.37047,IT.CAED/850592002.FACILITY,Centro Olio Val d'Agri
2023-03-15 14:00:00,0.4811,IT.CAED/850592002.FACILITY,Centro Olio Val d'Agri
2023-03-15 15:00:00,0.09911,IT.CAED/850592002.FACILITY,Centro Olio Val d'Agri
2023-03-15 16:00:00,0.09206,IT.CAED/850592002.FACILITY,Centro Olio Val d'Agri
2023-03-15 17:00:00,0.0189,IT.CAED/850592002.FACILITY,Centro Olio Val d'Agri
2023-03-15 18:00:00,0.0,IT.CAED/850592002.FACILITY,Centro Olio Val d'Agri
2023-03-15 19:00:00,0.0,IT.CAED/850592002.FACILITY,Centro Olio Val d'Agri
2023-03-15 20:00:00,0.0,IT.CAED/850592002.FACILITY,Centro Olio Val d'Agri
2023-03-15 21:00:00,0.0,IT.CAED/850592002.FACILITY,Centro Olio Val d'Agri
2023-03-15 22:00:00,0.0,IT.CAED/850592002.FACILITY,Centro Olio Val d'Agri
2023-03-15 23:00:00,0.0,IT.CAED/850592002.FACILITY,Centro Olio Val d'Agri
2023-03-16 00:00:00,0.0,IT.CAED/850592002.FACILITY,Centro Olio Val d'Agri
2023-03-16 01:00:00,0.0,IT.CAED/850592002.FACILITY,Centro Olio Val d'Agri
2023-03-16 02:00:00,0.0,IT.CAED/850592002.FACILITY,Centro Olio Val d'Agri
2023-03-16 03:00:00,0.0,IT.CAED/850592002.FACILITY,Centro Olio Val d'Agri
2023-03-16 04:00:00,0.0,IT.CAED/850592002.FACILITY,Centro Olio Val d'Agri
2023-03-16 05:00:00,0.0,IT.CAED/850592002.FACILITY,Centro Olio Val d'Agri
2023-03-16 06:00:00,0.02238,IT.CAED/850592002.FACILITY,Centro Olio Val d'Agri
2023-03-16 07:00:00,0.27112,IT.CAED/850592002.FACILITY,Centro Olio Val d'Agri
2023-03-16 08:00:00,0.56361,IT.CAED/850592002.FACILITY,Centro Olio Val d'Agri
2023-03-16 09:00:00,0.78859,IT.CAED/850592002.FACILITY,Centro Olio Val d'Agri
2023-03-16 10:00:00,0.89062,IT.CAED/850592002.FACILITY,Centro Olio Val d'Agri
2023-03-16 11:00:00,0.97257,IT.CAED/850592002.FACILITY,Centro Olio Val d'Agri
2023-03-16 12:00:00,0.96266,IT.CAED/850592002.FACILITY,Centro Olio Val d'Agri
2023-03-16 13:00:00,0.91087,IT.CAED/850592002.FACILITY,Centro Olio Val d'Agri
2023-03-16 14:00:00,0.79806,IT.CAED/850592002.FACILITY,Centro Olio Val d'Agri
2023-03-16 15:00:00,0.57212,IT.CAED/850592002.FACILITY,Centro Olio Val d'Agri
2023-03-16 16:00:00,0.31825,IT.CAED/850592002.FACILITY,Centro Olio Val d'Agri
2023-03-16 17:00:00,0.04529,IT.CAED/850592002.FACILITY,Centro Olio Val d'Agri
2023-03-16 18:00:00,0.0,IT.CAED/850592002.FACILITY,Centro Olio Val d'Agri
2023-03-16 19:00:00,0.0,IT.CAED/850592002.FACILITY,Centro Olio Val d'Agri
2023-03-16 20:00:00,0.0,IT.CAED/850592002.FACILITY,Centro Olio Val d'Agri
2023-03-16 21:00:00,0.0,IT.CAED/850592002.FACILITY,Centro Olio Val d'Agri
2023-03-16 22:00:00,0.0,IT.CAED/850592002.FACILITY,Centro Olio Val d'Agri
2023-03-16 23:00:00,0.0,IT.CAED/850592002.FACILITY,Centro Olio Val d'Agri
2023-03-17 00:00:00,0.0,IT.CAED/850592002.FACILITY,Centro Olio Val d'Agri
2023-03-17 01:00:00,0.0,IT.CAED/850592002.FACILITY,Centro Olio Val d'Agri
2023-03-17 02:00:00,0.0,IT.CAED/850592002.FACILITY,Centro Olio Val d'Agri
2023-03-17 03:00:00,0.0,IT.CAED/850592002.FACILITY,Centro Olio Val d'Agri
2023-03-17 04:00:00,0.0,IT.CAED/850592002.FACILITY,Centro Olio Val d'Agri
2023-03-17 05:00:00,0.0,IT.CAED/850592002.FACILITY,Centro Olio Val d'Agri
2023-03-17 06:00:00,0.02575,IT.CAED/850592002.FACILITY,Centro Olio Val d'Agri
2023-03-17 07:00:00,0.27938999999999997,IT.CAED/850592002.FACILITY,Centro Olio Val d'Agri
2023-03-17 08:00:00,0.56241,IT.CAED/850592002.FACILITY,Centro Olio Val d'Agri
2023-03-17 09:00:00,0.7914,IT.CAED/850592002.FACILITY,Centro Olio Val d'Agri
2023-03-17 10:00:00,0.9429299999999999,IT.CAED/850592002.FACILITY,Centro Olio Val d'Agri
2023-03-17 11:00:00,1.01443,IT.CAED/850592002.FACILITY,Centro Olio Val d'Agri
2023-03-17 12:00:00,1.01131,IT.CAED/850592002.FACILITY,Centro Olio Val d'Agri
2023-03-17 13:00:00,0.93722,IT.CAED/850592002.FACILITY,Centro Olio Val d'Agri
2023-03-17 14:00:00,0.79413,IT.CAED/850592002.FACILITY,Centro Olio Val d'Agri
2023-03-17 15:00:00,0.5843700000000001,IT.CAED/850592002.FACILITY,Centro Olio Val d'Agri
2023-03-17 16:00:00,0.31448000000000004,IT.CAED/850592002.FACILITY,Centro Olio Val d'Agri
2023-03-17 17:00:00,0.054380000000000005,IT.CAED/850592002.FACILITY,Centro Olio Val d'Agri
2023-03-17 18:00:00,0.0,IT.CAED/850592002.FACILITY,Centro Olio Val d'Agri
2023-03-17 19:00:00,0.0,IT.CAED/850592002.FACILITY,Centro Olio Val d'Agri
2023-03-17 20:00:00,0.0,IT.CAED/850592002.FACILITY,Centro Olio Val d'Agri
2023-03-17 21:00:00,0.0,IT.CAED/850592002.FACILITY,Centro Olio Val d'Agri
2023-03-17 22:00:00,0.0,IT.CAED/850592002.FACILITY,Centro Olio Val d'Agri
2023-03-17 23:00:00,0.0,IT.CAED/850592002.FACILITY,Centro Olio Val d'Agri
2023-03-18 00:00:00,0.0,IT.CAED/850592002.FACILITY,Centro Olio Val d'Agri
2023-03-18 01:00:00,0.0,IT.CAED/850592002.FACILITY,Centro Olio Val d'Agri
2023-03-18 02:00:00,0.0,IT.CAED/850592002.FACILITY,Centro Olio Val d'Agri
2023-03-18 03:00:00,0.0,IT.CAED/850592002.FACILITY,Centro Olio Val d'Agri
2023-03-18 04:00:00,0.0,IT.CAED/850592002.FACILITY,Centro Olio Val d'Agri
2023-03-18 05:00:00,0.0,IT.CAED/850592002.FACILITY,Centro Olio Val d'Agri
2023-03-18 06:00:00,0.02653,IT.CAED/850592002.FACILITY,Centro Olio Val d'Agri
2023-03-18 07:00:00,0.27853,IT.CAED/850592002.FACILITY,Centro Olio Val d'Agri
2023-03-18 08:00:00,0.55061,IT.CAED/850592002.FACILITY,Centro Olio Val d'Agri
2023-03-18 09:00:00,0.7505499999999999,IT.CAED/850592002.FACILITY,Centro Olio Val d'Agri
2023-03-18 10:00:00,0.87893,IT.CAED/850592002.FACILITY,Centro Olio Val d'Agri
2023-03-18 11:00:00,0.93891,IT.CAED/850592002.FACILITY,Centro Olio Val d'Agri
2023-03-18 12:00:00,0.93562,IT.CAED/850592002.FACILITY,Centro Olio Val d'Agri
2023-03-18 13:00:00,0.87242,IT.CAED/850592002.FACILITY,Centro Olio Val d'Agri
2023-03-18 14:00:00,0.74624,IT.CAED/850592002.FACILITY,Centro Olio Val d'Agri
2023-03-18 15:00:00,0.55059,IT.CAED/850592002.FACILITY,Centro Olio Val d'Agri
2023-03-18 16:00:00,0.29523,IT.CAED/850592002.FACILITY,Centro Olio Val d'Agri
2023-03-18 17:00:00,0.05077,IT.CAED/850592002.FACILITY,Centro Olio Val d'Agri
2023-03-18 18:00:00,0.0,IT.CAED/850592002.FACILITY,Centro Olio Val d'Agri
2023-03-18 19:00:00,0.0,IT.CAED/850592002.FACILITY,Centro Olio Val d'Agri
2023-03-18 20:00:00,0.0,IT.CAED/850592002.FACILITY,Centro Olio Val d'Agri
2023-03-18 21:00:00,0.0,IT.CAED/850592002.FACILITY,Centro Olio Val d'Agri
2023-03-18 22:00:00,0.0,IT.CAED/850592002.FACILITY,Centro Olio Val d'Agri
2023-03-18 23:00:00,0.0,IT.CAED/850592002.FACILITY,Centro Olio Val d'Agri
2023-03-19 00:00:00,0.0,IT.CAED/850592002.FACILITY,Centro Olio Val d'Agri
2023-03-19 01:00:00,0.0,IT.CAED/850592002.FACILITY,Centro Olio Val d'Agri
2023-03-19 02:00:00,0.0,IT.CAED/850592002.FACILITY,Centro Olio Val d'Agri
2023-03-19 03:00:00,0.0,IT.CAED/850592002.FACILITY,Centro Olio Val d'Agri
2023-03-19 04:00:00,0.0,IT.CAED/850592002.FACILITY,Centro Olio Val d'Agri
2023-03-19 05:00:00,0.0,IT.CAED/850592002.FACILITY,Centro Olio Val d'Agri
2023-03-19 06:00:00,0.026269999999999998,IT.CAED/850592002.FACILITY,Centro Olio Val d'Agri
2023-03-19 07:00:00,0.2662,IT.CAED/850592002.FACILITY,Centro Olio Val d'Agri
2023-03-19 08:00:00,0.52364,IT.CAED/850592002.FACILITY,Centro Olio Val d'Agri
2023-03-19 09:00:00,0.72736,IT.CAED/850592002.FACILITY,Centro Olio Val d'Agri
2023-03-19 10:00:00,0.85451,IT.CAED/850592002.FACILITY,Centro Olio Val d'Agri
2023-03-19 11:00:00,0.92257,IT.CAED/850592002.FACILITY,Centro Olio Val d'Agri
2023-03-19 12:00:00,0.9255399999999999,IT.CAED/850592002.FACILITY,Centro Olio Val d'Agri
2023-03-19 13:00:00,0.86061,IT.CAED/850592002.FACILITY,Centro Olio Val d'Agri
2023-03-19 14:00:00,0.72666,IT.CAED/850592002.FACILITY,Centro Olio Val d'Agri
2023-03-19 15:00:00,0.5249299999999999,IT.CAED/850592002.FACILITY,Centro Olio Val d'Agri
2023-03-19 16:00:00,0.25727999999999995,IT.CAED/850592002.FACILITY,Centro Olio Val d'Agri
2023-03-19 17:00:00,0.04329,IT.CAED/850592002.FACILITY,Centro Olio Val d'Agri
2023-03-19 18:00:00,0.0,IT.CAED/850592002.FACILITY,Centro Olio Val d'Agri
2023-03-19 19:00:00,0.0,IT.CAED/850592002.FACILITY,Centro Olio Val d'Agri
2023-03-19 20:00:00,0.0,IT.CAED/850592002.FACILITY,Centro Olio Val d'Agri
2023-03-19 21:00:00,0.0,IT.CAED/850592002.FACILITY,Centro Olio Val d'Agri
2023-03-19 22:00:00,0.0,IT.CAED/850592002.FACILITY,Centro Olio Val d'Agri
2023-03-19 23:00:00,0.0,IT.CAED/850592002.FACILITY,Centro Olio Val d'Agri
2023-03-20 00:00:00,0.0,IT.CAED/850592002.FACILITY,Centro Olio Val d'Agri
2023-03-20 01:00:00,0.0,IT.CAED/850592002.FACILITY,Centro Olio Val d'Agri
2023-03-20 02:00:00,0.0,IT.CAED/850592002.FACILITY,Centro Olio Val d'Agri
2023-03-20 03:00:00,0.0,IT.CAED/850592002.FACILITY,Centro Olio Val d'Agri
2023-03-20 04:00:00,0.0,IT.CAED/850592002.FACILITY,Centro Olio Val d'Agri
2023-03-20 05:00:00,0.0,IT.CAED/850592002.FACILITY,Centro Olio Val d'Agri
2023-03-20 06:00:00,0.01705,IT.CAED/850592002.FACILITY,Centro Olio Val d'Agri
2023-03-20 07:00:00,0.13922,IT.CAED/850592002.FACILITY,Centro Olio Val d'Agri
2023-03-20 08:00:00,0.40343,IT.CAED/850592002.FACILITY,Centro Olio Val d'Agri
2023-03-20 09:00:00,0.52365,IT.CAED/850592002.FACILITY,Centro Olio Val d'Agri
2023-03-20 10:00:00,0.5791900000000001,IT.CAED/850592002.FACILITY,Centro Olio Val d'Agri
2023-03-20 11:00:00,0.44675,IT.CAED/850592002.FACILITY,Centro Olio Val d'Agri
2023-03-20 12:00:00,0.31289999999999996,IT.CAED/850592002.FACILITY,Centro Olio Val d'Agri
2023-03-20 13:00:00,0.24042,IT.CAED/850592002.FACILITY,Centro Olio Val d'Agri
2023-03-20 14:00:00,0.28028,IT.CAED/850592002.FACILITY,Centro Olio Val d'Agri
2023-03-20 15:00:00,0.27676999999999996,IT.CAED/850592002.FACILITY,Centro Olio Val d'Agri
2023-03-20 16:00:00,0.12844,IT.CAED/850592002.FACILITY,Centro Olio Val d'Agri
2023-03-20 17:00:00,0.01285,IT.CAED/850592002.FACILITY,Centro Olio Val d'Agri
2023-03-20 18:00:00,0.0,IT.CAED/850592002.FACILITY,Centro Olio Val d'Agri
2023-03-20 19:00:00,0.0,IT.CAED/850592002.FACILITY,Centro Olio Val d'Agri
2023-03-20 20:00:00,0.0,IT.CAED/850592002.FACILITY,Centro Olio Val d'Agri
2023-03-20 21:00:00,0.0,IT.CAED/850592002.FACILITY,Centro Olio Val d'Agri
2023-03-20 22:00:00,0.0,IT.CAED/850592002.FACILITY,Centro Olio Val d'Agri
2023-03-20 23:00:00,0.0,IT.CAED/850592002.FACILITY,Centro Olio Val d'Agri
2023-03-21 00:00:00,0.0,IT.CAED/850592002.FACILITY,Centro Olio Val d'Agri
2023-03-21 01:00:00,0.0,IT.CAED/850592002.FACILITY,Centro Olio Val d'Agri
2023-03-21 02:00:00,0.0,IT.CAED/850592002.FACILITY,Centro Olio Val d'Agri
2023-03-21 03:00:00,0.0,IT.CAED/850592002.FACILITY,Centro Olio Val d'Agri
2023-03-21 04:00:00,0.0,IT.CAED/850592002.FACILITY,Centro Olio Val d'Agri
2023-03-21 05:00:00,0.0,IT.CAED/850592002.FACILITY,Centro Olio Val d'Agri
2023-03-21 06:00:00,0.0071600000000000006,IT.CAED/850592002.FACILITY,Centro Olio Val d'Agri
2023-03-21 07:00:00,0.10401,IT.CAED/850592002.FACILITY,Centro Olio Val d'Agri
2023-03-21 08:00:00,0.36166000000000004,IT.CAED/850592002.FACILITY,Centro Olio Val d'Agri
2023-03-21 09:00:00,0.4465,IT.CAED/850592002.FACILITY,Centro Olio Val d'Agri
2023-03-21 10:00:00,0.5776100000000001,IT.CAED/850592002.FACILITY,Centro Olio Val d'Agri
2023-03-21 11:00:00,0.50948,IT.CAED/850592002.FACILITY,Centro Olio Val d'Agri
2023-03-21 12:00:00,0.35796,IT.CAED/850592002.FACILITY,Centro Olio Val d'Agri
2023-03-21 13:00:00,0.49528,IT.CAED/850592002.FACILITY,Centro Olio Val d'Agri
2023-03-21 14:00:00,0.45037,IT.CAED/850592002.FACILITY,Centro Olio Val d'Agri
2023-03-21 15:00:00,0.19309,IT.CAED/850592002.FACILITY,Centro Olio Val d'Agri
2023-03-21 16:00:00,0.11197,IT.CAED/850592002.FACILITY,Centro Olio Val d'Agri
2023-03-21 17:00:00,0.018600000000000002,IT.CAED/850592002.FACILITY,Centro Olio Val d'Agri
2023-03-21 18:00:00,0.0,IT.CAED/850592002.FACILITY,Centro Olio Val d'Agri
2023-03-21 19:00:00,0.0,IT.CAED/850592002.FACILITY,Centro Olio Val d'Agri
2023-03-21 20:00:00,0.0,IT.CAED/850592002.FACILITY,Centro Olio Val d'Agri
2023-03-21 21:00:00,0.0,IT.CAED/850592002.FACILITY,Centro Olio Val d'Agri
2023-03-21 22:00:00,0.0,IT.CAED/850592002.FACILITY,Centro Olio Val d'Agri
2023-03-21 23:00:00,0.0,IT.CAED/850592002.FACILITY,Centro Olio Val d'Agri
2023-03-22 00:00:00,0.0,IT.CAED/850592002.FACILITY,Centro Olio Val d'Agri
2023-03-22 01:00:00,0.0,IT.CAED/850592002.FACILITY,Centro Olio Val d'Agri
2023-03-22 02:00:00,0.0,IT.CAED/850592002.FACILITY,Centro Olio Val d'Agri
2023-03-22 03:00:00,0.0,IT.CAED/850592002.FACILITY,Centro Olio Val d'Agri
2023-03-22 04:00:00,0.0,IT.CAED/850592002.FACILITY,Centro Olio Val d'Agri
2023-03-22 05:00:00,0.0,IT.CAED/850592002.FACILITY,Centro Olio Val d'Agri
2023-03-22 06:00:00,0.02862,IT.CAED/850592002.FACILITY,Centro Olio Val d'Agri
2023-03-22 07:00:00,0.19671,IT.CAED/850592002.FACILITY,Centro Olio Val d'Agri
2023-03-22 08:00:00,0.4582,IT.CAED/850592002.FACILITY,Centro Olio Val d'Agri
2023-03-22 09:00:00,0.68687,IT.CAED/850592002.FACILITY,Centro Olio Val d'Agri
2023-03-22 10:00:00,0.69017,IT.CAED/850592002.FACILITY,Centro Olio Val d'Agri
2023-03-22 11:00:00,0.81855,IT.CAED/850592002.FACILITY,Centro Olio Val d'Agri
2023-03-22 12:00:00,0.71257,IT.CAED/850592002.FACILITY,Centro Olio Val d'Agri
2023-03-22 13:00:00,0.6795399999999999,IT.CAED/850592002.FACILITY,Centro Olio Val d'Agri
2023-03-22 14:00:00,0.44043,IT.CAED/850592002.FACILITY,Centro Olio Val d'Agri
2023-03-22 15:00:00,0.35949000000000003,IT.CAED/850592002.FACILITY,Centro Olio Val d'Agri
2023-03-22 16:00:00,0.17881,IT.CAED/850592002.FACILITY,Centro Olio Val d'Agri
2023-03-22 17:00:00,0.028739999999999998,IT.CAED/850592002.FACILITY,Centro Olio Val d'Agri
2023-03-22 18:00:00,0.0,IT.CAED/850592002.FACILITY,Centro Olio Val d'Agri
2023-03-22 19:00:00,0.0,IT.CAED/850592002.FACILITY,Centro Olio Val d'Agri
2023-03-22 20:00:00,0.0,IT.CAED/850592002.FACILITY,Centro Olio Val d'Agri
2023-03-22 21:00:00,0.0,IT.CAED/850592002.FACILITY,Centro Olio Val d'Agri
2023-03-22 22:00:00,0.0,IT.CAED/850592002.FACILITY,Centro Olio Val d'Agri
2023-03-22 23:00:00,0.0,IT.CAED/850592002.FACILITY,Centro Olio Val d'Agri
2023-03-23 00:00:00,0.0,IT.CAED/850592002.FACILITY,Centro Olio Val d'Agri
2023-03-23 01:00:00,0.0,IT.CAED/850592002.FACILITY,Centro Olio Val d'Agri
2023-03-23 02:00:00,0.0,IT.CAED/850592002.FACILITY,Centro Olio Val d'Agri
2023-03-23 03:00:00,0.0,IT.CAED/850592002.FACILITY,Centro Olio Val d'Agri
2023-03-23 04:00:00,0.0,IT.CAED/850592002.FACILITY,Centro Olio Val d'Agri
2023-03-23 05:00:00,0.0,IT.CAED/850592002.FACILITY,Centro Olio Val d'Agri
2023-03-23 06:00:00,0.030109999999999998,IT.CAED/850592002.FACILITY,Centro Olio Val d'Agri
2023-03-23 07:00:00,0.26222,IT.CAED/850592002.FACILITY,Centro Olio Val d'Agri
2023-03-23 08:00:00,0.51081,IT.CAED/850592002.FACILITY,Centro Olio Val d'Agri
2023-03-23 09:00:00,0.71872,IT.CAED/850592002.FACILITY,Centro Olio Val d'Agri
2023-03-23 10:00:00,0.82735,IT.CAED/850592002.FACILITY,Centro Olio Val d'Agri
2023-03-23 11:00:00,0.8733099999999999,IT.CAED/850592002.FACILITY,Centro Olio Val d'Agri
2023-03-23 12:00:00,0.85909,IT.CAED/850592002.FACILITY,Centro Olio Val d'Agri
2023-03-23 13:00:00,0.73756,IT.CAED/850592002.FACILITY,Centro Olio Val d'Agri
2023-03-23 14:00:00,0.57916,IT.CAED/850592002.FACILITY,Centro Olio Val d'Agri
2023-03-23 15:00:00,0.33717,IT.CAED/850592002.FACILITY,Centro Olio Val d'Agri
2023-03-23 16:00:00,0.17495,IT.CAED/850592002.FACILITY,Centro Olio Val d'Agri
2023-03-23 17:00:00,0.04172,IT.CAED/850592002.FACILITY,Centro Olio Val d'Agri
2023-03-23 18:00:00,0.0,IT.CAED/850592002.FACILITY,Centro Olio Val d'Agri
2023-03-23 19:00:00,0.0,IT.CAED/850592002.FACILITY,Centro Olio Val d'Agri
2023-03-23 20:00:00,0.0,IT.CAED/850592002.FACILITY,Centro Olio Val d'Agri
2023-03-23 21:00:00,0.0,IT.CAED/850592002.FACILITY,Centro Olio Val d'Agri
2023-03-23 22:00:00,0.0,IT.CAED/850592002.FACILITY,Centro Olio Val d'Agri
2023-03-23 23:00:00,0.0,IT.CAED/850592002.FACILITY,Centro Olio Val d'Agri
2023-03-24 00:00:00,0.0,IT.CAED/850592002.FACILITY,Centro Olio Val d'Agri
2023-03-24 01:00:00,0.0,IT.CAED/850592002.FACILITY,Centro Olio Val d'Agri
2023-03-24 02:00:00,0.0,IT.CAED/850592002.FACILITY,Centro Olio Val d'Agri
2023-03-24 03:00:00,0.0,IT.CAED/850592002.FACILITY,Centro Olio Val d'Agri
2023-03-24 04:00:00,0.0,IT.CAED/850592002.FACILITY,Centro Olio Val d'Agri
2023-03-24 05:00:00,0.0,IT.CAED/850592002.FACILITY,Centro Olio Val d'Agri
2023-03-24 06:00:00,0.02453,IT.CAED/850592002.FACILITY,Centro Olio Val d'Agri
2023-03-24 07:00:00,0.2243,IT.CAED/850592002.FACILITY,Centro Olio Val d'Agri
2023-03-24 08:00:00,0.51612,IT.CAED/850592002.FACILITY,Centro Olio Val d'Agri
2023-03-24 09:00:00,0.7410599999999999,IT.CAED/850592002.FACILITY,Centro Olio Val d'Agri
2023-03-24 10:00:00,0.85573,IT.CAED/850592002.FACILITY,Centro Olio Val d'Agri
2023-03-24 11:00:00,0.92189,IT.CAED/850592002.FACILITY,Centro Olio Val d'Agri
2023-03-24 12:00:00,0.92276,IT.CAED/850592002.FACILITY,Centro Olio Val d'Agri
2023-03-24 13:00:00,0.86012,IT.CAED/850592002.FACILITY,Centro Olio Val d'Agri
2023-03-24 14:00:00,0.72687,IT.CAED/850592002.FACILITY,Centro Olio Val d'Agri
2023-03-24 15:00:00,0.5328999999999999,IT.CAED/850592002.FACILITY,Centro Olio Val d'Agri
2023-03-24 16:00:00,0.28720999999999997,IT.CAED/850592002.FACILITY,Centro Olio Val d'Agri
2023-03-24 17:00:00,0.05071,IT.CAED/850592002.FACILITY,Centro Olio Val d'Agri
2023-03-24 18:00:00,0.0,IT.CAED/850592002.FACILITY,Centro Olio Val d'Agri
2023-03-24 19:00:00,0.0,IT.CAED/850592002.FACILITY,Centro Olio Val d'Agri
2023-03-24 20:00:00,0.0,IT.CAED/850592002.FACILITY,Centro Olio Val d'Agri
2023-03-24 21:00:00,0.0,IT.CAED/850592002.FACILITY,Centro Olio Val d'Agri
2023-03-24 22:00:00,0.0,IT.CAED/850592002.FACILITY,Centro Olio Val d'Agri
2023-03-24 23:00:00,0.0,IT.CAED/850592002.FACILITY,Centro Olio Val d'Agri
2023-03-25 00:00:00,0.0,IT.CAED/850592002.FACILITY,Centro Olio Val d'Agri
2023-03-25 01:00:00,0.0,IT.CAED/850592002.FACILITY,Centro Olio Val d'Agri
2023-03-25 02:00:00,0.0,IT.CAED/850592002.FACILITY,Centro Olio Val d'Agri
2023-03-25 03:00:00,0.0,IT.CAED/850592002.FACILITY,Centro Olio Val d'Agri
2023-03-25 04:00:00,0.0,IT.CAED/850592002.FACILITY,Centro Olio Val d'Agri
2023-03-25 05:00:00,0.0,IT.CAED/850592002.FACILITY,Centro Olio Val d'Agri
2023-03-25 06:00:00,0.02452,IT.CAED/850592002.FACILITY,Centro Olio Val d'Agri
2023-03-25 07:00:00,0.14993,IT.CAED/850592002.FACILITY,Centro Olio Val d'Agri
2023-03-25 08:00:00,0.33396,IT.CAED/850592002.FACILITY,Centro Olio Val d'Agri
2023-03-25 09:00:00,0.51863,IT.CAED/850592002.FACILITY,Centro Olio Val d'Agri
2023-03-25 10:00:00,0.81759,IT.CAED/850592002.FACILITY,Centro Olio Val d'Agri
2023-03-25 11:00:00,0.94643,IT.CAED/850592002.FACILITY,Centro Olio Val d'Agri
2023-03-25 12:00:00,0.954,IT.CAED/850592002.FACILITY,Centro Olio Val d'Agri
2023-03-25 13:00:00,0.8894,IT.CAED/850592002.FACILITY,Centro Olio Val d'Agri
2023-03-25 14:00:00,0.7565,IT.CAED/850592002.FACILITY,Centro Olio Val d'Agri
2023-03-25 15:00:00,0.55265,IT.CAED/850592002.FACILITY,Centro Olio Val d'Agri
2023-03-25 16:00:00,0.30256,IT.CAED/850592002.FACILITY,Centro Olio Val d'Agri
2023-03-25 17:00:00,0.05389,IT.CAED/850592002.FACILITY,Centro Olio Val d'Agri
2023-03-25 18:00:00,0.0,IT.CAED/850592002.FACILITY,Centro Olio Val d'Agri
2023-03-25 19:00:00,0.0,IT.CAED/850592002.FACILITY,Centro Olio Val d'Agri
2023-03-25 20:00:00,0.0,IT.CAED/850592002.FACILITY,Centro Olio Val d'Agri
2023-03-25 21:00:00,0.0,IT.CAED/850592002.FACILITY,Centro Olio Val d'Agri
2023-03-25 22:00:00,0.0,IT.CAED/850592002.FACILITY,Centro Olio Val d'Agri
2023-03-25 23:00:00,0.0,IT.CAED/850592002.FACILITY,Centro Olio Val d'Agri
2023-03-26 00:00:00,0.0,IT.CAED/850592002.FACILITY,Centro Olio Val d'Agri
2023-03-26 01:00:00,0.0,IT.CAED/850592002.FACILITY,Centro Olio Val d'Agri
2023-03-26 02:00:00,0.0,IT.CAED/850592002.FACILITY,Centro Olio Val d'Agri
2023-03-26 03:00:00,0.0,IT.CAED/850592002.FACILITY,Centro Olio Val d'Agri
2023-03-26 04:00:00,0.0,IT.CAED/850592002.FACILITY,Centro Olio Val d'Agri
2023-03-26 05:00:00,0.0,IT.CAED/850592002.FACILITY,Centro Olio Val d'Agri
2023-03-26 06:00:00,0.0,IT.CAED/850592002.FACILITY,Centro Olio Val d'Agri
2023-03-26 07:00:00,0.032909999999999995,IT.CAED/850592002.FACILITY,Centro Olio Val d'Agri
2023-03-26 08:00:00,0.19731,IT.CAED/850592002.FACILITY,Centro Olio Val d'Agri
2023-03-26 09:00:00,0.4721,IT.CAED/850592002.FACILITY,Centro Olio Val d'Agri
2023-03-26 10:00:00,0.75935,IT.CAED/850592002.FACILITY,Centro Olio Val d'Agri
2023-03-26 11:00:00,0.87712,IT.CAED/850592002.FACILITY,Centro Olio Val d'Agri
2023-03-26 12:00:00,0.94117,IT.CAED/850592002.FACILITY,Centro Olio Val d'Agri
2023-03-26 13:00:00,0.93996,IT.CAED/850592002.FACILITY,Centro Olio Val d'Agri
2023-03-26 14:00:00,0.88348,IT.CAED/850592002.FACILITY,Centro Olio Val d'Agri
2023-03-26 15:00:00,0.7442000000000001,IT.CAED/850592002.FACILITY,Centro Olio Val d'Agri
2023-03-26 16:00:00,0.5498099999999999,IT.CAED/850592002.FACILITY,Centro Olio Val d'Agri
2023-03-26 17:00:00,0.29828,IT.CAED/850592002.FACILITY,Centro Olio Val d'Agri
2023-03-26 18:00:00,0.053759999999999995,IT.CAED/850592002.FACILITY,Centro Olio Val d'Agri
2023-03-26 19:00:00,0.0,IT.CAED/850592002.FACILITY,Centro Olio Val d'Agri
2023-03-26 20:00:00,0.0,IT.CAED/850592002.FACILITY,Centro Olio Val d'Agri
2023-03-26 21:00:00,0.0,IT.CAED/850592002.FACILITY,Centro Olio Val d'Agri
2023-03-26 22:00:00,0.0,IT.CAED/850592002.FACILITY,Centro Olio Val d'Agri
2023-03-26 23:00:00,0.0,IT.CAED/850592002.FACILITY,Centro Olio Val d'Agri
2023-03-27 00:00:00,0.0,IT.CAED/850592002.FACILITY,Centro Olio Val d'Agri
2023-03-27 01:00:00,0.0,IT.CAED/850592002.FACILITY,Centro Olio Val d'Agri
2023-03-27 02:00:00,0.0,IT.CAED/850592002.FACILITY,Centro Olio Val d'Agri
2023-03-27 03:00:00,0.0,IT.CAED/850592002.FACILITY,Centro Olio Val d'Agri
2023-03-27 04:00:00,0.0,IT.CAED/850592002.FACILITY,Centro Olio Val d'Agri
2023-03-27 05:00:00,0.0,IT.CAED/850592002.FACILITY,Centro Olio Val d'Agri
2023-03-27 06:00:00,0.0,IT.CAED/850592002.FACILITY,Centro Olio Val d'Agri
2023-03-27 07:00:00,0.031670000000000004,IT.CAED/850592002.FACILITY,Centro Olio Val d'Agri
2023-03-27 08:00:00,0.20717,IT.CAED/850592002.FACILITY,Centro Olio Val d'Agri
2023-03-27 09:00:00,0.49699,IT.CAED/850592002.FACILITY,Centro Olio Val d'Agri
2023-03-27 10:00:00,0.51179,IT.CAED/850592002.FACILITY,Centro Olio Val d'Agri
2023-03-27 11:00:00,0.48729,IT.CAED/850592002.FACILITY,Centro Olio Val d'Agri
2023-03-27 12:00:00,0.44916,IT.CAED/850592002.FACILITY,Centro Olio Val d'Agri
2023-03-27 13:00:00,0.49833,IT.CAED/850592002.FACILITY,Centro Olio Val d'Agri
2023-03-27 14:00:00,0.49831,IT.CAED/850592002.FACILITY,Centro Olio Val d'Agri
2023-03-27 15:00:00,0.41367000000000004,IT.CAED/850592002.FACILITY,Centro Olio Val d'Agri
2023-03-27 16:00:00,0.3415,IT.CAED/850592002.FACILITY,Centro Olio Val d'Agri
2023-03-27 17:00:00,0.20417,IT.CAED/850592002.FACILITY,Centro Olio Val d'Agri
2023-03-27 18:00:00,0.04356,IT.CAED/850592002.FACILITY,Centro Olio Val d'Agri
2023-03-27 19:00:00,0.0,IT.CAED/850592002.FACILITY,Centro Olio Val d'Agri
2023-03-27 20:00:00,0.0,IT.CAED/850592002.FACILITY,Centro Olio Val d'Agri
2023-03-27 21:00:00,0.0,IT.CAED/850592002.FACILITY,Centro Olio Val d'Agri
2023-03-27 22:00:00,0.0,IT.CAED/850592002.FACILITY,Centro Olio Val d'Agri
2023-03-27 23:00:00,0.0,IT.CAED/850592002.FACILITY,Centro Olio Val d'Agri
2023-03-28 00:00:00,0.0,IT.CAED/850592002.FACILITY,Centro Olio Val d'Agri
2023-03-28 01:00:00,0.0,IT.CAED/850592002.FACILITY,Centro Olio Val d'Agri
2023-03-28 02:00:00,0.0,IT.CAED/850592002.FACILITY,Centro Olio Val d'Agri
2023-03-28 03:00:00,0.0,IT.CAED/850592002.FACILITY,Centro Olio Val d'Agri
2023-03-28 04:00:00,0.0,IT.CAED/850592002.FACILITY,Centro Olio Val d'Agri
2023-03-28 05:00:00,0.0,IT.CAED/850592002.FACILITY,Centro Olio Val d'Agri
2023-03-28 06:00:00,0.0,IT.CAED/850592002.FACILITY,Centro Olio Val d'Agri
2023-03-28 07:00:00,0.03344,IT.CAED/850592002.FACILITY,Centro Olio Val d'Agri
2023-03-28 08:00:00,0.25284,IT.CAED/850592002.FACILITY,Centro Olio Val d'Agri
2023-03-28 09:00:00,0.54306,IT.CAED/850592002.FACILITY,Centro Olio Val d'Agri
2023-03-28 10:00:00,0.77852,IT.CAED/850592002.FACILITY,Centro Olio Val d'Agri
2023-03-28 11:00:00,0.9569099999999999,IT.CAED/850592002.FACILITY,Centro Olio Val d'Agri
2023-03-28 12:00:00,1.02724,IT.CAED/850592002.FACILITY,Centro Olio Val d'Agri
2023-03-28 13:00:00,1.0383,IT.CAED/850592002.FACILITY,Centro Olio Val d'Agri
2023-03-28 14:00:00,0.96802,IT.CAED/850592002.FACILITY,Centro Olio Val d'Agri
2023-03-28 15:00:00,0.82074,IT.CAED/850592002.FACILITY,Centro Olio Val d'Agri
2023-03-28 16:00:00,0.61045,IT.CAED/850592002.FACILITY,Centro Olio Val d'Agri
2023-03-28 17:00:00,0.33324000000000004,IT.CAED/850592002.FACILITY,Centro Olio Val d'Agri
2023-03-28 18:00:00,0.062049999999999994,IT.CAED/850592002.FACILITY,Centro Olio Val d'Agri
2023-03-28 19:00:00,0.0,IT.CAED/850592002.FACILITY,Centro Olio Val d'Agri
2023-03-28 20:00:00,0.0,IT.CAED/850592002.FACILITY,Centro Olio Val d'Agri
2023-03-28 21:00:00,0.0,IT.CAED/850592002.FACILITY,Centro Olio Val d'Agri
2023-03-28 22:00:00,0.0,IT.CAED/850592002.FACILITY,Centro Olio Val d'Agri
2023-03-28 23:00:00,0.0,IT.CAED/850592002.FACILITY,Centro Olio Val d'Agri
2023-03-29 00:00:00,0.0,IT.CAED/850592002.FACILITY,Centro Olio Val d'Agri
2023-03-29 01:00:00,0.0,IT.CAED/850592002.FACILITY,Centro Olio Val d'Agri
2023-03-29 02:00:00,0.0,IT.CAED/850592002.FACILITY,Centro Olio Val d'Agri
2023-03-29 03:00:00,0.0,IT.CAED/850592002.FACILITY,Centro Olio Val d'Agri
2023-03-29 04:00:00,0.0,IT.CAED/850592002.FACILITY,Centro Olio Val d'Agri
2023-03-29 05:00:00,0.0,IT.CAED/850592002.FACILITY,Centro Olio Val d'Agri
2023-03-29 06:00:00,0.0,IT.CAED/850592002.FACILITY,Centro Olio Val d'Agri
2023-03-29 07:00:00,0.053399999999999996,IT.CAED/850592002.FACILITY,Centro Olio Val d'Agri
2023-03-29 08:00:00,0.3205,IT.CAED/850592002.FACILITY,Centro Olio Val d'Agri
2023-03-29 09:00:00,0.58409,IT.CAED/850592002.FACILITY,Centro Olio Val d'Agri
2023-03-29 10:00:00,0.72561,IT.CAED/850592002.FACILITY,Centro Olio Val d'Agri
2023-03-29 11:00:00,0.8511799999999999,IT.CAED/850592002.FACILITY,Centro Olio Val d'Agri
2023-03-29 12:00:00,0.99374,IT.CAED/850592002.FACILITY,Centro Olio Val d'Agri
2023-03-29 13:00:00,0.94889,IT.CAED/850592002.FACILITY,Centro Olio Val d'Agri
2023-03-29 14:00:00,0.79499,IT.CAED/850592002.FACILITY,Centro Olio Val d'Agri
2023-03-29 15:00:00,0.6056699999999999,IT.CAED/850592002.FACILITY,Centro Olio Val d'Agri
2023-03-29 16:00:00,0.41995,IT.CAED/850592002.FACILITY,Centro Olio Val d'Agri
2023-03-29 17:00:00,0.22862000000000002,IT.CAED/850592002.FACILITY,Centro Olio Val d'Agri
2023-03-29 18:00:00,0.054009999999999996,IT.CAED/850592002.FACILITY,Centro Olio Val d'Agri
2023-03-29 19:00:00,0.0,IT.CAED/850592002.FACILITY,Centro Olio Val d'Agri
2023-03-29 20:00:00,0.0,IT.CAED/850592002.FACILITY,Centro Olio Val d'Agri
2023-03-29 21:00:00,0.0,IT.CAED/850592002.FACILITY,Centro Olio Val d'Agri
2023-03-29 22:00:00,0.0,IT.CAED/850592002.FACILITY,Centro Olio Val d'Agri
2023-03-29 23:00:00,0.0,IT.CAED/850592002.FACILITY,Centro Olio Val d'Agri
2023-03-30 00:00:00,0.0,IT.CAED/850592002.FACILITY,Centro Olio Val d'Agri
2023-03-30 01:00:00,0.0,IT.CAED/850592002.FACILITY,Centro Olio Val d'Agri
2023-03-30 02:00:00,0.0,IT.CAED/850592002.FACILITY,Centro Olio Val d'Agri
2023-03-30 03:00:00,0.0,IT.CAED/850592002.FACILITY,Centro Olio Val d'Agri
2023-03-30 04:00:00,0.0,IT.CAED/850592002.FACILITY,Centro Olio Val d'Agri
2023-03-30 05:00:00,0.0,IT.CAED/850592002.FACILITY,Centro Olio Val d'Agri
2023-03-30 06:00:00,0.0,IT.CAED/850592002.FACILITY,Centro Olio Val d'Agri
2023-03-30 07:00:00,0.05248,IT.CAED/850592002.FACILITY,Centro Olio Val d'Agri
2023-03-30 08:00:00,0.29763,IT.CAED/850592002.FACILITY,Centro Olio Val d'Agri
2023-03-30 09:00:00,0.52243,IT.CAED/850592002.FACILITY,Centro Olio Val d'Agri
2023-03-30 10:00:00,0.6728999999999999,IT.CAED/850592002.FACILITY,Centro Olio Val d'Agri
2023-03-30 11:00:00,0.73509,IT.CAED/850592002.FACILITY,Centro Olio Val d'Agri
2023-03-30 12:00:00,0.91842,IT.CAED/850592002.FACILITY,Centro Olio Val d'Agri
2023-03-30 13:00:00,0.92071,IT.CAED/850592002.FACILITY,Centro Olio Val d'Agri
2023-03-30 14:00:00,0.85839,IT.CAED/850592002.FACILITY,Centro Olio Val d'Agri
2023-03-30 15:00:00,0.69666,IT.CAED/850592002.FACILITY,Centro Olio Val d'Agri
2023-03-30 16:00:00,0.5148400000000001,IT.CAED/850592002.FACILITY,Centro Olio Val d'Agri
2023-03-30 17:00:00,0.28285000000000005,IT.CAED/850592002.FACILITY,Centro Olio Val d'Agri
2023-03-30 18:00:00,0.054549999999999994,IT.CAED/850592002.FACILITY,Centro Olio Val d'Agri
2023-03-30 19:00:00,0.0,IT.CAED/850592002.FACILITY,Centro Olio Val d'Agri
2023-03-30 20:00:00,0.0,IT.CAED/850592002.FACILITY,Centro Olio Val d'Agri
2023-03-30 21:00:00,0.0,IT.CAED/850592002.FACILITY,Centro Olio Val d'Agri
2023-03-30 22:00:00,0.0,IT.CAED/850592002.FACILITY,Centro Olio Val d'Agri
2023-03-30 23:00:00,0.0,IT.CAED/850592002.FACILITY,Centro Olio Val d'Agri
2023-03-31 00:00:00,0.0,IT.CAED/850592002.FACILITY,Centro Olio Val d'Agri
2023-03-31 01:00:00,0.0,IT.CAED/850592002.FACILITY,Centro Olio Val d'Agri
2023-03-31 02:00:00,0.0,IT.CAED/850592002.FACILITY,Centro Olio Val d'Agri
2023-03-31 03:00:00,0.0,IT.CAED/850592002.FACILITY,Centro Olio Val d'Agri
2023-03-31 04:00:00,0.0,IT.CAED/850592002.FACILITY,Centro Olio Val d'Agri
2023-03-31 05:00:00,0.0,IT.CAED/850592002.FACILITY,Centro Olio Val d'Agri
2023-03-31 06:00:00,0.0,IT.CAED/850592002.FACILITY,Centro Olio Val d'Agri
2023-03-31 07:00:00,0.05521,IT.CAED/850592002.FACILITY,Centro Olio Val d'Agri
2023-03-31 08:00:00,0.31313,IT.CAED/850592002.FACILITY,Centro Olio Val d'Agri
2023-03-31 09:00:00,0.5593899999999999,IT.CAED/850592002.FACILITY,Centro Olio Val d'Agri
2023-03-31 10:00:00,0.7575599999999999,IT.CAED/850592002.FACILITY,Centro Olio Val d'Agri
2023-03-31 11:00:00,0.87801,IT.CAED/850592002.FACILITY,Centro Olio Val d'Agri
2023-03-31 12:00:00,0.91572,IT.CAED/850592002.FACILITY,Centro Olio Val d'Agri
2023-03-31 13:00:00,0.86799,IT.CAED/850592002.FACILITY,Centro Olio Val d'Agri
2023-03-31 14:00:00,0.67813,IT.CAED/850592002.FACILITY,Centro Olio Val d'Agri
2023-03-31 15:00:00,0.48364999999999997,IT.CAED/850592002.FACILITY,Centro Olio Val d'Agri
2023-03-31 16:00:00,0.31157999999999997,IT.CAED/850592002.FACILITY,Centro Olio Val d'Agri
2023-03-31 17:00:00,0.15037,IT.CAED/850592002.FACILITY,Centro Olio Val d'Agri
2023-03-31 18:00:00,0.03645,IT.CAED/850592002.FACILITY,Centro Olio Val d'Agri
2023-03-31 19:00:00,0.0,IT.CAED/850592002.FACILITY,Centro Olio Val d'Agri
2023-03-31 20:00:00,0.0,IT.CAED/850592002.FACILITY,Centro Olio Val d'Agri
2023-03-31 21:00:00,0.0,IT.CAED/850592002.FACILITY,Centro Olio Val d'Agri
2023-03-31 22:00:00,0.0,IT.CAED/850592002.FACILITY,Centro Olio Val d'Agri
2023-03-31 23:00:00,0.0,IT.CAED/850592002.FACILITY,Centro Olio Val d'Agri
2023-04-01 00:00:00,0.0,IT.CAED/850592002.FACILITY,Centro Olio Val d'Agri
2023-04-01 01:00:00,0.0,IT.CAED/850592002.FACILITY,Centro Olio Val d'Agri
2023-04-01 02:00:00,0.0,IT.CAED/850592002.FACILITY,Centro Olio Val d'Agri
2023-04-01 03:00:00,0.0,IT.CAED/850592002.FACILITY,Centro Olio Val d'Agri
2023-04-01 04:00:00,0.0,IT.CAED/850592002.FACILITY,Centro Olio Val d'Agri
2023-04-01 05:00:00,0.0,IT.CAED/850592002.FACILITY,Centro Olio Val d'Agri
2023-04-01 06:00:00,0.0,IT.CAED/850592002.FACILITY,Centro Olio Val d'Agri
2023-04-01 07:00:00,0.03058,IT.CAED/850592002.FACILITY,Centro Olio Val d'Agri
2023-04-01 08:00:00,0.17228,IT.CAED/850592002.FACILITY,Centro Olio Val d'Agri
2023-04-01 09:00:00,0.43428,IT.CAED/850592002.FACILITY,Centro Olio Val d'Agri
2023-04-01 10:00:00,0.5969500000000001,IT.CAED/850592002.FACILITY,Centro Olio Val d'Agri
2023-04-01 11:00:00,0.62501,IT.CAED/850592002.FACILITY,Centro Olio Val d'Agri
2023-04-01 12:00:00,0.86505,IT.CAED/850592002.FACILITY,Centro Olio Val d'Agri
2023-04-01 13:00:00,0.96525,IT.CAED/850592002.FACILITY,Centro Olio Val d'Agri
2023-04-01 14:00:00,0.9191699999999999,IT.CAED/850592002.FACILITY,Centro Olio Val d'Agri
2023-04-01 15:00:00,0.77659,IT.CAED/850592002.FACILITY,Centro Olio Val d'Agri
2023-04-01 16:00:00,0.43392000000000003,IT.CAED/850592002.FACILITY,Centro Olio Val d'Agri
2023-04-01 17:00:00,0.203,IT.CAED/850592002.FACILITY,Centro Olio Val d'Agri
2023-04-01 18:00:00,0.05063,IT.CAED/850592002.FACILITY,Centro Olio Val d'Agri
2023-04-01 19:00:00,0.0,IT.CAED/850592002.FACILITY,Centro Olio Val d'Agri
2023-04-01 20:00:00,0.0,IT.CAED/850592002.FACILITY,Centro Olio Val d'Agri
2023-04-01 21:00:00,0.0,IT.CAED/850592002.FACILITY,Centro Olio Val d'Agri
2023-04-01 22:00:00,0.0,IT.CAED/850592002.FACILITY,Centro Olio Val d'Agri
2023-04-01 23:00:00,0.0,IT.CAED/850592002.FACILITY,Centro Olio Val d'Agri
2023-04-02 00:00:00,0.0,IT.CAED/850592002.FACILITY,Centro Olio Val d'Agri
2023-04-02 01:00:00,0.0,IT.CAED/850592002.FACILITY,Centro Olio Val d'Agri
2023-04-02 02:00:00,0.0,IT.CAED/850592002.FACILITY,Centro Olio Val d'Agri
2023-04-02 03:00:00,0.0,IT.CAED/850592002.FACILITY,Centro Olio Val d'Agri
2023-04-02 04:00:00,0.0,IT.CAED/850592002.FACILITY,Centro Olio Val d'Agri
2023-04-02 05:00:00,0.0,IT.CAED/850592002.FACILITY,Centro Olio Val d'Agri
2023-04-02 06:00:00,0.0,IT.CAED/850592002.FACILITY,Centro Olio Val d'Agri
2023-04-02 07:00:00,0.03867,IT.CAED/850592002.FACILITY,Centro Olio Val d'Agri
2023-04-02 08:00:00,0.20690999999999998,IT.CAED/850592002.FACILITY,Centro Olio Val d'Agri
2023-04-02 09:00:00,0.51767,IT.CAED/850592002.FACILITY,Centro Olio Val d'Agri
2023-04-02 10:00:00,0.78361,IT.CAED/850592002.FACILITY,Centro Olio Val d'Agri
2023-04-02 11:00:00,0.90277,IT.CAED/850592002.FACILITY,Centro Olio Val d'Agri
2023-04-02 12:00:00,0.8840399999999999,IT.CAED/850592002.FACILITY,Centro Olio Val d'Agri
2023-04-02 13:00:00,0.82872,IT.CAED/850592002.FACILITY,Centro Olio Val d'Agri
2023-04-02 14:00:00,0.71893,IT.CAED/850592002.FACILITY,Centro Olio Val d'Agri
2023-04-02 15:00:00,0.50048,IT.CAED/850592002.FACILITY,Centro Olio Val d'Agri
2023-04-02 16:00:00,0.41314,IT.CAED/850592002.FACILITY,Centro Olio Val d'Agri
2023-04-02 17:00:00,0.20656,IT.CAED/850592002.FACILITY,Centro Olio Val d'Agri
2023-04-02 18:00:00,0.0371,IT.CAED/850592002.FACILITY,Centro Olio Val d'Agri
2023-04-02 19:00:00,0.0,IT.CAED/850592002.FACILITY,Centro Olio Val d'Agri
2023-04-02 20:00:00,0.0,IT.CAED/850592002.FACILITY,Centro Olio Val d'Agri
2023-04-02 21:00:00,0.0,IT.CAED/850592002.FACILITY,Centro Olio Val d'Agri
2023-04-02 22:00:00,0.0,IT.CAED/850592002.FACILITY,Centro Olio Val d'Agri
2023-04-02 23:00:00,0.0,IT.CAED/850592002.FACILITY,Centro Olio Val d'Agri
2023-04-03 00:00:00,0.0,IT.CAED/850592002.FACILITY,Centro Olio Val d'Agri
2023-04-03 01:00:00,0.0,IT.CAED/850592002.FACILITY,Centro Olio Val d'Agri
2023-04-03 02:00:00,0.0,IT.CAED/850592002.FACILITY,Centro Olio Val d'Agri
2023-04-03 03:00:00,0.0,IT.CAED/850592002.FACILITY,Centro Olio Val d'Agri
2023-04-03 04:00:00,0.0,IT.CAED/850592002.FACILITY,Centro Olio Val d'Agri
2023-04-03 05:00:00,0.0,IT.CAED/850592002.FACILITY,Centro Olio Val d'Agri
2023-04-03 06:00:00,0.0,IT.CAED/850592002.FACILITY,Centro Olio Val d'Agri
2023-04-03 07:00:00,0.011699999999999999,IT.CAED/850592002.FACILITY,Centro Olio Val d'Agri
2023-04-03 08:00:00,0.044719999999999996,IT.CAED/850592002.FACILITY,Centro Olio Val d'Agri
2023-04-03 09:00:00,0.06670999999999999,IT.CAED/850592002.FACILITY,Centro Olio Val d'Agri
2023-04-03 10:00:00,0.11986,IT.CAED/850592002.FACILITY,Centro Olio Val d'Agri
2023-04-03 11:00:00,0.22566,IT.CAED/850592002.FACILITY,Centro Olio Val d'Agri
2023-04-03 12:00:00,0.28089,IT.CAED/850592002.FACILITY,Centro Olio Val d'Agri
2023-04-03 13:00:00,0.42328,IT.CAED/850592002.FACILITY,Centro Olio Val d'Agri
2023-04-03 14:00:00,0.5975199999999999,IT.CAED/850592002.FACILITY,Centro Olio Val d'Agri
2023-04-03 15:00:00,0.31225,IT.CAED/850592002.FACILITY,Centro Olio Val d'Agri
2023-04-03 16:00:00,0.18461000000000002,IT.CAED/850592002.FACILITY,Centro Olio Val d'Agri
2023-04-03 17:00:00,0.11707,IT.CAED/850592002.FACILITY,Centro Olio Val d'Agri
2023-04-03 18:00:00,0.0128,IT.CAED/850592002.FACILITY,Centro Olio Val d'Agri
2023-04-03 19:00:00,0.0,IT.CAED/850592002.FACILITY,Centro Olio Val d'Agri
2023-04-03 20:00:00,0.0,IT.CAED/850592002.FACILITY,Centro Olio Val d'Agri
2023-04-03 21:00:00,0.0,IT.CAED/850592002.FACILITY,Centro Olio Val d'Agri
2023-04-03 22:00:00,0.0,IT.CAED/850592002.FACILITY,Centro Olio Val d'Agri
2023-04-03 23:00:00,0.0,IT.CAED/850592002.FACILITY,Centro Olio Val d'Agri
2023-04-04 00:00:00,0.0,IT.CAED/850592002.FACILITY,Centro Olio Val d'Agri
2023-04-04 01:00:00,0.0,IT.CAED/850592002.FACILITY,Centro Olio Val d'Agri
2023-04-04 02:00:00,0.0,IT.CAED/850592002.FACILITY,Centro Olio Val d'Agri
2023-04-04 03:00:00,0.0,IT.CAED/850592002.FACILITY,Centro Olio Val d'Agri
2023-04-04 04:00:00,0.0,IT.CAED/850592002.FACILITY,Centro Olio Val d'Agri
2023-04-04 05:00:00,0.0,IT.CAED/850592002.FACILITY,Centro Olio Val d'Agri
2023-04-04 06:00:00,0.0,IT.CAED/850592002.FACILITY,Centro Olio Val d'Agri
2023-04-04 07:00:00,0.025589999999999998,IT.CAED/850592002.FACILITY,Centro Olio Val d'Agri
2023-04-04 08:00:00,0.18256,IT.CAED/850592002.FACILITY,Centro Olio Val d'Agri
2023-04-04 09:00:00,0.41467000000000004,IT.CAED/850592002.FACILITY,Centro Olio Val d'Agri
2023-04-04 10:00:00,0.41683,IT.CAED/850592002.FACILITY,Centro Olio Val d'Agri
2023-04-04 11:00:00,0.43425,IT.CAED/850592002.FACILITY,Centro Olio Val d'Agri
2023-04-04 12:00:00,0.47879,IT.CAED/850592002.FACILITY,Centro Olio Val d'Agri
2023-04-04 13:00:00,0.53787,IT.CAED/850592002.FACILITY,Centro Olio Val d'Agri
2023-04-04 14:00:00,0.45357,IT.CAED/850592002.FACILITY,Centro Olio Val d'Agri
2023-04-04 15:00:00,0.46029000000000003,IT.CAED/850592002.FACILITY,Centro Olio Val d'Agri
2023-04-04 16:00:00,0.26439,IT.CAED/850592002.FACILITY,Centro Olio Val d'Agri
2023-04-04 17:00:00,0.20417,IT.CAED/850592002.FACILITY,Centro Olio Val d'Agri
2023-04-04 18:00:00,0.05239,IT.CAED/850592002.FACILITY,Centro Olio Val d'Agri
2023-04-04 19:00:00,0.0,IT.CAED/850592002.FACILITY,Centro Olio Val d'Agri
2023-04-04 20:00:00,0.0,IT.CAED/850592002.FACILITY,Centro Olio Val d'Agri
2023-04-04 21:00:00,0.0,IT.CAED/850592002.FACILITY,Centro Olio Val d'Agri
2023-04-04 22:00:00,0.0,IT.CAED/850592002.FACILITY,Centro Olio Val d'Agri
2023-04-04 23:00:00,0.0,IT.CAED/850592002.FACILITY,Centro Olio Val d'Agri
2023-04-05 00:00:00,0.0,IT.CAED/850592002.FACILITY,Centro Olio Val d'Agri
2023-04-05 01:00:00,0.0,IT.CAED/850592002.FACILITY,Centro Olio Val d'Agri
2023-04-05 02:00:00,0.0,IT.CAED/850592002.FACILITY,Centro Olio Val d'Agri
2023-04-05 03:00:00,0.0,IT.CAED/850592002.FACILITY,Centro Olio Val d'Agri
2023-04-05 04:00:00,0.0,IT.CAED/850592002.FACILITY,Centro Olio Val d'Agri
2023-04-05 05:00:00,0.0,IT.CAED/850592002.FACILITY,Centro Olio Val d'Agri
2023-04-05 06:00:00,0.0,IT.CAED/850592002.FACILITY,Centro Olio Val d'Agri
2023-04-05 07:00:00,0.04585,IT.CAED/850592002.FACILITY,Centro Olio Val d'Agri
2023-04-05 08:00:00,0.25693,IT.CAED/850592002.FACILITY,Centro Olio Val d'Agri
2023-04-05 09:00:00,0.46485000000000004,IT.CAED/850592002.FACILITY,Centro Olio Val d'Agri
2023-04-05 10:00:00,0.55935,IT.CAED/850592002.FACILITY,Centro Olio Val d'Agri
2023-04-05 11:00:00,0.40498,IT.CAED/850592002.FACILITY,Centro Olio Val d'Agri
2023-04-05 12:00:00,0.35844,IT.CAED/850592002.FACILITY,Centro Olio Val d'Agri
2023-04-05 13:00:00,0.21866999999999998,IT.CAED/850592002.FACILITY,Centro Olio Val d'Agri
2023-04-05 14:00:00,0.21824000000000002,IT.CAED/850592002.FACILITY,Centro Olio Val d'Agri
2023-04-05 15:00:00,0.08305,IT.CAED/850592002.FACILITY,Centro Olio Val d'Agri
2023-04-05 16:00:00,0.06845,IT.CAED/850592002.FACILITY,Centro Olio Val d'Agri
2023-04-05 17:00:00,0.04598,IT.CAED/850592002.FACILITY,Centro Olio Val d'Agri
2023-04-05 18:00:00,0.00882,IT.CAED/850592002.FACILITY,Centro Olio Val d'Agri
2023-04-05 19:00:00,0.0,IT.CAED/850592002.FACILITY,Centro Olio Val d'Agri
2023-04-05 20:00:00,0.0,IT.CAED/850592002.FACILITY,Centro Olio Val d'Agri
2023-04-05 21:00:00,0.0,IT.CAED/850592002.FACILITY,Centro Olio Val d'Agri
2023-04-05 22:00:00,0.0,IT.CAED/850592002.FACILITY,Centro Olio Val d'Agri
2023-04-05 23:00:00,0.0,IT.CAED/850592002.FACILITY,Centro Olio Val d'Agri
2023-04-06 00:00:00,0.0,IT.CAED/850592002.FACILITY,Centro Olio Val d'Agri
2023-04-06 01:00:00,0.0,IT.CAED/850592002.FACILITY,Centro Olio Val d'Agri
2023-04-06 02:00:00,0.0,IT.CAED/850592002.FACILITY,Centro Olio Val d'Agri
2023-04-06 03:00:00,0.0,IT.CAED/850592002.FACILITY,Centro Olio Val d'Agri
2023-04-06 04:00:00,0.0,IT.CAED/850592002.FACILITY,Centro Olio Val d'Agri
2023-04-06 05:00:00,0.0,IT.CAED/850592002.FACILITY,Centro Olio Val d'Agri
2023-04-06 06:00:00,0.0,IT.CAED/850592002.FACILITY,Centro Olio Val d'Agri
2023-04-06 07:00:00,0.055659999999999994,IT.CAED/850592002.FACILITY,Centro Olio Val d'Agri
2023-04-06 08:00:00,0.31201,IT.CAED/850592002.FACILITY,Centro Olio Val d'Agri
2023-04-06 09:00:00,0.54908,IT.CAED/850592002.FACILITY,Centro Olio Val d'Agri
2023-04-06 10:00:00,0.59416,IT.CAED/850592002.FACILITY,Centro Olio Val d'Agri
2023-04-06 11:00:00,0.64416,IT.CAED/850592002.FACILITY,Centro Olio Val d'Agri
2023-04-06 12:00:00,0.65187,IT.CAED/850592002.FACILITY,Centro Olio Val d'Agri
2023-04-06 13:00:00,0.60413,IT.CAED/850592002.FACILITY,Centro Olio Val d'Agri
2023-04-06 14:00:00,0.62449,IT.CAED/850592002.FACILITY,Centro Olio Val d'Agri
2023-04-06 15:00:00,0.6498200000000001,IT.CAED/850592002.FACILITY,Centro Olio Val d'Agri
2023-04-06 16:00:00,0.57587,IT.CAED/850592002.FACILITY,Centro Olio Val d'Agri
2023-04-06 17:00:00,0.31712,IT.CAED/850592002.FACILITY,Centro Olio Val d'Agri
2023-04-06 18:00:00,0.06075,IT.CAED/850592002.FACILITY,Centro Olio Val d'Agri
2023-04-06 19:00:00,0.0,IT.CAED/850592002.FACILITY,Centro Olio Val d'Agri
2023-04-06 20:00:00,0.0,IT.CAED/850592002.FACILITY,Centro Olio Val d'Agri
2023-04-06 21:00:00,0.0,IT.CAED/850592002.FACILITY,Centro Olio Val d'Agri
2023-04-06 22:00:00,0.0,IT.CAED/850592002.FACILITY,Centro Olio Val d'Agri
2023-04-06 23:00:00,0.0,IT.CAED/850592002.FACILITY,Centro Olio Val d'Agri
2023-04-07 00:00:00,0.0,IT.CAED/850592002.FACILITY,Centro Olio Val d'Agri
2023-04-07 01:00:00,0.0,IT.CAED/850592002.FACILITY,Centro Olio Val d'Agri
2023-04-07 02:00:00,0.0,IT.CAED/850592002.FACILITY,Centro Olio Val d'Agri
2023-04-07 03:00:00,0.0,IT.CAED/850592002.FACILITY,Centro Olio Val d'Agri
2023-04-07 04:00:00,0.0,IT.CAED/850592002.FACILITY,Centro Olio Val d'Agri
2023-04-07 05:00:00,0.0,IT.CAED/850592002.FACILITY,Centro Olio Val d'Agri
2023-04-07 06:00:00,0.0,IT.CAED/850592002.FACILITY,Centro Olio Val d'Agri
2023-04-07 07:00:00,0.07257999999999999,IT.CAED/850592002.FACILITY,Centro Olio Val d'Agri
2023-04-07 08:00:00,0.34526,IT.CAED/850592002.FACILITY,Centro Olio Val d'Agri
2023-04-07 09:00:00,0.60239,IT.CAED/850592002.FACILITY,Centro Olio Val d'Agri
2023-04-07 10:00:00,0.79967,IT.CAED/850592002.FACILITY,Centro Olio Val d'Agri
2023-04-07 11:00:00,0.9226,IT.CAED/850592002.FACILITY,Centro Olio Val d'Agri
2023-04-07 12:00:00,0.9854700000000001,IT.CAED/850592002.FACILITY,Centro Olio Val d'Agri
2023-04-07 13:00:00,0.89501,IT.CAED/850592002.FACILITY,Centro Olio Val d'Agri
2023-04-07 14:00:00,0.77181,IT.CAED/850592002.FACILITY,Centro Olio Val d'Agri
2023-04-07 15:00:00,0.55832,IT.CAED/850592002.FACILITY,Centro Olio Val d'Agri
2023-04-07 16:00:00,0.49994,IT.CAED/850592002.FACILITY,Centro Olio Val d'Agri
2023-04-07 17:00:00,0.27981,IT.CAED/850592002.FACILITY,Centro Olio Val d'Agri
2023-04-07 18:00:00,0.05892,IT.CAED/850592002.FACILITY,Centro Olio Val d'Agri
2023-04-07 19:00:00,0.0,IT.CAED/850592002.FACILITY,Centro Olio Val d'Agri
2023-04-07 20:00:00,0.0,IT.CAED/850592002.FACILITY,Centro Olio Val d'Agri
2023-04-07 21:00:00,0.0,IT.CAED/850592002.FACILITY,Centro Olio Val d'Agri
2023-04-07 22:00:00,0.0,IT.CAED/850592002.FACILITY,Centro Olio Val d'Agri
2023-04-07 23:00:00,0.0,IT.CAED/850592002.FACILITY,Centro Olio Val d'Agri
2023-04-08 00:00:00,0.0,IT.CAED/850592002.FACILITY,Centro Olio Val d'Agri
2023-04-08 01:00:00,0.0,IT.CAED/850592002.FACILITY,Centro Olio Val d'Agri
2023-04-08 02:00:00,0.0,IT.CAED/850592002.FACILITY,Centro Olio Val d'Agri
2023-04-08 03:00:00,0.0,IT.CAED/850592002.FACILITY,Centro Olio Val d'Agri
2023-04-08 04:00:00,0.0,IT.CAED/850592002.FACILITY,Centro Olio Val d'Agri
2023-04-08 05:00:00,0.0,IT.CAED/850592002.FACILITY,Centro Olio Val d'Agri
2023-04-08 06:00:00,0.0,IT.CAED/850592002.FACILITY,Centro Olio Val d'Agri
2023-04-08 07:00:00,0.06365,IT.CAED/850592002.FACILITY,Centro Olio Val d'Agri
2023-04-08 08:00:00,0.21472,IT.CAED/850592002.FACILITY,Centro Olio Val d'Agri
2023-04-08 09:00:00,0.51979,IT.CAED/850592002.FACILITY,Centro Olio Val d'Agri
2023-04-08 10:00:00,0.7495499999999999,IT.CAED/850592002.FACILITY,Centro Olio Val d'Agri
2023-04-08 11:00:00,0.82351,IT.CAED/850592002.FACILITY,Centro Olio Val d'Agri
2023-04-08 12:00:00,0.86591,IT.CAED/850592002.FACILITY,Centro Olio Val d'Agri
2023-04-08 13:00:00,0.6942999999999999,IT.CAED/850592002.FACILITY,Centro Olio Val d'Agri
2023-04-08 14:00:00,0.6622100000000001,IT.CAED/850592002.FACILITY,Centro Olio Val d'Agri
2023-04-08 15:00:00,0.69062,IT.CAED/850592002.FACILITY,Centro Olio Val d'Agri
2023-04-08 16:00:00,0.4144,IT.CAED/850592002.FACILITY,Centro Olio Val d'Agri
2023-04-08 17:00:00,0.23678,IT.CAED/850592002.FACILITY,Centro Olio Val d'Agri
2023-04-08 18:00:00,0.047700000000000006,IT.CAED/850592002.FACILITY,Centro Olio Val d'Agri
2023-04-08 19:00:00,0.0,IT.CAED/850592002.FACILITY,Centro Olio Val d'Agri
2023-04-08 20:00:00,0.0,IT.CAED/850592002.FACILITY,Centro Olio Val d'Agri
2023-04-08 21:00:00,0.0,IT.CAED/850592002.FACILITY,Centro Olio Val d'Agri
2023-04-08 22:00:00,0.0,IT.CAED/850592002.FACILITY,Centro Olio Val d'Agri
2023-04-08 23:00:00,0.0,IT.CAED/850592002.FACILITY,Centro Olio Val d'Agri
2023-04-09 00:00:00,0.0,IT.CAED/850592002.FACILITY,Centro Olio Val d'Agri
2023-04-09 01:00:00,0.0,IT.CAED/850592002.FACILITY,Centro Olio Val d'Agri
2023-04-09 02:00:00,0.0,IT.CAED/850592002.FACILITY,Centro Olio Val d'Agri
2023-04-09 03:00:00,0.0,IT.CAED/850592002.FACILITY,Centro Olio Val d'Agri
2023-04-09 04:00:00,0.0,IT.CAED/850592002.FACILITY,Centro Olio Val d'Agri
2023-04-09 05:00:00,0.0,IT.CAED/850592002.FACILITY,Centro Olio Val d'Agri
2023-04-09 06:00:00,0.0,IT.CAED/850592002.FACILITY,Centro Olio Val d'Agri
2023-04-09 07:00:00,0.030940000000000002,IT.CAED/850592002.FACILITY,Centro Olio Val d'Agri
2023-04-09 08:00:00,0.17235,IT.CAED/850592002.FACILITY,Centro Olio Val d'Agri
2023-04-09 09:00:00,0.43995,IT.CAED/850592002.FACILITY,Centro Olio Val d'Agri
2023-04-09 10:00:00,0.61581,IT.CAED/850592002.FACILITY,Centro Olio Val d'Agri
2023-04-09 11:00:00,0.61586,IT.CAED/850592002.FACILITY,Centro Olio Val d'Agri
2023-04-09 12:00:00,0.66679,IT.CAED/850592002.FACILITY,Centro Olio Val d'Agri
2023-04-09 13:00:00,0.80613,IT.CAED/850592002.FACILITY,Centro Olio Val d'Agri
2023-04-09 14:00:00,0.55476,IT.CAED/850592002.FACILITY,Centro Olio Val d'Agri
2023-04-09 15:00:00,0.5811000000000001,IT.CAED/850592002.FACILITY,Centro Olio Val d'Agri
2023-04-09 16:00:00,0.34156,IT.CAED/850592002.FACILITY,Centro Olio Val d'Agri
2023-04-09 17:00:00,0.13604,IT.CAED/850592002.FACILITY,Centro Olio Val d'Agri
2023-04-09 18:00:00,0.04415,IT.CAED/850592002.FACILITY,Centro Olio Val d'Agri
2023-04-09 19:00:00,0.0,IT.CAED/850592002.FACILITY,Centro Olio Val d'Agri
2023-04-09 20:00:00,0.0,IT.CAED/850592002.FACILITY,Centro Olio Val d'Agri
2023-04-09 21:00:00,0.0,IT.CAED/850592002.FACILITY,Centro Olio Val d'Agri
2023-04-09 22:00:00,0.0,IT.CAED/850592002.FACILITY,Centro Olio Val d'Agri
2023-04-09 23:00:00,0.0,IT.CAED/850592002.FACILITY,Centro Olio Val d'Agri
2023-04-10 00:00:00,0.0,IT.CAED/850592002.FACILITY,Centro Olio Val d'Agri
2023-04-10 01:00:00,0.0,IT.CAED/850592002.FACILITY,Centro Olio Val d'Agri
2023-04-10 02:00:00,0.0,IT.CAED/850592002.FACILITY,Centro Olio Val d'Agri
2023-04-10 03:00:00,0.0,IT.CAED/850592002.FACILITY,Centro Olio Val d'Agri
2023-04-10 04:00:00,0.0,IT.CAED/850592002.FACILITY,Centro Olio Val d'Agri
2023-04-10 05:00:00,0.0,IT.CAED/850592002.FACILITY,Centro Olio Val d'Agri
2023-04-10 06:00:00,0.0,IT.CAED/850592002.FACILITY,Centro Olio Val d'Agri
2023-04-10 07:00:00,0.07531,IT.CAED/850592002.FACILITY,Centro Olio Val d'Agri
2023-04-10 08:00:00,0.32045,IT.CAED/850592002.FACILITY,Centro Olio Val d'Agri
2023-04-10 09:00:00,0.54631,IT.CAED/850592002.FACILITY,Centro Olio Val d'Agri
2023-04-10 10:00:00,0.7596,IT.CAED/850592002.FACILITY,Centro Olio Val d'Agri
2023-04-10 11:00:00,0.82357,IT.CAED/850592002.FACILITY,Centro Olio Val d'Agri
2023-04-10 12:00:00,0.89446,IT.CAED/850592002.FACILITY,Centro Olio Val d'Agri
2023-04-10 13:00:00,0.81745,IT.CAED/850592002.FACILITY,Centro Olio Val d'Agri
2023-04-10 14:00:00,0.56035,IT.CAED/850592002.FACILITY,Centro Olio Val d'Agri
2023-04-10 15:00:00,0.52042,IT.CAED/850592002.FACILITY,Centro Olio Val d'Agri
2023-04-10 16:00:00,0.21575999999999998,IT.CAED/850592002.FACILITY,Centro Olio Val d'Agri
2023-04-10 17:00:00,0.09697,IT.CAED/850592002.FACILITY,Centro Olio Val d'Agri
2023-04-10 18:00:00,0.0265,IT.CAED/850592002.FACILITY,Centro Olio Val d'Agri
2023-04-10 19:00:00,0.0,IT.CAED/850592002.FACILITY,Centro Olio Val d'Agri
2023-04-10 20:00:00,0.0,IT.CAED/850592002.FACILITY,Centro Olio Val d'Agri
2023-04-10 21:00:00,0.0,IT.CAED/850592002.FACILITY,Centro Olio Val d'Agri
2023-04-10 22:00:00,0.0,IT.CAED/850592002.FACILITY,Centro Olio Val d'Agri
2023-04-10 23:00:00,0.0,IT.CAED/850592002.FACILITY,Centro Olio Val d'Agri
2023-04-11 00:00:00,0.0,IT.CAED/850592002.FACILITY,Centro Olio Val d'Agri
2023-04-11 01:00:00,0.0,IT.CAED/850592002.FACILITY,Centro Olio Val d'Agri
2023-04-11 02:00:00,0.0,IT.CAED/850592002.FACILITY,Centro Olio Val d'Agri
2023-04-11 03:00:00,0.0,IT.CAED/850592002.FACILITY,Centro Olio Val d'Agri
2023-04-11 04:00:00,0.0,IT.CAED/850592002.FACILITY,Centro Olio Val d'Agri
2023-04-11 05:00:00,0.0,IT.CAED/850592002.FACILITY,Centro Olio Val d'Agri
2023-04-11 06:00:00,0.00061,IT.CAED/850592002.FACILITY,Centro Olio Val d'Agri
2023-04-11 07:00:00,0.07737000000000001,IT.CAED/850592002.FACILITY,Centro Olio Val d'Agri
2023-04-11 08:00:00,0.317,IT.CAED/850592002.FACILITY,Centro Olio Val d'Agri
2023-04-11 09:00:00,0.59556,IT.CAED/850592002.FACILITY,Centro Olio Val d'Agri
2023-04-11 10:00:00,0.79291,IT.CAED/850592002.FACILITY,Centro Olio Val d'Agri
2023-04-11 11:00:00,0.9209299999999999,IT.CAED/850592002.FACILITY,Centro Olio Val d'Agri
2023-04-11 12:00:00,0.97537,IT.CAED/850592002.FACILITY,Centro Olio Val d'Agri
2023-04-11 13:00:00,0.9701799999999999,IT.CAED/850592002.FACILITY,Centro Olio Val d'Agri
2023-04-11 14:00:00,0.89276,IT.CAED/850592002.FACILITY,Centro Olio Val d'Agri
2023-04-11 15:00:00,0.75517,IT.CAED/850592002.FACILITY,Centro Olio Val d'Agri
2023-04-11 16:00:00,0.53216,IT.CAED/850592002.FACILITY,Centro Olio Val d'Agri
2023-04-11 17:00:00,0.28770999999999997,IT.CAED/850592002.FACILITY,Centro Olio Val d'Agri
2023-04-11 18:00:00,0.05884,IT.CAED/850592002.FACILITY,Centro Olio Val d'Agri
2023-04-11 19:00:00,0.0,IT.CAED/850592002.FACILITY,Centro Olio Val d'Agri
2023-04-11 20:00:00,0.0,IT.CAED/850592002.FACILITY,Centro Olio Val d'Agri
2023-04-11 21:00:00,0.0,IT.CAED/850592002.FACILITY,Centro Olio Val d'Agri
2023-04-11 22:00:00,0.0,IT.CAED/850592002.FACILITY,Centro Olio Val d'Agri
2023-04-11 23:00:00,0.0,IT.CAED/850592002.FACILITY,Centro Olio Val d'Agri
2023-04-12 00:00:00,0.0,IT.CAED/850592002.FACILITY,Centro Olio Val d'Agri
2023-04-12 01:00:00,0.0,IT.CAED/850592002.FACILITY,Centro Olio Val d'Agri
2023-04-12 02:00:00,0.0,IT.CAED/850592002.FACILITY,Centro Olio Val d'Agri
2023-04-12 03:00:00,0.0,IT.CAED/850592002.FACILITY,Centro Olio Val d'Agri
2023-04-12 04:00:00,0.0,IT.CAED/850592002.FACILITY,Centro Olio Val d'Agri
2023-04-12 05:00:00,0.0,IT.CAED/850592002.FACILITY,Centro Olio Val d'Agri
2023-04-12 06:00:00,0.00079,IT.CAED/850592002.FACILITY,Centro Olio Val d'Agri
2023-04-12 07:00:00,0.0737,IT.CAED/850592002.FACILITY,Centro Olio Val d'Agri
2023-04-12 08:00:00,0.26549,IT.CAED/850592002.FACILITY,Centro Olio Val d'Agri
2023-04-12 09:00:00,0.51922,IT.CAED/850592002.FACILITY,Centro Olio Val d'Agri
2023-04-12 10:00:00,0.75544,IT.CAED/850592002.FACILITY,Centro Olio Val d'Agri
2023-04-12 11:00:00,0.84012,IT.CAED/850592002.FACILITY,Centro Olio Val d'Agri
2023-04-12 12:00:00,0.87451,IT.CAED/850592002.FACILITY,Centro Olio Val d'Agri
2023-04-12 13:00:00,0.7311,IT.CAED/850592002.FACILITY,Centro Olio Val d'Agri
2023-04-12 14:00:00,0.6248400000000001,IT.CAED/850592002.FACILITY,Centro Olio Val d'Agri
2023-04-12 15:00:00,0.43794,IT.CAED/850592002.FACILITY,Centro Olio Val d'Agri
2023-04-12 16:00:00,0.38274,IT.CAED/850592002.FACILITY,Centro Olio Val d'Agri
2023-04-12 17:00:00,0.25401,IT.CAED/850592002.FACILITY,Centro Olio Val d'Agri
2023-04-12 18:00:00,0.051770000000000004,IT.CAED/850592002.FACILITY,Centro Olio Val d'Agri
2023-04-12 19:00:00,0.0,IT.CAED/850592002.FACILITY,Centro Olio Val d'Agri
2023-04-12 20:00:00,0.0,IT.CAED/850592002.FACILITY,Centro Olio Val d'Agri
2023-04-12 21:00:00,0.0,IT.CAED/850592002.FACILITY,Centro Olio Val d'Agri
2023-04-12 22:00:00,0.0,IT.CAED/850592002.FACILITY,Centro Olio Val d'Agri
2023-04-12 23:00:00,0.0,IT.CAED/850592002.FACILITY,Centro Olio Val d'Agri
2023-04-13 00:00:00,0.0,IT.CAED/850592002.FACILITY,Centro Olio Val d'Agri
2023-04-13 01:00:00,0.0,IT.CAED/850592002.FACILITY,Centro Olio Val d'Agri
2023-04-13 02:00:00,0.0,IT.CAED/850592002.FACILITY,Centro Olio Val d'Agri
2023-04-13 03:00:00,0.0,IT.CAED/850592002.FACILITY,Centro Olio Val d'Agri
2023-04-13 04:00:00,0.0,IT.CAED/850592002.FACILITY,Centro Olio Val d'Agri
2023-04-13 05:00:00,0.0,IT.CAED/850592002.FACILITY,Centro Olio Val d'Agri
2023-04-13 06:00:00,0.0011899999999999999,IT.CAED/850592002.FACILITY,Centro Olio Val d'Agri
2023-04-13 07:00:00,0.0782,IT.CAED/850592002.FACILITY,Centro Olio Val d'Agri
2023-04-13 08:00:00,0.33438999999999997,IT.CAED/850592002.FACILITY,Centro Olio Val d'Agri
2023-04-13 09:00:00,0.57904,IT.CAED/850592002.FACILITY,Centro Olio Val d'Agri
2023-04-13 10:00:00,0.76622,IT.CAED/850592002.FACILITY,Centro Olio Val d'Agri
2023-04-13 11:00:00,0.89574,IT.CAED/850592002.FACILITY,Centro Olio Val d'Agri
2023-04-13 12:00:00,0.94945,IT.CAED/850592002.FACILITY,Centro Olio Val d'Agri
2023-04-13 13:00:00,0.93083,IT.CAED/850592002.FACILITY,Centro Olio Val d'Agri
2023-04-13 14:00:00,0.85112,IT.CAED/850592002.FACILITY,Centro Olio Val d'Agri
2023-04-13 15:00:00,0.72785,IT.CAED/850592002.FACILITY,Centro Olio Val d'Agri
2023-04-13 16:00:00,0.52847,IT.CAED/850592002.FACILITY,Centro Olio Val d'Agri
2023-04-13 17:00:00,0.25751999999999997,IT.CAED/850592002.FACILITY,Centro Olio Val d'Agri
2023-04-13 18:00:00,0.0578,IT.CAED/850592002.FACILITY,Centro Olio Val d'Agri
2023-04-13 19:00:00,0.0,IT.CAED/850592002.FACILITY,Centro Olio Val d'Agri
2023-04-13 20:00:00,0.0,IT.CAED/850592002.FACILITY,Centro Olio Val d'Agri
2023-04-13 21:00:00,0.0,IT.CAED/850592002.FACILITY,Centro Olio Val d'Agri
2023-04-13 22:00:00,0.0,IT.CAED/850592002.FACILITY,Centro Olio Val d'Agri
2023-04-13 23:00:00,0.0,IT.CAED/850592002.FACILITY,Centro Olio Val d'Agri
2023-04-14 00:00:00,0.0,IT.CAED/850592002.FACILITY,Centro Olio Val d'Agri
2023-04-14 01:00:00,0.0,IT.CAED/850592002.FACILITY,Centro Olio Val d'Agri
2023-04-14 02:00:00,0.0,IT.CAED/850592002.FACILITY,Centro Olio Val d'Agri
2023-04-14 03:00:00,0.0,IT.CAED/850592002.FACILITY,Centro Olio Val d'Agri
2023-04-14 04:00:00,0.0,IT.CAED/850592002.FACILITY,Centro Olio Val d'Agri
2023-04-14 05:00:00,0.0,IT.CAED/850592002.FACILITY,Centro Olio Val d'Agri
2023-04-14 06:00:00,0.00031,IT.CAED/850592002.FACILITY,Centro Olio Val d'Agri
2023-04-14 07:00:00,0.060039999999999996,IT.CAED/850592002.FACILITY,Centro Olio Val d'Agri
2023-04-14 08:00:00,0.21089,IT.CAED/850592002.FACILITY,Centro Olio Val d'Agri
2023-04-14 09:00:00,0.318,IT.CAED/850592002.FACILITY,Centro Olio Val d'Agri
2023-04-14 10:00:00,0.55015,IT.CAED/850592002.FACILITY,Centro Olio Val d'Agri
2023-04-14 11:00:00,0.52961,IT.CAED/850592002.FACILITY,Centro Olio Val d'Agri
2023-04-14 12:00:00,0.56972,IT.CAED/850592002.FACILITY,Centro Olio Val d'Agri
2023-04-14 13:00:00,0.46997000000000005,IT.CAED/850592002.FACILITY,Centro Olio Val d'Agri
2023-04-14 14:00:00,0.51939,IT.CAED/850592002.FACILITY,Centro Olio Val d'Agri
2023-04-14 15:00:00,0.40166,IT.CAED/850592002.FACILITY,Centro Olio Val d'Agri
2023-04-14 16:00:00,0.24023,IT.CAED/850592002.FACILITY,Centro Olio Val d'Agri
2023-04-14 17:00:00,0.12931,IT.CAED/850592002.FACILITY,Centro Olio Val d'Agri
2023-04-14 18:00:00,0.033350000000000005,IT.CAED/850592002.FACILITY,Centro Olio Val d'Agri
2023-04-14 19:00:00,0.0,IT.CAED/850592002.FACILITY,Centro Olio Val d'Agri
2023-04-14 20:00:00,0.0,IT.CAED/850592002.FACILITY,Centro Olio Val d'Agri
2023-04-14 21:00:00,0.0,IT.CAED/850592002.FACILITY,Centro Olio Val d'Agri
2023-04-14 22:00:00,0.0,IT.CAED/850592002.FACILITY,Centro Olio Val d'Agri
2023-04-14 23:00:00,0.0,IT.CAED/850592002.FACILITY,Centro Olio Val d'Agri
2023-04-15 00:00:00,0.0,IT.CAED/850592002.FACILITY,Centro Olio Val d'Agri
2023-04-15 01:00:00,0.0,IT.CAED/850592002.FACILITY,Centro Olio Val d'Agri
2023-04-15 02:00:00,0.0,IT.CAED/850592002.FACILITY,Centro Olio Val d'Agri
2023-04-15 03:00:00,0.0,IT.CAED/850592002.FACILITY,Centro Olio Val d'Agri
2023-04-15 04:00:00,0.0,IT.CAED/850592002.FACILITY,Centro Olio Val d'Agri
2023-04-15 05:00:00,0.0,IT.CAED/850592002.FACILITY,Centro Olio Val d'Agri
2023-04-15 06:00:00,0.0019,IT.CAED/850592002.FACILITY,Centro Olio Val d'Agri
2023-04-15 07:00:00,0.06293,IT.CAED/850592002.FACILITY,Centro Olio Val d'Agri
2023-04-15 08:00:00,0.26068,IT.CAED/850592002.FACILITY,Centro Olio Val d'Agri
2023-04-15 09:00:00,0.47566,IT.CAED/850592002.FACILITY,Centro Olio Val d'Agri
2023-04-15 10:00:00,0.73642,IT.CAED/850592002.FACILITY,Centro Olio Val d'Agri
2023-04-15 11:00:00,0.73317,IT.CAED/850592002.FACILITY,Centro Olio Val d'Agri
2023-04-15 12:00:00,0.46735000000000004,IT.CAED/850592002.FACILITY,Centro Olio Val d'Agri
2023-04-15 13:00:00,0.53904,IT.CAED/850592002.FACILITY,Centro Olio Val d'Agri
2023-04-15 14:00:00,0.46636,IT.CAED/850592002.FACILITY,Centro Olio Val d'Agri
2023-04-15 15:00:00,0.3564,IT.CAED/850592002.FACILITY,Centro Olio Val d'Agri
2023-04-15 16:00:00,0.22697,IT.CAED/850592002.FACILITY,Centro Olio Val d'Agri
2023-04-15 17:00:00,0.08211,IT.CAED/850592002.FACILITY,Centro Olio Val d'Agri
2023-04-15 18:00:00,0.0154,IT.CAED/850592002.FACILITY,Centro Olio Val d'Agri
2023-04-15 19:00:00,0.0,IT.CAED/850592002.FACILITY,Centro Olio Val d'Agri
2023-04-15 20:00:00,0.0,IT.CAED/850592002.FACILITY,Centro Olio Val d'Agri
2023-04-15 21:00:00,0.0,IT.CAED/850592002.FACILITY,Centro Olio Val d'Agri
2023-04-15 22:00:00,0.0,IT.CAED/850592002.FACILITY,Centro Olio Val d'Agri
2023-04-15 23:00:00,0.0,IT.CAED/850592002.FACILITY,Centro Olio Val d'Agri
2023-04-16 00:00:00,0.0,IT.CAED/850592002.FACILITY,Centro Olio Val d'Agri
2023-04-16 01:00:00,0.0,IT.CAED/850592002.FACILITY,Centro Olio Val d'Agri
2023-04-16 02:00:00,0.0,IT.CAED/850592002.FACILITY,Centro Olio Val d'Agri
2023-04-16 03:00:00,0.0,IT.CAED/850592002.FACILITY,Centro Olio Val d'Agri
2023-04-16 04:00:00,0.0,IT.CAED/850592002.FACILITY,Centro Olio Val d'Agri
2023-04-16 05:00:00,0.0,IT.CAED/850592002.FACILITY,Centro Olio Val d'Agri
2023-04-16 06:00:00,0.0008,IT.CAED/850592002.FACILITY,Centro Olio Val d'Agri
2023-04-16 07:00:00,0.04374,IT.CAED/850592002.FACILITY,Centro Olio Val d'Agri
2023-04-16 08:00:00,0.07421,IT.CAED/850592002.FACILITY,Centro Olio Val d'Agri
2023-04-16 09:00:00,0.09895999999999999,IT.CAED/850592002.FACILITY,Centro Olio Val d'Agri
2023-04-16 10:00:00,0.13153,IT.CAED/850592002.FACILITY,Centro Olio Val d'Agri
2023-04-16 11:00:00,0.14243,IT.CAED/850592002.FACILITY,Centro Olio Val d'Agri
2023-04-16 12:00:00,0.18609,IT.CAED/850592002.FACILITY,Centro Olio Val d'Agri
2023-04-16 13:00:00,0.14891,IT.CAED/850592002.FACILITY,Centro Olio Val d'Agri
2023-04-16 14:00:00,0.21318,IT.CAED/850592002.FACILITY,Centro Olio Val d'Agri
2023-04-16 15:00:00,0.1551,IT.CAED/850592002.FACILITY,Centro Olio Val d'Agri
2023-04-16 16:00:00,0.09537999999999999,IT.CAED/850592002.FACILITY,Centro Olio Val d'Agri
2023-04-16 17:00:00,0.03682,IT.CAED/850592002.FACILITY,Centro Olio Val d'Agri
2023-04-16 18:00:00,0.01005,IT.CAED/850592002.FACILITY,Centro Olio Val d'Agri
2023-04-16 19:00:00,0.0,IT.CAED/850592002.FACILITY,Centro Olio Val d'Agri
2023-04-16 20:00:00,0.0,IT.CAED/850592002.FACILITY,Centro Olio Val d'Agri
2023-04-16 21:00:00,0.0,IT.CAED/850592002.FACILITY,Centro Olio Val d'Agri
2023-04-16 22:00:00,0.0,IT.CAED/850592002.FACILITY,Centro Olio Val d'Agri
2023-04-16 23:00:00,0.0,IT.CAED/850592002.FACILITY,Centro Olio Val d'Agri
2023-04-17 00:00:00,0.0,IT.CAED/850592002.FACILITY,Centro Olio Val d'Agri
2023-04-17 01:00:00,0.0,IT.CAED/850592002.FACILITY,Centro Olio Val d'Agri
2023-04-17 02:00:00,0.0,IT.CAED/850592002.FACILITY,Centro Olio Val d'Agri
2023-04-17 03:00:00,0.0,IT.CAED/850592002.FACILITY,Centro Olio Val d'Agri
2023-04-17 04:00:00,0.0,IT.CAED/850592002.FACILITY,Centro Olio Val d'Agri
2023-04-17 05:00:00,0.0,IT.CAED/850592002.FACILITY,Centro Olio Val d'Agri
2023-04-17 06:00:00,0.0,IT.CAED/850592002.FACILITY,Centro Olio Val d'Agri
2023-04-17 07:00:00,0.02132,IT.CAED/850592002.FACILITY,Centro Olio Val d'Agri
2023-04-17 08:00:00,0.10232,IT.CAED/850592002.FACILITY,Centro Olio Val d'Agri
2023-04-17 09:00:00,0.24012,IT.CAED/850592002.FACILITY,Centro Olio Val d'Agri
2023-04-17 10:00:00,0.38411,IT.CAED/850592002.FACILITY,Centro Olio Val d'Agri
2023-04-17 11:00:00,0.43251,IT.CAED/850592002.FACILITY,Centro Olio Val d'Agri
2023-04-17 12:00:00,0.39602,IT.CAED/850592002.FACILITY,Centro Olio Val d'Agri
2023-04-17 13:00:00,0.62949,IT.CAED/850592002.FACILITY,Centro Olio Val d'Agri
2023-04-17 14:00:00,0.6364,IT.CAED/850592002.FACILITY,Centro Olio Val d'Agri
2023-04-17 15:00:00,0.48120999999999997,IT.CAED/850592002.FACILITY,Centro Olio Val d'Agri
2023-04-17 16:00:00,0.24931999999999999,IT.CAED/850592002.FACILITY,Centro Olio Val d'Agri
2023-04-17 17:00:00,0.07493999999999999,IT.CAED/850592002.FACILITY,Centro Olio Val d'Agri
2023-04-17 18:00:00,0.01532,IT.CAED/850592002.FACILITY,Centro Olio Val d'Agri
2023-04-17 19:00:00,0.0,IT.CAED/850592002.FACILITY,Centro Olio Val d'Agri
2023-04-17 20:00:00,0.0,IT.CAED/850592002.FACILITY,Centro Olio Val d'Agri
2023-04-17 21:00:00,0.0,IT.CAED/850592002.FACILITY,Centro Olio Val d'Agri
2023-04-17 22:00:00,0.0,IT.CAED/850592002.FACILITY,Centro Olio Val d'Agri
2023-04-17 23:00:00,0.0,IT.CAED/850592002.FACILITY,Centro Olio Val d'Agri
2023-04-18 00:00:00,0.0,IT.CAED/850592002.FACILITY,Centro Olio Val d'Agri
2023-04-18 01:00:00,0.0,IT.CAED/850592002.FACILITY,Centro Olio Val d'Agri
2023-04-18 02:00:00,0.0,IT.CAED/850592002.FACILITY,Centro Olio Val d'Agri
2023-04-18 03:00:00,0.0,IT.CAED/850592002.FACILITY,Centro Olio Val d'Agri
2023-04-18 04:00:00,0.0,IT.CAED/850592002.FACILITY,Centro Olio Val d'Agri
2023-04-18 05:00:00,0.0,IT.CAED/850592002.FACILITY,Centro Olio Val d'Agri
2023-04-18 06:00:00,0.00354,IT.CAED/850592002.FACILITY,Centro Olio Val d'Agri
2023-04-18 07:00:00,0.07059,IT.CAED/850592002.FACILITY,Centro Olio Val d'Agri
2023-04-18 08:00:00,0.29605000000000004,IT.CAED/850592002.FACILITY,Centro Olio Val d'Agri
2023-04-18 09:00:00,0.52299,IT.CAED/850592002.FACILITY,Centro Olio Val d'Agri
2023-04-18 10:00:00,0.6324099999999999,IT.CAED/850592002.FACILITY,Centro Olio Val d'Agri
2023-04-18 11:00:00,0.6881799999999999,IT.CAED/850592002.FACILITY,Centro Olio Val d'Agri
2023-04-18 12:00:00,0.49232,IT.CAED/850592002.FACILITY,Centro Olio Val d'Agri
2023-04-18 13:00:00,0.43605,IT.CAED/850592002.FACILITY,Centro Olio Val d'Agri
2023-04-18 14:00:00,0.29485,IT.CAED/850592002.FACILITY,Centro Olio Val d'Agri
2023-04-18 15:00:00,0.37489,IT.CAED/850592002.FACILITY,Centro Olio Val d'Agri
2023-04-18 16:00:00,0.22541999999999998,IT.CAED/850592002.FACILITY,Centro Olio Val d'Agri
2023-04-18 17:00:00,0.1923,IT.CAED/850592002.FACILITY,Centro Olio Val d'Agri
2023-04-18 18:00:00,0.05126,IT.CAED/850592002.FACILITY,Centro Olio Val d'Agri
2023-04-18 19:00:00,0.00039,IT.CAED/850592002.FACILITY,Centro Olio Val d'Agri
2023-04-18 20:00:00,0.0,IT.CAED/850592002.FACILITY,Centro Olio Val d'Agri
2023-04-18 21:00:00,0.0,IT.CAED/850592002.FACILITY,Centro Olio Val d'Agri
2023-04-18 22:00:00,0.0,IT.CAED/850592002.FACILITY,Centro Olio Val d'Agri
2023-04-18 23:00:00,0.0,IT.CAED/850592002.FACILITY,Centro Olio Val d'Agri
2023-04-19 00:00:00,0.0,IT.CAED/850592002.FACILITY,Centro Olio Val d'Agri
2023-04-19 01:00:00,0.0,IT.CAED/850592002.FACILITY,Centro Olio Val d'Agri
2023-04-19 02:00:00,0.0,IT.CAED/850592002.FACILITY,Centro Olio Val d'Agri
2023-04-19 03:00:00,0.0,IT.CAED/850592002.FACILITY,Centro Olio Val d'Agri
2023-04-19 04:00:00,0.0,IT.CAED/850592002.FACILITY,Centro Olio Val d'Agri
2023-04-19 05:00:00,0.0,IT.CAED/850592002.FACILITY,Centro Olio Val d'Agri
2023-04-19 06:00:00,0.00394,IT.CAED/850592002.FACILITY,Centro Olio Val d'Agri
2023-04-19 07:00:00,0.07204,IT.CAED/850592002.FACILITY,Centro Olio Val d'Agri
2023-04-19 08:00:00,0.28726,IT.CAED/850592002.FACILITY,Centro Olio Val d'Agri
2023-04-19 09:00:00,0.51913,IT.CAED/850592002.FACILITY,Centro Olio Val d'Agri
2023-04-19 10:00:00,0.60565,IT.CAED/850592002.FACILITY,Centro Olio Val d'Agri
2023-04-19 11:00:00,0.76507,IT.CAED/850592002.FACILITY,Centro Olio Val d'Agri
2023-04-19 12:00:00,0.7383,IT.CAED/850592002.FACILITY,Centro Olio Val d'Agri
2023-04-19 13:00:00,0.6774600000000001,IT.CAED/850592002.FACILITY,Centro Olio Val d'Agri
2023-04-19 14:00:00,0.59472,IT.CAED/850592002.FACILITY,Centro Olio Val d'Agri
2023-04-19 15:00:00,0.24415,IT.CAED/850592002.FACILITY,Centro Olio Val d'Agri
2023-04-19 16:00:00,0.38947000000000004,IT.CAED/850592002.FACILITY,Centro Olio Val d'Agri
2023-04-19 17:00:00,0.15531999999999999,IT.CAED/850592002.FACILITY,Centro Olio Val d'Agri
2023-04-19 18:00:00,0.04757,IT.CAED/850592002.FACILITY,Centro Olio Val d'Agri
2023-04-19 19:00:00,0.00061,IT.CAED/850592002.FACILITY,Centro Olio Val d'Agri
2023-04-19 20:00:00,0.0,IT.CAED/850592002.FACILITY,Centro Olio Val d'Agri
2023-04-19 21:00:00,0.0,IT.CAED/850592002.FACILITY,Centro Olio Val d'Agri
2023-04-19 22:00:00,0.0,IT.CAED/850592002.FACILITY,Centro Olio Val d'Agri
2023-04-19 23:00:00,0.0,IT.CAED/850592002.FACILITY,Centro Olio Val d'Agri
2023-04-20 00:00:00,0.0,IT.CAED/850592002.FACILITY,Centro Olio Val d'Agri
2023-04-20 01:00:00,0.0,IT.CAED/850592002.FACILITY,Centro Olio Val d'Agri
2023-04-20 02:00:00,0.0,IT.CAED/850592002.FACILITY,Centro Olio Val d'Agri
2023-04-20 03:00:00,0.0,IT.CAED/850592002.FACILITY,Centro Olio Val d'Agri
2023-04-20 04:00:00,0.0,IT.CAED/850592002.FACILITY,Centro Olio Val d'Agri
2023-04-20 05:00:00,0.0,IT.CAED/850592002.FACILITY,Centro Olio Val d'Agri
2023-04-20 06:00:00,0.0047,IT.CAED/850592002.FACILITY,Centro Olio Val d'Agri
2023-04-20 07:00:00,0.08594,IT.CAED/850592002.FACILITY,Centro Olio Val d'Agri
2023-04-20 08:00:00,0.27062,IT.CAED/850592002.FACILITY,Centro Olio Val d'Agri
2023-04-20 09:00:00,0.48557,IT.CAED/850592002.FACILITY,Centro Olio Val d'Agri
2023-04-20 10:00:00,0.73901,IT.CAED/850592002.FACILITY,Centro Olio Val d'Agri
2023-04-20 11:00:00,0.8660800000000001,IT.CAED/850592002.FACILITY,Centro Olio Val d'Agri
2023-04-20 12:00:00,0.90139,IT.CAED/850592002.FACILITY,Centro Olio Val d'Agri
2023-04-20 13:00:00,0.85424,IT.CAED/850592002.FACILITY,Centro Olio Val d'Agri
2023-04-20 14:00:00,0.66898,IT.CAED/850592002.FACILITY,Centro Olio Val d'Agri
2023-04-20 15:00:00,0.58224,IT.CAED/850592002.FACILITY,Centro Olio Val d'Agri
2023-04-20 16:00:00,0.43019999999999997,IT.CAED/850592002.FACILITY,Centro Olio Val d'Agri
2023-04-20 17:00:00,0.2085,IT.CAED/850592002.FACILITY,Centro Olio Val d'Agri
2023-04-20 18:00:00,0.04981,IT.CAED/850592002.FACILITY,Centro Olio Val d'Agri
2023-04-20 19:00:00,0.00078,IT.CAED/850592002.FACILITY,Centro Olio Val d'Agri
2023-04-20 20:00:00,0.0,IT.CAED/850592002.FACILITY,Centro Olio Val d'Agri
2023-04-20 21:00:00,0.0,IT.CAED/850592002.FACILITY,Centro Olio Val d'Agri
2023-04-20 22:00:00,0.0,IT.CAED/850592002.FACILITY,Centro Olio Val d'Agri
2023-04-20 23:00:00,0.0,IT.CAED/850592002.FACILITY,Centro Olio Val d'Agri
2023-04-21 00:00:00,0.0,IT.CAED/850592002.FACILITY,Centro Olio Val d'Agri
2023-04-21 01:00:00,0.0,IT.CAED/850592002.FACILITY,Centro Olio Val d'Agri
2023-04-21 02:00:00,0.0,IT.CAED/850592002.FACILITY,Centro Olio Val d'Agri
2023-04-21 03:00:00,0.0,IT.CAED/850592002.FACILITY,Centro Olio Val d'Agri
2023-04-21 04:00:00,0.0,IT.CAED/850592002.FACILITY,Centro Olio Val d'Agri
2023-04-21 05:00:00,0.0,IT.CAED/850592002.FACILITY,Centro Olio Val d'Agri
2023-04-21 06:00:00,0.0057,IT.CAED/850592002.FACILITY,Centro Olio Val d'Agri
2023-04-21 07:00:00,0.082,IT.CAED/850592002.FACILITY,Centro Olio Val d'Agri
2023-04-21 08:00:00,0.20957,IT.CAED/850592002.FACILITY,Centro Olio Val d'Agri
2023-04-21 09:00:00,0.46661,IT.CAED/850592002.FACILITY,Centro Olio Val d'Agri
2023-04-21 10:00:00,0.69547,IT.CAED/850592002.FACILITY,Centro Olio Val d'Agri
2023-04-21 11:00:00,0.7669600000000001,IT.CAED/850592002.FACILITY,Centro Olio Val d'Agri
2023-04-21 12:00:00,0.7349,IT.CAED/850592002.FACILITY,Centro Olio Val d'Agri
2023-04-21 13:00:00,0.77699,IT.CAED/850592002.FACILITY,Centro Olio Val d'Agri
2023-04-21 14:00:00,0.64191,IT.CAED/850592002.FACILITY,Centro Olio Val d'Agri
2023-04-21 15:00:00,0.51371,IT.CAED/850592002.FACILITY,Centro Olio Val d'Agri
2023-04-21 16:00:00,0.36749,IT.CAED/850592002.FACILITY,Centro Olio Val d'Agri
2023-04-21 17:00:00,0.20513,IT.CAED/850592002.FACILITY,Centro Olio Val d'Agri
2023-04-21 18:00:00,0.034390000000000004,IT.CAED/850592002.FACILITY,Centro Olio Val d'Agri
2023-04-21 19:00:00,0.00091,IT.CAED/850592002.FACILITY,Centro Olio Val d'Agri
2023-04-21 20:00:00,0.0,IT.CAED/850592002.FACILITY,Centro Olio Val d'Agri
2023-04-21 21:00:00,0.0,IT.CAED/850592002.FACILITY,Centro Olio Val d'Agri
2023-04-21 22:00:00,0.0,IT.CAED/850592002.FACILITY,Centro Olio Val d'Agri
2023-04-21 23:00:00,0.0,IT.CAED/850592002.FACILITY,Centro Olio Val d'Agri
2023-04-22 00:00:00,0.0,IT.CAED/850592002.FACILITY,Centro Olio Val d'Agri
2023-04-22 01:00:00,0.0,IT.CAED/850592002.FACILITY,Centro Olio Val d'Agri
2023-04-22 02:00:00,0.0,IT.CAED/850592002.FACILITY,Centro Olio Val d'Agri
2023-04-22 03:00:00,0.0,IT.CAED/850592002.FACILITY,Centro Olio Val d'Agri
2023-04-22 04:00:00,0.0,IT.CAED/850592002.FACILITY,Centro Olio Val d'Agri
2023-04-22 05:00:00,0.0,IT.CAED/850592002.FACILITY,Centro Olio Val d'Agri
2023-04-22 06:00:00,0.0057,IT.CAED/850592002.FACILITY,Centro Olio Val d'Agri
2023-04-22 07:00:00,0.08794,IT.CAED/850592002.FACILITY,Centro Olio Val d'Agri
2023-04-22 08:00:00,0.32991000000000004,IT.CAED/850592002.FACILITY,Centro Olio Val d'Agri
2023-04-22 09:00:00,0.56268,IT.CAED/850592002.FACILITY,Centro Olio Val d'Agri
2023-04-22 10:00:00,0.68299,IT.CAED/850592002.FACILITY,Centro Olio Val d'Agri
2023-04-22 11:00:00,0.72388,IT.CAED/850592002.FACILITY,Centro Olio Val d'Agri
2023-04-22 12:00:00,0.76687,IT.CAED/850592002.FACILITY,Centro Olio Val d'Agri
2023-04-22 13:00:00,0.66503,IT.CAED/850592002.FACILITY,Centro Olio Val d'Agri
2023-04-22 14:00:00,0.6393300000000001,IT.CAED/850592002.FACILITY,Centro Olio Val d'Agri
2023-04-22 15:00:00,0.58085,IT.CAED/850592002.FACILITY,Centro Olio Val d'Agri
2023-04-22 16:00:00,0.41055,IT.CAED/850592002.FACILITY,Centro Olio Val d'Agri
2023-04-22 17:00:00,0.22413999999999998,IT.CAED/850592002.FACILITY,Centro Olio Val d'Agri
2023-04-22 18:00:00,0.058159999999999996,IT.CAED/850592002.FACILITY,Centro Olio Val d'Agri
2023-04-22 19:00:00,0.00156,IT.CAED/850592002.FACILITY,Centro Olio Val d'Agri
2023-04-22 20:00:00,0.0,IT.CAED/850592002.FACILITY,Centro Olio Val d'Agri
2023-04-22 21:00:00,0.0,IT.CAED/850592002.FACILITY,Centro Olio Val d'Agri
2023-04-22 22:00:00,0.0,IT.CAED/850592002.FACILITY,Centro Olio Val d'Agri
2023-04-22 23:00:00,0.0,IT.CAED/850592002.FACILITY,Centro Olio Val d'Agri
2023-04-23 00:00:00,0.0,IT.CAED/850592002.FACILITY,Centro Olio Val d'Agri
2023-04-23 01:00:00,0.0,IT.CAED/850592002.FACILITY,Centro Olio Val d'Agri
2023-04-23 02:00:00,0.0,IT.CAED/850592002.FACILITY,Centro Olio Val d'Agri
2023-04-23 03:00:00,0.0,IT.CAED/850592002.FACILITY,Centro Olio Val d'Agri
2023-04-23 04:00:00,0.0,IT.CAED/850592002.FACILITY,Centro Olio Val d'Agri
2023-04-23 05:00:00,0.0,IT.CAED/850592002.FACILITY,Centro Olio Val d'Agri
2023-04-23 06:00:00,0.00614,IT.CAED/850592002.FACILITY,Centro Olio Val d'Agri
2023-04-23 07:00:00,0.09042,IT.CAED/850592002.FACILITY,Centro Olio Val d'Agri
2023-04-23 08:00:00,0.32327,IT.CAED/850592002.FACILITY,Centro Olio Val d'Agri
2023-04-23 09:00:00,0.52527,IT.CAED/850592002.FACILITY,Centro Olio Val d'Agri
2023-04-23 10:00:00,0.7020700000000001,IT.CAED/850592002.FACILITY,Centro Olio Val d'Agri
2023-04-23 11:00:00,0.81802,IT.CAED/850592002.FACILITY,Centro Olio Val d'Agri
2023-04-23 12:00:00,0.87463,IT.CAED/850592002.FACILITY,Centro Olio Val d'Agri
2023-04-23 13:00:00,0.86798,IT.CAED/850592002.FACILITY,Centro Olio Val d'Agri
2023-04-23 14:00:00,0.7494700000000001,IT.CAED/850592002.FACILITY,Centro Olio Val d'Agri
2023-04-23 15:00:00,0.37633,IT.CAED/850592002.FACILITY,Centro Olio Val d'Agri
2023-04-23 16:00:00,0.37612,IT.CAED/850592002.FACILITY,Centro Olio Val d'Agri
2023-04-23 17:00:00,0.24881,IT.CAED/850592002.FACILITY,Centro Olio Val d'Agri
2023-04-23 18:00:00,0.057229999999999996,IT.CAED/850592002.FACILITY,Centro Olio Val d'Agri
2023-04-23 19:00:00,0.00204,IT.CAED/850592002.FACILITY,Centro Olio Val d'Agri
2023-04-23 20:00:00,0.0,IT.CAED/850592002.FACILITY,Centro Olio Val d'Agri
2023-04-23 21:00:00,0.0,IT.CAED/850592002.FACILITY,Centro Olio Val d'Agri
2023-04-23 22:00:00,0.0,IT.CAED/850592002.FACILITY,Centro Olio Val d'Agri
2023-04-23 23:00:00,0.0,IT.CAED/850592002.FACILITY,Centro Olio Val d'Agri
2023-04-24 00:00:00,0.0,IT.CAED/850592002.FACILITY,Centro Olio Val d'Agri
2023-04-24 01:00:00,0.0,IT.CAED/850592002.FACILITY,Centro Olio Val d'Agri
2023-04-24 02:00:00,0.0,IT.CAED/850592002.FACILITY,Centro Olio Val d'Agri
2023-04-24 03:00:00,0.0,IT.CAED/850592002.FACILITY,Centro Olio Val d'Agri
2023-04-24 04:00:00,0.0,IT.CAED/850592002.FACILITY,Centro Olio Val d'Agri
2023-04-24 05:00:00,0.0,IT.CAED/850592002.FACILITY,Centro Olio Val d'Agri
2023-04-24 06:00:00,0.009210000000000001,IT.CAED/850592002.FACILITY,Centro Olio Val d'Agri
2023-04-24 07:00:00,0.09559999999999999,IT.CAED/850592002.FACILITY,Centro Olio Val d'Agri
2023-04-24 08:00:00,0.3177,IT.CAED/850592002.FACILITY,Centro Olio Val d'Agri
2023-04-24 09:00:00,0.48177,IT.CAED/850592002.FACILITY,Centro Olio Val d'Agri
2023-04-24 10:00:00,0.4516,IT.CAED/850592002.FACILITY,Centro Olio Val d'Agri
2023-04-24 11:00:00,0.65591,IT.CAED/850592002.FACILITY,Centro Olio Val d'Agri
2023-04-24 12:00:00,0.61795,IT.CAED/850592002.FACILITY,Centro Olio Val d'Agri
2023-04-24 13:00:00,0.5286900000000001,IT.CAED/850592002.FACILITY,Centro Olio Val d'Agri
2023-04-24 14:00:00,0.60914,IT.CAED/850592002.FACILITY,Centro Olio Val d'Agri
2023-04-24 15:00:00,0.48928,IT.CAED/850592002.FACILITY,Centro Olio Val d'Agri
2023-04-24 16:00:00,0.36548,IT.CAED/850592002.FACILITY,Centro Olio Val d'Agri
2023-04-24 17:00:00,0.24419,IT.CAED/850592002.FACILITY,Centro Olio Val d'Agri
2023-04-24 18:00:00,0.05835,IT.CAED/850592002.FACILITY,Centro Olio Val d'Agri
2023-04-24 19:00:00,0.00209,IT.CAED/850592002.FACILITY,Centro Olio Val d'Agri
2023-04-24 20:00:00,0.0,IT.CAED/850592002.FACILITY,Centro Olio Val d'Agri
2023-04-24 21:00:00,0.0,IT.CAED/850592002.FACILITY,Centro Olio Val d'Agri
2023-04-24 22:00:00,0.0,IT.CAED/850592002.FACILITY,Centro Olio Val d'Agri
2023-04-24 23:00:00,0.0,IT.CAED/850592002.FACILITY,Centro Olio Val d'Agri
2023-04-25 00:00:00,0.0,IT.CAED/850592002.FACILITY,Centro Olio Val d'Agri
2023-04-25 01:00:00,0.0,IT.CAED/850592002.FACILITY,Centro Olio Val d'Agri
2023-04-25 02:00:00,0.0,IT.CAED/850592002.FACILITY,Centro Olio Val d'Agri
2023-04-25 03:00:00,0.0,IT.CAED/850592002.FACILITY,Centro Olio Val d'Agri
2023-04-25 04:00:00,0.0,IT.CAED/850592002.FACILITY,Centro Olio Val d'Agri
2023-04-25 05:00:00,0.0,IT.CAED/850592002.FACILITY,Centro Olio Val d'Agri
2023-04-25 06:00:00,0.00463,IT.CAED/850592002.FACILITY,Centro Olio Val d'Agri
2023-04-25 07:00:00,0.07118000000000001,IT.CAED/850592002.FACILITY,Centro Olio Val d'Agri
2023-04-25 08:00:00,0.20009,IT.CAED/850592002.FACILITY,Centro Olio Val d'Agri
2023-04-25 09:00:00,0.36471,IT.CAED/850592002.FACILITY,Centro Olio Val d'Agri
2023-04-25 10:00:00,0.57605,IT.CAED/850592002.FACILITY,Centro Olio Val d'Agri
2023-04-25 11:00:00,0.8169299999999999,IT.CAED/850592002.FACILITY,Centro Olio Val d'Agri
2023-04-25 12:00:00,0.80299,IT.CAED/850592002.FACILITY,Centro Olio Val d'Agri
2023-04-25 13:00:00,0.57825,IT.CAED/850592002.FACILITY,Centro Olio Val d'Agri
2023-04-25 14:00:00,0.44733999999999996,IT.CAED/850592002.FACILITY,Centro Olio Val d'Agri
2023-04-25 15:00:00,0.36168,IT.CAED/850592002.FACILITY,Centro Olio Val d'Agri
2023-04-25 16:00:00,0.31097,IT.CAED/850592002.FACILITY,Centro Olio Val d'Agri
2023-04-25 17:00:00,0.17071,IT.CAED/850592002.FACILITY,Centro Olio Val d'Agri
2023-04-25 18:00:00,0.046439999999999995,IT.CAED/850592002.FACILITY,Centro Olio Val d'Agri
2023-04-25 19:00:00,0.0017,IT.CAED/850592002.FACILITY,Centro Olio Val d'Agri
2023-04-25 20:00:00,0.0,IT.CAED/850592002.FACILITY,Centro Olio Val d'Agri
2023-04-25 21:00:00,0.0,IT.CAED/850592002.FACILITY,Centro Olio Val d'Agri
2023-04-25 22:00:00,0.0,IT.CAED/850592002.FACILITY,Centro Olio Val d'Agri
2023-04-25 23:00:00,0.0,IT.CAED/850592002.FACILITY,Centro Olio Val d'Agri
2023-04-26 00:00:00,0.0,IT.CAED/850592002.FACILITY,Centro Olio Val d'Agri
2023-04-26 01:00:00,0.0,IT.CAED/850592002.FACILITY,Centro Olio Val d'Agri
2023-04-26 02:00:00,0.0,IT.CAED/850592002.FACILITY,Centro Olio Val d'Agri
2023-04-26 03:00:00,0.0,IT.CAED/850592002.FACILITY,Centro Olio Val d'Agri
2023-04-26 04:00:00,0.0,IT.CAED/850592002.FACILITY,Centro Olio Val d'Agri
2023-04-26 05:00:00,0.0,IT.CAED/850592002.FACILITY,Centro Olio Val d'Agri
2023-04-26 06:00:00,0.0051600000000000005,IT.CAED/850592002.FACILITY,Centro Olio Val d'Agri
2023-04-26 07:00:00,0.09074,IT.CAED/850592002.FACILITY,Centro Olio Val d'Agri
2023-04-26 08:00:00,0.23403,IT.CAED/850592002.FACILITY,Centro Olio Val d'Agri
2023-04-26 09:00:00,0.57648,IT.CAED/850592002.FACILITY,Centro Olio Val d'Agri
2023-04-26 10:00:00,0.7650800000000001,IT.CAED/850592002.FACILITY,Centro Olio Val d'Agri
2023-04-26 11:00:00,0.77795,IT.CAED/850592002.FACILITY,Centro Olio Val d'Agri
2023-04-26 12:00:00,0.83266,IT.CAED/850592002.FACILITY,Centro Olio Val d'Agri
2023-04-26 13:00:00,0.82708,IT.CAED/850592002.FACILITY,Centro Olio Val d'Agri
2023-04-26 14:00:00,0.79532,IT.CAED/850592002.FACILITY,Centro Olio Val d'Agri
2023-04-26 15:00:00,0.66992,IT.CAED/850592002.FACILITY,Centro Olio Val d'Agri
2023-04-26 16:00:00,0.50026,IT.CAED/850592002.FACILITY,Centro Olio Val d'Agri
2023-04-26 17:00:00,0.28086,IT.CAED/850592002.FACILITY,Centro Olio Val d'Agri
2023-04-26 18:00:00,0.05889,IT.CAED/850592002.FACILITY,Centro Olio Val d'Agri
2023-04-26 19:00:00,0.00322,IT.CAED/850592002.FACILITY,Centro Olio Val d'Agri
2023-04-26 20:00:00,0.0,IT.CAED/850592002.FACILITY,Centro Olio Val d'Agri
2023-04-26 21:00:00,0.0,IT.CAED/850592002.FACILITY,Centro Olio Val d'Agri
2023-04-26 22:00:00,0.0,IT.CAED/850592002.FACILITY,Centro Olio Val d'Agri
2023-04-26 23:00:00,0.0,IT.CAED/850592002.FACILITY,Centro Olio Val d'Agri
2023-04-27 00:00:00,0.0,IT.CAED/850592002.FACILITY,Centro Olio Val d'Agri
2023-04-27 01:00:00,0.0,IT.CAED/850592002.FACILITY,Centro Olio Val d'Agri
2023-04-27 02:00:00,0.0,IT.CAED/850592002.FACILITY,Centro Olio Val d'Agri
2023-04-27 03:00:00,0.0,IT.CAED/850592002.FACILITY,Centro Olio Val d'Agri
2023-04-27 04:00:00,0.0,IT.CAED/850592002.FACILITY,Centro Olio Val d'Agri
2023-04-27 05:00:00,0.0,IT.CAED/850592002.FACILITY,Centro Olio Val d'Agri
2023-04-27 06:00:00,0.00863,IT.CAED/850592002.FACILITY,Centro Olio Val d'Agri
2023-04-27 07:00:00,0.09795999999999999,IT.CAED/850592002.FACILITY,Centro Olio Val d'Agri
2023-04-27 08:00:00,0.34714,IT.CAED/850592002.FACILITY,Centro Olio Val d'Agri
2023-04-27 09:00:00,0.58298,IT.CAED/850592002.FACILITY,Centro Olio Val d'Agri
2023-04-27 10:00:00,0.76113,IT.CAED/850592002.FACILITY,Centro Olio Val d'Agri
2023-04-27 11:00:00,0.8873099999999999,IT.CAED/850592002.FACILITY,Centro Olio Val d'Agri
2023-04-27 12:00:00,0.93476,IT.CAED/850592002.FACILITY,Centro Olio Val d'Agri
2023-04-27 13:00:00,0.92312,IT.CAED/850592002.FACILITY,Centro Olio Val d'Agri
2023-04-27 14:00:00,0.84982,IT.CAED/850592002.FACILITY,Centro Olio Val d'Agri
2023-04-27 15:00:00,0.72073,IT.CAED/850592002.FACILITY,Centro Olio Val d'Agri
2023-04-27 16:00:00,0.5225700000000001,IT.CAED/850592002.FACILITY,Centro Olio Val d'Agri
2023-04-27 17:00:00,0.26218,IT.CAED/850592002.FACILITY,Centro Olio Val d'Agri
2023-04-27 18:00:00,0.06981,IT.CAED/850592002.FACILITY,Centro Olio Val d'Agri
2023-04-27 19:00:00,0.00471,IT.CAED/850592002.FACILITY,Centro Olio Val d'Agri
2023-04-27 20:00:00,0.0,IT.CAED/850592002.FACILITY,Centro Olio Val d'Agri
2023-04-27 21:00:00,0.0,IT.CAED/850592002.FACILITY,Centro Olio Val d'Agri
2023-04-27 22:00:00,0.0,IT.CAED/850592002.FACILITY,Centro Olio Val d'Agri
2023-04-27 23:00:00,0.0,IT.CAED/850592002.FACILITY,Centro Olio Val d'Agri
2023-04-28 00:00:00,0.0,IT.CAED/850592002.FACILITY,Centro Olio Val d'Agri
2023-04-28 01:00:00,0.0,IT.CAED/850592002.FACILITY,Centro Olio Val d'Agri
2023-04-28 02:00:00,0.0,IT.CAED/850592002.FACILITY,Centro Olio Val d'Agri
2023-04-28 03:00:00,0.0,IT.CAED/850592002.FACILITY,Centro Olio Val d'Agri
2023-04-28 04:00:00,0.0,IT.CAED/850592002.FACILITY,Centro Olio Val d'Agri
2023-04-28 05:00:00,0.0,IT.CAED/850592002.FACILITY,Centro Olio Val d'Agri
2023-04-28 06:00:00,0.00905,IT.CAED/850592002.FACILITY,Centro Olio Val d'Agri
2023-04-28 07:00:00,0.09748,IT.CAED/850592002.FACILITY,Centro Olio Val d'Agri
2023-04-28 08:00:00,0.34411,IT.CAED/850592002.FACILITY,Centro Olio Val d'Agri
2023-04-28 09:00:00,0.56616,IT.CAED/850592002.FACILITY,Centro Olio Val d'Agri
2023-04-28 10:00:00,0.7263099999999999,IT.CAED/850592002.FACILITY,Centro Olio Val d'Agri
2023-04-28 11:00:00,0.8271799999999999,IT.CAED/850592002.FACILITY,Centro Olio Val d'Agri
2023-04-28 12:00:00,0.8815700000000001,IT.CAED/850592002.FACILITY,Centro Olio Val d'Agri
2023-04-28 13:00:00,0.8935299999999999,IT.CAED/850592002.FACILITY,Centro Olio Val d'Agri
2023-04-28 14:00:00,0.66657,IT.CAED/850592002.FACILITY,Centro Olio Val d'Agri
2023-04-28 15:00:00,0.45056,IT.CAED/850592002.FACILITY,Centro Olio Val d'Agri
2023-04-28 16:00:00,0.5010899999999999,IT.CAED/850592002.FACILITY,Centro Olio Val d'Agri
2023-04-28 17:00:00,0.26599,IT.CAED/850592002.FACILITY,Centro Olio Val d'Agri
2023-04-28 18:00:00,0.06326,IT.CAED/850592002.FACILITY,Centro Olio Val d'Agri
2023-04-28 19:00:00,0.00478,IT.CAED/850592002.FACILITY,Centro Olio Val d'Agri
2023-04-28 20:00:00,0.0,IT.CAED/850592002.FACILITY,Centro Olio Val d'Agri
2023-04-28 21:00:00,0.0,IT.CAED/850592002.FACILITY,Centro Olio Val d'Agri
2023-04-28 22:00:00,0.0,IT.CAED/850592002.FACILITY,Centro Olio Val d'Agri
2023-04-28 23:00:00,0.0,IT.CAED/850592002.FACILITY,Centro Olio Val d'Agri
2023-04-29 00:00:00,0.0,IT.CAED/850592002.FACILITY,Centro Olio Val d'Agri
2023-04-29 01:00:00,0.0,IT.CAED/850592002.FACILITY,Centro Olio Val d'Agri
2023-04-29 02:00:00,0.0,IT.CAED/850592002.FACILITY,Centro Olio Val d'Agri
2023-04-29 03:00:00,0.0,IT.CAED/850592002.FACILITY,Centro Olio Val d'Agri
2023-04-29 04:00:00,0.0,IT.CAED/850592002.FACILITY,Centro Olio Val d'Agri
2023-04-29 05:00:00,0.0,IT.CAED/850592002.FACILITY,Centro Olio Val d'Agri
2023-04-29 06:00:00,0.013099999999999999,IT.CAED/850592002.FACILITY,Centro Olio Val d'Agri
2023-04-29 07:00:00,0.10455,IT.CAED/850592002.FACILITY,Centro Olio Val d'Agri
2023-04-29 08:00:00,0.33192,IT.CAED/850592002.FACILITY,Centro Olio Val d'Agri
2023-04-29 09:00:00,0.55729,IT.CAED/850592002.FACILITY,Centro Olio Val d'Agri
2023-04-29 10:00:00,0.73162,IT.CAED/850592002.FACILITY,Centro Olio Val d'Agri
2023-04-29 11:00:00,0.8399800000000001,IT.CAED/850592002.FACILITY,Centro Olio Val d'Agri
2023-04-29 12:00:00,0.88873,IT.CAED/850592002.FACILITY,Centro Olio Val d'Agri
2023-04-29 13:00:00,0.88067,IT.CAED/850592002.FACILITY,Centro Olio Val d'Agri
2023-04-29 14:00:00,0.80726,IT.CAED/850592002.FACILITY,Centro Olio Val d'Agri
2023-04-29 15:00:00,0.61254,IT.CAED/850592002.FACILITY,Centro Olio Val d'Agri
2023-04-29 16:00:00,0.26329,IT.CAED/850592002.FACILITY,Centro Olio Val d'Agri
2023-04-29 17:00:00,0.08473,IT.CAED/850592002.FACILITY,Centro Olio Val d'Agri
2023-04-29 18:00:00,0.04524,IT.CAED/850592002.FACILITY,Centro Olio Val d'Agri
2023-04-29 19:00:00,0.0030800000000000003,IT.CAED/850592002.FACILITY,Centro Olio Val d'Agri
2023-04-29 20:00:00,0.0,IT.CAED/850592002.FACILITY,Centro Olio Val d'Agri
2023-04-29 21:00:00,0.0,IT.CAED/850592002.FACILITY,Centro Olio Val d'Agri
2023-04-29 22:00:00,0.0,IT.CAED/850592002.FACILITY,Centro Olio Val d'Agri
2023-04-29 23:00:00,0.0,IT.CAED/850592002.FACILITY,Centro Olio Val d'Agri
2023-04-30 00:00:00,0.0,IT.CAED/850592002.FACILITY,Centro Olio Val d'Agri
2023-04-30 01:00:00,0.0,IT.CAED/850592002.FACILITY,Centro Olio Val d'Agri
2023-04-30 02:00:00,0.0,IT.CAED/850592002.FACILITY,Centro Olio Val d'Agri
2023-04-30 03:00:00,0.0,IT.CAED/850592002.FACILITY,Centro Olio Val d'Agri
2023-04-30 04:00:00,0.0,IT.CAED/850592002.FACILITY,Centro Olio Val d'Agri
2023-04-30 05:00:00,0.0,IT.CAED/850592002.FACILITY,Centro Olio Val d'Agri
2023-04-30 06:00:00,0.009779999999999999,IT.CAED/850592002.FACILITY,Centro Olio Val d'Agri
2023-04-30 07:00:00,0.08664,IT.CAED/850592002.FACILITY,Centro Olio Val d'Agri
2023-04-30 08:00:00,0.27534,IT.CAED/850592002.FACILITY,Centro Olio Val d'Agri
2023-04-30 09:00:00,0.43775,IT.CAED/850592002.FACILITY,Centro Olio Val d'Agri
2023-04-30 10:00:00,0.44327999999999995,IT.CAED/850592002.FACILITY,Centro Olio Val d'Agri
2023-04-30 11:00:00,0.49835,IT.CAED/850592002.FACILITY,Centro Olio Val d'Agri
2023-04-30 12:00:00,0.42816000000000004,IT.CAED/850592002.FACILITY,Centro Olio Val d'Agri
2023-04-30 13:00:00,0.20568999999999998,IT.CAED/850592002.FACILITY,Centro Olio Val d'Agri
2023-04-30 14:00:00,0.18878999999999999,IT.CAED/850592002.FACILITY,Centro Olio Val d'Agri
2023-04-30 15:00:00,0.09844,IT.CAED/850592002.FACILITY,Centro Olio Val d'Agri
2023-04-30 16:00:00,0.07371,IT.CAED/850592002.FACILITY,Centro Olio Val d'Agri
2023-04-30 17:00:00,0.033049999999999996,IT.CAED/850592002.FACILITY,Centro Olio Val d'Agri
2023-04-30 18:00:00,0.005679999999999999,IT.CAED/850592002.FACILITY,Centro Olio Val d'Agri
2023-04-30 19:00:00,0.0,IT.CAED/850592002.FACILITY,Centro Olio Val d'Agri
2023-04-30 20:00:00,0.0,IT.CAED/850592002.FACILITY,Centro Olio Val d'Agri
2023-04-30 21:00:00,0.0,IT.CAED/850592002.FACILITY,Centro Olio Val d'Agri
2023-04-30 22:00:00,0.0,IT.CAED/850592002.FACILITY,Centro Olio Val d'Agri
2023-04-30 23:00:00,0.0,IT.CAED/850592002.FACILITY,Centro Olio Val d'Agri
2023-05-01 00:00:00,0.0,IT.CAED/850592002.FACILITY,Centro Olio Val d'Agri
2023-05-01 01:00:00,0.0,IT.CAED/850592002.FACILITY,Centro Olio Val d'Agri
2023-05-01 02:00:00,0.0,IT.CAED/850592002.FACILITY,Centro Olio Val d'Agri
2023-05-01 03:00:00,0.0,IT.CAED/850592002.FACILITY,Centro Olio Val d'Agri
2023-05-01 04:00:00,0.0,IT.CAED/850592002.FACILITY,Centro Olio Val d'Agri
2023-05-01 05:00:00,0.0,IT.CAED/850592002.FACILITY,Centro Olio Val d'Agri
2023-05-01 06:00:00,0.00383,IT.CAED/850592002.FACILITY,Centro Olio Val d'Agri
2023-05-01 07:00:00,0.02572,IT.CAED/850592002.FACILITY,Centro Olio Val d'Agri
2023-05-01 08:00:00,0.05883,IT.CAED/850592002.FACILITY,Centro Olio Val d'Agri
2023-05-01 09:00:00,0.051840000000000004,IT.CAED/850592002.FACILITY,Centro Olio Val d'Agri
2023-05-01 10:00:00,0.06586,IT.CAED/850592002.FACILITY,Centro Olio Val d'Agri
2023-05-01 11:00:00,0.09237000000000001,IT.CAED/850592002.FACILITY,Centro Olio Val d'Agri
2023-05-01 12:00:00,0.08205,IT.CAED/850592002.FACILITY,Centro Olio Val d'Agri
2023-05-01 13:00:00,0.10341,IT.CAED/850592002.FACILITY,Centro Olio Val d'Agri
2023-05-01 14:00:00,0.07386,IT.CAED/850592002.FACILITY,Centro Olio Val d'Agri
2023-05-01 15:00:00,0.07306,IT.CAED/850592002.FACILITY,Centro Olio Val d'Agri
2023-05-01 16:00:00,0.04263,IT.CAED/850592002.FACILITY,Centro Olio Val d'Agri
2023-05-01 17:00:00,0.022920000000000003,IT.CAED/850592002.FACILITY,Centro Olio Val d'Agri
2023-05-01 18:00:00,0.00719,IT.CAED/850592002.FACILITY,Centro Olio Val d'Agri
2023-05-01 19:00:00,0.0,IT.CAED/850592002.FACILITY,Centro Olio Val d'Agri
2023-05-01 20:00:00,0.0,IT.CAED/850592002.FACILITY,Centro Olio Val d'Agri
2023-05-01 21:00:00,0.0,IT.CAED/850592002.FACILITY,Centro Olio Val d'Agri
2023-05-01 22:00:00,0.0,IT.CAED/850592002.FACILITY,Centro Olio Val d'Agri
2023-05-01 23:00:00,0.0,IT.CAED/850592002.FACILITY,Centro Olio Val d'Agri
2023-05-02 00:00:00,0.0,IT.CAED/850592002.FACILITY,Centro Olio Val d'Agri
2023-05-02 01:00:00,0.0,IT.CAED/850592002.FACILITY,Centro Olio Val d'Agri
2023-05-02 02:00:00,0.0,IT.CAED/850592002.FACILITY,Centro Olio Val d'Agri
2023-05-02 03:00:00,0.0,IT.CAED/850592002.FACILITY,Centro Olio Val d'Agri
2023-05-02 04:00:00,0.0,IT.CAED/850592002.FACILITY,Centro Olio Val d'Agri
2023-05-02 05:00:00,0.0,IT.CAED/850592002.FACILITY,Centro Olio Val d'Agri
2023-05-02 06:00:00,1e-05,IT.CAED/850592002.FACILITY,Centro Olio Val d'Agri
2023-05-02 07:00:00,0.03656,IT.CAED/850592002.FACILITY,Centro Olio Val d'Agri
2023-05-02 08:00:00,0.12017,IT.CAED/850592002.FACILITY,Centro Olio Val d'Agri
2023-05-02 09:00:00,0.25808,IT.CAED/850592002.FACILITY,Centro Olio Val d'Agri
2023-05-02 10:00:00,0.40174,IT.CAED/850592002.FACILITY,Centro Olio Val d'Agri
2023-05-02 11:00:00,0.46488,IT.CAED/850592002.FACILITY,Centro Olio Val d'Agri
2023-05-02 12:00:00,0.43995999999999996,IT.CAED/850592002.FACILITY,Centro Olio Val d'Agri
2023-05-02 13:00:00,0.25421,IT.CAED/850592002.FACILITY,Centro Olio Val d'Agri
2023-05-02 14:00:00,0.19332,IT.CAED/850592002.FACILITY,Centro Olio Val d'Agri
2023-05-02 15:00:00,0.16163,IT.CAED/850592002.FACILITY,Centro Olio Val d'Agri
2023-05-02 16:00:00,0.13622,IT.CAED/850592002.FACILITY,Centro Olio Val d'Agri
2023-05-02 17:00:00,0.07979,IT.CAED/850592002.FACILITY,Centro Olio Val d'Agri
2023-05-02 18:00:00,0.01961,IT.CAED/850592002.FACILITY,Centro Olio Val d'Agri
2023-05-02 19:00:00,0.00101,IT.CAED/850592002.FACILITY,Centro Olio Val d'Agri
2023-05-02 20:00:00,0.0,IT.CAED/850592002.FACILITY,Centro Olio Val d'Agri
2023-05-02 21:00:00,0.0,IT.CAED/850592002.FACILITY,Centro Olio Val d'Agri
2023-05-02 22:00:00,0.0,IT.CAED/850592002.FACILITY,Centro Olio Val d'Agri
2023-05-02 23:00:00,0.0,IT.CAED/850592002.FACILITY,Centro Olio Val d'Agri
2023-05-03 00:00:00,0.0,IT.CAED/850592002.FACILITY,Centro Olio Val d'Agri
2023-05-03 01:00:00,0.0,IT.CAED/850592002.FACILITY,Centro Olio Val d'Agri
2023-05-03 02:00:00,0.0,IT.CAED/850592002.FACILITY,Centro Olio Val d'Agri
2023-05-03 03:00:00,0.0,IT.CAED/850592002.FACILITY,Centro Olio Val d'Agri
2023-05-03 04:00:00,0.0,IT.CAED/850592002.FACILITY,Centro Olio Val d'Agri
2023-05-03 05:00:00,0.0,IT.CAED/850592002.FACILITY,Centro Olio Val d'Agri
2023-05-03 06:00:00,0.0017800000000000001,IT.CAED/850592002.FACILITY,Centro Olio Val d'Agri
2023-05-03 07:00:00,0.02011,IT.CAED/850592002.FACILITY,Centro Olio Val d'Agri
2023-05-03 08:00:00,0.061200000000000004,IT.CAED/850592002.FACILITY,Centro Olio Val d'Agri
2023-05-03 09:00:00,0.10192,IT.CAED/850592002.FACILITY,Centro Olio Val d'Agri
2023-05-03 10:00:00,0.14654,IT.CAED/850592002.FACILITY,Centro Olio Val d'Agri
2023-05-03 11:00:00,0.15263,IT.CAED/850592002.FACILITY,Centro Olio Val d'Agri
2023-05-03 12:00:00,0.18915,IT.CAED/850592002.FACILITY,Centro Olio Val d'Agri
2023-05-03 13:00:00,0.41581,IT.CAED/850592002.FACILITY,Centro Olio Val d'Agri
2023-05-03 14:00:00,0.30357999999999996,IT.CAED/850592002.FACILITY,Centro Olio Val d'Agri
2023-05-03 15:00:00,0.38047000000000003,IT.CAED/850592002.FACILITY,Centro Olio Val d'Agri
2023-05-03 16:00:00,0.20718,IT.CAED/850592002.FACILITY,Centro Olio Val d'Agri
2023-05-03 17:00:00,0.15327000000000002,IT.CAED/850592002.FACILITY,Centro Olio Val d'Agri
2023-05-03 18:00:00,0.04962,IT.CAED/850592002.FACILITY,Centro Olio Val d'Agri
2023-05-03 19:00:00,0.0029100000000000003,IT.CAED/850592002.FACILITY,Centro Olio Val d'Agri
2023-05-03 20:00:00,0.0,IT.CAED/850592002.FACILITY,Centro Olio Val d'Agri
2023-05-03 21:00:00,0.0,IT.CAED/850592002.FACILITY,Centro Olio Val d'Agri
2023-05-03 22:00:00,0.0,IT.CAED/850592002.FACILITY,Centro Olio Val d'Agri
2023-05-03 23:00:00,0.0,IT.CAED/850592002.FACILITY,Centro Olio Val d'Agri
2023-05-04 00:00:00,0.0,IT.CAED/850592002.FACILITY,Centro Olio Val d'Agri
2023-05-04 01:00:00,0.0,IT.CAED/850592002.FACILITY,Centro Olio Val d'Agri
2023-05-04 02:00:00,0.0,IT.CAED/850592002.FACILITY,Centro Olio Val d'Agri
2023-05-04 03:00:00,0.0,IT.CAED/850592002.FACILITY,Centro Olio Val d'Agri
2023-05-04 04:00:00,0.0,IT.CAED/850592002.FACILITY,Centro Olio Val d'Agri
2023-05-04 05:00:00,0.0,IT.CAED/850592002.FACILITY,Centro Olio Val d'Agri
2023-05-04 06:00:00,0.01074,IT.CAED/850592002.FACILITY,Centro Olio Val d'Agri
2023-05-04 07:00:00,0.09895999999999999,IT.CAED/850592002.FACILITY,Centro Olio Val d'Agri
2023-05-04 08:00:00,0.27734,IT.CAED/850592002.FACILITY,Centro Olio Val d'Agri
2023-05-04 09:00:00,0.49406,IT.CAED/850592002.FACILITY,Centro Olio Val d'Agri
2023-05-04 10:00:00,0.58639,IT.CAED/850592002.FACILITY,Centro Olio Val d'Agri
2023-05-04 11:00:00,0.6894600000000001,IT.CAED/850592002.FACILITY,Centro Olio Val d'Agri
2023-05-04 12:00:00,0.75285,IT.CAED/850592002.FACILITY,Centro Olio Val d'Agri
2023-05-04 13:00:00,0.68555,IT.CAED/850592002.FACILITY,Centro Olio Val d'Agri
2023-05-04 14:00:00,0.48307,IT.CAED/850592002.FACILITY,Centro Olio Val d'Agri
2023-05-04 15:00:00,0.37201,IT.CAED/850592002.FACILITY,Centro Olio Val d'Agri
2023-05-04 16:00:00,0.24456,IT.CAED/850592002.FACILITY,Centro Olio Val d'Agri
2023-05-04 17:00:00,0.16068000000000002,IT.CAED/850592002.FACILITY,Centro Olio Val d'Agri
2023-05-04 18:00:00,0.047479999999999994,IT.CAED/850592002.FACILITY,Centro Olio Val d'Agri
2023-05-04 19:00:00,0.00299,IT.CAED/850592002.FACILITY,Centro Olio Val d'Agri
2023-05-04 20:00:00,0.0,IT.CAED/850592002.FACILITY,Centro Olio Val d'Agri
2023-05-04 21:00:00,0.0,IT.CAED/850592002.FACILITY,Centro Olio Val d'Agri
2023-05-04 22:00:00,0.0,IT.CAED/850592002.FACILITY,Centro Olio Val d'Agri
2023-05-04 23:00:00,0.0,IT.CAED/850592002.FACILITY,Centro Olio Val d'Agri
2023-05-05 00:00:00,0.0,IT.CAED/850592002.FACILITY,Centro Olio Val d'Agri
2023-05-05 01:00:00,0.0,IT.CAED/850592002.FACILITY,Centro Olio Val d'Agri
2023-05-05 02:00:00,0.0,IT.CAED/850592002.FACILITY,Centro Olio Val d'Agri
2023-05-05 03:00:00,0.0,IT.CAED/850592002.FACILITY,Centro Olio Val d'Agri
2023-05-05 04:00:00,0.0,IT.CAED/850592002.FACILITY,Centro Olio Val d'Agri
2023-05-05 05:00:00,0.0,IT.CAED/850592002.FACILITY,Centro Olio Val d'Agri
2023-05-05 06:00:00,0.01417,IT.CAED/850592002.FACILITY,Centro Olio Val d'Agri
2023-05-05 07:00:00,0.10081999999999999,IT.CAED/850592002.FACILITY,Centro Olio Val d'Agri
2023-05-05 08:00:00,0.33552,IT.CAED/850592002.FACILITY,Centro Olio Val d'Agri
2023-05-05 09:00:00,0.5589,IT.CAED/850592002.FACILITY,Centro Olio Val d'Agri
2023-05-05 10:00:00,0.73278,IT.CAED/850592002.FACILITY,Centro Olio Val d'Agri
2023-05-05 11:00:00,0.83443,IT.CAED/850592002.FACILITY,Centro Olio Val d'Agri
2023-05-05 12:00:00,0.79764,IT.CAED/850592002.FACILITY,Centro Olio Val d'Agri
2023-05-05 13:00:00,0.7775700000000001,IT.CAED/850592002.FACILITY,Centro Olio Val d'Agri
2023-05-05 14:00:00,0.6193099999999999,IT.CAED/850592002.FACILITY,Centro Olio Val d'Agri
2023-05-05 15:00:00,0.35786,IT.CAED/850592002.FACILITY,Centro Olio Val d'Agri
2023-05-05 16:00:00,0.35181,IT.CAED/850592002.FACILITY,Centro Olio Val d'Agri
2023-05-05 17:00:00,0.20827,IT.CAED/850592002.FACILITY,Centro Olio Val d'Agri
2023-05-05 18:00:00,0.06091,IT.CAED/850592002.FACILITY,Centro Olio Val d'Agri
2023-05-05 19:00:00,0.004900000000000001,IT.CAED/850592002.FACILITY,Centro Olio Val d'Agri
2023-05-05 20:00:00,0.0,IT.CAED/850592002.FACILITY,Centro Olio Val d'Agri
2023-05-05 21:00:00,0.0,IT.CAED/850592002.FACILITY,Centro Olio Val d'Agri
2023-05-05 22:00:00,0.0,IT.CAED/850592002.FACILITY,Centro Olio Val d'Agri
2023-05-05 23:00:00,0.0,IT.CAED/850592002.FACILITY,Centro Olio Val d'Agri
2023-05-06 00:00:00,0.0,IT.CAED/850592002.FACILITY,Centro Olio Val d'Agri
2023-05-06 01:00:00,0.0,IT.CAED/850592002.FACILITY,Centro Olio Val d'Agri
2023-05-06 02:00:00,0.0,IT.CAED/850592002.FACILITY,Centro Olio Val d'Agri
2023-05-06 03:00:00,0.0,IT.CAED/850592002.FACILITY,Centro Olio Val d'Agri
2023-05-06 04:00:00,0.0,IT.CAED/850592002.FACILITY,Centro Olio Val d'Agri
2023-05-06 05:00:00,0.0,IT.CAED/850592002.FACILITY,Centro Olio Val d'Agri
2023-05-06 06:00:00,0.01451,IT.CAED/850592002.FACILITY,Centro Olio Val d'Agri
2023-05-06 07:00:00,0.09698000000000001,IT.CAED/850592002.FACILITY,Centro Olio Val d'Agri
2023-05-06 08:00:00,0.32214,IT.CAED/850592002.FACILITY,Centro Olio Val d'Agri
2023-05-06 09:00:00,0.51366,IT.CAED/850592002.FACILITY,Centro Olio Val d'Agri
2023-05-06 10:00:00,0.70265,IT.CAED/850592002.FACILITY,Centro Olio Val d'Agri
2023-05-06 11:00:00,0.7437,IT.CAED/850592002.FACILITY,Centro Olio Val d'Agri
2023-05-06 12:00:00,0.63271,IT.CAED/850592002.FACILITY,Centro Olio Val d'Agri
2023-05-06 13:00:00,0.47164999999999996,IT.CAED/850592002.FACILITY,Centro Olio Val d'Agri
2023-05-06 14:00:00,0.54563,IT.CAED/850592002.FACILITY,Centro Olio Val d'Agri
2023-05-06 15:00:00,0.54569,IT.CAED/850592002.FACILITY,Centro Olio Val d'Agri
2023-05-06 16:00:00,0.37212,IT.CAED/850592002.FACILITY,Centro Olio Val d'Agri
2023-05-06 17:00:00,0.17877,IT.CAED/850592002.FACILITY,Centro Olio Val d'Agri
2023-05-06 18:00:00,0.058070000000000004,IT.CAED/850592002.FACILITY,Centro Olio Val d'Agri
2023-05-06 19:00:00,0.00807,IT.CAED/850592002.FACILITY,Centro Olio Val d'Agri
2023-05-06 20:00:00,0.0,IT.CAED/850592002.FACILITY,Centro Olio Val d'Agri
2023-05-06 21:00:00,0.0,IT.CAED/850592002.FACILITY,Centro Olio Val d'Agri
2023-05-06 22:00:00,0.0,IT.CAED/850592002.FACILITY,Centro Olio Val d'Agri
2023-05-06 23:00:00,0.0,IT.CAED/850592002.FACILITY,Centro Olio Val d'Agri
2023-05-07 00:00:00,0.0,IT.CAED/850592002.FACILITY,Centro Olio Val d'Agri
2023-05-07 01:00:00,0.0,IT.CAED/850592002.FACILITY,Centro Olio Val d'Agri
2023-05-07 02:00:00,0.0,IT.CAED/850592002.FACILITY,Centro Olio Val d'Agri
2023-05-07 03:00:00,0.0,IT.CAED/850592002.FACILITY,Centro Olio Val d'Agri
2023-05-07 04:00:00,0.0,IT.CAED/850592002.FACILITY,Centro Olio Val d'Agri
2023-05-07 05:00:00,0.0,IT.CAED/850592002.FACILITY,Centro Olio Val d'Agri
2023-05-07 06:00:00,0.01634,IT.CAED/850592002.FACILITY,Centro Olio Val d'Agri
2023-05-07 07:00:00,0.10185,IT.CAED/850592002.FACILITY,Centro Olio Val d'Agri
2023-05-07 08:00:00,0.27905,IT.CAED/850592002.FACILITY,Centro Olio Val d'Agri
2023-05-07 09:00:00,0.51702,IT.CAED/850592002.FACILITY,Centro Olio Val d'Agri
2023-05-07 10:00:00,0.7021000000000001,IT.CAED/850592002.FACILITY,Centro Olio Val d'Agri
2023-05-07 11:00:00,0.7349600000000001,IT.CAED/850592002.FACILITY,Centro Olio Val d'Agri
2023-05-07 12:00:00,0.66938,IT.CAED/850592002.FACILITY,Centro Olio Val d'Agri
2023-05-07 13:00:00,0.50362,IT.CAED/850592002.FACILITY,Centro Olio Val d'Agri
2023-05-07 14:00:00,0.54944,IT.CAED/850592002.FACILITY,Centro Olio Val d'Agri
2023-05-07 15:00:00,0.43206,IT.CAED/850592002.FACILITY,Centro Olio Val d'Agri
2023-05-07 16:00:00,0.31225,IT.CAED/850592002.FACILITY,Centro Olio Val d'Agri
2023-05-07 17:00:00,0.16933,IT.CAED/850592002.FACILITY,Centro Olio Val d'Agri
2023-05-07 18:00:00,0.05389,IT.CAED/850592002.FACILITY,Centro Olio Val d'Agri
2023-05-07 19:00:00,0.00652,IT.CAED/850592002.FACILITY,Centro Olio Val d'Agri
2023-05-07 20:00:00,0.0,IT.CAED/850592002.FACILITY,Centro Olio Val d'Agri
2023-05-07 21:00:00,0.0,IT.CAED/850592002.FACILITY,Centro Olio Val d'Agri
2023-05-07 22:00:00,0.0,IT.CAED/850592002.FACILITY,Centro Olio Val d'Agri
2023-05-07 23:00:00,0.0,IT.CAED/850592002.FACILITY,Centro Olio Val d'Agri
2023-05-08 00:00:00,0.0,IT.CAED/850592002.FACILITY,Centro Olio Val d'Agri
2023-05-08 01:00:00,0.0,IT.CAED/850592002.FACILITY,Centro Olio Val d'Agri
2023-05-08 02:00:00,0.0,IT.CAED/850592002.FACILITY,Centro Olio Val d'Agri
2023-05-08 03:00:00,0.0,IT.CAED/850592002.FACILITY,Centro Olio Val d'Agri
2023-05-08 04:00:00,0.0,IT.CAED/850592002.FACILITY,Centro Olio Val d'Agri
2023-05-08 05:00:00,0.0,IT.CAED/850592002.FACILITY,Centro Olio Val d'Agri
2023-05-08 06:00:00,0.02186,IT.CAED/850592002.FACILITY,Centro Olio Val d'Agri
2023-05-08 07:00:00,0.10920999999999999,IT.CAED/850592002.FACILITY,Centro Olio Val d'Agri
2023-05-08 08:00:00,0.24442,IT.CAED/850592002.FACILITY,Centro Olio Val d'Agri
2023-05-08 09:00:00,0.33982,IT.CAED/850592002.FACILITY,Centro Olio Val d'Agri
2023-05-08 10:00:00,0.36563999999999997,IT.CAED/850592002.FACILITY,Centro Olio Val d'Agri
2023-05-08 11:00:00,0.33030000000000004,IT.CAED/850592002.FACILITY,Centro Olio Val d'Agri
2023-05-08 12:00:00,0.23052,IT.CAED/850592002.FACILITY,Centro Olio Val d'Agri
2023-05-08 13:00:00,0.28664,IT.CAED/850592002.FACILITY,Centro Olio Val d'Agri
2023-05-08 14:00:00,0.17417,IT.CAED/850592002.FACILITY,Centro Olio Val d'Agri
2023-05-08 15:00:00,0.1678,IT.CAED/850592002.FACILITY,Centro Olio Val d'Agri
2023-05-08 16:00:00,0.09865,IT.CAED/850592002.FACILITY,Centro Olio Val d'Agri
2023-05-08 17:00:00,0.05371,IT.CAED/850592002.FACILITY,Centro Olio Val d'Agri
2023-05-08 18:00:00,0.0216,IT.CAED/850592002.FACILITY,Centro Olio Val d'Agri
2023-05-08 19:00:00,0.0,IT.CAED/850592002.FACILITY,Centro Olio Val d'Agri
2023-05-08 20:00:00,0.0,IT.CAED/850592002.FACILITY,Centro Olio Val d'Agri
2023-05-08 21:00:00,0.0,IT.CAED/850592002.FACILITY,Centro Olio Val d'Agri
2023-05-08 22:00:00,0.0,IT.CAED/850592002.FACILITY,Centro Olio Val d'Agri
2023-05-08 23:00:00,0.0,IT.CAED/850592002.FACILITY,Centro Olio Val d'Agri
2023-05-09 00:00:00,0.0,IT.CAED/850592002.FACILITY,Centro Olio Val d'Agri
2023-05-09 01:00:00,0.0,IT.CAED/850592002.FACILITY,Centro Olio Val d'Agri
2023-05-09 02:00:00,0.0,IT.CAED/850592002.FACILITY,Centro Olio Val d'Agri
2023-05-09 03:00:00,0.0,IT.CAED/850592002.FACILITY,Centro Olio Val d'Agri
2023-05-09 04:00:00,0.0,IT.CAED/850592002.FACILITY,Centro Olio Val d'Agri
2023-05-09 05:00:00,0.0,IT.CAED/850592002.FACILITY,Centro Olio Val d'Agri
2023-05-09 06:00:00,0.0067800000000000004,IT.CAED/850592002.FACILITY,Centro Olio Val d'Agri
2023-05-09 07:00:00,0.07504999999999999,IT.CAED/850592002.FACILITY,Centro Olio Val d'Agri
2023-05-09 08:00:00,0.17245,IT.CAED/850592002.FACILITY,Centro Olio Val d'Agri
2023-05-09 09:00:00,0.22074000000000002,IT.CAED/850592002.FACILITY,Centro Olio Val d'Agri
2023-05-09 10:00:00,0.12676,IT.CAED/850592002.FACILITY,Centro Olio Val d'Agri
2023-05-09 11:00:00,0.17058,IT.CAED/850592002.FACILITY,Centro Olio Val d'Agri
2023-05-09 12:00:00,0.265,IT.CAED/850592002.FACILITY,Centro Olio Val d'Agri
2023-05-09 13:00:00,0.29354,IT.CAED/850592002.FACILITY,Centro Olio Val d'Agri
2023-05-09 14:00:00,0.35408999999999996,IT.CAED/850592002.FACILITY,Centro Olio Val d'Agri
2023-05-09 15:00:00,0.27754,IT.CAED/850592002.FACILITY,Centro Olio Val d'Agri
2023-05-09 16:00:00,0.10936,IT.CAED/850592002.FACILITY,Centro Olio Val d'Agri
2023-05-09 17:00:00,0.08593,IT.CAED/850592002.FACILITY,Centro Olio Val d'Agri
2023-05-09 18:00:00,0.02293,IT.CAED/850592002.FACILITY,Centro Olio Val d'Agri
2023-05-09 19:00:00,0.00055,IT.CAED/850592002.FACILITY,Centro Olio Val d'Agri
2023-05-09 20:00:00,0.0,IT.CAED/850592002.FACILITY,Centro Olio Val d'Agri
2023-05-09 21:00:00,0.0,IT.CAED/850592002.FACILITY,Centro Olio Val d'Agri
2023-05-09 22:00:00,0.0,IT.CAED/850592002.FACILITY,Centro Olio Val d'Agri
2023-05-09 23:00:00,0.0,IT.CAED/850592002.FACILITY,Centro Olio Val d'Agri
2023-05-10 00:00:00,0.0,IT.CAED/850592002.FACILITY,Centro Olio Val d'Agri
2023-05-10 01:00:00,0.0,IT.CAED/850592002.FACILITY,Centro Olio Val d'Agri
2023-05-10 02:00:00,0.0,IT.CAED/850592002.FACILITY,Centro Olio Val d'Agri
2023-05-10 03:00:00,0.0,IT.CAED/850592002.FACILITY,Centro Olio Val d'Agri
2023-05-10 04:00:00,0.0,IT.CAED/850592002.FACILITY,Centro Olio Val d'Agri
2023-05-10 05:00:00,0.0,IT.CAED/850592002.FACILITY,Centro Olio Val d'Agri
2023-05-10 06:00:00,0.01709,IT.CAED/850592002.FACILITY,Centro Olio Val d'Agri
2023-05-10 07:00:00,0.05933,IT.CAED/850592002.FACILITY,Centro Olio Val d'Agri
2023-05-10 08:00:00,0.12134,IT.CAED/850592002.FACILITY,Centro Olio Val d'Agri
2023-05-10 09:00:00,0.13952,IT.CAED/850592002.FACILITY,Centro Olio Val d'Agri
2023-05-10 10:00:00,0.20525,IT.CAED/850592002.FACILITY,Centro Olio Val d'Agri
2023-05-10 11:00:00,0.28114999999999996,IT.CAED/850592002.FACILITY,Centro Olio Val d'Agri
2023-05-10 12:00:00,0.24822,IT.CAED/850592002.FACILITY,Centro Olio Val d'Agri
2023-05-10 13:00:00,0.23964,IT.CAED/850592002.FACILITY,Centro Olio Val d'Agri
2023-05-10 14:00:00,0.19591999999999998,IT.CAED/850592002.FACILITY,Centro Olio Val d'Agri
2023-05-10 15:00:00,0.11377,IT.CAED/850592002.FACILITY,Centro Olio Val d'Agri
2023-05-10 16:00:00,0.08981,IT.CAED/850592002.FACILITY,Centro Olio Val d'Agri
2023-05-10 17:00:00,0.05356,IT.CAED/850592002.FACILITY,Centro Olio Val d'Agri
2023-05-10 18:00:00,0.02829,IT.CAED/850592002.FACILITY,Centro Olio Val d'Agri
2023-05-10 19:00:00,0.0016200000000000001,IT.CAED/850592002.FACILITY,Centro Olio Val d'Agri
2023-05-10 20:00:00,0.0,IT.CAED/850592002.FACILITY,Centro Olio Val d'Agri
2023-05-10 21:00:00,0.0,IT.CAED/850592002.FACILITY,Centro Olio Val d'Agri
2023-05-10 22:00:00,0.0,IT.CAED/850592002.FACILITY,Centro Olio Val d'Agri
2023-05-10 23:00:00,0.0,IT.CAED/850592002.FACILITY,Centro Olio Val d'Agri
2023-05-11 00:00:00,0.0,IT.CAED/850592002.FACILITY,Centro Olio Val d'Agri
2023-05-11 01:00:00,0.0,IT.CAED/850592002.FACILITY,Centro Olio Val d'Agri
2023-05-11 02:00:00,0.0,IT.CAED/850592002.FACILITY,Centro Olio Val d'Agri
2023-05-11 03:00:00,0.0,IT.CAED/850592002.FACILITY,Centro Olio Val d'Agri
2023-05-11 04:00:00,0.0,IT.CAED/850592002.FACILITY,Centro Olio Val d'Agri
2023-05-11 05:00:00,0.0,IT.CAED/850592002.FACILITY,Centro Olio Val d'Agri
2023-05-11 06:00:00,0.01034,IT.CAED/850592002.FACILITY,Centro Olio Val d'Agri
2023-05-11 07:00:00,0.06079,IT.CAED/850592002.FACILITY,Centro Olio Val d'Agri
2023-05-11 08:00:00,0.19873,IT.CAED/850592002.FACILITY,Centro Olio Val d'Agri
2023-05-11 09:00:00,0.38547000000000003,IT.CAED/850592002.FACILITY,Centro Olio Val d'Agri
2023-05-11 10:00:00,0.46496,IT.CAED/850592002.FACILITY,Centro Olio Val d'Agri
2023-05-11 11:00:00,0.60082,IT.CAED/850592002.FACILITY,Centro Olio Val d'Agri
2023-05-11 12:00:00,0.7286900000000001,IT.CAED/850592002.FACILITY,Centro Olio Val d'Agri
2023-05-11 13:00:00,0.69412,IT.CAED/850592002.FACILITY,Centro Olio Val d'Agri
2023-05-11 14:00:00,0.62109,IT.CAED/850592002.FACILITY,Centro Olio Val d'Agri
2023-05-11 15:00:00,0.5382100000000001,IT.CAED/850592002.FACILITY,Centro Olio Val d'Agri
2023-05-11 16:00:00,0.36812,IT.CAED/850592002.FACILITY,Centro Olio Val d'Agri
2023-05-11 17:00:00,0.23868999999999999,IT.CAED/850592002.FACILITY,Centro Olio Val d'Agri
2023-05-11 18:00:00,0.05671,IT.CAED/850592002.FACILITY,Centro Olio Val d'Agri
2023-05-11 19:00:00,0.00691,IT.CAED/850592002.FACILITY,Centro Olio Val d'Agri
2023-05-11 20:00:00,0.0,IT.CAED/850592002.FACILITY,Centro Olio Val d'Agri
2023-05-11 21:00:00,0.0,IT.CAED/850592002.FACILITY,Centro Olio Val d'Agri
2023-05-11 22:00:00,0.0,IT.CAED/850592002.FACILITY,Centro Olio Val d'Agri
2023-05-11 23:00:00,0.0,IT.CAED/850592002.FACILITY,Centro Olio Val d'Agri
2023-05-12 00:00:00,0.0,IT.CAED/850592002.FACILITY,Centro Olio Val d'Agri
2023-05-12 01:00:00,0.0,IT.CAED/850592002.FACILITY,Centro Olio Val d'Agri
2023-05-12 02:00:00,0.0,IT.CAED/850592002.FACILITY,Centro Olio Val d'Agri
2023-05-12 03:00:00,0.0,IT.CAED/850592002.FACILITY,Centro Olio Val d'Agri
2023-05-12 04:00:00,0.0,IT.CAED/850592002.FACILITY,Centro Olio Val d'Agri
2023-05-12 05:00:00,0.0,IT.CAED/850592002.FACILITY,Centro Olio Val d'Agri
2023-05-12 06:00:00,0.019420000000000003,IT.CAED/850592002.FACILITY,Centro Olio Val d'Agri
2023-05-12 07:00:00,0.10823,IT.CAED/850592002.FACILITY,Centro Olio Val d'Agri
2023-05-12 08:00:00,0.30754000000000004,IT.CAED/850592002.FACILITY,Centro Olio Val d'Agri
2023-05-12 09:00:00,0.51671,IT.CAED/850592002.FACILITY,Centro Olio Val d'Agri
2023-05-12 10:00:00,0.70259,IT.CAED/850592002.FACILITY,Centro Olio Val d'Agri
2023-05-12 11:00:00,0.73872,IT.CAED/850592002.FACILITY,Centro Olio Val d'Agri
2023-05-12 12:00:00,0.71693,IT.CAED/850592002.FACILITY,Centro Olio Val d'Agri
2023-05-12 13:00:00,0.76391,IT.CAED/850592002.FACILITY,Centro Olio Val d'Agri
2023-05-12 14:00:00,0.6722400000000001,IT.CAED/850592002.FACILITY,Centro Olio Val d'Agri
2023-05-12 15:00:00,0.53769,IT.CAED/850592002.FACILITY,Centro Olio Val d'Agri
2023-05-12 16:00:00,0.4104,IT.CAED/850592002.FACILITY,Centro Olio Val d'Agri
2023-05-12 17:00:00,0.23618,IT.CAED/850592002.FACILITY,Centro Olio Val d'Agri
2023-05-12 18:00:00,0.06339,IT.CAED/850592002.FACILITY,Centro Olio Val d'Agri
2023-05-12 19:00:00,0.00754,IT.CAED/850592002.FACILITY,Centro Olio Val d'Agri
2023-05-12 20:00:00,0.0,IT.CAED/850592002.FACILITY,Centro Olio Val d'Agri
2023-05-12 21:00:00,0.0,IT.CAED/850592002.FACILITY,Centro Olio Val d'Agri
2023-05-12 22:00:00,0.0,IT.CAED/850592002.FACILITY,Centro Olio Val d'Agri
2023-05-12 23:00:00,0.0,IT.CAED/850592002.FACILITY,Centro Olio Val d'Agri
2023-05-13 00:00:00,0.0,IT.CAED/850592002.FACILITY,Centro Olio Val d'Agri
2023-05-13 01:00:00,0.0,IT.CAED/850592002.FACILITY,Centro Olio Val d'Agri
2023-05-13 02:00:00,0.0,IT.CAED/850592002.FACILITY,Centro Olio Val d'Agri
2023-05-13 03:00:00,0.0,IT.CAED/850592002.FACILITY,Centro Olio Val d'Agri
2023-05-13 04:00:00,0.0,IT.CAED/850592002.FACILITY,Centro Olio Val d'Agri
2023-05-13 05:00:00,0.0,IT.CAED/850592002.FACILITY,Centro Olio Val d'Agri
2023-05-13 06:00:00,0.01549,IT.CAED/850592002.FACILITY,Centro Olio Val d'Agri
2023-05-13 07:00:00,0.08733,IT.CAED/850592002.FACILITY,Centro Olio Val d'Agri
2023-05-13 08:00:00,0.10009,IT.CAED/850592002.FACILITY,Centro Olio Val d'Agri
2023-05-13 09:00:00,0.18678,IT.CAED/850592002.FACILITY,Centro Olio Val d'Agri
2023-05-13 10:00:00,0.35581999999999997,IT.CAED/850592002.FACILITY,Centro Olio Val d'Agri
2023-05-13 11:00:00,0.4195,IT.CAED/850592002.FACILITY,Centro Olio Val d'Agri
2023-05-13 12:00:00,0.35370999999999997,IT.CAED/850592002.FACILITY,Centro Olio Val d'Agri
2023-05-13 13:00:00,0.35882,IT.CAED/850592002.FACILITY,Centro Olio Val d'Agri
2023-05-13 14:00:00,0.32735000000000003,IT.CAED/850592002.FACILITY,Centro Olio Val d'Agri
2023-05-13 15:00:00,0.27076,IT.CAED/850592002.FACILITY,Centro Olio Val d'Agri
2023-05-13 16:00:00,0.12783,IT.CAED/850592002.FACILITY,Centro Olio Val d'Agri
2023-05-13 17:00:00,0.17776,IT.CAED/850592002.FACILITY,Centro Olio Val d'Agri
2023-05-13 18:00:00,0.05995,IT.CAED/850592002.FACILITY,Centro Olio Val d'Agri
2023-05-13 19:00:00,0.00624,IT.CAED/850592002.FACILITY,Centro Olio Val d'Agri
2023-05-13 20:00:00,0.0,IT.CAED/850592002.FACILITY,Centro Olio Val d'Agri
2023-05-13 21:00:00,0.0,IT.CAED/850592002.FACILITY,Centro Olio Val d'Agri
2023-05-13 22:00:00,0.0,IT.CAED/850592002.FACILITY,Centro Olio Val d'Agri
2023-05-13 23:00:00,0.0,IT.CAED/850592002.FACILITY,Centro Olio Val d'Agri
2023-05-14 00:00:00,0.0,IT.CAED/850592002.FACILITY,Centro Olio Val d'Agri
2023-05-14 01:00:00,0.0,IT.CAED/850592002.FACILITY,Centro Olio Val d'Agri
2023-05-14 02:00:00,0.0,IT.CAED/850592002.FACILITY,Centro Olio Val d'Agri
2023-05-14 03:00:00,0.0,IT.CAED/850592002.FACILITY,Centro Olio Val d'Agri
2023-05-14 04:00:00,0.0,IT.CAED/850592002.FACILITY,Centro Olio Val d'Agri
2023-05-14 05:00:00,0.0,IT.CAED/850592002.FACILITY,Centro Olio Val d'Agri
2023-05-14 06:00:00,0.02616,IT.CAED/850592002.FACILITY,Centro Olio Val d'Agri
2023-05-14 07:00:00,0.11351,IT.CAED/850592002.FACILITY,Centro Olio Val d'Agri
2023-05-14 08:00:00,0.28023000000000003,IT.CAED/850592002.FACILITY,Centro Olio Val d'Agri
2023-05-14 09:00:00,0.3534,IT.CAED/850592002.FACILITY,Centro Olio Val d'Agri
2023-05-14 10:00:00,0.37899,IT.CAED/850592002.FACILITY,Centro Olio Val d'Agri
2023-05-14 11:00:00,0.65278,IT.CAED/850592002.FACILITY,Centro Olio Val d'Agri
2023-05-14 12:00:00,0.78124,IT.CAED/850592002.FACILITY,Centro Olio Val d'Agri
2023-05-14 13:00:00,0.77042,IT.CAED/850592002.FACILITY,Centro Olio Val d'Agri
2023-05-14 14:00:00,0.5703400000000001,IT.CAED/850592002.FACILITY,Centro Olio Val d'Agri
2023-05-14 15:00:00,0.4541,IT.CAED/850592002.FACILITY,Centro Olio Val d'Agri
2023-05-14 16:00:00,0.25196999999999997,IT.CAED/850592002.FACILITY,Centro Olio Val d'Agri
2023-05-14 17:00:00,0.17042,IT.CAED/850592002.FACILITY,Centro Olio Val d'Agri
2023-05-14 18:00:00,0.06727,IT.CAED/850592002.FACILITY,Centro Olio Val d'Agri
2023-05-14 19:00:00,0.01024,IT.CAED/850592002.FACILITY,Centro Olio Val d'Agri
2023-05-14 20:00:00,0.0,IT.CAED/850592002.FACILITY,Centro Olio Val d'Agri
2023-05-14 21:00:00,0.0,IT.CAED/850592002.FACILITY,Centro Olio Val d'Agri
2023-05-14 22:00:00,0.0,IT.CAED/850592002.FACILITY,Centro Olio Val d'Agri
2023-05-14 23:00:00,0.0,IT.CAED/850592002.FACILITY,Centro Olio Val d'Agri
2023-05-15 00:00:00,0.0,IT.CAED/850592002.FACILITY,Centro Olio Val d'Agri
2023-05-15 01:00:00,0.0,IT.CAED/850592002.FACILITY,Centro Olio Val d'Agri
2023-05-15 02:00:00,0.0,IT.CAED/850592002.FACILITY,Centro Olio Val d'Agri
2023-05-15 03:00:00,0.0,IT.CAED/850592002.FACILITY,Centro Olio Val d'Agri
2023-05-15 04:00:00,0.0,IT.CAED/850592002.FACILITY,Centro Olio Val d'Agri
2023-05-15 05:00:00,0.0,IT.CAED/850592002.FACILITY,Centro Olio Val d'Agri
2023-05-15 06:00:00,0.0033900000000000002,IT.CAED/850592002.FACILITY,Centro Olio Val d'Agri
2023-05-15 07:00:00,0.03804,IT.CAED/850592002.FACILITY,Centro Olio Val d'Agri
2023-05-15 08:00:00,0.01494,IT.CAED/850592002.FACILITY,Centro Olio Val d'Agri
2023-05-15 09:00:00,0.03685,IT.CAED/850592002.FACILITY,Centro Olio Val d'Agri
2023-05-15 10:00:00,0.0718,IT.CAED/850592002.FACILITY,Centro Olio Val d'Agri
2023-05-15 11:00:00,0.07337,IT.CAED/850592002.FACILITY,Centro Olio Val d'Agri
2023-05-15 12:00:00,0.09190999999999999,IT.CAED/850592002.FACILITY,Centro Olio Val d'Agri
2023-05-15 13:00:00,0.22459,IT.CAED/850592002.FACILITY,Centro Olio Val d'Agri
2023-05-15 14:00:00,0.17649,IT.CAED/850592002.FACILITY,Centro Olio Val d'Agri
2023-05-15 15:00:00,0.24469,IT.CAED/850592002.FACILITY,Centro Olio Val d'Agri
2023-05-15 16:00:00,0.09573999999999999,IT.CAED/850592002.FACILITY,Centro Olio Val d'Agri
2023-05-15 17:00:00,0.10124,IT.CAED/850592002.FACILITY,Centro Olio Val d'Agri
2023-05-15 18:00:00,0.040229999999999995,IT.CAED/850592002.FACILITY,Centro Olio Val d'Agri
2023-05-15 19:00:00,0.00478,IT.CAED/850592002.FACILITY,Centro Olio Val d'Agri
2023-05-15 20:00:00,0.0,IT.CAED/850592002.FACILITY,Centro Olio Val d'Agri
2023-05-15 21:00:00,0.0,IT.CAED/850592002.FACILITY,Centro Olio Val d'Agri
2023-05-15 22:00:00,0.0,IT.CAED/850592002.FACILITY,Centro Olio Val d'Agri
2023-05-15 23:00:00,0.0,IT.CAED/850592002.FACILITY,Centro Olio Val d'Agri
2023-05-16 00:00:00,0.0,IT.CAED/850592002.FACILITY,Centro Olio Val d'Agri
2023-05-16 01:00:00,0.0,IT.CAED/850592002.FACILITY,Centro Olio Val d'Agri
2023-05-16 02:00:00,0.0,IT.CAED/850592002.FACILITY,Centro Olio Val d'Agri
2023-05-16 03:00:00,0.0,IT.CAED/850592002.FACILITY,Centro Olio Val d'Agri
2023-05-16 04:00:00,0.0,IT.CAED/850592002.FACILITY,Centro Olio Val d'Agri
2023-05-16 05:00:00,0.0,IT.CAED/850592002.FACILITY,Centro Olio Val d'Agri
2023-05-16 06:00:00,0.00687,IT.CAED/850592002.FACILITY,Centro Olio Val d'Agri
2023-05-16 07:00:00,0.04548,IT.CAED/850592002.FACILITY,Centro Olio Val d'Agri
2023-05-16 08:00:00,0.18709,IT.CAED/850592002.FACILITY,Centro Olio Val d'Agri
2023-05-16 09:00:00,0.26037,IT.CAED/850592002.FACILITY,Centro Olio Val d'Agri
2023-05-16 10:00:00,0.31171,IT.CAED/850592002.FACILITY,Centro Olio Val d'Agri
2023-05-16 11:00:00,0.32141000000000003,IT.CAED/850592002.FACILITY,Centro Olio Val d'Agri
2023-05-16 12:00:00,0.27943,IT.CAED/850592002.FACILITY,Centro Olio Val d'Agri
2023-05-16 13:00:00,0.62133,IT.CAED/850592002.FACILITY,Centro Olio Val d'Agri
2023-05-16 14:00:00,0.46893,IT.CAED/850592002.FACILITY,Centro Olio Val d'Agri
2023-05-16 15:00:00,0.35402,IT.CAED/850592002.FACILITY,Centro Olio Val d'Agri
2023-05-16 16:00:00,0.38812,IT.CAED/850592002.FACILITY,Centro Olio Val d'Agri
2023-05-16 17:00:00,0.19753,IT.CAED/850592002.FACILITY,Centro Olio Val d'Agri
2023-05-16 18:00:00,0.061369999999999994,IT.CAED/850592002.FACILITY,Centro Olio Val d'Agri
2023-05-16 19:00:00,0.01322,IT.CAED/850592002.FACILITY,Centro Olio Val d'Agri
2023-05-16 20:00:00,0.0,IT.CAED/850592002.FACILITY,Centro Olio Val d'Agri
2023-05-16 21:00:00,0.0,IT.CAED/850592002.FACILITY,Centro Olio Val d'Agri
2023-05-16 22:00:00,0.0,IT.CAED/850592002.FACILITY,Centro Olio Val d'Agri
2023-05-16 23:00:00,0.0,IT.CAED/850592002.FACILITY,Centro Olio Val d'Agri
2023-05-17 00:00:00,0.0,IT.CAED/850592002.FACILITY,Centro Olio Val d'Agri
2023-05-17 01:00:00,0.0,IT.CAED/850592002.FACILITY,Centro Olio Val d'Agri
2023-05-17 02:00:00,0.0,IT.CAED/850592002.FACILITY,Centro Olio Val d'Agri
2023-05-17 03:00:00,0.0,IT.CAED/850592002.FACILITY,Centro Olio Val d'Agri
2023-05-17 04:00:00,0.0,IT.CAED/850592002.FACILITY,Centro Olio Val d'Agri
2023-05-17 05:00:00,0.0,IT.CAED/850592002.FACILITY,Centro Olio Val d'Agri
2023-05-17 06:00:00,0.01543,IT.CAED/850592002.FACILITY,Centro Olio Val d'Agri
2023-05-17 07:00:00,0.07429000000000001,IT.CAED/850592002.FACILITY,Centro Olio Val d'Agri
2023-05-17 08:00:00,0.24730000000000002,IT.CAED/850592002.FACILITY,Centro Olio Val d'Agri
2023-05-17 09:00:00,0.25275,IT.CAED/850592002.FACILITY,Centro Olio Val d'Agri
2023-05-17 10:00:00,0.38898,IT.CAED/850592002.FACILITY,Centro Olio Val d'Agri
2023-05-17 11:00:00,0.29527,IT.CAED/850592002.FACILITY,Centro Olio Val d'Agri
2023-05-17 12:00:00,0.56792,IT.CAED/850592002.FACILITY,Centro Olio Val d'Agri
2023-05-17 13:00:00,0.58975,IT.CAED/850592002.FACILITY,Centro Olio Val d'Agri
2023-05-17 14:00:00,0.48272000000000004,IT.CAED/850592002.FACILITY,Centro Olio Val d'Agri
2023-05-17 15:00:00,0.4343,IT.CAED/850592002.FACILITY,Centro Olio Val d'Agri
2023-05-17 16:00:00,0.34016,IT.CAED/850592002.FACILITY,Centro Olio Val d'Agri
2023-05-17 17:00:00,0.16259,IT.CAED/850592002.FACILITY,Centro Olio Val d'Agri
2023-05-17 18:00:00,0.07016,IT.CAED/850592002.FACILITY,Centro Olio Val d'Agri
2023-05-17 19:00:00,0.010029999999999999,IT.CAED/850592002.FACILITY,Centro Olio Val d'Agri
2023-05-17 20:00:00,0.0,IT.CAED/850592002.FACILITY,Centro Olio Val d'Agri
2023-05-17 21:00:00,0.0,IT.CAED/850592002.FACILITY,Centro Olio Val d'Agri
2023-05-17 22:00:00,0.0,IT.CAED/850592002.FACILITY,Centro Olio Val d'Agri
2023-05-17 23:00:00,0.0,IT.CAED/850592002.FACILITY,Centro Olio Val d'Agri
2023-05-18 00:00:00,0.0,IT.CAED/850592002.FACILITY,Centro Olio Val d'Agri
2023-05-18 01:00:00,0.0,IT.CAED/850592002.FACILITY,Centro Olio Val d'Agri
2023-05-18 02:00:00,0.0,IT.CAED/850592002.FACILITY,Centro Olio Val d'Agri
2023-05-18 03:00:00,0.0,IT.CAED/850592002.FACILITY,Centro Olio Val d'Agri
2023-05-18 04:00:00,0.0,IT.CAED/850592002.FACILITY,Centro Olio Val d'Agri
2023-05-18 05:00:00,0.0,IT.CAED/850592002.FACILITY,Centro Olio Val d'Agri
2023-05-18 06:00:00,0.02178,IT.CAED/850592002.FACILITY,Centro Olio Val d'Agri
2023-05-18 07:00:00,0.09556,IT.CAED/850592002.FACILITY,Centro Olio Val d'Agri
2023-05-18 08:00:00,0.30012,IT.CAED/850592002.FACILITY,Centro Olio Val d'Agri
2023-05-18 09:00:00,0.5370900000000001,IT.CAED/850592002.FACILITY,Centro Olio Val d'Agri
2023-05-18 10:00:00,0.58723,IT.CAED/850592002.FACILITY,Centro Olio Val d'Agri
2023-05-18 11:00:00,0.5685,IT.CAED/850592002.FACILITY,Centro Olio Val d'Agri
2023-05-18 12:00:00,0.5307000000000001,IT.CAED/850592002.FACILITY,Centro Olio Val d'Agri
2023-05-18 13:00:00,0.61753,IT.CAED/850592002.FACILITY,Centro Olio Val d'Agri
2023-05-18 14:00:00,0.5467799999999999,IT.CAED/850592002.FACILITY,Centro Olio Val d'Agri
2023-05-18 15:00:00,0.43689999999999996,IT.CAED/850592002.FACILITY,Centro Olio Val d'Agri
2023-05-18 16:00:00,0.20814,IT.CAED/850592002.FACILITY,Centro Olio Val d'Agri
2023-05-18 17:00:00,0.16836,IT.CAED/850592002.FACILITY,Centro Olio Val d'Agri
2023-05-18 18:00:00,0.05843,IT.CAED/850592002.FACILITY,Centro Olio Val d'Agri
2023-05-18 19:00:00,0.0081,IT.CAED/850592002.FACILITY,Centro Olio Val d'Agri
2023-05-18 20:00:00,0.0,IT.CAED/850592002.FACILITY,Centro Olio Val d'Agri
2023-05-18 21:00:00,0.0,IT.CAED/850592002.FACILITY,Centro Olio Val d'Agri
2023-05-18 22:00:00,0.0,IT.CAED/850592002.FACILITY,Centro Olio Val d'Agri
2023-05-18 23:00:00,0.0,IT.CAED/850592002.FACILITY,Centro Olio Val d'Agri
2023-05-19 00:00:00,0.0,IT.CAED/850592002.FACILITY,Centro Olio Val d'Agri
2023-05-19 01:00:00,0.0,IT.CAED/850592002.FACILITY,Centro Olio Val d'Agri
2023-05-19 02:00:00,0.0,IT.CAED/850592002.FACILITY,Centro Olio Val d'Agri
2023-05-19 03:00:00,0.0,IT.CAED/850592002.FACILITY,Centro Olio Val d'Agri
2023-05-19 04:00:00,0.0,IT.CAED/850592002.FACILITY,Centro Olio Val d'Agri
2023-05-19 05:00:00,0.0,IT.CAED/850592002.FACILITY,Centro Olio Val d'Agri
2023-05-19 06:00:00,0.01728,IT.CAED/850592002.FACILITY,Centro Olio Val d'Agri
2023-05-19 07:00:00,0.07647,IT.CAED/850592002.FACILITY,Centro Olio Val d'Agri
2023-05-19 08:00:00,0.22188999999999998,IT.CAED/850592002.FACILITY,Centro Olio Val d'Agri
2023-05-19 09:00:00,0.39182,IT.CAED/850592002.FACILITY,Centro Olio Val d'Agri
2023-05-19 10:00:00,0.47583,IT.CAED/850592002.FACILITY,Centro Olio Val d'Agri
2023-05-19 11:00:00,0.67125,IT.CAED/850592002.FACILITY,Centro Olio Val d'Agri
2023-05-19 12:00:00,0.72322,IT.CAED/850592002.FACILITY,Centro Olio Val d'Agri
2023-05-19 13:00:00,0.73776,IT.CAED/850592002.FACILITY,Centro Olio Val d'Agri
2023-05-19 14:00:00,0.69902,IT.CAED/850592002.FACILITY,Centro Olio Val d'Agri
2023-05-19 15:00:00,0.55579,IT.CAED/850592002.FACILITY,Centro Olio Val d'Agri
2023-05-19 16:00:00,0.42963,IT.CAED/850592002.FACILITY,Centro Olio Val d'Agri
2023-05-19 17:00:00,0.21419,IT.CAED/850592002.FACILITY,Centro Olio Val d'Agri
2023-05-19 18:00:00,0.0891,IT.CAED/850592002.FACILITY,Centro Olio Val d'Agri
2023-05-19 19:00:00,0.01592,IT.CAED/850592002.FACILITY,Centro Olio Val d'Agri
2023-05-19 20:00:00,0.0,IT.CAED/850592002.FACILITY,Centro Olio Val d'Agri
2023-05-19 21:00:00,0.0,IT.CAED/850592002.FACILITY,Centro Olio Val d'Agri
2023-05-19 22:00:00,0.0,IT.CAED/850592002.FACILITY,Centro Olio Val d'Agri
2023-05-19 23:00:00,0.0,IT.CAED/850592002.FACILITY,Centro Olio Val d'Agri
2023-05-20 00:00:00,0.0,IT.CAED/850592002.FACILITY,Centro Olio Val d'Agri
2023-05-20 01:00:00,0.0,IT.CAED/850592002.FACILITY,Centro Olio Val d'Agri
2023-05-20 02:00:00,0.0,IT.CAED/850592002.FACILITY,Centro Olio Val d'Agri
2023-05-20 03:00:00,0.0,IT.CAED/850592002.FACILITY,Centro Olio Val d'Agri
2023-05-20 04:00:00,0.0,IT.CAED/850592002.FACILITY,Centro Olio Val d'Agri
2023-05-20 05:00:00,0.0,IT.CAED/850592002.FACILITY,Centro Olio Val d'Agri
2023-05-20 06:00:00,0.01662,IT.CAED/850592002.FACILITY,Centro Olio Val d'Agri
2023-05-20 07:00:00,0.08055,IT.CAED/850592002.FACILITY,Centro Olio Val d'Agri
2023-05-20 08:00:00,0.19479,IT.CAED/850592002.FACILITY,Centro Olio Val d'Agri
2023-05-20 09:00:00,0.29288,IT.CAED/850592002.FACILITY,Centro Olio Val d'Agri
2023-05-20 10:00:00,0.35764999999999997,IT.CAED/850592002.FACILITY,Centro Olio Val d'Agri
2023-05-20 11:00:00,0.2302,IT.CAED/850592002.FACILITY,Centro Olio Val d'Agri
2023-05-20 12:00:00,0.21833000000000002,IT.CAED/850592002.FACILITY,Centro Olio Val d'Agri
2023-05-20 13:00:00,0.20288,IT.CAED/850592002.FACILITY,Centro Olio Val d'Agri
2023-05-20 14:00:00,0.20577,IT.CAED/850592002.FACILITY,Centro Olio Val d'Agri
2023-05-20 15:00:00,0.18574000000000002,IT.CAED/850592002.FACILITY,Centro Olio Val d'Agri
2023-05-20 16:00:00,0.09834,IT.CAED/850592002.FACILITY,Centro Olio Val d'Agri
2023-05-20 17:00:00,0.09140999999999999,IT.CAED/850592002.FACILITY,Centro Olio Val d'Agri
2023-05-20 18:00:00,0.02431,IT.CAED/850592002.FACILITY,Centro Olio Val d'Agri
2023-05-20 19:00:00,0.00157,IT.CAED/850592002.FACILITY,Centro Olio Val d'Agri
2023-05-20 20:00:00,0.0,IT.CAED/850592002.FACILITY,Centro Olio Val d'Agri
2023-05-20 21:00:00,0.0,IT.CAED/850592002.FACILITY,Centro Olio Val d'Agri
2023-05-20 22:00:00,0.0,IT.CAED/850592002.FACILITY,Centro Olio Val d'Agri
2023-05-20 23:00:00,0.0,IT.CAED/850592002.FACILITY,Centro Olio Val d'Agri
2023-05-21 00:00:00,0.0,IT.CAED/850592002.FACILITY,Centro Olio Val d'Agri
2023-05-21 01:00:00,0.0,IT.CAED/850592002.FACILITY,Centro Olio Val d'Agri
2023-05-21 02:00:00,0.0,IT.CAED/850592002.FACILITY,Centro Olio Val d'Agri
2023-05-21 03:00:00,0.0,IT.CAED/850592002.FACILITY,Centro Olio Val d'Agri
2023-05-21 04:00:00,0.0,IT.CAED/850592002.FACILITY,Centro Olio Val d'Agri
2023-05-21 05:00:00,0.0,IT.CAED/850592002.FACILITY,Centro Olio Val d'Agri
2023-05-21 06:00:00,0.01759,IT.CAED/850592002.FACILITY,Centro Olio Val d'Agri
2023-05-21 07:00:00,0.06443,IT.CAED/850592002.FACILITY,Centro Olio Val d'Agri
2023-05-21 08:00:00,0.17659,IT.CAED/850592002.FACILITY,Centro Olio Val d'Agri
2023-05-21 09:00:00,0.32261,IT.CAED/850592002.FACILITY,Centro Olio Val d'Agri
2023-05-21 10:00:00,0.51577,IT.CAED/850592002.FACILITY,Centro Olio Val d'Agri
2023-05-21 11:00:00,0.51691,IT.CAED/850592002.FACILITY,Centro Olio Val d'Agri
2023-05-21 12:00:00,0.38397000000000003,IT.CAED/850592002.FACILITY,Centro Olio Val d'Agri
2023-05-21 13:00:00,0.35178,IT.CAED/850592002.FACILITY,Centro Olio Val d'Agri
2023-05-21 14:00:00,0.31622,IT.CAED/850592002.FACILITY,Centro Olio Val d'Agri
2023-05-21 15:00:00,0.31758,IT.CAED/850592002.FACILITY,Centro Olio Val d'Agri
2023-05-21 16:00:00,0.31992000000000004,IT.CAED/850592002.FACILITY,Centro Olio Val d'Agri
2023-05-21 17:00:00,0.17104,IT.CAED/850592002.FACILITY,Centro Olio Val d'Agri
2023-05-21 18:00:00,0.07203,IT.CAED/850592002.FACILITY,Centro Olio Val d'Agri
2023-05-21 19:00:00,0.013900000000000001,IT.CAED/850592002.FACILITY,Centro Olio Val d'Agri
2023-05-21 20:00:00,0.0,IT.CAED/850592002.FACILITY,Centro Olio Val d'Agri
2023-05-21 21:00:00,0.0,IT.CAED/850592002.FACILITY,Centro Olio Val d'Agri
2023-05-21 22:00:00,0.0,IT.CAED/850592002.FACILITY,Centro Olio Val d'Agri
2023-05-21 23:00:00,0.0,IT.CAED/850592002.FACILITY,Centro Olio Val d'Agri
2023-05-22 00:00:00,0.0,IT.CAED/850592002.FACILITY,Centro Olio Val d'Agri
2023-05-22 01:00:00,0.0,IT.CAED/850592002.FACILITY,Centro Olio Val d'Agri
2023-05-22 02:00:00,0.0,IT.CAED/850592002.FACILITY,Centro Olio Val d'Agri
2023-05-22 03:00:00,0.0,IT.CAED/850592002.FACILITY,Centro Olio Val d'Agri
2023-05-22 04:00:00,0.0,IT.CAED/850592002.FACILITY,Centro Olio Val d'Agri
2023-05-22 05:00:00,0.0,IT.CAED/850592002.FACILITY,Centro Olio Val d'Agri
2023-05-22 06:00:00,0.02837,IT.CAED/850592002.FACILITY,Centro Olio Val d'Agri
2023-05-22 07:00:00,0.10689,IT.CAED/850592002.FACILITY,Centro Olio Val d'Agri
2023-05-22 08:00:00,0.25285,IT.CAED/850592002.FACILITY,Centro Olio Val d'Agri
2023-05-22 09:00:00,0.39972,IT.CAED/850592002.FACILITY,Centro Olio Val d'Agri
2023-05-22 10:00:00,0.62681,IT.CAED/850592002.FACILITY,Centro Olio Val d'Agri
2023-05-22 11:00:00,0.7477999999999999,IT.CAED/850592002.FACILITY,Centro Olio Val d'Agri
2023-05-22 12:00:00,0.79348,IT.CAED/850592002.FACILITY,Centro Olio Val d'Agri
2023-05-22 13:00:00,0.6160599999999999,IT.CAED/850592002.FACILITY,Centro Olio Val d'Agri
2023-05-22 14:00:00,0.41043,IT.CAED/850592002.FACILITY,Centro Olio Val d'Agri
2023-05-22 15:00:00,0.33105,IT.CAED/850592002.FACILITY,Centro Olio Val d'Agri
2023-05-22 16:00:00,0.23493,IT.CAED/850592002.FACILITY,Centro Olio Val d'Agri
2023-05-22 17:00:00,0.11885,IT.CAED/850592002.FACILITY,Centro Olio Val d'Agri
2023-05-22 18:00:00,0.06068,IT.CAED/850592002.FACILITY,Centro Olio Val d'Agri
2023-05-22 19:00:00,0.00679,IT.CAED/850592002.FACILITY,Centro Olio Val d'Agri
2023-05-22 20:00:00,0.0,IT.CAED/850592002.FACILITY,Centro Olio Val d'Agri
2023-05-22 21:00:00,0.0,IT.CAED/850592002.FACILITY,Centro Olio Val d'Agri
2023-05-22 22:00:00,0.0,IT.CAED/850592002.FACILITY,Centro Olio Val d'Agri
2023-05-22 23:00:00,0.0,IT.CAED/850592002.FACILITY,Centro Olio Val d'Agri
2023-05-23 00:00:00,0.0,IT.CAED/850592002.FACILITY,Centro Olio Val d'Agri
2023-05-23 01:00:00,0.0,IT.CAED/850592002.FACILITY,Centro Olio Val d'Agri
2023-05-23 02:00:00,0.0,IT.CAED/850592002.FACILITY,Centro Olio Val d'Agri
2023-05-23 03:00:00,0.0,IT.CAED/850592002.FACILITY,Centro Olio Val d'Agri
2023-05-23 04:00:00,0.0,IT.CAED/850592002.FACILITY,Centro Olio Val d'Agri
2023-05-23 05:00:00,0.0,IT.CAED/850592002.FACILITY,Centro Olio Val d'Agri
2023-05-23 06:00:00,0.02818,IT.CAED/850592002.FACILITY,Centro Olio Val d'Agri
2023-05-23 07:00:00,0.10892,IT.CAED/850592002.FACILITY,Centro Olio Val d'Agri
2023-05-23 08:00:00,0.28626,IT.CAED/850592002.FACILITY,Centro Olio Val d'Agri
2023-05-23 09:00:00,0.49767,IT.CAED/850592002.FACILITY,Centro Olio Val d'Agri
2023-05-23 10:00:00,0.67857,IT.CAED/850592002.FACILITY,Centro Olio Val d'Agri
2023-05-23 11:00:00,0.75485,IT.CAED/850592002.FACILITY,Centro Olio Val d'Agri
2023-05-23 12:00:00,0.69269,IT.CAED/850592002.FACILITY,Centro Olio Val d'Agri
2023-05-23 13:00:00,0.75338,IT.CAED/850592002.FACILITY,Centro Olio Val d'Agri
2023-05-23 14:00:00,0.5854600000000001,IT.CAED/850592002.FACILITY,Centro Olio Val d'Agri
2023-05-23 15:00:00,0.22971,IT.CAED/850592002.FACILITY,Centro Olio Val d'Agri
2023-05-23 16:00:00,0.24789,IT.CAED/850592002.FACILITY,Centro Olio Val d'Agri
2023-05-23 17:00:00,0.1403,IT.CAED/850592002.FACILITY,Centro Olio Val d'Agri
2023-05-23 18:00:00,0.06003,IT.CAED/850592002.FACILITY,Centro Olio Val d'Agri
2023-05-23 19:00:00,0.01716,IT.CAED/850592002.FACILITY,Centro Olio Val d'Agri
2023-05-23 20:00:00,0.0,IT.CAED/850592002.FACILITY,Centro Olio Val d'Agri
2023-05-23 21:00:00,0.0,IT.CAED/850592002.FACILITY,Centro Olio Val d'Agri
2023-05-23 22:00:00,0.0,IT.CAED/850592002.FACILITY,Centro Olio Val d'Agri
2023-05-23 23:00:00,0.0,IT.CAED/850592002.FACILITY,Centro Olio Val d'Agri
2023-05-24 00:00:00,0.0,IT.CAED/850592002.FACILITY,Centro Olio Val d'Agri
2023-05-24 01:00:00,0.0,IT.CAED/850592002.FACILITY,Centro Olio Val d'Agri
2023-05-24 02:00:00,0.0,IT.CAED/850592002.FACILITY,Centro Olio Val d'Agri
2023-05-24 03:00:00,0.0,IT.CAED/850592002.FACILITY,Centro Olio Val d'Agri
2023-05-24 04:00:00,0.0,IT.CAED/850592002.FACILITY,Centro Olio Val d'Agri
2023-05-24 05:00:00,0.0,IT.CAED/850592002.FACILITY,Centro Olio Val d'Agri
2023-05-24 06:00:00,0.0246,IT.CAED/850592002.FACILITY,Centro Olio Val d'Agri
2023-05-24 07:00:00,0.10009,IT.CAED/850592002.FACILITY,Centro Olio Val d'Agri
2023-05-24 08:00:00,0.32135,IT.CAED/850592002.FACILITY,Centro Olio Val d'Agri
2023-05-24 09:00:00,0.52903,IT.CAED/850592002.FACILITY,Centro Olio Val d'Agri
2023-05-24 10:00:00,0.68483,IT.CAED/850592002.FACILITY,Centro Olio Val d'Agri
2023-05-24 11:00:00,0.6909500000000001,IT.CAED/850592002.FACILITY,Centro Olio Val d'Agri
2023-05-24 12:00:00,0.7495499999999999,IT.CAED/850592002.FACILITY,Centro Olio Val d'Agri
2023-05-24 13:00:00,0.60689,IT.CAED/850592002.FACILITY,Centro Olio Val d'Agri
2023-05-24 14:00:00,0.66576,IT.CAED/850592002.FACILITY,Centro Olio Val d'Agri
2023-05-24 15:00:00,0.5010899999999999,IT.CAED/850592002.FACILITY,Centro Olio Val d'Agri
2023-05-24 16:00:00,0.40564999999999996,IT.CAED/850592002.FACILITY,Centro Olio Val d'Agri
2023-05-24 17:00:00,0.24098,IT.CAED/850592002.FACILITY,Centro Olio Val d'Agri
2023-05-24 18:00:00,0.07293000000000001,IT.CAED/850592002.FACILITY,Centro Olio Val d'Agri
2023-05-24 19:00:00,0.01572,IT.CAED/850592002.FACILITY,Centro Olio Val d'Agri
2023-05-24 20:00:00,0.0,IT.CAED/850592002.FACILITY,Centro Olio Val d'Agri
2023-05-24 21:00:00,0.0,IT.CAED/850592002.FACILITY,Centro Olio Val d'Agri
2023-05-24 22:00:00,0.0,IT.CAED/850592002.FACILITY,Centro Olio Val d'Agri
2023-05-24 23:00:00,0.0,IT.CAED/850592002.FACILITY,Centro Olio Val d'Agri
2023-05-25 00:00:00,0.0,IT.CAED/850592002.FACILITY,Centro Olio Val d'Agri
2023-05-25 01:00:00,0.0,IT.CAED/850592002.FACILITY,Centro Olio Val d'Agri
2023-05-25 02:00:00,0.0,IT.CAED/850592002.FACILITY,Centro Olio Val d'Agri
2023-05-25 03:00:00,0.0,IT.CAED/850592002.FACILITY,Centro Olio Val d'Agri
2023-05-25 04:00:00,0.0,IT.CAED/850592002.FACILITY,Centro Olio Val d'Agri
2023-05-25 05:00:00,0.0,IT.CAED/850592002.FACILITY,Centro Olio Val d'Agri
2023-05-25 06:00:00,0.02314,IT.CAED/850592002.FACILITY,Centro Olio Val d'Agri
2023-05-25 07:00:00,0.10254,IT.CAED/850592002.FACILITY,Centro Olio Val d'Agri
2023-05-25 08:00:00,0.32215,IT.CAED/850592002.FACILITY,Centro Olio Val d'Agri
2023-05-25 09:00:00,0.53311,IT.CAED/850592002.FACILITY,Centro Olio Val d'Agri
2023-05-25 10:00:00,0.69438,IT.CAED/850592002.FACILITY,Centro Olio Val d'Agri
2023-05-25 11:00:00,0.80159,IT.CAED/850592002.FACILITY,Centro Olio Val d'Agri
2023-05-25 12:00:00,0.71692,IT.CAED/850592002.FACILITY,Centro Olio Val d'Agri
2023-05-25 13:00:00,0.8250700000000001,IT.CAED/850592002.FACILITY,Centro Olio Val d'Agri
2023-05-25 14:00:00,0.71566,IT.CAED/850592002.FACILITY,Centro Olio Val d'Agri
2023-05-25 15:00:00,0.58289,IT.CAED/850592002.FACILITY,Centro Olio Val d'Agri
2023-05-25 16:00:00,0.41637,IT.CAED/850592002.FACILITY,Centro Olio Val d'Agri
2023-05-25 17:00:00,0.24007,IT.CAED/850592002.FACILITY,Centro Olio Val d'Agri
2023-05-25 18:00:00,0.06634000000000001,IT.CAED/850592002.FACILITY,Centro Olio Val d'Agri
2023-05-25 19:00:00,0.01471,IT.CAED/850592002.FACILITY,Centro Olio Val d'Agri
2023-05-25 20:00:00,0.0,IT.CAED/850592002.FACILITY,Centro Olio Val d'Agri
2023-05-25 21:00:00,0.0,IT.CAED/850592002.FACILITY,Centro Olio Val d'Agri
2023-05-25 22:00:00,0.0,IT.CAED/850592002.FACILITY,Centro Olio Val d'Agri
2023-05-25 23:00:00,0.0,IT.CAED/850592002.FACILITY,Centro Olio Val d'Agri
2023-05-26 00:00:00,0.0,IT.CAED/850592002.FACILITY,Centro Olio Val d'Agri
2023-05-26 01:00:00,0.0,IT.CAED/850592002.FACILITY,Centro Olio Val d'Agri
2023-05-26 02:00:00,0.0,IT.CAED/850592002.FACILITY,Centro Olio Val d'Agri
2023-05-26 03:00:00,0.0,IT.CAED/850592002.FACILITY,Centro Olio Val d'Agri
2023-05-26 04:00:00,0.0,IT.CAED/850592002.FACILITY,Centro Olio Val d'Agri
2023-05-26 05:00:00,0.0,IT.CAED/850592002.FACILITY,Centro Olio Val d'Agri
2023-05-26 06:00:00,0.02924,IT.CAED/850592002.FACILITY,Centro Olio Val d'Agri
2023-05-26 07:00:00,0.10473,IT.CAED/850592002.FACILITY,Centro Olio Val d'Agri
2023-05-26 08:00:00,0.31221,IT.CAED/850592002.FACILITY,Centro Olio Val d'Agri
2023-05-26 09:00:00,0.51601,IT.CAED/850592002.FACILITY,Centro Olio Val d'Agri
2023-05-26 10:00:00,0.60725,IT.CAED/850592002.FACILITY,Centro Olio Val d'Agri
2023-05-26 11:00:00,0.56547,IT.CAED/850592002.FACILITY,Centro Olio Val d'Agri
2023-05-26 12:00:00,0.5458200000000001,IT.CAED/850592002.FACILITY,Centro Olio Val d'Agri
2023-05-26 13:00:00,0.63571,IT.CAED/850592002.FACILITY,Centro Olio Val d'Agri
2023-05-26 14:00:00,0.52901,IT.CAED/850592002.FACILITY,Centro Olio Val d'Agri
2023-05-26 15:00:00,0.38001,IT.CAED/850592002.FACILITY,Centro Olio Val d'Agri
2023-05-26 16:00:00,0.2184,IT.CAED/850592002.FACILITY,Centro Olio Val d'Agri
2023-05-26 17:00:00,0.10319,IT.CAED/850592002.FACILITY,Centro Olio Val d'Agri
2023-05-26 18:00:00,0.06572,IT.CAED/850592002.FACILITY,Centro Olio Val d'Agri
2023-05-26 19:00:00,0.01717,IT.CAED/850592002.FACILITY,Centro Olio Val d'Agri
2023-05-26 20:00:00,0.0,IT.CAED/850592002.FACILITY,Centro Olio Val d'Agri
2023-05-26 21:00:00,0.0,IT.CAED/850592002.FACILITY,Centro Olio Val d'Agri
2023-05-26 22:00:00,0.0,IT.CAED/850592002.FACILITY,Centro Olio Val d'Agri
2023-05-26 23:00:00,0.0,IT.CAED/850592002.FACILITY,Centro Olio Val d'Agri
2023-05-27 00:00:00,0.0,IT.CAED/850592002.FACILITY,Centro Olio Val d'Agri
2023-05-27 01:00:00,0.0,IT.CAED/850592002.FACILITY,Centro Olio Val d'Agri
2023-05-27 02:00:00,0.0,IT.CAED/850592002.FACILITY,Centro Olio Val d'Agri
2023-05-27 03:00:00,0.0,IT.CAED/850592002.FACILITY,Centro Olio Val d'Agri
2023-05-27 04:00:00,0.0,IT.CAED/850592002.FACILITY,Centro Olio Val d'Agri
2023-05-27 05:00:00,0.0,IT.CAED/850592002.FACILITY,Centro Olio Val d'Agri
2023-05-27 06:00:00,0.02438,IT.CAED/850592002.FACILITY,Centro Olio Val d'Agri
2023-05-27 07:00:00,0.10245,IT.CAED/850592002.FACILITY,Centro Olio Val d'Agri
2023-05-27 08:00:00,0.29068,IT.CAED/850592002.FACILITY,Centro Olio Val d'Agri
2023-05-27 09:00:00,0.5076499999999999,IT.CAED/850592002.FACILITY,Centro Olio Val d'Agri
2023-05-27 10:00:00,0.64398,IT.CAED/850592002.FACILITY,Centro Olio Val d'Agri
2023-05-27 11:00:00,0.70102,IT.CAED/850592002.FACILITY,Centro Olio Val d'Agri
2023-05-27 12:00:00,0.73687,IT.CAED/850592002.FACILITY,Centro Olio Val d'Agri
2023-05-27 13:00:00,0.73912,IT.CAED/850592002.FACILITY,Centro Olio Val d'Agri
2023-05-27 14:00:00,0.56736,IT.CAED/850592002.FACILITY,Centro Olio Val d'Agri
2023-05-27 15:00:00,0.35308999999999996,IT.CAED/850592002.FACILITY,Centro Olio Val d'Agri
2023-05-27 16:00:00,0.30619999999999997,IT.CAED/850592002.FACILITY,Centro Olio Val d'Agri
2023-05-27 17:00:00,0.19751,IT.CAED/850592002.FACILITY,Centro Olio Val d'Agri
2023-05-27 18:00:00,0.06068,IT.CAED/850592002.FACILITY,Centro Olio Val d'Agri
2023-05-27 19:00:00,0.011439999999999999,IT.CAED/850592002.FACILITY,Centro Olio Val d'Agri
2023-05-27 20:00:00,0.0,IT.CAED/850592002.FACILITY,Centro Olio Val d'Agri
2023-05-27 21:00:00,0.0,IT.CAED/850592002.FACILITY,Centro Olio Val d'Agri
2023-05-27 22:00:00,0.0,IT.CAED/850592002.FACILITY,Centro Olio Val d'Agri
2023-05-27 23:00:00,0.0,IT.CAED/850592002.FACILITY,Centro Olio Val d'Agri
2023-05-28 00:00:00,0.0,IT.CAED/850592002.FACILITY,Centro Olio Val d'Agri
2023-05-28 01:00:00,0.0,IT.CAED/850592002.FACILITY,Centro Olio Val d'Agri
2023-05-28 02:00:00,0.0,IT.CAED/850592002.FACILITY,Centro Olio Val d'Agri
2023-05-28 03:00:00,0.0,IT.CAED/850592002.FACILITY,Centro Olio Val d'Agri
2023-05-28 04:00:00,0.0,IT.CAED/850592002.FACILITY,Centro Olio Val d'Agri
2023-05-28 05:00:00,0.0,IT.CAED/850592002.FACILITY,Centro Olio Val d'Agri
2023-05-28 06:00:00,0.02606,IT.CAED/850592002.FACILITY,Centro Olio Val d'Agri
2023-05-28 07:00:00,0.10164,IT.CAED/850592002.FACILITY,Centro Olio Val d'Agri
2023-05-28 08:00:00,0.3162,IT.CAED/850592002.FACILITY,Centro Olio Val d'Agri
2023-05-28 09:00:00,0.51918,IT.CAED/850592002.FACILITY,Centro Olio Val d'Agri
2023-05-28 10:00:00,0.67271,IT.CAED/850592002.FACILITY,Centro Olio Val d'Agri
2023-05-28 11:00:00,0.7715299999999999,IT.CAED/850592002.FACILITY,Centro Olio Val d'Agri
2023-05-28 12:00:00,0.5255599999999999,IT.CAED/850592002.FACILITY,Centro Olio Val d'Agri
2023-05-28 13:00:00,0.54074,IT.CAED/850592002.FACILITY,Centro Olio Val d'Agri
2023-05-28 14:00:00,0.5675800000000001,IT.CAED/850592002.FACILITY,Centro Olio Val d'Agri
2023-05-28 15:00:00,0.5681799999999999,IT.CAED/850592002.FACILITY,Centro Olio Val d'Agri
2023-05-28 16:00:00,0.37368,IT.CAED/850592002.FACILITY,Centro Olio Val d'Agri
2023-05-28 17:00:00,0.14893,IT.CAED/850592002.FACILITY,Centro Olio Val d'Agri
2023-05-28 18:00:00,0.04994,IT.CAED/850592002.FACILITY,Centro Olio Val d'Agri
2023-05-28 19:00:00,0.01526,IT.CAED/850592002.FACILITY,Centro Olio Val d'Agri
2023-05-28 20:00:00,0.0,IT.CAED/850592002.FACILITY,Centro Olio Val d'Agri
2023-05-28 21:00:00,0.0,IT.CAED/850592002.FACILITY,Centro Olio Val d'Agri
2023-05-28 22:00:00,0.0,IT.CAED/850592002.FACILITY,Centro Olio Val d'Agri
2023-05-28 23:00:00,0.0,IT.CAED/850592002.FACILITY,Centro Olio Val d'Agri
2023-05-29 00:00:00,0.0,IT.CAED/850592002.FACILITY,Centro Olio Val d'Agri
2023-05-29 01:00:00,0.0,IT.CAED/850592002.FACILITY,Centro Olio Val d'Agri
2023-05-29 02:00:00,0.0,IT.CAED/850592002.FACILITY,Centro Olio Val d'Agri
2023-05-29 03:00:00,0.0,IT.CAED/850592002.FACILITY,Centro Olio Val d'Agri
2023-05-29 04:00:00,0.0,IT.CAED/850592002.FACILITY,Centro Olio Val d'Agri
2023-05-29 05:00:00,0.0,IT.CAED/850592002.FACILITY,Centro Olio Val d'Agri
2023-05-29 06:00:00,0.032780000000000004,IT.CAED/850592002.FACILITY,Centro Olio Val d'Agri
2023-05-29 07:00:00,0.11481,IT.CAED/850592002.FACILITY,Centro Olio Val d'Agri
2023-05-29 08:00:00,0.31521,IT.CAED/850592002.FACILITY,Centro Olio Val d'Agri
2023-05-29 09:00:00,0.5166499999999999,IT.CAED/850592002.FACILITY,Centro Olio Val d'Agri
2023-05-29 10:00:00,0.6654800000000001,IT.CAED/850592002.FACILITY,Centro Olio Val d'Agri
2023-05-29 11:00:00,0.74158,IT.CAED/850592002.FACILITY,Centro Olio Val d'Agri
2023-05-29 12:00:00,0.54635,IT.CAED/850592002.FACILITY,Centro Olio Val d'Agri
2023-05-29 13:00:00,0.46396,IT.CAED/850592002.FACILITY,Centro Olio Val d'Agri
2023-05-29 14:00:00,0.53506,IT.CAED/850592002.FACILITY,Centro Olio Val d'Agri
2023-05-29 15:00:00,0.25216,IT.CAED/850592002.FACILITY,Centro Olio Val d'Agri
2023-05-29 16:00:00,0.2205,IT.CAED/850592002.FACILITY,Centro Olio Val d'Agri
2023-05-29 17:00:00,0.13213,IT.CAED/850592002.FACILITY,Centro Olio Val d'Agri
2023-05-29 18:00:00,0.07325,IT.CAED/850592002.FACILITY,Centro Olio Val d'Agri
2023-05-29 19:00:00,0.02017,IT.CAED/850592002.FACILITY,Centro Olio Val d'Agri
2023-05-29 20:00:00,0.0,IT.CAED/850592002.FACILITY,Centro Olio Val d'Agri
2023-05-29 21:00:00,0.0,IT.CAED/850592002.FACILITY,Centro Olio Val d'Agri
2023-05-29 22:00:00,0.0,IT.CAED/850592002.FACILITY,Centro Olio Val d'Agri
2023-05-29 23:00:00,0.0,IT.CAED/850592002.FACILITY,Centro Olio Val d'Agri
2023-05-30 00:00:00,0.0,IT.CAED/850592002.FACILITY,Centro Olio Val d'Agri
2023-05-30 01:00:00,0.0,IT.CAED/850592002.FACILITY,Centro Olio Val d'Agri
2023-05-30 02:00:00,0.0,IT.CAED/850592002.FACILITY,Centro Olio Val d'Agri
2023-05-30 03:00:00,0.0,IT.CAED/850592002.FACILITY,Centro Olio Val d'Agri
2023-05-30 04:00:00,0.0,IT.CAED/850592002.FACILITY,Centro Olio Val d'Agri
2023-05-30 05:00:00,0.0,IT.CAED/850592002.FACILITY,Centro Olio Val d'Agri
2023-05-30 06:00:00,0.02571,IT.CAED/850592002.FACILITY,Centro Olio Val d'Agri
2023-05-30 07:00:00,0.09565,IT.CAED/850592002.FACILITY,Centro Olio Val d'Agri
2023-05-30 08:00:00,0.28541000000000005,IT.CAED/850592002.FACILITY,Centro Olio Val d'Agri
2023-05-30 09:00:00,0.45365,IT.CAED/850592002.FACILITY,Centro Olio Val d'Agri
2023-05-30 10:00:00,0.62181,IT.CAED/850592002.FACILITY,Centro Olio Val d'Agri
2023-05-30 11:00:00,0.5391900000000001,IT.CAED/850592002.FACILITY,Centro Olio Val d'Agri
2023-05-30 12:00:00,0.62901,IT.CAED/850592002.FACILITY,Centro Olio Val d'Agri
2023-05-30 13:00:00,0.42034,IT.CAED/850592002.FACILITY,Centro Olio Val d'Agri
2023-05-30 14:00:00,0.39868000000000003,IT.CAED/850592002.FACILITY,Centro Olio Val d'Agri
2023-05-30 15:00:00,0.21725,IT.CAED/850592002.FACILITY,Centro Olio Val d'Agri
2023-05-30 16:00:00,0.12297,IT.CAED/850592002.FACILITY,Centro Olio Val d'Agri
2023-05-30 17:00:00,0.19008,IT.CAED/850592002.FACILITY,Centro Olio Val d'Agri
2023-05-30 18:00:00,0.07959000000000001,IT.CAED/850592002.FACILITY,Centro Olio Val d'Agri
2023-05-30 19:00:00,0.01458,IT.CAED/850592002.FACILITY,Centro Olio Val d'Agri
2023-05-30 20:00:00,0.0,IT.CAED/850592002.FACILITY,Centro Olio Val d'Agri
2023-05-30 21:00:00,0.0,IT.CAED/850592002.FACILITY,Centro Olio Val d'Agri
2023-05-30 22:00:00,0.0,IT.CAED/850592002.FACILITY,Centro Olio Val d'Agri
2023-05-30 23:00:00,0.0,IT.CAED/850592002.FACILITY,Centro Olio Val d'Agri
2023-05-31 00:00:00,0.0,IT.CAED/850592002.FACILITY,Centro Olio Val d'Agri
2023-05-31 01:00:00,0.0,IT.CAED/850592002.FACILITY,Centro Olio Val d'Agri
2023-05-31 02:00:00,0.0,IT.CAED/850592002.FACILITY,Centro Olio Val d'Agri
2023-05-31 03:00:00,0.0,IT.CAED/850592002.FACILITY,Centro Olio Val d'Agri
2023-05-31 04:00:00,0.0,IT.CAED/850592002.FACILITY,Centro Olio Val d'Agri
2023-05-31 05:00:00,0.0,IT.CAED/850592002.FACILITY,Centro Olio Val d'Agri
2023-05-31 06:00:00,0.032049999999999995,IT.CAED/850592002.FACILITY,Centro Olio Val d'Agri
2023-05-31 07:00:00,0.11394,IT.CAED/850592002.FACILITY,Centro Olio Val d'Agri
2023-05-31 08:00:00,0.26912,IT.CAED/850592002.FACILITY,Centro Olio Val d'Agri
2023-05-31 09:00:00,0.43923,IT.CAED/850592002.FACILITY,Centro Olio Val d'Agri
2023-05-31 10:00:00,0.62149,IT.CAED/850592002.FACILITY,Centro Olio Val d'Agri
2023-05-31 11:00:00,0.72656,IT.CAED/850592002.FACILITY,Centro Olio Val d'Agri
2023-05-31 12:00:00,0.7113200000000001,IT.CAED/850592002.FACILITY,Centro Olio Val d'Agri
2023-05-31 13:00:00,0.55856,IT.CAED/850592002.FACILITY,Centro Olio Val d'Agri
2023-05-31 14:00:00,0.46194999999999997,IT.CAED/850592002.FACILITY,Centro Olio Val d'Agri
2023-05-31 15:00:00,0.40678,IT.CAED/850592002.FACILITY,Centro Olio Val d'Agri
2023-05-31 16:00:00,0.21725999999999998,IT.CAED/850592002.FACILITY,Centro Olio Val d'Agri
2023-05-31 17:00:00,0.12007999999999999,IT.CAED/850592002.FACILITY,Centro Olio Val d'Agri
2023-05-31 18:00:00,0.061799999999999994,IT.CAED/850592002.FACILITY,Centro Olio Val d'Agri
2023-05-31 19:00:00,0.01939,IT.CAED/850592002.FACILITY,Centro Olio Val d'Agri
2023-05-31 20:00:00,0.0,IT.CAED/850592002.FACILITY,Centro Olio Val d'Agri
2023-05-31 21:00:00,0.0,IT.CAED/850592002.FACILITY,Centro Olio Val d'Agri
2023-05-31 22:00:00,0.0,IT.CAED/850592002.FACILITY,Centro Olio Val d'Agri
2023-05-31 23:00:00,0.0,IT.CAED/850592002.FACILITY,Centro Olio Val d'Agri
2023-06-01 00:00:00,0.0,IT.CAED/850592002.FACILITY,Centro Olio Val d'Agri
2023-06-01 01:00:00,0.0,IT.CAED/850592002.FACILITY,Centro Olio Val d'Agri
2023-06-01 02:00:00,0.0,IT.CAED/850592002.FACILITY,Centro Olio Val d'Agri
2023-06-01 03:00:00,0.0,IT.CAED/850592002.FACILITY,Centro Olio Val d'Agri
2023-06-01 04:00:00,0.0,IT.CAED/850592002.FACILITY,Centro Olio Val d'Agri
2023-06-01 05:00:00,0.0,IT.CAED/850592002.FACILITY,Centro Olio Val d'Agri
2023-06-01 06:00:00,0.03003,IT.CAED/850592002.FACILITY,Centro Olio Val d'Agri
2023-06-01 07:00:00,0.11393,IT.CAED/850592002.FACILITY,Centro Olio Val d'Agri
2023-06-01 08:00:00,0.27397000000000005,IT.CAED/850592002.FACILITY,Centro Olio Val d'Agri
2023-06-01 09:00:00,0.4618,IT.CAED/850592002.FACILITY,Centro Olio Val d'Agri
2023-06-01 10:00:00,0.65853,IT.CAED/850592002.FACILITY,Centro Olio Val d'Agri
2023-06-01 11:00:00,0.7228600000000001,IT.CAED/850592002.FACILITY,Centro Olio Val d'Agri
2023-06-01 12:00:00,0.6477200000000001,IT.CAED/850592002.FACILITY,Centro Olio Val d'Agri
2023-06-01 13:00:00,0.6561,IT.CAED/850592002.FACILITY,Centro Olio Val d'Agri
2023-06-01 14:00:00,0.49589,IT.CAED/850592002.FACILITY,Centro Olio Val d'Agri
2023-06-01 15:00:00,0.28914999999999996,IT.CAED/850592002.FACILITY,Centro Olio Val d'Agri
2023-06-01 16:00:00,0.2399,IT.CAED/850592002.FACILITY,Centro Olio Val d'Agri
2023-06-01 17:00:00,0.11106999999999999,IT.CAED/850592002.FACILITY,Centro Olio Val d'Agri
2023-06-01 18:00:00,0.055450000000000006,IT.CAED/850592002.FACILITY,Centro Olio Val d'Agri
2023-06-01 19:00:00,0.018760000000000002,IT.CAED/850592002.FACILITY,Centro Olio Val d'Agri
2023-06-01 20:00:00,0.0,IT.CAED/850592002.FACILITY,Centro Olio Val d'Agri
2023-06-01 21:00:00,0.0,IT.CAED/850592002.FACILITY,Centro Olio Val d'Agri
2023-06-01 22:00:00,0.0,IT.CAED/850592002.FACILITY,Centro Olio Val d'Agri
2023-06-01 23:00:00,0.0,IT.CAED/850592002.FACILITY,Centro Olio Val d'Agri
2023-06-02 00:00:00,0.0,IT.CAED/850592002.FACILITY,Centro Olio Val d'Agri
2023-06-02 01:00:00,0.0,IT.CAED/850592002.FACILITY,Centro Olio Val d'Agri
2023-06-02 02:00:00,0.0,IT.CAED/850592002.FACILITY,Centro Olio Val d'Agri
2023-06-02 03:00:00,0.0,IT.CAED/850592002.FACILITY,Centro Olio Val d'Agri
2023-06-02 04:00:00,0.0,IT.CAED/850592002.FACILITY,Centro Olio Val d'Agri
2023-06-02 05:00:00,0.0,IT.CAED/850592002.FACILITY,Centro Olio Val d'Agri
2023-06-02 06:00:00,0.02637,IT.CAED/850592002.FACILITY,Centro Olio Val d'Agri
2023-06-02 07:00:00,0.09968,IT.CAED/850592002.FACILITY,Centro Olio Val d'Agri
2023-06-02 08:00:00,0.27388,IT.CAED/850592002.FACILITY,Centro Olio Val d'Agri
2023-06-02 09:00:00,0.39602,IT.CAED/850592002.FACILITY,Centro Olio Val d'Agri
2023-06-02 10:00:00,0.5141100000000001,IT.CAED/850592002.FACILITY,Centro Olio Val d'Agri
2023-06-02 11:00:00,0.74153,IT.CAED/850592002.FACILITY,Centro Olio Val d'Agri
2023-06-02 12:00:00,0.65846,IT.CAED/850592002.FACILITY,Centro Olio Val d'Agri
2023-06-02 13:00:00,0.57084,IT.CAED/850592002.FACILITY,Centro Olio Val d'Agri
2023-06-02 14:00:00,0.36239,IT.CAED/850592002.FACILITY,Centro Olio Val d'Agri
2023-06-02 15:00:00,0.37489999999999996,IT.CAED/850592002.FACILITY,Centro Olio Val d'Agri
2023-06-02 16:00:00,0.21239,IT.CAED/850592002.FACILITY,Centro Olio Val d'Agri
2023-06-02 17:00:00,0.14559,IT.CAED/850592002.FACILITY,Centro Olio Val d'Agri
2023-06-02 18:00:00,0.057159999999999996,IT.CAED/850592002.FACILITY,Centro Olio Val d'Agri
2023-06-02 19:00:00,0.01889,IT.CAED/850592002.FACILITY,Centro Olio Val d'Agri
2023-06-02 20:00:00,0.0,IT.CAED/850592002.FACILITY,Centro Olio Val d'Agri
2023-06-02 21:00:00,0.0,IT.CAED/850592002.FACILITY,Centro Olio Val d'Agri
2023-06-02 22:00:00,0.0,IT.CAED/850592002.FACILITY,Centro Olio Val d'Agri
2023-06-02 23:00:00,0.0,IT.CAED/850592002.FACILITY,Centro Olio Val d'Agri
2023-06-03 00:00:00,0.0,IT.CAED/850592002.FACILITY,Centro Olio Val d'Agri
2023-06-03 01:00:00,0.0,IT.CAED/850592002.FACILITY,Centro Olio Val d'Agri
2023-06-03 02:00:00,0.0,IT.CAED/850592002.FACILITY,Centro Olio Val d'Agri
2023-06-03 03:00:00,0.0,IT.CAED/850592002.FACILITY,Centro Olio Val d'Agri
2023-06-03 04:00:00,0.0,IT.CAED/850592002.FACILITY,Centro Olio Val d'Agri
2023-06-03 05:00:00,0.0,IT.CAED/850592002.FACILITY,Centro Olio Val d'Agri
2023-06-03 06:00:00,0.02946,IT.CAED/850592002.FACILITY,Centro Olio Val d'Agri
2023-06-03 07:00:00,0.11178,IT.CAED/850592002.FACILITY,Centro Olio Val d'Agri
2023-06-03 08:00:00,0.28697,IT.CAED/850592002.FACILITY,Centro Olio Val d'Agri
2023-06-03 09:00:00,0.49929,IT.CAED/850592002.FACILITY,Centro Olio Val d'Agri
2023-06-03 10:00:00,0.64703,IT.CAED/850592002.FACILITY,Centro Olio Val d'Agri
2023-06-03 11:00:00,0.7370099999999999,IT.CAED/850592002.FACILITY,Centro Olio Val d'Agri
2023-06-03 12:00:00,0.7690499999999999,IT.CAED/850592002.FACILITY,Centro Olio Val d'Agri
2023-06-03 13:00:00,0.55549,IT.CAED/850592002.FACILITY,Centro Olio Val d'Agri
2023-06-03 14:00:00,0.28225,IT.CAED/850592002.FACILITY,Centro Olio Val d'Agri
2023-06-03 15:00:00,0.25109,IT.CAED/850592002.FACILITY,Centro Olio Val d'Agri
2023-06-03 16:00:00,0.09475,IT.CAED/850592002.FACILITY,Centro Olio Val d'Agri
2023-06-03 17:00:00,0.14019,IT.CAED/850592002.FACILITY,Centro Olio Val d'Agri
2023-06-03 18:00:00,0.07712999999999999,IT.CAED/850592002.FACILITY,Centro Olio Val d'Agri
2023-06-03 19:00:00,0.02494,IT.CAED/850592002.FACILITY,Centro Olio Val d'Agri
2023-06-03 20:00:00,0.0,IT.CAED/850592002.FACILITY,Centro Olio Val d'Agri
2023-06-03 21:00:00,0.0,IT.CAED/850592002.FACILITY,Centro Olio Val d'Agri
2023-06-03 22:00:00,0.0,IT.CAED/850592002.FACILITY,Centro Olio Val d'Agri
2023-06-03 23:00:00,0.0,IT.CAED/850592002.FACILITY,Centro Olio Val d'Agri
2023-06-04 00:00:00,0.0,IT.CAED/850592002.FACILITY,Centro Olio Val d'Agri
2023-06-04 01:00:00,0.0,IT.CAED/850592002.FACILITY,Centro Olio Val d'Agri
2023-06-04 02:00:00,0.0,IT.CAED/850592002.FACILITY,Centro Olio Val d'Agri
2023-06-04 03:00:00,0.0,IT.CAED/850592002.FACILITY,Centro Olio Val d'Agri
2023-06-04 04:00:00,0.0,IT.CAED/850592002.FACILITY,Centro Olio Val d'Agri
2023-06-04 05:00:00,0.0,IT.CAED/850592002.FACILITY,Centro Olio Val d'Agri
2023-06-04 06:00:00,0.032490000000000005,IT.CAED/850592002.FACILITY,Centro Olio Val d'Agri
2023-06-04 07:00:00,0.11589,IT.CAED/850592002.FACILITY,Centro Olio Val d'Agri
2023-06-04 08:00:00,0.29689,IT.CAED/850592002.FACILITY,Centro Olio Val d'Agri
2023-06-04 09:00:00,0.50799,IT.CAED/850592002.FACILITY,Centro Olio Val d'Agri
2023-06-04 10:00:00,0.6718999999999999,IT.CAED/850592002.FACILITY,Centro Olio Val d'Agri
2023-06-04 11:00:00,0.6857000000000001,IT.CAED/850592002.FACILITY,Centro Olio Val d'Agri
2023-06-04 12:00:00,0.61845,IT.CAED/850592002.FACILITY,Centro Olio Val d'Agri
2023-06-04 13:00:00,0.64586,IT.CAED/850592002.FACILITY,Centro Olio Val d'Agri
2023-06-04 14:00:00,0.69237,IT.CAED/850592002.FACILITY,Centro Olio Val d'Agri
2023-06-04 15:00:00,0.47596,IT.CAED/850592002.FACILITY,Centro Olio Val d'Agri
2023-06-04 16:00:00,0.37007,IT.CAED/850592002.FACILITY,Centro Olio Val d'Agri
2023-06-04 17:00:00,0.21897,IT.CAED/850592002.FACILITY,Centro Olio Val d'Agri
2023-06-04 18:00:00,0.08566,IT.CAED/850592002.FACILITY,Centro Olio Val d'Agri
2023-06-04 19:00:00,0.02532,IT.CAED/850592002.FACILITY,Centro Olio Val d'Agri
2023-06-04 20:00:00,0.0,IT.CAED/850592002.FACILITY,Centro Olio Val d'Agri
2023-06-04 21:00:00,0.0,IT.CAED/850592002.FACILITY,Centro Olio Val d'Agri
2023-06-04 22:00:00,0.0,IT.CAED/850592002.FACILITY,Centro Olio Val d'Agri
2023-06-04 23:00:00,0.0,IT.CAED/850592002.FACILITY,Centro Olio Val d'Agri
2023-06-05 00:00:00,0.0,IT.CAED/850592002.FACILITY,Centro Olio Val d'Agri
2023-06-05 01:00:00,0.0,IT.CAED/850592002.FACILITY,Centro Olio Val d'Agri
2023-06-05 02:00:00,0.0,IT.CAED/850592002.FACILITY,Centro Olio Val d'Agri
2023-06-05 03:00:00,0.0,IT.CAED/850592002.FACILITY,Centro Olio Val d'Agri
2023-06-05 04:00:00,0.0,IT.CAED/850592002.FACILITY,Centro Olio Val d'Agri
2023-06-05 05:00:00,0.0,IT.CAED/850592002.FACILITY,Centro Olio Val d'Agri
2023-06-05 06:00:00,0.02071,IT.CAED/850592002.FACILITY,Centro Olio Val d'Agri
2023-06-05 07:00:00,0.0815,IT.CAED/850592002.FACILITY,Centro Olio Val d'Agri
2023-06-05 08:00:00,0.24727000000000002,IT.CAED/850592002.FACILITY,Centro Olio Val d'Agri
2023-06-05 09:00:00,0.30137,IT.CAED/850592002.FACILITY,Centro Olio Val d'Agri
2023-06-05 10:00:00,0.33814999999999995,IT.CAED/850592002.FACILITY,Centro Olio Val d'Agri
2023-06-05 11:00:00,0.36479,IT.CAED/850592002.FACILITY,Centro Olio Val d'Agri
2023-06-05 12:00:00,0.44505,IT.CAED/850592002.FACILITY,Centro Olio Val d'Agri
2023-06-05 13:00:00,0.40094,IT.CAED/850592002.FACILITY,Centro Olio Val d'Agri
2023-06-05 14:00:00,0.30152999999999996,IT.CAED/850592002.FACILITY,Centro Olio Val d'Agri
2023-06-05 15:00:00,0.28937,IT.CAED/850592002.FACILITY,Centro Olio Val d'Agri
2023-06-05 16:00:00,0.21178,IT.CAED/850592002.FACILITY,Centro Olio Val d'Agri
2023-06-05 17:00:00,0.15993000000000002,IT.CAED/850592002.FACILITY,Centro Olio Val d'Agri
2023-06-05 18:00:00,0.07440999999999999,IT.CAED/850592002.FACILITY,Centro Olio Val d'Agri
2023-06-05 19:00:00,0.02463,IT.CAED/850592002.FACILITY,Centro Olio Val d'Agri
2023-06-05 20:00:00,0.0,IT.CAED/850592002.FACILITY,Centro Olio Val d'Agri
2023-06-05 21:00:00,0.0,IT.CAED/850592002.FACILITY,Centro Olio Val d'Agri
2023-06-05 22:00:00,0.0,IT.CAED/850592002.FACILITY,Centro Olio Val d'Agri
2023-06-05 23:00:00,0.0,IT.CAED/850592002.FACILITY,Centro Olio Val d'Agri
2023-06-06 00:00:00,0.0,IT.CAED/850592002.FACILITY,Centro Olio Val d'Agri
2023-06-06 01:00:00,0.0,IT.CAED/850592002.FACILITY,Centro Olio Val d'Agri
2023-06-06 02:00:00,0.0,IT.CAED/850592002.FACILITY,Centro Olio Val d'Agri
2023-06-06 03:00:00,0.0,IT.CAED/850592002.FACILITY,Centro Olio Val d'Agri
2023-06-06 04:00:00,0.0,IT.CAED/850592002.FACILITY,Centro Olio Val d'Agri
2023-06-06 05:00:00,0.0,IT.CAED/850592002.FACILITY,Centro Olio Val d'Agri
2023-06-06 06:00:00,0.03425,IT.CAED/850592002.FACILITY,Centro Olio Val d'Agri
2023-06-06 07:00:00,0.11093,IT.CAED/850592002.FACILITY,Centro Olio Val d'Agri
2023-06-06 08:00:00,0.27303,IT.CAED/850592002.FACILITY,Centro Olio Val d'Agri
2023-06-06 09:00:00,0.42681,IT.CAED/850592002.FACILITY,Centro Olio Val d'Agri
2023-06-06 10:00:00,0.50473,IT.CAED/850592002.FACILITY,Centro Olio Val d'Agri
2023-06-06 11:00:00,0.38996,IT.CAED/850592002.FACILITY,Centro Olio Val d'Agri
2023-06-06 12:00:00,0.35135,IT.CAED/850592002.FACILITY,Centro Olio Val d'Agri
2023-06-06 13:00:00,0.48519999999999996,IT.CAED/850592002.FACILITY,Centro Olio Val d'Agri
2023-06-06 14:00:00,0.33741000000000004,IT.CAED/850592002.FACILITY,Centro Olio Val d'Agri
2023-06-06 15:00:00,0.33206,IT.CAED/850592002.FACILITY,Centro Olio Val d'Agri
2023-06-06 16:00:00,0.15472999999999998,IT.CAED/850592002.FACILITY,Centro Olio Val d'Agri
2023-06-06 17:00:00,0.14488,IT.CAED/850592002.FACILITY,Centro Olio Val d'Agri
2023-06-06 18:00:00,0.08170000000000001,IT.CAED/850592002.FACILITY,Centro Olio Val d'Agri
2023-06-06 19:00:00,0.0172,IT.CAED/850592002.FACILITY,Centro Olio Val d'Agri
2023-06-06 20:00:00,0.0,IT.CAED/850592002.FACILITY,Centro Olio Val d'Agri
2023-06-06 21:00:00,0.0,IT.CAED/850592002.FACILITY,Centro Olio Val d'Agri
2023-06-06 22:00:00,0.0,IT.CAED/850592002.FACILITY,Centro Olio Val d'Agri
2023-06-06 23:00:00,0.0,IT.CAED/850592002.FACILITY,Centro Olio Val d'Agri
2023-06-07 00:00:00,0.0,IT.CAED/850592002.FACILITY,Centro Olio Val d'Agri
2023-06-07 01:00:00,0.0,IT.CAED/850592002.FACILITY,Centro Olio Val d'Agri
2023-06-07 02:00:00,0.0,IT.CAED/850592002.FACILITY,Centro Olio Val d'Agri
2023-06-07 03:00:00,0.0,IT.CAED/850592002.FACILITY,Centro Olio Val d'Agri
2023-06-07 04:00:00,0.0,IT.CAED/850592002.FACILITY,Centro Olio Val d'Agri
2023-06-07 05:00:00,0.0,IT.CAED/850592002.FACILITY,Centro Olio Val d'Agri
2023-06-07 06:00:00,0.03125,IT.CAED/850592002.FACILITY,Centro Olio Val d'Agri
2023-06-07 07:00:00,0.10642,IT.CAED/850592002.FACILITY,Centro Olio Val d'Agri
2023-06-07 08:00:00,0.21574000000000002,IT.CAED/850592002.FACILITY,Centro Olio Val d'Agri
2023-06-07 09:00:00,0.4608,IT.CAED/850592002.FACILITY,Centro Olio Val d'Agri
2023-06-07 10:00:00,0.49761,IT.CAED/850592002.FACILITY,Centro Olio Val d'Agri
2023-06-07 11:00:00,0.5480700000000001,IT.CAED/850592002.FACILITY,Centro Olio Val d'Agri
2023-06-07 12:00:00,0.61165,IT.CAED/850592002.FACILITY,Centro Olio Val d'Agri
2023-06-07 13:00:00,0.62209,IT.CAED/850592002.FACILITY,Centro Olio Val d'Agri
2023-06-07 14:00:00,0.42255000000000004,IT.CAED/850592002.FACILITY,Centro Olio Val d'Agri
2023-06-07 15:00:00,0.23041999999999999,IT.CAED/850592002.FACILITY,Centro Olio Val d'Agri
2023-06-07 16:00:00,0.24023,IT.CAED/850592002.FACILITY,Centro Olio Val d'Agri
2023-06-07 17:00:00,0.1825,IT.CAED/850592002.FACILITY,Centro Olio Val d'Agri
2023-06-07 18:00:00,0.08070999999999999,IT.CAED/850592002.FACILITY,Centro Olio Val d'Agri
2023-06-07 19:00:00,0.01667,IT.CAED/850592002.FACILITY,Centro Olio Val d'Agri
2023-06-07 20:00:00,0.0,IT.CAED/850592002.FACILITY,Centro Olio Val d'Agri
2023-06-07 21:00:00,0.0,IT.CAED/850592002.FACILITY,Centro Olio Val d'Agri
2023-06-07 22:00:00,0.0,IT.CAED/850592002.FACILITY,Centro Olio Val d'Agri
2023-06-07 23:00:00,0.0,IT.CAED/850592002.FACILITY,Centro Olio Val d'Agri
2023-06-08 00:00:00,0.0,IT.CAED/850592002.FACILITY,Centro Olio Val d'Agri
2023-06-08 01:00:00,0.0,IT.CAED/850592002.FACILITY,Centro Olio Val d'Agri
2023-06-08 02:00:00,0.0,IT.CAED/850592002.FACILITY,Centro Olio Val d'Agri
2023-06-08 03:00:00,0.0,IT.CAED/850592002.FACILITY,Centro Olio Val d'Agri
2023-06-08 04:00:00,0.0,IT.CAED/850592002.FACILITY,Centro Olio Val d'Agri
2023-06-08 05:00:00,0.0,IT.CAED/850592002.FACILITY,Centro Olio Val d'Agri
2023-06-08 06:00:00,0.027379999999999998,IT.CAED/850592002.FACILITY,Centro Olio Val d'Agri
2023-06-08 07:00:00,0.09286,IT.CAED/850592002.FACILITY,Centro Olio Val d'Agri
2023-06-08 08:00:00,0.29507,IT.CAED/850592002.FACILITY,Centro Olio Val d'Agri
2023-06-08 09:00:00,0.47512,IT.CAED/850592002.FACILITY,Centro Olio Val d'Agri
2023-06-08 10:00:00,0.6294,IT.CAED/850592002.FACILITY,Centro Olio Val d'Agri
2023-06-08 11:00:00,0.643,IT.CAED/850592002.FACILITY,Centro Olio Val d'Agri
2023-06-08 12:00:00,0.6442100000000001,IT.CAED/850592002.FACILITY,Centro Olio Val d'Agri
2023-06-08 13:00:00,0.55237,IT.CAED/850592002.FACILITY,Centro Olio Val d'Agri
2023-06-08 14:00:00,0.33876999999999996,IT.CAED/850592002.FACILITY,Centro Olio Val d'Agri
2023-06-08 15:00:00,0.37175,IT.CAED/850592002.FACILITY,Centro Olio Val d'Agri
2023-06-08 16:00:00,0.30367,IT.CAED/850592002.FACILITY,Centro Olio Val d'Agri
2023-06-08 17:00:00,0.17369,IT.CAED/850592002.FACILITY,Centro Olio Val d'Agri
2023-06-08 18:00:00,0.05867,IT.CAED/850592002.FACILITY,Centro Olio Val d'Agri
2023-06-08 19:00:00,0.015009999999999999,IT.CAED/850592002.FACILITY,Centro Olio Val d'Agri
2023-06-08 20:00:00,0.0,IT.CAED/850592002.FACILITY,Centro Olio Val d'Agri
2023-06-08 21:00:00,0.0,IT.CAED/850592002.FACILITY,Centro Olio Val d'Agri
2023-06-08 22:00:00,0.0,IT.CAED/850592002.FACILITY,Centro Olio Val d'Agri
2023-06-08 23:00:00,0.0,IT.CAED/850592002.FACILITY,Centro Olio Val d'Agri
2023-06-09 00:00:00,0.0,IT.CAED/850592002.FACILITY,Centro Olio Val d'Agri
2023-06-09 01:00:00,0.0,IT.CAED/850592002.FACILITY,Centro Olio Val d'Agri
2023-06-09 02:00:00,0.0,IT.CAED/850592002.FACILITY,Centro Olio Val d'Agri
2023-06-09 03:00:00,0.0,IT.CAED/850592002.FACILITY,Centro Olio Val d'Agri
2023-06-09 04:00:00,0.0,IT.CAED/850592002.FACILITY,Centro Olio Val d'Agri
2023-06-09 05:00:00,0.0,IT.CAED/850592002.FACILITY,Centro Olio Val d'Agri
2023-06-09 06:00:00,0.03211,IT.CAED/850592002.FACILITY,Centro Olio Val d'Agri
2023-06-09 07:00:00,0.11334999999999999,IT.CAED/850592002.FACILITY,Centro Olio Val d'Agri
2023-06-09 08:00:00,0.28237,IT.CAED/850592002.FACILITY,Centro Olio Val d'Agri
2023-06-09 09:00:00,0.45721,IT.CAED/850592002.FACILITY,Centro Olio Val d'Agri
2023-06-09 10:00:00,0.66462,IT.CAED/850592002.FACILITY,Centro Olio Val d'Agri
2023-06-09 11:00:00,0.73768,IT.CAED/850592002.FACILITY,Centro Olio Val d'Agri
2023-06-09 12:00:00,0.7781,IT.CAED/850592002.FACILITY,Centro Olio Val d'Agri
2023-06-09 13:00:00,0.76622,IT.CAED/850592002.FACILITY,Centro Olio Val d'Agri
2023-06-09 14:00:00,0.70232,IT.CAED/850592002.FACILITY,Centro Olio Val d'Agri
2023-06-09 15:00:00,0.53622,IT.CAED/850592002.FACILITY,Centro Olio Val d'Agri
2023-06-09 16:00:00,0.358,IT.CAED/850592002.FACILITY,Centro Olio Val d'Agri
2023-06-09 17:00:00,0.20749,IT.CAED/850592002.FACILITY,Centro Olio Val d'Agri
2023-06-09 18:00:00,0.08506,IT.CAED/850592002.FACILITY,Centro Olio Val d'Agri
2023-06-09 19:00:00,0.024489999999999998,IT.CAED/850592002.FACILITY,Centro Olio Val d'Agri
2023-06-09 20:00:00,0.0,IT.CAED/850592002.FACILITY,Centro Olio Val d'Agri
2023-06-09 21:00:00,0.0,IT.CAED/850592002.FACILITY,Centro Olio Val d'Agri
2023-06-09 22:00:00,0.0,IT.CAED/850592002.FACILITY,Centro Olio Val d'Agri
2023-06-09 23:00:00,0.0,IT.CAED/850592002.FACILITY,Centro Olio Val d'Agri
2023-06-10 00:00:00,0.0,IT.CAED/850592002.FACILITY,Centro Olio Val d'Agri
2023-06-10 01:00:00,0.0,IT.CAED/850592002.FACILITY,Centro Olio Val d'Agri
2023-06-10 02:00:00,0.0,IT.CAED/850592002.FACILITY,Centro Olio Val d'Agri
2023-06-10 03:00:00,0.0,IT.CAED/850592002.FACILITY,Centro Olio Val d'Agri
2023-06-10 04:00:00,0.0,IT.CAED/850592002.FACILITY,Centro Olio Val d'Agri
2023-06-10 05:00:00,0.0,IT.CAED/850592002.FACILITY,Centro Olio Val d'Agri
2023-06-10 06:00:00,0.029670000000000002,IT.CAED/850592002.FACILITY,Centro Olio Val d'Agri
2023-06-10 07:00:00,0.046740000000000004,IT.CAED/850592002.FACILITY,Centro Olio Val d'Agri
2023-06-10 08:00:00,0.22773,IT.CAED/850592002.FACILITY,Centro Olio Val d'Agri
2023-06-10 09:00:00,0.35126999999999997,IT.CAED/850592002.FACILITY,Centro Olio Val d'Agri
2023-06-10 10:00:00,0.27127999999999997,IT.CAED/850592002.FACILITY,Centro Olio Val d'Agri
2023-06-10 11:00:00,0.29244,IT.CAED/850592002.FACILITY,Centro Olio Val d'Agri
2023-06-10 12:00:00,0.21168,IT.CAED/850592002.FACILITY,Centro Olio Val d'Agri
2023-06-10 13:00:00,0.35539,IT.CAED/850592002.FACILITY,Centro Olio Val d'Agri
2023-06-10 14:00:00,0.43383,IT.CAED/850592002.FACILITY,Centro Olio Val d'Agri
2023-06-10 15:00:00,0.3685,IT.CAED/850592002.FACILITY,Centro Olio Val d'Agri
2023-06-10 16:00:00,0.30147,IT.CAED/850592002.FACILITY,Centro Olio Val d'Agri
2023-06-10 17:00:00,0.15102000000000002,IT.CAED/850592002.FACILITY,Centro Olio Val d'Agri
2023-06-10 18:00:00,0.04548,IT.CAED/850592002.FACILITY,Centro Olio Val d'Agri
2023-06-10 19:00:00,0.01572,IT.CAED/850592002.FACILITY,Centro Olio Val d'Agri
2023-06-10 20:00:00,0.0,IT.CAED/850592002.FACILITY,Centro Olio Val d'Agri
2023-06-10 21:00:00,0.0,IT.CAED/850592002.FACILITY,Centro Olio Val d'Agri
2023-06-10 22:00:00,0.0,IT.CAED/850592002.FACILITY,Centro Olio Val d'Agri
2023-06-10 23:00:00,0.0,IT.CAED/850592002.FACILITY,Centro Olio Val d'Agri
2023-06-11 00:00:00,0.0,IT.CAED/850592002.FACILITY,Centro Olio Val d'Agri
2023-06-11 01:00:00,0.0,IT.CAED/850592002.FACILITY,Centro Olio Val d'Agri
2023-06-11 02:00:00,0.0,IT.CAED/850592002.FACILITY,Centro Olio Val d'Agri
2023-06-11 03:00:00,0.0,IT.CAED/850592002.FACILITY,Centro Olio Val d'Agri
2023-06-11 04:00:00,0.0,IT.CAED/850592002.FACILITY,Centro Olio Val d'Agri
2023-06-11 05:00:00,0.0,IT.CAED/850592002.FACILITY,Centro Olio Val d'Agri
2023-06-11 06:00:00,0.022850000000000002,IT.CAED/850592002.FACILITY,Centro Olio Val d'Agri
2023-06-11 07:00:00,0.0765,IT.CAED/850592002.FACILITY,Centro Olio Val d'Agri
2023-06-11 08:00:00,0.2876,IT.CAED/850592002.FACILITY,Centro Olio Val d'Agri
2023-06-11 09:00:00,0.46234,IT.CAED/850592002.FACILITY,Centro Olio Val d'Agri
2023-06-11 10:00:00,0.5947,IT.CAED/850592002.FACILITY,Centro Olio Val d'Agri
2023-06-11 11:00:00,0.61325,IT.CAED/850592002.FACILITY,Centro Olio Val d'Agri
2023-06-11 12:00:00,0.7414700000000001,IT.CAED/850592002.FACILITY,Centro Olio Val d'Agri
2023-06-11 13:00:00,0.55596,IT.CAED/850592002.FACILITY,Centro Olio Val d'Agri
2023-06-11 14:00:00,0.49799,IT.CAED/850592002.FACILITY,Centro Olio Val d'Agri
2023-06-11 15:00:00,0.4753,IT.CAED/850592002.FACILITY,Centro Olio Val d'Agri
2023-06-11 16:00:00,0.26747000000000004,IT.CAED/850592002.FACILITY,Centro Olio Val d'Agri
2023-06-11 17:00:00,0.1646,IT.CAED/850592002.FACILITY,Centro Olio Val d'Agri
2023-06-11 18:00:00,0.07068,IT.CAED/850592002.FACILITY,Centro Olio Val d'Agri
2023-06-11 19:00:00,0.01662,IT.CAED/850592002.FACILITY,Centro Olio Val d'Agri
2023-06-11 20:00:00,0.0,IT.CAED/850592002.FACILITY,Centro Olio Val d'Agri
2023-06-11 21:00:00,0.0,IT.CAED/850592002.FACILITY,Centro Olio Val d'Agri
2023-06-11 22:00:00,0.0,IT.CAED/850592002.FACILITY,Centro Olio Val d'Agri
2023-06-11 23:00:00,0.0,IT.CAED/850592002.FACILITY,Centro Olio Val d'Agri
2023-06-12 00:00:00,0.0,IT.CAED/850592002.FACILITY,Centro Olio Val d'Agri
2023-06-12 01:00:00,0.0,IT.CAED/850592002.FACILITY,Centro Olio Val d'Agri
2023-06-12 02:00:00,0.0,IT.CAED/850592002.FACILITY,Centro Olio Val d'Agri
2023-06-12 03:00:00,0.0,IT.CAED/850592002.FACILITY,Centro Olio Val d'Agri
2023-06-12 04:00:00,0.0,IT.CAED/850592002.FACILITY,Centro Olio Val d'Agri
2023-06-12 05:00:00,0.0,IT.CAED/850592002.FACILITY,Centro Olio Val d'Agri
2023-06-12 06:00:00,0.02786,IT.CAED/850592002.FACILITY,Centro Olio Val d'Agri
2023-06-12 07:00:00,0.10154,IT.CAED/850592002.FACILITY,Centro Olio Val d'Agri
2023-06-12 08:00:00,0.23325,IT.CAED/850592002.FACILITY,Centro Olio Val d'Agri
2023-06-12 09:00:00,0.41969,IT.CAED/850592002.FACILITY,Centro Olio Val d'Agri
2023-06-12 10:00:00,0.62849,IT.CAED/850592002.FACILITY,Centro Olio Val d'Agri
2023-06-12 11:00:00,0.61675,IT.CAED/850592002.FACILITY,Centro Olio Val d'Agri
2023-06-12 12:00:00,0.73976,IT.CAED/850592002.FACILITY,Centro Olio Val d'Agri
2023-06-12 13:00:00,0.6244700000000001,IT.CAED/850592002.FACILITY,Centro Olio Val d'Agri
2023-06-12 14:00:00,0.41064999999999996,IT.CAED/850592002.FACILITY,Centro Olio Val d'Agri
2023-06-12 15:00:00,0.27624,IT.CAED/850592002.FACILITY,Centro Olio Val d'Agri
2023-06-12 16:00:00,0.2697,IT.CAED/850592002.FACILITY,Centro Olio Val d'Agri
2023-06-12 17:00:00,0.13232,IT.CAED/850592002.FACILITY,Centro Olio Val d'Agri
2023-06-12 18:00:00,0.07413,IT.CAED/850592002.FACILITY,Centro Olio Val d'Agri
2023-06-12 19:00:00,0.02076,IT.CAED/850592002.FACILITY,Centro Olio Val d'Agri
2023-06-12 20:00:00,0.0,IT.CAED/850592002.FACILITY,Centro Olio Val d'Agri
2023-06-12 21:00:00,0.0,IT.CAED/850592002.FACILITY,Centro Olio Val d'Agri
2023-06-12 22:00:00,0.0,IT.CAED/850592002.FACILITY,Centro Olio Val d'Agri
2023-06-12 23:00:00,0.0,IT.CAED/850592002.FACILITY,Centro Olio Val d'Agri
2023-06-13 00:00:00,0.0,IT.CAED/850592002.FACILITY,Centro Olio Val d'Agri
2023-06-13 01:00:00,0.0,IT.CAED/850592002.FACILITY,Centro Olio Val d'Agri
2023-06-13 02:00:00,0.0,IT.CAED/850592002.FACILITY,Centro Olio Val d'Agri
2023-06-13 03:00:00,0.0,IT.CAED/850592002.FACILITY,Centro Olio Val d'Agri
2023-06-13 04:00:00,0.0,IT.CAED/850592002.FACILITY,Centro Olio Val d'Agri
2023-06-13 05:00:00,0.0,IT.CAED/850592002.FACILITY,Centro Olio Val d'Agri
2023-06-13 06:00:00,0.03003,IT.CAED/850592002.FACILITY,Centro Olio Val d'Agri
2023-06-13 07:00:00,0.09714,IT.CAED/850592002.FACILITY,Centro Olio Val d'Agri
2023-06-13 08:00:00,0.272,IT.CAED/850592002.FACILITY,Centro Olio Val d'Agri
2023-06-13 09:00:00,0.47552999999999995,IT.CAED/850592002.FACILITY,Centro Olio Val d'Agri
2023-06-13 10:00:00,0.60637,IT.CAED/850592002.FACILITY,Centro Olio Val d'Agri
2023-06-13 11:00:00,0.56632,IT.CAED/850592002.FACILITY,Centro Olio Val d'Agri
2023-06-13 12:00:00,0.6362599999999999,IT.CAED/850592002.FACILITY,Centro Olio Val d'Agri
2023-06-13 13:00:00,0.7074199999999999,IT.CAED/850592002.FACILITY,Centro Olio Val d'Agri
2023-06-13 14:00:00,0.46525,IT.CAED/850592002.FACILITY,Centro Olio Val d'Agri
2023-06-13 15:00:00,0.39515,IT.CAED/850592002.FACILITY,Centro Olio Val d'Agri
2023-06-13 16:00:00,0.18925999999999998,IT.CAED/850592002.FACILITY,Centro Olio Val d'Agri
2023-06-13 17:00:00,0.15209999999999999,IT.CAED/850592002.FACILITY,Centro Olio Val d'Agri
2023-06-13 18:00:00,0.08556,IT.CAED/850592002.FACILITY,Centro Olio Val d'Agri
2023-06-13 19:00:00,0.026359999999999998,IT.CAED/850592002.FACILITY,Centro Olio Val d'Agri
2023-06-13 20:00:00,0.0,IT.CAED/850592002.FACILITY,Centro Olio Val d'Agri
2023-06-13 21:00:00,0.0,IT.CAED/850592002.FACILITY,Centro Olio Val d'Agri
2023-06-13 22:00:00,0.0,IT.CAED/850592002.FACILITY,Centro Olio Val d'Agri
2023-06-13 23:00:00,0.0,IT.CAED/850592002.FACILITY,Centro Olio Val d'Agri
2023-06-14 00:00:00,0.0,IT.CAED/850592002.FACILITY,Centro Olio Val d'Agri
2023-06-14 01:00:00,0.0,IT.CAED/850592002.FACILITY,Centro Olio Val d'Agri
2023-06-14 02:00:00,0.0,IT.CAED/850592002.FACILITY,Centro Olio Val d'Agri
2023-06-14 03:00:00,0.0,IT.CAED/850592002.FACILITY,Centro Olio Val d'Agri
2023-06-14 04:00:00,0.0,IT.CAED/850592002.FACILITY,Centro Olio Val d'Agri
2023-06-14 05:00:00,0.0,IT.CAED/850592002.FACILITY,Centro Olio Val d'Agri
2023-06-14 06:00:00,0.026760000000000003,IT.CAED/850592002.FACILITY,Centro Olio Val d'Agri
2023-06-14 07:00:00,0.11511,IT.CAED/850592002.FACILITY,Centro Olio Val d'Agri
2023-06-14 08:00:00,0.28045,IT.CAED/850592002.FACILITY,Centro Olio Val d'Agri
2023-06-14 09:00:00,0.45206,IT.CAED/850592002.FACILITY,Centro Olio Val d'Agri
2023-06-14 10:00:00,0.5756,IT.CAED/850592002.FACILITY,Centro Olio Val d'Agri
2023-06-14 11:00:00,0.61995,IT.CAED/850592002.FACILITY,Centro Olio Val d'Agri
2023-06-14 12:00:00,0.64297,IT.CAED/850592002.FACILITY,Centro Olio Val d'Agri
2023-06-14 13:00:00,0.37936000000000003,IT.CAED/850592002.FACILITY,Centro Olio Val d'Agri
2023-06-14 14:00:00,0.33454,IT.CAED/850592002.FACILITY,Centro Olio Val d'Agri
2023-06-14 15:00:00,0.36401999999999995,IT.CAED/850592002.FACILITY,Centro Olio Val d'Agri
2023-06-14 16:00:00,0.34884,IT.CAED/850592002.FACILITY,Centro Olio Val d'Agri
2023-06-14 17:00:00,0.20585,IT.CAED/850592002.FACILITY,Centro Olio Val d'Agri
2023-06-14 18:00:00,0.08295999999999999,IT.CAED/850592002.FACILITY,Centro Olio Val d'Agri
2023-06-14 19:00:00,0.02169,IT.CAED/850592002.FACILITY,Centro Olio Val d'Agri
2023-06-14 20:00:00,0.0,IT.CAED/850592002.FACILITY,Centro Olio Val d'Agri
2023-06-14 21:00:00,0.0,IT.CAED/850592002.FACILITY,Centro Olio Val d'Agri
2023-06-14 22:00:00,0.0,IT.CAED/850592002.FACILITY,Centro Olio Val d'Agri
2023-06-14 23:00:00,0.0,IT.CAED/850592002.FACILITY,Centro Olio Val d'Agri
2023-06-15 00:00:00,0.0,IT.CAED/850592002.FACILITY,Centro Olio Val d'Agri
2023-06-15 01:00:00,0.0,IT.CAED/850592002.FACILITY,Centro Olio Val d'Agri
2023-06-15 02:00:00,0.0,IT.CAED/850592002.FACILITY,Centro Olio Val d'Agri
2023-06-15 03:00:00,0.0,IT.CAED/850592002.FACILITY,Centro Olio Val d'Agri
2023-06-15 04:00:00,0.0,IT.CAED/850592002.FACILITY,Centro Olio Val d'Agri
2023-06-15 05:00:00,0.0,IT.CAED/850592002.FACILITY,Centro Olio Val d'Agri
2023-06-15 06:00:00,0.01607,IT.CAED/850592002.FACILITY,Centro Olio Val d'Agri
2023-06-15 07:00:00,0.06992,IT.CAED/850592002.FACILITY,Centro Olio Val d'Agri
2023-06-15 08:00:00,0.23958000000000002,IT.CAED/850592002.FACILITY,Centro Olio Val d'Agri
2023-06-15 09:00:00,0.41357,IT.CAED/850592002.FACILITY,Centro Olio Val d'Agri
2023-06-15 10:00:00,0.5304800000000001,IT.CAED/850592002.FACILITY,Centro Olio Val d'Agri
2023-06-15 11:00:00,0.67536,IT.CAED/850592002.FACILITY,Centro Olio Val d'Agri
2023-06-15 12:00:00,0.65147,IT.CAED/850592002.FACILITY,Centro Olio Val d'Agri
2023-06-15 13:00:00,0.63877,IT.CAED/850592002.FACILITY,Centro Olio Val d'Agri
2023-06-15 14:00:00,0.44593,IT.CAED/850592002.FACILITY,Centro Olio Val d'Agri
2023-06-15 15:00:00,0.50957,IT.CAED/850592002.FACILITY,Centro Olio Val d'Agri
2023-06-15 16:00:00,0.17163,IT.CAED/850592002.FACILITY,Centro Olio Val d'Agri
2023-06-15 17:00:00,0.21166,IT.CAED/850592002.FACILITY,Centro Olio Val d'Agri
2023-06-15 18:00:00,0.07645,IT.CAED/850592002.FACILITY,Centro Olio Val d'Agri
2023-06-15 19:00:00,0.01763,IT.CAED/850592002.FACILITY,Centro Olio Val d'Agri
2023-06-15 20:00:00,0.0,IT.CAED/850592002.FACILITY,Centro Olio Val d'Agri
2023-06-15 21:00:00,0.0,IT.CAED/850592002.FACILITY,Centro Olio Val d'Agri
2023-06-15 22:00:00,0.0,IT.CAED/850592002.FACILITY,Centro Olio Val d'Agri
2023-06-15 23:00:00,0.0,IT.CAED/850592002.FACILITY,Centro Olio Val d'Agri
2023-06-16 00:00:00,0.0,IT.CAED/850592002.FACILITY,Centro Olio Val d'Agri
2023-06-16 01:00:00,0.0,IT.CAED/850592002.FACILITY,Centro Olio Val d'Agri
2023-06-16 02:00:00,0.0,IT.CAED/850592002.FACILITY,Centro Olio Val d'Agri
2023-06-16 03:00:00,0.0,IT.CAED/850592002.FACILITY,Centro Olio Val d'Agri
2023-06-16 04:00:00,0.0,IT.CAED/850592002.FACILITY,Centro Olio Val d'Agri
2023-06-16 05:00:00,0.0,IT.CAED/850592002.FACILITY,Centro Olio Val d'Agri
2023-06-16 06:00:00,0.02845,IT.CAED/850592002.FACILITY,Centro Olio Val d'Agri
2023-06-16 07:00:00,0.0987,IT.CAED/850592002.FACILITY,Centro Olio Val d'Agri
2023-06-16 08:00:00,0.28302999999999995,IT.CAED/850592002.FACILITY,Centro Olio Val d'Agri
2023-06-16 09:00:00,0.41243,IT.CAED/850592002.FACILITY,Centro Olio Val d'Agri
2023-06-16 10:00:00,0.46991000000000005,IT.CAED/850592002.FACILITY,Centro Olio Val d'Agri
2023-06-16 11:00:00,0.55004,IT.CAED/850592002.FACILITY,Centro Olio Val d'Agri
2023-06-16 12:00:00,0.48733,IT.CAED/850592002.FACILITY,Centro Olio Val d'Agri
2023-06-16 13:00:00,0.7330099999999999,IT.CAED/850592002.FACILITY,Centro Olio Val d'Agri
2023-06-16 14:00:00,0.66462,IT.CAED/850592002.FACILITY,Centro Olio Val d'Agri
2023-06-16 15:00:00,0.51885,IT.CAED/850592002.FACILITY,Centro Olio Val d'Agri
2023-06-16 16:00:00,0.42308999999999997,IT.CAED/850592002.FACILITY,Centro Olio Val d'Agri
2023-06-16 17:00:00,0.26565,IT.CAED/850592002.FACILITY,Centro Olio Val d'Agri
2023-06-16 18:00:00,0.07454999999999999,IT.CAED/850592002.FACILITY,Centro Olio Val d'Agri
2023-06-16 19:00:00,0.0216,IT.CAED/850592002.FACILITY,Centro Olio Val d'Agri
2023-06-16 20:00:00,0.0,IT.CAED/850592002.FACILITY,Centro Olio Val d'Agri
2023-06-16 21:00:00,0.0,IT.CAED/850592002.FACILITY,Centro Olio Val d'Agri
2023-06-16 22:00:00,0.0,IT.CAED/850592002.FACILITY,Centro Olio Val d'Agri
2023-06-16 23:00:00,0.0,IT.CAED/850592002.FACILITY,Centro Olio Val d'Agri
2023-06-17 00:00:00,0.0,IT.CAED/850592002.FACILITY,Centro Olio Val d'Agri
2023-06-17 01:00:00,0.0,IT.CAED/850592002.FACILITY,Centro Olio Val d'Agri
2023-06-17 02:00:00,0.0,IT.CAED/850592002.FACILITY,Centro Olio Val d'Agri
2023-06-17 03:00:00,0.0,IT.CAED/850592002.FACILITY,Centro Olio Val d'Agri
2023-06-17 04:00:00,0.0,IT.CAED/850592002.FACILITY,Centro Olio Val d'Agri
2023-06-17 05:00:00,0.0,IT.CAED/850592002.FACILITY,Centro Olio Val d'Agri
2023-06-17 06:00:00,0.02693,IT.CAED/850592002.FACILITY,Centro Olio Val d'Agri
2023-06-17 07:00:00,0.09422,IT.CAED/850592002.FACILITY,Centro Olio Val d'Agri
2023-06-17 08:00:00,0.31193,IT.CAED/850592002.FACILITY,Centro Olio Val d'Agri
2023-06-17 09:00:00,0.52939,IT.CAED/850592002.FACILITY,Centro Olio Val d'Agri
2023-06-17 10:00:00,0.6825800000000001,IT.CAED/850592002.FACILITY,Centro Olio Val d'Agri
2023-06-17 11:00:00,0.75951,IT.CAED/850592002.FACILITY,Centro Olio Val d'Agri
2023-06-17 12:00:00,0.79798,IT.CAED/850592002.FACILITY,Centro Olio Val d'Agri
2023-06-17 13:00:00,0.71582,IT.CAED/850592002.FACILITY,Centro Olio Val d'Agri
2023-06-17 14:00:00,0.62199,IT.CAED/850592002.FACILITY,Centro Olio Val d'Agri
2023-06-17 15:00:00,0.55943,IT.CAED/850592002.FACILITY,Centro Olio Val d'Agri
2023-06-17 16:00:00,0.45086000000000004,IT.CAED/850592002.FACILITY,Centro Olio Val d'Agri
2023-06-17 17:00:00,0.27366,IT.CAED/850592002.FACILITY,Centro Olio Val d'Agri
2023-06-17 18:00:00,0.07365000000000001,IT.CAED/850592002.FACILITY,Centro Olio Val d'Agri
2023-06-17 19:00:00,0.021929999999999998,IT.CAED/850592002.FACILITY,Centro Olio Val d'Agri
2023-06-17 20:00:00,0.0,IT.CAED/850592002.FACILITY,Centro Olio Val d'Agri
2023-06-17 21:00:00,0.0,IT.CAED/850592002.FACILITY,Centro Olio Val d'Agri
2023-06-17 22:00:00,0.0,IT.CAED/850592002.FACILITY,Centro Olio Val d'Agri
2023-06-17 23:00:00,0.0,IT.CAED/850592002.FACILITY,Centro Olio Val d'Agri
2023-06-18 00:00:00,0.0,IT.CAED/850592002.FACILITY,Centro Olio Val d'Agri
2023-06-18 01:00:00,0.0,IT.CAED/850592002.FACILITY,Centro Olio Val d'Agri
2023-06-18 02:00:00,0.0,IT.CAED/850592002.FACILITY,Centro Olio Val d'Agri
2023-06-18 03:00:00,0.0,IT.CAED/850592002.FACILITY,Centro Olio Val d'Agri
2023-06-18 04:00:00,0.0,IT.CAED/850592002.FACILITY,Centro Olio Val d'Agri
2023-06-18 05:00:00,0.0,IT.CAED/850592002.FACILITY,Centro Olio Val d'Agri
2023-06-18 06:00:00,0.0264,IT.CAED/850592002.FACILITY,Centro Olio Val d'Agri
2023-06-18 07:00:00,0.09215999999999999,IT.CAED/850592002.FACILITY,Centro Olio Val d'Agri
2023-06-18 08:00:00,0.31007,IT.CAED/850592002.FACILITY,Centro Olio Val d'Agri
2023-06-18 09:00:00,0.5252899999999999,IT.CAED/850592002.FACILITY,Centro Olio Val d'Agri
2023-06-18 10:00:00,0.69265,IT.CAED/850592002.FACILITY,Centro Olio Val d'Agri
2023-06-18 11:00:00,0.80331,IT.CAED/850592002.FACILITY,Centro Olio Val d'Agri
2023-06-18 12:00:00,0.85385,IT.CAED/850592002.FACILITY,Centro Olio Val d'Agri
2023-06-18 13:00:00,0.84514,IT.CAED/850592002.FACILITY,Centro Olio Val d'Agri
2023-06-18 14:00:00,0.7817200000000001,IT.CAED/850592002.FACILITY,Centro Olio Val d'Agri
2023-06-18 15:00:00,0.66401,IT.CAED/850592002.FACILITY,Centro Olio Val d'Agri
2023-06-18 16:00:00,0.49359,IT.CAED/850592002.FACILITY,Centro Olio Val d'Agri
2023-06-18 17:00:00,0.27918,IT.CAED/850592002.FACILITY,Centro Olio Val d'Agri
2023-06-18 18:00:00,0.07271999999999999,IT.CAED/850592002.FACILITY,Centro Olio Val d'Agri
2023-06-18 19:00:00,0.022109999999999998,IT.CAED/850592002.FACILITY,Centro Olio Val d'Agri
2023-06-18 20:00:00,0.0,IT.CAED/850592002.FACILITY,Centro Olio Val d'Agri
2023-06-18 21:00:00,0.0,IT.CAED/850592002.FACILITY,Centro Olio Val d'Agri
2023-06-18 22:00:00,0.0,IT.CAED/850592002.FACILITY,Centro Olio Val d'Agri
2023-06-18 23:00:00,0.0,IT.CAED/850592002.FACILITY,Centro Olio Val d'Agri
2023-06-19 00:00:00,0.0,IT.CAED/850592002.FACILITY,Centro Olio Val d'Agri
2023-06-19 01:00:00,0.0,IT.CAED/850592002.FACILITY,Centro Olio Val d'Agri
2023-06-19 02:00:00,0.0,IT.CAED/850592002.FACILITY,Centro Olio Val d'Agri
2023-06-19 03:00:00,0.0,IT.CAED/850592002.FACILITY,Centro Olio Val d'Agri
2023-06-19 04:00:00,0.0,IT.CAED/850592002.FACILITY,Centro Olio Val d'Agri
2023-06-19 05:00:00,0.0,IT.CAED/850592002.FACILITY,Centro Olio Val d'Agri
2023-06-19 06:00:00,0.02598,IT.CAED/850592002.FACILITY,Centro Olio Val d'Agri
2023-06-19 07:00:00,0.09018999999999999,IT.CAED/850592002.FACILITY,Centro Olio Val d'Agri
2023-06-19 08:00:00,0.30648000000000003,IT.CAED/850592002.FACILITY,Centro Olio Val d'Agri
2023-06-19 09:00:00,0.5119,IT.CAED/850592002.FACILITY,Centro Olio Val d'Agri
2023-06-19 10:00:00,0.6691699999999999,IT.CAED/850592002.FACILITY,Centro Olio Val d'Agri
2023-06-19 11:00:00,0.77093,IT.CAED/850592002.FACILITY,Centro Olio Val d'Agri
2023-06-19 12:00:00,0.81198,IT.CAED/850592002.FACILITY,Centro Olio Val d'Agri
2023-06-19 13:00:00,0.78419,IT.CAED/850592002.FACILITY,Centro Olio Val d'Agri
2023-06-19 14:00:00,0.7268600000000001,IT.CAED/850592002.FACILITY,Centro Olio Val d'Agri
2023-06-19 15:00:00,0.6249199999999999,IT.CAED/850592002.FACILITY,Centro Olio Val d'Agri
2023-06-19 16:00:00,0.46632999999999997,IT.CAED/850592002.FACILITY,Centro Olio Val d'Agri
2023-06-19 17:00:00,0.27019,IT.CAED/850592002.FACILITY,Centro Olio Val d'Agri
2023-06-19 18:00:00,0.07127,IT.CAED/850592002.FACILITY,Centro Olio Val d'Agri
2023-06-19 19:00:00,0.02109,IT.CAED/850592002.FACILITY,Centro Olio Val d'Agri
2023-06-19 20:00:00,0.0,IT.CAED/850592002.FACILITY,Centro Olio Val d'Agri
2023-06-19 21:00:00,0.0,IT.CAED/850592002.FACILITY,Centro Olio Val d'Agri
2023-06-19 22:00:00,0.0,IT.CAED/850592002.FACILITY,Centro Olio Val d'Agri
2023-06-19 23:00:00,0.0,IT.CAED/850592002.FACILITY,Centro Olio Val d'Agri
2023-06-20 00:00:00,0.0,IT.CAED/850592002.FACILITY,Centro Olio Val d'Agri
2023-06-20 01:00:00,0.0,IT.CAED/850592002.FACILITY,Centro Olio Val d'Agri
2023-06-20 02:00:00,0.0,IT.CAED/850592002.FACILITY,Centro Olio Val d'Agri
2023-06-20 03:00:00,0.0,IT.CAED/850592002.FACILITY,Centro Olio Val d'Agri
2023-06-20 04:00:00,0.0,IT.CAED/850592002.FACILITY,Centro Olio Val d'Agri
2023-06-20 05:00:00,0.0,IT.CAED/850592002.FACILITY,Centro Olio Val d'Agri
2023-06-20 06:00:00,0.02498,IT.CAED/850592002.FACILITY,Centro Olio Val d'Agri
2023-06-20 07:00:00,0.08727,IT.CAED/850592002.FACILITY,Centro Olio Val d'Agri
2023-06-20 08:00:00,0.29318,IT.CAED/850592002.FACILITY,Centro Olio Val d'Agri
2023-06-20 09:00:00,0.49,IT.CAED/850592002.FACILITY,Centro Olio Val d'Agri
2023-06-20 10:00:00,0.64281,IT.CAED/850592002.FACILITY,Centro Olio Val d'Agri
2023-06-20 11:00:00,0.73934,IT.CAED/850592002.FACILITY,Centro Olio Val d'Agri
2023-06-20 12:00:00,0.7819299999999999,IT.CAED/850592002.FACILITY,Centro Olio Val d'Agri
2023-06-20 13:00:00,0.77875,IT.CAED/850592002.FACILITY,Centro Olio Val d'Agri
2023-06-20 14:00:00,0.72693,IT.CAED/850592002.FACILITY,Centro Olio Val d'Agri
2023-06-20 15:00:00,0.62173,IT.CAED/850592002.FACILITY,Centro Olio Val d'Agri
2023-06-20 16:00:00,0.46508999999999995,IT.CAED/850592002.FACILITY,Centro Olio Val d'Agri
2023-06-20 17:00:00,0.26521,IT.CAED/850592002.FACILITY,Centro Olio Val d'Agri
2023-06-20 18:00:00,0.07062,IT.CAED/850592002.FACILITY,Centro Olio Val d'Agri
2023-06-20 19:00:00,0.02091,IT.CAED/850592002.FACILITY,Centro Olio Val d'Agri
2023-06-20 20:00:00,0.0,IT.CAED/850592002.FACILITY,Centro Olio Val d'Agri
2023-06-20 21:00:00,0.0,IT.CAED/850592002.FACILITY,Centro Olio Val d'Agri
2023-06-20 22:00:00,0.0,IT.CAED/850592002.FACILITY,Centro Olio Val d'Agri
2023-06-20 23:00:00,0.0,IT.CAED/850592002.FACILITY,Centro Olio Val d'Agri
2023-06-21 00:00:00,0.0,IT.CAED/850592002.FACILITY,Centro Olio Val d'Agri
2023-06-21 01:00:00,0.0,IT.CAED/850592002.FACILITY,Centro Olio Val d'Agri
2023-06-21 02:00:00,0.0,IT.CAED/850592002.FACILITY,Centro Olio Val d'Agri
2023-06-21 03:00:00,0.0,IT.CAED/850592002.FACILITY,Centro Olio Val d'Agri
2023-06-21 04:00:00,0.0,IT.CAED/850592002.FACILITY,Centro Olio Val d'Agri
2023-06-21 05:00:00,0.0,IT.CAED/850592002.FACILITY,Centro Olio Val d'Agri
2023-06-21 06:00:00,0.02451,IT.CAED/850592002.FACILITY,Centro Olio Val d'Agri
2023-06-21 07:00:00,0.0856,IT.CAED/850592002.FACILITY,Centro Olio Val d'Agri
2023-06-21 08:00:00,0.28954,IT.CAED/850592002.FACILITY,Centro Olio Val d'Agri
2023-06-21 09:00:00,0.48168,IT.CAED/850592002.FACILITY,Centro Olio Val d'Agri
2023-06-21 10:00:00,0.6283200000000001,IT.CAED/850592002.FACILITY,Centro Olio Val d'Agri
2023-06-21 11:00:00,0.72712,IT.CAED/850592002.FACILITY,Centro Olio Val d'Agri
2023-06-21 12:00:00,0.77473,IT.CAED/850592002.FACILITY,Centro Olio Val d'Agri
2023-06-21 13:00:00,0.77765,IT.CAED/850592002.FACILITY,Centro Olio Val d'Agri
2023-06-21 14:00:00,0.72449,IT.CAED/850592002.FACILITY,Centro Olio Val d'Agri
2023-06-21 15:00:00,0.6196799999999999,IT.CAED/850592002.FACILITY,Centro Olio Val d'Agri
2023-06-21 16:00:00,0.46349,IT.CAED/850592002.FACILITY,Centro Olio Val d'Agri
2023-06-21 17:00:00,0.26402,IT.CAED/850592002.FACILITY,Centro Olio Val d'Agri
2023-06-21 18:00:00,0.06991,IT.CAED/850592002.FACILITY,Centro Olio Val d'Agri
2023-06-21 19:00:00,0.020640000000000002,IT.CAED/850592002.FACILITY,Centro Olio Val d'Agri
2023-06-21 20:00:00,0.0,IT.CAED/850592002.FACILITY,Centro Olio Val d'Agri
2023-06-21 21:00:00,0.0,IT.CAED/850592002.FACILITY,Centro Olio Val d'Agri
2023-06-21 22:00:00,0.0,IT.CAED/850592002.FACILITY,Centro Olio Val d'Agri
2023-06-21 23:00:00,0.0,IT.CAED/850592002.FACILITY,Centro Olio Val d'Agri
2023-06-22 00:00:00,0.0,IT.CAED/850592002.FACILITY,Centro Olio Val d'Agri
2023-06-22 01:00:00,0.0,IT.CAED/850592002.FACILITY,Centro Olio Val d'Agri
2023-06-22 02:00:00,0.0,IT.CAED/850592002.FACILITY,Centro Olio Val d'Agri
2023-06-22 03:00:00,0.0,IT.CAED/850592002.FACILITY,Centro Olio Val d'Agri
2023-06-22 04:00:00,0.0,IT.CAED/850592002.FACILITY,Centro Olio Val d'Agri
2023-06-22 05:00:00,0.0,IT.CAED/850592002.FACILITY,Centro Olio Val d'Agri
2023-06-22 06:00:00,0.023710000000000002,IT.CAED/850592002.FACILITY,Centro Olio Val d'Agri
2023-06-22 07:00:00,0.08353000000000001,IT.CAED/850592002.FACILITY,Centro Olio Val d'Agri
2023-06-22 08:00:00,0.28781,IT.CAED/850592002.FACILITY,Centro Olio Val d'Agri
2023-06-22 09:00:00,0.48164999999999997,IT.CAED/850592002.FACILITY,Centro Olio Val d'Agri
2023-06-22 10:00:00,0.62767,IT.CAED/850592002.FACILITY,Centro Olio Val d'Agri
2023-06-22 11:00:00,0.72774,IT.CAED/850592002.FACILITY,Centro Olio Val d'Agri
2023-06-22 12:00:00,0.7767200000000001,IT.CAED/850592002.FACILITY,Centro Olio Val d'Agri
2023-06-22 13:00:00,0.77298,IT.CAED/850592002.FACILITY,Centro Olio Val d'Agri
2023-06-22 14:00:00,0.71815,IT.CAED/850592002.FACILITY,Centro Olio Val d'Agri
2023-06-22 15:00:00,0.57372,IT.CAED/850592002.FACILITY,Centro Olio Val d'Agri
2023-06-22 16:00:00,0.40816,IT.CAED/850592002.FACILITY,Centro Olio Val d'Agri
2023-06-22 17:00:00,0.24763,IT.CAED/850592002.FACILITY,Centro Olio Val d'Agri
2023-06-22 18:00:00,0.0683,IT.CAED/850592002.FACILITY,Centro Olio Val d'Agri
2023-06-22 19:00:00,0.020579999999999998,IT.CAED/850592002.FACILITY,Centro Olio Val d'Agri
2023-06-22 20:00:00,0.0,IT.CAED/850592002.FACILITY,Centro Olio Val d'Agri
2023-06-22 21:00:00,0.0,IT.CAED/850592002.FACILITY,Centro Olio Val d'Agri
2023-06-22 22:00:00,0.0,IT.CAED/850592002.FACILITY,Centro Olio Val d'Agri
2023-06-22 23:00:00,0.0,IT.CAED/850592002.FACILITY,Centro Olio Val d'Agri
2023-06-23 00:00:00,0.0,IT.CAED/850592002.FACILITY,Centro Olio Val d'Agri
2023-06-23 01:00:00,0.0,IT.CAED/850592002.FACILITY,Centro Olio Val d'Agri
2023-06-23 02:00:00,0.0,IT.CAED/850592002.FACILITY,Centro Olio Val d'Agri
2023-06-23 03:00:00,0.0,IT.CAED/850592002.FACILITY,Centro Olio Val d'Agri
2023-06-23 04:00:00,0.0,IT.CAED/850592002.FACILITY,Centro Olio Val d'Agri
2023-06-23 05:00:00,0.0,IT.CAED/850592002.FACILITY,Centro Olio Val d'Agri
2023-06-23 06:00:00,0.026010000000000002,IT.CAED/850592002.FACILITY,Centro Olio Val d'Agri
2023-06-23 07:00:00,0.08349,IT.CAED/850592002.FACILITY,Centro Olio Val d'Agri
2023-06-23 08:00:00,0.28935,IT.CAED/850592002.FACILITY,Centro Olio Val d'Agri
2023-06-23 09:00:00,0.48116000000000003,IT.CAED/850592002.FACILITY,Centro Olio Val d'Agri
2023-06-23 10:00:00,0.6296799999999999,IT.CAED/850592002.FACILITY,Centro Olio Val d'Agri
2023-06-23 11:00:00,0.7110299999999999,IT.CAED/850592002.FACILITY,Centro Olio Val d'Agri
2023-06-23 12:00:00,0.75046,IT.CAED/850592002.FACILITY,Centro Olio Val d'Agri
2023-06-23 13:00:00,0.73526,IT.CAED/850592002.FACILITY,Centro Olio Val d'Agri
2023-06-23 14:00:00,0.72264,IT.CAED/850592002.FACILITY,Centro Olio Val d'Agri
2023-06-23 15:00:00,0.6162000000000001,IT.CAED/850592002.FACILITY,Centro Olio Val d'Agri
2023-06-23 16:00:00,0.45746,IT.CAED/850592002.FACILITY,Centro Olio Val d'Agri
2023-06-23 17:00:00,0.25759,IT.CAED/850592002.FACILITY,Centro Olio Val d'Agri
2023-06-23 18:00:00,0.07145,IT.CAED/850592002.FACILITY,Centro Olio Val d'Agri
2023-06-23 19:00:00,0.0222,IT.CAED/850592002.FACILITY,Centro Olio Val d'Agri
2023-06-23 20:00:00,0.0,IT.CAED/850592002.FACILITY,Centro Olio Val d'Agri
2023-06-23 21:00:00,0.0,IT.CAED/850592002.FACILITY,Centro Olio Val d'Agri
2023-06-23 22:00:00,0.0,IT.CAED/850592002.FACILITY,Centro Olio Val d'Agri
2023-06-23 23:00:00,0.0,IT.CAED/850592002.FACILITY,Centro Olio Val d'Agri
2023-06-24 00:00:00,0.0,IT.CAED/850592002.FACILITY,Centro Olio Val d'Agri
2023-06-24 01:00:00,0.0,IT.CAED/850592002.FACILITY,Centro Olio Val d'Agri
2023-06-24 02:00:00,0.0,IT.CAED/850592002.FACILITY,Centro Olio Val d'Agri
2023-06-24 03:00:00,0.0,IT.CAED/850592002.FACILITY,Centro Olio Val d'Agri
2023-06-24 04:00:00,0.0,IT.CAED/850592002.FACILITY,Centro Olio Val d'Agri
2023-06-24 05:00:00,0.0,IT.CAED/850592002.FACILITY,Centro Olio Val d'Agri
2023-06-24 06:00:00,0.02539,IT.CAED/850592002.FACILITY,Centro Olio Val d'Agri
2023-06-24 07:00:00,0.09849,IT.CAED/850592002.FACILITY,Centro Olio Val d'Agri
2023-06-24 08:00:00,0.29287,IT.CAED/850592002.FACILITY,Centro Olio Val d'Agri
2023-06-24 09:00:00,0.49395,IT.CAED/850592002.FACILITY,Centro Olio Val d'Agri
2023-06-24 10:00:00,0.6119600000000001,IT.CAED/850592002.FACILITY,Centro Olio Val d'Agri
2023-06-24 11:00:00,0.6681699999999999,IT.CAED/850592002.FACILITY,Centro Olio Val d'Agri
2023-06-24 12:00:00,0.68304,IT.CAED/850592002.FACILITY,Centro Olio Val d'Agri
2023-06-24 13:00:00,0.75913,IT.CAED/850592002.FACILITY,Centro Olio Val d'Agri
2023-06-24 14:00:00,0.6846599999999999,IT.CAED/850592002.FACILITY,Centro Olio Val d'Agri
2023-06-24 15:00:00,0.61505,IT.CAED/850592002.FACILITY,Centro Olio Val d'Agri
2023-06-24 16:00:00,0.43468,IT.CAED/850592002.FACILITY,Centro Olio Val d'Agri
2023-06-24 17:00:00,0.24048,IT.CAED/850592002.FACILITY,Centro Olio Val d'Agri
2023-06-24 18:00:00,0.07841,IT.CAED/850592002.FACILITY,Centro Olio Val d'Agri
2023-06-24 19:00:00,0.023489999999999997,IT.CAED/850592002.FACILITY,Centro Olio Val d'Agri
2023-06-24 20:00:00,0.0,IT.CAED/850592002.FACILITY,Centro Olio Val d'Agri
2023-06-24 21:00:00,0.0,IT.CAED/850592002.FACILITY,Centro Olio Val d'Agri
2023-06-24 22:00:00,0.0,IT.CAED/850592002.FACILITY,Centro Olio Val d'Agri
2023-06-24 23:00:00,0.0,IT.CAED/850592002.FACILITY,Centro Olio Val d'Agri
2023-06-25 00:00:00,0.0,IT.CAED/850592002.FACILITY,Centro Olio Val d'Agri
2023-06-25 01:00:00,0.0,IT.CAED/850592002.FACILITY,Centro Olio Val d'Agri
2023-06-25 02:00:00,0.0,IT.CAED/850592002.FACILITY,Centro Olio Val d'Agri
2023-06-25 03:00:00,0.0,IT.CAED/850592002.FACILITY,Centro Olio Val d'Agri
2023-06-25 04:00:00,0.0,IT.CAED/850592002.FACILITY,Centro Olio Val d'Agri
2023-06-25 05:00:00,0.0,IT.CAED/850592002.FACILITY,Centro Olio Val d'Agri
2023-06-25 06:00:00,0.022539999999999998,IT.CAED/850592002.FACILITY,Centro Olio Val d'Agri
2023-06-25 07:00:00,0.07524,IT.CAED/850592002.FACILITY,Centro Olio Val d'Agri
2023-06-25 08:00:00,0.24296,IT.CAED/850592002.FACILITY,Centro Olio Val d'Agri
2023-06-25 09:00:00,0.37005,IT.CAED/850592002.FACILITY,Centro Olio Val d'Agri
2023-06-25 10:00:00,0.4446,IT.CAED/850592002.FACILITY,Centro Olio Val d'Agri
2023-06-25 11:00:00,0.62813,IT.CAED/850592002.FACILITY,Centro Olio Val d'Agri
2023-06-25 12:00:00,0.57076,IT.CAED/850592002.FACILITY,Centro Olio Val d'Agri
2023-06-25 13:00:00,0.65914,IT.CAED/850592002.FACILITY,Centro Olio Val d'Agri
2023-06-25 14:00:00,0.63182,IT.CAED/850592002.FACILITY,Centro Olio Val d'Agri
2023-06-25 15:00:00,0.51727,IT.CAED/850592002.FACILITY,Centro Olio Val d'Agri
2023-06-25 16:00:00,0.27955,IT.CAED/850592002.FACILITY,Centro Olio Val d'Agri
2023-06-25 17:00:00,0.17424,IT.CAED/850592002.FACILITY,Centro Olio Val d'Agri
2023-06-25 18:00:00,0.06317,IT.CAED/850592002.FACILITY,Centro Olio Val d'Agri
2023-06-25 19:00:00,0.0147,IT.CAED/850592002.FACILITY,Centro Olio Val d'Agri
2023-06-25 20:00:00,0.0,IT.CAED/850592002.FACILITY,Centro Olio Val d'Agri
2023-06-25 21:00:00,0.0,IT.CAED/850592002.FACILITY,Centro Olio Val d'Agri
2023-06-25 22:00:00,0.0,IT.CAED/850592002.FACILITY,Centro Olio Val d'Agri
2023-06-25 23:00:00,0.0,IT.CAED/850592002.FACILITY,Centro Olio Val d'Agri
2023-06-26 00:00:00,0.0,IT.CAED/850592002.FACILITY,Centro Olio Val d'Agri
2023-06-26 01:00:00,0.0,IT.CAED/850592002.FACILITY,Centro Olio Val d'Agri
2023-06-26 02:00:00,0.0,IT.CAED/850592002.FACILITY,Centro Olio Val d'Agri
2023-06-26 03:00:00,0.0,IT.CAED/850592002.FACILITY,Centro Olio Val d'Agri
2023-06-26 04:00:00,0.0,IT.CAED/850592002.FACILITY,Centro Olio Val d'Agri
2023-06-26 05:00:00,0.0,IT.CAED/850592002.FACILITY,Centro Olio Val d'Agri
2023-06-26 06:00:00,0.02466,IT.CAED/850592002.FACILITY,Centro Olio Val d'Agri
2023-06-26 07:00:00,0.0849,IT.CAED/850592002.FACILITY,Centro Olio Val d'Agri
2023-06-26 08:00:00,0.2924,IT.CAED/850592002.FACILITY,Centro Olio Val d'Agri
2023-06-26 09:00:00,0.49783,IT.CAED/850592002.FACILITY,Centro Olio Val d'Agri
2023-06-26 10:00:00,0.62917,IT.CAED/850592002.FACILITY,Centro Olio Val d'Agri
2023-06-26 11:00:00,0.66455,IT.CAED/850592002.FACILITY,Centro Olio Val d'Agri
2023-06-26 12:00:00,0.76403,IT.CAED/850592002.FACILITY,Centro Olio Val d'Agri
2023-06-26 13:00:00,0.48807999999999996,IT.CAED/850592002.FACILITY,Centro Olio Val d'Agri
2023-06-26 14:00:00,0.5573899999999999,IT.CAED/850592002.FACILITY,Centro Olio Val d'Agri
2023-06-26 15:00:00,0.50381,IT.CAED/850592002.FACILITY,Centro Olio Val d'Agri
2023-06-26 16:00:00,0.31606,IT.CAED/850592002.FACILITY,Centro Olio Val d'Agri
2023-06-26 17:00:00,0.19927,IT.CAED/850592002.FACILITY,Centro Olio Val d'Agri
2023-06-26 18:00:00,0.07239,IT.CAED/850592002.FACILITY,Centro Olio Val d'Agri
2023-06-26 19:00:00,0.02007,IT.CAED/850592002.FACILITY,Centro Olio Val d'Agri
2023-06-26 20:00:00,0.0,IT.CAED/850592002.FACILITY,Centro Olio Val d'Agri
2023-06-26 21:00:00,0.0,IT.CAED/850592002.FACILITY,Centro Olio Val d'Agri
2023-06-26 22:00:00,0.0,IT.CAED/850592002.FACILITY,Centro Olio Val d'Agri
2023-06-26 23:00:00,0.0,IT.CAED/850592002.FACILITY,Centro Olio Val d'Agri
2023-06-27 00:00:00,0.0,IT.CAED/850592002.FACILITY,Centro Olio Val d'Agri
2023-06-27 01:00:00,0.0,IT.CAED/850592002.FACILITY,Centro Olio Val d'Agri
2023-06-27 02:00:00,0.0,IT.CAED/850592002.FACILITY,Centro Olio Val d'Agri
2023-06-27 03:00:00,0.0,IT.CAED/850592002.FACILITY,Centro Olio Val d'Agri
2023-06-27 04:00:00,0.0,IT.CAED/850592002.FACILITY,Centro Olio Val d'Agri
2023-06-27 05:00:00,0.0,IT.CAED/850592002.FACILITY,Centro Olio Val d'Agri
2023-06-27 06:00:00,0.02509,IT.CAED/850592002.FACILITY,Centro Olio Val d'Agri
2023-06-27 07:00:00,0.08448,IT.CAED/850592002.FACILITY,Centro Olio Val d'Agri
2023-06-27 08:00:00,0.28812,IT.CAED/850592002.FACILITY,Centro Olio Val d'Agri
2023-06-27 09:00:00,0.49072000000000005,IT.CAED/850592002.FACILITY,Centro Olio Val d'Agri
2023-06-27 10:00:00,0.6523300000000001,IT.CAED/850592002.FACILITY,Centro Olio Val d'Agri
2023-06-27 11:00:00,0.73851,IT.CAED/850592002.FACILITY,Centro Olio Val d'Agri
2023-06-27 12:00:00,0.77936,IT.CAED/850592002.FACILITY,Centro Olio Val d'Agri
2023-06-27 13:00:00,0.74539,IT.CAED/850592002.FACILITY,Centro Olio Val d'Agri
2023-06-27 14:00:00,0.6422599999999999,IT.CAED/850592002.FACILITY,Centro Olio Val d'Agri
2023-06-27 15:00:00,0.44033,IT.CAED/850592002.FACILITY,Centro Olio Val d'Agri
2023-06-27 16:00:00,0.27172,IT.CAED/850592002.FACILITY,Centro Olio Val d'Agri
2023-06-27 17:00:00,0.22671,IT.CAED/850592002.FACILITY,Centro Olio Val d'Agri
2023-06-27 18:00:00,0.07997,IT.CAED/850592002.FACILITY,Centro Olio Val d'Agri
2023-06-27 19:00:00,0.02233,IT.CAED/850592002.FACILITY,Centro Olio Val d'Agri
2023-06-27 20:00:00,0.0,IT.CAED/850592002.FACILITY,Centro Olio Val d'Agri
2023-06-27 21:00:00,0.0,IT.CAED/850592002.FACILITY,Centro Olio Val d'Agri
2023-06-27 22:00:00,0.0,IT.CAED/850592002.FACILITY,Centro Olio Val d'Agri
2023-06-27 23:00:00,0.0,IT.CAED/850592002.FACILITY,Centro Olio Val d'Agri
2023-06-28 00:00:00,0.0,IT.CAED/850592002.FACILITY,Centro Olio Val d'Agri
2023-06-28 01:00:00,0.0,IT.CAED/850592002.FACILITY,Centro Olio Val d'Agri
2023-06-28 02:00:00,0.0,IT.CAED/850592002.FACILITY,Centro Olio Val d'Agri
2023-06-28 03:00:00,0.0,IT.CAED/850592002.FACILITY,Centro Olio Val d'Agri
2023-06-28 04:00:00,0.0,IT.CAED/850592002.FACILITY,Centro Olio Val d'Agri
2023-06-28 05:00:00,0.0,IT.CAED/850592002.FACILITY,Centro Olio Val d'Agri
2023-06-28 06:00:00,0.02619,IT.CAED/850592002.FACILITY,Centro Olio Val d'Agri
2023-06-28 07:00:00,0.08423,IT.CAED/850592002.FACILITY,Centro Olio Val d'Agri
2023-06-28 08:00:00,0.26738999999999996,IT.CAED/850592002.FACILITY,Centro Olio Val d'Agri
2023-06-28 09:00:00,0.49713,IT.CAED/850592002.FACILITY,Centro Olio Val d'Agri
2023-06-28 10:00:00,0.65928,IT.CAED/850592002.FACILITY,Centro Olio Val d'Agri
2023-06-28 11:00:00,0.76142,IT.CAED/850592002.FACILITY,Centro Olio Val d'Agri
2023-06-28 12:00:00,0.80948,IT.CAED/850592002.FACILITY,Centro Olio Val d'Agri
2023-06-28 13:00:00,0.80976,IT.CAED/850592002.FACILITY,Centro Olio Val d'Agri
2023-06-28 14:00:00,0.73524,IT.CAED/850592002.FACILITY,Centro Olio Val d'Agri
2023-06-28 15:00:00,0.64542,IT.CAED/850592002.FACILITY,Centro Olio Val d'Agri
2023-06-28 16:00:00,0.4784,IT.CAED/850592002.FACILITY,Centro Olio Val d'Agri
2023-06-28 17:00:00,0.26375,IT.CAED/850592002.FACILITY,Centro Olio Val d'Agri
2023-06-28 18:00:00,0.07376,IT.CAED/850592002.FACILITY,Centro Olio Val d'Agri
2023-06-28 19:00:00,0.02186,IT.CAED/850592002.FACILITY,Centro Olio Val d'Agri
2023-06-28 20:00:00,0.0,IT.CAED/850592002.FACILITY,Centro Olio Val d'Agri
2023-06-28 21:00:00,0.0,IT.CAED/850592002.FACILITY,Centro Olio Val d'Agri
2023-06-28 22:00:00,0.0,IT.CAED/850592002.FACILITY,Centro Olio Val d'Agri
2023-06-28 23:00:00,0.0,IT.CAED/850592002.FACILITY,Centro Olio Val d'Agri
2023-06-29 00:00:00,0.0,IT.CAED/850592002.FACILITY,Centro Olio Val d'Agri
2023-06-29 01:00:00,0.0,IT.CAED/850592002.FACILITY,Centro Olio Val d'Agri
2023-06-29 02:00:00,0.0,IT.CAED/850592002.FACILITY,Centro Olio Val d'Agri
2023-06-29 03:00:00,0.0,IT.CAED/850592002.FACILITY,Centro Olio Val d'Agri
2023-06-29 04:00:00,0.0,IT.CAED/850592002.FACILITY,Centro Olio Val d'Agri
2023-06-29 05:00:00,0.0,IT.CAED/850592002.FACILITY,Centro Olio Val d'Agri
2023-06-29 06:00:00,0.02576,IT.CAED/850592002.FACILITY,Centro Olio Val d'Agri
2023-06-29 07:00:00,0.08064,IT.CAED/850592002.FACILITY,Centro Olio Val d'Agri
2023-06-29 08:00:00,0.22882,IT.CAED/850592002.FACILITY,Centro Olio Val d'Agri
2023-06-29 09:00:00,0.36701,IT.CAED/850592002.FACILITY,Centro Olio Val d'Agri
2023-06-29 10:00:00,0.4657,IT.CAED/850592002.FACILITY,Centro Olio Val d'Agri
2023-06-29 11:00:00,0.50542,IT.CAED/850592002.FACILITY,Centro Olio Val d'Agri
2023-06-29 12:00:00,0.6385299999999999,IT.CAED/850592002.FACILITY,Centro Olio Val d'Agri
2023-06-29 13:00:00,0.6967000000000001,IT.CAED/850592002.FACILITY,Centro Olio Val d'Agri
2023-06-29 14:00:00,0.46713,IT.CAED/850592002.FACILITY,Centro Olio Val d'Agri
2023-06-29 15:00:00,0.4289,IT.CAED/850592002.FACILITY,Centro Olio Val d'Agri
2023-06-29 16:00:00,0.23086,IT.CAED/850592002.FACILITY,Centro Olio Val d'Agri
2023-06-29 17:00:00,0.18565,IT.CAED/850592002.FACILITY,Centro Olio Val d'Agri
2023-06-29 18:00:00,0.06843,IT.CAED/850592002.FACILITY,Centro Olio Val d'Agri
2023-06-29 19:00:00,0.02212,IT.CAED/850592002.FACILITY,Centro Olio Val d'Agri
2023-06-29 20:00:00,0.0,IT.CAED/850592002.FACILITY,Centro Olio Val d'Agri
2023-06-29 21:00:00,0.0,IT.CAED/850592002.FACILITY,Centro Olio Val d'Agri
2023-06-29 22:00:00,0.0,IT.CAED/850592002.FACILITY,Centro Olio Val d'Agri
2023-06-29 23:00:00,0.0,IT.CAED/850592002.FACILITY,Centro Olio Val d'Agri
2023-06-30 00:00:00,0.0,IT.CAED/850592002.FACILITY,Centro Olio Val d'Agri
2023-06-30 01:00:00,0.0,IT.CAED/850592002.FACILITY,Centro Olio Val d'Agri
2023-06-30 02:00:00,0.0,IT.CAED/850592002.FACILITY,Centro Olio Val d'Agri
2023-06-30 03:00:00,0.0,IT.CAED/850592002.FACILITY,Centro Olio Val d'Agri
2023-06-30 04:00:00,0.0,IT.CAED/850592002.FACILITY,Centro Olio Val d'Agri
2023-06-30 05:00:00,0.0,IT.CAED/850592002.FACILITY,Centro Olio Val d'Agri
2023-06-30 06:00:00,0.02552,IT.CAED/850592002.FACILITY,Centro Olio Val d'Agri
2023-06-30 07:00:00,0.0813,IT.CAED/850592002.FACILITY,Centro Olio Val d'Agri
2023-06-30 08:00:00,0.25179,IT.CAED/850592002.FACILITY,Centro Olio Val d'Agri
2023-06-30 09:00:00,0.46586,IT.CAED/850592002.FACILITY,Centro Olio Val d'Agri
2023-06-30 10:00:00,0.63506,IT.CAED/850592002.FACILITY,Centro Olio Val d'Agri
2023-06-30 11:00:00,0.72109,IT.CAED/850592002.FACILITY,Centro Olio Val d'Agri
2023-06-30 12:00:00,0.69653,IT.CAED/850592002.FACILITY,Centro Olio Val d'Agri
2023-06-30 13:00:00,0.64467,IT.CAED/850592002.FACILITY,Centro Olio Val d'Agri
2023-06-30 14:00:00,0.54002,IT.CAED/850592002.FACILITY,Centro Olio Val d'Agri
2023-06-30 15:00:00,0.46952999999999995,IT.CAED/850592002.FACILITY,Centro Olio Val d'Agri
2023-06-30 16:00:00,0.35927,IT.CAED/850592002.FACILITY,Centro Olio Val d'Agri
2023-06-30 17:00:00,0.21434999999999998,IT.CAED/850592002.FACILITY,Centro Olio Val d'Agri
2023-06-30 18:00:00,0.075,IT.CAED/850592002.FACILITY,Centro Olio Val d'Agri
2023-06-30 19:00:00,0.02184,IT.CAED/850592002.FACILITY,Centro Olio Val d'Agri
2023-06-30 20:00:00,0.0,IT.CAED/850592002.FACILITY,Centro Olio Val d'Agri
2023-06-30 21:00:00,0.0,IT.CAED/850592002.FACILITY,Centro Olio Val d'Agri
2023-06-30 22:00:00,0.0,IT.CAED/850592002.FACILITY,Centro Olio Val d'Agri
2023-06-30 23:00:00,0.0,IT.CAED/850592002.FACILITY,Centro Olio Val d'Agri
2023-07-01 00:00:00,0.0,IT.CAED/850592002.FACILITY,Centro Olio Val d'Agri
2023-07-01 01:00:00,0.0,IT.CAED/850592002.FACILITY,Centro Olio Val d'Agri
2023-07-01 02:00:00,0.0,IT.CAED/850592002.FACILITY,Centro Olio Val d'Agri
2023-07-01 03:00:00,0.0,IT.CAED/850592002.FACILITY,Centro Olio Val d'Agri
2023-07-01 04:00:00,0.0,IT.CAED/850592002.FACILITY,Centro Olio Val d'Agri
2023-07-01 05:00:00,0.0,IT.CAED/850592002.FACILITY,Centro Olio Val d'Agri
2023-07-01 06:00:00,0.020579999999999998,IT.CAED/850592002.FACILITY,Centro Olio Val d'Agri
2023-07-01 07:00:00,0.09533,IT.CAED/850592002.FACILITY,Centro Olio Val d'Agri
2023-07-01 08:00:00,0.2107,IT.CAED/850592002.FACILITY,Centro Olio Val d'Agri
2023-07-01 09:00:00,0.39911,IT.CAED/850592002.FACILITY,Centro Olio Val d'Agri
2023-07-01 10:00:00,0.42201,IT.CAED/850592002.FACILITY,Centro Olio Val d'Agri
2023-07-01 11:00:00,0.31457,IT.CAED/850592002.FACILITY,Centro Olio Val d'Agri
2023-07-01 12:00:00,0.45002,IT.CAED/850592002.FACILITY,Centro Olio Val d'Agri
2023-07-01 13:00:00,0.6686599999999999,IT.CAED/850592002.FACILITY,Centro Olio Val d'Agri
2023-07-01 14:00:00,0.5996900000000001,IT.CAED/850592002.FACILITY,Centro Olio Val d'Agri
2023-07-01 15:00:00,0.44388,IT.CAED/850592002.FACILITY,Centro Olio Val d'Agri
2023-07-01 16:00:00,0.35669,IT.CAED/850592002.FACILITY,Centro Olio Val d'Agri
2023-07-01 17:00:00,0.25288,IT.CAED/850592002.FACILITY,Centro Olio Val d'Agri
2023-07-01 18:00:00,0.07385,IT.CAED/850592002.FACILITY,Centro Olio Val d'Agri
2023-07-01 19:00:00,0.019420000000000003,IT.CAED/850592002.FACILITY,Centro Olio Val d'Agri
2023-07-01 20:00:00,0.0,IT.CAED/850592002.FACILITY,Centro Olio Val d'Agri
2023-07-01 21:00:00,0.0,IT.CAED/850592002.FACILITY,Centro Olio Val d'Agri
2023-07-01 22:00:00,0.0,IT.CAED/850592002.FACILITY,Centro Olio Val d'Agri
2023-07-01 23:00:00,0.0,IT.CAED/850592002.FACILITY,Centro Olio Val d'Agri
2023-07-02 00:00:00,0.0,IT.CAED/850592002.FACILITY,Centro Olio Val d'Agri
2023-07-02 01:00:00,0.0,IT.CAED/850592002.FACILITY,Centro Olio Val d'Agri
2023-07-02 02:00:00,0.0,IT.CAED/850592002.FACILITY,Centro Olio Val d'Agri
2023-07-02 03:00:00,0.0,IT.CAED/850592002.FACILITY,Centro Olio Val d'Agri
2023-07-02 04:00:00,0.0,IT.CAED/850592002.FACILITY,Centro Olio Val d'Agri
2023-07-02 05:00:00,0.0,IT.CAED/850592002.FACILITY,Centro Olio Val d'Agri
2023-07-02 06:00:00,0.027329999999999997,IT.CAED/850592002.FACILITY,Centro Olio Val d'Agri
2023-07-02 07:00:00,0.09881000000000001,IT.CAED/850592002.FACILITY,Centro Olio Val d'Agri
2023-07-02 08:00:00,0.27804,IT.CAED/850592002.FACILITY,Centro Olio Val d'Agri
2023-07-02 09:00:00,0.48378,IT.CAED/850592002.FACILITY,Centro Olio Val d'Agri
2023-07-02 10:00:00,0.60724,IT.CAED/850592002.FACILITY,Centro Olio Val d'Agri
2023-07-02 11:00:00,0.6217999999999999,IT.CAED/850592002.FACILITY,Centro Olio Val d'Agri
2023-07-02 12:00:00,0.5772,IT.CAED/850592002.FACILITY,Centro Olio Val d'Agri
2023-07-02 13:00:00,0.6645599999999999,IT.CAED/850592002.FACILITY,Centro Olio Val d'Agri
2023-07-02 14:00:00,0.57731,IT.CAED/850592002.FACILITY,Centro Olio Val d'Agri
2023-07-02 15:00:00,0.43871,IT.CAED/850592002.FACILITY,Centro Olio Val d'Agri
2023-07-02 16:00:00,0.31762999999999997,IT.CAED/850592002.FACILITY,Centro Olio Val d'Agri
2023-07-02 17:00:00,0.22047,IT.CAED/850592002.FACILITY,Centro Olio Val d'Agri
2023-07-02 18:00:00,0.07637000000000001,IT.CAED/850592002.FACILITY,Centro Olio Val d'Agri
2023-07-02 19:00:00,0.01881,IT.CAED/850592002.FACILITY,Centro Olio Val d'Agri
2023-07-02 20:00:00,0.0,IT.CAED/850592002.FACILITY,Centro Olio Val d'Agri
2023-07-02 21:00:00,0.0,IT.CAED/850592002.FACILITY,Centro Olio Val d'Agri
2023-07-02 22:00:00,0.0,IT.CAED/850592002.FACILITY,Centro Olio Val d'Agri
2023-07-02 23:00:00,0.0,IT.CAED/850592002.FACILITY,Centro Olio Val d'Agri
2023-07-03 00:00:00,0.0,IT.CAED/850592002.FACILITY,Centro Olio Val d'Agri
2023-07-03 01:00:00,0.0,IT.CAED/850592002.FACILITY,Centro Olio Val d'Agri
2023-07-03 02:00:00,0.0,IT.CAED/850592002.FACILITY,Centro Olio Val d'Agri
2023-07-03 03:00:00,0.0,IT.CAED/850592002.FACILITY,Centro Olio Val d'Agri
2023-07-03 04:00:00,0.0,IT.CAED/850592002.FACILITY,Centro Olio Val d'Agri
2023-07-03 05:00:00,0.0,IT.CAED/850592002.FACILITY,Centro Olio Val d'Agri
2023-07-03 06:00:00,0.02752,IT.CAED/850592002.FACILITY,Centro Olio Val d'Agri
2023-07-03 07:00:00,0.09639,IT.CAED/850592002.FACILITY,Centro Olio Val d'Agri
2023-07-03 08:00:00,0.26572,IT.CAED/850592002.FACILITY,Centro Olio Val d'Agri
2023-07-03 09:00:00,0.47379000000000004,IT.CAED/850592002.FACILITY,Centro Olio Val d'Agri
2023-07-03 10:00:00,0.6403,IT.CAED/850592002.FACILITY,Centro Olio Val d'Agri
2023-07-03 11:00:00,0.74039,IT.CAED/850592002.FACILITY,Centro Olio Val d'Agri
2023-07-03 12:00:00,0.77477,IT.CAED/850592002.FACILITY,Centro Olio Val d'Agri
2023-07-03 13:00:00,0.70814,IT.CAED/850592002.FACILITY,Centro Olio Val d'Agri
2023-07-03 14:00:00,0.44579,IT.CAED/850592002.FACILITY,Centro Olio Val d'Agri
2023-07-03 15:00:00,0.49993,IT.CAED/850592002.FACILITY,Centro Olio Val d'Agri
2023-07-03 16:00:00,0.39205,IT.CAED/850592002.FACILITY,Centro Olio Val d'Agri
2023-07-03 17:00:00,0.23268,IT.CAED/850592002.FACILITY,Centro Olio Val d'Agri
2023-07-03 18:00:00,0.06902,IT.CAED/850592002.FACILITY,Centro Olio Val d'Agri
2023-07-03 19:00:00,0.015189999999999999,IT.CAED/850592002.FACILITY,Centro Olio Val d'Agri
2023-07-03 20:00:00,0.0,IT.CAED/850592002.FACILITY,Centro Olio Val d'Agri
2023-07-03 21:00:00,0.0,IT.CAED/850592002.FACILITY,Centro Olio Val d'Agri
2023-07-03 22:00:00,0.0,IT.CAED/850592002.FACILITY,Centro Olio Val d'Agri
2023-07-03 23:00:00,0.0,IT.CAED/850592002.FACILITY,Centro Olio Val d'Agri
2023-07-04 00:00:00,0.0,IT.CAED/850592002.FACILITY,Centro Olio Val d'Agri
2023-07-04 01:00:00,0.0,IT.CAED/850592002.FACILITY,Centro Olio Val d'Agri
2023-07-04 02:00:00,0.0,IT.CAED/850592002.FACILITY,Centro Olio Val d'Agri
2023-07-04 03:00:00,0.0,IT.CAED/850592002.FACILITY,Centro Olio Val d'Agri
2023-07-04 04:00:00,0.0,IT.CAED/850592002.FACILITY,Centro Olio Val d'Agri
2023-07-04 05:00:00,0.0,IT.CAED/850592002.FACILITY,Centro Olio Val d'Agri
2023-07-04 06:00:00,0.027149999999999997,IT.CAED/850592002.FACILITY,Centro Olio Val d'Agri
2023-07-04 07:00:00,0.09865,IT.CAED/850592002.FACILITY,Centro Olio Val d'Agri
2023-07-04 08:00:00,0.29316000000000003,IT.CAED/850592002.FACILITY,Centro Olio Val d'Agri
2023-07-04 09:00:00,0.49363999999999997,IT.CAED/850592002.FACILITY,Centro Olio Val d'Agri
2023-07-04 10:00:00,0.64503,IT.CAED/850592002.FACILITY,Centro Olio Val d'Agri
2023-07-04 11:00:00,0.7504700000000001,IT.CAED/850592002.FACILITY,Centro Olio Val d'Agri
2023-07-04 12:00:00,0.77035,IT.CAED/850592002.FACILITY,Centro Olio Val d'Agri
2023-07-04 13:00:00,0.68574,IT.CAED/850592002.FACILITY,Centro Olio Val d'Agri
2023-07-04 14:00:00,0.66237,IT.CAED/850592002.FACILITY,Centro Olio Val d'Agri
2023-07-04 15:00:00,0.45330000000000004,IT.CAED/850592002.FACILITY,Centro Olio Val d'Agri
2023-07-04 16:00:00,0.33409,IT.CAED/850592002.FACILITY,Centro Olio Val d'Agri
2023-07-04 17:00:00,0.21955000000000002,IT.CAED/850592002.FACILITY,Centro Olio Val d'Agri
2023-07-04 18:00:00,0.07006,IT.CAED/850592002.FACILITY,Centro Olio Val d'Agri
2023-07-04 19:00:00,0.019899999999999998,IT.CAED/850592002.FACILITY,Centro Olio Val d'Agri
2023-07-04 20:00:00,0.0,IT.CAED/850592002.FACILITY,Centro Olio Val d'Agri
2023-07-04 21:00:00,0.0,IT.CAED/850592002.FACILITY,Centro Olio Val d'Agri
2023-07-04 22:00:00,0.0,IT.CAED/850592002.FACILITY,Centro Olio Val d'Agri
2023-07-04 23:00:00,0.0,IT.CAED/850592002.FACILITY,Centro Olio Val d'Agri
2023-07-05 00:00:00,0.0,IT.CAED/850592002.FACILITY,Centro Olio Val d'Agri
2023-07-05 01:00:00,0.0,IT.CAED/850592002.FACILITY,Centro Olio Val d'Agri
2023-07-05 02:00:00,0.0,IT.CAED/850592002.FACILITY,Centro Olio Val d'Agri
2023-07-05 03:00:00,0.0,IT.CAED/850592002.FACILITY,Centro Olio Val d'Agri
2023-07-05 04:00:00,0.0,IT.CAED/850592002.FACILITY,Centro Olio Val d'Agri
2023-07-05 05:00:00,0.0,IT.CAED/850592002.FACILITY,Centro Olio Val d'Agri
2023-07-05 06:00:00,0.019559999999999998,IT.CAED/850592002.FACILITY,Centro Olio Val d'Agri
2023-07-05 07:00:00,0.07211,IT.CAED/850592002.FACILITY,Centro Olio Val d'Agri
2023-07-05 08:00:00,0.27758,IT.CAED/850592002.FACILITY,Centro Olio Val d'Agri
2023-07-05 09:00:00,0.47373000000000004,IT.CAED/850592002.FACILITY,Centro Olio Val d'Agri
2023-07-05 10:00:00,0.6094700000000001,IT.CAED/850592002.FACILITY,Centro Olio Val d'Agri
2023-07-05 11:00:00,0.7202200000000001,IT.CAED/850592002.FACILITY,Centro Olio Val d'Agri
2023-07-05 12:00:00,0.68851,IT.CAED/850592002.FACILITY,Centro Olio Val d'Agri
2023-07-05 13:00:00,0.66367,IT.CAED/850592002.FACILITY,Centro Olio Val d'Agri
2023-07-05 14:00:00,0.5958,IT.CAED/850592002.FACILITY,Centro Olio Val d'Agri
2023-07-05 15:00:00,0.43345,IT.CAED/850592002.FACILITY,Centro Olio Val d'Agri
2023-07-05 16:00:00,0.40092,IT.CAED/850592002.FACILITY,Centro Olio Val d'Agri
2023-07-05 17:00:00,0.21528999999999998,IT.CAED/850592002.FACILITY,Centro Olio Val d'Agri
2023-07-05 18:00:00,0.07390000000000001,IT.CAED/850592002.FACILITY,Centro Olio Val d'Agri
2023-07-05 19:00:00,0.01977,IT.CAED/850592002.FACILITY,Centro Olio Val d'Agri
2023-07-05 20:00:00,0.0,IT.CAED/850592002.FACILITY,Centro Olio Val d'Agri
2023-07-05 21:00:00,0.0,IT.CAED/850592002.FACILITY,Centro Olio Val d'Agri
2023-07-05 22:00:00,0.0,IT.CAED/850592002.FACILITY,Centro Olio Val d'Agri
2023-07-05 23:00:00,0.0,IT.CAED/850592002.FACILITY,Centro Olio Val d'Agri
2023-07-06 00:00:00,0.0,IT.CAED/850592002.FACILITY,Centro Olio Val d'Agri
2023-07-06 01:00:00,0.0,IT.CAED/850592002.FACILITY,Centro Olio Val d'Agri
2023-07-06 02:00:00,0.0,IT.CAED/850592002.FACILITY,Centro Olio Val d'Agri
2023-07-06 03:00:00,0.0,IT.CAED/850592002.FACILITY,Centro Olio Val d'Agri
2023-07-06 04:00:00,0.0,IT.CAED/850592002.FACILITY,Centro Olio Val d'Agri
2023-07-06 05:00:00,0.0,IT.CAED/850592002.FACILITY,Centro Olio Val d'Agri
2023-07-06 06:00:00,0.0211,IT.CAED/850592002.FACILITY,Centro Olio Val d'Agri
2023-07-06 07:00:00,0.07778,IT.CAED/850592002.FACILITY,Centro Olio Val d'Agri
2023-07-06 08:00:00,0.27071,IT.CAED/850592002.FACILITY,Centro Olio Val d'Agri
2023-07-06 09:00:00,0.47187,IT.CAED/850592002.FACILITY,Centro Olio Val d'Agri
2023-07-06 10:00:00,0.6328400000000001,IT.CAED/850592002.FACILITY,Centro Olio Val d'Agri
2023-07-06 11:00:00,0.73652,IT.CAED/850592002.FACILITY,Centro Olio Val d'Agri
2023-07-06 12:00:00,0.7745299999999999,IT.CAED/850592002.FACILITY,Centro Olio Val d'Agri
2023-07-06 13:00:00,0.70329,IT.CAED/850592002.FACILITY,Centro Olio Val d'Agri
2023-07-06 14:00:00,0.69187,IT.CAED/850592002.FACILITY,Centro Olio Val d'Agri
2023-07-06 15:00:00,0.59854,IT.CAED/850592002.FACILITY,Centro Olio Val d'Agri
2023-07-06 16:00:00,0.45383999999999997,IT.CAED/850592002.FACILITY,Centro Olio Val d'Agri
2023-07-06 17:00:00,0.27246,IT.CAED/850592002.FACILITY,Centro Olio Val d'Agri
2023-07-06 18:00:00,0.07798999999999999,IT.CAED/850592002.FACILITY,Centro Olio Val d'Agri
2023-07-06 19:00:00,0.02129,IT.CAED/850592002.FACILITY,Centro Olio Val d'Agri
2023-07-06 20:00:00,0.0,IT.CAED/850592002.FACILITY,Centro Olio Val d'Agri
2023-07-06 21:00:00,0.0,IT.CAED/850592002.FACILITY,Centro Olio Val d'Agri
2023-07-06 22:00:00,0.0,IT.CAED/850592002.FACILITY,Centro Olio Val d'Agri
2023-07-06 23:00:00,0.0,IT.CAED/850592002.FACILITY,Centro Olio Val d'Agri
2023-07-07 00:00:00,0.0,IT.CAED/850592002.FACILITY,Centro Olio Val d'Agri
2023-07-07 01:00:00,0.0,IT.CAED/850592002.FACILITY,Centro Olio Val d'Agri
2023-07-07 02:00:00,0.0,IT.CAED/850592002.FACILITY,Centro Olio Val d'Agri
2023-07-07 03:00:00,0.0,IT.CAED/850592002.FACILITY,Centro Olio Val d'Agri
2023-07-07 04:00:00,0.0,IT.CAED/850592002.FACILITY,Centro Olio Val d'Agri
2023-07-07 05:00:00,0.0,IT.CAED/850592002.FACILITY,Centro Olio Val d'Agri
2023-07-07 06:00:00,0.02139,IT.CAED/850592002.FACILITY,Centro Olio Val d'Agri
2023-07-07 07:00:00,0.07687999999999999,IT.CAED/850592002.FACILITY,Centro Olio Val d'Agri
2023-07-07 08:00:00,0.28131,IT.CAED/850592002.FACILITY,Centro Olio Val d'Agri
2023-07-07 09:00:00,0.48507,IT.CAED/850592002.FACILITY,Centro Olio Val d'Agri
2023-07-07 10:00:00,0.6365599999999999,IT.CAED/850592002.FACILITY,Centro Olio Val d'Agri
2023-07-07 11:00:00,0.7442300000000001,IT.CAED/850592002.FACILITY,Centro Olio Val d'Agri
2023-07-07 12:00:00,0.79347,IT.CAED/850592002.FACILITY,Centro Olio Val d'Agri
2023-07-07 13:00:00,0.79038,IT.CAED/850592002.FACILITY,Centro Olio Val d'Agri
2023-07-07 14:00:00,0.7376,IT.CAED/850592002.FACILITY,Centro Olio Val d'Agri
2023-07-07 15:00:00,0.62224,IT.CAED/850592002.FACILITY,Centro Olio Val d'Agri
2023-07-07 16:00:00,0.45619,IT.CAED/850592002.FACILITY,Centro Olio Val d'Agri
2023-07-07 17:00:00,0.2715,IT.CAED/850592002.FACILITY,Centro Olio Val d'Agri
2023-07-07 18:00:00,0.07009,IT.CAED/850592002.FACILITY,Centro Olio Val d'Agri
2023-07-07 19:00:00,0.02004,IT.CAED/850592002.FACILITY,Centro Olio Val d'Agri
2023-07-07 20:00:00,0.0,IT.CAED/850592002.FACILITY,Centro Olio Val d'Agri
2023-07-07 21:00:00,0.0,IT.CAED/850592002.FACILITY,Centro Olio Val d'Agri
2023-07-07 22:00:00,0.0,IT.CAED/850592002.FACILITY,Centro Olio Val d'Agri
2023-07-07 23:00:00,0.0,IT.CAED/850592002.FACILITY,Centro Olio Val d'Agri
2023-07-08 00:00:00,0.0,IT.CAED/850592002.FACILITY,Centro Olio Val d'Agri
2023-07-08 01:00:00,0.0,IT.CAED/850592002.FACILITY,Centro Olio Val d'Agri
2023-07-08 02:00:00,0.0,IT.CAED/850592002.FACILITY,Centro Olio Val d'Agri
2023-07-08 03:00:00,0.0,IT.CAED/850592002.FACILITY,Centro Olio Val d'Agri
2023-07-08 04:00:00,0.0,IT.CAED/850592002.FACILITY,Centro Olio Val d'Agri
2023-07-08 05:00:00,0.0,IT.CAED/850592002.FACILITY,Centro Olio Val d'Agri
2023-07-08 06:00:00,0.0208,IT.CAED/850592002.FACILITY,Centro Olio Val d'Agri
2023-07-08 07:00:00,0.07597,IT.CAED/850592002.FACILITY,Centro Olio Val d'Agri
2023-07-08 08:00:00,0.26229,IT.CAED/850592002.FACILITY,Centro Olio Val d'Agri
2023-07-08 09:00:00,0.44433999999999996,IT.CAED/850592002.FACILITY,Centro Olio Val d'Agri
2023-07-08 10:00:00,0.55811,IT.CAED/850592002.FACILITY,Centro Olio Val d'Agri
2023-07-08 11:00:00,0.6593300000000001,IT.CAED/850592002.FACILITY,Centro Olio Val d'Agri
2023-07-08 12:00:00,0.74286,IT.CAED/850592002.FACILITY,Centro Olio Val d'Agri
2023-07-08 13:00:00,0.77918,IT.CAED/850592002.FACILITY,Centro Olio Val d'Agri
2023-07-08 14:00:00,0.73291,IT.CAED/850592002.FACILITY,Centro Olio Val d'Agri
2023-07-08 15:00:00,0.6296900000000001,IT.CAED/850592002.FACILITY,Centro Olio Val d'Agri
2023-07-08 16:00:00,0.47458,IT.CAED/850592002.FACILITY,Centro Olio Val d'Agri
2023-07-08 17:00:00,0.27595,IT.CAED/850592002.FACILITY,Centro Olio Val d'Agri
2023-07-08 18:00:00,0.07747,IT.CAED/850592002.FACILITY,Centro Olio Val d'Agri
2023-07-08 19:00:00,0.02017,IT.CAED/850592002.FACILITY,Centro Olio Val d'Agri
2023-07-08 20:00:00,0.0,IT.CAED/850592002.FACILITY,Centro Olio Val d'Agri
2023-07-08 21:00:00,0.0,IT.CAED/850592002.FACILITY,Centro Olio Val d'Agri
2023-07-08 22:00:00,0.0,IT.CAED/850592002.FACILITY,Centro Olio Val d'Agri
2023-07-08 23:00:00,0.0,IT.CAED/850592002.FACILITY,Centro Olio Val d'Agri
2023-07-09 00:00:00,0.0,IT.CAED/850592002.FACILITY,Centro Olio Val d'Agri
2023-07-09 01:00:00,0.0,IT.CAED/850592002.FACILITY,Centro Olio Val d'Agri
2023-07-09 02:00:00,0.0,IT.CAED/850592002.FACILITY,Centro Olio Val d'Agri
2023-07-09 03:00:00,0.0,IT.CAED/850592002.FACILITY,Centro Olio Val d'Agri
2023-07-09 04:00:00,0.0,IT.CAED/850592002.FACILITY,Centro Olio Val d'Agri
2023-07-09 05:00:00,0.0,IT.CAED/850592002.FACILITY,Centro Olio Val d'Agri
2023-07-09 06:00:00,0.02029,IT.CAED/850592002.FACILITY,Centro Olio Val d'Agri
2023-07-09 07:00:00,0.07498,IT.CAED/850592002.FACILITY,Centro Olio Val d'Agri
2023-07-09 08:00:00,0.27658,IT.CAED/850592002.FACILITY,Centro Olio Val d'Agri
2023-07-09 09:00:00,0.47858999999999996,IT.CAED/850592002.FACILITY,Centro Olio Val d'Agri
2023-07-09 10:00:00,0.63482,IT.CAED/850592002.FACILITY,Centro Olio Val d'Agri
2023-07-09 11:00:00,0.73895,IT.CAED/850592002.FACILITY,Centro Olio Val d'Agri
2023-07-09 12:00:00,0.7895,IT.CAED/850592002.FACILITY,Centro Olio Val d'Agri
2023-07-09 13:00:00,0.78754,IT.CAED/850592002.FACILITY,Centro Olio Val d'Agri
2023-07-09 14:00:00,0.72423,IT.CAED/850592002.FACILITY,Centro Olio Val d'Agri
2023-07-09 15:00:00,0.6326499999999999,IT.CAED/850592002.FACILITY,Centro Olio Val d'Agri
2023-07-09 16:00:00,0.4788,IT.CAED/850592002.FACILITY,Centro Olio Val d'Agri
2023-07-09 17:00:00,0.27891000000000005,IT.CAED/850592002.FACILITY,Centro Olio Val d'Agri
2023-07-09 18:00:00,0.07801999999999999,IT.CAED/850592002.FACILITY,Centro Olio Val d'Agri
2023-07-09 19:00:00,0.02028,IT.CAED/850592002.FACILITY,Centro Olio Val d'Agri
2023-07-09 20:00:00,0.0,IT.CAED/850592002.FACILITY,Centro Olio Val d'Agri
2023-07-09 21:00:00,0.0,IT.CAED/850592002.FACILITY,Centro Olio Val d'Agri
2023-07-09 22:00:00,0.0,IT.CAED/850592002.FACILITY,Centro Olio Val d'Agri
2023-07-09 23:00:00,0.0,IT.CAED/850592002.FACILITY,Centro Olio Val d'Agri
2023-07-10 00:00:00,0.0,IT.CAED/850592002.FACILITY,Centro Olio Val d'Agri
2023-07-10 01:00:00,0.0,IT.CAED/850592002.FACILITY,Centro Olio Val d'Agri
2023-07-10 02:00:00,0.0,IT.CAED/850592002.FACILITY,Centro Olio Val d'Agri
2023-07-10 03:00:00,0.0,IT.CAED/850592002.FACILITY,Centro Olio Val d'Agri
2023-07-10 04:00:00,0.0,IT.CAED/850592002.FACILITY,Centro Olio Val d'Agri
2023-07-10 05:00:00,0.0,IT.CAED/850592002.FACILITY,Centro Olio Val d'Agri
2023-07-10 06:00:00,0.020059999999999998,IT.CAED/850592002.FACILITY,Centro Olio Val d'Agri
2023-07-10 07:00:00,0.07508,IT.CAED/850592002.FACILITY,Centro Olio Val d'Agri
2023-07-10 08:00:00,0.28248,IT.CAED/850592002.FACILITY,Centro Olio Val d'Agri
2023-07-10 09:00:00,0.48699000000000003,IT.CAED/850592002.FACILITY,Centro Olio Val d'Agri
2023-07-10 10:00:00,0.6452899999999999,IT.CAED/850592002.FACILITY,Centro Olio Val d'Agri
2023-07-10 11:00:00,0.75266,IT.CAED/850592002.FACILITY,Centro Olio Val d'Agri
2023-07-10 12:00:00,0.80892,IT.CAED/850592002.FACILITY,Centro Olio Val d'Agri
2023-07-10 13:00:00,0.8081900000000001,IT.CAED/850592002.FACILITY,Centro Olio Val d'Agri
2023-07-10 14:00:00,0.74522,IT.CAED/850592002.FACILITY,Centro Olio Val d'Agri
2023-07-10 15:00:00,0.64304,IT.CAED/850592002.FACILITY,Centro Olio Val d'Agri
2023-07-10 16:00:00,0.48334,IT.CAED/850592002.FACILITY,Centro Olio Val d'Agri
2023-07-10 17:00:00,0.28031,IT.CAED/850592002.FACILITY,Centro Olio Val d'Agri
2023-07-10 18:00:00,0.07820999999999999,IT.CAED/850592002.FACILITY,Centro Olio Val d'Agri
2023-07-10 19:00:00,0.02007,IT.CAED/850592002.FACILITY,Centro Olio Val d'Agri
2023-07-10 20:00:00,0.0,IT.CAED/850592002.FACILITY,Centro Olio Val d'Agri
2023-07-10 21:00:00,0.0,IT.CAED/850592002.FACILITY,Centro Olio Val d'Agri
2023-07-10 22:00:00,0.0,IT.CAED/850592002.FACILITY,Centro Olio Val d'Agri
2023-07-10 23:00:00,0.0,IT.CAED/850592002.FACILITY,Centro Olio Val d'Agri
2023-07-11 00:00:00,0.0,IT.CAED/850592002.FACILITY,Centro Olio Val d'Agri
2023-07-11 01:00:00,0.0,IT.CAED/850592002.FACILITY,Centro Olio Val d'Agri
2023-07-11 02:00:00,0.0,IT.CAED/850592002.FACILITY,Centro Olio Val d'Agri
2023-07-11 03:00:00,0.0,IT.CAED/850592002.FACILITY,Centro Olio Val d'Agri
2023-07-11 04:00:00,0.0,IT.CAED/850592002.FACILITY,Centro Olio Val d'Agri
2023-07-11 05:00:00,0.0,IT.CAED/850592002.FACILITY,Centro Olio Val d'Agri
2023-07-11 06:00:00,0.019719999999999998,IT.CAED/850592002.FACILITY,Centro Olio Val d'Agri
2023-07-11 07:00:00,0.07424,IT.CAED/850592002.FACILITY,Centro Olio Val d'Agri
2023-07-11 08:00:00,0.27796,IT.CAED/850592002.FACILITY,Centro Olio Val d'Agri
2023-07-11 09:00:00,0.47737,IT.CAED/850592002.FACILITY,Centro Olio Val d'Agri
2023-07-11 10:00:00,0.63225,IT.CAED/850592002.FACILITY,Centro Olio Val d'Agri
2023-07-11 11:00:00,0.73466,IT.CAED/850592002.FACILITY,Centro Olio Val d'Agri
2023-07-11 12:00:00,0.78277,IT.CAED/850592002.FACILITY,Centro Olio Val d'Agri
2023-07-11 13:00:00,0.77834,IT.CAED/850592002.FACILITY,Centro Olio Val d'Agri
2023-07-11 14:00:00,0.72161,IT.CAED/850592002.FACILITY,Centro Olio Val d'Agri
2023-07-11 15:00:00,0.61368,IT.CAED/850592002.FACILITY,Centro Olio Val d'Agri
2023-07-11 16:00:00,0.46554,IT.CAED/850592002.FACILITY,Centro Olio Val d'Agri
2023-07-11 17:00:00,0.27177999999999997,IT.CAED/850592002.FACILITY,Centro Olio Val d'Agri
2023-07-11 18:00:00,0.08259,IT.CAED/850592002.FACILITY,Centro Olio Val d'Agri
2023-07-11 19:00:00,0.018879999999999997,IT.CAED/850592002.FACILITY,Centro Olio Val d'Agri
2023-07-11 20:00:00,0.0,IT.CAED/850592002.FACILITY,Centro Olio Val d'Agri
2023-07-11 21:00:00,0.0,IT.CAED/850592002.FACILITY,Centro Olio Val d'Agri
2023-07-11 22:00:00,0.0,IT.CAED/850592002.FACILITY,Centro Olio Val d'Agri
2023-07-11 23:00:00,0.0,IT.CAED/850592002.FACILITY,Centro Olio Val d'Agri
2023-07-12 00:00:00,0.0,IT.CAED/850592002.FACILITY,Centro Olio Val d'Agri
2023-07-12 01:00:00,0.0,IT.CAED/850592002.FACILITY,Centro Olio Val d'Agri
2023-07-12 02:00:00,0.0,IT.CAED/850592002.FACILITY,Centro Olio Val d'Agri
2023-07-12 03:00:00,0.0,IT.CAED/850592002.FACILITY,Centro Olio Val d'Agri
2023-07-12 04:00:00,0.0,IT.CAED/850592002.FACILITY,Centro Olio Val d'Agri
2023-07-12 05:00:00,0.0,IT.CAED/850592002.FACILITY,Centro Olio Val d'Agri
2023-07-12 06:00:00,0.019170000000000003,IT.CAED/850592002.FACILITY,Centro Olio Val d'Agri
2023-07-12 07:00:00,0.07326,IT.CAED/850592002.FACILITY,Centro Olio Val d'Agri
2023-07-12 08:00:00,0.27584,IT.CAED/850592002.FACILITY,Centro Olio Val d'Agri
2023-07-12 09:00:00,0.47881999999999997,IT.CAED/850592002.FACILITY,Centro Olio Val d'Agri
2023-07-12 10:00:00,0.63224,IT.CAED/850592002.FACILITY,Centro Olio Val d'Agri
2023-07-12 11:00:00,0.73542,IT.CAED/850592002.FACILITY,Centro Olio Val d'Agri
2023-07-12 12:00:00,0.78854,IT.CAED/850592002.FACILITY,Centro Olio Val d'Agri
2023-07-12 13:00:00,0.78871,IT.CAED/850592002.FACILITY,Centro Olio Val d'Agri
2023-07-12 14:00:00,0.73672,IT.CAED/850592002.FACILITY,Centro Olio Val d'Agri
2023-07-12 15:00:00,0.63222,IT.CAED/850592002.FACILITY,Centro Olio Val d'Agri
2023-07-12 16:00:00,0.47601,IT.CAED/850592002.FACILITY,Centro Olio Val d'Agri
2023-07-12 17:00:00,0.2773,IT.CAED/850592002.FACILITY,Centro Olio Val d'Agri
2023-07-12 18:00:00,0.07770999999999999,IT.CAED/850592002.FACILITY,Centro Olio Val d'Agri
2023-07-12 19:00:00,0.01939,IT.CAED/850592002.FACILITY,Centro Olio Val d'Agri
2023-07-12 20:00:00,0.0,IT.CAED/850592002.FACILITY,Centro Olio Val d'Agri
2023-07-12 21:00:00,0.0,IT.CAED/850592002.FACILITY,Centro Olio Val d'Agri
2023-07-12 22:00:00,0.0,IT.CAED/850592002.FACILITY,Centro Olio Val d'Agri
2023-07-12 23:00:00,0.0,IT.CAED/850592002.FACILITY,Centro Olio Val d'Agri
2023-07-13 00:00:00,0.0,IT.CAED/850592002.FACILITY,Centro Olio Val d'Agri
2023-07-13 01:00:00,0.0,IT.CAED/850592002.FACILITY,Centro Olio Val d'Agri
2023-07-13 02:00:00,0.0,IT.CAED/850592002.FACILITY,Centro Olio Val d'Agri
2023-07-13 03:00:00,0.0,IT.CAED/850592002.FACILITY,Centro Olio Val d'Agri
2023-07-13 04:00:00,0.0,IT.CAED/850592002.FACILITY,Centro Olio Val d'Agri
2023-07-13 05:00:00,0.0,IT.CAED/850592002.FACILITY,Centro Olio Val d'Agri
2023-07-13 06:00:00,0.01863,IT.CAED/850592002.FACILITY,Centro Olio Val d'Agri
2023-07-13 07:00:00,0.07288,IT.CAED/850592002.FACILITY,Centro Olio Val d'Agri
2023-07-13 08:00:00,0.27814,IT.CAED/850592002.FACILITY,Centro Olio Val d'Agri
2023-07-13 09:00:00,0.48464999999999997,IT.CAED/850592002.FACILITY,Centro Olio Val d'Agri
2023-07-13 10:00:00,0.64418,IT.CAED/850592002.FACILITY,Centro Olio Val d'Agri
2023-07-13 11:00:00,0.74963,IT.CAED/850592002.FACILITY,Centro Olio Val d'Agri
2023-07-13 12:00:00,0.8022999999999999,IT.CAED/850592002.FACILITY,Centro Olio Val d'Agri
2023-07-13 13:00:00,0.80199,IT.CAED/850592002.FACILITY,Centro Olio Val d'Agri
2023-07-13 14:00:00,0.74974,IT.CAED/850592002.FACILITY,Centro Olio Val d'Agri
2023-07-13 15:00:00,0.64375,IT.CAED/850592002.FACILITY,Centro Olio Val d'Agri
2023-07-13 16:00:00,0.48602,IT.CAED/850592002.FACILITY,Centro Olio Val d'Agri
2023-07-13 17:00:00,0.28298,IT.CAED/850592002.FACILITY,Centro Olio Val d'Agri
2023-07-13 18:00:00,0.07898000000000001,IT.CAED/850592002.FACILITY,Centro Olio Val d'Agri
2023-07-13 19:00:00,0.01948,IT.CAED/850592002.FACILITY,Centro Olio Val d'Agri
2023-07-13 20:00:00,0.0,IT.CAED/850592002.FACILITY,Centro Olio Val d'Agri
2023-07-13 21:00:00,0.0,IT.CAED/850592002.FACILITY,Centro Olio Val d'Agri
2023-07-13 22:00:00,0.0,IT.CAED/850592002.FACILITY,Centro Olio Val d'Agri
2023-07-13 23:00:00,0.0,IT.CAED/850592002.FACILITY,Centro Olio Val d'Agri
2023-07-14 00:00:00,0.0,IT.CAED/850592002.FACILITY,Centro Olio Val d'Agri
2023-07-14 01:00:00,0.0,IT.CAED/850592002.FACILITY,Centro Olio Val d'Agri
2023-07-14 02:00:00,0.0,IT.CAED/850592002.FACILITY,Centro Olio Val d'Agri
2023-07-14 03:00:00,0.0,IT.CAED/850592002.FACILITY,Centro Olio Val d'Agri
2023-07-14 04:00:00,0.0,IT.CAED/850592002.FACILITY,Centro Olio Val d'Agri
2023-07-14 05:00:00,0.0,IT.CAED/850592002.FACILITY,Centro Olio Val d'Agri
2023-07-14 06:00:00,0.01825,IT.CAED/850592002.FACILITY,Centro Olio Val d'Agri
2023-07-14 07:00:00,0.07248,IT.CAED/850592002.FACILITY,Centro Olio Val d'Agri
2023-07-14 08:00:00,0.27735000000000004,IT.CAED/850592002.FACILITY,Centro Olio Val d'Agri
2023-07-14 09:00:00,0.47851,IT.CAED/850592002.FACILITY,Centro Olio Val d'Agri
2023-07-14 10:00:00,0.63185,IT.CAED/850592002.FACILITY,Centro Olio Val d'Agri
2023-07-14 11:00:00,0.73558,IT.CAED/850592002.FACILITY,Centro Olio Val d'Agri
2023-07-14 12:00:00,0.7898200000000001,IT.CAED/850592002.FACILITY,Centro Olio Val d'Agri
2023-07-14 13:00:00,0.79598,IT.CAED/850592002.FACILITY,Centro Olio Val d'Agri
2023-07-14 14:00:00,0.74617,IT.CAED/850592002.FACILITY,Centro Olio Val d'Agri
2023-07-14 15:00:00,0.64055,IT.CAED/850592002.FACILITY,Centro Olio Val d'Agri
2023-07-14 16:00:00,0.48308999999999996,IT.CAED/850592002.FACILITY,Centro Olio Val d'Agri
2023-07-14 17:00:00,0.28185000000000004,IT.CAED/850592002.FACILITY,Centro Olio Val d'Agri
2023-07-14 18:00:00,0.07884999999999999,IT.CAED/850592002.FACILITY,Centro Olio Val d'Agri
2023-07-14 19:00:00,0.01908,IT.CAED/850592002.FACILITY,Centro Olio Val d'Agri
2023-07-14 20:00:00,0.0,IT.CAED/850592002.FACILITY,Centro Olio Val d'Agri
2023-07-14 21:00:00,0.0,IT.CAED/850592002.FACILITY,Centro Olio Val d'Agri
2023-07-14 22:00:00,0.0,IT.CAED/850592002.FACILITY,Centro Olio Val d'Agri
2023-07-14 23:00:00,0.0,IT.CAED/850592002.FACILITY,Centro Olio Val d'Agri
2023-07-15 00:00:00,0.0,IT.CAED/850592002.FACILITY,Centro Olio Val d'Agri
2023-07-15 01:00:00,0.0,IT.CAED/850592002.FACILITY,Centro Olio Val d'Agri
2023-07-15 02:00:00,0.0,IT.CAED/850592002.FACILITY,Centro Olio Val d'Agri
2023-07-15 03:00:00,0.0,IT.CAED/850592002.FACILITY,Centro Olio Val d'Agri
2023-07-15 04:00:00,0.0,IT.CAED/850592002.FACILITY,Centro Olio Val d'Agri
2023-07-15 05:00:00,0.0,IT.CAED/850592002.FACILITY,Centro Olio Val d'Agri
2023-07-15 06:00:00,0.01807,IT.CAED/850592002.FACILITY,Centro Olio Val d'Agri
2023-07-15 07:00:00,0.0719,IT.CAED/850592002.FACILITY,Centro Olio Val d'Agri
2023-07-15 08:00:00,0.27619,IT.CAED/850592002.FACILITY,Centro Olio Val d'Agri
2023-07-15 09:00:00,0.47786,IT.CAED/850592002.FACILITY,Centro Olio Val d'Agri
2023-07-15 10:00:00,0.6333300000000001,IT.CAED/850592002.FACILITY,Centro Olio Val d'Agri
2023-07-15 11:00:00,0.73468,IT.CAED/850592002.FACILITY,Centro Olio Val d'Agri
2023-07-15 12:00:00,0.78255,IT.CAED/850592002.FACILITY,Centro Olio Val d'Agri
2023-07-15 13:00:00,0.78228,IT.CAED/850592002.FACILITY,Centro Olio Val d'Agri
2023-07-15 14:00:00,0.7334400000000001,IT.CAED/850592002.FACILITY,Centro Olio Val d'Agri
2023-07-15 15:00:00,0.63121,IT.CAED/850592002.FACILITY,Centro Olio Val d'Agri
2023-07-15 16:00:00,0.47724,IT.CAED/850592002.FACILITY,Centro Olio Val d'Agri
2023-07-15 17:00:00,0.27826999999999996,IT.CAED/850592002.FACILITY,Centro Olio Val d'Agri
2023-07-15 18:00:00,0.07826000000000001,IT.CAED/850592002.FACILITY,Centro Olio Val d'Agri
2023-07-15 19:00:00,0.018789999999999998,IT.CAED/850592002.FACILITY,Centro Olio Val d'Agri
2023-07-15 20:00:00,0.0,IT.CAED/850592002.FACILITY,Centro Olio Val d'Agri
2023-07-15 21:00:00,0.0,IT.CAED/850592002.FACILITY,Centro Olio Val d'Agri
2023-07-15 22:00:00,0.0,IT.CAED/850592002.FACILITY,Centro Olio Val d'Agri
2023-07-15 23:00:00,0.0,IT.CAED/850592002.FACILITY,Centro Olio Val d'Agri
2023-07-16 00:00:00,0.0,IT.CAED/850592002.FACILITY,Centro Olio Val d'Agri
2023-07-16 01:00:00,0.0,IT.CAED/850592002.FACILITY,Centro Olio Val d'Agri
2023-07-16 02:00:00,0.0,IT.CAED/850592002.FACILITY,Centro Olio Val d'Agri
2023-07-16 03:00:00,0.0,IT.CAED/850592002.FACILITY,Centro Olio Val d'Agri
2023-07-16 04:00:00,0.0,IT.CAED/850592002.FACILITY,Centro Olio Val d'Agri
2023-07-16 05:00:00,0.0,IT.CAED/850592002.FACILITY,Centro Olio Val d'Agri
2023-07-16 06:00:00,0.01802,IT.CAED/850592002.FACILITY,Centro Olio Val d'Agri
2023-07-16 07:00:00,0.0725,IT.CAED/850592002.FACILITY,Centro Olio Val d'Agri
2023-07-16 08:00:00,0.28051,IT.CAED/850592002.FACILITY,Centro Olio Val d'Agri
2023-07-16 09:00:00,0.4835,IT.CAED/850592002.FACILITY,Centro Olio Val d'Agri
2023-07-16 10:00:00,0.63724,IT.CAED/850592002.FACILITY,Centro Olio Val d'Agri
2023-07-16 11:00:00,0.7353,IT.CAED/850592002.FACILITY,Centro Olio Val d'Agri
2023-07-16 12:00:00,0.77934,IT.CAED/850592002.FACILITY,Centro Olio Val d'Agri
2023-07-16 13:00:00,0.77701,IT.CAED/850592002.FACILITY,Centro Olio Val d'Agri
2023-07-16 14:00:00,0.72377,IT.CAED/850592002.FACILITY,Centro Olio Val d'Agri
2023-07-16 15:00:00,0.62125,IT.CAED/850592002.FACILITY,Centro Olio Val d'Agri
2023-07-16 16:00:00,0.46828,IT.CAED/850592002.FACILITY,Centro Olio Val d'Agri
2023-07-16 17:00:00,0.2741,IT.CAED/850592002.FACILITY,Centro Olio Val d'Agri
2023-07-16 18:00:00,0.07736,IT.CAED/850592002.FACILITY,Centro Olio Val d'Agri
2023-07-16 19:00:00,0.01822,IT.CAED/850592002.FACILITY,Centro Olio Val d'Agri
2023-07-16 20:00:00,0.0,IT.CAED/850592002.FACILITY,Centro Olio Val d'Agri
2023-07-16 21:00:00,0.0,IT.CAED/850592002.FACILITY,Centro Olio Val d'Agri
2023-07-16 22:00:00,0.0,IT.CAED/850592002.FACILITY,Centro Olio Val d'Agri
2023-07-16 23:00:00,0.0,IT.CAED/850592002.FACILITY,Centro Olio Val d'Agri
2023-07-17 00:00:00,0.0,IT.CAED/850592002.FACILITY,Centro Olio Val d'Agri
2023-07-17 01:00:00,0.0,IT.CAED/850592002.FACILITY,Centro Olio Val d'Agri
2023-07-17 02:00:00,0.0,IT.CAED/850592002.FACILITY,Centro Olio Val d'Agri
2023-07-17 03:00:00,0.0,IT.CAED/850592002.FACILITY,Centro Olio Val d'Agri
2023-07-17 04:00:00,0.0,IT.CAED/850592002.FACILITY,Centro Olio Val d'Agri
2023-07-17 05:00:00,0.0,IT.CAED/850592002.FACILITY,Centro Olio Val d'Agri
2023-07-17 06:00:00,0.01718,IT.CAED/850592002.FACILITY,Centro Olio Val d'Agri
2023-07-17 07:00:00,0.07052,IT.CAED/850592002.FACILITY,Centro Olio Val d'Agri
2023-07-17 08:00:00,0.27361,IT.CAED/850592002.FACILITY,Centro Olio Val d'Agri
2023-07-17 09:00:00,0.47082999999999997,IT.CAED/850592002.FACILITY,Centro Olio Val d'Agri
2023-07-17 10:00:00,0.62182,IT.CAED/850592002.FACILITY,Centro Olio Val d'Agri
2023-07-17 11:00:00,0.71868,IT.CAED/850592002.FACILITY,Centro Olio Val d'Agri
2023-07-17 12:00:00,0.768,IT.CAED/850592002.FACILITY,Centro Olio Val d'Agri
2023-07-17 13:00:00,0.7712100000000001,IT.CAED/850592002.FACILITY,Centro Olio Val d'Agri
2023-07-17 14:00:00,0.72065,IT.CAED/850592002.FACILITY,Centro Olio Val d'Agri
2023-07-17 15:00:00,0.6190599999999999,IT.CAED/850592002.FACILITY,Centro Olio Val d'Agri
2023-07-17 16:00:00,0.46864999999999996,IT.CAED/850592002.FACILITY,Centro Olio Val d'Agri
2023-07-17 17:00:00,0.27394999999999997,IT.CAED/850592002.FACILITY,Centro Olio Val d'Agri
2023-07-17 18:00:00,0.07684,IT.CAED/850592002.FACILITY,Centro Olio Val d'Agri
2023-07-17 19:00:00,0.01777,IT.CAED/850592002.FACILITY,Centro Olio Val d'Agri
2023-07-17 20:00:00,0.0,IT.CAED/850592002.FACILITY,Centro Olio Val d'Agri
2023-07-17 21:00:00,0.0,IT.CAED/850592002.FACILITY,Centro Olio Val d'Agri
2023-07-17 22:00:00,0.0,IT.CAED/850592002.FACILITY,Centro Olio Val d'Agri
2023-07-17 23:00:00,0.0,IT.CAED/850592002.FACILITY,Centro Olio Val d'Agri
2023-07-18 00:00:00,0.0,IT.CAED/850592002.FACILITY,Centro Olio Val d'Agri
2023-07-18 01:00:00,0.0,IT.CAED/850592002.FACILITY,Centro Olio Val d'Agri
2023-07-18 02:00:00,0.0,IT.CAED/850592002.FACILITY,Centro Olio Val d'Agri
2023-07-18 03:00:00,0.0,IT.CAED/850592002.FACILITY,Centro Olio Val d'Agri
2023-07-18 04:00:00,0.0,IT.CAED/850592002.FACILITY,Centro Olio Val d'Agri
2023-07-18 05:00:00,0.0,IT.CAED/850592002.FACILITY,Centro Olio Val d'Agri
2023-07-18 06:00:00,0.016640000000000002,IT.CAED/850592002.FACILITY,Centro Olio Val d'Agri
2023-07-18 07:00:00,0.06996,IT.CAED/850592002.FACILITY,Centro Olio Val d'Agri
2023-07-18 08:00:00,0.27127999999999997,IT.CAED/850592002.FACILITY,Centro Olio Val d'Agri
2023-07-18 09:00:00,0.47087,IT.CAED/850592002.FACILITY,Centro Olio Val d'Agri
2023-07-18 10:00:00,0.6232300000000001,IT.CAED/850592002.FACILITY,Centro Olio Val d'Agri
2023-07-18 11:00:00,0.7238600000000001,IT.CAED/850592002.FACILITY,Centro Olio Val d'Agri
2023-07-18 12:00:00,0.77428,IT.CAED/850592002.FACILITY,Centro Olio Val d'Agri
2023-07-18 13:00:00,0.77595,IT.CAED/850592002.FACILITY,Centro Olio Val d'Agri
2023-07-18 14:00:00,0.7268600000000001,IT.CAED/850592002.FACILITY,Centro Olio Val d'Agri
2023-07-18 15:00:00,0.62429,IT.CAED/850592002.FACILITY,Centro Olio Val d'Agri
2023-07-18 16:00:00,0.4644,IT.CAED/850592002.FACILITY,Centro Olio Val d'Agri
2023-07-18 17:00:00,0.27388999999999997,IT.CAED/850592002.FACILITY,Centro Olio Val d'Agri
2023-07-18 18:00:00,0.07734,IT.CAED/850592002.FACILITY,Centro Olio Val d'Agri
2023-07-18 19:00:00,0.0176,IT.CAED/850592002.FACILITY,Centro Olio Val d'Agri
2023-07-18 20:00:00,0.0,IT.CAED/850592002.FACILITY,Centro Olio Val d'Agri
2023-07-18 21:00:00,0.0,IT.CAED/850592002.FACILITY,Centro Olio Val d'Agri
2023-07-18 22:00:00,0.0,IT.CAED/850592002.FACILITY,Centro Olio Val d'Agri
2023-07-18 23:00:00,0.0,IT.CAED/850592002.FACILITY,Centro Olio Val d'Agri
2023-07-19 00:00:00,0.0,IT.CAED/850592002.FACILITY,Centro Olio Val d'Agri
2023-07-19 01:00:00,0.0,IT.CAED/850592002.FACILITY,Centro Olio Val d'Agri
2023-07-19 02:00:00,0.0,IT.CAED/850592002.FACILITY,Centro Olio Val d'Agri
2023-07-19 03:00:00,0.0,IT.CAED/850592002.FACILITY,Centro Olio Val d'Agri
2023-07-19 04:00:00,0.0,IT.CAED/850592002.FACILITY,Centro Olio Val d'Agri
2023-07-19 05:00:00,0.0,IT.CAED/850592002.FACILITY,Centro Olio Val d'Agri
2023-07-19 06:00:00,0.01614,IT.CAED/850592002.FACILITY,Centro Olio Val d'Agri
2023-07-19 07:00:00,0.0699,IT.CAED/850592002.FACILITY,Centro Olio Val d'Agri
2023-07-19 08:00:00,0.27344999999999997,IT.CAED/850592002.FACILITY,Centro Olio Val d'Agri
2023-07-19 09:00:00,0.47828,IT.CAED/850592002.FACILITY,Centro Olio Val d'Agri
2023-07-19 10:00:00,0.6352599999999999,IT.CAED/850592002.FACILITY,Centro Olio Val d'Agri
2023-07-19 11:00:00,0.73866,IT.CAED/850592002.FACILITY,Centro Olio Val d'Agri
2023-07-19 12:00:00,0.7883600000000001,IT.CAED/850592002.FACILITY,Centro Olio Val d'Agri
2023-07-19 13:00:00,0.78589,IT.CAED/850592002.FACILITY,Centro Olio Val d'Agri
2023-07-19 14:00:00,0.74239,IT.CAED/850592002.FACILITY,Centro Olio Val d'Agri
2023-07-19 15:00:00,0.62224,IT.CAED/850592002.FACILITY,Centro Olio Val d'Agri
2023-07-19 16:00:00,0.44992000000000004,IT.CAED/850592002.FACILITY,Centro Olio Val d'Agri
2023-07-19 17:00:00,0.26677999999999996,IT.CAED/850592002.FACILITY,Centro Olio Val d'Agri
2023-07-19 18:00:00,0.07934999999999999,IT.CAED/850592002.FACILITY,Centro Olio Val d'Agri
2023-07-19 19:00:00,0.0178,IT.CAED/850592002.FACILITY,Centro Olio Val d'Agri
2023-07-19 20:00:00,0.0,IT.CAED/850592002.FACILITY,Centro Olio Val d'Agri
2023-07-19 21:00:00,0.0,IT.CAED/850592002.FACILITY,Centro Olio Val d'Agri
2023-07-19 22:00:00,0.0,IT.CAED/850592002.FACILITY,Centro Olio Val d'Agri
2023-07-19 23:00:00,0.0,IT.CAED/850592002.FACILITY,Centro Olio Val d'Agri
2023-07-20 00:00:00,0.0,IT.CAED/850592002.FACILITY,Centro Olio Val d'Agri
2023-07-20 01:00:00,0.0,IT.CAED/850592002.FACILITY,Centro Olio Val d'Agri
2023-07-20 02:00:00,0.0,IT.CAED/850592002.FACILITY,Centro Olio Val d'Agri
2023-07-20 03:00:00,0.0,IT.CAED/850592002.FACILITY,Centro Olio Val d'Agri
2023-07-20 04:00:00,0.0,IT.CAED/850592002.FACILITY,Centro Olio Val d'Agri
2023-07-20 05:00:00,0.0,IT.CAED/850592002.FACILITY,Centro Olio Val d'Agri
2023-07-20 06:00:00,0.016149999999999998,IT.CAED/850592002.FACILITY,Centro Olio Val d'Agri
2023-07-20 07:00:00,0.07084,IT.CAED/850592002.FACILITY,Centro Olio Val d'Agri
2023-07-20 08:00:00,0.2776,IT.CAED/850592002.FACILITY,Centro Olio Val d'Agri
2023-07-20 09:00:00,0.48456,IT.CAED/850592002.FACILITY,Centro Olio Val d'Agri
2023-07-20 10:00:00,0.64034,IT.CAED/850592002.FACILITY,Centro Olio Val d'Agri
2023-07-20 11:00:00,0.7444400000000001,IT.CAED/850592002.FACILITY,Centro Olio Val d'Agri
2023-07-20 12:00:00,0.79507,IT.CAED/850592002.FACILITY,Centro Olio Val d'Agri
2023-07-20 13:00:00,0.80028,IT.CAED/850592002.FACILITY,Centro Olio Val d'Agri
2023-07-20 14:00:00,0.75115,IT.CAED/850592002.FACILITY,Centro Olio Val d'Agri
2023-07-20 15:00:00,0.64022,IT.CAED/850592002.FACILITY,Centro Olio Val d'Agri
2023-07-20 16:00:00,0.48816000000000004,IT.CAED/850592002.FACILITY,Centro Olio Val d'Agri
2023-07-20 17:00:00,0.28261000000000003,IT.CAED/850592002.FACILITY,Centro Olio Val d'Agri
2023-07-20 18:00:00,0.07853,IT.CAED/850592002.FACILITY,Centro Olio Val d'Agri
2023-07-20 19:00:00,0.01712,IT.CAED/850592002.FACILITY,Centro Olio Val d'Agri
2023-07-20 20:00:00,0.0,IT.CAED/850592002.FACILITY,Centro Olio Val d'Agri
2023-07-20 21:00:00,0.0,IT.CAED/850592002.FACILITY,Centro Olio Val d'Agri
2023-07-20 22:00:00,0.0,IT.CAED/850592002.FACILITY,Centro Olio Val d'Agri
2023-07-20 23:00:00,0.0,IT.CAED/850592002.FACILITY,Centro Olio Val d'Agri
2023-07-21 00:00:00,0.0,IT.CAED/850592002.FACILITY,Centro Olio Val d'Agri
2023-07-21 01:00:00,0.0,IT.CAED/850592002.FACILITY,Centro Olio Val d'Agri
2023-07-21 02:00:00,0.0,IT.CAED/850592002.FACILITY,Centro Olio Val d'Agri
2023-07-21 03:00:00,0.0,IT.CAED/850592002.FACILITY,Centro Olio Val d'Agri
2023-07-21 04:00:00,0.0,IT.CAED/850592002.FACILITY,Centro Olio Val d'Agri
2023-07-21 05:00:00,0.0,IT.CAED/850592002.FACILITY,Centro Olio Val d'Agri
2023-07-21 06:00:00,0.01558,IT.CAED/850592002.FACILITY,Centro Olio Val d'Agri
2023-07-21 07:00:00,0.06958,IT.CAED/850592002.FACILITY,Centro Olio Val d'Agri
2023-07-21 08:00:00,0.27274,IT.CAED/850592002.FACILITY,Centro Olio Val d'Agri
2023-07-21 09:00:00,0.43526,IT.CAED/850592002.FACILITY,Centro Olio Val d'Agri
2023-07-21 10:00:00,0.61811,IT.CAED/850592002.FACILITY,Centro Olio Val d'Agri
2023-07-21 11:00:00,0.73141,IT.CAED/850592002.FACILITY,Centro Olio Val d'Agri
2023-07-21 12:00:00,0.77813,IT.CAED/850592002.FACILITY,Centro Olio Val d'Agri
2023-07-21 13:00:00,0.70517,IT.CAED/850592002.FACILITY,Centro Olio Val d'Agri
2023-07-21 14:00:00,0.62359,IT.CAED/850592002.FACILITY,Centro Olio Val d'Agri
2023-07-21 15:00:00,0.61711,IT.CAED/850592002.FACILITY,Centro Olio Val d'Agri
2023-07-21 16:00:00,0.47257,IT.CAED/850592002.FACILITY,Centro Olio Val d'Agri
2023-07-21 17:00:00,0.27466,IT.CAED/850592002.FACILITY,Centro Olio Val d'Agri
2023-07-21 18:00:00,0.07854000000000001,IT.CAED/850592002.FACILITY,Centro Olio Val d'Agri
2023-07-21 19:00:00,0.01688,IT.CAED/850592002.FACILITY,Centro Olio Val d'Agri
2023-07-21 20:00:00,0.0,IT.CAED/850592002.FACILITY,Centro Olio Val d'Agri
2023-07-21 21:00:00,0.0,IT.CAED/850592002.FACILITY,Centro Olio Val d'Agri
2023-07-21 22:00:00,0.0,IT.CAED/850592002.FACILITY,Centro Olio Val d'Agri
2023-07-21 23:00:00,0.0,IT.CAED/850592002.FACILITY,Centro Olio Val d'Agri
2023-07-22 00:00:00,0.0,IT.CAED/850592002.FACILITY,Centro Olio Val d'Agri
2023-07-22 01:00:00,0.0,IT.CAED/850592002.FACILITY,Centro Olio Val d'Agri
2023-07-22 02:00:00,0.0,IT.CAED/850592002.FACILITY,Centro Olio Val d'Agri
2023-07-22 03:00:00,0.0,IT.CAED/850592002.FACILITY,Centro Olio Val d'Agri
2023-07-22 04:00:00,0.0,IT.CAED/850592002.FACILITY,Centro Olio Val d'Agri
2023-07-22 05:00:00,0.0,IT.CAED/850592002.FACILITY,Centro Olio Val d'Agri
2023-07-22 06:00:00,0.015130000000000001,IT.CAED/850592002.FACILITY,Centro Olio Val d'Agri
2023-07-22 07:00:00,0.0697,IT.CAED/850592002.FACILITY,Centro Olio Val d'Agri
2023-07-22 08:00:00,0.27648,IT.CAED/850592002.FACILITY,Centro Olio Val d'Agri
2023-07-22 09:00:00,0.48528,IT.CAED/850592002.FACILITY,Centro Olio Val d'Agri
2023-07-22 10:00:00,0.64425,IT.CAED/850592002.FACILITY,Centro Olio Val d'Agri
2023-07-22 11:00:00,0.74946,IT.CAED/850592002.FACILITY,Centro Olio Val d'Agri
2023-07-22 12:00:00,0.80044,IT.CAED/850592002.FACILITY,Centro Olio Val d'Agri
2023-07-22 13:00:00,0.8051200000000001,IT.CAED/850592002.FACILITY,Centro Olio Val d'Agri
2023-07-22 14:00:00,0.75213,IT.CAED/850592002.FACILITY,Centro Olio Val d'Agri
2023-07-22 15:00:00,0.64388,IT.CAED/850592002.FACILITY,Centro Olio Val d'Agri
2023-07-22 16:00:00,0.48183,IT.CAED/850592002.FACILITY,Centro Olio Val d'Agri
2023-07-22 17:00:00,0.27306,IT.CAED/850592002.FACILITY,Centro Olio Val d'Agri
2023-07-22 18:00:00,0.07811,IT.CAED/850592002.FACILITY,Centro Olio Val d'Agri
2023-07-22 19:00:00,0.01641,IT.CAED/850592002.FACILITY,Centro Olio Val d'Agri
2023-07-22 20:00:00,0.0,IT.CAED/850592002.FACILITY,Centro Olio Val d'Agri
2023-07-22 21:00:00,0.0,IT.CAED/850592002.FACILITY,Centro Olio Val d'Agri
2023-07-22 22:00:00,0.0,IT.CAED/850592002.FACILITY,Centro Olio Val d'Agri
2023-07-22 23:00:00,0.0,IT.CAED/850592002.FACILITY,Centro Olio Val d'Agri
2023-07-23 00:00:00,0.0,IT.CAED/850592002.FACILITY,Centro Olio Val d'Agri
2023-07-23 01:00:00,0.0,IT.CAED/850592002.FACILITY,Centro Olio Val d'Agri
2023-07-23 02:00:00,0.0,IT.CAED/850592002.FACILITY,Centro Olio Val d'Agri
2023-07-23 03:00:00,0.0,IT.CAED/850592002.FACILITY,Centro Olio Val d'Agri
2023-07-23 04:00:00,0.0,IT.CAED/850592002.FACILITY,Centro Olio Val d'Agri
2023-07-23 05:00:00,0.0,IT.CAED/850592002.FACILITY,Centro Olio Val d'Agri
2023-07-23 06:00:00,0.01442,IT.CAED/850592002.FACILITY,Centro Olio Val d'Agri
2023-07-23 07:00:00,0.06855,IT.CAED/850592002.FACILITY,Centro Olio Val d'Agri
2023-07-23 08:00:00,0.27073,IT.CAED/850592002.FACILITY,Centro Olio Val d'Agri
2023-07-23 09:00:00,0.47614,IT.CAED/850592002.FACILITY,Centro Olio Val d'Agri
2023-07-23 10:00:00,0.63064,IT.CAED/850592002.FACILITY,Centro Olio Val d'Agri
2023-07-23 11:00:00,0.7432799999999999,IT.CAED/850592002.FACILITY,Centro Olio Val d'Agri
2023-07-23 12:00:00,0.8013899999999999,IT.CAED/850592002.FACILITY,Centro Olio Val d'Agri
2023-07-23 13:00:00,0.80075,IT.CAED/850592002.FACILITY,Centro Olio Val d'Agri
2023-07-23 14:00:00,0.7525299999999999,IT.CAED/850592002.FACILITY,Centro Olio Val d'Agri
2023-07-23 15:00:00,0.64578,IT.CAED/850592002.FACILITY,Centro Olio Val d'Agri
2023-07-23 16:00:00,0.4858,IT.CAED/850592002.FACILITY,Centro Olio Val d'Agri
2023-07-23 17:00:00,0.2797,IT.CAED/850592002.FACILITY,Centro Olio Val d'Agri
2023-07-23 18:00:00,0.07811,IT.CAED/850592002.FACILITY,Centro Olio Val d'Agri
2023-07-23 19:00:00,0.016050000000000002,IT.CAED/850592002.FACILITY,Centro Olio Val d'Agri
2023-07-23 20:00:00,0.0,IT.CAED/850592002.FACILITY,Centro Olio Val d'Agri
2023-07-23 21:00:00,0.0,IT.CAED/850592002.FACILITY,Centro Olio Val d'Agri
2023-07-23 22:00:00,0.0,IT.CAED/850592002.FACILITY,Centro Olio Val d'Agri
2023-07-23 23:00:00,0.0,IT.CAED/850592002.FACILITY,Centro Olio Val d'Agri
2023-07-24 00:00:00,0.0,IT.CAED/850592002.FACILITY,Centro Olio Val d'Agri
2023-07-24 01:00:00,0.0,IT.CAED/850592002.FACILITY,Centro Olio Val d'Agri
2023-07-24 02:00:00,0.0,IT.CAED/850592002.FACILITY,Centro Olio Val d'Agri
2023-07-24 03:00:00,0.0,IT.CAED/850592002.FACILITY,Centro Olio Val d'Agri
2023-07-24 04:00:00,0.0,IT.CAED/850592002.FACILITY,Centro Olio Val d'Agri
2023-07-24 05:00:00,0.0,IT.CAED/850592002.FACILITY,Centro Olio Val d'Agri
2023-07-24 06:00:00,0.01384,IT.CAED/850592002.FACILITY,Centro Olio Val d'Agri
2023-07-24 07:00:00,0.06789,IT.CAED/850592002.FACILITY,Centro Olio Val d'Agri
2023-07-24 08:00:00,0.27215,IT.CAED/850592002.FACILITY,Centro Olio Val d'Agri
2023-07-24 09:00:00,0.47364999999999996,IT.CAED/850592002.FACILITY,Centro Olio Val d'Agri
2023-07-24 10:00:00,0.6005199999999999,IT.CAED/850592002.FACILITY,Centro Olio Val d'Agri
2023-07-24 11:00:00,0.73551,IT.CAED/850592002.FACILITY,Centro Olio Val d'Agri
2023-07-24 12:00:00,0.7837999999999999,IT.CAED/850592002.FACILITY,Centro Olio Val d'Agri
2023-07-24 13:00:00,0.79922,IT.CAED/850592002.FACILITY,Centro Olio Val d'Agri
2023-07-24 14:00:00,0.74705,IT.CAED/850592002.FACILITY,Centro Olio Val d'Agri
2023-07-24 15:00:00,0.6415299999999999,IT.CAED/850592002.FACILITY,Centro Olio Val d'Agri
2023-07-24 16:00:00,0.47949,IT.CAED/850592002.FACILITY,Centro Olio Val d'Agri
2023-07-24 17:00:00,0.27838,IT.CAED/850592002.FACILITY,Centro Olio Val d'Agri
2023-07-24 18:00:00,0.07805,IT.CAED/850592002.FACILITY,Centro Olio Val d'Agri
2023-07-24 19:00:00,0.01573,IT.CAED/850592002.FACILITY,Centro Olio Val d'Agri
2023-07-24 20:00:00,0.0,IT.CAED/850592002.FACILITY,Centro Olio Val d'Agri
2023-07-24 21:00:00,0.0,IT.CAED/850592002.FACILITY,Centro Olio Val d'Agri
2023-07-24 22:00:00,0.0,IT.CAED/850592002.FACILITY,Centro Olio Val d'Agri
2023-07-24 23:00:00,0.0,IT.CAED/850592002.FACILITY,Centro Olio Val d'Agri
2023-07-25 00:00:00,0.0,IT.CAED/850592002.FACILITY,Centro Olio Val d'Agri
2023-07-25 01:00:00,0.0,IT.CAED/850592002.FACILITY,Centro Olio Val d'Agri
2023-07-25 02:00:00,0.0,IT.CAED/850592002.FACILITY,Centro Olio Val d'Agri
2023-07-25 03:00:00,0.0,IT.CAED/850592002.FACILITY,Centro Olio Val d'Agri
2023-07-25 04:00:00,0.0,IT.CAED/850592002.FACILITY,Centro Olio Val d'Agri
2023-07-25 05:00:00,0.0,IT.CAED/850592002.FACILITY,Centro Olio Val d'Agri
2023-07-25 06:00:00,0.013730000000000001,IT.CAED/850592002.FACILITY,Centro Olio Val d'Agri
2023-07-25 07:00:00,0.06881,IT.CAED/850592002.FACILITY,Centro Olio Val d'Agri
2023-07-25 08:00:00,0.27727999999999997,IT.CAED/850592002.FACILITY,Centro Olio Val d'Agri
2023-07-25 09:00:00,0.48346,IT.CAED/850592002.FACILITY,Centro Olio Val d'Agri
2023-07-25 10:00:00,0.65387,IT.CAED/850592002.FACILITY,Centro Olio Val d'Agri
2023-07-25 11:00:00,0.7677200000000001,IT.CAED/850592002.FACILITY,Centro Olio Val d'Agri
2023-07-25 12:00:00,0.82497,IT.CAED/850592002.FACILITY,Centro Olio Val d'Agri
2023-07-25 13:00:00,0.8253400000000001,IT.CAED/850592002.FACILITY,Centro Olio Val d'Agri
2023-07-25 14:00:00,0.77166,IT.CAED/850592002.FACILITY,Centro Olio Val d'Agri
2023-07-25 15:00:00,0.6470199999999999,IT.CAED/850592002.FACILITY,Centro Olio Val d'Agri
2023-07-25 16:00:00,0.48374,IT.CAED/850592002.FACILITY,Centro Olio Val d'Agri
2023-07-25 17:00:00,0.27902,IT.CAED/850592002.FACILITY,Centro Olio Val d'Agri
2023-07-25 18:00:00,0.07867,IT.CAED/850592002.FACILITY,Centro Olio Val d'Agri
2023-07-25 19:00:00,0.015449999999999998,IT.CAED/850592002.FACILITY,Centro Olio Val d'Agri
2023-07-25 20:00:00,0.0,IT.CAED/850592002.FACILITY,Centro Olio Val d'Agri
2023-07-25 21:00:00,0.0,IT.CAED/850592002.FACILITY,Centro Olio Val d'Agri
2023-07-25 22:00:00,0.0,IT.CAED/850592002.FACILITY,Centro Olio Val d'Agri
2023-07-25 23:00:00,0.0,IT.CAED/850592002.FACILITY,Centro Olio Val d'Agri
2023-07-26 00:00:00,0.0,IT.CAED/850592002.FACILITY,Centro Olio Val d'Agri
2023-07-26 01:00:00,0.0,IT.CAED/850592002.FACILITY,Centro Olio Val d'Agri
2023-07-26 02:00:00,0.0,IT.CAED/850592002.FACILITY,Centro Olio Val d'Agri
2023-07-26 03:00:00,0.0,IT.CAED/850592002.FACILITY,Centro Olio Val d'Agri
2023-07-26 04:00:00,0.0,IT.CAED/850592002.FACILITY,Centro Olio Val d'Agri
2023-07-26 05:00:00,0.0,IT.CAED/850592002.FACILITY,Centro Olio Val d'Agri
2023-07-26 06:00:00,0.013900000000000001,IT.CAED/850592002.FACILITY,Centro Olio Val d'Agri
2023-07-26 07:00:00,0.07148,IT.CAED/850592002.FACILITY,Centro Olio Val d'Agri
2023-07-26 08:00:00,0.26853,IT.CAED/850592002.FACILITY,Centro Olio Val d'Agri
2023-07-26 09:00:00,0.45735000000000003,IT.CAED/850592002.FACILITY,Centro Olio Val d'Agri
2023-07-26 10:00:00,0.62093,IT.CAED/850592002.FACILITY,Centro Olio Val d'Agri
2023-07-26 11:00:00,0.74585,IT.CAED/850592002.FACILITY,Centro Olio Val d'Agri
2023-07-26 12:00:00,0.84761,IT.CAED/850592002.FACILITY,Centro Olio Val d'Agri
2023-07-26 13:00:00,0.85196,IT.CAED/850592002.FACILITY,Centro Olio Val d'Agri
2023-07-26 14:00:00,0.78827,IT.CAED/850592002.FACILITY,Centro Olio Val d'Agri
2023-07-26 15:00:00,0.68557,IT.CAED/850592002.FACILITY,Centro Olio Val d'Agri
2023-07-26 16:00:00,0.51632,IT.CAED/850592002.FACILITY,Centro Olio Val d'Agri
2023-07-26 17:00:00,0.30421,IT.CAED/850592002.FACILITY,Centro Olio Val d'Agri
2023-07-26 18:00:00,0.08629,IT.CAED/850592002.FACILITY,Centro Olio Val d'Agri
2023-07-26 19:00:00,0.01775,IT.CAED/850592002.FACILITY,Centro Olio Val d'Agri
2023-07-26 20:00:00,0.0,IT.CAED/850592002.FACILITY,Centro Olio Val d'Agri
2023-07-26 21:00:00,0.0,IT.CAED/850592002.FACILITY,Centro Olio Val d'Agri
2023-07-26 22:00:00,0.0,IT.CAED/850592002.FACILITY,Centro Olio Val d'Agri
2023-07-26 23:00:00,0.0,IT.CAED/850592002.FACILITY,Centro Olio Val d'Agri
2023-07-27 00:00:00,0.0,IT.CAED/850592002.FACILITY,Centro Olio Val d'Agri
2023-07-27 01:00:00,0.0,IT.CAED/850592002.FACILITY,Centro Olio Val d'Agri
2023-07-27 02:00:00,0.0,IT.CAED/850592002.FACILITY,Centro Olio Val d'Agri
2023-07-27 03:00:00,0.0,IT.CAED/850592002.FACILITY,Centro Olio Val d'Agri
2023-07-27 04:00:00,0.0,IT.CAED/850592002.FACILITY,Centro Olio Val d'Agri
2023-07-27 05:00:00,0.0,IT.CAED/850592002.FACILITY,Centro Olio Val d'Agri
2023-07-27 06:00:00,0.01409,IT.CAED/850592002.FACILITY,Centro Olio Val d'Agri
2023-07-27 07:00:00,0.07027,IT.CAED/850592002.FACILITY,Centro Olio Val d'Agri
2023-07-27 08:00:00,0.27938999999999997,IT.CAED/850592002.FACILITY,Centro Olio Val d'Agri
2023-07-27 09:00:00,0.49392,IT.CAED/850592002.FACILITY,Centro Olio Val d'Agri
2023-07-27 10:00:00,0.66085,IT.CAED/850592002.FACILITY,Centro Olio Val d'Agri
2023-07-27 11:00:00,0.77046,IT.CAED/850592002.FACILITY,Centro Olio Val d'Agri
2023-07-27 12:00:00,0.67122,IT.CAED/850592002.FACILITY,Centro Olio Val d'Agri
2023-07-27 13:00:00,0.47128,IT.CAED/850592002.FACILITY,Centro Olio Val d'Agri
2023-07-27 14:00:00,0.47276,IT.CAED/850592002.FACILITY,Centro Olio Val d'Agri
2023-07-27 15:00:00,0.5111,IT.CAED/850592002.FACILITY,Centro Olio Val d'Agri
2023-07-27 16:00:00,0.39009,IT.CAED/850592002.FACILITY,Centro Olio Val d'Agri
2023-07-27 17:00:00,0.20521999999999999,IT.CAED/850592002.FACILITY,Centro Olio Val d'Agri
2023-07-27 18:00:00,0.0686,IT.CAED/850592002.FACILITY,Centro Olio Val d'Agri
2023-07-27 19:00:00,0.01058,IT.CAED/850592002.FACILITY,Centro Olio Val d'Agri
2023-07-27 20:00:00,0.0,IT.CAED/850592002.FACILITY,Centro Olio Val d'Agri
2023-07-27 21:00:00,0.0,IT.CAED/850592002.FACILITY,Centro Olio Val d'Agri
2023-07-27 22:00:00,0.0,IT.CAED/850592002.FACILITY,Centro Olio Val d'Agri
2023-07-27 23:00:00,0.0,IT.CAED/850592002.FACILITY,Centro Olio Val d'Agri
2023-07-28 00:00:00,0.0,IT.CAED/850592002.FACILITY,Centro Olio Val d'Agri
2023-07-28 01:00:00,0.0,IT.CAED/850592002.FACILITY,Centro Olio Val d'Agri
2023-07-28 02:00:00,0.0,IT.CAED/850592002.FACILITY,Centro Olio Val d'Agri
2023-07-28 03:00:00,0.0,IT.CAED/850592002.FACILITY,Centro Olio Val d'Agri
2023-07-28 04:00:00,0.0,IT.CAED/850592002.FACILITY,Centro Olio Val d'Agri
2023-07-28 05:00:00,0.0,IT.CAED/850592002.FACILITY,Centro Olio Val d'Agri
2023-07-28 06:00:00,0.01309,IT.CAED/850592002.FACILITY,Centro Olio Val d'Agri
2023-07-28 07:00:00,0.0694,IT.CAED/850592002.FACILITY,Centro Olio Val d'Agri
2023-07-28 08:00:00,0.24206999999999998,IT.CAED/850592002.FACILITY,Centro Olio Val d'Agri
2023-07-28 09:00:00,0.48634,IT.CAED/850592002.FACILITY,Centro Olio Val d'Agri
2023-07-28 10:00:00,0.65086,IT.CAED/850592002.FACILITY,Centro Olio Val d'Agri
2023-07-28 11:00:00,0.76836,IT.CAED/850592002.FACILITY,Centro Olio Val d'Agri
2023-07-28 12:00:00,0.82625,IT.CAED/850592002.FACILITY,Centro Olio Val d'Agri
2023-07-28 13:00:00,0.82956,IT.CAED/850592002.FACILITY,Centro Olio Val d'Agri
2023-07-28 14:00:00,0.77359,IT.CAED/850592002.FACILITY,Centro Olio Val d'Agri
2023-07-28 15:00:00,0.65935,IT.CAED/850592002.FACILITY,Centro Olio Val d'Agri
2023-07-28 16:00:00,0.45472,IT.CAED/850592002.FACILITY,Centro Olio Val d'Agri
2023-07-28 17:00:00,0.24450999999999998,IT.CAED/850592002.FACILITY,Centro Olio Val d'Agri
2023-07-28 18:00:00,0.0778,IT.CAED/850592002.FACILITY,Centro Olio Val d'Agri
2023-07-28 19:00:00,0.0144,IT.CAED/850592002.FACILITY,Centro Olio Val d'Agri
2023-07-28 20:00:00,0.0,IT.CAED/850592002.FACILITY,Centro Olio Val d'Agri
2023-07-28 21:00:00,0.0,IT.CAED/850592002.FACILITY,Centro Olio Val d'Agri
2023-07-28 22:00:00,0.0,IT.CAED/850592002.FACILITY,Centro Olio Val d'Agri
2023-07-28 23:00:00,0.0,IT.CAED/850592002.FACILITY,Centro Olio Val d'Agri
2023-07-29 00:00:00,0.0,IT.CAED/850592002.FACILITY,Centro Olio Val d'Agri
2023-07-29 01:00:00,0.0,IT.CAED/850592002.FACILITY,Centro Olio Val d'Agri
2023-07-29 02:00:00,0.0,IT.CAED/850592002.FACILITY,Centro Olio Val d'Agri
2023-07-29 03:00:00,0.0,IT.CAED/850592002.FACILITY,Centro Olio Val d'Agri
2023-07-29 04:00:00,0.0,IT.CAED/850592002.FACILITY,Centro Olio Val d'Agri
2023-07-29 05:00:00,0.0,IT.CAED/850592002.FACILITY,Centro Olio Val d'Agri
2023-07-29 06:00:00,0.01234,IT.CAED/850592002.FACILITY,Centro Olio Val d'Agri
2023-07-29 07:00:00,0.07006,IT.CAED/850592002.FACILITY,Centro Olio Val d'Agri
2023-07-29 08:00:00,0.28517000000000003,IT.CAED/850592002.FACILITY,Centro Olio Val d'Agri
2023-07-29 09:00:00,0.49732,IT.CAED/850592002.FACILITY,Centro Olio Val d'Agri
2023-07-29 10:00:00,0.65708,IT.CAED/850592002.FACILITY,Centro Olio Val d'Agri
2023-07-29 11:00:00,0.76066,IT.CAED/850592002.FACILITY,Centro Olio Val d'Agri
2023-07-29 12:00:00,0.8100499999999999,IT.CAED/850592002.FACILITY,Centro Olio Val d'Agri
2023-07-29 13:00:00,0.81471,IT.CAED/850592002.FACILITY,Centro Olio Val d'Agri
2023-07-29 14:00:00,0.7616900000000001,IT.CAED/850592002.FACILITY,Centro Olio Val d'Agri
2023-07-29 15:00:00,0.65407,IT.CAED/850592002.FACILITY,Centro Olio Val d'Agri
2023-07-29 16:00:00,0.49441,IT.CAED/850592002.FACILITY,Centro Olio Val d'Agri
2023-07-29 17:00:00,0.28696,IT.CAED/850592002.FACILITY,Centro Olio Val d'Agri
2023-07-29 18:00:00,0.07826000000000001,IT.CAED/850592002.FACILITY,Centro Olio Val d'Agri
2023-07-29 19:00:00,0.01478,IT.CAED/850592002.FACILITY,Centro Olio Val d'Agri
2023-07-29 20:00:00,0.0,IT.CAED/850592002.FACILITY,Centro Olio Val d'Agri
2023-07-29 21:00:00,0.0,IT.CAED/850592002.FACILITY,Centro Olio Val d'Agri
2023-07-29 22:00:00,0.0,IT.CAED/850592002.FACILITY,Centro Olio Val d'Agri
2023-07-29 23:00:00,0.0,IT.CAED/850592002.FACILITY,Centro Olio Val d'Agri
2023-07-30 00:00:00,0.0,IT.CAED/850592002.FACILITY,Centro Olio Val d'Agri
2023-07-30 01:00:00,0.0,IT.CAED/850592002.FACILITY,Centro Olio Val d'Agri
2023-07-30 02:00:00,0.0,IT.CAED/850592002.FACILITY,Centro Olio Val d'Agri
2023-07-30 03:00:00,0.0,IT.CAED/850592002.FACILITY,Centro Olio Val d'Agri
2023-07-30 04:00:00,0.0,IT.CAED/850592002.FACILITY,Centro Olio Val d'Agri
2023-07-30 05:00:00,0.0,IT.CAED/850592002.FACILITY,Centro Olio Val d'Agri
2023-07-30 06:00:00,0.01156,IT.CAED/850592002.FACILITY,Centro Olio Val d'Agri
2023-07-30 07:00:00,0.06844,IT.CAED/850592002.FACILITY,Centro Olio Val d'Agri
2023-07-30 08:00:00,0.27713,IT.CAED/850592002.FACILITY,Centro Olio Val d'Agri
2023-07-30 09:00:00,0.49017,IT.CAED/850592002.FACILITY,Centro Olio Val d'Agri
2023-07-30 10:00:00,0.6511399999999999,IT.CAED/850592002.FACILITY,Centro Olio Val d'Agri
2023-07-30 11:00:00,0.75827,IT.CAED/850592002.FACILITY,Centro Olio Val d'Agri
2023-07-30 12:00:00,0.8152,IT.CAED/850592002.FACILITY,Centro Olio Val d'Agri
2023-07-30 13:00:00,0.82168,IT.CAED/850592002.FACILITY,Centro Olio Val d'Agri
2023-07-30 14:00:00,0.75882,IT.CAED/850592002.FACILITY,Centro Olio Val d'Agri
2023-07-30 15:00:00,0.61305,IT.CAED/850592002.FACILITY,Centro Olio Val d'Agri
2023-07-30 16:00:00,0.46109,IT.CAED/850592002.FACILITY,Centro Olio Val d'Agri
2023-07-30 17:00:00,0.23184,IT.CAED/850592002.FACILITY,Centro Olio Val d'Agri
2023-07-30 18:00:00,0.07696,IT.CAED/850592002.FACILITY,Centro Olio Val d'Agri
2023-07-30 19:00:00,0.01282,IT.CAED/850592002.FACILITY,Centro Olio Val d'Agri
2023-07-30 20:00:00,0.0,IT.CAED/850592002.FACILITY,Centro Olio Val d'Agri
2023-07-30 21:00:00,0.0,IT.CAED/850592002.FACILITY,Centro Olio Val d'Agri
2023-07-30 22:00:00,0.0,IT.CAED/850592002.FACILITY,Centro Olio Val d'Agri
2023-07-30 23:00:00,0.0,IT.CAED/850592002.FACILITY,Centro Olio Val d'Agri
2023-07-31 00:00:00,0.0,IT.CAED/850592002.FACILITY,Centro Olio Val d'Agri
2023-07-31 01:00:00,0.0,IT.CAED/850592002.FACILITY,Centro Olio Val d'Agri
2023-07-31 02:00:00,0.0,IT.CAED/850592002.FACILITY,Centro Olio Val d'Agri
2023-07-31 03:00:00,0.0,IT.CAED/850592002.FACILITY,Centro Olio Val d'Agri
2023-07-31 04:00:00,0.0,IT.CAED/850592002.FACILITY,Centro Olio Val d'Agri
2023-07-31 05:00:00,0.0,IT.CAED/850592002.FACILITY,Centro Olio Val d'Agri
2023-07-31 06:00:00,0.01087,IT.CAED/850592002.FACILITY,Centro Olio Val d'Agri
2023-07-31 07:00:00,0.06655,IT.CAED/850592002.FACILITY,Centro Olio Val d'Agri
2023-07-31 08:00:00,0.27019,IT.CAED/850592002.FACILITY,Centro Olio Val d'Agri
2023-07-31 09:00:00,0.47047000000000005,IT.CAED/850592002.FACILITY,Centro Olio Val d'Agri
2023-07-31 10:00:00,0.61585,IT.CAED/850592002.FACILITY,Centro Olio Val d'Agri
2023-07-31 11:00:00,0.63678,IT.CAED/850592002.FACILITY,Centro Olio Val d'Agri
2023-07-31 12:00:00,0.66192,IT.CAED/850592002.FACILITY,Centro Olio Val d'Agri
2023-07-31 13:00:00,0.6812699999999999,IT.CAED/850592002.FACILITY,Centro Olio Val d'Agri
2023-07-31 14:00:00,0.61825,IT.CAED/850592002.FACILITY,Centro Olio Val d'Agri
2023-07-31 15:00:00,0.49751,IT.CAED/850592002.FACILITY,Centro Olio Val d'Agri
2023-07-31 16:00:00,0.33802,IT.CAED/850592002.FACILITY,Centro Olio Val d'Agri
2023-07-31 17:00:00,0.13688,IT.CAED/850592002.FACILITY,Centro Olio Val d'Agri
2023-07-31 18:00:00,0.046479999999999994,IT.CAED/850592002.FACILITY,Centro Olio Val d'Agri
2023-07-31 19:00:00,0.009710000000000002,IT.CAED/850592002.FACILITY,Centro Olio Val d'Agri
2023-07-31 20:00:00,0.0,IT.CAED/850592002.FACILITY,Centro Olio Val d'Agri
2023-07-31 21:00:00,0.0,IT.CAED/850592002.FACILITY,Centro Olio Val d'Agri
2023-07-31 22:00:00,0.0,IT.CAED/850592002.FACILITY,Centro Olio Val d'Agri
2023-07-31 23:00:00,0.0,IT.CAED/850592002.FACILITY,Centro Olio Val d'Agri
2023-08-01 00:00:00,0.0,IT.CAED/850592002.FACILITY,Centro Olio Val d'Agri
2023-08-01 01:00:00,0.0,IT.CAED/850592002.FACILITY,Centro Olio Val d'Agri
2023-08-01 02:00:00,0.0,IT.CAED/850592002.FACILITY,Centro Olio Val d'Agri
2023-08-01 03:00:00,0.0,IT.CAED/850592002.FACILITY,Centro Olio Val d'Agri
2023-08-01 04:00:00,0.0,IT.CAED/850592002.FACILITY,Centro Olio Val d'Agri
2023-08-01 05:00:00,0.0,IT.CAED/850592002.FACILITY,Centro Olio Val d'Agri
2023-08-01 06:00:00,0.00867,IT.CAED/850592002.FACILITY,Centro Olio Val d'Agri
2023-08-01 07:00:00,0.07103,IT.CAED/850592002.FACILITY,Centro Olio Val d'Agri
2023-08-01 08:00:00,0.21131,IT.CAED/850592002.FACILITY,Centro Olio Val d'Agri
2023-08-01 09:00:00,0.47618,IT.CAED/850592002.FACILITY,Centro Olio Val d'Agri
2023-08-01 10:00:00,0.63723,IT.CAED/850592002.FACILITY,Centro Olio Val d'Agri
2023-08-01 11:00:00,0.59603,IT.CAED/850592002.FACILITY,Centro Olio Val d'Agri
2023-08-01 12:00:00,0.57747,IT.CAED/850592002.FACILITY,Centro Olio Val d'Agri
2023-08-01 13:00:00,0.6528099999999999,IT.CAED/850592002.FACILITY,Centro Olio Val d'Agri
2023-08-01 14:00:00,0.5916,IT.CAED/850592002.FACILITY,Centro Olio Val d'Agri
2023-08-01 15:00:00,0.51409,IT.CAED/850592002.FACILITY,Centro Olio Val d'Agri
2023-08-01 16:00:00,0.46327999999999997,IT.CAED/850592002.FACILITY,Centro Olio Val d'Agri
2023-08-01 17:00:00,0.28018,IT.CAED/850592002.FACILITY,Centro Olio Val d'Agri
2023-08-01 18:00:00,0.07883,IT.CAED/850592002.FACILITY,Centro Olio Val d'Agri
2023-08-01 19:00:00,0.01252,IT.CAED/850592002.FACILITY,Centro Olio Val d'Agri
2023-08-01 20:00:00,0.0,IT.CAED/850592002.FACILITY,Centro Olio Val d'Agri
2023-08-01 21:00:00,0.0,IT.CAED/850592002.FACILITY,Centro Olio Val d'Agri
2023-08-01 22:00:00,0.0,IT.CAED/850592002.FACILITY,Centro Olio Val d'Agri
2023-08-01 23:00:00,0.0,IT.CAED/850592002.FACILITY,Centro Olio Val d'Agri
2023-08-02 00:00:00,0.0,IT.CAED/850592002.FACILITY,Centro Olio Val d'Agri
2023-08-02 01:00:00,0.0,IT.CAED/850592002.FACILITY,Centro Olio Val d'Agri
2023-08-02 02:00:00,0.0,IT.CAED/850592002.FACILITY,Centro Olio Val d'Agri
2023-08-02 03:00:00,0.0,IT.CAED/850592002.FACILITY,Centro Olio Val d'Agri
2023-08-02 04:00:00,0.0,IT.CAED/850592002.FACILITY,Centro Olio Val d'Agri
2023-08-02 05:00:00,0.0,IT.CAED/850592002.FACILITY,Centro Olio Val d'Agri
2023-08-02 06:00:00,0.01143,IT.CAED/850592002.FACILITY,Centro Olio Val d'Agri
2023-08-02 07:00:00,0.08045000000000001,IT.CAED/850592002.FACILITY,Centro Olio Val d'Agri
2023-08-02 08:00:00,0.26422,IT.CAED/850592002.FACILITY,Centro Olio Val d'Agri
2023-08-02 09:00:00,0.48560000000000003,IT.CAED/850592002.FACILITY,Centro Olio Val d'Agri
2023-08-02 10:00:00,0.61665,IT.CAED/850592002.FACILITY,Centro Olio Val d'Agri
2023-08-02 11:00:00,0.67391,IT.CAED/850592002.FACILITY,Centro Olio Val d'Agri
2023-08-02 12:00:00,0.7390399999999999,IT.CAED/850592002.FACILITY,Centro Olio Val d'Agri
2023-08-02 13:00:00,0.74474,IT.CAED/850592002.FACILITY,Centro Olio Val d'Agri
2023-08-02 14:00:00,0.65854,IT.CAED/850592002.FACILITY,Centro Olio Val d'Agri
2023-08-02 15:00:00,0.57752,IT.CAED/850592002.FACILITY,Centro Olio Val d'Agri
2023-08-02 16:00:00,0.48669,IT.CAED/850592002.FACILITY,Centro Olio Val d'Agri
2023-08-02 17:00:00,0.28537,IT.CAED/850592002.FACILITY,Centro Olio Val d'Agri
2023-08-02 18:00:00,0.07755,IT.CAED/850592002.FACILITY,Centro Olio Val d'Agri
2023-08-02 19:00:00,0.011869999999999999,IT.CAED/850592002.FACILITY,Centro Olio Val d'Agri
2023-08-02 20:00:00,0.0,IT.CAED/850592002.FACILITY,Centro Olio Val d'Agri
2023-08-02 21:00:00,0.0,IT.CAED/850592002.FACILITY,Centro Olio Val d'Agri
2023-08-02 22:00:00,0.0,IT.CAED/850592002.FACILITY,Centro Olio Val d'Agri
2023-08-02 23:00:00,0.0,IT.CAED/850592002.FACILITY,Centro Olio Val d'Agri
2023-08-03 00:00:00,0.0,IT.CAED/850592002.FACILITY,Centro Olio Val d'Agri
2023-08-03 01:00:00,0.0,IT.CAED/850592002.FACILITY,Centro Olio Val d'Agri
2023-08-03 02:00:00,0.0,IT.CAED/850592002.FACILITY,Centro Olio Val d'Agri
2023-08-03 03:00:00,0.0,IT.CAED/850592002.FACILITY,Centro Olio Val d'Agri
2023-08-03 04:00:00,0.0,IT.CAED/850592002.FACILITY,Centro Olio Val d'Agri
2023-08-03 05:00:00,0.0,IT.CAED/850592002.FACILITY,Centro Olio Val d'Agri
2023-08-03 06:00:00,0.00939,IT.CAED/850592002.FACILITY,Centro Olio Val d'Agri
2023-08-03 07:00:00,0.06917,IT.CAED/850592002.FACILITY,Centro Olio Val d'Agri
2023-08-03 08:00:00,0.24768,IT.CAED/850592002.FACILITY,Centro Olio Val d'Agri
2023-08-03 09:00:00,0.48329,IT.CAED/850592002.FACILITY,Centro Olio Val d'Agri
2023-08-03 10:00:00,0.64535,IT.CAED/850592002.FACILITY,Centro Olio Val d'Agri
2023-08-03 11:00:00,0.75191,IT.CAED/850592002.FACILITY,Centro Olio Val d'Agri
2023-08-03 12:00:00,0.81857,IT.CAED/850592002.FACILITY,Centro Olio Val d'Agri
2023-08-03 13:00:00,0.78398,IT.CAED/850592002.FACILITY,Centro Olio Val d'Agri
2023-08-03 14:00:00,0.75729,IT.CAED/850592002.FACILITY,Centro Olio Val d'Agri
2023-08-03 15:00:00,0.64783,IT.CAED/850592002.FACILITY,Centro Olio Val d'Agri
2023-08-03 16:00:00,0.48525,IT.CAED/850592002.FACILITY,Centro Olio Val d'Agri
2023-08-03 17:00:00,0.27973000000000003,IT.CAED/850592002.FACILITY,Centro Olio Val d'Agri
2023-08-03 18:00:00,0.07584,IT.CAED/850592002.FACILITY,Centro Olio Val d'Agri
2023-08-03 19:00:00,0.01107,IT.CAED/850592002.FACILITY,Centro Olio Val d'Agri
2023-08-03 20:00:00,0.0,IT.CAED/850592002.FACILITY,Centro Olio Val d'Agri
2023-08-03 21:00:00,0.0,IT.CAED/850592002.FACILITY,Centro Olio Val d'Agri
2023-08-03 22:00:00,0.0,IT.CAED/850592002.FACILITY,Centro Olio Val d'Agri
2023-08-03 23:00:00,0.0,IT.CAED/850592002.FACILITY,Centro Olio Val d'Agri
2023-08-04 00:00:00,0.0,IT.CAED/850592002.FACILITY,Centro Olio Val d'Agri
2023-08-04 01:00:00,0.0,IT.CAED/850592002.FACILITY,Centro Olio Val d'Agri
2023-08-04 02:00:00,0.0,IT.CAED/850592002.FACILITY,Centro Olio Val d'Agri
2023-08-04 03:00:00,0.0,IT.CAED/850592002.FACILITY,Centro Olio Val d'Agri
2023-08-04 04:00:00,0.0,IT.CAED/850592002.FACILITY,Centro Olio Val d'Agri
2023-08-04 05:00:00,0.0,IT.CAED/850592002.FACILITY,Centro Olio Val d'Agri
2023-08-04 06:00:00,0.00956,IT.CAED/850592002.FACILITY,Centro Olio Val d'Agri
2023-08-04 07:00:00,0.0681,IT.CAED/850592002.FACILITY,Centro Olio Val d'Agri
2023-08-04 08:00:00,0.28016,IT.CAED/850592002.FACILITY,Centro Olio Val d'Agri
2023-08-04 09:00:00,0.4933,IT.CAED/850592002.FACILITY,Centro Olio Val d'Agri
2023-08-04 10:00:00,0.6551,IT.CAED/850592002.FACILITY,Centro Olio Val d'Agri
2023-08-04 11:00:00,0.76217,IT.CAED/850592002.FACILITY,Centro Olio Val d'Agri
2023-08-04 12:00:00,0.81449,IT.CAED/850592002.FACILITY,Centro Olio Val d'Agri
2023-08-04 13:00:00,0.81739,IT.CAED/850592002.FACILITY,Centro Olio Val d'Agri
2023-08-04 14:00:00,0.7637,IT.CAED/850592002.FACILITY,Centro Olio Val d'Agri
2023-08-04 15:00:00,0.6578999999999999,IT.CAED/850592002.FACILITY,Centro Olio Val d'Agri
2023-08-04 16:00:00,0.49545999999999996,IT.CAED/850592002.FACILITY,Centro Olio Val d'Agri
2023-08-04 17:00:00,0.28675,IT.CAED/850592002.FACILITY,Centro Olio Val d'Agri
2023-08-04 18:00:00,0.07637999999999999,IT.CAED/850592002.FACILITY,Centro Olio Val d'Agri
2023-08-04 19:00:00,0.01067,IT.CAED/850592002.FACILITY,Centro Olio Val d'Agri
2023-08-04 20:00:00,0.0,IT.CAED/850592002.FACILITY,Centro Olio Val d'Agri
2023-08-04 21:00:00,0.0,IT.CAED/850592002.FACILITY,Centro Olio Val d'Agri
2023-08-04 22:00:00,0.0,IT.CAED/850592002.FACILITY,Centro Olio Val d'Agri
2023-08-04 23:00:00,0.0,IT.CAED/850592002.FACILITY,Centro Olio Val d'Agri
2023-08-05 00:00:00,0.0,IT.CAED/850592002.FACILITY,Centro Olio Val d'Agri
2023-08-05 01:00:00,0.0,IT.CAED/850592002.FACILITY,Centro Olio Val d'Agri
2023-08-05 02:00:00,0.0,IT.CAED/850592002.FACILITY,Centro Olio Val d'Agri
2023-08-05 03:00:00,0.0,IT.CAED/850592002.FACILITY,Centro Olio Val d'Agri
2023-08-05 04:00:00,0.0,IT.CAED/850592002.FACILITY,Centro Olio Val d'Agri
2023-08-05 05:00:00,0.0,IT.CAED/850592002.FACILITY,Centro Olio Val d'Agri
2023-08-05 06:00:00,0.008199999999999999,IT.CAED/850592002.FACILITY,Centro Olio Val d'Agri
2023-08-05 07:00:00,0.062,IT.CAED/850592002.FACILITY,Centro Olio Val d'Agri
2023-08-05 08:00:00,0.24555000000000002,IT.CAED/850592002.FACILITY,Centro Olio Val d'Agri
2023-08-05 09:00:00,0.47567000000000004,IT.CAED/850592002.FACILITY,Centro Olio Val d'Agri
2023-08-05 10:00:00,0.49759,IT.CAED/850592002.FACILITY,Centro Olio Val d'Agri
2023-08-05 11:00:00,0.63539,IT.CAED/850592002.FACILITY,Centro Olio Val d'Agri
2023-08-05 12:00:00,0.5817899999999999,IT.CAED/850592002.FACILITY,Centro Olio Val d'Agri
2023-08-05 13:00:00,0.6711900000000001,IT.CAED/850592002.FACILITY,Centro Olio Val d'Agri
2023-08-05 14:00:00,0.5551200000000001,IT.CAED/850592002.FACILITY,Centro Olio Val d'Agri
2023-08-05 15:00:00,0.45094999999999996,IT.CAED/850592002.FACILITY,Centro Olio Val d'Agri
2023-08-05 16:00:00,0.2891,IT.CAED/850592002.FACILITY,Centro Olio Val d'Agri
2023-08-05 17:00:00,0.20116,IT.CAED/850592002.FACILITY,Centro Olio Val d'Agri
2023-08-05 18:00:00,0.07122,IT.CAED/850592002.FACILITY,Centro Olio Val d'Agri
2023-08-05 19:00:00,0.01005,IT.CAED/850592002.FACILITY,Centro Olio Val d'Agri
2023-08-05 20:00:00,0.0,IT.CAED/850592002.FACILITY,Centro Olio Val d'Agri
2023-08-05 21:00:00,0.0,IT.CAED/850592002.FACILITY,Centro Olio Val d'Agri
2023-08-05 22:00:00,0.0,IT.CAED/850592002.FACILITY,Centro Olio Val d'Agri
2023-08-05 23:00:00,0.0,IT.CAED/850592002.FACILITY,Centro Olio Val d'Agri
2023-08-06 00:00:00,0.0,IT.CAED/850592002.FACILITY,Centro Olio Val d'Agri
2023-08-06 01:00:00,0.0,IT.CAED/850592002.FACILITY,Centro Olio Val d'Agri
2023-08-06 02:00:00,0.0,IT.CAED/850592002.FACILITY,Centro Olio Val d'Agri
2023-08-06 03:00:00,0.0,IT.CAED/850592002.FACILITY,Centro Olio Val d'Agri
2023-08-06 04:00:00,0.0,IT.CAED/850592002.FACILITY,Centro Olio Val d'Agri
2023-08-06 05:00:00,0.0,IT.CAED/850592002.FACILITY,Centro Olio Val d'Agri
2023-08-06 06:00:00,0.00749,IT.CAED/850592002.FACILITY,Centro Olio Val d'Agri
2023-08-06 07:00:00,0.07640000000000001,IT.CAED/850592002.FACILITY,Centro Olio Val d'Agri
2023-08-06 08:00:00,0.25679,IT.CAED/850592002.FACILITY,Centro Olio Val d'Agri
2023-08-06 09:00:00,0.46764,IT.CAED/850592002.FACILITY,Centro Olio Val d'Agri
2023-08-06 10:00:00,0.57736,IT.CAED/850592002.FACILITY,Centro Olio Val d'Agri
2023-08-06 11:00:00,0.6811499999999999,IT.CAED/850592002.FACILITY,Centro Olio Val d'Agri
2023-08-06 12:00:00,0.69229,IT.CAED/850592002.FACILITY,Centro Olio Val d'Agri
2023-08-06 13:00:00,0.70269,IT.CAED/850592002.FACILITY,Centro Olio Val d'Agri
2023-08-06 14:00:00,0.69238,IT.CAED/850592002.FACILITY,Centro Olio Val d'Agri
2023-08-06 15:00:00,0.5204,IT.CAED/850592002.FACILITY,Centro Olio Val d'Agri
2023-08-06 16:00:00,0.45426,IT.CAED/850592002.FACILITY,Centro Olio Val d'Agri
2023-08-06 17:00:00,0.23456,IT.CAED/850592002.FACILITY,Centro Olio Val d'Agri
2023-08-06 18:00:00,0.08161,IT.CAED/850592002.FACILITY,Centro Olio Val d'Agri
2023-08-06 19:00:00,0.01048,IT.CAED/850592002.FACILITY,Centro Olio Val d'Agri
2023-08-06 20:00:00,0.0,IT.CAED/850592002.FACILITY,Centro Olio Val d'Agri
2023-08-06 21:00:00,0.0,IT.CAED/850592002.FACILITY,Centro Olio Val d'Agri
2023-08-06 22:00:00,0.0,IT.CAED/850592002.FACILITY,Centro Olio Val d'Agri
2023-08-06 23:00:00,0.0,IT.CAED/850592002.FACILITY,Centro Olio Val d'Agri
2023-08-07 00:00:00,0.0,IT.CAED/850592002.FACILITY,Centro Olio Val d'Agri
2023-08-07 01:00:00,0.0,IT.CAED/850592002.FACILITY,Centro Olio Val d'Agri
2023-08-07 02:00:00,0.0,IT.CAED/850592002.FACILITY,Centro Olio Val d'Agri
2023-08-07 03:00:00,0.0,IT.CAED/850592002.FACILITY,Centro Olio Val d'Agri
2023-08-07 04:00:00,0.0,IT.CAED/850592002.FACILITY,Centro Olio Val d'Agri
2023-08-07 05:00:00,0.0,IT.CAED/850592002.FACILITY,Centro Olio Val d'Agri
2023-08-07 06:00:00,0.00844,IT.CAED/850592002.FACILITY,Centro Olio Val d'Agri
2023-08-07 07:00:00,0.06917,IT.CAED/850592002.FACILITY,Centro Olio Val d'Agri
2023-08-07 08:00:00,0.27082999999999996,IT.CAED/850592002.FACILITY,Centro Olio Val d'Agri
2023-08-07 09:00:00,0.47443,IT.CAED/850592002.FACILITY,Centro Olio Val d'Agri
2023-08-07 10:00:00,0.59205,IT.CAED/850592002.FACILITY,Centro Olio Val d'Agri
2023-08-07 11:00:00,0.62502,IT.CAED/850592002.FACILITY,Centro Olio Val d'Agri
2023-08-07 12:00:00,0.71382,IT.CAED/850592002.FACILITY,Centro Olio Val d'Agri
2023-08-07 13:00:00,0.6419600000000001,IT.CAED/850592002.FACILITY,Centro Olio Val d'Agri
2023-08-07 14:00:00,0.69045,IT.CAED/850592002.FACILITY,Centro Olio Val d'Agri
2023-08-07 15:00:00,0.57531,IT.CAED/850592002.FACILITY,Centro Olio Val d'Agri
2023-08-07 16:00:00,0.45912000000000003,IT.CAED/850592002.FACILITY,Centro Olio Val d'Agri
2023-08-07 17:00:00,0.28785000000000005,IT.CAED/850592002.FACILITY,Centro Olio Val d'Agri
2023-08-07 18:00:00,0.07817,IT.CAED/850592002.FACILITY,Centro Olio Val d'Agri
2023-08-07 19:00:00,0.00975,IT.CAED/850592002.FACILITY,Centro Olio Val d'Agri
2023-08-07 20:00:00,0.0,IT.CAED/850592002.FACILITY,Centro Olio Val d'Agri
2023-08-07 21:00:00,0.0,IT.CAED/850592002.FACILITY,Centro Olio Val d'Agri
2023-08-07 22:00:00,0.0,IT.CAED/850592002.FACILITY,Centro Olio Val d'Agri
2023-08-07 23:00:00,0.0,IT.CAED/850592002.FACILITY,Centro Olio Val d'Agri
2023-08-08 00:00:00,0.0,IT.CAED/850592002.FACILITY,Centro Olio Val d'Agri
2023-08-08 01:00:00,0.0,IT.CAED/850592002.FACILITY,Centro Olio Val d'Agri
2023-08-08 02:00:00,0.0,IT.CAED/850592002.FACILITY,Centro Olio Val d'Agri
2023-08-08 03:00:00,0.0,IT.CAED/850592002.FACILITY,Centro Olio Val d'Agri
2023-08-08 04:00:00,0.0,IT.CAED/850592002.FACILITY,Centro Olio Val d'Agri
2023-08-08 05:00:00,0.0,IT.CAED/850592002.FACILITY,Centro Olio Val d'Agri
2023-08-08 06:00:00,0.00793,IT.CAED/850592002.FACILITY,Centro Olio Val d'Agri
2023-08-08 07:00:00,0.06867,IT.CAED/850592002.FACILITY,Centro Olio Val d'Agri
2023-08-08 08:00:00,0.27163,IT.CAED/850592002.FACILITY,Centro Olio Val d'Agri
2023-08-08 09:00:00,0.5046,IT.CAED/850592002.FACILITY,Centro Olio Val d'Agri
2023-08-08 10:00:00,0.6866599999999999,IT.CAED/850592002.FACILITY,Centro Olio Val d'Agri
2023-08-08 11:00:00,0.78842,IT.CAED/850592002.FACILITY,Centro Olio Val d'Agri
2023-08-08 12:00:00,0.8372999999999999,IT.CAED/850592002.FACILITY,Centro Olio Val d'Agri
2023-08-08 13:00:00,0.8469500000000001,IT.CAED/850592002.FACILITY,Centro Olio Val d'Agri
2023-08-08 14:00:00,0.79496,IT.CAED/850592002.FACILITY,Centro Olio Val d'Agri
2023-08-08 15:00:00,0.6695800000000001,IT.CAED/850592002.FACILITY,Centro Olio Val d'Agri
2023-08-08 16:00:00,0.50138,IT.CAED/850592002.FACILITY,Centro Olio Val d'Agri
2023-08-08 17:00:00,0.29267000000000004,IT.CAED/850592002.FACILITY,Centro Olio Val d'Agri
2023-08-08 18:00:00,0.07625,IT.CAED/850592002.FACILITY,Centro Olio Val d'Agri
2023-08-08 19:00:00,0.00893,IT.CAED/850592002.FACILITY,Centro Olio Val d'Agri
2023-08-08 20:00:00,0.0,IT.CAED/850592002.FACILITY,Centro Olio Val d'Agri
2023-08-08 21:00:00,0.0,IT.CAED/850592002.FACILITY,Centro Olio Val d'Agri
2023-08-08 22:00:00,0.0,IT.CAED/850592002.FACILITY,Centro Olio Val d'Agri
2023-08-08 23:00:00,0.0,IT.CAED/850592002.FACILITY,Centro Olio Val d'Agri
2023-08-09 00:00:00,0.0,IT.CAED/850592002.FACILITY,Centro Olio Val d'Agri
2023-08-09 01:00:00,0.0,IT.CAED/850592002.FACILITY,Centro Olio Val d'Agri
2023-08-09 02:00:00,0.0,IT.CAED/850592002.FACILITY,Centro Olio Val d'Agri
2023-08-09 03:00:00,0.0,IT.CAED/850592002.FACILITY,Centro Olio Val d'Agri
2023-08-09 04:00:00,0.0,IT.CAED/850592002.FACILITY,Centro Olio Val d'Agri
2023-08-09 05:00:00,0.0,IT.CAED/850592002.FACILITY,Centro Olio Val d'Agri
2023-08-09 06:00:00,0.0074800000000000005,IT.CAED/850592002.FACILITY,Centro Olio Val d'Agri
2023-08-09 07:00:00,0.06977,IT.CAED/850592002.FACILITY,Centro Olio Val d'Agri
2023-08-09 08:00:00,0.28296,IT.CAED/850592002.FACILITY,Centro Olio Val d'Agri
2023-08-09 09:00:00,0.48102,IT.CAED/850592002.FACILITY,Centro Olio Val d'Agri
2023-08-09 10:00:00,0.61233,IT.CAED/850592002.FACILITY,Centro Olio Val d'Agri
2023-08-09 11:00:00,0.70508,IT.CAED/850592002.FACILITY,Centro Olio Val d'Agri
2023-08-09 12:00:00,0.81338,IT.CAED/850592002.FACILITY,Centro Olio Val d'Agri
2023-08-09 13:00:00,0.8176599999999999,IT.CAED/850592002.FACILITY,Centro Olio Val d'Agri
2023-08-09 14:00:00,0.63978,IT.CAED/850592002.FACILITY,Centro Olio Val d'Agri
2023-08-09 15:00:00,0.55811,IT.CAED/850592002.FACILITY,Centro Olio Val d'Agri
2023-08-09 16:00:00,0.31493,IT.CAED/850592002.FACILITY,Centro Olio Val d'Agri
2023-08-09 17:00:00,0.19319999999999998,IT.CAED/850592002.FACILITY,Centro Olio Val d'Agri
2023-08-09 18:00:00,0.07203,IT.CAED/850592002.FACILITY,Centro Olio Val d'Agri
2023-08-09 19:00:00,0.0072699999999999996,IT.CAED/850592002.FACILITY,Centro Olio Val d'Agri
2023-08-09 20:00:00,0.0,IT.CAED/850592002.FACILITY,Centro Olio Val d'Agri
2023-08-09 21:00:00,0.0,IT.CAED/850592002.FACILITY,Centro Olio Val d'Agri
2023-08-09 22:00:00,0.0,IT.CAED/850592002.FACILITY,Centro Olio Val d'Agri
2023-08-09 23:00:00,0.0,IT.CAED/850592002.FACILITY,Centro Olio Val d'Agri
2023-08-10 00:00:00,0.0,IT.CAED/850592002.FACILITY,Centro Olio Val d'Agri
2023-08-10 01:00:00,0.0,IT.CAED/850592002.FACILITY,Centro Olio Val d'Agri
2023-08-10 02:00:00,0.0,IT.CAED/850592002.FACILITY,Centro Olio Val d'Agri
2023-08-10 03:00:00,0.0,IT.CAED/850592002.FACILITY,Centro Olio Val d'Agri
2023-08-10 04:00:00,0.0,IT.CAED/850592002.FACILITY,Centro Olio Val d'Agri
2023-08-10 05:00:00,0.0,IT.CAED/850592002.FACILITY,Centro Olio Val d'Agri
2023-08-10 06:00:00,0.007019999999999999,IT.CAED/850592002.FACILITY,Centro Olio Val d'Agri
2023-08-10 07:00:00,0.06742000000000001,IT.CAED/850592002.FACILITY,Centro Olio Val d'Agri
2023-08-10 08:00:00,0.27988,IT.CAED/850592002.FACILITY,Centro Olio Val d'Agri
2023-08-10 09:00:00,0.49363999999999997,IT.CAED/850592002.FACILITY,Centro Olio Val d'Agri
2023-08-10 10:00:00,0.65771,IT.CAED/850592002.FACILITY,Centro Olio Val d'Agri
2023-08-10 11:00:00,0.77464,IT.CAED/850592002.FACILITY,Centro Olio Val d'Agri
2023-08-10 12:00:00,0.71886,IT.CAED/850592002.FACILITY,Centro Olio Val d'Agri
2023-08-10 13:00:00,0.67018,IT.CAED/850592002.FACILITY,Centro Olio Val d'Agri
2023-08-10 14:00:00,0.48857999999999996,IT.CAED/850592002.FACILITY,Centro Olio Val d'Agri
2023-08-10 15:00:00,0.38956,IT.CAED/850592002.FACILITY,Centro Olio Val d'Agri
2023-08-10 16:00:00,0.38012999999999997,IT.CAED/850592002.FACILITY,Centro Olio Val d'Agri
2023-08-10 17:00:00,0.19135,IT.CAED/850592002.FACILITY,Centro Olio Val d'Agri
2023-08-10 18:00:00,0.07244,IT.CAED/850592002.FACILITY,Centro Olio Val d'Agri
2023-08-10 19:00:00,0.00754,IT.CAED/850592002.FACILITY,Centro Olio Val d'Agri
2023-08-10 20:00:00,0.0,IT.CAED/850592002.FACILITY,Centro Olio Val d'Agri
2023-08-10 21:00:00,0.0,IT.CAED/850592002.FACILITY,Centro Olio Val d'Agri
2023-08-10 22:00:00,0.0,IT.CAED/850592002.FACILITY,Centro Olio Val d'Agri
2023-08-10 23:00:00,0.0,IT.CAED/850592002.FACILITY,Centro Olio Val d'Agri
2023-08-11 00:00:00,0.0,IT.CAED/850592002.FACILITY,Centro Olio Val d'Agri
2023-08-11 01:00:00,0.0,IT.CAED/850592002.FACILITY,Centro Olio Val d'Agri
2023-08-11 02:00:00,0.0,IT.CAED/850592002.FACILITY,Centro Olio Val d'Agri
2023-08-11 03:00:00,0.0,IT.CAED/850592002.FACILITY,Centro Olio Val d'Agri
2023-08-11 04:00:00,0.0,IT.CAED/850592002.FACILITY,Centro Olio Val d'Agri
2023-08-11 05:00:00,0.0,IT.CAED/850592002.FACILITY,Centro Olio Val d'Agri
2023-08-11 06:00:00,0.00647,IT.CAED/850592002.FACILITY,Centro Olio Val d'Agri
2023-08-11 07:00:00,0.06875,IT.CAED/850592002.FACILITY,Centro Olio Val d'Agri
2023-08-11 08:00:00,0.28458,IT.CAED/850592002.FACILITY,Centro Olio Val d'Agri
2023-08-11 09:00:00,0.50499,IT.CAED/850592002.FACILITY,Centro Olio Val d'Agri
2023-08-11 10:00:00,0.6809299999999999,IT.CAED/850592002.FACILITY,Centro Olio Val d'Agri
2023-08-11 11:00:00,0.79308,IT.CAED/850592002.FACILITY,Centro Olio Val d'Agri
2023-08-11 12:00:00,0.8259099999999999,IT.CAED/850592002.FACILITY,Centro Olio Val d'Agri
2023-08-11 13:00:00,0.7569400000000001,IT.CAED/850592002.FACILITY,Centro Olio Val d'Agri
2023-08-11 14:00:00,0.5185,IT.CAED/850592002.FACILITY,Centro Olio Val d'Agri
2023-08-11 15:00:00,0.31944,IT.CAED/850592002.FACILITY,Centro Olio Val d'Agri
2023-08-11 16:00:00,0.39525,IT.CAED/850592002.FACILITY,Centro Olio Val d'Agri
2023-08-11 17:00:00,0.25107,IT.CAED/850592002.FACILITY,Centro Olio Val d'Agri
2023-08-11 18:00:00,0.08047,IT.CAED/850592002.FACILITY,Centro Olio Val d'Agri
2023-08-11 19:00:00,0.00833,IT.CAED/850592002.FACILITY,Centro Olio Val d'Agri
2023-08-11 20:00:00,0.0,IT.CAED/850592002.FACILITY,Centro Olio Val d'Agri
2023-08-11 21:00:00,0.0,IT.CAED/850592002.FACILITY,Centro Olio Val d'Agri
2023-08-11 22:00:00,0.0,IT.CAED/850592002.FACILITY,Centro Olio Val d'Agri
2023-08-11 23:00:00,0.0,IT.CAED/850592002.FACILITY,Centro Olio Val d'Agri
2023-08-12 00:00:00,0.0,IT.CAED/850592002.FACILITY,Centro Olio Val d'Agri
2023-08-12 01:00:00,0.0,IT.CAED/850592002.FACILITY,Centro Olio Val d'Agri
2023-08-12 02:00:00,0.0,IT.CAED/850592002.FACILITY,Centro Olio Val d'Agri
2023-08-12 03:00:00,0.0,IT.CAED/850592002.FACILITY,Centro Olio Val d'Agri
2023-08-12 04:00:00,0.0,IT.CAED/850592002.FACILITY,Centro Olio Val d'Agri
2023-08-12 05:00:00,0.0,IT.CAED/850592002.FACILITY,Centro Olio Val d'Agri
2023-08-12 06:00:00,0.00643,IT.CAED/850592002.FACILITY,Centro Olio Val d'Agri
2023-08-12 07:00:00,0.06975,IT.CAED/850592002.FACILITY,Centro Olio Val d'Agri
2023-08-12 08:00:00,0.28864999999999996,IT.CAED/850592002.FACILITY,Centro Olio Val d'Agri
2023-08-12 09:00:00,0.51289,IT.CAED/850592002.FACILITY,Centro Olio Val d'Agri
2023-08-12 10:00:00,0.6896100000000001,IT.CAED/850592002.FACILITY,Centro Olio Val d'Agri
2023-08-12 11:00:00,0.7493,IT.CAED/850592002.FACILITY,Centro Olio Val d'Agri
2023-08-12 12:00:00,0.79495,IT.CAED/850592002.FACILITY,Centro Olio Val d'Agri
2023-08-12 13:00:00,0.58682,IT.CAED/850592002.FACILITY,Centro Olio Val d'Agri
2023-08-12 14:00:00,0.46514,IT.CAED/850592002.FACILITY,Centro Olio Val d'Agri
2023-08-12 15:00:00,0.39485000000000003,IT.CAED/850592002.FACILITY,Centro Olio Val d'Agri
2023-08-12 16:00:00,0.22549,IT.CAED/850592002.FACILITY,Centro Olio Val d'Agri
2023-08-12 17:00:00,0.15266,IT.CAED/850592002.FACILITY,Centro Olio Val d'Agri
2023-08-12 18:00:00,0.05713,IT.CAED/850592002.FACILITY,Centro Olio Val d'Agri
2023-08-12 19:00:00,0.00423,IT.CAED/850592002.FACILITY,Centro Olio Val d'Agri
2023-08-12 20:00:00,0.0,IT.CAED/850592002.FACILITY,Centro Olio Val d'Agri
2023-08-12 21:00:00,0.0,IT.CAED/850592002.FACILITY,Centro Olio Val d'Agri
2023-08-12 22:00:00,0.0,IT.CAED/850592002.FACILITY,Centro Olio Val d'Agri
2023-08-12 23:00:00,0.0,IT.CAED/850592002.FACILITY,Centro Olio Val d'Agri
2023-08-13 00:00:00,0.0,IT.CAED/850592002.FACILITY,Centro Olio Val d'Agri
2023-08-13 01:00:00,0.0,IT.CAED/850592002.FACILITY,Centro Olio Val d'Agri
2023-08-13 02:00:00,0.0,IT.CAED/850592002.FACILITY,Centro Olio Val d'Agri
2023-08-13 03:00:00,0.0,IT.CAED/850592002.FACILITY,Centro Olio Val d'Agri
2023-08-13 04:00:00,0.0,IT.CAED/850592002.FACILITY,Centro Olio Val d'Agri
2023-08-13 05:00:00,0.0,IT.CAED/850592002.FACILITY,Centro Olio Val d'Agri
2023-08-13 06:00:00,0.00667,IT.CAED/850592002.FACILITY,Centro Olio Val d'Agri
2023-08-13 07:00:00,0.0691,IT.CAED/850592002.FACILITY,Centro Olio Val d'Agri
2023-08-13 08:00:00,0.2925,IT.CAED/850592002.FACILITY,Centro Olio Val d'Agri
2023-08-13 09:00:00,0.5180800000000001,IT.CAED/850592002.FACILITY,Centro Olio Val d'Agri
2023-08-13 10:00:00,0.68717,IT.CAED/850592002.FACILITY,Centro Olio Val d'Agri
2023-08-13 11:00:00,0.8069500000000001,IT.CAED/850592002.FACILITY,Centro Olio Val d'Agri
2023-08-13 12:00:00,0.85945,IT.CAED/850592002.FACILITY,Centro Olio Val d'Agri
2023-08-13 13:00:00,0.84749,IT.CAED/850592002.FACILITY,Centro Olio Val d'Agri
2023-08-13 14:00:00,0.77264,IT.CAED/850592002.FACILITY,Centro Olio Val d'Agri
2023-08-13 15:00:00,0.6148899999999999,IT.CAED/850592002.FACILITY,Centro Olio Val d'Agri
2023-08-13 16:00:00,0.35649000000000003,IT.CAED/850592002.FACILITY,Centro Olio Val d'Agri
2023-08-13 17:00:00,0.19416,IT.CAED/850592002.FACILITY,Centro Olio Val d'Agri
2023-08-13 18:00:00,0.046950000000000006,IT.CAED/850592002.FACILITY,Centro Olio Val d'Agri
2023-08-13 19:00:00,0.0044800000000000005,IT.CAED/850592002.FACILITY,Centro Olio Val d'Agri
2023-08-13 20:00:00,0.0,IT.CAED/850592002.FACILITY,Centro Olio Val d'Agri
2023-08-13 21:00:00,0.0,IT.CAED/850592002.FACILITY,Centro Olio Val d'Agri
2023-08-13 22:00:00,0.0,IT.CAED/850592002.FACILITY,Centro Olio Val d'Agri
2023-08-13 23:00:00,0.0,IT.CAED/850592002.FACILITY,Centro Olio Val d'Agri
2023-08-14 00:00:00,0.0,IT.CAED/850592002.FACILITY,Centro Olio Val d'Agri
2023-08-14 01:00:00,0.0,IT.CAED/850592002.FACILITY,Centro Olio Val d'Agri
2023-08-14 02:00:00,0.0,IT.CAED/850592002.FACILITY,Centro Olio Val d'Agri
2023-08-14 03:00:00,0.0,IT.CAED/850592002.FACILITY,Centro Olio Val d'Agri
2023-08-14 04:00:00,0.0,IT.CAED/850592002.FACILITY,Centro Olio Val d'Agri
2023-08-14 05:00:00,0.0,IT.CAED/850592002.FACILITY,Centro Olio Val d'Agri
2023-08-14 06:00:00,0.00556,IT.CAED/850592002.FACILITY,Centro Olio Val d'Agri
2023-08-14 07:00:00,0.06858,IT.CAED/850592002.FACILITY,Centro Olio Val d'Agri
2023-08-14 08:00:00,0.28352,IT.CAED/850592002.FACILITY,Centro Olio Val d'Agri
2023-08-14 09:00:00,0.49957,IT.CAED/850592002.FACILITY,Centro Olio Val d'Agri
2023-08-14 10:00:00,0.66585,IT.CAED/850592002.FACILITY,Centro Olio Val d'Agri
2023-08-14 11:00:00,0.7632000000000001,IT.CAED/850592002.FACILITY,Centro Olio Val d'Agri
2023-08-14 12:00:00,0.7807999999999999,IT.CAED/850592002.FACILITY,Centro Olio Val d'Agri
2023-08-14 13:00:00,0.7866599999999999,IT.CAED/850592002.FACILITY,Centro Olio Val d'Agri
2023-08-14 14:00:00,0.6459600000000001,IT.CAED/850592002.FACILITY,Centro Olio Val d'Agri
2023-08-14 15:00:00,0.40414,IT.CAED/850592002.FACILITY,Centro Olio Val d'Agri
2023-08-14 16:00:00,0.40686,IT.CAED/850592002.FACILITY,Centro Olio Val d'Agri
2023-08-14 17:00:00,0.23795,IT.CAED/850592002.FACILITY,Centro Olio Val d'Agri
2023-08-14 18:00:00,0.06659000000000001,IT.CAED/850592002.FACILITY,Centro Olio Val d'Agri
2023-08-14 19:00:00,0.00535,IT.CAED/850592002.FACILITY,Centro Olio Val d'Agri
2023-08-14 20:00:00,0.0,IT.CAED/850592002.FACILITY,Centro Olio Val d'Agri
2023-08-14 21:00:00,0.0,IT.CAED/850592002.FACILITY,Centro Olio Val d'Agri
2023-08-14 22:00:00,0.0,IT.CAED/850592002.FACILITY,Centro Olio Val d'Agri
2023-08-14 23:00:00,0.0,IT.CAED/850592002.FACILITY,Centro Olio Val d'Agri
2023-08-15 00:00:00,0.0,IT.CAED/850592002.FACILITY,Centro Olio Val d'Agri
2023-08-15 01:00:00,0.0,IT.CAED/850592002.FACILITY,Centro Olio Val d'Agri
2023-08-15 02:00:00,0.0,IT.CAED/850592002.FACILITY,Centro Olio Val d'Agri
2023-08-15 03:00:00,0.0,IT.CAED/850592002.FACILITY,Centro Olio Val d'Agri
2023-08-15 04:00:00,0.0,IT.CAED/850592002.FACILITY,Centro Olio Val d'Agri
2023-08-15 05:00:00,0.0,IT.CAED/850592002.FACILITY,Centro Olio Val d'Agri
2023-08-15 06:00:00,0.00515,IT.CAED/850592002.FACILITY,Centro Olio Val d'Agri
2023-08-15 07:00:00,0.0678,IT.CAED/850592002.FACILITY,Centro Olio Val d'Agri
2023-08-15 08:00:00,0.28252999999999995,IT.CAED/850592002.FACILITY,Centro Olio Val d'Agri
2023-08-15 09:00:00,0.49599,IT.CAED/850592002.FACILITY,Centro Olio Val d'Agri
2023-08-15 10:00:00,0.6189199999999999,IT.CAED/850592002.FACILITY,Centro Olio Val d'Agri
2023-08-15 11:00:00,0.67392,IT.CAED/850592002.FACILITY,Centro Olio Val d'Agri
2023-08-15 12:00:00,0.7933,IT.CAED/850592002.FACILITY,Centro Olio Val d'Agri
2023-08-15 13:00:00,0.70966,IT.CAED/850592002.FACILITY,Centro Olio Val d'Agri
2023-08-15 14:00:00,0.57049,IT.CAED/850592002.FACILITY,Centro Olio Val d'Agri
2023-08-15 15:00:00,0.39038999999999996,IT.CAED/850592002.FACILITY,Centro Olio Val d'Agri
2023-08-15 16:00:00,0.32925,IT.CAED/850592002.FACILITY,Centro Olio Val d'Agri
2023-08-15 17:00:00,0.23261,IT.CAED/850592002.FACILITY,Centro Olio Val d'Agri
2023-08-15 18:00:00,0.06556000000000001,IT.CAED/850592002.FACILITY,Centro Olio Val d'Agri
2023-08-15 19:00:00,0.00475,IT.CAED/850592002.FACILITY,Centro Olio Val d'Agri
2023-08-15 20:00:00,0.0,IT.CAED/850592002.FACILITY,Centro Olio Val d'Agri
2023-08-15 21:00:00,0.0,IT.CAED/850592002.FACILITY,Centro Olio Val d'Agri
2023-08-15 22:00:00,0.0,IT.CAED/850592002.FACILITY,Centro Olio Val d'Agri
2023-08-15 23:00:00,0.0,IT.CAED/850592002.FACILITY,Centro Olio Val d'Agri
2023-08-16 00:00:00,0.0,IT.CAED/850592002.FACILITY,Centro Olio Val d'Agri
2023-08-16 01:00:00,0.0,IT.CAED/850592002.FACILITY,Centro Olio Val d'Agri
2023-08-16 02:00:00,0.0,IT.CAED/850592002.FACILITY,Centro Olio Val d'Agri
2023-08-16 03:00:00,0.0,IT.CAED/850592002.FACILITY,Centro Olio Val d'Agri
2023-08-16 04:00:00,0.0,IT.CAED/850592002.FACILITY,Centro Olio Val d'Agri
2023-08-16 05:00:00,0.0,IT.CAED/850592002.FACILITY,Centro Olio Val d'Agri
2023-08-16 06:00:00,0.00466,IT.CAED/850592002.FACILITY,Centro Olio Val d'Agri
2023-08-16 07:00:00,0.06874,IT.CAED/850592002.FACILITY,Centro Olio Val d'Agri
2023-08-16 08:00:00,0.28823000000000004,IT.CAED/850592002.FACILITY,Centro Olio Val d'Agri
2023-08-16 09:00:00,0.50269,IT.CAED/850592002.FACILITY,Centro Olio Val d'Agri
2023-08-16 10:00:00,0.66903,IT.CAED/850592002.FACILITY,Centro Olio Val d'Agri
2023-08-16 11:00:00,0.77636,IT.CAED/850592002.FACILITY,Centro Olio Val d'Agri
2023-08-16 12:00:00,0.8332,IT.CAED/850592002.FACILITY,Centro Olio Val d'Agri
2023-08-16 13:00:00,0.8281900000000001,IT.CAED/850592002.FACILITY,Centro Olio Val d'Agri
2023-08-16 14:00:00,0.6457,IT.CAED/850592002.FACILITY,Centro Olio Val d'Agri
2023-08-16 15:00:00,0.49127,IT.CAED/850592002.FACILITY,Centro Olio Val d'Agri
2023-08-16 16:00:00,0.42682,IT.CAED/850592002.FACILITY,Centro Olio Val d'Agri
2023-08-16 17:00:00,0.21513,IT.CAED/850592002.FACILITY,Centro Olio Val d'Agri
2023-08-16 18:00:00,0.056119999999999996,IT.CAED/850592002.FACILITY,Centro Olio Val d'Agri
2023-08-16 19:00:00,0.00429,IT.CAED/850592002.FACILITY,Centro Olio Val d'Agri
2023-08-16 20:00:00,0.0,IT.CAED/850592002.FACILITY,Centro Olio Val d'Agri
2023-08-16 21:00:00,0.0,IT.CAED/850592002.FACILITY,Centro Olio Val d'Agri
2023-08-16 22:00:00,0.0,IT.CAED/850592002.FACILITY,Centro Olio Val d'Agri
2023-08-16 23:00:00,0.0,IT.CAED/850592002.FACILITY,Centro Olio Val d'Agri
2023-08-17 00:00:00,0.0,IT.CAED/850592002.FACILITY,Centro Olio Val d'Agri
2023-08-17 01:00:00,0.0,IT.CAED/850592002.FACILITY,Centro Olio Val d'Agri
2023-08-17 02:00:00,0.0,IT.CAED/850592002.FACILITY,Centro Olio Val d'Agri
2023-08-17 03:00:00,0.0,IT.CAED/850592002.FACILITY,Centro Olio Val d'Agri
2023-08-17 04:00:00,0.0,IT.CAED/850592002.FACILITY,Centro Olio Val d'Agri
2023-08-17 05:00:00,0.0,IT.CAED/850592002.FACILITY,Centro Olio Val d'Agri
2023-08-17 06:00:00,0.00419,IT.CAED/850592002.FACILITY,Centro Olio Val d'Agri
2023-08-17 07:00:00,0.0674,IT.CAED/850592002.FACILITY,Centro Olio Val d'Agri
2023-08-17 08:00:00,0.27886,IT.CAED/850592002.FACILITY,Centro Olio Val d'Agri
2023-08-17 09:00:00,0.49260000000000004,IT.CAED/850592002.FACILITY,Centro Olio Val d'Agri
2023-08-17 10:00:00,0.6641699999999999,IT.CAED/850592002.FACILITY,Centro Olio Val d'Agri
2023-08-17 11:00:00,0.77979,IT.CAED/850592002.FACILITY,Centro Olio Val d'Agri
2023-08-17 12:00:00,0.82624,IT.CAED/850592002.FACILITY,Centro Olio Val d'Agri
2023-08-17 13:00:00,0.80495,IT.CAED/850592002.FACILITY,Centro Olio Val d'Agri
2023-08-17 14:00:00,0.70827,IT.CAED/850592002.FACILITY,Centro Olio Val d'Agri
2023-08-17 15:00:00,0.44481,IT.CAED/850592002.FACILITY,Centro Olio Val d'Agri
2023-08-17 16:00:00,0.25148,IT.CAED/850592002.FACILITY,Centro Olio Val d'Agri
2023-08-17 17:00:00,0.14022,IT.CAED/850592002.FACILITY,Centro Olio Val d'Agri
2023-08-17 18:00:00,0.054270000000000006,IT.CAED/850592002.FACILITY,Centro Olio Val d'Agri
2023-08-17 19:00:00,0.00377,IT.CAED/850592002.FACILITY,Centro Olio Val d'Agri
2023-08-17 20:00:00,0.0,IT.CAED/850592002.FACILITY,Centro Olio Val d'Agri
2023-08-17 21:00:00,0.0,IT.CAED/850592002.FACILITY,Centro Olio Val d'Agri
2023-08-17 22:00:00,0.0,IT.CAED/850592002.FACILITY,Centro Olio Val d'Agri
2023-08-17 23:00:00,0.0,IT.CAED/850592002.FACILITY,Centro Olio Val d'Agri
2023-08-18 00:00:00,0.0,IT.CAED/850592002.FACILITY,Centro Olio Val d'Agri
2023-08-18 01:00:00,0.0,IT.CAED/850592002.FACILITY,Centro Olio Val d'Agri
2023-08-18 02:00:00,0.0,IT.CAED/850592002.FACILITY,Centro Olio Val d'Agri
2023-08-18 03:00:00,0.0,IT.CAED/850592002.FACILITY,Centro Olio Val d'Agri
2023-08-18 04:00:00,0.0,IT.CAED/850592002.FACILITY,Centro Olio Val d'Agri
2023-08-18 05:00:00,0.0,IT.CAED/850592002.FACILITY,Centro Olio Val d'Agri
2023-08-18 06:00:00,0.0039900000000000005,IT.CAED/850592002.FACILITY,Centro Olio Val d'Agri
2023-08-18 07:00:00,0.06426000000000001,IT.CAED/850592002.FACILITY,Centro Olio Val d'Agri
2023-08-18 08:00:00,0.27992,IT.CAED/850592002.FACILITY,Centro Olio Val d'Agri
2023-08-18 09:00:00,0.49932,IT.CAED/850592002.FACILITY,Centro Olio Val d'Agri
2023-08-18 10:00:00,0.66635,IT.CAED/850592002.FACILITY,Centro Olio Val d'Agri
2023-08-18 11:00:00,0.7788099999999999,IT.CAED/850592002.FACILITY,Centro Olio Val d'Agri
2023-08-18 12:00:00,0.83499,IT.CAED/850592002.FACILITY,Centro Olio Val d'Agri
2023-08-18 13:00:00,0.8287,IT.CAED/850592002.FACILITY,Centro Olio Val d'Agri
2023-08-18 14:00:00,0.72629,IT.CAED/850592002.FACILITY,Centro Olio Val d'Agri
2023-08-18 15:00:00,0.50198,IT.CAED/850592002.FACILITY,Centro Olio Val d'Agri
2023-08-18 16:00:00,0.43407999999999997,IT.CAED/850592002.FACILITY,Centro Olio Val d'Agri
2023-08-18 17:00:00,0.19565000000000002,IT.CAED/850592002.FACILITY,Centro Olio Val d'Agri
2023-08-18 18:00:00,0.06007,IT.CAED/850592002.FACILITY,Centro Olio Val d'Agri
2023-08-18 19:00:00,0.0033900000000000002,IT.CAED/850592002.FACILITY,Centro Olio Val d'Agri
2023-08-18 20:00:00,0.0,IT.CAED/850592002.FACILITY,Centro Olio Val d'Agri
2023-08-18 21:00:00,0.0,IT.CAED/850592002.FACILITY,Centro Olio Val d'Agri
2023-08-18 22:00:00,0.0,IT.CAED/850592002.FACILITY,Centro Olio Val d'Agri
2023-08-18 23:00:00,0.0,IT.CAED/850592002.FACILITY,Centro Olio Val d'Agri
2023-08-19 00:00:00,0.0,IT.CAED/850592002.FACILITY,Centro Olio Val d'Agri
2023-08-19 01:00:00,0.0,IT.CAED/850592002.FACILITY,Centro Olio Val d'Agri
2023-08-19 02:00:00,0.0,IT.CAED/850592002.FACILITY,Centro Olio Val d'Agri
2023-08-19 03:00:00,0.0,IT.CAED/850592002.FACILITY,Centro Olio Val d'Agri
2023-08-19 04:00:00,0.0,IT.CAED/850592002.FACILITY,Centro Olio Val d'Agri
2023-08-19 05:00:00,0.0,IT.CAED/850592002.FACILITY,Centro Olio Val d'Agri
2023-08-19 06:00:00,0.0035299999999999997,IT.CAED/850592002.FACILITY,Centro Olio Val d'Agri
2023-08-19 07:00:00,0.0676,IT.CAED/850592002.FACILITY,Centro Olio Val d'Agri
2023-08-19 08:00:00,0.28176999999999996,IT.CAED/850592002.FACILITY,Centro Olio Val d'Agri
2023-08-19 09:00:00,0.48892,IT.CAED/850592002.FACILITY,Centro Olio Val d'Agri
2023-08-19 10:00:00,0.66507,IT.CAED/850592002.FACILITY,Centro Olio Val d'Agri
2023-08-19 11:00:00,0.7788099999999999,IT.CAED/850592002.FACILITY,Centro Olio Val d'Agri
2023-08-19 12:00:00,0.83121,IT.CAED/850592002.FACILITY,Centro Olio Val d'Agri
2023-08-19 13:00:00,0.8248300000000001,IT.CAED/850592002.FACILITY,Centro Olio Val d'Agri
2023-08-19 14:00:00,0.70198,IT.CAED/850592002.FACILITY,Centro Olio Val d'Agri
2023-08-19 15:00:00,0.48275,IT.CAED/850592002.FACILITY,Centro Olio Val d'Agri
2023-08-19 16:00:00,0.31025,IT.CAED/850592002.FACILITY,Centro Olio Val d'Agri
2023-08-19 17:00:00,0.13859,IT.CAED/850592002.FACILITY,Centro Olio Val d'Agri
2023-08-19 18:00:00,0.05851,IT.CAED/850592002.FACILITY,Centro Olio Val d'Agri
2023-08-19 19:00:00,0.00294,IT.CAED/850592002.FACILITY,Centro Olio Val d'Agri
2023-08-19 20:00:00,0.0,IT.CAED/850592002.FACILITY,Centro Olio Val d'Agri
2023-08-19 21:00:00,0.0,IT.CAED/850592002.FACILITY,Centro Olio Val d'Agri
2023-08-19 22:00:00,0.0,IT.CAED/850592002.FACILITY,Centro Olio Val d'Agri
2023-08-19 23:00:00,0.0,IT.CAED/850592002.FACILITY,Centro Olio Val d'Agri
2023-08-20 00:00:00,0.0,IT.CAED/850592002.FACILITY,Centro Olio Val d'Agri
2023-08-20 01:00:00,0.0,IT.CAED/850592002.FACILITY,Centro Olio Val d'Agri
2023-08-20 02:00:00,0.0,IT.CAED/850592002.FACILITY,Centro Olio Val d'Agri
2023-08-20 03:00:00,0.0,IT.CAED/850592002.FACILITY,Centro Olio Val d'Agri
2023-08-20 04:00:00,0.0,IT.CAED/850592002.FACILITY,Centro Olio Val d'Agri
2023-08-20 05:00:00,0.0,IT.CAED/850592002.FACILITY,Centro Olio Val d'Agri
2023-08-20 06:00:00,0.0034300000000000003,IT.CAED/850592002.FACILITY,Centro Olio Val d'Agri
2023-08-20 07:00:00,0.06714,IT.CAED/850592002.FACILITY,Centro Olio Val d'Agri
2023-08-20 08:00:00,0.27588999999999997,IT.CAED/850592002.FACILITY,Centro Olio Val d'Agri
2023-08-20 09:00:00,0.49213999999999997,IT.CAED/850592002.FACILITY,Centro Olio Val d'Agri
2023-08-20 10:00:00,0.6622899999999999,IT.CAED/850592002.FACILITY,Centro Olio Val d'Agri
2023-08-20 11:00:00,0.7523,IT.CAED/850592002.FACILITY,Centro Olio Val d'Agri
2023-08-20 12:00:00,0.6160599999999999,IT.CAED/850592002.FACILITY,Centro Olio Val d'Agri
2023-08-20 13:00:00,0.6916599999999999,IT.CAED/850592002.FACILITY,Centro Olio Val d'Agri
2023-08-20 14:00:00,0.70078,IT.CAED/850592002.FACILITY,Centro Olio Val d'Agri
2023-08-20 15:00:00,0.34711000000000003,IT.CAED/850592002.FACILITY,Centro Olio Val d'Agri
2023-08-20 16:00:00,0.31868,IT.CAED/850592002.FACILITY,Centro Olio Val d'Agri
2023-08-20 17:00:00,0.16769,IT.CAED/850592002.FACILITY,Centro Olio Val d'Agri
2023-08-20 18:00:00,0.06016,IT.CAED/850592002.FACILITY,Centro Olio Val d'Agri
2023-08-20 19:00:00,0.00276,IT.CAED/850592002.FACILITY,Centro Olio Val d'Agri
2023-08-20 20:00:00,0.0,IT.CAED/850592002.FACILITY,Centro Olio Val d'Agri
2023-08-20 21:00:00,0.0,IT.CAED/850592002.FACILITY,Centro Olio Val d'Agri
2023-08-20 22:00:00,0.0,IT.CAED/850592002.FACILITY,Centro Olio Val d'Agri
2023-08-20 23:00:00,0.0,IT.CAED/850592002.FACILITY,Centro Olio Val d'Agri
2023-08-21 00:00:00,0.0,IT.CAED/850592002.FACILITY,Centro Olio Val d'Agri
2023-08-21 01:00:00,0.0,IT.CAED/850592002.FACILITY,Centro Olio Val d'Agri
2023-08-21 02:00:00,0.0,IT.CAED/850592002.FACILITY,Centro Olio Val d'Agri
2023-08-21 03:00:00,0.0,IT.CAED/850592002.FACILITY,Centro Olio Val d'Agri
2023-08-21 04:00:00,0.0,IT.CAED/850592002.FACILITY,Centro Olio Val d'Agri
2023-08-21 05:00:00,0.0,IT.CAED/850592002.FACILITY,Centro Olio Val d'Agri
2023-08-21 06:00:00,0.0032,IT.CAED/850592002.FACILITY,Centro Olio Val d'Agri
2023-08-21 07:00:00,0.06725,IT.CAED/850592002.FACILITY,Centro Olio Val d'Agri
2023-08-21 08:00:00,0.27906,IT.CAED/850592002.FACILITY,Centro Olio Val d'Agri
2023-08-21 09:00:00,0.49529,IT.CAED/850592002.FACILITY,Centro Olio Val d'Agri
2023-08-21 10:00:00,0.6656,IT.CAED/850592002.FACILITY,Centro Olio Val d'Agri
2023-08-21 11:00:00,0.78403,IT.CAED/850592002.FACILITY,Centro Olio Val d'Agri
2023-08-21 12:00:00,0.82405,IT.CAED/850592002.FACILITY,Centro Olio Val d'Agri
2023-08-21 13:00:00,0.8054,IT.CAED/850592002.FACILITY,Centro Olio Val d'Agri
2023-08-21 14:00:00,0.72946,IT.CAED/850592002.FACILITY,Centro Olio Val d'Agri
2023-08-21 15:00:00,0.6359400000000001,IT.CAED/850592002.FACILITY,Centro Olio Val d'Agri
2023-08-21 16:00:00,0.35414,IT.CAED/850592002.FACILITY,Centro Olio Val d'Agri
2023-08-21 17:00:00,0.23827,IT.CAED/850592002.FACILITY,Centro Olio Val d'Agri
2023-08-21 18:00:00,0.05912,IT.CAED/850592002.FACILITY,Centro Olio Val d'Agri
2023-08-21 19:00:00,0.0024500000000000004,IT.CAED/850592002.FACILITY,Centro Olio Val d'Agri
2023-08-21 20:00:00,0.0,IT.CAED/850592002.FACILITY,Centro Olio Val d'Agri
2023-08-21 21:00:00,0.0,IT.CAED/850592002.FACILITY,Centro Olio Val d'Agri
2023-08-21 22:00:00,0.0,IT.CAED/850592002.FACILITY,Centro Olio Val d'Agri
2023-08-21 23:00:00,0.0,IT.CAED/850592002.FACILITY,Centro Olio Val d'Agri
2023-08-22 00:00:00,0.0,IT.CAED/850592002.FACILITY,Centro Olio Val d'Agri
2023-08-22 01:00:00,0.0,IT.CAED/850592002.FACILITY,Centro Olio Val d'Agri
2023-08-22 02:00:00,0.0,IT.CAED/850592002.FACILITY,Centro Olio Val d'Agri
2023-08-22 03:00:00,0.0,IT.CAED/850592002.FACILITY,Centro Olio Val d'Agri
2023-08-22 04:00:00,0.0,IT.CAED/850592002.FACILITY,Centro Olio Val d'Agri
2023-08-22 05:00:00,0.0,IT.CAED/850592002.FACILITY,Centro Olio Val d'Agri
2023-08-22 06:00:00,0.0028,IT.CAED/850592002.FACILITY,Centro Olio Val d'Agri
2023-08-22 07:00:00,0.06185,IT.CAED/850592002.FACILITY,Centro Olio Val d'Agri
2023-08-22 08:00:00,0.26365,IT.CAED/850592002.FACILITY,Centro Olio Val d'Agri
2023-08-22 09:00:00,0.48892,IT.CAED/850592002.FACILITY,Centro Olio Val d'Agri
2023-08-22 10:00:00,0.64954,IT.CAED/850592002.FACILITY,Centro Olio Val d'Agri
2023-08-22 11:00:00,0.75025,IT.CAED/850592002.FACILITY,Centro Olio Val d'Agri
2023-08-22 12:00:00,0.78344,IT.CAED/850592002.FACILITY,Centro Olio Val d'Agri
2023-08-22 13:00:00,0.69332,IT.CAED/850592002.FACILITY,Centro Olio Val d'Agri
2023-08-22 14:00:00,0.5634600000000001,IT.CAED/850592002.FACILITY,Centro Olio Val d'Agri
2023-08-22 15:00:00,0.43433,IT.CAED/850592002.FACILITY,Centro Olio Val d'Agri
2023-08-22 16:00:00,0.29942,IT.CAED/850592002.FACILITY,Centro Olio Val d'Agri
2023-08-22 17:00:00,0.18337,IT.CAED/850592002.FACILITY,Centro Olio Val d'Agri
2023-08-22 18:00:00,0.044520000000000004,IT.CAED/850592002.FACILITY,Centro Olio Val d'Agri
2023-08-22 19:00:00,0.00183,IT.CAED/850592002.FACILITY,Centro Olio Val d'Agri
2023-08-22 20:00:00,0.0,IT.CAED/850592002.FACILITY,Centro Olio Val d'Agri
2023-08-22 21:00:00,0.0,IT.CAED/850592002.FACILITY,Centro Olio Val d'Agri
2023-08-22 22:00:00,0.0,IT.CAED/850592002.FACILITY,Centro Olio Val d'Agri
2023-08-22 23:00:00,0.0,IT.CAED/850592002.FACILITY,Centro Olio Val d'Agri
2023-08-23 00:00:00,0.0,IT.CAED/850592002.FACILITY,Centro Olio Val d'Agri
2023-08-23 01:00:00,0.0,IT.CAED/850592002.FACILITY,Centro Olio Val d'Agri
2023-08-23 02:00:00,0.0,IT.CAED/850592002.FACILITY,Centro Olio Val d'Agri
2023-08-23 03:00:00,0.0,IT.CAED/850592002.FACILITY,Centro Olio Val d'Agri
2023-08-23 04:00:00,0.0,IT.CAED/850592002.FACILITY,Centro Olio Val d'Agri
2023-08-23 05:00:00,0.0,IT.CAED/850592002.FACILITY,Centro Olio Val d'Agri
2023-08-23 06:00:00,0.00272,IT.CAED/850592002.FACILITY,Centro Olio Val d'Agri
2023-08-23 07:00:00,0.06838,IT.CAED/850592002.FACILITY,Centro Olio Val d'Agri
2023-08-23 08:00:00,0.28935,IT.CAED/850592002.FACILITY,Centro Olio Val d'Agri
2023-08-23 09:00:00,0.50413,IT.CAED/850592002.FACILITY,Centro Olio Val d'Agri
2023-08-23 10:00:00,0.66871,IT.CAED/850592002.FACILITY,Centro Olio Val d'Agri
2023-08-23 11:00:00,0.7739299999999999,IT.CAED/850592002.FACILITY,Centro Olio Val d'Agri
2023-08-23 12:00:00,0.71136,IT.CAED/850592002.FACILITY,Centro Olio Val d'Agri
2023-08-23 13:00:00,0.74415,IT.CAED/850592002.FACILITY,Centro Olio Val d'Agri
2023-08-23 14:00:00,0.57668,IT.CAED/850592002.FACILITY,Centro Olio Val d'Agri
2023-08-23 15:00:00,0.60142,IT.CAED/850592002.FACILITY,Centro Olio Val d'Agri
2023-08-23 16:00:00,0.40037,IT.CAED/850592002.FACILITY,Centro Olio Val d'Agri
2023-08-23 17:00:00,0.21563,IT.CAED/850592002.FACILITY,Centro Olio Val d'Agri
2023-08-23 18:00:00,0.05007,IT.CAED/850592002.FACILITY,Centro Olio Val d'Agri
2023-08-23 19:00:00,0.00107,IT.CAED/850592002.FACILITY,Centro Olio Val d'Agri
2023-08-23 20:00:00,0.0,IT.CAED/850592002.FACILITY,Centro Olio Val d'Agri
2023-08-23 21:00:00,0.0,IT.CAED/850592002.FACILITY,Centro Olio Val d'Agri
2023-08-23 22:00:00,0.0,IT.CAED/850592002.FACILITY,Centro Olio Val d'Agri
2023-08-23 23:00:00,0.0,IT.CAED/850592002.FACILITY,Centro Olio Val d'Agri
2023-08-24 00:00:00,0.0,IT.CAED/850592002.FACILITY,Centro Olio Val d'Agri
2023-08-24 01:00:00,0.0,IT.CAED/850592002.FACILITY,Centro Olio Val d'Agri
2023-08-24 02:00:00,0.0,IT.CAED/850592002.FACILITY,Centro Olio Val d'Agri
2023-08-24 03:00:00,0.0,IT.CAED/850592002.FACILITY,Centro Olio Val d'Agri
2023-08-24 04:00:00,0.0,IT.CAED/850592002.FACILITY,Centro Olio Val d'Agri
2023-08-24 05:00:00,0.0,IT.CAED/850592002.FACILITY,Centro Olio Val d'Agri
2023-08-24 06:00:00,0.0024100000000000002,IT.CAED/850592002.FACILITY,Centro Olio Val d'Agri
2023-08-24 07:00:00,0.06581000000000001,IT.CAED/850592002.FACILITY,Centro Olio Val d'Agri
2023-08-24 08:00:00,0.2834,IT.CAED/850592002.FACILITY,Centro Olio Val d'Agri
2023-08-24 09:00:00,0.48366000000000003,IT.CAED/850592002.FACILITY,Centro Olio Val d'Agri
2023-08-24 10:00:00,0.66118,IT.CAED/850592002.FACILITY,Centro Olio Val d'Agri
2023-08-24 11:00:00,0.7673300000000001,IT.CAED/850592002.FACILITY,Centro Olio Val d'Agri
2023-08-24 12:00:00,0.81383,IT.CAED/850592002.FACILITY,Centro Olio Val d'Agri
2023-08-24 13:00:00,0.73982,IT.CAED/850592002.FACILITY,Centro Olio Val d'Agri
2023-08-24 14:00:00,0.63848,IT.CAED/850592002.FACILITY,Centro Olio Val d'Agri
2023-08-24 15:00:00,0.5203300000000001,IT.CAED/850592002.FACILITY,Centro Olio Val d'Agri
2023-08-24 16:00:00,0.28070999999999996,IT.CAED/850592002.FACILITY,Centro Olio Val d'Agri
2023-08-24 17:00:00,0.16088999999999998,IT.CAED/850592002.FACILITY,Centro Olio Val d'Agri
2023-08-24 18:00:00,0.04417,IT.CAED/850592002.FACILITY,Centro Olio Val d'Agri
2023-08-24 19:00:00,0.00047999999999999996,IT.CAED/850592002.FACILITY,Centro Olio Val d'Agri
2023-08-24 20:00:00,0.0,IT.CAED/850592002.FACILITY,Centro Olio Val d'Agri
2023-08-24 21:00:00,0.0,IT.CAED/850592002.FACILITY,Centro Olio Val d'Agri
2023-08-24 22:00:00,0.0,IT.CAED/850592002.FACILITY,Centro Olio Val d'Agri
2023-08-24 23:00:00,0.0,IT.CAED/850592002.FACILITY,Centro Olio Val d'Agri
2023-08-25 00:00:00,0.0,IT.CAED/850592002.FACILITY,Centro Olio Val d'Agri
2023-08-25 01:00:00,0.0,IT.CAED/850592002.FACILITY,Centro Olio Val d'Agri
2023-08-25 02:00:00,0.0,IT.CAED/850592002.FACILITY,Centro Olio Val d'Agri
2023-08-25 03:00:00,0.0,IT.CAED/850592002.FACILITY,Centro Olio Val d'Agri
2023-08-25 04:00:00,0.0,IT.CAED/850592002.FACILITY,Centro Olio Val d'Agri
2023-08-25 05:00:00,0.0,IT.CAED/850592002.FACILITY,Centro Olio Val d'Agri
2023-08-25 06:00:00,0.00215,IT.CAED/850592002.FACILITY,Centro Olio Val d'Agri
2023-08-25 07:00:00,0.06658,IT.CAED/850592002.FACILITY,Centro Olio Val d'Agri
2023-08-25 08:00:00,0.28098,IT.CAED/850592002.FACILITY,Centro Olio Val d'Agri
2023-08-25 09:00:00,0.48907999999999996,IT.CAED/850592002.FACILITY,Centro Olio Val d'Agri
2023-08-25 10:00:00,0.64465,IT.CAED/850592002.FACILITY,Centro Olio Val d'Agri
2023-08-25 11:00:00,0.75374,IT.CAED/850592002.FACILITY,Centro Olio Val d'Agri
2023-08-25 12:00:00,0.7008099999999999,IT.CAED/850592002.FACILITY,Centro Olio Val d'Agri
2023-08-25 13:00:00,0.65872,IT.CAED/850592002.FACILITY,Centro Olio Val d'Agri
2023-08-25 14:00:00,0.69653,IT.CAED/850592002.FACILITY,Centro Olio Val d'Agri
2023-08-25 15:00:00,0.56917,IT.CAED/850592002.FACILITY,Centro Olio Val d'Agri
2023-08-25 16:00:00,0.34873000000000004,IT.CAED/850592002.FACILITY,Centro Olio Val d'Agri
2023-08-25 17:00:00,0.20347,IT.CAED/850592002.FACILITY,Centro Olio Val d'Agri
2023-08-25 18:00:00,0.0438,IT.CAED/850592002.FACILITY,Centro Olio Val d'Agri
2023-08-25 19:00:00,0.00101,IT.CAED/850592002.FACILITY,Centro Olio Val d'Agri
2023-08-25 20:00:00,0.0,IT.CAED/850592002.FACILITY,Centro Olio Val d'Agri
2023-08-25 21:00:00,0.0,IT.CAED/850592002.FACILITY,Centro Olio Val d'Agri
2023-08-25 22:00:00,0.0,IT.CAED/850592002.FACILITY,Centro Olio Val d'Agri
2023-08-25 23:00:00,0.0,IT.CAED/850592002.FACILITY,Centro Olio Val d'Agri
2023-08-26 00:00:00,0.0,IT.CAED/850592002.FACILITY,Centro Olio Val d'Agri
2023-08-26 01:00:00,0.0,IT.CAED/850592002.FACILITY,Centro Olio Val d'Agri
2023-08-26 02:00:00,0.0,IT.CAED/850592002.FACILITY,Centro Olio Val d'Agri
2023-08-26 03:00:00,0.0,IT.CAED/850592002.FACILITY,Centro Olio Val d'Agri
2023-08-26 04:00:00,0.0,IT.CAED/850592002.FACILITY,Centro Olio Val d'Agri
2023-08-26 05:00:00,0.0,IT.CAED/850592002.FACILITY,Centro Olio Val d'Agri
2023-08-26 06:00:00,0.00191,IT.CAED/850592002.FACILITY,Centro Olio Val d'Agri
2023-08-26 07:00:00,0.0676,IT.CAED/850592002.FACILITY,Centro Olio Val d'Agri
2023-08-26 08:00:00,0.28597,IT.CAED/850592002.FACILITY,Centro Olio Val d'Agri
2023-08-26 09:00:00,0.49601999999999996,IT.CAED/850592002.FACILITY,Centro Olio Val d'Agri
2023-08-26 10:00:00,0.65335,IT.CAED/850592002.FACILITY,Centro Olio Val d'Agri
2023-08-26 11:00:00,0.7526900000000001,IT.CAED/850592002.FACILITY,Centro Olio Val d'Agri
2023-08-26 12:00:00,0.80944,IT.CAED/850592002.FACILITY,Centro Olio Val d'Agri
2023-08-26 13:00:00,0.7904800000000001,IT.CAED/850592002.FACILITY,Centro Olio Val d'Agri
2023-08-26 14:00:00,0.67606,IT.CAED/850592002.FACILITY,Centro Olio Val d'Agri
2023-08-26 15:00:00,0.51409,IT.CAED/850592002.FACILITY,Centro Olio Val d'Agri
2023-08-26 16:00:00,0.42935,IT.CAED/850592002.FACILITY,Centro Olio Val d'Agri
2023-08-26 17:00:00,0.21143,IT.CAED/850592002.FACILITY,Centro Olio Val d'Agri
2023-08-26 18:00:00,0.05182,IT.CAED/850592002.FACILITY,Centro Olio Val d'Agri
2023-08-26 19:00:00,0.00049,IT.CAED/850592002.FACILITY,Centro Olio Val d'Agri
2023-08-26 20:00:00,0.0,IT.CAED/850592002.FACILITY,Centro Olio Val d'Agri
2023-08-26 21:00:00,0.0,IT.CAED/850592002.FACILITY,Centro Olio Val d'Agri
2023-08-26 22:00:00,0.0,IT.CAED/850592002.FACILITY,Centro Olio Val d'Agri
2023-08-26 23:00:00,0.0,IT.CAED/850592002.FACILITY,Centro Olio Val d'Agri
2023-08-27 00:00:00,0.0,IT.CAED/850592002.FACILITY,Centro Olio Val d'Agri
2023-08-27 01:00:00,0.0,IT.CAED/850592002.FACILITY,Centro Olio Val d'Agri
2023-08-27 02:00:00,0.0,IT.CAED/850592002.FACILITY,Centro Olio Val d'Agri
2023-08-27 03:00:00,0.0,IT.CAED/850592002.FACILITY,Centro Olio Val d'Agri
2023-08-27 04:00:00,0.0,IT.CAED/850592002.FACILITY,Centro Olio Val d'Agri
2023-08-27 05:00:00,0.0,IT.CAED/850592002.FACILITY,Centro Olio Val d'Agri
2023-08-27 06:00:00,0.0017,IT.CAED/850592002.FACILITY,Centro Olio Val d'Agri
2023-08-27 07:00:00,0.06751,IT.CAED/850592002.FACILITY,Centro Olio Val d'Agri
2023-08-27 08:00:00,0.2868,IT.CAED/850592002.FACILITY,Centro Olio Val d'Agri
2023-08-27 09:00:00,0.50183,IT.CAED/850592002.FACILITY,Centro Olio Val d'Agri
2023-08-27 10:00:00,0.6616599999999999,IT.CAED/850592002.FACILITY,Centro Olio Val d'Agri
2023-08-27 11:00:00,0.76818,IT.CAED/850592002.FACILITY,Centro Olio Val d'Agri
2023-08-27 12:00:00,0.8204400000000001,IT.CAED/850592002.FACILITY,Centro Olio Val d'Agri
2023-08-27 13:00:00,0.8012400000000001,IT.CAED/850592002.FACILITY,Centro Olio Val d'Agri
2023-08-27 14:00:00,0.703,IT.CAED/850592002.FACILITY,Centro Olio Val d'Agri
2023-08-27 15:00:00,0.58697,IT.CAED/850592002.FACILITY,Centro Olio Val d'Agri
2023-08-27 16:00:00,0.46392,IT.CAED/850592002.FACILITY,Centro Olio Val d'Agri
2023-08-27 17:00:00,0.24962,IT.CAED/850592002.FACILITY,Centro Olio Val d'Agri
2023-08-27 18:00:00,0.05485,IT.CAED/850592002.FACILITY,Centro Olio Val d'Agri
2023-08-27 19:00:00,0.0007199999999999999,IT.CAED/850592002.FACILITY,Centro Olio Val d'Agri
2023-08-27 20:00:00,0.0,IT.CAED/850592002.FACILITY,Centro Olio Val d'Agri
2023-08-27 21:00:00,0.0,IT.CAED/850592002.FACILITY,Centro Olio Val d'Agri
2023-08-27 22:00:00,0.0,IT.CAED/850592002.FACILITY,Centro Olio Val d'Agri
2023-08-27 23:00:00,0.0,IT.CAED/850592002.FACILITY,Centro Olio Val d'Agri
2023-08-28 00:00:00,0.0,IT.CAED/850592002.FACILITY,Centro Olio Val d'Agri
2023-08-28 01:00:00,0.0,IT.CAED/850592002.FACILITY,Centro Olio Val d'Agri
2023-08-28 02:00:00,0.0,IT.CAED/850592002.FACILITY,Centro Olio Val d'Agri
2023-08-28 03:00:00,0.0,IT.CAED/850592002.FACILITY,Centro Olio Val d'Agri
2023-08-28 04:00:00,0.0,IT.CAED/850592002.FACILITY,Centro Olio Val d'Agri
2023-08-28 05:00:00,0.0,IT.CAED/850592002.FACILITY,Centro Olio Val d'Agri
2023-08-28 06:00:00,0.00149,IT.CAED/850592002.FACILITY,Centro Olio Val d'Agri
2023-08-28 07:00:00,0.06891,IT.CAED/850592002.FACILITY,Centro Olio Val d'Agri
2023-08-28 08:00:00,0.28558,IT.CAED/850592002.FACILITY,Centro Olio Val d'Agri
2023-08-28 09:00:00,0.47718,IT.CAED/850592002.FACILITY,Centro Olio Val d'Agri
2023-08-28 10:00:00,0.60715,IT.CAED/850592002.FACILITY,Centro Olio Val d'Agri
2023-08-28 11:00:00,0.7830499999999999,IT.CAED/850592002.FACILITY,Centro Olio Val d'Agri
2023-08-28 12:00:00,0.8227899999999999,IT.CAED/850592002.FACILITY,Centro Olio Val d'Agri
2023-08-28 13:00:00,0.76825,IT.CAED/850592002.FACILITY,Centro Olio Val d'Agri
2023-08-28 14:00:00,0.6712400000000001,IT.CAED/850592002.FACILITY,Centro Olio Val d'Agri
2023-08-28 15:00:00,0.5231699999999999,IT.CAED/850592002.FACILITY,Centro Olio Val d'Agri
2023-08-28 16:00:00,0.31076,IT.CAED/850592002.FACILITY,Centro Olio Val d'Agri
2023-08-28 17:00:00,0.15603999999999998,IT.CAED/850592002.FACILITY,Centro Olio Val d'Agri
2023-08-28 18:00:00,0.04399,IT.CAED/850592002.FACILITY,Centro Olio Val d'Agri
2023-08-28 19:00:00,2.9999999999999997e-05,IT.CAED/850592002.FACILITY,Centro Olio Val d'Agri
2023-08-28 20:00:00,0.0,IT.CAED/850592002.FACILITY,Centro Olio Val d'Agri
2023-08-28 21:00:00,0.0,IT.CAED/850592002.FACILITY,Centro Olio Val d'Agri
2023-08-28 22:00:00,0.0,IT.CAED/850592002.FACILITY,Centro Olio Val d'Agri
2023-08-28 23:00:00,0.0,IT.CAED/850592002.FACILITY,Centro Olio Val d'Agri
2023-08-29 00:00:00,0.0,IT.CAED/850592002.FACILITY,Centro Olio Val d'Agri
2023-08-29 01:00:00,0.0,IT.CAED/850592002.FACILITY,Centro Olio Val d'Agri
2023-08-29 02:00:00,0.0,IT.CAED/850592002.FACILITY,Centro Olio Val d'Agri
2023-08-29 03:00:00,0.0,IT.CAED/850592002.FACILITY,Centro Olio Val d'Agri
2023-08-29 04:00:00,0.0,IT.CAED/850592002.FACILITY,Centro Olio Val d'Agri
2023-08-29 05:00:00,0.0,IT.CAED/850592002.FACILITY,Centro Olio Val d'Agri
2023-08-29 06:00:00,0.00148,IT.CAED/850592002.FACILITY,Centro Olio Val d'Agri
2023-08-29 07:00:00,0.06470999999999999,IT.CAED/850592002.FACILITY,Centro Olio Val d'Agri
2023-08-29 08:00:00,0.24472,IT.CAED/850592002.FACILITY,Centro Olio Val d'Agri
2023-08-29 09:00:00,0.36291,IT.CAED/850592002.FACILITY,Centro Olio Val d'Agri
2023-08-29 10:00:00,0.5541200000000001,IT.CAED/850592002.FACILITY,Centro Olio Val d'Agri
2023-08-29 11:00:00,0.71099,IT.CAED/850592002.FACILITY,Centro Olio Val d'Agri
2023-08-29 12:00:00,0.79337,IT.CAED/850592002.FACILITY,Centro Olio Val d'Agri
2023-08-29 13:00:00,0.63615,IT.CAED/850592002.FACILITY,Centro Olio Val d'Agri
2023-08-29 14:00:00,0.6835399999999999,IT.CAED/850592002.FACILITY,Centro Olio Val d'Agri
2023-08-29 15:00:00,0.50984,IT.CAED/850592002.FACILITY,Centro Olio Val d'Agri
2023-08-29 16:00:00,0.37595,IT.CAED/850592002.FACILITY,Centro Olio Val d'Agri
2023-08-29 17:00:00,0.23254,IT.CAED/850592002.FACILITY,Centro Olio Val d'Agri
2023-08-29 18:00:00,0.0426,IT.CAED/850592002.FACILITY,Centro Olio Val d'Agri
2023-08-29 19:00:00,0.0,IT.CAED/850592002.FACILITY,Centro Olio Val d'Agri
2023-08-29 20:00:00,0.0,IT.CAED/850592002.FACILITY,Centro Olio Val d'Agri
2023-08-29 21:00:00,0.0,IT.CAED/850592002.FACILITY,Centro Olio Val d'Agri
2023-08-29 22:00:00,0.0,IT.CAED/850592002.FACILITY,Centro Olio Val d'Agri
2023-08-29 23:00:00,0.0,IT.CAED/850592002.FACILITY,Centro Olio Val d'Agri
2023-08-30 00:00:00,0.0,IT.CAED/850592002.FACILITY,Centro Olio Val d'Agri
2023-08-30 01:00:00,0.0,IT.CAED/850592002.FACILITY,Centro Olio Val d'Agri
2023-08-30 02:00:00,0.0,IT.CAED/850592002.FACILITY,Centro Olio Val d'Agri
2023-08-30 03:00:00,0.0,IT.CAED/850592002.FACILITY,Centro Olio Val d'Agri
2023-08-30 04:00:00,0.0,IT.CAED/850592002.FACILITY,Centro Olio Val d'Agri
2023-08-30 05:00:00,0.0,IT.CAED/850592002.FACILITY,Centro Olio Val d'Agri
2023-08-30 06:00:00,0.0,IT.CAED/850592002.FACILITY,Centro Olio Val d'Agri
2023-08-30 07:00:00,0.03817,IT.CAED/850592002.FACILITY,Centro Olio Val d'Agri
2023-08-30 08:00:00,0.17545,IT.CAED/850592002.FACILITY,Centro Olio Val d'Agri
2023-08-30 09:00:00,0.3664,IT.CAED/850592002.FACILITY,Centro Olio Val d'Agri
2023-08-30 10:00:00,0.4495,IT.CAED/850592002.FACILITY,Centro Olio Val d'Agri
2023-08-30 11:00:00,0.46191000000000004,IT.CAED/850592002.FACILITY,Centro Olio Val d'Agri
2023-08-30 12:00:00,0.62478,IT.CAED/850592002.FACILITY,Centro Olio Val d'Agri
2023-08-30 13:00:00,0.57386,IT.CAED/850592002.FACILITY,Centro Olio Val d'Agri
2023-08-30 14:00:00,0.5671499999999999,IT.CAED/850592002.FACILITY,Centro Olio Val d'Agri
2023-08-30 15:00:00,0.53384,IT.CAED/850592002.FACILITY,Centro Olio Val d'Agri
2023-08-30 16:00:00,0.36408999999999997,IT.CAED/850592002.FACILITY,Centro Olio Val d'Agri
2023-08-30 17:00:00,0.17251,IT.CAED/850592002.FACILITY,Centro Olio Val d'Agri
2023-08-30 18:00:00,0.04236,IT.CAED/850592002.FACILITY,Centro Olio Val d'Agri
2023-08-30 19:00:00,0.0,IT.CAED/850592002.FACILITY,Centro Olio Val d'Agri
2023-08-30 20:00:00,0.0,IT.CAED/850592002.FACILITY,Centro Olio Val d'Agri
2023-08-30 21:00:00,0.0,IT.CAED/850592002.FACILITY,Centro Olio Val d'Agri
2023-08-30 22:00:00,0.0,IT.CAED/850592002.FACILITY,Centro Olio Val d'Agri
2023-08-30 23:00:00,0.0,IT.CAED/850592002.FACILITY,Centro Olio Val d'Agri
2023-08-31 00:00:00,0.0,IT.CAED/850592002.FACILITY,Centro Olio Val d'Agri
2023-08-31 01:00:00,0.0,IT.CAED/850592002.FACILITY,Centro Olio Val d'Agri
2023-08-31 02:00:00,0.0,IT.CAED/850592002.FACILITY,Centro Olio Val d'Agri
2023-08-31 03:00:00,0.0,IT.CAED/850592002.FACILITY,Centro Olio Val d'Agri
2023-08-31 04:00:00,0.0,IT.CAED/850592002.FACILITY,Centro Olio Val d'Agri
2023-08-31 05:00:00,0.0,IT.CAED/850592002.FACILITY,Centro Olio Val d'Agri
2023-08-31 06:00:00,0.00039,IT.CAED/850592002.FACILITY,Centro Olio Val d'Agri
2023-08-31 07:00:00,0.056729999999999996,IT.CAED/850592002.FACILITY,Centro Olio Val d'Agri
2023-08-31 08:00:00,0.27725,IT.CAED/850592002.FACILITY,Centro Olio Val d'Agri
2023-08-31 09:00:00,0.46942,IT.CAED/850592002.FACILITY,Centro Olio Val d'Agri
2023-08-31 10:00:00,0.60119,IT.CAED/850592002.FACILITY,Centro Olio Val d'Agri
2023-08-31 11:00:00,0.70829,IT.CAED/850592002.FACILITY,Centro Olio Val d'Agri
2023-08-31 12:00:00,0.78563,IT.CAED/850592002.FACILITY,Centro Olio Val d'Agri
2023-08-31 13:00:00,0.69631,IT.CAED/850592002.FACILITY,Centro Olio Val d'Agri
2023-08-31 14:00:00,0.76412,IT.CAED/850592002.FACILITY,Centro Olio Val d'Agri
2023-08-31 15:00:00,0.62352,IT.CAED/850592002.FACILITY,Centro Olio Val d'Agri
2023-08-31 16:00:00,0.44301999999999997,IT.CAED/850592002.FACILITY,Centro Olio Val d'Agri
2023-08-31 17:00:00,0.24087999999999998,IT.CAED/850592002.FACILITY,Centro Olio Val d'Agri
2023-08-31 18:00:00,0.0485,IT.CAED/850592002.FACILITY,Centro Olio Val d'Agri
2023-08-31 19:00:00,0.0,IT.CAED/850592002.FACILITY,Centro Olio Val d'Agri
2023-08-31 20:00:00,0.0,IT.CAED/850592002.FACILITY,Centro Olio Val d'Agri
2023-08-31 21:00:00,0.0,IT.CAED/850592002.FACILITY,Centro Olio Val d'Agri
2023-08-31 22:00:00,0.0,IT.CAED/850592002.FACILITY,Centro Olio Val d'Agri
2023-08-31 23:00:00,0.0,IT.CAED/850592002.FACILITY,Centro Olio Val d'Agri
2023-09-01 00:00:00,0.0,IT.CAED/850592002.FACILITY,Centro Olio Val d'Agri
2023-09-01 01:00:00,0.0,IT.CAED/850592002.FACILITY,Centro Olio Val d'Agri
2023-09-01 02:00:00,0.0,IT.CAED/850592002.FACILITY,Centro Olio Val d'Agri
2023-09-01 03:00:00,0.0,IT.CAED/850592002.FACILITY,Centro Olio Val d'Agri
2023-09-01 04:00:00,0.0,IT.CAED/850592002.FACILITY,Centro Olio Val d'Agri
2023-09-01 05:00:00,0.0,IT.CAED/850592002.FACILITY,Centro Olio Val d'Agri
2023-09-01 06:00:00,0.00086,IT.CAED/850592002.FACILITY,Centro Olio Val d'Agri
2023-09-01 07:00:00,0.07322,IT.CAED/850592002.FACILITY,Centro Olio Val d'Agri
2023-09-01 08:00:00,0.30777,IT.CAED/850592002.FACILITY,Centro Olio Val d'Agri
2023-09-01 09:00:00,0.5293,IT.CAED/850592002.FACILITY,Centro Olio Val d'Agri
2023-09-01 10:00:00,0.69589,IT.CAED/850592002.FACILITY,Centro Olio Val d'Agri
2023-09-01 11:00:00,0.80869,IT.CAED/850592002.FACILITY,Centro Olio Val d'Agri
2023-09-01 12:00:00,0.83802,IT.CAED/850592002.FACILITY,Centro Olio Val d'Agri
2023-09-01 13:00:00,0.71114,IT.CAED/850592002.FACILITY,Centro Olio Val d'Agri
2023-09-01 14:00:00,0.53584,IT.CAED/850592002.FACILITY,Centro Olio Val d'Agri
2023-09-01 15:00:00,0.39682,IT.CAED/850592002.FACILITY,Centro Olio Val d'Agri
2023-09-01 16:00:00,0.23262,IT.CAED/850592002.FACILITY,Centro Olio Val d'Agri
2023-09-01 17:00:00,0.14637,IT.CAED/850592002.FACILITY,Centro Olio Val d'Agri
2023-09-01 18:00:00,0.039659999999999994,IT.CAED/850592002.FACILITY,Centro Olio Val d'Agri
2023-09-01 19:00:00,0.0,IT.CAED/850592002.FACILITY,Centro Olio Val d'Agri
2023-09-01 20:00:00,0.0,IT.CAED/850592002.FACILITY,Centro Olio Val d'Agri
2023-09-01 21:00:00,0.0,IT.CAED/850592002.FACILITY,Centro Olio Val d'Agri
2023-09-01 22:00:00,0.0,IT.CAED/850592002.FACILITY,Centro Olio Val d'Agri
2023-09-01 23:00:00,0.0,IT.CAED/850592002.FACILITY,Centro Olio Val d'Agri
2023-09-02 00:00:00,0.0,IT.CAED/850592002.FACILITY,Centro Olio Val d'Agri
2023-09-02 01:00:00,0.0,IT.CAED/850592002.FACILITY,Centro Olio Val d'Agri
2023-09-02 02:00:00,0.0,IT.CAED/850592002.FACILITY,Centro Olio Val d'Agri
2023-09-02 03:00:00,0.0,IT.CAED/850592002.FACILITY,Centro Olio Val d'Agri
2023-09-02 04:00:00,0.0,IT.CAED/850592002.FACILITY,Centro Olio Val d'Agri
2023-09-02 05:00:00,0.0,IT.CAED/850592002.FACILITY,Centro Olio Val d'Agri
2023-09-02 06:00:00,0.00063,IT.CAED/850592002.FACILITY,Centro Olio Val d'Agri
2023-09-02 07:00:00,0.0706,IT.CAED/850592002.FACILITY,Centro Olio Val d'Agri
2023-09-02 08:00:00,0.29756,IT.CAED/850592002.FACILITY,Centro Olio Val d'Agri
2023-09-02 09:00:00,0.5209,IT.CAED/850592002.FACILITY,Centro Olio Val d'Agri
2023-09-02 10:00:00,0.69153,IT.CAED/850592002.FACILITY,Centro Olio Val d'Agri
2023-09-02 11:00:00,0.80611,IT.CAED/850592002.FACILITY,Centro Olio Val d'Agri
2023-09-02 12:00:00,0.86346,IT.CAED/850592002.FACILITY,Centro Olio Val d'Agri
2023-09-02 13:00:00,0.86021,IT.CAED/850592002.FACILITY,Centro Olio Val d'Agri
2023-09-02 14:00:00,0.79312,IT.CAED/850592002.FACILITY,Centro Olio Val d'Agri
2023-09-02 15:00:00,0.64251,IT.CAED/850592002.FACILITY,Centro Olio Val d'Agri
2023-09-02 16:00:00,0.45394,IT.CAED/850592002.FACILITY,Centro Olio Val d'Agri
2023-09-02 17:00:00,0.22141,IT.CAED/850592002.FACILITY,Centro Olio Val d'Agri
2023-09-02 18:00:00,0.047549999999999995,IT.CAED/850592002.FACILITY,Centro Olio Val d'Agri
2023-09-02 19:00:00,0.0,IT.CAED/850592002.FACILITY,Centro Olio Val d'Agri
2023-09-02 20:00:00,0.0,IT.CAED/850592002.FACILITY,Centro Olio Val d'Agri
2023-09-02 21:00:00,0.0,IT.CAED/850592002.FACILITY,Centro Olio Val d'Agri
2023-09-02 22:00:00,0.0,IT.CAED/850592002.FACILITY,Centro Olio Val d'Agri
2023-09-02 23:00:00,0.0,IT.CAED/850592002.FACILITY,Centro Olio Val d'Agri
2023-09-03 00:00:00,0.0,IT.CAED/850592002.FACILITY,Centro Olio Val d'Agri
2023-09-03 01:00:00,0.0,IT.CAED/850592002.FACILITY,Centro Olio Val d'Agri
2023-09-03 02:00:00,0.0,IT.CAED/850592002.FACILITY,Centro Olio Val d'Agri
2023-09-03 03:00:00,0.0,IT.CAED/850592002.FACILITY,Centro Olio Val d'Agri
2023-09-03 04:00:00,0.0,IT.CAED/850592002.FACILITY,Centro Olio Val d'Agri
2023-09-03 05:00:00,0.0,IT.CAED/850592002.FACILITY,Centro Olio Val d'Agri
2023-09-03 06:00:00,0.00045,IT.CAED/850592002.FACILITY,Centro Olio Val d'Agri
2023-09-03 07:00:00,0.07243000000000001,IT.CAED/850592002.FACILITY,Centro Olio Val d'Agri
2023-09-03 08:00:00,0.30615,IT.CAED/850592002.FACILITY,Centro Olio Val d'Agri
2023-09-03 09:00:00,0.53185,IT.CAED/850592002.FACILITY,Centro Olio Val d'Agri
2023-09-03 10:00:00,0.70424,IT.CAED/850592002.FACILITY,Centro Olio Val d'Agri
2023-09-03 11:00:00,0.8136,IT.CAED/850592002.FACILITY,Centro Olio Val d'Agri
2023-09-03 12:00:00,0.86123,IT.CAED/850592002.FACILITY,Centro Olio Val d'Agri
2023-09-03 13:00:00,0.83461,IT.CAED/850592002.FACILITY,Centro Olio Val d'Agri
2023-09-03 14:00:00,0.73591,IT.CAED/850592002.FACILITY,Centro Olio Val d'Agri
2023-09-03 15:00:00,0.55223,IT.CAED/850592002.FACILITY,Centro Olio Val d'Agri
2023-09-03 16:00:00,0.40388,IT.CAED/850592002.FACILITY,Centro Olio Val d'Agri
2023-09-03 17:00:00,0.24902000000000002,IT.CAED/850592002.FACILITY,Centro Olio Val d'Agri
2023-09-03 18:00:00,0.04406,IT.CAED/850592002.FACILITY,Centro Olio Val d'Agri
2023-09-03 19:00:00,0.0,IT.CAED/850592002.FACILITY,Centro Olio Val d'Agri
2023-09-03 20:00:00,0.0,IT.CAED/850592002.FACILITY,Centro Olio Val d'Agri
2023-09-03 21:00:00,0.0,IT.CAED/850592002.FACILITY,Centro Olio Val d'Agri
2023-09-03 22:00:00,0.0,IT.CAED/850592002.FACILITY,Centro Olio Val d'Agri
2023-09-03 23:00:00,0.0,IT.CAED/850592002.FACILITY,Centro Olio Val d'Agri
2023-09-04 00:00:00,0.0,IT.CAED/850592002.FACILITY,Centro Olio Val d'Agri
2023-09-04 01:00:00,0.0,IT.CAED/850592002.FACILITY,Centro Olio Val d'Agri
2023-09-04 02:00:00,0.0,IT.CAED/850592002.FACILITY,Centro Olio Val d'Agri
2023-09-04 03:00:00,0.0,IT.CAED/850592002.FACILITY,Centro Olio Val d'Agri
2023-09-04 04:00:00,0.0,IT.CAED/850592002.FACILITY,Centro Olio Val d'Agri
2023-09-04 05:00:00,0.0,IT.CAED/850592002.FACILITY,Centro Olio Val d'Agri
2023-09-04 06:00:00,0.0,IT.CAED/850592002.FACILITY,Centro Olio Val d'Agri
2023-09-04 07:00:00,0.060039999999999996,IT.CAED/850592002.FACILITY,Centro Olio Val d'Agri
2023-09-04 08:00:00,0.23603,IT.CAED/850592002.FACILITY,Centro Olio Val d'Agri
2023-09-04 09:00:00,0.44845,IT.CAED/850592002.FACILITY,Centro Olio Val d'Agri
2023-09-04 10:00:00,0.6546900000000001,IT.CAED/850592002.FACILITY,Centro Olio Val d'Agri
2023-09-04 11:00:00,0.8313400000000001,IT.CAED/850592002.FACILITY,Centro Olio Val d'Agri
2023-09-04 12:00:00,0.8201799999999999,IT.CAED/850592002.FACILITY,Centro Olio Val d'Agri
2023-09-04 13:00:00,0.75125,IT.CAED/850592002.FACILITY,Centro Olio Val d'Agri
2023-09-04 14:00:00,0.71482,IT.CAED/850592002.FACILITY,Centro Olio Val d'Agri
2023-09-04 15:00:00,0.55626,IT.CAED/850592002.FACILITY,Centro Olio Val d'Agri
2023-09-04 16:00:00,0.41675,IT.CAED/850592002.FACILITY,Centro Olio Val d'Agri
2023-09-04 17:00:00,0.23879,IT.CAED/850592002.FACILITY,Centro Olio Val d'Agri
2023-09-04 18:00:00,0.04285,IT.CAED/850592002.FACILITY,Centro Olio Val d'Agri
2023-09-04 19:00:00,0.0,IT.CAED/850592002.FACILITY,Centro Olio Val d'Agri
2023-09-04 20:00:00,0.0,IT.CAED/850592002.FACILITY,Centro Olio Val d'Agri
2023-09-04 21:00:00,0.0,IT.CAED/850592002.FACILITY,Centro Olio Val d'Agri
2023-09-04 22:00:00,0.0,IT.CAED/850592002.FACILITY,Centro Olio Val d'Agri
2023-09-04 23:00:00,0.0,IT.CAED/850592002.FACILITY,Centro Olio Val d'Agri
2023-09-05 00:00:00,0.0,IT.CAED/850592002.FACILITY,Centro Olio Val d'Agri
2023-09-05 01:00:00,0.0,IT.CAED/850592002.FACILITY,Centro Olio Val d'Agri
2023-09-05 02:00:00,0.0,IT.CAED/850592002.FACILITY,Centro Olio Val d'Agri
2023-09-05 03:00:00,0.0,IT.CAED/850592002.FACILITY,Centro Olio Val d'Agri
2023-09-05 04:00:00,0.0,IT.CAED/850592002.FACILITY,Centro Olio Val d'Agri
2023-09-05 05:00:00,0.0,IT.CAED/850592002.FACILITY,Centro Olio Val d'Agri
2023-09-05 06:00:00,0.0,IT.CAED/850592002.FACILITY,Centro Olio Val d'Agri
2023-09-05 07:00:00,0.046270000000000006,IT.CAED/850592002.FACILITY,Centro Olio Val d'Agri
2023-09-05 08:00:00,0.26166,IT.CAED/850592002.FACILITY,Centro Olio Val d'Agri
2023-09-05 09:00:00,0.47475,IT.CAED/850592002.FACILITY,Centro Olio Val d'Agri
2023-09-05 10:00:00,0.63395,IT.CAED/850592002.FACILITY,Centro Olio Val d'Agri
2023-09-05 11:00:00,0.70941,IT.CAED/850592002.FACILITY,Centro Olio Val d'Agri
2023-09-05 12:00:00,0.7535700000000001,IT.CAED/850592002.FACILITY,Centro Olio Val d'Agri
2023-09-05 13:00:00,0.70901,IT.CAED/850592002.FACILITY,Centro Olio Val d'Agri
2023-09-05 14:00:00,0.70566,IT.CAED/850592002.FACILITY,Centro Olio Val d'Agri
2023-09-05 15:00:00,0.52052,IT.CAED/850592002.FACILITY,Centro Olio Val d'Agri
2023-09-05 16:00:00,0.40717000000000003,IT.CAED/850592002.FACILITY,Centro Olio Val d'Agri
2023-09-05 17:00:00,0.14664,IT.CAED/850592002.FACILITY,Centro Olio Val d'Agri
2023-09-05 18:00:00,0.03714,IT.CAED/850592002.FACILITY,Centro Olio Val d'Agri
2023-09-05 19:00:00,0.0,IT.CAED/850592002.FACILITY,Centro Olio Val d'Agri
2023-09-05 20:00:00,0.0,IT.CAED/850592002.FACILITY,Centro Olio Val d'Agri
2023-09-05 21:00:00,0.0,IT.CAED/850592002.FACILITY,Centro Olio Val d'Agri
2023-09-05 22:00:00,0.0,IT.CAED/850592002.FACILITY,Centro Olio Val d'Agri
2023-09-05 23:00:00,0.0,IT.CAED/850592002.FACILITY,Centro Olio Val d'Agri
2023-09-06 00:00:00,0.0,IT.CAED/850592002.FACILITY,Centro Olio Val d'Agri
2023-09-06 01:00:00,0.0,IT.CAED/850592002.FACILITY,Centro Olio Val d'Agri
2023-09-06 02:00:00,0.0,IT.CAED/850592002.FACILITY,Centro Olio Val d'Agri
2023-09-06 03:00:00,0.0,IT.CAED/850592002.FACILITY,Centro Olio Val d'Agri
2023-09-06 04:00:00,0.0,IT.CAED/850592002.FACILITY,Centro Olio Val d'Agri
2023-09-06 05:00:00,0.0,IT.CAED/850592002.FACILITY,Centro Olio Val d'Agri
2023-09-06 06:00:00,0.0,IT.CAED/850592002.FACILITY,Centro Olio Val d'Agri
2023-09-06 07:00:00,0.06079,IT.CAED/850592002.FACILITY,Centro Olio Val d'Agri
2023-09-06 08:00:00,0.24212,IT.CAED/850592002.FACILITY,Centro Olio Val d'Agri
2023-09-06 09:00:00,0.43511,IT.CAED/850592002.FACILITY,Centro Olio Val d'Agri
2023-09-06 10:00:00,0.5660700000000001,IT.CAED/850592002.FACILITY,Centro Olio Val d'Agri
2023-09-06 11:00:00,0.41448,IT.CAED/850592002.FACILITY,Centro Olio Val d'Agri
2023-09-06 12:00:00,0.54008,IT.CAED/850592002.FACILITY,Centro Olio Val d'Agri
2023-09-06 13:00:00,0.45661,IT.CAED/850592002.FACILITY,Centro Olio Val d'Agri
2023-09-06 14:00:00,0.29505000000000003,IT.CAED/850592002.FACILITY,Centro Olio Val d'Agri
2023-09-06 15:00:00,0.44294,IT.CAED/850592002.FACILITY,Centro Olio Val d'Agri
2023-09-06 16:00:00,0.22119,IT.CAED/850592002.FACILITY,Centro Olio Val d'Agri
2023-09-06 17:00:00,0.13526,IT.CAED/850592002.FACILITY,Centro Olio Val d'Agri
2023-09-06 18:00:00,0.0355,IT.CAED/850592002.FACILITY,Centro Olio Val d'Agri
2023-09-06 19:00:00,0.0,IT.CAED/850592002.FACILITY,Centro Olio Val d'Agri
2023-09-06 20:00:00,0.0,IT.CAED/850592002.FACILITY,Centro Olio Val d'Agri
2023-09-06 21:00:00,0.0,IT.CAED/850592002.FACILITY,Centro Olio Val d'Agri
2023-09-06 22:00:00,0.0,IT.CAED/850592002.FACILITY,Centro Olio Val d'Agri
2023-09-06 23:00:00,0.0,IT.CAED/850592002.FACILITY,Centro Olio Val d'Agri
2023-09-07 00:00:00,0.0,IT.CAED/850592002.FACILITY,Centro Olio Val d'Agri
2023-09-07 01:00:00,0.0,IT.CAED/850592002.FACILITY,Centro Olio Val d'Agri
2023-09-07 02:00:00,0.0,IT.CAED/850592002.FACILITY,Centro Olio Val d'Agri
2023-09-07 03:00:00,0.0,IT.CAED/850592002.FACILITY,Centro Olio Val d'Agri
2023-09-07 04:00:00,0.0,IT.CAED/850592002.FACILITY,Centro Olio Val d'Agri
2023-09-07 05:00:00,0.0,IT.CAED/850592002.FACILITY,Centro Olio Val d'Agri
2023-09-07 06:00:00,0.0,IT.CAED/850592002.FACILITY,Centro Olio Val d'Agri
2023-09-07 07:00:00,0.04995,IT.CAED/850592002.FACILITY,Centro Olio Val d'Agri
2023-09-07 08:00:00,0.24365,IT.CAED/850592002.FACILITY,Centro Olio Val d'Agri
2023-09-07 09:00:00,0.40645,IT.CAED/850592002.FACILITY,Centro Olio Val d'Agri
2023-09-07 10:00:00,0.45216,IT.CAED/850592002.FACILITY,Centro Olio Val d'Agri
2023-09-07 11:00:00,0.44825,IT.CAED/850592002.FACILITY,Centro Olio Val d'Agri
2023-09-07 12:00:00,0.44269,IT.CAED/850592002.FACILITY,Centro Olio Val d'Agri
2023-09-07 13:00:00,0.46958,IT.CAED/850592002.FACILITY,Centro Olio Val d'Agri
2023-09-07 14:00:00,0.26283999999999996,IT.CAED/850592002.FACILITY,Centro Olio Val d'Agri
2023-09-07 15:00:00,0.42906,IT.CAED/850592002.FACILITY,Centro Olio Val d'Agri
2023-09-07 16:00:00,0.26123,IT.CAED/850592002.FACILITY,Centro Olio Val d'Agri
2023-09-07 17:00:00,0.15459,IT.CAED/850592002.FACILITY,Centro Olio Val d'Agri
2023-09-07 18:00:00,0.02388,IT.CAED/850592002.FACILITY,Centro Olio Val d'Agri
2023-09-07 19:00:00,0.0,IT.CAED/850592002.FACILITY,Centro Olio Val d'Agri
2023-09-07 20:00:00,0.0,IT.CAED/850592002.FACILITY,Centro Olio Val d'Agri
2023-09-07 21:00:00,0.0,IT.CAED/850592002.FACILITY,Centro Olio Val d'Agri
2023-09-07 22:00:00,0.0,IT.CAED/850592002.FACILITY,Centro Olio Val d'Agri
2023-09-07 23:00:00,0.0,IT.CAED/850592002.FACILITY,Centro Olio Val d'Agri
2023-09-08 00:00:00,0.0,IT.CAED/850592002.FACILITY,Centro Olio Val d'Agri
2023-09-08 01:00:00,0.0,IT.CAED/850592002.FACILITY,Centro Olio Val d'Agri
2023-09-08 02:00:00,0.0,IT.CAED/850592002.FACILITY,Centro Olio Val d'Agri
2023-09-08 03:00:00,0.0,IT.CAED/850592002.FACILITY,Centro Olio Val d'Agri
2023-09-08 04:00:00,0.0,IT.CAED/850592002.FACILITY,Centro Olio Val d'Agri
2023-09-08 05:00:00,0.0,IT.CAED/850592002.FACILITY,Centro Olio Val d'Agri
2023-09-08 06:00:00,0.0,IT.CAED/850592002.FACILITY,Centro Olio Val d'Agri
2023-09-08 07:00:00,0.06768,IT.CAED/850592002.FACILITY,Centro Olio Val d'Agri
2023-09-08 08:00:00,0.28936,IT.CAED/850592002.FACILITY,Centro Olio Val d'Agri
2023-09-08 09:00:00,0.51415,IT.CAED/850592002.FACILITY,Centro Olio Val d'Agri
2023-09-08 10:00:00,0.69051,IT.CAED/850592002.FACILITY,Centro Olio Val d'Agri
2023-09-08 11:00:00,0.7577200000000001,IT.CAED/850592002.FACILITY,Centro Olio Val d'Agri
2023-09-08 12:00:00,0.76254,IT.CAED/850592002.FACILITY,Centro Olio Val d'Agri
2023-09-08 13:00:00,0.7839700000000001,IT.CAED/850592002.FACILITY,Centro Olio Val d'Agri
2023-09-08 14:00:00,0.6590499999999999,IT.CAED/850592002.FACILITY,Centro Olio Val d'Agri
2023-09-08 15:00:00,0.48057,IT.CAED/850592002.FACILITY,Centro Olio Val d'Agri
2023-09-08 16:00:00,0.33061,IT.CAED/850592002.FACILITY,Centro Olio Val d'Agri
2023-09-08 17:00:00,0.12307,IT.CAED/850592002.FACILITY,Centro Olio Val d'Agri
2023-09-08 18:00:00,0.0316,IT.CAED/850592002.FACILITY,Centro Olio Val d'Agri
2023-09-08 19:00:00,0.0,IT.CAED/850592002.FACILITY,Centro Olio Val d'Agri
2023-09-08 20:00:00,0.0,IT.CAED/850592002.FACILITY,Centro Olio Val d'Agri
2023-09-08 21:00:00,0.0,IT.CAED/850592002.FACILITY,Centro Olio Val d'Agri
2023-09-08 22:00:00,0.0,IT.CAED/850592002.FACILITY,Centro Olio Val d'Agri
2023-09-08 23:00:00,0.0,IT.CAED/850592002.FACILITY,Centro Olio Val d'Agri
2023-09-09 00:00:00,0.0,IT.CAED/850592002.FACILITY,Centro Olio Val d'Agri
2023-09-09 01:00:00,0.0,IT.CAED/850592002.FACILITY,Centro Olio Val d'Agri
2023-09-09 02:00:00,0.0,IT.CAED/850592002.FACILITY,Centro Olio Val d'Agri
2023-09-09 03:00:00,0.0,IT.CAED/850592002.FACILITY,Centro Olio Val d'Agri
2023-09-09 04:00:00,0.0,IT.CAED/850592002.FACILITY,Centro Olio Val d'Agri
2023-09-09 05:00:00,0.0,IT.CAED/850592002.FACILITY,Centro Olio Val d'Agri
2023-09-09 06:00:00,0.0,IT.CAED/850592002.FACILITY,Centro Olio Val d'Agri
2023-09-09 07:00:00,0.06831,IT.CAED/850592002.FACILITY,Centro Olio Val d'Agri
2023-09-09 08:00:00,0.29323,IT.CAED/850592002.FACILITY,Centro Olio Val d'Agri
2023-09-09 09:00:00,0.5161699999999999,IT.CAED/850592002.FACILITY,Centro Olio Val d'Agri
2023-09-09 10:00:00,0.6894199999999999,IT.CAED/850592002.FACILITY,Centro Olio Val d'Agri
2023-09-09 11:00:00,0.80452,IT.CAED/850592002.FACILITY,Centro Olio Val d'Agri
2023-09-09 12:00:00,0.86113,IT.CAED/850592002.FACILITY,Centro Olio Val d'Agri
2023-09-09 13:00:00,0.7085199999999999,IT.CAED/850592002.FACILITY,Centro Olio Val d'Agri
2023-09-09 14:00:00,0.43701999999999996,IT.CAED/850592002.FACILITY,Centro Olio Val d'Agri
2023-09-09 15:00:00,0.23865,IT.CAED/850592002.FACILITY,Centro Olio Val d'Agri
2023-09-09 16:00:00,0.23023,IT.CAED/850592002.FACILITY,Centro Olio Val d'Agri
2023-09-09 17:00:00,0.11464,IT.CAED/850592002.FACILITY,Centro Olio Val d'Agri
2023-09-09 18:00:00,0.026690000000000002,IT.CAED/850592002.FACILITY,Centro Olio Val d'Agri
2023-09-09 19:00:00,0.0,IT.CAED/850592002.FACILITY,Centro Olio Val d'Agri
2023-09-09 20:00:00,0.0,IT.CAED/850592002.FACILITY,Centro Olio Val d'Agri
2023-09-09 21:00:00,0.0,IT.CAED/850592002.FACILITY,Centro Olio Val d'Agri
2023-09-09 22:00:00,0.0,IT.CAED/850592002.FACILITY,Centro Olio Val d'Agri
2023-09-09 23:00:00,0.0,IT.CAED/850592002.FACILITY,Centro Olio Val d'Agri
2023-09-10 00:00:00,0.0,IT.CAED/850592002.FACILITY,Centro Olio Val d'Agri
2023-09-10 01:00:00,0.0,IT.CAED/850592002.FACILITY,Centro Olio Val d'Agri
2023-09-10 02:00:00,0.0,IT.CAED/850592002.FACILITY,Centro Olio Val d'Agri
2023-09-10 03:00:00,0.0,IT.CAED/850592002.FACILITY,Centro Olio Val d'Agri
2023-09-10 04:00:00,0.0,IT.CAED/850592002.FACILITY,Centro Olio Val d'Agri
2023-09-10 05:00:00,0.0,IT.CAED/850592002.FACILITY,Centro Olio Val d'Agri
2023-09-10 06:00:00,0.0,IT.CAED/850592002.FACILITY,Centro Olio Val d'Agri
2023-09-10 07:00:00,0.07125,IT.CAED/850592002.FACILITY,Centro Olio Val d'Agri
2023-09-10 08:00:00,0.30563,IT.CAED/850592002.FACILITY,Centro Olio Val d'Agri
2023-09-10 09:00:00,0.5324099999999999,IT.CAED/850592002.FACILITY,Centro Olio Val d'Agri
2023-09-10 10:00:00,0.70565,IT.CAED/850592002.FACILITY,Centro Olio Val d'Agri
2023-09-10 11:00:00,0.81872,IT.CAED/850592002.FACILITY,Centro Olio Val d'Agri
2023-09-10 12:00:00,0.8766799999999999,IT.CAED/850592002.FACILITY,Centro Olio Val d'Agri
2023-09-10 13:00:00,0.86582,IT.CAED/850592002.FACILITY,Centro Olio Val d'Agri
2023-09-10 14:00:00,0.7918999999999999,IT.CAED/850592002.FACILITY,Centro Olio Val d'Agri
2023-09-10 15:00:00,0.6605700000000001,IT.CAED/850592002.FACILITY,Centro Olio Val d'Agri
2023-09-10 16:00:00,0.4705,IT.CAED/850592002.FACILITY,Centro Olio Val d'Agri
2023-09-10 17:00:00,0.23402,IT.CAED/850592002.FACILITY,Centro Olio Val d'Agri
2023-09-10 18:00:00,0.0324,IT.CAED/850592002.FACILITY,Centro Olio Val d'Agri
2023-09-10 19:00:00,0.0,IT.CAED/850592002.FACILITY,Centro Olio Val d'Agri
2023-09-10 20:00:00,0.0,IT.CAED/850592002.FACILITY,Centro Olio Val d'Agri
2023-09-10 21:00:00,0.0,IT.CAED/850592002.FACILITY,Centro Olio Val d'Agri
2023-09-10 22:00:00,0.0,IT.CAED/850592002.FACILITY,Centro Olio Val d'Agri
2023-09-10 23:00:00,0.0,IT.CAED/850592002.FACILITY,Centro Olio Val d'Agri
2023-09-11 00:00:00,0.0,IT.CAED/850592002.FACILITY,Centro Olio Val d'Agri
2023-09-11 01:00:00,0.0,IT.CAED/850592002.FACILITY,Centro Olio Val d'Agri
2023-09-11 02:00:00,0.0,IT.CAED/850592002.FACILITY,Centro Olio Val d'Agri
2023-09-11 03:00:00,0.0,IT.CAED/850592002.FACILITY,Centro Olio Val d'Agri
2023-09-11 04:00:00,0.0,IT.CAED/850592002.FACILITY,Centro Olio Val d'Agri
2023-09-11 05:00:00,0.0,IT.CAED/850592002.FACILITY,Centro Olio Val d'Agri
2023-09-11 06:00:00,0.0,IT.CAED/850592002.FACILITY,Centro Olio Val d'Agri
2023-09-11 07:00:00,0.07313,IT.CAED/850592002.FACILITY,Centro Olio Val d'Agri
2023-09-11 08:00:00,0.3107,IT.CAED/850592002.FACILITY,Centro Olio Val d'Agri
2023-09-11 09:00:00,0.5347999999999999,IT.CAED/850592002.FACILITY,Centro Olio Val d'Agri
2023-09-11 10:00:00,0.7045399999999999,IT.CAED/850592002.FACILITY,Centro Olio Val d'Agri
2023-09-11 11:00:00,0.8131,IT.CAED/850592002.FACILITY,Centro Olio Val d'Agri
2023-09-11 12:00:00,0.86351,IT.CAED/850592002.FACILITY,Centro Olio Val d'Agri
2023-09-11 13:00:00,0.85281,IT.CAED/850592002.FACILITY,Centro Olio Val d'Agri
2023-09-11 14:00:00,0.7824,IT.CAED/850592002.FACILITY,Centro Olio Val d'Agri
2023-09-11 15:00:00,0.65303,IT.CAED/850592002.FACILITY,Centro Olio Val d'Agri
2023-09-11 16:00:00,0.46552,IT.CAED/850592002.FACILITY,Centro Olio Val d'Agri
2023-09-11 17:00:00,0.23195,IT.CAED/850592002.FACILITY,Centro Olio Val d'Agri
2023-09-11 18:00:00,0.030989999999999997,IT.CAED/850592002.FACILITY,Centro Olio Val d'Agri
2023-09-11 19:00:00,0.0,IT.CAED/850592002.FACILITY,Centro Olio Val d'Agri
2023-09-11 20:00:00,0.0,IT.CAED/850592002.FACILITY,Centro Olio Val d'Agri
2023-09-11 21:00:00,0.0,IT.CAED/850592002.FACILITY,Centro Olio Val d'Agri
2023-09-11 22:00:00,0.0,IT.CAED/850592002.FACILITY,Centro Olio Val d'Agri
2023-09-11 23:00:00,0.0,IT.CAED/850592002.FACILITY,Centro Olio Val d'Agri
2023-09-12 00:00:00,0.0,IT.CAED/850592002.FACILITY,Centro Olio Val d'Agri
2023-09-12 01:00:00,0.0,IT.CAED/850592002.FACILITY,Centro Olio Val d'Agri
2023-09-12 02:00:00,0.0,IT.CAED/850592002.FACILITY,Centro Olio Val d'Agri
2023-09-12 03:00:00,0.0,IT.CAED/850592002.FACILITY,Centro Olio Val d'Agri
2023-09-12 04:00:00,0.0,IT.CAED/850592002.FACILITY,Centro Olio Val d'Agri
2023-09-12 05:00:00,0.0,IT.CAED/850592002.FACILITY,Centro Olio Val d'Agri
2023-09-12 06:00:00,0.0,IT.CAED/850592002.FACILITY,Centro Olio Val d'Agri
2023-09-12 07:00:00,0.07151,IT.CAED/850592002.FACILITY,Centro Olio Val d'Agri
2023-09-12 08:00:00,0.30663999999999997,IT.CAED/850592002.FACILITY,Centro Olio Val d'Agri
2023-09-12 09:00:00,0.52611,IT.CAED/850592002.FACILITY,Centro Olio Val d'Agri
2023-09-12 10:00:00,0.69345,IT.CAED/850592002.FACILITY,Centro Olio Val d'Agri
2023-09-12 11:00:00,0.79379,IT.CAED/850592002.FACILITY,Centro Olio Val d'Agri
2023-09-12 12:00:00,0.83827,IT.CAED/850592002.FACILITY,Centro Olio Val d'Agri
2023-09-12 13:00:00,0.82873,IT.CAED/850592002.FACILITY,Centro Olio Val d'Agri
2023-09-12 14:00:00,0.76325,IT.CAED/850592002.FACILITY,Centro Olio Val d'Agri
2023-09-12 15:00:00,0.63995,IT.CAED/850592002.FACILITY,Centro Olio Val d'Agri
2023-09-12 16:00:00,0.45801,IT.CAED/850592002.FACILITY,Centro Olio Val d'Agri
2023-09-12 17:00:00,0.22658,IT.CAED/850592002.FACILITY,Centro Olio Val d'Agri
2023-09-12 18:00:00,0.02905,IT.CAED/850592002.FACILITY,Centro Olio Val d'Agri
2023-09-12 19:00:00,0.0,IT.CAED/850592002.FACILITY,Centro Olio Val d'Agri
2023-09-12 20:00:00,0.0,IT.CAED/850592002.FACILITY,Centro Olio Val d'Agri
2023-09-12 21:00:00,0.0,IT.CAED/850592002.FACILITY,Centro Olio Val d'Agri
2023-09-12 22:00:00,0.0,IT.CAED/850592002.FACILITY,Centro Olio Val d'Agri
2023-09-12 23:00:00,0.0,IT.CAED/850592002.FACILITY,Centro Olio Val d'Agri
2023-09-13 00:00:00,0.0,IT.CAED/850592002.FACILITY,Centro Olio Val d'Agri
2023-09-13 01:00:00,0.0,IT.CAED/850592002.FACILITY,Centro Olio Val d'Agri
2023-09-13 02:00:00,0.0,IT.CAED/850592002.FACILITY,Centro Olio Val d'Agri
2023-09-13 03:00:00,0.0,IT.CAED/850592002.FACILITY,Centro Olio Val d'Agri
2023-09-13 04:00:00,0.0,IT.CAED/850592002.FACILITY,Centro Olio Val d'Agri
2023-09-13 05:00:00,0.0,IT.CAED/850592002.FACILITY,Centro Olio Val d'Agri
2023-09-13 06:00:00,0.0,IT.CAED/850592002.FACILITY,Centro Olio Val d'Agri
2023-09-13 07:00:00,0.07254000000000001,IT.CAED/850592002.FACILITY,Centro Olio Val d'Agri
2023-09-13 08:00:00,0.31045999999999996,IT.CAED/850592002.FACILITY,Centro Olio Val d'Agri
2023-09-13 09:00:00,0.53396,IT.CAED/850592002.FACILITY,Centro Olio Val d'Agri
2023-09-13 10:00:00,0.69479,IT.CAED/850592002.FACILITY,Centro Olio Val d'Agri
2023-09-13 11:00:00,0.79555,IT.CAED/850592002.FACILITY,Centro Olio Val d'Agri
2023-09-13 12:00:00,0.8071200000000001,IT.CAED/850592002.FACILITY,Centro Olio Val d'Agri
2023-09-13 13:00:00,0.76818,IT.CAED/850592002.FACILITY,Centro Olio Val d'Agri
2023-09-13 14:00:00,0.7115199999999999,IT.CAED/850592002.FACILITY,Centro Olio Val d'Agri
2023-09-13 15:00:00,0.51192,IT.CAED/850592002.FACILITY,Centro Olio Val d'Agri
2023-09-13 16:00:00,0.40045,IT.CAED/850592002.FACILITY,Centro Olio Val d'Agri
2023-09-13 17:00:00,0.20717,IT.CAED/850592002.FACILITY,Centro Olio Val d'Agri
2023-09-13 18:00:00,0.02903,IT.CAED/850592002.FACILITY,Centro Olio Val d'Agri
2023-09-13 19:00:00,0.0,IT.CAED/850592002.FACILITY,Centro Olio Val d'Agri
2023-09-13 20:00:00,0.0,IT.CAED/850592002.FACILITY,Centro Olio Val d'Agri
2023-09-13 21:00:00,0.0,IT.CAED/850592002.FACILITY,Centro Olio Val d'Agri
2023-09-13 22:00:00,0.0,IT.CAED/850592002.FACILITY,Centro Olio Val d'Agri
2023-09-13 23:00:00,0.0,IT.CAED/850592002.FACILITY,Centro Olio Val d'Agri
2023-09-14 00:00:00,0.0,IT.CAED/850592002.FACILITY,Centro Olio Val d'Agri
2023-09-14 01:00:00,0.0,IT.CAED/850592002.FACILITY,Centro Olio Val d'Agri
2023-09-14 02:00:00,0.0,IT.CAED/850592002.FACILITY,Centro Olio Val d'Agri
2023-09-14 03:00:00,0.0,IT.CAED/850592002.FACILITY,Centro Olio Val d'Agri
2023-09-14 04:00:00,0.0,IT.CAED/850592002.FACILITY,Centro Olio Val d'Agri
2023-09-14 05:00:00,0.0,IT.CAED/850592002.FACILITY,Centro Olio Val d'Agri
2023-09-14 06:00:00,0.0,IT.CAED/850592002.FACILITY,Centro Olio Val d'Agri
2023-09-14 07:00:00,0.07106,IT.CAED/850592002.FACILITY,Centro Olio Val d'Agri
2023-09-14 08:00:00,0.29252999999999996,IT.CAED/850592002.FACILITY,Centro Olio Val d'Agri
2023-09-14 09:00:00,0.40651,IT.CAED/850592002.FACILITY,Centro Olio Val d'Agri
2023-09-14 10:00:00,0.63863,IT.CAED/850592002.FACILITY,Centro Olio Val d'Agri
2023-09-14 11:00:00,0.7202999999999999,IT.CAED/850592002.FACILITY,Centro Olio Val d'Agri
2023-09-14 12:00:00,0.7892100000000001,IT.CAED/850592002.FACILITY,Centro Olio Val d'Agri
2023-09-14 13:00:00,0.79957,IT.CAED/850592002.FACILITY,Centro Olio Val d'Agri
2023-09-14 14:00:00,0.7215,IT.CAED/850592002.FACILITY,Centro Olio Val d'Agri
2023-09-14 15:00:00,0.5924400000000001,IT.CAED/850592002.FACILITY,Centro Olio Val d'Agri
2023-09-14 16:00:00,0.30821,IT.CAED/850592002.FACILITY,Centro Olio Val d'Agri
2023-09-14 17:00:00,0.14195,IT.CAED/850592002.FACILITY,Centro Olio Val d'Agri
2023-09-14 18:00:00,0.013210000000000001,IT.CAED/850592002.FACILITY,Centro Olio Val d'Agri
2023-09-14 19:00:00,0.0,IT.CAED/850592002.FACILITY,Centro Olio Val d'Agri
2023-09-14 20:00:00,0.0,IT.CAED/850592002.FACILITY,Centro Olio Val d'Agri
2023-09-14 21:00:00,0.0,IT.CAED/850592002.FACILITY,Centro Olio Val d'Agri
2023-09-14 22:00:00,0.0,IT.CAED/850592002.FACILITY,Centro Olio Val d'Agri
2023-09-14 23:00:00,0.0,IT.CAED/850592002.FACILITY,Centro Olio Val d'Agri
2023-09-15 00:00:00,0.0,IT.CAED/850592002.FACILITY,Centro Olio Val d'Agri
2023-09-15 01:00:00,0.0,IT.CAED/850592002.FACILITY,Centro Olio Val d'Agri
2023-09-15 02:00:00,0.0,IT.CAED/850592002.FACILITY,Centro Olio Val d'Agri
2023-09-15 03:00:00,0.0,IT.CAED/850592002.FACILITY,Centro Olio Val d'Agri
2023-09-15 04:00:00,0.0,IT.CAED/850592002.FACILITY,Centro Olio Val d'Agri
2023-09-15 05:00:00,0.0,IT.CAED/850592002.FACILITY,Centro Olio Val d'Agri
2023-09-15 06:00:00,0.0,IT.CAED/850592002.FACILITY,Centro Olio Val d'Agri
2023-09-15 07:00:00,0.06143,IT.CAED/850592002.FACILITY,Centro Olio Val d'Agri
2023-09-15 08:00:00,0.25246999999999997,IT.CAED/850592002.FACILITY,Centro Olio Val d'Agri
2023-09-15 09:00:00,0.48929,IT.CAED/850592002.FACILITY,Centro Olio Val d'Agri
2023-09-15 10:00:00,0.64925,IT.CAED/850592002.FACILITY,Centro Olio Val d'Agri
2023-09-15 11:00:00,0.7543500000000001,IT.CAED/850592002.FACILITY,Centro Olio Val d'Agri
2023-09-15 12:00:00,0.79015,IT.CAED/850592002.FACILITY,Centro Olio Val d'Agri
2023-09-15 13:00:00,0.62586,IT.CAED/850592002.FACILITY,Centro Olio Val d'Agri
2023-09-15 14:00:00,0.64859,IT.CAED/850592002.FACILITY,Centro Olio Val d'Agri
2023-09-15 15:00:00,0.39844,IT.CAED/850592002.FACILITY,Centro Olio Val d'Agri
2023-09-15 16:00:00,0.34884,IT.CAED/850592002.FACILITY,Centro Olio Val d'Agri
2023-09-15 17:00:00,0.15907,IT.CAED/850592002.FACILITY,Centro Olio Val d'Agri
2023-09-15 18:00:00,0.023370000000000002,IT.CAED/850592002.FACILITY,Centro Olio Val d'Agri
2023-09-15 19:00:00,0.0,IT.CAED/850592002.FACILITY,Centro Olio Val d'Agri
2023-09-15 20:00:00,0.0,IT.CAED/850592002.FACILITY,Centro Olio Val d'Agri
2023-09-15 21:00:00,0.0,IT.CAED/850592002.FACILITY,Centro Olio Val d'Agri
2023-09-15 22:00:00,0.0,IT.CAED/850592002.FACILITY,Centro Olio Val d'Agri
2023-09-15 23:00:00,0.0,IT.CAED/850592002.FACILITY,Centro Olio Val d'Agri
2023-09-16 00:00:00,0.0,IT.CAED/850592002.FACILITY,Centro Olio Val d'Agri
2023-09-16 01:00:00,0.0,IT.CAED/850592002.FACILITY,Centro Olio Val d'Agri
2023-09-16 02:00:00,0.0,IT.CAED/850592002.FACILITY,Centro Olio Val d'Agri
2023-09-16 03:00:00,0.0,IT.CAED/850592002.FACILITY,Centro Olio Val d'Agri
2023-09-16 04:00:00,0.0,IT.CAED/850592002.FACILITY,Centro Olio Val d'Agri
2023-09-16 05:00:00,0.0,IT.CAED/850592002.FACILITY,Centro Olio Val d'Agri
2023-09-16 06:00:00,0.0,IT.CAED/850592002.FACILITY,Centro Olio Val d'Agri
2023-09-16 07:00:00,0.06716,IT.CAED/850592002.FACILITY,Centro Olio Val d'Agri
2023-09-16 08:00:00,0.20654,IT.CAED/850592002.FACILITY,Centro Olio Val d'Agri
2023-09-16 09:00:00,0.40536,IT.CAED/850592002.FACILITY,Centro Olio Val d'Agri
2023-09-16 10:00:00,0.6606599999999999,IT.CAED/850592002.FACILITY,Centro Olio Val d'Agri
2023-09-16 11:00:00,0.7800199999999999,IT.CAED/850592002.FACILITY,Centro Olio Val d'Agri
2023-09-16 12:00:00,0.7905,IT.CAED/850592002.FACILITY,Centro Olio Val d'Agri
2023-09-16 13:00:00,0.7260599999999999,IT.CAED/850592002.FACILITY,Centro Olio Val d'Agri
2023-09-16 14:00:00,0.59363,IT.CAED/850592002.FACILITY,Centro Olio Val d'Agri
2023-09-16 15:00:00,0.49966000000000005,IT.CAED/850592002.FACILITY,Centro Olio Val d'Agri
2023-09-16 16:00:00,0.17496,IT.CAED/850592002.FACILITY,Centro Olio Val d'Agri
2023-09-16 17:00:00,0.06647,IT.CAED/850592002.FACILITY,Centro Olio Val d'Agri
2023-09-16 18:00:00,0.00982,IT.CAED/850592002.FACILITY,Centro Olio Val d'Agri
2023-09-16 19:00:00,0.0,IT.CAED/850592002.FACILITY,Centro Olio Val d'Agri
2023-09-16 20:00:00,0.0,IT.CAED/850592002.FACILITY,Centro Olio Val d'Agri
2023-09-16 21:00:00,0.0,IT.CAED/850592002.FACILITY,Centro Olio Val d'Agri
2023-09-16 22:00:00,0.0,IT.CAED/850592002.FACILITY,Centro Olio Val d'Agri
2023-09-16 23:00:00,0.0,IT.CAED/850592002.FACILITY,Centro Olio Val d'Agri
2023-09-17 00:00:00,0.0,IT.CAED/850592002.FACILITY,Centro Olio Val d'Agri
2023-09-17 01:00:00,0.0,IT.CAED/850592002.FACILITY,Centro Olio Val d'Agri
2023-09-17 02:00:00,0.0,IT.CAED/850592002.FACILITY,Centro Olio Val d'Agri
2023-09-17 03:00:00,0.0,IT.CAED/850592002.FACILITY,Centro Olio Val d'Agri
2023-09-17 04:00:00,0.0,IT.CAED/850592002.FACILITY,Centro Olio Val d'Agri
2023-09-17 05:00:00,0.0,IT.CAED/850592002.FACILITY,Centro Olio Val d'Agri
2023-09-17 06:00:00,0.0,IT.CAED/850592002.FACILITY,Centro Olio Val d'Agri
2023-09-17 07:00:00,0.06664,IT.CAED/850592002.FACILITY,Centro Olio Val d'Agri
2023-09-17 08:00:00,0.29269,IT.CAED/850592002.FACILITY,Centro Olio Val d'Agri
2023-09-17 09:00:00,0.51244,IT.CAED/850592002.FACILITY,Centro Olio Val d'Agri
2023-09-17 10:00:00,0.67489,IT.CAED/850592002.FACILITY,Centro Olio Val d'Agri
2023-09-17 11:00:00,0.77061,IT.CAED/850592002.FACILITY,Centro Olio Val d'Agri
2023-09-17 12:00:00,0.8197300000000001,IT.CAED/850592002.FACILITY,Centro Olio Val d'Agri
2023-09-17 13:00:00,0.80759,IT.CAED/850592002.FACILITY,Centro Olio Val d'Agri
2023-09-17 14:00:00,0.53049,IT.CAED/850592002.FACILITY,Centro Olio Val d'Agri
2023-09-17 15:00:00,0.47722000000000003,IT.CAED/850592002.FACILITY,Centro Olio Val d'Agri
2023-09-17 16:00:00,0.35094,IT.CAED/850592002.FACILITY,Centro Olio Val d'Agri
2023-09-17 17:00:00,0.16557,IT.CAED/850592002.FACILITY,Centro Olio Val d'Agri
2023-09-17 18:00:00,0.01423,IT.CAED/850592002.FACILITY,Centro Olio Val d'Agri
2023-09-17 19:00:00,0.0,IT.CAED/850592002.FACILITY,Centro Olio Val d'Agri
2023-09-17 20:00:00,0.0,IT.CAED/850592002.FACILITY,Centro Olio Val d'Agri
2023-09-17 21:00:00,0.0,IT.CAED/850592002.FACILITY,Centro Olio Val d'Agri
2023-09-17 22:00:00,0.0,IT.CAED/850592002.FACILITY,Centro Olio Val d'Agri
2023-09-17 23:00:00,0.0,IT.CAED/850592002.FACILITY,Centro Olio Val d'Agri
2023-09-18 00:00:00,0.0,IT.CAED/850592002.FACILITY,Centro Olio Val d'Agri
2023-09-18 01:00:00,0.0,IT.CAED/850592002.FACILITY,Centro Olio Val d'Agri
2023-09-18 02:00:00,0.0,IT.CAED/850592002.FACILITY,Centro Olio Val d'Agri
2023-09-18 03:00:00,0.0,IT.CAED/850592002.FACILITY,Centro Olio Val d'Agri
2023-09-18 04:00:00,0.0,IT.CAED/850592002.FACILITY,Centro Olio Val d'Agri
2023-09-18 05:00:00,0.0,IT.CAED/850592002.FACILITY,Centro Olio Val d'Agri
2023-09-18 06:00:00,0.0,IT.CAED/850592002.FACILITY,Centro Olio Val d'Agri
2023-09-18 07:00:00,0.06284000000000001,IT.CAED/850592002.FACILITY,Centro Olio Val d'Agri
2023-09-18 08:00:00,0.29258999999999996,IT.CAED/850592002.FACILITY,Centro Olio Val d'Agri
2023-09-18 09:00:00,0.5098199999999999,IT.CAED/850592002.FACILITY,Centro Olio Val d'Agri
2023-09-18 10:00:00,0.67148,IT.CAED/850592002.FACILITY,Centro Olio Val d'Agri
2023-09-18 11:00:00,0.7754099999999999,IT.CAED/850592002.FACILITY,Centro Olio Val d'Agri
2023-09-18 12:00:00,0.82394,IT.CAED/850592002.FACILITY,Centro Olio Val d'Agri
2023-09-18 13:00:00,0.81514,IT.CAED/850592002.FACILITY,Centro Olio Val d'Agri
2023-09-18 14:00:00,0.74203,IT.CAED/850592002.FACILITY,Centro Olio Val d'Agri
2023-09-18 15:00:00,0.60829,IT.CAED/850592002.FACILITY,Centro Olio Val d'Agri
2023-09-18 16:00:00,0.41949000000000003,IT.CAED/850592002.FACILITY,Centro Olio Val d'Agri
2023-09-18 17:00:00,0.18737,IT.CAED/850592002.FACILITY,Centro Olio Val d'Agri
2023-09-18 18:00:00,0.01709,IT.CAED/850592002.FACILITY,Centro Olio Val d'Agri
2023-09-18 19:00:00,0.0,IT.CAED/850592002.FACILITY,Centro Olio Val d'Agri
2023-09-18 20:00:00,0.0,IT.CAED/850592002.FACILITY,Centro Olio Val d'Agri
2023-09-18 21:00:00,0.0,IT.CAED/850592002.FACILITY,Centro Olio Val d'Agri
2023-09-18 22:00:00,0.0,IT.CAED/850592002.FACILITY,Centro Olio Val d'Agri
2023-09-18 23:00:00,0.0,IT.CAED/850592002.FACILITY,Centro Olio Val d'Agri
2023-09-19 00:00:00,0.0,IT.CAED/850592002.FACILITY,Centro Olio Val d'Agri
2023-09-19 01:00:00,0.0,IT.CAED/850592002.FACILITY,Centro Olio Val d'Agri
2023-09-19 02:00:00,0.0,IT.CAED/850592002.FACILITY,Centro Olio Val d'Agri
2023-09-19 03:00:00,0.0,IT.CAED/850592002.FACILITY,Centro Olio Val d'Agri
2023-09-19 04:00:00,0.0,IT.CAED/850592002.FACILITY,Centro Olio Val d'Agri
2023-09-19 05:00:00,0.0,IT.CAED/850592002.FACILITY,Centro Olio Val d'Agri
2023-09-19 06:00:00,0.0,IT.CAED/850592002.FACILITY,Centro Olio Val d'Agri
2023-09-19 07:00:00,0.06745,IT.CAED/850592002.FACILITY,Centro Olio Val d'Agri
2023-09-19 08:00:00,0.29654,IT.CAED/850592002.FACILITY,Centro Olio Val d'Agri
2023-09-19 09:00:00,0.5205,IT.CAED/850592002.FACILITY,Centro Olio Val d'Agri
2023-09-19 10:00:00,0.6868,IT.CAED/850592002.FACILITY,Centro Olio Val d'Agri
2023-09-19 11:00:00,0.79563,IT.CAED/850592002.FACILITY,Centro Olio Val d'Agri
2023-09-19 12:00:00,0.84426,IT.CAED/850592002.FACILITY,Centro Olio Val d'Agri
2023-09-19 13:00:00,0.83357,IT.CAED/850592002.FACILITY,Centro Olio Val d'Agri
2023-09-19 14:00:00,0.74987,IT.CAED/850592002.FACILITY,Centro Olio Val d'Agri
2023-09-19 15:00:00,0.62142,IT.CAED/850592002.FACILITY,Centro Olio Val d'Agri
2023-09-19 16:00:00,0.42422000000000004,IT.CAED/850592002.FACILITY,Centro Olio Val d'Agri
2023-09-19 17:00:00,0.20021,IT.CAED/850592002.FACILITY,Centro Olio Val d'Agri
2023-09-19 18:00:00,0.01566,IT.CAED/850592002.FACILITY,Centro Olio Val d'Agri
2023-09-19 19:00:00,0.0,IT.CAED/850592002.FACILITY,Centro Olio Val d'Agri
2023-09-19 20:00:00,0.0,IT.CAED/850592002.FACILITY,Centro Olio Val d'Agri
2023-09-19 21:00:00,0.0,IT.CAED/850592002.FACILITY,Centro Olio Val d'Agri
2023-09-19 22:00:00,0.0,IT.CAED/850592002.FACILITY,Centro Olio Val d'Agri
2023-09-19 23:00:00,0.0,IT.CAED/850592002.FACILITY,Centro Olio Val d'Agri
2023-09-20 00:00:00,0.0,IT.CAED/850592002.FACILITY,Centro Olio Val d'Agri
2023-09-20 01:00:00,0.0,IT.CAED/850592002.FACILITY,Centro Olio Val d'Agri
2023-09-20 02:00:00,0.0,IT.CAED/850592002.FACILITY,Centro Olio Val d'Agri
2023-09-20 03:00:00,0.0,IT.CAED/850592002.FACILITY,Centro Olio Val d'Agri
2023-09-20 04:00:00,0.0,IT.CAED/850592002.FACILITY,Centro Olio Val d'Agri
2023-09-20 05:00:00,0.0,IT.CAED/850592002.FACILITY,Centro Olio Val d'Agri
2023-09-20 06:00:00,0.0,IT.CAED/850592002.FACILITY,Centro Olio Val d'Agri
2023-09-20 07:00:00,0.0576,IT.CAED/850592002.FACILITY,Centro Olio Val d'Agri
2023-09-20 08:00:00,0.25277,IT.CAED/850592002.FACILITY,Centro Olio Val d'Agri
2023-09-20 09:00:00,0.47132,IT.CAED/850592002.FACILITY,Centro Olio Val d'Agri
2023-09-20 10:00:00,0.56736,IT.CAED/850592002.FACILITY,Centro Olio Val d'Agri
2023-09-20 11:00:00,0.57533,IT.CAED/850592002.FACILITY,Centro Olio Val d'Agri
2023-09-20 12:00:00,0.7240700000000001,IT.CAED/850592002.FACILITY,Centro Olio Val d'Agri
2023-09-20 13:00:00,0.6449199999999999,IT.CAED/850592002.FACILITY,Centro Olio Val d'Agri
2023-09-20 14:00:00,0.36319999999999997,IT.CAED/850592002.FACILITY,Centro Olio Val d'Agri
2023-09-20 15:00:00,0.27920999999999996,IT.CAED/850592002.FACILITY,Centro Olio Val d'Agri
2023-09-20 16:00:00,0.14322,IT.CAED/850592002.FACILITY,Centro Olio Val d'Agri
2023-09-20 17:00:00,0.04498,IT.CAED/850592002.FACILITY,Centro Olio Val d'Agri
2023-09-20 18:00:00,0.00429,IT.CAED/850592002.FACILITY,Centro Olio Val d'Agri
2023-09-20 19:00:00,0.0,IT.CAED/850592002.FACILITY,Centro Olio Val d'Agri
2023-09-20 20:00:00,0.0,IT.CAED/850592002.FACILITY,Centro Olio Val d'Agri
2023-09-20 21:00:00,0.0,IT.CAED/850592002.FACILITY,Centro Olio Val d'Agri
2023-09-20 22:00:00,0.0,IT.CAED/850592002.FACILITY,Centro Olio Val d'Agri
2023-09-20 23:00:00,0.0,IT.CAED/850592002.FACILITY,Centro Olio Val d'Agri
2023-09-21 00:00:00,0.0,IT.CAED/850592002.FACILITY,Centro Olio Val d'Agri
2023-09-21 01:00:00,0.0,IT.CAED/850592002.FACILITY,Centro Olio Val d'Agri
2023-09-21 02:00:00,0.0,IT.CAED/850592002.FACILITY,Centro Olio Val d'Agri
2023-09-21 03:00:00,0.0,IT.CAED/850592002.FACILITY,Centro Olio Val d'Agri
2023-09-21 04:00:00,0.0,IT.CAED/850592002.FACILITY,Centro Olio Val d'Agri
2023-09-21 05:00:00,0.0,IT.CAED/850592002.FACILITY,Centro Olio Val d'Agri
2023-09-21 06:00:00,0.0,IT.CAED/850592002.FACILITY,Centro Olio Val d'Agri
2023-09-21 07:00:00,0.0471,IT.CAED/850592002.FACILITY,Centro Olio Val d'Agri
2023-09-21 08:00:00,0.1896,IT.CAED/850592002.FACILITY,Centro Olio Val d'Agri
2023-09-21 09:00:00,0.29087,IT.CAED/850592002.FACILITY,Centro Olio Val d'Agri
2023-09-21 10:00:00,0.51179,IT.CAED/850592002.FACILITY,Centro Olio Val d'Agri
2023-09-21 11:00:00,0.6931,IT.CAED/850592002.FACILITY,Centro Olio Val d'Agri
2023-09-21 12:00:00,0.65943,IT.CAED/850592002.FACILITY,Centro Olio Val d'Agri
2023-09-21 13:00:00,0.47531,IT.CAED/850592002.FACILITY,Centro Olio Val d'Agri
2023-09-21 14:00:00,0.45975,IT.CAED/850592002.FACILITY,Centro Olio Val d'Agri
2023-09-21 15:00:00,0.51813,IT.CAED/850592002.FACILITY,Centro Olio Val d'Agri
2023-09-21 16:00:00,0.36171,IT.CAED/850592002.FACILITY,Centro Olio Val d'Agri
2023-09-21 17:00:00,0.17532,IT.CAED/850592002.FACILITY,Centro Olio Val d'Agri
2023-09-21 18:00:00,0.01303,IT.CAED/850592002.FACILITY,Centro Olio Val d'Agri
2023-09-21 19:00:00,0.0,IT.CAED/850592002.FACILITY,Centro Olio Val d'Agri
2023-09-21 20:00:00,0.0,IT.CAED/850592002.FACILITY,Centro Olio Val d'Agri
2023-09-21 21:00:00,0.0,IT.CAED/850592002.FACILITY,Centro Olio Val d'Agri
2023-09-21 22:00:00,0.0,IT.CAED/850592002.FACILITY,Centro Olio Val d'Agri
2023-09-21 23:00:00,0.0,IT.CAED/850592002.FACILITY,Centro Olio Val d'Agri
2023-09-22 00:00:00,0.0,IT.CAED/850592002.FACILITY,Centro Olio Val d'Agri
2023-09-22 01:00:00,0.0,IT.CAED/850592002.FACILITY,Centro Olio Val d'Agri
2023-09-22 02:00:00,0.0,IT.CAED/850592002.FACILITY,Centro Olio Val d'Agri
2023-09-22 03:00:00,0.0,IT.CAED/850592002.FACILITY,Centro Olio Val d'Agri
2023-09-22 04:00:00,0.0,IT.CAED/850592002.FACILITY,Centro Olio Val d'Agri
2023-09-22 05:00:00,0.0,IT.CAED/850592002.FACILITY,Centro Olio Val d'Agri
2023-09-22 06:00:00,0.0,IT.CAED/850592002.FACILITY,Centro Olio Val d'Agri
2023-09-22 07:00:00,0.06504,IT.CAED/850592002.FACILITY,Centro Olio Val d'Agri
2023-09-22 08:00:00,0.2985,IT.CAED/850592002.FACILITY,Centro Olio Val d'Agri
2023-09-22 09:00:00,0.52716,IT.CAED/850592002.FACILITY,Centro Olio Val d'Agri
2023-09-22 10:00:00,0.692,IT.CAED/850592002.FACILITY,Centro Olio Val d'Agri
2023-09-22 11:00:00,0.75909,IT.CAED/850592002.FACILITY,Centro Olio Val d'Agri
2023-09-22 12:00:00,0.8669,IT.CAED/850592002.FACILITY,Centro Olio Val d'Agri
2023-09-22 13:00:00,0.8544400000000001,IT.CAED/850592002.FACILITY,Centro Olio Val d'Agri
2023-09-22 14:00:00,0.78111,IT.CAED/850592002.FACILITY,Centro Olio Val d'Agri
2023-09-22 15:00:00,0.62363,IT.CAED/850592002.FACILITY,Centro Olio Val d'Agri
2023-09-22 16:00:00,0.43478,IT.CAED/850592002.FACILITY,Centro Olio Val d'Agri
2023-09-22 17:00:00,0.2003,IT.CAED/850592002.FACILITY,Centro Olio Val d'Agri
2023-09-22 18:00:00,0.01238,IT.CAED/850592002.FACILITY,Centro Olio Val d'Agri
2023-09-22 19:00:00,0.0,IT.CAED/850592002.FACILITY,Centro Olio Val d'Agri
2023-09-22 20:00:00,0.0,IT.CAED/850592002.FACILITY,Centro Olio Val d'Agri
2023-09-22 21:00:00,0.0,IT.CAED/850592002.FACILITY,Centro Olio Val d'Agri
2023-09-22 22:00:00,0.0,IT.CAED/850592002.FACILITY,Centro Olio Val d'Agri
2023-09-22 23:00:00,0.0,IT.CAED/850592002.FACILITY,Centro Olio Val d'Agri
2023-09-23 00:00:00,0.0,IT.CAED/850592002.FACILITY,Centro Olio Val d'Agri
2023-09-23 01:00:00,0.0,IT.CAED/850592002.FACILITY,Centro Olio Val d'Agri
2023-09-23 02:00:00,0.0,IT.CAED/850592002.FACILITY,Centro Olio Val d'Agri
2023-09-23 03:00:00,0.0,IT.CAED/850592002.FACILITY,Centro Olio Val d'Agri
2023-09-23 04:00:00,0.0,IT.CAED/850592002.FACILITY,Centro Olio Val d'Agri
2023-09-23 05:00:00,0.0,IT.CAED/850592002.FACILITY,Centro Olio Val d'Agri
2023-09-23 06:00:00,0.0,IT.CAED/850592002.FACILITY,Centro Olio Val d'Agri
2023-09-23 07:00:00,0.055670000000000004,IT.CAED/850592002.FACILITY,Centro Olio Val d'Agri
2023-09-23 08:00:00,0.26504,IT.CAED/850592002.FACILITY,Centro Olio Val d'Agri
2023-09-23 09:00:00,0.36302,IT.CAED/850592002.FACILITY,Centro Olio Val d'Agri
2023-09-23 10:00:00,0.5640700000000001,IT.CAED/850592002.FACILITY,Centro Olio Val d'Agri
2023-09-23 11:00:00,0.73903,IT.CAED/850592002.FACILITY,Centro Olio Val d'Agri
2023-09-23 12:00:00,0.8091799999999999,IT.CAED/850592002.FACILITY,Centro Olio Val d'Agri
2023-09-23 13:00:00,0.73782,IT.CAED/850592002.FACILITY,Centro Olio Val d'Agri
2023-09-23 14:00:00,0.54453,IT.CAED/850592002.FACILITY,Centro Olio Val d'Agri
2023-09-23 15:00:00,0.3803,IT.CAED/850592002.FACILITY,Centro Olio Val d'Agri
2023-09-23 16:00:00,0.25259,IT.CAED/850592002.FACILITY,Centro Olio Val d'Agri
2023-09-23 17:00:00,0.04115,IT.CAED/850592002.FACILITY,Centro Olio Val d'Agri
2023-09-23 18:00:00,0.00063,IT.CAED/850592002.FACILITY,Centro Olio Val d'Agri
2023-09-23 19:00:00,0.0,IT.CAED/850592002.FACILITY,Centro Olio Val d'Agri
2023-09-23 20:00:00,0.0,IT.CAED/850592002.FACILITY,Centro Olio Val d'Agri
2023-09-23 21:00:00,0.0,IT.CAED/850592002.FACILITY,Centro Olio Val d'Agri
2023-09-23 22:00:00,0.0,IT.CAED/850592002.FACILITY,Centro Olio Val d'Agri
2023-09-23 23:00:00,0.0,IT.CAED/850592002.FACILITY,Centro Olio Val d'Agri
2023-09-24 00:00:00,0.0,IT.CAED/850592002.FACILITY,Centro Olio Val d'Agri
2023-09-24 01:00:00,0.0,IT.CAED/850592002.FACILITY,Centro Olio Val d'Agri
2023-09-24 02:00:00,0.0,IT.CAED/850592002.FACILITY,Centro Olio Val d'Agri
2023-09-24 03:00:00,0.0,IT.CAED/850592002.FACILITY,Centro Olio Val d'Agri
2023-09-24 04:00:00,0.0,IT.CAED/850592002.FACILITY,Centro Olio Val d'Agri
2023-09-24 05:00:00,0.0,IT.CAED/850592002.FACILITY,Centro Olio Val d'Agri
2023-09-24 06:00:00,0.0,IT.CAED/850592002.FACILITY,Centro Olio Val d'Agri
2023-09-24 07:00:00,0.03443,IT.CAED/850592002.FACILITY,Centro Olio Val d'Agri
2023-09-24 08:00:00,0.26983999999999997,IT.CAED/850592002.FACILITY,Centro Olio Val d'Agri
2023-09-24 09:00:00,0.49201,IT.CAED/850592002.FACILITY,Centro Olio Val d'Agri
2023-09-24 10:00:00,0.6408200000000001,IT.CAED/850592002.FACILITY,Centro Olio Val d'Agri
2023-09-24 11:00:00,0.7357,IT.CAED/850592002.FACILITY,Centro Olio Val d'Agri
2023-09-24 12:00:00,0.61883,IT.CAED/850592002.FACILITY,Centro Olio Val d'Agri
2023-09-24 13:00:00,0.53253,IT.CAED/850592002.FACILITY,Centro Olio Val d'Agri
2023-09-24 14:00:00,0.35351,IT.CAED/850592002.FACILITY,Centro Olio Val d'Agri
2023-09-24 15:00:00,0.29422000000000004,IT.CAED/850592002.FACILITY,Centro Olio Val d'Agri
2023-09-24 16:00:00,0.09437999999999999,IT.CAED/850592002.FACILITY,Centro Olio Val d'Agri
2023-09-24 17:00:00,0.09770000000000001,IT.CAED/850592002.FACILITY,Centro Olio Val d'Agri
2023-09-24 18:00:00,0.00994,IT.CAED/850592002.FACILITY,Centro Olio Val d'Agri
2023-09-24 19:00:00,0.0,IT.CAED/850592002.FACILITY,Centro Olio Val d'Agri
2023-09-24 20:00:00,0.0,IT.CAED/850592002.FACILITY,Centro Olio Val d'Agri
2023-09-24 21:00:00,0.0,IT.CAED/850592002.FACILITY,Centro Olio Val d'Agri
2023-09-24 22:00:00,0.0,IT.CAED/850592002.FACILITY,Centro Olio Val d'Agri
2023-09-24 23:00:00,0.0,IT.CAED/850592002.FACILITY,Centro Olio Val d'Agri
2023-09-25 00:00:00,0.0,IT.CAED/850592002.FACILITY,Centro Olio Val d'Agri
2023-09-25 01:00:00,0.0,IT.CAED/850592002.FACILITY,Centro Olio Val d'Agri
2023-09-25 02:00:00,0.0,IT.CAED/850592002.FACILITY,Centro Olio Val d'Agri
2023-09-25 03:00:00,0.0,IT.CAED/850592002.FACILITY,Centro Olio Val d'Agri
2023-09-25 04:00:00,0.0,IT.CAED/850592002.FACILITY,Centro Olio Val d'Agri
2023-09-25 05:00:00,0.0,IT.CAED/850592002.FACILITY,Centro Olio Val d'Agri
2023-09-25 06:00:00,0.0,IT.CAED/850592002.FACILITY,Centro Olio Val d'Agri
2023-09-25 07:00:00,0.05496,IT.CAED/850592002.FACILITY,Centro Olio Val d'Agri
2023-09-25 08:00:00,0.18721000000000002,IT.CAED/850592002.FACILITY,Centro Olio Val d'Agri
2023-09-25 09:00:00,0.40595,IT.CAED/850592002.FACILITY,Centro Olio Val d'Agri
2023-09-25 10:00:00,0.48782,IT.CAED/850592002.FACILITY,Centro Olio Val d'Agri
2023-09-25 11:00:00,0.6772,IT.CAED/850592002.FACILITY,Centro Olio Val d'Agri
2023-09-25 12:00:00,0.72964,IT.CAED/850592002.FACILITY,Centro Olio Val d'Agri
2023-09-25 13:00:00,0.59035,IT.CAED/850592002.FACILITY,Centro Olio Val d'Agri
2023-09-25 14:00:00,0.55879,IT.CAED/850592002.FACILITY,Centro Olio Val d'Agri
2023-09-25 15:00:00,0.45393,IT.CAED/850592002.FACILITY,Centro Olio Val d'Agri
2023-09-25 16:00:00,0.28493999999999997,IT.CAED/850592002.FACILITY,Centro Olio Val d'Agri
2023-09-25 17:00:00,0.09734000000000001,IT.CAED/850592002.FACILITY,Centro Olio Val d'Agri
2023-09-25 18:00:00,0.00354,IT.CAED/850592002.FACILITY,Centro Olio Val d'Agri
2023-09-25 19:00:00,0.0,IT.CAED/850592002.FACILITY,Centro Olio Val d'Agri
2023-09-25 20:00:00,0.0,IT.CAED/850592002.FACILITY,Centro Olio Val d'Agri
2023-09-25 21:00:00,0.0,IT.CAED/850592002.FACILITY,Centro Olio Val d'Agri
2023-09-25 22:00:00,0.0,IT.CAED/850592002.FACILITY,Centro Olio Val d'Agri
2023-09-25 23:00:00,0.0,IT.CAED/850592002.FACILITY,Centro Olio Val d'Agri
2023-09-26 00:00:00,0.0,IT.CAED/850592002.FACILITY,Centro Olio Val d'Agri
2023-09-26 01:00:00,0.0,IT.CAED/850592002.FACILITY,Centro Olio Val d'Agri
2023-09-26 02:00:00,0.0,IT.CAED/850592002.FACILITY,Centro Olio Val d'Agri
2023-09-26 03:00:00,0.0,IT.CAED/850592002.FACILITY,Centro Olio Val d'Agri
2023-09-26 04:00:00,0.0,IT.CAED/850592002.FACILITY,Centro Olio Val d'Agri
2023-09-26 05:00:00,0.0,IT.CAED/850592002.FACILITY,Centro Olio Val d'Agri
2023-09-26 06:00:00,0.0,IT.CAED/850592002.FACILITY,Centro Olio Val d'Agri
2023-09-26 07:00:00,0.00887,IT.CAED/850592002.FACILITY,Centro Olio Val d'Agri
2023-09-26 08:00:00,0.03228,IT.CAED/850592002.FACILITY,Centro Olio Val d'Agri
2023-09-26 09:00:00,0.12093000000000001,IT.CAED/850592002.FACILITY,Centro Olio Val d'Agri
2023-09-26 10:00:00,0.35166000000000003,IT.CAED/850592002.FACILITY,Centro Olio Val d'Agri
2023-09-26 11:00:00,0.36457,IT.CAED/850592002.FACILITY,Centro Olio Val d'Agri
2023-09-26 12:00:00,0.69335,IT.CAED/850592002.FACILITY,Centro Olio Val d'Agri
2023-09-26 13:00:00,0.6867000000000001,IT.CAED/850592002.FACILITY,Centro Olio Val d'Agri
2023-09-26 14:00:00,0.5257999999999999,IT.CAED/850592002.FACILITY,Centro Olio Val d'Agri
2023-09-26 15:00:00,0.57386,IT.CAED/850592002.FACILITY,Centro Olio Val d'Agri
2023-09-26 16:00:00,0.28464,IT.CAED/850592002.FACILITY,Centro Olio Val d'Agri
2023-09-26 17:00:00,0.09237999999999999,IT.CAED/850592002.FACILITY,Centro Olio Val d'Agri
2023-09-26 18:00:00,0.00317,IT.CAED/850592002.FACILITY,Centro Olio Val d'Agri
2023-09-26 19:00:00,0.0,IT.CAED/850592002.FACILITY,Centro Olio Val d'Agri
2023-09-26 20:00:00,0.0,IT.CAED/850592002.FACILITY,Centro Olio Val d'Agri
2023-09-26 21:00:00,0.0,IT.CAED/850592002.FACILITY,Centro Olio Val d'Agri
2023-09-26 22:00:00,0.0,IT.CAED/850592002.FACILITY,Centro Olio Val d'Agri
2023-09-26 23:00:00,0.0,IT.CAED/850592002.FACILITY,Centro Olio Val d'Agri
2023-09-27 00:00:00,0.0,IT.CAED/850592002.FACILITY,Centro Olio Val d'Agri
2023-09-27 01:00:00,0.0,IT.CAED/850592002.FACILITY,Centro Olio Val d'Agri
2023-09-27 02:00:00,0.0,IT.CAED/850592002.FACILITY,Centro Olio Val d'Agri
2023-09-27 03:00:00,0.0,IT.CAED/850592002.FACILITY,Centro Olio Val d'Agri
2023-09-27 04:00:00,0.0,IT.CAED/850592002.FACILITY,Centro Olio Val d'Agri
2023-09-27 05:00:00,0.0,IT.CAED/850592002.FACILITY,Centro Olio Val d'Agri
2023-09-27 06:00:00,0.0,IT.CAED/850592002.FACILITY,Centro Olio Val d'Agri
2023-09-27 07:00:00,0.06193,IT.CAED/850592002.FACILITY,Centro Olio Val d'Agri
2023-09-27 08:00:00,0.30341,IT.CAED/850592002.FACILITY,Centro Olio Val d'Agri
2023-09-27 09:00:00,0.5360499999999999,IT.CAED/850592002.FACILITY,Centro Olio Val d'Agri
2023-09-27 10:00:00,0.71178,IT.CAED/850592002.FACILITY,Centro Olio Val d'Agri
2023-09-27 11:00:00,0.8256699999999999,IT.CAED/850592002.FACILITY,Centro Olio Val d'Agri
2023-09-27 12:00:00,0.87905,IT.CAED/850592002.FACILITY,Centro Olio Val d'Agri
2023-09-27 13:00:00,0.8615700000000001,IT.CAED/850592002.FACILITY,Centro Olio Val d'Agri
2023-09-27 14:00:00,0.77801,IT.CAED/850592002.FACILITY,Centro Olio Val d'Agri
2023-09-27 15:00:00,0.55936,IT.CAED/850592002.FACILITY,Centro Olio Val d'Agri
2023-09-27 16:00:00,0.29336,IT.CAED/850592002.FACILITY,Centro Olio Val d'Agri
2023-09-27 17:00:00,0.14043,IT.CAED/850592002.FACILITY,Centro Olio Val d'Agri
2023-09-27 18:00:00,0.00209,IT.CAED/850592002.FACILITY,Centro Olio Val d'Agri
2023-09-27 19:00:00,0.0,IT.CAED/850592002.FACILITY,Centro Olio Val d'Agri
2023-09-27 20:00:00,0.0,IT.CAED/850592002.FACILITY,Centro Olio Val d'Agri
2023-09-27 21:00:00,0.0,IT.CAED/850592002.FACILITY,Centro Olio Val d'Agri
2023-09-27 22:00:00,0.0,IT.CAED/850592002.FACILITY,Centro Olio Val d'Agri
2023-09-27 23:00:00,0.0,IT.CAED/850592002.FACILITY,Centro Olio Val d'Agri
2023-09-28 00:00:00,0.0,IT.CAED/850592002.FACILITY,Centro Olio Val d'Agri
2023-09-28 01:00:00,0.0,IT.CAED/850592002.FACILITY,Centro Olio Val d'Agri
2023-09-28 02:00:00,0.0,IT.CAED/850592002.FACILITY,Centro Olio Val d'Agri
2023-09-28 03:00:00,0.0,IT.CAED/850592002.FACILITY,Centro Olio Val d'Agri
2023-09-28 04:00:00,0.0,IT.CAED/850592002.FACILITY,Centro Olio Val d'Agri
2023-09-28 05:00:00,0.0,IT.CAED/850592002.FACILITY,Centro Olio Val d'Agri
2023-09-28 06:00:00,0.0,IT.CAED/850592002.FACILITY,Centro Olio Val d'Agri
2023-09-28 07:00:00,0.06612,IT.CAED/850592002.FACILITY,Centro Olio Val d'Agri
2023-09-28 08:00:00,0.30642,IT.CAED/850592002.FACILITY,Centro Olio Val d'Agri
2023-09-28 09:00:00,0.5373300000000001,IT.CAED/850592002.FACILITY,Centro Olio Val d'Agri
2023-09-28 10:00:00,0.70812,IT.CAED/850592002.FACILITY,Centro Olio Val d'Agri
2023-09-28 11:00:00,0.8077000000000001,IT.CAED/850592002.FACILITY,Centro Olio Val d'Agri
2023-09-28 12:00:00,0.84477,IT.CAED/850592002.FACILITY,Centro Olio Val d'Agri
2023-09-28 13:00:00,0.81772,IT.CAED/850592002.FACILITY,Centro Olio Val d'Agri
2023-09-28 14:00:00,0.5334099999999999,IT.CAED/850592002.FACILITY,Centro Olio Val d'Agri
2023-09-28 15:00:00,0.5375700000000001,IT.CAED/850592002.FACILITY,Centro Olio Val d'Agri
2023-09-28 16:00:00,0.27906,IT.CAED/850592002.FACILITY,Centro Olio Val d'Agri
2023-09-28 17:00:00,0.14603,IT.CAED/850592002.FACILITY,Centro Olio Val d'Agri
2023-09-28 18:00:00,0.00062,IT.CAED/850592002.FACILITY,Centro Olio Val d'Agri
2023-09-28 19:00:00,0.0,IT.CAED/850592002.FACILITY,Centro Olio Val d'Agri
2023-09-28 20:00:00,0.0,IT.CAED/850592002.FACILITY,Centro Olio Val d'Agri
2023-09-28 21:00:00,0.0,IT.CAED/850592002.FACILITY,Centro Olio Val d'Agri
2023-09-28 22:00:00,0.0,IT.CAED/850592002.FACILITY,Centro Olio Val d'Agri
2023-09-28 23:00:00,0.0,IT.CAED/850592002.FACILITY,Centro Olio Val d'Agri
2023-09-29 00:00:00,0.0,IT.CAED/850592002.FACILITY,Centro Olio Val d'Agri
2023-09-29 01:00:00,0.0,IT.CAED/850592002.FACILITY,Centro Olio Val d'Agri
2023-09-29 02:00:00,0.0,IT.CAED/850592002.FACILITY,Centro Olio Val d'Agri
2023-09-29 03:00:00,0.0,IT.CAED/850592002.FACILITY,Centro Olio Val d'Agri
2023-09-29 04:00:00,0.0,IT.CAED/850592002.FACILITY,Centro Olio Val d'Agri
2023-09-29 05:00:00,0.0,IT.CAED/850592002.FACILITY,Centro Olio Val d'Agri
2023-09-29 06:00:00,0.0,IT.CAED/850592002.FACILITY,Centro Olio Val d'Agri
2023-09-29 07:00:00,0.04589,IT.CAED/850592002.FACILITY,Centro Olio Val d'Agri
2023-09-29 08:00:00,0.17931,IT.CAED/850592002.FACILITY,Centro Olio Val d'Agri
2023-09-29 09:00:00,0.41618,IT.CAED/850592002.FACILITY,Centro Olio Val d'Agri
2023-09-29 10:00:00,0.5177,IT.CAED/850592002.FACILITY,Centro Olio Val d'Agri
2023-09-29 11:00:00,0.61712,IT.CAED/850592002.FACILITY,Centro Olio Val d'Agri
2023-09-29 12:00:00,0.68141,IT.CAED/850592002.FACILITY,Centro Olio Val d'Agri
2023-09-29 13:00:00,0.58836,IT.CAED/850592002.FACILITY,Centro Olio Val d'Agri
2023-09-29 14:00:00,0.43405,IT.CAED/850592002.FACILITY,Centro Olio Val d'Agri
2023-09-29 15:00:00,0.18493,IT.CAED/850592002.FACILITY,Centro Olio Val d'Agri
2023-09-29 16:00:00,0.1512,IT.CAED/850592002.FACILITY,Centro Olio Val d'Agri
2023-09-29 17:00:00,0.08139,IT.CAED/850592002.FACILITY,Centro Olio Val d'Agri
2023-09-29 18:00:00,0.0010500000000000002,IT.CAED/850592002.FACILITY,Centro Olio Val d'Agri
2023-09-29 19:00:00,0.0,IT.CAED/850592002.FACILITY,Centro Olio Val d'Agri
2023-09-29 20:00:00,0.0,IT.CAED/850592002.FACILITY,Centro Olio Val d'Agri
2023-09-29 21:00:00,0.0,IT.CAED/850592002.FACILITY,Centro Olio Val d'Agri
2023-09-29 22:00:00,0.0,IT.CAED/850592002.FACILITY,Centro Olio Val d'Agri
2023-09-29 23:00:00,0.0,IT.CAED/850592002.FACILITY,Centro Olio Val d'Agri
2023-09-30 00:00:00,0.0,IT.CAED/850592002.FACILITY,Centro Olio Val d'Agri
2023-09-30 01:00:00,0.0,IT.CAED/850592002.FACILITY,Centro Olio Val d'Agri
2023-09-30 02:00:00,0.0,IT.CAED/850592002.FACILITY,Centro Olio Val d'Agri
2023-09-30 03:00:00,0.0,IT.CAED/850592002.FACILITY,Centro Olio Val d'Agri
2023-09-30 04:00:00,0.0,IT.CAED/850592002.FACILITY,Centro Olio Val d'Agri
2023-09-30 05:00:00,0.0,IT.CAED/850592002.FACILITY,Centro Olio Val d'Agri
2023-09-30 06:00:00,0.0,IT.CAED/850592002.FACILITY,Centro Olio Val d'Agri
2023-09-30 07:00:00,0.06595999999999999,IT.CAED/850592002.FACILITY,Centro Olio Val d'Agri
2023-09-30 08:00:00,0.30889,IT.CAED/850592002.FACILITY,Centro Olio Val d'Agri
2023-09-30 09:00:00,0.54223,IT.CAED/850592002.FACILITY,Centro Olio Val d'Agri
2023-09-30 10:00:00,0.71617,IT.CAED/850592002.FACILITY,Centro Olio Val d'Agri
2023-09-30 11:00:00,0.8112699999999999,IT.CAED/850592002.FACILITY,Centro Olio Val d'Agri
2023-09-30 12:00:00,0.8590399999999999,IT.CAED/850592002.FACILITY,Centro Olio Val d'Agri
2023-09-30 13:00:00,0.82039,IT.CAED/850592002.FACILITY,Centro Olio Val d'Agri
2023-09-30 14:00:00,0.7172000000000001,IT.CAED/850592002.FACILITY,Centro Olio Val d'Agri
2023-09-30 15:00:00,0.47994,IT.CAED/850592002.FACILITY,Centro Olio Val d'Agri
2023-09-30 16:00:00,0.20478,IT.CAED/850592002.FACILITY,Centro Olio Val d'Agri
2023-09-30 17:00:00,0.11712,IT.CAED/850592002.FACILITY,Centro Olio Val d'Agri
2023-09-30 18:00:00,0.00102,IT.CAED/850592002.FACILITY,Centro Olio Val d'Agri
2023-09-30 19:00:00,0.0,IT.CAED/850592002.FACILITY,Centro Olio Val d'Agri
2023-09-30 20:00:00,0.0,IT.CAED/850592002.FACILITY,Centro Olio Val d'Agri
2023-09-30 21:00:00,0.0,IT.CAED/850592002.FACILITY,Centro Olio Val d'Agri
2023-09-30 22:00:00,0.0,IT.CAED/850592002.FACILITY,Centro Olio Val d'Agri
2023-09-30 23:00:00,0.0,IT.CAED/850592002.FACILITY,Centro Olio Val d'Agri
2023-10-01 00:00:00,0.0,IT.CAED/850592002.FACILITY,Centro Olio Val d'Agri
2023-10-01 01:00:00,0.0,IT.CAED/850592002.FACILITY,Centro Olio Val d'Agri
2023-10-01 02:00:00,0.0,IT.CAED/850592002.FACILITY,Centro Olio Val d'Agri
2023-10-01 03:00:00,0.0,IT.CAED/850592002.FACILITY,Centro Olio Val d'Agri
2023-10-01 04:00:00,0.0,IT.CAED/850592002.FACILITY,Centro Olio Val d'Agri
2023-10-01 05:00:00,0.0,IT.CAED/850592002.FACILITY,Centro Olio Val d'Agri
2023-10-01 06:00:00,0.0,IT.CAED/850592002.FACILITY,Centro Olio Val d'Agri
2023-10-01 07:00:00,0.06638,IT.CAED/850592002.FACILITY,Centro Olio Val d'Agri
2023-10-01 08:00:00,0.29486,IT.CAED/850592002.FACILITY,Centro Olio Val d'Agri
2023-10-01 09:00:00,0.5388999999999999,IT.CAED/850592002.FACILITY,Centro Olio Val d'Agri
2023-10-01 10:00:00,0.71936,IT.CAED/850592002.FACILITY,Centro Olio Val d'Agri
2023-10-01 11:00:00,0.8329099999999999,IT.CAED/850592002.FACILITY,Centro Olio Val d'Agri
2023-10-01 12:00:00,0.87288,IT.CAED/850592002.FACILITY,Centro Olio Val d'Agri
2023-10-01 13:00:00,0.81022,IT.CAED/850592002.FACILITY,Centro Olio Val d'Agri
2023-10-01 14:00:00,0.6684500000000001,IT.CAED/850592002.FACILITY,Centro Olio Val d'Agri
2023-10-01 15:00:00,0.39497000000000004,IT.CAED/850592002.FACILITY,Centro Olio Val d'Agri
2023-10-01 16:00:00,0.24165999999999999,IT.CAED/850592002.FACILITY,Centro Olio Val d'Agri
2023-10-01 17:00:00,0.16319999999999998,IT.CAED/850592002.FACILITY,Centro Olio Val d'Agri
2023-10-01 18:00:00,0.0013,IT.CAED/850592002.FACILITY,Centro Olio Val d'Agri
2023-10-01 19:00:00,0.0,IT.CAED/850592002.FACILITY,Centro Olio Val d'Agri
2023-10-01 20:00:00,0.0,IT.CAED/850592002.FACILITY,Centro Olio Val d'Agri
2023-10-01 21:00:00,0.0,IT.CAED/850592002.FACILITY,Centro Olio Val d'Agri
2023-10-01 22:00:00,0.0,IT.CAED/850592002.FACILITY,Centro Olio Val d'Agri
2023-10-01 23:00:00,0.0,IT.CAED/850592002.FACILITY,Centro Olio Val d'Agri
2023-10-02 00:00:00,0.0,IT.CAED/850592002.FACILITY,Centro Olio Val d'Agri
2023-10-02 01:00:00,0.0,IT.CAED/850592002.FACILITY,Centro Olio Val d'Agri
2023-10-02 02:00:00,0.0,IT.CAED/850592002.FACILITY,Centro Olio Val d'Agri
2023-10-02 03:00:00,0.0,IT.CAED/850592002.FACILITY,Centro Olio Val d'Agri
2023-10-02 04:00:00,0.0,IT.CAED/850592002.FACILITY,Centro Olio Val d'Agri
2023-10-02 05:00:00,0.0,IT.CAED/850592002.FACILITY,Centro Olio Val d'Agri
2023-10-02 06:00:00,0.0,IT.CAED/850592002.FACILITY,Centro Olio Val d'Agri
2023-10-02 07:00:00,0.06645000000000001,IT.CAED/850592002.FACILITY,Centro Olio Val d'Agri
2023-10-02 08:00:00,0.31083999999999995,IT.CAED/850592002.FACILITY,Centro Olio Val d'Agri
2023-10-02 09:00:00,0.55057,IT.CAED/850592002.FACILITY,Centro Olio Val d'Agri
2023-10-02 10:00:00,0.73478,IT.CAED/850592002.FACILITY,Centro Olio Val d'Agri
2023-10-02 11:00:00,0.84574,IT.CAED/850592002.FACILITY,Centro Olio Val d'Agri
2023-10-02 12:00:00,0.89598,IT.CAED/850592002.FACILITY,Centro Olio Val d'Agri
2023-10-02 13:00:00,0.87526,IT.CAED/850592002.FACILITY,Centro Olio Val d'Agri
2023-10-02 14:00:00,0.7894500000000001,IT.CAED/850592002.FACILITY,Centro Olio Val d'Agri
2023-10-02 15:00:00,0.63818,IT.CAED/850592002.FACILITY,Centro Olio Val d'Agri
2023-10-02 16:00:00,0.42496,IT.CAED/850592002.FACILITY,Centro Olio Val d'Agri
2023-10-02 17:00:00,0.17199,IT.CAED/850592002.FACILITY,Centro Olio Val d'Agri
2023-10-02 18:00:00,0.0009,IT.CAED/850592002.FACILITY,Centro Olio Val d'Agri
2023-10-02 19:00:00,0.0,IT.CAED/850592002.FACILITY,Centro Olio Val d'Agri
2023-10-02 20:00:00,0.0,IT.CAED/850592002.FACILITY,Centro Olio Val d'Agri
2023-10-02 21:00:00,0.0,IT.CAED/850592002.FACILITY,Centro Olio Val d'Agri
2023-10-02 22:00:00,0.0,IT.CAED/850592002.FACILITY,Centro Olio Val d'Agri
2023-10-02 23:00:00,0.0,IT.CAED/850592002.FACILITY,Centro Olio Val d'Agri
2023-10-03 00:00:00,0.0,IT.CAED/850592002.FACILITY,Centro Olio Val d'Agri
2023-10-03 01:00:00,0.0,IT.CAED/850592002.FACILITY,Centro Olio Val d'Agri
2023-10-03 02:00:00,0.0,IT.CAED/850592002.FACILITY,Centro Olio Val d'Agri
2023-10-03 03:00:00,0.0,IT.CAED/850592002.FACILITY,Centro Olio Val d'Agri
2023-10-03 04:00:00,0.0,IT.CAED/850592002.FACILITY,Centro Olio Val d'Agri
2023-10-03 05:00:00,0.0,IT.CAED/850592002.FACILITY,Centro Olio Val d'Agri
2023-10-03 06:00:00,0.0,IT.CAED/850592002.FACILITY,Centro Olio Val d'Agri
2023-10-03 07:00:00,0.06577,IT.CAED/850592002.FACILITY,Centro Olio Val d'Agri
2023-10-03 08:00:00,0.31113999999999997,IT.CAED/850592002.FACILITY,Centro Olio Val d'Agri
2023-10-03 09:00:00,0.5442400000000001,IT.CAED/850592002.FACILITY,Centro Olio Val d'Agri
2023-10-03 10:00:00,0.7133200000000001,IT.CAED/850592002.FACILITY,Centro Olio Val d'Agri
2023-10-03 11:00:00,0.82159,IT.CAED/850592002.FACILITY,Centro Olio Val d'Agri
2023-10-03 12:00:00,0.8683200000000001,IT.CAED/850592002.FACILITY,Centro Olio Val d'Agri
2023-10-03 13:00:00,0.85017,IT.CAED/850592002.FACILITY,Centro Olio Val d'Agri
2023-10-03 14:00:00,0.76515,IT.CAED/850592002.FACILITY,Centro Olio Val d'Agri
2023-10-03 15:00:00,0.62109,IT.CAED/850592002.FACILITY,Centro Olio Val d'Agri
2023-10-03 16:00:00,0.4148,IT.CAED/850592002.FACILITY,Centro Olio Val d'Agri
2023-10-03 17:00:00,0.16662000000000002,IT.CAED/850592002.FACILITY,Centro Olio Val d'Agri
2023-10-03 18:00:00,0.00053,IT.CAED/850592002.FACILITY,Centro Olio Val d'Agri
2023-10-03 19:00:00,0.0,IT.CAED/850592002.FACILITY,Centro Olio Val d'Agri
2023-10-03 20:00:00,0.0,IT.CAED/850592002.FACILITY,Centro Olio Val d'Agri
2023-10-03 21:00:00,0.0,IT.CAED/850592002.FACILITY,Centro Olio Val d'Agri
2023-10-03 22:00:00,0.0,IT.CAED/850592002.FACILITY,Centro Olio Val d'Agri
2023-10-03 23:00:00,0.0,IT.CAED/850592002.FACILITY,Centro Olio Val d'Agri
2023-10-04 00:00:00,0.0,IT.CAED/850592002.FACILITY,Centro Olio Val d'Agri
2023-10-04 01:00:00,0.0,IT.CAED/850592002.FACILITY,Centro Olio Val d'Agri
2023-10-04 02:00:00,0.0,IT.CAED/850592002.FACILITY,Centro Olio Val d'Agri
2023-10-04 03:00:00,0.0,IT.CAED/850592002.FACILITY,Centro Olio Val d'Agri
2023-10-04 04:00:00,0.0,IT.CAED/850592002.FACILITY,Centro Olio Val d'Agri
2023-10-04 05:00:00,0.0,IT.CAED/850592002.FACILITY,Centro Olio Val d'Agri
2023-10-04 06:00:00,0.0,IT.CAED/850592002.FACILITY,Centro Olio Val d'Agri
2023-10-04 07:00:00,0.06353,IT.CAED/850592002.FACILITY,Centro Olio Val d'Agri
2023-10-04 08:00:00,0.29064999999999996,IT.CAED/850592002.FACILITY,Centro Olio Val d'Agri
2023-10-04 09:00:00,0.53291,IT.CAED/850592002.FACILITY,Centro Olio Val d'Agri
2023-10-04 10:00:00,0.69585,IT.CAED/850592002.FACILITY,Centro Olio Val d'Agri
2023-10-04 11:00:00,0.7796900000000001,IT.CAED/850592002.FACILITY,Centro Olio Val d'Agri
2023-10-04 12:00:00,0.83217,IT.CAED/850592002.FACILITY,Centro Olio Val d'Agri
2023-10-04 13:00:00,0.82123,IT.CAED/850592002.FACILITY,Centro Olio Val d'Agri
2023-10-04 14:00:00,0.74321,IT.CAED/850592002.FACILITY,Centro Olio Val d'Agri
2023-10-04 15:00:00,0.6001299999999999,IT.CAED/850592002.FACILITY,Centro Olio Val d'Agri
2023-10-04 16:00:00,0.40148,IT.CAED/850592002.FACILITY,Centro Olio Val d'Agri
2023-10-04 17:00:00,0.15472999999999998,IT.CAED/850592002.FACILITY,Centro Olio Val d'Agri
2023-10-04 18:00:00,0.0,IT.CAED/850592002.FACILITY,Centro Olio Val d'Agri
2023-10-04 19:00:00,0.0,IT.CAED/850592002.FACILITY,Centro Olio Val d'Agri
2023-10-04 20:00:00,0.0,IT.CAED/850592002.FACILITY,Centro Olio Val d'Agri
2023-10-04 21:00:00,0.0,IT.CAED/850592002.FACILITY,Centro Olio Val d'Agri
2023-10-04 22:00:00,0.0,IT.CAED/850592002.FACILITY,Centro Olio Val d'Agri
2023-10-04 23:00:00,0.0,IT.CAED/850592002.FACILITY,Centro Olio Val d'Agri
2023-10-05 00:00:00,0.0,IT.CAED/850592002.FACILITY,Centro Olio Val d'Agri
2023-10-05 01:00:00,0.0,IT.CAED/850592002.FACILITY,Centro Olio Val d'Agri
2023-10-05 02:00:00,0.0,IT.CAED/850592002.FACILITY,Centro Olio Val d'Agri
2023-10-05 03:00:00,0.0,IT.CAED/850592002.FACILITY,Centro Olio Val d'Agri
2023-10-05 04:00:00,0.0,IT.CAED/850592002.FACILITY,Centro Olio Val d'Agri
2023-10-05 05:00:00,0.0,IT.CAED/850592002.FACILITY,Centro Olio Val d'Agri
2023-10-05 06:00:00,0.0,IT.CAED/850592002.FACILITY,Centro Olio Val d'Agri
2023-10-05 07:00:00,0.048299999999999996,IT.CAED/850592002.FACILITY,Centro Olio Val d'Agri
2023-10-05 08:00:00,0.22507,IT.CAED/850592002.FACILITY,Centro Olio Val d'Agri
2023-10-05 09:00:00,0.45430000000000004,IT.CAED/850592002.FACILITY,Centro Olio Val d'Agri
2023-10-05 10:00:00,0.65039,IT.CAED/850592002.FACILITY,Centro Olio Val d'Agri
2023-10-05 11:00:00,0.75662,IT.CAED/850592002.FACILITY,Centro Olio Val d'Agri
2023-10-05 12:00:00,0.8321799999999999,IT.CAED/850592002.FACILITY,Centro Olio Val d'Agri
2023-10-05 13:00:00,0.72663,IT.CAED/850592002.FACILITY,Centro Olio Val d'Agri
2023-10-05 14:00:00,0.63381,IT.CAED/850592002.FACILITY,Centro Olio Val d'Agri
2023-10-05 15:00:00,0.44815,IT.CAED/850592002.FACILITY,Centro Olio Val d'Agri
2023-10-05 16:00:00,0.24894999999999998,IT.CAED/850592002.FACILITY,Centro Olio Val d'Agri
2023-10-05 17:00:00,0.11461,IT.CAED/850592002.FACILITY,Centro Olio Val d'Agri
2023-10-05 18:00:00,0.0,IT.CAED/850592002.FACILITY,Centro Olio Val d'Agri
2023-10-05 19:00:00,0.0,IT.CAED/850592002.FACILITY,Centro Olio Val d'Agri
2023-10-05 20:00:00,0.0,IT.CAED/850592002.FACILITY,Centro Olio Val d'Agri
2023-10-05 21:00:00,0.0,IT.CAED/850592002.FACILITY,Centro Olio Val d'Agri
2023-10-05 22:00:00,0.0,IT.CAED/850592002.FACILITY,Centro Olio Val d'Agri
2023-10-05 23:00:00,0.0,IT.CAED/850592002.FACILITY,Centro Olio Val d'Agri
2023-10-06 00:00:00,0.0,IT.CAED/850592002.FACILITY,Centro Olio Val d'Agri
2023-10-06 01:00:00,0.0,IT.CAED/850592002.FACILITY,Centro Olio Val d'Agri
2023-10-06 02:00:00,0.0,IT.CAED/850592002.FACILITY,Centro Olio Val d'Agri
2023-10-06 03:00:00,0.0,IT.CAED/850592002.FACILITY,Centro Olio Val d'Agri
2023-10-06 04:00:00,0.0,IT.CAED/850592002.FACILITY,Centro Olio Val d'Agri
2023-10-06 05:00:00,0.0,IT.CAED/850592002.FACILITY,Centro Olio Val d'Agri
2023-10-06 06:00:00,0.0,IT.CAED/850592002.FACILITY,Centro Olio Val d'Agri
2023-10-06 07:00:00,0.019969999999999998,IT.CAED/850592002.FACILITY,Centro Olio Val d'Agri
2023-10-06 08:00:00,0.24813,IT.CAED/850592002.FACILITY,Centro Olio Val d'Agri
2023-10-06 09:00:00,0.4681,IT.CAED/850592002.FACILITY,Centro Olio Val d'Agri
2023-10-06 10:00:00,0.62785,IT.CAED/850592002.FACILITY,Centro Olio Val d'Agri
2023-10-06 11:00:00,0.57102,IT.CAED/850592002.FACILITY,Centro Olio Val d'Agri
2023-10-06 12:00:00,0.6552100000000001,IT.CAED/850592002.FACILITY,Centro Olio Val d'Agri
2023-10-06 13:00:00,0.62607,IT.CAED/850592002.FACILITY,Centro Olio Val d'Agri
2023-10-06 14:00:00,0.5769,IT.CAED/850592002.FACILITY,Centro Olio Val d'Agri
2023-10-06 15:00:00,0.35844,IT.CAED/850592002.FACILITY,Centro Olio Val d'Agri
2023-10-06 16:00:00,0.21141,IT.CAED/850592002.FACILITY,Centro Olio Val d'Agri
2023-10-06 17:00:00,0.05947,IT.CAED/850592002.FACILITY,Centro Olio Val d'Agri
2023-10-06 18:00:00,0.0,IT.CAED/850592002.FACILITY,Centro Olio Val d'Agri
2023-10-06 19:00:00,0.0,IT.CAED/850592002.FACILITY,Centro Olio Val d'Agri
2023-10-06 20:00:00,0.0,IT.CAED/850592002.FACILITY,Centro Olio Val d'Agri
2023-10-06 21:00:00,0.0,IT.CAED/850592002.FACILITY,Centro Olio Val d'Agri
2023-10-06 22:00:00,0.0,IT.CAED/850592002.FACILITY,Centro Olio Val d'Agri
2023-10-06 23:00:00,0.0,IT.CAED/850592002.FACILITY,Centro Olio Val d'Agri
2023-10-07 00:00:00,0.0,IT.CAED/850592002.FACILITY,Centro Olio Val d'Agri
2023-10-07 01:00:00,0.0,IT.CAED/850592002.FACILITY,Centro Olio Val d'Agri
2023-10-07 02:00:00,0.0,IT.CAED/850592002.FACILITY,Centro Olio Val d'Agri
2023-10-07 03:00:00,0.0,IT.CAED/850592002.FACILITY,Centro Olio Val d'Agri
2023-10-07 04:00:00,0.0,IT.CAED/850592002.FACILITY,Centro Olio Val d'Agri
2023-10-07 05:00:00,0.0,IT.CAED/850592002.FACILITY,Centro Olio Val d'Agri
2023-10-07 06:00:00,0.0,IT.CAED/850592002.FACILITY,Centro Olio Val d'Agri
2023-10-07 07:00:00,0.053630000000000004,IT.CAED/850592002.FACILITY,Centro Olio Val d'Agri
2023-10-07 08:00:00,0.2233,IT.CAED/850592002.FACILITY,Centro Olio Val d'Agri
2023-10-07 09:00:00,0.47004,IT.CAED/850592002.FACILITY,Centro Olio Val d'Agri
2023-10-07 10:00:00,0.70802,IT.CAED/850592002.FACILITY,Centro Olio Val d'Agri
2023-10-07 11:00:00,0.80891,IT.CAED/850592002.FACILITY,Centro Olio Val d'Agri
2023-10-07 12:00:00,0.85234,IT.CAED/850592002.FACILITY,Centro Olio Val d'Agri
2023-10-07 13:00:00,0.8046,IT.CAED/850592002.FACILITY,Centro Olio Val d'Agri
2023-10-07 14:00:00,0.59776,IT.CAED/850592002.FACILITY,Centro Olio Val d'Agri
2023-10-07 15:00:00,0.33962,IT.CAED/850592002.FACILITY,Centro Olio Val d'Agri
2023-10-07 16:00:00,0.17586000000000002,IT.CAED/850592002.FACILITY,Centro Olio Val d'Agri
2023-10-07 17:00:00,0.045270000000000005,IT.CAED/850592002.FACILITY,Centro Olio Val d'Agri
2023-10-07 18:00:00,0.0,IT.CAED/850592002.FACILITY,Centro Olio Val d'Agri
2023-10-07 19:00:00,0.0,IT.CAED/850592002.FACILITY,Centro Olio Val d'Agri
2023-10-07 20:00:00,0.0,IT.CAED/850592002.FACILITY,Centro Olio Val d'Agri
2023-10-07 21:00:00,0.0,IT.CAED/850592002.FACILITY,Centro Olio Val d'Agri
2023-10-07 22:00:00,0.0,IT.CAED/850592002.FACILITY,Centro Olio Val d'Agri
2023-10-07 23:00:00,0.0,IT.CAED/850592002.FACILITY,Centro Olio Val d'Agri
2023-10-08 00:00:00,0.0,IT.CAED/850592002.FACILITY,Centro Olio Val d'Agri
2023-10-08 01:00:00,0.0,IT.CAED/850592002.FACILITY,Centro Olio Val d'Agri
2023-10-08 02:00:00,0.0,IT.CAED/850592002.FACILITY,Centro Olio Val d'Agri
2023-10-08 03:00:00,0.0,IT.CAED/850592002.FACILITY,Centro Olio Val d'Agri
2023-10-08 04:00:00,0.0,IT.CAED/850592002.FACILITY,Centro Olio Val d'Agri
2023-10-08 05:00:00,0.0,IT.CAED/850592002.FACILITY,Centro Olio Val d'Agri
2023-10-08 06:00:00,0.0,IT.CAED/850592002.FACILITY,Centro Olio Val d'Agri
2023-10-08 07:00:00,0.05518,IT.CAED/850592002.FACILITY,Centro Olio Val d'Agri
2023-10-08 08:00:00,0.3023,IT.CAED/850592002.FACILITY,Centro Olio Val d'Agri
2023-10-08 09:00:00,0.53332,IT.CAED/850592002.FACILITY,Centro Olio Val d'Agri
2023-10-08 10:00:00,0.71976,IT.CAED/850592002.FACILITY,Centro Olio Val d'Agri
2023-10-08 11:00:00,0.83253,IT.CAED/850592002.FACILITY,Centro Olio Val d'Agri
2023-10-08 12:00:00,0.87936,IT.CAED/850592002.FACILITY,Centro Olio Val d'Agri
2023-10-08 13:00:00,0.8493999999999999,IT.CAED/850592002.FACILITY,Centro Olio Val d'Agri
2023-10-08 14:00:00,0.7624299999999999,IT.CAED/850592002.FACILITY,Centro Olio Val d'Agri
2023-10-08 15:00:00,0.61352,IT.CAED/850592002.FACILITY,Centro Olio Val d'Agri
2023-10-08 16:00:00,0.40177999999999997,IT.CAED/850592002.FACILITY,Centro Olio Val d'Agri
2023-10-08 17:00:00,0.149,IT.CAED/850592002.FACILITY,Centro Olio Val d'Agri
2023-10-08 18:00:00,0.0,IT.CAED/850592002.FACILITY,Centro Olio Val d'Agri
2023-10-08 19:00:00,0.0,IT.CAED/850592002.FACILITY,Centro Olio Val d'Agri
2023-10-08 20:00:00,0.0,IT.CAED/850592002.FACILITY,Centro Olio Val d'Agri
2023-10-08 21:00:00,0.0,IT.CAED/850592002.FACILITY,Centro Olio Val d'Agri
2023-10-08 22:00:00,0.0,IT.CAED/850592002.FACILITY,Centro Olio Val d'Agri
2023-10-08 23:00:00,0.0,IT.CAED/850592002.FACILITY,Centro Olio Val d'Agri
2023-10-09 00:00:00,0.0,IT.CAED/850592002.FACILITY,Centro Olio Val d'Agri
2023-10-09 01:00:00,0.0,IT.CAED/850592002.FACILITY,Centro Olio Val d'Agri
2023-10-09 02:00:00,0.0,IT.CAED/850592002.FACILITY,Centro Olio Val d'Agri
2023-10-09 03:00:00,0.0,IT.CAED/850592002.FACILITY,Centro Olio Val d'Agri
2023-10-09 04:00:00,0.0,IT.CAED/850592002.FACILITY,Centro Olio Val d'Agri
2023-10-09 05:00:00,0.0,IT.CAED/850592002.FACILITY,Centro Olio Val d'Agri
2023-10-09 06:00:00,0.0,IT.CAED/850592002.FACILITY,Centro Olio Val d'Agri
2023-10-09 07:00:00,0.04979,IT.CAED/850592002.FACILITY,Centro Olio Val d'Agri
2023-10-09 08:00:00,0.2889,IT.CAED/850592002.FACILITY,Centro Olio Val d'Agri
2023-10-09 09:00:00,0.50598,IT.CAED/850592002.FACILITY,Centro Olio Val d'Agri
2023-10-09 10:00:00,0.67675,IT.CAED/850592002.FACILITY,Centro Olio Val d'Agri
2023-10-09 11:00:00,0.80545,IT.CAED/850592002.FACILITY,Centro Olio Val d'Agri
2023-10-09 12:00:00,0.85076,IT.CAED/850592002.FACILITY,Centro Olio Val d'Agri
2023-10-09 13:00:00,0.79473,IT.CAED/850592002.FACILITY,Centro Olio Val d'Agri
2023-10-09 14:00:00,0.7306699999999999,IT.CAED/850592002.FACILITY,Centro Olio Val d'Agri
2023-10-09 15:00:00,0.5794900000000001,IT.CAED/850592002.FACILITY,Centro Olio Val d'Agri
2023-10-09 16:00:00,0.37648000000000004,IT.CAED/850592002.FACILITY,Centro Olio Val d'Agri
2023-10-09 17:00:00,0.14091,IT.CAED/850592002.FACILITY,Centro Olio Val d'Agri
2023-10-09 18:00:00,0.0,IT.CAED/850592002.FACILITY,Centro Olio Val d'Agri
2023-10-09 19:00:00,0.0,IT.CAED/850592002.FACILITY,Centro Olio Val d'Agri
2023-10-09 20:00:00,0.0,IT.CAED/850592002.FACILITY,Centro Olio Val d'Agri
2023-10-09 21:00:00,0.0,IT.CAED/850592002.FACILITY,Centro Olio Val d'Agri
2023-10-09 22:00:00,0.0,IT.CAED/850592002.FACILITY,Centro Olio Val d'Agri
2023-10-09 23:00:00,0.0,IT.CAED/850592002.FACILITY,Centro Olio Val d'Agri
2023-10-10 00:00:00,0.0,IT.CAED/850592002.FACILITY,Centro Olio Val d'Agri
2023-10-10 01:00:00,0.0,IT.CAED/850592002.FACILITY,Centro Olio Val d'Agri
2023-10-10 02:00:00,0.0,IT.CAED/850592002.FACILITY,Centro Olio Val d'Agri
2023-10-10 03:00:00,0.0,IT.CAED/850592002.FACILITY,Centro Olio Val d'Agri
2023-10-10 04:00:00,0.0,IT.CAED/850592002.FACILITY,Centro Olio Val d'Agri
2023-10-10 05:00:00,0.0,IT.CAED/850592002.FACILITY,Centro Olio Val d'Agri
2023-10-10 06:00:00,0.0,IT.CAED/850592002.FACILITY,Centro Olio Val d'Agri
2023-10-10 07:00:00,0.053259999999999995,IT.CAED/850592002.FACILITY,Centro Olio Val d'Agri
2023-10-10 08:00:00,0.27398,IT.CAED/850592002.FACILITY,Centro Olio Val d'Agri
2023-10-10 09:00:00,0.5246900000000001,IT.CAED/850592002.FACILITY,Centro Olio Val d'Agri
2023-10-10 10:00:00,0.6772,IT.CAED/850592002.FACILITY,Centro Olio Val d'Agri
2023-10-10 11:00:00,0.78626,IT.CAED/850592002.FACILITY,Centro Olio Val d'Agri
2023-10-10 12:00:00,0.8221900000000001,IT.CAED/850592002.FACILITY,Centro Olio Val d'Agri
2023-10-10 13:00:00,0.71412,IT.CAED/850592002.FACILITY,Centro Olio Val d'Agri
2023-10-10 14:00:00,0.52255,IT.CAED/850592002.FACILITY,Centro Olio Val d'Agri
2023-10-10 15:00:00,0.38805,IT.CAED/850592002.FACILITY,Centro Olio Val d'Agri
2023-10-10 16:00:00,0.29291,IT.CAED/850592002.FACILITY,Centro Olio Val d'Agri
2023-10-10 17:00:00,0.10754000000000001,IT.CAED/850592002.FACILITY,Centro Olio Val d'Agri
2023-10-10 18:00:00,0.0,IT.CAED/850592002.FACILITY,Centro Olio Val d'Agri
2023-10-10 19:00:00,0.0,IT.CAED/850592002.FACILITY,Centro Olio Val d'Agri
2023-10-10 20:00:00,0.0,IT.CAED/850592002.FACILITY,Centro Olio Val d'Agri
2023-10-10 21:00:00,0.0,IT.CAED/850592002.FACILITY,Centro Olio Val d'Agri
2023-10-10 22:00:00,0.0,IT.CAED/850592002.FACILITY,Centro Olio Val d'Agri
2023-10-10 23:00:00,0.0,IT.CAED/850592002.FACILITY,Centro Olio Val d'Agri
2023-10-11 00:00:00,0.0,IT.CAED/850592002.FACILITY,Centro Olio Val d'Agri
2023-10-11 01:00:00,0.0,IT.CAED/850592002.FACILITY,Centro Olio Val d'Agri
2023-10-11 02:00:00,0.0,IT.CAED/850592002.FACILITY,Centro Olio Val d'Agri
2023-10-11 03:00:00,0.0,IT.CAED/850592002.FACILITY,Centro Olio Val d'Agri
2023-10-11 04:00:00,0.0,IT.CAED/850592002.FACILITY,Centro Olio Val d'Agri
2023-10-11 05:00:00,0.0,IT.CAED/850592002.FACILITY,Centro Olio Val d'Agri
2023-10-11 06:00:00,0.0,IT.CAED/850592002.FACILITY,Centro Olio Val d'Agri
2023-10-11 07:00:00,0.05166,IT.CAED/850592002.FACILITY,Centro Olio Val d'Agri
2023-10-11 08:00:00,0.29401,IT.CAED/850592002.FACILITY,Centro Olio Val d'Agri
2023-10-11 09:00:00,0.52722,IT.CAED/850592002.FACILITY,Centro Olio Val d'Agri
2023-10-11 10:00:00,0.68929,IT.CAED/850592002.FACILITY,Centro Olio Val d'Agri
2023-10-11 11:00:00,0.7824,IT.CAED/850592002.FACILITY,Centro Olio Val d'Agri
2023-10-11 12:00:00,0.8242200000000001,IT.CAED/850592002.FACILITY,Centro Olio Val d'Agri
2023-10-11 13:00:00,0.79618,IT.CAED/850592002.FACILITY,Centro Olio Val d'Agri
2023-10-11 14:00:00,0.7107100000000001,IT.CAED/850592002.FACILITY,Centro Olio Val d'Agri
2023-10-11 15:00:00,0.46038999999999997,IT.CAED/850592002.FACILITY,Centro Olio Val d'Agri
2023-10-11 16:00:00,0.17265,IT.CAED/850592002.FACILITY,Centro Olio Val d'Agri
2023-10-11 17:00:00,0.1083,IT.CAED/850592002.FACILITY,Centro Olio Val d'Agri
2023-10-11 18:00:00,0.0,IT.CAED/850592002.FACILITY,Centro Olio Val d'Agri
2023-10-11 19:00:00,0.0,IT.CAED/850592002.FACILITY,Centro Olio Val d'Agri
2023-10-11 20:00:00,0.0,IT.CAED/850592002.FACILITY,Centro Olio Val d'Agri
2023-10-11 21:00:00,0.0,IT.CAED/850592002.FACILITY,Centro Olio Val d'Agri
2023-10-11 22:00:00,0.0,IT.CAED/850592002.FACILITY,Centro Olio Val d'Agri
2023-10-11 23:00:00,0.0,IT.CAED/850592002.FACILITY,Centro Olio Val d'Agri
2023-10-12 00:00:00,0.0,IT.CAED/850592002.FACILITY,Centro Olio Val d'Agri
2023-10-12 01:00:00,0.0,IT.CAED/850592002.FACILITY,Centro Olio Val d'Agri
2023-10-12 02:00:00,0.0,IT.CAED/850592002.FACILITY,Centro Olio Val d'Agri
2023-10-12 03:00:00,0.0,IT.CAED/850592002.FACILITY,Centro Olio Val d'Agri
2023-10-12 04:00:00,0.0,IT.CAED/850592002.FACILITY,Centro Olio Val d'Agri
2023-10-12 05:00:00,0.0,IT.CAED/850592002.FACILITY,Centro Olio Val d'Agri
2023-10-12 06:00:00,0.0,IT.CAED/850592002.FACILITY,Centro Olio Val d'Agri
2023-10-12 07:00:00,0.048049999999999995,IT.CAED/850592002.FACILITY,Centro Olio Val d'Agri
2023-10-12 08:00:00,0.28697,IT.CAED/850592002.FACILITY,Centro Olio Val d'Agri
2023-10-12 09:00:00,0.52113,IT.CAED/850592002.FACILITY,Centro Olio Val d'Agri
2023-10-12 10:00:00,0.6849700000000001,IT.CAED/850592002.FACILITY,Centro Olio Val d'Agri
2023-10-12 11:00:00,0.78832,IT.CAED/850592002.FACILITY,Centro Olio Val d'Agri
2023-10-12 12:00:00,0.70968,IT.CAED/850592002.FACILITY,Centro Olio Val d'Agri
2023-10-12 13:00:00,0.71335,IT.CAED/850592002.FACILITY,Centro Olio Val d'Agri
2023-10-12 14:00:00,0.6666,IT.CAED/850592002.FACILITY,Centro Olio Val d'Agri
2023-10-12 15:00:00,0.46778,IT.CAED/850592002.FACILITY,Centro Olio Val d'Agri
2023-10-12 16:00:00,0.31503,IT.CAED/850592002.FACILITY,Centro Olio Val d'Agri
2023-10-12 17:00:00,0.11342,IT.CAED/850592002.FACILITY,Centro Olio Val d'Agri
2023-10-12 18:00:00,0.0,IT.CAED/850592002.FACILITY,Centro Olio Val d'Agri
2023-10-12 19:00:00,0.0,IT.CAED/850592002.FACILITY,Centro Olio Val d'Agri
2023-10-12 20:00:00,0.0,IT.CAED/850592002.FACILITY,Centro Olio Val d'Agri
2023-10-12 21:00:00,0.0,IT.CAED/850592002.FACILITY,Centro Olio Val d'Agri
2023-10-12 22:00:00,0.0,IT.CAED/850592002.FACILITY,Centro Olio Val d'Agri
2023-10-12 23:00:00,0.0,IT.CAED/850592002.FACILITY,Centro Olio Val d'Agri
2023-10-13 00:00:00,0.0,IT.CAED/850592002.FACILITY,Centro Olio Val d'Agri
2023-10-13 01:00:00,0.0,IT.CAED/850592002.FACILITY,Centro Olio Val d'Agri
2023-10-13 02:00:00,0.0,IT.CAED/850592002.FACILITY,Centro Olio Val d'Agri
2023-10-13 03:00:00,0.0,IT.CAED/850592002.FACILITY,Centro Olio Val d'Agri
2023-10-13 04:00:00,0.0,IT.CAED/850592002.FACILITY,Centro Olio Val d'Agri
2023-10-13 05:00:00,0.0,IT.CAED/850592002.FACILITY,Centro Olio Val d'Agri
2023-10-13 06:00:00,0.0,IT.CAED/850592002.FACILITY,Centro Olio Val d'Agri
2023-10-13 07:00:00,0.05029,IT.CAED/850592002.FACILITY,Centro Olio Val d'Agri
2023-10-13 08:00:00,0.19178,IT.CAED/850592002.FACILITY,Centro Olio Val d'Agri
2023-10-13 09:00:00,0.42588,IT.CAED/850592002.FACILITY,Centro Olio Val d'Agri
2023-10-13 10:00:00,0.65961,IT.CAED/850592002.FACILITY,Centro Olio Val d'Agri
2023-10-13 11:00:00,0.80062,IT.CAED/850592002.FACILITY,Centro Olio Val d'Agri
2023-10-13 12:00:00,0.83099,IT.CAED/850592002.FACILITY,Centro Olio Val d'Agri
2023-10-13 13:00:00,0.80833,IT.CAED/850592002.FACILITY,Centro Olio Val d'Agri
2023-10-13 14:00:00,0.73124,IT.CAED/850592002.FACILITY,Centro Olio Val d'Agri
2023-10-13 15:00:00,0.58939,IT.CAED/850592002.FACILITY,Centro Olio Val d'Agri
2023-10-13 16:00:00,0.38136000000000003,IT.CAED/850592002.FACILITY,Centro Olio Val d'Agri
2023-10-13 17:00:00,0.13362000000000002,IT.CAED/850592002.FACILITY,Centro Olio Val d'Agri
2023-10-13 18:00:00,0.0,IT.CAED/850592002.FACILITY,Centro Olio Val d'Agri
2023-10-13 19:00:00,0.0,IT.CAED/850592002.FACILITY,Centro Olio Val d'Agri
2023-10-13 20:00:00,0.0,IT.CAED/850592002.FACILITY,Centro Olio Val d'Agri
2023-10-13 21:00:00,0.0,IT.CAED/850592002.FACILITY,Centro Olio Val d'Agri
2023-10-13 22:00:00,0.0,IT.CAED/850592002.FACILITY,Centro Olio Val d'Agri
2023-10-13 23:00:00,0.0,IT.CAED/850592002.FACILITY,Centro Olio Val d'Agri
2023-10-14 00:00:00,0.0,IT.CAED/850592002.FACILITY,Centro Olio Val d'Agri
2023-10-14 01:00:00,0.0,IT.CAED/850592002.FACILITY,Centro Olio Val d'Agri
2023-10-14 02:00:00,0.0,IT.CAED/850592002.FACILITY,Centro Olio Val d'Agri
2023-10-14 03:00:00,0.0,IT.CAED/850592002.FACILITY,Centro Olio Val d'Agri
2023-10-14 04:00:00,0.0,IT.CAED/850592002.FACILITY,Centro Olio Val d'Agri
2023-10-14 05:00:00,0.0,IT.CAED/850592002.FACILITY,Centro Olio Val d'Agri
2023-10-14 06:00:00,0.0,IT.CAED/850592002.FACILITY,Centro Olio Val d'Agri
2023-10-14 07:00:00,0.02853,IT.CAED/850592002.FACILITY,Centro Olio Val d'Agri
2023-10-14 08:00:00,0.29337,IT.CAED/850592002.FACILITY,Centro Olio Val d'Agri
2023-10-14 09:00:00,0.51951,IT.CAED/850592002.FACILITY,Centro Olio Val d'Agri
2023-10-14 10:00:00,0.69999,IT.CAED/850592002.FACILITY,Centro Olio Val d'Agri
2023-10-14 11:00:00,0.81894,IT.CAED/850592002.FACILITY,Centro Olio Val d'Agri
2023-10-14 12:00:00,0.8537899999999999,IT.CAED/850592002.FACILITY,Centro Olio Val d'Agri
2023-10-14 13:00:00,0.83793,IT.CAED/850592002.FACILITY,Centro Olio Val d'Agri
2023-10-14 14:00:00,0.74739,IT.CAED/850592002.FACILITY,Centro Olio Val d'Agri
2023-10-14 15:00:00,0.60045,IT.CAED/850592002.FACILITY,Centro Olio Val d'Agri
2023-10-14 16:00:00,0.38295999999999997,IT.CAED/850592002.FACILITY,Centro Olio Val d'Agri
2023-10-14 17:00:00,0.12706,IT.CAED/850592002.FACILITY,Centro Olio Val d'Agri
2023-10-14 18:00:00,0.0,IT.CAED/850592002.FACILITY,Centro Olio Val d'Agri
2023-10-14 19:00:00,0.0,IT.CAED/850592002.FACILITY,Centro Olio Val d'Agri
2023-10-14 20:00:00,0.0,IT.CAED/850592002.FACILITY,Centro Olio Val d'Agri
2023-10-14 21:00:00,0.0,IT.CAED/850592002.FACILITY,Centro Olio Val d'Agri
2023-10-14 22:00:00,0.0,IT.CAED/850592002.FACILITY,Centro Olio Val d'Agri
2023-10-14 23:00:00,0.0,IT.CAED/850592002.FACILITY,Centro Olio Val d'Agri
2023-10-15 00:00:00,0.0,IT.CAED/850592002.FACILITY,Centro Olio Val d'Agri
2023-10-15 01:00:00,0.0,IT.CAED/850592002.FACILITY,Centro Olio Val d'Agri
2023-10-15 02:00:00,0.0,IT.CAED/850592002.FACILITY,Centro Olio Val d'Agri
2023-10-15 03:00:00,0.0,IT.CAED/850592002.FACILITY,Centro Olio Val d'Agri
2023-10-15 04:00:00,0.0,IT.CAED/850592002.FACILITY,Centro Olio Val d'Agri
2023-10-15 05:00:00,0.0,IT.CAED/850592002.FACILITY,Centro Olio Val d'Agri
2023-10-15 06:00:00,0.0,IT.CAED/850592002.FACILITY,Centro Olio Val d'Agri
2023-10-15 07:00:00,0.04439,IT.CAED/850592002.FACILITY,Centro Olio Val d'Agri
2023-10-15 08:00:00,0.24406,IT.CAED/850592002.FACILITY,Centro Olio Val d'Agri
2023-10-15 09:00:00,0.5209600000000001,IT.CAED/850592002.FACILITY,Centro Olio Val d'Agri
2023-10-15 10:00:00,0.69888,IT.CAED/850592002.FACILITY,Centro Olio Val d'Agri
2023-10-15 11:00:00,0.80659,IT.CAED/850592002.FACILITY,Centro Olio Val d'Agri
2023-10-15 12:00:00,0.84413,IT.CAED/850592002.FACILITY,Centro Olio Val d'Agri
2023-10-15 13:00:00,0.82747,IT.CAED/850592002.FACILITY,Centro Olio Val d'Agri
2023-10-15 14:00:00,0.75134,IT.CAED/850592002.FACILITY,Centro Olio Val d'Agri
2023-10-15 15:00:00,0.58427,IT.CAED/850592002.FACILITY,Centro Olio Val d'Agri
2023-10-15 16:00:00,0.38599,IT.CAED/850592002.FACILITY,Centro Olio Val d'Agri
2023-10-15 17:00:00,0.12732,IT.CAED/850592002.FACILITY,Centro Olio Val d'Agri
2023-10-15 18:00:00,0.0,IT.CAED/850592002.FACILITY,Centro Olio Val d'Agri
2023-10-15 19:00:00,0.0,IT.CAED/850592002.FACILITY,Centro Olio Val d'Agri
2023-10-15 20:00:00,0.0,IT.CAED/850592002.FACILITY,Centro Olio Val d'Agri
2023-10-15 21:00:00,0.0,IT.CAED/850592002.FACILITY,Centro Olio Val d'Agri
2023-10-15 22:00:00,0.0,IT.CAED/850592002.FACILITY,Centro Olio Val d'Agri
2023-10-15 23:00:00,0.0,IT.CAED/850592002.FACILITY,Centro Olio Val d'Agri
2023-10-16 00:00:00,0.0,IT.CAED/850592002.FACILITY,Centro Olio Val d'Agri
2023-10-16 01:00:00,0.0,IT.CAED/850592002.FACILITY,Centro Olio Val d'Agri
2023-10-16 02:00:00,0.0,IT.CAED/850592002.FACILITY,Centro Olio Val d'Agri
2023-10-16 03:00:00,0.0,IT.CAED/850592002.FACILITY,Centro Olio Val d'Agri
2023-10-16 04:00:00,0.0,IT.CAED/850592002.FACILITY,Centro Olio Val d'Agri
2023-10-16 05:00:00,0.0,IT.CAED/850592002.FACILITY,Centro Olio Val d'Agri
2023-10-16 06:00:00,0.0,IT.CAED/850592002.FACILITY,Centro Olio Val d'Agri
2023-10-16 07:00:00,0.016640000000000002,IT.CAED/850592002.FACILITY,Centro Olio Val d'Agri
2023-10-16 08:00:00,0.07895999999999999,IT.CAED/850592002.FACILITY,Centro Olio Val d'Agri
2023-10-16 09:00:00,0.21112,IT.CAED/850592002.FACILITY,Centro Olio Val d'Agri
2023-10-16 10:00:00,0.39886,IT.CAED/850592002.FACILITY,Centro Olio Val d'Agri
2023-10-16 11:00:00,0.44301999999999997,IT.CAED/850592002.FACILITY,Centro Olio Val d'Agri
2023-10-16 12:00:00,0.23716,IT.CAED/850592002.FACILITY,Centro Olio Val d'Agri
2023-10-16 13:00:00,0.46114,IT.CAED/850592002.FACILITY,Centro Olio Val d'Agri
2023-10-16 14:00:00,0.08666,IT.CAED/850592002.FACILITY,Centro Olio Val d'Agri
2023-10-16 15:00:00,0.053689999999999995,IT.CAED/850592002.FACILITY,Centro Olio Val d'Agri
2023-10-16 16:00:00,0.00775,IT.CAED/850592002.FACILITY,Centro Olio Val d'Agri
2023-10-16 17:00:00,0.0047,IT.CAED/850592002.FACILITY,Centro Olio Val d'Agri
2023-10-16 18:00:00,0.0,IT.CAED/850592002.FACILITY,Centro Olio Val d'Agri
2023-10-16 19:00:00,0.0,IT.CAED/850592002.FACILITY,Centro Olio Val d'Agri
2023-10-16 20:00:00,0.0,IT.CAED/850592002.FACILITY,Centro Olio Val d'Agri
2023-10-16 21:00:00,0.0,IT.CAED/850592002.FACILITY,Centro Olio Val d'Agri
2023-10-16 22:00:00,0.0,IT.CAED/850592002.FACILITY,Centro Olio Val d'Agri
2023-10-16 23:00:00,0.0,IT.CAED/850592002.FACILITY,Centro Olio Val d'Agri
2023-10-17 00:00:00,0.0,IT.CAED/850592002.FACILITY,Centro Olio Val d'Agri
2023-10-17 01:00:00,0.0,IT.CAED/850592002.FACILITY,Centro Olio Val d'Agri
2023-10-17 02:00:00,0.0,IT.CAED/850592002.FACILITY,Centro Olio Val d'Agri
2023-10-17 03:00:00,0.0,IT.CAED/850592002.FACILITY,Centro Olio Val d'Agri
2023-10-17 04:00:00,0.0,IT.CAED/850592002.FACILITY,Centro Olio Val d'Agri
2023-10-17 05:00:00,0.0,IT.CAED/850592002.FACILITY,Centro Olio Val d'Agri
2023-10-17 06:00:00,0.0,IT.CAED/850592002.FACILITY,Centro Olio Val d'Agri
2023-10-17 07:00:00,0.0,IT.CAED/850592002.FACILITY,Centro Olio Val d'Agri
2023-10-17 08:00:00,0.00878,IT.CAED/850592002.FACILITY,Centro Olio Val d'Agri
2023-10-17 09:00:00,0.04272,IT.CAED/850592002.FACILITY,Centro Olio Val d'Agri
2023-10-17 10:00:00,0.05626,IT.CAED/850592002.FACILITY,Centro Olio Val d'Agri
2023-10-17 11:00:00,0.06174,IT.CAED/850592002.FACILITY,Centro Olio Val d'Agri
2023-10-17 12:00:00,0.11277,IT.CAED/850592002.FACILITY,Centro Olio Val d'Agri
2023-10-17 13:00:00,0.18131999999999998,IT.CAED/850592002.FACILITY,Centro Olio Val d'Agri
2023-10-17 14:00:00,0.12999000000000002,IT.CAED/850592002.FACILITY,Centro Olio Val d'Agri
2023-10-17 15:00:00,0.10473,IT.CAED/850592002.FACILITY,Centro Olio Val d'Agri
2023-10-17 16:00:00,0.07531,IT.CAED/850592002.FACILITY,Centro Olio Val d'Agri
2023-10-17 17:00:00,0.01893,IT.CAED/850592002.FACILITY,Centro Olio Val d'Agri
2023-10-17 18:00:00,0.0,IT.CAED/850592002.FACILITY,Centro Olio Val d'Agri
2023-10-17 19:00:00,0.0,IT.CAED/850592002.FACILITY,Centro Olio Val d'Agri
2023-10-17 20:00:00,0.0,IT.CAED/850592002.FACILITY,Centro Olio Val d'Agri
2023-10-17 21:00:00,0.0,IT.CAED/850592002.FACILITY,Centro Olio Val d'Agri
2023-10-17 22:00:00,0.0,IT.CAED/850592002.FACILITY,Centro Olio Val d'Agri
2023-10-17 23:00:00,0.0,IT.CAED/850592002.FACILITY,Centro Olio Val d'Agri
2023-10-18 00:00:00,0.0,IT.CAED/850592002.FACILITY,Centro Olio Val d'Agri
2023-10-18 01:00:00,0.0,IT.CAED/850592002.FACILITY,Centro Olio Val d'Agri
2023-10-18 02:00:00,0.0,IT.CAED/850592002.FACILITY,Centro Olio Val d'Agri
2023-10-18 03:00:00,0.0,IT.CAED/850592002.FACILITY,Centro Olio Val d'Agri
2023-10-18 04:00:00,0.0,IT.CAED/850592002.FACILITY,Centro Olio Val d'Agri
2023-10-18 05:00:00,0.0,IT.CAED/850592002.FACILITY,Centro Olio Val d'Agri
2023-10-18 06:00:00,0.0,IT.CAED/850592002.FACILITY,Centro Olio Val d'Agri
2023-10-18 07:00:00,0.00817,IT.CAED/850592002.FACILITY,Centro Olio Val d'Agri
2023-10-18 08:00:00,0.16885,IT.CAED/850592002.FACILITY,Centro Olio Val d'Agri
2023-10-18 09:00:00,0.40462,IT.CAED/850592002.FACILITY,Centro Olio Val d'Agri
2023-10-18 10:00:00,0.54768,IT.CAED/850592002.FACILITY,Centro Olio Val d'Agri
2023-10-18 11:00:00,0.75071,IT.CAED/850592002.FACILITY,Centro Olio Val d'Agri
2023-10-18 12:00:00,0.81523,IT.CAED/850592002.FACILITY,Centro Olio Val d'Agri
2023-10-18 13:00:00,0.76432,IT.CAED/850592002.FACILITY,Centro Olio Val d'Agri
2023-10-18 14:00:00,0.61465,IT.CAED/850592002.FACILITY,Centro Olio Val d'Agri
2023-10-18 15:00:00,0.43236,IT.CAED/850592002.FACILITY,Centro Olio Val d'Agri
2023-10-18 16:00:00,0.19676,IT.CAED/850592002.FACILITY,Centro Olio Val d'Agri
2023-10-18 17:00:00,0.03211,IT.CAED/850592002.FACILITY,Centro Olio Val d'Agri
2023-10-18 18:00:00,0.0,IT.CAED/850592002.FACILITY,Centro Olio Val d'Agri
2023-10-18 19:00:00,0.0,IT.CAED/850592002.FACILITY,Centro Olio Val d'Agri
2023-10-18 20:00:00,0.0,IT.CAED/850592002.FACILITY,Centro Olio Val d'Agri
2023-10-18 21:00:00,0.0,IT.CAED/850592002.FACILITY,Centro Olio Val d'Agri
2023-10-18 22:00:00,0.0,IT.CAED/850592002.FACILITY,Centro Olio Val d'Agri
2023-10-18 23:00:00,0.0,IT.CAED/850592002.FACILITY,Centro Olio Val d'Agri
2023-10-19 00:00:00,0.0,IT.CAED/850592002.FACILITY,Centro Olio Val d'Agri
2023-10-19 01:00:00,0.0,IT.CAED/850592002.FACILITY,Centro Olio Val d'Agri
2023-10-19 02:00:00,0.0,IT.CAED/850592002.FACILITY,Centro Olio Val d'Agri
2023-10-19 03:00:00,0.0,IT.CAED/850592002.FACILITY,Centro Olio Val d'Agri
2023-10-19 04:00:00,0.0,IT.CAED/850592002.FACILITY,Centro Olio Val d'Agri
2023-10-19 05:00:00,0.0,IT.CAED/850592002.FACILITY,Centro Olio Val d'Agri
2023-10-19 06:00:00,0.0,IT.CAED/850592002.FACILITY,Centro Olio Val d'Agri
2023-10-19 07:00:00,0.046549999999999994,IT.CAED/850592002.FACILITY,Centro Olio Val d'Agri
2023-10-19 08:00:00,0.27941000000000005,IT.CAED/850592002.FACILITY,Centro Olio Val d'Agri
2023-10-19 09:00:00,0.52301,IT.CAED/850592002.FACILITY,Centro Olio Val d'Agri
2023-10-19 10:00:00,0.69859,IT.CAED/850592002.FACILITY,Centro Olio Val d'Agri
2023-10-19 11:00:00,0.8088200000000001,IT.CAED/850592002.FACILITY,Centro Olio Val d'Agri
2023-10-19 12:00:00,0.8600800000000001,IT.CAED/850592002.FACILITY,Centro Olio Val d'Agri
2023-10-19 13:00:00,0.83517,IT.CAED/850592002.FACILITY,Centro Olio Val d'Agri
2023-10-19 14:00:00,0.74702,IT.CAED/850592002.FACILITY,Centro Olio Val d'Agri
2023-10-19 15:00:00,0.5790299999999999,IT.CAED/850592002.FACILITY,Centro Olio Val d'Agri
2023-10-19 16:00:00,0.27188,IT.CAED/850592002.FACILITY,Centro Olio Val d'Agri
2023-10-19 17:00:00,0.06704,IT.CAED/850592002.FACILITY,Centro Olio Val d'Agri
2023-10-19 18:00:00,0.0,IT.CAED/850592002.FACILITY,Centro Olio Val d'Agri
2023-10-19 19:00:00,0.0,IT.CAED/850592002.FACILITY,Centro Olio Val d'Agri
2023-10-19 20:00:00,0.0,IT.CAED/850592002.FACILITY,Centro Olio Val d'Agri
2023-10-19 21:00:00,0.0,IT.CAED/850592002.FACILITY,Centro Olio Val d'Agri
2023-10-19 22:00:00,0.0,IT.CAED/850592002.FACILITY,Centro Olio Val d'Agri
2023-10-19 23:00:00,0.0,IT.CAED/850592002.FACILITY,Centro Olio Val d'Agri
2023-10-20 00:00:00,0.0,IT.CAED/850592002.FACILITY,Centro Olio Val d'Agri
2023-10-20 01:00:00,0.0,IT.CAED/850592002.FACILITY,Centro Olio Val d'Agri
2023-10-20 02:00:00,0.0,IT.CAED/850592002.FACILITY,Centro Olio Val d'Agri
2023-10-20 03:00:00,0.0,IT.CAED/850592002.FACILITY,Centro Olio Val d'Agri
2023-10-20 04:00:00,0.0,IT.CAED/850592002.FACILITY,Centro Olio Val d'Agri
2023-10-20 05:00:00,0.0,IT.CAED/850592002.FACILITY,Centro Olio Val d'Agri
2023-10-20 06:00:00,0.0,IT.CAED/850592002.FACILITY,Centro Olio Val d'Agri
2023-10-20 07:00:00,0.05055,IT.CAED/850592002.FACILITY,Centro Olio Val d'Agri
2023-10-20 08:00:00,0.28701,IT.CAED/850592002.FACILITY,Centro Olio Val d'Agri
2023-10-20 09:00:00,0.5315599999999999,IT.CAED/850592002.FACILITY,Centro Olio Val d'Agri
2023-10-20 10:00:00,0.69911,IT.CAED/850592002.FACILITY,Centro Olio Val d'Agri
2023-10-20 11:00:00,0.81109,IT.CAED/850592002.FACILITY,Centro Olio Val d'Agri
2023-10-20 12:00:00,0.8569,IT.CAED/850592002.FACILITY,Centro Olio Val d'Agri
2023-10-20 13:00:00,0.83484,IT.CAED/850592002.FACILITY,Centro Olio Val d'Agri
2023-10-20 14:00:00,0.74729,IT.CAED/850592002.FACILITY,Centro Olio Val d'Agri
2023-10-20 15:00:00,0.59357,IT.CAED/850592002.FACILITY,Centro Olio Val d'Agri
2023-10-20 16:00:00,0.35652999999999996,IT.CAED/850592002.FACILITY,Centro Olio Val d'Agri
2023-10-20 17:00:00,0.10779999999999999,IT.CAED/850592002.FACILITY,Centro Olio Val d'Agri
2023-10-20 18:00:00,0.0,IT.CAED/850592002.FACILITY,Centro Olio Val d'Agri
2023-10-20 19:00:00,0.0,IT.CAED/850592002.FACILITY,Centro Olio Val d'Agri
2023-10-20 20:00:00,0.0,IT.CAED/850592002.FACILITY,Centro Olio Val d'Agri
2023-10-20 21:00:00,0.0,IT.CAED/850592002.FACILITY,Centro Olio Val d'Agri
2023-10-20 22:00:00,0.0,IT.CAED/850592002.FACILITY,Centro Olio Val d'Agri
2023-10-20 23:00:00,0.0,IT.CAED/850592002.FACILITY,Centro Olio Val d'Agri
2023-10-21 00:00:00,0.0,IT.CAED/850592002.FACILITY,Centro Olio Val d'Agri
2023-10-21 01:00:00,0.0,IT.CAED/850592002.FACILITY,Centro Olio Val d'Agri
2023-10-21 02:00:00,0.0,IT.CAED/850592002.FACILITY,Centro Olio Val d'Agri
2023-10-21 03:00:00,0.0,IT.CAED/850592002.FACILITY,Centro Olio Val d'Agri
2023-10-21 04:00:00,0.0,IT.CAED/850592002.FACILITY,Centro Olio Val d'Agri
2023-10-21 05:00:00,0.0,IT.CAED/850592002.FACILITY,Centro Olio Val d'Agri
2023-10-21 06:00:00,0.0,IT.CAED/850592002.FACILITY,Centro Olio Val d'Agri
2023-10-21 07:00:00,0.00754,IT.CAED/850592002.FACILITY,Centro Olio Val d'Agri
2023-10-21 08:00:00,0.12818000000000002,IT.CAED/850592002.FACILITY,Centro Olio Val d'Agri
2023-10-21 09:00:00,0.27929000000000004,IT.CAED/850592002.FACILITY,Centro Olio Val d'Agri
2023-10-21 10:00:00,0.52276,IT.CAED/850592002.FACILITY,Centro Olio Val d'Agri
2023-10-21 11:00:00,0.50437,IT.CAED/850592002.FACILITY,Centro Olio Val d'Agri
2023-10-21 12:00:00,0.35847,IT.CAED/850592002.FACILITY,Centro Olio Val d'Agri
2023-10-21 13:00:00,0.20598,IT.CAED/850592002.FACILITY,Centro Olio Val d'Agri
2023-10-21 14:00:00,0.13488,IT.CAED/850592002.FACILITY,Centro Olio Val d'Agri
2023-10-21 15:00:00,0.24122,IT.CAED/850592002.FACILITY,Centro Olio Val d'Agri
2023-10-21 16:00:00,0.04268,IT.CAED/850592002.FACILITY,Centro Olio Val d'Agri
2023-10-21 17:00:00,0.00762,IT.CAED/850592002.FACILITY,Centro Olio Val d'Agri
2023-10-21 18:00:00,0.0,IT.CAED/850592002.FACILITY,Centro Olio Val d'Agri
2023-10-21 19:00:00,0.0,IT.CAED/850592002.FACILITY,Centro Olio Val d'Agri
2023-10-21 20:00:00,0.0,IT.CAED/850592002.FACILITY,Centro Olio Val d'Agri
2023-10-21 21:00:00,0.0,IT.CAED/850592002.FACILITY,Centro Olio Val d'Agri
2023-10-21 22:00:00,0.0,IT.CAED/850592002.FACILITY,Centro Olio Val d'Agri
2023-10-21 23:00:00,0.0,IT.CAED/850592002.FACILITY,Centro Olio Val d'Agri
2023-10-22 00:00:00,0.0,IT.CAED/850592002.FACILITY,Centro Olio Val d'Agri
2023-10-22 01:00:00,0.0,IT.CAED/850592002.FACILITY,Centro Olio Val d'Agri
2023-10-22 02:00:00,0.0,IT.CAED/850592002.FACILITY,Centro Olio Val d'Agri
2023-10-22 03:00:00,0.0,IT.CAED/850592002.FACILITY,Centro Olio Val d'Agri
2023-10-22 04:00:00,0.0,IT.CAED/850592002.FACILITY,Centro Olio Val d'Agri
2023-10-22 05:00:00,0.0,IT.CAED/850592002.FACILITY,Centro Olio Val d'Agri
2023-10-22 06:00:00,0.0,IT.CAED/850592002.FACILITY,Centro Olio Val d'Agri
2023-10-22 07:00:00,0.00307,IT.CAED/850592002.FACILITY,Centro Olio Val d'Agri
2023-10-22 08:00:00,0.1263,IT.CAED/850592002.FACILITY,Centro Olio Val d'Agri
2023-10-22 09:00:00,0.27444,IT.CAED/850592002.FACILITY,Centro Olio Val d'Agri
2023-10-22 10:00:00,0.5062099999999999,IT.CAED/850592002.FACILITY,Centro Olio Val d'Agri
2023-10-22 11:00:00,0.70865,IT.CAED/850592002.FACILITY,Centro Olio Val d'Agri
2023-10-22 12:00:00,0.71565,IT.CAED/850592002.FACILITY,Centro Olio Val d'Agri
2023-10-22 13:00:00,0.57131,IT.CAED/850592002.FACILITY,Centro Olio Val d'Agri
2023-10-22 14:00:00,0.53134,IT.CAED/850592002.FACILITY,Centro Olio Val d'Agri
2023-10-22 15:00:00,0.41394,IT.CAED/850592002.FACILITY,Centro Olio Val d'Agri
2023-10-22 16:00:00,0.22347,IT.CAED/850592002.FACILITY,Centro Olio Val d'Agri
2023-10-22 17:00:00,0.06789,IT.CAED/850592002.FACILITY,Centro Olio Val d'Agri
2023-10-22 18:00:00,0.0,IT.CAED/850592002.FACILITY,Centro Olio Val d'Agri
2023-10-22 19:00:00,0.0,IT.CAED/850592002.FACILITY,Centro Olio Val d'Agri
2023-10-22 20:00:00,0.0,IT.CAED/850592002.FACILITY,Centro Olio Val d'Agri
2023-10-22 21:00:00,0.0,IT.CAED/850592002.FACILITY,Centro Olio Val d'Agri
2023-10-22 22:00:00,0.0,IT.CAED/850592002.FACILITY,Centro Olio Val d'Agri
2023-10-22 23:00:00,0.0,IT.CAED/850592002.FACILITY,Centro Olio Val d'Agri
2023-10-23 00:00:00,0.0,IT.CAED/850592002.FACILITY,Centro Olio Val d'Agri
2023-10-23 01:00:00,0.0,IT.CAED/850592002.FACILITY,Centro Olio Val d'Agri
2023-10-23 02:00:00,0.0,IT.CAED/850592002.FACILITY,Centro Olio Val d'Agri
2023-10-23 03:00:00,0.0,IT.CAED/850592002.FACILITY,Centro Olio Val d'Agri
2023-10-23 04:00:00,0.0,IT.CAED/850592002.FACILITY,Centro Olio Val d'Agri
2023-10-23 05:00:00,0.0,IT.CAED/850592002.FACILITY,Centro Olio Val d'Agri
2023-10-23 06:00:00,0.0,IT.CAED/850592002.FACILITY,Centro Olio Val d'Agri
2023-10-23 07:00:00,0.00344,IT.CAED/850592002.FACILITY,Centro Olio Val d'Agri
2023-10-23 08:00:00,0.16558,IT.CAED/850592002.FACILITY,Centro Olio Val d'Agri
2023-10-23 09:00:00,0.3967,IT.CAED/850592002.FACILITY,Centro Olio Val d'Agri
2023-10-23 10:00:00,0.69409,IT.CAED/850592002.FACILITY,Centro Olio Val d'Agri
2023-10-23 11:00:00,0.78899,IT.CAED/850592002.FACILITY,Centro Olio Val d'Agri
2023-10-23 12:00:00,0.8271499999999999,IT.CAED/850592002.FACILITY,Centro Olio Val d'Agri
2023-10-23 13:00:00,0.80208,IT.CAED/850592002.FACILITY,Centro Olio Val d'Agri
2023-10-23 14:00:00,0.71548,IT.CAED/850592002.FACILITY,Centro Olio Val d'Agri
2023-10-23 15:00:00,0.56388,IT.CAED/850592002.FACILITY,Centro Olio Val d'Agri
2023-10-23 16:00:00,0.34689,IT.CAED/850592002.FACILITY,Centro Olio Val d'Agri
2023-10-23 17:00:00,0.10022,IT.CAED/850592002.FACILITY,Centro Olio Val d'Agri
2023-10-23 18:00:00,0.0,IT.CAED/850592002.FACILITY,Centro Olio Val d'Agri
2023-10-23 19:00:00,0.0,IT.CAED/850592002.FACILITY,Centro Olio Val d'Agri
2023-10-23 20:00:00,0.0,IT.CAED/850592002.FACILITY,Centro Olio Val d'Agri
2023-10-23 21:00:00,0.0,IT.CAED/850592002.FACILITY,Centro Olio Val d'Agri
2023-10-23 22:00:00,0.0,IT.CAED/850592002.FACILITY,Centro Olio Val d'Agri
2023-10-23 23:00:00,0.0,IT.CAED/850592002.FACILITY,Centro Olio Val d'Agri
2023-10-24 00:00:00,0.0,IT.CAED/850592002.FACILITY,Centro Olio Val d'Agri
2023-10-24 01:00:00,0.0,IT.CAED/850592002.FACILITY,Centro Olio Val d'Agri
2023-10-24 02:00:00,0.0,IT.CAED/850592002.FACILITY,Centro Olio Val d'Agri
2023-10-24 03:00:00,0.0,IT.CAED/850592002.FACILITY,Centro Olio Val d'Agri
2023-10-24 04:00:00,0.0,IT.CAED/850592002.FACILITY,Centro Olio Val d'Agri
2023-10-24 05:00:00,0.0,IT.CAED/850592002.FACILITY,Centro Olio Val d'Agri
2023-10-24 06:00:00,0.0,IT.CAED/850592002.FACILITY,Centro Olio Val d'Agri
2023-10-24 07:00:00,0.0046500000000000005,IT.CAED/850592002.FACILITY,Centro Olio Val d'Agri
2023-10-24 08:00:00,0.22127000000000002,IT.CAED/850592002.FACILITY,Centro Olio Val d'Agri
2023-10-24 09:00:00,0.45018,IT.CAED/850592002.FACILITY,Centro Olio Val d'Agri
2023-10-24 10:00:00,0.65018,IT.CAED/850592002.FACILITY,Centro Olio Val d'Agri
2023-10-24 11:00:00,0.76735,IT.CAED/850592002.FACILITY,Centro Olio Val d'Agri
2023-10-24 12:00:00,0.8268,IT.CAED/850592002.FACILITY,Centro Olio Val d'Agri
2023-10-24 13:00:00,0.81374,IT.CAED/850592002.FACILITY,Centro Olio Val d'Agri
2023-10-24 14:00:00,0.70699,IT.CAED/850592002.FACILITY,Centro Olio Val d'Agri
2023-10-24 15:00:00,0.51197,IT.CAED/850592002.FACILITY,Centro Olio Val d'Agri
2023-10-24 16:00:00,0.25594,IT.CAED/850592002.FACILITY,Centro Olio Val d'Agri
2023-10-24 17:00:00,0.07064,IT.CAED/850592002.FACILITY,Centro Olio Val d'Agri
2023-10-24 18:00:00,0.0,IT.CAED/850592002.FACILITY,Centro Olio Val d'Agri
2023-10-24 19:00:00,0.0,IT.CAED/850592002.FACILITY,Centro Olio Val d'Agri
2023-10-24 20:00:00,0.0,IT.CAED/850592002.FACILITY,Centro Olio Val d'Agri
2023-10-24 21:00:00,0.0,IT.CAED/850592002.FACILITY,Centro Olio Val d'Agri
2023-10-24 22:00:00,0.0,IT.CAED/850592002.FACILITY,Centro Olio Val d'Agri
2023-10-24 23:00:00,0.0,IT.CAED/850592002.FACILITY,Centro Olio Val d'Agri
2023-10-25 00:00:00,0.0,IT.CAED/850592002.FACILITY,Centro Olio Val d'Agri
2023-10-25 01:00:00,0.0,IT.CAED/850592002.FACILITY,Centro Olio Val d'Agri
2023-10-25 02:00:00,0.0,IT.CAED/850592002.FACILITY,Centro Olio Val d'Agri
2023-10-25 03:00:00,0.0,IT.CAED/850592002.FACILITY,Centro Olio Val d'Agri
2023-10-25 04:00:00,0.0,IT.CAED/850592002.FACILITY,Centro Olio Val d'Agri
2023-10-25 05:00:00,0.0,IT.CAED/850592002.FACILITY,Centro Olio Val d'Agri
2023-10-25 06:00:00,0.0,IT.CAED/850592002.FACILITY,Centro Olio Val d'Agri
2023-10-25 07:00:00,0.00094,IT.CAED/850592002.FACILITY,Centro Olio Val d'Agri
2023-10-25 08:00:00,0.059340000000000004,IT.CAED/850592002.FACILITY,Centro Olio Val d'Agri
2023-10-25 09:00:00,0.18556,IT.CAED/850592002.FACILITY,Centro Olio Val d'Agri
2023-10-25 10:00:00,0.27802,IT.CAED/850592002.FACILITY,Centro Olio Val d'Agri
2023-10-25 11:00:00,0.38456,IT.CAED/850592002.FACILITY,Centro Olio Val d'Agri
2023-10-25 12:00:00,0.29854,IT.CAED/850592002.FACILITY,Centro Olio Val d'Agri
2023-10-25 13:00:00,0.21937,IT.CAED/850592002.FACILITY,Centro Olio Val d'Agri
2023-10-25 14:00:00,0.32287,IT.CAED/850592002.FACILITY,Centro Olio Val d'Agri
2023-10-25 15:00:00,0.36986,IT.CAED/850592002.FACILITY,Centro Olio Val d'Agri
2023-10-25 16:00:00,0.18982,IT.CAED/850592002.FACILITY,Centro Olio Val d'Agri
2023-10-25 17:00:00,0.03462,IT.CAED/850592002.FACILITY,Centro Olio Val d'Agri
2023-10-25 18:00:00,0.0,IT.CAED/850592002.FACILITY,Centro Olio Val d'Agri
2023-10-25 19:00:00,0.0,IT.CAED/850592002.FACILITY,Centro Olio Val d'Agri
2023-10-25 20:00:00,0.0,IT.CAED/850592002.FACILITY,Centro Olio Val d'Agri
2023-10-25 21:00:00,0.0,IT.CAED/850592002.FACILITY,Centro Olio Val d'Agri
2023-10-25 22:00:00,0.0,IT.CAED/850592002.FACILITY,Centro Olio Val d'Agri
2023-10-25 23:00:00,0.0,IT.CAED/850592002.FACILITY,Centro Olio Val d'Agri
2023-10-26 00:00:00,0.0,IT.CAED/850592002.FACILITY,Centro Olio Val d'Agri
2023-10-26 01:00:00,0.0,IT.CAED/850592002.FACILITY,Centro Olio Val d'Agri
2023-10-26 02:00:00,0.0,IT.CAED/850592002.FACILITY,Centro Olio Val d'Agri
2023-10-26 03:00:00,0.0,IT.CAED/850592002.FACILITY,Centro Olio Val d'Agri
2023-10-26 04:00:00,0.0,IT.CAED/850592002.FACILITY,Centro Olio Val d'Agri
2023-10-26 05:00:00,0.0,IT.CAED/850592002.FACILITY,Centro Olio Val d'Agri
2023-10-26 06:00:00,0.0,IT.CAED/850592002.FACILITY,Centro Olio Val d'Agri
2023-10-26 07:00:00,0.00017,IT.CAED/850592002.FACILITY,Centro Olio Val d'Agri
2023-10-26 08:00:00,0.07125,IT.CAED/850592002.FACILITY,Centro Olio Val d'Agri
2023-10-26 09:00:00,0.15879,IT.CAED/850592002.FACILITY,Centro Olio Val d'Agri
2023-10-26 10:00:00,0.41602999999999996,IT.CAED/850592002.FACILITY,Centro Olio Val d'Agri
2023-10-26 11:00:00,0.66264,IT.CAED/850592002.FACILITY,Centro Olio Val d'Agri
2023-10-26 12:00:00,0.72027,IT.CAED/850592002.FACILITY,Centro Olio Val d'Agri
2023-10-26 13:00:00,0.7222000000000001,IT.CAED/850592002.FACILITY,Centro Olio Val d'Agri
2023-10-26 14:00:00,0.56917,IT.CAED/850592002.FACILITY,Centro Olio Val d'Agri
2023-10-26 15:00:00,0.4022,IT.CAED/850592002.FACILITY,Centro Olio Val d'Agri
2023-10-26 16:00:00,0.21068,IT.CAED/850592002.FACILITY,Centro Olio Val d'Agri
2023-10-26 17:00:00,0.07034,IT.CAED/850592002.FACILITY,Centro Olio Val d'Agri
2023-10-26 18:00:00,0.0,IT.CAED/850592002.FACILITY,Centro Olio Val d'Agri
2023-10-26 19:00:00,0.0,IT.CAED/850592002.FACILITY,Centro Olio Val d'Agri
2023-10-26 20:00:00,0.0,IT.CAED/850592002.FACILITY,Centro Olio Val d'Agri
2023-10-26 21:00:00,0.0,IT.CAED/850592002.FACILITY,Centro Olio Val d'Agri
2023-10-26 22:00:00,0.0,IT.CAED/850592002.FACILITY,Centro Olio Val d'Agri
2023-10-26 23:00:00,0.0,IT.CAED/850592002.FACILITY,Centro Olio Val d'Agri
2023-10-27 00:00:00,0.0,IT.CAED/850592002.FACILITY,Centro Olio Val d'Agri
2023-10-27 01:00:00,0.0,IT.CAED/850592002.FACILITY,Centro Olio Val d'Agri
2023-10-27 02:00:00,0.0,IT.CAED/850592002.FACILITY,Centro Olio Val d'Agri
2023-10-27 03:00:00,0.0,IT.CAED/850592002.FACILITY,Centro Olio Val d'Agri
2023-10-27 04:00:00,0.0,IT.CAED/850592002.FACILITY,Centro Olio Val d'Agri
2023-10-27 05:00:00,0.0,IT.CAED/850592002.FACILITY,Centro Olio Val d'Agri
2023-10-27 06:00:00,0.0,IT.CAED/850592002.FACILITY,Centro Olio Val d'Agri
2023-10-27 07:00:00,0.0,IT.CAED/850592002.FACILITY,Centro Olio Val d'Agri
2023-10-27 08:00:00,0.03082,IT.CAED/850592002.FACILITY,Centro Olio Val d'Agri
2023-10-27 09:00:00,0.08895,IT.CAED/850592002.FACILITY,Centro Olio Val d'Agri
2023-10-27 10:00:00,0.18546,IT.CAED/850592002.FACILITY,Centro Olio Val d'Agri
2023-10-27 11:00:00,0.31118,IT.CAED/850592002.FACILITY,Centro Olio Val d'Agri
2023-10-27 12:00:00,0.54122,IT.CAED/850592002.FACILITY,Centro Olio Val d'Agri
2023-10-27 13:00:00,0.36285,IT.CAED/850592002.FACILITY,Centro Olio Val d'Agri
2023-10-27 14:00:00,0.34673000000000004,IT.CAED/850592002.FACILITY,Centro Olio Val d'Agri
2023-10-27 15:00:00,0.23347,IT.CAED/850592002.FACILITY,Centro Olio Val d'Agri
2023-10-27 16:00:00,0.16766,IT.CAED/850592002.FACILITY,Centro Olio Val d'Agri
2023-10-27 17:00:00,0.03136,IT.CAED/850592002.FACILITY,Centro Olio Val d'Agri
2023-10-27 18:00:00,0.0,IT.CAED/850592002.FACILITY,Centro Olio Val d'Agri
2023-10-27 19:00:00,0.0,IT.CAED/850592002.FACILITY,Centro Olio Val d'Agri
2023-10-27 20:00:00,0.0,IT.CAED/850592002.FACILITY,Centro Olio Val d'Agri
2023-10-27 21:00:00,0.0,IT.CAED/850592002.FACILITY,Centro Olio Val d'Agri
2023-10-27 22:00:00,0.0,IT.CAED/850592002.FACILITY,Centro Olio Val d'Agri
2023-10-27 23:00:00,0.0,IT.CAED/850592002.FACILITY,Centro Olio Val d'Agri
2023-10-28 00:00:00,0.0,IT.CAED/850592002.FACILITY,Centro Olio Val d'Agri
2023-10-28 01:00:00,0.0,IT.CAED/850592002.FACILITY,Centro Olio Val d'Agri
2023-10-28 02:00:00,0.0,IT.CAED/850592002.FACILITY,Centro Olio Val d'Agri
2023-10-28 03:00:00,0.0,IT.CAED/850592002.FACILITY,Centro Olio Val d'Agri
2023-10-28 04:00:00,0.0,IT.CAED/850592002.FACILITY,Centro Olio Val d'Agri
2023-10-28 05:00:00,0.0,IT.CAED/850592002.FACILITY,Centro Olio Val d'Agri
2023-10-28 06:00:00,0.0,IT.CAED/850592002.FACILITY,Centro Olio Val d'Agri
2023-10-28 07:00:00,0.00039,IT.CAED/850592002.FACILITY,Centro Olio Val d'Agri
2023-10-28 08:00:00,0.06697,IT.CAED/850592002.FACILITY,Centro Olio Val d'Agri
2023-10-28 09:00:00,0.1626,IT.CAED/850592002.FACILITY,Centro Olio Val d'Agri
2023-10-28 10:00:00,0.30041,IT.CAED/850592002.FACILITY,Centro Olio Val d'Agri
2023-10-28 11:00:00,0.44289,IT.CAED/850592002.FACILITY,Centro Olio Val d'Agri
2023-10-28 12:00:00,0.5571200000000001,IT.CAED/850592002.FACILITY,Centro Olio Val d'Agri
2023-10-28 13:00:00,0.70608,IT.CAED/850592002.FACILITY,Centro Olio Val d'Agri
2023-10-28 14:00:00,0.6728999999999999,IT.CAED/850592002.FACILITY,Centro Olio Val d'Agri
2023-10-28 15:00:00,0.46163,IT.CAED/850592002.FACILITY,Centro Olio Val d'Agri
2023-10-28 16:00:00,0.29501,IT.CAED/850592002.FACILITY,Centro Olio Val d'Agri
2023-10-28 17:00:00,0.07223,IT.CAED/850592002.FACILITY,Centro Olio Val d'Agri
2023-10-28 18:00:00,0.0,IT.CAED/850592002.FACILITY,Centro Olio Val d'Agri
2023-10-28 19:00:00,0.0,IT.CAED/850592002.FACILITY,Centro Olio Val d'Agri
2023-10-28 20:00:00,0.0,IT.CAED/850592002.FACILITY,Centro Olio Val d'Agri
2023-10-28 21:00:00,0.0,IT.CAED/850592002.FACILITY,Centro Olio Val d'Agri
2023-10-28 22:00:00,0.0,IT.CAED/850592002.FACILITY,Centro Olio Val d'Agri
2023-10-28 23:00:00,0.0,IT.CAED/850592002.FACILITY,Centro Olio Val d'Agri
2023-10-29 00:00:00,0.0,IT.CAED/850592002.FACILITY,Centro Olio Val d'Agri
2023-10-29 01:00:00,0.0,IT.CAED/850592002.FACILITY,Centro Olio Val d'Agri
2023-10-29 02:00:00,0.0,IT.CAED/850592002.FACILITY,Centro Olio Val d'Agri
2023-10-29 03:00:00,0.0,IT.CAED/850592002.FACILITY,Centro Olio Val d'Agri
2023-10-29 04:00:00,0.0,IT.CAED/850592002.FACILITY,Centro Olio Val d'Agri
2023-10-29 05:00:00,0.0,IT.CAED/850592002.FACILITY,Centro Olio Val d'Agri
2023-10-29 06:00:00,0.00099,IT.CAED/850592002.FACILITY,Centro Olio Val d'Agri
2023-10-29 07:00:00,0.14705000000000001,IT.CAED/850592002.FACILITY,Centro Olio Val d'Agri
2023-10-29 08:00:00,0.33577999999999997,IT.CAED/850592002.FACILITY,Centro Olio Val d'Agri
2023-10-29 09:00:00,0.58129,IT.CAED/850592002.FACILITY,Centro Olio Val d'Agri
2023-10-29 10:00:00,0.78662,IT.CAED/850592002.FACILITY,Centro Olio Val d'Agri
2023-10-29 11:00:00,0.84163,IT.CAED/850592002.FACILITY,Centro Olio Val d'Agri
2023-10-29 12:00:00,0.8090700000000001,IT.CAED/850592002.FACILITY,Centro Olio Val d'Agri
2023-10-29 13:00:00,0.70869,IT.CAED/850592002.FACILITY,Centro Olio Val d'Agri
2023-10-29 14:00:00,0.5606,IT.CAED/850592002.FACILITY,Centro Olio Val d'Agri
2023-10-29 15:00:00,0.33453,IT.CAED/850592002.FACILITY,Centro Olio Val d'Agri
2023-10-29 16:00:00,0.08584,IT.CAED/850592002.FACILITY,Centro Olio Val d'Agri
2023-10-29 17:00:00,0.0,IT.CAED/850592002.FACILITY,Centro Olio Val d'Agri
2023-10-29 18:00:00,0.0,IT.CAED/850592002.FACILITY,Centro Olio Val d'Agri
2023-10-29 19:00:00,0.0,IT.CAED/850592002.FACILITY,Centro Olio Val d'Agri
2023-10-29 20:00:00,0.0,IT.CAED/850592002.FACILITY,Centro Olio Val d'Agri
2023-10-29 21:00:00,0.0,IT.CAED/850592002.FACILITY,Centro Olio Val d'Agri
2023-10-29 22:00:00,0.0,IT.CAED/850592002.FACILITY,Centro Olio Val d'Agri
2023-10-29 23:00:00,0.0,IT.CAED/850592002.FACILITY,Centro Olio Val d'Agri
2023-10-30 00:00:00,0.0,IT.CAED/850592002.FACILITY,Centro Olio Val d'Agri
2023-10-30 01:00:00,0.0,IT.CAED/850592002.FACILITY,Centro Olio Val d'Agri
2023-10-30 02:00:00,0.0,IT.CAED/850592002.FACILITY,Centro Olio Val d'Agri
2023-10-30 03:00:00,0.0,IT.CAED/850592002.FACILITY,Centro Olio Val d'Agri
2023-10-30 04:00:00,0.0,IT.CAED/850592002.FACILITY,Centro Olio Val d'Agri
2023-10-30 05:00:00,0.0,IT.CAED/850592002.FACILITY,Centro Olio Val d'Agri
2023-10-30 06:00:00,0.00075,IT.CAED/850592002.FACILITY,Centro Olio Val d'Agri
2023-10-30 07:00:00,0.26371,IT.CAED/850592002.FACILITY,Centro Olio Val d'Agri
2023-10-30 08:00:00,0.50526,IT.CAED/850592002.FACILITY,Centro Olio Val d'Agri
2023-10-30 09:00:00,0.6822,IT.CAED/850592002.FACILITY,Centro Olio Val d'Agri
2023-10-30 10:00:00,0.77119,IT.CAED/850592002.FACILITY,Centro Olio Val d'Agri
2023-10-30 11:00:00,0.82811,IT.CAED/850592002.FACILITY,Centro Olio Val d'Agri
2023-10-30 12:00:00,0.80916,IT.CAED/850592002.FACILITY,Centro Olio Val d'Agri
2023-10-30 13:00:00,0.71854,IT.CAED/850592002.FACILITY,Centro Olio Val d'Agri
2023-10-30 14:00:00,0.56071,IT.CAED/850592002.FACILITY,Centro Olio Val d'Agri
2023-10-30 15:00:00,0.3312,IT.CAED/850592002.FACILITY,Centro Olio Val d'Agri
2023-10-30 16:00:00,0.08220999999999999,IT.CAED/850592002.FACILITY,Centro Olio Val d'Agri
2023-10-30 17:00:00,0.0,IT.CAED/850592002.FACILITY,Centro Olio Val d'Agri
2023-10-30 18:00:00,0.0,IT.CAED/850592002.FACILITY,Centro Olio Val d'Agri
2023-10-30 19:00:00,0.0,IT.CAED/850592002.FACILITY,Centro Olio Val d'Agri
2023-10-30 20:00:00,0.0,IT.CAED/850592002.FACILITY,Centro Olio Val d'Agri
2023-10-30 21:00:00,0.0,IT.CAED/850592002.FACILITY,Centro Olio Val d'Agri
2023-10-30 22:00:00,0.0,IT.CAED/850592002.FACILITY,Centro Olio Val d'Agri
2023-10-30 23:00:00,0.0,IT.CAED/850592002.FACILITY,Centro Olio Val d'Agri
2023-10-31 00:00:00,0.0,IT.CAED/850592002.FACILITY,Centro Olio Val d'Agri
2023-10-31 01:00:00,0.0,IT.CAED/850592002.FACILITY,Centro Olio Val d'Agri
2023-10-31 02:00:00,0.0,IT.CAED/850592002.FACILITY,Centro Olio Val d'Agri
2023-10-31 03:00:00,0.0,IT.CAED/850592002.FACILITY,Centro Olio Val d'Agri
2023-10-31 04:00:00,0.0,IT.CAED/850592002.FACILITY,Centro Olio Val d'Agri
2023-10-31 05:00:00,0.0,IT.CAED/850592002.FACILITY,Centro Olio Val d'Agri
2023-10-31 06:00:00,0.00079,IT.CAED/850592002.FACILITY,Centro Olio Val d'Agri
2023-10-31 07:00:00,0.05088,IT.CAED/850592002.FACILITY,Centro Olio Val d'Agri
2023-10-31 08:00:00,0.08516,IT.CAED/850592002.FACILITY,Centro Olio Val d'Agri
2023-10-31 09:00:00,0.15281,IT.CAED/850592002.FACILITY,Centro Olio Val d'Agri
2023-10-31 10:00:00,0.17718,IT.CAED/850592002.FACILITY,Centro Olio Val d'Agri
2023-10-31 11:00:00,0.2349,IT.CAED/850592002.FACILITY,Centro Olio Val d'Agri
2023-10-31 12:00:00,0.28079000000000004,IT.CAED/850592002.FACILITY,Centro Olio Val d'Agri
2023-10-31 13:00:00,0.32764,IT.CAED/850592002.FACILITY,Centro Olio Val d'Agri
2023-10-31 14:00:00,0.33276,IT.CAED/850592002.FACILITY,Centro Olio Val d'Agri
2023-10-31 15:00:00,0.10062,IT.CAED/850592002.FACILITY,Centro Olio Val d'Agri
2023-10-31 16:00:00,0.012060000000000001,IT.CAED/850592002.FACILITY,Centro Olio Val d'Agri
2023-10-31 17:00:00,0.0,IT.CAED/850592002.FACILITY,Centro Olio Val d'Agri
2023-10-31 18:00:00,0.0,IT.CAED/850592002.FACILITY,Centro Olio Val d'Agri
2023-10-31 19:00:00,0.0,IT.CAED/850592002.FACILITY,Centro Olio Val d'Agri
2023-10-31 20:00:00,0.0,IT.CAED/850592002.FACILITY,Centro Olio Val d'Agri
2023-10-31 21:00:00,0.0,IT.CAED/850592002.FACILITY,Centro Olio Val d'Agri
2023-10-31 22:00:00,0.0,IT.CAED/850592002.FACILITY,Centro Olio Val d'Agri
2023-10-31 23:00:00,0.0,IT.CAED/850592002.FACILITY,Centro Olio Val d'Agri
2023-11-01 00:00:00,0.0,IT.CAED/850592002.FACILITY,Centro Olio Val d'Agri
2023-11-01 01:00:00,0.0,IT.CAED/850592002.FACILITY,Centro Olio Val d'Agri
2023-11-01 02:00:00,0.0,IT.CAED/850592002.FACILITY,Centro Olio Val d'Agri
2023-11-01 03:00:00,0.0,IT.CAED/850592002.FACILITY,Centro Olio Val d'Agri
2023-11-01 04:00:00,0.0,IT.CAED/850592002.FACILITY,Centro Olio Val d'Agri
2023-11-01 05:00:00,0.0,IT.CAED/850592002.FACILITY,Centro Olio Val d'Agri
2023-11-01 06:00:00,0.0,IT.CAED/850592002.FACILITY,Centro Olio Val d'Agri
2023-11-01 07:00:00,0.07335,IT.CAED/850592002.FACILITY,Centro Olio Val d'Agri
2023-11-01 08:00:00,0.22441,IT.CAED/850592002.FACILITY,Centro Olio Val d'Agri
2023-11-01 09:00:00,0.35808999999999996,IT.CAED/850592002.FACILITY,Centro Olio Val d'Agri
2023-11-01 10:00:00,0.40643,IT.CAED/850592002.FACILITY,Centro Olio Val d'Agri
2023-11-01 11:00:00,0.58692,IT.CAED/850592002.FACILITY,Centro Olio Val d'Agri
2023-11-01 12:00:00,0.26394999999999996,IT.CAED/850592002.FACILITY,Centro Olio Val d'Agri
2023-11-01 13:00:00,0.12861,IT.CAED/850592002.FACILITY,Centro Olio Val d'Agri
2023-11-01 14:00:00,0.037770000000000005,IT.CAED/850592002.FACILITY,Centro Olio Val d'Agri
2023-11-01 15:00:00,0.00915,IT.CAED/850592002.FACILITY,Centro Olio Val d'Agri
2023-11-01 16:00:00,0.0,IT.CAED/850592002.FACILITY,Centro Olio Val d'Agri
2023-11-01 17:00:00,0.0,IT.CAED/850592002.FACILITY,Centro Olio Val d'Agri
2023-11-01 18:00:00,0.0,IT.CAED/850592002.FACILITY,Centro Olio Val d'Agri
2023-11-01 19:00:00,0.0,IT.CAED/850592002.FACILITY,Centro Olio Val d'Agri
2023-11-01 20:00:00,0.0,IT.CAED/850592002.FACILITY,Centro Olio Val d'Agri
2023-11-01 21:00:00,0.0,IT.CAED/850592002.FACILITY,Centro Olio Val d'Agri
2023-11-01 22:00:00,0.0,IT.CAED/850592002.FACILITY,Centro Olio Val d'Agri
2023-11-01 23:00:00,0.0,IT.CAED/850592002.FACILITY,Centro Olio Val d'Agri
2023-11-02 00:00:00,0.0,IT.CAED/850592002.FACILITY,Centro Olio Val d'Agri
2023-11-02 01:00:00,0.0,IT.CAED/850592002.FACILITY,Centro Olio Val d'Agri
2023-11-02 02:00:00,0.0,IT.CAED/850592002.FACILITY,Centro Olio Val d'Agri
2023-11-02 03:00:00,0.0,IT.CAED/850592002.FACILITY,Centro Olio Val d'Agri
2023-11-02 04:00:00,0.0,IT.CAED/850592002.FACILITY,Centro Olio Val d'Agri
2023-11-02 05:00:00,0.0,IT.CAED/850592002.FACILITY,Centro Olio Val d'Agri
2023-11-02 06:00:00,0.0,IT.CAED/850592002.FACILITY,Centro Olio Val d'Agri
2023-11-02 07:00:00,0.08940000000000001,IT.CAED/850592002.FACILITY,Centro Olio Val d'Agri
2023-11-02 08:00:00,0.29335,IT.CAED/850592002.FACILITY,Centro Olio Val d'Agri
2023-11-02 09:00:00,0.56172,IT.CAED/850592002.FACILITY,Centro Olio Val d'Agri
2023-11-02 10:00:00,0.72037,IT.CAED/850592002.FACILITY,Centro Olio Val d'Agri
2023-11-02 11:00:00,0.74551,IT.CAED/850592002.FACILITY,Centro Olio Val d'Agri
2023-11-02 12:00:00,0.6708999999999999,IT.CAED/850592002.FACILITY,Centro Olio Val d'Agri
2023-11-02 13:00:00,0.36694,IT.CAED/850592002.FACILITY,Centro Olio Val d'Agri
2023-11-02 14:00:00,0.16795,IT.CAED/850592002.FACILITY,Centro Olio Val d'Agri
2023-11-02 15:00:00,0.06612,IT.CAED/850592002.FACILITY,Centro Olio Val d'Agri
2023-11-02 16:00:00,0.00544,IT.CAED/850592002.FACILITY,Centro Olio Val d'Agri
2023-11-02 17:00:00,0.0,IT.CAED/850592002.FACILITY,Centro Olio Val d'Agri
2023-11-02 18:00:00,0.0,IT.CAED/850592002.FACILITY,Centro Olio Val d'Agri
2023-11-02 19:00:00,0.0,IT.CAED/850592002.FACILITY,Centro Olio Val d'Agri
2023-11-02 20:00:00,0.0,IT.CAED/850592002.FACILITY,Centro Olio Val d'Agri
2023-11-02 21:00:00,0.0,IT.CAED/850592002.FACILITY,Centro Olio Val d'Agri
2023-11-02 22:00:00,0.0,IT.CAED/850592002.FACILITY,Centro Olio Val d'Agri
2023-11-02 23:00:00,0.0,IT.CAED/850592002.FACILITY,Centro Olio Val d'Agri
2023-11-03 00:00:00,0.0,IT.CAED/850592002.FACILITY,Centro Olio Val d'Agri
2023-11-03 01:00:00,0.0,IT.CAED/850592002.FACILITY,Centro Olio Val d'Agri
2023-11-03 02:00:00,0.0,IT.CAED/850592002.FACILITY,Centro Olio Val d'Agri
2023-11-03 03:00:00,0.0,IT.CAED/850592002.FACILITY,Centro Olio Val d'Agri
2023-11-03 04:00:00,0.0,IT.CAED/850592002.FACILITY,Centro Olio Val d'Agri
2023-11-03 05:00:00,0.0,IT.CAED/850592002.FACILITY,Centro Olio Val d'Agri
2023-11-03 06:00:00,0.0,IT.CAED/850592002.FACILITY,Centro Olio Val d'Agri
2023-11-03 07:00:00,0.027960000000000002,IT.CAED/850592002.FACILITY,Centro Olio Val d'Agri
2023-11-03 08:00:00,0.07135999999999999,IT.CAED/850592002.FACILITY,Centro Olio Val d'Agri
2023-11-03 09:00:00,0.20482,IT.CAED/850592002.FACILITY,Centro Olio Val d'Agri
2023-11-03 10:00:00,0.39582999999999996,IT.CAED/850592002.FACILITY,Centro Olio Val d'Agri
2023-11-03 11:00:00,0.23855,IT.CAED/850592002.FACILITY,Centro Olio Val d'Agri
2023-11-03 12:00:00,0.37544,IT.CAED/850592002.FACILITY,Centro Olio Val d'Agri
2023-11-03 13:00:00,0.43148000000000003,IT.CAED/850592002.FACILITY,Centro Olio Val d'Agri
2023-11-03 14:00:00,0.22681,IT.CAED/850592002.FACILITY,Centro Olio Val d'Agri
2023-11-03 15:00:00,0.24527000000000002,IT.CAED/850592002.FACILITY,Centro Olio Val d'Agri
2023-11-03 16:00:00,0.0414,IT.CAED/850592002.FACILITY,Centro Olio Val d'Agri
2023-11-03 17:00:00,0.0,IT.CAED/850592002.FACILITY,Centro Olio Val d'Agri
2023-11-03 18:00:00,0.0,IT.CAED/850592002.FACILITY,Centro Olio Val d'Agri
2023-11-03 19:00:00,0.0,IT.CAED/850592002.FACILITY,Centro Olio Val d'Agri
2023-11-03 20:00:00,0.0,IT.CAED/850592002.FACILITY,Centro Olio Val d'Agri
2023-11-03 21:00:00,0.0,IT.CAED/850592002.FACILITY,Centro Olio Val d'Agri
2023-11-03 22:00:00,0.0,IT.CAED/850592002.FACILITY,Centro Olio Val d'Agri
2023-11-03 23:00:00,0.0,IT.CAED/850592002.FACILITY,Centro Olio Val d'Agri
2023-11-04 00:00:00,0.0,IT.CAED/850592002.FACILITY,Centro Olio Val d'Agri
2023-11-04 01:00:00,0.0,IT.CAED/850592002.FACILITY,Centro Olio Val d'Agri
2023-11-04 02:00:00,0.0,IT.CAED/850592002.FACILITY,Centro Olio Val d'Agri
2023-11-04 03:00:00,0.0,IT.CAED/850592002.FACILITY,Centro Olio Val d'Agri
2023-11-04 04:00:00,0.0,IT.CAED/850592002.FACILITY,Centro Olio Val d'Agri
2023-11-04 05:00:00,0.0,IT.CAED/850592002.FACILITY,Centro Olio Val d'Agri
2023-11-04 06:00:00,0.0,IT.CAED/850592002.FACILITY,Centro Olio Val d'Agri
2023-11-04 07:00:00,0.13215000000000002,IT.CAED/850592002.FACILITY,Centro Olio Val d'Agri
2023-11-04 08:00:00,0.32252,IT.CAED/850592002.FACILITY,Centro Olio Val d'Agri
2023-11-04 09:00:00,0.5227999999999999,IT.CAED/850592002.FACILITY,Centro Olio Val d'Agri
2023-11-04 10:00:00,0.66762,IT.CAED/850592002.FACILITY,Centro Olio Val d'Agri
2023-11-04 11:00:00,0.8673500000000001,IT.CAED/850592002.FACILITY,Centro Olio Val d'Agri
2023-11-04 12:00:00,0.6895,IT.CAED/850592002.FACILITY,Centro Olio Val d'Agri
2023-11-04 13:00:00,0.55948,IT.CAED/850592002.FACILITY,Centro Olio Val d'Agri
2023-11-04 14:00:00,0.28787999999999997,IT.CAED/850592002.FACILITY,Centro Olio Val d'Agri
2023-11-04 15:00:00,0.21306,IT.CAED/850592002.FACILITY,Centro Olio Val d'Agri
2023-11-04 16:00:00,0.00362,IT.CAED/850592002.FACILITY,Centro Olio Val d'Agri
2023-11-04 17:00:00,0.0,IT.CAED/850592002.FACILITY,Centro Olio Val d'Agri
2023-11-04 18:00:00,0.0,IT.CAED/850592002.FACILITY,Centro Olio Val d'Agri
2023-11-04 19:00:00,0.0,IT.CAED/850592002.FACILITY,Centro Olio Val d'Agri
2023-11-04 20:00:00,0.0,IT.CAED/850592002.FACILITY,Centro Olio Val d'Agri
2023-11-04 21:00:00,0.0,IT.CAED/850592002.FACILITY,Centro Olio Val d'Agri
2023-11-04 22:00:00,0.0,IT.CAED/850592002.FACILITY,Centro Olio Val d'Agri
2023-11-04 23:00:00,0.0,IT.CAED/850592002.FACILITY,Centro Olio Val d'Agri
2023-11-05 00:00:00,0.0,IT.CAED/850592002.FACILITY,Centro Olio Val d'Agri
2023-11-05 01:00:00,0.0,IT.CAED/850592002.FACILITY,Centro Olio Val d'Agri
2023-11-05 02:00:00,0.0,IT.CAED/850592002.FACILITY,Centro Olio Val d'Agri
2023-11-05 03:00:00,0.0,IT.CAED/850592002.FACILITY,Centro Olio Val d'Agri
2023-11-05 04:00:00,0.0,IT.CAED/850592002.FACILITY,Centro Olio Val d'Agri
2023-11-05 05:00:00,0.0,IT.CAED/850592002.FACILITY,Centro Olio Val d'Agri
2023-11-05 06:00:00,0.0,IT.CAED/850592002.FACILITY,Centro Olio Val d'Agri
2023-11-05 07:00:00,0.20705,IT.CAED/850592002.FACILITY,Centro Olio Val d'Agri
2023-11-05 08:00:00,0.48529,IT.CAED/850592002.FACILITY,Centro Olio Val d'Agri
2023-11-05 09:00:00,0.52512,IT.CAED/850592002.FACILITY,Centro Olio Val d'Agri
2023-11-05 10:00:00,0.58337,IT.CAED/850592002.FACILITY,Centro Olio Val d'Agri
2023-11-05 11:00:00,0.36939,IT.CAED/850592002.FACILITY,Centro Olio Val d'Agri
2023-11-05 12:00:00,0.5411,IT.CAED/850592002.FACILITY,Centro Olio Val d'Agri
2023-11-05 13:00:00,0.5867100000000001,IT.CAED/850592002.FACILITY,Centro Olio Val d'Agri
2023-11-05 14:00:00,0.38852,IT.CAED/850592002.FACILITY,Centro Olio Val d'Agri
2023-11-05 15:00:00,0.18030000000000002,IT.CAED/850592002.FACILITY,Centro Olio Val d'Agri
2023-11-05 16:00:00,0.00219,IT.CAED/850592002.FACILITY,Centro Olio Val d'Agri
2023-11-05 17:00:00,0.0,IT.CAED/850592002.FACILITY,Centro Olio Val d'Agri
2023-11-05 18:00:00,0.0,IT.CAED/850592002.FACILITY,Centro Olio Val d'Agri
2023-11-05 19:00:00,0.0,IT.CAED/850592002.FACILITY,Centro Olio Val d'Agri
2023-11-05 20:00:00,0.0,IT.CAED/850592002.FACILITY,Centro Olio Val d'Agri
2023-11-05 21:00:00,0.0,IT.CAED/850592002.FACILITY,Centro Olio Val d'Agri
2023-11-05 22:00:00,0.0,IT.CAED/850592002.FACILITY,Centro Olio Val d'Agri
2023-11-05 23:00:00,0.0,IT.CAED/850592002.FACILITY,Centro Olio Val d'Agri
2023-11-06 00:00:00,0.0,IT.CAED/850592002.FACILITY,Centro Olio Val d'Agri
2023-11-06 01:00:00,0.0,IT.CAED/850592002.FACILITY,Centro Olio Val d'Agri
2023-11-06 02:00:00,0.0,IT.CAED/850592002.FACILITY,Centro Olio Val d'Agri
2023-11-06 03:00:00,0.0,IT.CAED/850592002.FACILITY,Centro Olio Val d'Agri
2023-11-06 04:00:00,0.0,IT.CAED/850592002.FACILITY,Centro Olio Val d'Agri
2023-11-06 05:00:00,0.0,IT.CAED/850592002.FACILITY,Centro Olio Val d'Agri
2023-11-06 06:00:00,0.0,IT.CAED/850592002.FACILITY,Centro Olio Val d'Agri
2023-11-06 07:00:00,0.17593999999999999,IT.CAED/850592002.FACILITY,Centro Olio Val d'Agri
2023-11-06 08:00:00,0.47689,IT.CAED/850592002.FACILITY,Centro Olio Val d'Agri
2023-11-06 09:00:00,0.65252,IT.CAED/850592002.FACILITY,Centro Olio Val d'Agri
2023-11-06 10:00:00,0.81009,IT.CAED/850592002.FACILITY,Centro Olio Val d'Agri
2023-11-06 11:00:00,0.82717,IT.CAED/850592002.FACILITY,Centro Olio Val d'Agri
2023-11-06 12:00:00,0.78586,IT.CAED/850592002.FACILITY,Centro Olio Val d'Agri
2023-11-06 13:00:00,0.71541,IT.CAED/850592002.FACILITY,Centro Olio Val d'Agri
2023-11-06 14:00:00,0.5259199999999999,IT.CAED/850592002.FACILITY,Centro Olio Val d'Agri
2023-11-06 15:00:00,0.28958,IT.CAED/850592002.FACILITY,Centro Olio Val d'Agri
2023-11-06 16:00:00,0.00352,IT.CAED/850592002.FACILITY,Centro Olio Val d'Agri
2023-11-06 17:00:00,0.0,IT.CAED/850592002.FACILITY,Centro Olio Val d'Agri
2023-11-06 18:00:00,0.0,IT.CAED/850592002.FACILITY,Centro Olio Val d'Agri
2023-11-06 19:00:00,0.0,IT.CAED/850592002.FACILITY,Centro Olio Val d'Agri
2023-11-06 20:00:00,0.0,IT.CAED/850592002.FACILITY,Centro Olio Val d'Agri
2023-11-06 21:00:00,0.0,IT.CAED/850592002.FACILITY,Centro Olio Val d'Agri
2023-11-06 22:00:00,0.0,IT.CAED/850592002.FACILITY,Centro Olio Val d'Agri
2023-11-06 23:00:00,0.0,IT.CAED/850592002.FACILITY,Centro Olio Val d'Agri
2023-11-07 00:00:00,0.0,IT.CAED/850592002.FACILITY,Centro Olio Val d'Agri
2023-11-07 01:00:00,0.0,IT.CAED/850592002.FACILITY,Centro Olio Val d'Agri
2023-11-07 02:00:00,0.0,IT.CAED/850592002.FACILITY,Centro Olio Val d'Agri
2023-11-07 03:00:00,0.0,IT.CAED/850592002.FACILITY,Centro Olio Val d'Agri
2023-11-07 04:00:00,0.0,IT.CAED/850592002.FACILITY,Centro Olio Val d'Agri
2023-11-07 05:00:00,0.0,IT.CAED/850592002.FACILITY,Centro Olio Val d'Agri
2023-11-07 06:00:00,0.0,IT.CAED/850592002.FACILITY,Centro Olio Val d'Agri
2023-11-07 07:00:00,0.09803,IT.CAED/850592002.FACILITY,Centro Olio Val d'Agri
2023-11-07 08:00:00,0.22451,IT.CAED/850592002.FACILITY,Centro Olio Val d'Agri
2023-11-07 09:00:00,0.45249,IT.CAED/850592002.FACILITY,Centro Olio Val d'Agri
2023-11-07 10:00:00,0.5579500000000001,IT.CAED/850592002.FACILITY,Centro Olio Val d'Agri
2023-11-07 11:00:00,0.59863,IT.CAED/850592002.FACILITY,Centro Olio Val d'Agri
2023-11-07 12:00:00,0.6973400000000001,IT.CAED/850592002.FACILITY,Centro Olio Val d'Agri
2023-11-07 13:00:00,0.6494800000000001,IT.CAED/850592002.FACILITY,Centro Olio Val d'Agri
2023-11-07 14:00:00,0.48433,IT.CAED/850592002.FACILITY,Centro Olio Val d'Agri
2023-11-07 15:00:00,0.23281,IT.CAED/850592002.FACILITY,Centro Olio Val d'Agri
2023-11-07 16:00:00,0.0029500000000000004,IT.CAED/850592002.FACILITY,Centro Olio Val d'Agri
2023-11-07 17:00:00,0.0,IT.CAED/850592002.FACILITY,Centro Olio Val d'Agri
2023-11-07 18:00:00,0.0,IT.CAED/850592002.FACILITY,Centro Olio Val d'Agri
2023-11-07 19:00:00,0.0,IT.CAED/850592002.FACILITY,Centro Olio Val d'Agri
2023-11-07 20:00:00,0.0,IT.CAED/850592002.FACILITY,Centro Olio Val d'Agri
2023-11-07 21:00:00,0.0,IT.CAED/850592002.FACILITY,Centro Olio Val d'Agri
2023-11-07 22:00:00,0.0,IT.CAED/850592002.FACILITY,Centro Olio Val d'Agri
2023-11-07 23:00:00,0.0,IT.CAED/850592002.FACILITY,Centro Olio Val d'Agri
2023-11-08 00:00:00,0.0,IT.CAED/850592002.FACILITY,Centro Olio Val d'Agri
2023-11-08 01:00:00,0.0,IT.CAED/850592002.FACILITY,Centro Olio Val d'Agri
2023-11-08 02:00:00,0.0,IT.CAED/850592002.FACILITY,Centro Olio Val d'Agri
2023-11-08 03:00:00,0.0,IT.CAED/850592002.FACILITY,Centro Olio Val d'Agri
2023-11-08 04:00:00,0.0,IT.CAED/850592002.FACILITY,Centro Olio Val d'Agri
2023-11-08 05:00:00,0.0,IT.CAED/850592002.FACILITY,Centro Olio Val d'Agri
2023-11-08 06:00:00,0.0,IT.CAED/850592002.FACILITY,Centro Olio Val d'Agri
2023-11-08 07:00:00,0.00107,IT.CAED/850592002.FACILITY,Centro Olio Val d'Agri
2023-11-08 08:00:00,0.01875,IT.CAED/850592002.FACILITY,Centro Olio Val d'Agri
2023-11-08 09:00:00,0.0308,IT.CAED/850592002.FACILITY,Centro Olio Val d'Agri
2023-11-08 10:00:00,0.09290000000000001,IT.CAED/850592002.FACILITY,Centro Olio Val d'Agri
2023-11-08 11:00:00,0.1438,IT.CAED/850592002.FACILITY,Centro Olio Val d'Agri
2023-11-08 12:00:00,0.04445,IT.CAED/850592002.FACILITY,Centro Olio Val d'Agri
2023-11-08 13:00:00,0.09336,IT.CAED/850592002.FACILITY,Centro Olio Val d'Agri
2023-11-08 14:00:00,0.23923,IT.CAED/850592002.FACILITY,Centro Olio Val d'Agri
2023-11-08 15:00:00,0.22016,IT.CAED/850592002.FACILITY,Centro Olio Val d'Agri
2023-11-08 16:00:00,0.00124,IT.CAED/850592002.FACILITY,Centro Olio Val d'Agri
2023-11-08 17:00:00,0.0,IT.CAED/850592002.FACILITY,Centro Olio Val d'Agri
2023-11-08 18:00:00,0.0,IT.CAED/850592002.FACILITY,Centro Olio Val d'Agri
2023-11-08 19:00:00,0.0,IT.CAED/850592002.FACILITY,Centro Olio Val d'Agri
2023-11-08 20:00:00,0.0,IT.CAED/850592002.FACILITY,Centro Olio Val d'Agri
2023-11-08 21:00:00,0.0,IT.CAED/850592002.FACILITY,Centro Olio Val d'Agri
2023-11-08 22:00:00,0.0,IT.CAED/850592002.FACILITY,Centro Olio Val d'Agri
2023-11-08 23:00:00,0.0,IT.CAED/850592002.FACILITY,Centro Olio Val d'Agri
2023-11-09 00:00:00,0.0,IT.CAED/850592002.FACILITY,Centro Olio Val d'Agri
2023-11-09 01:00:00,0.0,IT.CAED/850592002.FACILITY,Centro Olio Val d'Agri
2023-11-09 02:00:00,0.0,IT.CAED/850592002.FACILITY,Centro Olio Val d'Agri
2023-11-09 03:00:00,0.0,IT.CAED/850592002.FACILITY,Centro Olio Val d'Agri
2023-11-09 04:00:00,0.0,IT.CAED/850592002.FACILITY,Centro Olio Val d'Agri
2023-11-09 05:00:00,0.0,IT.CAED/850592002.FACILITY,Centro Olio Val d'Agri
2023-11-09 06:00:00,0.0,IT.CAED/850592002.FACILITY,Centro Olio Val d'Agri
2023-11-09 07:00:00,0.10298,IT.CAED/850592002.FACILITY,Centro Olio Val d'Agri
2023-11-09 08:00:00,0.39127,IT.CAED/850592002.FACILITY,Centro Olio Val d'Agri
2023-11-09 09:00:00,0.58084,IT.CAED/850592002.FACILITY,Centro Olio Val d'Agri
2023-11-09 10:00:00,0.75314,IT.CAED/850592002.FACILITY,Centro Olio Val d'Agri
2023-11-09 11:00:00,0.80808,IT.CAED/850592002.FACILITY,Centro Olio Val d'Agri
2023-11-09 12:00:00,0.65877,IT.CAED/850592002.FACILITY,Centro Olio Val d'Agri
2023-11-09 13:00:00,0.35516000000000003,IT.CAED/850592002.FACILITY,Centro Olio Val d'Agri
2023-11-09 14:00:00,0.17241,IT.CAED/850592002.FACILITY,Centro Olio Val d'Agri
2023-11-09 15:00:00,0.07816,IT.CAED/850592002.FACILITY,Centro Olio Val d'Agri
2023-11-09 16:00:00,0.00183,IT.CAED/850592002.FACILITY,Centro Olio Val d'Agri
2023-11-09 17:00:00,0.0,IT.CAED/850592002.FACILITY,Centro Olio Val d'Agri
2023-11-09 18:00:00,0.0,IT.CAED/850592002.FACILITY,Centro Olio Val d'Agri
2023-11-09 19:00:00,0.0,IT.CAED/850592002.FACILITY,Centro Olio Val d'Agri
2023-11-09 20:00:00,0.0,IT.CAED/850592002.FACILITY,Centro Olio Val d'Agri
2023-11-09 21:00:00,0.0,IT.CAED/850592002.FACILITY,Centro Olio Val d'Agri
2023-11-09 22:00:00,0.0,IT.CAED/850592002.FACILITY,Centro Olio Val d'Agri
2023-11-09 23:00:00,0.0,IT.CAED/850592002.FACILITY,Centro Olio Val d'Agri
2023-11-10 00:00:00,0.0,IT.CAED/850592002.FACILITY,Centro Olio Val d'Agri
2023-11-10 01:00:00,0.0,IT.CAED/850592002.FACILITY,Centro Olio Val d'Agri
2023-11-10 02:00:00,0.0,IT.CAED/850592002.FACILITY,Centro Olio Val d'Agri
2023-11-10 03:00:00,0.0,IT.CAED/850592002.FACILITY,Centro Olio Val d'Agri
2023-11-10 04:00:00,0.0,IT.CAED/850592002.FACILITY,Centro Olio Val d'Agri
2023-11-10 05:00:00,0.0,IT.CAED/850592002.FACILITY,Centro Olio Val d'Agri
2023-11-10 06:00:00,0.0,IT.CAED/850592002.FACILITY,Centro Olio Val d'Agri
2023-11-10 07:00:00,0.03172,IT.CAED/850592002.FACILITY,Centro Olio Val d'Agri
2023-11-10 08:00:00,0.07221999999999999,IT.CAED/850592002.FACILITY,Centro Olio Val d'Agri
2023-11-10 09:00:00,0.27892,IT.CAED/850592002.FACILITY,Centro Olio Val d'Agri
2023-11-10 10:00:00,0.45732,IT.CAED/850592002.FACILITY,Centro Olio Val d'Agri
2023-11-10 11:00:00,0.567,IT.CAED/850592002.FACILITY,Centro Olio Val d'Agri
2023-11-10 12:00:00,0.39902,IT.CAED/850592002.FACILITY,Centro Olio Val d'Agri
2023-11-10 13:00:00,0.35441,IT.CAED/850592002.FACILITY,Centro Olio Val d'Agri
2023-11-10 14:00:00,0.20312,IT.CAED/850592002.FACILITY,Centro Olio Val d'Agri
2023-11-10 15:00:00,0.10006,IT.CAED/850592002.FACILITY,Centro Olio Val d'Agri
2023-11-10 16:00:00,0.0011899999999999999,IT.CAED/850592002.FACILITY,Centro Olio Val d'Agri
2023-11-10 17:00:00,0.0,IT.CAED/850592002.FACILITY,Centro Olio Val d'Agri
2023-11-10 18:00:00,0.0,IT.CAED/850592002.FACILITY,Centro Olio Val d'Agri
2023-11-10 19:00:00,0.0,IT.CAED/850592002.FACILITY,Centro Olio Val d'Agri
2023-11-10 20:00:00,0.0,IT.CAED/850592002.FACILITY,Centro Olio Val d'Agri
2023-11-10 21:00:00,0.0,IT.CAED/850592002.FACILITY,Centro Olio Val d'Agri
2023-11-10 22:00:00,0.0,IT.CAED/850592002.FACILITY,Centro Olio Val d'Agri
2023-11-10 23:00:00,0.0,IT.CAED/850592002.FACILITY,Centro Olio Val d'Agri
2023-11-11 00:00:00,0.0,IT.CAED/850592002.FACILITY,Centro Olio Val d'Agri
2023-11-11 01:00:00,0.0,IT.CAED/850592002.FACILITY,Centro Olio Val d'Agri
2023-11-11 02:00:00,0.0,IT.CAED/850592002.FACILITY,Centro Olio Val d'Agri
2023-11-11 03:00:00,0.0,IT.CAED/850592002.FACILITY,Centro Olio Val d'Agri
2023-11-11 04:00:00,0.0,IT.CAED/850592002.FACILITY,Centro Olio Val d'Agri
2023-11-11 05:00:00,0.0,IT.CAED/850592002.FACILITY,Centro Olio Val d'Agri
2023-11-11 06:00:00,0.0,IT.CAED/850592002.FACILITY,Centro Olio Val d'Agri
2023-11-11 07:00:00,0.10385,IT.CAED/850592002.FACILITY,Centro Olio Val d'Agri
2023-11-11 08:00:00,0.39285000000000003,IT.CAED/850592002.FACILITY,Centro Olio Val d'Agri
2023-11-11 09:00:00,0.53639,IT.CAED/850592002.FACILITY,Centro Olio Val d'Agri
2023-11-11 10:00:00,0.69538,IT.CAED/850592002.FACILITY,Centro Olio Val d'Agri
2023-11-11 11:00:00,0.5367999999999999,IT.CAED/850592002.FACILITY,Centro Olio Val d'Agri
2023-11-11 12:00:00,0.54767,IT.CAED/850592002.FACILITY,Centro Olio Val d'Agri
2023-11-11 13:00:00,0.51301,IT.CAED/850592002.FACILITY,Centro Olio Val d'Agri
2023-11-11 14:00:00,0.50003,IT.CAED/850592002.FACILITY,Centro Olio Val d'Agri
2023-11-11 15:00:00,0.2367,IT.CAED/850592002.FACILITY,Centro Olio Val d'Agri
2023-11-11 16:00:00,0.0014399999999999999,IT.CAED/850592002.FACILITY,Centro Olio Val d'Agri
2023-11-11 17:00:00,0.0,IT.CAED/850592002.FACILITY,Centro Olio Val d'Agri
2023-11-11 18:00:00,0.0,IT.CAED/850592002.FACILITY,Centro Olio Val d'Agri
2023-11-11 19:00:00,0.0,IT.CAED/850592002.FACILITY,Centro Olio Val d'Agri
2023-11-11 20:00:00,0.0,IT.CAED/850592002.FACILITY,Centro Olio Val d'Agri
2023-11-11 21:00:00,0.0,IT.CAED/850592002.FACILITY,Centro Olio Val d'Agri
2023-11-11 22:00:00,0.0,IT.CAED/850592002.FACILITY,Centro Olio Val d'Agri
2023-11-11 23:00:00,0.0,IT.CAED/850592002.FACILITY,Centro Olio Val d'Agri
2023-11-12 00:00:00,0.0,IT.CAED/850592002.FACILITY,Centro Olio Val d'Agri
2023-11-12 01:00:00,0.0,IT.CAED/850592002.FACILITY,Centro Olio Val d'Agri
2023-11-12 02:00:00,0.0,IT.CAED/850592002.FACILITY,Centro Olio Val d'Agri
2023-11-12 03:00:00,0.0,IT.CAED/850592002.FACILITY,Centro Olio Val d'Agri
2023-11-12 04:00:00,0.0,IT.CAED/850592002.FACILITY,Centro Olio Val d'Agri
2023-11-12 05:00:00,0.0,IT.CAED/850592002.FACILITY,Centro Olio Val d'Agri
2023-11-12 06:00:00,0.0,IT.CAED/850592002.FACILITY,Centro Olio Val d'Agri
2023-11-12 07:00:00,0.06752,IT.CAED/850592002.FACILITY,Centro Olio Val d'Agri
2023-11-12 08:00:00,0.11456000000000001,IT.CAED/850592002.FACILITY,Centro Olio Val d'Agri
2023-11-12 09:00:00,0.17980000000000002,IT.CAED/850592002.FACILITY,Centro Olio Val d'Agri
2023-11-12 10:00:00,0.37077,IT.CAED/850592002.FACILITY,Centro Olio Val d'Agri
2023-11-12 11:00:00,0.35095,IT.CAED/850592002.FACILITY,Centro Olio Val d'Agri
2023-11-12 12:00:00,0.47599,IT.CAED/850592002.FACILITY,Centro Olio Val d'Agri
2023-11-12 13:00:00,0.2532,IT.CAED/850592002.FACILITY,Centro Olio Val d'Agri
2023-11-12 14:00:00,0.11293,IT.CAED/850592002.FACILITY,Centro Olio Val d'Agri
2023-11-12 15:00:00,0.031219999999999998,IT.CAED/850592002.FACILITY,Centro Olio Val d'Agri
2023-11-12 16:00:00,0.0,IT.CAED/850592002.FACILITY,Centro Olio Val d'Agri
2023-11-12 17:00:00,0.0,IT.CAED/850592002.FACILITY,Centro Olio Val d'Agri
2023-11-12 18:00:00,0.0,IT.CAED/850592002.FACILITY,Centro Olio Val d'Agri
2023-11-12 19:00:00,0.0,IT.CAED/850592002.FACILITY,Centro Olio Val d'Agri
2023-11-12 20:00:00,0.0,IT.CAED/850592002.FACILITY,Centro Olio Val d'Agri
2023-11-12 21:00:00,0.0,IT.CAED/850592002.FACILITY,Centro Olio Val d'Agri
2023-11-12 22:00:00,0.0,IT.CAED/850592002.FACILITY,Centro Olio Val d'Agri
2023-11-12 23:00:00,0.0,IT.CAED/850592002.FACILITY,Centro Olio Val d'Agri
2023-11-13 00:00:00,0.0,IT.CAED/850592002.FACILITY,Centro Olio Val d'Agri
2023-11-13 01:00:00,0.0,IT.CAED/850592002.FACILITY,Centro Olio Val d'Agri
2023-11-13 02:00:00,0.0,IT.CAED/850592002.FACILITY,Centro Olio Val d'Agri
2023-11-13 03:00:00,0.0,IT.CAED/850592002.FACILITY,Centro Olio Val d'Agri
2023-11-13 04:00:00,0.0,IT.CAED/850592002.FACILITY,Centro Olio Val d'Agri
2023-11-13 05:00:00,0.0,IT.CAED/850592002.FACILITY,Centro Olio Val d'Agri
2023-11-13 06:00:00,0.0,IT.CAED/850592002.FACILITY,Centro Olio Val d'Agri
2023-11-13 07:00:00,0.11806,IT.CAED/850592002.FACILITY,Centro Olio Val d'Agri
2023-11-13 08:00:00,0.41486,IT.CAED/850592002.FACILITY,Centro Olio Val d'Agri
2023-11-13 09:00:00,0.66813,IT.CAED/850592002.FACILITY,Centro Olio Val d'Agri
2023-11-13 10:00:00,0.80325,IT.CAED/850592002.FACILITY,Centro Olio Val d'Agri
2023-11-13 11:00:00,0.83709,IT.CAED/850592002.FACILITY,Centro Olio Val d'Agri
2023-11-13 12:00:00,0.80413,IT.CAED/850592002.FACILITY,Centro Olio Val d'Agri
2023-11-13 13:00:00,0.68384,IT.CAED/850592002.FACILITY,Centro Olio Val d'Agri
2023-11-13 14:00:00,0.53685,IT.CAED/850592002.FACILITY,Centro Olio Val d'Agri
2023-11-13 15:00:00,0.27931,IT.CAED/850592002.FACILITY,Centro Olio Val d'Agri
2023-11-13 16:00:00,0.00114,IT.CAED/850592002.FACILITY,Centro Olio Val d'Agri
2023-11-13 17:00:00,0.0,IT.CAED/850592002.FACILITY,Centro Olio Val d'Agri
2023-11-13 18:00:00,0.0,IT.CAED/850592002.FACILITY,Centro Olio Val d'Agri
2023-11-13 19:00:00,0.0,IT.CAED/850592002.FACILITY,Centro Olio Val d'Agri
2023-11-13 20:00:00,0.0,IT.CAED/850592002.FACILITY,Centro Olio Val d'Agri
2023-11-13 21:00:00,0.0,IT.CAED/850592002.FACILITY,Centro Olio Val d'Agri
2023-11-13 22:00:00,0.0,IT.CAED/850592002.FACILITY,Centro Olio Val d'Agri
2023-11-13 23:00:00,0.0,IT.CAED/850592002.FACILITY,Centro Olio Val d'Agri
2023-11-14 00:00:00,0.0,IT.CAED/850592002.FACILITY,Centro Olio Val d'Agri
2023-11-14 01:00:00,0.0,IT.CAED/850592002.FACILITY,Centro Olio Val d'Agri
2023-11-14 02:00:00,0.0,IT.CAED/850592002.FACILITY,Centro Olio Val d'Agri
2023-11-14 03:00:00,0.0,IT.CAED/850592002.FACILITY,Centro Olio Val d'Agri
2023-11-14 04:00:00,0.0,IT.CAED/850592002.FACILITY,Centro Olio Val d'Agri
2023-11-14 05:00:00,0.0,IT.CAED/850592002.FACILITY,Centro Olio Val d'Agri
2023-11-14 06:00:00,0.0,IT.CAED/850592002.FACILITY,Centro Olio Val d'Agri
2023-11-14 07:00:00,0.06401000000000001,IT.CAED/850592002.FACILITY,Centro Olio Val d'Agri
2023-11-14 08:00:00,0.17949,IT.CAED/850592002.FACILITY,Centro Olio Val d'Agri
2023-11-14 09:00:00,0.30283,IT.CAED/850592002.FACILITY,Centro Olio Val d'Agri
2023-11-14 10:00:00,0.59764,IT.CAED/850592002.FACILITY,Centro Olio Val d'Agri
2023-11-14 11:00:00,0.54975,IT.CAED/850592002.FACILITY,Centro Olio Val d'Agri
2023-11-14 12:00:00,0.5366799999999999,IT.CAED/850592002.FACILITY,Centro Olio Val d'Agri
2023-11-14 13:00:00,0.41156,IT.CAED/850592002.FACILITY,Centro Olio Val d'Agri
2023-11-14 14:00:00,0.41275,IT.CAED/850592002.FACILITY,Centro Olio Val d'Agri
2023-11-14 15:00:00,0.25648000000000004,IT.CAED/850592002.FACILITY,Centro Olio Val d'Agri
2023-11-14 16:00:00,0.00106,IT.CAED/850592002.FACILITY,Centro Olio Val d'Agri
2023-11-14 17:00:00,0.0,IT.CAED/850592002.FACILITY,Centro Olio Val d'Agri
2023-11-14 18:00:00,0.0,IT.CAED/850592002.FACILITY,Centro Olio Val d'Agri
2023-11-14 19:00:00,0.0,IT.CAED/850592002.FACILITY,Centro Olio Val d'Agri
2023-11-14 20:00:00,0.0,IT.CAED/850592002.FACILITY,Centro Olio Val d'Agri
2023-11-14 21:00:00,0.0,IT.CAED/850592002.FACILITY,Centro Olio Val d'Agri
2023-11-14 22:00:00,0.0,IT.CAED/850592002.FACILITY,Centro Olio Val d'Agri
2023-11-14 23:00:00,0.0,IT.CAED/850592002.FACILITY,Centro Olio Val d'Agri
2023-11-15 00:00:00,0.0,IT.CAED/850592002.FACILITY,Centro Olio Val d'Agri
2023-11-15 01:00:00,0.0,IT.CAED/850592002.FACILITY,Centro Olio Val d'Agri
2023-11-15 02:00:00,0.0,IT.CAED/850592002.FACILITY,Centro Olio Val d'Agri
2023-11-15 03:00:00,0.0,IT.CAED/850592002.FACILITY,Centro Olio Val d'Agri
2023-11-15 04:00:00,0.0,IT.CAED/850592002.FACILITY,Centro Olio Val d'Agri
2023-11-15 05:00:00,0.0,IT.CAED/850592002.FACILITY,Centro Olio Val d'Agri
2023-11-15 06:00:00,0.0,IT.CAED/850592002.FACILITY,Centro Olio Val d'Agri
2023-11-15 07:00:00,0.05551,IT.CAED/850592002.FACILITY,Centro Olio Val d'Agri
2023-11-15 08:00:00,0.15461000000000003,IT.CAED/850592002.FACILITY,Centro Olio Val d'Agri
2023-11-15 09:00:00,0.33748,IT.CAED/850592002.FACILITY,Centro Olio Val d'Agri
2023-11-15 10:00:00,0.5055,IT.CAED/850592002.FACILITY,Centro Olio Val d'Agri
2023-11-15 11:00:00,0.6393300000000001,IT.CAED/850592002.FACILITY,Centro Olio Val d'Agri
2023-11-15 12:00:00,0.5854400000000001,IT.CAED/850592002.FACILITY,Centro Olio Val d'Agri
2023-11-15 13:00:00,0.57836,IT.CAED/850592002.FACILITY,Centro Olio Val d'Agri
2023-11-15 14:00:00,0.46561,IT.CAED/850592002.FACILITY,Centro Olio Val d'Agri
2023-11-15 15:00:00,0.24437,IT.CAED/850592002.FACILITY,Centro Olio Val d'Agri
2023-11-15 16:00:00,0.0008,IT.CAED/850592002.FACILITY,Centro Olio Val d'Agri
2023-11-15 17:00:00,0.0,IT.CAED/850592002.FACILITY,Centro Olio Val d'Agri
2023-11-15 18:00:00,0.0,IT.CAED/850592002.FACILITY,Centro Olio Val d'Agri
2023-11-15 19:00:00,0.0,IT.CAED/850592002.FACILITY,Centro Olio Val d'Agri
2023-11-15 20:00:00,0.0,IT.CAED/850592002.FACILITY,Centro Olio Val d'Agri
2023-11-15 21:00:00,0.0,IT.CAED/850592002.FACILITY,Centro Olio Val d'Agri
2023-11-15 22:00:00,0.0,IT.CAED/850592002.FACILITY,Centro Olio Val d'Agri
2023-11-15 23:00:00,0.0,IT.CAED/850592002.FACILITY,Centro Olio Val d'Agri
2023-11-16 00:00:00,0.0,IT.CAED/850592002.FACILITY,Centro Olio Val d'Agri
2023-11-16 01:00:00,0.0,IT.CAED/850592002.FACILITY,Centro Olio Val d'Agri
2023-11-16 02:00:00,0.0,IT.CAED/850592002.FACILITY,Centro Olio Val d'Agri
2023-11-16 03:00:00,0.0,IT.CAED/850592002.FACILITY,Centro Olio Val d'Agri
2023-11-16 04:00:00,0.0,IT.CAED/850592002.FACILITY,Centro Olio Val d'Agri
2023-11-16 05:00:00,0.0,IT.CAED/850592002.FACILITY,Centro Olio Val d'Agri
2023-11-16 06:00:00,0.0,IT.CAED/850592002.FACILITY,Centro Olio Val d'Agri
2023-11-16 07:00:00,0.09059,IT.CAED/850592002.FACILITY,Centro Olio Val d'Agri
2023-11-16 08:00:00,0.24781999999999998,IT.CAED/850592002.FACILITY,Centro Olio Val d'Agri
2023-11-16 09:00:00,0.56712,IT.CAED/850592002.FACILITY,Centro Olio Val d'Agri
2023-11-16 10:00:00,0.73549,IT.CAED/850592002.FACILITY,Centro Olio Val d'Agri
2023-11-16 11:00:00,0.75228,IT.CAED/850592002.FACILITY,Centro Olio Val d'Agri
2023-11-16 12:00:00,0.64067,IT.CAED/850592002.FACILITY,Centro Olio Val d'Agri
2023-11-16 13:00:00,0.32479,IT.CAED/850592002.FACILITY,Centro Olio Val d'Agri
2023-11-16 14:00:00,0.20312,IT.CAED/850592002.FACILITY,Centro Olio Val d'Agri
2023-11-16 15:00:00,0.18469999999999998,IT.CAED/850592002.FACILITY,Centro Olio Val d'Agri
2023-11-16 16:00:00,0.0,IT.CAED/850592002.FACILITY,Centro Olio Val d'Agri
2023-11-16 17:00:00,0.0,IT.CAED/850592002.FACILITY,Centro Olio Val d'Agri
2023-11-16 18:00:00,0.0,IT.CAED/850592002.FACILITY,Centro Olio Val d'Agri
2023-11-16 19:00:00,0.0,IT.CAED/850592002.FACILITY,Centro Olio Val d'Agri
2023-11-16 20:00:00,0.0,IT.CAED/850592002.FACILITY,Centro Olio Val d'Agri
2023-11-16 21:00:00,0.0,IT.CAED/850592002.FACILITY,Centro Olio Val d'Agri
2023-11-16 22:00:00,0.0,IT.CAED/850592002.FACILITY,Centro Olio Val d'Agri
2023-11-16 23:00:00,0.0,IT.CAED/850592002.FACILITY,Centro Olio Val d'Agri
2023-11-17 00:00:00,0.0,IT.CAED/850592002.FACILITY,Centro Olio Val d'Agri
2023-11-17 01:00:00,0.0,IT.CAED/850592002.FACILITY,Centro Olio Val d'Agri
2023-11-17 02:00:00,0.0,IT.CAED/850592002.FACILITY,Centro Olio Val d'Agri
2023-11-17 03:00:00,0.0,IT.CAED/850592002.FACILITY,Centro Olio Val d'Agri
2023-11-17 04:00:00,0.0,IT.CAED/850592002.FACILITY,Centro Olio Val d'Agri
2023-11-17 05:00:00,0.0,IT.CAED/850592002.FACILITY,Centro Olio Val d'Agri
2023-11-17 06:00:00,0.0,IT.CAED/850592002.FACILITY,Centro Olio Val d'Agri
2023-11-17 07:00:00,0.04174,IT.CAED/850592002.FACILITY,Centro Olio Val d'Agri
2023-11-17 08:00:00,0.18427000000000002,IT.CAED/850592002.FACILITY,Centro Olio Val d'Agri
2023-11-17 09:00:00,0.23889,IT.CAED/850592002.FACILITY,Centro Olio Val d'Agri
2023-11-17 10:00:00,0.5650299999999999,IT.CAED/850592002.FACILITY,Centro Olio Val d'Agri
2023-11-17 11:00:00,0.78903,IT.CAED/850592002.FACILITY,Centro Olio Val d'Agri
2023-11-17 12:00:00,0.65944,IT.CAED/850592002.FACILITY,Centro Olio Val d'Agri
2023-11-17 13:00:00,0.6275,IT.CAED/850592002.FACILITY,Centro Olio Val d'Agri
2023-11-17 14:00:00,0.4412,IT.CAED/850592002.FACILITY,Centro Olio Val d'Agri
2023-11-17 15:00:00,0.21928999999999998,IT.CAED/850592002.FACILITY,Centro Olio Val d'Agri
2023-11-17 16:00:00,0.0008900000000000001,IT.CAED/850592002.FACILITY,Centro Olio Val d'Agri
2023-11-17 17:00:00,0.0,IT.CAED/850592002.FACILITY,Centro Olio Val d'Agri
2023-11-17 18:00:00,0.0,IT.CAED/850592002.FACILITY,Centro Olio Val d'Agri
2023-11-17 19:00:00,0.0,IT.CAED/850592002.FACILITY,Centro Olio Val d'Agri
2023-11-17 20:00:00,0.0,IT.CAED/850592002.FACILITY,Centro Olio Val d'Agri
2023-11-17 21:00:00,0.0,IT.CAED/850592002.FACILITY,Centro Olio Val d'Agri
2023-11-17 22:00:00,0.0,IT.CAED/850592002.FACILITY,Centro Olio Val d'Agri
2023-11-17 23:00:00,0.0,IT.CAED/850592002.FACILITY,Centro Olio Val d'Agri
2023-11-18 00:00:00,0.0,IT.CAED/850592002.FACILITY,Centro Olio Val d'Agri
2023-11-18 01:00:00,0.0,IT.CAED/850592002.FACILITY,Centro Olio Val d'Agri
2023-11-18 02:00:00,0.0,IT.CAED/850592002.FACILITY,Centro Olio Val d'Agri
2023-11-18 03:00:00,0.0,IT.CAED/850592002.FACILITY,Centro Olio Val d'Agri
2023-11-18 04:00:00,0.0,IT.CAED/850592002.FACILITY,Centro Olio Val d'Agri
2023-11-18 05:00:00,0.0,IT.CAED/850592002.FACILITY,Centro Olio Val d'Agri
2023-11-18 06:00:00,0.0,IT.CAED/850592002.FACILITY,Centro Olio Val d'Agri
2023-11-18 07:00:00,0.21497,IT.CAED/850592002.FACILITY,Centro Olio Val d'Agri
2023-11-18 08:00:00,0.51952,IT.CAED/850592002.FACILITY,Centro Olio Val d'Agri
2023-11-18 09:00:00,0.73697,IT.CAED/850592002.FACILITY,Centro Olio Val d'Agri
2023-11-18 10:00:00,0.87126,IT.CAED/850592002.FACILITY,Centro Olio Val d'Agri
2023-11-18 11:00:00,0.92245,IT.CAED/850592002.FACILITY,Centro Olio Val d'Agri
2023-11-18 12:00:00,0.8939900000000001,IT.CAED/850592002.FACILITY,Centro Olio Val d'Agri
2023-11-18 13:00:00,0.78508,IT.CAED/850592002.FACILITY,Centro Olio Val d'Agri
2023-11-18 14:00:00,0.59573,IT.CAED/850592002.FACILITY,Centro Olio Val d'Agri
2023-11-18 15:00:00,0.32353,IT.CAED/850592002.FACILITY,Centro Olio Val d'Agri
2023-11-18 16:00:00,0.0005899999999999999,IT.CAED/850592002.FACILITY,Centro Olio Val d'Agri
2023-11-18 17:00:00,0.0,IT.CAED/850592002.FACILITY,Centro Olio Val d'Agri
2023-11-18 18:00:00,0.0,IT.CAED/850592002.FACILITY,Centro Olio Val d'Agri
2023-11-18 19:00:00,0.0,IT.CAED/850592002.FACILITY,Centro Olio Val d'Agri
2023-11-18 20:00:00,0.0,IT.CAED/850592002.FACILITY,Centro Olio Val d'Agri
2023-11-18 21:00:00,0.0,IT.CAED/850592002.FACILITY,Centro Olio Val d'Agri
2023-11-18 22:00:00,0.0,IT.CAED/850592002.FACILITY,Centro Olio Val d'Agri
2023-11-18 23:00:00,0.0,IT.CAED/850592002.FACILITY,Centro Olio Val d'Agri
2023-11-19 00:00:00,0.0,IT.CAED/850592002.FACILITY,Centro Olio Val d'Agri
2023-11-19 01:00:00,0.0,IT.CAED/850592002.FACILITY,Centro Olio Val d'Agri
2023-11-19 02:00:00,0.0,IT.CAED/850592002.FACILITY,Centro Olio Val d'Agri
2023-11-19 03:00:00,0.0,IT.CAED/850592002.FACILITY,Centro Olio Val d'Agri
2023-11-19 04:00:00,0.0,IT.CAED/850592002.FACILITY,Centro Olio Val d'Agri
2023-11-19 05:00:00,0.0,IT.CAED/850592002.FACILITY,Centro Olio Val d'Agri
2023-11-19 06:00:00,0.0,IT.CAED/850592002.FACILITY,Centro Olio Val d'Agri
2023-11-19 07:00:00,0.21023,IT.CAED/850592002.FACILITY,Centro Olio Val d'Agri
2023-11-19 08:00:00,0.48379,IT.CAED/850592002.FACILITY,Centro Olio Val d'Agri
2023-11-19 09:00:00,0.67714,IT.CAED/850592002.FACILITY,Centro Olio Val d'Agri
2023-11-19 10:00:00,0.79662,IT.CAED/850592002.FACILITY,Centro Olio Val d'Agri
2023-11-19 11:00:00,0.84357,IT.CAED/850592002.FACILITY,Centro Olio Val d'Agri
2023-11-19 12:00:00,0.81808,IT.CAED/850592002.FACILITY,Centro Olio Val d'Agri
2023-11-19 13:00:00,0.71957,IT.CAED/850592002.FACILITY,Centro Olio Val d'Agri
2023-11-19 14:00:00,0.546,IT.CAED/850592002.FACILITY,Centro Olio Val d'Agri
2023-11-19 15:00:00,0.29387,IT.CAED/850592002.FACILITY,Centro Olio Val d'Agri
2023-11-19 16:00:00,0.00039,IT.CAED/850592002.FACILITY,Centro Olio Val d'Agri
2023-11-19 17:00:00,0.0,IT.CAED/850592002.FACILITY,Centro Olio Val d'Agri
2023-11-19 18:00:00,0.0,IT.CAED/850592002.FACILITY,Centro Olio Val d'Agri
2023-11-19 19:00:00,0.0,IT.CAED/850592002.FACILITY,Centro Olio Val d'Agri
2023-11-19 20:00:00,0.0,IT.CAED/850592002.FACILITY,Centro Olio Val d'Agri
2023-11-19 21:00:00,0.0,IT.CAED/850592002.FACILITY,Centro Olio Val d'Agri
2023-11-19 22:00:00,0.0,IT.CAED/850592002.FACILITY,Centro Olio Val d'Agri
2023-11-19 23:00:00,0.0,IT.CAED/850592002.FACILITY,Centro Olio Val d'Agri
2023-11-20 00:00:00,0.0,IT.CAED/850592002.FACILITY,Centro Olio Val d'Agri
2023-11-20 01:00:00,0.0,IT.CAED/850592002.FACILITY,Centro Olio Val d'Agri
2023-11-20 02:00:00,0.0,IT.CAED/850592002.FACILITY,Centro Olio Val d'Agri
2023-11-20 03:00:00,0.0,IT.CAED/850592002.FACILITY,Centro Olio Val d'Agri
2023-11-20 04:00:00,0.0,IT.CAED/850592002.FACILITY,Centro Olio Val d'Agri
2023-11-20 05:00:00,0.0,IT.CAED/850592002.FACILITY,Centro Olio Val d'Agri
2023-11-20 06:00:00,0.0,IT.CAED/850592002.FACILITY,Centro Olio Val d'Agri
2023-11-20 07:00:00,0.04586,IT.CAED/850592002.FACILITY,Centro Olio Val d'Agri
2023-11-20 08:00:00,0.13654,IT.CAED/850592002.FACILITY,Centro Olio Val d'Agri
2023-11-20 09:00:00,0.21414,IT.CAED/850592002.FACILITY,Centro Olio Val d'Agri
2023-11-20 10:00:00,0.30106,IT.CAED/850592002.FACILITY,Centro Olio Val d'Agri
2023-11-20 11:00:00,0.29971,IT.CAED/850592002.FACILITY,Centro Olio Val d'Agri
2023-11-20 12:00:00,0.41134,IT.CAED/850592002.FACILITY,Centro Olio Val d'Agri
2023-11-20 13:00:00,0.31410000000000005,IT.CAED/850592002.FACILITY,Centro Olio Val d'Agri
2023-11-20 14:00:00,0.21381999999999998,IT.CAED/850592002.FACILITY,Centro Olio Val d'Agri
2023-11-20 15:00:00,0.13474,IT.CAED/850592002.FACILITY,Centro Olio Val d'Agri
2023-11-20 16:00:00,0.00019,IT.CAED/850592002.FACILITY,Centro Olio Val d'Agri
2023-11-20 17:00:00,0.0,IT.CAED/850592002.FACILITY,Centro Olio Val d'Agri
2023-11-20 18:00:00,0.0,IT.CAED/850592002.FACILITY,Centro Olio Val d'Agri
2023-11-20 19:00:00,0.0,IT.CAED/850592002.FACILITY,Centro Olio Val d'Agri
2023-11-20 20:00:00,0.0,IT.CAED/850592002.FACILITY,Centro Olio Val d'Agri
2023-11-20 21:00:00,0.0,IT.CAED/850592002.FACILITY,Centro Olio Val d'Agri
2023-11-20 22:00:00,0.0,IT.CAED/850592002.FACILITY,Centro Olio Val d'Agri
2023-11-20 23:00:00,0.0,IT.CAED/850592002.FACILITY,Centro Olio Val d'Agri
2023-11-21 00:00:00,0.0,IT.CAED/850592002.FACILITY,Centro Olio Val d'Agri
2023-11-21 01:00:00,0.0,IT.CAED/850592002.FACILITY,Centro Olio Val d'Agri
2023-11-21 02:00:00,0.0,IT.CAED/850592002.FACILITY,Centro Olio Val d'Agri
2023-11-21 03:00:00,0.0,IT.CAED/850592002.FACILITY,Centro Olio Val d'Agri
2023-11-21 04:00:00,0.0,IT.CAED/850592002.FACILITY,Centro Olio Val d'Agri
2023-11-21 05:00:00,0.0,IT.CAED/850592002.FACILITY,Centro Olio Val d'Agri
2023-11-21 06:00:00,0.0,IT.CAED/850592002.FACILITY,Centro Olio Val d'Agri
2023-11-21 07:00:00,0.07429999999999999,IT.CAED/850592002.FACILITY,Centro Olio Val d'Agri
2023-11-21 08:00:00,0.24461000000000002,IT.CAED/850592002.FACILITY,Centro Olio Val d'Agri
2023-11-21 09:00:00,0.48598,IT.CAED/850592002.FACILITY,Centro Olio Val d'Agri
2023-11-21 10:00:00,0.49216000000000004,IT.CAED/850592002.FACILITY,Centro Olio Val d'Agri
2023-11-21 11:00:00,0.44129,IT.CAED/850592002.FACILITY,Centro Olio Val d'Agri
2023-11-21 12:00:00,0.29713999999999996,IT.CAED/850592002.FACILITY,Centro Olio Val d'Agri
2023-11-21 13:00:00,0.20933000000000002,IT.CAED/850592002.FACILITY,Centro Olio Val d'Agri
2023-11-21 14:00:00,0.09420999999999999,IT.CAED/850592002.FACILITY,Centro Olio Val d'Agri
2023-11-21 15:00:00,0.02945,IT.CAED/850592002.FACILITY,Centro Olio Val d'Agri
2023-11-21 16:00:00,0.0,IT.CAED/850592002.FACILITY,Centro Olio Val d'Agri
2023-11-21 17:00:00,0.0,IT.CAED/850592002.FACILITY,Centro Olio Val d'Agri
2023-11-21 18:00:00,0.0,IT.CAED/850592002.FACILITY,Centro Olio Val d'Agri
2023-11-21 19:00:00,0.0,IT.CAED/850592002.FACILITY,Centro Olio Val d'Agri
2023-11-21 20:00:00,0.0,IT.CAED/850592002.FACILITY,Centro Olio Val d'Agri
2023-11-21 21:00:00,0.0,IT.CAED/850592002.FACILITY,Centro Olio Val d'Agri
2023-11-21 22:00:00,0.0,IT.CAED/850592002.FACILITY,Centro Olio Val d'Agri
2023-11-21 23:00:00,0.0,IT.CAED/850592002.FACILITY,Centro Olio Val d'Agri
2023-11-22 00:00:00,0.0,IT.CAED/850592002.FACILITY,Centro Olio Val d'Agri
2023-11-22 01:00:00,0.0,IT.CAED/850592002.FACILITY,Centro Olio Val d'Agri
2023-11-22 02:00:00,0.0,IT.CAED/850592002.FACILITY,Centro Olio Val d'Agri
2023-11-22 03:00:00,0.0,IT.CAED/850592002.FACILITY,Centro Olio Val d'Agri
2023-11-22 04:00:00,0.0,IT.CAED/850592002.FACILITY,Centro Olio Val d'Agri
2023-11-22 05:00:00,0.0,IT.CAED/850592002.FACILITY,Centro Olio Val d'Agri
2023-11-22 06:00:00,0.0,IT.CAED/850592002.FACILITY,Centro Olio Val d'Agri
2023-11-22 07:00:00,0.00531,IT.CAED/850592002.FACILITY,Centro Olio Val d'Agri
2023-11-22 08:00:00,0.040659999999999995,IT.CAED/850592002.FACILITY,Centro Olio Val d'Agri
2023-11-22 09:00:00,0.15922,IT.CAED/850592002.FACILITY,Centro Olio Val d'Agri
2023-11-22 10:00:00,0.30789,IT.CAED/850592002.FACILITY,Centro Olio Val d'Agri
2023-11-22 11:00:00,0.31207999999999997,IT.CAED/850592002.FACILITY,Centro Olio Val d'Agri
2023-11-22 12:00:00,0.33329000000000003,IT.CAED/850592002.FACILITY,Centro Olio Val d'Agri
2023-11-22 13:00:00,0.46938,IT.CAED/850592002.FACILITY,Centro Olio Val d'Agri
2023-11-22 14:00:00,0.41668,IT.CAED/850592002.FACILITY,Centro Olio Val d'Agri
2023-11-22 15:00:00,0.12584,IT.CAED/850592002.FACILITY,Centro Olio Val d'Agri
2023-11-22 16:00:00,0.0,IT.CAED/850592002.FACILITY,Centro Olio Val d'Agri
2023-11-22 17:00:00,0.0,IT.CAED/850592002.FACILITY,Centro Olio Val d'Agri
2023-11-22 18:00:00,0.0,IT.CAED/850592002.FACILITY,Centro Olio Val d'Agri
2023-11-22 19:00:00,0.0,IT.CAED/850592002.FACILITY,Centro Olio Val d'Agri
2023-11-22 20:00:00,0.0,IT.CAED/850592002.FACILITY,Centro Olio Val d'Agri
2023-11-22 21:00:00,0.0,IT.CAED/850592002.FACILITY,Centro Olio Val d'Agri
2023-11-22 22:00:00,0.0,IT.CAED/850592002.FACILITY,Centro Olio Val d'Agri
2023-11-22 23:00:00,0.0,IT.CAED/850592002.FACILITY,Centro Olio Val d'Agri
2023-11-23 00:00:00,0.0,IT.CAED/850592002.FACILITY,Centro Olio Val d'Agri
2023-11-23 01:00:00,0.0,IT.CAED/850592002.FACILITY,Centro Olio Val d'Agri
2023-11-23 02:00:00,0.0,IT.CAED/850592002.FACILITY,Centro Olio Val d'Agri
2023-11-23 03:00:00,0.0,IT.CAED/850592002.FACILITY,Centro Olio Val d'Agri
2023-11-23 04:00:00,0.0,IT.CAED/850592002.FACILITY,Centro Olio Val d'Agri
2023-11-23 05:00:00,0.0,IT.CAED/850592002.FACILITY,Centro Olio Val d'Agri
2023-11-23 06:00:00,0.0,IT.CAED/850592002.FACILITY,Centro Olio Val d'Agri
2023-11-23 07:00:00,0.013130000000000001,IT.CAED/850592002.FACILITY,Centro Olio Val d'Agri
2023-11-23 08:00:00,0.03755,IT.CAED/850592002.FACILITY,Centro Olio Val d'Agri
2023-11-23 09:00:00,0.09529,IT.CAED/850592002.FACILITY,Centro Olio Val d'Agri
2023-11-23 10:00:00,0.10098,IT.CAED/850592002.FACILITY,Centro Olio Val d'Agri
2023-11-23 11:00:00,0.07795999999999999,IT.CAED/850592002.FACILITY,Centro Olio Val d'Agri
2023-11-23 12:00:00,0.119,IT.CAED/850592002.FACILITY,Centro Olio Val d'Agri
2023-11-23 13:00:00,0.06625,IT.CAED/850592002.FACILITY,Centro Olio Val d'Agri
2023-11-23 14:00:00,0.06166,IT.CAED/850592002.FACILITY,Centro Olio Val d'Agri
2023-11-23 15:00:00,0.02459,IT.CAED/850592002.FACILITY,Centro Olio Val d'Agri
2023-11-23 16:00:00,0.0,IT.CAED/850592002.FACILITY,Centro Olio Val d'Agri
2023-11-23 17:00:00,0.0,IT.CAED/850592002.FACILITY,Centro Olio Val d'Agri
2023-11-23 18:00:00,0.0,IT.CAED/850592002.FACILITY,Centro Olio Val d'Agri
2023-11-23 19:00:00,0.0,IT.CAED/850592002.FACILITY,Centro Olio Val d'Agri
2023-11-23 20:00:00,0.0,IT.CAED/850592002.FACILITY,Centro Olio Val d'Agri
2023-11-23 21:00:00,0.0,IT.CAED/850592002.FACILITY,Centro Olio Val d'Agri
2023-11-23 22:00:00,0.0,IT.CAED/850592002.FACILITY,Centro Olio Val d'Agri
2023-11-23 23:00:00,0.0,IT.CAED/850592002.FACILITY,Centro Olio Val d'Agri
2023-11-24 00:00:00,0.0,IT.CAED/850592002.FACILITY,Centro Olio Val d'Agri
2023-11-24 01:00:00,0.0,IT.CAED/850592002.FACILITY,Centro Olio Val d'Agri
2023-11-24 02:00:00,0.0,IT.CAED/850592002.FACILITY,Centro Olio Val d'Agri
2023-11-24 03:00:00,0.0,IT.CAED/850592002.FACILITY,Centro Olio Val d'Agri
2023-11-24 04:00:00,0.0,IT.CAED/850592002.FACILITY,Centro Olio Val d'Agri
2023-11-24 05:00:00,0.0,IT.CAED/850592002.FACILITY,Centro Olio Val d'Agri
2023-11-24 06:00:00,0.0,IT.CAED/850592002.FACILITY,Centro Olio Val d'Agri
2023-11-24 07:00:00,0.03286,IT.CAED/850592002.FACILITY,Centro Olio Val d'Agri
2023-11-24 08:00:00,0.17724,IT.CAED/850592002.FACILITY,Centro Olio Val d'Agri
2023-11-24 09:00:00,0.42545,IT.CAED/850592002.FACILITY,Centro Olio Val d'Agri
2023-11-24 10:00:00,0.64919,IT.CAED/850592002.FACILITY,Centro Olio Val d'Agri
2023-11-24 11:00:00,0.76732,IT.CAED/850592002.FACILITY,Centro Olio Val d'Agri
2023-11-24 12:00:00,0.7301599999999999,IT.CAED/850592002.FACILITY,Centro Olio Val d'Agri
2023-11-24 13:00:00,0.49127,IT.CAED/850592002.FACILITY,Centro Olio Val d'Agri
2023-11-24 14:00:00,0.34035000000000004,IT.CAED/850592002.FACILITY,Centro Olio Val d'Agri
2023-11-24 15:00:00,0.12595,IT.CAED/850592002.FACILITY,Centro Olio Val d'Agri
2023-11-24 16:00:00,0.0,IT.CAED/850592002.FACILITY,Centro Olio Val d'Agri
2023-11-24 17:00:00,0.0,IT.CAED/850592002.FACILITY,Centro Olio Val d'Agri
2023-11-24 18:00:00,0.0,IT.CAED/850592002.FACILITY,Centro Olio Val d'Agri
2023-11-24 19:00:00,0.0,IT.CAED/850592002.FACILITY,Centro Olio Val d'Agri
2023-11-24 20:00:00,0.0,IT.CAED/850592002.FACILITY,Centro Olio Val d'Agri
2023-11-24 21:00:00,0.0,IT.CAED/850592002.FACILITY,Centro Olio Val d'Agri
2023-11-24 22:00:00,0.0,IT.CAED/850592002.FACILITY,Centro Olio Val d'Agri
2023-11-24 23:00:00,0.0,IT.CAED/850592002.FACILITY,Centro Olio Val d'Agri
2023-11-25 00:00:00,0.0,IT.CAED/850592002.FACILITY,Centro Olio Val d'Agri
2023-11-25 01:00:00,0.0,IT.CAED/850592002.FACILITY,Centro Olio Val d'Agri
2023-11-25 02:00:00,0.0,IT.CAED/850592002.FACILITY,Centro Olio Val d'Agri
2023-11-25 03:00:00,0.0,IT.CAED/850592002.FACILITY,Centro Olio Val d'Agri
2023-11-25 04:00:00,0.0,IT.CAED/850592002.FACILITY,Centro Olio Val d'Agri
2023-11-25 05:00:00,0.0,IT.CAED/850592002.FACILITY,Centro Olio Val d'Agri
2023-11-25 06:00:00,0.0,IT.CAED/850592002.FACILITY,Centro Olio Val d'Agri
2023-11-25 07:00:00,0.0025800000000000003,IT.CAED/850592002.FACILITY,Centro Olio Val d'Agri
2023-11-25 08:00:00,0.04416,IT.CAED/850592002.FACILITY,Centro Olio Val d'Agri
2023-11-25 09:00:00,0.04468,IT.CAED/850592002.FACILITY,Centro Olio Val d'Agri
2023-11-25 10:00:00,0.05257,IT.CAED/850592002.FACILITY,Centro Olio Val d'Agri
2023-11-25 11:00:00,0.17453,IT.CAED/850592002.FACILITY,Centro Olio Val d'Agri
2023-11-25 12:00:00,0.36312,IT.CAED/850592002.FACILITY,Centro Olio Val d'Agri
2023-11-25 13:00:00,0.32479,IT.CAED/850592002.FACILITY,Centro Olio Val d'Agri
2023-11-25 14:00:00,0.44932,IT.CAED/850592002.FACILITY,Centro Olio Val d'Agri
2023-11-25 15:00:00,0.23724,IT.CAED/850592002.FACILITY,Centro Olio Val d'Agri
2023-11-25 16:00:00,0.0,IT.CAED/850592002.FACILITY,Centro Olio Val d'Agri
2023-11-25 17:00:00,0.0,IT.CAED/850592002.FACILITY,Centro Olio Val d'Agri
2023-11-25 18:00:00,0.0,IT.CAED/850592002.FACILITY,Centro Olio Val d'Agri
2023-11-25 19:00:00,0.0,IT.CAED/850592002.FACILITY,Centro Olio Val d'Agri
2023-11-25 20:00:00,0.0,IT.CAED/850592002.FACILITY,Centro Olio Val d'Agri
2023-11-25 21:00:00,0.0,IT.CAED/850592002.FACILITY,Centro Olio Val d'Agri
2023-11-25 22:00:00,0.0,IT.CAED/850592002.FACILITY,Centro Olio Val d'Agri
2023-11-25 23:00:00,0.0,IT.CAED/850592002.FACILITY,Centro Olio Val d'Agri
2023-11-26 00:00:00,0.0,IT.CAED/850592002.FACILITY,Centro Olio Val d'Agri
2023-11-26 01:00:00,0.0,IT.CAED/850592002.FACILITY,Centro Olio Val d'Agri
2023-11-26 02:00:00,0.0,IT.CAED/850592002.FACILITY,Centro Olio Val d'Agri
2023-11-26 03:00:00,0.0,IT.CAED/850592002.FACILITY,Centro Olio Val d'Agri
2023-11-26 04:00:00,0.0,IT.CAED/850592002.FACILITY,Centro Olio Val d'Agri
2023-11-26 05:00:00,0.0,IT.CAED/850592002.FACILITY,Centro Olio Val d'Agri
2023-11-26 06:00:00,0.0,IT.CAED/850592002.FACILITY,Centro Olio Val d'Agri
2023-11-26 07:00:00,0.18503,IT.CAED/850592002.FACILITY,Centro Olio Val d'Agri
2023-11-26 08:00:00,0.47298,IT.CAED/850592002.FACILITY,Centro Olio Val d'Agri
2023-11-26 09:00:00,0.6131,IT.CAED/850592002.FACILITY,Centro Olio Val d'Agri
2023-11-26 10:00:00,0.81884,IT.CAED/850592002.FACILITY,Centro Olio Val d'Agri
2023-11-26 11:00:00,0.87385,IT.CAED/850592002.FACILITY,Centro Olio Val d'Agri
2023-11-26 12:00:00,0.8793099999999999,IT.CAED/850592002.FACILITY,Centro Olio Val d'Agri
2023-11-26 13:00:00,0.7719,IT.CAED/850592002.FACILITY,Centro Olio Val d'Agri
2023-11-26 14:00:00,0.58393,IT.CAED/850592002.FACILITY,Centro Olio Val d'Agri
2023-11-26 15:00:00,0.318,IT.CAED/850592002.FACILITY,Centro Olio Val d'Agri
2023-11-26 16:00:00,0.0,IT.CAED/850592002.FACILITY,Centro Olio Val d'Agri
2023-11-26 17:00:00,0.0,IT.CAED/850592002.FACILITY,Centro Olio Val d'Agri
2023-11-26 18:00:00,0.0,IT.CAED/850592002.FACILITY,Centro Olio Val d'Agri
2023-11-26 19:00:00,0.0,IT.CAED/850592002.FACILITY,Centro Olio Val d'Agri
2023-11-26 20:00:00,0.0,IT.CAED/850592002.FACILITY,Centro Olio Val d'Agri
2023-11-26 21:00:00,0.0,IT.CAED/850592002.FACILITY,Centro Olio Val d'Agri
2023-11-26 22:00:00,0.0,IT.CAED/850592002.FACILITY,Centro Olio Val d'Agri
2023-11-26 23:00:00,0.0,IT.CAED/850592002.FACILITY,Centro Olio Val d'Agri
2023-11-27 00:00:00,0.0,IT.CAED/850592002.FACILITY,Centro Olio Val d'Agri
2023-11-27 01:00:00,0.0,IT.CAED/850592002.FACILITY,Centro Olio Val d'Agri
2023-11-27 02:00:00,0.0,IT.CAED/850592002.FACILITY,Centro Olio Val d'Agri
2023-11-27 03:00:00,0.0,IT.CAED/850592002.FACILITY,Centro Olio Val d'Agri
2023-11-27 04:00:00,0.0,IT.CAED/850592002.FACILITY,Centro Olio Val d'Agri
2023-11-27 05:00:00,0.0,IT.CAED/850592002.FACILITY,Centro Olio Val d'Agri
2023-11-27 06:00:00,0.0,IT.CAED/850592002.FACILITY,Centro Olio Val d'Agri
2023-11-27 07:00:00,0.17307,IT.CAED/850592002.FACILITY,Centro Olio Val d'Agri
2023-11-27 08:00:00,0.43682,IT.CAED/850592002.FACILITY,Centro Olio Val d'Agri
2023-11-27 09:00:00,0.61763,IT.CAED/850592002.FACILITY,Centro Olio Val d'Agri
2023-11-27 10:00:00,0.66718,IT.CAED/850592002.FACILITY,Centro Olio Val d'Agri
2023-11-27 11:00:00,0.63436,IT.CAED/850592002.FACILITY,Centro Olio Val d'Agri
2023-11-27 12:00:00,0.19709000000000002,IT.CAED/850592002.FACILITY,Centro Olio Val d'Agri
2023-11-27 13:00:00,0.07929,IT.CAED/850592002.FACILITY,Centro Olio Val d'Agri
2023-11-27 14:00:00,0.03543,IT.CAED/850592002.FACILITY,Centro Olio Val d'Agri
2023-11-27 15:00:00,0.011970000000000001,IT.CAED/850592002.FACILITY,Centro Olio Val d'Agri
2023-11-27 16:00:00,0.0,IT.CAED/850592002.FACILITY,Centro Olio Val d'Agri
2023-11-27 17:00:00,0.0,IT.CAED/850592002.FACILITY,Centro Olio Val d'Agri
2023-11-27 18:00:00,0.0,IT.CAED/850592002.FACILITY,Centro Olio Val d'Agri
2023-11-27 19:00:00,0.0,IT.CAED/850592002.FACILITY,Centro Olio Val d'Agri
2023-11-27 20:00:00,0.0,IT.CAED/850592002.FACILITY,Centro Olio Val d'Agri
2023-11-27 21:00:00,0.0,IT.CAED/850592002.FACILITY,Centro Olio Val d'Agri
2023-11-27 22:00:00,0.0,IT.CAED/850592002.FACILITY,Centro Olio Val d'Agri
2023-11-27 23:00:00,0.0,IT.CAED/850592002.FACILITY,Centro Olio Val d'Agri
2023-11-28 00:00:00,0.0,IT.CAED/850592002.FACILITY,Centro Olio Val d'Agri
2023-11-28 01:00:00,0.0,IT.CAED/850592002.FACILITY,Centro Olio Val d'Agri
2023-11-28 02:00:00,0.0,IT.CAED/850592002.FACILITY,Centro Olio Val d'Agri
2023-11-28 03:00:00,0.0,IT.CAED/850592002.FACILITY,Centro Olio Val d'Agri
2023-11-28 04:00:00,0.0,IT.CAED/850592002.FACILITY,Centro Olio Val d'Agri
2023-11-28 05:00:00,0.0,IT.CAED/850592002.FACILITY,Centro Olio Val d'Agri
2023-11-28 06:00:00,0.0,IT.CAED/850592002.FACILITY,Centro Olio Val d'Agri
2023-11-28 07:00:00,0.00844,IT.CAED/850592002.FACILITY,Centro Olio Val d'Agri
2023-11-28 08:00:00,0.024489999999999998,IT.CAED/850592002.FACILITY,Centro Olio Val d'Agri
2023-11-28 09:00:00,0.15196,IT.CAED/850592002.FACILITY,Centro Olio Val d'Agri
2023-11-28 10:00:00,0.4962,IT.CAED/850592002.FACILITY,Centro Olio Val d'Agri
2023-11-28 11:00:00,0.24229,IT.CAED/850592002.FACILITY,Centro Olio Val d'Agri
2023-11-28 12:00:00,0.35492,IT.CAED/850592002.FACILITY,Centro Olio Val d'Agri
2023-11-28 13:00:00,0.46756,IT.CAED/850592002.FACILITY,Centro Olio Val d'Agri
2023-11-28 14:00:00,0.33343,IT.CAED/850592002.FACILITY,Centro Olio Val d'Agri
2023-11-28 15:00:00,0.14523,IT.CAED/850592002.FACILITY,Centro Olio Val d'Agri
2023-11-28 16:00:00,0.0,IT.CAED/850592002.FACILITY,Centro Olio Val d'Agri
2023-11-28 17:00:00,0.0,IT.CAED/850592002.FACILITY,Centro Olio Val d'Agri
2023-11-28 18:00:00,0.0,IT.CAED/850592002.FACILITY,Centro Olio Val d'Agri
2023-11-28 19:00:00,0.0,IT.CAED/850592002.FACILITY,Centro Olio Val d'Agri
2023-11-28 20:00:00,0.0,IT.CAED/850592002.FACILITY,Centro Olio Val d'Agri
2023-11-28 21:00:00,0.0,IT.CAED/850592002.FACILITY,Centro Olio Val d'Agri
2023-11-28 22:00:00,0.0,IT.CAED/850592002.FACILITY,Centro Olio Val d'Agri
2023-11-28 23:00:00,0.0,IT.CAED/850592002.FACILITY,Centro Olio Val d'Agri
2023-11-29 00:00:00,0.0,IT.CAED/850592002.FACILITY,Centro Olio Val d'Agri
2023-11-29 01:00:00,0.0,IT.CAED/850592002.FACILITY,Centro Olio Val d'Agri
2023-11-29 02:00:00,0.0,IT.CAED/850592002.FACILITY,Centro Olio Val d'Agri
2023-11-29 03:00:00,0.0,IT.CAED/850592002.FACILITY,Centro Olio Val d'Agri
2023-11-29 04:00:00,0.0,IT.CAED/850592002.FACILITY,Centro Olio Val d'Agri
2023-11-29 05:00:00,0.0,IT.CAED/850592002.FACILITY,Centro Olio Val d'Agri
2023-11-29 06:00:00,0.0,IT.CAED/850592002.FACILITY,Centro Olio Val d'Agri
2023-11-29 07:00:00,0.0823,IT.CAED/850592002.FACILITY,Centro Olio Val d'Agri
2023-11-29 08:00:00,0.31505,IT.CAED/850592002.FACILITY,Centro Olio Val d'Agri
2023-11-29 09:00:00,0.41892,IT.CAED/850592002.FACILITY,Centro Olio Val d'Agri
2023-11-29 10:00:00,0.50088,IT.CAED/850592002.FACILITY,Centro Olio Val d'Agri
2023-11-29 11:00:00,0.6103200000000001,IT.CAED/850592002.FACILITY,Centro Olio Val d'Agri
2023-11-29 12:00:00,0.43532,IT.CAED/850592002.FACILITY,Centro Olio Val d'Agri
2023-11-29 13:00:00,0.32543,IT.CAED/850592002.FACILITY,Centro Olio Val d'Agri
2023-11-29 14:00:00,0.10311,IT.CAED/850592002.FACILITY,Centro Olio Val d'Agri
2023-11-29 15:00:00,0.0578,IT.CAED/850592002.FACILITY,Centro Olio Val d'Agri
2023-11-29 16:00:00,0.0,IT.CAED/850592002.FACILITY,Centro Olio Val d'Agri
2023-11-29 17:00:00,0.0,IT.CAED/850592002.FACILITY,Centro Olio Val d'Agri
2023-11-29 18:00:00,0.0,IT.CAED/850592002.FACILITY,Centro Olio Val d'Agri
2023-11-29 19:00:00,0.0,IT.CAED/850592002.FACILITY,Centro Olio Val d'Agri
2023-11-29 20:00:00,0.0,IT.CAED/850592002.FACILITY,Centro Olio Val d'Agri
2023-11-29 21:00:00,0.0,IT.CAED/850592002.FACILITY,Centro Olio Val d'Agri
2023-11-29 22:00:00,0.0,IT.CAED/850592002.FACILITY,Centro Olio Val d'Agri
2023-11-29 23:00:00,0.0,IT.CAED/850592002.FACILITY,Centro Olio Val d'Agri
2023-11-30 00:00:00,0.0,IT.CAED/850592002.FACILITY,Centro Olio Val d'Agri
2023-11-30 01:00:00,0.0,IT.CAED/850592002.FACILITY,Centro Olio Val d'Agri
2023-11-30 02:00:00,0.0,IT.CAED/850592002.FACILITY,Centro Olio Val d'Agri
2023-11-30 03:00:00,0.0,IT.CAED/850592002.FACILITY,Centro Olio Val d'Agri
2023-11-30 04:00:00,0.0,IT.CAED/850592002.FACILITY,Centro Olio Val d'Agri
2023-11-30 05:00:00,0.0,IT.CAED/850592002.FACILITY,Centro Olio Val d'Agri
2023-11-30 06:00:00,0.0,IT.CAED/850592002.FACILITY,Centro Olio Val d'Agri
2023-11-30 07:00:00,0.10291,IT.CAED/850592002.FACILITY,Centro Olio Val d'Agri
2023-11-30 08:00:00,0.30154000000000003,IT.CAED/850592002.FACILITY,Centro Olio Val d'Agri
2023-11-30 09:00:00,0.28858999999999996,IT.CAED/850592002.FACILITY,Centro Olio Val d'Agri
2023-11-30 10:00:00,0.24347,IT.CAED/850592002.FACILITY,Centro Olio Val d'Agri
2023-11-30 11:00:00,0.26003,IT.CAED/850592002.FACILITY,Centro Olio Val d'Agri
2023-11-30 12:00:00,0.26014,IT.CAED/850592002.FACILITY,Centro Olio Val d'Agri
2023-11-30 13:00:00,0.12254999999999999,IT.CAED/850592002.FACILITY,Centro Olio Val d'Agri
2023-11-30 14:00:00,0.1416,IT.CAED/850592002.FACILITY,Centro Olio Val d'Agri
2023-11-30 15:00:00,0.09591,IT.CAED/850592002.FACILITY,Centro Olio Val d'Agri
2023-11-30 16:00:00,0.0,IT.CAED/850592002.FACILITY,Centro Olio Val d'Agri
2023-11-30 17:00:00,0.0,IT.CAED/850592002.FACILITY,Centro Olio Val d'Agri
2023-11-30 18:00:00,0.0,IT.CAED/850592002.FACILITY,Centro Olio Val d'Agri
2023-11-30 19:00:00,0.0,IT.CAED/850592002.FACILITY,Centro Olio Val d'Agri
2023-11-30 20:00:00,0.0,IT.CAED/850592002.FACILITY,Centro Olio Val d'Agri
2023-11-30 21:00:00,0.0,IT.CAED/850592002.FACILITY,Centro Olio Val d'Agri
2023-11-30 22:00:00,0.0,IT.CAED/850592002.FACILITY,Centro Olio Val d'Agri
2023-11-30 23:00:00,0.0,IT.CAED/850592002.FACILITY,Centro Olio Val d'Agri
2023-12-01 00:00:00,0.0,IT.CAED/850592002.FACILITY,Centro Olio Val d'Agri
2023-12-01 01:00:00,0.0,IT.CAED/850592002.FACILITY,Centro Olio Val d'Agri
2023-12-01 02:00:00,0.0,IT.CAED/850592002.FACILITY,Centro Olio Val d'Agri
2023-12-01 03:00:00,0.0,IT.CAED/850592002.FACILITY,Centro Olio Val d'Agri
2023-12-01 04:00:00,0.0,IT.CAED/850592002.FACILITY,Centro Olio Val d'Agri
2023-12-01 05:00:00,0.0,IT.CAED/850592002.FACILITY,Centro Olio Val d'Agri
2023-12-01 06:00:00,0.0,IT.CAED/850592002.FACILITY,Centro Olio Val d'Agri
2023-12-01 07:00:00,0.06122,IT.CAED/850592002.FACILITY,Centro Olio Val d'Agri
2023-12-01 08:00:00,0.31792000000000004,IT.CAED/850592002.FACILITY,Centro Olio Val d'Agri
2023-12-01 09:00:00,0.47475,IT.CAED/850592002.FACILITY,Centro Olio Val d'Agri
2023-12-01 10:00:00,0.55367,IT.CAED/850592002.FACILITY,Centro Olio Val d'Agri
2023-12-01 11:00:00,0.61717,IT.CAED/850592002.FACILITY,Centro Olio Val d'Agri
2023-12-01 12:00:00,0.70548,IT.CAED/850592002.FACILITY,Centro Olio Val d'Agri
2023-12-01 13:00:00,0.50712,IT.CAED/850592002.FACILITY,Centro Olio Val d'Agri
2023-12-01 14:00:00,0.1906,IT.CAED/850592002.FACILITY,Centro Olio Val d'Agri
2023-12-01 15:00:00,0.07032,IT.CAED/850592002.FACILITY,Centro Olio Val d'Agri
2023-12-01 16:00:00,0.0,IT.CAED/850592002.FACILITY,Centro Olio Val d'Agri
2023-12-01 17:00:00,0.0,IT.CAED/850592002.FACILITY,Centro Olio Val d'Agri
2023-12-01 18:00:00,0.0,IT.CAED/850592002.FACILITY,Centro Olio Val d'Agri
2023-12-01 19:00:00,0.0,IT.CAED/850592002.FACILITY,Centro Olio Val d'Agri
2023-12-01 20:00:00,0.0,IT.CAED/850592002.FACILITY,Centro Olio Val d'Agri
2023-12-01 21:00:00,0.0,IT.CAED/850592002.FACILITY,Centro Olio Val d'Agri
2023-12-01 22:00:00,0.0,IT.CAED/850592002.FACILITY,Centro Olio Val d'Agri
2023-12-01 23:00:00,0.0,IT.CAED/850592002.FACILITY,Centro Olio Val d'Agri
2023-12-02 00:00:00,0.0,IT.CAED/850592002.FACILITY,Centro Olio Val d'Agri
2023-12-02 01:00:00,0.0,IT.CAED/850592002.FACILITY,Centro Olio Val d'Agri
2023-12-02 02:00:00,0.0,IT.CAED/850592002.FACILITY,Centro Olio Val d'Agri
2023-12-02 03:00:00,0.0,IT.CAED/850592002.FACILITY,Centro Olio Val d'Agri
2023-12-02 04:00:00,0.0,IT.CAED/850592002.FACILITY,Centro Olio Val d'Agri
2023-12-02 05:00:00,0.0,IT.CAED/850592002.FACILITY,Centro Olio Val d'Agri
2023-12-02 06:00:00,0.0,IT.CAED/850592002.FACILITY,Centro Olio Val d'Agri
2023-12-02 07:00:00,0.10573,IT.CAED/850592002.FACILITY,Centro Olio Val d'Agri
2023-12-02 08:00:00,0.37583,IT.CAED/850592002.FACILITY,Centro Olio Val d'Agri
2023-12-02 09:00:00,0.59841,IT.CAED/850592002.FACILITY,Centro Olio Val d'Agri
2023-12-02 10:00:00,0.6508200000000001,IT.CAED/850592002.FACILITY,Centro Olio Val d'Agri
2023-12-02 11:00:00,0.64662,IT.CAED/850592002.FACILITY,Centro Olio Val d'Agri
2023-12-02 12:00:00,0.69516,IT.CAED/850592002.FACILITY,Centro Olio Val d'Agri
2023-12-02 13:00:00,0.52301,IT.CAED/850592002.FACILITY,Centro Olio Val d'Agri
2023-12-02 14:00:00,0.28378,IT.CAED/850592002.FACILITY,Centro Olio Val d'Agri
2023-12-02 15:00:00,0.15355000000000002,IT.CAED/850592002.FACILITY,Centro Olio Val d'Agri
2023-12-02 16:00:00,0.0,IT.CAED/850592002.FACILITY,Centro Olio Val d'Agri
2023-12-02 17:00:00,0.0,IT.CAED/850592002.FACILITY,Centro Olio Val d'Agri
2023-12-02 18:00:00,0.0,IT.CAED/850592002.FACILITY,Centro Olio Val d'Agri
2023-12-02 19:00:00,0.0,IT.CAED/850592002.FACILITY,Centro Olio Val d'Agri
2023-12-02 20:00:00,0.0,IT.CAED/850592002.FACILITY,Centro Olio Val d'Agri
2023-12-02 21:00:00,0.0,IT.CAED/850592002.FACILITY,Centro Olio Val d'Agri
2023-12-02 22:00:00,0.0,IT.CAED/850592002.FACILITY,Centro Olio Val d'Agri
2023-12-02 23:00:00,0.0,IT.CAED/850592002.FACILITY,Centro Olio Val d'Agri
2023-12-03 00:00:00,0.0,IT.CAED/850592002.FACILITY,Centro Olio Val d'Agri
2023-12-03 01:00:00,0.0,IT.CAED/850592002.FACILITY,Centro Olio Val d'Agri
2023-12-03 02:00:00,0.0,IT.CAED/850592002.FACILITY,Centro Olio Val d'Agri
2023-12-03 03:00:00,0.0,IT.CAED/850592002.FACILITY,Centro Olio Val d'Agri
2023-12-03 04:00:00,0.0,IT.CAED/850592002.FACILITY,Centro Olio Val d'Agri
2023-12-03 05:00:00,0.0,IT.CAED/850592002.FACILITY,Centro Olio Val d'Agri
2023-12-03 06:00:00,0.0,IT.CAED/850592002.FACILITY,Centro Olio Val d'Agri
2023-12-03 07:00:00,0.0886,IT.CAED/850592002.FACILITY,Centro Olio Val d'Agri
2023-12-03 08:00:00,0.09615,IT.CAED/850592002.FACILITY,Centro Olio Val d'Agri
2023-12-03 09:00:00,0.18531999999999998,IT.CAED/850592002.FACILITY,Centro Olio Val d'Agri
2023-12-03 10:00:00,0.41279000000000005,IT.CAED/850592002.FACILITY,Centro Olio Val d'Agri
2023-12-03 11:00:00,0.5540700000000001,IT.CAED/850592002.FACILITY,Centro Olio Val d'Agri
2023-12-03 12:00:00,0.62036,IT.CAED/850592002.FACILITY,Centro Olio Val d'Agri
2023-12-03 13:00:00,0.41729,IT.CAED/850592002.FACILITY,Centro Olio Val d'Agri
2023-12-03 14:00:00,0.27103,IT.CAED/850592002.FACILITY,Centro Olio Val d'Agri
2023-12-03 15:00:00,0.1589,IT.CAED/850592002.FACILITY,Centro Olio Val d'Agri
2023-12-03 16:00:00,0.0,IT.CAED/850592002.FACILITY,Centro Olio Val d'Agri
2023-12-03 17:00:00,0.0,IT.CAED/850592002.FACILITY,Centro Olio Val d'Agri
2023-12-03 18:00:00,0.0,IT.CAED/850592002.FACILITY,Centro Olio Val d'Agri
2023-12-03 19:00:00,0.0,IT.CAED/850592002.FACILITY,Centro Olio Val d'Agri
2023-12-03 20:00:00,0.0,IT.CAED/850592002.FACILITY,Centro Olio Val d'Agri
2023-12-03 21:00:00,0.0,IT.CAED/850592002.FACILITY,Centro Olio Val d'Agri
2023-12-03 22:00:00,0.0,IT.CAED/850592002.FACILITY,Centro Olio Val d'Agri
2023-12-03 23:00:00,0.0,IT.CAED/850592002.FACILITY,Centro Olio Val d'Agri
2023-12-04 00:00:00,0.0,IT.CAED/850592002.FACILITY,Centro Olio Val d'Agri
2023-12-04 01:00:00,0.0,IT.CAED/850592002.FACILITY,Centro Olio Val d'Agri
2023-12-04 02:00:00,0.0,IT.CAED/850592002.FACILITY,Centro Olio Val d'Agri
2023-12-04 03:00:00,0.0,IT.CAED/850592002.FACILITY,Centro Olio Val d'Agri
2023-12-04 04:00:00,0.0,IT.CAED/850592002.FACILITY,Centro Olio Val d'Agri
2023-12-04 05:00:00,0.0,IT.CAED/850592002.FACILITY,Centro Olio Val d'Agri
2023-12-04 06:00:00,0.0,IT.CAED/850592002.FACILITY,Centro Olio Val d'Agri
2023-12-04 07:00:00,0.09606999999999999,IT.CAED/850592002.FACILITY,Centro Olio Val d'Agri
2023-12-04 08:00:00,0.38069,IT.CAED/850592002.FACILITY,Centro Olio Val d'Agri
2023-12-04 09:00:00,0.64635,IT.CAED/850592002.FACILITY,Centro Olio Val d'Agri
2023-12-04 10:00:00,0.76948,IT.CAED/850592002.FACILITY,Centro Olio Val d'Agri
2023-12-04 11:00:00,0.8335199999999999,IT.CAED/850592002.FACILITY,Centro Olio Val d'Agri
2023-12-04 12:00:00,0.73921,IT.CAED/850592002.FACILITY,Centro Olio Val d'Agri
2023-12-04 13:00:00,0.6042799999999999,IT.CAED/850592002.FACILITY,Centro Olio Val d'Agri
2023-12-04 14:00:00,0.29264999999999997,IT.CAED/850592002.FACILITY,Centro Olio Val d'Agri
2023-12-04 15:00:00,0.11606,IT.CAED/850592002.FACILITY,Centro Olio Val d'Agri
2023-12-04 16:00:00,0.0,IT.CAED/850592002.FACILITY,Centro Olio Val d'Agri
2023-12-04 17:00:00,0.0,IT.CAED/850592002.FACILITY,Centro Olio Val d'Agri
2023-12-04 18:00:00,0.0,IT.CAED/850592002.FACILITY,Centro Olio Val d'Agri
2023-12-04 19:00:00,0.0,IT.CAED/850592002.FACILITY,Centro Olio Val d'Agri
2023-12-04 20:00:00,0.0,IT.CAED/850592002.FACILITY,Centro Olio Val d'Agri
2023-12-04 21:00:00,0.0,IT.CAED/850592002.FACILITY,Centro Olio Val d'Agri
2023-12-04 22:00:00,0.0,IT.CAED/850592002.FACILITY,Centro Olio Val d'Agri
2023-12-04 23:00:00,0.0,IT.CAED/850592002.FACILITY,Centro Olio Val d'Agri
2023-12-05 00:00:00,0.0,IT.CAED/850592002.FACILITY,Centro Olio Val d'Agri
2023-12-05 01:00:00,0.0,IT.CAED/850592002.FACILITY,Centro Olio Val d'Agri
2023-12-05 02:00:00,0.0,IT.CAED/850592002.FACILITY,Centro Olio Val d'Agri
2023-12-05 03:00:00,0.0,IT.CAED/850592002.FACILITY,Centro Olio Val d'Agri
2023-12-05 04:00:00,0.0,IT.CAED/850592002.FACILITY,Centro Olio Val d'Agri
2023-12-05 05:00:00,0.0,IT.CAED/850592002.FACILITY,Centro Olio Val d'Agri
2023-12-05 06:00:00,0.0,IT.CAED/850592002.FACILITY,Centro Olio Val d'Agri
2023-12-05 07:00:00,0.00419,IT.CAED/850592002.FACILITY,Centro Olio Val d'Agri
2023-12-05 08:00:00,0.03251,IT.CAED/850592002.FACILITY,Centro Olio Val d'Agri
2023-12-05 09:00:00,0.09261,IT.CAED/850592002.FACILITY,Centro Olio Val d'Agri
2023-12-05 10:00:00,0.24208000000000002,IT.CAED/850592002.FACILITY,Centro Olio Val d'Agri
2023-12-05 11:00:00,0.43939,IT.CAED/850592002.FACILITY,Centro Olio Val d'Agri
2023-12-05 12:00:00,0.39711,IT.CAED/850592002.FACILITY,Centro Olio Val d'Agri
2023-12-05 13:00:00,0.34912,IT.CAED/850592002.FACILITY,Centro Olio Val d'Agri
2023-12-05 14:00:00,0.18688,IT.CAED/850592002.FACILITY,Centro Olio Val d'Agri
2023-12-05 15:00:00,0.047729999999999995,IT.CAED/850592002.FACILITY,Centro Olio Val d'Agri
2023-12-05 16:00:00,0.0,IT.CAED/850592002.FACILITY,Centro Olio Val d'Agri
2023-12-05 17:00:00,0.0,IT.CAED/850592002.FACILITY,Centro Olio Val d'Agri
2023-12-05 18:00:00,0.0,IT.CAED/850592002.FACILITY,Centro Olio Val d'Agri
2023-12-05 19:00:00,0.0,IT.CAED/850592002.FACILITY,Centro Olio Val d'Agri
2023-12-05 20:00:00,0.0,IT.CAED/850592002.FACILITY,Centro Olio Val d'Agri
2023-12-05 21:00:00,0.0,IT.CAED/850592002.FACILITY,Centro Olio Val d'Agri
2023-12-05 22:00:00,0.0,IT.CAED/850592002.FACILITY,Centro Olio Val d'Agri
2023-12-05 23:00:00,0.0,IT.CAED/850592002.FACILITY,Centro Olio Val d'Agri
2023-12-06 00:00:00,0.0,IT.CAED/850592002.FACILITY,Centro Olio Val d'Agri
2023-12-06 01:00:00,0.0,IT.CAED/850592002.FACILITY,Centro Olio Val d'Agri
2023-12-06 02:00:00,0.0,IT.CAED/850592002.FACILITY,Centro Olio Val d'Agri
2023-12-06 03:00:00,0.0,IT.CAED/850592002.FACILITY,Centro Olio Val d'Agri
2023-12-06 04:00:00,0.0,IT.CAED/850592002.FACILITY,Centro Olio Val d'Agri
2023-12-06 05:00:00,0.0,IT.CAED/850592002.FACILITY,Centro Olio Val d'Agri
2023-12-06 06:00:00,0.0,IT.CAED/850592002.FACILITY,Centro Olio Val d'Agri
2023-12-06 07:00:00,0.04416,IT.CAED/850592002.FACILITY,Centro Olio Val d'Agri
2023-12-06 08:00:00,0.19263,IT.CAED/850592002.FACILITY,Centro Olio Val d'Agri
2023-12-06 09:00:00,0.44001,IT.CAED/850592002.FACILITY,Centro Olio Val d'Agri
2023-12-06 10:00:00,0.6139199999999999,IT.CAED/850592002.FACILITY,Centro Olio Val d'Agri
2023-12-06 11:00:00,0.46423000000000003,IT.CAED/850592002.FACILITY,Centro Olio Val d'Agri
2023-12-06 12:00:00,0.42782,IT.CAED/850592002.FACILITY,Centro Olio Val d'Agri
2023-12-06 13:00:00,0.3424,IT.CAED/850592002.FACILITY,Centro Olio Val d'Agri
2023-12-06 14:00:00,0.25521,IT.CAED/850592002.FACILITY,Centro Olio Val d'Agri
2023-12-06 15:00:00,0.07149,IT.CAED/850592002.FACILITY,Centro Olio Val d'Agri
2023-12-06 16:00:00,0.0,IT.CAED/850592002.FACILITY,Centro Olio Val d'Agri
2023-12-06 17:00:00,0.0,IT.CAED/850592002.FACILITY,Centro Olio Val d'Agri
2023-12-06 18:00:00,0.0,IT.CAED/850592002.FACILITY,Centro Olio Val d'Agri
2023-12-06 19:00:00,0.0,IT.CAED/850592002.FACILITY,Centro Olio Val d'Agri
2023-12-06 20:00:00,0.0,IT.CAED/850592002.FACILITY,Centro Olio Val d'Agri
2023-12-06 21:00:00,0.0,IT.CAED/850592002.FACILITY,Centro Olio Val d'Agri
2023-12-06 22:00:00,0.0,IT.CAED/850592002.FACILITY,Centro Olio Val d'Agri
2023-12-06 23:00:00,0.0,IT.CAED/850592002.FACILITY,Centro Olio Val d'Agri
2023-12-07 00:00:00,0.0,IT.CAED/850592002.FACILITY,Centro Olio Val d'Agri
2023-12-07 01:00:00,0.0,IT.CAED/850592002.FACILITY,Centro Olio Val d'Agri
2023-12-07 02:00:00,0.0,IT.CAED/850592002.FACILITY,Centro Olio Val d'Agri
2023-12-07 03:00:00,0.0,IT.CAED/850592002.FACILITY,Centro Olio Val d'Agri
2023-12-07 04:00:00,0.0,IT.CAED/850592002.FACILITY,Centro Olio Val d'Agri
2023-12-07 05:00:00,0.0,IT.CAED/850592002.FACILITY,Centro Olio Val d'Agri
2023-12-07 06:00:00,0.0,IT.CAED/850592002.FACILITY,Centro Olio Val d'Agri
2023-12-07 07:00:00,0.10934999999999999,IT.CAED/850592002.FACILITY,Centro Olio Val d'Agri
2023-12-07 08:00:00,0.34708,IT.CAED/850592002.FACILITY,Centro Olio Val d'Agri
2023-12-07 09:00:00,0.58402,IT.CAED/850592002.FACILITY,Centro Olio Val d'Agri
2023-12-07 10:00:00,0.73339,IT.CAED/850592002.FACILITY,Centro Olio Val d'Agri
2023-12-07 11:00:00,0.7387,IT.CAED/850592002.FACILITY,Centro Olio Val d'Agri
2023-12-07 12:00:00,0.72682,IT.CAED/850592002.FACILITY,Centro Olio Val d'Agri
2023-12-07 13:00:00,0.46488999999999997,IT.CAED/850592002.FACILITY,Centro Olio Val d'Agri
2023-12-07 14:00:00,0.3583,IT.CAED/850592002.FACILITY,Centro Olio Val d'Agri
2023-12-07 15:00:00,0.25453,IT.CAED/850592002.FACILITY,Centro Olio Val d'Agri
2023-12-07 16:00:00,0.0,IT.CAED/850592002.FACILITY,Centro Olio Val d'Agri
2023-12-07 17:00:00,0.0,IT.CAED/850592002.FACILITY,Centro Olio Val d'Agri
2023-12-07 18:00:00,0.0,IT.CAED/850592002.FACILITY,Centro Olio Val d'Agri
2023-12-07 19:00:00,0.0,IT.CAED/850592002.FACILITY,Centro Olio Val d'Agri
2023-12-07 20:00:00,0.0,IT.CAED/850592002.FACILITY,Centro Olio Val d'Agri
2023-12-07 21:00:00,0.0,IT.CAED/850592002.FACILITY,Centro Olio Val d'Agri
2023-12-07 22:00:00,0.0,IT.CAED/850592002.FACILITY,Centro Olio Val d'Agri
2023-12-07 23:00:00,0.0,IT.CAED/850592002.FACILITY,Centro Olio Val d'Agri
2023-12-08 00:00:00,0.0,IT.CAED/850592002.FACILITY,Centro Olio Val d'Agri
2023-12-08 01:00:00,0.0,IT.CAED/850592002.FACILITY,Centro Olio Val d'Agri
2023-12-08 02:00:00,0.0,IT.CAED/850592002.FACILITY,Centro Olio Val d'Agri
2023-12-08 03:00:00,0.0,IT.CAED/850592002.FACILITY,Centro Olio Val d'Agri
2023-12-08 04:00:00,0.0,IT.CAED/850592002.FACILITY,Centro Olio Val d'Agri
2023-12-08 05:00:00,0.0,IT.CAED/850592002.FACILITY,Centro Olio Val d'Agri
2023-12-08 06:00:00,0.0,IT.CAED/850592002.FACILITY,Centro Olio Val d'Agri
2023-12-08 07:00:00,0.15341,IT.CAED/850592002.FACILITY,Centro Olio Val d'Agri
2023-12-08 08:00:00,0.43679,IT.CAED/850592002.FACILITY,Centro Olio Val d'Agri
2023-12-08 09:00:00,0.65555,IT.CAED/850592002.FACILITY,Centro Olio Val d'Agri
2023-12-08 10:00:00,0.78275,IT.CAED/850592002.FACILITY,Centro Olio Val d'Agri
2023-12-08 11:00:00,0.83545,IT.CAED/850592002.FACILITY,Centro Olio Val d'Agri
2023-12-08 12:00:00,0.81351,IT.CAED/850592002.FACILITY,Centro Olio Val d'Agri
2023-12-08 13:00:00,0.70032,IT.CAED/850592002.FACILITY,Centro Olio Val d'Agri
2023-12-08 14:00:00,0.51737,IT.CAED/850592002.FACILITY,Centro Olio Val d'Agri
2023-12-08 15:00:00,0.21081999999999998,IT.CAED/850592002.FACILITY,Centro Olio Val d'Agri
2023-12-08 16:00:00,0.0,IT.CAED/850592002.FACILITY,Centro Olio Val d'Agri
2023-12-08 17:00:00,0.0,IT.CAED/850592002.FACILITY,Centro Olio Val d'Agri
2023-12-08 18:00:00,0.0,IT.CAED/850592002.FACILITY,Centro Olio Val d'Agri
2023-12-08 19:00:00,0.0,IT.CAED/850592002.FACILITY,Centro Olio Val d'Agri
2023-12-08 20:00:00,0.0,IT.CAED/850592002.FACILITY,Centro Olio Val d'Agri
2023-12-08 21:00:00,0.0,IT.CAED/850592002.FACILITY,Centro Olio Val d'Agri
2023-12-08 22:00:00,0.0,IT.CAED/850592002.FACILITY,Centro Olio Val d'Agri
2023-12-08 23:00:00,0.0,IT.CAED/850592002.FACILITY,Centro Olio Val d'Agri
2023-12-09 00:00:00,0.0,IT.CAED/850592002.FACILITY,Centro Olio Val d'Agri
2023-12-09 01:00:00,0.0,IT.CAED/850592002.FACILITY,Centro Olio Val d'Agri
2023-12-09 02:00:00,0.0,IT.CAED/850592002.FACILITY,Centro Olio Val d'Agri
2023-12-09 03:00:00,0.0,IT.CAED/850592002.FACILITY,Centro Olio Val d'Agri
2023-12-09 04:00:00,0.0,IT.CAED/850592002.FACILITY,Centro Olio Val d'Agri
2023-12-09 05:00:00,0.0,IT.CAED/850592002.FACILITY,Centro Olio Val d'Agri
2023-12-09 06:00:00,0.0,IT.CAED/850592002.FACILITY,Centro Olio Val d'Agri
2023-12-09 07:00:00,0.04542,IT.CAED/850592002.FACILITY,Centro Olio Val d'Agri
2023-12-09 08:00:00,0.14028,IT.CAED/850592002.FACILITY,Centro Olio Val d'Agri
2023-12-09 09:00:00,0.35945,IT.CAED/850592002.FACILITY,Centro Olio Val d'Agri
2023-12-09 10:00:00,0.6276799999999999,IT.CAED/850592002.FACILITY,Centro Olio Val d'Agri
2023-12-09 11:00:00,0.63086,IT.CAED/850592002.FACILITY,Centro Olio Val d'Agri
2023-12-09 12:00:00,0.55874,IT.CAED/850592002.FACILITY,Centro Olio Val d'Agri
2023-12-09 13:00:00,0.48120999999999997,IT.CAED/850592002.FACILITY,Centro Olio Val d'Agri
2023-12-09 14:00:00,0.44310000000000005,IT.CAED/850592002.FACILITY,Centro Olio Val d'Agri
2023-12-09 15:00:00,0.20731,IT.CAED/850592002.FACILITY,Centro Olio Val d'Agri
2023-12-09 16:00:00,0.0,IT.CAED/850592002.FACILITY,Centro Olio Val d'Agri
2023-12-09 17:00:00,0.0,IT.CAED/850592002.FACILITY,Centro Olio Val d'Agri
2023-12-09 18:00:00,0.0,IT.CAED/850592002.FACILITY,Centro Olio Val d'Agri
2023-12-09 19:00:00,0.0,IT.CAED/850592002.FACILITY,Centro Olio Val d'Agri
2023-12-09 20:00:00,0.0,IT.CAED/850592002.FACILITY,Centro Olio Val d'Agri
2023-12-09 21:00:00,0.0,IT.CAED/850592002.FACILITY,Centro Olio Val d'Agri
2023-12-09 22:00:00,0.0,IT.CAED/850592002.FACILITY,Centro Olio Val d'Agri
2023-12-09 23:00:00,0.0,IT.CAED/850592002.FACILITY,Centro Olio Val d'Agri
2023-12-10 00:00:00,0.0,IT.CAED/850592002.FACILITY,Centro Olio Val d'Agri
2023-12-10 01:00:00,0.0,IT.CAED/850592002.FACILITY,Centro Olio Val d'Agri
2023-12-10 02:00:00,0.0,IT.CAED/850592002.FACILITY,Centro Olio Val d'Agri
2023-12-10 03:00:00,0.0,IT.CAED/850592002.FACILITY,Centro Olio Val d'Agri
2023-12-10 04:00:00,0.0,IT.CAED/850592002.FACILITY,Centro Olio Val d'Agri
2023-12-10 05:00:00,0.0,IT.CAED/850592002.FACILITY,Centro Olio Val d'Agri
2023-12-10 06:00:00,0.0,IT.CAED/850592002.FACILITY,Centro Olio Val d'Agri
2023-12-10 07:00:00,0.01808,IT.CAED/850592002.FACILITY,Centro Olio Val d'Agri
2023-12-10 08:00:00,0.03451,IT.CAED/850592002.FACILITY,Centro Olio Val d'Agri
2023-12-10 09:00:00,0.056350000000000004,IT.CAED/850592002.FACILITY,Centro Olio Val d'Agri
2023-12-10 10:00:00,0.09073,IT.CAED/850592002.FACILITY,Centro Olio Val d'Agri
2023-12-10 11:00:00,0.14205,IT.CAED/850592002.FACILITY,Centro Olio Val d'Agri
2023-12-10 12:00:00,0.14176,IT.CAED/850592002.FACILITY,Centro Olio Val d'Agri
2023-12-10 13:00:00,0.08765,IT.CAED/850592002.FACILITY,Centro Olio Val d'Agri
2023-12-10 14:00:00,0.02759,IT.CAED/850592002.FACILITY,Centro Olio Val d'Agri
2023-12-10 15:00:00,0.016489999999999998,IT.CAED/850592002.FACILITY,Centro Olio Val d'Agri
2023-12-10 16:00:00,0.0,IT.CAED/850592002.FACILITY,Centro Olio Val d'Agri
2023-12-10 17:00:00,0.0,IT.CAED/850592002.FACILITY,Centro Olio Val d'Agri
2023-12-10 18:00:00,0.0,IT.CAED/850592002.FACILITY,Centro Olio Val d'Agri
2023-12-10 19:00:00,0.0,IT.CAED/850592002.FACILITY,Centro Olio Val d'Agri
2023-12-10 20:00:00,0.0,IT.CAED/850592002.FACILITY,Centro Olio Val d'Agri
2023-12-10 21:00:00,0.0,IT.CAED/850592002.FACILITY,Centro Olio Val d'Agri
2023-12-10 22:00:00,0.0,IT.CAED/850592002.FACILITY,Centro Olio Val d'Agri
2023-12-10 23:00:00,0.0,IT.CAED/850592002.FACILITY,Centro Olio Val d'Agri
2023-12-11 00:00:00,0.0,IT.CAED/850592002.FACILITY,Centro Olio Val d'Agri
2023-12-11 01:00:00,0.0,IT.CAED/850592002.FACILITY,Centro Olio Val d'Agri
2023-12-11 02:00:00,0.0,IT.CAED/850592002.FACILITY,Centro Olio Val d'Agri
2023-12-11 03:00:00,0.0,IT.CAED/850592002.FACILITY,Centro Olio Val d'Agri
2023-12-11 04:00:00,0.0,IT.CAED/850592002.FACILITY,Centro Olio Val d'Agri
2023-12-11 05:00:00,0.0,IT.CAED/850592002.FACILITY,Centro Olio Val d'Agri
2023-12-11 06:00:00,0.0,IT.CAED/850592002.FACILITY,Centro Olio Val d'Agri
2023-12-11 07:00:00,0.03451,IT.CAED/850592002.FACILITY,Centro Olio Val d'Agri
2023-12-11 08:00:00,0.16966,IT.CAED/850592002.FACILITY,Centro Olio Val d'Agri
2023-12-11 09:00:00,0.35764,IT.CAED/850592002.FACILITY,Centro Olio Val d'Agri
2023-12-11 10:00:00,0.62437,IT.CAED/850592002.FACILITY,Centro Olio Val d'Agri
2023-12-11 11:00:00,0.79208,IT.CAED/850592002.FACILITY,Centro Olio Val d'Agri
2023-12-11 12:00:00,0.77751,IT.CAED/850592002.FACILITY,Centro Olio Val d'Agri
2023-12-11 13:00:00,0.6677799999999999,IT.CAED/850592002.FACILITY,Centro Olio Val d'Agri
2023-12-11 14:00:00,0.52106,IT.CAED/850592002.FACILITY,Centro Olio Val d'Agri
2023-12-11 15:00:00,0.20761000000000002,IT.CAED/850592002.FACILITY,Centro Olio Val d'Agri
2023-12-11 16:00:00,0.0,IT.CAED/850592002.FACILITY,Centro Olio Val d'Agri
2023-12-11 17:00:00,0.0,IT.CAED/850592002.FACILITY,Centro Olio Val d'Agri
2023-12-11 18:00:00,0.0,IT.CAED/850592002.FACILITY,Centro Olio Val d'Agri
2023-12-11 19:00:00,0.0,IT.CAED/850592002.FACILITY,Centro Olio Val d'Agri
2023-12-11 20:00:00,0.0,IT.CAED/850592002.FACILITY,Centro Olio Val d'Agri
2023-12-11 21:00:00,0.0,IT.CAED/850592002.FACILITY,Centro Olio Val d'Agri
2023-12-11 22:00:00,0.0,IT.CAED/850592002.FACILITY,Centro Olio Val d'Agri
2023-12-11 23:00:00,0.0,IT.CAED/850592002.FACILITY,Centro Olio Val d'Agri
2023-12-12 00:00:00,0.0,IT.CAED/850592002.FACILITY,Centro Olio Val d'Agri
2023-12-12 01:00:00,0.0,IT.CAED/850592002.FACILITY,Centro Olio Val d'Agri
2023-12-12 02:00:00,0.0,IT.CAED/850592002.FACILITY,Centro Olio Val d'Agri
2023-12-12 03:00:00,0.0,IT.CAED/850592002.FACILITY,Centro Olio Val d'Agri
2023-12-12 04:00:00,0.0,IT.CAED/850592002.FACILITY,Centro Olio Val d'Agri
2023-12-12 05:00:00,0.0,IT.CAED/850592002.FACILITY,Centro Olio Val d'Agri
2023-12-12 06:00:00,0.0,IT.CAED/850592002.FACILITY,Centro Olio Val d'Agri
2023-12-12 07:00:00,0.01502,IT.CAED/850592002.FACILITY,Centro Olio Val d'Agri
2023-12-12 08:00:00,0.14211000000000001,IT.CAED/850592002.FACILITY,Centro Olio Val d'Agri
2023-12-12 09:00:00,0.29764999999999997,IT.CAED/850592002.FACILITY,Centro Olio Val d'Agri
2023-12-12 10:00:00,0.52899,IT.CAED/850592002.FACILITY,Centro Olio Val d'Agri
2023-12-12 11:00:00,0.6768,IT.CAED/850592002.FACILITY,Centro Olio Val d'Agri
2023-12-12 12:00:00,0.57672,IT.CAED/850592002.FACILITY,Centro Olio Val d'Agri
2023-12-12 13:00:00,0.44357,IT.CAED/850592002.FACILITY,Centro Olio Val d'Agri
2023-12-12 14:00:00,0.31908,IT.CAED/850592002.FACILITY,Centro Olio Val d'Agri
2023-12-12 15:00:00,0.14965,IT.CAED/850592002.FACILITY,Centro Olio Val d'Agri
2023-12-12 16:00:00,0.0,IT.CAED/850592002.FACILITY,Centro Olio Val d'Agri
2023-12-12 17:00:00,0.0,IT.CAED/850592002.FACILITY,Centro Olio Val d'Agri
2023-12-12 18:00:00,0.0,IT.CAED/850592002.FACILITY,Centro Olio Val d'Agri
2023-12-12 19:00:00,0.0,IT.CAED/850592002.FACILITY,Centro Olio Val d'Agri
2023-12-12 20:00:00,0.0,IT.CAED/850592002.FACILITY,Centro Olio Val d'Agri
2023-12-12 21:00:00,0.0,IT.CAED/850592002.FACILITY,Centro Olio Val d'Agri
2023-12-12 22:00:00,0.0,IT.CAED/850592002.FACILITY,Centro Olio Val d'Agri
2023-12-12 23:00:00,0.0,IT.CAED/850592002.FACILITY,Centro Olio Val d'Agri
2023-12-13 00:00:00,0.0,IT.CAED/850592002.FACILITY,Centro Olio Val d'Agri
2023-12-13 01:00:00,0.0,IT.CAED/850592002.FACILITY,Centro Olio Val d'Agri
2023-12-13 02:00:00,0.0,IT.CAED/850592002.FACILITY,Centro Olio Val d'Agri
2023-12-13 03:00:00,0.0,IT.CAED/850592002.FACILITY,Centro Olio Val d'Agri
2023-12-13 04:00:00,0.0,IT.CAED/850592002.FACILITY,Centro Olio Val d'Agri
2023-12-13 05:00:00,0.0,IT.CAED/850592002.FACILITY,Centro Olio Val d'Agri
2023-12-13 06:00:00,0.0,IT.CAED/850592002.FACILITY,Centro Olio Val d'Agri
2023-12-13 07:00:00,0.00287,IT.CAED/850592002.FACILITY,Centro Olio Val d'Agri
2023-12-13 08:00:00,0.06681000000000001,IT.CAED/850592002.FACILITY,Centro Olio Val d'Agri
2023-12-13 09:00:00,0.18315,IT.CAED/850592002.FACILITY,Centro Olio Val d'Agri
2023-12-13 10:00:00,0.45147000000000004,IT.CAED/850592002.FACILITY,Centro Olio Val d'Agri
2023-12-13 11:00:00,0.50891,IT.CAED/850592002.FACILITY,Centro Olio Val d'Agri
2023-12-13 12:00:00,0.50995,IT.CAED/850592002.FACILITY,Centro Olio Val d'Agri
2023-12-13 13:00:00,0.52862,IT.CAED/850592002.FACILITY,Centro Olio Val d'Agri
2023-12-13 14:00:00,0.38177,IT.CAED/850592002.FACILITY,Centro Olio Val d'Agri
2023-12-13 15:00:00,0.19144,IT.CAED/850592002.FACILITY,Centro Olio Val d'Agri
2023-12-13 16:00:00,0.0,IT.CAED/850592002.FACILITY,Centro Olio Val d'Agri
2023-12-13 17:00:00,0.0,IT.CAED/850592002.FACILITY,Centro Olio Val d'Agri
2023-12-13 18:00:00,0.0,IT.CAED/850592002.FACILITY,Centro Olio Val d'Agri
2023-12-13 19:00:00,0.0,IT.CAED/850592002.FACILITY,Centro Olio Val d'Agri
2023-12-13 20:00:00,0.0,IT.CAED/850592002.FACILITY,Centro Olio Val d'Agri
2023-12-13 21:00:00,0.0,IT.CAED/850592002.FACILITY,Centro Olio Val d'Agri
2023-12-13 22:00:00,0.0,IT.CAED/850592002.FACILITY,Centro Olio Val d'Agri
2023-12-13 23:00:00,0.0,IT.CAED/850592002.FACILITY,Centro Olio Val d'Agri
2023-12-14 00:00:00,0.0,IT.CAED/850592002.FACILITY,Centro Olio Val d'Agri
2023-12-14 01:00:00,0.0,IT.CAED/850592002.FACILITY,Centro Olio Val d'Agri
2023-12-14 02:00:00,0.0,IT.CAED/850592002.FACILITY,Centro Olio Val d'Agri
2023-12-14 03:00:00,0.0,IT.CAED/850592002.FACILITY,Centro Olio Val d'Agri
2023-12-14 04:00:00,0.0,IT.CAED/850592002.FACILITY,Centro Olio Val d'Agri
2023-12-14 05:00:00,0.0,IT.CAED/850592002.FACILITY,Centro Olio Val d'Agri
2023-12-14 06:00:00,0.0,IT.CAED/850592002.FACILITY,Centro Olio Val d'Agri
2023-12-14 07:00:00,0.00202,IT.CAED/850592002.FACILITY,Centro Olio Val d'Agri
2023-12-14 08:00:00,0.04086,IT.CAED/850592002.FACILITY,Centro Olio Val d'Agri
2023-12-14 09:00:00,0.08019,IT.CAED/850592002.FACILITY,Centro Olio Val d'Agri
2023-12-14 10:00:00,0.11175,IT.CAED/850592002.FACILITY,Centro Olio Val d'Agri
2023-12-14 11:00:00,0.20119,IT.CAED/850592002.FACILITY,Centro Olio Val d'Agri
2023-12-14 12:00:00,0.056119999999999996,IT.CAED/850592002.FACILITY,Centro Olio Val d'Agri
2023-12-14 13:00:00,0.04519,IT.CAED/850592002.FACILITY,Centro Olio Val d'Agri
2023-12-14 14:00:00,0.02674,IT.CAED/850592002.FACILITY,Centro Olio Val d'Agri
2023-12-14 15:00:00,0.01788,IT.CAED/850592002.FACILITY,Centro Olio Val d'Agri
2023-12-14 16:00:00,0.0,IT.CAED/850592002.FACILITY,Centro Olio Val d'Agri
2023-12-14 17:00:00,0.0,IT.CAED/850592002.FACILITY,Centro Olio Val d'Agri
2023-12-14 18:00:00,0.0,IT.CAED/850592002.FACILITY,Centro Olio Val d'Agri
2023-12-14 19:00:00,0.0,IT.CAED/850592002.FACILITY,Centro Olio Val d'Agri
2023-12-14 20:00:00,0.0,IT.CAED/850592002.FACILITY,Centro Olio Val d'Agri
2023-12-14 21:00:00,0.0,IT.CAED/850592002.FACILITY,Centro Olio Val d'Agri
2023-12-14 22:00:00,0.0,IT.CAED/850592002.FACILITY,Centro Olio Val d'Agri
2023-12-14 23:00:00,0.0,IT.CAED/850592002.FACILITY,Centro Olio Val d'Agri
2023-12-15 00:00:00,0.0,IT.CAED/850592002.FACILITY,Centro Olio Val d'Agri
2023-12-15 01:00:00,0.0,IT.CAED/850592002.FACILITY,Centro Olio Val d'Agri
2023-12-15 02:00:00,0.0,IT.CAED/850592002.FACILITY,Centro Olio Val d'Agri
2023-12-15 03:00:00,0.0,IT.CAED/850592002.FACILITY,Centro Olio Val d'Agri
2023-12-15 04:00:00,0.0,IT.CAED/850592002.FACILITY,Centro Olio Val d'Agri
2023-12-15 05:00:00,0.0,IT.CAED/850592002.FACILITY,Centro Olio Val d'Agri
2023-12-15 06:00:00,0.0,IT.CAED/850592002.FACILITY,Centro Olio Val d'Agri
2023-12-15 07:00:00,0.00228,IT.CAED/850592002.FACILITY,Centro Olio Val d'Agri
2023-12-15 08:00:00,0.12125,IT.CAED/850592002.FACILITY,Centro Olio Val d'Agri
2023-12-15 09:00:00,0.24943,IT.CAED/850592002.FACILITY,Centro Olio Val d'Agri
2023-12-15 10:00:00,0.49369,IT.CAED/850592002.FACILITY,Centro Olio Val d'Agri
2023-12-15 11:00:00,0.5935499999999999,IT.CAED/850592002.FACILITY,Centro Olio Val d'Agri
2023-12-15 12:00:00,0.597,IT.CAED/850592002.FACILITY,Centro Olio Val d'Agri
2023-12-15 13:00:00,0.44439,IT.CAED/850592002.FACILITY,Centro Olio Val d'Agri
2023-12-15 14:00:00,0.29028,IT.CAED/850592002.FACILITY,Centro Olio Val d'Agri
2023-12-15 15:00:00,0.15916999999999998,IT.CAED/850592002.FACILITY,Centro Olio Val d'Agri
2023-12-15 16:00:00,0.0,IT.CAED/850592002.FACILITY,Centro Olio Val d'Agri
2023-12-15 17:00:00,0.0,IT.CAED/850592002.FACILITY,Centro Olio Val d'Agri
2023-12-15 18:00:00,0.0,IT.CAED/850592002.FACILITY,Centro Olio Val d'Agri
2023-12-15 19:00:00,0.0,IT.CAED/850592002.FACILITY,Centro Olio Val d'Agri
2023-12-15 20:00:00,0.0,IT.CAED/850592002.FACILITY,Centro Olio Val d'Agri
2023-12-15 21:00:00,0.0,IT.CAED/850592002.FACILITY,Centro Olio Val d'Agri
2023-12-15 22:00:00,0.0,IT.CAED/850592002.FACILITY,Centro Olio Val d'Agri
2023-12-15 23:00:00,0.0,IT.CAED/850592002.FACILITY,Centro Olio Val d'Agri
2023-12-16 00:00:00,0.0,IT.CAED/850592002.FACILITY,Centro Olio Val d'Agri
2023-12-16 01:00:00,0.0,IT.CAED/850592002.FACILITY,Centro Olio Val d'Agri
2023-12-16 02:00:00,0.0,IT.CAED/850592002.FACILITY,Centro Olio Val d'Agri
2023-12-16 03:00:00,0.0,IT.CAED/850592002.FACILITY,Centro Olio Val d'Agri
2023-12-16 04:00:00,0.0,IT.CAED/850592002.FACILITY,Centro Olio Val d'Agri
2023-12-16 05:00:00,0.0,IT.CAED/850592002.FACILITY,Centro Olio Val d'Agri
2023-12-16 06:00:00,0.0,IT.CAED/850592002.FACILITY,Centro Olio Val d'Agri
2023-12-16 07:00:00,0.00335,IT.CAED/850592002.FACILITY,Centro Olio Val d'Agri
2023-12-16 08:00:00,0.19006,IT.CAED/850592002.FACILITY,Centro Olio Val d'Agri
2023-12-16 09:00:00,0.36863999999999997,IT.CAED/850592002.FACILITY,Centro Olio Val d'Agri
2023-12-16 10:00:00,0.5703400000000001,IT.CAED/850592002.FACILITY,Centro Olio Val d'Agri
2023-12-16 11:00:00,0.49624,IT.CAED/850592002.FACILITY,Centro Olio Val d'Agri
2023-12-16 12:00:00,0.505,IT.CAED/850592002.FACILITY,Centro Olio Val d'Agri
2023-12-16 13:00:00,0.31188,IT.CAED/850592002.FACILITY,Centro Olio Val d'Agri
2023-12-16 14:00:00,0.15941,IT.CAED/850592002.FACILITY,Centro Olio Val d'Agri
2023-12-16 15:00:00,0.05828,IT.CAED/850592002.FACILITY,Centro Olio Val d'Agri
2023-12-16 16:00:00,0.0,IT.CAED/850592002.FACILITY,Centro Olio Val d'Agri
2023-12-16 17:00:00,0.0,IT.CAED/850592002.FACILITY,Centro Olio Val d'Agri
2023-12-16 18:00:00,0.0,IT.CAED/850592002.FACILITY,Centro Olio Val d'Agri
2023-12-16 19:00:00,0.0,IT.CAED/850592002.FACILITY,Centro Olio Val d'Agri
2023-12-16 20:00:00,0.0,IT.CAED/850592002.FACILITY,Centro Olio Val d'Agri
2023-12-16 21:00:00,0.0,IT.CAED/850592002.FACILITY,Centro Olio Val d'Agri
2023-12-16 22:00:00,0.0,IT.CAED/850592002.FACILITY,Centro Olio Val d'Agri
2023-12-16 23:00:00,0.0,IT.CAED/850592002.FACILITY,Centro Olio Val d'Agri
2023-12-17 00:00:00,0.0,IT.CAED/850592002.FACILITY,Centro Olio Val d'Agri
2023-12-17 01:00:00,0.0,IT.CAED/850592002.FACILITY,Centro Olio Val d'Agri
2023-12-17 02:00:00,0.0,IT.CAED/850592002.FACILITY,Centro Olio Val d'Agri
2023-12-17 03:00:00,0.0,IT.CAED/850592002.FACILITY,Centro Olio Val d'Agri
2023-12-17 04:00:00,0.0,IT.CAED/850592002.FACILITY,Centro Olio Val d'Agri
2023-12-17 05:00:00,0.0,IT.CAED/850592002.FACILITY,Centro Olio Val d'Agri
2023-12-17 06:00:00,0.0,IT.CAED/850592002.FACILITY,Centro Olio Val d'Agri
2023-12-17 07:00:00,0.00344,IT.CAED/850592002.FACILITY,Centro Olio Val d'Agri
2023-12-17 08:00:00,0.32147000000000003,IT.CAED/850592002.FACILITY,Centro Olio Val d'Agri
2023-12-17 09:00:00,0.5765,IT.CAED/850592002.FACILITY,Centro Olio Val d'Agri
2023-12-17 10:00:00,0.72803,IT.CAED/850592002.FACILITY,Centro Olio Val d'Agri
2023-12-17 11:00:00,0.81984,IT.CAED/850592002.FACILITY,Centro Olio Val d'Agri
2023-12-17 12:00:00,0.78152,IT.CAED/850592002.FACILITY,Centro Olio Val d'Agri
2023-12-17 13:00:00,0.71521,IT.CAED/850592002.FACILITY,Centro Olio Val d'Agri
2023-12-17 14:00:00,0.52916,IT.CAED/850592002.FACILITY,Centro Olio Val d'Agri
2023-12-17 15:00:00,0.2866,IT.CAED/850592002.FACILITY,Centro Olio Val d'Agri
2023-12-17 16:00:00,0.0,IT.CAED/850592002.FACILITY,Centro Olio Val d'Agri
2023-12-17 17:00:00,0.0,IT.CAED/850592002.FACILITY,Centro Olio Val d'Agri
2023-12-17 18:00:00,0.0,IT.CAED/850592002.FACILITY,Centro Olio Val d'Agri
2023-12-17 19:00:00,0.0,IT.CAED/850592002.FACILITY,Centro Olio Val d'Agri
2023-12-17 20:00:00,0.0,IT.CAED/850592002.FACILITY,Centro Olio Val d'Agri
2023-12-17 21:00:00,0.0,IT.CAED/850592002.FACILITY,Centro Olio Val d'Agri
2023-12-17 22:00:00,0.0,IT.CAED/850592002.FACILITY,Centro Olio Val d'Agri
2023-12-17 23:00:00,0.0,IT.CAED/850592002.FACILITY,Centro Olio Val d'Agri
2023-12-18 00:00:00,0.0,IT.CAED/850592002.FACILITY,Centro Olio Val d'Agri
2023-12-18 01:00:00,0.0,IT.CAED/850592002.FACILITY,Centro Olio Val d'Agri
2023-12-18 02:00:00,0.0,IT.CAED/850592002.FACILITY,Centro Olio Val d'Agri
2023-12-18 03:00:00,0.0,IT.CAED/850592002.FACILITY,Centro Olio Val d'Agri
2023-12-18 04:00:00,0.0,IT.CAED/850592002.FACILITY,Centro Olio Val d'Agri
2023-12-18 05:00:00,0.0,IT.CAED/850592002.FACILITY,Centro Olio Val d'Agri
2023-12-18 06:00:00,0.0,IT.CAED/850592002.FACILITY,Centro Olio Val d'Agri
2023-12-18 07:00:00,0.0034300000000000003,IT.CAED/850592002.FACILITY,Centro Olio Val d'Agri
2023-12-18 08:00:00,0.388,IT.CAED/850592002.FACILITY,Centro Olio Val d'Agri
2023-12-18 09:00:00,0.5697000000000001,IT.CAED/850592002.FACILITY,Centro Olio Val d'Agri
2023-12-18 10:00:00,0.76262,IT.CAED/850592002.FACILITY,Centro Olio Val d'Agri
2023-12-18 11:00:00,0.8317599999999999,IT.CAED/850592002.FACILITY,Centro Olio Val d'Agri
2023-12-18 12:00:00,0.78643,IT.CAED/850592002.FACILITY,Centro Olio Val d'Agri
2023-12-18 13:00:00,0.7258600000000001,IT.CAED/850592002.FACILITY,Centro Olio Val d'Agri
2023-12-18 14:00:00,0.5588200000000001,IT.CAED/850592002.FACILITY,Centro Olio Val d'Agri
2023-12-18 15:00:00,0.30715,IT.CAED/850592002.FACILITY,Centro Olio Val d'Agri
2023-12-18 16:00:00,0.0,IT.CAED/850592002.FACILITY,Centro Olio Val d'Agri
2023-12-18 17:00:00,0.0,IT.CAED/850592002.FACILITY,Centro Olio Val d'Agri
2023-12-18 18:00:00,0.0,IT.CAED/850592002.FACILITY,Centro Olio Val d'Agri
2023-12-18 19:00:00,0.0,IT.CAED/850592002.FACILITY,Centro Olio Val d'Agri
2023-12-18 20:00:00,0.0,IT.CAED/850592002.FACILITY,Centro Olio Val d'Agri
2023-12-18 21:00:00,0.0,IT.CAED/850592002.FACILITY,Centro Olio Val d'Agri
2023-12-18 22:00:00,0.0,IT.CAED/850592002.FACILITY,Centro Olio Val d'Agri
2023-12-18 23:00:00,0.0,IT.CAED/850592002.FACILITY,Centro Olio Val d'Agri
2023-12-19 00:00:00,0.0,IT.CAED/850592002.FACILITY,Centro Olio Val d'Agri
2023-12-19 01:00:00,0.0,IT.CAED/850592002.FACILITY,Centro Olio Val d'Agri
2023-12-19 02:00:00,0.0,IT.CAED/850592002.FACILITY,Centro Olio Val d'Agri
2023-12-19 03:00:00,0.0,IT.CAED/850592002.FACILITY,Centro Olio Val d'Agri
2023-12-19 04:00:00,0.0,IT.CAED/850592002.FACILITY,Centro Olio Val d'Agri
2023-12-19 05:00:00,0.0,IT.CAED/850592002.FACILITY,Centro Olio Val d'Agri
2023-12-19 06:00:00,0.0,IT.CAED/850592002.FACILITY,Centro Olio Val d'Agri
2023-12-19 07:00:00,0.00287,IT.CAED/850592002.FACILITY,Centro Olio Val d'Agri
2023-12-19 08:00:00,0.38082,IT.CAED/850592002.FACILITY,Centro Olio Val d'Agri
2023-12-19 09:00:00,0.5995,IT.CAED/850592002.FACILITY,Centro Olio Val d'Agri
2023-12-19 10:00:00,0.7250800000000001,IT.CAED/850592002.FACILITY,Centro Olio Val d'Agri
2023-12-19 11:00:00,0.79025,IT.CAED/850592002.FACILITY,Centro Olio Val d'Agri
2023-12-19 12:00:00,0.78155,IT.CAED/850592002.FACILITY,Centro Olio Val d'Agri
2023-12-19 13:00:00,0.69423,IT.CAED/850592002.FACILITY,Centro Olio Val d'Agri
2023-12-19 14:00:00,0.53414,IT.CAED/850592002.FACILITY,Centro Olio Val d'Agri
2023-12-19 15:00:00,0.29045,IT.CAED/850592002.FACILITY,Centro Olio Val d'Agri
2023-12-19 16:00:00,0.0,IT.CAED/850592002.FACILITY,Centro Olio Val d'Agri
2023-12-19 17:00:00,0.0,IT.CAED/850592002.FACILITY,Centro Olio Val d'Agri
2023-12-19 18:00:00,0.0,IT.CAED/850592002.FACILITY,Centro Olio Val d'Agri
2023-12-19 19:00:00,0.0,IT.CAED/850592002.FACILITY,Centro Olio Val d'Agri
2023-12-19 20:00:00,0.0,IT.CAED/850592002.FACILITY,Centro Olio Val d'Agri
2023-12-19 21:00:00,0.0,IT.CAED/850592002.FACILITY,Centro Olio Val d'Agri
2023-12-19 22:00:00,0.0,IT.CAED/850592002.FACILITY,Centro Olio Val d'Agri
2023-12-19 23:00:00,0.0,IT.CAED/850592002.FACILITY,Centro Olio Val d'Agri
2023-12-20 00:00:00,0.0,IT.CAED/850592002.FACILITY,Centro Olio Val d'Agri
2023-12-20 01:00:00,0.0,IT.CAED/850592002.FACILITY,Centro Olio Val d'Agri
2023-12-20 02:00:00,0.0,IT.CAED/850592002.FACILITY,Centro Olio Val d'Agri
2023-12-20 03:00:00,0.0,IT.CAED/850592002.FACILITY,Centro Olio Val d'Agri
2023-12-20 04:00:00,0.0,IT.CAED/850592002.FACILITY,Centro Olio Val d'Agri
2023-12-20 05:00:00,0.0,IT.CAED/850592002.FACILITY,Centro Olio Val d'Agri
2023-12-20 06:00:00,0.0,IT.CAED/850592002.FACILITY,Centro Olio Val d'Agri
2023-12-20 07:00:00,0.00275,IT.CAED/850592002.FACILITY,Centro Olio Val d'Agri
2023-12-20 08:00:00,0.36976,IT.CAED/850592002.FACILITY,Centro Olio Val d'Agri
2023-12-20 09:00:00,0.5791900000000001,IT.CAED/850592002.FACILITY,Centro Olio Val d'Agri
2023-12-20 10:00:00,0.70637,IT.CAED/850592002.FACILITY,Centro Olio Val d'Agri
2023-12-20 11:00:00,0.78049,IT.CAED/850592002.FACILITY,Centro Olio Val d'Agri
2023-12-20 12:00:00,0.73033,IT.CAED/850592002.FACILITY,Centro Olio Val d'Agri
2023-12-20 13:00:00,0.66479,IT.CAED/850592002.FACILITY,Centro Olio Val d'Agri
2023-12-20 14:00:00,0.49002999999999997,IT.CAED/850592002.FACILITY,Centro Olio Val d'Agri
2023-12-20 15:00:00,0.25311,IT.CAED/850592002.FACILITY,Centro Olio Val d'Agri
2023-12-20 16:00:00,0.0,IT.CAED/850592002.FACILITY,Centro Olio Val d'Agri
2023-12-20 17:00:00,0.0,IT.CAED/850592002.FACILITY,Centro Olio Val d'Agri
2023-12-20 18:00:00,0.0,IT.CAED/850592002.FACILITY,Centro Olio Val d'Agri
2023-12-20 19:00:00,0.0,IT.CAED/850592002.FACILITY,Centro Olio Val d'Agri
2023-12-20 20:00:00,0.0,IT.CAED/850592002.FACILITY,Centro Olio Val d'Agri
2023-12-20 21:00:00,0.0,IT.CAED/850592002.FACILITY,Centro Olio Val d'Agri
2023-12-20 22:00:00,0.0,IT.CAED/850592002.FACILITY,Centro Olio Val d'Agri
2023-12-20 23:00:00,0.0,IT.CAED/850592002.FACILITY,Centro Olio Val d'Agri
2023-12-21 00:00:00,0.0,IT.CAED/850592002.FACILITY,Centro Olio Val d'Agri
2023-12-21 01:00:00,0.0,IT.CAED/850592002.FACILITY,Centro Olio Val d'Agri
2023-12-21 02:00:00,0.0,IT.CAED/850592002.FACILITY,Centro Olio Val d'Agri
2023-12-21 03:00:00,0.0,IT.CAED/850592002.FACILITY,Centro Olio Val d'Agri
2023-12-21 04:00:00,0.0,IT.CAED/850592002.FACILITY,Centro Olio Val d'Agri
2023-12-21 05:00:00,0.0,IT.CAED/850592002.FACILITY,Centro Olio Val d'Agri
2023-12-21 06:00:00,0.0,IT.CAED/850592002.FACILITY,Centro Olio Val d'Agri
2023-12-21 07:00:00,0.00298,IT.CAED/850592002.FACILITY,Centro Olio Val d'Agri
2023-12-21 08:00:00,0.19396000000000002,IT.CAED/850592002.FACILITY,Centro Olio Val d'Agri
2023-12-21 09:00:00,0.44079,IT.CAED/850592002.FACILITY,Centro Olio Val d'Agri
2023-12-21 10:00:00,0.64883,IT.CAED/850592002.FACILITY,Centro Olio Val d'Agri
2023-12-21 11:00:00,0.8009700000000001,IT.CAED/850592002.FACILITY,Centro Olio Val d'Agri
2023-12-21 12:00:00,0.78338,IT.CAED/850592002.FACILITY,Centro Olio Val d'Agri
2023-12-21 13:00:00,0.68548,IT.CAED/850592002.FACILITY,Centro Olio Val d'Agri
2023-12-21 14:00:00,0.5189900000000001,IT.CAED/850592002.FACILITY,Centro Olio Val d'Agri
2023-12-21 15:00:00,0.28122,IT.CAED/850592002.FACILITY,Centro Olio Val d'Agri
2023-12-21 16:00:00,0.0,IT.CAED/850592002.FACILITY,Centro Olio Val d'Agri
2023-12-21 17:00:00,0.0,IT.CAED/850592002.FACILITY,Centro Olio Val d'Agri
2023-12-21 18:00:00,0.0,IT.CAED/850592002.FACILITY,Centro Olio Val d'Agri
2023-12-21 19:00:00,0.0,IT.CAED/850592002.FACILITY,Centro Olio Val d'Agri
2023-12-21 20:00:00,0.0,IT.CAED/850592002.FACILITY,Centro Olio Val d'Agri
2023-12-21 21:00:00,0.0,IT.CAED/850592002.FACILITY,Centro Olio Val d'Agri
2023-12-21 22:00:00,0.0,IT.CAED/850592002.FACILITY,Centro Olio Val d'Agri
2023-12-21 23:00:00,0.0,IT.CAED/850592002.FACILITY,Centro Olio Val d'Agri
2023-12-22 00:00:00,0.0,IT.CAED/850592002.FACILITY,Centro Olio Val d'Agri
2023-12-22 01:00:00,0.0,IT.CAED/850592002.FACILITY,Centro Olio Val d'Agri
2023-12-22 02:00:00,0.0,IT.CAED/850592002.FACILITY,Centro Olio Val d'Agri
2023-12-22 03:00:00,0.0,IT.CAED/850592002.FACILITY,Centro Olio Val d'Agri
2023-12-22 04:00:00,0.0,IT.CAED/850592002.FACILITY,Centro Olio Val d'Agri
2023-12-22 05:00:00,0.0,IT.CAED/850592002.FACILITY,Centro Olio Val d'Agri
2023-12-22 06:00:00,0.0,IT.CAED/850592002.FACILITY,Centro Olio Val d'Agri
2023-12-22 07:00:00,0.00082,IT.CAED/850592002.FACILITY,Centro Olio Val d'Agri
2023-12-22 08:00:00,0.10931999999999999,IT.CAED/850592002.FACILITY,Centro Olio Val d'Agri
2023-12-22 09:00:00,0.31499,IT.CAED/850592002.FACILITY,Centro Olio Val d'Agri
2023-12-22 10:00:00,0.26550999999999997,IT.CAED/850592002.FACILITY,Centro Olio Val d'Agri
2023-12-22 11:00:00,0.29464,IT.CAED/850592002.FACILITY,Centro Olio Val d'Agri
2023-12-22 12:00:00,0.48984,IT.CAED/850592002.FACILITY,Centro Olio Val d'Agri
2023-12-22 13:00:00,0.54123,IT.CAED/850592002.FACILITY,Centro Olio Val d'Agri
2023-12-22 14:00:00,0.42351,IT.CAED/850592002.FACILITY,Centro Olio Val d'Agri
2023-12-22 15:00:00,0.20049,IT.CAED/850592002.FACILITY,Centro Olio Val d'Agri
2023-12-22 16:00:00,0.0,IT.CAED/850592002.FACILITY,Centro Olio Val d'Agri
2023-12-22 17:00:00,0.0,IT.CAED/850592002.FACILITY,Centro Olio Val d'Agri
2023-12-22 18:00:00,0.0,IT.CAED/850592002.FACILITY,Centro Olio Val d'Agri
2023-12-22 19:00:00,0.0,IT.CAED/850592002.FACILITY,Centro Olio Val d'Agri
2023-12-22 20:00:00,0.0,IT.CAED/850592002.FACILITY,Centro Olio Val d'Agri
2023-12-22 21:00:00,0.0,IT.CAED/850592002.FACILITY,Centro Olio Val d'Agri
2023-12-22 22:00:00,0.0,IT.CAED/850592002.FACILITY,Centro Olio Val d'Agri
2023-12-22 23:00:00,0.0,IT.CAED/850592002.FACILITY,Centro Olio Val d'Agri
2023-12-23 00:00:00,0.0,IT.CAED/850592002.FACILITY,Centro Olio Val d'Agri
2023-12-23 01:00:00,0.0,IT.CAED/850592002.FACILITY,Centro Olio Val d'Agri
2023-12-23 02:00:00,0.0,IT.CAED/850592002.FACILITY,Centro Olio Val d'Agri
2023-12-23 03:00:00,0.0,IT.CAED/850592002.FACILITY,Centro Olio Val d'Agri
2023-12-23 04:00:00,0.0,IT.CAED/850592002.FACILITY,Centro Olio Val d'Agri
2023-12-23 05:00:00,0.0,IT.CAED/850592002.FACILITY,Centro Olio Val d'Agri
2023-12-23 06:00:00,0.0,IT.CAED/850592002.FACILITY,Centro Olio Val d'Agri
2023-12-23 07:00:00,0.0009599999999999999,IT.CAED/850592002.FACILITY,Centro Olio Val d'Agri
2023-12-23 08:00:00,0.12237,IT.CAED/850592002.FACILITY,Centro Olio Val d'Agri
2023-12-23 09:00:00,0.30804000000000004,IT.CAED/850592002.FACILITY,Centro Olio Val d'Agri
2023-12-23 10:00:00,0.41078,IT.CAED/850592002.FACILITY,Centro Olio Val d'Agri
2023-12-23 11:00:00,0.69156,IT.CAED/850592002.FACILITY,Centro Olio Val d'Agri
2023-12-23 12:00:00,0.70894,IT.CAED/850592002.FACILITY,Centro Olio Val d'Agri
2023-12-23 13:00:00,0.59323,IT.CAED/850592002.FACILITY,Centro Olio Val d'Agri
2023-12-23 14:00:00,0.47704,IT.CAED/850592002.FACILITY,Centro Olio Val d'Agri
2023-12-23 15:00:00,0.16553,IT.CAED/850592002.FACILITY,Centro Olio Val d'Agri
2023-12-23 16:00:00,0.0,IT.CAED/850592002.FACILITY,Centro Olio Val d'Agri
2023-12-23 17:00:00,0.0,IT.CAED/850592002.FACILITY,Centro Olio Val d'Agri
2023-12-23 18:00:00,0.0,IT.CAED/850592002.FACILITY,Centro Olio Val d'Agri
2023-12-23 19:00:00,0.0,IT.CAED/850592002.FACILITY,Centro Olio Val d'Agri
2023-12-23 20:00:00,0.0,IT.CAED/850592002.FACILITY,Centro Olio Val d'Agri
2023-12-23 21:00:00,0.0,IT.CAED/850592002.FACILITY,Centro Olio Val d'Agri
2023-12-23 22:00:00,0.0,IT.CAED/850592002.FACILITY,Centro Olio Val d'Agri
2023-12-23 23:00:00,0.0,IT.CAED/850592002.FACILITY,Centro Olio Val d'Agri
2023-12-24 00:00:00,0.0,IT.CAED/850592002.FACILITY,Centro Olio Val d'Agri
2023-12-24 01:00:00,0.0,IT.CAED/850592002.FACILITY,Centro Olio Val d'Agri
2023-12-24 02:00:00,0.0,IT.CAED/850592002.FACILITY,Centro Olio Val d'Agri
2023-12-24 03:00:00,0.0,IT.CAED/850592002.FACILITY,Centro Olio Val d'Agri
2023-12-24 04:00:00,0.0,IT.CAED/850592002.FACILITY,Centro Olio Val d'Agri
2023-12-24 05:00:00,0.0,IT.CAED/850592002.FACILITY,Centro Olio Val d'Agri
2023-12-24 06:00:00,0.0,IT.CAED/850592002.FACILITY,Centro Olio Val d'Agri
2023-12-24 07:00:00,0.00136,IT.CAED/850592002.FACILITY,Centro Olio Val d'Agri
2023-12-24 08:00:00,0.12319,IT.CAED/850592002.FACILITY,Centro Olio Val d'Agri
2023-12-24 09:00:00,0.33088999999999996,IT.CAED/850592002.FACILITY,Centro Olio Val d'Agri
2023-12-24 10:00:00,0.58784,IT.CAED/850592002.FACILITY,Centro Olio Val d'Agri
2023-12-24 11:00:00,0.6785399999999999,IT.CAED/850592002.FACILITY,Centro Olio Val d'Agri
2023-12-24 12:00:00,0.7706000000000001,IT.CAED/850592002.FACILITY,Centro Olio Val d'Agri
2023-12-24 13:00:00,0.6930599999999999,IT.CAED/850592002.FACILITY,Centro Olio Val d'Agri
2023-12-24 14:00:00,0.5175599999999999,IT.CAED/850592002.FACILITY,Centro Olio Val d'Agri
2023-12-24 15:00:00,0.29458999999999996,IT.CAED/850592002.FACILITY,Centro Olio Val d'Agri
2023-12-24 16:00:00,0.0,IT.CAED/850592002.FACILITY,Centro Olio Val d'Agri
2023-12-24 17:00:00,0.0,IT.CAED/850592002.FACILITY,Centro Olio Val d'Agri
2023-12-24 18:00:00,0.0,IT.CAED/850592002.FACILITY,Centro Olio Val d'Agri
2023-12-24 19:00:00,0.0,IT.CAED/850592002.FACILITY,Centro Olio Val d'Agri
2023-12-24 20:00:00,0.0,IT.CAED/850592002.FACILITY,Centro Olio Val d'Agri
2023-12-24 21:00:00,0.0,IT.CAED/850592002.FACILITY,Centro Olio Val d'Agri
2023-12-24 22:00:00,0.0,IT.CAED/850592002.FACILITY,Centro Olio Val d'Agri
2023-12-24 23:00:00,0.0,IT.CAED/850592002.FACILITY,Centro Olio Val d'Agri
2023-12-25 00:00:00,0.0,IT.CAED/850592002.FACILITY,Centro Olio Val d'Agri
2023-12-25 01:00:00,0.0,IT.CAED/850592002.FACILITY,Centro Olio Val d'Agri
2023-12-25 02:00:00,0.0,IT.CAED/850592002.FACILITY,Centro Olio Val d'Agri
2023-12-25 03:00:00,0.0,IT.CAED/850592002.FACILITY,Centro Olio Val d'Agri
2023-12-25 04:00:00,0.0,IT.CAED/850592002.FACILITY,Centro Olio Val d'Agri
2023-12-25 05:00:00,0.0,IT.CAED/850592002.FACILITY,Centro Olio Val d'Agri
2023-12-25 06:00:00,0.0,IT.CAED/850592002.FACILITY,Centro Olio Val d'Agri
2023-12-25 07:00:00,0.00126,IT.CAED/850592002.FACILITY,Centro Olio Val d'Agri
2023-12-25 08:00:00,0.13219999999999998,IT.CAED/850592002.FACILITY,Centro Olio Val d'Agri
2023-12-25 09:00:00,0.35710000000000003,IT.CAED/850592002.FACILITY,Centro Olio Val d'Agri
2023-12-25 10:00:00,0.6183200000000001,IT.CAED/850592002.FACILITY,Centro Olio Val d'Agri
2023-12-25 11:00:00,0.69677,IT.CAED/850592002.FACILITY,Centro Olio Val d'Agri
2023-12-25 12:00:00,0.6991,IT.CAED/850592002.FACILITY,Centro Olio Val d'Agri
2023-12-25 13:00:00,0.5891799999999999,IT.CAED/850592002.FACILITY,Centro Olio Val d'Agri
2023-12-25 14:00:00,0.42355000000000004,IT.CAED/850592002.FACILITY,Centro Olio Val d'Agri
2023-12-25 15:00:00,0.23893999999999999,IT.CAED/850592002.FACILITY,Centro Olio Val d'Agri
2023-12-25 16:00:00,0.0,IT.CAED/850592002.FACILITY,Centro Olio Val d'Agri
2023-12-25 17:00:00,0.0,IT.CAED/850592002.FACILITY,Centro Olio Val d'Agri
2023-12-25 18:00:00,0.0,IT.CAED/850592002.FACILITY,Centro Olio Val d'Agri
2023-12-25 19:00:00,0.0,IT.CAED/850592002.FACILITY,Centro Olio Val d'Agri
2023-12-25 20:00:00,0.0,IT.CAED/850592002.FACILITY,Centro Olio Val d'Agri
2023-12-25 21:00:00,0.0,IT.CAED/850592002.FACILITY,Centro Olio Val d'Agri
2023-12-25 22:00:00,0.0,IT.CAED/850592002.FACILITY,Centro Olio Val d'Agri
2023-12-25 23:00:00,0.0,IT.CAED/850592002.FACILITY,Centro Olio Val d'Agri
2023-12-26 00:00:00,0.0,IT.CAED/850592002.FACILITY,Centro Olio Val d'Agri
2023-12-26 01:00:00,0.0,IT.CAED/850592002.FACILITY,Centro Olio Val d'Agri
2023-12-26 02:00:00,0.0,IT.CAED/850592002.FACILITY,Centro Olio Val d'Agri
2023-12-26 03:00:00,0.0,IT.CAED/850592002.FACILITY,Centro Olio Val d'Agri
2023-12-26 04:00:00,0.0,IT.CAED/850592002.FACILITY,Centro Olio Val d'Agri
2023-12-26 05:00:00,0.0,IT.CAED/850592002.FACILITY,Centro Olio Val d'Agri
2023-12-26 06:00:00,0.0,IT.CAED/850592002.FACILITY,Centro Olio Val d'Agri
2023-12-26 07:00:00,0.00062,IT.CAED/850592002.FACILITY,Centro Olio Val d'Agri
2023-12-26 08:00:00,0.15341,IT.CAED/850592002.FACILITY,Centro Olio Val d'Agri
2023-12-26 09:00:00,0.29188,IT.CAED/850592002.FACILITY,Centro Olio Val d'Agri
2023-12-26 10:00:00,0.46694,IT.CAED/850592002.FACILITY,Centro Olio Val d'Agri
2023-12-26 11:00:00,0.6386799999999999,IT.CAED/850592002.FACILITY,Centro Olio Val d'Agri
2023-12-26 12:00:00,0.7313099999999999,IT.CAED/850592002.FACILITY,Centro Olio Val d'Agri
2023-12-26 13:00:00,0.62499,IT.CAED/850592002.FACILITY,Centro Olio Val d'Agri
2023-12-26 14:00:00,0.51843,IT.CAED/850592002.FACILITY,Centro Olio Val d'Agri
2023-12-26 15:00:00,0.28505,IT.CAED/850592002.FACILITY,Centro Olio Val d'Agri
2023-12-26 16:00:00,0.0,IT.CAED/850592002.FACILITY,Centro Olio Val d'Agri
2023-12-26 17:00:00,0.0,IT.CAED/850592002.FACILITY,Centro Olio Val d'Agri
2023-12-26 18:00:00,0.0,IT.CAED/850592002.FACILITY,Centro Olio Val d'Agri
2023-12-26 19:00:00,0.0,IT.CAED/850592002.FACILITY,Centro Olio Val d'Agri
2023-12-26 20:00:00,0.0,IT.CAED/850592002.FACILITY,Centro Olio Val d'Agri
2023-12-26 21:00:00,0.0,IT.CAED/850592002.FACILITY,Centro Olio Val d'Agri
2023-12-26 22:00:00,0.0,IT.CAED/850592002.FACILITY,Centro Olio Val d'Agri
2023-12-26 23:00:00,0.0,IT.CAED/850592002.FACILITY,Centro Olio Val d'Agri
2023-12-27 00:00:00,0.0,IT.CAED/850592002.FACILITY,Centro Olio Val d'Agri
2023-12-27 01:00:00,0.0,IT.CAED/850592002.FACILITY,Centro Olio Val d'Agri
2023-12-27 02:00:00,0.0,IT.CAED/850592002.FACILITY,Centro Olio Val d'Agri
2023-12-27 03:00:00,0.0,IT.CAED/850592002.FACILITY,Centro Olio Val d'Agri
2023-12-27 04:00:00,0.0,IT.CAED/850592002.FACILITY,Centro Olio Val d'Agri
2023-12-27 05:00:00,0.0,IT.CAED/850592002.FACILITY,Centro Olio Val d'Agri
2023-12-27 06:00:00,0.0,IT.CAED/850592002.FACILITY,Centro Olio Val d'Agri
2023-12-27 07:00:00,0.0021000000000000003,IT.CAED/850592002.FACILITY,Centro Olio Val d'Agri
2023-12-27 08:00:00,0.1752,IT.CAED/850592002.FACILITY,Centro Olio Val d'Agri
2023-12-27 09:00:00,0.37629,IT.CAED/850592002.FACILITY,Centro Olio Val d'Agri
2023-12-27 10:00:00,0.6059500000000001,IT.CAED/850592002.FACILITY,Centro Olio Val d'Agri
2023-12-27 11:00:00,0.76598,IT.CAED/850592002.FACILITY,Centro Olio Val d'Agri
2023-12-27 12:00:00,0.79641,IT.CAED/850592002.FACILITY,Centro Olio Val d'Agri
2023-12-27 13:00:00,0.71368,IT.CAED/850592002.FACILITY,Centro Olio Val d'Agri
2023-12-27 14:00:00,0.5625,IT.CAED/850592002.FACILITY,Centro Olio Val d'Agri
2023-12-27 15:00:00,0.31125,IT.CAED/850592002.FACILITY,Centro Olio Val d'Agri
2023-12-27 16:00:00,0.00019,IT.CAED/850592002.FACILITY,Centro Olio Val d'Agri
2023-12-27 17:00:00,0.0,IT.CAED/850592002.FACILITY,Centro Olio Val d'Agri
2023-12-27 18:00:00,0.0,IT.CAED/850592002.FACILITY,Centro Olio Val d'Agri
2023-12-27 19:00:00,0.0,IT.CAED/850592002.FACILITY,Centro Olio Val d'Agri
2023-12-27 20:00:00,0.0,IT.CAED/850592002.FACILITY,Centro Olio Val d'Agri
2023-12-27 21:00:00,0.0,IT.CAED/850592002.FACILITY,Centro Olio Val d'Agri
2023-12-27 22:00:00,0.0,IT.CAED/850592002.FACILITY,Centro Olio Val d'Agri
2023-12-27 23:00:00,0.0,IT.CAED/850592002.FACILITY,Centro Olio Val d'Agri
2023-12-28 00:00:00,0.0,IT.CAED/850592002.FACILITY,Centro Olio Val d'Agri
2023-12-28 01:00:00,0.0,IT.CAED/850592002.FACILITY,Centro Olio Val d'Agri
2023-12-28 02:00:00,0.0,IT.CAED/850592002.FACILITY,Centro Olio Val d'Agri
2023-12-28 03:00:00,0.0,IT.CAED/850592002.FACILITY,Centro Olio Val d'Agri
2023-12-28 04:00:00,0.0,IT.CAED/850592002.FACILITY,Centro Olio Val d'Agri
2023-12-28 05:00:00,0.0,IT.CAED/850592002.FACILITY,Centro Olio Val d'Agri
2023-12-28 06:00:00,0.0,IT.CAED/850592002.FACILITY,Centro Olio Val d'Agri
2023-12-28 07:00:00,0.00139,IT.CAED/850592002.FACILITY,Centro Olio Val d'Agri
2023-12-28 08:00:00,0.35693,IT.CAED/850592002.FACILITY,Centro Olio Val d'Agri
2023-12-28 09:00:00,0.5805,IT.CAED/850592002.FACILITY,Centro Olio Val d'Agri
2023-12-28 10:00:00,0.70417,IT.CAED/850592002.FACILITY,Centro Olio Val d'Agri
2023-12-28 11:00:00,0.7768999999999999,IT.CAED/850592002.FACILITY,Centro Olio Val d'Agri
2023-12-28 12:00:00,0.7742,IT.CAED/850592002.FACILITY,Centro Olio Val d'Agri
2023-12-28 13:00:00,0.7135199999999999,IT.CAED/850592002.FACILITY,Centro Olio Val d'Agri
2023-12-28 14:00:00,0.5655,IT.CAED/850592002.FACILITY,Centro Olio Val d'Agri
2023-12-28 15:00:00,0.32712,IT.CAED/850592002.FACILITY,Centro Olio Val d'Agri
2023-12-28 16:00:00,0.00034,IT.CAED/850592002.FACILITY,Centro Olio Val d'Agri
2023-12-28 17:00:00,0.0,IT.CAED/850592002.FACILITY,Centro Olio Val d'Agri
2023-12-28 18:00:00,0.0,IT.CAED/850592002.FACILITY,Centro Olio Val d'Agri
2023-12-28 19:00:00,0.0,IT.CAED/850592002.FACILITY,Centro Olio Val d'Agri
2023-12-28 20:00:00,0.0,IT.CAED/850592002.FACILITY,Centro Olio Val d'Agri
2023-12-28 21:00:00,0.0,IT.CAED/850592002.FACILITY,Centro Olio Val d'Agri
2023-12-28 22:00:00,0.0,IT.CAED/850592002.FACILITY,Centro Olio Val d'Agri
2023-12-28 23:00:00,0.0,IT.CAED/850592002.FACILITY,Centro Olio Val d'Agri
2023-12-29 00:00:00,0.0,IT.CAED/850592002.FACILITY,Centro Olio Val d'Agri
2023-12-29 01:00:00,0.0,IT.CAED/850592002.FACILITY,Centro Olio Val d'Agri
2023-12-29 02:00:00,0.0,IT.CAED/850592002.FACILITY,Centro Olio Val d'Agri
2023-12-29 03:00:00,0.0,IT.CAED/850592002.FACILITY,Centro Olio Val d'Agri
2023-12-29 04:00:00,0.0,IT.CAED/850592002.FACILITY,Centro Olio Val d'Agri
2023-12-29 05:00:00,0.0,IT.CAED/850592002.FACILITY,Centro Olio Val d'Agri
2023-12-29 06:00:00,0.0,IT.CAED/850592002.FACILITY,Centro Olio Val d'Agri
2023-12-29 07:00:00,0.00156,IT.CAED/850592002.FACILITY,Centro Olio Val d'Agri
2023-12-29 08:00:00,0.10918000000000001,IT.CAED/850592002.FACILITY,Centro Olio Val d'Agri
2023-12-29 09:00:00,0.44355,IT.CAED/850592002.FACILITY,Centro Olio Val d'Agri
2023-12-29 10:00:00,0.68403,IT.CAED/850592002.FACILITY,Centro Olio Val d'Agri
2023-12-29 11:00:00,0.79555,IT.CAED/850592002.FACILITY,Centro Olio Val d'Agri
2023-12-29 12:00:00,0.7815599999999999,IT.CAED/850592002.FACILITY,Centro Olio Val d'Agri
2023-12-29 13:00:00,0.7220599999999999,IT.CAED/850592002.FACILITY,Centro Olio Val d'Agri
2023-12-29 14:00:00,0.5408099999999999,IT.CAED/850592002.FACILITY,Centro Olio Val d'Agri
2023-12-29 15:00:00,0.31095999999999996,IT.CAED/850592002.FACILITY,Centro Olio Val d'Agri
2023-12-29 16:00:00,0.00044,IT.CAED/850592002.FACILITY,Centro Olio Val d'Agri
2023-12-29 17:00:00,0.0,IT.CAED/850592002.FACILITY,Centro Olio Val d'Agri
2023-12-29 18:00:00,0.0,IT.CAED/850592002.FACILITY,Centro Olio Val d'Agri
2023-12-29 19:00:00,0.0,IT.CAED/850592002.FACILITY,Centro Olio Val d'Agri
2023-12-29 20:00:00,0.0,IT.CAED/850592002.FACILITY,Centro Olio Val d'Agri
2023-12-29 21:00:00,0.0,IT.CAED/850592002.FACILITY,Centro Olio Val d'Agri
2023-12-29 22:00:00,0.0,IT.CAED/850592002.FACILITY,Centro Olio Val d'Agri
2023-12-29 23:00:00,0.0,IT.CAED/850592002.FACILITY,Centro Olio Val d'Agri
2023-12-30 00:00:00,0.0,IT.CAED/850592002.FACILITY,Centro Olio Val d'Agri
2023-12-30 01:00:00,0.0,IT.CAED/850592002.FACILITY,Centro Olio Val d'Agri
2023-12-30 02:00:00,0.0,IT.CAED/850592002.FACILITY,Centro Olio Val d'Agri
2023-12-30 03:00:00,0.0,IT.CAED/850592002.FACILITY,Centro Olio Val d'Agri
2023-12-30 04:00:00,0.0,IT.CAED/850592002.FACILITY,Centro Olio Val d'Agri
2023-12-30 05:00:00,0.0,IT.CAED/850592002.FACILITY,Centro Olio Val d'Agri
2023-12-30 06:00:00,0.0,IT.CAED/850592002.FACILITY,Centro Olio Val d'Agri
2023-12-30 07:00:00,0.0,IT.CAED/850592002.FACILITY,Centro Olio Val d'Agri
2023-12-30 08:00:00,0.06812,IT.CAED/850592002.FACILITY,Centro Olio Val d'Agri
2023-12-30 09:00:00,0.39239999999999997,IT.CAED/850592002.FACILITY,Centro Olio Val d'Agri
2023-12-30 10:00:00,0.5810700000000001,IT.CAED/850592002.FACILITY,Centro Olio Val d'Agri
2023-12-30 11:00:00,0.44116000000000005,IT.CAED/850592002.FACILITY,Centro Olio Val d'Agri
2023-12-30 12:00:00,0.29708,IT.CAED/850592002.FACILITY,Centro Olio Val d'Agri
2023-12-30 13:00:00,0.36939,IT.CAED/850592002.FACILITY,Centro Olio Val d'Agri
2023-12-30 14:00:00,0.41299,IT.CAED/850592002.FACILITY,Centro Olio Val d'Agri
2023-12-30 15:00:00,0.11619,IT.CAED/850592002.FACILITY,Centro Olio Val d'Agri
2023-12-30 16:00:00,0.00074,IT.CAED/850592002.FACILITY,Centro Olio Val d'Agri
2023-12-30 17:00:00,0.0,IT.CAED/850592002.FACILITY,Centro Olio Val d'Agri
2023-12-30 18:00:00,0.0,IT.CAED/850592002.FACILITY,Centro Olio Val d'Agri
2023-12-30 19:00:00,0.0,IT.CAED/850592002.FACILITY,Centro Olio Val d'Agri
2023-12-30 20:00:00,0.0,IT.CAED/850592002.FACILITY,Centro Olio Val d'Agri
2023-12-30 21:00:00,0.0,IT.CAED/850592002.FACILITY,Centro Olio Val d'Agri
2023-12-30 22:00:00,0.0,IT.CAED/850592002.FACILITY,Centro Olio Val d'Agri
2023-12-30 23:00:00,0.0,IT.CAED/850592002.FACILITY,Centro Olio Val d'Agri
2023-12-31 00:00:00,0.0,IT.CAED/850592002.FACILITY,Centro Olio Val d'Agri
2023-12-31 01:00:00,0.0,IT.CAED/850592002.FACILITY,Centro Olio Val d'Agri
2023-12-31 02:00:00,0.0,IT.CAED/850592002.FACILITY,Centro Olio Val d'Agri
2023-12-31 03:00:00,0.0,IT.CAED/850592002.FACILITY,Centro Olio Val d'Agri
2023-12-31 04:00:00,0.0,IT.CAED/850592002.FACILITY,Centro Olio Val d'Agri
2023-12-31 05:00:00,0.0,IT.CAED/850592002.FACILITY,Centro Olio Val d'Agri
2023-12-31 06:00:00,0.0,IT.CAED/850592002.FACILITY,Centro Olio Val d'Agri
2023-12-31 07:00:00,0.0008900000000000001,IT.CAED/850592002.FACILITY,Centro Olio Val d'Agri
2023-12-31 08:00:00,0.039659999999999994,IT.CAED/850592002.FACILITY,Centro Olio Val d'Agri
2023-12-31 09:00:00,0.06266,IT.CAED/850592002.FACILITY,Centro Olio Val d'Agri
2023-12-31 10:00:00,0.26537,IT.CAED/850592002.FACILITY,Centro Olio Val d'Agri
2023-12-31 11:00:00,0.39857,IT.CAED/850592002.FACILITY,Centro Olio Val d'Agri
2023-12-31 12:00:00,0.26298,IT.CAED/850592002.FACILITY,Centro Olio Val d'Agri
2023-12-31 13:00:00,0.08816,IT.CAED/850592002.FACILITY,Centro Olio Val d'Agri
2023-12-31 14:00:00,0.15068,IT.CAED/850592002.FACILITY,Centro Olio Val d'Agri
2023-12-31 15:00:00,0.07779000000000001,IT.CAED/850592002.FACILITY,Centro Olio Val d'Agri
2023-12-31 16:00:00,0.00062,IT.CAED/850592002.FACILITY,Centro Olio Val d'Agri
2023-12-31 17:00:00,0.0,IT.CAED/850592002.FACILITY,Centro Olio Val d'Agri
2023-12-31 18:00:00,0.0,IT.CAED/850592002.FACILITY,Centro Olio Val d'Agri
2023-12-31 19:00:00,0.0,IT.CAED/850592002.FACILITY,Centro Olio Val d'Agri
2023-12-31 20:00:00,0.0,IT.CAED/850592002.FACILITY,Centro Olio Val d'Agri
2023-12-31 21:00:00,0.0,IT.CAED/850592002.FACILITY,Centro Olio Val d'Agri
2023-12-31 22:00:00,0.0,IT.CAED/850592002.FACILITY,Centro Olio Val d'Agri
2023-12-31 23:00:00,0.0,IT.CAED/850592002.FACILITY,Centro Olio Val d'Agri
