Year,Month,Day,Hour,Load_MW,Solar_available_MW (86.1 MW),Solar_used_MW,TES_charge_MW,TES_discharge_MW,"TES_usable_SOC_MWh (P_ch=96.4, P_dis=24.1 MW, E=289.2 MWh)",Curtail_MW,Unserved_MW
2023,1,1,0,9.1501,0.0,-0.0,-0.0,0.0,0.0,0.0,9.1501
2023,1,1,1,9.1501,0.0,-0.0,0.0,-0.0,0.0,0.0,9.1501
2023,1,1,2,9.1501,0.0,-0.0,0.0,-0.0,0.0,0.0,9.1501
2023,1,1,3,9.1501,0.0,-0.0,0.0,-0.0,0.0,0.0,9.1501
2023,1,1,4,9.1501,0.0,-0.0,0.0,-0.0,0.0,0.0,9.1501
2023,1,1,5,9.1501,0.0,-0.0,0.0,-0.0,0.0,0.0,9.1501
2023,1,1,6,9.1501,0.0,-0.0,0.0,-0.0,0.0,0.0,9.1501
2023,1,1,7,9.1501,0.0,-0.0,0.0,-0.0,0.0,0.0,9.1501
2023,1,1,8,9.1501,0.0,-0.0,0.0,-0.0,0.0,0.0,9.1501
2023,1,1,9,9.1501,22.787312065582167,9.462357807652534,0.0,0.0,0.0,13.324954257929633,0.0
2023,1,1,10,9.1501,33.37310285090496,9.462357807652534,0.0,0.0,0.0,23.910745043252422,0.0
2023,1,1,11,9.1501,51.267576461404644,9.462357807652534,0.0,0.0,0.0,41.80521865375211,0.0
2023,1,1,12,9.1501,57.92686653968273,21.136117451486328,11.673759643833792,0.0,10.92245388072417,36.7907490881964,0.0
2023,1,1,13,9.1501,62.13586170426433,62.13586170426433,52.67350389661179,0.0,60.20596961173201,0.0,0.0
2023,1,1,14,9.1501,52.74292099116284,52.74292099116284,43.28056318351031,0.0,100.70106028745626,0.0,0.0
2023,1,1,15,9.1501,41.78764812570796,41.78764812570796,32.32529031805543,0.0,130.94594312316516,0.0,0.0
2023,1,1,16,9.1501,24.045618170647387,24.045618170647387,14.583260362994853,0.0,144.5906465953272,0.0,0.0
2023,1,1,17,9.1501,0.0,-0.0,0.0,9.462357807652534,134.98307788220504,0.0,0.0
2023,1,1,18,9.1501,0.0,-0.0,0.0,9.462357807652534,125.37550916908287,0.0,0.0
2023,1,1,19,9.1501,0.0,-0.0,0.0,9.462357807652534,115.76794045596071,0.0,0.0
2023,1,1,20,9.1501,0.0,-0.0,0.0,9.462357807652534,106.16037174283855,0.0,0.0
2023,1,1,21,9.1501,0.0,-0.0,0.0,9.462357807652534,96.55280302971639,0.0,0.0
2023,1,1,22,9.1501,0.0,-0.0,0.0,9.462357807652534,86.94523431659422,0.0,0.0
2023,1,1,23,9.1501,0.0,-0.0,0.0,9.462357807652534,77.33766560347206,0.0,0.0
2023,1,2,0,9.1501,0.0,-0.0,0.0,9.462357807652534,67.7300968903499,0.0,0.0
2023,1,2,1,9.1501,0.0,-0.0,0.0,9.462357807652534,58.122528177227736,0.0,0.0
2023,1,2,2,9.1501,0.0,-0.0,0.0,9.462357807652534,48.51495946410557,0.0,0.0
2023,1,2,3,9.1501,0.0,-0.0,0.0,9.462357807652534,38.90739075098341,0.0,0.0
2023,1,2,4,9.1501,0.0,-0.0,0.0,9.462357807652534,29.29982203786125,0.0,0.0
2023,1,2,5,9.1501,0.0,-0.0,0.0,9.462357807652534,19.69225332473909,0.0,0.0
2023,1,2,6,9.1501,0.0,-0.0,0.0,9.462357807652534,10.084684611616932,0.0,0.0
2023,1,2,7,9.1501,0.0,-0.0,0.0,9.462357807652534,0.4771158984947732,0.0,0.0
2023,1,2,8,9.1501,0.0,-0.0,0.0,0.4699046639251345,-0.0,0.0,8.695702189984395
2023,1,2,9,9.1501,0.7131262525626288,0.713126252562629,0.0,0.0,-0.0,0.0,8.460506913771939
2023,1,2,10,9.1501,2.045501026372275,2.045501026372275,0.0,0.0,-0.0,0.0,7.17210050749801
2023,1,2,11,9.1501,1.5941989051852972,1.5941989051852972,0.0,0.0,-0.0,0.0,7.608509658685818
2023,1,2,12,9.1501,3.7025721736313306,3.7025721736313306,0.0,0.0,-0.0,0.0,5.569712708098503
2023,1,2,13,9.1501,4.101337215825159,4.101337215825159,0.0,0.0,-0.0,0.0,5.1841069122970715
2023,1,2,14,9.1501,5.132269733116794,5.132269733116794,0.0,0.0,-0.0,0.0,4.187195168076061
2023,1,2,15,9.1501,6.131335497576516,6.131335497576516,0.0,0.0,-0.0,0.0,3.221098573843509
2023,1,2,16,9.1501,3.2512700524443527,3.2512700524443527,0.0,0.0,0.0,0.0,6.006121859286311
2023,1,2,17,9.1501,0.0,-0.0,0.0,-0.0,0.0,0.0,9.1501
2023,1,2,18,9.1501,0.0,-0.0,0.0,-0.0,0.0,0.0,9.1501
2023,1,2,19,9.1501,0.0,-0.0,0.0,-0.0,0.0,0.0,9.1501
2023,1,2,20,9.1501,0.0,-0.0,0.0,-0.0,0.0,0.0,9.1501
2023,1,2,21,9.1501,0.0,-0.0,0.0,-0.0,0.0,0.0,9.1501
2023,1,2,22,9.1501,0.0,-0.0,0.0,-0.0,0.0,0.0,9.1501
2023,1,2,23,9.1501,0.0,-0.0,0.0,-0.0,0.0,0.0,9.1501
2023,1,3,0,9.1501,0.0,-0.0,0.0,-0.0,0.0,0.0,9.1501
2023,1,3,1,9.1501,0.0,-0.0,0.0,-0.0,0.0,0.0,9.1501
2023,1,3,2,9.1501,0.0,-0.0,0.0,-0.0,0.0,0.0,9.1501
2023,1,3,3,9.1501,0.0,-0.0,0.0,-0.0,0.0,0.0,9.1501
2023,1,3,4,9.1501,0.0,-0.0,0.0,-0.0,0.0,0.0,9.1501
2023,1,3,5,9.1501,0.0,-0.0,0.0,-0.0,0.0,0.0,9.1501
2023,1,3,6,9.1501,0.0,-0.0,0.0,-0.0,0.0,0.0,9.1501
2023,1,3,7,9.1501,0.0,-0.0,0.0,-0.0,0.0,0.0,9.1501
2023,1,3,8,9.1501,0.0,-0.0,0.0,-0.0,0.0,0.0,9.1501
2023,1,3,9,9.1501,9.721943404501152,9.721943404501152,0.2595855968486181,0.0,0.242879054921859,0.0,0.0
2023,1,3,10,9.1501,25.94987196825122,25.94987196825122,16.487514160598685,0.0,15.66928138984129,0.0,0.0
2023,1,3,11,9.1501,34.39197767793586,34.39197767793586,24.92961987028333,0.0,38.99446809959015,0.0,0.0
2023,1,3,12,9.1501,49.466674294606996,49.466674294606996,40.00431648695446,0.0,76.42416643070604,0.0,0.0
2023,1,3,13,9.1501,40.291633269788534,40.291633269788534,30.829275462136003,0.0,105.26931569580907,0.0,0.0
2023,1,3,14,9.1501,23.004350490275144,23.004350490275144,13.54199268262261,0.0,117.93976592279985,0.0,0.0
2023,1,3,15,9.1501,20.512714924256198,20.512714924256198,11.050357116603664,0.0,128.2789385333469,0.0,0.0
2023,1,3,16,9.1501,12.092140804322836,12.092140804322836,2.6297829966703024,0.0,130.73947261780665,0.0,0.0
2023,1,3,17,9.1501,0.0,-0.0,0.0,9.462357807652534,121.13190390468449,0.0,0.0
2023,1,3,18,9.1501,0.0,-0.0,0.0,9.462357807652534,111.52433519156233,0.0,0.0
2023,1,3,19,9.1501,0.0,-0.0,0.0,9.462357807652534,101.91676647844017,0.0,0.0
2023,1,3,20,9.1501,0.0,-0.0,0.0,9.462357807652534,92.309197765318,0.0,0.0
2023,1,3,21,9.1501,0.0,-0.0,0.0,9.462357807652534,82.70162905219584,0.0,0.0
2023,1,3,22,9.1501,0.0,-0.0,0.0,9.462357807652534,73.09406033907368,0.0,0.0
2023,1,3,23,9.1501,0.0,-0.0,0.0,9.462357807652534,63.486491625951516,0.0,0.0
2023,1,4,0,9.1501,0.0,-0.0,0.0,9.462357807652534,53.87892291282935,0.0,0.0
2023,1,4,1,9.1501,0.0,-0.0,0.0,9.462357807652534,44.27135419970719,0.0,0.0
2023,1,4,2,9.1501,0.0,-0.0,0.0,9.462357807652534,34.66378548658503,0.0,0.0
2023,1,4,3,9.1501,0.0,-0.0,0.0,9.462357807652534,25.056216773462868,0.0,0.0
2023,1,4,4,9.1501,0.0,-0.0,0.0,9.462357807652534,15.448648060340709,0.0,0.0
2023,1,4,5,9.1501,0.0,-0.0,0.0,9.462357807652534,5.84107934721855,0.0,0.0
2023,1,4,6,9.1501,0.0,-0.0,0.0,5.752795989976356,0.0,0.0,3.587146277692864
2023,1,4,7,9.1501,0.0,-0.0,0.0,-0.0,0.0,0.0,9.1501
2023,1,4,8,9.1501,0.0,-0.0,0.0,-0.0,0.0,0.0,9.1501
2023,1,4,9,9.1501,19.77202823681192,9.462357807652534,0.0,0.0,0.0,10.309670429159386,0.0
2023,1,4,10,9.1501,40.926384535656474,9.462357807652534,0.0,0.0,0.0,31.46402672800394,0.0
2023,1,4,11,9.1501,56.038115486699816,9.462357807652534,0.0,0.0,-0.0,46.575757679047285,0.0
2023,1,4,12,9.1501,58.61759993890401,41.084704724258785,31.622346916606254,0.0,29.587179823368444,17.532895214645222,0.0
2023,1,4,13,9.1501,62.647452276754905,62.647452276754905,53.185094469102374,0.0,79.34936092049021,0.0,0.0
2023,1,4,14,9.1501,46.49445364533932,46.49445364533932,37.03209583768679,0.0,113.99812629123716,0.0,0.0
2023,1,4,15,9.1501,33.43683635656877,33.43683635656877,23.974478548916235,0.0,136.42964315078342,0.0,0.0
2023,1,4,16,9.1501,18.184719440347035,18.184719440347035,8.7223616326945,0.0,144.5906465953272,0.0,0.0
2023,1,4,17,9.1501,0.012918953850772262,0.012918953850772262,0.0,9.449438853801762,134.99619509245497,0.0,0.0
2023,1,4,18,9.1501,0.0,-0.0,0.0,9.462357807652534,125.3886263793328,0.0,0.0
2023,1,4,19,9.1501,0.0,-0.0,0.0,9.462357807652534,115.78105766621064,0.0,0.0
2023,1,4,20,9.1501,0.0,-0.0,0.0,9.462357807652534,106.17348895308848,0.0,0.0
2023,1,4,21,9.1501,0.0,-0.0,0.0,9.462357807652534,96.56592023996632,0.0,0.0
2023,1,4,22,9.1501,0.0,-0.0,0.0,9.462357807652534,86.95835152684415,0.0,0.0
2023,1,4,23,9.1501,0.0,-0.0,0.0,9.462357807652534,77.35078281372199,0.0,0.0
2023,1,5,0,9.1501,0.0,-0.0,0.0,9.462357807652534,67.74321410059983,0.0,0.0
2023,1,5,1,9.1501,0.0,-0.0,0.0,9.462357807652534,58.135645387477666,0.0,0.0
2023,1,5,2,9.1501,0.0,-0.0,0.0,9.462357807652534,48.5280766743555,0.0,0.0
2023,1,5,3,9.1501,0.0,-0.0,0.0,9.462357807652534,38.92050796123334,0.0,0.0
2023,1,5,4,9.1501,0.0,-0.0,0.0,9.462357807652534,29.31293924811118,0.0,0.0
2023,1,5,5,9.1501,0.0,-0.0,0.0,9.462357807652534,19.705370534989022,0.0,0.0
2023,1,5,6,9.1501,0.0,-0.0,0.0,9.462357807652534,10.097801821866863,0.0,0.0
2023,1,5,7,9.1501,0.0,-0.0,0.0,9.462357807652534,0.4902331087447038,0.0,0.0
2023,1,5,8,9.1501,0.0,-0.0,0.0,0.4828236177759092,0.0,0.0,8.683209561610695
2023,1,5,9,9.1501,14.243577252271445,9.462357807652534,0.0,0.0,0.0,4.781219444618911,0.0
2023,1,5,10,9.1501,34.142211236820934,12.409965508188513,2.9476077005359786,0.0,2.7579040643155146,21.73224572863242,0.0
2023,1,5,11,9.1501,37.98000179409035,37.98000179409035,28.517643986437815,0.0,29.440195008459337,0.0,0.0
2023,1,5,12,9.1501,36.683800091062864,36.683800091062864,27.22144228341033,0.0,54.909705858324614,0.0,0.0
2023,1,5,13,9.1501,42.52575102238208,42.52575102238208,33.063393214729544,0.0,85.84518838891505,0.0,0.0
2023,1,5,14,9.1501,42.22689255663422,42.22689255663422,32.76453474898168,0.0,116.50104653896419,0.0,0.0
2023,1,5,15,9.1501,32.40934889363735,32.40934889363735,22.946991085984816,0.0,137.97120349653417,0.0,0.0
2023,1,5,16,9.1501,16.537122192578547,16.537122192578547,7.074764384926013,0.0,144.5906465953272,0.0,0.0
2023,1,5,17,9.1501,0.0,-0.0,0.0,9.462357807652534,134.98307788220504,0.0,0.0
2023,1,5,18,9.1501,0.0,-0.0,0.0,9.462357807652534,125.37550916908287,0.0,0.0
2023,1,5,19,9.1501,0.0,-0.0,0.0,9.462357807652534,115.76794045596071,0.0,0.0
2023,1,5,20,9.1501,0.0,-0.0,0.0,9.462357807652534,106.16037174283855,0.0,0.0
2023,1,5,21,9.1501,0.0,-0.0,0.0,9.462357807652534,96.55280302971639,0.0,0.0
2023,1,5,22,9.1501,0.0,-0.0,0.0,9.462357807652534,86.94523431659422,0.0,0.0
2023,1,5,23,9.1501,0.0,-0.0,0.0,9.462357807652534,77.33766560347206,0.0,0.0
2023,1,6,0,9.1501,0.0,-0.0,0.0,9.462357807652534,67.7300968903499,0.0,0.0
2023,1,6,1,9.1501,0.0,-0.0,0.0,9.462357807652534,58.122528177227736,0.0,0.0
2023,1,6,2,9.1501,0.0,-0.0,0.0,9.462357807652534,48.51495946410557,0.0,0.0
2023,1,6,3,9.1501,0.0,-0.0,0.0,9.462357807652534,38.90739075098341,0.0,0.0
2023,1,6,4,9.1501,0.0,-0.0,0.0,9.462357807652534,29.29982203786125,0.0,0.0
2023,1,6,5,9.1501,0.0,-0.0,0.0,9.462357807652534,19.69225332473909,0.0,0.0
2023,1,6,6,9.1501,0.0,-0.0,0.0,9.462357807652534,10.084684611616932,0.0,0.0
2023,1,6,7,9.1501,0.0,-0.0,0.0,9.462357807652534,0.4771158984947732,0.0,0.0
2023,1,6,8,9.1501,0.0,-0.0,0.0,0.4699046639251345,0.0,0.0,8.695702189984395
2023,1,6,9,9.1501,23.073251577479255,9.462357807652534,0.0,0.0,0.0,13.61089376982672,0.0
2023,1,6,10,9.1501,43.51620415094129,9.462357807652534,0.0,0.0,0.0,34.053846343288754,0.0
2023,1,6,11,9.1501,54.4602805897255,9.462357807652534,0.0,0.0,0.0,44.99792278207296,0.0
2023,1,6,12,9.1501,64.47505361484416,9.462357807652534,0.0,0.0,0.0,55.01269580719162,0.0
2023,1,6,13,9.1501,65.93489539998141,53.89806840969784,44.43571060204531,0.0,41.575894528924245,12.036826990283572,0.0
2023,1,6,14,9.1501,60.03696233530886,60.03696233530886,50.57460452765633,0.0,88.8955929245455,0.0,0.0
2023,1,6,15,9.1501,47.603761149325635,47.603761149325635,38.141403341673104,0.0,124.58227242248897,0.0,0.0
2023,1,6,16,9.1501,30.847016741283955,30.847016741283955,21.38465893363142,0.0,144.5906465953272,0.0,0.0
2023,1,6,17,9.1501,0.056843396943397954,0.056843396943397954,0.0,9.405514410709136,135.0407936073047,0.0,0.0
2023,1,6,18,9.1501,0.0,-0.0,0.0,9.462357807652534,125.43322489418253,0.0,0.0
2023,1,6,19,9.1501,0.0,-0.0,0.0,9.462357807652534,115.82565618106037,0.0,0.0
2023,1,6,20,9.1501,0.0,-0.0,0.0,9.462357807652534,106.2180874679382,0.0,0.0
2023,1,6,21,9.1501,0.0,-0.0,0.0,9.462357807652534,96.61051875481604,0.0,0.0
2023,1,6,22,9.1501,0.0,-0.0,0.0,9.462357807652534,87.00295004169388,0.0,0.0
2023,1,6,23,9.1501,0.0,-0.0,0.0,9.462357807652534,77.39538132857172,0.0,0.0
2023,1,7,0,9.1501,0.0,-0.0,0.0,9.462357807652534,67.78781261544955,0.0,0.0
2023,1,7,1,9.1501,0.0,-0.0,0.0,9.462357807652534,58.18024390232739,0.0,0.0
2023,1,7,2,9.1501,0.0,-0.0,0.0,9.462357807652534,48.57267518920523,0.0,0.0
2023,1,7,3,9.1501,0.0,-0.0,0.0,9.462357807652534,38.965106476083065,0.0,0.0
2023,1,7,4,9.1501,0.0,-0.0,0.0,9.462357807652534,29.357537762960906,0.0,0.0
2023,1,7,5,9.1501,0.0,-0.0,0.0,9.462357807652534,19.749969049838747,0.0,0.0
2023,1,7,6,9.1501,0.0,-0.0,0.0,9.462357807652534,10.142400336716587,0.0,0.0
2023,1,7,7,9.1501,0.0,-0.0,0.0,9.462357807652534,0.5348316235944282,0.0,0.0
2023,1,7,8,9.1501,0.0,-0.0,0.0,0.5267480608685354,0.0,0.0,8.640734625140126
2023,1,7,9,9.1501,22.56166100498867,22.56166100498867,13.099303197336138,0.0,12.256251576851783,0.0,0.0
2023,1,7,10,9.1501,31.965798144760832,31.965798144760832,22.503440337108298,0.0,33.311404050333095,0.0,0.0
2023,1,7,11,9.1501,47.08614173170469,47.08614173170469,37.623783924052155,0.0,68.51377734451484,0.0,0.0
2023,1,7,12,9.1501,33.644400881771176,33.644400881771176,24.182043074118642,0.0,91.1395001859356,0.0,0.0
2023,1,7,13,9.1501,20.547165467858257,20.547165467858257,11.084807660205723,0.0,101.5109061544701,0.0,0.0
2023,1,7,14,9.1501,19.516232950566632,19.516232950566632,10.053875142914098,0.0,110.91772888522958,0.0,0.0
2023,1,7,15,9.1501,20.416253402170433,20.416253402170433,10.953895594517899,0.0,121.1666480934117,0.0,0.0
2023,1,7,16,9.1501,14.389992062580198,14.389992062580198,4.927634254927664,0.0,125.77714715563569,0.0,0.0
2023,1,7,17,9.1501,0.0,-0.0,0.0,9.462357807652534,116.16957844251353,0.0,0.0
2023,1,7,18,9.1501,0.0,-0.0,0.0,9.462357807652534,106.56200972939136,0.0,0.0
2023,1,7,19,9.1501,0.0,-0.0,0.0,9.462357807652534,96.9544410162692,0.0,0.0
2023,1,7,20,9.1501,0.0,-0.0,0.0,9.462357807652534,87.34687230314704,0.0,0.0
2023,1,7,21,9.1501,0.0,-0.0,0.0,9.462357807652534,77.73930359002487,0.0,0.0
2023,1,7,22,9.1501,0.0,-0.0,0.0,9.462357807652534,68.13173487690271,0.0,0.0
2023,1,7,23,9.1501,0.0,-0.0,0.0,9.462357807652534,58.52416616378055,0.0,0.0
2023,1,8,0,9.1501,0.0,-0.0,0.0,9.462357807652534,48.91659745065839,0.0,0.0
2023,1,8,1,9.1501,0.0,-0.0,0.0,9.462357807652534,39.309028737536224,0.0,0.0
2023,1,8,2,9.1501,0.0,-0.0,0.0,9.462357807652534,29.701460024414065,0.0,0.0
2023,1,8,3,9.1501,0.0,-0.0,0.0,9.462357807652534,20.093891311291905,0.0,0.0
2023,1,8,4,9.1501,0.0,-0.0,0.0,9.462357807652534,10.486322598169746,0.0,0.0
2023,1,8,5,9.1501,0.0,-0.0,0.0,9.462357807652534,0.8787538850475869,0.0,0.0
2023,1,8,6,9.1501,0.0,-0.0,0.0,0.8654722056609588,0.0,0.0,8.313188377125853
2023,1,8,7,9.1501,0.0,-0.0,0.0,-0.0,-0.0,0.0,9.1501
2023,1,8,8,9.1501,0.0,-0.0,0.0,0.0,-0.0,0.0,9.1501
2023,1,8,9,9.1501,0.8070039838782407,0.8070039838782407,0.0,0.0,-0.0,0.0,8.36972714758974
2023,1,8,10,9.1501,5.816974287207724,5.816974287207724,0.0,0.0,-0.0,0.0,3.525085864270131
2023,1,8,11,9.1501,6.683405458799509,6.683405458799509,0.0,0.0,0.0,0.0,2.687246921340875
2023,1,8,12,9.1501,22.311033300283697,22.311033300283697,12.848675492631163,0.0,12.021753897492948,0.0,0.0
2023,1,8,13,9.1501,18.56970426510005,18.56970426510005,9.107346457447516,0.0,20.542965117546697,0.0,0.0
2023,1,8,14,9.1501,11.540070843099835,11.540070843099835,2.0777130354473012,0.0,22.486959640257265,0.0,0.0
2023,1,8,15,9.1501,22.40318850441921,22.40318850441921,12.940830696766675,0.0,34.5949377703667,0.0,0.0
2023,1,8,16,9.1501,8.82020042571725,8.82020042571725,0.0,0.6421573819352844,33.942925735206465,0.0,0.0
2023,1,8,17,9.1501,0.0,-0.0,0.0,9.462357807652534,24.335357022084306,0.0,0.0
2023,1,8,18,9.1501,0.0,-0.0,0.0,9.462357807652534,14.727788308962147,0.0,0.0
2023,1,8,19,9.1501,0.0,-0.0,0.0,9.462357807652534,5.120219595839988,0.0,0.0
2023,1,8,20,9.1501,0.0,-0.0,0.0,5.0428314713397935,0.0,0.0,4.27368196721442
2023,1,8,21,9.1501,0.0,-0.0,0.0,-0.0,0.0,0.0,9.1501
2023,1,8,22,9.1501,0.0,-0.0,0.0,-0.0,0.0,0.0,9.1501
2023,1,8,23,9.1501,0.0,-0.0,0.0,-0.0,0.0,0.0,9.1501
2023,1,9,0,9.1501,0.0,-0.0,0.0,-0.0,0.0,0.0,9.1501
2023,1,9,1,9.1501,0.0,-0.0,0.0,-0.0,0.0,0.0,9.1501
2023,1,9,2,9.1501,0.0,-0.0,0.0,-0.0,0.0,0.0,9.1501
2023,1,9,3,9.1501,0.0,-0.0,0.0,-0.0,0.0,0.0,9.1501
2023,1,9,4,9.1501,0.0,-0.0,0.0,-0.0,0.0,0.0,9.1501
2023,1,9,5,9.1501,0.0,-0.0,0.0,-0.0,0.0,0.0,9.1501
2023,1,9,6,9.1501,0.0,-0.0,0.0,0.0,-0.0,0.0,9.1501
2023,1,9,7,9.1501,0.0,-0.0,0.0,-0.0,0.0,0.0,9.1501
2023,1,9,8,9.1501,0.0,-0.0,0.0,-0.0,0.0,0.0,9.1501
2023,1,9,9,9.1501,2.3684748726415816,2.3684748726415816,0.0,-0.0,0.0,0.0,6.859784798155591
2023,1,9,10,9.1501,12.527940180888889,12.527940180888889,3.065582373236355,0.0,2.868286063001262,0.0,0.0
2023,1,9,11,9.1501,16.759328198811833,16.759328198811833,7.296970391159299,0.0,9.695634320813483,0.0,0.0
2023,1,9,12,9.1501,26.679362229024825,26.679362229024825,17.21700442137229,0.0,25.80457801111758,0.0,0.0
2023,1,9,13,9.1501,41.565442119474675,41.565442119474675,32.103084311822144,0.0,55.84155568780731,0.0,0.0
2023,1,9,14,9.1501,35.16969869975235,35.16969869975235,25.70734089209982,0.0,79.89441045412329,0.0,0.0
2023,1,9,15,9.1501,26.333995529414178,26.333995529414178,16.871637721761644,0.0,95.680214730603,0.0,0.0
2023,1,9,16,9.1501,24.672618064204865,24.672618064204865,15.210260256552331,0.0,109.911565318137,0.0,0.0
2023,1,9,17,9.1501,0.09301646772556028,0.09301646772556028,0.0,9.369341339926974,100.39844051881425,0.0,0.0
2023,1,9,18,9.1501,0.0,-0.0,0.0,9.462357807652534,90.79087180569209,0.0,0.0
2023,1,9,19,9.1501,0.0,-0.0,0.0,9.462357807652534,81.18330309256993,0.0,0.0
2023,1,9,20,9.1501,0.0,-0.0,0.0,9.462357807652534,71.57573437944777,0.0,0.0
2023,1,9,21,9.1501,0.0,-0.0,0.0,9.462357807652534,61.9681656663256,0.0,0.0
2023,1,9,22,9.1501,0.0,-0.0,0.0,9.462357807652534,52.36059695320344,0.0,0.0
2023,1,9,23,9.1501,0.0,-0.0,0.0,9.462357807652534,42.75302824008128,0.0,0.0
2023,1,10,0,9.1501,0.0,-0.0,0.0,9.462357807652534,33.145459526959115,0.0,0.0
2023,1,10,1,9.1501,0.0,-0.0,0.0,9.462357807652534,23.537890813836956,0.0,0.0
2023,1,10,2,9.1501,0.0,-0.0,0.0,9.462357807652534,13.930322100714797,0.0,0.0
2023,1,10,3,9.1501,0.0,-0.0,0.0,9.462357807652534,4.322753387592638,0.0,0.0
2023,1,10,4,9.1501,0.0,-0.0,0.0,4.257418342663238,0.0,0.0,5.03317646264465
2023,1,10,5,9.1501,0.0,-0.0,0.0,-0.0,0.0,0.0,9.1501
2023,1,10,6,9.1501,0.0,-0.0,0.0,-0.0,0.0,0.0,9.1501
2023,1,10,7,9.1501,0.0,-0.0,0.0,-0.0,0.0,0.0,9.1501
2023,1,10,8,9.1501,0.0,-0.0,0.0,-0.0,0.0,0.0,9.1501
2023,1,10,9,9.1501,6.368182984840665,6.368182984840665,0.0,-0.0,0.0,0.0,2.992067053659077
2023,1,10,10,9.1501,18.555062784069175,9.462357807652534,0.0,0.0,0.0,9.092704976416641,0.0
2023,1,10,11,9.1501,51.93161068933434,9.462357807652534,0.0,0.0,0.0,42.46925288168181,0.0
2023,1,10,12,9.1501,64.84453569497624,9.462357807652534,0.0,0.0,0.0,55.38217788732371,0.0
2023,1,10,13,9.1501,67.07090207525934,48.51086465392584,39.048506846273305,0.0,36.5354031736337,18.560037421333497,0.0
2023,1,10,14,9.1501,62.126387804773756,62.126387804773756,52.66402999712122,0.0,85.81005473119498,0.0,0.0
2023,1,10,15,9.1501,50.26075932463446,50.26075932463446,40.798401516981926,0.0,123.98273196392203,0.0,0.0
2023,1,10,16,9.1501,31.48779685228226,31.48779685228226,22.025439044629724,0.0,144.5906465953272,0.0,0.0
2023,1,10,17,9.1501,0.1464148103087523,0.1464148103087523,0.0,9.31594299734378,135.1317395983708,0.0,0.0
2023,1,10,18,9.1501,0.0,-0.0,0.0,9.462357807652534,125.52417088524865,0.0,0.0
2023,1,10,19,9.1501,0.0,-0.0,0.0,9.462357807652534,115.91660217212649,0.0,0.0
2023,1,10,20,9.1501,0.0,-0.0,0.0,9.462357807652534,106.30903345900433,0.0,0.0
2023,1,10,21,9.1501,0.0,-0.0,0.0,9.462357807652534,96.70146474588216,0.0,0.0
2023,1,10,22,9.1501,0.0,-0.0,0.0,9.462357807652534,87.09389603276,0.0,0.0
2023,1,10,23,9.1501,0.0,-0.0,0.0,9.462357807652534,77.48632731963784,0.0,0.0
2023,1,11,0,9.1501,0.0,-0.0,0.0,9.462357807652534,67.87875860651567,0.0,0.0
2023,1,11,1,9.1501,0.0,-0.0,0.0,9.462357807652534,58.27118989339351,0.0,0.0
2023,1,11,2,9.1501,0.0,-0.0,0.0,9.462357807652534,48.66362118027135,0.0,0.0
2023,1,11,3,9.1501,0.0,-0.0,0.0,9.462357807652534,39.056052467149186,0.0,0.0
2023,1,11,4,9.1501,0.0,-0.0,0.0,9.462357807652534,29.448483754027027,0.0,0.0
2023,1,11,5,9.1501,0.0,-0.0,0.0,9.462357807652534,19.840915040904868,0.0,0.0
2023,1,11,6,9.1501,0.0,-0.0,0.0,9.462357807652534,10.233346327782709,0.0,0.0
2023,1,11,7,9.1501,0.0,-0.0,0.0,9.462357807652534,0.6257776146605494,0.0,0.0
2023,1,11,8,9.1501,0.0,-0.0,0.0,0.616319474233891,-0.0,0.0,8.554119068415828
2023,1,11,9,9.1501,0.3970425150137342,0.3970425150137342,0.0,0.0,-0.0,0.0,8.766159887981718
2023,1,11,10,9.1501,2.10665074126593,2.10665074126593,0.0,0.0,-0.0,0.0,7.112968733195846
2023,1,11,11,9.1501,7.002934250708617,7.002934250708617,0.0,0.0,0.0,0.0,2.3782625795647676
2023,1,11,12,9.1501,20.565252003249338,20.565252003249338,11.102894195596804,0.0,10.388328481477926,0.0,0.0
2023,1,11,13,9.1501,18.525779822007415,18.525779822007415,9.063422014354881,0.0,18.86844217009764,0.0,0.0
2023,1,11,14,9.1501,23.986190982933834,23.986190982933834,14.5238331752813,0.0,32.4575430997313,0.0,0.0
2023,1,11,15,9.1501,27.674121675534288,27.674121675534288,18.211763867881753,0.0,49.49722500192358,0.0,0.0
2023,1,11,16,9.1501,26.14107248524264,26.14107248524264,16.678714677590104,0.0,65.10252247367346,0.0,0.0
2023,1,11,17,9.1501,0.0706236143842217,0.0706236143842217,0.0,9.391734193268313,55.5666611765842,0.0,0.0
2023,1,11,18,9.1501,0.0,-0.0,0.0,9.462357807652534,45.95909246346204,0.0,0.0
2023,1,11,19,9.1501,0.0,-0.0,0.0,9.462357807652534,36.35152375033988,0.0,0.0
2023,1,11,20,9.1501,0.0,-0.0,0.0,9.462357807652534,26.74395503721772,0.0,0.0
2023,1,11,21,9.1501,0.0,-0.0,0.0,9.462357807652534,17.13638632409556,0.0,0.0
2023,1,11,22,9.1501,0.0,-0.0,0.0,9.462357807652534,7.528817610973402,0.0,0.0
2023,1,11,23,9.1501,0.0,-0.0,0.0,7.415025406613523,0.0,0.0,1.9797704318047233
2023,1,12,0,9.1501,0.0,-0.0,0.0,-0.0,0.0,0.0,9.1501
2023,1,12,1,9.1501,0.0,-0.0,0.0,-0.0,0.0,0.0,9.1501
2023,1,12,2,9.1501,0.0,-0.0,0.0,-0.0,0.0,0.0,9.1501
2023,1,12,3,9.1501,0.0,-0.0,0.0,-0.0,0.0,0.0,9.1501
2023,1,12,4,9.1501,0.0,-0.0,0.0,-0.0,0.0,0.0,9.1501
2023,1,12,5,9.1501,0.0,-0.0,0.0,-0.0,0.0,0.0,9.1501
2023,1,12,6,9.1501,0.0,-0.0,0.0,-0.0,0.0,0.0,9.1501
2023,1,12,7,9.1501,0.0,-0.0,0.0,-0.0,0.0,0.0,9.1501
2023,1,12,8,9.1501,0.0,-0.0,0.0,-0.0,0.0,0.0,9.1501
2023,1,12,9,9.1501,17.318288268755243,9.462357807652534,0.0,0.0,0.0,7.855930461102709,0.0
2023,1,12,10,9.1501,29.49138785054292,9.462357807652534,0.0,0.0,0.0,20.029030042890387,0.0
2023,1,12,11,9.1501,44.09325075627578,9.462357807652534,0.0,0.0,-0.0,34.63089294862324,0.0
2023,1,12,12,9.1501,59.90777279680114,54.58242770754565,45.12006989989312,0.0,42.21620948285905,5.325345089255492,0.0
2023,1,12,13,9.1501,61.04550199925914,61.04550199925914,51.58314419160661,0.0,90.47953943356347,0.0,0.0
2023,1,12,14,9.1501,44.443785037426736,44.443785037426736,34.9814272297742,0.0,123.20961417010628,0.0,0.0
2023,1,12,15,9.1501,30.250161073378276,30.250161073378276,20.787803265725742,0.0,142.6595454158116,0.0,0.0
2023,1,12,16,9.1501,11.526290625659012,11.526290625659012,2.063932818006478,0.0,144.5906465953272,0.0,0.0
2023,1,12,17,9.1501,0.29110709343739305,0.29110709343739305,0.0,9.171250714215141,135.2786523531699,0.0,0.0
2023,1,12,18,9.1501,0.0,-0.0,0.0,9.462357807652534,125.67108364004773,0.0,0.0
2023,1,12,19,9.1501,0.0,-0.0,0.0,9.462357807652534,116.06351492692556,0.0,0.0
2023,1,12,20,9.1501,0.0,-0.0,0.0,9.462357807652534,106.4559462138034,0.0,0.0
2023,1,12,21,9.1501,0.0,-0.0,0.0,9.462357807652534,96.84837750068124,0.0,0.0
2023,1,12,22,9.1501,0.0,-0.0,0.0,9.462357807652534,87.24080878755908,0.0,0.0
2023,1,12,23,9.1501,0.0,-0.0,0.0,9.462357807652534,77.63324007443691,0.0,0.0
2023,1,13,0,9.1501,0.0,-0.0,0.0,9.462357807652534,68.02567136131475,0.0,0.0
2023,1,13,1,9.1501,0.0,-0.0,0.0,9.462357807652534,58.41810264819259,0.0,0.0
2023,1,13,2,9.1501,0.0,-0.0,0.0,9.462357807652534,48.810533935070424,0.0,0.0
2023,1,13,3,9.1501,0.0,-0.0,0.0,9.462357807652534,39.20296522194826,0.0,0.0
2023,1,13,4,9.1501,0.0,-0.0,0.0,9.462357807652534,29.595396508826102,0.0,0.0
2023,1,13,5,9.1501,0.0,-0.0,0.0,9.462357807652534,19.987827795703943,0.0,0.0
2023,1,13,6,9.1501,0.0,-0.0,0.0,9.462357807652534,10.380259082581784,0.0,0.0
2023,1,13,7,9.1501,0.0,-0.0,0.0,9.462357807652534,0.7726903694596245,0.0,0.0
2023,1,13,8,9.1501,0.0,-0.0,0.0,0.7610117573625307,0.0,0.0,8.414201630630433
2023,1,13,9,9.1501,1.440893986156133,1.440893986156133,0.0,-0.0,0.0,0.0,7.756755515387019
2023,1,13,10,9.1501,15.477767976815223,9.462357807652534,0.0,0.0,0.0,6.0154101691626884,0.0
2023,1,13,11,9.1501,20.866694259767357,9.462357807652534,0.0,0.0,0.0,11.404336452114823,0.0
2023,1,13,12,9.1501,39.1435689042499,38.33641260840453,28.874054800751995,0.0,27.01576368991808,0.807156295845374,0.0
2023,1,13,13,9.1501,45.82094551791906,45.82094551791906,36.35858771026653,0.0,61.03436691200999,0.0,0.0
2023,1,13,14,9.1501,47.28164856664638,47.28164856664638,37.81929075899385,0.0,96.41966451277062,0.0,0.0
2023,1,13,15,9.1501,41.264861126546705,41.264861126546705,31.80250331889417,0.0,126.17540614101966,0.0,0.0
2023,1,13,16,9.1501,29.144298623752164,29.144298623752164,19.68194081609963,0.0,144.5906465953272,0.0,0.0
2023,1,13,17,9.1501,0.13780217440823747,0.13780217440823747,0.0,9.324555633244296,135.1229947915375,0.0,0.0
2023,1,13,18,9.1501,0.0,-0.0,0.0,9.462357807652534,125.51542607841535,0.0,0.0
2023,1,13,19,9.1501,0.0,-0.0,0.0,9.462357807652534,115.90785736529318,0.0,0.0
2023,1,13,20,9.1501,0.0,-0.0,0.0,9.462357807652534,106.30028865217102,0.0,0.0
2023,1,13,21,9.1501,0.0,-0.0,0.0,9.462357807652534,96.69271993904886,0.0,0.0
2023,1,13,22,9.1501,0.0,-0.0,0.0,9.462357807652534,87.0851512259267,0.0,0.0
2023,1,13,23,9.1501,0.0,-0.0,0.0,9.462357807652534,77.47758251280453,0.0,0.0
2023,1,14,0,9.1501,0.0,-0.0,0.0,9.462357807652534,67.87001379968237,0.0,0.0
2023,1,14,1,9.1501,0.0,-0.0,0.0,9.462357807652534,58.262445086560206,0.0,0.0
2023,1,14,2,9.1501,0.0,-0.0,0.0,9.462357807652534,48.65487637343804,0.0,0.0
2023,1,14,3,9.1501,0.0,-0.0,0.0,9.462357807652534,39.04730766031588,0.0,0.0
2023,1,14,4,9.1501,0.0,-0.0,0.0,9.462357807652534,29.43973894719372,0.0,0.0
2023,1,14,5,9.1501,0.0,-0.0,0.0,9.462357807652534,19.83217023407156,0.0,0.0
2023,1,14,6,9.1501,0.0,-0.0,0.0,9.462357807652534,10.224601520949403,0.0,0.0
2023,1,14,7,9.1501,0.0,-0.0,0.0,9.462357807652534,0.6170328078272433,0.0,0.0
2023,1,14,8,9.1501,0.0,-0.0,0.0,0.6077068383333754,0.0,0.0,8.562447487331626
2023,1,14,9,9.1501,17.489679723175488,9.462357807652534,0.0,0.0,0.0,8.027321915522954,0.0
2023,1,14,10,9.1501,35.347118999302964,9.462357807652534,0.0,0.0,0.0,25.88476119165043,0.0
2023,1,14,11,9.1501,59.803559902404906,9.462357807652534,0.0,0.0,0.0,50.341202094752376,0.0
2023,1,14,12,9.1501,64.31055226914432,9.462357807652534,0.0,0.0,0.0,54.84819446149179,0.0
2023,1,14,13,9.1501,66.46112745350287,47.992383972714826,38.53002616506229,0.0,36.050291135922265,18.468743480788042,0.0
2023,1,14,14,9.1501,63.13837252308426,63.13837252308426,53.67601471543172,0.0,86.27179758436547,0.0,0.0
2023,1,14,15,9.1501,51.011781175159356,51.011781175159356,41.549423367506826,0.0,125.14716202121937,0.0,0.0
2023,1,14,16,9.1501,30.243270964657857,30.243270964657857,20.780913157005322,0.0,144.5906465953272,0.0,0.0
2023,1,14,17,9.1501,0.3970425150137342,0.3970425150137342,0.0,9.065315292638799,135.38621347721926,0.0,0.0
2023,1,14,18,9.1501,0.0,-0.0,0.0,9.462357807652534,125.7786447640971,0.0,0.0
2023,1,14,19,9.1501,0.0,-0.0,0.0,9.462357807652534,116.17107605097493,0.0,0.0
2023,1,14,20,9.1501,0.0,-0.0,0.0,9.462357807652534,106.56350733785277,0.0,0.0
2023,1,14,21,9.1501,0.0,-0.0,0.0,9.462357807652534,96.9559386247306,0.0,0.0
2023,1,14,22,9.1501,0.0,-0.0,0.0,9.462357807652534,87.34836991160844,0.0,0.0
2023,1,14,23,9.1501,0.0,-0.0,0.0,9.462357807652534,77.74080119848628,0.0,0.0
2023,1,15,0,9.1501,0.0,-0.0,0.0,9.462357807652534,68.13323248536412,0.0,0.0
2023,1,15,1,9.1501,0.0,-0.0,0.0,9.462357807652534,58.525663772241955,0.0,0.0
2023,1,15,2,9.1501,0.0,-0.0,0.0,9.462357807652534,48.91809505911979,0.0,0.0
2023,1,15,3,9.1501,0.0,-0.0,0.0,9.462357807652534,39.31052634599763,0.0,0.0
2023,1,15,4,9.1501,0.0,-0.0,0.0,9.462357807652534,29.70295763287547,0.0,0.0
2023,1,15,5,9.1501,0.0,-0.0,0.0,9.462357807652534,20.09538891975331,0.0,0.0
2023,1,15,6,9.1501,0.0,-0.0,0.0,9.462357807652534,10.487820206631152,0.0,0.0
2023,1,15,7,9.1501,0.0,-0.0,0.0,9.462357807652534,0.8802514935089931,0.0,0.0
2023,1,15,8,9.1501,0.0,-0.0,0.0,0.8669471789388731,0.0,0.0,8.31176207796611
2023,1,15,9,9.1501,1.1015561316758482,1.1015561316758482,0.0,-0.0,0.0,0.0,8.084895220669456
2023,1,15,10,9.1501,3.6543414125884475,3.6543414125884475,0.0,-0.0,0.0,0.0,5.616351854026972
2023,1,15,11,9.1501,18.339746886556302,14.516961505697525,5.054603698044993,0.0,4.729296941315397,3.822785380858777,0.0
2023,1,15,12,9.1501,52.941872880464736,52.941872880464736,43.4795150728122,0.0,45.41053525941728,0.0,0.0
2023,1,15,13,9.1501,50.826609503298286,50.826609503298286,41.364251695645756,0.0,84.11264539708853,0.0,0.0
2023,1,15,14,9.1501,45.08198135765489,45.08198135765489,35.61962355000236,0.0,117.43984309034923,0.0,0.0
2023,1,15,15,9.1501,24.32811262818427,24.32811262818427,14.865754820531738,0.0,131.34886009800852,0.0,0.0
2023,1,15,16,9.1501,23.614986375621644,23.614986375621644,14.15262856796911,0.0,144.5906465953272,0.0,0.0
2023,1,15,17,9.1501,8.052814566981377,8.052814566981377,0.0,1.409543240671157,143.15947227132173,0.0,0.0
2023,1,15,18,9.1501,0.0,-0.0,0.0,9.462357807652534,133.55190355819957,0.0,0.0
2023,1,15,19,9.1501,0.0,-0.0,0.0,9.462357807652534,123.9443348450774,0.0,0.0
2023,1,15,20,9.1501,0.0,-0.0,0.0,9.462357807652534,114.33676613195524,0.0,0.0
2023,1,15,21,9.1501,0.0,-0.0,0.0,9.462357807652534,104.72919741883308,0.0,0.0
2023,1,15,22,9.1501,0.0,-0.0,0.0,9.462357807652534,95.12162870571092,0.0,0.0
2023,1,15,23,9.1501,0.0,-0.0,0.0,9.462357807652534,85.51405999258876,0.0,0.0
2023,1,16,0,9.1501,0.0,-0.0,0.0,9.462357807652534,75.9064912794666,0.0,0.0
2023,1,16,1,9.1501,0.0,-0.0,0.0,9.462357807652534,66.29892256634443,0.0,0.0
2023,1,16,2,9.1501,0.0,-0.0,0.0,9.462357807652534,56.69135385322227,0.0,0.0
2023,1,16,3,9.1501,0.0,-0.0,0.0,9.462357807652534,47.083785140100105,0.0,0.0
2023,1,16,4,9.1501,0.0,-0.0,0.0,9.462357807652534,37.47621642697794,0.0,0.0
2023,1,16,5,9.1501,0.0,-0.0,0.0,9.462357807652534,27.868647713855783,0.0,0.0
2023,1,16,6,9.1501,0.0,-0.0,0.0,9.462357807652534,18.261079000733623,0.0,0.0
2023,1,16,7,9.1501,0.0,-0.0,0.0,9.462357807652534,8.653510287611464,0.0,0.0
2023,1,16,8,9.1501,0.0,-0.0,0.0,8.522719230906514,0.0,0.0,0.9086305037134015
2023,1,16,9,9.1501,0.44268948528646285,0.44268948528646285,0.0,-0.0,-0.0,0.0,8.72201926772799
2023,1,16,10,9.1501,1.818127438598683,1.818127438598683,0.0,0.0,-0.0,0.0,7.391970766875073
2023,1,16,11,9.1501,3.5888853797445344,3.5888853797445344,0.0,0.0,-0.0,0.0,5.679647837787035
2023,1,16,12,9.1501,3.927361970634768,3.927361970634768,0.0,0.0,-0.0,0.0,5.35234097439618
2023,1,16,13,9.1501,2.966191804137311,2.966191804137311,0.0,0.0,-0.0,0.0,6.28179252539922
2023,1,16,14,9.1501,1.6355395575077685,1.6355395575077685,0.0,0.0,-0.0,0.0,7.568533247889988
2023,1,16,15,9.1501,1.4417552497461759,1.4417552497461759,0.0,0.0,-0.0,0.0,7.755922673495448
2023,1,16,16,9.1501,0.3384765908902333,0.3384765908902333,0.0,0.0,-0.0,0.0,8.822793136609144
2023,1,16,17,9.1501,0.0,-0.0,0.0,0.0,-0.0,0.0,9.1501
2023,1,16,18,9.1501,0.0,-0.0,0.0,0.0,-0.0,0.0,9.1501
2023,1,16,19,9.1501,0.0,-0.0,0.0,0.0,-0.0,0.0,9.1501
2023,1,16,20,9.1501,0.0,-0.0,0.0,0.0,-0.0,0.0,9.1501
2023,1,16,21,9.1501,0.0,-0.0,0.0,0.0,-0.0,0.0,9.1501
2023,1,16,22,9.1501,0.0,-0.0,0.0,0.0,-0.0,0.0,9.1501
2023,1,16,23,9.1501,0.0,-0.0,0.0,0.0,-0.0,0.0,9.1501
2023,1,17,0,9.1501,0.0,-0.0,0.0,0.0,-0.0,0.0,9.1501
2023,1,17,1,9.1501,0.0,-0.0,0.0,0.0,-0.0,0.0,9.1501
2023,1,17,2,9.1501,0.0,-0.0,0.0,0.0,-0.0,0.0,9.1501
2023,1,17,3,9.1501,0.0,-0.0,0.0,0.0,-0.0,0.0,9.1501
2023,1,17,4,9.1501,0.0,-0.0,0.0,0.0,-0.0,0.0,9.1501
2023,1,17,5,9.1501,0.0,-0.0,0.0,0.0,-0.0,0.0,9.1501
2023,1,17,6,9.1501,0.0,-0.0,0.0,0.0,-0.0,0.0,9.1501
2023,1,17,7,9.1501,0.0,-0.0,0.0,0.0,-0.0,0.0,9.1501
2023,1,17,8,9.1501,0.0,-0.0,0.0,0.0,-0.0,0.0,9.1501
2023,1,17,9,9.1501,5.93066108109452,5.93066108109452,0.0,0.0,-0.0,0.0,3.4151507345815992
2023,1,17,10,9.1501,6.096884953974457,6.096884953974457,0.0,0.0,0.0,0.0,3.2544122495067005
2023,1,17,11,9.1501,11.772612012413738,11.772612012413738,2.310254204761204,0.0,2.1615696891259906,0.0,0.0
2023,1,17,12,9.1501,28.917786299568633,28.917786299568633,19.4554284919161,0.0,20.36487581466593,0.0,0.0
2023,1,17,13,9.1501,13.412457887871755,13.412457887871755,3.9501000802192205,0.0,24.060753343995465,0.0,0.0
2023,1,17,14,9.1501,11.714046088290235,11.714046088290235,2.251688280637701,0.0,26.167526324542756,0.0,0.0
2023,1,17,15,9.1501,13.39264882530058,13.39264882530058,3.9302910176480452,0.0,29.844869673029507,0.0,0.0
2023,1,17,16,9.1501,5.86692757543071,5.86692757543071,0.0,3.5954302322218243,26.1942633747376,0.0,0.0
2023,1,17,17,9.1501,0.5856592412350092,0.5856592412350092,0.0,8.876698566417526,17.18134152627847,0.0,0.0
2023,1,17,18,9.1501,0.0,-0.0,0.0,9.462357807652534,7.57377281315631,0.0,0.0
2023,1,17,19,9.1501,0.0,-0.0,0.0,7.459301145988577,0.0,0.0,1.9369557918290465
2023,1,17,20,9.1501,0.0,-0.0,0.0,-0.0,0.0,0.0,9.1501
2023,1,17,21,9.1501,0.0,-0.0,0.0,-0.0,0.0,0.0,9.1501
2023,1,17,22,9.1501,0.0,-0.0,0.0,-0.0,0.0,0.0,9.1501
2023,1,17,23,9.1501,0.0,-0.0,0.0,-0.0,0.0,0.0,9.1501
2023,1,18,0,9.1501,0.0,-0.0,0.0,-0.0,0.0,0.0,9.1501
2023,1,18,1,9.1501,0.0,-0.0,0.0,-0.0,0.0,0.0,9.1501
2023,1,18,2,9.1501,0.0,-0.0,0.0,-0.0,0.0,0.0,9.1501
2023,1,18,3,9.1501,0.0,-0.0,0.0,-0.0,0.0,0.0,9.1501
2023,1,18,4,9.1501,0.0,-0.0,0.0,-0.0,0.0,0.0,9.1501
2023,1,18,5,9.1501,0.0,-0.0,0.0,-0.0,0.0,0.0,9.1501
2023,1,18,6,9.1501,0.0,-0.0,0.0,-0.0,0.0,0.0,9.1501
2023,1,18,7,9.1501,0.0,-0.0,0.0,-0.0,0.0,0.0,9.1501
2023,1,18,8,9.1501,0.0,-0.0,0.0,-0.0,0.0,0.0,9.1501
2023,1,18,9,9.1501,10.63574407354577,10.63574407354577,1.1733862658932352,0.0,1.0978688755394839,0.0,0.0
2023,1,18,10,9.1501,37.11873820403886,37.11873820403886,27.65638039638633,0.0,26.974325869996566,0.0,0.0
2023,1,18,11,9.1501,35.149028373591115,35.149028373591115,25.68667056593858,0.0,51.00784062152007,0.0,0.0
2023,1,18,12,9.1501,31.480045479971796,31.480045479971796,22.017687672319262,0.0,71.60850274737805,0.0,0.0
2023,1,18,13,9.1501,28.60170256201974,28.60170256201974,19.139344754367205,0.0,89.51606781338296,0.0,0.0
2023,1,18,14,9.1501,13.808639139295446,13.808639139295446,4.346281331642912,0.0,93.58262895956841,0.0,0.0
2023,1,18,15,9.1501,5.678310849209435,5.678310849209435,0.0,3.7840469584430987,89.74051139162768,0.0,0.0
2023,1,18,16,9.1501,8.218177176271261,8.218177176271261,0.0,1.2441806313812727,88.47723735882117,0.0,0.0
2023,1,18,17,9.1501,0.8776275982624623,0.8776275982624623,0.0,8.584730209390072,79.76076446201023,0.0,0.0
2023,1,18,18,9.1501,0.0,-0.0,0.0,9.462357807652534,70.15319574888807,0.0,0.0
2023,1,18,19,9.1501,0.0,-0.0,0.0,9.462357807652534,60.545627035765904,0.0,0.0
2023,1,18,20,9.1501,0.0,-0.0,0.0,9.462357807652534,50.93805832264374,0.0,0.0
2023,1,18,21,9.1501,0.0,-0.0,0.0,9.462357807652534,41.33048960952158,0.0,0.0
2023,1,18,22,9.1501,0.0,-0.0,0.0,9.462357807652534,31.72292089639942,0.0,0.0
2023,1,18,23,9.1501,0.0,-0.0,0.0,9.462357807652534,22.11535218327726,0.0,0.0
2023,1,19,0,9.1501,0.0,-0.0,0.0,9.462357807652534,12.5077834701551,0.0,0.0
2023,1,19,1,9.1501,0.0,-0.0,0.0,9.462357807652534,2.9002147570329413,0.0,0.0
2023,1,19,2,9.1501,0.0,-0.0,0.0,2.8563802736688126,-0.0,0.0,6.387980275362258
2023,1,19,3,9.1501,0.0,-0.0,0.0,0.0,-0.0,0.0,9.1501
2023,1,19,4,9.1501,0.0,-0.0,0.0,0.0,-0.0,0.0,9.1501
2023,1,19,5,9.1501,0.0,-0.0,0.0,0.0,-0.0,0.0,9.1501
2023,1,19,6,9.1501,0.0,-0.0,0.0,0.0,-0.0,0.0,9.1501
2023,1,19,7,9.1501,0.0,-0.0,0.0,0.0,-0.0,0.0,9.1501
2023,1,19,8,9.1501,0.0,-0.0,0.0,0.0,-0.0,0.0,9.1501
2023,1,19,9,9.1501,1.780231840636418,1.780231840636418,0.0,0.0,-0.0,0.0,7.428615810104584
2023,1,19,10,9.1501,3.56907631717335,3.56907631717335,0.0,0.0,-0.0,0.0,5.69880320129337
2023,1,19,11,9.1501,3.8369292936793618,3.8369292936793618,0.0,0.0,-0.0,0.0,5.439789373012057
2023,1,19,12,9.1501,5.687784748700001,5.687784748700001,0.0,0.0,-0.0,0.0,3.650012148007099
2023,1,19,13,9.1501,4.149567976868051,4.149567976868051,0.0,0.0,-0.0,0.0,5.137467766368595
2023,1,19,14,9.1501,2.3400531741698822,2.3400531741698822,0.0,0.0,-0.0,0.0,6.887268580577724
2023,1,19,15,9.1501,1.7690354139657485,1.7690354139657485,0.0,0.0,0.0,0.0,7.439442754695121
2023,1,19,16,9.1501,0.45560843913723514,0.45560843913723514,0.0,-0.0,0.0,0.0,8.709526639354294
2023,1,19,17,9.1501,0.0,-0.0,0.0,-0.0,0.0,0.0,9.1501
2023,1,19,18,9.1501,0.0,-0.0,0.0,-0.0,0.0,0.0,9.1501
2023,1,19,19,9.1501,0.0,-0.0,0.0,-0.0,0.0,0.0,9.1501
2023,1,19,20,9.1501,0.0,-0.0,0.0,-0.0,0.0,0.0,9.1501
2023,1,19,21,9.1501,0.0,-0.0,0.0,-0.0,0.0,0.0,9.1501
2023,1,19,22,9.1501,0.0,-0.0,0.0,-0.0,0.0,0.0,9.1501
2023,1,19,23,9.1501,0.0,-0.0,0.0,-0.0,0.0,0.0,9.1501
2023,1,20,0,9.1501,0.0,-0.0,0.0,-0.0,0.0,0.0,9.1501
2023,1,20,1,9.1501,0.0,-0.0,0.0,-0.0,0.0,0.0,9.1501
2023,1,20,2,9.1501,0.0,-0.0,0.0,-0.0,0.0,0.0,9.1501
2023,1,20,3,9.1501,0.0,-0.0,0.0,-0.0,0.0,0.0,9.1501
2023,1,20,4,9.1501,0.0,-0.0,0.0,-0.0,0.0,0.0,9.1501
2023,1,20,5,9.1501,0.0,-0.0,0.0,-0.0,0.0,0.0,9.1501
2023,1,20,6,9.1501,0.0,-0.0,0.0,-0.0,0.0,0.0,9.1501
2023,1,20,7,9.1501,0.0,-0.0,0.0,-0.0,0.0,0.0,9.1501
2023,1,20,8,9.1501,0.0,-0.0,0.0,-0.0,0.0,0.0,9.1501
2023,1,20,9,9.1501,17.649874750925065,9.462357807652534,0.0,0.0,0.0,8.18751694327253,0.0
2023,1,20,10,9.1501,30.517152786294236,9.462357807652534,0.0,0.0,0.0,21.054794978641702,0.0
2023,1,20,11,9.1501,51.92041426266368,9.462357807652534,0.0,0.0,0.0,42.458056455011146,0.0
2023,1,20,12,9.1501,63.53627630168805,9.462357807652534,0.0,0.0,0.0,54.07391849403551,0.0
2023,1,20,13,9.1501,71.57186559686839,28.953740579629937,19.491382771977403,0.0,18.23694644175046,42.618125017238455,0.0
2023,1,20,14,9.1501,69.1112355200913,69.1112355200913,59.64887771243876,0.0,74.04691133127122,0.0,0.0
2023,1,20,15,9.1501,52.76014626296387,52.76014626296387,43.29778845531134,0.0,114.5581186859892,0.0,0.0
2023,1,20,16,9.1501,35.4582220024196,35.4582220024196,25.99586419476707,0.0,138.88092782545024,0.0,0.0
2023,1,20,17,9.1501,15.054887554099944,15.054887554099944,5.5925297464474095,0.0,144.1135306968324,0.0,0.0
2023,1,20,18,9.1501,0.0,0.0,0.0,9.462357807652534,134.50596198371025,0.0,0.0
2023,1,20,19,9.1501,0.0,0.0,0.0,9.462357807652534,124.8983932705881,0.0,0.0
2023,1,20,20,9.1501,0.0,0.0,0.0,9.462357807652534,115.29082455746594,0.0,0.0
2023,1,20,21,9.1501,0.0,0.0,0.0,9.462357807652534,105.68325584434378,0.0,0.0
2023,1,20,22,9.1501,0.0,0.0,0.0,9.462357807652534,96.07568713122161,0.0,0.0
2023,1,20,23,9.1501,0.0,0.0,0.0,9.462357807652534,86.46811841809945,0.0,0.0
2023,1,21,0,9.1501,0.0,0.0,0.0,9.462357807652534,76.86054970497729,0.0,0.0
2023,1,21,1,9.1501,0.0,0.0,0.0,9.462357807652534,67.25298099185513,0.0,0.0
2023,1,21,2,9.1501,0.0,0.0,0.0,9.462357807652534,57.64541227873296,0.0,0.0
2023,1,21,3,9.1501,0.0,0.0,0.0,9.462357807652534,48.0378435656108,0.0,0.0
2023,1,21,4,9.1501,0.0,0.0,0.0,9.462357807652534,38.43027485248864,0.0,0.0
2023,1,21,5,9.1501,0.0,0.0,0.0,9.462357807652534,28.822706139366478,0.0,0.0
2023,1,21,6,9.1501,0.0,0.0,0.0,9.462357807652534,19.21513742624432,0.0,0.0
2023,1,21,7,9.1501,0.0,0.0,0.0,9.462357807652534,9.60756871312216,0.0,0.0
2023,1,21,8,9.1501,0.0,0.0,0.0,9.462357807652534,0.0,0.0,0.0
2023,1,21,9,9.1501,25.619146749671447,9.462357807652534,0.0,0.0,0.0,16.156788942018913,0.0
2023,1,21,10,9.1501,45.099206629455914,9.462357807652534,0.0,0.0,0.0,35.63684882180338,0.0
2023,1,21,11,9.1501,63.114257142562806,9.462357807652534,0.0,0.0,0.0,53.65189933491027,0.0
2023,1,21,12,9.1501,72.26862784122004,9.462357807652534,0.0,0.0,0.0,62.8062700335675,0.0
2023,1,21,13,9.1501,69.69431097055615,49.59822883316403,40.13587102551149,0.0,37.55278621574165,20.096082137392116,0.0
2023,1,21,14,9.1501,62.541516855178564,62.541516855178564,53.07915904752603,0.0,87.21584973705194,0.0,0.0
2023,1,21,15,9.1501,46.133584201107745,46.133584201107745,36.671226393455214,0.0,121.52697068288013,0.0,0.0
2023,1,21,16,9.1501,31.163961742422902,31.163961742422902,21.701603934770368,0.0,141.8318917492031,0.0,0.0
2023,1,21,17,9.1501,11.900940287331409,11.900940287331409,2.4385824796788746,0.0,144.1135306968324,0.0,0.0
2023,1,21,18,9.1501,0.0,0.0,0.0,9.462357807652534,134.50596198371025,0.0,0.0
2023,1,21,19,9.1501,0.0,0.0,0.0,9.462357807652534,124.8983932705881,0.0,0.0
2023,1,21,20,9.1501,0.0,0.0,0.0,9.462357807652534,115.29082455746594,0.0,0.0
2023,1,21,21,9.1501,0.0,0.0,0.0,9.462357807652534,105.68325584434378,0.0,0.0
2023,1,21,22,9.1501,0.0,0.0,0.0,9.462357807652534,96.07568713122161,0.0,0.0
2023,1,21,23,9.1501,0.0,0.0,0.0,9.462357807652534,86.46811841809945,0.0,0.0
2023,1,22,0,9.1501,0.0,0.0,0.0,9.462357807652534,76.86054970497729,0.0,0.0
2023,1,22,1,9.1501,0.0,0.0,0.0,9.462357807652534,67.25298099185513,0.0,0.0
2023,1,22,2,9.1501,0.0,0.0,0.0,9.462357807652534,57.64541227873296,0.0,0.0
2023,1,22,3,9.1501,0.0,0.0,0.0,9.462357807652534,48.0378435656108,0.0,0.0
2023,1,22,4,9.1501,0.0,0.0,0.0,9.462357807652534,38.43027485248864,0.0,0.0
2023,1,22,5,9.1501,0.0,0.0,0.0,9.462357807652534,28.822706139366478,0.0,0.0
2023,1,22,6,9.1501,0.0,0.0,0.0,9.462357807652534,19.21513742624432,0.0,0.0
2023,1,22,7,9.1501,0.0,0.0,0.0,9.462357807652534,9.60756871312216,0.0,0.0
2023,1,22,8,9.1501,0.0,0.0,0.0,9.462357807652534,0.0,0.0,0.0
2023,1,22,9,9.1501,21.21464475014815,9.462357807652534,0.0,0.0,0.0,11.752286942495616,0.0
2023,1,22,10,9.1501,46.007839716960234,9.462357807652534,0.0,0.0,0.0,36.545481909307696,0.0
2023,1,22,11,9.1501,59.41082370534142,9.462357807652534,0.0,0.0,0.0,49.94846589768889,0.0
2023,1,22,12,9.1501,72.96108376762143,9.462357807652534,0.0,0.0,0.0,63.498725959968894,0.0
2023,1,22,13,9.1501,70.55729708778773,38.281291738641244,28.81893393098871,0.0,26.96419031713814,32.27600534914649,0.0
2023,1,22,14,9.1501,70.69596052578602,70.69596052578602,61.23360271813348,0.0,84.25688967408249,0.0,0.0
2023,1,22,15,9.1501,49.77500665984542,49.77500665984542,40.312648852192886,0.0,121.97507655918622,0.0,0.0
2023,1,22,16,9.1501,31.733256975446935,31.733256975446935,22.2708991677944,0.0,142.8126538662521,0.0,0.0
2023,1,22,17,9.1501,11.362650543549229,11.362650543549229,1.900292735896695,0.0,144.5906465953272,0.0,0.0
2023,1,22,18,9.1501,0.0,-0.0,0.0,9.462357807652534,134.98307788220504,0.0,0.0
2023,1,22,19,9.1501,0.0,-0.0,0.0,9.462357807652534,125.37550916908287,0.0,0.0
2023,1,22,20,9.1501,0.0,-0.0,0.0,9.462357807652534,115.76794045596071,0.0,0.0
2023,1,22,21,9.1501,0.0,-0.0,0.0,9.462357807652534,106.16037174283855,0.0,0.0
2023,1,22,22,9.1501,0.0,-0.0,0.0,9.462357807652534,96.55280302971639,0.0,0.0
2023,1,22,23,9.1501,0.0,-0.0,0.0,9.462357807652534,86.94523431659422,0.0,0.0
2023,1,23,0,9.1501,0.0,-0.0,0.0,9.462357807652534,77.33766560347206,0.0,0.0
2023,1,23,1,9.1501,0.0,-0.0,0.0,9.462357807652534,67.7300968903499,0.0,0.0
2023,1,23,2,9.1501,0.0,-0.0,0.0,9.462357807652534,58.122528177227736,0.0,0.0
2023,1,23,3,9.1501,0.0,-0.0,0.0,9.462357807652534,48.51495946410557,0.0,0.0
2023,1,23,4,9.1501,0.0,-0.0,0.0,9.462357807652534,38.90739075098341,0.0,0.0
2023,1,23,5,9.1501,0.0,-0.0,0.0,9.462357807652534,29.29982203786125,0.0,0.0
2023,1,23,6,9.1501,0.0,-0.0,0.0,9.462357807652534,19.69225332473909,0.0,0.0
2023,1,23,7,9.1501,0.0,-0.0,0.0,9.462357807652534,10.084684611616932,0.0,0.0
2023,1,23,8,9.1501,0.0,-0.0,0.0,9.462357807652534,0.4771158984947732,0.0,0.0
2023,1,23,9,9.1501,10.704645160749896,10.704645160749896,1.2422873530973622,0.0,1.639451490009218,0.0,0.0
2023,1,23,10,9.1501,19.095936318621508,19.095936318621508,9.633578510968974,0.0,10.653027253321564,0.0,0.0
2023,1,23,11,9.1501,30.333703641613273,30.333703641613273,20.87134583396074,0.0,30.181124392146504,0.0,0.0
2023,1,23,12,9.1501,13.96797290345497,13.96797290345497,4.505615095802435,0.0,34.39676481902399,0.0,0.0
2023,1,23,13,9.1501,14.18328880096784,14.18328880096784,4.7209309933153065,0.0,38.81386373332317,0.0,0.0
2023,1,23,14,9.1501,5.848841040039629,5.848841040039629,0.0,3.6135167676129054,35.14489334068137,0.0,0.0
2023,1,23,15,9.1501,8.829674325207815,8.829674325207815,0.0,0.6326834824447188,34.502500593037745,0.0,0.0
2023,1,23,16,9.1501,2.3228279023688443,2.3228279023688443,0.0,7.139529905283689,27.25340628285116,0.0,0.0
2023,1,23,17,9.1501,1.6200368128868416,1.6200368128868416,0.0,7.842320994765693,19.290735735068942,0.0,0.0
2023,1,23,18,9.1501,0.0,-0.0,0.0,9.462357807652534,9.683167021946783,0.0,0.0
2023,1,23,19,9.1501,0.0,-0.0,0.0,9.462357807652534,0.07559830882462393,0.0,0.0
2023,1,23,20,9.1501,0.0,-0.0,0.0,0.07445569936699731,0.0,0.0,9.078101338712115
2023,1,23,21,9.1501,0.0,-0.0,0.0,-0.0,0.0,0.0,9.1501
2023,1,23,22,9.1501,0.0,-0.0,0.0,-0.0,0.0,0.0,9.1501
2023,1,23,23,9.1501,0.0,-0.0,0.0,-0.0,0.0,0.0,9.1501
2023,1,24,0,9.1501,0.0,-0.0,0.0,-0.0,0.0,0.0,9.1501
2023,1,24,1,9.1501,0.0,-0.0,0.0,-0.0,0.0,0.0,9.1501
2023,1,24,2,9.1501,0.0,-0.0,0.0,-0.0,0.0,0.0,9.1501
2023,1,24,3,9.1501,0.0,-0.0,0.0,-0.0,0.0,0.0,9.1501
2023,1,24,4,9.1501,0.0,-0.0,0.0,-0.0,0.0,0.0,9.1501
2023,1,24,5,9.1501,0.0,-0.0,0.0,-0.0,0.0,0.0,9.1501
2023,1,24,6,9.1501,0.0,-0.0,0.0,-0.0,0.0,0.0,9.1501
2023,1,24,7,9.1501,0.0,-0.0,0.0,-0.0,0.0,0.0,9.1501
2023,1,24,8,9.1501,0.0,-0.0,0.0,-0.0,0.0,0.0,9.1501
2023,1,24,9,9.1501,22.11724899252211,9.462357807652534,-0.0,0.0,0.0,12.654891184869577,0.0
2023,1,24,10,9.1501,41.33548474093093,9.462357807652534,-0.0,0.0,0.0,31.873126933278396,0.0
2023,1,24,11,9.1501,56.82444914441682,10.445423259281068,0.9830654516285322,0.0,0.9197968250800486,46.379025885135746,0.0
2023,1,24,12,9.1501,53.816055424366986,53.816055424366986,44.35369761671445,0.0,42.418956602113965,0.0,0.0
2023,1,24,13,9.1501,43.18547893236152,43.18547893236152,33.72312112470899,0.0,73.97170793816446,0.0,0.0
2023,1,24,14,9.1501,38.38996326295486,38.38996326295486,28.927605455302324,0.0,101.03757584235917,0.0,0.0
2023,1,24,15,9.1501,36.89480967062548,36.89480967062548,27.432451862972943,0.0,126.7045160098977,0.0,0.0
2023,1,24,16,9.1501,23.35057845347584,23.35057845347584,13.888220645823306,0.0,139.69891148466255,0.0,0.0
2023,1,24,17,9.1501,14.690573055508166,14.690573055508166,5.228215247855632,0.0,144.5906465953272,0.0,0.0
2023,1,24,18,9.1501,0.0,-0.0,0.0,9.462357807652534,134.98307788220504,0.0,0.0
2023,1,24,19,9.1501,0.0,-0.0,0.0,9.462357807652534,125.37550916908287,0.0,0.0
2023,1,24,20,9.1501,0.0,-0.0,0.0,9.462357807652534,115.76794045596071,0.0,0.0
2023,1,24,21,9.1501,0.0,-0.0,0.0,9.462357807652534,106.16037174283855,0.0,0.0
2023,1,24,22,9.1501,0.0,-0.0,0.0,9.462357807652534,96.55280302971639,0.0,0.0
2023,1,24,23,9.1501,0.0,-0.0,0.0,9.462357807652534,86.94523431659422,0.0,0.0
2023,1,25,0,9.1501,0.0,-0.0,0.0,9.462357807652534,77.33766560347206,0.0,0.0
2023,1,25,1,9.1501,0.0,-0.0,0.0,9.462357807652534,67.7300968903499,0.0,0.0
2023,1,25,2,9.1501,0.0,-0.0,0.0,9.462357807652534,58.122528177227736,0.0,0.0
2023,1,25,3,9.1501,0.0,-0.0,0.0,9.462357807652534,48.51495946410557,0.0,0.0
2023,1,25,4,9.1501,0.0,-0.0,0.0,9.462357807652534,38.90739075098341,0.0,0.0
2023,1,25,5,9.1501,0.0,-0.0,0.0,9.462357807652534,29.29982203786125,0.0,0.0
2023,1,25,6,9.1501,0.0,-0.0,0.0,9.462357807652534,19.69225332473909,0.0,0.0
2023,1,25,7,9.1501,0.0,-0.0,0.0,9.462357807652534,10.084684611616932,0.0,0.0
2023,1,25,8,9.1501,0.0,-0.0,0.0,9.462357807652534,0.4771158984947732,0.0,0.0
2023,1,25,9,9.1501,14.651816193955847,14.651816193955847,5.189458386303313,0.0,5.33258848142355,0.0,0.0
2023,1,25,10,9.1501,22.34720637106586,22.34720637106586,12.884848563413325,0.0,17.388187404803343,0.0,0.0
2023,1,25,11,9.1501,34.83725095399248,34.83725095399248,25.374893146339947,0.0,41.12999026654025,0.0,0.0
2023,1,25,12,9.1501,40.63269365144892,40.63269365144892,31.170335843796384,0.0,70.29424977571924,0.0,0.0
2023,1,25,13,9.1501,31.322434242992376,31.322434242992376,21.860076435339842,0.0,90.74744428878455,0.0,0.0
2023,1,25,14,9.1501,17.196850102557985,17.196850102557985,7.7344922949054515,0.0,97.98415619303763,0.0,0.0
2023,1,25,15,9.1501,12.515021227038115,12.515021227038115,3.0526634193855817,0.0,100.8403547467936,0.0,0.0
2023,1,25,16,9.1501,4.337323439499275,4.337323439499275,0.0,5.125034368153259,95.63667075491118,0.0,0.0
2023,1,25,17,9.1501,1.0938047593653848,1.0938047593653848,0.0,8.368553048287149,87.13969250961559,0.0,0.0
2023,1,25,18,9.1501,0.0,-0.0,0.0,9.462357807652534,77.53212379649342,0.0,0.0
2023,1,25,19,9.1501,0.0,-0.0,0.0,9.462357807652534,67.92455508337126,0.0,0.0
2023,1,25,20,9.1501,0.0,-0.0,0.0,9.462357807652534,58.3169863702491,0.0,0.0
2023,1,25,21,9.1501,0.0,-0.0,0.0,9.462357807652534,48.709417657126934,0.0,0.0
2023,1,25,22,9.1501,0.0,-0.0,0.0,9.462357807652534,39.10184894400477,0.0,0.0
2023,1,25,23,9.1501,0.0,-0.0,0.0,9.462357807652534,29.494280230882612,0.0,0.0
2023,1,26,0,9.1501,0.0,-0.0,0.0,9.462357807652534,19.886711517760453,0.0,0.0
2023,1,26,1,9.1501,0.0,-0.0,0.0,9.462357807652534,10.279142804638294,0.0,0.0
2023,1,26,2,9.1501,0.0,-0.0,0.0,9.462357807652534,0.6715740915161348,0.0,0.0
2023,1,26,3,9.1501,0.0,-0.0,0.0,0.6614237730712803,0.0,0.0,8.510503211440072
2023,1,26,4,9.1501,0.0,-0.0,0.0,-0.0,-0.0,0.0,9.1501
2023,1,26,5,9.1501,0.0,-0.0,0.0,0.0,-0.0,0.0,9.1501
2023,1,26,6,9.1501,0.0,-0.0,0.0,0.0,-0.0,0.0,9.1501
2023,1,26,7,9.1501,0.0,-0.0,0.0,0.0,-0.0,0.0,9.1501
2023,1,26,8,9.1501,0.0,-0.0,0.0,0.0,-0.0,0.0,9.1501
2023,1,26,9,9.1501,3.2848593324563606,3.2848593324563606,0.0,0.0,-0.0,0.0,5.973641025514699
2023,1,26,10,9.1501,6.966761179926456,6.966761179926456,0.0,0.0,0.0,0.0,2.4132419390111175
2023,1,26,11,9.1501,12.946514285653901,12.946514285653901,3.484156478001367,0.0,3.259921362549009,0.0,0.0
2023,1,26,12,9.1501,17.58441871808115,17.58441871808115,8.122060910428615,0.0,10.859258544161122,0.0,0.0
2023,1,26,13,9.1501,17.057325400969646,17.057325400969646,7.5949675933171115,0.0,17.965425348564956,0.0,0.0
2023,1,26,14,9.1501,24.041311852697127,24.041311852697127,14.578954045044593,0.0,31.606099650978564,0.0,0.0
2023,1,26,15,9.1501,11.701127134439465,11.701127134439465,2.2387693267869313,0.0,33.70078512228056,0.0,0.0
2023,1,26,16,9.1501,4.7102505739915586,4.7102505739915586,0.0,4.7521072336609755,28.875751266279153,0.0,0.0
2023,1,26,17,9.1501,2.3219666387788016,2.3219666387788016,0.0,7.140391168873733,21.62578247540925,0.0,0.0
2023,1,26,18,9.1501,0.0,-0.0,0.0,9.462357807652534,12.01821376228709,0.0,0.0
2023,1,26,19,9.1501,0.0,-0.0,0.0,9.462357807652534,2.4106450491649305,0.0,0.0
2023,1,26,20,9.1501,0.0,-0.0,0.0,2.374210029982919,0.0,0.0,6.854238901006518
2023,1,26,21,9.1501,0.0,-0.0,0.0,-0.0,0.0,0.0,9.1501
2023,1,26,22,9.1501,0.0,-0.0,0.0,-0.0,0.0,0.0,9.1501
2023,1,26,23,9.1501,0.0,-0.0,0.0,-0.0,0.0,0.0,9.1501
2023,1,27,0,9.1501,0.0,-0.0,0.0,-0.0,0.0,0.0,9.1501
2023,1,27,1,9.1501,0.0,-0.0,0.0,-0.0,0.0,0.0,9.1501
2023,1,27,2,9.1501,0.0,-0.0,0.0,0.0,-0.0,0.0,9.1501
2023,1,27,3,9.1501,0.0,-0.0,0.0,-0.0,0.0,0.0,9.1501
2023,1,27,4,9.1501,0.0,-0.0,0.0,-0.0,0.0,0.0,9.1501
2023,1,27,5,9.1501,0.0,-0.0,0.0,-0.0,0.0,0.0,9.1501
2023,1,27,6,9.1501,0.0,-0.0,0.0,-0.0,0.0,0.0,9.1501
2023,1,27,7,9.1501,0.0,-0.0,0.0,-0.0,0.0,0.0,9.1501
2023,1,27,8,9.1501,0.0,-0.0,0.0,-0.0,0.0,0.0,9.1501
2023,1,27,9,9.1501,0.7398254238542249,0.7398254238542249,0.0,-0.0,0.0,0.0,8.434688815132965
2023,1,27,10,9.1501,7.741898410972791,7.741898410972791,0.0,-0.0,0.0,0.0,1.6636842365893116
2023,1,27,11,9.1501,27.377847000556578,27.377847000556578,17.915489192904044,0.0,16.762475023500045,0.0,0.0
2023,1,27,12,9.1501,22.53668436087719,22.53668436087719,13.074326553224655,0.0,28.995357415810922,0.0,0.0
2023,1,27,13,9.1501,34.262788139428146,34.262788139428146,24.800430331775612,0.0,52.19966903310677,0.0,0.0
2023,1,27,14,9.1501,38.51398521992227,38.51398521992227,29.051627412269735,0.0,79.38157702605638,0.0,0.0
2023,1,27,15,9.1501,25.123058921801793,25.123058921801793,15.660701114149258,0.0,94.03437876927653,0.0,0.0
2023,1,27,16,9.1501,12.949959340014114,12.949959340014114,3.4876015323615808,0.0,97.29752346762429,0.0,0.0
2023,1,27,17,9.1501,1.831907656039507,1.831907656039507,0.0,7.630450151613027,89.54997516794077,0.0,0.0
2023,1,27,18,9.1501,0.0,-0.0,0.0,9.462357807652534,79.94240645481861,0.0,0.0
2023,1,27,19,9.1501,0.0,-0.0,0.0,9.462357807652534,70.33483774169645,0.0,0.0
2023,1,27,20,9.1501,0.0,-0.0,0.0,9.462357807652534,60.727269028574284,0.0,0.0
2023,1,27,21,9.1501,0.0,-0.0,0.0,9.462357807652534,51.11970031545212,0.0,0.0
2023,1,27,22,9.1501,0.0,-0.0,0.0,9.462357807652534,41.51213160232996,0.0,0.0
2023,1,27,23,9.1501,0.0,-0.0,0.0,9.462357807652534,31.9045628892078,0.0,0.0
2023,1,28,0,9.1501,0.0,-0.0,0.0,9.462357807652534,22.29699417608564,0.0,0.0
2023,1,28,1,9.1501,0.0,-0.0,0.0,9.462357807652534,12.68942546296348,0.0,0.0
2023,1,28,2,9.1501,0.0,-0.0,0.0,9.462357807652534,3.0818567498413216,0.0,0.0
2023,1,28,3,9.1501,0.0,-0.0,0.0,3.035276889469262,0.0,0.0,6.214987247883224
2023,1,28,4,9.1501,0.0,-0.0,0.0,-0.0,0.0,0.0,9.1501
2023,1,28,5,9.1501,0.0,-0.0,0.0,-0.0,0.0,0.0,9.1501
2023,1,28,6,9.1501,0.0,-0.0,0.0,-0.0,0.0,0.0,9.1501
2023,1,28,7,9.1501,0.0,-0.0,0.0,-0.0,-0.0,0.0,9.1501
2023,1,28,8,9.1501,0.0,-0.0,0.0,0.0,-0.0,0.0,9.1501
2023,1,28,9,9.1501,1.669990101109828,1.669990101109828,0.0,0.0,-0.0,0.0,7.535219572226796
2023,1,28,10,9.1501,5.823864395928136,5.823864395928136,0.0,0.0,0.0,0.0,3.518423129137493
2023,1,28,11,9.1501,29.374256002295915,29.374256002295915,19.91189819464338,0.0,18.630398118873906,0.0,0.0
2023,1,28,12,9.1501,15.165990557216585,15.165990557216585,5.703632749564051,0.0,23.966953569765653,0.0,0.0
2023,1,28,13,9.1501,6.934033163504499,6.934033163504499,0.0,2.528324644148035,21.399828838117124,0.0,0.0
2023,1,28,14,9.1501,5.530173511720571,5.530173511720571,0.0,3.932184295931963,17.407300592643963,0.0,0.0
2023,1,28,15,9.1501,4.916953835603923,4.916953835603923,0.0,4.545403972048611,12.792142100641286,0.0,0.0
2023,1,28,16,9.1501,2.74484706149408,2.74484706149408,0.0,6.717510746158453,5.971543325285424,0.0,0.0
2023,1,28,17,9.1501,3.9626737778268697,3.9626737778268697,0.0,5.499684029825664,0.3874602361553295,0.0,0.0
2023,1,28,18,9.1501,0.0,-0.0,0.0,0.3816040769744178,0.0,0.0,8.781088857565738
2023,1,28,19,9.1501,0.0,-0.0,0.0,-0.0,0.0,0.0,9.1501
2023,1,28,20,9.1501,0.0,-0.0,0.0,-0.0,0.0,0.0,9.1501
2023,1,28,21,9.1501,0.0,-0.0,0.0,-0.0,0.0,0.0,9.1501
2023,1,28,22,9.1501,0.0,-0.0,0.0,-0.0,0.0,0.0,9.1501
2023,1,28,23,9.1501,0.0,-0.0,0.0,-0.0,0.0,0.0,9.1501
2023,1,29,0,9.1501,0.0,-0.0,0.0,-0.0,0.0,0.0,9.1501
2023,1,29,1,9.1501,0.0,-0.0,0.0,-0.0,0.0,0.0,9.1501
2023,1,29,2,9.1501,0.0,-0.0,0.0,-0.0,0.0,0.0,9.1501
2023,1,29,3,9.1501,0.0,-0.0,0.0,-0.0,0.0,0.0,9.1501
2023,1,29,4,9.1501,0.0,-0.0,0.0,-0.0,0.0,0.0,9.1501
2023,1,29,5,9.1501,0.0,-0.0,0.0,-0.0,0.0,0.0,9.1501
2023,1,29,6,9.1501,0.0,-0.0,0.0,-0.0,0.0,0.0,9.1501
2023,1,29,7,9.1501,0.0,-0.0,0.0,-0.0,0.0,0.0,9.1501
2023,1,29,8,9.1501,0.0163640082109782,0.0163640082109782,0.0,-0.0,0.0,0.0,9.134276004059984
2023,1,29,9,9.1501,15.789545396413859,15.789545396413859,6.3271875887613245,0.0,5.919979230464948,0.0,0.0
2023,1,29,10,9.1501,23.256700722160225,23.256700722160225,13.794342914507691,0.0,18.826538804713937,0.0,0.0
2023,1,29,11,9.1501,38.16689599313152,38.16689599313152,28.704538185478985,0.0,45.68369571593978,0.0,0.0
2023,1,29,12,9.1501,28.072886717728117,28.072886717728117,18.610528910075583,0.0,63.096478736837014,0.0,0.0
2023,1,29,13,9.1501,37.18677802765293,37.18677802765293,27.724420220000393,0.0,89.03659661331935,0.0,0.0
2023,1,29,14,9.1501,15.547530327609394,15.547530327609394,6.08517251995686,0.0,94.73013650392232,0.0,0.0
2023,1,29,15,9.1501,14.312478339475563,14.312478339475563,4.850120531823029,0.0,99.26811051067452,0.0,0.0
2023,1,29,16,9.1501,6.394020892542218,6.394020892542218,0.0,3.0683369151103155,96.15268639057933,0.0,0.0
2023,1,29,17,9.1501,5.555150155832073,5.555150155832073,0.0,3.9072076518204613,92.18551808492269,0.0,0.0
2023,1,29,18,9.1501,0.0,-0.0,0.0,9.462357807652534,82.57794937180053,0.0,0.0
2023,1,29,19,9.1501,0.0,-0.0,0.0,9.462357807652534,72.97038065867837,0.0,0.0
2023,1,29,20,9.1501,0.0,-0.0,0.0,9.462357807652534,63.3628119455562,0.0,0.0
2023,1,29,21,9.1501,0.0,-0.0,0.0,9.462357807652534,53.75524323243404,0.0,0.0
2023,1,29,22,9.1501,0.0,-0.0,0.0,9.462357807652534,44.14767451931188,0.0,0.0
2023,1,29,23,9.1501,0.0,-0.0,0.0,9.462357807652534,34.540105806189715,0.0,0.0
2023,1,30,0,9.1501,0.0,-0.0,0.0,9.462357807652534,24.932537093067555,0.0,0.0
2023,1,30,1,9.1501,0.0,-0.0,0.0,9.462357807652534,15.324968379945396,0.0,0.0
2023,1,30,2,9.1501,0.0,-0.0,0.0,5.630985631457853,9.60756871312216,0.0,3.7049368943802565
2023,1,30,3,9.1501,0.0,-0.0,0.0,9.462357807652534,0.0,0.0,0.0
2023,1,30,4,9.1501,0.0,-0.0,0.0,-0.0,0.0,0.0,9.1501
2023,1,30,5,9.1501,0.0,-0.0,0.0,-0.0,0.0,0.0,9.1501
2023,1,30,6,9.1501,0.0,-0.0,0.0,-0.0,0.0,0.0,9.1501
2023,1,30,7,9.1501,0.0,-0.0,0.0,-0.0,0.0,0.0,9.1501
2023,1,30,8,9.1501,0.0,-0.0,0.0,-0.0,0.0,0.0,9.1501
2023,1,30,9,9.1501,23.029327134386627,9.462357807652534,0.0,0.0,0.0,13.566969326734093,0.0
2023,1,30,10,9.1501,44.068274112164296,9.462357807652534,0.0,0.0,0.0,34.605916304511766,0.0
2023,1,30,11,9.1501,50.49243923035831,9.462357807652534,0.0,0.0,0.0,41.03008142270578,0.0
2023,1,30,12,9.1501,62.399408362820076,9.462357807652534,0.0,0.0,0.0,52.937050555167545,0.0
2023,1,30,13,9.1501,66.13212476210322,49.735581478979036,40.273223671326505,0.0,37.68129905008824,16.39654328312418,0.0
2023,1,30,14,9.1501,65.69115780399686,65.69115780399686,56.22879999634432,0.0,90.29129732540295,0.0,0.0
2023,1,30,15,9.1501,53.682559567909,53.682559567909,44.22020176025647,0.0,131.66555284023542,0.0,0.0
2023,1,30,16,9.1501,23.27650978473141,23.27650978473141,13.814151977078875,0.0,144.5906465953272,0.0,0.0
2023,1,30,17,9.1501,8.197506850110026,8.197506850110026,0.0,1.2648509575425084,143.30638502612084,0.0,0.0
2023,1,30,18,9.1501,0.0,-0.0,0.0,9.462357807652534,133.69881631299867,0.0,0.0
2023,1,30,19,9.1501,0.0,-0.0,0.0,9.462357807652534,124.09124759987651,0.0,0.0
2023,1,30,20,9.1501,0.0,-0.0,0.0,9.462357807652534,114.48367888675435,0.0,0.0
2023,1,30,21,9.1501,0.0,-0.0,0.0,9.462357807652534,104.87611017363218,0.0,0.0
2023,1,30,22,9.1501,0.0,-0.0,0.0,9.462357807652534,95.26854146051002,0.0,0.0
2023,1,30,23,9.1501,0.0,-0.0,0.0,9.462357807652534,85.66097274738786,0.0,0.0
2023,1,31,0,9.1501,0.0,-0.0,0.0,9.462357807652534,76.0534040342657,0.0,0.0
2023,1,31,1,9.1501,0.0,-0.0,0.0,9.462357807652534,66.44583532114353,0.0,0.0
2023,1,31,2,9.1501,0.0,-0.0,0.0,9.462357807652534,56.83826660802137,0.0,0.0
2023,1,31,3,9.1501,0.0,-0.0,0.0,9.462357807652534,47.23069789489921,0.0,0.0
2023,1,31,4,9.1501,0.0,-0.0,0.0,9.462357807652534,37.623129181777045,0.0,0.0
2023,1,31,5,9.1501,0.0,-0.0,0.0,9.462357807652534,28.015560468654886,0.0,0.0
2023,1,31,6,9.1501,0.0,-0.0,0.0,9.462357807652534,18.407991755532727,0.0,0.0
2023,1,31,7,9.1501,0.0,-0.0,0.0,9.462357807652534,8.800423042410568,0.0,0.0
2023,1,31,8,9.1501,0.0,-0.0,0.0,8.667411514035164,0.0,0.0,0.7687130659279966
2023,1,31,9,9.1501,17.539633011398475,9.462357807652534,0.0,0.0,0.0,8.077275203745941,0.0
2023,1,31,10,9.1501,27.377847000556578,9.462357807652534,0.0,0.0,0.0,17.915489192904044,0.0
2023,1,31,11,9.1501,37.54161862675414,9.462357807652534,0.0,0.0,0.0,28.07926081910161,0.0
2023,1,31,12,9.1501,49.01192711905981,32.27053314367192,22.808175336019385,0.0,21.34027518227436,16.741393975387894,0.0
2023,1,31,13,9.1501,59.60891433105327,59.60891433105327,50.14655652340073,0.0,68.2594741049013,0.0,0.0
2023,1,31,14,9.1501,53.515474431439024,53.515474431439024,44.05311662378649,0.0,109.47739783349456,0.0,0.0
2023,1,31,15,9.1501,40.535370865773096,40.535370865773096,31.073013058120562,0.0,138.55059810635893,0.0,0.0
2023,1,31,16,9.1501,15.917873671331522,15.917873671331522,6.455515863678988,0.0,144.5906465953272,0.0,0.0
2023,1,31,17,9.1501,4.587951144204256,4.587951144204256,0.0,4.874406663448278,139.64143648229324,0.0,0.0
2023,1,31,18,9.1501,0.0,-0.0,0.0,9.462357807652534,130.03386776917108,0.0,0.0
2023,1,31,19,9.1501,0.0,-0.0,0.0,9.462357807652534,120.42629905604892,0.0,0.0
2023,1,31,20,9.1501,0.0,-0.0,0.0,9.462357807652534,110.81873034292676,0.0,0.0
2023,1,31,21,9.1501,0.0,-0.0,0.0,9.462357807652534,101.2111616298046,0.0,0.0
2023,1,31,22,9.1501,0.0,-0.0,0.0,9.462357807652534,91.60359291668243,0.0,0.0
2023,1,31,23,9.1501,0.0,-0.0,0.0,9.462357807652534,81.99602420356027,0.0,0.0
2023,2,1,0,9.1501,0.0,-0.0,0.0,9.462357807652534,72.3884554904381,0.0,0.0
2023,2,1,1,9.1501,0.0,-0.0,0.0,9.462357807652534,62.78088677731594,0.0,0.0
2023,2,1,2,9.1501,0.0,-0.0,0.0,9.462357807652534,53.17331806419378,0.0,0.0
2023,2,1,3,9.1501,0.0,-0.0,0.0,9.462357807652534,43.56574935107162,0.0,0.0
2023,2,1,4,9.1501,0.0,-0.0,0.0,9.462357807652534,33.958180637949454,0.0,0.0
2023,2,1,5,9.1501,0.0,-0.0,0.0,9.462357807652534,24.350611924827295,0.0,0.0
2023,2,1,6,9.1501,0.0,-0.0,0.0,9.462357807652534,14.743043211705135,0.0,0.0
2023,2,1,7,9.1501,0.0,-0.0,0.0,9.462357807652534,5.135474498582976,0.0,0.0
2023,2,1,8,9.1501,0.0,-0.0,0.0,5.057855808129394,0.0,0.0,4.259153433538876
2023,2,1,9,9.1501,10.85795007977906,9.462357807652534,0.0,0.0,0.0,1.3955922721265264,0.0
2023,2,1,10,9.1501,37.14974369328072,9.462357807652534,0.0,0.0,0.0,27.687385885628185,0.0
2023,2,1,11,9.1501,48.948193613396,9.462357807652534,0.0,0.0,0.0,39.48583580574346,0.0
2023,2,1,12,9.1501,54.23979711067231,23.64157760047232,14.179219792819787,0.0,13.266666350590015,30.598219510199993,0.0
2023,2,1,13,9.1501,48.33411267368929,48.33411267368929,38.87175486603676,0.0,49.636693037867836,0.0,0.0
2023,2,1,14,9.1501,52.60425755316455,52.60425755316455,43.14189974551201,0.0,90.00204444769251,0.0,0.0
2023,2,1,15,9.1501,41.87980332984346,41.87980332984346,32.417445522190924,0.0,120.33315151601789,0.0,0.0
2023,2,1,16,9.1501,28.790319288241005,28.790319288241005,19.32796148058847,0.0,138.41719421700418,0.0,0.0
2023,2,1,17,9.1501,15.523414947087952,15.523414947087952,6.061057139435418,0.0,144.08817075701592,0.0,0.0
2023,2,1,18,9.1501,0.0,0.0,0.0,9.462357807652534,134.48060204389375,0.0,0.0
2023,2,1,19,9.1501,0.0,0.0,0.0,9.462357807652534,124.87303333077159,0.0,0.0
2023,2,1,20,9.1501,0.0,0.0,0.0,9.462357807652534,115.26546461764943,0.0,0.0
2023,2,1,21,9.1501,0.0,0.0,0.0,9.462357807652534,105.65789590452727,0.0,0.0
2023,2,1,22,9.1501,0.0,0.0,0.0,9.462357807652534,96.0503271914051,0.0,0.0
2023,2,1,23,9.1501,0.0,0.0,0.0,9.462357807652534,86.44275847828294,0.0,0.0
2023,2,2,0,9.1501,0.0,0.0,0.0,9.462357807652534,76.83518976516078,0.0,0.0
2023,2,2,1,9.1501,0.0,0.0,0.0,9.462357807652534,67.22762105203861,0.0,0.0
2023,2,2,2,9.1501,0.0,0.0,0.0,9.462357807652534,57.62005233891645,0.0,0.0
2023,2,2,3,9.1501,0.0,0.0,0.0,9.462357807652534,48.01248362579429,0.0,0.0
2023,2,2,4,9.1501,0.0,0.0,0.0,9.462357807652534,38.404914912672126,0.0,0.0
2023,2,2,5,9.1501,0.0,0.0,0.0,9.462357807652534,28.797346199549967,0.0,0.0
2023,2,2,6,9.1501,0.0,0.0,0.0,9.462357807652534,19.189777486427808,0.0,0.0
2023,2,2,7,9.1501,0.0,0.0,0.0,9.462357807652534,9.582208773305647,0.0,0.0
2023,2,2,8,9.1501,0.02497664411149304,0.02497664411149304,0.0,9.43738116354104,0.0,0.0,0.0
2023,2,2,9,9.1501,22.09227234841062,9.462357807652534,0.0,0.0,0.0,12.629914540758087,0.0
2023,2,2,10,9.1501,39.86186273835283,9.462357807652534,0.0,0.0,0.0,30.3995049307003,0.0
2023,2,2,11,9.1501,58.985359491855995,9.462357807652534,0.0,0.0,0.0,49.523001684203464,0.0
2023,2,2,12,9.1501,70.44533282108104,9.462357807652534,0.0,0.0,0.0,60.9829750134285,0.0
2023,2,2,13,9.1501,78.10885624535915,9.462357807652534,0.0,0.0,0.0,68.64649843770661,0.0
2023,2,2,14,9.1501,73.57171965296793,66.23264241087718,56.77028460322463,0.0,53.116633740342145,7.339077242090752,0.0
2023,2,2,15,9.1501,61.949828768813205,61.949828768813205,52.48747096116067,0.0,102.22608933821765,0.0,0.0
2023,2,2,16,9.1501,43.775444491546786,43.775444491546786,34.313086683894255,0.0,134.33083692980355,0.0,0.0
2023,2,2,17,9.1501,19.78150213630249,19.78150213630249,10.319144328649955,0.0,143.98585651706654,0.0,0.0
2023,2,2,18,9.1501,0.0,0.0,0.0,9.462357807652534,134.37828780394437,0.0,0.0
2023,2,2,19,9.1501,0.0,0.0,0.0,9.462357807652534,124.77071909082221,0.0,0.0
2023,2,2,20,9.1501,0.0,0.0,0.0,9.462357807652534,115.16315037770005,0.0,0.0
2023,2,2,21,9.1501,0.0,0.0,0.0,9.462357807652534,105.55558166457789,0.0,0.0
2023,2,2,22,9.1501,0.0,0.0,0.0,9.462357807652534,95.94801295145572,0.0,0.0
2023,2,2,23,9.1501,0.0,0.0,0.0,9.462357807652534,86.34044423833356,0.0,0.0
2023,2,3,0,9.1501,0.0,0.0,0.0,9.462357807652534,76.7328755252114,0.0,0.0
2023,2,3,1,9.1501,0.0,0.0,0.0,9.462357807652534,67.12530681208924,0.0,0.0
2023,2,3,2,9.1501,0.0,0.0,0.0,9.462357807652534,57.51773809896707,0.0,0.0
2023,2,3,3,9.1501,0.0,0.0,0.0,9.462357807652534,47.91016938584491,0.0,0.0
2023,2,3,4,9.1501,0.0,0.0,0.0,9.462357807652534,38.302600672722754,0.0,0.0
2023,2,3,5,9.1501,0.0,0.0,0.0,9.462357807652534,28.695031959600595,0.0,0.0
2023,2,3,6,9.1501,0.0,0.0,0.0,9.462357807652534,19.087463246478436,0.0,0.0
2023,2,3,7,9.1501,0.0,0.0,0.0,9.462357807652534,9.479894533356275,0.0,0.0
2023,2,3,8,9.1501,0.12574448414751668,0.12574448414751668,0.0,9.336613323505018,0.0,0.0,0.0
2023,2,3,9,9.1501,32.65222522603187,9.462357807652534,0.0,0.0,0.0,23.189867418379333,0.0
2023,2,3,10,9.1501,54.28372155376494,9.462357807652534,0.0,0.0,0.0,44.82136374611241,0.0
2023,2,3,11,9.1501,68.41016695778939,9.462357807652534,0.0,0.0,0.0,58.94780915013685,0.0
2023,2,3,12,9.1501,74.61384859693023,9.462357807652534,0.0,0.0,0.0,65.15149078927769,0.0
2023,2,3,13,9.1501,77.73937416522706,9.462357807652534,0.0,0.0,0.0,68.27701635757452,0.0
2023,2,3,14,9.1501,72.43054539614972,66.12424750461587,56.66188969696333,0.0,53.01521496861252,6.306297891533859,0.0
2023,2,3,15,9.1501,61.29010085883377,61.29010085883377,51.82774305118123,0.0,101.50740176102798,0.0,0.0
2023,2,3,16,9.1501,43.98042522597903,43.98042522597903,34.518067418326495,0.0,133.80393783263932,0.0,0.0
2023,2,3,17,9.1501,20.29137018161297,20.29137018161297,10.829012373960435,0.0,143.93601111811685,0.0,0.0
2023,2,3,18,9.1501,0.0,0.0,0.0,9.462357807652534,134.3284424049947,0.0,0.0
2023,2,3,19,9.1501,0.0,0.0,0.0,9.462357807652534,124.72087369187253,0.0,0.0
2023,2,3,20,9.1501,0.0,0.0,0.0,9.462357807652534,115.11330497875036,0.0,0.0
2023,2,3,21,9.1501,0.0,0.0,0.0,9.462357807652534,105.5057362656282,0.0,0.0
2023,2,3,22,9.1501,0.0,0.0,0.0,9.462357807652534,95.89816755250604,0.0,0.0
2023,2,3,23,9.1501,0.0,0.0,0.0,9.462357807652534,86.29059883938388,0.0,0.0
2023,2,4,0,9.1501,0.0,0.0,0.0,9.462357807652534,76.68303012626171,0.0,0.0
2023,2,4,1,9.1501,0.0,0.0,0.0,9.462357807652534,67.07546141313955,0.0,0.0
2023,2,4,2,9.1501,0.0,0.0,0.0,9.462357807652534,57.46789270001739,0.0,0.0
2023,2,4,3,9.1501,0.0,0.0,0.0,9.462357807652534,47.860323986895224,0.0,0.0
2023,2,4,4,9.1501,0.0,0.0,0.0,9.462357807652534,38.25275527377306,0.0,0.0
2023,2,4,5,9.1501,0.0,0.0,0.0,9.462357807652534,28.645186560650906,0.0,0.0
2023,2,4,6,9.1501,0.0,0.0,0.0,9.462357807652534,19.037617847528747,0.0,0.0
2023,2,4,7,9.1501,0.0,0.0,0.0,9.462357807652534,9.430049134406588,0.0,0.0
2023,2,4,8,9.1501,0.17483650878044266,0.17483650878044266,0.0,9.287521298872091,0.0,0.0,0.0
2023,2,4,9,9.1501,25.248803405949307,9.462357807652534,0.0,0.0,0.0,15.786445598296773,0.0
2023,2,4,10,9.1501,39.526831201822816,9.462357807652534,0.0,0.0,0.0,30.06447339417028,0.0
2023,2,4,11,9.1501,55.871891613819884,9.462357807652534,0.0,0.0,0.0,46.409533806167346,0.0
2023,2,4,12,9.1501,70.55901961496784,9.462357807652534,0.0,0.0,0.0,61.0966618073153,0.0
2023,2,4,13,9.1501,66.08992284619069,49.88683812199544,40.4244803143429,0.0,37.82282104110956,16.20308472419525,0.0
2023,2,4,14,9.1501,63.69819385661772,63.69819385661772,54.23583604896519,0.0,88.56811955684915,0.0,0.0
2023,2,4,15,9.1501,50.12726346817648,50.12726346817648,40.66490566052395,0.0,126.61589252737477,0.0,0.0
2023,2,4,16,9.1501,27.74819034427872,27.74819034427872,18.285832536626184,0.0,143.72487614924012,0.0,0.0
2023,2,4,17,9.1501,9.80204091837594,9.80204091837594,0.33968311072340646,0.0,144.04269776148286,0.0,0.0
2023,2,4,18,9.1501,0.0,0.0,0.0,9.462357807652534,134.4351290483607,0.0,0.0
2023,2,4,19,9.1501,0.0,0.0,0.0,9.462357807652534,124.82756033523853,0.0,0.0
2023,2,4,20,9.1501,0.0,0.0,0.0,9.462357807652534,115.21999162211637,0.0,0.0
2023,2,4,21,9.1501,0.0,0.0,0.0,9.462357807652534,105.6124229089942,0.0,0.0
2023,2,4,22,9.1501,0.0,0.0,0.0,9.462357807652534,96.00485419587204,0.0,0.0
2023,2,4,23,9.1501,0.0,0.0,0.0,9.462357807652534,86.39728548274988,0.0,0.0
2023,2,5,0,9.1501,0.0,0.0,0.0,9.462357807652534,76.78971676962772,0.0,0.0
2023,2,5,1,9.1501,0.0,0.0,0.0,9.462357807652534,67.18214805650555,0.0,0.0
2023,2,5,2,9.1501,0.0,0.0,0.0,9.462357807652534,57.57457934338339,0.0,0.0
2023,2,5,3,9.1501,0.0,0.0,0.0,9.462357807652534,47.96701063026123,0.0,0.0
2023,2,5,4,9.1501,0.0,0.0,0.0,9.462357807652534,38.359441917139065,0.0,0.0
2023,2,5,5,9.1501,0.0,0.0,0.0,9.462357807652534,28.75187320401691,0.0,0.0
2023,2,5,6,9.1501,0.0,0.0,0.0,9.462357807652534,19.14430449089475,0.0,0.0
2023,2,5,7,9.1501,0.0,0.0,0.0,9.462357807652534,9.536735777772591,0.0,0.0
2023,2,5,8,9.1501,0.06976235079417022,0.06976235079417022,0.0,9.392595456858363,0.0,0.0,0.0
2023,2,5,9,9.1501,24.724293879607956,9.462357807652534,0.0,0.0,0.0,15.261936071955422,0.0
2023,2,5,10,9.1501,38.98337387650032,9.462357807652534,0.0,0.0,0.0,29.52101606884779,0.0
2023,2,5,11,9.1501,47.53055374417126,31.664719583622592,22.202361775970058,0.0,20.77345087957842,15.865834160548665,0.0
2023,2,5,12,9.1501,61.00416134693668,61.00416134693668,51.54180353928414,0.0,68.99810080069788,0.0,0.0
2023,2,5,13,9.1501,44.18023837887099,44.18023837887099,34.71788057121845,0.0,101.48159034863656,0.0,0.0
2023,2,5,14,9.1501,34.7907427201297,34.7907427201297,25.328384912477166,0.0,125.17987817709037,0.0,0.0
2023,2,5,15,9.1501,19.08560115554089,19.08560115554089,9.623243347888355,0.0,134.18378393300648,0.0,0.0
2023,2,5,16,9.1501,20.585061065820522,20.585061065820522,11.122703258167988,0.0,144.5906465953272,0.0,0.0
2023,2,5,17,9.1501,8.615219691284995,8.615219691284995,0.0,0.8471381163675388,143.7305081575349,0.0,0.0
2023,2,5,18,9.1501,0.0,-0.0,0.0,9.462357807652534,134.12293944441274,0.0,0.0
2023,2,5,19,9.1501,0.0,-0.0,0.0,9.462357807652534,124.51537073129057,0.0,0.0
2023,2,5,20,9.1501,0.0,-0.0,0.0,9.462357807652534,114.90780201816841,0.0,0.0
2023,2,5,21,9.1501,0.0,-0.0,0.0,9.462357807652534,105.30023330504625,0.0,0.0
2023,2,5,22,9.1501,0.0,-0.0,0.0,9.462357807652534,95.69266459192409,0.0,0.0
2023,2,5,23,9.1501,0.0,-0.0,0.0,9.462357807652534,86.08509587880192,0.0,0.0
2023,2,6,0,9.1501,0.0,-0.0,0.0,9.462357807652534,76.47752716567976,0.0,0.0
2023,2,6,1,9.1501,0.0,-0.0,0.0,9.462357807652534,66.8699584525576,0.0,0.0
2023,2,6,2,9.1501,0.0,-0.0,0.0,9.462357807652534,57.262389739435434,0.0,0.0
2023,2,6,3,9.1501,0.0,-0.0,0.0,9.462357807652534,47.65482102631327,0.0,0.0
2023,2,6,4,9.1501,0.0,-0.0,0.0,9.462357807652534,38.04725231319111,0.0,0.0
2023,2,6,5,9.1501,0.0,-0.0,0.0,9.462357807652534,28.43968360006895,0.0,0.0
2023,2,6,6,9.1501,0.0,-0.0,0.0,9.462357807652534,18.83211488694679,0.0,0.0
2023,2,6,7,9.1501,0.0,-0.0,0.0,9.462357807652534,9.224546173824631,0.0,0.0
2023,2,6,8,9.1501,0.1627788185197305,0.1627788185197305,0.0,9.085124355210134,0.0,0.0,0.20737763100322124
2023,2,6,9,9.1501,27.810201322762417,9.462357807652534,0.0,0.0,0.0,18.347843515109883,0.0
2023,2,6,10,9.1501,47.883671816092374,9.462357807652534,0.0,0.0,0.0,38.421314008439836,0.0
2023,2,6,11,9.1501,59.84576181831743,9.462357807652534,0.0,0.0,0.0,50.38340401066489,0.0
2023,2,6,12,9.1501,69.0328605333966,9.462357807652534,0.0,0.0,-0.0,59.57050272574406,0.0
2023,2,6,13,9.1501,66.26303682779104,21.347988294639,11.885630486986464,0.0,11.120689032347116,44.915048533152046,0.0
2023,2,6,14,9.1501,66.61270984535193,66.61270984535193,57.1503520376994,0.0,64.59292963382663,0.0,0.0
2023,2,6,15,9.1501,56.609994510494,56.609994510494,47.14763670284147,0.0,108.70621474364434,0.0,0.0
2023,2,6,16,9.1501,39.31496035867015,39.31496035867015,29.852602551017615,0.0,136.6375483098026,0.0,0.0
2023,2,6,17,9.1501,17.962513434113752,17.962513434113752,8.500155626461218,0.0,144.5906465953272,0.0,0.0
2023,2,6,18,9.1501,0.0,-0.0,0.0,9.462357807652534,134.98307788220504,0.0,0.0
2023,2,6,19,9.1501,0.0,-0.0,0.0,9.462357807652534,125.37550916908287,0.0,0.0
2023,2,6,20,9.1501,0.0,-0.0,0.0,9.462357807652534,115.76794045596071,0.0,0.0
2023,2,6,21,9.1501,0.0,-0.0,0.0,9.462357807652534,106.16037174283855,0.0,0.0
2023,2,6,22,9.1501,0.0,-0.0,0.0,9.462357807652534,96.55280302971639,0.0,0.0
2023,2,6,23,9.1501,0.0,-0.0,0.0,9.462357807652534,86.94523431659422,0.0,0.0
2023,2,7,0,9.1501,0.0,-0.0,0.0,9.462357807652534,77.33766560347206,0.0,0.0
2023,2,7,1,9.1501,0.0,-0.0,0.0,9.462357807652534,67.7300968903499,0.0,0.0
2023,2,7,2,9.1501,0.0,-0.0,0.0,9.462357807652534,58.122528177227736,0.0,0.0
2023,2,7,3,9.1501,0.0,-0.0,0.0,9.462357807652534,48.51495946410557,0.0,0.0
2023,2,7,4,9.1501,0.0,-0.0,0.0,9.462357807652534,38.90739075098341,0.0,0.0
2023,2,7,5,9.1501,0.0,-0.0,0.0,9.462357807652534,29.29982203786125,0.0,0.0
2023,2,7,6,9.1501,0.0,-0.0,0.0,9.462357807652534,19.69225332473909,0.0,0.0
2023,2,7,7,9.1501,0.0,-0.0,0.0,9.462357807652534,10.084684611616932,0.0,0.0
2023,2,7,8,9.1501,0.2222060062332829,0.2222060062332829,0.0,9.24015180141925,0.7027319147934125,0.0,0.0
2023,2,7,9,9.1501,15.82571846719602,15.82571846719602,6.363360659543487,0.0,6.656556171145203,0.0,0.0
2023,2,7,10,9.1501,35.391043442395585,35.391043442395585,25.928685634743054,0.0,30.916510262530686,0.0,0.0
2023,2,7,11,9.1501,35.231709678236065,35.231709678236065,25.76935187058353,0.0,55.027385073224124,0.0,0.0
2023,2,7,12,9.1501,37.55195378983476,37.55195378983476,28.089595982182228,0.0,81.30917654437364,0.0,0.0
2023,2,7,13,9.1501,25.843075283084833,25.843075283084833,16.3807174754323,0.0,96.63565546953191,0.0,0.0
2023,2,7,14,9.1501,23.801880574662817,23.801880574662817,14.339522767010283,0.0,110.05230793393261,0.0,0.0
2023,2,7,15,9.1501,26.633715258752098,26.633715258752098,17.171357451099563,0.0,126.11854242490331,0.0,0.0
2023,2,7,16,9.1501,13.340111746307437,13.340111746307437,3.8777539386549034,0.0,129.74672990245918,0.0,0.0
2023,2,7,17,9.1501,10.205112278520035,10.205112278520035,0.7427544708675012,0.0,130.44168180315526,0.0,0.0
2023,2,7,18,9.1501,0.0,-0.0,0.0,9.462357807652534,120.8341130900331,0.0,0.0
2023,2,7,19,9.1501,0.0,-0.0,0.0,9.462357807652534,111.22654437691094,0.0,0.0
2023,2,7,20,9.1501,0.0,-0.0,0.0,9.462357807652534,101.61897566378877,0.0,0.0
2023,2,7,21,9.1501,0.0,-0.0,0.0,9.462357807652534,92.01140695066661,0.0,0.0
2023,2,7,22,9.1501,0.0,-0.0,0.0,9.462357807652534,82.40383823754445,0.0,0.0
2023,2,7,23,9.1501,0.0,-0.0,0.0,9.462357807652534,72.79626952442229,0.0,0.0
2023,2,8,0,9.1501,0.0,-0.0,0.0,9.462357807652534,63.18870081130012,0.0,0.0
2023,2,8,1,9.1501,0.0,-0.0,0.0,9.462357807652534,53.58113209817796,0.0,0.0
2023,2,8,2,9.1501,0.0,-0.0,0.0,9.462357807652534,43.9735633850558,0.0,0.0
2023,2,8,3,9.1501,0.0,-0.0,0.0,9.462357807652534,34.365994671933635,0.0,0.0
2023,2,8,4,9.1501,0.0,-0.0,0.0,9.462357807652534,24.758425958811475,0.0,0.0
2023,2,8,5,9.1501,0.0,-0.0,0.0,9.462357807652534,15.150857245689316,0.0,0.0
2023,2,8,6,9.1501,0.0,-0.0,0.0,9.462357807652534,5.543288532567157,0.0,0.0
2023,2,8,7,9.1501,0.0,-0.0,0.0,5.459506051158108,0.0,0.0,3.87075764853011
2023,2,8,8,9.1501,0.26268539496569404,0.26268539496569404,0.0,-0.0,0.0,0.0,8.896083223068175
2023,2,8,9,9.1501,33.5444943053252,9.462357807652534,0.0,0.0,0.0,24.082136497672668,0.0
2023,2,8,10,9.1501,55.270729627963945,9.462357807652534,0.0,0.0,0.0,45.80837182031141,0.0
2023,2,8,11,9.1501,70.28255400256131,9.462357807652534,0.0,0.0,0.0,60.820196194908775,0.0
2023,2,8,12,9.1501,77.42415169126822,9.462357807652534,0.0,0.0,0.0,67.96179388361568,0.0
2023,2,8,13,9.1501,78.60666660040891,9.462357807652534,0.0,0.0,0.0,69.14430879275638,0.0
2023,2,8,14,9.1501,74.47690768611204,49.046920386971856,39.584562579319325,0.0,37.03695915905145,25.429987299140187,0.0
2023,2,8,15,9.1501,63.955711670043115,63.955711670043115,54.493353862390585,0.0,88.02320202574738,0.0,0.0
2023,2,8,16,9.1501,46.114636402126614,46.114636402126614,36.652278594474076,0.0,122.31659462468247,0.0,0.0
2023,2,8,17,9.1501,22.490176127014404,22.490176127014404,13.02781831936187,0.0,134.50596198371025,0.0,0.0
2023,2,8,18,9.1501,0.0,0.0,0.0,9.462357807652534,124.8983932705881,0.0,0.0
2023,2,8,19,9.1501,0.0,0.0,0.0,9.462357807652534,115.29082455746594,0.0,0.0
2023,2,8,20,9.1501,0.0,0.0,0.0,9.462357807652534,105.68325584434378,0.0,0.0
2023,2,8,21,9.1501,0.0,0.0,0.0,9.462357807652534,96.07568713122161,0.0,0.0
2023,2,8,22,9.1501,0.0,0.0,0.0,9.462357807652534,86.46811841809945,0.0,0.0
2023,2,8,23,9.1501,0.0,0.0,0.0,9.462357807652534,76.86054970497729,0.0,0.0
2023,2,9,0,9.1501,0.0,0.0,0.0,9.462357807652534,67.25298099185513,0.0,0.0
2023,2,9,1,9.1501,0.0,0.0,0.0,9.462357807652534,57.64541227873296,0.0,0.0
2023,2,9,2,9.1501,0.0,0.0,0.0,9.462357807652534,48.0378435656108,0.0,0.0
2023,2,9,3,9.1501,0.0,0.0,0.0,9.462357807652534,38.43027485248864,0.0,0.0
2023,2,9,4,9.1501,0.0,0.0,0.0,9.462357807652534,28.822706139366478,0.0,0.0
2023,2,9,5,9.1501,0.0,0.0,0.0,9.462357807652534,19.21513742624432,0.0,0.0
2023,2,9,6,9.1501,0.0,0.0,0.0,9.462357807652534,9.60756871312216,0.0,0.0
2023,2,9,7,9.1501,0.0,0.0,0.0,9.462357807652534,0.0,0.0,0.0
2023,2,9,8,9.1501,9.94587193791454,9.462357807652534,0.0,0.0,0.0,0.4835141302620052,0.0
2023,2,9,9,9.1501,29.308799969452004,9.462357807652534,0.0,0.0,0.0,19.84644216179947,0.0
2023,2,9,10,9.1501,50.30123871336688,9.462357807652534,0.0,0.0,0.0,40.83888090571435,0.0
2023,2,9,11,9.1501,69.18961050678598,9.462357807652534,0.0,0.0,0.0,59.727252699133444,0.0
2023,2,9,12,9.1501,77.50941678668332,9.462357807652534,0.0,0.0,0.0,68.04705897903078,0.0
2023,2,9,13,9.1501,78.32158835210187,9.462357807652534,0.0,0.0,0.0,68.85923054444933,0.0
2023,2,9,14,9.1501,65.89872232919926,54.217085718050924,44.75472791039839,0.0,41.874380359020954,11.681636611148335,0.0
2023,2,9,15,9.1501,59.458193202794256,59.458193202794256,49.995835395141725,0.0,88.65255834045271,0.0,0.0
2023,2,9,16,9.1501,46.302391864757844,46.302391864757844,36.84003405710531,0.0,123.12162274041951,0.0,0.0
2023,2,9,17,9.1501,21.62977380055297,21.62977380055297,12.167415992900438,0.0,134.50596198371025,0.0,0.0
2023,2,9,18,9.1501,0.0,0.0,0.0,9.462357807652534,124.8983932705881,0.0,0.0
2023,2,9,19,9.1501,0.0,0.0,0.0,9.462357807652534,115.29082455746594,0.0,0.0
2023,2,9,20,9.1501,0.0,0.0,0.0,9.462357807652534,105.68325584434378,0.0,0.0
2023,2,9,21,9.1501,0.0,0.0,0.0,9.462357807652534,96.07568713122161,0.0,0.0
2023,2,9,22,9.1501,0.0,0.0,0.0,9.462357807652534,86.46811841809945,0.0,0.0
2023,2,9,23,9.1501,0.0,0.0,0.0,9.462357807652534,76.86054970497729,0.0,0.0
2023,2,10,0,9.1501,0.0,0.0,0.0,9.462357807652534,67.25298099185513,0.0,0.0
2023,2,10,1,9.1501,0.0,0.0,0.0,9.462357807652534,57.64541227873296,0.0,0.0
2023,2,10,2,9.1501,0.0,0.0,0.0,9.462357807652534,48.0378435656108,0.0,0.0
2023,2,10,3,9.1501,0.0,0.0,0.0,9.462357807652534,38.43027485248864,0.0,0.0
2023,2,10,4,9.1501,0.0,0.0,0.0,9.462357807652534,28.822706139366478,0.0,0.0
2023,2,10,5,9.1501,0.0,0.0,0.0,9.462357807652534,19.21513742624432,0.0,0.0
2023,2,10,6,9.1501,0.0,0.0,0.0,9.462357807652534,9.60756871312216,0.0,0.0
2023,2,10,7,9.1501,0.0,0.0,0.0,9.462357807652534,0.0,0.0,0.0
2023,2,10,8,9.1501,10.373919942170128,9.462357807652534,0.0,0.0,0.0,0.9115621345175935,0.0
2023,2,10,9,9.1501,34.48585540925148,9.462357807652534,0.0,0.0,0.0,25.023497601598944,0.0
2023,2,10,10,9.1501,56.55228984996055,9.462357807652534,0.0,0.0,0.0,47.08993204230802,0.0
2023,2,10,11,9.1501,69.64435768233317,9.462357807652534,0.0,0.0,0.0,60.18199987468063,0.0
2023,2,10,12,9.1501,76.90825480082738,9.462357807652534,0.0,0.0,0.0,67.44589699317484,0.0
2023,2,10,13,9.1501,79.32496043451185,9.462357807652534,0.0,0.0,0.0,69.86260262685931,0.0
2023,2,10,14,9.1501,75.07548588119784,47.334728369949495,37.87237056229696,0.0,35.43496126707419,27.74075751124834,0.0
2023,2,10,15,9.1501,64.32433248658515,64.32433248658515,54.86197467893261,0.0,86.76610106423604,0.0,0.0
2023,2,10,16,9.1501,46.86393572547141,46.86393572547141,37.40157791781888,0.0,121.7605691993986,0.0,0.0
2023,2,10,17,9.1501,23.08444800414993,23.08444800414993,13.622090196497396,0.0,134.50596198371025,0.0,0.0
2023,2,10,18,9.1501,0.0,0.0,0.0,9.462357807652534,124.8983932705881,0.0,0.0
2023,2,10,19,9.1501,0.0,0.0,0.0,9.462357807652534,115.29082455746594,0.0,0.0
2023,2,10,20,9.1501,0.0,0.0,0.0,9.462357807652534,105.68325584434378,0.0,0.0
2023,2,10,21,9.1501,0.0,0.0,0.0,9.462357807652534,96.07568713122161,0.0,0.0
2023,2,10,22,9.1501,0.0,0.0,0.0,9.462357807652534,86.46811841809945,0.0,0.0
2023,2,10,23,9.1501,0.0,0.0,0.0,9.462357807652534,76.86054970497729,0.0,0.0
2023,2,11,0,9.1501,0.0,0.0,0.0,9.462357807652534,67.25298099185513,0.0,0.0
2023,2,11,1,9.1501,0.0,0.0,0.0,9.462357807652534,57.64541227873296,0.0,0.0
2023,2,11,2,9.1501,0.0,0.0,0.0,9.462357807652534,48.0378435656108,0.0,0.0
2023,2,11,3,9.1501,0.0,0.0,0.0,9.462357807652534,38.43027485248864,0.0,0.0
2023,2,11,4,9.1501,0.0,0.0,0.0,9.462357807652534,28.822706139366478,0.0,0.0
2023,2,11,5,9.1501,0.0,0.0,0.0,9.462357807652534,19.21513742624432,0.0,0.0
2023,2,11,6,9.1501,0.0,0.0,0.0,9.462357807652534,9.60756871312216,0.0,0.0
2023,2,11,7,9.1501,0.0,0.0,0.0,9.462357807652534,0.0,0.0,0.0
2023,2,11,8,9.1501,10.952689074684724,9.462357807652534,0.0,0.0,0.0,1.4903312670321895,0.0
2023,2,11,9,9.1501,36.62265037616921,9.462357807652534,0.0,0.0,0.0,27.160292568516677,0.0
2023,2,11,10,9.1501,57.818347327336234,9.462357807652534,0.0,0.0,0.0,48.3559895196837,0.0
2023,2,11,11,9.1501,71.4332021588701,9.462357807652534,0.0,0.0,0.0,61.970844351217565,0.0
2023,2,11,12,9.1501,78.45680673573995,9.462357807652534,0.0,0.0,0.0,68.99444892808741,0.0
2023,2,11,13,9.1501,79.4412310191688,9.462357807652534,0.0,0.0,0.0,69.97887321151626,0.0
2023,2,11,14,9.1501,74.77834994263006,46.647440025088436,37.1850822174359,0.0,34.791905775224194,28.130909917541622,0.0
2023,2,11,15,9.1501,64.19858800243763,64.19858800243763,54.736230194785094,0.0,86.00539381573178,0.0,0.0
2023,2,11,16,9.1501,47.15762660967896,47.15762660967896,37.69526880202642,0.0,121.2746513277375,0.0,0.0
2023,2,11,17,9.1501,23.603789948950975,23.603789948950975,14.141432141298441,0.0,134.50596198371025,0.0,0.0
2023,2,11,18,9.1501,0.0,0.0,0.0,9.462357807652534,124.8983932705881,0.0,0.0
2023,2,11,19,9.1501,0.0,0.0,0.0,9.462357807652534,115.29082455746594,0.0,0.0
2023,2,11,20,9.1501,0.0,0.0,0.0,9.462357807652534,105.68325584434378,0.0,0.0
2023,2,11,21,9.1501,0.0,0.0,0.0,9.462357807652534,96.07568713122161,0.0,0.0
2023,2,11,22,9.1501,0.0,0.0,0.0,9.462357807652534,86.46811841809945,0.0,0.0
2023,2,11,23,9.1501,0.0,0.0,0.0,9.462357807652534,76.86054970497729,0.0,0.0
2023,2,12,0,9.1501,0.0,0.0,0.0,9.462357807652534,67.25298099185513,0.0,0.0
2023,2,12,1,9.1501,0.0,0.0,0.0,9.462357807652534,57.64541227873296,0.0,0.0
2023,2,12,2,9.1501,0.0,0.0,0.0,9.462357807652534,48.0378435656108,0.0,0.0
2023,2,12,3,9.1501,0.0,0.0,0.0,9.462357807652534,38.43027485248864,0.0,0.0
2023,2,12,4,9.1501,0.0,0.0,0.0,9.462357807652534,28.822706139366478,0.0,0.0
2023,2,12,5,9.1501,0.0,0.0,0.0,9.462357807652534,19.21513742624432,0.0,0.0
2023,2,12,6,9.1501,0.0,0.0,0.0,9.462357807652534,9.60756871312216,0.0,0.0
2023,2,12,7,9.1501,0.0,0.0,0.0,9.462357807652534,0.0,0.0,0.0
2023,2,12,8,9.1501,10.824360799767051,9.462357807652534,0.0,0.0,0.0,1.3620029921145171,0.0
2023,2,12,9,9.1501,36.16187435549167,9.462357807652534,0.0,0.0,0.0,26.699516547839135,0.0
2023,2,12,10,9.1501,57.29814411894514,9.462357807652534,0.0,0.0,0.0,47.83578631129261,0.0
2023,2,12,11,9.1501,70.31786580975343,9.462357807652534,0.0,0.0,0.0,60.85550800210089,0.0
2023,2,12,12,9.1501,76.64384687868157,9.462357807652534,0.0,0.0,0.0,67.18148907102903,0.0
2023,2,12,13,9.1501,77.14337976091144,9.462357807652534,0.0,0.0,0.0,67.6810219532589,0.0
2023,2,12,14,9.1501,72.52097807310511,49.27860029269569,39.81624248504316,0.0,37.25372849151717,23.24237778040942,0.0
2023,2,12,15,9.1501,62.561325917749755,62.561325917749755,53.098968110097225,0.0,86.93532619367026,0.0,0.0
2023,2,12,16,9.1501,46.38851822376299,46.38851822376299,36.92616041611046,0.0,121.48497398860574,0.0,0.0
2023,2,12,17,9.1501,23.37900015194753,23.37900015194753,13.916642344294996,0.0,134.50596198371025,0.0,0.0
2023,2,12,18,9.1501,0.0,0.0,0.0,9.462357807652534,124.8983932705881,0.0,0.0
2023,2,12,19,9.1501,0.0,0.0,0.0,9.462357807652534,115.29082455746594,0.0,0.0
2023,2,12,20,9.1501,0.0,0.0,0.0,9.462357807652534,105.68325584434378,0.0,0.0
2023,2,12,21,9.1501,0.0,0.0,0.0,9.462357807652534,96.07568713122161,0.0,0.0
2023,2,12,22,9.1501,0.0,0.0,0.0,9.462357807652534,86.46811841809945,0.0,0.0
2023,2,12,23,9.1501,0.0,0.0,0.0,9.462357807652534,76.86054970497729,0.0,0.0
2023,2,13,0,9.1501,0.0,0.0,0.0,9.462357807652534,67.25298099185513,0.0,0.0
2023,2,13,1,9.1501,0.0,0.0,0.0,9.462357807652534,57.64541227873296,0.0,0.0
2023,2,13,2,9.1501,0.0,0.0,0.0,9.462357807652534,48.0378435656108,0.0,0.0
2023,2,13,3,9.1501,0.0,0.0,0.0,9.462357807652534,38.43027485248864,0.0,0.0
2023,2,13,4,9.1501,0.0,0.0,0.0,9.462357807652534,28.822706139366478,0.0,0.0
2023,2,13,5,9.1501,0.0,0.0,0.0,9.462357807652534,19.21513742624432,0.0,0.0
2023,2,13,6,9.1501,0.0,0.0,0.0,9.462357807652534,9.60756871312216,0.0,0.0
2023,2,13,7,9.1501,0.0,0.0,0.0,9.462357807652534,0.0,0.0,0.0
2023,2,13,8,9.1501,10.85795007977906,9.462357807652534,0.0,0.0,0.0,1.3955922721265264,0.0
2023,2,13,9,9.1501,36.273838622198355,9.462357807652534,0.0,0.0,0.0,26.81148081454582,0.0
2023,2,13,10,9.1501,56.80550134543568,9.462357807652534,0.0,0.0,0.0,47.34314353778315,0.0
2023,2,13,11,9.1501,69.70636866081688,9.462357807652534,0.0,0.0,0.0,60.24401085316434,0.0
2023,2,13,12,9.1501,76.11933735234022,9.462357807652534,0.0,0.0,0.0,66.65697954468769,0.0
2023,2,13,13,9.1501,76.91342238236768,9.462357807652534,0.0,0.0,0.0,67.45106457471515,0.0
2023,2,13,14,9.1501,72.63294233981182,49.96377228276224,40.50141447510971,0.0,37.894803834011384,22.669170057049577,0.0
2023,2,13,15,9.1501,63.03502089227808,63.03502089227808,53.57266308462554,0.0,88.01961020849218,0.0,0.0
2023,2,13,16,9.1501,46.68823795310091,46.68823795310091,37.22588014544837,0.0,122.84968821791864,0.0,0.0
2023,2,13,17,9.1501,23.631350383832622,23.631350383832622,14.168992576180088,0.0,136.10678556028137,0.0,0.0
2023,2,13,18,9.1501,0.0,0.0,0.0,9.462357807652534,126.4992168471592,0.0,0.0
2023,2,13,19,9.1501,0.0,0.0,0.0,9.462357807652534,116.89164813403704,0.0,0.0
2023,2,13,20,9.1501,0.0,0.0,0.0,9.462357807652534,107.28407942091488,0.0,0.0
2023,2,13,21,9.1501,0.0,0.0,0.0,9.462357807652534,97.67651070779272,0.0,0.0
2023,2,13,22,9.1501,0.0,0.0,0.0,9.462357807652534,88.06894199467055,0.0,0.0
2023,2,13,23,9.1501,0.0,0.0,0.0,9.462357807652534,78.46137328154839,0.0,0.0
2023,2,14,0,9.1501,0.0,0.0,0.0,9.462357807652534,68.85380456842623,0.0,0.0
2023,2,14,1,9.1501,0.0,0.0,0.0,9.462357807652534,59.246235855304064,0.0,0.0
2023,2,14,2,9.1501,0.0,0.0,0.0,9.462357807652534,49.6386671421819,0.0,0.0
2023,2,14,3,9.1501,0.0,0.0,0.0,9.462357807652534,40.03109842905974,0.0,0.0
2023,2,14,4,9.1501,0.0,0.0,0.0,9.462357807652534,30.42352971593758,0.0,0.0
2023,2,14,5,9.1501,0.0,0.0,0.0,9.462357807652534,20.81596100281542,0.0,0.0
2023,2,14,6,9.1501,0.0,0.0,0.0,9.462357807652534,11.208392289693261,0.0,0.0
2023,2,14,7,9.1501,0.0,0.0,0.0,9.462357807652534,1.600823576571103,0.0,0.0
2023,2,14,8,9.1501,7.885729430511389,7.885729430511389,0.0,1.5766283771411451,0.0,0.0,0.0
2023,2,14,9,9.1501,31.252671892198208,9.462357807652534,0.0,0.0,0.0,21.790314084545674,0.0
2023,2,14,10,9.1501,51.57246377228287,9.462357807652534,0.0,0.0,0.0,42.110105964630336,0.0
2023,2,14,11,9.1501,68.28269994646178,9.462357807652534,0.0,0.0,0.0,58.82034213880924,0.0
2023,2,14,12,9.1501,77.26826298146891,9.462357807652534,0.0,0.0,0.0,67.80590517381637,0.0
2023,2,14,13,9.1501,76.86260783055465,9.462357807652534,0.0,0.0,0.0,67.40025002290211,0.0
2023,2,14,14,9.1501,70.63394954730232,52.547520527150716,43.08516271949818,0.0,40.31226589420051,18.086429020151606,0.0
2023,2,14,15,9.1501,61.621687341003586,61.621687341003586,52.159329533351055,0.0,89.11469875724536,0.0,0.0
2023,2,14,16,9.1501,46.344593780670365,46.344593780670365,36.88223597301783,0.0,123.62324902074681,0.0,0.0
2023,2,14,17,9.1501,22.233519577179063,22.233519577179063,12.771161769526529,0.0,135.57247786276795,0.0,0.0
2023,2,14,18,9.1501,0.0,0.0,0.0,9.462357807652534,125.9649091496458,0.0,0.0
2023,2,14,19,9.1501,0.0,0.0,0.0,9.462357807652534,116.35734043652364,0.0,0.0
2023,2,14,20,9.1501,0.0,0.0,0.0,9.462357807652534,106.74977172340148,0.0,0.0
2023,2,14,21,9.1501,0.0,0.0,0.0,9.462357807652534,97.14220301027932,0.0,0.0
2023,2,14,22,9.1501,0.0,0.0,0.0,9.462357807652534,87.53463429715715,0.0,0.0
2023,2,14,23,9.1501,0.0,0.0,0.0,9.462357807652534,77.92706558403499,0.0,0.0
2023,2,15,0,9.1501,0.0,0.0,0.0,9.462357807652534,68.31949687091283,0.0,0.0
2023,2,15,1,9.1501,0.0,0.0,0.0,9.462357807652534,58.711928157790666,0.0,0.0
2023,2,15,2,9.1501,0.0,0.0,0.0,9.462357807652534,49.1043594446685,0.0,0.0
2023,2,15,3,9.1501,0.0,0.0,0.0,9.462357807652534,39.49679073154634,0.0,0.0
2023,2,15,4,9.1501,0.0,0.0,0.0,9.462357807652534,29.88922201842418,0.0,0.0
2023,2,15,5,9.1501,0.0,0.0,0.0,9.462357807652534,20.281653305302022,0.0,0.0
2023,2,15,6,9.1501,0.0,0.0,0.0,9.462357807652534,10.674084592179861,0.0,0.0
2023,2,15,7,9.1501,0.0,0.0,0.0,9.462357807652534,1.0665158790577025,0.0,0.0
2023,2,15,8,9.1501,8.411961484032846,8.411961484032846,0.0,1.0503963236196885,0.0,0.0,0.0
2023,2,15,9,9.1501,34.34460818048303,9.462357807652534,0.0,0.0,0.0,24.882250372830494,0.0
2023,2,15,10,9.1501,54.871964585770115,9.462357807652534,0.0,0.0,0.0,45.40960677811758,0.0
2023,2,15,11,9.1501,68.8821394051376,9.462357807652534,0.0,0.0,0.0,59.419781597485056,0.0
2023,2,15,12,9.1501,75.52764926597486,9.462357807652534,0.0,0.0,0.0,66.06529145832232,0.0
2023,2,15,13,9.1501,76.66193341407266,9.462357807652534,0.0,0.0,0.0,67.19957560642013,0.0
2023,2,15,14,9.1501,72.00335865548418,51.26122907699424,41.79887126934171,0.0,39.10875824369608,20.742129578489937,0.0
2023,2,15,15,9.1501,61.787049950293465,61.787049950293465,52.324692142640934,0.0,88.06591122508078,0.0,0.0
2023,2,15,16,9.1501,45.53242221525181,45.53242221525181,36.070064407599276,0.0,121.81456007402763,0.0,0.0
2023,2,15,17,9.1501,23.02674334361648,23.02674334361648,13.564385535963947,0.0,134.50596198371025,0.0,0.0
2023,2,15,18,9.1501,0.0,0.0,0.0,9.462357807652534,124.8983932705881,0.0,0.0
2023,2,15,19,9.1501,0.0,0.0,0.0,9.462357807652534,115.29082455746594,0.0,0.0
2023,2,15,20,9.1501,0.0,0.0,0.0,9.462357807652534,105.68325584434378,0.0,0.0
2023,2,15,21,9.1501,0.0,0.0,0.0,9.462357807652534,96.07568713122161,0.0,0.0
2023,2,15,22,9.1501,0.0,0.0,0.0,9.462357807652534,86.46811841809945,0.0,0.0
2023,2,15,23,9.1501,0.0,0.0,0.0,9.462357807652534,76.86054970497729,0.0,0.0
2023,2,16,0,9.1501,0.0,0.0,0.0,9.462357807652534,67.25298099185513,0.0,0.0
2023,2,16,1,9.1501,0.0,0.0,0.0,9.462357807652534,57.64541227873296,0.0,0.0
2023,2,16,2,9.1501,0.0,0.0,0.0,9.462357807652534,48.0378435656108,0.0,0.0
2023,2,16,3,9.1501,0.0,0.0,0.0,9.462357807652534,38.43027485248864,0.0,0.0
2023,2,16,4,9.1501,0.0,0.0,0.0,9.462357807652534,28.822706139366478,0.0,0.0
2023,2,16,5,9.1501,0.0,0.0,0.0,9.462357807652534,19.21513742624432,0.0,0.0
2023,2,16,6,9.1501,0.0,0.0,0.0,9.462357807652534,9.60756871312216,0.0,0.0
2023,2,16,7,9.1501,0.0,0.0,0.0,9.462357807652534,0.0,0.0,0.0
2023,2,16,8,9.1501,10.826944590537206,9.462357807652534,0.0,0.0,0.0,1.3645867828846718,0.0
2023,2,16,9,9.1501,35.88024116154483,9.462357807652534,0.0,0.0,0.0,26.417883353892297,0.0
2023,2,16,10,9.1501,55.12603734483529,9.462357807652534,0.0,0.0,0.0,45.66367953718276,0.0
2023,2,16,11,9.1501,67.16822486093515,9.462357807652534,0.0,0.0,0.0,57.70586705328262,0.0
2023,2,16,12,9.1501,74.67585957541394,9.462357807652534,0.0,0.0,0.0,65.2135017677614,0.0
2023,2,16,13,9.1501,76.10727966207949,9.462357807652534,0.0,0.0,0.0,66.64492185442695,0.0
2023,2,16,14,9.1501,71.74670210564884,56.975848171207495,47.51349036355496,0.0,44.455592974477916,14.770853934441341,0.0
2023,2,16,15,9.1501,61.51747444660736,61.51747444660736,52.05511663895482,0.0,93.16051992961067,0.0,0.0
2023,2,16,16,9.1501,45.15691128998936,45.15691128998936,35.69455348233683,0.0,126.5578251764941,0.0,0.0
2023,2,16,17,9.1501,22.834681563034998,22.834681563034998,13.372323755382464,0.0,139.0695261153966,0.0,0.0
2023,2,16,18,9.1501,0.0,0.0,0.0,9.462357807652534,129.46195740227444,0.0,0.0
2023,2,16,19,9.1501,0.0,0.0,0.0,9.462357807652534,119.85438868915227,0.0,0.0
2023,2,16,20,9.1501,0.0,0.0,0.0,9.462357807652534,110.24681997603011,0.0,0.0
2023,2,16,21,9.1501,0.0,0.0,0.0,9.462357807652534,100.63925126290795,0.0,0.0
2023,2,16,22,9.1501,0.0,0.0,0.0,9.462357807652534,91.03168254978578,0.0,0.0
2023,2,16,23,9.1501,0.0,0.0,0.0,9.462357807652534,81.42411383666362,0.0,0.0
2023,2,17,0,9.1501,0.0,0.0,0.0,9.462357807652534,71.81654512354146,0.0,0.0
2023,2,17,1,9.1501,0.0,0.0,0.0,9.462357807652534,62.2089764104193,0.0,0.0
2023,2,17,2,9.1501,0.0,0.0,0.0,9.462357807652534,52.601407697297134,0.0,0.0
2023,2,17,3,9.1501,0.0,0.0,0.0,9.462357807652534,42.99383898417497,0.0,0.0
2023,2,17,4,9.1501,0.0,0.0,0.0,9.462357807652534,33.38627027105281,0.0,0.0
2023,2,17,5,9.1501,0.0,0.0,0.0,9.462357807652534,23.778701557930646,0.0,0.0
2023,2,17,6,9.1501,0.0,0.0,0.0,9.462357807652534,14.171132844808485,0.0,0.0
2023,2,17,7,9.1501,0.0,0.0,0.0,9.462357807652534,4.563564131686325,0.0,0.0
2023,2,17,8,9.1501,4.967768387416961,4.967768387416961,0.0,4.494589420235573,0.0,0.0,0.0
2023,2,17,9,9.1501,17.76959038994222,9.462357807652534,0.0,0.0,0.0,8.307232582289686,0.0
2023,2,17,10,9.1501,44.307705390198606,9.462357807652534,0.0,0.0,0.0,34.84534758254607,0.0
2023,2,17,11,9.1501,65.21143398433817,9.462357807652534,0.0,0.0,0.0,55.749076176685634,0.0
2023,2,17,12,9.1501,70.93022422228003,9.462357807652534,0.0,0.0,0.0,61.467866414627494,0.0
2023,2,17,13,9.1501,71.54086010762653,9.462357807652534,0.0,0.0,0.0,62.07850229997399,0.0
2023,2,17,14,9.1501,69.63746757361275,54.946575978824534,45.484218171172,0.0,42.55692171440563,14.69089159478822,0.0
2023,2,17,15,9.1501,59.87246098960902,59.87246098960902,50.41010318195648,0.0,89.72270582563671,0.0,0.0
2023,2,17,16,9.1501,44.1604293162998,44.1604293162998,34.69807150864726,0.0,122.18766119273258,0.0,0.0
2023,2,17,17,9.1501,22.627978301422644,22.627978301422644,13.165620493770112,0.0,134.50596198371025,0.0,0.0
2023,2,17,18,9.1501,0.0,0.0,0.0,9.462357807652534,124.8983932705881,0.0,0.0
2023,2,17,19,9.1501,0.0,0.0,0.0,9.462357807652534,115.29082455746594,0.0,0.0
2023,2,17,20,9.1501,0.0,0.0,0.0,9.462357807652534,105.68325584434378,0.0,0.0
2023,2,17,21,9.1501,0.0,0.0,0.0,9.462357807652534,96.07568713122161,0.0,0.0
2023,2,17,22,9.1501,0.0,0.0,0.0,9.462357807652534,86.46811841809945,0.0,0.0
2023,2,17,23,9.1501,0.0,0.0,0.0,9.462357807652534,76.86054970497729,0.0,0.0
2023,2,18,0,9.1501,0.0,0.0,0.0,9.462357807652534,67.25298099185513,0.0,0.0
2023,2,18,1,9.1501,0.0,0.0,0.0,9.462357807652534,57.64541227873296,0.0,0.0
2023,2,18,2,9.1501,0.0,0.0,0.0,9.462357807652534,48.0378435656108,0.0,0.0
2023,2,18,3,9.1501,0.0,0.0,0.0,9.462357807652534,38.43027485248864,0.0,0.0
2023,2,18,4,9.1501,0.0,0.0,0.0,9.462357807652534,28.822706139366478,0.0,0.0
2023,2,18,5,9.1501,0.0,0.0,0.0,9.462357807652534,19.21513742624432,0.0,0.0
2023,2,18,6,9.1501,0.0,0.0,0.0,9.462357807652534,9.60756871312216,0.0,0.0
2023,2,18,7,9.1501,0.0,0.0,0.0,9.462357807652534,0.0,0.0,0.0
2023,2,18,8,9.1501,11.096520094223322,9.462357807652534,0.0,0.0,0.0,1.6341622865707883,0.0
2023,2,18,9,9.1501,35.847513145122875,9.462357807652534,0.0,0.0,0.0,26.38515533747034,0.0
2023,2,18,10,9.1501,55.44642740033445,9.462357807652534,0.0,0.0,0.0,45.98406959268192,0.0
2023,2,18,11,9.1501,68.04843624996776,9.462357807652534,0.0,0.0,0.0,58.58607844231523,0.0
2023,2,18,12,9.1501,74.70083621952543,9.462357807652534,0.0,0.0,0.0,65.23847841187289,0.0
2023,2,18,13,9.1501,75.87904481071585,9.462357807652534,0.0,0.0,0.0,66.41668700306332,0.0
2023,2,18,14,9.1501,71.22649889725774,56.373019736104624,46.91066192845209,0.0,43.89156167853821,14.853479161153118,0.0
2023,2,18,15,9.1501,60.98176849359533,60.98176849359533,51.5194106859428,0.0,92.09525991696582,0.0,0.0
2023,2,18,16,9.1501,45.02686048789158,45.02686048789158,35.56450268023905,0.0,125.37088423744655,0.0,0.0
2023,2,18,17,9.1501,23.379861415537587,23.379861415537587,13.917503607885052,0.0,138.39267806650074,0.0,0.0
2023,2,18,18,9.1501,0.00602884513036039,0.0,0.0,9.462357807652534,128.78510935337857,0.00602884513036039,0.0
2023,2,18,19,9.1501,0.0,0.0,0.0,9.462357807652534,119.17754064025641,0.0,0.0
2023,2,18,20,9.1501,0.0,0.0,0.0,9.462357807652534,109.56997192713425,0.0,0.0
2023,2,18,21,9.1501,0.0,0.0,0.0,9.462357807652534,99.96240321401208,0.0,0.0
2023,2,18,22,9.1501,0.0,0.0,0.0,9.462357807652534,90.35483450088992,0.0,0.0
2023,2,18,23,9.1501,0.0,0.0,0.0,9.462357807652534,80.74726578776776,0.0,0.0
2023,2,19,0,9.1501,0.0,0.0,0.0,9.462357807652534,71.1396970746456,0.0,0.0
2023,2,19,1,9.1501,0.0,0.0,0.0,9.462357807652534,61.532128361523434,0.0,0.0
2023,2,19,2,9.1501,0.0,0.0,0.0,9.462357807652534,51.92455964840127,0.0,0.0
2023,2,19,3,9.1501,0.0,0.0,0.0,9.462357807652534,42.31699093527911,0.0,0.0
2023,2,19,4,9.1501,0.0,0.0,0.0,9.462357807652534,32.709422222156945,0.0,0.0
2023,2,19,5,9.1501,0.0,0.0,0.0,9.462357807652534,23.101853509034783,0.0,0.0
2023,2,19,6,9.1501,0.0,0.0,0.0,9.462357807652534,13.494284795912622,0.0,0.0
2023,2,19,7,9.1501,0.0,0.0,0.0,9.462357807652534,3.8867160827904628,0.0,0.0
2023,2,19,8,9.1501,5.63438640611681,5.63438640611681,0.0,3.8279714015357245,0.0,0.0,0.0
2023,2,19,9,9.1501,15.658633330726033,9.462357807652534,0.0,0.0,0.0,6.196275523073499,0.0
2023,2,19,10,9.1501,26.975636904002535,9.462357807652534,0.0,0.0,0.0,17.51327909635,0.0
2023,2,19,11,9.1501,33.55396820481577,9.462357807652534,0.0,0.0,0.0,24.091610397163233,0.0
2023,2,19,12,9.1501,43.99506670700991,9.462357807652534,0.0,0.0,0.0,34.532708899357374,0.0
2023,2,19,13,9.1501,49.68888030084027,23.07877703637804,13.616419228725505,0.0,12.74008679156917,26.61010326446223,0.0
2023,2,19,14,9.1501,61.10579045056274,61.10579045056274,51.64343264291021,0.0,61.05982511875167,0.0,0.0
2023,2,19,15,9.1501,54.391379502521374,54.391379502521374,44.92902169486884,0.0,103.09728197417633,0.0,0.0
2023,2,19,16,9.1501,37.855118573532884,37.855118573532884,28.39276076588035,0.0,129.66272699561557,0.0,0.0
2023,2,19,17,9.1501,21.085455211640426,21.085455211640426,11.623097403987892,0.0,140.53777918270427,0.0,0.0
2023,2,19,18,9.1501,0.027560434881647496,0.027560434881647496,0.0,9.434797372770886,130.9581938514486,0.0,0.0
2023,2,19,19,9.1501,0.0,0.0,0.0,9.462357807652534,121.35062513832645,0.0,0.0
2023,2,19,20,9.1501,0.0,0.0,0.0,9.462357807652534,111.74305642520429,0.0,0.0
2023,2,19,21,9.1501,0.0,0.0,0.0,9.462357807652534,102.13548771208212,0.0,0.0
2023,2,19,22,9.1501,0.0,0.0,0.0,9.462357807652534,92.52791899895996,0.0,0.0
2023,2,19,23,9.1501,0.0,0.0,0.0,9.462357807652534,82.9203502858378,0.0,0.0
2023,2,20,0,9.1501,0.0,0.0,0.0,9.462357807652534,73.31278157271564,0.0,0.0
2023,2,20,1,9.1501,0.0,0.0,0.0,9.462357807652534,63.70521285959347,0.0,0.0
2023,2,20,2,9.1501,0.0,0.0,0.0,9.462357807652534,54.09764414647131,0.0,0.0
2023,2,20,3,9.1501,0.0,0.0,0.0,9.462357807652534,44.49007543334915,0.0,0.0
2023,2,20,4,9.1501,0.0,0.0,0.0,9.462357807652534,34.88250672022699,0.0,0.0
2023,2,20,5,9.1501,0.0,0.0,0.0,9.462357807652534,25.274938007104833,0.0,0.0
2023,2,20,6,9.1501,0.0,0.0,0.0,9.462357807652534,15.667369293982674,0.0,0.0
2023,2,20,7,9.1501,0.0,0.0,0.0,9.462357807652534,6.0598005808605135,0.0,0.0
2023,2,20,8,9.1501,3.494146384838871,3.494146384838871,0.0,5.968211422813663,0.0,0.0,0.0
2023,2,20,9,9.1501,11.764860640103274,9.462357807652534,0.0,0.0,0.0,2.30250283245074,0.0
2023,2,20,10,9.1501,25.595892632740057,9.462357807652534,0.0,0.0,0.0,16.133534825087523,0.0
2023,2,20,11,9.1501,47.56672681495341,9.462357807652534,0.0,0.0,0.0,38.104369007300875,0.0
2023,2,20,12,9.1501,65.25794221820095,9.462357807652534,0.0,0.0,0.0,55.795584410548415,0.0
2023,2,20,13,9.1501,73.63028557709143,9.462357807652534,0.0,0.0,0.0,64.16792776943889,0.0
2023,2,20,14,9.1501,70.49442484571398,53.903420461235335,44.441062653582804,0.0,41.580902130405605,16.591004384478644,0.0
2023,2,20,15,9.1501,61.1583275295559,61.1583275295559,51.69596972190336,0.0,89.949796328519,0.0,0.0
2023,2,20,16,9.1501,45.67711449838046,45.67711449838046,36.21475669072793,0.0,123.83382528101322,0.0,0.0
2023,2,20,17,9.1501,23.679581144875506,23.679581144875506,14.217223337222972,0.0,137.1360493245584,0.0,0.0
2023,2,20,18,9.1501,0.06717856002401576,0.06717856002401576,0.0,9.39517924762852,127.59669010473583,0.0,0.0
2023,2,20,19,9.1501,0.0,0.0,0.0,9.462357807652534,117.98912139161366,0.0,0.0
2023,2,20,20,9.1501,0.0,0.0,0.0,9.462357807652534,108.3815526784915,0.0,0.0
2023,2,20,21,9.1501,0.0,0.0,0.0,9.462357807652534,98.77398396536934,0.0,0.0
2023,2,20,22,9.1501,0.0,0.0,0.0,9.462357807652534,89.16641525224718,0.0,0.0
2023,2,20,23,9.1501,0.0,0.0,0.0,9.462357807652534,79.55884653912501,0.0,0.0
2023,2,21,0,9.1501,0.0,0.0,0.0,9.462357807652534,69.95127782600285,0.0,0.0
2023,2,21,1,9.1501,0.0,0.0,0.0,9.462357807652534,60.34370911288069,0.0,0.0
2023,2,21,2,9.1501,0.0,0.0,0.0,9.462357807652534,50.736140399758526,0.0,0.0
2023,2,21,3,9.1501,0.0,0.0,0.0,9.462357807652534,41.12857168663636,0.0,0.0
2023,2,21,4,9.1501,0.0,0.0,0.0,9.462357807652534,31.521002973514204,0.0,0.0
2023,2,21,5,9.1501,0.0,0.0,0.0,9.462357807652534,21.913434260392044,0.0,0.0
2023,2,21,6,9.1501,0.0,0.0,0.0,9.462357807652534,12.305865547269887,0.0,0.0
2023,2,21,7,9.1501,0.0,0.0,0.0,9.462357807652534,2.698296834147728,0.0,0.0
2023,2,21,8,9.1501,6.804843624996776,6.804843624996776,0.0,2.657514182655758,0.0,0.0,0.0
2023,2,21,9,9.1501,28.379496555786446,9.462357807652534,0.0,0.0,0.0,18.91713874813391,0.0
2023,2,21,10,9.1501,51.84979064827945,9.462357807652534,0.0,0.0,0.0,42.387432840626914,0.0
2023,2,21,11,9.1501,66.0098253323159,9.462357807652534,0.0,0.0,0.0,56.54746752466336,0.0
2023,2,21,12,9.1501,71.13692748389239,9.462357807652534,0.0,0.0,0.0,61.674569676239855,0.0
2023,2,21,13,9.1501,74.38647500915664,59.11439671839657,49.65203891074404,0.0,46.456507726110694,15.27207829076007,0.0
2023,2,21,14,9.1501,64.46730224253369,64.46730224253369,55.00494443488115,0.0,97.92141595892053,0.0,0.0
2023,2,21,15,9.1501,41.42247236352613,41.42247236352613,31.9601145558736,0.0,127.82462519996226,0.0,0.0
2023,2,21,16,9.1501,27.048844309156912,27.048844309156912,17.58648650150438,0.0,144.27927165468196,0.0,0.0
2023,2,21,17,9.1501,9.79515080965553,9.79515080965553,0.3327930020029958,0.0,144.5906465953272,0.0,0.0
2023,2,21,18,9.1501,0.15588870979931863,0.15588870979931863,0.0,9.306469097853217,135.1413588858874,0.0,0.0
2023,2,21,19,9.1501,0.0,-0.0,0.0,9.462357807652534,125.53379017276524,0.0,0.0
2023,2,21,20,9.1501,0.0,-0.0,0.0,9.462357807652534,115.92622145964307,0.0,0.0
2023,2,21,21,9.1501,0.0,-0.0,0.0,9.462357807652534,106.31865274652091,0.0,0.0
2023,2,21,22,9.1501,0.0,-0.0,0.0,9.462357807652534,96.71108403339875,0.0,0.0
2023,2,21,23,9.1501,0.0,-0.0,0.0,9.462357807652534,87.10351532027659,0.0,0.0
2023,2,22,0,9.1501,0.0,-0.0,0.0,9.462357807652534,77.49594660715442,0.0,0.0
2023,2,22,1,9.1501,0.0,-0.0,0.0,9.462357807652534,67.88837789403226,0.0,0.0
2023,2,22,2,9.1501,0.0,-0.0,0.0,9.462357807652534,58.2808091809101,0.0,0.0
2023,2,22,3,9.1501,0.0,-0.0,0.0,9.462357807652534,48.673240467787934,0.0,0.0
2023,2,22,4,9.1501,0.0,-0.0,0.0,9.462357807652534,39.06567175466577,0.0,0.0
2023,2,22,5,9.1501,0.0,-0.0,0.0,9.462357807652534,29.458103041543612,0.0,0.0
2023,2,22,6,9.1501,0.0,-0.0,0.0,9.462357807652534,19.850534328421453,0.0,0.0
2023,2,22,7,9.1501,0.0,-0.0,0.0,9.462357807652534,10.242965615299294,0.0,0.0
2023,2,22,8,9.1501,0.7475767961646883,0.7475767961646883,0.0,8.714781011487846,1.3944461353058368,0.0,0.0
2023,2,22,9,9.1501,2.4244570059949195,2.4244570059949195,0.0,1.3733701698891316,-0.0,0.0,5.477601120920123
2023,2,22,10,9.1501,4.777429134015582,4.777429134015582,0.0,0.0,-0.0,0.0,4.530326027406932
2023,2,22,11,9.1501,3.283998068866309,3.283998068866309,0.0,0.0,0.0,0.0,5.974473867406279
2023,2,22,12,9.1501,17.574083555000534,17.574083555000534,8.111725747348,0.0,7.589667174215875,0.0,0.0
2023,2,22,13,9.1501,22.518597825486097,22.518597825486097,13.056240017833563,0.0,19.805627053583322,0.0,0.0
2023,2,22,14,9.1501,28.249445753688683,28.249445753688683,18.78708794603615,0.0,37.38360603416635,0.0,0.0
2023,2,22,15,9.1501,31.75306603801812,31.75306603801812,22.290708230365585,0.0,58.23971752207504,0.0,0.0
2023,2,22,16,9.1501,17.618869261683212,17.618869261683212,8.156511454030678,0.0,65.87128806167462,0.0,0.0
2023,2,22,17,9.1501,10.558230350441145,10.558230350441145,1.0958725427886107,0.0,66.89663188174231,0.0,0.0
2023,2,22,18,9.1501,0.10421289439622958,0.10421289439622958,0.0,9.358144913256304,57.394875331302835,0.0,0.0
2023,2,22,19,9.1501,0.0,-0.0,0.0,9.462357807652534,47.78730661818068,0.0,0.0
2023,2,22,20,9.1501,0.0,-0.0,0.0,9.462357807652534,38.179737905058516,0.0,0.0
2023,2,22,21,9.1501,0.0,-0.0,0.0,9.462357807652534,28.572169191936357,0.0,0.0
2023,2,22,22,9.1501,0.0,-0.0,0.0,9.462357807652534,18.964600478814198,0.0,0.0
2023,2,22,23,9.1501,0.0,-0.0,0.0,9.462357807652534,9.357031765692039,0.0,0.0
2023,2,23,0,9.1501,0.0,-0.0,0.0,9.215607530719,0.0,0.0,0.23860751779472764
2023,2,23,1,9.1501,0.0,-0.0,0.0,-0.0,0.0,0.0,9.1501
2023,2,23,2,9.1501,0.0,-0.0,0.0,-0.0,0.0,0.0,9.1501
2023,2,23,3,9.1501,0.0,-0.0,0.0,-0.0,0.0,0.0,9.1501
2023,2,23,4,9.1501,0.0,-0.0,0.0,-0.0,0.0,0.0,9.1501
2023,2,23,5,9.1501,0.0,-0.0,0.0,-0.0,0.0,0.0,9.1501
2023,2,23,6,9.1501,0.0,-0.0,0.0,-0.0,0.0,0.0,9.1501
2023,2,23,7,9.1501,0.0,-0.0,0.0,-0.0,0.0,0.0,9.1501
2023,2,23,8,9.1501,0.020670326161227007,0.020670326161227007,0.0,-0.0,0.0,0.0,9.130111794602094
2023,2,23,9,9.1501,0.2127321067427166,0.2127321067427166,0.0,-0.0,0.0,0.0,8.944388052779793
2023,2,23,10,9.1501,0.7518831141149457,0.7518831141149457,0.0,-0.0,0.0,0.0,8.423029028650848
2023,2,23,11,9.1501,4.271006143065311,4.271006143065311,0.0,-0.0,0.0,0.0,5.020037059655845
2023,2,23,12,9.1501,17.32862343183586,17.32862343183586,7.8662656241833275,0.0,7.3600044985551545,0.0,0.0
2023,2,23,13,9.1501,13.59073945101242,13.59073945101242,4.1283816433598854,0.0,11.222689655469853,0.0,0.0
2023,2,23,14,9.1501,10.488467999646973,10.488467999646973,1.0261101919944393,0.0,12.182760925612913,0.0,0.0
2023,2,23,15,9.1501,13.077426351341735,13.077426351341735,3.615068543689201,0.0,15.565169048514313,0.0,0.0
2023,2,23,16,9.1501,14.781005732463571,14.781005732463571,5.318647924811037,0.0,20.541516723896088,0.0,0.0
2023,2,23,17,9.1501,9.26030612023355,9.26030612023355,0.0,0.20205168741898474,20.336364317916445,0.0,0.0
2023,2,23,18,9.1501,0.029282962061750465,0.029282962061750465,0.0,9.433074845590784,10.758527948027435,0.0,0.0
2023,2,23,19,9.1501,0.0,-0.0,0.0,9.462357807652534,1.150959234905276,0.0,0.0
2023,2,23,20,9.1501,0.0,-0.0,0.0,1.1335633840246109,0.0,0.0,8.053944207648202
2023,2,23,21,9.1501,0.0,-0.0,0.0,0.0,-0.0,0.0,9.1501
2023,2,23,22,9.1501,0.0,-0.0,0.0,-0.0,0.0,0.0,9.1501
2023,2,23,23,9.1501,0.0,-0.0,0.0,-0.0,0.0,0.0,9.1501
2023,2,24,0,9.1501,0.0,-0.0,0.0,-0.0,0.0,0.0,9.1501
2023,2,24,1,9.1501,0.0,-0.0,0.0,-0.0,0.0,0.0,9.1501
2023,2,24,2,9.1501,0.0,-0.0,0.0,-0.0,0.0,0.0,9.1501
2023,2,24,3,9.1501,0.0,-0.0,0.0,-0.0,0.0,0.0,9.1501
2023,2,24,4,9.1501,0.0,-0.0,0.0,-0.0,0.0,0.0,9.1501
2023,2,24,5,9.1501,0.0,-0.0,0.0,-0.0,0.0,0.0,9.1501
2023,2,24,6,9.1501,0.0,-0.0,0.0,-0.0,0.0,0.0,9.1501
2023,2,24,7,9.1501,0.0,-0.0,0.0,-0.0,0.0,0.0,9.1501
2023,2,24,8,9.1501,3.3305063027290895,3.3305063027290895,0.0,-0.0,0.0,0.0,5.9295004052609706
2023,2,24,9,9.1501,28.82821488620328,9.462357807652534,0.0,0.0,0.0,19.365857078550746,0.0
2023,2,24,10,9.1501,43.63161347200819,9.462357807652534,0.0,0.0,0.0,34.16925566435566,0.0
2023,2,24,11,9.1501,61.592404378941836,9.462357807652534,0.0,0.0,0.0,52.1300465712893,0.0
2023,2,24,12,9.1501,61.04119568130889,9.462357807652534,0.0,0.0,0.0,51.578837873656354,0.0
2023,2,24,13,9.1501,64.8720961298579,9.462357807652534,0.0,0.0,0.0,55.40973832220536,0.0
2023,2,24,14,9.1501,62.13327791349417,50.97386331633054,41.511505508678006,0.0,38.839886914877304,11.159414597163632,0.0
2023,2,24,15,9.1501,55.705667740939944,55.705667740939944,46.243309933287414,0.0,82.10704637752394,0.0,0.0
2023,2,24,16,9.1501,48.13602204797745,48.13602204797745,38.67366424032492,0.0,118.29173125637381,0.0,0.0
2023,2,24,17,9.1501,26.587207024889313,26.587207024889313,17.12484921723678,0.0,134.31445071406142,0.0,0.0
2023,2,24,18,9.1501,0.18861672622127504,0.18861672622127504,0.0,9.27374108143126,124.8983932705881,0.0,0.0
2023,2,24,19,9.1501,0.0,0.0,0.0,9.462357807652534,115.29082455746594,0.0,0.0
2023,2,24,20,9.1501,0.0,0.0,0.0,9.462357807652534,105.68325584434378,0.0,0.0
2023,2,24,21,9.1501,0.0,0.0,0.0,9.462357807652534,96.07568713122161,0.0,0.0
2023,2,24,22,9.1501,0.0,0.0,0.0,9.462357807652534,86.46811841809945,0.0,0.0
2023,2,24,23,9.1501,0.0,0.0,0.0,9.462357807652534,76.86054970497729,0.0,0.0
2023,2,25,0,9.1501,0.0,0.0,0.0,9.462357807652534,67.25298099185513,0.0,0.0
2023,2,25,1,9.1501,0.0,0.0,0.0,9.462357807652534,57.64541227873296,0.0,0.0
2023,2,25,2,9.1501,0.0,0.0,0.0,9.462357807652534,48.0378435656108,0.0,0.0
2023,2,25,3,9.1501,0.0,0.0,0.0,9.462357807652534,38.43027485248864,0.0,0.0
2023,2,25,4,9.1501,0.0,0.0,0.0,9.462357807652534,28.822706139366478,0.0,0.0
2023,2,25,5,9.1501,0.0,0.0,0.0,9.462357807652534,19.21513742624432,0.0,0.0
2023,2,25,6,9.1501,0.0,0.0,0.0,9.462357807652534,9.60756871312216,0.0,0.0
2023,2,25,7,9.1501,0.0,0.0,0.0,9.462357807652534,0.0,0.0,0.0
2023,2,25,8,9.1501,9.837352725568053,9.462357807652534,0.0,0.0,0.0,0.37499491791551876,0.0
2023,2,25,9,9.1501,26.669888329534256,9.462357807652534,0.0,0.0,0.0,17.207530521881722,0.0
2023,2,25,10,9.1501,44.231914194274076,9.462357807652534,0.0,0.0,0.0,34.769556386621545,0.0
2023,2,25,11,9.1501,54.44822289946478,47.60702769251234,38.14466988485981,0.0,35.68973581128165,6.841195206952442,0.0
2023,2,25,12,9.1501,51.915246681123364,51.915246681123364,42.45288887347083,0.0,75.41042006135694,0.0,0.0
2023,2,25,13,9.1501,38.31244953985021,38.31244953985021,28.85009173219768,0.0,102.40376291007985,0.0,0.0
2023,2,25,14,9.1501,30.23896464670761,30.23896464670761,20.776606839055077,0.0,121.84321831443926,0.0,0.0
2023,2,25,15,9.1501,23.325601809364336,23.325601809364336,13.863244001711802,0.0,134.81424460466317,0.0,0.0
2023,2,25,16,9.1501,13.99725586551672,13.99725586551672,4.534898057864186,0.0,139.05728338583,0.0,0.0
2023,2,25,17,9.1501,4.761065125804604,4.761065125804604,0.0,4.701292681847929,134.28384389014496,0.0,0.0
2023,2,25,18,9.1501,0.21876095187307698,0.21876095187307698,0.0,9.243596855779456,124.8983932705881,0.0,0.0
2023,2,25,19,9.1501,0.0,0.0,0.0,9.462357807652534,115.29082455746594,0.0,0.0
2023,2,25,20,9.1501,0.0,0.0,0.0,9.462357807652534,105.68325584434378,0.0,0.0
2023,2,25,21,9.1501,0.0,0.0,0.0,9.462357807652534,96.07568713122161,0.0,0.0
2023,2,25,22,9.1501,0.0,0.0,0.0,9.462357807652534,86.46811841809945,0.0,0.0
2023,2,25,23,9.1501,0.0,0.0,0.0,9.462357807652534,76.86054970497729,0.0,0.0
2023,2,26,0,9.1501,0.0,0.0,0.0,9.462357807652534,67.25298099185513,0.0,0.0
2023,2,26,1,9.1501,0.0,0.0,0.0,9.462357807652534,57.64541227873296,0.0,0.0
2023,2,26,2,9.1501,0.0,0.0,0.0,9.462357807652534,48.0378435656108,0.0,0.0
2023,2,26,3,9.1501,0.0,0.0,0.0,9.462357807652534,38.43027485248864,0.0,0.0
2023,2,26,4,9.1501,0.0,0.0,0.0,9.462357807652534,28.822706139366478,0.0,0.0
2023,2,26,5,9.1501,0.0,0.0,0.0,9.462357807652534,19.21513742624432,0.0,0.0
2023,2,26,6,9.1501,0.0,0.0,0.0,9.462357807652534,9.60756871312216,0.0,0.0
2023,2,26,7,9.1501,0.0,0.0,0.0,9.462357807652534,0.0,0.0,0.0
2023,2,26,8,9.1501,10.63746660072588,9.462357807652534,0.0,0.0,0.0,1.1751087930733455,0.0
2023,2,26,9,9.1501,33.087163339007866,9.462357807652534,0.0,0.0,0.0,23.62480553135533,0.0
2023,2,26,10,9.1501,53.56715024684212,9.462357807652534,0.0,0.0,0.0,44.10479243918958,0.0
2023,2,26,11,9.1501,67.13291305374304,9.462357807652534,0.0,0.0,0.0,57.6705552460905,0.0
2023,2,26,12,9.1501,66.63596396228333,9.462357807652534,0.0,0.0,0.0,57.17360615463079,0.0
2023,2,26,13,9.1501,80.74001651296643,9.462357807652534,0.0,0.0,0.0,71.2776587053139,0.0
2023,2,26,14,9.1501,74.27278821526984,49.52026558146616,40.057907773813625,0.0,37.479840562666546,24.75252263380368,0.0
2023,2,26,15,9.1501,64.10384900753196,64.10384900753196,54.641491199879425,0.0,88.60468686870858,0.0,0.0
2023,2,26,16,9.1501,51.954003542675686,51.954003542675686,42.49164573502315,0.0,128.36163364651978,0.0,0.0
2023,2,26,17,9.1501,26.807690503942496,26.807690503942496,17.34533269628996,0.0,144.5906465953272,0.0,0.0
2023,2,26,18,9.1501,0.25751781342539376,0.25751781342539376,0.0,9.204839994227141,135.24454760652011,0.0,0.0
2023,2,26,19,9.1501,0.0,-0.0,0.0,9.462357807652534,125.63697889339795,0.0,0.0
2023,2,26,20,9.1501,0.0,-0.0,0.0,9.462357807652534,116.02941018027579,0.0,0.0
2023,2,26,21,9.1501,0.0,-0.0,0.0,9.462357807652534,106.42184146715363,0.0,0.0
2023,2,26,22,9.1501,0.0,-0.0,0.0,9.462357807652534,96.81427275403146,0.0,0.0
2023,2,26,23,9.1501,0.0,-0.0,0.0,9.462357807652534,87.2067040409093,0.0,0.0
2023,2,27,0,9.1501,0.0,-0.0,0.0,9.462357807652534,77.59913532778714,0.0,0.0
2023,2,27,1,9.1501,0.0,-0.0,0.0,9.462357807652534,67.99156661466498,0.0,0.0
2023,2,27,2,9.1501,0.0,-0.0,0.0,9.462357807652534,58.38399790154281,0.0,0.0
2023,2,27,3,9.1501,0.0,-0.0,0.0,9.462357807652534,48.77642918842065,0.0,0.0
2023,2,27,4,9.1501,0.0,-0.0,0.0,9.462357807652534,39.16886047529849,0.0,0.0
2023,2,27,5,9.1501,0.0,-0.0,0.0,9.462357807652534,29.561291762176328,0.0,0.0
2023,2,27,6,9.1501,0.0,-0.0,0.0,9.462357807652534,19.95372304905417,0.0,0.0
2023,2,27,7,9.1501,0.0,-0.0,0.0,9.462357807652534,10.34615433593201,0.0,0.0
2023,2,27,8,9.1501,3.894633954212803,3.894633954212803,0.0,5.567723853439731,4.6929872728190105,0.0,0.0
2023,2,27,9,9.1501,8.168223888048276,8.168223888048276,0.0,1.294133919604258,3.3789933603794875,0.0,0.0
2023,2,27,10,9.1501,17.858300539717526,17.858300539717526,8.395942732064992,0.0,11.234585737991988,0.0,0.0
2023,2,27,11,9.1501,36.40991826942649,36.40991826942649,26.947560461773957,0.0,36.44784139185688,0.0,0.0
2023,2,27,12,9.1501,31.294012544520676,31.294012544520676,21.831654736868142,0.0,56.874443384582534,0.0,0.0
2023,2,27,13,9.1501,25.375409153686878,25.375409153686878,15.913051346034344,0.0,71.76335447506091,0.0,0.0
2023,2,27,14,9.1501,26.158297757043677,26.158297757043677,16.695939949391143,0.0,87.38476862580453,0.0,0.0
2023,2,27,15,9.1501,29.343250513054066,29.343250513054066,19.880892705401532,0.0,105.98615672248971,0.0,0.0
2023,2,27,16,9.1501,18.032275784907924,18.032275784907924,8.56991797725539,0.0,114.00452755793893,0.0,0.0
2023,2,27,17,9.1501,10.25334303956292,10.25334303956292,0.7909852319103853,0.0,114.74460615981751,0.0,0.0
2023,2,27,18,9.1501,1.4348651410257727,1.4348651410257727,0.0,8.027492666626761,106.59392226511976,0.0,0.0
2023,2,27,19,9.1501,0.0,-0.0,0.0,9.462357807652534,96.9863535519976,0.0,0.0
2023,2,27,20,9.1501,0.0,-0.0,0.0,9.462357807652534,87.37878483887543,0.0,0.0
2023,2,27,21,9.1501,0.0,-0.0,0.0,9.462357807652534,77.77121612575327,0.0,0.0
2023,2,27,22,9.1501,0.0,-0.0,0.0,9.462357807652534,68.16364741263111,0.0,0.0
2023,2,27,23,9.1501,0.0,-0.0,0.0,9.462357807652534,58.556078699508944,0.0,0.0
2023,2,28,0,9.1501,0.0,-0.0,0.0,9.462357807652534,48.94850998638678,0.0,0.0
2023,2,28,1,9.1501,0.0,-0.0,0.0,9.462357807652534,39.34094127326462,0.0,0.0
2023,2,28,2,9.1501,0.0,-0.0,0.0,9.462357807652534,29.73337256014246,0.0,0.0
2023,2,28,3,9.1501,0.0,-0.0,0.0,9.462357807652534,20.1258038470203,0.0,0.0
2023,2,28,4,9.1501,0.0,-0.0,0.0,9.462357807652534,10.518235133898141,0.0,0.0
2023,2,28,5,9.1501,0.0,-0.0,0.0,9.462357807652534,0.910666420775982,0.0,0.0
2023,2,28,6,9.1501,0.0,-0.0,0.0,0.8969024083093299,0.0,0.0,8.282795371164879
2023,2,28,7,9.1501,0.0,-0.0,0.0,-0.0,0.0,0.0,9.1501
2023,2,28,8,9.1501,10.410954276542341,9.462357807652534,0.0,0.0,0.0,0.9485964688898072,0.0
2023,2,28,9,9.1501,30.21226547541601,9.462357807652534,0.0,0.0,0.0,20.749907667763477,0.0
2023,2,28,10,9.1501,53.74112549203251,9.462357807652534,0.0,0.0,0.0,44.27876768437997,0.0
2023,2,28,11,9.1501,73.65440095761288,15.152751962727217,5.690394155074682,0.0,5.324168872602712,58.50164899488566,0.0
2023,2,28,12,9.1501,57.33862350767755,57.33862350767755,47.87626570002502,0.0,50.1191895038554,0.0,0.0
2023,2,28,13,9.1501,47.36088481693111,47.36088481693111,37.898527009278574,0.0,85.5786238279872,0.0,0.0
2023,2,28,14,9.1501,41.149451805479806,41.149451805479806,31.687093997827272,0.0,115.22638370697823,0.0,0.0
2023,2,28,15,9.1501,26.282319714011088,26.282319714011088,16.819961906358554,0.0,130.96383794647673,0.0,0.0
2023,2,28,16,9.1501,14.248744833811754,14.248744833811754,4.78638702615922,0.0,135.4421802409521,0.0,0.0
2023,2,28,17,9.1501,7.848695096139167,7.848695096139167,0.0,1.613662711513367,133.8037539949979,0.0,0.0
2023,2,28,18,9.1501,0.6915946628113332,0.6915946628113332,0.0,8.770763144841201,124.8983932705881,0.0,0.0
2023,2,28,19,9.1501,0.0,0.0,0.0,9.462357807652534,115.29082455746594,0.0,0.0
2023,2,28,20,9.1501,0.0,0.0,0.0,9.462357807652534,105.68325584434378,0.0,0.0
2023,2,28,21,9.1501,0.0,0.0,0.0,9.462357807652534,96.07568713122161,0.0,0.0
2023,2,28,22,9.1501,0.0,0.0,0.0,9.462357807652534,86.46811841809945,0.0,0.0
2023,2,28,23,9.1501,0.0,0.0,0.0,9.462357807652534,76.86054970497729,0.0,0.0
2023,3,1,0,9.1501,0.0,0.0,0.0,9.462357807652534,67.25298099185513,0.0,0.0
2023,3,1,1,9.1501,0.0,0.0,0.0,9.462357807652534,57.64541227873296,0.0,0.0
2023,3,1,2,9.1501,0.0,0.0,0.0,9.462357807652534,48.0378435656108,0.0,0.0
2023,3,1,3,9.1501,0.0,0.0,0.0,9.462357807652534,38.43027485248864,0.0,0.0
2023,3,1,4,9.1501,0.0,0.0,0.0,9.462357807652534,28.822706139366478,0.0,0.0
2023,3,1,5,9.1501,0.0,0.0,0.0,9.462357807652534,19.21513742624432,0.0,0.0
2023,3,1,6,9.1501,0.0,0.0,0.0,9.462357807652534,9.60756871312216,0.0,0.0
2023,3,1,7,9.1501,0.0,0.0,0.0,9.462357807652534,0.0,0.0,0.0
2023,3,1,8,9.1501,10.35238835241884,9.462357807652534,0.0,0.0,0.0,0.8900305447663062,0.0
2023,3,1,9,9.1501,39.948850360948036,9.462357807652534,0.0,0.0,0.0,30.486492553295502,0.0
2023,3,1,10,9.1501,53.451740925775205,9.462357807652534,0.0,0.0,0.0,43.989383118122674,0.0
2023,3,1,11,9.1501,71.65626942869343,9.462357807652534,0.0,0.0,0.0,62.1939116210409,0.0
2023,3,1,12,9.1501,79.28792610013963,9.462357807652534,0.0,0.0,0.0,69.82556829248709,0.0
2023,3,1,13,9.1501,81.87860697901449,9.462357807652534,0.0,0.0,0.0,72.41624917136195,0.0
2023,3,1,14,9.1501,80.59963054778805,26.6483433579225,17.185985550269965,0.0,16.07992114749149,53.95128718986555,0.0
2023,3,1,15,9.1501,66.65749555203462,66.65749555203462,57.19513774438209,0.0,69.59406511435472,0.0,0.0
2023,3,1,16,9.1501,52.91689623635324,52.91689623635324,43.45453842870071,0.0,110.25193424791568,0.0,0.0
2023,3,1,17,9.1501,29.639525188031776,29.639525188031776,20.17716738037924,0.0,129.1305292232931,0.0,0.0
2023,3,1,18,9.1501,5.294187288046473,5.294187288046473,0.0,4.168170519606061,124.8983932705881,0.0,0.0
2023,3,1,19,9.1501,0.0,0.0,0.0,9.462357807652534,115.29082455746594,0.0,0.0
2023,3,1,20,9.1501,0.0,0.0,0.0,9.462357807652534,105.68325584434378,0.0,0.0
2023,3,1,21,9.1501,0.0,0.0,0.0,9.462357807652534,96.07568713122161,0.0,0.0
2023,3,1,22,9.1501,0.0,0.0,0.0,9.462357807652534,86.46811841809945,0.0,0.0
2023,3,1,23,9.1501,0.0,0.0,0.0,9.462357807652534,76.86054970497729,0.0,0.0
2023,3,2,0,9.1501,0.0,0.0,0.0,9.462357807652534,67.25298099185513,0.0,0.0
2023,3,2,1,9.1501,0.0,0.0,0.0,9.462357807652534,57.64541227873296,0.0,0.0
2023,3,2,2,9.1501,0.0,0.0,0.0,9.462357807652534,48.0378435656108,0.0,0.0
2023,3,2,3,9.1501,0.0,0.0,0.0,9.462357807652534,38.43027485248864,0.0,0.0
2023,3,2,4,9.1501,0.0,0.0,0.0,9.462357807652534,28.822706139366478,0.0,0.0
2023,3,2,5,9.1501,0.0,0.0,0.0,9.462357807652534,19.21513742624432,0.0,0.0
2023,3,2,6,9.1501,0.0,0.0,0.0,9.462357807652534,9.60756871312216,0.0,0.0
2023,3,2,7,9.1501,0.0,0.0,0.0,9.462357807652534,0.0,0.0,0.0
2023,3,2,8,9.1501,10.013911761528606,9.462357807652534,0.0,0.0,0.0,0.5515539538760716,0.0
2023,3,2,9,9.1501,36.87500060805429,9.462357807652534,0.0,0.0,0.0,27.41264280040176,0.0
2023,3,2,10,9.1501,52.276977388944985,9.462357807652534,0.0,0.0,0.0,42.81461958129245,0.0
2023,3,2,11,9.1501,56.70731729616982,9.462357807652534,0.0,0.0,0.0,47.24495948851728,0.0
2023,3,2,12,9.1501,56.277546764734126,43.99370787520961,34.53135006755707,0.0,32.308963869344126,12.283838889524517,0.0
2023,3,2,13,9.1501,59.307472074535255,59.307472074535255,49.84511426688272,0.0,78.94612090958071,0.0,0.0
2023,3,2,14,9.1501,42.12440218941809,42.12440218941809,32.66204438176556,0.0,109.50608481961713,0.0,0.0
2023,3,2,15,9.1501,34.36355597946417,34.36355597946417,24.901198171811632,0.0,132.80467900902633,0.0,0.0
2023,3,2,16,9.1501,19.86418344094742,19.86418344094742,10.401825633294887,0.0,142.53705865545925,0.0,0.0
2023,3,2,17,9.1501,11.657202691346837,11.657202691346837,2.1948448836943033,0.0,144.5906465953272,0.0,0.0
2023,3,2,18,9.1501,0.5847979776449578,0.5847979776449578,0.0,8.877559830007575,135.57685026618475,0.0,0.0
2023,3,2,19,9.1501,0.0,-0.0,0.0,9.462357807652534,125.96928155306259,0.0,0.0
2023,3,2,20,9.1501,0.0,-0.0,0.0,9.462357807652534,116.36171283994042,0.0,0.0
2023,3,2,21,9.1501,0.0,-0.0,0.0,9.462357807652534,106.75414412681826,0.0,0.0
2023,3,2,22,9.1501,0.0,-0.0,0.0,9.462357807652534,97.1465754136961,0.0,0.0
2023,3,2,23,9.1501,0.0,-0.0,0.0,9.462357807652534,87.53900670057394,0.0,0.0
2023,3,3,0,9.1501,0.0,-0.0,0.0,9.462357807652534,77.93143798745177,0.0,0.0
2023,3,3,1,9.1501,0.0,-0.0,0.0,9.462357807652534,68.32386927432961,0.0,0.0
2023,3,3,2,9.1501,0.0,-0.0,0.0,9.462357807652534,58.71630056120745,0.0,0.0
2023,3,3,3,9.1501,0.0,-0.0,0.0,9.462357807652534,49.108731848085284,0.0,0.0
2023,3,3,4,9.1501,0.0,-0.0,0.0,9.462357807652534,39.50116313496312,0.0,0.0
2023,3,3,5,9.1501,0.0,-0.0,0.0,9.462357807652534,29.893594421840962,0.0,0.0
2023,3,3,6,9.1501,0.0,-0.0,0.0,9.462357807652534,20.286025708718803,0.0,0.0
2023,3,3,7,9.1501,0.0,-0.0,0.0,9.462357807652534,10.678456995596644,0.0,0.0
2023,3,3,8,9.1501,2.1333499125575264,2.1333499125575264,0.0,7.329007895095008,3.236976935077905,0.0,0.0
2023,3,3,9,9.1501,12.092140804322836,12.092140804322836,2.6297829966703024,0.0,5.697511019537675,0.0,0.0
2023,3,3,10,9.1501,28.77137148925988,28.77137148925988,19.309013681607347,0.0,23.763825373630866,0.0,0.0
2023,3,3,11,9.1501,50.20563845487116,50.20563845487116,40.743280647218626,0.0,61.884929233577964,0.0,0.0
2023,3,3,12,9.1501,35.16108606385184,35.16108606385184,25.698728256199306,0.0,85.92972566039708,0.0,0.0
2023,3,3,13,9.1501,31.767707519048994,31.767707519048994,22.30534971139646,0.0,106.79953632545045,0.0,0.0
2023,3,3,14,9.1501,21.28354583735228,21.28354583735228,11.821188029699744,0.0,117.85993032096712,0.0,0.0
2023,3,3,15,9.1501,18.125292252633486,18.125292252633486,8.662934444980952,0.0,125.96533122298251,0.0,0.0
2023,3,3,16,9.1501,11.276524184544082,11.276524184544082,1.8141663768915477,0.0,127.66274055708894,0.0,0.0
2023,3,3,17,9.1501,3.336535147859449,3.336535147859449,0.0,6.125822659793085,121.4429100111794,0.0,0.0
2023,3,3,18,9.1501,1.7121920170223504,1.7121920170223504,0.0,7.7501657906301835,113.57380889651328,0.0,0.0
2023,3,3,19,9.1501,0.0,-0.0,0.0,9.462357807652534,103.96624018339112,0.0,0.0
2023,3,3,20,9.1501,0.0,-0.0,0.0,9.462357807652534,94.35867147026896,0.0,0.0
2023,3,3,21,9.1501,0.0,-0.0,0.0,9.462357807652534,84.7511027571468,0.0,0.0
2023,3,3,22,9.1501,0.0,-0.0,0.0,9.462357807652534,75.14353404402463,0.0,0.0
2023,3,3,23,9.1501,0.0,-0.0,0.0,9.462357807652534,65.53596533090247,0.0,0.0
2023,3,4,0,9.1501,0.0,-0.0,0.0,9.462357807652534,55.92839661778031,0.0,0.0
2023,3,4,1,9.1501,0.0,-0.0,0.0,9.462357807652534,46.320827904658145,0.0,0.0
2023,3,4,2,9.1501,0.0,-0.0,0.0,9.462357807652534,36.71325919153598,0.0,0.0
2023,3,4,3,9.1501,0.0,-0.0,0.0,9.462357807652534,27.105690478413823,0.0,0.0
2023,3,4,4,9.1501,0.0,-0.0,0.0,9.462357807652534,17.498121765291664,0.0,0.0
2023,3,4,5,9.1501,0.0,-0.0,0.0,9.462357807652534,7.890553052169505,0.0,0.0
2023,3,4,6,9.1501,0.0,-0.0,0.0,7.771293498834574,0.0,0.0,1.6352591866269677
2023,3,4,7,9.1501,0.0,-0.0,0.0,-0.0,0.0,0.0,9.1501
2023,3,4,8,9.1501,7.2268627841220034,7.2268627841220034,0.0,-0.0,0.0,0.0,2.161723687754023
2023,3,4,9,9.1501,27.366650573885906,9.462357807652534,0.0,0.0,0.0,17.90429276623337,0.0
2023,3,4,10,9.1501,35.86818347128411,9.462357807652534,0.0,0.0,0.0,26.40582566363158,0.0
2023,3,4,11,9.1501,59.4556094120241,9.462357807652534,0.0,0.0,0.0,49.993251604371565,0.0
2023,3,4,12,9.1501,45.06303355867376,9.462357807652534,0.0,0.0,0.0,35.60067575102123,0.0
2023,3,4,13,9.1501,53.9702216069862,45.15247064566817,35.69011283801563,0.0,33.39315039580899,8.817750961318033,0.0
2023,3,4,14,9.1501,58.98449822826595,58.98449822826595,49.52214042061341,0.0,79.72811970491304,0.0,0.0
2023,3,4,15,9.1501,41.33720726811104,41.33720726811104,31.874849460458503,0.0,109.55155138493578,0.0,0.0
2023,3,4,16,9.1501,29.115876925280475,29.115876925280475,19.65351911762794,0.0,127.94019931890367,0.0,0.0
2023,3,4,17,9.1501,13.008525264137608,13.008525264137608,3.5461674564850743,0.0,131.25814072583012,0.0,0.0
2023,3,4,18,9.1501,3.198732973451212,3.198732973451212,0.0,6.263624834201322,124.8983932705881,0.0,0.0
2023,3,4,19,9.1501,0.0,0.0,0.0,9.462357807652534,115.29082455746594,0.0,0.0
2023,3,4,20,9.1501,0.0,0.0,0.0,9.462357807652534,105.68325584434378,0.0,0.0
2023,3,4,21,9.1501,0.0,0.0,0.0,9.462357807652534,96.07568713122161,0.0,0.0
2023,3,4,22,9.1501,0.0,0.0,0.0,9.462357807652534,86.46811841809945,0.0,0.0
2023,3,4,23,9.1501,0.0,0.0,0.0,9.462357807652534,76.86054970497729,0.0,0.0
2023,3,5,0,9.1501,0.0,0.0,0.0,9.462357807652534,67.25298099185513,0.0,0.0
2023,3,5,1,9.1501,0.0,0.0,0.0,9.462357807652534,57.64541227873296,0.0,0.0
2023,3,5,2,9.1501,0.0,0.0,0.0,9.462357807652534,48.0378435656108,0.0,0.0
2023,3,5,3,9.1501,0.0,0.0,0.0,9.462357807652534,38.43027485248864,0.0,0.0
2023,3,5,4,9.1501,0.0,0.0,0.0,9.462357807652534,28.822706139366478,0.0,0.0
2023,3,5,5,9.1501,0.0,0.0,0.0,9.462357807652534,19.21513742624432,0.0,0.0
2023,3,5,6,9.1501,0.0,0.0,0.0,9.462357807652534,9.60756871312216,0.0,0.0
2023,3,5,7,9.1501,0.0,0.0,0.0,9.462357807652534,0.0,0.0,0.0
2023,3,5,8,9.1501,16.065149745230332,9.462357807652534,0.0,0.0,0.0,6.602791937577798,0.0
2023,3,5,9,9.1501,40.59135299912645,9.462357807652534,0.0,0.0,0.0,31.128995191473916,0.0
2023,3,5,10,9.1501,60.04643623479943,9.462357807652534,0.0,0.0,0.0,50.58407842714689,0.0
2023,3,5,11,9.1501,69.65124779105358,9.462357807652534,0.0,0.0,0.0,60.18888998340104,0.0
2023,3,5,12,9.1501,75.31577842282219,9.462357807652534,0.0,0.0,0.0,65.85342061516965,0.0
2023,3,5,13,9.1501,70.65892619141381,9.462357807652534,0.0,0.0,0.0,61.196568383761274,0.0
2023,3,5,14,9.1501,76.55513672890628,47.538498060757675,38.076140253105144,0.0,35.62561664443734,29.0166386681486,0.0
2023,3,5,15,9.1501,66.40083900219928,66.40083900219928,56.938481194546746,0.0,88.89962209429393,0.0,0.0
2023,3,5,16,9.1501,50.30812882208729,50.30812882208729,40.84577101443476,0.0,127.11662019425377,0.0,0.0
2023,3,5,17,9.1501,28.13834275057204,28.13834275057204,18.675984942919506,0.0,144.5906465953272,0.0,0.0
2023,3,5,18,9.1501,5.277823279835495,5.277823279835495,0.0,4.184534527817039,140.34189550963896,0.0,0.0
2023,3,5,19,9.1501,0.0,-0.0,0.0,9.462357807652534,130.7343267965168,0.0,0.0
2023,3,5,20,9.1501,0.0,-0.0,0.0,9.462357807652534,121.12675808339463,0.0,0.0
2023,3,5,21,9.1501,0.0,-0.0,0.0,9.462357807652534,111.51918937027247,0.0,0.0
2023,3,5,22,9.1501,0.0,-0.0,0.0,9.462357807652534,101.91162065715031,0.0,0.0
2023,3,5,23,9.1501,0.0,-0.0,0.0,9.462357807652534,92.30405194402815,0.0,0.0
2023,3,6,0,9.1501,0.0,-0.0,0.0,9.462357807652534,82.69648323090598,0.0,0.0
2023,3,6,1,9.1501,0.0,-0.0,0.0,9.462357807652534,73.08891451778382,0.0,0.0
2023,3,6,2,9.1501,0.0,-0.0,0.0,9.462357807652534,63.48134580466166,0.0,0.0
2023,3,6,3,9.1501,0.0,-0.0,0.0,9.462357807652534,53.873777091539495,0.0,0.0
2023,3,6,4,9.1501,0.0,-0.0,0.0,9.462357807652534,44.26620837841733,0.0,0.0
2023,3,6,5,9.1501,0.0,-0.0,0.0,9.462357807652534,34.65863966529517,0.0,0.0
2023,3,6,6,9.1501,0.0,-0.0,0.0,9.462357807652534,25.05107095217301,0.0,0.0
2023,3,6,7,9.1501,0.0,-0.0,0.0,9.462357807652534,15.44350223905085,0.0,0.0
2023,3,6,8,9.1501,3.744774089543853,3.744774089543853,0.0,5.717583718108681,9.63817553703879,0.0,0.0
2023,3,6,9,9.1501,10.06817136770185,10.06817136770185,0.6058135600493167,0.0,10.204999839734722,0.0,0.0
2023,3,6,10,9.1501,20.074331756919992,20.074331756919992,10.611973949267458,0.0,20.134002969891206,0.0,0.0
2023,3,6,11,9.1501,18.770378681582045,18.770378681582045,9.308020873929511,0.0,28.842973500221966,0.0,0.0
2023,3,6,12,9.1501,13.990365756796308,13.990365756796308,4.528007949143774,0.0,33.07956560979131,0.0,0.0
2023,3,6,13,9.1501,21.82614189908471,21.82614189908471,12.363784091432176,0.0,44.64763499361062,0.0,0.0
2023,3,6,14,9.1501,21.684894670316268,21.684894670316268,12.222536862663734,0.0,56.08354760968131,0.0,0.0
2023,3,6,15,9.1501,13.871511381369205,13.871511381369205,4.4091535737166705,0.0,60.20893463419389,0.0,0.0
2023,3,6,16,9.1501,19.25957640073129,19.25957640073129,9.797218593078757,0.0,69.37561884794671,0.0,0.0
2023,3,6,17,9.1501,10.859672606959164,10.859672606959164,1.3973147993066297,0.0,70.68300455040476,0.0,0.0
2023,3,6,18,9.1501,2.310770212108132,2.310770212108132,0.0,7.1515875955444015,63.421667510651574,0.0,0.0
2023,3,6,19,9.1501,0.0,-0.0,0.0,9.462357807652534,53.81409879752941,0.0,0.0
2023,3,6,20,9.1501,0.0,-0.0,0.0,9.462357807652534,44.20653008440725,0.0,0.0
2023,3,6,21,9.1501,0.0,-0.0,0.0,9.462357807652534,34.598961371285085,0.0,0.0
2023,3,6,22,9.1501,0.0,-0.0,0.0,9.462357807652534,24.991392658162926,0.0,0.0
2023,3,6,23,9.1501,0.0,-0.0,0.0,9.462357807652534,15.383823945040767,0.0,0.0
2023,3,7,0,9.1501,0.0,-0.0,0.0,9.462357807652534,5.776255231918608,0.0,0.0
2023,3,7,1,9.1501,0.0,-0.0,0.0,5.688951640604721,0.0,0.0,3.6488837635352356
2023,3,7,2,9.1501,0.0,-0.0,0.0,-0.0,0.0,0.0,9.1501
2023,3,7,3,9.1501,0.0,-0.0,0.0,-0.0,0.0,0.0,9.1501
2023,3,7,4,9.1501,0.0,-0.0,0.0,-0.0,0.0,0.0,9.1501
2023,3,7,5,9.1501,0.0,-0.0,0.0,-0.0,0.0,0.0,9.1501
2023,3,7,6,9.1501,0.0,-0.0,0.0,-0.0,0.0,0.0,9.1501
2023,3,7,7,9.1501,0.0,-0.0,0.0,-0.0,0.0,0.0,9.1501
2023,3,7,8,9.1501,6.051237983701728,6.051237983701728,0.0,-0.0,0.0,0.0,3.29855286976043
2023,3,7,9,9.1501,14.341761301537314,14.341761301537314,4.87940349388478,0.0,4.565372361041537,0.0,0.0
2023,3,7,10,9.1501,8.30430353527641,8.30430353527641,0.0,1.1580542723761231,3.389546396567837,0.0,0.0
2023,3,7,11,9.1501,3.096242606235086,3.096242606235086,0.0,3.3383160472387012,-0.0,0.0,2.9278817820908483
2023,3,7,12,9.1501,5.184806812109934,5.184806812109934,0.0,0.0,-0.0,0.0,4.136391812689694
2023,3,7,13,9.1501,8.539428495360466,8.539428495360466,0.0,0.0,-0.0,0.0,0.8924726449864293
2023,3,7,14,9.1501,2.592403406054967,2.592403406054967,0.0,0.0,-0.0,0.0,6.6432459063448475
2023,3,7,15,9.1501,2.045501026372275,2.045501026372275,0.0,0.0,-0.0,0.0,7.17210050749801
2023,3,7,16,9.1501,4.1297589142968665,4.1297589142968665,0.0,0.0,0.0,0.0,5.15662312987493
2023,3,7,17,9.1501,9.002788306808164,9.002788306808164,0.0,-0.0,0.0,0.0,0.44440370731650625
2023,3,7,18,9.1501,1.3814667984425806,1.3814667984425806,0.0,-0.0,0.0,0.0,7.814221605906025
2023,3,7,19,9.1501,0.0,-0.0,0.0,-0.0,0.0,0.0,9.1501
2023,3,7,20,9.1501,0.0,-0.0,0.0,-0.0,0.0,0.0,9.1501
2023,3,7,21,9.1501,0.0,-0.0,0.0,-0.0,0.0,0.0,9.1501
2023,3,7,22,9.1501,0.0,-0.0,0.0,-0.0,0.0,0.0,9.1501
2023,3,7,23,9.1501,0.0,-0.0,0.0,-0.0,0.0,0.0,9.1501
2023,3,8,0,9.1501,0.0,-0.0,0.0,-0.0,0.0,0.0,9.1501
2023,3,8,1,9.1501,0.0,-0.0,0.0,-0.0,0.0,0.0,9.1501
2023,3,8,2,9.1501,0.0,-0.0,0.0,-0.0,0.0,0.0,9.1501
2023,3,8,3,9.1501,0.0,-0.0,0.0,-0.0,0.0,0.0,9.1501
2023,3,8,4,9.1501,0.0,-0.0,0.0,-0.0,0.0,0.0,9.1501
2023,3,8,5,9.1501,0.0,-0.0,0.0,-0.0,0.0,0.0,9.1501
2023,3,8,6,9.1501,0.0,-0.0,0.0,-0.0,0.0,0.0,9.1501
2023,3,8,7,9.1501,0.0,-0.0,0.0,-0.0,0.0,0.0,9.1501
2023,3,8,8,9.1501,6.443112917175153,6.443112917175153,0.0,-0.0,0.0,0.0,2.9196098090916274
2023,3,8,9,9.1501,16.898852900400172,9.462357807652534,0.0,0.0,0.0,7.436495092747638,0.0
2023,3,8,10,9.1501,35.786363430229216,16.16681396200281,6.704456154350275,0.0,6.272967353744399,19.619549468226406,0.0
2023,3,8,11,9.1501,41.412137200445514,41.412137200445514,31.94977939279298,0.0,36.16650658738988,0.0,0.0
2023,3,8,12,9.1501,50.81110675867736,50.81110675867736,41.34874895102483,0.0,74.85411171396677,0.0,0.0
2023,3,8,13,9.1501,19.88140871274846,19.88140871274846,10.419050905095926,0.0,84.60260803939343,0.0,0.0
2023,3,8,14,9.1501,27.701682110415934,27.701682110415934,18.2393243027634,0.0,101.6680766279757,0.0,0.0
2023,3,8,15,9.1501,27.652590085782993,27.652590085782993,18.19023227813046,0.0,118.6876126814258,0.0,0.0
2023,3,8,16,9.1501,24.29107829381206,24.29107829381206,14.828720486159527,0.0,132.56197882924857,0.0,0.0
2023,3,8,17,9.1501,9.488540971597201,9.488540971597201,0.026183163944667312,0.0,132.58647688380532,0.0,0.0
2023,3,8,18,9.1501,1.8904735801630077,1.8904735801630077,0.0,7.571884227489527,124.8983932705881,0.0,0.0
2023,3,8,19,9.1501,0.0,0.0,0.0,9.462357807652534,115.29082455746594,0.0,0.0
2023,3,8,20,9.1501,0.0,0.0,0.0,9.462357807652534,105.68325584434378,0.0,0.0
2023,3,8,21,9.1501,0.0,0.0,0.0,9.462357807652534,96.07568713122161,0.0,0.0
2023,3,8,22,9.1501,0.0,0.0,0.0,9.462357807652534,86.46811841809945,0.0,0.0
2023,3,8,23,9.1501,0.0,0.0,0.0,9.462357807652534,76.86054970497729,0.0,0.0
2023,3,9,0,9.1501,0.0,0.0,0.0,9.462357807652534,67.25298099185513,0.0,0.0
2023,3,9,1,9.1501,0.0,0.0,0.0,9.462357807652534,57.64541227873296,0.0,0.0
2023,3,9,2,9.1501,0.0,0.0,0.0,9.462357807652534,48.0378435656108,0.0,0.0
2023,3,9,3,9.1501,0.0,0.0,0.0,9.462357807652534,38.43027485248864,0.0,0.0
2023,3,9,4,9.1501,0.0,0.0,0.0,9.462357807652534,28.822706139366478,0.0,0.0
2023,3,9,5,9.1501,0.0,0.0,0.0,9.462357807652534,19.21513742624432,0.0,0.0
2023,3,9,6,9.1501,0.0,0.0,0.0,9.462357807652534,9.60756871312216,0.0,0.0
2023,3,9,7,9.1501,0.0,0.0,0.0,9.462357807652534,0.0,0.0,0.0
2023,3,9,8,9.1501,11.705433452389721,9.462357807652534,0.0,0.0,0.0,2.2430756447371873,0.0
2023,3,9,9,9.1501,38.69915689178334,9.462357807652534,0.0,0.0,0.0,29.236799084130805,0.0
2023,3,9,10,9.1501,57.877774515049786,9.462357807652534,0.0,0.0,0.0,48.415416707397256,0.0
2023,3,9,11,9.1501,60.22730158871023,9.462357807652534,0.0,0.0,0.0,50.764943781057696,0.0
2023,3,9,12,9.1501,62.9936802399556,9.462357807652534,0.0,0.0,0.0,53.53132243230307,0.0
2023,3,9,13,9.1501,72.82242032962314,45.88022039366548,36.417862586012944,0.0,34.074063255224246,26.94219993595766,0.0
2023,3,9,14,9.1501,56.664254116667244,56.664254116667244,47.201896309014714,0.0,78.23811590387223,0.0,0.0
2023,3,9,15,9.1501,52.38980291924173,52.38980291924173,42.9274451115892,0.0,118.4028146602249,0.0,0.0
2023,3,9,16,9.1501,36.25402955962717,36.25402955962717,26.791671751974636,0.0,143.4702143691965,0.0,0.0
2023,3,9,17,9.1501,10.65985945406721,10.65985945406721,1.1975016464146755,0.0,144.5906465953272,0.0,0.0
2023,3,9,18,9.1501,2.9050420892436475,2.9050420892436475,0.0,6.557315718408886,137.93270122707034,0.0,0.0
2023,3,9,19,9.1501,0.0,-0.0,0.0,9.462357807652534,128.32513251394818,0.0,0.0
2023,3,9,20,9.1501,0.0,-0.0,0.0,9.462357807652534,118.71756380082601,0.0,0.0
2023,3,9,21,9.1501,0.0,-0.0,0.0,9.462357807652534,109.10999508770385,0.0,0.0
2023,3,9,22,9.1501,0.0,-0.0,0.0,9.462357807652534,99.50242637458169,0.0,0.0
2023,3,9,23,9.1501,0.0,-0.0,0.0,9.462357807652534,89.89485766145953,0.0,0.0
2023,3,10,0,9.1501,0.0,-0.0,0.0,9.462357807652534,80.28728894833736,0.0,0.0
2023,3,10,1,9.1501,0.0,-0.0,0.0,9.462357807652534,70.6797202352152,0.0,0.0
2023,3,10,2,9.1501,0.0,-0.0,0.0,9.462357807652534,61.07215152209304,0.0,0.0
2023,3,10,3,9.1501,0.0,-0.0,0.0,9.462357807652534,51.464582808970874,0.0,0.0
2023,3,10,4,9.1501,0.0,-0.0,0.0,9.462357807652534,41.85701409584871,0.0,0.0
2023,3,10,5,9.1501,0.0,-0.0,0.0,9.462357807652534,32.24944538272655,0.0,0.0
2023,3,10,6,9.1501,0.0,-0.0,0.0,9.462357807652534,22.64187666960439,0.0,0.0
2023,3,10,7,9.1501,0.0,-0.0,0.0,9.462357807652534,13.03430795648223,0.0,0.0
2023,3,10,8,9.1501,12.534830289609301,12.534830289609301,3.0724724819567673,0.0,15.909040691080989,0.0,0.0
2023,3,10,9,9.1501,33.90622501314682,33.90622501314682,24.44386720549429,0.0,38.779737053206524,0.0,0.0
2023,3,10,10,9.1501,41.80315087032889,41.80315087032889,32.34079306267636,0.0,69.0391249000098,0.0,0.0
2023,3,10,11,9.1501,37.86028615507319,37.86028615507319,28.397928347420656,0.0,95.60940492514716,0.0,0.0
2023,3,10,12,9.1501,22.52376540702641,22.52376540702641,13.061407599373876,0.0,107.83019980821273,0.0,0.0
2023,3,10,13,9.1501,10.96819181930565,10.96819181930565,1.505834011653116,0.0,109.2391205883313,0.0,0.0
2023,3,10,14,9.1501,5.059923591552469,5.059923591552469,0.0,4.402434216100065,104.76912588976107,0.0,0.0
2023,3,10,15,9.1501,3.583717798204226,3.583717798204226,0.0,5.878640009448309,98.80027129996667,0.0,0.0
2023,3,10,16,9.1501,3.7172136546622054,3.7172136546622054,0.0,5.745144152990329,92.96696121608811,0.0,0.0
2023,3,10,17,9.1501,14.402049752840918,14.402049752840918,4.939691945188384,0.0,97.58874195360772,0.0,0.0
2023,3,10,18,9.1501,0.6468089561286646,0.6468089561286646,0.0,8.81554885152387,88.63790823366487,0.0,0.0
2023,3,10,19,9.1501,0.0,-0.0,0.0,9.462357807652534,79.03033952054271,0.0,0.0
2023,3,10,20,9.1501,0.0,-0.0,0.0,9.462357807652534,69.42277080742055,0.0,0.0
2023,3,10,21,9.1501,0.0,-0.0,0.0,9.462357807652534,59.815202094298385,0.0,0.0
2023,3,10,22,9.1501,0.0,-0.0,0.0,9.462357807652534,50.20763338117622,0.0,0.0
2023,3,10,23,9.1501,0.0,-0.0,0.0,9.462357807652534,40.60006466805406,0.0,0.0
2023,3,11,0,9.1501,0.0,-0.0,0.0,9.462357807652534,30.9924959549319,0.0,0.0
2023,3,11,1,9.1501,0.0,-0.0,0.0,9.462357807652534,21.38492724180974,0.0,0.0
2023,3,11,2,9.1501,0.0,-0.0,0.0,9.462357807652534,11.777358528687582,0.0,0.0
2023,3,11,3,9.1501,0.0,-0.0,0.0,9.462357807652534,2.169789815565423,0.0,0.0
2023,3,11,4,9.1501,0.0,-0.0,0.0,2.1369951353289314,0.0,0.0,7.0836257041369235
2023,3,11,5,9.1501,0.0,-0.0,0.0,-0.0,-0.0,0.0,9.1501
2023,3,11,6,9.1501,0.0,-0.0,0.0,0.0,-0.0,0.0,9.1501
2023,3,11,7,9.1501,0.0,-0.0,0.0,0.0,-0.0,0.0,9.1501
2023,3,11,8,9.1501,2.2108636356621596,2.2108636356621596,0.0,0.0,-0.0,0.0,7.012194864314692
2023,3,11,9,9.1501,5.667975686128817,5.667975686128817,0.0,0.0,-0.0,0.0,3.669167511513434
2023,3,11,10,9.1501,7.2509781646434455,7.2509781646434455,0.0,0.0,-0.0,0.0,2.1384041147897888
2023,3,11,11,9.1501,7.427537200603999,7.427537200603999,0.0,0.0,-0.0,0.0,1.967671527015933
2023,3,11,12,9.1501,4.375219037461539,4.375219037461539,0.0,0.0,0.0,0.0,4.919263190774692
2023,3,11,13,9.1501,2.449433650106421,2.449433650106421,0.0,-0.0,0.0,0.0,6.781497660347091
2023,3,11,14,9.1501,1.7216659165129082,1.7216659165129082,0.0,-0.0,0.0,0.0,7.485249058732018
2023,3,11,15,9.1501,1.095527286545488,1.095527286545488,0.0,-0.0,0.0,0.0,8.090725113910514
2023,3,11,16,9.1501,0.16105629133962754,0.16105629133962754,0.0,-0.0,0.0,0.0,8.994358566274581
2023,3,11,17,9.1501,0.11885437542710481,0.11885437542710481,0.0,-0.0,0.0,0.0,9.03516781896199
2023,3,11,18,9.1501,0.0,-0.0,0.0,-0.0,0.0,0.0,9.1501
2023,3,11,19,9.1501,0.0,-0.0,0.0,-0.0,0.0,0.0,9.1501
2023,3,11,20,9.1501,0.0,-0.0,0.0,-0.0,0.0,0.0,9.1501
2023,3,11,21,9.1501,0.0,-0.0,0.0,-0.0,0.0,0.0,9.1501
2023,3,11,22,9.1501,0.0,-0.0,0.0,-0.0,0.0,0.0,9.1501
2023,3,11,23,9.1501,0.0,-0.0,0.0,-0.0,0.0,0.0,9.1501
2023,3,12,0,9.1501,0.0,-0.0,0.0,-0.0,0.0,0.0,9.1501
2023,3,12,1,9.1501,0.0,-0.0,0.0,-0.0,0.0,0.0,9.1501
2023,3,12,2,9.1501,0.0,-0.0,0.0,-0.0,0.0,0.0,9.1501
2023,3,12,3,9.1501,0.0,-0.0,0.0,-0.0,0.0,0.0,9.1501
2023,3,12,4,9.1501,0.0,-0.0,0.0,-0.0,0.0,0.0,9.1501
2023,3,12,5,9.1501,0.0,-0.0,0.0,-0.0,0.0,0.0,9.1501
2023,3,12,6,9.1501,0.0,-0.0,0.0,-0.0,0.0,0.0,9.1501
2023,3,12,7,9.1501,0.0,-0.0,0.0,-0.0,0.0,0.0,9.1501
2023,3,12,8,9.1501,2.6897261917307853,2.6897261917307853,0.0,-0.0,0.0,0.0,6.5491347725963305
2023,3,12,9,9.1501,15.12981748643442,15.12981748643442,5.667459678781887,0.0,5.3027104250049035,0.0,0.0
2023,3,12,10,9.1501,8.020947814149462,8.020947814149462,0.0,1.441409993503072,3.8391803157162845,0.0,0.0
2023,3,12,11,9.1501,12.536552816789403,12.536552816789403,3.0741950091368686,0.0,6.715524718214413,0.0,0.0
2023,3,12,12,9.1501,18.885788002648944,18.885788002648944,9.42343019499641,0.0,15.532476997803194,0.0,0.0
2023,3,12,13,9.1501,19.05631819347913,19.05631819347913,9.593960385826595,0.0,24.50898439942994,0.0,0.0
2023,3,12,14,9.1501,32.18542036022396,32.18542036022396,22.723062552571424,0.0,45.76962453008137,0.0,0.0
2023,3,12,15,9.1501,35.42980030394791,35.42980030394791,25.967442496295376,0.0,70.06584114920275,0.0,0.0
2023,3,12,16,9.1501,27.84465186636448,27.84465186636448,18.382294058711945,0.0,87.26507817343301,0.0,0.0
2023,3,12,17,9.1501,20.53510777759754,20.53510777759754,11.072749969945006,0.0,97.62520246667191,0.0,0.0
2023,3,12,18,9.1501,3.358928001200788,3.358928001200788,0.0,6.103429806451746,91.4281084185289,0.0,0.0
2023,3,12,19,9.1501,0.0,-0.0,0.0,9.462357807652534,81.82053970540673,0.0,0.0
2023,3,12,20,9.1501,0.0,-0.0,0.0,9.462357807652534,72.21297099228457,0.0,0.0
2023,3,12,21,9.1501,0.0,-0.0,0.0,9.462357807652534,62.605402279162405,0.0,0.0
2023,3,12,22,9.1501,0.0,-0.0,0.0,9.462357807652534,52.99783356604024,0.0,0.0
2023,3,12,23,9.1501,0.0,-0.0,0.0,9.462357807652534,43.39026485291808,0.0,0.0
2023,3,13,0,9.1501,0.0,-0.0,0.0,9.462357807652534,33.78269613979592,0.0,0.0
2023,3,13,1,9.1501,0.0,-0.0,0.0,9.462357807652534,24.175127426673757,0.0,0.0
2023,3,13,2,9.1501,0.0,-0.0,0.0,9.462357807652534,14.567558713551598,0.0,0.0
2023,3,13,3,9.1501,0.0,-0.0,0.0,9.462357807652534,4.959990000429439,0.0,0.0
2023,3,13,4,9.1501,0.0,-0.0,0.0,4.88502362125602,0.0,0.0,4.426282158245429
2023,3,13,5,9.1501,0.0,-0.0,0.0,-0.0,0.0,0.0,9.1501
2023,3,13,6,9.1501,0.0,-0.0,0.0,-0.0,0.0,0.0,9.1501
2023,3,13,7,9.1501,0.1033516308061781,0.1033516308061781,0.0,-0.0,0.0,0.0,9.050158973010426
2023,3,13,8,9.1501,18.12787604340364,9.462357807652534,0.0,0.0,0.0,8.665518235751104,0.0
2023,3,13,9,9.1501,40.064259682014935,9.462357807652534,0.0,0.0,0.0,30.6019018743624,0.0
2023,3,13,10,9.1501,59.26440889503267,9.462357807652534,0.0,0.0,0.0,49.802051087380136,0.0
2023,3,13,11,9.1501,70.9982640458941,9.462357807652534,0.0,0.0,0.0,61.535906238241566,0.0
2023,3,13,12,9.1501,78.13211036229053,9.462357807652534,0.0,0.0,0.0,68.669752554638,0.0
2023,3,13,13,9.1501,62.33136853920601,27.42407615992039,17.961718352267855,0.0,16.805728943102764,34.90729237928562,0.0
2023,3,13,14,9.1501,53.69892357611999,53.69892357611999,44.23656576846745,0.0,58.19529530297929,0.0,0.0
2023,3,13,15,9.1501,47.18690957174071,47.18690957174071,37.72455176408818,0.0,93.49195116927437,0.0,0.0
2023,3,13,16,9.1501,37.880095217644374,37.880095217644374,28.41773740999184,0.0,120.08076537525453,0.0,0.0
2023,3,13,17,9.1501,23.26531335806074,23.26531335806074,13.802955550408207,0.0,132.9953832890004,0.0,0.0
2023,3,13,18,9.1501,2.8214995210086617,2.8214995210086617,0.0,6.640858286643873,126.25261329446072,0.0,0.0
2023,3,13,19,9.1501,0.0,0.0,0.0,9.462357807652534,116.64504458133855,0.0,0.0
2023,3,13,20,9.1501,0.0,0.0,0.0,9.462357807652534,107.03747586821639,0.0,0.0
2023,3,13,21,9.1501,0.0,0.0,0.0,9.462357807652534,97.42990715509423,0.0,0.0
2023,3,13,22,9.1501,0.0,0.0,0.0,9.462357807652534,87.82233844197206,0.0,0.0
2023,3,13,23,9.1501,0.0,0.0,0.0,9.462357807652534,78.2147697288499,0.0,0.0
2023,3,14,0,9.1501,0.0,0.0,0.0,9.462357807652534,68.60720101572774,0.0,0.0
2023,3,14,1,9.1501,0.0,0.0,0.0,9.462357807652534,58.999632302605576,0.0,0.0
2023,3,14,2,9.1501,0.0,0.0,0.0,9.462357807652534,49.39206358948341,0.0,0.0
2023,3,14,3,9.1501,0.0,0.0,0.0,9.462357807652534,39.78449487636126,0.0,0.0
2023,3,14,4,9.1501,0.0,0.0,0.0,9.462357807652534,30.1769261632391,0.0,0.0
2023,3,14,5,9.1501,0.0,0.0,0.0,9.462357807652534,20.56935745011694,0.0,0.0
2023,3,14,6,9.1501,0.0,0.0,0.0,9.462357807652534,10.961788736994778,0.0,0.0
2023,3,14,7,9.1501,0.05770466053344944,0.05770466053344944,0.0,9.404653147119085,1.4128102296555944,0.0,0.0
2023,3,14,8,9.1501,8.07090110237245,8.07090110237245,0.0,1.3914567052800848,0.0,0.0,0.0
2023,3,14,9,9.1501,18.054668638249254,9.462357807652534,0.0,0.0,0.0,8.59231083059672,0.0
2023,3,14,10,9.1501,28.020349638734977,9.462357807652534,0.0,0.0,0.0,18.557991831082443,0.0
2023,3,14,11,9.1501,43.377540712942995,10.562069446224038,1.0997116385715038,0.0,1.0289358373707387,32.81547126671896,0.0
2023,3,14,12,9.1501,47.75189848681449,47.75189848681449,38.28954067916196,0.0,36.854218774660325,0.0,0.0
2023,3,14,13,9.1501,42.61273864497728,42.61273864497728,33.15038083732475,0.0,67.87109053416913,0.0,0.0
2023,3,14,14,9.1501,42.88662046661366,42.88662046661366,33.424262658961126,0.0,99.14421748967831,0.0,0.0
2023,3,14,15,9.1501,32.64016753577115,32.64016753577115,23.177809728118614,0.0,120.83033794576434,0.0,0.0
2023,3,14,16,9.1501,17.680018976576864,17.680018976576864,8.21766116892433,0.0,128.51912269579168,0.0,0.0
2023,3,14,17,9.1501,15.086754306931848,15.086754306931848,5.624396499279314,0.0,133.78154142331223,0.0,0.0
2023,3,14,18,9.1501,2.691448718910888,2.691448718910888,0.0,6.770909088741646,126.90672484559005,0.0,0.0
2023,3,14,19,9.1501,0.0,0.0,0.0,9.462357807652534,117.29915613246789,0.0,0.0
2023,3,14,20,9.1501,0.0,0.0,0.0,9.462357807652534,107.69158741934572,0.0,0.0
2023,3,14,21,9.1501,0.0,0.0,0.0,9.462357807652534,98.08401870622356,0.0,0.0
2023,3,14,22,9.1501,0.0,0.0,0.0,9.462357807652534,88.4764499931014,0.0,0.0
2023,3,14,23,9.1501,0.0,0.0,0.0,9.462357807652534,78.86888127997923,0.0,0.0
2023,3,15,0,9.1501,0.0,0.0,0.0,9.462357807652534,69.26131256685707,0.0,0.0
2023,3,15,1,9.1501,0.0,0.0,0.0,9.462357807652534,59.65374385373491,0.0,0.0
2023,3,15,2,9.1501,0.0,0.0,0.0,9.462357807652534,50.046175140612746,0.0,0.0
2023,3,15,3,9.1501,0.0,0.0,0.0,9.462357807652534,40.43860642749058,0.0,0.0
2023,3,15,4,9.1501,0.0,0.0,0.0,9.462357807652534,30.831037714368424,0.0,0.0
2023,3,15,5,9.1501,0.0,0.0,0.0,9.462357807652534,21.223469001246265,0.0,0.0
2023,3,15,6,9.1501,0.0,0.0,0.0,9.462357807652534,11.615900288124106,0.0,0.0
2023,3,15,7,9.1501,0.037895597962265305,0.037895597962265305,0.0,9.424462209690269,2.046808725068377,0.0,0.0
2023,3,15,8,9.1501,7.446484999585132,7.446484999585132,0.0,2.015872808067402,0.0,0.0,0.0
2023,3,15,9,9.1501,15.932515152362404,9.462357807652534,0.0,0.0,0.0,6.47015734470987,0.0
2023,3,15,10,9.1501,28.205521310596055,9.462357807652534,0.0,0.0,0.0,18.74316350294352,0.0
2023,3,15,11,9.1501,39.22452768171474,9.462357807652534,0.0,0.0,0.0,29.762169874062206,0.0
2023,3,15,12,9.1501,47.10508953068582,10.525042378681736,1.0626845710292026,0.0,0.9942917766817843,36.580047152004084,0.0
2023,3,15,13,9.1501,43.74013268435467,43.74013268435467,34.27777487670213,0.0,33.06600017633052,0.0,0.0
2023,3,15,14,9.1501,47.786349030416545,47.786349030416545,38.323991222764015,0.0,68.92351647160757,0.0,0.0
2023,3,15,15,9.1501,33.9458431382892,33.9458431382892,24.483485330636665,0.0,91.8312811954187,0.0,0.0
2023,3,15,16,9.1501,33.564303367896386,33.564303367896386,24.101945560243852,0.0,114.3820614795186,0.0,0.0
2023,3,15,17,9.1501,24.317777465103653,24.317777465103653,14.855419657451119,0.0,128.28140847978165,0.0,0.0
2023,3,15,18,9.1501,5.9039619098029235,5.9039619098029235,0.0,3.5583958978496106,124.66840485087283,0.0,0.0
2023,3,15,19,9.1501,0.0,0.0,0.0,9.462357807652534,115.06083613775067,0.0,0.0
2023,3,15,20,9.1501,0.0,0.0,0.0,9.462357807652534,105.4532674246285,0.0,0.0
2023,3,15,21,9.1501,0.0,0.0,0.0,9.462357807652534,95.84569871150634,0.0,0.0
2023,3,15,22,9.1501,0.0,0.0,0.0,9.462357807652534,86.23812999838418,0.0,0.0
2023,3,15,23,9.1501,0.0,0.0,0.0,9.462357807652534,76.63056128526202,0.0,0.0
2023,3,16,0,9.1501,0.0,0.0,0.0,9.462357807652534,67.02299257213986,0.0,0.0
2023,3,16,1,9.1501,0.0,0.0,0.0,9.462357807652534,57.41542385901769,0.0,0.0
2023,3,16,2,9.1501,0.0,0.0,0.0,9.462357807652534,47.80785514589553,0.0,0.0
2023,3,16,3,9.1501,0.0,0.0,0.0,9.462357807652534,38.200286432773375,0.0,0.0
2023,3,16,4,9.1501,0.0,0.0,0.0,9.462357807652534,28.592717719651215,0.0,0.0
2023,3,16,5,9.1501,0.0,0.0,0.0,9.462357807652534,18.985149006529056,0.0,0.0
2023,3,16,6,9.1501,0.0,0.0,0.0,9.462357807652534,9.377580293406899,0.0,0.0
2023,3,16,7,9.1501,0.22651232418354034,0.22651232418354034,0.0,9.235845483468994,0.0,0.0,0.0
2023,3,16,8,9.1501,19.647145016254456,9.462357807652534,0.0,0.0,0.0,10.184787208601922,0.0
2023,3,16,9,9.1501,43.02614516820199,9.462357807652534,0.0,0.0,0.0,33.563787360549455,0.0
2023,3,16,10,9.1501,60.70099656323855,9.462357807652534,0.0,0.0,0.0,51.23863875558601,0.0
2023,3,16,11,9.1501,71.96804684829206,9.462357807652534,0.0,0.0,0.0,62.505689040639524,0.0
2023,3,16,12,9.1501,76.18307085800403,9.462357807652534,0.0,0.0,0.0,66.72071305035149,0.0
2023,3,16,13,9.1501,76.9788784152116,9.462357807652534,0.0,0.0,0.0,67.51652060755906,0.0
2023,3,16,14,9.1501,68.85457897025596,64.65852875208381,55.19617094443127,0.0,51.64382768935667,4.196050218172147,0.0
2023,3,16,15,9.1501,59.92585933219221,59.92585933219221,50.46350152453968,0.0,98.85957350546833,0.0,0.0
2023,3,16,16,9.1501,37.25223406049684,37.25223406049684,27.789876252844305,0.0,124.86093476212686,0.0,0.0
2023,3,16,17,9.1501,20.569558321199594,20.569558321199594,11.10720051354706,0.0,135.25329241335322,0.0,0.0
2023,3,16,18,9.1501,4.416559689784011,4.416559689784011,0.0,5.0457981178685225,130.130060644337,0.0,0.0
2023,3,16,19,9.1501,0.0,0.0,0.0,9.462357807652534,120.52249193121484,0.0,0.0
2023,3,16,20,9.1501,0.0,0.0,0.0,9.462357807652534,110.91492321809268,0.0,0.0
2023,3,16,21,9.1501,0.0,0.0,0.0,9.462357807652534,101.30735450497052,0.0,0.0
2023,3,16,22,9.1501,0.0,0.0,0.0,9.462357807652534,91.69978579184836,0.0,0.0
2023,3,16,23,9.1501,0.0,0.0,0.0,9.462357807652534,82.0922170787262,0.0,0.0
2023,3,17,0,9.1501,0.0,0.0,0.0,9.462357807652534,72.48464836560403,0.0,0.0
2023,3,17,1,9.1501,0.0,0.0,0.0,9.462357807652534,62.87707965248187,0.0,0.0
2023,3,17,2,9.1501,0.0,0.0,0.0,9.462357807652534,53.269510939359705,0.0,0.0
2023,3,17,3,9.1501,0.0,0.0,0.0,9.462357807652534,43.66194222623754,0.0,0.0
2023,3,17,4,9.1501,0.0,0.0,0.0,9.462357807652534,34.05437351311539,0.0,0.0
2023,3,17,5,9.1501,0.0,0.0,0.0,9.462357807652534,24.446804799993227,0.0,0.0
2023,3,17,6,9.1501,0.0,0.0,0.0,9.462357807652534,14.839236086871068,0.0,0.0
2023,3,17,7,9.1501,0.1688076636500909,0.1688076636500909,0.0,9.293550144002444,5.403065587681194,0.0,0.0
2023,3,17,8,9.1501,4.140955340967536,4.140955340967536,0.0,5.321402466684998,0.0,0.0,0.0
2023,3,17,9,9.1501,20.32409819803492,9.462357807652534,0.0,0.0,0.0,10.861740390382387,0.0
2023,3,17,10,9.1501,26.842141047544555,9.462357807652534,0.0,0.0,0.0,17.37978323989202,0.0
2023,3,17,11,9.1501,46.08535344006487,9.462357807652534,0.0,0.0,0.0,36.62299563241234,0.0
2023,3,17,12,9.1501,49.80342835831712,9.462357807652534,0.0,0.0,0.0,40.34107055066458,0.0
2023,3,17,13,9.1501,60.79487429455416,56.74267329174484,47.28031548409231,0.0,44.23742488255395,4.052201002809319,0.0
2023,3,17,14,9.1501,26.834389675234092,26.834389675234092,17.37203186758156,0.0,60.49141868380167,0.0,0.0
2023,3,17,15,9.1501,32.811558990191386,32.811558990191386,23.349201182538852,0.0,82.33790009587536,0.0,0.0
2023,3,17,16,9.1501,43.24921243802533,43.24921243802533,33.786854630372794,0.0,113.95028314420266,0.0,0.0
2023,3,17,17,9.1501,24.452134585151686,24.452134585151686,14.989776777499152,0.0,127.97534024061684,0.0,0.0
2023,3,17,18,9.1501,5.3372504675490475,5.3372504675490475,0.0,4.125107340103487,123.78692832207823,0.0,0.0
2023,3,17,19,9.1501,0.0,0.0,0.0,9.462357807652534,114.17935960895606,0.0,0.0
2023,3,17,20,9.1501,0.0,0.0,0.0,9.462357807652534,104.5717908958339,0.0,0.0
2023,3,17,21,9.1501,0.0,0.0,0.0,9.462357807652534,94.96422218271174,0.0,0.0
2023,3,17,22,9.1501,0.0,0.0,0.0,9.462357807652534,85.35665346958957,0.0,0.0
2023,3,17,23,9.1501,0.0,0.0,0.0,9.462357807652534,75.74908475646741,0.0,0.0
2023,3,18,0,9.1501,0.0,0.0,0.0,9.462357807652534,66.14151604334525,0.0,0.0
2023,3,18,1,9.1501,0.0,0.0,0.0,9.462357807652534,56.533947330223086,0.0,0.0
2023,3,18,2,9.1501,0.0,0.0,0.0,9.462357807652534,46.92637861710092,0.0,0.0
2023,3,18,3,9.1501,0.0,0.0,0.0,9.462357807652534,37.31880990397876,0.0,0.0
2023,3,18,4,9.1501,0.0,0.0,0.0,9.462357807652534,27.711241190856605,0.0,0.0
2023,3,18,5,9.1501,0.0,0.0,0.0,9.462357807652534,18.103672477734445,0.0,0.0
2023,3,18,6,9.1501,0.0,0.0,0.0,9.462357807652534,8.496103764612286,0.0,0.0
2023,3,18,7,9.1501,1.0946660229554364,1.0946660229554364,0.0,8.367691784697097,0.0,0.0,0.0
2023,3,18,8,9.1501,19.73068758448945,9.462357807652534,0.0,0.0,0.0,10.268329776836914,0.0
2023,3,18,9,9.1501,40.40273627290517,9.462357807652534,0.0,0.0,0.0,30.94037846525264,0.0
2023,3,18,10,9.1501,60.19198978151812,9.462357807652534,0.0,0.0,0.0,50.72963197386558,0.0
2023,3,18,11,9.1501,69.6133521930913,9.462357807652534,0.0,0.0,0.0,60.150994385438764,0.0
2023,3,18,12,9.1501,73.20396010001595,9.83504325293462,0.3726854452820844,0.0,0.3486999657613197,63.36891684708133,0.0
2023,3,18,13,9.1501,47.44442738516611,47.44442738516611,37.98206957751357,0.0,35.886300183012736,0.0,0.0
2023,3,18,14,9.1501,35.433245358308106,35.433245358308106,25.970887550655572,0.0,60.18574013793287,0.0,0.0
2023,3,18,15,9.1501,54.33022978762773,54.33022978762773,44.8678719799752,0.0,102.16598278292979,0.0,0.0
2023,3,18,16,9.1501,30.110636371789937,30.110636371789937,20.648278564137403,0.0,121.48536892878586,0.0,0.0
2023,3,18,17,9.1501,19.559296130069203,19.559296130069203,10.096938322416669,0.0,130.93248335702967,0.0,0.0
2023,3,18,18,9.1501,3.6905144833706096,3.6905144833706096,0.0,5.7718433242819245,125.07206437196793,0.0,0.0
2023,3,18,19,9.1501,0.0,0.0,0.0,9.462357807652534,115.46449565884576,0.0,0.0
2023,3,18,20,9.1501,0.0,0.0,0.0,9.462357807652534,105.8569269457236,0.0,0.0
2023,3,18,21,9.1501,0.0,0.0,0.0,9.462357807652534,96.24935823260144,0.0,0.0
2023,3,18,22,9.1501,0.0,0.0,0.0,9.462357807652534,86.64178951947927,0.0,0.0
2023,3,18,23,9.1501,0.0,0.0,0.0,9.462357807652534,77.03422080635711,0.0,0.0
2023,3,19,0,9.1501,0.0,0.0,0.0,9.462357807652534,67.42665209323495,0.0,0.0
2023,3,19,1,9.1501,0.0,0.0,0.0,9.462357807652534,57.81908338011279,0.0,0.0
2023,3,19,2,9.1501,0.0,0.0,0.0,9.462357807652534,48.211514666990624,0.0,0.0
2023,3,19,3,9.1501,0.0,0.0,0.0,9.462357807652534,38.60394595386846,0.0,0.0
2023,3,19,4,9.1501,0.0,0.0,0.0,9.462357807652534,28.996377240746305,0.0,0.0
2023,3,19,5,9.1501,0.0,0.0,0.0,9.462357807652534,19.388808527624146,0.0,0.0
2023,3,19,6,9.1501,0.0,0.0,0.0,9.462357807652534,9.781239814501987,0.0,0.0
2023,3,19,7,9.1501,0.2118708431526651,0.2118708431526651,0.0,9.250486964499869,0.38879334947851213,0.0,0.0
2023,3,19,8,9.1501,9.079440766322746,9.079440766322746,0.0,0.3829170413297884,0.0,0.0,0.0
2023,3,19,9,9.1501,16.912633117840993,9.462357807652534,0.0,0.0,0.0,7.450275310188459,0.0
2023,3,19,10,9.1501,21.073397521379714,9.462357807652534,0.0,0.0,0.0,11.61103971372718,0.0
2023,3,19,11,9.1501,44.529911396431885,9.462357807652534,0.0,0.0,0.0,35.06755358877935,0.0
2023,3,19,12,9.1501,57.782174256554065,9.462357807652534,0.0,0.0,0.0,48.319816448901534,0.0
2023,3,19,13,9.1501,59.45474814843406,49.985379548219235,40.523021740566705,0.0,37.915020488083684,9.469368600214821,0.0
2023,3,19,14,9.1501,35.18692397155339,35.18692397155339,25.724566163900857,0.0,61.98399193339341,0.0,0.0
2023,3,19,15,9.1501,52.631817988046194,52.631817988046194,43.169460180393656,0.0,102.37513002960806,0.0,0.0
2023,3,19,16,9.1501,32.330112643352614,32.330112643352614,22.86775483570008,0.0,123.77115026380686,0.0,0.0
2023,3,19,17,9.1501,14.90158263507078,14.90158263507078,5.439224827418245,0.0,128.86031469214478,0.0,0.0
2023,3,19,18,9.1501,4.48546077698813,4.48546077698813,0.0,4.9768970306644045,123.80704137779477,0.0,0.0
2023,3,19,19,9.1501,0.0,0.0,0.0,9.462357807652534,114.19947266467261,0.0,0.0
2023,3,19,20,9.1501,0.0,0.0,0.0,9.462357807652534,104.59190395155045,0.0,0.0
2023,3,19,21,9.1501,0.0,0.0,0.0,9.462357807652534,94.98433523842829,0.0,0.0
2023,3,19,22,9.1501,0.0,0.0,0.0,9.462357807652534,85.37676652530612,0.0,0.0
2023,3,19,23,9.1501,0.0,0.0,0.0,9.462357807652534,75.76919781218396,0.0,0.0
2023,3,20,0,9.1501,0.0,0.0,0.0,9.462357807652534,66.1616290990618,0.0,0.0
2023,3,20,1,9.1501,0.0,0.0,0.0,9.462357807652534,56.554060385939636,0.0,0.0
2023,3,20,2,9.1501,0.0,0.0,0.0,9.462357807652534,46.94649167281747,0.0,0.0
2023,3,20,3,9.1501,0.0,0.0,0.0,9.462357807652534,37.33892295969531,0.0,0.0
2023,3,20,4,9.1501,0.0,0.0,0.0,9.462357807652534,27.73135424657315,0.0,0.0
2023,3,20,5,9.1501,0.0,0.0,0.0,9.462357807652534,18.12378553345099,0.0,0.0
2023,3,20,6,9.1501,0.0,0.0,0.0,9.462357807652534,8.516216820328832,0.0,0.0
2023,3,20,7,9.1501,1.0748569603842522,1.0748569603842522,0.0,8.387500847268283,0.0,0.0,0.0
2023,3,20,8,9.1501,15.339965802406983,9.462357807652534,0.0,0.0,0.0,5.877607994754449,0.0
2023,3,20,9,9.1501,38.27713773265811,9.462357807652534,0.0,0.0,0.0,28.814779925005578,0.0
2023,3,20,10,9.1501,56.77277332901373,9.462357807652534,0.0,0.0,0.0,47.31041552136119,0.0
2023,3,20,11,9.1501,69.61938103822168,9.462357807652534,0.0,0.0,0.0,60.15702323056914,0.0
2023,3,20,12,9.1501,77.4439607538394,9.462357807652534,0.0,0.0,0.0,67.98160294618687,0.0
2023,3,20,13,9.1501,77.46376981641059,9.462357807652534,0.0,0.0,0.0,68.00141200875805,0.0
2023,3,20,14,9.1501,71.35999475371572,44.82089155019418,35.35853374254165,0.0,33.08291123647871,26.53910320352154,0.0
2023,3,20,15,9.1501,61.14024099416481,61.14024099416481,51.67788318651228,0.0,81.43488292164868,0.0,0.0
2023,3,20,16,9.1501,44.47909684461885,44.47909684461885,35.016739036966314,0.0,114.19799685012865,0.0,0.0
2023,3,20,17,9.1501,24.389262343077927,24.389262343077927,14.926904535425393,0.0,128.1642280682157,0.0,0.0
2023,3,20,18,9.1501,5.079732654123653,5.079732654123653,0.0,4.382625153528881,123.71434642536201,0.0,0.0
2023,3,20,19,9.1501,0.0,0.0,0.0,9.462357807652534,114.10677771223985,0.0,0.0
2023,3,20,20,9.1501,0.0,0.0,0.0,9.462357807652534,104.49920899911768,0.0,0.0
2023,3,20,21,9.1501,0.0,0.0,0.0,9.462357807652534,94.89164028599552,0.0,0.0
2023,3,20,22,9.1501,0.0,0.0,0.0,9.462357807652534,85.28407157287336,0.0,0.0
2023,3,20,23,9.1501,0.0,0.0,0.0,9.462357807652534,75.6765028597512,0.0,0.0
2023,3,21,0,9.1501,0.0,0.0,0.0,9.462357807652534,66.06893414662903,0.0,0.0
2023,3,21,1,9.1501,0.0,0.0,0.0,9.462357807652534,56.46136543350687,0.0,0.0
2023,3,21,2,9.1501,0.0,0.0,0.0,9.462357807652534,46.85379672038471,0.0,0.0
2023,3,21,3,9.1501,0.0,0.0,0.0,9.462357807652534,37.246228007262545,0.0,0.0
2023,3,21,4,9.1501,0.0,0.0,0.0,9.462357807652534,27.638659294140382,0.0,0.0
2023,3,21,5,9.1501,0.0,0.0,0.0,9.462357807652534,18.031090581018223,0.0,0.0
2023,3,21,6,9.1501,0.0,0.0,0.0,9.462357807652534,8.423521867896063,0.0,0.0
2023,3,21,7,9.1501,1.1661509009297095,1.1661509009297095,0.0,8.296206906722825,0.0,0.0,0.0
2023,3,21,8,9.1501,15.94629536980323,9.462357807652534,0.0,0.0,0.0,6.483937562150697,0.0
2023,3,21,9,9.1501,34.18269062555335,9.462357807652534,0.0,0.0,0.0,24.720332817900815,0.0
2023,3,21,10,9.1501,49.24188449760356,9.462357807652534,0.0,0.0,0.0,39.77952668995103,0.0
2023,3,21,11,9.1501,52.86263663017999,24.88003208769628,15.417674280043745,0.0,14.425415753763197,27.982604542483713,0.0
2023,3,21,12,9.1501,41.2347169008949,41.2347169008949,31.77235909324237,0.0,44.15295319377321,0.0,0.0
2023,3,21,13,9.1501,28.858359111855076,28.858359111855076,19.396001304202542,0.0,62.300656776784756,0.0,0.0
2023,3,21,14,9.1501,31.939960237059292,31.939960237059292,22.47760242940676,0.0,83.33163423177547,0.0,0.0
2023,3,21,15,9.1501,30.19848525797519,30.19848525797519,20.736127450322655,0.0,102.73321544049959,0.0,0.0
2023,3,21,16,9.1501,33.01826225180375,33.01826225180375,23.555904444151214,0.0,124.7730970004981,0.0,0.0
2023,3,21,17,9.1501,13.6372476848752,13.6372476848752,4.174889877222666,0.0,128.67929719069588,0.0,0.0
2023,3,21,18,9.1501,4.692164038600477,4.692164038600477,0.0,4.7701937690520575,123.83589924034459,0.0,0.0
2023,3,21,19,9.1501,0.0,0.0,0.0,9.462357807652534,114.22833052722243,0.0,0.0
2023,3,21,20,9.1501,0.0,0.0,0.0,9.462357807652534,104.62076181410026,0.0,0.0
2023,3,21,21,9.1501,0.0,0.0,0.0,9.462357807652534,95.0131931009781,0.0,0.0
2023,3,21,22,9.1501,0.0,0.0,0.0,9.462357807652534,85.40562438785594,0.0,0.0
2023,3,21,23,9.1501,0.0,0.0,0.0,9.462357807652534,75.79805567473377,0.0,0.0
2023,3,22,0,9.1501,0.0,0.0,0.0,9.462357807652534,66.19048696161161,0.0,0.0
2023,3,22,1,9.1501,0.0,0.0,0.0,9.462357807652534,56.58291824848945,0.0,0.0
2023,3,22,2,9.1501,0.0,0.0,0.0,9.462357807652534,46.975349535367286,0.0,0.0
2023,3,22,3,9.1501,0.0,0.0,0.0,9.462357807652534,37.36778082224513,0.0,0.0
2023,3,22,4,9.1501,0.0,0.0,0.0,9.462357807652534,27.76021210912297,0.0,0.0
2023,3,22,5,9.1501,0.0,0.0,0.0,9.462357807652534,18.152643396000812,0.0,0.0
2023,3,22,6,9.1501,0.0,0.0,0.0,9.462357807652534,8.545074682878655,0.0,0.0
2023,3,22,7,9.1501,1.0464352619125532,1.0464352619125532,0.0,8.415922545739981,0.0,0.0,0.0
2023,3,22,8,9.1501,16.568988945410453,9.462357807652534,0.0,0.0,0.0,7.106631137757919,0.0
2023,3,22,9,9.1501,32.54542854086548,9.462357807652534,0.0,0.0,0.0,23.083070733212946,0.0
2023,3,22,10,9.1501,47.23944665073386,9.462357807652534,0.0,0.0,0.0,37.77708884308133,0.0
2023,3,22,11,9.1501,52.00051177653846,9.462357807652534,0.0,0.0,0.0,42.53815396888592,0.0
2023,3,22,12,9.1501,48.52789698145087,10.567556023943444,1.1051982162909118,0.0,1.034069307129549,37.96034095750743,0.0
2023,3,22,13,9.1501,70.61672427550128,70.61672427550128,61.15436646784875,0.0,58.25263194070272,0.0,0.0
2023,3,22,14,9.1501,59.28507922119391,59.28507922119391,49.82272141354137,0.0,104.86883729824744,0.0,0.0
2023,3,22,15,9.1501,34.833805899632274,34.833805899632274,25.371448091979744,0.0,128.6074168241856,0.0,0.0
2023,3,22,16,9.1501,15.909261035431015,15.909261035431015,6.446903227778481,0.0,134.639406973657,0.0,0.0
2023,3,22,17,9.1501,6.8849411388715644,6.8849411388715644,0.0,2.5774166687809696,132.02243684305878,0.0,0.0
2023,3,22,18,9.1501,0.9930369193293526,0.9930369193293526,0.0,8.469320888323182,123.42314435781378,0.0,0.0
2023,3,22,19,9.1501,0.0,0.0,0.0,9.462357807652534,113.81557564469162,0.0,0.0
2023,3,22,20,9.1501,0.0,0.0,0.0,9.462357807652534,104.20800693156946,0.0,0.0
2023,3,22,21,9.1501,0.0,0.0,0.0,9.462357807652534,94.6004382184473,0.0,0.0
2023,3,22,22,9.1501,0.0,0.0,0.0,9.462357807652534,84.99286950532513,0.0,0.0
2023,3,22,23,9.1501,0.0,0.0,0.0,9.462357807652534,75.38530079220297,0.0,0.0
2023,3,23,0,9.1501,0.0,0.0,0.0,9.462357807652534,65.7777320790808,0.0,0.0
2023,3,23,1,9.1501,0.0,0.0,0.0,9.462357807652534,56.17016336595864,0.0,0.0
2023,3,23,2,9.1501,0.0,0.0,0.0,9.462357807652534,46.56259465283648,0.0,0.0
2023,3,23,3,9.1501,0.0,0.0,0.0,9.462357807652534,36.95502593971432,0.0,0.0
2023,3,23,4,9.1501,0.0,0.0,0.0,9.462357807652534,27.347457226592162,0.0,0.0
2023,3,23,5,9.1501,0.0,0.0,0.0,9.462357807652534,17.739888513470003,0.0,0.0
2023,3,23,6,9.1501,0.0,0.0,0.0,9.462357807652534,8.132319800347844,0.0,0.0
2023,3,23,7,9.1501,1.4529516764168537,1.4529516764168537,0.0,8.00940613123568,0.0,0.0,0.0
2023,3,23,8,9.1501,18.43620840864207,9.462357807652534,0.0,0.0,0.0,8.973850600989536,0.0
2023,3,23,9,9.1501,35.16366985462199,9.462357807652534,0.0,0.0,0.0,25.70131204696946,0.0
2023,3,23,10,9.1501,49.86543933680083,9.462357807652534,0.0,0.0,0.0,40.403081529148295,0.0
2023,3,23,11,9.1501,56.97086395472558,9.462357807652534,0.0,0.0,0.0,47.50850614707305,0.0
2023,3,23,12,9.1501,58.4384571121733,22.415609890059685,12.953252082407152,0.0,12.119600093892494,36.02284722211362,0.0
2023,3,23,13,9.1501,49.53471411822106,49.53471411822106,40.07235631056853,0.0,49.612959307033634,0.0,0.0
2023,3,23,14,9.1501,42.32163155153988,42.32163155153988,32.85927374388735,0.0,80.35745919154832,0.0,0.0
2023,3,23,15,9.1501,46.10171744827584,46.10171744827584,36.63935964062331,0.0,114.63876428123811,0.0,0.0
2023,3,23,16,9.1501,36.63298553924983,36.63298553924983,27.170627731597296,0.0,140.06073092807188,0.0,0.0
2023,3,23,17,9.1501,14.303865703575049,14.303865703575049,4.841507895922515,0.0,144.5906465953272,0.0,0.0
2023,3,23,18,9.1501,3.953199878336304,3.953199878336304,0.0,5.50915792931623,138.99694421868048,0.0,0.0
2023,3,23,19,9.1501,0.0,-0.0,0.0,9.462357807652534,129.38937550555832,0.0,0.0
2023,3,23,20,9.1501,0.0,-0.0,0.0,9.462357807652534,119.78180679243616,0.0,0.0
2023,3,23,21,9.1501,0.0,-0.0,0.0,9.462357807652534,110.174238079314,0.0,0.0
2023,3,23,22,9.1501,0.0,-0.0,0.0,9.462357807652534,100.56666936619183,0.0,0.0
2023,3,23,23,9.1501,0.0,-0.0,0.0,9.462357807652534,90.95910065306967,0.0,0.0
2023,3,24,0,9.1501,0.0,-0.0,0.0,9.462357807652534,81.3515319399475,0.0,0.0
2023,3,24,1,9.1501,0.0,-0.0,0.0,9.462357807652534,71.74396322682534,0.0,0.0
2023,3,24,2,9.1501,0.0,-0.0,0.0,9.462357807652534,62.13639451370318,0.0,0.0
2023,3,24,3,9.1501,0.0,-0.0,0.0,9.462357807652534,52.52882580058102,0.0,0.0
2023,3,24,4,9.1501,0.0,-0.0,0.0,9.462357807652534,42.921257087458855,0.0,0.0
2023,3,24,5,9.1501,0.0,-0.0,0.0,9.462357807652534,33.31368837433669,0.0,0.0
2023,3,24,6,9.1501,0.0,-0.0,0.0,9.462357807652534,23.706119661214533,0.0,0.0
2023,3,24,7,9.1501,0.44355074887651436,0.44355074887651436,0.0,9.01880705877602,14.548908500006291,0.0,0.0
2023,3,24,8,9.1501,3.1703112749795133,3.1703112749795133,0.0,6.292046532673021,8.160303182214456,0.0,0.0
2023,3,24,9,9.1501,6.543880757211177,6.543880757211177,0.0,2.9184770504413566,5.197038701018348,0.0,0.0
2023,3,24,10,9.1501,7.964965680796126,7.964965680796126,0.0,1.4973921268564074,3.6766673473134213,0.0,0.0
2023,3,24,11,9.1501,11.551267269770504,11.551267269770504,2.08890946211797,0.0,5.631137711369917,0.0,0.0
2023,3,24,12,9.1501,11.56590875080138,11.56590875080138,2.1035509431488464,0.0,7.599307252571088,0.0,0.0
2023,3,24,13,9.1501,13.729402889010709,13.729402889010709,4.267045081358175,0.0,11.591731675385352,0.0,0.0
2023,3,24,14,9.1501,6.635174697756634,6.635174697756634,0.0,2.8271831098959,8.72116214662201,0.0,0.0
2023,3,24,15,9.1501,9.145758062756702,9.145758062756702,0.0,0.3165997448958321,8.399703809759744,0.0,0.0
2023,3,24,16,9.1501,17.656764859645477,17.656764859645477,8.194407051992943,0.0,16.06673104314555,0.0,0.0
2023,3,24,17,9.1501,7.432704782144309,7.432704782144309,0.0,2.0296530255082255,14.005930627143924,0.0,0.0
2023,3,24,18,9.1501,1.8052084847479108,1.8052084847479108,0.0,7.6571493229046235,6.2312734262772835,0.0,0.0
2023,3,24,19,9.1501,0.0,-0.0,0.0,6.1370925899515765,0.0,0.0,3.215531465516826
2023,3,24,20,9.1501,0.0,-0.0,0.0,-0.0,0.0,0.0,9.1501
2023,3,24,21,9.1501,0.0,-0.0,0.0,-0.0,0.0,0.0,9.1501
2023,3,24,22,9.1501,0.0,-0.0,0.0,-0.0,0.0,0.0,9.1501
2023,3,24,23,9.1501,0.0,-0.0,0.0,-0.0,0.0,0.0,9.1501
2023,3,25,0,9.1501,0.0,-0.0,0.0,-0.0,0.0,0.0,9.1501
2023,3,25,1,9.1501,0.0,-0.0,0.0,-0.0,0.0,0.0,9.1501
2023,3,25,2,9.1501,0.0,-0.0,0.0,-0.0,0.0,0.0,9.1501
2023,3,25,3,9.1501,0.0,-0.0,0.0,-0.0,0.0,0.0,9.1501
2023,3,25,4,9.1501,0.0,-0.0,0.0,-0.0,0.0,0.0,9.1501
2023,3,25,5,9.1501,0.0,-0.0,0.0,-0.0,0.0,0.0,9.1501
2023,3,25,6,9.1501,0.0,-0.0,0.0,-0.0,0.0,0.0,9.1501
2023,3,25,7,9.1501,0.869876225951999,0.869876225951999,0.0,-0.0,0.0,0.0,8.308929689504417
2023,3,25,8,9.1501,14.099746232732846,9.462357807652534,0.0,0.0,0.0,4.637388425080312,0.0
2023,3,25,9,9.1501,36.539107807934215,9.462357807652534,0.0,0.0,0.0,27.07675000028168,0.0
2023,3,25,10,9.1501,41.10380483520708,9.462357807652534,0.0,0.0,0.0,31.641447027554545,0.0
2023,3,25,11,9.1501,56.74951921208234,9.462357807652534,0.0,0.0,0.0,47.28716140442981,0.0
2023,3,25,12,9.1501,67.27846660046173,9.462357807652534,0.0,0.0,0.0,57.81610879280919,0.0
2023,3,25,13,9.1501,63.52507987501737,17.208240965814706,7.745883158162171,0.0,7.247369668536322,46.31683890920266,0.0
2023,3,25,14,9.1501,65.95384319896256,65.95384319896256,56.49148539131003,0.0,60.10314729850549,0.0,0.0
2023,3,25,15,9.1501,52.202908720200554,52.202908720200554,42.74055091254802,0.0,100.09298008777614,0.0,0.0
2023,3,25,16,9.1501,36.93615032294795,36.93615032294795,27.47379251529542,0.0,125.79860028489963,0.0,0.0
2023,3,25,17,9.1501,25.590725051199747,25.590725051199747,16.128367243547213,0.0,140.88896986279968,0.0,0.0
2023,3,25,18,9.1501,6.4947887325782325,6.4947887325782325,0.0,2.9675690750743016,137.87585998265388,0.0,0.0
2023,3,25,19,9.1501,0.0,0.0,0.0,9.462357807652534,128.26829126953172,0.0,0.0
2023,3,25,20,9.1501,0.0,0.0,0.0,9.462357807652534,118.66072255640957,0.0,0.0
2023,3,25,21,9.1501,0.0,0.0,0.0,9.462357807652534,109.0531538432874,0.0,0.0
2023,3,25,22,9.1501,0.0,0.0,0.0,9.462357807652534,99.44558513016524,0.0,0.0
2023,3,25,23,9.1501,0.0,0.0,0.0,9.462357807652534,89.83801641704308,0.0,0.0
2023,3,26,0,9.1501,0.0,0.0,0.0,9.462357807652534,80.23044770392092,0.0,0.0
2023,3,26,1,9.1501,0.0,0.0,0.0,9.462357807652534,70.62287899079875,0.0,0.0
2023,3,26,2,9.1501,0.0,0.0,0.0,9.462357807652534,61.01531027767659,0.0,0.0
2023,3,26,3,9.1501,0.0,0.0,0.0,9.462357807652534,51.40774156455443,0.0,0.0
2023,3,26,4,9.1501,0.0,0.0,0.0,9.462357807652534,41.800172851432265,0.0,0.0
2023,3,26,5,9.1501,0.0,0.0,0.0,9.462357807652534,32.1926041383101,0.0,0.0
2023,3,26,6,9.1501,0.0,0.0,0.0,9.462357807652534,22.58503542518794,0.0,0.0
2023,3,26,7,9.1501,0.0,0.0,0.0,9.462357807652534,12.977466712065782,0.0,0.0
2023,3,26,8,9.1501,0.49953288222986075,0.49953288222986075,0.0,8.962824925422673,3.877096795273855,0.0,0.0
2023,3,26,9,9.1501,5.643860305607376,5.643860305607376,0.0,3.818497502045158,0.0,0.0,0.0
2023,3,26,10,9.1501,25.173012210024776,9.462357807652534,0.0,0.0,0.0,15.710654402372242,0.0
2023,3,26,11,9.1501,42.598097163946406,9.462357807652534,0.0,0.0,0.0,33.13573935629387,0.0
2023,3,26,12,9.1501,51.652561286157656,9.462357807652534,0.0,0.0,0.0,42.190203478505126,0.0
2023,3,26,13,9.1501,52.606841343934704,24.893154730513015,15.43079692286048,0.0,14.437693842856348,27.71368661342169,0.0
2023,3,26,14,9.1501,61.17985911930718,61.17985911930718,51.71750131165465,0.0,62.82673388971191,0.0,0.0
2023,3,26,15,9.1501,59.67092530953698,59.67092530953698,50.20856750188445,0.0,109.80395285671631,0.0,0.0
2023,3,26,16,9.1501,30.703185721745356,30.703185721745356,21.240827914092822,0.0,129.67775275995686,0.0,0.0
2023,3,26,17,9.1501,18.45429494403315,18.45429494403315,8.991937136380617,0.0,138.0909822307526,0.0,0.0
2023,3,26,18,9.1501,1.1472031019485769,1.1472031019485769,0.0,8.315154705703957,129.6482217878233,0.0,0.0
2023,3,26,19,9.1501,3.3218936668285743,3.3218936668285743,0.0,6.14046414082396,123.41352507029718,0.0,0.0
2023,3,26,20,9.1501,0.0,0.0,0.0,9.462357807652534,113.80595635717502,0.0,0.0
2023,3,26,21,9.1501,0.0,0.0,0.0,9.462357807652534,104.19838764405286,0.0,0.0
2023,3,26,22,9.1501,0.0,0.0,0.0,9.462357807652534,94.5908189309307,0.0,0.0
2023,3,26,23,9.1501,0.0,0.0,0.0,9.462357807652534,84.98325021780853,0.0,0.0
2023,3,27,0,9.1501,0.0,0.0,0.0,9.462357807652534,75.37568150468637,0.0,0.0
2023,3,27,1,9.1501,0.0,0.0,0.0,9.462357807652534,65.7681127915642,0.0,0.0
2023,3,27,2,9.1501,0.0,0.0,0.0,9.462357807652534,56.160544078442044,0.0,0.0
2023,3,27,3,9.1501,0.0,0.0,0.0,9.462357807652534,46.55297536531988,0.0,0.0
2023,3,27,4,9.1501,0.0,0.0,0.0,9.462357807652534,36.94540665219772,0.0,0.0
2023,3,27,5,9.1501,0.0,0.0,0.0,9.462357807652534,27.337837939075555,0.0,0.0
2023,3,27,6,9.1501,0.0,0.0,0.0,9.462357807652534,17.730269225953396,0.0,0.0
2023,3,27,7,9.1501,0.0,0.0,0.0,9.462357807652534,8.122700512831237,0.0,0.0
2023,3,27,8,9.1501,1.46242557590742,1.46242557590742,0.0,7.999932231745114,0.0,0.0,0.0
2023,3,27,9,9.1501,15.30896031316513,9.462357807652534,0.0,0.0,0.0,5.846602505512596,0.0
2023,3,27,10,9.1501,33.31109187242125,9.462357807652534,0.0,0.0,0.0,23.848734064768717,0.0
2023,3,27,11,9.1501,40.581879099635884,9.462357807652534,0.0,0.0,0.0,31.11952129198335,0.0
2023,3,27,12,9.1501,56.85028705211837,12.646488438340475,3.1841306306879402,0.0,2.9792047313789425,44.20379861377789,0.0
2023,3,27,13,9.1501,40.83767438588117,40.83767438588117,31.375316578228638,0.0,32.33525272058337,0.0,0.0
2023,3,27,14,9.1501,40.08148495381597,40.08148495381597,30.61912714616344,0.0,60.983778501962846,0.0,0.0
2023,3,27,15,9.1501,48.49861401938912,48.49861401938912,39.036256211736585,0.0,97.50771947363083,0.0,0.0
2023,3,27,16,9.1501,30.948645844910033,30.948645844910033,21.4862880372575,0.0,117.6111820525321,0.0,0.0
2023,3,27,17,9.1501,18.21572492958889,18.21572492958889,8.753367121936357,0.0,125.8011955192646,0.0,0.0
2023,3,27,18,9.1501,11.186952771178719,11.186952771178719,1.724594963526185,0.0,127.4147981226036,0.0,0.0
2023,3,27,19,9.1501,4.376080301051591,4.376080301051591,0.0,5.0862775066009425,122.25046576147095,0.0,0.0
2023,3,27,20,9.1501,0.0,0.0,0.0,9.462357807652534,112.64289704834879,0.0,0.0
2023,3,27,21,9.1501,0.0,0.0,0.0,9.462357807652534,103.03532833522662,0.0,0.0
2023,3,27,22,9.1501,0.0,0.0,0.0,9.462357807652534,93.42775962210446,0.0,0.0
2023,3,27,23,9.1501,0.0,0.0,0.0,9.462357807652534,83.8201909089823,0.0,0.0
2023,3,28,0,9.1501,0.0,0.0,0.0,9.462357807652534,74.21262219586013,0.0,0.0
2023,3,28,1,9.1501,0.0,0.0,0.0,9.462357807652534,64.60505348273797,0.0,0.0
2023,3,28,2,9.1501,0.0,0.0,0.0,9.462357807652534,54.99748476961581,0.0,0.0
2023,3,28,3,9.1501,0.0,0.0,0.0,9.462357807652534,45.38991605649365,0.0,0.0
2023,3,28,4,9.1501,0.0,0.0,0.0,9.462357807652534,35.78234734337149,0.0,0.0
2023,3,28,5,9.1501,0.0,0.0,0.0,9.462357807652534,26.17477863024933,0.0,0.0
2023,3,28,6,9.1501,0.0,0.0,0.0,9.462357807652534,16.567209917127173,0.0,0.0
2023,3,28,7,9.1501,0.0,0.0,0.0,9.462357807652534,6.9596412040050115,0.0,0.0
2023,3,28,8,9.1501,2.6079061506758943,2.6079061506758943,0.0,6.854451656976639,0.0,0.0,0.0
2023,3,28,9,9.1501,23.58484214996984,9.462357807652534,0.0,0.0,0.0,14.122484342317307,0.0
2023,3,28,10,9.1501,46.63570087410777,9.462357807652534,0.0,0.0,0.0,37.17334306645523,0.0
2023,3,28,11,9.1501,63.87733668334842,9.462357807652534,0.0,0.0,0.0,54.41497887569588,0.0
2023,3,28,12,9.1501,74.86878261958547,9.462357807652534,0.0,0.0,0.0,65.40642481193294,0.0
2023,3,28,13,9.1501,79.44467607352901,9.462357807652534,0.0,0.0,0.0,69.98231826587647,0.0
2023,3,28,14,9.1501,77.52664205848434,9.462357807652534,0.0,0.0,0.0,68.0642842508318,0.0
2023,3,28,15,9.1501,70.44102650313079,35.20649580784762,25.744138000195083,0.0,24.087283667405003,35.23453069528317,0.0
2023,3,28,16,9.1501,62.52256905619744,62.52256905619744,53.0602112485449,0.0,73.73261884182219,0.0,0.0
2023,3,28,17,9.1501,47.50385457287965,47.50385457287965,38.041496765227116,0.0,109.32582160160197,0.0,0.0
2023,3,28,18,9.1501,26.88520422704713,26.88520422704713,17.422846419394595,0.0,125.6273596058812,0.0,0.0
2023,3,28,19,9.1501,6.07535336422317,6.07535336422317,0.0,3.3870044434293645,122.18837763295467,0.0,0.0
2023,3,28,20,9.1501,0.0,0.0,0.0,9.462357807652534,112.5808089198325,0.0,0.0
2023,3,28,21,9.1501,0.0,0.0,0.0,9.462357807652534,102.97324020671034,0.0,0.0
2023,3,28,22,9.1501,0.0,0.0,0.0,9.462357807652534,93.36567149358818,0.0,0.0
2023,3,28,23,9.1501,0.0,0.0,0.0,9.462357807652534,83.75810278046602,0.0,0.0
2023,3,29,0,9.1501,0.0,0.0,0.0,9.462357807652534,74.15053406734386,0.0,0.0
2023,3,29,1,9.1501,0.0,0.0,0.0,9.462357807652534,64.54296535422169,0.0,0.0
2023,3,29,2,9.1501,0.0,0.0,0.0,9.462357807652534,54.93539664109953,0.0,0.0
2023,3,29,3,9.1501,0.0,0.0,0.0,9.462357807652534,45.32782792797737,0.0,0.0
2023,3,29,4,9.1501,0.0,0.0,0.0,9.462357807652534,35.72025921485521,0.0,0.0
2023,3,29,5,9.1501,0.0,0.0,0.0,9.462357807652534,26.112690501733052,0.0,0.0
2023,3,29,6,9.1501,0.0,0.0,0.0,9.462357807652534,16.505121788610893,0.0,0.0
2023,3,29,7,9.1501,0.0,0.0,0.0,9.462357807652534,6.897553075488735,0.0,0.0
2023,3,29,8,9.1501,2.6690558655695407,2.6690558655695407,0.0,6.793301942082993,0.0,0.0,0.0
2023,3,29,9,9.1501,21.57723672155983,9.462357807652534,0.0,0.0,0.0,12.114878913907297,0.0
2023,3,29,10,9.1501,42.31129638845926,9.462357807652534,0.0,0.0,0.0,32.84893858080673,0.0
2023,3,29,11,9.1501,55.76078861070324,9.462357807652534,0.0,0.0,0.0,46.29843080305071,0.0
2023,3,29,12,9.1501,66.29834863498314,9.462357807652534,0.0,0.0,0.0,56.835990827330605,0.0
2023,3,29,13,9.1501,72.99553431122348,9.462357807652534,0.0,0.0,0.0,63.53317650357094,0.0
2023,3,29,14,9.1501,77.50166541437285,9.462357807652534,0.0,0.0,0.0,68.03930760672031,0.0
2023,3,29,15,9.1501,73.04118128149622,42.99135599072715,33.52899818307462,0.0,31.371121857469277,30.04982529076907,0.0
2023,3,29,16,9.1501,59.81045001112532,59.81045001112532,50.34809220347279,0.0,78.47888592432292,0.0,0.0
2023,3,29,17,9.1501,45.25165028489502,45.25165028489502,35.78929247724248,0.0,111.9648329056719,0.0,0.0
2023,3,29,18,9.1501,24.425435413860093,24.425435413860093,14.963077606207559,0.0,125.96490914964579,0.0,0.0
2023,3,29,19,9.1501,5.7256803466622666,5.7256803466622666,0.0,3.7366774609902675,122.1708880192881,0.0,0.0
2023,3,29,20,9.1501,0.0,0.0,0.0,9.462357807652534,112.56331930616594,0.0,0.0
2023,3,29,21,9.1501,0.0,0.0,0.0,9.462357807652534,102.95575059304377,0.0,0.0
2023,3,29,22,9.1501,0.0,0.0,0.0,9.462357807652534,93.34818187992161,0.0,0.0
2023,3,29,23,9.1501,0.0,0.0,0.0,9.462357807652534,83.74061316679945,0.0,0.0
2023,3,30,0,9.1501,0.0,0.0,0.0,9.462357807652534,74.13304445367729,0.0,0.0
2023,3,30,1,9.1501,0.0,0.0,0.0,9.462357807652534,64.52547574055512,0.0,0.0
2023,3,30,2,9.1501,0.0,0.0,0.0,9.462357807652534,54.91790702743296,0.0,0.0
2023,3,30,3,9.1501,0.0,0.0,0.0,9.462357807652534,45.3103383143108,0.0,0.0
2023,3,30,4,9.1501,0.0,0.0,0.0,9.462357807652534,35.70276960118864,0.0,0.0
2023,3,30,5,9.1501,0.0,0.0,0.0,9.462357807652534,26.095200888066483,0.0,0.0
2023,3,30,6,9.1501,0.0,0.0,0.0,9.462357807652534,16.487632174944324,0.0,0.0
2023,3,30,7,9.1501,0.0,0.0,0.0,9.462357807652534,6.880063461822166,0.0,0.0
2023,3,30,8,9.1501,2.686281137370579,2.686281137370579,0.0,6.776076670281955,0.0,0.0,0.0
2023,3,30,9,9.1501,21.363643351227065,9.462357807652534,0.0,0.0,0.0,11.90128554357453,0.0
2023,3,30,10,9.1501,37.26687554152772,9.462357807652534,0.0,0.0,0.0,27.804517733875183,0.0
2023,3,30,11,9.1501,40.873847456663334,9.462357807652534,0.0,0.0,0.0,31.4114896490108,0.0
2023,3,30,12,9.1501,48.29104949418672,9.462357807652534,0.0,0.0,0.0,38.828691686534185,0.0
2023,3,30,13,9.1501,46.65723246385905,19.18665172540361,9.724293917751076,0.0,9.098452861786104,27.470580738455443,0.0
2023,3,30,14,9.1501,42.28029089921741,42.28029089921741,32.81793309156488,0.0,39.80427271671583,0.0,0.0
2023,3,30,15,9.1501,35.83373292768205,35.83373292768205,26.37137512002952,0.0,64.4784254582403,0.0,0.0
2023,3,30,16,9.1501,37.38400738977472,37.38400738977472,27.92164958212219,0.0,90.6030793092009,0.0,0.0
2023,3,30,17,9.1501,45.804581509708086,45.804581509708086,36.342223702055556,0.0,124.60637168624876,0.0,0.0
2023,3,30,18,9.1501,20.765926419731333,20.765926419731333,11.303568612078799,0.0,135.1824594780037,0.0,0.0
2023,3,30,19,9.1501,4.093585843514704,4.093585843514704,0.0,5.36877196413783,129.73129745273945,0.0,0.0
2023,3,30,20,9.1501,0.0,0.0,0.0,9.462357807652534,120.12372873961729,0.0,0.0
2023,3,30,21,9.1501,0.0,0.0,0.0,9.462357807652534,110.51616002649513,0.0,0.0
2023,3,30,22,9.1501,0.0,0.0,0.0,9.462357807652534,100.90859131337297,0.0,0.0
2023,3,30,23,9.1501,0.0,0.0,0.0,9.462357807652534,91.3010226002508,0.0,0.0
2023,3,31,0,9.1501,0.0,0.0,0.0,9.462357807652534,81.69345388712864,0.0,0.0
2023,3,31,1,9.1501,0.0,0.0,0.0,9.462357807652534,72.08588517400648,0.0,0.0
2023,3,31,2,9.1501,0.0,0.0,0.0,9.462357807652534,62.478316460884315,0.0,0.0
2023,3,31,3,9.1501,0.0,0.0,0.0,9.462357807652534,52.87074774776215,0.0,0.0
2023,3,31,4,9.1501,0.0,0.0,0.0,9.462357807652534,43.26317903463999,0.0,0.0
2023,3,31,5,9.1501,0.0,0.0,0.0,9.462357807652534,33.65561032151783,0.0,0.0
2023,3,31,6,9.1501,0.0,0.0,0.0,9.462357807652534,24.048041608395664,0.0,0.0
2023,3,31,7,9.1501,0.0,0.0,0.0,9.462357807652534,14.440472895273507,0.0,0.0
2023,3,31,8,9.1501,0.8388707367101456,0.8388707367101456,0.0,8.623487070942389,5.684648367712807,0.0,0.0
2023,3,31,9,9.1501,3.8636284649709576,3.8636284649709576,0.0,5.598729342681577,0.0,0.0,0.0
2023,3,31,10,9.1501,12.024100980708772,9.462357807652534,0.0,0.0,0.0,2.5617431730562377,0.0
2023,3,31,11,9.1501,17.57752860936074,9.462357807652534,-0.0,0.0,0.0,8.115170801708206,0.0
2023,3,31,12,9.1501,21.945857538101865,19.57051099587655,10.108153188224014,0.0,9.457607522011074,2.3753465422253157,0.0
2023,3,31,13,9.1501,37.474440066730125,37.474440066730125,28.01208225907759,0.0,35.66687393768878,0.0,0.0
2023,3,31,14,9.1501,41.04265512031343,41.04265512031343,31.580297312660893,0.0,65.21471040691866,0.0,0.0
2023,3,31,15,9.1501,35.73124256046592,35.73124256046592,26.26888475281339,0.0,89.7929689084304,0.0,0.0
2023,3,31,16,9.1501,40.68953704839231,40.68953704839231,31.227179240739776,0.0,119.0104134582887,0.0,0.0
2023,3,31,17,9.1501,32.65050269885177,32.65050269885177,23.188144891199233,0.0,140.70620392177096,0.0,0.0
2023,3,31,18,9.1501,13.613993567943808,13.613993567943808,4.151635760291274,0.0,144.5906465953272,0.0,0.0
2023,3,31,19,9.1501,3.037676682111585,3.037676682111585,0.0,6.424681125540949,138.06737125230285,0.0,0.0
2023,3,31,20,9.1501,0.0,-0.0,0.0,9.462357807652534,128.45980253918069,0.0,0.0
2023,3,31,21,9.1501,0.0,-0.0,0.0,9.462357807652534,118.85223382605852,0.0,0.0
2023,3,31,22,9.1501,0.0,-0.0,0.0,9.462357807652534,109.24466511293636,0.0,0.0
2023,3,31,23,9.1501,0.0,-0.0,0.0,9.462357807652534,99.6370963998142,0.0,0.0
2023,4,1,0,9.1501,0.0,-0.0,0.0,9.462357807652534,90.02952768669203,0.0,0.0
2023,4,1,1,9.1501,0.0,-0.0,0.0,9.462357807652534,80.42195897356987,0.0,0.0
2023,4,1,2,9.1501,0.0,-0.0,0.0,9.462357807652534,70.81439026044771,0.0,0.0
2023,4,1,3,9.1501,0.0,-0.0,0.0,9.462357807652534,61.206821547325546,0.0,0.0
2023,4,1,4,9.1501,0.0,-0.0,0.0,9.462357807652534,51.599252834203384,0.0,0.0
2023,4,1,5,9.1501,0.0,-0.0,0.0,9.462357807652534,41.99168412108122,0.0,0.0
2023,4,1,6,9.1501,0.0,-0.0,0.0,9.462357807652534,32.38411540795906,0.0,0.0
2023,4,1,7,9.1501,0.0,-0.0,0.0,9.462357807652534,22.7765466948369,0.0,0.0
2023,4,1,8,9.1501,1.5390780354220022,1.5390780354220022,0.0,7.923279772230532,14.73167496282187,0.0,0.0
2023,4,1,9,9.1501,10.88723304184081,10.88723304184081,1.4248752341882762,0.0,16.06484735166989,0.0,0.0
2023,4,1,10,9.1501,22.843294198935517,22.843294198935517,13.380936391282983,0.0,28.584606630069246,0.0,0.0
2023,4,1,11,9.1501,25.909392579518798,25.909392579518798,16.447034771866264,0.0,43.97313476935339,0.0,0.0
2023,4,1,12,9.1501,17.759255226861605,17.759255226861605,8.29689741920907,0.0,51.73605624275192,0.0,0.0
2023,4,1,13,9.1501,10.82780585412726,10.82780585412726,1.3654480464747254,0.0,53.01362608907156,0.0,0.0
2023,4,1,14,9.1501,8.58249167486304,8.58249167486304,0.0,0.8798661327894948,52.1202573853128,0.0,0.0
2023,4,1,15,9.1501,6.92886558196419,6.92886558196419,0.0,2.533492225688344,49.5478857695643,0.0,0.0
2023,4,1,16,9.1501,16.546596092069116,16.546596092069116,7.084238284416582,0.0,56.1761930418039,0.0,0.0
2023,4,1,17,9.1501,16.009167611876986,16.009167611876986,6.546809804224452,0.0,62.30165992943896,0.0,0.0
2023,4,1,18,9.1501,18.409509237350473,18.409509237350473,8.94715142969794,0.0,70.67298603485098,0.0,0.0
2023,4,1,19,9.1501,5.2158123013517885,5.2158123013517885,0.0,4.246545506300746,66.36127233996304,0.0,0.0
2023,4,1,20,9.1501,0.0,-0.0,0.0,9.462357807652534,56.753703626840874,0.0,0.0
2023,4,1,21,9.1501,0.0,-0.0,0.0,9.462357807652534,47.14613491371871,0.0,0.0
2023,4,1,22,9.1501,0.0,-0.0,0.0,9.462357807652534,37.53856620059655,0.0,0.0
2023,4,1,23,9.1501,0.0,-0.0,0.0,9.462357807652534,27.93099748747439,0.0,0.0
2023,4,2,0,9.1501,0.0,-0.0,0.0,9.462357807652534,18.32342877435223,0.0,0.0
2023,4,2,1,9.1501,0.0,-0.0,0.0,9.462357807652534,8.715860061230071,0.0,0.0
2023,4,2,2,9.1501,0.0,-0.0,0.0,8.584126636340889,0.0,0.0,0.849249542658361
2023,4,2,3,9.1501,0.0,-0.0,0.0,-0.0,0.0,0.0,9.1501
2023,4,2,4,9.1501,0.0,-0.0,0.0,-0.0,0.0,0.0,9.1501
2023,4,2,5,9.1501,0.0,-0.0,0.0,-0.0,0.0,0.0,9.1501
2023,4,2,6,9.1501,0.0,-0.0,0.0,-0.0,0.0,0.0,9.1501
2023,4,2,7,9.1501,0.0,-0.0,0.0,-0.0,0.0,0.0,9.1501
2023,4,2,8,9.1501,0.7570506956552545,0.7570506956552545,0.0,-0.0,0.0,0.0,8.41803197730137
2023,4,2,9,9.1501,9.694382969619506,9.462357807652534,0.0,0.0,0.0,0.23202516196697154,0.0
2023,4,2,10,9.1501,17.6705450770863,9.462357807652534,0.0,0.0,0.0,8.208187269433765,0.0
2023,4,2,11,9.1501,41.21749162909388,9.462357807652534,0.0,0.0,0.0,31.755133821441344,0.0
2023,4,2,12,9.1501,38.13675176747972,9.462357807652534,0.0,0.0,0.0,28.67439395982719,0.0
2023,4,2,13,9.1501,46.58144126793452,9.462357807652534,0.0,0.0,0.0,37.119083460281985,0.0
2023,4,2,14,9.1501,53.36389203958996,47.16997803512516,37.707620227472624,0.0,35.28081401812829,6.193914004464801,0.0
2023,4,2,15,9.1501,56.74779668490224,56.74779668490224,47.28543887724971,0.0,79.52303255989588,0.0,0.0
2023,4,2,16,9.1501,42.331105451030446,42.331105451030446,32.86874764337791,0.0,110.27639661785712,0.0,0.0
2023,4,2,17,9.1501,25.563164616318105,25.563164616318105,16.10080680866557,0.0,125.3409795093672,0.0,0.0
2023,4,2,18,9.1501,12.676077518377744,12.676077518377744,3.2137197107252096,0.0,128.34786901171458,0.0,0.0
2023,4,2,19,9.1501,3.718074918252257,3.718074918252257,0.0,5.744282889400277,122.51543340851933,0.0,0.0
2023,4,2,20,9.1501,0.0,0.0,0.0,9.462357807652534,112.90786469539717,0.0,0.0
2023,4,2,21,9.1501,0.0,0.0,0.0,9.462357807652534,103.300295982275,0.0,0.0
2023,4,2,22,9.1501,0.0,0.0,0.0,9.462357807652534,93.69272726915284,0.0,0.0
2023,4,2,23,9.1501,0.0,0.0,0.0,9.462357807652534,84.08515855603068,0.0,0.0
2023,4,3,0,9.1501,0.0,0.0,0.0,9.462357807652534,74.47758984290851,0.0,0.0
2023,4,3,1,9.1501,0.0,0.0,0.0,9.462357807652534,64.87002112978635,0.0,0.0
2023,4,3,2,9.1501,0.0,0.0,0.0,9.462357807652534,55.26245241666419,0.0,0.0
2023,4,3,3,9.1501,0.0,0.0,0.0,9.462357807652534,45.654883703542026,0.0,0.0
2023,4,3,4,9.1501,0.0,0.0,0.0,9.462357807652534,36.04731499041987,0.0,0.0
2023,4,3,5,9.1501,0.0,0.0,0.0,9.462357807652534,26.43974627729771,0.0,0.0
2023,4,3,6,9.1501,0.0,0.0,0.0,9.462357807652534,16.832177564175552,0.0,0.0
2023,4,3,7,9.1501,0.0,0.0,0.0,9.462357807652534,7.224608851053392,0.0,0.0
2023,4,3,8,9.1501,2.3469432828902943,2.3469432828902943,0.0,7.115414524762239,0.0,0.0,0.0
2023,4,3,9,9.1501,20.14753916207437,9.462357807652534,0.0,0.0,0.0,10.685181354421836,0.0
2023,4,3,10,9.1501,37.844783410452266,9.462357807652534,0.0,0.0,0.0,28.38242560279973,0.0
2023,4,3,11,9.1501,44.118227400387276,9.462357807652534,0.0,0.0,0.0,34.655869592734746,0.0
2023,4,3,12,9.1501,27.945419706400504,23.457563908426796,13.995206100774261,0.0,13.094495505368727,4.487855797973708,0.0
2023,4,3,13,9.1501,27.421771443649206,27.421771443649206,17.959413635996672,0.0,29.898068060302798,0.0,0.0
2023,4,3,14,9.1501,38.818011267210444,38.818011267210444,29.35565345955791,0.0,57.36443543749182,0.0,0.0
2023,4,3,15,9.1501,33.736556085906685,33.736556085906685,24.274198278254154,0.0,80.07638251152908,0.0,0.0
2023,4,3,16,9.1501,33.00362077077287,33.00362077077287,23.541262963120335,0.0,102.10256489438291,0.0,0.0
2023,4,3,17,9.1501,28.5810322358585,28.5810322358585,19.11867442820597,0.0,119.99078994559534,0.0,0.0
2023,4,3,18,9.1501,15.922179989281789,15.922179989281789,6.459822181629255,0.0,126.03486760431204,0.0,0.0
2023,4,3,19,9.1501,4.734365954513009,4.734365954513009,0.0,4.7279918531395255,121.23431920744383,0.0,0.0
2023,4,3,20,9.1501,0.0,0.0,0.0,9.462357807652534,111.62675049432167,0.0,0.0
2023,4,3,21,9.1501,0.0,0.0,0.0,9.462357807652534,102.0191817811995,0.0,0.0
2023,4,3,22,9.1501,0.0,0.0,0.0,9.462357807652534,92.41161306807734,0.0,0.0
2023,4,3,23,9.1501,0.0,0.0,0.0,9.462357807652534,82.80404435495518,0.0,0.0
2023,4,4,0,9.1501,0.0,0.0,0.0,9.462357807652534,73.19647564183302,0.0,0.0
2023,4,4,1,9.1501,0.0,0.0,0.0,9.462357807652534,63.588906928710855,0.0,0.0
2023,4,4,2,9.1501,0.0,0.0,0.0,9.462357807652534,53.98133821558869,0.0,0.0
2023,4,4,3,9.1501,0.0,0.0,0.0,9.462357807652534,44.37376950246653,0.0,0.0
2023,4,4,4,9.1501,0.0,0.0,0.0,9.462357807652534,34.76620078934437,0.0,0.0
2023,4,4,5,9.1501,0.0,0.0,0.0,9.462357807652534,25.15863207622221,0.0,0.0
2023,4,4,6,9.1501,0.0,0.0,0.0,9.462357807652534,15.55106336310005,0.0,0.0
2023,4,4,7,9.1501,0.0,0.0,0.0,9.462357807652534,5.943494649977891,0.0,0.0
2023,4,4,8,9.1501,3.6086944423157186,3.6086944423157186,0.0,5.853663365336816,0.0,0.0,0.0
2023,4,4,9,9.1501,23.567616878168813,9.462357807652534,0.0,0.0,0.0,14.10525907051628,0.0
2023,4,4,10,9.1501,45.790801292267254,9.462357807652534,0.0,0.0,0.0,36.32844348461472,0.0
2023,4,4,11,9.1501,63.28048101544275,9.462357807652534,0.0,0.0,0.0,53.81812320779022,0.0
2023,4,4,12,9.1501,77.04605697523563,9.462357807652534,0.0,0.0,0.0,67.58369916758309,0.0
2023,4,4,13,9.1501,83.01116859993219,9.462357807652534,0.0,0.0,0.0,73.54881079227965,0.0
2023,4,4,14,9.1501,83.3039982205497,9.462357807652534,0.0,0.0,0.0,73.84164041289716,0.0
2023,4,4,15,9.1501,78.68245779633344,20.05791698155982,10.595559173907288,0.0,9.913644785261262,58.62454081477362,0.0
2023,4,4,16,9.1501,67.81675634424391,67.81675634424391,58.354398536591376,0.0,64.51244124840284,0.0,0.0
2023,4,4,17,9.1501,51.600024207164516,51.600024207164516,42.137666399511986,0.0,103.93819027289277,0.0,0.0
2023,4,4,18,9.1501,29.979724306102103,29.979724306102103,20.51736649844957,0.0,123.13508965839645,0.0,0.0
2023,4,4,19,9.1501,7.176048232308957,7.176048232308957,0.0,2.2863095753435774,120.81369399876307,0.0,0.0
2023,4,4,20,9.1501,0.0,0.0,0.0,9.462357807652534,111.20612528564091,0.0,0.0
2023,4,4,21,9.1501,0.0,0.0,0.0,9.462357807652534,101.59855657251875,0.0,0.0
2023,4,4,22,9.1501,0.0,0.0,0.0,9.462357807652534,91.99098785939658,0.0,0.0
2023,4,4,23,9.1501,0.0,0.0,0.0,9.462357807652534,82.38341914627442,0.0,0.0
2023,4,5,0,9.1501,0.0,0.0,0.0,9.462357807652534,72.77585043315226,0.0,0.0
2023,4,5,1,9.1501,0.0,0.0,0.0,9.462357807652534,63.168281720030095,0.0,0.0
2023,4,5,2,9.1501,0.0,0.0,0.0,9.462357807652534,53.56071300690793,0.0,0.0
2023,4,5,3,9.1501,0.0,0.0,0.0,9.462357807652534,43.95314429378577,0.0,0.0
2023,4,5,4,9.1501,0.0,0.0,0.0,9.462357807652534,34.345575580663606,0.0,0.0
2023,4,5,5,9.1501,0.0,0.0,0.0,9.462357807652534,24.738006867541447,0.0,0.0
2023,4,5,6,9.1501,0.0,0.0,0.0,9.462357807652534,15.130438154419288,0.0,0.0
2023,4,5,7,9.1501,0.0,0.0,0.0,9.462357807652534,5.522869441297128,0.0,0.0
2023,4,5,8,9.1501,4.022962229130482,4.022962229130482,0.0,5.439395578522051,0.0,0.0,0.0
2023,4,5,9,9.1501,26.532947418716073,9.462357807652534,0.0,0.0,0.0,17.07058961106354,0.0
2023,4,5,10,9.1501,49.24446828837371,9.462357807652534,0.0,0.0,0.0,39.78211048072117,0.0
2023,4,5,11,9.1501,66.3276315970449,9.462357807652534,0.0,0.0,0.0,56.86527378939236,0.0
2023,4,5,12,9.1501,76.80145811566099,9.462357807652534,0.0,0.0,0.0,67.33910030800845,0.0
2023,4,5,13,9.1501,81.78214545692873,9.462357807652534,0.0,0.0,0.0,72.3197876492762,0.0
2023,4,5,14,9.1501,81.34290102600247,9.462357807652534,0.0,0.0,0.0,71.88054321834993,0.0
2023,4,5,15,9.1501,75.77569317990968,34.192987639019705,24.730629831367168,0.0,23.13900337300924,41.582705540889975,0.0
2023,4,5,16,9.1501,64.72912637390934,64.72912637390934,55.26676856625681,0.0,74.84888512652385,0.0,0.0
2023,4,5,17,9.1501,47.07063898708376,47.07063898708376,37.60828117943123,0.0,110.03675340961122,0.0,0.0
2023,4,5,18,9.1501,25.107556177180868,25.107556177180868,15.645198369528334,0.0,124.67505014173702,0.0,0.0
2023,4,5,19,9.1501,6.252773663773775,6.252773663773775,0.0,3.209584143878759,121.41621118957605,0.0,0.0
2023,4,5,20,9.1501,0.0,0.0,0.0,9.462357807652534,111.80864247645388,0.0,0.0
2023,4,5,21,9.1501,0.0,0.0,0.0,9.462357807652534,102.20107376333172,0.0,0.0
2023,4,5,22,9.1501,0.0,0.0,0.0,9.462357807652534,92.59350505020956,0.0,0.0
2023,4,5,23,9.1501,0.0,0.0,0.0,9.462357807652534,82.9859363370874,0.0,0.0
2023,4,6,0,9.1501,0.0,0.0,0.0,9.462357807652534,73.37836762396523,0.0,0.0
2023,4,6,1,9.1501,0.0,0.0,0.0,9.462357807652534,63.77079891084307,0.0,0.0
2023,4,6,2,9.1501,0.0,0.0,0.0,9.462357807652534,54.16323019772091,0.0,0.0
2023,4,6,3,9.1501,0.0,0.0,0.0,9.462357807652534,44.555661484598744,0.0,0.0
2023,4,6,4,9.1501,0.0,0.0,0.0,9.462357807652534,34.94809277147659,0.0,0.0
2023,4,6,5,9.1501,0.0,0.0,0.0,9.462357807652534,25.34052405835443,0.0,0.0
2023,4,6,6,9.1501,0.0,0.0,0.0,9.462357807652534,15.73295534523227,0.0,0.0
2023,4,6,7,9.1501,0.0,0.0,0.0,9.462357807652534,6.125386632110112,0.0,0.0
2023,4,6,8,9.1501,3.42955161558501,3.42955161558501,0.0,6.0328061920675236,0.0,0.0,0.0
2023,4,6,9,9.1501,19.094213791441394,9.462357807652534,0.0,0.0,0.0,9.63185598378886,0.0
2023,4,6,10,9.1501,32.22503848536633,9.462357807652534,0.0,0.0,0.0,22.7626806777138,0.0
2023,4,6,11,9.1501,42.82805454249015,9.462357807652534,0.0,0.0,0.0,33.36569673483761,0.0
2023,4,6,12,9.1501,62.05576419038953,9.462357807652534,0.0,0.0,0.0,52.593406382737,0.0
2023,4,6,13,9.1501,73.42530484265917,9.462357807652534,0.0,0.0,0.0,63.962947035006636,0.0
2023,4,6,14,9.1501,73.86627180076555,9.462357807652534,0.0,0.0,0.0,64.40391399311301,0.0
2023,4,6,15,9.1501,73.70952182737618,25.41750282256869,15.955145014916154,0.0,14.928295673599791,48.292019004807486,0.0
2023,4,6,16,9.1501,64.93496837193165,64.93496837193165,55.47261056427911,0.0,66.83077174108953,0.0,0.0
2023,4,6,17,9.1501,49.8731907091113,49.8731907091113,40.41083290145876,0.0,104.64082369645756,0.0,0.0
2023,4,6,18,9.1501,29.19511317556521,29.19511317556521,19.732755367912677,0.0,123.10360835379663,0.0,0.0
2023,4,6,19,9.1501,6.987431506087691,6.987431506087691,0.0,2.474926301564843,120.59070142451444,0.0,0.0
2023,4,6,20,9.1501,0.0017225271801029685,0.0,0.0,9.462357807652534,110.98313271139227,0.0017225271801029685,0.0
2023,4,6,21,9.1501,0.0,0.0,0.0,9.462357807652534,101.37556399827011,0.0,0.0
2023,4,6,22,9.1501,0.0,0.0,0.0,9.462357807652534,91.76799528514795,0.0,0.0
2023,4,6,23,9.1501,0.0,0.0,0.0,9.462357807652534,82.16042657202578,0.0,0.0
2023,4,7,0,9.1501,0.0,0.0,0.0,9.462357807652534,72.55285785890362,0.0,0.0
2023,4,7,1,9.1501,0.0,0.0,0.0,9.462357807652534,62.94528914578146,0.0,0.0
2023,4,7,2,9.1501,0.0,0.0,0.0,9.462357807652534,53.337720432659296,0.0,0.0
2023,4,7,3,9.1501,0.0,0.0,0.0,9.462357807652534,43.73015171953713,0.0,0.0
2023,4,7,4,9.1501,0.0,0.0,0.0,9.462357807652534,34.12258300641497,0.0,0.0
2023,4,7,5,9.1501,0.0,0.0,0.0,9.462357807652534,24.51501429329281,0.0,0.0
2023,4,7,6,9.1501,0.0,0.0,0.0,9.462357807652534,14.907445580170652,0.0,0.0
2023,4,7,7,9.1501,0.0,0.0,0.0,9.462357807652534,5.299876867048492,0.0,0.0
2023,4,7,8,9.1501,4.242584444593611,4.242584444593611,0.0,5.219773363058923,0.0,0.0,0.0
2023,4,7,9,9.1501,25.912837633879008,9.462357807652534,0.0,0.0,0.0,16.450479826226474,0.0
2023,4,7,10,9.1501,48.221287143392544,9.462357807652534,0.0,0.0,0.0,38.75892933574001,0.0
2023,4,7,11,9.1501,64.42079400867091,9.462357807652534,0.0,0.0,0.0,54.95843620101837,0.0
2023,4,7,12,9.1501,75.04448039195597,9.462357807652534,0.0,0.0,0.0,65.58212258430343,0.0
2023,4,7,13,9.1501,80.07598228503673,9.462357807652534,0.0,0.0,0.0,70.61362447738419,0.0
2023,4,7,14,9.1501,79.82449331674171,9.462357807652534,0.0,0.0,0.0,70.36213550908917,0.0
2023,4,7,15,9.1501,74.47604642252199,28.288008382046137,18.825650574393602,0.0,17.614059775682854,46.18803804047585,0.0
2023,4,7,16,9.1501,64.08145615419062,64.08145615419062,54.61909834653808,0.0,68.71795439903303,0.0,0.0
2023,4,7,17,9.1501,48.58560164198432,48.58560164198432,39.12324383433179,0.0,105.32328459961937,0.0,0.0
2023,4,7,18,9.1501,28.541414110716126,28.541414110716126,19.07905630306359,0.0,123.17444128914619,0.0,0.0
2023,4,7,19,9.1501,6.885802402461615,6.885802402461615,0.0,2.576555405190919,120.55834563923129,0.0,0.0
2023,4,7,20,9.1501,0.0163640082109782,0.0163640082109782,0.0,9.445993799441556,110.96739205909236,0.0,0.0
2023,4,7,21,9.1501,0.0,0.0,0.0,9.462357807652534,101.3598233459702,0.0,0.0
2023,4,7,22,9.1501,0.0,0.0,0.0,9.462357807652534,91.75225463284804,0.0,0.0
2023,4,7,23,9.1501,0.0,0.0,0.0,9.462357807652534,82.14468591972587,0.0,0.0
2023,4,8,0,9.1501,0.0,0.0,0.0,9.462357807652534,72.53711720660371,0.0,0.0
2023,4,8,1,9.1501,0.0,0.0,0.0,9.462357807652534,62.92954849348155,0.0,0.0
2023,4,8,2,9.1501,0.0,0.0,0.0,9.462357807652534,53.321979780359385,0.0,0.0
2023,4,8,3,9.1501,0.0,0.0,0.0,9.462357807652534,43.71441106723722,0.0,0.0
2023,4,8,4,9.1501,0.0,0.0,0.0,9.462357807652534,34.10684235411507,0.0,0.0
2023,4,8,5,9.1501,0.0,0.0,0.0,9.462357807652534,24.499273640992907,0.0,0.0
2023,4,8,6,9.1501,0.0,0.0,0.0,9.462357807652534,14.891704927870748,0.0,0.0
2023,4,8,7,9.1501,0.0,0.0,0.0,9.462357807652534,5.284136214748588,0.0,0.0
2023,4,8,8,9.1501,4.258087189214537,4.258087189214537,0.0,5.204270618437997,0.0,0.0,0.0
2023,4,8,9,9.1501,26.0265244277658,9.462357807652534,0.0,0.0,0.0,16.564166620113266,0.0
2023,4,8,10,9.1501,48.35564426344058,9.462357807652534,0.0,0.0,0.0,38.893286455788044,0.0
2023,4,8,11,9.1501,65.00042440477556,9.462357807652534,0.0,0.0,0.0,55.53806659712302,0.0
2023,4,8,12,9.1501,75.23998722689765,9.462357807652534,0.0,0.0,0.0,65.77762941924512,0.0
2023,4,8,13,9.1501,80.16383117122199,9.462357807652534,0.0,0.0,0.0,70.70147336356945,0.0
2023,4,8,14,9.1501,80.55484484110536,9.462357807652534,0.0,0.0,-0.0,71.09248703345283,0.0
2023,4,8,15,9.1501,75.88076733789596,24.457438325986615,14.995080518334083,0.0,14.030019496397763,51.423329011909345,0.0
2023,4,8,16,9.1501,65.57919353729015,65.57919353729015,56.116835729637614,0.0,66.53525935825319,0.0,0.0
2023,4,8,17,9.1501,49.792231931646455,49.792231931646455,40.329874123993925,0.0,104.26956292235066,0.0,0.0
2023,4,8,18,9.1501,28.936734098549763,28.936734098549763,19.47437629089723,0.0,122.4905973947837,0.0,0.0
2023,4,8,19,9.1501,6.930588109144293,6.930588109144293,0.0,2.531769698508241,119.91997474040187,0.0,0.0
2023,4,8,20,9.1501,0.028421698471698977,0.028421698471698977,0.0,9.433936109180836,110.34126388982953,0.0,0.0
2023,4,8,21,9.1501,0.0,0.0,0.0,9.462357807652534,100.73369517670737,0.0,0.0
2023,4,8,22,9.1501,0.0,0.0,0.0,9.462357807652534,91.12612646358521,0.0,0.0
2023,4,8,23,9.1501,0.0,0.0,0.0,9.462357807652534,81.51855775046305,0.0,0.0
2023,4,9,0,9.1501,0.0,0.0,0.0,9.462357807652534,71.91098903734088,0.0,0.0
2023,4,9,1,9.1501,0.0,0.0,0.0,9.462357807652534,62.30342032421872,0.0,0.0
2023,4,9,2,9.1501,0.0,0.0,0.0,9.462357807652534,52.69585161109656,0.0,0.0
2023,4,9,3,9.1501,0.0,0.0,0.0,9.462357807652534,43.088282897974395,0.0,0.0
2023,4,9,4,9.1501,0.0,0.0,0.0,9.462357807652534,33.48071418485223,0.0,0.0
2023,4,9,5,9.1501,0.0,0.0,0.0,9.462357807652534,23.87314547173007,0.0,0.0
2023,4,9,6,9.1501,0.0,0.0,0.0,9.462357807652534,14.265576758607908,0.0,0.0
2023,4,9,7,9.1501,0.0,0.0,0.0,9.462357807652534,4.658008045485749,0.0,0.0
2023,4,9,8,9.1501,4.8747519196914,4.8747519196914,0.0,4.587605887961134,0.0,0.0,0.0
2023,4,9,9,9.1501,21.379146095847982,9.462357807652534,0.0,0.0,0.0,11.916788288195448,0.0
2023,4,9,10,9.1501,42.75484713733577,9.462357807652534,0.0,0.0,0.0,33.292489329683235,0.0
2023,4,9,11,9.1501,60.246249387691364,9.462357807652534,0.0,0.0,0.0,50.783891580038826,0.0
2023,4,9,12,9.1501,72.08776248730922,9.462357807652534,0.0,0.0,0.0,62.62540467965668,0.0
2023,4,9,13,9.1501,76.7980130613008,9.462357807652534,0.0,0.0,0.0,67.33565525364826,0.0
2023,4,9,14,9.1501,76.61284138943972,9.462357807652534,0.0,0.0,0.0,67.15048358178719,0.0
2023,4,9,15,9.1501,72.2462349878787,39.457379319232146,29.99502151157961,0.0,28.064586654789466,32.78885566864655,0.0
2023,4,9,16,9.1501,63.01951814765715,63.01951814765715,53.55716034000462,0.0,78.1748880181759,0.0,0.0
2023,4,9,17,9.1501,45.13279590946792,45.13279590946792,35.67043810181539,0.0,111.54962991446811,0.0,0.0
2023,4,9,18,9.1501,22.26624759360102,22.26624759360102,12.803889785948487,0.0,123.52948044657735,0.0,0.0
2023,4,9,19,9.1501,6.134780551936722,6.134780551936722,0.0,3.327577255715812,120.15083764080045,0.0,0.0
2023,4,9,20,9.1501,0.12488322055746519,0.12488322055746519,0.0,9.337474587095068,110.67006862676085,0.0,0.0
2023,4,9,21,9.1501,0.0,0.0,0.0,9.462357807652534,101.06249991363869,0.0,0.0
2023,4,9,22,9.1501,0.0,0.0,0.0,9.462357807652534,91.45493120051653,0.0,0.0
2023,4,9,23,9.1501,0.0,0.0,0.0,9.462357807652534,81.84736248739436,0.0,0.0
2023,4,10,0,9.1501,0.0,0.0,0.0,9.462357807652534,72.2397937742722,0.0,0.0
2023,4,10,1,9.1501,0.0,0.0,0.0,9.462357807652534,62.63222506115004,0.0,0.0
2023,4,10,2,9.1501,0.0,0.0,0.0,9.462357807652534,53.024656348027875,0.0,0.0
2023,4,10,3,9.1501,0.0,0.0,0.0,9.462357807652534,43.41708763490571,0.0,0.0
2023,4,10,4,9.1501,0.0,0.0,0.0,9.462357807652534,33.80951892178355,0.0,0.0
2023,4,10,5,9.1501,0.0,0.0,0.0,9.462357807652534,24.20195020866139,0.0,0.0
2023,4,10,6,9.1501,0.0,0.0,0.0,9.462357807652534,14.594381495539231,0.0,0.0
2023,4,10,7,9.1501,0.0,0.0,0.0,9.462357807652534,4.986812782417072,0.0,0.0
2023,4,10,8,9.1501,4.550916809832042,4.550916809832042,0.0,4.911440997820492,0.0,0.0,0.0
2023,4,10,9,9.1501,18.309602660904503,9.462357807652534,0.0,0.0,0.0,8.847244853251969,0.0
2023,4,10,10,9.1501,37.295297239999414,9.462357807652534,0.0,0.0,0.0,27.83293943234688,0.0
2023,4,10,11,9.1501,58.70631008867931,9.462357807652534,0.0,0.0,0.0,49.24395228102678,0.0
2023,4,10,12,9.1501,74.02646682851511,9.462357807652534,0.0,0.0,0.0,64.56410902086257,0.0
2023,4,10,13,9.1501,80.94585851098874,9.462357807652534,0.0,0.0,0.0,71.4835007033362,0.0
2023,4,10,14,9.1501,79.3507983422134,9.462357807652534,0.0,0.0,0.0,69.88844053456086,0.0
2023,4,10,15,9.1501,69.87345379728686,48.686448161433475,39.224090353780944,0.0,36.699686388423125,21.18700563585338,0.0
2023,4,10,16,9.1501,60.619176522183665,60.619176522183665,51.156818714531134,0.0,84.56412853403262,0.0,0.0
2023,4,10,17,9.1501,41.36132264863247,41.36132264863247,31.89896484097994,0.0,114.41012356464658,0.0,0.0
2023,4,10,18,9.1501,23.232585341638785,23.232585341638785,13.770227533986251,0.0,127.29411978830434,0.0,0.0
2023,4,10,19,9.1501,4.426894852864629,4.426894852864629,0.0,5.0354629547879055,122.18138178748804,0.0,0.0
2023,4,10,20,9.1501,0.1645013456998335,0.1645013456998335,0.0,9.297856461952701,112.74083888488153,0.0,0.0
2023,4,10,21,9.1501,0.0,0.0,0.0,9.462357807652534,103.13327017175936,0.0,0.0
2023,4,10,22,9.1501,0.0,0.0,0.0,9.462357807652534,93.5257014586372,0.0,0.0
2023,4,10,23,9.1501,0.0,0.0,0.0,9.462357807652534,83.91813274551504,0.0,0.0
2023,4,11,0,9.1501,0.0,0.0,0.0,9.462357807652534,74.31056403239288,0.0,0.0
2023,4,11,1,9.1501,0.0,0.0,0.0,9.462357807652534,64.70299531927071,0.0,0.0
2023,4,11,2,9.1501,0.0,0.0,0.0,9.462357807652534,55.09542660614855,0.0,0.0
2023,4,11,3,9.1501,0.0,0.0,0.0,9.462357807652534,45.48785789302639,0.0,0.0
2023,4,11,4,9.1501,0.0,0.0,0.0,9.462357807652534,35.880289179904224,0.0,0.0
2023,4,11,5,9.1501,0.0,0.0,0.0,9.462357807652534,26.272720466782065,0.0,0.0
2023,4,11,6,9.1501,0.0,0.0,0.0,9.462357807652534,16.665151753659906,0.0,0.0
2023,4,11,7,9.1501,0.0,0.0,0.0,9.462357807652534,7.0575830405377475,0.0,0.0
2023,4,11,8,9.1501,2.5114446285901275,2.5114446285901275,0.0,6.950913179062407,0.0,0.0,0.0
2023,4,11,9,9.1501,11.2868593476247,9.462357807652534,0.0,0.0,0.0,1.8245015399721662,0.0
2023,4,11,10,9.1501,15.166851820806636,9.462357807652534,0.0,0.0,0.0,5.704494013154102,0.0
2023,4,11,11,9.1501,38.71982721794456,9.462357807652534,0.0,0.0,0.0,29.25746941029203,0.0
2023,4,11,12,9.1501,39.70683529214357,9.462357807652534,0.0,0.0,0.0,30.24447748449104,0.0
2023,4,11,13,9.1501,54.567077274891886,9.462357807652534,0.0,0.0,-0.0,45.10471946723935,0.0
2023,4,11,14,9.1501,57.7675327755232,33.525394194376936,24.063036386724402,0.0,22.514375246967944,24.242138581146264,0.0
2023,4,11,15,9.1501,51.97381260524686,51.97381260524686,42.511454797594325,0.0,62.28985620562192,0.0,0.0
2023,4,11,16,9.1501,49.29872789454696,49.29872789454696,39.836370086894426,0.0,99.5624169165489,0.0,0.0
2023,4,11,17,9.1501,41.40438582813505,41.40438582813505,31.942028020482514,0.0,129.4487036446472,0.0,0.0
2023,4,11,18,9.1501,25.64584592096304,25.64584592096304,16.183488113310506,0.0,144.5906465953272,0.0,0.0
2023,4,11,19,9.1501,6.373350566380982,6.373350566380982,0.0,3.0890072412715517,141.45423493883214,0.0,0.0
2023,4,11,20,9.1501,0.08526509541509693,0.08526509541509693,0.0,9.377092712237436,131.93323981335945,0.0,0.0
2023,4,11,21,9.1501,0.0,-0.0,0.0,9.462357807652534,122.32567110023729,0.0,0.0
2023,4,11,22,9.1501,0.0,-0.0,0.0,9.462357807652534,112.71810238711512,0.0,0.0
2023,4,11,23,9.1501,0.0,-0.0,0.0,9.462357807652534,103.11053367399296,0.0,0.0
2023,4,12,0,9.1501,0.0,-0.0,0.0,9.462357807652534,93.5029649608708,0.0,0.0
2023,4,12,1,9.1501,0.0,-0.0,0.0,9.462357807652534,83.89539624774864,0.0,0.0
2023,4,12,2,9.1501,0.0,-0.0,0.0,9.462357807652534,74.28782753462647,0.0,0.0
2023,4,12,3,9.1501,0.0,-0.0,0.0,9.462357807652534,64.68025882150431,0.0,0.0
2023,4,12,4,9.1501,0.0,-0.0,0.0,9.462357807652534,55.07269010838215,0.0,0.0
2023,4,12,5,9.1501,0.0,-0.0,0.0,9.462357807652534,45.465121395259985,0.0,0.0
2023,4,12,6,9.1501,0.0,-0.0,0.0,9.462357807652534,35.85755268213782,0.0,0.0
2023,4,12,7,9.1501,0.0,-0.0,0.0,9.462357807652534,26.249983969015663,0.0,0.0
2023,4,12,8,9.1501,4.17798967533975,4.17798967533975,0.0,5.2843681323127845,20.88452105071758,0.0,0.0
2023,4,12,9,9.1501,11.39021097843088,11.39021097843088,1.927853170778345,0.0,22.688300466182657,0.0,0.0
2023,4,12,10,9.1501,10.908764631592097,10.908764631592097,1.4464068239395633,0.0,24.041618703772844,0.0,0.0
2023,4,12,11,9.1501,14.94292328739325,14.94292328739325,5.480565479740715,0.0,29.169463161695724,0.0,0.0
2023,4,12,12,9.1501,9.206907777650365,9.206907777650365,0.0,0.2554500300021693,28.910092953349753,0.0,0.0
2023,4,12,13,9.1501,8.626416117955666,8.626416117955666,0.0,0.8359416896968686,28.06132276444072,0.0,0.0
2023,4,12,14,9.1501,11.583995286192463,11.583995286192463,2.1216374785399292,0.0,30.046414818585315,0.0,0.0
2023,4,12,15,9.1501,9.65648737165724,9.65648737165724,0.19412956400470635,0.0,30.228050493330983,0.0,0.0
2023,4,12,16,9.1501,4.812740941207694,4.812740941207694,0.0,4.64961686644484,25.50707983864562,0.0,0.0
2023,4,12,17,9.1501,15.420924579871823,15.420924579871823,5.95856677221929,0.0,31.08216213864464,0.0,0.0
2023,4,12,18,9.1501,10.812303109506333,10.812303109506333,1.349945301853799,0.0,32.34522697386991,0.0,0.0
2023,4,12,19,9.1501,4.668909921669096,4.668909921669096,0.0,4.793447885983438,27.478218045068775,0.0,0.0
2023,4,12,20,9.1501,0.05339834258319202,0.05339834258319202,0.0,9.408959465069342,17.924867134312986,0.0,0.0
2023,4,12,21,9.1501,0.0,-0.0,0.0,9.462357807652534,8.317298421190827,0.0,0.0
2023,4,12,22,9.1501,0.0,-0.0,0.0,8.19158894454117,0.0,0.0,1.2288334906286889
2023,4,12,23,9.1501,0.0,-0.0,0.0,-0.0,0.0,0.0,9.1501
2023,4,13,0,9.1501,0.0,-0.0,0.0,-0.0,0.0,0.0,9.1501
2023,4,13,1,9.1501,0.0,-0.0,0.0,-0.0,0.0,0.0,9.1501
2023,4,13,2,9.1501,0.0,-0.0,0.0,-0.0,0.0,0.0,9.1501
2023,4,13,3,9.1501,0.0,-0.0,0.0,-0.0,0.0,0.0,9.1501
2023,4,13,4,9.1501,0.0,-0.0,0.0,-0.0,0.0,0.0,9.1501
2023,4,13,5,9.1501,0.0,-0.0,0.0,-0.0,0.0,0.0,9.1501
2023,4,13,6,9.1501,0.0,-0.0,0.0,-0.0,0.0,0.0,9.1501
2023,4,13,7,9.1501,0.0,-0.0,0.0,-0.0,0.0,0.0,9.1501
2023,4,13,8,9.1501,2.700061354811403,2.700061354811403,0.0,-0.0,0.0,0.0,6.539140669897374
2023,4,13,9,9.1501,12.011182026857998,9.462357807652534,0.0,0.0,0.0,2.548824219205464,0.0
2023,4,13,10,9.1501,28.4639003876115,9.462357807652534,0.0,0.0,0.0,19.001542579958965,0.0
2023,4,13,11,9.1501,24.91118807864913,9.462357807652534,0.0,0.0,0.0,15.448830270996595,0.0
2023,4,13,12,9.1501,37.3418054738622,9.462357807652534,0.0,0.0,0.0,27.879447666209668,0.0
2023,4,13,13,9.1501,41.16323202292063,32.12404225119904,22.66168444354651,0.0,21.203212225198122,9.039189771721588,0.0
2023,4,13,14,9.1501,47.28250983023643,47.28250983023643,37.8201520225839,0.0,56.589315659908436,0.0,0.0
2023,4,13,15,9.1501,30.052070447666438,30.052070447666438,20.589712640013904,0.0,75.85390509718582,0.0,0.0
2023,4,13,16,9.1501,44.35679741483154,44.35679741483154,34.89443960717901,0.0,108.50259060481027,0.0,0.0
2023,4,13,17,9.1501,31.505022124083293,31.505022124083293,22.04266431643076,0.0,129.12662191520917,0.0,0.0
2023,4,13,18,9.1501,21.484220253834263,21.484220253834263,12.021862446181729,0.0,140.37477522100284,0.0,0.0
2023,4,13,19,9.1501,5.14691121414767,5.14691121414767,0.0,4.3154465935048645,135.99310307144873,0.0,0.0
2023,4,13,20,9.1501,0.05512086976329499,0.05512086976329499,0.0,9.40723693788924,126.44150112205956,0.0,0.0
2023,4,13,21,9.1501,0.0,0.0,0.0,9.462357807652534,116.8339324089374,0.0,0.0
2023,4,13,22,9.1501,0.0,0.0,0.0,9.462357807652534,107.22636369581524,0.0,0.0
2023,4,13,23,9.1501,0.0,0.0,0.0,9.462357807652534,97.61879498269307,0.0,0.0
2023,4,14,0,9.1501,0.0,0.0,0.0,9.462357807652534,88.01122626957091,0.0,0.0
2023,4,14,1,9.1501,0.0,0.0,0.0,9.462357807652534,78.40365755644875,0.0,0.0
2023,4,14,2,9.1501,0.0,0.0,0.0,9.462357807652534,68.79608884332659,0.0,0.0
2023,4,14,3,9.1501,0.0,0.0,0.0,9.462357807652534,59.188520130204424,0.0,0.0
2023,4,14,4,9.1501,0.0,0.0,0.0,9.462357807652534,49.58095141708226,0.0,0.0
2023,4,14,5,9.1501,0.0,0.0,0.0,9.462357807652534,39.973382703960105,0.0,0.0
2023,4,14,6,9.1501,0.0,0.0,0.0,9.462357807652534,30.365813990837946,0.0,0.0
2023,4,14,7,9.1501,0.0,0.0,0.0,9.462357807652534,20.758245277715787,0.0,0.0
2023,4,14,8,9.1501,0.26957550368611455,0.26957550368611455,0.0,9.19278230396642,11.424389018475285,0.0,0.0
2023,4,14,9,9.1501,1.1945725994013998,1.1945725994013998,0.0,8.267785208251134,3.0297250131290356,0.0,0.0
2023,4,14,10,9.1501,6.4784247243672635,6.4784247243672635,0.0,2.9839330832852706,0.0,0.0,0.0
2023,4,14,11,9.1501,17.688631612477383,9.462357807652534,0.0,0.0,0.0,8.22627380482485,0.0
2023,4,14,12,9.1501,24.364285698966434,9.462357807652534,0.0,0.0,0.0,14.9019278913139,0.0
2023,4,14,13,9.1501,24.352228008705715,14.727570385126183,5.26521257747365,0.0,4.9263513473178016,9.624657623579532,0.0
2023,4,14,14,9.1501,38.37359925474388,38.37359925474388,28.911241447091346,0.0,31.976908406468468,0.0,0.0
2023,4,14,15,9.1501,51.81103378672714,51.81103378672714,42.348675979074606,0.0,71.60008674863167,0.0,0.0
2023,4,14,16,9.1501,47.813909465298195,47.813909465298195,38.35155165764566,0.0,107.4833897302987,0.0,0.0
2023,4,14,17,9.1501,34.81227430988099,34.81227430988099,25.349916502228456,0.0,131.2018234074947,0.0,0.0
2023,4,14,18,9.1501,6.34837392226949,6.34837392226949,0.0,3.1139838853830444,128.04005181118313,0.0,0.0
2023,4,14,19,9.1501,3.9368358701253343,3.9368358701253343,0.0,5.5255219375272,122.4297343015532,0.0,0.0
2023,4,14,20,9.1501,0.004306317950257421,0.004306317950257421,0.0,9.458051489702276,112.82653799184767,0.0,0.0
2023,4,14,21,9.1501,0.0,0.0,0.0,9.462357807652534,103.21896927872551,0.0,0.0
2023,4,14,22,9.1501,0.0,0.0,0.0,9.462357807652534,93.61140056560335,0.0,0.0
2023,4,14,23,9.1501,0.0,0.0,0.0,9.462357807652534,84.00383185248118,0.0,0.0
2023,4,15,0,9.1501,0.0,0.0,0.0,9.462357807652534,74.39626313935902,0.0,0.0
2023,4,15,1,9.1501,0.0,0.0,0.0,9.462357807652534,64.78869442623686,0.0,0.0
2023,4,15,2,9.1501,0.0,0.0,0.0,9.462357807652534,55.181125713114696,0.0,0.0
2023,4,15,3,9.1501,0.0,0.0,0.0,9.462357807652534,45.57355699999253,0.0,0.0
2023,4,15,4,9.1501,0.0,0.0,0.0,9.462357807652534,35.96598828687037,0.0,0.0
2023,4,15,5,9.1501,0.0,0.0,0.0,9.462357807652534,26.358419573748208,0.0,0.0
2023,4,15,6,9.1501,0.0,0.0,0.0,9.462357807652534,16.75085086062605,0.0,0.0
2023,4,15,7,9.1501,0.0,0.0,0.0,9.462357807652534,7.14328214750389,0.0,0.0
2023,4,15,8,9.1501,2.427040796765082,2.427040796765082,0.0,7.035317010887452,0.0,0.0,0.0
2023,4,15,9,9.1501,12.51071490908786,9.462357807652534,0.0,0.0,0.0,3.0483571014353252,0.0
2023,4,15,10,9.1501,23.069806523119052,9.462357807652534,0.0,0.0,0.0,13.607448715466518,0.0
2023,4,15,11,9.1501,20.968323363393434,9.462357807652534,0.0,0.0,0.0,11.5059655557409,0.0
2023,4,15,12,9.1501,39.62846030544889,9.462357807652534,0.0,0.0,0.0,30.166102497796356,0.0
2023,4,15,13,9.1501,65.5714421649797,9.462357807652534,0.0,0.0,0.0,56.10908435732716,0.0
2023,4,15,14,9.1501,68.4773455178134,9.462357807652534,0.0,0.0,0.0,59.01498771016087,0.0
2023,4,15,15,9.1501,66.73070295718898,49.57062799886908,40.10827019121654,0.0,37.52696172998437,17.160074958319903,0.0
2023,4,15,16,9.1501,58.943157575943474,58.943157575943474,49.48079976829094,0.0,83.82325100950347,0.0,0.0
2023,4,15,17,9.1501,39.03849474626362,39.03849474626362,29.57613693861109,0.0,111.49591187781229,0.0,0.0
2023,4,15,18,9.1501,21.317996380954334,21.317996380954334,11.8556385733018,0.0,122.58853923131643,0.0,0.0
2023,4,15,19,9.1501,6.16320225040842,6.16320225040842,0.0,3.2991555572441134,119.23875428808935,0.0,0.0
2023,4,15,20,9.1501,0.1627788185197305,0.1627788185197305,0.0,9.299578989132803,109.79646242411619,0.0,0.0
2023,4,15,21,9.1501,0.0,0.0,0.0,9.462357807652534,100.18889371099402,0.0,0.0
2023,4,15,22,9.1501,0.0,0.0,0.0,9.462357807652534,90.58132499787186,0.0,0.0
2023,4,15,23,9.1501,0.0,0.0,0.0,9.462357807652534,80.9737562847497,0.0,0.0
2023,4,16,0,9.1501,0.0,0.0,0.0,9.462357807652534,71.36618757162753,0.0,0.0
2023,4,16,1,9.1501,0.0,0.0,0.0,9.462357807652534,61.75861885850537,0.0,0.0
2023,4,16,2,9.1501,0.0,0.0,0.0,9.462357807652534,52.15105014538321,0.0,0.0
2023,4,16,3,9.1501,0.0,0.0,0.0,9.462357807652534,42.543481432261046,0.0,0.0
2023,4,16,4,9.1501,0.0,0.0,0.0,9.462357807652534,32.93591271913889,0.0,0.0
2023,4,16,5,9.1501,0.0,0.0,0.0,9.462357807652534,23.32834400601673,0.0,0.0
2023,4,16,6,9.1501,0.0,0.0,0.0,9.462357807652534,13.720775292894572,0.0,0.0
2023,4,16,7,9.1501,0.09560025849571475,0.09560025849571475,0.0,9.36675754915682,4.210273935621819,0.0,0.0
2023,4,16,8,9.1501,5.31571887779776,5.31571887779776,0.0,4.146638929854774,0.0,0.0,0.0
2023,4,16,9,9.1501,20.78745800948262,9.462357807652534,0.0,0.0,0.0,11.325100201830086,0.0
2023,4,16,10,9.1501,35.64856125582098,9.462357807652534,0.0,0.0,0.0,26.186203448168445,0.0
2023,4,16,11,9.1501,51.821368949807756,9.462357807652534,0.0,0.0,0.0,42.359011142155225,0.0
2023,4,16,12,9.1501,59.6493937197857,9.462357807652534,0.0,0.0,0.0,50.18703591213317,0.0
2023,4,16,13,9.1501,46.26449626679557,28.497268978134173,19.03491117048164,0.0,17.80985267184992,17.767227288661395,0.0
2023,4,16,14,9.1501,43.5851052381454,43.5851052381454,34.122747430492865,0.0,49.736510960555044,0.0,0.0
2023,4,16,15,9.1501,31.530860031784833,31.530860031784833,22.0685022241323,0.0,70.38471728944455,0.0,0.0
2023,4,16,16,9.1501,35.93708455848822,35.93708455848822,26.47472675083569,0.0,95.15557010493143,0.0,0.0
2023,4,16,17,9.1501,26.824915775743516,26.824915775743516,17.362557968090982,0.0,111.40069973273258,0.0,0.0
2023,4,16,18,9.1501,20.628124245323097,20.628124245323097,11.165766437670563,0.0,121.84785409253763,0.0,0.0
2023,4,16,19,9.1501,6.656706287507921,6.656706287507921,0.0,2.8056515201446124,118.99914658085748,0.0,0.0
2023,4,16,20,9.1501,0.2023969436620988,0.2023969436620988,0.0,9.259960863990436,109.5970808283174,0.0,0.0
2023,4,16,21,9.1501,0.0,0.0,0.0,9.462357807652534,99.98951211519524,0.0,0.0
2023,4,16,22,9.1501,0.0,0.0,0.0,9.462357807652534,90.38194340207308,0.0,0.0
2023,4,16,23,9.1501,0.0,0.0,0.0,9.462357807652534,80.77437468895091,0.0,0.0
2023,4,17,0,9.1501,0.0,0.0,0.0,9.462357807652534,71.16680597582875,0.0,0.0
2023,4,17,1,9.1501,0.0,0.0,0.0,9.462357807652534,61.55923726270659,0.0,0.0
2023,4,17,2,9.1501,0.0,0.0,0.0,9.462357807652534,51.951668549584426,0.0,0.0
2023,4,17,3,9.1501,0.0,0.0,0.0,9.462357807652534,42.34409983646226,0.0,0.0
2023,4,17,4,9.1501,0.0,0.0,0.0,9.462357807652534,32.73653112334011,0.0,0.0
2023,4,17,5,9.1501,0.0,0.0,0.0,9.462357807652534,23.128962410217948,0.0,0.0
2023,4,17,6,9.1501,0.0,0.0,0.0,9.462357807652534,13.521393697095789,0.0,0.0
2023,4,17,7,9.1501,0.11282553029674443,0.11282553029674443,0.0,9.349532277355788,4.028381953489598,0.0,0.0
2023,4,17,8,9.1501,5.494861704528469,5.494861704528469,0.0,3.9674961031240654,0.0,0.0,0.0
2023,4,17,9,9.1501,26.92740614295965,9.462357807652534,0.0,0.0,0.0,17.465048335307117,0.0
2023,4,17,10,9.1501,48.48569506553835,9.462357807652534,0.0,0.0,0.0,39.023337257885814,0.0
2023,4,17,11,9.1501,64.57754398206028,9.462357807652534,0.0,0.0,0.0,55.11518617440774,0.0
2023,4,17,12,9.1501,75.18486635713437,9.462357807652534,0.0,0.0,0.0,65.72250854948183,0.0
2023,4,17,13,9.1501,78.53432045884459,9.462357807652534,0.0,0.0,0.0,69.07196265119205,0.0
2023,4,17,14,9.1501,57.30847928202576,31.719079332665412,22.25672152501288,0.0,20.824312116232505,25.589399949360345,0.0
2023,4,17,15,9.1501,53.098622853854096,53.098622853854096,43.636265046201565,0.0,61.65221221317737,0.0,0.0
2023,4,17,16,9.1501,34.97849818276092,34.97849818276092,25.516140375108392,0.0,85.5261718426629,0.0,0.0
2023,4,17,17,9.1501,41.79453823442837,41.79453823442837,32.33218042677584,0.0,115.77750134996931,0.0,0.0
2023,4,17,18,9.1501,16.568988945410453,16.568988945410453,7.106631137757919,0.0,122.42676030490077,0.0,0.0
2023,4,17,19,9.1501,6.0856885273037875,6.0856885273037875,0.0,3.376669280348746,118.99827210017418,0.0,0.0
2023,4,17,20,9.1501,0.1670851364699793,0.1670851364699793,0.0,9.295272671182554,109.56035263961763,0.0,0.0
2023,4,17,21,9.1501,0.0,0.0,0.0,9.462357807652534,99.95278392649547,0.0,0.0
2023,4,17,22,9.1501,0.0,0.0,0.0,9.462357807652534,90.34521521337331,0.0,0.0
2023,4,17,23,9.1501,0.0,0.0,0.0,9.462357807652534,80.73764650025115,0.0,0.0
2023,4,18,0,9.1501,0.0,0.0,0.0,9.462357807652534,71.13007778712898,0.0,0.0
2023,4,18,1,9.1501,0.0,0.0,0.0,9.462357807652534,61.52250907400682,0.0,0.0
2023,4,18,2,9.1501,0.0,0.0,0.0,9.462357807652534,51.91494036088466,0.0,0.0
2023,4,18,3,9.1501,0.0,0.0,0.0,9.462357807652534,42.307371647762494,0.0,0.0
2023,4,18,4,9.1501,0.0,0.0,0.0,9.462357807652534,32.69980293464033,0.0,0.0
2023,4,18,5,9.1501,0.0,0.0,0.0,9.462357807652534,23.092234221518176,0.0,0.0
2023,4,18,6,9.1501,0.0,0.0,0.0,9.462357807652534,13.484665508396017,0.0,0.0
2023,4,18,7,9.1501,0.14296975594854638,0.14296975594854638,0.0,9.319388051703989,4.022260588706302,0.0,0.0
2023,4,18,8,9.1501,5.500890549658829,5.500890549658829,0.0,3.9614672579937054,0.0,0.0,0.0
2023,4,18,9,9.1501,26.90931960756857,9.462357807652534,0.0,0.0,0.0,17.446961799916036,0.0
2023,4,18,10,9.1501,48.028364099221015,9.462357807652534,0.0,0.0,0.0,38.566006291568485,0.0
2023,4,18,11,9.1501,62.29950178637411,9.462357807652534,0.0,0.0,0.0,52.83714397872157,0.0
2023,4,18,12,9.1501,67.23626468454921,9.462357807652534,0.0,0.0,0.0,57.773906876896675,0.0
2023,4,18,13,9.1501,66.39653268424901,9.462357807652534,0.0,0.0,0.0,56.93417487659647,0.0
2023,4,18,14,9.1501,58.27395576647347,55.78315275111441,46.32079494346187,0.0,43.33965765310964,2.490803015359063,0.0
2023,4,18,15,9.1501,54.06237681112171,54.06237681112171,44.60001900346917,0.0,85.06928593975397,0.0,0.0
2023,4,18,16,9.1501,32.687537033223975,32.687537033223975,23.22517922557144,0.0,106.79972726307277,0.0,0.0
2023,4,18,17,9.1501,19.7599705465512,19.7599705465512,10.297612738898668,0.0,116.43460100159359,0.0,0.0
2023,4,18,18,9.1501,15.15823918490612,15.15823918490612,5.695881377253587,0.0,121.76390394693816,0.0,0.0
2023,4,18,19,9.1501,6.574886246453031,6.574886246453031,0.0,2.887471561199503,118.83212077034186,0.0,0.0
2023,4,18,20,9.1501,0.2402925416243641,0.2402925416243641,0.0,9.222065266028169,109.4685321678682,0.0,0.0
2023,4,18,21,9.1501,0.0,0.0,0.0,9.462357807652534,99.86096345474604,0.0,0.0
2023,4,18,22,9.1501,0.0,0.0,0.0,9.462357807652534,90.25339474162388,0.0,0.0
2023,4,18,23,9.1501,0.0,0.0,0.0,9.462357807652534,80.64582602850172,0.0,0.0
2023,4,19,0,9.1501,0.0,0.0,0.0,9.462357807652534,71.03825731537955,0.0,0.0
2023,4,19,1,9.1501,0.0,0.0,0.0,9.462357807652534,61.43068860225739,0.0,0.0
2023,4,19,2,9.1501,0.0,0.0,0.0,9.462357807652534,51.82311988913523,0.0,0.0
2023,4,19,3,9.1501,0.0,0.0,0.0,9.462357807652534,42.215551176013065,0.0,0.0
2023,4,19,4,9.1501,0.0,0.0,0.0,9.462357807652534,32.6079824628909,0.0,0.0
2023,4,19,5,9.1501,0.0,0.0,0.0,9.462357807652534,23.000413749768743,0.0,0.0
2023,4,19,6,9.1501,0.0,0.0,0.0,9.462357807652534,13.392845036646584,0.0,0.0
2023,4,19,7,9.1501,0.17655903596054565,0.17655903596054565,0.0,9.285798771691988,3.964544863606654,0.0,0.0
2023,4,19,8,9.1501,5.5577339466022275,5.5577339466022275,0.0,3.9046238610503066,0.0,0.0,0.0
2023,4,19,9,9.1501,26.53122489153597,9.462357807652534,0.0,0.0,0.0,17.068867083883436,0.0
2023,4,19,10,9.1501,46.69598932541137,9.462357807652534,0.0,0.0,0.0,37.23363151775884,0.0
2023,4,19,11,9.1501,61.907626852900684,9.462357807652534,0.0,0.0,0.0,52.44526904524815,0.0
2023,4,19,12,9.1501,72.4555220402612,9.462357807652534,0.0,0.0,0.0,62.99316423260866,0.0
2023,4,19,13,9.1501,77.50338794155296,9.462357807652534,0.0,0.0,0.0,68.04103013390042,0.0
2023,4,19,14,9.1501,74.77490488826986,9.462357807652534,0.0,0.0,0.0,65.31254708061732,0.0
2023,4,19,15,9.1501,71.86986279902621,45.82696331776949,36.36460551011695,0.0,34.02423372531753,26.04289948125672,0.0
2023,4,19,16,9.1501,61.40378765272057,61.40378765272057,51.941429845068036,0.0,82.62279059909164,0.0,0.0
2023,4,19,17,9.1501,37.337499155911935,37.337499155911935,27.8751413482594,0.0,108.70392941676916,0.0,0.0
2023,4,19,18,9.1501,23.943127803431263,23.943127803431263,14.48076999577873,0.0,122.25273864891848,0.0,0.0
2023,4,19,19,9.1501,6.032290184720596,6.032290184720596,0.0,3.4300676229319382,118.77003264182555,0.0,0.0
2023,4,19,20,9.1501,0.270436767276166,0.270436767276166,0.0,9.19192104037637,109.43705086326838,0.0,0.0
2023,4,19,21,9.1501,0.0,0.0,0.0,9.462357807652534,99.82948215014622,0.0,0.0
2023,4,19,22,9.1501,0.0,0.0,0.0,9.462357807652534,90.22191343702406,0.0,0.0
2023,4,19,23,9.1501,0.0,0.0,0.0,9.462357807652534,80.6143447239019,0.0,0.0
2023,4,20,0,9.1501,0.0,0.0,0.0,9.462357807652534,71.00677601077973,0.0,0.0
2023,4,20,1,9.1501,0.0,0.0,0.0,9.462357807652534,61.39920729765757,0.0,0.0
2023,4,20,2,9.1501,0.0,0.0,0.0,9.462357807652534,51.791638584535406,0.0,0.0
2023,4,20,3,9.1501,0.0,0.0,0.0,9.462357807652534,42.18406987141324,0.0,0.0
2023,4,20,4,9.1501,0.0,0.0,0.0,9.462357807652534,32.57650115829109,0.0,0.0
2023,4,20,5,9.1501,0.0,0.0,0.0,9.462357807652534,22.968932445168928,0.0,0.0
2023,4,20,6,9.1501,0.0,0.0,0.0,9.462357807652534,13.361363732046769,0.0,0.0
2023,4,20,7,9.1501,0.1912005169914295,0.1912005169914295,0.0,9.271157290661105,3.947929730623422,0.0,0.0
2023,4,20,8,9.1501,5.5740979548132055,5.5740979548132055,0.0,3.888259852839328,0.0,0.0,0.0
2023,4,20,9,9.1501,26.406341670978502,9.462357807652534,0.0,0.0,0.0,16.94398386332597,0.0
2023,4,20,10,9.1501,46.715798387982545,9.462357807652534,0.0,0.0,0.0,37.25344058033001,0.0
2023,4,20,11,9.1501,61.39517501682005,9.462357807652534,0.0,0.0,0.0,51.93281720916751,0.0
2023,4,20,12,9.1501,70.99912530948414,9.462357807652534,0.0,0.0,0.0,61.536767501831605,0.0
2023,4,20,13,9.1501,74.61643238770039,9.462357807652534,0.0,0.0,0.0,65.15407458004785,0.0
2023,4,20,14,9.1501,75.74296516348772,9.462357807652534,0.0,0.0,0.0,66.28060735583519,0.0
2023,4,20,15,9.1501,66.95290896342227,45.57196153427838,36.10960372662584,0.0,33.78564347636074,21.380947429143895,0.0
2023,4,20,16,9.1501,58.19299698900863,58.19299698900863,48.73063918135609,0.0,79.38005138570267,0.0,0.0
2023,4,20,17,9.1501,39.75506605318646,39.75506605318646,30.292708245533927,0.0,107.72316610015088,0.0,0.0
2023,4,20,18,9.1501,22.85104557124598,22.85104557124598,13.388687763593445,0.0,120.25017788409741,0.0,0.0
2023,4,20,19,9.1501,6.952980962485631,6.952980962485631,0.0,2.509376845166903,117.70229172748209,0.0,0.0
2023,4,20,20,9.1501,0.5107293089005215,0.5107293089005215,0.0,8.951628498752012,108.61329005957342,0.0,0.0
2023,4,20,21,9.1501,0.0,0.0,0.0,9.462357807652534,99.00572134645125,0.0,0.0
2023,4,20,22,9.1501,0.0,0.0,0.0,9.462357807652534,89.39815263332909,0.0,0.0
2023,4,20,23,9.1501,0.0,0.0,0.0,9.462357807652534,79.79058392020693,0.0,0.0
2023,4,21,0,9.1501,0.0,0.0,0.0,9.462357807652534,70.18301520708476,0.0,0.0
2023,4,21,1,9.1501,0.0,0.0,0.0,9.462357807652534,60.5754464939626,0.0,0.0
2023,4,21,2,9.1501,0.0,0.0,0.0,9.462357807652534,50.96787778084044,0.0,0.0
2023,4,21,3,9.1501,0.0,0.0,0.0,9.462357807652534,41.36030906771828,0.0,0.0
2023,4,21,4,9.1501,0.0,0.0,0.0,9.462357807652534,31.752740354596124,0.0,0.0
2023,4,21,5,9.1501,0.0,0.0,0.0,9.462357807652534,22.145171641473965,0.0,0.0
2023,4,21,6,9.1501,0.0,0.0,0.0,9.462357807652534,12.537602928351806,0.0,0.0
2023,4,21,7,9.1501,0.35742438987136593,0.35742438987136593,0.0,9.104933417781169,3.29294369881076,0.0,0.0
2023,4,21,8,9.1501,6.219184383761767,6.219184383761767,0.0,3.2431734238907675,0.0,0.0,0.0
2023,4,21,9,9.1501,25.167844628484467,9.462357807652534,0.0,0.0,0.0,15.705486820831933,0.0
2023,4,21,10,9.1501,44.47823558102879,9.462357807652534,0.0,0.0,0.0,35.01587777337626,0.0
2023,4,21,11,9.1501,62.20734658223859,9.462357807652534,0.0,0.0,0.0,52.74498877458606,0.0
2023,4,21,12,9.1501,72.94816481377066,9.462357807652534,0.0,0.0,0.0,63.48580700611812,0.0
2023,4,21,13,9.1501,77.95985764428025,9.462357807652534,0.0,0.0,0.0,68.49749983662771,0.0
2023,4,21,14,9.1501,76.48020679657179,9.462357807652534,0.0,0.0,0.0,67.01784898891925,0.0
2023,4,21,15,9.1501,71.65110184715311,63.778484314768505,54.31612650711597,0.0,50.82042159973056,7.872617532384609,0.0
2023,4,21,16,9.1501,57.126752664524886,57.126752664524886,47.664394856872356,0.0,95.41720707936031,0.0,0.0
2023,4,21,17,9.1501,46.30669818270809,46.30669818270809,36.84434037505555,0.0,129.89030064907553,0.0,0.0
2023,4,21,18,9.1501,25.17387347361483,25.17387347361483,15.711515665962295,0.0,144.5906465953272,0.0,0.0
2023,4,21,19,9.1501,6.21487806581151,6.21487806581151,0.0,3.2474797418410244,141.2933304930998,0.0,0.0
2023,4,21,20,9.1501,0.20325820725214164,0.20325820725214164,0.0,9.259099600400393,131.89213922124304,0.0,0.0
2023,4,21,21,9.1501,0.0,-0.0,0.0,9.462357807652534,122.28457050812088,0.0,0.0
2023,4,21,22,9.1501,0.0,-0.0,0.0,9.462357807652534,112.67700179499872,0.0,0.0
2023,4,21,23,9.1501,0.0,-0.0,0.0,9.462357807652534,103.06943308187655,0.0,0.0
2023,4,22,0,9.1501,0.0,-0.0,0.0,9.462357807652534,93.46186436875439,0.0,0.0
2023,4,22,1,9.1501,0.0,-0.0,0.0,9.462357807652534,83.85429565563223,0.0,0.0
2023,4,22,2,9.1501,0.0,-0.0,0.0,9.462357807652534,74.24672694251007,0.0,0.0
2023,4,22,3,9.1501,0.0,-0.0,0.0,9.462357807652534,64.6391582293879,0.0,0.0
2023,4,22,4,9.1501,0.0,-0.0,0.0,9.462357807652534,55.03158951626574,0.0,0.0
2023,4,22,5,9.1501,0.0,-0.0,0.0,9.462357807652534,45.42402080314358,0.0,0.0
2023,4,22,6,9.1501,0.0,-0.0,0.0,9.462357807652534,35.816452090021414,0.0,0.0
2023,4,22,7,9.1501,0.06373350566380982,0.06373350566380982,0.0,9.398624301988724,26.27359494746554,0.0,0.0
2023,4,22,8,9.1501,0.8500671633808062,0.8500671633808062,0.0,8.612290644271727,17.529138668788097,0.0,0.0
2023,4,22,9,9.1501,1.7492263513945558,1.7492263513945558,0.0,7.713131456257979,9.697640223505072,0.0,0.0
2023,4,22,10,9.1501,2.3452207557101916,2.3452207557101916,0.0,7.1171370519423425,2.4712824110850145,0.0,0.0
2023,4,22,11,9.1501,1.9912414201990316,1.9912414201990316,0.0,2.4339309054856133,-0.0,0.0,4.870958361062949
2023,4,22,12,9.1501,3.0772948072539528,3.0772948072539528,0.0,0.0,-0.0,0.0,6.174355921385428
2023,4,22,13,9.1501,4.493212149298593,4.493212149298593,0.0,0.0,0.0,0.0,4.805163851628261
2023,4,22,14,9.1501,24.53912220774689,24.53912220774689,15.076764400094355,0.0,14.106446325332548,0.0,0.0
2023,4,22,15,9.1501,33.13883915441096,33.13883915441096,23.676481346758425,0.0,36.259144638287204,0.0,0.0
2023,4,22,16,9.1501,22.454864319822295,22.454864319822295,12.992506512169761,0.0,48.41547280537784,0.0,0.0
2023,4,22,17,9.1501,30.348345122644147,30.348345122644147,20.885987314991613,0.0,67.95726912134745,0.0,0.0
2023,4,22,18,9.1501,19.555851075709,19.555851075709,10.093493268056466,0.0,77.40116021379252,0.0,0.0
2023,4,22,19,9.1501,5.797165224636539,5.797165224636539,0.0,3.665192583015995,73.67972098015105,0.0,0.0
2023,4,22,20,9.1501,0.352256808331057,0.352256808331057,0.0,9.110100999321478,64.42981486651003,0.0,0.0
2023,4,22,21,9.1501,0.0,-0.0,0.0,9.462357807652534,54.822246153387866,0.0,0.0
2023,4,22,22,9.1501,0.0,-0.0,0.0,9.462357807652534,45.2146774402657,0.0,0.0
2023,4,22,23,9.1501,0.0,-0.0,0.0,9.462357807652534,35.60710872714354,0.0,0.0
2023,4,23,0,9.1501,0.0,-0.0,0.0,9.462357807652534,25.99954001402138,0.0,0.0
2023,4,23,1,9.1501,0.0,-0.0,0.0,9.462357807652534,16.391971300899222,0.0,0.0
2023,4,23,2,9.1501,0.0,-0.0,0.0,9.462357807652534,6.784402587777063,0.0,0.0
2023,4,23,3,9.1501,0.0,-0.0,0.0,6.6818616357153875,0.0,0.0,2.6887397982632204
2023,4,23,4,9.1501,0.0,-0.0,0.0,-0.0,0.0,0.0,9.1501
2023,4,23,5,9.1501,0.0,-0.0,0.0,-0.0,0.0,0.0,9.1501
2023,4,23,6,9.1501,0.0,-0.0,0.0,-0.0,0.0,0.0,9.1501
2023,4,23,7,9.1501,0.6269998935574804,0.6269998935574804,0.0,-0.0,0.0,0.0,8.543791102929916
2023,4,23,8,9.1501,5.810084178487303,5.810084178487303,0.0,-0.0,0.0,0.0,3.5317485994027784
2023,4,23,9,9.1501,15.49499324861625,15.49499324861625,6.032635440963716,0.0,5.644384019672081,0.0,0.0
2023,4,23,10,9.1501,24.39615245179834,24.39615245179834,14.933794644145806,0.0,19.61706190935663,0.0,0.0
2023,4,23,11,9.1501,22.252467376160194,22.252467376160194,12.79010956850766,0.0,31.58401909827088,0.0,0.0
2023,4,23,12,9.1501,11.208484360930006,11.208484360930006,1.7461265532774721,0.0,33.21776755035204,0.0,0.0
2023,4,23,13,9.1501,8.60574579179443,8.60574579179443,0.0,0.8566120158581042,32.348009825043135,0.0,0.0
2023,4,23,14,9.1501,5.688646012290053,5.688646012290053,0.0,3.7737117953624812,28.516386025302335,0.0,0.0
2023,4,23,15,9.1501,13.483081502255985,13.483081502255985,4.020723694603451,0.0,32.278341938506195,0.0,0.0
2023,4,23,16,9.1501,49.0386262903514,49.0386262903514,39.57626848269887,0.0,69.30754079662776,0.0,0.0
2023,4,23,17,9.1501,31.23716914757728,31.23716914757728,21.774811339924746,0.0,89.68095774867409,0.0,0.0
2023,4,23,18,9.1501,18.212279875228685,18.212279875228685,8.74992206757615,0.0,97.86774787960783,0.0,0.0
2023,4,23,19,9.1501,4.68269013910991,4.68269013910991,0.0,4.779667668542624,93.01473064173993,0.0,0.0
2023,4,23,20,9.1501,0.329002691399667,0.329002691399667,0.0,9.133355116252867,83.74121354964907,0.0,0.0
2023,4,23,21,9.1501,0.0,-0.0,0.0,9.462357807652534,74.13364483652691,0.0,0.0
2023,4,23,22,9.1501,0.0,-0.0,0.0,9.462357807652534,64.52607612340475,0.0,0.0
2023,4,23,23,9.1501,0.0,-0.0,0.0,9.462357807652534,54.91850741028259,0.0,0.0
2023,4,24,0,9.1501,0.0,-0.0,0.0,9.462357807652534,45.310938697160424,0.0,0.0
2023,4,24,1,9.1501,0.0,-0.0,0.0,9.462357807652534,35.70336998403826,0.0,0.0
2023,4,24,2,9.1501,0.0,-0.0,0.0,9.462357807652534,26.095801270916102,0.0,0.0
2023,4,24,3,9.1501,0.0,-0.0,0.0,9.462357807652534,16.488232557793943,0.0,0.0
2023,4,24,4,9.1501,0.0,-0.0,0.0,9.462357807652534,6.880663844671783,0.0,0.0
2023,4,24,5,9.1501,0.0,-0.0,0.0,6.776667978813214,0.0,0.0,2.597062064487622
2023,4,24,6,9.1501,0.0,-0.0,0.0,-0.0,0.0,0.0,9.1501
2023,4,24,7,9.1501,0.2919683570274531,0.2919683570274531,0.0,-0.0,0.0,0.0,8.867766598754454
2023,4,24,8,9.1501,2.6259926860669753,2.6259926860669753,0.0,-0.0,0.0,0.0,6.610765072573235
2023,4,24,9,9.1501,12.062857842261087,9.462357807652534,0.0,0.0,0.0,2.6005000346085527,0.0
2023,4,24,10,9.1501,15.116898532583651,9.462357807652534,0.0,0.0,0.0,5.654540724931117,0.0
2023,4,24,11,9.1501,27.09449127942964,24.784946026291337,15.322588218638804,0.0,14.336449289480736,2.309545253138303,0.0
2023,4,24,12,9.1501,41.07710566391548,41.07710566391548,31.614747856262948,0.0,43.916519116698076,0.0,0.0
2023,4,24,13,9.1501,51.735242590802606,51.735242590802606,42.27288478315007,0.0,83.46878407128884,0.0,0.0
2023,4,24,14,9.1501,40.56809888219505,40.56809888219505,31.105741074542518,0.0,112.57260603424132,0.0,0.0
2023,4,24,15,9.1501,37.1695527558519,37.1695527558519,27.70719494819937,0.0,138.4966072317299,0.0,0.0
2023,4,24,16,9.1501,15.975578331864979,15.975578331864979,6.513220524212445,0.0,144.5906465953272,0.0,0.0
2023,4,24,17,9.1501,7.002072987118566,7.002072987118566,0.0,2.4602848205339685,142.09260583766158,0.0,0.0
2023,4,24,18,9.1501,3.6086944423157186,3.6086944423157186,0.0,5.853663365336816,136.1491111876837,0.0,0.0
2023,4,24,19,9.1501,0.3798172432127045,0.3798172432127045,0.0,9.08254056443983,126.92718845590919,0.0,0.0
2023,4,24,20,9.1501,0.25062770470498186,0.25062770470498186,0.0,9.211730102947552,117.57409362163547,0.0,0.0
2023,4,24,21,9.1501,0.0,-0.0,0.0,9.462357807652534,107.9665249085133,0.0,0.0
2023,4,24,22,9.1501,0.0,-0.0,0.0,9.462357807652534,98.35895619539114,0.0,0.0
2023,4,24,23,9.1501,0.0,-0.0,0.0,9.462357807652534,88.75138748226898,0.0,0.0
2023,4,25,0,9.1501,0.0,-0.0,0.0,9.462357807652534,79.14381876914682,0.0,0.0
2023,4,25,1,9.1501,0.0,-0.0,0.0,9.462357807652534,69.53625005602466,0.0,0.0
2023,4,25,2,9.1501,0.0,-0.0,0.0,9.462357807652534,59.92868134290249,0.0,0.0
2023,4,25,3,9.1501,0.0,-0.0,0.0,9.462357807652534,50.32111262978033,0.0,0.0
2023,4,25,4,9.1501,0.0,-0.0,0.0,9.462357807652534,40.71354391665817,0.0,0.0
2023,4,25,5,9.1501,0.0,-0.0,0.0,9.462357807652534,31.10597520353601,0.0,0.0
2023,4,25,6,9.1501,0.0,-0.0,0.0,9.462357807652534,21.49840649041385,0.0,0.0
2023,4,25,7,9.1501,0.0,-0.0,0.0,9.462357807652534,11.89083777729169,0.0,0.0
2023,4,25,8,9.1501,0.3410603816603877,0.3410603816603877,0.0,9.121297425992147,2.6295634147674063,0.0,0.0
2023,4,25,9,9.1501,1.3866343799828895,1.3866343799828895,0.0,2.5898196152849575,-0.0,0.0,5.304868986575992
2023,4,25,10,9.1501,2.3452207557101916,2.3452207557101916,0.0,0.0,-0.0,0.0,6.882271529228245
2023,4,25,11,9.1501,6.259663772494187,6.259663772494187,0.0,0.0,0.0,0.0,3.097005131998122
2023,4,25,12,9.1501,11.122358001924857,11.122358001924857,1.6600001942723228,0.0,1.5531650571124915,0.0,0.0
2023,4,25,13,9.1501,6.5369906484907645,6.5369906484907645,0.0,1.5296901790219455,-0.0,0.0,1.3496196397952098
2023,4,25,14,9.1501,2.818915730238499,2.818915730238499,0.0,0.0,-0.0,0.0,6.424208488859372
2023,4,25,15,9.1501,2.10665074126593,2.10665074126593,0.0,0.0,-0.0,0.0,7.112968733195846
2023,4,25,16,9.1501,4.960017015106497,4.960017015106497,0.0,0.0,0.0,0.0,4.353763546392018
2023,4,25,17,9.1501,11.258437649153,11.258437649153,1.7960798415004666,0.0,1.680486821163005,0.0,0.0
2023,4,25,18,9.1501,8.979534189876775,8.979534189876775,0.0,0.4828236177757591,1.1902537124184478,0.0,0.0
2023,4,25,19,9.1501,3.507926602279686,3.507926602279686,0.0,1.1722639561669206,0.0,0.0,4.624355729982131
2023,4,25,20,9.1501,0.30574857446826825,0.30574857446826825,0.0,-0.0,0.0,0.0,8.854441128489185
2023,4,25,21,9.1501,0.0,-0.0,0.0,-0.0,0.0,0.0,9.1501
2023,4,25,22,9.1501,0.0,-0.0,0.0,-0.0,0.0,0.0,9.1501
2023,4,25,23,9.1501,0.0,-0.0,0.0,-0.0,0.0,0.0,9.1501
2023,4,26,0,9.1501,0.0,-0.0,0.0,-0.0,0.0,0.0,9.1501
2023,4,26,1,9.1501,0.0,-0.0,0.0,-0.0,0.0,0.0,9.1501
2023,4,26,2,9.1501,0.0,-0.0,0.0,-0.0,0.0,0.0,9.1501
2023,4,26,3,9.1501,0.0,-0.0,0.0,-0.0,0.0,0.0,9.1501
2023,4,26,4,9.1501,0.0,-0.0,0.0,-0.0,0.0,0.0,9.1501
2023,4,26,5,9.1501,0.0,-0.0,0.0,-0.0,0.0,0.0,9.1501
2023,4,26,6,9.1501,0.0,-0.0,0.0,-0.0,0.0,0.0,9.1501
2023,4,26,7,9.1501,0.011196426670669293,0.011196426670669293,0.0,-0.0,0.0,0.0,9.139273055409463
2023,4,26,8,9.1501,2.495941883969201,2.495941883969201,0.0,-0.0,0.0,0.0,6.736524198201782
2023,4,26,9,9.1501,8.39042989428156,8.39042989428156,0.0,-0.0,0.0,0.0,1.0365542922297317
2023,4,26,10,9.1501,20.86841678694746,9.462357807652534,0.0,0.0,0.0,11.406058979294926,0.0
2023,4,26,11,9.1501,30.505095096033518,9.462357807652534,0.0,0.0,0.0,21.042737288380984,0.0
2023,4,26,12,9.1501,32.042450604275416,28.03486912433755,18.572511316685016,0.0,17.377212183126566,4.0075814799378655,0.0
2023,4,26,13,9.1501,31.41803450148809,31.41803450148809,21.955676693835557,0.0,37.91985426460711,0.0,0.0
2023,4,26,14,9.1501,33.31884324473172,33.31884324473172,23.856485437079183,0.0,60.24097187304629,0.0,0.0
2023,4,26,15,9.1501,28.233943009067755,28.233943009067755,18.77158520141522,0.0,77.80444584253496,0.0,0.0
2023,4,26,16,9.1501,37.01366404605258,37.01366404605258,27.55130623840005,0.0,103.58259109513025,0.0,0.0
2023,4,26,17,9.1501,25.074828160758912,25.074828160758912,15.612470353106378,0.0,118.19026613716795,0.0,0.0
2023,4,26,18,9.1501,13.673420755657354,13.673420755657354,4.21106294800482,0.0,122.13031135325257,0.0,0.0
2023,4,26,19,9.1501,5.115905724905816,5.115905724905816,0.0,4.346452082746718,117.71715789909865,0.0,0.0
2023,4,26,20,9.1501,0.6011619858559359,0.6011619858559359,0.0,8.861195821796597,108.71997670293943,0.0,0.0
2023,4,26,21,9.1501,0.0,0.0,0.0,9.462357807652534,99.11240798981727,0.0,0.0
2023,4,26,22,9.1501,0.0,0.0,0.0,9.462357807652534,89.50483927669511,0.0,0.0
2023,4,26,23,9.1501,0.0,0.0,0.0,9.462357807652534,79.89727056357295,0.0,0.0
2023,4,27,0,9.1501,0.0,0.0,0.0,9.462357807652534,70.28970185045078,0.0,0.0
2023,4,27,1,9.1501,0.0,0.0,0.0,9.462357807652534,60.68213313732862,0.0,0.0
2023,4,27,2,9.1501,0.0,0.0,0.0,9.462357807652534,51.07456442420646,0.0,0.0
2023,4,27,3,9.1501,0.0,0.0,0.0,9.462357807652534,41.466995711084294,0.0,0.0
2023,4,27,4,9.1501,0.0,0.0,0.0,9.462357807652534,31.859426997962135,0.0,0.0
2023,4,27,5,9.1501,0.0,0.0,0.0,9.462357807652534,22.251858284839976,0.0,0.0
2023,4,27,6,9.1501,0.0,0.0,0.0,9.462357807652534,12.644289571717819,0.0,0.0
2023,4,27,7,9.1501,0.5055617273602212,0.5055617273602212,0.0,8.956796080292314,3.550041019709188,0.0,0.0
2023,4,27,8,9.1501,5.965972888286631,5.965972888286631,0.0,3.4963849193659033,0.0,0.0,0.0
2023,4,27,9,9.1501,14.580331315981574,9.462357807652534,0.0,0.0,0.0,5.11797350832904,0.0
2023,4,27,10,9.1501,39.23658537197546,9.462357807652534,0.0,0.0,0.0,29.774227564322924,0.0
2023,4,27,11,9.1501,55.953711654874766,9.462357807652534,0.0,0.0,0.0,46.49135384722223,0.0
2023,4,27,12,9.1501,69.30674235503298,9.462357807652534,0.0,0.0,0.0,59.84438454738044,0.0
2023,4,27,13,9.1501,69.79766260136232,9.462357807652534,0.0,0.0,0.0,60.33530479370978,0.0
2023,4,27,14,9.1501,66.87539524031764,10.78440085990104,1.3220430522485063,0.0,1.2369583327975633,56.0909943804166,0.0
2023,4,27,15,9.1501,58.65721806404638,58.65721806404638,49.194860256393845,0.0,47.265710741020655,0.0,0.0
2023,4,27,16,9.1501,49.08944084216444,49.08944084216444,39.62708303451191,0.0,84.34245380217375,0.0,0.0
2023,4,27,17,9.1501,36.01632080877297,36.01632080877297,26.553963001120433,0.0,109.18744334103181,0.0,0.0
2023,4,27,18,9.1501,20.914063757220188,20.914063757220188,11.451705949567653,0.0,119.90213457213287,0.0,0.0
2023,4,27,19,9.1501,5.938412453404983,5.938412453404983,0.0,3.5239453542475507,116.32411017055718,0.0,0.0
2023,4,27,20,9.1501,0.46852739298800744,0.46852739298800744,0.0,8.993830414664526,107.19225894916545,0.0,0.0
2023,4,27,21,9.1501,0.0,0.0,0.0,9.462357807652534,97.58469023604329,0.0,0.0
2023,4,27,22,9.1501,0.0,0.0,0.0,9.462357807652534,87.97712152292112,0.0,0.0
2023,4,27,23,9.1501,0.0,0.0,0.0,9.462357807652534,78.36955280979896,0.0,0.0
2023,4,28,0,9.1501,0.0,0.0,0.0,9.462357807652534,68.7619840966768,0.0,0.0
2023,4,28,1,9.1501,0.0,0.0,0.0,9.462357807652534,59.154415383554635,0.0,0.0
2023,4,28,2,9.1501,0.0,0.0,0.0,9.462357807652534,49.54684667043247,0.0,0.0
2023,4,28,3,9.1501,0.0,0.0,0.0,9.462357807652534,39.93927795731031,0.0,0.0
2023,4,28,4,9.1501,0.0,0.0,0.0,9.462357807652534,30.33170924418815,0.0,0.0
2023,4,28,5,9.1501,0.0,0.0,0.0,9.462357807652534,20.72414053106599,0.0,0.0
2023,4,28,6,9.1501,0.0,0.0,0.0,9.462357807652534,11.116571817943832,0.0,0.0
2023,4,28,7,9.1501,0.8621248536415356,0.8621248536415356,0.0,8.600232954010998,2.384358268832989,0.0,0.0
2023,4,28,8,9.1501,7.11403725382525,7.11403725382525,0.0,2.3483205538272838,0.0,0.0,0.0
2023,4,28,9,9.1501,21.933799847841147,9.462357807652534,0.0,0.0,0.0,12.471442040188613,0.0
2023,4,28,10,9.1501,39.27361970634768,9.462357807652534,0.0,0.0,0.0,29.811261898695147,0.0
2023,4,28,11,9.1501,55.36116230491935,9.462357807652534,0.0,0.0,0.0,45.89880449726681,0.0
2023,4,28,12,9.1501,61.317661293715425,9.462357807652534,0.0,0.0,0.0,51.855303486062894,0.0
2023,4,28,13,9.1501,56.25946022934305,9.462357807652534,0.0,0.0,0.0,46.79710242169051,0.0
2023,4,28,14,9.1501,56.360228069379076,33.32674232201726,23.864384514364723,0.0,22.328508312889497,23.033485747361816,0.0
2023,4,28,15,9.1501,48.46933105732737,48.46933105732737,39.006973249674836,0.0,58.825050930268134,0.0,0.0
2023,4,28,16,9.1501,46.74766514081445,46.74766514081445,37.28530733316191,0.0,93.71073148222297,0.0,0.0
2023,4,28,17,9.1501,33.87349699672487,33.87349699672487,24.411139189072333,0.0,116.55080615426041,0.0,0.0
2023,4,28,18,9.1501,22.297253082842875,22.297253082842875,12.834895275190341,0.0,128.55966670855838,0.0,0.0
2023,4,28,19,9.1501,6.004729749838948,6.004729749838948,0.0,3.457628057813586,125.04897731959896,0.0,0.0
2023,4,28,20,9.1501,0.8802113890326168,0.8802113890326168,0.0,8.582146418619917,116.335127864838,0.0,0.0
2023,4,28,21,9.1501,0.0,0.0,0.0,9.462357807652534,106.72755915171584,0.0,0.0
2023,4,28,22,9.1501,0.0,0.0,0.0,9.462357807652534,97.11999043859367,0.0,0.0
2023,4,28,23,9.1501,0.0,0.0,0.0,9.462357807652534,87.51242172547151,0.0,0.0
2023,4,29,0,9.1501,0.0,0.0,0.0,9.462357807652534,77.90485301234935,0.0,0.0
2023,4,29,1,9.1501,0.0,0.0,0.0,9.462357807652534,68.29728429922719,0.0,0.0
2023,4,29,2,9.1501,0.0,0.0,0.0,9.462357807652534,58.689715586105024,0.0,0.0
2023,4,29,3,9.1501,0.0,0.0,0.0,9.462357807652534,49.08214687298286,0.0,0.0
2023,4,29,4,9.1501,0.0,0.0,0.0,9.462357807652534,39.474578159860705,0.0,0.0
2023,4,29,5,9.1501,0.0,0.0,0.0,9.462357807652534,29.867009446738546,0.0,0.0
2023,4,29,6,9.1501,0.0,0.0,0.0,9.462357807652534,20.259440733616387,0.0,0.0
2023,4,29,7,9.1501,0.0,0.0,0.0,9.462357807652534,10.651872020494228,0.0,0.0
2023,4,29,8,9.1501,3.815397703928075,3.815397703928075,0.0,5.646960103724459,4.918252734515054,0.0,0.0
2023,4,29,9,9.1501,6.06932451909281,6.06932451909281,0.0,3.3930332885597245,1.4731493968052258,0.0,0.0
2023,4,29,10,9.1501,8.011473914658897,8.011473914658897,0.0,1.4508838929936374,0.0,0.0,0.0
2023,4,29,11,9.1501,20.436923728331667,16.02888234103222,6.5665245333796864,0.0,6.143912806219895,4.408041387299448,0.0
2023,4,29,12,9.1501,18.290654861923368,18.290654861923368,8.828297054270834,0.0,14.404033826575137,0.0,0.0
2023,4,29,13,9.1501,20.476541853474036,20.476541853474036,11.014184045821501,0.0,24.709361411235328,0.0,0.0
2023,4,29,14,9.1501,38.10057869669755,38.10057869669755,28.63822088904502,0.0,51.50446910833529,0.0,0.0
2023,4,29,15,9.1501,38.4743670947799,38.4743670947799,29.012009287127366,0.0,78.6493087395993,0.0,0.0
2023,4,29,16,9.1501,33.89502858647616,33.89502858647616,24.432670778823624,0.0,101.50952926037891,0.0,0.0
2023,4,29,17,9.1501,30.87199338539545,30.87199338539545,21.409635577742915,0.0,121.54127261775807,0.0,0.0
2023,4,29,18,9.1501,13.377146080679644,13.377146080679644,3.91478827302711,0.0,125.20411095515045,0.0,0.0
2023,4,29,19,9.1501,5.604242180465,5.604242180465,0.0,3.858115627187534,121.2867880484435,0.0,0.0
2023,4,29,20,9.1501,0.4047938873241976,0.4047938873241976,0.0,9.057563920328336,112.0902252564855,0.0,0.0
2023,4,29,21,9.1501,0.0,0.0,0.0,9.462357807652534,102.48265654336333,0.0,0.0
2023,4,29,22,9.1501,0.0,0.0,0.0,9.462357807652534,92.87508783024117,0.0,0.0
2023,4,29,23,9.1501,0.0,0.0,0.0,9.462357807652534,83.26751911711901,0.0,0.0
2023,4,30,0,9.1501,0.0,0.0,0.0,9.462357807652534,73.65995040399685,0.0,0.0
2023,4,30,1,9.1501,0.0,0.0,0.0,9.462357807652534,64.05238169087468,0.0,0.0
2023,4,30,2,9.1501,0.0,0.0,0.0,9.462357807652534,54.44481297775252,0.0,0.0
2023,4,30,3,9.1501,0.0,0.0,0.0,9.462357807652534,44.83724426463036,0.0,0.0
2023,4,30,4,9.1501,0.0,0.0,0.0,9.462357807652534,35.2296755515082,0.0,0.0
2023,4,30,5,9.1501,0.0,0.0,0.0,9.462357807652534,25.622106838386042,0.0,0.0
2023,4,30,6,9.1501,0.0,0.0,0.0,9.462357807652534,16.014538125263883,0.0,0.0
2023,4,30,7,9.1501,0.4004875693739401,0.4004875693739401,0.0,9.061870238278594,6.813602929889239,0.0,0.0
2023,4,30,8,9.1501,2.7517371702144917,2.7517371702144917,0.0,6.710620637438042,0.0,0.0,0.0
2023,4,30,9,9.1501,10.800245419245613,9.462357807652534,0.0,0.0,0.0,1.3378876115930787,0.0
2023,4,30,10,9.1501,27.51220412060461,9.462357807652534,0.0,0.0,0.0,18.049846312952077,0.0
2023,4,30,11,9.1501,35.096491294597975,9.462357807652534,0.0,0.0,0.0,25.63413348694544,0.0
2023,4,30,12,9.1501,56.609994510494,9.462357807652534,0.0,0.0,0.0,47.14763670284147,0.0
2023,4,30,13,9.1501,68.12164365512214,9.462357807652534,0.0,0.0,0.0,58.659285847469604,0.0
2023,4,30,14,9.1501,51.963477442166244,28.369807016921836,18.907449209269302,0.0,17.69059397239368,23.593670425244408,0.0
2023,4,30,15,9.1501,59.16536358217676,59.16536358217676,49.70300577452422,0.0,64.19478841093195,0.0,0.0
2023,4,30,16,9.1501,48.36253437216099,48.36253437216099,38.900176564508456,0.0,100.59140761854943,0.0,0.0
2023,4,30,17,9.1501,28.976352223692135,28.976352223692135,19.5139944160396,0.0,118.84951045266807,0.0,0.0
2023,4,30,18,9.1501,16.71109743776895,16.71109743776895,7.248739630116415,0.0,125.63173200929783,0.0,0.0
2023,4,30,19,9.1501,4.632736850886933,4.632736850886933,0.0,4.829620956765601,120.72799489179693,0.0,0.0
2023,4,30,20,9.1501,0.5193419448010449,0.5193419448010449,0.0,8.943015862851489,111.64773803072154,0.0,0.0
2023,4,30,21,9.1501,0.0,0.0,0.0,9.462357807652534,102.04016931759938,0.0,0.0
2023,4,30,22,9.1501,0.0,0.0,0.0,9.462357807652534,92.43260060447722,0.0,0.0
2023,4,30,23,9.1501,0.0,0.0,0.0,9.462357807652534,82.82503189135505,0.0,0.0
2023,5,1,0,9.1501,0.0,0.0,0.0,9.462357807652534,73.21746317823289,0.0,0.0
2023,5,1,1,9.1501,0.0,0.0,0.0,9.462357807652534,63.60989446511073,0.0,0.0
2023,5,1,2,9.1501,0.0,0.0,0.0,9.462357807652534,54.002325751988565,0.0,0.0
2023,5,1,3,9.1501,0.0,0.0,0.0,9.462357807652534,44.3947570388664,0.0,0.0
2023,5,1,4,9.1501,0.0,0.0,0.0,9.462357807652534,34.78718832574424,0.0,0.0
2023,5,1,5,9.1501,0.0,0.0,0.0,9.462357807652534,25.179619612622083,0.0,0.0
2023,5,1,6,9.1501,0.0,0.0,0.0,9.462357807652534,15.572050899499922,0.0,0.0
2023,5,1,7,9.1501,0.20411947084220175,0.20411947084220175,0.0,9.258238336810333,6.171734108326495,0.0,0.0
2023,5,1,8,9.1501,3.383904645312281,3.383904645312281,0.0,6.078453162340253,0.0,0.0,0.0
2023,5,1,9,9.1501,13.444324640703666,9.462357807652534,0.0,0.0,0.0,3.981966833051132,0.0
2023,5,1,10,9.1501,25.89905741643818,9.462357807652534,0.0,0.0,0.0,16.436699608785645,0.0
2023,5,1,11,9.1501,40.03239292918303,9.462357807652534,0.0,0.0,0.0,30.5700351215305,0.0
2023,5,1,12,9.1501,31.096783182398887,15.463788189471904,6.001430381819371,0.0,5.615187271602199,15.632994992926983,0.0
2023,5,1,13,9.1501,29.58526558185853,29.58526558185853,20.122907774205995,0.0,24.443014708149356,0.0,0.0
2023,5,1,14,9.1501,32.85376090610391,32.85376090610391,23.391403098451374,0.0,46.32898198375769,0.0,0.0
2023,5,1,15,9.1501,29.132240933491452,29.132240933491452,19.66988312583892,0.0,64.73294076276963,0.0,0.0
2023,5,1,16,9.1501,34.31446395483123,34.31446395483123,24.8521061471787,0.0,87.98560241704668,0.0,0.0
2023,5,1,17,9.1501,32.51528431521368,32.51528431521368,23.052926507561143,0.0,109.55487695042812,0.0,0.0
2023,5,1,18,9.1501,20.630708036093253,20.630708036093253,11.168350228440719,0.0,120.00444881208225,0.0,0.0
2023,5,1,19,9.1501,6.586082673123699,6.586082673123699,0.0,2.876275134528835,117.0840338843692,0.0,0.0
2023,5,1,20,9.1501,0.7191550976929892,0.7191550976929892,0.0,8.743202709959546,108.20665654182591,0.0,0.0
2023,5,1,21,9.1501,0.0,0.0,0.0,9.462357807652534,98.59908782870374,0.0,0.0
2023,5,1,22,9.1501,0.0,0.0,0.0,9.462357807652534,88.99151911558158,0.0,0.0
2023,5,1,23,9.1501,0.0,0.0,0.0,9.462357807652534,79.38395040245942,0.0,0.0
2023,5,2,0,9.1501,0.0,0.0,0.0,9.462357807652534,69.77638168933726,0.0,0.0
2023,5,2,1,9.1501,0.0,0.0,0.0,9.462357807652534,60.168812976215094,0.0,0.0
2023,5,2,2,9.1501,0.0,0.0,0.0,9.462357807652534,50.56124426309293,0.0,0.0
2023,5,2,3,9.1501,0.0,0.0,0.0,9.462357807652534,40.95367554997077,0.0,0.0
2023,5,2,4,9.1501,0.0,0.0,0.0,9.462357807652534,31.34610683684861,0.0,0.0
2023,5,2,5,9.1501,0.0,0.0,0.0,9.462357807652534,21.73853812372645,0.0,0.0
2023,5,2,6,9.1501,0.0,0.0,0.0,9.462357807652534,12.130969410604289,0.0,0.0
2023,5,2,7,9.1501,0.9026042423739554,0.9026042423739554,0.0,8.559753565278578,3.439856453609862,0.0,0.0
2023,5,2,8,9.1501,6.074492100633117,6.074492100633117,0.0,3.387865707019417,0.0,0.0,0.0
2023,5,2,9,9.1501,19.76513812809151,9.462357807652534,0.0,0.0,0.0,10.302780320438977,0.0
2023,5,2,10,9.1501,43.8994664485142,9.462357807652534,0.0,0.0,0.0,34.437108640861666,0.0
2023,5,2,11,9.1501,63.95485040645306,9.462357807652534,0.0,0.0,0.0,54.492492598800524,0.0
2023,5,2,12,9.1501,73.46492296780156,9.462357807652534,0.0,0.0,0.0,64.00256516014902,0.0
2023,5,2,13,9.1501,80.29991081845013,9.462357807652534,0.0,0.0,0.0,70.83755301079759,0.0
2023,5,2,14,9.1501,79.93731884703844,9.462357807652534,0.0,0.0,0.0,70.4749610393859,0.0
2023,5,2,15,9.1501,74.21938987268665,26.725594916689616,17.26323710903708,0.0,16.152200911131608,47.49379495599703,0.0
2023,5,2,16,9.1501,63.427757089341554,63.427757089341554,53.96539928168902,0.0,66.64446756666956,0.0,0.0
2023,5,2,17,9.1501,47.69419382628104,47.69419382628104,38.231836018628506,0.0,102.41575962933014,0.0,0.0
2023,5,2,18,9.1501,27.358037937985394,27.358037937985394,17.89568013033286,0.0,119.15970047198739,0.0,0.0
2023,5,2,19,9.1501,6.541296966441022,6.541296966441022,0.0,2.9210608412115118,116.1938125487413,0.0,0.0
2023,5,2,20,9.1501,0.7208776248730836,0.7208776248730836,0.0,8.741480182779451,107.31818416756467,0.0,0.0
2023,5,2,21,9.1501,0.0,0.0,0.0,9.462357807652534,97.7106154544425,0.0,0.0
2023,5,2,22,9.1501,0.0,0.0,0.0,9.462357807652534,88.10304674132034,0.0,0.0
2023,5,2,23,9.1501,0.0,0.0,0.0,9.462357807652534,78.49547802819818,0.0,0.0
2023,5,3,0,9.1501,0.0,0.0,0.0,9.462357807652534,68.88790931507602,0.0,0.0
2023,5,3,1,9.1501,0.0,0.0,0.0,9.462357807652534,59.28034060195385,0.0,0.0
2023,5,3,2,9.1501,0.0,0.0,0.0,9.462357807652534,49.67277188883169,0.0,0.0
2023,5,3,3,9.1501,0.0,0.0,0.0,9.462357807652534,40.065203175709534,0.0,0.0
2023,5,3,4,9.1501,0.0,0.0,0.0,9.462357807652534,30.457634462587375,0.0,0.0
2023,5,3,5,9.1501,0.0,0.0,0.0,9.462357807652534,20.850065749465216,0.0,0.0
2023,5,3,6,9.1501,0.0,0.0,0.0,9.462357807652534,11.242497036343055,0.0,0.0
2023,5,3,7,9.1501,1.0929434957753335,1.0929434957753335,0.0,8.3694143118772,2.7446443103641123,0.0,0.0
2023,5,3,8,9.1501,6.759196654724047,6.759196654724047,0.0,2.7031611529284874,0.0,0.0,0.0
2023,5,3,9,9.1501,28.171070766993996,9.462357807652534,0.0,0.0,0.0,18.70871295934146,0.0
2023,5,3,10,9.1501,48.55459615274248,9.462357807652534,0.0,0.0,0.0,39.09223834508994,0.0
2023,5,3,11,9.1501,63.93331881670178,9.462357807652534,0.0,0.0,0.0,54.47096100904925,0.0
2023,5,3,12,9.1501,72.16699873759396,9.462357807652534,0.0,0.0,0.0,62.70464092994142,0.0
2023,5,3,13,9.1501,67.00200098805522,9.462357807652534,0.0,0.0,0.0,57.53964318040268,0.0
2023,5,3,14,9.1501,73.88608086333672,9.462357807652534,0.0,0.0,0.0,64.42372305568418,0.0
2023,5,3,15,9.1501,68.84424380717535,36.21060204386581,26.748244236213274,0.0,25.026767123366795,32.633641763309534,0.0
2023,5,3,16,9.1501,59.78116704906357,59.78116704906357,50.31880924141103,0.0,72.10713283593108,0.0,0.0
2023,5,3,17,9.1501,44.47392926307853,44.47392926307853,35.011571455426,0.0,104.86541176071293,0.0,0.0
2023,5,3,18,9.1501,25.02401360894587,25.02401360894587,15.561655801293337,0.0,119.42554259971911,0.0,0.0
2023,5,3,19,9.1501,6.853935649629711,6.853935649629711,0.0,2.6084221580228233,116.77709116452108,0.0,0.0
2023,5,3,20,9.1501,0.977534174708426,0.977534174708426,0.0,8.484823632944108,108.16205802697618,0.0,0.0
2023,5,3,21,9.1501,0.0,0.0,0.0,9.462357807652534,98.55448931385402,0.0,0.0
2023,5,3,22,9.1501,0.0,0.0,0.0,9.462357807652534,88.94692060073186,0.0,0.0
2023,5,3,23,9.1501,0.0,0.0,0.0,9.462357807652534,79.3393518876097,0.0,0.0
2023,5,4,0,9.1501,0.0,0.0,0.0,9.462357807652534,69.73178317448753,0.0,0.0
2023,5,4,1,9.1501,0.0,0.0,0.0,9.462357807652534,60.12421446136537,0.0,0.0
2023,5,4,2,9.1501,0.0,0.0,0.0,9.462357807652534,50.51664574824321,0.0,0.0
2023,5,4,3,9.1501,0.0,0.0,0.0,9.462357807652534,40.909077035121044,0.0,0.0
2023,5,4,4,9.1501,0.0,0.0,0.0,9.462357807652534,31.301508321998885,0.0,0.0
2023,5,4,5,9.1501,0.0,0.0,0.0,9.462357807652534,21.693939608876725,0.0,0.0
2023,5,4,6,9.1501,0.0,0.0,0.0,9.462357807652534,12.086370895754564,0.0,0.0
2023,5,4,7,9.1501,0.8121715654185495,0.8121715654185495,0.0,8.650186242233985,3.303437467010695,0.0,0.0
2023,5,4,8,9.1501,6.20884922068115,6.20884922068115,0.0,3.2535085869713845,0.0,0.0,0.0
2023,5,4,9,9.1501,25.14028419360282,9.462357807652534,0.0,0.0,0.0,15.677926385950286,0.0
2023,5,4,10,9.1501,43.107103945666836,9.462357807652534,0.0,0.0,0.0,33.6447461380143,0.0
2023,5,4,11,9.1501,59.4840311104958,9.462357807652534,0.0,0.0,0.0,50.02167330284327,0.0
2023,5,4,12,9.1501,57.1922086973688,9.462357807652534,0.0,0.0,0.0,47.72985088971626,0.0
2023,5,4,13,9.1501,68.6160089558117,9.462357807652534,0.0,0.0,0.0,59.153651148159156,0.0
2023,5,4,14,9.1501,68.5910323117002,18.290999534564765,8.82864172691223,0.0,8.260443510379403,50.30003277713544,0.0
2023,5,4,15,9.1501,51.16766988495868,51.16766988495868,41.70531207730615,0.0,47.28166389212661,0.0,0.0
2023,5,4,16,9.1501,46.261912476025415,46.261912476025415,36.799554668372885,0.0,81.71285409645813,0.0,0.0
2023,5,4,17,9.1501,38.612169269188136,38.612169269188136,29.149811461535602,0.0,108.98662715967203,0.0,0.0
2023,5,4,18,9.1501,23.2110537518875,23.2110537518875,13.748695944234967,0.0,121.85047753458763,0.0,0.0
2023,5,4,19,9.1501,6.242438500693157,6.242438500693157,0.0,3.219919306959377,118.58114481422672,0.0,0.0
2023,5,4,20,9.1501,0.8319806279897337,0.8319806279897337,0.0,8.630377179662801,109.8183244411994,0.0,0.0
2023,5,4,21,9.1501,0.0,0.0,0.0,9.462357807652534,100.21075572807723,0.0,0.0
2023,5,4,22,9.1501,0.0,0.0,0.0,9.462357807652534,90.60318701495507,0.0,0.0
2023,5,4,23,9.1501,0.0,0.0,0.0,9.462357807652534,80.9956183018329,0.0,0.0
2023,5,5,0,9.1501,0.0,0.0,0.0,9.462357807652534,71.38804958871074,0.0,0.0
2023,5,5,1,9.1501,0.0,0.0,0.0,9.462357807652534,61.78048087558858,0.0,0.0
2023,5,5,2,9.1501,0.0,0.0,0.0,9.462357807652534,52.17291216246642,0.0,0.0
2023,5,5,3,9.1501,0.0,0.0,0.0,9.462357807652534,42.565343449344255,0.0,0.0
2023,5,5,4,9.1501,0.0,0.0,0.0,9.462357807652534,32.95777473622209,0.0,0.0
2023,5,5,5,9.1501,0.0,0.0,0.0,9.462357807652534,23.35020602309993,0.0,0.0
2023,5,5,6,9.1501,0.0,0.0,0.0,9.462357807652534,13.742637309977772,0.0,0.0
2023,5,5,7,9.1501,0.7949462936175199,0.7949462936175199,0.0,8.667411514035015,4.942214267567344,0.0,0.0
2023,5,5,8,9.1501,4.5948412529246685,4.5948412529246685,0.0,4.867516554727866,0.0,0.0,0.0
2023,5,5,9,9.1501,17.77992555302283,9.462357807652534,0.0,0.0,0.0,8.317567745370297,0.0
2023,5,5,10,9.1501,38.78700577796859,9.462357807652534,0.0,0.0,0.0,29.324647970316054,0.0
2023,5,5,11,9.1501,55.41283812032244,9.462357807652534,0.0,0.0,0.0,45.95048031266991,0.0
2023,5,5,12,9.1501,66.12092833543255,9.462357807652534,0.0,0.0,0.0,56.658570527780014,0.0
2023,5,5,13,9.1501,50.09711924252467,9.462357807652534,0.0,0.0,0.0,40.63476143487213,0.0
2023,5,5,14,9.1501,42.08909038222598,24.79915257324626,15.336794765593726,0.0,14.349741524258025,17.289937808979722,0.0
2023,5,5,15,9.1501,38.507095111201856,38.507095111201856,29.044737303549322,0.0,41.52520284561013,0.0,0.0
2023,5,5,16,9.1501,47.62787652984708,47.62787652984708,38.16551872219454,0.0,77.23444569414482,0.0,0.0
2023,5,5,17,9.1501,39.333046894061226,39.333046894061226,29.870689086408692,0.0,105.18270177324652,0.0,0.0
2023,5,5,18,9.1501,23.167990572384927,23.167990572384927,13.705632764732393,0.0,118.00626045067779,0.0,0.0
2023,5,5,19,9.1501,7.365526222120293,7.365526222120293,0.0,2.0968315855322412,115.87725054137658,0.0,0.0
2023,5,5,20,9.1501,1.222133034283056,1.222133034283056,0.0,8.240224773369478,107.51056991789683,0.0,0.0
2023,5,5,21,9.1501,0.0,0.0,0.0,9.462357807652534,97.90300120477467,0.0,0.0
2023,5,5,22,9.1501,0.0,0.0,0.0,9.462357807652534,88.2954324916525,0.0,0.0
2023,5,5,23,9.1501,0.0,0.0,0.0,9.462357807652534,78.68786377853034,0.0,0.0
2023,5,6,0,9.1501,0.0,0.0,0.0,9.462357807652534,69.08029506540818,0.0,0.0
2023,5,6,1,9.1501,0.0,0.0,0.0,9.462357807652534,59.47272635228602,0.0,0.0
2023,5,6,2,9.1501,0.0,0.0,0.0,9.462357807652534,49.865157639163854,0.0,0.0
2023,5,6,3,9.1501,0.0,0.0,0.0,9.462357807652534,40.25758892604169,0.0,0.0
2023,5,6,4,9.1501,0.0,0.0,0.0,9.462357807652534,30.650020212919532,0.0,0.0
2023,5,6,5,9.1501,0.0,0.0,0.0,9.462357807652534,21.042451499797373,0.0,0.0
2023,5,6,6,9.1501,0.0,0.0,0.0,9.462357807652534,11.434882786675214,0.0,0.0
2023,5,6,7,9.1501,0.9809792290686405,0.9809792290686405,0.0,8.481378578583895,2.8233475718636303,0.0,0.0
2023,5,6,8,9.1501,6.681682931619414,6.681682931619414,0.0,2.78067487603312,0.0,0.0,0.0
2023,5,6,9,9.1501,25.7371398615085,9.462357807652534,0.0,0.0,0.0,16.274782053855965,0.0
2023,5,6,10,9.1501,43.241461065714866,9.462357807652534,0.0,0.0,0.0,33.779103258062335,0.0
2023,5,6,11,9.1501,54.62650446260544,9.462357807652534,0.0,0.0,0.0,45.1641466549529,0.0
2023,5,6,12,9.1501,63.556085364259225,9.462357807652534,0.0,0.0,0.0,54.093727556606694,0.0
2023,5,6,13,9.1501,62.24954849815112,9.462357807652534,0.0,0.0,0.0,52.78719069049859,0.0
2023,5,6,14,9.1501,64.83161674112547,9.462357807652534,0.0,0.0,0.0,55.369258933472935,0.0
2023,5,6,15,9.1501,55.04421730378041,51.36880010495426,41.90644229730172,0.0,39.20940616070334,3.675417198826146,0.0
2023,5,6,16,9.1501,52.536217729550486,52.536217729550486,43.073859921897956,0.0,79.51109668850278,0.0,0.0
2023,5,6,17,9.1501,40.08837506253638,40.08837506253638,30.626017254883845,0.0,108.16606914147974,0.0,0.0
2023,5,6,18,9.1501,23.40483805964908,23.40483805964908,13.942480251996546,0.0,121.21123215507485,0.0,0.0
2023,5,6,19,9.1501,6.111526435005331,6.111526435005331,0.0,3.350831372647203,117.8089783708481,0.0,0.0
2023,5,6,20,9.1501,0.9827017562487435,0.9827017562487435,0.0,8.47965605140379,109.19919211740317,0.0,0.0
2023,5,6,21,9.1501,0.0,0.0,0.0,9.462357807652534,99.59162340428101,0.0,0.0
2023,5,6,22,9.1501,0.0,0.0,0.0,9.462357807652534,89.98405469115885,0.0,0.0
2023,5,6,23,9.1501,0.0,0.0,0.0,9.462357807652534,80.37648597803668,0.0,0.0
2023,5,7,0,9.1501,0.0,0.0,0.0,9.462357807652534,70.76891726491452,0.0,0.0
2023,5,7,1,9.1501,0.0,0.0,0.0,9.462357807652534,61.16134855179236,0.0,0.0
2023,5,7,2,9.1501,0.0,0.0,0.0,9.462357807652534,51.553779838670195,0.0,0.0
2023,5,7,3,9.1501,0.0,0.0,0.0,9.462357807652534,41.94621112554803,0.0,0.0
2023,5,7,4,9.1501,0.0,0.0,0.0,9.462357807652534,32.33864241242588,0.0,0.0
2023,5,7,5,9.1501,0.0,0.0,0.0,9.462357807652534,22.731073699303717,0.0,0.0
2023,5,7,6,9.1501,0.0,0.0,0.0,9.462357807652534,13.123504986181558,0.0,0.0
2023,5,7,7,9.1501,0.48316887401888264,0.48316887401888264,0.0,8.979188933633653,4.006519936406398,0.0,0.0
2023,5,7,8,9.1501,5.516393294279756,5.516393294279756,0.0,3.945964513372778,0.0,0.0,0.0
2023,5,7,9,9.1501,18.32166035116522,9.462357807652534,0.0,0.0,0.0,8.859302543512687,0.0
2023,5,7,10,9.1501,26.611322405410757,9.462357807652534,0.0,0.0,0.0,17.148964597758223,0.0
2023,5,7,11,9.1501,44.786567946267226,9.462357807652534,0.0,0.0,0.0,35.32421013861469,0.0
2023,5,7,12,9.1501,42.528334813152235,9.462357807652534,0.0,0.0,0.0,33.065977005499704,0.0
2023,5,7,13,9.1501,53.09087148154363,9.462357807652534,0.0,0.0,0.0,43.62851367389109,0.0
2023,5,7,14,9.1501,59.538290716669046,12.335178621443772,2.872820813791239,0.0,2.6879303500816576,47.20311209522527,0.0
2023,5,7,15,9.1501,49.64323333056755,49.64323333056755,40.18087552291502,0.0,40.28282464088333,0.0,0.0
2023,5,7,16,9.1501,52.952208043545355,52.952208043545355,43.489850235892824,0.0,80.97373296638146,0.0,0.0
2023,5,7,17,9.1501,38.31675585780048,38.31675585780048,28.854398050147946,0.0,107.9711049848528,0.0,0.0
2023,5,7,18,9.1501,23.559004242268298,23.559004242268298,14.096646434615764,0.0,121.16051227544183,0.0,0.0
2023,5,7,19,9.1501,5.796303961046489,5.796303961046489,0.0,3.666053846606045,117.43819856111703,0.0,0.0
2023,5,7,20,9.1501,0.9456674218765296,0.9456674218765296,0.0,8.516690385776004,108.790809638289,0.0,0.0
2023,5,7,21,9.1501,0.0,0.0,0.0,9.462357807652534,99.18324092516684,0.0,0.0
2023,5,7,22,9.1501,0.0,0.0,0.0,9.462357807652534,89.57567221204468,0.0,0.0
2023,5,7,23,9.1501,0.0,0.0,0.0,9.462357807652534,79.96810349892252,0.0,0.0
2023,5,8,0,9.1501,0.0,0.0,0.0,9.462357807652534,70.36053478580035,0.0,0.0
2023,5,8,1,9.1501,0.0,0.0,0.0,9.462357807652534,60.75296607267819,0.0,0.0
2023,5,8,2,9.1501,0.0,0.0,0.0,9.462357807652534,51.14539735955603,0.0,0.0
2023,5,8,3,9.1501,0.0,0.0,0.0,9.462357807652534,41.537828646433866,0.0,0.0
2023,5,8,4,9.1501,0.0,0.0,0.0,9.462357807652534,31.930259933311703,0.0,0.0
2023,5,8,5,9.1501,0.0,0.0,0.0,9.462357807652534,22.322691220189544,0.0,0.0
2023,5,8,6,9.1501,0.0,0.0,0.0,9.462357807652534,12.715122507067385,0.0,0.0
2023,5,8,7,9.1501,0.8612635900514842,0.8612635900514842,0.0,8.60109421760105,3.9820344772732144,0.0,0.0
2023,5,8,8,9.1501,5.540508674801197,5.540508674801197,0.0,3.921849132851337,0.0,0.0,0.0
2023,5,8,9,9.1501,17.791121979693507,9.462357807652534,0.0,0.0,0.0,8.328764172040973,0.0
2023,5,8,10,9.1501,22.819178818414066,9.462357807652534,0.0,0.0,0.0,13.356821010761532,0.0
2023,5,8,11,9.1501,29.053865946796765,9.462357807652534,0.0,0.0,0.0,19.59150813914423,0.0
2023,5,8,12,9.1501,33.60047643867855,9.462357807652534,0.0,0.0,0.0,24.138118631026014,0.0
2023,5,8,13,9.1501,61.42015166093154,9.462357807652534,0.0,0.0,0.0,51.957793853279,0.0
2023,5,8,14,9.1501,72.2763792135305,9.462357807652534,0.0,0.0,0.0,62.814021405877966,0.0
2023,5,8,15,9.1501,68.07599668484941,67.0710950195353,57.608737211882776,0.0,53.901124789382955,1.004901665314108,0.0
2023,5,8,16,9.1501,59.07493090522135,59.07493090522135,49.61257309756882,0.0,100.32070666320412,0.0,0.0
2023,5,8,17,9.1501,43.54548711300304,43.54548711300304,34.083129305350504,0.0,132.21029659022366,0.0,0.0
2023,5,8,18,9.1501,22.69429559785661,22.69429559785661,13.231937790204075,0.0,144.5906465953272,0.0,0.0
2023,5,8,19,9.1501,8.144108507526834,8.144108507526834,0.0,1.3182493001256999,143.2521672237545,0.0,0.0
2023,5,8,20,9.1501,1.6958280088113722,1.6958280088113722,0.0,7.7665297988411615,135.36645097610514,0.0,0.0
2023,5,8,21,9.1501,0.0,-0.0,0.0,9.462357807652534,125.75888226298298,0.0,0.0
2023,5,8,22,9.1501,0.0,-0.0,0.0,9.462357807652534,116.15131354986082,0.0,0.0
2023,5,8,23,9.1501,0.0,-0.0,0.0,9.462357807652534,106.54374483673865,0.0,0.0
2023,5,9,0,9.1501,0.0,-0.0,0.0,9.462357807652534,96.93617612361649,0.0,0.0
2023,5,9,1,9.1501,0.0,-0.0,0.0,9.462357807652534,87.32860741049433,0.0,0.0
2023,5,9,2,9.1501,0.0,-0.0,0.0,9.462357807652534,77.72103869737217,0.0,0.0
2023,5,9,3,9.1501,0.0,-0.0,0.0,9.462357807652534,68.11346998425,0.0,0.0
2023,5,9,4,9.1501,0.0,-0.0,0.0,9.462357807652534,58.50590127112784,0.0,0.0
2023,5,9,5,9.1501,0.0,-0.0,0.0,9.462357807652534,48.89833255800568,0.0,0.0
2023,5,9,6,9.1501,0.0,-0.0,0.0,9.462357807652534,39.290763844883514,0.0,0.0
2023,5,9,7,9.1501,0.12057690260720778,0.12057690260720778,0.0,9.341780905045326,29.80562242742728,0.0,0.0
2023,5,9,8,9.1501,0.7191550976929892,0.7191550976929892,0.0,8.743202709959546,20.92824508488399,0.0,0.0
2023,5,9,9,9.1501,1.4615643123173685,1.4615643123173685,0.0,8.000793495335166,12.804670091369424,0.0,0.0
2023,5,9,10,9.1501,2.581206979384298,2.581206979384298,0.0,6.881150828268236,5.817919986181251,0.0,0.0
2023,5,9,11,9.1501,2.5467564357822385,2.5467564357822385,0.0,5.72998666461267,-0.0,0.0,1.1464894219181236
2023,5,9,12,9.1501,3.242657416543829,3.242657416543829,0.0,0.0,-0.0,0.0,6.014450278202117
2023,5,9,13,9.1501,8.395597475821868,8.395597475821868,0.0,0.0,0.0,0.0,1.0315572408802542
2023,5,9,14,9.1501,13.468440021225108,13.468440021225108,4.006082213572574,0.0,3.7482567360591807,0.0,0.0
2023,5,9,15,9.1501,25.37799294445703,25.37799294445703,15.915635136804497,0.0,18.639585328386612,0.0,0.0
2023,5,9,16,9.1501,30.70490824892546,30.70490824892546,21.242550441272925,0.0,38.51499689952654,0.0,0.0
2023,5,9,17,9.1501,22.90875023177943,22.90875023177943,13.446392424126897,0.0,51.095999558102086,0.0,0.0
2023,5,9,18,9.1501,17.963374697703806,17.963374697703806,8.501016890051272,0.0,59.04990367757637,0.0,0.0
2023,5,9,19,9.1501,6.242438500693157,6.242438500693157,0.0,3.219919306959377,55.78057095721546,0.0,0.0
2023,5,9,20,9.1501,1.0498803162727592,1.0498803162727592,0.0,8.412477491379775,47.23899419707013,0.0,0.0
2023,5,9,21,9.1501,0.0,-0.0,0.0,9.462357807652534,37.631425483947964,0.0,0.0
2023,5,9,22,9.1501,0.0,-0.0,0.0,9.462357807652534,28.023856770825805,0.0,0.0
2023,5,9,23,9.1501,0.0,-0.0,0.0,9.462357807652534,18.416288057703646,0.0,0.0
2023,5,10,0,9.1501,0.0,-0.0,0.0,9.462357807652534,8.808719344581487,0.0,0.0
2023,5,10,1,9.1501,0.0,-0.0,0.0,8.675582424071365,0.0,0.0,0.7608117959229904
2023,5,10,2,9.1501,0.0,-0.0,0.0,-0.0,0.0,0.0,9.1501
2023,5,10,3,9.1501,0.0,-0.0,0.0,-0.0,0.0,0.0,9.1501
2023,5,10,4,9.1501,0.0,-0.0,0.0,-0.0,0.0,0.0,9.1501
2023,5,10,5,9.1501,0.0,-0.0,0.0,-0.0,0.0,0.0,9.1501
2023,5,10,6,9.1501,0.0,-0.0,0.0,-0.0,0.0,0.0,9.1501
2023,5,10,7,9.1501,0.9990657644597215,0.9990657644597215,0.0,-0.0,0.0,0.0,8.184003405767449
2023,5,10,8,9.1501,5.801471542586798,5.801471542586798,0.0,-0.0,0.0,0.0,3.540077018318567
2023,5,10,9,9.1501,21.271488147091546,9.462357807652534,0.0,0.0,0.0,11.809130339439012,0.0
2023,5,10,10,9.1501,29.93838365377964,9.462357807652534,0.0,0.0,0.0,20.476025846127104,0.0
2023,5,10,11,9.1501,41.04351638390347,9.462357807652534,0.0,0.0,0.0,31.58115857625094,0.0
2023,5,10,12,9.1501,55.196660959219514,9.462357807652534,0.0,0.0,0.0,45.73430315156698,0.0
2023,5,10,13,9.1501,58.73214799638085,9.462357807652534,0.0,0.0,0.0,49.26979018872832,0.0
2023,5,10,14,9.1501,54.06237681112171,30.037003969644406,20.574646161991872,0.0,19.25049261531415,24.025372841477303,0.0
2023,5,10,15,9.1501,53.36389203958996,53.36389203958996,43.90153423193743,0.0,60.32658956876254,0.0,0.0
2023,5,10,16,9.1501,40.78944362483829,40.78944362483829,31.327085817185758,0.0,89.63751085678452,0.0,0.0
2023,5,10,17,9.1501,33.974264836760895,33.974264836760895,24.51190702910836,0.0,112.5718681009353,0.0,0.0
2023,5,10,18,9.1501,18.886649266238987,18.886649266238987,9.424291458586453,0.0,121.38962621447376,0.0,0.0
2023,5,10,19,9.1501,6.038319029850956,6.038319029850956,0.0,3.424038777801578,117.91304157216413,0.0,0.0
2023,5,10,20,9.1501,0.9404998403362206,0.9404998403362206,0.0,8.521857967316313,109.26040576523613,0.0,0.0
2023,5,10,21,9.1501,0.0,0.0,0.0,9.462357807652534,99.65283705211397,0.0,0.0
2023,5,10,22,9.1501,0.0,0.0,0.0,9.462357807652534,90.0452683389918,0.0,0.0
2023,5,10,23,9.1501,0.0,0.0,0.0,9.462357807652534,80.43769962586964,0.0,0.0
2023,5,11,0,9.1501,0.0,0.0,0.0,9.462357807652534,70.83013091274748,0.0,0.0
2023,5,11,1,9.1501,0.0,0.0,0.0,9.462357807652534,61.222562199625315,0.0,0.0
2023,5,11,2,9.1501,0.0,0.0,0.0,9.462357807652534,51.61499348650315,0.0,0.0
2023,5,11,3,9.1501,0.0,0.0,0.0,9.462357807652534,42.00742477338099,0.0,0.0
2023,5,11,4,9.1501,0.0,0.0,0.0,9.462357807652534,32.399856060258834,0.0,0.0
2023,5,11,5,9.1501,0.0,0.0,0.0,9.462357807652534,22.792287347136675,0.0,0.0
2023,5,11,6,9.1501,0.0,0.0,0.0,9.462357807652534,13.184718634014516,0.0,0.0
2023,5,11,7,9.1501,0.8560960085111752,0.8560960085111752,0.0,8.60626179914136,4.446383720120375,0.0,0.0
2023,5,11,8,9.1501,5.08317770848386,5.08317770848386,0.0,4.379180099168674,0.0,0.0,0.0
2023,5,11,9,9.1501,17.00306579479639,9.462357807652534,0.0,0.0,0.0,7.540707987143858,0.0
2023,5,11,10,9.1501,36.68466135465292,9.462357807652534,0.0,0.0,0.0,27.222303547000383,0.0
2023,5,11,11,9.1501,45.8450608984405,9.462357807652534,0.0,0.0,0.0,36.38270309078797,0.0
2023,5,11,12,9.1501,55.71772543120066,9.462357807652534,0.0,0.0,0.0,46.255367623548125,0.0
2023,5,11,13,9.1501,38.83609780260152,9.462357807652534,0.0,0.0,0.0,29.373739994948988,0.0
2023,5,11,14,9.1501,58.76832106716302,38.607993125784965,29.14563531813243,0.0,27.269865690172804,20.160327941378057,0.0
2023,5,11,15,9.1501,39.92215118965645,39.92215118965645,30.459793382003912,0.0,55.76931219086023,0.0,0.0
2023,5,11,16,9.1501,46.99657031833934,46.99657031833934,37.5342125106868,0.0,90.88787875427454,0.0,0.0
2023,5,11,17,9.1501,34.26967824814855,34.26967824814855,24.807320440496017,0.0,114.09863704316788,0.0,0.0
2023,5,11,18,9.1501,19.050289348348777,19.050289348348777,9.587931540696244,0.0,123.06950360714683,0.0,0.0
2023,5,11,19,9.1501,3.753386725444368,3.753386725444368,0.0,5.7089710822081665,117.27292171196804,0.0,0.0
2023,5,11,20,9.1501,1.105001186036054,1.105001186036054,0.0,8.35735662161648,108.78731171555569,0.0,0.0
2023,5,11,21,9.1501,0.0,0.0,0.0,9.462357807652534,99.17974300243353,0.0,0.0
2023,5,11,22,9.1501,0.0,0.0,0.0,9.462357807652534,89.57217428931136,0.0,0.0
2023,5,11,23,9.1501,0.0,0.0,0.0,9.462357807652534,79.9646055761892,0.0,0.0
2023,5,12,0,9.1501,0.0,0.0,0.0,9.462357807652534,70.35703686306704,0.0,0.0
2023,5,12,1,9.1501,0.0,0.0,0.0,9.462357807652534,60.749468149944875,0.0,0.0
2023,5,12,2,9.1501,0.0,0.0,0.0,9.462357807652534,51.14189943682271,0.0,0.0
2023,5,12,3,9.1501,0.0,0.0,0.0,9.462357807652534,41.53433072370055,0.0,0.0
2023,5,12,4,9.1501,0.0,0.0,0.0,9.462357807652534,31.92676201057839,0.0,0.0
2023,5,12,5,9.1501,0.0,0.0,0.0,9.462357807652534,22.31919329745623,0.0,0.0
2023,5,12,6,9.1501,0.0,0.0,0.0,9.462357807652534,12.711624584334073,0.0,0.0
2023,5,12,7,9.1501,0.9310259408456544,0.9310259408456544,0.0,8.53133186680688,4.049369489889468,0.0,0.0
2023,5,12,8,9.1501,5.474191378367234,5.474191378367234,0.0,3.9881664292853,0.0,0.0,0.0
2023,5,12,9,9.1501,20.89597722182911,9.462357807652534,0.0,0.0,0.0,11.433619414176576,0.0
2023,5,12,10,9.1501,33.67196131665282,9.462357807652534,0.0,0.0,0.0,24.209603509000285,0.0
2023,5,12,11,9.1501,47.85266632685052,9.462357807652534,0.0,0.0,0.0,38.39030851919799,0.0
2023,5,12,12,9.1501,49.17039961962927,9.462357807652534,0.0,0.0,0.0,39.70804181197674,0.0
2023,5,12,13,9.1501,51.82309147698786,15.22563072479052,5.763272917137985,0.0,5.39235726621429,36.59746075219734,0.0
2023,5,12,14,9.1501,48.09554265924503,48.09554265924503,38.633184851592496,0.0,41.53916794942889,0.0,0.0
2023,5,12,15,9.1501,49.92831157887459,49.92831157887459,40.465953771222054,0.0,79.40079327757687,0.0,0.0
2023,5,12,16,9.1501,27.616417015000838,27.616417015000838,18.154059207348304,0.0,96.38648430514014,0.0,0.0
2023,5,12,17,9.1501,24.232512369688557,24.232512369688557,14.770154562036023,0.0,110.2060537443842,0.0,0.0
2023,5,12,18,9.1501,18.377642484518567,18.377642484518567,8.915284676866033,0.0,118.5475639936578,0.0,0.0
2023,5,12,19,9.1501,6.8324040598784235,6.8324040598784235,0.0,2.6299537477741106,115.87725054137657,0.0,0.0
2023,5,12,20,9.1501,1.2023239717118719,1.2023239717118719,0.0,8.260033835940662,107.49045686218028,0.0,0.0
2023,5,12,21,9.1501,0.0,0.0,0.0,9.462357807652534,97.88288814905812,0.0,0.0
2023,5,12,22,9.1501,0.0,0.0,0.0,9.462357807652534,88.27531943593596,0.0,0.0
2023,5,12,23,9.1501,0.0,0.0,0.0,9.462357807652534,78.66775072281379,0.0,0.0
2023,5,13,0,9.1501,0.0,0.0,0.0,9.462357807652534,69.06018200969163,0.0,0.0
2023,5,13,1,9.1501,0.0,0.0,0.0,9.462357807652534,59.45261329656947,0.0,0.0
2023,5,13,2,9.1501,0.0,0.0,0.0,9.462357807652534,49.845044583447304,0.0,0.0
2023,5,13,3,9.1501,0.0,0.0,0.0,9.462357807652534,40.23747587032514,0.0,0.0
2023,5,13,4,9.1501,0.0,0.0,0.0,9.462357807652534,30.629907157202986,0.0,0.0
2023,5,13,5,9.1501,0.0,0.0,0.0,9.462357807652534,21.022338444080827,0.0,0.0
2023,5,13,6,9.1501,0.0,0.0,0.0,9.462357807652534,11.414769730958668,0.0,0.0
2023,5,13,7,9.1501,0.9163844598147791,0.9163844598147791,0.0,8.545973347837755,2.737648464897487,0.0,0.0
2023,5,13,8,9.1501,6.76608676344446,6.76608676344446,0.0,2.696271044208074,0.0,0.0,0.0
2023,5,13,9,9.1501,17.14259049638474,9.462357807652534,0.0,0.0,0.0,7.680232688732207,0.0
2023,5,13,10,9.1501,27.726658754527428,9.462357807652534,0.0,0.0,0.0,18.264300946874894,0.0
2023,5,13,11,9.1501,42.542976294183106,9.462357807652534,0.0,0.0,0.0,33.08061848653057,0.0
2023,5,13,12,9.1501,55.68671994195882,9.462357807652534,0.0,0.0,0.0,46.22436213430629,0.0
2023,5,13,13,9.1501,57.06732547681135,9.462357807652534,0.0,0.0,0.0,47.60496766915881,0.0
2023,5,13,14,9.1501,57.92428274891257,45.48841718714085,36.02605937948831,0.0,33.7074759188261,12.43586556177172,0.0
2023,5,13,15,9.1501,46.028510043121464,46.028510043121464,36.56615223546893,0.0,67.9202851227925,0.0,0.0
2023,5,13,16,9.1501,35.49095001884156,35.49095001884156,26.028592211189025,0.0,92.27371595234165,0.0,0.0
2023,5,13,17,9.1501,35.914691705146886,35.914691705146886,26.452333897494352,0.0,117.02361708513666,0.0,0.0
2023,5,13,18,9.1501,15.800741823084529,15.800741823084529,6.338384015431995,0.0,122.95407215694755,0.0,0.0
2023,5,13,19,9.1501,4.339907230269429,4.339907230269429,0.0,5.122450577383105,117.75301160711511,0.0,0.0
2023,5,13,20,9.1501,0.9310259408456544,0.9310259408456544,0.0,8.53133186680688,109.09075651267051,0.0,0.0
2023,5,13,21,9.1501,0.0,0.0,0.0,9.462357807652534,99.48318779954835,0.0,0.0
2023,5,13,22,9.1501,0.0,0.0,0.0,9.462357807652534,89.87561908642618,0.0,0.0
2023,5,13,23,9.1501,0.0,0.0,0.0,9.462357807652534,80.26805037330402,0.0,0.0
2023,5,14,0,9.1501,0.0,0.0,0.0,9.462357807652534,70.66048166018186,0.0,0.0
2023,5,14,1,9.1501,0.0,0.0,0.0,9.462357807652534,61.052912947059696,0.0,0.0
2023,5,14,2,9.1501,0.0,0.0,0.0,9.462357807652534,51.44534423393753,0.0,0.0
2023,5,14,3,9.1501,0.0,0.0,0.0,9.462357807652534,41.83777552081537,0.0,0.0
2023,5,14,4,9.1501,0.0,0.0,0.0,9.462357807652534,32.23020680769321,0.0,0.0
2023,5,14,5,9.1501,0.0,0.0,0.0,9.462357807652534,22.622638094571045,0.0,0.0
2023,5,14,6,9.1501,0.0,0.0,0.0,9.462357807652534,13.015069381448885,0.0,0.0
2023,5,14,7,9.1501,0.7510218505248942,0.7510218505248942,0.0,8.711335957127641,4.170047824188731,0.0,0.0
2023,5,14,8,9.1501,5.355337002940129,5.355337002940129,0.0,4.1070208047124055,0.0,0.0,0.0
2023,5,14,9,9.1501,15.892897027220037,9.462357807652534,0.0,0.0,0.0,6.430539219567503,0.0
2023,5,14,10,9.1501,25.889583516947614,9.462357807652534,0.0,0.0,0.0,16.42722570929508,0.0
2023,5,14,11,9.1501,42.2432565648452,9.462357807652534,0.0,0.0,0.0,32.78089875719266,0.0
2023,5,14,12,9.1501,54.96670358067578,9.462357807652534,0.0,0.0,0.0,45.504345773023246,0.0
2023,5,14,13,9.1501,45.600462038865885,9.462357807652534,0.0,0.0,0.0,36.13810423121335,0.0
2023,5,14,14,9.1501,55.886533094850755,34.484186884092594,25.02182907644006,0.0,23.411461468897002,21.40234621075816,0.0
2023,5,14,15,9.1501,51.85581949340981,51.85581949340981,42.39346168575727,0.0,63.076543176443906,0.0,0.0
2023,5,14,16,9.1501,37.621716140628926,37.621716140628926,28.159358332976392,0.0,89.42360719751804,0.0,0.0
2023,5,14,17,9.1501,34.86911770682439,34.86911770682439,25.406759899171856,0.0,113.19522591539335,0.0,0.0
2023,5,14,18,9.1501,18.500803177895932,18.500803177895932,9.038445370243398,0.0,121.65197041947216,0.0,0.0
2023,5,14,19,9.1501,5.9117132821133875,5.9117132821133875,0.0,3.5506445255391466,118.04683711671332,0.0,0.0
2023,5,14,20,9.1501,1.2212717706930045,1.2212717706930045,0.0,8.24108603695953,109.67928201255025,0.0,0.0
2023,5,14,21,9.1501,0.0,0.0,0.0,9.462357807652534,100.07171329942808,0.0,0.0
2023,5,14,22,9.1501,0.0,0.0,0.0,9.462357807652534,90.46414458630592,0.0,0.0
2023,5,14,23,9.1501,0.0,0.0,0.0,9.462357807652534,80.85657587318376,0.0,0.0
2023,5,15,0,9.1501,0.0,0.0,0.0,9.462357807652534,71.2490071600616,0.0,0.0
2023,5,15,1,9.1501,0.0,0.0,0.0,9.462357807652534,61.64143844693943,0.0,0.0
2023,5,15,2,9.1501,0.0,0.0,0.0,9.462357807652534,52.03386973381727,0.0,0.0
2023,5,15,3,9.1501,0.0,0.0,0.0,9.462357807652534,42.42630102069511,0.0,0.0
2023,5,15,4,9.1501,0.0,0.0,0.0,9.462357807652534,32.818732307572944,0.0,0.0
2023,5,15,5,9.1501,0.0,0.0,0.0,9.462357807652534,23.21116359445078,0.0,0.0
2023,5,15,6,9.1501,0.0,0.0,0.0,9.462357807652534,13.603594881328622,0.0,0.0
2023,5,15,7,9.1501,0.9913143921492582,0.9913143921492582,0.0,8.471043415503276,5.002553434716976,0.0,0.0
2023,5,15,8,9.1501,4.535414065211115,4.535414065211115,0.0,4.926943742441419,0.0,0.0,0.0
2023,5,15,9,9.1501,13.503751828417212,9.462357807652534,0.0,0.0,0.0,4.0413940207646775,0.0
2023,5,15,10,9.1501,24.588214232379823,9.462357807652534,0.0,0.0,0.0,15.125856424727289,0.0
2023,5,15,11,9.1501,43.008058632810915,9.462357807652534,0.0,0.0,0.0,33.54570082515838,0.0
2023,5,15,12,9.1501,56.39812366734134,9.462357807652534,0.0,0.0,-0.0,46.9357658596888,0.0
2023,5,15,13,9.1501,61.75690572464167,32.66946346639837,23.207105658745835,0.0,21.713530944303315,29.0874422582433,0.0
2023,5,15,14,9.1501,49.49078967512843,49.49078967512843,40.0284318674759,0.0,59.16579262601043,0.0,0.0
2023,5,15,15,9.1501,35.4564994752395,35.4564994752395,25.994141667586963,0.0,83.4869900975721,0.0,0.0
2023,5,15,16,9.1501,28.089250725939102,28.089250725939102,18.62689291828657,0.0,100.9150839635134,0.0,0.0
2023,5,15,17,9.1501,22.506540135225382,22.506540135225382,13.044182327572848,0.0,113.11976216758524,0.0,0.0
2023,5,15,18,9.1501,15.776626442563087,15.776626442563087,6.314268634910553,0.0,119.02765388880488,0.0,0.0
2023,5,15,19,9.1501,7.00465677788872,7.00465677788872,0.0,2.4577010297638138,116.53223657318924,0.0,0.0
2023,5,15,20,9.1501,0.6933171899914448,0.6933171899914448,0.0,8.769040617661089,107.6286248101461,0.0,0.0
2023,5,15,21,9.1501,0.0,0.0,0.0,9.462357807652534,98.02105609702394,0.0,0.0
2023,5,15,22,9.1501,0.0,0.0,0.0,9.462357807652534,88.41348738390178,0.0,0.0
2023,5,15,23,9.1501,0.0,0.0,0.0,9.462357807652534,78.80591867077962,0.0,0.0
2023,5,16,0,9.1501,0.0,0.0,0.0,9.462357807652534,69.19834995765746,0.0,0.0
2023,5,16,1,9.1501,0.0,0.0,0.0,9.462357807652534,59.59078124453529,0.0,0.0
2023,5,16,2,9.1501,0.0,0.0,0.0,9.462357807652534,49.98321253141313,0.0,0.0
2023,5,16,3,9.1501,0.0,0.0,0.0,9.462357807652534,40.37564381829097,0.0,0.0
2023,5,16,4,9.1501,0.0,0.0,0.0,9.462357807652534,30.76807510516881,0.0,0.0
2023,5,16,5,9.1501,0.0,0.0,0.0,9.462357807652534,21.16050639204665,0.0,0.0
2023,5,16,6,9.1501,0.0,0.0,0.0,9.462357807652534,11.552937678924492,0.0,0.0
2023,5,16,7,9.1501,1.003372082409979,1.003372082409979,0.0,8.458985725242556,2.9641389618794367,0.0,0.0
2023,5,16,8,9.1501,6.543019493621125,6.543019493621125,0.0,2.9193383140314095,0.0,0.0,0.0
2023,5,16,9,9.1501,14.148838257365783,9.462357807652534,0.0,0.0,0.0,4.686480449713249,0.0
2023,5,16,10,9.1501,28.651655850242726,9.462357807652534,0.0,0.0,0.0,19.189298042590192,0.0
2023,5,16,11,9.1501,29.759240827048924,9.462357807652534,0.0,0.0,0.0,20.29688301939639,0.0
2023,5,16,12,9.1501,50.58114938013361,9.462357807652534,0.0,0.0,0.0,41.11879157248107,0.0
2023,5,16,13,9.1501,63.52335734783726,9.462357807652534,0.0,0.0,0.0,54.060999540184724,0.0
2023,5,16,14,9.1501,61.016219037197395,9.462357807652534,0.0,0.0,0.0,51.553861229544864,0.0
2023,5,16,15,9.1501,66.50849695095572,40.005421015590116,30.543063207937582,0.0,28.577357204793522,26.5030759353656,0.0
2023,5,16,16,9.1501,56.46702475454546,56.46702475454546,47.00466694689293,0.0,72.55687387896324,0.0,0.0
2023,5,16,17,9.1501,42.812551797869226,42.812551797869226,33.350193990216695,0.0,103.76069911479937,0.0,0.0
2023,5,16,18,9.1501,23.98963603729404,23.98963603729404,14.527278229641507,0.0,117.35302338023178,0.0,0.0
2023,5,16,19,9.1501,6.679099140849259,6.679099140849259,0.0,2.783258666803275,114.52705236631816,0.0,0.0
2023,5,16,20,9.1501,1.3599352086912933,1.3599352086912933,0.0,8.10242259896124,106.30028865217089,0.0,0.0
2023,5,16,21,9.1501,0.0,0.0,0.0,9.462357807652534,96.69271993904873,0.0,0.0
2023,5,16,22,9.1501,0.0,0.0,0.0,9.462357807652534,87.08515122592657,0.0,0.0
2023,5,16,23,9.1501,0.0,0.0,0.0,9.462357807652534,77.4775825128044,0.0,0.0
2023,5,17,0,9.1501,0.0,0.0,0.0,9.462357807652534,67.87001379968224,0.0,0.0
2023,5,17,1,9.1501,0.0,0.0,0.0,9.462357807652534,58.26244508656008,0.0,0.0
2023,5,17,2,9.1501,0.0,0.0,0.0,9.462357807652534,48.654876373437915,0.0,0.0
2023,5,17,3,9.1501,0.0,0.0,0.0,9.462357807652534,39.04730766031575,0.0,0.0
2023,5,17,4,9.1501,0.0,0.0,0.0,9.462357807652534,29.439738947193593,0.0,0.0
2023,5,17,5,9.1501,0.0,0.0,0.0,9.462357807652534,19.832170234071434,0.0,0.0
2023,5,17,6,9.1501,0.0,0.0,0.0,9.462357807652534,10.224601520949276,0.0,0.0
2023,5,17,7,9.1501,1.599366486725606,1.599366486725606,0.0,7.862991320926928,2.2409434367671897,0.0,0.0
2023,5,17,8,9.1501,7.255284482593702,7.255284482593702,0.0,2.2070733250588312,0.0,0.0,0.0
2023,5,17,9,9.1501,27.93680707049999,9.462357807652534,0.0,0.0,0.0,18.474449262847457,0.0
2023,5,17,10,9.1501,48.24540252391398,9.462357807652534,0.0,0.0,0.0,38.78304471626144,0.0
2023,5,17,11,9.1501,63.43723098883212,9.462357807652534,0.0,0.0,0.0,53.97487318117959,0.0
2023,5,17,12,9.1501,72.22642592530751,9.462357807652534,0.0,0.0,0.0,62.76406811765497,0.0
2023,5,17,13,9.1501,77.06155971985655,9.462357807652534,0.0,0.0,0.0,67.59920191220401,0.0
2023,5,17,14,9.1501,63.70594522892818,42.899275180214985,33.436917372562455,0.0,31.284967230613475,20.806670048713194,0.0
2023,5,17,15,9.1501,49.13164275807697,49.13164275807697,39.669284950424434,0.0,68.40119615530122,0.0,0.0
2023,5,17,16,9.1501,35.72607497892562,35.72607497892562,26.263717171273083,0.0,92.97461965311484,0.0,0.0
2023,5,17,17,9.1501,30.185566304124418,30.185566304124418,20.723208496471884,0.0,112.36411335259366,0.0,0.0
2023,5,17,18,9.1501,16.345921675587118,16.345921675587118,6.883563867934583,0.0,118.80466131455624,0.0,0.0
2023,5,17,19,9.1501,5.451798525025894,5.451798525025894,0.0,4.01055928262664,114.73255532690024,0.0,0.0
2023,5,17,20,9.1501,1.5261590815712298,1.5261590815712298,0.0,7.936198726081304,106.67456638463527,0.0,0.0
2023,5,17,21,9.1501,0.0,0.0,0.0,9.462357807652534,97.0669976715131,0.0,0.0
2023,5,17,22,9.1501,0.0,0.0,0.0,9.462357807652534,87.45942895839094,0.0,0.0
2023,5,17,23,9.1501,0.0,0.0,0.0,9.462357807652534,77.85186024526878,0.0,0.0
2023,5,18,0,9.1501,0.0,0.0,0.0,9.462357807652534,68.24429153214662,0.0,0.0
2023,5,18,1,9.1501,0.0,0.0,0.0,9.462357807652534,58.636722819024456,0.0,0.0
2023,5,18,2,9.1501,0.0,0.0,0.0,9.462357807652534,49.02915410590229,0.0,0.0
2023,5,18,3,9.1501,0.0,0.0,0.0,9.462357807652534,39.42158539278013,0.0,0.0
2023,5,18,4,9.1501,0.0,0.0,0.0,9.462357807652534,29.81401667965797,0.0,0.0
2023,5,18,5,9.1501,0.0,0.0,0.0,9.462357807652534,20.206447966535812,0.0,0.0
2023,5,18,6,9.1501,0.0,0.0,0.0,9.462357807652534,10.598879253413655,0.0,0.0
2023,5,18,7,9.1501,1.5718060518439585,1.5718060518439585,0.0,7.890551755808575,2.587237787365073,0.0,0.0
2023,5,18,8,9.1501,6.914224100933315,6.914224100933315,0.0,2.548133706719219,0.0,0.0,0.0
2023,5,18,9,9.1501,25.878387090276945,9.462357807652534,0.0,0.0,0.0,16.41602928262441,0.0
2023,5,18,10,9.1501,46.86910330701172,9.462357807652534,0.0,0.0,0.0,37.40674549935919,0.0
2023,5,18,11,9.1501,51.091878689034154,9.462357807652534,0.0,0.0,0.0,41.62952088138162,0.0
2023,5,18,12,9.1501,42.49732932391038,27.360499762831324,17.898141955178794,0.0,16.7462442281271,15.136829561079054,0.0
2023,5,18,13,9.1501,43.61008188225691,43.61008188225691,34.14772407460437,0.0,48.69627170137315,0.0,0.0
2023,5,18,14,9.1501,46.84929424444053,46.84929424444053,37.386936436788,0.0,83.67704065939103,0.0,0.0
2023,5,18,15,9.1501,34.21972495992557,34.21972495992557,24.757367152273037,0.0,106.84106057920253,0.0,0.0
2023,5,18,16,9.1501,25.94470438671091,25.94470438671091,16.482346579058376,0.0,122.26262791042384,0.0,0.0
2023,5,18,17,9.1501,13.16096891957673,13.16096891957673,3.698611111924196,0.0,125.72320192644486,0.0,0.0
2023,5,18,18,9.1501,6.800537307046511,6.800537307046511,0.0,2.661820500606023,123.02053268888048,0.0,0.0
2023,5,18,19,9.1501,2.7388182163637196,2.7388182163637196,0.0,6.723539591288815,116.19381254874132,0.0,0.0
2023,5,18,20,9.1501,0.8130328290085924,0.8130328290085924,0.0,8.649324978643941,107.41175360068077,0.0,0.0
2023,5,18,21,9.1501,0.0,0.0,0.0,9.462357807652534,97.8041848875586,0.0,0.0
2023,5,18,22,9.1501,0.0,0.0,0.0,9.462357807652534,88.19661617443644,0.0,0.0
2023,5,18,23,9.1501,0.0,0.0,0.0,9.462357807652534,78.58904746131428,0.0,0.0
2023,5,19,0,9.1501,0.0,0.0,0.0,9.462357807652534,68.98147874819212,0.0,0.0
2023,5,19,1,9.1501,0.0,0.0,0.0,9.462357807652534,59.373910035069954,0.0,0.0
2023,5,19,2,9.1501,0.0,0.0,0.0,9.462357807652534,49.76634132194779,0.0,0.0
2023,5,19,3,9.1501,0.0,0.0,0.0,9.462357807652534,40.15877260882563,0.0,0.0
2023,5,19,4,9.1501,0.0,0.0,0.0,9.462357807652534,30.55120389570347,0.0,0.0
2023,5,19,5,9.1501,0.0,0.0,0.0,9.462357807652534,20.94363518258131,0.0,0.0
2023,5,19,6,9.1501,0.0,0.0,0.0,9.462357807652534,11.33606646945915,0.0,0.0
2023,5,19,7,9.1501,1.556303307223032,1.556303307223032,0.0,7.906054500429502,3.308684351110663,0.0,0.0
2023,5,19,8,9.1501,6.20368163914084,6.20368163914084,0.0,3.2586761685116934,0.0,0.0,0.0
2023,5,19,9,9.1501,19.40943626540025,9.462357807652534,0.0,0.0,0.0,9.947078457747715,0.0
2023,5,19,10,9.1501,32.89337903124628,9.462357807652534,0.0,0.0,0.0,23.43102122359375,0.0
2023,5,19,11,9.1501,44.807238272428464,9.462357807652534,0.0,0.0,0.0,35.344880464775926,0.0
2023,5,19,12,9.1501,47.347104599490294,9.462357807652534,0.0,0.0,0.0,37.884746791837756,0.0
2023,5,19,13,9.1501,56.49544645301715,12.562994410123045,3.100636602470511,0.0,2.9010842543137443,43.932452042894106,0.0
2023,5,19,14,9.1501,52.22185651918169,52.22185651918169,42.75949871152916,0.0,42.90864539047752,0.0,0.0
2023,5,19,15,9.1501,50.778378742255406,50.778378742255406,41.31602093460287,0.0,81.5656288269663,0.0,0.0
2023,5,19,16,9.1501,36.978352238860474,36.978352238860474,27.51599443120794,0.0,107.31073488762445,0.0,0.0
2023,5,19,17,9.1501,26.129014794981924,26.129014794981924,16.66665698732939,0.0,122.90475068407872,0.0,0.0
2023,5,19,18,9.1501,8.417990329163205,8.417990329163205,0.0,1.0443674784893293,121.84435616980431,0.0,0.0
2023,5,19,19,9.1501,2.835279738449486,2.835279738449486,0.0,6.627078069203048,115.1155778661979,0.0,0.0
2023,5,19,20,9.1501,1.225578088643262,1.225578088643262,0.0,8.236779719009272,106.75239516545146,0.0,0.0
2023,5,19,21,9.1501,0.0,0.0,0.0,9.462357807652534,97.1448264523293,0.0,0.0
2023,5,19,22,9.1501,0.0,0.0,0.0,9.462357807652534,87.53725773920713,0.0,0.0
2023,5,19,23,9.1501,0.0,0.0,0.0,9.462357807652534,77.92968902608497,0.0,0.0
2023,5,20,0,9.1501,0.0,0.0,0.0,9.462357807652534,68.32212031296281,0.0,0.0
2023,5,20,1,9.1501,0.0,0.0,0.0,9.462357807652534,58.71455159984065,0.0,0.0
2023,5,20,2,9.1501,0.0,0.0,0.0,9.462357807652534,49.106982886718484,0.0,0.0
2023,5,20,3,9.1501,0.0,0.0,0.0,9.462357807652534,39.49941417359632,0.0,0.0
2023,5,20,4,9.1501,0.0,0.0,0.0,9.462357807652534,29.891845460474162,0.0,0.0
2023,5,20,5,9.1501,0.0,0.0,0.0,9.462357807652534,20.284276747352003,0.0,0.0
2023,5,20,6,9.1501,0.0,0.0,0.0,9.462357807652534,10.676708034229843,0.0,0.0
2023,5,20,7,9.1501,1.0696893788439434,1.0696893788439434,0.0,8.392668428808589,2.1552443298010466,0.0,0.0
2023,5,20,8,9.1501,7.339688314418749,7.339688314418749,0.0,2.1226694932337855,0.0,0.0,0.0
2023,5,20,9,9.1501,21.733125431359152,9.462357807652534,0.0,0.0,0.0,12.270767623706618,0.0
2023,5,20,10,9.1501,30.07274077382767,9.462357807652534,0.0,0.0,0.0,20.610382966175138,0.0
2023,5,20,11,9.1501,36.17393204575239,9.462357807652534,0.0,0.0,0.0,26.711574238099853,0.0
2023,5,20,12,9.1501,41.349264958371755,9.462357807652534,0.0,0.0,0.0,31.88690715071922,0.0
2023,5,20,13,9.1501,62.288305359703436,9.462357807652534,0.0,0.0,0.0,52.825947552050906,0.0
2023,5,20,14,9.1501,59.788918421374035,30.53230577181764,21.069947964165106,0.0,19.713917532079016,29.256612649556395,0.0
2023,5,20,15,9.1501,56.20089430521955,56.20089430521955,46.73853649756702,0.0,63.44443151579553,0.0,0.0
2023,5,20,16,9.1501,43.24835117443528,43.24835117443528,33.78599336678275,0.0,95.05600873017315,0.0,0.0
2023,5,20,17,9.1501,28.46820670556176,28.46820670556176,19.005848897909225,0.0,112.83866953397661,0.0,0.0
2023,5,20,18,9.1501,14.444251668753441,14.444251668753441,4.981893861100907,0.0,117.49993613503088,0.0,0.0
2023,5,20,19,9.1501,5.763575944624532,5.763575944624532,0.0,3.6987818630280023,113.74439215473961,0.0,0.0
2023,5,20,20,9.1501,1.681186527780497,1.681186527780497,0.0,7.781171279872037,105.84380973547368,0.0,0.0
2023,5,20,21,9.1501,0.0,0.0,0.0,9.462357807652534,96.23624102235152,0.0,0.0
2023,5,20,22,9.1501,0.0,0.0,0.0,9.462357807652534,86.62867230922936,0.0,0.0
2023,5,20,23,9.1501,0.0,0.0,0.0,9.462357807652534,77.0211035961072,0.0,0.0
2023,5,21,0,9.1501,0.0,0.0,0.0,9.462357807652534,67.41353488298503,0.0,0.0
2023,5,21,1,9.1501,0.0,0.0,0.0,9.462357807652534,57.80596616986287,0.0,0.0
2023,5,21,2,9.1501,0.0,0.0,0.0,9.462357807652534,48.19839745674071,0.0,0.0
2023,5,21,3,9.1501,0.0,0.0,0.0,9.462357807652534,38.590828743618545,0.0,0.0
2023,5,21,4,9.1501,0.0,0.0,0.0,9.462357807652534,28.983260030496385,0.0,0.0
2023,5,21,5,9.1501,0.0,0.0,0.0,9.462357807652534,19.375691317374226,0.0,0.0
2023,5,21,6,9.1501,0.0,0.0,0.0,9.462357807652534,9.768122604252067,0.0,0.0
2023,5,21,7,9.1501,2.0282757545712453,2.0282757545712453,0.0,7.434082053081289,2.2199559003673186,0.0,0.0
2023,5,21,8,9.1501,7.275954808754938,7.275954808754938,0.0,2.186402998897596,0.0,0.0,0.0
2023,5,21,9,9.1501,19.66092523369528,9.462357807652534,0.0,0.0,0.0,10.198567426042747,0.0
2023,5,21,10,9.1501,35.155918482311534,9.462357807652534,0.0,0.0,0.0,25.693560674659,0.0
2023,5,21,11,9.1501,37.45463100415894,22.291326673882796,12.828968866230262,0.0,12.003315560181267,15.163304330276144,0.0
2023,5,21,12,9.1501,34.21455737838526,34.21455737838526,24.752199570732724,0.0,35.16250047629466,0.0,0.0
2023,5,21,13,9.1501,31.589425955908336,31.589425955908336,22.127068148255802,0.0,55.86550351376287,0.0,0.0
2023,5,21,14,9.1501,33.688325324863804,33.688325324863804,24.22596751721127,0.0,78.53232388661766,0.0,0.0
2023,5,21,15,9.1501,34.24297907685696,34.24297907685696,24.780621269204428,0.0,101.71810132307071,0.0,0.0
2023,5,21,16,9.1501,25.371964099326664,25.371964099326664,15.90960629167413,0.0,116.60378907775033,0.0,0.0
2023,5,21,17,9.1501,16.769663361892448,16.769663361892448,7.307305554239914,0.0,123.44080734295879,0.0,0.0
2023,5,21,18,9.1501,8.174252733178635,8.174252733178635,0.0,1.2881050744738989,122.13293479530256,0.0,0.0
2023,5,21,19,9.1501,3.1677274842093586,3.1677274842093586,0.0,6.294630323443175,115.74170603546074,0.0,0.0
2023,5,21,20,9.1501,1.881860944262493,1.881860944262493,0.0,7.580496863390041,108.04487761541023,0.0,0.0
2023,5,21,21,9.1501,0.0,0.0,0.0,9.462357807652534,98.43730890228807,0.0,0.0
2023,5,21,22,9.1501,0.0,0.0,0.0,9.462357807652534,88.8297401891659,0.0,0.0
2023,5,21,23,9.1501,0.0,0.0,0.0,9.462357807652534,79.22217147604374,0.0,0.0
2023,5,22,0,9.1501,0.0,0.0,0.0,9.462357807652534,69.61460276292158,0.0,0.0
2023,5,22,1,9.1501,0.0,0.0,0.0,9.462357807652534,60.007034049799415,0.0,0.0
2023,5,22,2,9.1501,0.0,0.0,0.0,9.462357807652534,50.39946533667725,0.0,0.0
2023,5,22,3,9.1501,0.0,0.0,0.0,9.462357807652534,40.79189662355509,0.0,0.0
2023,5,22,4,9.1501,0.0,0.0,0.0,9.462357807652534,31.18432791043293,0.0,0.0
2023,5,22,5,9.1501,0.0,0.0,0.0,9.462357807652534,21.57675919731077,0.0,0.0
2023,5,22,6,9.1501,0.0,0.0,0.0,9.462357807652534,11.969190484188614,0.0,0.0
2023,5,22,7,9.1501,1.2651962137856303,1.2651962137856303,0.0,8.197161593866904,3.6462338948752673,0.0,0.0
2023,5,22,8,9.1501,5.871233893380967,5.871233893380967,0.0,3.5911239142715674,0.0,0.0,0.0
2023,5,22,9,9.1501,14.620810704713994,9.462357807652534,0.0,0.0,0.0,5.15845289706146,0.0
2023,5,22,10,9.1501,25.861161818475914,9.462357807652534,0.0,0.0,0.0,16.39880401082338,0.0
2023,5,22,11,9.1501,35.82512029178154,9.462357807652534,0.0,0.0,0.0,26.362762484129004,0.0
2023,5,22,12,9.1501,45.728790313783556,9.462357807652534,0.0,0.0,0.0,36.266432506131025,0.0
2023,5,22,13,9.1501,52.592199862903826,9.462357807652534,0.0,0.0,0.0,43.12984205525129,0.0
2023,5,22,14,9.1501,48.182530281840236,46.66453652787106,37.20217872021853,0.0,34.80790197258154,1.5179937539691792,0.0
2023,5,22,15,9.1501,56.220703367790726,56.220703367790726,46.758345560138196,0.0,78.55695013714084,0.0,0.0
2023,5,22,16,9.1501,41.10466609879713,41.10466609879713,31.642308291144598,0.0,108.16280665074817,0.0,0.0
2023,5,22,17,9.1501,23.893174515208273,23.893174515208273,14.430816707555739,0.0,121.66487751381565,0.0,0.0
2023,5,22,18,9.1501,15.12981748643442,15.12981748643442,5.667459678781887,0.0,126.96758793882056,0.0,0.0
2023,5,22,19,9.1501,3.91702680755415,3.91702680755415,0.0,5.545331000098384,121.33715737347408,0.0,0.0
2023,5,22,20,9.1501,1.215242925562644,1.215242925562644,0.0,8.24711488208989,112.96348090452771,0.0,0.0
2023,5,22,21,9.1501,0.0,0.0,0.0,9.462357807652534,103.35591219140555,0.0,0.0
2023,5,22,22,9.1501,0.0,0.0,0.0,9.462357807652534,93.74834347828339,0.0,0.0
2023,5,22,23,9.1501,0.0,0.0,0.0,9.462357807652534,84.14077476516123,0.0,0.0
2023,5,23,0,9.1501,0.0,0.0,0.0,9.462357807652534,74.53320605203906,0.0,0.0
2023,5,23,1,9.1501,0.0,0.0,0.0,9.462357807652534,64.9256373389169,0.0,0.0
2023,5,23,2,9.1501,0.0,0.0,0.0,9.462357807652534,55.31806862579474,0.0,0.0
2023,5,23,3,9.1501,0.0,0.0,0.0,9.462357807652534,45.710499912672574,0.0,0.0
2023,5,23,4,9.1501,0.0,0.0,0.0,9.462357807652534,36.10293119955042,0.0,0.0
2023,5,23,5,9.1501,0.0,0.0,0.0,9.462357807652534,26.49536248642826,0.0,0.0
2023,5,23,6,9.1501,0.0,0.0,0.0,9.462357807652534,16.8877937733061,0.0,0.0
2023,5,23,7,9.1501,1.6364008210978198,1.6364008210978198,0.0,7.825956986554714,8.941738358507118,0.0,0.0
2023,5,23,8,9.1501,2.9257124154048917,2.9257124154048917,0.0,6.536645392247642,2.304780526650133,0.0,0.0
2023,5,23,9,9.1501,7.192412240519944,7.192412240519944,0.0,2.2699455671325897,0.0,0.0,0.0
2023,5,23,10,9.1501,15.986774758535649,9.462357807652534,0.0,0.0,0.0,6.524416950883115,0.0
2023,5,23,11,9.1501,19.90896914763011,9.462357807652534,0.0,0.0,0.0,10.446611339977576,0.0
2023,5,23,12,9.1501,35.19036902591358,9.462357807652534,0.0,0.0,0.0,25.72801121826105,0.0
2023,5,23,13,9.1501,25.49167973834383,17.290105839712055,7.82774803205952,0.0,7.323965841224133,8.201573898631775,0.0
2023,5,23,14,9.1501,38.48986983940082,38.48986983940082,29.027512031748284,0.0,34.4833104835825,0.0,0.0
2023,5,23,15,9.1501,34.63054769238012,34.63054769238012,25.168189884727585,0.0,58.03171319739458,0.0,0.0
2023,5,23,16,9.1501,47.63046032061723,47.63046032061723,38.168102512964694,0.0,93.74337354777833,0.0,0.0
2023,5,23,17,9.1501,33.547078096095355,33.547078096095355,24.08472028844282,0.0,116.2780371528845,0.0,0.0
2023,5,23,18,9.1501,16.53367713821834,16.53367713821834,7.071319330565807,0.0,122.89425691587878,0.0,0.0
2023,5,23,19,9.1501,5.313996350617657,5.313996350617657,0.0,4.148361457034876,118.68223401889031,0.0,0.0
2023,5,23,20,9.1501,1.2850052763568143,1.2850052763568143,0.0,8.17735253129572,110.37939048529351,0.0,0.0
2023,5,23,21,9.1501,0.0,0.0,0.0,9.462357807652534,100.77182177217135,0.0,0.0
2023,5,23,22,9.1501,0.0,0.0,0.0,9.462357807652534,91.16425305904919,0.0,0.0
2023,5,23,23,9.1501,0.0,0.0,0.0,9.462357807652534,81.55668434592702,0.0,0.0
2023,5,24,0,9.1501,0.0,0.0,0.0,9.462357807652534,71.94911563280486,0.0,0.0
2023,5,24,1,9.1501,0.0,0.0,0.0,9.462357807652534,62.3415469196827,0.0,0.0
2023,5,24,2,9.1501,0.0,0.0,0.0,9.462357807652534,52.733978206560536,0.0,0.0
2023,5,24,3,9.1501,0.0,0.0,0.0,9.462357807652534,43.12640949343837,0.0,0.0
2023,5,24,4,9.1501,0.0,0.0,0.0,9.462357807652534,33.51884078031621,0.0,0.0
2023,5,24,5,9.1501,0.0,0.0,0.0,9.462357807652534,23.911272067194055,0.0,0.0
2023,5,24,6,9.1501,0.0,0.0,0.0,9.462357807652534,14.303703354071898,0.0,0.0
2023,5,24,7,9.1501,1.1859599635008937,1.1859599635008937,0.0,8.27639784415164,5.900294541892377,0.0,0.0
2023,5,24,8,9.1501,4.39330557285262,4.39330557285262,0.0,5.069052234799914,0.7534517944262827,0.0,0.0
2023,5,24,9,9.1501,8.720293849271277,8.720293849271277,0.0,0.7420639583812569,0.0,0.0,0.0
2023,5,24,10,9.1501,20.50754734271589,9.462357807652534,0.0,0.0,0.0,11.045189535063354,0.0
2023,5,24,11,9.1501,27.986760358722968,9.462357807652534,0.0,0.0,0.0,18.524402551070434,0.0
2023,5,24,12,9.1501,28.349352330134653,12.850633611568723,3.3882758039161884,0.0,3.170211425673507,15.49871871856593,0.0
2023,5,24,13,9.1501,25.342681137264922,25.342681137264922,15.880323329612388,0.0,18.028500826063784,0.0,0.0
2023,5,24,14,9.1501,34.102593111678566,34.102593111678566,24.64023530402603,0.0,41.0829273287179,0.0,0.0
2023,5,24,15,9.1501,45.072507458164324,45.072507458164324,35.61014965051179,0.0,74.40126084853203,0.0,0.0
2023,5,24,16,9.1501,37.478746384680385,37.478746384680385,28.01638857702785,0.0,100.61455643395817,0.0,0.0
2023,5,24,17,9.1501,25.198850117726323,25.198850117726323,15.736492310073789,0.0,115.33827156475076,0.0,0.0
2023,5,24,18,9.1501,13.856008636748276,13.856008636748276,4.393650829095742,0.0,119.44915357816897,0.0,0.0
2023,5,24,19,9.1501,5.369117220380952,5.369117220380952,0.0,4.093240587271582,115.29309744491349,0.0,0.0
2023,5,24,20,9.1501,0.48575266478903706,0.48575266478903706,0.0,8.976605142863496,106.17873583718831,0.0,0.0
2023,5,24,21,9.1501,0.0,0.0,0.0,9.462357807652534,96.57116712406615,0.0,0.0
2023,5,24,22,9.1501,0.0,0.0,0.0,9.462357807652534,86.96359841094399,0.0,0.0
2023,5,24,23,9.1501,0.0,0.0,0.0,9.462357807652534,77.35602969782182,0.0,0.0
2023,5,25,0,9.1501,0.0,0.0,0.0,9.462357807652534,67.74846098469966,0.0,0.0
2023,5,25,1,9.1501,0.0,0.0,0.0,9.462357807652534,58.1408922715775,0.0,0.0
2023,5,25,2,9.1501,0.0,0.0,0.0,9.462357807652534,48.533323558455336,0.0,0.0
2023,5,25,3,9.1501,0.0,0.0,0.0,9.462357807652534,38.925754845333174,0.0,0.0
2023,5,25,4,9.1501,0.0,0.0,0.0,9.462357807652534,29.318186132211014,0.0,0.0
2023,5,25,5,9.1501,0.0,0.0,0.0,9.462357807652534,19.710617419088855,0.0,0.0
2023,5,25,6,9.1501,0.0,0.0,0.0,9.462357807652534,10.103048705966694,0.0,0.0
2023,5,25,7,9.1501,2.078229042794231,2.078229042794231,0.0,7.3841287648583025,2.605601881714969,0.0,0.0
2023,5,25,8,9.1501,6.896137565542226,6.896137565542226,0.0,2.566220242110308,0.0,0.0,0.0
2023,5,25,9,9.1501,24.37634338922715,9.462357807652534,0.0,0.0,0.0,14.913985581574615,0.0
2023,5,25,10,9.1501,40.63786123298922,9.462357807652534,0.0,0.0,0.0,31.17550342533669,0.0
2023,5,25,11,9.1501,56.21036820471011,9.462357807652534,0.0,0.0,0.0,46.74801039705757,0.0
2023,5,25,12,9.1501,60.25744581436204,15.884340443328968,6.421982635676435,0.0,6.0086734095161916,44.37310537103308,0.0
2023,5,25,13,9.1501,46.64345224641823,46.64345224641823,37.1810944387657,0.0,40.796848053558946,0.0,0.0
2023,5,25,14,9.1501,33.010510879493275,33.010510879493275,23.54815307184074,0.0,62.829477108010266,0.0,0.0
2023,5,25,15,9.1501,43.04509296718313,43.04509296718313,33.5827351595306,0.0,94.25087751026182,0.0,0.0
2023,5,25,16,9.1501,19.726381266539192,19.726381266539192,10.264023458886658,0.0,103.85432372474486,0.0,0.0
2023,5,25,17,9.1501,14.738803816551048,14.738803816551048,5.276446008898514,0.0,108.79118553659198,0.0,0.0
2023,5,25,18,9.1501,16.513006812057096,16.513006812057096,7.050649004404562,0.0,115.38806528479378,0.0,0.0
2023,5,25,19,9.1501,7.949462936175198,7.949462936175198,0.0,1.5128948714773356,113.85195327878895,0.0,0.0
2023,5,25,20,9.1501,1.940426868385994,1.940426868385994,0.0,7.521930939266539,106.21458954520475,0.0,0.0
2023,5,25,21,9.1501,0.0,0.0,0.0,9.462357807652534,96.60702083208258,0.0,0.0
2023,5,25,22,9.1501,0.0,0.0,0.0,9.462357807652534,86.99945211896042,0.0,0.0
2023,5,25,23,9.1501,0.0,0.0,0.0,9.462357807652534,77.39188340583826,0.0,0.0
2023,5,26,0,9.1501,0.0,0.0,0.0,9.462357807652534,67.7843146927161,0.0,0.0
2023,5,26,1,9.1501,0.0,0.0,0.0,9.462357807652534,58.17674597959393,0.0,0.0
2023,5,26,2,9.1501,0.0,0.0,0.0,9.462357807652534,48.56917726647177,0.0,0.0
2023,5,26,3,9.1501,0.0,0.0,0.0,9.462357807652534,38.96160855334961,0.0,0.0
2023,5,26,4,9.1501,0.0,0.0,0.0,9.462357807652534,29.354039840227454,0.0,0.0
2023,5,26,5,9.1501,0.0,0.0,0.0,9.462357807652534,19.746471127105295,0.0,0.0
2023,5,26,6,9.1501,0.0,0.0,0.0,9.462357807652534,10.138902413983134,0.0,0.0
2023,5,26,7,9.1501,1.951623295056663,1.951623295056663,0.0,7.510734512595872,2.512906929282194,0.0,0.0
2023,5,26,8,9.1501,6.987431506087691,6.987431506087691,0.0,2.474926301564843,0.0,0.0,0.0
2023,5,26,9,9.1501,25.94987196825122,9.462357807652534,0.0,0.0,0.0,16.487514160598685,0.0
2023,5,26,10,9.1501,44.55661056772348,9.462357807652534,0.0,0.0,0.0,35.094252760070944,0.0
2023,5,26,11,9.1501,58.725257887660455,9.462357807652534,0.0,0.0,0.0,49.262900080007924,0.0
2023,5,26,12,9.1501,67.26296385584081,9.462357807652534,0.0,0.0,0.0,57.80060604818827,0.0
2023,5,26,13,9.1501,71.58822960507936,9.462357807652534,0.0,0.0,0.0,62.125871797426825,0.0
2023,5,26,14,9.1501,70.14475182815308,9.462357807652534,0.0,0.0,0.0,60.68239402050054,0.0
2023,5,26,15,9.1501,65.99518385128502,49.889531989139634,40.4271741814871,0.0,37.82534153498138,16.105651862145386,0.0
2023,5,26,16,9.1501,53.32513517803764,53.32513517803764,43.8627773703851,0.0,78.86517596069386,0.0,0.0
2023,5,26,17,9.1501,38.14536440338023,38.14536440338023,28.683006595727694,0.0,105.70218702317753,0.0,0.0
2023,5,26,18,9.1501,22.565106059348885,22.565106059348885,13.102748251696351,0.0,117.96166193582806,0.0,0.0
2023,5,26,19,9.1501,6.312200851487327,6.312200851487327,0.0,3.1501569561652074,114.76316215081673,0.0,0.0
2023,5,26,20,9.1501,1.5304653995214874,1.5304653995214874,0.0,7.931892408131046,106.7095456119684,0.0,0.0
2023,5,26,21,9.1501,0.0,0.0,0.0,9.462357807652534,97.10197689884623,0.0,0.0
2023,5,26,22,9.1501,0.0,0.0,0.0,9.462357807652534,87.49440818572407,0.0,0.0
2023,5,26,23,9.1501,0.0,0.0,0.0,9.462357807652534,77.8868394726019,0.0,0.0
2023,5,27,0,9.1501,0.0,0.0,0.0,9.462357807652534,68.27927075947974,0.0,0.0
2023,5,27,1,9.1501,0.0,0.0,0.0,9.462357807652534,58.67170204635758,0.0,0.0
2023,5,27,2,9.1501,0.0,0.0,0.0,9.462357807652534,49.06413333323542,0.0,0.0
2023,5,27,3,9.1501,0.0,0.0,0.0,9.462357807652534,39.456564620113255,0.0,0.0
2023,5,27,4,9.1501,0.0,0.0,0.0,9.462357807652534,29.848995906991092,0.0,0.0
2023,5,27,5,9.1501,0.0,0.0,0.0,9.462357807652534,20.241427193868933,0.0,0.0
2023,5,27,6,9.1501,0.0,0.0,0.0,9.462357807652534,10.633858480746774,0.0,0.0
2023,5,27,7,9.1501,1.7595615144751822,1.7595615144751822,0.0,7.702796293177352,2.8128538036636934,0.0,0.0
2023,5,27,8,9.1501,6.692018094700033,6.692018094700033,0.0,2.7703397129525014,0.0,0.0,0.0
2023,5,27,9,9.1501,24.454718375921832,9.462357807652534,0.0,0.0,0.0,14.992360568269298,0.0
2023,5,27,10,9.1501,41.46553554302871,9.462357807652534,0.0,0.0,0.0,32.00317773537617,0.0
2023,5,27,11,9.1501,55.02785329556942,9.462357807652534,0.0,0.0,0.0,45.56549548791689,0.0
2023,5,27,12,9.1501,63.79207158793333,9.462357807652534,0.0,0.0,0.0,54.3297137802808,0.0
2023,5,27,13,9.1501,66.5050518965955,9.462357807652534,0.0,0.0,0.0,57.042694088942966,0.0
2023,5,27,14,9.1501,54.76430663701367,13.56255774637358,4.100199938721046,0.0,3.8363171847626845,41.20174889064009,0.0
2023,5,27,15,9.1501,51.314084695267425,51.314084695267425,41.85172688761489,0.0,42.99452933795662,0.0,0.0
2023,5,27,16,9.1501,47.30059636562751,47.30059636562751,37.838238557974975,0.0,78.39755528561035,0.0,0.0
2023,5,27,17,9.1501,38.45628055938882,38.45628055938882,28.99392275173629,0.0,105.52547240393095,0.0,0.0
2023,5,27,18,9.1501,22.059544331988658,22.059544331988658,12.597186524336124,0.0,117.31192278811537,0.0,0.0
2023,5,27,19,9.1501,6.056405565242036,6.056405565242036,0.0,3.405952242410498,113.85370224015561,0.0,0.0
2023,5,27,20,9.1501,2.2211987987427775,2.2211987987427775,0.0,7.241159008909756,106.50141920933633,0.0,0.0
2023,5,27,21,9.1501,0.0,0.0,0.0,9.462357807652534,96.89385049621417,0.0,0.0
2023,5,27,22,9.1501,0.0,0.0,0.0,9.462357807652534,87.28628178309201,0.0,0.0
2023,5,27,23,9.1501,0.0,0.0,0.0,9.462357807652534,77.67871306996985,0.0,0.0
2023,5,28,0,9.1501,0.0,0.0,0.0,9.462357807652534,68.07114435684768,0.0,0.0
2023,5,28,1,9.1501,0.0,0.0,0.0,9.462357807652534,58.46357564372552,0.0,0.0
2023,5,28,2,9.1501,0.0,0.0,0.0,9.462357807652534,48.85600693060336,0.0,0.0
2023,5,28,3,9.1501,0.0,0.0,0.0,9.462357807652534,39.248438217481194,0.0,0.0
2023,5,28,4,9.1501,0.0,0.0,0.0,9.462357807652534,29.640869504359035,0.0,0.0
2023,5,28,5,9.1501,0.0,0.0,0.0,9.462357807652534,20.033300791236876,0.0,0.0
2023,5,28,6,9.1501,0.0,0.0,0.0,9.462357807652534,10.425732078114715,0.0,0.0
2023,5,28,7,9.1501,1.738029924723895,1.738029924723895,0.0,7.724327882928639,2.582865383948434,0.0,0.0
2023,5,28,8,9.1501,6.918530418883572,6.918530418883572,0.0,2.543827388768962,0.0,0.0,0.0
2023,5,28,9,9.1501,21.348140606606137,9.462357807652534,0.0,0.0,0.0,11.885782798953603,0.0
2023,5,28,10,9.1501,40.942748543867445,9.462357807652534,0.0,0.0,0.0,31.48039073621491,0.0
2023,5,28,11,9.1501,50.79474275046638,9.462357807652534,0.0,0.0,0.0,41.332384942813846,0.0
2023,5,28,12,9.1501,63.67493973968634,9.462357807652534,0.0,0.0,0.0,54.2125819320338,0.0
2023,5,28,13,9.1501,68.81668337229368,9.462357807652534,0.0,0.0,0.0,59.354325564641144,0.0
2023,5,28,14,9.1501,64.0693984639299,37.84680761719168,28.384449809539145,0.0,26.557668945855106,26.22259084673822,0.0
2023,5,28,15,9.1501,59.07751469599151,59.07751469599151,49.61515688833898,0.0,72.97966832152534,0.0,0.0
2023,5,28,16,9.1501,40.33555771288115,40.33555771288115,30.873199905228613,0.0,101.86591511806239,0.0,0.0
2023,5,28,17,9.1501,26.720702881347297,26.720702881347297,17.258345073694763,0.0,118.01353883795146,0.0,0.0
2023,5,28,18,9.1501,11.017283843938586,11.017283843938586,1.5549260362860515,0.0,119.46839215320217,0.0,0.0
2023,5,28,19,9.1501,4.088418261974395,4.088418261974395,0.0,5.373939545678139,114.01198324383797,0.0,0.0
2023,5,28,20,9.1501,1.8663581996415661,1.8663581996415661,0.0,7.595999608010968,106.29941417148757,0.0,0.0
2023,5,28,21,9.1501,0.0,0.0,0.0,9.462357807652534,96.6918454583654,0.0,0.0
2023,5,28,22,9.1501,0.0,0.0,0.0,9.462357807652534,87.08427674524324,0.0,0.0
2023,5,28,23,9.1501,0.0,0.0,0.0,9.462357807652534,77.47670803212108,0.0,0.0
2023,5,29,0,9.1501,0.0,0.0,0.0,9.462357807652534,67.86913931899892,0.0,0.0
2023,5,29,1,9.1501,0.0,0.0,0.0,9.462357807652534,58.261570605876756,0.0,0.0
2023,5,29,2,9.1501,0.0,0.0,0.0,9.462357807652534,48.65400189275459,0.0,0.0
2023,5,29,3,9.1501,0.0,0.0,0.0,9.462357807652534,39.04643317963243,0.0,0.0
2023,5,29,4,9.1501,0.0,0.0,0.0,9.462357807652534,29.438864466510267,0.0,0.0
2023,5,29,5,9.1501,0.0,0.0,0.0,9.462357807652534,19.83129575338811,0.0,0.0
2023,5,29,6,9.1501,0.0,0.0,0.0,9.462357807652534,10.223727040265949,0.0,0.0
2023,5,29,7,9.1501,1.958513403777075,1.958513403777075,0.0,7.503844403875459,2.6047274010316332,0.0,0.0
2023,5,29,8,9.1501,6.896998829132285,6.896998829132285,0.0,2.565358978520249,0.0,0.0,0.0
2023,5,29,9,9.1501,16.90488174553053,9.462357807652534,0.0,0.0,0.0,7.442523937877997,0.0
2023,5,29,10,9.1501,28.712805565136378,9.462357807652534,0.0,0.0,0.0,19.250447757483844,0.0
2023,5,29,11,9.1501,44.31373423532896,9.462357807652534,0.0,0.0,0.0,34.85137642767643,0.0
2023,5,29,12,9.1501,50.20047087333086,9.462357807652534,0.0,0.0,0.0,40.73811306567832,0.0
2023,5,29,13,9.1501,58.72353536048035,9.462357807652534,0.0,0.0,0.0,49.26117755282782,0.0
2023,5,29,14,9.1501,63.865278993087706,9.462357807652534,0.0,0.0,0.0,54.402921185435176,0.0
2023,5,29,15,9.1501,63.04966237330894,51.39095883292467,41.92860102527214,0.0,39.230138785984025,11.658703540384273,0.0
2023,5,29,16,9.1501,54.011562259308675,54.011562259308675,44.549204451656145,0.0,80.91222286959685,0.0,0.0
2023,5,29,17,9.1501,36.919786314736974,36.919786314736974,27.45742850708444,0.0,106.6025322216763,0.0,0.0
2023,5,29,18,9.1501,20.947653037232197,20.947653037232197,11.485295229579664,0.0,117.34865097681514,0.0,0.0
2023,5,29,19,9.1501,6.377656884331231,6.377656884331231,0.0,3.0847009233213027,114.21661172373672,0.0,0.0
2023,5,29,20,9.1501,1.691521690861115,1.691521690861115,0.0,7.770836116791418,106.32652307267072,0.0,0.0
2023,5,29,21,9.1501,0.0,0.0,0.0,9.462357807652534,96.71895435954856,0.0,0.0
2023,5,29,22,9.1501,0.0,0.0,0.0,9.462357807652534,87.1113856464264,0.0,0.0
2023,5,29,23,9.1501,0.0,0.0,0.0,9.462357807652534,77.50381693330424,0.0,0.0
2023,5,30,0,9.1501,0.0,0.0,0.0,9.462357807652534,67.89624822018207,0.0,0.0
2023,5,30,1,9.1501,0.0,0.0,0.0,9.462357807652534,58.28867950705991,0.0,0.0
2023,5,30,2,9.1501,0.0,0.0,0.0,9.462357807652534,48.68111079393775,0.0,0.0
2023,5,30,3,9.1501,0.0,0.0,0.0,9.462357807652534,39.07354208081559,0.0,0.0
2023,5,30,4,9.1501,0.0,0.0,0.0,9.462357807652534,29.465973367693433,0.0,0.0
2023,5,30,5,9.1501,0.0,0.0,0.0,9.462357807652534,19.858404654571274,0.0,0.0
2023,5,30,6,9.1501,0.0,0.0,0.0,9.462357807652534,10.250835941449115,0.0,0.0
2023,5,30,7,9.1501,2.7525984338045437,2.7525984338045437,0.0,6.70975937384799,3.438107492243205,0.0,0.0
2023,5,30,8,9.1501,6.076214627813221,6.076214627813221,0.0,3.386143179839313,0.0,0.0,0.0
2023,5,30,9,9.1501,18.587790800491124,9.462357807652534,0.0,0.0,0.0,9.12543299283859,0.0
2023,5,30,10,9.1501,34.66585949957224,9.462357807652534,0.0,0.0,0.0,25.20350169191971,0.0
2023,5,30,11,9.1501,49.285808940696185,9.462357807652534,0.0,0.0,0.0,39.82345113304365,0.0
2023,5,30,12,9.1501,60.079164251221385,9.462357807652534,0.0,0.0,0.0,50.61680644356885,0.0
2023,5,30,13,9.1501,65.94092424511179,9.462357807652534,0.0,0.0,0.0,56.47856643745925,0.0
2023,5,30,14,9.1501,64.33122259530556,45.42964844782574,35.96729064017321,0.0,33.652489447939104,18.90157414747982,0.0
2023,5,30,15,9.1501,47.832857264279326,47.832857264279326,38.370499456626796,0.0,69.55352077649924,0.0,0.0
2023,5,30,16,9.1501,35.54865467937501,35.54865467937501,26.086296871722478,0.0,93.9609424806774,0.0,0.0
2023,5,30,17,9.1501,25.17645726438498,25.17645726438498,15.714099456732445,0.0,108.66370592877813,0.0,0.0
2023,5,30,18,9.1501,18.567120474329894,18.567120474329894,9.10476266667736,0.0,117.18249964698282,0.0,0.0
2023,5,30,19,9.1501,5.651611677917839,5.651611677917839,0.0,3.810746129734695,113.31327317785892,0.0,0.0
2023,5,30,20,9.1501,1.604534068265915,1.604534068265915,0.0,7.857823739386618,105.3348619777768,0.0,0.0
2023,5,30,21,9.1501,0.0,0.0,0.0,9.462357807652534,95.72729326465463,0.0,0.0
2023,5,30,22,9.1501,0.0,0.0,0.0,9.462357807652534,86.11972455153247,0.0,0.0
2023,5,30,23,9.1501,0.0,0.0,0.0,9.462357807652534,76.51215583841031,0.0,0.0
2023,5,31,0,9.1501,0.0,0.0,0.0,9.462357807652534,66.90458712528815,0.0,0.0
2023,5,31,1,9.1501,0.0,0.0,0.0,9.462357807652534,57.29701841216598,0.0,0.0
2023,5,31,2,9.1501,0.0,0.0,0.0,9.462357807652534,47.68944969904382,0.0,0.0
2023,5,31,3,9.1501,0.0,0.0,0.0,9.462357807652534,38.081880985921664,0.0,0.0
2023,5,31,4,9.1501,0.0,0.0,0.0,9.462357807652534,28.474312272799505,0.0,0.0
2023,5,31,5,9.1501,0.0,0.0,0.0,9.462357807652534,18.866743559677346,0.0,0.0
2023,5,31,6,9.1501,0.0,0.0,0.0,9.462357807652534,9.259174846555187,0.0,0.0
2023,5,31,7,9.1501,2.207418581301954,2.207418581301954,0.0,7.25493922635058,1.8929001248026602,0.0,0.0
2023,5,31,8,9.1501,7.598067391434184,7.598067391434184,0.0,1.86429041621835,0.0,0.0,0.0
2023,5,31,9,9.1501,21.699536151347143,9.462357807652534,0.0,0.0,0.0,12.237178343694609,0.0
2023,5,31,10,9.1501,36.41853090532701,9.462357807652534,0.0,0.0,0.0,26.956173097674476,0.0
2023,5,31,11,9.1501,43.70482087716256,9.462357807652534,0.0,0.0,0.0,34.24246306951002,0.0
2023,5,31,12,9.1501,64.88501508370867,9.462357807652534,0.0,0.0,0.0,55.42265727605613,0.0
2023,5,31,13,9.1501,70.11288507532117,9.462357807652534,0.0,0.0,0.0,60.650527267668636,0.0
2023,5,31,14,9.1501,69.81574913675341,9.462357807652534,0.0,0.0,0.0,60.35339132910087,0.0
2023,5,31,15,9.1501,63.410531817540516,51.018929879995135,41.5565720723426,0.0,38.88205306170638,12.391601937545381,0.0
2023,5,31,16,9.1501,53.071923682562506,53.071923682562506,43.609565874909975,0.0,79.68497230621097,0.0,0.0
2023,5,31,17,9.1501,37.79310759504917,37.79310759504917,28.330749787396638,0.0,106.19239728327275,0.0,0.0
2023,5,31,18,9.1501,24.09643272246042,24.09643272246042,14.634074914807886,0.0,119.88464495846631,0.0,0.0
2023,5,31,19,9.1501,6.954703489665735,6.954703489665735,0.0,2.507654317986799,117.33850776321765,0.0,0.0
2023,5,31,20,9.1501,1.6372620846878714,1.6372620846878714,0.0,7.8250957229646625,109.393326829102,0.0,0.0
2023,5,31,21,9.1501,0.0,0.0,0.0,9.462357807652534,99.78575811597983,0.0,0.0
2023,5,31,22,9.1501,0.0,0.0,0.0,9.462357807652534,90.17818940285767,0.0,0.0
2023,5,31,23,9.1501,0.0,0.0,0.0,9.462357807652534,80.5706206897355,0.0,0.0
2023,6,1,0,9.1501,0.0,0.0,0.0,9.462357807652534,70.96305197661334,0.0,0.0
2023,6,1,1,9.1501,0.0,0.0,0.0,9.462357807652534,61.35548326349118,0.0,0.0
2023,6,1,2,9.1501,0.0,0.0,0.0,9.462357807652534,51.74791455036902,0.0,0.0
2023,6,1,3,9.1501,0.0,0.0,0.0,9.462357807652534,42.140345837246855,0.0,0.0
2023,6,1,4,9.1501,0.0,0.0,0.0,9.462357807652534,32.53277712412469,0.0,0.0
2023,6,1,5,9.1501,0.0,0.0,0.0,9.462357807652534,22.92520841100253,0.0,0.0
2023,6,1,6,9.1501,0.0,0.0,0.0,9.462357807652534,13.31763969788037,0.0,0.0
2023,6,1,7,9.1501,1.99640900173934,1.99640900173934,0.0,7.465948805913194,5.737117208712485,0.0,0.0
2023,6,1,8,9.1501,3.811952649567869,3.811952649567869,0.0,5.650405158084665,0.0,0.0,0.0
2023,6,1,9,9.1501,15.591454770702017,9.462357807652534,0.0,0.0,0.0,6.1290969630494825,0.0
2023,6,1,10,9.1501,27.836039230463967,9.462357807652534,0.0,0.0,0.0,18.373681422811433,0.0
2023,6,1,11,9.1501,34.10000932090841,9.462357807652534,0.0,0.0,0.0,24.63765151325588,0.0
2023,6,1,12,9.1501,38.71982721794456,9.462357807652534,0.0,0.0,0.0,29.25746941029203,0.0
2023,6,1,13,9.1501,39.83430230347119,9.462357807652534,0.0,0.0,0.0,30.371944495818656,0.0
2023,6,1,14,9.1501,39.127204896038926,37.09208228649797,27.62972447884544,0.0,25.851516612020603,2.035122609540956,0.0
2023,6,1,15,9.1501,47.437537276445696,47.437537276445696,37.975179468793165,0.0,61.38267015767453,0.0,0.0
2023,6,1,16,9.1501,33.70985691461508,33.70985691461508,24.247499106962547,0.0,84.06963637927149,0.0,0.0
2023,6,1,17,9.1501,32.563515076256564,32.563515076256564,23.10115726860403,0.0,105.6840376138354,0.0,0.0
2023,6,1,18,9.1501,20.724585767408854,20.724585767408854,11.26222795975632,0.0,116.22144537600536,0.0,0.0
2023,6,1,19,9.1501,6.679099140849259,6.679099140849259,0.0,2.783258666803275,113.39547436209175,0.0,0.0
2023,6,1,20,9.1501,2.5545078080927017,2.5545078080927017,0.0,6.907849999559832,106.3816153557204,0.0,0.0
2023,6,1,21,9.1501,0.00602884513036039,0.0,0.0,9.462357807652534,96.77404664259824,0.00602884513036039,0.0
2023,6,1,22,9.1501,0.0,0.0,0.0,9.462357807652534,87.16647792947607,0.0,0.0
2023,6,1,23,9.1501,0.0,0.0,0.0,9.462357807652534,77.55890921635391,0.0,0.0
2023,6,2,0,9.1501,0.0,0.0,0.0,9.462357807652534,67.95134050323175,0.0,0.0
2023,6,2,1,9.1501,0.0,0.0,0.0,9.462357807652534,58.343771790109585,0.0,0.0
2023,6,2,2,9.1501,0.0,0.0,0.0,9.462357807652534,48.73620307698742,0.0,0.0
2023,6,2,3,9.1501,0.0,0.0,0.0,9.462357807652534,39.12863436386526,0.0,0.0
2023,6,2,4,9.1501,0.0,0.0,0.0,9.462357807652534,29.5210656507431,0.0,0.0
2023,6,2,5,9.1501,0.0,0.0,0.0,9.462357807652534,19.91349693762094,0.0,0.0
2023,6,2,6,9.1501,0.0,0.0,0.0,9.462357807652534,10.30592822449878,0.0,0.0
2023,6,2,7,9.1501,2.0256919638010906,2.0256919638010906,0.0,7.4366658438514435,2.755138078564047,0.0,0.0
2023,6,2,8,9.1501,6.74886149164343,6.74886149164343,0.0,2.7134963160091043,0.0,0.0,0.0
2023,6,2,9,9.1501,22.542713206007544,9.462357807652534,0.0,0.0,0.0,13.08035539835501,0.0
2023,6,2,10,9.1501,41.483622078419785,9.462357807652534,0.0,0.0,0.0,32.02126427076725,0.0
2023,6,2,11,9.1501,54.96584231708573,9.462357807652534,0.0,0.0,0.0,45.50348450943319,0.0
2023,6,2,12,9.1501,64.45696707945307,9.462357807652534,0.0,0.0,0.0,54.99460927180053,0.0
2023,6,2,13,9.1501,67.8718772140072,9.462357807652534,0.0,0.0,0.0,58.40951940635466,0.0
2023,6,2,14,9.1501,64.73860027339991,16.67001126607872,7.207653458426187,0.0,6.743779629683026,48.068589007321194,0.0
2023,6,2,15,9.1501,53.64035765199648,53.64035765199648,44.177999844343944,0.0,48.07854928098085,0.0,0.0
2023,6,2,16,9.1501,49.47787072127766,49.47787072127766,40.01551291362512,0.0,85.51872345344266,0.0,0.0
2023,6,2,17,9.1501,33.28783775548986,33.28783775548986,23.825479947837326,0.0,107.81083103969311,0.0,0.0
2023,6,2,18,9.1501,20.549749258628413,20.549749258628413,11.087391450975879,0.0,118.18465451007668,0.0,0.0
2023,6,2,19,9.1501,6.0374577662609035,6.0374577662609035,0.0,3.4249000413916306,114.70719538708371,0.0,0.0
2023,6,2,20,9.1501,1.8189887021887345,1.8189887021887345,0.0,7.643369105463799,106.94652987715027,0.0,0.0
2023,6,2,21,9.1501,0.0051675815403089045,0.0051675815403089045,0.0,9.457190226112225,97.34420804812808,0.0,0.0
2023,6,2,22,9.1501,0.0,0.0,0.0,9.462357807652534,87.73663933500592,0.0,0.0
2023,6,2,23,9.1501,0.0,0.0,0.0,9.462357807652534,78.12907062188376,0.0,0.0
2023,6,3,0,9.1501,0.0,0.0,0.0,9.462357807652534,68.52150190876159,0.0,0.0
2023,6,3,1,9.1501,0.0,0.0,0.0,9.462357807652534,58.91393319563943,0.0,0.0
2023,6,3,2,9.1501,0.0,0.0,0.0,9.462357807652534,49.30636448251727,0.0,0.0
2023,6,3,3,9.1501,0.0,0.0,0.0,9.462357807652534,39.698795769395105,0.0,0.0
2023,6,3,4,9.1501,0.0,0.0,0.0,9.462357807652534,30.091227056272945,0.0,0.0
2023,6,3,5,9.1501,0.0,0.0,0.0,9.462357807652534,20.483658343150786,0.0,0.0
2023,6,3,6,9.1501,0.0,0.0,0.0,9.462357807652534,10.876089630028627,0.0,0.0
2023,6,3,7,9.1501,1.704440644711887,1.704440644711887,0.0,7.757917162940647,2.999118189212556,0.0,0.0
2023,6,3,8,9.1501,6.5085689500190655,6.5085689500190655,0.0,2.9537888576334685,0.0,0.0,0.0
2023,6,3,9,9.1501,21.586710621050397,9.462357807652534,0.0,0.0,0.0,12.124352813397863,0.0
2023,6,3,10,9.1501,39.25639443454665,9.462357807652534,0.0,0.0,0.0,29.794036626894115,0.0
2023,6,3,11,9.1501,51.480308568147365,9.462357807652534,0.0,0.0,0.0,42.01795076049483,0.0
2023,6,3,12,9.1501,56.14577343545625,9.462357807652534,0.0,0.0,0.0,46.68341562780371,0.0
2023,6,3,13,9.1501,61.866286200578216,32.079611961847924,22.617254154195386,0.0,21.161641403016496,29.786674238730292,0.0
2023,6,3,14,9.1501,58.9302386220927,58.9302386220927,49.467880814440164,0.0,67.44584317329029,0.0,0.0
2023,6,3,15,9.1501,41.80659592468909,41.80659592468909,32.344238117036554,0.0,97.70845435589229,0.0,0.0
2023,6,3,16,9.1501,35.22998715105596,35.22998715105596,25.767629343403424,0.0,121.81771749868635,0.0,0.0
2023,6,3,17,9.1501,11.60552687594375,11.60552687594375,2.1431690682912166,0.0,123.82295540157311,0.0,0.0
2023,6,3,18,9.1501,4.735227218103051,4.735227218103051,0.0,4.727130589549483,119.02328148538822,0.0,0.0
2023,6,3,19,9.1501,4.307179213847472,4.307179213847472,0.0,5.155178593805062,113.78899066958934,0.0,0.0
2023,6,3,20,9.1501,1.9714323576278472,1.9714323576278472,0.0,7.490925450024687,106.18310824060494,0.0,0.0
2023,6,3,21,9.1501,0.0,0.0,0.0,9.462357807652534,96.57553952748277,0.0,0.0
2023,6,3,22,9.1501,0.0,0.0,0.0,9.462357807652534,86.96797081436061,0.0,0.0
2023,6,3,23,9.1501,0.0,0.0,0.0,9.462357807652534,77.36040210123845,0.0,0.0
2023,6,4,0,9.1501,0.0,0.0,0.0,9.462357807652534,67.75283338811629,0.0,0.0
2023,6,4,1,9.1501,0.0,0.0,0.0,9.462357807652534,58.145264674994124,0.0,0.0
2023,6,4,2,9.1501,0.0,0.0,0.0,9.462357807652534,48.53769596187196,0.0,0.0
2023,6,4,3,9.1501,0.0,0.0,0.0,9.462357807652534,38.930127248749805,0.0,0.0
2023,6,4,4,9.1501,0.0,0.0,0.0,9.462357807652534,29.322558535627646,0.0,0.0
2023,6,4,5,9.1501,0.0,0.0,0.0,9.462357807652534,19.714989822505487,0.0,0.0
2023,6,4,6,9.1501,0.0,0.0,0.0,9.462357807652534,10.107421109383328,0.0,0.0
2023,6,4,7,9.1501,1.8258788109091464,1.8258788109091464,0.0,7.636478996743388,2.3537514449165013,0.0,0.0
2023,6,4,8,9.1501,7.14418147947706,7.14418147947706,0.0,2.3181763281754737,0.0,0.0,0.0
2023,6,4,9,9.1501,20.32926577957523,9.462357807652534,0.0,0.0,0.0,10.866907971922696,0.0
2023,6,4,10,9.1501,32.74093537580717,9.462357807652534,0.0,0.0,0.0,23.278577568154635,0.0
2023,6,4,11,9.1501,32.597104356268574,9.462357807652534,0.0,0.0,0.0,23.13474654861604,0.0
2023,6,4,12,9.1501,39.75506605318646,9.462357807652534,0.0,0.0,0.0,30.292708245533927,0.0
2023,6,4,13,9.1501,55.749592184032565,9.462357807652534,0.0,0.0,0.0,46.28723437638003,0.0
2023,6,4,14,9.1501,65.70235423066752,13.126306007813417,3.6639482001608834,0.0,3.4281419575704746,52.576048222854105,0.0
2023,6,4,15,9.1501,60.2634746594924,60.2634746594924,50.80111685183987,0.0,50.959774681959345,0.0,0.0
2023,6,4,16,9.1501,45.217199741292966,45.217199741292966,35.75484193364043,0.0,84.41348830532084,0.0,0.0
2023,6,4,17,9.1501,32.26982419204901,32.26982419204901,22.807466384396474,0.0,105.75310016304157,0.0,0.0
2023,6,4,18,9.1501,20.417114665760483,20.417114665760483,10.954756858107949,0.0,116.00282520517337,0.0,0.0
2023,6,4,19,9.1501,5.838505876959012,5.838505876959012,0.0,3.6238519306935224,112.32336104433163,0.0,0.0
2023,6,4,20,9.1501,2.648385539408314,2.648385539408314,0.0,6.81397226824422,105.40482043244303,0.0,0.0
2023,6,4,21,9.1501,0.011196426670669293,0.011196426670669293,0.0,9.451161380981866,95.80861996820414,0.0,0.0
2023,6,4,22,9.1501,0.0,0.0,0.0,9.462357807652534,86.20105125508198,0.0,0.0
2023,6,4,23,9.1501,0.0,0.0,0.0,9.462357807652534,76.59348254195982,0.0,0.0
2023,6,5,0,9.1501,0.0,0.0,0.0,9.462357807652534,66.98591382883765,0.0,0.0
2023,6,5,1,9.1501,0.0,0.0,0.0,9.462357807652534,57.37834511571549,0.0,0.0
2023,6,5,2,9.1501,0.0,0.0,0.0,9.462357807652534,47.77077640259333,0.0,0.0
2023,6,5,3,9.1501,0.0,0.0,0.0,9.462357807652534,38.163207689471164,0.0,0.0
2023,6,5,4,9.1501,0.0,0.0,0.0,9.462357807652534,28.55563897634901,0.0,0.0
2023,6,5,5,9.1501,0.0,0.0,0.0,9.462357807652534,18.94807026322685,0.0,0.0
2023,6,5,6,9.1501,0.0,0.0,0.0,9.462357807652534,9.34050155010469,0.0,0.0
2023,6,5,7,9.1501,1.9628197217273238,1.9628197217273238,0.0,7.49953808592521,1.7258743142870054,0.0,0.0
2023,6,5,8,9.1501,7.762568737134027,7.762568737134027,0.0,1.6997890705185075,0.0,0.0,0.0
2023,6,5,9,9.1501,21.666808134925187,9.462357807652534,0.0,0.0,0.0,12.204450327272653,0.0
2023,6,5,10,9.1501,38.91361152570616,9.462357807652534,0.0,0.0,0.0,29.451253718053625,0.0
2023,6,5,11,9.1501,55.50929964240821,9.462357807652534,0.0,0.0,0.0,46.04694183475567,0.0
2023,6,5,12,9.1501,63.945376506962496,9.462357807652534,0.0,0.0,0.0,54.483018699309966,0.0
2023,6,5,13,9.1501,65.83498882353544,9.462357807652534,0.0,0.0,0.0,56.3726310158829,0.0
2023,6,5,14,9.1501,62.52084652901734,17.102937115886636,7.640579308234105,0.0,7.1488430173636175,45.4179094131307,0.0
2023,6,5,15,9.1501,56.208645677530015,56.208645677530015,46.74628786987748,0.0,50.88660950662731,0.0,0.0
2023,6,5,16,9.1501,48.156692374138686,48.156692374138686,38.694334566486155,0.0,87.09063440026966,0.0,0.0
2023,6,5,17,9.1501,31.45765262663046,31.45765262663046,21.995294818977925,0.0,107.6703448434358,0.0,0.0
2023,6,5,18,9.1501,15.82485720360597,15.82485720360597,6.362499395953435,0.0,113.62336326583791,0.0,0.0
2023,6,5,19,9.1501,7.008101832248927,7.008101832248927,0.0,2.4542559754036075,111.13144387295559,0.0,0.0
2023,6,5,20,9.1501,1.9929639473791345,1.9929639473791345,0.0,7.469393860273399,103.5474234610544,0.0,0.0
2023,6,5,21,9.1501,0.006890108720411874,0.006890108720411874,0.0,9.455467698932123,93.94685059339885,0.0,0.0
2023,6,5,22,9.1501,0.0,0.0,0.0,9.462357807652534,84.33928188027669,0.0,0.0
2023,6,5,23,9.1501,0.0,0.0,0.0,9.462357807652534,74.73171316715452,0.0,0.0
2023,6,6,0,9.1501,0.0,0.0,0.0,9.462357807652534,65.12414445403236,0.0,0.0
2023,6,6,1,9.1501,0.0,0.0,0.0,9.462357807652534,55.5165757409102,0.0,0.0
2023,6,6,2,9.1501,0.0,0.0,0.0,9.462357807652534,45.909007027788036,0.0,0.0
2023,6,6,3,9.1501,0.0,0.0,0.0,9.462357807652534,36.30143831466587,0.0,0.0
2023,6,6,4,9.1501,0.0,0.0,0.0,9.462357807652534,26.693869601543714,0.0,0.0
2023,6,6,5,9.1501,0.0,0.0,0.0,9.462357807652534,17.086300888421555,0.0,0.0
2023,6,6,6,9.1501,0.03445054360205937,0.03445054360205937,0.0,9.427907264050475,7.513711402632515,0.0,0.0
2023,6,6,7,9.1501,2.961885486187054,2.961885486187054,0.0,6.50047232146548,0.9134817594753049,0.0,0.0
2023,6,6,8,9.1501,8.562682612291855,8.562682612291855,0.0,0.8996751953606789,0.0,0.0,0.0
2023,6,6,9,9.1501,20.748701147930298,9.462357807652534,0.0,0.0,0.0,11.286343340277764,0.0
2023,6,6,10,9.1501,34.95868912018974,9.462357807652534,0.0,0.0,0.0,25.496331312537205,0.0
2023,6,6,11,9.1501,39.88253306451408,9.462357807652534,0.0,0.0,0.0,30.420175256861544,0.0
2023,6,6,12,9.1501,50.80077159559674,9.462357807652534,0.0,0.0,0.0,41.338413787944205,0.0
2023,6,6,13,9.1501,59.046509206749654,9.462357807652534,0.0,0.0,0.0,49.584151399097124,0.0
2023,6,6,14,9.1501,64.82731042317522,9.462357807652534,0.0,0.0,0.0,55.36495261552268,0.0
2023,6,6,15,9.1501,56.820142826466565,48.008761173494904,38.54640336584237,0.0,36.065614324481345,8.811381652971662,0.0
2023,6,6,16,9.1501,49.83529511114902,49.83529511114902,40.37293730349649,0.0,73.84020958606315,0.0,0.0
2023,6,6,17,9.1501,39.85583389322248,39.85583389322248,30.393476085569947,0.0,102.2776068726247,0.0,0.0
2023,6,6,18,9.1501,21.560872713348854,21.560872713348854,12.09851490569632,0.0,113.5974793999405,0.0,0.0
2023,6,6,19,9.1501,6.259663772494187,6.259663772494187,0.0,3.2026940351583475,110.34563629324616,0.0,0.0
2023,6,6,20,9.1501,1.7983183760274988,1.7983183760274988,0.0,7.664039431625035,102.56398324691284,0.0,0.0
2023,6,6,21,9.1501,0.019809062571184137,0.019809062571184137,0.0,9.44254874508135,92.97652758950723,0.0,0.0
2023,6,6,22,9.1501,0.0,0.0,0.0,9.462357807652534,83.36895887638507,0.0,0.0
2023,6,6,23,9.1501,0.0,0.0,0.0,9.462357807652534,73.7613901632629,0.0,0.0
2023,6,7,0,9.1501,0.0,0.0,0.0,9.462357807652534,64.15382145014074,0.0,0.0
2023,6,7,1,9.1501,0.0,0.0,0.0,9.462357807652534,54.54625273701858,0.0,0.0
2023,6,7,2,9.1501,0.0,0.0,0.0,9.462357807652534,44.938684023896414,0.0,0.0
2023,6,7,3,9.1501,0.0,0.0,0.0,9.462357807652534,35.33111531077425,0.0,0.0
2023,6,7,4,9.1501,0.0,0.0,0.0,9.462357807652534,25.72354659765209,0.0,0.0
2023,6,7,5,9.1501,0.0,0.0,0.0,9.462357807652534,16.11597788452993,0.0,0.0
2023,6,7,6,9.1501,0.037895597962265305,0.037895597962265305,0.0,9.424462209690269,6.546886321474202,0.0,0.0
2023,6,7,7,9.1501,3.014422565180195,3.014422565180195,0.0,6.447935242472339,0.0,0.0,0.0
2023,6,7,8,9.1501,9.768451638363933,9.462357807652534,0.0,0.0,0.0,0.30609383071139895,0.0
2023,6,7,9,9.1501,22.715827187607893,9.462357807652534,0.0,0.0,0.0,13.253469379955359,0.0
2023,6,7,10,9.1501,38.54412944557407,9.462357807652534,0.0,0.0,0.0,29.081771637921538,0.0
2023,6,7,11,9.1501,50.883452900241686,9.462357807652534,0.0,0.0,0.0,41.421095092589155,0.0
2023,6,7,12,9.1501,54.90813765655226,9.462357807652534,0.0,0.0,0.0,45.44577984889973,0.0
2023,6,7,13,9.1501,53.942661172104565,21.75212358419451,12.289765776541978,0.0,11.498814777301511,32.19053758791006,0.0
2023,6,7,14,9.1501,50.5423925185813,50.5423925185813,41.08003471092877,0.0,49.93499971157614,0.0,0.0
2023,6,7,15,9.1501,42.318186497179674,42.318186497179674,32.85582868952714,0.0,80.67627626029207,0.0,0.0
2023,6,7,16,9.1501,31.977855835021558,31.977855835021558,22.515498027369024,0.0,101.742710409069,0.0,0.0
2023,6,7,17,9.1501,23.77173634901101,23.77173634901101,14.309378541358477,0.0,115.13115868523066,0.0,0.0
2023,6,7,18,9.1501,14.867132091468719,14.867132091468719,5.4047742838161845,0.0,120.1880897555811,0.0,0.0
2023,6,7,19,9.1501,4.154735558408359,4.154735558408359,0.0,5.307622249244175,114.79901585883316,0.0,0.0
2023,6,7,20,9.1501,2.3081864213379775,2.3081864213379775,0.0,7.154171386314556,107.53505537703,0.0,0.0
2023,6,7,21,9.1501,0.07406866874442763,0.07406866874442763,0.0,9.388289138908105,98.00269200267405,0.0,0.0
2023,6,7,22,9.1501,0.0,0.0,0.0,9.462357807652534,88.39512328955189,0.0,0.0
2023,6,7,23,9.1501,0.0,0.0,0.0,9.462357807652534,78.78755457642973,0.0,0.0
2023,6,8,0,9.1501,0.0,0.0,0.0,9.462357807652534,69.17998586330756,0.0,0.0
2023,6,8,1,9.1501,0.0,0.0,0.0,9.462357807652534,59.5724171501854,0.0,0.0
2023,6,8,2,9.1501,0.0,0.0,0.0,9.462357807652534,49.96484843706324,0.0,0.0
2023,6,8,3,9.1501,0.0,0.0,0.0,9.462357807652534,40.357279723941076,0.0,0.0
2023,6,8,4,9.1501,0.0,0.0,0.0,9.462357807652534,30.74971101081892,0.0,0.0
2023,6,8,5,9.1501,0.0,0.0,0.0,9.462357807652534,21.14214229769676,0.0,0.0
2023,6,8,6,9.1501,0.0,0.0,0.0,9.462357807652534,11.534573584574602,0.0,0.0
2023,6,8,7,9.1501,1.3582126815111906,1.3582126815111906,0.0,8.104145126141344,3.306060909060679,0.0,0.0
2023,6,8,8,9.1501,6.206265429910995,6.206265429910995,0.0,3.256092377741539,0.0,0.0,0.0
2023,6,8,9,9.1501,20.317208089314512,9.462357807652534,0.0,0.0,0.0,10.854850281661978,0.0
2023,6,8,10,9.1501,32.39298488542637,9.462357807652534,0.0,0.0,0.0,22.93062707777384,0.0
2023,6,8,11,9.1501,33.44200393810908,9.462357807652534,0.0,0.0,0.0,23.979646130456548,0.0
2023,6,8,12,9.1501,30.83065273307298,11.729784334306725,2.267426526654192,0.0,2.1214983365185702,19.100868398766256,0.0
2023,6,8,13,9.1501,40.60771700733743,40.60771700733743,31.145359199684894,0.0,31.26238866115664,0.0,0.0
2023,6,8,14,9.1501,37.72765156220526,37.72765156220526,28.265293754552726,0.0,57.70857025804224,0.0,0.0
2023,6,8,15,9.1501,36.29364768476954,36.29364768476954,26.831289877117005,0.0,82.81303832869942,0.0,0.0
2023,6,8,16,9.1501,22.603862920901193,22.603862920901193,13.141505113248659,0.0,95.10877576908585,0.0,0.0
2023,6,8,17,9.1501,20.05538395793886,20.05538395793886,10.593026150286327,0.0,105.02005055234923,0.0,0.0
2023,6,8,18,9.1501,19.262160191501444,19.262160191501444,9.79980238384891,0.0,114.18915226795112,0.0,0.0
2023,6,8,19,9.1501,9.342126161288448,9.342126161288448,0.0,0.12023164636408616,114.06707552688763,0.0,0.0
2023,6,8,20,9.1501,2.5975709875952764,2.5975709875952764,0.0,6.864786820057257,107.09694055468269,0.0,0.0
2023,6,8,21,9.1501,0.10162910362606653,0.10162910362606653,0.0,9.360728704026467,97.59256056219323,0.0,0.0
2023,6,8,22,9.1501,0.0,0.0,0.0,9.462357807652534,87.98499184907106,0.0,0.0
2023,6,8,23,9.1501,0.0,0.0,0.0,9.462357807652534,78.3774231359489,0.0,0.0
2023,6,9,0,9.1501,0.0,0.0,0.0,9.462357807652534,68.76985442282674,0.0,0.0
2023,6,9,1,9.1501,0.0,0.0,0.0,9.462357807652534,59.16228570970458,0.0,0.0
2023,6,9,2,9.1501,0.0,0.0,0.0,9.462357807652534,49.554716996582414,0.0,0.0
2023,6,9,3,9.1501,0.0,0.0,0.0,9.462357807652534,39.94714828346025,0.0,0.0
2023,6,9,4,9.1501,0.0,0.0,0.0,9.462357807652534,30.339579570338095,0.0,0.0
2023,6,9,5,9.1501,0.0,0.0,0.0,9.462357807652534,20.732010857215936,0.0,0.0
2023,6,9,6,9.1501,0.0,0.0,0.0,9.462357807652534,11.124442144093777,0.0,0.0
2023,6,9,7,9.1501,1.5433843533722595,1.5433843533722595,0.0,7.918973454280275,3.0839428154953703,0.0,0.0
2023,6,9,8,9.1501,6.425026381784072,6.425026381784072,0.0,3.0373314258684623,0.0,0.0,0.0
2023,6,9,9,9.1501,16.320945031475624,9.462357807652534,0.0,0.0,0.0,6.85858722382309,0.0
2023,6,9,10,9.1501,19.662647760875384,9.462357807652534,0.0,0.0,0.0,10.20028995322285,0.0
2023,6,9,11,9.1501,38.504511320431696,9.462357807652534,0.0,0.0,0.0,29.042153512779162,0.0
2023,6,9,12,9.1501,53.73337411972204,9.462357807652534,0.0,0.0,0.0,44.271016312069506,0.0
2023,6,9,13,9.1501,58.05950113255066,9.462357807652534,0.0,0.0,0.0,48.59714332489813,0.0
2023,6,9,14,9.1501,56.456689591464844,40.20471320138172,30.74235539372919,0.0,28.763823242686236,16.251976390083122,0.0
2023,6,9,15,9.1501,45.59529445732557,45.59529445732557,36.13293664967304,0.0,62.57129796996023,0.0,0.0
2023,6,9,16,9.1501,40.338141503651315,40.338141503651315,30.87578369599878,0.0,91.45996226834635,0.0,0.0
2023,6,9,17,9.1501,30.54212943040573,30.54212943040573,21.079771622753196,0.0,111.18307122299547,0.0,0.0
2023,6,9,18,9.1501,15.91184482620117,15.91184482620117,6.449487018548636,0.0,117.21747887431593,0.0,0.0
2023,6,9,19,9.1501,6.934033163504499,6.934033163504499,0.0,2.528324644148035,114.6503541426674,0.0,0.0
2023,6,9,20,9.1501,2.132488648967475,2.132488648967475,0.0,7.329869158685059,107.20799960146533,0.0,0.0
2023,6,9,21,9.1501,0.07320740515437615,0.07320740515437615,0.0,9.389150402498158,97.67476174642606,0.0,0.0
2023,6,9,22,9.1501,0.0,0.0,0.0,9.462357807652534,88.0671930333039,0.0,0.0
2023,6,9,23,9.1501,0.0,0.0,0.0,9.462357807652534,78.45962432018173,0.0,0.0
2023,6,10,0,9.1501,0.0,0.0,0.0,9.462357807652534,68.85205560705957,0.0,0.0
2023,6,10,1,9.1501,0.0,0.0,0.0,9.462357807652534,59.244486893937406,0.0,0.0
2023,6,10,2,9.1501,0.0,0.0,0.0,9.462357807652534,49.63691818081524,0.0,0.0
2023,6,10,3,9.1501,0.0,0.0,0.0,9.462357807652534,40.02934946769308,0.0,0.0
2023,6,10,4,9.1501,0.0,0.0,0.0,9.462357807652534,30.421780754570925,0.0,0.0
2023,6,10,5,9.1501,0.0,0.0,0.0,9.462357807652534,20.814212041448766,0.0,0.0
2023,6,10,6,9.1501,0.0,0.0,0.0,9.462357807652534,11.206643328326606,0.0,0.0
2023,6,10,7,9.1501,1.826740074499198,1.826740074499198,0.0,7.635617733153336,3.4538481445431093,0.0,0.0
2023,6,10,8,9.1501,6.060711883192294,6.060711883192294,0.0,3.40164592446024,0.0,0.0,0.0
2023,6,10,9,9.1501,19.347425286916533,9.462357807652534,0.0,0.0,0.0,9.885067479263999,0.0
2023,6,10,10,9.1501,32.2379574392171,9.462357807652534,0.0,0.0,0.0,22.775599631564564,0.0
2023,6,10,11,9.1501,42.685946050131655,9.462357807652534,0.0,0.0,0.0,33.223588242479124,0.0
2023,6,10,12,9.1501,52.64043062394672,9.462357807652534,0.0,0.0,0.0,43.17807281629419,0.0
2023,6,10,13,9.1501,64.68778572158688,9.462357807652534,0.0,0.0,0.0,55.22542791393434,0.0
2023,6,10,14,9.1501,65.49737349623527,29.718725248328575,20.25636744067604,0.0,18.952697837894327,35.778648247906695,0.0
2023,6,10,15,9.1501,54.116636417294956,54.116636417294956,44.65427860964242,0.0,60.73309366336892,0.0,0.0
2023,6,10,16,9.1501,41.33290095016078,41.33290095016078,31.870543142508243,0.0,90.55249617364322,0.0,0.0
2023,6,10,17,9.1501,25.01626223663541,25.01626223663541,15.553904428982875,0.0,105.10537450710223,0.0,0.0
2023,6,10,18,9.1501,18.061558746969673,18.061558746969673,8.59920093931714,0.0,113.15114369684079,0.0,0.0
2023,6,10,19,9.1501,8.250905192693217,8.250905192693217,0.0,1.2114526149593166,111.92109993000075,0.0,0.0
2023,6,10,20,9.1501,2.7620723332951096,2.7620723332951096,0.0,6.7002854743574245,105.11799076831144,0.0,0.0
2023,6,10,21,9.1501,0.05167581540308905,0.05167581540308905,0.0,9.410681992249446,95.56289089618896,0.0,0.0
2023,6,10,22,9.1501,0.0,0.0,0.0,9.462357807652534,85.9553221830668,0.0,0.0
2023,6,10,23,9.1501,0.0,0.0,0.0,9.462357807652534,76.34775346994464,0.0,0.0
2023,6,11,0,9.1501,0.0,0.0,0.0,9.462357807652534,66.74018475682247,0.0,0.0
2023,6,11,1,9.1501,0.0,0.0,0.0,9.462357807652534,57.13261604370031,0.0,0.0
2023,6,11,2,9.1501,0.0,0.0,0.0,9.462357807652534,47.52504733057815,0.0,0.0
2023,6,11,3,9.1501,0.0,0.0,0.0,9.462357807652534,37.91747861745599,0.0,0.0
2023,6,11,4,9.1501,0.0,0.0,0.0,9.462357807652534,28.309909904333832,0.0,0.0
2023,6,11,5,9.1501,0.0,0.0,0.0,9.462357807652534,18.702341191211673,0.0,0.0
2023,6,11,6,9.1501,0.0,0.0,0.0,9.462357807652534,9.094772478089515,0.0,0.0
2023,6,11,7,9.1501,2.1514364479486074,2.1514364479486074,0.0,7.310921359703926,1.6716565119206703,0.0,0.0
2023,6,11,8,9.1501,7.815967079717218,7.815967079717218,0.0,1.6463907279353156,0.0,0.0,0.0
2023,6,11,9,9.1501,19.88054744915841,9.462357807652534,0.0,0.0,0.0,10.418189641505876,0.0
2023,6,11,10,9.1501,29.26487552635938,9.462357807652534,0.0,0.0,0.0,19.802517718706845,0.0
2023,6,11,11,9.1501,38.046319090524314,9.462357807652534,0.0,0.0,0.0,28.58396128287178,0.0
2023,6,11,12,9.1501,47.1197310117167,19.424075851242964,9.961718043590428,0.0,9.320596724926318,27.695655160473738,0.0
2023,6,11,13,9.1501,45.404955203924196,45.404955203924196,35.942597396271665,0.0,42.94998214931954,0.0,0.0
2023,6,11,14,9.1501,49.30647926685742,49.30647926685742,39.844121459204885,0.0,80.22979536579369,0.0,0.0
2023,6,11,15,9.1501,33.770145365918694,33.770145365918694,24.30778755826616,0.0,102.97316996386873,0.0,0.0
2023,6,11,16,9.1501,19.443886809002304,19.443886809002304,9.98152900134977,0.0,112.31230264285452,0.0,0.0
2023,6,11,17,9.1501,16.27099174325263,16.27099174325263,6.808633935600096,0.0,118.68274305119435,0.0,0.0
2023,6,11,18,9.1501,10.82263827258695,10.82263827258695,1.3602804649344158,0.0,119.95547789381587,0.0,0.0
2023,6,11,19,9.1501,4.341629757449523,4.341629757449523,0.0,5.120728050203011,114.75616630535009,0.0,0.0
2023,6,11,20,9.1501,1.6949667452213208,1.6949667452213208,0.0,7.767391062431213,106.86957557701741,0.0,0.0
2023,6,11,21,9.1501,0.0,0.0,0.0,9.462357807652534,97.26200686389525,0.0,0.0
2023,6,11,22,9.1501,0.0,0.0,0.0,9.462357807652534,87.65443815077309,0.0,0.0
2023,6,11,23,9.1501,0.0,0.0,0.0,9.462357807652534,78.04686943765093,0.0,0.0
2023,6,12,0,9.1501,0.0,0.0,0.0,9.462357807652534,68.43930072452876,0.0,0.0
2023,6,12,1,9.1501,0.0,0.0,0.0,9.462357807652534,58.8317320114066,0.0,0.0
2023,6,12,2,9.1501,0.0,0.0,0.0,9.462357807652534,49.22416329828444,0.0,0.0
2023,6,12,3,9.1501,0.0,0.0,0.0,9.462357807652534,39.616594585162275,0.0,0.0
2023,6,12,4,9.1501,0.0,0.0,0.0,9.462357807652534,30.009025872040116,0.0,0.0
2023,6,12,5,9.1501,0.0,0.0,0.0,9.462357807652534,20.401457158917957,0.0,0.0
2023,6,12,6,9.1501,0.0,0.0,0.0,9.462357807652534,10.793888445795798,0.0,0.0
2023,6,12,7,9.1501,1.8413815555300732,1.8413815555300732,0.0,7.620976252122461,3.055959433628875,0.0,0.0
2023,6,12,8,9.1501,6.452586816665719,6.452586816665719,0.0,3.009770990986815,0.0,0.0,0.0
2023,6,12,9,9.1501,13.726819098240554,9.462357807652534,0.0,0.0,0.0,4.26446129058802,0.0
2023,6,12,10,9.1501,14.289224222544174,9.462357807652534,0.0,0.0,0.0,4.82686641489164,0.0
2023,6,12,11,9.1501,20.696164068937165,9.462357807652534,0.0,0.0,0.0,11.23380626128463,0.0
2023,6,12,12,9.1501,32.98036665384148,30.08430775624955,20.621949948597017,0.0,19.29475200075141,2.896058897591928,0.0
2023,6,12,13,9.1501,30.705769512515513,30.705769512515513,21.24341170486298,0.0,39.17096940584102,0.0,0.0
2023,6,12,14,9.1501,37.853396046352785,37.853396046352785,28.39103823870025,0.0,65.7348027593809,0.0,0.0
2023,6,12,15,9.1501,35.31180719211085,35.31180719211085,25.849449384458314,0.0,89.9206201273952,0.0,0.0
2023,6,12,16,9.1501,28.258058389589195,28.258058389589195,18.79570058193666,0.0,107.50665744747509,0.0,0.0
2023,6,12,17,9.1501,20.52046629656666,20.52046629656666,11.058108488914126,0.0,117.8530825635693,0.0,0.0
2023,6,12,18,9.1501,9.57466733060235,9.57466733060235,0.11230952294981662,0.0,117.95816401309473,0.0,0.0
2023,6,12,19,9.1501,5.807500387717158,5.807500387717158,0.0,3.654857419935376,114.24721854765319,0.0,0.0
2023,6,12,20,9.1501,1.6596549380292098,1.6596549380292098,0.0,7.802702869623324,106.32477411130407,0.0,0.0
2023,6,12,21,9.1501,0.037895597962265305,0.037895597962265305,0.0,9.424462209690269,96.75568254824834,0.0,0.0
2023,6,12,22,9.1501,0.0,0.0,0.0,9.462357807652534,87.14811383512618,0.0,0.0
2023,6,12,23,9.1501,0.0,0.0,0.0,9.462357807652534,77.54054512200402,0.0,0.0
2023,6,13,0,9.1501,0.0,0.0,0.0,9.462357807652534,67.93297640888186,0.0,0.0
2023,6,13,1,9.1501,0.0,0.0,0.0,9.462357807652534,58.325407695759694,0.0,0.0
2023,6,13,2,9.1501,0.0,0.0,0.0,9.462357807652534,48.71783898263753,0.0,0.0
2023,6,13,3,9.1501,0.0,0.0,0.0,9.462357807652534,39.11027026951537,0.0,0.0
2023,6,13,4,9.1501,0.0,0.0,0.0,9.462357807652534,29.50270155639321,0.0,0.0
2023,6,13,5,9.1501,0.0,0.0,0.0,9.462357807652534,19.89513284327105,0.0,0.0
2023,6,13,6,9.1501,0.0,0.0,0.0,9.462357807652534,10.28756413014889,0.0,0.0
2023,6,13,7,9.1501,1.5184077092607666,1.5184077092607666,0.0,7.943950098391768,2.2217048617339747,0.0,0.0
2023,6,13,8,9.1501,7.274232281574835,7.274232281574835,0.0,2.188125526077699,0.0,0.0,0.0
2023,6,13,9,9.1501,14.926559279182271,9.462357807652534,0.0,0.0,0.0,5.464201471529737,0.0
2023,6,13,10,9.1501,21.677143298005806,9.462357807652534,0.0,0.0,0.0,12.214785490353272,0.0
2023,6,13,11,9.1501,37.55539884419497,9.462357807652534,0.0,0.0,0.0,28.093041036542434,0.0
2023,6,13,12,9.1501,35.53918077988444,33.39351098680502,23.93115317915248,0.0,22.39097984597499,2.1456697930794206,0.0
2023,6,13,13,9.1501,39.90492591785541,39.90492591785541,30.442568110202874,0.0,50.87430966766867,0.0,0.0
2023,6,13,14,9.1501,39.14701395861011,39.14701395861011,29.684656150957576,0.0,78.64850561363802,0.0,0.0
2023,6,13,15,9.1501,17.16498334972608,17.16498334972608,7.702625542073545,0.0,85.8554016617527,0.0,0.0
2023,6,13,16,9.1501,25.69149289123577,25.69149289123577,16.229135083583238,0.0,101.0400538117661,0.0,0.0
2023,6,13,17,9.1501,18.634299034353912,18.634299034353912,9.171941226701378,0.0,109.62170257804635,0.0,0.0
2023,6,13,18,9.1501,17.749781327371036,17.749781327371036,8.287423519718502,0.0,117.37575987799832,0.0,0.0
2023,6,13,19,9.1501,6.095162426794353,6.095162426794353,0.0,3.3671953808581807,113.95689096078833,0.0,0.0
2023,6,13,20,9.1501,2.2857935679966306,2.2857935679966306,0.0,7.176564239655903,106.67019398121865,0.0,0.0
2023,6,13,21,9.1501,0.039618125142368274,0.039618125142368274,0.0,9.422739682510166,97.10285137952957,0.0,0.0
2023,6,13,22,9.1501,0.0,0.0,0.0,9.462357807652534,87.4952826664074,0.0,0.0
2023,6,13,23,9.1501,0.0,0.0,0.0,9.462357807652534,77.88771395328524,0.0,0.0
2023,6,14,0,9.1501,0.0,0.0,0.0,9.462357807652534,68.28014524016308,0.0,0.0
2023,6,14,1,9.1501,0.0,0.0,0.0,9.462357807652534,58.67257652704092,0.0,0.0
2023,6,14,2,9.1501,0.0,0.0,0.0,9.462357807652534,49.065007813918754,0.0,0.0
2023,6,14,3,9.1501,0.0,0.0,0.0,9.462357807652534,39.45743910079659,0.0,0.0
2023,6,14,4,9.1501,0.0,0.0,0.0,9.462357807652534,29.84987038767443,0.0,0.0
2023,6,14,5,9.1501,0.0,0.0,0.0,9.462357807652534,20.24230167455227,0.0,0.0
2023,6,14,6,9.1501,0.0,0.0,0.0,9.462357807652534,10.63473296143011,0.0,0.0
2023,6,14,7,9.1501,1.576112369794216,1.576112369794216,0.0,7.886245437858318,2.627463898798169,0.0,0.0
2023,6,14,8,9.1501,6.874605975790939,6.874605975790939,0.0,2.5877518318615955,0.0,0.0,0.0
2023,6,14,9,9.1501,13.353030700158202,9.462357807652534,0.0,0.0,0.0,3.890672892505668,0.0
2023,6,14,10,9.1501,23.220527651378067,9.462357807652534,0.0,0.0,0.0,13.758169843725533,0.0
2023,6,14,11,9.1501,31.52741497742463,9.462357807652534,0.0,0.0,0.0,22.065057169772096,0.0
2023,6,14,12,9.1501,45.92515841231529,9.462357807652534,0.0,0.0,0.0,36.46280060466276,0.0
2023,6,14,13,9.1501,48.67517305534968,9.462357807652534,0.0,0.0,0.0,39.21281524769715,0.0
2023,6,14,14,9.1501,46.87513215214207,40.78484222377537,31.322484416122837,0.0,29.30661602626999,6.090289928366701,0.0
2023,6,14,15,9.1501,39.77315258857754,39.77315258857754,30.310794780925004,0.0,57.66665325366161,0.0,0.0
2023,6,14,16,9.1501,42.411202964905236,42.411202964905236,32.9488451572527,0.0,88.49495986894371,0.0,0.0
2023,6,14,17,9.1501,30.000394632263344,30.000394632263344,20.53803682461081,0.0,107.71119926923987,0.0,0.0
2023,6,14,18,9.1501,16.721432600849564,16.721432600849564,7.25907479319703,0.0,114.50309083326587,0.0,0.0
2023,6,14,19,9.1501,7.09767324561428,7.09767324561428,0.0,2.3646845620382537,112.10211743144966,0.0,0.0
2023,6,14,20,9.1501,2.900735771293399,2.900735771293399,0.0,6.561622036359135,105.43979965977616,0.0,0.0
2023,6,14,21,9.1501,0.054259606173243505,0.054259606173243505,0.0,9.40809820147929,95.88732322970365,0.0,0.0
2023,6,14,22,9.1501,0.0,0.0,0.0,9.462357807652534,86.27975451658149,0.0,0.0
2023,6,14,23,9.1501,0.0,0.0,0.0,9.462357807652534,76.67218580345933,0.0,0.0
2023,6,15,0,9.1501,0.0,0.0,0.0,9.462357807652534,67.06461709033717,0.0,0.0
2023,6,15,1,9.1501,0.0,0.0,0.0,9.462357807652534,57.457048377215,0.0,0.0
2023,6,15,2,9.1501,0.0,0.0,0.0,9.462357807652534,47.84947966409284,0.0,0.0
2023,6,15,3,9.1501,0.0,0.0,0.0,9.462357807652534,38.24191095097068,0.0,0.0
2023,6,15,4,9.1501,0.0,0.0,0.0,9.462357807652534,28.634342237848518,0.0,0.0
2023,6,15,5,9.1501,0.0,0.0,0.0,9.462357807652534,19.02677352472636,0.0,0.0
2023,6,15,6,9.1501,0.011196426670669293,0.011196426670669293,0.0,9.451161380981866,9.430573060487465,0.0,0.0
2023,6,15,7,9.1501,2.3650298182813754,2.3650298182813754,0.0,7.097327989371159,2.224328303783958,0.0,0.0
2023,6,15,8,9.1501,7.271648490804681,7.271648490804681,0.0,2.190709316847853,0.0,0.0,0.0
2023,6,15,9,9.1501,19.702265886017752,9.462357807652534,0.0,0.0,0.0,10.239908078365218,0.0
2023,6,15,10,9.1501,26.798216604451927,9.462357807652534,0.0,0.0,0.0,17.335858796799393,0.0
2023,6,15,11,9.1501,42.59981969112651,9.462357807652534,0.0,0.0,0.0,33.137461883473975,0.0
2023,6,15,12,9.1501,52.730863300902115,9.462357807652534,0.0,0.0,0.0,43.26850549324958,0.0
2023,6,15,13,9.1501,58.74937326818189,9.462357807652534,0.0,0.0,0.0,49.28701546052936,0.0
2023,6,15,14,9.1501,63.15818158565544,9.462357807652534,0.0,0.0,0.0,53.695823778002904,0.0
2023,6,15,15,9.1501,59.23857098733112,45.13572288056927,35.67336507291674,0.0,33.37748049189808,14.102848106761854,0.0
2023,6,15,16,9.1501,50.972163050016995,50.972163050016995,41.509805242364465,0.0,72.2157765670664,0.0,0.0
2023,6,15,17,9.1501,40.83336806793091,40.83336806793091,31.37101026027838,0.0,101.56779538652239,0.0,0.0
2023,6,15,18,9.1501,24.761328213980168,24.761328213980168,15.298970406327633,0.0,115.88214687087411,0.0,0.0
2023,6,15,19,9.1501,7.333659469288388,7.333659469288388,0.0,2.1286983383641465,113.72078117628976,0.0,0.0
2023,6,15,20,9.1501,2.207418581301954,2.207418581301954,0.0,7.25493922635058,106.35450645453723,0.0,0.0
2023,6,15,21,9.1501,0.11024173952658999,0.11024173952658999,0.0,9.352116068125945,96.85887126888105,0.0,0.0
2023,6,15,22,9.1501,0.0,0.0,0.0,9.462357807652534,87.25130255575888,0.0,0.0
2023,6,15,23,9.1501,0.0,0.0,0.0,9.462357807652534,77.64373384263672,0.0,0.0
2023,6,16,0,9.1501,0.0,0.0,0.0,9.462357807652534,68.03616512951456,0.0,0.0
2023,6,16,1,9.1501,0.0,0.0,0.0,9.462357807652534,58.428596416392395,0.0,0.0
2023,6,16,2,9.1501,0.0,0.0,0.0,9.462357807652534,48.82102770327023,0.0,0.0
2023,6,16,3,9.1501,0.0,0.0,0.0,9.462357807652534,39.21345899014807,0.0,0.0
2023,6,16,4,9.1501,0.0,0.0,0.0,9.462357807652534,29.605890277025914,0.0,0.0
2023,6,16,5,9.1501,0.0,0.0,0.0,9.462357807652534,19.998321563903755,0.0,0.0
2023,6,16,6,9.1501,0.019809062571184137,0.019809062571184137,0.0,9.44254874508135,10.410865906498138,0.0,0.0
2023,6,16,7,9.1501,2.290961149536948,2.290961149536948,0.0,7.171396658115586,3.1294158110284265,0.0,0.0
2023,6,16,8,9.1501,6.380240675101394,6.380240675101394,0.0,3.08211713255114,0.0,0.0,0.0
2023,6,16,9,9.1501,22.253328639750247,9.462357807652534,0.0,0.0,0.0,12.790970832097713,0.0
2023,6,16,10,9.1501,40.7997787879189,9.462357807652534,0.0,0.0,0.0,31.33742098026637,0.0
2023,6,16,11,9.1501,51.78261208825543,9.462357807652534,0.0,0.0,0.0,42.320254280602896,0.0
2023,6,16,12,9.1501,54.87885469449052,9.462357807652534,0.0,0.0,0.0,45.41649688683799,0.0
2023,6,16,13,9.1501,55.57992325679243,9.462357807652534,0.0,0.0,0.0,46.1175654491399,0.0
2023,6,16,14,9.1501,58.54439253374963,9.462357807652534,0.0,0.0,0.0,49.08203472609709,0.0
2023,6,16,15,9.1501,60.71649930785948,43.16763414020175,33.70527633254922,0.0,31.53605500810449,17.54886516765773,0.0
2023,6,16,16,9.1501,52.91689623635324,52.91689623635324,43.45453842870071,0.0,72.19392414166546,0.0,0.0
2023,6,16,17,9.1501,39.713725400863986,39.713725400863986,30.25136759321145,0.0,100.49835882652869,0.0,0.0
2023,6,16,18,9.1501,23.63824049255303,23.63824049255303,14.175882684900497,0.0,113.7619028404889,0.0,0.0
2023,6,16,19,9.1501,9.971709845616083,9.971709845616083,0.5093520379635487,0.0,114.23847374081991,0.0,0.0
2023,6,16,20,9.1501,2.522641055260797,2.522641055260797,0.0,6.939716752391737,107.19225894916543,0.0,0.0
2023,6,16,21,9.1501,0.2006744164819958,0.2006744164819958,0.0,9.261683391170537,97.7884442352587,0.0,0.0
2023,6,16,22,9.1501,0.0,0.0,0.0,9.462357807652534,88.18087552213653,0.0,0.0
2023,6,16,23,9.1501,0.0,0.0,0.0,9.462357807652534,78.57330680901437,0.0,0.0
2023,6,17,0,9.1501,0.0,0.0,0.0,9.462357807652534,68.9657380958922,0.0,0.0
2023,6,17,1,9.1501,0.0,0.0,0.0,9.462357807652534,59.35816938277004,0.0,0.0
2023,6,17,2,9.1501,0.0,0.0,0.0,9.462357807652534,49.75060066964788,0.0,0.0
2023,6,17,3,9.1501,0.0,0.0,0.0,9.462357807652534,40.14303195652572,0.0,0.0
2023,6,17,4,9.1501,0.0,0.0,0.0,9.462357807652534,30.535463243403562,0.0,0.0
2023,6,17,5,9.1501,0.0,0.0,0.0,9.462357807652534,20.927894530281403,0.0,0.0
2023,6,17,6,9.1501,0.0051675815403089045,0.0051675815403089045,0.0,9.457190226112225,11.325572701259212,0.0,0.0
2023,6,17,7,9.1501,1.7311398160034832,1.7311398160034832,0.0,7.731217991649051,3.475710161626308,0.0,0.0
2023,6,17,8,9.1501,6.0391802934410075,6.0391802934410075,0.0,3.4231775142115266,0.0,0.0,0.0
2023,6,17,9,9.1501,23.14732024622369,9.462357807652534,0.0,0.0,0.0,13.684962438571155,0.0
2023,6,17,10,9.1501,40.37086952007327,9.462357807652534,0.0,0.0,0.0,30.908511712420736,0.0
2023,6,17,11,9.1501,53.34925055855908,9.462357807652534,0.0,0.0,0.0,43.88689275090654,0.0
2023,6,17,12,9.1501,61.06789485260048,9.462357807652534,0.0,0.0,0.0,51.60553704494795,0.0
2023,6,17,13,9.1501,61.516613183017306,9.462357807652534,0.0,0.0,0.0,52.054255375364775,0.0
2023,6,17,14,9.1501,64.30280089683386,9.462357807652534,0.0,0.0,0.0,54.84044308918132,0.0
2023,6,17,15,9.1501,58.689084816878285,52.867358562458406,43.405000754805876,0.0,40.611519630488885,5.821726254419879,0.0
2023,6,17,16,9.1501,50.575981798593304,50.575981798593304,41.113623990940766,0.0,79.07913208880129,0.0,0.0
2023,6,17,17,9.1501,37.6630567929514,37.6630567929514,28.200698985298867,0.0,105.46487613946039,0.0,0.0
2023,6,17,18,9.1501,20.092418292311073,20.092418292311073,10.63006048465854,0.0,115.4108017825603,0.0,0.0
2023,6,17,19,9.1501,6.425887645374123,6.425887645374123,0.0,3.0364701622784103,112.32773344774826,0.0,0.0
2023,6,17,20,9.1501,3.0712659621235923,3.0712659621235923,0.0,6.391091845528941,105.83856285137371,0.0,0.0
2023,6,17,21,9.1501,0.003445054360205937,0.0,0.0,9.462357807652534,96.23099413825155,0.003445054360205937,0.0
2023,6,17,22,9.1501,0.0,0.0,0.0,9.462357807652534,86.62342542512938,0.0,0.0
2023,6,17,23,9.1501,0.0,0.0,0.0,9.462357807652534,77.01585671200722,0.0,0.0
2023,6,18,0,9.1501,0.0,0.0,0.0,9.462357807652534,67.40828799888506,0.0,0.0
2023,6,18,1,9.1501,0.0,0.0,0.0,9.462357807652534,57.800719285762895,0.0,0.0
2023,6,18,2,9.1501,0.0,0.0,0.0,9.462357807652534,48.19315057264073,0.0,0.0
2023,6,18,3,9.1501,0.0,0.0,0.0,9.462357807652534,38.58558185951858,0.0,0.0
2023,6,18,4,9.1501,0.0,0.0,0.0,9.462357807652534,28.978013146396417,0.0,0.0
2023,6,18,5,9.1501,0.0,0.0,0.0,9.462357807652534,19.37044443327426,0.0,0.0
2023,6,18,6,9.1501,0.0,0.0,0.0,9.462357807652534,9.762875720152099,0.0,0.0
2023,6,18,7,9.1501,2.0515298715026353,2.0515298715026353,0.0,7.410827936149898,2.238319994717206,0.0,0.0
2023,6,18,8,9.1501,7.257868273363857,7.257868273363857,0.0,2.204489534288677,0.0,0.0,0.0
2023,6,18,9,9.1501,14.65870630267626,9.462357807652534,0.0,0.0,0.0,5.1963484950237255,0.0
2023,6,18,10,9.1501,26.501941929474217,9.462357807652534,0.0,0.0,0.0,17.039584121821683,0.0
2023,6,18,11,9.1501,47.55897544264296,9.462357807652534,0.0,0.0,0.0,38.09661763499042,0.0
2023,6,18,12,9.1501,53.90734936491244,9.462357807652534,0.0,0.0,0.0,44.44499155725991,0.0
2023,6,18,13,9.1501,58.352330753168154,9.462357807652534,0.0,0.0,0.0,48.88997294551562,0.0
2023,6,18,14,9.1501,61.09373276030203,51.682432512419894,42.220074704767356,0.0,39.50285365410392,9.411300247882139,0.0
2023,6,18,15,9.1501,46.56507725972354,46.56507725972354,37.102719452071,0.0,74.21769740872517,0.0,0.0
2023,6,18,16,9.1501,37.15749506559118,37.15749506559118,27.695137257938644,0.0,100.13041693091816,0.0,0.0
2023,6,18,17,9.1501,30.31992342417245,30.31992342417245,20.857565616519917,0.0,119.64562072654812,0.0,0.0
2023,6,18,18,9.1501,14.953258450473868,14.953258450473868,5.490900642821334,0.0,124.78313519186725,0.0,0.0
2023,6,18,19,9.1501,6.195930266830377,6.195930266830377,0.0,3.266427540822157,121.46658051460663,0.0,0.0
2023,6,18,20,9.1501,1.1377292024580106,1.1377292024580106,0.0,8.324628605194523,113.01420078416075,0.0,0.0
2023,6,18,21,9.1501,0.036173070782153725,0.036173070782153725,0.0,9.42618473687038,103.44336025973836,0.0,0.0
2023,6,18,22,9.1501,0.0,0.0,0.0,9.462357807652534,93.83579154661619,0.0,0.0
2023,6,18,23,9.1501,0.0,0.0,0.0,9.462357807652534,84.22822283349403,0.0,0.0
2023,6,19,0,9.1501,0.0,0.0,0.0,9.462357807652534,74.62065412037187,0.0,0.0
2023,6,19,1,9.1501,0.0,0.0,0.0,9.462357807652534,65.0130854072497,0.0,0.0
2023,6,19,2,9.1501,0.0,0.0,0.0,9.462357807652534,55.40551669412754,0.0,0.0
2023,6,19,3,9.1501,0.0,0.0,0.0,9.462357807652534,45.79794798100538,0.0,0.0
2023,6,19,4,9.1501,0.0,0.0,0.0,9.462357807652534,36.190379267883216,0.0,0.0
2023,6,19,5,9.1501,0.0,0.0,0.0,9.462357807652534,26.582810554761057,0.0,0.0
2023,6,19,6,9.1501,0.0,0.0,0.0,9.462357807652534,16.975241841638898,0.0,0.0
2023,6,19,7,9.1501,2.458907549596987,2.458907549596987,0.0,7.003450258055547,9.864315479418146,0.0,0.0
2023,6,19,8,9.1501,2.8016904584374784,2.8016904584374784,0.0,6.660667349215055,3.1014324291619304,0.0,0.0
2023,6,19,9,9.1501,6.407801109983041,6.407801109983041,0.0,3.0545566976694922,0.0,0.0,0.0
2023,6,19,10,9.1501,17.549968174479094,9.462357807652534,0.0,0.0,0.0,8.08761036682656,0.0
2023,6,19,11,9.1501,36.49346083766149,9.462357807652534,0.0,0.0,0.0,27.031103030008953,0.0
2023,6,19,12,9.1501,52.02721094783006,9.462357807652534,0.0,0.0,0.0,42.56485314017753,0.0
2023,6,19,13,9.1501,59.069763323681045,9.462357807652534,0.0,0.0,0.0,49.60740551602851,0.0
2023,6,19,14,9.1501,48.41937776910439,27.535417841703065,18.07306003405053,0.0,16.909904840275352,20.883959927401328,0.0
2023,6,19,15,9.1501,42.3922551659241,42.3922551659241,32.92989735827157,0.0,47.72048310866435,0.0,0.0
2023,6,19,16,9.1501,45.3532793885211,45.3532793885211,35.89092158086857,0.0,81.30151849607635,0.0,0.0
2023,6,19,17,9.1501,35.080127286387004,35.080127286387004,25.61776947873447,0.0,105.27056653162492,0.0,0.0
2023,6,19,18,9.1501,19.058901984249292,19.058901984249292,9.59654417659676,0.0,114.24949143510074,0.0,0.0
2023,6,19,19,9.1501,8.457608454305573,8.457608454305573,0.0,1.004749353346961,113.22932303225942,0.0,0.0
2023,6,19,20,9.1501,2.753459697394595,2.753459697394595,0.0,6.708898110257939,106.41746906373683,0.0,0.0
2023,6,19,21,9.1501,0.12574448414751668,0.12574448414751668,0.0,9.336613323505018,96.93757453038056,0.0,0.0
2023,6,19,22,9.1501,0.0,0.0,0.0,9.462357807652534,87.3300058172584,0.0,0.0
2023,6,19,23,9.1501,0.0,0.0,0.0,9.462357807652534,77.72243710413623,0.0,0.0
2023,6,20,0,9.1501,0.0,0.0,0.0,9.462357807652534,68.11486839101407,0.0,0.0
2023,6,20,1,9.1501,0.0,0.0,0.0,9.462357807652534,58.50729967789191,0.0,0.0
2023,6,20,2,9.1501,0.0,0.0,0.0,9.462357807652534,48.899730964769745,0.0,0.0
2023,6,20,3,9.1501,0.0,0.0,0.0,9.462357807652534,39.29216225164759,0.0,0.0
2023,6,20,4,9.1501,0.0,0.0,0.0,9.462357807652534,29.68459353852543,0.0,0.0
2023,6,20,5,9.1501,0.0,0.0,0.0,9.462357807652534,20.07702482540327,0.0,0.0
2023,6,20,6,9.1501,0.0,0.0,0.0,9.462357807652534,10.469456112281113,0.0,0.0
2023,6,20,7,9.1501,1.6803252641904456,1.6803252641904456,0.0,7.782032543462089,2.567999212331857,0.0,0.0
2023,6,20,8,9.1501,6.933171899914448,6.933171899914448,0.0,2.529185907738086,0.0,0.0,0.0
2023,6,20,9,9.1501,16.208980764768924,9.462357807652534,0.0,0.0,0.0,6.74662295711639,0.0
2023,6,20,10,9.1501,31.683303687223944,9.462357807652534,0.0,0.0,0.0,22.22094587957141,0.0
2023,6,20,11,9.1501,48.38492722550233,9.462357807652534,0.0,0.0,0.0,38.9225694178498,0.0
2023,6,20,12,9.1501,50.860198783310295,9.462357807652534,0.0,0.0,0.0,41.39784097565776,0.0
2023,6,20,13,9.1501,53.343221713428726,36.24197682077399,26.779619013121454,0.0,25.05612266641831,17.101244892654734,0.0
2023,6,20,14,9.1501,51.45619318762592,51.45619318762592,41.99383537997339,0.0,64.34729742131057,0.0,0.0
2023,6,20,15,9.1501,47.88022676173215,47.88022676173215,38.41786895407962,0.0,100.29264961710348,0.0,0.0
2023,6,20,16,9.1501,27.34167392977441,27.34167392977441,17.879316122121875,0.0,117.02127961471668,0.0,0.0
2023,6,20,17,9.1501,18.501664441485975,18.501664441485975,9.03930663383344,0.0,125.47882995274516,0.0,0.0
2023,6,20,18,9.1501,10.615935010974594,10.615935010974594,1.15357720332206,0.0,126.55816464744186,0.0,0.0
2023,6,20,19,9.1501,5.6447215691974275,5.6447215691974275,0.0,3.8176362384551066,122.68194233285134,0.0,0.0
2023,6,20,20,9.1501,0.8414545274802999,0.8414545274802999,0.0,8.620903280172234,113.92874124734062,0.0,0.0
2023,6,20,21,9.1501,0.0,0.0,0.0,9.462357807652534,104.32117253421846,0.0,0.0
2023,6,20,22,9.1501,0.0,0.0,0.0,9.462357807652534,94.7136038210963,0.0,0.0
2023,6,20,23,9.1501,0.0,0.0,0.0,9.462357807652534,85.10603510797414,0.0,0.0
2023,6,21,0,9.1501,0.0,0.0,0.0,9.462357807652534,75.49846639485197,0.0,0.0
2023,6,21,1,9.1501,0.0,0.0,0.0,9.462357807652534,65.89089768172981,0.0,0.0
2023,6,21,2,9.1501,0.0,0.0,0.0,9.462357807652534,56.28332896860765,0.0,0.0
2023,6,21,3,9.1501,0.0,0.0,0.0,9.462357807652534,46.675760255485486,0.0,0.0
2023,6,21,4,9.1501,0.0,0.0,0.0,9.462357807652534,37.06819154236332,0.0,0.0
2023,6,21,5,9.1501,0.0,0.0,0.0,9.462357807652534,27.460622829241164,0.0,0.0
2023,6,21,6,9.1501,0.0,0.0,0.0,9.462357807652534,17.853054116119004,0.0,0.0
2023,6,21,7,9.1501,0.6338900022778924,0.6338900022778924,0.0,8.828467805374641,8.889103185926242,0.0,0.0
2023,6,21,8,9.1501,3.9428647152556944,3.9428647152556944,0.0,5.51949309239684,3.2849070410796095,0.0,0.0
2023,6,21,9,9.1501,11.745051577532088,11.745051577532088,2.2826937698795544,0.0,5.420690043815623,0.0,0.0
2023,6,21,10,9.1501,14.812011221705424,14.812011221705424,5.34965341405289,0.0,10.42604774138612,0.0,0.0
2023,6,21,11,9.1501,24.7802760129613,24.7802760129613,15.317918205308764,0.0,24.75812757263095,0.0,0.0
2023,6,21,12,9.1501,37.15663380200113,37.15663380200113,27.694275994348597,0.0,50.67004126087425,0.0,0.0
2023,6,21,13,9.1501,29.533589766455442,29.533589766455442,20.07123195880291,0.0,69.4495186604402,0.0,0.0
2023,6,21,14,9.1501,32.25173765665793,32.25173765665793,22.789379849005396,0.0,90.77220800521752,0.0,0.0
2023,6,21,15,9.1501,32.493752725462386,32.493752725462386,23.031394917809852,0.0,112.3213366898568,0.0,0.0
2023,6,21,16,9.1501,21.311967535823968,21.311967535823968,11.849609728171433,0.0,123.40832320571313,0.0,0.0
2023,6,21,17,9.1501,17.533604166268116,17.533604166268116,8.071246358615582,0.0,130.96011618429372,0.0,0.0
2023,6,21,18,9.1501,6.189901421700017,6.189901421700017,0.0,3.2724563859525166,127.6374401422498,0.0,0.0
2023,6,21,19,9.1501,1.744920033444307,1.744920033444307,0.0,7.717437774208227,119.80156929355014,0.0,0.0
2023,6,21,20,9.1501,0.4866139283790885,0.4866139283790885,0.0,8.975743879273445,110.6880821665083,0.0,0.0
2023,6,21,21,9.1501,0.0,0.0,0.0,9.462357807652534,101.08051345338613,0.0,0.0
2023,6,21,22,9.1501,0.0,0.0,0.0,9.462357807652534,91.47294474026397,0.0,0.0
2023,6,21,23,9.1501,0.0,0.0,0.0,9.462357807652534,81.8653760271418,0.0,0.0
2023,6,22,0,9.1501,0.0,0.0,0.0,9.462357807652534,72.25780731401964,0.0,0.0
2023,6,22,1,9.1501,0.0,0.0,0.0,9.462357807652534,62.65023860089748,0.0,0.0
2023,6,22,2,9.1501,0.0,0.0,0.0,9.462357807652534,53.04266988777532,0.0,0.0
2023,6,22,3,9.1501,0.0,0.0,0.0,9.462357807652534,43.435101174653155,0.0,0.0
2023,6,22,4,9.1501,0.0,0.0,0.0,9.462357807652534,33.82753246153099,0.0,0.0
2023,6,22,5,9.1501,0.0,0.0,0.0,9.462357807652534,24.219963748408837,0.0,0.0
2023,6,22,6,9.1501,0.0,0.0,0.0,9.462357807652534,14.612395035286678,0.0,0.0
2023,6,22,7,9.1501,1.4753445297581924,1.4753445297581924,0.0,7.987013277894342,6.502811732705361,0.0,0.0
2023,6,22,8,9.1501,4.102198479415219,4.102198479415219,0.0,5.360159328237315,1.060394514274408,0.0,0.0
2023,6,22,9,9.1501,8.417990329163205,8.417990329163205,0.0,1.0443674784893293,0.0,0.0,0.0
2023,6,22,10,9.1501,24.750131787309503,9.462357807652534,0.0,0.0,0.0,15.287773979656968,0.0
2023,6,22,11,9.1501,36.43144985917778,9.462357807652534,0.0,0.0,0.0,26.969092051525248,0.0
2023,6,22,12,9.1501,36.63470806642993,9.462357807652534,0.0,0.0,0.0,27.172350258777396,0.0
2023,6,22,13,9.1501,42.99600094255019,9.462357807652534,0.0,0.0,0.0,33.53364313489766,0.0
2023,6,22,14,9.1501,54.58602507387301,16.5606167706589,7.098258963006369,0.0,6.6414256008625685,38.02540830321411,0.0
2023,6,22,15,9.1501,45.969944118997965,45.969944118997965,36.507586311345435,0.0,40.799438096250285,0.0,0.0
2023,6,22,16,9.1501,49.04896145343202,49.04896145343202,39.58660364577948,0.0,77.8383069617681,0.0,0.0
2023,6,22,17,9.1501,36.72686327056544,36.72686327056544,27.264505462912904,0.0,103.34810950911772,0.0,0.0
2023,6,22,18,9.1501,21.193974423986923,21.193974423986923,11.731616616334389,0.0,114.32469677386696,0.0,0.0
2023,6,22,19,9.1501,7.290596289785814,7.290596289785814,0.0,2.1717615178667202,112.11960704511623,0.0,0.0
2023,6,22,20,9.1501,2.7362344255935653,2.7362344255935653,0.0,6.726123382058968,105.29026346292709,0.0,0.0
2023,6,22,21,9.1501,0.18861672622127504,0.18861672622127504,0.0,9.27374108143126,95.87420601945375,0.0,0.0
2023,6,22,22,9.1501,0.0,0.0,0.0,9.462357807652534,86.26663730633159,0.0,0.0
2023,6,22,23,9.1501,0.0,0.0,0.0,9.462357807652534,76.65906859320943,0.0,0.0
2023,6,23,0,9.1501,0.0,0.0,0.0,9.462357807652534,67.05149988008726,0.0,0.0
2023,6,23,1,9.1501,0.0,0.0,0.0,9.462357807652534,57.4439311669651,0.0,0.0
2023,6,23,2,9.1501,0.0,0.0,0.0,9.462357807652534,47.83636245384294,0.0,0.0
2023,6,23,3,9.1501,0.0,0.0,0.0,9.462357807652534,38.228793740720775,0.0,0.0
2023,6,23,4,9.1501,0.0,0.0,0.0,9.462357807652534,28.621225027598616,0.0,0.0
2023,6,23,5,9.1501,0.0,0.0,0.0,9.462357807652534,19.013656314476457,0.0,0.0
2023,6,23,6,9.1501,0.015502744620918102,0.015502744620918102,0.0,9.446855063031617,9.421828253654192,0.0,0.0
2023,6,23,7,9.1501,2.9282962061750464,2.9282962061750464,0.0,6.534061601477488,2.787493863847191,0.0,0.0
2023,6,23,8,9.1501,6.7169947388115165,6.7169947388115165,0.0,2.7453630688410176,0.0,0.0,0.0
2023,6,23,9,9.1501,20.22935920312926,9.462357807652534,0.0,0.0,0.0,10.767001395476726,0.0
2023,6,23,10,9.1501,38.969593659059505,9.462357807652534,0.0,0.0,0.0,29.50723585140697,0.0
2023,6,23,11,9.1501,54.848710468838725,9.462357807652534,0.0,0.0,0.0,45.386352661186194,0.0
2023,6,23,12,9.1501,64.3872047286589,9.462357807652534,0.0,0.0,0.0,54.92484692100636,0.0
2023,6,23,13,9.1501,68.08202552997977,9.462357807652534,0.0,0.0,0.0,58.619667722327236,0.0
2023,6,23,14,9.1501,67.94336209198148,9.462357807652534,0.0,0.0,0.0,58.48100428432895,0.0
2023,6,23,15,9.1501,63.57761695401051,39.13567704009718,29.673319232444644,0.0,27.763588654626638,24.44193991391333,0.0
2023,6,23,16,9.1501,54.30008556197592,54.30008556197592,44.83772775432338,0.0,69.7156271113845,0.0,0.0
2023,6,23,17,9.1501,42.95810534458792,42.95810534458792,33.49574753693539,0.0,101.05563828471769,0.0,0.0
2023,6,23,18,9.1501,25.94987196825122,25.94987196825122,16.487514160598685,0.0,116.48204061963712,0.0,0.0
2023,6,23,19,9.1501,7.872810476660607,7.872810476660607,0.0,1.5895473309919266,114.86809983281609,0.0,0.0
2023,6,23,20,9.1501,2.134211176147578,2.134211176147578,0.0,7.328146631504956,107.42749425298068,0.0,0.0
2023,6,23,21,9.1501,0.1472760738988038,0.1472760738988038,0.0,9.31508173375373,97.9694617367076,0.0,0.0
2023,6,23,22,9.1501,0.0,0.0,0.0,9.462357807652534,88.36189302358544,0.0,0.0
2023,6,23,23,9.1501,0.0,0.0,0.0,9.462357807652534,78.75432431046328,0.0,0.0
2023,6,24,0,9.1501,0.0,0.0,0.0,9.462357807652534,69.14675559734111,0.0,0.0
2023,6,24,1,9.1501,0.0,0.0,0.0,9.462357807652534,59.53918688421895,0.0,0.0
2023,6,24,2,9.1501,0.0,0.0,0.0,9.462357807652534,49.93161817109679,0.0,0.0
2023,6,24,3,9.1501,0.0,0.0,0.0,9.462357807652534,40.324049457974624,0.0,0.0
2023,6,24,4,9.1501,0.0,0.0,0.0,9.462357807652534,30.716480744852465,0.0,0.0
2023,6,24,5,9.1501,0.0,0.0,0.0,9.462357807652534,21.108912031730306,0.0,0.0
2023,6,24,6,9.1501,0.0051675815403089045,0.0051675815403089045,0.0,9.457190226112225,11.506590202708114,0.0,0.0
2023,6,24,7,9.1501,1.9111439063242435,1.9111439063242435,0.0,7.55121390132829,3.8394941258907607,0.0,0.0
2023,6,24,8,9.1501,5.680894639979581,5.680894639979581,0.0,3.7814631676729533,0.0,0.0,0.0
2023,6,24,9,9.1501,23.283399893451815,9.462357807652534,0.0,0.0,0.0,13.82104208579928,0.0
2023,6,24,10,9.1501,41.635204470268846,9.462357807652534,0.0,0.0,0.0,32.17284666261631,0.0
2023,6,24,11,9.1501,55.75734355634304,9.462357807652534,0.0,0.0,0.0,46.29498574869051,0.0
2023,6,24,12,9.1501,65.47325811571383,9.462357807652534,0.0,0.0,0.0,56.010900308061295,0.0
2023,6,24,13,9.1501,70.58916384061965,9.462357807652534,0.0,0.0,0.0,61.12680603296711,0.0
2023,6,24,14,9.1501,70.86390692584605,9.462357807652534,0.0,0.0,0.0,61.401549118193515,0.0
2023,6,24,15,9.1501,66.39567142065897,34.94145700895376,25.47909920130123,0.0,23.839302370389888,31.45421441170521,0.0
2023,6,24,16,9.1501,57.28350263791426,57.28350263791426,47.82114483026173,0.0,68.58274962886263,0.0,0.0
2023,6,24,17,9.1501,43.718601094603386,43.718601094603386,34.256243286950856,0.0,100.63431217976921,0.0,0.0
2023,6,24,18,9.1501,26.226337580657745,26.226337580657745,16.76397977300521,0.0,116.31938721253809,0.0,0.0
2023,6,24,19,9.1501,8.246598874742961,8.246598874742961,0.0,1.2157589329095728,115.08497104228141,0.0,0.0
2023,6,24,20,9.1501,2.087702942284789,2.087702942284789,0.0,7.374654865367745,107.59714350554628,0.0,0.0
2023,6,24,21,9.1501,0.1524436554391127,0.1524436554391127,0.0,9.309914152213421,98.14435787337318,0.0,0.0
2023,6,24,22,9.1501,0.0,0.0,0.0,9.462357807652534,88.53678916025102,0.0,0.0
2023,6,24,23,9.1501,0.0,0.0,0.0,9.462357807652534,78.92922044712886,0.0,0.0
2023,6,25,0,9.1501,0.0,0.0,0.0,9.462357807652534,69.32165173400669,0.0,0.0
2023,6,25,1,9.1501,0.0,0.0,0.0,9.462357807652534,59.71408302088453,0.0,0.0
2023,6,25,2,9.1501,0.0,0.0,0.0,9.462357807652534,50.10651430776237,0.0,0.0
2023,6,25,3,9.1501,0.0,0.0,0.0,9.462357807652534,40.49894559464021,0.0,0.0
2023,6,25,4,9.1501,0.0,0.0,0.0,9.462357807652534,30.891376881518052,0.0,0.0
2023,6,25,5,9.1501,0.0,0.0,0.0,9.462357807652534,21.283808168395893,0.0,0.0
2023,6,25,6,9.1501,0.0008612635900514843,0.0008612635900514843,0.0,9.461496544062483,11.677113935957063,0.0,0.0
2023,6,25,7,9.1501,1.8594680909211545,1.8594680909211545,0.0,7.602889716731379,3.95754901814003,0.0,0.0
2023,6,25,8,9.1501,5.564624055322639,5.564624055322639,0.0,3.897733752329895,0.0,0.0,0.0
2023,6,25,9,9.1501,23.330769390904646,9.462357807652534,0.0,0.0,0.0,13.868411583252112,0.0
2023,6,25,10,9.1501,41.33979105888119,9.462357807652534,0.0,0.0,0.0,31.877433251228656,0.0
2023,6,25,11,9.1501,55.69274878708917,9.462357807652534,0.0,0.0,0.0,46.230390979436635,0.0
2023,6,25,12,9.1501,65.2303817833193,9.462357807652534,0.0,0.0,0.0,55.768023975666765,0.0
2023,6,25,13,9.1501,69.71756508748754,9.462357807652534,0.0,0.0,0.0,60.255207279835005,0.0
2023,6,25,14,9.1501,67.94508461916158,9.462357807652534,0.0,0.0,0.0,58.48272681150904,0.0
2023,6,25,15,9.1501,64.31313605991447,40.794452489208034,31.332094681555496,0.0,29.315607789349947,23.518683570706436,0.0
2023,6,25,16,9.1501,54.71435334879068,54.71435334879068,45.25199554113815,0.0,71.65525237590714,0.0,0.0
2023,6,25,17,9.1501,42.44479224491724,42.44479224491724,32.98243443726471,0.0,102.51498651522702,0.0,0.0
2023,6,25,18,9.1501,24.883627643767483,24.883627643767483,15.421269836114949,0.0,116.94376642043427,0.0,0.0
2023,6,25,19,9.1501,8.616942218465098,8.616942218465098,0.0,0.8454155891874356,116.08537694400863,0.0,0.0
2023,6,25,20,9.1501,2.482161666528377,2.482161666528377,0.0,6.980196141124157,108.99806156023773,0.0,0.0
2023,6,25,21,9.1501,0.0654560328439128,0.0654560328439128,0.0,9.39690177480862,99.4569533790485,0.0,0.0
2023,6,25,22,9.1501,0.0,0.0,0.0,9.462357807652534,89.84938466592634,0.0,0.0
2023,6,25,23,9.1501,0.0,0.0,0.0,9.462357807652534,80.24181595280417,0.0,0.0
2023,6,26,0,9.1501,0.0,0.0,0.0,9.462357807652534,70.63424723968201,0.0,0.0
2023,6,26,1,9.1501,0.0,0.0,0.0,9.462357807652534,61.02667852655985,0.0,0.0
2023,6,26,2,9.1501,0.0,0.0,0.0,9.462357807652534,51.419109813437686,0.0,0.0
2023,6,26,3,9.1501,0.0,0.0,0.0,9.462357807652534,41.81154110031552,0.0,0.0
2023,6,26,4,9.1501,0.0,0.0,0.0,9.462357807652534,32.20397238719336,0.0,0.0
2023,6,26,5,9.1501,0.0,0.0,0.0,9.462357807652534,22.596403674071205,0.0,0.0
2023,6,26,6,9.1501,0.0,0.0,0.0,9.462357807652534,12.988834960949045,0.0,0.0
2023,6,26,7,9.1501,1.7673128867856456,1.7673128867856456,0.0,7.695044920866889,5.175700610015917,0.0,0.0
2023,6,26,8,9.1501,4.364883874380922,4.364883874380922,0.0,5.097473933271612,0.0,0.0,0.0
2023,6,26,9,9.1501,10.950966547504622,9.462357807652534,0.0,0.0,0.0,1.4886087398520882,0.0
2023,6,26,10,9.1501,17.00737211274666,9.462357807652534,0.0,0.0,0.0,7.545014305094124,0.0
2023,6,26,11,9.1501,15.963520641604259,9.462357807652534,0.0,0.0,0.0,6.5011628339517245,0.0
2023,6,26,12,9.1501,24.185142872235726,9.462357807652534,0.0,0.0,0.0,14.722785064583192,0.0
2023,6,26,13,9.1501,43.232848429814354,9.462357807652534,0.0,0.0,0.0,33.770490622161816,0.0
2023,6,26,14,9.1501,38.39426958090512,16.27637034502701,6.814012537374478,0.0,6.3754728513244245,22.117899235878106,0.0
2023,6,26,15,9.1501,46.03281636107173,46.03281636107173,36.5704585534192,0.0,40.59231122503928,0.0,0.0
2023,6,26,16,9.1501,49.63806574902724,49.63806574902724,40.175707941374704,0.0,78.18237051214282,0.0,0.0
2023,6,26,17,9.1501,38.62939454098917,38.62939454098917,29.167036733336634,0.0,105.47226025435045,0.0,0.0
2023,6,26,18,9.1501,21.97341797298351,21.97341797298351,12.511060165330974,0.0,117.17812724356618,0.0,0.0
2023,6,26,19,9.1501,7.873671740250669,7.873671740250669,0.0,1.5886860674018655,115.56506093742848,0.0,0.0
2023,6,26,20,9.1501,2.2883773587667933,2.2883773587667933,0.0,7.173980448885741,108.28098739990878,0.0,0.0
2023,6,26,21,9.1501,0.09387773131561178,0.09387773131561178,0.0,9.368480076336922,98.76873708126938,0.0,0.0
2023,6,26,22,9.1501,0.0,0.0,0.0,9.462357807652534,89.16116836814722,0.0,0.0
2023,6,26,23,9.1501,0.0,0.0,0.0,9.462357807652534,79.55359965502505,0.0,0.0
2023,6,27,0,9.1501,0.0,0.0,0.0,9.462357807652534,69.94603094190289,0.0,0.0
2023,6,27,1,9.1501,0.0,0.0,0.0,9.462357807652534,60.33846222878073,0.0,0.0
2023,6,27,2,9.1501,0.0,0.0,0.0,9.462357807652534,50.730893515658565,0.0,0.0
2023,6,27,3,9.1501,0.0,0.0,0.0,9.462357807652534,41.1233248025364,0.0,0.0
2023,6,27,4,9.1501,0.0,0.0,0.0,9.462357807652534,31.51575608941424,0.0,0.0
2023,6,27,5,9.1501,0.0,0.0,0.0,9.462357807652534,21.90818737629208,0.0,0.0
2023,6,27,6,9.1501,0.0,0.0,0.0,9.462357807652534,12.30061866316992,0.0,0.0
2023,6,27,7,9.1501,1.7552551965249246,1.7552551965249246,0.0,7.707102611127609,4.4752415826702,0.0,0.0
2023,6,27,8,9.1501,5.05475601001216,5.05475601001216,0.0,4.407601797640374,0.0,0.0,0.0
2023,6,27,9,9.1501,19.058901984249292,9.462357807652534,0.0,0.0,0.0,9.596544176596758,0.0
2023,6,27,10,9.1501,32.08465252018794,9.462357807652534,0.0,0.0,0.0,22.622294712535403,0.0
2023,6,27,11,9.1501,46.76402914902544,9.462357807652534,0.0,0.0,0.0,37.30167134137291,0.0
2023,6,27,12,9.1501,56.067398448761566,9.462357807652534,0.0,0.0,0.0,46.60504064110903,0.0
2023,6,27,13,9.1501,56.90196286752145,9.462357807652534,0.0,0.0,0.0,47.43960505986891,0.0
2023,6,27,14,9.1501,55.89600699434132,9.462357807652534,0.0,0.0,0.0,46.43364918668878,0.0
2023,6,27,15,9.1501,58.86478258924879,38.889010744549466,29.426652936896932,0.0,27.53279743403884,19.975771844699324,0.0
2023,6,27,16,9.1501,52.89364211942185,52.89364211942185,43.43128431176931,0.0,68.16890905095826,0.0,0.0
2023,6,27,17,9.1501,40.70676232019335,40.70676232019335,31.244404512540815,0.0,97.40247027981032,0.0,0.0
2023,6,27,18,9.1501,25.29703416699219,25.29703416699219,15.834676359339657,0.0,112.21805048086719,0.0,0.0
2023,6,27,19,9.1501,9.977738690746444,9.977738690746444,0.5153808830939096,0.0,112.700262218846,0.0,0.0
2023,6,27,20,9.1501,3.938558397305437,3.938558397305437,0.0,5.523799410347097,107.09169367058273,0.0,0.0
2023,6,27,21,9.1501,0.28163319394683534,0.28163319394683534,0.0,9.1807246137057,97.77008014090882,0.0,0.0
2023,6,27,22,9.1501,0.0,0.0,0.0,9.462357807652534,88.16251142778665,0.0,0.0
2023,6,27,23,9.1501,0.0,0.0,0.0,9.462357807652534,78.55494271466449,0.0,0.0
2023,6,28,0,9.1501,0.0,0.0,0.0,9.462357807652534,68.94737400154233,0.0,0.0
2023,6,28,1,9.1501,0.0,0.0,0.0,9.462357807652534,59.339805288420166,0.0,0.0
2023,6,28,2,9.1501,0.0,0.0,0.0,9.462357807652534,49.732236575298,0.0,0.0
2023,6,28,3,9.1501,0.0,0.0,0.0,9.462357807652534,40.12466786217584,0.0,0.0
2023,6,28,4,9.1501,0.0,0.0,0.0,9.462357807652534,30.517099149053678,0.0,0.0
2023,6,28,5,9.1501,0.0,0.0,0.0,9.462357807652534,20.90953043593152,0.0,0.0
2023,6,28,6,9.1501,0.0,0.0,0.0,9.462357807652534,11.30196172280936,0.0,0.0
2023,6,28,7,9.1501,1.951623295056663,1.951623295056663,0.0,7.510734512595872,3.675966238108418,0.0,0.0
2023,6,28,8,9.1501,5.841950931319217,5.841950931319217,0.0,3.620406876333317,0.0,0.0,0.0
2023,6,28,9,9.1501,21.98719819042434,9.462357807652534,0.0,0.0,0.0,12.524840382771806,0.0
2023,6,28,10,9.1501,39.44414989717787,9.462357807652534,0.0,0.0,0.0,29.98179208952534,0.0
2023,6,28,11,9.1501,52.446646316185124,9.462357807652534,0.0,0.0,0.0,42.984288508532586,0.0
2023,6,28,12,9.1501,60.94128910486292,9.462357807652534,0.0,0.0,0.0,51.47893129721038,0.0
2023,6,28,13,9.1501,64.92549447244109,9.462357807652534,0.0,0.0,0.0,55.46313666478855,0.0
2023,6,28,14,9.1501,65.92800529126102,9.462357807652534,0.0,0.0,0.0,56.46564748360848,0.0
2023,6,28,15,9.1501,63.77398505254225,37.50753416197262,28.045176354320088,0.0,26.240230624299336,26.26645089056963,0.0
2023,6,28,16,9.1501,55.49896447932759,55.49896447932759,46.03660667167506,0.0,69.31398993902116,0.0,0.0
2023,6,28,17,9.1501,42.772072409136804,42.772072409136804,33.30971460148427,0.0,100.47994097922201,0.0,0.0
2023,6,28,18,9.1501,26.231505162198054,26.231505162198054,16.76914735454552,0.0,116.169851015689,0.0,0.0
2023,6,28,19,9.1501,8.039034349540554,8.039034349540554,0.0,1.4233234581119802,114.72468500075028,0.0,0.0
2023,6,28,20,9.1501,2.132488648967475,2.132488648967475,0.0,7.329869158685059,107.28233045954822,0.0,0.0
2023,6,28,21,9.1501,0.15330491902916418,0.15330491902916418,0.0,9.30905288862337,97.83041930805844,0.0,0.0
2023,6,28,22,9.1501,0.0,0.0,0.0,9.462357807652534,88.22285059493628,0.0,0.0
2023,6,28,23,9.1501,0.0,0.0,0.0,9.462357807652534,78.61528188181411,0.0,0.0
2023,6,29,0,9.1501,0.0,0.0,0.0,9.462357807652534,69.00771316869195,0.0,0.0
2023,6,29,1,9.1501,0.0,0.0,0.0,9.462357807652534,59.40014445556979,0.0,0.0
2023,6,29,2,9.1501,0.0,0.0,0.0,9.462357807652534,49.792575742447625,0.0,0.0
2023,6,29,3,9.1501,0.0,0.0,0.0,9.462357807652534,40.18500702932547,0.0,0.0
2023,6,29,4,9.1501,0.0,0.0,0.0,9.462357807652534,30.57743831620331,0.0,0.0
2023,6,29,5,9.1501,0.0,0.0,0.0,9.462357807652534,20.96986960308115,0.0,0.0
2023,6,29,6,9.1501,0.0,0.0,0.0,9.462357807652534,11.36230088995899,0.0,0.0
2023,6,29,7,9.1501,1.9076988519640374,1.9076988519640374,0.0,7.554658955688497,3.6917068904083217,0.0,0.0
2023,6,29,8,9.1501,5.826448186698291,5.826448186698291,0.0,3.6359096209542434,0.0,0.0,0.0
2023,6,29,9,9.1501,19.67212166036595,9.462357807652534,0.0,0.0,0.0,10.209763852713415,0.0
2023,6,29,10,9.1501,32.54628980445553,9.462357807652534,0.0,0.0,0.0,23.083931996803,0.0
2023,6,29,11,9.1501,45.21203215975266,9.462357807652534,0.0,0.0,0.0,35.74967435210013,0.0
2023,6,29,12,9.1501,45.978556754898484,9.462357807652534,0.0,0.0,0.0,36.516198947245954,0.0
2023,6,29,13,9.1501,37.70267491809377,13.780333218933347,4.317975411280812,0.0,4.040076952648892,23.922341699160423,0.0
2023,6,29,14,9.1501,36.4753743022704,36.4753743022704,27.01301649461787,0.0,29.314575986689977,0.0,0.0
2023,6,29,15,9.1501,42.17177168687092,42.17177168687092,32.70941387921838,0.0,59.91886076395916,0.0,0.0
2023,6,29,16,9.1501,42.44479224491724,42.44479224491724,32.98243443726471,0.0,90.77859490327904,0.0,0.0
2023,6,29,17,9.1501,27.563018672417645,27.563018672417645,18.10066086476511,0.0,107.71432422596173,0.0,0.0
2023,6,29,18,9.1501,20.227636675949157,20.227636675949157,10.765278868296623,0.0,117.78676579916245,0.0,0.0
2023,6,29,19,9.1501,7.809076970996807,7.809076970996807,0.0,1.6532808366557272,116.10811344177516,0.0,0.0
2023,6,29,20,9.1501,1.8370752375798156,1.8370752375798156,0.0,7.625282570072719,108.36581202619159,0.0,0.0
2023,6,29,21,9.1501,0.10851921234648701,0.10851921234648701,0.0,9.353838595306046,98.86842787916876,0.0,0.0
2023,6,29,22,9.1501,0.0,0.0,0.0,9.462357807652534,89.2608591660466,0.0,0.0
2023,6,29,23,9.1501,0.0,0.0,0.0,9.462357807652534,79.65329045292444,0.0,0.0
2023,6,30,0,9.1501,0.0,0.0,0.0,9.462357807652534,70.04572173980227,0.0,0.0
2023,6,30,1,9.1501,0.0,0.0,0.0,9.462357807652534,60.43815302668011,0.0,0.0
2023,6,30,2,9.1501,0.0,0.0,0.0,9.462357807652534,50.83058431355795,0.0,0.0
2023,6,30,3,9.1501,0.0,0.0,0.0,9.462357807652534,41.22301560043579,0.0,0.0
2023,6,30,4,9.1501,0.0,0.0,0.0,9.462357807652534,31.615446887313627,0.0,0.0
2023,6,30,5,9.1501,0.0,0.0,0.0,9.462357807652534,22.007878174191468,0.0,0.0
2023,6,30,6,9.1501,0.0,0.0,0.0,9.462357807652534,12.400309461069309,0.0,0.0
2023,6,30,7,9.1501,1.7440587698542556,1.7440587698542556,0.0,7.718299037798278,4.563564131686325,0.0,0.0
2023,6,30,8,9.1501,4.967768387416961,4.967768387416961,0.0,4.494589420235573,0.0,0.0,0.0
2023,6,30,9,9.1501,15.350300965487602,9.462357807652534,0.0,0.0,0.0,5.887943157835068,0.0
2023,6,30,10,9.1501,30.352651440594407,9.462357807652534,0.0,0.0,0.0,20.890293632941873,0.0
2023,6,30,11,9.1501,41.58352865486575,21.29520112516258,11.832843317510049,0.0,11.071299166383525,20.28832752970317,0.0
2023,6,30,12,9.1501,42.98824957023973,42.98824957023973,33.5258917625872,0.0,42.43951452795575,0.0,0.0
2023,6,30,13,9.1501,40.68609199403211,40.68609199403211,31.223734186379577,0.0,71.65373574201531,0.0,0.0
2023,6,30,14,9.1501,29.987475678412576,29.987475678412576,20.52511787076004,0.0,90.85788763306618,0.0,0.0
2023,6,30,15,9.1501,29.05300468320671,29.05300468320671,19.590646875554174,0.0,109.18770968870693,0.0,0.0
2023,6,30,16,9.1501,22.83554282662505,22.83554282662505,13.373185018972517,0.0,121.70021646155911,0.0,0.0
2023,6,30,17,9.1501,27.892021363817317,27.892021363817317,18.429663556164787,0.0,138.94377435302215,0.0,0.0
2023,6,30,18,9.1501,11.639116155955747,11.639116155955747,2.176758348303214,0.0,140.9804397799467,0.0,0.0
2023,6,30,19,9.1501,6.5714411920928155,6.5714411920928155,0.0,2.8909166155597186,138.04515868061708,0.0,0.0
2023,6,30,20,9.1501,2.4976644111493043,2.4976644111493043,0.0,6.96469339650323,130.97358394914608,0.0,0.0
2023,6,30,21,9.1501,0.11454805747684739,0.11454805747684739,0.0,9.347809750175687,121.48232116690654,0.0,0.0
2023,6,30,22,9.1501,0.0,0.0,0.0,9.462357807652534,111.87475245378438,0.0,0.0
2023,6,30,23,9.1501,0.0,0.0,0.0,9.462357807652534,102.26718374066222,0.0,0.0
2023,7,1,0,9.1501,0.0,0.0,0.0,9.462357807652534,92.65961502754006,0.0,0.0
2023,7,1,1,9.1501,0.0,0.0,0.0,9.462357807652534,83.0520463144179,0.0,0.0
2023,7,1,2,9.1501,0.0,0.0,0.0,9.462357807652534,73.44447760129573,0.0,0.0
2023,7,1,3,9.1501,0.0,0.0,0.0,9.462357807652534,63.83690888817357,0.0,0.0
2023,7,1,4,9.1501,0.0,0.0,0.0,9.462357807652534,54.229340175051405,0.0,0.0
2023,7,1,5,9.1501,0.0,0.0,0.0,9.462357807652534,44.62177146192924,0.0,0.0
2023,7,1,6,9.1501,0.0,0.0,0.0,9.462357807652534,35.01420274880709,0.0,0.0
2023,7,1,7,9.1501,0.4168515775849183,0.4168515775849183,0.0,9.045506230067616,25.829882686415672,0.0,0.0
2023,7,1,8,9.1501,1.1248102486072384,1.1248102486072384,0.0,8.337547559045294,17.364385745719865,0.0,0.0
2023,7,1,9,9.1501,1.4469228312864932,1.4469228312864932,0.0,8.015434976366041,9.225944580588724,0.0,0.0
2023,7,1,10,9.1501,3.5294581920309733,3.5294581920309733,0.0,5.932899615621561,3.201997707744649,0.0,0.0
2023,7,1,11,9.1501,6.308755797127121,6.308755797127121,0.0,3.153602010525413,0.0,0.0,0.0
2023,7,1,12,9.1501,23.865614080326626,9.462357807652534,0.0,0.0,0.0,14.403256272674092,0.0
2023,7,1,13,9.1501,52.49573834081806,39.82034360436097,30.357985796708437,0.0,28.404191099769086,12.675394736457086,0.0
2023,7,1,14,9.1501,61.302158549094486,61.302158549094486,51.83980074144195,0.0,76.90765956748015,0.0,0.0
2023,7,1,15,9.1501,40.79030488842834,40.79030488842834,31.327947080775804,0.0,106.21938668945181,0.0,0.0
2023,7,1,16,9.1501,22.3980209228789,22.3980209228789,12.935663115226365,0.0,118.32252981586312,0.0,0.0
2023,7,1,17,9.1501,18.238117782930228,18.238117782930228,8.775759975277694,0.0,126.53349496528747,0.0,0.0
2023,7,1,18,9.1501,7.43959489086472,7.43959489086472,0.0,2.022762916787814,124.47969039475247,0.0,0.0
2023,7,1,19,9.1501,5.648166623557633,5.648166623557633,0.0,3.814191184094901,120.60696600289525,0.0,0.0
2023,7,1,20,9.1501,1.2376357789039742,1.2376357789039742,0.0,8.22472202874856,112.2560260317154,0.0,0.0
2023,7,1,21,9.1501,0.0,0.0,0.0,9.462357807652534,102.64845731859323,0.0,0.0
2023,7,1,22,9.1501,0.0,0.0,0.0,9.462357807652534,93.04088860547107,0.0,0.0
2023,7,1,23,9.1501,0.0,0.0,0.0,9.462357807652534,83.4333198923489,0.0,0.0
2023,7,2,0,9.1501,0.0,0.0,0.0,9.462357807652534,73.82575117922674,0.0,0.0
2023,7,2,1,9.1501,0.0,0.0,0.0,9.462357807652534,64.21818246610458,0.0,0.0
2023,7,2,2,9.1501,0.0,0.0,0.0,9.462357807652534,54.61061375298242,0.0,0.0
2023,7,2,3,9.1501,0.0,0.0,0.0,9.462357807652534,45.003045039860254,0.0,0.0
2023,7,2,4,9.1501,0.0,0.0,0.0,9.462357807652534,35.39547632673809,0.0,0.0
2023,7,2,5,9.1501,0.0,0.0,0.0,9.462357807652534,25.78790761361593,0.0,0.0
2023,7,2,6,9.1501,0.0,0.0,0.0,9.462357807652534,16.18033890049377,0.0,0.0
2023,7,2,7,9.1501,0.2652691857358571,0.2652691857358571,0.0,9.197088621916677,6.842110237836629,0.0,0.0
2023,7,2,8,9.1501,2.7439857979040285,2.7439857979040285,0.0,6.718372009748506,0.020636981797438343,0.0,0.0
2023,7,2,9,9.1501,9.442032737734412,9.442032737734412,0.0,0.020325069918122482,0.0,0.0,0.0
2023,7,2,10,9.1501,17.58269619090105,9.462357807652534,0.0,0.0,0.0,8.120338383248516,0.0
2023,7,2,11,9.1501,31.257839473738514,9.462357807652534,0.0,0.0,0.0,21.79548166608598,0.0
2023,7,2,12,9.1501,45.90793314051426,9.462357807652534,0.0,0.0,0.0,36.44557533286172,0.0
2023,7,2,13,9.1501,37.41501287901657,9.462357807652534,0.0,0.0,0.0,27.95265507136404,0.0
2023,7,2,14,9.1501,33.53415914224458,17.61375848606076,8.151400678408224,0.0,7.626788685875155,15.920400656183823,0.0
2023,7,2,15,9.1501,46.03281636107173,46.03281636107173,36.5704585534192,0.0,41.84362705959001,0.0,0.0
2023,7,2,16,9.1501,44.965710772997944,44.965710772997944,35.50335296534541,0.0,75.06203716964299,0.0,0.0
2023,7,2,17,9.1501,39.122898578088666,39.122898578088666,29.660540770436132,0.0,102.81366976502112,0.0,0.0
2023,7,2,18,9.1501,24.22045467942784,24.22045467942784,14.758096871775304,0.0,116.62195752896957,0.0,0.0
2023,7,2,19,9.1501,8.053675830571429,8.053675830571429,0.0,1.4086819770811054,115.19165768564743,0.0,0.0
2023,7,2,20,9.1501,2.1488526571784528,2.1488526571784528,0.0,7.313505150474081,107.7659182774286,0.0,0.0
2023,7,2,21,9.1501,0.12832827491767115,0.12832827491767115,0.0,9.334029532734863,98.2886471861223,0.0,0.0
2023,7,2,22,9.1501,0.0,0.0,0.0,9.462357807652534,88.68107847300014,0.0,0.0
2023,7,2,23,9.1501,0.0,0.0,0.0,9.462357807652534,79.07350975987798,0.0,0.0
2023,7,3,0,9.1501,0.0,0.0,0.0,9.462357807652534,69.46594104675582,0.0,0.0
2023,7,3,1,9.1501,0.0,0.0,0.0,9.462357807652534,59.85837233363365,0.0,0.0
2023,7,3,2,9.1501,0.0,0.0,0.0,9.462357807652534,50.25080362051149,0.0,0.0
2023,7,3,3,9.1501,0.0,0.0,0.0,9.462357807652534,40.643234907389335,0.0,0.0
2023,7,3,4,9.1501,0.0,0.0,0.0,9.462357807652534,31.035666194267176,0.0,0.0
2023,7,3,5,9.1501,0.0,0.0,0.0,9.462357807652534,21.428097481145016,0.0,0.0
2023,7,3,6,9.1501,0.0,0.0,0.0,9.462357807652534,11.820528768022855,0.0,0.0
2023,7,3,7,9.1501,1.8474104006604335,1.8474104006604335,0.0,7.614947406992101,4.088721120639229,0.0,0.0
2023,7,3,8,9.1501,5.435434516814916,5.435434516814916,0.0,4.026923290837618,0.0,0.0,0.0
2023,7,3,9,9.1501,21.421348011760514,9.462357807652534,0.0,0.0,0.0,11.95899020410798,0.0
2023,7,3,10,9.1501,30.71265962123592,9.462357807652534,0.0,0.0,0.0,21.250301813583388,0.0
2023,7,3,11,9.1501,37.22208983484504,9.462357807652534,0.0,0.0,0.0,27.75973202719251,0.0
2023,7,3,12,9.1501,38.975622504189865,9.462357807652534,0.0,0.0,0.0,29.51326469653733,0.0
2023,7,3,13,9.1501,54.114052626524796,9.462357807652534,0.0,0.0,0.0,44.65169481887226,0.0
2023,7,3,14,9.1501,56.26290528370325,9.462357807652534,0.0,0.0,0.0,46.80054747605071,0.0
2023,7,3,15,9.1501,59.918969223471805,38.70584482293499,29.243487015282458,0.0,27.36141979800783,21.213124400536813,0.0
2023,7,3,16,9.1501,55.95715670923498,55.95715670923498,46.49479890158245,0.0,70.863882773963,0.0,0.0
2023,7,3,17,9.1501,42.72642543886408,42.72642543886408,33.264067631211546,0.0,101.98712461483045,0.0,0.0
2023,7,3,18,9.1501,26.094564251379868,26.094564251379868,16.632206443727334,0.0,117.54890705329726,0.0,0.0
2023,7,3,19,9.1501,8.458469717895618,8.458469717895618,0.0,1.0038880897569165,116.52961313113926,0.0,0.0
2023,7,3,20,9.1501,2.1445463392281954,2.1445463392281954,0.0,7.317811468424338,109.09950131950379,0.0,0.0
2023,7,3,21,9.1501,0.13177332927787708,0.13177332927787708,0.0,9.330584478374657,99.62572815093081,0.0,0.0
2023,7,3,22,9.1501,0.0,0.0,0.0,9.462357807652534,90.01815943780865,0.0,0.0
2023,7,3,23,9.1501,0.0,0.0,0.0,9.462357807652534,80.41059072468649,0.0,0.0
2023,7,4,0,9.1501,0.0,0.0,0.0,9.462357807652534,70.80302201156432,0.0,0.0
2023,7,4,1,9.1501,0.0,0.0,0.0,9.462357807652534,61.19545329844216,0.0,0.0
2023,7,4,2,9.1501,0.0,0.0,0.0,9.462357807652534,51.58788458532,0.0,0.0
2023,7,4,3,9.1501,0.0,0.0,0.0,9.462357807652534,41.980315872197835,0.0,0.0
2023,7,4,4,9.1501,0.0,0.0,0.0,9.462357807652534,32.37274715907567,0.0,0.0
2023,7,4,5,9.1501,0.0,0.0,0.0,9.462357807652534,22.76517844595351,0.0,0.0
2023,7,4,6,9.1501,0.0,0.0,0.0,9.462357807652534,13.15760973283135,0.0,0.0
2023,7,4,7,9.1501,1.5631934159434437,1.5631934159434437,0.0,7.899164391709091,5.137223459949486,0.0,0.0
2023,7,4,8,9.1501,4.402779472343187,4.402779472343187,0.0,5.0595783353093475,0.0,0.0,0.0
2023,7,4,9,9.1501,11.790698547804817,9.462357807652534,0.0,0.0,0.0,2.3283407401522833,0.0
2023,7,4,10,9.1501,15.630211632254335,9.462357807652534,0.0,0.0,0.0,6.167853824601801,0.0
2023,7,4,11,9.1501,27.277079160520554,9.462357807652534,0.0,0.0,0.0,17.81472135286802,0.0
2023,7,4,12,9.1501,20.756452520240767,9.462357807652534,0.0,0.0,0.0,11.294094712588233,0.0
2023,7,4,13,9.1501,38.2134042269943,9.462357807652534,0.0,0.0,0.0,28.751046419341765,0.0
2023,7,4,14,9.1501,41.040071329543274,17.46474960402746,8.002391796374926,0.0,7.487369793291851,23.575321725515813,0.0
2023,7,4,15,9.1501,43.61094314584695,43.61094314584695,34.148585338194415,0.0,39.438203100487584,0.0,0.0
2023,7,4,16,9.1501,51.309778377317166,51.309778377317166,41.847420569664635,0.0,78.59238608393309,0.0,0.0
2023,7,4,17,9.1501,38.2134042269943,38.2134042269943,28.751046419341765,0.0,105.49305802844202,0.0,0.0
2023,7,4,18,9.1501,20.97262968134369,20.97262968134369,11.510271873691156,0.0,116.26254596812177,0.0,0.0
2023,7,4,19,9.1501,8.343060396828728,8.343060396828728,0.0,1.1192974108238063,115.12607163439783,0.0,0.0
2023,7,4,20,9.1501,2.183303200780512,2.183303200780512,0.0,7.279054606872021,107.73531145351213,0.0,0.0
2023,7,4,21,9.1501,0.1455535467186922,0.1455535467186922,0.0,9.316804260933841,98.27552997587239,0.0,0.0
2023,7,4,22,9.1501,0.0,0.0,0.0,9.462357807652534,88.66796126275023,0.0,0.0
2023,7,4,23,9.1501,0.0,0.0,0.0,9.462357807652534,79.06039254962806,0.0,0.0
2023,7,5,0,9.1501,0.0,0.0,0.0,9.462357807652534,69.4528238365059,0.0,0.0
2023,7,5,1,9.1501,0.0,0.0,0.0,9.462357807652534,59.84525512338374,0.0,0.0
2023,7,5,2,9.1501,0.0,0.0,0.0,9.462357807652534,50.237686410261574,0.0,0.0
2023,7,5,3,9.1501,0.0,0.0,0.0,9.462357807652534,40.63011769713941,0.0,0.0
2023,7,5,4,9.1501,0.0,0.0,0.0,9.462357807652534,31.022548984017252,0.0,0.0
2023,7,5,5,9.1501,0.0,0.0,0.0,9.462357807652534,21.414980270895093,0.0,0.0
2023,7,5,6,9.1501,0.0,0.0,0.0,9.462357807652534,11.807411557772934,0.0,0.0
2023,7,5,7,9.1501,1.9809062571184135,1.9809062571184135,0.0,7.48145155053412,4.2111484163051465,0.0,0.0
2023,7,5,8,9.1501,5.314857614207709,5.314857614207709,0.0,4.1475001934448255,0.0,0.0,0.0
2023,7,5,9,9.1501,16.983256732225218,9.462357807652534,0.0,0.0,0.0,7.520898924572684,0.0
2023,7,5,10,9.1501,26.694864973645753,9.462357807652534,0.0,0.0,0.0,17.23250716599322,0.0
2023,7,5,11,9.1501,39.52510867464271,9.462357807652534,0.0,0.0,0.0,30.062750866990175,0.0
2023,7,5,12,9.1501,40.195171747702766,9.462357807652534,0.0,0.0,0.0,30.73281394005023,0.0
2023,7,5,13,9.1501,50.38908759955213,9.462357807652534,0.0,0.0,0.0,40.92672979189959,0.0
2023,7,5,14,9.1501,37.93607735099772,31.682528670466674,22.22017086281414,0.0,20.790113800149605,6.253548680531047,0.0
2023,7,5,15,9.1501,51.505285212258855,51.505285212258855,42.042927404606324,0.0,60.127221090174004,0.0,0.0
2023,7,5,16,9.1501,41.286392716297996,41.286392716297996,31.824034908645462,0.0,89.90310856716522,0.0,0.0
2023,7,5,17,9.1501,29.60679717160982,29.60679717160982,20.144439363957286,0.0,108.75108185245455,0.0,0.0
2023,7,5,18,9.1501,16.547457355659166,16.547457355659166,7.085099548006632,0.0,115.38019495864383,0.0,0.0
2023,7,5,19,9.1501,8.783166091345036,8.783166091345036,0.0,0.679191716307498,114.69058025410048,0.0,0.0
2023,7,5,20,9.1501,3.0307865733911727,3.0307865733911727,0.0,6.431571234261361,108.16030906560951,0.0,0.0
2023,7,5,21,9.1501,0.13349585645798004,0.13349585645798004,0.0,9.328861951194554,98.6882848584032,0.0,0.0
2023,7,5,22,9.1501,0.0,0.0,0.0,9.462357807652534,89.08071614528103,0.0,0.0
2023,7,5,23,9.1501,0.0,0.0,0.0,9.462357807652534,79.47314743215887,0.0,0.0
2023,7,6,0,9.1501,0.0,0.0,0.0,9.462357807652534,69.8655787190367,0.0,0.0
2023,7,6,1,9.1501,0.0,0.0,0.0,9.462357807652534,60.25801000591454,0.0,0.0
2023,7,6,2,9.1501,0.0,0.0,0.0,9.462357807652534,50.65044129279238,0.0,0.0
2023,7,6,3,9.1501,0.0,0.0,0.0,9.462357807652534,41.04287257967022,0.0,0.0
2023,7,6,4,9.1501,0.0,0.0,0.0,9.462357807652534,31.43530386654806,0.0,0.0
2023,7,6,5,9.1501,0.0,0.0,0.0,9.462357807652534,21.827735153425902,0.0,0.0
2023,7,6,6,9.1501,0.0,0.0,0.0,9.462357807652534,12.220166440303743,0.0,0.0
2023,7,6,7,9.1501,1.7440587698542556,1.7440587698542556,0.0,7.718299037798278,4.38342111092076,0.0,0.0
2023,7,6,8,9.1501,5.1451886869675665,5.1451886869675665,0.0,4.317169120684968,0.0,0.0,0.0
2023,7,6,9,9.1501,13.75868585107246,9.462357807652534,0.0,0.0,0.0,4.296328043419926,0.0
2023,7,6,10,9.1501,34.821748209371556,9.462357807652534,0.0,0.0,0.0,25.359390401719022,0.0
2023,7,6,11,9.1501,41.45520037994809,11.04043755234459,1.5780797446920554,0.0,1.4765168855098416,30.414762827603496,0.0
2023,7,6,12,9.1501,34.07847773115712,34.07847773115712,24.616119923504588,0.0,24.508380037572724,0.0,0.0
2023,7,6,13,9.1501,37.19366813637335,37.19366813637335,27.731310328720813,0.0,50.454944585652555,0.0,0.0
2023,7,6,14,9.1501,30.97103869825137,30.97103869825137,21.508680890598836,0.0,70.57935884724569,0.0,0.0
2023,7,6,15,9.1501,32.35681181464421,32.35681181464421,22.894454006991676,0.0,92.00035993388478,0.0,0.0
2023,7,6,16,9.1501,26.047194753927034,26.047194753927034,16.5848369462745,0.0,107.5178215051188,0.0,0.0
2023,7,6,17,9.1501,19.08473989195084,19.08473989195084,9.622382084298307,0.0,116.52092142708523,0.0,0.0
2023,7,6,18,9.1501,10.29468369188539,10.29468369188539,0.8323258842328567,0.0,117.29968005854877,0.0,0.0
2023,7,6,19,9.1501,7.170880650768657,7.170880650768657,0.0,2.291477156883877,114.97303751481545,0.0,0.0
2023,7,6,20,9.1501,1.7276947616432687,1.7276947616432687,0.0,7.734663046009266,107.11967705244922,0.0,0.0
2023,7,6,21,9.1501,0.054259606173243505,0.054259606173243505,0.0,9.40809820147929,97.56720062237672,0.0,0.0
2023,7,6,22,9.1501,0.0,0.0,0.0,9.462357807652534,87.95963190925455,0.0,0.0
2023,7,6,23,9.1501,0.0,0.0,0.0,9.462357807652534,78.35206319613239,0.0,0.0
2023,7,7,0,9.1501,0.0,0.0,0.0,9.462357807652534,68.74449448301023,0.0,0.0
2023,7,7,1,9.1501,0.0,0.0,0.0,9.462357807652534,59.136925769888066,0.0,0.0
2023,7,7,2,9.1501,0.0,0.0,0.0,9.462357807652534,49.5293570567659,0.0,0.0
2023,7,7,3,9.1501,0.0,0.0,0.0,9.462357807652534,39.92178834364374,0.0,0.0
2023,7,7,4,9.1501,0.0,0.0,0.0,9.462357807652534,30.314219630521585,0.0,0.0
2023,7,7,5,9.1501,0.0,0.0,0.0,9.462357807652534,20.706650917399426,0.0,0.0
2023,7,7,6,9.1501,0.0,0.0,0.0,9.462357807652534,11.099082204277266,0.0,0.0
2023,7,7,7,9.1501,2.2668457690155064,2.2668457690155064,0.0,7.195512038637028,3.7931466496743695,0.0,0.0
2023,7,7,8,9.1501,5.726541610252317,5.726541610252317,0.0,3.735816197400217,0.0,0.0,0.0
2023,7,7,9,9.1501,21.90107183141919,9.462357807652534,0.0,0.0,0.0,12.438714023766657,0.0
2023,7,7,10,9.1501,38.065266889505445,9.462357807652534,0.0,0.0,0.0,28.60290908185291,0.0
2023,7,7,11,9.1501,53.17872036772889,9.462357807652534,0.0,0.0,0.0,43.71636256007636,0.0
2023,7,7,12,9.1501,62.89032860914943,9.462357807652534,0.0,0.0,0.0,53.4279708014969,0.0
2023,7,7,13,9.1501,68.44806255575165,9.462357807652534,0.0,0.0,-0.0,58.98570474809911,0.0
2023,7,7,14,9.1501,65.17698344073611,20.73732085938104,11.274963051728504,0.0,10.549323242613013,44.439662581355066,0.0
2023,7,7,15,9.1501,58.79846529281483,58.79846529281483,49.336107485162294,0.0,56.71023241858474,0.0,0.0
2023,7,7,16,9.1501,44.77278772882641,44.77278772882641,35.31042992117388,0.0,89.7481357239079,0.0,0.0
2023,7,7,17,9.1501,29.495694168493177,29.495694168493177,20.033336360840643,0.0,108.49215642968764,0.0,0.0
2023,7,7,18,9.1501,19.102826427341917,19.102826427341917,9.640468619689383,0.0,117.51217886459747,0.0,0.0
2023,7,7,19,9.1501,8.050230776211222,8.050230776211222,0.0,1.4121270314413117,116.07838109854201,0.0,0.0
2023,7,7,20,9.1501,1.9972702653293917,1.9972702653293917,0.0,7.465087542323142,108.49873309005746,0.0,0.0
2023,7,7,21,9.1501,0.0,0.0,0.0,9.462357807652534,98.8911643769353,0.0,0.0
2023,7,7,22,9.1501,0.0,0.0,0.0,9.462357807652534,89.28359566381313,0.0,0.0
2023,7,7,23,9.1501,0.0,0.0,0.0,9.462357807652534,79.67602695069097,0.0,0.0
2023,7,8,0,9.1501,0.0,0.0,0.0,9.462357807652534,70.0684582375688,0.0,0.0
2023,7,8,1,9.1501,0.0,0.0,0.0,9.462357807652534,60.46088952444664,0.0,0.0
2023,7,8,2,9.1501,0.0,0.0,0.0,9.462357807652534,50.85332081132448,0.0,0.0
2023,7,8,3,9.1501,0.0,0.0,0.0,9.462357807652534,41.24575209820232,0.0,0.0
2023,7,8,4,9.1501,0.0,0.0,0.0,9.462357807652534,31.638183385080154,0.0,0.0
2023,7,8,5,9.1501,0.0,0.0,0.0,9.462357807652534,22.030614671957995,0.0,0.0
2023,7,8,6,9.1501,0.0,0.0,0.0,9.462357807652534,12.423045958835836,0.0,0.0
2023,7,8,7,9.1501,1.8698032540017722,1.8698032540017722,0.0,7.5925545536507615,4.7139748092187395,0.0,0.0
2023,7,8,8,9.1501,4.819631049928105,4.819631049928105,0.0,4.642726757724429,0.0,0.0,0.0
2023,7,8,9,9.1501,21.8192517903643,9.462357807652534,0.0,0.0,0.0,12.356893982711767,0.0
2023,7,8,10,9.1501,39.17457439349175,9.462357807652534,0.0,0.0,0.0,29.71221658583922,0.0
2023,7,8,11,9.1501,53.55250876581123,9.462357807652534,0.0,0.0,0.0,44.0901509581587,0.0
2023,7,8,12,9.1501,61.80858154004476,9.462357807652534,0.0,0.0,0.0,52.34622373239223,0.0
2023,7,8,13,9.1501,59.93016565014248,9.462357807652534,0.0,0.0,0.0,50.46780784248995,0.0
2023,7,8,14,9.1501,62.08676967963139,12.46248347408139,3.0001256664288554,0.0,2.807042052236774,49.62428620555,0.0
2023,7,8,15,9.1501,52.655072104977585,52.655072104977585,43.19271429732505,0.0,43.219937665092964,0.0,0.0
2023,7,8,16,9.1501,46.963842301917374,46.963842301917374,37.501484494264844,0.0,78.30788253841918,0.0,0.0
2023,7,8,17,9.1501,36.26264219552769,36.26264219552769,26.800284387875156,0.0,103.38334058688764,0.0,0.0
2023,7,8,18,9.1501,23.577952041249432,23.577952041249432,14.115594233596898,0.0,116.5904762243698,0.0,0.0
2023,7,8,19,9.1501,8.849483387779,8.849483387779,0.0,0.6128744198735346,115.9681965324427,0.0,0.0
2023,7,8,20,9.1501,2.591542142464916,2.591542142464916,0.0,6.870815665187618,108.99194019545446,0.0,0.0
2023,7,8,21,9.1501,0.17225271801029685,0.17225271801029685,0.0,9.290105089642237,99.5592676189979,0.0,0.0
2023,7,8,22,9.1501,0.0,0.0,0.0,9.462357807652534,89.95169890587573,0.0,0.0
2023,7,8,23,9.1501,0.0,0.0,0.0,9.462357807652534,80.34413019275357,0.0,0.0
2023,7,9,0,9.1501,0.0,0.0,0.0,9.462357807652534,70.7365614796314,0.0,0.0
2023,7,9,1,9.1501,0.0,0.0,0.0,9.462357807652534,61.12899276650924,0.0,0.0
2023,7,9,2,9.1501,0.0,0.0,0.0,9.462357807652534,51.52142405338708,0.0,0.0
2023,7,9,3,9.1501,0.0,0.0,0.0,9.462357807652534,41.91385534026492,0.0,0.0
2023,7,9,4,9.1501,0.0,0.0,0.0,9.462357807652534,32.306286627142754,0.0,0.0
2023,7,9,5,9.1501,0.0,0.0,0.0,9.462357807652534,22.698717914020598,0.0,0.0
2023,7,9,6,9.1501,0.0,0.0,0.0,9.462357807652534,13.091149200898439,0.0,0.0
2023,7,9,7,9.1501,1.04385147114239,1.04385147114239,0.0,8.418506336510145,4.543451075969791,0.0,0.0
2023,7,9,8,9.1501,4.9875774499881365,4.9875774499881365,0.0,4.474780357664398,0.0,0.0,0.0
2023,7,9,9,9.1501,17.231300646160044,9.462357807652534,0.0,0.0,0.0,7.76894283850751,0.0
2023,7,9,10,9.1501,31.984745943741967,9.462357807652534,0.0,0.0,0.0,22.522388136089432,0.0
2023,7,9,11,9.1501,45.10006789304596,9.462357807652534,0.0,0.0,0.0,35.63771008539342,0.0
2023,7,9,12,9.1501,50.018744255829986,9.462357807652534,0.0,0.0,0.0,40.55638644817745,0.0
2023,7,9,13,9.1501,52.006540621668826,9.462357807652534,0.0,0.0,0.0,42.544182814016295,0.0
2023,7,9,14,9.1501,57.25852599380278,9.462357807652534,0.0,0.0,0.0,47.79616818615024,0.0
2023,7,9,15,9.1501,58.602097194283076,52.7424085156973,43.28005070804476,0.0,40.494611182415476,5.859688678585776,0.0
2023,7,9,16,9.1501,49.831850056788824,49.831850056788824,40.36949224913629,0.0,78.26598310819854,0.0,0.0
2023,7,9,17,9.1501,38.96442607751919,38.96442607751919,29.50206826986666,0.0,105.8693422568343,0.0,0.0
2023,7,9,18,9.1501,23.192105952906356,23.192105952906356,13.729748145253822,0.0,118.71546428485678,0.0,0.0
2023,7,9,19,9.1501,7.856446468449638,7.856446468449638,0.0,1.6059113392028956,117.08490836505253,0.0,0.0
2023,7,9,20,9.1501,1.477067056938295,1.477067056938295,0.0,7.985290750714238,108.97707402383787,0.0,0.0
2023,7,9,21,9.1501,0.028421698471698977,0.028421698471698977,0.0,9.433936109180836,99.39836317326554,0.0,0.0
2023,7,9,22,9.1501,0.0,0.0,0.0,9.462357807652534,89.79079446014337,0.0,0.0
2023,7,9,23,9.1501,0.0,0.0,0.0,9.462357807652534,80.18322574702121,0.0,0.0
2023,7,10,0,9.1501,0.0,0.0,0.0,9.462357807652534,70.57565703389905,0.0,0.0
2023,7,10,1,9.1501,0.0,0.0,0.0,9.462357807652534,60.968088320776886,0.0,0.0
2023,7,10,2,9.1501,0.0,0.0,0.0,9.462357807652534,51.36051960765472,0.0,0.0
2023,7,10,3,9.1501,0.0,0.0,0.0,9.462357807652534,41.75295089453256,0.0,0.0
2023,7,10,4,9.1501,0.0,0.0,0.0,9.462357807652534,32.1453821814104,0.0,0.0
2023,7,10,5,9.1501,0.0,0.0,0.0,9.462357807652534,22.53781346828824,0.0,0.0
2023,7,10,6,9.1501,0.0,0.0,0.0,9.462357807652534,12.930244755166079,0.0,0.0
2023,7,10,7,9.1501,1.245387151214446,1.245387151214446,0.0,8.216970656438088,4.58717511013619,0.0,0.0
2023,7,10,8,9.1501,4.944514270485562,4.944514270485562,0.0,4.517843537166972,0.0,0.0,0.0
2023,7,10,9,9.1501,19.94428095482222,9.462357807652534,0.0,0.0,0.0,10.481923147169685,0.0
2023,7,10,10,9.1501,35.19553660745389,9.462357807652534,0.0,0.0,0.0,25.733178799801355,0.0
2023,7,10,11,9.1501,48.59507554147489,9.462357807652534,0.0,0.0,0.0,39.13271773382236,0.0
2023,7,10,12,9.1501,59.10679765805325,9.462357807652534,0.0,0.0,0.0,49.644439850400715,0.0
2023,7,10,13,9.1501,63.17626812104652,9.462357807652534,0.0,0.0,0.0,53.71391031339398,0.0
2023,7,10,14,9.1501,65.97106847076358,9.462357807652534,0.0,0.0,0.0,56.508710663111046,0.0
2023,7,10,15,9.1501,62.11174632374288,41.20095675349349,31.738598945840955,0.0,29.695950045353214,20.910789570249385,0.0
2023,7,10,16,9.1501,54.15194822448707,54.15194822448707,44.68959041683454,0.0,71.50938506276498,0.0,0.0
2023,7,10,17,9.1501,42.06669752888464,42.06669752888464,32.60433972123211,0.0,102.01535809817238,0.0,0.0
2023,7,10,18,9.1501,25.746613760999065,25.746613760999065,16.28425595334653,0.0,117.25158362096573,0.0,0.0
2023,7,10,19,9.1501,8.212148331140892,8.212148331140892,0.0,1.2502094765116425,115.98218822337593,0.0,0.0
2023,7,10,20,9.1501,1.9921026837890743,1.9921026837890743,0.0,7.47025512386346,108.3972933307914,0.0,0.0
2023,7,10,21,9.1501,0.09043267695540583,0.09043267695540583,0.0,9.371925130697127,98.88154508941868,0.0,0.0
2023,7,10,22,9.1501,0.0,0.0,0.0,9.462357807652534,89.27397637629652,0.0,0.0
2023,7,10,23,9.1501,0.0,0.0,0.0,9.462357807652534,79.66640766317435,0.0,0.0
2023,7,11,0,9.1501,0.0,0.0,0.0,9.462357807652534,70.05883895005219,0.0,0.0
2023,7,11,1,9.1501,0.0,0.0,0.0,9.462357807652534,60.45127023693003,0.0,0.0
2023,7,11,2,9.1501,0.0,0.0,0.0,9.462357807652534,50.843701523807866,0.0,0.0
2023,7,11,3,9.1501,0.0,0.0,0.0,9.462357807652534,41.23613281068571,0.0,0.0
2023,7,11,4,9.1501,0.0,0.0,0.0,9.462357807652534,31.62856409756355,0.0,0.0
2023,7,11,5,9.1501,0.0,0.0,0.0,9.462357807652534,22.02099538444139,0.0,0.0
2023,7,11,6,9.1501,0.0,0.0,0.0,9.462357807652534,12.41342667131923,0.0,0.0
2023,7,11,7,9.1501,1.3564901543310877,1.3564901543310877,0.0,8.105867653321447,4.183165034438652,0.0,0.0
2023,7,11,8,9.1501,5.342418049089356,5.342418049089356,0.0,4.119939758563178,0.0,0.0,0.0
2023,7,11,9,9.1501,20.841717615655867,9.462357807652534,0.0,0.0,0.0,11.379359808003333,0.0
2023,7,11,10,9.1501,38.176369892622084,9.462357807652534,0.0,0.0,0.0,28.71401208496955,0.0
2023,7,11,11,9.1501,48.85689967285054,9.462357807652534,0.0,0.0,0.0,39.39454186519801,0.0
2023,7,11,12,9.1501,62.21423669095901,9.462357807652534,0.0,0.0,0.0,52.751878883306475,0.0
2023,7,11,13,9.1501,53.698062312529935,9.462357807652534,0.0,0.0,0.0,44.235704504877404,0.0
2023,7,11,14,9.1501,67.0304226865269,9.462357807652534,0.0,0.0,0.0,57.56806487887437,0.0
2023,7,11,15,9.1501,65.36129384900714,42.80531324163776,33.342955433985225,0.0,31.19705254228979,22.555980607369378,0.0
2023,7,11,16,9.1501,55.96576934513549,55.96576934513549,46.50341153748296,0.0,74.70757385774182,0.0,0.0
2023,7,11,17,9.1501,39.31237656789999,39.31237656789999,29.850018760247455,0.0,102.63648992205103,0.0,0.0
2023,7,11,18,9.1501,23.928486322400378,23.928486322400378,14.466128514747844,0.0,116.17159997705566,0.0,0.0
2023,7,11,19,9.1501,7.840943723828712,7.840943723828712,0.0,1.6214140838238222,114.5253034049515,0.0,0.0
2023,7,11,20,9.1501,2.2952674674872053,2.2952674674872053,0.0,7.167090340165329,107.24822571289843,0.0,0.0
2023,7,11,21,9.1501,0.03703433437221382,0.03703433437221382,0.0,9.42532347328032,97.67825966915937,0.0,0.0
2023,7,11,22,9.1501,0.0,0.0,0.0,9.462357807652534,88.07069095603721,0.0,0.0
2023,7,11,23,9.1501,0.0,0.0,0.0,9.462357807652534,78.46312224291505,0.0,0.0
2023,7,12,0,9.1501,0.0,0.0,0.0,9.462357807652534,68.85555352979289,0.0,0.0
2023,7,12,1,9.1501,0.0,0.0,0.0,9.462357807652534,59.24798481667072,0.0,0.0
2023,7,12,2,9.1501,0.0,0.0,0.0,9.462357807652534,49.64041610354856,0.0,0.0
2023,7,12,3,9.1501,0.0,0.0,0.0,9.462357807652534,40.032847390426404,0.0,0.0
2023,7,12,4,9.1501,0.0,0.0,0.0,9.462357807652534,30.425278677304245,0.0,0.0
2023,7,12,5,9.1501,0.0,0.0,0.0,9.462357807652534,20.817709964182086,0.0,0.0
2023,7,12,6,9.1501,0.0,0.0,0.0,9.462357807652534,11.210141251059927,0.0,0.0
2023,7,12,7,9.1501,1.9335367596655735,1.9335367596655735,0.0,7.52882104798696,3.5657816720090914,0.0,0.0
2023,7,12,8,9.1501,5.950470143665704,5.950470143665704,0.0,3.5118876639868297,0.0,0.0,0.0
2023,7,12,9,9.1501,15.832608575916433,9.462357807652534,0.0,0.0,0.0,6.370250768263899,0.0
2023,7,12,10,9.1501,24.91980071454964,9.462357807652534,0.0,0.0,0.0,15.457442906897107,0.0
2023,7,12,11,9.1501,35.609804394268664,9.462357807652534,0.0,0.0,0.0,26.14744658661613,0.0
2023,7,12,12,9.1501,26.63457652234215,21.880451482157987,12.418093674505453,0.0,11.618883683110848,4.754125040184164,0.0
2023,7,12,13,9.1501,27.17114373894422,27.17114373894422,17.708785931291686,0.0,28.187958558686073,0.0,0.0
2023,7,12,14,9.1501,30.65237116993232,30.65237116993232,21.19001336227979,0.0,48.01421425889511,0.0,0.0
2023,7,12,15,9.1501,34.36613977023432,34.36613977023432,24.903781962581785,0.0,71.31522595015336,0.0,0.0
2023,7,12,16,9.1501,39.097921933977176,39.097921933977176,29.635564126324642,0.0,99.04348936099058,0.0,0.0
2023,7,12,17,9.1501,27.03248030094593,27.03248030094593,17.5701224932934,0.0,115.48282497066624,0.0,0.0
2023,7,12,18,9.1501,14.69315684627832,14.69315684627832,5.230799038625786,0.0,120.37697758317996,0.0,0.0
2023,7,12,19,9.1501,6.605891735694884,6.605891735694884,0.0,2.85646607195765,117.47667571118347,0.0,0.0
2023,7,12,20,9.1501,2.155742765898865,2.155742765898865,0.0,7.30661504175367,110.05793214843126,0.0,0.0
2023,7,12,21,9.1501,0.0163640082109782,0.0163640082109782,0.0,9.445993799441556,100.46697856829233,0.0,0.0
2023,7,12,22,9.1501,0.0,0.0,0.0,9.462357807652534,90.85940985517017,0.0,0.0
2023,7,12,23,9.1501,0.0,0.0,0.0,9.462357807652534,81.25184114204801,0.0,0.0
2023,7,13,0,9.1501,0.0,0.0,0.0,9.462357807652534,71.64427242892585,0.0,0.0
2023,7,13,1,9.1501,0.0,0.0,0.0,9.462357807652534,62.03670371580368,0.0,0.0
2023,7,13,2,9.1501,0.0,0.0,0.0,9.462357807652534,52.42913500268152,0.0,0.0
2023,7,13,3,9.1501,0.0,0.0,0.0,9.462357807652534,42.82156628955936,0.0,0.0
2023,7,13,4,9.1501,0.0,0.0,0.0,9.462357807652534,33.213997576437194,0.0,0.0
2023,7,13,5,9.1501,0.0,0.0,0.0,9.462357807652534,23.60642886331503,0.0,0.0
2023,7,13,6,9.1501,0.0,0.0,0.0,9.462357807652534,13.998860150192872,0.0,0.0
2023,7,13,7,9.1501,0.7536056412950487,0.7536056412950487,0.0,8.708752166357485,5.1564620349827015,0.0,0.0
2023,7,13,8,9.1501,4.383831673362055,4.383831673362055,0.0,5.078526134290479,0.0,0.0,0.0
2023,7,13,9,9.1501,12.914647532822006,9.462357807652534,0.0,0.0,0.0,3.4522897251694715,0.0
2023,7,13,10,9.1501,32.610023310119345,9.462357807652534,0.0,0.0,0.0,23.14766550246681,0.0
2023,7,13,11,9.1501,48.170472591579504,9.462357807652534,0.0,0.0,0.0,38.70811478392697,0.0
2023,7,13,12,9.1501,57.305895491255605,9.462357807652534,0.0,0.0,0.0,47.843537683603074,0.0
2023,7,13,13,9.1501,62.45366796899332,9.462357807652534,0.0,0.0,0.0,52.99131016134079,0.0
2023,7,13,14,9.1501,61.87834389083893,9.462357807652534,0.0,0.0,0.0,52.4159860831864,0.0
2023,7,13,15,9.1501,55.35082714183873,43.066115819997755,33.60375801234522,0.0,31.441070255607684,12.284711321840973,0.0
2023,7,13,16,9.1501,49.89472229886258,49.89472229886258,40.43236449121005,0.0,69.27126805971788,0.0,0.0
2023,7,13,17,9.1501,43.15791849747987,43.15791849747987,33.69556068982733,0.0,100.79823270937838,0.0,0.0
2023,7,13,18,9.1501,27.185785219975095,27.185785219975095,17.72342741232256,0.0,117.38100676209828,0.0,0.0
2023,7,13,19,9.1501,8.547179867670929,8.547179867670929,0.0,0.9151779399816053,116.45178435032307,0.0,0.0
2023,7,13,20,9.1501,2.0678938797136133,2.0678938797136133,0.0,7.39446392793892,108.9438437578714,0.0,0.0
2023,7,13,21,9.1501,0.10162910362606653,0.10162910362606653,0.0,9.360728704026467,99.43946376538194,0.0,0.0
2023,7,13,22,9.1501,0.0,0.0,0.0,9.462357807652534,89.83189505225978,0.0,0.0
2023,7,13,23,9.1501,0.0,0.0,0.0,9.462357807652534,80.22432633913762,0.0,0.0
2023,7,14,0,9.1501,0.0,0.0,0.0,9.462357807652534,70.61675762601546,0.0,0.0
2023,7,14,1,9.1501,0.0,0.0,0.0,9.462357807652534,61.00918891289329,0.0,0.0
2023,7,14,2,9.1501,0.0,0.0,0.0,9.462357807652534,51.40162019977113,0.0,0.0
2023,7,14,3,9.1501,0.0,0.0,0.0,9.462357807652534,41.79405148664897,0.0,0.0
2023,7,14,4,9.1501,0.0,0.0,0.0,9.462357807652534,32.186482773526805,0.0,0.0
2023,7,14,5,9.1501,0.0,0.0,0.0,9.462357807652534,22.578914060404646,0.0,0.0
2023,7,14,6,9.1501,0.0,0.0,0.0,9.462357807652534,12.971345347282487,0.0,0.0
2023,7,14,7,9.1501,1.4219461871750003,1.4219461871750003,0.0,8.040411620477533,4.807544242334834,0.0,0.0
2023,7,14,8,9.1501,4.727475845792597,4.727475845792597,0.0,4.734881961859937,0.0,0.0,0.0
2023,7,14,9,9.1501,22.317923409004102,9.462357807652534,0.0,0.0,0.0,12.855565601351568,0.0
2023,7,14,10,9.1501,40.680063148901745,9.462357807652534,0.0,0.0,0.0,31.21770534124921,0.0
2023,7,14,11,9.1501,54.394824556881595,9.462357807652534,0.0,0.0,0.0,44.932466749229064,0.0
2023,7,14,12,9.1501,63.467375214483916,9.462357807652534,0.0,0.0,0.0,54.005017406831385,0.0
2023,7,14,13,9.1501,68.23619171259898,9.462357807652534,0.0,0.0,0.0,58.77383390494644,0.0
2023,7,14,14,9.1501,64.17619514909629,43.96390890580091,34.50155109814838,0.0,32.28108271717124,20.212286243295374,0.0
2023,7,14,15,9.1501,55.388722739801,55.388722739801,45.92636493214846,0.0,75.25169528633315,0.0,0.0
2023,7,14,16,9.1501,46.9225016495949,46.9225016495949,37.46014384194236,0.0,110.30096013007439,0.0,0.0
2023,7,14,17,9.1501,32.820171626091906,32.820171626091906,23.35781381843937,0.0,132.15549988164494,0.0,0.0
2023,7,14,18,9.1501,22.752861521980112,22.752861521980112,13.290503714327578,0.0,144.5906465953272,0.0,0.0
2023,7,14,19,9.1501,7.21308256668118,7.21308256668118,0.0,2.249275240971354,142.30685360507695,0.0,0.0
2023,7,14,20,9.1501,1.691521690861115,1.691521690861115,0.0,7.770836116791418,134.41676495401097,0.0,0.0
2023,7,14,21,9.1501,0.0,-0.0,0.0,9.462357807652534,124.80919624088881,0.0,0.0
2023,7,14,22,9.1501,0.0,-0.0,0.0,9.462357807652534,115.20162752776665,0.0,0.0
2023,7,14,23,9.1501,0.0,-0.0,0.0,9.462357807652534,105.59405881464448,0.0,0.0
2023,7,15,0,9.1501,0.0,-0.0,0.0,9.462357807652534,95.98649010152232,0.0,0.0
2023,7,15,1,9.1501,0.0,-0.0,0.0,9.462357807652534,86.37892138840016,0.0,0.0
2023,7,15,2,9.1501,0.0,-0.0,0.0,9.462357807652534,76.771352675278,0.0,0.0
2023,7,15,3,9.1501,0.0,-0.0,0.0,9.462357807652534,67.16378396215583,0.0,0.0
2023,7,15,4,9.1501,0.0,-0.0,0.0,9.462357807652534,57.55621524903367,0.0,0.0
2023,7,15,5,9.1501,0.0,-0.0,0.0,9.462357807652534,47.94864653591151,0.0,0.0
2023,7,15,6,9.1501,0.0,-0.0,0.0,9.462357807652534,38.341077822789345,0.0,0.0
2023,7,15,7,9.1501,1.1816536455506361,1.1816536455506361,0.0,8.280704162101898,29.9332966071932,0.0,0.0
2023,7,15,8,9.1501,4.25894845280459,4.25894845280459,0.0,5.2034093548479445,24.65003487312794,0.0,0.0
2023,7,15,9,9.1501,9.635817045496005,9.635817045496005,0.1734592378434706,0.0,24.812330533081127,0.0,0.0
2023,7,15,10,9.1501,10.333440553437708,10.333440553437708,0.8710827457851736,0.0,25.627351692280573,0.0,0.0
2023,7,15,11,9.1501,13.843950946487556,13.843950946487556,4.381593138835022,0.0,29.726952030403176,0.0,0.0
2023,7,15,12,9.1501,14.912779061741448,14.912779061741448,5.450421254088914,0.0,34.82659230008702,0.0,0.0
2023,7,15,13,9.1501,12.938762913343446,12.938762913343446,3.4764051056909118,0.0,38.07926115708886,0.0,0.0
2023,7,15,14,9.1501,17.487095932405335,17.487095932405335,8.024738124752801,0.0,45.58753910238637,0.0,0.0
2023,7,15,15,9.1501,9.689215388079196,9.689215388079196,0.22685758042666224,0.0,45.79979646722013,0.0,0.0
2023,7,15,16,9.1501,13.458104858144482,13.458104858144482,3.995747050491948,0.0,49.538383195883064,0.0,0.0
2023,7,15,17,9.1501,16.169362639626563,16.169362639626563,6.707004831974029,0.0,55.81373519815986,0.0,0.0
2023,7,15,18,9.1501,10.779575093084375,10.779575093084375,1.3172172854318411,0.0,57.046178343297036,0.0,0.0
2023,7,15,19,9.1501,5.618022397905831,5.618022397905831,0.0,3.8443354097467033,53.14284712752334,0.0,0.0
2023,7,15,20,9.1501,1.3961082794734556,1.3961082794734556,0.0,8.066249528179078,44.95281160207581,0.0,0.0
2023,7,15,21,9.1501,0.0,-0.0,0.0,9.462357807652534,35.34524288895365,0.0,0.0
2023,7,15,22,9.1501,0.0,-0.0,0.0,9.462357807652534,25.73767417583149,0.0,0.0
2023,7,15,23,9.1501,0.0,-0.0,0.0,9.462357807652534,16.13010546270933,0.0,0.0
2023,7,16,0,9.1501,0.0,-0.0,0.0,9.462357807652534,6.522536749587172,0.0,0.0
2023,7,16,1,9.1501,0.0,-0.0,0.0,6.423953695367345,0.0,0.0,2.9381367765797775
2023,7,16,2,9.1501,0.0,-0.0,0.0,-0.0,0.0,0.0,9.1501
2023,7,16,3,9.1501,0.0,-0.0,0.0,-0.0,0.0,0.0,9.1501
2023,7,16,4,9.1501,0.0,-0.0,0.0,-0.0,0.0,0.0,9.1501
2023,7,16,5,9.1501,0.0,-0.0,0.0,-0.0,0.0,0.0,9.1501
2023,7,16,6,9.1501,0.0,-0.0,0.0,-0.0,0.0,0.0,9.1501
2023,7,16,7,9.1501,1.278976431226454,1.278976431226454,0.0,-0.0,0.0,0.0,7.913329791004019
2023,7,16,8,9.1501,3.6328098228371606,3.6328098228371606,0.0,-0.0,0.0,0.0,5.6371729013164655
2023,7,16,9,9.1501,17.88930602895938,9.462357807652534,0.0,0.0,0.0,8.426948221306844,0.0
2023,7,16,10,9.1501,29.394926328457153,9.462357807652534,0.0,0.0,0.0,19.93256852080462,0.0
2023,7,16,11,9.1501,37.768130950937675,9.462357807652534,0.0,0.0,0.0,28.30577314328514,0.0
2023,7,16,12,9.1501,34.97763691917087,9.462357807652534,0.0,0.0,0.0,25.515279111518335,0.0
2023,7,16,13,9.1501,44.4196696569053,16.969053477419585,7.506695669767051,0.0,7.023575930224954,27.450616179485714,0.0
2023,7,16,14,9.1501,34.335995544582524,34.335995544582524,24.87363773692999,0.0,30.29638343324418,0.0,0.0
2023,7,16,15,9.1501,44.72886328573378,44.72886328573378,35.26650547808125,0.0,63.29318920713331,0.0,0.0
2023,7,16,16,9.1501,31.05630379366646,31.05630379366646,21.593945986013924,0.0,83.49738102974541,0.0,0.0
2023,7,16,17,9.1501,32.70734609579516,32.70734609579516,23.244988288142626,0.0,105.246356533907,0.0,0.0
2023,7,16,18,9.1501,23.012101862585602,23.012101862585602,13.549744054933068,0.0,117.92405926644496,0.0,0.0
2023,7,16,19,9.1501,8.407655166082588,8.407655166082588,0.0,1.0547026415699463,116.85317098397061,0.0,0.0
2023,7,16,20,9.1501,1.8465491370703822,1.8465491370703822,0.0,7.615808670582152,109.12048885590366,0.0,0.0
2023,7,16,21,9.1501,0.0163640082109782,0.0163640082109782,0.0,9.445993799441556,99.52953527576473,0.0,0.0
2023,7,16,22,9.1501,0.0,0.0,0.0,9.462357807652534,89.92196656264257,0.0,0.0
2023,7,16,23,9.1501,0.0,0.0,0.0,9.462357807652534,80.3143978495204,0.0,0.0
2023,7,17,0,9.1501,0.0,0.0,0.0,9.462357807652534,70.70682913639824,0.0,0.0
2023,7,17,1,9.1501,0.0,0.0,0.0,9.462357807652534,61.09926042327608,0.0,0.0
2023,7,17,2,9.1501,0.0,0.0,0.0,9.462357807652534,51.491691710153916,0.0,0.0
2023,7,17,3,9.1501,0.0,0.0,0.0,9.462357807652534,41.88412299703175,0.0,0.0
2023,7,17,4,9.1501,0.0,0.0,0.0,9.462357807652534,32.27655428390959,0.0,0.0
2023,7,17,5,9.1501,0.0,0.0,0.0,9.462357807652534,22.668985570787427,0.0,0.0
2023,7,17,6,9.1501,0.0,0.0,0.0,9.462357807652534,13.061416857665268,0.0,0.0
2023,7,17,7,9.1501,1.0137072454905969,1.0137072454905969,0.0,8.448650562161937,4.483111908820151,0.0,0.0
2023,7,17,8,9.1501,5.047004637701697,5.047004637701697,0.0,4.415353169950837,0.0,0.0,0.0
2023,7,17,9,9.1501,15.369248764468734,9.462357807652534,0.0,0.0,0.0,5.9068909568162,0.0
2023,7,17,10,9.1501,26.642327894652603,9.462357807652534,0.0,0.0,0.0,17.17997008700007,0.0
2023,7,17,11,9.1501,42.48699416082977,9.462357807652534,0.0,0.0,0.0,33.02463635317723,0.0
2023,7,17,12,9.1501,54.446500372284675,9.462357807652534,0.0,0.0,0.0,44.98414256463214,0.0
2023,7,17,13,9.1501,55.22938897564147,9.462357807652534,0.0,0.0,0.0,45.76703116798893,0.0
2023,7,17,14,9.1501,61.57431784355075,9.462357807652534,0.0,0.0,0.0,52.11196003589822,0.0
2023,7,17,15,9.1501,60.97057206692467,42.89610668662979,33.433748878977255,0.0,31.282002656550652,18.074465380294875,0.0
2023,7,17,16,9.1501,54.772058009324134,54.772058009324134,45.309700201671596,0.0,73.67563811773685,0.0,0.0
2023,7,17,17,9.1501,39.49410318540086,39.49410318540086,30.031745377748326,0.0,101.77458514542997,0.0,0.0
2023,7,17,18,9.1501,26.74137320750853,26.74137320750853,17.279015399855997,0.0,117.94154888011151,0.0,0.0
2023,7,17,19,9.1501,8.469666144566295,8.469666144566295,0.0,0.9926916630862389,116.93362320683678,0.0,0.0
2023,7,17,20,9.1501,1.9025312704237283,1.9025312704237283,0.0,7.559826537228806,109.25778232318615,0.0,0.0
2023,7,17,21,9.1501,0.04392444309262569,0.04392444309262569,0.0,9.418433364559908,99.69481212491371,0.0,0.0
2023,7,17,22,9.1501,0.0,0.0,0.0,9.462357807652534,90.08724341179155,0.0,0.0
2023,7,17,23,9.1501,0.0,0.0,0.0,9.462357807652534,80.47967469866938,0.0,0.0
2023,7,18,0,9.1501,0.0,0.0,0.0,9.462357807652534,70.87210598554722,0.0,0.0
2023,7,18,1,9.1501,0.0,0.0,0.0,9.462357807652534,61.26453727242506,0.0,0.0
2023,7,18,2,9.1501,0.0,0.0,0.0,9.462357807652534,51.656968559302896,0.0,0.0
2023,7,18,3,9.1501,0.0,0.0,0.0,9.462357807652534,42.049399846180734,0.0,0.0
2023,7,18,4,9.1501,0.0,0.0,0.0,9.462357807652534,32.44183113305857,0.0,0.0
2023,7,18,5,9.1501,0.0,0.0,0.0,9.462357807652534,22.834262419936415,0.0,0.0
2023,7,18,6,9.1501,0.0,0.0,0.0,9.462357807652534,13.226693706814256,0.0,0.0
2023,7,18,7,9.1501,1.247109678394549,1.247109678394549,0.0,8.215248129257985,4.885373023151025,0.0,0.0
2023,7,18,8,9.1501,4.650823386278015,4.650823386278015,0.0,4.811534421374519,0.0,0.0,0.0
2023,7,18,9,9.1501,20.661713525335106,9.462357807652534,0.0,0.0,0.0,11.199355717682572,0.0
2023,7,18,10,9.1501,38.525181646592934,9.462357807652534,0.0,0.0,0.0,29.0628238389404,0.0
2023,7,18,11,9.1501,51.58882778049385,9.462357807652534,0.0,0.0,0.0,42.12646997284132,0.0
2023,7,18,12,9.1501,61.35469562808763,9.462357807652534,0.0,0.0,0.0,51.8923378204351,0.0
2023,7,18,13,9.1501,66.41289669246,9.462357807652534,0.0,0.0,0.0,56.95053888480746,0.0
2023,7,18,14,9.1501,65.0262623124771,9.462357807652534,0.0,0.0,0.0,55.56390450482456,0.0
2023,7,18,15,9.1501,65.89527727483906,48.40521966323761,38.94286185558508,0.0,36.436557337011465,17.49005761160145,0.0
2023,7,18,16,9.1501,53.65327660584726,53.65327660584726,44.19091879819473,0.0,77.7834144975546,0.0,0.0
2023,7,18,17,9.1501,39.07983539858609,39.07983539858609,29.617477590933557,0.0,105.4947553954484,0.0,0.0
2023,7,18,18,9.1501,23.92331874086007,23.92331874086007,14.460960933207534,0.0,119.02503044675491,0.0,0.0
2023,7,18,19,9.1501,7.681609959669178,7.681609959669178,0.0,1.7807478479833563,117.21695494823507,0.0,0.0
2023,7,18,20,9.1501,1.9300917053053759,1.9300917053053759,0.0,7.532266102347158,109.56909744645093,0.0,0.0
2023,7,18,21,9.1501,0.018947798981132653,0.018947798981132653,0.0,9.443410008671401,99.98076730836198,0.0,0.0
2023,7,18,22,9.1501,0.0,0.0,0.0,9.462357807652534,90.37319859523981,0.0,0.0
2023,7,18,23,9.1501,0.0,0.0,0.0,9.462357807652534,80.76562988211765,0.0,0.0
2023,7,19,0,9.1501,0.0,0.0,0.0,9.462357807652534,71.15806116899549,0.0,0.0
2023,7,19,1,9.1501,0.0,0.0,0.0,9.462357807652534,61.550492455873325,0.0,0.0
2023,7,19,2,9.1501,0.0,0.0,0.0,9.462357807652534,51.94292374275116,0.0,0.0
2023,7,19,3,9.1501,0.0,0.0,0.0,9.462357807652534,42.335355029629,0.0,0.0
2023,7,19,4,9.1501,0.0,0.0,0.0,9.462357807652534,32.72778631650684,0.0,0.0
2023,7,19,5,9.1501,0.0,0.0,0.0,9.462357807652534,23.120217603384678,0.0,0.0
2023,7,19,6,9.1501,0.0,0.0,0.0,9.462357807652534,13.512648890262518,0.0,0.0
2023,7,19,7,9.1501,1.0231811449811632,1.0231811449811632,0.0,8.43917666267137,4.94396322893401,0.0,0.0
2023,7,19,8,9.1501,4.5931187257445565,4.5931187257445565,0.0,4.869239081907978,0.0,0.0,0.0
2023,7,19,9,9.1501,16.947944925033106,9.462357807652534,0.0,0.0,0.0,7.485587117380572,0.0
2023,7,19,10,9.1501,33.34468115243326,9.462357807652534,0.0,0.0,0.0,23.882323344780726,0.0
2023,7,19,11,9.1501,47.94309900380591,9.462357807652534,0.0,0.0,0.0,38.480741196153375,0.0
2023,7,19,12,9.1501,46.775225575696105,9.462357807652534,0.0,0.0,0.0,37.312867768043574,0.0
2023,7,19,13,9.1501,47.78118144887623,9.462357807652534,0.0,0.0,0.0,38.3188236412237,0.0
2023,7,19,14,9.1501,59.92413680501211,9.462357807652534,0.0,0.0,0.0,50.46177899735957,0.0
2023,7,19,15,9.1501,62.197011419157974,44.60261567244288,35.14025786479035,0.0,32.8786832687329,17.594395746715094,0.0
2023,7,19,16,9.1501,55.321544179776986,55.321544179776986,45.859186372124455,0.0,75.78644078981925,0.0,0.0
2023,7,19,17,9.1501,37.12907336711948,37.12907336711948,27.666715559466947,0.0,101.67256779167258,0.0,0.0
2023,7,19,18,9.1501,27.55698982728728,27.55698982728728,18.094632019634744,0.0,118.60265627670746,0.0,0.0
2023,7,19,19,9.1501,8.722877640041432,8.722877640041432,0.0,0.7394801676111021,117.85182792433116,0.0,0.0
2023,7,19,20,9.1501,2.008466692000061,2.008466692000061,0.0,7.453891115652473,110.28354816472986,0.0,0.0
2023,7,19,21,9.1501,0.017225271801029684,0.017225271801029684,0.0,9.445132535851505,100.69346906527427,0.0,0.0
2023,7,19,22,9.1501,0.0,0.0,0.0,9.462357807652534,91.08590035215211,0.0,0.0
2023,7,19,23,9.1501,0.0,0.0,0.0,9.462357807652534,81.47833163902995,0.0,0.0
2023,7,20,0,9.1501,0.0,0.0,0.0,9.462357807652534,71.87076292590778,0.0,0.0
2023,7,20,1,9.1501,0.0,0.0,0.0,9.462357807652534,62.26319421278562,0.0,0.0
2023,7,20,2,9.1501,0.0,0.0,0.0,9.462357807652534,52.65562549966346,0.0,0.0
2023,7,20,3,9.1501,0.0,0.0,0.0,9.462357807652534,43.048056786541295,0.0,0.0
2023,7,20,4,9.1501,0.0,0.0,0.0,9.462357807652534,33.44048807341914,0.0,0.0
2023,7,20,5,9.1501,0.0,0.0,0.0,9.462357807652534,23.83291936029698,0.0,0.0
2023,7,20,6,9.1501,0.0,0.0,0.0,9.462357807652534,14.225350647174821,0.0,0.0
2023,7,20,7,9.1501,1.250554732754755,1.250554732754755,0.0,8.211803074897778,5.887527886244899,0.0,0.0
2023,7,20,8,9.1501,3.663815312079014,3.663815312079014,0.0,5.79854249557352,0.0,0.0,0.0
2023,7,20,9,9.1501,10.237840294941993,9.462357807652534,0.0,0.0,0.0,0.7754824872894588,0.0
2023,7,20,10,9.1501,21.874372660127595,9.462357807652534,0.0,0.0,0.0,12.41201485247506,0.0
2023,7,20,11,9.1501,25.83015632923406,12.344552786372589,2.8821949787200536,0.0,2.696701207734133,13.485603542861472,0.0
2023,7,20,12,9.1501,28.729169573347356,28.729169573347356,19.266811765694822,0.0,20.723529698292673,0.0,0.0
2023,7,20,13,9.1501,33.03807131437493,33.03807131437493,23.575713506722398,0.0,42.78194543913398,0.0,0.0
2023,7,20,14,9.1501,27.16942121176411,27.16942121176411,17.707063404111576,0.0,59.34940864680983,0.0,0.0
2023,7,20,15,9.1501,27.69220821092537,27.69220821092537,18.229850403272835,0.0,76.40601306194553,0.0,0.0
2023,7,20,16,9.1501,24.263517858930413,24.263517858930413,14.80116005127788,0.0,90.25459252337832,0.0,0.0
2023,7,20,17,9.1501,27.264160206669782,27.264160206669782,17.801802399017248,0.0,106.91069746551972,0.0,0.0
2023,7,20,18,9.1501,22.00528472581542,22.00528472581542,12.542926918162888,0.0,118.64638031087388,0.0,0.0
2023,7,20,19,9.1501,8.020947814149462,8.020947814149462,0.0,1.441409993503072,117.18285020158527,0.0,0.0
2023,7,20,20,9.1501,1.7190821257427622,1.7190821257427622,0.0,7.743275681909772,109.32074493238576,0.0,0.0
2023,7,20,21,9.1501,0.0,0.0,0.0,9.462357807652534,99.7131762192636,0.0,0.0
2023,7,20,22,9.1501,0.0,0.0,0.0,9.462357807652534,90.10560750614144,0.0,0.0
2023,7,20,23,9.1501,0.0,0.0,0.0,9.462357807652534,80.49803879301928,0.0,0.0
2023,7,21,0,9.1501,0.0,0.0,0.0,9.462357807652534,70.89047007989711,0.0,0.0
2023,7,21,1,9.1501,0.0,0.0,0.0,9.462357807652534,61.28290136677495,0.0,0.0
2023,7,21,2,9.1501,0.0,0.0,0.0,9.462357807652534,51.67533265365279,0.0,0.0
2023,7,21,3,9.1501,0.0,0.0,0.0,9.462357807652534,42.067763940530625,0.0,0.0
2023,7,21,4,9.1501,0.0,0.0,0.0,9.462357807652534,32.46019522740846,0.0,0.0
2023,7,21,5,9.1501,0.0,0.0,0.0,9.462357807652534,22.852626514286307,0.0,0.0
2023,7,21,6,9.1501,0.0,0.0,0.0,9.462357807652534,13.245057801164146,0.0,0.0
2023,7,21,7,9.1501,1.19543386299146,1.19543386299146,0.0,8.266923944661073,4.851268276501234,0.0,0.0
2023,7,21,8,9.1501,4.684412666290022,4.684412666290022,0.0,4.777945141362512,0.0,0.0,0.0
2023,7,21,9,9.1501,17.918588991021128,9.462357807652534,0.0,0.0,0.0,8.456231183368594,0.0
2023,7,21,10,9.1501,27.71373980067665,9.462357807652534,0.0,0.0,0.0,18.251381993024115,0.0
2023,7,21,11,9.1501,47.006044217829896,9.462357807652534,0.0,0.0,0.0,37.54368641017736,0.0
2023,7,21,12,9.1501,51.35111902963964,9.462357807652534,0.0,0.0,0.0,41.88876122198711,0.0
2023,7,21,13,9.1501,48.719958762032356,9.462357807652534,0.0,0.0,0.0,39.257600954379825,0.0
2023,7,21,14,9.1501,44.624650391337546,19.869136785062043,10.406778977409509,0.0,9.737014200706597,24.755513606275503,0.0
2023,7,21,15,9.1501,46.931114285495426,46.931114285495426,37.46875647784289,0.0,44.794337383944715,0.0,0.0
2023,7,21,16,9.1501,45.77013096610602,45.77013096610602,36.30777315845348,0.0,78.7653964030051,0.0,0.0
2023,7,21,17,9.1501,36.6209278489891,36.6209278489891,27.158570041336564,0.0,104.17608137454324,0.0,0.0
2023,7,21,18,9.1501,24.538260944156836,24.538260944156836,15.075903136504301,0.0,118.2817218659261,0.0,0.0
2023,7,21,19,9.1501,8.974366608336465,8.974366608336465,0.0,0.48799119931606855,117.78624187308158,0.0,0.0
2023,7,21,20,9.1501,1.6854928457307545,1.6854928457307545,0.0,7.776864961921779,109.89003185723229,0.0,0.0
2023,7,21,21,9.1501,0.0,0.0,0.0,9.462357807652534,100.28246314411012,0.0,0.0
2023,7,21,22,9.1501,0.0,0.0,0.0,9.462357807652534,90.67489443098796,0.0,0.0
2023,7,21,23,9.1501,0.0,0.0,0.0,9.462357807652534,81.0673257178658,0.0,0.0
2023,7,22,0,9.1501,0.0,0.0,0.0,9.462357807652534,71.45975700474364,0.0,0.0
2023,7,22,1,9.1501,0.0,0.0,0.0,9.462357807652534,61.852188291621474,0.0,0.0
2023,7,22,2,9.1501,0.0,0.0,0.0,9.462357807652534,52.24461957849931,0.0,0.0
2023,7,22,3,9.1501,0.0,0.0,0.0,9.462357807652534,42.63705086537715,0.0,0.0
2023,7,22,4,9.1501,0.0,0.0,0.0,9.462357807652534,33.029482152254985,0.0,0.0
2023,7,22,5,9.1501,0.0,0.0,0.0,9.462357807652534,23.421913439132826,0.0,0.0
2023,7,22,6,9.1501,0.0,0.0,0.0,9.462357807652534,13.814344726010667,0.0,0.0
2023,7,22,7,9.1501,1.168734691699864,1.168734691699864,0.0,8.29362311595267,5.3934463001645865,0.0,0.0
2023,7,22,8,9.1501,4.150429240458102,4.150429240458102,0.0,5.311928567194432,0.0,0.0,0.0
2023,7,22,9,9.1501,17.929785417691797,9.462357807652534,0.0,0.0,0.0,8.467427610039262,0.0
2023,7,22,10,9.1501,29.79972021578135,9.462357807652534,0.0,0.0,0.0,20.337362408128815,0.0
2023,7,22,11,9.1501,48.73201645229309,9.462357807652534,0.0,0.0,0.0,39.26965864464056,0.0
2023,7,22,12,9.1501,54.931391773483654,9.462357807652534,0.0,0.0,0.0,45.469033965831116,0.0
2023,7,22,13,9.1501,65.62656303474299,9.462357807652534,0.0,0.0,0.0,56.16420522709045,0.0
2023,7,22,14,9.1501,63.84805372128668,9.462357807652534,0.0,0.0,0.0,54.38569591363415,0.0
2023,7,22,15,9.1501,63.589674644271234,39.52750477464351,30.065146966990977,0.0,28.13019894045958,24.062169869627724,0.0
2023,7,22,16,9.1501,54.98306758888675,54.98306758888675,45.52070978123422,0.0,70.72126371931904,0.0,0.0
2023,7,22,17,9.1501,42.77121114554676,42.77121114554676,33.30885333789422,0.0,101.88640892557021,0.0,0.0
2023,7,22,18,9.1501,27.13497066816206,27.13497066816206,17.672612860509528,0.0,118.4216387752586,0.0,0.0
2023,7,22,19,9.1501,8.618664745645193,8.618664745645193,0.0,0.8436930620073414,117.5649982601996,0.0,0.0
2023,7,22,20,9.1501,1.6226206036569961,1.6226206036569961,0.0,7.839737203995538,109.60495115446737,0.0,0.0
2023,7,22,21,9.1501,0.0,0.0,0.0,9.462357807652534,99.99738244134521,0.0,0.0
2023,7,22,22,9.1501,0.0,0.0,0.0,9.462357807652534,90.38981372822305,0.0,0.0
2023,7,22,23,9.1501,0.0,0.0,0.0,9.462357807652534,80.78224501510088,0.0,0.0
2023,7,23,0,9.1501,0.0,0.0,0.0,9.462357807652534,71.17467630197872,0.0,0.0
2023,7,23,1,9.1501,0.0,0.0,0.0,9.462357807652534,61.56710758885656,0.0,0.0
2023,7,23,2,9.1501,0.0,0.0,0.0,9.462357807652534,51.959538875734395,0.0,0.0
2023,7,23,3,9.1501,0.0,0.0,0.0,9.462357807652534,42.35197016261223,0.0,0.0
2023,7,23,4,9.1501,0.0,0.0,0.0,9.462357807652534,32.74440144949007,0.0,0.0
2023,7,23,5,9.1501,0.0,0.0,0.0,9.462357807652534,23.13683273636791,0.0,0.0
2023,7,23,6,9.1501,0.0,0.0,0.0,9.462357807652534,13.529264023245752,0.0,0.0
2023,7,23,7,9.1501,1.1652896373396495,1.1652896373396495,0.0,8.297068170312885,5.104867674666351,0.0,0.0
2023,7,23,8,9.1501,4.434646225175092,4.434646225175092,0.0,5.027711582477442,0.0,0.0,0.0
2023,7,23,9,9.1501,16.744686717780947,9.462357807652534,0.0,0.0,0.0,7.282328910128413,0.0
2023,7,23,10,9.1501,24.034421743976715,9.462357807652534,0.0,0.0,0.0,14.57206393632418,0.0
2023,7,23,11,9.1501,33.30506302729089,9.462357807652534,0.0,0.0,0.0,23.842705219638358,0.0
2023,7,23,12,9.1501,41.76267148159646,9.462357807652534,0.0,0.0,0.0,32.30031367394393,0.0
2023,7,23,13,9.1501,54.319033360957064,9.462357807652534,-0.0,0.0,0.0,44.85667555330453,0.0
2023,7,23,14,9.1501,49.72419210803239,37.61295119276127,28.150593385108742,0.0,26.338863172181213,12.111240915271118,0.0
2023,7,23,15,9.1501,46.826040127509145,46.826040127509145,37.363682319856615,0.0,61.29787461355755,0.0,0.0
2023,7,23,16,9.1501,54.185537504499074,54.185537504499074,44.723179696846536,0.0,103.14273715500708,0.0,0.0
2023,7,23,17,9.1501,38.27972152342826,38.27972152342826,28.817363715775723,0.0,130.1054583136419,0.0,0.0
2023,7,23,18,9.1501,24.94391609507108,24.94391609507108,15.481558287418547,0.0,144.5906465953272,0.0,0.0
2023,7,23,19,9.1501,8.42660296506372,8.42660296506372,0.0,1.0357548425888137,143.53899688788607,0.0,0.0
2023,7,23,20,9.1501,1.5072112825900974,1.5072112825900974,0.0,7.955146525062437,135.4617693705879,0.0,0.0
2023,7,23,21,9.1501,0.0,-0.0,0.0,9.462357807652534,125.85420065746573,0.0,0.0
2023,7,23,22,9.1501,0.0,-0.0,0.0,9.462357807652534,116.24663194434356,0.0,0.0
2023,7,23,23,9.1501,0.0,-0.0,0.0,9.462357807652534,106.6390632312214,0.0,0.0
2023,7,24,0,9.1501,0.0,-0.0,0.0,9.462357807652534,97.03149451809924,0.0,0.0
2023,7,24,1,9.1501,0.0,-0.0,0.0,9.462357807652534,87.42392580497707,0.0,0.0
2023,7,24,2,9.1501,0.0,-0.0,0.0,9.462357807652534,77.81635709185491,0.0,0.0
2023,7,24,3,9.1501,0.0,-0.0,0.0,9.462357807652534,68.20878837873275,0.0,0.0
2023,7,24,4,9.1501,0.0,-0.0,0.0,9.462357807652534,58.601219665610586,0.0,0.0
2023,7,24,5,9.1501,0.0,-0.0,0.0,9.462357807652534,48.99365095248842,0.0,0.0
2023,7,24,6,9.1501,0.0,-0.0,0.0,9.462357807652534,39.38608223936626,0.0,0.0
2023,7,24,7,9.1501,0.48230761042883113,0.48230761042883113,0.0,8.980050197223703,30.268222708907786,0.0,0.0
2023,7,24,8,9.1501,3.3511766288903164,3.3511766288903164,0.0,6.111181178762218,24.06325833461482,0.0,0.0
2023,7,24,9,9.1501,9.989796381007164,9.989796381007164,0.5274385733546297,0.0,24.556751747889255,0.0,0.0
2023,7,24,10,9.1501,18.161465323415648,18.161465323415648,8.699107515763115,0.0,32.69599767579149,0.0,0.0
2023,7,24,11,9.1501,19.076988519640373,19.076988519640373,9.61463071198784,0.0,41.69184509221073,0.0,0.0
2023,7,24,12,9.1501,14.66559641139667,14.66559641139667,5.203238603744136,0.0,46.56021101833448,0.0,0.0
2023,7,24,13,9.1501,24.83798067349475,24.83798067349475,15.375622865842217,0.0,60.946281724208326,0.0,0.0
2023,7,24,14,9.1501,16.96172514247393,16.96172514247393,7.499367334821397,0.0,67.96300096019694,0.0,0.0
2023,7,24,15,9.1501,14.840432920177122,14.840432920177122,5.378075112524588,0.0,72.9949511781071,0.0,0.0
2023,7,24,16,9.1501,15.721505572799783,15.721505572799783,6.259147765147249,0.0,78.85126952654679,0.0,0.0
2023,7,24,17,9.1501,12.37205147108957,12.37205147108957,2.909693663437036,0.0,81.57369964465475,0.0,0.0
2023,7,24,18,9.1501,8.853789705729257,8.853789705729257,0.0,0.6085681019232768,80.95579235614431,0.0,0.0
2023,7,24,19,9.1501,3.9342520793551796,3.9342520793551796,0.0,5.528105728297355,75.3428514044644,0.0,0.0
2023,7,24,20,9.1501,0.9809792290686405,0.9809792290686405,0.0,8.481378578583895,66.73131618965259,0.0,0.0
2023,7,24,21,9.1501,0.0,-0.0,0.0,9.462357807652534,57.123747476530426,0.0,0.0
2023,7,24,22,9.1501,0.0,-0.0,0.0,9.462357807652534,47.51617876340826,0.0,0.0
2023,7,24,23,9.1501,0.0,-0.0,0.0,9.462357807652534,37.9086100502861,0.0,0.0
2023,7,25,0,9.1501,0.0,-0.0,0.0,9.462357807652534,28.30104133716394,0.0,0.0
2023,7,25,1,9.1501,0.0,-0.0,0.0,9.462357807652534,18.69347262404178,0.0,0.0
2023,7,25,2,9.1501,0.0,-0.0,0.0,9.462357807652534,9.085903910919622,0.0,0.0
2023,7,25,3,9.1501,0.0,-0.0,0.0,8.948577561943049,0.0,0.0,0.49682549760107225
2023,7,25,4,9.1501,0.0,-0.0,0.0,-0.0,0.0,0.0,9.1501
2023,7,25,5,9.1501,0.0,-0.0,0.0,-0.0,0.0,0.0,9.1501
2023,7,25,6,9.1501,0.0,-0.0,0.0,-0.0,0.0,0.0,9.1501
2023,7,25,7,9.1501,0.49694909145970634,0.49694909145970634,0.0,-0.0,0.0,0.0,8.669550228558464
2023,7,25,8,9.1501,3.6560639397685506,3.6560639397685506,0.0,-0.0,0.0,0.0,5.614686170243812
2023,7,25,9,9.1501,14.86110324633836,9.462357807652534,0.0,0.0,0.0,5.398745438685825,0.0
2023,7,25,10,9.1501,28.975490960102082,9.462357807652534,0.0,0.0,0.0,19.513133152449548,0.0
2023,7,25,11,9.1501,28.320930631662954,9.462357807652534,0.0,0.0,0.0,18.85857282401042,0.0
2023,7,25,12,9.1501,40.87556998384344,9.462357807652534,0.0,0.0,0.0,31.413212176190907,0.0
2023,7,25,13,9.1501,56.016583896948525,9.462357807652534,0.0,0.0,0.0,46.554226089295994,0.0
2023,7,25,14,9.1501,54.7780868544545,52.77151959579259,43.30916178814006,0.0,40.52184871680543,2.00656725866191,0.0
2023,7,25,15,9.1501,42.93571249124658,42.93571249124658,33.47335468359405,0.0,71.84090820744676,0.0,0.0
2023,7,25,16,9.1501,37.8938754350852,37.8938754350852,28.431517627432665,0.0,98.4426157566219,0.0,0.0
2023,7,25,17,9.1501,28.140926541342193,28.140926541342193,18.67856873368966,0.0,115.9190596595444,0.0,0.0
2023,7,25,18,9.1501,14.779283205283468,14.779283205283468,5.316925397630934,0.0,120.89379566702681,0.0,0.0
2023,7,25,19,9.1501,6.518904113099683,6.518904113099683,0.0,2.9434536945528507,117.90517124601419,0.0,0.0
2023,7,25,20,9.1501,1.7139145442024448,1.7139145442024448,0.0,7.748443263450089,110.03781909271471,0.0,0.0
2023,7,25,21,9.1501,0.0,0.0,0.0,9.462357807652534,100.43025037959255,0.0,0.0
2023,7,25,22,9.1501,0.0,0.0,0.0,9.462357807652534,90.82268166647039,0.0,0.0
2023,7,25,23,9.1501,0.0,0.0,0.0,9.462357807652534,81.21511295334822,0.0,0.0
2023,7,26,0,9.1501,0.0,0.0,0.0,9.462357807652534,71.60754424022606,0.0,0.0
2023,7,26,1,9.1501,0.0,0.0,0.0,9.462357807652534,61.9999755271039,0.0,0.0
2023,7,26,2,9.1501,0.0,0.0,0.0,9.462357807652534,52.39240681398174,0.0,0.0
2023,7,26,3,9.1501,0.0,0.0,0.0,9.462357807652534,42.784838100859574,0.0,0.0
2023,7,26,4,9.1501,0.0,0.0,0.0,9.462357807652534,33.17726938773741,0.0,0.0
2023,7,26,5,9.1501,0.0,0.0,0.0,9.462357807652534,23.569700674615255,0.0,0.0
2023,7,26,6,9.1501,0.0,0.0,0.0,9.462357807652534,13.962131961493096,0.0,0.0
2023,7,26,7,9.1501,1.0180135634408543,1.0180135634408543,0.0,8.44434424421168,5.3881994160646185,0.0,0.0
2023,7,26,8,9.1501,4.155596821998411,4.155596821998411,0.0,5.306760985654123,0.0,0.0,0.0
2023,7,26,9,9.1501,17.068521827640314,9.462357807652534,0.0,0.0,0.0,7.60616401998778,0.0
2023,7,26,10,9.1501,31.66693967901297,9.462357807652534,0.0,0.0,0.0,22.204581871360435,0.0
2023,7,26,11,9.1501,29.497416695673284,27.27680584503459,17.814448037382057,0.0,16.667936726077848,2.2206108506386926,0.0
2023,7,26,12,9.1501,25.986045039033378,25.986045039033378,16.523687231380844,0.0,32.12818408688412,0.0,0.0
2023,7,26,13,9.1501,18.445682308132636,18.445682308132636,8.983324500480101,0.0,40.533355218182976,0.0,0.0
2023,7,26,14,9.1501,21.20430958706754,21.20430958706754,11.741951779415007,0.0,51.51961249032846,0.0,0.0
2023,7,26,15,9.1501,22.34548384388576,22.34548384388576,12.883126036233225,0.0,63.573599745808885,0.0,0.0
2023,7,26,16,9.1501,33.707273123844935,33.707273123844935,24.2449153161924,0.0,86.25814846555679,0.0,0.0
2023,7,26,17,9.1501,30.82117883358241,30.82117883358241,21.358821025929878,0.0,106.24234761990442,0.0,0.0
2023,7,26,18,9.1501,20.926982711070963,20.926982711070963,11.464624903418429,0.0,116.96912636025078,0.0,0.0
2023,7,26,19,9.1501,7.403421820082557,7.403421820082557,0.0,2.058935987569977,114.87859360101601,0.0,0.0
2023,7,26,20,9.1501,1.8379365011698674,1.8379365011698674,0.0,7.624421306482667,107.13716666611577,0.0,0.0
2023,7,26,21,9.1501,0.0,0.0,0.0,9.462357807652534,97.52959795299361,0.0,0.0
2023,7,26,22,9.1501,0.0,0.0,0.0,9.462357807652534,87.92202923987145,0.0,0.0
2023,7,26,23,9.1501,0.0,0.0,0.0,9.462357807652534,78.31446052674929,0.0,0.0
2023,7,27,0,9.1501,0.0,0.0,0.0,9.462357807652534,68.70689181362712,0.0,0.0
2023,7,27,1,9.1501,0.0,0.0,0.0,9.462357807652534,59.09932310050496,0.0,0.0
2023,7,27,2,9.1501,0.0,0.0,0.0,9.462357807652534,49.4917543873828,0.0,0.0
2023,7,27,3,9.1501,0.0,0.0,0.0,9.462357807652534,39.884185674260635,0.0,0.0
2023,7,27,4,9.1501,0.0,0.0,0.0,9.462357807652534,30.27661696113848,0.0,0.0
2023,7,27,5,9.1501,0.0,0.0,0.0,9.462357807652534,20.66904824801632,0.0,0.0
2023,7,27,6,9.1501,0.0,0.0,0.0,9.462357807652534,11.061479534894161,0.0,0.0
2023,7,27,7,9.1501,1.140312993228165,1.140312993228165,0.0,8.32204481442437,2.6117232464982565,0.0,0.0
2023,7,27,8,9.1501,6.890108720411874,6.890108720411874,0.0,2.5722490872406603,0.0,0.0,0.0
2023,7,27,9,9.1501,21.155217562434604,9.462357807652534,0.0,0.0,0.0,11.69285975478207,0.0
2023,7,27,10,9.1501,40.87901503820365,9.462357807652534,0.0,0.0,0.0,31.416657230551113,0.0
2023,7,27,11,9.1501,55.88136551331045,9.462357807652534,0.0,0.0,0.0,46.41900770565792,0.0
2023,7,27,12,9.1501,64.94616479860233,9.462357807652534,0.0,0.0,0.0,55.48380699094979,0.0
2023,7,27,13,9.1501,68.90194846770878,9.462357807652534,0.0,0.0,0.0,59.43959066005624,0.0
2023,7,27,14,9.1501,67.18545013273618,13.436391743095186,3.974033935442652,0.0,3.7182710373202497,53.74905838964099,0.0
2023,7,27,15,9.1501,61.00932892847699,61.00932892847699,51.54697112082445,0.0,51.94775596213783,0.0,0.0
2023,7,27,16,9.1501,53.748876864342975,53.748876864342975,44.286519056690445,0.0,93.3840606910962,0.0,0.0
2023,7,27,17,9.1501,33.8321563444024,33.8321563444024,24.369798536749865,0.0,116.18545533354867,0.0,0.0
2023,7,27,18,9.1501,15.58714845275176,15.58714845275176,6.124790645099226,0.0,121.91606358583724,0.0,0.0
2023,7,27,19,9.1501,4.201243792271139,4.201243792271139,0.0,5.261114015381395,116.574211645989,0.0,0.0
2023,7,27,20,9.1501,1.095527286545488,1.095527286545488,0.0,8.366830521107048,108.07898236206003,0.0,0.0
2023,7,27,21,9.1501,0.0,0.0,0.0,9.462357807652534,98.47141364893787,0.0,0.0
2023,7,27,22,9.1501,0.0,0.0,0.0,9.462357807652534,88.8638449358157,0.0,0.0
2023,7,27,23,9.1501,0.0,0.0,0.0,9.462357807652534,79.25627622269354,0.0,0.0
2023,7,28,0,9.1501,0.0,0.0,0.0,9.462357807652534,69.64870750957138,0.0,0.0
2023,7,28,1,9.1501,0.0,0.0,0.0,9.462357807652534,60.04113879644922,0.0,0.0
2023,7,28,2,9.1501,0.0,0.0,0.0,9.462357807652534,50.433570083327055,0.0,0.0
2023,7,28,3,9.1501,0.0,0.0,0.0,9.462357807652534,40.82600137020489,0.0,0.0
2023,7,28,4,9.1501,0.0,0.0,0.0,9.462357807652534,31.218432657082733,0.0,0.0
2023,7,28,5,9.1501,0.0,0.0,0.0,9.462357807652534,21.610863943960574,0.0,0.0
2023,7,28,6,9.1501,0.0,0.0,0.0,9.462357807652534,12.003295230838413,0.0,0.0
2023,7,28,7,9.1501,0.9568638485471989,0.9568638485471989,0.0,8.505493959105335,3.3672745568936477,0.0,0.0
2023,7,28,8,9.1501,6.145976978607382,6.145976978607382,0.0,3.316380829045152,0.0,0.0,0.0
2023,7,28,9,9.1501,15.570784444540774,9.462357807652534,0.0,0.0,0.0,6.10842663688824,0.0
2023,7,28,10,9.1501,30.667012650963198,9.462357807652534,0.0,0.0,0.0,21.204654843310664,0.0
2023,7,28,11,9.1501,45.03891817815232,9.462357807652534,0.0,0.0,0.0,35.57656037049979,0.0
2023,7,28,12,9.1501,51.22365201831202,9.462357807652534,0.0,0.0,0.0,41.761294210659486,0.0
2023,7,28,13,9.1501,63.13148241436384,9.462357807652534,0.0,0.0,0.0,53.66912460671131,0.0
2023,7,28,14,9.1501,66.72122905769844,13.16315014452899,3.700792336876455,0.0,3.4626148605879266,53.558078913169446,0.0
2023,7,28,15,9.1501,55.13464998073581,55.13464998073581,45.67229217308328,0.0,46.19550641459225,0.0,0.0
2023,7,28,16,9.1501,45.22495111360343,45.22495111360343,35.7625933059509,0.0,79.65647254350094,0.0,0.0
2023,7,28,17,9.1501,36.736337170056004,36.736337170056004,27.27397936240347,0.0,105.1751392642971,0.0,0.0
2023,7,28,18,9.1501,23.40225426887893,23.40225426887893,13.939896461226398,0.0,118.21788477604315,0.0,0.0
2023,7,28,19,9.1501,8.380094731200941,8.380094731200941,0.0,1.0822630764515928,117.11901311170232,0.0,0.0
2023,7,28,20,9.1501,2.7569047517548007,2.7569047517548007,0.0,6.705453055897733,110.31065706591305,0.0,0.0
2023,7,28,21,9.1501,0.0,0.0,0.0,9.462357807652534,100.70308835279089,0.0,0.0
2023,7,28,22,9.1501,0.0,0.0,0.0,9.462357807652534,91.09551963966872,0.0,0.0
2023,7,28,23,9.1501,0.0,0.0,0.0,9.462357807652534,81.48795092654656,0.0,0.0
2023,7,29,0,9.1501,0.0,0.0,0.0,9.462357807652534,71.8803822134244,0.0,0.0
2023,7,29,1,9.1501,0.0,0.0,0.0,9.462357807652534,62.272813500302235,0.0,0.0
2023,7,29,2,9.1501,0.0,0.0,0.0,9.462357807652534,52.66524478718007,0.0,0.0
2023,7,29,3,9.1501,0.0,0.0,0.0,9.462357807652534,43.05767607405791,0.0,0.0
2023,7,29,4,9.1501,0.0,0.0,0.0,9.462357807652534,33.450107360935746,0.0,0.0
2023,7,29,5,9.1501,0.0,0.0,0.0,9.462357807652534,23.842538647813587,0.0,0.0
2023,7,29,6,9.1501,0.0,0.0,0.0,9.462357807652534,14.234969934691428,0.0,0.0
2023,7,29,7,9.1501,0.6674792822899002,0.6674792822899002,0.0,8.794878525362634,5.305123751148459,0.0,0.0
2023,7,29,8,9.1501,4.237416863053302,4.237416863053302,0.0,5.224940944599232,0.0,0.0,0.0
2023,7,29,9,9.1501,19.662647760875384,9.462357807652534,0.0,0.0,0.0,10.20028995322285,0.0
2023,7,29,10,9.1501,34.769211130378416,9.462357807652534,0.0,0.0,0.0,25.306853322725882,0.0
2023,7,29,11,9.1501,47.89831329712324,9.462357807652534,0.0,0.0,0.0,38.4359554894707,0.0
2023,7,29,12,9.1501,53.02110913074947,9.462357807652534,0.0,0.0,0.0,43.55875132309694,0.0
2023,7,29,13,9.1501,59.061150687780525,9.462357807652534,0.0,0.0,0.0,49.59879288012799,0.0
2023,7,29,14,9.1501,60.28069993129342,16.683938688094077,7.221580880441543,0.0,6.756810703585636,43.59676124319934,0.0
2023,7,29,15,9.1501,55.71600290402056,55.71600290402056,46.25364509636803,0.0,50.03364017362851,0.0,0.0
2023,7,29,16,9.1501,45.21117089616261,45.21117089616261,35.74881308851008,0.0,83.48171295934222,0.0,0.0
2023,7,29,17,9.1501,37.798275176589485,37.798275176589485,28.33591736893695,0.0,109.99397294010214,0.0,0.0
2023,7,29,18,9.1501,23.63824049255303,23.63824049255303,14.175882684900497,0.0,123.25751695406235,0.0,0.0
2023,7,29,19,9.1501,6.811733733717188,6.811733733717188,0.0,2.6506240739353464,120.56621596538125,0.0,0.0
2023,7,29,20,9.1501,1.245387151214446,1.245387151214446,0.0,8.216970656438088,112.22314632035136,0.0,0.0
2023,7,29,21,9.1501,0.0,0.0,0.0,9.462357807652534,102.6155776072292,0.0,0.0
2023,7,29,22,9.1501,0.0,0.0,0.0,9.462357807652534,93.00800889410704,0.0,0.0
2023,7,29,23,9.1501,0.0,0.0,0.0,9.462357807652534,83.40044018098487,0.0,0.0
2023,7,30,0,9.1501,0.0,0.0,0.0,9.462357807652534,73.79287146786271,0.0,0.0
2023,7,30,1,9.1501,0.0,0.0,0.0,9.462357807652534,64.18530275474055,0.0,0.0
2023,7,30,2,9.1501,0.0,0.0,0.0,9.462357807652534,54.577734041618385,0.0,0.0
2023,7,30,3,9.1501,0.0,0.0,0.0,9.462357807652534,44.97016532849622,0.0,0.0
2023,7,30,4,9.1501,0.0,0.0,0.0,9.462357807652534,35.36259661537406,0.0,0.0
2023,7,30,5,9.1501,0.0,0.0,0.0,9.462357807652534,25.755027902251896,0.0,0.0
2023,7,30,6,9.1501,0.0,0.0,0.0,9.462357807652534,16.147459189129737,0.0,0.0
2023,7,30,7,9.1501,0.3892911427032708,0.3892911427032708,0.0,9.073066664949263,6.935155744871827,0.0,0.0
2023,7,30,8,9.1501,2.632021531197336,2.632021531197336,0.0,6.830336276455197,0.0,0.0,0.0
2023,7,30,9,9.1501,12.272144894643597,9.462357807652534,0.0,0.0,0.0,2.8097870869910633,0.0
2023,7,30,10,9.1501,22.552187105498113,9.462357807652534,0.0,0.0,0.0,13.08982929784558,0.0
2023,7,30,11,9.1501,23.354884771426097,9.462357807652534,0.0,0.0,0.0,13.892526963773562,0.0
2023,7,30,12,9.1501,35.819952710241225,9.462357807652534,0.0,0.0,0.0,26.35759490258869,0.0
2023,7,30,13,9.1501,45.37136592391218,9.462357807652534,0.0,0.0,0.0,35.90900811625964,0.0
2023,7,30,14,9.1501,52.94531793482494,9.462357807652534,0.0,0.0,0.0,43.482960127172404,0.0
2023,7,30,15,9.1501,52.424253462843794,45.95203346477083,36.4896756571183,0.0,34.1412545441588,6.4722199980729656,0.0
2023,7,30,16,9.1501,52.6903839121697,52.6903839121697,43.22802610451716,0.0,74.58718934895215,0.0,0.0
2023,7,30,17,9.1501,39.475155386419715,39.475155386419715,30.01279757876718,0.0,102.66840802975214,0.0,0.0
2023,7,30,18,9.1501,26.25992686066975,26.25992686066975,16.797569053017217,0.0,118.3849105865588,0.0,0.0
2023,7,30,19,9.1501,8.802975153916218,8.802975153916218,0.0,0.6593826537363155,117.71540893773201,0.0,0.0
2023,7,30,20,9.1501,2.085119151514643,2.085119151514643,0.0,7.377238656137891,110.2249579589469,0.0,0.0
2023,7,30,21,9.1501,0.0,0.0,0.0,9.462357807652534,100.61738924582474,0.0,0.0
2023,7,30,22,9.1501,0.0,0.0,0.0,9.462357807652534,91.00982053270258,0.0,0.0
2023,7,30,23,9.1501,0.0,0.0,0.0,9.462357807652534,81.40225181958041,0.0,0.0
2023,7,31,0,9.1501,0.0,0.0,0.0,9.462357807652534,71.79468310645825,0.0,0.0
2023,7,31,1,9.1501,0.0,0.0,0.0,9.462357807652534,62.18711439333609,0.0,0.0
2023,7,31,2,9.1501,0.0,0.0,0.0,9.462357807652534,52.579545680213926,0.0,0.0
2023,7,31,3,9.1501,0.0,0.0,0.0,9.462357807652534,42.97197696709176,0.0,0.0
2023,7,31,4,9.1501,0.0,0.0,0.0,9.462357807652534,33.3644082539696,0.0,0.0
2023,7,31,5,9.1501,0.0,0.0,0.0,9.462357807652534,23.756839540847444,0.0,0.0
2023,7,31,6,9.1501,0.0,0.0,0.0,9.462357807652534,14.149270827725285,0.0,0.0
2023,7,31,7,9.1501,0.7734147038662328,0.7734147038662328,0.0,8.688943103786302,5.326985768231659,0.0,0.0
2023,7,31,8,9.1501,4.215885273302015,4.215885273302015,0.0,5.246472534350519,0.0,0.0,0.0
2023,7,31,9,9.1501,20.50926986989599,9.462357807652534,0.0,0.0,0.0,11.046912062243457,0.0
2023,7,31,10,9.1501,36.024072181083426,9.462357807652534,0.0,0.0,0.0,26.561714373430892,0.0
2023,7,31,11,9.1501,53.8513672315591,9.462357807652534,0.0,0.0,0.0,44.38900942390657,0.0
2023,7,31,12,9.1501,65.52665645829703,9.462357807652534,0.0,0.0,0.0,56.06429865064449,0.0
2023,7,31,13,9.1501,71.36171728089583,9.462357807652534,0.0,0.0,0.0,61.899359473243294,0.0
2023,7,31,14,9.1501,72.14288335707252,9.462357807652534,0.0,0.0,-0.0,62.68052554941998,0.0
2023,7,31,15,9.1501,68.34384966135542,41.848853981123234,32.386496173470704,0.0,30.30214957353803,26.494995680232186,0.0
2023,7,31,16,9.1501,59.76738683162275,59.76738683162275,50.30502902397022,0.0,77.36962194290734,0.0,0.0
2023,7,31,17,9.1501,46.221433087293,46.221433087293,36.75907527964047,0.0,111.76293795160359,0.0,0.0
2023,7,31,18,9.1501,28.301982832681823,28.301982832681823,18.83962502502929,0.0,129.3900728031175,0.0,0.0
2023,7,31,19,9.1501,8.755605656463388,8.755605656463388,0.0,0.7067521511891464,128.67247471670768,0.0,0.0
2023,7,31,20,9.1501,1.4718994753979866,1.4718994753979866,0.0,7.990458332254548,120.55939349139307,0.0,0.0
2023,7,31,21,9.1501,0.0,0.0,0.0,9.462357807652534,110.9518247782709,0.0,0.0
2023,7,31,22,9.1501,0.0,0.0,0.0,9.462357807652534,101.34425606514874,0.0,0.0
2023,7,31,23,9.1501,0.0,0.0,0.0,9.462357807652534,91.73668735202658,0.0,0.0
2023,8,1,0,9.1501,0.0,0.0,0.0,9.462357807652534,82.12911863890442,0.0,0.0
2023,8,1,1,9.1501,0.0,0.0,0.0,9.462357807652534,72.52154992578225,0.0,0.0
2023,8,1,2,9.1501,0.0,0.0,0.0,9.462357807652534,62.91398121266009,0.0,0.0
2023,8,1,3,9.1501,0.0,0.0,0.0,9.462357807652534,53.30641249953793,0.0,0.0
2023,8,1,4,9.1501,0.0,0.0,0.0,9.462357807652534,43.698843786415765,0.0,0.0
2023,8,1,5,9.1501,0.0,0.0,0.0,9.462357807652534,34.0912750732936,0.0,0.0
2023,8,1,6,9.1501,0.0,0.0,0.0,9.462357807652534,24.483706360171446,0.0,0.0
2023,8,1,7,9.1501,0.2118708431526651,0.2118708431526651,0.0,9.250486964499869,15.091259895147973,0.0,0.0
2023,8,1,8,9.1501,2.532976218341415,2.532976218341415,0.0,6.929381589311119,8.055538871693425,0.0,0.0
2023,8,1,9,9.1501,3.6198908689863876,3.6198908689863876,0.0,5.8424669386661465,2.1234124705987973,0.0,0.0
2023,8,1,10,9.1501,7.618737717595429,7.618737717595429,0.0,1.8436200900571051,0.25149988219601793,0.0,0.0
2023,8,1,11,9.1501,9.214659149960829,9.214659149960829,0.0,0.24769865769170524,0.0,0.0,0.0
2023,8,1,12,9.1501,9.539355523410238,9.462357807652534,0.0,0.0,0.0,0.0769977157577042,0.0
2023,8,1,13,9.1501,44.71336054111285,9.462357807652534,0.0,0.0,0.0,35.25100273346031,0.0
2023,8,1,14,9.1501,57.42905618463296,9.462357807652534,0.0,0.0,0.0,47.96669837698043,0.0
2023,8,1,15,9.1501,59.620110757723936,40.92935076131104,31.466992953658508,0.0,29.44182420981675,18.690759996412893,0.0
2023,8,1,16,9.1501,55.77801388250427,55.77801388250427,46.31565607485173,0.0,72.77667372423707,0.0,0.0
2023,8,1,17,9.1501,43.752190374615395,43.752190374615395,34.289832566962865,0.0,104.85966379918143,0.0,0.0
2023,8,1,18,9.1501,25.2152141259373,25.2152141259373,15.752856318284767,0.0,119.59868977501807,0.0,0.0
2023,8,1,19,9.1501,8.341337869648616,8.341337869648616,0.0,1.1210199380039183,118.46046647992746,0.0,0.0
2023,8,1,20,9.1501,1.3676865810017567,1.3676865810017567,0.0,8.094671226650776,110.24157309193015,0.0,0.0
2023,8,1,21,9.1501,0.0,0.0,0.0,9.462357807652534,100.63400437880799,0.0,0.0
2023,8,1,22,9.1501,0.0,0.0,0.0,9.462357807652534,91.02643566568582,0.0,0.0
2023,8,1,23,9.1501,0.0,0.0,0.0,9.462357807652534,81.41886695256366,0.0,0.0
2023,8,2,0,9.1501,0.0,0.0,0.0,9.462357807652534,71.8112982394415,0.0,0.0
2023,8,2,1,9.1501,0.0,0.0,0.0,9.462357807652534,62.203729526319336,0.0,0.0
2023,8,2,2,9.1501,0.0,0.0,0.0,9.462357807652534,52.59616081319717,0.0,0.0
2023,8,2,3,9.1501,0.0,0.0,0.0,9.462357807652534,42.98859210007501,0.0,0.0
2023,8,2,4,9.1501,0.0,0.0,0.0,9.462357807652534,33.38102338695285,0.0,0.0
2023,8,2,5,9.1501,0.0,0.0,0.0,9.462357807652534,23.773454673830685,0.0,0.0
2023,8,2,6,9.1501,0.0,0.0,0.0,9.462357807652534,14.165885960708525,0.0,0.0
2023,8,2,7,9.1501,0.8405932638902485,0.8405932638902485,0.0,8.621764543762286,5.411810394514483,0.0,0.0
2023,8,2,8,9.1501,4.132342705067012,4.132342705067012,0.0,5.330015102585522,0.0,0.0,0.0
2023,8,2,9,9.1501,21.142298608583825,9.462357807652534,0.0,0.0,0.0,11.679940800931291,0.0
2023,8,2,10,9.1501,39.600038606977186,9.462357807652534,0.0,0.0,0.0,30.137680799324652,0.0
2023,8,2,11,9.1501,54.222571838871296,9.462357807652534,0.0,0.0,0.0,44.760214031218766,0.0
2023,8,2,12,9.1501,55.24661424744251,9.462357807652534,0.0,0.0,0.0,45.78425643978997,0.0
2023,8,2,13,9.1501,66.20791595802774,9.462357807652534,0.0,0.0,0.0,56.7455581503752,0.0
2023,8,2,14,9.1501,65.43536251775156,31.804748656515347,22.342390848862813,0.0,20.90446789014704,33.63061386123621,0.0
2023,8,2,15,9.1501,54.28716660812516,54.28716660812516,44.82480880047263,0.0,62.844418837659624,0.0,0.0
2023,8,2,16,9.1501,45.07509124893448,45.07509124893448,35.61273344128194,0.0,96.16516985932282,0.0,0.0
2023,8,2,17,9.1501,30.26910887235941,30.26910887235941,20.806751064706877,0.0,115.63282945192125,0.0,0.0
2023,8,2,18,9.1501,17.968542279244105,17.968542279244105,8.50618447159157,0.0,123.59156857509365,0.0,0.0
2023,8,2,19,9.1501,5.80922291489726,5.80922291489726,0.0,3.653134892755274,119.88237207101876,0.0,0.0
2023,8,2,20,9.1501,0.5021166730000153,0.5021166730000153,0.0,8.960241134652518,110.78462559627683,0.0,0.0
2023,8,2,21,9.1501,0.0,0.0,0.0,9.462357807652534,101.17705688315466,0.0,0.0
2023,8,2,22,9.1501,0.0,0.0,0.0,9.462357807652534,91.5694881700325,0.0,0.0
2023,8,2,23,9.1501,0.0,0.0,0.0,9.462357807652534,81.96191945691034,0.0,0.0
2023,8,3,0,9.1501,0.0,0.0,0.0,9.462357807652534,72.35435074378817,0.0,0.0
2023,8,3,1,9.1501,0.0,0.0,0.0,9.462357807652534,62.74678203066601,0.0,0.0
2023,8,3,2,9.1501,0.0,0.0,0.0,9.462357807652534,53.13921331754385,0.0,0.0
2023,8,3,3,9.1501,0.0,0.0,0.0,9.462357807652534,43.531644604421686,0.0,0.0
2023,8,3,4,9.1501,0.0,0.0,0.0,9.462357807652534,33.92407589129952,0.0,0.0
2023,8,3,5,9.1501,0.0,0.0,0.0,9.462357807652534,24.316507178177368,0.0,0.0
2023,8,3,6,9.1501,0.0,0.0,0.0,9.462357807652534,14.708938465055207,0.0,0.0
2023,8,3,7,9.1501,0.4349381129759995,0.4349381129759995,0.0,9.027419694676535,5.54298249701368,0.0,0.0
2023,8,3,8,9.1501,4.00315316655929,4.00315316655929,0.0,5.459204641093244,0.0,0.0,0.0
2023,8,3,9,9.1501,14.11783276812392,9.462357807652534,0.0,0.0,0.0,4.655474960471386,0.0
2023,8,3,10,9.1501,25.590725051199747,9.462357807652534,0.0,0.0,0.0,16.128367243547213,0.0
2023,8,3,11,9.1501,36.304844111440204,9.462357807652534,0.0,0.0,0.0,26.84248630378767,0.0
2023,8,3,12,9.1501,50.01960551942005,9.462357807652534,0.0,0.0,0.0,40.557247711767516,0.0
2023,8,3,13,9.1501,46.20334655190192,9.462357807652534,0.0,0.0,0.0,36.74098874424939,0.0
2023,8,3,14,9.1501,54.45339048100509,54.00213955794267,44.53978175029014,0.0,41.673267813255876,0.45125092306241754,0.0
2023,8,3,15,9.1501,41.33720726811104,41.33720726811104,31.874849460458503,0.0,71.49669949327861,0.0,0.0
2023,8,3,16,9.1501,37.363337063613486,37.363337063613486,27.90097925596095,0.0,97.60201332944672,0.0,0.0
2023,8,3,17,9.1501,28.883335755966574,28.883335755966574,19.42097794831404,0.0,115.7730860969992,0.0,0.0
2023,8,3,18,9.1501,17.67657392221666,17.67657392221666,8.214216114564127,0.0,123.4586475112278,0.0,0.0
2023,8,3,19,9.1501,6.4784247243672635,6.4784247243672635,0.0,2.9839330832852706,120.42892249809876,0.0,0.0
2023,8,3,20,9.1501,0.9396385767461691,0.9396385767461691,0.0,8.522719230906365,111.77541221048743,0.0,0.0
2023,8,3,21,9.1501,0.0,0.0,0.0,9.462357807652534,102.16784349736527,0.0,0.0
2023,8,3,22,9.1501,0.0,0.0,0.0,9.462357807652534,92.5602747842431,0.0,0.0
2023,8,3,23,9.1501,0.0,0.0,0.0,9.462357807652534,82.95270607112094,0.0,0.0
2023,8,4,0,9.1501,0.0,0.0,0.0,9.462357807652534,73.34513735799878,0.0,0.0
2023,8,4,1,9.1501,0.0,0.0,0.0,9.462357807652534,63.73756864487662,0.0,0.0
2023,8,4,2,9.1501,0.0,0.0,0.0,9.462357807652534,54.129999931754455,0.0,0.0
2023,8,4,3,9.1501,0.0,0.0,0.0,9.462357807652534,44.52243121863229,0.0,0.0
2023,8,4,4,9.1501,0.0,0.0,0.0,9.462357807652534,34.91486250551013,0.0,0.0
2023,8,4,5,9.1501,0.0,0.0,0.0,9.462357807652534,25.30729379238797,0.0,0.0
2023,8,4,6,9.1501,0.0,0.0,0.0,9.462357807652534,15.69972507926581,0.0,0.0
2023,8,4,7,9.1501,0.43321558579589653,0.43321558579589653,0.0,9.029142221856638,6.532020149857627,0.0,0.0
2023,8,4,8,9.1501,3.0290640462110696,3.0290640462110696,0.0,6.4332937614414645,0.0,0.0,0.0
2023,8,4,9,9.1501,11.142167064496052,9.462357807652534,0.0,0.0,0.0,1.6798092568435177,0.0
2023,8,4,10,9.1501,25.455506667561664,9.462357807652534,0.0,0.0,0.0,15.99314885990913,0.0
2023,8,4,11,9.1501,40.24081871797549,9.462357807652534,0.0,0.0,0.0,30.77846091032296,0.0
2023,8,4,12,9.1501,44.99930005300995,9.462357807652534,0.0,0.0,0.0,35.53694224535741,0.0
2023,8,4,13,9.1501,49.4115534248437,9.462357807652534,0.0,0.0,0.0,39.949195617191165,0.0
2023,8,4,14,9.1501,61.55537004456963,17.62323332018356,8.160875512531025,0.0,7.635653733802407,43.93213672438607,0.0
2023,8,4,15,9.1501,47.586535877524604,47.586535877524604,38.12417806987207,0.0,43.30621655275214,0.0,0.0
2023,8,4,16,9.1501,47.73897953296371,47.73897953296371,38.27662172531117,0.0,79.11941198079641,0.0,0.0
2023,8,4,17,9.1501,38.47608962196001,38.47608962196001,29.013731814307473,0.0,106.2658632799598,0.0,0.0
2023,8,4,18,9.1501,24.480556283623386,24.480556283623386,15.018198475970852,0.0,120.31751289671365,0.0,0.0
2023,8,4,19,9.1501,7.815967079717218,7.815967079717218,0.0,1.6463907279353156,118.64585638479298,0.0,0.0
2023,8,4,20,9.1501,1.380605534852529,1.380605534852529,0.0,8.081752272800005,110.44008020704558,0.0,0.0
2023,8,4,21,9.1501,0.0,0.0,0.0,9.462357807652534,100.83251149392342,0.0,0.0
2023,8,4,22,9.1501,0.0,0.0,0.0,9.462357807652534,91.22494278080126,0.0,0.0
2023,8,4,23,9.1501,0.0,0.0,0.0,9.462357807652534,81.6173740676791,0.0,0.0
2023,8,5,0,9.1501,0.0,0.0,0.0,9.462357807652534,72.00980535455693,0.0,0.0
2023,8,5,1,9.1501,0.0,0.0,0.0,9.462357807652534,62.40223664143477,0.0,0.0
2023,8,5,2,9.1501,0.0,0.0,0.0,9.462357807652534,52.794667928312606,0.0,0.0
2023,8,5,3,9.1501,0.0,0.0,0.0,9.462357807652534,43.18709921519044,0.0,0.0
2023,8,5,4,9.1501,0.0,0.0,0.0,9.462357807652534,33.57953050206829,0.0,0.0
2023,8,5,5,9.1501,0.0,0.0,0.0,9.462357807652534,23.97196178894613,0.0,0.0
2023,8,5,6,9.1501,0.0,0.0,0.0,9.462357807652534,14.364393075823969,0.0,0.0
2023,8,5,7,9.1501,0.5460411160926409,0.5460411160926409,0.0,8.916316691559892,5.311245115931755,0.0,0.0
2023,8,5,8,9.1501,4.231388017922941,4.231388017922941,0.0,5.230969789729592,0.0,0.0,0.0
2023,8,5,9,9.1501,15.44159490603306,9.462357807652534,0.0,0.0,0.0,5.979237098380526,0.0
2023,8,5,10,9.1501,29.933216072239333,9.462357807652534,0.0,0.0,0.0,20.4708582645868,0.0
2023,8,5,11,9.1501,38.94031069699775,9.462357807652534,0.0,0.0,0.0,29.477952889345215,0.0
2023,8,5,12,9.1501,43.636781053548496,9.462357807652534,0.0,0.0,0.0,34.174423245895966,0.0
2023,8,5,13,9.1501,52.829908613758036,9.462357807652534,0.0,0.0,0.0,43.3675508061055,0.0
2023,8,5,14,9.1501,70.80447973813251,9.871241815874944,0.40888400822240967,0.0,0.3825688431690395,60.93323792225757,0.0
2023,8,5,15,9.1501,67.27932786405178,67.27932786405178,57.81697005639925,0.0,54.47852492170609,0.0,0.0
2023,8,5,16,9.1501,58.493577981936596,58.493577981936596,49.03122017428406,0.0,100.3541688794887,0.0,0.0
2023,8,5,17,9.1501,36.59681246846767,36.59681246846767,27.134454660815134,0.0,125.74229050043562,0.0,0.0
2023,8,5,18,9.1501,10.360139724729303,10.360139724729303,0.8977819170767686,0.0,126.58229251207536,0.0,0.0
2023,8,5,19,9.1501,2.435653432665597,2.435653432665597,0.0,7.026704374986937,119.44775517140475,0.0,0.0
2023,8,5,20,9.1501,0.1403859651783919,0.1403859651783919,0.0,9.321971842474142,109.98272680966505,0.0,0.0
2023,8,5,21,9.1501,0.0,0.0,0.0,9.462357807652534,100.37515809654289,0.0,0.0
2023,8,5,22,9.1501,0.0,0.0,0.0,9.462357807652534,90.76758938342073,0.0,0.0
2023,8,5,23,9.1501,0.0,0.0,0.0,9.462357807652534,81.16002067029856,0.0,0.0
2023,8,6,0,9.1501,0.0,0.0,0.0,9.462357807652534,71.5524519571764,0.0,0.0
2023,8,6,1,9.1501,0.0,0.0,0.0,9.462357807652534,61.94488324405424,0.0,0.0
2023,8,6,2,9.1501,0.0,0.0,0.0,9.462357807652534,52.337314530932076,0.0,0.0
2023,8,6,3,9.1501,0.0,0.0,0.0,9.462357807652534,42.72974581780991,0.0,0.0
2023,8,6,4,9.1501,0.0,0.0,0.0,9.462357807652534,33.12217710468775,0.0,0.0
2023,8,6,5,9.1501,0.0,0.0,0.0,9.462357807652534,23.514608391565595,0.0,0.0
2023,8,6,6,9.1501,0.0,0.0,0.0,9.462357807652534,13.907039678443436,0.0,0.0
2023,8,6,7,9.1501,0.3686208165420352,0.3686208165420352,0.0,9.0937369911105,4.673748697785652,0.0,0.0
2023,8,6,8,9.1501,4.859249175070474,4.859249175070474,0.0,4.60310863258206,0.0,0.0,0.0
2023,8,6,9,9.1501,14.543296981609362,9.462357807652534,0.0,0.0,0.0,5.080939173956828,0.0
2023,8,6,10,9.1501,24.355673063065918,9.462357807652534,0.0,0.0,0.0,14.893315255413384,0.0
2023,8,6,11,9.1501,27.475169786232396,9.462357807652534,0.0,0.0,0.0,18.01281197857986,0.0
2023,8,6,12,9.1501,31.038217258275385,9.462357807652534,0.0,0.0,0.0,21.57585945062285,0.0
2023,8,6,13,9.1501,42.837528441980716,9.462357807652534,0.0,0.0,0.0,33.375170634328185,0.0
2023,8,6,14,9.1501,51.83945548519883,9.462357807652534,0.0,0.0,0.0,42.3770976775463,0.0
2023,8,6,15,9.1501,53.594710681723754,42.32205137171304,32.85969356406051,0.0,30.744892685687525,11.272659310010717,0.0
2023,8,6,16,9.1501,51.14183197725713,51.14183197725713,41.679474169604596,0.0,69.74193804894412,0.0,0.0
2023,8,6,17,9.1501,44.02176587830151,44.02176587830151,34.55940807064898,0.0,102.07715415014043,0.0,0.0
2023,8,6,18,9.1501,27.706849691956243,27.706849691956243,18.24449188430371,0.0,119.14745774242081,0.0,0.0
2023,8,6,19,9.1501,8.654837816427364,8.654837816427364,0.0,0.8075199912251705,118.3275454160616,0.0,0.0
2023,8,6,20,9.1501,1.2626124230154758,1.2626124230154758,0.0,8.199745384637058,110.00196538469827,0.0,0.0
2023,8,6,21,9.1501,0.0,0.0,0.0,9.462357807652534,100.3943966715761,0.0,0.0
2023,8,6,22,9.1501,0.0,0.0,0.0,9.462357807652534,90.78682795845394,0.0,0.0
2023,8,6,23,9.1501,0.0,0.0,0.0,9.462357807652534,81.17925924533178,0.0,0.0
2023,8,7,0,9.1501,0.0,0.0,0.0,9.462357807652534,71.57169053220962,0.0,0.0
2023,8,7,1,9.1501,0.0,0.0,0.0,9.462357807652534,61.96412181908745,0.0,0.0
2023,8,7,2,9.1501,0.0,0.0,0.0,9.462357807652534,52.35655310596529,0.0,0.0
2023,8,7,3,9.1501,0.0,0.0,0.0,9.462357807652534,42.74898439284313,0.0,0.0
2023,8,7,4,9.1501,0.0,0.0,0.0,9.462357807652534,33.141415679720964,0.0,0.0
2023,8,7,5,9.1501,0.0,0.0,0.0,9.462357807652534,23.53384696659881,0.0,0.0
2023,8,7,6,9.1501,0.0,0.0,0.0,9.462357807652534,13.926278253476648,0.0,0.0
2023,8,7,7,9.1501,0.5718790237941855,0.5718790237941855,0.0,8.890478783858347,4.899364714084273,0.0,0.0
2023,8,7,8,9.1501,4.637043168837191,4.637043168837191,0.0,4.825314638815343,0.0,0.0,0.0
2023,8,7,9,9.1501,21.0062189613557,9.462357807652534,0.0,0.0,0.0,11.543861153703165,0.0
2023,8,7,10,9.1501,39.2873999237885,9.462357807652534,0.0,0.0,0.0,29.825042116135965,0.0
2023,8,7,11,9.1501,54.84440415088846,9.462357807652534,0.0,0.0,0.0,45.38204634323593,0.0
2023,8,7,12,9.1501,65.81776355173442,9.462357807652534,0.0,0.0,0.0,56.35540574408188,0.0
2023,8,7,13,9.1501,71.79493286669172,9.462357807652534,0.0,0.0,0.0,62.332575059039186,0.0
2023,8,7,14,9.1501,73.53813037295593,9.462357807652534,0.0,0.0,0.0,64.0757725653034,0.0
2023,8,7,15,9.1501,69.31880004529371,30.5868797913708,21.124521983718267,0.0,19.764979249112912,38.73192025392291,0.0
2023,8,7,16,9.1501,60.30395404822481,60.30395404822481,50.84159624057228,0.0,67.33448616913705,0.0,0.0
2023,8,7,17,9.1501,46.52201408022096,46.52201408022096,37.059656272568425,0.0,102.00903822627396,0.0,0.0
2023,8,7,18,9.1501,28.31145673217239,28.31145673217239,18.849098924519854,0.0,119.64503725123443,0.0,0.0
2023,8,7,19,9.1501,8.487752679957376,8.487752679957376,0.0,0.9746051276951578,118.65547567230959,0.0,0.0
2023,8,7,20,9.1501,1.1394517296381135,1.1394517296381135,0.0,8.322906078014421,110.20484490323037,0.0,0.0
2023,8,7,21,9.1501,0.0,0.0,0.0,9.462357807652534,100.5972761901082,0.0,0.0
2023,8,7,22,9.1501,0.0,0.0,0.0,9.462357807652534,90.98970747698604,0.0,0.0
2023,8,7,23,9.1501,0.0,0.0,0.0,9.462357807652534,81.38213876386388,0.0,0.0
2023,8,8,0,9.1501,0.0,0.0,0.0,9.462357807652534,71.77457005074172,0.0,0.0
2023,8,8,1,9.1501,0.0,0.0,0.0,9.462357807652534,62.16700133761955,0.0,0.0
2023,8,8,2,9.1501,0.0,0.0,0.0,9.462357807652534,52.55943262449739,0.0,0.0
2023,8,8,3,9.1501,0.0,0.0,0.0,9.462357807652534,42.95186391137523,0.0,0.0
2023,8,8,4,9.1501,0.0,0.0,0.0,9.462357807652534,33.344295198253064,0.0,0.0
2023,8,8,5,9.1501,0.0,0.0,0.0,9.462357807652534,23.73672648513091,0.0,0.0
2023,8,8,6,9.1501,0.0,0.0,0.0,9.462357807652534,14.12915777200875,0.0,0.0
2023,8,8,7,9.1501,0.5115905724905816,0.5115905724905816,0.0,8.950767235161951,5.041030584783416,0.0,0.0
2023,8,8,8,9.1501,4.497518467248842,4.497518467248842,0.0,4.964839340403692,0.0,0.0,0.0
2023,8,8,9,9.1501,22.959564783592462,9.462357807652534,0.0,0.0,0.0,13.497206975939928,0.0
2023,8,8,10,9.1501,42.32766039667023,9.462357807652534,0.0,0.0,0.0,32.8653025890177,0.0
2023,8,8,11,9.1501,57.11727876503433,9.462357807652534,0.0,0.0,0.0,47.65492095738179,0.0
2023,8,8,12,9.1501,67.14755453477392,9.462357807652534,0.0,0.0,0.0,57.68519672712138,0.0
2023,8,8,13,9.1501,72.14546714784267,9.462357807652534,0.0,0.0,0.0,62.68310934019013,0.0
2023,8,8,14,9.1501,72.18250148221489,9.462357807652534,0.0,0.0,0.0,62.72014367456235,0.0
2023,8,8,15,9.1501,67.4903374436144,35.82773696498609,26.365379157333553,0.0,24.668542670046612,31.662600478628306,0.0
2023,8,8,16,9.1501,58.40400656857125,58.40400656857125,48.94164876091872,0.0,70.46037989706181,0.0,0.0
2023,8,8,17,9.1501,44.878723150402735,44.878723150402735,35.416365342750204,0.0,103.59740077819643,0.0,0.0
2023,8,8,18,9.1501,27.283969269240966,27.283969269240966,17.821611461588432,0.0,120.27203990118062,0.0,0.0
2023,8,8,19,9.1501,8.140663453166619,8.140663453166619,0.0,1.321694354485915,118.93006260687459,0.0,0.0
2023,8,8,20,9.1501,1.0584929521732653,1.0584929521732653,0.0,8.403864855479268,110.39723065356252,0.0,0.0
2023,8,8,21,9.1501,0.0,0.0,0.0,9.462357807652534,100.78966194044035,0.0,0.0
2023,8,8,22,9.1501,0.0,0.0,0.0,9.462357807652534,91.18209322731819,0.0,0.0
2023,8,8,23,9.1501,0.0,0.0,0.0,9.462357807652534,81.57452451419603,0.0,0.0
2023,8,9,0,9.1501,0.0,0.0,0.0,9.462357807652534,71.96695580107387,0.0,0.0
2023,8,9,1,9.1501,0.0,0.0,0.0,9.462357807652534,62.3593870879517,0.0,0.0
2023,8,9,2,9.1501,0.0,0.0,0.0,9.462357807652534,52.75181837482954,0.0,0.0
2023,8,9,3,9.1501,0.0,0.0,0.0,9.462357807652534,43.14424966170738,0.0,0.0
2023,8,9,4,9.1501,0.0,0.0,0.0,9.462357807652534,33.536680948585214,0.0,0.0
2023,8,9,5,9.1501,0.0,0.0,0.0,9.462357807652534,23.92911223546306,0.0,0.0
2023,8,9,6,9.1501,0.0,0.0,0.0,9.462357807652534,14.3215435223409,0.0,0.0
2023,8,9,7,9.1501,0.47111118375816186,0.47111118375816186,0.0,8.991246623894373,5.192315742999148,0.0,0.0
2023,8,9,8,9.1501,4.348519866169943,4.348519866169943,0.0,5.11383794148259,0.0,0.0,0.0
2023,8,9,9,9.1501,23.400531741698824,9.462357807652534,0.0,0.0,0.0,13.93817393404629,0.0
2023,8,9,10,9.1501,43.159641024659976,9.462357807652534,0.0,0.0,0.0,33.69728321700744,0.0
2023,8,9,11,9.1501,58.05261102383024,9.462357807652534,0.0,0.0,0.0,48.5902532161777,0.0
2023,8,9,12,9.1501,68.03551729611699,9.462357807652534,0.0,0.0,0.0,58.573159488464455,0.0
2023,8,9,13,9.1501,72.95763871326123,9.462357807652534,0.0,0.0,0.0,63.495280905608695,0.0
2023,8,9,14,9.1501,72.77763462294047,9.462357807652534,0.0,0.0,0.0,63.31527681528793,0.0
2023,8,9,15,9.1501,67.86240331451665,36.66676144869627,27.204403641043736,0.0,25.453568789113874,31.195641865820384,0.0
2023,8,9,16,9.1501,58.50477440860726,58.50477440860726,49.04241660095473,0.0,71.33968858824241,0.0,0.0
2023,8,9,17,9.1501,44.744366030354705,44.744366030354705,35.282008222702174,0.0,104.3509993732259,0.0,0.0
2023,8,9,18,9.1501,26.82060945779327,26.82060945779327,17.358251650140737,0.0,120.59209983127863,0.0,0.0
2023,8,9,19,9.1501,7.877116794610874,7.877116794610874,0.0,1.58524101304166,118.98253144787425,0.0,0.0
2023,8,9,20,9.1501,0.9577251121372503,0.9577251121372503,0.0,8.504632695515284,110.34738525461282,0.0,0.0
2023,8,9,21,9.1501,0.0,0.0,0.0,9.462357807652534,100.73981654149065,0.0,0.0
2023,8,9,22,9.1501,0.0,0.0,0.0,9.462357807652534,91.13224782836849,0.0,0.0
2023,8,9,23,9.1501,0.0,0.0,0.0,9.462357807652534,81.52467911524633,0.0,0.0
2023,8,10,0,9.1501,0.0,0.0,0.0,9.462357807652534,71.91711040212417,0.0,0.0
2023,8,10,1,9.1501,0.0,0.0,0.0,9.462357807652534,62.309541689002,0.0,0.0
2023,8,10,2,9.1501,0.0,0.0,0.0,9.462357807652534,52.70197297587984,0.0,0.0
2023,8,10,3,9.1501,0.0,0.0,0.0,9.462357807652534,43.09440426275768,0.0,0.0
2023,8,10,4,9.1501,0.0,0.0,0.0,9.462357807652534,33.48683554963552,0.0,0.0
2023,8,10,5,9.1501,0.0,0.0,0.0,9.462357807652534,23.879266836513363,0.0,0.0
2023,8,10,6,9.1501,0.0,0.0,0.0,9.462357807652534,14.271698123391204,0.0,0.0
2023,8,10,7,9.1501,0.39187493347342534,0.39187493347342534,0.0,9.070482874179108,5.062018121183279,0.0,0.0
2023,8,10,8,9.1501,4.476848141087615,4.476848141087615,0.0,4.985509666564919,0.0,0.0,0.0
2023,8,10,9,9.1501,20.81587970795432,9.462357807652534,0.0,0.0,0.0,11.353521900301786,0.0
2023,8,10,10,9.1501,37.279794495378496,9.462357807652534,0.0,0.0,0.0,27.817436687725962,0.0
2023,8,10,11,9.1501,51.091878689034154,9.462357807652534,0.0,0.0,0.0,41.62952088138162,0.0
2023,8,10,12,9.1501,62.29777925919401,9.462357807652534,0.0,0.0,0.0,52.83542145154148,0.0
2023,8,10,13,9.1501,69.2834882381016,9.462357807652534,0.0,0.0,0.0,59.82113043044906,0.0
2023,8,10,14,9.1501,69.6314387284824,9.462357807652534,0.0,0.0,0.0,60.169080920829856,0.0
2023,8,10,15,9.1501,67.5471808405578,33.3966735111493,23.934315703496768,0.0,22.39393883496834,34.1505073294085,0.0
2023,8,10,16,9.1501,58.93196114927281,58.93196114927281,49.46960334162027,0.0,68.6797522731415,0.0,0.0
2023,8,10,17,9.1501,46.29980807398769,46.29980807398769,36.83745026633516,0.0,103.14639917125925,0.0,0.0
2023,8,10,18,9.1501,27.63794860475212,27.63794860475212,18.175590797099584,0.0,120.15223604756468,0.0,0.0
2023,8,10,19,9.1501,8.075207420322716,8.075207420322716,0.0,1.387150387329818,118.74379822132573,0.0,0.0
2023,8,10,20,9.1501,1.0205973542110087,1.0205973542110087,0.0,8.441760453441525,110.17248911794724,0.0,0.0
2023,8,10,21,9.1501,0.0,0.0,0.0,9.462357807652534,100.56492040482507,0.0,0.0
2023,8,10,22,9.1501,0.0,0.0,0.0,9.462357807652534,90.95735169170291,0.0,0.0
2023,8,10,23,9.1501,0.0,0.0,0.0,9.462357807652534,81.34978297858075,0.0,0.0
2023,8,11,0,9.1501,0.0,0.0,0.0,9.462357807652534,71.74221426545859,0.0,0.0
2023,8,11,1,9.1501,0.0,0.0,0.0,9.462357807652534,62.13464555233642,0.0,0.0
2023,8,11,2,9.1501,0.0,0.0,0.0,9.462357807652534,52.52707683921426,0.0,0.0
2023,8,11,3,9.1501,0.0,0.0,0.0,9.462357807652534,42.9195081260921,0.0,0.0
2023,8,11,4,9.1501,0.0,0.0,0.0,9.462357807652534,33.311939412969934,0.0,0.0
2023,8,11,5,9.1501,0.0,0.0,0.0,9.462357807652534,23.704370699847775,0.0,0.0
2023,8,11,6,9.1501,0.0,0.0,0.0,9.462357807652534,14.096801986725616,0.0,0.0
2023,8,11,7,9.1501,0.4211578955351671,0.4211578955351671,0.0,9.041199912117367,4.9168543277508325,0.0,0.0
2023,8,11,8,9.1501,4.619817897036161,4.619817897036161,0.0,4.842539910616373,0.0,0.0,0.0
2023,8,11,9,9.1501,20.869278050537513,9.462357807652534,0.0,0.0,0.0,11.40692024288498,0.0
2023,8,11,10,9.1501,37.82841940224129,9.462357807652534,0.0,0.0,0.0,28.366061594588754,0.0
2023,8,11,11,9.1501,54.19415014039959,9.462357807652534,0.0,0.0,0.0,44.73179233274706,0.0
2023,8,11,12,9.1501,65.76264268197112,9.462357807652534,0.0,0.0,0.0,56.30028487431858,0.0
2023,8,11,13,9.1501,70.30494685590264,9.462357807652534,0.0,0.0,0.0,60.842589048250105,0.0
2023,8,11,14,9.1501,70.03881640657674,9.462357807652534,0.0,0.0,0.0,60.576458598924205,0.0
2023,8,11,15,9.1501,65.41038587364007,41.13347303604988,31.671115228397348,0.0,29.63280947933454,24.27691283759019,0.0
2023,8,11,16,9.1501,56.452383273514585,56.452383273514585,46.990025465862054,0.0,73.59862697635958,0.0,0.0
2023,8,11,17,9.1501,43.34739648729119,43.34739648729119,33.885038679638654,0.0,105.30287509495116,0.0,0.0
2023,8,11,18,9.1501,26.255620542719495,26.255620542719495,16.79326273506696,0.0,121.01534848200939,0.0,0.0
2023,8,11,19,9.1501,7.698835231470217,7.698835231470217,0.0,1.763522576182317,119.22476259715611,0.0,0.0
2023,8,11,20,9.1501,0.8853789705729257,0.8853789705729257,0.0,8.576978837079608,110.51616002649513,0.0,0.0
2023,8,11,21,9.1501,0.0,0.0,0.0,9.462357807652534,100.90859131337297,0.0,0.0
2023,8,11,22,9.1501,0.0,0.0,0.0,9.462357807652534,91.3010226002508,0.0,0.0
2023,8,11,23,9.1501,0.0,0.0,0.0,9.462357807652534,81.69345388712864,0.0,0.0
2023,8,12,0,9.1501,0.0,0.0,0.0,9.462357807652534,72.08588517400648,0.0,0.0
2023,8,12,1,9.1501,0.0,0.0,0.0,9.462357807652534,62.478316460884315,0.0,0.0
2023,8,12,2,9.1501,0.0,0.0,0.0,9.462357807652534,52.87074774776215,0.0,0.0
2023,8,12,3,9.1501,0.0,0.0,0.0,9.462357807652534,43.26317903463999,0.0,0.0
2023,8,12,4,9.1501,0.0,0.0,0.0,9.462357807652534,33.65561032151783,0.0,0.0
2023,8,12,5,9.1501,0.0,0.0,0.0,9.462357807652534,24.048041608395664,0.0,0.0
2023,8,12,6,9.1501,0.0,0.0,0.0,9.462357807652534,14.440472895273505,0.0,0.0
2023,8,12,7,9.1501,0.3858460883430649,0.3858460883430649,0.0,9.076511719309469,5.224671528282285,0.0,0.0
2023,8,12,8,9.1501,4.316653113338038,4.316653113338038,0.0,5.145704694314496,0.0,0.0,0.0
2023,8,12,9,9.1501,14.805982376575065,9.462357807652534,0.0,0.0,0.0,5.343624568922531,0.0
2023,8,12,10,9.1501,38.39254705372501,9.462357807652534,0.0,0.0,0.0,28.930189246072477,0.0
2023,8,12,11,9.1501,52.27611612535493,9.462357807652534,0.0,0.0,0.0,42.813758317702394,0.0
2023,8,12,12,9.1501,64.26318277169149,9.462357807652534,0.0,0.0,0.0,54.80082496403895,0.0
2023,8,12,13,9.1501,67.78402832782196,9.462357807652534,0.0,0.0,0.0,58.32167052016942,0.0
2023,8,12,14,9.1501,62.090214733991594,18.65813487306025,9.195777065407716,0.0,8.603950565950754,43.432079860931346,0.0
2023,8,12,15,9.1501,57.71757948730021,57.71757948730021,48.255221679647676,0.0,53.75353813506561,0.0,0.0
2023,8,12,16,9.1501,45.73568042250396,45.73568042250396,36.27332261485143,0.0,87.69236379613854,0.0,0.0
2023,8,12,17,9.1501,36.34273970940248,36.34273970940248,26.880381901749946,0.0,112.84276440192787,0.0,0.0
2023,8,12,18,9.1501,25.581251151709182,25.581251151709182,16.118893344056648,0.0,127.92426980638137,0.0,0.0
2023,8,12,19,9.1501,7.477490488826985,7.477490488826985,0.0,1.9848673188255495,125.90894238591281,0.0,0.0
2023,8,12,20,9.1501,0.8457608454305575,0.8457608454305575,0.0,8.616596962221976,117.16011370381874,0.0,0.0
2023,8,12,21,9.1501,0.0,0.0,0.0,9.462357807652534,107.55254499069657,0.0,0.0
2023,8,12,22,9.1501,0.0,0.0,0.0,9.462357807652534,97.94497627757441,0.0,0.0
2023,8,12,23,9.1501,0.0,0.0,0.0,9.462357807652534,88.33740756445225,0.0,0.0
2023,8,13,0,9.1501,0.0,0.0,0.0,9.462357807652534,78.72983885133009,0.0,0.0
2023,8,13,1,9.1501,0.0,0.0,0.0,9.462357807652534,69.12227013820792,0.0,0.0
2023,8,13,2,9.1501,0.0,0.0,0.0,9.462357807652534,59.51470142508576,0.0,0.0
2023,8,13,3,9.1501,0.0,0.0,0.0,9.462357807652534,49.9071327119636,0.0,0.0
2023,8,13,4,9.1501,0.0,0.0,0.0,9.462357807652534,40.299563998841435,0.0,0.0
2023,8,13,5,9.1501,0.0,0.0,0.0,9.462357807652534,30.691995285719276,0.0,0.0
2023,8,13,6,9.1501,0.0,0.0,0.0,9.462357807652534,21.084426572597117,0.0,0.0
2023,8,13,7,9.1501,0.038756861552316786,0.038756861552316786,0.0,9.423600946100217,11.516209490224716,0.0,0.0
2023,8,13,8,9.1501,1.1446193111784224,1.1446193111784224,0.0,8.317738496474112,3.0708256052454512,0.0,0.0
2023,8,13,9,9.1501,6.4379453356348435,6.4379453356348435,0.0,3.0244124720176906,0.0,0.0,0.0
2023,8,13,10,9.1501,12.218746552060406,9.462357807652534,0.0,0.0,0.0,2.7563887444078716,0.0
2023,8,13,11,9.1501,22.245577267439785,9.462357807652534,0.0,0.0,0.0,12.78321945978725,0.0
2023,8,13,12,9.1501,47.447872439526314,9.462357807652534,0.0,0.0,0.0,37.985514631873784,0.0
2023,8,13,13,9.1501,49.59758636029482,9.462357807652534,0.0,0.0,-0.0,40.13522855264229,0.0
2023,8,13,14,9.1501,58.17663298079765,39.17018795783924,29.707830150186705,0.0,27.795878501164488,19.00644502295841,0.0
2023,8,13,15,9.1501,53.673085668418445,53.673085668418445,44.21072786076591,0.0,69.16126984255041,0.0,0.0
2023,8,13,16,9.1501,39.63448915057925,39.63448915057925,30.172131342926715,0.0,97.39156780404247,0.0,0.0
2023,8,13,17,9.1501,32.10446158275912,32.10446158275912,22.642103775106587,0.0,118.57645954342334,0.0,0.0
2023,8,13,18,9.1501,14.393437116940403,14.393437116940403,4.931079309287869,0.0,123.19018194144608,0.0,0.0
2023,8,13,19,9.1501,6.1425319242471845,6.1425319242471845,0.0,3.3198258834053496,119.81940946181913,0.0,0.0
2023,8,13,20,9.1501,0.8621248536415356,0.8621248536415356,0.0,8.600232954010998,111.0871959127083,0.0,0.0
2023,8,13,21,9.1501,0.0,0.0,0.0,9.462357807652534,101.47962719958613,0.0,0.0
2023,8,13,22,9.1501,0.0,0.0,0.0,9.462357807652534,91.87205848646397,0.0,0.0
2023,8,13,23,9.1501,0.0,0.0,0.0,9.462357807652534,82.26448977334181,0.0,0.0
2023,8,14,0,9.1501,0.0,0.0,0.0,9.462357807652534,72.65692106021964,0.0,0.0
2023,8,14,1,9.1501,0.0,0.0,0.0,9.462357807652534,63.04935234709748,0.0,0.0
2023,8,14,2,9.1501,0.0,0.0,0.0,9.462357807652534,53.44178363397532,0.0,0.0
2023,8,14,3,9.1501,0.0,0.0,0.0,9.462357807652534,43.83421492085316,0.0,0.0
2023,8,14,4,9.1501,0.0,0.0,0.0,9.462357807652534,34.226646207730994,0.0,0.0
2023,8,14,5,9.1501,0.0,0.0,0.0,9.462357807652534,24.619077494608838,0.0,0.0
2023,8,14,6,9.1501,0.0,0.0,0.0,9.462357807652534,15.01150878148668,0.0,0.0
2023,8,14,7,9.1501,0.2652691857358571,0.2652691857358571,0.0,9.197088621916677,5.673280118829542,0.0,0.0
2023,8,14,8,9.1501,3.8748248916416275,3.8748248916416275,0.0,5.587532916010907,0.0,0.0,0.0
2023,8,14,9,9.1501,19.326754960755302,9.462357807652534,0.0,0.0,0.0,9.864397153102768,0.0
2023,8,14,10,9.1501,38.86968708261353,9.462357807652534,0.0,0.0,0.0,29.407329274960997,0.0
2023,8,14,11,9.1501,53.09603906308394,9.462357807652534,0.0,0.0,0.0,43.63368125543141,0.0
2023,8,14,12,9.1501,61.526948346097925,9.462357807652534,0.0,0.0,0.0,52.06459053844539,0.0
2023,8,14,13,9.1501,68.84338254358529,9.462357807652534,0.0,0.0,0.0,59.381024735932755,0.0
2023,8,14,14,9.1501,63.08841923486126,9.462357807652534,0.0,0.0,0.0,53.626061427208725,0.0
2023,8,14,15,9.1501,60.52529879086805,52.39298551225502,42.93062770460248,0.0,40.16767652242542,8.132313278613033,0.0
2023,8,14,16,9.1501,52.69124517575975,52.69124517575975,43.228887368107216,0.0,80.61441716116846,0.0,0.0
2023,8,14,17,9.1501,41.30620177886918,41.30620177886918,31.843843971216646,0.0,110.40883881900248,0.0,0.0
2023,8,14,18,9.1501,24.158443700944133,24.158443700944133,14.696085893291599,0.0,124.1591065385735,0.0,0.0
2023,8,14,19,9.1501,6.755751600363841,6.755751600363841,0.0,2.7066062072886927,121.41096430547607,0.0,0.0
2023,8,14,20,9.1501,0.4771400288885222,0.4771400288885222,0.0,8.985217778764012,112.28785789091762,0.0,0.0
2023,8,14,21,9.1501,0.0,0.0,0.0,9.462357807652534,102.68028917779546,0.0,0.0
2023,8,14,22,9.1501,0.0,0.0,0.0,9.462357807652534,93.0727204646733,0.0,0.0
2023,8,14,23,9.1501,0.0,0.0,0.0,9.462357807652534,83.46515175155113,0.0,0.0
2023,8,15,0,9.1501,0.0,0.0,0.0,9.462357807652534,73.85758303842897,0.0,0.0
2023,8,15,1,9.1501,0.0,0.0,0.0,9.462357807652534,64.25001432530681,0.0,0.0
2023,8,15,2,9.1501,0.0,0.0,0.0,9.462357807652534,54.642445612184645,0.0,0.0
2023,8,15,3,9.1501,0.0,0.0,0.0,9.462357807652534,45.03487689906248,0.0,0.0
2023,8,15,4,9.1501,0.0,0.0,0.0,9.462357807652534,35.427308185940326,0.0,0.0
2023,8,15,5,9.1501,0.0,0.0,0.0,9.462357807652534,25.819739472818167,0.0,0.0
2023,8,15,6,9.1501,0.0,0.0,0.0,9.462357807652534,16.212170759696008,0.0,0.0
2023,8,15,7,9.1501,0.10938047593653849,0.10938047593653849,0.0,9.352977331715996,6.715661093356503,0.0,0.0
2023,8,15,8,9.1501,2.8481986923002585,2.8481986923002585,0.0,6.614159115352275,0.0,0.0,0.0
2023,8,15,9,9.1501,10.687419888948867,9.462357807652534,0.0,0.0,0.0,1.2250620812963327,0.0
2023,8,15,10,9.1501,19.327616224345356,9.462357807652534,0.0,0.0,0.0,9.865258416692821,0.0
2023,8,15,11,9.1501,38.17723115621214,9.462357807652534,0.0,0.0,0.0,28.714873348559603,0.0
2023,8,15,12,9.1501,43.56443491198418,9.462357807652534,0.0,0.0,0.0,34.10207710433164,0.0
2023,8,15,13,9.1501,55.76940124660375,29.301905191150887,19.839547383498353,0.0,18.562703698046768,26.467496055452862,0.0
2023,8,15,14,9.1501,48.698427172281065,48.698427172281065,39.23606936462853,0.0,55.27359814604207,0.0,0.0
2023,8,15,15,9.1501,34.01388296190326,34.01388296190326,24.55152515425073,0.0,78.24502375187845,0.0,0.0
2023,8,15,16,9.1501,38.63456212252947,38.63456212252947,29.17220431487694,0.0,105.53974849778419,0.0,0.0
2023,8,15,17,9.1501,31.225111457316558,31.225111457316558,21.762753649664024,0.0,125.90188377453491,0.0,0.0
2023,8,15,18,9.1501,14.045486626559605,14.045486626559605,4.5831288189070705,0.0,130.1900492568842,0.0,0.0
2023,8,15,19,9.1501,3.920471861914356,3.920471861914356,0.0,5.541885945738178,124.56311661427104,0.0,0.0
2023,8,15,20,9.1501,0.46163728426759554,0.46163728426759554,0.0,9.000720523384938,115.42426954741268,0.0,0.0
2023,8,15,21,9.1501,0.0,0.0,0.0,9.462357807652534,105.81670083429051,0.0,0.0
2023,8,15,22,9.1501,0.0,0.0,0.0,9.462357807652534,96.20913212116835,0.0,0.0
2023,8,15,23,9.1501,0.0,0.0,0.0,9.462357807652534,86.60156340804619,0.0,0.0
2023,8,16,0,9.1501,0.0,0.0,0.0,9.462357807652534,76.99399469492403,0.0,0.0
2023,8,16,1,9.1501,0.0,0.0,0.0,9.462357807652534,67.38642598180186,0.0,0.0
2023,8,16,2,9.1501,0.0,0.0,0.0,9.462357807652534,57.7788572686797,0.0,0.0
2023,8,16,3,9.1501,0.0,0.0,0.0,9.462357807652534,48.17128855555754,0.0,0.0
2023,8,16,4,9.1501,0.0,0.0,0.0,9.462357807652534,38.563719842435376,0.0,0.0
2023,8,16,5,9.1501,0.0,0.0,0.0,9.462357807652534,28.956151129313216,0.0,0.0
2023,8,16,6,9.1501,0.0,0.0,0.0,9.462357807652534,19.348582416191057,0.0,0.0
2023,8,16,7,9.1501,0.2067032616123562,0.2067032616123562,0.0,9.255654546040178,9.950889067067616,0.0,0.0
2023,8,16,8,9.1501,2.47785534857812,2.47785534857812,0.0,6.984502459074414,2.8592012798800774,0.0,0.0
2023,8,16,9,9.1501,6.646371124427303,6.646371124427303,0.0,2.8159866832252307,0.0,0.0,0.0
2023,8,16,10,9.1501,12.887087097940348,9.462357807652534,0.0,0.0,0.0,3.4247292902878144,0.0
2023,8,16,11,9.1501,34.676194662652854,9.462357807652534,0.0,0.0,0.0,25.21383685500032,0.0
2023,8,16,12,9.1501,56.88646012290052,9.462357807652534,0.0,0.0,0.0,47.42410231524799,0.0
2023,8,16,13,9.1501,54.82373382472722,9.462357807652534,0.0,0.0,0.0,45.36137601707469,0.0
2023,8,16,14,9.1501,55.86414024150942,40.602075360614414,31.13971755296188,0.0,29.135611765885493,15.262064880895004,0.0
2023,8,16,15,9.1501,58.73387052356097,58.73387052356097,49.271512715908436,0.0,75.23608339563071,0.0,0.0
2023,8,16,16,9.1501,47.5546691246927,47.5546691246927,38.09231131704017,0.0,110.87683035844205,0.0,0.0
2023,8,16,17,9.1501,21.91312952167991,21.91312952167991,12.450771714027377,0.0,122.52628897117972,0.0,0.0
2023,8,16,18,9.1501,11.033647852149564,11.033647852149564,1.5712900444970295,0.0,123.9964531314745,0.0,0.0
2023,8,16,19,9.1501,5.968556679056785,5.968556679056785,0.0,3.493801128595748,120.44903555381529,0.0,0.0
2023,8,16,20,9.1501,0.59771693149573,0.59771693149573,0.0,8.864640876156804,111.44835643492276,0.0,0.0
2023,8,16,21,9.1501,0.0,0.0,0.0,9.462357807652534,101.8407877218006,0.0,0.0
2023,8,16,22,9.1501,0.0,0.0,0.0,9.462357807652534,92.23321900867843,0.0,0.0
2023,8,16,23,9.1501,0.0,0.0,0.0,9.462357807652534,82.62565029555627,0.0,0.0
2023,8,17,0,9.1501,0.0,0.0,0.0,9.462357807652534,73.0180815824341,0.0,0.0
2023,8,17,1,9.1501,0.0,0.0,0.0,9.462357807652534,63.410512869311944,0.0,0.0
2023,8,17,2,9.1501,0.0,0.0,0.0,9.462357807652534,53.80294415618978,0.0,0.0
2023,8,17,3,9.1501,0.0,0.0,0.0,9.462357807652534,44.19537544306762,0.0,0.0
2023,8,17,4,9.1501,0.0,0.0,0.0,9.462357807652534,34.587806729945456,0.0,0.0
2023,8,17,5,9.1501,0.0,0.0,0.0,9.462357807652534,24.9802380168233,0.0,0.0
2023,8,17,6,9.1501,0.0,0.0,0.0,9.462357807652534,15.37266930370114,0.0,0.0
2023,8,17,7,9.1501,0.1782815631406572,0.1782815631406572,0.0,9.284076244511876,5.9461180920278744,0.0,0.0
2023,8,17,8,9.1501,3.606110651545564,3.606110651545564,0.0,5.85624715610697,0.0,0.0,0.0
2023,8,17,9,9.1501,18.828944605705548,9.462357807652534,0.0,0.0,0.0,9.366586798053014,0.0
2023,8,17,10,9.1501,36.06024525186559,9.462357807652534,0.0,0.0,0.0,26.597887444213054,0.0
2023,8,17,11,9.1501,48.16616627362925,9.462357807652534,0.0,0.0,0.0,38.70380846597672,0.0
2023,8,17,12,9.1501,55.68758120554887,9.462357807652534,0.0,0.0,0.0,46.22522339789633,0.0
2023,8,17,13,9.1501,54.45683553536529,9.462357807652534,0.0,0.0,0.0,44.99447772771276,0.0
2023,8,17,14,9.1501,49.86543933680083,13.274158749791496,3.8118009421389623,0.0,3.5664791175485107,36.59128058700934,0.0
2023,8,17,15,9.1501,51.31752974962764,51.31752974962764,41.8551719419751,0.0,42.727914606541205,0.0,0.0
2023,8,17,16,9.1501,48.98781173853837,48.98781173853837,39.52545393088583,0.0,79.70956926163126,0.0,0.0
2023,8,17,17,9.1501,39.280509815068086,39.280509815068086,29.818152007415552,0.0,107.60866946980205,0.0,0.0
2023,8,17,18,9.1501,24.947361149431288,24.947361149431288,15.485003341778754,0.0,122.09708108728611,0.0,0.0
2023,8,17,19,9.1501,6.713549684451319,6.713549684451319,0.0,2.748808123201215,119.30608930070562,0.0,0.0
2023,8,17,20,9.1501,0.5692952330240311,0.5692952330240311,0.0,8.893062574628503,110.27655231926326,0.0,0.0
2023,8,17,21,9.1501,0.0,0.0,0.0,9.462357807652534,100.6689836061411,0.0,0.0
2023,8,17,22,9.1501,0.0,0.0,0.0,9.462357807652534,91.06141489301893,0.0,0.0
2023,8,17,23,9.1501,0.0,0.0,0.0,9.462357807652534,81.45384617989677,0.0,0.0
2023,8,18,0,9.1501,0.0,0.0,0.0,9.462357807652534,71.84627746677461,0.0,0.0
2023,8,18,1,9.1501,0.0,0.0,0.0,9.462357807652534,62.238708753652446,0.0,0.0
2023,8,18,2,9.1501,0.0,0.0,0.0,9.462357807652534,52.63114004053028,0.0,0.0
2023,8,18,3,9.1501,0.0,0.0,0.0,9.462357807652534,43.02357132740812,0.0,0.0
2023,8,18,4,9.1501,0.0,0.0,0.0,9.462357807652534,33.416002614285965,0.0,0.0
2023,8,18,5,9.1501,0.0,0.0,0.0,9.462357807652534,23.808433901163806,0.0,0.0
2023,8,18,6,9.1501,0.0,0.0,0.0,9.462357807652534,14.200865188041647,0.0,0.0
2023,8,18,7,9.1501,0.2127321067427166,0.2127321067427166,0.0,9.249625700909817,4.8092932037014995,0.0,0.0
2023,8,18,8,9.1501,4.725753318612485,4.725753318612485,0.0,4.736604489040049,0.0,0.0,0.0
2023,8,18,9,9.1501,16.908326799890737,9.462357807652534,0.0,0.0,0.0,7.445968992238203,0.0
2023,8,18,10,9.1501,37.503723028791875,9.462357807652534,0.0,0.0,0.0,28.04136522113934,0.0
2023,8,18,11,9.1501,54.96928737144593,9.462357807652534,0.0,0.0,0.0,45.50692956379339,0.0
2023,8,18,12,9.1501,64.5861566179608,9.462357807652534,0.0,0.0,0.0,55.12379881030826,0.0
2023,8,18,13,9.1501,67.38267949485797,9.462357807652534,0.0,0.0,0.0,57.92032168720543,0.0
2023,8,18,14,9.1501,65.12961394328329,19.40559565496381,9.943237847311275,0.0,9.303305886522566,45.72401828831948,0.0
2023,8,18,15,9.1501,58.80621666512529,58.80621666512529,49.34385885747275,0.0,55.47146756804147,0.0,0.0
2023,8,18,16,9.1501,45.05700471354339,45.05700471354339,35.594646905890855,0.0,88.77529607676124,0.0,0.0
2023,8,18,17,9.1501,33.50659870736294,33.50659870736294,24.044240899710406,0.0,111.27208548623213,0.0,0.0
2023,8,18,18,9.1501,22.393714604928633,22.393714604928633,12.931356797276099,0.0,123.371199442895,0.0,0.0
2023,8,18,19,9.1501,6.733358747022503,6.733358747022503,0.0,2.7289990606300307,120.60032071203105,0.0,0.0
2023,8,18,20,9.1501,0.5210644719811479,0.5210644719811479,0.0,8.941293335671386,111.52181281232232,0.0,0.0
2023,8,18,21,9.1501,0.0,0.0,0.0,9.462357807652534,101.91424409920016,0.0,0.0
2023,8,18,22,9.1501,0.0,0.0,0.0,9.462357807652534,92.306675386078,0.0,0.0
2023,8,18,23,9.1501,0.0,0.0,0.0,9.462357807652534,82.69910667295584,0.0,0.0
2023,8,19,0,9.1501,0.0,0.0,0.0,9.462357807652534,73.09153795983367,0.0,0.0
2023,8,19,1,9.1501,0.0,0.0,0.0,9.462357807652534,63.48396924671151,0.0,0.0
2023,8,19,2,9.1501,0.0,0.0,0.0,9.462357807652534,53.87640053358935,0.0,0.0
2023,8,19,3,9.1501,0.0,0.0,0.0,9.462357807652534,44.268831820467184,0.0,0.0
2023,8,19,4,9.1501,0.0,0.0,0.0,9.462357807652534,34.66126310734502,0.0,0.0
2023,8,19,5,9.1501,0.0,0.0,0.0,9.462357807652534,25.053694394222862,0.0,0.0
2023,8,19,6,9.1501,0.0,0.0,0.0,9.462357807652534,15.446125681100703,0.0,0.0
2023,8,19,7,9.1501,0.16105629133962754,0.16105629133962754,0.0,9.301301516312908,6.002084855760875,0.0,0.0
2023,8,19,8,9.1501,3.5509897817822607,3.5509897817822607,0.0,5.911368025870273,0.0,0.0,0.0
2023,8,19,9,9.1501,20.127730099503182,9.462357807652534,0.0,0.0,0.0,10.665372291850648,0.0
2023,8,19,10,9.1501,38.513123956332215,9.462357807652534,0.0,0.0,0.0,29.05076614867968,0.0
2023,8,19,11,9.1501,53.17355278618858,9.462357807652534,0.0,0.0,0.0,43.71119497853604,0.0
2023,8,19,12,9.1501,61.84906092877718,9.462357807652534,0.0,0.0,0.0,52.38670312112464,0.0
2023,8,19,13,9.1501,67.8667096324669,9.462357807652534,0.0,0.0,0.0,58.404351824814356,0.0
2023,8,19,14,9.1501,66.13298602569326,9.462357807652534,0.0,0.0,-0.0,56.67062821804072,0.0
2023,8,19,15,9.1501,60.114476058413494,51.37934275638759,41.91698494873505,0.0,39.21927030281131,8.735133302025908,0.0
2023,8,19,16,9.1501,53.68944967662942,53.68944967662942,44.227091868976885,0.0,80.59997248924128,0.0,0.0
2023,8,19,17,9.1501,39.39764166331509,39.39764166331509,29.935283855662558,0.0,108.60866611456947,0.0,0.0
2023,8,19,18,9.1501,24.73376777909852,24.73376777909852,15.271409971445987,0.0,122.89723091253123,0.0,0.0
2023,8,19,19,9.1501,6.677376613669157,6.677376613669157,0.0,2.784981193983377,120.06951093725095,0.0,0.0
2023,8,19,20,9.1501,0.4513021211869777,0.4513021211869777,0.0,9.011055686465555,110.92017010219266,0.0,0.0
2023,8,19,21,9.1501,0.0,0.0,0.0,9.462357807652534,101.3126013890705,0.0,0.0
2023,8,19,22,9.1501,0.0,0.0,0.0,9.462357807652534,91.70503267594833,0.0,0.0
2023,8,19,23,9.1501,0.0,0.0,0.0,9.462357807652534,82.09746396282617,0.0,0.0
2023,8,20,0,9.1501,0.0,0.0,0.0,9.462357807652534,72.489895249704,0.0,0.0
2023,8,20,1,9.1501,0.0,0.0,0.0,9.462357807652534,62.88232653658184,0.0,0.0
2023,8,20,2,9.1501,0.0,0.0,0.0,9.462357807652534,53.27475782345968,0.0,0.0
2023,8,20,3,9.1501,0.0,0.0,0.0,9.462357807652534,43.66718911033752,0.0,0.0
2023,8,20,4,9.1501,0.0,0.0,0.0,9.462357807652534,34.059620397215355,0.0,0.0
2023,8,20,5,9.1501,0.0,0.0,0.0,9.462357807652534,24.452051684093195,0.0,0.0
2023,8,20,6,9.1501,0.0,0.0,0.0,9.462357807652534,14.844482970971036,0.0,0.0
2023,8,20,7,9.1501,0.17139145442024534,0.17139145442024534,0.0,9.290966353232289,5.410935913831146,0.0,0.0
2023,8,20,8,9.1501,4.133203968657073,4.133203968657073,0.0,5.329153838995461,0.0,0.0,0.0
2023,8,20,9,9.1501,21.231870021949188,9.462357807652534,0.0,0.0,0.0,11.769512214296654,0.0
2023,8,20,10,9.1501,39.725783091124704,9.462357807652534,0.0,0.0,0.0,30.26342528347217,0.0
2023,8,20,11,9.1501,54.30611440710628,9.462357807652534,0.0,0.0,0.0,44.84375659945374,0.0
2023,8,20,12,9.1501,62.98592886764515,9.462357807652534,0.0,0.0,0.0,53.52357105999262,0.0
2023,8,20,13,9.1501,63.14784642257482,9.462357807652534,0.0,0.0,0.0,53.68548861492229,0.0
2023,8,20,14,9.1501,67.02094878703633,9.462357807652534,0.0,0.0,0.0,57.558590979383794,0.0
2023,8,20,15,9.1501,62.17978614735696,50.460103929775165,40.99774612212263,0.0,38.359192316337726,11.719682217581791,0.0
2023,8,20,16,9.1501,54.404298456372146,54.404298456372146,44.941940648719616,0.0,80.4087366810077,0.0,0.0
2023,8,20,17,9.1501,40.66456040428081,40.66456040428081,31.20220259662828,0.0,109.60281204632508,0.0,0.0
2023,8,20,18,9.1501,23.974994556263166,23.974994556263166,14.512636748610632,0.0,123.18143713461282,0.0,0.0
2023,8,20,19,9.1501,6.767809290624562,6.767809290624562,0.0,2.6945485170279717,120.44553763108199,0.0,0.0
2023,8,20,20,9.1501,0.42201915912522725,0.42201915912522725,0.0,9.040338648527307,111.26646445279054,0.0,0.0
2023,8,20,21,9.1501,0.0,0.0,0.0,9.462357807652534,101.65889573966838,0.0,0.0
2023,8,20,22,9.1501,0.0,0.0,0.0,9.462357807652534,92.05132702654622,0.0,0.0
2023,8,20,23,9.1501,0.0,0.0,0.0,9.462357807652534,82.44375831342406,0.0,0.0
2023,8,21,0,9.1501,0.0,0.0,0.0,9.462357807652534,72.83618960030189,0.0,0.0
2023,8,21,1,9.1501,0.0,0.0,0.0,9.462357807652534,63.22862088717973,0.0,0.0
2023,8,21,2,9.1501,0.0,0.0,0.0,9.462357807652534,53.62105217405757,0.0,0.0
2023,8,21,3,9.1501,0.0,0.0,0.0,9.462357807652534,44.013483460935404,0.0,0.0
2023,8,21,4,9.1501,0.0,0.0,0.0,9.462357807652534,34.40591474781324,0.0,0.0
2023,8,21,5,9.1501,0.0,0.0,0.0,9.462357807652534,24.798346034691086,0.0,0.0
2023,8,21,6,9.1501,0.0,0.0,0.0,9.462357807652534,15.190777321568929,0.0,0.0
2023,8,21,7,9.1501,0.12746701132761964,0.12746701132761964,0.0,9.334890796324915,5.712631749579311,0.0,0.0
2023,8,21,8,9.1501,3.8360680300893018,3.8360680300893018,0.0,5.626289777563232,0.0,0.0,0.0
2023,8,21,9,9.1501,19.808201307594086,9.462357807652534,0.0,0.0,0.0,10.345843499941552,0.0
2023,8,21,10,9.1501,37.880095217644374,9.462357807652534,0.0,0.0,0.0,28.41773740999184,0.0
2023,8,21,11,9.1501,52.04185242886093,9.462357807652534,0.0,0.0,0.0,42.5794946212084,0.0
2023,8,21,12,9.1501,60.559749334470105,9.462357807652534,0.0,0.0,0.0,51.097391526817574,0.0
2023,8,21,13,9.1501,64.57237640051997,9.462357807652534,0.0,0.0,0.0,55.11001859286743,0.0
2023,8,21,14,9.1501,65.09688592686133,9.462357807652534,0.0,0.0,0.0,55.634528119208795,0.0
2023,8,21,15,9.1501,61.58982058817168,57.807462303501325,48.34510449584879,0.0,45.23368566129588,3.7823582846703587,0.0
2023,8,21,16,9.1501,51.66461897641838,51.66461897641838,42.202261168765844,0.0,84.71987223201232,0.0,0.0
2023,8,21,17,9.1501,37.768130950937675,37.768130950937675,28.30577314328514,0.0,111.2039280245332,0.0,0.0
2023,8,21,18,9.1501,23.140430137503273,23.140430137503273,13.678072329850739,0.0,124.00170001557447,0.0,0.0
2023,8,21,19,9.1501,5.827309450288341,5.827309450288341,0.0,3.6350483573641927,120.31086760584948,0.0,0.0
2023,8,21,20,9.1501,0.3660370257718808,0.3660370257718808,0.0,9.096320781880653,111.07495318314172,0.0,0.0
2023,8,21,21,9.1501,0.0,0.0,0.0,9.462357807652534,101.46738447001955,0.0,0.0
2023,8,21,22,9.1501,0.0,0.0,0.0,9.462357807652534,91.85981575689739,0.0,0.0
2023,8,21,23,9.1501,0.0,0.0,0.0,9.462357807652534,82.25224704377523,0.0,0.0
2023,8,22,0,9.1501,0.0,0.0,0.0,9.462357807652534,72.64467833065306,0.0,0.0
2023,8,22,1,9.1501,0.0,0.0,0.0,9.462357807652534,63.0371096175309,0.0,0.0
2023,8,22,2,9.1501,0.0,0.0,0.0,9.462357807652534,53.42954090440874,0.0,0.0
2023,8,22,3,9.1501,0.0,0.0,0.0,9.462357807652534,43.82197219128658,0.0,0.0
2023,8,22,4,9.1501,0.0,0.0,0.0,9.462357807652534,34.214403478164414,0.0,0.0
2023,8,22,5,9.1501,0.0,0.0,0.0,9.462357807652534,24.606834765042258,0.0,0.0
2023,8,22,6,9.1501,0.0,0.0,0.0,9.462357807652534,14.999266051920099,0.0,0.0
2023,8,22,7,9.1501,0.11540932106689888,0.11540932106689888,0.0,9.346948486585635,5.508877750363889,0.0,0.0
2023,8,22,8,9.1501,4.0367424465712975,4.0367424465712975,0.0,5.4256153610812365,0.0,0.0,0.0
2023,8,22,9,9.1501,16.006583821106833,9.462357807652534,0.0,0.0,0.0,6.544226013454299,0.0
2023,8,22,10,9.1501,29.470717524381683,9.462357807652534,0.0,0.0,0.0,20.00835971672915,0.0
2023,8,22,11,9.1501,48.82589418360868,9.462357807652534,0.0,0.0,0.0,39.363536375956144,0.0
2023,8,22,12,9.1501,59.393598433540404,9.462357807652534,0.0,0.0,0.0,49.93124062588787,0.0
2023,8,22,13,9.1501,64.88759887447881,9.462357807652534,0.0,0.0,0.0,55.425241066826274,0.0
2023,8,22,14,9.1501,66.63424143510322,9.462357807652534,0.0,0.0,0.0,57.17188362745068,0.0
2023,8,22,15,9.1501,62.35548391972745,52.15286961612013,42.69051180846759,0.0,39.943014127312,10.20261430360732,0.0
2023,8,22,16,9.1501,52.81009955118685,52.81009955118685,43.347741743534314,0.0,80.5009598511118,0.0,0.0
2023,8,22,17,9.1501,40.234789872845134,40.234789872845134,30.7724320651926,0.0,109.29292407553551,0.0,0.0
2023,8,22,18,9.1501,24.278159339961285,24.278159339961285,14.815801532308752,0.0,123.15520271411297,0.0,0.0
2023,8,22,19,9.1501,6.5145977951494265,6.5145977951494265,0.0,2.9477600125031076,120.16220588968372,0.0,0.0
2023,8,22,20,9.1501,0.42201915912522725,0.42201915912522725,0.0,9.040338648527307,110.98313271139227,0.0,0.0
2023,8,22,21,9.1501,0.0,0.0,0.0,9.462357807652534,101.37556399827011,0.0,0.0
2023,8,22,22,9.1501,0.0,0.0,0.0,9.462357807652534,91.76799528514795,0.0,0.0
2023,8,22,23,9.1501,0.0,0.0,0.0,9.462357807652534,82.16042657202578,0.0,0.0
2023,8,23,0,9.1501,0.0,0.0,0.0,9.462357807652534,72.55285785890362,0.0,0.0
2023,8,23,1,9.1501,0.0,0.0,0.0,9.462357807652534,62.94528914578146,0.0,0.0
2023,8,23,2,9.1501,0.0,0.0,0.0,9.462357807652534,53.337720432659296,0.0,0.0
2023,8,23,3,9.1501,0.0,0.0,0.0,9.462357807652534,43.73015171953713,0.0,0.0
2023,8,23,4,9.1501,0.0,0.0,0.0,9.462357807652534,34.12258300641497,0.0,0.0
2023,8,23,5,9.1501,0.0,0.0,0.0,9.462357807652534,24.51501429329281,0.0,0.0
2023,8,23,6,9.1501,0.0,0.0,0.0,9.462357807652534,14.907445580170652,0.0,0.0
2023,8,23,7,9.1501,0.09387773131561178,0.09387773131561178,0.0,9.368480076336922,5.395195261531242,0.0,0.0
2023,8,23,8,9.1501,4.148706713277999,4.148706713277999,0.0,5.313651094374535,0.0,0.0,0.0
2023,8,23,9,9.1501,20.6014250740315,9.462357807652534,0.0,0.0,0.0,11.139067266378966,0.0
2023,8,23,10,9.1501,39.903203390675316,9.462357807652534,0.0,0.0,0.0,30.44084558302278,0.0
2023,8,23,11,9.1501,53.60504584480437,9.462357807652534,0.0,0.0,0.0,44.14268803715184,0.0
2023,8,23,12,9.1501,62.99798655790586,9.462357807652534,0.0,0.0,0.0,53.53562875025332,0.0
2023,8,23,13,9.1501,68.09149942947033,9.462357807652534,0.0,0.0,0.0,58.629141621817794,0.0
2023,8,23,14,9.1501,67.97178379045319,14.759810403663721,5.297452596011186,0.0,4.9565164463376306,53.21197338678947,0.0
2023,8,23,15,9.1501,61.40723270708077,61.40723270708077,51.94487489942824,0.0,53.558296655910496,0.0,0.0
2023,8,23,16,9.1501,49.5019861017991,49.5019861017991,40.03962829414657,0.0,91.02103417896353,0.0,0.0
2023,8,23,17,9.1501,33.84679782543328,33.84679782543328,24.384440017780744,0.0,113.83612799856068,0.0,0.0
2023,8,23,18,9.1501,20.375774013438015,20.375774013438015,10.91341620578548,0.0,124.04717301110753,0.0,0.0
2023,8,23,19,9.1501,5.90740696416313,5.90740696416313,0.0,3.5549508434894044,120.43766730493203,0.0,0.0
2023,8,23,20,9.1501,0.3479504903807996,0.3479504903807996,0.0,9.114407317271734,111.18338878787438,0.0,0.0
2023,8,23,21,9.1501,0.0,0.0,0.0,9.462357807652534,101.57582007475222,0.0,0.0
2023,8,23,22,9.1501,0.0,0.0,0.0,9.462357807652534,91.96825136163005,0.0,0.0
2023,8,23,23,9.1501,0.0,0.0,0.0,9.462357807652534,82.36068264850789,0.0,0.0
2023,8,24,0,9.1501,0.0,0.0,0.0,9.462357807652534,72.75311393538573,0.0,0.0
2023,8,24,1,9.1501,0.0,0.0,0.0,9.462357807652534,63.145545222263564,0.0,0.0
2023,8,24,2,9.1501,0.0,0.0,0.0,9.462357807652534,53.5379765091414,0.0,0.0
2023,8,24,3,9.1501,0.0,0.0,0.0,9.462357807652534,43.93040779601924,0.0,0.0
2023,8,24,4,9.1501,0.0,0.0,0.0,9.462357807652534,34.322839082897076,0.0,0.0
2023,8,24,5,9.1501,0.0,0.0,0.0,9.462357807652534,24.71527036977492,0.0,0.0
2023,8,24,6,9.1501,0.0,0.0,0.0,9.462357807652534,15.107701656652761,0.0,0.0
2023,8,24,7,9.1501,0.08095877746483951,0.08095877746483951,0.0,9.381399030187694,5.582334127763432,0.0,0.0
2023,8,24,8,9.1501,3.9643963050069817,3.9643963050069817,0.0,5.497961502645553,0.0,0.0,0.0
2023,8,24,9,9.1501,22.363570379276837,9.462357807652534,0.0,0.0,0.0,12.901212571624303,0.0
2023,8,24,10,9.1501,40.61202332528769,9.462357807652534,0.0,0.0,0.0,31.149665517635153,0.0
2023,8,24,11,9.1501,54.710047030840435,9.462357807652534,0.0,0.0,0.0,45.247689223187905,0.0
2023,8,24,12,9.1501,65.15631311457487,9.462357807652534,0.0,0.0,0.0,55.693955306922334,0.0
2023,8,24,13,9.1501,70.34198119027486,9.462357807652534,0.0,0.0,0.0,60.87962338262233,0.0
2023,8,24,14,9.1501,70.0982435942903,9.462357807652534,0.0,0.0,0.0,60.63588578663776,0.0
2023,8,24,15,9.1501,61.228089880350055,51.72227941222812,42.25992160457558,0.0,39.54013606685901,9.505810468121936,0.0
2023,8,24,16,9.1501,53.42159670012341,53.42159670012341,43.95923889247088,0.0,80.67022389493641,0.0,0.0
2023,8,24,17,9.1501,42.983943252289464,42.983943252289464,33.52158544463693,0.0,112.0344100867602,0.0,0.0
2023,8,24,18,9.1501,23.13698508314307,23.13698508314307,13.674627275490536,0.0,124.82895874200274,0.0,0.0
2023,8,24,19,9.1501,6.259663772494187,6.259663772494187,0.0,3.2026940351583475,121.5771156353084,0.0,0.0
2023,8,24,20,9.1501,0.17225271801029685,0.17225271801029685,0.0,9.290105089642237,112.14444305885183,0.0,0.0
2023,8,24,21,9.1501,0.0,0.0,0.0,9.462357807652534,102.53687434572967,0.0,0.0
2023,8,24,22,9.1501,0.0,0.0,0.0,9.462357807652534,92.92930563260751,0.0,0.0
2023,8,24,23,9.1501,0.0,0.0,0.0,9.462357807652534,83.32173691948535,0.0,0.0
2023,8,25,0,9.1501,0.0,0.0,0.0,9.462357807652534,73.71416820636318,0.0,0.0
2023,8,25,1,9.1501,0.0,0.0,0.0,9.462357807652534,64.10659949324102,0.0,0.0
2023,8,25,2,9.1501,0.0,0.0,0.0,9.462357807652534,54.49903078011886,0.0,0.0
2023,8,25,3,9.1501,0.0,0.0,0.0,9.462357807652534,44.891462066996695,0.0,0.0
2023,8,25,4,9.1501,0.0,0.0,0.0,9.462357807652534,35.28389335387453,0.0,0.0
2023,8,25,5,9.1501,0.0,0.0,0.0,9.462357807652534,25.676324640752377,0.0,0.0
2023,8,25,6,9.1501,0.0,0.0,0.0,9.462357807652534,16.068755927630217,0.0,0.0
2023,8,25,7,9.1501,0.0,0.0,0.0,9.462357807652534,6.461187214508059,0.0,0.0
2023,8,25,8,9.1501,3.0988263970052397,3.0988263970052397,0.0,6.363531410647294,0.0,0.0,0.0
2023,8,25,9,9.1501,12.599425058863162,9.462357807652534,0.0,0.0,0.0,3.1370672512106275,0.0
2023,8,25,10,9.1501,15.482935558355532,9.462357807652534,0.0,0.0,0.0,6.020577750702998,0.0
2023,8,25,11,9.1501,15.5811196076214,9.462357807652534,-0.0,0.0,0.0,6.1187617999688655,0.0
2023,8,25,12,9.1501,27.64656124065264,9.462357807652534,-0.0,0.0,0.0,18.184203433000107,0.0
2023,8,25,13,9.1501,35.90349527847622,26.107846900610443,16.64548909295791,0.0,15.574210236199594,9.795648377865778,0.0
2023,8,25,14,9.1501,43.247489910845225,43.247489910845225,33.78513210319269,0.0,47.18498161662752,0.0,0.0
2023,8,25,15,9.1501,45.736541686094014,45.736541686094014,36.27418387844148,0.0,81.12461311165012,0.0,0.0
2023,8,25,16,9.1501,44.36885510509225,44.36885510509225,34.90649729743972,0.0,113.78458029457018,0.0,0.0
2023,8,25,17,9.1501,31.734118239036977,31.734118239036977,22.271760431384443,0.0,134.62296343558575,0.0,0.0
2023,8,25,18,9.1501,20.115672409242464,20.115672409242464,10.65331460158993,0.0,144.5906465953272,0.0,0.0
2023,8,25,19,9.1501,5.32174772292812,5.32174772292812,0.0,4.140610084724414,140.38649402448868,0.0,0.0
2023,8,25,20,9.1501,0.21359337033276807,0.21359337033276807,0.0,9.248764437319766,130.99579652083187,0.0,0.0
2023,8,25,21,9.1501,0.0,-0.0,0.0,9.462357807652534,121.38822780770971,0.0,0.0
2023,8,25,22,9.1501,0.0,-0.0,0.0,9.462357807652534,111.78065909458755,0.0,0.0
2023,8,25,23,9.1501,0.0,-0.0,0.0,9.462357807652534,102.17309038146539,0.0,0.0
2023,8,26,0,9.1501,0.0,-0.0,0.0,9.462357807652534,92.56552166834322,0.0,0.0
2023,8,26,1,9.1501,0.0,-0.0,0.0,9.462357807652534,82.95795295522106,0.0,0.0
2023,8,26,2,9.1501,0.0,-0.0,0.0,9.462357807652534,73.3503842420989,0.0,0.0
2023,8,26,3,9.1501,0.0,-0.0,0.0,9.462357807652534,63.742815528976735,0.0,0.0
2023,8,26,4,9.1501,0.0,-0.0,0.0,9.462357807652534,54.13524681585457,0.0,0.0
2023,8,26,5,9.1501,0.0,-0.0,0.0,9.462357807652534,44.52767810273241,0.0,0.0
2023,8,26,6,9.1501,0.0,-0.0,0.0,9.462357807652534,34.920109389610246,0.0,0.0
2023,8,26,7,9.1501,0.0017225271801029685,0.0017225271801029685,0.0,9.460635280472431,25.314289637854756,0.0,0.0
2023,8,26,8,9.1501,1.7957345852573445,1.7957345852573445,0.0,7.666623222395189,17.53001314947145,0.0,0.0
2023,8,26,9,9.1501,5.514670767099654,5.514670767099654,0.0,3.94768704055288,13.521744251698397,0.0,0.0
2023,8,26,10,9.1501,14.050654208099903,14.050654208099903,4.588296400447369,0.0,17.81474473774581,0.0,0.0
2023,8,26,11,9.1501,16.354534311487622,16.354534311487622,6.892176503835088,0.0,24.263351039205247,0.0,0.0
2023,8,26,12,9.1501,28.09097325311921,28.09097325311921,18.628615445466675,0.0,41.693056573045915,0.0,0.0
2023,8,26,13,9.1501,29.475885105921993,29.475885105921993,20.01352729826946,0.0,60.41854309798286,0.0,0.0
2023,8,26,14,9.1501,28.548304219436545,28.548304219436545,19.08594641178401,0.0,78.2761464591072,0.0,0.0
2023,8,26,15,9.1501,15.164268030036482,15.164268030036482,5.7019102223839475,0.0,83.61109024209956,0.0,0.0
2023,8,26,16,9.1501,7.633379198626304,7.633379198626304,0.0,1.8289786090262297,81.75404382531336,0.0,0.0
2023,8,26,17,9.1501,7.427537200603999,7.427537200603999,0.0,2.034820607048535,79.68799652521177,0.0,0.0
2023,8,26,18,9.1501,0.02497664411149304,0.02497664411149304,0.0,9.43738116354104,70.10578775190612,0.0,0.0
2023,8,26,19,9.1501,0.3048873108782254,0.3048873108782254,0.0,9.157470496774309,60.80778520068198,0.0,0.0
2023,8,26,20,9.1501,0.0,-0.0,0.0,9.462357807652534,51.200216487559814,0.0,0.0
2023,8,26,21,9.1501,0.0,-0.0,0.0,9.462357807652534,41.59264777443765,0.0,0.0
2023,8,26,22,9.1501,0.0,-0.0,0.0,9.462357807652534,31.985079061315492,0.0,0.0
2023,8,26,23,9.1501,0.0,-0.0,0.0,9.462357807652534,22.377510348193333,0.0,0.0
2023,8,27,0,9.1501,0.0,-0.0,0.0,9.462357807652534,12.769941635071174,0.0,0.0
2023,8,27,1,9.1501,0.0,-0.0,0.0,9.462357807652534,3.1623729219490144,0.0,0.0
2023,8,27,2,9.1501,0.0,-0.0,0.0,3.1145761224526294,0.0,0.0,6.138304889588308
2023,8,27,3,9.1501,0.0,-0.0,0.0,-0.0,0.0,0.0,9.1501
2023,8,27,4,9.1501,0.0,-0.0,0.0,-0.0,0.0,0.0,9.1501
2023,8,27,5,9.1501,0.0,-0.0,0.0,-0.0,0.0,0.0,9.1501
2023,8,27,6,9.1501,0.0,-0.0,0.0,-0.0,0.0,0.0,9.1501
2023,8,27,7,9.1501,0.0,-0.0,0.0,-0.0,0.0,0.0,9.1501
2023,8,27,8,9.1501,3.045428054422048,3.045428054422048,0.0,-0.0,0.0,0.0,6.20517107137388
2023,8,27,9,9.1501,12.589089895782543,9.462357807652534,0.0,0.0,0.0,3.1267320881300087,0.0
2023,8,27,10,9.1501,26.326244157103716,9.462357807652534,0.0,0.0,0.0,16.86388634945118,0.0
2023,8,27,11,9.1501,36.978352238860474,9.462357807652534,0.0,0.0,0.0,27.51599443120794,0.0
2023,8,27,12,9.1501,44.81068332678866,9.462357807652534,0.0,0.0,0.0,35.348325519136125,0.0
2023,8,27,13,9.1501,48.29880086649718,9.462357807652534,0.0,0.0,0.0,38.83644305884465,0.0
2023,8,27,14,9.1501,57.59269626674275,41.26619090154724,31.803833093894706,0.0,29.75698582091347,16.32650536519551,0.0
2023,8,27,15,9.1501,54.80909234369634,54.80909234369634,45.346734536043805,0.0,72.1852721419362,0.0,0.0
2023,8,27,16,9.1501,44.706470432392436,44.706470432392436,35.244112624739905,0.0,105.16112623313347,0.0,0.0
2023,8,27,17,9.1501,24.732906515508468,24.732906515508468,15.270548707855934,0.0,119.44888519714553,0.0,0.0
2023,8,27,18,9.1501,18.613628708192675,18.613628708192675,9.15127090054014,0.0,128.0111939486333,0.0,0.0
2023,8,27,19,9.1501,4.208995164581602,4.208995164581602,0.0,5.253362643070932,122.677212334935,0.0,0.0
2023,8,27,20,9.1501,0.024115380521441555,0.024115380521441555,0.0,9.438242427131094,113.09412908094603,0.0,0.0
2023,8,27,21,9.1501,0.0,0.0,0.0,9.462357807652534,103.48656036782387,0.0,0.0
2023,8,27,22,9.1501,0.0,0.0,0.0,9.462357807652534,93.87899165470171,0.0,0.0
2023,8,27,23,9.1501,0.0,0.0,0.0,9.462357807652534,84.27142294157954,0.0,0.0
2023,8,28,0,9.1501,0.0,0.0,0.0,9.462357807652534,74.66385422845738,0.0,0.0
2023,8,28,1,9.1501,0.0,0.0,0.0,9.462357807652534,65.05628551533522,0.0,0.0
2023,8,28,2,9.1501,0.0,0.0,0.0,9.462357807652534,55.448716802213056,0.0,0.0
2023,8,28,3,9.1501,0.0,0.0,0.0,9.462357807652534,45.84114808909089,0.0,0.0
2023,8,28,4,9.1501,0.0,0.0,0.0,9.462357807652534,36.23357937596873,0.0,0.0
2023,8,28,5,9.1501,0.0,0.0,0.0,9.462357807652534,26.62601066284657,0.0,0.0
2023,8,28,6,9.1501,0.0,0.0,0.0,9.462357807652534,17.018441949724412,0.0,0.0
2023,8,28,7,9.1501,0.0,0.0,0.0,9.462357807652534,7.410873236602254,0.0,0.0
2023,8,28,8,9.1501,2.163494138209328,2.163494138209328,0.0,7.298863669443206,0.0,0.0,0.0
2023,8,28,9,9.1501,12.167932000247367,9.462357807652534,0.0,0.0,0.0,2.705574192594833,0.0
2023,8,28,10,9.1501,24.694149653956153,9.462357807652534,0.0,0.0,0.0,15.231791846303619,0.0
2023,8,28,11,9.1501,27.21679070921695,9.462357807652534,0.0,0.0,0.0,17.754432901564417,0.0
2023,8,28,12,9.1501,37.45032468620869,9.462357807652534,0.0,0.0,0.0,27.987966878556154,0.0
2023,8,28,13,9.1501,63.089280498451316,9.462357807652534,0.0,0.0,0.0,53.62692269079878,0.0
2023,8,28,14,9.1501,56.818420299286466,9.462357807652534,0.0,0.0,0.0,47.356062491633935,0.0
2023,8,28,15,9.1501,66.32074148832449,59.555923658424405,50.093565850771874,0.0,46.86961865067034,6.764817829900082,0.0
2023,8,28,16,9.1501,53.127905815915845,53.127905815915845,43.66554800826331,0.0,87.72491710190455,0.0,0.0
2023,8,28,17,9.1501,37.01108025528243,37.01108025528243,27.548722447629896,0.0,113.5006448526508,0.0,0.0
2023,8,28,18,9.1501,22.716688451197946,22.716688451197946,13.254330643545412,0.0,125.90194654044619,0.0,0.0
2023,8,28,19,9.1501,5.314857614207709,5.314857614207709,0.0,4.1475001934448255,121.69079812414104,0.0,0.0
2023,8,28,20,9.1501,0.11713184824700186,0.11713184824700186,0.0,9.345225959405534,112.20215878395149,0.0,0.0
2023,8,28,21,9.1501,0.0,0.0,0.0,9.462357807652534,102.59459007082933,0.0,0.0
2023,8,28,22,9.1501,0.0,0.0,0.0,9.462357807652534,92.98702135770716,0.0,0.0
2023,8,28,23,9.1501,0.0,0.0,0.0,9.462357807652534,83.379452644585,0.0,0.0
2023,8,29,0,9.1501,0.0,0.0,0.0,9.462357807652534,73.77188393146284,0.0,0.0
2023,8,29,1,9.1501,0.0,0.0,0.0,9.462357807652534,64.16431521834068,0.0,0.0
2023,8,29,2,9.1501,0.0,0.0,0.0,9.462357807652534,54.55674650521851,0.0,0.0
2023,8,29,3,9.1501,0.0,0.0,0.0,9.462357807652534,44.94917779209635,0.0,0.0
2023,8,29,4,9.1501,0.0,0.0,0.0,9.462357807652534,35.34160907897419,0.0,0.0
2023,8,29,5,9.1501,0.0,0.0,0.0,9.462357807652534,25.734040365852024,0.0,0.0
2023,8,29,6,9.1501,0.0,0.0,0.0,9.462357807652534,16.126471652729865,0.0,0.0
2023,8,29,7,9.1501,0.0,0.0,0.0,9.462357807652534,6.518902939607707,0.0,0.0
2023,8,29,8,9.1501,3.0419830000618417,3.0419830000618417,0.0,6.420374807590692,0.0,0.0,0.0
2023,8,29,9,9.1501,12.100753440223354,9.462357807652534,0.0,0.0,0.0,2.6383956325708198,0.0
2023,8,29,10,9.1501,19.425800273611227,9.462357807652534,0.0,0.0,0.0,9.963442465958693,0.0
2023,8,29,11,9.1501,32.64361259013135,9.462357807652534,0.0,0.0,0.0,23.181254782478813,0.0
2023,8,29,12,9.1501,44.693551478541664,9.462357807652534,0.0,0.0,0.0,35.23119367088913,0.0
2023,8,29,13,9.1501,53.63002248891588,17.89093030347086,8.428572495818328,0.0,7.886122138427218,35.73909218544502,0.0
2023,8,29,14,9.1501,51.820507686217695,51.820507686217695,42.358149878565165,0.0,47.518164654036966,0.0,0.0
2023,8,29,15,9.1501,36.110198540088575,36.110198540088575,26.647840732436045,0.0,72.45099009341088,0.0,0.0
2023,8,29,16,9.1501,34.81830315501134,34.81830315501134,25.35594534735881,0.0,96.17506460825467,0.0,0.0
2023,8,29,17,9.1501,33.8640230972343,33.8640230972343,24.40166528958177,0.0,119.00627510684556,0.0,0.0
2023,8,29,18,9.1501,18.326827932705523,18.326827932705523,8.86447012505299,0.0,127.30024115308764,0.0,0.0
2023,8,29,19,9.1501,5.438018307585071,5.438018307585071,0.0,4.024339500067463,123.2141434744984,0.0,0.0
2023,8,29,20,9.1501,0.10593542157633255,0.10593542157633255,0.0,9.356422386076202,113.71413588542558,0.0,0.0
2023,8,29,21,9.1501,0.0,0.0,0.0,9.462357807652534,104.10656717230341,0.0,0.0
2023,8,29,22,9.1501,0.0,0.0,0.0,9.462357807652534,94.49899845918125,0.0,0.0
2023,8,29,23,9.1501,0.0,0.0,0.0,9.462357807652534,84.89142974605909,0.0,0.0
2023,8,30,0,9.1501,0.0,0.0,0.0,9.462357807652534,75.28386103293693,0.0,0.0
2023,8,30,1,9.1501,0.0,0.0,0.0,9.462357807652534,65.67629231981476,0.0,0.0
2023,8,30,2,9.1501,0.0,0.0,0.0,9.462357807652534,56.0687236066926,0.0,0.0
2023,8,30,3,9.1501,0.0,0.0,0.0,9.462357807652534,46.46115489357044,0.0,0.0
2023,8,30,4,9.1501,0.0,0.0,0.0,9.462357807652534,36.853586180448275,0.0,0.0
2023,8,30,5,9.1501,0.0,0.0,0.0,9.462357807652534,27.246017467326116,0.0,0.0
2023,8,30,6,9.1501,0.0,0.0,0.0,9.462357807652534,17.638448754203957,0.0,0.0
2023,8,30,7,9.1501,0.0,0.0,0.0,9.462357807652534,8.030880041081797,0.0,0.0
2023,8,30,8,9.1501,1.552858252862826,1.552858252862826,0.0,7.909499554789708,0.0,0.0,0.0
2023,8,30,9,9.1501,10.811441845916281,9.462357807652534,0.0,0.0,0.0,1.3490840382637472,0.0
2023,8,30,10,9.1501,23.31698917346383,9.462357807652534,0.0,0.0,0.0,13.854631365811297,0.0
2023,8,30,11,9.1501,39.75937237113671,9.462357807652534,0.0,0.0,0.0,30.29701456348418,0.0
2023,8,30,12,9.1501,47.389306515402815,13.548854816814632,4.0864970091621,0.0,3.8234961553167466,33.84045169858818,0.0
2023,8,30,13,9.1501,48.41421018756408,48.41421018756408,38.95185237991155,0.0,40.268465399915435,0.0,0.0
2023,8,30,14,9.1501,44.26464221069603,44.26464221069603,34.802284403043494,0.0,72.8309266749234,0.0,0.0
2023,8,30,15,9.1501,39.29256750532881,39.29256750532881,29.830209697676278,0.0,100.74130855838982,0.0,0.0
2023,8,30,16,9.1501,30.915917828488077,30.915917828488077,21.453560020835543,0.0,120.814149447203,0.0,0.0
2023,8,30,17,9.1501,17.10124984406227,17.10124984406227,7.638892036409737,0.0,127.96141378304085,0.0,0.0
2023,8,30,18,9.1501,9.621175564465121,9.621175564465121,0.15881775681258686,0.0,128.11001026584935,0.0,0.0
2023,8,30,19,9.1501,3.4484994145661423,3.4484994145661423,0.0,6.013858393086392,122.00386220877246,0.0,0.0
2023,8,30,20,9.1501,0.04564697027272866,0.04564697027272866,0.0,9.416710837379807,112.44264097186668,0.0,0.0
2023,8,30,21,9.1501,0.0,0.0,0.0,9.462357807652534,102.83507225874452,0.0,0.0
2023,8,30,22,9.1501,0.0,0.0,0.0,9.462357807652534,93.22750354562235,0.0,0.0
2023,8,30,23,9.1501,0.0,0.0,0.0,9.462357807652534,83.61993483250019,0.0,0.0
2023,8,31,0,9.1501,0.0,0.0,0.0,9.462357807652534,74.01236611937803,0.0,0.0
2023,8,31,1,9.1501,0.0,0.0,0.0,9.462357807652534,64.40479740625587,0.0,0.0
2023,8,31,2,9.1501,0.0,0.0,0.0,9.462357807652534,54.797228693133704,0.0,0.0
2023,8,31,3,9.1501,0.0,0.0,0.0,9.462357807652534,45.18965998001154,0.0,0.0
2023,8,31,4,9.1501,0.0,0.0,0.0,9.462357807652534,35.58209126688938,0.0,0.0
2023,8,31,5,9.1501,0.0,0.0,0.0,9.462357807652534,25.974522553767223,0.0,0.0
2023,8,31,6,9.1501,0.0,0.0,0.0,9.462357807652534,16.366953840645063,0.0,0.0
2023,8,31,7,9.1501,0.0,0.0,0.0,9.462357807652534,6.759385127522903,0.0,0.0
2023,8,31,8,9.1501,2.8051355127976842,2.8051355127976842,0.0,6.65722229485485,0.0,0.0,0.0
2023,8,31,9,9.1501,13.170442819067295,9.462357807652534,0.0,0.0,0.0,3.708085011414761,0.0
2023,8,31,10,9.1501,35.07668223202679,9.462357807652534,0.0,0.0,0.0,25.614324424374256,0.0
2023,8,31,11,9.1501,46.622781920257,9.462357807652534,0.0,0.0,0.0,37.16042411260446,0.0
2023,8,31,12,9.1501,44.69096768777152,11.76254225895968,2.300184451307146,0.0,2.1521480099885153,32.928425428811835,0.0
2023,8,31,13,9.1501,36.2075213257644,36.2075213257644,26.745163518111863,0.0,27.17603268567703,0.0,0.0
2023,8,31,14,9.1501,24.496920291834364,24.496920291834364,15.03456248418183,0.0,41.24299314747493,0.0,0.0
2023,8,31,15,9.1501,50.893788063322305,50.893788063322305,41.43143025566977,0.0,80.00795833322174,0.0,0.0
2023,8,31,16,9.1501,31.79526795393064,31.79526795393064,22.332910146278106,0.0,100.90355568466508,0.0,0.0
2023,8,31,17,9.1501,24.58132412365941,24.58132412365941,15.118966316006876,0.0,115.04948787353227,0.0,0.0
2023,8,31,18,9.1501,19.525706850057198,19.525706850057198,10.063349042404663,0.0,124.4651747777383,0.0,0.0
2023,8,31,19,9.1501,5.351030684989871,5.351030684989871,0.0,4.111327122662663,120.29075455013293,0.0,0.0
2023,8,31,20,9.1501,0.07406866874442763,0.07406866874442763,0.0,9.388289138908105,110.75839117577698,0.0,0.0
2023,8,31,21,9.1501,0.0,0.0,0.0,9.462357807652534,101.15082246265482,0.0,0.0
2023,8,31,22,9.1501,0.0,0.0,0.0,9.462357807652534,91.54325374953265,0.0,0.0
2023,8,31,23,9.1501,0.0,0.0,0.0,9.462357807652534,81.93568503641049,0.0,0.0
2023,9,1,0,9.1501,0.0,0.0,0.0,9.462357807652534,72.32811632328833,0.0,0.0
2023,9,1,1,9.1501,0.0,0.0,0.0,9.462357807652534,62.720547610166165,0.0,0.0
2023,9,1,2,9.1501,0.0,0.0,0.0,9.462357807652534,53.112978897044,0.0,0.0
2023,9,1,3,9.1501,0.0,0.0,0.0,9.462357807652534,43.50541018392184,0.0,0.0
2023,9,1,4,9.1501,0.0,0.0,0.0,9.462357807652534,33.897841470799676,0.0,0.0
2023,9,1,5,9.1501,0.0,0.0,0.0,9.462357807652534,24.290272757677517,0.0,0.0
2023,9,1,6,9.1501,0.0,0.0,0.0,9.462357807652534,14.682704044555358,0.0,0.0
2023,9,1,7,9.1501,0.0,0.0,0.0,9.462357807652534,5.075135331433199,0.0,0.0
2023,9,1,8,9.1501,4.463929187236842,4.463929187236842,0.0,4.998428620415692,0.0,0.0,0.0
2023,9,1,9,9.1501,23.483213046343767,9.462357807652534,0.0,0.0,0.0,14.020855238691233,0.0
2023,9,1,10,9.1501,42.719535330143664,9.462357807652534,0.0,0.0,0.0,33.25717752249113,0.0
2023,9,1,11,9.1501,57.35412625229848,9.462357807652534,0.0,0.0,0.0,47.89176844464595,0.0
2023,9,1,12,9.1501,65.65929105116496,9.462357807652534,0.0,0.0,0.0,56.19693324351242,0.0
2023,9,1,13,9.1501,71.27989723984093,9.462357807652534,0.0,0.0,0.0,61.8175394321884,0.0
2023,9,1,14,9.1501,69.13276710984259,30.360250500937713,20.89789269328518,0.0,19.552935481869156,38.77251660890488,0.0
2023,9,1,15,9.1501,62.65692617624548,62.65692617624548,53.19456836859294,0.0,69.32398075243748,0.0,0.0
2023,9,1,16,9.1501,54.431858891253796,54.431858891253796,44.96950108360126,0.0,111.39931180349743,0.0,0.0
2023,9,1,17,9.1501,33.997518953692285,33.997518953692285,24.53516114603975,0.0,134.35542656428976,0.0,0.0
2023,9,1,18,9.1501,20.40161192113956,20.40161192113956,10.939254113487024,0.0,144.5906465953272,0.0,0.0
2023,9,1,19,9.1501,5.144327423377515,5.144327423377515,0.0,4.318030384275019,140.2063510037231,0.0,0.0
2023,9,1,20,9.1501,0.037895597962265305,0.037895597962265305,0.0,9.424462209690269,130.63725944066738,0.0,0.0
2023,9,1,21,9.1501,0.0,-0.0,0.0,9.462357807652534,121.02969072754522,0.0,0.0
2023,9,1,22,9.1501,0.0,-0.0,0.0,9.462357807652534,111.42212201442305,0.0,0.0
2023,9,1,23,9.1501,0.0,-0.0,0.0,9.462357807652534,101.81455330130089,0.0,0.0
2023,9,2,0,9.1501,0.0,-0.0,0.0,9.462357807652534,92.20698458817873,0.0,0.0
2023,9,2,1,9.1501,0.0,-0.0,0.0,9.462357807652534,82.59941587505656,0.0,0.0
2023,9,2,2,9.1501,0.0,-0.0,0.0,9.462357807652534,72.9918471619344,0.0,0.0
2023,9,2,3,9.1501,0.0,-0.0,0.0,9.462357807652534,63.38427844881224,0.0,0.0
2023,9,2,4,9.1501,0.0,-0.0,0.0,9.462357807652534,53.776709735690076,0.0,0.0
2023,9,2,5,9.1501,0.0,-0.0,0.0,9.462357807652534,44.16914102256791,0.0,0.0
2023,9,2,6,9.1501,0.0,-0.0,0.0,9.462357807652534,34.56157230944575,0.0,0.0
2023,9,2,7,9.1501,0.0,-0.0,0.0,9.462357807652534,24.95400359632359,0.0,0.0
2023,9,2,8,9.1501,2.4373759598457,2.4373759598457,0.0,7.024981847806834,17.821215217019642,0.0,0.0
2023,9,2,9,9.1501,7.36380369494019,7.36380369494019,0.0,2.098554112712344,15.690456346351779,0.0,0.0
2023,9,2,10,9.1501,13.018860427218234,13.018860427218234,3.5565026195657,0.0,19.01806776067448,0.0,0.0
2023,9,2,11,9.1501,16.277020588383,16.277020588383,6.814662780730465,0.0,25.394149006662126,0.0,0.0
2023,9,2,12,9.1501,20.063996593839374,20.063996593839374,10.60163878618684,0.0,35.31348212942237,0.0,0.0
2023,9,2,13,9.1501,17.788538188923354,17.788538188923354,8.32618038127082,0.0,43.10380195711024,0.0,0.0
2023,9,2,14,9.1501,24.53998347133694,24.53998347133694,15.077625663684405,0.0,57.211054116392475,0.0,0.0
2023,9,2,15,9.1501,22.082798448920045,22.082798448920045,12.62044064126751,0.0,69.01926201721842,0.0,0.0
2023,9,2,16,9.1501,15.35460728343786,15.35460728343786,5.892249475785325,0.0,74.53229510309157,0.0,0.0
2023,9,2,17,9.1501,7.317295461077409,7.317295461077409,0.0,2.1450623465751253,72.35431427552399,0.0,0.0
2023,9,2,18,9.1501,6.433639017684587,6.433639017684587,0.0,3.0287187899679475,69.2791162668619,0.0,0.0
2023,9,2,19,9.1501,2.1083732684460332,2.1083732684460332,0.0,7.3539845392065,61.81227626652661,0.0,0.0
2023,9,2,20,9.1501,0.0,-0.0,0.0,9.462357807652534,52.20470755340445,0.0,0.0
2023,9,2,21,9.1501,0.0,-0.0,0.0,9.462357807652534,42.597138840282284,0.0,0.0
2023,9,2,22,9.1501,0.0,-0.0,0.0,9.462357807652534,32.98957012716012,0.0,0.0
2023,9,2,23,9.1501,0.0,-0.0,0.0,9.462357807652534,23.382001414037962,0.0,0.0
2023,9,3,0,9.1501,0.0,-0.0,0.0,9.462357807652534,13.774432700915803,0.0,0.0
2023,9,3,1,9.1501,0.0,-0.0,0.0,9.462357807652534,4.1668639877936435,0.0,0.0
2023,9,3,2,9.1501,0.0,-0.0,0.0,4.103885089520469,0.0,0.0,5.181643118433707
2023,9,3,3,9.1501,0.0,-0.0,0.0,-0.0,0.0,0.0,9.1501
2023,9,3,4,9.1501,0.0,-0.0,0.0,-0.0,0.0,0.0,9.1501
2023,9,3,5,9.1501,0.0,-0.0,0.0,-0.0,0.0,0.0,9.1501
2023,9,3,6,9.1501,0.0,-0.0,0.0,-0.0,0.0,0.0,9.1501
2023,9,3,7,9.1501,0.0,-0.0,0.0,-0.0,0.0,0.0,9.1501
2023,9,3,8,9.1501,3.5785502166639165,3.5785502166639165,0.0,-0.0,0.0,0.0,5.689641940485993
2023,9,3,9,9.1501,10.410954276542341,9.462357807652534,0.0,0.0,0.0,0.9485964688898072,0.0
2023,9,3,10,9.1501,20.64362698994402,9.462357807652534,0.0,0.0,0.0,11.181269182291487,0.0
2023,9,3,11,9.1501,25.11616881308138,9.462357807652534,0.0,0.0,0.0,15.653811005428846,0.0
2023,9,3,12,9.1501,31.515357287163912,9.462357807652534,0.0,0.0,0.0,22.052999479511378,0.0
2023,9,3,13,9.1501,47.29973510203747,9.462357807652534,0.0,0.0,0.0,37.837377294384936,0.0
2023,9,3,14,9.1501,52.15123290479747,31.60607855882758,22.143720751175046,0.0,20.71858390369544,20.545154345969888,0.0
2023,9,3,15,9.1501,44.233636721454175,44.233636721454175,34.771278913801645,0.0,53.25203515651469,0.0,0.0
2023,9,3,16,9.1501,45.52725463371151,45.52725463371151,36.06489682605897,0.0,86.99584900176342,0.0,0.0
2023,9,3,17,9.1501,37.85770236430304,37.85770236430304,28.395344556650503,0.0,113.56371152505172,0.0,0.0
2023,9,3,18,9.1501,22.48759233624425,22.48759233624425,13.025234528591719,0.0,125.75066138223045,0.0,0.0
2023,9,3,19,9.1501,5.05475601001216,5.05475601001216,0.0,4.407601797640374,121.27541979956025,0.0,0.0
2023,9,3,20,9.1501,0.029282962061750465,0.029282962061750465,0.0,9.433074845590784,111.69758342967124,0.0,0.0
2023,9,3,21,9.1501,0.0,0.0,0.0,9.462357807652534,102.09001471654908,0.0,0.0
2023,9,3,22,9.1501,0.0,0.0,0.0,9.462357807652534,92.48244600342692,0.0,0.0
2023,9,3,23,9.1501,0.0,0.0,0.0,9.462357807652534,82.87487729030475,0.0,0.0
2023,9,4,0,9.1501,0.0,0.0,0.0,9.462357807652534,73.26730857718259,0.0,0.0
2023,9,4,1,9.1501,0.0,0.0,0.0,9.462357807652534,63.65973986406043,0.0,0.0
2023,9,4,2,9.1501,0.0,0.0,0.0,9.462357807652534,54.052171150938264,0.0,0.0
2023,9,4,3,9.1501,0.0,0.0,0.0,9.462357807652534,44.4446024378161,0.0,0.0
2023,9,4,4,9.1501,0.0,0.0,0.0,9.462357807652534,34.83703372469394,0.0,0.0
2023,9,4,5,9.1501,0.0,0.0,0.0,9.462357807652534,25.229465011571776,0.0,0.0
2023,9,4,6,9.1501,0.0,0.0,0.0,9.462357807652534,15.621896298449617,0.0,0.0
2023,9,4,7,9.1501,0.0,0.0,0.0,9.462357807652534,6.014327585327457,0.0,0.0
2023,9,4,8,9.1501,3.5389320915215485,3.5389320915215485,0.0,5.923425716130986,0.0,0.0,0.0
2023,9,4,9,9.1501,16.987563050175474,9.462357807652534,0.0,0.0,0.0,7.52520524252294,0.0
2023,9,4,10,9.1501,38.372737991153826,9.462357807652534,0.0,0.0,0.0,28.910380183501292,0.0
2023,9,4,11,9.1501,52.83249240452819,9.462357807652534,0.0,0.0,0.0,43.37013459687566,0.0
2023,9,4,12,9.1501,63.559530418619424,9.462357807652534,0.0,0.0,0.0,54.097172610966894,0.0
2023,9,4,13,9.1501,68.37830020495747,9.462357807652534,0.0,0.0,0.0,58.91594239730493,0.0
2023,9,4,14,9.1501,67.67378658829536,9.462357807652534,0.0,0.0,0.0,58.21142878064282,0.0
2023,9,4,15,9.1501,63.96776936030383,53.89492313254796,44.43256532489543,0.0,41.57295167712158,10.072846227755875,0.0
2023,9,4,16,9.1501,54.398269611241794,54.398269611241794,44.93591180358926,0.0,83.61685520414375,0.0,0.0
2023,9,4,17,9.1501,40.84973207614189,40.84973207614189,31.387374268489356,0.0,112.98418486864378,0.0,0.0
2023,9,4,18,9.1501,22.688266752726246,22.688266752726246,13.225908945073712,0.0,125.35889403609951,0.0,0.0
2023,9,4,19,9.1501,4.810157150437539,4.810157150437539,0.0,4.652200657214995,120.63529993936416,0.0,0.0
2023,9,4,20,9.1501,0.0,0.0,0.0,9.462357807652534,111.027731226242,0.0,0.0
2023,9,4,21,9.1501,0.0,0.0,0.0,9.462357807652534,101.42016251311983,0.0,0.0
2023,9,4,22,9.1501,0.0,0.0,0.0,9.462357807652534,91.81259379999767,0.0,0.0
2023,9,4,23,9.1501,0.0,0.0,0.0,9.462357807652534,82.20502508687551,0.0,0.0
2023,9,5,0,9.1501,0.0,0.0,0.0,9.462357807652534,72.59745637375335,0.0,0.0
2023,9,5,1,9.1501,0.0,0.0,0.0,9.462357807652534,62.98988766063118,0.0,0.0
2023,9,5,2,9.1501,0.0,0.0,0.0,9.462357807652534,53.38231894750902,0.0,0.0
2023,9,5,3,9.1501,0.0,0.0,0.0,9.462357807652534,43.77475023438686,0.0,0.0
2023,9,5,4,9.1501,0.0,0.0,0.0,9.462357807652534,34.167181521264695,0.0,0.0
2023,9,5,5,9.1501,0.0,0.0,0.0,9.462357807652534,24.55961280814254,0.0,0.0
2023,9,5,6,9.1501,0.0,0.0,0.0,9.462357807652534,14.952044095020378,0.0,0.0
2023,9,5,7,9.1501,0.0,0.0,0.0,9.462357807652534,5.344475381898219,0.0,0.0
2023,9,5,8,9.1501,4.198660001500985,4.198660001500985,0.0,5.263697806151549,0.0,0.0,0.0
2023,9,5,9,9.1501,22.059544331988658,9.462357807652534,0.0,0.0,0.0,12.597186524336124,0.0
2023,9,5,10,9.1501,40.78513730688803,9.462357807652534,0.0,0.0,0.0,31.322779499235498,0.0
2023,9,5,11,9.1501,53.864286185409874,9.462357807652534,0.0,0.0,0.0,44.40192837775734,0.0
2023,9,5,12,9.1501,62.08246336168114,9.462357807652534,0.0,0.0,0.0,52.62010555402861,0.0
2023,9,5,13,9.1501,59.79753105727454,9.462357807652534,0.0,0.0,0.0,50.335173249622,0.0
2023,9,5,14,9.1501,67.12688420861268,15.10657578039052,5.644217972737986,0.0,5.280964520504639,52.02030842822216,0.0
2023,9,5,15,9.1501,60.39266419800012,60.39266419800012,50.93030639034759,0.0,52.933472337346515,0.0,0.0
2023,9,5,16,9.1501,50.190996973840285,50.190996973840285,40.72863916618775,0.0,91.04087702014894,0.0,0.0
2023,9,5,17,9.1501,34.367862297414426,34.367862297414426,24.905504489761892,0.0,114.34350037930658,0.0,0.0
2023,9,5,18,9.1501,22.37476680594751,22.37476680594751,12.912408998294975,0.0,126.42488598907634,0.0,0.0
2023,9,5,19,9.1501,4.657713494998418,4.657713494998418,0.0,4.8046443126541165,121.54650881139193,0.0,0.0
2023,9,5,20,9.1501,0.0,0.0,0.0,9.462357807652534,111.93894009826977,0.0,0.0
2023,9,5,21,9.1501,0.0,0.0,0.0,9.462357807652534,102.3313713851476,0.0,0.0
2023,9,5,22,9.1501,0.0,0.0,0.0,9.462357807652534,92.72380267202544,0.0,0.0
2023,9,5,23,9.1501,0.0,0.0,0.0,9.462357807652534,83.11623395890328,0.0,0.0
2023,9,6,0,9.1501,0.0,0.0,0.0,9.462357807652534,73.50866524578112,0.0,0.0
2023,9,6,1,9.1501,0.0,0.0,0.0,9.462357807652534,63.901096532658954,0.0,0.0
2023,9,6,2,9.1501,0.0,0.0,0.0,9.462357807652534,54.29352781953679,0.0,0.0
2023,9,6,3,9.1501,0.0,0.0,0.0,9.462357807652534,44.68595910641463,0.0,0.0
2023,9,6,4,9.1501,0.0,0.0,0.0,9.462357807652534,35.078390393292466,0.0,0.0
2023,9,6,5,9.1501,0.0,0.0,0.0,9.462357807652534,25.47082168017031,0.0,0.0
2023,9,6,6,9.1501,0.0,0.0,0.0,9.462357807652534,15.863252967048151,0.0,0.0
2023,9,6,7,9.1501,0.0,0.0,0.0,9.462357807652534,6.255684253925991,0.0,0.0
2023,9,6,8,9.1501,3.30122334066733,3.30122334066733,0.0,6.161134466985204,0.0,0.0,0.0
2023,9,6,9,9.1501,19.69020819575703,9.462357807652534,0.0,0.0,0.0,10.227850388104496,0.0
2023,9,6,10,9.1501,39.419173253066376,9.462357807652534,0.0,0.0,0.0,29.95681544541384,0.0
2023,9,6,11,9.1501,50.511387029339446,9.462357807652534,0.0,0.0,0.0,41.04902922168691,0.0
2023,9,6,12,9.1501,61.24876020651129,9.462357807652534,0.0,0.0,0.0,51.786402398858755,0.0
2023,9,6,13,9.1501,64.67142171337589,9.462357807652534,0.0,0.0,0.0,55.209063905723355,0.0
2023,9,6,14,9.1501,67.59455033801063,10.467359591643527,1.0050017839909926,0.0,0.9403213678024755,57.127190746367106,0.0
2023,9,6,15,9.1501,60.58644850576171,60.58644850576171,51.12409069810918,0.0,48.77414182332387,0.0,0.0
2023,9,6,16,9.1501,51.341645130149075,51.341645130149075,41.879287322496545,0.0,87.9581406629078,0.0,0.0
2023,9,6,17,9.1501,38.408049798345935,38.408049798345935,28.9456919906934,0.0,115.04093108004592,0.0,0.0
2023,9,6,18,9.1501,21.23962139425965,21.23962139425965,11.777263586607116,0.0,126.06022754412857,0.0,0.0
2023,9,6,19,9.1501,4.103921006595322,4.103921006595322,0.0,5.358436801057211,120.61955928706426,0.0,0.0
2023,9,6,20,9.1501,0.0,0.0,0.0,9.462357807652534,111.0119905739421,0.0,0.0
2023,9,6,21,9.1501,0.0,0.0,0.0,9.462357807652534,101.40442186081994,0.0,0.0
2023,9,6,22,9.1501,0.0,0.0,0.0,9.462357807652534,91.79685314769777,0.0,0.0
2023,9,6,23,9.1501,0.0,0.0,0.0,9.462357807652534,82.18928443457561,0.0,0.0
2023,9,7,0,9.1501,0.0,0.0,0.0,9.462357807652534,72.58171572145345,0.0,0.0
2023,9,7,1,9.1501,0.0,0.0,0.0,9.462357807652534,62.974147008331286,0.0,0.0
2023,9,7,2,9.1501,0.0,0.0,0.0,9.462357807652534,53.36657829520912,0.0,0.0
2023,9,7,3,9.1501,0.0,0.0,0.0,9.462357807652534,43.75900958208696,0.0,0.0
2023,9,7,4,9.1501,0.0,0.0,0.0,9.462357807652534,34.1514408689648,0.0,0.0
2023,9,7,5,9.1501,0.0,0.0,0.0,9.462357807652534,24.543872155842635,0.0,0.0
2023,9,7,6,9.1501,0.0,0.0,0.0,9.462357807652534,14.936303442720476,0.0,0.0
2023,9,7,7,9.1501,0.0,0.0,0.0,9.462357807652534,5.328734729598316,0.0,0.0
2023,9,7,8,9.1501,4.214162746121912,4.214162746121912,0.0,5.248195061530622,0.0,0.0,0.0
2023,9,7,9,9.1501,22.370460487997253,9.462357807652534,0.0,0.0,0.0,12.908102680344719,0.0
2023,9,7,10,9.1501,40.46474725138887,9.462357807652534,0.0,0.0,0.0,31.002389443736337,0.0
2023,9,7,11,9.1501,54.97187116221608,9.462357807652534,0.0,0.0,0.0,45.50951335456355,0.0
2023,9,7,12,9.1501,62.54410064594873,9.462357807652534,0.0,0.0,0.0,53.081742838296194,0.0
2023,9,7,13,9.1501,65.9193926553605,9.462357807652534,0.0,0.0,0.0,56.45703484770796,0.0
2023,9,7,14,9.1501,67.60833055545145,23.288358378043647,13.826000570391114,0.0,12.936179790606722,44.3199721774078,0.0
2023,9,7,15,9.1501,62.55185201825918,62.55185201825918,53.08949421060665,0.0,62.60891331931325,0.0,0.0
2023,9,7,16,9.1501,52.651627050617385,52.651627050617385,43.189269242964855,0.0,103.01858559637071,0.0,0.0
2023,9,7,17,9.1501,32.03469923196495,32.03469923196495,22.57234142431242,0.0,124.13820478582696,0.0,0.0
2023,9,7,18,9.1501,12.869000562549276,12.869000562549276,3.406642754896742,0.0,127.32560109290417,0.0,0.0
2023,9,7,19,9.1501,3.636254877197366,3.636254877197366,0.0,5.826102930455169,121.41008982479276,0.0,0.0
2023,9,7,20,9.1501,0.0,0.0,0.0,9.462357807652534,111.8025211116706,0.0,0.0
2023,9,7,21,9.1501,0.0,0.0,0.0,9.462357807652534,102.19495239854844,0.0,0.0
2023,9,7,22,9.1501,0.0,0.0,0.0,9.462357807652534,92.58738368542627,0.0,0.0
2023,9,7,23,9.1501,0.0,0.0,0.0,9.462357807652534,82.97981497230411,0.0,0.0
2023,9,8,0,9.1501,0.0,0.0,0.0,9.462357807652534,73.37224625918195,0.0,0.0
2023,9,8,1,9.1501,0.0,0.0,0.0,9.462357807652534,63.76467754605979,0.0,0.0
2023,9,8,2,9.1501,0.0,0.0,0.0,9.462357807652534,54.157108832937624,0.0,0.0
2023,9,8,3,9.1501,0.0,0.0,0.0,9.462357807652534,44.54954011981546,0.0,0.0
2023,9,8,4,9.1501,0.0,0.0,0.0,9.462357807652534,34.9419714066933,0.0,0.0
2023,9,8,5,9.1501,0.0,0.0,0.0,9.462357807652534,25.334402693571136,0.0,0.0
2023,9,8,6,9.1501,0.0,0.0,0.0,9.462357807652534,15.726833980448976,0.0,0.0
2023,9,8,7,9.1501,0.0,0.0,0.0,9.462357807652534,6.119265267326816,0.0,0.0
2023,9,8,8,9.1501,3.4355804607153706,3.4355804607153706,0.0,6.0267773469371635,0.0,0.0,0.0
2023,9,8,9,9.1501,17.58441871808115,9.462357807652534,0.0,0.0,0.0,8.122060910428615,0.0
2023,9,8,10,9.1501,31.933070128338876,9.462357807652534,0.0,0.0,0.0,22.470712320686342,0.0
2023,9,8,11,9.1501,41.13911664239919,9.462357807652534,0.0,0.0,0.0,31.676758834746654,0.0
2023,9,8,12,9.1501,56.42396157504288,9.462357807652534,0.0,0.0,0.0,46.96160376739034,0.0
2023,9,8,13,9.1501,65.12789141610318,9.462357807652534,0.0,0.0,0.0,55.665533608450644,0.0
2023,9,8,14,9.1501,64.43629675329183,9.546167851008933,0.08381004335639886,0.0,0.07841615394105617,54.890128902282896,0.0
2023,9,8,15,9.1501,62.790422032703454,62.790422032703454,53.32806422505092,0.0,49.974365686710826,0.0,0.0
2023,9,8,16,9.1501,52.869526738900404,52.869526738900404,43.407168931247874,0.0,90.58791395303902,0.0,0.0
2023,9,8,17,9.1501,37.85253478276273,37.85253478276273,28.390176975110197,0.0,117.15094147262921,0.0,0.0
2023,9,8,18,9.1501,18.90129074726987,18.90129074726987,9.438932939617336,0.0,125.98239876331236,0.0,0.0
2023,9,8,19,9.1501,4.045355082471821,4.045355082471821,0.0,5.417002725180713,120.48226581978176,0.0,0.0
2023,9,8,20,9.1501,0.0,0.0,0.0,9.462357807652534,110.8746971066596,0.0,0.0
2023,9,8,21,9.1501,0.0,0.0,0.0,9.462357807652534,101.26712839353743,0.0,0.0
2023,9,8,22,9.1501,0.0,0.0,0.0,9.462357807652534,91.65955968041527,0.0,0.0
2023,9,8,23,9.1501,0.0,0.0,0.0,9.462357807652534,82.05199096729311,0.0,0.0
2023,9,9,0,9.1501,0.0,0.0,0.0,9.462357807652534,72.44442225417095,0.0,0.0
2023,9,9,1,9.1501,0.0,0.0,0.0,9.462357807652534,62.83685354104878,0.0,0.0
2023,9,9,2,9.1501,0.0,0.0,0.0,9.462357807652534,53.22928482792662,0.0,0.0
2023,9,9,3,9.1501,0.0,0.0,0.0,9.462357807652534,43.62171611480446,0.0,0.0
2023,9,9,4,9.1501,0.0,0.0,0.0,9.462357807652534,34.014147401682294,0.0,0.0
2023,9,9,5,9.1501,0.0,0.0,0.0,9.462357807652534,24.40657868856014,0.0,0.0
2023,9,9,6,9.1501,0.0,0.0,0.0,9.462357807652534,14.79900997543798,0.0,0.0
2023,9,9,7,9.1501,0.0,0.0,0.0,9.462357807652534,5.191441262315821,0.0,0.0
2023,9,9,8,9.1501,4.349381129759995,4.349381129759995,0.0,5.112976677892539,0.0,0.0,0.0
2023,9,9,9,9.1501,23.396225423748568,9.462357807652534,0.0,0.0,0.0,13.933867616096034,0.0
2023,9,9,10,9.1501,42.301822488968696,9.462357807652534,0.0,0.0,0.0,32.83946468131616,0.0
2023,9,9,11,9.1501,56.74865794849229,9.462357807652534,0.0,0.0,0.0,47.28630014083976,0.0
2023,9,9,12,9.1501,64.85228706728671,9.462357807652534,0.0,0.0,0.0,55.38992925963417,0.0
2023,9,9,13,9.1501,69.38856239608786,9.462357807652534,0.0,0.0,0.0,59.926204588435326,0.0
2023,9,9,14,9.1501,67.47741848976364,9.462357807652534,0.0,0.0,-0.0,58.0150606821111,0.0
2023,9,9,15,9.1501,62.31672705817513,61.27273369324213,51.81037588558959,0.0,48.47593735170389,1.0439933649330015,0.0
2023,9,9,16,9.1501,53.6506928150771,53.6506928150771,44.18833500742457,0.0,89.82037701039796,0.0,0.0
2023,9,9,17,9.1501,39.24175295351577,39.24175295351577,29.779395145863237,0.0,117.68321469083286,0.0,0.0
2023,9,9,18,9.1501,19.47919861619441,19.47919861619441,10.016840808541875,0.0,127.0553865617558,0.0,0.0
2023,9,9,19,9.1501,3.4312741427651128,3.4312741427651128,0.0,6.031083664887421,120.93174889101235,0.0,0.0
2023,9,9,20,9.1501,0.0,0.0,0.0,9.462357807652534,111.32418017789018,0.0,0.0
2023,9,9,21,9.1501,0.0,0.0,0.0,9.462357807652534,101.71661146476802,0.0,0.0
2023,9,9,22,9.1501,0.0,0.0,0.0,9.462357807652534,92.10904275164586,0.0,0.0
2023,9,9,23,9.1501,0.0,0.0,0.0,9.462357807652534,82.5014740385237,0.0,0.0
2023,9,10,0,9.1501,0.0,0.0,0.0,9.462357807652534,72.89390532540153,0.0,0.0
2023,9,10,1,9.1501,0.0,0.0,0.0,9.462357807652534,63.28633661227937,0.0,0.0
2023,9,10,2,9.1501,0.0,0.0,0.0,9.462357807652534,53.67876789915721,0.0,0.0
2023,9,10,3,9.1501,0.0,0.0,0.0,9.462357807652534,44.071199186035045,0.0,0.0
2023,9,10,4,9.1501,0.0,0.0,0.0,9.462357807652534,34.46363047291288,0.0,0.0
2023,9,10,5,9.1501,0.0,0.0,0.0,9.462357807652534,24.856061759790727,0.0,0.0
2023,9,10,6,9.1501,0.0,0.0,0.0,9.462357807652534,15.248493046668568,0.0,0.0
2023,9,10,7,9.1501,0.0,0.0,0.0,9.462357807652534,5.640924333546407,0.0,0.0
2023,9,10,8,9.1501,3.906691644473532,3.906691644473532,0.0,5.555666163179002,0.0,0.0,0.0
2023,9,10,9,9.1501,21.16985904346548,9.462357807652534,0.0,0.0,0.0,11.707501235812945,0.0
2023,9,10,10,9.1501,35.7760282671486,9.462357807652534,0.0,0.0,0.0,26.313670459496063,0.0
2023,9,10,11,9.1501,53.290684634435586,9.462357807652534,0.0,0.0,0.0,43.828326826783055,0.0
2023,9,10,12,9.1501,58.99483339134657,9.462357807652534,0.0,0.0,0.0,49.53247558369404,0.0
2023,9,10,13,9.1501,67.97522884481339,9.462357807652534,0.0,0.0,0.0,58.51287103716085,0.0
2023,9,10,14,9.1501,67.45071931847203,21.58166293310276,12.119305125450227,0.0,11.339324719528108,45.86905638536926,0.0
2023,9,10,15,9.1501,63.47943290474464,63.47943290474464,54.0170750970921,0.0,61.87994141204726,0.0,0.0
2023,9,10,16,9.1501,47.9577404848368,47.9577404848368,38.49538267718427,0.0,97.89781866331198,0.0,0.0
2023,9,10,17,9.1501,34.135321128100514,34.135321128100514,24.67296332044798,0.0,120.98286685605419,0.0,0.0
2023,9,10,18,9.1501,16.47597247768489,16.47597247768489,7.013614670032357,0.0,127.54509574441947,0.0,0.0
2023,9,10,19,9.1501,3.5931916976947917,3.5931916976947917,0.0,5.869166109957742,121.58586044214168,0.0,0.0
2023,9,10,20,9.1501,0.0,0.0,0.0,9.462357807652534,111.97829172901952,0.0,0.0
2023,9,10,21,9.1501,0.0,0.0,0.0,9.462357807652534,102.37072301589735,0.0,0.0
2023,9,10,22,9.1501,0.0,0.0,0.0,9.462357807652534,92.76315430277519,0.0,0.0
2023,9,10,23,9.1501,0.0,0.0,0.0,9.462357807652534,83.15558558965303,0.0,0.0
2023,9,11,0,9.1501,0.0,0.0,0.0,9.462357807652534,73.54801687653087,0.0,0.0
2023,9,11,1,9.1501,0.0,0.0,0.0,9.462357807652534,63.9404481634087,0.0,0.0
2023,9,11,2,9.1501,0.0,0.0,0.0,9.462357807652534,54.33287945028654,0.0,0.0
2023,9,11,3,9.1501,0.0,0.0,0.0,9.462357807652534,44.72531073716438,0.0,0.0
2023,9,11,4,9.1501,0.0,0.0,0.0,9.462357807652534,35.117742024042215,0.0,0.0
2023,9,11,5,9.1501,0.0,0.0,0.0,9.462357807652534,25.51017331092006,0.0,0.0
2023,9,11,6,9.1501,0.0,0.0,0.0,9.462357807652534,15.902604597797902,0.0,0.0
2023,9,11,7,9.1501,0.0,0.0,0.0,9.462357807652534,6.295035884675743,0.0,0.0
2023,9,11,8,9.1501,3.2624664791150217,3.2624664791150217,0.0,6.199891328537513,0.0,0.0,0.0
2023,9,11,9,9.1501,16.37606590123891,9.462357807652534,0.0,0.0,0.0,6.913708093586376,0.0
2023,9,11,10,9.1501,30.234658328757348,9.462357807652534,0.0,0.0,0.0,20.772300521104814,0.0
2023,9,11,11,9.1501,42.70489384911278,9.462357807652534,0.0,0.0,0.0,33.24253604146024,0.0
2023,9,11,12,9.1501,57.987154990986326,9.462357807652534,0.0,0.0,0.0,48.52479718333379,0.0
2023,9,11,13,9.1501,65.07535433711004,9.462357807652534,0.0,0.0,0.0,55.612996529457504,0.0
2023,9,11,14,9.1501,63.67752353045649,61.36846033731528,51.90610252966274,0.0,48.56550317170925,2.3090631931412133,0.0
2023,9,11,15,9.1501,53.17872036772889,53.17872036772889,43.71636256007636,0.0,89.46834582597499,0.0,0.0
2023,9,11,16,9.1501,35.83373292768205,35.83373292768205,26.37137512002952,0.0,114.14249856749946,0.0,0.0
2023,9,11,17,9.1501,27.04109293684645,27.04109293684645,17.578735129193916,0.0,130.589892516672,0.0,0.0
2023,9,11,18,9.1501,11.389349714840826,11.389349714840826,1.9269919071882917,0.0,132.3928660981874,0.0,0.0
2023,9,11,19,9.1501,2.5036932562796643,2.5036932562796643,0.0,6.95866455137287,125.3274127314997,0.0,0.0
2023,9,11,20,9.1501,0.0,0.0,0.0,9.462357807652534,115.71984401837754,0.0,0.0
2023,9,11,21,9.1501,0.0,0.0,0.0,9.462357807652534,106.11227530525538,0.0,0.0
2023,9,11,22,9.1501,0.0,0.0,0.0,9.462357807652534,96.50470659213322,0.0,0.0
2023,9,11,23,9.1501,0.0,0.0,0.0,9.462357807652534,86.89713787901105,0.0,0.0
2023,9,12,0,9.1501,0.0,0.0,0.0,9.462357807652534,77.28956916588889,0.0,0.0
2023,9,12,1,9.1501,0.0,0.0,0.0,9.462357807652534,67.68200045276673,0.0,0.0
2023,9,12,2,9.1501,0.0,0.0,0.0,9.462357807652534,58.07443173964457,0.0,0.0
2023,9,12,3,9.1501,0.0,0.0,0.0,9.462357807652534,48.466863026522404,0.0,0.0
2023,9,12,4,9.1501,0.0,0.0,0.0,9.462357807652534,38.85929431340025,0.0,0.0
2023,9,12,5,9.1501,0.0,0.0,0.0,9.462357807652534,29.25172560027809,0.0,0.0
2023,9,12,6,9.1501,0.0,0.0,0.0,9.462357807652534,19.64415688715593,0.0,0.0
2023,9,12,7,9.1501,0.0,0.0,0.0,9.462357807652534,10.036588174033769,0.0,0.0
2023,9,12,8,9.1501,0.7682471223259153,0.7682471223259153,0.0,8.694110685326619,1.2090562304401653,0.0,0.0
2023,9,12,9,9.1501,8.271575518854453,8.271575518854453,0.0,1.190782288798081,0.0,0.0,0.0
2023,9,12,10,9.1501,15.097089470012467,9.462357807652534,0.0,0.0,0.0,5.634731662359933,0.0
2023,9,12,11,9.1501,17.103833634832423,9.462357807652534,0.0,0.0,0.0,7.641475827179889,0.0
2023,9,12,12,9.1501,18.723009184129214,11.544865947777057,2.082508140124522,0.0,1.9484810216010828,7.178143236352158,0.0
2023,9,12,13,9.1501,35.61497197580897,35.61497197580897,26.152614168156436,0.0,26.417951939905112,0.0,0.0
2023,9,12,14,9.1501,42.49819058750043,42.49819058750043,33.0358327798479,0.0,57.32764778410558,0.0,0.0
2023,9,12,15,9.1501,42.03655330323283,42.03655330323283,32.5741954955803,0.0,87.80541663127394,0.0,0.0
2023,9,12,16,9.1501,36.02493344467348,36.02493344467348,26.562575637020945,0.0,112.65846450962887,0.0,0.0
2023,9,12,17,9.1501,24.254043959439848,24.254043959439848,14.791686151787314,0.0,126.49817979761511,0.0,0.0
2023,9,12,18,9.1501,12.503824800367447,12.503824800367447,3.0414669927149127,0.0,129.34390251002515,0.0,0.0
2023,9,12,19,9.1501,2.2832097772264843,2.2832097772264843,0.0,7.179148030426049,122.05458208840548,0.0,0.0
2023,9,12,20,9.1501,0.0,0.0,0.0,9.462357807652534,112.44701337528332,0.0,0.0
2023,9,12,21,9.1501,0.0,0.0,0.0,9.462357807652534,102.83944466216116,0.0,0.0
2023,9,12,22,9.1501,0.0,0.0,0.0,9.462357807652534,93.231875949039,0.0,0.0
2023,9,12,23,9.1501,0.0,0.0,0.0,9.462357807652534,83.62430723591683,0.0,0.0
2023,9,13,0,9.1501,0.0,0.0,0.0,9.462357807652534,74.01673852279467,0.0,0.0
2023,9,13,1,9.1501,0.0,0.0,0.0,9.462357807652534,64.4091698096725,0.0,0.0
2023,9,13,2,9.1501,0.0,0.0,0.0,9.462357807652534,54.80160109655034,0.0,0.0
2023,9,13,3,9.1501,0.0,0.0,0.0,9.462357807652534,45.19403238342818,0.0,0.0
2023,9,13,4,9.1501,0.0,0.0,0.0,9.462357807652534,35.58646367030602,0.0,0.0
2023,9,13,5,9.1501,0.0,0.0,0.0,9.462357807652534,25.97889495718386,0.0,0.0
2023,9,13,6,9.1501,0.0,0.0,0.0,9.462357807652534,16.371326244061702,0.0,0.0
2023,9,13,7,9.1501,0.0,0.0,0.0,9.462357807652534,6.763757530939543,0.0,0.0
2023,9,13,8,9.1501,2.8008291948474264,2.8008291948474264,0.0,6.661528612805108,0.0,0.0,0.0
2023,9,13,9,9.1501,16.053953318559664,9.462357807652534,0.0,0.0,0.0,6.59159551090713,0.0
2023,9,13,10,9.1501,24.009445099865214,9.462357807652534,0.0,0.0,0.0,14.54708729221268,0.0
2023,9,13,11,9.1501,39.51907982951235,9.462357807652534,0.0,0.0,0.0,30.056722021859816,0.0
2023,9,13,12,9.1501,57.354987515888546,9.462357807652534,0.0,0.0,0.0,47.892629708236015,0.0
2023,9,13,13,9.1501,58.343718117267635,9.462357807652534,0.0,0.0,0.0,48.881360309615104,0.0
2023,9,13,14,9.1501,62.699128092158,37.978015493976955,28.51565768632442,0.0,26.680432479343814,24.721112598181044,0.0
2023,9,13,15,9.1501,50.14018242202725,50.14018242202725,40.677824614374714,0.0,64.74029295911473,0.0,0.0
2023,9,13,16,9.1501,48.36253437216099,48.36253437216099,38.900176564508456,0.0,101.1369121667322,0.0,0.0
2023,9,13,17,9.1501,30.19331767643488,30.19331767643488,20.730959868782346,0.0,120.5336583717582,0.0,0.0
2023,9,13,18,9.1501,18.201944712148066,18.201944712148066,8.739586904495532,0.0,128.7107784952957,0.0,0.0
2023,9,13,19,9.1501,2.6285764768371296,2.6285764768371296,0.0,6.8337813308154045,121.77212482769055,0.0,0.0
2023,9,13,20,9.1501,0.0,0.0,0.0,9.462357807652534,112.16455611456838,0.0,0.0
2023,9,13,21,9.1501,0.0,0.0,0.0,9.462357807652534,102.55698740144622,0.0,0.0
2023,9,13,22,9.1501,0.0,0.0,0.0,9.462357807652534,92.94941868832406,0.0,0.0
2023,9,13,23,9.1501,0.0,0.0,0.0,9.462357807652534,83.3418499752019,0.0,0.0
2023,9,14,0,9.1501,0.0,0.0,0.0,9.462357807652534,73.73428126207973,0.0,0.0
2023,9,14,1,9.1501,0.0,0.0,0.0,9.462357807652534,64.12671254895757,0.0,0.0
2023,9,14,2,9.1501,0.0,0.0,0.0,9.462357807652534,54.51914383583541,0.0,0.0
2023,9,14,3,9.1501,0.0,0.0,0.0,9.462357807652534,44.911575122713245,0.0,0.0
2023,9,14,4,9.1501,0.0,0.0,0.0,9.462357807652534,35.30400640959108,0.0,0.0
2023,9,14,5,9.1501,0.0,0.0,0.0,9.462357807652534,25.696437696468923,0.0,0.0
2023,9,14,6,9.1501,0.0,0.0,0.0,9.462357807652534,16.088868983346764,0.0,0.0
2023,9,14,7,9.1501,0.0,0.0,0.0,9.462357807652534,6.481300270224604,0.0,0.0
2023,9,14,8,9.1501,3.0790173344340555,3.0790173344340555,0.0,6.383340473218479,0.0,0.0,0.0
2023,9,14,9,9.1501,17.91256014589077,9.462357807652534,0.0,0.0,0.0,8.450202338238235,0.0
2023,9,14,10,9.1501,33.64181709100102,9.462357807652534,0.0,0.0,0.0,24.17945928334849,0.0
2023,9,14,11,9.1501,46.54526819715235,9.462357807652534,0.0,0.0,0.0,37.082910389499816,0.0
2023,9,14,12,9.1501,50.5794268529535,9.462357807652534,0.0,0.0,0.0,41.117069045300966,0.0
2023,9,14,13,9.1501,56.870957378279606,26.496686376219703,17.03432856856717,0.0,15.938024582984646,30.374271002059903,0.0
2023,9,14,14,9.1501,38.16517346595141,38.16517346595141,28.702815658298878,0.0,42.79356982631111,0.0,0.0
2023,9,14,15,9.1501,39.022130738052645,39.022130738052645,29.55977293040011,0.0,70.4509198495759,0.0,0.0
2023,9,14,16,9.1501,35.18347891719318,35.18347891719318,25.721121109540643,0.0,94.51666795908687,0.0,0.0
2023,9,14,17,9.1501,35.50817529064259,35.50817529064259,26.045817482990056,0.0,118.88621546762975,0.0,0.0
2023,9,14,18,9.1501,18.839279768786163,18.839279768786163,9.376921961133629,0.0,127.65965271393544,0.0,0.0
2023,9,14,19,9.1501,3.3985461263431564,3.3985461263431564,0.0,6.063811681309378,121.50278477722553,0.0,0.0
2023,9,14,20,9.1501,0.0,0.0,0.0,9.462357807652534,111.89521606410337,0.0,0.0
2023,9,14,21,9.1501,0.0,0.0,0.0,9.462357807652534,102.2876473509812,0.0,0.0
2023,9,14,22,9.1501,0.0,0.0,0.0,9.462357807652534,92.68007863785904,0.0,0.0
2023,9,14,23,9.1501,0.0,0.0,0.0,9.462357807652534,83.07250992473688,0.0,0.0
2023,9,15,0,9.1501,0.0,0.0,0.0,9.462357807652534,73.46494121161471,0.0,0.0
2023,9,15,1,9.1501,0.0,0.0,0.0,9.462357807652534,63.85737249849255,0.0,0.0
2023,9,15,2,9.1501,0.0,0.0,0.0,9.462357807652534,54.24980378537039,0.0,0.0
2023,9,15,3,9.1501,0.0,0.0,0.0,9.462357807652534,44.642235072248226,0.0,0.0
2023,9,15,4,9.1501,0.0,0.0,0.0,9.462357807652534,35.03466635912607,0.0,0.0
2023,9,15,5,9.1501,0.0,0.0,0.0,9.462357807652534,25.42709764600391,0.0,0.0
2023,9,15,6,9.1501,0.0,0.0,0.0,9.462357807652534,15.819528932881752,0.0,0.0
2023,9,15,7,9.1501,0.0,0.0,0.0,9.462357807652534,6.211960219759592,0.0,0.0
2023,9,15,8,9.1501,3.3442865201699044,3.3442865201699044,0.0,6.11807128748263,0.0,0.0,0.0
2023,9,15,9,9.1501,18.294961179873628,9.462357807652534,0.0,0.0,0.0,8.832603372221094,0.0
2023,9,15,10,9.1501,30.5266266857848,9.462357807652534,0.0,0.0,0.0,21.064268878132268,0.0
2023,9,15,11,9.1501,43.021838850251726,9.462357807652534,0.0,0.0,0.0,33.55948104259919,0.0
2023,9,15,12,9.1501,54.92019534681299,12.408072229904588,2.9457144222520544,0.0,2.7561326345987425,42.5121231169084,0.0
2023,9,15,13,9.1501,66.88573040339827,66.88573040339827,57.42337259574573,0.0,56.48382259812897,0.0,0.0
2023,9,15,14,9.1501,59.688150581338,59.688150581338,50.22579277368546,0.0,103.47715824412708,0.0,0.0
2023,9,15,15,9.1501,46.36009652529129,46.36009652529129,36.89773871763876,0.0,138.0002135187229,0.0,0.0
2023,9,15,16,9.1501,16.506116703336694,16.506116703336694,7.04375889568416,0.0,144.5906465953272,0.0,0.0
2023,9,15,17,9.1501,2.576039397843989,2.576039397843989,0.0,6.886318409808545,137.59864960603906,0.0,0.0
2023,9,15,18,9.1501,1.556303307223032,1.556303307223032,0.0,7.906054500429502,129.57126748769056,0.0,0.0
2023,9,15,19,9.1501,0.6252773663773775,0.6252773663773775,0.0,8.837080441275157,120.59857175066438,0.0,0.0
2023,9,15,20,9.1501,0.0,-0.0,0.0,9.462357807652534,110.99100303754221,0.0,0.0
2023,9,15,21,9.1501,0.0,-0.0,0.0,9.462357807652534,101.38343432442005,0.0,0.0
2023,9,15,22,9.1501,0.0,-0.0,0.0,9.462357807652534,91.77586561129789,0.0,0.0
2023,9,15,23,9.1501,0.0,-0.0,0.0,9.462357807652534,82.16829689817573,0.0,0.0
2023,9,16,0,9.1501,0.0,-0.0,0.0,9.462357807652534,72.56072818505356,0.0,0.0
2023,9,16,1,9.1501,0.0,-0.0,0.0,9.462357807652534,62.9531594719314,0.0,0.0
2023,9,16,2,9.1501,0.0,-0.0,0.0,9.462357807652534,53.34559075880924,0.0,0.0
2023,9,16,3,9.1501,0.0,-0.0,0.0,9.462357807652534,43.738022045687075,0.0,0.0
2023,9,16,4,9.1501,0.0,-0.0,0.0,9.462357807652534,34.13045333256491,0.0,0.0
2023,9,16,5,9.1501,0.0,-0.0,0.0,9.462357807652534,24.522884619442753,0.0,0.0
2023,9,16,6,9.1501,0.0,-0.0,0.0,9.462357807652534,14.915315906320593,0.0,0.0
2023,9,16,7,9.1501,0.0,-0.0,0.0,9.462357807652534,5.307747193198434,0.0,0.0
2023,9,16,8,9.1501,4.2348330722831475,4.2348330722831475,0.0,5.2275247353693866,0.0,0.0,0.0
2023,9,16,9,9.1501,22.031983897107015,9.462357807652534,0.0,0.0,0.0,12.56962608945448,0.0
2023,9,16,10,9.1501,41.460367961488394,9.462357807652534,0.0,0.0,0.0,31.99801015383586,0.0
2023,9,16,11,9.1501,56.95449994651459,9.462357807652534,0.0,0.0,0.0,47.49214213886205,0.0
2023,9,16,12,9.1501,64.2769629891323,9.462357807652534,0.0,0.0,0.0,54.81460518147976,0.0
2023,9,16,13,9.1501,70.99223520076374,9.462357807652534,0.0,0.0,0.0,61.52987739311121,0.0
2023,9,16,14,9.1501,65.82293113327472,34.81577289894633,25.35341509129379,0.0,23.721707102286075,31.007158234328394,0.0
2023,9,16,15,9.1501,47.94482153098602,47.94482153098602,38.48246372333348,0.0,59.727496844305485,0.0,0.0
2023,9,16,16,9.1501,48.45727336706665,48.45727336706665,38.99491555941412,0.0,96.21275778638851,0.0,0.0
2023,9,16,17,9.1501,36.01287575441276,36.01287575441276,26.550517946760227,0.0,121.05452398944782,0.0,0.0
2023,9,16,18,9.1501,18.461185052753553,18.461185052753553,8.998827245101019,0.0,129.47420013184103,0.0,0.0
2023,9,16,19,9.1501,2.7982454040772717,2.7982454040772717,0.0,6.664112403575262,122.70781915885149,0.0,0.0
2023,9,16,20,9.1501,0.0,0.0,0.0,9.462357807652534,113.10025044572933,0.0,0.0
2023,9,16,21,9.1501,0.0,0.0,0.0,9.462357807652534,103.49268173260717,0.0,0.0
2023,9,16,22,9.1501,0.0,0.0,0.0,9.462357807652534,93.885113019485,0.0,0.0
2023,9,16,23,9.1501,0.0,0.0,0.0,9.462357807652534,84.27754430636284,0.0,0.0
2023,9,17,0,9.1501,0.0,0.0,0.0,9.462357807652534,74.66997559324068,0.0,0.0
2023,9,17,1,9.1501,0.0,0.0,0.0,9.462357807652534,65.06240688011852,0.0,0.0
2023,9,17,2,9.1501,0.0,0.0,0.0,9.462357807652534,55.45483816699635,0.0,0.0
2023,9,17,3,9.1501,0.0,0.0,0.0,9.462357807652534,45.84726945387419,0.0,0.0
2023,9,17,4,9.1501,0.0,0.0,0.0,9.462357807652534,36.23970074075203,0.0,0.0
2023,9,17,5,9.1501,0.0,0.0,0.0,9.462357807652534,26.63213202762987,0.0,0.0
2023,9,17,6,9.1501,0.0,0.0,0.0,9.462357807652534,17.02456331450771,0.0,0.0
2023,9,17,7,9.1501,0.0,0.0,0.0,9.462357807652534,7.416994601385549,0.0,0.0
2023,9,17,8,9.1501,2.157465293078968,2.157465293078968,0.0,7.304892514573566,0.0,0.0,0.0
2023,9,17,9,9.1501,11.89060512425079,9.462357807652534,0.0,0.0,0.0,2.428247316598256,0.0
2023,9,17,10,9.1501,28.355381175265016,9.462357807652534,0.0,0.0,0.0,18.893023367612482,0.0
2023,9,17,11,9.1501,43.094184991816064,40.34441157783655,30.88205377018402,0.0,28.894530839946547,2.7497734139795114,0.0
2023,9,17,12,9.1501,44.38435784971318,44.38435784971318,34.922000042060645,0.0,61.56900303396097,0.0,0.0
2023,9,17,13,9.1501,34.95955038377979,34.95955038377979,25.497192576127258,0.0,85.42523431655339,0.0,0.0
2023,9,17,14,9.1501,26.39083892635758,26.39083892635758,16.928481118705047,0.0,101.26422363371243,0.0,0.0
2023,9,17,15,9.1501,29.90307184658753,29.90307184658753,20.440714038934996,0.0,120.389403797694,0.0,0.0
2023,9,17,16,9.1501,19.692791986527183,19.692791986527183,10.23043417887465,0.0,129.96142248813925,0.0,0.0
2023,9,17,17,9.1501,10.262816939053485,10.262816939053485,0.8004591314009507,0.0,130.71036526346438,0.0,0.0
2023,9,17,18,9.1501,8.160472515737812,8.160472515737812,0.0,1.3018852919147221,129.3885010248749,0.0,0.0
2023,9,17,19,9.1501,0.8431770546603944,0.8431770546603944,0.0,8.61918075299214,120.63704890073083,0.0,0.0
2023,9,17,20,9.1501,0.0,0.0,0.0,9.462357807652534,111.02948018760867,0.0,0.0
2023,9,17,21,9.1501,0.0,0.0,0.0,9.462357807652534,101.4219114744865,0.0,0.0
2023,9,17,22,9.1501,0.0,0.0,0.0,9.462357807652534,91.81434276136434,0.0,0.0
2023,9,17,23,9.1501,0.0,0.0,0.0,9.462357807652534,82.20677404824218,0.0,0.0
2023,9,18,0,9.1501,0.0,0.0,0.0,9.462357807652534,72.59920533512002,0.0,0.0
2023,9,18,1,9.1501,0.0,0.0,0.0,9.462357807652534,62.991636621997856,0.0,0.0
2023,9,18,2,9.1501,0.0,0.0,0.0,9.462357807652534,53.38406790887569,0.0,0.0
2023,9,18,3,9.1501,0.0,0.0,0.0,9.462357807652534,43.77649919575353,0.0,0.0
2023,9,18,4,9.1501,0.0,0.0,0.0,9.462357807652534,34.16893048263137,0.0,0.0
2023,9,18,5,9.1501,0.0,0.0,0.0,9.462357807652534,24.561361769509205,0.0,0.0
2023,9,18,6,9.1501,0.0,0.0,0.0,9.462357807652534,14.953793056387044,0.0,0.0
2023,9,18,7,9.1501,0.0,0.0,0.0,9.462357807652534,5.346224343264884,0.0,0.0
2023,9,18,8,9.1501,4.196937474320873,4.196937474320873,0.0,5.265420333331661,0.0,0.0,0.0
2023,9,18,9,9.1501,23.613263848441544,9.462357807652534,0.0,0.0,0.0,14.15090604078901,0.0
2023,9,18,10,9.1501,43.623862099697725,9.462357807652534,0.0,0.0,0.0,34.161504292045194,0.0
2023,9,18,11,9.1501,60.22041147998982,9.462357807652534,0.0,0.0,0.0,50.75805367233728,0.0
2023,9,18,12,9.1501,67.76163547448061,9.462357807652534,0.0,0.0,0.0,58.299277666828075,0.0
2023,9,18,13,9.1501,67.6996244959969,9.462357807652534,0.0,0.0,0.0,58.23726668834436,0.0
2023,9,18,14,9.1501,65.41641471877043,48.24773936513075,38.78538155747821,0.0,36.28921223606076,17.168675353639678,0.0
2023,9,18,15,9.1501,55.04335604019035,55.04335604019035,45.58099823253782,0.0,78.9366853913983,0.0,0.0
2023,9,18,16,9.1501,38.614753059958296,38.614753059958296,29.152395252305762,0.0,106.21287595646126,0.0,0.0
2023,9,18,17,9.1501,27.227987135887616,27.227987135887616,17.765629328235082,0.0,122.83513587271581,0.0,0.0
2023,9,18,18,9.1501,16.214148346309234,16.214148346309234,6.751790538656699,0.0,129.15239124037632,0.0,0.0
2023,9,18,19,9.1501,2.0894254694649006,2.0894254694649006,0.0,7.372932338187633,121.66631266500785,0.0,0.0
2023,9,18,20,9.1501,0.0,0.0,0.0,9.462357807652534,112.05874395188569,0.0,0.0
2023,9,18,21,9.1501,0.0,0.0,0.0,9.462357807652534,102.45117523876353,0.0,0.0
2023,9,18,22,9.1501,0.0,0.0,0.0,9.462357807652534,92.84360652564136,0.0,0.0
2023,9,18,23,9.1501,0.0,0.0,0.0,9.462357807652534,83.2360378125192,0.0,0.0
2023,9,19,0,9.1501,0.0,0.0,0.0,9.462357807652534,73.62846909939704,0.0,0.0
2023,9,19,1,9.1501,0.0,0.0,0.0,9.462357807652534,64.02090038627487,0.0,0.0
2023,9,19,2,9.1501,0.0,0.0,0.0,9.462357807652534,54.41333167315271,0.0,0.0
2023,9,19,3,9.1501,0.0,0.0,0.0,9.462357807652534,44.80576296003055,0.0,0.0
2023,9,19,4,9.1501,0.0,0.0,0.0,9.462357807652534,35.19819424690839,0.0,0.0
2023,9,19,5,9.1501,0.0,0.0,0.0,9.462357807652534,25.590625533786234,0.0,0.0
2023,9,19,6,9.1501,0.0,0.0,0.0,9.462357807652534,15.983056820664075,0.0,0.0
2023,9,19,7,9.1501,0.0,0.0,0.0,9.462357807652534,6.3754881075419165,0.0,0.0
2023,9,19,8,9.1501,3.1832302288302854,3.1832302288302854,0.0,6.279127578822249,0.0,0.0,0.0
2023,9,19,9,9.1501,19.049428084758727,9.462357807652534,0.0,0.0,0.0,9.587070277106193,0.0
2023,9,19,10,9.1501,38.98423514009038,9.462357807652534,0.0,0.0,0.0,29.521877332437843,0.0
2023,9,19,11,9.1501,50.68880732889004,9.462357807652534,0.0,0.0,0.0,41.22644952123751,0.0
2023,9,19,12,9.1501,53.748876864342975,9.462357807652534,0.0,0.0,0.0,44.28651905669044,0.0
2023,9,19,13,9.1501,58.365249707018926,9.462357807652534,0.0,0.0,0.0,48.902891899366395,0.0
2023,9,19,14,9.1501,63.85149877564688,35.3046135885878,25.842255780935265,0.0,24.1790867340871,28.546885187059083,0.0
2023,9,19,15,9.1501,60.53907900830887,60.53907900830887,51.07672120065633,0.0,71.96858632237571,0.0,0.0
2023,9,19,16,9.1501,48.732877715883134,48.732877715883134,39.2705199082306,0.0,108.7117141283585,0.0,0.0
2023,9,19,17,9.1501,26.758598479309562,26.758598479309562,17.296240671657028,0.0,124.89479454203378,0.0,0.0
2023,9,19,18,9.1501,14.483869793895808,14.483869793895808,5.021511986243274,0.0,129.59312950477363,0.0,0.0
2023,9,19,19,9.1501,1.9102826427341917,1.9102826427341917,0.0,7.552075164918342,121.92515894727295,0.0,0.0
2023,9,19,20,9.1501,0.0,0.0,0.0,9.462357807652534,112.31759023415079,0.0,0.0
2023,9,19,21,9.1501,0.0,0.0,0.0,9.462357807652534,102.71002152102862,0.0,0.0
2023,9,19,22,9.1501,0.0,0.0,0.0,9.462357807652534,93.10245280790646,0.0,0.0
2023,9,19,23,9.1501,0.0,0.0,0.0,9.462357807652534,83.4948840947843,0.0,0.0
2023,9,20,0,9.1501,0.0,0.0,0.0,9.462357807652534,73.88731538166213,0.0,0.0
2023,9,20,1,9.1501,0.0,0.0,0.0,9.462357807652534,64.27974666853997,0.0,0.0
2023,9,20,2,9.1501,0.0,0.0,0.0,9.462357807652534,54.67217795541781,0.0,0.0
2023,9,20,3,9.1501,0.0,0.0,0.0,9.462357807652534,45.064609242295646,0.0,0.0
2023,9,20,4,9.1501,0.0,0.0,0.0,9.462357807652534,35.45704052917348,0.0,0.0
2023,9,20,5,9.1501,0.0,0.0,0.0,9.462357807652534,25.84947181605132,0.0,0.0
2023,9,20,6,9.1501,0.0,0.0,0.0,9.462357807652534,16.24190310292916,0.0,0.0
2023,9,20,7,9.1501,0.0,0.0,0.0,9.462357807652534,6.634334389807001,0.0,0.0
2023,9,20,8,9.1501,2.9282962061750464,2.9282962061750464,0.0,6.534061601477488,0.0,0.0,0.0
2023,9,20,9,9.1501,16.541428510528807,9.462357807652534,0.0,0.0,0.0,7.0790707028762725,0.0
2023,9,20,10,9.1501,34.99486219097191,9.462357807652534,0.0,0.0,0.0,25.532504383319374,0.0
2023,9,20,11,9.1501,54.32161715172722,9.462357807652534,0.0,0.0,0.0,44.85925934407469,0.0
2023,9,20,12,9.1501,64.67745055850627,9.462357807652534,0.0,0.0,0.0,55.21509275085373,0.0
2023,9,20,13,9.1501,65.60847649935191,9.462357807652534,0.0,0.0,0.0,56.14611869169937,0.0
2023,9,20,14,9.1501,64.78510850726269,53.9709305586091,44.50857275095656,0.0,41.64406737858146,10.814177948653594,0.0
2023,9,20,15,9.1501,53.319967596497335,53.319967596497335,43.8576097888448,0.0,82.67906680059582,0.0,0.0
2023,9,20,16,9.1501,44.052771367543365,44.052771367543365,34.590413559890834,0.0,115.04329292398086,0.0,0.0
2023,9,20,17,9.1501,33.715024496155394,33.715024496155394,24.252666688502863,0.0,137.73509414927594,0.0,0.0
2023,9,20,18,9.1501,16.789472424463632,16.789472424463632,7.327114616811098,0.0,144.5906465953272,0.0,0.0
2023,9,20,19,9.1501,2.167800456159586,2.167800456159586,0.0,7.294557351492948,137.18414576214158,0.0,0.0
2023,9,20,20,9.1501,0.0,-0.0,0.0,9.462357807652534,127.57657704901942,0.0,0.0
2023,9,20,21,9.1501,0.0,-0.0,0.0,9.462357807652534,117.96900833589726,0.0,0.0
2023,9,20,22,9.1501,0.0,-0.0,0.0,9.462357807652534,108.3614396227751,0.0,0.0
2023,9,20,23,9.1501,0.0,-0.0,0.0,9.462357807652534,98.75387090965293,0.0,0.0
2023,9,21,0,9.1501,0.0,-0.0,0.0,9.462357807652534,89.14630219653077,0.0,0.0
2023,9,21,1,9.1501,0.0,-0.0,0.0,9.462357807652534,79.5387334834086,0.0,0.0
2023,9,21,2,9.1501,0.0,-0.0,0.0,9.462357807652534,69.93116477028644,0.0,0.0
2023,9,21,3,9.1501,0.0,-0.0,0.0,9.462357807652534,60.32359605716428,0.0,0.0
2023,9,21,4,9.1501,0.0,-0.0,0.0,9.462357807652534,50.71602734404212,0.0,0.0
2023,9,21,5,9.1501,0.0,-0.0,0.0,9.462357807652534,41.108458630919955,0.0,0.0
2023,9,21,6,9.1501,0.0,-0.0,0.0,9.462357807652534,31.500889917797796,0.0,0.0
2023,9,21,7,9.1501,0.0,-0.0,0.0,9.462357807652534,21.893321204675637,0.0,0.0
2023,9,21,8,9.1501,3.3563442104306334,3.3563442104306334,0.0,6.1060135972219,15.693603714482649,0.0,0.0
2023,9,21,9,9.1501,13.591600714602473,13.591600714602473,4.129242906949939,0.0,19.557094705347037,0.0,0.0
2023,9,21,10,9.1501,18.924544864201252,18.924544864201252,9.462187056548718,0.0,28.410309512671713,0.0,0.0
2023,9,21,11,9.1501,7.194996031290099,7.194996031290099,0.0,2.267361776362435,26.108152428071563,0.0,0.0
2023,9,21,12,9.1501,3.089352497514674,3.089352497514674,0.0,6.373005310137859,19.637345926046898,0.0,0.0
2023,9,21,13,9.1501,1.5235752908010756,1.5235752908010756,0.0,7.938782516851458,11.576733541731949,0.0,0.0
2023,9,21,14,9.1501,5.136576051067052,5.136576051067052,0.0,4.325781756585482,7.184567623977909,0.0,0.0
2023,9,21,15,9.1501,5.532757302490725,5.532757302490725,0.0,3.929600505161809,3.1946628205547336,0.0,0.0
2023,9,21,16,9.1501,12.17396084537773,12.17396084537773,2.7116030377251956,0.0,5.731751130234745,0.0,0.0
2023,9,21,17,9.1501,4.616372842675955,4.616372842675955,0.0,4.845984964976578,0.811398879750603,0.0,0.0
2023,9,21,18,9.1501,2.6458017486381507,2.6458017486381507,0.0,0.7991352187200346,0.0,0.0,5.818845952564635
2023,9,21,19,9.1501,0.08526509541509693,0.08526509541509693,0.0,-0.0,0.0,0.0,9.0676486527336
2023,9,21,20,9.1501,0.0,-0.0,0.0,-0.0,0.0,0.0,9.1501
2023,9,21,21,9.1501,0.0,-0.0,0.0,-0.0,0.0,0.0,9.1501
2023,9,21,22,9.1501,0.0,-0.0,0.0,-0.0,0.0,0.0,9.1501
2023,9,21,23,9.1501,0.0,-0.0,0.0,-0.0,0.0,0.0,9.1501
2023,9,22,0,9.1501,0.0,-0.0,0.0,-0.0,0.0,0.0,9.1501
2023,9,22,1,9.1501,0.0,-0.0,0.0,-0.0,0.0,0.0,9.1501
2023,9,22,2,9.1501,0.0,-0.0,0.0,-0.0,0.0,0.0,9.1501
2023,9,22,3,9.1501,0.0,-0.0,0.0,-0.0,0.0,0.0,9.1501
2023,9,22,4,9.1501,0.0,-0.0,0.0,-0.0,0.0,0.0,9.1501
2023,9,22,5,9.1501,0.0,-0.0,0.0,-0.0,0.0,0.0,9.1501
2023,9,22,6,9.1501,0.0,-0.0,0.0,-0.0,0.0,0.0,9.1501
2023,9,22,7,9.1501,0.0,-0.0,0.0,-0.0,0.0,0.0,9.1501
2023,9,22,8,9.1501,1.610562913396267,1.610562913396267,0.0,-0.0,0.0,0.0,7.59268566274581
2023,9,22,9,9.1501,5.0116928305095865,5.0116928305095865,0.0,-0.0,0.0,0.0,4.3037930328972305
2023,9,22,10,9.1501,16.354534311487622,9.462357807652534,0.0,0.0,0.0,6.892176503835088,0.0
2023,9,22,11,9.1501,26.238395270918463,9.462357807652534,0.0,0.0,0.0,16.77603746326593,0.0
2023,9,22,12,9.1501,36.54255286229442,14.047210997080473,4.584853189427941,0.0,4.289778874954777,22.49534186521395,0.0
2023,9,22,13,9.1501,33.574638530977005,33.574638530977005,24.112280723324474,0.0,26.850229166450923,0.0,0.0
2023,9,22,14,9.1501,50.27970712361559,50.27970712361559,40.81734931596305,0.0,65.04063474607108,0.0,0.0
2023,9,22,15,9.1501,37.36850464515379,37.36850464515379,27.906146837501257,0.0,91.1507835859373,0.0,0.0
2023,9,22,16,9.1501,37.01538657323269,37.01538657323269,27.553028765580155,0.0,116.93054050643198,0.0,0.0
2023,9,22,17,9.1501,22.983680164113906,22.983680164113906,13.521322356461372,0.0,129.58165071863027,0.0,0.0
2023,9,22,18,9.1501,11.528013152839115,11.528013152839115,2.065655345186581,0.0,131.51436356604523,0.0,0.0
2023,9,22,19,9.1501,1.06193800653348,1.06193800653348,0.0,8.400419801119055,122.98502953546647,0.0,0.0
2023,9,22,20,9.1501,0.0,0.0,0.0,9.462357807652534,113.3774608223443,0.0,0.0
2023,9,22,21,9.1501,0.0,0.0,0.0,9.462357807652534,103.76989210922214,0.0,0.0
2023,9,22,22,9.1501,0.0,0.0,0.0,9.462357807652534,94.16232339609998,0.0,0.0
2023,9,22,23,9.1501,0.0,0.0,0.0,9.462357807652534,84.55475468297782,0.0,0.0
2023,9,23,0,9.1501,0.0,0.0,0.0,9.462357807652534,74.94718596985565,0.0,0.0
2023,9,23,1,9.1501,0.0,0.0,0.0,9.462357807652534,65.33961725673349,0.0,0.0
2023,9,23,2,9.1501,0.0,0.0,0.0,9.462357807652534,55.73204854361133,0.0,0.0
2023,9,23,3,9.1501,0.0,0.0,0.0,9.462357807652534,46.124479830489165,0.0,0.0
2023,9,23,4,9.1501,0.0,0.0,0.0,9.462357807652534,36.516911117367,0.0,0.0
2023,9,23,5,9.1501,0.0,0.0,0.0,9.462357807652534,26.909342404244843,0.0,0.0
2023,9,23,6,9.1501,0.0,0.0,0.0,9.462357807652534,17.301773691122683,0.0,0.0
2023,9,23,7,9.1501,0.0,0.0,0.0,9.462357807652534,7.694204978000522,0.0,0.0
2023,9,23,8,9.1501,1.8844447350326474,1.8844447350326474,0.0,7.577913072619887,0.0,0.0,0.0
2023,9,23,9,9.1501,13.092067832372601,9.462357807652534,0.0,0.0,0.0,3.629710024720067,0.0
2023,9,23,10,9.1501,31.036494731095285,9.462357807652534,0.0,0.0,0.0,21.57413692344275,0.0
2023,9,23,11,9.1501,42.528334813152235,9.462357807652534,0.0,0.0,0.0,33.065977005499704,0.0
2023,9,23,12,9.1501,48.784553531286214,9.462357807652534,0.0,0.0,0.0,39.32219572363368,0.0
2023,9,23,13,9.1501,52.2253015735419,9.462357807652534,0.0,0.0,0.0,42.76294376588936,0.0
2023,9,23,14,9.1501,66.87539524031764,30.343974575739377,20.881616768086843,0.0,19.537707050946402,36.53142066457826,0.0
2023,9,23,15,9.1501,63.48115543192474,63.48115543192474,54.01879762427221,0.0,70.07993541136493,0.0,0.0
2023,9,23,16,9.1501,48.627803557896854,48.627803557896854,39.16544575024432,0.0,106.72475147548593,0.0,0.0
2023,9,23,17,9.1501,23.819105846463845,23.819105846463845,14.356748038811311,0.0,120.15752061888035,0.0,0.0
2023,9,23,18,9.1501,17.83849147714634,17.83849147714634,8.376133669493807,0.0,127.99457881565006,0.0,0.0
2023,9,23,19,9.1501,1.8560230365609482,1.8560230365609482,0.0,7.6063347710915865,120.27151597509972,0.0,0.0
2023,9,23,20,9.1501,0.0,0.0,0.0,9.462357807652534,110.66394726197755,0.0,0.0
2023,9,23,21,9.1501,0.0,0.0,0.0,9.462357807652534,101.05637854885539,0.0,0.0
2023,9,23,22,9.1501,0.0,0.0,0.0,9.462357807652534,91.44880983573323,0.0,0.0
2023,9,23,23,9.1501,0.0,0.0,0.0,9.462357807652534,81.84124112261107,0.0,0.0
2023,9,24,0,9.1501,0.0,0.0,0.0,9.462357807652534,72.2336724094889,0.0,0.0
2023,9,24,1,9.1501,0.0,0.0,0.0,9.462357807652534,62.62610369636674,0.0,0.0
2023,9,24,2,9.1501,0.0,0.0,0.0,9.462357807652534,53.01853498324458,0.0,0.0
2023,9,24,3,9.1501,0.0,0.0,0.0,9.462357807652534,43.410966270122415,0.0,0.0
2023,9,24,4,9.1501,0.0,0.0,0.0,9.462357807652534,33.80339755700025,0.0,0.0
2023,9,24,5,9.1501,0.0,0.0,0.0,9.462357807652534,24.195828843878093,0.0,0.0
2023,9,24,6,9.1501,0.0,0.0,0.0,9.462357807652534,14.588260130755934,0.0,0.0
2023,9,24,7,9.1501,0.0,0.0,0.0,9.462357807652534,4.980691417633776,0.0,0.0
2023,9,24,8,9.1501,4.556945654962402,4.556945654962402,0.0,4.905412152690131,0.0,0.0,0.0
2023,9,24,9,9.1501,25.775035459470764,9.462357807652534,0.0,0.0,0.0,16.31267765181823,0.0
2023,9,24,10,9.1501,47.13954007428789,9.462357807652534,0.0,0.0,0.0,37.677182266635356,0.0
2023,9,24,11,9.1501,63.15645905847533,9.462357807652534,0.0,0.0,0.0,53.6941012508228,0.0
2023,9,24,12,9.1501,73.47870318524237,9.462357807652534,0.0,0.0,0.0,64.01634537758983,0.0
2023,9,24,13,9.1501,77.69717224931453,9.462357807652534,0.0,0.0,0.0,68.234814441662,0.0
2023,9,24,14,9.1501,76.04096236564554,9.462357807652534,0.0,0.0,0.0,66.578604557993,0.0
2023,9,24,15,9.1501,69.47555001868307,54.95702283045536,45.49466502280282,0.0,42.56669622224353,14.518527188227708,0.0
2023,9,24,16,9.1501,57.970790982775355,57.970790982775355,48.508433175122825,0.0,87.9531989725663,0.0,0.0
2023,9,24,17,9.1501,41.403524564544995,41.403524564544995,31.94116675689246,0.0,117.83867986671491,0.0,0.0
2023,9,24,18,9.1501,20.40936329345002,20.40936329345002,10.947005485797487,0.0,128.08115240329954,0.0,0.0
2023,9,24,19,9.1501,1.8741095719520298,1.8741095719520298,0.0,7.5882482357005046,120.37645365709908,0.0,0.0
2023,9,24,20,9.1501,0.0,0.0,0.0,9.462357807652534,110.76888494397691,0.0,0.0
2023,9,24,21,9.1501,0.0,0.0,0.0,9.462357807652534,101.16131623085475,0.0,0.0
2023,9,24,22,9.1501,0.0,0.0,0.0,9.462357807652534,91.55374751773259,0.0,0.0
2023,9,24,23,9.1501,0.0,0.0,0.0,9.462357807652534,81.94617880461043,0.0,0.0
2023,9,25,0,9.1501,0.0,0.0,0.0,9.462357807652534,72.33861009148826,0.0,0.0
2023,9,25,1,9.1501,0.0,0.0,0.0,9.462357807652534,62.7310413783661,0.0,0.0
2023,9,25,2,9.1501,0.0,0.0,0.0,9.462357807652534,53.12347266524394,0.0,0.0
2023,9,25,3,9.1501,0.0,0.0,0.0,9.462357807652534,43.515903952121775,0.0,0.0
2023,9,25,4,9.1501,0.0,0.0,0.0,9.462357807652534,33.90833523899961,0.0,0.0
2023,9,25,5,9.1501,0.0,0.0,0.0,9.462357807652534,24.300766525877453,0.0,0.0
2023,9,25,6,9.1501,0.0,0.0,0.0,9.462357807652534,14.693197812755294,0.0,0.0
2023,9,25,7,9.1501,0.0,0.0,0.0,9.462357807652534,5.085629099633135,0.0,0.0
2023,9,25,8,9.1501,4.453594024156224,4.453594024156224,0.0,5.00876378349631,0.0,0.0,0.0
2023,9,25,9,9.1501,25.167844628484467,9.462357807652534,0.0,0.0,0.0,15.705486820831933,0.0
2023,9,25,10,9.1501,45.343805489030544,9.462357807652534,0.0,0.0,0.0,35.881447681378006,0.0
2023,9,25,11,9.1501,60.23763675179085,9.462357807652534,0.0,0.0,0.0,50.77527894413832,0.0
2023,9,25,12,9.1501,68.69782899686659,9.462357807652534,0.0,0.0,0.0,59.23547118921405,0.0
2023,9,25,13,9.1501,72.87754119938643,9.462357807652534,0.0,0.0,0.0,63.41518339173389,0.0
2023,9,25,14,9.1501,72.43743550487012,9.462357807652534,0.0,0.0,0.0,62.975077697217586,0.0
2023,9,25,15,9.1501,66.97616308035366,58.75752530070503,49.295167493052496,0.0,46.1226040207056,8.218637779648624,0.0
2023,9,25,16,9.1501,56.48425002634649,56.48425002634649,47.02189221869396,0.0,90.11823737386905,0.0,0.0
2023,9,25,17,9.1501,40.46474725138887,40.46474725138887,31.002389443736337,0.0,119.1253592628591,0.0,0.0
2023,9,25,18,9.1501,19.809923834774185,19.809923834774185,10.347566027121651,0.0,128.80697137046175,0.0,0.0
2023,9,25,19,9.1501,1.738029924723895,1.738029924723895,0.0,7.724327882928639,120.96410467629548,0.0,0.0
2023,9,25,20,9.1501,0.0,0.0,0.0,9.462357807652534,111.35653596317331,0.0,0.0
2023,9,25,21,9.1501,0.0,0.0,0.0,9.462357807652534,101.74896725005115,0.0,0.0
2023,9,25,22,9.1501,0.0,0.0,0.0,9.462357807652534,92.14139853692899,0.0,0.0
2023,9,25,23,9.1501,0.0,0.0,0.0,9.462357807652534,82.53382982380683,0.0,0.0
2023,9,26,0,9.1501,0.0,0.0,0.0,9.462357807652534,72.92626111068466,0.0,0.0
2023,9,26,1,9.1501,0.0,0.0,0.0,9.462357807652534,63.3186923975625,0.0,0.0
2023,9,26,2,9.1501,0.0,0.0,0.0,9.462357807652534,53.71112368444034,0.0,0.0
2023,9,26,3,9.1501,0.0,0.0,0.0,9.462357807652534,44.103554971318175,0.0,0.0
2023,9,26,4,9.1501,0.0,0.0,0.0,9.462357807652534,34.49598625819602,0.0,0.0
2023,9,26,5,9.1501,0.0,0.0,0.0,9.462357807652534,24.88841754507386,0.0,0.0
2023,9,26,6,9.1501,0.0,0.0,0.0,9.462357807652534,15.280848831951701,0.0,0.0
2023,9,26,7,9.1501,0.0,0.0,0.0,9.462357807652534,5.673280118829542,0.0,0.0
2023,9,26,8,9.1501,3.8748248916416275,3.8748248916416275,0.0,5.587532916010907,0.0,0.0,0.0
2023,9,26,9,9.1501,23.546946552007576,9.462357807652534,0.0,0.0,0.0,14.084588744355042,0.0
2023,9,26,10,9.1501,39.86444652912299,9.462357807652534,0.0,0.0,0.0,30.40208872147046,0.0
2023,9,26,11,9.1501,58.269649448523204,9.462357807652534,0.0,0.0,0.0,48.80729164087067,0.0
2023,9,26,12,9.1501,67.45847069078249,9.462357807652534,0.0,0.0,0.0,57.99611288312995,0.0
2023,9,26,13,9.1501,73.64837211248252,9.462357807652534,0.0,0.0,0.0,64.18601430482998,0.0
2023,9,26,14,9.1501,72.39953990690786,24.3589174321676,14.896559624515065,0.0,13.937839260393474,48.04062247474026,0.0
2023,9,26,15,9.1501,66.72036779410837,66.72036779410837,57.25800998645584,0.0,67.51080910558383,0.0,0.0
2023,9,26,16,9.1501,50.164297802548695,50.164297802548695,40.701939994896165,0.0,105.59323293594598,0.0,0.0
2023,9,26,17,9.1501,29.289852170470873,29.289852170470873,19.82749436281834,0.0,124.14465932775059,0.0,0.0
2023,9,26,18,9.1501,15.681887447657424,15.681887447657424,6.21952964000489,0.0,129.9639093145047,0.0,0.0
2023,9,26,19,9.1501,1.3728541625420656,1.3728541625420656,0.0,8.089503645110469,121.75026281060734,0.0,0.0
2023,9,26,20,9.1501,0.0,0.0,0.0,9.462357807652534,112.14269409748518,0.0,0.0
2023,9,26,21,9.1501,0.0,0.0,0.0,9.462357807652534,102.53512538436301,0.0,0.0
2023,9,26,22,9.1501,0.0,0.0,0.0,9.462357807652534,92.92755667124085,0.0,0.0
2023,9,26,23,9.1501,0.0,0.0,0.0,9.462357807652534,83.31998795811869,0.0,0.0
2023,9,27,0,9.1501,0.0,0.0,0.0,9.462357807652534,73.71241924499652,0.0,0.0
2023,9,27,1,9.1501,0.0,0.0,0.0,9.462357807652534,64.10485053187436,0.0,0.0
2023,9,27,2,9.1501,0.0,0.0,0.0,9.462357807652534,54.4972818187522,0.0,0.0
2023,9,27,3,9.1501,0.0,0.0,0.0,9.462357807652534,44.88971310563004,0.0,0.0
2023,9,27,4,9.1501,0.0,0.0,0.0,9.462357807652534,35.28214439250788,0.0,0.0
2023,9,27,5,9.1501,0.0,0.0,0.0,9.462357807652534,25.674575679385722,0.0,0.0
2023,9,27,6,9.1501,0.0,0.0,0.0,9.462357807652534,16.067006966263563,0.0,0.0
2023,9,27,7,9.1501,0.0,0.0,0.0,9.462357807652534,6.459438253141404,0.0,0.0
2023,9,27,8,9.1501,3.100548924185343,3.100548924185343,0.0,6.361808883467192,0.0,0.0,0.0
2023,9,27,9,9.1501,16.599994434652306,9.462357807652534,0.0,0.0,0.0,7.137636626999772,0.0
2023,9,27,10,9.1501,35.1688374361623,9.462357807652534,0.0,0.0,0.0,25.706479628509765,0.0
2023,9,27,11,9.1501,57.080244430662106,9.462357807652534,0.0,0.0,0.0,47.61788662300957,0.0
2023,9,27,12,9.1501,65.3156468787344,9.462357807652534,0.0,0.0,0.0,55.85328907108186,0.0
2023,9,27,13,9.1501,59.26010257708241,46.95783857557136,37.49548076791883,0.0,35.08232753785525,12.302264001511048,0.0
2023,9,27,14,9.1501,56.525590678668955,56.525590678668955,47.06323287101642,0.0,79.11664092060366,0.0,0.0
2023,9,27,15,9.1501,43.3809857673032,43.3809857673032,33.918627959650664,0.0,110.85231656323302,0.0,0.0
2023,9,27,16,9.1501,23.823412164414105,23.823412164414105,14.361054356761572,0.0,124.28911487637589,0.0,0.0
2023,9,27,17,9.1501,14.463199467734572,14.463199467734572,5.000841660082038,0.0,128.96810982432325,0.0,0.0
2023,9,27,18,9.1501,10.566842986341658,10.566842986341658,1.1044851786891243,0.0,130.0015119838878,0.0,0.0
2023,9,27,19,9.1501,0.9439448946964266,0.9439448946964266,0.0,8.518412912956107,121.35237409969312,0.0,0.0
2023,9,27,20,9.1501,0.0,0.0,0.0,9.462357807652534,111.74480538657096,0.0,0.0
2023,9,27,21,9.1501,0.0,0.0,0.0,9.462357807652534,102.1372366734488,0.0,0.0
2023,9,27,22,9.1501,0.0,0.0,0.0,9.462357807652534,92.52966796032663,0.0,0.0
2023,9,27,23,9.1501,0.0,0.0,0.0,9.462357807652534,82.92209924720447,0.0,0.0
2023,9,28,0,9.1501,0.0,0.0,0.0,9.462357807652534,73.31453053408231,0.0,0.0
2023,9,28,1,9.1501,0.0,0.0,0.0,9.462357807652534,63.706961820960146,0.0,0.0
2023,9,28,2,9.1501,0.0,0.0,0.0,9.462357807652534,54.09939310783798,0.0,0.0
2023,9,28,3,9.1501,0.0,0.0,0.0,9.462357807652534,44.49182439471582,0.0,0.0
2023,9,28,4,9.1501,0.0,0.0,0.0,9.462357807652534,34.88425568159366,0.0,0.0
2023,9,28,5,9.1501,0.0,0.0,0.0,9.462357807652534,25.276686968471495,0.0,0.0
2023,9,28,6,9.1501,0.0,0.0,0.0,9.462357807652534,15.669118255349337,0.0,0.0
2023,9,28,7,9.1501,0.0,0.0,0.0,9.462357807652534,6.061549542227178,0.0,0.0
2023,9,28,8,9.1501,3.4924238576587596,3.4924238576587596,0.0,5.9699339499937745,0.0,0.0,0.0
2023,9,28,9,9.1501,23.4754616740333,9.462357807652534,0.0,0.0,0.0,14.013103866380767,0.0
2023,9,28,10,9.1501,43.790085972577664,9.462357807652534,0.0,0.0,0.0,34.327728164925134,0.0
2023,9,28,11,9.1501,59.17311495448721,9.462357807652534,0.0,0.0,0.0,49.71075714683468,0.0
2023,9,28,12,9.1501,68.353323560846,9.462357807652534,0.0,0.0,0.0,58.890965753193456,0.0
2023,9,28,13,9.1501,71.68124607280492,9.462357807652534,0.0,0.0,0.0,62.21888826515239,0.0
2023,9,28,14,9.1501,69.94924499321138,11.269784344963472,1.8074265373109384,0.0,1.6911032605509746,58.67946064824791,0.0
2023,9,28,15,9.1501,64.56290250102941,64.56290250102941,55.100544693376875,0.0,53.24545906177605,0.0,0.0
2023,9,28,16,9.1501,54.23462952913201,54.23462952913201,44.77227172147947,0.0,95.13625413835773,0.0,0.0
2023,9,28,17,9.1501,38.24699350700631,38.24699350700631,28.784635699353775,0.0,122.06835360690444,0.0,0.0
2023,9,28,18,9.1501,17.938398053592312,17.938398053592312,8.476040245939778,0.0,129.9988885418378,0.0,0.0
2023,9,28,19,9.1501,1.3332360373996974,1.3332360373996974,0.0,8.129121770252837,121.74501592650738,0.0,0.0
2023,9,28,20,9.1501,0.0,0.0,0.0,9.462357807652534,112.13744721338522,0.0,0.0
2023,9,28,21,9.1501,0.0,0.0,0.0,9.462357807652534,102.52987850026305,0.0,0.0
2023,9,28,22,9.1501,0.0,0.0,0.0,9.462357807652534,92.92230978714089,0.0,0.0
2023,9,28,23,9.1501,0.0,0.0,0.0,9.462357807652534,83.31474107401873,0.0,0.0
2023,9,29,0,9.1501,0.0,0.0,0.0,9.462357807652534,73.70717236089656,0.0,0.0
2023,9,29,1,9.1501,0.0,0.0,0.0,9.462357807652534,64.0996036477744,0.0,0.0
2023,9,29,2,9.1501,0.0,0.0,0.0,9.462357807652534,54.49203493465224,0.0,0.0
2023,9,29,3,9.1501,0.0,0.0,0.0,9.462357807652534,44.884466221530076,0.0,0.0
2023,9,29,4,9.1501,0.0,0.0,0.0,9.462357807652534,35.27689750840791,0.0,0.0
2023,9,29,5,9.1501,0.0,0.0,0.0,9.462357807652534,25.669328795285754,0.0,0.0
2023,9,29,6,9.1501,0.0,0.0,0.0,9.462357807652534,16.061760082163595,0.0,0.0
2023,9,29,7,9.1501,0.0,0.0,0.0,9.462357807652534,6.4541913690414345,0.0,0.0
2023,9,29,8,9.1501,3.105716505725652,3.105716505725652,0.0,6.3566413019268815,0.0,0.0,0.0
2023,9,29,9,9.1501,17.556858283199507,9.462357807652534,0.0,0.0,0.0,8.094500475546972,0.0
2023,9,29,10,9.1501,35.0215613622635,9.462357807652534,0.0,0.0,0.0,25.559203554610963,0.0
2023,9,29,11,9.1501,55.397335375701516,9.462357807652534,0.0,0.0,0.0,45.93497756804898,0.0
2023,9,29,12,9.1501,53.710981266380706,9.462357807652534,0.0,0.0,0.0,44.248623458728176,0.0
2023,9,29,13,9.1501,49.102359796015214,11.245648492895137,1.7832906852426036,0.0,1.668520755931084,37.85671130312008,0.0
2023,9,29,14,9.1501,51.7938085149261,51.7938085149261,42.33145070727357,0.0,41.27558241910054,0.0,0.0
2023,9,29,15,9.1501,49.123891385766505,49.123891385766505,39.661533578113975,0.0,78.3845588382411,0.0,0.0
2023,9,29,16,9.1501,28.63443057844169,28.63443057844169,19.172072770789157,0.0,96.3227455943341,0.0,0.0
2023,9,29,17,9.1501,37.28237828614864,37.28237828614864,27.820020478496108,0.0,122.35231103923165,0.0,0.0
2023,9,29,18,9.1501,17.3208720595254,17.3208720595254,7.858514251872865,0.0,129.70506303223962,0.0,0.0
2023,9,29,19,9.1501,1.2393583060840858,1.2393583060840858,0.0,8.222999501568449,121.35587202242642,0.0,0.0
2023,9,29,20,9.1501,0.0,0.0,0.0,9.462357807652534,111.74830330930426,0.0,0.0
2023,9,29,21,9.1501,0.0,0.0,0.0,9.462357807652534,102.1407345961821,0.0,0.0
2023,9,29,22,9.1501,0.0,0.0,0.0,9.462357807652534,92.53316588305994,0.0,0.0
2023,9,29,23,9.1501,0.0,0.0,0.0,9.462357807652534,82.92559716993777,0.0,0.0
2023,9,30,0,9.1501,0.0,0.0,0.0,9.462357807652534,73.31802845681561,0.0,0.0
2023,9,30,1,9.1501,0.0,0.0,0.0,9.462357807652534,63.71045974369345,0.0,0.0
2023,9,30,2,9.1501,0.0,0.0,0.0,9.462357807652534,54.102891030571286,0.0,0.0
2023,9,30,3,9.1501,0.0,0.0,0.0,9.462357807652534,44.49532231744912,0.0,0.0
2023,9,30,4,9.1501,0.0,0.0,0.0,9.462357807652534,34.88775360432696,0.0,0.0
2023,9,30,5,9.1501,0.0,0.0,0.0,9.462357807652534,25.280184891204797,0.0,0.0
2023,9,30,6,9.1501,0.0,0.0,0.0,9.462357807652534,15.67261617808264,0.0,0.0
2023,9,30,7,9.1501,0.0,0.0,0.0,9.462357807652534,6.065047464960481,0.0,0.0
2023,9,30,8,9.1501,3.4889788032985622,3.4889788032985622,0.0,5.973379004353972,0.0,0.0,0.0
2023,9,30,9,9.1501,23.206747433937235,9.462357807652534,0.0,0.0,0.0,13.7443896262847,0.0
2023,9,30,10,9.1501,43.59285661045587,9.462357807652534,0.0,0.0,0.0,34.13049880280333,0.0
2023,9,30,11,9.1501,58.651189218916016,9.462357807652534,0.0,0.0,0.0,49.18883141126348,0.0
2023,9,30,12,9.1501,68.26719720184084,9.462357807652534,0.0,0.0,0.0,58.804839394188306,0.0
2023,9,30,13,9.1501,72.69667584547564,9.462357807652534,0.0,0.0,0.0,63.2343180378231,0.0
2023,9,30,14,9.1501,71.69933260819602,12.536439519643347,3.074081711990812,0.0,2.8762383969874463,59.16289308855267,0.0
2023,9,30,15,9.1501,65.31134056078416,65.31134056078416,55.84898275313163,0.0,55.13086390049031,0.0,0.0
2023,9,30,16,9.1501,53.93318727261399,53.93318727261399,44.470829464961454,0.0,96.73961709468163,0.0,0.0
2023,9,30,17,9.1501,37.71128755399429,37.71128755399429,28.248929746341755,0.0,123.1704878465232,0.0,0.0
2023,9,30,18,9.1501,17.404414627760392,17.404414627760392,7.942056820107858,0.0,130.6014057326508,0.0,0.0
2023,9,30,19,9.1501,0.20411947084220175,0.20411947084220175,0.0,9.258238336810333,121.20108894147737,0.0,0.0
2023,9,30,20,9.1501,0.0,0.0,0.0,9.462357807652534,111.5935202283552,0.0,0.0
2023,9,30,21,9.1501,0.0,0.0,0.0,9.462357807652534,101.98595151523304,0.0,0.0
2023,9,30,22,9.1501,0.0,0.0,0.0,9.462357807652534,92.37838280211088,0.0,0.0
2023,9,30,23,9.1501,0.0,0.0,0.0,9.462357807652534,82.77081408898871,0.0,0.0
2023,10,1,0,9.1501,0.0,0.0,0.0,9.462357807652534,73.16324537586655,0.0,0.0
2023,10,1,1,9.1501,0.0,0.0,0.0,9.462357807652534,63.55567666274439,0.0,0.0
2023,10,1,2,9.1501,0.0,0.0,0.0,9.462357807652534,53.948107949622226,0.0,0.0
2023,10,1,3,9.1501,0.0,0.0,0.0,9.462357807652534,44.340539236500064,0.0,0.0
2023,10,1,4,9.1501,0.0,0.0,0.0,9.462357807652534,34.7329705233779,0.0,0.0
2023,10,1,5,9.1501,0.0,0.0,0.0,9.462357807652534,25.125401810255745,0.0,0.0
2023,10,1,6,9.1501,0.0,0.0,0.0,9.462357807652534,15.517833097133586,0.0,0.0
2023,10,1,7,9.1501,0.0,0.0,0.0,9.462357807652534,5.910264384011427,0.0,0.0
2023,10,1,8,9.1501,3.641422458737675,3.641422458737675,0.0,5.820935348914859,0.0,0.0,0.0
2023,10,1,9,9.1501,24.048201961417544,9.462357807652534,0.0,0.0,0.0,14.58584415376501,0.0
2023,10,1,10,9.1501,44.541969086692596,9.462357807652534,0.0,0.0,0.0,35.079611279040066,0.0
2023,10,1,11,9.1501,59.35484157198808,9.462357807652534,0.0,0.0,0.0,49.89248376433555,0.0
2023,10,1,12,9.1501,68.32145680801409,9.462357807652534,0.0,0.0,0.0,58.85909900036155,0.0
2023,10,1,13,9.1501,71.85091500004506,9.462357807652534,0.0,0.0,0.0,62.388557192392526,0.0
2023,10,1,14,9.1501,70.31786580975343,15.676954252156644,6.21459644450411,0.0,5.814634284359521,54.64091155759678,0.0
2023,10,1,15,9.1501,63.97121441466403,63.97121441466403,54.5088566070115,0.0,56.8153821621498,0.0,0.0
2023,10,1,16,9.1501,52.9194800271234,52.9194800271234,43.45712221947086,0.0,97.47566879755983,0.0,0.0
2023,10,1,17,9.1501,37.11615441326871,37.11615441326871,27.653796605616176,0.0,123.34970829016785,0.0,0.0
2023,10,1,18,9.1501,17.20632400204855,17.20632400204855,7.743966194396016,0.0,130.5952843678675,0.0,0.0
2023,10,1,19,9.1501,0.16364008210978198,0.16364008210978198,0.0,9.298717725542751,121.15386698457766,0.0,0.0
2023,10,1,20,9.1501,0.0,0.0,0.0,9.462357807652534,111.5462982714555,0.0,0.0
2023,10,1,21,9.1501,0.0,0.0,0.0,9.462357807652534,101.93872955833334,0.0,0.0
2023,10,1,22,9.1501,0.0,0.0,0.0,9.462357807652534,92.33116084521117,0.0,0.0
2023,10,1,23,9.1501,0.0,0.0,0.0,9.462357807652534,82.72359213208901,0.0,0.0
2023,10,2,0,9.1501,0.0,0.0,0.0,9.462357807652534,73.11602341896685,0.0,0.0
2023,10,2,1,9.1501,0.0,0.0,0.0,9.462357807652534,63.508454705844684,0.0,0.0
2023,10,2,2,9.1501,0.0,0.0,0.0,9.462357807652534,53.90088599272252,0.0,0.0
2023,10,2,3,9.1501,0.0,0.0,0.0,9.462357807652534,44.29331727960036,0.0,0.0
2023,10,2,4,9.1501,0.0,0.0,0.0,9.462357807652534,34.685748566478196,0.0,0.0
2023,10,2,5,9.1501,0.0,0.0,0.0,9.462357807652534,25.078179853356033,0.0,0.0
2023,10,2,6,9.1501,0.0,0.0,0.0,9.462357807652534,15.470611140233874,0.0,0.0
2023,10,2,7,9.1501,0.0,0.0,0.0,9.462357807652534,5.863042427111716,0.0,0.0
2023,10,2,8,9.1501,3.687930692600455,3.687930692600455,0.0,5.774427115052079,0.0,0.0,0.0
2023,10,2,9,9.1501,24.304858511252885,9.462357807652534,0.0,0.0,0.0,14.84250070360035,0.0
2023,10,2,10,9.1501,44.52732760566173,9.462357807652534,0.0,0.0,0.0,35.0649697980092,0.0
2023,10,2,11,9.1501,58.75712464049236,9.462357807652534,0.0,0.0,0.0,49.29476683283983,0.0
2023,10,2,12,9.1501,67.4248814107705,9.462357807652534,0.0,0.0,0.0,57.96252360311796,0.0
2023,10,2,13,9.1501,71.04218848898672,9.462357807652534,0.0,0.0,0.0,61.57983068133419,0.0
2023,10,2,14,9.1501,70.52198528059563,30.032109073128094,20.56975126547556,0.0,19.245912747038503,40.48987620746753,0.0
2023,10,2,15,9.1501,64.34414154915633,64.34414154915633,54.881783741503796,0.0,70.59558672504315,0.0,0.0
2023,10,2,16,9.1501,53.38197857498104,53.38197857498104,43.91962076732851,0.0,111.68860619143496,0.0,0.0
2023,10,2,17,9.1501,37.19366813637335,37.19366813637335,27.731310328720813,0.0,137.6351707395148,0.0,0.0
2023,10,2,18,9.1501,16.896269109630015,16.896269109630015,7.433911301977481,0.0,144.5906465953272,0.0,0.0
2023,10,2,19,9.1501,0.1240219569674051,0.1240219569674051,0.0,9.338335850685128,135.10900310060427,0.0,0.0
2023,10,2,20,9.1501,0.0,-0.0,0.0,9.462357807652534,125.5014343874821,0.0,0.0
2023,10,2,21,9.1501,0.0,-0.0,0.0,9.462357807652534,115.89386567435994,0.0,0.0
2023,10,2,22,9.1501,0.0,-0.0,0.0,9.462357807652534,106.28629696123778,0.0,0.0
2023,10,2,23,9.1501,0.0,-0.0,0.0,9.462357807652534,96.67872824811562,0.0,0.0
2023,10,3,0,9.1501,0.0,-0.0,0.0,9.462357807652534,87.07115953499346,0.0,0.0
2023,10,3,1,9.1501,0.0,-0.0,0.0,9.462357807652534,77.46359082187129,0.0,0.0
2023,10,3,2,9.1501,0.0,-0.0,0.0,9.462357807652534,67.85602210874913,0.0,0.0
2023,10,3,3,9.1501,0.0,-0.0,0.0,9.462357807652534,58.24845339562697,0.0,0.0
2023,10,3,4,9.1501,0.0,-0.0,0.0,9.462357807652534,48.640884682504804,0.0,0.0
2023,10,3,5,9.1501,0.0,-0.0,0.0,9.462357807652534,39.03331596938264,0.0,0.0
2023,10,3,6,9.1501,0.0,-0.0,0.0,9.462357807652534,29.425747256260482,0.0,0.0
2023,10,3,7,9.1501,0.0,-0.0,0.0,9.462357807652534,19.818178543138323,0.0,0.0
2023,10,3,8,9.1501,2.0153568007204643,2.0153568007204643,0.0,7.44700100693207,12.256894629003654,0.0,0.0
2023,10,3,9,9.1501,12.63904318400553,12.63904318400553,3.176685376352996,0.0,15.229133271514504,0.0,0.0
2023,10,3,10,9.1501,26.617351250541116,26.617351250541116,17.154993442888582,0.0,31.280056917441158,0.0,0.0
2023,10,3,11,9.1501,21.033779396237346,21.033779396237346,11.571421588584812,0.0,42.10675906754867,0.0,0.0
2023,10,3,12,9.1501,13.139437329825443,13.139437329825443,3.677079522172909,0.0,45.54718723482752,0.0,0.0
2023,10,3,13,9.1501,14.082520960931816,14.082520960931816,4.620163153279282,0.0,49.87000357701335,0.0,0.0
2023,10,3,14,9.1501,11.729548832911163,11.729548832911163,2.2671910252586294,0.0,51.991281568655005,0.0,0.0
2023,10,3,15,9.1501,23.172296890335183,23.172296890335183,13.709939082682649,0.0,64.8188694158347,0.0,0.0
2023,10,3,16,9.1501,28.63873689639195,28.63873689639195,19.176379088739417,0.0,82.76108534167614,0.0,0.0
2023,10,3,17,9.1501,21.895042986288832,21.895042986288832,12.432685178636298,0.0,94.39362144147039,0.0,0.0
2023,10,3,18,9.1501,9.088914665813313,9.088914665813313,0.0,0.3734431418392211,94.01444737950848,0.0,0.0
2023,10,3,19,9.1501,0.08009751387478803,0.08009751387478803,0.0,9.382260293777746,84.48820536993578,0.0,0.0
2023,10,3,20,9.1501,0.0,-0.0,0.0,9.462357807652534,74.88063665681362,0.0,0.0
2023,10,3,21,9.1501,0.0,-0.0,0.0,9.462357807652534,65.27306794369146,0.0,0.0
2023,10,3,22,9.1501,0.0,-0.0,0.0,9.462357807652534,55.665499230569296,0.0,0.0
2023,10,3,23,9.1501,0.0,-0.0,0.0,9.462357807652534,46.05793051744713,0.0,0.0
2023,10,4,0,9.1501,0.0,-0.0,0.0,9.462357807652534,36.45036180432497,0.0,0.0
2023,10,4,1,9.1501,0.0,-0.0,0.0,9.462357807652534,26.84279309120281,0.0,0.0
2023,10,4,2,9.1501,0.0,-0.0,0.0,9.462357807652534,17.23522437808065,0.0,0.0
2023,10,4,3,9.1501,0.0,-0.0,0.0,9.462357807652534,7.627655664958493,0.0,0.0
2023,10,4,4,9.1501,0.0,-0.0,0.0,7.512369600524068,0.0,0.0,1.8856385962932263
2023,10,4,5,9.1501,0.0,-0.0,0.0,-0.0,0.0,0.0,9.1501
2023,10,4,6,9.1501,0.0,-0.0,0.0,-0.0,0.0,0.0,9.1501
2023,10,4,7,9.1501,0.0,-0.0,0.0,-0.0,0.0,0.0,9.1501
2023,10,4,8,9.1501,1.876693362722184,1.876693362722184,0.0,-0.0,0.0,0.0,7.335337518247648
2023,10,4,9,9.1501,17.423362426741527,9.462357807652534,0.0,0.0,0.0,7.9610046190889925,0.0
2023,10,4,10,9.1501,36.07316420571636,9.462357807652534,0.0,0.0,0.0,26.610806398063826,0.0
2023,10,4,11,9.1501,51.67926045744926,9.462357807652534,0.0,0.0,0.0,42.21690264979672,0.0
2023,10,4,12,9.1501,62.66553881214599,9.462357807652534,0.0,0.0,0.0,53.20318100449346,0.0
2023,10,4,13,9.1501,61.8326969205662,9.462357807652534,0.0,0.0,0.0,52.37033911291367,0.0
2023,10,4,14,9.1501,60.64070811193495,41.82462757744786,32.36226976979533,0.0,30.279482345077504,18.816080534487085,0.0
2023,10,4,15,9.1501,52.4259759900239,52.4259759900239,42.96361818237136,0.0,70.47802612731704,0.0,0.0
2023,10,4,16,9.1501,45.894152923073435,45.894152923073435,36.4317951154209,0.0,104.56512523513231,0.0,0.0
2023,10,4,17,9.1501,30.90386013822735,30.90386013822735,21.441502330574817,0.0,124.62668444864987,0.0,0.0
2023,10,4,18,9.1501,16.38640106431953,16.38640106431953,6.9240432566669945,0.0,131.10510660624772,0.0,0.0
2023,10,4,19,9.1501,0.08095877746483951,0.08095877746483951,0.0,9.381399030187694,121.57973907735838,0.0,0.0
2023,10,4,20,9.1501,0.0,0.0,0.0,9.462357807652534,111.97217036423622,0.0,0.0
2023,10,4,21,9.1501,0.0,0.0,0.0,9.462357807652534,102.36460165111406,0.0,0.0
2023,10,4,22,9.1501,0.0,0.0,0.0,9.462357807652534,92.7570329379919,0.0,0.0
2023,10,4,23,9.1501,0.0,0.0,0.0,9.462357807652534,83.14946422486973,0.0,0.0
2023,10,5,0,9.1501,0.0,0.0,0.0,9.462357807652534,73.54189551174757,0.0,0.0
2023,10,5,1,9.1501,0.0,0.0,0.0,9.462357807652534,63.934326798625406,0.0,0.0
2023,10,5,2,9.1501,0.0,0.0,0.0,9.462357807652534,54.32675808550324,0.0,0.0
2023,10,5,3,9.1501,0.0,0.0,0.0,9.462357807652534,44.71918937238108,0.0,0.0
2023,10,5,4,9.1501,0.0,0.0,0.0,9.462357807652534,35.11162065925892,0.0,0.0
2023,10,5,5,9.1501,0.0,0.0,0.0,9.462357807652534,25.504051946136762,0.0,0.0
2023,10,5,6,9.1501,0.0,0.0,0.0,9.462357807652534,15.896483233014605,0.0,0.0
2023,10,5,7,9.1501,0.0,0.0,0.0,9.462357807652534,6.288914519892446,0.0,0.0
2023,10,5,8,9.1501,3.2684953242453822,3.2684953242453822,0.0,6.193862483407152,0.0,0.0,0.0
2023,10,5,9,9.1501,23.863891553146523,9.462357807652534,0.0,0.0,0.0,14.401533745493989,0.0
2023,10,5,10,9.1501,44.78312289190703,9.462357807652534,0.0,0.0,0.0,35.32076508425449,0.0
2023,10,5,11,9.1501,58.724396624070394,9.462357807652534,0.0,0.0,0.0,49.262038816417856,0.0
2023,10,5,12,9.1501,68.7934292553623,9.462357807652534,0.0,0.0,0.0,59.33107144770976,0.0
2023,10,5,13,9.1501,72.48652752950306,9.462357807652534,0.0,0.0,0.0,63.02416972185053,0.0
2023,10,5,14,9.1501,69.48416265458359,17.61851389479241,8.156156087139877,0.0,7.631238043591964,51.86564875979117,0.0
2023,10,5,15,9.1501,63.43120214370175,63.43120214370175,53.968844336049216,0.0,58.126728034928654,0.0,0.0
2023,10,5,16,9.1501,53.130489606686,53.130489606686,43.66813179903346,0.0,98.98444398801192,0.0,0.0
2023,10,5,17,9.1501,36.75614623262719,36.75614623262719,27.293788424974654,0.0,124.52164488965087,0.0,0.0
2023,10,5,18,9.1501,16.154721158595688,16.154721158595688,6.692363350943155,0.0,130.783297714783,0.0,0.0
2023,10,5,19,9.1501,0.021531589751287106,0.021531589751287106,0.0,9.440826217901247,121.19759101874405,0.0,0.0
2023,10,5,20,9.1501,0.0,0.0,0.0,9.462357807652534,111.59002230562189,0.0,0.0
2023,10,5,21,9.1501,0.0,0.0,0.0,9.462357807652534,101.98245359249972,0.0,0.0
2023,10,5,22,9.1501,0.0,0.0,0.0,9.462357807652534,92.37488487937756,0.0,0.0
2023,10,5,23,9.1501,0.0,0.0,0.0,9.462357807652534,82.7673161662554,0.0,0.0
2023,10,6,0,9.1501,0.0,0.0,0.0,9.462357807652534,73.15974745313324,0.0,0.0
2023,10,6,1,9.1501,0.0,0.0,0.0,9.462357807652534,63.55217874001107,0.0,0.0
2023,10,6,2,9.1501,0.0,0.0,0.0,9.462357807652534,53.94461002688891,0.0,0.0
2023,10,6,3,9.1501,0.0,0.0,0.0,9.462357807652534,44.33704131376675,0.0,0.0
2023,10,6,4,9.1501,0.0,0.0,0.0,9.462357807652534,34.72947260064459,0.0,0.0
2023,10,6,5,9.1501,0.0,0.0,0.0,9.462357807652534,25.121903887522432,0.0,0.0
2023,10,6,6,9.1501,0.0,0.0,0.0,9.462357807652534,15.514335174400273,0.0,0.0
2023,10,6,7,9.1501,0.0,0.0,0.0,9.462357807652534,5.9067664612781146,0.0,0.0
2023,10,6,8,9.1501,3.644867513097881,3.644867513097881,0.0,5.817490294554653,0.0,0.0,0.0
2023,10,6,9,9.1501,24.04217311628717,9.462357807652534,0.0,0.0,0.0,14.579815308634636,0.0
2023,10,6,10,9.1501,45.21978353206312,9.462357807652534,0.0,0.0,0.0,35.75742572441058,0.0
2023,10,6,11,9.1501,59.759635459312285,9.462357807652534,0.0,0.0,0.0,50.297277651659755,0.0
2023,10,6,12,9.1501,68.16212304385456,9.462357807652534,0.0,0.0,0.0,58.699765236202026,0.0
2023,10,6,13,9.1501,71.52105104505534,9.462357807652534,0.0,0.0,0.0,62.05869323740281,0.0
2023,10,6,14,9.1501,69.8708700065167,14.830712071133185,5.36835426348065,0.0,5.022854988215244,55.04015793538351,0.0
2023,10,6,15,9.1501,64.42854538098138,64.42854538098138,54.966187573328845,0.0,56.45150069328919,0.0,0.0
2023,10,6,16,9.1501,53.81863921513714,53.81863921513714,44.3562814074846,0.0,97.95307797217217,0.0,0.0
2023,10,6,17,9.1501,37.46065984928931,37.46065984928931,27.998302041636773,0.0,124.1494510446549,0.0,0.0
2023,10,6,18,9.1501,16.53195461103823,16.53195461103823,7.069596803385696,0.0,130.7640591397498,0.0,0.0
2023,10,6,19,9.1501,0.003445054360205937,0.0,0.0,9.462357807652534,121.15649042662764,0.003445054360205937,0.0
2023,10,6,20,9.1501,0.0,0.0,0.0,9.462357807652534,111.54892171350548,0.0,0.0
2023,10,6,21,9.1501,0.0,0.0,0.0,9.462357807652534,101.94135300038332,0.0,0.0
2023,10,6,22,9.1501,0.0,0.0,0.0,9.462357807652534,92.33378428726115,0.0,0.0
2023,10,6,23,9.1501,0.0,0.0,0.0,9.462357807652534,82.72621557413899,0.0,0.0
2023,10,7,0,9.1501,0.0,0.0,0.0,9.462357807652534,73.11864686101683,0.0,0.0
2023,10,7,1,9.1501,0.0,0.0,0.0,9.462357807652534,63.511078147894665,0.0,0.0
2023,10,7,2,9.1501,0.0,0.0,0.0,9.462357807652534,53.9035094347725,0.0,0.0
2023,10,7,3,9.1501,0.0,0.0,0.0,9.462357807652534,44.29594072165034,0.0,0.0
2023,10,7,4,9.1501,0.0,0.0,0.0,9.462357807652534,34.68837200852818,0.0,0.0
2023,10,7,5,9.1501,0.0,0.0,0.0,9.462357807652534,25.080803295406017,0.0,0.0
2023,10,7,6,9.1501,0.0,0.0,0.0,9.462357807652534,15.473234582283858,0.0,0.0
2023,10,7,7,9.1501,0.0,0.0,0.0,9.462357807652534,5.8656658691617,0.0,0.0
2023,10,7,8,9.1501,3.6853469018303007,3.6853469018303007,0.0,5.777010905822234,0.0,0.0,0.0
2023,10,7,9,9.1501,24.609745822131107,9.462357807652534,0.0,0.0,0.0,15.147388014478572,0.0
2023,10,7,10,9.1501,45.507445571140316,9.462357807652534,0.0,0.0,0.0,36.045087763487786,0.0
2023,10,7,11,9.1501,60.60367377756273,9.462357807652534,0.0,0.0,0.0,51.141315969910195,0.0
2023,10,7,12,9.1501,69.96560900142237,9.462357807652534,0.0,0.0,0.0,60.50325119376983,0.0
2023,10,7,13,9.1501,74.19096817421494,9.462357807652534,0.0,0.0,0.0,64.7286103665624,0.0
2023,10,7,14,9.1501,72.7931373675614,13.386203862185164,3.92384605453263,0.0,3.6713131735869027,59.40693350537624,0.0
2023,10,7,15,9.1501,66.00035143282534,66.00035143282534,56.5379936251728,0.0,56.57060583683915,0.0,0.0
2023,10,7,16,9.1501,54.18467624090902,54.18467624090902,44.72231843325648,0.0,98.414662544339,0.0,0.0
2023,10,7,17,9.1501,37.27204312306802,37.27204312306802,27.80968531541549,0.0,124.43455798184031,0.0,0.0
2023,10,7,18,9.1501,16.170223903216616,16.170223903216616,6.707866095564082,0.0,130.7107158180668,0.0,0.0
2023,10,7,19,9.1501,0.0,0.0,0.0,9.462357807652534,121.10314710494464,0.0,0.0
2023,10,7,20,9.1501,0.0,0.0,0.0,9.462357807652534,111.49557839182248,0.0,0.0
2023,10,7,21,9.1501,0.0,0.0,0.0,9.462357807652534,101.88800967870031,0.0,0.0
2023,10,7,22,9.1501,0.0,0.0,0.0,9.462357807652534,92.28044096557815,0.0,0.0
2023,10,7,23,9.1501,0.0,0.0,0.0,9.462357807652534,82.67287225245599,0.0,0.0
2023,10,8,0,9.1501,0.0,0.0,0.0,9.462357807652534,73.06530353933383,0.0,0.0
2023,10,8,1,9.1501,0.0,0.0,0.0,9.462357807652534,63.45773482621166,0.0,0.0
2023,10,8,2,9.1501,0.0,0.0,0.0,9.462357807652534,53.8501661130895,0.0,0.0
2023,10,8,3,9.1501,0.0,0.0,0.0,9.462357807652534,44.24259739996734,0.0,0.0
2023,10,8,4,9.1501,0.0,0.0,0.0,9.462357807652534,34.635028686845175,0.0,0.0
2023,10,8,5,9.1501,0.0,0.0,0.0,9.462357807652534,25.027459973723012,0.0,0.0
2023,10,8,6,9.1501,0.0,0.0,0.0,9.462357807652534,15.419891260600853,0.0,0.0
2023,10,8,7,9.1501,0.0,0.0,0.0,9.462357807652534,5.812322547478693,0.0,0.0
2023,10,8,8,9.1501,3.737883980823441,3.737883980823441,0.0,5.724473826829093,0.0,0.0,0.0
2023,10,8,9,9.1501,24.84314825503506,9.462357807652534,0.0,0.0,0.0,15.380790447382527,0.0
2023,10,8,10,9.1501,45.772714756876184,9.462357807652534,0.0,0.0,0.0,36.310356949223646,0.0
2023,10,8,11,9.1501,60.25486202359189,9.462357807652534,0.0,0.0,0.0,50.79250421593936,0.0
2023,10,8,12,9.1501,68.3266243895544,9.462357807652534,0.0,0.0,0.0,58.86426658190186,0.0
2023,10,8,13,9.1501,71.21616373417712,9.462357807652534,0.0,0.0,0.0,61.75380592652458,0.0
2023,10,8,14,9.1501,69.73220656851841,19.043455578230116,9.581097770577582,0.0,8.964472605114807,50.68875099028829,0.0
2023,10,8,15,9.1501,63.77053999818204,63.77053999818204,54.30818219052951,0.0,59.77746117262808,0.0,0.0
2023,10,8,16,9.1501,52.713638029101084,52.713638029101084,43.25128022144855,0.0,100.24515349406298,0.0,0.0
2023,10,8,17,9.1501,36.219579016025115,36.219579016025115,26.75722120837258,0.0,125.2803198450471,0.0,0.0
2023,10,8,18,9.1501,15.45882017783409,15.45882017783409,5.996462370181556,0.0,130.89085883883234,0.0,0.0
2023,10,8,19,9.1501,0.0,0.0,0.0,9.462357807652534,121.2832901257102,0.0,0.0
2023,10,8,20,9.1501,0.0,0.0,0.0,9.462357807652534,111.67572141258803,0.0,0.0
2023,10,8,21,9.1501,0.0,0.0,0.0,9.462357807652534,102.06815269946587,0.0,0.0
2023,10,8,22,9.1501,0.0,0.0,0.0,9.462357807652534,92.4605839863437,0.0,0.0
2023,10,8,23,9.1501,0.0,0.0,0.0,9.462357807652534,82.85301527322154,0.0,0.0
2023,10,9,0,9.1501,0.0,0.0,0.0,9.462357807652534,73.24544656009938,0.0,0.0
2023,10,9,1,9.1501,0.0,0.0,0.0,9.462357807652534,63.63787784697722,0.0,0.0
2023,10,9,2,9.1501,0.0,0.0,0.0,9.462357807652534,54.030309133855056,0.0,0.0
2023,10,9,3,9.1501,0.0,0.0,0.0,9.462357807652534,44.42274042073289,0.0,0.0
2023,10,9,4,9.1501,0.0,0.0,0.0,9.462357807652534,34.81517170761073,0.0,0.0
2023,10,9,5,9.1501,0.0,0.0,0.0,9.462357807652534,25.207602994488575,0.0,0.0
2023,10,9,6,9.1501,0.0,0.0,0.0,9.462357807652534,15.600034281366417,0.0,0.0
2023,10,9,7,9.1501,0.0,0.0,0.0,9.462357807652534,5.992465568244258,0.0,0.0
2023,10,9,8,9.1501,3.560463681272836,3.560463681272836,0.0,5.901894126379698,0.0,0.0,0.0
2023,10,9,9,9.1501,23.09478316723055,9.462357807652534,0.0,0.0,0.0,13.632425359578015,0.0
2023,10,9,10,9.1501,44.25172325684525,9.462357807652534,0.0,0.0,0.0,34.789365449192715,0.0
2023,10,9,11,9.1501,58.932822412862855,9.462357807652534,0.0,0.0,0.0,49.470464605210324,0.0
2023,10,9,12,9.1501,68.08202552997977,9.462357807652534,0.0,0.0,0.0,58.619667722327236,0.0
2023,10,9,13,9.1501,72.04469930780665,9.462357807652534,0.0,0.0,0.0,62.582341500154115,0.0
2023,10,9,14,9.1501,70.89835746944813,20.855804185817107,11.39344637816457,0.0,10.660181158838512,50.04255328363102,0.0
2023,10,9,15,9.1501,64.64902886003456,64.64902886003456,55.18667105238203,0.0,62.29512035503227,0.0,0.0
2023,10,9,16,9.1501,52.7222506650016,52.7222506650016,43.25989285734907,0.0,102.77087101596403,0.0,0.0
2023,10,9,17,9.1501,36.09814084982786,36.09814084982786,26.635783042175323,0.0,127.69241478004233,0.0,0.0
2023,10,9,18,9.1501,15.253839443401835,15.253839443401835,5.791481635749301,0.0,133.11116529380212,0.0,0.0
2023,10,9,19,9.1501,0.0,0.0,0.0,9.462357807652534,123.50359658067995,0.0,0.0
2023,10,9,20,9.1501,0.0,0.0,0.0,9.462357807652534,113.89602786755779,0.0,0.0
2023,10,9,21,9.1501,0.0,0.0,0.0,9.462357807652534,104.28845915443563,0.0,0.0
2023,10,9,22,9.1501,0.0,0.0,0.0,9.462357807652534,94.68089044131347,0.0,0.0
2023,10,9,23,9.1501,0.0,0.0,0.0,9.462357807652534,85.0733217281913,0.0,0.0
2023,10,10,0,9.1501,0.0,0.0,0.0,9.462357807652534,75.46575301506914,0.0,0.0
2023,10,10,1,9.1501,0.0,0.0,0.0,9.462357807652534,65.85818430194698,0.0,0.0
2023,10,10,2,9.1501,0.0,0.0,0.0,9.462357807652534,56.250615588824814,0.0,0.0
2023,10,10,3,9.1501,0.0,0.0,0.0,9.462357807652534,46.64304687570265,0.0,0.0
2023,10,10,4,9.1501,0.0,0.0,0.0,9.462357807652534,37.035478162580496,0.0,0.0
2023,10,10,5,9.1501,0.0,0.0,0.0,9.462357807652534,27.427909449458337,0.0,0.0
2023,10,10,6,9.1501,0.0,0.0,0.0,9.462357807652534,17.820340736336178,0.0,0.0
2023,10,10,7,9.1501,0.0,0.0,0.0,9.462357807652534,8.21277202321402,0.0,0.0
2023,10,10,8,9.1501,1.3737154261321172,1.3737154261321172,0.0,8.088642381520417,0.0,0.0,0.0
2023,10,10,9,9.1501,9.98118374510665,9.462357807652534,0.0,0.0,0.0,0.5188259374541158,0.0
2023,10,10,10,9.1501,23.939682749071054,9.462357807652534,0.0,0.0,0.0,14.47732494141852,0.0
2023,10,10,11,9.1501,53.14513108771688,9.462357807652534,0.0,0.0,0.0,43.68277328006434,0.0
2023,10,10,12,9.1501,66.74620570180991,9.462357807652534,0.0,0.0,0.0,57.283847894157375,0.0
2023,10,10,13,9.1501,70.19987269791638,9.462357807652534,0.0,0.0,0.0,60.73751489026384,0.0
2023,10,10,14,9.1501,69.34722174376539,19.99594674993947,10.533588942286938,0.0,9.85566286533981,49.35127499382592,0.0
2023,10,10,15,9.1501,63.560391682209485,63.560391682209485,54.098033874556954,0.0,60.472027949129526,0.0,0.0
2023,10,10,16,9.1501,52.688661384989594,52.688661384989594,43.22630357733706,0.0,100.91635108602351,0.0,0.0
2023,10,10,17,9.1501,36.204937534994244,36.204937534994244,26.74257972734171,0.0,125.93781825986296,0.0,0.0
2023,10,10,18,9.1501,15.095366942832364,15.095366942832364,5.6330091351798295,0.0,131.2082953268804,0.0,0.0
2023,10,10,19,9.1501,0.0,0.0,0.0,9.462357807652534,121.60072661375825,0.0,0.0
2023,10,10,20,9.1501,0.0,0.0,0.0,9.462357807652534,111.99315790063609,0.0,0.0
2023,10,10,21,9.1501,0.0,0.0,0.0,9.462357807652534,102.38558918751393,0.0,0.0
2023,10,10,22,9.1501,0.0,0.0,0.0,9.462357807652534,92.77802047439177,0.0,0.0
2023,10,10,23,9.1501,0.0,0.0,0.0,9.462357807652534,83.1704517612696,0.0,0.0
2023,10,11,0,9.1501,0.0,0.0,0.0,9.462357807652534,73.56288304814744,0.0,0.0
2023,10,11,1,9.1501,0.0,0.0,0.0,9.462357807652534,63.95531433502528,0.0,0.0
2023,10,11,2,9.1501,0.0,0.0,0.0,9.462357807652534,54.347745621903115,0.0,0.0
2023,10,11,3,9.1501,0.0,0.0,0.0,9.462357807652534,44.74017690878095,0.0,0.0
2023,10,11,4,9.1501,0.0,0.0,0.0,9.462357807652534,35.13260819565879,0.0,0.0
2023,10,11,5,9.1501,0.0,0.0,0.0,9.462357807652534,25.525039482536634,0.0,0.0
2023,10,11,6,9.1501,0.0,0.0,0.0,9.462357807652534,15.917470769414475,0.0,0.0
2023,10,11,7,9.1501,0.0,0.0,0.0,9.462357807652534,6.309902056292317,0.0,0.0
2023,10,11,8,9.1501,3.247824998084147,3.247824998084147,0.0,6.214532809568387,0.0,0.0,0.0
2023,10,11,9,9.1501,19.10971653606233,9.462357807652534,0.0,0.0,0.0,9.647358728409795,0.0
2023,10,11,10,9.1501,43.0295902225622,9.462357807652534,0.0,0.0,0.0,33.56723241490967,0.0
2023,10,11,11,9.1501,60.17476450971709,9.462357807652534,0.0,0.0,0.0,50.712406702064555,0.0
2023,10,11,12,9.1501,68.87180424205698,9.462357807652534,0.0,0.0,0.0,59.409446434404444,0.0
2023,10,11,13,9.1501,72.44949319513086,9.462357807652534,0.0,0.0,0.0,62.98713538747832,0.0
2023,10,11,14,9.1501,71.25492059572944,21.378721098856825,11.916363291204291,0.0,11.149443919113338,49.876199496872616,0.0
2023,10,11,15,9.1501,64.90482414627985,64.90482414627985,55.44246633862732,0.0,63.02371579836406,0.0,0.0
2023,10,11,16,9.1501,53.33547034111826,53.33547034111826,43.87311253346573,0.0,104.07322023147279,0.0,0.0
2023,10,11,17,9.1501,36.2695323042481,36.2695323042481,26.807174496595568,0.0,129.15512495153874,0.0,0.0
2023,10,11,18,9.1501,14.94292328739325,14.94292328739325,5.480565479740715,0.0,134.28296940946163,0.0,0.0
2023,10,11,19,9.1501,0.0,0.0,0.0,9.462357807652534,124.67540069633947,0.0,0.0
2023,10,11,20,9.1501,0.0,0.0,0.0,9.462357807652534,115.0678319832173,0.0,0.0
2023,10,11,21,9.1501,0.0,0.0,0.0,9.462357807652534,105.46026327009514,0.0,0.0
2023,10,11,22,9.1501,0.0,0.0,0.0,9.462357807652534,95.85269455697298,0.0,0.0
2023,10,11,23,9.1501,0.0,0.0,0.0,9.462357807652534,86.24512584385081,0.0,0.0
2023,10,12,0,9.1501,0.0,0.0,0.0,9.462357807652534,76.63755713072865,0.0,0.0
2023,10,12,1,9.1501,0.0,0.0,0.0,9.462357807652534,67.02998841760649,0.0,0.0
2023,10,12,2,9.1501,0.0,0.0,0.0,9.462357807652534,57.42241970448433,0.0,0.0
2023,10,12,3,9.1501,0.0,0.0,0.0,9.462357807652534,47.814850991362164,0.0,0.0
2023,10,12,4,9.1501,0.0,0.0,0.0,9.462357807652534,38.20728227824001,0.0,0.0
2023,10,12,5,9.1501,0.0,0.0,0.0,9.462357807652534,28.59971356511785,0.0,0.0
2023,10,12,6,9.1501,0.0,0.0,0.0,9.462357807652534,18.99214485199569,0.0,0.0
2023,10,12,7,9.1501,0.0,0.0,0.0,9.462357807652534,9.384576138873532,0.0,0.0
2023,10,12,8,9.1501,0.21962221546311986,0.21962221546311986,0.0,9.242735592189415,0.0,0.0,0.0
2023,10,12,9,9.1501,23.741592123359215,9.462357807652534,0.0,0.0,0.0,14.279234315706681,0.0
2023,10,12,10,9.1501,44.39986059433411,9.462357807652534,0.0,0.0,0.0,34.93750278668158,0.0
2023,10,12,11,9.1501,58.68305597174792,9.462357807652534,0.0,0.0,0.0,49.22069816409538,0.0
2023,10,12,12,9.1501,67.22334573069844,9.462357807652534,0.0,0.0,0.0,57.7609879230459,0.0
2023,10,12,13,9.1501,70.9784549833229,9.462357807652534,0.0,0.0,0.0,61.51609717567037,0.0
2023,10,12,14,9.1501,69.74081920441893,27.673132160682698,18.210774353030164,0.0,17.038756071041007,42.06768704373623,0.0
2023,10,12,15,9.1501,63.05741374561941,63.05741374561941,53.59505593796687,0.0,67.18451412821365,0.0,0.0
2023,10,12,16,9.1501,51.290830578336035,51.290830578336035,41.828472770683504,0.0,106.32096876476605,0.0,0.0
2023,10,12,17,9.1501,34.79763282885011,34.79763282885011,25.335275021197578,0.0,130.02570326481737,0.0,0.0
2023,10,12,18,9.1501,14.06012810759048,14.06012810759048,4.597770299937945,0.0,134.32756792431135,0.0,0.0
2023,10,12,19,9.1501,0.0,0.0,0.0,9.462357807652534,124.71999921118919,0.0,0.0
2023,10,12,20,9.1501,0.0,0.0,0.0,9.462357807652534,115.11243049806703,0.0,0.0
2023,10,12,21,9.1501,0.0,0.0,0.0,9.462357807652534,105.50486178494486,0.0,0.0
2023,10,12,22,9.1501,0.0,0.0,0.0,9.462357807652534,95.8972930718227,0.0,0.0
2023,10,12,23,9.1501,0.0,0.0,0.0,9.462357807652534,86.28972435870054,0.0,0.0
2023,10,13,0,9.1501,0.0,0.0,0.0,9.462357807652534,76.68215564557838,0.0,0.0
2023,10,13,1,9.1501,0.0,0.0,0.0,9.462357807652534,67.07458693245621,0.0,0.0
2023,10,13,2,9.1501,0.0,0.0,0.0,9.462357807652534,57.46701821933405,0.0,0.0
2023,10,13,3,9.1501,0.0,0.0,0.0,9.462357807652534,47.85944950621189,0.0,0.0
2023,10,13,4,9.1501,0.0,0.0,0.0,9.462357807652534,38.251880793089725,0.0,0.0
2023,10,13,5,9.1501,0.0,0.0,0.0,9.462357807652534,28.644312079967566,0.0,0.0
2023,10,13,6,9.1501,0.0,0.0,0.0,9.462357807652534,19.036743366845407,0.0,0.0
2023,10,13,7,9.1501,0.0,0.0,0.0,9.462357807652534,9.42917465372325,0.0,0.0
2023,10,13,8,9.1501,0.17569777237050277,0.17569777237050277,0.0,9.286660035282031,0.0,0.0,0.0
2023,10,13,9,9.1501,22.866548315866904,9.462357807652534,0.0,0.0,0.0,13.40419050821437,0.0
2023,10,13,10,9.1501,43.34309016934094,9.462357807652534,0.0,0.0,0.0,33.8807323616884,0.0
2023,10,13,11,9.1501,57.32312076305663,9.462357807652534,0.0,0.0,0.0,47.8607629554041,0.0
2023,10,13,12,9.1501,68.26202962030054,9.462357807652534,0.0,0.0,-0.0,58.799671812648,0.0
2023,10,13,13,9.1501,71.79751665746187,27.03060546179868,17.568247654146145,0.0,16.43758143238022,44.76691119566319,0.0
2023,10,13,14,9.1501,66.26303682779104,66.26303682779104,56.80067902013851,0.0,69.58265345028693,0.0,0.0
2023,10,13,15,9.1501,55.87964298613034,55.87964298613034,46.41728517847781,0.0,113.01259137077028,0.0,0.0
2023,10,13,16,9.1501,35.53831951629439,35.53831951629439,26.07596170864186,0.0,137.4103430675522,0.0,0.0
2023,10,13,17,9.1501,17.136561651254382,17.136561651254382,7.674203843601848,0.0,144.5906465953272,0.0,0.0
2023,10,13,18,9.1501,4.326988276418656,4.326988276418656,0.0,5.135369531233878,139.37646883524485,0.0,0.0
2023,10,13,19,9.1501,0.0,-0.0,0.0,9.462357807652534,129.7689001221227,0.0,0.0
2023,10,13,20,9.1501,0.0,-0.0,0.0,9.462357807652534,120.16133140900052,0.0,0.0
2023,10,13,21,9.1501,0.0,-0.0,0.0,9.462357807652534,110.55376269587836,0.0,0.0
2023,10,13,22,9.1501,0.0,-0.0,0.0,9.462357807652534,100.9461939827562,0.0,0.0
2023,10,13,23,9.1501,0.0,-0.0,0.0,9.462357807652534,91.33862526963404,0.0,0.0
2023,10,14,0,9.1501,0.0,-0.0,0.0,9.462357807652534,81.73105655651187,0.0,0.0
2023,10,14,1,9.1501,0.0,-0.0,0.0,9.462357807652534,72.12348784338971,0.0,0.0
2023,10,14,2,9.1501,0.0,-0.0,0.0,9.462357807652534,62.51591913026755,0.0,0.0
2023,10,14,3,9.1501,0.0,-0.0,0.0,9.462357807652534,52.908350417145385,0.0,0.0
2023,10,14,4,9.1501,0.0,-0.0,0.0,9.462357807652534,43.30078170402322,0.0,0.0
2023,10,14,5,9.1501,0.0,-0.0,0.0,9.462357807652534,33.69321299090106,0.0,0.0
2023,10,14,6,9.1501,0.0,-0.0,0.0,9.462357807652534,24.0856442777789,0.0,0.0
2023,10,14,7,9.1501,0.0,-0.0,0.0,9.462357807652534,14.478075564656741,0.0,0.0
2023,10,14,8,9.1501,0.0921552041355088,0.0921552041355088,0.0,9.370202603517026,4.964076284650673,0.0,0.0
2023,10,14,9,9.1501,10.58320699455263,10.58320699455263,1.1208491869000952,0.0,6.012789289259266,0.0,0.0
2023,10,14,10,9.1501,11.577105177472042,11.577105177472042,2.114747369819508,0.0,7.991434671806358,0.0,0.0
2023,10,14,11,9.1501,19.35776044999716,19.35776044999716,9.895402642344624,0.0,17.249983955823474,0.0,0.0
2023,10,14,12,9.1501,23.956908020872085,23.956908020872085,14.49455021321955,0.0,30.811686531167787,0.0,0.0
2023,10,14,13,9.1501,25.08516332383952,25.08516332383952,15.622805516186986,0.0,45.42903158060172,0.0,0.0
2023,10,14,14,9.1501,32.41107142081745,32.41107142081745,22.948713613164916,0.0,66.90080020607108,0.0,0.0
2023,10,14,15,9.1501,26.620796304901322,26.620796304901322,17.15843849724879,0.0,82.95494718779648,0.0,0.0
2023,10,14,16,9.1501,29.120183243230734,29.120183243230734,19.6578254355782,0.0,101.3476242915128,0.0,0.0
2023,10,14,17,9.1501,12.49951848241719,12.49951848241719,3.0371606747646567,0.0,104.1893178341744,0.0,0.0
2023,10,14,18,9.1501,7.756539892003667,7.756539892003667,0.0,1.7058179156488673,102.4573221551041,0.0,0.0
2023,10,14,19,9.1501,0.0,-0.0,0.0,9.462357807652534,92.84975344198193,0.0,0.0
2023,10,14,20,9.1501,0.0,-0.0,0.0,9.462357807652534,83.24218472885977,0.0,0.0
2023,10,14,21,9.1501,0.0,-0.0,0.0,9.462357807652534,73.6346160157376,0.0,0.0
2023,10,14,22,9.1501,0.0,-0.0,0.0,9.462357807652534,64.02704730261544,0.0,0.0
2023,10,14,23,9.1501,0.0,-0.0,0.0,9.462357807652534,54.41947858949328,0.0,0.0
2023,10,15,0,9.1501,0.0,-0.0,0.0,9.462357807652534,44.81190987637112,0.0,0.0
2023,10,15,1,9.1501,0.0,-0.0,0.0,9.462357807652534,35.204341163248955,0.0,0.0
2023,10,15,2,9.1501,0.0,-0.0,0.0,9.462357807652534,25.596772450126796,0.0,0.0
2023,10,15,3,9.1501,0.0,-0.0,0.0,9.462357807652534,15.989203737004637,0.0,0.0
2023,10,15,4,9.1501,0.0,-0.0,0.0,9.462357807652534,6.3816350238824775,0.0,0.0
2023,10,15,5,9.1501,0.0,-0.0,0.0,6.285181589318028,0.0,0.0,3.0723294031294675
2023,10,15,6,9.1501,0.0,-0.0,0.0,-0.0,0.0,0.0,9.1501
2023,10,15,7,9.1501,0.0,-0.0,0.0,-0.0,0.0,0.0,9.1501
2023,10,15,8,9.1501,0.24373759598457,0.24373759598457,0.0,-0.0,0.0,0.0,8.91440574468292
2023,10,15,9,9.1501,10.534114969919703,10.534114969919703,1.0717571622671687,0.0,1.0027804694764564,0.0,0.0
2023,10,15,10,9.1501,19.7866697178428,19.7866697178428,10.324311910190264,0.0,10.66263506043757,0.0,0.0
2023,10,15,11,9.1501,24.009445099865214,24.009445099865214,14.54708729221268,0.0,24.27349350671276,0.0,0.0
2023,10,15,12,9.1501,27.036786618896187,27.036786618896187,17.574428811243653,0.0,40.716858286136855,0.0,0.0
2023,10,15,13,9.1501,31.027882095194762,31.027882095194762,21.565524287542228,0.0,60.8944575884093,0.0,0.0
2023,10,15,14,9.1501,47.460791393377086,47.460791393377086,37.99843358572455,0.0,96.44736865070476,0.0,0.0
2023,10,15,15,9.1501,45.78391118354685,45.78391118354685,36.32155337589432,0.0,130.43132101296015,0.0,0.0
2023,10,15,16,9.1501,23.91556736854961,23.91556736854961,14.453209560897076,0.0,143.9543435587195,0.0,0.0
2023,10,15,17,9.1501,9.332652261797882,9.332652261797882,0.0,0.1297055458546516,143.82264753013942,0.0,0.0
2023,10,15,18,9.1501,2.1411012848679896,2.1411012848679896,0.0,7.3212565227845445,136.3890377957706,0.0,0.0
2023,10,15,19,9.1501,0.0,-0.0,0.0,9.462357807652534,126.78146908264844,0.0,0.0
2023,10,15,20,9.1501,0.0,-0.0,0.0,9.462357807652534,117.17390036952628,0.0,0.0
2023,10,15,21,9.1501,0.0,-0.0,0.0,9.462357807652534,107.56633165640412,0.0,0.0
2023,10,15,22,9.1501,0.0,-0.0,0.0,9.462357807652534,97.95876294328195,0.0,0.0
2023,10,15,23,9.1501,0.0,-0.0,0.0,9.462357807652534,88.35119423015979,0.0,0.0
2023,10,16,0,9.1501,0.0,-0.0,0.0,9.462357807652534,78.74362551703763,0.0,0.0
2023,10,16,1,9.1501,0.0,-0.0,0.0,9.462357807652534,69.13605680391547,0.0,0.0
2023,10,16,2,9.1501,0.0,-0.0,0.0,9.462357807652534,59.5284880907933,0.0,0.0
2023,10,16,3,9.1501,0.0,-0.0,0.0,9.462357807652534,49.92091937767114,0.0,0.0
2023,10,16,4,9.1501,0.0,-0.0,0.0,9.462357807652534,40.31335066454898,0.0,0.0
2023,10,16,5,9.1501,0.0,-0.0,0.0,9.462357807652534,30.705781951426818,0.0,0.0
2023,10,16,6,9.1501,0.0,-0.0,0.0,9.462357807652534,21.09821323830466,0.0,0.0
2023,10,16,7,9.1501,0.0,-0.0,0.0,9.462357807652534,11.4906445251825,0.0,0.0
2023,10,16,8,9.1501,0.0,-0.0,0.0,9.462357807652534,1.8830758120603406,0.0,0.0
2023,10,16,9,9.1501,1.19543386299146,1.19543386299146,0.0,1.8546145902984197,0.0,0.0,6.200703145668687
2023,10,16,10,9.1501,6.152005823737751,6.152005823737751,0.0,-0.0,0.0,0.0,3.2011103684455953
2023,10,16,11,9.1501,25.664793719944175,9.462357807652534,0.0,0.0,0.0,16.20243591229164,0.0
2023,10,16,12,9.1501,50.60784855142521,9.462357807652534,0.0,0.0,0.0,41.14549074377267,0.0
2023,10,16,13,9.1501,59.22651329707041,42.904865802700506,33.44250799504797,0.0,31.290198048972393,16.321647494369905,0.0
2023,10,16,14,9.1501,56.27065665601371,56.27065665601371,46.808298848361176,0.0,75.08598458261352,0.0,0.0
2023,10,16,15,9.1501,51.25035118960361,51.25035118960361,41.78799338195108,0.0,114.18456502353064,0.0,0.0
2023,10,16,16,9.1501,26.90931960756857,26.90931960756857,17.44696179991604,0.0,130.5086663784011,0.0,0.0
2023,10,16,17,9.1501,17.754087645321295,17.754087645321295,8.291729837668761,0.0,138.2667528481015,0.0,0.0
2023,10,16,18,9.1501,5.677449585619384,5.677449585619384,0.0,3.78490822203315,134.42376079947744,0.0,0.0
2023,10,16,19,9.1501,0.0,0.0,0.0,9.462357807652534,124.81619208635527,0.0,0.0
2023,10,16,20,9.1501,0.0,0.0,0.0,9.462357807652534,115.20862337323311,0.0,0.0
2023,10,16,21,9.1501,0.0,0.0,0.0,9.462357807652534,105.60105466011095,0.0,0.0
2023,10,16,22,9.1501,0.0,0.0,0.0,9.462357807652534,95.99348594698878,0.0,0.0
2023,10,16,23,9.1501,0.0,0.0,0.0,9.462357807652534,86.38591723386662,0.0,0.0
2023,10,17,0,9.1501,0.0,0.0,0.0,9.462357807652534,76.77834852074446,0.0,0.0
2023,10,17,1,9.1501,0.0,0.0,0.0,9.462357807652534,67.1707798076223,0.0,0.0
2023,10,17,2,9.1501,0.0,0.0,0.0,9.462357807652534,57.56321109450013,0.0,0.0
2023,10,17,3,9.1501,0.0,0.0,0.0,9.462357807652534,47.95564238137797,0.0,0.0
2023,10,17,4,9.1501,0.0,0.0,0.0,9.462357807652534,38.34807366825581,0.0,0.0
2023,10,17,5,9.1501,0.0,0.0,0.0,9.462357807652534,28.74050495513365,0.0,0.0
2023,10,17,6,9.1501,0.0,0.0,0.0,9.462357807652534,19.13293624201149,0.0,0.0
2023,10,17,7,9.1501,0.0,0.0,0.0,9.462357807652534,9.525367528889328,0.0,0.0
2023,10,17,8,9.1501,0.08095877746483951,0.08095877746483951,0.0,9.381399030187694,0.0,0.0,0.0
2023,10,17,9,9.1501,10.116402128744733,9.462357807652534,0.0,0.0,0.0,0.6540443210921989,0.0
2023,10,17,10,9.1501,16.311471131985048,9.462357807652534,0.0,0.0,0.0,6.849113324332514,0.0
2023,10,17,11,9.1501,24.454718375921832,9.462357807652534,0.0,0.0,0.0,14.992360568269298,0.0
2023,10,17,12,9.1501,33.482483326841496,9.462357807652534,0.0,0.0,0.0,24.020125519188962,0.0
2023,10,17,13,9.1501,59.74413271469135,9.462357807652534,0.0,0.0,0.0,50.28177490703881,0.0
2023,10,17,14,9.1501,61.95413508676346,54.305962095139144,44.843604287486606,0.0,41.95753678500962,7.648172991624314,0.0
2023,10,17,15,9.1501,57.30072790971529,57.30072790971529,47.83837010206276,0.0,86.7171007224761,0.0,0.0
2023,10,17,16,9.1501,47.9344863679054,47.9344863679054,38.47212856025286,0.0,122.71322045709927,0.0,0.0
2023,10,17,17,9.1501,31.84263745138347,31.84263745138347,22.380279643730937,0.0,143.65313867577538,0.0,0.0
2023,10,17,18,9.1501,10.464352619125533,10.464352619125533,1.0019948114729988,0.0,144.5906465953272,0.0,0.0
2023,10,17,19,9.1501,0.0,-0.0,0.0,9.462357807652534,134.98307788220504,0.0,0.0
2023,10,17,20,9.1501,0.0,-0.0,0.0,9.462357807652534,125.37550916908287,0.0,0.0
2023,10,17,21,9.1501,0.0,-0.0,0.0,9.462357807652534,115.76794045596071,0.0,0.0
2023,10,17,22,9.1501,0.0,-0.0,0.0,9.462357807652534,106.16037174283855,0.0,0.0
2023,10,17,23,9.1501,0.0,-0.0,0.0,9.462357807652534,96.55280302971639,0.0,0.0
2023,10,18,0,9.1501,0.0,-0.0,0.0,9.462357807652534,86.94523431659422,0.0,0.0
2023,10,18,1,9.1501,0.0,-0.0,0.0,9.462357807652534,77.33766560347206,0.0,0.0
2023,10,18,2,9.1501,0.0,-0.0,0.0,9.462357807652534,67.7300968903499,0.0,0.0
2023,10,18,3,9.1501,0.0,-0.0,0.0,9.462357807652534,58.122528177227736,0.0,0.0
2023,10,18,4,9.1501,0.0,-0.0,0.0,9.462357807652534,48.51495946410557,0.0,0.0
2023,10,18,5,9.1501,0.0,-0.0,0.0,9.462357807652534,38.90739075098341,0.0,0.0
2023,10,18,6,9.1501,0.0,-0.0,0.0,9.462357807652534,29.29982203786125,0.0,0.0
2023,10,18,7,9.1501,0.0,-0.0,0.0,9.462357807652534,19.69225332473909,0.0,0.0
2023,10,18,8,9.1501,0.0,-0.0,0.0,9.462357807652534,10.084684611616932,0.0,0.0
2023,10,18,9,9.1501,0.36689828936193225,0.36689828936193225,0.0,9.095459518290602,0.8496446695925136,0.0,0.0
2023,10,18,10,9.1501,2.90159703488345,2.90159703488345,0.0,0.8368029532870701,0.0,0.0,5.535067211439107
2023,10,18,11,9.1501,16.3657307381583,16.3657307381583,6.903372930505768,0.0,6.459082142805378,0.0,0.0
2023,10,18,12,9.1501,22.19217892485659,22.19217892485659,12.729821117204057,0.0,18.369630955241554,0.0,0.0
2023,10,18,13,9.1501,20.871861841307666,20.871861841307666,11.409504033655132,0.0,29.04483632280796,0.0,0.0
2023,10,18,14,9.1501,37.73023535297541,37.73023535297541,28.26787754532288,0.0,55.49343542154263,0.0,0.0
2023,10,18,15,9.1501,29.861731194265058,29.861731194265058,20.399373386612524,0.0,74.57993555593923,0.0,0.0
2023,10,18,16,9.1501,33.37224158731491,33.37224158731491,23.909883779662376,0.0,96.95101486925898,0.0,0.0
2023,10,18,17,9.1501,26.923099825009395,26.923099825009395,17.46074201735686,0.0,113.28800956732442,0.0,0.0
2023,10,18,18,9.1501,6.066740728322655,6.066740728322655,0.0,3.395617079329879,109.8402827875646,0.0,0.0
2023,10,18,19,9.1501,0.0,-0.0,0.0,9.462357807652534,100.23271407444244,0.0,0.0
2023,10,18,20,9.1501,0.0,-0.0,0.0,9.462357807652534,90.62514536132028,0.0,0.0
2023,10,18,21,9.1501,0.0,-0.0,0.0,9.462357807652534,81.01757664819812,0.0,0.0
2023,10,18,22,9.1501,0.0,-0.0,0.0,9.462357807652534,71.41000793507595,0.0,0.0
2023,10,18,23,9.1501,0.0,-0.0,0.0,9.462357807652534,61.80243922195379,0.0,0.0
2023,10,19,0,9.1501,0.0,-0.0,0.0,9.462357807652534,52.19487050883163,0.0,0.0
2023,10,19,1,9.1501,0.0,-0.0,0.0,9.462357807652534,42.587301795709465,0.0,0.0
2023,10,19,2,9.1501,0.0,-0.0,0.0,9.462357807652534,32.9797330825873,0.0,0.0
2023,10,19,3,9.1501,0.0,-0.0,0.0,9.462357807652534,23.372164369465143,0.0,0.0
2023,10,19,4,9.1501,0.0,-0.0,0.0,9.462357807652534,13.764595656342983,0.0,0.0
2023,10,19,5,9.1501,0.0,-0.0,0.0,9.462357807652534,4.157026943220824,0.0,0.0
2023,10,19,6,9.1501,0.0,-0.0,0.0,4.094196724201705,-0.0,0.0,5.191011767696952
2023,10,19,7,9.1501,0.0,-0.0,0.0,0.0,-0.0,0.0,9.1501
2023,10,19,8,9.1501,0.07492993233447912,0.07492993233447912,0.0,0.0,-0.0,0.0,9.077642755432558
2023,10,19,9,9.1501,2.383977617262508,2.383977617262508,0.0,0.0,-0.0,0.0,6.844793644107155
2023,10,19,10,9.1501,4.764510180164811,4.764510180164811,0.0,0.0,-0.0,0.0,4.5428186557806285
2023,10,19,11,9.1501,8.022670341329574,8.022670341329574,0.0,0.0,0.0,0.0,1.3921777799343023
2023,10,19,12,9.1501,18.299267497823884,18.299267497823884,8.83690969017135,0.0,8.26817935985211,0.0,0.0
2023,10,19,13,9.1501,11.961228738635013,11.961228738635013,2.4988709309824793,0.0,10.606226683959498,0.0,0.0
2023,10,19,14,9.1501,16.165056321676307,16.165056321676307,6.702698514023773,0.0,16.877549516487868,0.0,0.0
2023,10,19,15,9.1501,32.848593324563595,32.848593324563595,23.38623551691106,0.0,38.75868178839808,0.0,0.0
2023,10,19,16,9.1501,11.088768721912858,11.088768721912858,1.6264109142603245,0.0,40.2804193214728,0.0,0.0
2023,10,19,17,9.1501,2.3546946552007575,2.3546946552007575,0.0,7.107663152451776,33.06368079656936,0.0,0.0
2023,10,19,18,9.1501,0.273881821636372,0.273881821636372,0.0,9.188475986016162,23.734196940745495,0.0,0.0
2023,10,19,19,9.1501,0.0,-0.0,0.0,9.462357807652534,14.126628227623335,0.0,0.0
2023,10,19,20,9.1501,0.0,-0.0,0.0,9.462357807652534,4.519059514501176,0.0,0.0
2023,10,19,21,9.1501,0.0,-0.0,0.0,4.450757455617583,0.0,0.0,4.846217540417798
2023,10,19,22,9.1501,0.0,-0.0,0.0,-0.0,0.0,0.0,9.1501
2023,10,19,23,9.1501,0.0,-0.0,0.0,-0.0,0.0,0.0,9.1501
2023,10,20,0,9.1501,0.0,-0.0,0.0,-0.0,0.0,0.0,9.1501
2023,10,20,1,9.1501,0.0,-0.0,0.0,-0.0,0.0,0.0,9.1501
2023,10,20,2,9.1501,0.0,-0.0,0.0,-0.0,0.0,0.0,9.1501
2023,10,20,3,9.1501,0.0,-0.0,0.0,-0.0,0.0,0.0,9.1501
2023,10,20,4,9.1501,0.0,-0.0,0.0,-0.0,0.0,0.0,9.1501
2023,10,20,5,9.1501,0.0,-0.0,0.0,-0.0,0.0,0.0,9.1501
2023,10,20,6,9.1501,0.0,-0.0,0.0,-0.0,0.0,0.0,9.1501
2023,10,20,7,9.1501,0.0,-0.0,0.0,-0.0,0.0,0.0,9.1501
2023,10,20,8,9.1501,0.0163640082109782,0.0163640082109782,0.0,-0.0,0.0,0.0,9.134276004059984
2023,10,20,9,9.1501,2.981694548758238,2.981694548758238,0.0,-0.0,0.0,0.0,6.266801371350784
2023,10,20,10,9.1501,8.14152471675668,8.14152471675668,0.0,-0.0,0.0,0.0,1.2772455988962914
2023,10,20,11,9.1501,22.123277837652473,22.123277837652473,12.66092002999994,0.0,11.84608209646124,0.0,0.0
2023,10,20,12,9.1501,13.47446886635546,13.47446886635546,4.012111058702926,0.0,15.59997967016822,0.0,0.0
2023,10,20,13,9.1501,28.944485470860226,28.944485470860226,19.48212766320769,0.0,33.82826664814844,0.0,0.0
2023,10,20,14,9.1501,26.210834836036817,26.210834836036817,16.748477028384283,0.0,49.49883666982295,0.0,0.0
2023,10,20,15,9.1501,8.099322800844156,8.099322800844156,0.0,1.3630350068083779,48.114884302717186,0.0,0.0
2023,10,20,16,9.1501,3.3038071314374933,3.3038071314374933,0.0,6.15855067621504,41.86182349084119,0.0,0.0
2023,10,20,17,9.1501,1.9076988519640374,1.9076988519640374,0.0,7.554658955688497,34.19122949129052,0.0,0.0
2023,10,20,18,9.1501,1.8680807268216693,1.8680807268216693,0.0,7.594277080830865,26.480409380306767,0.0,0.0
2023,10,20,19,9.1501,0.0,-0.0,0.0,9.462357807652534,16.872840667184608,0.0,0.0
2023,10,20,20,9.1501,0.0,-0.0,0.0,9.462357807652534,7.265271954062449,0.0,0.0
2023,10,20,21,9.1501,0.0,-0.0,0.0,7.155463036693839,0.0,0.0,2.230767243517058
2023,10,20,22,9.1501,0.0,-0.0,0.0,-0.0,0.0,0.0,9.1501
2023,10,20,23,9.1501,0.0,-0.0,0.0,-0.0,0.0,0.0,9.1501
2023,10,21,0,9.1501,0.0,-0.0,0.0,-0.0,0.0,0.0,9.1501
2023,10,21,1,9.1501,0.0,-0.0,0.0,-0.0,0.0,0.0,9.1501
2023,10,21,2,9.1501,0.0,-0.0,0.0,-0.0,0.0,0.0,9.1501
2023,10,21,3,9.1501,0.0,-0.0,0.0,-0.0,0.0,0.0,9.1501
2023,10,21,4,9.1501,0.0,-0.0,0.0,-0.0,0.0,0.0,9.1501
2023,10,21,5,9.1501,0.0,-0.0,0.0,-0.0,0.0,0.0,9.1501
2023,10,21,6,9.1501,0.0,-0.0,0.0,-0.0,0.0,0.0,9.1501
2023,10,21,7,9.1501,0.0,-0.0,0.0,-0.0,0.0,0.0,9.1501
2023,10,21,8,9.1501,0.0,-0.0,0.0,-0.0,0.0,0.0,9.1501
2023,10,21,9,9.1501,15.07728040744128,9.462357807652534,0.0,0.0,0.0,5.614922599788747,0.0
2023,10,21,10,9.1501,24.75443810525976,9.462357807652534,0.0,0.0,0.0,15.292080297607225,0.0
2023,10,21,11,9.1501,51.14010945007703,9.462357807652534,0.0,0.0,0.0,41.6777516424245,0.0
2023,10,21,12,9.1501,59.620972021313996,9.462357807652534,0.0,0.0,0.0,50.158614213661465,0.0
2023,10,21,13,9.1501,60.200602417418644,30.114794463751902,20.65243665609937,0.0,19.32327662921979,30.08580795366674,0.0
2023,10,21,14,9.1501,64.54998354717864,64.54998354717864,55.08762573952611,0.0,70.86554492119957,0.0,0.0
2023,10,21,15,9.1501,51.07293089005301,51.07293089005301,41.61057308240048,0.0,109.79812356848123,0.0,0.0
2023,10,21,16,9.1501,25.135977875652564,25.135977875652564,15.67362006800003,0.0,124.46301282094669,0.0,0.0
2023,10,21,17,9.1501,20.3387396790658,20.3387396790658,10.876381871413265,0.0,134.639406973657,0.0,0.0
2023,10,21,18,9.1501,9.33092973461778,9.33092973461778,0.0,0.13142807303475473,134.50596198371025,0.0,0.0
2023,10,21,19,9.1501,0.0,0.0,0.0,9.462357807652534,124.8983932705881,0.0,0.0
2023,10,21,20,9.1501,0.0,0.0,0.0,9.462357807652534,115.29082455746594,0.0,0.0
2023,10,21,21,9.1501,0.0,0.0,0.0,9.462357807652534,105.68325584434378,0.0,0.0
2023,10,21,22,9.1501,0.0,0.0,0.0,9.462357807652534,96.07568713122161,0.0,0.0
2023,10,21,23,9.1501,0.0,0.0,0.0,9.462357807652534,86.46811841809945,0.0,0.0
2023,10,22,0,9.1501,0.0,0.0,0.0,9.462357807652534,76.86054970497729,0.0,0.0
2023,10,22,1,9.1501,0.0,0.0,0.0,9.462357807652534,67.25298099185513,0.0,0.0
2023,10,22,2,9.1501,0.0,0.0,0.0,9.462357807652534,57.64541227873296,0.0,0.0
2023,10,22,3,9.1501,0.0,0.0,0.0,9.462357807652534,48.0378435656108,0.0,0.0
2023,10,22,4,9.1501,0.0,0.0,0.0,9.462357807652534,38.43027485248864,0.0,0.0
2023,10,22,5,9.1501,0.0,0.0,0.0,9.462357807652534,28.822706139366478,0.0,0.0
2023,10,22,6,9.1501,0.0,0.0,0.0,9.462357807652534,19.21513742624432,0.0,0.0
2023,10,22,7,9.1501,0.0,0.0,0.0,9.462357807652534,9.60756871312216,0.0,0.0
2023,10,22,8,9.1501,0.0,0.0,0.0,9.462357807652534,0.0,0.0,0.0
2023,10,22,9,9.1501,9.517823933658951,9.462357807652534,0.0,0.0,0.0,0.05546612600641687,0.0
2023,10,22,10,9.1501,22.664151372204806,9.462357807652534,0.0,0.0,0.0,13.201793564552272,0.0
2023,10,22,11,9.1501,28.196908674695532,9.462357807652534,0.0,0.0,0.0,18.734550867042998,0.0
2023,10,22,12,9.1501,36.514131163822725,9.462357807652534,0.0,0.0,0.0,27.05177335617019,0.0
2023,10,22,13,9.1501,47.661465809859074,9.462357807652534,0.0,0.0,0.0,38.19910800220654,0.0
2023,10,22,14,9.1501,55.8486374968885,51.34838292690234,41.8860251192498,0.0,39.190303001785345,4.500254569986161,0.0
2023,10,22,15,9.1501,58.315296418795945,58.315296418795945,48.852938611143415,0.0,84.89913933198281,0.0,0.0
2023,10,22,16,9.1501,48.129993202847096,48.129993202847096,38.667635395194566,0.0,121.07818337318487,0.0,0.0
2023,10,22,17,9.1501,32.641028799361195,32.641028799361195,23.17867099170866,0.0,142.76510966322058,0.0,0.0
2023,10,22,18,9.1501,11.413465095362268,11.413465095362268,1.9511072877097337,0.0,144.5906465953272,0.0,0.0
2023,10,22,19,9.1501,0.0,-0.0,0.0,9.462357807652534,134.98307788220504,0.0,0.0
2023,10,22,20,9.1501,0.0,-0.0,0.0,9.462357807652534,125.37550916908287,0.0,0.0
2023,10,22,21,9.1501,0.0,-0.0,0.0,9.462357807652534,115.76794045596071,0.0,0.0
2023,10,22,22,9.1501,0.0,-0.0,0.0,9.462357807652534,106.16037174283855,0.0,0.0
2023,10,22,23,9.1501,0.0,-0.0,0.0,9.462357807652534,96.55280302971639,0.0,0.0
2023,10,23,0,9.1501,0.0,-0.0,0.0,9.462357807652534,86.94523431659422,0.0,0.0
2023,10,23,1,9.1501,0.0,-0.0,0.0,9.462357807652534,77.33766560347206,0.0,0.0
2023,10,23,2,9.1501,0.0,-0.0,0.0,9.462357807652534,67.7300968903499,0.0,0.0
2023,10,23,3,9.1501,0.0,-0.0,0.0,9.462357807652534,58.122528177227736,0.0,0.0
2023,10,23,4,9.1501,0.0,-0.0,0.0,9.462357807652534,48.51495946410557,0.0,0.0
2023,10,23,5,9.1501,0.0,-0.0,0.0,9.462357807652534,38.90739075098341,0.0,0.0
2023,10,23,6,9.1501,0.0,-0.0,0.0,9.462357807652534,29.29982203786125,0.0,0.0
2023,10,23,7,9.1501,0.0,-0.0,0.0,9.462357807652534,19.69225332473909,0.0,0.0
2023,10,23,8,9.1501,0.0,-0.0,0.0,9.462357807652534,10.084684611616932,0.0,0.0
2023,10,23,9,9.1501,0.4004875693739401,0.4004875693739401,0.0,9.061870238278594,0.8837494162423047,0.0,0.0
2023,10,23,10,9.1501,4.3812478825919,4.3812478825919,0.0,0.8703922332990776,0.0,0.0,4.0717640079334245
2023,10,23,11,9.1501,48.24109620596373,9.462357807652534,0.0,0.0,0.0,38.77873839831119,0.0
2023,10,23,12,9.1501,64.92377194526098,9.462357807652534,0.0,0.0,-0.0,55.46141413760844,0.0
2023,10,23,13,9.1501,56.6349711546055,39.94309854748916,30.480740739836623,0.0,28.519045717806108,16.691872607116345,0.0
2023,10,23,14,9.1501,49.68801903725022,49.68801903725022,40.22566122959769,0.0,66.15584337399149,0.0,0.0
2023,10,23,15,9.1501,49.239300706833404,49.239300706833404,39.776942899180874,0.0,103.37280154239008,0.0,0.0
2023,10,23,16,9.1501,39.8144932409,39.8144932409,30.352135433247465,0.0,131.77151879936665,0.0,0.0
2023,10,23,17,9.1501,18.238117782930228,18.238117782930228,8.775759975277694,0.0,139.98248394879099,0.0,0.0
2023,10,23,18,9.1501,4.068609199403211,4.068609199403211,0.0,5.393748608249323,134.50596198371025,0.0,0.0
2023,10,23,19,9.1501,0.0,0.0,0.0,9.462357807652534,124.8983932705881,0.0,0.0
2023,10,23,20,9.1501,0.0,0.0,0.0,9.462357807652534,115.29082455746594,0.0,0.0
2023,10,23,21,9.1501,0.0,0.0,0.0,9.462357807652534,105.68325584434378,0.0,0.0
2023,10,23,22,9.1501,0.0,0.0,0.0,9.462357807652534,96.07568713122161,0.0,0.0
2023,10,23,23,9.1501,0.0,0.0,0.0,9.462357807652534,86.46811841809945,0.0,0.0
2023,10,24,0,9.1501,0.0,0.0,0.0,9.462357807652534,76.86054970497729,0.0,0.0
2023,10,24,1,9.1501,0.0,0.0,0.0,9.462357807652534,67.25298099185513,0.0,0.0
2023,10,24,2,9.1501,0.0,0.0,0.0,9.462357807652534,57.64541227873296,0.0,0.0
2023,10,24,3,9.1501,0.0,0.0,0.0,9.462357807652534,48.0378435656108,0.0,0.0
2023,10,24,4,9.1501,0.0,0.0,0.0,9.462357807652534,38.43027485248864,0.0,0.0
2023,10,24,5,9.1501,0.0,0.0,0.0,9.462357807652534,28.822706139366478,0.0,0.0
2023,10,24,6,9.1501,0.0,0.0,0.0,9.462357807652534,19.21513742624432,0.0,0.0
2023,10,24,7,9.1501,0.0,0.0,0.0,9.462357807652534,9.60756871312216,0.0,0.0
2023,10,24,8,9.1501,0.0,0.0,0.0,9.462357807652534,0.0,0.0,0.0
2023,10,24,9,9.1501,17.05474161019949,9.462357807652534,0.0,0.0,0.0,7.592383802546955,0.0
2023,10,24,10,9.1501,41.24419080038547,9.462357807652534,0.0,0.0,0.0,31.781832992732934,0.0
2023,10,24,11,9.1501,58.58831697684226,9.462357807652534,0.0,0.0,0.0,49.12595916918973,0.0
2023,10,24,12,9.1501,68.41791833009985,37.74093421143581,28.278576403783273,0.0,26.45860939461837,30.676984118664045,0.0
2023,10,24,13,9.1501,56.188836614958824,56.188836614958824,46.72647880730629,0.0,70.17784170303926,0.0,0.0
2023,10,24,14,9.1501,35.87162852564431,35.87162852564431,26.409270717991777,0.0,94.88745113834995,0.0,0.0
2023,10,24,15,9.1501,37.09376155992737,37.09376155992737,27.63140375227484,0.0,120.74053894826612,0.0,0.0
2023,10,24,16,9.1501,34.10000932090841,34.10000932090841,24.63765151325588,0.0,143.79254794907118,0.0,0.0
2023,10,24,17,9.1501,10.315354018046627,10.315354018046627,0.8529962103940926,0.0,144.5906465953272,0.0,0.0
2023,10,24,18,9.1501,2.2978512582573596,2.2978512582573596,0.0,7.164506549395174,137.3161923453241,0.0,0.0
2023,10,24,19,9.1501,0.0,-0.0,0.0,9.462357807652534,127.70862363220195,0.0,0.0
2023,10,24,20,9.1501,0.0,-0.0,0.0,9.462357807652534,118.10105491907979,0.0,0.0
2023,10,24,21,9.1501,0.0,-0.0,0.0,9.462357807652534,108.49348620595762,0.0,0.0
2023,10,24,22,9.1501,0.0,-0.0,0.0,9.462357807652534,98.88591749283546,0.0,0.0
2023,10,24,23,9.1501,0.0,-0.0,0.0,9.462357807652534,89.2783487797133,0.0,0.0
2023,10,25,0,9.1501,0.0,-0.0,0.0,9.462357807652534,79.67078006659113,0.0,0.0
2023,10,25,1,9.1501,0.0,-0.0,0.0,9.462357807652534,70.06321135346897,0.0,0.0
2023,10,25,2,9.1501,0.0,-0.0,0.0,9.462357807652534,60.45564264034681,0.0,0.0
2023,10,25,3,9.1501,0.0,-0.0,0.0,9.462357807652534,50.84807392722465,0.0,0.0
2023,10,25,4,9.1501,0.0,-0.0,0.0,9.462357807652534,41.240505214102484,0.0,0.0
2023,10,25,5,9.1501,0.0,-0.0,0.0,9.462357807652534,31.632936500980325,0.0,0.0
2023,10,25,6,9.1501,0.0,-0.0,0.0,9.462357807652534,22.025367787858166,0.0,0.0
2023,10,25,7,9.1501,0.0,-0.0,0.0,9.462357807652534,12.417799074736006,0.0,0.0
2023,10,25,8,9.1501,0.0,-0.0,0.0,9.462357807652534,2.810230361613847,0.0,0.0
2023,10,25,9,9.1501,6.00042343188869,6.00042343188869,0.0,2.767755922182497,0.0,0.0,0.6712705646131624
2023,10,25,10,9.1501,19.252686292010875,19.252686292010875,9.79032848435834,0.0,9.16023754215533,0.0,0.0
2023,10,25,11,9.1501,18.833250923655793,18.833250923655793,9.37089311600326,0.0,17.928033950813212,0.0,0.0
2023,10,25,12,9.1501,11.213651942470316,11.213651942470316,1.7512941348177817,0.0,19.5666174065925,0.0,0.0
2023,10,25,13,9.1501,10.851921234648701,10.851921234648701,1.3895634269961672,0.0,20.866750603503363,0.0,0.0
2023,10,25,14,9.1501,13.812945457245702,13.812945457245702,4.350587649593169,0.0,24.93734091943724,0.0,0.0
2023,10,25,15,9.1501,13.726819098240554,13.726819098240554,4.26446129058802,0.0,28.927347840402444,0.0,0.0
2023,10,25,16,9.1501,5.14691121414767,5.14691121414767,0.0,4.3154465935048645,24.54567569084834,0.0,0.0
2023,10,25,17,9.1501,1.8939186345232135,1.8939186345232135,0.0,7.56843917312932,16.861090000364428,0.0,0.0
2023,10,25,18,9.1501,0.0,-0.0,0.0,9.462357807652534,7.253521287242268,0.0,0.0
2023,10,25,19,9.1501,0.0,-0.0,0.0,7.143889972035015,-0.0,0.0,2.241958397042141
2023,10,25,20,9.1501,0.0,-0.0,0.0,0.0,-0.0,0.0,9.1501
2023,10,25,21,9.1501,0.0,-0.0,0.0,0.0,-0.0,0.0,9.1501
2023,10,25,22,9.1501,0.0,-0.0,0.0,0.0,-0.0,0.0,9.1501
2023,10,25,23,9.1501,0.0,-0.0,0.0,0.0,-0.0,0.0,9.1501
2023,10,26,0,9.1501,0.0,-0.0,0.0,0.0,-0.0,0.0,9.1501
2023,10,26,1,9.1501,0.0,-0.0,0.0,0.0,-0.0,0.0,9.1501
2023,10,26,2,9.1501,0.0,-0.0,0.0,0.0,-0.0,0.0,9.1501
2023,10,26,3,9.1501,0.0,-0.0,0.0,0.0,-0.0,0.0,9.1501
2023,10,26,4,9.1501,0.0,-0.0,0.0,0.0,-0.0,0.0,9.1501
2023,10,26,5,9.1501,0.0,-0.0,0.0,0.0,-0.0,0.0,9.1501
2023,10,26,6,9.1501,0.0,-0.0,0.0,0.0,-0.0,0.0,9.1501
2023,10,26,7,9.1501,0.0,-0.0,0.0,0.0,-0.0,0.0,9.1501
2023,10,26,8,9.1501,0.0,-0.0,0.0,0.0,-0.0,0.0,9.1501
2023,10,26,9,9.1501,0.22651232418354034,0.22651232418354034,0.0,0.0,-0.0,0.0,8.931062582514517
2023,10,26,10,9.1501,1.0395451531921414,1.0395451531921414,0.0,0.0,-0.0,0.0,8.1448598368632
2023,10,26,11,9.1501,3.5449609366519,3.5449609366519,0.0,0.0,-0.0,0.0,5.722122774257612
2023,10,26,12,9.1501,2.7904940317668085,2.7904940317668085,0.0,0.0,-0.0,0.0,6.451692271281496
2023,10,26,13,9.1501,3.2409348893637344,3.2409348893637344,0.0,0.0,-0.0,0.0,6.016115961985269
2023,10,26,14,9.1501,2.6423566942779533,2.6423566942779533,0.0,0.0,-0.0,0.0,6.594941076633219
2023,10,26,15,9.1501,3.486395012528399,3.486395012528399,0.0,0.0,-0.0,0.0,5.778756022885038
2023,10,26,16,9.1501,1.4365876682058756,1.4365876682058756,0.0,0.0,0.0,0.0,7.760919724844919
2023,10,26,17,9.1501,0.3091936288284828,0.3091936288284828,0.0,-0.0,0.0,0.0,8.851109760922856
2023,10,26,18,9.1501,0.0,-0.0,0.0,-0.0,0.0,0.0,9.1501
2023,10,26,19,9.1501,0.0,-0.0,0.0,-0.0,0.0,0.0,9.1501
2023,10,26,20,9.1501,0.0,-0.0,0.0,-0.0,0.0,0.0,9.1501
2023,10,26,21,9.1501,0.0,-0.0,0.0,-0.0,0.0,0.0,9.1501
2023,10,26,22,9.1501,0.0,-0.0,0.0,-0.0,0.0,0.0,9.1501
2023,10,26,23,9.1501,0.0,-0.0,0.0,-0.0,0.0,0.0,9.1501
2023,10,27,0,9.1501,0.0,-0.0,0.0,-0.0,0.0,0.0,9.1501
2023,10,27,1,9.1501,0.0,-0.0,0.0,-0.0,0.0,0.0,9.1501
2023,10,27,2,9.1501,0.0,-0.0,0.0,-0.0,0.0,0.0,9.1501
2023,10,27,3,9.1501,0.0,-0.0,0.0,-0.0,0.0,0.0,9.1501
2023,10,27,4,9.1501,0.0,-0.0,0.0,-0.0,0.0,0.0,9.1501
2023,10,27,5,9.1501,0.0,-0.0,0.0,-0.0,0.0,0.0,9.1501
2023,10,27,6,9.1501,0.0,-0.0,0.0,-0.0,0.0,0.0,9.1501
2023,10,27,7,9.1501,0.0,-0.0,0.0,-0.0,0.0,0.0,9.1501
2023,10,27,8,9.1501,0.0,-0.0,0.0,-0.0,0.0,0.0,9.1501
2023,10,27,9,9.1501,15.930792625182303,9.462357807652534,0.0,0.0,0.0,6.468434817529769,0.0
2023,10,27,10,9.1501,30.64461979762186,9.462357807652534,0.0,0.0,0.0,21.182261989969327,0.0
2023,10,27,11,9.1501,30.630839580181025,9.462357807652534,0.0,0.0,0.0,21.16848177252849,0.0
2023,10,27,12,9.1501,34.95524406582953,9.462357807652534,0.0,0.0,0.0,25.492886258177,0.0
2023,10,27,13,9.1501,20.169070751825657,17.076237129828776,7.613879322176239,0.0,7.123861402594201,3.0928336219968813,0.0
2023,10,27,14,9.1501,48.52875824504093,48.52875824504093,39.0664004373884,0.0,43.676006562501236,0.0,0.0
2023,10,27,15,9.1501,57.21804660507035,57.21804660507035,47.75568879741782,0.0,88.35821044079779,0.0,0.0
2023,10,27,16,9.1501,44.56005562208368,44.56005562208368,35.09769781443115,0.0,121.19707276054831,0.0,0.0
2023,10,27,17,9.1501,24.10504535836094,24.10504535836094,14.642687550708406,0.0,134.89737877523874,0.0,0.0
2023,10,27,18,9.1501,9.076856975552591,9.076856975552591,0.0,0.385500832099943,134.50596198371025,0.0,0.0
2023,10,27,19,9.1501,0.0,0.0,0.0,9.462357807652534,124.8983932705881,0.0,0.0
2023,10,27,20,9.1501,0.0,0.0,0.0,9.462357807652534,115.29082455746594,0.0,0.0
2023,10,27,21,9.1501,0.0,0.0,0.0,9.462357807652534,105.68325584434378,0.0,0.0
2023,10,27,22,9.1501,0.0,0.0,0.0,9.462357807652534,96.07568713122161,0.0,0.0
2023,10,27,23,9.1501,0.0,0.0,0.0,9.462357807652534,86.46811841809945,0.0,0.0
2023,10,28,0,9.1501,0.0,0.0,0.0,9.462357807652534,76.86054970497729,0.0,0.0
2023,10,28,1,9.1501,0.0,0.0,0.0,9.462357807652534,67.25298099185513,0.0,0.0
2023,10,28,2,9.1501,0.0,0.0,0.0,9.462357807652534,57.64541227873296,0.0,0.0
2023,10,28,3,9.1501,0.0,0.0,0.0,9.462357807652534,48.0378435656108,0.0,0.0
2023,10,28,4,9.1501,0.0,0.0,0.0,9.462357807652534,38.43027485248864,0.0,0.0
2023,10,28,5,9.1501,0.0,0.0,0.0,9.462357807652534,28.822706139366478,0.0,0.0
2023,10,28,6,9.1501,0.0,0.0,0.0,9.462357807652534,19.21513742624432,0.0,0.0
2023,10,28,7,9.1501,0.0,0.0,0.0,9.462357807652534,9.60756871312216,0.0,0.0
2023,10,28,8,9.1501,0.0,0.0,0.0,9.462357807652534,0.0,0.0,0.0
2023,10,28,9,9.1501,20.403334448319658,9.462357807652534,0.0,0.0,0.0,10.940976640667124,0.0
2023,10,28,10,9.1501,41.68085144054157,9.462357807652534,0.0,0.0,0.0,32.218493632889036,0.0
2023,10,28,11,9.1501,59.37378937096921,9.462357807652534,0.0,0.0,0.0,49.91143156331668,0.0
2023,10,28,12,9.1501,69.69172717978599,9.462357807652534,0.0,0.0,0.0,60.22936937213345,0.0
2023,10,28,13,9.1501,67.64967120777392,12.4752507899286,3.012892982276066,0.0,2.8189876826743046,55.17442041784532,0.0
2023,10,28,14,9.1501,70.4479166118512,70.4479166118512,60.98555880419867,0.0,59.87960686210888,0.0,0.0
2023,10,28,15,9.1501,49.21690785349206,49.21690785349206,39.75455004583952,0.0,97.0756133478156,0.0,0.0
2023,10,28,16,9.1501,41.077966927505535,41.077966927505535,31.615609119853,0.0,126.65648900898263,0.0,0.0
2023,10,28,17,9.1501,28.630124260491435,28.630124260491435,19.1677664528389,0.0,144.5906465953272,0.0,0.0
2023,10,28,18,9.1501,8.575601566142618,8.575601566142618,0.0,0.8867562415099162,143.6902820461018,0.0,0.0
2023,10,28,19,9.1501,0.0,-0.0,0.0,9.462357807652534,134.08271333297964,0.0,0.0
2023,10,28,20,9.1501,0.0,-0.0,0.0,9.462357807652534,124.47514461985747,0.0,0.0
2023,10,28,21,9.1501,0.0,-0.0,0.0,9.462357807652534,114.86757590673531,0.0,0.0
2023,10,28,22,9.1501,0.0,-0.0,0.0,9.462357807652534,105.26000719361315,0.0,0.0
2023,10,28,23,9.1501,0.0,-0.0,0.0,9.462357807652534,95.65243848049099,0.0,0.0
2023,10,29,0,9.1501,0.0,-0.0,0.0,9.462357807652534,86.04486976736882,0.0,0.0
2023,10,29,1,9.1501,0.0,-0.0,0.0,9.462357807652534,76.43730105424666,0.0,0.0
2023,10,29,2,9.1501,0.0,-0.0,0.0,9.462357807652534,66.8297323411245,0.0,0.0
2023,10,29,3,9.1501,0.0,-0.0,0.0,9.462357807652534,57.222163628002335,0.0,0.0
2023,10,29,4,9.1501,0.0,-0.0,0.0,9.462357807652534,47.61459491488017,0.0,0.0
2023,10,29,5,9.1501,0.0,-0.0,0.0,9.462357807652534,38.00702620175801,0.0,0.0
2023,10,29,6,9.1501,0.0,-0.0,0.0,9.462357807652534,28.39945748863585,0.0,0.0
2023,10,29,7,9.1501,0.0,-0.0,0.0,9.462357807652534,18.79188877551369,0.0,0.0
2023,10,29,8,9.1501,1.7345848703636892,1.7345848703636892,0.0,7.727772937288845,10.94552415861412,0.0,0.0
2023,10,29,9,9.1501,12.7372272332714,12.7372272332714,3.2748694256188653,0.0,14.00962787138926,0.0,0.0
2023,10,29,10,9.1501,14.737081289370947,14.737081289370947,5.2747234817184125,0.0,18.94487801533701,0.0,0.0
2023,10,29,11,9.1501,15.771458861022777,15.771458861022777,6.309101053370243,0.0,24.847934732858537,0.0,0.0
2023,10,29,12,9.1501,30.71610467559613,30.71610467559613,21.253746867943597,0.0,44.73382214534439,0.0,0.0
2023,10,29,13,9.1501,28.01001447565437,28.01001447565437,18.547656668001835,0.0,62.0877792879145,0.0,0.0
2023,10,29,14,9.1501,25.94642691389101,25.94642691389101,16.484069106238476,0.0,77.51095828703518,0.0,0.0
2023,10,29,15,9.1501,14.713827172439554,14.713827172439554,5.25146936478702,0.0,82.42445091434139,0.0,0.0
2023,10,29,16,9.1501,4.070331726583306,4.070331726583306,0.0,5.392026081069228,76.9496779106273,0.0,0.0
2023,10,29,17,9.1501,0.7725534402761813,0.7725534402761813,0.0,8.689804367376354,68.12651837045033,0.0,0.0
2023,10,29,18,9.1501,0.0,-0.0,0.0,9.462357807652534,58.518949657328164,0.0,0.0
2023,10,29,19,9.1501,0.0,-0.0,0.0,9.462357807652534,48.911380944206,0.0,0.0
2023,10,29,20,9.1501,0.0,-0.0,0.0,9.462357807652534,39.30381223108384,0.0,0.0
2023,10,29,21,9.1501,0.0,-0.0,0.0,9.462357807652534,29.69624351796168,0.0,0.0
2023,10,29,22,9.1501,0.0,-0.0,0.0,9.462357807652534,20.08867480483952,0.0,0.0
2023,10,29,23,9.1501,0.0,-0.0,0.0,9.462357807652534,10.481106091717361,0.0,0.0
2023,10,30,0,9.1501,0.0,-0.0,0.0,9.462357807652534,0.8735373785952021,0.0,0.0
2023,10,30,1,9.1501,0.0,-0.0,0.0,0.8603345426337871,0.0,0.0,8.318156497273128
2023,10,30,2,9.1501,0.0,-0.0,0.0,-0.0,0.0,0.0,9.1501
2023,10,30,3,9.1501,0.0,-0.0,0.0,-0.0,0.0,0.0,9.1501
2023,10,30,4,9.1501,0.0,-0.0,0.0,-0.0,0.0,0.0,9.1501
2023,10,30,5,9.1501,0.0,-0.0,0.0,-0.0,0.0,0.0,9.1501
2023,10,30,6,9.1501,0.0,-0.0,0.0,-0.0,0.0,0.0,9.1501
2023,10,30,7,9.1501,0.0,-0.0,0.0,-0.0,0.0,0.0,9.1501
2023,10,30,8,9.1501,0.3445054360205937,0.3445054360205937,0.0,0.0,-0.0,0.0,8.816963243368086
2023,10,30,9,9.1501,1.2574448414751669,1.2574448414751669,0.0,-0.0,0.0,0.0,7.9341508382935135
2023,10,30,10,9.1501,11.185230243998626,9.462357807652534,0.0,0.0,0.0,1.7228724363460923,0.0
2023,10,30,11,9.1501,22.34806763465591,9.462357807652534,0.0,0.0,0.0,12.885709827003375,0.0
2023,10,30,12,9.1501,32.05106324017592,19.366787628371334,9.9044298207188,0.0,9.266995486652192,12.684275611804587,0.0
2023,10,30,13,9.1501,48.59852059583509,48.59852059583509,39.13616278818255,0.0,45.884413196483834,0.0,0.0
2023,10,30,14,9.1501,49.72763716239259,49.72763716239259,40.26527935474005,0.0,83.5582792143548,0.0,0.0
2023,10,30,15,9.1501,47.081835413754426,47.081835413754426,37.619477606101896,0.0,118.7566233387881,0.0,0.0
2023,10,30,16,9.1501,27.95230981512092,27.95230981512092,18.489952007468386,0.0,136.0565896067292,0.0,0.0
2023,10,30,17,9.1501,8.737519121072307,8.737519121072307,0.0,0.7248386865802274,135.3206274259695,0.0,0.0
2023,10,30,18,9.1501,0.0,0.0,0.0,9.462357807652534,125.71305871284734,0.0,0.0
2023,10,30,19,9.1501,0.0,0.0,0.0,9.462357807652534,116.10548999972518,0.0,0.0
2023,10,30,20,9.1501,0.0,0.0,0.0,9.462357807652534,106.49792128660302,0.0,0.0
2023,10,30,21,9.1501,0.0,0.0,0.0,9.462357807652534,96.89035257348085,0.0,0.0
2023,10,30,22,9.1501,0.0,0.0,0.0,9.462357807652534,87.28278386035869,0.0,0.0
2023,10,30,23,9.1501,0.0,0.0,0.0,9.462357807652534,77.67521514723653,0.0,0.0
2023,10,31,0,9.1501,0.0,0.0,0.0,9.462357807652534,68.06764643411437,0.0,0.0
2023,10,31,1,9.1501,0.0,0.0,0.0,9.462357807652534,58.4600777209922,0.0,0.0
2023,10,31,2,9.1501,0.0,0.0,0.0,9.462357807652534,48.85250900787004,0.0,0.0
2023,10,31,3,9.1501,0.0,0.0,0.0,9.462357807652534,39.24494029474788,0.0,0.0
2023,10,31,4,9.1501,0.0,0.0,0.0,9.462357807652534,29.637371581625718,0.0,0.0
2023,10,31,5,9.1501,0.0,0.0,0.0,9.462357807652534,20.02980286850356,0.0,0.0
2023,10,31,6,9.1501,0.0,0.0,0.0,9.462357807652534,10.422234155381402,0.0,0.0
2023,10,31,7,9.1501,0.0,0.0,0.0,9.462357807652534,0.8146654422592421,0.0,0.0
2023,10,31,8,9.1501,8.660005397967673,8.660005397967673,0.0,0.802352409684861,0.0,0.0,0.0
2023,10,31,9,9.1501,28.989271177542907,9.462357807652534,0.0,0.0,0.0,19.526913369890373,0.0
2023,10,31,10,9.1501,24.813865292973308,9.462357807652534,0.0,0.0,0.0,15.351507485320774,0.0
2023,10,31,11,9.1501,46.30411439193794,9.462357807652534,0.0,0.0,0.0,36.841756584285406,0.0
2023,10,31,12,9.1501,56.25515391139278,9.462357807652534,0.0,0.0,0.0,46.792796103740244,0.0
2023,10,31,13,9.1501,64.15896987729526,44.003011023596336,34.540653215943806,0.0,32.31766828097327,20.155958853698927,0.0
2023,10,31,14,9.1501,65.108082353532,65.108082353532,55.64572454587947,0.0,84.38211697235006,0.0,0.0
2023,10,31,15,9.1501,51.70854341951101,51.70854341951101,42.24618561185848,0.0,123.90940107450054,0.0,0.0
2023,10,31,16,9.1501,31.566171838976945,31.566171838976945,22.10381403132441,0.0,144.5906465953272,0.0,0.0
2023,10,31,17,9.1501,9.16815091609805,9.16815091609805,0.0,0.2942068915544843,144.29192475623148,0.0,0.0
2023,10,31,18,9.1501,0.0,-0.0,0.0,9.462357807652534,134.68435604310932,0.0,0.0
2023,10,31,19,9.1501,0.0,-0.0,0.0,9.462357807652534,125.07678732998716,0.0,0.0
2023,10,31,20,9.1501,0.0,-0.0,0.0,9.462357807652534,115.46921861686499,0.0,0.0
2023,10,31,21,9.1501,0.0,-0.0,0.0,9.462357807652534,105.86164990374283,0.0,0.0
2023,10,31,22,9.1501,0.0,-0.0,0.0,9.462357807652534,96.25408119062067,0.0,0.0
2023,10,31,23,9.1501,0.0,-0.0,0.0,9.462357807652534,86.6465124774985,0.0,0.0
2023,11,1,0,9.1501,0.0,-0.0,0.0,9.462357807652534,77.03894376437634,0.0,0.0
2023,11,1,1,9.1501,0.0,-0.0,0.0,9.462357807652534,67.43137505125418,0.0,0.0
2023,11,1,2,9.1501,0.0,-0.0,0.0,9.462357807652534,57.823806338132016,0.0,0.0
2023,11,1,3,9.1501,0.0,-0.0,0.0,9.462357807652534,48.21623762500985,0.0,0.0
2023,11,1,4,9.1501,0.0,-0.0,0.0,9.462357807652534,38.60866891188769,0.0,0.0
2023,11,1,5,9.1501,0.0,-0.0,0.0,9.462357807652534,29.00110019876553,0.0,0.0
2023,11,1,6,9.1501,0.0,-0.0,0.0,9.462357807652534,19.393531485643372,0.0,0.0
2023,11,1,7,9.1501,0.0,-0.0,0.0,9.462357807652534,9.785962772521213,0.0,0.0
2023,11,1,8,9.1501,8.940777328324456,8.940777328324456,0.0,0.5215804793280777,9.25637803302692,0.0,0.0
2023,11,1,9,9.1501,10.317937808816781,10.317937808816781,0.8555800011642473,0.0,10.056894181132005,0.0,0.0
2023,11,1,10,9.1501,9.653903580887086,9.653903580887086,0.19154577323455166,0.0,10.236112354028613,0.0,0.0
2023,11,1,11,9.1501,9.477344544926531,9.477344544926531,0.014986737273996978,0.0,10.250134567239439,0.0,0.0
2023,11,1,12,9.1501,14.566551098540751,14.566551098540751,5.104193290888217,0.0,15.025829589149215,0.0,0.0
2023,11,1,13,9.1501,32.80208509070082,32.80208509070082,23.339727283048287,0.0,36.86344682777634,0.0,0.0
2023,11,1,14,9.1501,32.63413869064079,32.63413869064079,23.171780882988255,0.0,58.54392644621457,0.0,0.0
2023,11,1,15,9.1501,13.270349395513268,13.270349395513268,3.8079915878607338,0.0,62.1068413738458,0.0,0.0
2023,11,1,16,9.1501,5.327776568058481,5.327776568058481,0.0,4.134581239594053,57.90881016779058,0.0,0.0
2023,11,1,17,9.1501,2.830112156909177,2.830112156909177,0.0,6.632245650743357,51.17478498008416,0.0,0.0
2023,11,1,18,9.1501,0.0,-0.0,0.0,9.462357807652534,41.567216266962006,0.0,0.0
2023,11,1,19,9.1501,0.0,-0.0,0.0,9.462357807652534,31.959647553839847,0.0,0.0
2023,11,1,20,9.1501,0.0,-0.0,0.0,9.462357807652534,22.352078840717688,0.0,0.0
2023,11,1,21,9.1501,0.0,-0.0,0.0,9.462357807652534,12.744510127595529,0.0,0.0
2023,11,1,22,9.1501,0.0,-0.0,0.0,9.462357807652534,3.1369414144733696,0.0,0.0
2023,11,1,23,9.1501,0.0,-0.0,0.0,3.0895289923713256,0.0,0.0,6.1625254643769285
2023,11,2,0,9.1501,0.0,-0.0,0.0,-0.0,0.0,0.0,9.1501
2023,11,2,1,9.1501,0.0,-0.0,0.0,-0.0,0.0,0.0,9.1501
2023,11,2,2,9.1501,0.0,-0.0,0.0,-0.0,0.0,0.0,9.1501
2023,11,2,3,9.1501,0.0,-0.0,0.0,-0.0,0.0,0.0,9.1501
2023,11,2,4,9.1501,0.0,-0.0,0.0,-0.0,0.0,0.0,9.1501
2023,11,2,5,9.1501,0.0,-0.0,0.0,-0.0,0.0,0.0,9.1501
2023,11,2,6,9.1501,0.0,-0.0,0.0,-0.0,0.0,0.0,9.1501
2023,11,2,7,9.1501,0.0,-0.0,0.0,-0.0,0.0,0.0,9.1501
2023,11,2,8,9.1501,4.7266145822025445,4.7266145822025445,0.0,-0.0,0.0,0.0,4.57946369901014
2023,11,2,9,9.1501,13.41676420582202,13.41676420582202,3.9544063981694855,0.0,3.699906699077977,0.0,0.0
2023,11,2,10,9.1501,4.077221835303726,4.077221835303726,0.0,3.6439854959131806,0.0,0.0,1.6836925107132514
2023,11,2,11,9.1501,0.9783954382984774,0.9783954382984774,0.0,-0.0,0.0,0.0,8.203991611165373
2023,11,2,12,9.1501,1.5847250056947308,1.5847250056947308,0.0,-0.0,0.0,0.0,7.617670919493196
2023,11,2,13,9.1501,9.501459925447964,9.501459925447964,0.039102117795430116,0.0,0.036585563802045855,0.0,0.0
2023,11,2,14,9.1501,16.3924299094499,16.3924299094499,6.930072101797364,0.0,6.5206485590477135,0.0,0.0
2023,11,2,15,9.1501,7.97357831669664,7.97357831669664,0.0,1.4887794909558938,5.009022012176065,0.0,0.0
2023,11,2,16,9.1501,1.5614708887633408,1.5614708887633408,0.0,4.933314552398866,0.0,0.0,2.8696424783961456
2023,11,2,17,9.1501,1.3909406979331385,1.3909406979331385,0.0,-0.0,0.0,0.0,7.8050603450986555
2023,11,2,18,9.1501,0.0,-0.0,0.0,-0.0,0.0,0.0,9.1501
2023,11,2,19,9.1501,0.0,-0.0,0.0,-0.0,0.0,0.0,9.1501
2023,11,2,20,9.1501,0.0,-0.0,0.0,-0.0,0.0,0.0,9.1501
2023,11,2,21,9.1501,0.0,-0.0,0.0,-0.0,0.0,0.0,9.1501
2023,11,2,22,9.1501,0.0,-0.0,0.0,-0.0,0.0,0.0,9.1501
2023,11,2,23,9.1501,0.0,-0.0,0.0,-0.0,0.0,0.0,9.1501
2023,11,3,0,9.1501,0.0,-0.0,0.0,-0.0,0.0,0.0,9.1501
2023,11,3,1,9.1501,0.0,-0.0,0.0,-0.0,0.0,0.0,9.1501
2023,11,3,2,9.1501,0.0,-0.0,0.0,-0.0,0.0,0.0,9.1501
2023,11,3,3,9.1501,0.0,-0.0,0.0,-0.0,0.0,0.0,9.1501
2023,11,3,4,9.1501,0.0,-0.0,0.0,-0.0,0.0,0.0,9.1501
2023,11,3,5,9.1501,0.0,-0.0,0.0,-0.0,0.0,0.0,9.1501
2023,11,3,6,9.1501,0.0,-0.0,0.0,-0.0,0.0,0.0,9.1501
2023,11,3,7,9.1501,0.0,-0.0,0.0,-0.0,0.0,0.0,9.1501
2023,11,3,8,9.1501,1.8465491370703822,1.8465491370703822,0.0,-0.0,0.0,0.0,7.364486984452941
2023,11,3,9,9.1501,0.9430836311063752,0.9430836311063752,0.0,-0.0,0.0,0.0,8.238138128720136
2023,11,3,10,9.1501,2.906764616423759,2.906764616423759,0.0,-0.0,0.0,0.0,6.339258615918225
2023,11,3,11,9.1501,15.084170516161693,15.084170516161693,5.621812708509159,0.0,5.260001225671507,0.0,0.0
2023,11,3,12,9.1501,24.112796730671402,24.112796730671402,14.650438923018868,0.0,18.967559745909117,0.0,0.0
2023,11,3,13,9.1501,43.78836344539756,43.78836344539756,34.32600563774502,0.0,51.08439484674031,0.0,0.0
2023,11,3,14,9.1501,23.00348922668509,23.00348922668509,13.541131419032556,0.0,63.7540392397814,0.0,0.0
2023,11,3,15,9.1501,10.284348528804772,10.284348528804772,0.821990721152238,0.0,64.5231278638487,0.0,0.0
2023,11,3,16,9.1501,2.8051355127976842,2.8051355127976842,0.0,6.65722229485485,57.763742736325796,0.0,0.0
2023,11,3,17,9.1501,0.4805850832487282,0.4805850832487282,0.0,8.981772724403806,48.64413424450066,0.0,0.0
2023,11,3,18,9.1501,0.0,-0.0,0.0,9.462357807652534,39.0365655313785,0.0,0.0
2023,11,3,19,9.1501,0.0,-0.0,0.0,9.462357807652534,29.42899681825634,0.0,0.0
2023,11,3,20,9.1501,0.0,-0.0,0.0,9.462357807652534,19.82142810513418,0.0,0.0
2023,11,3,21,9.1501,0.0,-0.0,0.0,9.462357807652534,10.213859392012022,0.0,0.0
2023,11,3,22,9.1501,0.0,-0.0,0.0,9.462357807652534,0.606290678889863,0.0,0.0
2023,11,3,23,9.1501,0.0,-0.0,0.0,0.5971270682940716,-0.0,0.0,8.572678124959634
2023,11,4,0,9.1501,0.0,-0.0,0.0,0.0,-0.0,0.0,9.1501
2023,11,4,1,9.1501,0.0,-0.0,0.0,0.0,-0.0,0.0,9.1501
2023,11,4,2,9.1501,0.0,-0.0,0.0,0.0,-0.0,0.0,9.1501
2023,11,4,3,9.1501,0.0,-0.0,0.0,0.0,-0.0,0.0,9.1501
2023,11,4,4,9.1501,0.0,-0.0,0.0,0.0,-0.0,0.0,9.1501
2023,11,4,5,9.1501,0.0,-0.0,0.0,0.0,-0.0,0.0,9.1501
2023,11,4,6,9.1501,0.0,-0.0,0.0,0.0,-0.0,0.0,9.1501
2023,11,4,7,9.1501,0.0,-0.0,0.0,0.0,-0.0,0.0,9.1501
2023,11,4,8,9.1501,0.8939916064734406,0.8939916064734406,0.0,0.0,-0.0,0.0,8.285610116540184
2023,11,4,9,9.1501,5.0986804531047865,5.0986804531047865,0.0,0.0,0.0,0.0,4.219676001847672
2023,11,4,10,9.1501,11.686485653408589,11.686485653408589,2.2241278457560547,0.0,2.0809862941573156,0.0,0.0
2023,11,4,11,9.1501,5.81525176002762,5.81525176002762,0.0,2.049533809864204,-0.0,0.0,1.5448523539146064
2023,11,4,12,9.1501,7.862475313579998,7.862475313579998,0.0,0.0,-0.0,0.0,1.547086371768142
2023,11,4,13,9.1501,7.284567444655453,7.284567444655453,0.0,0.0,-0.0,0.0,2.1059232810181774
2023,11,4,14,9.1501,3.385627172492384,3.385627172492384,0.0,0.0,-0.0,0.0,5.876198524199865
2023,11,4,15,9.1501,6.294975579686298,6.294975579686298,0.0,0.0,-0.0,0.0,3.0628586144433503
2023,11,4,16,9.1501,3.906691644473532,3.906691644473532,0.0,0.0,-0.0,0.0,5.372329179794095
2023,11,4,17,9.1501,3.447638150976091,3.447638150976091,0.0,0.0,0.0,0.0,5.8162339080061205
2023,11,4,18,9.1501,0.0,-0.0,0.0,-0.0,0.0,0.0,9.1501
2023,11,4,19,9.1501,0.0,-0.0,0.0,-0.0,0.0,0.0,9.1501
2023,11,4,20,9.1501,0.0,-0.0,0.0,-0.0,0.0,0.0,9.1501
2023,11,4,21,9.1501,0.0,-0.0,0.0,-0.0,0.0,0.0,9.1501
2023,11,4,22,9.1501,0.0,-0.0,0.0,-0.0,0.0,0.0,9.1501
2023,11,4,23,9.1501,0.0,-0.0,0.0,-0.0,0.0,0.0,9.1501
2023,11,5,0,9.1501,0.0,-0.0,0.0,-0.0,0.0,0.0,9.1501
2023,11,5,1,9.1501,0.0,-0.0,0.0,-0.0,0.0,0.0,9.1501
2023,11,5,2,9.1501,0.0,-0.0,0.0,-0.0,0.0,0.0,9.1501
2023,11,5,3,9.1501,0.0,-0.0,0.0,-0.0,0.0,0.0,9.1501
2023,11,5,4,9.1501,0.0,-0.0,0.0,-0.0,0.0,0.0,9.1501
2023,11,5,5,9.1501,0.0,-0.0,0.0,-0.0,0.0,0.0,9.1501
2023,11,5,6,9.1501,0.0,-0.0,0.0,-0.0,0.0,0.0,9.1501
2023,11,5,7,9.1501,0.0,-0.0,0.0,-0.0,0.0,0.0,9.1501
2023,11,5,8,9.1501,10.342914452928273,9.462357807652534,0.0,0.0,0.0,0.880556645275739,0.0
2023,11,5,9,9.1501,25.731111016378133,9.462357807652534,0.0,0.0,0.0,16.2687532087256,0.0
2023,11,5,10,9.1501,30.09341109998891,9.462357807652534,0.0,0.0,0.0,20.631053292336375,0.0
2023,11,5,11,9.1501,46.235213304733826,9.462357807652534,0.0,0.0,0.0,36.772855497081295,0.0
2023,11,5,12,9.1501,54.1993177219399,37.740527556058424,28.27816974840589,0.0,26.458228910974682,16.458790165881474,0.0
2023,11,5,13,9.1501,49.91539262502381,49.91539262502381,40.45303481737128,0.0,64.30776672987736,0.0,0.0
2023,11,5,14,9.1501,42.63427023472856,42.63427023472856,33.17191242707602,0.0,95.34478433812832,0.0,0.0
2023,11,5,15,9.1501,37.07136870658603,37.07136870658603,27.609010898933494,0.0,121.17692046535262,0.0,0.0
2023,11,5,16,9.1501,26.35811090993562,26.35811090993562,16.895753102283084,0.0,136.98528809242356,0.0,0.0
2023,11,5,17,9.1501,7.665245951458209,7.665245951458209,0.0,1.7971118561943253,135.16059746092048,0.0,0.0
2023,11,5,18,9.1501,0.0,0.0,0.0,9.462357807652534,125.55302874779832,0.0,0.0
2023,11,5,19,9.1501,0.0,0.0,0.0,9.462357807652534,115.94546003467616,0.0,0.0
2023,11,5,20,9.1501,0.0,0.0,0.0,9.462357807652534,106.337891321554,0.0,0.0
2023,11,5,21,9.1501,0.0,0.0,0.0,9.462357807652534,96.73032260843183,0.0,0.0
2023,11,5,22,9.1501,0.0,0.0,0.0,9.462357807652534,87.12275389530967,0.0,0.0
2023,11,5,23,9.1501,0.0,0.0,0.0,9.462357807652534,77.51518518218751,0.0,0.0
2023,11,6,0,9.1501,0.0,0.0,0.0,9.462357807652534,67.90761646906535,0.0,0.0
2023,11,6,1,9.1501,0.0,0.0,0.0,9.462357807652534,58.30004775594318,0.0,0.0
2023,11,6,2,9.1501,0.0,0.0,0.0,9.462357807652534,48.69247904282102,0.0,0.0
2023,11,6,3,9.1501,0.0,0.0,0.0,9.462357807652534,39.08491032969886,0.0,0.0
2023,11,6,4,9.1501,0.0,0.0,0.0,9.462357807652534,29.477341616576698,0.0,0.0
2023,11,6,5,9.1501,0.0,0.0,0.0,9.462357807652534,19.86977290345454,0.0,0.0
2023,11,6,6,9.1501,0.0,0.0,0.0,9.462357807652534,10.26220419033238,0.0,0.0
2023,11,6,7,9.1501,0.0,0.0,0.0,9.462357807652534,0.65463547721022,0.0,0.0
2023,11,6,8,9.1501,8.817616634947095,8.817616634947095,0.0,0.6447411727054391,0.0,0.0,0.0
2023,11,6,9,9.1501,24.627832357522188,9.462357807652534,0.0,0.0,0.0,15.165474549869653,0.0
2023,11,6,10,9.1501,32.80208509070082,9.462357807652534,0.0,0.0,0.0,23.339727283048287,0.0
2023,11,6,11,9.1501,60.95506932230374,9.462357807652534,0.0,0.0,0.0,51.492711514651205,0.0
2023,11,6,12,9.1501,50.71120018223139,24.752563266112528,15.290205458459994,0.0,14.306150635458813,25.95863691611886,0.0
2023,11,6,13,9.1501,56.65219642640652,56.65219642640652,47.18983861875398,0.0,58.45892160881117,0.0,0.0
2023,11,6,14,9.1501,51.091878689034154,51.091878689034154,41.629520881381616,0.0,97.40922860298593,0.0,0.0
2023,11,6,15,9.1501,43.8159238802792,43.8159238802792,34.35356607262667,0.0,129.5518503902071,0.0,0.0
2023,11,6,16,9.1501,25.53560418143645,25.53560418143645,16.073246373783917,0.0,144.5906465953272,0.0,0.0
2023,11,6,17,9.1501,0.19895188930189284,0.19895188930189284,0.0,9.263405918350642,135.18508292005382,0.0,0.0
2023,11,6,18,9.1501,0.0,-0.0,0.0,9.462357807652534,125.57751420693165,0.0,0.0
2023,11,6,19,9.1501,0.0,-0.0,0.0,9.462357807652534,115.96994549380949,0.0,0.0
2023,11,6,20,9.1501,0.0,-0.0,0.0,9.462357807652534,106.36237678068733,0.0,0.0
2023,11,6,21,9.1501,0.0,-0.0,0.0,9.462357807652534,96.75480806756516,0.0,0.0
2023,11,6,22,9.1501,0.0,-0.0,0.0,9.462357807652534,87.147239354443,0.0,0.0
2023,11,6,23,9.1501,0.0,-0.0,0.0,9.462357807652534,77.53967064132084,0.0,0.0
2023,11,7,0,9.1501,0.0,-0.0,0.0,9.462357807652534,67.93210192819868,0.0,0.0
2023,11,7,1,9.1501,0.0,-0.0,0.0,9.462357807652534,58.324533215076514,0.0,0.0
2023,11,7,2,9.1501,0.0,-0.0,0.0,9.462357807652534,48.71696450195435,0.0,0.0
2023,11,7,3,9.1501,0.0,-0.0,0.0,9.462357807652534,39.10939578883219,0.0,0.0
2023,11,7,4,9.1501,0.0,-0.0,0.0,9.462357807652534,29.50182707571003,0.0,0.0
2023,11,7,5,9.1501,0.0,-0.0,0.0,9.462357807652534,19.89425836258787,0.0,0.0
2023,11,7,6,9.1501,0.0,-0.0,0.0,9.462357807652534,10.28668964946571,0.0,0.0
2023,11,7,7,9.1501,0.0,-0.0,0.0,9.462357807652534,0.6791209363435513,0.0,0.0
2023,11,7,8,9.1501,6.574024982862978,6.574024982862978,0.0,0.6688565532270293,0.0,0.0,2.146233554600963
2023,11,7,9,9.1501,15.478629240405272,9.462357807652534,0.0,0.0,0.0,6.016271432752738,0.0
2023,11,7,10,9.1501,32.292217045390345,9.462357807652534,0.0,0.0,0.0,22.82985923773781,0.0
2023,11,7,11,9.1501,40.69556589352268,9.462357807652534,0.0,0.0,0.0,31.233208085870142,0.0
2023,11,7,12,9.1501,67.10621388245144,9.462357807652534,0.0,0.0,0.0,57.643856074798904,0.0
2023,11,7,13,9.1501,70.85960060789581,70.51037276544398,61.04801495779144,0.0,57.119055748114896,0.3492278424518389,0.0
2023,11,7,14,9.1501,61.02569293668796,61.02569293668796,51.56333512903543,0.0,105.36385151797653,0.0,0.0
2023,11,7,15,9.1501,40.450967033948054,40.450967033948054,30.98860922629552,0.0,134.3580800637716,0.0,0.0
2023,11,7,16,9.1501,19.739300220389964,19.739300220389964,10.27694241273743,0.0,143.97361378749994,0.0,0.0
2023,11,7,17,9.1501,0.13780217440823747,0.13780217440823747,0.0,9.324555633244296,134.50596198371025,0.0,0.0
2023,11,7,18,9.1501,0.0,0.0,0.0,9.462357807652534,124.8983932705881,0.0,0.0
2023,11,7,19,9.1501,0.0,0.0,0.0,9.462357807652534,115.29082455746594,0.0,0.0
2023,11,7,20,9.1501,0.0,0.0,0.0,9.462357807652534,105.68325584434378,0.0,0.0
2023,11,7,21,9.1501,0.0,0.0,0.0,9.462357807652534,96.07568713122161,0.0,0.0
2023,11,7,22,9.1501,0.0,0.0,0.0,9.462357807652534,86.46811841809945,0.0,0.0
2023,11,7,23,9.1501,0.0,0.0,0.0,9.462357807652534,76.86054970497729,0.0,0.0
2023,11,8,0,9.1501,0.0,0.0,0.0,9.462357807652534,67.25298099185513,0.0,0.0
2023,11,8,1,9.1501,0.0,0.0,0.0,9.462357807652534,57.64541227873296,0.0,0.0
2023,11,8,2,9.1501,0.0,0.0,0.0,9.462357807652534,48.0378435656108,0.0,0.0
2023,11,8,3,9.1501,0.0,0.0,0.0,9.462357807652534,38.43027485248864,0.0,0.0
2023,11,8,4,9.1501,0.0,0.0,0.0,9.462357807652534,28.822706139366478,0.0,0.0
2023,11,8,5,9.1501,0.0,0.0,0.0,9.462357807652534,19.21513742624432,0.0,0.0
2023,11,8,6,9.1501,0.0,0.0,0.0,9.462357807652534,9.60756871312216,0.0,0.0
2023,11,8,7,9.1501,0.0,0.0,0.0,9.462357807652534,0.0,0.0,0.0
2023,11,8,8,9.1501,18.11151203519266,9.462357807652534,0.0,0.0,0.0,8.649154227540127,0.0
2023,11,8,9,9.1501,41.288115243478096,9.462357807652534,0.0,0.0,0.0,31.82575743582556,0.0
2023,11,8,10,9.1501,57.86399429760897,9.462357807652534,0.0,0.0,0.0,48.40163648995643,0.0
2023,11,8,11,9.1501,68.93123142977053,9.462357807652534,0.0,0.0,0.0,59.468873622118,0.0
2023,11,8,12,9.1501,73.50454109294392,9.462357807652534,0.0,0.0,0.0,64.04218328529139,0.0
2023,11,8,13,9.1501,72.07742732422861,55.49140605129312,46.02904824364059,0.0,43.06668733584474,16.58602127293549,0.0
2023,11,8,14,9.1501,64.43629675329183,64.43629675329183,54.97393894563929,0.0,94.50258554646585,0.0,0.0
2023,11,8,15,9.1501,50.9170421802537,50.9170421802537,41.454684372601164,0.0,133.2893082488542,0.0,0.0
2023,11,8,16,9.1501,21.54106365077767,21.54106365077767,12.078705843125135,0.0,144.5906465953272,0.0,0.0
2023,11,8,17,9.1501,0.10938047593653849,0.10938047593653849,0.0,9.352977331715996,135.0941369289877,0.0,0.0
2023,11,8,18,9.1501,0.0,-0.0,0.0,9.462357807652534,125.48656821586553,0.0,0.0
2023,11,8,19,9.1501,0.0,-0.0,0.0,9.462357807652534,115.87899950274337,0.0,0.0
2023,11,8,20,9.1501,0.0,-0.0,0.0,9.462357807652534,106.2714307896212,0.0,0.0
2023,11,8,21,9.1501,0.0,-0.0,0.0,9.462357807652534,96.66386207649904,0.0,0.0
2023,11,8,22,9.1501,0.0,-0.0,0.0,9.462357807652534,87.05629336337688,0.0,0.0
2023,11,8,23,9.1501,0.0,-0.0,0.0,9.462357807652534,77.44872465025472,0.0,0.0
2023,11,9,0,9.1501,0.0,-0.0,0.0,9.462357807652534,67.84115593713256,0.0,0.0
2023,11,9,1,9.1501,0.0,-0.0,0.0,9.462357807652534,58.23358722401039,0.0,0.0
2023,11,9,2,9.1501,0.0,-0.0,0.0,9.462357807652534,48.62601851088823,0.0,0.0
2023,11,9,3,9.1501,0.0,-0.0,0.0,9.462357807652534,39.01844979776607,0.0,0.0
2023,11,9,4,9.1501,0.0,-0.0,0.0,9.462357807652534,29.410881084643908,0.0,0.0
2023,11,9,5,9.1501,0.0,-0.0,0.0,9.462357807652534,19.80331237152175,0.0,0.0
2023,11,9,6,9.1501,0.0,-0.0,0.0,9.462357807652534,10.19574365839959,0.0,0.0
2023,11,9,7,9.1501,0.0,-0.0,0.0,9.462357807652534,0.5881749452774301,0.0,0.0
2023,11,9,8,9.1501,5.972862997007042,5.972862997007042,0.0,0.5792851398616755,-0.0,0.0,2.8141727516479498
2023,11,9,9,9.1501,7.79960307150624,7.79960307150624,0.0,0.0,0.0,0.0,1.607883829853466
2023,11,9,10,9.1501,13.17819419137775,13.17819419137775,3.7158363837252164,0.0,3.4766906950147423,0.0,0.0
2023,11,9,11,9.1501,29.094345335529187,29.094345335529187,19.631987527876653,0.0,21.845192780240463,0.0,0.0
2023,11,9,12,9.1501,43.578215129425,43.578215129425,34.11585732177247,0.0,53.76540439734811,0.0,0.0
2023,11,9,13,9.1501,39.75678858036656,39.75678858036656,30.294430772714026,0.0,82.11013077969568,0.0,0.0
2023,11,9,14,9.1501,27.945419706400504,27.945419706400504,18.48306189874797,0.0,99.40365037603928,0.0,0.0
2023,11,9,15,9.1501,28.53710779276587,28.53710779276587,19.074749985113336,0.0,117.25077789581768,0.0,0.0
2023,11,9,16,9.1501,14.71554969961966,14.71554969961966,5.253191891967125,0.0,122.16588219102326,0.0,0.0
2023,11,9,17,9.1501,0.04306317950257421,0.04306317950257421,0.0,9.41929462814996,112.60203751206748,0.0,0.0
2023,11,9,18,9.1501,0.0,-0.0,0.0,9.462357807652534,102.99446879894532,0.0,0.0
2023,11,9,19,9.1501,0.0,-0.0,0.0,9.462357807652534,93.38690008582316,0.0,0.0
2023,11,9,20,9.1501,0.0,-0.0,0.0,9.462357807652534,83.779331372701,0.0,0.0
2023,11,9,21,9.1501,0.0,-0.0,0.0,9.462357807652534,74.17176265957883,0.0,0.0
2023,11,9,22,9.1501,0.0,-0.0,0.0,9.462357807652534,64.56419394645667,0.0,0.0
2023,11,9,23,9.1501,0.0,-0.0,0.0,9.462357807652534,54.956625233334506,0.0,0.0
2023,11,10,0,9.1501,0.0,-0.0,0.0,9.462357807652534,45.34905652021234,0.0,0.0
2023,11,10,1,9.1501,0.0,-0.0,0.0,9.462357807652534,35.74148780709018,0.0,0.0
2023,11,10,2,9.1501,0.0,-0.0,0.0,9.462357807652534,26.13391909396802,0.0,0.0
2023,11,10,3,9.1501,0.0,-0.0,0.0,9.462357807652534,16.526350380845862,0.0,0.0
2023,11,10,4,9.1501,0.0,-0.0,0.0,9.462357807652534,6.918781667723703,0.0,0.0
2023,11,10,5,9.1501,0.0,-0.0,0.0,6.814209680708443,0.0,0.0,2.5607592387549354
2023,11,10,6,9.1501,0.0,-0.0,0.0,-0.0,-0.0,0.0,9.1501
2023,11,10,7,9.1501,0.0,-0.0,0.0,0.0,-0.0,0.0,9.1501
2023,11,10,8,9.1501,0.0008612635900514843,0.0008612635900514843,0.0,0.0,-0.0,0.0,9.14926715810842
2023,11,10,9,9.1501,0.5038392001801096,0.5038392001801096,0.0,0.0,-0.0,0.0,8.662887493425835
2023,11,10,10,9.1501,7.722089348401599,7.722089348401599,0.0,0.0,-0.0,0.0,1.6828396000956545
2023,11,10,11,9.1501,2.7655173876553154,2.7655173876553154,0.0,0.0,-0.0,0.0,6.47584468613731
2023,11,10,12,9.1501,5.750656990773759,5.750656990773759,0.0,0.0,-0.0,0.0,3.589214689921775
2023,11,10,13,9.1501,8.545457340490826,8.545457340490826,0.0,0.0,0.0,0.0,0.886642751745372
2023,11,10,14,9.1501,16.710236174178895,16.710236174178895,7.247878366526361,0.0,6.781415722680074,0.0,0.0
2023,11,10,15,9.1501,13.308244993475533,13.308244993475533,3.845887185822999,0.0,10.379787344097522,0.0,0.0
2023,11,10,16,9.1501,9.337819843338192,9.337819843338192,0.0,0.1245379643143422,10.253338199617406,0.0,0.0
2023,11,10,17,9.1501,0.0,-0.0,0.0,9.462357807652534,0.6457694864952472,0.0,0.0
2023,11,10,18,9.1501,0.0,-0.0,0.0,0.6360091845230588,-0.0,0.0,8.535079118566202
2023,11,10,19,9.1501,0.0,-0.0,0.0,0.0,-0.0,0.0,9.1501
2023,11,10,20,9.1501,0.0,-0.0,0.0,0.0,-0.0,0.0,9.1501
2023,11,10,21,9.1501,0.0,-0.0,0.0,0.0,-0.0,0.0,9.1501
2023,11,10,22,9.1501,0.0,-0.0,0.0,0.0,-0.0,0.0,9.1501
2023,11,10,23,9.1501,0.0,-0.0,0.0,0.0,-0.0,0.0,9.1501
2023,11,11,0,9.1501,0.0,-0.0,0.0,0.0,-0.0,0.0,9.1501
2023,11,11,1,9.1501,0.0,-0.0,0.0,0.0,-0.0,0.0,9.1501
2023,11,11,2,9.1501,0.0,-0.0,0.0,0.0,-0.0,0.0,9.1501
2023,11,11,3,9.1501,0.0,-0.0,0.0,0.0,-0.0,0.0,9.1501
2023,11,11,4,9.1501,0.0,-0.0,0.0,0.0,-0.0,0.0,9.1501
2023,11,11,5,9.1501,0.0,-0.0,0.0,0.0,-0.0,0.0,9.1501
2023,11,11,6,9.1501,0.0,-0.0,0.0,0.0,-0.0,0.0,9.1501
2023,11,11,7,9.1501,0.0,-0.0,0.0,0.0,-0.0,0.0,9.1501
2023,11,11,8,9.1501,0.13952470158834043,0.13952470158834043,0.0,0.0,-0.0,0.0,9.015179613564074
2023,11,11,9,9.1501,4.3502423933500465,4.3502423933500465,0.0,0.0,-0.0,0.0,4.943415605630506
2023,11,11,10,9.1501,3.9523386147462607,3.9523386147462607,0.0,0.0,0.0,0.0,5.328188559540366
2023,11,11,11,9.1501,11.190397825538932,11.190397825538932,1.7280400178863982,0.0,1.6168259391377515,0.0,0.0
2023,11,11,12,9.1501,16.893685318859863,16.893685318859863,7.4313275112073285,0.0,8.569884293101103,0.0,0.0
2023,11,11,13,9.1501,33.87091320595472,33.87091320595472,24.408555398302187,0.0,31.40754146328949,0.0,0.0
2023,11,11,14,9.1501,9.456674218765295,9.456674218765295,0.0,0.005683588887238785,31.40177065310864,0.0,0.0
2023,11,11,15,9.1501,1.273808849686145,1.273808849686145,0.0,8.188548957966388,23.087558870628573,0.0,0.0
2023,11,11,16,9.1501,0.05598213335334647,0.05598213335334647,0.0,9.406375674299188,13.536831401922733,0.0,0.0
2023,11,11,17,9.1501,0.0,-0.0,0.0,9.462357807652534,3.9292626888005735,0.0,0.0
2023,11,11,18,9.1501,0.0,-0.0,0.0,3.869874948789987,0.0,0.0,5.407930924520083
2023,11,11,19,9.1501,0.0,-0.0,0.0,-0.0,0.0,0.0,9.1501
2023,11,11,20,9.1501,0.0,-0.0,0.0,-0.0,0.0,0.0,9.1501
2023,11,11,21,9.1501,0.0,-0.0,0.0,-0.0,0.0,0.0,9.1501
2023,11,11,22,9.1501,0.0,-0.0,0.0,-0.0,0.0,0.0,9.1501
2023,11,11,23,9.1501,0.0,-0.0,0.0,-0.0,0.0,0.0,9.1501
2023,11,12,0,9.1501,0.0,-0.0,0.0,-0.0,0.0,0.0,9.1501
2023,11,12,1,9.1501,0.0,-0.0,0.0,-0.0,0.0,0.0,9.1501
2023,11,12,2,9.1501,0.0,-0.0,0.0,-0.0,0.0,0.0,9.1501
2023,11,12,3,9.1501,0.0,-0.0,0.0,-0.0,0.0,0.0,9.1501
2023,11,12,4,9.1501,0.0,-0.0,0.0,-0.0,0.0,0.0,9.1501
2023,11,12,5,9.1501,0.0,-0.0,0.0,-0.0,0.0,0.0,9.1501
2023,11,12,6,9.1501,0.0,-0.0,0.0,-0.0,0.0,0.0,9.1501
2023,11,12,7,9.1501,0.0,-0.0,0.0,-0.0,0.0,0.0,9.1501
2023,11,12,8,9.1501,2.671639656339704,2.671639656339704,0.0,-0.0,0.0,0.0,6.566624452319506
2023,11,12,9,9.1501,5.336389203958996,5.336389203958996,0.0,-0.0,0.0,0.0,3.989811639771651
2023,11,12,10,9.1501,11.610694457484058,11.610694457484058,2.148336649831524,0.0,2.010072906584883,0.0,0.0
2023,11,12,11,9.1501,18.085674127491117,18.085674127491117,8.623316319838583,0.0,10.078405446914683,0.0,0.0
2023,11,12,12,9.1501,56.53420331456947,56.53420331456947,47.07184550691693,0.0,54.12077716915995,0.0,0.0
2023,11,12,13,9.1501,43.03820285846271,43.03820285846271,33.57584505081017,0.0,85.535730899814,0.0,0.0
2023,11,12,14,9.1501,20.38094159497832,20.38094159497832,10.918583787325787,0.0,95.75161091605897,0.0,0.0
2023,11,12,15,9.1501,17.71016320222867,17.71016320222867,8.247805394576137,0.0,103.46859985432535,0.0,0.0
2023,11,12,16,9.1501,9.238774530482262,9.238774530482262,0.0,0.2235832771702721,103.24158543126251,0.0,0.0
2023,11,12,17,9.1501,0.13780217440823747,0.13780217440823747,0.0,9.324555633244296,93.77393362747283,0.0,0.0
2023,11,12,18,9.1501,0.0,-0.0,0.0,9.462357807652534,84.16636491435067,0.0,0.0
2023,11,12,19,9.1501,0.0,-0.0,0.0,9.462357807652534,74.5587962012285,0.0,0.0
2023,11,12,20,9.1501,0.0,-0.0,0.0,9.462357807652534,64.95122748810634,0.0,0.0
2023,11,12,21,9.1501,0.0,-0.0,0.0,9.462357807652534,55.34365877498418,0.0,0.0
2023,11,12,22,9.1501,0.0,-0.0,0.0,9.462357807652534,45.736090061862015,0.0,0.0
2023,11,12,23,9.1501,0.0,-0.0,0.0,9.462357807652534,36.12852134873985,0.0,0.0
2023,11,13,0,9.1501,0.0,-0.0,0.0,9.462357807652534,26.520952635617693,0.0,0.0
2023,11,13,1,9.1501,0.0,-0.0,0.0,9.462357807652534,16.913383922495534,0.0,0.0
2023,11,13,2,9.1501,0.0,-0.0,0.0,9.462357807652534,7.305815209373375,0.0,0.0
2023,11,13,3,9.1501,0.0,-0.0,0.0,7.195393512331763,0.0,0.0,2.1921544735751857
2023,11,13,4,9.1501,0.0,-0.0,0.0,-0.0,0.0,0.0,9.1501
2023,11,13,5,9.1501,0.0,-0.0,0.0,-0.0,0.0,0.0,9.1501
2023,11,13,6,9.1501,0.0,-0.0,0.0,-0.0,0.0,0.0,9.1501
2023,11,13,7,9.1501,0.0,-0.0,0.0,-0.0,0.0,0.0,9.1501
2023,11,13,8,9.1501,11.347147798928304,9.462357807652534,0.0,0.0,0.0,1.8847899912757704,0.0
2023,11,13,9,9.1501,35.05084432432525,9.462357807652534,0.0,0.0,0.0,25.588486516672713,0.0
2023,11,13,10,9.1501,52.38205154693127,9.462357807652534,0.0,0.0,0.0,42.91969373927874,0.0
2023,11,13,11,9.1501,60.48223561136548,9.462357807652534,0.0,0.0,0.0,51.019877803712944,0.0
2023,11,13,12,9.1501,62.96525854148391,34.39778773234538,24.935429924692848,0.0,23.330622837720362,28.567470809138534,0.0
2023,11,13,13,9.1501,61.00243881975657,61.00243881975657,51.54008101210404,0.0,71.55366109094045,0.0,0.0
2023,11,13,14,9.1501,56.59535302946313,56.59535302946313,47.132995221810596,0.0,115.65324702361349,0.0,0.0
2023,11,13,15,9.1501,37.633773830889645,37.633773830889645,28.17141602323711,0.0,142.01159271998324,0.0,0.0
2023,11,13,16,9.1501,11.708878506749926,11.708878506749926,2.2465206990973923,0.0,144.1135306968324,0.0,0.0
2023,11,13,17,9.1501,0.0,0.0,0.0,9.462357807652534,134.50596198371025,0.0,0.0
2023,11,13,18,9.1501,0.0,0.0,0.0,9.462357807652534,124.8983932705881,0.0,0.0
2023,11,13,19,9.1501,0.0,0.0,0.0,9.462357807652534,115.29082455746594,0.0,0.0
2023,11,13,20,9.1501,0.0,0.0,0.0,9.462357807652534,105.68325584434378,0.0,0.0
2023,11,13,21,9.1501,0.0,0.0,0.0,9.462357807652534,96.07568713122161,0.0,0.0
2023,11,13,22,9.1501,0.0,0.0,0.0,9.462357807652534,86.46811841809945,0.0,0.0
2023,11,13,23,9.1501,0.0,0.0,0.0,9.462357807652534,76.86054970497729,0.0,0.0
2023,11,14,0,9.1501,0.0,0.0,0.0,9.462357807652534,67.25298099185513,0.0,0.0
2023,11,14,1,9.1501,0.0,0.0,0.0,9.462357807652534,57.64541227873296,0.0,0.0
2023,11,14,2,9.1501,0.0,0.0,0.0,9.462357807652534,48.0378435656108,0.0,0.0
2023,11,14,3,9.1501,0.0,0.0,0.0,9.462357807652534,38.43027485248864,0.0,0.0
2023,11,14,4,9.1501,0.0,0.0,0.0,9.462357807652534,28.822706139366478,0.0,0.0
2023,11,14,5,9.1501,0.0,0.0,0.0,9.462357807652534,19.21513742624432,0.0,0.0
2023,11,14,6,9.1501,0.0,0.0,0.0,9.462357807652534,9.60756871312216,0.0,0.0
2023,11,14,7,9.1501,0.0,0.0,0.0,9.462357807652534,0.0,0.0,0.0
2023,11,14,8,9.1501,10.739956967942009,9.462357807652534,0.0,0.0,0.0,1.2775991602894745,0.0
2023,11,14,9,9.1501,29.937522390189592,9.462357807652534,0.0,0.0,0.0,20.475164582537058,0.0
2023,11,14,10,9.1501,49.68888030084027,9.462357807652534,0.0,0.0,0.0,40.22652249318773,0.0
2023,11,14,11,9.1501,63.65082435916488,9.462357807652534,0.0,0.0,0.0,54.18846655151235,0.0
2023,11,14,12,9.1501,68.58328093938974,56.23123147514734,46.76887366749481,0.0,43.75889869862565,12.352049464242398,0.0
2023,11,14,13,9.1501,66.11748328107232,66.11748328107232,56.65512547341979,0.0,96.76778477903528,0.0,0.0
2023,11,14,14,9.1501,49.232410598112985,49.232410598112985,39.77005279046045,0.0,133.97829627583636,0.0,0.0
2023,11,14,15,9.1501,20.80468328128365,20.80468328128365,11.342325473631117,0.0,144.5906465953272,0.0,0.0
2023,11,14,16,9.1501,3.52256808331057,3.52256808331057,0.0,5.9397897243419635,138.55970387701652,0.0,0.0
2023,11,14,17,9.1501,0.0,-0.0,0.0,9.462357807652534,128.95213516389435,0.0,0.0
2023,11,14,18,9.1501,0.0,-0.0,0.0,9.462357807652534,119.34456645077219,0.0,0.0
2023,11,14,19,9.1501,0.0,-0.0,0.0,9.462357807652534,109.73699773765003,0.0,0.0
2023,11,14,20,9.1501,0.0,-0.0,0.0,9.462357807652534,100.12942902452787,0.0,0.0
2023,11,14,21,9.1501,0.0,-0.0,0.0,9.462357807652534,90.5218603114057,0.0,0.0
2023,11,14,22,9.1501,0.0,-0.0,0.0,9.462357807652534,80.91429159828354,0.0,0.0
2023,11,14,23,9.1501,0.0,-0.0,0.0,9.462357807652534,71.30672288516138,0.0,0.0
2023,11,15,0,9.1501,0.0,-0.0,0.0,9.462357807652534,61.699154172039215,0.0,0.0
2023,11,15,1,9.1501,0.0,-0.0,0.0,9.462357807652534,52.09158545891705,0.0,0.0
2023,11,15,2,9.1501,0.0,-0.0,0.0,9.462357807652534,42.48401674579489,0.0,0.0
2023,11,15,3,9.1501,0.0,-0.0,0.0,9.462357807652534,32.87644803267273,0.0,0.0
2023,11,15,4,9.1501,0.0,-0.0,0.0,9.462357807652534,23.268879319550567,0.0,0.0
2023,11,15,5,9.1501,0.0,-0.0,0.0,9.462357807652534,13.661310606428408,0.0,0.0
2023,11,15,6,9.1501,0.0,-0.0,0.0,9.462357807652534,4.053741893306249,0.0,0.0
2023,11,15,7,9.1501,0.0,-0.0,0.0,3.992472747235708,0.0,0.0,5.28937885342307
2023,11,15,8,9.1501,6.50512389565886,6.50512389565886,0.0,-0.0,0.0,0.0,2.8596451928978825
2023,11,15,9,9.1501,24.556347479547917,9.462357807652534,0.0,0.0,0.0,15.093989671895383,0.0
2023,11,15,10,9.1501,40.00052617635113,9.462357807652534,0.0,0.0,0.0,30.538168368698596,0.0
2023,11,15,11,9.1501,50.9506314602657,9.462357807652534,0.0,0.0,0.0,41.48827365261316,0.0
2023,11,15,12,9.1501,57.068186740401394,12.593243901765646,3.130886094113111,0.0,2.9293869337813803,44.47494283863575,0.0
2023,11,15,13,9.1501,60.77937154993324,60.77937154993324,51.31701374228071,0.0,50.94371419403261,0.0,0.0
2023,11,15,14,9.1501,57.91911516737226,57.91911516737226,48.456757359719724,0.0,96.28186690737417,0.0,0.0
2023,11,15,15,9.1501,43.790085972577664,43.790085972577664,34.327728164925134,0.0,128.40031367610476,0.0,0.0
2023,11,15,16,9.1501,26.766349851620014,26.766349851620014,17.30399204396748,0.0,144.5906465953272,0.0,0.0
2023,11,15,17,9.1501,0.012918953850772262,0.012918953850772262,0.0,9.449438853801762,134.99619509245497,0.0,0.0
2023,11,15,18,9.1501,0.0,-0.0,0.0,9.462357807652534,125.3886263793328,0.0,0.0
2023,11,15,19,9.1501,0.0,-0.0,0.0,9.462357807652534,115.78105766621064,0.0,0.0
2023,11,15,20,9.1501,0.0,-0.0,0.0,9.462357807652534,106.17348895308848,0.0,0.0
2023,11,15,21,9.1501,0.0,-0.0,0.0,9.462357807652534,96.56592023996632,0.0,0.0
2023,11,15,22,9.1501,0.0,-0.0,0.0,9.462357807652534,86.95835152684415,0.0,0.0
2023,11,15,23,9.1501,0.0,-0.0,0.0,9.462357807652534,77.35078281372199,0.0,0.0
2023,11,16,0,9.1501,0.0,-0.0,0.0,9.462357807652534,67.74321410059983,0.0,0.0
2023,11,16,1,9.1501,0.0,-0.0,0.0,9.462357807652534,58.135645387477666,0.0,0.0
2023,11,16,2,9.1501,0.0,-0.0,0.0,9.462357807652534,48.5280766743555,0.0,0.0
2023,11,16,3,9.1501,0.0,-0.0,0.0,9.462357807652534,38.92050796123334,0.0,0.0
2023,11,16,4,9.1501,0.0,-0.0,0.0,9.462357807652534,29.31293924811118,0.0,0.0
2023,11,16,5,9.1501,0.0,-0.0,0.0,9.462357807652534,19.705370534989022,0.0,0.0
2023,11,16,6,9.1501,0.0,-0.0,0.0,9.462357807652534,10.097801821866863,0.0,0.0
2023,11,16,7,9.1501,0.0,-0.0,0.0,9.462357807652534,0.4902331087447038,0.0,0.0
2023,11,16,8,9.1501,0.6631729643396428,0.6631729643396428,0.0,0.4828236177759092,0.0,0.0,8.041921305094261
2023,11,16,9,9.1501,1.260889895835373,1.260889895835373,0.0,-0.0,0.0,0.0,7.930819470727195
2023,11,16,10,9.1501,11.473753546665872,11.473753546665872,2.011395739013338,0.0,1.8819453085846907,0.0,0.0
2023,11,16,11,9.1501,23.732118223868646,23.732118223868646,14.269760416216112,0.0,15.233325223060762,0.0,0.0
2023,11,16,12,9.1501,31.278509799899748,31.278509799899748,21.816151992247214,0.0,35.64542220469205,0.0,0.0
2023,11,16,13,9.1501,30.878883494115854,30.878883494115854,21.41652568646332,0.0,55.6836122336687,0.0,0.0
2023,11,16,14,9.1501,21.985475663244237,21.985475663244237,12.523117855591703,0.0,67.40076089818005,0.0,0.0
2023,11,16,15,9.1501,22.233519577179063,22.233519577179063,12.771161769526529,0.0,79.3499897402012,0.0,0.0
2023,11,16,16,9.1501,6.468950824876697,6.468950824876697,0.0,2.993406982775837,76.31064543955554,0.0,0.0
2023,11,16,17,9.1501,0.0,-0.0,0.0,9.462357807652534,66.70307672643338,0.0,0.0
2023,11,16,18,9.1501,0.0,-0.0,0.0,9.462357807652534,57.09550801331122,0.0,0.0
2023,11,16,19,9.1501,0.0,-0.0,0.0,9.462357807652534,47.487939300189055,0.0,0.0
2023,11,16,20,9.1501,0.0,-0.0,0.0,9.462357807652534,37.88037058706689,0.0,0.0
2023,11,16,21,9.1501,0.0,-0.0,0.0,9.462357807652534,28.272801873944733,0.0,0.0
2023,11,16,22,9.1501,0.0,-0.0,0.0,9.462357807652534,18.665233160822574,0.0,0.0
2023,11,16,23,9.1501,0.0,-0.0,0.0,9.462357807652534,9.057664447700414,0.0,0.0
2023,11,17,0,9.1501,0.0,-0.0,0.0,8.920764916178552,0.0,0.0,0.5237203260553408
2023,11,17,1,9.1501,0.0,-0.0,0.0,-0.0,0.0,0.0,9.1501
2023,11,17,2,9.1501,0.0,-0.0,0.0,-0.0,0.0,0.0,9.1501
2023,11,17,3,9.1501,0.0,-0.0,0.0,-0.0,0.0,0.0,9.1501
2023,11,17,4,9.1501,0.0,-0.0,0.0,-0.0,0.0,0.0,9.1501
2023,11,17,5,9.1501,0.0,-0.0,0.0,-0.0,0.0,0.0,9.1501
2023,11,17,6,9.1501,0.0,-0.0,0.0,-0.0,0.0,0.0,9.1501
2023,11,17,7,9.1501,0.0,-0.0,0.0,-0.0,0.0,0.0,9.1501
2023,11,17,8,9.1501,6.005591013428999,6.005591013428999,0.0,-0.0,0.0,0.0,3.3426934900141583
2023,11,17,9,9.1501,21.54106365077767,9.462357807652534,0.0,0.0,0.0,12.078705843125135,0.0
2023,11,17,10,9.1501,27.23229345383787,19.210436336481354,9.748078528828819,0.0,9.120706730761796,8.021857117356515,0.0
2023,11,17,11,9.1501,47.809603147347936,47.809603147347936,38.347245339695405,0.0,44.99998054268039,0.0,0.0
2023,11,17,12,9.1501,43.90635655723461,43.90635655723461,34.44399874958207,0.0,77.22721489461867,0.0,0.0
2023,11,17,13,9.1501,36.142065292920485,36.142065292920485,26.67970748526795,0.0,102.18985619013098,0.0,0.0
2023,11,17,14,9.1501,33.06649301284663,33.06649301284663,23.604135205194094,0.0,124.27486445131194,0.0,0.0
2023,11,17,15,9.1501,21.541924914367723,21.541924914367723,12.079567106715189,0.0,135.57700863173463,0.0,0.0
2023,11,17,16,9.1501,18.586068273311028,18.586068273311028,9.123710465658494,0.0,144.1135306968324,0.0,0.0
2023,11,17,17,9.1501,0.0,0.0,0.0,9.462357807652534,134.50596198371025,0.0,0.0
2023,11,17,18,9.1501,0.0,0.0,0.0,9.462357807652534,124.8983932705881,0.0,0.0
2023,11,17,19,9.1501,0.0,0.0,0.0,9.462357807652534,115.29082455746594,0.0,0.0
2023,11,17,20,9.1501,0.0,0.0,0.0,9.462357807652534,105.68325584434378,0.0,0.0
2023,11,17,21,9.1501,0.0,0.0,0.0,9.462357807652534,96.07568713122161,0.0,0.0
2023,11,17,22,9.1501,0.0,0.0,0.0,9.462357807652534,86.46811841809945,0.0,0.0
2023,11,17,23,9.1501,0.0,0.0,0.0,9.462357807652534,76.86054970497729,0.0,0.0
2023,11,18,0,9.1501,0.0,0.0,0.0,9.462357807652534,67.25298099185513,0.0,0.0
2023,11,18,1,9.1501,0.0,0.0,0.0,9.462357807652534,57.64541227873296,0.0,0.0
2023,11,18,2,9.1501,0.0,0.0,0.0,9.462357807652534,48.0378435656108,0.0,0.0
2023,11,18,3,9.1501,0.0,0.0,0.0,9.462357807652534,38.43027485248864,0.0,0.0
2023,11,18,4,9.1501,0.0,0.0,0.0,9.462357807652534,28.822706139366478,0.0,0.0
2023,11,18,5,9.1501,0.0,0.0,0.0,9.462357807652534,19.21513742624432,0.0,0.0
2023,11,18,6,9.1501,0.0,0.0,0.0,9.462357807652534,9.60756871312216,0.0,0.0
2023,11,18,7,9.1501,0.0,0.0,0.0,9.462357807652534,0.0,0.0,0.0
2023,11,18,8,9.1501,13.507196882777427,9.462357807652534,0.0,0.0,0.0,4.044839075124893,0.0
2023,11,18,9,9.1501,35.1671149089822,9.462357807652534,0.0,0.0,0.0,25.704757101329665,0.0
2023,11,18,10,9.1501,51.21590064600156,9.462357807652534,0.0,0.0,0.0,41.75354283834902,0.0
2023,11,18,11,9.1501,54.75827779188331,9.462357807652534,0.0,0.0,0.0,45.29591998423078,0.0
2023,11,18,12,9.1501,54.88488353962087,50.46042016555924,40.998062357906704,0.0,38.3594881996583,4.424463374061631,0.0
2023,11,18,13,9.1501,50.09798050611473,50.09798050611473,40.6356226984622,0.0,76.37986281589457,0.0,0.0
2023,11,18,14,9.1501,45.966499064637766,45.966499064637766,36.504141256985235,0.0,110.53465197548356,0.0,0.0
2023,11,18,15,9.1501,31.976994571431504,31.976994571431504,22.51463676377897,0.0,131.6002802903108,0.0,0.0
2023,11,18,16,9.1501,23.34627213552558,23.34627213552558,13.883914327873047,0.0,144.5906465953272,0.0,0.0
2023,11,18,17,9.1501,0.0,-0.0,0.0,9.462357807652534,134.98307788220504,0.0,0.0
2023,11,18,18,9.1501,0.0,-0.0,0.0,9.462357807652534,125.37550916908287,0.0,0.0
2023,11,18,19,9.1501,0.0,-0.0,0.0,9.462357807652534,115.76794045596071,0.0,0.0
2023,11,18,20,9.1501,0.0,-0.0,0.0,9.462357807652534,106.16037174283855,0.0,0.0
2023,11,18,21,9.1501,0.0,-0.0,0.0,9.462357807652534,96.55280302971639,0.0,0.0
2023,11,18,22,9.1501,0.0,-0.0,0.0,9.462357807652534,86.94523431659422,0.0,0.0
2023,11,18,23,9.1501,0.0,-0.0,0.0,9.462357807652534,77.33766560347206,0.0,0.0
2023,11,19,0,9.1501,0.0,-0.0,0.0,9.462357807652534,67.7300968903499,0.0,0.0
2023,11,19,1,9.1501,0.0,-0.0,0.0,9.462357807652534,58.122528177227736,0.0,0.0
2023,11,19,2,9.1501,0.0,-0.0,0.0,9.462357807652534,48.51495946410557,0.0,0.0
2023,11,19,3,9.1501,0.0,-0.0,0.0,9.462357807652534,38.90739075098341,0.0,0.0
2023,11,19,4,9.1501,0.0,-0.0,0.0,9.462357807652534,29.29982203786125,0.0,0.0
2023,11,19,5,9.1501,0.0,-0.0,0.0,9.462357807652534,19.69225332473909,0.0,0.0
2023,11,19,6,9.1501,0.0,-0.0,0.0,9.462357807652534,10.084684611616932,0.0,0.0
2023,11,19,7,9.1501,0.0,-0.0,0.0,9.462357807652534,0.4771158984947732,0.0,0.0
2023,11,19,8,9.1501,5.429405671684556,5.429405671684556,0.0,0.4699046639251345,0.0,0.0,3.4454669054654294
2023,11,19,9,9.1501,18.374197430158365,9.462357807652534,0.0,0.0,0.0,8.91183962250583,0.0
2023,11,19,10,9.1501,35.97325762927039,9.462357807652534,0.0,0.0,0.0,26.51089982161786,0.0
2023,11,19,11,9.1501,59.67609289107729,9.462357807652534,0.0,0.0,0.0,50.21373508342475,0.0
2023,11,19,12,9.1501,61.34780551936721,13.811070618098404,4.348712810445871,0.0,4.068836138638396,47.53673490126881,0.0
2023,11,19,13,9.1501,62.019591119607384,62.019591119607384,52.55723331195485,0.0,53.24356428643854,0.0,0.0
2023,11,19,14,9.1501,56.09409762005316,56.09409762005316,46.63173981240063,0.0,96.8741548603939,0.0,0.0
2023,11,19,15,9.1501,44.843411343210626,44.843411343210626,35.381053535558095,0.0,129.97813654959137,0.0,0.0
2023,11,19,16,9.1501,25.07999574229922,25.07999574229922,15.617637934646687,0.0,144.5906465953272,0.0,0.0
2023,11,19,17,9.1501,0.0,-0.0,0.0,9.462357807652534,134.98307788220504,0.0,0.0
2023,11,19,18,9.1501,0.0,-0.0,0.0,9.462357807652534,125.37550916908287,0.0,0.0
2023,11,19,19,9.1501,0.0,-0.0,0.0,9.462357807652534,115.76794045596071,0.0,0.0
2023,11,19,20,9.1501,0.0,-0.0,0.0,9.462357807652534,106.16037174283855,0.0,0.0
2023,11,19,21,9.1501,0.0,-0.0,0.0,9.462357807652534,96.55280302971639,0.0,0.0
2023,11,19,22,9.1501,0.0,-0.0,0.0,9.462357807652534,86.94523431659422,0.0,0.0
2023,11,19,23,9.1501,0.0,-0.0,0.0,9.462357807652534,77.33766560347206,0.0,0.0
2023,11,20,0,9.1501,0.0,-0.0,0.0,9.462357807652534,67.7300968903499,0.0,0.0
2023,11,20,1,9.1501,0.0,-0.0,0.0,9.462357807652534,58.122528177227736,0.0,0.0
2023,11,20,2,9.1501,0.0,-0.0,0.0,9.462357807652534,48.51495946410557,0.0,0.0
2023,11,20,3,9.1501,0.0,-0.0,0.0,9.462357807652534,38.90739075098341,0.0,0.0
2023,11,20,4,9.1501,0.0,-0.0,0.0,9.462357807652534,29.29982203786125,0.0,0.0
2023,11,20,5,9.1501,0.0,-0.0,0.0,9.462357807652534,19.69225332473909,0.0,0.0
2023,11,20,6,9.1501,0.0,-0.0,0.0,9.462357807652534,10.084684611616932,0.0,0.0
2023,11,20,7,9.1501,0.0,-0.0,0.0,9.462357807652534,0.4771158984947732,0.0,0.0
2023,11,20,8,9.1501,1.0705506424339948,1.0705506424339948,0.0,0.4699046639251345,-0.0,0.0,7.660479718750722
2023,11,20,9,9.1501,1.1799311183705246,1.1799311183705246,0.0,0.0,-0.0,0.0,8.009106608535703
2023,11,20,10,9.1501,4.984993659217991,4.984993659217991,0.0,0.0,-0.0,0.0,4.329611131536203
2023,11,20,11,9.1501,7.034801003540522,7.034801003540522,0.0,0.0,-0.0,0.0,2.3474474295763152
2023,11,20,12,9.1501,5.732570455382678,5.732570455382678,0.0,0.0,0.0,0.0,3.6067043696449503
2023,11,20,13,9.1501,13.173026609837441,13.173026609837441,3.710668802184907,0.0,3.4718556913166214,0.0,0.0
2023,11,20,14,9.1501,8.522203223559435,8.522203223559435,0.0,0.9401545840930988,2.517273339724901,0.0,0.0
2023,11,20,15,9.1501,15.042829863839223,15.042829863839223,5.580472056186689,0.0,7.738594535811447,0.0,0.0
2023,11,20,16,9.1501,1.3754379533122203,1.3754379533122203,0.0,7.621631716896327,-0.0,0.0,0.4499336289083351
2023,11,20,17,9.1501,0.0,-0.0,0.0,0.0,-0.0,0.0,9.1501
2023,11,20,18,9.1501,0.0,-0.0,0.0,0.0,-0.0,0.0,9.1501
2023,11,20,19,9.1501,0.0,-0.0,0.0,0.0,-0.0,0.0,9.1501
2023,11,20,20,9.1501,0.0,-0.0,0.0,0.0,-0.0,0.0,9.1501
2023,11,20,21,9.1501,0.0,-0.0,0.0,0.0,-0.0,0.0,9.1501
2023,11,20,22,9.1501,0.0,-0.0,0.0,0.0,-0.0,0.0,9.1501
2023,11,20,23,9.1501,0.0,-0.0,0.0,0.0,-0.0,0.0,9.1501
2023,11,21,0,9.1501,0.0,-0.0,0.0,0.0,-0.0,0.0,9.1501
2023,11,21,1,9.1501,0.0,-0.0,0.0,0.0,-0.0,0.0,9.1501
2023,11,21,2,9.1501,0.0,-0.0,0.0,0.0,-0.0,0.0,9.1501
2023,11,21,3,9.1501,0.0,-0.0,0.0,0.0,-0.0,0.0,9.1501
2023,11,21,4,9.1501,0.0,-0.0,0.0,0.0,-0.0,0.0,9.1501
2023,11,21,5,9.1501,0.0,-0.0,0.0,0.0,-0.0,0.0,9.1501
2023,11,21,6,9.1501,0.0,-0.0,0.0,0.0,-0.0,0.0,9.1501
2023,11,21,7,9.1501,0.0,-0.0,0.0,0.0,-0.0,0.0,9.1501
2023,11,21,8,9.1501,2.7293443168731537,2.7293443168731537,0.0,0.0,-0.0,0.0,6.510824045583661
2023,11,21,9,9.1501,4.487183304168233,4.487183304168233,0.0,0.0,-0.0,0.0,4.810993744869319
2023,11,21,10,9.1501,8.365453250170065,8.365453250170065,0.0,0.0,-0.0,0.0,1.0607067070855478
2023,11,21,11,9.1501,8.40851642967264,8.40851642967264,0.0,0.0,0.0,0.0,1.019064612506558
2023,11,21,12,9.1501,17.591308826801562,17.591308826801562,8.128951019149028,0.0,7.6057838532096085,0.0,0.0
2023,11,21,13,9.1501,22.485008545474088,22.485008545474088,13.022650737821554,0.0,19.79031620853927,0.0,0.0
2023,11,21,14,9.1501,32.19231046894436,32.19231046894436,22.72995266129183,0.0,41.057403010788185,0.0,0.0
2023,11,21,15,9.1501,18.02538567618751,18.02538567618751,8.563027868534979,0.0,49.069327174639916,0.0,0.0
2023,11,21,16,9.1501,9.737446149122079,9.737446149122079,0.27508834146954453,0.0,49.32671124065613,0.0,0.0
2023,11,21,17,9.1501,0.0,-0.0,0.0,9.462357807652534,39.719142527533975,0.0,0.0
2023,11,21,18,9.1501,0.0,-0.0,0.0,9.462357807652534,30.111573814411816,0.0,0.0
2023,11,21,19,9.1501,0.0,-0.0,0.0,9.462357807652534,20.504005101289657,0.0,0.0
2023,11,21,20,9.1501,0.0,-0.0,0.0,9.462357807652534,10.896436388167498,0.0,0.0
2023,11,21,21,9.1501,0.0,-0.0,0.0,9.462357807652534,1.2888676750453385,0.0,0.0
2023,11,21,22,9.1501,0.0,-0.0,0.0,1.2693874456853036,0.0,0.0,7.922602340022312
2023,11,21,23,9.1501,0.0,-0.0,0.0,-0.0,0.0,0.0,9.1501
2023,11,22,0,9.1501,0.0,-0.0,0.0,-0.0,0.0,0.0,9.1501
2023,11,22,1,9.1501,0.0,-0.0,0.0,-0.0,0.0,0.0,9.1501
2023,11,22,2,9.1501,0.0,-0.0,0.0,-0.0,0.0,0.0,9.1501
2023,11,22,3,9.1501,0.0,-0.0,0.0,-0.0,0.0,0.0,9.1501
2023,11,22,4,9.1501,0.0,-0.0,0.0,-0.0,0.0,0.0,9.1501
2023,11,22,5,9.1501,0.0,-0.0,0.0,-0.0,0.0,0.0,9.1501
2023,11,22,6,9.1501,0.0,-0.0,0.0,-0.0,-0.0,0.0,9.1501
2023,11,22,7,9.1501,0.0,-0.0,0.0,0.0,0.0,0.0,9.1501
2023,11,22,8,9.1501,0.05598213335334647,0.05598213335334647,0.0,-0.0,0.0,0.0,9.095965277047315
2023,11,22,9,9.1501,4.816185995567899,4.816185995567899,0.0,-0.0,0.0,0.0,4.492848142285842
2023,11,22,10,9.1501,15.817105831295507,15.817105831295507,6.354748023642973,0.0,5.945765916854924,0.0,0.0
2023,11,22,11,9.1501,39.18921587452263,39.18921587452263,29.726858066870097,0.0,33.75944772635893,0.0,0.0
2023,11,22,12,9.1501,46.32220092732902,46.32220092732902,36.85984311967649,0.0,68.24704630716852,0.0,0.0
2023,11,22,13,9.1501,23.506467163275158,23.506467163275158,14.044109355622624,0.0,81.38729772682666,0.0,0.0
2023,11,22,14,9.1501,28.435478689139803,28.435478689139803,18.97312088148727,0.0,99.13933684054203,0.0,0.0
2023,11,22,15,9.1501,30.86682580385514,30.86682580385514,21.404467996202605,0.0,119.16624519422305,0.0,0.0
2023,11,22,16,9.1501,16.92727459887187,16.92727459887187,7.464916791219334,0.0,126.15073107222419,0.0,0.0
2023,11,22,17,9.1501,0.0,-0.0,0.0,9.462357807652534,116.54316235910203,0.0,0.0
2023,11,22,18,9.1501,0.0,-0.0,0.0,9.462357807652534,106.93559364597986,0.0,0.0
2023,11,22,19,9.1501,0.0,-0.0,0.0,9.462357807652534,97.3280249328577,0.0,0.0
2023,11,22,20,9.1501,0.0,-0.0,0.0,9.462357807652534,87.72045621973554,0.0,0.0
2023,11,22,21,9.1501,0.0,-0.0,0.0,9.462357807652534,78.11288750661338,0.0,0.0
2023,11,22,22,9.1501,0.0,-0.0,0.0,9.462357807652534,68.50531879349121,0.0,0.0
2023,11,22,23,9.1501,0.0,-0.0,0.0,9.462357807652534,58.89775008036905,0.0,0.0
2023,11,23,0,9.1501,0.0,-0.0,0.0,9.462357807652534,49.29018136724689,0.0,0.0
2023,11,23,1,9.1501,0.0,-0.0,0.0,9.462357807652534,39.682612654124725,0.0,0.0
2023,11,23,2,9.1501,0.0,-0.0,0.0,9.462357807652534,30.075043941002566,0.0,0.0
2023,11,23,3,9.1501,0.0,-0.0,0.0,9.462357807652534,20.467475227880406,0.0,0.0
2023,11,23,4,9.1501,0.0,-0.0,0.0,9.462357807652534,10.859906514758247,0.0,0.0
2023,11,23,5,9.1501,0.0,-0.0,0.0,9.462357807652534,1.252337801636088,0.0,0.0
2023,11,23,6,9.1501,0.0,-0.0,0.0,1.2334096928127773,0.0,0.0,7.957392827050044
2023,11,23,7,9.1501,0.0,-0.0,0.0,-0.0,0.0,0.0,9.1501
2023,11,23,8,9.1501,11.346286535338251,9.462357807652534,0.0,0.0,0.0,1.883928727685717,0.0
2023,11,23,9,9.1501,31.00893429621364,9.462357807652534,0.0,0.0,0.0,21.546576488561104,0.0
2023,11,23,10,9.1501,49.90247367117304,9.462357807652534,0.0,0.0,0.0,40.440115863520504,0.0
2023,11,23,11,9.1501,63.08583544409111,9.462357807652534,0.0,0.0,0.0,53.62347763643858,0.0
2023,11,23,12,9.1501,71.59425845020972,9.462357807652534,-0.0,0.0,0.0,62.131900642557184,0.0
2023,11,23,13,9.1501,71.28161976702103,52.15228711266351,42.68992930501097,0.0,39.94246911290924,19.12933265435752,0.0
2023,11,23,14,9.1501,63.83255097666574,63.83255097666574,54.37019316901321,0.0,90.81347772479995,0.0,0.0
2023,11,23,15,9.1501,49.48476082999807,49.48476082999807,40.02240302234554,0.0,128.26009856885926,0.0,0.0
2023,11,23,16,9.1501,26.916209716288975,26.916209716288975,17.45385190863644,0.0,144.5906465953272,0.0,0.0
2023,11,23,17,9.1501,0.0,-0.0,0.0,9.462357807652534,134.98307788220504,0.0,0.0
2023,11,23,18,9.1501,0.0,-0.0,0.0,9.462357807652534,125.37550916908287,0.0,0.0
2023,11,23,19,9.1501,0.0,-0.0,0.0,9.462357807652534,115.76794045596071,0.0,0.0
2023,11,23,20,9.1501,0.0,-0.0,0.0,9.462357807652534,106.16037174283855,0.0,0.0
2023,11,23,21,9.1501,0.0,-0.0,0.0,9.462357807652534,96.55280302971639,0.0,0.0
2023,11,23,22,9.1501,0.0,-0.0,0.0,9.462357807652534,86.94523431659422,0.0,0.0
2023,11,23,23,9.1501,0.0,-0.0,0.0,9.462357807652534,77.33766560347206,0.0,0.0
2023,11,24,0,9.1501,0.0,-0.0,0.0,9.462357807652534,67.7300968903499,0.0,0.0
2023,11,24,1,9.1501,0.0,-0.0,0.0,9.462357807652534,58.122528177227736,0.0,0.0
2023,11,24,2,9.1501,0.0,-0.0,0.0,9.462357807652534,48.51495946410557,0.0,0.0
2023,11,24,3,9.1501,0.0,-0.0,0.0,9.462357807652534,38.90739075098341,0.0,0.0
2023,11,24,4,9.1501,0.0,-0.0,0.0,9.462357807652534,29.29982203786125,0.0,0.0
2023,11,24,5,9.1501,0.0,-0.0,0.0,9.462357807652534,19.69225332473909,0.0,0.0
2023,11,24,6,9.1501,0.0,-0.0,0.0,9.462357807652534,10.084684611616932,0.0,0.0
2023,11,24,7,9.1501,0.0,-0.0,0.0,9.462357807652534,0.4771158984947732,0.0,0.0
2023,11,24,8,9.1501,5.382036174231724,5.382036174231724,0.0,0.4699046639251345,0.0,0.0,3.491273209502318
2023,11,24,9,9.1501,17.789399452513408,17.789399452513408,8.327041644860874,0.0,7.791125661637563,0.0,0.0
2023,11,24,10,9.1501,23.569339405348916,23.569339405348916,14.106981597696382,0.0,20.99020295962284,0.0,0.0
2023,11,24,11,9.1501,33.04840647745555,33.04840647745555,23.586048669803017,0.0,43.058288707860385,0.0,0.0
2023,11,24,12,9.1501,23.568478141758863,23.568478141758863,14.106120334106329,0.0,56.25656017189598,0.0,0.0
2023,11,24,13,9.1501,21.437712019971492,21.437712019971492,11.975354212318958,0.0,67.46119844440658,0.0,0.0
2023,11,24,14,9.1501,20.650517098664437,20.650517098664437,11.188159291011903,0.0,77.92930448690349,0.0,0.0
2023,11,24,15,9.1501,9.855439260959134,9.855439260959134,0.3930814533065999,0.0,78.2970878040268,0.0,0.0
2023,11,24,16,9.1501,6.34837392226949,6.34837392226949,0.0,3.1139838853830444,75.13531620771522,0.0,0.0
2023,11,24,17,9.1501,0.0,-0.0,0.0,9.462357807652534,65.52774749459306,0.0,0.0
2023,11,24,18,9.1501,0.0,-0.0,0.0,9.462357807652534,55.920178781470895,0.0,0.0
2023,11,24,19,9.1501,0.0,-0.0,0.0,9.462357807652534,46.31261006834873,0.0,0.0
2023,11,24,20,9.1501,0.0,-0.0,0.0,9.462357807652534,36.70504135522657,0.0,0.0
2023,11,24,21,9.1501,0.0,-0.0,0.0,9.462357807652534,27.09747264210441,0.0,0.0
2023,11,24,22,9.1501,0.0,-0.0,0.0,9.462357807652534,17.48990392898225,0.0,0.0
2023,11,24,23,9.1501,0.0,-0.0,0.0,9.462357807652534,7.882335215860092,0.0,0.0
2023,11,25,0,9.1501,0.0,-0.0,0.0,7.763199868709593,0.0,0.0,1.6430857269578236
2023,11,25,1,9.1501,0.0,-0.0,0.0,-0.0,0.0,0.0,9.1501
2023,11,25,2,9.1501,0.0,-0.0,0.0,-0.0,0.0,0.0,9.1501
2023,11,25,3,9.1501,0.0,-0.0,0.0,-0.0,0.0,0.0,9.1501
2023,11,25,4,9.1501,0.0,-0.0,0.0,-0.0,0.0,0.0,9.1501
2023,11,25,5,9.1501,0.0,-0.0,0.0,-0.0,0.0,0.0,9.1501
2023,11,25,6,9.1501,0.0,-0.0,0.0,-0.0,0.0,0.0,9.1501
2023,11,25,7,9.1501,0.0,-0.0,0.0,-0.0,0.0,0.0,9.1501
2023,11,25,8,9.1501,0.1524436554391127,0.1524436554391127,0.0,-0.0,0.0,0.0,9.002686985190378
2023,11,25,9,9.1501,23.012963126175656,9.462357807652534,0.0,0.0,0.0,13.550605318523122,0.0
2023,11,25,10,9.1501,43.291414353937846,9.462357807652534,0.0,0.0,0.0,33.829056546285315,0.0
2023,11,25,11,9.1501,58.8165518282059,9.462357807652534,0.0,0.0,0.0,49.354194020553365,0.0
2023,11,25,12,9.1501,66.26475935497115,30.346470283496902,20.88411247584437,0.0,19.54004213867418,35.91828907147425,0.0
2023,11,25,13,9.1501,59.72862997007043,59.72862997007043,50.26627216241789,0.0,66.57125198030758,0.0,0.0
2023,11,25,14,9.1501,51.505285212258855,51.505285212258855,42.042927404606324,0.0,105.90835927033197,0.0,0.0
2023,11,25,15,9.1501,38.89466372672503,38.89466372672503,29.432305919072494,0.0,133.44644586904312,0.0,0.0
2023,11,25,16,9.1501,21.37311725071763,21.37311725071763,11.910759443065096,0.0,144.5906465953272,0.0,0.0
2023,11,25,17,9.1501,0.0,-0.0,0.0,9.462357807652534,134.98307788220504,0.0,0.0
2023,11,25,18,9.1501,0.0,-0.0,0.0,9.462357807652534,125.37550916908287,0.0,0.0
2023,11,25,19,9.1501,0.0,-0.0,0.0,9.462357807652534,115.76794045596071,0.0,0.0
2023,11,25,20,9.1501,0.0,-0.0,0.0,9.462357807652534,106.16037174283855,0.0,0.0
2023,11,25,21,9.1501,0.0,-0.0,0.0,9.462357807652534,96.55280302971639,0.0,0.0
2023,11,25,22,9.1501,0.0,-0.0,0.0,9.462357807652534,86.94523431659422,0.0,0.0
2023,11,25,23,9.1501,0.0,-0.0,0.0,9.462357807652534,77.33766560347206,0.0,0.0
2023,11,26,0,9.1501,0.0,-0.0,0.0,9.462357807652534,67.7300968903499,0.0,0.0
2023,11,26,1,9.1501,0.0,-0.0,0.0,9.462357807652534,58.122528177227736,0.0,0.0
2023,11,26,2,9.1501,0.0,-0.0,0.0,9.462357807652534,48.51495946410557,0.0,0.0
2023,11,26,3,9.1501,0.0,-0.0,0.0,9.462357807652534,38.90739075098341,0.0,0.0
2023,11,26,4,9.1501,0.0,-0.0,0.0,9.462357807652534,29.29982203786125,0.0,0.0
2023,11,26,5,9.1501,0.0,-0.0,0.0,9.462357807652534,19.69225332473909,0.0,0.0
2023,11,26,6,9.1501,0.0,-0.0,0.0,9.462357807652534,10.084684611616932,0.0,0.0
2023,11,26,7,9.1501,0.0,-0.0,0.0,9.462357807652534,0.4771158984947732,0.0,0.0
2023,11,26,8,9.1501,0.2523502318850849,0.2523502318850849,0.0,0.4699046639251345,0.0,0.0,8.451679515751518
2023,11,26,9,9.1501,37.79138506786907,9.462357807652534,0.0,0.0,0.0,28.329027260216538,0.0
2023,11,26,10,9.1501,57.834711335547205,9.462357807652534,0.0,0.0,0.0,48.372353527894674,0.0
2023,11,26,11,9.1501,69.61507472027141,9.462357807652534,0.0,0.0,0.0,60.15271691261887,0.0
2023,11,26,12,9.1501,74.710310119016,17.494694992748666,8.03233718509613,0.0,7.515387941448644,57.21561512626734,0.0
2023,11,26,13,9.1501,72.96366755839158,72.96366755839158,63.50130975073905,0.0,66.92984808791819,0.0,0.0
2023,11,26,14,9.1501,60.66654601963649,60.66654601963649,51.204188211983954,0.0,114.83861110076045,0.0,0.0
2023,11,26,15,9.1501,36.833659955731825,36.833659955731825,27.37130214807929,0.0,140.4483370578712,0.0,0.0
2023,11,26,16,9.1501,13.889597916760284,13.889597916760284,4.427240109107751,0.0,144.5906465953272,0.0,0.0
2023,11,26,17,9.1501,0.0,-0.0,0.0,9.462357807652534,134.98307788220504,0.0,0.0
2023,11,26,18,9.1501,0.0,-0.0,0.0,9.462357807652534,125.37550916908287,0.0,0.0
2023,11,26,19,9.1501,0.0,-0.0,0.0,9.462357807652534,115.76794045596071,0.0,0.0
2023,11,26,20,9.1501,0.0,-0.0,0.0,9.462357807652534,106.16037174283855,0.0,0.0
2023,11,26,21,9.1501,0.0,-0.0,0.0,9.462357807652534,96.55280302971639,0.0,0.0
2023,11,26,22,9.1501,0.0,-0.0,0.0,9.462357807652534,86.94523431659422,0.0,0.0
2023,11,26,23,9.1501,0.0,-0.0,0.0,9.462357807652534,77.33766560347206,0.0,0.0
2023,11,27,0,9.1501,0.0,-0.0,0.0,9.462357807652534,67.7300968903499,0.0,0.0
2023,11,27,1,9.1501,0.0,-0.0,0.0,9.462357807652534,58.122528177227736,0.0,0.0
2023,11,27,2,9.1501,0.0,-0.0,0.0,9.462357807652534,48.51495946410557,0.0,0.0
2023,11,27,3,9.1501,0.0,-0.0,0.0,9.462357807652534,38.90739075098341,0.0,0.0
2023,11,27,4,9.1501,0.0,-0.0,0.0,9.462357807652534,29.29982203786125,0.0,0.0
2023,11,27,5,9.1501,0.0,-0.0,0.0,9.462357807652534,19.69225332473909,0.0,0.0
2023,11,27,6,9.1501,0.0,-0.0,0.0,9.462357807652534,10.084684611616932,0.0,0.0
2023,11,27,7,9.1501,0.0,-0.0,0.0,9.462357807652534,0.4771158984947732,0.0,0.0
2023,11,27,8,9.1501,0.0008612635900514843,0.0008612635900514843,0.0,0.0,0.4771158984947732,0.0,9.14926715810842
2023,11,27,9,9.1501,1.923201596584964,1.923201596584964,0.0,0.4699046639251345,-0.0,0.0,6.835966246086735
2023,11,27,10,9.1501,3.34859283812017,3.34859283812017,0.0,0.0,-0.0,0.0,5.912010725537796
2023,11,27,11,9.1501,5.779078689245449,5.779078689245449,0.0,0.0,-0.0,0.0,3.561730907499651
2023,11,27,12,9.1501,2.6225476317067606,2.6225476317067606,0.0,0.0,-0.0,0.0,6.614096440139563
2023,11,27,13,9.1501,2.842169847169898,2.842169847169898,0.0,0.0,-0.0,0.0,6.401721757786709
2023,11,27,14,9.1501,1.9111439063242435,1.9111439063242435,0.0,0.0,-0.0,0.0,7.302023842584457
2023,11,27,15,9.1501,1.9085601155540888,1.9085601155540888,0.0,0.0,0.0,0.0,7.304522368259196
2023,11,27,16,9.1501,0.33675406371013034,0.33675406371013034,0.0,-0.0,0.0,0.0,8.824458820392303
2023,11,27,17,9.1501,0.0,-0.0,0.0,-0.0,0.0,0.0,9.1501
2023,11,27,18,9.1501,0.0,-0.0,0.0,-0.0,0.0,0.0,9.1501
2023,11,27,19,9.1501,0.0,-0.0,0.0,-0.0,0.0,0.0,9.1501
2023,11,27,20,9.1501,0.0,-0.0,0.0,-0.0,0.0,0.0,9.1501
2023,11,27,21,9.1501,0.0,-0.0,0.0,-0.0,0.0,0.0,9.1501
2023,11,27,22,9.1501,0.0,-0.0,0.0,-0.0,0.0,0.0,9.1501
2023,11,27,23,9.1501,0.0,-0.0,0.0,-0.0,0.0,0.0,9.1501
2023,11,28,0,9.1501,0.0,-0.0,0.0,-0.0,0.0,0.0,9.1501
2023,11,28,1,9.1501,0.0,-0.0,0.0,-0.0,0.0,0.0,9.1501
2023,11,28,2,9.1501,0.0,-0.0,0.0,-0.0,0.0,0.0,9.1501
2023,11,28,3,9.1501,0.0,-0.0,0.0,-0.0,0.0,0.0,9.1501
2023,11,28,4,9.1501,0.0,-0.0,0.0,-0.0,0.0,0.0,9.1501
2023,11,28,5,9.1501,0.0,-0.0,0.0,-0.0,0.0,0.0,9.1501
2023,11,28,6,9.1501,0.0,-0.0,0.0,-0.0,0.0,0.0,9.1501
2023,11,28,7,9.1501,0.0,-0.0,0.0,-0.0,0.0,0.0,9.1501
2023,11,28,8,9.1501,0.1472760738988038,0.1472760738988038,0.0,-0.0,0.0,0.0,9.007684036539857
2023,11,28,9,9.1501,14.255634942532167,9.462357807652534,0.0,0.0,0.0,4.793277134879633,0.0
2023,11,28,10,9.1501,23.621015220752003,9.462357807652534,0.0,0.0,0.0,14.15865741309947,0.0
2023,11,28,11,9.1501,39.70941908291373,25.82362991589343,16.361272108240897,0.0,15.30828503280295,13.885789167020302,0.0
2023,11,28,12,9.1501,47.862140226341076,47.862140226341076,38.39978241868854,0.0,51.23671471565243,0.0,0.0
2023,11,28,13,9.1501,48.800056275907146,48.800056275907146,39.337698468254615,0.0,88.04269756971078,0.0,0.0
2023,11,28,14,9.1501,34.247285394807214,34.247285394807214,24.78492758715468,0.0,111.23250417591227,0.0,0.0
2023,11,28,15,9.1501,33.1345328364607,33.1345328364607,23.672175028808166,0.0,133.3811733191185,0.0,0.0
2023,11,28,16,9.1501,21.4428796015118,21.4428796015118,11.980521793859268,0.0,144.5906465953272,0.0,0.0
2023,11,28,17,9.1501,0.0,-0.0,0.0,9.462357807652534,134.98307788220504,0.0,0.0
2023,11,28,18,9.1501,0.0,-0.0,0.0,9.462357807652534,125.37550916908287,0.0,0.0
2023,11,28,19,9.1501,0.0,-0.0,0.0,9.462357807652534,115.76794045596071,0.0,0.0
2023,11,28,20,9.1501,0.0,-0.0,0.0,9.462357807652534,106.16037174283855,0.0,0.0
2023,11,28,21,9.1501,0.0,-0.0,0.0,9.462357807652534,96.55280302971639,0.0,0.0
2023,11,28,22,9.1501,0.0,-0.0,0.0,9.462357807652534,86.94523431659422,0.0,0.0
2023,11,28,23,9.1501,0.0,-0.0,0.0,9.462357807652534,77.33766560347206,0.0,0.0
2023,11,29,0,9.1501,0.0,-0.0,0.0,9.462357807652534,67.7300968903499,0.0,0.0
2023,11,29,1,9.1501,0.0,-0.0,0.0,9.462357807652534,58.122528177227736,0.0,0.0
2023,11,29,2,9.1501,0.0,-0.0,0.0,9.462357807652534,48.51495946410557,0.0,0.0
2023,11,29,3,9.1501,0.0,-0.0,0.0,9.462357807652534,38.90739075098341,0.0,0.0
2023,11,29,4,9.1501,0.0,-0.0,0.0,9.462357807652534,29.29982203786125,0.0,0.0
2023,11,29,5,9.1501,0.0,-0.0,0.0,9.462357807652534,19.69225332473909,0.0,0.0
2023,11,29,6,9.1501,0.0,-0.0,0.0,9.462357807652534,10.084684611616932,0.0,0.0
2023,11,29,7,9.1501,0.0,-0.0,0.0,9.462357807652534,0.4771158984947732,0.0,0.0
2023,11,29,8,9.1501,0.059427187713552404,0.059427187713552404,0.0,0.4699046639251345,0.0,0.0,8.63823609946539
2023,11,29,9,9.1501,16.16591758526635,16.16591758526635,6.703559777613815,0.0,6.2721286664780465,0.0,0.0
2023,11,29,10,9.1501,27.09449127942964,27.09449127942964,17.632133471777106,0.0,22.769484320531152,0.0,0.0
2023,11,29,11,9.1501,26.296961195041966,26.296961195041966,16.834603387389432,0.0,38.52063773717434,0.0,0.0
2023,11,29,12,9.1501,18.643772933844478,18.643772933844478,9.181415126191943,0.0,47.11115067690115,0.0,0.0
2023,11,29,13,9.1501,9.294756663835617,9.294756663835617,0.0,0.16760114381691685,46.94097749825463,0.0,0.0
2023,11,29,14,9.1501,5.643860305607376,5.643860305607376,0.0,3.818497502045158,43.063880702980775,0.0,0.0
2023,11,29,15,9.1501,5.427683144504454,5.427683144504454,0.0,4.03467466314808,38.96728925619159,0.0,0.0
2023,11,29,16,9.1501,0.7949462936175199,0.7949462936175199,0.0,8.667411514035015,30.166866213781162,0.0,0.0
2023,11,29,17,9.1501,0.0,-0.0,0.0,9.462357807652534,20.559297500659003,0.0,0.0
2023,11,29,18,9.1501,0.0,-0.0,0.0,9.462357807652534,10.951728787536844,0.0,0.0
2023,11,29,19,9.1501,0.0,-0.0,0.0,9.462357807652534,1.3441600744146847,0.0,0.0
2023,11,29,20,9.1501,0.0,-0.0,0.0,1.3238441435761907,-0.0,0.0,7.869942713161824
2023,11,29,21,9.1501,0.0,-0.0,0.0,0.0,-0.0,0.0,9.1501
2023,11,29,22,9.1501,0.0,-0.0,0.0,0.0,-0.0,0.0,9.1501
2023,11,29,23,9.1501,0.0,-0.0,0.0,0.0,-0.0,0.0,9.1501
2023,11,30,0,9.1501,0.0,-0.0,0.0,0.0,-0.0,0.0,9.1501
2023,11,30,1,9.1501,0.0,-0.0,0.0,0.0,-0.0,0.0,9.1501
2023,11,30,2,9.1501,0.0,-0.0,0.0,0.0,-0.0,0.0,9.1501
2023,11,30,3,9.1501,0.0,-0.0,0.0,0.0,-0.0,0.0,9.1501
2023,11,30,4,9.1501,0.0,-0.0,0.0,0.0,-0.0,0.0,9.1501
2023,11,30,5,9.1501,0.0,-0.0,0.0,0.0,-0.0,0.0,9.1501
2023,11,30,6,9.1501,0.0,-0.0,0.0,0.0,-0.0,0.0,9.1501
2023,11,30,7,9.1501,0.0,-0.0,0.0,0.0,-0.0,0.0,9.1501
2023,11,30,8,9.1501,0.0,-0.0,0.0,0.0,-0.0,0.0,9.1501
2023,11,30,9,9.1501,0.09904531285592068,0.09904531285592068,0.0,0.0,-0.0,0.0,9.054323182468325
2023,11,30,10,9.1501,0.8156166197787554,0.8156166197787554,0.0,0.0,-0.0,0.0,8.361398728673944
2023,11,30,11,9.1501,1.7518101421647188,1.7518101421647188,0.0,0.0,-0.0,0.0,7.4560995925267175
2023,11,30,12,9.1501,2.292683676717051,2.292683676717051,0.0,0.0,-0.0,0.0,6.933074884614612
2023,11,30,13,9.1501,2.6423566942779533,2.6423566942779533,0.0,0.0,-0.0,0.0,6.594941076633219
2023,11,30,14,9.1501,1.958513403777075,1.958513403777075,0.0,0.0,-0.0,0.0,7.256217538547569
2023,11,30,15,9.1501,0.652837801259025,0.652837801259025,0.0,0.0,-0.0,0.0,8.518805846182524
2023,11,30,16,9.1501,0.017225271801029684,0.017225271801029684,0.0,0.0,-0.0,0.0,9.133443162168405
2023,11,30,17,9.1501,0.0,-0.0,0.0,0.0,-0.0,0.0,9.1501
2023,11,30,18,9.1501,0.0,-0.0,0.0,0.0,-0.0,0.0,9.1501
2023,11,30,19,9.1501,0.0,-0.0,0.0,0.0,-0.0,0.0,9.1501
2023,11,30,20,9.1501,0.0,-0.0,0.0,0.0,-0.0,0.0,9.1501
2023,11,30,21,9.1501,0.0,-0.0,0.0,0.0,-0.0,0.0,9.1501
2023,11,30,22,9.1501,0.0,-0.0,0.0,0.0,-0.0,0.0,9.1501
2023,11,30,23,9.1501,0.0,-0.0,0.0,0.0,-0.0,0.0,9.1501
2023,12,1,0,9.1501,0.0,-0.0,0.0,0.0,-0.0,0.0,9.1501
2023,12,1,1,9.1501,0.0,-0.0,0.0,0.0,-0.0,0.0,9.1501
2023,12,1,2,9.1501,0.0,-0.0,0.0,0.0,-0.0,0.0,9.1501
2023,12,1,3,9.1501,0.0,-0.0,0.0,0.0,-0.0,0.0,9.1501
2023,12,1,4,9.1501,0.0,-0.0,0.0,0.0,-0.0,0.0,9.1501
2023,12,1,5,9.1501,0.0,-0.0,0.0,0.0,-0.0,0.0,9.1501
2023,12,1,6,9.1501,0.0,-0.0,0.0,0.0,-0.0,0.0,9.1501
2023,12,1,7,9.1501,0.0,-0.0,0.0,0.0,-0.0,0.0,9.1501
2023,12,1,8,9.1501,0.0,-0.0,0.0,0.0,-0.0,0.0,9.1501
2023,12,1,9,9.1501,0.21531589751287106,0.21531589751287106,0.0,0.0,-0.0,0.0,8.941889527105054
2023,12,1,10,9.1501,0.7269064700034525,0.7269064700034525,0.0,0.0,-0.0,0.0,8.447181443506661
2023,12,1,11,9.1501,1.4589805215472142,1.4589805215472142,0.0,0.0,-0.0,0.0,7.739265835663844
2023,12,1,12,9.1501,2.120430958706754,2.120430958706754,0.0,0.0,-0.0,0.0,7.099643262930569
2023,12,1,13,9.1501,2.162632874619277,2.162632874619277,0.0,0.0,-0.0,0.0,7.058834010243159
2023,12,1,14,9.1501,1.681186527780497,1.681186527780497,0.0,0.0,-0.0,0.0,7.52439262763626
2023,12,1,15,9.1501,0.727767733593504,0.727767733593504,0.0,0.0,-0.0,0.0,8.446348601615082
2023,12,1,16,9.1501,1.3702703717719114,1.3702703717719114,0.0,0.0,0.0,0.0,7.825048550496562
2023,12,1,17,9.1501,0.0,-0.0,0.0,-0.0,0.0,0.0,9.1501
2023,12,1,18,9.1501,0.0,-0.0,0.0,-0.0,0.0,0.0,9.1501
2023,12,1,19,9.1501,0.0,-0.0,0.0,-0.0,0.0,0.0,9.1501
2023,12,1,20,9.1501,0.0,-0.0,0.0,-0.0,0.0,0.0,9.1501
2023,12,1,21,9.1501,0.0,-0.0,0.0,-0.0,0.0,0.0,9.1501
2023,12,1,22,9.1501,0.0,-0.0,0.0,-0.0,0.0,0.0,9.1501
2023,12,1,23,9.1501,0.0,-0.0,0.0,-0.0,0.0,0.0,9.1501
2023,12,2,0,9.1501,0.0,-0.0,0.0,-0.0,0.0,0.0,9.1501
2023,12,2,1,9.1501,0.0,-0.0,0.0,-0.0,0.0,0.0,9.1501
2023,12,2,2,9.1501,0.0,-0.0,0.0,-0.0,0.0,0.0,9.1501
2023,12,2,3,9.1501,0.0,-0.0,0.0,-0.0,0.0,0.0,9.1501
2023,12,2,4,9.1501,0.0,-0.0,0.0,-0.0,0.0,0.0,9.1501
2023,12,2,5,9.1501,0.0,-0.0,0.0,-0.0,0.0,0.0,9.1501
2023,12,2,6,9.1501,0.0,-0.0,0.0,-0.0,0.0,0.0,9.1501
2023,12,2,7,9.1501,0.0,-0.0,0.0,-0.0,0.0,0.0,9.1501
2023,12,2,8,9.1501,0.0,-0.0,0.0,-0.0,0.0,0.0,9.1501
2023,12,2,9,9.1501,21.88212403243806,16.186261094321083,6.723903286668549,0.0,6.291162897625661,5.695862938116978,0.0
2023,12,2,10,9.1501,37.36075327284333,37.36075327284333,27.898395465190802,0.0,32.39405923194472,0.0,0.0
2023,12,2,11,9.1501,41.33634600452098,41.33634600452098,31.87398819686845,0.0,62.216685078017775,0.0,0.0
2023,12,2,12,9.1501,48.96972520314729,48.96972520314729,39.50736739549476,0.0,99.18141722016442,0.0,0.0
2023,12,2,13,9.1501,40.33039013134084,40.33039013134084,30.868032323688308,0.0,128.06282901300335,0.0,0.0
2023,12,2,14,9.1501,20.562668212479185,20.562668212479185,11.10031040482665,0.0,138.44873999263223,0.0,0.0
2023,12,2,15,9.1501,15.956630532883846,15.956630532883846,6.494272725231312,0.0,144.5250510093364,0.0,0.0
2023,12,2,16,9.1501,9.532465414689828,9.532465414689828,0.07010760703729353,0.0,144.5906465953272,0.0,0.0
2023,12,2,17,9.1501,0.0,-0.0,0.0,9.462357807652534,134.98307788220504,0.0,0.0
2023,12,2,18,9.1501,0.0,-0.0,0.0,9.462357807652534,125.37550916908287,0.0,0.0
2023,12,2,19,9.1501,0.0,-0.0,0.0,9.462357807652534,115.76794045596071,0.0,0.0
2023,12,2,20,9.1501,0.0,-0.0,0.0,9.462357807652534,106.16037174283855,0.0,0.0
2023,12,2,21,9.1501,0.0,-0.0,0.0,9.462357807652534,96.55280302971639,0.0,0.0
2023,12,2,22,9.1501,0.0,-0.0,0.0,9.462357807652534,86.94523431659422,0.0,0.0
2023,12,2,23,9.1501,0.0,-0.0,0.0,9.462357807652534,77.33766560347206,0.0,0.0
2023,12,3,0,9.1501,0.0,-0.0,0.0,9.462357807652534,67.7300968903499,0.0,0.0
2023,12,3,1,9.1501,0.0,-0.0,0.0,9.462357807652534,58.122528177227736,0.0,0.0
2023,12,3,2,9.1501,0.0,-0.0,0.0,9.462357807652534,48.51495946410557,0.0,0.0
2023,12,3,3,9.1501,0.0,-0.0,0.0,9.462357807652534,38.90739075098341,0.0,0.0
2023,12,3,4,9.1501,0.0,-0.0,0.0,9.462357807652534,29.29982203786125,0.0,0.0
2023,12,3,5,9.1501,0.0,-0.0,0.0,9.462357807652534,19.69225332473909,0.0,0.0
2023,12,3,6,9.1501,0.0,-0.0,0.0,9.462357807652534,10.084684611616932,0.0,0.0
2023,12,3,7,9.1501,0.0,-0.0,0.0,9.462357807652534,0.4771158984947732,0.0,0.0
2023,12,3,8,9.1501,0.04823076104288311,0.04823076104288311,0.0,0.4699046639251345,0.0,0.0,8.649063044055927
2023,12,3,9,9.1501,36.15929056472151,9.462357807652534,0.0,0.0,0.0,26.696932757068975,0.0
2023,12,3,10,9.1501,56.19142040572898,9.462357807652534,0.0,0.0,0.0,46.72906259807644,0.0
2023,12,3,11,9.1501,68.02776592380653,9.462357807652534,0.0,0.0,0.0,58.56540811615399,0.0
2023,12,3,12,9.1501,73.6130603052904,9.462357807652534,0.0,0.0,0.0,64.15070249763787,0.0
2023,12,3,13,9.1501,67.00200098805522,57.23201976678713,47.769661959134595,0.0,44.69527774816161,9.769981221268083,0.0
2023,12,3,14,9.1501,64.04614434699852,64.04614434699852,54.58378653934598,0.0,95.76613317957464,0.0,0.0
2023,12,3,15,9.1501,46.66842889052972,46.66842889052972,37.20607108287719,0.0,130.5776770081583,0.0,0.0
2023,12,3,16,9.1501,24.439215631300915,24.439215631300915,14.97685782364838,0.0,144.5906465953272,0.0,0.0
2023,12,3,17,9.1501,0.0,-0.0,0.0,9.462357807652534,134.98307788220504,0.0,0.0
2023,12,3,18,9.1501,0.0,-0.0,0.0,9.462357807652534,125.37550916908287,0.0,0.0
2023,12,3,19,9.1501,0.0,-0.0,0.0,9.462357807652534,115.76794045596071,0.0,0.0
2023,12,3,20,9.1501,0.0,-0.0,0.0,9.462357807652534,106.16037174283855,0.0,0.0
2023,12,3,21,9.1501,0.0,-0.0,0.0,9.462357807652534,96.55280302971639,0.0,0.0
2023,12,3,22,9.1501,0.0,-0.0,0.0,9.462357807652534,86.94523431659422,0.0,0.0
2023,12,3,23,9.1501,0.0,-0.0,0.0,9.462357807652534,77.33766560347206,0.0,0.0
2023,12,4,0,9.1501,0.0,-0.0,0.0,9.462357807652534,67.7300968903499,0.0,0.0
2023,12,4,1,9.1501,0.0,-0.0,0.0,9.462357807652534,58.122528177227736,0.0,0.0
2023,12,4,2,9.1501,0.0,-0.0,0.0,9.462357807652534,48.51495946410557,0.0,0.0
2023,12,4,3,9.1501,0.0,-0.0,0.0,9.462357807652534,38.90739075098341,0.0,0.0
2023,12,4,4,9.1501,0.0,-0.0,0.0,9.462357807652534,29.29982203786125,0.0,0.0
2023,12,4,5,9.1501,0.0,-0.0,0.0,9.462357807652534,19.69225332473909,0.0,0.0
2023,12,4,6,9.1501,0.0,-0.0,0.0,9.462357807652534,10.084684611616932,0.0,0.0
2023,12,4,7,9.1501,0.0,-0.0,0.0,9.462357807652534,0.4771158984947732,0.0,0.0
2023,12,4,8,9.1501,0.0,-0.0,0.0,0.4699046639251345,0.0,0.0,8.695702189984395
2023,12,4,9,9.1501,28.606008879969995,9.462357807652534,0.0,0.0,0.0,19.14365107231746,0.0
2023,12,4,10,9.1501,36.930121477817586,24.088699789286608,14.626341981634077,0.0,13.685012422067693,12.841421688530978,0.0
2023,12,4,11,9.1501,56.70559476898971,56.70559476898971,47.24323696133718,0.0,57.887745100300634,0.0,0.0
2023,12,4,12,9.1501,25.79312199486185,25.79312199486185,16.330764187209315,0.0,73.16748565637708,0.0,0.0
2023,12,4,13,9.1501,40.966002660798836,40.966002660798836,31.5036448531463,0.0,102.64360290408483,0.0,0.0
2023,12,4,14,9.1501,30.969316171071267,30.969316171071267,21.506958363418732,0.0,122.76640549777858,0.0,0.0
2023,12,4,15,9.1501,28.500934721983715,28.500934721983715,19.03857691433118,0.0,140.57968799167014,0.0,0.0
2023,12,4,16,9.1501,13.749211951581884,13.749211951581884,4.28685414392935,0.0,144.5906465953272,0.0,0.0
2023,12,4,17,9.1501,0.0,-0.0,0.0,9.462357807652534,134.98307788220504,0.0,0.0
2023,12,4,18,9.1501,0.0,-0.0,0.0,9.462357807652534,125.37550916908287,0.0,0.0
2023,12,4,19,9.1501,0.0,-0.0,0.0,9.462357807652534,115.76794045596071,0.0,0.0
2023,12,4,20,9.1501,0.0,-0.0,0.0,9.462357807652534,106.16037174283855,0.0,0.0
2023,12,4,21,9.1501,0.0,-0.0,0.0,9.462357807652534,96.55280302971639,0.0,0.0
2023,12,4,22,9.1501,0.0,-0.0,0.0,9.462357807652534,86.94523431659422,0.0,0.0
2023,12,4,23,9.1501,0.0,-0.0,0.0,9.462357807652534,77.33766560347206,0.0,0.0
2023,12,5,0,9.1501,0.0,-0.0,0.0,9.462357807652534,67.7300968903499,0.0,0.0
2023,12,5,1,9.1501,0.0,-0.0,0.0,9.462357807652534,58.122528177227736,0.0,0.0
2023,12,5,2,9.1501,0.0,-0.0,0.0,9.462357807652534,48.51495946410557,0.0,0.0
2023,12,5,3,9.1501,0.0,-0.0,0.0,9.462357807652534,38.90739075098341,0.0,0.0
2023,12,5,4,9.1501,0.0,-0.0,0.0,9.462357807652534,29.29982203786125,0.0,0.0
2023,12,5,5,9.1501,0.0,-0.0,0.0,9.462357807652534,19.69225332473909,0.0,0.0
2023,12,5,6,9.1501,0.0,-0.0,0.0,9.462357807652534,10.084684611616932,0.0,0.0
2023,12,5,7,9.1501,0.0,-0.0,0.0,9.462357807652534,0.4771158984947732,0.0,0.0
2023,12,5,8,9.1501,0.0,-0.0,0.0,0.4699046639251345,0.0,0.0,8.695702189984395
2023,12,5,9,9.1501,11.932807040163313,11.932807040163313,2.470449232510779,0.0,2.3114548037677234,0.0,0.0
2023,12,5,10,9.1501,29.069368691417694,29.069368691417694,19.60701088376516,0.0,20.656587704452527,0.0,0.0
2023,12,5,11,9.1501,33.8605780428741,33.8605780428741,24.39822023522157,0.0,43.484574867244675,0.0,0.0
2023,12,5,12,9.1501,30.82634641512272,30.82634641512272,21.363988607470187,0.0,63.47360902529043,0.0,0.0
2023,12,5,13,9.1501,44.75556245702537,44.75556245702537,35.29320464937284,0.0,96.49539565161984,0.0,0.0
2023,12,5,14,9.1501,28.555194328156958,28.555194328156958,19.092836520504424,0.0,114.35944568434167,0.0,0.0
2023,12,5,15,9.1501,14.756890351942129,14.756890351942129,5.294532544289595,0.0,119.31323000913221,0.0,0.0
2023,12,5,16,9.1501,6.056405565242036,6.056405565242036,0.0,3.405952242410498,115.85500946117244,0.0,0.0
2023,12,5,17,9.1501,0.0,-0.0,0.0,9.462357807652534,106.24744074805028,0.0,0.0
2023,12,5,18,9.1501,0.0,-0.0,0.0,9.462357807652534,96.63987203492812,0.0,0.0
2023,12,5,19,9.1501,0.0,-0.0,0.0,9.462357807652534,87.03230332180595,0.0,0.0
2023,12,5,20,9.1501,0.0,-0.0,0.0,9.462357807652534,77.42473460868379,0.0,0.0
2023,12,5,21,9.1501,0.0,-0.0,0.0,9.462357807652534,67.81716589556163,0.0,0.0
2023,12,5,22,9.1501,0.0,-0.0,0.0,9.462357807652534,58.20959718243947,0.0,0.0
2023,12,5,23,9.1501,0.0,-0.0,0.0,9.462357807652534,48.602028469317304,0.0,0.0
2023,12,6,0,9.1501,0.0,-0.0,0.0,9.462357807652534,38.99445975619514,0.0,0.0
2023,12,6,1,9.1501,0.0,-0.0,0.0,9.462357807652534,29.386891043072982,0.0,0.0
2023,12,6,2,9.1501,0.0,-0.0,0.0,9.462357807652534,19.779322329950823,0.0,0.0
2023,12,6,3,9.1501,0.0,-0.0,0.0,9.462357807652534,10.171753616828664,0.0,0.0
2023,12,6,4,9.1501,0.0,-0.0,0.0,9.462357807652534,0.5641849037065043,0.0,0.0
2023,12,6,5,9.1501,0.0,-0.0,0.0,0.5556576890525331,0.0,0.0,8.6127790146862
2023,12,6,6,9.1501,0.0,-0.0,0.0,-0.0,0.0,0.0,9.1501
2023,12,6,7,9.1501,0.0,-0.0,0.0,-0.0,0.0,0.0,9.1501
2023,12,6,8,9.1501,0.028421698471698977,0.028421698471698977,0.0,-0.0,0.0,0.0,9.122616217577868
2023,12,6,9,9.1501,28.38208034655661,9.462357807652534,0.0,0.0,0.0,18.919722538904075,0.0
2023,12,6,10,9.1501,46.81225991006831,9.462357807652534,0.0,0.0,0.0,37.34990210241578,0.0
2023,12,6,11,9.1501,60.02059832709788,9.462357807652534,0.0,0.0,0.0,50.55824051944535,0.0
2023,12,6,12,9.1501,68.57036198553897,9.462357807652534,0.0,0.0,0.0,59.10800417788643,0.0
2023,12,6,13,9.1501,67.87876732272763,63.25225226124704,53.7898944535945,0.0,50.32805705647195,4.626515061480589,0.0
2023,12,6,14,9.1501,58.07414261358152,58.07414261358152,48.61178480592899,0.0,95.81125988075712,0.0,0.0
2023,12,6,15,9.1501,45.261124184385594,45.261124184385594,35.798766376733056,0.0,129.30607103555263,0.0,0.0
2023,12,6,16,9.1501,25.798289576402155,25.798289576402155,16.33593176874962,0.0,144.5906465953272,0.0,0.0
2023,12,6,17,9.1501,0.0,-0.0,0.0,9.462357807652534,134.98307788220504,0.0,0.0
2023,12,6,18,9.1501,0.0,-0.0,0.0,9.462357807652534,125.37550916908287,0.0,0.0
2023,12,6,19,9.1501,0.0,-0.0,0.0,9.462357807652534,115.76794045596071,0.0,0.0
2023,12,6,20,9.1501,0.0,-0.0,0.0,9.462357807652534,106.16037174283855,0.0,0.0
2023,12,6,21,9.1501,0.0,-0.0,0.0,9.462357807652534,96.55280302971639,0.0,0.0
2023,12,6,22,9.1501,0.0,-0.0,0.0,9.462357807652534,86.94523431659422,0.0,0.0
2023,12,6,23,9.1501,0.0,-0.0,0.0,9.462357807652534,77.33766560347206,0.0,0.0
2023,12,7,0,9.1501,0.0,-0.0,0.0,9.462357807652534,67.7300968903499,0.0,0.0
2023,12,7,1,9.1501,0.0,-0.0,0.0,9.462357807652534,58.122528177227736,0.0,0.0
2023,12,7,2,9.1501,0.0,-0.0,0.0,9.462357807652534,48.51495946410557,0.0,0.0
2023,12,7,3,9.1501,0.0,-0.0,0.0,9.462357807652534,38.90739075098341,0.0,0.0
2023,12,7,4,9.1501,0.0,-0.0,0.0,9.462357807652534,29.29982203786125,0.0,0.0
2023,12,7,5,9.1501,0.0,-0.0,0.0,9.462357807652534,19.69225332473909,0.0,0.0
2023,12,7,6,9.1501,0.0,-0.0,0.0,9.462357807652534,10.084684611616932,0.0,0.0
2023,12,7,7,9.1501,0.0,-0.0,0.0,9.462357807652534,0.4771158984947732,0.0,0.0
2023,12,7,8,9.1501,0.04392444309262569,0.04392444309262569,0.0,0.4699046639251345,0.0,0.0,8.653227253513826
2023,12,7,9,9.1501,12.621817912204502,12.621817912204502,3.159460104551968,0.0,2.9561219635171176,0.0,0.0
2023,12,7,10,9.1501,16.8859339465494,16.8859339465494,7.423576138896866,0.0,9.90192781193329,0.0,0.0
2023,12,7,11,9.1501,22.567689850119038,22.567689850119038,13.105332042466504,0.0,22.163820226432886,0.0,0.0
2023,12,7,12,9.1501,10.0388884056401,10.0388884056401,0.5765305979875652,0.0,22.703246174839467,0.0,0.0
2023,12,7,13,9.1501,4.457039078516431,4.457039078516431,0.0,5.0053187291361025,17.621114997939646,0.0,0.0
2023,12,7,14,9.1501,7.492993233447912,7.492993233447912,0.0,1.9693645742046222,15.62152822977098,0.0,0.0
2023,12,7,15,9.1501,0.7286289971835557,0.7286289971835557,0.0,8.733728810468978,6.753770174744297,0.0,0.0
2023,12,7,16,9.1501,0.02669917129159601,0.02669917129159601,0.0,6.65169220770682,0.0,0.0,2.6920955365085315
2023,12,7,17,9.1501,0.0,-0.0,0.0,-0.0,0.0,0.0,9.1501
2023,12,7,18,9.1501,0.0,-0.0,0.0,-0.0,0.0,0.0,9.1501
2023,12,7,19,9.1501,0.0,-0.0,0.0,-0.0,0.0,0.0,9.1501
2023,12,7,20,9.1501,0.0,-0.0,0.0,-0.0,0.0,0.0,9.1501
2023,12,7,21,9.1501,0.0,-0.0,0.0,-0.0,0.0,0.0,9.1501
2023,12,7,22,9.1501,0.0,-0.0,0.0,-0.0,0.0,0.0,9.1501
2023,12,7,23,9.1501,0.0,-0.0,0.0,-0.0,0.0,0.0,9.1501
2023,12,8,0,9.1501,0.0,-0.0,0.0,-0.0,0.0,0.0,9.1501
2023,12,8,1,9.1501,0.0,-0.0,0.0,-0.0,0.0,0.0,9.1501
2023,12,8,2,9.1501,0.0,-0.0,0.0,-0.0,0.0,0.0,9.1501
2023,12,8,3,9.1501,0.0,-0.0,0.0,-0.0,0.0,0.0,9.1501
2023,12,8,4,9.1501,0.0,-0.0,0.0,-0.0,0.0,0.0,9.1501
2023,12,8,5,9.1501,0.0,-0.0,0.0,-0.0,0.0,0.0,9.1501
2023,12,8,6,9.1501,0.0,-0.0,0.0,-0.0,0.0,0.0,9.1501
2023,12,8,7,9.1501,0.0,-0.0,0.0,-0.0,0.0,0.0,9.1501
2023,12,8,8,9.1501,0.0,-0.0,0.0,-0.0,0.0,0.0,9.1501
2023,12,8,9,9.1501,4.421727271324319,4.421727271324319,0.0,-0.0,0.0,0.0,4.874289728629384
2023,12,8,10,9.1501,8.212148331140892,8.212148331140892,0.0,-0.0,0.0,0.0,1.2089525637867582
2023,12,8,11,9.1501,12.116256184844278,12.116256184844278,2.653898377191745,0.0,2.483097435050999,0.0,0.0
2023,12,8,12,9.1501,36.39010920685531,36.39010920685531,26.927751399202773,0.0,27.677818908073096,0.0,0.0
2023,12,8,13,9.1501,35.52970688039387,35.52970688039387,26.067349072741333,0.0,52.06751226535813,0.0,0.0
2023,12,8,14,9.1501,28.407056990668092,28.407056990668092,18.944699183015558,0.0,69.79295885873383,0.0,0.0
2023,12,8,15,9.1501,16.065149745230332,16.065149745230332,6.602791937577798,0.0,75.97080495309854,0.0,0.0
2023,12,8,16,9.1501,10.31190896368642,10.31190896368642,0.8495511560338863,0.0,76.7656802635558,0.0,0.0
2023,12,8,17,9.1501,0.0,-0.0,0.0,9.462357807652534,67.15811155043363,0.0,0.0
2023,12,8,18,9.1501,0.0,-0.0,0.0,9.462357807652534,57.55054283731147,0.0,0.0
2023,12,8,19,9.1501,0.0,-0.0,0.0,9.462357807652534,47.942974124189305,0.0,0.0
2023,12,8,20,9.1501,0.0,-0.0,0.0,9.462357807652534,38.33540541106714,0.0,0.0
2023,12,8,21,9.1501,0.0,-0.0,0.0,9.462357807652534,28.727836697944984,0.0,0.0
2023,12,8,22,9.1501,0.0,-0.0,0.0,9.462357807652534,19.120267984822824,0.0,0.0
2023,12,8,23,9.1501,0.0,-0.0,0.0,9.462357807652534,9.512699271700665,0.0,0.0
2023,12,9,0,9.1501,0.0,-0.0,0.0,9.368922243822931,0.0,0.0,0.09035219022322598
2023,12,9,1,9.1501,0.0,-0.0,0.0,-0.0,0.0,0.0,9.1501
2023,12,9,2,9.1501,0.0,-0.0,0.0,-0.0,0.0,0.0,9.1501
2023,12,9,3,9.1501,0.0,-0.0,0.0,-0.0,0.0,0.0,9.1501
2023,12,9,4,9.1501,0.0,-0.0,0.0,-0.0,0.0,0.0,9.1501
2023,12,9,5,9.1501,0.0,-0.0,0.0,-0.0,0.0,0.0,9.1501
2023,12,9,6,9.1501,0.0,-0.0,0.0,-0.0,0.0,0.0,9.1501
2023,12,9,7,9.1501,0.0,-0.0,0.0,-0.0,0.0,0.0,9.1501
2023,12,9,8,9.1501,0.0,-0.0,0.0,-0.0,0.0,0.0,9.1501
2023,12,9,9,9.1501,5.252846635724002,5.252846635724002,0.0,-0.0,0.0,0.0,4.07059730325489
2023,12,9,10,9.1501,27.109994024050565,27.109994024050565,17.64763621639803,0.0,16.511860665147466,0.0,0.0
2023,12,9,11,9.1501,32.59193677472826,32.59193677472826,23.12957896707573,0.0,38.15285442005104,0.0,0.0
2023,12,9,12,9.1501,34.70289383394445,34.70289383394445,25.240536026291917,0.0,61.76894718563682,0.0,0.0
2023,12,9,13,9.1501,43.73754889358452,43.73754889358452,34.275191085931986,0.0,93.8382380834365,0.0,0.0
2023,12,9,14,9.1501,11.192981616309087,11.192981616309087,1.730623808656553,0.0,95.4574815244233,0.0,0.0
2023,12,9,15,9.1501,4.180573466109904,4.180573466109904,0.0,5.281784341542629,90.09464204817519,0.0,0.0
2023,12,9,16,9.1501,2.210002372072108,2.210002372072108,0.0,7.252355435580426,82.73099076847265,0.0,0.0
2023,12,9,17,9.1501,0.0,-0.0,0.0,9.462357807652534,73.12342205535049,0.0,0.0
2023,12,9,18,9.1501,0.0,-0.0,0.0,9.462357807652534,63.515853342228326,0.0,0.0
2023,12,9,19,9.1501,0.0,-0.0,0.0,9.462357807652534,53.90828462910616,0.0,0.0
2023,12,9,20,9.1501,0.0,-0.0,0.0,9.462357807652534,44.300715915984,0.0,0.0
2023,12,9,21,9.1501,0.0,-0.0,0.0,9.462357807652534,34.69314720286184,0.0,0.0
2023,12,9,22,9.1501,0.0,-0.0,0.0,9.462357807652534,25.085578489739678,0.0,0.0
2023,12,9,23,9.1501,0.0,-0.0,0.0,9.462357807652534,15.478009776617519,0.0,0.0
2023,12,10,0,9.1501,0.0,-0.0,0.0,9.462357807652534,5.87044106349536,0.0,0.0
2023,12,10,1,9.1501,0.0,-0.0,0.0,5.78171392681905,0.0,0.0,3.559182632765979
2023,12,10,2,9.1501,0.0,-0.0,0.0,-0.0,0.0,0.0,9.1501
2023,12,10,3,9.1501,0.0,-0.0,0.0,-0.0,0.0,0.0,9.1501
2023,12,10,4,9.1501,0.0,-0.0,0.0,-0.0,0.0,0.0,9.1501
2023,12,10,5,9.1501,0.0,-0.0,0.0,-0.0,0.0,0.0,9.1501
2023,12,10,6,9.1501,0.0,-0.0,0.0,-0.0,0.0,0.0,9.1501
2023,12,10,7,9.1501,0.0,-0.0,0.0,-0.0,0.0,0.0,9.1501
2023,12,10,8,9.1501,0.0,-0.0,0.0,-0.0,0.0,0.0,9.1501
2023,12,10,9,9.1501,10.745985813072359,10.745985813072359,1.2836280054198248,0.0,1.2010156210993863,0.0,0.0
2023,12,10,10,9.1501,25.947288177481063,25.947288177481063,16.48493036982853,0.0,16.625000454169754,0.0,0.0
2023,12,10,11,9.1501,52.80062565169628,52.80062565169628,43.33826784404375,0.0,57.174082004523,0.0,0.0
2023,12,10,12,9.1501,38.63370085893942,38.63370085893942,29.171343051286886,0.0,84.46800091647906,0.0,0.0
2023,12,10,13,9.1501,12.571864623981513,12.571864623981513,3.109506816328979,0.0,87.37738451091434,0.0,0.0
2023,12,10,14,9.1501,11.677873017508073,11.677873017508073,2.215515209855539,0.0,89.45031246557478,0.0,0.0
2023,12,10,15,9.1501,8.212148331140892,8.212148331140892,0.0,1.2502094765116425,88.18091706798498,0.0,0.0
2023,12,10,16,9.1501,1.3332360373996974,1.3332360373996974,0.0,8.129121770252837,79.92704445265456,0.0,0.0
2023,12,10,17,9.1501,0.0,-0.0,0.0,9.462357807652534,70.3194757395324,0.0,0.0
2023,12,10,18,9.1501,0.0,-0.0,0.0,9.462357807652534,60.71190702641023,0.0,0.0
2023,12,10,19,9.1501,0.0,-0.0,0.0,9.462357807652534,51.10433831328807,0.0,0.0
2023,12,10,20,9.1501,0.0,-0.0,0.0,9.462357807652534,41.496769600165905,0.0,0.0
2023,12,10,21,9.1501,0.0,-0.0,0.0,9.462357807652534,31.889200887043746,0.0,0.0
2023,12,10,22,9.1501,0.0,-0.0,0.0,9.462357807652534,22.281632173921587,0.0,0.0
2023,12,10,23,9.1501,0.0,-0.0,0.0,9.462357807652534,12.674063460799427,0.0,0.0
2023,12,11,0,9.1501,0.0,-0.0,0.0,9.462357807652534,3.066494747677268,0.0,0.0
2023,12,11,1,9.1501,0.0,-0.0,0.0,3.0201470719827976,0.0,0.0,6.229617781392635
2023,12,11,2,9.1501,0.0,-0.0,0.0,-0.0,-0.0,0.0,9.1501
2023,12,11,3,9.1501,0.0,-0.0,0.0,0.0,-0.0,0.0,9.1501
2023,12,11,4,9.1501,0.0,-0.0,0.0,0.0,-0.0,0.0,9.1501
2023,12,11,5,9.1501,0.0,-0.0,0.0,0.0,-0.0,0.0,9.1501
2023,12,11,6,9.1501,0.0,-0.0,0.0,0.0,-0.0,0.0,9.1501
2023,12,11,7,9.1501,0.0,-0.0,0.0,0.0,-0.0,0.0,9.1501
2023,12,11,8,9.1501,0.0,-0.0,0.0,0.0,-0.0,0.0,9.1501
2023,12,11,9,9.1501,6.705798312140856,6.705798312140856,0.0,0.0,-0.0,0.0,2.6655930321597925
2023,12,11,10,9.1501,7.507634714478788,7.507634714478788,0.0,0.0,0.0,0.0,1.8902172310990126
2023,12,11,11,9.1501,12.808712111245672,12.808712111245672,3.346354303593138,0.0,3.1309879305991384,0.0,0.0
2023,12,11,12,9.1501,21.274071937861702,21.274071937861702,11.811714130209168,0.0,14.182517752669245,0.0,0.0
2023,12,11,13,9.1501,28.095279571069465,28.095279571069465,18.63292176341693,0.0,31.616252456258344,0.0,0.0
2023,12,11,14,9.1501,22.52118161625626,22.52118161625626,13.058823808603726,0.0,43.83462983747486,0.0,0.0
2023,12,11,15,9.1501,6.399188474082518,6.399188474082518,0.0,3.0631693335700163,40.72445260147964,0.0,0.0
2023,12,11,16,9.1501,5.040975792571337,5.040975792571337,0.0,4.421382015081197,36.235219327876194,0.0,0.0
2023,12,11,17,9.1501,0.0,-0.0,0.0,9.462357807652534,26.627650614754035,0.0,0.0
2023,12,11,18,9.1501,0.0,-0.0,0.0,9.462357807652534,17.020081901631876,0.0,0.0
2023,12,11,19,9.1501,0.0,-0.0,0.0,9.462357807652534,7.412513188509717,0.0,0.0
2023,12,11,20,9.1501,0.0,-0.0,0.0,7.300478834757041,0.0,0.0,2.0905369667899416
2023,12,11,21,9.1501,0.0,-0.0,0.0,-0.0,0.0,0.0,9.1501
2023,12,11,22,9.1501,0.0,-0.0,0.0,-0.0,0.0,0.0,9.1501
2023,12,11,23,9.1501,0.0,-0.0,0.0,-0.0,0.0,0.0,9.1501
2023,12,12,0,9.1501,0.0,-0.0,0.0,-0.0,0.0,0.0,9.1501
2023,12,12,1,9.1501,0.0,-0.0,0.0,-0.0,0.0,0.0,9.1501
2023,12,12,2,9.1501,0.0,-0.0,0.0,-0.0,0.0,0.0,9.1501
2023,12,12,3,9.1501,0.0,-0.0,0.0,-0.0,0.0,0.0,9.1501
2023,12,12,4,9.1501,0.0,-0.0,0.0,-0.0,0.0,0.0,9.1501
2023,12,12,5,9.1501,0.0,-0.0,0.0,-0.0,0.0,0.0,9.1501
2023,12,12,6,9.1501,0.0,-0.0,0.0,-0.0,0.0,0.0,9.1501
2023,12,12,7,9.1501,0.0,-0.0,0.0,-0.0,0.0,0.0,9.1501
2023,12,12,8,9.1501,0.0,-0.0,0.0,-0.0,0.0,0.0,9.1501
2023,12,12,9,9.1501,10.70120010638969,10.70120010638969,1.238842298737156,0.0,1.1591122557156834,0.0,0.0
2023,12,12,10,9.1501,21.44201833792175,21.44201833792175,11.979660530269214,0.0,12.36777969797471,0.0,0.0
2023,12,12,11,9.1501,31.90981601140749,31.90981601140749,22.447458203754955,0.0,33.370552964726386,0.0,0.0
2023,12,12,12,9.1501,28.57930970867839,28.57930970867839,19.116951901025857,0.0,51.257166348039426,0.0,0.0
2023,12,12,13,9.1501,7.797019280736086,7.797019280736086,0.0,1.6653385269164485,49.56627126108554,0.0,0.0
2023,12,12,14,9.1501,4.4957959400687475,4.4957959400687475,0.0,4.966561867583787,44.523491714935474,0.0,0.0
2023,12,12,15,9.1501,0.7863336577170049,0.7863336577170049,0.0,8.676024149935529,35.71432386569177,0.0,0.0
2023,12,12,16,9.1501,0.12574448414751668,0.12574448414751668,0.0,9.336613323505018,26.234429332335495,0.0,0.0
2023,12,12,17,9.1501,0.0,-0.0,0.0,9.462357807652534,16.626860619213335,0.0,0.0
2023,12,12,18,9.1501,0.0,-0.0,0.0,9.462357807652534,7.019291906091176,0.0,0.0
2023,12,12,19,9.1501,0.0,-0.0,0.0,6.9132007852390345,0.0,0.0,2.465034840673854
2023,12,12,20,9.1501,0.0,-0.0,0.0,-0.0,0.0,0.0,9.1501
2023,12,12,21,9.1501,0.0,-0.0,0.0,-0.0,0.0,0.0,9.1501
2023,12,12,22,9.1501,0.0,-0.0,0.0,-0.0,0.0,0.0,9.1501
2023,12,12,23,9.1501,0.0,-0.0,0.0,-0.0,0.0,0.0,9.1501
2023,12,13,0,9.1501,0.0,-0.0,0.0,-0.0,0.0,0.0,9.1501
2023,12,13,1,9.1501,0.0,-0.0,0.0,-0.0,0.0,0.0,9.1501
2023,12,13,2,9.1501,0.0,-0.0,0.0,-0.0,0.0,0.0,9.1501
2023,12,13,3,9.1501,0.0,-0.0,0.0,-0.0,0.0,0.0,9.1501
2023,12,13,4,9.1501,0.0,-0.0,0.0,-0.0,0.0,0.0,9.1501
2023,12,13,5,9.1501,0.0,-0.0,0.0,-0.0,0.0,0.0,9.1501
2023,12,13,6,9.1501,0.0,-0.0,0.0,-0.0,0.0,0.0,9.1501
2023,12,13,7,9.1501,0.0,-0.0,0.0,-0.0,0.0,0.0,9.1501
2023,12,13,8,9.1501,0.0,-0.0,0.0,-0.0,0.0,0.0,9.1501
2023,12,13,9,9.1501,10.35238835241884,10.35238835241884,0.8900305447663062,0.0,0.8327495060925547,0.0,0.0
2023,12,13,10,9.1501,8.951973754995127,8.951973754995127,0.0,0.5103840526574074,0.31453301548150103,0.0,0.0
2023,12,13,11,9.1501,20.453287736542645,20.453287736542645,10.990929928890111,0.0,10.59810308350015,0.0,0.0
2023,12,13,12,9.1501,16.059982163690023,16.059982163690023,6.597624356037489,0.0,16.771114174166733,0.0,0.0
2023,12,13,13,9.1501,14.650954930365797,14.650954930365797,5.188597122713263,0.0,21.62578092314581,0.0,0.0
2023,12,13,14,9.1501,13.050727180050139,13.050727180050139,3.5883693723976045,0.0,24.983208193606924,0.0,0.0
2023,12,13,15,9.1501,10.510860852988312,10.510860852988312,1.048503045335778,0.0,25.964231146441836,0.0,0.0
2023,12,13,16,9.1501,5.666253158948714,5.666253158948714,0.0,3.79610464870382,22.10987084893451,0.0,0.0
2023,12,13,17,9.1501,0.0,-0.0,0.0,9.462357807652534,12.50230213581235,0.0,0.0
2023,12,13,18,9.1501,0.0,-0.0,0.0,9.462357807652534,2.894733422690191,0.0,0.0
2023,12,13,19,9.1501,0.0,-0.0,0.0,2.8509817854182233,0.0,0.0,6.3932006135005786
2023,12,13,20,9.1501,0.0,-0.0,0.0,-0.0,0.0,0.0,9.1501
2023,12,13,21,9.1501,0.0,-0.0,0.0,-0.0,0.0,0.0,9.1501
2023,12,13,22,9.1501,0.0,-0.0,0.0,-0.0,0.0,0.0,9.1501
2023,12,13,23,9.1501,0.0,-0.0,0.0,-0.0,0.0,0.0,9.1501
2023,12,14,0,9.1501,0.0,-0.0,0.0,-0.0,0.0,0.0,9.1501
2023,12,14,1,9.1501,0.0,-0.0,0.0,-0.0,0.0,0.0,9.1501
2023,12,14,2,9.1501,0.0,-0.0,0.0,-0.0,0.0,0.0,9.1501
2023,12,14,3,9.1501,0.0,-0.0,0.0,-0.0,0.0,0.0,9.1501
2023,12,14,4,9.1501,0.0,-0.0,0.0,-0.0,0.0,0.0,9.1501
2023,12,14,5,9.1501,0.0,-0.0,0.0,-0.0,0.0,0.0,9.1501
2023,12,14,6,9.1501,0.0,-0.0,0.0,-0.0,0.0,0.0,9.1501
2023,12,14,7,9.1501,0.0,-0.0,0.0,-0.0,0.0,0.0,9.1501
2023,12,14,8,9.1501,0.0,-0.0,0.0,-0.0,0.0,0.0,9.1501
2023,12,14,9,9.1501,18.598987227161793,18.598987227161793,9.13662941950926,0.0,8.548609574343091,0.0,0.0
2023,12,14,10,9.1501,34.994000927381855,34.994000927381855,25.53164311972932,0.0,32.43707421492299,0.0,0.0
2023,12,14,11,9.1501,36.642459438740396,36.642459438740396,27.18010163108786,0.0,57.86790503520331,0.0,0.0
2023,12,14,12,9.1501,39.538888892083534,39.538888892083534,30.076531084431,0.0,86.00875542828012,0.0,0.0
2023,12,14,13,9.1501,29.636941397261623,29.636941397261623,20.17458358960909,0.0,104.8849329018085,0.0,0.0
2023,12,14,14,9.1501,11.067237132161571,11.067237132161571,1.604879324509037,0.0,106.38652458614105,0.0,0.0
2023,12,14,15,9.1501,10.96302423776534,10.96302423776534,1.5006664301128065,0.0,107.79061036256151,0.0,0.0
2023,12,14,16,9.1501,3.1685887477994017,3.1685887477994017,0.0,6.293769059853132,101.400256083403,0.0,0.0
2023,12,14,17,9.1501,0.0,-0.0,0.0,9.462357807652534,91.79268737028083,0.0,0.0
2023,12,14,18,9.1501,0.0,-0.0,0.0,9.462357807652534,82.18511865715867,0.0,0.0
2023,12,14,19,9.1501,0.0,-0.0,0.0,9.462357807652534,72.5775499440365,0.0,0.0
2023,12,14,20,9.1501,0.0,-0.0,0.0,9.462357807652534,62.96998123091434,0.0,0.0
2023,12,14,21,9.1501,0.0,-0.0,0.0,9.462357807652534,53.36241251779218,0.0,0.0
2023,12,14,22,9.1501,0.0,-0.0,0.0,9.462357807652534,43.75484380467002,0.0,0.0
2023,12,14,23,9.1501,0.0,-0.0,0.0,9.462357807652534,34.147275091547854,0.0,0.0
2023,12,15,0,9.1501,0.0,-0.0,0.0,9.462357807652534,24.539706378425695,0.0,0.0
2023,12,15,1,9.1501,0.0,-0.0,0.0,9.462357807652534,14.932137665303536,0.0,0.0
2023,12,15,2,9.1501,0.0,-0.0,0.0,9.462357807652534,5.324568952181377,0.0,0.0
2023,12,15,3,9.1501,0.0,-0.0,0.0,5.244092246589288,0.0,0.0,4.079062797548159
2023,12,15,4,9.1501,0.0,-0.0,0.0,-0.0,0.0,0.0,9.1501
2023,12,15,5,9.1501,0.0,-0.0,0.0,-0.0,0.0,0.0,9.1501
2023,12,15,6,9.1501,0.0,-0.0,0.0,-0.0,0.0,0.0,9.1501
2023,12,15,7,9.1501,0.0,-0.0,0.0,-0.0,0.0,0.0,9.1501
2023,12,15,8,9.1501,0.0,-0.0,0.0,-0.0,0.0,0.0,9.1501
2023,12,15,9,9.1501,20.806405808463754,9.462357807652534,0.0,0.0,0.0,11.34404800081122,0.0
2023,12,15,10,9.1501,32.262934083328595,13.331517549543587,3.8691597418910537,0.0,3.620146390480315,18.931416533785008,0.0
2023,12,15,11,9.1501,28.755868744638953,28.755868744638953,19.29351093698642,0.0,21.671955733479145,0.0,0.0
2023,12,15,12,9.1501,34.93974132120861,34.93974132120861,25.477383513556074,0.0,45.50965283522877,0.0,0.0
2023,12,15,13,9.1501,41.610227826157356,41.610227826157356,32.147870018504825,0.0,75.58853387730221,0.0,0.0
2023,12,15,14,9.1501,49.719885790082124,49.719885790082124,40.25752798242959,0.0,113.255147389626,0.0,0.0
2023,12,15,15,9.1501,36.9955775106615,36.9955775106615,27.533219703008964,0.0,139.01637012927787,0.0,0.0
2023,12,15,16,9.1501,15.420063316281773,15.420063316281773,5.957705508629239,0.0,144.5906465953272,0.0,0.0
2023,12,15,17,9.1501,0.0,-0.0,0.0,9.462357807652534,134.98307788220504,0.0,0.0
2023,12,15,18,9.1501,0.0,-0.0,0.0,9.462357807652534,125.37550916908287,0.0,0.0
2023,12,15,19,9.1501,0.0,-0.0,0.0,9.462357807652534,115.76794045596071,0.0,0.0
2023,12,15,20,9.1501,0.0,-0.0,0.0,9.462357807652534,106.16037174283855,0.0,0.0
2023,12,15,21,9.1501,0.0,-0.0,0.0,9.462357807652534,96.55280302971639,0.0,0.0
2023,12,15,22,9.1501,0.0,-0.0,0.0,9.462357807652534,86.94523431659422,0.0,0.0
2023,12,15,23,9.1501,0.0,-0.0,0.0,9.462357807652534,77.33766560347206,0.0,0.0
2023,12,16,0,9.1501,0.0,-0.0,0.0,9.462357807652534,67.7300968903499,0.0,0.0
2023,12,16,1,9.1501,0.0,-0.0,0.0,9.462357807652534,58.122528177227736,0.0,0.0
2023,12,16,2,9.1501,0.0,-0.0,0.0,9.462357807652534,48.51495946410557,0.0,0.0
2023,12,16,3,9.1501,0.0,-0.0,0.0,9.462357807652534,38.90739075098341,0.0,0.0
2023,12,16,4,9.1501,0.0,-0.0,0.0,9.462357807652534,29.29982203786125,0.0,0.0
2023,12,16,5,9.1501,0.0,-0.0,0.0,9.462357807652534,19.69225332473909,0.0,0.0
2023,12,16,6,9.1501,0.0,-0.0,0.0,9.462357807652534,10.084684611616932,0.0,0.0
2023,12,16,7,9.1501,0.0,-0.0,0.0,9.462357807652534,0.4771158984947732,0.0,0.0
2023,12,16,8,9.1501,0.0,-0.0,0.0,0.4699046639251345,0.0,0.0,8.695702189984395
2023,12,16,9,9.1501,18.207112293688375,9.462357807652534,0.0,0.0,0.0,8.744754486035841,0.0
2023,12,16,10,9.1501,32.229344803316586,9.462357807652534,0.0,0.0,0.0,22.766986995664052,0.0
2023,12,16,11,9.1501,25.183347373105395,9.462357807652534,0.0,0.0,0.0,15.72098956545286,0.0
2023,12,16,12,9.1501,54.198456458349845,9.462357807652534,0.0,0.0,0.0,44.736098650697315,0.0
2023,12,16,13,9.1501,64.14260586908428,56.23812158386771,46.77576377621517,0.0,43.765345370223095,7.904484285216569,0.0
2023,12,16,14,9.1501,60.993826183856065,60.993826183856065,51.531468376203534,0.0,91.98032528394633,0.0,0.0
2023,12,16,15,9.1501,47.88108802532222,47.88108802532222,38.41873021766969,0.0,127.92648331368893,0.0,0.0
2023,12,16,16,9.1501,27.272772842570298,27.272772842570298,17.810415034917764,0.0,144.5906465953272,0.0,0.0
2023,12,16,17,9.1501,0.0,-0.0,0.0,9.462357807652534,134.98307788220504,0.0,0.0
2023,12,16,18,9.1501,0.0,-0.0,0.0,9.462357807652534,125.37550916908287,0.0,0.0
2023,12,16,19,9.1501,0.0,-0.0,0.0,9.462357807652534,115.76794045596071,0.0,0.0
2023,12,16,20,9.1501,0.0,-0.0,0.0,9.462357807652534,106.16037174283855,0.0,0.0
2023,12,16,21,9.1501,0.0,-0.0,0.0,9.462357807652534,96.55280302971639,0.0,0.0
2023,12,16,22,9.1501,0.0,-0.0,0.0,9.462357807652534,86.94523431659422,0.0,0.0
2023,12,16,23,9.1501,0.0,-0.0,0.0,9.462357807652534,77.33766560347206,0.0,0.0
2023,12,17,0,9.1501,0.0,-0.0,0.0,9.462357807652534,67.7300968903499,0.0,0.0
2023,12,17,1,9.1501,0.0,-0.0,0.0,9.462357807652534,58.122528177227736,0.0,0.0
2023,12,17,2,9.1501,0.0,-0.0,0.0,9.462357807652534,48.51495946410557,0.0,0.0
2023,12,17,3,9.1501,0.0,-0.0,0.0,9.462357807652534,38.90739075098341,0.0,0.0
2023,12,17,4,9.1501,0.0,-0.0,0.0,9.462357807652534,29.29982203786125,0.0,0.0
2023,12,17,5,9.1501,0.0,-0.0,0.0,9.462357807652534,19.69225332473909,0.0,0.0
2023,12,17,6,9.1501,0.0,-0.0,0.0,9.462357807652534,10.084684611616932,0.0,0.0
2023,12,17,7,9.1501,0.0,-0.0,0.0,9.462357807652534,0.4771158984947732,0.0,0.0
2023,12,17,8,9.1501,0.0,-0.0,0.0,0.4699046639251345,0.0,0.0,8.695702189984395
2023,12,17,9,9.1501,10.823499536177001,9.462357807652534,0.0,0.0,0.0,1.3611417285244674,0.0
2023,12,17,10,9.1501,21.428238120480927,9.462357807652534,0.0,0.0,0.0,11.965880312828393,0.0
2023,12,17,11,9.1501,27.45191566930101,9.462357807652534,0.0,0.0,0.0,17.989557861648475,0.0
2023,12,17,12,9.1501,55.21733128538075,9.462357807652534,0.0,0.0,0.0,45.754973477728214,0.0
2023,12,17,13,9.1501,57.83729512631736,54.91177565518844,45.449417847535905,0.0,42.524361087705536,2.925519471128915,0.0
2023,12,17,14,9.1501,59.56068357001039,59.56068357001039,50.09832576235785,0.0,89.39843330915002,0.0,0.0
2023,12,17,15,9.1501,49.657874811598425,49.657874811598425,40.195517003945895,0.0,127.00702677709637,0.0,0.0
2023,12,17,16,9.1501,28.25547459881904,28.25547459881904,18.793116791166504,0.0,144.5906465953272,0.0,0.0
2023,12,17,17,9.1501,0.0,-0.0,0.0,9.462357807652534,134.98307788220504,0.0,0.0
2023,12,17,18,9.1501,0.0,-0.0,0.0,9.462357807652534,125.37550916908287,0.0,0.0
2023,12,17,19,9.1501,0.0,-0.0,0.0,9.462357807652534,115.76794045596071,0.0,0.0
2023,12,17,20,9.1501,0.0,-0.0,0.0,9.462357807652534,106.16037174283855,0.0,0.0
2023,12,17,21,9.1501,0.0,-0.0,0.0,9.462357807652534,96.55280302971639,0.0,0.0
2023,12,17,22,9.1501,0.0,-0.0,0.0,9.462357807652534,86.94523431659422,0.0,0.0
2023,12,17,23,9.1501,0.0,-0.0,0.0,9.462357807652534,77.33766560347206,0.0,0.0
2023,12,18,0,9.1501,0.0,-0.0,0.0,9.462357807652534,67.7300968903499,0.0,0.0
2023,12,18,1,9.1501,0.0,-0.0,0.0,9.462357807652534,58.122528177227736,0.0,0.0
2023,12,18,2,9.1501,0.0,-0.0,0.0,9.462357807652534,48.51495946410557,0.0,0.0
2023,12,18,3,9.1501,0.0,-0.0,0.0,9.462357807652534,38.90739075098341,0.0,0.0
2023,12,18,4,9.1501,0.0,-0.0,0.0,9.462357807652534,29.29982203786125,0.0,0.0
2023,12,18,5,9.1501,0.0,-0.0,0.0,9.462357807652534,19.69225332473909,0.0,0.0
2023,12,18,6,9.1501,0.0,-0.0,0.0,9.462357807652534,10.084684611616932,0.0,0.0
2023,12,18,7,9.1501,0.0,-0.0,0.0,9.462357807652534,0.4771158984947732,0.0,0.0
2023,12,18,8,9.1501,0.0,-0.0,0.0,0.4699046639251345,0.0,0.0,8.695702189984395
2023,12,18,9,9.1501,10.471242727845944,9.462357807652534,0.0,0.0,0.0,1.0088849201934096,0.0
2023,12,18,10,9.1501,22.20682040588746,9.462357807652534,0.0,0.0,0.0,12.744462598234925,0.0
2023,12,18,11,9.1501,31.467987789711074,9.462357807652534,0.0,0.0,0.0,22.00562998205854,0.0
2023,12,18,12,9.1501,33.249080893937546,27.139985937735215,17.67762813008268,0.0,16.539922343990433,6.1090949562023305,0.0
2023,12,18,13,9.1501,39.05830380883481,39.05830380883481,29.595946001182273,0.0,44.23111739314206,0.0,0.0
2023,12,18,14,9.1501,62.323617166895545,62.323617166895545,52.861259359243014,0.0,93.69030492518161,0.0,0.0
2023,12,18,15,9.1501,48.73460024306324,48.73460024306324,39.27224243541071,0.0,130.43504439906377,0.0,0.0
2023,12,18,16,9.1501,24.59165928674002,24.59165928674002,15.129301479087484,0.0,144.5906465953272,0.0,0.0
2023,12,18,17,9.1501,0.0,-0.0,0.0,9.462357807652534,134.98307788220504,0.0,0.0
2023,12,18,18,9.1501,0.0,-0.0,0.0,9.462357807652534,125.37550916908287,0.0,0.0
2023,12,18,19,9.1501,0.0,-0.0,0.0,9.462357807652534,115.76794045596071,0.0,0.0
2023,12,18,20,9.1501,0.0,-0.0,0.0,9.462357807652534,106.16037174283855,0.0,0.0
2023,12,18,21,9.1501,0.0,-0.0,0.0,9.462357807652534,96.55280302971639,0.0,0.0
2023,12,18,22,9.1501,0.0,-0.0,0.0,9.462357807652534,86.94523431659422,0.0,0.0
2023,12,18,23,9.1501,0.0,-0.0,0.0,9.462357807652534,77.33766560347206,0.0,0.0
2023,12,19,0,9.1501,0.0,-0.0,0.0,9.462357807652534,67.7300968903499,0.0,0.0
2023,12,19,1,9.1501,0.0,-0.0,0.0,9.462357807652534,58.122528177227736,0.0,0.0
2023,12,19,2,9.1501,0.0,-0.0,0.0,9.462357807652534,48.51495946410557,0.0,0.0
2023,12,19,3,9.1501,0.0,-0.0,0.0,9.462357807652534,38.90739075098341,0.0,0.0
2023,12,19,4,9.1501,0.0,-0.0,0.0,9.462357807652534,29.29982203786125,0.0,0.0
2023,12,19,5,9.1501,0.0,-0.0,0.0,9.462357807652534,19.69225332473909,0.0,0.0
2023,12,19,6,9.1501,0.0,-0.0,0.0,9.462357807652534,10.084684611616932,0.0,0.0
2023,12,19,7,9.1501,0.0,-0.0,0.0,9.462357807652534,0.4771158984947732,0.0,0.0
2023,12,19,8,9.1501,0.0,-0.0,0.0,0.4699046639251345,-0.0,0.0,8.695702189984395
2023,12,19,9,9.1501,5.840228404139114,5.840228404139114,0.0,0.0,0.0,0.0,3.502599133197477
2023,12,19,10,9.1501,19.03306407654775,19.03306407654775,9.570706268895215,0.0,8.954749884985214,0.0,0.0
2023,12,19,11,9.1501,29.286407116110666,29.286407116110666,19.824049308458132,0.0,27.502952940991076,0.0,0.0
2023,12,19,12,9.1501,30.48270224269218,30.48270224269218,21.020344435039647,0.0,47.17045935311182,0.0,0.0
2023,12,19,13,9.1501,19.611833209062347,19.611833209062347,10.149475401409813,0.0,56.66672965228653,0.0,0.0
2023,12,19,14,9.1501,22.963871101542722,22.963871101542722,13.50151329389019,0.0,69.29930568364203,0.0,0.0
2023,12,19,15,9.1501,12.93531785898324,12.93531785898324,3.4729600513307055,0.0,72.54875120484512,0.0,0.0
2023,12,19,16,9.1501,6.127890443216311,6.127890443216311,0.0,3.3344673644362235,69.1631125536016,0.0,0.0
2023,12,19,17,9.1501,0.0,-0.0,0.0,9.462357807652534,59.55554384047943,0.0,0.0
2023,12,19,18,9.1501,0.0,-0.0,0.0,9.462357807652534,49.94797512735727,0.0,0.0
2023,12,19,19,9.1501,0.0,-0.0,0.0,9.462357807652534,40.340406414235105,0.0,0.0
2023,12,19,20,9.1501,0.0,-0.0,0.0,9.462357807652534,30.732837701112945,0.0,0.0
2023,12,19,21,9.1501,0.0,-0.0,0.0,9.462357807652534,21.125268987990786,0.0,0.0
2023,12,19,22,9.1501,0.0,-0.0,0.0,9.462357807652534,11.517700274868627,0.0,0.0
2023,12,19,23,9.1501,0.0,-0.0,0.0,9.462357807652534,1.9101315617464678,0.0,0.0
2023,12,20,0,9.1501,0.0,-0.0,0.0,1.8812614134363637,0.0,0.0,7.330920213207037
2023,12,20,1,9.1501,0.0,-0.0,0.0,-0.0,0.0,0.0,9.1501
2023,12,20,2,9.1501,0.0,-0.0,0.0,-0.0,0.0,0.0,9.1501
2023,12,20,3,9.1501,0.0,-0.0,0.0,-0.0,0.0,0.0,9.1501
2023,12,20,4,9.1501,0.0,-0.0,0.0,-0.0,0.0,0.0,9.1501
2023,12,20,5,9.1501,0.0,-0.0,0.0,-0.0,0.0,0.0,9.1501
2023,12,20,6,9.1501,0.0,-0.0,0.0,-0.0,0.0,0.0,9.1501
2023,12,20,7,9.1501,0.0,-0.0,0.0,-0.0,0.0,0.0,9.1501
2023,12,20,8,9.1501,0.0,-0.0,0.0,-0.0,0.0,0.0,9.1501
2023,12,20,9,9.1501,9.765006584003727,9.765006584003727,0.30264877635119275,0.0,0.28317075240619644,0.0,0.0
2023,12,20,10,9.1501,23.387612787848052,23.387612787848052,13.925254980195518,0.0,13.312217087007571,0.0,0.0
2023,12,20,11,9.1501,22.269692647961218,22.269692647961218,12.807334840308684,0.0,25.29529095491555,0.0,0.0
2023,12,20,12,9.1501,39.1986897740132,39.1986897740132,29.736331966360662,0.0,53.11783693786611,0.0,0.0
2023,12,20,13,9.1501,44.466177890768066,44.466177890768066,35.003820083115535,0.0,85.86886335710076,0.0,0.0
2023,12,20,14,9.1501,17.638678324254396,17.638678324254396,8.176320516601862,0.0,93.51896807754315,0.0,0.0
2023,12,20,15,9.1501,4.330433330778862,4.330433330778862,0.0,5.131924476873672,88.30828824019412,0.0,0.0
2023,12,20,16,9.1501,0.1567499733893701,0.1567499733893701,0.0,9.305607834263164,78.85987501143765,0.0,0.0
2023,12,20,17,9.1501,0.0,-0.0,0.0,9.462357807652534,69.25230629831549,0.0,0.0
2023,12,20,18,9.1501,0.0,-0.0,0.0,9.462357807652534,59.644737585193326,0.0,0.0
2023,12,20,19,9.1501,0.0,-0.0,0.0,9.462357807652534,50.03716887207116,0.0,0.0
2023,12,20,20,9.1501,0.0,-0.0,0.0,9.462357807652534,40.429600158949,0.0,0.0
2023,12,20,21,9.1501,0.0,-0.0,0.0,9.462357807652534,30.82203144582684,0.0,0.0
2023,12,20,22,9.1501,0.0,-0.0,0.0,9.462357807652534,21.214462732704682,0.0,0.0
2023,12,20,23,9.1501,0.0,-0.0,0.0,9.462357807652534,11.606894019582523,0.0,0.0
2023,12,21,0,9.1501,0.0,-0.0,0.0,9.462357807652534,1.9993253064603635,0.0,0.0
2023,12,21,1,9.1501,0.0,-0.0,0.0,1.969107064286048,0.0,0.0,7.245973468835392
2023,12,21,2,9.1501,0.0,-0.0,0.0,-0.0,0.0,0.0,9.1501
2023,12,21,3,9.1501,0.0,-0.0,0.0,-0.0,0.0,0.0,9.1501
2023,12,21,4,9.1501,0.0,-0.0,0.0,-0.0,0.0,0.0,9.1501
2023,12,21,5,9.1501,0.0,-0.0,0.0,-0.0,0.0,0.0,9.1501
2023,12,21,6,9.1501,0.0,-0.0,0.0,-0.0,-0.0,0.0,9.1501
2023,12,21,7,9.1501,0.0,-0.0,0.0,0.0,-0.0,0.0,9.1501
2023,12,21,8,9.1501,0.0,-0.0,0.0,0.0,-0.0,0.0,9.1501
2023,12,21,9,9.1501,1.3117044476484103,1.3117044476484103,0.0,0.0,-0.0,0.0,7.881681799123988
2023,12,21,10,9.1501,1.90339253401378,1.90339253401378,0.0,0.0,-0.0,0.0,7.309519419608675
2023,12,21,11,9.1501,3.1763401201098738,3.1763401201098738,0.0,0.0,-0.0,0.0,6.078579103853753
2023,12,21,12,9.1501,2.045501026372275,2.045501026372275,0.0,0.0,-0.0,0.0,7.17210050749801
2023,12,21,13,9.1501,3.466585949957224,3.466585949957224,0.0,0.0,-0.0,0.0,5.797911386391365
2023,12,21,14,9.1501,2.319382848008647,2.319382848008647,0.0,0.0,-0.0,0.0,6.907256785975639
2023,12,21,15,9.1501,1.227300615823365,1.227300615823365,0.0,0.0,-0.0,0.0,7.963300304498806
2023,12,21,16,9.1501,1.1075849768062087,1.1075849768062087,0.0,0.0,-0.0,0.0,8.079065327428395
2023,12,21,17,9.1501,0.0,-0.0,0.0,0.0,-0.0,0.0,9.1501
2023,12,21,18,9.1501,0.0,-0.0,0.0,0.0,-0.0,0.0,9.1501
2023,12,21,19,9.1501,0.0,-0.0,0.0,0.0,-0.0,0.0,9.1501
2023,12,21,20,9.1501,0.0,-0.0,0.0,0.0,-0.0,0.0,9.1501
2023,12,21,21,9.1501,0.0,-0.0,0.0,0.0,-0.0,0.0,9.1501
2023,12,21,22,9.1501,0.0,-0.0,0.0,0.0,-0.0,0.0,9.1501
2023,12,21,23,9.1501,0.0,-0.0,0.0,0.0,-0.0,0.0,9.1501
2023,12,22,0,9.1501,0.0,-0.0,0.0,0.0,-0.0,0.0,9.1501
2023,12,22,1,9.1501,0.0,-0.0,0.0,0.0,-0.0,0.0,9.1501
2023,12,22,2,9.1501,0.0,-0.0,0.0,0.0,-0.0,0.0,9.1501
2023,12,22,3,9.1501,0.0,-0.0,0.0,0.0,-0.0,0.0,9.1501
2023,12,22,4,9.1501,0.0,-0.0,0.0,0.0,-0.0,0.0,9.1501
2023,12,22,5,9.1501,0.0,-0.0,0.0,0.0,-0.0,0.0,9.1501
2023,12,22,6,9.1501,0.0,-0.0,0.0,0.0,-0.0,0.0,9.1501
2023,12,22,7,9.1501,0.0,-0.0,0.0,0.0,-0.0,0.0,9.1501
2023,12,22,8,9.1501,0.0,-0.0,0.0,0.0,-0.0,0.0,9.1501
2023,12,22,9,9.1501,0.8733212803122049,0.8733212803122049,0.0,0.0,-0.0,0.0,8.305598321938097
2023,12,22,10,9.1501,2.7241767353328443,2.7241767353328443,0.0,0.0,-0.0,0.0,6.51582109693314
2023,12,22,11,9.1501,4.0186559111802165,4.0186559111802165,0.0,0.0,0.0,0.0,5.264059733888731
2023,12,22,12,9.1501,9.514378879298745,9.514378879298745,0.052021071646210684,0.0,0.048673073047354735,0.0,0.0
2023,12,22,13,9.1501,34.892371823755774,34.892371823755774,25.43001401610324,0.0,23.84204930756421,0.0,0.0
2023,12,22,14,9.1501,27.493256321623477,27.493256321623477,18.030898513970943,0.0,40.71250608032228,0.0,0.0
2023,12,22,15,9.1501,19.072682201690107,19.072682201690107,9.610324394037573,0.0,49.704324326993074,0.0,0.0
2023,12,22,16,9.1501,8.417129065573155,8.417129065573155,0.0,1.045228742079379,48.64305533203533,0.0,0.0
2023,12,22,17,9.1501,0.0,-0.0,0.0,9.462357807652534,39.03548661891317,0.0,0.0
2023,12,22,18,9.1501,0.0,-0.0,0.0,9.462357807652534,29.42791790579101,0.0,0.0
2023,12,22,19,9.1501,0.0,-0.0,0.0,9.462357807652534,19.82034919266885,0.0,0.0
2023,12,22,20,9.1501,0.0,-0.0,0.0,9.462357807652534,10.21278047954669,0.0,0.0
2023,12,22,21,9.1501,0.0,-0.0,0.0,9.462357807652534,0.6052117664245316,0.0,0.0
2023,12,22,22,9.1501,0.0,-0.0,0.0,0.5960644627489069,0.0,0.0,8.573705664521807
2023,12,22,23,9.1501,0.0,-0.0,0.0,-0.0,0.0,0.0,9.1501
2023,12,23,0,9.1501,0.0,-0.0,0.0,-0.0,0.0,0.0,9.1501
2023,12,23,1,9.1501,0.0,-0.0,0.0,-0.0,0.0,0.0,9.1501
2023,12,23,2,9.1501,0.0,-0.0,0.0,-0.0,0.0,0.0,9.1501
2023,12,23,3,9.1501,0.0,-0.0,0.0,-0.0,0.0,0.0,9.1501
2023,12,23,4,9.1501,0.0,-0.0,0.0,-0.0,0.0,0.0,9.1501
2023,12,23,5,9.1501,0.0,-0.0,0.0,-0.0,0.0,0.0,9.1501
2023,12,23,6,9.1501,0.0,-0.0,0.0,-0.0,0.0,0.0,9.1501
2023,12,23,7,9.1501,0.0,-0.0,0.0,-0.0,0.0,0.0,9.1501
2023,12,23,8,9.1501,0.0,-0.0,0.0,-0.0,0.0,0.0,9.1501
2023,12,23,9,9.1501,10.327411708307347,10.327411708307347,0.8650539006548126,0.0,0.8093803215516387,0.0,0.0
2023,12,23,10,9.1501,30.127000380000915,30.127000380000915,20.66464257234838,0.0,20.14407731245176,0.0,0.0
2023,12,23,11,9.1501,36.76217507775755,36.76217507775755,27.299817270105013,0.0,45.68691905173853,0.0,0.0
2023,12,23,12,9.1501,29.09779038988939,29.09779038988939,19.635432582236856,0.0,64.05864447276299,0.0,0.0
2023,12,23,13,9.1501,28.862665429805336,28.862665429805336,19.400307622152802,0.0,82.21037722552298,0.0,0.0
2023,12,23,14,9.1501,17.4681481334242,17.4681481334242,8.005790325771667,0.0,89.70092682392738,0.0,0.0
2023,12,23,15,9.1501,13.761269641842615,13.761269641842615,4.298911834190081,0.0,93.72316710288005,0.0,0.0
2023,12,23,16,9.1501,10.094870538993446,10.094870538993446,0.6325127313409117,0.0,94.31497225801628,0.0,0.0
2023,12,23,17,9.1501,0.0,-0.0,0.0,9.462357807652534,84.70740354489412,0.0,0.0
2023,12,23,18,9.1501,0.0,-0.0,0.0,9.462357807652534,75.09983483177196,0.0,0.0
2023,12,23,19,9.1501,0.0,-0.0,0.0,9.462357807652534,65.4922661186498,0.0,0.0
2023,12,23,20,9.1501,0.0,-0.0,0.0,9.462357807652534,55.88469740552763,0.0,0.0
2023,12,23,21,9.1501,0.0,-0.0,0.0,9.462357807652534,46.27712869240547,0.0,0.0
2023,12,23,22,9.1501,0.0,-0.0,0.0,9.462357807652534,36.66955997928331,0.0,0.0
2023,12,23,23,9.1501,0.0,-0.0,0.0,9.462357807652534,27.061991266161147,0.0,0.0
2023,12,24,0,9.1501,0.0,-0.0,0.0,9.462357807652534,17.454422553038988,0.0,0.0
2023,12,24,1,9.1501,0.0,-0.0,0.0,9.462357807652534,7.846853839916829,0.0,0.0
2023,12,24,2,9.1501,0.0,-0.0,0.0,7.728254766081855,0.0,0.0,1.676877641198847
2023,12,24,3,9.1501,0.0,-0.0,0.0,-0.0,0.0,0.0,9.1501
2023,12,24,4,9.1501,0.0,-0.0,0.0,-0.0,0.0,0.0,9.1501
2023,12,24,5,9.1501,0.0,-0.0,0.0,-0.0,0.0,0.0,9.1501
2023,12,24,6,9.1501,0.0,-0.0,0.0,-0.0,0.0,0.0,9.1501
2023,12,24,7,9.1501,0.0,-0.0,0.0,-0.0,0.0,0.0,9.1501
2023,12,24,8,9.1501,0.0,-0.0,0.0,-0.0,0.0,0.0,9.1501
2023,12,24,9,9.1501,5.0297793659006675,5.0297793659006675,0.0,-0.0,0.0,0.0,4.286303353174055
2023,12,24,10,9.1501,15.82485720360597,15.82485720360597,6.362499395953435,0.0,5.953018422402104,0.0,0.0
2023,12,24,11,9.1501,28.060829027467403,28.060829027467403,18.59847121981487,0.0,23.35451976800373,0.0,0.0
2023,12,24,12,9.1501,39.18232576580222,39.18232576580222,29.719967958149685,0.0,51.16175490591024,0.0,0.0
2023,12,24,13,9.1501,31.64885314362189,31.64885314362189,22.186495335969354,0.0,71.92036048590683,0.0,0.0
2023,12,24,14,9.1501,29.903933110177572,29.903933110177572,20.441575302525038,0.0,91.04634648383808,0.0,0.0
2023,12,24,15,9.1501,26.694864973645753,26.694864973645753,17.23250716599322,0.0,107.16979518523654,0.0,0.0
2023,12,24,16,9.1501,11.916443031952335,11.916443031952335,2.4540852242998015,0.0,109.46593914396023,0.0,0.0
2023,12,24,17,9.1501,0.0,-0.0,0.0,9.462357807652534,99.85837043083806,0.0,0.0
2023,12,24,18,9.1501,0.0,-0.0,0.0,9.462357807652534,90.2508017177159,0.0,0.0
2023,12,24,19,9.1501,0.0,-0.0,0.0,9.462357807652534,80.64323300459374,0.0,0.0
2023,12,24,20,9.1501,0.0,-0.0,0.0,9.462357807652534,71.03566429147158,0.0,0.0
2023,12,24,21,9.1501,0.0,-0.0,0.0,9.462357807652534,61.428095578349414,0.0,0.0
2023,12,24,22,9.1501,0.0,-0.0,0.0,9.462357807652534,51.82052686522725,0.0,0.0
2023,12,24,23,9.1501,0.0,-0.0,0.0,9.462357807652534,42.21295815210509,0.0,0.0
2023,12,25,0,9.1501,0.0,-0.0,0.0,9.462357807652534,32.605389438982925,0.0,0.0
2023,12,25,1,9.1501,0.0,-0.0,0.0,9.462357807652534,22.997820725860766,0.0,0.0
2023,12,25,2,9.1501,0.0,-0.0,0.0,9.462357807652534,13.390252012738607,0.0,0.0
2023,12,25,3,9.1501,0.0,-0.0,0.0,9.462357807652534,3.7826832996164477,0.0,0.0
2023,12,25,4,9.1501,0.0,-0.0,0.0,3.7255109927151286,0.0,0.0,5.547530870044471
2023,12,25,5,9.1501,0.0,-0.0,0.0,-0.0,0.0,0.0,9.1501
2023,12,25,6,9.1501,0.0,-0.0,0.0,-0.0,0.0,0.0,9.1501
2023,12,25,7,9.1501,0.0,-0.0,0.0,-0.0,0.0,0.0,9.1501
2023,12,25,8,9.1501,0.0,-0.0,0.0,-0.0,0.0,0.0,9.1501
2023,12,25,9,9.1501,16.617219706453337,9.462357807652534,0.0,0.0,0.0,7.154861898800803,0.0
2023,12,25,10,9.1501,33.69004785204391,9.462357807652534,0.0,0.0,0.0,24.227690044391377,0.0
2023,12,25,11,9.1501,57.789064365274484,9.462357807652534,0.0,0.0,0.0,48.32670655762195,0.0
2023,12,25,12,9.1501,65.52837898547713,9.462357807652534,0.0,0.0,0.0,56.066021177824595,0.0
2023,12,25,13,9.1501,68.23016286746864,53.16341056738393,43.70105275973139,0.0,40.88851816984145,15.066752300084708,0.0
2023,12,25,14,9.1501,61.768102151312334,61.768102151312334,52.3057443436598,0.0,89.82794280433305,0.0,0.0
2023,12,25,15,9.1501,48.86637357234111,48.86637357234111,39.40401576468858,0.0,126.69597487251728,0.0,0.0
2023,12,25,16,9.1501,28.587922344578914,28.587922344578914,19.12556453692638,0.0,144.5906465953272,0.0,0.0
2023,12,25,17,9.1501,0.0,-0.0,0.0,9.462357807652534,134.98307788220504,0.0,0.0
2023,12,25,18,9.1501,0.0,-0.0,0.0,9.462357807652534,125.37550916908287,0.0,0.0
2023,12,25,19,9.1501,0.0,-0.0,0.0,9.462357807652534,115.76794045596071,0.0,0.0
2023,12,25,20,9.1501,0.0,-0.0,0.0,9.462357807652534,106.16037174283855,0.0,0.0
2023,12,25,21,9.1501,0.0,-0.0,0.0,9.462357807652534,96.55280302971639,0.0,0.0
2023,12,25,22,9.1501,0.0,-0.0,0.0,9.462357807652534,86.94523431659422,0.0,0.0
2023,12,25,23,9.1501,0.0,-0.0,0.0,9.462357807652534,77.33766560347206,0.0,0.0
2023,12,26,0,9.1501,0.0,-0.0,0.0,9.462357807652534,67.7300968903499,0.0,0.0
2023,12,26,1,9.1501,0.0,-0.0,0.0,9.462357807652534,58.122528177227736,0.0,0.0
2023,12,26,2,9.1501,0.0,-0.0,0.0,9.462357807652534,48.51495946410557,0.0,0.0
2023,12,26,3,9.1501,0.0,-0.0,0.0,9.462357807652534,38.90739075098341,0.0,0.0
2023,12,26,4,9.1501,0.0,-0.0,0.0,9.462357807652534,29.29982203786125,0.0,0.0
2023,12,26,5,9.1501,0.0,-0.0,0.0,9.462357807652534,19.69225332473909,0.0,0.0
2023,12,26,6,9.1501,0.0,-0.0,0.0,9.462357807652534,10.084684611616932,0.0,0.0
2023,12,26,7,9.1501,0.0,-0.0,0.0,9.462357807652534,0.4771158984947732,0.0,0.0
2023,12,26,8,9.1501,0.0,-0.0,0.0,0.4699046639251345,0.0,0.0,8.695702189984395
2023,12,26,9,9.1501,12.144677883315978,9.462357807652534,0.0,0.0,0.0,2.682320075663444,0.0
2023,12,26,10,9.1501,27.94714223358061,9.462357807652534,0.0,0.0,0.0,18.484784425928076,0.0
2023,12,26,11,9.1501,44.15440047116943,9.462357807652534,0.0,0.0,0.0,34.6920426635169,0.0
2023,12,26,12,9.1501,63.74728588125065,9.462357807652534,0.0,0.0,0.0,54.28492807359811,0.0
2023,12,26,13,9.1501,67.87359974118732,54.041038165646384,44.578680357993846,0.0,41.70966296457223,13.832561575540936,0.0
2023,12,26,14,9.1501,61.43220935119226,61.43220935119226,51.96985154353973,0.0,90.33481235868601,0.0,0.0
2023,12,26,15,9.1501,49.50284736538916,49.50284736538916,40.04048955773663,0.0,127.79835571568874,0.0,0.0
2023,12,26,16,9.1501,27.40971375338848,27.40971375338848,17.947355945735946,0.0,144.5906465953272,0.0,0.0
2023,12,26,17,9.1501,0.0,-0.0,0.0,9.462357807652534,134.98307788220504,0.0,0.0
2023,12,26,18,9.1501,0.0,-0.0,0.0,9.462357807652534,125.37550916908287,0.0,0.0
2023,12,26,19,9.1501,0.0,-0.0,0.0,9.462357807652534,115.76794045596071,0.0,0.0
2023,12,26,20,9.1501,0.0,-0.0,0.0,9.462357807652534,106.16037174283855,0.0,0.0
2023,12,26,21,9.1501,0.0,-0.0,0.0,9.462357807652534,96.55280302971639,0.0,0.0
2023,12,26,22,9.1501,0.0,-0.0,0.0,9.462357807652534,86.94523431659422,0.0,0.0
2023,12,26,23,9.1501,0.0,-0.0,0.0,9.462357807652534,77.33766560347206,0.0,0.0
2023,12,27,0,9.1501,0.0,-0.0,0.0,9.462357807652534,67.7300968903499,0.0,0.0
2023,12,27,1,9.1501,0.0,-0.0,0.0,9.462357807652534,58.122528177227736,0.0,0.0
2023,12,27,2,9.1501,0.0,-0.0,0.0,9.462357807652534,48.51495946410557,0.0,0.0
2023,12,27,3,9.1501,0.0,-0.0,0.0,9.462357807652534,38.90739075098341,0.0,0.0
2023,12,27,4,9.1501,0.0,-0.0,0.0,9.462357807652534,29.29982203786125,0.0,0.0
2023,12,27,5,9.1501,0.0,-0.0,0.0,9.462357807652534,19.69225332473909,0.0,0.0
2023,12,27,6,9.1501,0.0,-0.0,0.0,9.462357807652534,10.084684611616932,0.0,0.0
2023,12,27,7,9.1501,0.0,-0.0,0.0,9.462357807652534,0.4771158984947732,0.0,0.0
2023,12,27,8,9.1501,0.0,-0.0,0.0,0.4699046639251345,0.0,0.0,8.695702189984395
2023,12,27,9,9.1501,19.81767520708465,9.462357807652534,0.0,0.0,0.0,10.355317399432117,0.0
2023,12,27,10,9.1501,44.767620147286095,9.462357807652534,0.0,0.0,0.0,35.30526233963356,0.0
2023,12,27,11,9.1501,58.702003770729064,9.462357807652534,0.0,0.0,0.0,49.239645963076526,0.0
2023,12,27,12,9.1501,68.14662029923363,9.462357807652534,0.0,0.0,0.0,58.684262491581094,0.0
2023,12,27,13,9.1501,69.44540579303127,50.77771042294133,41.315352615288795,0.0,38.65635812920919,18.667695370089938,0.0
2023,12,27,14,9.1501,62.51654021106708,62.51654021106708,53.05418240341454,0.0,88.29605246597856,0.0,0.0
2023,12,27,15,9.1501,49.65442975723821,49.65442975723821,40.19207194958568,0.0,125.90142259812616,0.0,0.0
2023,12,27,16,9.1501,29.437128244369674,29.437128244369674,19.97477043671714,0.0,144.5906465953272,0.0,0.0
2023,12,27,17,9.1501,0.0,-0.0,0.0,9.462357807652534,134.98307788220504,0.0,0.0
2023,12,27,18,9.1501,0.0,-0.0,0.0,9.462357807652534,125.37550916908287,0.0,0.0
2023,12,27,19,9.1501,0.0,-0.0,0.0,9.462357807652534,115.76794045596071,0.0,0.0
2023,12,27,20,9.1501,0.0,-0.0,0.0,9.462357807652534,106.16037174283855,0.0,0.0
2023,12,27,21,9.1501,0.0,-0.0,0.0,9.462357807652534,96.55280302971639,0.0,0.0
2023,12,27,22,9.1501,0.0,-0.0,0.0,9.462357807652534,86.94523431659422,0.0,0.0
2023,12,27,23,9.1501,0.0,-0.0,0.0,9.462357807652534,77.33766560347206,0.0,0.0
2023,12,28,0,9.1501,0.0,-0.0,0.0,9.462357807652534,67.7300968903499,0.0,0.0
2023,12,28,1,9.1501,0.0,-0.0,0.0,9.462357807652534,58.122528177227736,0.0,0.0
2023,12,28,2,9.1501,0.0,-0.0,0.0,9.462357807652534,48.51495946410557,0.0,0.0
2023,12,28,3,9.1501,0.0,-0.0,0.0,9.462357807652534,38.90739075098341,0.0,0.0
2023,12,28,4,9.1501,0.0,-0.0,0.0,9.462357807652534,29.29982203786125,0.0,0.0
2023,12,28,5,9.1501,0.0,-0.0,0.0,9.462357807652534,19.69225332473909,0.0,0.0
2023,12,28,6,9.1501,0.0,-0.0,0.0,9.462357807652534,10.084684611616932,0.0,0.0
2023,12,28,7,9.1501,0.0,-0.0,0.0,9.462357807652534,0.4771158984947732,0.0,0.0
2023,12,28,8,9.1501,0.0,-0.0,0.0,0.4699046639251345,0.0,0.0,8.695702189984395
2023,12,28,9,9.1501,2.2125861628422627,2.2125861628422627,0.0,-0.0,0.0,0.0,7.010529180531532
2023,12,28,10,9.1501,9.908837603542326,9.908837603542326,0.44647979588979153,0.0,0.417745022003883,0.0,0.0
2023,12,28,11,9.1501,32.900269139966696,32.900269139966696,23.43791133231416,0.0,22.34722733089531,0.0,0.0
2023,12,28,12,9.1501,42.635131498318614,42.635131498318614,33.172773690666084,0.0,53.38505077309597,0.0,0.0
2023,12,28,13,9.1501,34.623657583659714,34.623657583659714,25.16129977600718,0.0,76.92700681531056,0.0,0.0
2023,12,28,14,9.1501,42.293209853068184,42.293209853068184,32.830852045415654,0.0,107.6449141794856,0.0,0.0
2023,12,28,15,9.1501,18.490468014815313,18.490468014815313,9.02811020716278,0.0,116.09198867616817,0.0,0.0
2023,12,28,16,9.1501,1.6889379000909603,1.6889379000909603,0.0,7.773419907561574,108.19927658305217,0.0,0.0
2023,12,28,17,9.1501,0.0,-0.0,0.0,9.462357807652534,98.59170786993,0.0,0.0
2023,12,28,18,9.1501,0.0,-0.0,0.0,9.462357807652534,88.98413915680784,0.0,0.0
2023,12,28,19,9.1501,0.0,-0.0,0.0,9.462357807652534,79.37657044368568,0.0,0.0
2023,12,28,20,9.1501,0.0,-0.0,0.0,9.462357807652534,69.76900173056352,0.0,0.0
2023,12,28,21,9.1501,0.0,-0.0,0.0,9.462357807652534,60.161433017441354,0.0,0.0
2023,12,28,22,9.1501,0.0,-0.0,0.0,9.462357807652534,50.55386430431919,0.0,0.0
2023,12,28,23,9.1501,0.0,-0.0,0.0,9.462357807652534,40.94629559119703,0.0,0.0
2023,12,29,0,9.1501,0.0,-0.0,0.0,9.462357807652534,31.33872687807487,0.0,0.0
2023,12,29,1,9.1501,0.0,-0.0,0.0,9.462357807652534,21.73115816495271,0.0,0.0
2023,12,29,2,9.1501,0.0,-0.0,0.0,9.462357807652534,12.12358945183055,0.0,0.0
2023,12,29,3,9.1501,0.0,-0.0,0.0,9.462357807652534,2.5160207387083915,0.0,0.0
2023,12,29,4,9.1501,0.0,-0.0,0.0,2.4779930481909003,0.0,0.0,6.7538807223993995
2023,12,29,5,9.1501,0.0,-0.0,0.0,-0.0,0.0,0.0,9.1501
2023,12,29,6,9.1501,0.0,-0.0,0.0,-0.0,0.0,0.0,9.1501
2023,12,29,7,9.1501,0.0,-0.0,0.0,-0.0,0.0,0.0,9.1501
2023,12,29,8,9.1501,0.0,-0.0,0.0,-0.0,0.0,0.0,9.1501
2023,12,29,9,9.1501,8.318083752717234,8.318083752717234,0.0,-0.0,0.0,0.0,1.106513011122435
2023,12,29,10,9.1501,15.716337991259483,15.716337991259483,6.253980183606949,0.0,5.851483344741575,0.0,0.0
2023,12,29,11,9.1501,24.909465551469022,24.909465551469022,15.447107743816488,0.0,20.30443826843942,0.0,0.0
2023,12,29,12,9.1501,41.785925598527854,41.785925598527854,32.32356779087532,0.0,50.54770943624895,0.0,0.0
2023,12,29,13,9.1501,51.9695062872966,51.9695062872966,42.50714847964407,0.0,90.3191612251545,0.0,0.0
2023,12,29,14,9.1501,31.38444522147608,31.38444522147608,21.922087413823547,0.0,110.83037578259726,0.0,0.0
2023,12,29,15,9.1501,8.249182665513116,8.249182665513116,0.0,1.2131751421394186,109.59858305439056,0.0,0.0
2023,12,29,16,9.1501,2.118708431526651,2.1187084315266507,0.0,7.343649376125883,102.14223682225524,4.440892098500626e-16,0.0
2023,12,29,17,9.1501,0.0,-0.0,0.0,9.462357807652534,92.53466810913308,0.0,0.0
2023,12,29,18,9.1501,0.0,-0.0,0.0,9.462357807652534,82.92709939601092,0.0,0.0
2023,12,29,19,9.1501,0.0,-0.0,0.0,9.462357807652534,73.31953068288875,0.0,0.0
2023,12,29,20,9.1501,0.0,-0.0,0.0,9.462357807652534,63.71196196976659,0.0,0.0
2023,12,29,21,9.1501,0.0,-0.0,0.0,9.462357807652534,54.10439325664443,0.0,0.0
2023,12,29,22,9.1501,0.0,-0.0,0.0,9.462357807652534,44.496824543522266,0.0,0.0
2023,12,29,23,9.1501,0.0,-0.0,0.0,9.462357807652534,34.8892558304001,0.0,0.0
2023,12,30,0,9.1501,0.0,-0.0,0.0,9.462357807652534,25.281687117277947,0.0,0.0
2023,12,30,1,9.1501,0.0,-0.0,0.0,9.462357807652534,15.674118404155788,0.0,0.0
2023,12,30,2,9.1501,0.0,-0.0,0.0,9.462357807652534,6.066549691033629,0.0,0.0
2023,12,30,3,9.1501,0.0,-0.0,0.0,5.97485852545203,0.0,0.0,3.3724118058878876
2023,12,30,4,9.1501,0.0,-0.0,0.0,-0.0,0.0,0.0,9.1501
2023,12,30,5,9.1501,0.0,-0.0,0.0,-0.0,0.0,0.0,9.1501
2023,12,30,6,9.1501,0.0,-0.0,0.0,-0.0,0.0,0.0,9.1501
2023,12,30,7,9.1501,0.0,-0.0,0.0,-0.0,0.0,0.0,9.1501
2023,12,30,8,9.1501,0.0,-0.0,0.0,-0.0,0.0,0.0,9.1501
2023,12,30,9,9.1501,5.379452383461571,5.379452383461571,0.0,-0.0,0.0,0.0,3.9481695451926613
2023,12,30,10,9.1501,16.907465536300688,9.462357807652534,0.0,0.0,0.0,7.4451077286481535,0.0
2023,12,30,11,9.1501,26.744818261868737,9.462357807652534,0.0,0.0,0.0,17.282460454216203,0.0
2023,12,30,12,9.1501,50.817996867397774,30.706478464138403,21.24412065648587,0.0,19.87688072964322,20.11151840325937,0.0
2023,12,30,13,9.1501,55.133788717145755,55.133788717145755,45.67143090949322,0.0,62.60896644969785,0.0,0.0
2023,12,30,14,9.1501,49.52610148232054,49.52610148232054,40.06374367466801,0.0,100.09426732334212,0.0,0.0
2023,12,30,15,9.1501,41.975403588339184,41.975403588339184,32.51304578068665,0.0,130.51482196008274,0.0,0.0
2023,12,30,16,9.1501,24.506394191324933,24.506394191324933,15.044036383672399,0.0,144.5906465953272,0.0,0.0
2023,12,30,17,9.1501,0.0,-0.0,0.0,9.462357807652534,134.98307788220504,0.0,0.0
2023,12,30,18,9.1501,0.0,-0.0,0.0,9.462357807652534,125.37550916908289,0.0,0.0
2023,12,30,19,9.1501,0.0,-0.0,0.0,9.462357807652534,115.76794045596073,0.0,0.0
2023,12,30,20,9.1501,0.0,-0.0,0.0,9.462357807652534,106.16037174283856,0.0,0.0
2023,12,30,21,9.1501,0.0,-0.0,0.0,9.462357807652534,96.5528030297164,0.0,0.0
2023,12,30,22,9.1501,0.0,-0.0,0.0,9.462357807652534,86.94523431659424,0.0,0.0
2023,12,30,23,9.1501,0.0,-0.0,0.0,9.462357807652534,77.33766560347208,0.0,0.0
2023,12,31,0,9.1501,0.0,-0.0,0.0,9.462357807652534,67.73009689034991,0.0,0.0
2023,12,31,1,9.1501,0.0,-0.0,0.0,9.462357807652534,58.12252817722775,0.0,0.0
2023,12,31,2,9.1501,0.0,-0.0,0.0,9.462357807652534,48.51495946410559,0.0,0.0
2023,12,31,3,9.1501,0.0,-0.0,0.0,9.462357807652534,38.907390750983424,0.0,0.0
2023,12,31,4,9.1501,0.0,-0.0,0.0,9.462357807652534,29.299822037861265,0.0,0.0
2023,12,31,5,9.1501,0.0,-0.0,0.0,9.462357807652534,19.692253324739106,0.0,0.0
2023,12,31,6,9.1501,0.0,-0.0,0.0,9.462357807652534,10.084684611616947,0.0,0.0
2023,12,31,7,9.1501,0.0,-0.0,0.0,9.462357807652534,0.4771158984947874,0.0,0.0
2023,12,31,8,9.1501,0.0,-0.0,0.0,0.4699046639251345,0.0,0.0,8.695702189984395
2023,12,31,9,9.1501,0.16536260928987637,0.16536260928987637,0.0,0.0,-0.0,0.0,8.990194356816689
2023,12,31,10,9.1501,1.4684544210377803,1.4684544210377803,0.0,-0.0,0.0,0.0,7.730104574856466
2023,12,31,11,9.1501,5.976308051367248,5.976308051367248,0.0,-0.0,0.0,0.0,3.3710101143278717
2023,12,31,12,9.1501,23.681303672055606,18.663248221636312,9.20089041398378,0.0,8.608734827037338,5.018055450419293,0.0
2023,12,31,13,9.1501,23.33335318167481,23.33335318167481,13.870995374022275,0.0,21.58701362280845,0.0,0.0
2023,12,31,14,9.1501,29.8875691019666,29.8875691019666,20.425211294314067,0.0,40.69768877569565,0.0,0.0
2023,12,31,15,9.1501,30.816872515632156,30.816872515632156,21.35451470797962,0.0,60.67785876029485,0.0,0.0
2023,12,31,16,9.1501,16.489752695125716,16.489752695125716,7.027394887473182,0.0,67.25298099185513,0.0,0.0
2023,12,31,17,9.1501,0.0,0.0,0.0,9.462357807652534,57.64541227873296,0.0,0.0
2023,12,31,18,9.1501,0.0,0.0,0.0,9.462357807652534,48.0378435656108,0.0,0.0
2023,12,31,19,9.1501,0.0,0.0,0.0,9.462357807652534,38.43027485248864,0.0,0.0
2023,12,31,20,9.1501,0.0,0.0,0.0,9.462357807652534,28.822706139366478,0.0,0.0
2023,12,31,21,9.1501,0.0,0.0,0.0,9.462357807652534,19.21513742624432,0.0,0.0
2023,12,31,22,9.1501,0.0,0.0,0.0,9.462357807652534,9.60756871312216,0.0,0.0
2023,12,31,23,9.1501,0.0,0.0,0.0,9.462357807652534,0.0,0.0,0.0
