2026-06-01 16:49:58,717 INFO ======================================================================
2026-06-01 16:49:58,717 INFO PVGIS pull — 115 EPRTR facilities
2026-06-01 16:49:58,717 INFO   Input:  /Users/annayuen/Desktop/IECC/industrial_decarb/LCOH_EU_workflow/inputs/gee_facilities_115.csv
2026-06-01 16:49:58,717 INFO   Output: /Users/annayuen/Desktop/IECC/industrial_decarb/LCOH_EU_workflow/off_grid_electricity_run/outputs/pvgis_solar_cf_115.csv
2026-06-01 16:49:58,717 INFO   Year:   2023
2026-06-01 16:49:58,717 INFO ======================================================================
2026-06-01 16:49:58,723 INFO Loaded 115 sites
2026-06-01 16:49:59,287 INFO Timezone cache: 113 unique coordinates
2026-06-01 16:49:59,288 INFO [PL.MŚ/000000232.FACILITY] start  lat=50.8069 lon=20.5222  active=1
2026-06-01 16:49:59,288 INFO [FR.CAED/10790.FACILITY] start  lat=51.0303 lon=2.2455  active=2
2026-06-01 16:49:59,288 INFO [ES.CAED/002762000.FACILITY] start  lat=41.5466 lon=-0.6784  active=3
2026-06-01 16:49:59,288 INFO [FR.CAED/7624.FACILITY] start  lat=43.4558 lon=4.9317  active=4
2026-06-01 16:49:59,288 INFO [IT.CAED/441221002.FACILITY] start  lat=44.8560 lon=11.5921  active=5
2026-06-01 16:49:59,289 INFO [ES.CAED/001482000.FACILITY] start  lat=37.1843 lon=-6.8945  active=6
2026-06-01 16:49:59,289 INFO [FR.CAED/3437.FACILITY] start  lat=49.3533 lon=4.1562  active=7
2026-06-01 16:49:59,290 INFO [FR.CAED/7658.FACILITY] start  lat=43.3885 lon=5.1527  active=8
2026-06-01 16:49:59,290 INFO [ES.CAED/003701000.FACILITY] start  lat=43.3257 lon=-3.1109  active=9
2026-06-01 16:49:59,291 INFO [IT.CAED/850122001.FACILITY] start  lat=40.4101 lon=16.0871  active=10
2026-06-01 16:50:01,424 ERROR [FR.CAED/3437.FACILITY] unexpected error: Invalid value '0' for dtype 'str'. Value should be a string or missing value, got 'int' instead.
Traceback (most recent call last):
  File "/Users/annayuen/Desktop/IECC/industrial_decarb/LCOH_EU_workflow/off_grid_electricity_run/scripts/pull_pvgis_115.py", line 133, in fetch_one
    df = df.reindex(full_range, fill_value=0)[["P_kWperkWp"]]
         ~~~~~~~~~~^^^^^^^^^^^^^^^^^^^^^^^^^^
  File "/Users/annayuen/Desktop/IECC/industrial_decarb/LCOH_EU_workflow/.venv/lib/python3.13/site-packages/pandas/core/frame.py", line 6090, in reindex
    return super().reindex(
           ~~~~~~~~~~~~~~~^
        labels=labels,
        ^^^^^^^^^^^^^^
    ...<8 lines>...
        copy=copy,
        ^^^^^^^^^^
    )
    ^
  File "/Users/annayuen/Desktop/IECC/industrial_decarb/LCOH_EU_workflow/.venv/lib/python3.13/site-packages/pandas/core/generic.py", line 5476, in reindex
    return self._reindex_axes(
           ~~~~~~~~~~~~~~~~~~^
        axes, level, limit, tolerance, method, fill_value
        ^^^^^^^^^^^^^^^^^^^^^^^^^^^^^^^^^^^^^^^^^^^^^^^^^
    ).__finalize__(self, method="reindex")
    ^
  File "/Users/annayuen/Desktop/IECC/industrial_decarb/LCOH_EU_workflow/.venv/lib/python3.13/site-packages/pandas/core/generic.py", line 5503, in _reindex_axes
    obj = obj._reindex_with_indexers(
        {axis: [new_index, indexer]},
        fill_value=fill_value,
        allow_dups=False,
    )
  File "/Users/annayuen/Desktop/IECC/industrial_decarb/LCOH_EU_workflow/.venv/lib/python3.13/site-packages/pandas/core/generic.py", line 5547, in _reindex_with_indexers
    new_data = new_data.reindex_indexer(
        index,
    ...<3 lines>...
        allow_dups=allow_dups,
    )
  File "/Users/annayuen/Desktop/IECC/industrial_decarb/LCOH_EU_workflow/.venv/lib/python3.13/site-packages/pandas/core/internals/managers.py", line 866, in reindex_indexer
    blk.take_nd(
    ~~~~~~~~~~~^
        indexer,
        ^^^^^^^^
    ...<3 lines>...
        ),
        ^^
    )
    ^
  File "/Users/annayuen/Desktop/IECC/industrial_decarb/LCOH_EU_workflow/.venv/lib/python3.13/site-packages/pandas/core/internals/blocks.py", line 1015, in take_nd
    new_values = algos.take_nd(
        values, indexer, axis=axis, allow_fill=allow_fill, fill_value=fill_value
    )
  File "/Users/annayuen/Desktop/IECC/industrial_decarb/LCOH_EU_workflow/.venv/lib/python3.13/site-packages/pandas/core/array_algos/take.py", line 112, in take_nd
    return arr.take(indexer, fill_value=fill_value, allow_fill=allow_fill)
           ~~~~~~~~^^^^^^^^^^^^^^^^^^^^^^^^^^^^^^^^^^^^^^^^^^^^^^^^^^^^^^^
  File "/Users/annayuen/Desktop/IECC/industrial_decarb/LCOH_EU_workflow/.venv/lib/python3.13/site-packages/pandas/core/arrays/numpy_.py", line 382, in take
    result = super().take(
        indices, allow_fill=allow_fill, fill_value=fill_value, axis=axis
    )
  File "/Users/annayuen/Desktop/IECC/industrial_decarb/LCOH_EU_workflow/.venv/lib/python3.13/site-packages/pandas/core/arrays/_mixins.py", line 170, in take
    fill_value = self._validate_scalar(fill_value)
  File "/Users/annayuen/Desktop/IECC/industrial_decarb/LCOH_EU_workflow/.venv/lib/python3.13/site-packages/pandas/core/arrays/string_.py", line 750, in _validate_scalar
    raise TypeError(
    ...<2 lines>...
    )
TypeError: Invalid value '0' for dtype 'str'. Value should be a string or missing value, got 'int' instead.
2026-06-01 16:50:01,428 ERROR [PL.MŚ/000000232.FACILITY] unexpected error: Invalid value '0' for dtype 'str'. Value should be a string or missing value, got 'int' instead.
Traceback (most recent call last):
  File "/Users/annayuen/Desktop/IECC/industrial_decarb/LCOH_EU_workflow/off_grid_electricity_run/scripts/pull_pvgis_115.py", line 133, in fetch_one
    df = df.reindex(full_range, fill_value=0)[["P_kWperkWp"]]
         ~~~~~~~~~~^^^^^^^^^^^^^^^^^^^^^^^^^^
  File "/Users/annayuen/Desktop/IECC/industrial_decarb/LCOH_EU_workflow/.venv/lib/python3.13/site-packages/pandas/core/frame.py", line 6090, in reindex
    return super().reindex(
           ~~~~~~~~~~~~~~~^
        labels=labels,
        ^^^^^^^^^^^^^^
    ...<8 lines>...
        copy=copy,
        ^^^^^^^^^^
    )
    ^
  File "/Users/annayuen/Desktop/IECC/industrial_decarb/LCOH_EU_workflow/.venv/lib/python3.13/site-packages/pandas/core/generic.py", line 5476, in reindex
    return self._reindex_axes(
           ~~~~~~~~~~~~~~~~~~^
        axes, level, limit, tolerance, method, fill_value
        ^^^^^^^^^^^^^^^^^^^^^^^^^^^^^^^^^^^^^^^^^^^^^^^^^
    ).__finalize__(self, method="reindex")
    ^
  File "/Users/annayuen/Desktop/IECC/industrial_decarb/LCOH_EU_workflow/.venv/lib/python3.13/site-packages/pandas/core/generic.py", line 5503, in _reindex_axes
    obj = obj._reindex_with_indexers(
        {axis: [new_index, indexer]},
        fill_value=fill_value,
        allow_dups=False,
    )
  File "/Users/annayuen/Desktop/IECC/industrial_decarb/LCOH_EU_workflow/.venv/lib/python3.13/site-packages/pandas/core/generic.py", line 5547, in _reindex_with_indexers
    new_data = new_data.reindex_indexer(
        index,
    ...<3 lines>...
        allow_dups=allow_dups,
    )
  File "/Users/annayuen/Desktop/IECC/industrial_decarb/LCOH_EU_workflow/.venv/lib/python3.13/site-packages/pandas/core/internals/managers.py", line 866, in reindex_indexer
    blk.take_nd(
    ~~~~~~~~~~~^
        indexer,
        ^^^^^^^^
    ...<3 lines>...
        ),
        ^^
    )
    ^
  File "/Users/annayuen/Desktop/IECC/industrial_decarb/LCOH_EU_workflow/.venv/lib/python3.13/site-packages/pandas/core/internals/blocks.py", line 1015, in take_nd
    new_values = algos.take_nd(
        values, indexer, axis=axis, allow_fill=allow_fill, fill_value=fill_value
    )
  File "/Users/annayuen/Desktop/IECC/industrial_decarb/LCOH_EU_workflow/.venv/lib/python3.13/site-packages/pandas/core/array_algos/take.py", line 112, in take_nd
    return arr.take(indexer, fill_value=fill_value, allow_fill=allow_fill)
           ~~~~~~~~^^^^^^^^^^^^^^^^^^^^^^^^^^^^^^^^^^^^^^^^^^^^^^^^^^^^^^^
  File "/Users/annayuen/Desktop/IECC/industrial_decarb/LCOH_EU_workflow/.venv/lib/python3.13/site-packages/pandas/core/arrays/numpy_.py", line 382, in take
    result = super().take(
        indices, allow_fill=allow_fill, fill_value=fill_value, axis=axis
    )
  File "/Users/annayuen/Desktop/IECC/industrial_decarb/LCOH_EU_workflow/.venv/lib/python3.13/site-packages/pandas/core/arrays/_mixins.py", line 170, in take
    fill_value = self._validate_scalar(fill_value)
  File "/Users/annayuen/Desktop/IECC/industrial_decarb/LCOH_EU_workflow/.venv/lib/python3.13/site-packages/pandas/core/arrays/string_.py", line 750, in _validate_scalar
    raise TypeError(
    ...<2 lines>...
    )
TypeError: Invalid value '0' for dtype 'str'. Value should be a string or missing value, got 'int' instead.
2026-06-01 16:50:01,428 ERROR [ES.CAED/003701000.FACILITY] unexpected error: Invalid value '0' for dtype 'str'. Value should be a string or missing value, got 'int' instead.
Traceback (most recent call last):
  File "/Users/annayuen/Desktop/IECC/industrial_decarb/LCOH_EU_workflow/off_grid_electricity_run/scripts/pull_pvgis_115.py", line 133, in fetch_one
    df = df.reindex(full_range, fill_value=0)[["P_kWperkWp"]]
         ~~~~~~~~~~^^^^^^^^^^^^^^^^^^^^^^^^^^
  File "/Users/annayuen/Desktop/IECC/industrial_decarb/LCOH_EU_workflow/.venv/lib/python3.13/site-packages/pandas/core/frame.py", line 6090, in reindex
    return super().reindex(
           ~~~~~~~~~~~~~~~^
        labels=labels,
        ^^^^^^^^^^^^^^
    ...<8 lines>...
        copy=copy,
        ^^^^^^^^^^
    )
    ^
  File "/Users/annayuen/Desktop/IECC/industrial_decarb/LCOH_EU_workflow/.venv/lib/python3.13/site-packages/pandas/core/generic.py", line 5476, in reindex
    return self._reindex_axes(
           ~~~~~~~~~~~~~~~~~~^
        axes, level, limit, tolerance, method, fill_value
        ^^^^^^^^^^^^^^^^^^^^^^^^^^^^^^^^^^^^^^^^^^^^^^^^^
    ).__finalize__(self, method="reindex")
    ^
  File "/Users/annayuen/Desktop/IECC/industrial_decarb/LCOH_EU_workflow/.venv/lib/python3.13/site-packages/pandas/core/generic.py", line 5503, in _reindex_axes
    obj = obj._reindex_with_indexers(
        {axis: [new_index, indexer]},
        fill_value=fill_value,
        allow_dups=False,
    )
  File "/Users/annayuen/Desktop/IECC/industrial_decarb/LCOH_EU_workflow/.venv/lib/python3.13/site-packages/pandas/core/generic.py", line 5547, in _reindex_with_indexers
    new_data = new_data.reindex_indexer(
        index,
    ...<3 lines>...
        allow_dups=allow_dups,
    )
  File "/Users/annayuen/Desktop/IECC/industrial_decarb/LCOH_EU_workflow/.venv/lib/python3.13/site-packages/pandas/core/internals/managers.py", line 866, in reindex_indexer
    blk.take_nd(
    ~~~~~~~~~~~^
        indexer,
        ^^^^^^^^
    ...<3 lines>...
        ),
        ^^
    )
    ^
  File "/Users/annayuen/Desktop/IECC/industrial_decarb/LCOH_EU_workflow/.venv/lib/python3.13/site-packages/pandas/core/internals/blocks.py", line 1015, in take_nd
    new_values = algos.take_nd(
        values, indexer, axis=axis, allow_fill=allow_fill, fill_value=fill_value
    )
  File "/Users/annayuen/Desktop/IECC/industrial_decarb/LCOH_EU_workflow/.venv/lib/python3.13/site-packages/pandas/core/array_algos/take.py", line 112, in take_nd
    return arr.take(indexer, fill_value=fill_value, allow_fill=allow_fill)
           ~~~~~~~~^^^^^^^^^^^^^^^^^^^^^^^^^^^^^^^^^^^^^^^^^^^^^^^^^^^^^^^
  File "/Users/annayuen/Desktop/IECC/industrial_decarb/LCOH_EU_workflow/.venv/lib/python3.13/site-packages/pandas/core/arrays/numpy_.py", line 382, in take
    result = super().take(
        indices, allow_fill=allow_fill, fill_value=fill_value, axis=axis
    )
  File "/Users/annayuen/Desktop/IECC/industrial_decarb/LCOH_EU_workflow/.venv/lib/python3.13/site-packages/pandas/core/arrays/_mixins.py", line 170, in take
    fill_value = self._validate_scalar(fill_value)
  File "/Users/annayuen/Desktop/IECC/industrial_decarb/LCOH_EU_workflow/.venv/lib/python3.13/site-packages/pandas/core/arrays/string_.py", line 750, in _validate_scalar
    raise TypeError(
    ...<2 lines>...
    )
TypeError: Invalid value '0' for dtype 'str'. Value should be a string or missing value, got 'int' instead.
2026-06-01 16:50:01,550 ERROR [FR.CAED/7658.FACILITY] unexpected error: Invalid value '0' for dtype 'str'. Value should be a string or missing value, got 'int' instead.
Traceback (most recent call last):
  File "/Users/annayuen/Desktop/IECC/industrial_decarb/LCOH_EU_workflow/off_grid_electricity_run/scripts/pull_pvgis_115.py", line 133, in fetch_one
    df = df.reindex(full_range, fill_value=0)[["P_kWperkWp"]]
         ~~~~~~~~~~^^^^^^^^^^^^^^^^^^^^^^^^^^
  File "/Users/annayuen/Desktop/IECC/industrial_decarb/LCOH_EU_workflow/.venv/lib/python3.13/site-packages/pandas/core/frame.py", line 6090, in reindex
    return super().reindex(
           ~~~~~~~~~~~~~~~^
        labels=labels,
        ^^^^^^^^^^^^^^
    ...<8 lines>...
        copy=copy,
        ^^^^^^^^^^
    )
    ^
  File "/Users/annayuen/Desktop/IECC/industrial_decarb/LCOH_EU_workflow/.venv/lib/python3.13/site-packages/pandas/core/generic.py", line 5476, in reindex
    return self._reindex_axes(
           ~~~~~~~~~~~~~~~~~~^
        axes, level, limit, tolerance, method, fill_value
        ^^^^^^^^^^^^^^^^^^^^^^^^^^^^^^^^^^^^^^^^^^^^^^^^^
    ).__finalize__(self, method="reindex")
    ^
  File "/Users/annayuen/Desktop/IECC/industrial_decarb/LCOH_EU_workflow/.venv/lib/python3.13/site-packages/pandas/core/generic.py", line 5503, in _reindex_axes
    obj = obj._reindex_with_indexers(
        {axis: [new_index, indexer]},
        fill_value=fill_value,
        allow_dups=False,
    )
  File "/Users/annayuen/Desktop/IECC/industrial_decarb/LCOH_EU_workflow/.venv/lib/python3.13/site-packages/pandas/core/generic.py", line 5547, in _reindex_with_indexers
    new_data = new_data.reindex_indexer(
        index,
    ...<3 lines>...
        allow_dups=allow_dups,
    )
  File "/Users/annayuen/Desktop/IECC/industrial_decarb/LCOH_EU_workflow/.venv/lib/python3.13/site-packages/pandas/core/internals/managers.py", line 866, in reindex_indexer
    blk.take_nd(
    ~~~~~~~~~~~^
        indexer,
        ^^^^^^^^
    ...<3 lines>...
        ),
        ^^
    )
    ^
  File "/Users/annayuen/Desktop/IECC/industrial_decarb/LCOH_EU_workflow/.venv/lib/python3.13/site-packages/pandas/core/internals/blocks.py", line 1015, in take_nd
    new_values = algos.take_nd(
        values, indexer, axis=axis, allow_fill=allow_fill, fill_value=fill_value
    )
  File "/Users/annayuen/Desktop/IECC/industrial_decarb/LCOH_EU_workflow/.venv/lib/python3.13/site-packages/pandas/core/array_algos/take.py", line 112, in take_nd
    return arr.take(indexer, fill_value=fill_value, allow_fill=allow_fill)
           ~~~~~~~~^^^^^^^^^^^^^^^^^^^^^^^^^^^^^^^^^^^^^^^^^^^^^^^^^^^^^^^
  File "/Users/annayuen/Desktop/IECC/industrial_decarb/LCOH_EU_workflow/.venv/lib/python3.13/site-packages/pandas/core/arrays/numpy_.py", line 382, in take
    result = super().take(
        indices, allow_fill=allow_fill, fill_value=fill_value, axis=axis
    )
  File "/Users/annayuen/Desktop/IECC/industrial_decarb/LCOH_EU_workflow/.venv/lib/python3.13/site-packages/pandas/core/arrays/_mixins.py", line 170, in take
    fill_value = self._validate_scalar(fill_value)
  File "/Users/annayuen/Desktop/IECC/industrial_decarb/LCOH_EU_workflow/.venv/lib/python3.13/site-packages/pandas/core/arrays/string_.py", line 750, in _validate_scalar
    raise TypeError(
    ...<2 lines>...
    )
TypeError: Invalid value '0' for dtype 'str'. Value should be a string or missing value, got 'int' instead.
2026-06-01 16:50:01,560 INFO [IT.CAED/960101005.FACILITY] start  lat=37.1791 lon=15.1825  active=10
2026-06-01 16:50:01,564 INFO [1/115] FAIL  FR.CAED/3437.FACILITY  ETA 0:04:19.593846
2026-06-01 16:50:01,566 INFO [FR.CAED/12675.FACILITY] start  lat=48.0848 lon=1.8825  active=10
2026-06-01 16:50:01,566 ERROR [FR.CAED/7624.FACILITY] unexpected error: Invalid value '0' for dtype 'str'. Value should be a string or missing value, got 'int' instead.
Traceback (most recent call last):
  File "/Users/annayuen/Desktop/IECC/industrial_decarb/LCOH_EU_workflow/off_grid_electricity_run/scripts/pull_pvgis_115.py", line 133, in fetch_one
    df = df.reindex(full_range, fill_value=0)[["P_kWperkWp"]]
         ~~~~~~~~~~^^^^^^^^^^^^^^^^^^^^^^^^^^
  File "/Users/annayuen/Desktop/IECC/industrial_decarb/LCOH_EU_workflow/.venv/lib/python3.13/site-packages/pandas/core/frame.py", line 6090, in reindex
    return super().reindex(
           ~~~~~~~~~~~~~~~^
        labels=labels,
        ^^^^^^^^^^^^^^
    ...<8 lines>...
        copy=copy,
        ^^^^^^^^^^
    )
    ^
  File "/Users/annayuen/Desktop/IECC/industrial_decarb/LCOH_EU_workflow/.venv/lib/python3.13/site-packages/pandas/core/generic.py", line 5476, in reindex
    return self._reindex_axes(
           ~~~~~~~~~~~~~~~~~~^
        axes, level, limit, tolerance, method, fill_value
        ^^^^^^^^^^^^^^^^^^^^^^^^^^^^^^^^^^^^^^^^^^^^^^^^^
    ).__finalize__(self, method="reindex")
    ^
  File "/Users/annayuen/Desktop/IECC/industrial_decarb/LCOH_EU_workflow/.venv/lib/python3.13/site-packages/pandas/core/generic.py", line 5503, in _reindex_axes
    obj = obj._reindex_with_indexers(
        {axis: [new_index, indexer]},
        fill_value=fill_value,
        allow_dups=False,
    )
  File "/Users/annayuen/Desktop/IECC/industrial_decarb/LCOH_EU_workflow/.venv/lib/python3.13/site-packages/pandas/core/generic.py", line 5547, in _reindex_with_indexers
    new_data = new_data.reindex_indexer(
        index,
    ...<3 lines>...
        allow_dups=allow_dups,
    )
  File "/Users/annayuen/Desktop/IECC/industrial_decarb/LCOH_EU_workflow/.venv/lib/python3.13/site-packages/pandas/core/internals/managers.py", line 866, in reindex_indexer
    blk.take_nd(
    ~~~~~~~~~~~^
        indexer,
        ^^^^^^^^
    ...<3 lines>...
        ),
        ^^
    )
    ^
  File "/Users/annayuen/Desktop/IECC/industrial_decarb/LCOH_EU_workflow/.venv/lib/python3.13/site-packages/pandas/core/internals/blocks.py", line 1015, in take_nd
    new_values = algos.take_nd(
        values, indexer, axis=axis, allow_fill=allow_fill, fill_value=fill_value
    )
  File "/Users/annayuen/Desktop/IECC/industrial_decarb/LCOH_EU_workflow/.venv/lib/python3.13/site-packages/pandas/core/array_algos/take.py", line 112, in take_nd
    return arr.take(indexer, fill_value=fill_value, allow_fill=allow_fill)
           ~~~~~~~~^^^^^^^^^^^^^^^^^^^^^^^^^^^^^^^^^^^^^^^^^^^^^^^^^^^^^^^
  File "/Users/annayuen/Desktop/IECC/industrial_decarb/LCOH_EU_workflow/.venv/lib/python3.13/site-packages/pandas/core/arrays/numpy_.py", line 382, in take
    result = super().take(
        indices, allow_fill=allow_fill, fill_value=fill_value, axis=axis
    )
  File "/Users/annayuen/Desktop/IECC/industrial_decarb/LCOH_EU_workflow/.venv/lib/python3.13/site-packages/pandas/core/arrays/_mixins.py", line 170, in take
    fill_value = self._validate_scalar(fill_value)
  File "/Users/annayuen/Desktop/IECC/industrial_decarb/LCOH_EU_workflow/.venv/lib/python3.13/site-packages/pandas/core/arrays/string_.py", line 750, in _validate_scalar
    raise TypeError(
    ...<2 lines>...
    )
TypeError: Invalid value '0' for dtype 'str'. Value should be a string or missing value, got 'int' instead.
2026-06-01 16:50:01,574 ERROR [ES.CAED/002762000.FACILITY] unexpected error: Invalid value '0' for dtype 'str'. Value should be a string or missing value, got 'int' instead.
Traceback (most recent call last):
  File "/Users/annayuen/Desktop/IECC/industrial_decarb/LCOH_EU_workflow/off_grid_electricity_run/scripts/pull_pvgis_115.py", line 133, in fetch_one
    df = df.reindex(full_range, fill_value=0)[["P_kWperkWp"]]
         ~~~~~~~~~~^^^^^^^^^^^^^^^^^^^^^^^^^^
  File "/Users/annayuen/Desktop/IECC/industrial_decarb/LCOH_EU_workflow/.venv/lib/python3.13/site-packages/pandas/core/frame.py", line 6090, in reindex
    return super().reindex(
           ~~~~~~~~~~~~~~~^
        labels=labels,
        ^^^^^^^^^^^^^^
    ...<8 lines>...
        copy=copy,
        ^^^^^^^^^^
    )
    ^
  File "/Users/annayuen/Desktop/IECC/industrial_decarb/LCOH_EU_workflow/.venv/lib/python3.13/site-packages/pandas/core/generic.py", line 5476, in reindex
    return self._reindex_axes(
           ~~~~~~~~~~~~~~~~~~^
        axes, level, limit, tolerance, method, fill_value
        ^^^^^^^^^^^^^^^^^^^^^^^^^^^^^^^^^^^^^^^^^^^^^^^^^
    ).__finalize__(self, method="reindex")
    ^
  File "/Users/annayuen/Desktop/IECC/industrial_decarb/LCOH_EU_workflow/.venv/lib/python3.13/site-packages/pandas/core/generic.py", line 5503, in _reindex_axes
    obj = obj._reindex_with_indexers(
        {axis: [new_index, indexer]},
        fill_value=fill_value,
        allow_dups=False,
    )
  File "/Users/annayuen/Desktop/IECC/industrial_decarb/LCOH_EU_workflow/.venv/lib/python3.13/site-packages/pandas/core/generic.py", line 5547, in _reindex_with_indexers
    new_data = new_data.reindex_indexer(
        index,
    ...<3 lines>...
        allow_dups=allow_dups,
    )
  File "/Users/annayuen/Desktop/IECC/industrial_decarb/LCOH_EU_workflow/.venv/lib/python3.13/site-packages/pandas/core/internals/managers.py", line 866, in reindex_indexer
    blk.take_nd(
    ~~~~~~~~~~~^
        indexer,
        ^^^^^^^^
    ...<3 lines>...
        ),
        ^^
    )
    ^
  File "/Users/annayuen/Desktop/IECC/industrial_decarb/LCOH_EU_workflow/.venv/lib/python3.13/site-packages/pandas/core/internals/blocks.py", line 1015, in take_nd
    new_values = algos.take_nd(
        values, indexer, axis=axis, allow_fill=allow_fill, fill_value=fill_value
    )
  File "/Users/annayuen/Desktop/IECC/industrial_decarb/LCOH_EU_workflow/.venv/lib/python3.13/site-packages/pandas/core/array_algos/take.py", line 112, in take_nd
    return arr.take(indexer, fill_value=fill_value, allow_fill=allow_fill)
           ~~~~~~~~^^^^^^^^^^^^^^^^^^^^^^^^^^^^^^^^^^^^^^^^^^^^^^^^^^^^^^^
  File "/Users/annayuen/Desktop/IECC/industrial_decarb/LCOH_EU_workflow/.venv/lib/python3.13/site-packages/pandas/core/arrays/numpy_.py", line 382, in take
    result = super().take(
        indices, allow_fill=allow_fill, fill_value=fill_value, axis=axis
    )
  File "/Users/annayuen/Desktop/IECC/industrial_decarb/LCOH_EU_workflow/.venv/lib/python3.13/site-packages/pandas/core/arrays/_mixins.py", line 170, in take
    fill_value = self._validate_scalar(fill_value)
  File "/Users/annayuen/Desktop/IECC/industrial_decarb/LCOH_EU_workflow/.venv/lib/python3.13/site-packages/pandas/core/arrays/string_.py", line 750, in _validate_scalar
    raise TypeError(
    ...<2 lines>...
    )
TypeError: Invalid value '0' for dtype 'str'. Value should be a string or missing value, got 'int' instead.
2026-06-01 16:50:01,575 ERROR [IT.CAED/441221002.FACILITY] unexpected error: Invalid value '0' for dtype 'str'. Value should be a string or missing value, got 'int' instead.
Traceback (most recent call last):
  File "/Users/annayuen/Desktop/IECC/industrial_decarb/LCOH_EU_workflow/off_grid_electricity_run/scripts/pull_pvgis_115.py", line 133, in fetch_one
    df = df.reindex(full_range, fill_value=0)[["P_kWperkWp"]]
         ~~~~~~~~~~^^^^^^^^^^^^^^^^^^^^^^^^^^
  File "/Users/annayuen/Desktop/IECC/industrial_decarb/LCOH_EU_workflow/.venv/lib/python3.13/site-packages/pandas/core/frame.py", line 6090, in reindex
    return super().reindex(
           ~~~~~~~~~~~~~~~^
        labels=labels,
        ^^^^^^^^^^^^^^
    ...<8 lines>...
        copy=copy,
        ^^^^^^^^^^
    )
    ^
  File "/Users/annayuen/Desktop/IECC/industrial_decarb/LCOH_EU_workflow/.venv/lib/python3.13/site-packages/pandas/core/generic.py", line 5476, in reindex
    return self._reindex_axes(
           ~~~~~~~~~~~~~~~~~~^
        axes, level, limit, tolerance, method, fill_value
        ^^^^^^^^^^^^^^^^^^^^^^^^^^^^^^^^^^^^^^^^^^^^^^^^^
    ).__finalize__(self, method="reindex")
    ^
  File "/Users/annayuen/Desktop/IECC/industrial_decarb/LCOH_EU_workflow/.venv/lib/python3.13/site-packages/pandas/core/generic.py", line 5503, in _reindex_axes
    obj = obj._reindex_with_indexers(
        {axis: [new_index, indexer]},
        fill_value=fill_value,
        allow_dups=False,
    )
  File "/Users/annayuen/Desktop/IECC/industrial_decarb/LCOH_EU_workflow/.venv/lib/python3.13/site-packages/pandas/core/generic.py", line 5547, in _reindex_with_indexers
    new_data = new_data.reindex_indexer(
        index,
    ...<3 lines>...
        allow_dups=allow_dups,
    )
  File "/Users/annayuen/Desktop/IECC/industrial_decarb/LCOH_EU_workflow/.venv/lib/python3.13/site-packages/pandas/core/internals/managers.py", line 866, in reindex_indexer
    blk.take_nd(
    ~~~~~~~~~~~^
        indexer,
        ^^^^^^^^
    ...<3 lines>...
        ),
        ^^
    )
    ^
  File "/Users/annayuen/Desktop/IECC/industrial_decarb/LCOH_EU_workflow/.venv/lib/python3.13/site-packages/pandas/core/internals/blocks.py", line 1015, in take_nd
    new_values = algos.take_nd(
        values, indexer, axis=axis, allow_fill=allow_fill, fill_value=fill_value
    )
  File "/Users/annayuen/Desktop/IECC/industrial_decarb/LCOH_EU_workflow/.venv/lib/python3.13/site-packages/pandas/core/array_algos/take.py", line 112, in take_nd
    return arr.take(indexer, fill_value=fill_value, allow_fill=allow_fill)
           ~~~~~~~~^^^^^^^^^^^^^^^^^^^^^^^^^^^^^^^^^^^^^^^^^^^^^^^^^^^^^^^
  File "/Users/annayuen/Desktop/IECC/industrial_decarb/LCOH_EU_workflow/.venv/lib/python3.13/site-packages/pandas/core/arrays/numpy_.py", line 382, in take
    result = super().take(
        indices, allow_fill=allow_fill, fill_value=fill_value, axis=axis
    )
  File "/Users/annayuen/Desktop/IECC/industrial_decarb/LCOH_EU_workflow/.venv/lib/python3.13/site-packages/pandas/core/arrays/_mixins.py", line 170, in take
    fill_value = self._validate_scalar(fill_value)
  File "/Users/annayuen/Desktop/IECC/industrial_decarb/LCOH_EU_workflow/.venv/lib/python3.13/site-packages/pandas/core/arrays/string_.py", line 750, in _validate_scalar
    raise TypeError(
    ...<2 lines>...
    )
TypeError: Invalid value '0' for dtype 'str'. Value should be a string or missing value, got 'int' instead.
2026-06-01 16:50:01,575 ERROR [IT.CAED/850122001.FACILITY] unexpected error: Invalid value '0' for dtype 'str'. Value should be a string or missing value, got 'int' instead.
Traceback (most recent call last):
  File "/Users/annayuen/Desktop/IECC/industrial_decarb/LCOH_EU_workflow/off_grid_electricity_run/scripts/pull_pvgis_115.py", line 133, in fetch_one
    df = df.reindex(full_range, fill_value=0)[["P_kWperkWp"]]
         ~~~~~~~~~~^^^^^^^^^^^^^^^^^^^^^^^^^^
  File "/Users/annayuen/Desktop/IECC/industrial_decarb/LCOH_EU_workflow/.venv/lib/python3.13/site-packages/pandas/core/frame.py", line 6090, in reindex
    return super().reindex(
           ~~~~~~~~~~~~~~~^
        labels=labels,
        ^^^^^^^^^^^^^^
    ...<8 lines>...
        copy=copy,
        ^^^^^^^^^^
    )
    ^
  File "/Users/annayuen/Desktop/IECC/industrial_decarb/LCOH_EU_workflow/.venv/lib/python3.13/site-packages/pandas/core/generic.py", line 5476, in reindex
    return self._reindex_axes(
           ~~~~~~~~~~~~~~~~~~^
        axes, level, limit, tolerance, method, fill_value
        ^^^^^^^^^^^^^^^^^^^^^^^^^^^^^^^^^^^^^^^^^^^^^^^^^
    ).__finalize__(self, method="reindex")
    ^
  File "/Users/annayuen/Desktop/IECC/industrial_decarb/LCOH_EU_workflow/.venv/lib/python3.13/site-packages/pandas/core/generic.py", line 5503, in _reindex_axes
    obj = obj._reindex_with_indexers(
        {axis: [new_index, indexer]},
        fill_value=fill_value,
        allow_dups=False,
    )
  File "/Users/annayuen/Desktop/IECC/industrial_decarb/LCOH_EU_workflow/.venv/lib/python3.13/site-packages/pandas/core/generic.py", line 5547, in _reindex_with_indexers
    new_data = new_data.reindex_indexer(
        index,
    ...<3 lines>...
        allow_dups=allow_dups,
    )
  File "/Users/annayuen/Desktop/IECC/industrial_decarb/LCOH_EU_workflow/.venv/lib/python3.13/site-packages/pandas/core/internals/managers.py", line 866, in reindex_indexer
    blk.take_nd(
    ~~~~~~~~~~~^
        indexer,
        ^^^^^^^^
    ...<3 lines>...
        ),
        ^^
    )
    ^
  File "/Users/annayuen/Desktop/IECC/industrial_decarb/LCOH_EU_workflow/.venv/lib/python3.13/site-packages/pandas/core/internals/blocks.py", line 1015, in take_nd
    new_values = algos.take_nd(
        values, indexer, axis=axis, allow_fill=allow_fill, fill_value=fill_value
    )
  File "/Users/annayuen/Desktop/IECC/industrial_decarb/LCOH_EU_workflow/.venv/lib/python3.13/site-packages/pandas/core/array_algos/take.py", line 112, in take_nd
    return arr.take(indexer, fill_value=fill_value, allow_fill=allow_fill)
           ~~~~~~~~^^^^^^^^^^^^^^^^^^^^^^^^^^^^^^^^^^^^^^^^^^^^^^^^^^^^^^^
  File "/Users/annayuen/Desktop/IECC/industrial_decarb/LCOH_EU_workflow/.venv/lib/python3.13/site-packages/pandas/core/arrays/numpy_.py", line 382, in take
    result = super().take(
        indices, allow_fill=allow_fill, fill_value=fill_value, axis=axis
    )
  File "/Users/annayuen/Desktop/IECC/industrial_decarb/LCOH_EU_workflow/.venv/lib/python3.13/site-packages/pandas/core/arrays/_mixins.py", line 170, in take
    fill_value = self._validate_scalar(fill_value)
  File "/Users/annayuen/Desktop/IECC/industrial_decarb/LCOH_EU_workflow/.venv/lib/python3.13/site-packages/pandas/core/arrays/string_.py", line 750, in _validate_scalar
    raise TypeError(
    ...<2 lines>...
    )
TypeError: Invalid value '0' for dtype 'str'. Value should be a string or missing value, got 'int' instead.
2026-06-01 16:50:01,576 INFO [IT.CAED/850592002.FACILITY] start  lat=40.3136 lon=15.8972  active=10
2026-06-01 16:50:01,578 INFO [2/115] FAIL  PL.MŚ/000000232.FACILITY  ETA 0:02:09.414041
2026-06-01 16:50:01,579 INFO [FR.CAED/3814.FACILITY] start  lat=49.5103 lon=0.2259  active=10
2026-06-01 16:50:01,582 INFO [PL.MŚ/000000108.FACILITY] start  lat=50.3034 lon=18.2594  active=10
2026-06-01 16:50:01,584 INFO [ES.CAED/001528000.FACILITY] start  lat=38.6720 lon=-4.0497  active=10
2026-06-01 16:50:01,586 INFO [FR.CAED/10838.FACILITY] start  lat=50.5596 lon=2.4907  active=10
2026-06-01 16:50:01,588 INFO [FR.CAED/7615.FACILITY] start  lat=43.3844 lon=5.0174  active=10
2026-06-01 16:50:01,588 INFO [3/115] FAIL  ES.CAED/003701000.FACILITY  ETA 0:01:25.905568
2026-06-01 16:50:01,591 INFO [4/115] FAIL  FR.CAED/7658.FACILITY  ETA 0:01:03.924456
2026-06-01 16:50:01,591 INFO [5/115] FAIL  FR.CAED/7624.FACILITY  ETA 0:00:50.679970
2026-06-01 16:50:01,591 INFO [6/115] FAIL  ES.CAED/002762000.FACILITY  ETA 0:00:41.852512
2026-06-01 16:50:01,591 INFO [7/115] FAIL  IT.CAED/441221002.FACILITY  ETA 0:00:35.545392
2026-06-01 16:50:01,591 INFO [8/115] FAIL  IT.CAED/850122001.FACILITY  ETA 0:00:30.814716
2026-06-01 16:50:01,666 ERROR [ES.CAED/001482000.FACILITY] unexpected error: Invalid value '0' for dtype 'str'. Value should be a string or missing value, got 'int' instead.
Traceback (most recent call last):
  File "/Users/annayuen/Desktop/IECC/industrial_decarb/LCOH_EU_workflow/off_grid_electricity_run/scripts/pull_pvgis_115.py", line 133, in fetch_one
    df = df.reindex(full_range, fill_value=0)[["P_kWperkWp"]]
         ~~~~~~~~~~^^^^^^^^^^^^^^^^^^^^^^^^^^
  File "/Users/annayuen/Desktop/IECC/industrial_decarb/LCOH_EU_workflow/.venv/lib/python3.13/site-packages/pandas/core/frame.py", line 6090, in reindex
    return super().reindex(
           ~~~~~~~~~~~~~~~^
        labels=labels,
        ^^^^^^^^^^^^^^
    ...<8 lines>...
        copy=copy,
        ^^^^^^^^^^
    )
    ^
  File "/Users/annayuen/Desktop/IECC/industrial_decarb/LCOH_EU_workflow/.venv/lib/python3.13/site-packages/pandas/core/generic.py", line 5476, in reindex
    return self._reindex_axes(
           ~~~~~~~~~~~~~~~~~~^
        axes, level, limit, tolerance, method, fill_value
        ^^^^^^^^^^^^^^^^^^^^^^^^^^^^^^^^^^^^^^^^^^^^^^^^^
    ).__finalize__(self, method="reindex")
    ^
  File "/Users/annayuen/Desktop/IECC/industrial_decarb/LCOH_EU_workflow/.venv/lib/python3.13/site-packages/pandas/core/generic.py", line 5503, in _reindex_axes
    obj = obj._reindex_with_indexers(
        {axis: [new_index, indexer]},
        fill_value=fill_value,
        allow_dups=False,
    )
  File "/Users/annayuen/Desktop/IECC/industrial_decarb/LCOH_EU_workflow/.venv/lib/python3.13/site-packages/pandas/core/generic.py", line 5547, in _reindex_with_indexers
    new_data = new_data.reindex_indexer(
        index,
    ...<3 lines>...
        allow_dups=allow_dups,
    )
  File "/Users/annayuen/Desktop/IECC/industrial_decarb/LCOH_EU_workflow/.venv/lib/python3.13/site-packages/pandas/core/internals/managers.py", line 866, in reindex_indexer
    blk.take_nd(
    ~~~~~~~~~~~^
        indexer,
        ^^^^^^^^
    ...<3 lines>...
        ),
        ^^
    )
    ^
  File "/Users/annayuen/Desktop/IECC/industrial_decarb/LCOH_EU_workflow/.venv/lib/python3.13/site-packages/pandas/core/internals/blocks.py", line 1015, in take_nd
    new_values = algos.take_nd(
        values, indexer, axis=axis, allow_fill=allow_fill, fill_value=fill_value
    )
  File "/Users/annayuen/Desktop/IECC/industrial_decarb/LCOH_EU_workflow/.venv/lib/python3.13/site-packages/pandas/core/array_algos/take.py", line 112, in take_nd
    return arr.take(indexer, fill_value=fill_value, allow_fill=allow_fill)
           ~~~~~~~~^^^^^^^^^^^^^^^^^^^^^^^^^^^^^^^^^^^^^^^^^^^^^^^^^^^^^^^
  File "/Users/annayuen/Desktop/IECC/industrial_decarb/LCOH_EU_workflow/.venv/lib/python3.13/site-packages/pandas/core/arrays/numpy_.py", line 382, in take
    result = super().take(
        indices, allow_fill=allow_fill, fill_value=fill_value, axis=axis
    )
  File "/Users/annayuen/Desktop/IECC/industrial_decarb/LCOH_EU_workflow/.venv/lib/python3.13/site-packages/pandas/core/arrays/_mixins.py", line 170, in take
    fill_value = self._validate_scalar(fill_value)
  File "/Users/annayuen/Desktop/IECC/industrial_decarb/LCOH_EU_workflow/.venv/lib/python3.13/site-packages/pandas/core/arrays/string_.py", line 750, in _validate_scalar
    raise TypeError(
    ...<2 lines>...
    )
TypeError: Invalid value '0' for dtype 'str'. Value should be a string or missing value, got 'int' instead.
2026-06-01 16:50:01,668 ERROR [FR.CAED/10790.FACILITY] unexpected error: Invalid value '0' for dtype 'str'. Value should be a string or missing value, got 'int' instead.
Traceback (most recent call last):
  File "/Users/annayuen/Desktop/IECC/industrial_decarb/LCOH_EU_workflow/off_grid_electricity_run/scripts/pull_pvgis_115.py", line 133, in fetch_one
    df = df.reindex(full_range, fill_value=0)[["P_kWperkWp"]]
         ~~~~~~~~~~^^^^^^^^^^^^^^^^^^^^^^^^^^
  File "/Users/annayuen/Desktop/IECC/industrial_decarb/LCOH_EU_workflow/.venv/lib/python3.13/site-packages/pandas/core/frame.py", line 6090, in reindex
    return super().reindex(
           ~~~~~~~~~~~~~~~^
        labels=labels,
        ^^^^^^^^^^^^^^
    ...<8 lines>...
        copy=copy,
        ^^^^^^^^^^
    )
    ^
  File "/Users/annayuen/Desktop/IECC/industrial_decarb/LCOH_EU_workflow/.venv/lib/python3.13/site-packages/pandas/core/generic.py", line 5476, in reindex
    return self._reindex_axes(
           ~~~~~~~~~~~~~~~~~~^
        axes, level, limit, tolerance, method, fill_value
        ^^^^^^^^^^^^^^^^^^^^^^^^^^^^^^^^^^^^^^^^^^^^^^^^^
    ).__finalize__(self, method="reindex")
    ^
  File "/Users/annayuen/Desktop/IECC/industrial_decarb/LCOH_EU_workflow/.venv/lib/python3.13/site-packages/pandas/core/generic.py", line 5503, in _reindex_axes
    obj = obj._reindex_with_indexers(
        {axis: [new_index, indexer]},
        fill_value=fill_value,
        allow_dups=False,
    )
  File "/Users/annayuen/Desktop/IECC/industrial_decarb/LCOH_EU_workflow/.venv/lib/python3.13/site-packages/pandas/core/generic.py", line 5547, in _reindex_with_indexers
    new_data = new_data.reindex_indexer(
        index,
    ...<3 lines>...
        allow_dups=allow_dups,
    )
  File "/Users/annayuen/Desktop/IECC/industrial_decarb/LCOH_EU_workflow/.venv/lib/python3.13/site-packages/pandas/core/internals/managers.py", line 866, in reindex_indexer
    blk.take_nd(
    ~~~~~~~~~~~^
        indexer,
        ^^^^^^^^
    ...<3 lines>...
        ),
        ^^
    )
    ^
  File "/Users/annayuen/Desktop/IECC/industrial_decarb/LCOH_EU_workflow/.venv/lib/python3.13/site-packages/pandas/core/internals/blocks.py", line 1015, in take_nd
    new_values = algos.take_nd(
        values, indexer, axis=axis, allow_fill=allow_fill, fill_value=fill_value
    )
  File "/Users/annayuen/Desktop/IECC/industrial_decarb/LCOH_EU_workflow/.venv/lib/python3.13/site-packages/pandas/core/array_algos/take.py", line 112, in take_nd
    return arr.take(indexer, fill_value=fill_value, allow_fill=allow_fill)
           ~~~~~~~~^^^^^^^^^^^^^^^^^^^^^^^^^^^^^^^^^^^^^^^^^^^^^^^^^^^^^^^
  File "/Users/annayuen/Desktop/IECC/industrial_decarb/LCOH_EU_workflow/.venv/lib/python3.13/site-packages/pandas/core/arrays/numpy_.py", line 382, in take
    result = super().take(
        indices, allow_fill=allow_fill, fill_value=fill_value, axis=axis
    )
  File "/Users/annayuen/Desktop/IECC/industrial_decarb/LCOH_EU_workflow/.venv/lib/python3.13/site-packages/pandas/core/arrays/_mixins.py", line 170, in take
    fill_value = self._validate_scalar(fill_value)
  File "/Users/annayuen/Desktop/IECC/industrial_decarb/LCOH_EU_workflow/.venv/lib/python3.13/site-packages/pandas/core/arrays/string_.py", line 750, in _validate_scalar
    raise TypeError(
    ...<2 lines>...
    )
TypeError: Invalid value '0' for dtype 'str'. Value should be a string or missing value, got 'int' instead.
2026-06-01 16:50:01,671 INFO [FR.CAED/6705.FACILITY] start  lat=47.3723 lon=-2.1280  active=10
2026-06-01 16:50:01,671 INFO [9/115] FAIL  ES.CAED/001482000.FACILITY  ETA 0:00:28.075160
2026-06-01 16:50:01,672 INFO [IT.CAED/600151001.FACILITY] start  lat=43.6395 lon=13.3813  active=10
2026-06-01 16:50:01,672 INFO [10/115] FAIL  FR.CAED/10790.FACILITY  ETA 0:00:25.041870
2026-06-01 16:50:03,606 ERROR [IT.CAED/960101005.FACILITY] unexpected error: Invalid value '0' for dtype 'str'. Value should be a string or missing value, got 'int' instead.
Traceback (most recent call last):
  File "/Users/annayuen/Desktop/IECC/industrial_decarb/LCOH_EU_workflow/off_grid_electricity_run/scripts/pull_pvgis_115.py", line 133, in fetch_one
    df = df.reindex(full_range, fill_value=0)[["P_kWperkWp"]]
         ~~~~~~~~~~^^^^^^^^^^^^^^^^^^^^^^^^^^
  File "/Users/annayuen/Desktop/IECC/industrial_decarb/LCOH_EU_workflow/.venv/lib/python3.13/site-packages/pandas/core/frame.py", line 6090, in reindex
    return super().reindex(
           ~~~~~~~~~~~~~~~^
        labels=labels,
        ^^^^^^^^^^^^^^
    ...<8 lines>...
        copy=copy,
        ^^^^^^^^^^
    )
    ^
  File "/Users/annayuen/Desktop/IECC/industrial_decarb/LCOH_EU_workflow/.venv/lib/python3.13/site-packages/pandas/core/generic.py", line 5476, in reindex
    return self._reindex_axes(
           ~~~~~~~~~~~~~~~~~~^
        axes, level, limit, tolerance, method, fill_value
        ^^^^^^^^^^^^^^^^^^^^^^^^^^^^^^^^^^^^^^^^^^^^^^^^^
    ).__finalize__(self, method="reindex")
    ^
  File "/Users/annayuen/Desktop/IECC/industrial_decarb/LCOH_EU_workflow/.venv/lib/python3.13/site-packages/pandas/core/generic.py", line 5503, in _reindex_axes
    obj = obj._reindex_with_indexers(
        {axis: [new_index, indexer]},
        fill_value=fill_value,
        allow_dups=False,
    )
  File "/Users/annayuen/Desktop/IECC/industrial_decarb/LCOH_EU_workflow/.venv/lib/python3.13/site-packages/pandas/core/generic.py", line 5547, in _reindex_with_indexers
    new_data = new_data.reindex_indexer(
        index,
    ...<3 lines>...
        allow_dups=allow_dups,
    )
  File "/Users/annayuen/Desktop/IECC/industrial_decarb/LCOH_EU_workflow/.venv/lib/python3.13/site-packages/pandas/core/internals/managers.py", line 866, in reindex_indexer
    blk.take_nd(
    ~~~~~~~~~~~^
        indexer,
        ^^^^^^^^
    ...<3 lines>...
        ),
        ^^
    )
    ^
  File "/Users/annayuen/Desktop/IECC/industrial_decarb/LCOH_EU_workflow/.venv/lib/python3.13/site-packages/pandas/core/internals/blocks.py", line 1015, in take_nd
    new_values = algos.take_nd(
        values, indexer, axis=axis, allow_fill=allow_fill, fill_value=fill_value
    )
  File "/Users/annayuen/Desktop/IECC/industrial_decarb/LCOH_EU_workflow/.venv/lib/python3.13/site-packages/pandas/core/array_algos/take.py", line 112, in take_nd
    return arr.take(indexer, fill_value=fill_value, allow_fill=allow_fill)
           ~~~~~~~~^^^^^^^^^^^^^^^^^^^^^^^^^^^^^^^^^^^^^^^^^^^^^^^^^^^^^^^
  File "/Users/annayuen/Desktop/IECC/industrial_decarb/LCOH_EU_workflow/.venv/lib/python3.13/site-packages/pandas/core/arrays/numpy_.py", line 382, in take
    result = super().take(
        indices, allow_fill=allow_fill, fill_value=fill_value, axis=axis
    )
  File "/Users/annayuen/Desktop/IECC/industrial_decarb/LCOH_EU_workflow/.venv/lib/python3.13/site-packages/pandas/core/arrays/_mixins.py", line 170, in take
    fill_value = self._validate_scalar(fill_value)
  File "/Users/annayuen/Desktop/IECC/industrial_decarb/LCOH_EU_workflow/.venv/lib/python3.13/site-packages/pandas/core/arrays/string_.py", line 750, in _validate_scalar
    raise TypeError(
    ...<2 lines>...
    )
TypeError: Invalid value '0' for dtype 'str'. Value should be a string or missing value, got 'int' instead.
2026-06-01 16:50:03,608 ERROR [FR.CAED/6705.FACILITY] unexpected error: Invalid value '0' for dtype 'str'. Value should be a string or missing value, got 'int' instead.
Traceback (most recent call last):
  File "/Users/annayuen/Desktop/IECC/industrial_decarb/LCOH_EU_workflow/off_grid_electricity_run/scripts/pull_pvgis_115.py", line 133, in fetch_one
    df = df.reindex(full_range, fill_value=0)[["P_kWperkWp"]]
         ~~~~~~~~~~^^^^^^^^^^^^^^^^^^^^^^^^^^
  File "/Users/annayuen/Desktop/IECC/industrial_decarb/LCOH_EU_workflow/.venv/lib/python3.13/site-packages/pandas/core/frame.py", line 6090, in reindex
    return super().reindex(
           ~~~~~~~~~~~~~~~^
        labels=labels,
        ^^^^^^^^^^^^^^
    ...<8 lines>...
        copy=copy,
        ^^^^^^^^^^
    )
    ^
  File "/Users/annayuen/Desktop/IECC/industrial_decarb/LCOH_EU_workflow/.venv/lib/python3.13/site-packages/pandas/core/generic.py", line 5476, in reindex
    return self._reindex_axes(
           ~~~~~~~~~~~~~~~~~~^
        axes, level, limit, tolerance, method, fill_value
        ^^^^^^^^^^^^^^^^^^^^^^^^^^^^^^^^^^^^^^^^^^^^^^^^^
    ).__finalize__(self, method="reindex")
    ^
  File "/Users/annayuen/Desktop/IECC/industrial_decarb/LCOH_EU_workflow/.venv/lib/python3.13/site-packages/pandas/core/generic.py", line 5503, in _reindex_axes
    obj = obj._reindex_with_indexers(
        {axis: [new_index, indexer]},
        fill_value=fill_value,
        allow_dups=False,
    )
  File "/Users/annayuen/Desktop/IECC/industrial_decarb/LCOH_EU_workflow/.venv/lib/python3.13/site-packages/pandas/core/generic.py", line 5547, in _reindex_with_indexers
    new_data = new_data.reindex_indexer(
        index,
    ...<3 lines>...
        allow_dups=allow_dups,
    )
  File "/Users/annayuen/Desktop/IECC/industrial_decarb/LCOH_EU_workflow/.venv/lib/python3.13/site-packages/pandas/core/internals/managers.py", line 866, in reindex_indexer
    blk.take_nd(
    ~~~~~~~~~~~^
        indexer,
        ^^^^^^^^
    ...<3 lines>...
        ),
        ^^
    )
    ^
  File "/Users/annayuen/Desktop/IECC/industrial_decarb/LCOH_EU_workflow/.venv/lib/python3.13/site-packages/pandas/core/internals/blocks.py", line 1015, in take_nd
    new_values = algos.take_nd(
        values, indexer, axis=axis, allow_fill=allow_fill, fill_value=fill_value
    )
  File "/Users/annayuen/Desktop/IECC/industrial_decarb/LCOH_EU_workflow/.venv/lib/python3.13/site-packages/pandas/core/array_algos/take.py", line 112, in take_nd
    return arr.take(indexer, fill_value=fill_value, allow_fill=allow_fill)
           ~~~~~~~~^^^^^^^^^^^^^^^^^^^^^^^^^^^^^^^^^^^^^^^^^^^^^^^^^^^^^^^
  File "/Users/annayuen/Desktop/IECC/industrial_decarb/LCOH_EU_workflow/.venv/lib/python3.13/site-packages/pandas/core/arrays/numpy_.py", line 382, in take
    result = super().take(
        indices, allow_fill=allow_fill, fill_value=fill_value, axis=axis
    )
  File "/Users/annayuen/Desktop/IECC/industrial_decarb/LCOH_EU_workflow/.venv/lib/python3.13/site-packages/pandas/core/arrays/_mixins.py", line 170, in take
    fill_value = self._validate_scalar(fill_value)
  File "/Users/annayuen/Desktop/IECC/industrial_decarb/LCOH_EU_workflow/.venv/lib/python3.13/site-packages/pandas/core/arrays/string_.py", line 750, in _validate_scalar
    raise TypeError(
    ...<2 lines>...
    )
TypeError: Invalid value '0' for dtype 'str'. Value should be a string or missing value, got 'int' instead.
2026-06-01 16:50:03,609 INFO [PL.MŚ/000000138.FACILITY] start  lat=52.5946 lon=14.6255  active=10
2026-06-01 16:50:03,609 INFO [11/115] FAIL  IT.CAED/960101005.FACILITY  ETA 0:00:40.861080
2026-06-01 16:50:03,611 INFO [PL.MŚ/000000221.FACILITY] start  lat=50.5026 lon=18.9308  active=10
2026-06-01 16:50:03,611 INFO [12/115] FAIL  FR.CAED/6705.FACILITY  ETA 0:00:37.115226
2026-06-01 16:50:03,887 ERROR [PL.MŚ/000000108.FACILITY] unexpected error: Invalid value '0' for dtype 'str'. Value should be a string or missing value, got 'int' instead.
Traceback (most recent call last):
  File "/Users/annayuen/Desktop/IECC/industrial_decarb/LCOH_EU_workflow/off_grid_electricity_run/scripts/pull_pvgis_115.py", line 133, in fetch_one
    df = df.reindex(full_range, fill_value=0)[["P_kWperkWp"]]
         ~~~~~~~~~~^^^^^^^^^^^^^^^^^^^^^^^^^^
  File "/Users/annayuen/Desktop/IECC/industrial_decarb/LCOH_EU_workflow/.venv/lib/python3.13/site-packages/pandas/core/frame.py", line 6090, in reindex
    return super().reindex(
           ~~~~~~~~~~~~~~~^
        labels=labels,
        ^^^^^^^^^^^^^^
    ...<8 lines>...
        copy=copy,
        ^^^^^^^^^^
    )
    ^
  File "/Users/annayuen/Desktop/IECC/industrial_decarb/LCOH_EU_workflow/.venv/lib/python3.13/site-packages/pandas/core/generic.py", line 5476, in reindex
    return self._reindex_axes(
           ~~~~~~~~~~~~~~~~~~^
        axes, level, limit, tolerance, method, fill_value
        ^^^^^^^^^^^^^^^^^^^^^^^^^^^^^^^^^^^^^^^^^^^^^^^^^
    ).__finalize__(self, method="reindex")
    ^
  File "/Users/annayuen/Desktop/IECC/industrial_decarb/LCOH_EU_workflow/.venv/lib/python3.13/site-packages/pandas/core/generic.py", line 5503, in _reindex_axes
    obj = obj._reindex_with_indexers(
        {axis: [new_index, indexer]},
        fill_value=fill_value,
        allow_dups=False,
    )
  File "/Users/annayuen/Desktop/IECC/industrial_decarb/LCOH_EU_workflow/.venv/lib/python3.13/site-packages/pandas/core/generic.py", line 5547, in _reindex_with_indexers
    new_data = new_data.reindex_indexer(
        index,
    ...<3 lines>...
        allow_dups=allow_dups,
    )
  File "/Users/annayuen/Desktop/IECC/industrial_decarb/LCOH_EU_workflow/.venv/lib/python3.13/site-packages/pandas/core/internals/managers.py", line 866, in reindex_indexer
    blk.take_nd(
    ~~~~~~~~~~~^
        indexer,
        ^^^^^^^^
    ...<3 lines>...
        ),
        ^^
    )
    ^
  File "/Users/annayuen/Desktop/IECC/industrial_decarb/LCOH_EU_workflow/.venv/lib/python3.13/site-packages/pandas/core/internals/blocks.py", line 1015, in take_nd
    new_values = algos.take_nd(
        values, indexer, axis=axis, allow_fill=allow_fill, fill_value=fill_value
    )
  File "/Users/annayuen/Desktop/IECC/industrial_decarb/LCOH_EU_workflow/.venv/lib/python3.13/site-packages/pandas/core/array_algos/take.py", line 112, in take_nd
    return arr.take(indexer, fill_value=fill_value, allow_fill=allow_fill)
           ~~~~~~~~^^^^^^^^^^^^^^^^^^^^^^^^^^^^^^^^^^^^^^^^^^^^^^^^^^^^^^^
  File "/Users/annayuen/Desktop/IECC/industrial_decarb/LCOH_EU_workflow/.venv/lib/python3.13/site-packages/pandas/core/arrays/numpy_.py", line 382, in take
    result = super().take(
        indices, allow_fill=allow_fill, fill_value=fill_value, axis=axis
    )
  File "/Users/annayuen/Desktop/IECC/industrial_decarb/LCOH_EU_workflow/.venv/lib/python3.13/site-packages/pandas/core/arrays/_mixins.py", line 170, in take
    fill_value = self._validate_scalar(fill_value)
  File "/Users/annayuen/Desktop/IECC/industrial_decarb/LCOH_EU_workflow/.venv/lib/python3.13/site-packages/pandas/core/arrays/string_.py", line 750, in _validate_scalar
    raise TypeError(
    ...<2 lines>...
    )
TypeError: Invalid value '0' for dtype 'str'. Value should be a string or missing value, got 'int' instead.
2026-06-01 16:50:03,890 ERROR [FR.CAED/3814.FACILITY] unexpected error: Invalid value '0' for dtype 'str'. Value should be a string or missing value, got 'int' instead.
Traceback (most recent call last):
  File "/Users/annayuen/Desktop/IECC/industrial_decarb/LCOH_EU_workflow/off_grid_electricity_run/scripts/pull_pvgis_115.py", line 133, in fetch_one
    df = df.reindex(full_range, fill_value=0)[["P_kWperkWp"]]
         ~~~~~~~~~~^^^^^^^^^^^^^^^^^^^^^^^^^^
  File "/Users/annayuen/Desktop/IECC/industrial_decarb/LCOH_EU_workflow/.venv/lib/python3.13/site-packages/pandas/core/frame.py", line 6090, in reindex
    return super().reindex(
           ~~~~~~~~~~~~~~~^
        labels=labels,
        ^^^^^^^^^^^^^^
    ...<8 lines>...
        copy=copy,
        ^^^^^^^^^^
    )
    ^
  File "/Users/annayuen/Desktop/IECC/industrial_decarb/LCOH_EU_workflow/.venv/lib/python3.13/site-packages/pandas/core/generic.py", line 5476, in reindex
    return self._reindex_axes(
           ~~~~~~~~~~~~~~~~~~^
        axes, level, limit, tolerance, method, fill_value
        ^^^^^^^^^^^^^^^^^^^^^^^^^^^^^^^^^^^^^^^^^^^^^^^^^
    ).__finalize__(self, method="reindex")
    ^
  File "/Users/annayuen/Desktop/IECC/industrial_decarb/LCOH_EU_workflow/.venv/lib/python3.13/site-packages/pandas/core/generic.py", line 5503, in _reindex_axes
    obj = obj._reindex_with_indexers(
        {axis: [new_index, indexer]},
        fill_value=fill_value,
        allow_dups=False,
    )
  File "/Users/annayuen/Desktop/IECC/industrial_decarb/LCOH_EU_workflow/.venv/lib/python3.13/site-packages/pandas/core/generic.py", line 5547, in _reindex_with_indexers
    new_data = new_data.reindex_indexer(
        index,
    ...<3 lines>...
        allow_dups=allow_dups,
    )
  File "/Users/annayuen/Desktop/IECC/industrial_decarb/LCOH_EU_workflow/.venv/lib/python3.13/site-packages/pandas/core/internals/managers.py", line 866, in reindex_indexer
    blk.take_nd(
    ~~~~~~~~~~~^
        indexer,
        ^^^^^^^^
    ...<3 lines>...
        ),
        ^^
    )
    ^
  File "/Users/annayuen/Desktop/IECC/industrial_decarb/LCOH_EU_workflow/.venv/lib/python3.13/site-packages/pandas/core/internals/blocks.py", line 1015, in take_nd
    new_values = algos.take_nd(
        values, indexer, axis=axis, allow_fill=allow_fill, fill_value=fill_value
    )
  File "/Users/annayuen/Desktop/IECC/industrial_decarb/LCOH_EU_workflow/.venv/lib/python3.13/site-packages/pandas/core/array_algos/take.py", line 112, in take_nd
    return arr.take(indexer, fill_value=fill_value, allow_fill=allow_fill)
           ~~~~~~~~^^^^^^^^^^^^^^^^^^^^^^^^^^^^^^^^^^^^^^^^^^^^^^^^^^^^^^^
  File "/Users/annayuen/Desktop/IECC/industrial_decarb/LCOH_EU_workflow/.venv/lib/python3.13/site-packages/pandas/core/arrays/numpy_.py", line 382, in take
    result = super().take(
        indices, allow_fill=allow_fill, fill_value=fill_value, axis=axis
    )
  File "/Users/annayuen/Desktop/IECC/industrial_decarb/LCOH_EU_workflow/.venv/lib/python3.13/site-packages/pandas/core/arrays/_mixins.py", line 170, in take
    fill_value = self._validate_scalar(fill_value)
  File "/Users/annayuen/Desktop/IECC/industrial_decarb/LCOH_EU_workflow/.venv/lib/python3.13/site-packages/pandas/core/arrays/string_.py", line 750, in _validate_scalar
    raise TypeError(
    ...<2 lines>...
    )
TypeError: Invalid value '0' for dtype 'str'. Value should be a string or missing value, got 'int' instead.
2026-06-01 16:50:03,893 ERROR [FR.CAED/12675.FACILITY] unexpected error: Invalid value '0' for dtype 'str'. Value should be a string or missing value, got 'int' instead.
Traceback (most recent call last):
  File "/Users/annayuen/Desktop/IECC/industrial_decarb/LCOH_EU_workflow/off_grid_electricity_run/scripts/pull_pvgis_115.py", line 133, in fetch_one
    df = df.reindex(full_range, fill_value=0)[["P_kWperkWp"]]
         ~~~~~~~~~~^^^^^^^^^^^^^^^^^^^^^^^^^^
  File "/Users/annayuen/Desktop/IECC/industrial_decarb/LCOH_EU_workflow/.venv/lib/python3.13/site-packages/pandas/core/frame.py", line 6090, in reindex
    return super().reindex(
           ~~~~~~~~~~~~~~~^
        labels=labels,
        ^^^^^^^^^^^^^^
    ...<8 lines>...
        copy=copy,
        ^^^^^^^^^^
    )
    ^
  File "/Users/annayuen/Desktop/IECC/industrial_decarb/LCOH_EU_workflow/.venv/lib/python3.13/site-packages/pandas/core/generic.py", line 5476, in reindex
    return self._reindex_axes(
           ~~~~~~~~~~~~~~~~~~^
        axes, level, limit, tolerance, method, fill_value
        ^^^^^^^^^^^^^^^^^^^^^^^^^^^^^^^^^^^^^^^^^^^^^^^^^
    ).__finalize__(self, method="reindex")
    ^
  File "/Users/annayuen/Desktop/IECC/industrial_decarb/LCOH_EU_workflow/.venv/lib/python3.13/site-packages/pandas/core/generic.py", line 5503, in _reindex_axes
    obj = obj._reindex_with_indexers(
        {axis: [new_index, indexer]},
        fill_value=fill_value,
        allow_dups=False,
    )
  File "/Users/annayuen/Desktop/IECC/industrial_decarb/LCOH_EU_workflow/.venv/lib/python3.13/site-packages/pandas/core/generic.py", line 5547, in _reindex_with_indexers
    new_data = new_data.reindex_indexer(
        index,
    ...<3 lines>...
        allow_dups=allow_dups,
    )
  File "/Users/annayuen/Desktop/IECC/industrial_decarb/LCOH_EU_workflow/.venv/lib/python3.13/site-packages/pandas/core/internals/managers.py", line 866, in reindex_indexer
    blk.take_nd(
    ~~~~~~~~~~~^
        indexer,
        ^^^^^^^^
    ...<3 lines>...
        ),
        ^^
    )
    ^
  File "/Users/annayuen/Desktop/IECC/industrial_decarb/LCOH_EU_workflow/.venv/lib/python3.13/site-packages/pandas/core/internals/blocks.py", line 1015, in take_nd
    new_values = algos.take_nd(
        values, indexer, axis=axis, allow_fill=allow_fill, fill_value=fill_value
    )
  File "/Users/annayuen/Desktop/IECC/industrial_decarb/LCOH_EU_workflow/.venv/lib/python3.13/site-packages/pandas/core/array_algos/take.py", line 112, in take_nd
    return arr.take(indexer, fill_value=fill_value, allow_fill=allow_fill)
           ~~~~~~~~^^^^^^^^^^^^^^^^^^^^^^^^^^^^^^^^^^^^^^^^^^^^^^^^^^^^^^^
  File "/Users/annayuen/Desktop/IECC/industrial_decarb/LCOH_EU_workflow/.venv/lib/python3.13/site-packages/pandas/core/arrays/numpy_.py", line 382, in take
    result = super().take(
        indices, allow_fill=allow_fill, fill_value=fill_value, axis=axis
    )
  File "/Users/annayuen/Desktop/IECC/industrial_decarb/LCOH_EU_workflow/.venv/lib/python3.13/site-packages/pandas/core/arrays/_mixins.py", line 170, in take
    fill_value = self._validate_scalar(fill_value)
  File "/Users/annayuen/Desktop/IECC/industrial_decarb/LCOH_EU_workflow/.venv/lib/python3.13/site-packages/pandas/core/arrays/string_.py", line 750, in _validate_scalar
    raise TypeError(
    ...<2 lines>...
    )
TypeError: Invalid value '0' for dtype 'str'. Value should be a string or missing value, got 'int' instead.
2026-06-01 16:50:03,895 ERROR [FR.CAED/7615.FACILITY] unexpected error: Invalid value '0' for dtype 'str'. Value should be a string or missing value, got 'int' instead.
Traceback (most recent call last):
  File "/Users/annayuen/Desktop/IECC/industrial_decarb/LCOH_EU_workflow/off_grid_electricity_run/scripts/pull_pvgis_115.py", line 133, in fetch_one
    df = df.reindex(full_range, fill_value=0)[["P_kWperkWp"]]
         ~~~~~~~~~~^^^^^^^^^^^^^^^^^^^^^^^^^^
  File "/Users/annayuen/Desktop/IECC/industrial_decarb/LCOH_EU_workflow/.venv/lib/python3.13/site-packages/pandas/core/frame.py", line 6090, in reindex
    return super().reindex(
           ~~~~~~~~~~~~~~~^
        labels=labels,
        ^^^^^^^^^^^^^^
    ...<8 lines>...
        copy=copy,
        ^^^^^^^^^^
    )
    ^
  File "/Users/annayuen/Desktop/IECC/industrial_decarb/LCOH_EU_workflow/.venv/lib/python3.13/site-packages/pandas/core/generic.py", line 5476, in reindex
    return self._reindex_axes(
           ~~~~~~~~~~~~~~~~~~^
        axes, level, limit, tolerance, method, fill_value
        ^^^^^^^^^^^^^^^^^^^^^^^^^^^^^^^^^^^^^^^^^^^^^^^^^
    ).__finalize__(self, method="reindex")
    ^
  File "/Users/annayuen/Desktop/IECC/industrial_decarb/LCOH_EU_workflow/.venv/lib/python3.13/site-packages/pandas/core/generic.py", line 5503, in _reindex_axes
    obj = obj._reindex_with_indexers(
        {axis: [new_index, indexer]},
        fill_value=fill_value,
        allow_dups=False,
    )
  File "/Users/annayuen/Desktop/IECC/industrial_decarb/LCOH_EU_workflow/.venv/lib/python3.13/site-packages/pandas/core/generic.py", line 5547, in _reindex_with_indexers
    new_data = new_data.reindex_indexer(
        index,
    ...<3 lines>...
        allow_dups=allow_dups,
    )
  File "/Users/annayuen/Desktop/IECC/industrial_decarb/LCOH_EU_workflow/.venv/lib/python3.13/site-packages/pandas/core/internals/managers.py", line 866, in reindex_indexer
    blk.take_nd(
    ~~~~~~~~~~~^
        indexer,
        ^^^^^^^^
    ...<3 lines>...
        ),
        ^^
    )
    ^
  File "/Users/annayuen/Desktop/IECC/industrial_decarb/LCOH_EU_workflow/.venv/lib/python3.13/site-packages/pandas/core/internals/blocks.py", line 1015, in take_nd
    new_values = algos.take_nd(
        values, indexer, axis=axis, allow_fill=allow_fill, fill_value=fill_value
    )
  File "/Users/annayuen/Desktop/IECC/industrial_decarb/LCOH_EU_workflow/.venv/lib/python3.13/site-packages/pandas/core/array_algos/take.py", line 112, in take_nd
    return arr.take(indexer, fill_value=fill_value, allow_fill=allow_fill)
           ~~~~~~~~^^^^^^^^^^^^^^^^^^^^^^^^^^^^^^^^^^^^^^^^^^^^^^^^^^^^^^^
  File "/Users/annayuen/Desktop/IECC/industrial_decarb/LCOH_EU_workflow/.venv/lib/python3.13/site-packages/pandas/core/arrays/numpy_.py", line 382, in take
    result = super().take(
        indices, allow_fill=allow_fill, fill_value=fill_value, axis=axis
    )
  File "/Users/annayuen/Desktop/IECC/industrial_decarb/LCOH_EU_workflow/.venv/lib/python3.13/site-packages/pandas/core/arrays/_mixins.py", line 170, in take
    fill_value = self._validate_scalar(fill_value)
  File "/Users/annayuen/Desktop/IECC/industrial_decarb/LCOH_EU_workflow/.venv/lib/python3.13/site-packages/pandas/core/arrays/string_.py", line 750, in _validate_scalar
    raise TypeError(
    ...<2 lines>...
    )
TypeError: Invalid value '0' for dtype 'str'. Value should be a string or missing value, got 'int' instead.
2026-06-01 16:50:03,899 INFO [ES.CAED/001526000.FACILITY] start  lat=43.3531 lon=-8.4467  active=10
2026-06-01 16:50:03,902 ERROR [FR.CAED/10838.FACILITY] unexpected error: Invalid value '0' for dtype 'str'. Value should be a string or missing value, got 'int' instead.
Traceback (most recent call last):
  File "/Users/annayuen/Desktop/IECC/industrial_decarb/LCOH_EU_workflow/off_grid_electricity_run/scripts/pull_pvgis_115.py", line 133, in fetch_one
    df = df.reindex(full_range, fill_value=0)[["P_kWperkWp"]]
         ~~~~~~~~~~^^^^^^^^^^^^^^^^^^^^^^^^^^
  File "/Users/annayuen/Desktop/IECC/industrial_decarb/LCOH_EU_workflow/.venv/lib/python3.13/site-packages/pandas/core/frame.py", line 6090, in reindex
    return super().reindex(
           ~~~~~~~~~~~~~~~^
        labels=labels,
        ^^^^^^^^^^^^^^
    ...<8 lines>...
        copy=copy,
        ^^^^^^^^^^
    )
    ^
  File "/Users/annayuen/Desktop/IECC/industrial_decarb/LCOH_EU_workflow/.venv/lib/python3.13/site-packages/pandas/core/generic.py", line 5476, in reindex
    return self._reindex_axes(
           ~~~~~~~~~~~~~~~~~~^
        axes, level, limit, tolerance, method, fill_value
        ^^^^^^^^^^^^^^^^^^^^^^^^^^^^^^^^^^^^^^^^^^^^^^^^^
    ).__finalize__(self, method="reindex")
    ^
  File "/Users/annayuen/Desktop/IECC/industrial_decarb/LCOH_EU_workflow/.venv/lib/python3.13/site-packages/pandas/core/generic.py", line 5503, in _reindex_axes
    obj = obj._reindex_with_indexers(
        {axis: [new_index, indexer]},
        fill_value=fill_value,
        allow_dups=False,
    )
  File "/Users/annayuen/Desktop/IECC/industrial_decarb/LCOH_EU_workflow/.venv/lib/python3.13/site-packages/pandas/core/generic.py", line 5547, in _reindex_with_indexers
    new_data = new_data.reindex_indexer(
        index,
    ...<3 lines>...
        allow_dups=allow_dups,
    )
  File "/Users/annayuen/Desktop/IECC/industrial_decarb/LCOH_EU_workflow/.venv/lib/python3.13/site-packages/pandas/core/internals/managers.py", line 866, in reindex_indexer
    blk.take_nd(
    ~~~~~~~~~~~^
        indexer,
        ^^^^^^^^
    ...<3 lines>...
        ),
        ^^
    )
    ^
  File "/Users/annayuen/Desktop/IECC/industrial_decarb/LCOH_EU_workflow/.venv/lib/python3.13/site-packages/pandas/core/internals/blocks.py", line 1015, in take_nd
    new_values = algos.take_nd(
        values, indexer, axis=axis, allow_fill=allow_fill, fill_value=fill_value
    )
  File "/Users/annayuen/Desktop/IECC/industrial_decarb/LCOH_EU_workflow/.venv/lib/python3.13/site-packages/pandas/core/array_algos/take.py", line 112, in take_nd
    return arr.take(indexer, fill_value=fill_value, allow_fill=allow_fill)
           ~~~~~~~~^^^^^^^^^^^^^^^^^^^^^^^^^^^^^^^^^^^^^^^^^^^^^^^^^^^^^^^
  File "/Users/annayuen/Desktop/IECC/industrial_decarb/LCOH_EU_workflow/.venv/lib/python3.13/site-packages/pandas/core/arrays/numpy_.py", line 382, in take
    result = super().take(
        indices, allow_fill=allow_fill, fill_value=fill_value, axis=axis
    )
  File "/Users/annayuen/Desktop/IECC/industrial_decarb/LCOH_EU_workflow/.venv/lib/python3.13/site-packages/pandas/core/arrays/_mixins.py", line 170, in take
    fill_value = self._validate_scalar(fill_value)
  File "/Users/annayuen/Desktop/IECC/industrial_decarb/LCOH_EU_workflow/.venv/lib/python3.13/site-packages/pandas/core/arrays/string_.py", line 750, in _validate_scalar
    raise TypeError(
    ...<2 lines>...
    )
TypeError: Invalid value '0' for dtype 'str'. Value should be a string or missing value, got 'int' instead.
2026-06-01 16:50:03,902 INFO [13/115] FAIL  PL.MŚ/000000108.FACILITY  ETA 0:00:36.207144
2026-06-01 16:50:03,903 ERROR [IT.CAED/850592002.FACILITY] unexpected error: Invalid value '0' for dtype 'str'. Value should be a string or missing value, got 'int' instead.
Traceback (most recent call last):
  File "/Users/annayuen/Desktop/IECC/industrial_decarb/LCOH_EU_workflow/off_grid_electricity_run/scripts/pull_pvgis_115.py", line 133, in fetch_one
    df = df.reindex(full_range, fill_value=0)[["P_kWperkWp"]]
         ~~~~~~~~~~^^^^^^^^^^^^^^^^^^^^^^^^^^
  File "/Users/annayuen/Desktop/IECC/industrial_decarb/LCOH_EU_workflow/.venv/lib/python3.13/site-packages/pandas/core/frame.py", line 6090, in reindex
    return super().reindex(
           ~~~~~~~~~~~~~~~^
        labels=labels,
        ^^^^^^^^^^^^^^
    ...<8 lines>...
        copy=copy,
        ^^^^^^^^^^
    )
    ^
  File "/Users/annayuen/Desktop/IECC/industrial_decarb/LCOH_EU_workflow/.venv/lib/python3.13/site-packages/pandas/core/generic.py", line 5476, in reindex
    return self._reindex_axes(
           ~~~~~~~~~~~~~~~~~~^
        axes, level, limit, tolerance, method, fill_value
        ^^^^^^^^^^^^^^^^^^^^^^^^^^^^^^^^^^^^^^^^^^^^^^^^^
    ).__finalize__(self, method="reindex")
    ^
  File "/Users/annayuen/Desktop/IECC/industrial_decarb/LCOH_EU_workflow/.venv/lib/python3.13/site-packages/pandas/core/generic.py", line 5503, in _reindex_axes
    obj = obj._reindex_with_indexers(
        {axis: [new_index, indexer]},
        fill_value=fill_value,
        allow_dups=False,
    )
  File "/Users/annayuen/Desktop/IECC/industrial_decarb/LCOH_EU_workflow/.venv/lib/python3.13/site-packages/pandas/core/generic.py", line 5547, in _reindex_with_indexers
    new_data = new_data.reindex_indexer(
        index,
    ...<3 lines>...
        allow_dups=allow_dups,
    )
  File "/Users/annayuen/Desktop/IECC/industrial_decarb/LCOH_EU_workflow/.venv/lib/python3.13/site-packages/pandas/core/internals/managers.py", line 866, in reindex_indexer
    blk.take_nd(
    ~~~~~~~~~~~^
        indexer,
        ^^^^^^^^
    ...<3 lines>...
        ),
        ^^
    )
    ^
  File "/Users/annayuen/Desktop/IECC/industrial_decarb/LCOH_EU_workflow/.venv/lib/python3.13/site-packages/pandas/core/internals/blocks.py", line 1015, in take_nd
    new_values = algos.take_nd(
        values, indexer, axis=axis, allow_fill=allow_fill, fill_value=fill_value
    )
  File "/Users/annayuen/Desktop/IECC/industrial_decarb/LCOH_EU_workflow/.venv/lib/python3.13/site-packages/pandas/core/array_algos/take.py", line 112, in take_nd
    return arr.take(indexer, fill_value=fill_value, allow_fill=allow_fill)
           ~~~~~~~~^^^^^^^^^^^^^^^^^^^^^^^^^^^^^^^^^^^^^^^^^^^^^^^^^^^^^^^
  File "/Users/annayuen/Desktop/IECC/industrial_decarb/LCOH_EU_workflow/.venv/lib/python3.13/site-packages/pandas/core/arrays/numpy_.py", line 382, in take
    result = super().take(
        indices, allow_fill=allow_fill, fill_value=fill_value, axis=axis
    )
  File "/Users/annayuen/Desktop/IECC/industrial_decarb/LCOH_EU_workflow/.venv/lib/python3.13/site-packages/pandas/core/arrays/_mixins.py", line 170, in take
    fill_value = self._validate_scalar(fill_value)
  File "/Users/annayuen/Desktop/IECC/industrial_decarb/LCOH_EU_workflow/.venv/lib/python3.13/site-packages/pandas/core/arrays/string_.py", line 750, in _validate_scalar
    raise TypeError(
    ...<2 lines>...
    )
TypeError: Invalid value '0' for dtype 'str'. Value should be a string or missing value, got 'int' instead.
2026-06-01 16:50:03,907 INFO [FR.CAED/5914.FACILITY] start  lat=48.6394 lon=6.2655  active=10
2026-06-01 16:50:03,908 ERROR [IT.CAED/600151001.FACILITY] unexpected error: Invalid value '0' for dtype 'str'. Value should be a string or missing value, got 'int' instead.
Traceback (most recent call last):
  File "/Users/annayuen/Desktop/IECC/industrial_decarb/LCOH_EU_workflow/off_grid_electricity_run/scripts/pull_pvgis_115.py", line 133, in fetch_one
    df = df.reindex(full_range, fill_value=0)[["P_kWperkWp"]]
         ~~~~~~~~~~^^^^^^^^^^^^^^^^^^^^^^^^^^
  File "/Users/annayuen/Desktop/IECC/industrial_decarb/LCOH_EU_workflow/.venv/lib/python3.13/site-packages/pandas/core/frame.py", line 6090, in reindex
    return super().reindex(
           ~~~~~~~~~~~~~~~^
        labels=labels,
        ^^^^^^^^^^^^^^
    ...<8 lines>...
        copy=copy,
        ^^^^^^^^^^
    )
    ^
  File "/Users/annayuen/Desktop/IECC/industrial_decarb/LCOH_EU_workflow/.venv/lib/python3.13/site-packages/pandas/core/generic.py", line 5476, in reindex
    return self._reindex_axes(
           ~~~~~~~~~~~~~~~~~~^
        axes, level, limit, tolerance, method, fill_value
        ^^^^^^^^^^^^^^^^^^^^^^^^^^^^^^^^^^^^^^^^^^^^^^^^^
    ).__finalize__(self, method="reindex")
    ^
  File "/Users/annayuen/Desktop/IECC/industrial_decarb/LCOH_EU_workflow/.venv/lib/python3.13/site-packages/pandas/core/generic.py", line 5503, in _reindex_axes
    obj = obj._reindex_with_indexers(
        {axis: [new_index, indexer]},
        fill_value=fill_value,
        allow_dups=False,
    )
  File "/Users/annayuen/Desktop/IECC/industrial_decarb/LCOH_EU_workflow/.venv/lib/python3.13/site-packages/pandas/core/generic.py", line 5547, in _reindex_with_indexers
    new_data = new_data.reindex_indexer(
        index,
    ...<3 lines>...
        allow_dups=allow_dups,
    )
  File "/Users/annayuen/Desktop/IECC/industrial_decarb/LCOH_EU_workflow/.venv/lib/python3.13/site-packages/pandas/core/internals/managers.py", line 866, in reindex_indexer
    blk.take_nd(
    ~~~~~~~~~~~^
        indexer,
        ^^^^^^^^
    ...<3 lines>...
        ),
        ^^
    )
    ^
  File "/Users/annayuen/Desktop/IECC/industrial_decarb/LCOH_EU_workflow/.venv/lib/python3.13/site-packages/pandas/core/internals/blocks.py", line 1015, in take_nd
    new_values = algos.take_nd(
        values, indexer, axis=axis, allow_fill=allow_fill, fill_value=fill_value
    )
  File "/Users/annayuen/Desktop/IECC/industrial_decarb/LCOH_EU_workflow/.venv/lib/python3.13/site-packages/pandas/core/array_algos/take.py", line 112, in take_nd
    return arr.take(indexer, fill_value=fill_value, allow_fill=allow_fill)
           ~~~~~~~~^^^^^^^^^^^^^^^^^^^^^^^^^^^^^^^^^^^^^^^^^^^^^^^^^^^^^^^
  File "/Users/annayuen/Desktop/IECC/industrial_decarb/LCOH_EU_workflow/.venv/lib/python3.13/site-packages/pandas/core/arrays/numpy_.py", line 382, in take
    result = super().take(
        indices, allow_fill=allow_fill, fill_value=fill_value, axis=axis
    )
  File "/Users/annayuen/Desktop/IECC/industrial_decarb/LCOH_EU_workflow/.venv/lib/python3.13/site-packages/pandas/core/arrays/_mixins.py", line 170, in take
    fill_value = self._validate_scalar(fill_value)
  File "/Users/annayuen/Desktop/IECC/industrial_decarb/LCOH_EU_workflow/.venv/lib/python3.13/site-packages/pandas/core/arrays/string_.py", line 750, in _validate_scalar
    raise TypeError(
    ...<2 lines>...
    )
TypeError: Invalid value '0' for dtype 'str'. Value should be a string or missing value, got 'int' instead.
2026-06-01 16:50:03,910 INFO [ES.CAED/001562000.FACILITY] start  lat=41.1943 lon=1.2261  active=10
2026-06-01 16:50:03,911 INFO [ES.CAED/002716000.FACILITY] start  lat=41.1787 lon=1.2202  active=10
2026-06-01 16:50:03,913 INFO [14/115] FAIL  FR.CAED/3814.FACILITY  ETA 0:00:33.372016
2026-06-01 16:50:03,914 INFO [FR.CAED/9415.FACILITY] start  lat=48.8585 lon=8.0850  active=10
2026-06-01 16:50:03,916 INFO [ES.CAED/002761000.FACILITY] start  lat=41.6701 lon=-0.8713  active=10
2026-06-01 16:50:03,918 INFO [IT.CAED/090181001.FACILITY] start  lat=39.0971 lon=9.0113  active=10
2026-06-01 16:50:03,919 INFO [15/115] FAIL  FR.CAED/12675.FACILITY  ETA 0:00:30.880700
2026-06-01 16:50:03,920 INFO [16/115] FAIL  FR.CAED/7615.FACILITY  ETA 0:00:28.667628
2026-06-01 16:50:03,920 INFO [17/115] FAIL  FR.CAED/10838.FACILITY  ETA 0:00:26.709018
2026-06-01 16:50:03,920 INFO [18/115] FAIL  IT.CAED/850592002.FACILITY  ETA 0:00:24.967994
2026-06-01 16:50:03,921 INFO [19/115] FAIL  IT.CAED/600151001.FACILITY  ETA 0:00:23.412672
2026-06-01 16:50:04,392 ERROR [ES.CAED/001528000.FACILITY] unexpected error: Invalid value '0' for dtype 'str'. Value should be a string or missing value, got 'int' instead.
Traceback (most recent call last):
  File "/Users/annayuen/Desktop/IECC/industrial_decarb/LCOH_EU_workflow/off_grid_electricity_run/scripts/pull_pvgis_115.py", line 133, in fetch_one
    df = df.reindex(full_range, fill_value=0)[["P_kWperkWp"]]
         ~~~~~~~~~~^^^^^^^^^^^^^^^^^^^^^^^^^^
  File "/Users/annayuen/Desktop/IECC/industrial_decarb/LCOH_EU_workflow/.venv/lib/python3.13/site-packages/pandas/core/frame.py", line 6090, in reindex
    return super().reindex(
           ~~~~~~~~~~~~~~~^
        labels=labels,
        ^^^^^^^^^^^^^^
    ...<8 lines>...
        copy=copy,
        ^^^^^^^^^^
    )
    ^
  File "/Users/annayuen/Desktop/IECC/industrial_decarb/LCOH_EU_workflow/.venv/lib/python3.13/site-packages/pandas/core/generic.py", line 5476, in reindex
    return self._reindex_axes(
           ~~~~~~~~~~~~~~~~~~^
        axes, level, limit, tolerance, method, fill_value
        ^^^^^^^^^^^^^^^^^^^^^^^^^^^^^^^^^^^^^^^^^^^^^^^^^
    ).__finalize__(self, method="reindex")
    ^
  File "/Users/annayuen/Desktop/IECC/industrial_decarb/LCOH_EU_workflow/.venv/lib/python3.13/site-packages/pandas/core/generic.py", line 5503, in _reindex_axes
    obj = obj._reindex_with_indexers(
        {axis: [new_index, indexer]},
        fill_value=fill_value,
        allow_dups=False,
    )
  File "/Users/annayuen/Desktop/IECC/industrial_decarb/LCOH_EU_workflow/.venv/lib/python3.13/site-packages/pandas/core/generic.py", line 5547, in _reindex_with_indexers
    new_data = new_data.reindex_indexer(
        index,
    ...<3 lines>...
        allow_dups=allow_dups,
    )
  File "/Users/annayuen/Desktop/IECC/industrial_decarb/LCOH_EU_workflow/.venv/lib/python3.13/site-packages/pandas/core/internals/managers.py", line 866, in reindex_indexer
    blk.take_nd(
    ~~~~~~~~~~~^
        indexer,
        ^^^^^^^^
    ...<3 lines>...
        ),
        ^^
    )
    ^
  File "/Users/annayuen/Desktop/IECC/industrial_decarb/LCOH_EU_workflow/.venv/lib/python3.13/site-packages/pandas/core/internals/blocks.py", line 1015, in take_nd
    new_values = algos.take_nd(
        values, indexer, axis=axis, allow_fill=allow_fill, fill_value=fill_value
    )
  File "/Users/annayuen/Desktop/IECC/industrial_decarb/LCOH_EU_workflow/.venv/lib/python3.13/site-packages/pandas/core/array_algos/take.py", line 112, in take_nd
    return arr.take(indexer, fill_value=fill_value, allow_fill=allow_fill)
           ~~~~~~~~^^^^^^^^^^^^^^^^^^^^^^^^^^^^^^^^^^^^^^^^^^^^^^^^^^^^^^^
  File "/Users/annayuen/Desktop/IECC/industrial_decarb/LCOH_EU_workflow/.venv/lib/python3.13/site-packages/pandas/core/arrays/numpy_.py", line 382, in take
    result = super().take(
        indices, allow_fill=allow_fill, fill_value=fill_value, axis=axis
    )
  File "/Users/annayuen/Desktop/IECC/industrial_decarb/LCOH_EU_workflow/.venv/lib/python3.13/site-packages/pandas/core/arrays/_mixins.py", line 170, in take
    fill_value = self._validate_scalar(fill_value)
  File "/Users/annayuen/Desktop/IECC/industrial_decarb/LCOH_EU_workflow/.venv/lib/python3.13/site-packages/pandas/core/arrays/string_.py", line 750, in _validate_scalar
    raise TypeError(
    ...<2 lines>...
    )
TypeError: Invalid value '0' for dtype 'str'. Value should be a string or missing value, got 'int' instead.
2026-06-01 16:50:04,395 INFO [FR.CAED/6144.FACILITY] start  lat=48.2094 lon=6.4203  active=10
2026-06-01 16:50:04,395 INFO [20/115] FAIL  ES.CAED/001528000.FACILITY  ETA 0:00:24.260720
2026-06-01 16:50:05,686 ERROR [PL.MŚ/000000138.FACILITY] unexpected error: Invalid value '0' for dtype 'str'. Value should be a string or missing value, got 'int' instead.
Traceback (most recent call last):
  File "/Users/annayuen/Desktop/IECC/industrial_decarb/LCOH_EU_workflow/off_grid_electricity_run/scripts/pull_pvgis_115.py", line 133, in fetch_one
    df = df.reindex(full_range, fill_value=0)[["P_kWperkWp"]]
         ~~~~~~~~~~^^^^^^^^^^^^^^^^^^^^^^^^^^
  File "/Users/annayuen/Desktop/IECC/industrial_decarb/LCOH_EU_workflow/.venv/lib/python3.13/site-packages/pandas/core/frame.py", line 6090, in reindex
    return super().reindex(
           ~~~~~~~~~~~~~~~^
        labels=labels,
        ^^^^^^^^^^^^^^
    ...<8 lines>...
        copy=copy,
        ^^^^^^^^^^
    )
    ^
  File "/Users/annayuen/Desktop/IECC/industrial_decarb/LCOH_EU_workflow/.venv/lib/python3.13/site-packages/pandas/core/generic.py", line 5476, in reindex
    return self._reindex_axes(
           ~~~~~~~~~~~~~~~~~~^
        axes, level, limit, tolerance, method, fill_value
        ^^^^^^^^^^^^^^^^^^^^^^^^^^^^^^^^^^^^^^^^^^^^^^^^^
    ).__finalize__(self, method="reindex")
    ^
  File "/Users/annayuen/Desktop/IECC/industrial_decarb/LCOH_EU_workflow/.venv/lib/python3.13/site-packages/pandas/core/generic.py", line 5503, in _reindex_axes
    obj = obj._reindex_with_indexers(
        {axis: [new_index, indexer]},
        fill_value=fill_value,
        allow_dups=False,
    )
  File "/Users/annayuen/Desktop/IECC/industrial_decarb/LCOH_EU_workflow/.venv/lib/python3.13/site-packages/pandas/core/generic.py", line 5547, in _reindex_with_indexers
    new_data = new_data.reindex_indexer(
        index,
    ...<3 lines>...
        allow_dups=allow_dups,
    )
  File "/Users/annayuen/Desktop/IECC/industrial_decarb/LCOH_EU_workflow/.venv/lib/python3.13/site-packages/pandas/core/internals/managers.py", line 866, in reindex_indexer
    blk.take_nd(
    ~~~~~~~~~~~^
        indexer,
        ^^^^^^^^
    ...<3 lines>...
        ),
        ^^
    )
    ^
  File "/Users/annayuen/Desktop/IECC/industrial_decarb/LCOH_EU_workflow/.venv/lib/python3.13/site-packages/pandas/core/internals/blocks.py", line 1015, in take_nd
    new_values = algos.take_nd(
        values, indexer, axis=axis, allow_fill=allow_fill, fill_value=fill_value
    )
  File "/Users/annayuen/Desktop/IECC/industrial_decarb/LCOH_EU_workflow/.venv/lib/python3.13/site-packages/pandas/core/array_algos/take.py", line 112, in take_nd
    return arr.take(indexer, fill_value=fill_value, allow_fill=allow_fill)
           ~~~~~~~~^^^^^^^^^^^^^^^^^^^^^^^^^^^^^^^^^^^^^^^^^^^^^^^^^^^^^^^
  File "/Users/annayuen/Desktop/IECC/industrial_decarb/LCOH_EU_workflow/.venv/lib/python3.13/site-packages/pandas/core/arrays/numpy_.py", line 382, in take
    result = super().take(
        indices, allow_fill=allow_fill, fill_value=fill_value, axis=axis
    )
  File "/Users/annayuen/Desktop/IECC/industrial_decarb/LCOH_EU_workflow/.venv/lib/python3.13/site-packages/pandas/core/arrays/_mixins.py", line 170, in take
    fill_value = self._validate_scalar(fill_value)
  File "/Users/annayuen/Desktop/IECC/industrial_decarb/LCOH_EU_workflow/.venv/lib/python3.13/site-packages/pandas/core/arrays/string_.py", line 750, in _validate_scalar
    raise TypeError(
    ...<2 lines>...
    )
TypeError: Invalid value '0' for dtype 'str'. Value should be a string or missing value, got 'int' instead.
2026-06-01 16:50:05,689 INFO [EL.CAED/100048.FACILITY] start  lat=38.3608 lon=22.6917  active=10
2026-06-01 16:50:05,689 INFO [21/115] FAIL  PL.MŚ/000000138.FACILITY  ETA 0:00:28.653832
2026-06-01 16:50:05,693 ERROR [PL.MŚ/000000221.FACILITY] unexpected error: Invalid value '0' for dtype 'str'. Value should be a string or missing value, got 'int' instead.
Traceback (most recent call last):
  File "/Users/annayuen/Desktop/IECC/industrial_decarb/LCOH_EU_workflow/off_grid_electricity_run/scripts/pull_pvgis_115.py", line 133, in fetch_one
    df = df.reindex(full_range, fill_value=0)[["P_kWperkWp"]]
         ~~~~~~~~~~^^^^^^^^^^^^^^^^^^^^^^^^^^
  File "/Users/annayuen/Desktop/IECC/industrial_decarb/LCOH_EU_workflow/.venv/lib/python3.13/site-packages/pandas/core/frame.py", line 6090, in reindex
    return super().reindex(
           ~~~~~~~~~~~~~~~^
        labels=labels,
        ^^^^^^^^^^^^^^
    ...<8 lines>...
        copy=copy,
        ^^^^^^^^^^
    )
    ^
  File "/Users/annayuen/Desktop/IECC/industrial_decarb/LCOH_EU_workflow/.venv/lib/python3.13/site-packages/pandas/core/generic.py", line 5476, in reindex
    return self._reindex_axes(
           ~~~~~~~~~~~~~~~~~~^
        axes, level, limit, tolerance, method, fill_value
        ^^^^^^^^^^^^^^^^^^^^^^^^^^^^^^^^^^^^^^^^^^^^^^^^^
    ).__finalize__(self, method="reindex")
    ^
  File "/Users/annayuen/Desktop/IECC/industrial_decarb/LCOH_EU_workflow/.venv/lib/python3.13/site-packages/pandas/core/generic.py", line 5503, in _reindex_axes
    obj = obj._reindex_with_indexers(
        {axis: [new_index, indexer]},
        fill_value=fill_value,
        allow_dups=False,
    )
  File "/Users/annayuen/Desktop/IECC/industrial_decarb/LCOH_EU_workflow/.venv/lib/python3.13/site-packages/pandas/core/generic.py", line 5547, in _reindex_with_indexers
    new_data = new_data.reindex_indexer(
        index,
    ...<3 lines>...
        allow_dups=allow_dups,
    )
  File "/Users/annayuen/Desktop/IECC/industrial_decarb/LCOH_EU_workflow/.venv/lib/python3.13/site-packages/pandas/core/internals/managers.py", line 866, in reindex_indexer
    blk.take_nd(
    ~~~~~~~~~~~^
        indexer,
        ^^^^^^^^
    ...<3 lines>...
        ),
        ^^
    )
    ^
  File "/Users/annayuen/Desktop/IECC/industrial_decarb/LCOH_EU_workflow/.venv/lib/python3.13/site-packages/pandas/core/internals/blocks.py", line 1015, in take_nd
    new_values = algos.take_nd(
        values, indexer, axis=axis, allow_fill=allow_fill, fill_value=fill_value
    )
  File "/Users/annayuen/Desktop/IECC/industrial_decarb/LCOH_EU_workflow/.venv/lib/python3.13/site-packages/pandas/core/array_algos/take.py", line 112, in take_nd
    return arr.take(indexer, fill_value=fill_value, allow_fill=allow_fill)
           ~~~~~~~~^^^^^^^^^^^^^^^^^^^^^^^^^^^^^^^^^^^^^^^^^^^^^^^^^^^^^^^
  File "/Users/annayuen/Desktop/IECC/industrial_decarb/LCOH_EU_workflow/.venv/lib/python3.13/site-packages/pandas/core/arrays/numpy_.py", line 382, in take
    result = super().take(
        indices, allow_fill=allow_fill, fill_value=fill_value, axis=axis
    )
  File "/Users/annayuen/Desktop/IECC/industrial_decarb/LCOH_EU_workflow/.venv/lib/python3.13/site-packages/pandas/core/arrays/_mixins.py", line 170, in take
    fill_value = self._validate_scalar(fill_value)
  File "/Users/annayuen/Desktop/IECC/industrial_decarb/LCOH_EU_workflow/.venv/lib/python3.13/site-packages/pandas/core/arrays/string_.py", line 750, in _validate_scalar
    raise TypeError(
    ...<2 lines>...
    )
TypeError: Invalid value '0' for dtype 'str'. Value should be a string or missing value, got 'int' instead.
2026-06-01 16:50:05,695 INFO [FR.CAED/5422.FACILITY] start  lat=45.6774 lon=4.8611  active=10
2026-06-01 16:50:05,695 INFO [22/115] FAIL  PL.MŚ/000000221.FACILITY  ETA 0:00:27.088389
2026-06-01 16:50:05,868 ERROR [ES.CAED/002716000.FACILITY] unexpected error: Invalid value '0' for dtype 'str'. Value should be a string or missing value, got 'int' instead.
Traceback (most recent call last):
  File "/Users/annayuen/Desktop/IECC/industrial_decarb/LCOH_EU_workflow/off_grid_electricity_run/scripts/pull_pvgis_115.py", line 133, in fetch_one
    df = df.reindex(full_range, fill_value=0)[["P_kWperkWp"]]
         ~~~~~~~~~~^^^^^^^^^^^^^^^^^^^^^^^^^^
  File "/Users/annayuen/Desktop/IECC/industrial_decarb/LCOH_EU_workflow/.venv/lib/python3.13/site-packages/pandas/core/frame.py", line 6090, in reindex
    return super().reindex(
           ~~~~~~~~~~~~~~~^
        labels=labels,
        ^^^^^^^^^^^^^^
    ...<8 lines>...
        copy=copy,
        ^^^^^^^^^^
    )
    ^
  File "/Users/annayuen/Desktop/IECC/industrial_decarb/LCOH_EU_workflow/.venv/lib/python3.13/site-packages/pandas/core/generic.py", line 5476, in reindex
    return self._reindex_axes(
           ~~~~~~~~~~~~~~~~~~^
        axes, level, limit, tolerance, method, fill_value
        ^^^^^^^^^^^^^^^^^^^^^^^^^^^^^^^^^^^^^^^^^^^^^^^^^
    ).__finalize__(self, method="reindex")
    ^
  File "/Users/annayuen/Desktop/IECC/industrial_decarb/LCOH_EU_workflow/.venv/lib/python3.13/site-packages/pandas/core/generic.py", line 5503, in _reindex_axes
    obj = obj._reindex_with_indexers(
        {axis: [new_index, indexer]},
        fill_value=fill_value,
        allow_dups=False,
    )
  File "/Users/annayuen/Desktop/IECC/industrial_decarb/LCOH_EU_workflow/.venv/lib/python3.13/site-packages/pandas/core/generic.py", line 5547, in _reindex_with_indexers
    new_data = new_data.reindex_indexer(
        index,
    ...<3 lines>...
        allow_dups=allow_dups,
    )
  File "/Users/annayuen/Desktop/IECC/industrial_decarb/LCOH_EU_workflow/.venv/lib/python3.13/site-packages/pandas/core/internals/managers.py", line 866, in reindex_indexer
    blk.take_nd(
    ~~~~~~~~~~~^
        indexer,
        ^^^^^^^^
    ...<3 lines>...
        ),
        ^^
    )
    ^
  File "/Users/annayuen/Desktop/IECC/industrial_decarb/LCOH_EU_workflow/.venv/lib/python3.13/site-packages/pandas/core/internals/blocks.py", line 1015, in take_nd
    new_values = algos.take_nd(
        values, indexer, axis=axis, allow_fill=allow_fill, fill_value=fill_value
    )
  File "/Users/annayuen/Desktop/IECC/industrial_decarb/LCOH_EU_workflow/.venv/lib/python3.13/site-packages/pandas/core/array_algos/take.py", line 112, in take_nd
    return arr.take(indexer, fill_value=fill_value, allow_fill=allow_fill)
           ~~~~~~~~^^^^^^^^^^^^^^^^^^^^^^^^^^^^^^^^^^^^^^^^^^^^^^^^^^^^^^^
  File "/Users/annayuen/Desktop/IECC/industrial_decarb/LCOH_EU_workflow/.venv/lib/python3.13/site-packages/pandas/core/arrays/numpy_.py", line 382, in take
    result = super().take(
        indices, allow_fill=allow_fill, fill_value=fill_value, axis=axis
    )
  File "/Users/annayuen/Desktop/IECC/industrial_decarb/LCOH_EU_workflow/.venv/lib/python3.13/site-packages/pandas/core/arrays/_mixins.py", line 170, in take
    fill_value = self._validate_scalar(fill_value)
  File "/Users/annayuen/Desktop/IECC/industrial_decarb/LCOH_EU_workflow/.venv/lib/python3.13/site-packages/pandas/core/arrays/string_.py", line 750, in _validate_scalar
    raise TypeError(
    ...<2 lines>...
    )
TypeError: Invalid value '0' for dtype 'str'. Value should be a string or missing value, got 'int' instead.
2026-06-01 16:50:05,869 ERROR [FR.CAED/9415.FACILITY] unexpected error: Invalid value '0' for dtype 'str'. Value should be a string or missing value, got 'int' instead.
Traceback (most recent call last):
  File "/Users/annayuen/Desktop/IECC/industrial_decarb/LCOH_EU_workflow/off_grid_electricity_run/scripts/pull_pvgis_115.py", line 133, in fetch_one
    df = df.reindex(full_range, fill_value=0)[["P_kWperkWp"]]
         ~~~~~~~~~~^^^^^^^^^^^^^^^^^^^^^^^^^^
  File "/Users/annayuen/Desktop/IECC/industrial_decarb/LCOH_EU_workflow/.venv/lib/python3.13/site-packages/pandas/core/frame.py", line 6090, in reindex
    return super().reindex(
           ~~~~~~~~~~~~~~~^
        labels=labels,
        ^^^^^^^^^^^^^^
    ...<8 lines>...
        copy=copy,
        ^^^^^^^^^^
    )
    ^
  File "/Users/annayuen/Desktop/IECC/industrial_decarb/LCOH_EU_workflow/.venv/lib/python3.13/site-packages/pandas/core/generic.py", line 5476, in reindex
    return self._reindex_axes(
           ~~~~~~~~~~~~~~~~~~^
        axes, level, limit, tolerance, method, fill_value
        ^^^^^^^^^^^^^^^^^^^^^^^^^^^^^^^^^^^^^^^^^^^^^^^^^
    ).__finalize__(self, method="reindex")
    ^
  File "/Users/annayuen/Desktop/IECC/industrial_decarb/LCOH_EU_workflow/.venv/lib/python3.13/site-packages/pandas/core/generic.py", line 5503, in _reindex_axes
    obj = obj._reindex_with_indexers(
        {axis: [new_index, indexer]},
        fill_value=fill_value,
        allow_dups=False,
    )
  File "/Users/annayuen/Desktop/IECC/industrial_decarb/LCOH_EU_workflow/.venv/lib/python3.13/site-packages/pandas/core/generic.py", line 5547, in _reindex_with_indexers
    new_data = new_data.reindex_indexer(
        index,
    ...<3 lines>...
        allow_dups=allow_dups,
    )
  File "/Users/annayuen/Desktop/IECC/industrial_decarb/LCOH_EU_workflow/.venv/lib/python3.13/site-packages/pandas/core/internals/managers.py", line 866, in reindex_indexer
    blk.take_nd(
    ~~~~~~~~~~~^
        indexer,
        ^^^^^^^^
    ...<3 lines>...
        ),
        ^^
    )
    ^
  File "/Users/annayuen/Desktop/IECC/industrial_decarb/LCOH_EU_workflow/.venv/lib/python3.13/site-packages/pandas/core/internals/blocks.py", line 1015, in take_nd
    new_values = algos.take_nd(
        values, indexer, axis=axis, allow_fill=allow_fill, fill_value=fill_value
    )
  File "/Users/annayuen/Desktop/IECC/industrial_decarb/LCOH_EU_workflow/.venv/lib/python3.13/site-packages/pandas/core/array_algos/take.py", line 112, in take_nd
    return arr.take(indexer, fill_value=fill_value, allow_fill=allow_fill)
           ~~~~~~~~^^^^^^^^^^^^^^^^^^^^^^^^^^^^^^^^^^^^^^^^^^^^^^^^^^^^^^^
  File "/Users/annayuen/Desktop/IECC/industrial_decarb/LCOH_EU_workflow/.venv/lib/python3.13/site-packages/pandas/core/arrays/numpy_.py", line 382, in take
    result = super().take(
        indices, allow_fill=allow_fill, fill_value=fill_value, axis=axis
    )
  File "/Users/annayuen/Desktop/IECC/industrial_decarb/LCOH_EU_workflow/.venv/lib/python3.13/site-packages/pandas/core/arrays/_mixins.py", line 170, in take
    fill_value = self._validate_scalar(fill_value)
  File "/Users/annayuen/Desktop/IECC/industrial_decarb/LCOH_EU_workflow/.venv/lib/python3.13/site-packages/pandas/core/arrays/string_.py", line 750, in _validate_scalar
    raise TypeError(
    ...<2 lines>...
    )
TypeError: Invalid value '0' for dtype 'str'. Value should be a string or missing value, got 'int' instead.
2026-06-01 16:50:05,871 INFO [IT.CAED/280691001.FACILITY] start  lat=45.4372 lon=8.7858  active=10
2026-06-01 16:50:05,871 INFO [23/115] FAIL  ES.CAED/002716000.FACILITY  ETA 0:00:26.336840
2026-06-01 16:50:05,872 INFO [IT.CAED/960101006.FACILITY] start  lat=37.2191 lon=15.1752  active=10
2026-06-01 16:50:05,873 INFO [24/115] FAIL  FR.CAED/9415.FACILITY  ETA 0:00:24.969581
2026-06-01 16:50:06,044 ERROR [ES.CAED/001526000.FACILITY] unexpected error: Invalid value '0' for dtype 'str'. Value should be a string or missing value, got 'int' instead.
Traceback (most recent call last):
  File "/Users/annayuen/Desktop/IECC/industrial_decarb/LCOH_EU_workflow/off_grid_electricity_run/scripts/pull_pvgis_115.py", line 133, in fetch_one
    df = df.reindex(full_range, fill_value=0)[["P_kWperkWp"]]
         ~~~~~~~~~~^^^^^^^^^^^^^^^^^^^^^^^^^^
  File "/Users/annayuen/Desktop/IECC/industrial_decarb/LCOH_EU_workflow/.venv/lib/python3.13/site-packages/pandas/core/frame.py", line 6090, in reindex
    return super().reindex(
           ~~~~~~~~~~~~~~~^
        labels=labels,
        ^^^^^^^^^^^^^^
    ...<8 lines>...
        copy=copy,
        ^^^^^^^^^^
    )
    ^
  File "/Users/annayuen/Desktop/IECC/industrial_decarb/LCOH_EU_workflow/.venv/lib/python3.13/site-packages/pandas/core/generic.py", line 5476, in reindex
    return self._reindex_axes(
           ~~~~~~~~~~~~~~~~~~^
        axes, level, limit, tolerance, method, fill_value
        ^^^^^^^^^^^^^^^^^^^^^^^^^^^^^^^^^^^^^^^^^^^^^^^^^
    ).__finalize__(self, method="reindex")
    ^
  File "/Users/annayuen/Desktop/IECC/industrial_decarb/LCOH_EU_workflow/.venv/lib/python3.13/site-packages/pandas/core/generic.py", line 5503, in _reindex_axes
    obj = obj._reindex_with_indexers(
        {axis: [new_index, indexer]},
        fill_value=fill_value,
        allow_dups=False,
    )
  File "/Users/annayuen/Desktop/IECC/industrial_decarb/LCOH_EU_workflow/.venv/lib/python3.13/site-packages/pandas/core/generic.py", line 5547, in _reindex_with_indexers
    new_data = new_data.reindex_indexer(
        index,
    ...<3 lines>...
        allow_dups=allow_dups,
    )
  File "/Users/annayuen/Desktop/IECC/industrial_decarb/LCOH_EU_workflow/.venv/lib/python3.13/site-packages/pandas/core/internals/managers.py", line 866, in reindex_indexer
    blk.take_nd(
    ~~~~~~~~~~~^
        indexer,
        ^^^^^^^^
    ...<3 lines>...
        ),
        ^^
    )
    ^
  File "/Users/annayuen/Desktop/IECC/industrial_decarb/LCOH_EU_workflow/.venv/lib/python3.13/site-packages/pandas/core/internals/blocks.py", line 1015, in take_nd
    new_values = algos.take_nd(
        values, indexer, axis=axis, allow_fill=allow_fill, fill_value=fill_value
    )
  File "/Users/annayuen/Desktop/IECC/industrial_decarb/LCOH_EU_workflow/.venv/lib/python3.13/site-packages/pandas/core/array_algos/take.py", line 112, in take_nd
    return arr.take(indexer, fill_value=fill_value, allow_fill=allow_fill)
           ~~~~~~~~^^^^^^^^^^^^^^^^^^^^^^^^^^^^^^^^^^^^^^^^^^^^^^^^^^^^^^^
  File "/Users/annayuen/Desktop/IECC/industrial_decarb/LCOH_EU_workflow/.venv/lib/python3.13/site-packages/pandas/core/arrays/numpy_.py", line 382, in take
    result = super().take(
        indices, allow_fill=allow_fill, fill_value=fill_value, axis=axis
    )
  File "/Users/annayuen/Desktop/IECC/industrial_decarb/LCOH_EU_workflow/.venv/lib/python3.13/site-packages/pandas/core/arrays/_mixins.py", line 170, in take
    fill_value = self._validate_scalar(fill_value)
  File "/Users/annayuen/Desktop/IECC/industrial_decarb/LCOH_EU_workflow/.venv/lib/python3.13/site-packages/pandas/core/arrays/string_.py", line 750, in _validate_scalar
    raise TypeError(
    ...<2 lines>...
    )
TypeError: Invalid value '0' for dtype 'str'. Value should be a string or missing value, got 'int' instead.
2026-06-01 16:50:06,047 INFO [FR.CAED/788.FACILITY] start  lat=43.8314 lon=-0.8263  active=10
2026-06-01 16:50:06,050 INFO [25/115] FAIL  ES.CAED/001526000.FACILITY  ETA 0:00:24.344370
2026-06-01 16:50:06,050 ERROR [FR.CAED/5914.FACILITY] unexpected error: Invalid value '0' for dtype 'str'. Value should be a string or missing value, got 'int' instead.
Traceback (most recent call last):
  File "/Users/annayuen/Desktop/IECC/industrial_decarb/LCOH_EU_workflow/off_grid_electricity_run/scripts/pull_pvgis_115.py", line 133, in fetch_one
    df = df.reindex(full_range, fill_value=0)[["P_kWperkWp"]]
         ~~~~~~~~~~^^^^^^^^^^^^^^^^^^^^^^^^^^
  File "/Users/annayuen/Desktop/IECC/industrial_decarb/LCOH_EU_workflow/.venv/lib/python3.13/site-packages/pandas/core/frame.py", line 6090, in reindex
    return super().reindex(
           ~~~~~~~~~~~~~~~^
        labels=labels,
        ^^^^^^^^^^^^^^
    ...<8 lines>...
        copy=copy,
        ^^^^^^^^^^
    )
    ^
  File "/Users/annayuen/Desktop/IECC/industrial_decarb/LCOH_EU_workflow/.venv/lib/python3.13/site-packages/pandas/core/generic.py", line 5476, in reindex
    return self._reindex_axes(
           ~~~~~~~~~~~~~~~~~~^
        axes, level, limit, tolerance, method, fill_value
        ^^^^^^^^^^^^^^^^^^^^^^^^^^^^^^^^^^^^^^^^^^^^^^^^^
    ).__finalize__(self, method="reindex")
    ^
  File "/Users/annayuen/Desktop/IECC/industrial_decarb/LCOH_EU_workflow/.venv/lib/python3.13/site-packages/pandas/core/generic.py", line 5503, in _reindex_axes
    obj = obj._reindex_with_indexers(
        {axis: [new_index, indexer]},
        fill_value=fill_value,
        allow_dups=False,
    )
  File "/Users/annayuen/Desktop/IECC/industrial_decarb/LCOH_EU_workflow/.venv/lib/python3.13/site-packages/pandas/core/generic.py", line 5547, in _reindex_with_indexers
    new_data = new_data.reindex_indexer(
        index,
    ...<3 lines>...
        allow_dups=allow_dups,
    )
  File "/Users/annayuen/Desktop/IECC/industrial_decarb/LCOH_EU_workflow/.venv/lib/python3.13/site-packages/pandas/core/internals/managers.py", line 866, in reindex_indexer
    blk.take_nd(
    ~~~~~~~~~~~^
        indexer,
        ^^^^^^^^
    ...<3 lines>...
        ),
        ^^
    )
    ^
  File "/Users/annayuen/Desktop/IECC/industrial_decarb/LCOH_EU_workflow/.venv/lib/python3.13/site-packages/pandas/core/internals/blocks.py", line 1015, in take_nd
    new_values = algos.take_nd(
        values, indexer, axis=axis, allow_fill=allow_fill, fill_value=fill_value
    )
  File "/Users/annayuen/Desktop/IECC/industrial_decarb/LCOH_EU_workflow/.venv/lib/python3.13/site-packages/pandas/core/array_algos/take.py", line 112, in take_nd
    return arr.take(indexer, fill_value=fill_value, allow_fill=allow_fill)
           ~~~~~~~~^^^^^^^^^^^^^^^^^^^^^^^^^^^^^^^^^^^^^^^^^^^^^^^^^^^^^^^
  File "/Users/annayuen/Desktop/IECC/industrial_decarb/LCOH_EU_workflow/.venv/lib/python3.13/site-packages/pandas/core/arrays/numpy_.py", line 382, in take
    result = super().take(
        indices, allow_fill=allow_fill, fill_value=fill_value, axis=axis
    )
  File "/Users/annayuen/Desktop/IECC/industrial_decarb/LCOH_EU_workflow/.venv/lib/python3.13/site-packages/pandas/core/arrays/_mixins.py", line 170, in take
    fill_value = self._validate_scalar(fill_value)
  File "/Users/annayuen/Desktop/IECC/industrial_decarb/LCOH_EU_workflow/.venv/lib/python3.13/site-packages/pandas/core/arrays/string_.py", line 750, in _validate_scalar
    raise TypeError(
    ...<2 lines>...
    )
TypeError: Invalid value '0' for dtype 'str'. Value should be a string or missing value, got 'int' instead.
2026-06-01 16:50:06,056 ERROR [ES.CAED/001562000.FACILITY] unexpected error: Invalid value '0' for dtype 'str'. Value should be a string or missing value, got 'int' instead.
Traceback (most recent call last):
  File "/Users/annayuen/Desktop/IECC/industrial_decarb/LCOH_EU_workflow/off_grid_electricity_run/scripts/pull_pvgis_115.py", line 133, in fetch_one
    df = df.reindex(full_range, fill_value=0)[["P_kWperkWp"]]
         ~~~~~~~~~~^^^^^^^^^^^^^^^^^^^^^^^^^^
  File "/Users/annayuen/Desktop/IECC/industrial_decarb/LCOH_EU_workflow/.venv/lib/python3.13/site-packages/pandas/core/frame.py", line 6090, in reindex
    return super().reindex(
           ~~~~~~~~~~~~~~~^
        labels=labels,
        ^^^^^^^^^^^^^^
    ...<8 lines>...
        copy=copy,
        ^^^^^^^^^^
    )
    ^
  File "/Users/annayuen/Desktop/IECC/industrial_decarb/LCOH_EU_workflow/.venv/lib/python3.13/site-packages/pandas/core/generic.py", line 5476, in reindex
    return self._reindex_axes(
           ~~~~~~~~~~~~~~~~~~^
        axes, level, limit, tolerance, method, fill_value
        ^^^^^^^^^^^^^^^^^^^^^^^^^^^^^^^^^^^^^^^^^^^^^^^^^
    ).__finalize__(self, method="reindex")
    ^
  File "/Users/annayuen/Desktop/IECC/industrial_decarb/LCOH_EU_workflow/.venv/lib/python3.13/site-packages/pandas/core/generic.py", line 5503, in _reindex_axes
    obj = obj._reindex_with_indexers(
        {axis: [new_index, indexer]},
        fill_value=fill_value,
        allow_dups=False,
    )
  File "/Users/annayuen/Desktop/IECC/industrial_decarb/LCOH_EU_workflow/.venv/lib/python3.13/site-packages/pandas/core/generic.py", line 5547, in _reindex_with_indexers
    new_data = new_data.reindex_indexer(
        index,
    ...<3 lines>...
        allow_dups=allow_dups,
    )
  File "/Users/annayuen/Desktop/IECC/industrial_decarb/LCOH_EU_workflow/.venv/lib/python3.13/site-packages/pandas/core/internals/managers.py", line 866, in reindex_indexer
    blk.take_nd(
    ~~~~~~~~~~~^
        indexer,
        ^^^^^^^^
    ...<3 lines>...
        ),
        ^^
    )
    ^
  File "/Users/annayuen/Desktop/IECC/industrial_decarb/LCOH_EU_workflow/.venv/lib/python3.13/site-packages/pandas/core/internals/blocks.py", line 1015, in take_nd
    new_values = algos.take_nd(
        values, indexer, axis=axis, allow_fill=allow_fill, fill_value=fill_value
    )
  File "/Users/annayuen/Desktop/IECC/industrial_decarb/LCOH_EU_workflow/.venv/lib/python3.13/site-packages/pandas/core/array_algos/take.py", line 112, in take_nd
    return arr.take(indexer, fill_value=fill_value, allow_fill=allow_fill)
           ~~~~~~~~^^^^^^^^^^^^^^^^^^^^^^^^^^^^^^^^^^^^^^^^^^^^^^^^^^^^^^^
  File "/Users/annayuen/Desktop/IECC/industrial_decarb/LCOH_EU_workflow/.venv/lib/python3.13/site-packages/pandas/core/arrays/numpy_.py", line 382, in take
    result = super().take(
        indices, allow_fill=allow_fill, fill_value=fill_value, axis=axis
    )
  File "/Users/annayuen/Desktop/IECC/industrial_decarb/LCOH_EU_workflow/.venv/lib/python3.13/site-packages/pandas/core/arrays/_mixins.py", line 170, in take
    fill_value = self._validate_scalar(fill_value)
  File "/Users/annayuen/Desktop/IECC/industrial_decarb/LCOH_EU_workflow/.venv/lib/python3.13/site-packages/pandas/core/arrays/string_.py", line 750, in _validate_scalar
    raise TypeError(
    ...<2 lines>...
    )
TypeError: Invalid value '0' for dtype 'str'. Value should be a string or missing value, got 'int' instead.
2026-06-01 16:50:06,057 ERROR [IT.CAED/090181001.FACILITY] unexpected error: Invalid value '0' for dtype 'str'. Value should be a string or missing value, got 'int' instead.
Traceback (most recent call last):
  File "/Users/annayuen/Desktop/IECC/industrial_decarb/LCOH_EU_workflow/off_grid_electricity_run/scripts/pull_pvgis_115.py", line 133, in fetch_one
    df = df.reindex(full_range, fill_value=0)[["P_kWperkWp"]]
         ~~~~~~~~~~^^^^^^^^^^^^^^^^^^^^^^^^^^
  File "/Users/annayuen/Desktop/IECC/industrial_decarb/LCOH_EU_workflow/.venv/lib/python3.13/site-packages/pandas/core/frame.py", line 6090, in reindex
    return super().reindex(
           ~~~~~~~~~~~~~~~^
        labels=labels,
        ^^^^^^^^^^^^^^
    ...<8 lines>...
        copy=copy,
        ^^^^^^^^^^
    )
    ^
  File "/Users/annayuen/Desktop/IECC/industrial_decarb/LCOH_EU_workflow/.venv/lib/python3.13/site-packages/pandas/core/generic.py", line 5476, in reindex
    return self._reindex_axes(
           ~~~~~~~~~~~~~~~~~~^
        axes, level, limit, tolerance, method, fill_value
        ^^^^^^^^^^^^^^^^^^^^^^^^^^^^^^^^^^^^^^^^^^^^^^^^^
    ).__finalize__(self, method="reindex")
    ^
  File "/Users/annayuen/Desktop/IECC/industrial_decarb/LCOH_EU_workflow/.venv/lib/python3.13/site-packages/pandas/core/generic.py", line 5503, in _reindex_axes
    obj = obj._reindex_with_indexers(
        {axis: [new_index, indexer]},
        fill_value=fill_value,
        allow_dups=False,
    )
  File "/Users/annayuen/Desktop/IECC/industrial_decarb/LCOH_EU_workflow/.venv/lib/python3.13/site-packages/pandas/core/generic.py", line 5547, in _reindex_with_indexers
    new_data = new_data.reindex_indexer(
        index,
    ...<3 lines>...
        allow_dups=allow_dups,
    )
  File "/Users/annayuen/Desktop/IECC/industrial_decarb/LCOH_EU_workflow/.venv/lib/python3.13/site-packages/pandas/core/internals/managers.py", line 866, in reindex_indexer
    blk.take_nd(
    ~~~~~~~~~~~^
        indexer,
        ^^^^^^^^
    ...<3 lines>...
        ),
        ^^
    )
    ^
  File "/Users/annayuen/Desktop/IECC/industrial_decarb/LCOH_EU_workflow/.venv/lib/python3.13/site-packages/pandas/core/internals/blocks.py", line 1015, in take_nd
    new_values = algos.take_nd(
        values, indexer, axis=axis, allow_fill=allow_fill, fill_value=fill_value
    )
  File "/Users/annayuen/Desktop/IECC/industrial_decarb/LCOH_EU_workflow/.venv/lib/python3.13/site-packages/pandas/core/array_algos/take.py", line 112, in take_nd
    return arr.take(indexer, fill_value=fill_value, allow_fill=allow_fill)
           ~~~~~~~~^^^^^^^^^^^^^^^^^^^^^^^^^^^^^^^^^^^^^^^^^^^^^^^^^^^^^^^
  File "/Users/annayuen/Desktop/IECC/industrial_decarb/LCOH_EU_workflow/.venv/lib/python3.13/site-packages/pandas/core/arrays/numpy_.py", line 382, in take
    result = super().take(
        indices, allow_fill=allow_fill, fill_value=fill_value, axis=axis
    )
  File "/Users/annayuen/Desktop/IECC/industrial_decarb/LCOH_EU_workflow/.venv/lib/python3.13/site-packages/pandas/core/arrays/_mixins.py", line 170, in take
    fill_value = self._validate_scalar(fill_value)
  File "/Users/annayuen/Desktop/IECC/industrial_decarb/LCOH_EU_workflow/.venv/lib/python3.13/site-packages/pandas/core/arrays/string_.py", line 750, in _validate_scalar
    raise TypeError(
    ...<2 lines>...
    )
TypeError: Invalid value '0' for dtype 'str'. Value should be a string or missing value, got 'int' instead.
2026-06-01 16:50:06,059 INFO [PL.MŚ/000000068.FACILITY] start  lat=52.8368 lon=17.9896  active=10
2026-06-01 16:50:06,062 INFO [26/115] FAIL  FR.CAED/5914.FACILITY  ETA 0:00:23.190552
2026-06-01 16:50:06,064 ERROR [ES.CAED/002761000.FACILITY] unexpected error: Invalid value '0' for dtype 'str'. Value should be a string or missing value, got 'int' instead.
Traceback (most recent call last):
  File "/Users/annayuen/Desktop/IECC/industrial_decarb/LCOH_EU_workflow/off_grid_electricity_run/scripts/pull_pvgis_115.py", line 133, in fetch_one
    df = df.reindex(full_range, fill_value=0)[["P_kWperkWp"]]
         ~~~~~~~~~~^^^^^^^^^^^^^^^^^^^^^^^^^^
  File "/Users/annayuen/Desktop/IECC/industrial_decarb/LCOH_EU_workflow/.venv/lib/python3.13/site-packages/pandas/core/frame.py", line 6090, in reindex
    return super().reindex(
           ~~~~~~~~~~~~~~~^
        labels=labels,
        ^^^^^^^^^^^^^^
    ...<8 lines>...
        copy=copy,
        ^^^^^^^^^^
    )
    ^
  File "/Users/annayuen/Desktop/IECC/industrial_decarb/LCOH_EU_workflow/.venv/lib/python3.13/site-packages/pandas/core/generic.py", line 5476, in reindex
    return self._reindex_axes(
           ~~~~~~~~~~~~~~~~~~^
        axes, level, limit, tolerance, method, fill_value
        ^^^^^^^^^^^^^^^^^^^^^^^^^^^^^^^^^^^^^^^^^^^^^^^^^
    ).__finalize__(self, method="reindex")
    ^
  File "/Users/annayuen/Desktop/IECC/industrial_decarb/LCOH_EU_workflow/.venv/lib/python3.13/site-packages/pandas/core/generic.py", line 5503, in _reindex_axes
    obj = obj._reindex_with_indexers(
        {axis: [new_index, indexer]},
        fill_value=fill_value,
        allow_dups=False,
    )
  File "/Users/annayuen/Desktop/IECC/industrial_decarb/LCOH_EU_workflow/.venv/lib/python3.13/site-packages/pandas/core/generic.py", line 5547, in _reindex_with_indexers
    new_data = new_data.reindex_indexer(
        index,
    ...<3 lines>...
        allow_dups=allow_dups,
    )
  File "/Users/annayuen/Desktop/IECC/industrial_decarb/LCOH_EU_workflow/.venv/lib/python3.13/site-packages/pandas/core/internals/managers.py", line 866, in reindex_indexer
    blk.take_nd(
    ~~~~~~~~~~~^
        indexer,
        ^^^^^^^^
    ...<3 lines>...
        ),
        ^^
    )
    ^
  File "/Users/annayuen/Desktop/IECC/industrial_decarb/LCOH_EU_workflow/.venv/lib/python3.13/site-packages/pandas/core/internals/blocks.py", line 1015, in take_nd
    new_values = algos.take_nd(
        values, indexer, axis=axis, allow_fill=allow_fill, fill_value=fill_value
    )
  File "/Users/annayuen/Desktop/IECC/industrial_decarb/LCOH_EU_workflow/.venv/lib/python3.13/site-packages/pandas/core/array_algos/take.py", line 112, in take_nd
    return arr.take(indexer, fill_value=fill_value, allow_fill=allow_fill)
           ~~~~~~~~^^^^^^^^^^^^^^^^^^^^^^^^^^^^^^^^^^^^^^^^^^^^^^^^^^^^^^^
  File "/Users/annayuen/Desktop/IECC/industrial_decarb/LCOH_EU_workflow/.venv/lib/python3.13/site-packages/pandas/core/arrays/numpy_.py", line 382, in take
    result = super().take(
        indices, allow_fill=allow_fill, fill_value=fill_value, axis=axis
    )
  File "/Users/annayuen/Desktop/IECC/industrial_decarb/LCOH_EU_workflow/.venv/lib/python3.13/site-packages/pandas/core/arrays/_mixins.py", line 170, in take
    fill_value = self._validate_scalar(fill_value)
  File "/Users/annayuen/Desktop/IECC/industrial_decarb/LCOH_EU_workflow/.venv/lib/python3.13/site-packages/pandas/core/arrays/string_.py", line 750, in _validate_scalar
    raise TypeError(
    ...<2 lines>...
    )
TypeError: Invalid value '0' for dtype 'str'. Value should be a string or missing value, got 'int' instead.
2026-06-01 16:50:06,064 INFO [ES.CAED/000704000.FACILITY] start  lat=39.9767 lon=0.0146  active=10
2026-06-01 16:50:06,066 INFO [PL.MŚ/000000197.FACILITY] start  lat=52.7022 lon=18.9658  active=10
2026-06-01 16:50:06,067 INFO [27/115] FAIL  ES.CAED/001562000.FACILITY  ETA 0:00:22.096624
2026-06-01 16:50:06,069 INFO [FR.CAED/7656.FACILITY] start  lat=43.4655 lon=4.9366  active=10
2026-06-01 16:50:06,070 INFO [28/115] FAIL  IT.CAED/090181001.FACILITY  ETA 0:00:21.073923
2026-06-01 16:50:06,071 INFO [29/115] FAIL  ES.CAED/002761000.FACILITY  ETA 0:00:20.116002
2026-06-01 16:50:06,212 ERROR [FR.CAED/6144.FACILITY] unexpected error: Invalid value '0' for dtype 'str'. Value should be a string or missing value, got 'int' instead.
Traceback (most recent call last):
  File "/Users/annayuen/Desktop/IECC/industrial_decarb/LCOH_EU_workflow/off_grid_electricity_run/scripts/pull_pvgis_115.py", line 133, in fetch_one
    df = df.reindex(full_range, fill_value=0)[["P_kWperkWp"]]
         ~~~~~~~~~~^^^^^^^^^^^^^^^^^^^^^^^^^^
  File "/Users/annayuen/Desktop/IECC/industrial_decarb/LCOH_EU_workflow/.venv/lib/python3.13/site-packages/pandas/core/frame.py", line 6090, in reindex
    return super().reindex(
           ~~~~~~~~~~~~~~~^
        labels=labels,
        ^^^^^^^^^^^^^^
    ...<8 lines>...
        copy=copy,
        ^^^^^^^^^^
    )
    ^
  File "/Users/annayuen/Desktop/IECC/industrial_decarb/LCOH_EU_workflow/.venv/lib/python3.13/site-packages/pandas/core/generic.py", line 5476, in reindex
    return self._reindex_axes(
           ~~~~~~~~~~~~~~~~~~^
        axes, level, limit, tolerance, method, fill_value
        ^^^^^^^^^^^^^^^^^^^^^^^^^^^^^^^^^^^^^^^^^^^^^^^^^
    ).__finalize__(self, method="reindex")
    ^
  File "/Users/annayuen/Desktop/IECC/industrial_decarb/LCOH_EU_workflow/.venv/lib/python3.13/site-packages/pandas/core/generic.py", line 5503, in _reindex_axes
    obj = obj._reindex_with_indexers(
        {axis: [new_index, indexer]},
        fill_value=fill_value,
        allow_dups=False,
    )
  File "/Users/annayuen/Desktop/IECC/industrial_decarb/LCOH_EU_workflow/.venv/lib/python3.13/site-packages/pandas/core/generic.py", line 5547, in _reindex_with_indexers
    new_data = new_data.reindex_indexer(
        index,
    ...<3 lines>...
        allow_dups=allow_dups,
    )
  File "/Users/annayuen/Desktop/IECC/industrial_decarb/LCOH_EU_workflow/.venv/lib/python3.13/site-packages/pandas/core/internals/managers.py", line 866, in reindex_indexer
    blk.take_nd(
    ~~~~~~~~~~~^
        indexer,
        ^^^^^^^^
    ...<3 lines>...
        ),
        ^^
    )
    ^
  File "/Users/annayuen/Desktop/IECC/industrial_decarb/LCOH_EU_workflow/.venv/lib/python3.13/site-packages/pandas/core/internals/blocks.py", line 1015, in take_nd
    new_values = algos.take_nd(
        values, indexer, axis=axis, allow_fill=allow_fill, fill_value=fill_value
    )
  File "/Users/annayuen/Desktop/IECC/industrial_decarb/LCOH_EU_workflow/.venv/lib/python3.13/site-packages/pandas/core/array_algos/take.py", line 112, in take_nd
    return arr.take(indexer, fill_value=fill_value, allow_fill=allow_fill)
           ~~~~~~~~^^^^^^^^^^^^^^^^^^^^^^^^^^^^^^^^^^^^^^^^^^^^^^^^^^^^^^^
  File "/Users/annayuen/Desktop/IECC/industrial_decarb/LCOH_EU_workflow/.venv/lib/python3.13/site-packages/pandas/core/arrays/numpy_.py", line 382, in take
    result = super().take(
        indices, allow_fill=allow_fill, fill_value=fill_value, axis=axis
    )
  File "/Users/annayuen/Desktop/IECC/industrial_decarb/LCOH_EU_workflow/.venv/lib/python3.13/site-packages/pandas/core/arrays/_mixins.py", line 170, in take
    fill_value = self._validate_scalar(fill_value)
  File "/Users/annayuen/Desktop/IECC/industrial_decarb/LCOH_EU_workflow/.venv/lib/python3.13/site-packages/pandas/core/arrays/string_.py", line 750, in _validate_scalar
    raise TypeError(
    ...<2 lines>...
    )
TypeError: Invalid value '0' for dtype 'str'. Value should be a string or missing value, got 'int' instead.
2026-06-01 16:50:06,214 INFO [FR.CAED/9517.FACILITY] start  lat=48.1668 lon=7.5936  active=10
2026-06-01 16:50:06,214 INFO [30/115] FAIL  FR.CAED/6144.FACILITY  ETA 0:00:19.626245
2026-06-01 16:50:07,540 ERROR [EL.CAED/100048.FACILITY] unexpected error: Invalid value '0' for dtype 'str'. Value should be a string or missing value, got 'int' instead.
Traceback (most recent call last):
  File "/Users/annayuen/Desktop/IECC/industrial_decarb/LCOH_EU_workflow/off_grid_electricity_run/scripts/pull_pvgis_115.py", line 133, in fetch_one
    df = df.reindex(full_range, fill_value=0)[["P_kWperkWp"]]
         ~~~~~~~~~~^^^^^^^^^^^^^^^^^^^^^^^^^^
  File "/Users/annayuen/Desktop/IECC/industrial_decarb/LCOH_EU_workflow/.venv/lib/python3.13/site-packages/pandas/core/frame.py", line 6090, in reindex
    return super().reindex(
           ~~~~~~~~~~~~~~~^
        labels=labels,
        ^^^^^^^^^^^^^^
    ...<8 lines>...
        copy=copy,
        ^^^^^^^^^^
    )
    ^
  File "/Users/annayuen/Desktop/IECC/industrial_decarb/LCOH_EU_workflow/.venv/lib/python3.13/site-packages/pandas/core/generic.py", line 5476, in reindex
    return self._reindex_axes(
           ~~~~~~~~~~~~~~~~~~^
        axes, level, limit, tolerance, method, fill_value
        ^^^^^^^^^^^^^^^^^^^^^^^^^^^^^^^^^^^^^^^^^^^^^^^^^
    ).__finalize__(self, method="reindex")
    ^
  File "/Users/annayuen/Desktop/IECC/industrial_decarb/LCOH_EU_workflow/.venv/lib/python3.13/site-packages/pandas/core/generic.py", line 5503, in _reindex_axes
    obj = obj._reindex_with_indexers(
        {axis: [new_index, indexer]},
        fill_value=fill_value,
        allow_dups=False,
    )
  File "/Users/annayuen/Desktop/IECC/industrial_decarb/LCOH_EU_workflow/.venv/lib/python3.13/site-packages/pandas/core/generic.py", line 5547, in _reindex_with_indexers
    new_data = new_data.reindex_indexer(
        index,
    ...<3 lines>...
        allow_dups=allow_dups,
    )
  File "/Users/annayuen/Desktop/IECC/industrial_decarb/LCOH_EU_workflow/.venv/lib/python3.13/site-packages/pandas/core/internals/managers.py", line 866, in reindex_indexer
    blk.take_nd(
    ~~~~~~~~~~~^
        indexer,
        ^^^^^^^^
    ...<3 lines>...
        ),
        ^^
    )
    ^
  File "/Users/annayuen/Desktop/IECC/industrial_decarb/LCOH_EU_workflow/.venv/lib/python3.13/site-packages/pandas/core/internals/blocks.py", line 1015, in take_nd
    new_values = algos.take_nd(
        values, indexer, axis=axis, allow_fill=allow_fill, fill_value=fill_value
    )
  File "/Users/annayuen/Desktop/IECC/industrial_decarb/LCOH_EU_workflow/.venv/lib/python3.13/site-packages/pandas/core/array_algos/take.py", line 112, in take_nd
    return arr.take(indexer, fill_value=fill_value, allow_fill=allow_fill)
           ~~~~~~~~^^^^^^^^^^^^^^^^^^^^^^^^^^^^^^^^^^^^^^^^^^^^^^^^^^^^^^^
  File "/Users/annayuen/Desktop/IECC/industrial_decarb/LCOH_EU_workflow/.venv/lib/python3.13/site-packages/pandas/core/arrays/numpy_.py", line 382, in take
    result = super().take(
        indices, allow_fill=allow_fill, fill_value=fill_value, axis=axis
    )
  File "/Users/annayuen/Desktop/IECC/industrial_decarb/LCOH_EU_workflow/.venv/lib/python3.13/site-packages/pandas/core/arrays/_mixins.py", line 170, in take
    fill_value = self._validate_scalar(fill_value)
  File "/Users/annayuen/Desktop/IECC/industrial_decarb/LCOH_EU_workflow/.venv/lib/python3.13/site-packages/pandas/core/arrays/string_.py", line 750, in _validate_scalar
    raise TypeError(
    ...<2 lines>...
    )
TypeError: Invalid value '0' for dtype 'str'. Value should be a string or missing value, got 'int' instead.
2026-06-01 16:50:07,542 INFO [PL.MŚ/000000278.FACILITY] start  lat=51.1824 lon=16.1176  active=10
2026-06-01 16:50:07,543 INFO [31/115] FAIL  EL.CAED/100048.FACILITY  ETA 0:00:22.369200
2026-06-01 16:50:07,650 ERROR [FR.CAED/5422.FACILITY] unexpected error: Invalid value '0' for dtype 'str'. Value should be a string or missing value, got 'int' instead.
Traceback (most recent call last):
  File "/Users/annayuen/Desktop/IECC/industrial_decarb/LCOH_EU_workflow/off_grid_electricity_run/scripts/pull_pvgis_115.py", line 133, in fetch_one
    df = df.reindex(full_range, fill_value=0)[["P_kWperkWp"]]
         ~~~~~~~~~~^^^^^^^^^^^^^^^^^^^^^^^^^^
  File "/Users/annayuen/Desktop/IECC/industrial_decarb/LCOH_EU_workflow/.venv/lib/python3.13/site-packages/pandas/core/frame.py", line 6090, in reindex
    return super().reindex(
           ~~~~~~~~~~~~~~~^
        labels=labels,
        ^^^^^^^^^^^^^^
    ...<8 lines>...
        copy=copy,
        ^^^^^^^^^^
    )
    ^
  File "/Users/annayuen/Desktop/IECC/industrial_decarb/LCOH_EU_workflow/.venv/lib/python3.13/site-packages/pandas/core/generic.py", line 5476, in reindex
    return self._reindex_axes(
           ~~~~~~~~~~~~~~~~~~^
        axes, level, limit, tolerance, method, fill_value
        ^^^^^^^^^^^^^^^^^^^^^^^^^^^^^^^^^^^^^^^^^^^^^^^^^
    ).__finalize__(self, method="reindex")
    ^
  File "/Users/annayuen/Desktop/IECC/industrial_decarb/LCOH_EU_workflow/.venv/lib/python3.13/site-packages/pandas/core/generic.py", line 5503, in _reindex_axes
    obj = obj._reindex_with_indexers(
        {axis: [new_index, indexer]},
        fill_value=fill_value,
        allow_dups=False,
    )
  File "/Users/annayuen/Desktop/IECC/industrial_decarb/LCOH_EU_workflow/.venv/lib/python3.13/site-packages/pandas/core/generic.py", line 5547, in _reindex_with_indexers
    new_data = new_data.reindex_indexer(
        index,
    ...<3 lines>...
        allow_dups=allow_dups,
    )
  File "/Users/annayuen/Desktop/IECC/industrial_decarb/LCOH_EU_workflow/.venv/lib/python3.13/site-packages/pandas/core/internals/managers.py", line 866, in reindex_indexer
    blk.take_nd(
    ~~~~~~~~~~~^
        indexer,
        ^^^^^^^^
    ...<3 lines>...
        ),
        ^^
    )
    ^
  File "/Users/annayuen/Desktop/IECC/industrial_decarb/LCOH_EU_workflow/.venv/lib/python3.13/site-packages/pandas/core/internals/blocks.py", line 1015, in take_nd
    new_values = algos.take_nd(
        values, indexer, axis=axis, allow_fill=allow_fill, fill_value=fill_value
    )
  File "/Users/annayuen/Desktop/IECC/industrial_decarb/LCOH_EU_workflow/.venv/lib/python3.13/site-packages/pandas/core/array_algos/take.py", line 112, in take_nd
    return arr.take(indexer, fill_value=fill_value, allow_fill=allow_fill)
           ~~~~~~~~^^^^^^^^^^^^^^^^^^^^^^^^^^^^^^^^^^^^^^^^^^^^^^^^^^^^^^^
  File "/Users/annayuen/Desktop/IECC/industrial_decarb/LCOH_EU_workflow/.venv/lib/python3.13/site-packages/pandas/core/arrays/numpy_.py", line 382, in take
    result = super().take(
        indices, allow_fill=allow_fill, fill_value=fill_value, axis=axis
    )
  File "/Users/annayuen/Desktop/IECC/industrial_decarb/LCOH_EU_workflow/.venv/lib/python3.13/site-packages/pandas/core/arrays/_mixins.py", line 170, in take
    fill_value = self._validate_scalar(fill_value)
  File "/Users/annayuen/Desktop/IECC/industrial_decarb/LCOH_EU_workflow/.venv/lib/python3.13/site-packages/pandas/core/arrays/string_.py", line 750, in _validate_scalar
    raise TypeError(
    ...<2 lines>...
    )
TypeError: Invalid value '0' for dtype 'str'. Value should be a string or missing value, got 'int' instead.
2026-06-01 16:50:07,652 INFO [FR.CAED/11135.FACILITY] start  lat=50.6340 lon=2.6759  active=10
2026-06-01 16:50:07,652 INFO [32/115] FAIL  FR.CAED/5422.FACILITY  ETA 0:00:21.697445
2026-06-01 16:50:07,759 ERROR [IT.CAED/960101006.FACILITY] unexpected error: Invalid value '0' for dtype 'str'. Value should be a string or missing value, got 'int' instead.
Traceback (most recent call last):
  File "/Users/annayuen/Desktop/IECC/industrial_decarb/LCOH_EU_workflow/off_grid_electricity_run/scripts/pull_pvgis_115.py", line 133, in fetch_one
    df = df.reindex(full_range, fill_value=0)[["P_kWperkWp"]]
         ~~~~~~~~~~^^^^^^^^^^^^^^^^^^^^^^^^^^
  File "/Users/annayuen/Desktop/IECC/industrial_decarb/LCOH_EU_workflow/.venv/lib/python3.13/site-packages/pandas/core/frame.py", line 6090, in reindex
    return super().reindex(
           ~~~~~~~~~~~~~~~^
        labels=labels,
        ^^^^^^^^^^^^^^
    ...<8 lines>...
        copy=copy,
        ^^^^^^^^^^
    )
    ^
  File "/Users/annayuen/Desktop/IECC/industrial_decarb/LCOH_EU_workflow/.venv/lib/python3.13/site-packages/pandas/core/generic.py", line 5476, in reindex
    return self._reindex_axes(
           ~~~~~~~~~~~~~~~~~~^
        axes, level, limit, tolerance, method, fill_value
        ^^^^^^^^^^^^^^^^^^^^^^^^^^^^^^^^^^^^^^^^^^^^^^^^^
    ).__finalize__(self, method="reindex")
    ^
  File "/Users/annayuen/Desktop/IECC/industrial_decarb/LCOH_EU_workflow/.venv/lib/python3.13/site-packages/pandas/core/generic.py", line 5503, in _reindex_axes
    obj = obj._reindex_with_indexers(
        {axis: [new_index, indexer]},
        fill_value=fill_value,
        allow_dups=False,
    )
  File "/Users/annayuen/Desktop/IECC/industrial_decarb/LCOH_EU_workflow/.venv/lib/python3.13/site-packages/pandas/core/generic.py", line 5547, in _reindex_with_indexers
    new_data = new_data.reindex_indexer(
        index,
    ...<3 lines>...
        allow_dups=allow_dups,
    )
  File "/Users/annayuen/Desktop/IECC/industrial_decarb/LCOH_EU_workflow/.venv/lib/python3.13/site-packages/pandas/core/internals/managers.py", line 866, in reindex_indexer
    blk.take_nd(
    ~~~~~~~~~~~^
        indexer,
        ^^^^^^^^
    ...<3 lines>...
        ),
        ^^
    )
    ^
  File "/Users/annayuen/Desktop/IECC/industrial_decarb/LCOH_EU_workflow/.venv/lib/python3.13/site-packages/pandas/core/internals/blocks.py", line 1015, in take_nd
    new_values = algos.take_nd(
        values, indexer, axis=axis, allow_fill=allow_fill, fill_value=fill_value
    )
  File "/Users/annayuen/Desktop/IECC/industrial_decarb/LCOH_EU_workflow/.venv/lib/python3.13/site-packages/pandas/core/array_algos/take.py", line 112, in take_nd
    return arr.take(indexer, fill_value=fill_value, allow_fill=allow_fill)
           ~~~~~~~~^^^^^^^^^^^^^^^^^^^^^^^^^^^^^^^^^^^^^^^^^^^^^^^^^^^^^^^
  File "/Users/annayuen/Desktop/IECC/industrial_decarb/LCOH_EU_workflow/.venv/lib/python3.13/site-packages/pandas/core/arrays/numpy_.py", line 382, in take
    result = super().take(
        indices, allow_fill=allow_fill, fill_value=fill_value, axis=axis
    )
  File "/Users/annayuen/Desktop/IECC/industrial_decarb/LCOH_EU_workflow/.venv/lib/python3.13/site-packages/pandas/core/arrays/_mixins.py", line 170, in take
    fill_value = self._validate_scalar(fill_value)
  File "/Users/annayuen/Desktop/IECC/industrial_decarb/LCOH_EU_workflow/.venv/lib/python3.13/site-packages/pandas/core/arrays/string_.py", line 750, in _validate_scalar
    raise TypeError(
    ...<2 lines>...
    )
TypeError: Invalid value '0' for dtype 'str'. Value should be a string or missing value, got 'int' instead.
2026-06-01 16:50:07,761 INFO [PL.MŚ/000000212.FACILITY] start  lat=50.3070 lon=21.4709  active=10
2026-06-01 16:50:07,761 INFO [33/115] FAIL  IT.CAED/960101006.FACILITY  ETA 0:00:21.056616
2026-06-01 16:50:07,961 ERROR [FR.CAED/7656.FACILITY] unexpected error: Invalid value '0' for dtype 'str'. Value should be a string or missing value, got 'int' instead.
Traceback (most recent call last):
  File "/Users/annayuen/Desktop/IECC/industrial_decarb/LCOH_EU_workflow/off_grid_electricity_run/scripts/pull_pvgis_115.py", line 133, in fetch_one
    df = df.reindex(full_range, fill_value=0)[["P_kWperkWp"]]
         ~~~~~~~~~~^^^^^^^^^^^^^^^^^^^^^^^^^^
  File "/Users/annayuen/Desktop/IECC/industrial_decarb/LCOH_EU_workflow/.venv/lib/python3.13/site-packages/pandas/core/frame.py", line 6090, in reindex
    return super().reindex(
           ~~~~~~~~~~~~~~~^
        labels=labels,
        ^^^^^^^^^^^^^^
    ...<8 lines>...
        copy=copy,
        ^^^^^^^^^^
    )
    ^
  File "/Users/annayuen/Desktop/IECC/industrial_decarb/LCOH_EU_workflow/.venv/lib/python3.13/site-packages/pandas/core/generic.py", line 5476, in reindex
    return self._reindex_axes(
           ~~~~~~~~~~~~~~~~~~^
        axes, level, limit, tolerance, method, fill_value
        ^^^^^^^^^^^^^^^^^^^^^^^^^^^^^^^^^^^^^^^^^^^^^^^^^
    ).__finalize__(self, method="reindex")
    ^
  File "/Users/annayuen/Desktop/IECC/industrial_decarb/LCOH_EU_workflow/.venv/lib/python3.13/site-packages/pandas/core/generic.py", line 5503, in _reindex_axes
    obj = obj._reindex_with_indexers(
        {axis: [new_index, indexer]},
        fill_value=fill_value,
        allow_dups=False,
    )
  File "/Users/annayuen/Desktop/IECC/industrial_decarb/LCOH_EU_workflow/.venv/lib/python3.13/site-packages/pandas/core/generic.py", line 5547, in _reindex_with_indexers
    new_data = new_data.reindex_indexer(
        index,
    ...<3 lines>...
        allow_dups=allow_dups,
    )
  File "/Users/annayuen/Desktop/IECC/industrial_decarb/LCOH_EU_workflow/.venv/lib/python3.13/site-packages/pandas/core/internals/managers.py", line 866, in reindex_indexer
    blk.take_nd(
    ~~~~~~~~~~~^
        indexer,
        ^^^^^^^^
    ...<3 lines>...
        ),
        ^^
    )
    ^
  File "/Users/annayuen/Desktop/IECC/industrial_decarb/LCOH_EU_workflow/.venv/lib/python3.13/site-packages/pandas/core/internals/blocks.py", line 1015, in take_nd
    new_values = algos.take_nd(
        values, indexer, axis=axis, allow_fill=allow_fill, fill_value=fill_value
    )
  File "/Users/annayuen/Desktop/IECC/industrial_decarb/LCOH_EU_workflow/.venv/lib/python3.13/site-packages/pandas/core/array_algos/take.py", line 112, in take_nd
    return arr.take(indexer, fill_value=fill_value, allow_fill=allow_fill)
           ~~~~~~~~^^^^^^^^^^^^^^^^^^^^^^^^^^^^^^^^^^^^^^^^^^^^^^^^^^^^^^^
  File "/Users/annayuen/Desktop/IECC/industrial_decarb/LCOH_EU_workflow/.venv/lib/python3.13/site-packages/pandas/core/arrays/numpy_.py", line 382, in take
    result = super().take(
        indices, allow_fill=allow_fill, fill_value=fill_value, axis=axis
    )
  File "/Users/annayuen/Desktop/IECC/industrial_decarb/LCOH_EU_workflow/.venv/lib/python3.13/site-packages/pandas/core/arrays/_mixins.py", line 170, in take
    fill_value = self._validate_scalar(fill_value)
  File "/Users/annayuen/Desktop/IECC/industrial_decarb/LCOH_EU_workflow/.venv/lib/python3.13/site-packages/pandas/core/arrays/string_.py", line 750, in _validate_scalar
    raise TypeError(
    ...<2 lines>...
    )
TypeError: Invalid value '0' for dtype 'str'. Value should be a string or missing value, got 'int' instead.
2026-06-01 16:50:07,963 ERROR [IT.CAED/280691001.FACILITY] unexpected error: Invalid value '0' for dtype 'str'. Value should be a string or missing value, got 'int' instead.
Traceback (most recent call last):
  File "/Users/annayuen/Desktop/IECC/industrial_decarb/LCOH_EU_workflow/off_grid_electricity_run/scripts/pull_pvgis_115.py", line 133, in fetch_one
    df = df.reindex(full_range, fill_value=0)[["P_kWperkWp"]]
         ~~~~~~~~~~^^^^^^^^^^^^^^^^^^^^^^^^^^
  File "/Users/annayuen/Desktop/IECC/industrial_decarb/LCOH_EU_workflow/.venv/lib/python3.13/site-packages/pandas/core/frame.py", line 6090, in reindex
    return super().reindex(
           ~~~~~~~~~~~~~~~^
        labels=labels,
        ^^^^^^^^^^^^^^
    ...<8 lines>...
        copy=copy,
        ^^^^^^^^^^
    )
    ^
  File "/Users/annayuen/Desktop/IECC/industrial_decarb/LCOH_EU_workflow/.venv/lib/python3.13/site-packages/pandas/core/generic.py", line 5476, in reindex
    return self._reindex_axes(
           ~~~~~~~~~~~~~~~~~~^
        axes, level, limit, tolerance, method, fill_value
        ^^^^^^^^^^^^^^^^^^^^^^^^^^^^^^^^^^^^^^^^^^^^^^^^^
    ).__finalize__(self, method="reindex")
    ^
  File "/Users/annayuen/Desktop/IECC/industrial_decarb/LCOH_EU_workflow/.venv/lib/python3.13/site-packages/pandas/core/generic.py", line 5503, in _reindex_axes
    obj = obj._reindex_with_indexers(
        {axis: [new_index, indexer]},
        fill_value=fill_value,
        allow_dups=False,
    )
  File "/Users/annayuen/Desktop/IECC/industrial_decarb/LCOH_EU_workflow/.venv/lib/python3.13/site-packages/pandas/core/generic.py", line 5547, in _reindex_with_indexers
    new_data = new_data.reindex_indexer(
        index,
    ...<3 lines>...
        allow_dups=allow_dups,
    )
  File "/Users/annayuen/Desktop/IECC/industrial_decarb/LCOH_EU_workflow/.venv/lib/python3.13/site-packages/pandas/core/internals/managers.py", line 866, in reindex_indexer
    blk.take_nd(
    ~~~~~~~~~~~^
        indexer,
        ^^^^^^^^
    ...<3 lines>...
        ),
        ^^
    )
    ^
  File "/Users/annayuen/Desktop/IECC/industrial_decarb/LCOH_EU_workflow/.venv/lib/python3.13/site-packages/pandas/core/internals/blocks.py", line 1015, in take_nd
    new_values = algos.take_nd(
        values, indexer, axis=axis, allow_fill=allow_fill, fill_value=fill_value
    )
  File "/Users/annayuen/Desktop/IECC/industrial_decarb/LCOH_EU_workflow/.venv/lib/python3.13/site-packages/pandas/core/array_algos/take.py", line 112, in take_nd
    return arr.take(indexer, fill_value=fill_value, allow_fill=allow_fill)
           ~~~~~~~~^^^^^^^^^^^^^^^^^^^^^^^^^^^^^^^^^^^^^^^^^^^^^^^^^^^^^^^
  File "/Users/annayuen/Desktop/IECC/industrial_decarb/LCOH_EU_workflow/.venv/lib/python3.13/site-packages/pandas/core/arrays/numpy_.py", line 382, in take
    result = super().take(
        indices, allow_fill=allow_fill, fill_value=fill_value, axis=axis
    )
  File "/Users/annayuen/Desktop/IECC/industrial_decarb/LCOH_EU_workflow/.venv/lib/python3.13/site-packages/pandas/core/arrays/_mixins.py", line 170, in take
    fill_value = self._validate_scalar(fill_value)
  File "/Users/annayuen/Desktop/IECC/industrial_decarb/LCOH_EU_workflow/.venv/lib/python3.13/site-packages/pandas/core/arrays/string_.py", line 750, in _validate_scalar
    raise TypeError(
    ...<2 lines>...
    )
TypeError: Invalid value '0' for dtype 'str'. Value should be a string or missing value, got 'int' instead.
2026-06-01 16:50:07,965 INFO [FR.CAED/7646.FACILITY] start  lat=43.4483 lon=4.9311  active=10
2026-06-01 16:50:07,965 INFO [34/115] FAIL  FR.CAED/7656.FACILITY  ETA 0:00:20.673873
2026-06-01 16:50:07,966 INFO [FR.CAED/6155.FACILITY] start  lat=48.3367 lon=6.6565  active=10
2026-06-01 16:50:07,967 INFO [35/115] FAIL  IT.CAED/280691001.FACILITY  ETA 0:00:19.838800
2026-06-01 16:50:08,052 ERROR [FR.CAED/788.FACILITY] unexpected error: Invalid value '0' for dtype 'str'. Value should be a string or missing value, got 'int' instead.
Traceback (most recent call last):
  File "/Users/annayuen/Desktop/IECC/industrial_decarb/LCOH_EU_workflow/off_grid_electricity_run/scripts/pull_pvgis_115.py", line 133, in fetch_one
    df = df.reindex(full_range, fill_value=0)[["P_kWperkWp"]]
         ~~~~~~~~~~^^^^^^^^^^^^^^^^^^^^^^^^^^
  File "/Users/annayuen/Desktop/IECC/industrial_decarb/LCOH_EU_workflow/.venv/lib/python3.13/site-packages/pandas/core/frame.py", line 6090, in reindex
    return super().reindex(
           ~~~~~~~~~~~~~~~^
        labels=labels,
        ^^^^^^^^^^^^^^
    ...<8 lines>...
        copy=copy,
        ^^^^^^^^^^
    )
    ^
  File "/Users/annayuen/Desktop/IECC/industrial_decarb/LCOH_EU_workflow/.venv/lib/python3.13/site-packages/pandas/core/generic.py", line 5476, in reindex
    return self._reindex_axes(
           ~~~~~~~~~~~~~~~~~~^
        axes, level, limit, tolerance, method, fill_value
        ^^^^^^^^^^^^^^^^^^^^^^^^^^^^^^^^^^^^^^^^^^^^^^^^^
    ).__finalize__(self, method="reindex")
    ^
  File "/Users/annayuen/Desktop/IECC/industrial_decarb/LCOH_EU_workflow/.venv/lib/python3.13/site-packages/pandas/core/generic.py", line 5503, in _reindex_axes
    obj = obj._reindex_with_indexers(
        {axis: [new_index, indexer]},
        fill_value=fill_value,
        allow_dups=False,
    )
  File "/Users/annayuen/Desktop/IECC/industrial_decarb/LCOH_EU_workflow/.venv/lib/python3.13/site-packages/pandas/core/generic.py", line 5547, in _reindex_with_indexers
    new_data = new_data.reindex_indexer(
        index,
    ...<3 lines>...
        allow_dups=allow_dups,
    )
  File "/Users/annayuen/Desktop/IECC/industrial_decarb/LCOH_EU_workflow/.venv/lib/python3.13/site-packages/pandas/core/internals/managers.py", line 866, in reindex_indexer
    blk.take_nd(
    ~~~~~~~~~~~^
        indexer,
        ^^^^^^^^
    ...<3 lines>...
        ),
        ^^
    )
    ^
  File "/Users/annayuen/Desktop/IECC/industrial_decarb/LCOH_EU_workflow/.venv/lib/python3.13/site-packages/pandas/core/internals/blocks.py", line 1015, in take_nd
    new_values = algos.take_nd(
        values, indexer, axis=axis, allow_fill=allow_fill, fill_value=fill_value
    )
  File "/Users/annayuen/Desktop/IECC/industrial_decarb/LCOH_EU_workflow/.venv/lib/python3.13/site-packages/pandas/core/array_algos/take.py", line 112, in take_nd
    return arr.take(indexer, fill_value=fill_value, allow_fill=allow_fill)
           ~~~~~~~~^^^^^^^^^^^^^^^^^^^^^^^^^^^^^^^^^^^^^^^^^^^^^^^^^^^^^^^
  File "/Users/annayuen/Desktop/IECC/industrial_decarb/LCOH_EU_workflow/.venv/lib/python3.13/site-packages/pandas/core/arrays/numpy_.py", line 382, in take
    result = super().take(
        indices, allow_fill=allow_fill, fill_value=fill_value, axis=axis
    )
  File "/Users/annayuen/Desktop/IECC/industrial_decarb/LCOH_EU_workflow/.venv/lib/python3.13/site-packages/pandas/core/arrays/_mixins.py", line 170, in take
    fill_value = self._validate_scalar(fill_value)
  File "/Users/annayuen/Desktop/IECC/industrial_decarb/LCOH_EU_workflow/.venv/lib/python3.13/site-packages/pandas/core/arrays/string_.py", line 750, in _validate_scalar
    raise TypeError(
    ...<2 lines>...
    )
TypeError: Invalid value '0' for dtype 'str'. Value should be a string or missing value, got 'int' instead.
2026-06-01 16:50:08,072 INFO [FR.CAED/1260.FACILITY] start  lat=43.4147 lon=-0.6129  active=10
2026-06-01 16:50:08,072 INFO [36/115] FAIL  FR.CAED/788.FACILITY  ETA 0:00:19.276790
2026-06-01 16:50:08,077 ERROR [PL.MŚ/000000197.FACILITY] unexpected error: Invalid value '0' for dtype 'str'. Value should be a string or missing value, got 'int' instead.
Traceback (most recent call last):
  File "/Users/annayuen/Desktop/IECC/industrial_decarb/LCOH_EU_workflow/off_grid_electricity_run/scripts/pull_pvgis_115.py", line 133, in fetch_one
    df = df.reindex(full_range, fill_value=0)[["P_kWperkWp"]]
         ~~~~~~~~~~^^^^^^^^^^^^^^^^^^^^^^^^^^
  File "/Users/annayuen/Desktop/IECC/industrial_decarb/LCOH_EU_workflow/.venv/lib/python3.13/site-packages/pandas/core/frame.py", line 6090, in reindex
    return super().reindex(
           ~~~~~~~~~~~~~~~^
        labels=labels,
        ^^^^^^^^^^^^^^
    ...<8 lines>...
        copy=copy,
        ^^^^^^^^^^
    )
    ^
  File "/Users/annayuen/Desktop/IECC/industrial_decarb/LCOH_EU_workflow/.venv/lib/python3.13/site-packages/pandas/core/generic.py", line 5476, in reindex
    return self._reindex_axes(
           ~~~~~~~~~~~~~~~~~~^
        axes, level, limit, tolerance, method, fill_value
        ^^^^^^^^^^^^^^^^^^^^^^^^^^^^^^^^^^^^^^^^^^^^^^^^^
    ).__finalize__(self, method="reindex")
    ^
  File "/Users/annayuen/Desktop/IECC/industrial_decarb/LCOH_EU_workflow/.venv/lib/python3.13/site-packages/pandas/core/generic.py", line 5503, in _reindex_axes
    obj = obj._reindex_with_indexers(
        {axis: [new_index, indexer]},
        fill_value=fill_value,
        allow_dups=False,
    )
  File "/Users/annayuen/Desktop/IECC/industrial_decarb/LCOH_EU_workflow/.venv/lib/python3.13/site-packages/pandas/core/generic.py", line 5547, in _reindex_with_indexers
    new_data = new_data.reindex_indexer(
        index,
    ...<3 lines>...
        allow_dups=allow_dups,
    )
  File "/Users/annayuen/Desktop/IECC/industrial_decarb/LCOH_EU_workflow/.venv/lib/python3.13/site-packages/pandas/core/internals/managers.py", line 866, in reindex_indexer
    blk.take_nd(
    ~~~~~~~~~~~^
        indexer,
        ^^^^^^^^
    ...<3 lines>...
        ),
        ^^
    )
    ^
  File "/Users/annayuen/Desktop/IECC/industrial_decarb/LCOH_EU_workflow/.venv/lib/python3.13/site-packages/pandas/core/internals/blocks.py", line 1015, in take_nd
    new_values = algos.take_nd(
        values, indexer, axis=axis, allow_fill=allow_fill, fill_value=fill_value
    )
  File "/Users/annayuen/Desktop/IECC/industrial_decarb/LCOH_EU_workflow/.venv/lib/python3.13/site-packages/pandas/core/array_algos/take.py", line 112, in take_nd
    return arr.take(indexer, fill_value=fill_value, allow_fill=allow_fill)
           ~~~~~~~~^^^^^^^^^^^^^^^^^^^^^^^^^^^^^^^^^^^^^^^^^^^^^^^^^^^^^^^
  File "/Users/annayuen/Desktop/IECC/industrial_decarb/LCOH_EU_workflow/.venv/lib/python3.13/site-packages/pandas/core/arrays/numpy_.py", line 382, in take
    result = super().take(
        indices, allow_fill=allow_fill, fill_value=fill_value, axis=axis
    )
  File "/Users/annayuen/Desktop/IECC/industrial_decarb/LCOH_EU_workflow/.venv/lib/python3.13/site-packages/pandas/core/arrays/_mixins.py", line 170, in take
    fill_value = self._validate_scalar(fill_value)
  File "/Users/annayuen/Desktop/IECC/industrial_decarb/LCOH_EU_workflow/.venv/lib/python3.13/site-packages/pandas/core/arrays/string_.py", line 750, in _validate_scalar
    raise TypeError(
    ...<2 lines>...
    )
TypeError: Invalid value '0' for dtype 'str'. Value should be a string or missing value, got 'int' instead.
2026-06-01 16:50:08,079 INFO [FR.CAED/791.FACILITY] start  lat=43.9470 lon=-1.2987  active=10
2026-06-01 16:50:08,079 INFO [37/115] FAIL  PL.MŚ/000000197.FACILITY  ETA 0:00:18.534750
2026-06-01 16:50:08,205 ERROR [FR.CAED/9517.FACILITY] unexpected error: Invalid value '0' for dtype 'str'. Value should be a string or missing value, got 'int' instead.
Traceback (most recent call last):
  File "/Users/annayuen/Desktop/IECC/industrial_decarb/LCOH_EU_workflow/off_grid_electricity_run/scripts/pull_pvgis_115.py", line 133, in fetch_one
    df = df.reindex(full_range, fill_value=0)[["P_kWperkWp"]]
         ~~~~~~~~~~^^^^^^^^^^^^^^^^^^^^^^^^^^
  File "/Users/annayuen/Desktop/IECC/industrial_decarb/LCOH_EU_workflow/.venv/lib/python3.13/site-packages/pandas/core/frame.py", line 6090, in reindex
    return super().reindex(
           ~~~~~~~~~~~~~~~^
        labels=labels,
        ^^^^^^^^^^^^^^
    ...<8 lines>...
        copy=copy,
        ^^^^^^^^^^
    )
    ^
  File "/Users/annayuen/Desktop/IECC/industrial_decarb/LCOH_EU_workflow/.venv/lib/python3.13/site-packages/pandas/core/generic.py", line 5476, in reindex
    return self._reindex_axes(
           ~~~~~~~~~~~~~~~~~~^
        axes, level, limit, tolerance, method, fill_value
        ^^^^^^^^^^^^^^^^^^^^^^^^^^^^^^^^^^^^^^^^^^^^^^^^^
    ).__finalize__(self, method="reindex")
    ^
  File "/Users/annayuen/Desktop/IECC/industrial_decarb/LCOH_EU_workflow/.venv/lib/python3.13/site-packages/pandas/core/generic.py", line 5503, in _reindex_axes
    obj = obj._reindex_with_indexers(
        {axis: [new_index, indexer]},
        fill_value=fill_value,
        allow_dups=False,
    )
  File "/Users/annayuen/Desktop/IECC/industrial_decarb/LCOH_EU_workflow/.venv/lib/python3.13/site-packages/pandas/core/generic.py", line 5547, in _reindex_with_indexers
    new_data = new_data.reindex_indexer(
        index,
    ...<3 lines>...
        allow_dups=allow_dups,
    )
  File "/Users/annayuen/Desktop/IECC/industrial_decarb/LCOH_EU_workflow/.venv/lib/python3.13/site-packages/pandas/core/internals/managers.py", line 866, in reindex_indexer
    blk.take_nd(
    ~~~~~~~~~~~^
        indexer,
        ^^^^^^^^
    ...<3 lines>...
        ),
        ^^
    )
    ^
  File "/Users/annayuen/Desktop/IECC/industrial_decarb/LCOH_EU_workflow/.venv/lib/python3.13/site-packages/pandas/core/internals/blocks.py", line 1015, in take_nd
    new_values = algos.take_nd(
        values, indexer, axis=axis, allow_fill=allow_fill, fill_value=fill_value
    )
  File "/Users/annayuen/Desktop/IECC/industrial_decarb/LCOH_EU_workflow/.venv/lib/python3.13/site-packages/pandas/core/array_algos/take.py", line 112, in take_nd
    return arr.take(indexer, fill_value=fill_value, allow_fill=allow_fill)
           ~~~~~~~~^^^^^^^^^^^^^^^^^^^^^^^^^^^^^^^^^^^^^^^^^^^^^^^^^^^^^^^
  File "/Users/annayuen/Desktop/IECC/industrial_decarb/LCOH_EU_workflow/.venv/lib/python3.13/site-packages/pandas/core/arrays/numpy_.py", line 382, in take
    result = super().take(
        indices, allow_fill=allow_fill, fill_value=fill_value, axis=axis
    )
  File "/Users/annayuen/Desktop/IECC/industrial_decarb/LCOH_EU_workflow/.venv/lib/python3.13/site-packages/pandas/core/arrays/_mixins.py", line 170, in take
    fill_value = self._validate_scalar(fill_value)
  File "/Users/annayuen/Desktop/IECC/industrial_decarb/LCOH_EU_workflow/.venv/lib/python3.13/site-packages/pandas/core/arrays/string_.py", line 750, in _validate_scalar
    raise TypeError(
    ...<2 lines>...
    )
TypeError: Invalid value '0' for dtype 'str'. Value should be a string or missing value, got 'int' instead.
2026-06-01 16:50:08,209 INFO [PL.MŚ/000000136.FACILITY] start  lat=50.9482 lon=21.4451  active=10
2026-06-01 16:50:08,210 INFO [38/115] FAIL  FR.CAED/9517.FACILITY  ETA 0:00:18.080216
2026-06-01 16:50:08,219 ERROR [ES.CAED/000704000.FACILITY] unexpected error: Invalid value '0' for dtype 'str'. Value should be a string or missing value, got 'int' instead.
Traceback (most recent call last):
  File "/Users/annayuen/Desktop/IECC/industrial_decarb/LCOH_EU_workflow/off_grid_electricity_run/scripts/pull_pvgis_115.py", line 133, in fetch_one
    df = df.reindex(full_range, fill_value=0)[["P_kWperkWp"]]
         ~~~~~~~~~~^^^^^^^^^^^^^^^^^^^^^^^^^^
  File "/Users/annayuen/Desktop/IECC/industrial_decarb/LCOH_EU_workflow/.venv/lib/python3.13/site-packages/pandas/core/frame.py", line 6090, in reindex
    return super().reindex(
           ~~~~~~~~~~~~~~~^
        labels=labels,
        ^^^^^^^^^^^^^^
    ...<8 lines>...
        copy=copy,
        ^^^^^^^^^^
    )
    ^
  File "/Users/annayuen/Desktop/IECC/industrial_decarb/LCOH_EU_workflow/.venv/lib/python3.13/site-packages/pandas/core/generic.py", line 5476, in reindex
    return self._reindex_axes(
           ~~~~~~~~~~~~~~~~~~^
        axes, level, limit, tolerance, method, fill_value
        ^^^^^^^^^^^^^^^^^^^^^^^^^^^^^^^^^^^^^^^^^^^^^^^^^
    ).__finalize__(self, method="reindex")
    ^
  File "/Users/annayuen/Desktop/IECC/industrial_decarb/LCOH_EU_workflow/.venv/lib/python3.13/site-packages/pandas/core/generic.py", line 5503, in _reindex_axes
    obj = obj._reindex_with_indexers(
        {axis: [new_index, indexer]},
        fill_value=fill_value,
        allow_dups=False,
    )
  File "/Users/annayuen/Desktop/IECC/industrial_decarb/LCOH_EU_workflow/.venv/lib/python3.13/site-packages/pandas/core/generic.py", line 5547, in _reindex_with_indexers
    new_data = new_data.reindex_indexer(
        index,
    ...<3 lines>...
        allow_dups=allow_dups,
    )
  File "/Users/annayuen/Desktop/IECC/industrial_decarb/LCOH_EU_workflow/.venv/lib/python3.13/site-packages/pandas/core/internals/managers.py", line 866, in reindex_indexer
    blk.take_nd(
    ~~~~~~~~~~~^
        indexer,
        ^^^^^^^^
    ...<3 lines>...
        ),
        ^^
    )
    ^
  File "/Users/annayuen/Desktop/IECC/industrial_decarb/LCOH_EU_workflow/.venv/lib/python3.13/site-packages/pandas/core/internals/blocks.py", line 1015, in take_nd
    new_values = algos.take_nd(
        values, indexer, axis=axis, allow_fill=allow_fill, fill_value=fill_value
    )
  File "/Users/annayuen/Desktop/IECC/industrial_decarb/LCOH_EU_workflow/.venv/lib/python3.13/site-packages/pandas/core/array_algos/take.py", line 112, in take_nd
    return arr.take(indexer, fill_value=fill_value, allow_fill=allow_fill)
           ~~~~~~~~^^^^^^^^^^^^^^^^^^^^^^^^^^^^^^^^^^^^^^^^^^^^^^^^^^^^^^^
  File "/Users/annayuen/Desktop/IECC/industrial_decarb/LCOH_EU_workflow/.venv/lib/python3.13/site-packages/pandas/core/arrays/numpy_.py", line 382, in take
    result = super().take(
        indices, allow_fill=allow_fill, fill_value=fill_value, axis=axis
    )
  File "/Users/annayuen/Desktop/IECC/industrial_decarb/LCOH_EU_workflow/.venv/lib/python3.13/site-packages/pandas/core/arrays/_mixins.py", line 170, in take
    fill_value = self._validate_scalar(fill_value)
  File "/Users/annayuen/Desktop/IECC/industrial_decarb/LCOH_EU_workflow/.venv/lib/python3.13/site-packages/pandas/core/arrays/string_.py", line 750, in _validate_scalar
    raise TypeError(
    ...<2 lines>...
    )
TypeError: Invalid value '0' for dtype 'str'. Value should be a string or missing value, got 'int' instead.
2026-06-01 16:50:08,219 ERROR [PL.MŚ/000000068.FACILITY] unexpected error: Invalid value '0' for dtype 'str'. Value should be a string or missing value, got 'int' instead.
Traceback (most recent call last):
  File "/Users/annayuen/Desktop/IECC/industrial_decarb/LCOH_EU_workflow/off_grid_electricity_run/scripts/pull_pvgis_115.py", line 133, in fetch_one
    df = df.reindex(full_range, fill_value=0)[["P_kWperkWp"]]
         ~~~~~~~~~~^^^^^^^^^^^^^^^^^^^^^^^^^^
  File "/Users/annayuen/Desktop/IECC/industrial_decarb/LCOH_EU_workflow/.venv/lib/python3.13/site-packages/pandas/core/frame.py", line 6090, in reindex
    return super().reindex(
           ~~~~~~~~~~~~~~~^
        labels=labels,
        ^^^^^^^^^^^^^^
    ...<8 lines>...
        copy=copy,
        ^^^^^^^^^^
    )
    ^
  File "/Users/annayuen/Desktop/IECC/industrial_decarb/LCOH_EU_workflow/.venv/lib/python3.13/site-packages/pandas/core/generic.py", line 5476, in reindex
    return self._reindex_axes(
           ~~~~~~~~~~~~~~~~~~^
        axes, level, limit, tolerance, method, fill_value
        ^^^^^^^^^^^^^^^^^^^^^^^^^^^^^^^^^^^^^^^^^^^^^^^^^
    ).__finalize__(self, method="reindex")
    ^
  File "/Users/annayuen/Desktop/IECC/industrial_decarb/LCOH_EU_workflow/.venv/lib/python3.13/site-packages/pandas/core/generic.py", line 5503, in _reindex_axes
    obj = obj._reindex_with_indexers(
        {axis: [new_index, indexer]},
        fill_value=fill_value,
        allow_dups=False,
    )
  File "/Users/annayuen/Desktop/IECC/industrial_decarb/LCOH_EU_workflow/.venv/lib/python3.13/site-packages/pandas/core/generic.py", line 5547, in _reindex_with_indexers
    new_data = new_data.reindex_indexer(
        index,
    ...<3 lines>...
        allow_dups=allow_dups,
    )
  File "/Users/annayuen/Desktop/IECC/industrial_decarb/LCOH_EU_workflow/.venv/lib/python3.13/site-packages/pandas/core/internals/managers.py", line 866, in reindex_indexer
    blk.take_nd(
    ~~~~~~~~~~~^
        indexer,
        ^^^^^^^^
    ...<3 lines>...
        ),
        ^^
    )
    ^
  File "/Users/annayuen/Desktop/IECC/industrial_decarb/LCOH_EU_workflow/.venv/lib/python3.13/site-packages/pandas/core/internals/blocks.py", line 1015, in take_nd
    new_values = algos.take_nd(
        values, indexer, axis=axis, allow_fill=allow_fill, fill_value=fill_value
    )
  File "/Users/annayuen/Desktop/IECC/industrial_decarb/LCOH_EU_workflow/.venv/lib/python3.13/site-packages/pandas/core/array_algos/take.py", line 112, in take_nd
    return arr.take(indexer, fill_value=fill_value, allow_fill=allow_fill)
           ~~~~~~~~^^^^^^^^^^^^^^^^^^^^^^^^^^^^^^^^^^^^^^^^^^^^^^^^^^^^^^^
  File "/Users/annayuen/Desktop/IECC/industrial_decarb/LCOH_EU_workflow/.venv/lib/python3.13/site-packages/pandas/core/arrays/numpy_.py", line 382, in take
    result = super().take(
        indices, allow_fill=allow_fill, fill_value=fill_value, axis=axis
    )
  File "/Users/annayuen/Desktop/IECC/industrial_decarb/LCOH_EU_workflow/.venv/lib/python3.13/site-packages/pandas/core/arrays/_mixins.py", line 170, in take
    fill_value = self._validate_scalar(fill_value)
  File "/Users/annayuen/Desktop/IECC/industrial_decarb/LCOH_EU_workflow/.venv/lib/python3.13/site-packages/pandas/core/arrays/string_.py", line 750, in _validate_scalar
    raise TypeError(
    ...<2 lines>...
    )
TypeError: Invalid value '0' for dtype 'str'. Value should be a string or missing value, got 'int' instead.
2026-06-01 16:50:08,222 INFO [ES.CAED/003378000.FACILITY] start  lat=43.5411 lon=-6.7211  active=10
2026-06-01 16:50:08,222 INFO [39/115] FAIL  ES.CAED/000704000.FACILITY  ETA 0:00:17.410840
2026-06-01 16:50:08,224 INFO [FR.CAED/7588.FACILITY] start  lat=43.7932 lon=4.6620  active=10
2026-06-01 16:50:08,224 INFO [40/115] FAIL  PL.MŚ/000000068.FACILITY  ETA 0:00:16.756650
2026-06-01 16:50:09,345 ERROR [PL.MŚ/000000278.FACILITY] unexpected error: Invalid value '0' for dtype 'str'. Value should be a string or missing value, got 'int' instead.
Traceback (most recent call last):
  File "/Users/annayuen/Desktop/IECC/industrial_decarb/LCOH_EU_workflow/off_grid_electricity_run/scripts/pull_pvgis_115.py", line 133, in fetch_one
    df = df.reindex(full_range, fill_value=0)[["P_kWperkWp"]]
         ~~~~~~~~~~^^^^^^^^^^^^^^^^^^^^^^^^^^
  File "/Users/annayuen/Desktop/IECC/industrial_decarb/LCOH_EU_workflow/.venv/lib/python3.13/site-packages/pandas/core/frame.py", line 6090, in reindex
    return super().reindex(
           ~~~~~~~~~~~~~~~^
        labels=labels,
        ^^^^^^^^^^^^^^
    ...<8 lines>...
        copy=copy,
        ^^^^^^^^^^
    )
    ^
  File "/Users/annayuen/Desktop/IECC/industrial_decarb/LCOH_EU_workflow/.venv/lib/python3.13/site-packages/pandas/core/generic.py", line 5476, in reindex
    return self._reindex_axes(
           ~~~~~~~~~~~~~~~~~~^
        axes, level, limit, tolerance, method, fill_value
        ^^^^^^^^^^^^^^^^^^^^^^^^^^^^^^^^^^^^^^^^^^^^^^^^^
    ).__finalize__(self, method="reindex")
    ^
  File "/Users/annayuen/Desktop/IECC/industrial_decarb/LCOH_EU_workflow/.venv/lib/python3.13/site-packages/pandas/core/generic.py", line 5503, in _reindex_axes
    obj = obj._reindex_with_indexers(
        {axis: [new_index, indexer]},
        fill_value=fill_value,
        allow_dups=False,
    )
  File "/Users/annayuen/Desktop/IECC/industrial_decarb/LCOH_EU_workflow/.venv/lib/python3.13/site-packages/pandas/core/generic.py", line 5547, in _reindex_with_indexers
    new_data = new_data.reindex_indexer(
        index,
    ...<3 lines>...
        allow_dups=allow_dups,
    )
  File "/Users/annayuen/Desktop/IECC/industrial_decarb/LCOH_EU_workflow/.venv/lib/python3.13/site-packages/pandas/core/internals/managers.py", line 866, in reindex_indexer
    blk.take_nd(
    ~~~~~~~~~~~^
        indexer,
        ^^^^^^^^
    ...<3 lines>...
        ),
        ^^
    )
    ^
  File "/Users/annayuen/Desktop/IECC/industrial_decarb/LCOH_EU_workflow/.venv/lib/python3.13/site-packages/pandas/core/internals/blocks.py", line 1015, in take_nd
    new_values = algos.take_nd(
        values, indexer, axis=axis, allow_fill=allow_fill, fill_value=fill_value
    )
  File "/Users/annayuen/Desktop/IECC/industrial_decarb/LCOH_EU_workflow/.venv/lib/python3.13/site-packages/pandas/core/array_algos/take.py", line 112, in take_nd
    return arr.take(indexer, fill_value=fill_value, allow_fill=allow_fill)
           ~~~~~~~~^^^^^^^^^^^^^^^^^^^^^^^^^^^^^^^^^^^^^^^^^^^^^^^^^^^^^^^
  File "/Users/annayuen/Desktop/IECC/industrial_decarb/LCOH_EU_workflow/.venv/lib/python3.13/site-packages/pandas/core/arrays/numpy_.py", line 382, in take
    result = super().take(
        indices, allow_fill=allow_fill, fill_value=fill_value, axis=axis
    )
  File "/Users/annayuen/Desktop/IECC/industrial_decarb/LCOH_EU_workflow/.venv/lib/python3.13/site-packages/pandas/core/arrays/_mixins.py", line 170, in take
    fill_value = self._validate_scalar(fill_value)
  File "/Users/annayuen/Desktop/IECC/industrial_decarb/LCOH_EU_workflow/.venv/lib/python3.13/site-packages/pandas/core/arrays/string_.py", line 750, in _validate_scalar
    raise TypeError(
    ...<2 lines>...
    )
TypeError: Invalid value '0' for dtype 'str'. Value should be a string or missing value, got 'int' instead.
2026-06-01 16:50:09,347 INFO [EE.KAUR.TTR/88.FACILITY] start  lat=59.3406 lon=25.3402  active=10
2026-06-01 16:50:09,347 INFO [41/115] FAIL  PL.MŚ/000000278.FACILITY  ETA 0:00:18.157380
2026-06-01 16:50:09,562 ERROR [PL.MŚ/000000212.FACILITY] unexpected error: Invalid value '0' for dtype 'str'. Value should be a string or missing value, got 'int' instead.
Traceback (most recent call last):
  File "/Users/annayuen/Desktop/IECC/industrial_decarb/LCOH_EU_workflow/off_grid_electricity_run/scripts/pull_pvgis_115.py", line 133, in fetch_one
    df = df.reindex(full_range, fill_value=0)[["P_kWperkWp"]]
         ~~~~~~~~~~^^^^^^^^^^^^^^^^^^^^^^^^^^
  File "/Users/annayuen/Desktop/IECC/industrial_decarb/LCOH_EU_workflow/.venv/lib/python3.13/site-packages/pandas/core/frame.py", line 6090, in reindex
    return super().reindex(
           ~~~~~~~~~~~~~~~^
        labels=labels,
        ^^^^^^^^^^^^^^
    ...<8 lines>...
        copy=copy,
        ^^^^^^^^^^
    )
    ^
  File "/Users/annayuen/Desktop/IECC/industrial_decarb/LCOH_EU_workflow/.venv/lib/python3.13/site-packages/pandas/core/generic.py", line 5476, in reindex
    return self._reindex_axes(
           ~~~~~~~~~~~~~~~~~~^
        axes, level, limit, tolerance, method, fill_value
        ^^^^^^^^^^^^^^^^^^^^^^^^^^^^^^^^^^^^^^^^^^^^^^^^^
    ).__finalize__(self, method="reindex")
    ^
  File "/Users/annayuen/Desktop/IECC/industrial_decarb/LCOH_EU_workflow/.venv/lib/python3.13/site-packages/pandas/core/generic.py", line 5503, in _reindex_axes
    obj = obj._reindex_with_indexers(
        {axis: [new_index, indexer]},
        fill_value=fill_value,
        allow_dups=False,
    )
  File "/Users/annayuen/Desktop/IECC/industrial_decarb/LCOH_EU_workflow/.venv/lib/python3.13/site-packages/pandas/core/generic.py", line 5547, in _reindex_with_indexers
    new_data = new_data.reindex_indexer(
        index,
    ...<3 lines>...
        allow_dups=allow_dups,
    )
  File "/Users/annayuen/Desktop/IECC/industrial_decarb/LCOH_EU_workflow/.venv/lib/python3.13/site-packages/pandas/core/internals/managers.py", line 866, in reindex_indexer
    blk.take_nd(
    ~~~~~~~~~~~^
        indexer,
        ^^^^^^^^
    ...<3 lines>...
        ),
        ^^
    )
    ^
  File "/Users/annayuen/Desktop/IECC/industrial_decarb/LCOH_EU_workflow/.venv/lib/python3.13/site-packages/pandas/core/internals/blocks.py", line 1015, in take_nd
    new_values = algos.take_nd(
        values, indexer, axis=axis, allow_fill=allow_fill, fill_value=fill_value
    )
  File "/Users/annayuen/Desktop/IECC/industrial_decarb/LCOH_EU_workflow/.venv/lib/python3.13/site-packages/pandas/core/array_algos/take.py", line 112, in take_nd
    return arr.take(indexer, fill_value=fill_value, allow_fill=allow_fill)
           ~~~~~~~~^^^^^^^^^^^^^^^^^^^^^^^^^^^^^^^^^^^^^^^^^^^^^^^^^^^^^^^
  File "/Users/annayuen/Desktop/IECC/industrial_decarb/LCOH_EU_workflow/.venv/lib/python3.13/site-packages/pandas/core/arrays/numpy_.py", line 382, in take
    result = super().take(
        indices, allow_fill=allow_fill, fill_value=fill_value, axis=axis
    )
  File "/Users/annayuen/Desktop/IECC/industrial_decarb/LCOH_EU_workflow/.venv/lib/python3.13/site-packages/pandas/core/arrays/_mixins.py", line 170, in take
    fill_value = self._validate_scalar(fill_value)
  File "/Users/annayuen/Desktop/IECC/industrial_decarb/LCOH_EU_workflow/.venv/lib/python3.13/site-packages/pandas/core/arrays/string_.py", line 750, in _validate_scalar
    raise TypeError(
    ...<2 lines>...
    )
TypeError: Invalid value '0' for dtype 'str'. Value should be a string or missing value, got 'int' instead.
2026-06-01 16:50:09,569 ERROR [FR.CAED/7646.FACILITY] unexpected error: Invalid value '0' for dtype 'str'. Value should be a string or missing value, got 'int' instead.
Traceback (most recent call last):
  File "/Users/annayuen/Desktop/IECC/industrial_decarb/LCOH_EU_workflow/off_grid_electricity_run/scripts/pull_pvgis_115.py", line 133, in fetch_one
    df = df.reindex(full_range, fill_value=0)[["P_kWperkWp"]]
         ~~~~~~~~~~^^^^^^^^^^^^^^^^^^^^^^^^^^
  File "/Users/annayuen/Desktop/IECC/industrial_decarb/LCOH_EU_workflow/.venv/lib/python3.13/site-packages/pandas/core/frame.py", line 6090, in reindex
    return super().reindex(
           ~~~~~~~~~~~~~~~^
        labels=labels,
        ^^^^^^^^^^^^^^
    ...<8 lines>...
        copy=copy,
        ^^^^^^^^^^
    )
    ^
  File "/Users/annayuen/Desktop/IECC/industrial_decarb/LCOH_EU_workflow/.venv/lib/python3.13/site-packages/pandas/core/generic.py", line 5476, in reindex
    return self._reindex_axes(
           ~~~~~~~~~~~~~~~~~~^
        axes, level, limit, tolerance, method, fill_value
        ^^^^^^^^^^^^^^^^^^^^^^^^^^^^^^^^^^^^^^^^^^^^^^^^^
    ).__finalize__(self, method="reindex")
    ^
  File "/Users/annayuen/Desktop/IECC/industrial_decarb/LCOH_EU_workflow/.venv/lib/python3.13/site-packages/pandas/core/generic.py", line 5503, in _reindex_axes
    obj = obj._reindex_with_indexers(
        {axis: [new_index, indexer]},
        fill_value=fill_value,
        allow_dups=False,
    )
  File "/Users/annayuen/Desktop/IECC/industrial_decarb/LCOH_EU_workflow/.venv/lib/python3.13/site-packages/pandas/core/generic.py", line 5547, in _reindex_with_indexers
    new_data = new_data.reindex_indexer(
        index,
    ...<3 lines>...
        allow_dups=allow_dups,
    )
  File "/Users/annayuen/Desktop/IECC/industrial_decarb/LCOH_EU_workflow/.venv/lib/python3.13/site-packages/pandas/core/internals/managers.py", line 866, in reindex_indexer
    blk.take_nd(
    ~~~~~~~~~~~^
        indexer,
        ^^^^^^^^
    ...<3 lines>...
        ),
        ^^
    )
    ^
  File "/Users/annayuen/Desktop/IECC/industrial_decarb/LCOH_EU_workflow/.venv/lib/python3.13/site-packages/pandas/core/internals/blocks.py", line 1015, in take_nd
    new_values = algos.take_nd(
        values, indexer, axis=axis, allow_fill=allow_fill, fill_value=fill_value
    )
  File "/Users/annayuen/Desktop/IECC/industrial_decarb/LCOH_EU_workflow/.venv/lib/python3.13/site-packages/pandas/core/array_algos/take.py", line 112, in take_nd
    return arr.take(indexer, fill_value=fill_value, allow_fill=allow_fill)
           ~~~~~~~~^^^^^^^^^^^^^^^^^^^^^^^^^^^^^^^^^^^^^^^^^^^^^^^^^^^^^^^
  File "/Users/annayuen/Desktop/IECC/industrial_decarb/LCOH_EU_workflow/.venv/lib/python3.13/site-packages/pandas/core/arrays/numpy_.py", line 382, in take
    result = super().take(
        indices, allow_fill=allow_fill, fill_value=fill_value, axis=axis
    )
  File "/Users/annayuen/Desktop/IECC/industrial_decarb/LCOH_EU_workflow/.venv/lib/python3.13/site-packages/pandas/core/arrays/_mixins.py", line 170, in take
    fill_value = self._validate_scalar(fill_value)
  File "/Users/annayuen/Desktop/IECC/industrial_decarb/LCOH_EU_workflow/.venv/lib/python3.13/site-packages/pandas/core/arrays/string_.py", line 750, in _validate_scalar
    raise TypeError(
    ...<2 lines>...
    )
TypeError: Invalid value '0' for dtype 'str'. Value should be a string or missing value, got 'int' instead.
2026-06-01 16:50:09,569 ERROR [FR.CAED/11135.FACILITY] unexpected error: Invalid value '0' for dtype 'str'. Value should be a string or missing value, got 'int' instead.
Traceback (most recent call last):
  File "/Users/annayuen/Desktop/IECC/industrial_decarb/LCOH_EU_workflow/off_grid_electricity_run/scripts/pull_pvgis_115.py", line 133, in fetch_one
    df = df.reindex(full_range, fill_value=0)[["P_kWperkWp"]]
         ~~~~~~~~~~^^^^^^^^^^^^^^^^^^^^^^^^^^
  File "/Users/annayuen/Desktop/IECC/industrial_decarb/LCOH_EU_workflow/.venv/lib/python3.13/site-packages/pandas/core/frame.py", line 6090, in reindex
    return super().reindex(
           ~~~~~~~~~~~~~~~^
        labels=labels,
        ^^^^^^^^^^^^^^
    ...<8 lines>...
        copy=copy,
        ^^^^^^^^^^
    )
    ^
  File "/Users/annayuen/Desktop/IECC/industrial_decarb/LCOH_EU_workflow/.venv/lib/python3.13/site-packages/pandas/core/generic.py", line 5476, in reindex
    return self._reindex_axes(
           ~~~~~~~~~~~~~~~~~~^
        axes, level, limit, tolerance, method, fill_value
        ^^^^^^^^^^^^^^^^^^^^^^^^^^^^^^^^^^^^^^^^^^^^^^^^^
    ).__finalize__(self, method="reindex")
    ^
  File "/Users/annayuen/Desktop/IECC/industrial_decarb/LCOH_EU_workflow/.venv/lib/python3.13/site-packages/pandas/core/generic.py", line 5503, in _reindex_axes
    obj = obj._reindex_with_indexers(
        {axis: [new_index, indexer]},
        fill_value=fill_value,
        allow_dups=False,
    )
  File "/Users/annayuen/Desktop/IECC/industrial_decarb/LCOH_EU_workflow/.venv/lib/python3.13/site-packages/pandas/core/generic.py", line 5547, in _reindex_with_indexers
    new_data = new_data.reindex_indexer(
        index,
    ...<3 lines>...
        allow_dups=allow_dups,
    )
  File "/Users/annayuen/Desktop/IECC/industrial_decarb/LCOH_EU_workflow/.venv/lib/python3.13/site-packages/pandas/core/internals/managers.py", line 866, in reindex_indexer
    blk.take_nd(
    ~~~~~~~~~~~^
        indexer,
        ^^^^^^^^
    ...<3 lines>...
        ),
        ^^
    )
    ^
  File "/Users/annayuen/Desktop/IECC/industrial_decarb/LCOH_EU_workflow/.venv/lib/python3.13/site-packages/pandas/core/internals/blocks.py", line 1015, in take_nd
    new_values = algos.take_nd(
        values, indexer, axis=axis, allow_fill=allow_fill, fill_value=fill_value
    )
  File "/Users/annayuen/Desktop/IECC/industrial_decarb/LCOH_EU_workflow/.venv/lib/python3.13/site-packages/pandas/core/array_algos/take.py", line 112, in take_nd
    return arr.take(indexer, fill_value=fill_value, allow_fill=allow_fill)
           ~~~~~~~~^^^^^^^^^^^^^^^^^^^^^^^^^^^^^^^^^^^^^^^^^^^^^^^^^^^^^^^
  File "/Users/annayuen/Desktop/IECC/industrial_decarb/LCOH_EU_workflow/.venv/lib/python3.13/site-packages/pandas/core/arrays/numpy_.py", line 382, in take
    result = super().take(
        indices, allow_fill=allow_fill, fill_value=fill_value, axis=axis
    )
  File "/Users/annayuen/Desktop/IECC/industrial_decarb/LCOH_EU_workflow/.venv/lib/python3.13/site-packages/pandas/core/arrays/_mixins.py", line 170, in take
    fill_value = self._validate_scalar(fill_value)
  File "/Users/annayuen/Desktop/IECC/industrial_decarb/LCOH_EU_workflow/.venv/lib/python3.13/site-packages/pandas/core/arrays/string_.py", line 750, in _validate_scalar
    raise TypeError(
    ...<2 lines>...
    )
TypeError: Invalid value '0' for dtype 'str'. Value should be a string or missing value, got 'int' instead.
2026-06-01 16:50:09,571 INFO [FR.CAED/9964.FACILITY] start  lat=43.5583 lon=1.3986  active=10
2026-06-01 16:50:09,571 INFO [42/115] FAIL  PL.MŚ/000000212.FACILITY  ETA 0:00:17.874123
2026-06-01 16:50:09,573 INFO [FR.CAED/10011.FACILITY] start  lat=43.0999 lon=0.7218  active=10
2026-06-01 16:50:09,574 INFO [IT.CAED/330282002.FACILITY] start  lat=46.3939 lon=13.0169  active=10
2026-06-01 16:50:09,574 INFO [43/115] FAIL  FR.CAED/7646.FACILITY  ETA 0:00:17.224704
2026-06-01 16:50:09,575 INFO [44/115] FAIL  FR.CAED/11135.FACILITY  ETA 0:00:16.601362
2026-06-01 16:50:09,890 ERROR [FR.CAED/6155.FACILITY] unexpected error: Invalid value '0' for dtype 'str'. Value should be a string or missing value, got 'int' instead.
Traceback (most recent call last):
  File "/Users/annayuen/Desktop/IECC/industrial_decarb/LCOH_EU_workflow/off_grid_electricity_run/scripts/pull_pvgis_115.py", line 133, in fetch_one
    df = df.reindex(full_range, fill_value=0)[["P_kWperkWp"]]
         ~~~~~~~~~~^^^^^^^^^^^^^^^^^^^^^^^^^^
  File "/Users/annayuen/Desktop/IECC/industrial_decarb/LCOH_EU_workflow/.venv/lib/python3.13/site-packages/pandas/core/frame.py", line 6090, in reindex
    return super().reindex(
           ~~~~~~~~~~~~~~~^
        labels=labels,
        ^^^^^^^^^^^^^^
    ...<8 lines>...
        copy=copy,
        ^^^^^^^^^^
    )
    ^
  File "/Users/annayuen/Desktop/IECC/industrial_decarb/LCOH_EU_workflow/.venv/lib/python3.13/site-packages/pandas/core/generic.py", line 5476, in reindex
    return self._reindex_axes(
           ~~~~~~~~~~~~~~~~~~^
        axes, level, limit, tolerance, method, fill_value
        ^^^^^^^^^^^^^^^^^^^^^^^^^^^^^^^^^^^^^^^^^^^^^^^^^
    ).__finalize__(self, method="reindex")
    ^
  File "/Users/annayuen/Desktop/IECC/industrial_decarb/LCOH_EU_workflow/.venv/lib/python3.13/site-packages/pandas/core/generic.py", line 5503, in _reindex_axes
    obj = obj._reindex_with_indexers(
        {axis: [new_index, indexer]},
        fill_value=fill_value,
        allow_dups=False,
    )
  File "/Users/annayuen/Desktop/IECC/industrial_decarb/LCOH_EU_workflow/.venv/lib/python3.13/site-packages/pandas/core/generic.py", line 5547, in _reindex_with_indexers
    new_data = new_data.reindex_indexer(
        index,
    ...<3 lines>...
        allow_dups=allow_dups,
    )
  File "/Users/annayuen/Desktop/IECC/industrial_decarb/LCOH_EU_workflow/.venv/lib/python3.13/site-packages/pandas/core/internals/managers.py", line 866, in reindex_indexer
    blk.take_nd(
    ~~~~~~~~~~~^
        indexer,
        ^^^^^^^^
    ...<3 lines>...
        ),
        ^^
    )
    ^
  File "/Users/annayuen/Desktop/IECC/industrial_decarb/LCOH_EU_workflow/.venv/lib/python3.13/site-packages/pandas/core/internals/blocks.py", line 1015, in take_nd
    new_values = algos.take_nd(
        values, indexer, axis=axis, allow_fill=allow_fill, fill_value=fill_value
    )
  File "/Users/annayuen/Desktop/IECC/industrial_decarb/LCOH_EU_workflow/.venv/lib/python3.13/site-packages/pandas/core/array_algos/take.py", line 112, in take_nd
    return arr.take(indexer, fill_value=fill_value, allow_fill=allow_fill)
           ~~~~~~~~^^^^^^^^^^^^^^^^^^^^^^^^^^^^^^^^^^^^^^^^^^^^^^^^^^^^^^^
  File "/Users/annayuen/Desktop/IECC/industrial_decarb/LCOH_EU_workflow/.venv/lib/python3.13/site-packages/pandas/core/arrays/numpy_.py", line 382, in take
    result = super().take(
        indices, allow_fill=allow_fill, fill_value=fill_value, axis=axis
    )
  File "/Users/annayuen/Desktop/IECC/industrial_decarb/LCOH_EU_workflow/.venv/lib/python3.13/site-packages/pandas/core/arrays/_mixins.py", line 170, in take
    fill_value = self._validate_scalar(fill_value)
  File "/Users/annayuen/Desktop/IECC/industrial_decarb/LCOH_EU_workflow/.venv/lib/python3.13/site-packages/pandas/core/arrays/string_.py", line 750, in _validate_scalar
    raise TypeError(
    ...<2 lines>...
    )
TypeError: Invalid value '0' for dtype 'str'. Value should be a string or missing value, got 'int' instead.
2026-06-01 16:50:09,892 INFO [FR.CAED/662.FACILITY] start  lat=44.6288 lon=-0.9761  active=10
2026-06-01 16:50:09,892 INFO [45/115] FAIL  FR.CAED/6155.FACILITY  ETA 0:00:16.496690
2026-06-01 16:50:09,896 ERROR [FR.CAED/791.FACILITY] unexpected error: Invalid value '0' for dtype 'str'. Value should be a string or missing value, got 'int' instead.
Traceback (most recent call last):
  File "/Users/annayuen/Desktop/IECC/industrial_decarb/LCOH_EU_workflow/off_grid_electricity_run/scripts/pull_pvgis_115.py", line 133, in fetch_one
    df = df.reindex(full_range, fill_value=0)[["P_kWperkWp"]]
         ~~~~~~~~~~^^^^^^^^^^^^^^^^^^^^^^^^^^
  File "/Users/annayuen/Desktop/IECC/industrial_decarb/LCOH_EU_workflow/.venv/lib/python3.13/site-packages/pandas/core/frame.py", line 6090, in reindex
    return super().reindex(
           ~~~~~~~~~~~~~~~^
        labels=labels,
        ^^^^^^^^^^^^^^
    ...<8 lines>...
        copy=copy,
        ^^^^^^^^^^
    )
    ^
  File "/Users/annayuen/Desktop/IECC/industrial_decarb/LCOH_EU_workflow/.venv/lib/python3.13/site-packages/pandas/core/generic.py", line 5476, in reindex
    return self._reindex_axes(
           ~~~~~~~~~~~~~~~~~~^
        axes, level, limit, tolerance, method, fill_value
        ^^^^^^^^^^^^^^^^^^^^^^^^^^^^^^^^^^^^^^^^^^^^^^^^^
    ).__finalize__(self, method="reindex")
    ^
  File "/Users/annayuen/Desktop/IECC/industrial_decarb/LCOH_EU_workflow/.venv/lib/python3.13/site-packages/pandas/core/generic.py", line 5503, in _reindex_axes
    obj = obj._reindex_with_indexers(
        {axis: [new_index, indexer]},
        fill_value=fill_value,
        allow_dups=False,
    )
  File "/Users/annayuen/Desktop/IECC/industrial_decarb/LCOH_EU_workflow/.venv/lib/python3.13/site-packages/pandas/core/generic.py", line 5547, in _reindex_with_indexers
    new_data = new_data.reindex_indexer(
        index,
    ...<3 lines>...
        allow_dups=allow_dups,
    )
  File "/Users/annayuen/Desktop/IECC/industrial_decarb/LCOH_EU_workflow/.venv/lib/python3.13/site-packages/pandas/core/internals/managers.py", line 866, in reindex_indexer
    blk.take_nd(
    ~~~~~~~~~~~^
        indexer,
        ^^^^^^^^
    ...<3 lines>...
        ),
        ^^
    )
    ^
  File "/Users/annayuen/Desktop/IECC/industrial_decarb/LCOH_EU_workflow/.venv/lib/python3.13/site-packages/pandas/core/internals/blocks.py", line 1015, in take_nd
    new_values = algos.take_nd(
        values, indexer, axis=axis, allow_fill=allow_fill, fill_value=fill_value
    )
  File "/Users/annayuen/Desktop/IECC/industrial_decarb/LCOH_EU_workflow/.venv/lib/python3.13/site-packages/pandas/core/array_algos/take.py", line 112, in take_nd
    return arr.take(indexer, fill_value=fill_value, allow_fill=allow_fill)
           ~~~~~~~~^^^^^^^^^^^^^^^^^^^^^^^^^^^^^^^^^^^^^^^^^^^^^^^^^^^^^^^
  File "/Users/annayuen/Desktop/IECC/industrial_decarb/LCOH_EU_workflow/.venv/lib/python3.13/site-packages/pandas/core/arrays/numpy_.py", line 382, in take
    result = super().take(
        indices, allow_fill=allow_fill, fill_value=fill_value, axis=axis
    )
  File "/Users/annayuen/Desktop/IECC/industrial_decarb/LCOH_EU_workflow/.venv/lib/python3.13/site-packages/pandas/core/arrays/_mixins.py", line 170, in take
    fill_value = self._validate_scalar(fill_value)
  File "/Users/annayuen/Desktop/IECC/industrial_decarb/LCOH_EU_workflow/.venv/lib/python3.13/site-packages/pandas/core/arrays/string_.py", line 750, in _validate_scalar
    raise TypeError(
    ...<2 lines>...
    )
TypeError: Invalid value '0' for dtype 'str'. Value should be a string or missing value, got 'int' instead.
2026-06-01 16:50:09,899 INFO [FR.CAED/3936.FACILITY] start  lat=49.4237 lon=1.0367  active=10
2026-06-01 16:50:09,899 INFO [46/115] FAIL  FR.CAED/791.FACILITY  ETA 0:00:15.917541
2026-06-01 16:50:10,033 ERROR [FR.CAED/1260.FACILITY] unexpected error: Invalid value '0' for dtype 'str'. Value should be a string or missing value, got 'int' instead.
Traceback (most recent call last):
  File "/Users/annayuen/Desktop/IECC/industrial_decarb/LCOH_EU_workflow/off_grid_electricity_run/scripts/pull_pvgis_115.py", line 133, in fetch_one
    df = df.reindex(full_range, fill_value=0)[["P_kWperkWp"]]
         ~~~~~~~~~~^^^^^^^^^^^^^^^^^^^^^^^^^^
  File "/Users/annayuen/Desktop/IECC/industrial_decarb/LCOH_EU_workflow/.venv/lib/python3.13/site-packages/pandas/core/frame.py", line 6090, in reindex
    return super().reindex(
           ~~~~~~~~~~~~~~~^
        labels=labels,
        ^^^^^^^^^^^^^^
    ...<8 lines>...
        copy=copy,
        ^^^^^^^^^^
    )
    ^
  File "/Users/annayuen/Desktop/IECC/industrial_decarb/LCOH_EU_workflow/.venv/lib/python3.13/site-packages/pandas/core/generic.py", line 5476, in reindex
    return self._reindex_axes(
           ~~~~~~~~~~~~~~~~~~^
        axes, level, limit, tolerance, method, fill_value
        ^^^^^^^^^^^^^^^^^^^^^^^^^^^^^^^^^^^^^^^^^^^^^^^^^
    ).__finalize__(self, method="reindex")
    ^
  File "/Users/annayuen/Desktop/IECC/industrial_decarb/LCOH_EU_workflow/.venv/lib/python3.13/site-packages/pandas/core/generic.py", line 5503, in _reindex_axes
    obj = obj._reindex_with_indexers(
        {axis: [new_index, indexer]},
        fill_value=fill_value,
        allow_dups=False,
    )
  File "/Users/annayuen/Desktop/IECC/industrial_decarb/LCOH_EU_workflow/.venv/lib/python3.13/site-packages/pandas/core/generic.py", line 5547, in _reindex_with_indexers
    new_data = new_data.reindex_indexer(
        index,
    ...<3 lines>...
        allow_dups=allow_dups,
    )
  File "/Users/annayuen/Desktop/IECC/industrial_decarb/LCOH_EU_workflow/.venv/lib/python3.13/site-packages/pandas/core/internals/managers.py", line 866, in reindex_indexer
    blk.take_nd(
    ~~~~~~~~~~~^
        indexer,
        ^^^^^^^^
    ...<3 lines>...
        ),
        ^^
    )
    ^
  File "/Users/annayuen/Desktop/IECC/industrial_decarb/LCOH_EU_workflow/.venv/lib/python3.13/site-packages/pandas/core/internals/blocks.py", line 1015, in take_nd
    new_values = algos.take_nd(
        values, indexer, axis=axis, allow_fill=allow_fill, fill_value=fill_value
    )
  File "/Users/annayuen/Desktop/IECC/industrial_decarb/LCOH_EU_workflow/.venv/lib/python3.13/site-packages/pandas/core/array_algos/take.py", line 112, in take_nd
    return arr.take(indexer, fill_value=fill_value, allow_fill=allow_fill)
           ~~~~~~~~^^^^^^^^^^^^^^^^^^^^^^^^^^^^^^^^^^^^^^^^^^^^^^^^^^^^^^^
  File "/Users/annayuen/Desktop/IECC/industrial_decarb/LCOH_EU_workflow/.venv/lib/python3.13/site-packages/pandas/core/arrays/numpy_.py", line 382, in take
    result = super().take(
        indices, allow_fill=allow_fill, fill_value=fill_value, axis=axis
    )
  File "/Users/annayuen/Desktop/IECC/industrial_decarb/LCOH_EU_workflow/.venv/lib/python3.13/site-packages/pandas/core/arrays/_mixins.py", line 170, in take
    fill_value = self._validate_scalar(fill_value)
  File "/Users/annayuen/Desktop/IECC/industrial_decarb/LCOH_EU_workflow/.venv/lib/python3.13/site-packages/pandas/core/arrays/string_.py", line 750, in _validate_scalar
    raise TypeError(
    ...<2 lines>...
    )
TypeError: Invalid value '0' for dtype 'str'. Value should be a string or missing value, got 'int' instead.
2026-06-01 16:50:10,035 INFO [PL.MŚ/000000053.FACILITY] start  lat=50.9304 lon=21.6765  active=10
2026-06-01 16:50:10,036 INFO [47/115] FAIL  FR.CAED/1260.FACILITY  ETA 0:00:15.551328
2026-06-01 16:50:10,167 ERROR [PL.MŚ/000000136.FACILITY] unexpected error: Invalid value '0' for dtype 'str'. Value should be a string or missing value, got 'int' instead.
Traceback (most recent call last):
  File "/Users/annayuen/Desktop/IECC/industrial_decarb/LCOH_EU_workflow/off_grid_electricity_run/scripts/pull_pvgis_115.py", line 133, in fetch_one
    df = df.reindex(full_range, fill_value=0)[["P_kWperkWp"]]
         ~~~~~~~~~~^^^^^^^^^^^^^^^^^^^^^^^^^^
  File "/Users/annayuen/Desktop/IECC/industrial_decarb/LCOH_EU_workflow/.venv/lib/python3.13/site-packages/pandas/core/frame.py", line 6090, in reindex
    return super().reindex(
           ~~~~~~~~~~~~~~~^
        labels=labels,
        ^^^^^^^^^^^^^^
    ...<8 lines>...
        copy=copy,
        ^^^^^^^^^^
    )
    ^
  File "/Users/annayuen/Desktop/IECC/industrial_decarb/LCOH_EU_workflow/.venv/lib/python3.13/site-packages/pandas/core/generic.py", line 5476, in reindex
    return self._reindex_axes(
           ~~~~~~~~~~~~~~~~~~^
        axes, level, limit, tolerance, method, fill_value
        ^^^^^^^^^^^^^^^^^^^^^^^^^^^^^^^^^^^^^^^^^^^^^^^^^
    ).__finalize__(self, method="reindex")
    ^
  File "/Users/annayuen/Desktop/IECC/industrial_decarb/LCOH_EU_workflow/.venv/lib/python3.13/site-packages/pandas/core/generic.py", line 5503, in _reindex_axes
    obj = obj._reindex_with_indexers(
        {axis: [new_index, indexer]},
        fill_value=fill_value,
        allow_dups=False,
    )
  File "/Users/annayuen/Desktop/IECC/industrial_decarb/LCOH_EU_workflow/.venv/lib/python3.13/site-packages/pandas/core/generic.py", line 5547, in _reindex_with_indexers
    new_data = new_data.reindex_indexer(
        index,
    ...<3 lines>...
        allow_dups=allow_dups,
    )
  File "/Users/annayuen/Desktop/IECC/industrial_decarb/LCOH_EU_workflow/.venv/lib/python3.13/site-packages/pandas/core/internals/managers.py", line 866, in reindex_indexer
    blk.take_nd(
    ~~~~~~~~~~~^
        indexer,
        ^^^^^^^^
    ...<3 lines>...
        ),
        ^^
    )
    ^
  File "/Users/annayuen/Desktop/IECC/industrial_decarb/LCOH_EU_workflow/.venv/lib/python3.13/site-packages/pandas/core/internals/blocks.py", line 1015, in take_nd
    new_values = algos.take_nd(
        values, indexer, axis=axis, allow_fill=allow_fill, fill_value=fill_value
    )
  File "/Users/annayuen/Desktop/IECC/industrial_decarb/LCOH_EU_workflow/.venv/lib/python3.13/site-packages/pandas/core/array_algos/take.py", line 112, in take_nd
    return arr.take(indexer, fill_value=fill_value, allow_fill=allow_fill)
           ~~~~~~~~^^^^^^^^^^^^^^^^^^^^^^^^^^^^^^^^^^^^^^^^^^^^^^^^^^^^^^^
  File "/Users/annayuen/Desktop/IECC/industrial_decarb/LCOH_EU_workflow/.venv/lib/python3.13/site-packages/pandas/core/arrays/numpy_.py", line 382, in take
    result = super().take(
        indices, allow_fill=allow_fill, fill_value=fill_value, axis=axis
    )
  File "/Users/annayuen/Desktop/IECC/industrial_decarb/LCOH_EU_workflow/.venv/lib/python3.13/site-packages/pandas/core/arrays/_mixins.py", line 170, in take
    fill_value = self._validate_scalar(fill_value)
  File "/Users/annayuen/Desktop/IECC/industrial_decarb/LCOH_EU_workflow/.venv/lib/python3.13/site-packages/pandas/core/arrays/string_.py", line 750, in _validate_scalar
    raise TypeError(
    ...<2 lines>...
    )
TypeError: Invalid value '0' for dtype 'str'. Value should be a string or missing value, got 'int' instead.
2026-06-01 16:50:10,170 INFO [FR.CAED/5938.FACILITY] start  lat=48.8967 lon=6.0519  active=10
2026-06-01 16:50:10,170 INFO [48/115] FAIL  PL.MŚ/000000136.FACILITY  ETA 0:00:15.190642
2026-06-01 16:50:10,174 ERROR [FR.CAED/7588.FACILITY] unexpected error: Invalid value '0' for dtype 'str'. Value should be a string or missing value, got 'int' instead.
Traceback (most recent call last):
  File "/Users/annayuen/Desktop/IECC/industrial_decarb/LCOH_EU_workflow/off_grid_electricity_run/scripts/pull_pvgis_115.py", line 133, in fetch_one
    df = df.reindex(full_range, fill_value=0)[["P_kWperkWp"]]
         ~~~~~~~~~~^^^^^^^^^^^^^^^^^^^^^^^^^^
  File "/Users/annayuen/Desktop/IECC/industrial_decarb/LCOH_EU_workflow/.venv/lib/python3.13/site-packages/pandas/core/frame.py", line 6090, in reindex
    return super().reindex(
           ~~~~~~~~~~~~~~~^
        labels=labels,
        ^^^^^^^^^^^^^^
    ...<8 lines>...
        copy=copy,
        ^^^^^^^^^^
    )
    ^
  File "/Users/annayuen/Desktop/IECC/industrial_decarb/LCOH_EU_workflow/.venv/lib/python3.13/site-packages/pandas/core/generic.py", line 5476, in reindex
    return self._reindex_axes(
           ~~~~~~~~~~~~~~~~~~^
        axes, level, limit, tolerance, method, fill_value
        ^^^^^^^^^^^^^^^^^^^^^^^^^^^^^^^^^^^^^^^^^^^^^^^^^
    ).__finalize__(self, method="reindex")
    ^
  File "/Users/annayuen/Desktop/IECC/industrial_decarb/LCOH_EU_workflow/.venv/lib/python3.13/site-packages/pandas/core/generic.py", line 5503, in _reindex_axes
    obj = obj._reindex_with_indexers(
        {axis: [new_index, indexer]},
        fill_value=fill_value,
        allow_dups=False,
    )
  File "/Users/annayuen/Desktop/IECC/industrial_decarb/LCOH_EU_workflow/.venv/lib/python3.13/site-packages/pandas/core/generic.py", line 5547, in _reindex_with_indexers
    new_data = new_data.reindex_indexer(
        index,
    ...<3 lines>...
        allow_dups=allow_dups,
    )
  File "/Users/annayuen/Desktop/IECC/industrial_decarb/LCOH_EU_workflow/.venv/lib/python3.13/site-packages/pandas/core/internals/managers.py", line 866, in reindex_indexer
    blk.take_nd(
    ~~~~~~~~~~~^
        indexer,
        ^^^^^^^^
    ...<3 lines>...
        ),
        ^^
    )
    ^
  File "/Users/annayuen/Desktop/IECC/industrial_decarb/LCOH_EU_workflow/.venv/lib/python3.13/site-packages/pandas/core/internals/blocks.py", line 1015, in take_nd
    new_values = algos.take_nd(
        values, indexer, axis=axis, allow_fill=allow_fill, fill_value=fill_value
    )
  File "/Users/annayuen/Desktop/IECC/industrial_decarb/LCOH_EU_workflow/.venv/lib/python3.13/site-packages/pandas/core/array_algos/take.py", line 112, in take_nd
    return arr.take(indexer, fill_value=fill_value, allow_fill=allow_fill)
           ~~~~~~~~^^^^^^^^^^^^^^^^^^^^^^^^^^^^^^^^^^^^^^^^^^^^^^^^^^^^^^^
  File "/Users/annayuen/Desktop/IECC/industrial_decarb/LCOH_EU_workflow/.venv/lib/python3.13/site-packages/pandas/core/arrays/numpy_.py", line 382, in take
    result = super().take(
        indices, allow_fill=allow_fill, fill_value=fill_value, axis=axis
    )
  File "/Users/annayuen/Desktop/IECC/industrial_decarb/LCOH_EU_workflow/.venv/lib/python3.13/site-packages/pandas/core/arrays/_mixins.py", line 170, in take
    fill_value = self._validate_scalar(fill_value)
  File "/Users/annayuen/Desktop/IECC/industrial_decarb/LCOH_EU_workflow/.venv/lib/python3.13/site-packages/pandas/core/arrays/string_.py", line 750, in _validate_scalar
    raise TypeError(
    ...<2 lines>...
    )
TypeError: Invalid value '0' for dtype 'str'. Value should be a string or missing value, got 'int' instead.
2026-06-01 16:50:10,176 INFO [ES.CAED/001619000.FACILITY] start  lat=37.1840 lon=-6.8896  active=10
2026-06-01 16:50:10,177 INFO [49/115] FAIL  FR.CAED/7588.FACILITY  ETA 0:00:14.667378
2026-06-01 16:50:10,271 ERROR [ES.CAED/003378000.FACILITY] unexpected error: Invalid value '0' for dtype 'str'. Value should be a string or missing value, got 'int' instead.
Traceback (most recent call last):
  File "/Users/annayuen/Desktop/IECC/industrial_decarb/LCOH_EU_workflow/off_grid_electricity_run/scripts/pull_pvgis_115.py", line 133, in fetch_one
    df = df.reindex(full_range, fill_value=0)[["P_kWperkWp"]]
         ~~~~~~~~~~^^^^^^^^^^^^^^^^^^^^^^^^^^
  File "/Users/annayuen/Desktop/IECC/industrial_decarb/LCOH_EU_workflow/.venv/lib/python3.13/site-packages/pandas/core/frame.py", line 6090, in reindex
    return super().reindex(
           ~~~~~~~~~~~~~~~^
        labels=labels,
        ^^^^^^^^^^^^^^
    ...<8 lines>...
        copy=copy,
        ^^^^^^^^^^
    )
    ^
  File "/Users/annayuen/Desktop/IECC/industrial_decarb/LCOH_EU_workflow/.venv/lib/python3.13/site-packages/pandas/core/generic.py", line 5476, in reindex
    return self._reindex_axes(
           ~~~~~~~~~~~~~~~~~~^
        axes, level, limit, tolerance, method, fill_value
        ^^^^^^^^^^^^^^^^^^^^^^^^^^^^^^^^^^^^^^^^^^^^^^^^^
    ).__finalize__(self, method="reindex")
    ^
  File "/Users/annayuen/Desktop/IECC/industrial_decarb/LCOH_EU_workflow/.venv/lib/python3.13/site-packages/pandas/core/generic.py", line 5503, in _reindex_axes
    obj = obj._reindex_with_indexers(
        {axis: [new_index, indexer]},
        fill_value=fill_value,
        allow_dups=False,
    )
  File "/Users/annayuen/Desktop/IECC/industrial_decarb/LCOH_EU_workflow/.venv/lib/python3.13/site-packages/pandas/core/generic.py", line 5547, in _reindex_with_indexers
    new_data = new_data.reindex_indexer(
        index,
    ...<3 lines>...
        allow_dups=allow_dups,
    )
  File "/Users/annayuen/Desktop/IECC/industrial_decarb/LCOH_EU_workflow/.venv/lib/python3.13/site-packages/pandas/core/internals/managers.py", line 866, in reindex_indexer
    blk.take_nd(
    ~~~~~~~~~~~^
        indexer,
        ^^^^^^^^
    ...<3 lines>...
        ),
        ^^
    )
    ^
  File "/Users/annayuen/Desktop/IECC/industrial_decarb/LCOH_EU_workflow/.venv/lib/python3.13/site-packages/pandas/core/internals/blocks.py", line 1015, in take_nd
    new_values = algos.take_nd(
        values, indexer, axis=axis, allow_fill=allow_fill, fill_value=fill_value
    )
  File "/Users/annayuen/Desktop/IECC/industrial_decarb/LCOH_EU_workflow/.venv/lib/python3.13/site-packages/pandas/core/array_algos/take.py", line 112, in take_nd
    return arr.take(indexer, fill_value=fill_value, allow_fill=allow_fill)
           ~~~~~~~~^^^^^^^^^^^^^^^^^^^^^^^^^^^^^^^^^^^^^^^^^^^^^^^^^^^^^^^
  File "/Users/annayuen/Desktop/IECC/industrial_decarb/LCOH_EU_workflow/.venv/lib/python3.13/site-packages/pandas/core/arrays/numpy_.py", line 382, in take
    result = super().take(
        indices, allow_fill=allow_fill, fill_value=fill_value, axis=axis
    )
  File "/Users/annayuen/Desktop/IECC/industrial_decarb/LCOH_EU_workflow/.venv/lib/python3.13/site-packages/pandas/core/arrays/_mixins.py", line 170, in take
    fill_value = self._validate_scalar(fill_value)
  File "/Users/annayuen/Desktop/IECC/industrial_decarb/LCOH_EU_workflow/.venv/lib/python3.13/site-packages/pandas/core/arrays/string_.py", line 750, in _validate_scalar
    raise TypeError(
    ...<2 lines>...
    )
TypeError: Invalid value '0' for dtype 'str'. Value should be a string or missing value, got 'int' instead.
2026-06-01 16:50:10,273 INFO [PL.MŚ/000000273.FACILITY] start  lat=51.6198 lon=19.9349  active=10
2026-06-01 16:50:10,273 INFO [50/115] FAIL  ES.CAED/003378000.FACILITY  ETA 0:00:14.281930
2026-06-01 16:50:11,359 ERROR [FR.CAED/9964.FACILITY] unexpected error: Invalid value '0' for dtype 'str'. Value should be a string or missing value, got 'int' instead.
Traceback (most recent call last):
  File "/Users/annayuen/Desktop/IECC/industrial_decarb/LCOH_EU_workflow/off_grid_electricity_run/scripts/pull_pvgis_115.py", line 133, in fetch_one
    df = df.reindex(full_range, fill_value=0)[["P_kWperkWp"]]
         ~~~~~~~~~~^^^^^^^^^^^^^^^^^^^^^^^^^^
  File "/Users/annayuen/Desktop/IECC/industrial_decarb/LCOH_EU_workflow/.venv/lib/python3.13/site-packages/pandas/core/frame.py", line 6090, in reindex
    return super().reindex(
           ~~~~~~~~~~~~~~~^
        labels=labels,
        ^^^^^^^^^^^^^^
    ...<8 lines>...
        copy=copy,
        ^^^^^^^^^^
    )
    ^
  File "/Users/annayuen/Desktop/IECC/industrial_decarb/LCOH_EU_workflow/.venv/lib/python3.13/site-packages/pandas/core/generic.py", line 5476, in reindex
    return self._reindex_axes(
           ~~~~~~~~~~~~~~~~~~^
        axes, level, limit, tolerance, method, fill_value
        ^^^^^^^^^^^^^^^^^^^^^^^^^^^^^^^^^^^^^^^^^^^^^^^^^
    ).__finalize__(self, method="reindex")
    ^
  File "/Users/annayuen/Desktop/IECC/industrial_decarb/LCOH_EU_workflow/.venv/lib/python3.13/site-packages/pandas/core/generic.py", line 5503, in _reindex_axes
    obj = obj._reindex_with_indexers(
        {axis: [new_index, indexer]},
        fill_value=fill_value,
        allow_dups=False,
    )
  File "/Users/annayuen/Desktop/IECC/industrial_decarb/LCOH_EU_workflow/.venv/lib/python3.13/site-packages/pandas/core/generic.py", line 5547, in _reindex_with_indexers
    new_data = new_data.reindex_indexer(
        index,
    ...<3 lines>...
        allow_dups=allow_dups,
    )
  File "/Users/annayuen/Desktop/IECC/industrial_decarb/LCOH_EU_workflow/.venv/lib/python3.13/site-packages/pandas/core/internals/managers.py", line 866, in reindex_indexer
    blk.take_nd(
    ~~~~~~~~~~~^
        indexer,
        ^^^^^^^^
    ...<3 lines>...
        ),
        ^^
    )
    ^
  File "/Users/annayuen/Desktop/IECC/industrial_decarb/LCOH_EU_workflow/.venv/lib/python3.13/site-packages/pandas/core/internals/blocks.py", line 1015, in take_nd
    new_values = algos.take_nd(
        values, indexer, axis=axis, allow_fill=allow_fill, fill_value=fill_value
    )
  File "/Users/annayuen/Desktop/IECC/industrial_decarb/LCOH_EU_workflow/.venv/lib/python3.13/site-packages/pandas/core/array_algos/take.py", line 112, in take_nd
    return arr.take(indexer, fill_value=fill_value, allow_fill=allow_fill)
           ~~~~~~~~^^^^^^^^^^^^^^^^^^^^^^^^^^^^^^^^^^^^^^^^^^^^^^^^^^^^^^^
  File "/Users/annayuen/Desktop/IECC/industrial_decarb/LCOH_EU_workflow/.venv/lib/python3.13/site-packages/pandas/core/arrays/numpy_.py", line 382, in take
    result = super().take(
        indices, allow_fill=allow_fill, fill_value=fill_value, axis=axis
    )
  File "/Users/annayuen/Desktop/IECC/industrial_decarb/LCOH_EU_workflow/.venv/lib/python3.13/site-packages/pandas/core/arrays/_mixins.py", line 170, in take
    fill_value = self._validate_scalar(fill_value)
  File "/Users/annayuen/Desktop/IECC/industrial_decarb/LCOH_EU_workflow/.venv/lib/python3.13/site-packages/pandas/core/arrays/string_.py", line 750, in _validate_scalar
    raise TypeError(
    ...<2 lines>...
    )
TypeError: Invalid value '0' for dtype 'str'. Value should be a string or missing value, got 'int' instead.
2026-06-01 16:50:11,362 INFO [ES.CAED/001960000.FACILITY] start  lat=41.8400 lon=-4.5594  active=10
2026-06-01 16:50:11,362 INFO [51/115] FAIL  FR.CAED/9964.FACILITY  ETA 0:00:15.152832
2026-06-01 16:50:11,366 ERROR [EE.KAUR.TTR/88.FACILITY] unexpected error: Invalid value '0' for dtype 'str'. Value should be a string or missing value, got 'int' instead.
Traceback (most recent call last):
  File "/Users/annayuen/Desktop/IECC/industrial_decarb/LCOH_EU_workflow/off_grid_electricity_run/scripts/pull_pvgis_115.py", line 133, in fetch_one
    df = df.reindex(full_range, fill_value=0)[["P_kWperkWp"]]
         ~~~~~~~~~~^^^^^^^^^^^^^^^^^^^^^^^^^^
  File "/Users/annayuen/Desktop/IECC/industrial_decarb/LCOH_EU_workflow/.venv/lib/python3.13/site-packages/pandas/core/frame.py", line 6090, in reindex
    return super().reindex(
           ~~~~~~~~~~~~~~~^
        labels=labels,
        ^^^^^^^^^^^^^^
    ...<8 lines>...
        copy=copy,
        ^^^^^^^^^^
    )
    ^
  File "/Users/annayuen/Desktop/IECC/industrial_decarb/LCOH_EU_workflow/.venv/lib/python3.13/site-packages/pandas/core/generic.py", line 5476, in reindex
    return self._reindex_axes(
           ~~~~~~~~~~~~~~~~~~^
        axes, level, limit, tolerance, method, fill_value
        ^^^^^^^^^^^^^^^^^^^^^^^^^^^^^^^^^^^^^^^^^^^^^^^^^
    ).__finalize__(self, method="reindex")
    ^
  File "/Users/annayuen/Desktop/IECC/industrial_decarb/LCOH_EU_workflow/.venv/lib/python3.13/site-packages/pandas/core/generic.py", line 5503, in _reindex_axes
    obj = obj._reindex_with_indexers(
        {axis: [new_index, indexer]},
        fill_value=fill_value,
        allow_dups=False,
    )
  File "/Users/annayuen/Desktop/IECC/industrial_decarb/LCOH_EU_workflow/.venv/lib/python3.13/site-packages/pandas/core/generic.py", line 5547, in _reindex_with_indexers
    new_data = new_data.reindex_indexer(
        index,
    ...<3 lines>...
        allow_dups=allow_dups,
    )
  File "/Users/annayuen/Desktop/IECC/industrial_decarb/LCOH_EU_workflow/.venv/lib/python3.13/site-packages/pandas/core/internals/managers.py", line 866, in reindex_indexer
    blk.take_nd(
    ~~~~~~~~~~~^
        indexer,
        ^^^^^^^^
    ...<3 lines>...
        ),
        ^^
    )
    ^
  File "/Users/annayuen/Desktop/IECC/industrial_decarb/LCOH_EU_workflow/.venv/lib/python3.13/site-packages/pandas/core/internals/blocks.py", line 1015, in take_nd
    new_values = algos.take_nd(
        values, indexer, axis=axis, allow_fill=allow_fill, fill_value=fill_value
    )
  File "/Users/annayuen/Desktop/IECC/industrial_decarb/LCOH_EU_workflow/.venv/lib/python3.13/site-packages/pandas/core/array_algos/take.py", line 112, in take_nd
    return arr.take(indexer, fill_value=fill_value, allow_fill=allow_fill)
           ~~~~~~~~^^^^^^^^^^^^^^^^^^^^^^^^^^^^^^^^^^^^^^^^^^^^^^^^^^^^^^^
  File "/Users/annayuen/Desktop/IECC/industrial_decarb/LCOH_EU_workflow/.venv/lib/python3.13/site-packages/pandas/core/arrays/numpy_.py", line 382, in take
    result = super().take(
        indices, allow_fill=allow_fill, fill_value=fill_value, axis=axis
    )
  File "/Users/annayuen/Desktop/IECC/industrial_decarb/LCOH_EU_workflow/.venv/lib/python3.13/site-packages/pandas/core/arrays/_mixins.py", line 170, in take
    fill_value = self._validate_scalar(fill_value)
  File "/Users/annayuen/Desktop/IECC/industrial_decarb/LCOH_EU_workflow/.venv/lib/python3.13/site-packages/pandas/core/arrays/string_.py", line 750, in _validate_scalar
    raise TypeError(
    ...<2 lines>...
    )
TypeError: Invalid value '0' for dtype 'str'. Value should be a string or missing value, got 'int' instead.
2026-06-01 16:50:11,368 INFO [FR.CAED/44.FACILITY] start  lat=47.0385 lon=5.4127  active=10
2026-06-01 16:50:11,368 INFO [52/115] FAIL  EE.KAUR.TTR/88.FACILITY  ETA 0:00:14.636601
2026-06-01 16:50:11,446 ERROR [FR.CAED/10011.FACILITY] unexpected error: Invalid value '0' for dtype 'str'. Value should be a string or missing value, got 'int' instead.
Traceback (most recent call last):
  File "/Users/annayuen/Desktop/IECC/industrial_decarb/LCOH_EU_workflow/off_grid_electricity_run/scripts/pull_pvgis_115.py", line 133, in fetch_one
    df = df.reindex(full_range, fill_value=0)[["P_kWperkWp"]]
         ~~~~~~~~~~^^^^^^^^^^^^^^^^^^^^^^^^^^
  File "/Users/annayuen/Desktop/IECC/industrial_decarb/LCOH_EU_workflow/.venv/lib/python3.13/site-packages/pandas/core/frame.py", line 6090, in reindex
    return super().reindex(
           ~~~~~~~~~~~~~~~^
        labels=labels,
        ^^^^^^^^^^^^^^
    ...<8 lines>...
        copy=copy,
        ^^^^^^^^^^
    )
    ^
  File "/Users/annayuen/Desktop/IECC/industrial_decarb/LCOH_EU_workflow/.venv/lib/python3.13/site-packages/pandas/core/generic.py", line 5476, in reindex
    return self._reindex_axes(
           ~~~~~~~~~~~~~~~~~~^
        axes, level, limit, tolerance, method, fill_value
        ^^^^^^^^^^^^^^^^^^^^^^^^^^^^^^^^^^^^^^^^^^^^^^^^^
    ).__finalize__(self, method="reindex")
    ^
  File "/Users/annayuen/Desktop/IECC/industrial_decarb/LCOH_EU_workflow/.venv/lib/python3.13/site-packages/pandas/core/generic.py", line 5503, in _reindex_axes
    obj = obj._reindex_with_indexers(
        {axis: [new_index, indexer]},
        fill_value=fill_value,
        allow_dups=False,
    )
  File "/Users/annayuen/Desktop/IECC/industrial_decarb/LCOH_EU_workflow/.venv/lib/python3.13/site-packages/pandas/core/generic.py", line 5547, in _reindex_with_indexers
    new_data = new_data.reindex_indexer(
        index,
    ...<3 lines>...
        allow_dups=allow_dups,
    )
  File "/Users/annayuen/Desktop/IECC/industrial_decarb/LCOH_EU_workflow/.venv/lib/python3.13/site-packages/pandas/core/internals/managers.py", line 866, in reindex_indexer
    blk.take_nd(
    ~~~~~~~~~~~^
        indexer,
        ^^^^^^^^
    ...<3 lines>...
        ),
        ^^
    )
    ^
  File "/Users/annayuen/Desktop/IECC/industrial_decarb/LCOH_EU_workflow/.venv/lib/python3.13/site-packages/pandas/core/internals/blocks.py", line 1015, in take_nd
    new_values = algos.take_nd(
        values, indexer, axis=axis, allow_fill=allow_fill, fill_value=fill_value
    )
  File "/Users/annayuen/Desktop/IECC/industrial_decarb/LCOH_EU_workflow/.venv/lib/python3.13/site-packages/pandas/core/array_algos/take.py", line 112, in take_nd
    return arr.take(indexer, fill_value=fill_value, allow_fill=allow_fill)
           ~~~~~~~~^^^^^^^^^^^^^^^^^^^^^^^^^^^^^^^^^^^^^^^^^^^^^^^^^^^^^^^
  File "/Users/annayuen/Desktop/IECC/industrial_decarb/LCOH_EU_workflow/.venv/lib/python3.13/site-packages/pandas/core/arrays/numpy_.py", line 382, in take
    result = super().take(
        indices, allow_fill=allow_fill, fill_value=fill_value, axis=axis
    )
  File "/Users/annayuen/Desktop/IECC/industrial_decarb/LCOH_EU_workflow/.venv/lib/python3.13/site-packages/pandas/core/arrays/_mixins.py", line 170, in take
    fill_value = self._validate_scalar(fill_value)
  File "/Users/annayuen/Desktop/IECC/industrial_decarb/LCOH_EU_workflow/.venv/lib/python3.13/site-packages/pandas/core/arrays/string_.py", line 750, in _validate_scalar
    raise TypeError(
    ...<2 lines>...
    )
TypeError: Invalid value '0' for dtype 'str'. Value should be a string or missing value, got 'int' instead.
2026-06-01 16:50:11,449 INFO [FR.CAED/3839.FACILITY] start  lat=49.5049 lon=0.2061  active=10
2026-06-01 16:50:11,450 INFO [53/115] FAIL  FR.CAED/10011.FACILITY  ETA 0:00:14.227760
2026-06-01 16:50:11,454 ERROR [IT.CAED/330282002.FACILITY] unexpected error: Invalid value '0' for dtype 'str'. Value should be a string or missing value, got 'int' instead.
Traceback (most recent call last):
  File "/Users/annayuen/Desktop/IECC/industrial_decarb/LCOH_EU_workflow/off_grid_electricity_run/scripts/pull_pvgis_115.py", line 133, in fetch_one
    df = df.reindex(full_range, fill_value=0)[["P_kWperkWp"]]
         ~~~~~~~~~~^^^^^^^^^^^^^^^^^^^^^^^^^^
  File "/Users/annayuen/Desktop/IECC/industrial_decarb/LCOH_EU_workflow/.venv/lib/python3.13/site-packages/pandas/core/frame.py", line 6090, in reindex
    return super().reindex(
           ~~~~~~~~~~~~~~~^
        labels=labels,
        ^^^^^^^^^^^^^^
    ...<8 lines>...
        copy=copy,
        ^^^^^^^^^^
    )
    ^
  File "/Users/annayuen/Desktop/IECC/industrial_decarb/LCOH_EU_workflow/.venv/lib/python3.13/site-packages/pandas/core/generic.py", line 5476, in reindex
    return self._reindex_axes(
           ~~~~~~~~~~~~~~~~~~^
        axes, level, limit, tolerance, method, fill_value
        ^^^^^^^^^^^^^^^^^^^^^^^^^^^^^^^^^^^^^^^^^^^^^^^^^
    ).__finalize__(self, method="reindex")
    ^
  File "/Users/annayuen/Desktop/IECC/industrial_decarb/LCOH_EU_workflow/.venv/lib/python3.13/site-packages/pandas/core/generic.py", line 5503, in _reindex_axes
    obj = obj._reindex_with_indexers(
        {axis: [new_index, indexer]},
        fill_value=fill_value,
        allow_dups=False,
    )
  File "/Users/annayuen/Desktop/IECC/industrial_decarb/LCOH_EU_workflow/.venv/lib/python3.13/site-packages/pandas/core/generic.py", line 5547, in _reindex_with_indexers
    new_data = new_data.reindex_indexer(
        index,
    ...<3 lines>...
        allow_dups=allow_dups,
    )
  File "/Users/annayuen/Desktop/IECC/industrial_decarb/LCOH_EU_workflow/.venv/lib/python3.13/site-packages/pandas/core/internals/managers.py", line 866, in reindex_indexer
    blk.take_nd(
    ~~~~~~~~~~~^
        indexer,
        ^^^^^^^^
    ...<3 lines>...
        ),
        ^^
    )
    ^
  File "/Users/annayuen/Desktop/IECC/industrial_decarb/LCOH_EU_workflow/.venv/lib/python3.13/site-packages/pandas/core/internals/blocks.py", line 1015, in take_nd
    new_values = algos.take_nd(
        values, indexer, axis=axis, allow_fill=allow_fill, fill_value=fill_value
    )
  File "/Users/annayuen/Desktop/IECC/industrial_decarb/LCOH_EU_workflow/.venv/lib/python3.13/site-packages/pandas/core/array_algos/take.py", line 112, in take_nd
    return arr.take(indexer, fill_value=fill_value, allow_fill=allow_fill)
           ~~~~~~~~^^^^^^^^^^^^^^^^^^^^^^^^^^^^^^^^^^^^^^^^^^^^^^^^^^^^^^^
  File "/Users/annayuen/Desktop/IECC/industrial_decarb/LCOH_EU_workflow/.venv/lib/python3.13/site-packages/pandas/core/arrays/numpy_.py", line 382, in take
    result = super().take(
        indices, allow_fill=allow_fill, fill_value=fill_value, axis=axis
    )
  File "/Users/annayuen/Desktop/IECC/industrial_decarb/LCOH_EU_workflow/.venv/lib/python3.13/site-packages/pandas/core/arrays/_mixins.py", line 170, in take
    fill_value = self._validate_scalar(fill_value)
  File "/Users/annayuen/Desktop/IECC/industrial_decarb/LCOH_EU_workflow/.venv/lib/python3.13/site-packages/pandas/core/arrays/string_.py", line 750, in _validate_scalar
    raise TypeError(
    ...<2 lines>...
    )
TypeError: Invalid value '0' for dtype 'str'. Value should be a string or missing value, got 'int' instead.
2026-06-01 16:50:11,456 INFO [PL.MŚ/000000058.FACILITY] start  lat=50.3461 lon=19.2844  active=10
2026-06-01 16:50:11,456 INFO [54/115] FAIL  IT.CAED/330282002.FACILITY  ETA 0:00:13.746289
2026-06-01 16:50:11,755 ERROR [FR.CAED/662.FACILITY] unexpected error: Invalid value '0' for dtype 'str'. Value should be a string or missing value, got 'int' instead.
Traceback (most recent call last):
  File "/Users/annayuen/Desktop/IECC/industrial_decarb/LCOH_EU_workflow/off_grid_electricity_run/scripts/pull_pvgis_115.py", line 133, in fetch_one
    df = df.reindex(full_range, fill_value=0)[["P_kWperkWp"]]
         ~~~~~~~~~~^^^^^^^^^^^^^^^^^^^^^^^^^^
  File "/Users/annayuen/Desktop/IECC/industrial_decarb/LCOH_EU_workflow/.venv/lib/python3.13/site-packages/pandas/core/frame.py", line 6090, in reindex
    return super().reindex(
           ~~~~~~~~~~~~~~~^
        labels=labels,
        ^^^^^^^^^^^^^^
    ...<8 lines>...
        copy=copy,
        ^^^^^^^^^^
    )
    ^
  File "/Users/annayuen/Desktop/IECC/industrial_decarb/LCOH_EU_workflow/.venv/lib/python3.13/site-packages/pandas/core/generic.py", line 5476, in reindex
    return self._reindex_axes(
           ~~~~~~~~~~~~~~~~~~^
        axes, level, limit, tolerance, method, fill_value
        ^^^^^^^^^^^^^^^^^^^^^^^^^^^^^^^^^^^^^^^^^^^^^^^^^
    ).__finalize__(self, method="reindex")
    ^
  File "/Users/annayuen/Desktop/IECC/industrial_decarb/LCOH_EU_workflow/.venv/lib/python3.13/site-packages/pandas/core/generic.py", line 5503, in _reindex_axes
    obj = obj._reindex_with_indexers(
        {axis: [new_index, indexer]},
        fill_value=fill_value,
        allow_dups=False,
    )
  File "/Users/annayuen/Desktop/IECC/industrial_decarb/LCOH_EU_workflow/.venv/lib/python3.13/site-packages/pandas/core/generic.py", line 5547, in _reindex_with_indexers
    new_data = new_data.reindex_indexer(
        index,
    ...<3 lines>...
        allow_dups=allow_dups,
    )
  File "/Users/annayuen/Desktop/IECC/industrial_decarb/LCOH_EU_workflow/.venv/lib/python3.13/site-packages/pandas/core/internals/managers.py", line 866, in reindex_indexer
    blk.take_nd(
    ~~~~~~~~~~~^
        indexer,
        ^^^^^^^^
    ...<3 lines>...
        ),
        ^^
    )
    ^
  File "/Users/annayuen/Desktop/IECC/industrial_decarb/LCOH_EU_workflow/.venv/lib/python3.13/site-packages/pandas/core/internals/blocks.py", line 1015, in take_nd
    new_values = algos.take_nd(
        values, indexer, axis=axis, allow_fill=allow_fill, fill_value=fill_value
    )
  File "/Users/annayuen/Desktop/IECC/industrial_decarb/LCOH_EU_workflow/.venv/lib/python3.13/site-packages/pandas/core/array_algos/take.py", line 112, in take_nd
    return arr.take(indexer, fill_value=fill_value, allow_fill=allow_fill)
           ~~~~~~~~^^^^^^^^^^^^^^^^^^^^^^^^^^^^^^^^^^^^^^^^^^^^^^^^^^^^^^^
  File "/Users/annayuen/Desktop/IECC/industrial_decarb/LCOH_EU_workflow/.venv/lib/python3.13/site-packages/pandas/core/arrays/numpy_.py", line 382, in take
    result = super().take(
        indices, allow_fill=allow_fill, fill_value=fill_value, axis=axis
    )
  File "/Users/annayuen/Desktop/IECC/industrial_decarb/LCOH_EU_workflow/.venv/lib/python3.13/site-packages/pandas/core/arrays/_mixins.py", line 170, in take
    fill_value = self._validate_scalar(fill_value)
  File "/Users/annayuen/Desktop/IECC/industrial_decarb/LCOH_EU_workflow/.venv/lib/python3.13/site-packages/pandas/core/arrays/string_.py", line 750, in _validate_scalar
    raise TypeError(
    ...<2 lines>...
    )
TypeError: Invalid value '0' for dtype 'str'. Value should be a string or missing value, got 'int' instead.
2026-06-01 16:50:11,760 INFO [IT.CAED/980571001.FACILITY] start  lat=38.2027 lon=15.2723  active=10
2026-06-01 16:50:11,760 ERROR [FR.CAED/3936.FACILITY] unexpected error: Invalid value '0' for dtype 'str'. Value should be a string or missing value, got 'int' instead.
Traceback (most recent call last):
  File "/Users/annayuen/Desktop/IECC/industrial_decarb/LCOH_EU_workflow/off_grid_electricity_run/scripts/pull_pvgis_115.py", line 133, in fetch_one
    df = df.reindex(full_range, fill_value=0)[["P_kWperkWp"]]
         ~~~~~~~~~~^^^^^^^^^^^^^^^^^^^^^^^^^^
  File "/Users/annayuen/Desktop/IECC/industrial_decarb/LCOH_EU_workflow/.venv/lib/python3.13/site-packages/pandas/core/frame.py", line 6090, in reindex
    return super().reindex(
           ~~~~~~~~~~~~~~~^
        labels=labels,
        ^^^^^^^^^^^^^^
    ...<8 lines>...
        copy=copy,
        ^^^^^^^^^^
    )
    ^
  File "/Users/annayuen/Desktop/IECC/industrial_decarb/LCOH_EU_workflow/.venv/lib/python3.13/site-packages/pandas/core/generic.py", line 5476, in reindex
    return self._reindex_axes(
           ~~~~~~~~~~~~~~~~~~^
        axes, level, limit, tolerance, method, fill_value
        ^^^^^^^^^^^^^^^^^^^^^^^^^^^^^^^^^^^^^^^^^^^^^^^^^
    ).__finalize__(self, method="reindex")
    ^
  File "/Users/annayuen/Desktop/IECC/industrial_decarb/LCOH_EU_workflow/.venv/lib/python3.13/site-packages/pandas/core/generic.py", line 5503, in _reindex_axes
    obj = obj._reindex_with_indexers(
        {axis: [new_index, indexer]},
        fill_value=fill_value,
        allow_dups=False,
    )
  File "/Users/annayuen/Desktop/IECC/industrial_decarb/LCOH_EU_workflow/.venv/lib/python3.13/site-packages/pandas/core/generic.py", line 5547, in _reindex_with_indexers
    new_data = new_data.reindex_indexer(
        index,
    ...<3 lines>...
        allow_dups=allow_dups,
    )
  File "/Users/annayuen/Desktop/IECC/industrial_decarb/LCOH_EU_workflow/.venv/lib/python3.13/site-packages/pandas/core/internals/managers.py", line 866, in reindex_indexer
    blk.take_nd(
    ~~~~~~~~~~~^
        indexer,
        ^^^^^^^^
    ...<3 lines>...
        ),
        ^^
    )
    ^
  File "/Users/annayuen/Desktop/IECC/industrial_decarb/LCOH_EU_workflow/.venv/lib/python3.13/site-packages/pandas/core/internals/blocks.py", line 1015, in take_nd
    new_values = algos.take_nd(
        values, indexer, axis=axis, allow_fill=allow_fill, fill_value=fill_value
    )
  File "/Users/annayuen/Desktop/IECC/industrial_decarb/LCOH_EU_workflow/.venv/lib/python3.13/site-packages/pandas/core/array_algos/take.py", line 112, in take_nd
    return arr.take(indexer, fill_value=fill_value, allow_fill=allow_fill)
           ~~~~~~~~^^^^^^^^^^^^^^^^^^^^^^^^^^^^^^^^^^^^^^^^^^^^^^^^^^^^^^^
  File "/Users/annayuen/Desktop/IECC/industrial_decarb/LCOH_EU_workflow/.venv/lib/python3.13/site-packages/pandas/core/arrays/numpy_.py", line 382, in take
    result = super().take(
        indices, allow_fill=allow_fill, fill_value=fill_value, axis=axis
    )
  File "/Users/annayuen/Desktop/IECC/industrial_decarb/LCOH_EU_workflow/.venv/lib/python3.13/site-packages/pandas/core/arrays/_mixins.py", line 170, in take
    fill_value = self._validate_scalar(fill_value)
  File "/Users/annayuen/Desktop/IECC/industrial_decarb/LCOH_EU_workflow/.venv/lib/python3.13/site-packages/pandas/core/arrays/string_.py", line 750, in _validate_scalar
    raise TypeError(
    ...<2 lines>...
    )
TypeError: Invalid value '0' for dtype 'str'. Value should be a string or missing value, got 'int' instead.
2026-06-01 16:50:11,760 INFO [55/115] FAIL  FR.CAED/662.FACILITY  ETA 0:00:13.606980
2026-06-01 16:50:11,763 INFO [IT.CAED/930121001.FACILITY] start  lat=37.0554 lon=14.2772  active=10
2026-06-01 16:50:11,764 INFO [56/115] FAIL  FR.CAED/3936.FACILITY  ETA 0:00:13.144728
2026-06-01 16:50:11,843 ERROR [PL.MŚ/000000053.FACILITY] unexpected error: Invalid value '0' for dtype 'str'. Value should be a string or missing value, got 'int' instead.
Traceback (most recent call last):
  File "/Users/annayuen/Desktop/IECC/industrial_decarb/LCOH_EU_workflow/off_grid_electricity_run/scripts/pull_pvgis_115.py", line 133, in fetch_one
    df = df.reindex(full_range, fill_value=0)[["P_kWperkWp"]]
         ~~~~~~~~~~^^^^^^^^^^^^^^^^^^^^^^^^^^
  File "/Users/annayuen/Desktop/IECC/industrial_decarb/LCOH_EU_workflow/.venv/lib/python3.13/site-packages/pandas/core/frame.py", line 6090, in reindex
    return super().reindex(
           ~~~~~~~~~~~~~~~^
        labels=labels,
        ^^^^^^^^^^^^^^
    ...<8 lines>...
        copy=copy,
        ^^^^^^^^^^
    )
    ^
  File "/Users/annayuen/Desktop/IECC/industrial_decarb/LCOH_EU_workflow/.venv/lib/python3.13/site-packages/pandas/core/generic.py", line 5476, in reindex
    return self._reindex_axes(
           ~~~~~~~~~~~~~~~~~~^
        axes, level, limit, tolerance, method, fill_value
        ^^^^^^^^^^^^^^^^^^^^^^^^^^^^^^^^^^^^^^^^^^^^^^^^^
    ).__finalize__(self, method="reindex")
    ^
  File "/Users/annayuen/Desktop/IECC/industrial_decarb/LCOH_EU_workflow/.venv/lib/python3.13/site-packages/pandas/core/generic.py", line 5503, in _reindex_axes
    obj = obj._reindex_with_indexers(
        {axis: [new_index, indexer]},
        fill_value=fill_value,
        allow_dups=False,
    )
  File "/Users/annayuen/Desktop/IECC/industrial_decarb/LCOH_EU_workflow/.venv/lib/python3.13/site-packages/pandas/core/generic.py", line 5547, in _reindex_with_indexers
    new_data = new_data.reindex_indexer(
        index,
    ...<3 lines>...
        allow_dups=allow_dups,
    )
  File "/Users/annayuen/Desktop/IECC/industrial_decarb/LCOH_EU_workflow/.venv/lib/python3.13/site-packages/pandas/core/internals/managers.py", line 866, in reindex_indexer
    blk.take_nd(
    ~~~~~~~~~~~^
        indexer,
        ^^^^^^^^
    ...<3 lines>...
        ),
        ^^
    )
    ^
  File "/Users/annayuen/Desktop/IECC/industrial_decarb/LCOH_EU_workflow/.venv/lib/python3.13/site-packages/pandas/core/internals/blocks.py", line 1015, in take_nd
    new_values = algos.take_nd(
        values, indexer, axis=axis, allow_fill=allow_fill, fill_value=fill_value
    )
  File "/Users/annayuen/Desktop/IECC/industrial_decarb/LCOH_EU_workflow/.venv/lib/python3.13/site-packages/pandas/core/array_algos/take.py", line 112, in take_nd
    return arr.take(indexer, fill_value=fill_value, allow_fill=allow_fill)
           ~~~~~~~~^^^^^^^^^^^^^^^^^^^^^^^^^^^^^^^^^^^^^^^^^^^^^^^^^^^^^^^
  File "/Users/annayuen/Desktop/IECC/industrial_decarb/LCOH_EU_workflow/.venv/lib/python3.13/site-packages/pandas/core/arrays/numpy_.py", line 382, in take
    result = super().take(
        indices, allow_fill=allow_fill, fill_value=fill_value, axis=axis
    )
  File "/Users/annayuen/Desktop/IECC/industrial_decarb/LCOH_EU_workflow/.venv/lib/python3.13/site-packages/pandas/core/arrays/_mixins.py", line 170, in take
    fill_value = self._validate_scalar(fill_value)
  File "/Users/annayuen/Desktop/IECC/industrial_decarb/LCOH_EU_workflow/.venv/lib/python3.13/site-packages/pandas/core/arrays/string_.py", line 750, in _validate_scalar
    raise TypeError(
    ...<2 lines>...
    )
TypeError: Invalid value '0' for dtype 'str'. Value should be a string or missing value, got 'int' instead.
2026-06-01 16:50:11,845 INFO [EL.CAED/100058.FACILITY] start  lat=38.0422 lon=23.5108  active=10
2026-06-01 16:50:11,846 INFO [57/115] FAIL  PL.MŚ/000000053.FACILITY  ETA 0:00:12.778850
2026-06-01 16:50:11,945 ERROR [ES.CAED/001619000.FACILITY] unexpected error: Invalid value '0' for dtype 'str'. Value should be a string or missing value, got 'int' instead.
Traceback (most recent call last):
  File "/Users/annayuen/Desktop/IECC/industrial_decarb/LCOH_EU_workflow/off_grid_electricity_run/scripts/pull_pvgis_115.py", line 133, in fetch_one
    df = df.reindex(full_range, fill_value=0)[["P_kWperkWp"]]
         ~~~~~~~~~~^^^^^^^^^^^^^^^^^^^^^^^^^^
  File "/Users/annayuen/Desktop/IECC/industrial_decarb/LCOH_EU_workflow/.venv/lib/python3.13/site-packages/pandas/core/frame.py", line 6090, in reindex
    return super().reindex(
           ~~~~~~~~~~~~~~~^
        labels=labels,
        ^^^^^^^^^^^^^^
    ...<8 lines>...
        copy=copy,
        ^^^^^^^^^^
    )
    ^
  File "/Users/annayuen/Desktop/IECC/industrial_decarb/LCOH_EU_workflow/.venv/lib/python3.13/site-packages/pandas/core/generic.py", line 5476, in reindex
    return self._reindex_axes(
           ~~~~~~~~~~~~~~~~~~^
        axes, level, limit, tolerance, method, fill_value
        ^^^^^^^^^^^^^^^^^^^^^^^^^^^^^^^^^^^^^^^^^^^^^^^^^
    ).__finalize__(self, method="reindex")
    ^
  File "/Users/annayuen/Desktop/IECC/industrial_decarb/LCOH_EU_workflow/.venv/lib/python3.13/site-packages/pandas/core/generic.py", line 5503, in _reindex_axes
    obj = obj._reindex_with_indexers(
        {axis: [new_index, indexer]},
        fill_value=fill_value,
        allow_dups=False,
    )
  File "/Users/annayuen/Desktop/IECC/industrial_decarb/LCOH_EU_workflow/.venv/lib/python3.13/site-packages/pandas/core/generic.py", line 5547, in _reindex_with_indexers
    new_data = new_data.reindex_indexer(
        index,
    ...<3 lines>...
        allow_dups=allow_dups,
    )
  File "/Users/annayuen/Desktop/IECC/industrial_decarb/LCOH_EU_workflow/.venv/lib/python3.13/site-packages/pandas/core/internals/managers.py", line 866, in reindex_indexer
    blk.take_nd(
    ~~~~~~~~~~~^
        indexer,
        ^^^^^^^^
    ...<3 lines>...
        ),
        ^^
    )
    ^
  File "/Users/annayuen/Desktop/IECC/industrial_decarb/LCOH_EU_workflow/.venv/lib/python3.13/site-packages/pandas/core/internals/blocks.py", line 1015, in take_nd
    new_values = algos.take_nd(
        values, indexer, axis=axis, allow_fill=allow_fill, fill_value=fill_value
    )
  File "/Users/annayuen/Desktop/IECC/industrial_decarb/LCOH_EU_workflow/.venv/lib/python3.13/site-packages/pandas/core/array_algos/take.py", line 112, in take_nd
    return arr.take(indexer, fill_value=fill_value, allow_fill=allow_fill)
           ~~~~~~~~^^^^^^^^^^^^^^^^^^^^^^^^^^^^^^^^^^^^^^^^^^^^^^^^^^^^^^^
  File "/Users/annayuen/Desktop/IECC/industrial_decarb/LCOH_EU_workflow/.venv/lib/python3.13/site-packages/pandas/core/arrays/numpy_.py", line 382, in take
    result = super().take(
        indices, allow_fill=allow_fill, fill_value=fill_value, axis=axis
    )
  File "/Users/annayuen/Desktop/IECC/industrial_decarb/LCOH_EU_workflow/.venv/lib/python3.13/site-packages/pandas/core/arrays/_mixins.py", line 170, in take
    fill_value = self._validate_scalar(fill_value)
  File "/Users/annayuen/Desktop/IECC/industrial_decarb/LCOH_EU_workflow/.venv/lib/python3.13/site-packages/pandas/core/arrays/string_.py", line 750, in _validate_scalar
    raise TypeError(
    ...<2 lines>...
    )
TypeError: Invalid value '0' for dtype 'str'. Value should be a string or missing value, got 'int' instead.
2026-06-01 16:50:11,947 INFO [IT.CAED/301751001.FACILITY] start  lat=45.4594 lon=12.2667  active=10
2026-06-01 16:50:11,947 INFO [58/115] FAIL  ES.CAED/001619000.FACILITY  ETA 0:00:12.441732
2026-06-01 16:50:12,166 ERROR [PL.MŚ/000000273.FACILITY] unexpected error: Invalid value '0' for dtype 'str'. Value should be a string or missing value, got 'int' instead.
Traceback (most recent call last):
  File "/Users/annayuen/Desktop/IECC/industrial_decarb/LCOH_EU_workflow/off_grid_electricity_run/scripts/pull_pvgis_115.py", line 133, in fetch_one
    df = df.reindex(full_range, fill_value=0)[["P_kWperkWp"]]
         ~~~~~~~~~~^^^^^^^^^^^^^^^^^^^^^^^^^^
  File "/Users/annayuen/Desktop/IECC/industrial_decarb/LCOH_EU_workflow/.venv/lib/python3.13/site-packages/pandas/core/frame.py", line 6090, in reindex
    return super().reindex(
           ~~~~~~~~~~~~~~~^
        labels=labels,
        ^^^^^^^^^^^^^^
    ...<8 lines>...
        copy=copy,
        ^^^^^^^^^^
    )
    ^
  File "/Users/annayuen/Desktop/IECC/industrial_decarb/LCOH_EU_workflow/.venv/lib/python3.13/site-packages/pandas/core/generic.py", line 5476, in reindex
    return self._reindex_axes(
           ~~~~~~~~~~~~~~~~~~^
        axes, level, limit, tolerance, method, fill_value
        ^^^^^^^^^^^^^^^^^^^^^^^^^^^^^^^^^^^^^^^^^^^^^^^^^
    ).__finalize__(self, method="reindex")
    ^
  File "/Users/annayuen/Desktop/IECC/industrial_decarb/LCOH_EU_workflow/.venv/lib/python3.13/site-packages/pandas/core/generic.py", line 5503, in _reindex_axes
    obj = obj._reindex_with_indexers(
        {axis: [new_index, indexer]},
        fill_value=fill_value,
        allow_dups=False,
    )
  File "/Users/annayuen/Desktop/IECC/industrial_decarb/LCOH_EU_workflow/.venv/lib/python3.13/site-packages/pandas/core/generic.py", line 5547, in _reindex_with_indexers
    new_data = new_data.reindex_indexer(
        index,
    ...<3 lines>...
        allow_dups=allow_dups,
    )
  File "/Users/annayuen/Desktop/IECC/industrial_decarb/LCOH_EU_workflow/.venv/lib/python3.13/site-packages/pandas/core/internals/managers.py", line 866, in reindex_indexer
    blk.take_nd(
    ~~~~~~~~~~~^
        indexer,
        ^^^^^^^^
    ...<3 lines>...
        ),
        ^^
    )
    ^
  File "/Users/annayuen/Desktop/IECC/industrial_decarb/LCOH_EU_workflow/.venv/lib/python3.13/site-packages/pandas/core/internals/blocks.py", line 1015, in take_nd
    new_values = algos.take_nd(
        values, indexer, axis=axis, allow_fill=allow_fill, fill_value=fill_value
    )
  File "/Users/annayuen/Desktop/IECC/industrial_decarb/LCOH_EU_workflow/.venv/lib/python3.13/site-packages/pandas/core/array_algos/take.py", line 112, in take_nd
    return arr.take(indexer, fill_value=fill_value, allow_fill=allow_fill)
           ~~~~~~~~^^^^^^^^^^^^^^^^^^^^^^^^^^^^^^^^^^^^^^^^^^^^^^^^^^^^^^^
  File "/Users/annayuen/Desktop/IECC/industrial_decarb/LCOH_EU_workflow/.venv/lib/python3.13/site-packages/pandas/core/arrays/numpy_.py", line 382, in take
    result = super().take(
        indices, allow_fill=allow_fill, fill_value=fill_value, axis=axis
    )
  File "/Users/annayuen/Desktop/IECC/industrial_decarb/LCOH_EU_workflow/.venv/lib/python3.13/site-packages/pandas/core/arrays/_mixins.py", line 170, in take
    fill_value = self._validate_scalar(fill_value)
  File "/Users/annayuen/Desktop/IECC/industrial_decarb/LCOH_EU_workflow/.venv/lib/python3.13/site-packages/pandas/core/arrays/string_.py", line 750, in _validate_scalar
    raise TypeError(
    ...<2 lines>...
    )
TypeError: Invalid value '0' for dtype 'str'. Value should be a string or missing value, got 'int' instead.
2026-06-01 16:50:12,169 ERROR [FR.CAED/5938.FACILITY] unexpected error: Invalid value '0' for dtype 'str'. Value should be a string or missing value, got 'int' instead.
Traceback (most recent call last):
  File "/Users/annayuen/Desktop/IECC/industrial_decarb/LCOH_EU_workflow/off_grid_electricity_run/scripts/pull_pvgis_115.py", line 133, in fetch_one
    df = df.reindex(full_range, fill_value=0)[["P_kWperkWp"]]
         ~~~~~~~~~~^^^^^^^^^^^^^^^^^^^^^^^^^^
  File "/Users/annayuen/Desktop/IECC/industrial_decarb/LCOH_EU_workflow/.venv/lib/python3.13/site-packages/pandas/core/frame.py", line 6090, in reindex
    return super().reindex(
           ~~~~~~~~~~~~~~~^
        labels=labels,
        ^^^^^^^^^^^^^^
    ...<8 lines>...
        copy=copy,
        ^^^^^^^^^^
    )
    ^
  File "/Users/annayuen/Desktop/IECC/industrial_decarb/LCOH_EU_workflow/.venv/lib/python3.13/site-packages/pandas/core/generic.py", line 5476, in reindex
    return self._reindex_axes(
           ~~~~~~~~~~~~~~~~~~^
        axes, level, limit, tolerance, method, fill_value
        ^^^^^^^^^^^^^^^^^^^^^^^^^^^^^^^^^^^^^^^^^^^^^^^^^
    ).__finalize__(self, method="reindex")
    ^
  File "/Users/annayuen/Desktop/IECC/industrial_decarb/LCOH_EU_workflow/.venv/lib/python3.13/site-packages/pandas/core/generic.py", line 5503, in _reindex_axes
    obj = obj._reindex_with_indexers(
        {axis: [new_index, indexer]},
        fill_value=fill_value,
        allow_dups=False,
    )
  File "/Users/annayuen/Desktop/IECC/industrial_decarb/LCOH_EU_workflow/.venv/lib/python3.13/site-packages/pandas/core/generic.py", line 5547, in _reindex_with_indexers
    new_data = new_data.reindex_indexer(
        index,
    ...<3 lines>...
        allow_dups=allow_dups,
    )
  File "/Users/annayuen/Desktop/IECC/industrial_decarb/LCOH_EU_workflow/.venv/lib/python3.13/site-packages/pandas/core/internals/managers.py", line 866, in reindex_indexer
    blk.take_nd(
    ~~~~~~~~~~~^
        indexer,
        ^^^^^^^^
    ...<3 lines>...
        ),
        ^^
    )
    ^
  File "/Users/annayuen/Desktop/IECC/industrial_decarb/LCOH_EU_workflow/.venv/lib/python3.13/site-packages/pandas/core/internals/blocks.py", line 1015, in take_nd
    new_values = algos.take_nd(
        values, indexer, axis=axis, allow_fill=allow_fill, fill_value=fill_value
    )
  File "/Users/annayuen/Desktop/IECC/industrial_decarb/LCOH_EU_workflow/.venv/lib/python3.13/site-packages/pandas/core/array_algos/take.py", line 112, in take_nd
    return arr.take(indexer, fill_value=fill_value, allow_fill=allow_fill)
           ~~~~~~~~^^^^^^^^^^^^^^^^^^^^^^^^^^^^^^^^^^^^^^^^^^^^^^^^^^^^^^^
  File "/Users/annayuen/Desktop/IECC/industrial_decarb/LCOH_EU_workflow/.venv/lib/python3.13/site-packages/pandas/core/arrays/numpy_.py", line 382, in take
    result = super().take(
        indices, allow_fill=allow_fill, fill_value=fill_value, axis=axis
    )
  File "/Users/annayuen/Desktop/IECC/industrial_decarb/LCOH_EU_workflow/.venv/lib/python3.13/site-packages/pandas/core/arrays/_mixins.py", line 170, in take
    fill_value = self._validate_scalar(fill_value)
  File "/Users/annayuen/Desktop/IECC/industrial_decarb/LCOH_EU_workflow/.venv/lib/python3.13/site-packages/pandas/core/arrays/string_.py", line 750, in _validate_scalar
    raise TypeError(
    ...<2 lines>...
    )
TypeError: Invalid value '0' for dtype 'str'. Value should be a string or missing value, got 'int' instead.
2026-06-01 16:50:12,170 INFO [FR.CAED/759.FACILITY] start  lat=44.2072 lon=-1.2716  active=10
2026-06-01 16:50:12,170 INFO [59/115] FAIL  PL.MŚ/000000273.FACILITY  ETA 0:00:12.228104
2026-06-01 16:50:12,173 INFO [IT.CAED/030392001.FACILITY] start  lat=41.6994 lon=13.5869  active=10
2026-06-01 16:50:12,173 INFO [60/115] FAIL  FR.CAED/5938.FACILITY  ETA 0:00:11.812185
2026-06-01 16:50:13,193 ERROR [FR.CAED/3839.FACILITY] unexpected error: Invalid value '0' for dtype 'str'. Value should be a string or missing value, got 'int' instead.
Traceback (most recent call last):
  File "/Users/annayuen/Desktop/IECC/industrial_decarb/LCOH_EU_workflow/off_grid_electricity_run/scripts/pull_pvgis_115.py", line 133, in fetch_one
    df = df.reindex(full_range, fill_value=0)[["P_kWperkWp"]]
         ~~~~~~~~~~^^^^^^^^^^^^^^^^^^^^^^^^^^
  File "/Users/annayuen/Desktop/IECC/industrial_decarb/LCOH_EU_workflow/.venv/lib/python3.13/site-packages/pandas/core/frame.py", line 6090, in reindex
    return super().reindex(
           ~~~~~~~~~~~~~~~^
        labels=labels,
        ^^^^^^^^^^^^^^
    ...<8 lines>...
        copy=copy,
        ^^^^^^^^^^
    )
    ^
  File "/Users/annayuen/Desktop/IECC/industrial_decarb/LCOH_EU_workflow/.venv/lib/python3.13/site-packages/pandas/core/generic.py", line 5476, in reindex
    return self._reindex_axes(
           ~~~~~~~~~~~~~~~~~~^
        axes, level, limit, tolerance, method, fill_value
        ^^^^^^^^^^^^^^^^^^^^^^^^^^^^^^^^^^^^^^^^^^^^^^^^^
    ).__finalize__(self, method="reindex")
    ^
  File "/Users/annayuen/Desktop/IECC/industrial_decarb/LCOH_EU_workflow/.venv/lib/python3.13/site-packages/pandas/core/generic.py", line 5503, in _reindex_axes
    obj = obj._reindex_with_indexers(
        {axis: [new_index, indexer]},
        fill_value=fill_value,
        allow_dups=False,
    )
  File "/Users/annayuen/Desktop/IECC/industrial_decarb/LCOH_EU_workflow/.venv/lib/python3.13/site-packages/pandas/core/generic.py", line 5547, in _reindex_with_indexers
    new_data = new_data.reindex_indexer(
        index,
    ...<3 lines>...
        allow_dups=allow_dups,
    )
  File "/Users/annayuen/Desktop/IECC/industrial_decarb/LCOH_EU_workflow/.venv/lib/python3.13/site-packages/pandas/core/internals/managers.py", line 866, in reindex_indexer
    blk.take_nd(
    ~~~~~~~~~~~^
        indexer,
        ^^^^^^^^
    ...<3 lines>...
        ),
        ^^
    )
    ^
  File "/Users/annayuen/Desktop/IECC/industrial_decarb/LCOH_EU_workflow/.venv/lib/python3.13/site-packages/pandas/core/internals/blocks.py", line 1015, in take_nd
    new_values = algos.take_nd(
        values, indexer, axis=axis, allow_fill=allow_fill, fill_value=fill_value
    )
  File "/Users/annayuen/Desktop/IECC/industrial_decarb/LCOH_EU_workflow/.venv/lib/python3.13/site-packages/pandas/core/array_algos/take.py", line 112, in take_nd
    return arr.take(indexer, fill_value=fill_value, allow_fill=allow_fill)
           ~~~~~~~~^^^^^^^^^^^^^^^^^^^^^^^^^^^^^^^^^^^^^^^^^^^^^^^^^^^^^^^
  File "/Users/annayuen/Desktop/IECC/industrial_decarb/LCOH_EU_workflow/.venv/lib/python3.13/site-packages/pandas/core/arrays/numpy_.py", line 382, in take
    result = super().take(
        indices, allow_fill=allow_fill, fill_value=fill_value, axis=axis
    )
  File "/Users/annayuen/Desktop/IECC/industrial_decarb/LCOH_EU_workflow/.venv/lib/python3.13/site-packages/pandas/core/arrays/_mixins.py", line 170, in take
    fill_value = self._validate_scalar(fill_value)
  File "/Users/annayuen/Desktop/IECC/industrial_decarb/LCOH_EU_workflow/.venv/lib/python3.13/site-packages/pandas/core/arrays/string_.py", line 750, in _validate_scalar
    raise TypeError(
    ...<2 lines>...
    )
TypeError: Invalid value '0' for dtype 'str'. Value should be a string or missing value, got 'int' instead.
2026-06-01 16:50:13,196 INFO [FR.CAED/146.FACILITY] start  lat=49.3655 lon=3.4137  active=10
2026-06-01 16:50:13,196 INFO [61/115] FAIL  FR.CAED/3839.FACILITY  ETA 0:00:12.312702
2026-06-01 16:50:13,316 ERROR [FR.CAED/44.FACILITY] unexpected error: Invalid value '0' for dtype 'str'. Value should be a string or missing value, got 'int' instead.
Traceback (most recent call last):
  File "/Users/annayuen/Desktop/IECC/industrial_decarb/LCOH_EU_workflow/off_grid_electricity_run/scripts/pull_pvgis_115.py", line 133, in fetch_one
    df = df.reindex(full_range, fill_value=0)[["P_kWperkWp"]]
         ~~~~~~~~~~^^^^^^^^^^^^^^^^^^^^^^^^^^
  File "/Users/annayuen/Desktop/IECC/industrial_decarb/LCOH_EU_workflow/.venv/lib/python3.13/site-packages/pandas/core/frame.py", line 6090, in reindex
    return super().reindex(
           ~~~~~~~~~~~~~~~^
        labels=labels,
        ^^^^^^^^^^^^^^
    ...<8 lines>...
        copy=copy,
        ^^^^^^^^^^
    )
    ^
  File "/Users/annayuen/Desktop/IECC/industrial_decarb/LCOH_EU_workflow/.venv/lib/python3.13/site-packages/pandas/core/generic.py", line 5476, in reindex
    return self._reindex_axes(
           ~~~~~~~~~~~~~~~~~~^
        axes, level, limit, tolerance, method, fill_value
        ^^^^^^^^^^^^^^^^^^^^^^^^^^^^^^^^^^^^^^^^^^^^^^^^^
    ).__finalize__(self, method="reindex")
    ^
  File "/Users/annayuen/Desktop/IECC/industrial_decarb/LCOH_EU_workflow/.venv/lib/python3.13/site-packages/pandas/core/generic.py", line 5503, in _reindex_axes
    obj = obj._reindex_with_indexers(
        {axis: [new_index, indexer]},
        fill_value=fill_value,
        allow_dups=False,
    )
  File "/Users/annayuen/Desktop/IECC/industrial_decarb/LCOH_EU_workflow/.venv/lib/python3.13/site-packages/pandas/core/generic.py", line 5547, in _reindex_with_indexers
    new_data = new_data.reindex_indexer(
        index,
    ...<3 lines>...
        allow_dups=allow_dups,
    )
  File "/Users/annayuen/Desktop/IECC/industrial_decarb/LCOH_EU_workflow/.venv/lib/python3.13/site-packages/pandas/core/internals/managers.py", line 866, in reindex_indexer
    blk.take_nd(
    ~~~~~~~~~~~^
        indexer,
        ^^^^^^^^
    ...<3 lines>...
        ),
        ^^
    )
    ^
  File "/Users/annayuen/Desktop/IECC/industrial_decarb/LCOH_EU_workflow/.venv/lib/python3.13/site-packages/pandas/core/internals/blocks.py", line 1015, in take_nd
    new_values = algos.take_nd(
        values, indexer, axis=axis, allow_fill=allow_fill, fill_value=fill_value
    )
  File "/Users/annayuen/Desktop/IECC/industrial_decarb/LCOH_EU_workflow/.venv/lib/python3.13/site-packages/pandas/core/array_algos/take.py", line 112, in take_nd
    return arr.take(indexer, fill_value=fill_value, allow_fill=allow_fill)
           ~~~~~~~~^^^^^^^^^^^^^^^^^^^^^^^^^^^^^^^^^^^^^^^^^^^^^^^^^^^^^^^
  File "/Users/annayuen/Desktop/IECC/industrial_decarb/LCOH_EU_workflow/.venv/lib/python3.13/site-packages/pandas/core/arrays/numpy_.py", line 382, in take
    result = super().take(
        indices, allow_fill=allow_fill, fill_value=fill_value, axis=axis
    )
  File "/Users/annayuen/Desktop/IECC/industrial_decarb/LCOH_EU_workflow/.venv/lib/python3.13/site-packages/pandas/core/arrays/_mixins.py", line 170, in take
    fill_value = self._validate_scalar(fill_value)
  File "/Users/annayuen/Desktop/IECC/industrial_decarb/LCOH_EU_workflow/.venv/lib/python3.13/site-packages/pandas/core/arrays/string_.py", line 750, in _validate_scalar
    raise TypeError(
    ...<2 lines>...
    )
TypeError: Invalid value '0' for dtype 'str'. Value should be a string or missing value, got 'int' instead.
2026-06-01 16:50:13,318 INFO [ES.CAED/001529000.FACILITY] start  lat=37.6222 lon=-0.9822  active=10
2026-06-01 16:50:13,318 INFO [62/115] FAIL  FR.CAED/44.FACILITY  ETA 0:00:11.994324
2026-06-01 16:50:13,323 ERROR [PL.MŚ/000000058.FACILITY] unexpected error: Invalid value '0' for dtype 'str'. Value should be a string or missing value, got 'int' instead.
Traceback (most recent call last):
  File "/Users/annayuen/Desktop/IECC/industrial_decarb/LCOH_EU_workflow/off_grid_electricity_run/scripts/pull_pvgis_115.py", line 133, in fetch_one
    df = df.reindex(full_range, fill_value=0)[["P_kWperkWp"]]
         ~~~~~~~~~~^^^^^^^^^^^^^^^^^^^^^^^^^^
  File "/Users/annayuen/Desktop/IECC/industrial_decarb/LCOH_EU_workflow/.venv/lib/python3.13/site-packages/pandas/core/frame.py", line 6090, in reindex
    return super().reindex(
           ~~~~~~~~~~~~~~~^
        labels=labels,
        ^^^^^^^^^^^^^^
    ...<8 lines>...
        copy=copy,
        ^^^^^^^^^^
    )
    ^
  File "/Users/annayuen/Desktop/IECC/industrial_decarb/LCOH_EU_workflow/.venv/lib/python3.13/site-packages/pandas/core/generic.py", line 5476, in reindex
    return self._reindex_axes(
           ~~~~~~~~~~~~~~~~~~^
        axes, level, limit, tolerance, method, fill_value
        ^^^^^^^^^^^^^^^^^^^^^^^^^^^^^^^^^^^^^^^^^^^^^^^^^
    ).__finalize__(self, method="reindex")
    ^
  File "/Users/annayuen/Desktop/IECC/industrial_decarb/LCOH_EU_workflow/.venv/lib/python3.13/site-packages/pandas/core/generic.py", line 5503, in _reindex_axes
    obj = obj._reindex_with_indexers(
        {axis: [new_index, indexer]},
        fill_value=fill_value,
        allow_dups=False,
    )
  File "/Users/annayuen/Desktop/IECC/industrial_decarb/LCOH_EU_workflow/.venv/lib/python3.13/site-packages/pandas/core/generic.py", line 5547, in _reindex_with_indexers
    new_data = new_data.reindex_indexer(
        index,
    ...<3 lines>...
        allow_dups=allow_dups,
    )
  File "/Users/annayuen/Desktop/IECC/industrial_decarb/LCOH_EU_workflow/.venv/lib/python3.13/site-packages/pandas/core/internals/managers.py", line 866, in reindex_indexer
    blk.take_nd(
    ~~~~~~~~~~~^
        indexer,
        ^^^^^^^^
    ...<3 lines>...
        ),
        ^^
    )
    ^
  File "/Users/annayuen/Desktop/IECC/industrial_decarb/LCOH_EU_workflow/.venv/lib/python3.13/site-packages/pandas/core/internals/blocks.py", line 1015, in take_nd
    new_values = algos.take_nd(
        values, indexer, axis=axis, allow_fill=allow_fill, fill_value=fill_value
    )
  File "/Users/annayuen/Desktop/IECC/industrial_decarb/LCOH_EU_workflow/.venv/lib/python3.13/site-packages/pandas/core/array_algos/take.py", line 112, in take_nd
    return arr.take(indexer, fill_value=fill_value, allow_fill=allow_fill)
           ~~~~~~~~^^^^^^^^^^^^^^^^^^^^^^^^^^^^^^^^^^^^^^^^^^^^^^^^^^^^^^^
  File "/Users/annayuen/Desktop/IECC/industrial_decarb/LCOH_EU_workflow/.venv/lib/python3.13/site-packages/pandas/core/arrays/numpy_.py", line 382, in take
    result = super().take(
        indices, allow_fill=allow_fill, fill_value=fill_value, axis=axis
    )
  File "/Users/annayuen/Desktop/IECC/industrial_decarb/LCOH_EU_workflow/.venv/lib/python3.13/site-packages/pandas/core/arrays/_mixins.py", line 170, in take
    fill_value = self._validate_scalar(fill_value)
  File "/Users/annayuen/Desktop/IECC/industrial_decarb/LCOH_EU_workflow/.venv/lib/python3.13/site-packages/pandas/core/arrays/string_.py", line 750, in _validate_scalar
    raise TypeError(
    ...<2 lines>...
    )
TypeError: Invalid value '0' for dtype 'str'. Value should be a string or missing value, got 'int' instead.
2026-06-01 16:50:13,325 INFO [FR.CAED/7626.FACILITY] start  lat=43.4201 lon=4.8602  active=10
2026-06-01 16:50:13,325 INFO [63/115] FAIL  PL.MŚ/000000058.FACILITY  ETA 0:00:11.586588
2026-06-01 16:50:13,412 ERROR [ES.CAED/001960000.FACILITY] unexpected error: Invalid value '0' for dtype 'str'. Value should be a string or missing value, got 'int' instead.
Traceback (most recent call last):
  File "/Users/annayuen/Desktop/IECC/industrial_decarb/LCOH_EU_workflow/off_grid_electricity_run/scripts/pull_pvgis_115.py", line 133, in fetch_one
    df = df.reindex(full_range, fill_value=0)[["P_kWperkWp"]]
         ~~~~~~~~~~^^^^^^^^^^^^^^^^^^^^^^^^^^
  File "/Users/annayuen/Desktop/IECC/industrial_decarb/LCOH_EU_workflow/.venv/lib/python3.13/site-packages/pandas/core/frame.py", line 6090, in reindex
    return super().reindex(
           ~~~~~~~~~~~~~~~^
        labels=labels,
        ^^^^^^^^^^^^^^
    ...<8 lines>...
        copy=copy,
        ^^^^^^^^^^
    )
    ^
  File "/Users/annayuen/Desktop/IECC/industrial_decarb/LCOH_EU_workflow/.venv/lib/python3.13/site-packages/pandas/core/generic.py", line 5476, in reindex
    return self._reindex_axes(
           ~~~~~~~~~~~~~~~~~~^
        axes, level, limit, tolerance, method, fill_value
        ^^^^^^^^^^^^^^^^^^^^^^^^^^^^^^^^^^^^^^^^^^^^^^^^^
    ).__finalize__(self, method="reindex")
    ^
  File "/Users/annayuen/Desktop/IECC/industrial_decarb/LCOH_EU_workflow/.venv/lib/python3.13/site-packages/pandas/core/generic.py", line 5503, in _reindex_axes
    obj = obj._reindex_with_indexers(
        {axis: [new_index, indexer]},
        fill_value=fill_value,
        allow_dups=False,
    )
  File "/Users/annayuen/Desktop/IECC/industrial_decarb/LCOH_EU_workflow/.venv/lib/python3.13/site-packages/pandas/core/generic.py", line 5547, in _reindex_with_indexers
    new_data = new_data.reindex_indexer(
        index,
    ...<3 lines>...
        allow_dups=allow_dups,
    )
  File "/Users/annayuen/Desktop/IECC/industrial_decarb/LCOH_EU_workflow/.venv/lib/python3.13/site-packages/pandas/core/internals/managers.py", line 866, in reindex_indexer
    blk.take_nd(
    ~~~~~~~~~~~^
        indexer,
        ^^^^^^^^
    ...<3 lines>...
        ),
        ^^
    )
    ^
  File "/Users/annayuen/Desktop/IECC/industrial_decarb/LCOH_EU_workflow/.venv/lib/python3.13/site-packages/pandas/core/internals/blocks.py", line 1015, in take_nd
    new_values = algos.take_nd(
        values, indexer, axis=axis, allow_fill=allow_fill, fill_value=fill_value
    )
  File "/Users/annayuen/Desktop/IECC/industrial_decarb/LCOH_EU_workflow/.venv/lib/python3.13/site-packages/pandas/core/array_algos/take.py", line 112, in take_nd
    return arr.take(indexer, fill_value=fill_value, allow_fill=allow_fill)
           ~~~~~~~~^^^^^^^^^^^^^^^^^^^^^^^^^^^^^^^^^^^^^^^^^^^^^^^^^^^^^^^
  File "/Users/annayuen/Desktop/IECC/industrial_decarb/LCOH_EU_workflow/.venv/lib/python3.13/site-packages/pandas/core/arrays/numpy_.py", line 382, in take
    result = super().take(
        indices, allow_fill=allow_fill, fill_value=fill_value, axis=axis
    )
  File "/Users/annayuen/Desktop/IECC/industrial_decarb/LCOH_EU_workflow/.venv/lib/python3.13/site-packages/pandas/core/arrays/_mixins.py", line 170, in take
    fill_value = self._validate_scalar(fill_value)
  File "/Users/annayuen/Desktop/IECC/industrial_decarb/LCOH_EU_workflow/.venv/lib/python3.13/site-packages/pandas/core/arrays/string_.py", line 750, in _validate_scalar
    raise TypeError(
    ...<2 lines>...
    )
TypeError: Invalid value '0' for dtype 'str'. Value should be a string or missing value, got 'int' instead.
2026-06-01 16:50:13,414 INFO [FR.CAED/4151.FACILITY] start  lat=49.4891 lon=0.5252  active=10
2026-06-01 16:50:13,414 INFO [64/115] FAIL  ES.CAED/001960000.FACILITY  ETA 0:00:11.257434
2026-06-01 16:50:13,533 ERROR [IT.CAED/980571001.FACILITY] unexpected error: Invalid value '0' for dtype 'str'. Value should be a string or missing value, got 'int' instead.
Traceback (most recent call last):
  File "/Users/annayuen/Desktop/IECC/industrial_decarb/LCOH_EU_workflow/off_grid_electricity_run/scripts/pull_pvgis_115.py", line 133, in fetch_one
    df = df.reindex(full_range, fill_value=0)[["P_kWperkWp"]]
         ~~~~~~~~~~^^^^^^^^^^^^^^^^^^^^^^^^^^
  File "/Users/annayuen/Desktop/IECC/industrial_decarb/LCOH_EU_workflow/.venv/lib/python3.13/site-packages/pandas/core/frame.py", line 6090, in reindex
    return super().reindex(
           ~~~~~~~~~~~~~~~^
        labels=labels,
        ^^^^^^^^^^^^^^
    ...<8 lines>...
        copy=copy,
        ^^^^^^^^^^
    )
    ^
  File "/Users/annayuen/Desktop/IECC/industrial_decarb/LCOH_EU_workflow/.venv/lib/python3.13/site-packages/pandas/core/generic.py", line 5476, in reindex
    return self._reindex_axes(
           ~~~~~~~~~~~~~~~~~~^
        axes, level, limit, tolerance, method, fill_value
        ^^^^^^^^^^^^^^^^^^^^^^^^^^^^^^^^^^^^^^^^^^^^^^^^^
    ).__finalize__(self, method="reindex")
    ^
  File "/Users/annayuen/Desktop/IECC/industrial_decarb/LCOH_EU_workflow/.venv/lib/python3.13/site-packages/pandas/core/generic.py", line 5503, in _reindex_axes
    obj = obj._reindex_with_indexers(
        {axis: [new_index, indexer]},
        fill_value=fill_value,
        allow_dups=False,
    )
  File "/Users/annayuen/Desktop/IECC/industrial_decarb/LCOH_EU_workflow/.venv/lib/python3.13/site-packages/pandas/core/generic.py", line 5547, in _reindex_with_indexers
    new_data = new_data.reindex_indexer(
        index,
    ...<3 lines>...
        allow_dups=allow_dups,
    )
  File "/Users/annayuen/Desktop/IECC/industrial_decarb/LCOH_EU_workflow/.venv/lib/python3.13/site-packages/pandas/core/internals/managers.py", line 866, in reindex_indexer
    blk.take_nd(
    ~~~~~~~~~~~^
        indexer,
        ^^^^^^^^
    ...<3 lines>...
        ),
        ^^
    )
    ^
  File "/Users/annayuen/Desktop/IECC/industrial_decarb/LCOH_EU_workflow/.venv/lib/python3.13/site-packages/pandas/core/internals/blocks.py", line 1015, in take_nd
    new_values = algos.take_nd(
        values, indexer, axis=axis, allow_fill=allow_fill, fill_value=fill_value
    )
  File "/Users/annayuen/Desktop/IECC/industrial_decarb/LCOH_EU_workflow/.venv/lib/python3.13/site-packages/pandas/core/array_algos/take.py", line 112, in take_nd
    return arr.take(indexer, fill_value=fill_value, allow_fill=allow_fill)
           ~~~~~~~~^^^^^^^^^^^^^^^^^^^^^^^^^^^^^^^^^^^^^^^^^^^^^^^^^^^^^^^
  File "/Users/annayuen/Desktop/IECC/industrial_decarb/LCOH_EU_workflow/.venv/lib/python3.13/site-packages/pandas/core/arrays/numpy_.py", line 382, in take
    result = super().take(
        indices, allow_fill=allow_fill, fill_value=fill_value, axis=axis
    )
  File "/Users/annayuen/Desktop/IECC/industrial_decarb/LCOH_EU_workflow/.venv/lib/python3.13/site-packages/pandas/core/arrays/_mixins.py", line 170, in take
    fill_value = self._validate_scalar(fill_value)
  File "/Users/annayuen/Desktop/IECC/industrial_decarb/LCOH_EU_workflow/.venv/lib/python3.13/site-packages/pandas/core/arrays/string_.py", line 750, in _validate_scalar
    raise TypeError(
    ...<2 lines>...
    )
TypeError: Invalid value '0' for dtype 'str'. Value should be a string or missing value, got 'int' instead.
2026-06-01 16:50:13,536 INFO [EL.CAED/100062.FACILITY] start  lat=40.6795 lon=22.8782  active=10
2026-06-01 16:50:13,536 INFO [65/115] FAIL  IT.CAED/980571001.FACILITY  ETA 0:00:10.960400
2026-06-01 16:50:13,705 ERROR [IT.CAED/930121001.FACILITY] unexpected error: Invalid value '0' for dtype 'str'. Value should be a string or missing value, got 'int' instead.
Traceback (most recent call last):
  File "/Users/annayuen/Desktop/IECC/industrial_decarb/LCOH_EU_workflow/off_grid_electricity_run/scripts/pull_pvgis_115.py", line 133, in fetch_one
    df = df.reindex(full_range, fill_value=0)[["P_kWperkWp"]]
         ~~~~~~~~~~^^^^^^^^^^^^^^^^^^^^^^^^^^
  File "/Users/annayuen/Desktop/IECC/industrial_decarb/LCOH_EU_workflow/.venv/lib/python3.13/site-packages/pandas/core/frame.py", line 6090, in reindex
    return super().reindex(
           ~~~~~~~~~~~~~~~^
        labels=labels,
        ^^^^^^^^^^^^^^
    ...<8 lines>...
        copy=copy,
        ^^^^^^^^^^
    )
    ^
  File "/Users/annayuen/Desktop/IECC/industrial_decarb/LCOH_EU_workflow/.venv/lib/python3.13/site-packages/pandas/core/generic.py", line 5476, in reindex
    return self._reindex_axes(
           ~~~~~~~~~~~~~~~~~~^
        axes, level, limit, tolerance, method, fill_value
        ^^^^^^^^^^^^^^^^^^^^^^^^^^^^^^^^^^^^^^^^^^^^^^^^^
    ).__finalize__(self, method="reindex")
    ^
  File "/Users/annayuen/Desktop/IECC/industrial_decarb/LCOH_EU_workflow/.venv/lib/python3.13/site-packages/pandas/core/generic.py", line 5503, in _reindex_axes
    obj = obj._reindex_with_indexers(
        {axis: [new_index, indexer]},
        fill_value=fill_value,
        allow_dups=False,
    )
  File "/Users/annayuen/Desktop/IECC/industrial_decarb/LCOH_EU_workflow/.venv/lib/python3.13/site-packages/pandas/core/generic.py", line 5547, in _reindex_with_indexers
    new_data = new_data.reindex_indexer(
        index,
    ...<3 lines>...
        allow_dups=allow_dups,
    )
  File "/Users/annayuen/Desktop/IECC/industrial_decarb/LCOH_EU_workflow/.venv/lib/python3.13/site-packages/pandas/core/internals/managers.py", line 866, in reindex_indexer
    blk.take_nd(
    ~~~~~~~~~~~^
        indexer,
        ^^^^^^^^
    ...<3 lines>...
        ),
        ^^
    )
    ^
  File "/Users/annayuen/Desktop/IECC/industrial_decarb/LCOH_EU_workflow/.venv/lib/python3.13/site-packages/pandas/core/internals/blocks.py", line 1015, in take_nd
    new_values = algos.take_nd(
        values, indexer, axis=axis, allow_fill=allow_fill, fill_value=fill_value
    )
  File "/Users/annayuen/Desktop/IECC/industrial_decarb/LCOH_EU_workflow/.venv/lib/python3.13/site-packages/pandas/core/array_algos/take.py", line 112, in take_nd
    return arr.take(indexer, fill_value=fill_value, allow_fill=allow_fill)
           ~~~~~~~~^^^^^^^^^^^^^^^^^^^^^^^^^^^^^^^^^^^^^^^^^^^^^^^^^^^^^^^
  File "/Users/annayuen/Desktop/IECC/industrial_decarb/LCOH_EU_workflow/.venv/lib/python3.13/site-packages/pandas/core/arrays/numpy_.py", line 382, in take
    result = super().take(
        indices, allow_fill=allow_fill, fill_value=fill_value, axis=axis
    )
  File "/Users/annayuen/Desktop/IECC/industrial_decarb/LCOH_EU_workflow/.venv/lib/python3.13/site-packages/pandas/core/arrays/_mixins.py", line 170, in take
    fill_value = self._validate_scalar(fill_value)
  File "/Users/annayuen/Desktop/IECC/industrial_decarb/LCOH_EU_workflow/.venv/lib/python3.13/site-packages/pandas/core/arrays/string_.py", line 750, in _validate_scalar
    raise TypeError(
    ...<2 lines>...
    )
TypeError: Invalid value '0' for dtype 'str'. Value should be a string or missing value, got 'int' instead.
2026-06-01 16:50:13,707 INFO [EL.CAED/100053.FACILITY] start  lat=38.0324 lon=23.6028  active=10
2026-06-01 16:50:13,707 INFO [66/115] FAIL  IT.CAED/930121001.FACILITY  ETA 0:00:10.705618
2026-06-01 16:50:13,843 ERROR [IT.CAED/301751001.FACILITY] unexpected error: Invalid value '0' for dtype 'str'. Value should be a string or missing value, got 'int' instead.
Traceback (most recent call last):
  File "/Users/annayuen/Desktop/IECC/industrial_decarb/LCOH_EU_workflow/off_grid_electricity_run/scripts/pull_pvgis_115.py", line 133, in fetch_one
    df = df.reindex(full_range, fill_value=0)[["P_kWperkWp"]]
         ~~~~~~~~~~^^^^^^^^^^^^^^^^^^^^^^^^^^
  File "/Users/annayuen/Desktop/IECC/industrial_decarb/LCOH_EU_workflow/.venv/lib/python3.13/site-packages/pandas/core/frame.py", line 6090, in reindex
    return super().reindex(
           ~~~~~~~~~~~~~~~^
        labels=labels,
        ^^^^^^^^^^^^^^
    ...<8 lines>...
        copy=copy,
        ^^^^^^^^^^
    )
    ^
  File "/Users/annayuen/Desktop/IECC/industrial_decarb/LCOH_EU_workflow/.venv/lib/python3.13/site-packages/pandas/core/generic.py", line 5476, in reindex
    return self._reindex_axes(
           ~~~~~~~~~~~~~~~~~~^
        axes, level, limit, tolerance, method, fill_value
        ^^^^^^^^^^^^^^^^^^^^^^^^^^^^^^^^^^^^^^^^^^^^^^^^^
    ).__finalize__(self, method="reindex")
    ^
  File "/Users/annayuen/Desktop/IECC/industrial_decarb/LCOH_EU_workflow/.venv/lib/python3.13/site-packages/pandas/core/generic.py", line 5503, in _reindex_axes
    obj = obj._reindex_with_indexers(
        {axis: [new_index, indexer]},
        fill_value=fill_value,
        allow_dups=False,
    )
  File "/Users/annayuen/Desktop/IECC/industrial_decarb/LCOH_EU_workflow/.venv/lib/python3.13/site-packages/pandas/core/generic.py", line 5547, in _reindex_with_indexers
    new_data = new_data.reindex_indexer(
        index,
    ...<3 lines>...
        allow_dups=allow_dups,
    )
  File "/Users/annayuen/Desktop/IECC/industrial_decarb/LCOH_EU_workflow/.venv/lib/python3.13/site-packages/pandas/core/internals/managers.py", line 866, in reindex_indexer
    blk.take_nd(
    ~~~~~~~~~~~^
        indexer,
        ^^^^^^^^
    ...<3 lines>...
        ),
        ^^
    )
    ^
  File "/Users/annayuen/Desktop/IECC/industrial_decarb/LCOH_EU_workflow/.venv/lib/python3.13/site-packages/pandas/core/internals/blocks.py", line 1015, in take_nd
    new_values = algos.take_nd(
        values, indexer, axis=axis, allow_fill=allow_fill, fill_value=fill_value
    )
  File "/Users/annayuen/Desktop/IECC/industrial_decarb/LCOH_EU_workflow/.venv/lib/python3.13/site-packages/pandas/core/array_algos/take.py", line 112, in take_nd
    return arr.take(indexer, fill_value=fill_value, allow_fill=allow_fill)
           ~~~~~~~~^^^^^^^^^^^^^^^^^^^^^^^^^^^^^^^^^^^^^^^^^^^^^^^^^^^^^^^
  File "/Users/annayuen/Desktop/IECC/industrial_decarb/LCOH_EU_workflow/.venv/lib/python3.13/site-packages/pandas/core/arrays/numpy_.py", line 382, in take
    result = super().take(
        indices, allow_fill=allow_fill, fill_value=fill_value, axis=axis
    )
  File "/Users/annayuen/Desktop/IECC/industrial_decarb/LCOH_EU_workflow/.venv/lib/python3.13/site-packages/pandas/core/arrays/_mixins.py", line 170, in take
    fill_value = self._validate_scalar(fill_value)
  File "/Users/annayuen/Desktop/IECC/industrial_decarb/LCOH_EU_workflow/.venv/lib/python3.13/site-packages/pandas/core/arrays/string_.py", line 750, in _validate_scalar
    raise TypeError(
    ...<2 lines>...
    )
TypeError: Invalid value '0' for dtype 'str'. Value should be a string or missing value, got 'int' instead.
2026-06-01 16:50:13,844 ERROR [EL.CAED/100058.FACILITY] unexpected error: Invalid value '0' for dtype 'str'. Value should be a string or missing value, got 'int' instead.
Traceback (most recent call last):
  File "/Users/annayuen/Desktop/IECC/industrial_decarb/LCOH_EU_workflow/off_grid_electricity_run/scripts/pull_pvgis_115.py", line 133, in fetch_one
    df = df.reindex(full_range, fill_value=0)[["P_kWperkWp"]]
         ~~~~~~~~~~^^^^^^^^^^^^^^^^^^^^^^^^^^
  File "/Users/annayuen/Desktop/IECC/industrial_decarb/LCOH_EU_workflow/.venv/lib/python3.13/site-packages/pandas/core/frame.py", line 6090, in reindex
    return super().reindex(
           ~~~~~~~~~~~~~~~^
        labels=labels,
        ^^^^^^^^^^^^^^
    ...<8 lines>...
        copy=copy,
        ^^^^^^^^^^
    )
    ^
  File "/Users/annayuen/Desktop/IECC/industrial_decarb/LCOH_EU_workflow/.venv/lib/python3.13/site-packages/pandas/core/generic.py", line 5476, in reindex
    return self._reindex_axes(
           ~~~~~~~~~~~~~~~~~~^
        axes, level, limit, tolerance, method, fill_value
        ^^^^^^^^^^^^^^^^^^^^^^^^^^^^^^^^^^^^^^^^^^^^^^^^^
    ).__finalize__(self, method="reindex")
    ^
  File "/Users/annayuen/Desktop/IECC/industrial_decarb/LCOH_EU_workflow/.venv/lib/python3.13/site-packages/pandas/core/generic.py", line 5503, in _reindex_axes
    obj = obj._reindex_with_indexers(
        {axis: [new_index, indexer]},
        fill_value=fill_value,
        allow_dups=False,
    )
  File "/Users/annayuen/Desktop/IECC/industrial_decarb/LCOH_EU_workflow/.venv/lib/python3.13/site-packages/pandas/core/generic.py", line 5547, in _reindex_with_indexers
    new_data = new_data.reindex_indexer(
        index,
    ...<3 lines>...
        allow_dups=allow_dups,
    )
  File "/Users/annayuen/Desktop/IECC/industrial_decarb/LCOH_EU_workflow/.venv/lib/python3.13/site-packages/pandas/core/internals/managers.py", line 866, in reindex_indexer
    blk.take_nd(
    ~~~~~~~~~~~^
        indexer,
        ^^^^^^^^
    ...<3 lines>...
        ),
        ^^
    )
    ^
  File "/Users/annayuen/Desktop/IECC/industrial_decarb/LCOH_EU_workflow/.venv/lib/python3.13/site-packages/pandas/core/internals/blocks.py", line 1015, in take_nd
    new_values = algos.take_nd(
        values, indexer, axis=axis, allow_fill=allow_fill, fill_value=fill_value
    )
  File "/Users/annayuen/Desktop/IECC/industrial_decarb/LCOH_EU_workflow/.venv/lib/python3.13/site-packages/pandas/core/array_algos/take.py", line 112, in take_nd
    return arr.take(indexer, fill_value=fill_value, allow_fill=allow_fill)
           ~~~~~~~~^^^^^^^^^^^^^^^^^^^^^^^^^^^^^^^^^^^^^^^^^^^^^^^^^^^^^^^
  File "/Users/annayuen/Desktop/IECC/industrial_decarb/LCOH_EU_workflow/.venv/lib/python3.13/site-packages/pandas/core/arrays/numpy_.py", line 382, in take
    result = super().take(
        indices, allow_fill=allow_fill, fill_value=fill_value, axis=axis
    )
  File "/Users/annayuen/Desktop/IECC/industrial_decarb/LCOH_EU_workflow/.venv/lib/python3.13/site-packages/pandas/core/arrays/_mixins.py", line 170, in take
    fill_value = self._validate_scalar(fill_value)
  File "/Users/annayuen/Desktop/IECC/industrial_decarb/LCOH_EU_workflow/.venv/lib/python3.13/site-packages/pandas/core/arrays/string_.py", line 750, in _validate_scalar
    raise TypeError(
    ...<2 lines>...
    )
TypeError: Invalid value '0' for dtype 'str'. Value should be a string or missing value, got 'int' instead.
2026-06-01 16:50:13,846 INFO [IT.CAED/030402001.FACILITY] start  lat=41.4375 lon=13.8971  active=10
2026-06-01 16:50:13,846 INFO [67/115] FAIL  IT.CAED/301751001.FACILITY  ETA 0:00:10.430400
2026-06-01 16:50:13,847 INFO [FR.CAED/3829.FACILITY] start  lat=49.5052 lon=0.2099  active=10
2026-06-01 16:50:13,848 INFO [68/115] FAIL  EL.CAED/100058.FACILITY  ETA 0:00:10.064016
2026-06-01 16:50:14,077 ERROR [IT.CAED/030392001.FACILITY] unexpected error: Invalid value '0' for dtype 'str'. Value should be a string or missing value, got 'int' instead.
Traceback (most recent call last):
  File "/Users/annayuen/Desktop/IECC/industrial_decarb/LCOH_EU_workflow/off_grid_electricity_run/scripts/pull_pvgis_115.py", line 133, in fetch_one
    df = df.reindex(full_range, fill_value=0)[["P_kWperkWp"]]
         ~~~~~~~~~~^^^^^^^^^^^^^^^^^^^^^^^^^^
  File "/Users/annayuen/Desktop/IECC/industrial_decarb/LCOH_EU_workflow/.venv/lib/python3.13/site-packages/pandas/core/frame.py", line 6090, in reindex
    return super().reindex(
           ~~~~~~~~~~~~~~~^
        labels=labels,
        ^^^^^^^^^^^^^^
    ...<8 lines>...
        copy=copy,
        ^^^^^^^^^^
    )
    ^
  File "/Users/annayuen/Desktop/IECC/industrial_decarb/LCOH_EU_workflow/.venv/lib/python3.13/site-packages/pandas/core/generic.py", line 5476, in reindex
    return self._reindex_axes(
           ~~~~~~~~~~~~~~~~~~^
        axes, level, limit, tolerance, method, fill_value
        ^^^^^^^^^^^^^^^^^^^^^^^^^^^^^^^^^^^^^^^^^^^^^^^^^
    ).__finalize__(self, method="reindex")
    ^
  File "/Users/annayuen/Desktop/IECC/industrial_decarb/LCOH_EU_workflow/.venv/lib/python3.13/site-packages/pandas/core/generic.py", line 5503, in _reindex_axes
    obj = obj._reindex_with_indexers(
        {axis: [new_index, indexer]},
        fill_value=fill_value,
        allow_dups=False,
    )
  File "/Users/annayuen/Desktop/IECC/industrial_decarb/LCOH_EU_workflow/.venv/lib/python3.13/site-packages/pandas/core/generic.py", line 5547, in _reindex_with_indexers
    new_data = new_data.reindex_indexer(
        index,
    ...<3 lines>...
        allow_dups=allow_dups,
    )
  File "/Users/annayuen/Desktop/IECC/industrial_decarb/LCOH_EU_workflow/.venv/lib/python3.13/site-packages/pandas/core/internals/managers.py", line 866, in reindex_indexer
    blk.take_nd(
    ~~~~~~~~~~~^
        indexer,
        ^^^^^^^^
    ...<3 lines>...
        ),
        ^^
    )
    ^
  File "/Users/annayuen/Desktop/IECC/industrial_decarb/LCOH_EU_workflow/.venv/lib/python3.13/site-packages/pandas/core/internals/blocks.py", line 1015, in take_nd
    new_values = algos.take_nd(
        values, indexer, axis=axis, allow_fill=allow_fill, fill_value=fill_value
    )
  File "/Users/annayuen/Desktop/IECC/industrial_decarb/LCOH_EU_workflow/.venv/lib/python3.13/site-packages/pandas/core/array_algos/take.py", line 112, in take_nd
    return arr.take(indexer, fill_value=fill_value, allow_fill=allow_fill)
           ~~~~~~~~^^^^^^^^^^^^^^^^^^^^^^^^^^^^^^^^^^^^^^^^^^^^^^^^^^^^^^^
  File "/Users/annayuen/Desktop/IECC/industrial_decarb/LCOH_EU_workflow/.venv/lib/python3.13/site-packages/pandas/core/arrays/numpy_.py", line 382, in take
    result = super().take(
        indices, allow_fill=allow_fill, fill_value=fill_value, axis=axis
    )
  File "/Users/annayuen/Desktop/IECC/industrial_decarb/LCOH_EU_workflow/.venv/lib/python3.13/site-packages/pandas/core/arrays/_mixins.py", line 170, in take
    fill_value = self._validate_scalar(fill_value)
  File "/Users/annayuen/Desktop/IECC/industrial_decarb/LCOH_EU_workflow/.venv/lib/python3.13/site-packages/pandas/core/arrays/string_.py", line 750, in _validate_scalar
    raise TypeError(
    ...<2 lines>...
    )
TypeError: Invalid value '0' for dtype 'str'. Value should be a string or missing value, got 'int' instead.
2026-06-01 16:50:14,080 INFO [IT.CAED/570162008.FACILITY] start  lat=43.4089 lon=10.4739  active=10
2026-06-01 16:50:14,080 INFO [69/115] FAIL  IT.CAED/030392001.FACILITY  ETA 0:00:09.861802
2026-06-01 16:50:14,084 ERROR [FR.CAED/759.FACILITY] unexpected error: Invalid value '0' for dtype 'str'. Value should be a string or missing value, got 'int' instead.
Traceback (most recent call last):
  File "/Users/annayuen/Desktop/IECC/industrial_decarb/LCOH_EU_workflow/off_grid_electricity_run/scripts/pull_pvgis_115.py", line 133, in fetch_one
    df = df.reindex(full_range, fill_value=0)[["P_kWperkWp"]]
         ~~~~~~~~~~^^^^^^^^^^^^^^^^^^^^^^^^^^
  File "/Users/annayuen/Desktop/IECC/industrial_decarb/LCOH_EU_workflow/.venv/lib/python3.13/site-packages/pandas/core/frame.py", line 6090, in reindex
    return super().reindex(
           ~~~~~~~~~~~~~~~^
        labels=labels,
        ^^^^^^^^^^^^^^
    ...<8 lines>...
        copy=copy,
        ^^^^^^^^^^
    )
    ^
  File "/Users/annayuen/Desktop/IECC/industrial_decarb/LCOH_EU_workflow/.venv/lib/python3.13/site-packages/pandas/core/generic.py", line 5476, in reindex
    return self._reindex_axes(
           ~~~~~~~~~~~~~~~~~~^
        axes, level, limit, tolerance, method, fill_value
        ^^^^^^^^^^^^^^^^^^^^^^^^^^^^^^^^^^^^^^^^^^^^^^^^^
    ).__finalize__(self, method="reindex")
    ^
  File "/Users/annayuen/Desktop/IECC/industrial_decarb/LCOH_EU_workflow/.venv/lib/python3.13/site-packages/pandas/core/generic.py", line 5503, in _reindex_axes
    obj = obj._reindex_with_indexers(
        {axis: [new_index, indexer]},
        fill_value=fill_value,
        allow_dups=False,
    )
  File "/Users/annayuen/Desktop/IECC/industrial_decarb/LCOH_EU_workflow/.venv/lib/python3.13/site-packages/pandas/core/generic.py", line 5547, in _reindex_with_indexers
    new_data = new_data.reindex_indexer(
        index,
    ...<3 lines>...
        allow_dups=allow_dups,
    )
  File "/Users/annayuen/Desktop/IECC/industrial_decarb/LCOH_EU_workflow/.venv/lib/python3.13/site-packages/pandas/core/internals/managers.py", line 866, in reindex_indexer
    blk.take_nd(
    ~~~~~~~~~~~^
        indexer,
        ^^^^^^^^
    ...<3 lines>...
        ),
        ^^
    )
    ^
  File "/Users/annayuen/Desktop/IECC/industrial_decarb/LCOH_EU_workflow/.venv/lib/python3.13/site-packages/pandas/core/internals/blocks.py", line 1015, in take_nd
    new_values = algos.take_nd(
        values, indexer, axis=axis, allow_fill=allow_fill, fill_value=fill_value
    )
  File "/Users/annayuen/Desktop/IECC/industrial_decarb/LCOH_EU_workflow/.venv/lib/python3.13/site-packages/pandas/core/array_algos/take.py", line 112, in take_nd
    return arr.take(indexer, fill_value=fill_value, allow_fill=allow_fill)
           ~~~~~~~~^^^^^^^^^^^^^^^^^^^^^^^^^^^^^^^^^^^^^^^^^^^^^^^^^^^^^^^
  File "/Users/annayuen/Desktop/IECC/industrial_decarb/LCOH_EU_workflow/.venv/lib/python3.13/site-packages/pandas/core/arrays/numpy_.py", line 382, in take
    result = super().take(
        indices, allow_fill=allow_fill, fill_value=fill_value, axis=axis
    )
  File "/Users/annayuen/Desktop/IECC/industrial_decarb/LCOH_EU_workflow/.venv/lib/python3.13/site-packages/pandas/core/arrays/_mixins.py", line 170, in take
    fill_value = self._validate_scalar(fill_value)
  File "/Users/annayuen/Desktop/IECC/industrial_decarb/LCOH_EU_workflow/.venv/lib/python3.13/site-packages/pandas/core/arrays/string_.py", line 750, in _validate_scalar
    raise TypeError(
    ...<2 lines>...
    )
TypeError: Invalid value '0' for dtype 'str'. Value should be a string or missing value, got 'int' instead.
2026-06-01 16:50:14,086 INFO [PL.MŚ/000000072.FACILITY] start  lat=53.6997 lon=18.9217  active=10
2026-06-01 16:50:14,086 INFO [70/115] FAIL  FR.CAED/759.FACILITY  ETA 0:00:09.513675
2026-06-01 16:50:15,136 ERROR [ES.CAED/001529000.FACILITY] unexpected error: Invalid value '0' for dtype 'str'. Value should be a string or missing value, got 'int' instead.
Traceback (most recent call last):
  File "/Users/annayuen/Desktop/IECC/industrial_decarb/LCOH_EU_workflow/off_grid_electricity_run/scripts/pull_pvgis_115.py", line 133, in fetch_one
    df = df.reindex(full_range, fill_value=0)[["P_kWperkWp"]]
         ~~~~~~~~~~^^^^^^^^^^^^^^^^^^^^^^^^^^
  File "/Users/annayuen/Desktop/IECC/industrial_decarb/LCOH_EU_workflow/.venv/lib/python3.13/site-packages/pandas/core/frame.py", line 6090, in reindex
    return super().reindex(
           ~~~~~~~~~~~~~~~^
        labels=labels,
        ^^^^^^^^^^^^^^
    ...<8 lines>...
        copy=copy,
        ^^^^^^^^^^
    )
    ^
  File "/Users/annayuen/Desktop/IECC/industrial_decarb/LCOH_EU_workflow/.venv/lib/python3.13/site-packages/pandas/core/generic.py", line 5476, in reindex
    return self._reindex_axes(
           ~~~~~~~~~~~~~~~~~~^
        axes, level, limit, tolerance, method, fill_value
        ^^^^^^^^^^^^^^^^^^^^^^^^^^^^^^^^^^^^^^^^^^^^^^^^^
    ).__finalize__(self, method="reindex")
    ^
  File "/Users/annayuen/Desktop/IECC/industrial_decarb/LCOH_EU_workflow/.venv/lib/python3.13/site-packages/pandas/core/generic.py", line 5503, in _reindex_axes
    obj = obj._reindex_with_indexers(
        {axis: [new_index, indexer]},
        fill_value=fill_value,
        allow_dups=False,
    )
  File "/Users/annayuen/Desktop/IECC/industrial_decarb/LCOH_EU_workflow/.venv/lib/python3.13/site-packages/pandas/core/generic.py", line 5547, in _reindex_with_indexers
    new_data = new_data.reindex_indexer(
        index,
    ...<3 lines>...
        allow_dups=allow_dups,
    )
  File "/Users/annayuen/Desktop/IECC/industrial_decarb/LCOH_EU_workflow/.venv/lib/python3.13/site-packages/pandas/core/internals/managers.py", line 866, in reindex_indexer
    blk.take_nd(
    ~~~~~~~~~~~^
        indexer,
        ^^^^^^^^
    ...<3 lines>...
        ),
        ^^
    )
    ^
  File "/Users/annayuen/Desktop/IECC/industrial_decarb/LCOH_EU_workflow/.venv/lib/python3.13/site-packages/pandas/core/internals/blocks.py", line 1015, in take_nd
    new_values = algos.take_nd(
        values, indexer, axis=axis, allow_fill=allow_fill, fill_value=fill_value
    )
  File "/Users/annayuen/Desktop/IECC/industrial_decarb/LCOH_EU_workflow/.venv/lib/python3.13/site-packages/pandas/core/array_algos/take.py", line 112, in take_nd
    return arr.take(indexer, fill_value=fill_value, allow_fill=allow_fill)
           ~~~~~~~~^^^^^^^^^^^^^^^^^^^^^^^^^^^^^^^^^^^^^^^^^^^^^^^^^^^^^^^
  File "/Users/annayuen/Desktop/IECC/industrial_decarb/LCOH_EU_workflow/.venv/lib/python3.13/site-packages/pandas/core/arrays/numpy_.py", line 382, in take
    result = super().take(
        indices, allow_fill=allow_fill, fill_value=fill_value, axis=axis
    )
  File "/Users/annayuen/Desktop/IECC/industrial_decarb/LCOH_EU_workflow/.venv/lib/python3.13/site-packages/pandas/core/arrays/_mixins.py", line 170, in take
    fill_value = self._validate_scalar(fill_value)
  File "/Users/annayuen/Desktop/IECC/industrial_decarb/LCOH_EU_workflow/.venv/lib/python3.13/site-packages/pandas/core/arrays/string_.py", line 750, in _validate_scalar
    raise TypeError(
    ...<2 lines>...
    )
TypeError: Invalid value '0' for dtype 'str'. Value should be a string or missing value, got 'int' instead.
2026-06-01 16:50:15,142 INFO [FR.CAED/9481.FACILITY] start  lat=47.8265 lon=7.5459  active=10
2026-06-01 16:50:15,143 INFO [71/115] FAIL  ES.CAED/001529000.FACILITY  ETA 0:00:09.825992
2026-06-01 16:50:15,205 ERROR [FR.CAED/7626.FACILITY] unexpected error: Invalid value '0' for dtype 'str'. Value should be a string or missing value, got 'int' instead.
Traceback (most recent call last):
  File "/Users/annayuen/Desktop/IECC/industrial_decarb/LCOH_EU_workflow/off_grid_electricity_run/scripts/pull_pvgis_115.py", line 133, in fetch_one
    df = df.reindex(full_range, fill_value=0)[["P_kWperkWp"]]
         ~~~~~~~~~~^^^^^^^^^^^^^^^^^^^^^^^^^^
  File "/Users/annayuen/Desktop/IECC/industrial_decarb/LCOH_EU_workflow/.venv/lib/python3.13/site-packages/pandas/core/frame.py", line 6090, in reindex
    return super().reindex(
           ~~~~~~~~~~~~~~~^
        labels=labels,
        ^^^^^^^^^^^^^^
    ...<8 lines>...
        copy=copy,
        ^^^^^^^^^^
    )
    ^
  File "/Users/annayuen/Desktop/IECC/industrial_decarb/LCOH_EU_workflow/.venv/lib/python3.13/site-packages/pandas/core/generic.py", line 5476, in reindex
    return self._reindex_axes(
           ~~~~~~~~~~~~~~~~~~^
        axes, level, limit, tolerance, method, fill_value
        ^^^^^^^^^^^^^^^^^^^^^^^^^^^^^^^^^^^^^^^^^^^^^^^^^
    ).__finalize__(self, method="reindex")
    ^
  File "/Users/annayuen/Desktop/IECC/industrial_decarb/LCOH_EU_workflow/.venv/lib/python3.13/site-packages/pandas/core/generic.py", line 5503, in _reindex_axes
    obj = obj._reindex_with_indexers(
        {axis: [new_index, indexer]},
        fill_value=fill_value,
        allow_dups=False,
    )
  File "/Users/annayuen/Desktop/IECC/industrial_decarb/LCOH_EU_workflow/.venv/lib/python3.13/site-packages/pandas/core/generic.py", line 5547, in _reindex_with_indexers
    new_data = new_data.reindex_indexer(
        index,
    ...<3 lines>...
        allow_dups=allow_dups,
    )
  File "/Users/annayuen/Desktop/IECC/industrial_decarb/LCOH_EU_workflow/.venv/lib/python3.13/site-packages/pandas/core/internals/managers.py", line 866, in reindex_indexer
    blk.take_nd(
    ~~~~~~~~~~~^
        indexer,
        ^^^^^^^^
    ...<3 lines>...
        ),
        ^^
    )
    ^
  File "/Users/annayuen/Desktop/IECC/industrial_decarb/LCOH_EU_workflow/.venv/lib/python3.13/site-packages/pandas/core/internals/blocks.py", line 1015, in take_nd
    new_values = algos.take_nd(
        values, indexer, axis=axis, allow_fill=allow_fill, fill_value=fill_value
    )
  File "/Users/annayuen/Desktop/IECC/industrial_decarb/LCOH_EU_workflow/.venv/lib/python3.13/site-packages/pandas/core/array_algos/take.py", line 112, in take_nd
    return arr.take(indexer, fill_value=fill_value, allow_fill=allow_fill)
           ~~~~~~~~^^^^^^^^^^^^^^^^^^^^^^^^^^^^^^^^^^^^^^^^^^^^^^^^^^^^^^^
  File "/Users/annayuen/Desktop/IECC/industrial_decarb/LCOH_EU_workflow/.venv/lib/python3.13/site-packages/pandas/core/arrays/numpy_.py", line 382, in take
    result = super().take(
        indices, allow_fill=allow_fill, fill_value=fill_value, axis=axis
    )
  File "/Users/annayuen/Desktop/IECC/industrial_decarb/LCOH_EU_workflow/.venv/lib/python3.13/site-packages/pandas/core/arrays/_mixins.py", line 170, in take
    fill_value = self._validate_scalar(fill_value)
  File "/Users/annayuen/Desktop/IECC/industrial_decarb/LCOH_EU_workflow/.venv/lib/python3.13/site-packages/pandas/core/arrays/string_.py", line 750, in _validate_scalar
    raise TypeError(
    ...<2 lines>...
    )
TypeError: Invalid value '0' for dtype 'str'. Value should be a string or missing value, got 'int' instead.
2026-06-01 16:50:15,205 ERROR [FR.CAED/146.FACILITY] unexpected error: Invalid value '0' for dtype 'str'. Value should be a string or missing value, got 'int' instead.
Traceback (most recent call last):
  File "/Users/annayuen/Desktop/IECC/industrial_decarb/LCOH_EU_workflow/off_grid_electricity_run/scripts/pull_pvgis_115.py", line 133, in fetch_one
    df = df.reindex(full_range, fill_value=0)[["P_kWperkWp"]]
         ~~~~~~~~~~^^^^^^^^^^^^^^^^^^^^^^^^^^
  File "/Users/annayuen/Desktop/IECC/industrial_decarb/LCOH_EU_workflow/.venv/lib/python3.13/site-packages/pandas/core/frame.py", line 6090, in reindex
    return super().reindex(
           ~~~~~~~~~~~~~~~^
        labels=labels,
        ^^^^^^^^^^^^^^
    ...<8 lines>...
        copy=copy,
        ^^^^^^^^^^
    )
    ^
  File "/Users/annayuen/Desktop/IECC/industrial_decarb/LCOH_EU_workflow/.venv/lib/python3.13/site-packages/pandas/core/generic.py", line 5476, in reindex
    return self._reindex_axes(
           ~~~~~~~~~~~~~~~~~~^
        axes, level, limit, tolerance, method, fill_value
        ^^^^^^^^^^^^^^^^^^^^^^^^^^^^^^^^^^^^^^^^^^^^^^^^^
    ).__finalize__(self, method="reindex")
    ^
  File "/Users/annayuen/Desktop/IECC/industrial_decarb/LCOH_EU_workflow/.venv/lib/python3.13/site-packages/pandas/core/generic.py", line 5503, in _reindex_axes
    obj = obj._reindex_with_indexers(
        {axis: [new_index, indexer]},
        fill_value=fill_value,
        allow_dups=False,
    )
  File "/Users/annayuen/Desktop/IECC/industrial_decarb/LCOH_EU_workflow/.venv/lib/python3.13/site-packages/pandas/core/generic.py", line 5547, in _reindex_with_indexers
    new_data = new_data.reindex_indexer(
        index,
    ...<3 lines>...
        allow_dups=allow_dups,
    )
  File "/Users/annayuen/Desktop/IECC/industrial_decarb/LCOH_EU_workflow/.venv/lib/python3.13/site-packages/pandas/core/internals/managers.py", line 866, in reindex_indexer
    blk.take_nd(
    ~~~~~~~~~~~^
        indexer,
        ^^^^^^^^
    ...<3 lines>...
        ),
        ^^
    )
    ^
  File "/Users/annayuen/Desktop/IECC/industrial_decarb/LCOH_EU_workflow/.venv/lib/python3.13/site-packages/pandas/core/internals/blocks.py", line 1015, in take_nd
    new_values = algos.take_nd(
        values, indexer, axis=axis, allow_fill=allow_fill, fill_value=fill_value
    )
  File "/Users/annayuen/Desktop/IECC/industrial_decarb/LCOH_EU_workflow/.venv/lib/python3.13/site-packages/pandas/core/array_algos/take.py", line 112, in take_nd
    return arr.take(indexer, fill_value=fill_value, allow_fill=allow_fill)
           ~~~~~~~~^^^^^^^^^^^^^^^^^^^^^^^^^^^^^^^^^^^^^^^^^^^^^^^^^^^^^^^
  File "/Users/annayuen/Desktop/IECC/industrial_decarb/LCOH_EU_workflow/.venv/lib/python3.13/site-packages/pandas/core/arrays/numpy_.py", line 382, in take
    result = super().take(
        indices, allow_fill=allow_fill, fill_value=fill_value, axis=axis
    )
  File "/Users/annayuen/Desktop/IECC/industrial_decarb/LCOH_EU_workflow/.venv/lib/python3.13/site-packages/pandas/core/arrays/_mixins.py", line 170, in take
    fill_value = self._validate_scalar(fill_value)
  File "/Users/annayuen/Desktop/IECC/industrial_decarb/LCOH_EU_workflow/.venv/lib/python3.13/site-packages/pandas/core/arrays/string_.py", line 750, in _validate_scalar
    raise TypeError(
    ...<2 lines>...
    )
TypeError: Invalid value '0' for dtype 'str'. Value should be a string or missing value, got 'int' instead.
2026-06-01 16:50:15,209 INFO [FR.CAED/9469.FACILITY] start  lat=47.8191 lon=7.5385  active=10
2026-06-01 16:50:15,209 INFO [72/115] FAIL  FR.CAED/7626.FACILITY  ETA 0:00:09.508805
2026-06-01 16:50:15,210 INFO [IT.CAED/240442002.FACILITY] start  lat=45.6425 lon=9.5969  active=10
2026-06-01 16:50:15,210 INFO [73/115] FAIL  FR.CAED/146.FACILITY  ETA 0:00:09.161250
2026-06-01 16:50:15,393 ERROR [FR.CAED/4151.FACILITY] unexpected error: Invalid value '0' for dtype 'str'. Value should be a string or missing value, got 'int' instead.
Traceback (most recent call last):
  File "/Users/annayuen/Desktop/IECC/industrial_decarb/LCOH_EU_workflow/off_grid_electricity_run/scripts/pull_pvgis_115.py", line 133, in fetch_one
    df = df.reindex(full_range, fill_value=0)[["P_kWperkWp"]]
         ~~~~~~~~~~^^^^^^^^^^^^^^^^^^^^^^^^^^
  File "/Users/annayuen/Desktop/IECC/industrial_decarb/LCOH_EU_workflow/.venv/lib/python3.13/site-packages/pandas/core/frame.py", line 6090, in reindex
    return super().reindex(
           ~~~~~~~~~~~~~~~^
        labels=labels,
        ^^^^^^^^^^^^^^
    ...<8 lines>...
        copy=copy,
        ^^^^^^^^^^
    )
    ^
  File "/Users/annayuen/Desktop/IECC/industrial_decarb/LCOH_EU_workflow/.venv/lib/python3.13/site-packages/pandas/core/generic.py", line 5476, in reindex
    return self._reindex_axes(
           ~~~~~~~~~~~~~~~~~~^
        axes, level, limit, tolerance, method, fill_value
        ^^^^^^^^^^^^^^^^^^^^^^^^^^^^^^^^^^^^^^^^^^^^^^^^^
    ).__finalize__(self, method="reindex")
    ^
  File "/Users/annayuen/Desktop/IECC/industrial_decarb/LCOH_EU_workflow/.venv/lib/python3.13/site-packages/pandas/core/generic.py", line 5503, in _reindex_axes
    obj = obj._reindex_with_indexers(
        {axis: [new_index, indexer]},
        fill_value=fill_value,
        allow_dups=False,
    )
  File "/Users/annayuen/Desktop/IECC/industrial_decarb/LCOH_EU_workflow/.venv/lib/python3.13/site-packages/pandas/core/generic.py", line 5547, in _reindex_with_indexers
    new_data = new_data.reindex_indexer(
        index,
    ...<3 lines>...
        allow_dups=allow_dups,
    )
  File "/Users/annayuen/Desktop/IECC/industrial_decarb/LCOH_EU_workflow/.venv/lib/python3.13/site-packages/pandas/core/internals/managers.py", line 866, in reindex_indexer
    blk.take_nd(
    ~~~~~~~~~~~^
        indexer,
        ^^^^^^^^
    ...<3 lines>...
        ),
        ^^
    )
    ^
  File "/Users/annayuen/Desktop/IECC/industrial_decarb/LCOH_EU_workflow/.venv/lib/python3.13/site-packages/pandas/core/internals/blocks.py", line 1015, in take_nd
    new_values = algos.take_nd(
        values, indexer, axis=axis, allow_fill=allow_fill, fill_value=fill_value
    )
  File "/Users/annayuen/Desktop/IECC/industrial_decarb/LCOH_EU_workflow/.venv/lib/python3.13/site-packages/pandas/core/array_algos/take.py", line 112, in take_nd
    return arr.take(indexer, fill_value=fill_value, allow_fill=allow_fill)
           ~~~~~~~~^^^^^^^^^^^^^^^^^^^^^^^^^^^^^^^^^^^^^^^^^^^^^^^^^^^^^^^
  File "/Users/annayuen/Desktop/IECC/industrial_decarb/LCOH_EU_workflow/.venv/lib/python3.13/site-packages/pandas/core/arrays/numpy_.py", line 382, in take
    result = super().take(
        indices, allow_fill=allow_fill, fill_value=fill_value, axis=axis
    )
  File "/Users/annayuen/Desktop/IECC/industrial_decarb/LCOH_EU_workflow/.venv/lib/python3.13/site-packages/pandas/core/arrays/_mixins.py", line 170, in take
    fill_value = self._validate_scalar(fill_value)
  File "/Users/annayuen/Desktop/IECC/industrial_decarb/LCOH_EU_workflow/.venv/lib/python3.13/site-packages/pandas/core/arrays/string_.py", line 750, in _validate_scalar
    raise TypeError(
    ...<2 lines>...
    )
TypeError: Invalid value '0' for dtype 'str'. Value should be a string or missing value, got 'int' instead.
2026-06-01 16:50:15,395 INFO [IT.CAED/960101007.FACILITY] start  lat=37.1670 lon=15.1973  active=10
2026-06-01 16:50:15,395 INFO [74/115] FAIL  FR.CAED/4151.FACILITY  ETA 0:00:08.924675
2026-06-01 16:50:15,564 ERROR [FR.CAED/3829.FACILITY] unexpected error: Invalid value '0' for dtype 'str'. Value should be a string or missing value, got 'int' instead.
Traceback (most recent call last):
  File "/Users/annayuen/Desktop/IECC/industrial_decarb/LCOH_EU_workflow/off_grid_electricity_run/scripts/pull_pvgis_115.py", line 133, in fetch_one
    df = df.reindex(full_range, fill_value=0)[["P_kWperkWp"]]
         ~~~~~~~~~~^^^^^^^^^^^^^^^^^^^^^^^^^^
  File "/Users/annayuen/Desktop/IECC/industrial_decarb/LCOH_EU_workflow/.venv/lib/python3.13/site-packages/pandas/core/frame.py", line 6090, in reindex
    return super().reindex(
           ~~~~~~~~~~~~~~~^
        labels=labels,
        ^^^^^^^^^^^^^^
    ...<8 lines>...
        copy=copy,
        ^^^^^^^^^^
    )
    ^
  File "/Users/annayuen/Desktop/IECC/industrial_decarb/LCOH_EU_workflow/.venv/lib/python3.13/site-packages/pandas/core/generic.py", line 5476, in reindex
    return self._reindex_axes(
           ~~~~~~~~~~~~~~~~~~^
        axes, level, limit, tolerance, method, fill_value
        ^^^^^^^^^^^^^^^^^^^^^^^^^^^^^^^^^^^^^^^^^^^^^^^^^
    ).__finalize__(self, method="reindex")
    ^
  File "/Users/annayuen/Desktop/IECC/industrial_decarb/LCOH_EU_workflow/.venv/lib/python3.13/site-packages/pandas/core/generic.py", line 5503, in _reindex_axes
    obj = obj._reindex_with_indexers(
        {axis: [new_index, indexer]},
        fill_value=fill_value,
        allow_dups=False,
    )
  File "/Users/annayuen/Desktop/IECC/industrial_decarb/LCOH_EU_workflow/.venv/lib/python3.13/site-packages/pandas/core/generic.py", line 5547, in _reindex_with_indexers
    new_data = new_data.reindex_indexer(
        index,
    ...<3 lines>...
        allow_dups=allow_dups,
    )
  File "/Users/annayuen/Desktop/IECC/industrial_decarb/LCOH_EU_workflow/.venv/lib/python3.13/site-packages/pandas/core/internals/managers.py", line 866, in reindex_indexer
    blk.take_nd(
    ~~~~~~~~~~~^
        indexer,
        ^^^^^^^^
    ...<3 lines>...
        ),
        ^^
    )
    ^
  File "/Users/annayuen/Desktop/IECC/industrial_decarb/LCOH_EU_workflow/.venv/lib/python3.13/site-packages/pandas/core/internals/blocks.py", line 1015, in take_nd
    new_values = algos.take_nd(
        values, indexer, axis=axis, allow_fill=allow_fill, fill_value=fill_value
    )
  File "/Users/annayuen/Desktop/IECC/industrial_decarb/LCOH_EU_workflow/.venv/lib/python3.13/site-packages/pandas/core/array_algos/take.py", line 112, in take_nd
    return arr.take(indexer, fill_value=fill_value, allow_fill=allow_fill)
           ~~~~~~~~^^^^^^^^^^^^^^^^^^^^^^^^^^^^^^^^^^^^^^^^^^^^^^^^^^^^^^^
  File "/Users/annayuen/Desktop/IECC/industrial_decarb/LCOH_EU_workflow/.venv/lib/python3.13/site-packages/pandas/core/arrays/numpy_.py", line 382, in take
    result = super().take(
        indices, allow_fill=allow_fill, fill_value=fill_value, axis=axis
    )
  File "/Users/annayuen/Desktop/IECC/industrial_decarb/LCOH_EU_workflow/.venv/lib/python3.13/site-packages/pandas/core/arrays/_mixins.py", line 170, in take
    fill_value = self._validate_scalar(fill_value)
  File "/Users/annayuen/Desktop/IECC/industrial_decarb/LCOH_EU_workflow/.venv/lib/python3.13/site-packages/pandas/core/arrays/string_.py", line 750, in _validate_scalar
    raise TypeError(
    ...<2 lines>...
    )
TypeError: Invalid value '0' for dtype 'str'. Value should be a string or missing value, got 'int' instead.
2026-06-01 16:50:15,570 INFO [PL.MŚ/000000023.FACILITY] start  lat=54.3499 lon=18.7297  active=10
2026-06-01 16:50:15,570 INFO [75/115] FAIL  FR.CAED/3829.FACILITY  ETA 0:00:08.684040
2026-06-01 16:50:15,576 ERROR [IT.CAED/030402001.FACILITY] unexpected error: Invalid value '0' for dtype 'str'. Value should be a string or missing value, got 'int' instead.
Traceback (most recent call last):
  File "/Users/annayuen/Desktop/IECC/industrial_decarb/LCOH_EU_workflow/off_grid_electricity_run/scripts/pull_pvgis_115.py", line 133, in fetch_one
    df = df.reindex(full_range, fill_value=0)[["P_kWperkWp"]]
         ~~~~~~~~~~^^^^^^^^^^^^^^^^^^^^^^^^^^
  File "/Users/annayuen/Desktop/IECC/industrial_decarb/LCOH_EU_workflow/.venv/lib/python3.13/site-packages/pandas/core/frame.py", line 6090, in reindex
    return super().reindex(
           ~~~~~~~~~~~~~~~^
        labels=labels,
        ^^^^^^^^^^^^^^
    ...<8 lines>...
        copy=copy,
        ^^^^^^^^^^
    )
    ^
  File "/Users/annayuen/Desktop/IECC/industrial_decarb/LCOH_EU_workflow/.venv/lib/python3.13/site-packages/pandas/core/generic.py", line 5476, in reindex
    return self._reindex_axes(
           ~~~~~~~~~~~~~~~~~~^
        axes, level, limit, tolerance, method, fill_value
        ^^^^^^^^^^^^^^^^^^^^^^^^^^^^^^^^^^^^^^^^^^^^^^^^^
    ).__finalize__(self, method="reindex")
    ^
  File "/Users/annayuen/Desktop/IECC/industrial_decarb/LCOH_EU_workflow/.venv/lib/python3.13/site-packages/pandas/core/generic.py", line 5503, in _reindex_axes
    obj = obj._reindex_with_indexers(
        {axis: [new_index, indexer]},
        fill_value=fill_value,
        allow_dups=False,
    )
  File "/Users/annayuen/Desktop/IECC/industrial_decarb/LCOH_EU_workflow/.venv/lib/python3.13/site-packages/pandas/core/generic.py", line 5547, in _reindex_with_indexers
    new_data = new_data.reindex_indexer(
        index,
    ...<3 lines>...
        allow_dups=allow_dups,
    )
  File "/Users/annayuen/Desktop/IECC/industrial_decarb/LCOH_EU_workflow/.venv/lib/python3.13/site-packages/pandas/core/internals/managers.py", line 866, in reindex_indexer
    blk.take_nd(
    ~~~~~~~~~~~^
        indexer,
        ^^^^^^^^
    ...<3 lines>...
        ),
        ^^
    )
    ^
  File "/Users/annayuen/Desktop/IECC/industrial_decarb/LCOH_EU_workflow/.venv/lib/python3.13/site-packages/pandas/core/internals/blocks.py", line 1015, in take_nd
    new_values = algos.take_nd(
        values, indexer, axis=axis, allow_fill=allow_fill, fill_value=fill_value
    )
  File "/Users/annayuen/Desktop/IECC/industrial_decarb/LCOH_EU_workflow/.venv/lib/python3.13/site-packages/pandas/core/array_algos/take.py", line 112, in take_nd
    return arr.take(indexer, fill_value=fill_value, allow_fill=allow_fill)
           ~~~~~~~~^^^^^^^^^^^^^^^^^^^^^^^^^^^^^^^^^^^^^^^^^^^^^^^^^^^^^^^
  File "/Users/annayuen/Desktop/IECC/industrial_decarb/LCOH_EU_workflow/.venv/lib/python3.13/site-packages/pandas/core/arrays/numpy_.py", line 382, in take
    result = super().take(
        indices, allow_fill=allow_fill, fill_value=fill_value, axis=axis
    )
  File "/Users/annayuen/Desktop/IECC/industrial_decarb/LCOH_EU_workflow/.venv/lib/python3.13/site-packages/pandas/core/arrays/_mixins.py", line 170, in take
    fill_value = self._validate_scalar(fill_value)
  File "/Users/annayuen/Desktop/IECC/industrial_decarb/LCOH_EU_workflow/.venv/lib/python3.13/site-packages/pandas/core/arrays/string_.py", line 750, in _validate_scalar
    raise TypeError(
    ...<2 lines>...
    )
TypeError: Invalid value '0' for dtype 'str'. Value should be a string or missing value, got 'int' instead.
2026-06-01 16:50:15,579 ERROR [EL.CAED/100053.FACILITY] unexpected error: Invalid value '0' for dtype 'str'. Value should be a string or missing value, got 'int' instead.
Traceback (most recent call last):
  File "/Users/annayuen/Desktop/IECC/industrial_decarb/LCOH_EU_workflow/off_grid_electricity_run/scripts/pull_pvgis_115.py", line 133, in fetch_one
    df = df.reindex(full_range, fill_value=0)[["P_kWperkWp"]]
         ~~~~~~~~~~^^^^^^^^^^^^^^^^^^^^^^^^^^
  File "/Users/annayuen/Desktop/IECC/industrial_decarb/LCOH_EU_workflow/.venv/lib/python3.13/site-packages/pandas/core/frame.py", line 6090, in reindex
    return super().reindex(
           ~~~~~~~~~~~~~~~^
        labels=labels,
        ^^^^^^^^^^^^^^
    ...<8 lines>...
        copy=copy,
        ^^^^^^^^^^
    )
    ^
  File "/Users/annayuen/Desktop/IECC/industrial_decarb/LCOH_EU_workflow/.venv/lib/python3.13/site-packages/pandas/core/generic.py", line 5476, in reindex
    return self._reindex_axes(
           ~~~~~~~~~~~~~~~~~~^
        axes, level, limit, tolerance, method, fill_value
        ^^^^^^^^^^^^^^^^^^^^^^^^^^^^^^^^^^^^^^^^^^^^^^^^^
    ).__finalize__(self, method="reindex")
    ^
  File "/Users/annayuen/Desktop/IECC/industrial_decarb/LCOH_EU_workflow/.venv/lib/python3.13/site-packages/pandas/core/generic.py", line 5503, in _reindex_axes
    obj = obj._reindex_with_indexers(
        {axis: [new_index, indexer]},
        fill_value=fill_value,
        allow_dups=False,
    )
  File "/Users/annayuen/Desktop/IECC/industrial_decarb/LCOH_EU_workflow/.venv/lib/python3.13/site-packages/pandas/core/generic.py", line 5547, in _reindex_with_indexers
    new_data = new_data.reindex_indexer(
        index,
    ...<3 lines>...
        allow_dups=allow_dups,
    )
  File "/Users/annayuen/Desktop/IECC/industrial_decarb/LCOH_EU_workflow/.venv/lib/python3.13/site-packages/pandas/core/internals/managers.py", line 866, in reindex_indexer
    blk.take_nd(
    ~~~~~~~~~~~^
        indexer,
        ^^^^^^^^
    ...<3 lines>...
        ),
        ^^
    )
    ^
  File "/Users/annayuen/Desktop/IECC/industrial_decarb/LCOH_EU_workflow/.venv/lib/python3.13/site-packages/pandas/core/internals/blocks.py", line 1015, in take_nd
    new_values = algos.take_nd(
        values, indexer, axis=axis, allow_fill=allow_fill, fill_value=fill_value
    )
  File "/Users/annayuen/Desktop/IECC/industrial_decarb/LCOH_EU_workflow/.venv/lib/python3.13/site-packages/pandas/core/array_algos/take.py", line 112, in take_nd
    return arr.take(indexer, fill_value=fill_value, allow_fill=allow_fill)
           ~~~~~~~~^^^^^^^^^^^^^^^^^^^^^^^^^^^^^^^^^^^^^^^^^^^^^^^^^^^^^^^
  File "/Users/annayuen/Desktop/IECC/industrial_decarb/LCOH_EU_workflow/.venv/lib/python3.13/site-packages/pandas/core/arrays/numpy_.py", line 382, in take
    result = super().take(
        indices, allow_fill=allow_fill, fill_value=fill_value, axis=axis
    )
  File "/Users/annayuen/Desktop/IECC/industrial_decarb/LCOH_EU_workflow/.venv/lib/python3.13/site-packages/pandas/core/arrays/_mixins.py", line 170, in take
    fill_value = self._validate_scalar(fill_value)
  File "/Users/annayuen/Desktop/IECC/industrial_decarb/LCOH_EU_workflow/.venv/lib/python3.13/site-packages/pandas/core/arrays/string_.py", line 750, in _validate_scalar
    raise TypeError(
    ...<2 lines>...
    )
TypeError: Invalid value '0' for dtype 'str'. Value should be a string or missing value, got 'int' instead.
2026-06-01 16:50:15,584 INFO [FR.CAED/6088.FACILITY] start  lat=49.1401 lon=6.7073  active=10
2026-06-01 16:50:15,584 INFO [76/115] FAIL  IT.CAED/030402001.FACILITY  ETA 0:00:08.362848
2026-06-01 16:50:15,585 ERROR [EL.CAED/100062.FACILITY] unexpected error: Invalid value '0' for dtype 'str'. Value should be a string or missing value, got 'int' instead.
Traceback (most recent call last):
  File "/Users/annayuen/Desktop/IECC/industrial_decarb/LCOH_EU_workflow/off_grid_electricity_run/scripts/pull_pvgis_115.py", line 133, in fetch_one
    df = df.reindex(full_range, fill_value=0)[["P_kWperkWp"]]
         ~~~~~~~~~~^^^^^^^^^^^^^^^^^^^^^^^^^^
  File "/Users/annayuen/Desktop/IECC/industrial_decarb/LCOH_EU_workflow/.venv/lib/python3.13/site-packages/pandas/core/frame.py", line 6090, in reindex
    return super().reindex(
           ~~~~~~~~~~~~~~~^
        labels=labels,
        ^^^^^^^^^^^^^^
    ...<8 lines>...
        copy=copy,
        ^^^^^^^^^^
    )
    ^
  File "/Users/annayuen/Desktop/IECC/industrial_decarb/LCOH_EU_workflow/.venv/lib/python3.13/site-packages/pandas/core/generic.py", line 5476, in reindex
    return self._reindex_axes(
           ~~~~~~~~~~~~~~~~~~^
        axes, level, limit, tolerance, method, fill_value
        ^^^^^^^^^^^^^^^^^^^^^^^^^^^^^^^^^^^^^^^^^^^^^^^^^
    ).__finalize__(self, method="reindex")
    ^
  File "/Users/annayuen/Desktop/IECC/industrial_decarb/LCOH_EU_workflow/.venv/lib/python3.13/site-packages/pandas/core/generic.py", line 5503, in _reindex_axes
    obj = obj._reindex_with_indexers(
        {axis: [new_index, indexer]},
        fill_value=fill_value,
        allow_dups=False,
    )
  File "/Users/annayuen/Desktop/IECC/industrial_decarb/LCOH_EU_workflow/.venv/lib/python3.13/site-packages/pandas/core/generic.py", line 5547, in _reindex_with_indexers
    new_data = new_data.reindex_indexer(
        index,
    ...<3 lines>...
        allow_dups=allow_dups,
    )
  File "/Users/annayuen/Desktop/IECC/industrial_decarb/LCOH_EU_workflow/.venv/lib/python3.13/site-packages/pandas/core/internals/managers.py", line 866, in reindex_indexer
    blk.take_nd(
    ~~~~~~~~~~~^
        indexer,
        ^^^^^^^^
    ...<3 lines>...
        ),
        ^^
    )
    ^
  File "/Users/annayuen/Desktop/IECC/industrial_decarb/LCOH_EU_workflow/.venv/lib/python3.13/site-packages/pandas/core/internals/blocks.py", line 1015, in take_nd
    new_values = algos.take_nd(
        values, indexer, axis=axis, allow_fill=allow_fill, fill_value=fill_value
    )
  File "/Users/annayuen/Desktop/IECC/industrial_decarb/LCOH_EU_workflow/.venv/lib/python3.13/site-packages/pandas/core/array_algos/take.py", line 112, in take_nd
    return arr.take(indexer, fill_value=fill_value, allow_fill=allow_fill)
           ~~~~~~~~^^^^^^^^^^^^^^^^^^^^^^^^^^^^^^^^^^^^^^^^^^^^^^^^^^^^^^^
  File "/Users/annayuen/Desktop/IECC/industrial_decarb/LCOH_EU_workflow/.venv/lib/python3.13/site-packages/pandas/core/arrays/numpy_.py", line 382, in take
    result = super().take(
        indices, allow_fill=allow_fill, fill_value=fill_value, axis=axis
    )
  File "/Users/annayuen/Desktop/IECC/industrial_decarb/LCOH_EU_workflow/.venv/lib/python3.13/site-packages/pandas/core/arrays/_mixins.py", line 170, in take
    fill_value = self._validate_scalar(fill_value)
  File "/Users/annayuen/Desktop/IECC/industrial_decarb/LCOH_EU_workflow/.venv/lib/python3.13/site-packages/pandas/core/arrays/string_.py", line 750, in _validate_scalar
    raise TypeError(
    ...<2 lines>...
    )
TypeError: Invalid value '0' for dtype 'str'. Value should be a string or missing value, got 'int' instead.
2026-06-01 16:50:15,587 INFO [FR.CAED/8363.FACILITY] start  lat=48.7194 lon=2.2789  active=10
2026-06-01 16:50:15,587 INFO [77/115] FAIL  EL.CAED/100053.FACILITY  ETA 0:00:08.043992
2026-06-01 16:50:15,589 INFO [FR.CAED/7874.FACILITY] start  lat=43.3840 lon=5.0283  active=10
2026-06-01 16:50:15,590 INFO [78/115] FAIL  EL.CAED/100062.FACILITY  ETA 0:00:07.733185
2026-06-01 16:50:15,915 ERROR [IT.CAED/570162008.FACILITY] unexpected error: Invalid value '0' for dtype 'str'. Value should be a string or missing value, got 'int' instead.
Traceback (most recent call last):
  File "/Users/annayuen/Desktop/IECC/industrial_decarb/LCOH_EU_workflow/off_grid_electricity_run/scripts/pull_pvgis_115.py", line 133, in fetch_one
    df = df.reindex(full_range, fill_value=0)[["P_kWperkWp"]]
         ~~~~~~~~~~^^^^^^^^^^^^^^^^^^^^^^^^^^
  File "/Users/annayuen/Desktop/IECC/industrial_decarb/LCOH_EU_workflow/.venv/lib/python3.13/site-packages/pandas/core/frame.py", line 6090, in reindex
    return super().reindex(
           ~~~~~~~~~~~~~~~^
        labels=labels,
        ^^^^^^^^^^^^^^
    ...<8 lines>...
        copy=copy,
        ^^^^^^^^^^
    )
    ^
  File "/Users/annayuen/Desktop/IECC/industrial_decarb/LCOH_EU_workflow/.venv/lib/python3.13/site-packages/pandas/core/generic.py", line 5476, in reindex
    return self._reindex_axes(
           ~~~~~~~~~~~~~~~~~~^
        axes, level, limit, tolerance, method, fill_value
        ^^^^^^^^^^^^^^^^^^^^^^^^^^^^^^^^^^^^^^^^^^^^^^^^^
    ).__finalize__(self, method="reindex")
    ^
  File "/Users/annayuen/Desktop/IECC/industrial_decarb/LCOH_EU_workflow/.venv/lib/python3.13/site-packages/pandas/core/generic.py", line 5503, in _reindex_axes
    obj = obj._reindex_with_indexers(
        {axis: [new_index, indexer]},
        fill_value=fill_value,
        allow_dups=False,
    )
  File "/Users/annayuen/Desktop/IECC/industrial_decarb/LCOH_EU_workflow/.venv/lib/python3.13/site-packages/pandas/core/generic.py", line 5547, in _reindex_with_indexers
    new_data = new_data.reindex_indexer(
        index,
    ...<3 lines>...
        allow_dups=allow_dups,
    )
  File "/Users/annayuen/Desktop/IECC/industrial_decarb/LCOH_EU_workflow/.venv/lib/python3.13/site-packages/pandas/core/internals/managers.py", line 866, in reindex_indexer
    blk.take_nd(
    ~~~~~~~~~~~^
        indexer,
        ^^^^^^^^
    ...<3 lines>...
        ),
        ^^
    )
    ^
  File "/Users/annayuen/Desktop/IECC/industrial_decarb/LCOH_EU_workflow/.venv/lib/python3.13/site-packages/pandas/core/internals/blocks.py", line 1015, in take_nd
    new_values = algos.take_nd(
        values, indexer, axis=axis, allow_fill=allow_fill, fill_value=fill_value
    )
  File "/Users/annayuen/Desktop/IECC/industrial_decarb/LCOH_EU_workflow/.venv/lib/python3.13/site-packages/pandas/core/array_algos/take.py", line 112, in take_nd
    return arr.take(indexer, fill_value=fill_value, allow_fill=allow_fill)
           ~~~~~~~~^^^^^^^^^^^^^^^^^^^^^^^^^^^^^^^^^^^^^^^^^^^^^^^^^^^^^^^
  File "/Users/annayuen/Desktop/IECC/industrial_decarb/LCOH_EU_workflow/.venv/lib/python3.13/site-packages/pandas/core/arrays/numpy_.py", line 382, in take
    result = super().take(
        indices, allow_fill=allow_fill, fill_value=fill_value, axis=axis
    )
  File "/Users/annayuen/Desktop/IECC/industrial_decarb/LCOH_EU_workflow/.venv/lib/python3.13/site-packages/pandas/core/arrays/_mixins.py", line 170, in take
    fill_value = self._validate_scalar(fill_value)
  File "/Users/annayuen/Desktop/IECC/industrial_decarb/LCOH_EU_workflow/.venv/lib/python3.13/site-packages/pandas/core/arrays/string_.py", line 750, in _validate_scalar
    raise TypeError(
    ...<2 lines>...
    )
TypeError: Invalid value '0' for dtype 'str'. Value should be a string or missing value, got 'int' instead.
2026-06-01 16:50:15,917 INFO [FR.CAED/9451.FACILITY] start  lat=47.7900 lon=7.5193  active=10
2026-06-01 16:50:15,917 INFO [79/115] FAIL  IT.CAED/570162008.FACILITY  ETA 0:00:07.578324
2026-06-01 16:50:16,036 ERROR [PL.MŚ/000000072.FACILITY] unexpected error: Invalid value '0' for dtype 'str'. Value should be a string or missing value, got 'int' instead.
Traceback (most recent call last):
  File "/Users/annayuen/Desktop/IECC/industrial_decarb/LCOH_EU_workflow/off_grid_electricity_run/scripts/pull_pvgis_115.py", line 133, in fetch_one
    df = df.reindex(full_range, fill_value=0)[["P_kWperkWp"]]
         ~~~~~~~~~~^^^^^^^^^^^^^^^^^^^^^^^^^^
  File "/Users/annayuen/Desktop/IECC/industrial_decarb/LCOH_EU_workflow/.venv/lib/python3.13/site-packages/pandas/core/frame.py", line 6090, in reindex
    return super().reindex(
           ~~~~~~~~~~~~~~~^
        labels=labels,
        ^^^^^^^^^^^^^^
    ...<8 lines>...
        copy=copy,
        ^^^^^^^^^^
    )
    ^
  File "/Users/annayuen/Desktop/IECC/industrial_decarb/LCOH_EU_workflow/.venv/lib/python3.13/site-packages/pandas/core/generic.py", line 5476, in reindex
    return self._reindex_axes(
           ~~~~~~~~~~~~~~~~~~^
        axes, level, limit, tolerance, method, fill_value
        ^^^^^^^^^^^^^^^^^^^^^^^^^^^^^^^^^^^^^^^^^^^^^^^^^
    ).__finalize__(self, method="reindex")
    ^
  File "/Users/annayuen/Desktop/IECC/industrial_decarb/LCOH_EU_workflow/.venv/lib/python3.13/site-packages/pandas/core/generic.py", line 5503, in _reindex_axes
    obj = obj._reindex_with_indexers(
        {axis: [new_index, indexer]},
        fill_value=fill_value,
        allow_dups=False,
    )
  File "/Users/annayuen/Desktop/IECC/industrial_decarb/LCOH_EU_workflow/.venv/lib/python3.13/site-packages/pandas/core/generic.py", line 5547, in _reindex_with_indexers
    new_data = new_data.reindex_indexer(
        index,
    ...<3 lines>...
        allow_dups=allow_dups,
    )
  File "/Users/annayuen/Desktop/IECC/industrial_decarb/LCOH_EU_workflow/.venv/lib/python3.13/site-packages/pandas/core/internals/managers.py", line 866, in reindex_indexer
    blk.take_nd(
    ~~~~~~~~~~~^
        indexer,
        ^^^^^^^^
    ...<3 lines>...
        ),
        ^^
    )
    ^
  File "/Users/annayuen/Desktop/IECC/industrial_decarb/LCOH_EU_workflow/.venv/lib/python3.13/site-packages/pandas/core/internals/blocks.py", line 1015, in take_nd
    new_values = algos.take_nd(
        values, indexer, axis=axis, allow_fill=allow_fill, fill_value=fill_value
    )
  File "/Users/annayuen/Desktop/IECC/industrial_decarb/LCOH_EU_workflow/.venv/lib/python3.13/site-packages/pandas/core/array_algos/take.py", line 112, in take_nd
    return arr.take(indexer, fill_value=fill_value, allow_fill=allow_fill)
           ~~~~~~~~^^^^^^^^^^^^^^^^^^^^^^^^^^^^^^^^^^^^^^^^^^^^^^^^^^^^^^^
  File "/Users/annayuen/Desktop/IECC/industrial_decarb/LCOH_EU_workflow/.venv/lib/python3.13/site-packages/pandas/core/arrays/numpy_.py", line 382, in take
    result = super().take(
        indices, allow_fill=allow_fill, fill_value=fill_value, axis=axis
    )
  File "/Users/annayuen/Desktop/IECC/industrial_decarb/LCOH_EU_workflow/.venv/lib/python3.13/site-packages/pandas/core/arrays/_mixins.py", line 170, in take
    fill_value = self._validate_scalar(fill_value)
  File "/Users/annayuen/Desktop/IECC/industrial_decarb/LCOH_EU_workflow/.venv/lib/python3.13/site-packages/pandas/core/arrays/string_.py", line 750, in _validate_scalar
    raise TypeError(
    ...<2 lines>...
    )
TypeError: Invalid value '0' for dtype 'str'. Value should be a string or missing value, got 'int' instead.
2026-06-01 16:50:16,038 INFO [IT.CAED/051002003.FACILITY] start  lat=42.5806 lon=12.6615  active=10
2026-06-01 16:50:16,039 INFO [80/115] FAIL  PL.MŚ/000000072.FACILITY  ETA 0:00:07.328720
2026-06-01 16:50:16,853 ERROR [FR.CAED/9481.FACILITY] unexpected error: Invalid value '0' for dtype 'str'. Value should be a string or missing value, got 'int' instead.
Traceback (most recent call last):
  File "/Users/annayuen/Desktop/IECC/industrial_decarb/LCOH_EU_workflow/off_grid_electricity_run/scripts/pull_pvgis_115.py", line 133, in fetch_one
    df = df.reindex(full_range, fill_value=0)[["P_kWperkWp"]]
         ~~~~~~~~~~^^^^^^^^^^^^^^^^^^^^^^^^^^
  File "/Users/annayuen/Desktop/IECC/industrial_decarb/LCOH_EU_workflow/.venv/lib/python3.13/site-packages/pandas/core/frame.py", line 6090, in reindex
    return super().reindex(
           ~~~~~~~~~~~~~~~^
        labels=labels,
        ^^^^^^^^^^^^^^
    ...<8 lines>...
        copy=copy,
        ^^^^^^^^^^
    )
    ^
  File "/Users/annayuen/Desktop/IECC/industrial_decarb/LCOH_EU_workflow/.venv/lib/python3.13/site-packages/pandas/core/generic.py", line 5476, in reindex
    return self._reindex_axes(
           ~~~~~~~~~~~~~~~~~~^
        axes, level, limit, tolerance, method, fill_value
        ^^^^^^^^^^^^^^^^^^^^^^^^^^^^^^^^^^^^^^^^^^^^^^^^^
    ).__finalize__(self, method="reindex")
    ^
  File "/Users/annayuen/Desktop/IECC/industrial_decarb/LCOH_EU_workflow/.venv/lib/python3.13/site-packages/pandas/core/generic.py", line 5503, in _reindex_axes
    obj = obj._reindex_with_indexers(
        {axis: [new_index, indexer]},
        fill_value=fill_value,
        allow_dups=False,
    )
  File "/Users/annayuen/Desktop/IECC/industrial_decarb/LCOH_EU_workflow/.venv/lib/python3.13/site-packages/pandas/core/generic.py", line 5547, in _reindex_with_indexers
    new_data = new_data.reindex_indexer(
        index,
    ...<3 lines>...
        allow_dups=allow_dups,
    )
  File "/Users/annayuen/Desktop/IECC/industrial_decarb/LCOH_EU_workflow/.venv/lib/python3.13/site-packages/pandas/core/internals/managers.py", line 866, in reindex_indexer
    blk.take_nd(
    ~~~~~~~~~~~^
        indexer,
        ^^^^^^^^
    ...<3 lines>...
        ),
        ^^
    )
    ^
  File "/Users/annayuen/Desktop/IECC/industrial_decarb/LCOH_EU_workflow/.venv/lib/python3.13/site-packages/pandas/core/internals/blocks.py", line 1015, in take_nd
    new_values = algos.take_nd(
        values, indexer, axis=axis, allow_fill=allow_fill, fill_value=fill_value
    )
  File "/Users/annayuen/Desktop/IECC/industrial_decarb/LCOH_EU_workflow/.venv/lib/python3.13/site-packages/pandas/core/array_algos/take.py", line 112, in take_nd
    return arr.take(indexer, fill_value=fill_value, allow_fill=allow_fill)
           ~~~~~~~~^^^^^^^^^^^^^^^^^^^^^^^^^^^^^^^^^^^^^^^^^^^^^^^^^^^^^^^
  File "/Users/annayuen/Desktop/IECC/industrial_decarb/LCOH_EU_workflow/.venv/lib/python3.13/site-packages/pandas/core/arrays/numpy_.py", line 382, in take
    result = super().take(
        indices, allow_fill=allow_fill, fill_value=fill_value, axis=axis
    )
  File "/Users/annayuen/Desktop/IECC/industrial_decarb/LCOH_EU_workflow/.venv/lib/python3.13/site-packages/pandas/core/arrays/_mixins.py", line 170, in take
    fill_value = self._validate_scalar(fill_value)
  File "/Users/annayuen/Desktop/IECC/industrial_decarb/LCOH_EU_workflow/.venv/lib/python3.13/site-packages/pandas/core/arrays/string_.py", line 750, in _validate_scalar
    raise TypeError(
    ...<2 lines>...
    )
TypeError: Invalid value '0' for dtype 'str'. Value should be a string or missing value, got 'int' instead.
2026-06-01 16:50:16,856 INFO [PL.MŚ/000000309.FACILITY] start  lat=50.3058 lon=19.3014  active=10
2026-06-01 16:50:16,856 INFO [81/115] FAIL  FR.CAED/9481.FACILITY  ETA 0:00:07.374600
2026-06-01 16:50:16,965 ERROR [IT.CAED/240442002.FACILITY] unexpected error: Invalid value '0' for dtype 'str'. Value should be a string or missing value, got 'int' instead.
Traceback (most recent call last):
  File "/Users/annayuen/Desktop/IECC/industrial_decarb/LCOH_EU_workflow/off_grid_electricity_run/scripts/pull_pvgis_115.py", line 133, in fetch_one
    df = df.reindex(full_range, fill_value=0)[["P_kWperkWp"]]
         ~~~~~~~~~~^^^^^^^^^^^^^^^^^^^^^^^^^^
  File "/Users/annayuen/Desktop/IECC/industrial_decarb/LCOH_EU_workflow/.venv/lib/python3.13/site-packages/pandas/core/frame.py", line 6090, in reindex
    return super().reindex(
           ~~~~~~~~~~~~~~~^
        labels=labels,
        ^^^^^^^^^^^^^^
    ...<8 lines>...
        copy=copy,
        ^^^^^^^^^^
    )
    ^
  File "/Users/annayuen/Desktop/IECC/industrial_decarb/LCOH_EU_workflow/.venv/lib/python3.13/site-packages/pandas/core/generic.py", line 5476, in reindex
    return self._reindex_axes(
           ~~~~~~~~~~~~~~~~~~^
        axes, level, limit, tolerance, method, fill_value
        ^^^^^^^^^^^^^^^^^^^^^^^^^^^^^^^^^^^^^^^^^^^^^^^^^
    ).__finalize__(self, method="reindex")
    ^
  File "/Users/annayuen/Desktop/IECC/industrial_decarb/LCOH_EU_workflow/.venv/lib/python3.13/site-packages/pandas/core/generic.py", line 5503, in _reindex_axes
    obj = obj._reindex_with_indexers(
        {axis: [new_index, indexer]},
        fill_value=fill_value,
        allow_dups=False,
    )
  File "/Users/annayuen/Desktop/IECC/industrial_decarb/LCOH_EU_workflow/.venv/lib/python3.13/site-packages/pandas/core/generic.py", line 5547, in _reindex_with_indexers
    new_data = new_data.reindex_indexer(
        index,
    ...<3 lines>...
        allow_dups=allow_dups,
    )
  File "/Users/annayuen/Desktop/IECC/industrial_decarb/LCOH_EU_workflow/.venv/lib/python3.13/site-packages/pandas/core/internals/managers.py", line 866, in reindex_indexer
    blk.take_nd(
    ~~~~~~~~~~~^
        indexer,
        ^^^^^^^^
    ...<3 lines>...
        ),
        ^^
    )
    ^
  File "/Users/annayuen/Desktop/IECC/industrial_decarb/LCOH_EU_workflow/.venv/lib/python3.13/site-packages/pandas/core/internals/blocks.py", line 1015, in take_nd
    new_values = algos.take_nd(
        values, indexer, axis=axis, allow_fill=allow_fill, fill_value=fill_value
    )
  File "/Users/annayuen/Desktop/IECC/industrial_decarb/LCOH_EU_workflow/.venv/lib/python3.13/site-packages/pandas/core/array_algos/take.py", line 112, in take_nd
    return arr.take(indexer, fill_value=fill_value, allow_fill=allow_fill)
           ~~~~~~~~^^^^^^^^^^^^^^^^^^^^^^^^^^^^^^^^^^^^^^^^^^^^^^^^^^^^^^^
  File "/Users/annayuen/Desktop/IECC/industrial_decarb/LCOH_EU_workflow/.venv/lib/python3.13/site-packages/pandas/core/arrays/numpy_.py", line 382, in take
    result = super().take(
        indices, allow_fill=allow_fill, fill_value=fill_value, axis=axis
    )
  File "/Users/annayuen/Desktop/IECC/industrial_decarb/LCOH_EU_workflow/.venv/lib/python3.13/site-packages/pandas/core/arrays/_mixins.py", line 170, in take
    fill_value = self._validate_scalar(fill_value)
  File "/Users/annayuen/Desktop/IECC/industrial_decarb/LCOH_EU_workflow/.venv/lib/python3.13/site-packages/pandas/core/arrays/string_.py", line 750, in _validate_scalar
    raise TypeError(
    ...<2 lines>...
    )
TypeError: Invalid value '0' for dtype 'str'. Value should be a string or missing value, got 'int' instead.
2026-06-01 16:50:16,968 INFO [PL.MŚ/000000021.FACILITY] start  lat=50.0378 lon=18.4867  active=10
2026-06-01 16:50:16,968 INFO [82/115] FAIL  IT.CAED/240442002.FACILITY  ETA 0:00:07.115526
2026-06-01 16:50:17,265 ERROR [FR.CAED/7874.FACILITY] unexpected error: Invalid value '0' for dtype 'str'. Value should be a string or missing value, got 'int' instead.
Traceback (most recent call last):
  File "/Users/annayuen/Desktop/IECC/industrial_decarb/LCOH_EU_workflow/off_grid_electricity_run/scripts/pull_pvgis_115.py", line 133, in fetch_one
    df = df.reindex(full_range, fill_value=0)[["P_kWperkWp"]]
         ~~~~~~~~~~^^^^^^^^^^^^^^^^^^^^^^^^^^
  File "/Users/annayuen/Desktop/IECC/industrial_decarb/LCOH_EU_workflow/.venv/lib/python3.13/site-packages/pandas/core/frame.py", line 6090, in reindex
    return super().reindex(
           ~~~~~~~~~~~~~~~^
        labels=labels,
        ^^^^^^^^^^^^^^
    ...<8 lines>...
        copy=copy,
        ^^^^^^^^^^
    )
    ^
  File "/Users/annayuen/Desktop/IECC/industrial_decarb/LCOH_EU_workflow/.venv/lib/python3.13/site-packages/pandas/core/generic.py", line 5476, in reindex
    return self._reindex_axes(
           ~~~~~~~~~~~~~~~~~~^
        axes, level, limit, tolerance, method, fill_value
        ^^^^^^^^^^^^^^^^^^^^^^^^^^^^^^^^^^^^^^^^^^^^^^^^^
    ).__finalize__(self, method="reindex")
    ^
  File "/Users/annayuen/Desktop/IECC/industrial_decarb/LCOH_EU_workflow/.venv/lib/python3.13/site-packages/pandas/core/generic.py", line 5503, in _reindex_axes
    obj = obj._reindex_with_indexers(
        {axis: [new_index, indexer]},
        fill_value=fill_value,
        allow_dups=False,
    )
  File "/Users/annayuen/Desktop/IECC/industrial_decarb/LCOH_EU_workflow/.venv/lib/python3.13/site-packages/pandas/core/generic.py", line 5547, in _reindex_with_indexers
    new_data = new_data.reindex_indexer(
        index,
    ...<3 lines>...
        allow_dups=allow_dups,
    )
  File "/Users/annayuen/Desktop/IECC/industrial_decarb/LCOH_EU_workflow/.venv/lib/python3.13/site-packages/pandas/core/internals/managers.py", line 866, in reindex_indexer
    blk.take_nd(
    ~~~~~~~~~~~^
        indexer,
        ^^^^^^^^
    ...<3 lines>...
        ),
        ^^
    )
    ^
  File "/Users/annayuen/Desktop/IECC/industrial_decarb/LCOH_EU_workflow/.venv/lib/python3.13/site-packages/pandas/core/internals/blocks.py", line 1015, in take_nd
    new_values = algos.take_nd(
        values, indexer, axis=axis, allow_fill=allow_fill, fill_value=fill_value
    )
  File "/Users/annayuen/Desktop/IECC/industrial_decarb/LCOH_EU_workflow/.venv/lib/python3.13/site-packages/pandas/core/array_algos/take.py", line 112, in take_nd
    return arr.take(indexer, fill_value=fill_value, allow_fill=allow_fill)
           ~~~~~~~~^^^^^^^^^^^^^^^^^^^^^^^^^^^^^^^^^^^^^^^^^^^^^^^^^^^^^^^
  File "/Users/annayuen/Desktop/IECC/industrial_decarb/LCOH_EU_workflow/.venv/lib/python3.13/site-packages/pandas/core/arrays/numpy_.py", line 382, in take
    result = super().take(
        indices, allow_fill=allow_fill, fill_value=fill_value, axis=axis
    )
  File "/Users/annayuen/Desktop/IECC/industrial_decarb/LCOH_EU_workflow/.venv/lib/python3.13/site-packages/pandas/core/arrays/_mixins.py", line 170, in take
    fill_value = self._validate_scalar(fill_value)
  File "/Users/annayuen/Desktop/IECC/industrial_decarb/LCOH_EU_workflow/.venv/lib/python3.13/site-packages/pandas/core/arrays/string_.py", line 750, in _validate_scalar
    raise TypeError(
    ...<2 lines>...
    )
TypeError: Invalid value '0' for dtype 'str'. Value should be a string or missing value, got 'int' instead.
2026-06-01 16:50:17,268 ERROR [FR.CAED/9469.FACILITY] unexpected error: Invalid value '0' for dtype 'str'. Value should be a string or missing value, got 'int' instead.
Traceback (most recent call last):
  File "/Users/annayuen/Desktop/IECC/industrial_decarb/LCOH_EU_workflow/off_grid_electricity_run/scripts/pull_pvgis_115.py", line 133, in fetch_one
    df = df.reindex(full_range, fill_value=0)[["P_kWperkWp"]]
         ~~~~~~~~~~^^^^^^^^^^^^^^^^^^^^^^^^^^
  File "/Users/annayuen/Desktop/IECC/industrial_decarb/LCOH_EU_workflow/.venv/lib/python3.13/site-packages/pandas/core/frame.py", line 6090, in reindex
    return super().reindex(
           ~~~~~~~~~~~~~~~^
        labels=labels,
        ^^^^^^^^^^^^^^
    ...<8 lines>...
        copy=copy,
        ^^^^^^^^^^
    )
    ^
  File "/Users/annayuen/Desktop/IECC/industrial_decarb/LCOH_EU_workflow/.venv/lib/python3.13/site-packages/pandas/core/generic.py", line 5476, in reindex
    return self._reindex_axes(
           ~~~~~~~~~~~~~~~~~~^
        axes, level, limit, tolerance, method, fill_value
        ^^^^^^^^^^^^^^^^^^^^^^^^^^^^^^^^^^^^^^^^^^^^^^^^^
    ).__finalize__(self, method="reindex")
    ^
  File "/Users/annayuen/Desktop/IECC/industrial_decarb/LCOH_EU_workflow/.venv/lib/python3.13/site-packages/pandas/core/generic.py", line 5503, in _reindex_axes
    obj = obj._reindex_with_indexers(
        {axis: [new_index, indexer]},
        fill_value=fill_value,
        allow_dups=False,
    )
  File "/Users/annayuen/Desktop/IECC/industrial_decarb/LCOH_EU_workflow/.venv/lib/python3.13/site-packages/pandas/core/generic.py", line 5547, in _reindex_with_indexers
    new_data = new_data.reindex_indexer(
        index,
    ...<3 lines>...
        allow_dups=allow_dups,
    )
  File "/Users/annayuen/Desktop/IECC/industrial_decarb/LCOH_EU_workflow/.venv/lib/python3.13/site-packages/pandas/core/internals/managers.py", line 866, in reindex_indexer
    blk.take_nd(
    ~~~~~~~~~~~^
        indexer,
        ^^^^^^^^
    ...<3 lines>...
        ),
        ^^
    )
    ^
  File "/Users/annayuen/Desktop/IECC/industrial_decarb/LCOH_EU_workflow/.venv/lib/python3.13/site-packages/pandas/core/internals/blocks.py", line 1015, in take_nd
    new_values = algos.take_nd(
        values, indexer, axis=axis, allow_fill=allow_fill, fill_value=fill_value
    )
  File "/Users/annayuen/Desktop/IECC/industrial_decarb/LCOH_EU_workflow/.venv/lib/python3.13/site-packages/pandas/core/array_algos/take.py", line 112, in take_nd
    return arr.take(indexer, fill_value=fill_value, allow_fill=allow_fill)
           ~~~~~~~~^^^^^^^^^^^^^^^^^^^^^^^^^^^^^^^^^^^^^^^^^^^^^^^^^^^^^^^
  File "/Users/annayuen/Desktop/IECC/industrial_decarb/LCOH_EU_workflow/.venv/lib/python3.13/site-packages/pandas/core/arrays/numpy_.py", line 382, in take
    result = super().take(
        indices, allow_fill=allow_fill, fill_value=fill_value, axis=axis
    )
  File "/Users/annayuen/Desktop/IECC/industrial_decarb/LCOH_EU_workflow/.venv/lib/python3.13/site-packages/pandas/core/arrays/_mixins.py", line 170, in take
    fill_value = self._validate_scalar(fill_value)
  File "/Users/annayuen/Desktop/IECC/industrial_decarb/LCOH_EU_workflow/.venv/lib/python3.13/site-packages/pandas/core/arrays/string_.py", line 750, in _validate_scalar
    raise TypeError(
    ...<2 lines>...
    )
TypeError: Invalid value '0' for dtype 'str'. Value should be a string or missing value, got 'int' instead.
2026-06-01 16:50:17,269 ERROR [IT.CAED/960101007.FACILITY] unexpected error: Invalid value '0' for dtype 'str'. Value should be a string or missing value, got 'int' instead.
Traceback (most recent call last):
  File "/Users/annayuen/Desktop/IECC/industrial_decarb/LCOH_EU_workflow/off_grid_electricity_run/scripts/pull_pvgis_115.py", line 133, in fetch_one
    df = df.reindex(full_range, fill_value=0)[["P_kWperkWp"]]
         ~~~~~~~~~~^^^^^^^^^^^^^^^^^^^^^^^^^^
  File "/Users/annayuen/Desktop/IECC/industrial_decarb/LCOH_EU_workflow/.venv/lib/python3.13/site-packages/pandas/core/frame.py", line 6090, in reindex
    return super().reindex(
           ~~~~~~~~~~~~~~~^
        labels=labels,
        ^^^^^^^^^^^^^^
    ...<8 lines>...
        copy=copy,
        ^^^^^^^^^^
    )
    ^
  File "/Users/annayuen/Desktop/IECC/industrial_decarb/LCOH_EU_workflow/.venv/lib/python3.13/site-packages/pandas/core/generic.py", line 5476, in reindex
    return self._reindex_axes(
           ~~~~~~~~~~~~~~~~~~^
        axes, level, limit, tolerance, method, fill_value
        ^^^^^^^^^^^^^^^^^^^^^^^^^^^^^^^^^^^^^^^^^^^^^^^^^
    ).__finalize__(self, method="reindex")
    ^
  File "/Users/annayuen/Desktop/IECC/industrial_decarb/LCOH_EU_workflow/.venv/lib/python3.13/site-packages/pandas/core/generic.py", line 5503, in _reindex_axes
    obj = obj._reindex_with_indexers(
        {axis: [new_index, indexer]},
        fill_value=fill_value,
        allow_dups=False,
    )
  File "/Users/annayuen/Desktop/IECC/industrial_decarb/LCOH_EU_workflow/.venv/lib/python3.13/site-packages/pandas/core/generic.py", line 5547, in _reindex_with_indexers
    new_data = new_data.reindex_indexer(
        index,
    ...<3 lines>...
        allow_dups=allow_dups,
    )
  File "/Users/annayuen/Desktop/IECC/industrial_decarb/LCOH_EU_workflow/.venv/lib/python3.13/site-packages/pandas/core/internals/managers.py", line 866, in reindex_indexer
    blk.take_nd(
    ~~~~~~~~~~~^
        indexer,
        ^^^^^^^^
    ...<3 lines>...
        ),
        ^^
    )
    ^
  File "/Users/annayuen/Desktop/IECC/industrial_decarb/LCOH_EU_workflow/.venv/lib/python3.13/site-packages/pandas/core/internals/blocks.py", line 1015, in take_nd
    new_values = algos.take_nd(
        values, indexer, axis=axis, allow_fill=allow_fill, fill_value=fill_value
    )
  File "/Users/annayuen/Desktop/IECC/industrial_decarb/LCOH_EU_workflow/.venv/lib/python3.13/site-packages/pandas/core/array_algos/take.py", line 112, in take_nd
    return arr.take(indexer, fill_value=fill_value, allow_fill=allow_fill)
           ~~~~~~~~^^^^^^^^^^^^^^^^^^^^^^^^^^^^^^^^^^^^^^^^^^^^^^^^^^^^^^^
  File "/Users/annayuen/Desktop/IECC/industrial_decarb/LCOH_EU_workflow/.venv/lib/python3.13/site-packages/pandas/core/arrays/numpy_.py", line 382, in take
    result = super().take(
        indices, allow_fill=allow_fill, fill_value=fill_value, axis=axis
    )
  File "/Users/annayuen/Desktop/IECC/industrial_decarb/LCOH_EU_workflow/.venv/lib/python3.13/site-packages/pandas/core/arrays/_mixins.py", line 170, in take
    fill_value = self._validate_scalar(fill_value)
  File "/Users/annayuen/Desktop/IECC/industrial_decarb/LCOH_EU_workflow/.venv/lib/python3.13/site-packages/pandas/core/arrays/string_.py", line 750, in _validate_scalar
    raise TypeError(
    ...<2 lines>...
    )
TypeError: Invalid value '0' for dtype 'str'. Value should be a string or missing value, got 'int' instead.
2026-06-01 16:50:17,272 INFO [IT.CAED/960111001.FACILITY] start  lat=37.2216 lon=15.1905  active=10
2026-06-01 16:50:17,272 INFO [83/115] FAIL  FR.CAED/7874.FACILITY  ETA 0:00:06.933856
2026-06-01 16:50:17,274 INFO [FR.CAED/3572.FACILITY] start  lat=48.5328 lon=4.1139  active=10
2026-06-01 16:50:17,275 INFO [PL.MŚ/000000067.FACILITY] start  lat=51.1031 lon=18.9264  active=10
2026-06-01 16:50:17,275 INFO [84/115] FAIL  FR.CAED/9469.FACILITY  ETA 0:00:06.638433
2026-06-01 16:50:17,276 INFO [85/115] FAIL  IT.CAED/960101007.FACILITY  ETA 0:00:06.348990
2026-06-01 16:50:17,507 ERROR [FR.CAED/8363.FACILITY] unexpected error: Invalid value '0' for dtype 'str'. Value should be a string or missing value, got 'int' instead.
Traceback (most recent call last):
  File "/Users/annayuen/Desktop/IECC/industrial_decarb/LCOH_EU_workflow/off_grid_electricity_run/scripts/pull_pvgis_115.py", line 133, in fetch_one
    df = df.reindex(full_range, fill_value=0)[["P_kWperkWp"]]
         ~~~~~~~~~~^^^^^^^^^^^^^^^^^^^^^^^^^^
  File "/Users/annayuen/Desktop/IECC/industrial_decarb/LCOH_EU_workflow/.venv/lib/python3.13/site-packages/pandas/core/frame.py", line 6090, in reindex
    return super().reindex(
           ~~~~~~~~~~~~~~~^
        labels=labels,
        ^^^^^^^^^^^^^^
    ...<8 lines>...
        copy=copy,
        ^^^^^^^^^^
    )
    ^
  File "/Users/annayuen/Desktop/IECC/industrial_decarb/LCOH_EU_workflow/.venv/lib/python3.13/site-packages/pandas/core/generic.py", line 5476, in reindex
    return self._reindex_axes(
           ~~~~~~~~~~~~~~~~~~^
        axes, level, limit, tolerance, method, fill_value
        ^^^^^^^^^^^^^^^^^^^^^^^^^^^^^^^^^^^^^^^^^^^^^^^^^
    ).__finalize__(self, method="reindex")
    ^
  File "/Users/annayuen/Desktop/IECC/industrial_decarb/LCOH_EU_workflow/.venv/lib/python3.13/site-packages/pandas/core/generic.py", line 5503, in _reindex_axes
    obj = obj._reindex_with_indexers(
        {axis: [new_index, indexer]},
        fill_value=fill_value,
        allow_dups=False,
    )
  File "/Users/annayuen/Desktop/IECC/industrial_decarb/LCOH_EU_workflow/.venv/lib/python3.13/site-packages/pandas/core/generic.py", line 5547, in _reindex_with_indexers
    new_data = new_data.reindex_indexer(
        index,
    ...<3 lines>...
        allow_dups=allow_dups,
    )
  File "/Users/annayuen/Desktop/IECC/industrial_decarb/LCOH_EU_workflow/.venv/lib/python3.13/site-packages/pandas/core/internals/managers.py", line 866, in reindex_indexer
    blk.take_nd(
    ~~~~~~~~~~~^
        indexer,
        ^^^^^^^^
    ...<3 lines>...
        ),
        ^^
    )
    ^
  File "/Users/annayuen/Desktop/IECC/industrial_decarb/LCOH_EU_workflow/.venv/lib/python3.13/site-packages/pandas/core/internals/blocks.py", line 1015, in take_nd
    new_values = algos.take_nd(
        values, indexer, axis=axis, allow_fill=allow_fill, fill_value=fill_value
    )
  File "/Users/annayuen/Desktop/IECC/industrial_decarb/LCOH_EU_workflow/.venv/lib/python3.13/site-packages/pandas/core/array_algos/take.py", line 112, in take_nd
    return arr.take(indexer, fill_value=fill_value, allow_fill=allow_fill)
           ~~~~~~~~^^^^^^^^^^^^^^^^^^^^^^^^^^^^^^^^^^^^^^^^^^^^^^^^^^^^^^^
  File "/Users/annayuen/Desktop/IECC/industrial_decarb/LCOH_EU_workflow/.venv/lib/python3.13/site-packages/pandas/core/arrays/numpy_.py", line 382, in take
    result = super().take(
        indices, allow_fill=allow_fill, fill_value=fill_value, axis=axis
    )
  File "/Users/annayuen/Desktop/IECC/industrial_decarb/LCOH_EU_workflow/.venv/lib/python3.13/site-packages/pandas/core/arrays/_mixins.py", line 170, in take
    fill_value = self._validate_scalar(fill_value)
  File "/Users/annayuen/Desktop/IECC/industrial_decarb/LCOH_EU_workflow/.venv/lib/python3.13/site-packages/pandas/core/arrays/string_.py", line 750, in _validate_scalar
    raise TypeError(
    ...<2 lines>...
    )
TypeError: Invalid value '0' for dtype 'str'. Value should be a string or missing value, got 'int' instead.
2026-06-01 16:50:17,510 INFO [IT.CAED/100752001.FACILITY] start  lat=45.2533 lon=7.5397  active=10
2026-06-01 16:50:17,510 INFO [86/115] FAIL  FR.CAED/8363.FACILITY  ETA 0:00:06.144897
2026-06-01 16:50:17,514 ERROR [PL.MŚ/000000023.FACILITY] unexpected error: Invalid value '0' for dtype 'str'. Value should be a string or missing value, got 'int' instead.
Traceback (most recent call last):
  File "/Users/annayuen/Desktop/IECC/industrial_decarb/LCOH_EU_workflow/off_grid_electricity_run/scripts/pull_pvgis_115.py", line 133, in fetch_one
    df = df.reindex(full_range, fill_value=0)[["P_kWperkWp"]]
         ~~~~~~~~~~^^^^^^^^^^^^^^^^^^^^^^^^^^
  File "/Users/annayuen/Desktop/IECC/industrial_decarb/LCOH_EU_workflow/.venv/lib/python3.13/site-packages/pandas/core/frame.py", line 6090, in reindex
    return super().reindex(
           ~~~~~~~~~~~~~~~^
        labels=labels,
        ^^^^^^^^^^^^^^
    ...<8 lines>...
        copy=copy,
        ^^^^^^^^^^
    )
    ^
  File "/Users/annayuen/Desktop/IECC/industrial_decarb/LCOH_EU_workflow/.venv/lib/python3.13/site-packages/pandas/core/generic.py", line 5476, in reindex
    return self._reindex_axes(
           ~~~~~~~~~~~~~~~~~~^
        axes, level, limit, tolerance, method, fill_value
        ^^^^^^^^^^^^^^^^^^^^^^^^^^^^^^^^^^^^^^^^^^^^^^^^^
    ).__finalize__(self, method="reindex")
    ^
  File "/Users/annayuen/Desktop/IECC/industrial_decarb/LCOH_EU_workflow/.venv/lib/python3.13/site-packages/pandas/core/generic.py", line 5503, in _reindex_axes
    obj = obj._reindex_with_indexers(
        {axis: [new_index, indexer]},
        fill_value=fill_value,
        allow_dups=False,
    )
  File "/Users/annayuen/Desktop/IECC/industrial_decarb/LCOH_EU_workflow/.venv/lib/python3.13/site-packages/pandas/core/generic.py", line 5547, in _reindex_with_indexers
    new_data = new_data.reindex_indexer(
        index,
    ...<3 lines>...
        allow_dups=allow_dups,
    )
  File "/Users/annayuen/Desktop/IECC/industrial_decarb/LCOH_EU_workflow/.venv/lib/python3.13/site-packages/pandas/core/internals/managers.py", line 866, in reindex_indexer
    blk.take_nd(
    ~~~~~~~~~~~^
        indexer,
        ^^^^^^^^
    ...<3 lines>...
        ),
        ^^
    )
    ^
  File "/Users/annayuen/Desktop/IECC/industrial_decarb/LCOH_EU_workflow/.venv/lib/python3.13/site-packages/pandas/core/internals/blocks.py", line 1015, in take_nd
    new_values = algos.take_nd(
        values, indexer, axis=axis, allow_fill=allow_fill, fill_value=fill_value
    )
  File "/Users/annayuen/Desktop/IECC/industrial_decarb/LCOH_EU_workflow/.venv/lib/python3.13/site-packages/pandas/core/array_algos/take.py", line 112, in take_nd
    return arr.take(indexer, fill_value=fill_value, allow_fill=allow_fill)
           ~~~~~~~~^^^^^^^^^^^^^^^^^^^^^^^^^^^^^^^^^^^^^^^^^^^^^^^^^^^^^^^
  File "/Users/annayuen/Desktop/IECC/industrial_decarb/LCOH_EU_workflow/.venv/lib/python3.13/site-packages/pandas/core/arrays/numpy_.py", line 382, in take
    result = super().take(
        indices, allow_fill=allow_fill, fill_value=fill_value, axis=axis
    )
  File "/Users/annayuen/Desktop/IECC/industrial_decarb/LCOH_EU_workflow/.venv/lib/python3.13/site-packages/pandas/core/arrays/_mixins.py", line 170, in take
    fill_value = self._validate_scalar(fill_value)
  File "/Users/annayuen/Desktop/IECC/industrial_decarb/LCOH_EU_workflow/.venv/lib/python3.13/site-packages/pandas/core/arrays/string_.py", line 750, in _validate_scalar
    raise TypeError(
    ...<2 lines>...
    )
TypeError: Invalid value '0' for dtype 'str'. Value should be a string or missing value, got 'int' instead.
2026-06-01 16:50:17,517 INFO [FR.CAED/82.FACILITY] start  lat=49.3941 lon=3.3706  active=10
2026-06-01 16:50:17,517 INFO [87/115] FAIL  PL.MŚ/000000023.FACILITY  ETA 0:00:05.866924
2026-06-01 16:50:17,600 ERROR [FR.CAED/6088.FACILITY] unexpected error: Invalid value '0' for dtype 'str'. Value should be a string or missing value, got 'int' instead.
Traceback (most recent call last):
  File "/Users/annayuen/Desktop/IECC/industrial_decarb/LCOH_EU_workflow/off_grid_electricity_run/scripts/pull_pvgis_115.py", line 133, in fetch_one
    df = df.reindex(full_range, fill_value=0)[["P_kWperkWp"]]
         ~~~~~~~~~~^^^^^^^^^^^^^^^^^^^^^^^^^^
  File "/Users/annayuen/Desktop/IECC/industrial_decarb/LCOH_EU_workflow/.venv/lib/python3.13/site-packages/pandas/core/frame.py", line 6090, in reindex
    return super().reindex(
           ~~~~~~~~~~~~~~~^
        labels=labels,
        ^^^^^^^^^^^^^^
    ...<8 lines>...
        copy=copy,
        ^^^^^^^^^^
    )
    ^
  File "/Users/annayuen/Desktop/IECC/industrial_decarb/LCOH_EU_workflow/.venv/lib/python3.13/site-packages/pandas/core/generic.py", line 5476, in reindex
    return self._reindex_axes(
           ~~~~~~~~~~~~~~~~~~^
        axes, level, limit, tolerance, method, fill_value
        ^^^^^^^^^^^^^^^^^^^^^^^^^^^^^^^^^^^^^^^^^^^^^^^^^
    ).__finalize__(self, method="reindex")
    ^
  File "/Users/annayuen/Desktop/IECC/industrial_decarb/LCOH_EU_workflow/.venv/lib/python3.13/site-packages/pandas/core/generic.py", line 5503, in _reindex_axes
    obj = obj._reindex_with_indexers(
        {axis: [new_index, indexer]},
        fill_value=fill_value,
        allow_dups=False,
    )
  File "/Users/annayuen/Desktop/IECC/industrial_decarb/LCOH_EU_workflow/.venv/lib/python3.13/site-packages/pandas/core/generic.py", line 5547, in _reindex_with_indexers
    new_data = new_data.reindex_indexer(
        index,
    ...<3 lines>...
        allow_dups=allow_dups,
    )
  File "/Users/annayuen/Desktop/IECC/industrial_decarb/LCOH_EU_workflow/.venv/lib/python3.13/site-packages/pandas/core/internals/managers.py", line 866, in reindex_indexer
    blk.take_nd(
    ~~~~~~~~~~~^
        indexer,
        ^^^^^^^^
    ...<3 lines>...
        ),
        ^^
    )
    ^
  File "/Users/annayuen/Desktop/IECC/industrial_decarb/LCOH_EU_workflow/.venv/lib/python3.13/site-packages/pandas/core/internals/blocks.py", line 1015, in take_nd
    new_values = algos.take_nd(
        values, indexer, axis=axis, allow_fill=allow_fill, fill_value=fill_value
    )
  File "/Users/annayuen/Desktop/IECC/industrial_decarb/LCOH_EU_workflow/.venv/lib/python3.13/site-packages/pandas/core/array_algos/take.py", line 112, in take_nd
    return arr.take(indexer, fill_value=fill_value, allow_fill=allow_fill)
           ~~~~~~~~^^^^^^^^^^^^^^^^^^^^^^^^^^^^^^^^^^^^^^^^^^^^^^^^^^^^^^^
  File "/Users/annayuen/Desktop/IECC/industrial_decarb/LCOH_EU_workflow/.venv/lib/python3.13/site-packages/pandas/core/arrays/numpy_.py", line 382, in take
    result = super().take(
        indices, allow_fill=allow_fill, fill_value=fill_value, axis=axis
    )
  File "/Users/annayuen/Desktop/IECC/industrial_decarb/LCOH_EU_workflow/.venv/lib/python3.13/site-packages/pandas/core/arrays/_mixins.py", line 170, in take
    fill_value = self._validate_scalar(fill_value)
  File "/Users/annayuen/Desktop/IECC/industrial_decarb/LCOH_EU_workflow/.venv/lib/python3.13/site-packages/pandas/core/arrays/string_.py", line 750, in _validate_scalar
    raise TypeError(
    ...<2 lines>...
    )
TypeError: Invalid value '0' for dtype 'str'. Value should be a string or missing value, got 'int' instead.
2026-06-01 16:50:17,603 INFO [FR.CAED/132.FACILITY] start  lat=49.8397 lon=3.4806  active=10
2026-06-01 16:50:17,603 INFO [88/115] FAIL  FR.CAED/6088.FACILITY  ETA 0:00:05.619645
2026-06-01 16:50:17,725 ERROR [FR.CAED/9451.FACILITY] unexpected error: Invalid value '0' for dtype 'str'. Value should be a string or missing value, got 'int' instead.
Traceback (most recent call last):
  File "/Users/annayuen/Desktop/IECC/industrial_decarb/LCOH_EU_workflow/off_grid_electricity_run/scripts/pull_pvgis_115.py", line 133, in fetch_one
    df = df.reindex(full_range, fill_value=0)[["P_kWperkWp"]]
         ~~~~~~~~~~^^^^^^^^^^^^^^^^^^^^^^^^^^
  File "/Users/annayuen/Desktop/IECC/industrial_decarb/LCOH_EU_workflow/.venv/lib/python3.13/site-packages/pandas/core/frame.py", line 6090, in reindex
    return super().reindex(
           ~~~~~~~~~~~~~~~^
        labels=labels,
        ^^^^^^^^^^^^^^
    ...<8 lines>...
        copy=copy,
        ^^^^^^^^^^
    )
    ^
  File "/Users/annayuen/Desktop/IECC/industrial_decarb/LCOH_EU_workflow/.venv/lib/python3.13/site-packages/pandas/core/generic.py", line 5476, in reindex
    return self._reindex_axes(
           ~~~~~~~~~~~~~~~~~~^
        axes, level, limit, tolerance, method, fill_value
        ^^^^^^^^^^^^^^^^^^^^^^^^^^^^^^^^^^^^^^^^^^^^^^^^^
    ).__finalize__(self, method="reindex")
    ^
  File "/Users/annayuen/Desktop/IECC/industrial_decarb/LCOH_EU_workflow/.venv/lib/python3.13/site-packages/pandas/core/generic.py", line 5503, in _reindex_axes
    obj = obj._reindex_with_indexers(
        {axis: [new_index, indexer]},
        fill_value=fill_value,
        allow_dups=False,
    )
  File "/Users/annayuen/Desktop/IECC/industrial_decarb/LCOH_EU_workflow/.venv/lib/python3.13/site-packages/pandas/core/generic.py", line 5547, in _reindex_with_indexers
    new_data = new_data.reindex_indexer(
        index,
    ...<3 lines>...
        allow_dups=allow_dups,
    )
  File "/Users/annayuen/Desktop/IECC/industrial_decarb/LCOH_EU_workflow/.venv/lib/python3.13/site-packages/pandas/core/internals/managers.py", line 866, in reindex_indexer
    blk.take_nd(
    ~~~~~~~~~~~^
        indexer,
        ^^^^^^^^
    ...<3 lines>...
        ),
        ^^
    )
    ^
  File "/Users/annayuen/Desktop/IECC/industrial_decarb/LCOH_EU_workflow/.venv/lib/python3.13/site-packages/pandas/core/internals/blocks.py", line 1015, in take_nd
    new_values = algos.take_nd(
        values, indexer, axis=axis, allow_fill=allow_fill, fill_value=fill_value
    )
  File "/Users/annayuen/Desktop/IECC/industrial_decarb/LCOH_EU_workflow/.venv/lib/python3.13/site-packages/pandas/core/array_algos/take.py", line 112, in take_nd
    return arr.take(indexer, fill_value=fill_value, allow_fill=allow_fill)
           ~~~~~~~~^^^^^^^^^^^^^^^^^^^^^^^^^^^^^^^^^^^^^^^^^^^^^^^^^^^^^^^
  File "/Users/annayuen/Desktop/IECC/industrial_decarb/LCOH_EU_workflow/.venv/lib/python3.13/site-packages/pandas/core/arrays/numpy_.py", line 382, in take
    result = super().take(
        indices, allow_fill=allow_fill, fill_value=fill_value, axis=axis
    )
  File "/Users/annayuen/Desktop/IECC/industrial_decarb/LCOH_EU_workflow/.venv/lib/python3.13/site-packages/pandas/core/arrays/_mixins.py", line 170, in take
    fill_value = self._validate_scalar(fill_value)
  File "/Users/annayuen/Desktop/IECC/industrial_decarb/LCOH_EU_workflow/.venv/lib/python3.13/site-packages/pandas/core/arrays/string_.py", line 750, in _validate_scalar
    raise TypeError(
    ...<2 lines>...
    )
TypeError: Invalid value '0' for dtype 'str'. Value should be a string or missing value, got 'int' instead.
2026-06-01 16:50:17,727 INFO [FR.CAED/3834.FACILITY] start  lat=49.4884 lon=0.5652  active=10
2026-06-01 16:50:17,728 INFO [89/115] FAIL  FR.CAED/9451.FACILITY  ETA 0:00:05.387070
2026-06-01 16:50:17,900 ERROR [IT.CAED/051002003.FACILITY] unexpected error: Invalid value '0' for dtype 'str'. Value should be a string or missing value, got 'int' instead.
Traceback (most recent call last):
  File "/Users/annayuen/Desktop/IECC/industrial_decarb/LCOH_EU_workflow/off_grid_electricity_run/scripts/pull_pvgis_115.py", line 133, in fetch_one
    df = df.reindex(full_range, fill_value=0)[["P_kWperkWp"]]
         ~~~~~~~~~~^^^^^^^^^^^^^^^^^^^^^^^^^^
  File "/Users/annayuen/Desktop/IECC/industrial_decarb/LCOH_EU_workflow/.venv/lib/python3.13/site-packages/pandas/core/frame.py", line 6090, in reindex
    return super().reindex(
           ~~~~~~~~~~~~~~~^
        labels=labels,
        ^^^^^^^^^^^^^^
    ...<8 lines>...
        copy=copy,
        ^^^^^^^^^^
    )
    ^
  File "/Users/annayuen/Desktop/IECC/industrial_decarb/LCOH_EU_workflow/.venv/lib/python3.13/site-packages/pandas/core/generic.py", line 5476, in reindex
    return self._reindex_axes(
           ~~~~~~~~~~~~~~~~~~^
        axes, level, limit, tolerance, method, fill_value
        ^^^^^^^^^^^^^^^^^^^^^^^^^^^^^^^^^^^^^^^^^^^^^^^^^
    ).__finalize__(self, method="reindex")
    ^
  File "/Users/annayuen/Desktop/IECC/industrial_decarb/LCOH_EU_workflow/.venv/lib/python3.13/site-packages/pandas/core/generic.py", line 5503, in _reindex_axes
    obj = obj._reindex_with_indexers(
        {axis: [new_index, indexer]},
        fill_value=fill_value,
        allow_dups=False,
    )
  File "/Users/annayuen/Desktop/IECC/industrial_decarb/LCOH_EU_workflow/.venv/lib/python3.13/site-packages/pandas/core/generic.py", line 5547, in _reindex_with_indexers
    new_data = new_data.reindex_indexer(
        index,
    ...<3 lines>...
        allow_dups=allow_dups,
    )
  File "/Users/annayuen/Desktop/IECC/industrial_decarb/LCOH_EU_workflow/.venv/lib/python3.13/site-packages/pandas/core/internals/managers.py", line 866, in reindex_indexer
    blk.take_nd(
    ~~~~~~~~~~~^
        indexer,
        ^^^^^^^^
    ...<3 lines>...
        ),
        ^^
    )
    ^
  File "/Users/annayuen/Desktop/IECC/industrial_decarb/LCOH_EU_workflow/.venv/lib/python3.13/site-packages/pandas/core/internals/blocks.py", line 1015, in take_nd
    new_values = algos.take_nd(
        values, indexer, axis=axis, allow_fill=allow_fill, fill_value=fill_value
    )
  File "/Users/annayuen/Desktop/IECC/industrial_decarb/LCOH_EU_workflow/.venv/lib/python3.13/site-packages/pandas/core/array_algos/take.py", line 112, in take_nd
    return arr.take(indexer, fill_value=fill_value, allow_fill=allow_fill)
           ~~~~~~~~^^^^^^^^^^^^^^^^^^^^^^^^^^^^^^^^^^^^^^^^^^^^^^^^^^^^^^^
  File "/Users/annayuen/Desktop/IECC/industrial_decarb/LCOH_EU_workflow/.venv/lib/python3.13/site-packages/pandas/core/arrays/numpy_.py", line 382, in take
    result = super().take(
        indices, allow_fill=allow_fill, fill_value=fill_value, axis=axis
    )
  File "/Users/annayuen/Desktop/IECC/industrial_decarb/LCOH_EU_workflow/.venv/lib/python3.13/site-packages/pandas/core/arrays/_mixins.py", line 170, in take
    fill_value = self._validate_scalar(fill_value)
  File "/Users/annayuen/Desktop/IECC/industrial_decarb/LCOH_EU_workflow/.venv/lib/python3.13/site-packages/pandas/core/arrays/string_.py", line 750, in _validate_scalar
    raise TypeError(
    ...<2 lines>...
    )
TypeError: Invalid value '0' for dtype 'str'. Value should be a string or missing value, got 'int' instead.
2026-06-01 16:50:17,903 INFO [PL.MŚ/000000063.FACILITY] start  lat=50.8286 lon=20.2727  active=10
2026-06-01 16:50:17,903 INFO [90/115] FAIL  IT.CAED/051002003.FACILITY  ETA 0:00:05.171075
2026-06-01 16:50:18,668 ERROR [PL.MŚ/000000309.FACILITY] unexpected error: Invalid value '0' for dtype 'str'. Value should be a string or missing value, got 'int' instead.
Traceback (most recent call last):
  File "/Users/annayuen/Desktop/IECC/industrial_decarb/LCOH_EU_workflow/off_grid_electricity_run/scripts/pull_pvgis_115.py", line 133, in fetch_one
    df = df.reindex(full_range, fill_value=0)[["P_kWperkWp"]]
         ~~~~~~~~~~^^^^^^^^^^^^^^^^^^^^^^^^^^
  File "/Users/annayuen/Desktop/IECC/industrial_decarb/LCOH_EU_workflow/.venv/lib/python3.13/site-packages/pandas/core/frame.py", line 6090, in reindex
    return super().reindex(
           ~~~~~~~~~~~~~~~^
        labels=labels,
        ^^^^^^^^^^^^^^
    ...<8 lines>...
        copy=copy,
        ^^^^^^^^^^
    )
    ^
  File "/Users/annayuen/Desktop/IECC/industrial_decarb/LCOH_EU_workflow/.venv/lib/python3.13/site-packages/pandas/core/generic.py", line 5476, in reindex
    return self._reindex_axes(
           ~~~~~~~~~~~~~~~~~~^
        axes, level, limit, tolerance, method, fill_value
        ^^^^^^^^^^^^^^^^^^^^^^^^^^^^^^^^^^^^^^^^^^^^^^^^^
    ).__finalize__(self, method="reindex")
    ^
  File "/Users/annayuen/Desktop/IECC/industrial_decarb/LCOH_EU_workflow/.venv/lib/python3.13/site-packages/pandas/core/generic.py", line 5503, in _reindex_axes
    obj = obj._reindex_with_indexers(
        {axis: [new_index, indexer]},
        fill_value=fill_value,
        allow_dups=False,
    )
  File "/Users/annayuen/Desktop/IECC/industrial_decarb/LCOH_EU_workflow/.venv/lib/python3.13/site-packages/pandas/core/generic.py", line 5547, in _reindex_with_indexers
    new_data = new_data.reindex_indexer(
        index,
    ...<3 lines>...
        allow_dups=allow_dups,
    )
  File "/Users/annayuen/Desktop/IECC/industrial_decarb/LCOH_EU_workflow/.venv/lib/python3.13/site-packages/pandas/core/internals/managers.py", line 866, in reindex_indexer
    blk.take_nd(
    ~~~~~~~~~~~^
        indexer,
        ^^^^^^^^
    ...<3 lines>...
        ),
        ^^
    )
    ^
  File "/Users/annayuen/Desktop/IECC/industrial_decarb/LCOH_EU_workflow/.venv/lib/python3.13/site-packages/pandas/core/internals/blocks.py", line 1015, in take_nd
    new_values = algos.take_nd(
        values, indexer, axis=axis, allow_fill=allow_fill, fill_value=fill_value
    )
  File "/Users/annayuen/Desktop/IECC/industrial_decarb/LCOH_EU_workflow/.venv/lib/python3.13/site-packages/pandas/core/array_algos/take.py", line 112, in take_nd
    return arr.take(indexer, fill_value=fill_value, allow_fill=allow_fill)
           ~~~~~~~~^^^^^^^^^^^^^^^^^^^^^^^^^^^^^^^^^^^^^^^^^^^^^^^^^^^^^^^
  File "/Users/annayuen/Desktop/IECC/industrial_decarb/LCOH_EU_workflow/.venv/lib/python3.13/site-packages/pandas/core/arrays/numpy_.py", line 382, in take
    result = super().take(
        indices, allow_fill=allow_fill, fill_value=fill_value, axis=axis
    )
  File "/Users/annayuen/Desktop/IECC/industrial_decarb/LCOH_EU_workflow/.venv/lib/python3.13/site-packages/pandas/core/arrays/_mixins.py", line 170, in take
    fill_value = self._validate_scalar(fill_value)
  File "/Users/annayuen/Desktop/IECC/industrial_decarb/LCOH_EU_workflow/.venv/lib/python3.13/site-packages/pandas/core/arrays/string_.py", line 750, in _validate_scalar
    raise TypeError(
    ...<2 lines>...
    )
TypeError: Invalid value '0' for dtype 'str'. Value should be a string or missing value, got 'int' instead.
2026-06-01 16:50:18,671 INFO [IT.CAED/270391001.FACILITY] start  lat=45.0997 lon=8.8768  active=10
2026-06-01 16:50:18,671 INFO [91/115] FAIL  PL.MŚ/000000309.FACILITY  ETA 0:00:05.112336
2026-06-01 16:50:18,774 ERROR [PL.MŚ/000000021.FACILITY] unexpected error: Invalid value '0' for dtype 'str'. Value should be a string or missing value, got 'int' instead.
Traceback (most recent call last):
  File "/Users/annayuen/Desktop/IECC/industrial_decarb/LCOH_EU_workflow/off_grid_electricity_run/scripts/pull_pvgis_115.py", line 133, in fetch_one
    df = df.reindex(full_range, fill_value=0)[["P_kWperkWp"]]
         ~~~~~~~~~~^^^^^^^^^^^^^^^^^^^^^^^^^^
  File "/Users/annayuen/Desktop/IECC/industrial_decarb/LCOH_EU_workflow/.venv/lib/python3.13/site-packages/pandas/core/frame.py", line 6090, in reindex
    return super().reindex(
           ~~~~~~~~~~~~~~~^
        labels=labels,
        ^^^^^^^^^^^^^^
    ...<8 lines>...
        copy=copy,
        ^^^^^^^^^^
    )
    ^
  File "/Users/annayuen/Desktop/IECC/industrial_decarb/LCOH_EU_workflow/.venv/lib/python3.13/site-packages/pandas/core/generic.py", line 5476, in reindex
    return self._reindex_axes(
           ~~~~~~~~~~~~~~~~~~^
        axes, level, limit, tolerance, method, fill_value
        ^^^^^^^^^^^^^^^^^^^^^^^^^^^^^^^^^^^^^^^^^^^^^^^^^
    ).__finalize__(self, method="reindex")
    ^
  File "/Users/annayuen/Desktop/IECC/industrial_decarb/LCOH_EU_workflow/.venv/lib/python3.13/site-packages/pandas/core/generic.py", line 5503, in _reindex_axes
    obj = obj._reindex_with_indexers(
        {axis: [new_index, indexer]},
        fill_value=fill_value,
        allow_dups=False,
    )
  File "/Users/annayuen/Desktop/IECC/industrial_decarb/LCOH_EU_workflow/.venv/lib/python3.13/site-packages/pandas/core/generic.py", line 5547, in _reindex_with_indexers
    new_data = new_data.reindex_indexer(
        index,
    ...<3 lines>...
        allow_dups=allow_dups,
    )
  File "/Users/annayuen/Desktop/IECC/industrial_decarb/LCOH_EU_workflow/.venv/lib/python3.13/site-packages/pandas/core/internals/managers.py", line 866, in reindex_indexer
    blk.take_nd(
    ~~~~~~~~~~~^
        indexer,
        ^^^^^^^^
    ...<3 lines>...
        ),
        ^^
    )
    ^
  File "/Users/annayuen/Desktop/IECC/industrial_decarb/LCOH_EU_workflow/.venv/lib/python3.13/site-packages/pandas/core/internals/blocks.py", line 1015, in take_nd
    new_values = algos.take_nd(
        values, indexer, axis=axis, allow_fill=allow_fill, fill_value=fill_value
    )
  File "/Users/annayuen/Desktop/IECC/industrial_decarb/LCOH_EU_workflow/.venv/lib/python3.13/site-packages/pandas/core/array_algos/take.py", line 112, in take_nd
    return arr.take(indexer, fill_value=fill_value, allow_fill=allow_fill)
           ~~~~~~~~^^^^^^^^^^^^^^^^^^^^^^^^^^^^^^^^^^^^^^^^^^^^^^^^^^^^^^^
  File "/Users/annayuen/Desktop/IECC/industrial_decarb/LCOH_EU_workflow/.venv/lib/python3.13/site-packages/pandas/core/arrays/numpy_.py", line 382, in take
    result = super().take(
        indices, allow_fill=allow_fill, fill_value=fill_value, axis=axis
    )
  File "/Users/annayuen/Desktop/IECC/industrial_decarb/LCOH_EU_workflow/.venv/lib/python3.13/site-packages/pandas/core/arrays/_mixins.py", line 170, in take
    fill_value = self._validate_scalar(fill_value)
  File "/Users/annayuen/Desktop/IECC/industrial_decarb/LCOH_EU_workflow/.venv/lib/python3.13/site-packages/pandas/core/arrays/string_.py", line 750, in _validate_scalar
    raise TypeError(
    ...<2 lines>...
    )
TypeError: Invalid value '0' for dtype 'str'. Value should be a string or missing value, got 'int' instead.
2026-06-01 16:50:18,777 INFO [FR.CAED/3833.FACILITY] start  lat=49.4884 lon=0.5652  active=10
2026-06-01 16:50:18,777 INFO [92/115] FAIL  PL.MŚ/000000021.FACILITY  ETA 0:00:04.872412
2026-06-01 16:50:19,197 ERROR [FR.CAED/3572.FACILITY] unexpected error: Invalid value '0' for dtype 'str'. Value should be a string or missing value, got 'int' instead.
Traceback (most recent call last):
  File "/Users/annayuen/Desktop/IECC/industrial_decarb/LCOH_EU_workflow/off_grid_electricity_run/scripts/pull_pvgis_115.py", line 133, in fetch_one
    df = df.reindex(full_range, fill_value=0)[["P_kWperkWp"]]
         ~~~~~~~~~~^^^^^^^^^^^^^^^^^^^^^^^^^^
  File "/Users/annayuen/Desktop/IECC/industrial_decarb/LCOH_EU_workflow/.venv/lib/python3.13/site-packages/pandas/core/frame.py", line 6090, in reindex
    return super().reindex(
           ~~~~~~~~~~~~~~~^
        labels=labels,
        ^^^^^^^^^^^^^^
    ...<8 lines>...
        copy=copy,
        ^^^^^^^^^^
    )
    ^
  File "/Users/annayuen/Desktop/IECC/industrial_decarb/LCOH_EU_workflow/.venv/lib/python3.13/site-packages/pandas/core/generic.py", line 5476, in reindex
    return self._reindex_axes(
           ~~~~~~~~~~~~~~~~~~^
        axes, level, limit, tolerance, method, fill_value
        ^^^^^^^^^^^^^^^^^^^^^^^^^^^^^^^^^^^^^^^^^^^^^^^^^
    ).__finalize__(self, method="reindex")
    ^
  File "/Users/annayuen/Desktop/IECC/industrial_decarb/LCOH_EU_workflow/.venv/lib/python3.13/site-packages/pandas/core/generic.py", line 5503, in _reindex_axes
    obj = obj._reindex_with_indexers(
        {axis: [new_index, indexer]},
        fill_value=fill_value,
        allow_dups=False,
    )
  File "/Users/annayuen/Desktop/IECC/industrial_decarb/LCOH_EU_workflow/.venv/lib/python3.13/site-packages/pandas/core/generic.py", line 5547, in _reindex_with_indexers
    new_data = new_data.reindex_indexer(
        index,
    ...<3 lines>...
        allow_dups=allow_dups,
    )
  File "/Users/annayuen/Desktop/IECC/industrial_decarb/LCOH_EU_workflow/.venv/lib/python3.13/site-packages/pandas/core/internals/managers.py", line 866, in reindex_indexer
    blk.take_nd(
    ~~~~~~~~~~~^
        indexer,
        ^^^^^^^^
    ...<3 lines>...
        ),
        ^^
    )
    ^
  File "/Users/annayuen/Desktop/IECC/industrial_decarb/LCOH_EU_workflow/.venv/lib/python3.13/site-packages/pandas/core/internals/blocks.py", line 1015, in take_nd
    new_values = algos.take_nd(
        values, indexer, axis=axis, allow_fill=allow_fill, fill_value=fill_value
    )
  File "/Users/annayuen/Desktop/IECC/industrial_decarb/LCOH_EU_workflow/.venv/lib/python3.13/site-packages/pandas/core/array_algos/take.py", line 112, in take_nd
    return arr.take(indexer, fill_value=fill_value, allow_fill=allow_fill)
           ~~~~~~~~^^^^^^^^^^^^^^^^^^^^^^^^^^^^^^^^^^^^^^^^^^^^^^^^^^^^^^^
  File "/Users/annayuen/Desktop/IECC/industrial_decarb/LCOH_EU_workflow/.venv/lib/python3.13/site-packages/pandas/core/arrays/numpy_.py", line 382, in take
    result = super().take(
        indices, allow_fill=allow_fill, fill_value=fill_value, axis=axis
    )
  File "/Users/annayuen/Desktop/IECC/industrial_decarb/LCOH_EU_workflow/.venv/lib/python3.13/site-packages/pandas/core/arrays/_mixins.py", line 170, in take
    fill_value = self._validate_scalar(fill_value)
  File "/Users/annayuen/Desktop/IECC/industrial_decarb/LCOH_EU_workflow/.venv/lib/python3.13/site-packages/pandas/core/arrays/string_.py", line 750, in _validate_scalar
    raise TypeError(
    ...<2 lines>...
    )
TypeError: Invalid value '0' for dtype 'str'. Value should be a string or missing value, got 'int' instead.
2026-06-01 16:50:19,200 INFO [ES.CAED/001998000.FACILITY] start  lat=43.6975 lon=-7.4549  active=10
2026-06-01 16:50:19,200 INFO [93/115] FAIL  FR.CAED/3572.FACILITY  ETA 0:00:04.710508
2026-06-01 16:50:19,204 ERROR [IT.CAED/960111001.FACILITY] unexpected error: Invalid value '0' for dtype 'str'. Value should be a string or missing value, got 'int' instead.
Traceback (most recent call last):
  File "/Users/annayuen/Desktop/IECC/industrial_decarb/LCOH_EU_workflow/off_grid_electricity_run/scripts/pull_pvgis_115.py", line 133, in fetch_one
    df = df.reindex(full_range, fill_value=0)[["P_kWperkWp"]]
         ~~~~~~~~~~^^^^^^^^^^^^^^^^^^^^^^^^^^
  File "/Users/annayuen/Desktop/IECC/industrial_decarb/LCOH_EU_workflow/.venv/lib/python3.13/site-packages/pandas/core/frame.py", line 6090, in reindex
    return super().reindex(
           ~~~~~~~~~~~~~~~^
        labels=labels,
        ^^^^^^^^^^^^^^
    ...<8 lines>...
        copy=copy,
        ^^^^^^^^^^
    )
    ^
  File "/Users/annayuen/Desktop/IECC/industrial_decarb/LCOH_EU_workflow/.venv/lib/python3.13/site-packages/pandas/core/generic.py", line 5476, in reindex
    return self._reindex_axes(
           ~~~~~~~~~~~~~~~~~~^
        axes, level, limit, tolerance, method, fill_value
        ^^^^^^^^^^^^^^^^^^^^^^^^^^^^^^^^^^^^^^^^^^^^^^^^^
    ).__finalize__(self, method="reindex")
    ^
  File "/Users/annayuen/Desktop/IECC/industrial_decarb/LCOH_EU_workflow/.venv/lib/python3.13/site-packages/pandas/core/generic.py", line 5503, in _reindex_axes
    obj = obj._reindex_with_indexers(
        {axis: [new_index, indexer]},
        fill_value=fill_value,
        allow_dups=False,
    )
  File "/Users/annayuen/Desktop/IECC/industrial_decarb/LCOH_EU_workflow/.venv/lib/python3.13/site-packages/pandas/core/generic.py", line 5547, in _reindex_with_indexers
    new_data = new_data.reindex_indexer(
        index,
    ...<3 lines>...
        allow_dups=allow_dups,
    )
  File "/Users/annayuen/Desktop/IECC/industrial_decarb/LCOH_EU_workflow/.venv/lib/python3.13/site-packages/pandas/core/internals/managers.py", line 866, in reindex_indexer
    blk.take_nd(
    ~~~~~~~~~~~^
        indexer,
        ^^^^^^^^
    ...<3 lines>...
        ),
        ^^
    )
    ^
  File "/Users/annayuen/Desktop/IECC/industrial_decarb/LCOH_EU_workflow/.venv/lib/python3.13/site-packages/pandas/core/internals/blocks.py", line 1015, in take_nd
    new_values = algos.take_nd(
        values, indexer, axis=axis, allow_fill=allow_fill, fill_value=fill_value
    )
  File "/Users/annayuen/Desktop/IECC/industrial_decarb/LCOH_EU_workflow/.venv/lib/python3.13/site-packages/pandas/core/array_algos/take.py", line 112, in take_nd
    return arr.take(indexer, fill_value=fill_value, allow_fill=allow_fill)
           ~~~~~~~~^^^^^^^^^^^^^^^^^^^^^^^^^^^^^^^^^^^^^^^^^^^^^^^^^^^^^^^
  File "/Users/annayuen/Desktop/IECC/industrial_decarb/LCOH_EU_workflow/.venv/lib/python3.13/site-packages/pandas/core/arrays/numpy_.py", line 382, in take
    result = super().take(
        indices, allow_fill=allow_fill, fill_value=fill_value, axis=axis
    )
  File "/Users/annayuen/Desktop/IECC/industrial_decarb/LCOH_EU_workflow/.venv/lib/python3.13/site-packages/pandas/core/arrays/_mixins.py", line 170, in take
    fill_value = self._validate_scalar(fill_value)
  File "/Users/annayuen/Desktop/IECC/industrial_decarb/LCOH_EU_workflow/.venv/lib/python3.13/site-packages/pandas/core/arrays/string_.py", line 750, in _validate_scalar
    raise TypeError(
    ...<2 lines>...
    )
TypeError: Invalid value '0' for dtype 'str'. Value should be a string or missing value, got 'int' instead.
2026-06-01 16:50:19,206 INFO [FR.CAED/6359.FACILITY] start  lat=49.0053 lon=7.0312  active=10
2026-06-01 16:50:19,206 INFO [94/115] FAIL  IT.CAED/960111001.FACILITY  ETA 0:00:04.450026
2026-06-01 16:50:19,346 ERROR [FR.CAED/82.FACILITY] unexpected error: Invalid value '0' for dtype 'str'. Value should be a string or missing value, got 'int' instead.
Traceback (most recent call last):
  File "/Users/annayuen/Desktop/IECC/industrial_decarb/LCOH_EU_workflow/off_grid_electricity_run/scripts/pull_pvgis_115.py", line 133, in fetch_one
    df = df.reindex(full_range, fill_value=0)[["P_kWperkWp"]]
         ~~~~~~~~~~^^^^^^^^^^^^^^^^^^^^^^^^^^
  File "/Users/annayuen/Desktop/IECC/industrial_decarb/LCOH_EU_workflow/.venv/lib/python3.13/site-packages/pandas/core/frame.py", line 6090, in reindex
    return super().reindex(
           ~~~~~~~~~~~~~~~^
        labels=labels,
        ^^^^^^^^^^^^^^
    ...<8 lines>...
        copy=copy,
        ^^^^^^^^^^
    )
    ^
  File "/Users/annayuen/Desktop/IECC/industrial_decarb/LCOH_EU_workflow/.venv/lib/python3.13/site-packages/pandas/core/generic.py", line 5476, in reindex
    return self._reindex_axes(
           ~~~~~~~~~~~~~~~~~~^
        axes, level, limit, tolerance, method, fill_value
        ^^^^^^^^^^^^^^^^^^^^^^^^^^^^^^^^^^^^^^^^^^^^^^^^^
    ).__finalize__(self, method="reindex")
    ^
  File "/Users/annayuen/Desktop/IECC/industrial_decarb/LCOH_EU_workflow/.venv/lib/python3.13/site-packages/pandas/core/generic.py", line 5503, in _reindex_axes
    obj = obj._reindex_with_indexers(
        {axis: [new_index, indexer]},
        fill_value=fill_value,
        allow_dups=False,
    )
  File "/Users/annayuen/Desktop/IECC/industrial_decarb/LCOH_EU_workflow/.venv/lib/python3.13/site-packages/pandas/core/generic.py", line 5547, in _reindex_with_indexers
    new_data = new_data.reindex_indexer(
        index,
    ...<3 lines>...
        allow_dups=allow_dups,
    )
  File "/Users/annayuen/Desktop/IECC/industrial_decarb/LCOH_EU_workflow/.venv/lib/python3.13/site-packages/pandas/core/internals/managers.py", line 866, in reindex_indexer
    blk.take_nd(
    ~~~~~~~~~~~^
        indexer,
        ^^^^^^^^
    ...<3 lines>...
        ),
        ^^
    )
    ^
  File "/Users/annayuen/Desktop/IECC/industrial_decarb/LCOH_EU_workflow/.venv/lib/python3.13/site-packages/pandas/core/internals/blocks.py", line 1015, in take_nd
    new_values = algos.take_nd(
        values, indexer, axis=axis, allow_fill=allow_fill, fill_value=fill_value
    )
  File "/Users/annayuen/Desktop/IECC/industrial_decarb/LCOH_EU_workflow/.venv/lib/python3.13/site-packages/pandas/core/array_algos/take.py", line 112, in take_nd
    return arr.take(indexer, fill_value=fill_value, allow_fill=allow_fill)
           ~~~~~~~~^^^^^^^^^^^^^^^^^^^^^^^^^^^^^^^^^^^^^^^^^^^^^^^^^^^^^^^
  File "/Users/annayuen/Desktop/IECC/industrial_decarb/LCOH_EU_workflow/.venv/lib/python3.13/site-packages/pandas/core/arrays/numpy_.py", line 382, in take
    result = super().take(
        indices, allow_fill=allow_fill, fill_value=fill_value, axis=axis
    )
  File "/Users/annayuen/Desktop/IECC/industrial_decarb/LCOH_EU_workflow/.venv/lib/python3.13/site-packages/pandas/core/arrays/_mixins.py", line 170, in take
    fill_value = self._validate_scalar(fill_value)
  File "/Users/annayuen/Desktop/IECC/industrial_decarb/LCOH_EU_workflow/.venv/lib/python3.13/site-packages/pandas/core/arrays/string_.py", line 750, in _validate_scalar
    raise TypeError(
    ...<2 lines>...
    )
TypeError: Invalid value '0' for dtype 'str'. Value should be a string or missing value, got 'int' instead.
2026-06-01 16:50:19,347 ERROR [IT.CAED/100752001.FACILITY] unexpected error: Invalid value '0' for dtype 'str'. Value should be a string or missing value, got 'int' instead.
Traceback (most recent call last):
  File "/Users/annayuen/Desktop/IECC/industrial_decarb/LCOH_EU_workflow/off_grid_electricity_run/scripts/pull_pvgis_115.py", line 133, in fetch_one
    df = df.reindex(full_range, fill_value=0)[["P_kWperkWp"]]
         ~~~~~~~~~~^^^^^^^^^^^^^^^^^^^^^^^^^^
  File "/Users/annayuen/Desktop/IECC/industrial_decarb/LCOH_EU_workflow/.venv/lib/python3.13/site-packages/pandas/core/frame.py", line 6090, in reindex
    return super().reindex(
           ~~~~~~~~~~~~~~~^
        labels=labels,
        ^^^^^^^^^^^^^^
    ...<8 lines>...
        copy=copy,
        ^^^^^^^^^^
    )
    ^
  File "/Users/annayuen/Desktop/IECC/industrial_decarb/LCOH_EU_workflow/.venv/lib/python3.13/site-packages/pandas/core/generic.py", line 5476, in reindex
    return self._reindex_axes(
           ~~~~~~~~~~~~~~~~~~^
        axes, level, limit, tolerance, method, fill_value
        ^^^^^^^^^^^^^^^^^^^^^^^^^^^^^^^^^^^^^^^^^^^^^^^^^
    ).__finalize__(self, method="reindex")
    ^
  File "/Users/annayuen/Desktop/IECC/industrial_decarb/LCOH_EU_workflow/.venv/lib/python3.13/site-packages/pandas/core/generic.py", line 5503, in _reindex_axes
    obj = obj._reindex_with_indexers(
        {axis: [new_index, indexer]},
        fill_value=fill_value,
        allow_dups=False,
    )
  File "/Users/annayuen/Desktop/IECC/industrial_decarb/LCOH_EU_workflow/.venv/lib/python3.13/site-packages/pandas/core/generic.py", line 5547, in _reindex_with_indexers
    new_data = new_data.reindex_indexer(
        index,
    ...<3 lines>...
        allow_dups=allow_dups,
    )
  File "/Users/annayuen/Desktop/IECC/industrial_decarb/LCOH_EU_workflow/.venv/lib/python3.13/site-packages/pandas/core/internals/managers.py", line 866, in reindex_indexer
    blk.take_nd(
    ~~~~~~~~~~~^
        indexer,
        ^^^^^^^^
    ...<3 lines>...
        ),
        ^^
    )
    ^
  File "/Users/annayuen/Desktop/IECC/industrial_decarb/LCOH_EU_workflow/.venv/lib/python3.13/site-packages/pandas/core/internals/blocks.py", line 1015, in take_nd
    new_values = algos.take_nd(
        values, indexer, axis=axis, allow_fill=allow_fill, fill_value=fill_value
    )
  File "/Users/annayuen/Desktop/IECC/industrial_decarb/LCOH_EU_workflow/.venv/lib/python3.13/site-packages/pandas/core/array_algos/take.py", line 112, in take_nd
    return arr.take(indexer, fill_value=fill_value, allow_fill=allow_fill)
           ~~~~~~~~^^^^^^^^^^^^^^^^^^^^^^^^^^^^^^^^^^^^^^^^^^^^^^^^^^^^^^^
  File "/Users/annayuen/Desktop/IECC/industrial_decarb/LCOH_EU_workflow/.venv/lib/python3.13/site-packages/pandas/core/arrays/numpy_.py", line 382, in take
    result = super().take(
        indices, allow_fill=allow_fill, fill_value=fill_value, axis=axis
    )
  File "/Users/annayuen/Desktop/IECC/industrial_decarb/LCOH_EU_workflow/.venv/lib/python3.13/site-packages/pandas/core/arrays/_mixins.py", line 170, in take
    fill_value = self._validate_scalar(fill_value)
  File "/Users/annayuen/Desktop/IECC/industrial_decarb/LCOH_EU_workflow/.venv/lib/python3.13/site-packages/pandas/core/arrays/string_.py", line 750, in _validate_scalar
    raise TypeError(
    ...<2 lines>...
    )
TypeError: Invalid value '0' for dtype 'str'. Value should be a string or missing value, got 'int' instead.
2026-06-01 16:50:19,349 INFO [PL.MŚ/000000109.FACILITY] start  lat=52.8271 lon=18.0081  active=10
2026-06-01 16:50:19,349 INFO [95/115] FAIL  FR.CAED/82.FACILITY  ETA 0:00:04.223600
2026-06-01 16:50:19,354 INFO [FR.CAED/10727.FACILITY] start  lat=50.2094 lon=2.7676  active=10
2026-06-01 16:50:19,355 INFO [96/115] FAIL  IT.CAED/100752001.FACILITY  ETA 0:00:03.971646
2026-06-01 16:50:19,355 ERROR [PL.MŚ/000000067.FACILITY] unexpected error: Invalid value '0' for dtype 'str'. Value should be a string or missing value, got 'int' instead.
Traceback (most recent call last):
  File "/Users/annayuen/Desktop/IECC/industrial_decarb/LCOH_EU_workflow/off_grid_electricity_run/scripts/pull_pvgis_115.py", line 133, in fetch_one
    df = df.reindex(full_range, fill_value=0)[["P_kWperkWp"]]
         ~~~~~~~~~~^^^^^^^^^^^^^^^^^^^^^^^^^^
  File "/Users/annayuen/Desktop/IECC/industrial_decarb/LCOH_EU_workflow/.venv/lib/python3.13/site-packages/pandas/core/frame.py", line 6090, in reindex
    return super().reindex(
           ~~~~~~~~~~~~~~~^
        labels=labels,
        ^^^^^^^^^^^^^^
    ...<8 lines>...
        copy=copy,
        ^^^^^^^^^^
    )
    ^
  File "/Users/annayuen/Desktop/IECC/industrial_decarb/LCOH_EU_workflow/.venv/lib/python3.13/site-packages/pandas/core/generic.py", line 5476, in reindex
    return self._reindex_axes(
           ~~~~~~~~~~~~~~~~~~^
        axes, level, limit, tolerance, method, fill_value
        ^^^^^^^^^^^^^^^^^^^^^^^^^^^^^^^^^^^^^^^^^^^^^^^^^
    ).__finalize__(self, method="reindex")
    ^
  File "/Users/annayuen/Desktop/IECC/industrial_decarb/LCOH_EU_workflow/.venv/lib/python3.13/site-packages/pandas/core/generic.py", line 5503, in _reindex_axes
    obj = obj._reindex_with_indexers(
        {axis: [new_index, indexer]},
        fill_value=fill_value,
        allow_dups=False,
    )
  File "/Users/annayuen/Desktop/IECC/industrial_decarb/LCOH_EU_workflow/.venv/lib/python3.13/site-packages/pandas/core/generic.py", line 5547, in _reindex_with_indexers
    new_data = new_data.reindex_indexer(
        index,
    ...<3 lines>...
        allow_dups=allow_dups,
    )
  File "/Users/annayuen/Desktop/IECC/industrial_decarb/LCOH_EU_workflow/.venv/lib/python3.13/site-packages/pandas/core/internals/managers.py", line 866, in reindex_indexer
    blk.take_nd(
    ~~~~~~~~~~~^
        indexer,
        ^^^^^^^^
    ...<3 lines>...
        ),
        ^^
    )
    ^
  File "/Users/annayuen/Desktop/IECC/industrial_decarb/LCOH_EU_workflow/.venv/lib/python3.13/site-packages/pandas/core/internals/blocks.py", line 1015, in take_nd
    new_values = algos.take_nd(
        values, indexer, axis=axis, allow_fill=allow_fill, fill_value=fill_value
    )
  File "/Users/annayuen/Desktop/IECC/industrial_decarb/LCOH_EU_workflow/.venv/lib/python3.13/site-packages/pandas/core/array_algos/take.py", line 112, in take_nd
    return arr.take(indexer, fill_value=fill_value, allow_fill=allow_fill)
           ~~~~~~~~^^^^^^^^^^^^^^^^^^^^^^^^^^^^^^^^^^^^^^^^^^^^^^^^^^^^^^^
  File "/Users/annayuen/Desktop/IECC/industrial_decarb/LCOH_EU_workflow/.venv/lib/python3.13/site-packages/pandas/core/arrays/numpy_.py", line 382, in take
    result = super().take(
        indices, allow_fill=allow_fill, fill_value=fill_value, axis=axis
    )
  File "/Users/annayuen/Desktop/IECC/industrial_decarb/LCOH_EU_workflow/.venv/lib/python3.13/site-packages/pandas/core/arrays/_mixins.py", line 170, in take
    fill_value = self._validate_scalar(fill_value)
  File "/Users/annayuen/Desktop/IECC/industrial_decarb/LCOH_EU_workflow/.venv/lib/python3.13/site-packages/pandas/core/arrays/string_.py", line 750, in _validate_scalar
    raise TypeError(
    ...<2 lines>...
    )
TypeError: Invalid value '0' for dtype 'str'. Value should be a string or missing value, got 'int' instead.
2026-06-01 16:50:19,358 INFO [PL.MŚ/000000062.FACILITY] start  lat=50.6806 lon=17.9139  active=10
2026-06-01 16:50:19,358 INFO [97/115] FAIL  PL.MŚ/000000067.FACILITY  ETA 0:00:03.724488
2026-06-01 16:50:19,594 ERROR [FR.CAED/132.FACILITY] unexpected error: Invalid value '0' for dtype 'str'. Value should be a string or missing value, got 'int' instead.
Traceback (most recent call last):
  File "/Users/annayuen/Desktop/IECC/industrial_decarb/LCOH_EU_workflow/off_grid_electricity_run/scripts/pull_pvgis_115.py", line 133, in fetch_one
    df = df.reindex(full_range, fill_value=0)[["P_kWperkWp"]]
         ~~~~~~~~~~^^^^^^^^^^^^^^^^^^^^^^^^^^
  File "/Users/annayuen/Desktop/IECC/industrial_decarb/LCOH_EU_workflow/.venv/lib/python3.13/site-packages/pandas/core/frame.py", line 6090, in reindex
    return super().reindex(
           ~~~~~~~~~~~~~~~^
        labels=labels,
        ^^^^^^^^^^^^^^
    ...<8 lines>...
        copy=copy,
        ^^^^^^^^^^
    )
    ^
  File "/Users/annayuen/Desktop/IECC/industrial_decarb/LCOH_EU_workflow/.venv/lib/python3.13/site-packages/pandas/core/generic.py", line 5476, in reindex
    return self._reindex_axes(
           ~~~~~~~~~~~~~~~~~~^
        axes, level, limit, tolerance, method, fill_value
        ^^^^^^^^^^^^^^^^^^^^^^^^^^^^^^^^^^^^^^^^^^^^^^^^^
    ).__finalize__(self, method="reindex")
    ^
  File "/Users/annayuen/Desktop/IECC/industrial_decarb/LCOH_EU_workflow/.venv/lib/python3.13/site-packages/pandas/core/generic.py", line 5503, in _reindex_axes
    obj = obj._reindex_with_indexers(
        {axis: [new_index, indexer]},
        fill_value=fill_value,
        allow_dups=False,
    )
  File "/Users/annayuen/Desktop/IECC/industrial_decarb/LCOH_EU_workflow/.venv/lib/python3.13/site-packages/pandas/core/generic.py", line 5547, in _reindex_with_indexers
    new_data = new_data.reindex_indexer(
        index,
    ...<3 lines>...
        allow_dups=allow_dups,
    )
  File "/Users/annayuen/Desktop/IECC/industrial_decarb/LCOH_EU_workflow/.venv/lib/python3.13/site-packages/pandas/core/internals/managers.py", line 866, in reindex_indexer
    blk.take_nd(
    ~~~~~~~~~~~^
        indexer,
        ^^^^^^^^
    ...<3 lines>...
        ),
        ^^
    )
    ^
  File "/Users/annayuen/Desktop/IECC/industrial_decarb/LCOH_EU_workflow/.venv/lib/python3.13/site-packages/pandas/core/internals/blocks.py", line 1015, in take_nd
    new_values = algos.take_nd(
        values, indexer, axis=axis, allow_fill=allow_fill, fill_value=fill_value
    )
  File "/Users/annayuen/Desktop/IECC/industrial_decarb/LCOH_EU_workflow/.venv/lib/python3.13/site-packages/pandas/core/array_algos/take.py", line 112, in take_nd
    return arr.take(indexer, fill_value=fill_value, allow_fill=allow_fill)
           ~~~~~~~~^^^^^^^^^^^^^^^^^^^^^^^^^^^^^^^^^^^^^^^^^^^^^^^^^^^^^^^
  File "/Users/annayuen/Desktop/IECC/industrial_decarb/LCOH_EU_workflow/.venv/lib/python3.13/site-packages/pandas/core/arrays/numpy_.py", line 382, in take
    result = super().take(
        indices, allow_fill=allow_fill, fill_value=fill_value, axis=axis
    )
  File "/Users/annayuen/Desktop/IECC/industrial_decarb/LCOH_EU_workflow/.venv/lib/python3.13/site-packages/pandas/core/arrays/_mixins.py", line 170, in take
    fill_value = self._validate_scalar(fill_value)
  File "/Users/annayuen/Desktop/IECC/industrial_decarb/LCOH_EU_workflow/.venv/lib/python3.13/site-packages/pandas/core/arrays/string_.py", line 750, in _validate_scalar
    raise TypeError(
    ...<2 lines>...
    )
TypeError: Invalid value '0' for dtype 'str'. Value should be a string or missing value, got 'int' instead.
2026-06-01 16:50:19,596 INFO [FR.CAED/4602.FACILITY] start  lat=45.8691 lon=0.8281  active=10
2026-06-01 16:50:19,597 INFO [98/115] FAIL  FR.CAED/132.FACILITY  ETA 0:00:03.523046
2026-06-01 16:50:19,725 ERROR [FR.CAED/3834.FACILITY] unexpected error: Invalid value '0' for dtype 'str'. Value should be a string or missing value, got 'int' instead.
Traceback (most recent call last):
  File "/Users/annayuen/Desktop/IECC/industrial_decarb/LCOH_EU_workflow/off_grid_electricity_run/scripts/pull_pvgis_115.py", line 133, in fetch_one
    df = df.reindex(full_range, fill_value=0)[["P_kWperkWp"]]
         ~~~~~~~~~~^^^^^^^^^^^^^^^^^^^^^^^^^^
  File "/Users/annayuen/Desktop/IECC/industrial_decarb/LCOH_EU_workflow/.venv/lib/python3.13/site-packages/pandas/core/frame.py", line 6090, in reindex
    return super().reindex(
           ~~~~~~~~~~~~~~~^
        labels=labels,
        ^^^^^^^^^^^^^^
    ...<8 lines>...
        copy=copy,
        ^^^^^^^^^^
    )
    ^
  File "/Users/annayuen/Desktop/IECC/industrial_decarb/LCOH_EU_workflow/.venv/lib/python3.13/site-packages/pandas/core/generic.py", line 5476, in reindex
    return self._reindex_axes(
           ~~~~~~~~~~~~~~~~~~^
        axes, level, limit, tolerance, method, fill_value
        ^^^^^^^^^^^^^^^^^^^^^^^^^^^^^^^^^^^^^^^^^^^^^^^^^
    ).__finalize__(self, method="reindex")
    ^
  File "/Users/annayuen/Desktop/IECC/industrial_decarb/LCOH_EU_workflow/.venv/lib/python3.13/site-packages/pandas/core/generic.py", line 5503, in _reindex_axes
    obj = obj._reindex_with_indexers(
        {axis: [new_index, indexer]},
        fill_value=fill_value,
        allow_dups=False,
    )
  File "/Users/annayuen/Desktop/IECC/industrial_decarb/LCOH_EU_workflow/.venv/lib/python3.13/site-packages/pandas/core/generic.py", line 5547, in _reindex_with_indexers
    new_data = new_data.reindex_indexer(
        index,
    ...<3 lines>...
        allow_dups=allow_dups,
    )
  File "/Users/annayuen/Desktop/IECC/industrial_decarb/LCOH_EU_workflow/.venv/lib/python3.13/site-packages/pandas/core/internals/managers.py", line 866, in reindex_indexer
    blk.take_nd(
    ~~~~~~~~~~~^
        indexer,
        ^^^^^^^^
    ...<3 lines>...
        ),
        ^^
    )
    ^
  File "/Users/annayuen/Desktop/IECC/industrial_decarb/LCOH_EU_workflow/.venv/lib/python3.13/site-packages/pandas/core/internals/blocks.py", line 1015, in take_nd
    new_values = algos.take_nd(
        values, indexer, axis=axis, allow_fill=allow_fill, fill_value=fill_value
    )
  File "/Users/annayuen/Desktop/IECC/industrial_decarb/LCOH_EU_workflow/.venv/lib/python3.13/site-packages/pandas/core/array_algos/take.py", line 112, in take_nd
    return arr.take(indexer, fill_value=fill_value, allow_fill=allow_fill)
           ~~~~~~~~^^^^^^^^^^^^^^^^^^^^^^^^^^^^^^^^^^^^^^^^^^^^^^^^^^^^^^^
  File "/Users/annayuen/Desktop/IECC/industrial_decarb/LCOH_EU_workflow/.venv/lib/python3.13/site-packages/pandas/core/arrays/numpy_.py", line 382, in take
    result = super().take(
        indices, allow_fill=allow_fill, fill_value=fill_value, axis=axis
    )
  File "/Users/annayuen/Desktop/IECC/industrial_decarb/LCOH_EU_workflow/.venv/lib/python3.13/site-packages/pandas/core/arrays/_mixins.py", line 170, in take
    fill_value = self._validate_scalar(fill_value)
  File "/Users/annayuen/Desktop/IECC/industrial_decarb/LCOH_EU_workflow/.venv/lib/python3.13/site-packages/pandas/core/arrays/string_.py", line 750, in _validate_scalar
    raise TypeError(
    ...<2 lines>...
    )
TypeError: Invalid value '0' for dtype 'str'. Value should be a string or missing value, got 'int' instead.
2026-06-01 16:50:19,728 INFO [FR.CAED/5125.FACILITY] start  lat=45.2153 lon=4.8130  active=10
2026-06-01 16:50:19,728 INFO [99/115] FAIL  FR.CAED/3834.FACILITY  ETA 0:00:03.303536
2026-06-01 16:50:19,733 ERROR [PL.MŚ/000000063.FACILITY] unexpected error: Invalid value '0' for dtype 'str'. Value should be a string or missing value, got 'int' instead.
Traceback (most recent call last):
  File "/Users/annayuen/Desktop/IECC/industrial_decarb/LCOH_EU_workflow/off_grid_electricity_run/scripts/pull_pvgis_115.py", line 133, in fetch_one
    df = df.reindex(full_range, fill_value=0)[["P_kWperkWp"]]
         ~~~~~~~~~~^^^^^^^^^^^^^^^^^^^^^^^^^^
  File "/Users/annayuen/Desktop/IECC/industrial_decarb/LCOH_EU_workflow/.venv/lib/python3.13/site-packages/pandas/core/frame.py", line 6090, in reindex
    return super().reindex(
           ~~~~~~~~~~~~~~~^
        labels=labels,
        ^^^^^^^^^^^^^^
    ...<8 lines>...
        copy=copy,
        ^^^^^^^^^^
    )
    ^
  File "/Users/annayuen/Desktop/IECC/industrial_decarb/LCOH_EU_workflow/.venv/lib/python3.13/site-packages/pandas/core/generic.py", line 5476, in reindex
    return self._reindex_axes(
           ~~~~~~~~~~~~~~~~~~^
        axes, level, limit, tolerance, method, fill_value
        ^^^^^^^^^^^^^^^^^^^^^^^^^^^^^^^^^^^^^^^^^^^^^^^^^
    ).__finalize__(self, method="reindex")
    ^
  File "/Users/annayuen/Desktop/IECC/industrial_decarb/LCOH_EU_workflow/.venv/lib/python3.13/site-packages/pandas/core/generic.py", line 5503, in _reindex_axes
    obj = obj._reindex_with_indexers(
        {axis: [new_index, indexer]},
        fill_value=fill_value,
        allow_dups=False,
    )
  File "/Users/annayuen/Desktop/IECC/industrial_decarb/LCOH_EU_workflow/.venv/lib/python3.13/site-packages/pandas/core/generic.py", line 5547, in _reindex_with_indexers
    new_data = new_data.reindex_indexer(
        index,
    ...<3 lines>...
        allow_dups=allow_dups,
    )
  File "/Users/annayuen/Desktop/IECC/industrial_decarb/LCOH_EU_workflow/.venv/lib/python3.13/site-packages/pandas/core/internals/managers.py", line 866, in reindex_indexer
    blk.take_nd(
    ~~~~~~~~~~~^
        indexer,
        ^^^^^^^^
    ...<3 lines>...
        ),
        ^^
    )
    ^
  File "/Users/annayuen/Desktop/IECC/industrial_decarb/LCOH_EU_workflow/.venv/lib/python3.13/site-packages/pandas/core/internals/blocks.py", line 1015, in take_nd
    new_values = algos.take_nd(
        values, indexer, axis=axis, allow_fill=allow_fill, fill_value=fill_value
    )
  File "/Users/annayuen/Desktop/IECC/industrial_decarb/LCOH_EU_workflow/.venv/lib/python3.13/site-packages/pandas/core/array_algos/take.py", line 112, in take_nd
    return arr.take(indexer, fill_value=fill_value, allow_fill=allow_fill)
           ~~~~~~~~^^^^^^^^^^^^^^^^^^^^^^^^^^^^^^^^^^^^^^^^^^^^^^^^^^^^^^^
  File "/Users/annayuen/Desktop/IECC/industrial_decarb/LCOH_EU_workflow/.venv/lib/python3.13/site-packages/pandas/core/arrays/numpy_.py", line 382, in take
    result = super().take(
        indices, allow_fill=allow_fill, fill_value=fill_value, axis=axis
    )
  File "/Users/annayuen/Desktop/IECC/industrial_decarb/LCOH_EU_workflow/.venv/lib/python3.13/site-packages/pandas/core/arrays/_mixins.py", line 170, in take
    fill_value = self._validate_scalar(fill_value)
  File "/Users/annayuen/Desktop/IECC/industrial_decarb/LCOH_EU_workflow/.venv/lib/python3.13/site-packages/pandas/core/arrays/string_.py", line 750, in _validate_scalar
    raise TypeError(
    ...<2 lines>...
    )
TypeError: Invalid value '0' for dtype 'str'. Value should be a string or missing value, got 'int' instead.
2026-06-01 16:50:19,737 INFO [PL.MŚ/000000190.FACILITY] start  lat=50.8751 lon=19.2573  active=10
2026-06-01 16:50:19,737 INFO [100/115] FAIL  PL.MŚ/000000063.FACILITY  ETA 0:00:03.067455
2026-06-01 16:50:20,557 ERROR [FR.CAED/3833.FACILITY] unexpected error: Invalid value '0' for dtype 'str'. Value should be a string or missing value, got 'int' instead.
Traceback (most recent call last):
  File "/Users/annayuen/Desktop/IECC/industrial_decarb/LCOH_EU_workflow/off_grid_electricity_run/scripts/pull_pvgis_115.py", line 133, in fetch_one
    df = df.reindex(full_range, fill_value=0)[["P_kWperkWp"]]
         ~~~~~~~~~~^^^^^^^^^^^^^^^^^^^^^^^^^^
  File "/Users/annayuen/Desktop/IECC/industrial_decarb/LCOH_EU_workflow/.venv/lib/python3.13/site-packages/pandas/core/frame.py", line 6090, in reindex
    return super().reindex(
           ~~~~~~~~~~~~~~~^
        labels=labels,
        ^^^^^^^^^^^^^^
    ...<8 lines>...
        copy=copy,
        ^^^^^^^^^^
    )
    ^
  File "/Users/annayuen/Desktop/IECC/industrial_decarb/LCOH_EU_workflow/.venv/lib/python3.13/site-packages/pandas/core/generic.py", line 5476, in reindex
    return self._reindex_axes(
           ~~~~~~~~~~~~~~~~~~^
        axes, level, limit, tolerance, method, fill_value
        ^^^^^^^^^^^^^^^^^^^^^^^^^^^^^^^^^^^^^^^^^^^^^^^^^
    ).__finalize__(self, method="reindex")
    ^
  File "/Users/annayuen/Desktop/IECC/industrial_decarb/LCOH_EU_workflow/.venv/lib/python3.13/site-packages/pandas/core/generic.py", line 5503, in _reindex_axes
    obj = obj._reindex_with_indexers(
        {axis: [new_index, indexer]},
        fill_value=fill_value,
        allow_dups=False,
    )
  File "/Users/annayuen/Desktop/IECC/industrial_decarb/LCOH_EU_workflow/.venv/lib/python3.13/site-packages/pandas/core/generic.py", line 5547, in _reindex_with_indexers
    new_data = new_data.reindex_indexer(
        index,
    ...<3 lines>...
        allow_dups=allow_dups,
    )
  File "/Users/annayuen/Desktop/IECC/industrial_decarb/LCOH_EU_workflow/.venv/lib/python3.13/site-packages/pandas/core/internals/managers.py", line 866, in reindex_indexer
    blk.take_nd(
    ~~~~~~~~~~~^
        indexer,
        ^^^^^^^^
    ...<3 lines>...
        ),
        ^^
    )
    ^
  File "/Users/annayuen/Desktop/IECC/industrial_decarb/LCOH_EU_workflow/.venv/lib/python3.13/site-packages/pandas/core/internals/blocks.py", line 1015, in take_nd
    new_values = algos.take_nd(
        values, indexer, axis=axis, allow_fill=allow_fill, fill_value=fill_value
    )
  File "/Users/annayuen/Desktop/IECC/industrial_decarb/LCOH_EU_workflow/.venv/lib/python3.13/site-packages/pandas/core/array_algos/take.py", line 112, in take_nd
    return arr.take(indexer, fill_value=fill_value, allow_fill=allow_fill)
           ~~~~~~~~^^^^^^^^^^^^^^^^^^^^^^^^^^^^^^^^^^^^^^^^^^^^^^^^^^^^^^^
  File "/Users/annayuen/Desktop/IECC/industrial_decarb/LCOH_EU_workflow/.venv/lib/python3.13/site-packages/pandas/core/arrays/numpy_.py", line 382, in take
    result = super().take(
        indices, allow_fill=allow_fill, fill_value=fill_value, axis=axis
    )
  File "/Users/annayuen/Desktop/IECC/industrial_decarb/LCOH_EU_workflow/.venv/lib/python3.13/site-packages/pandas/core/arrays/_mixins.py", line 170, in take
    fill_value = self._validate_scalar(fill_value)
  File "/Users/annayuen/Desktop/IECC/industrial_decarb/LCOH_EU_workflow/.venv/lib/python3.13/site-packages/pandas/core/arrays/string_.py", line 750, in _validate_scalar
    raise TypeError(
    ...<2 lines>...
    )
TypeError: Invalid value '0' for dtype 'str'. Value should be a string or missing value, got 'int' instead.
2026-06-01 16:50:20,557 ERROR [IT.CAED/270391001.FACILITY] unexpected error: Invalid value '0' for dtype 'str'. Value should be a string or missing value, got 'int' instead.
Traceback (most recent call last):
  File "/Users/annayuen/Desktop/IECC/industrial_decarb/LCOH_EU_workflow/off_grid_electricity_run/scripts/pull_pvgis_115.py", line 133, in fetch_one
    df = df.reindex(full_range, fill_value=0)[["P_kWperkWp"]]
         ~~~~~~~~~~^^^^^^^^^^^^^^^^^^^^^^^^^^
  File "/Users/annayuen/Desktop/IECC/industrial_decarb/LCOH_EU_workflow/.venv/lib/python3.13/site-packages/pandas/core/frame.py", line 6090, in reindex
    return super().reindex(
           ~~~~~~~~~~~~~~~^
        labels=labels,
        ^^^^^^^^^^^^^^
    ...<8 lines>...
        copy=copy,
        ^^^^^^^^^^
    )
    ^
  File "/Users/annayuen/Desktop/IECC/industrial_decarb/LCOH_EU_workflow/.venv/lib/python3.13/site-packages/pandas/core/generic.py", line 5476, in reindex
    return self._reindex_axes(
           ~~~~~~~~~~~~~~~~~~^
        axes, level, limit, tolerance, method, fill_value
        ^^^^^^^^^^^^^^^^^^^^^^^^^^^^^^^^^^^^^^^^^^^^^^^^^
    ).__finalize__(self, method="reindex")
    ^
  File "/Users/annayuen/Desktop/IECC/industrial_decarb/LCOH_EU_workflow/.venv/lib/python3.13/site-packages/pandas/core/generic.py", line 5503, in _reindex_axes
    obj = obj._reindex_with_indexers(
        {axis: [new_index, indexer]},
        fill_value=fill_value,
        allow_dups=False,
    )
  File "/Users/annayuen/Desktop/IECC/industrial_decarb/LCOH_EU_workflow/.venv/lib/python3.13/site-packages/pandas/core/generic.py", line 5547, in _reindex_with_indexers
    new_data = new_data.reindex_indexer(
        index,
    ...<3 lines>...
        allow_dups=allow_dups,
    )
  File "/Users/annayuen/Desktop/IECC/industrial_decarb/LCOH_EU_workflow/.venv/lib/python3.13/site-packages/pandas/core/internals/managers.py", line 866, in reindex_indexer
    blk.take_nd(
    ~~~~~~~~~~~^
        indexer,
        ^^^^^^^^
    ...<3 lines>...
        ),
        ^^
    )
    ^
  File "/Users/annayuen/Desktop/IECC/industrial_decarb/LCOH_EU_workflow/.venv/lib/python3.13/site-packages/pandas/core/internals/blocks.py", line 1015, in take_nd
    new_values = algos.take_nd(
        values, indexer, axis=axis, allow_fill=allow_fill, fill_value=fill_value
    )
  File "/Users/annayuen/Desktop/IECC/industrial_decarb/LCOH_EU_workflow/.venv/lib/python3.13/site-packages/pandas/core/array_algos/take.py", line 112, in take_nd
    return arr.take(indexer, fill_value=fill_value, allow_fill=allow_fill)
           ~~~~~~~~^^^^^^^^^^^^^^^^^^^^^^^^^^^^^^^^^^^^^^^^^^^^^^^^^^^^^^^
  File "/Users/annayuen/Desktop/IECC/industrial_decarb/LCOH_EU_workflow/.venv/lib/python3.13/site-packages/pandas/core/arrays/numpy_.py", line 382, in take
    result = super().take(
        indices, allow_fill=allow_fill, fill_value=fill_value, axis=axis
    )
  File "/Users/annayuen/Desktop/IECC/industrial_decarb/LCOH_EU_workflow/.venv/lib/python3.13/site-packages/pandas/core/arrays/_mixins.py", line 170, in take
    fill_value = self._validate_scalar(fill_value)
  File "/Users/annayuen/Desktop/IECC/industrial_decarb/LCOH_EU_workflow/.venv/lib/python3.13/site-packages/pandas/core/arrays/string_.py", line 750, in _validate_scalar
    raise TypeError(
    ...<2 lines>...
    )
TypeError: Invalid value '0' for dtype 'str'. Value should be a string or missing value, got 'int' instead.
2026-06-01 16:50:20,561 INFO [EL.CAED/100066.FACILITY] start  lat=37.9178 lon=23.0736  active=10
2026-06-01 16:50:20,561 INFO [101/115] FAIL  FR.CAED/3833.FACILITY  ETA 0:00:02.948834
2026-06-01 16:50:20,562 INFO [FR.CAED/3466.FACILITY] start  lat=48.7222 lon=3.9212  active=10
2026-06-01 16:50:20,563 INFO [102/115] FAIL  IT.CAED/270391001.FACILITY  ETA 0:00:02.711566
2026-06-01 16:50:21,058 ERROR [FR.CAED/6359.FACILITY] unexpected error: Invalid value '0' for dtype 'str'. Value should be a string or missing value, got 'int' instead.
Traceback (most recent call last):
  File "/Users/annayuen/Desktop/IECC/industrial_decarb/LCOH_EU_workflow/off_grid_electricity_run/scripts/pull_pvgis_115.py", line 133, in fetch_one
    df = df.reindex(full_range, fill_value=0)[["P_kWperkWp"]]
         ~~~~~~~~~~^^^^^^^^^^^^^^^^^^^^^^^^^^
  File "/Users/annayuen/Desktop/IECC/industrial_decarb/LCOH_EU_workflow/.venv/lib/python3.13/site-packages/pandas/core/frame.py", line 6090, in reindex
    return super().reindex(
           ~~~~~~~~~~~~~~~^
        labels=labels,
        ^^^^^^^^^^^^^^
    ...<8 lines>...
        copy=copy,
        ^^^^^^^^^^
    )
    ^
  File "/Users/annayuen/Desktop/IECC/industrial_decarb/LCOH_EU_workflow/.venv/lib/python3.13/site-packages/pandas/core/generic.py", line 5476, in reindex
    return self._reindex_axes(
           ~~~~~~~~~~~~~~~~~~^
        axes, level, limit, tolerance, method, fill_value
        ^^^^^^^^^^^^^^^^^^^^^^^^^^^^^^^^^^^^^^^^^^^^^^^^^
    ).__finalize__(self, method="reindex")
    ^
  File "/Users/annayuen/Desktop/IECC/industrial_decarb/LCOH_EU_workflow/.venv/lib/python3.13/site-packages/pandas/core/generic.py", line 5503, in _reindex_axes
    obj = obj._reindex_with_indexers(
        {axis: [new_index, indexer]},
        fill_value=fill_value,
        allow_dups=False,
    )
  File "/Users/annayuen/Desktop/IECC/industrial_decarb/LCOH_EU_workflow/.venv/lib/python3.13/site-packages/pandas/core/generic.py", line 5547, in _reindex_with_indexers
    new_data = new_data.reindex_indexer(
        index,
    ...<3 lines>...
        allow_dups=allow_dups,
    )
  File "/Users/annayuen/Desktop/IECC/industrial_decarb/LCOH_EU_workflow/.venv/lib/python3.13/site-packages/pandas/core/internals/managers.py", line 866, in reindex_indexer
    blk.take_nd(
    ~~~~~~~~~~~^
        indexer,
        ^^^^^^^^
    ...<3 lines>...
        ),
        ^^
    )
    ^
  File "/Users/annayuen/Desktop/IECC/industrial_decarb/LCOH_EU_workflow/.venv/lib/python3.13/site-packages/pandas/core/internals/blocks.py", line 1015, in take_nd
    new_values = algos.take_nd(
        values, indexer, axis=axis, allow_fill=allow_fill, fill_value=fill_value
    )
  File "/Users/annayuen/Desktop/IECC/industrial_decarb/LCOH_EU_workflow/.venv/lib/python3.13/site-packages/pandas/core/array_algos/take.py", line 112, in take_nd
    return arr.take(indexer, fill_value=fill_value, allow_fill=allow_fill)
           ~~~~~~~~^^^^^^^^^^^^^^^^^^^^^^^^^^^^^^^^^^^^^^^^^^^^^^^^^^^^^^^
  File "/Users/annayuen/Desktop/IECC/industrial_decarb/LCOH_EU_workflow/.venv/lib/python3.13/site-packages/pandas/core/arrays/numpy_.py", line 382, in take
    result = super().take(
        indices, allow_fill=allow_fill, fill_value=fill_value, axis=axis
    )
  File "/Users/annayuen/Desktop/IECC/industrial_decarb/LCOH_EU_workflow/.venv/lib/python3.13/site-packages/pandas/core/arrays/_mixins.py", line 170, in take
    fill_value = self._validate_scalar(fill_value)
  File "/Users/annayuen/Desktop/IECC/industrial_decarb/LCOH_EU_workflow/.venv/lib/python3.13/site-packages/pandas/core/arrays/string_.py", line 750, in _validate_scalar
    raise TypeError(
    ...<2 lines>...
    )
TypeError: Invalid value '0' for dtype 'str'. Value should be a string or missing value, got 'int' instead.
2026-06-01 16:50:21,061 INFO [PL.MŚ/000000215.FACILITY] start  lat=51.1372 lon=23.5444  active=10
2026-06-01 16:50:21,061 INFO [103/115] FAIL  FR.CAED/6359.FACILITY  ETA 0:00:02.536764
2026-06-01 16:50:21,408 ERROR [ES.CAED/001998000.FACILITY] unexpected error: Invalid value '0' for dtype 'str'. Value should be a string or missing value, got 'int' instead.
Traceback (most recent call last):
  File "/Users/annayuen/Desktop/IECC/industrial_decarb/LCOH_EU_workflow/off_grid_electricity_run/scripts/pull_pvgis_115.py", line 133, in fetch_one
    df = df.reindex(full_range, fill_value=0)[["P_kWperkWp"]]
         ~~~~~~~~~~^^^^^^^^^^^^^^^^^^^^^^^^^^
  File "/Users/annayuen/Desktop/IECC/industrial_decarb/LCOH_EU_workflow/.venv/lib/python3.13/site-packages/pandas/core/frame.py", line 6090, in reindex
    return super().reindex(
           ~~~~~~~~~~~~~~~^
        labels=labels,
        ^^^^^^^^^^^^^^
    ...<8 lines>...
        copy=copy,
        ^^^^^^^^^^
    )
    ^
  File "/Users/annayuen/Desktop/IECC/industrial_decarb/LCOH_EU_workflow/.venv/lib/python3.13/site-packages/pandas/core/generic.py", line 5476, in reindex
    return self._reindex_axes(
           ~~~~~~~~~~~~~~~~~~^
        axes, level, limit, tolerance, method, fill_value
        ^^^^^^^^^^^^^^^^^^^^^^^^^^^^^^^^^^^^^^^^^^^^^^^^^
    ).__finalize__(self, method="reindex")
    ^
  File "/Users/annayuen/Desktop/IECC/industrial_decarb/LCOH_EU_workflow/.venv/lib/python3.13/site-packages/pandas/core/generic.py", line 5503, in _reindex_axes
    obj = obj._reindex_with_indexers(
        {axis: [new_index, indexer]},
        fill_value=fill_value,
        allow_dups=False,
    )
  File "/Users/annayuen/Desktop/IECC/industrial_decarb/LCOH_EU_workflow/.venv/lib/python3.13/site-packages/pandas/core/generic.py", line 5547, in _reindex_with_indexers
    new_data = new_data.reindex_indexer(
        index,
    ...<3 lines>...
        allow_dups=allow_dups,
    )
  File "/Users/annayuen/Desktop/IECC/industrial_decarb/LCOH_EU_workflow/.venv/lib/python3.13/site-packages/pandas/core/internals/managers.py", line 866, in reindex_indexer
    blk.take_nd(
    ~~~~~~~~~~~^
        indexer,
        ^^^^^^^^
    ...<3 lines>...
        ),
        ^^
    )
    ^
  File "/Users/annayuen/Desktop/IECC/industrial_decarb/LCOH_EU_workflow/.venv/lib/python3.13/site-packages/pandas/core/internals/blocks.py", line 1015, in take_nd
    new_values = algos.take_nd(
        values, indexer, axis=axis, allow_fill=allow_fill, fill_value=fill_value
    )
  File "/Users/annayuen/Desktop/IECC/industrial_decarb/LCOH_EU_workflow/.venv/lib/python3.13/site-packages/pandas/core/array_algos/take.py", line 112, in take_nd
    return arr.take(indexer, fill_value=fill_value, allow_fill=allow_fill)
           ~~~~~~~~^^^^^^^^^^^^^^^^^^^^^^^^^^^^^^^^^^^^^^^^^^^^^^^^^^^^^^^
  File "/Users/annayuen/Desktop/IECC/industrial_decarb/LCOH_EU_workflow/.venv/lib/python3.13/site-packages/pandas/core/arrays/numpy_.py", line 382, in take
    result = super().take(
        indices, allow_fill=allow_fill, fill_value=fill_value, axis=axis
    )
  File "/Users/annayuen/Desktop/IECC/industrial_decarb/LCOH_EU_workflow/.venv/lib/python3.13/site-packages/pandas/core/arrays/_mixins.py", line 170, in take
    fill_value = self._validate_scalar(fill_value)
  File "/Users/annayuen/Desktop/IECC/industrial_decarb/LCOH_EU_workflow/.venv/lib/python3.13/site-packages/pandas/core/arrays/string_.py", line 750, in _validate_scalar
    raise TypeError(
    ...<2 lines>...
    )
TypeError: Invalid value '0' for dtype 'str'. Value should be a string or missing value, got 'int' instead.
2026-06-01 16:50:21,411 ERROR [PL.MŚ/000000109.FACILITY] unexpected error: Invalid value '0' for dtype 'str'. Value should be a string or missing value, got 'int' instead.
Traceback (most recent call last):
  File "/Users/annayuen/Desktop/IECC/industrial_decarb/LCOH_EU_workflow/off_grid_electricity_run/scripts/pull_pvgis_115.py", line 133, in fetch_one
    df = df.reindex(full_range, fill_value=0)[["P_kWperkWp"]]
         ~~~~~~~~~~^^^^^^^^^^^^^^^^^^^^^^^^^^
  File "/Users/annayuen/Desktop/IECC/industrial_decarb/LCOH_EU_workflow/.venv/lib/python3.13/site-packages/pandas/core/frame.py", line 6090, in reindex
    return super().reindex(
           ~~~~~~~~~~~~~~~^
        labels=labels,
        ^^^^^^^^^^^^^^
    ...<8 lines>...
        copy=copy,
        ^^^^^^^^^^
    )
    ^
  File "/Users/annayuen/Desktop/IECC/industrial_decarb/LCOH_EU_workflow/.venv/lib/python3.13/site-packages/pandas/core/generic.py", line 5476, in reindex
    return self._reindex_axes(
           ~~~~~~~~~~~~~~~~~~^
        axes, level, limit, tolerance, method, fill_value
        ^^^^^^^^^^^^^^^^^^^^^^^^^^^^^^^^^^^^^^^^^^^^^^^^^
    ).__finalize__(self, method="reindex")
    ^
  File "/Users/annayuen/Desktop/IECC/industrial_decarb/LCOH_EU_workflow/.venv/lib/python3.13/site-packages/pandas/core/generic.py", line 5503, in _reindex_axes
    obj = obj._reindex_with_indexers(
        {axis: [new_index, indexer]},
        fill_value=fill_value,
        allow_dups=False,
    )
  File "/Users/annayuen/Desktop/IECC/industrial_decarb/LCOH_EU_workflow/.venv/lib/python3.13/site-packages/pandas/core/generic.py", line 5547, in _reindex_with_indexers
    new_data = new_data.reindex_indexer(
        index,
    ...<3 lines>...
        allow_dups=allow_dups,
    )
  File "/Users/annayuen/Desktop/IECC/industrial_decarb/LCOH_EU_workflow/.venv/lib/python3.13/site-packages/pandas/core/internals/managers.py", line 866, in reindex_indexer
    blk.take_nd(
    ~~~~~~~~~~~^
        indexer,
        ^^^^^^^^
    ...<3 lines>...
        ),
        ^^
    )
    ^
  File "/Users/annayuen/Desktop/IECC/industrial_decarb/LCOH_EU_workflow/.venv/lib/python3.13/site-packages/pandas/core/internals/blocks.py", line 1015, in take_nd
    new_values = algos.take_nd(
        values, indexer, axis=axis, allow_fill=allow_fill, fill_value=fill_value
    )
  File "/Users/annayuen/Desktop/IECC/industrial_decarb/LCOH_EU_workflow/.venv/lib/python3.13/site-packages/pandas/core/array_algos/take.py", line 112, in take_nd
    return arr.take(indexer, fill_value=fill_value, allow_fill=allow_fill)
           ~~~~~~~~^^^^^^^^^^^^^^^^^^^^^^^^^^^^^^^^^^^^^^^^^^^^^^^^^^^^^^^
  File "/Users/annayuen/Desktop/IECC/industrial_decarb/LCOH_EU_workflow/.venv/lib/python3.13/site-packages/pandas/core/arrays/numpy_.py", line 382, in take
    result = super().take(
        indices, allow_fill=allow_fill, fill_value=fill_value, axis=axis
    )
  File "/Users/annayuen/Desktop/IECC/industrial_decarb/LCOH_EU_workflow/.venv/lib/python3.13/site-packages/pandas/core/arrays/_mixins.py", line 170, in take
    fill_value = self._validate_scalar(fill_value)
  File "/Users/annayuen/Desktop/IECC/industrial_decarb/LCOH_EU_workflow/.venv/lib/python3.13/site-packages/pandas/core/arrays/string_.py", line 750, in _validate_scalar
    raise TypeError(
    ...<2 lines>...
    )
TypeError: Invalid value '0' for dtype 'str'. Value should be a string or missing value, got 'int' instead.
2026-06-01 16:50:21,416 ERROR [FR.CAED/10727.FACILITY] unexpected error: Invalid value '0' for dtype 'str'. Value should be a string or missing value, got 'int' instead.
Traceback (most recent call last):
  File "/Users/annayuen/Desktop/IECC/industrial_decarb/LCOH_EU_workflow/off_grid_electricity_run/scripts/pull_pvgis_115.py", line 133, in fetch_one
    df = df.reindex(full_range, fill_value=0)[["P_kWperkWp"]]
         ~~~~~~~~~~^^^^^^^^^^^^^^^^^^^^^^^^^^
  File "/Users/annayuen/Desktop/IECC/industrial_decarb/LCOH_EU_workflow/.venv/lib/python3.13/site-packages/pandas/core/frame.py", line 6090, in reindex
    return super().reindex(
           ~~~~~~~~~~~~~~~^
        labels=labels,
        ^^^^^^^^^^^^^^
    ...<8 lines>...
        copy=copy,
        ^^^^^^^^^^
    )
    ^
  File "/Users/annayuen/Desktop/IECC/industrial_decarb/LCOH_EU_workflow/.venv/lib/python3.13/site-packages/pandas/core/generic.py", line 5476, in reindex
    return self._reindex_axes(
           ~~~~~~~~~~~~~~~~~~^
        axes, level, limit, tolerance, method, fill_value
        ^^^^^^^^^^^^^^^^^^^^^^^^^^^^^^^^^^^^^^^^^^^^^^^^^
    ).__finalize__(self, method="reindex")
    ^
  File "/Users/annayuen/Desktop/IECC/industrial_decarb/LCOH_EU_workflow/.venv/lib/python3.13/site-packages/pandas/core/generic.py", line 5503, in _reindex_axes
    obj = obj._reindex_with_indexers(
        {axis: [new_index, indexer]},
        fill_value=fill_value,
        allow_dups=False,
    )
  File "/Users/annayuen/Desktop/IECC/industrial_decarb/LCOH_EU_workflow/.venv/lib/python3.13/site-packages/pandas/core/generic.py", line 5547, in _reindex_with_indexers
    new_data = new_data.reindex_indexer(
        index,
    ...<3 lines>...
        allow_dups=allow_dups,
    )
  File "/Users/annayuen/Desktop/IECC/industrial_decarb/LCOH_EU_workflow/.venv/lib/python3.13/site-packages/pandas/core/internals/managers.py", line 866, in reindex_indexer
    blk.take_nd(
    ~~~~~~~~~~~^
        indexer,
        ^^^^^^^^
    ...<3 lines>...
        ),
        ^^
    )
    ^
  File "/Users/annayuen/Desktop/IECC/industrial_decarb/LCOH_EU_workflow/.venv/lib/python3.13/site-packages/pandas/core/internals/blocks.py", line 1015, in take_nd
    new_values = algos.take_nd(
        values, indexer, axis=axis, allow_fill=allow_fill, fill_value=fill_value
    )
  File "/Users/annayuen/Desktop/IECC/industrial_decarb/LCOH_EU_workflow/.venv/lib/python3.13/site-packages/pandas/core/array_algos/take.py", line 112, in take_nd
    return arr.take(indexer, fill_value=fill_value, allow_fill=allow_fill)
           ~~~~~~~~^^^^^^^^^^^^^^^^^^^^^^^^^^^^^^^^^^^^^^^^^^^^^^^^^^^^^^^
  File "/Users/annayuen/Desktop/IECC/industrial_decarb/LCOH_EU_workflow/.venv/lib/python3.13/site-packages/pandas/core/arrays/numpy_.py", line 382, in take
    result = super().take(
        indices, allow_fill=allow_fill, fill_value=fill_value, axis=axis
    )
  File "/Users/annayuen/Desktop/IECC/industrial_decarb/LCOH_EU_workflow/.venv/lib/python3.13/site-packages/pandas/core/arrays/_mixins.py", line 170, in take
    fill_value = self._validate_scalar(fill_value)
  File "/Users/annayuen/Desktop/IECC/industrial_decarb/LCOH_EU_workflow/.venv/lib/python3.13/site-packages/pandas/core/arrays/string_.py", line 750, in _validate_scalar
    raise TypeError(
    ...<2 lines>...
    )
TypeError: Invalid value '0' for dtype 'str'. Value should be a string or missing value, got 'int' instead.
2026-06-01 16:50:21,420 ERROR [PL.MŚ/000000062.FACILITY] unexpected error: Invalid value '0' for dtype 'str'. Value should be a string or missing value, got 'int' instead.
Traceback (most recent call last):
  File "/Users/annayuen/Desktop/IECC/industrial_decarb/LCOH_EU_workflow/off_grid_electricity_run/scripts/pull_pvgis_115.py", line 133, in fetch_one
    df = df.reindex(full_range, fill_value=0)[["P_kWperkWp"]]
         ~~~~~~~~~~^^^^^^^^^^^^^^^^^^^^^^^^^^
  File "/Users/annayuen/Desktop/IECC/industrial_decarb/LCOH_EU_workflow/.venv/lib/python3.13/site-packages/pandas/core/frame.py", line 6090, in reindex
    return super().reindex(
           ~~~~~~~~~~~~~~~^
        labels=labels,
        ^^^^^^^^^^^^^^
    ...<8 lines>...
        copy=copy,
        ^^^^^^^^^^
    )
    ^
  File "/Users/annayuen/Desktop/IECC/industrial_decarb/LCOH_EU_workflow/.venv/lib/python3.13/site-packages/pandas/core/generic.py", line 5476, in reindex
    return self._reindex_axes(
           ~~~~~~~~~~~~~~~~~~^
        axes, level, limit, tolerance, method, fill_value
        ^^^^^^^^^^^^^^^^^^^^^^^^^^^^^^^^^^^^^^^^^^^^^^^^^
    ).__finalize__(self, method="reindex")
    ^
  File "/Users/annayuen/Desktop/IECC/industrial_decarb/LCOH_EU_workflow/.venv/lib/python3.13/site-packages/pandas/core/generic.py", line 5503, in _reindex_axes
    obj = obj._reindex_with_indexers(
        {axis: [new_index, indexer]},
        fill_value=fill_value,
        allow_dups=False,
    )
  File "/Users/annayuen/Desktop/IECC/industrial_decarb/LCOH_EU_workflow/.venv/lib/python3.13/site-packages/pandas/core/generic.py", line 5547, in _reindex_with_indexers
    new_data = new_data.reindex_indexer(
        index,
    ...<3 lines>...
        allow_dups=allow_dups,
    )
  File "/Users/annayuen/Desktop/IECC/industrial_decarb/LCOH_EU_workflow/.venv/lib/python3.13/site-packages/pandas/core/internals/managers.py", line 866, in reindex_indexer
    blk.take_nd(
    ~~~~~~~~~~~^
        indexer,
        ^^^^^^^^
    ...<3 lines>...
        ),
        ^^
    )
    ^
  File "/Users/annayuen/Desktop/IECC/industrial_decarb/LCOH_EU_workflow/.venv/lib/python3.13/site-packages/pandas/core/internals/blocks.py", line 1015, in take_nd
    new_values = algos.take_nd(
        values, indexer, axis=axis, allow_fill=allow_fill, fill_value=fill_value
    )
  File "/Users/annayuen/Desktop/IECC/industrial_decarb/LCOH_EU_workflow/.venv/lib/python3.13/site-packages/pandas/core/array_algos/take.py", line 112, in take_nd
    return arr.take(indexer, fill_value=fill_value, allow_fill=allow_fill)
           ~~~~~~~~^^^^^^^^^^^^^^^^^^^^^^^^^^^^^^^^^^^^^^^^^^^^^^^^^^^^^^^
  File "/Users/annayuen/Desktop/IECC/industrial_decarb/LCOH_EU_workflow/.venv/lib/python3.13/site-packages/pandas/core/arrays/numpy_.py", line 382, in take
    result = super().take(
        indices, allow_fill=allow_fill, fill_value=fill_value, axis=axis
    )
  File "/Users/annayuen/Desktop/IECC/industrial_decarb/LCOH_EU_workflow/.venv/lib/python3.13/site-packages/pandas/core/arrays/_mixins.py", line 170, in take
    fill_value = self._validate_scalar(fill_value)
  File "/Users/annayuen/Desktop/IECC/industrial_decarb/LCOH_EU_workflow/.venv/lib/python3.13/site-packages/pandas/core/arrays/string_.py", line 750, in _validate_scalar
    raise TypeError(
    ...<2 lines>...
    )
TypeError: Invalid value '0' for dtype 'str'. Value should be a string or missing value, got 'int' instead.
2026-06-01 16:50:21,421 INFO [IT.CAED/201532001.FACILITY] start  lat=45.5042 lon=9.0706  active=10
2026-06-01 16:50:21,421 INFO [104/115] FAIL  ES.CAED/001998000.FACILITY  ETA 0:00:02.341108
2026-06-01 16:50:21,421 ERROR [FR.CAED/4602.FACILITY] unexpected error: Invalid value '0' for dtype 'str'. Value should be a string or missing value, got 'int' instead.
Traceback (most recent call last):
  File "/Users/annayuen/Desktop/IECC/industrial_decarb/LCOH_EU_workflow/off_grid_electricity_run/scripts/pull_pvgis_115.py", line 133, in fetch_one
    df = df.reindex(full_range, fill_value=0)[["P_kWperkWp"]]
         ~~~~~~~~~~^^^^^^^^^^^^^^^^^^^^^^^^^^
  File "/Users/annayuen/Desktop/IECC/industrial_decarb/LCOH_EU_workflow/.venv/lib/python3.13/site-packages/pandas/core/frame.py", line 6090, in reindex
    return super().reindex(
           ~~~~~~~~~~~~~~~^
        labels=labels,
        ^^^^^^^^^^^^^^
    ...<8 lines>...
        copy=copy,
        ^^^^^^^^^^
    )
    ^
  File "/Users/annayuen/Desktop/IECC/industrial_decarb/LCOH_EU_workflow/.venv/lib/python3.13/site-packages/pandas/core/generic.py", line 5476, in reindex
    return self._reindex_axes(
           ~~~~~~~~~~~~~~~~~~^
        axes, level, limit, tolerance, method, fill_value
        ^^^^^^^^^^^^^^^^^^^^^^^^^^^^^^^^^^^^^^^^^^^^^^^^^
    ).__finalize__(self, method="reindex")
    ^
  File "/Users/annayuen/Desktop/IECC/industrial_decarb/LCOH_EU_workflow/.venv/lib/python3.13/site-packages/pandas/core/generic.py", line 5503, in _reindex_axes
    obj = obj._reindex_with_indexers(
        {axis: [new_index, indexer]},
        fill_value=fill_value,
        allow_dups=False,
    )
  File "/Users/annayuen/Desktop/IECC/industrial_decarb/LCOH_EU_workflow/.venv/lib/python3.13/site-packages/pandas/core/generic.py", line 5547, in _reindex_with_indexers
    new_data = new_data.reindex_indexer(
        index,
    ...<3 lines>...
        allow_dups=allow_dups,
    )
  File "/Users/annayuen/Desktop/IECC/industrial_decarb/LCOH_EU_workflow/.venv/lib/python3.13/site-packages/pandas/core/internals/managers.py", line 866, in reindex_indexer
    blk.take_nd(
    ~~~~~~~~~~~^
        indexer,
        ^^^^^^^^
    ...<3 lines>...
        ),
        ^^
    )
    ^
  File "/Users/annayuen/Desktop/IECC/industrial_decarb/LCOH_EU_workflow/.venv/lib/python3.13/site-packages/pandas/core/internals/blocks.py", line 1015, in take_nd
    new_values = algos.take_nd(
        values, indexer, axis=axis, allow_fill=allow_fill, fill_value=fill_value
    )
  File "/Users/annayuen/Desktop/IECC/industrial_decarb/LCOH_EU_workflow/.venv/lib/python3.13/site-packages/pandas/core/array_algos/take.py", line 112, in take_nd
    return arr.take(indexer, fill_value=fill_value, allow_fill=allow_fill)
           ~~~~~~~~^^^^^^^^^^^^^^^^^^^^^^^^^^^^^^^^^^^^^^^^^^^^^^^^^^^^^^^
  File "/Users/annayuen/Desktop/IECC/industrial_decarb/LCOH_EU_workflow/.venv/lib/python3.13/site-packages/pandas/core/arrays/numpy_.py", line 382, in take
    result = super().take(
        indices, allow_fill=allow_fill, fill_value=fill_value, axis=axis
    )
  File "/Users/annayuen/Desktop/IECC/industrial_decarb/LCOH_EU_workflow/.venv/lib/python3.13/site-packages/pandas/core/arrays/_mixins.py", line 170, in take
    fill_value = self._validate_scalar(fill_value)
  File "/Users/annayuen/Desktop/IECC/industrial_decarb/LCOH_EU_workflow/.venv/lib/python3.13/site-packages/pandas/core/arrays/string_.py", line 750, in _validate_scalar
    raise TypeError(
    ...<2 lines>...
    )
TypeError: Invalid value '0' for dtype 'str'. Value should be a string or missing value, got 'int' instead.
2026-06-01 16:50:21,425 INFO [FR.CAED/5900.FACILITY] start  lat=48.6196 lon=6.3578  active=10
2026-06-01 16:50:21,434 INFO [105/115] FAIL  PL.MŚ/000000109.FACILITY  ETA 0:00:02.109170
2026-06-01 16:50:21,438 ERROR [FR.CAED/5125.FACILITY] unexpected error: Invalid value '0' for dtype 'str'. Value should be a string or missing value, got 'int' instead.
Traceback (most recent call last):
  File "/Users/annayuen/Desktop/IECC/industrial_decarb/LCOH_EU_workflow/off_grid_electricity_run/scripts/pull_pvgis_115.py", line 133, in fetch_one
    df = df.reindex(full_range, fill_value=0)[["P_kWperkWp"]]
         ~~~~~~~~~~^^^^^^^^^^^^^^^^^^^^^^^^^^
  File "/Users/annayuen/Desktop/IECC/industrial_decarb/LCOH_EU_workflow/.venv/lib/python3.13/site-packages/pandas/core/frame.py", line 6090, in reindex
    return super().reindex(
           ~~~~~~~~~~~~~~~^
        labels=labels,
        ^^^^^^^^^^^^^^
    ...<8 lines>...
        copy=copy,
        ^^^^^^^^^^
    )
    ^
  File "/Users/annayuen/Desktop/IECC/industrial_decarb/LCOH_EU_workflow/.venv/lib/python3.13/site-packages/pandas/core/generic.py", line 5476, in reindex
    return self._reindex_axes(
           ~~~~~~~~~~~~~~~~~~^
        axes, level, limit, tolerance, method, fill_value
        ^^^^^^^^^^^^^^^^^^^^^^^^^^^^^^^^^^^^^^^^^^^^^^^^^
    ).__finalize__(self, method="reindex")
    ^
  File "/Users/annayuen/Desktop/IECC/industrial_decarb/LCOH_EU_workflow/.venv/lib/python3.13/site-packages/pandas/core/generic.py", line 5503, in _reindex_axes
    obj = obj._reindex_with_indexers(
        {axis: [new_index, indexer]},
        fill_value=fill_value,
        allow_dups=False,
    )
  File "/Users/annayuen/Desktop/IECC/industrial_decarb/LCOH_EU_workflow/.venv/lib/python3.13/site-packages/pandas/core/generic.py", line 5547, in _reindex_with_indexers
    new_data = new_data.reindex_indexer(
        index,
    ...<3 lines>...
        allow_dups=allow_dups,
    )
  File "/Users/annayuen/Desktop/IECC/industrial_decarb/LCOH_EU_workflow/.venv/lib/python3.13/site-packages/pandas/core/internals/managers.py", line 866, in reindex_indexer
    blk.take_nd(
    ~~~~~~~~~~~^
        indexer,
        ^^^^^^^^
    ...<3 lines>...
        ),
        ^^
    )
    ^
  File "/Users/annayuen/Desktop/IECC/industrial_decarb/LCOH_EU_workflow/.venv/lib/python3.13/site-packages/pandas/core/internals/blocks.py", line 1015, in take_nd
    new_values = algos.take_nd(
        values, indexer, axis=axis, allow_fill=allow_fill, fill_value=fill_value
    )
  File "/Users/annayuen/Desktop/IECC/industrial_decarb/LCOH_EU_workflow/.venv/lib/python3.13/site-packages/pandas/core/array_algos/take.py", line 112, in take_nd
    return arr.take(indexer, fill_value=fill_value, allow_fill=allow_fill)
           ~~~~~~~~^^^^^^^^^^^^^^^^^^^^^^^^^^^^^^^^^^^^^^^^^^^^^^^^^^^^^^^
  File "/Users/annayuen/Desktop/IECC/industrial_decarb/LCOH_EU_workflow/.venv/lib/python3.13/site-packages/pandas/core/arrays/numpy_.py", line 382, in take
    result = super().take(
        indices, allow_fill=allow_fill, fill_value=fill_value, axis=axis
    )
  File "/Users/annayuen/Desktop/IECC/industrial_decarb/LCOH_EU_workflow/.venv/lib/python3.13/site-packages/pandas/core/arrays/_mixins.py", line 170, in take
    fill_value = self._validate_scalar(fill_value)
  File "/Users/annayuen/Desktop/IECC/industrial_decarb/LCOH_EU_workflow/.venv/lib/python3.13/site-packages/pandas/core/arrays/string_.py", line 750, in _validate_scalar
    raise TypeError(
    ...<2 lines>...
    )
TypeError: Invalid value '0' for dtype 'str'. Value should be a string or missing value, got 'int' instead.
2026-06-01 16:50:21,438 INFO [106/115] FAIL  FR.CAED/10727.FACILITY  ETA 0:00:01.880712
2026-06-01 16:50:21,440 INFO [107/115] FAIL  PL.MŚ/000000062.FACILITY  ETA 0:00:01.656256
2026-06-01 16:50:21,440 INFO [108/115] FAIL  FR.CAED/4602.FACILITY  ETA 0:00:01.435854
2026-06-01 16:50:21,440 INFO [109/115] FAIL  FR.CAED/5125.FACILITY  ETA 0:00:01.219446
2026-06-01 16:50:21,565 ERROR [PL.MŚ/000000190.FACILITY] unexpected error: Invalid value '0' for dtype 'str'. Value should be a string or missing value, got 'int' instead.
Traceback (most recent call last):
  File "/Users/annayuen/Desktop/IECC/industrial_decarb/LCOH_EU_workflow/off_grid_electricity_run/scripts/pull_pvgis_115.py", line 133, in fetch_one
    df = df.reindex(full_range, fill_value=0)[["P_kWperkWp"]]
         ~~~~~~~~~~^^^^^^^^^^^^^^^^^^^^^^^^^^
  File "/Users/annayuen/Desktop/IECC/industrial_decarb/LCOH_EU_workflow/.venv/lib/python3.13/site-packages/pandas/core/frame.py", line 6090, in reindex
    return super().reindex(
           ~~~~~~~~~~~~~~~^
        labels=labels,
        ^^^^^^^^^^^^^^
    ...<8 lines>...
        copy=copy,
        ^^^^^^^^^^
    )
    ^
  File "/Users/annayuen/Desktop/IECC/industrial_decarb/LCOH_EU_workflow/.venv/lib/python3.13/site-packages/pandas/core/generic.py", line 5476, in reindex
    return self._reindex_axes(
           ~~~~~~~~~~~~~~~~~~^
        axes, level, limit, tolerance, method, fill_value
        ^^^^^^^^^^^^^^^^^^^^^^^^^^^^^^^^^^^^^^^^^^^^^^^^^
    ).__finalize__(self, method="reindex")
    ^
  File "/Users/annayuen/Desktop/IECC/industrial_decarb/LCOH_EU_workflow/.venv/lib/python3.13/site-packages/pandas/core/generic.py", line 5503, in _reindex_axes
    obj = obj._reindex_with_indexers(
        {axis: [new_index, indexer]},
        fill_value=fill_value,
        allow_dups=False,
    )
  File "/Users/annayuen/Desktop/IECC/industrial_decarb/LCOH_EU_workflow/.venv/lib/python3.13/site-packages/pandas/core/generic.py", line 5547, in _reindex_with_indexers
    new_data = new_data.reindex_indexer(
        index,
    ...<3 lines>...
        allow_dups=allow_dups,
    )
  File "/Users/annayuen/Desktop/IECC/industrial_decarb/LCOH_EU_workflow/.venv/lib/python3.13/site-packages/pandas/core/internals/managers.py", line 866, in reindex_indexer
    blk.take_nd(
    ~~~~~~~~~~~^
        indexer,
        ^^^^^^^^
    ...<3 lines>...
        ),
        ^^
    )
    ^
  File "/Users/annayuen/Desktop/IECC/industrial_decarb/LCOH_EU_workflow/.venv/lib/python3.13/site-packages/pandas/core/internals/blocks.py", line 1015, in take_nd
    new_values = algos.take_nd(
        values, indexer, axis=axis, allow_fill=allow_fill, fill_value=fill_value
    )
  File "/Users/annayuen/Desktop/IECC/industrial_decarb/LCOH_EU_workflow/.venv/lib/python3.13/site-packages/pandas/core/array_algos/take.py", line 112, in take_nd
    return arr.take(indexer, fill_value=fill_value, allow_fill=allow_fill)
           ~~~~~~~~^^^^^^^^^^^^^^^^^^^^^^^^^^^^^^^^^^^^^^^^^^^^^^^^^^^^^^^
  File "/Users/annayuen/Desktop/IECC/industrial_decarb/LCOH_EU_workflow/.venv/lib/python3.13/site-packages/pandas/core/arrays/numpy_.py", line 382, in take
    result = super().take(
        indices, allow_fill=allow_fill, fill_value=fill_value, axis=axis
    )
  File "/Users/annayuen/Desktop/IECC/industrial_decarb/LCOH_EU_workflow/.venv/lib/python3.13/site-packages/pandas/core/arrays/_mixins.py", line 170, in take
    fill_value = self._validate_scalar(fill_value)
  File "/Users/annayuen/Desktop/IECC/industrial_decarb/LCOH_EU_workflow/.venv/lib/python3.13/site-packages/pandas/core/arrays/string_.py", line 750, in _validate_scalar
    raise TypeError(
    ...<2 lines>...
    )
TypeError: Invalid value '0' for dtype 'str'. Value should be a string or missing value, got 'int' instead.
2026-06-01 16:50:21,568 INFO [110/115] FAIL  PL.MŚ/000000190.FACILITY  ETA 0:00:01.012750
2026-06-01 16:50:22,330 ERROR [EL.CAED/100066.FACILITY] unexpected error: Invalid value '0' for dtype 'str'. Value should be a string or missing value, got 'int' instead.
Traceback (most recent call last):
  File "/Users/annayuen/Desktop/IECC/industrial_decarb/LCOH_EU_workflow/off_grid_electricity_run/scripts/pull_pvgis_115.py", line 133, in fetch_one
    df = df.reindex(full_range, fill_value=0)[["P_kWperkWp"]]
         ~~~~~~~~~~^^^^^^^^^^^^^^^^^^^^^^^^^^
  File "/Users/annayuen/Desktop/IECC/industrial_decarb/LCOH_EU_workflow/.venv/lib/python3.13/site-packages/pandas/core/frame.py", line 6090, in reindex
    return super().reindex(
           ~~~~~~~~~~~~~~~^
        labels=labels,
        ^^^^^^^^^^^^^^
    ...<8 lines>...
        copy=copy,
        ^^^^^^^^^^
    )
    ^
  File "/Users/annayuen/Desktop/IECC/industrial_decarb/LCOH_EU_workflow/.venv/lib/python3.13/site-packages/pandas/core/generic.py", line 5476, in reindex
    return self._reindex_axes(
           ~~~~~~~~~~~~~~~~~~^
        axes, level, limit, tolerance, method, fill_value
        ^^^^^^^^^^^^^^^^^^^^^^^^^^^^^^^^^^^^^^^^^^^^^^^^^
    ).__finalize__(self, method="reindex")
    ^
  File "/Users/annayuen/Desktop/IECC/industrial_decarb/LCOH_EU_workflow/.venv/lib/python3.13/site-packages/pandas/core/generic.py", line 5503, in _reindex_axes
    obj = obj._reindex_with_indexers(
        {axis: [new_index, indexer]},
        fill_value=fill_value,
        allow_dups=False,
    )
  File "/Users/annayuen/Desktop/IECC/industrial_decarb/LCOH_EU_workflow/.venv/lib/python3.13/site-packages/pandas/core/generic.py", line 5547, in _reindex_with_indexers
    new_data = new_data.reindex_indexer(
        index,
    ...<3 lines>...
        allow_dups=allow_dups,
    )
  File "/Users/annayuen/Desktop/IECC/industrial_decarb/LCOH_EU_workflow/.venv/lib/python3.13/site-packages/pandas/core/internals/managers.py", line 866, in reindex_indexer
    blk.take_nd(
    ~~~~~~~~~~~^
        indexer,
        ^^^^^^^^
    ...<3 lines>...
        ),
        ^^
    )
    ^
  File "/Users/annayuen/Desktop/IECC/industrial_decarb/LCOH_EU_workflow/.venv/lib/python3.13/site-packages/pandas/core/internals/blocks.py", line 1015, in take_nd
    new_values = algos.take_nd(
        values, indexer, axis=axis, allow_fill=allow_fill, fill_value=fill_value
    )
  File "/Users/annayuen/Desktop/IECC/industrial_decarb/LCOH_EU_workflow/.venv/lib/python3.13/site-packages/pandas/core/array_algos/take.py", line 112, in take_nd
    return arr.take(indexer, fill_value=fill_value, allow_fill=allow_fill)
           ~~~~~~~~^^^^^^^^^^^^^^^^^^^^^^^^^^^^^^^^^^^^^^^^^^^^^^^^^^^^^^^
  File "/Users/annayuen/Desktop/IECC/industrial_decarb/LCOH_EU_workflow/.venv/lib/python3.13/site-packages/pandas/core/arrays/numpy_.py", line 382, in take
    result = super().take(
        indices, allow_fill=allow_fill, fill_value=fill_value, axis=axis
    )
  File "/Users/annayuen/Desktop/IECC/industrial_decarb/LCOH_EU_workflow/.venv/lib/python3.13/site-packages/pandas/core/arrays/_mixins.py", line 170, in take
    fill_value = self._validate_scalar(fill_value)
  File "/Users/annayuen/Desktop/IECC/industrial_decarb/LCOH_EU_workflow/.venv/lib/python3.13/site-packages/pandas/core/arrays/string_.py", line 750, in _validate_scalar
    raise TypeError(
    ...<2 lines>...
    )
TypeError: Invalid value '0' for dtype 'str'. Value should be a string or missing value, got 'int' instead.
2026-06-01 16:50:22,333 INFO [111/115] FAIL  EL.CAED/100066.FACILITY  ETA 0:00:00.830484
2026-06-01 16:50:22,469 ERROR [FR.CAED/3466.FACILITY] unexpected error: Invalid value '0' for dtype 'str'. Value should be a string or missing value, got 'int' instead.
Traceback (most recent call last):
  File "/Users/annayuen/Desktop/IECC/industrial_decarb/LCOH_EU_workflow/off_grid_electricity_run/scripts/pull_pvgis_115.py", line 133, in fetch_one
    df = df.reindex(full_range, fill_value=0)[["P_kWperkWp"]]
         ~~~~~~~~~~^^^^^^^^^^^^^^^^^^^^^^^^^^
  File "/Users/annayuen/Desktop/IECC/industrial_decarb/LCOH_EU_workflow/.venv/lib/python3.13/site-packages/pandas/core/frame.py", line 6090, in reindex
    return super().reindex(
           ~~~~~~~~~~~~~~~^
        labels=labels,
        ^^^^^^^^^^^^^^
    ...<8 lines>...
        copy=copy,
        ^^^^^^^^^^
    )
    ^
  File "/Users/annayuen/Desktop/IECC/industrial_decarb/LCOH_EU_workflow/.venv/lib/python3.13/site-packages/pandas/core/generic.py", line 5476, in reindex
    return self._reindex_axes(
           ~~~~~~~~~~~~~~~~~~^
        axes, level, limit, tolerance, method, fill_value
        ^^^^^^^^^^^^^^^^^^^^^^^^^^^^^^^^^^^^^^^^^^^^^^^^^
    ).__finalize__(self, method="reindex")
    ^
  File "/Users/annayuen/Desktop/IECC/industrial_decarb/LCOH_EU_workflow/.venv/lib/python3.13/site-packages/pandas/core/generic.py", line 5503, in _reindex_axes
    obj = obj._reindex_with_indexers(
        {axis: [new_index, indexer]},
        fill_value=fill_value,
        allow_dups=False,
    )
  File "/Users/annayuen/Desktop/IECC/industrial_decarb/LCOH_EU_workflow/.venv/lib/python3.13/site-packages/pandas/core/generic.py", line 5547, in _reindex_with_indexers
    new_data = new_data.reindex_indexer(
        index,
    ...<3 lines>...
        allow_dups=allow_dups,
    )
  File "/Users/annayuen/Desktop/IECC/industrial_decarb/LCOH_EU_workflow/.venv/lib/python3.13/site-packages/pandas/core/internals/managers.py", line 866, in reindex_indexer
    blk.take_nd(
    ~~~~~~~~~~~^
        indexer,
        ^^^^^^^^
    ...<3 lines>...
        ),
        ^^
    )
    ^
  File "/Users/annayuen/Desktop/IECC/industrial_decarb/LCOH_EU_workflow/.venv/lib/python3.13/site-packages/pandas/core/internals/blocks.py", line 1015, in take_nd
    new_values = algos.take_nd(
        values, indexer, axis=axis, allow_fill=allow_fill, fill_value=fill_value
    )
  File "/Users/annayuen/Desktop/IECC/industrial_decarb/LCOH_EU_workflow/.venv/lib/python3.13/site-packages/pandas/core/array_algos/take.py", line 112, in take_nd
    return arr.take(indexer, fill_value=fill_value, allow_fill=allow_fill)
           ~~~~~~~~^^^^^^^^^^^^^^^^^^^^^^^^^^^^^^^^^^^^^^^^^^^^^^^^^^^^^^^
  File "/Users/annayuen/Desktop/IECC/industrial_decarb/LCOH_EU_workflow/.venv/lib/python3.13/site-packages/pandas/core/arrays/numpy_.py", line 382, in take
    result = super().take(
        indices, allow_fill=allow_fill, fill_value=fill_value, axis=axis
    )
  File "/Users/annayuen/Desktop/IECC/industrial_decarb/LCOH_EU_workflow/.venv/lib/python3.13/site-packages/pandas/core/arrays/_mixins.py", line 170, in take
    fill_value = self._validate_scalar(fill_value)
  File "/Users/annayuen/Desktop/IECC/industrial_decarb/LCOH_EU_workflow/.venv/lib/python3.13/site-packages/pandas/core/arrays/string_.py", line 750, in _validate_scalar
    raise TypeError(
    ...<2 lines>...
    )
TypeError: Invalid value '0' for dtype 'str'. Value should be a string or missing value, got 'int' instead.
2026-06-01 16:50:22,472 INFO [112/115] FAIL  FR.CAED/3466.FACILITY  ETA 0:00:00.621021
2026-06-01 16:50:22,983 ERROR [PL.MŚ/000000215.FACILITY] unexpected error: Invalid value '0' for dtype 'str'. Value should be a string or missing value, got 'int' instead.
Traceback (most recent call last):
  File "/Users/annayuen/Desktop/IECC/industrial_decarb/LCOH_EU_workflow/off_grid_electricity_run/scripts/pull_pvgis_115.py", line 133, in fetch_one
    df = df.reindex(full_range, fill_value=0)[["P_kWperkWp"]]
         ~~~~~~~~~~^^^^^^^^^^^^^^^^^^^^^^^^^^
  File "/Users/annayuen/Desktop/IECC/industrial_decarb/LCOH_EU_workflow/.venv/lib/python3.13/site-packages/pandas/core/frame.py", line 6090, in reindex
    return super().reindex(
           ~~~~~~~~~~~~~~~^
        labels=labels,
        ^^^^^^^^^^^^^^
    ...<8 lines>...
        copy=copy,
        ^^^^^^^^^^
    )
    ^
  File "/Users/annayuen/Desktop/IECC/industrial_decarb/LCOH_EU_workflow/.venv/lib/python3.13/site-packages/pandas/core/generic.py", line 5476, in reindex
    return self._reindex_axes(
           ~~~~~~~~~~~~~~~~~~^
        axes, level, limit, tolerance, method, fill_value
        ^^^^^^^^^^^^^^^^^^^^^^^^^^^^^^^^^^^^^^^^^^^^^^^^^
    ).__finalize__(self, method="reindex")
    ^
  File "/Users/annayuen/Desktop/IECC/industrial_decarb/LCOH_EU_workflow/.venv/lib/python3.13/site-packages/pandas/core/generic.py", line 5503, in _reindex_axes
    obj = obj._reindex_with_indexers(
        {axis: [new_index, indexer]},
        fill_value=fill_value,
        allow_dups=False,
    )
  File "/Users/annayuen/Desktop/IECC/industrial_decarb/LCOH_EU_workflow/.venv/lib/python3.13/site-packages/pandas/core/generic.py", line 5547, in _reindex_with_indexers
    new_data = new_data.reindex_indexer(
        index,
    ...<3 lines>...
        allow_dups=allow_dups,
    )
  File "/Users/annayuen/Desktop/IECC/industrial_decarb/LCOH_EU_workflow/.venv/lib/python3.13/site-packages/pandas/core/internals/managers.py", line 866, in reindex_indexer
    blk.take_nd(
    ~~~~~~~~~~~^
        indexer,
        ^^^^^^^^
    ...<3 lines>...
        ),
        ^^
    )
    ^
  File "/Users/annayuen/Desktop/IECC/industrial_decarb/LCOH_EU_workflow/.venv/lib/python3.13/site-packages/pandas/core/internals/blocks.py", line 1015, in take_nd
    new_values = algos.take_nd(
        values, indexer, axis=axis, allow_fill=allow_fill, fill_value=fill_value
    )
  File "/Users/annayuen/Desktop/IECC/industrial_decarb/LCOH_EU_workflow/.venv/lib/python3.13/site-packages/pandas/core/array_algos/take.py", line 112, in take_nd
    return arr.take(indexer, fill_value=fill_value, allow_fill=allow_fill)
           ~~~~~~~~^^^^^^^^^^^^^^^^^^^^^^^^^^^^^^^^^^^^^^^^^^^^^^^^^^^^^^^
  File "/Users/annayuen/Desktop/IECC/industrial_decarb/LCOH_EU_workflow/.venv/lib/python3.13/site-packages/pandas/core/arrays/numpy_.py", line 382, in take
    result = super().take(
        indices, allow_fill=allow_fill, fill_value=fill_value, axis=axis
    )
  File "/Users/annayuen/Desktop/IECC/industrial_decarb/LCOH_EU_workflow/.venv/lib/python3.13/site-packages/pandas/core/arrays/_mixins.py", line 170, in take
    fill_value = self._validate_scalar(fill_value)
  File "/Users/annayuen/Desktop/IECC/industrial_decarb/LCOH_EU_workflow/.venv/lib/python3.13/site-packages/pandas/core/arrays/string_.py", line 750, in _validate_scalar
    raise TypeError(
    ...<2 lines>...
    )
TypeError: Invalid value '0' for dtype 'str'. Value should be a string or missing value, got 'int' instead.
2026-06-01 16:50:22,986 INFO [113/115] FAIL  PL.MŚ/000000215.FACILITY  ETA 0:00:00.419448
2026-06-01 16:50:23,263 ERROR [FR.CAED/5900.FACILITY] unexpected error: Invalid value '0' for dtype 'str'. Value should be a string or missing value, got 'int' instead.
Traceback (most recent call last):
  File "/Users/annayuen/Desktop/IECC/industrial_decarb/LCOH_EU_workflow/off_grid_electricity_run/scripts/pull_pvgis_115.py", line 133, in fetch_one
    df = df.reindex(full_range, fill_value=0)[["P_kWperkWp"]]
         ~~~~~~~~~~^^^^^^^^^^^^^^^^^^^^^^^^^^
  File "/Users/annayuen/Desktop/IECC/industrial_decarb/LCOH_EU_workflow/.venv/lib/python3.13/site-packages/pandas/core/frame.py", line 6090, in reindex
    return super().reindex(
           ~~~~~~~~~~~~~~~^
        labels=labels,
        ^^^^^^^^^^^^^^
    ...<8 lines>...
        copy=copy,
        ^^^^^^^^^^
    )
    ^
  File "/Users/annayuen/Desktop/IECC/industrial_decarb/LCOH_EU_workflow/.venv/lib/python3.13/site-packages/pandas/core/generic.py", line 5476, in reindex
    return self._reindex_axes(
           ~~~~~~~~~~~~~~~~~~^
        axes, level, limit, tolerance, method, fill_value
        ^^^^^^^^^^^^^^^^^^^^^^^^^^^^^^^^^^^^^^^^^^^^^^^^^
    ).__finalize__(self, method="reindex")
    ^
  File "/Users/annayuen/Desktop/IECC/industrial_decarb/LCOH_EU_workflow/.venv/lib/python3.13/site-packages/pandas/core/generic.py", line 5503, in _reindex_axes
    obj = obj._reindex_with_indexers(
        {axis: [new_index, indexer]},
        fill_value=fill_value,
        allow_dups=False,
    )
  File "/Users/annayuen/Desktop/IECC/industrial_decarb/LCOH_EU_workflow/.venv/lib/python3.13/site-packages/pandas/core/generic.py", line 5547, in _reindex_with_indexers
    new_data = new_data.reindex_indexer(
        index,
    ...<3 lines>...
        allow_dups=allow_dups,
    )
  File "/Users/annayuen/Desktop/IECC/industrial_decarb/LCOH_EU_workflow/.venv/lib/python3.13/site-packages/pandas/core/internals/managers.py", line 866, in reindex_indexer
    blk.take_nd(
    ~~~~~~~~~~~^
        indexer,
        ^^^^^^^^
    ...<3 lines>...
        ),
        ^^
    )
    ^
  File "/Users/annayuen/Desktop/IECC/industrial_decarb/LCOH_EU_workflow/.venv/lib/python3.13/site-packages/pandas/core/internals/blocks.py", line 1015, in take_nd
    new_values = algos.take_nd(
        values, indexer, axis=axis, allow_fill=allow_fill, fill_value=fill_value
    )
  File "/Users/annayuen/Desktop/IECC/industrial_decarb/LCOH_EU_workflow/.venv/lib/python3.13/site-packages/pandas/core/array_algos/take.py", line 112, in take_nd
    return arr.take(indexer, fill_value=fill_value, allow_fill=allow_fill)
           ~~~~~~~~^^^^^^^^^^^^^^^^^^^^^^^^^^^^^^^^^^^^^^^^^^^^^^^^^^^^^^^
  File "/Users/annayuen/Desktop/IECC/industrial_decarb/LCOH_EU_workflow/.venv/lib/python3.13/site-packages/pandas/core/arrays/numpy_.py", line 382, in take
    result = super().take(
        indices, allow_fill=allow_fill, fill_value=fill_value, axis=axis
    )
  File "/Users/annayuen/Desktop/IECC/industrial_decarb/LCOH_EU_workflow/.venv/lib/python3.13/site-packages/pandas/core/arrays/_mixins.py", line 170, in take
    fill_value = self._validate_scalar(fill_value)
  File "/Users/annayuen/Desktop/IECC/industrial_decarb/LCOH_EU_workflow/.venv/lib/python3.13/site-packages/pandas/core/arrays/string_.py", line 750, in _validate_scalar
    raise TypeError(
    ...<2 lines>...
    )
TypeError: Invalid value '0' for dtype 'str'. Value should be a string or missing value, got 'int' instead.
2026-06-01 16:50:23,266 INFO [114/115] FAIL  FR.CAED/5900.FACILITY  ETA 0:00:00.210340
2026-06-01 16:50:23,374 ERROR [IT.CAED/201532001.FACILITY] unexpected error: Invalid value '0' for dtype 'str'. Value should be a string or missing value, got 'int' instead.
Traceback (most recent call last):
  File "/Users/annayuen/Desktop/IECC/industrial_decarb/LCOH_EU_workflow/off_grid_electricity_run/scripts/pull_pvgis_115.py", line 133, in fetch_one
    df = df.reindex(full_range, fill_value=0)[["P_kWperkWp"]]
         ~~~~~~~~~~^^^^^^^^^^^^^^^^^^^^^^^^^^
  File "/Users/annayuen/Desktop/IECC/industrial_decarb/LCOH_EU_workflow/.venv/lib/python3.13/site-packages/pandas/core/frame.py", line 6090, in reindex
    return super().reindex(
           ~~~~~~~~~~~~~~~^
        labels=labels,
        ^^^^^^^^^^^^^^
    ...<8 lines>...
        copy=copy,
        ^^^^^^^^^^
    )
    ^
  File "/Users/annayuen/Desktop/IECC/industrial_decarb/LCOH_EU_workflow/.venv/lib/python3.13/site-packages/pandas/core/generic.py", line 5476, in reindex
    return self._reindex_axes(
           ~~~~~~~~~~~~~~~~~~^
        axes, level, limit, tolerance, method, fill_value
        ^^^^^^^^^^^^^^^^^^^^^^^^^^^^^^^^^^^^^^^^^^^^^^^^^
    ).__finalize__(self, method="reindex")
    ^
  File "/Users/annayuen/Desktop/IECC/industrial_decarb/LCOH_EU_workflow/.venv/lib/python3.13/site-packages/pandas/core/generic.py", line 5503, in _reindex_axes
    obj = obj._reindex_with_indexers(
        {axis: [new_index, indexer]},
        fill_value=fill_value,
        allow_dups=False,
    )
  File "/Users/annayuen/Desktop/IECC/industrial_decarb/LCOH_EU_workflow/.venv/lib/python3.13/site-packages/pandas/core/generic.py", line 5547, in _reindex_with_indexers
    new_data = new_data.reindex_indexer(
        index,
    ...<3 lines>...
        allow_dups=allow_dups,
    )
  File "/Users/annayuen/Desktop/IECC/industrial_decarb/LCOH_EU_workflow/.venv/lib/python3.13/site-packages/pandas/core/internals/managers.py", line 866, in reindex_indexer
    blk.take_nd(
    ~~~~~~~~~~~^
        indexer,
        ^^^^^^^^
    ...<3 lines>...
        ),
        ^^
    )
    ^
  File "/Users/annayuen/Desktop/IECC/industrial_decarb/LCOH_EU_workflow/.venv/lib/python3.13/site-packages/pandas/core/internals/blocks.py", line 1015, in take_nd
    new_values = algos.take_nd(
        values, indexer, axis=axis, allow_fill=allow_fill, fill_value=fill_value
    )
  File "/Users/annayuen/Desktop/IECC/industrial_decarb/LCOH_EU_workflow/.venv/lib/python3.13/site-packages/pandas/core/array_algos/take.py", line 112, in take_nd
    return arr.take(indexer, fill_value=fill_value, allow_fill=allow_fill)
           ~~~~~~~~^^^^^^^^^^^^^^^^^^^^^^^^^^^^^^^^^^^^^^^^^^^^^^^^^^^^^^^
  File "/Users/annayuen/Desktop/IECC/industrial_decarb/LCOH_EU_workflow/.venv/lib/python3.13/site-packages/pandas/core/arrays/numpy_.py", line 382, in take
    result = super().take(
        indices, allow_fill=allow_fill, fill_value=fill_value, axis=axis
    )
  File "/Users/annayuen/Desktop/IECC/industrial_decarb/LCOH_EU_workflow/.venv/lib/python3.13/site-packages/pandas/core/arrays/_mixins.py", line 170, in take
    fill_value = self._validate_scalar(fill_value)
  File "/Users/annayuen/Desktop/IECC/industrial_decarb/LCOH_EU_workflow/.venv/lib/python3.13/site-packages/pandas/core/arrays/string_.py", line 750, in _validate_scalar
    raise TypeError(
    ...<2 lines>...
    )
TypeError: Invalid value '0' for dtype 'str'. Value should be a string or missing value, got 'int' instead.
2026-06-01 16:50:23,376 INFO [115/115] FAIL  IT.CAED/201532001.FACILITY  ETA 0:00:00
2026-06-01 16:50:23,378 INFO ======================================================================
2026-06-01 16:50:23,378 INFO Complete: 0 OK  115 failed
2026-06-01 16:50:23,378 INFO Summary CSV: /Users/annayuen/Desktop/IECC/industrial_decarb/LCOH_EU_workflow/off_grid_electricity_run/outputs/pvgis_solar_cf_115.csv
2026-06-01 16:50:23,378 INFO Hourly CSVs: /Users/annayuen/Desktop/IECC/industrial_decarb/LCOH_EU_workflow/off_grid_electricity_run/outputs/pvgis_hourly
2026-06-01 16:50:23,378 WARNING Failed sites:
2026-06-01 16:50:23,378 WARNING   FR.CAED/3437.FACILITY: Invalid value '0' for dtype 'str'. Value should be a string or missing value, got 'int' instead.
2026-06-01 16:50:23,378 WARNING   PL.MŚ/000000232.FACILITY: Invalid value '0' for dtype 'str'. Value should be a string or missing value, got 'int' instead.
2026-06-01 16:50:23,378 WARNING   ES.CAED/003701000.FACILITY: Invalid value '0' for dtype 'str'. Value should be a string or missing value, got 'int' instead.
2026-06-01 16:50:23,378 WARNING   FR.CAED/7658.FACILITY: Invalid value '0' for dtype 'str'. Value should be a string or missing value, got 'int' instead.
2026-06-01 16:50:23,378 WARNING   FR.CAED/7624.FACILITY: Invalid value '0' for dtype 'str'. Value should be a string or missing value, got 'int' instead.
2026-06-01 16:50:23,378 WARNING   ES.CAED/002762000.FACILITY: Invalid value '0' for dtype 'str'. Value should be a string or missing value, got 'int' instead.
2026-06-01 16:50:23,378 WARNING   IT.CAED/441221002.FACILITY: Invalid value '0' for dtype 'str'. Value should be a string or missing value, got 'int' instead.
2026-06-01 16:50:23,378 WARNING   IT.CAED/850122001.FACILITY: Invalid value '0' for dtype 'str'. Value should be a string or missing value, got 'int' instead.
2026-06-01 16:50:23,378 WARNING   ES.CAED/001482000.FACILITY: Invalid value '0' for dtype 'str'. Value should be a string or missing value, got 'int' instead.
2026-06-01 16:50:23,378 WARNING   FR.CAED/10790.FACILITY: Invalid value '0' for dtype 'str'. Value should be a string or missing value, got 'int' instead.
2026-06-01 16:50:23,378 WARNING   IT.CAED/960101005.FACILITY: Invalid value '0' for dtype 'str'. Value should be a string or missing value, got 'int' instead.
2026-06-01 16:50:23,378 WARNING   FR.CAED/6705.FACILITY: Invalid value '0' for dtype 'str'. Value should be a string or missing value, got 'int' instead.
2026-06-01 16:50:23,378 WARNING   PL.MŚ/000000108.FACILITY: Invalid value '0' for dtype 'str'. Value should be a string or missing value, got 'int' instead.
2026-06-01 16:50:23,378 WARNING   FR.CAED/3814.FACILITY: Invalid value '0' for dtype 'str'. Value should be a string or missing value, got 'int' instead.
2026-06-01 16:50:23,378 WARNING   FR.CAED/12675.FACILITY: Invalid value '0' for dtype 'str'. Value should be a string or missing value, got 'int' instead.
2026-06-01 16:50:23,379 WARNING   FR.CAED/7615.FACILITY: Invalid value '0' for dtype 'str'. Value should be a string or missing value, got 'int' instead.
2026-06-01 16:50:23,379 WARNING   FR.CAED/10838.FACILITY: Invalid value '0' for dtype 'str'. Value should be a string or missing value, got 'int' instead.
2026-06-01 16:50:23,379 WARNING   IT.CAED/850592002.FACILITY: Invalid value '0' for dtype 'str'. Value should be a string or missing value, got 'int' instead.
2026-06-01 16:50:23,379 WARNING   IT.CAED/600151001.FACILITY: Invalid value '0' for dtype 'str'. Value should be a string or missing value, got 'int' instead.
2026-06-01 16:50:23,379 WARNING   ES.CAED/001528000.FACILITY: Invalid value '0' for dtype 'str'. Value should be a string or missing value, got 'int' instead.
2026-06-01 16:50:23,379 WARNING   PL.MŚ/000000138.FACILITY: Invalid value '0' for dtype 'str'. Value should be a string or missing value, got 'int' instead.
2026-06-01 16:50:23,379 WARNING   PL.MŚ/000000221.FACILITY: Invalid value '0' for dtype 'str'. Value should be a string or missing value, got 'int' instead.
2026-06-01 16:50:23,379 WARNING   ES.CAED/002716000.FACILITY: Invalid value '0' for dtype 'str'. Value should be a string or missing value, got 'int' instead.
2026-06-01 16:50:23,379 WARNING   FR.CAED/9415.FACILITY: Invalid value '0' for dtype 'str'. Value should be a string or missing value, got 'int' instead.
2026-06-01 16:50:23,379 WARNING   ES.CAED/001526000.FACILITY: Invalid value '0' for dtype 'str'. Value should be a string or missing value, got 'int' instead.
2026-06-01 16:50:23,379 WARNING   FR.CAED/5914.FACILITY: Invalid value '0' for dtype 'str'. Value should be a string or missing value, got 'int' instead.
2026-06-01 16:50:23,379 WARNING   ES.CAED/001562000.FACILITY: Invalid value '0' for dtype 'str'. Value should be a string or missing value, got 'int' instead.
2026-06-01 16:50:23,379 WARNING   IT.CAED/090181001.FACILITY: Invalid value '0' for dtype 'str'. Value should be a string or missing value, got 'int' instead.
2026-06-01 16:50:23,379 WARNING   ES.CAED/002761000.FACILITY: Invalid value '0' for dtype 'str'. Value should be a string or missing value, got 'int' instead.
2026-06-01 16:50:23,379 WARNING   FR.CAED/6144.FACILITY: Invalid value '0' for dtype 'str'. Value should be a string or missing value, got 'int' instead.
2026-06-01 16:50:23,379 WARNING   EL.CAED/100048.FACILITY: Invalid value '0' for dtype 'str'. Value should be a string or missing value, got 'int' instead.
2026-06-01 16:50:23,379 WARNING   FR.CAED/5422.FACILITY: Invalid value '0' for dtype 'str'. Value should be a string or missing value, got 'int' instead.
2026-06-01 16:50:23,379 WARNING   IT.CAED/960101006.FACILITY: Invalid value '0' for dtype 'str'. Value should be a string or missing value, got 'int' instead.
2026-06-01 16:50:23,379 WARNING   FR.CAED/7656.FACILITY: Invalid value '0' for dtype 'str'. Value should be a string or missing value, got 'int' instead.
2026-06-01 16:50:23,379 WARNING   IT.CAED/280691001.FACILITY: Invalid value '0' for dtype 'str'. Value should be a string or missing value, got 'int' instead.
2026-06-01 16:50:23,379 WARNING   FR.CAED/788.FACILITY: Invalid value '0' for dtype 'str'. Value should be a string or missing value, got 'int' instead.
2026-06-01 16:50:23,379 WARNING   PL.MŚ/000000197.FACILITY: Invalid value '0' for dtype 'str'. Value should be a string or missing value, got 'int' instead.
2026-06-01 16:50:23,379 WARNING   FR.CAED/9517.FACILITY: Invalid value '0' for dtype 'str'. Value should be a string or missing value, got 'int' instead.
2026-06-01 16:50:23,379 WARNING   ES.CAED/000704000.FACILITY: Invalid value '0' for dtype 'str'. Value should be a string or missing value, got 'int' instead.
2026-06-01 16:50:23,379 WARNING   PL.MŚ/000000068.FACILITY: Invalid value '0' for dtype 'str'. Value should be a string or missing value, got 'int' instead.
2026-06-01 16:50:23,379 WARNING   PL.MŚ/000000278.FACILITY: Invalid value '0' for dtype 'str'. Value should be a string or missing value, got 'int' instead.
2026-06-01 16:50:23,379 WARNING   PL.MŚ/000000212.FACILITY: Invalid value '0' for dtype 'str'. Value should be a string or missing value, got 'int' instead.
2026-06-01 16:50:23,379 WARNING   FR.CAED/7646.FACILITY: Invalid value '0' for dtype 'str'. Value should be a string or missing value, got 'int' instead.
2026-06-01 16:50:23,379 WARNING   FR.CAED/11135.FACILITY: Invalid value '0' for dtype 'str'. Value should be a string or missing value, got 'int' instead.
2026-06-01 16:50:23,379 WARNING   FR.CAED/6155.FACILITY: Invalid value '0' for dtype 'str'. Value should be a string or missing value, got 'int' instead.
2026-06-01 16:50:23,379 WARNING   FR.CAED/791.FACILITY: Invalid value '0' for dtype 'str'. Value should be a string or missing value, got 'int' instead.
2026-06-01 16:50:23,379 WARNING   FR.CAED/1260.FACILITY: Invalid value '0' for dtype 'str'. Value should be a string or missing value, got 'int' instead.
2026-06-01 16:50:23,379 WARNING   PL.MŚ/000000136.FACILITY: Invalid value '0' for dtype 'str'. Value should be a string or missing value, got 'int' instead.
2026-06-01 16:50:23,379 WARNING   FR.CAED/7588.FACILITY: Invalid value '0' for dtype 'str'. Value should be a string or missing value, got 'int' instead.
2026-06-01 16:50:23,379 WARNING   ES.CAED/003378000.FACILITY: Invalid value '0' for dtype 'str'. Value should be a string or missing value, got 'int' instead.
2026-06-01 16:50:23,379 WARNING   FR.CAED/9964.FACILITY: Invalid value '0' for dtype 'str'. Value should be a string or missing value, got 'int' instead.
2026-06-01 16:50:23,379 WARNING   EE.KAUR.TTR/88.FACILITY: Invalid value '0' for dtype 'str'. Value should be a string or missing value, got 'int' instead.
2026-06-01 16:50:23,379 WARNING   FR.CAED/10011.FACILITY: Invalid value '0' for dtype 'str'. Value should be a string or missing value, got 'int' instead.
2026-06-01 16:50:23,379 WARNING   IT.CAED/330282002.FACILITY: Invalid value '0' for dtype 'str'. Value should be a string or missing value, got 'int' instead.
2026-06-01 16:50:23,379 WARNING   FR.CAED/662.FACILITY: Invalid value '0' for dtype 'str'. Value should be a string or missing value, got 'int' instead.
2026-06-01 16:50:23,380 WARNING   FR.CAED/3936.FACILITY: Invalid value '0' for dtype 'str'. Value should be a string or missing value, got 'int' instead.
2026-06-01 16:50:23,380 WARNING   PL.MŚ/000000053.FACILITY: Invalid value '0' for dtype 'str'. Value should be a string or missing value, got 'int' instead.
2026-06-01 16:50:23,380 WARNING   ES.CAED/001619000.FACILITY: Invalid value '0' for dtype 'str'. Value should be a string or missing value, got 'int' instead.
2026-06-01 16:50:23,380 WARNING   PL.MŚ/000000273.FACILITY: Invalid value '0' for dtype 'str'. Value should be a string or missing value, got 'int' instead.
2026-06-01 16:50:23,380 WARNING   FR.CAED/5938.FACILITY: Invalid value '0' for dtype 'str'. Value should be a string or missing value, got 'int' instead.
2026-06-01 16:50:23,380 WARNING   FR.CAED/3839.FACILITY: Invalid value '0' for dtype 'str'. Value should be a string or missing value, got 'int' instead.
2026-06-01 16:50:23,380 WARNING   FR.CAED/44.FACILITY: Invalid value '0' for dtype 'str'. Value should be a string or missing value, got 'int' instead.
2026-06-01 16:50:23,380 WARNING   PL.MŚ/000000058.FACILITY: Invalid value '0' for dtype 'str'. Value should be a string or missing value, got 'int' instead.
2026-06-01 16:50:23,380 WARNING   ES.CAED/001960000.FACILITY: Invalid value '0' for dtype 'str'. Value should be a string or missing value, got 'int' instead.
2026-06-01 16:50:23,380 WARNING   IT.CAED/980571001.FACILITY: Invalid value '0' for dtype 'str'. Value should be a string or missing value, got 'int' instead.
2026-06-01 16:50:23,380 WARNING   IT.CAED/930121001.FACILITY: Invalid value '0' for dtype 'str'. Value should be a string or missing value, got 'int' instead.
2026-06-01 16:50:23,380 WARNING   IT.CAED/301751001.FACILITY: Invalid value '0' for dtype 'str'. Value should be a string or missing value, got 'int' instead.
2026-06-01 16:50:23,380 WARNING   EL.CAED/100058.FACILITY: Invalid value '0' for dtype 'str'. Value should be a string or missing value, got 'int' instead.
2026-06-01 16:50:23,380 WARNING   IT.CAED/030392001.FACILITY: Invalid value '0' for dtype 'str'. Value should be a string or missing value, got 'int' instead.
2026-06-01 16:50:23,380 WARNING   FR.CAED/759.FACILITY: Invalid value '0' for dtype 'str'. Value should be a string or missing value, got 'int' instead.
2026-06-01 16:50:23,380 WARNING   ES.CAED/001529000.FACILITY: Invalid value '0' for dtype 'str'. Value should be a string or missing value, got 'int' instead.
2026-06-01 16:50:23,380 WARNING   FR.CAED/7626.FACILITY: Invalid value '0' for dtype 'str'. Value should be a string or missing value, got 'int' instead.
2026-06-01 16:50:23,380 WARNING   FR.CAED/146.FACILITY: Invalid value '0' for dtype 'str'. Value should be a string or missing value, got 'int' instead.
2026-06-01 16:50:23,380 WARNING   FR.CAED/4151.FACILITY: Invalid value '0' for dtype 'str'. Value should be a string or missing value, got 'int' instead.
2026-06-01 16:50:23,380 WARNING   FR.CAED/3829.FACILITY: Invalid value '0' for dtype 'str'. Value should be a string or missing value, got 'int' instead.
2026-06-01 16:50:23,380 WARNING   IT.CAED/030402001.FACILITY: Invalid value '0' for dtype 'str'. Value should be a string or missing value, got 'int' instead.
2026-06-01 16:50:23,380 WARNING   EL.CAED/100053.FACILITY: Invalid value '0' for dtype 'str'. Value should be a string or missing value, got 'int' instead.
2026-06-01 16:50:23,380 WARNING   EL.CAED/100062.FACILITY: Invalid value '0' for dtype 'str'. Value should be a string or missing value, got 'int' instead.
2026-06-01 16:50:23,380 WARNING   IT.CAED/570162008.FACILITY: Invalid value '0' for dtype 'str'. Value should be a string or missing value, got 'int' instead.
2026-06-01 16:50:23,380 WARNING   PL.MŚ/000000072.FACILITY: Invalid value '0' for dtype 'str'. Value should be a string or missing value, got 'int' instead.
2026-06-01 16:50:23,380 WARNING   FR.CAED/9481.FACILITY: Invalid value '0' for dtype 'str'. Value should be a string or missing value, got 'int' instead.
2026-06-01 16:50:23,380 WARNING   IT.CAED/240442002.FACILITY: Invalid value '0' for dtype 'str'. Value should be a string or missing value, got 'int' instead.
2026-06-01 16:50:23,380 WARNING   FR.CAED/7874.FACILITY: Invalid value '0' for dtype 'str'. Value should be a string or missing value, got 'int' instead.
2026-06-01 16:50:23,380 WARNING   FR.CAED/9469.FACILITY: Invalid value '0' for dtype 'str'. Value should be a string or missing value, got 'int' instead.
2026-06-01 16:50:23,380 WARNING   IT.CAED/960101007.FACILITY: Invalid value '0' for dtype 'str'. Value should be a string or missing value, got 'int' instead.
2026-06-01 16:50:23,380 WARNING   FR.CAED/8363.FACILITY: Invalid value '0' for dtype 'str'. Value should be a string or missing value, got 'int' instead.
2026-06-01 16:50:23,380 WARNING   PL.MŚ/000000023.FACILITY: Invalid value '0' for dtype 'str'. Value should be a string or missing value, got 'int' instead.
2026-06-01 16:50:23,380 WARNING   FR.CAED/6088.FACILITY: Invalid value '0' for dtype 'str'. Value should be a string or missing value, got 'int' instead.
2026-06-01 16:50:23,380 WARNING   FR.CAED/9451.FACILITY: Invalid value '0' for dtype 'str'. Value should be a string or missing value, got 'int' instead.
2026-06-01 16:50:23,380 WARNING   IT.CAED/051002003.FACILITY: Invalid value '0' for dtype 'str'. Value should be a string or missing value, got 'int' instead.
2026-06-01 16:50:23,380 WARNING   PL.MŚ/000000309.FACILITY: Invalid value '0' for dtype 'str'. Value should be a string or missing value, got 'int' instead.
2026-06-01 16:50:23,380 WARNING   PL.MŚ/000000021.FACILITY: Invalid value '0' for dtype 'str'. Value should be a string or missing value, got 'int' instead.
2026-06-01 16:50:23,380 WARNING   FR.CAED/3572.FACILITY: Invalid value '0' for dtype 'str'. Value should be a string or missing value, got 'int' instead.
2026-06-01 16:50:23,380 WARNING   IT.CAED/960111001.FACILITY: Invalid value '0' for dtype 'str'. Value should be a string or missing value, got 'int' instead.
2026-06-01 16:50:23,380 WARNING   FR.CAED/82.FACILITY: Invalid value '0' for dtype 'str'. Value should be a string or missing value, got 'int' instead.
2026-06-01 16:50:23,380 WARNING   IT.CAED/100752001.FACILITY: Invalid value '0' for dtype 'str'. Value should be a string or missing value, got 'int' instead.
2026-06-01 16:50:23,381 WARNING   PL.MŚ/000000067.FACILITY: Invalid value '0' for dtype 'str'. Value should be a string or missing value, got 'int' instead.
2026-06-01 16:50:23,381 WARNING   FR.CAED/132.FACILITY: Invalid value '0' for dtype 'str'. Value should be a string or missing value, got 'int' instead.
2026-06-01 16:50:23,381 WARNING   FR.CAED/3834.FACILITY: Invalid value '0' for dtype 'str'. Value should be a string or missing value, got 'int' instead.
2026-06-01 16:50:23,381 WARNING   PL.MŚ/000000063.FACILITY: Invalid value '0' for dtype 'str'. Value should be a string or missing value, got 'int' instead.
2026-06-01 16:50:23,381 WARNING   FR.CAED/3833.FACILITY: Invalid value '0' for dtype 'str'. Value should be a string or missing value, got 'int' instead.
2026-06-01 16:50:23,381 WARNING   IT.CAED/270391001.FACILITY: Invalid value '0' for dtype 'str'. Value should be a string or missing value, got 'int' instead.
2026-06-01 16:50:23,381 WARNING   FR.CAED/6359.FACILITY: Invalid value '0' for dtype 'str'. Value should be a string or missing value, got 'int' instead.
2026-06-01 16:50:23,381 WARNING   ES.CAED/001998000.FACILITY: Invalid value '0' for dtype 'str'. Value should be a string or missing value, got 'int' instead.
2026-06-01 16:50:23,381 WARNING   PL.MŚ/000000109.FACILITY: Invalid value '0' for dtype 'str'. Value should be a string or missing value, got 'int' instead.
2026-06-01 16:50:23,381 WARNING   FR.CAED/10727.FACILITY: Invalid value '0' for dtype 'str'. Value should be a string or missing value, got 'int' instead.
2026-06-01 16:50:23,381 WARNING   PL.MŚ/000000062.FACILITY: Invalid value '0' for dtype 'str'. Value should be a string or missing value, got 'int' instead.
2026-06-01 16:50:23,381 WARNING   FR.CAED/4602.FACILITY: Invalid value '0' for dtype 'str'. Value should be a string or missing value, got 'int' instead.
2026-06-01 16:50:23,381 WARNING   FR.CAED/5125.FACILITY: Invalid value '0' for dtype 'str'. Value should be a string or missing value, got 'int' instead.
2026-06-01 16:50:23,381 WARNING   PL.MŚ/000000190.FACILITY: Invalid value '0' for dtype 'str'. Value should be a string or missing value, got 'int' instead.
2026-06-01 16:50:23,381 WARNING   EL.CAED/100066.FACILITY: Invalid value '0' for dtype 'str'. Value should be a string or missing value, got 'int' instead.
2026-06-01 16:50:23,381 WARNING   FR.CAED/3466.FACILITY: Invalid value '0' for dtype 'str'. Value should be a string or missing value, got 'int' instead.
2026-06-01 16:50:23,381 WARNING   PL.MŚ/000000215.FACILITY: Invalid value '0' for dtype 'str'. Value should be a string or missing value, got 'int' instead.
2026-06-01 16:50:23,381 WARNING   FR.CAED/5900.FACILITY: Invalid value '0' for dtype 'str'. Value should be a string or missing value, got 'int' instead.
2026-06-01 16:50:23,381 WARNING   IT.CAED/201532001.FACILITY: Invalid value '0' for dtype 'str'. Value should be a string or missing value, got 'int' instead.
2026-06-01 16:50:23,381 INFO ======================================================================
