2026-06-01 16:51:36,067 INFO ======================================================================
2026-06-01 16:51:36,068 INFO PVGIS pull — 115 EPRTR facilities
2026-06-01 16:51:36,068 INFO   Input:  /Users/annayuen/Desktop/IECC/industrial_decarb/LCOH_EU_workflow/inputs/gee_facilities_115.csv
2026-06-01 16:51:36,068 INFO   Output: /Users/annayuen/Desktop/IECC/industrial_decarb/LCOH_EU_workflow/off_grid_electricity_run/outputs/pvgis_solar_cf_115.csv
2026-06-01 16:51:36,068 INFO   Year:   2023
2026-06-01 16:51:36,068 INFO ======================================================================
2026-06-01 16:51:36,071 INFO Loaded 115 sites
2026-06-01 16:51:36,641 INFO Timezone cache: 113 unique coordinates
2026-06-01 16:51:36,642 INFO [PL.MŚ/000000232.FACILITY] start  lat=50.8069 lon=20.5222  active=1
2026-06-01 16:51:36,642 INFO [FR.CAED/10790.FACILITY] start  lat=51.0303 lon=2.2455  active=2
2026-06-01 16:51:36,642 INFO [ES.CAED/002762000.FACILITY] start  lat=41.5466 lon=-0.6784  active=3
2026-06-01 16:51:36,642 INFO [FR.CAED/7624.FACILITY] start  lat=43.4558 lon=4.9317  active=4
2026-06-01 16:51:36,643 INFO [IT.CAED/441221002.FACILITY] start  lat=44.8560 lon=11.5921  active=5
2026-06-01 16:51:36,643 INFO [ES.CAED/001482000.FACILITY] start  lat=37.1843 lon=-6.8945  active=6
2026-06-01 16:51:36,643 INFO [FR.CAED/3437.FACILITY] start  lat=49.3533 lon=4.1562  active=7
2026-06-01 16:51:36,643 INFO [FR.CAED/7658.FACILITY] start  lat=43.3885 lon=5.1527  active=8
2026-06-01 16:51:36,644 INFO [ES.CAED/003701000.FACILITY] start  lat=43.3257 lon=-3.1109  active=9
2026-06-01 16:51:36,645 INFO [IT.CAED/850122001.FACILITY] start  lat=40.4101 lon=16.0871  active=10
2026-06-01 16:51:38,857 ERROR [ES.CAED/002762000.FACILITY] unexpected error: Cannot save file into a non-existent directory: '/Users/annayuen/Desktop/IECC/industrial_decarb/LCOH_EU_workflow/off_grid_electricity_run/outputs/pvgis_hourly/ES.CAED'
Traceback (most recent call last):
  File "/Users/annayuen/Desktop/IECC/industrial_decarb/LCOH_EU_workflow/off_grid_electricity_run/scripts/pull_pvgis_115.py", line 144, in fetch_one
    .to_csv(hourly_path, index=False)
     ~~~~~~^^^^^^^^^^^^^^^^^^^^^^^^^^
  File "/Users/annayuen/Desktop/IECC/industrial_decarb/LCOH_EU_workflow/.venv/lib/python3.13/site-packages/pandas/core/generic.py", line 3988, in to_csv
    return DataFrameRenderer(formatter).to_csv(
           ~~~~~~~~~~~~~~~~~~~~~~~~~~~~~~~~~~~^
        path_or_buf,
        ^^^^^^^^^^^^
    ...<14 lines>...
        storage_options=storage_options,
        ^^^^^^^^^^^^^^^^^^^^^^^^^^^^^^^^
    )
    ^
  File "/Users/annayuen/Desktop/IECC/industrial_decarb/LCOH_EU_workflow/.venv/lib/python3.13/site-packages/pandas/io/formats/format.py", line 1025, in to_csv
    csv_formatter.save()
    ~~~~~~~~~~~~~~~~~~^^
  File "/Users/annayuen/Desktop/IECC/industrial_decarb/LCOH_EU_workflow/.venv/lib/python3.13/site-packages/pandas/io/formats/csvs.py", line 251, in save
    with get_handle(
         ~~~~~~~~~~^
        self.filepath_or_buffer,
        ^^^^^^^^^^^^^^^^^^^^^^^^
    ...<4 lines>...
        storage_options=self.storage_options,
        ^^^^^^^^^^^^^^^^^^^^^^^^^^^^^^^^^^^^^
    ) as handles:
    ^
  File "/Users/annayuen/Desktop/IECC/industrial_decarb/LCOH_EU_workflow/.venv/lib/python3.13/site-packages/pandas/io/common.py", line 797, in get_handle
    check_parent_directory(str(handle))
    ~~~~~~~~~~~~~~~~~~~~~~^^^^^^^^^^^^^
  File "/Users/annayuen/Desktop/IECC/industrial_decarb/LCOH_EU_workflow/.venv/lib/python3.13/site-packages/pandas/io/common.py", line 656, in check_parent_directory
    raise OSError(rf"Cannot save file into a non-existent directory: '{parent}'")
OSError: Cannot save file into a non-existent directory: '/Users/annayuen/Desktop/IECC/industrial_decarb/LCOH_EU_workflow/off_grid_electricity_run/outputs/pvgis_hourly/ES.CAED'
2026-06-01 16:51:38,857 ERROR [PL.MŚ/000000232.FACILITY] unexpected error: Cannot save file into a non-existent directory: '/Users/annayuen/Desktop/IECC/industrial_decarb/LCOH_EU_workflow/off_grid_electricity_run/outputs/pvgis_hourly/PL.MŚ'
Traceback (most recent call last):
  File "/Users/annayuen/Desktop/IECC/industrial_decarb/LCOH_EU_workflow/off_grid_electricity_run/scripts/pull_pvgis_115.py", line 144, in fetch_one
    .to_csv(hourly_path, index=False)
     ~~~~~~^^^^^^^^^^^^^^^^^^^^^^^^^^
  File "/Users/annayuen/Desktop/IECC/industrial_decarb/LCOH_EU_workflow/.venv/lib/python3.13/site-packages/pandas/core/generic.py", line 3988, in to_csv
    return DataFrameRenderer(formatter).to_csv(
           ~~~~~~~~~~~~~~~~~~~~~~~~~~~~~~~~~~~^
        path_or_buf,
        ^^^^^^^^^^^^
    ...<14 lines>...
        storage_options=storage_options,
        ^^^^^^^^^^^^^^^^^^^^^^^^^^^^^^^^
    )
    ^
  File "/Users/annayuen/Desktop/IECC/industrial_decarb/LCOH_EU_workflow/.venv/lib/python3.13/site-packages/pandas/io/formats/format.py", line 1025, in to_csv
    csv_formatter.save()
    ~~~~~~~~~~~~~~~~~~^^
  File "/Users/annayuen/Desktop/IECC/industrial_decarb/LCOH_EU_workflow/.venv/lib/python3.13/site-packages/pandas/io/formats/csvs.py", line 251, in save
    with get_handle(
         ~~~~~~~~~~^
        self.filepath_or_buffer,
        ^^^^^^^^^^^^^^^^^^^^^^^^
    ...<4 lines>...
        storage_options=self.storage_options,
        ^^^^^^^^^^^^^^^^^^^^^^^^^^^^^^^^^^^^^
    ) as handles:
    ^
  File "/Users/annayuen/Desktop/IECC/industrial_decarb/LCOH_EU_workflow/.venv/lib/python3.13/site-packages/pandas/io/common.py", line 797, in get_handle
    check_parent_directory(str(handle))
    ~~~~~~~~~~~~~~~~~~~~~~^^^^^^^^^^^^^
  File "/Users/annayuen/Desktop/IECC/industrial_decarb/LCOH_EU_workflow/.venv/lib/python3.13/site-packages/pandas/io/common.py", line 656, in check_parent_directory
    raise OSError(rf"Cannot save file into a non-existent directory: '{parent}'")
OSError: Cannot save file into a non-existent directory: '/Users/annayuen/Desktop/IECC/industrial_decarb/LCOH_EU_workflow/off_grid_electricity_run/outputs/pvgis_hourly/PL.MŚ'
2026-06-01 16:51:38,858 ERROR [IT.CAED/441221002.FACILITY] unexpected error: Cannot save file into a non-existent directory: '/Users/annayuen/Desktop/IECC/industrial_decarb/LCOH_EU_workflow/off_grid_electricity_run/outputs/pvgis_hourly/IT.CAED'
Traceback (most recent call last):
  File "/Users/annayuen/Desktop/IECC/industrial_decarb/LCOH_EU_workflow/off_grid_electricity_run/scripts/pull_pvgis_115.py", line 144, in fetch_one
    .to_csv(hourly_path, index=False)
     ~~~~~~^^^^^^^^^^^^^^^^^^^^^^^^^^
  File "/Users/annayuen/Desktop/IECC/industrial_decarb/LCOH_EU_workflow/.venv/lib/python3.13/site-packages/pandas/core/generic.py", line 3988, in to_csv
    return DataFrameRenderer(formatter).to_csv(
           ~~~~~~~~~~~~~~~~~~~~~~~~~~~~~~~~~~~^
        path_or_buf,
        ^^^^^^^^^^^^
    ...<14 lines>...
        storage_options=storage_options,
        ^^^^^^^^^^^^^^^^^^^^^^^^^^^^^^^^
    )
    ^
  File "/Users/annayuen/Desktop/IECC/industrial_decarb/LCOH_EU_workflow/.venv/lib/python3.13/site-packages/pandas/io/formats/format.py", line 1025, in to_csv
    csv_formatter.save()
    ~~~~~~~~~~~~~~~~~~^^
  File "/Users/annayuen/Desktop/IECC/industrial_decarb/LCOH_EU_workflow/.venv/lib/python3.13/site-packages/pandas/io/formats/csvs.py", line 251, in save
    with get_handle(
         ~~~~~~~~~~^
        self.filepath_or_buffer,
        ^^^^^^^^^^^^^^^^^^^^^^^^
    ...<4 lines>...
        storage_options=self.storage_options,
        ^^^^^^^^^^^^^^^^^^^^^^^^^^^^^^^^^^^^^
    ) as handles:
    ^
  File "/Users/annayuen/Desktop/IECC/industrial_decarb/LCOH_EU_workflow/.venv/lib/python3.13/site-packages/pandas/io/common.py", line 797, in get_handle
    check_parent_directory(str(handle))
    ~~~~~~~~~~~~~~~~~~~~~~^^^^^^^^^^^^^
  File "/Users/annayuen/Desktop/IECC/industrial_decarb/LCOH_EU_workflow/.venv/lib/python3.13/site-packages/pandas/io/common.py", line 656, in check_parent_directory
    raise OSError(rf"Cannot save file into a non-existent directory: '{parent}'")
OSError: Cannot save file into a non-existent directory: '/Users/annayuen/Desktop/IECC/industrial_decarb/LCOH_EU_workflow/off_grid_electricity_run/outputs/pvgis_hourly/IT.CAED'
2026-06-01 16:51:38,982 INFO [IT.CAED/960101005.FACILITY] start  lat=37.1791 lon=15.1825  active=10
2026-06-01 16:51:38,982 INFO [1/115] FAIL  ES.CAED/002762000.FACILITY  ETA 0:04:26.886882
2026-06-01 16:51:38,989 INFO [FR.CAED/12675.FACILITY] start  lat=48.0848 lon=1.8825  active=10
2026-06-01 16:51:38,993 INFO [IT.CAED/850592002.FACILITY] start  lat=40.3136 lon=15.8972  active=10
2026-06-01 16:51:39,002 INFO [2/115] FAIL  PL.MŚ/000000232.FACILITY  ETA 0:02:13.404636
2026-06-01 16:51:39,008 ERROR [FR.CAED/10790.FACILITY] unexpected error: Cannot save file into a non-existent directory: '/Users/annayuen/Desktop/IECC/industrial_decarb/LCOH_EU_workflow/off_grid_electricity_run/outputs/pvgis_hourly/FR.CAED'
Traceback (most recent call last):
  File "/Users/annayuen/Desktop/IECC/industrial_decarb/LCOH_EU_workflow/off_grid_electricity_run/scripts/pull_pvgis_115.py", line 144, in fetch_one
    .to_csv(hourly_path, index=False)
     ~~~~~~^^^^^^^^^^^^^^^^^^^^^^^^^^
  File "/Users/annayuen/Desktop/IECC/industrial_decarb/LCOH_EU_workflow/.venv/lib/python3.13/site-packages/pandas/core/generic.py", line 3988, in to_csv
    return DataFrameRenderer(formatter).to_csv(
           ~~~~~~~~~~~~~~~~~~~~~~~~~~~~~~~~~~~^
        path_or_buf,
        ^^^^^^^^^^^^
    ...<14 lines>...
        storage_options=storage_options,
        ^^^^^^^^^^^^^^^^^^^^^^^^^^^^^^^^
    )
    ^
  File "/Users/annayuen/Desktop/IECC/industrial_decarb/LCOH_EU_workflow/.venv/lib/python3.13/site-packages/pandas/io/formats/format.py", line 1025, in to_csv
    csv_formatter.save()
    ~~~~~~~~~~~~~~~~~~^^
  File "/Users/annayuen/Desktop/IECC/industrial_decarb/LCOH_EU_workflow/.venv/lib/python3.13/site-packages/pandas/io/formats/csvs.py", line 251, in save
    with get_handle(
         ~~~~~~~~~~^
        self.filepath_or_buffer,
        ^^^^^^^^^^^^^^^^^^^^^^^^
    ...<4 lines>...
        storage_options=self.storage_options,
        ^^^^^^^^^^^^^^^^^^^^^^^^^^^^^^^^^^^^^
    ) as handles:
    ^
  File "/Users/annayuen/Desktop/IECC/industrial_decarb/LCOH_EU_workflow/.venv/lib/python3.13/site-packages/pandas/io/common.py", line 797, in get_handle
    check_parent_directory(str(handle))
    ~~~~~~~~~~~~~~~~~~~~~~^^^^^^^^^^^^^
  File "/Users/annayuen/Desktop/IECC/industrial_decarb/LCOH_EU_workflow/.venv/lib/python3.13/site-packages/pandas/io/common.py", line 656, in check_parent_directory
    raise OSError(rf"Cannot save file into a non-existent directory: '{parent}'")
OSError: Cannot save file into a non-existent directory: '/Users/annayuen/Desktop/IECC/industrial_decarb/LCOH_EU_workflow/off_grid_electricity_run/outputs/pvgis_hourly/FR.CAED'
2026-06-01 16:51:39,015 INFO [3/115] FAIL  IT.CAED/441221002.FACILITY  ETA 0:01:28.632880
2026-06-01 16:51:39,017 ERROR [FR.CAED/7624.FACILITY] unexpected error: Cannot save file into a non-existent directory: '/Users/annayuen/Desktop/IECC/industrial_decarb/LCOH_EU_workflow/off_grid_electricity_run/outputs/pvgis_hourly/FR.CAED'
Traceback (most recent call last):
  File "/Users/annayuen/Desktop/IECC/industrial_decarb/LCOH_EU_workflow/off_grid_electricity_run/scripts/pull_pvgis_115.py", line 144, in fetch_one
    .to_csv(hourly_path, index=False)
     ~~~~~~^^^^^^^^^^^^^^^^^^^^^^^^^^
  File "/Users/annayuen/Desktop/IECC/industrial_decarb/LCOH_EU_workflow/.venv/lib/python3.13/site-packages/pandas/core/generic.py", line 3988, in to_csv
    return DataFrameRenderer(formatter).to_csv(
           ~~~~~~~~~~~~~~~~~~~~~~~~~~~~~~~~~~~^
        path_or_buf,
        ^^^^^^^^^^^^
    ...<14 lines>...
        storage_options=storage_options,
        ^^^^^^^^^^^^^^^^^^^^^^^^^^^^^^^^
    )
    ^
  File "/Users/annayuen/Desktop/IECC/industrial_decarb/LCOH_EU_workflow/.venv/lib/python3.13/site-packages/pandas/io/formats/format.py", line 1025, in to_csv
    csv_formatter.save()
    ~~~~~~~~~~~~~~~~~~^^
  File "/Users/annayuen/Desktop/IECC/industrial_decarb/LCOH_EU_workflow/.venv/lib/python3.13/site-packages/pandas/io/formats/csvs.py", line 251, in save
    with get_handle(
         ~~~~~~~~~~^
        self.filepath_or_buffer,
        ^^^^^^^^^^^^^^^^^^^^^^^^
    ...<4 lines>...
        storage_options=self.storage_options,
        ^^^^^^^^^^^^^^^^^^^^^^^^^^^^^^^^^^^^^
    ) as handles:
    ^
  File "/Users/annayuen/Desktop/IECC/industrial_decarb/LCOH_EU_workflow/.venv/lib/python3.13/site-packages/pandas/io/common.py", line 797, in get_handle
    check_parent_directory(str(handle))
    ~~~~~~~~~~~~~~~~~~~~~~^^^^^^^^^^^^^
  File "/Users/annayuen/Desktop/IECC/industrial_decarb/LCOH_EU_workflow/.venv/lib/python3.13/site-packages/pandas/io/common.py", line 656, in check_parent_directory
    raise OSError(rf"Cannot save file into a non-existent directory: '{parent}'")
OSError: Cannot save file into a non-existent directory: '/Users/annayuen/Desktop/IECC/industrial_decarb/LCOH_EU_workflow/off_grid_electricity_run/outputs/pvgis_hourly/FR.CAED'
2026-06-01 16:51:39,018 ERROR [ES.CAED/001482000.FACILITY] unexpected error: Cannot save file into a non-existent directory: '/Users/annayuen/Desktop/IECC/industrial_decarb/LCOH_EU_workflow/off_grid_electricity_run/outputs/pvgis_hourly/ES.CAED'
Traceback (most recent call last):
  File "/Users/annayuen/Desktop/IECC/industrial_decarb/LCOH_EU_workflow/off_grid_electricity_run/scripts/pull_pvgis_115.py", line 144, in fetch_one
    .to_csv(hourly_path, index=False)
     ~~~~~~^^^^^^^^^^^^^^^^^^^^^^^^^^
  File "/Users/annayuen/Desktop/IECC/industrial_decarb/LCOH_EU_workflow/.venv/lib/python3.13/site-packages/pandas/core/generic.py", line 3988, in to_csv
    return DataFrameRenderer(formatter).to_csv(
           ~~~~~~~~~~~~~~~~~~~~~~~~~~~~~~~~~~~^
        path_or_buf,
        ^^^^^^^^^^^^
    ...<14 lines>...
        storage_options=storage_options,
        ^^^^^^^^^^^^^^^^^^^^^^^^^^^^^^^^
    )
    ^
  File "/Users/annayuen/Desktop/IECC/industrial_decarb/LCOH_EU_workflow/.venv/lib/python3.13/site-packages/pandas/io/formats/format.py", line 1025, in to_csv
    csv_formatter.save()
    ~~~~~~~~~~~~~~~~~~^^
  File "/Users/annayuen/Desktop/IECC/industrial_decarb/LCOH_EU_workflow/.venv/lib/python3.13/site-packages/pandas/io/formats/csvs.py", line 251, in save
    with get_handle(
         ~~~~~~~~~~^
        self.filepath_or_buffer,
        ^^^^^^^^^^^^^^^^^^^^^^^^
    ...<4 lines>...
        storage_options=self.storage_options,
        ^^^^^^^^^^^^^^^^^^^^^^^^^^^^^^^^^^^^^
    ) as handles:
    ^
  File "/Users/annayuen/Desktop/IECC/industrial_decarb/LCOH_EU_workflow/.venv/lib/python3.13/site-packages/pandas/io/common.py", line 797, in get_handle
    check_parent_directory(str(handle))
    ~~~~~~~~~~~~~~~~~~~~~~^^^^^^^^^^^^^
  File "/Users/annayuen/Desktop/IECC/industrial_decarb/LCOH_EU_workflow/.venv/lib/python3.13/site-packages/pandas/io/common.py", line 656, in check_parent_directory
    raise OSError(rf"Cannot save file into a non-existent directory: '{parent}'")
OSError: Cannot save file into a non-existent directory: '/Users/annayuen/Desktop/IECC/industrial_decarb/LCOH_EU_workflow/off_grid_electricity_run/outputs/pvgis_hourly/ES.CAED'
2026-06-01 16:51:39,018 ERROR [FR.CAED/7658.FACILITY] unexpected error: Cannot save file into a non-existent directory: '/Users/annayuen/Desktop/IECC/industrial_decarb/LCOH_EU_workflow/off_grid_electricity_run/outputs/pvgis_hourly/FR.CAED'
Traceback (most recent call last):
  File "/Users/annayuen/Desktop/IECC/industrial_decarb/LCOH_EU_workflow/off_grid_electricity_run/scripts/pull_pvgis_115.py", line 144, in fetch_one
    .to_csv(hourly_path, index=False)
     ~~~~~~^^^^^^^^^^^^^^^^^^^^^^^^^^
  File "/Users/annayuen/Desktop/IECC/industrial_decarb/LCOH_EU_workflow/.venv/lib/python3.13/site-packages/pandas/core/generic.py", line 3988, in to_csv
    return DataFrameRenderer(formatter).to_csv(
           ~~~~~~~~~~~~~~~~~~~~~~~~~~~~~~~~~~~^
        path_or_buf,
        ^^^^^^^^^^^^
    ...<14 lines>...
        storage_options=storage_options,
        ^^^^^^^^^^^^^^^^^^^^^^^^^^^^^^^^
    )
    ^
  File "/Users/annayuen/Desktop/IECC/industrial_decarb/LCOH_EU_workflow/.venv/lib/python3.13/site-packages/pandas/io/formats/format.py", line 1025, in to_csv
    csv_formatter.save()
    ~~~~~~~~~~~~~~~~~~^^
  File "/Users/annayuen/Desktop/IECC/industrial_decarb/LCOH_EU_workflow/.venv/lib/python3.13/site-packages/pandas/io/formats/csvs.py", line 251, in save
    with get_handle(
         ~~~~~~~~~~^
        self.filepath_or_buffer,
        ^^^^^^^^^^^^^^^^^^^^^^^^
    ...<4 lines>...
        storage_options=self.storage_options,
        ^^^^^^^^^^^^^^^^^^^^^^^^^^^^^^^^^^^^^
    ) as handles:
    ^
  File "/Users/annayuen/Desktop/IECC/industrial_decarb/LCOH_EU_workflow/.venv/lib/python3.13/site-packages/pandas/io/common.py", line 797, in get_handle
    check_parent_directory(str(handle))
    ~~~~~~~~~~~~~~~~~~~~~~^^^^^^^^^^^^^
  File "/Users/annayuen/Desktop/IECC/industrial_decarb/LCOH_EU_workflow/.venv/lib/python3.13/site-packages/pandas/io/common.py", line 656, in check_parent_directory
    raise OSError(rf"Cannot save file into a non-existent directory: '{parent}'")
OSError: Cannot save file into a non-existent directory: '/Users/annayuen/Desktop/IECC/industrial_decarb/LCOH_EU_workflow/off_grid_electricity_run/outputs/pvgis_hourly/FR.CAED'
2026-06-01 16:51:39,019 ERROR [IT.CAED/850122001.FACILITY] unexpected error: Cannot save file into a non-existent directory: '/Users/annayuen/Desktop/IECC/industrial_decarb/LCOH_EU_workflow/off_grid_electricity_run/outputs/pvgis_hourly/IT.CAED'
Traceback (most recent call last):
  File "/Users/annayuen/Desktop/IECC/industrial_decarb/LCOH_EU_workflow/off_grid_electricity_run/scripts/pull_pvgis_115.py", line 144, in fetch_one
    .to_csv(hourly_path, index=False)
     ~~~~~~^^^^^^^^^^^^^^^^^^^^^^^^^^
  File "/Users/annayuen/Desktop/IECC/industrial_decarb/LCOH_EU_workflow/.venv/lib/python3.13/site-packages/pandas/core/generic.py", line 3988, in to_csv
    return DataFrameRenderer(formatter).to_csv(
           ~~~~~~~~~~~~~~~~~~~~~~~~~~~~~~~~~~~^
        path_or_buf,
        ^^^^^^^^^^^^
    ...<14 lines>...
        storage_options=storage_options,
        ^^^^^^^^^^^^^^^^^^^^^^^^^^^^^^^^
    )
    ^
  File "/Users/annayuen/Desktop/IECC/industrial_decarb/LCOH_EU_workflow/.venv/lib/python3.13/site-packages/pandas/io/formats/format.py", line 1025, in to_csv
    csv_formatter.save()
    ~~~~~~~~~~~~~~~~~~^^
  File "/Users/annayuen/Desktop/IECC/industrial_decarb/LCOH_EU_workflow/.venv/lib/python3.13/site-packages/pandas/io/formats/csvs.py", line 251, in save
    with get_handle(
         ~~~~~~~~~~^
        self.filepath_or_buffer,
        ^^^^^^^^^^^^^^^^^^^^^^^^
    ...<4 lines>...
        storage_options=self.storage_options,
        ^^^^^^^^^^^^^^^^^^^^^^^^^^^^^^^^^^^^^
    ) as handles:
    ^
  File "/Users/annayuen/Desktop/IECC/industrial_decarb/LCOH_EU_workflow/.venv/lib/python3.13/site-packages/pandas/io/common.py", line 797, in get_handle
    check_parent_directory(str(handle))
    ~~~~~~~~~~~~~~~~~~~~~~^^^^^^^^^^^^^
  File "/Users/annayuen/Desktop/IECC/industrial_decarb/LCOH_EU_workflow/.venv/lib/python3.13/site-packages/pandas/io/common.py", line 656, in check_parent_directory
    raise OSError(rf"Cannot save file into a non-existent directory: '{parent}'")
OSError: Cannot save file into a non-existent directory: '/Users/annayuen/Desktop/IECC/industrial_decarb/LCOH_EU_workflow/off_grid_electricity_run/outputs/pvgis_hourly/IT.CAED'
2026-06-01 16:51:39,021 INFO [FR.CAED/3814.FACILITY] start  lat=49.5103 lon=0.2259  active=10
2026-06-01 16:51:39,021 INFO [4/115] FAIL  FR.CAED/10790.FACILITY  ETA 0:01:06.038229
2026-06-01 16:51:39,040 INFO [PL.MŚ/000000108.FACILITY] start  lat=50.3034 lon=18.2594  active=10
2026-06-01 16:51:39,042 INFO [ES.CAED/001528000.FACILITY] start  lat=38.6720 lon=-4.0497  active=10
2026-06-01 16:51:39,044 INFO [FR.CAED/10838.FACILITY] start  lat=50.5596 lon=2.4907  active=10
2026-06-01 16:51:39,045 INFO [FR.CAED/7615.FACILITY] start  lat=43.3844 lon=5.0174  active=10
2026-06-01 16:51:39,047 INFO [5/115] FAIL  FR.CAED/7624.FACILITY  ETA 0:00:52.917260
2026-06-01 16:51:39,049 INFO [6/115] FAIL  ES.CAED/001482000.FACILITY  ETA 0:00:43.737122
2026-06-01 16:51:39,049 INFO [7/115] FAIL  FR.CAED/7658.FACILITY  ETA 0:00:37.149840
2026-06-01 16:51:39,049 INFO [8/115] FAIL  IT.CAED/850122001.FACILITY  ETA 0:00:32.205716
2026-06-01 16:51:39,054 ERROR [ES.CAED/003701000.FACILITY] unexpected error: Cannot save file into a non-existent directory: '/Users/annayuen/Desktop/IECC/industrial_decarb/LCOH_EU_workflow/off_grid_electricity_run/outputs/pvgis_hourly/ES.CAED'
Traceback (most recent call last):
  File "/Users/annayuen/Desktop/IECC/industrial_decarb/LCOH_EU_workflow/off_grid_electricity_run/scripts/pull_pvgis_115.py", line 144, in fetch_one
    .to_csv(hourly_path, index=False)
     ~~~~~~^^^^^^^^^^^^^^^^^^^^^^^^^^
  File "/Users/annayuen/Desktop/IECC/industrial_decarb/LCOH_EU_workflow/.venv/lib/python3.13/site-packages/pandas/core/generic.py", line 3988, in to_csv
    return DataFrameRenderer(formatter).to_csv(
           ~~~~~~~~~~~~~~~~~~~~~~~~~~~~~~~~~~~^
        path_or_buf,
        ^^^^^^^^^^^^
    ...<14 lines>...
        storage_options=storage_options,
        ^^^^^^^^^^^^^^^^^^^^^^^^^^^^^^^^
    )
    ^
  File "/Users/annayuen/Desktop/IECC/industrial_decarb/LCOH_EU_workflow/.venv/lib/python3.13/site-packages/pandas/io/formats/format.py", line 1025, in to_csv
    csv_formatter.save()
    ~~~~~~~~~~~~~~~~~~^^
  File "/Users/annayuen/Desktop/IECC/industrial_decarb/LCOH_EU_workflow/.venv/lib/python3.13/site-packages/pandas/io/formats/csvs.py", line 251, in save
    with get_handle(
         ~~~~~~~~~~^
        self.filepath_or_buffer,
        ^^^^^^^^^^^^^^^^^^^^^^^^
    ...<4 lines>...
        storage_options=self.storage_options,
        ^^^^^^^^^^^^^^^^^^^^^^^^^^^^^^^^^^^^^
    ) as handles:
    ^
  File "/Users/annayuen/Desktop/IECC/industrial_decarb/LCOH_EU_workflow/.venv/lib/python3.13/site-packages/pandas/io/common.py", line 797, in get_handle
    check_parent_directory(str(handle))
    ~~~~~~~~~~~~~~~~~~~~~~^^^^^^^^^^^^^
  File "/Users/annayuen/Desktop/IECC/industrial_decarb/LCOH_EU_workflow/.venv/lib/python3.13/site-packages/pandas/io/common.py", line 656, in check_parent_directory
    raise OSError(rf"Cannot save file into a non-existent directory: '{parent}'")
OSError: Cannot save file into a non-existent directory: '/Users/annayuen/Desktop/IECC/industrial_decarb/LCOH_EU_workflow/off_grid_electricity_run/outputs/pvgis_hourly/ES.CAED'
2026-06-01 16:51:39,056 INFO [FR.CAED/6705.FACILITY] start  lat=47.3723 lon=-2.1280  active=10
2026-06-01 16:51:39,056 INFO [9/115] FAIL  ES.CAED/003701000.FACILITY  ETA 0:00:28.442450
2026-06-01 16:51:39,193 ERROR [FR.CAED/3437.FACILITY] unexpected error: Cannot save file into a non-existent directory: '/Users/annayuen/Desktop/IECC/industrial_decarb/LCOH_EU_workflow/off_grid_electricity_run/outputs/pvgis_hourly/FR.CAED'
Traceback (most recent call last):
  File "/Users/annayuen/Desktop/IECC/industrial_decarb/LCOH_EU_workflow/off_grid_electricity_run/scripts/pull_pvgis_115.py", line 144, in fetch_one
    .to_csv(hourly_path, index=False)
     ~~~~~~^^^^^^^^^^^^^^^^^^^^^^^^^^
  File "/Users/annayuen/Desktop/IECC/industrial_decarb/LCOH_EU_workflow/.venv/lib/python3.13/site-packages/pandas/core/generic.py", line 3988, in to_csv
    return DataFrameRenderer(formatter).to_csv(
           ~~~~~~~~~~~~~~~~~~~~~~~~~~~~~~~~~~~^
        path_or_buf,
        ^^^^^^^^^^^^
    ...<14 lines>...
        storage_options=storage_options,
        ^^^^^^^^^^^^^^^^^^^^^^^^^^^^^^^^
    )
    ^
  File "/Users/annayuen/Desktop/IECC/industrial_decarb/LCOH_EU_workflow/.venv/lib/python3.13/site-packages/pandas/io/formats/format.py", line 1025, in to_csv
    csv_formatter.save()
    ~~~~~~~~~~~~~~~~~~^^
  File "/Users/annayuen/Desktop/IECC/industrial_decarb/LCOH_EU_workflow/.venv/lib/python3.13/site-packages/pandas/io/formats/csvs.py", line 251, in save
    with get_handle(
         ~~~~~~~~~~^
        self.filepath_or_buffer,
        ^^^^^^^^^^^^^^^^^^^^^^^^
    ...<4 lines>...
        storage_options=self.storage_options,
        ^^^^^^^^^^^^^^^^^^^^^^^^^^^^^^^^^^^^^
    ) as handles:
    ^
  File "/Users/annayuen/Desktop/IECC/industrial_decarb/LCOH_EU_workflow/.venv/lib/python3.13/site-packages/pandas/io/common.py", line 797, in get_handle
    check_parent_directory(str(handle))
    ~~~~~~~~~~~~~~~~~~~~~~^^^^^^^^^^^^^
  File "/Users/annayuen/Desktop/IECC/industrial_decarb/LCOH_EU_workflow/.venv/lib/python3.13/site-packages/pandas/io/common.py", line 656, in check_parent_directory
    raise OSError(rf"Cannot save file into a non-existent directory: '{parent}'")
OSError: Cannot save file into a non-existent directory: '/Users/annayuen/Desktop/IECC/industrial_decarb/LCOH_EU_workflow/off_grid_electricity_run/outputs/pvgis_hourly/FR.CAED'
2026-06-01 16:51:39,195 INFO [IT.CAED/600151001.FACILITY] start  lat=43.6395 lon=13.3813  active=10
2026-06-01 16:51:39,195 INFO [10/115] FAIL  FR.CAED/3437.FACILITY  ETA 0:00:26.816790
2026-06-01 16:51:41,047 ERROR [IT.CAED/960101005.FACILITY] unexpected error: Cannot save file into a non-existent directory: '/Users/annayuen/Desktop/IECC/industrial_decarb/LCOH_EU_workflow/off_grid_electricity_run/outputs/pvgis_hourly/IT.CAED'
Traceback (most recent call last):
  File "/Users/annayuen/Desktop/IECC/industrial_decarb/LCOH_EU_workflow/off_grid_electricity_run/scripts/pull_pvgis_115.py", line 144, in fetch_one
    .to_csv(hourly_path, index=False)
     ~~~~~~^^^^^^^^^^^^^^^^^^^^^^^^^^
  File "/Users/annayuen/Desktop/IECC/industrial_decarb/LCOH_EU_workflow/.venv/lib/python3.13/site-packages/pandas/core/generic.py", line 3988, in to_csv
    return DataFrameRenderer(formatter).to_csv(
           ~~~~~~~~~~~~~~~~~~~~~~~~~~~~~~~~~~~^
        path_or_buf,
        ^^^^^^^^^^^^
    ...<14 lines>...
        storage_options=storage_options,
        ^^^^^^^^^^^^^^^^^^^^^^^^^^^^^^^^
    )
    ^
  File "/Users/annayuen/Desktop/IECC/industrial_decarb/LCOH_EU_workflow/.venv/lib/python3.13/site-packages/pandas/io/formats/format.py", line 1025, in to_csv
    csv_formatter.save()
    ~~~~~~~~~~~~~~~~~~^^
  File "/Users/annayuen/Desktop/IECC/industrial_decarb/LCOH_EU_workflow/.venv/lib/python3.13/site-packages/pandas/io/formats/csvs.py", line 251, in save
    with get_handle(
         ~~~~~~~~~~^
        self.filepath_or_buffer,
        ^^^^^^^^^^^^^^^^^^^^^^^^
    ...<4 lines>...
        storage_options=self.storage_options,
        ^^^^^^^^^^^^^^^^^^^^^^^^^^^^^^^^^^^^^
    ) as handles:
    ^
  File "/Users/annayuen/Desktop/IECC/industrial_decarb/LCOH_EU_workflow/.venv/lib/python3.13/site-packages/pandas/io/common.py", line 797, in get_handle
    check_parent_directory(str(handle))
    ~~~~~~~~~~~~~~~~~~~~~~^^^^^^^^^^^^^
  File "/Users/annayuen/Desktop/IECC/industrial_decarb/LCOH_EU_workflow/.venv/lib/python3.13/site-packages/pandas/io/common.py", line 656, in check_parent_directory
    raise OSError(rf"Cannot save file into a non-existent directory: '{parent}'")
OSError: Cannot save file into a non-existent directory: '/Users/annayuen/Desktop/IECC/industrial_decarb/LCOH_EU_workflow/off_grid_electricity_run/outputs/pvgis_hourly/IT.CAED'
2026-06-01 16:51:41,048 ERROR [ES.CAED/001528000.FACILITY] unexpected error: Cannot save file into a non-existent directory: '/Users/annayuen/Desktop/IECC/industrial_decarb/LCOH_EU_workflow/off_grid_electricity_run/outputs/pvgis_hourly/ES.CAED'
Traceback (most recent call last):
  File "/Users/annayuen/Desktop/IECC/industrial_decarb/LCOH_EU_workflow/off_grid_electricity_run/scripts/pull_pvgis_115.py", line 144, in fetch_one
    .to_csv(hourly_path, index=False)
     ~~~~~~^^^^^^^^^^^^^^^^^^^^^^^^^^
  File "/Users/annayuen/Desktop/IECC/industrial_decarb/LCOH_EU_workflow/.venv/lib/python3.13/site-packages/pandas/core/generic.py", line 3988, in to_csv
    return DataFrameRenderer(formatter).to_csv(
           ~~~~~~~~~~~~~~~~~~~~~~~~~~~~~~~~~~~^
        path_or_buf,
        ^^^^^^^^^^^^
    ...<14 lines>...
        storage_options=storage_options,
        ^^^^^^^^^^^^^^^^^^^^^^^^^^^^^^^^
    )
    ^
  File "/Users/annayuen/Desktop/IECC/industrial_decarb/LCOH_EU_workflow/.venv/lib/python3.13/site-packages/pandas/io/formats/format.py", line 1025, in to_csv
    csv_formatter.save()
    ~~~~~~~~~~~~~~~~~~^^
  File "/Users/annayuen/Desktop/IECC/industrial_decarb/LCOH_EU_workflow/.venv/lib/python3.13/site-packages/pandas/io/formats/csvs.py", line 251, in save
    with get_handle(
         ~~~~~~~~~~^
        self.filepath_or_buffer,
        ^^^^^^^^^^^^^^^^^^^^^^^^
    ...<4 lines>...
        storage_options=self.storage_options,
        ^^^^^^^^^^^^^^^^^^^^^^^^^^^^^^^^^^^^^
    ) as handles:
    ^
  File "/Users/annayuen/Desktop/IECC/industrial_decarb/LCOH_EU_workflow/.venv/lib/python3.13/site-packages/pandas/io/common.py", line 797, in get_handle
    check_parent_directory(str(handle))
    ~~~~~~~~~~~~~~~~~~~~~~^^^^^^^^^^^^^
  File "/Users/annayuen/Desktop/IECC/industrial_decarb/LCOH_EU_workflow/.venv/lib/python3.13/site-packages/pandas/io/common.py", line 656, in check_parent_directory
    raise OSError(rf"Cannot save file into a non-existent directory: '{parent}'")
OSError: Cannot save file into a non-existent directory: '/Users/annayuen/Desktop/IECC/industrial_decarb/LCOH_EU_workflow/off_grid_electricity_run/outputs/pvgis_hourly/ES.CAED'
2026-06-01 16:51:41,049 ERROR [FR.CAED/12675.FACILITY] unexpected error: Cannot save file into a non-existent directory: '/Users/annayuen/Desktop/IECC/industrial_decarb/LCOH_EU_workflow/off_grid_electricity_run/outputs/pvgis_hourly/FR.CAED'
Traceback (most recent call last):
  File "/Users/annayuen/Desktop/IECC/industrial_decarb/LCOH_EU_workflow/off_grid_electricity_run/scripts/pull_pvgis_115.py", line 144, in fetch_one
    .to_csv(hourly_path, index=False)
     ~~~~~~^^^^^^^^^^^^^^^^^^^^^^^^^^
  File "/Users/annayuen/Desktop/IECC/industrial_decarb/LCOH_EU_workflow/.venv/lib/python3.13/site-packages/pandas/core/generic.py", line 3988, in to_csv
    return DataFrameRenderer(formatter).to_csv(
           ~~~~~~~~~~~~~~~~~~~~~~~~~~~~~~~~~~~^
        path_or_buf,
        ^^^^^^^^^^^^
    ...<14 lines>...
        storage_options=storage_options,
        ^^^^^^^^^^^^^^^^^^^^^^^^^^^^^^^^
    )
    ^
  File "/Users/annayuen/Desktop/IECC/industrial_decarb/LCOH_EU_workflow/.venv/lib/python3.13/site-packages/pandas/io/formats/format.py", line 1025, in to_csv
    csv_formatter.save()
    ~~~~~~~~~~~~~~~~~~^^
  File "/Users/annayuen/Desktop/IECC/industrial_decarb/LCOH_EU_workflow/.venv/lib/python3.13/site-packages/pandas/io/formats/csvs.py", line 251, in save
    with get_handle(
         ~~~~~~~~~~^
        self.filepath_or_buffer,
        ^^^^^^^^^^^^^^^^^^^^^^^^
    ...<4 lines>...
        storage_options=self.storage_options,
        ^^^^^^^^^^^^^^^^^^^^^^^^^^^^^^^^^^^^^
    ) as handles:
    ^
  File "/Users/annayuen/Desktop/IECC/industrial_decarb/LCOH_EU_workflow/.venv/lib/python3.13/site-packages/pandas/io/common.py", line 797, in get_handle
    check_parent_directory(str(handle))
    ~~~~~~~~~~~~~~~~~~~~~~^^^^^^^^^^^^^
  File "/Users/annayuen/Desktop/IECC/industrial_decarb/LCOH_EU_workflow/.venv/lib/python3.13/site-packages/pandas/io/common.py", line 656, in check_parent_directory
    raise OSError(rf"Cannot save file into a non-existent directory: '{parent}'")
OSError: Cannot save file into a non-existent directory: '/Users/annayuen/Desktop/IECC/industrial_decarb/LCOH_EU_workflow/off_grid_electricity_run/outputs/pvgis_hourly/FR.CAED'
2026-06-01 16:51:41,049 ERROR [PL.MŚ/000000108.FACILITY] unexpected error: Cannot save file into a non-existent directory: '/Users/annayuen/Desktop/IECC/industrial_decarb/LCOH_EU_workflow/off_grid_electricity_run/outputs/pvgis_hourly/PL.MŚ'
Traceback (most recent call last):
  File "/Users/annayuen/Desktop/IECC/industrial_decarb/LCOH_EU_workflow/off_grid_electricity_run/scripts/pull_pvgis_115.py", line 144, in fetch_one
    .to_csv(hourly_path, index=False)
     ~~~~~~^^^^^^^^^^^^^^^^^^^^^^^^^^
  File "/Users/annayuen/Desktop/IECC/industrial_decarb/LCOH_EU_workflow/.venv/lib/python3.13/site-packages/pandas/core/generic.py", line 3988, in to_csv
    return DataFrameRenderer(formatter).to_csv(
           ~~~~~~~~~~~~~~~~~~~~~~~~~~~~~~~~~~~^
        path_or_buf,
        ^^^^^^^^^^^^
    ...<14 lines>...
        storage_options=storage_options,
        ^^^^^^^^^^^^^^^^^^^^^^^^^^^^^^^^
    )
    ^
  File "/Users/annayuen/Desktop/IECC/industrial_decarb/LCOH_EU_workflow/.venv/lib/python3.13/site-packages/pandas/io/formats/format.py", line 1025, in to_csv
    csv_formatter.save()
    ~~~~~~~~~~~~~~~~~~^^
  File "/Users/annayuen/Desktop/IECC/industrial_decarb/LCOH_EU_workflow/.venv/lib/python3.13/site-packages/pandas/io/formats/csvs.py", line 251, in save
    with get_handle(
         ~~~~~~~~~~^
        self.filepath_or_buffer,
        ^^^^^^^^^^^^^^^^^^^^^^^^
    ...<4 lines>...
        storage_options=self.storage_options,
        ^^^^^^^^^^^^^^^^^^^^^^^^^^^^^^^^^^^^^
    ) as handles:
    ^
  File "/Users/annayuen/Desktop/IECC/industrial_decarb/LCOH_EU_workflow/.venv/lib/python3.13/site-packages/pandas/io/common.py", line 797, in get_handle
    check_parent_directory(str(handle))
    ~~~~~~~~~~~~~~~~~~~~~~^^^^^^^^^^^^^
  File "/Users/annayuen/Desktop/IECC/industrial_decarb/LCOH_EU_workflow/.venv/lib/python3.13/site-packages/pandas/io/common.py", line 656, in check_parent_directory
    raise OSError(rf"Cannot save file into a non-existent directory: '{parent}'")
OSError: Cannot save file into a non-existent directory: '/Users/annayuen/Desktop/IECC/industrial_decarb/LCOH_EU_workflow/off_grid_electricity_run/outputs/pvgis_hourly/PL.MŚ'
2026-06-01 16:51:41,069 INFO [PL.MŚ/000000138.FACILITY] start  lat=52.5946 lon=14.6255  active=10
2026-06-01 16:51:41,071 INFO [11/115] FAIL  IT.CAED/960101005.FACILITY  ETA 0:00:41.878616
2026-06-01 16:51:41,073 INFO [PL.MŚ/000000221.FACILITY] start  lat=50.5026 lon=18.9308  active=10
2026-06-01 16:51:41,079 INFO [ES.CAED/001526000.FACILITY] start  lat=43.3531 lon=-8.4467  active=10
2026-06-01 16:51:41,084 INFO [FR.CAED/5914.FACILITY] start  lat=48.6394 lon=6.2655  active=10
2026-06-01 16:51:41,085 ERROR [IT.CAED/850592002.FACILITY] unexpected error: Cannot save file into a non-existent directory: '/Users/annayuen/Desktop/IECC/industrial_decarb/LCOH_EU_workflow/off_grid_electricity_run/outputs/pvgis_hourly/IT.CAED'
Traceback (most recent call last):
  File "/Users/annayuen/Desktop/IECC/industrial_decarb/LCOH_EU_workflow/off_grid_electricity_run/scripts/pull_pvgis_115.py", line 144, in fetch_one
    .to_csv(hourly_path, index=False)
     ~~~~~~^^^^^^^^^^^^^^^^^^^^^^^^^^
  File "/Users/annayuen/Desktop/IECC/industrial_decarb/LCOH_EU_workflow/.venv/lib/python3.13/site-packages/pandas/core/generic.py", line 3988, in to_csv
    return DataFrameRenderer(formatter).to_csv(
           ~~~~~~~~~~~~~~~~~~~~~~~~~~~~~~~~~~~^
        path_or_buf,
        ^^^^^^^^^^^^
    ...<14 lines>...
        storage_options=storage_options,
        ^^^^^^^^^^^^^^^^^^^^^^^^^^^^^^^^
    )
    ^
  File "/Users/annayuen/Desktop/IECC/industrial_decarb/LCOH_EU_workflow/.venv/lib/python3.13/site-packages/pandas/io/formats/format.py", line 1025, in to_csv
    csv_formatter.save()
    ~~~~~~~~~~~~~~~~~~^^
  File "/Users/annayuen/Desktop/IECC/industrial_decarb/LCOH_EU_workflow/.venv/lib/python3.13/site-packages/pandas/io/formats/csvs.py", line 251, in save
    with get_handle(
         ~~~~~~~~~~^
        self.filepath_or_buffer,
        ^^^^^^^^^^^^^^^^^^^^^^^^
    ...<4 lines>...
        storage_options=self.storage_options,
        ^^^^^^^^^^^^^^^^^^^^^^^^^^^^^^^^^^^^^
    ) as handles:
    ^
  File "/Users/annayuen/Desktop/IECC/industrial_decarb/LCOH_EU_workflow/.venv/lib/python3.13/site-packages/pandas/io/common.py", line 797, in get_handle
    check_parent_directory(str(handle))
    ~~~~~~~~~~~~~~~~~~~~~~^^^^^^^^^^^^^
  File "/Users/annayuen/Desktop/IECC/industrial_decarb/LCOH_EU_workflow/.venv/lib/python3.13/site-packages/pandas/io/common.py", line 656, in check_parent_directory
    raise OSError(rf"Cannot save file into a non-existent directory: '{parent}'")
OSError: Cannot save file into a non-existent directory: '/Users/annayuen/Desktop/IECC/industrial_decarb/LCOH_EU_workflow/off_grid_electricity_run/outputs/pvgis_hourly/IT.CAED'
2026-06-01 16:51:41,085 INFO [12/115] FAIL  ES.CAED/001528000.FACILITY  ETA 0:00:38.143475
2026-06-01 16:51:41,120 ERROR [FR.CAED/6705.FACILITY] unexpected error: Cannot save file into a non-existent directory: '/Users/annayuen/Desktop/IECC/industrial_decarb/LCOH_EU_workflow/off_grid_electricity_run/outputs/pvgis_hourly/FR.CAED'
Traceback (most recent call last):
  File "/Users/annayuen/Desktop/IECC/industrial_decarb/LCOH_EU_workflow/off_grid_electricity_run/scripts/pull_pvgis_115.py", line 144, in fetch_one
    .to_csv(hourly_path, index=False)
     ~~~~~~^^^^^^^^^^^^^^^^^^^^^^^^^^
  File "/Users/annayuen/Desktop/IECC/industrial_decarb/LCOH_EU_workflow/.venv/lib/python3.13/site-packages/pandas/core/generic.py", line 3988, in to_csv
    return DataFrameRenderer(formatter).to_csv(
           ~~~~~~~~~~~~~~~~~~~~~~~~~~~~~~~~~~~^
        path_or_buf,
        ^^^^^^^^^^^^
    ...<14 lines>...
        storage_options=storage_options,
        ^^^^^^^^^^^^^^^^^^^^^^^^^^^^^^^^
    )
    ^
  File "/Users/annayuen/Desktop/IECC/industrial_decarb/LCOH_EU_workflow/.venv/lib/python3.13/site-packages/pandas/io/formats/format.py", line 1025, in to_csv
    csv_formatter.save()
    ~~~~~~~~~~~~~~~~~~^^
  File "/Users/annayuen/Desktop/IECC/industrial_decarb/LCOH_EU_workflow/.venv/lib/python3.13/site-packages/pandas/io/formats/csvs.py", line 251, in save
    with get_handle(
         ~~~~~~~~~~^
        self.filepath_or_buffer,
        ^^^^^^^^^^^^^^^^^^^^^^^^
    ...<4 lines>...
        storage_options=self.storage_options,
        ^^^^^^^^^^^^^^^^^^^^^^^^^^^^^^^^^^^^^
    ) as handles:
    ^
  File "/Users/annayuen/Desktop/IECC/industrial_decarb/LCOH_EU_workflow/.venv/lib/python3.13/site-packages/pandas/io/common.py", line 797, in get_handle
    check_parent_directory(str(handle))
    ~~~~~~~~~~~~~~~~~~~~~~^^^^^^^^^^^^^
  File "/Users/annayuen/Desktop/IECC/industrial_decarb/LCOH_EU_workflow/.venv/lib/python3.13/site-packages/pandas/io/common.py", line 656, in check_parent_directory
    raise OSError(rf"Cannot save file into a non-existent directory: '{parent}'")
OSError: Cannot save file into a non-existent directory: '/Users/annayuen/Desktop/IECC/industrial_decarb/LCOH_EU_workflow/off_grid_electricity_run/outputs/pvgis_hourly/FR.CAED'
2026-06-01 16:51:41,126 INFO [ES.CAED/001562000.FACILITY] start  lat=41.1943 lon=1.2261  active=10
2026-06-01 16:51:41,126 INFO [13/115] FAIL  FR.CAED/12675.FACILITY  ETA 0:00:35.189898
2026-06-01 16:51:41,127 ERROR [FR.CAED/3814.FACILITY] unexpected error: Cannot save file into a non-existent directory: '/Users/annayuen/Desktop/IECC/industrial_decarb/LCOH_EU_workflow/off_grid_electricity_run/outputs/pvgis_hourly/FR.CAED'
Traceback (most recent call last):
  File "/Users/annayuen/Desktop/IECC/industrial_decarb/LCOH_EU_workflow/off_grid_electricity_run/scripts/pull_pvgis_115.py", line 144, in fetch_one
    .to_csv(hourly_path, index=False)
     ~~~~~~^^^^^^^^^^^^^^^^^^^^^^^^^^
  File "/Users/annayuen/Desktop/IECC/industrial_decarb/LCOH_EU_workflow/.venv/lib/python3.13/site-packages/pandas/core/generic.py", line 3988, in to_csv
    return DataFrameRenderer(formatter).to_csv(
           ~~~~~~~~~~~~~~~~~~~~~~~~~~~~~~~~~~~^
        path_or_buf,
        ^^^^^^^^^^^^
    ...<14 lines>...
        storage_options=storage_options,
        ^^^^^^^^^^^^^^^^^^^^^^^^^^^^^^^^
    )
    ^
  File "/Users/annayuen/Desktop/IECC/industrial_decarb/LCOH_EU_workflow/.venv/lib/python3.13/site-packages/pandas/io/formats/format.py", line 1025, in to_csv
    csv_formatter.save()
    ~~~~~~~~~~~~~~~~~~^^
  File "/Users/annayuen/Desktop/IECC/industrial_decarb/LCOH_EU_workflow/.venv/lib/python3.13/site-packages/pandas/io/formats/csvs.py", line 251, in save
    with get_handle(
         ~~~~~~~~~~^
        self.filepath_or_buffer,
        ^^^^^^^^^^^^^^^^^^^^^^^^
    ...<4 lines>...
        storage_options=self.storage_options,
        ^^^^^^^^^^^^^^^^^^^^^^^^^^^^^^^^^^^^^
    ) as handles:
    ^
  File "/Users/annayuen/Desktop/IECC/industrial_decarb/LCOH_EU_workflow/.venv/lib/python3.13/site-packages/pandas/io/common.py", line 797, in get_handle
    check_parent_directory(str(handle))
    ~~~~~~~~~~~~~~~~~~~~~~^^^^^^^^^^^^^
  File "/Users/annayuen/Desktop/IECC/industrial_decarb/LCOH_EU_workflow/.venv/lib/python3.13/site-packages/pandas/io/common.py", line 656, in check_parent_directory
    raise OSError(rf"Cannot save file into a non-existent directory: '{parent}'")
OSError: Cannot save file into a non-existent directory: '/Users/annayuen/Desktop/IECC/industrial_decarb/LCOH_EU_workflow/off_grid_electricity_run/outputs/pvgis_hourly/FR.CAED'
2026-06-01 16:51:41,128 ERROR [IT.CAED/600151001.FACILITY] unexpected error: Cannot save file into a non-existent directory: '/Users/annayuen/Desktop/IECC/industrial_decarb/LCOH_EU_workflow/off_grid_electricity_run/outputs/pvgis_hourly/IT.CAED'
Traceback (most recent call last):
  File "/Users/annayuen/Desktop/IECC/industrial_decarb/LCOH_EU_workflow/off_grid_electricity_run/scripts/pull_pvgis_115.py", line 144, in fetch_one
    .to_csv(hourly_path, index=False)
     ~~~~~~^^^^^^^^^^^^^^^^^^^^^^^^^^
  File "/Users/annayuen/Desktop/IECC/industrial_decarb/LCOH_EU_workflow/.venv/lib/python3.13/site-packages/pandas/core/generic.py", line 3988, in to_csv
    return DataFrameRenderer(formatter).to_csv(
           ~~~~~~~~~~~~~~~~~~~~~~~~~~~~~~~~~~~^
        path_or_buf,
        ^^^^^^^^^^^^
    ...<14 lines>...
        storage_options=storage_options,
        ^^^^^^^^^^^^^^^^^^^^^^^^^^^^^^^^
    )
    ^
  File "/Users/annayuen/Desktop/IECC/industrial_decarb/LCOH_EU_workflow/.venv/lib/python3.13/site-packages/pandas/io/formats/format.py", line 1025, in to_csv
    csv_formatter.save()
    ~~~~~~~~~~~~~~~~~~^^
  File "/Users/annayuen/Desktop/IECC/industrial_decarb/LCOH_EU_workflow/.venv/lib/python3.13/site-packages/pandas/io/formats/csvs.py", line 251, in save
    with get_handle(
         ~~~~~~~~~~^
        self.filepath_or_buffer,
        ^^^^^^^^^^^^^^^^^^^^^^^^
    ...<4 lines>...
        storage_options=self.storage_options,
        ^^^^^^^^^^^^^^^^^^^^^^^^^^^^^^^^^^^^^
    ) as handles:
    ^
  File "/Users/annayuen/Desktop/IECC/industrial_decarb/LCOH_EU_workflow/.venv/lib/python3.13/site-packages/pandas/io/common.py", line 797, in get_handle
    check_parent_directory(str(handle))
    ~~~~~~~~~~~~~~~~~~~~~~^^^^^^^^^^^^^
  File "/Users/annayuen/Desktop/IECC/industrial_decarb/LCOH_EU_workflow/.venv/lib/python3.13/site-packages/pandas/io/common.py", line 656, in check_parent_directory
    raise OSError(rf"Cannot save file into a non-existent directory: '{parent}'")
OSError: Cannot save file into a non-existent directory: '/Users/annayuen/Desktop/IECC/industrial_decarb/LCOH_EU_workflow/off_grid_electricity_run/outputs/pvgis_hourly/IT.CAED'
2026-06-01 16:51:41,147 INFO [ES.CAED/002716000.FACILITY] start  lat=41.1787 lon=1.2202  active=10
2026-06-01 16:51:41,149 INFO [14/115] FAIL  PL.MŚ/000000108.FACILITY  ETA 0:00:32.517657
2026-06-01 16:51:41,151 INFO [FR.CAED/9415.FACILITY] start  lat=48.8585 lon=8.0850  active=10
2026-06-01 16:51:41,154 INFO [ES.CAED/002761000.FACILITY] start  lat=41.6701 lon=-0.8713  active=10
2026-06-01 16:51:41,154 INFO [15/115] FAIL  IT.CAED/850592002.FACILITY  ETA 0:00:30.086500
2026-06-01 16:51:41,156 INFO [16/115] FAIL  FR.CAED/6705.FACILITY  ETA 0:00:27.936711
2026-06-01 16:51:41,156 INFO [17/115] FAIL  FR.CAED/3814.FACILITY  ETA 0:00:26.028702
2026-06-01 16:51:41,159 INFO [18/115] FAIL  IT.CAED/600151001.FACILITY  ETA 0:00:24.348552
2026-06-01 16:51:41,161 ERROR [FR.CAED/10838.FACILITY] unexpected error: Cannot save file into a non-existent directory: '/Users/annayuen/Desktop/IECC/industrial_decarb/LCOH_EU_workflow/off_grid_electricity_run/outputs/pvgis_hourly/FR.CAED'
Traceback (most recent call last):
  File "/Users/annayuen/Desktop/IECC/industrial_decarb/LCOH_EU_workflow/off_grid_electricity_run/scripts/pull_pvgis_115.py", line 144, in fetch_one
    .to_csv(hourly_path, index=False)
     ~~~~~~^^^^^^^^^^^^^^^^^^^^^^^^^^
  File "/Users/annayuen/Desktop/IECC/industrial_decarb/LCOH_EU_workflow/.venv/lib/python3.13/site-packages/pandas/core/generic.py", line 3988, in to_csv
    return DataFrameRenderer(formatter).to_csv(
           ~~~~~~~~~~~~~~~~~~~~~~~~~~~~~~~~~~~^
        path_or_buf,
        ^^^^^^^^^^^^
    ...<14 lines>...
        storage_options=storage_options,
        ^^^^^^^^^^^^^^^^^^^^^^^^^^^^^^^^
    )
    ^
  File "/Users/annayuen/Desktop/IECC/industrial_decarb/LCOH_EU_workflow/.venv/lib/python3.13/site-packages/pandas/io/formats/format.py", line 1025, in to_csv
    csv_formatter.save()
    ~~~~~~~~~~~~~~~~~~^^
  File "/Users/annayuen/Desktop/IECC/industrial_decarb/LCOH_EU_workflow/.venv/lib/python3.13/site-packages/pandas/io/formats/csvs.py", line 251, in save
    with get_handle(
         ~~~~~~~~~~^
        self.filepath_or_buffer,
        ^^^^^^^^^^^^^^^^^^^^^^^^
    ...<4 lines>...
        storage_options=self.storage_options,
        ^^^^^^^^^^^^^^^^^^^^^^^^^^^^^^^^^^^^^
    ) as handles:
    ^
  File "/Users/annayuen/Desktop/IECC/industrial_decarb/LCOH_EU_workflow/.venv/lib/python3.13/site-packages/pandas/io/common.py", line 797, in get_handle
    check_parent_directory(str(handle))
    ~~~~~~~~~~~~~~~~~~~~~~^^^^^^^^^^^^^
  File "/Users/annayuen/Desktop/IECC/industrial_decarb/LCOH_EU_workflow/.venv/lib/python3.13/site-packages/pandas/io/common.py", line 656, in check_parent_directory
    raise OSError(rf"Cannot save file into a non-existent directory: '{parent}'")
OSError: Cannot save file into a non-existent directory: '/Users/annayuen/Desktop/IECC/industrial_decarb/LCOH_EU_workflow/off_grid_electricity_run/outputs/pvgis_hourly/FR.CAED'
2026-06-01 16:51:41,163 INFO [IT.CAED/090181001.FACILITY] start  lat=39.0971 lon=9.0113  active=10
2026-06-01 16:51:41,166 INFO [19/115] FAIL  FR.CAED/10838.FACILITY  ETA 0:00:22.862688
2026-06-01 16:51:41,167 ERROR [FR.CAED/7615.FACILITY] unexpected error: Cannot save file into a non-existent directory: '/Users/annayuen/Desktop/IECC/industrial_decarb/LCOH_EU_workflow/off_grid_electricity_run/outputs/pvgis_hourly/FR.CAED'
Traceback (most recent call last):
  File "/Users/annayuen/Desktop/IECC/industrial_decarb/LCOH_EU_workflow/off_grid_electricity_run/scripts/pull_pvgis_115.py", line 144, in fetch_one
    .to_csv(hourly_path, index=False)
     ~~~~~~^^^^^^^^^^^^^^^^^^^^^^^^^^
  File "/Users/annayuen/Desktop/IECC/industrial_decarb/LCOH_EU_workflow/.venv/lib/python3.13/site-packages/pandas/core/generic.py", line 3988, in to_csv
    return DataFrameRenderer(formatter).to_csv(
           ~~~~~~~~~~~~~~~~~~~~~~~~~~~~~~~~~~~^
        path_or_buf,
        ^^^^^^^^^^^^
    ...<14 lines>...
        storage_options=storage_options,
        ^^^^^^^^^^^^^^^^^^^^^^^^^^^^^^^^
    )
    ^
  File "/Users/annayuen/Desktop/IECC/industrial_decarb/LCOH_EU_workflow/.venv/lib/python3.13/site-packages/pandas/io/formats/format.py", line 1025, in to_csv
    csv_formatter.save()
    ~~~~~~~~~~~~~~~~~~^^
  File "/Users/annayuen/Desktop/IECC/industrial_decarb/LCOH_EU_workflow/.venv/lib/python3.13/site-packages/pandas/io/formats/csvs.py", line 251, in save
    with get_handle(
         ~~~~~~~~~~^
        self.filepath_or_buffer,
        ^^^^^^^^^^^^^^^^^^^^^^^^
    ...<4 lines>...
        storage_options=self.storage_options,
        ^^^^^^^^^^^^^^^^^^^^^^^^^^^^^^^^^^^^^
    ) as handles:
    ^
  File "/Users/annayuen/Desktop/IECC/industrial_decarb/LCOH_EU_workflow/.venv/lib/python3.13/site-packages/pandas/io/common.py", line 797, in get_handle
    check_parent_directory(str(handle))
    ~~~~~~~~~~~~~~~~~~~~~~^^^^^^^^^^^^^
  File "/Users/annayuen/Desktop/IECC/industrial_decarb/LCOH_EU_workflow/.venv/lib/python3.13/site-packages/pandas/io/common.py", line 656, in check_parent_directory
    raise OSError(rf"Cannot save file into a non-existent directory: '{parent}'")
OSError: Cannot save file into a non-existent directory: '/Users/annayuen/Desktop/IECC/industrial_decarb/LCOH_EU_workflow/off_grid_electricity_run/outputs/pvgis_hourly/FR.CAED'
2026-06-01 16:51:41,169 INFO [FR.CAED/6144.FACILITY] start  lat=48.2094 lon=6.4203  active=10
2026-06-01 16:51:41,169 INFO [20/115] FAIL  FR.CAED/7615.FACILITY  ETA 0:00:21.509140
2026-06-01 16:51:42,926 ERROR [PL.MŚ/000000221.FACILITY] unexpected error: Cannot save file into a non-existent directory: '/Users/annayuen/Desktop/IECC/industrial_decarb/LCOH_EU_workflow/off_grid_electricity_run/outputs/pvgis_hourly/PL.MŚ'
Traceback (most recent call last):
  File "/Users/annayuen/Desktop/IECC/industrial_decarb/LCOH_EU_workflow/off_grid_electricity_run/scripts/pull_pvgis_115.py", line 144, in fetch_one
    .to_csv(hourly_path, index=False)
     ~~~~~~^^^^^^^^^^^^^^^^^^^^^^^^^^
  File "/Users/annayuen/Desktop/IECC/industrial_decarb/LCOH_EU_workflow/.venv/lib/python3.13/site-packages/pandas/core/generic.py", line 3988, in to_csv
    return DataFrameRenderer(formatter).to_csv(
           ~~~~~~~~~~~~~~~~~~~~~~~~~~~~~~~~~~~^
        path_or_buf,
        ^^^^^^^^^^^^
    ...<14 lines>...
        storage_options=storage_options,
        ^^^^^^^^^^^^^^^^^^^^^^^^^^^^^^^^
    )
    ^
  File "/Users/annayuen/Desktop/IECC/industrial_decarb/LCOH_EU_workflow/.venv/lib/python3.13/site-packages/pandas/io/formats/format.py", line 1025, in to_csv
    csv_formatter.save()
    ~~~~~~~~~~~~~~~~~~^^
  File "/Users/annayuen/Desktop/IECC/industrial_decarb/LCOH_EU_workflow/.venv/lib/python3.13/site-packages/pandas/io/formats/csvs.py", line 251, in save
    with get_handle(
         ~~~~~~~~~~^
        self.filepath_or_buffer,
        ^^^^^^^^^^^^^^^^^^^^^^^^
    ...<4 lines>...
        storage_options=self.storage_options,
        ^^^^^^^^^^^^^^^^^^^^^^^^^^^^^^^^^^^^^
    ) as handles:
    ^
  File "/Users/annayuen/Desktop/IECC/industrial_decarb/LCOH_EU_workflow/.venv/lib/python3.13/site-packages/pandas/io/common.py", line 797, in get_handle
    check_parent_directory(str(handle))
    ~~~~~~~~~~~~~~~~~~~~~~^^^^^^^^^^^^^
  File "/Users/annayuen/Desktop/IECC/industrial_decarb/LCOH_EU_workflow/.venv/lib/python3.13/site-packages/pandas/io/common.py", line 656, in check_parent_directory
    raise OSError(rf"Cannot save file into a non-existent directory: '{parent}'")
OSError: Cannot save file into a non-existent directory: '/Users/annayuen/Desktop/IECC/industrial_decarb/LCOH_EU_workflow/off_grid_electricity_run/outputs/pvgis_hourly/PL.MŚ'
2026-06-01 16:51:42,928 ERROR [ES.CAED/001562000.FACILITY] unexpected error: Cannot save file into a non-existent directory: '/Users/annayuen/Desktop/IECC/industrial_decarb/LCOH_EU_workflow/off_grid_electricity_run/outputs/pvgis_hourly/ES.CAED'
Traceback (most recent call last):
  File "/Users/annayuen/Desktop/IECC/industrial_decarb/LCOH_EU_workflow/off_grid_electricity_run/scripts/pull_pvgis_115.py", line 144, in fetch_one
    .to_csv(hourly_path, index=False)
     ~~~~~~^^^^^^^^^^^^^^^^^^^^^^^^^^
  File "/Users/annayuen/Desktop/IECC/industrial_decarb/LCOH_EU_workflow/.venv/lib/python3.13/site-packages/pandas/core/generic.py", line 3988, in to_csv
    return DataFrameRenderer(formatter).to_csv(
           ~~~~~~~~~~~~~~~~~~~~~~~~~~~~~~~~~~~^
        path_or_buf,
        ^^^^^^^^^^^^
    ...<14 lines>...
        storage_options=storage_options,
        ^^^^^^^^^^^^^^^^^^^^^^^^^^^^^^^^
    )
    ^
  File "/Users/annayuen/Desktop/IECC/industrial_decarb/LCOH_EU_workflow/.venv/lib/python3.13/site-packages/pandas/io/formats/format.py", line 1025, in to_csv
    csv_formatter.save()
    ~~~~~~~~~~~~~~~~~~^^
  File "/Users/annayuen/Desktop/IECC/industrial_decarb/LCOH_EU_workflow/.venv/lib/python3.13/site-packages/pandas/io/formats/csvs.py", line 251, in save
    with get_handle(
         ~~~~~~~~~~^
        self.filepath_or_buffer,
        ^^^^^^^^^^^^^^^^^^^^^^^^
    ...<4 lines>...
        storage_options=self.storage_options,
        ^^^^^^^^^^^^^^^^^^^^^^^^^^^^^^^^^^^^^
    ) as handles:
    ^
  File "/Users/annayuen/Desktop/IECC/industrial_decarb/LCOH_EU_workflow/.venv/lib/python3.13/site-packages/pandas/io/common.py", line 797, in get_handle
    check_parent_directory(str(handle))
    ~~~~~~~~~~~~~~~~~~~~~~^^^^^^^^^^^^^
  File "/Users/annayuen/Desktop/IECC/industrial_decarb/LCOH_EU_workflow/.venv/lib/python3.13/site-packages/pandas/io/common.py", line 656, in check_parent_directory
    raise OSError(rf"Cannot save file into a non-existent directory: '{parent}'")
OSError: Cannot save file into a non-existent directory: '/Users/annayuen/Desktop/IECC/industrial_decarb/LCOH_EU_workflow/off_grid_electricity_run/outputs/pvgis_hourly/ES.CAED'
2026-06-01 16:51:42,928 ERROR [ES.CAED/002716000.FACILITY] unexpected error: Cannot save file into a non-existent directory: '/Users/annayuen/Desktop/IECC/industrial_decarb/LCOH_EU_workflow/off_grid_electricity_run/outputs/pvgis_hourly/ES.CAED'
Traceback (most recent call last):
  File "/Users/annayuen/Desktop/IECC/industrial_decarb/LCOH_EU_workflow/off_grid_electricity_run/scripts/pull_pvgis_115.py", line 144, in fetch_one
    .to_csv(hourly_path, index=False)
     ~~~~~~^^^^^^^^^^^^^^^^^^^^^^^^^^
  File "/Users/annayuen/Desktop/IECC/industrial_decarb/LCOH_EU_workflow/.venv/lib/python3.13/site-packages/pandas/core/generic.py", line 3988, in to_csv
    return DataFrameRenderer(formatter).to_csv(
           ~~~~~~~~~~~~~~~~~~~~~~~~~~~~~~~~~~~^
        path_or_buf,
        ^^^^^^^^^^^^
    ...<14 lines>...
        storage_options=storage_options,
        ^^^^^^^^^^^^^^^^^^^^^^^^^^^^^^^^
    )
    ^
  File "/Users/annayuen/Desktop/IECC/industrial_decarb/LCOH_EU_workflow/.venv/lib/python3.13/site-packages/pandas/io/formats/format.py", line 1025, in to_csv
    csv_formatter.save()
    ~~~~~~~~~~~~~~~~~~^^
  File "/Users/annayuen/Desktop/IECC/industrial_decarb/LCOH_EU_workflow/.venv/lib/python3.13/site-packages/pandas/io/formats/csvs.py", line 251, in save
    with get_handle(
         ~~~~~~~~~~^
        self.filepath_or_buffer,
        ^^^^^^^^^^^^^^^^^^^^^^^^
    ...<4 lines>...
        storage_options=self.storage_options,
        ^^^^^^^^^^^^^^^^^^^^^^^^^^^^^^^^^^^^^
    ) as handles:
    ^
  File "/Users/annayuen/Desktop/IECC/industrial_decarb/LCOH_EU_workflow/.venv/lib/python3.13/site-packages/pandas/io/common.py", line 797, in get_handle
    check_parent_directory(str(handle))
    ~~~~~~~~~~~~~~~~~~~~~~^^^^^^^^^^^^^
  File "/Users/annayuen/Desktop/IECC/industrial_decarb/LCOH_EU_workflow/.venv/lib/python3.13/site-packages/pandas/io/common.py", line 656, in check_parent_directory
    raise OSError(rf"Cannot save file into a non-existent directory: '{parent}'")
OSError: Cannot save file into a non-existent directory: '/Users/annayuen/Desktop/IECC/industrial_decarb/LCOH_EU_workflow/off_grid_electricity_run/outputs/pvgis_hourly/ES.CAED'
2026-06-01 16:51:42,930 INFO [EL.CAED/100048.FACILITY] start  lat=38.3608 lon=22.6917  active=10
2026-06-01 16:51:42,930 INFO [21/115] FAIL  PL.MŚ/000000221.FACILITY  ETA 0:00:28.150650
2026-06-01 16:51:42,932 INFO [FR.CAED/5422.FACILITY] start  lat=45.6774 lon=4.8611  active=10
2026-06-01 16:51:42,934 INFO [IT.CAED/280691001.FACILITY] start  lat=45.4372 lon=8.7858  active=10
2026-06-01 16:51:42,934 INFO [22/115] FAIL  ES.CAED/001562000.FACILITY  ETA 0:00:26.600232
2026-06-01 16:51:42,935 INFO [23/115] FAIL  ES.CAED/002716000.FACILITY  ETA 0:00:25.174420
2026-06-01 16:51:43,020 ERROR [PL.MŚ/000000138.FACILITY] unexpected error: Cannot save file into a non-existent directory: '/Users/annayuen/Desktop/IECC/industrial_decarb/LCOH_EU_workflow/off_grid_electricity_run/outputs/pvgis_hourly/PL.MŚ'
Traceback (most recent call last):
  File "/Users/annayuen/Desktop/IECC/industrial_decarb/LCOH_EU_workflow/off_grid_electricity_run/scripts/pull_pvgis_115.py", line 144, in fetch_one
    .to_csv(hourly_path, index=False)
     ~~~~~~^^^^^^^^^^^^^^^^^^^^^^^^^^
  File "/Users/annayuen/Desktop/IECC/industrial_decarb/LCOH_EU_workflow/.venv/lib/python3.13/site-packages/pandas/core/generic.py", line 3988, in to_csv
    return DataFrameRenderer(formatter).to_csv(
           ~~~~~~~~~~~~~~~~~~~~~~~~~~~~~~~~~~~^
        path_or_buf,
        ^^^^^^^^^^^^
    ...<14 lines>...
        storage_options=storage_options,
        ^^^^^^^^^^^^^^^^^^^^^^^^^^^^^^^^
    )
    ^
  File "/Users/annayuen/Desktop/IECC/industrial_decarb/LCOH_EU_workflow/.venv/lib/python3.13/site-packages/pandas/io/formats/format.py", line 1025, in to_csv
    csv_formatter.save()
    ~~~~~~~~~~~~~~~~~~^^
  File "/Users/annayuen/Desktop/IECC/industrial_decarb/LCOH_EU_workflow/.venv/lib/python3.13/site-packages/pandas/io/formats/csvs.py", line 251, in save
    with get_handle(
         ~~~~~~~~~~^
        self.filepath_or_buffer,
        ^^^^^^^^^^^^^^^^^^^^^^^^
    ...<4 lines>...
        storage_options=self.storage_options,
        ^^^^^^^^^^^^^^^^^^^^^^^^^^^^^^^^^^^^^
    ) as handles:
    ^
  File "/Users/annayuen/Desktop/IECC/industrial_decarb/LCOH_EU_workflow/.venv/lib/python3.13/site-packages/pandas/io/common.py", line 797, in get_handle
    check_parent_directory(str(handle))
    ~~~~~~~~~~~~~~~~~~~~~~^^^^^^^^^^^^^
  File "/Users/annayuen/Desktop/IECC/industrial_decarb/LCOH_EU_workflow/.venv/lib/python3.13/site-packages/pandas/io/common.py", line 656, in check_parent_directory
    raise OSError(rf"Cannot save file into a non-existent directory: '{parent}'")
OSError: Cannot save file into a non-existent directory: '/Users/annayuen/Desktop/IECC/industrial_decarb/LCOH_EU_workflow/off_grid_electricity_run/outputs/pvgis_hourly/PL.MŚ'
2026-06-01 16:51:43,022 INFO [IT.CAED/960101006.FACILITY] start  lat=37.2191 lon=15.1752  active=10
2026-06-01 16:51:43,023 INFO [24/115] FAIL  PL.MŚ/000000138.FACILITY  ETA 0:00:24.196172
2026-06-01 16:51:43,029 ERROR [ES.CAED/001526000.FACILITY] unexpected error: Cannot save file into a non-existent directory: '/Users/annayuen/Desktop/IECC/industrial_decarb/LCOH_EU_workflow/off_grid_electricity_run/outputs/pvgis_hourly/ES.CAED'
Traceback (most recent call last):
  File "/Users/annayuen/Desktop/IECC/industrial_decarb/LCOH_EU_workflow/off_grid_electricity_run/scripts/pull_pvgis_115.py", line 144, in fetch_one
    .to_csv(hourly_path, index=False)
     ~~~~~~^^^^^^^^^^^^^^^^^^^^^^^^^^
  File "/Users/annayuen/Desktop/IECC/industrial_decarb/LCOH_EU_workflow/.venv/lib/python3.13/site-packages/pandas/core/generic.py", line 3988, in to_csv
    return DataFrameRenderer(formatter).to_csv(
           ~~~~~~~~~~~~~~~~~~~~~~~~~~~~~~~~~~~^
        path_or_buf,
        ^^^^^^^^^^^^
    ...<14 lines>...
        storage_options=storage_options,
        ^^^^^^^^^^^^^^^^^^^^^^^^^^^^^^^^
    )
    ^
  File "/Users/annayuen/Desktop/IECC/industrial_decarb/LCOH_EU_workflow/.venv/lib/python3.13/site-packages/pandas/io/formats/format.py", line 1025, in to_csv
    csv_formatter.save()
    ~~~~~~~~~~~~~~~~~~^^
  File "/Users/annayuen/Desktop/IECC/industrial_decarb/LCOH_EU_workflow/.venv/lib/python3.13/site-packages/pandas/io/formats/csvs.py", line 251, in save
    with get_handle(
         ~~~~~~~~~~^
        self.filepath_or_buffer,
        ^^^^^^^^^^^^^^^^^^^^^^^^
    ...<4 lines>...
        storage_options=self.storage_options,
        ^^^^^^^^^^^^^^^^^^^^^^^^^^^^^^^^^^^^^
    ) as handles:
    ^
  File "/Users/annayuen/Desktop/IECC/industrial_decarb/LCOH_EU_workflow/.venv/lib/python3.13/site-packages/pandas/io/common.py", line 797, in get_handle
    check_parent_directory(str(handle))
    ~~~~~~~~~~~~~~~~~~~~~~^^^^^^^^^^^^^
  File "/Users/annayuen/Desktop/IECC/industrial_decarb/LCOH_EU_workflow/.venv/lib/python3.13/site-packages/pandas/io/common.py", line 656, in check_parent_directory
    raise OSError(rf"Cannot save file into a non-existent directory: '{parent}'")
OSError: Cannot save file into a non-existent directory: '/Users/annayuen/Desktop/IECC/industrial_decarb/LCOH_EU_workflow/off_grid_electricity_run/outputs/pvgis_hourly/ES.CAED'
2026-06-01 16:51:43,031 INFO [FR.CAED/788.FACILITY] start  lat=43.8314 lon=-0.8263  active=10
2026-06-01 16:51:43,031 INFO [25/115] FAIL  ES.CAED/001526000.FACILITY  ETA 0:00:23.004180
2026-06-01 16:51:43,036 ERROR [FR.CAED/5914.FACILITY] unexpected error: Cannot save file into a non-existent directory: '/Users/annayuen/Desktop/IECC/industrial_decarb/LCOH_EU_workflow/off_grid_electricity_run/outputs/pvgis_hourly/FR.CAED'
Traceback (most recent call last):
  File "/Users/annayuen/Desktop/IECC/industrial_decarb/LCOH_EU_workflow/off_grid_electricity_run/scripts/pull_pvgis_115.py", line 144, in fetch_one
    .to_csv(hourly_path, index=False)
     ~~~~~~^^^^^^^^^^^^^^^^^^^^^^^^^^
  File "/Users/annayuen/Desktop/IECC/industrial_decarb/LCOH_EU_workflow/.venv/lib/python3.13/site-packages/pandas/core/generic.py", line 3988, in to_csv
    return DataFrameRenderer(formatter).to_csv(
           ~~~~~~~~~~~~~~~~~~~~~~~~~~~~~~~~~~~^
        path_or_buf,
        ^^^^^^^^^^^^
    ...<14 lines>...
        storage_options=storage_options,
        ^^^^^^^^^^^^^^^^^^^^^^^^^^^^^^^^
    )
    ^
  File "/Users/annayuen/Desktop/IECC/industrial_decarb/LCOH_EU_workflow/.venv/lib/python3.13/site-packages/pandas/io/formats/format.py", line 1025, in to_csv
    csv_formatter.save()
    ~~~~~~~~~~~~~~~~~~^^
  File "/Users/annayuen/Desktop/IECC/industrial_decarb/LCOH_EU_workflow/.venv/lib/python3.13/site-packages/pandas/io/formats/csvs.py", line 251, in save
    with get_handle(
         ~~~~~~~~~~^
        self.filepath_or_buffer,
        ^^^^^^^^^^^^^^^^^^^^^^^^
    ...<4 lines>...
        storage_options=self.storage_options,
        ^^^^^^^^^^^^^^^^^^^^^^^^^^^^^^^^^^^^^
    ) as handles:
    ^
  File "/Users/annayuen/Desktop/IECC/industrial_decarb/LCOH_EU_workflow/.venv/lib/python3.13/site-packages/pandas/io/common.py", line 797, in get_handle
    check_parent_directory(str(handle))
    ~~~~~~~~~~~~~~~~~~~~~~^^^^^^^^^^^^^
  File "/Users/annayuen/Desktop/IECC/industrial_decarb/LCOH_EU_workflow/.venv/lib/python3.13/site-packages/pandas/io/common.py", line 656, in check_parent_directory
    raise OSError(rf"Cannot save file into a non-existent directory: '{parent}'")
OSError: Cannot save file into a non-existent directory: '/Users/annayuen/Desktop/IECC/industrial_decarb/LCOH_EU_workflow/off_grid_electricity_run/outputs/pvgis_hourly/FR.CAED'
2026-06-01 16:51:43,038 INFO [PL.MŚ/000000068.FACILITY] start  lat=52.8368 lon=17.9896  active=10
2026-06-01 16:51:43,038 INFO [26/115] FAIL  FR.CAED/5914.FACILITY  ETA 0:00:21.895691
2026-06-01 16:51:43,139 ERROR [ES.CAED/002761000.FACILITY] unexpected error: Cannot save file into a non-existent directory: '/Users/annayuen/Desktop/IECC/industrial_decarb/LCOH_EU_workflow/off_grid_electricity_run/outputs/pvgis_hourly/ES.CAED'
Traceback (most recent call last):
  File "/Users/annayuen/Desktop/IECC/industrial_decarb/LCOH_EU_workflow/off_grid_electricity_run/scripts/pull_pvgis_115.py", line 144, in fetch_one
    .to_csv(hourly_path, index=False)
     ~~~~~~^^^^^^^^^^^^^^^^^^^^^^^^^^
  File "/Users/annayuen/Desktop/IECC/industrial_decarb/LCOH_EU_workflow/.venv/lib/python3.13/site-packages/pandas/core/generic.py", line 3988, in to_csv
    return DataFrameRenderer(formatter).to_csv(
           ~~~~~~~~~~~~~~~~~~~~~~~~~~~~~~~~~~~^
        path_or_buf,
        ^^^^^^^^^^^^
    ...<14 lines>...
        storage_options=storage_options,
        ^^^^^^^^^^^^^^^^^^^^^^^^^^^^^^^^
    )
    ^
  File "/Users/annayuen/Desktop/IECC/industrial_decarb/LCOH_EU_workflow/.venv/lib/python3.13/site-packages/pandas/io/formats/format.py", line 1025, in to_csv
    csv_formatter.save()
    ~~~~~~~~~~~~~~~~~~^^
  File "/Users/annayuen/Desktop/IECC/industrial_decarb/LCOH_EU_workflow/.venv/lib/python3.13/site-packages/pandas/io/formats/csvs.py", line 251, in save
    with get_handle(
         ~~~~~~~~~~^
        self.filepath_or_buffer,
        ^^^^^^^^^^^^^^^^^^^^^^^^
    ...<4 lines>...
        storage_options=self.storage_options,
        ^^^^^^^^^^^^^^^^^^^^^^^^^^^^^^^^^^^^^
    ) as handles:
    ^
  File "/Users/annayuen/Desktop/IECC/industrial_decarb/LCOH_EU_workflow/.venv/lib/python3.13/site-packages/pandas/io/common.py", line 797, in get_handle
    check_parent_directory(str(handle))
    ~~~~~~~~~~~~~~~~~~~~~~^^^^^^^^^^^^^
  File "/Users/annayuen/Desktop/IECC/industrial_decarb/LCOH_EU_workflow/.venv/lib/python3.13/site-packages/pandas/io/common.py", line 656, in check_parent_directory
    raise OSError(rf"Cannot save file into a non-existent directory: '{parent}'")
OSError: Cannot save file into a non-existent directory: '/Users/annayuen/Desktop/IECC/industrial_decarb/LCOH_EU_workflow/off_grid_electricity_run/outputs/pvgis_hourly/ES.CAED'
2026-06-01 16:51:43,142 INFO [ES.CAED/000704000.FACILITY] start  lat=39.9767 lon=0.0146  active=10
2026-06-01 16:51:43,142 INFO [27/115] FAIL  ES.CAED/002761000.FACILITY  ETA 0:00:21.189080
2026-06-01 16:51:43,149 ERROR [FR.CAED/6144.FACILITY] unexpected error: Cannot save file into a non-existent directory: '/Users/annayuen/Desktop/IECC/industrial_decarb/LCOH_EU_workflow/off_grid_electricity_run/outputs/pvgis_hourly/FR.CAED'
Traceback (most recent call last):
  File "/Users/annayuen/Desktop/IECC/industrial_decarb/LCOH_EU_workflow/off_grid_electricity_run/scripts/pull_pvgis_115.py", line 144, in fetch_one
    .to_csv(hourly_path, index=False)
     ~~~~~~^^^^^^^^^^^^^^^^^^^^^^^^^^
  File "/Users/annayuen/Desktop/IECC/industrial_decarb/LCOH_EU_workflow/.venv/lib/python3.13/site-packages/pandas/core/generic.py", line 3988, in to_csv
    return DataFrameRenderer(formatter).to_csv(
           ~~~~~~~~~~~~~~~~~~~~~~~~~~~~~~~~~~~^
        path_or_buf,
        ^^^^^^^^^^^^
    ...<14 lines>...
        storage_options=storage_options,
        ^^^^^^^^^^^^^^^^^^^^^^^^^^^^^^^^
    )
    ^
  File "/Users/annayuen/Desktop/IECC/industrial_decarb/LCOH_EU_workflow/.venv/lib/python3.13/site-packages/pandas/io/formats/format.py", line 1025, in to_csv
    csv_formatter.save()
    ~~~~~~~~~~~~~~~~~~^^
  File "/Users/annayuen/Desktop/IECC/industrial_decarb/LCOH_EU_workflow/.venv/lib/python3.13/site-packages/pandas/io/formats/csvs.py", line 251, in save
    with get_handle(
         ~~~~~~~~~~^
        self.filepath_or_buffer,
        ^^^^^^^^^^^^^^^^^^^^^^^^
    ...<4 lines>...
        storage_options=self.storage_options,
        ^^^^^^^^^^^^^^^^^^^^^^^^^^^^^^^^^^^^^
    ) as handles:
    ^
  File "/Users/annayuen/Desktop/IECC/industrial_decarb/LCOH_EU_workflow/.venv/lib/python3.13/site-packages/pandas/io/common.py", line 797, in get_handle
    check_parent_directory(str(handle))
    ~~~~~~~~~~~~~~~~~~~~~~^^^^^^^^^^^^^
  File "/Users/annayuen/Desktop/IECC/industrial_decarb/LCOH_EU_workflow/.venv/lib/python3.13/site-packages/pandas/io/common.py", line 656, in check_parent_directory
    raise OSError(rf"Cannot save file into a non-existent directory: '{parent}'")
OSError: Cannot save file into a non-existent directory: '/Users/annayuen/Desktop/IECC/industrial_decarb/LCOH_EU_workflow/off_grid_electricity_run/outputs/pvgis_hourly/FR.CAED'
2026-06-01 16:51:43,150 INFO [PL.MŚ/000000197.FACILITY] start  lat=52.7022 lon=18.9658  active=10
2026-06-01 16:51:43,151 INFO [28/115] FAIL  FR.CAED/6144.FACILITY  ETA 0:00:20.226195
2026-06-01 16:51:43,156 ERROR [FR.CAED/9415.FACILITY] unexpected error: Cannot save file into a non-existent directory: '/Users/annayuen/Desktop/IECC/industrial_decarb/LCOH_EU_workflow/off_grid_electricity_run/outputs/pvgis_hourly/FR.CAED'
Traceback (most recent call last):
  File "/Users/annayuen/Desktop/IECC/industrial_decarb/LCOH_EU_workflow/off_grid_electricity_run/scripts/pull_pvgis_115.py", line 144, in fetch_one
    .to_csv(hourly_path, index=False)
     ~~~~~~^^^^^^^^^^^^^^^^^^^^^^^^^^
  File "/Users/annayuen/Desktop/IECC/industrial_decarb/LCOH_EU_workflow/.venv/lib/python3.13/site-packages/pandas/core/generic.py", line 3988, in to_csv
    return DataFrameRenderer(formatter).to_csv(
           ~~~~~~~~~~~~~~~~~~~~~~~~~~~~~~~~~~~^
        path_or_buf,
        ^^^^^^^^^^^^
    ...<14 lines>...
        storage_options=storage_options,
        ^^^^^^^^^^^^^^^^^^^^^^^^^^^^^^^^
    )
    ^
  File "/Users/annayuen/Desktop/IECC/industrial_decarb/LCOH_EU_workflow/.venv/lib/python3.13/site-packages/pandas/io/formats/format.py", line 1025, in to_csv
    csv_formatter.save()
    ~~~~~~~~~~~~~~~~~~^^
  File "/Users/annayuen/Desktop/IECC/industrial_decarb/LCOH_EU_workflow/.venv/lib/python3.13/site-packages/pandas/io/formats/csvs.py", line 251, in save
    with get_handle(
         ~~~~~~~~~~^
        self.filepath_or_buffer,
        ^^^^^^^^^^^^^^^^^^^^^^^^
    ...<4 lines>...
        storage_options=self.storage_options,
        ^^^^^^^^^^^^^^^^^^^^^^^^^^^^^^^^^^^^^
    ) as handles:
    ^
  File "/Users/annayuen/Desktop/IECC/industrial_decarb/LCOH_EU_workflow/.venv/lib/python3.13/site-packages/pandas/io/common.py", line 797, in get_handle
    check_parent_directory(str(handle))
    ~~~~~~~~~~~~~~~~~~~~~~^^^^^^^^^^^^^
  File "/Users/annayuen/Desktop/IECC/industrial_decarb/LCOH_EU_workflow/.venv/lib/python3.13/site-packages/pandas/io/common.py", line 656, in check_parent_directory
    raise OSError(rf"Cannot save file into a non-existent directory: '{parent}'")
OSError: Cannot save file into a non-existent directory: '/Users/annayuen/Desktop/IECC/industrial_decarb/LCOH_EU_workflow/off_grid_electricity_run/outputs/pvgis_hourly/FR.CAED'
2026-06-01 16:51:43,157 INFO [FR.CAED/7656.FACILITY] start  lat=43.4655 lon=4.9366  active=10
2026-06-01 16:51:43,157 INFO [29/115] FAIL  FR.CAED/9415.FACILITY  ETA 0:00:19.323770
2026-06-01 16:51:43,209 ERROR [IT.CAED/090181001.FACILITY] unexpected error: Cannot save file into a non-existent directory: '/Users/annayuen/Desktop/IECC/industrial_decarb/LCOH_EU_workflow/off_grid_electricity_run/outputs/pvgis_hourly/IT.CAED'
Traceback (most recent call last):
  File "/Users/annayuen/Desktop/IECC/industrial_decarb/LCOH_EU_workflow/off_grid_electricity_run/scripts/pull_pvgis_115.py", line 144, in fetch_one
    .to_csv(hourly_path, index=False)
     ~~~~~~^^^^^^^^^^^^^^^^^^^^^^^^^^
  File "/Users/annayuen/Desktop/IECC/industrial_decarb/LCOH_EU_workflow/.venv/lib/python3.13/site-packages/pandas/core/generic.py", line 3988, in to_csv
    return DataFrameRenderer(formatter).to_csv(
           ~~~~~~~~~~~~~~~~~~~~~~~~~~~~~~~~~~~^
        path_or_buf,
        ^^^^^^^^^^^^
    ...<14 lines>...
        storage_options=storage_options,
        ^^^^^^^^^^^^^^^^^^^^^^^^^^^^^^^^
    )
    ^
  File "/Users/annayuen/Desktop/IECC/industrial_decarb/LCOH_EU_workflow/.venv/lib/python3.13/site-packages/pandas/io/formats/format.py", line 1025, in to_csv
    csv_formatter.save()
    ~~~~~~~~~~~~~~~~~~^^
  File "/Users/annayuen/Desktop/IECC/industrial_decarb/LCOH_EU_workflow/.venv/lib/python3.13/site-packages/pandas/io/formats/csvs.py", line 251, in save
    with get_handle(
         ~~~~~~~~~~^
        self.filepath_or_buffer,
        ^^^^^^^^^^^^^^^^^^^^^^^^
    ...<4 lines>...
        storage_options=self.storage_options,
        ^^^^^^^^^^^^^^^^^^^^^^^^^^^^^^^^^^^^^
    ) as handles:
    ^
  File "/Users/annayuen/Desktop/IECC/industrial_decarb/LCOH_EU_workflow/.venv/lib/python3.13/site-packages/pandas/io/common.py", line 797, in get_handle
    check_parent_directory(str(handle))
    ~~~~~~~~~~~~~~~~~~~~~~^^^^^^^^^^^^^
  File "/Users/annayuen/Desktop/IECC/industrial_decarb/LCOH_EU_workflow/.venv/lib/python3.13/site-packages/pandas/io/common.py", line 656, in check_parent_directory
    raise OSError(rf"Cannot save file into a non-existent directory: '{parent}'")
OSError: Cannot save file into a non-existent directory: '/Users/annayuen/Desktop/IECC/industrial_decarb/LCOH_EU_workflow/off_grid_electricity_run/outputs/pvgis_hourly/IT.CAED'
2026-06-01 16:51:43,211 INFO [FR.CAED/9517.FACILITY] start  lat=48.1668 lon=7.5936  active=10
2026-06-01 16:51:43,211 INFO [30/115] FAIL  IT.CAED/090181001.FACILITY  ETA 0:00:18.614235
2026-06-01 16:51:44,711 ERROR [IT.CAED/280691001.FACILITY] unexpected error: Cannot save file into a non-existent directory: '/Users/annayuen/Desktop/IECC/industrial_decarb/LCOH_EU_workflow/off_grid_electricity_run/outputs/pvgis_hourly/IT.CAED'
Traceback (most recent call last):
  File "/Users/annayuen/Desktop/IECC/industrial_decarb/LCOH_EU_workflow/off_grid_electricity_run/scripts/pull_pvgis_115.py", line 144, in fetch_one
    .to_csv(hourly_path, index=False)
     ~~~~~~^^^^^^^^^^^^^^^^^^^^^^^^^^
  File "/Users/annayuen/Desktop/IECC/industrial_decarb/LCOH_EU_workflow/.venv/lib/python3.13/site-packages/pandas/core/generic.py", line 3988, in to_csv
    return DataFrameRenderer(formatter).to_csv(
           ~~~~~~~~~~~~~~~~~~~~~~~~~~~~~~~~~~~^
        path_or_buf,
        ^^^^^^^^^^^^
    ...<14 lines>...
        storage_options=storage_options,
        ^^^^^^^^^^^^^^^^^^^^^^^^^^^^^^^^
    )
    ^
  File "/Users/annayuen/Desktop/IECC/industrial_decarb/LCOH_EU_workflow/.venv/lib/python3.13/site-packages/pandas/io/formats/format.py", line 1025, in to_csv
    csv_formatter.save()
    ~~~~~~~~~~~~~~~~~~^^
  File "/Users/annayuen/Desktop/IECC/industrial_decarb/LCOH_EU_workflow/.venv/lib/python3.13/site-packages/pandas/io/formats/csvs.py", line 251, in save
    with get_handle(
         ~~~~~~~~~~^
        self.filepath_or_buffer,
        ^^^^^^^^^^^^^^^^^^^^^^^^
    ...<4 lines>...
        storage_options=self.storage_options,
        ^^^^^^^^^^^^^^^^^^^^^^^^^^^^^^^^^^^^^
    ) as handles:
    ^
  File "/Users/annayuen/Desktop/IECC/industrial_decarb/LCOH_EU_workflow/.venv/lib/python3.13/site-packages/pandas/io/common.py", line 797, in get_handle
    check_parent_directory(str(handle))
    ~~~~~~~~~~~~~~~~~~~~~~^^^^^^^^^^^^^
  File "/Users/annayuen/Desktop/IECC/industrial_decarb/LCOH_EU_workflow/.venv/lib/python3.13/site-packages/pandas/io/common.py", line 656, in check_parent_directory
    raise OSError(rf"Cannot save file into a non-existent directory: '{parent}'")
OSError: Cannot save file into a non-existent directory: '/Users/annayuen/Desktop/IECC/industrial_decarb/LCOH_EU_workflow/off_grid_electricity_run/outputs/pvgis_hourly/IT.CAED'
2026-06-01 16:51:44,712 ERROR [FR.CAED/5422.FACILITY] unexpected error: Cannot save file into a non-existent directory: '/Users/annayuen/Desktop/IECC/industrial_decarb/LCOH_EU_workflow/off_grid_electricity_run/outputs/pvgis_hourly/FR.CAED'
Traceback (most recent call last):
  File "/Users/annayuen/Desktop/IECC/industrial_decarb/LCOH_EU_workflow/off_grid_electricity_run/scripts/pull_pvgis_115.py", line 144, in fetch_one
    .to_csv(hourly_path, index=False)
     ~~~~~~^^^^^^^^^^^^^^^^^^^^^^^^^^
  File "/Users/annayuen/Desktop/IECC/industrial_decarb/LCOH_EU_workflow/.venv/lib/python3.13/site-packages/pandas/core/generic.py", line 3988, in to_csv
    return DataFrameRenderer(formatter).to_csv(
           ~~~~~~~~~~~~~~~~~~~~~~~~~~~~~~~~~~~^
        path_or_buf,
        ^^^^^^^^^^^^
    ...<14 lines>...
        storage_options=storage_options,
        ^^^^^^^^^^^^^^^^^^^^^^^^^^^^^^^^
    )
    ^
  File "/Users/annayuen/Desktop/IECC/industrial_decarb/LCOH_EU_workflow/.venv/lib/python3.13/site-packages/pandas/io/formats/format.py", line 1025, in to_csv
    csv_formatter.save()
    ~~~~~~~~~~~~~~~~~~^^
  File "/Users/annayuen/Desktop/IECC/industrial_decarb/LCOH_EU_workflow/.venv/lib/python3.13/site-packages/pandas/io/formats/csvs.py", line 251, in save
    with get_handle(
         ~~~~~~~~~~^
        self.filepath_or_buffer,
        ^^^^^^^^^^^^^^^^^^^^^^^^
    ...<4 lines>...
        storage_options=self.storage_options,
        ^^^^^^^^^^^^^^^^^^^^^^^^^^^^^^^^^^^^^
    ) as handles:
    ^
  File "/Users/annayuen/Desktop/IECC/industrial_decarb/LCOH_EU_workflow/.venv/lib/python3.13/site-packages/pandas/io/common.py", line 797, in get_handle
    check_parent_directory(str(handle))
    ~~~~~~~~~~~~~~~~~~~~~~^^^^^^^^^^^^^
  File "/Users/annayuen/Desktop/IECC/industrial_decarb/LCOH_EU_workflow/.venv/lib/python3.13/site-packages/pandas/io/common.py", line 656, in check_parent_directory
    raise OSError(rf"Cannot save file into a non-existent directory: '{parent}'")
OSError: Cannot save file into a non-existent directory: '/Users/annayuen/Desktop/IECC/industrial_decarb/LCOH_EU_workflow/off_grid_electricity_run/outputs/pvgis_hourly/FR.CAED'
2026-06-01 16:51:44,714 INFO [PL.MŚ/000000278.FACILITY] start  lat=51.1824 lon=16.1176  active=10
2026-06-01 16:51:44,714 INFO [31/115] FAIL  IT.CAED/280691001.FACILITY  ETA 0:00:21.874524
2026-06-01 16:51:44,716 INFO [FR.CAED/11135.FACILITY] start  lat=50.6340 lon=2.6759  active=10
2026-06-01 16:51:44,716 INFO [32/115] FAIL  FR.CAED/5422.FACILITY  ETA 0:00:20.943639
2026-06-01 16:51:44,792 ERROR [IT.CAED/960101006.FACILITY] unexpected error: Cannot save file into a non-existent directory: '/Users/annayuen/Desktop/IECC/industrial_decarb/LCOH_EU_workflow/off_grid_electricity_run/outputs/pvgis_hourly/IT.CAED'
Traceback (most recent call last):
  File "/Users/annayuen/Desktop/IECC/industrial_decarb/LCOH_EU_workflow/off_grid_electricity_run/scripts/pull_pvgis_115.py", line 144, in fetch_one
    .to_csv(hourly_path, index=False)
     ~~~~~~^^^^^^^^^^^^^^^^^^^^^^^^^^
  File "/Users/annayuen/Desktop/IECC/industrial_decarb/LCOH_EU_workflow/.venv/lib/python3.13/site-packages/pandas/core/generic.py", line 3988, in to_csv
    return DataFrameRenderer(formatter).to_csv(
           ~~~~~~~~~~~~~~~~~~~~~~~~~~~~~~~~~~~^
        path_or_buf,
        ^^^^^^^^^^^^
    ...<14 lines>...
        storage_options=storage_options,
        ^^^^^^^^^^^^^^^^^^^^^^^^^^^^^^^^
    )
    ^
  File "/Users/annayuen/Desktop/IECC/industrial_decarb/LCOH_EU_workflow/.venv/lib/python3.13/site-packages/pandas/io/formats/format.py", line 1025, in to_csv
    csv_formatter.save()
    ~~~~~~~~~~~~~~~~~~^^
  File "/Users/annayuen/Desktop/IECC/industrial_decarb/LCOH_EU_workflow/.venv/lib/python3.13/site-packages/pandas/io/formats/csvs.py", line 251, in save
    with get_handle(
         ~~~~~~~~~~^
        self.filepath_or_buffer,
        ^^^^^^^^^^^^^^^^^^^^^^^^
    ...<4 lines>...
        storage_options=self.storage_options,
        ^^^^^^^^^^^^^^^^^^^^^^^^^^^^^^^^^^^^^
    ) as handles:
    ^
  File "/Users/annayuen/Desktop/IECC/industrial_decarb/LCOH_EU_workflow/.venv/lib/python3.13/site-packages/pandas/io/common.py", line 797, in get_handle
    check_parent_directory(str(handle))
    ~~~~~~~~~~~~~~~~~~~~~~^^^^^^^^^^^^^
  File "/Users/annayuen/Desktop/IECC/industrial_decarb/LCOH_EU_workflow/.venv/lib/python3.13/site-packages/pandas/io/common.py", line 656, in check_parent_directory
    raise OSError(rf"Cannot save file into a non-existent directory: '{parent}'")
OSError: Cannot save file into a non-existent directory: '/Users/annayuen/Desktop/IECC/industrial_decarb/LCOH_EU_workflow/off_grid_electricity_run/outputs/pvgis_hourly/IT.CAED'
2026-06-01 16:51:44,794 INFO [PL.MŚ/000000212.FACILITY] start  lat=50.3070 lon=21.4709  active=10
2026-06-01 16:51:44,794 INFO [33/115] FAIL  IT.CAED/960101006.FACILITY  ETA 0:00:20.258018
2026-06-01 16:51:44,802 ERROR [EL.CAED/100048.FACILITY] unexpected error: Cannot save file into a non-existent directory: '/Users/annayuen/Desktop/IECC/industrial_decarb/LCOH_EU_workflow/off_grid_electricity_run/outputs/pvgis_hourly/EL.CAED'
Traceback (most recent call last):
  File "/Users/annayuen/Desktop/IECC/industrial_decarb/LCOH_EU_workflow/off_grid_electricity_run/scripts/pull_pvgis_115.py", line 144, in fetch_one
    .to_csv(hourly_path, index=False)
     ~~~~~~^^^^^^^^^^^^^^^^^^^^^^^^^^
  File "/Users/annayuen/Desktop/IECC/industrial_decarb/LCOH_EU_workflow/.venv/lib/python3.13/site-packages/pandas/core/generic.py", line 3988, in to_csv
    return DataFrameRenderer(formatter).to_csv(
           ~~~~~~~~~~~~~~~~~~~~~~~~~~~~~~~~~~~^
        path_or_buf,
        ^^^^^^^^^^^^
    ...<14 lines>...
        storage_options=storage_options,
        ^^^^^^^^^^^^^^^^^^^^^^^^^^^^^^^^
    )
    ^
  File "/Users/annayuen/Desktop/IECC/industrial_decarb/LCOH_EU_workflow/.venv/lib/python3.13/site-packages/pandas/io/formats/format.py", line 1025, in to_csv
    csv_formatter.save()
    ~~~~~~~~~~~~~~~~~~^^
  File "/Users/annayuen/Desktop/IECC/industrial_decarb/LCOH_EU_workflow/.venv/lib/python3.13/site-packages/pandas/io/formats/csvs.py", line 251, in save
    with get_handle(
         ~~~~~~~~~~^
        self.filepath_or_buffer,
        ^^^^^^^^^^^^^^^^^^^^^^^^
    ...<4 lines>...
        storage_options=self.storage_options,
        ^^^^^^^^^^^^^^^^^^^^^^^^^^^^^^^^^^^^^
    ) as handles:
    ^
  File "/Users/annayuen/Desktop/IECC/industrial_decarb/LCOH_EU_workflow/.venv/lib/python3.13/site-packages/pandas/io/common.py", line 797, in get_handle
    check_parent_directory(str(handle))
    ~~~~~~~~~~~~~~~~~~~~~~^^^^^^^^^^^^^
  File "/Users/annayuen/Desktop/IECC/industrial_decarb/LCOH_EU_workflow/.venv/lib/python3.13/site-packages/pandas/io/common.py", line 656, in check_parent_directory
    raise OSError(rf"Cannot save file into a non-existent directory: '{parent}'")
OSError: Cannot save file into a non-existent directory: '/Users/annayuen/Desktop/IECC/industrial_decarb/LCOH_EU_workflow/off_grid_electricity_run/outputs/pvgis_hourly/EL.CAED'
2026-06-01 16:51:44,803 INFO [FR.CAED/7646.FACILITY] start  lat=43.4483 lon=4.9311  active=10
2026-06-01 16:51:44,804 INFO [34/115] FAIL  EL.CAED/100048.FACILITY  ETA 0:00:19.446237
2026-06-01 16:51:45,011 ERROR [FR.CAED/7656.FACILITY] unexpected error: Cannot save file into a non-existent directory: '/Users/annayuen/Desktop/IECC/industrial_decarb/LCOH_EU_workflow/off_grid_electricity_run/outputs/pvgis_hourly/FR.CAED'
Traceback (most recent call last):
  File "/Users/annayuen/Desktop/IECC/industrial_decarb/LCOH_EU_workflow/off_grid_electricity_run/scripts/pull_pvgis_115.py", line 144, in fetch_one
    .to_csv(hourly_path, index=False)
     ~~~~~~^^^^^^^^^^^^^^^^^^^^^^^^^^
  File "/Users/annayuen/Desktop/IECC/industrial_decarb/LCOH_EU_workflow/.venv/lib/python3.13/site-packages/pandas/core/generic.py", line 3988, in to_csv
    return DataFrameRenderer(formatter).to_csv(
           ~~~~~~~~~~~~~~~~~~~~~~~~~~~~~~~~~~~^
        path_or_buf,
        ^^^^^^^^^^^^
    ...<14 lines>...
        storage_options=storage_options,
        ^^^^^^^^^^^^^^^^^^^^^^^^^^^^^^^^
    )
    ^
  File "/Users/annayuen/Desktop/IECC/industrial_decarb/LCOH_EU_workflow/.venv/lib/python3.13/site-packages/pandas/io/formats/format.py", line 1025, in to_csv
    csv_formatter.save()
    ~~~~~~~~~~~~~~~~~~^^
  File "/Users/annayuen/Desktop/IECC/industrial_decarb/LCOH_EU_workflow/.venv/lib/python3.13/site-packages/pandas/io/formats/csvs.py", line 251, in save
    with get_handle(
         ~~~~~~~~~~^
        self.filepath_or_buffer,
        ^^^^^^^^^^^^^^^^^^^^^^^^
    ...<4 lines>...
        storage_options=self.storage_options,
        ^^^^^^^^^^^^^^^^^^^^^^^^^^^^^^^^^^^^^
    ) as handles:
    ^
  File "/Users/annayuen/Desktop/IECC/industrial_decarb/LCOH_EU_workflow/.venv/lib/python3.13/site-packages/pandas/io/common.py", line 797, in get_handle
    check_parent_directory(str(handle))
    ~~~~~~~~~~~~~~~~~~~~~~^^^^^^^^^^^^^
  File "/Users/annayuen/Desktop/IECC/industrial_decarb/LCOH_EU_workflow/.venv/lib/python3.13/site-packages/pandas/io/common.py", line 656, in check_parent_directory
    raise OSError(rf"Cannot save file into a non-existent directory: '{parent}'")
OSError: Cannot save file into a non-existent directory: '/Users/annayuen/Desktop/IECC/industrial_decarb/LCOH_EU_workflow/off_grid_electricity_run/outputs/pvgis_hourly/FR.CAED'
2026-06-01 16:51:45,013 ERROR [PL.MŚ/000000068.FACILITY] unexpected error: Cannot save file into a non-existent directory: '/Users/annayuen/Desktop/IECC/industrial_decarb/LCOH_EU_workflow/off_grid_electricity_run/outputs/pvgis_hourly/PL.MŚ'
Traceback (most recent call last):
  File "/Users/annayuen/Desktop/IECC/industrial_decarb/LCOH_EU_workflow/off_grid_electricity_run/scripts/pull_pvgis_115.py", line 144, in fetch_one
    .to_csv(hourly_path, index=False)
     ~~~~~~^^^^^^^^^^^^^^^^^^^^^^^^^^
  File "/Users/annayuen/Desktop/IECC/industrial_decarb/LCOH_EU_workflow/.venv/lib/python3.13/site-packages/pandas/core/generic.py", line 3988, in to_csv
    return DataFrameRenderer(formatter).to_csv(
           ~~~~~~~~~~~~~~~~~~~~~~~~~~~~~~~~~~~^
        path_or_buf,
        ^^^^^^^^^^^^
    ...<14 lines>...
        storage_options=storage_options,
        ^^^^^^^^^^^^^^^^^^^^^^^^^^^^^^^^
    )
    ^
  File "/Users/annayuen/Desktop/IECC/industrial_decarb/LCOH_EU_workflow/.venv/lib/python3.13/site-packages/pandas/io/formats/format.py", line 1025, in to_csv
    csv_formatter.save()
    ~~~~~~~~~~~~~~~~~~^^
  File "/Users/annayuen/Desktop/IECC/industrial_decarb/LCOH_EU_workflow/.venv/lib/python3.13/site-packages/pandas/io/formats/csvs.py", line 251, in save
    with get_handle(
         ~~~~~~~~~~^
        self.filepath_or_buffer,
        ^^^^^^^^^^^^^^^^^^^^^^^^
    ...<4 lines>...
        storage_options=self.storage_options,
        ^^^^^^^^^^^^^^^^^^^^^^^^^^^^^^^^^^^^^
    ) as handles:
    ^
  File "/Users/annayuen/Desktop/IECC/industrial_decarb/LCOH_EU_workflow/.venv/lib/python3.13/site-packages/pandas/io/common.py", line 797, in get_handle
    check_parent_directory(str(handle))
    ~~~~~~~~~~~~~~~~~~~~~~^^^^^^^^^^^^^
  File "/Users/annayuen/Desktop/IECC/industrial_decarb/LCOH_EU_workflow/.venv/lib/python3.13/site-packages/pandas/io/common.py", line 656, in check_parent_directory
    raise OSError(rf"Cannot save file into a non-existent directory: '{parent}'")
OSError: Cannot save file into a non-existent directory: '/Users/annayuen/Desktop/IECC/industrial_decarb/LCOH_EU_workflow/off_grid_electricity_run/outputs/pvgis_hourly/PL.MŚ'
2026-06-01 16:51:45,013 ERROR [FR.CAED/788.FACILITY] unexpected error: Cannot save file into a non-existent directory: '/Users/annayuen/Desktop/IECC/industrial_decarb/LCOH_EU_workflow/off_grid_electricity_run/outputs/pvgis_hourly/FR.CAED'
Traceback (most recent call last):
  File "/Users/annayuen/Desktop/IECC/industrial_decarb/LCOH_EU_workflow/off_grid_electricity_run/scripts/pull_pvgis_115.py", line 144, in fetch_one
    .to_csv(hourly_path, index=False)
     ~~~~~~^^^^^^^^^^^^^^^^^^^^^^^^^^
  File "/Users/annayuen/Desktop/IECC/industrial_decarb/LCOH_EU_workflow/.venv/lib/python3.13/site-packages/pandas/core/generic.py", line 3988, in to_csv
    return DataFrameRenderer(formatter).to_csv(
           ~~~~~~~~~~~~~~~~~~~~~~~~~~~~~~~~~~~^
        path_or_buf,
        ^^^^^^^^^^^^
    ...<14 lines>...
        storage_options=storage_options,
        ^^^^^^^^^^^^^^^^^^^^^^^^^^^^^^^^
    )
    ^
  File "/Users/annayuen/Desktop/IECC/industrial_decarb/LCOH_EU_workflow/.venv/lib/python3.13/site-packages/pandas/io/formats/format.py", line 1025, in to_csv
    csv_formatter.save()
    ~~~~~~~~~~~~~~~~~~^^
  File "/Users/annayuen/Desktop/IECC/industrial_decarb/LCOH_EU_workflow/.venv/lib/python3.13/site-packages/pandas/io/formats/csvs.py", line 251, in save
    with get_handle(
         ~~~~~~~~~~^
        self.filepath_or_buffer,
        ^^^^^^^^^^^^^^^^^^^^^^^^
    ...<4 lines>...
        storage_options=self.storage_options,
        ^^^^^^^^^^^^^^^^^^^^^^^^^^^^^^^^^^^^^
    ) as handles:
    ^
  File "/Users/annayuen/Desktop/IECC/industrial_decarb/LCOH_EU_workflow/.venv/lib/python3.13/site-packages/pandas/io/common.py", line 797, in get_handle
    check_parent_directory(str(handle))
    ~~~~~~~~~~~~~~~~~~~~~~^^^^^^^^^^^^^
  File "/Users/annayuen/Desktop/IECC/industrial_decarb/LCOH_EU_workflow/.venv/lib/python3.13/site-packages/pandas/io/common.py", line 656, in check_parent_directory
    raise OSError(rf"Cannot save file into a non-existent directory: '{parent}'")
OSError: Cannot save file into a non-existent directory: '/Users/annayuen/Desktop/IECC/industrial_decarb/LCOH_EU_workflow/off_grid_electricity_run/outputs/pvgis_hourly/FR.CAED'
2026-06-01 16:51:45,015 INFO [FR.CAED/6155.FACILITY] start  lat=48.3367 lon=6.6565  active=10
2026-06-01 16:51:45,015 INFO [35/115] FAIL  FR.CAED/7656.FACILITY  ETA 0:00:19.141040
2026-06-01 16:51:45,017 INFO [FR.CAED/1260.FACILITY] start  lat=43.4147 lon=-0.6129  active=10
2026-06-01 16:51:45,018 INFO [FR.CAED/791.FACILITY] start  lat=43.9470 lon=-1.2987  active=10
2026-06-01 16:51:45,019 INFO [36/115] FAIL  PL.MŚ/000000068.FACILITY  ETA 0:00:18.384169
2026-06-01 16:51:45,020 INFO [37/115] FAIL  FR.CAED/788.FACILITY  ETA 0:00:17.662476
2026-06-01 16:51:45,124 ERROR [FR.CAED/9517.FACILITY] unexpected error: Cannot save file into a non-existent directory: '/Users/annayuen/Desktop/IECC/industrial_decarb/LCOH_EU_workflow/off_grid_electricity_run/outputs/pvgis_hourly/FR.CAED'
Traceback (most recent call last):
  File "/Users/annayuen/Desktop/IECC/industrial_decarb/LCOH_EU_workflow/off_grid_electricity_run/scripts/pull_pvgis_115.py", line 144, in fetch_one
    .to_csv(hourly_path, index=False)
     ~~~~~~^^^^^^^^^^^^^^^^^^^^^^^^^^
  File "/Users/annayuen/Desktop/IECC/industrial_decarb/LCOH_EU_workflow/.venv/lib/python3.13/site-packages/pandas/core/generic.py", line 3988, in to_csv
    return DataFrameRenderer(formatter).to_csv(
           ~~~~~~~~~~~~~~~~~~~~~~~~~~~~~~~~~~~^
        path_or_buf,
        ^^^^^^^^^^^^
    ...<14 lines>...
        storage_options=storage_options,
        ^^^^^^^^^^^^^^^^^^^^^^^^^^^^^^^^
    )
    ^
  File "/Users/annayuen/Desktop/IECC/industrial_decarb/LCOH_EU_workflow/.venv/lib/python3.13/site-packages/pandas/io/formats/format.py", line 1025, in to_csv
    csv_formatter.save()
    ~~~~~~~~~~~~~~~~~~^^
  File "/Users/annayuen/Desktop/IECC/industrial_decarb/LCOH_EU_workflow/.venv/lib/python3.13/site-packages/pandas/io/formats/csvs.py", line 251, in save
    with get_handle(
         ~~~~~~~~~~^
        self.filepath_or_buffer,
        ^^^^^^^^^^^^^^^^^^^^^^^^
    ...<4 lines>...
        storage_options=self.storage_options,
        ^^^^^^^^^^^^^^^^^^^^^^^^^^^^^^^^^^^^^
    ) as handles:
    ^
  File "/Users/annayuen/Desktop/IECC/industrial_decarb/LCOH_EU_workflow/.venv/lib/python3.13/site-packages/pandas/io/common.py", line 797, in get_handle
    check_parent_directory(str(handle))
    ~~~~~~~~~~~~~~~~~~~~~~^^^^^^^^^^^^^
  File "/Users/annayuen/Desktop/IECC/industrial_decarb/LCOH_EU_workflow/.venv/lib/python3.13/site-packages/pandas/io/common.py", line 656, in check_parent_directory
    raise OSError(rf"Cannot save file into a non-existent directory: '{parent}'")
OSError: Cannot save file into a non-existent directory: '/Users/annayuen/Desktop/IECC/industrial_decarb/LCOH_EU_workflow/off_grid_electricity_run/outputs/pvgis_hourly/FR.CAED'
2026-06-01 16:51:45,126 ERROR [ES.CAED/000704000.FACILITY] unexpected error: Cannot save file into a non-existent directory: '/Users/annayuen/Desktop/IECC/industrial_decarb/LCOH_EU_workflow/off_grid_electricity_run/outputs/pvgis_hourly/ES.CAED'
Traceback (most recent call last):
  File "/Users/annayuen/Desktop/IECC/industrial_decarb/LCOH_EU_workflow/off_grid_electricity_run/scripts/pull_pvgis_115.py", line 144, in fetch_one
    .to_csv(hourly_path, index=False)
     ~~~~~~^^^^^^^^^^^^^^^^^^^^^^^^^^
  File "/Users/annayuen/Desktop/IECC/industrial_decarb/LCOH_EU_workflow/.venv/lib/python3.13/site-packages/pandas/core/generic.py", line 3988, in to_csv
    return DataFrameRenderer(formatter).to_csv(
           ~~~~~~~~~~~~~~~~~~~~~~~~~~~~~~~~~~~^
        path_or_buf,
        ^^^^^^^^^^^^
    ...<14 lines>...
        storage_options=storage_options,
        ^^^^^^^^^^^^^^^^^^^^^^^^^^^^^^^^
    )
    ^
  File "/Users/annayuen/Desktop/IECC/industrial_decarb/LCOH_EU_workflow/.venv/lib/python3.13/site-packages/pandas/io/formats/format.py", line 1025, in to_csv
    csv_formatter.save()
    ~~~~~~~~~~~~~~~~~~^^
  File "/Users/annayuen/Desktop/IECC/industrial_decarb/LCOH_EU_workflow/.venv/lib/python3.13/site-packages/pandas/io/formats/csvs.py", line 251, in save
    with get_handle(
         ~~~~~~~~~~^
        self.filepath_or_buffer,
        ^^^^^^^^^^^^^^^^^^^^^^^^
    ...<4 lines>...
        storage_options=self.storage_options,
        ^^^^^^^^^^^^^^^^^^^^^^^^^^^^^^^^^^^^^
    ) as handles:
    ^
  File "/Users/annayuen/Desktop/IECC/industrial_decarb/LCOH_EU_workflow/.venv/lib/python3.13/site-packages/pandas/io/common.py", line 797, in get_handle
    check_parent_directory(str(handle))
    ~~~~~~~~~~~~~~~~~~~~~~^^^^^^^^^^^^^
  File "/Users/annayuen/Desktop/IECC/industrial_decarb/LCOH_EU_workflow/.venv/lib/python3.13/site-packages/pandas/io/common.py", line 656, in check_parent_directory
    raise OSError(rf"Cannot save file into a non-existent directory: '{parent}'")
OSError: Cannot save file into a non-existent directory: '/Users/annayuen/Desktop/IECC/industrial_decarb/LCOH_EU_workflow/off_grid_electricity_run/outputs/pvgis_hourly/ES.CAED'
2026-06-01 16:51:45,127 INFO [PL.MŚ/000000136.FACILITY] start  lat=50.9482 lon=21.4451  active=10
2026-06-01 16:51:45,128 ERROR [PL.MŚ/000000197.FACILITY] unexpected error: Cannot save file into a non-existent directory: '/Users/annayuen/Desktop/IECC/industrial_decarb/LCOH_EU_workflow/off_grid_electricity_run/outputs/pvgis_hourly/PL.MŚ'
Traceback (most recent call last):
  File "/Users/annayuen/Desktop/IECC/industrial_decarb/LCOH_EU_workflow/off_grid_electricity_run/scripts/pull_pvgis_115.py", line 144, in fetch_one
    .to_csv(hourly_path, index=False)
     ~~~~~~^^^^^^^^^^^^^^^^^^^^^^^^^^
  File "/Users/annayuen/Desktop/IECC/industrial_decarb/LCOH_EU_workflow/.venv/lib/python3.13/site-packages/pandas/core/generic.py", line 3988, in to_csv
    return DataFrameRenderer(formatter).to_csv(
           ~~~~~~~~~~~~~~~~~~~~~~~~~~~~~~~~~~~^
        path_or_buf,
        ^^^^^^^^^^^^
    ...<14 lines>...
        storage_options=storage_options,
        ^^^^^^^^^^^^^^^^^^^^^^^^^^^^^^^^
    )
    ^
  File "/Users/annayuen/Desktop/IECC/industrial_decarb/LCOH_EU_workflow/.venv/lib/python3.13/site-packages/pandas/io/formats/format.py", line 1025, in to_csv
    csv_formatter.save()
    ~~~~~~~~~~~~~~~~~~^^
  File "/Users/annayuen/Desktop/IECC/industrial_decarb/LCOH_EU_workflow/.venv/lib/python3.13/site-packages/pandas/io/formats/csvs.py", line 251, in save
    with get_handle(
         ~~~~~~~~~~^
        self.filepath_or_buffer,
        ^^^^^^^^^^^^^^^^^^^^^^^^
    ...<4 lines>...
        storage_options=self.storage_options,
        ^^^^^^^^^^^^^^^^^^^^^^^^^^^^^^^^^^^^^
    ) as handles:
    ^
  File "/Users/annayuen/Desktop/IECC/industrial_decarb/LCOH_EU_workflow/.venv/lib/python3.13/site-packages/pandas/io/common.py", line 797, in get_handle
    check_parent_directory(str(handle))
    ~~~~~~~~~~~~~~~~~~~~~~^^^^^^^^^^^^^
  File "/Users/annayuen/Desktop/IECC/industrial_decarb/LCOH_EU_workflow/.venv/lib/python3.13/site-packages/pandas/io/common.py", line 656, in check_parent_directory
    raise OSError(rf"Cannot save file into a non-existent directory: '{parent}'")
OSError: Cannot save file into a non-existent directory: '/Users/annayuen/Desktop/IECC/industrial_decarb/LCOH_EU_workflow/off_grid_electricity_run/outputs/pvgis_hourly/PL.MŚ'
2026-06-01 16:51:45,128 INFO [38/115] FAIL  FR.CAED/9517.FACILITY  ETA 0:00:17.196025
2026-06-01 16:51:45,129 INFO [ES.CAED/003378000.FACILITY] start  lat=43.5411 lon=-6.7211  active=10
2026-06-01 16:51:45,131 INFO [FR.CAED/7588.FACILITY] start  lat=43.7932 lon=4.6620  active=10
2026-06-01 16:51:45,131 INFO [39/115] FAIL  ES.CAED/000704000.FACILITY  ETA 0:00:16.544516
2026-06-01 16:51:45,132 INFO [40/115] FAIL  PL.MŚ/000000197.FACILITY  ETA 0:00:15.920325
2026-06-01 16:51:46,533 ERROR [FR.CAED/7646.FACILITY] unexpected error: Cannot save file into a non-existent directory: '/Users/annayuen/Desktop/IECC/industrial_decarb/LCOH_EU_workflow/off_grid_electricity_run/outputs/pvgis_hourly/FR.CAED'
Traceback (most recent call last):
  File "/Users/annayuen/Desktop/IECC/industrial_decarb/LCOH_EU_workflow/off_grid_electricity_run/scripts/pull_pvgis_115.py", line 144, in fetch_one
    .to_csv(hourly_path, index=False)
     ~~~~~~^^^^^^^^^^^^^^^^^^^^^^^^^^
  File "/Users/annayuen/Desktop/IECC/industrial_decarb/LCOH_EU_workflow/.venv/lib/python3.13/site-packages/pandas/core/generic.py", line 3988, in to_csv
    return DataFrameRenderer(formatter).to_csv(
           ~~~~~~~~~~~~~~~~~~~~~~~~~~~~~~~~~~~^
        path_or_buf,
        ^^^^^^^^^^^^
    ...<14 lines>...
        storage_options=storage_options,
        ^^^^^^^^^^^^^^^^^^^^^^^^^^^^^^^^
    )
    ^
  File "/Users/annayuen/Desktop/IECC/industrial_decarb/LCOH_EU_workflow/.venv/lib/python3.13/site-packages/pandas/io/formats/format.py", line 1025, in to_csv
    csv_formatter.save()
    ~~~~~~~~~~~~~~~~~~^^
  File "/Users/annayuen/Desktop/IECC/industrial_decarb/LCOH_EU_workflow/.venv/lib/python3.13/site-packages/pandas/io/formats/csvs.py", line 251, in save
    with get_handle(
         ~~~~~~~~~~^
        self.filepath_or_buffer,
        ^^^^^^^^^^^^^^^^^^^^^^^^
    ...<4 lines>...
        storage_options=self.storage_options,
        ^^^^^^^^^^^^^^^^^^^^^^^^^^^^^^^^^^^^^
    ) as handles:
    ^
  File "/Users/annayuen/Desktop/IECC/industrial_decarb/LCOH_EU_workflow/.venv/lib/python3.13/site-packages/pandas/io/common.py", line 797, in get_handle
    check_parent_directory(str(handle))
    ~~~~~~~~~~~~~~~~~~~~~~^^^^^^^^^^^^^
  File "/Users/annayuen/Desktop/IECC/industrial_decarb/LCOH_EU_workflow/.venv/lib/python3.13/site-packages/pandas/io/common.py", line 656, in check_parent_directory
    raise OSError(rf"Cannot save file into a non-existent directory: '{parent}'")
OSError: Cannot save file into a non-existent directory: '/Users/annayuen/Desktop/IECC/industrial_decarb/LCOH_EU_workflow/off_grid_electricity_run/outputs/pvgis_hourly/FR.CAED'
2026-06-01 16:51:46,535 INFO [EE.KAUR.TTR/88.FACILITY] start  lat=59.3406 lon=25.3402  active=10
2026-06-01 16:51:46,535 INFO [41/115] FAIL  FR.CAED/7646.FACILITY  ETA 0:00:17.857458
2026-06-01 16:51:46,668 ERROR [PL.MŚ/000000212.FACILITY] unexpected error: Cannot save file into a non-existent directory: '/Users/annayuen/Desktop/IECC/industrial_decarb/LCOH_EU_workflow/off_grid_electricity_run/outputs/pvgis_hourly/PL.MŚ'
Traceback (most recent call last):
  File "/Users/annayuen/Desktop/IECC/industrial_decarb/LCOH_EU_workflow/off_grid_electricity_run/scripts/pull_pvgis_115.py", line 144, in fetch_one
    .to_csv(hourly_path, index=False)
     ~~~~~~^^^^^^^^^^^^^^^^^^^^^^^^^^
  File "/Users/annayuen/Desktop/IECC/industrial_decarb/LCOH_EU_workflow/.venv/lib/python3.13/site-packages/pandas/core/generic.py", line 3988, in to_csv
    return DataFrameRenderer(formatter).to_csv(
           ~~~~~~~~~~~~~~~~~~~~~~~~~~~~~~~~~~~^
        path_or_buf,
        ^^^^^^^^^^^^
    ...<14 lines>...
        storage_options=storage_options,
        ^^^^^^^^^^^^^^^^^^^^^^^^^^^^^^^^
    )
    ^
  File "/Users/annayuen/Desktop/IECC/industrial_decarb/LCOH_EU_workflow/.venv/lib/python3.13/site-packages/pandas/io/formats/format.py", line 1025, in to_csv
    csv_formatter.save()
    ~~~~~~~~~~~~~~~~~~^^
  File "/Users/annayuen/Desktop/IECC/industrial_decarb/LCOH_EU_workflow/.venv/lib/python3.13/site-packages/pandas/io/formats/csvs.py", line 251, in save
    with get_handle(
         ~~~~~~~~~~^
        self.filepath_or_buffer,
        ^^^^^^^^^^^^^^^^^^^^^^^^
    ...<4 lines>...
        storage_options=self.storage_options,
        ^^^^^^^^^^^^^^^^^^^^^^^^^^^^^^^^^^^^^
    ) as handles:
    ^
  File "/Users/annayuen/Desktop/IECC/industrial_decarb/LCOH_EU_workflow/.venv/lib/python3.13/site-packages/pandas/io/common.py", line 797, in get_handle
    check_parent_directory(str(handle))
    ~~~~~~~~~~~~~~~~~~~~~~^^^^^^^^^^^^^
  File "/Users/annayuen/Desktop/IECC/industrial_decarb/LCOH_EU_workflow/.venv/lib/python3.13/site-packages/pandas/io/common.py", line 656, in check_parent_directory
    raise OSError(rf"Cannot save file into a non-existent directory: '{parent}'")
OSError: Cannot save file into a non-existent directory: '/Users/annayuen/Desktop/IECC/industrial_decarb/LCOH_EU_workflow/off_grid_electricity_run/outputs/pvgis_hourly/PL.MŚ'
2026-06-01 16:51:46,670 INFO [FR.CAED/9964.FACILITY] start  lat=43.5583 lon=1.3986  active=10
2026-06-01 16:51:46,670 INFO [42/115] FAIL  PL.MŚ/000000212.FACILITY  ETA 0:00:17.431743
2026-06-01 16:51:46,676 ERROR [PL.MŚ/000000278.FACILITY] unexpected error: Cannot save file into a non-existent directory: '/Users/annayuen/Desktop/IECC/industrial_decarb/LCOH_EU_workflow/off_grid_electricity_run/outputs/pvgis_hourly/PL.MŚ'
Traceback (most recent call last):
  File "/Users/annayuen/Desktop/IECC/industrial_decarb/LCOH_EU_workflow/off_grid_electricity_run/scripts/pull_pvgis_115.py", line 144, in fetch_one
    .to_csv(hourly_path, index=False)
     ~~~~~~^^^^^^^^^^^^^^^^^^^^^^^^^^
  File "/Users/annayuen/Desktop/IECC/industrial_decarb/LCOH_EU_workflow/.venv/lib/python3.13/site-packages/pandas/core/generic.py", line 3988, in to_csv
    return DataFrameRenderer(formatter).to_csv(
           ~~~~~~~~~~~~~~~~~~~~~~~~~~~~~~~~~~~^
        path_or_buf,
        ^^^^^^^^^^^^
    ...<14 lines>...
        storage_options=storage_options,
        ^^^^^^^^^^^^^^^^^^^^^^^^^^^^^^^^
    )
    ^
  File "/Users/annayuen/Desktop/IECC/industrial_decarb/LCOH_EU_workflow/.venv/lib/python3.13/site-packages/pandas/io/formats/format.py", line 1025, in to_csv
    csv_formatter.save()
    ~~~~~~~~~~~~~~~~~~^^
  File "/Users/annayuen/Desktop/IECC/industrial_decarb/LCOH_EU_workflow/.venv/lib/python3.13/site-packages/pandas/io/formats/csvs.py", line 251, in save
    with get_handle(
         ~~~~~~~~~~^
        self.filepath_or_buffer,
        ^^^^^^^^^^^^^^^^^^^^^^^^
    ...<4 lines>...
        storage_options=self.storage_options,
        ^^^^^^^^^^^^^^^^^^^^^^^^^^^^^^^^^^^^^
    ) as handles:
    ^
  File "/Users/annayuen/Desktop/IECC/industrial_decarb/LCOH_EU_workflow/.venv/lib/python3.13/site-packages/pandas/io/common.py", line 797, in get_handle
    check_parent_directory(str(handle))
    ~~~~~~~~~~~~~~~~~~~~~~^^^^^^^^^^^^^
  File "/Users/annayuen/Desktop/IECC/industrial_decarb/LCOH_EU_workflow/.venv/lib/python3.13/site-packages/pandas/io/common.py", line 656, in check_parent_directory
    raise OSError(rf"Cannot save file into a non-existent directory: '{parent}'")
OSError: Cannot save file into a non-existent directory: '/Users/annayuen/Desktop/IECC/industrial_decarb/LCOH_EU_workflow/off_grid_electricity_run/outputs/pvgis_hourly/PL.MŚ'
2026-06-01 16:51:46,678 INFO [FR.CAED/10011.FACILITY] start  lat=43.0999 lon=0.7218  active=10
2026-06-01 16:51:46,678 INFO [43/115] FAIL  PL.MŚ/000000278.FACILITY  ETA 0:00:16.805376
2026-06-01 16:51:46,793 ERROR [FR.CAED/11135.FACILITY] unexpected error: Cannot save file into a non-existent directory: '/Users/annayuen/Desktop/IECC/industrial_decarb/LCOH_EU_workflow/off_grid_electricity_run/outputs/pvgis_hourly/FR.CAED'
Traceback (most recent call last):
  File "/Users/annayuen/Desktop/IECC/industrial_decarb/LCOH_EU_workflow/off_grid_electricity_run/scripts/pull_pvgis_115.py", line 144, in fetch_one
    .to_csv(hourly_path, index=False)
     ~~~~~~^^^^^^^^^^^^^^^^^^^^^^^^^^
  File "/Users/annayuen/Desktop/IECC/industrial_decarb/LCOH_EU_workflow/.venv/lib/python3.13/site-packages/pandas/core/generic.py", line 3988, in to_csv
    return DataFrameRenderer(formatter).to_csv(
           ~~~~~~~~~~~~~~~~~~~~~~~~~~~~~~~~~~~^
        path_or_buf,
        ^^^^^^^^^^^^
    ...<14 lines>...
        storage_options=storage_options,
        ^^^^^^^^^^^^^^^^^^^^^^^^^^^^^^^^
    )
    ^
  File "/Users/annayuen/Desktop/IECC/industrial_decarb/LCOH_EU_workflow/.venv/lib/python3.13/site-packages/pandas/io/formats/format.py", line 1025, in to_csv
    csv_formatter.save()
    ~~~~~~~~~~~~~~~~~~^^
  File "/Users/annayuen/Desktop/IECC/industrial_decarb/LCOH_EU_workflow/.venv/lib/python3.13/site-packages/pandas/io/formats/csvs.py", line 251, in save
    with get_handle(
         ~~~~~~~~~~^
        self.filepath_or_buffer,
        ^^^^^^^^^^^^^^^^^^^^^^^^
    ...<4 lines>...
        storage_options=self.storage_options,
        ^^^^^^^^^^^^^^^^^^^^^^^^^^^^^^^^^^^^^
    ) as handles:
    ^
  File "/Users/annayuen/Desktop/IECC/industrial_decarb/LCOH_EU_workflow/.venv/lib/python3.13/site-packages/pandas/io/common.py", line 797, in get_handle
    check_parent_directory(str(handle))
    ~~~~~~~~~~~~~~~~~~~~~~^^^^^^^^^^^^^
  File "/Users/annayuen/Desktop/IECC/industrial_decarb/LCOH_EU_workflow/.venv/lib/python3.13/site-packages/pandas/io/common.py", line 656, in check_parent_directory
    raise OSError(rf"Cannot save file into a non-existent directory: '{parent}'")
OSError: Cannot save file into a non-existent directory: '/Users/annayuen/Desktop/IECC/industrial_decarb/LCOH_EU_workflow/off_grid_electricity_run/outputs/pvgis_hourly/FR.CAED'
2026-06-01 16:51:46,795 ERROR [FR.CAED/6155.FACILITY] unexpected error: Cannot save file into a non-existent directory: '/Users/annayuen/Desktop/IECC/industrial_decarb/LCOH_EU_workflow/off_grid_electricity_run/outputs/pvgis_hourly/FR.CAED'
Traceback (most recent call last):
  File "/Users/annayuen/Desktop/IECC/industrial_decarb/LCOH_EU_workflow/off_grid_electricity_run/scripts/pull_pvgis_115.py", line 144, in fetch_one
    .to_csv(hourly_path, index=False)
     ~~~~~~^^^^^^^^^^^^^^^^^^^^^^^^^^
  File "/Users/annayuen/Desktop/IECC/industrial_decarb/LCOH_EU_workflow/.venv/lib/python3.13/site-packages/pandas/core/generic.py", line 3988, in to_csv
    return DataFrameRenderer(formatter).to_csv(
           ~~~~~~~~~~~~~~~~~~~~~~~~~~~~~~~~~~~^
        path_or_buf,
        ^^^^^^^^^^^^
    ...<14 lines>...
        storage_options=storage_options,
        ^^^^^^^^^^^^^^^^^^^^^^^^^^^^^^^^
    )
    ^
  File "/Users/annayuen/Desktop/IECC/industrial_decarb/LCOH_EU_workflow/.venv/lib/python3.13/site-packages/pandas/io/formats/format.py", line 1025, in to_csv
    csv_formatter.save()
    ~~~~~~~~~~~~~~~~~~^^
  File "/Users/annayuen/Desktop/IECC/industrial_decarb/LCOH_EU_workflow/.venv/lib/python3.13/site-packages/pandas/io/formats/csvs.py", line 251, in save
    with get_handle(
         ~~~~~~~~~~^
        self.filepath_or_buffer,
        ^^^^^^^^^^^^^^^^^^^^^^^^
    ...<4 lines>...
        storage_options=self.storage_options,
        ^^^^^^^^^^^^^^^^^^^^^^^^^^^^^^^^^^^^^
    ) as handles:
    ^
  File "/Users/annayuen/Desktop/IECC/industrial_decarb/LCOH_EU_workflow/.venv/lib/python3.13/site-packages/pandas/io/common.py", line 797, in get_handle
    check_parent_directory(str(handle))
    ~~~~~~~~~~~~~~~~~~~~~~^^^^^^^^^^^^^
  File "/Users/annayuen/Desktop/IECC/industrial_decarb/LCOH_EU_workflow/.venv/lib/python3.13/site-packages/pandas/io/common.py", line 656, in check_parent_directory
    raise OSError(rf"Cannot save file into a non-existent directory: '{parent}'")
OSError: Cannot save file into a non-existent directory: '/Users/annayuen/Desktop/IECC/industrial_decarb/LCOH_EU_workflow/off_grid_electricity_run/outputs/pvgis_hourly/FR.CAED'
2026-06-01 16:51:46,796 INFO [IT.CAED/330282002.FACILITY] start  lat=46.3939 lon=13.0169  active=10
2026-06-01 16:51:46,797 INFO [44/115] FAIL  FR.CAED/11135.FACILITY  ETA 0:00:16.388078
2026-06-01 16:51:46,798 INFO [FR.CAED/662.FACILITY] start  lat=44.6288 lon=-0.9761  active=10
2026-06-01 16:51:46,799 INFO [45/115] FAIL  FR.CAED/6155.FACILITY  ETA 0:00:15.800890
2026-06-01 16:51:46,916 ERROR [FR.CAED/1260.FACILITY] unexpected error: Cannot save file into a non-existent directory: '/Users/annayuen/Desktop/IECC/industrial_decarb/LCOH_EU_workflow/off_grid_electricity_run/outputs/pvgis_hourly/FR.CAED'
Traceback (most recent call last):
  File "/Users/annayuen/Desktop/IECC/industrial_decarb/LCOH_EU_workflow/off_grid_electricity_run/scripts/pull_pvgis_115.py", line 144, in fetch_one
    .to_csv(hourly_path, index=False)
     ~~~~~~^^^^^^^^^^^^^^^^^^^^^^^^^^
  File "/Users/annayuen/Desktop/IECC/industrial_decarb/LCOH_EU_workflow/.venv/lib/python3.13/site-packages/pandas/core/generic.py", line 3988, in to_csv
    return DataFrameRenderer(formatter).to_csv(
           ~~~~~~~~~~~~~~~~~~~~~~~~~~~~~~~~~~~^
        path_or_buf,
        ^^^^^^^^^^^^
    ...<14 lines>...
        storage_options=storage_options,
        ^^^^^^^^^^^^^^^^^^^^^^^^^^^^^^^^
    )
    ^
  File "/Users/annayuen/Desktop/IECC/industrial_decarb/LCOH_EU_workflow/.venv/lib/python3.13/site-packages/pandas/io/formats/format.py", line 1025, in to_csv
    csv_formatter.save()
    ~~~~~~~~~~~~~~~~~~^^
  File "/Users/annayuen/Desktop/IECC/industrial_decarb/LCOH_EU_workflow/.venv/lib/python3.13/site-packages/pandas/io/formats/csvs.py", line 251, in save
    with get_handle(
         ~~~~~~~~~~^
        self.filepath_or_buffer,
        ^^^^^^^^^^^^^^^^^^^^^^^^
    ...<4 lines>...
        storage_options=self.storage_options,
        ^^^^^^^^^^^^^^^^^^^^^^^^^^^^^^^^^^^^^
    ) as handles:
    ^
  File "/Users/annayuen/Desktop/IECC/industrial_decarb/LCOH_EU_workflow/.venv/lib/python3.13/site-packages/pandas/io/common.py", line 797, in get_handle
    check_parent_directory(str(handle))
    ~~~~~~~~~~~~~~~~~~~~~~^^^^^^^^^^^^^
  File "/Users/annayuen/Desktop/IECC/industrial_decarb/LCOH_EU_workflow/.venv/lib/python3.13/site-packages/pandas/io/common.py", line 656, in check_parent_directory
    raise OSError(rf"Cannot save file into a non-existent directory: '{parent}'")
OSError: Cannot save file into a non-existent directory: '/Users/annayuen/Desktop/IECC/industrial_decarb/LCOH_EU_workflow/off_grid_electricity_run/outputs/pvgis_hourly/FR.CAED'
2026-06-01 16:51:46,919 INFO [FR.CAED/3936.FACILITY] start  lat=49.4237 lon=1.0367  active=10
2026-06-01 16:51:46,920 INFO [46/115] FAIL  FR.CAED/1260.FACILITY  ETA 0:00:15.418740
2026-06-01 16:51:46,931 ERROR [FR.CAED/7588.FACILITY] unexpected error: Cannot save file into a non-existent directory: '/Users/annayuen/Desktop/IECC/industrial_decarb/LCOH_EU_workflow/off_grid_electricity_run/outputs/pvgis_hourly/FR.CAED'
Traceback (most recent call last):
  File "/Users/annayuen/Desktop/IECC/industrial_decarb/LCOH_EU_workflow/off_grid_electricity_run/scripts/pull_pvgis_115.py", line 144, in fetch_one
    .to_csv(hourly_path, index=False)
     ~~~~~~^^^^^^^^^^^^^^^^^^^^^^^^^^
  File "/Users/annayuen/Desktop/IECC/industrial_decarb/LCOH_EU_workflow/.venv/lib/python3.13/site-packages/pandas/core/generic.py", line 3988, in to_csv
    return DataFrameRenderer(formatter).to_csv(
           ~~~~~~~~~~~~~~~~~~~~~~~~~~~~~~~~~~~^
        path_or_buf,
        ^^^^^^^^^^^^
    ...<14 lines>...
        storage_options=storage_options,
        ^^^^^^^^^^^^^^^^^^^^^^^^^^^^^^^^
    )
    ^
  File "/Users/annayuen/Desktop/IECC/industrial_decarb/LCOH_EU_workflow/.venv/lib/python3.13/site-packages/pandas/io/formats/format.py", line 1025, in to_csv
    csv_formatter.save()
    ~~~~~~~~~~~~~~~~~~^^
  File "/Users/annayuen/Desktop/IECC/industrial_decarb/LCOH_EU_workflow/.venv/lib/python3.13/site-packages/pandas/io/formats/csvs.py", line 251, in save
    with get_handle(
         ~~~~~~~~~~^
        self.filepath_or_buffer,
        ^^^^^^^^^^^^^^^^^^^^^^^^
    ...<4 lines>...
        storage_options=self.storage_options,
        ^^^^^^^^^^^^^^^^^^^^^^^^^^^^^^^^^^^^^
    ) as handles:
    ^
  File "/Users/annayuen/Desktop/IECC/industrial_decarb/LCOH_EU_workflow/.venv/lib/python3.13/site-packages/pandas/io/common.py", line 797, in get_handle
    check_parent_directory(str(handle))
    ~~~~~~~~~~~~~~~~~~~~~~^^^^^^^^^^^^^
  File "/Users/annayuen/Desktop/IECC/industrial_decarb/LCOH_EU_workflow/.venv/lib/python3.13/site-packages/pandas/io/common.py", line 656, in check_parent_directory
    raise OSError(rf"Cannot save file into a non-existent directory: '{parent}'")
OSError: Cannot save file into a non-existent directory: '/Users/annayuen/Desktop/IECC/industrial_decarb/LCOH_EU_workflow/off_grid_electricity_run/outputs/pvgis_hourly/FR.CAED'
2026-06-01 16:51:46,932 ERROR [FR.CAED/791.FACILITY] unexpected error: Cannot save file into a non-existent directory: '/Users/annayuen/Desktop/IECC/industrial_decarb/LCOH_EU_workflow/off_grid_electricity_run/outputs/pvgis_hourly/FR.CAED'
Traceback (most recent call last):
  File "/Users/annayuen/Desktop/IECC/industrial_decarb/LCOH_EU_workflow/off_grid_electricity_run/scripts/pull_pvgis_115.py", line 144, in fetch_one
    .to_csv(hourly_path, index=False)
     ~~~~~~^^^^^^^^^^^^^^^^^^^^^^^^^^
  File "/Users/annayuen/Desktop/IECC/industrial_decarb/LCOH_EU_workflow/.venv/lib/python3.13/site-packages/pandas/core/generic.py", line 3988, in to_csv
    return DataFrameRenderer(formatter).to_csv(
           ~~~~~~~~~~~~~~~~~~~~~~~~~~~~~~~~~~~^
        path_or_buf,
        ^^^^^^^^^^^^
    ...<14 lines>...
        storage_options=storage_options,
        ^^^^^^^^^^^^^^^^^^^^^^^^^^^^^^^^
    )
    ^
  File "/Users/annayuen/Desktop/IECC/industrial_decarb/LCOH_EU_workflow/.venv/lib/python3.13/site-packages/pandas/io/formats/format.py", line 1025, in to_csv
    csv_formatter.save()
    ~~~~~~~~~~~~~~~~~~^^
  File "/Users/annayuen/Desktop/IECC/industrial_decarb/LCOH_EU_workflow/.venv/lib/python3.13/site-packages/pandas/io/formats/csvs.py", line 251, in save
    with get_handle(
         ~~~~~~~~~~^
        self.filepath_or_buffer,
        ^^^^^^^^^^^^^^^^^^^^^^^^
    ...<4 lines>...
        storage_options=self.storage_options,
        ^^^^^^^^^^^^^^^^^^^^^^^^^^^^^^^^^^^^^
    ) as handles:
    ^
  File "/Users/annayuen/Desktop/IECC/industrial_decarb/LCOH_EU_workflow/.venv/lib/python3.13/site-packages/pandas/io/common.py", line 797, in get_handle
    check_parent_directory(str(handle))
    ~~~~~~~~~~~~~~~~~~~~~~^^^^^^^^^^^^^
  File "/Users/annayuen/Desktop/IECC/industrial_decarb/LCOH_EU_workflow/.venv/lib/python3.13/site-packages/pandas/io/common.py", line 656, in check_parent_directory
    raise OSError(rf"Cannot save file into a non-existent directory: '{parent}'")
OSError: Cannot save file into a non-existent directory: '/Users/annayuen/Desktop/IECC/industrial_decarb/LCOH_EU_workflow/off_grid_electricity_run/outputs/pvgis_hourly/FR.CAED'
2026-06-01 16:51:46,933 INFO [PL.MŚ/000000053.FACILITY] start  lat=50.9304 lon=21.6765  active=10
2026-06-01 16:51:46,933 INFO [47/115] FAIL  FR.CAED/7588.FACILITY  ETA 0:00:14.890844
2026-06-01 16:51:46,935 INFO [FR.CAED/5938.FACILITY] start  lat=48.8967 lon=6.0519  active=10
2026-06-01 16:51:46,935 INFO [48/115] FAIL  FR.CAED/791.FACILITY  ETA 0:00:14.368887
2026-06-01 16:51:47,206 ERROR [ES.CAED/003378000.FACILITY] unexpected error: Cannot save file into a non-existent directory: '/Users/annayuen/Desktop/IECC/industrial_decarb/LCOH_EU_workflow/off_grid_electricity_run/outputs/pvgis_hourly/ES.CAED'
Traceback (most recent call last):
  File "/Users/annayuen/Desktop/IECC/industrial_decarb/LCOH_EU_workflow/off_grid_electricity_run/scripts/pull_pvgis_115.py", line 144, in fetch_one
    .to_csv(hourly_path, index=False)
     ~~~~~~^^^^^^^^^^^^^^^^^^^^^^^^^^
  File "/Users/annayuen/Desktop/IECC/industrial_decarb/LCOH_EU_workflow/.venv/lib/python3.13/site-packages/pandas/core/generic.py", line 3988, in to_csv
    return DataFrameRenderer(formatter).to_csv(
           ~~~~~~~~~~~~~~~~~~~~~~~~~~~~~~~~~~~^
        path_or_buf,
        ^^^^^^^^^^^^
    ...<14 lines>...
        storage_options=storage_options,
        ^^^^^^^^^^^^^^^^^^^^^^^^^^^^^^^^
    )
    ^
  File "/Users/annayuen/Desktop/IECC/industrial_decarb/LCOH_EU_workflow/.venv/lib/python3.13/site-packages/pandas/io/formats/format.py", line 1025, in to_csv
    csv_formatter.save()
    ~~~~~~~~~~~~~~~~~~^^
  File "/Users/annayuen/Desktop/IECC/industrial_decarb/LCOH_EU_workflow/.venv/lib/python3.13/site-packages/pandas/io/formats/csvs.py", line 251, in save
    with get_handle(
         ~~~~~~~~~~^
        self.filepath_or_buffer,
        ^^^^^^^^^^^^^^^^^^^^^^^^
    ...<4 lines>...
        storage_options=self.storage_options,
        ^^^^^^^^^^^^^^^^^^^^^^^^^^^^^^^^^^^^^
    ) as handles:
    ^
  File "/Users/annayuen/Desktop/IECC/industrial_decarb/LCOH_EU_workflow/.venv/lib/python3.13/site-packages/pandas/io/common.py", line 797, in get_handle
    check_parent_directory(str(handle))
    ~~~~~~~~~~~~~~~~~~~~~~^^^^^^^^^^^^^
  File "/Users/annayuen/Desktop/IECC/industrial_decarb/LCOH_EU_workflow/.venv/lib/python3.13/site-packages/pandas/io/common.py", line 656, in check_parent_directory
    raise OSError(rf"Cannot save file into a non-existent directory: '{parent}'")
OSError: Cannot save file into a non-existent directory: '/Users/annayuen/Desktop/IECC/industrial_decarb/LCOH_EU_workflow/off_grid_electricity_run/outputs/pvgis_hourly/ES.CAED'
2026-06-01 16:51:47,207 ERROR [PL.MŚ/000000136.FACILITY] unexpected error: Cannot save file into a non-existent directory: '/Users/annayuen/Desktop/IECC/industrial_decarb/LCOH_EU_workflow/off_grid_electricity_run/outputs/pvgis_hourly/PL.MŚ'
Traceback (most recent call last):
  File "/Users/annayuen/Desktop/IECC/industrial_decarb/LCOH_EU_workflow/off_grid_electricity_run/scripts/pull_pvgis_115.py", line 144, in fetch_one
    .to_csv(hourly_path, index=False)
     ~~~~~~^^^^^^^^^^^^^^^^^^^^^^^^^^
  File "/Users/annayuen/Desktop/IECC/industrial_decarb/LCOH_EU_workflow/.venv/lib/python3.13/site-packages/pandas/core/generic.py", line 3988, in to_csv
    return DataFrameRenderer(formatter).to_csv(
           ~~~~~~~~~~~~~~~~~~~~~~~~~~~~~~~~~~~^
        path_or_buf,
        ^^^^^^^^^^^^
    ...<14 lines>...
        storage_options=storage_options,
        ^^^^^^^^^^^^^^^^^^^^^^^^^^^^^^^^
    )
    ^
  File "/Users/annayuen/Desktop/IECC/industrial_decarb/LCOH_EU_workflow/.venv/lib/python3.13/site-packages/pandas/io/formats/format.py", line 1025, in to_csv
    csv_formatter.save()
    ~~~~~~~~~~~~~~~~~~^^
  File "/Users/annayuen/Desktop/IECC/industrial_decarb/LCOH_EU_workflow/.venv/lib/python3.13/site-packages/pandas/io/formats/csvs.py", line 251, in save
    with get_handle(
         ~~~~~~~~~~^
        self.filepath_or_buffer,
        ^^^^^^^^^^^^^^^^^^^^^^^^
    ...<4 lines>...
        storage_options=self.storage_options,
        ^^^^^^^^^^^^^^^^^^^^^^^^^^^^^^^^^^^^^
    ) as handles:
    ^
  File "/Users/annayuen/Desktop/IECC/industrial_decarb/LCOH_EU_workflow/.venv/lib/python3.13/site-packages/pandas/io/common.py", line 797, in get_handle
    check_parent_directory(str(handle))
    ~~~~~~~~~~~~~~~~~~~~~~^^^^^^^^^^^^^
  File "/Users/annayuen/Desktop/IECC/industrial_decarb/LCOH_EU_workflow/.venv/lib/python3.13/site-packages/pandas/io/common.py", line 656, in check_parent_directory
    raise OSError(rf"Cannot save file into a non-existent directory: '{parent}'")
OSError: Cannot save file into a non-existent directory: '/Users/annayuen/Desktop/IECC/industrial_decarb/LCOH_EU_workflow/off_grid_electricity_run/outputs/pvgis_hourly/PL.MŚ'
2026-06-01 16:51:47,209 INFO [ES.CAED/001619000.FACILITY] start  lat=37.1840 lon=-6.8896  active=10
2026-06-01 16:51:47,209 INFO [49/115] FAIL  ES.CAED/003378000.FACILITY  ETA 0:00:14.233692
2026-06-01 16:51:47,210 INFO [PL.MŚ/000000273.FACILITY] start  lat=51.6198 lon=19.9349  active=10
2026-06-01 16:51:47,210 INFO [50/115] FAIL  PL.MŚ/000000136.FACILITY  ETA 0:00:13.740025
2026-06-01 16:51:48,375 ERROR [FR.CAED/10011.FACILITY] unexpected error: Cannot save file into a non-existent directory: '/Users/annayuen/Desktop/IECC/industrial_decarb/LCOH_EU_workflow/off_grid_electricity_run/outputs/pvgis_hourly/FR.CAED'
Traceback (most recent call last):
  File "/Users/annayuen/Desktop/IECC/industrial_decarb/LCOH_EU_workflow/off_grid_electricity_run/scripts/pull_pvgis_115.py", line 144, in fetch_one
    .to_csv(hourly_path, index=False)
     ~~~~~~^^^^^^^^^^^^^^^^^^^^^^^^^^
  File "/Users/annayuen/Desktop/IECC/industrial_decarb/LCOH_EU_workflow/.venv/lib/python3.13/site-packages/pandas/core/generic.py", line 3988, in to_csv
    return DataFrameRenderer(formatter).to_csv(
           ~~~~~~~~~~~~~~~~~~~~~~~~~~~~~~~~~~~^
        path_or_buf,
        ^^^^^^^^^^^^
    ...<14 lines>...
        storage_options=storage_options,
        ^^^^^^^^^^^^^^^^^^^^^^^^^^^^^^^^
    )
    ^
  File "/Users/annayuen/Desktop/IECC/industrial_decarb/LCOH_EU_workflow/.venv/lib/python3.13/site-packages/pandas/io/formats/format.py", line 1025, in to_csv
    csv_formatter.save()
    ~~~~~~~~~~~~~~~~~~^^
  File "/Users/annayuen/Desktop/IECC/industrial_decarb/LCOH_EU_workflow/.venv/lib/python3.13/site-packages/pandas/io/formats/csvs.py", line 251, in save
    with get_handle(
         ~~~~~~~~~~^
        self.filepath_or_buffer,
        ^^^^^^^^^^^^^^^^^^^^^^^^
    ...<4 lines>...
        storage_options=self.storage_options,
        ^^^^^^^^^^^^^^^^^^^^^^^^^^^^^^^^^^^^^
    ) as handles:
    ^
  File "/Users/annayuen/Desktop/IECC/industrial_decarb/LCOH_EU_workflow/.venv/lib/python3.13/site-packages/pandas/io/common.py", line 797, in get_handle
    check_parent_directory(str(handle))
    ~~~~~~~~~~~~~~~~~~~~~~^^^^^^^^^^^^^
  File "/Users/annayuen/Desktop/IECC/industrial_decarb/LCOH_EU_workflow/.venv/lib/python3.13/site-packages/pandas/io/common.py", line 656, in check_parent_directory
    raise OSError(rf"Cannot save file into a non-existent directory: '{parent}'")
OSError: Cannot save file into a non-existent directory: '/Users/annayuen/Desktop/IECC/industrial_decarb/LCOH_EU_workflow/off_grid_electricity_run/outputs/pvgis_hourly/FR.CAED'
2026-06-01 16:51:48,377 INFO [ES.CAED/001960000.FACILITY] start  lat=41.8400 lon=-4.5594  active=10
2026-06-01 16:51:48,378 INFO [51/115] FAIL  FR.CAED/10011.FACILITY  ETA 0:00:14.727936
2026-06-01 16:51:48,382 ERROR [EE.KAUR.TTR/88.FACILITY] unexpected error: Cannot save file into a non-existent directory: '/Users/annayuen/Desktop/IECC/industrial_decarb/LCOH_EU_workflow/off_grid_electricity_run/outputs/pvgis_hourly/EE.KAUR.TTR'
Traceback (most recent call last):
  File "/Users/annayuen/Desktop/IECC/industrial_decarb/LCOH_EU_workflow/off_grid_electricity_run/scripts/pull_pvgis_115.py", line 144, in fetch_one
    .to_csv(hourly_path, index=False)
     ~~~~~~^^^^^^^^^^^^^^^^^^^^^^^^^^
  File "/Users/annayuen/Desktop/IECC/industrial_decarb/LCOH_EU_workflow/.venv/lib/python3.13/site-packages/pandas/core/generic.py", line 3988, in to_csv
    return DataFrameRenderer(formatter).to_csv(
           ~~~~~~~~~~~~~~~~~~~~~~~~~~~~~~~~~~~^
        path_or_buf,
        ^^^^^^^^^^^^
    ...<14 lines>...
        storage_options=storage_options,
        ^^^^^^^^^^^^^^^^^^^^^^^^^^^^^^^^
    )
    ^
  File "/Users/annayuen/Desktop/IECC/industrial_decarb/LCOH_EU_workflow/.venv/lib/python3.13/site-packages/pandas/io/formats/format.py", line 1025, in to_csv
    csv_formatter.save()
    ~~~~~~~~~~~~~~~~~~^^
  File "/Users/annayuen/Desktop/IECC/industrial_decarb/LCOH_EU_workflow/.venv/lib/python3.13/site-packages/pandas/io/formats/csvs.py", line 251, in save
    with get_handle(
         ~~~~~~~~~~^
        self.filepath_or_buffer,
        ^^^^^^^^^^^^^^^^^^^^^^^^
    ...<4 lines>...
        storage_options=self.storage_options,
        ^^^^^^^^^^^^^^^^^^^^^^^^^^^^^^^^^^^^^
    ) as handles:
    ^
  File "/Users/annayuen/Desktop/IECC/industrial_decarb/LCOH_EU_workflow/.venv/lib/python3.13/site-packages/pandas/io/common.py", line 797, in get_handle
    check_parent_directory(str(handle))
    ~~~~~~~~~~~~~~~~~~~~~~^^^^^^^^^^^^^
  File "/Users/annayuen/Desktop/IECC/industrial_decarb/LCOH_EU_workflow/.venv/lib/python3.13/site-packages/pandas/io/common.py", line 656, in check_parent_directory
    raise OSError(rf"Cannot save file into a non-existent directory: '{parent}'")
OSError: Cannot save file into a non-existent directory: '/Users/annayuen/Desktop/IECC/industrial_decarb/LCOH_EU_workflow/off_grid_electricity_run/outputs/pvgis_hourly/EE.KAUR.TTR'
2026-06-01 16:51:48,384 INFO [FR.CAED/44.FACILITY] start  lat=47.0385 lon=5.4127  active=10
2026-06-01 16:51:48,384 INFO [52/115] FAIL  EE.KAUR.TTR/88.FACILITY  ETA 0:00:14.226660
2026-06-01 16:51:48,713 ERROR [PL.MŚ/000000053.FACILITY] unexpected error: Cannot save file into a non-existent directory: '/Users/annayuen/Desktop/IECC/industrial_decarb/LCOH_EU_workflow/off_grid_electricity_run/outputs/pvgis_hourly/PL.MŚ'
Traceback (most recent call last):
  File "/Users/annayuen/Desktop/IECC/industrial_decarb/LCOH_EU_workflow/off_grid_electricity_run/scripts/pull_pvgis_115.py", line 144, in fetch_one
    .to_csv(hourly_path, index=False)
     ~~~~~~^^^^^^^^^^^^^^^^^^^^^^^^^^
  File "/Users/annayuen/Desktop/IECC/industrial_decarb/LCOH_EU_workflow/.venv/lib/python3.13/site-packages/pandas/core/generic.py", line 3988, in to_csv
    return DataFrameRenderer(formatter).to_csv(
           ~~~~~~~~~~~~~~~~~~~~~~~~~~~~~~~~~~~^
        path_or_buf,
        ^^^^^^^^^^^^
    ...<14 lines>...
        storage_options=storage_options,
        ^^^^^^^^^^^^^^^^^^^^^^^^^^^^^^^^
    )
    ^
  File "/Users/annayuen/Desktop/IECC/industrial_decarb/LCOH_EU_workflow/.venv/lib/python3.13/site-packages/pandas/io/formats/format.py", line 1025, in to_csv
    csv_formatter.save()
    ~~~~~~~~~~~~~~~~~~^^
  File "/Users/annayuen/Desktop/IECC/industrial_decarb/LCOH_EU_workflow/.venv/lib/python3.13/site-packages/pandas/io/formats/csvs.py", line 251, in save
    with get_handle(
         ~~~~~~~~~~^
        self.filepath_or_buffer,
        ^^^^^^^^^^^^^^^^^^^^^^^^
    ...<4 lines>...
        storage_options=self.storage_options,
        ^^^^^^^^^^^^^^^^^^^^^^^^^^^^^^^^^^^^^
    ) as handles:
    ^
  File "/Users/annayuen/Desktop/IECC/industrial_decarb/LCOH_EU_workflow/.venv/lib/python3.13/site-packages/pandas/io/common.py", line 797, in get_handle
    check_parent_directory(str(handle))
    ~~~~~~~~~~~~~~~~~~~~~~^^^^^^^^^^^^^
  File "/Users/annayuen/Desktop/IECC/industrial_decarb/LCOH_EU_workflow/.venv/lib/python3.13/site-packages/pandas/io/common.py", line 656, in check_parent_directory
    raise OSError(rf"Cannot save file into a non-existent directory: '{parent}'")
OSError: Cannot save file into a non-existent directory: '/Users/annayuen/Desktop/IECC/industrial_decarb/LCOH_EU_workflow/off_grid_electricity_run/outputs/pvgis_hourly/PL.MŚ'
2026-06-01 16:51:48,715 ERROR [FR.CAED/9964.FACILITY] unexpected error: Cannot save file into a non-existent directory: '/Users/annayuen/Desktop/IECC/industrial_decarb/LCOH_EU_workflow/off_grid_electricity_run/outputs/pvgis_hourly/FR.CAED'
Traceback (most recent call last):
  File "/Users/annayuen/Desktop/IECC/industrial_decarb/LCOH_EU_workflow/off_grid_electricity_run/scripts/pull_pvgis_115.py", line 144, in fetch_one
    .to_csv(hourly_path, index=False)
     ~~~~~~^^^^^^^^^^^^^^^^^^^^^^^^^^
  File "/Users/annayuen/Desktop/IECC/industrial_decarb/LCOH_EU_workflow/.venv/lib/python3.13/site-packages/pandas/core/generic.py", line 3988, in to_csv
    return DataFrameRenderer(formatter).to_csv(
           ~~~~~~~~~~~~~~~~~~~~~~~~~~~~~~~~~~~^
        path_or_buf,
        ^^^^^^^^^^^^
    ...<14 lines>...
        storage_options=storage_options,
        ^^^^^^^^^^^^^^^^^^^^^^^^^^^^^^^^
    )
    ^
  File "/Users/annayuen/Desktop/IECC/industrial_decarb/LCOH_EU_workflow/.venv/lib/python3.13/site-packages/pandas/io/formats/format.py", line 1025, in to_csv
    csv_formatter.save()
    ~~~~~~~~~~~~~~~~~~^^
  File "/Users/annayuen/Desktop/IECC/industrial_decarb/LCOH_EU_workflow/.venv/lib/python3.13/site-packages/pandas/io/formats/csvs.py", line 251, in save
    with get_handle(
         ~~~~~~~~~~^
        self.filepath_or_buffer,
        ^^^^^^^^^^^^^^^^^^^^^^^^
    ...<4 lines>...
        storage_options=self.storage_options,
        ^^^^^^^^^^^^^^^^^^^^^^^^^^^^^^^^^^^^^
    ) as handles:
    ^
  File "/Users/annayuen/Desktop/IECC/industrial_decarb/LCOH_EU_workflow/.venv/lib/python3.13/site-packages/pandas/io/common.py", line 797, in get_handle
    check_parent_directory(str(handle))
    ~~~~~~~~~~~~~~~~~~~~~~^^^^^^^^^^^^^
  File "/Users/annayuen/Desktop/IECC/industrial_decarb/LCOH_EU_workflow/.venv/lib/python3.13/site-packages/pandas/io/common.py", line 656, in check_parent_directory
    raise OSError(rf"Cannot save file into a non-existent directory: '{parent}'")
OSError: Cannot save file into a non-existent directory: '/Users/annayuen/Desktop/IECC/industrial_decarb/LCOH_EU_workflow/off_grid_electricity_run/outputs/pvgis_hourly/FR.CAED'
2026-06-01 16:51:48,717 INFO [FR.CAED/3839.FACILITY] start  lat=49.5049 lon=0.2061  active=9
2026-06-01 16:51:48,717 INFO [PL.MŚ/000000058.FACILITY] start  lat=50.3461 lon=19.2844  active=10
2026-06-01 16:51:48,718 INFO [53/115] FAIL  FR.CAED/9964.FACILITY  ETA 0:00:14.127072
2026-06-01 16:51:48,721 INFO [54/115] FAIL  PL.MŚ/000000053.FACILITY  ETA 0:00:13.645700
2026-06-01 16:51:48,726 ERROR [IT.CAED/330282002.FACILITY] unexpected error: Cannot save file into a non-existent directory: '/Users/annayuen/Desktop/IECC/industrial_decarb/LCOH_EU_workflow/off_grid_electricity_run/outputs/pvgis_hourly/IT.CAED'
Traceback (most recent call last):
  File "/Users/annayuen/Desktop/IECC/industrial_decarb/LCOH_EU_workflow/off_grid_electricity_run/scripts/pull_pvgis_115.py", line 144, in fetch_one
    .to_csv(hourly_path, index=False)
     ~~~~~~^^^^^^^^^^^^^^^^^^^^^^^^^^
  File "/Users/annayuen/Desktop/IECC/industrial_decarb/LCOH_EU_workflow/.venv/lib/python3.13/site-packages/pandas/core/generic.py", line 3988, in to_csv
    return DataFrameRenderer(formatter).to_csv(
           ~~~~~~~~~~~~~~~~~~~~~~~~~~~~~~~~~~~^
        path_or_buf,
        ^^^^^^^^^^^^
    ...<14 lines>...
        storage_options=storage_options,
        ^^^^^^^^^^^^^^^^^^^^^^^^^^^^^^^^
    )
    ^
  File "/Users/annayuen/Desktop/IECC/industrial_decarb/LCOH_EU_workflow/.venv/lib/python3.13/site-packages/pandas/io/formats/format.py", line 1025, in to_csv
    csv_formatter.save()
    ~~~~~~~~~~~~~~~~~~^^
  File "/Users/annayuen/Desktop/IECC/industrial_decarb/LCOH_EU_workflow/.venv/lib/python3.13/site-packages/pandas/io/formats/csvs.py", line 251, in save
    with get_handle(
         ~~~~~~~~~~^
        self.filepath_or_buffer,
        ^^^^^^^^^^^^^^^^^^^^^^^^
    ...<4 lines>...
        storage_options=self.storage_options,
        ^^^^^^^^^^^^^^^^^^^^^^^^^^^^^^^^^^^^^
    ) as handles:
    ^
  File "/Users/annayuen/Desktop/IECC/industrial_decarb/LCOH_EU_workflow/.venv/lib/python3.13/site-packages/pandas/io/common.py", line 797, in get_handle
    check_parent_directory(str(handle))
    ~~~~~~~~~~~~~~~~~~~~~~^^^^^^^^^^^^^
  File "/Users/annayuen/Desktop/IECC/industrial_decarb/LCOH_EU_workflow/.venv/lib/python3.13/site-packages/pandas/io/common.py", line 656, in check_parent_directory
    raise OSError(rf"Cannot save file into a non-existent directory: '{parent}'")
OSError: Cannot save file into a non-existent directory: '/Users/annayuen/Desktop/IECC/industrial_decarb/LCOH_EU_workflow/off_grid_electricity_run/outputs/pvgis_hourly/IT.CAED'
2026-06-01 16:51:48,727 ERROR [FR.CAED/662.FACILITY] unexpected error: Cannot save file into a non-existent directory: '/Users/annayuen/Desktop/IECC/industrial_decarb/LCOH_EU_workflow/off_grid_electricity_run/outputs/pvgis_hourly/FR.CAED'
Traceback (most recent call last):
  File "/Users/annayuen/Desktop/IECC/industrial_decarb/LCOH_EU_workflow/off_grid_electricity_run/scripts/pull_pvgis_115.py", line 144, in fetch_one
    .to_csv(hourly_path, index=False)
     ~~~~~~^^^^^^^^^^^^^^^^^^^^^^^^^^
  File "/Users/annayuen/Desktop/IECC/industrial_decarb/LCOH_EU_workflow/.venv/lib/python3.13/site-packages/pandas/core/generic.py", line 3988, in to_csv
    return DataFrameRenderer(formatter).to_csv(
           ~~~~~~~~~~~~~~~~~~~~~~~~~~~~~~~~~~~^
        path_or_buf,
        ^^^^^^^^^^^^
    ...<14 lines>...
        storage_options=storage_options,
        ^^^^^^^^^^^^^^^^^^^^^^^^^^^^^^^^
    )
    ^
  File "/Users/annayuen/Desktop/IECC/industrial_decarb/LCOH_EU_workflow/.venv/lib/python3.13/site-packages/pandas/io/formats/format.py", line 1025, in to_csv
    csv_formatter.save()
    ~~~~~~~~~~~~~~~~~~^^
  File "/Users/annayuen/Desktop/IECC/industrial_decarb/LCOH_EU_workflow/.venv/lib/python3.13/site-packages/pandas/io/formats/csvs.py", line 251, in save
    with get_handle(
         ~~~~~~~~~~^
        self.filepath_or_buffer,
        ^^^^^^^^^^^^^^^^^^^^^^^^
    ...<4 lines>...
        storage_options=self.storage_options,
        ^^^^^^^^^^^^^^^^^^^^^^^^^^^^^^^^^^^^^
    ) as handles:
    ^
  File "/Users/annayuen/Desktop/IECC/industrial_decarb/LCOH_EU_workflow/.venv/lib/python3.13/site-packages/pandas/io/common.py", line 797, in get_handle
    check_parent_directory(str(handle))
    ~~~~~~~~~~~~~~~~~~~~~~^^^^^^^^^^^^^
  File "/Users/annayuen/Desktop/IECC/industrial_decarb/LCOH_EU_workflow/.venv/lib/python3.13/site-packages/pandas/io/common.py", line 656, in check_parent_directory
    raise OSError(rf"Cannot save file into a non-existent directory: '{parent}'")
OSError: Cannot save file into a non-existent directory: '/Users/annayuen/Desktop/IECC/industrial_decarb/LCOH_EU_workflow/off_grid_electricity_run/outputs/pvgis_hourly/FR.CAED'
2026-06-01 16:51:48,731 INFO [IT.CAED/980571001.FACILITY] start  lat=38.2027 lon=15.2723  active=10
2026-06-01 16:51:48,732 INFO [55/115] FAIL  IT.CAED/330282002.FACILITY  ETA 0:00:13.189500
2026-06-01 16:51:48,733 INFO [IT.CAED/930121001.FACILITY] start  lat=37.0554 lon=14.2772  active=10
2026-06-01 16:51:48,734 INFO [56/115] FAIL  FR.CAED/662.FACILITY  ETA 0:00:12.740283
2026-06-01 16:51:48,759 ERROR [FR.CAED/3936.FACILITY] unexpected error: Cannot save file into a non-existent directory: '/Users/annayuen/Desktop/IECC/industrial_decarb/LCOH_EU_workflow/off_grid_electricity_run/outputs/pvgis_hourly/FR.CAED'
Traceback (most recent call last):
  File "/Users/annayuen/Desktop/IECC/industrial_decarb/LCOH_EU_workflow/off_grid_electricity_run/scripts/pull_pvgis_115.py", line 144, in fetch_one
    .to_csv(hourly_path, index=False)
     ~~~~~~^^^^^^^^^^^^^^^^^^^^^^^^^^
  File "/Users/annayuen/Desktop/IECC/industrial_decarb/LCOH_EU_workflow/.venv/lib/python3.13/site-packages/pandas/core/generic.py", line 3988, in to_csv
    return DataFrameRenderer(formatter).to_csv(
           ~~~~~~~~~~~~~~~~~~~~~~~~~~~~~~~~~~~^
        path_or_buf,
        ^^^^^^^^^^^^
    ...<14 lines>...
        storage_options=storage_options,
        ^^^^^^^^^^^^^^^^^^^^^^^^^^^^^^^^
    )
    ^
  File "/Users/annayuen/Desktop/IECC/industrial_decarb/LCOH_EU_workflow/.venv/lib/python3.13/site-packages/pandas/io/formats/format.py", line 1025, in to_csv
    csv_formatter.save()
    ~~~~~~~~~~~~~~~~~~^^
  File "/Users/annayuen/Desktop/IECC/industrial_decarb/LCOH_EU_workflow/.venv/lib/python3.13/site-packages/pandas/io/formats/csvs.py", line 251, in save
    with get_handle(
         ~~~~~~~~~~^
        self.filepath_or_buffer,
        ^^^^^^^^^^^^^^^^^^^^^^^^
    ...<4 lines>...
        storage_options=self.storage_options,
        ^^^^^^^^^^^^^^^^^^^^^^^^^^^^^^^^^^^^^
    ) as handles:
    ^
  File "/Users/annayuen/Desktop/IECC/industrial_decarb/LCOH_EU_workflow/.venv/lib/python3.13/site-packages/pandas/io/common.py", line 797, in get_handle
    check_parent_directory(str(handle))
    ~~~~~~~~~~~~~~~~~~~~~~^^^^^^^^^^^^^
  File "/Users/annayuen/Desktop/IECC/industrial_decarb/LCOH_EU_workflow/.venv/lib/python3.13/site-packages/pandas/io/common.py", line 656, in check_parent_directory
    raise OSError(rf"Cannot save file into a non-existent directory: '{parent}'")
OSError: Cannot save file into a non-existent directory: '/Users/annayuen/Desktop/IECC/industrial_decarb/LCOH_EU_workflow/off_grid_electricity_run/outputs/pvgis_hourly/FR.CAED'
2026-06-01 16:51:48,761 INFO [EL.CAED/100058.FACILITY] start  lat=38.0422 lon=23.5108  active=10
2026-06-01 16:51:48,761 INFO [57/115] FAIL  FR.CAED/3936.FACILITY  ETA 0:00:12.332018
2026-06-01 16:51:48,892 ERROR [FR.CAED/5938.FACILITY] unexpected error: Cannot save file into a non-existent directory: '/Users/annayuen/Desktop/IECC/industrial_decarb/LCOH_EU_workflow/off_grid_electricity_run/outputs/pvgis_hourly/FR.CAED'
Traceback (most recent call last):
  File "/Users/annayuen/Desktop/IECC/industrial_decarb/LCOH_EU_workflow/off_grid_electricity_run/scripts/pull_pvgis_115.py", line 144, in fetch_one
    .to_csv(hourly_path, index=False)
     ~~~~~~^^^^^^^^^^^^^^^^^^^^^^^^^^
  File "/Users/annayuen/Desktop/IECC/industrial_decarb/LCOH_EU_workflow/.venv/lib/python3.13/site-packages/pandas/core/generic.py", line 3988, in to_csv
    return DataFrameRenderer(formatter).to_csv(
           ~~~~~~~~~~~~~~~~~~~~~~~~~~~~~~~~~~~^
        path_or_buf,
        ^^^^^^^^^^^^
    ...<14 lines>...
        storage_options=storage_options,
        ^^^^^^^^^^^^^^^^^^^^^^^^^^^^^^^^
    )
    ^
  File "/Users/annayuen/Desktop/IECC/industrial_decarb/LCOH_EU_workflow/.venv/lib/python3.13/site-packages/pandas/io/formats/format.py", line 1025, in to_csv
    csv_formatter.save()
    ~~~~~~~~~~~~~~~~~~^^
  File "/Users/annayuen/Desktop/IECC/industrial_decarb/LCOH_EU_workflow/.venv/lib/python3.13/site-packages/pandas/io/formats/csvs.py", line 251, in save
    with get_handle(
         ~~~~~~~~~~^
        self.filepath_or_buffer,
        ^^^^^^^^^^^^^^^^^^^^^^^^
    ...<4 lines>...
        storage_options=self.storage_options,
        ^^^^^^^^^^^^^^^^^^^^^^^^^^^^^^^^^^^^^
    ) as handles:
    ^
  File "/Users/annayuen/Desktop/IECC/industrial_decarb/LCOH_EU_workflow/.venv/lib/python3.13/site-packages/pandas/io/common.py", line 797, in get_handle
    check_parent_directory(str(handle))
    ~~~~~~~~~~~~~~~~~~~~~~^^^^^^^^^^^^^
  File "/Users/annayuen/Desktop/IECC/industrial_decarb/LCOH_EU_workflow/.venv/lib/python3.13/site-packages/pandas/io/common.py", line 656, in check_parent_directory
    raise OSError(rf"Cannot save file into a non-existent directory: '{parent}'")
OSError: Cannot save file into a non-existent directory: '/Users/annayuen/Desktop/IECC/industrial_decarb/LCOH_EU_workflow/off_grid_electricity_run/outputs/pvgis_hourly/FR.CAED'
2026-06-01 16:51:48,893 ERROR [PL.MŚ/000000273.FACILITY] unexpected error: Cannot save file into a non-existent directory: '/Users/annayuen/Desktop/IECC/industrial_decarb/LCOH_EU_workflow/off_grid_electricity_run/outputs/pvgis_hourly/PL.MŚ'
Traceback (most recent call last):
  File "/Users/annayuen/Desktop/IECC/industrial_decarb/LCOH_EU_workflow/off_grid_electricity_run/scripts/pull_pvgis_115.py", line 144, in fetch_one
    .to_csv(hourly_path, index=False)
     ~~~~~~^^^^^^^^^^^^^^^^^^^^^^^^^^
  File "/Users/annayuen/Desktop/IECC/industrial_decarb/LCOH_EU_workflow/.venv/lib/python3.13/site-packages/pandas/core/generic.py", line 3988, in to_csv
    return DataFrameRenderer(formatter).to_csv(
           ~~~~~~~~~~~~~~~~~~~~~~~~~~~~~~~~~~~^
        path_or_buf,
        ^^^^^^^^^^^^
    ...<14 lines>...
        storage_options=storage_options,
        ^^^^^^^^^^^^^^^^^^^^^^^^^^^^^^^^
    )
    ^
  File "/Users/annayuen/Desktop/IECC/industrial_decarb/LCOH_EU_workflow/.venv/lib/python3.13/site-packages/pandas/io/formats/format.py", line 1025, in to_csv
    csv_formatter.save()
    ~~~~~~~~~~~~~~~~~~^^
  File "/Users/annayuen/Desktop/IECC/industrial_decarb/LCOH_EU_workflow/.venv/lib/python3.13/site-packages/pandas/io/formats/csvs.py", line 251, in save
    with get_handle(
         ~~~~~~~~~~^
        self.filepath_or_buffer,
        ^^^^^^^^^^^^^^^^^^^^^^^^
    ...<4 lines>...
        storage_options=self.storage_options,
        ^^^^^^^^^^^^^^^^^^^^^^^^^^^^^^^^^^^^^
    ) as handles:
    ^
  File "/Users/annayuen/Desktop/IECC/industrial_decarb/LCOH_EU_workflow/.venv/lib/python3.13/site-packages/pandas/io/common.py", line 797, in get_handle
    check_parent_directory(str(handle))
    ~~~~~~~~~~~~~~~~~~~~~~^^^^^^^^^^^^^
  File "/Users/annayuen/Desktop/IECC/industrial_decarb/LCOH_EU_workflow/.venv/lib/python3.13/site-packages/pandas/io/common.py", line 656, in check_parent_directory
    raise OSError(rf"Cannot save file into a non-existent directory: '{parent}'")
OSError: Cannot save file into a non-existent directory: '/Users/annayuen/Desktop/IECC/industrial_decarb/LCOH_EU_workflow/off_grid_electricity_run/outputs/pvgis_hourly/PL.MŚ'
2026-06-01 16:51:48,894 INFO [IT.CAED/301751001.FACILITY] start  lat=45.4594 lon=12.2667  active=10
2026-06-01 16:51:48,894 INFO [58/115] FAIL  FR.CAED/5938.FACILITY  ETA 0:00:12.041820
2026-06-01 16:51:48,896 INFO [FR.CAED/759.FACILITY] start  lat=44.2072 lon=-1.2716  active=10
2026-06-01 16:51:48,896 INFO [59/115] FAIL  PL.MŚ/000000273.FACILITY  ETA 0:00:11.631984
2026-06-01 16:51:48,981 ERROR [ES.CAED/001619000.FACILITY] unexpected error: Cannot save file into a non-existent directory: '/Users/annayuen/Desktop/IECC/industrial_decarb/LCOH_EU_workflow/off_grid_electricity_run/outputs/pvgis_hourly/ES.CAED'
Traceback (most recent call last):
  File "/Users/annayuen/Desktop/IECC/industrial_decarb/LCOH_EU_workflow/off_grid_electricity_run/scripts/pull_pvgis_115.py", line 144, in fetch_one
    .to_csv(hourly_path, index=False)
     ~~~~~~^^^^^^^^^^^^^^^^^^^^^^^^^^
  File "/Users/annayuen/Desktop/IECC/industrial_decarb/LCOH_EU_workflow/.venv/lib/python3.13/site-packages/pandas/core/generic.py", line 3988, in to_csv
    return DataFrameRenderer(formatter).to_csv(
           ~~~~~~~~~~~~~~~~~~~~~~~~~~~~~~~~~~~^
        path_or_buf,
        ^^^^^^^^^^^^
    ...<14 lines>...
        storage_options=storage_options,
        ^^^^^^^^^^^^^^^^^^^^^^^^^^^^^^^^
    )
    ^
  File "/Users/annayuen/Desktop/IECC/industrial_decarb/LCOH_EU_workflow/.venv/lib/python3.13/site-packages/pandas/io/formats/format.py", line 1025, in to_csv
    csv_formatter.save()
    ~~~~~~~~~~~~~~~~~~^^
  File "/Users/annayuen/Desktop/IECC/industrial_decarb/LCOH_EU_workflow/.venv/lib/python3.13/site-packages/pandas/io/formats/csvs.py", line 251, in save
    with get_handle(
         ~~~~~~~~~~^
        self.filepath_or_buffer,
        ^^^^^^^^^^^^^^^^^^^^^^^^
    ...<4 lines>...
        storage_options=self.storage_options,
        ^^^^^^^^^^^^^^^^^^^^^^^^^^^^^^^^^^^^^
    ) as handles:
    ^
  File "/Users/annayuen/Desktop/IECC/industrial_decarb/LCOH_EU_workflow/.venv/lib/python3.13/site-packages/pandas/io/common.py", line 797, in get_handle
    check_parent_directory(str(handle))
    ~~~~~~~~~~~~~~~~~~~~~~^^^^^^^^^^^^^
  File "/Users/annayuen/Desktop/IECC/industrial_decarb/LCOH_EU_workflow/.venv/lib/python3.13/site-packages/pandas/io/common.py", line 656, in check_parent_directory
    raise OSError(rf"Cannot save file into a non-existent directory: '{parent}'")
OSError: Cannot save file into a non-existent directory: '/Users/annayuen/Desktop/IECC/industrial_decarb/LCOH_EU_workflow/off_grid_electricity_run/outputs/pvgis_hourly/ES.CAED'
2026-06-01 16:51:48,983 INFO [IT.CAED/030392001.FACILITY] start  lat=41.6994 lon=13.5869  active=10
2026-06-01 16:51:48,983 INFO [60/115] FAIL  ES.CAED/001619000.FACILITY  ETA 0:00:11.313665
2026-06-01 16:51:50,212 ERROR [ES.CAED/001960000.FACILITY] unexpected error: Cannot save file into a non-existent directory: '/Users/annayuen/Desktop/IECC/industrial_decarb/LCOH_EU_workflow/off_grid_electricity_run/outputs/pvgis_hourly/ES.CAED'
Traceback (most recent call last):
  File "/Users/annayuen/Desktop/IECC/industrial_decarb/LCOH_EU_workflow/off_grid_electricity_run/scripts/pull_pvgis_115.py", line 144, in fetch_one
    .to_csv(hourly_path, index=False)
     ~~~~~~^^^^^^^^^^^^^^^^^^^^^^^^^^
  File "/Users/annayuen/Desktop/IECC/industrial_decarb/LCOH_EU_workflow/.venv/lib/python3.13/site-packages/pandas/core/generic.py", line 3988, in to_csv
    return DataFrameRenderer(formatter).to_csv(
           ~~~~~~~~~~~~~~~~~~~~~~~~~~~~~~~~~~~^
        path_or_buf,
        ^^^^^^^^^^^^
    ...<14 lines>...
        storage_options=storage_options,
        ^^^^^^^^^^^^^^^^^^^^^^^^^^^^^^^^
    )
    ^
  File "/Users/annayuen/Desktop/IECC/industrial_decarb/LCOH_EU_workflow/.venv/lib/python3.13/site-packages/pandas/io/formats/format.py", line 1025, in to_csv
    csv_formatter.save()
    ~~~~~~~~~~~~~~~~~~^^
  File "/Users/annayuen/Desktop/IECC/industrial_decarb/LCOH_EU_workflow/.venv/lib/python3.13/site-packages/pandas/io/formats/csvs.py", line 251, in save
    with get_handle(
         ~~~~~~~~~~^
        self.filepath_or_buffer,
        ^^^^^^^^^^^^^^^^^^^^^^^^
    ...<4 lines>...
        storage_options=self.storage_options,
        ^^^^^^^^^^^^^^^^^^^^^^^^^^^^^^^^^^^^^
    ) as handles:
    ^
  File "/Users/annayuen/Desktop/IECC/industrial_decarb/LCOH_EU_workflow/.venv/lib/python3.13/site-packages/pandas/io/common.py", line 797, in get_handle
    check_parent_directory(str(handle))
    ~~~~~~~~~~~~~~~~~~~~~~^^^^^^^^^^^^^
  File "/Users/annayuen/Desktop/IECC/industrial_decarb/LCOH_EU_workflow/.venv/lib/python3.13/site-packages/pandas/io/common.py", line 656, in check_parent_directory
    raise OSError(rf"Cannot save file into a non-existent directory: '{parent}'")
OSError: Cannot save file into a non-existent directory: '/Users/annayuen/Desktop/IECC/industrial_decarb/LCOH_EU_workflow/off_grid_electricity_run/outputs/pvgis_hourly/ES.CAED'
2026-06-01 16:51:50,214 INFO [FR.CAED/146.FACILITY] start  lat=49.3655 lon=3.4137  active=10
2026-06-01 16:51:50,214 INFO [61/115] FAIL  ES.CAED/001960000.FACILITY  ETA 0:00:12.015432
2026-06-01 16:51:50,445 ERROR [FR.CAED/44.FACILITY] unexpected error: Cannot save file into a non-existent directory: '/Users/annayuen/Desktop/IECC/industrial_decarb/LCOH_EU_workflow/off_grid_electricity_run/outputs/pvgis_hourly/FR.CAED'
Traceback (most recent call last):
  File "/Users/annayuen/Desktop/IECC/industrial_decarb/LCOH_EU_workflow/off_grid_electricity_run/scripts/pull_pvgis_115.py", line 144, in fetch_one
    .to_csv(hourly_path, index=False)
     ~~~~~~^^^^^^^^^^^^^^^^^^^^^^^^^^
  File "/Users/annayuen/Desktop/IECC/industrial_decarb/LCOH_EU_workflow/.venv/lib/python3.13/site-packages/pandas/core/generic.py", line 3988, in to_csv
    return DataFrameRenderer(formatter).to_csv(
           ~~~~~~~~~~~~~~~~~~~~~~~~~~~~~~~~~~~^
        path_or_buf,
        ^^^^^^^^^^^^
    ...<14 lines>...
        storage_options=storage_options,
        ^^^^^^^^^^^^^^^^^^^^^^^^^^^^^^^^
    )
    ^
  File "/Users/annayuen/Desktop/IECC/industrial_decarb/LCOH_EU_workflow/.venv/lib/python3.13/site-packages/pandas/io/formats/format.py", line 1025, in to_csv
    csv_formatter.save()
    ~~~~~~~~~~~~~~~~~~^^
  File "/Users/annayuen/Desktop/IECC/industrial_decarb/LCOH_EU_workflow/.venv/lib/python3.13/site-packages/pandas/io/formats/csvs.py", line 251, in save
    with get_handle(
         ~~~~~~~~~~^
        self.filepath_or_buffer,
        ^^^^^^^^^^^^^^^^^^^^^^^^
    ...<4 lines>...
        storage_options=self.storage_options,
        ^^^^^^^^^^^^^^^^^^^^^^^^^^^^^^^^^^^^^
    ) as handles:
    ^
  File "/Users/annayuen/Desktop/IECC/industrial_decarb/LCOH_EU_workflow/.venv/lib/python3.13/site-packages/pandas/io/common.py", line 797, in get_handle
    check_parent_directory(str(handle))
    ~~~~~~~~~~~~~~~~~~~~~~^^^^^^^^^^^^^
  File "/Users/annayuen/Desktop/IECC/industrial_decarb/LCOH_EU_workflow/.venv/lib/python3.13/site-packages/pandas/io/common.py", line 656, in check_parent_directory
    raise OSError(rf"Cannot save file into a non-existent directory: '{parent}'")
OSError: Cannot save file into a non-existent directory: '/Users/annayuen/Desktop/IECC/industrial_decarb/LCOH_EU_workflow/off_grid_electricity_run/outputs/pvgis_hourly/FR.CAED'
2026-06-01 16:51:50,446 INFO [ES.CAED/001529000.FACILITY] start  lat=37.6222 lon=-0.9822  active=10
2026-06-01 16:51:50,447 INFO [62/115] FAIL  FR.CAED/44.FACILITY  ETA 0:00:11.801351
2026-06-01 16:51:50,688 ERROR [EL.CAED/100058.FACILITY] unexpected error: Cannot save file into a non-existent directory: '/Users/annayuen/Desktop/IECC/industrial_decarb/LCOH_EU_workflow/off_grid_electricity_run/outputs/pvgis_hourly/EL.CAED'
Traceback (most recent call last):
  File "/Users/annayuen/Desktop/IECC/industrial_decarb/LCOH_EU_workflow/off_grid_electricity_run/scripts/pull_pvgis_115.py", line 144, in fetch_one
    .to_csv(hourly_path, index=False)
     ~~~~~~^^^^^^^^^^^^^^^^^^^^^^^^^^
  File "/Users/annayuen/Desktop/IECC/industrial_decarb/LCOH_EU_workflow/.venv/lib/python3.13/site-packages/pandas/core/generic.py", line 3988, in to_csv
    return DataFrameRenderer(formatter).to_csv(
           ~~~~~~~~~~~~~~~~~~~~~~~~~~~~~~~~~~~^
        path_or_buf,
        ^^^^^^^^^^^^
    ...<14 lines>...
        storage_options=storage_options,
        ^^^^^^^^^^^^^^^^^^^^^^^^^^^^^^^^
    )
    ^
  File "/Users/annayuen/Desktop/IECC/industrial_decarb/LCOH_EU_workflow/.venv/lib/python3.13/site-packages/pandas/io/formats/format.py", line 1025, in to_csv
    csv_formatter.save()
    ~~~~~~~~~~~~~~~~~~^^
  File "/Users/annayuen/Desktop/IECC/industrial_decarb/LCOH_EU_workflow/.venv/lib/python3.13/site-packages/pandas/io/formats/csvs.py", line 251, in save
    with get_handle(
         ~~~~~~~~~~^
        self.filepath_or_buffer,
        ^^^^^^^^^^^^^^^^^^^^^^^^
    ...<4 lines>...
        storage_options=self.storage_options,
        ^^^^^^^^^^^^^^^^^^^^^^^^^^^^^^^^^^^^^
    ) as handles:
    ^
  File "/Users/annayuen/Desktop/IECC/industrial_decarb/LCOH_EU_workflow/.venv/lib/python3.13/site-packages/pandas/io/common.py", line 797, in get_handle
    check_parent_directory(str(handle))
    ~~~~~~~~~~~~~~~~~~~~~~^^^^^^^^^^^^^
  File "/Users/annayuen/Desktop/IECC/industrial_decarb/LCOH_EU_workflow/.venv/lib/python3.13/site-packages/pandas/io/common.py", line 656, in check_parent_directory
    raise OSError(rf"Cannot save file into a non-existent directory: '{parent}'")
OSError: Cannot save file into a non-existent directory: '/Users/annayuen/Desktop/IECC/industrial_decarb/LCOH_EU_workflow/off_grid_electricity_run/outputs/pvgis_hourly/EL.CAED'
2026-06-01 16:51:50,691 INFO [FR.CAED/7626.FACILITY] start  lat=43.4201 lon=4.8602  active=10
2026-06-01 16:51:50,692 INFO [63/115] FAIL  EL.CAED/100058.FACILITY  ETA 0:00:11.597144
2026-06-01 16:51:50,709 ERROR [PL.MŚ/000000058.FACILITY] unexpected error: Cannot save file into a non-existent directory: '/Users/annayuen/Desktop/IECC/industrial_decarb/LCOH_EU_workflow/off_grid_electricity_run/outputs/pvgis_hourly/PL.MŚ'
Traceback (most recent call last):
  File "/Users/annayuen/Desktop/IECC/industrial_decarb/LCOH_EU_workflow/off_grid_electricity_run/scripts/pull_pvgis_115.py", line 144, in fetch_one
    .to_csv(hourly_path, index=False)
     ~~~~~~^^^^^^^^^^^^^^^^^^^^^^^^^^
  File "/Users/annayuen/Desktop/IECC/industrial_decarb/LCOH_EU_workflow/.venv/lib/python3.13/site-packages/pandas/core/generic.py", line 3988, in to_csv
    return DataFrameRenderer(formatter).to_csv(
           ~~~~~~~~~~~~~~~~~~~~~~~~~~~~~~~~~~~^
        path_or_buf,
        ^^^^^^^^^^^^
    ...<14 lines>...
        storage_options=storage_options,
        ^^^^^^^^^^^^^^^^^^^^^^^^^^^^^^^^
    )
    ^
  File "/Users/annayuen/Desktop/IECC/industrial_decarb/LCOH_EU_workflow/.venv/lib/python3.13/site-packages/pandas/io/formats/format.py", line 1025, in to_csv
    csv_formatter.save()
    ~~~~~~~~~~~~~~~~~~^^
  File "/Users/annayuen/Desktop/IECC/industrial_decarb/LCOH_EU_workflow/.venv/lib/python3.13/site-packages/pandas/io/formats/csvs.py", line 251, in save
    with get_handle(
         ~~~~~~~~~~^
        self.filepath_or_buffer,
        ^^^^^^^^^^^^^^^^^^^^^^^^
    ...<4 lines>...
        storage_options=self.storage_options,
        ^^^^^^^^^^^^^^^^^^^^^^^^^^^^^^^^^^^^^
    ) as handles:
    ^
  File "/Users/annayuen/Desktop/IECC/industrial_decarb/LCOH_EU_workflow/.venv/lib/python3.13/site-packages/pandas/io/common.py", line 797, in get_handle
    check_parent_directory(str(handle))
    ~~~~~~~~~~~~~~~~~~~~~~^^^^^^^^^^^^^
  File "/Users/annayuen/Desktop/IECC/industrial_decarb/LCOH_EU_workflow/.venv/lib/python3.13/site-packages/pandas/io/common.py", line 656, in check_parent_directory
    raise OSError(rf"Cannot save file into a non-existent directory: '{parent}'")
OSError: Cannot save file into a non-existent directory: '/Users/annayuen/Desktop/IECC/industrial_decarb/LCOH_EU_workflow/off_grid_electricity_run/outputs/pvgis_hourly/PL.MŚ'
2026-06-01 16:51:50,711 ERROR [FR.CAED/3839.FACILITY] unexpected error: Cannot save file into a non-existent directory: '/Users/annayuen/Desktop/IECC/industrial_decarb/LCOH_EU_workflow/off_grid_electricity_run/outputs/pvgis_hourly/FR.CAED'
Traceback (most recent call last):
  File "/Users/annayuen/Desktop/IECC/industrial_decarb/LCOH_EU_workflow/off_grid_electricity_run/scripts/pull_pvgis_115.py", line 144, in fetch_one
    .to_csv(hourly_path, index=False)
     ~~~~~~^^^^^^^^^^^^^^^^^^^^^^^^^^
  File "/Users/annayuen/Desktop/IECC/industrial_decarb/LCOH_EU_workflow/.venv/lib/python3.13/site-packages/pandas/core/generic.py", line 3988, in to_csv
    return DataFrameRenderer(formatter).to_csv(
           ~~~~~~~~~~~~~~~~~~~~~~~~~~~~~~~~~~~^
        path_or_buf,
        ^^^^^^^^^^^^
    ...<14 lines>...
        storage_options=storage_options,
        ^^^^^^^^^^^^^^^^^^^^^^^^^^^^^^^^
    )
    ^
  File "/Users/annayuen/Desktop/IECC/industrial_decarb/LCOH_EU_workflow/.venv/lib/python3.13/site-packages/pandas/io/formats/format.py", line 1025, in to_csv
    csv_formatter.save()
    ~~~~~~~~~~~~~~~~~~^^
  File "/Users/annayuen/Desktop/IECC/industrial_decarb/LCOH_EU_workflow/.venv/lib/python3.13/site-packages/pandas/io/formats/csvs.py", line 251, in save
    with get_handle(
         ~~~~~~~~~~^
        self.filepath_or_buffer,
        ^^^^^^^^^^^^^^^^^^^^^^^^
    ...<4 lines>...
        storage_options=self.storage_options,
        ^^^^^^^^^^^^^^^^^^^^^^^^^^^^^^^^^^^^^
    ) as handles:
    ^
  File "/Users/annayuen/Desktop/IECC/industrial_decarb/LCOH_EU_workflow/.venv/lib/python3.13/site-packages/pandas/io/common.py", line 797, in get_handle
    check_parent_directory(str(handle))
    ~~~~~~~~~~~~~~~~~~~~~~^^^^^^^^^^^^^
  File "/Users/annayuen/Desktop/IECC/industrial_decarb/LCOH_EU_workflow/.venv/lib/python3.13/site-packages/pandas/io/common.py", line 656, in check_parent_directory
    raise OSError(rf"Cannot save file into a non-existent directory: '{parent}'")
OSError: Cannot save file into a non-existent directory: '/Users/annayuen/Desktop/IECC/industrial_decarb/LCOH_EU_workflow/off_grid_electricity_run/outputs/pvgis_hourly/FR.CAED'
2026-06-01 16:51:50,715 ERROR [FR.CAED/759.FACILITY] unexpected error: Cannot save file into a non-existent directory: '/Users/annayuen/Desktop/IECC/industrial_decarb/LCOH_EU_workflow/off_grid_electricity_run/outputs/pvgis_hourly/FR.CAED'
Traceback (most recent call last):
  File "/Users/annayuen/Desktop/IECC/industrial_decarb/LCOH_EU_workflow/off_grid_electricity_run/scripts/pull_pvgis_115.py", line 144, in fetch_one
    .to_csv(hourly_path, index=False)
     ~~~~~~^^^^^^^^^^^^^^^^^^^^^^^^^^
  File "/Users/annayuen/Desktop/IECC/industrial_decarb/LCOH_EU_workflow/.venv/lib/python3.13/site-packages/pandas/core/generic.py", line 3988, in to_csv
    return DataFrameRenderer(formatter).to_csv(
           ~~~~~~~~~~~~~~~~~~~~~~~~~~~~~~~~~~~^
        path_or_buf,
        ^^^^^^^^^^^^
    ...<14 lines>...
        storage_options=storage_options,
        ^^^^^^^^^^^^^^^^^^^^^^^^^^^^^^^^
    )
    ^
  File "/Users/annayuen/Desktop/IECC/industrial_decarb/LCOH_EU_workflow/.venv/lib/python3.13/site-packages/pandas/io/formats/format.py", line 1025, in to_csv
    csv_formatter.save()
    ~~~~~~~~~~~~~~~~~~^^
  File "/Users/annayuen/Desktop/IECC/industrial_decarb/LCOH_EU_workflow/.venv/lib/python3.13/site-packages/pandas/io/formats/csvs.py", line 251, in save
    with get_handle(
         ~~~~~~~~~~^
        self.filepath_or_buffer,
        ^^^^^^^^^^^^^^^^^^^^^^^^
    ...<4 lines>...
        storage_options=self.storage_options,
        ^^^^^^^^^^^^^^^^^^^^^^^^^^^^^^^^^^^^^
    ) as handles:
    ^
  File "/Users/annayuen/Desktop/IECC/industrial_decarb/LCOH_EU_workflow/.venv/lib/python3.13/site-packages/pandas/io/common.py", line 797, in get_handle
    check_parent_directory(str(handle))
    ~~~~~~~~~~~~~~~~~~~~~~^^^^^^^^^^^^^
  File "/Users/annayuen/Desktop/IECC/industrial_decarb/LCOH_EU_workflow/.venv/lib/python3.13/site-packages/pandas/io/common.py", line 656, in check_parent_directory
    raise OSError(rf"Cannot save file into a non-existent directory: '{parent}'")
OSError: Cannot save file into a non-existent directory: '/Users/annayuen/Desktop/IECC/industrial_decarb/LCOH_EU_workflow/off_grid_electricity_run/outputs/pvgis_hourly/FR.CAED'
2026-06-01 16:51:50,715 ERROR [IT.CAED/930121001.FACILITY] unexpected error: Cannot save file into a non-existent directory: '/Users/annayuen/Desktop/IECC/industrial_decarb/LCOH_EU_workflow/off_grid_electricity_run/outputs/pvgis_hourly/IT.CAED'
Traceback (most recent call last):
  File "/Users/annayuen/Desktop/IECC/industrial_decarb/LCOH_EU_workflow/off_grid_electricity_run/scripts/pull_pvgis_115.py", line 144, in fetch_one
    .to_csv(hourly_path, index=False)
     ~~~~~~^^^^^^^^^^^^^^^^^^^^^^^^^^
  File "/Users/annayuen/Desktop/IECC/industrial_decarb/LCOH_EU_workflow/.venv/lib/python3.13/site-packages/pandas/core/generic.py", line 3988, in to_csv
    return DataFrameRenderer(formatter).to_csv(
           ~~~~~~~~~~~~~~~~~~~~~~~~~~~~~~~~~~~^
        path_or_buf,
        ^^^^^^^^^^^^
    ...<14 lines>...
        storage_options=storage_options,
        ^^^^^^^^^^^^^^^^^^^^^^^^^^^^^^^^
    )
    ^
  File "/Users/annayuen/Desktop/IECC/industrial_decarb/LCOH_EU_workflow/.venv/lib/python3.13/site-packages/pandas/io/formats/format.py", line 1025, in to_csv
    csv_formatter.save()
    ~~~~~~~~~~~~~~~~~~^^
  File "/Users/annayuen/Desktop/IECC/industrial_decarb/LCOH_EU_workflow/.venv/lib/python3.13/site-packages/pandas/io/formats/csvs.py", line 251, in save
    with get_handle(
         ~~~~~~~~~~^
        self.filepath_or_buffer,
        ^^^^^^^^^^^^^^^^^^^^^^^^
    ...<4 lines>...
        storage_options=self.storage_options,
        ^^^^^^^^^^^^^^^^^^^^^^^^^^^^^^^^^^^^^
    ) as handles:
    ^
  File "/Users/annayuen/Desktop/IECC/industrial_decarb/LCOH_EU_workflow/.venv/lib/python3.13/site-packages/pandas/io/common.py", line 797, in get_handle
    check_parent_directory(str(handle))
    ~~~~~~~~~~~~~~~~~~~~~~^^^^^^^^^^^^^
  File "/Users/annayuen/Desktop/IECC/industrial_decarb/LCOH_EU_workflow/.venv/lib/python3.13/site-packages/pandas/io/common.py", line 656, in check_parent_directory
    raise OSError(rf"Cannot save file into a non-existent directory: '{parent}'")
OSError: Cannot save file into a non-existent directory: '/Users/annayuen/Desktop/IECC/industrial_decarb/LCOH_EU_workflow/off_grid_electricity_run/outputs/pvgis_hourly/IT.CAED'
2026-06-01 16:51:50,717 INFO [FR.CAED/4151.FACILITY] start  lat=49.4891 lon=0.5252  active=10
2026-06-01 16:51:50,717 INFO [64/115] FAIL  PL.MŚ/000000058.FACILITY  ETA 0:00:11.216940
2026-06-01 16:51:50,718 ERROR [IT.CAED/980571001.FACILITY] unexpected error: Cannot save file into a non-existent directory: '/Users/annayuen/Desktop/IECC/industrial_decarb/LCOH_EU_workflow/off_grid_electricity_run/outputs/pvgis_hourly/IT.CAED'
Traceback (most recent call last):
  File "/Users/annayuen/Desktop/IECC/industrial_decarb/LCOH_EU_workflow/off_grid_electricity_run/scripts/pull_pvgis_115.py", line 144, in fetch_one
    .to_csv(hourly_path, index=False)
     ~~~~~~^^^^^^^^^^^^^^^^^^^^^^^^^^
  File "/Users/annayuen/Desktop/IECC/industrial_decarb/LCOH_EU_workflow/.venv/lib/python3.13/site-packages/pandas/core/generic.py", line 3988, in to_csv
    return DataFrameRenderer(formatter).to_csv(
           ~~~~~~~~~~~~~~~~~~~~~~~~~~~~~~~~~~~^
        path_or_buf,
        ^^^^^^^^^^^^
    ...<14 lines>...
        storage_options=storage_options,
        ^^^^^^^^^^^^^^^^^^^^^^^^^^^^^^^^
    )
    ^
  File "/Users/annayuen/Desktop/IECC/industrial_decarb/LCOH_EU_workflow/.venv/lib/python3.13/site-packages/pandas/io/formats/format.py", line 1025, in to_csv
    csv_formatter.save()
    ~~~~~~~~~~~~~~~~~~^^
  File "/Users/annayuen/Desktop/IECC/industrial_decarb/LCOH_EU_workflow/.venv/lib/python3.13/site-packages/pandas/io/formats/csvs.py", line 251, in save
    with get_handle(
         ~~~~~~~~~~^
        self.filepath_or_buffer,
        ^^^^^^^^^^^^^^^^^^^^^^^^
    ...<4 lines>...
        storage_options=self.storage_options,
        ^^^^^^^^^^^^^^^^^^^^^^^^^^^^^^^^^^^^^
    ) as handles:
    ^
  File "/Users/annayuen/Desktop/IECC/industrial_decarb/LCOH_EU_workflow/.venv/lib/python3.13/site-packages/pandas/io/common.py", line 797, in get_handle
    check_parent_directory(str(handle))
    ~~~~~~~~~~~~~~~~~~~~~~^^^^^^^^^^^^^
  File "/Users/annayuen/Desktop/IECC/industrial_decarb/LCOH_EU_workflow/.venv/lib/python3.13/site-packages/pandas/io/common.py", line 656, in check_parent_directory
    raise OSError(rf"Cannot save file into a non-existent directory: '{parent}'")
OSError: Cannot save file into a non-existent directory: '/Users/annayuen/Desktop/IECC/industrial_decarb/LCOH_EU_workflow/off_grid_electricity_run/outputs/pvgis_hourly/IT.CAED'
2026-06-01 16:51:50,719 ERROR [IT.CAED/301751001.FACILITY] unexpected error: Cannot save file into a non-existent directory: '/Users/annayuen/Desktop/IECC/industrial_decarb/LCOH_EU_workflow/off_grid_electricity_run/outputs/pvgis_hourly/IT.CAED'
Traceback (most recent call last):
  File "/Users/annayuen/Desktop/IECC/industrial_decarb/LCOH_EU_workflow/off_grid_electricity_run/scripts/pull_pvgis_115.py", line 144, in fetch_one
    .to_csv(hourly_path, index=False)
     ~~~~~~^^^^^^^^^^^^^^^^^^^^^^^^^^
  File "/Users/annayuen/Desktop/IECC/industrial_decarb/LCOH_EU_workflow/.venv/lib/python3.13/site-packages/pandas/core/generic.py", line 3988, in to_csv
    return DataFrameRenderer(formatter).to_csv(
           ~~~~~~~~~~~~~~~~~~~~~~~~~~~~~~~~~~~^
        path_or_buf,
        ^^^^^^^^^^^^
    ...<14 lines>...
        storage_options=storage_options,
        ^^^^^^^^^^^^^^^^^^^^^^^^^^^^^^^^
    )
    ^
  File "/Users/annayuen/Desktop/IECC/industrial_decarb/LCOH_EU_workflow/.venv/lib/python3.13/site-packages/pandas/io/formats/format.py", line 1025, in to_csv
    csv_formatter.save()
    ~~~~~~~~~~~~~~~~~~^^
  File "/Users/annayuen/Desktop/IECC/industrial_decarb/LCOH_EU_workflow/.venv/lib/python3.13/site-packages/pandas/io/formats/csvs.py", line 251, in save
    with get_handle(
         ~~~~~~~~~~^
        self.filepath_or_buffer,
        ^^^^^^^^^^^^^^^^^^^^^^^^
    ...<4 lines>...
        storage_options=self.storage_options,
        ^^^^^^^^^^^^^^^^^^^^^^^^^^^^^^^^^^^^^
    ) as handles:
    ^
  File "/Users/annayuen/Desktop/IECC/industrial_decarb/LCOH_EU_workflow/.venv/lib/python3.13/site-packages/pandas/io/common.py", line 797, in get_handle
    check_parent_directory(str(handle))
    ~~~~~~~~~~~~~~~~~~~~~~^^^^^^^^^^^^^
  File "/Users/annayuen/Desktop/IECC/industrial_decarb/LCOH_EU_workflow/.venv/lib/python3.13/site-packages/pandas/io/common.py", line 656, in check_parent_directory
    raise OSError(rf"Cannot save file into a non-existent directory: '{parent}'")
OSError: Cannot save file into a non-existent directory: '/Users/annayuen/Desktop/IECC/industrial_decarb/LCOH_EU_workflow/off_grid_electricity_run/outputs/pvgis_hourly/IT.CAED'
2026-06-01 16:51:50,720 INFO [EL.CAED/100062.FACILITY] start  lat=40.6795 lon=22.8782  active=10
2026-06-01 16:51:50,722 INFO [EL.CAED/100053.FACILITY] start  lat=38.0324 lon=23.6028  active=10
2026-06-01 16:51:50,723 INFO [IT.CAED/030402001.FACILITY] start  lat=41.4375 lon=13.8971  active=10
2026-06-01 16:51:50,724 INFO [65/115] FAIL  FR.CAED/3839.FACILITY  ETA 0:00:10.832700
2026-06-01 16:51:50,726 INFO [FR.CAED/3829.FACILITY] start  lat=49.5052 lon=0.2099  active=10
2026-06-01 16:51:50,727 INFO [IT.CAED/570162008.FACILITY] start  lat=43.4089 lon=10.4739  active=10
2026-06-01 16:51:50,728 INFO [66/115] FAIL  FR.CAED/759.FACILITY  ETA 0:00:10.458560
2026-06-01 16:51:50,730 INFO [67/115] FAIL  IT.CAED/930121001.FACILITY  ETA 0:00:10.093104
2026-06-01 16:51:50,730 INFO [68/115] FAIL  IT.CAED/980571001.FACILITY  ETA 0:00:09.737554
2026-06-01 16:51:50,730 INFO [69/115] FAIL  IT.CAED/301751001.FACILITY  ETA 0:00:09.392280
2026-06-01 16:51:50,844 ERROR [IT.CAED/030392001.FACILITY] unexpected error: Cannot save file into a non-existent directory: '/Users/annayuen/Desktop/IECC/industrial_decarb/LCOH_EU_workflow/off_grid_electricity_run/outputs/pvgis_hourly/IT.CAED'
Traceback (most recent call last):
  File "/Users/annayuen/Desktop/IECC/industrial_decarb/LCOH_EU_workflow/off_grid_electricity_run/scripts/pull_pvgis_115.py", line 144, in fetch_one
    .to_csv(hourly_path, index=False)
     ~~~~~~^^^^^^^^^^^^^^^^^^^^^^^^^^
  File "/Users/annayuen/Desktop/IECC/industrial_decarb/LCOH_EU_workflow/.venv/lib/python3.13/site-packages/pandas/core/generic.py", line 3988, in to_csv
    return DataFrameRenderer(formatter).to_csv(
           ~~~~~~~~~~~~~~~~~~~~~~~~~~~~~~~~~~~^
        path_or_buf,
        ^^^^^^^^^^^^
    ...<14 lines>...
        storage_options=storage_options,
        ^^^^^^^^^^^^^^^^^^^^^^^^^^^^^^^^
    )
    ^
  File "/Users/annayuen/Desktop/IECC/industrial_decarb/LCOH_EU_workflow/.venv/lib/python3.13/site-packages/pandas/io/formats/format.py", line 1025, in to_csv
    csv_formatter.save()
    ~~~~~~~~~~~~~~~~~~^^
  File "/Users/annayuen/Desktop/IECC/industrial_decarb/LCOH_EU_workflow/.venv/lib/python3.13/site-packages/pandas/io/formats/csvs.py", line 251, in save
    with get_handle(
         ~~~~~~~~~~^
        self.filepath_or_buffer,
        ^^^^^^^^^^^^^^^^^^^^^^^^
    ...<4 lines>...
        storage_options=self.storage_options,
        ^^^^^^^^^^^^^^^^^^^^^^^^^^^^^^^^^^^^^
    ) as handles:
    ^
  File "/Users/annayuen/Desktop/IECC/industrial_decarb/LCOH_EU_workflow/.venv/lib/python3.13/site-packages/pandas/io/common.py", line 797, in get_handle
    check_parent_directory(str(handle))
    ~~~~~~~~~~~~~~~~~~~~~~^^^^^^^^^^^^^
  File "/Users/annayuen/Desktop/IECC/industrial_decarb/LCOH_EU_workflow/.venv/lib/python3.13/site-packages/pandas/io/common.py", line 656, in check_parent_directory
    raise OSError(rf"Cannot save file into a non-existent directory: '{parent}'")
OSError: Cannot save file into a non-existent directory: '/Users/annayuen/Desktop/IECC/industrial_decarb/LCOH_EU_workflow/off_grid_electricity_run/outputs/pvgis_hourly/IT.CAED'
2026-06-01 16:51:50,846 INFO [PL.MŚ/000000072.FACILITY] start  lat=53.6997 lon=18.9217  active=10
2026-06-01 16:51:50,846 INFO [70/115] FAIL  IT.CAED/030392001.FACILITY  ETA 0:00:09.131670
2026-06-01 16:51:52,160 ERROR [FR.CAED/146.FACILITY] unexpected error: Cannot save file into a non-existent directory: '/Users/annayuen/Desktop/IECC/industrial_decarb/LCOH_EU_workflow/off_grid_electricity_run/outputs/pvgis_hourly/FR.CAED'
Traceback (most recent call last):
  File "/Users/annayuen/Desktop/IECC/industrial_decarb/LCOH_EU_workflow/off_grid_electricity_run/scripts/pull_pvgis_115.py", line 144, in fetch_one
    .to_csv(hourly_path, index=False)
     ~~~~~~^^^^^^^^^^^^^^^^^^^^^^^^^^
  File "/Users/annayuen/Desktop/IECC/industrial_decarb/LCOH_EU_workflow/.venv/lib/python3.13/site-packages/pandas/core/generic.py", line 3988, in to_csv
    return DataFrameRenderer(formatter).to_csv(
           ~~~~~~~~~~~~~~~~~~~~~~~~~~~~~~~~~~~^
        path_or_buf,
        ^^^^^^^^^^^^
    ...<14 lines>...
        storage_options=storage_options,
        ^^^^^^^^^^^^^^^^^^^^^^^^^^^^^^^^
    )
    ^
  File "/Users/annayuen/Desktop/IECC/industrial_decarb/LCOH_EU_workflow/.venv/lib/python3.13/site-packages/pandas/io/formats/format.py", line 1025, in to_csv
    csv_formatter.save()
    ~~~~~~~~~~~~~~~~~~^^
  File "/Users/annayuen/Desktop/IECC/industrial_decarb/LCOH_EU_workflow/.venv/lib/python3.13/site-packages/pandas/io/formats/csvs.py", line 251, in save
    with get_handle(
         ~~~~~~~~~~^
        self.filepath_or_buffer,
        ^^^^^^^^^^^^^^^^^^^^^^^^
    ...<4 lines>...
        storage_options=self.storage_options,
        ^^^^^^^^^^^^^^^^^^^^^^^^^^^^^^^^^^^^^
    ) as handles:
    ^
  File "/Users/annayuen/Desktop/IECC/industrial_decarb/LCOH_EU_workflow/.venv/lib/python3.13/site-packages/pandas/io/common.py", line 797, in get_handle
    check_parent_directory(str(handle))
    ~~~~~~~~~~~~~~~~~~~~~~^^^^^^^^^^^^^
  File "/Users/annayuen/Desktop/IECC/industrial_decarb/LCOH_EU_workflow/.venv/lib/python3.13/site-packages/pandas/io/common.py", line 656, in check_parent_directory
    raise OSError(rf"Cannot save file into a non-existent directory: '{parent}'")
OSError: Cannot save file into a non-existent directory: '/Users/annayuen/Desktop/IECC/industrial_decarb/LCOH_EU_workflow/off_grid_electricity_run/outputs/pvgis_hourly/FR.CAED'
2026-06-01 16:51:52,163 INFO [FR.CAED/9481.FACILITY] start  lat=47.8265 lon=7.5459  active=10
2026-06-01 16:51:52,163 INFO [71/115] FAIL  FR.CAED/146.FACILITY  ETA 0:00:09.619104
2026-06-01 16:51:52,169 ERROR [ES.CAED/001529000.FACILITY] unexpected error: Cannot save file into a non-existent directory: '/Users/annayuen/Desktop/IECC/industrial_decarb/LCOH_EU_workflow/off_grid_electricity_run/outputs/pvgis_hourly/ES.CAED'
Traceback (most recent call last):
  File "/Users/annayuen/Desktop/IECC/industrial_decarb/LCOH_EU_workflow/off_grid_electricity_run/scripts/pull_pvgis_115.py", line 144, in fetch_one
    .to_csv(hourly_path, index=False)
     ~~~~~~^^^^^^^^^^^^^^^^^^^^^^^^^^
  File "/Users/annayuen/Desktop/IECC/industrial_decarb/LCOH_EU_workflow/.venv/lib/python3.13/site-packages/pandas/core/generic.py", line 3988, in to_csv
    return DataFrameRenderer(formatter).to_csv(
           ~~~~~~~~~~~~~~~~~~~~~~~~~~~~~~~~~~~^
        path_or_buf,
        ^^^^^^^^^^^^
    ...<14 lines>...
        storage_options=storage_options,
        ^^^^^^^^^^^^^^^^^^^^^^^^^^^^^^^^
    )
    ^
  File "/Users/annayuen/Desktop/IECC/industrial_decarb/LCOH_EU_workflow/.venv/lib/python3.13/site-packages/pandas/io/formats/format.py", line 1025, in to_csv
    csv_formatter.save()
    ~~~~~~~~~~~~~~~~~~^^
  File "/Users/annayuen/Desktop/IECC/industrial_decarb/LCOH_EU_workflow/.venv/lib/python3.13/site-packages/pandas/io/formats/csvs.py", line 251, in save
    with get_handle(
         ~~~~~~~~~~^
        self.filepath_or_buffer,
        ^^^^^^^^^^^^^^^^^^^^^^^^
    ...<4 lines>...
        storage_options=self.storage_options,
        ^^^^^^^^^^^^^^^^^^^^^^^^^^^^^^^^^^^^^
    ) as handles:
    ^
  File "/Users/annayuen/Desktop/IECC/industrial_decarb/LCOH_EU_workflow/.venv/lib/python3.13/site-packages/pandas/io/common.py", line 797, in get_handle
    check_parent_directory(str(handle))
    ~~~~~~~~~~~~~~~~~~~~~~^^^^^^^^^^^^^
  File "/Users/annayuen/Desktop/IECC/industrial_decarb/LCOH_EU_workflow/.venv/lib/python3.13/site-packages/pandas/io/common.py", line 656, in check_parent_directory
    raise OSError(rf"Cannot save file into a non-existent directory: '{parent}'")
OSError: Cannot save file into a non-existent directory: '/Users/annayuen/Desktop/IECC/industrial_decarb/LCOH_EU_workflow/off_grid_electricity_run/outputs/pvgis_hourly/ES.CAED'
2026-06-01 16:51:52,171 INFO [FR.CAED/9469.FACILITY] start  lat=47.8191 lon=7.5385  active=10
2026-06-01 16:51:52,171 INFO [72/115] FAIL  ES.CAED/001529000.FACILITY  ETA 0:00:09.274799
2026-06-01 16:51:52,421 ERROR [IT.CAED/570162008.FACILITY] unexpected error: Cannot save file into a non-existent directory: '/Users/annayuen/Desktop/IECC/industrial_decarb/LCOH_EU_workflow/off_grid_electricity_run/outputs/pvgis_hourly/IT.CAED'
Traceback (most recent call last):
  File "/Users/annayuen/Desktop/IECC/industrial_decarb/LCOH_EU_workflow/off_grid_electricity_run/scripts/pull_pvgis_115.py", line 144, in fetch_one
    .to_csv(hourly_path, index=False)
     ~~~~~~^^^^^^^^^^^^^^^^^^^^^^^^^^
  File "/Users/annayuen/Desktop/IECC/industrial_decarb/LCOH_EU_workflow/.venv/lib/python3.13/site-packages/pandas/core/generic.py", line 3988, in to_csv
    return DataFrameRenderer(formatter).to_csv(
           ~~~~~~~~~~~~~~~~~~~~~~~~~~~~~~~~~~~^
        path_or_buf,
        ^^^^^^^^^^^^
    ...<14 lines>...
        storage_options=storage_options,
        ^^^^^^^^^^^^^^^^^^^^^^^^^^^^^^^^
    )
    ^
  File "/Users/annayuen/Desktop/IECC/industrial_decarb/LCOH_EU_workflow/.venv/lib/python3.13/site-packages/pandas/io/formats/format.py", line 1025, in to_csv
    csv_formatter.save()
    ~~~~~~~~~~~~~~~~~~^^
  File "/Users/annayuen/Desktop/IECC/industrial_decarb/LCOH_EU_workflow/.venv/lib/python3.13/site-packages/pandas/io/formats/csvs.py", line 251, in save
    with get_handle(
         ~~~~~~~~~~^
        self.filepath_or_buffer,
        ^^^^^^^^^^^^^^^^^^^^^^^^
    ...<4 lines>...
        storage_options=self.storage_options,
        ^^^^^^^^^^^^^^^^^^^^^^^^^^^^^^^^^^^^^
    ) as handles:
    ^
  File "/Users/annayuen/Desktop/IECC/industrial_decarb/LCOH_EU_workflow/.venv/lib/python3.13/site-packages/pandas/io/common.py", line 797, in get_handle
    check_parent_directory(str(handle))
    ~~~~~~~~~~~~~~~~~~~~~~^^^^^^^^^^^^^
  File "/Users/annayuen/Desktop/IECC/industrial_decarb/LCOH_EU_workflow/.venv/lib/python3.13/site-packages/pandas/io/common.py", line 656, in check_parent_directory
    raise OSError(rf"Cannot save file into a non-existent directory: '{parent}'")
OSError: Cannot save file into a non-existent directory: '/Users/annayuen/Desktop/IECC/industrial_decarb/LCOH_EU_workflow/off_grid_electricity_run/outputs/pvgis_hourly/IT.CAED'
2026-06-01 16:51:52,423 INFO [IT.CAED/240442002.FACILITY] start  lat=45.6425 lon=9.5969  active=10
2026-06-01 16:51:52,423 INFO [73/115] FAIL  IT.CAED/570162008.FACILITY  ETA 0:00:09.080106
2026-06-01 16:51:52,566 ERROR [EL.CAED/100053.FACILITY] unexpected error: Cannot save file into a non-existent directory: '/Users/annayuen/Desktop/IECC/industrial_decarb/LCOH_EU_workflow/off_grid_electricity_run/outputs/pvgis_hourly/EL.CAED'
Traceback (most recent call last):
  File "/Users/annayuen/Desktop/IECC/industrial_decarb/LCOH_EU_workflow/off_grid_electricity_run/scripts/pull_pvgis_115.py", line 144, in fetch_one
    .to_csv(hourly_path, index=False)
     ~~~~~~^^^^^^^^^^^^^^^^^^^^^^^^^^
  File "/Users/annayuen/Desktop/IECC/industrial_decarb/LCOH_EU_workflow/.venv/lib/python3.13/site-packages/pandas/core/generic.py", line 3988, in to_csv
    return DataFrameRenderer(formatter).to_csv(
           ~~~~~~~~~~~~~~~~~~~~~~~~~~~~~~~~~~~^
        path_or_buf,
        ^^^^^^^^^^^^
    ...<14 lines>...
        storage_options=storage_options,
        ^^^^^^^^^^^^^^^^^^^^^^^^^^^^^^^^
    )
    ^
  File "/Users/annayuen/Desktop/IECC/industrial_decarb/LCOH_EU_workflow/.venv/lib/python3.13/site-packages/pandas/io/formats/format.py", line 1025, in to_csv
    csv_formatter.save()
    ~~~~~~~~~~~~~~~~~~^^
  File "/Users/annayuen/Desktop/IECC/industrial_decarb/LCOH_EU_workflow/.venv/lib/python3.13/site-packages/pandas/io/formats/csvs.py", line 251, in save
    with get_handle(
         ~~~~~~~~~~^
        self.filepath_or_buffer,
        ^^^^^^^^^^^^^^^^^^^^^^^^
    ...<4 lines>...
        storage_options=self.storage_options,
        ^^^^^^^^^^^^^^^^^^^^^^^^^^^^^^^^^^^^^
    ) as handles:
    ^
  File "/Users/annayuen/Desktop/IECC/industrial_decarb/LCOH_EU_workflow/.venv/lib/python3.13/site-packages/pandas/io/common.py", line 797, in get_handle
    check_parent_directory(str(handle))
    ~~~~~~~~~~~~~~~~~~~~~~^^^^^^^^^^^^^
  File "/Users/annayuen/Desktop/IECC/industrial_decarb/LCOH_EU_workflow/.venv/lib/python3.13/site-packages/pandas/io/common.py", line 656, in check_parent_directory
    raise OSError(rf"Cannot save file into a non-existent directory: '{parent}'")
OSError: Cannot save file into a non-existent directory: '/Users/annayuen/Desktop/IECC/industrial_decarb/LCOH_EU_workflow/off_grid_electricity_run/outputs/pvgis_hourly/EL.CAED'
2026-06-01 16:51:52,568 INFO [IT.CAED/960101007.FACILITY] start  lat=37.1670 lon=15.1973  active=10
2026-06-01 16:51:52,569 INFO [74/115] FAIL  EL.CAED/100053.FACILITY  ETA 0:00:08.824881
2026-06-01 16:51:52,578 ERROR [FR.CAED/7626.FACILITY] unexpected error: Cannot save file into a non-existent directory: '/Users/annayuen/Desktop/IECC/industrial_decarb/LCOH_EU_workflow/off_grid_electricity_run/outputs/pvgis_hourly/FR.CAED'
Traceback (most recent call last):
  File "/Users/annayuen/Desktop/IECC/industrial_decarb/LCOH_EU_workflow/off_grid_electricity_run/scripts/pull_pvgis_115.py", line 144, in fetch_one
    .to_csv(hourly_path, index=False)
     ~~~~~~^^^^^^^^^^^^^^^^^^^^^^^^^^
  File "/Users/annayuen/Desktop/IECC/industrial_decarb/LCOH_EU_workflow/.venv/lib/python3.13/site-packages/pandas/core/generic.py", line 3988, in to_csv
    return DataFrameRenderer(formatter).to_csv(
           ~~~~~~~~~~~~~~~~~~~~~~~~~~~~~~~~~~~^
        path_or_buf,
        ^^^^^^^^^^^^
    ...<14 lines>...
        storage_options=storage_options,
        ^^^^^^^^^^^^^^^^^^^^^^^^^^^^^^^^
    )
    ^
  File "/Users/annayuen/Desktop/IECC/industrial_decarb/LCOH_EU_workflow/.venv/lib/python3.13/site-packages/pandas/io/formats/format.py", line 1025, in to_csv
    csv_formatter.save()
    ~~~~~~~~~~~~~~~~~~^^
  File "/Users/annayuen/Desktop/IECC/industrial_decarb/LCOH_EU_workflow/.venv/lib/python3.13/site-packages/pandas/io/formats/csvs.py", line 251, in save
    with get_handle(
         ~~~~~~~~~~^
        self.filepath_or_buffer,
        ^^^^^^^^^^^^^^^^^^^^^^^^
    ...<4 lines>...
        storage_options=self.storage_options,
        ^^^^^^^^^^^^^^^^^^^^^^^^^^^^^^^^^^^^^
    ) as handles:
    ^
  File "/Users/annayuen/Desktop/IECC/industrial_decarb/LCOH_EU_workflow/.venv/lib/python3.13/site-packages/pandas/io/common.py", line 797, in get_handle
    check_parent_directory(str(handle))
    ~~~~~~~~~~~~~~~~~~~~~~^^^^^^^^^^^^^
  File "/Users/annayuen/Desktop/IECC/industrial_decarb/LCOH_EU_workflow/.venv/lib/python3.13/site-packages/pandas/io/common.py", line 656, in check_parent_directory
    raise OSError(rf"Cannot save file into a non-existent directory: '{parent}'")
OSError: Cannot save file into a non-existent directory: '/Users/annayuen/Desktop/IECC/industrial_decarb/LCOH_EU_workflow/off_grid_electricity_run/outputs/pvgis_hourly/FR.CAED'
2026-06-01 16:51:52,579 ERROR [FR.CAED/4151.FACILITY] unexpected error: Cannot save file into a non-existent directory: '/Users/annayuen/Desktop/IECC/industrial_decarb/LCOH_EU_workflow/off_grid_electricity_run/outputs/pvgis_hourly/FR.CAED'
Traceback (most recent call last):
  File "/Users/annayuen/Desktop/IECC/industrial_decarb/LCOH_EU_workflow/off_grid_electricity_run/scripts/pull_pvgis_115.py", line 144, in fetch_one
    .to_csv(hourly_path, index=False)
     ~~~~~~^^^^^^^^^^^^^^^^^^^^^^^^^^
  File "/Users/annayuen/Desktop/IECC/industrial_decarb/LCOH_EU_workflow/.venv/lib/python3.13/site-packages/pandas/core/generic.py", line 3988, in to_csv
    return DataFrameRenderer(formatter).to_csv(
           ~~~~~~~~~~~~~~~~~~~~~~~~~~~~~~~~~~~^
        path_or_buf,
        ^^^^^^^^^^^^
    ...<14 lines>...
        storage_options=storage_options,
        ^^^^^^^^^^^^^^^^^^^^^^^^^^^^^^^^
    )
    ^
  File "/Users/annayuen/Desktop/IECC/industrial_decarb/LCOH_EU_workflow/.venv/lib/python3.13/site-packages/pandas/io/formats/format.py", line 1025, in to_csv
    csv_formatter.save()
    ~~~~~~~~~~~~~~~~~~^^
  File "/Users/annayuen/Desktop/IECC/industrial_decarb/LCOH_EU_workflow/.venv/lib/python3.13/site-packages/pandas/io/formats/csvs.py", line 251, in save
    with get_handle(
         ~~~~~~~~~~^
        self.filepath_or_buffer,
        ^^^^^^^^^^^^^^^^^^^^^^^^
    ...<4 lines>...
        storage_options=self.storage_options,
        ^^^^^^^^^^^^^^^^^^^^^^^^^^^^^^^^^^^^^
    ) as handles:
    ^
  File "/Users/annayuen/Desktop/IECC/industrial_decarb/LCOH_EU_workflow/.venv/lib/python3.13/site-packages/pandas/io/common.py", line 797, in get_handle
    check_parent_directory(str(handle))
    ~~~~~~~~~~~~~~~~~~~~~~^^^^^^^^^^^^^
  File "/Users/annayuen/Desktop/IECC/industrial_decarb/LCOH_EU_workflow/.venv/lib/python3.13/site-packages/pandas/io/common.py", line 656, in check_parent_directory
    raise OSError(rf"Cannot save file into a non-existent directory: '{parent}'")
OSError: Cannot save file into a non-existent directory: '/Users/annayuen/Desktop/IECC/industrial_decarb/LCOH_EU_workflow/off_grid_electricity_run/outputs/pvgis_hourly/FR.CAED'
2026-06-01 16:51:52,581 INFO [PL.MŚ/000000023.FACILITY] start  lat=54.3499 lon=18.7297  active=10
2026-06-01 16:51:52,581 INFO [75/115] FAIL  FR.CAED/7626.FACILITY  ETA 0:00:08.501080
2026-06-01 16:51:52,582 INFO [FR.CAED/6088.FACILITY] start  lat=49.1401 lon=6.7073  active=10
2026-06-01 16:51:52,583 INFO [76/115] FAIL  FR.CAED/4151.FACILITY  ETA 0:00:08.180523
2026-06-01 16:51:52,724 ERROR [PL.MŚ/000000072.FACILITY] unexpected error: Cannot save file into a non-existent directory: '/Users/annayuen/Desktop/IECC/industrial_decarb/LCOH_EU_workflow/off_grid_electricity_run/outputs/pvgis_hourly/PL.MŚ'
Traceback (most recent call last):
  File "/Users/annayuen/Desktop/IECC/industrial_decarb/LCOH_EU_workflow/off_grid_electricity_run/scripts/pull_pvgis_115.py", line 144, in fetch_one
    .to_csv(hourly_path, index=False)
     ~~~~~~^^^^^^^^^^^^^^^^^^^^^^^^^^
  File "/Users/annayuen/Desktop/IECC/industrial_decarb/LCOH_EU_workflow/.venv/lib/python3.13/site-packages/pandas/core/generic.py", line 3988, in to_csv
    return DataFrameRenderer(formatter).to_csv(
           ~~~~~~~~~~~~~~~~~~~~~~~~~~~~~~~~~~~^
        path_or_buf,
        ^^^^^^^^^^^^
    ...<14 lines>...
        storage_options=storage_options,
        ^^^^^^^^^^^^^^^^^^^^^^^^^^^^^^^^
    )
    ^
  File "/Users/annayuen/Desktop/IECC/industrial_decarb/LCOH_EU_workflow/.venv/lib/python3.13/site-packages/pandas/io/formats/format.py", line 1025, in to_csv
    csv_formatter.save()
    ~~~~~~~~~~~~~~~~~~^^
  File "/Users/annayuen/Desktop/IECC/industrial_decarb/LCOH_EU_workflow/.venv/lib/python3.13/site-packages/pandas/io/formats/csvs.py", line 251, in save
    with get_handle(
         ~~~~~~~~~~^
        self.filepath_or_buffer,
        ^^^^^^^^^^^^^^^^^^^^^^^^
    ...<4 lines>...
        storage_options=self.storage_options,
        ^^^^^^^^^^^^^^^^^^^^^^^^^^^^^^^^^^^^^
    ) as handles:
    ^
  File "/Users/annayuen/Desktop/IECC/industrial_decarb/LCOH_EU_workflow/.venv/lib/python3.13/site-packages/pandas/io/common.py", line 797, in get_handle
    check_parent_directory(str(handle))
    ~~~~~~~~~~~~~~~~~~~~~~^^^^^^^^^^^^^
  File "/Users/annayuen/Desktop/IECC/industrial_decarb/LCOH_EU_workflow/.venv/lib/python3.13/site-packages/pandas/io/common.py", line 656, in check_parent_directory
    raise OSError(rf"Cannot save file into a non-existent directory: '{parent}'")
OSError: Cannot save file into a non-existent directory: '/Users/annayuen/Desktop/IECC/industrial_decarb/LCOH_EU_workflow/off_grid_electricity_run/outputs/pvgis_hourly/PL.MŚ'
2026-06-01 16:51:52,728 ERROR [IT.CAED/030402001.FACILITY] unexpected error: Cannot save file into a non-existent directory: '/Users/annayuen/Desktop/IECC/industrial_decarb/LCOH_EU_workflow/off_grid_electricity_run/outputs/pvgis_hourly/IT.CAED'
Traceback (most recent call last):
  File "/Users/annayuen/Desktop/IECC/industrial_decarb/LCOH_EU_workflow/off_grid_electricity_run/scripts/pull_pvgis_115.py", line 144, in fetch_one
    .to_csv(hourly_path, index=False)
     ~~~~~~^^^^^^^^^^^^^^^^^^^^^^^^^^
  File "/Users/annayuen/Desktop/IECC/industrial_decarb/LCOH_EU_workflow/.venv/lib/python3.13/site-packages/pandas/core/generic.py", line 3988, in to_csv
    return DataFrameRenderer(formatter).to_csv(
           ~~~~~~~~~~~~~~~~~~~~~~~~~~~~~~~~~~~^
        path_or_buf,
        ^^^^^^^^^^^^
    ...<14 lines>...
        storage_options=storage_options,
        ^^^^^^^^^^^^^^^^^^^^^^^^^^^^^^^^
    )
    ^
  File "/Users/annayuen/Desktop/IECC/industrial_decarb/LCOH_EU_workflow/.venv/lib/python3.13/site-packages/pandas/io/formats/format.py", line 1025, in to_csv
    csv_formatter.save()
    ~~~~~~~~~~~~~~~~~~^^
  File "/Users/annayuen/Desktop/IECC/industrial_decarb/LCOH_EU_workflow/.venv/lib/python3.13/site-packages/pandas/io/formats/csvs.py", line 251, in save
    with get_handle(
         ~~~~~~~~~~^
        self.filepath_or_buffer,
        ^^^^^^^^^^^^^^^^^^^^^^^^
    ...<4 lines>...
        storage_options=self.storage_options,
        ^^^^^^^^^^^^^^^^^^^^^^^^^^^^^^^^^^^^^
    ) as handles:
    ^
  File "/Users/annayuen/Desktop/IECC/industrial_decarb/LCOH_EU_workflow/.venv/lib/python3.13/site-packages/pandas/io/common.py", line 797, in get_handle
    check_parent_directory(str(handle))
    ~~~~~~~~~~~~~~~~~~~~~~^^^^^^^^^^^^^
  File "/Users/annayuen/Desktop/IECC/industrial_decarb/LCOH_EU_workflow/.venv/lib/python3.13/site-packages/pandas/io/common.py", line 656, in check_parent_directory
    raise OSError(rf"Cannot save file into a non-existent directory: '{parent}'")
OSError: Cannot save file into a non-existent directory: '/Users/annayuen/Desktop/IECC/industrial_decarb/LCOH_EU_workflow/off_grid_electricity_run/outputs/pvgis_hourly/IT.CAED'
2026-06-01 16:51:52,733 ERROR [EL.CAED/100062.FACILITY] unexpected error: Cannot save file into a non-existent directory: '/Users/annayuen/Desktop/IECC/industrial_decarb/LCOH_EU_workflow/off_grid_electricity_run/outputs/pvgis_hourly/EL.CAED'
Traceback (most recent call last):
  File "/Users/annayuen/Desktop/IECC/industrial_decarb/LCOH_EU_workflow/off_grid_electricity_run/scripts/pull_pvgis_115.py", line 144, in fetch_one
    .to_csv(hourly_path, index=False)
     ~~~~~~^^^^^^^^^^^^^^^^^^^^^^^^^^
  File "/Users/annayuen/Desktop/IECC/industrial_decarb/LCOH_EU_workflow/.venv/lib/python3.13/site-packages/pandas/core/generic.py", line 3988, in to_csv
    return DataFrameRenderer(formatter).to_csv(
           ~~~~~~~~~~~~~~~~~~~~~~~~~~~~~~~~~~~^
        path_or_buf,
        ^^^^^^^^^^^^
    ...<14 lines>...
        storage_options=storage_options,
        ^^^^^^^^^^^^^^^^^^^^^^^^^^^^^^^^
    )
    ^
  File "/Users/annayuen/Desktop/IECC/industrial_decarb/LCOH_EU_workflow/.venv/lib/python3.13/site-packages/pandas/io/formats/format.py", line 1025, in to_csv
    csv_formatter.save()
    ~~~~~~~~~~~~~~~~~~^^
  File "/Users/annayuen/Desktop/IECC/industrial_decarb/LCOH_EU_workflow/.venv/lib/python3.13/site-packages/pandas/io/formats/csvs.py", line 251, in save
    with get_handle(
         ~~~~~~~~~~^
        self.filepath_or_buffer,
        ^^^^^^^^^^^^^^^^^^^^^^^^
    ...<4 lines>...
        storage_options=self.storage_options,
        ^^^^^^^^^^^^^^^^^^^^^^^^^^^^^^^^^^^^^
    ) as handles:
    ^
  File "/Users/annayuen/Desktop/IECC/industrial_decarb/LCOH_EU_workflow/.venv/lib/python3.13/site-packages/pandas/io/common.py", line 797, in get_handle
    check_parent_directory(str(handle))
    ~~~~~~~~~~~~~~~~~~~~~~^^^^^^^^^^^^^
  File "/Users/annayuen/Desktop/IECC/industrial_decarb/LCOH_EU_workflow/.venv/lib/python3.13/site-packages/pandas/io/common.py", line 656, in check_parent_directory
    raise OSError(rf"Cannot save file into a non-existent directory: '{parent}'")
OSError: Cannot save file into a non-existent directory: '/Users/annayuen/Desktop/IECC/industrial_decarb/LCOH_EU_workflow/off_grid_electricity_run/outputs/pvgis_hourly/EL.CAED'
2026-06-01 16:51:52,734 INFO [FR.CAED/8363.FACILITY] start  lat=48.7194 lon=2.2789  active=10
2026-06-01 16:51:52,734 INFO [77/115] FAIL  PL.MŚ/000000072.FACILITY  ETA 0:00:07.941848
2026-06-01 16:51:52,736 INFO [FR.CAED/7874.FACILITY] start  lat=43.3840 lon=5.0283  active=10
2026-06-01 16:51:52,736 ERROR [FR.CAED/3829.FACILITY] unexpected error: Cannot save file into a non-existent directory: '/Users/annayuen/Desktop/IECC/industrial_decarb/LCOH_EU_workflow/off_grid_electricity_run/outputs/pvgis_hourly/FR.CAED'
Traceback (most recent call last):
  File "/Users/annayuen/Desktop/IECC/industrial_decarb/LCOH_EU_workflow/off_grid_electricity_run/scripts/pull_pvgis_115.py", line 144, in fetch_one
    .to_csv(hourly_path, index=False)
     ~~~~~~^^^^^^^^^^^^^^^^^^^^^^^^^^
  File "/Users/annayuen/Desktop/IECC/industrial_decarb/LCOH_EU_workflow/.venv/lib/python3.13/site-packages/pandas/core/generic.py", line 3988, in to_csv
    return DataFrameRenderer(formatter).to_csv(
           ~~~~~~~~~~~~~~~~~~~~~~~~~~~~~~~~~~~^
        path_or_buf,
        ^^^^^^^^^^^^
    ...<14 lines>...
        storage_options=storage_options,
        ^^^^^^^^^^^^^^^^^^^^^^^^^^^^^^^^
    )
    ^
  File "/Users/annayuen/Desktop/IECC/industrial_decarb/LCOH_EU_workflow/.venv/lib/python3.13/site-packages/pandas/io/formats/format.py", line 1025, in to_csv
    csv_formatter.save()
    ~~~~~~~~~~~~~~~~~~^^
  File "/Users/annayuen/Desktop/IECC/industrial_decarb/LCOH_EU_workflow/.venv/lib/python3.13/site-packages/pandas/io/formats/csvs.py", line 251, in save
    with get_handle(
         ~~~~~~~~~~^
        self.filepath_or_buffer,
        ^^^^^^^^^^^^^^^^^^^^^^^^
    ...<4 lines>...
        storage_options=self.storage_options,
        ^^^^^^^^^^^^^^^^^^^^^^^^^^^^^^^^^^^^^
    ) as handles:
    ^
  File "/Users/annayuen/Desktop/IECC/industrial_decarb/LCOH_EU_workflow/.venv/lib/python3.13/site-packages/pandas/io/common.py", line 797, in get_handle
    check_parent_directory(str(handle))
    ~~~~~~~~~~~~~~~~~~~~~~^^^^^^^^^^^^^
  File "/Users/annayuen/Desktop/IECC/industrial_decarb/LCOH_EU_workflow/.venv/lib/python3.13/site-packages/pandas/io/common.py", line 656, in check_parent_directory
    raise OSError(rf"Cannot save file into a non-existent directory: '{parent}'")
OSError: Cannot save file into a non-existent directory: '/Users/annayuen/Desktop/IECC/industrial_decarb/LCOH_EU_workflow/off_grid_electricity_run/outputs/pvgis_hourly/FR.CAED'
2026-06-01 16:51:52,738 INFO [FR.CAED/9451.FACILITY] start  lat=47.7900 lon=7.5193  active=10
2026-06-01 16:51:52,738 INFO [78/115] FAIL  IT.CAED/030402001.FACILITY  ETA 0:00:07.635653
2026-06-01 16:51:52,741 INFO [IT.CAED/051002003.FACILITY] start  lat=42.5806 lon=12.6615  active=10
2026-06-01 16:51:52,741 INFO [79/115] FAIL  EL.CAED/100062.FACILITY  ETA 0:00:07.336692
2026-06-01 16:51:52,742 INFO [80/115] FAIL  FR.CAED/3829.FACILITY  ETA 0:00:07.044100
2026-06-01 16:51:53,881 ERROR [FR.CAED/9469.FACILITY] unexpected error: Cannot save file into a non-existent directory: '/Users/annayuen/Desktop/IECC/industrial_decarb/LCOH_EU_workflow/off_grid_electricity_run/outputs/pvgis_hourly/FR.CAED'
Traceback (most recent call last):
  File "/Users/annayuen/Desktop/IECC/industrial_decarb/LCOH_EU_workflow/off_grid_electricity_run/scripts/pull_pvgis_115.py", line 144, in fetch_one
    .to_csv(hourly_path, index=False)
     ~~~~~~^^^^^^^^^^^^^^^^^^^^^^^^^^
  File "/Users/annayuen/Desktop/IECC/industrial_decarb/LCOH_EU_workflow/.venv/lib/python3.13/site-packages/pandas/core/generic.py", line 3988, in to_csv
    return DataFrameRenderer(formatter).to_csv(
           ~~~~~~~~~~~~~~~~~~~~~~~~~~~~~~~~~~~^
        path_or_buf,
        ^^^^^^^^^^^^
    ...<14 lines>...
        storage_options=storage_options,
        ^^^^^^^^^^^^^^^^^^^^^^^^^^^^^^^^
    )
    ^
  File "/Users/annayuen/Desktop/IECC/industrial_decarb/LCOH_EU_workflow/.venv/lib/python3.13/site-packages/pandas/io/formats/format.py", line 1025, in to_csv
    csv_formatter.save()
    ~~~~~~~~~~~~~~~~~~^^
  File "/Users/annayuen/Desktop/IECC/industrial_decarb/LCOH_EU_workflow/.venv/lib/python3.13/site-packages/pandas/io/formats/csvs.py", line 251, in save
    with get_handle(
         ~~~~~~~~~~^
        self.filepath_or_buffer,
        ^^^^^^^^^^^^^^^^^^^^^^^^
    ...<4 lines>...
        storage_options=self.storage_options,
        ^^^^^^^^^^^^^^^^^^^^^^^^^^^^^^^^^^^^^
    ) as handles:
    ^
  File "/Users/annayuen/Desktop/IECC/industrial_decarb/LCOH_EU_workflow/.venv/lib/python3.13/site-packages/pandas/io/common.py", line 797, in get_handle
    check_parent_directory(str(handle))
    ~~~~~~~~~~~~~~~~~~~~~~^^^^^^^^^^^^^
  File "/Users/annayuen/Desktop/IECC/industrial_decarb/LCOH_EU_workflow/.venv/lib/python3.13/site-packages/pandas/io/common.py", line 656, in check_parent_directory
    raise OSError(rf"Cannot save file into a non-existent directory: '{parent}'")
OSError: Cannot save file into a non-existent directory: '/Users/annayuen/Desktop/IECC/industrial_decarb/LCOH_EU_workflow/off_grid_electricity_run/outputs/pvgis_hourly/FR.CAED'
2026-06-01 16:51:53,883 INFO [PL.MŚ/000000309.FACILITY] start  lat=50.3058 lon=19.3014  active=10
2026-06-01 16:51:53,883 INFO [81/115] FAIL  FR.CAED/9469.FACILITY  ETA 0:00:07.237342
2026-06-01 16:51:53,993 ERROR [FR.CAED/9481.FACILITY] unexpected error: Cannot save file into a non-existent directory: '/Users/annayuen/Desktop/IECC/industrial_decarb/LCOH_EU_workflow/off_grid_electricity_run/outputs/pvgis_hourly/FR.CAED'
Traceback (most recent call last):
  File "/Users/annayuen/Desktop/IECC/industrial_decarb/LCOH_EU_workflow/off_grid_electricity_run/scripts/pull_pvgis_115.py", line 144, in fetch_one
    .to_csv(hourly_path, index=False)
     ~~~~~~^^^^^^^^^^^^^^^^^^^^^^^^^^
  File "/Users/annayuen/Desktop/IECC/industrial_decarb/LCOH_EU_workflow/.venv/lib/python3.13/site-packages/pandas/core/generic.py", line 3988, in to_csv
    return DataFrameRenderer(formatter).to_csv(
           ~~~~~~~~~~~~~~~~~~~~~~~~~~~~~~~~~~~^
        path_or_buf,
        ^^^^^^^^^^^^
    ...<14 lines>...
        storage_options=storage_options,
        ^^^^^^^^^^^^^^^^^^^^^^^^^^^^^^^^
    )
    ^
  File "/Users/annayuen/Desktop/IECC/industrial_decarb/LCOH_EU_workflow/.venv/lib/python3.13/site-packages/pandas/io/formats/format.py", line 1025, in to_csv
    csv_formatter.save()
    ~~~~~~~~~~~~~~~~~~^^
  File "/Users/annayuen/Desktop/IECC/industrial_decarb/LCOH_EU_workflow/.venv/lib/python3.13/site-packages/pandas/io/formats/csvs.py", line 251, in save
    with get_handle(
         ~~~~~~~~~~^
        self.filepath_or_buffer,
        ^^^^^^^^^^^^^^^^^^^^^^^^
    ...<4 lines>...
        storage_options=self.storage_options,
        ^^^^^^^^^^^^^^^^^^^^^^^^^^^^^^^^^^^^^
    ) as handles:
    ^
  File "/Users/annayuen/Desktop/IECC/industrial_decarb/LCOH_EU_workflow/.venv/lib/python3.13/site-packages/pandas/io/common.py", line 797, in get_handle
    check_parent_directory(str(handle))
    ~~~~~~~~~~~~~~~~~~~~~~^^^^^^^^^^^^^
  File "/Users/annayuen/Desktop/IECC/industrial_decarb/LCOH_EU_workflow/.venv/lib/python3.13/site-packages/pandas/io/common.py", line 656, in check_parent_directory
    raise OSError(rf"Cannot save file into a non-existent directory: '{parent}'")
OSError: Cannot save file into a non-existent directory: '/Users/annayuen/Desktop/IECC/industrial_decarb/LCOH_EU_workflow/off_grid_electricity_run/outputs/pvgis_hourly/FR.CAED'
2026-06-01 16:51:53,995 INFO [PL.MŚ/000000021.FACILITY] start  lat=50.0378 lon=18.4867  active=10
2026-06-01 16:51:53,995 INFO [82/115] FAIL  FR.CAED/9481.FACILITY  ETA 0:00:06.983691
2026-06-01 16:51:54,286 ERROR [IT.CAED/960101007.FACILITY] unexpected error: Cannot save file into a non-existent directory: '/Users/annayuen/Desktop/IECC/industrial_decarb/LCOH_EU_workflow/off_grid_electricity_run/outputs/pvgis_hourly/IT.CAED'
Traceback (most recent call last):
  File "/Users/annayuen/Desktop/IECC/industrial_decarb/LCOH_EU_workflow/off_grid_electricity_run/scripts/pull_pvgis_115.py", line 144, in fetch_one
    .to_csv(hourly_path, index=False)
     ~~~~~~^^^^^^^^^^^^^^^^^^^^^^^^^^
  File "/Users/annayuen/Desktop/IECC/industrial_decarb/LCOH_EU_workflow/.venv/lib/python3.13/site-packages/pandas/core/generic.py", line 3988, in to_csv
    return DataFrameRenderer(formatter).to_csv(
           ~~~~~~~~~~~~~~~~~~~~~~~~~~~~~~~~~~~^
        path_or_buf,
        ^^^^^^^^^^^^
    ...<14 lines>...
        storage_options=storage_options,
        ^^^^^^^^^^^^^^^^^^^^^^^^^^^^^^^^
    )
    ^
  File "/Users/annayuen/Desktop/IECC/industrial_decarb/LCOH_EU_workflow/.venv/lib/python3.13/site-packages/pandas/io/formats/format.py", line 1025, in to_csv
    csv_formatter.save()
    ~~~~~~~~~~~~~~~~~~^^
  File "/Users/annayuen/Desktop/IECC/industrial_decarb/LCOH_EU_workflow/.venv/lib/python3.13/site-packages/pandas/io/formats/csvs.py", line 251, in save
    with get_handle(
         ~~~~~~~~~~^
        self.filepath_or_buffer,
        ^^^^^^^^^^^^^^^^^^^^^^^^
    ...<4 lines>...
        storage_options=self.storage_options,
        ^^^^^^^^^^^^^^^^^^^^^^^^^^^^^^^^^^^^^
    ) as handles:
    ^
  File "/Users/annayuen/Desktop/IECC/industrial_decarb/LCOH_EU_workflow/.venv/lib/python3.13/site-packages/pandas/io/common.py", line 797, in get_handle
    check_parent_directory(str(handle))
    ~~~~~~~~~~~~~~~~~~~~~~^^^^^^^^^^^^^
  File "/Users/annayuen/Desktop/IECC/industrial_decarb/LCOH_EU_workflow/.venv/lib/python3.13/site-packages/pandas/io/common.py", line 656, in check_parent_directory
    raise OSError(rf"Cannot save file into a non-existent directory: '{parent}'")
OSError: Cannot save file into a non-existent directory: '/Users/annayuen/Desktop/IECC/industrial_decarb/LCOH_EU_workflow/off_grid_electricity_run/outputs/pvgis_hourly/IT.CAED'
2026-06-01 16:51:54,287 ERROR [IT.CAED/240442002.FACILITY] unexpected error: Cannot save file into a non-existent directory: '/Users/annayuen/Desktop/IECC/industrial_decarb/LCOH_EU_workflow/off_grid_electricity_run/outputs/pvgis_hourly/IT.CAED'
Traceback (most recent call last):
  File "/Users/annayuen/Desktop/IECC/industrial_decarb/LCOH_EU_workflow/off_grid_electricity_run/scripts/pull_pvgis_115.py", line 144, in fetch_one
    .to_csv(hourly_path, index=False)
     ~~~~~~^^^^^^^^^^^^^^^^^^^^^^^^^^
  File "/Users/annayuen/Desktop/IECC/industrial_decarb/LCOH_EU_workflow/.venv/lib/python3.13/site-packages/pandas/core/generic.py", line 3988, in to_csv
    return DataFrameRenderer(formatter).to_csv(
           ~~~~~~~~~~~~~~~~~~~~~~~~~~~~~~~~~~~^
        path_or_buf,
        ^^^^^^^^^^^^
    ...<14 lines>...
        storage_options=storage_options,
        ^^^^^^^^^^^^^^^^^^^^^^^^^^^^^^^^
    )
    ^
  File "/Users/annayuen/Desktop/IECC/industrial_decarb/LCOH_EU_workflow/.venv/lib/python3.13/site-packages/pandas/io/formats/format.py", line 1025, in to_csv
    csv_formatter.save()
    ~~~~~~~~~~~~~~~~~~^^
  File "/Users/annayuen/Desktop/IECC/industrial_decarb/LCOH_EU_workflow/.venv/lib/python3.13/site-packages/pandas/io/formats/csvs.py", line 251, in save
    with get_handle(
         ~~~~~~~~~~^
        self.filepath_or_buffer,
        ^^^^^^^^^^^^^^^^^^^^^^^^
    ...<4 lines>...
        storage_options=self.storage_options,
        ^^^^^^^^^^^^^^^^^^^^^^^^^^^^^^^^^^^^^
    ) as handles:
    ^
  File "/Users/annayuen/Desktop/IECC/industrial_decarb/LCOH_EU_workflow/.venv/lib/python3.13/site-packages/pandas/io/common.py", line 797, in get_handle
    check_parent_directory(str(handle))
    ~~~~~~~~~~~~~~~~~~~~~~^^^^^^^^^^^^^
  File "/Users/annayuen/Desktop/IECC/industrial_decarb/LCOH_EU_workflow/.venv/lib/python3.13/site-packages/pandas/io/common.py", line 656, in check_parent_directory
    raise OSError(rf"Cannot save file into a non-existent directory: '{parent}'")
OSError: Cannot save file into a non-existent directory: '/Users/annayuen/Desktop/IECC/industrial_decarb/LCOH_EU_workflow/off_grid_electricity_run/outputs/pvgis_hourly/IT.CAED'
2026-06-01 16:51:54,289 INFO [IT.CAED/960111001.FACILITY] start  lat=37.2216 lon=15.1905  active=10
2026-06-01 16:51:54,290 INFO [83/115] FAIL  IT.CAED/960101007.FACILITY  ETA 0:00:06.804384
2026-06-01 16:51:54,291 INFO [FR.CAED/3572.FACILITY] start  lat=48.5328 lon=4.1139  active=10
2026-06-01 16:51:54,291 INFO [84/115] FAIL  IT.CAED/240442002.FACILITY  ETA 0:00:06.513751
2026-06-01 16:51:54,297 ERROR [FR.CAED/6088.FACILITY] unexpected error: Cannot save file into a non-existent directory: '/Users/annayuen/Desktop/IECC/industrial_decarb/LCOH_EU_workflow/off_grid_electricity_run/outputs/pvgis_hourly/FR.CAED'
Traceback (most recent call last):
  File "/Users/annayuen/Desktop/IECC/industrial_decarb/LCOH_EU_workflow/off_grid_electricity_run/scripts/pull_pvgis_115.py", line 144, in fetch_one
    .to_csv(hourly_path, index=False)
     ~~~~~~^^^^^^^^^^^^^^^^^^^^^^^^^^
  File "/Users/annayuen/Desktop/IECC/industrial_decarb/LCOH_EU_workflow/.venv/lib/python3.13/site-packages/pandas/core/generic.py", line 3988, in to_csv
    return DataFrameRenderer(formatter).to_csv(
           ~~~~~~~~~~~~~~~~~~~~~~~~~~~~~~~~~~~^
        path_or_buf,
        ^^^^^^^^^^^^
    ...<14 lines>...
        storage_options=storage_options,
        ^^^^^^^^^^^^^^^^^^^^^^^^^^^^^^^^
    )
    ^
  File "/Users/annayuen/Desktop/IECC/industrial_decarb/LCOH_EU_workflow/.venv/lib/python3.13/site-packages/pandas/io/formats/format.py", line 1025, in to_csv
    csv_formatter.save()
    ~~~~~~~~~~~~~~~~~~^^
  File "/Users/annayuen/Desktop/IECC/industrial_decarb/LCOH_EU_workflow/.venv/lib/python3.13/site-packages/pandas/io/formats/csvs.py", line 251, in save
    with get_handle(
         ~~~~~~~~~~^
        self.filepath_or_buffer,
        ^^^^^^^^^^^^^^^^^^^^^^^^
    ...<4 lines>...
        storage_options=self.storage_options,
        ^^^^^^^^^^^^^^^^^^^^^^^^^^^^^^^^^^^^^
    ) as handles:
    ^
  File "/Users/annayuen/Desktop/IECC/industrial_decarb/LCOH_EU_workflow/.venv/lib/python3.13/site-packages/pandas/io/common.py", line 797, in get_handle
    check_parent_directory(str(handle))
    ~~~~~~~~~~~~~~~~~~~~~~^^^^^^^^^^^^^
  File "/Users/annayuen/Desktop/IECC/industrial_decarb/LCOH_EU_workflow/.venv/lib/python3.13/site-packages/pandas/io/common.py", line 656, in check_parent_directory
    raise OSError(rf"Cannot save file into a non-existent directory: '{parent}'")
OSError: Cannot save file into a non-existent directory: '/Users/annayuen/Desktop/IECC/industrial_decarb/LCOH_EU_workflow/off_grid_electricity_run/outputs/pvgis_hourly/FR.CAED'
2026-06-01 16:51:54,299 INFO [PL.MŚ/000000067.FACILITY] start  lat=51.1031 lon=18.9264  active=10
2026-06-01 16:51:54,299 INFO [85/115] FAIL  FR.CAED/6088.FACILITY  ETA 0:00:06.232020
2026-06-01 16:51:54,423 ERROR [FR.CAED/7874.FACILITY] unexpected error: Cannot save file into a non-existent directory: '/Users/annayuen/Desktop/IECC/industrial_decarb/LCOH_EU_workflow/off_grid_electricity_run/outputs/pvgis_hourly/FR.CAED'
Traceback (most recent call last):
  File "/Users/annayuen/Desktop/IECC/industrial_decarb/LCOH_EU_workflow/off_grid_electricity_run/scripts/pull_pvgis_115.py", line 144, in fetch_one
    .to_csv(hourly_path, index=False)
     ~~~~~~^^^^^^^^^^^^^^^^^^^^^^^^^^
  File "/Users/annayuen/Desktop/IECC/industrial_decarb/LCOH_EU_workflow/.venv/lib/python3.13/site-packages/pandas/core/generic.py", line 3988, in to_csv
    return DataFrameRenderer(formatter).to_csv(
           ~~~~~~~~~~~~~~~~~~~~~~~~~~~~~~~~~~~^
        path_or_buf,
        ^^^^^^^^^^^^
    ...<14 lines>...
        storage_options=storage_options,
        ^^^^^^^^^^^^^^^^^^^^^^^^^^^^^^^^
    )
    ^
  File "/Users/annayuen/Desktop/IECC/industrial_decarb/LCOH_EU_workflow/.venv/lib/python3.13/site-packages/pandas/io/formats/format.py", line 1025, in to_csv
    csv_formatter.save()
    ~~~~~~~~~~~~~~~~~~^^
  File "/Users/annayuen/Desktop/IECC/industrial_decarb/LCOH_EU_workflow/.venv/lib/python3.13/site-packages/pandas/io/formats/csvs.py", line 251, in save
    with get_handle(
         ~~~~~~~~~~^
        self.filepath_or_buffer,
        ^^^^^^^^^^^^^^^^^^^^^^^^
    ...<4 lines>...
        storage_options=self.storage_options,
        ^^^^^^^^^^^^^^^^^^^^^^^^^^^^^^^^^^^^^
    ) as handles:
    ^
  File "/Users/annayuen/Desktop/IECC/industrial_decarb/LCOH_EU_workflow/.venv/lib/python3.13/site-packages/pandas/io/common.py", line 797, in get_handle
    check_parent_directory(str(handle))
    ~~~~~~~~~~~~~~~~~~~~~~^^^^^^^^^^^^^
  File "/Users/annayuen/Desktop/IECC/industrial_decarb/LCOH_EU_workflow/.venv/lib/python3.13/site-packages/pandas/io/common.py", line 656, in check_parent_directory
    raise OSError(rf"Cannot save file into a non-existent directory: '{parent}'")
OSError: Cannot save file into a non-existent directory: '/Users/annayuen/Desktop/IECC/industrial_decarb/LCOH_EU_workflow/off_grid_electricity_run/outputs/pvgis_hourly/FR.CAED'
2026-06-01 16:51:54,424 ERROR [PL.MŚ/000000023.FACILITY] unexpected error: Cannot save file into a non-existent directory: '/Users/annayuen/Desktop/IECC/industrial_decarb/LCOH_EU_workflow/off_grid_electricity_run/outputs/pvgis_hourly/PL.MŚ'
Traceback (most recent call last):
  File "/Users/annayuen/Desktop/IECC/industrial_decarb/LCOH_EU_workflow/off_grid_electricity_run/scripts/pull_pvgis_115.py", line 144, in fetch_one
    .to_csv(hourly_path, index=False)
     ~~~~~~^^^^^^^^^^^^^^^^^^^^^^^^^^
  File "/Users/annayuen/Desktop/IECC/industrial_decarb/LCOH_EU_workflow/.venv/lib/python3.13/site-packages/pandas/core/generic.py", line 3988, in to_csv
    return DataFrameRenderer(formatter).to_csv(
           ~~~~~~~~~~~~~~~~~~~~~~~~~~~~~~~~~~~^
        path_or_buf,
        ^^^^^^^^^^^^
    ...<14 lines>...
        storage_options=storage_options,
        ^^^^^^^^^^^^^^^^^^^^^^^^^^^^^^^^
    )
    ^
  File "/Users/annayuen/Desktop/IECC/industrial_decarb/LCOH_EU_workflow/.venv/lib/python3.13/site-packages/pandas/io/formats/format.py", line 1025, in to_csv
    csv_formatter.save()
    ~~~~~~~~~~~~~~~~~~^^
  File "/Users/annayuen/Desktop/IECC/industrial_decarb/LCOH_EU_workflow/.venv/lib/python3.13/site-packages/pandas/io/formats/csvs.py", line 251, in save
    with get_handle(
         ~~~~~~~~~~^
        self.filepath_or_buffer,
        ^^^^^^^^^^^^^^^^^^^^^^^^
    ...<4 lines>...
        storage_options=self.storage_options,
        ^^^^^^^^^^^^^^^^^^^^^^^^^^^^^^^^^^^^^
    ) as handles:
    ^
  File "/Users/annayuen/Desktop/IECC/industrial_decarb/LCOH_EU_workflow/.venv/lib/python3.13/site-packages/pandas/io/common.py", line 797, in get_handle
    check_parent_directory(str(handle))
    ~~~~~~~~~~~~~~~~~~~~~~^^^^^^^^^^^^^
  File "/Users/annayuen/Desktop/IECC/industrial_decarb/LCOH_EU_workflow/.venv/lib/python3.13/site-packages/pandas/io/common.py", line 656, in check_parent_directory
    raise OSError(rf"Cannot save file into a non-existent directory: '{parent}'")
OSError: Cannot save file into a non-existent directory: '/Users/annayuen/Desktop/IECC/industrial_decarb/LCOH_EU_workflow/off_grid_electricity_run/outputs/pvgis_hourly/PL.MŚ'
2026-06-01 16:51:54,426 INFO [IT.CAED/100752001.FACILITY] start  lat=45.2533 lon=7.5397  active=10
2026-06-01 16:51:54,426 INFO [86/115] FAIL  FR.CAED/7874.FACILITY  ETA 0:00:05.997316
2026-06-01 16:51:54,427 INFO [FR.CAED/82.FACILITY] start  lat=49.3941 lon=3.3706  active=10
2026-06-01 16:51:54,428 INFO [87/115] FAIL  PL.MŚ/000000023.FACILITY  ETA 0:00:05.724348
2026-06-01 16:51:54,516 ERROR [FR.CAED/9451.FACILITY] unexpected error: Cannot save file into a non-existent directory: '/Users/annayuen/Desktop/IECC/industrial_decarb/LCOH_EU_workflow/off_grid_electricity_run/outputs/pvgis_hourly/FR.CAED'
Traceback (most recent call last):
  File "/Users/annayuen/Desktop/IECC/industrial_decarb/LCOH_EU_workflow/off_grid_electricity_run/scripts/pull_pvgis_115.py", line 144, in fetch_one
    .to_csv(hourly_path, index=False)
     ~~~~~~^^^^^^^^^^^^^^^^^^^^^^^^^^
  File "/Users/annayuen/Desktop/IECC/industrial_decarb/LCOH_EU_workflow/.venv/lib/python3.13/site-packages/pandas/core/generic.py", line 3988, in to_csv
    return DataFrameRenderer(formatter).to_csv(
           ~~~~~~~~~~~~~~~~~~~~~~~~~~~~~~~~~~~^
        path_or_buf,
        ^^^^^^^^^^^^
    ...<14 lines>...
        storage_options=storage_options,
        ^^^^^^^^^^^^^^^^^^^^^^^^^^^^^^^^
    )
    ^
  File "/Users/annayuen/Desktop/IECC/industrial_decarb/LCOH_EU_workflow/.venv/lib/python3.13/site-packages/pandas/io/formats/format.py", line 1025, in to_csv
    csv_formatter.save()
    ~~~~~~~~~~~~~~~~~~^^
  File "/Users/annayuen/Desktop/IECC/industrial_decarb/LCOH_EU_workflow/.venv/lib/python3.13/site-packages/pandas/io/formats/csvs.py", line 251, in save
    with get_handle(
         ~~~~~~~~~~^
        self.filepath_or_buffer,
        ^^^^^^^^^^^^^^^^^^^^^^^^
    ...<4 lines>...
        storage_options=self.storage_options,
        ^^^^^^^^^^^^^^^^^^^^^^^^^^^^^^^^^^^^^
    ) as handles:
    ^
  File "/Users/annayuen/Desktop/IECC/industrial_decarb/LCOH_EU_workflow/.venv/lib/python3.13/site-packages/pandas/io/common.py", line 797, in get_handle
    check_parent_directory(str(handle))
    ~~~~~~~~~~~~~~~~~~~~~~^^^^^^^^^^^^^
  File "/Users/annayuen/Desktop/IECC/industrial_decarb/LCOH_EU_workflow/.venv/lib/python3.13/site-packages/pandas/io/common.py", line 656, in check_parent_directory
    raise OSError(rf"Cannot save file into a non-existent directory: '{parent}'")
OSError: Cannot save file into a non-existent directory: '/Users/annayuen/Desktop/IECC/industrial_decarb/LCOH_EU_workflow/off_grid_electricity_run/outputs/pvgis_hourly/FR.CAED'
2026-06-01 16:51:54,517 INFO [FR.CAED/132.FACILITY] start  lat=49.8397 lon=3.4806  active=10
2026-06-01 16:51:54,517 INFO [88/115] FAIL  FR.CAED/9451.FACILITY  ETA 0:00:05.484726
2026-06-01 16:51:54,651 ERROR [FR.CAED/8363.FACILITY] unexpected error: Cannot save file into a non-existent directory: '/Users/annayuen/Desktop/IECC/industrial_decarb/LCOH_EU_workflow/off_grid_electricity_run/outputs/pvgis_hourly/FR.CAED'
Traceback (most recent call last):
  File "/Users/annayuen/Desktop/IECC/industrial_decarb/LCOH_EU_workflow/off_grid_electricity_run/scripts/pull_pvgis_115.py", line 144, in fetch_one
    .to_csv(hourly_path, index=False)
     ~~~~~~^^^^^^^^^^^^^^^^^^^^^^^^^^
  File "/Users/annayuen/Desktop/IECC/industrial_decarb/LCOH_EU_workflow/.venv/lib/python3.13/site-packages/pandas/core/generic.py", line 3988, in to_csv
    return DataFrameRenderer(formatter).to_csv(
           ~~~~~~~~~~~~~~~~~~~~~~~~~~~~~~~~~~~^
        path_or_buf,
        ^^^^^^^^^^^^
    ...<14 lines>...
        storage_options=storage_options,
        ^^^^^^^^^^^^^^^^^^^^^^^^^^^^^^^^
    )
    ^
  File "/Users/annayuen/Desktop/IECC/industrial_decarb/LCOH_EU_workflow/.venv/lib/python3.13/site-packages/pandas/io/formats/format.py", line 1025, in to_csv
    csv_formatter.save()
    ~~~~~~~~~~~~~~~~~~^^
  File "/Users/annayuen/Desktop/IECC/industrial_decarb/LCOH_EU_workflow/.venv/lib/python3.13/site-packages/pandas/io/formats/csvs.py", line 251, in save
    with get_handle(
         ~~~~~~~~~~^
        self.filepath_or_buffer,
        ^^^^^^^^^^^^^^^^^^^^^^^^
    ...<4 lines>...
        storage_options=self.storage_options,
        ^^^^^^^^^^^^^^^^^^^^^^^^^^^^^^^^^^^^^
    ) as handles:
    ^
  File "/Users/annayuen/Desktop/IECC/industrial_decarb/LCOH_EU_workflow/.venv/lib/python3.13/site-packages/pandas/io/common.py", line 797, in get_handle
    check_parent_directory(str(handle))
    ~~~~~~~~~~~~~~~~~~~~~~^^^^^^^^^^^^^
  File "/Users/annayuen/Desktop/IECC/industrial_decarb/LCOH_EU_workflow/.venv/lib/python3.13/site-packages/pandas/io/common.py", line 656, in check_parent_directory
    raise OSError(rf"Cannot save file into a non-existent directory: '{parent}'")
OSError: Cannot save file into a non-existent directory: '/Users/annayuen/Desktop/IECC/industrial_decarb/LCOH_EU_workflow/off_grid_electricity_run/outputs/pvgis_hourly/FR.CAED'
2026-06-01 16:51:54,653 INFO [FR.CAED/3834.FACILITY] start  lat=49.4884 lon=0.5652  active=10
2026-06-01 16:51:54,653 INFO [89/115] FAIL  FR.CAED/8363.FACILITY  ETA 0:00:05.261880
2026-06-01 16:51:54,660 ERROR [IT.CAED/051002003.FACILITY] unexpected error: Cannot save file into a non-existent directory: '/Users/annayuen/Desktop/IECC/industrial_decarb/LCOH_EU_workflow/off_grid_electricity_run/outputs/pvgis_hourly/IT.CAED'
Traceback (most recent call last):
  File "/Users/annayuen/Desktop/IECC/industrial_decarb/LCOH_EU_workflow/off_grid_electricity_run/scripts/pull_pvgis_115.py", line 144, in fetch_one
    .to_csv(hourly_path, index=False)
     ~~~~~~^^^^^^^^^^^^^^^^^^^^^^^^^^
  File "/Users/annayuen/Desktop/IECC/industrial_decarb/LCOH_EU_workflow/.venv/lib/python3.13/site-packages/pandas/core/generic.py", line 3988, in to_csv
    return DataFrameRenderer(formatter).to_csv(
           ~~~~~~~~~~~~~~~~~~~~~~~~~~~~~~~~~~~^
        path_or_buf,
        ^^^^^^^^^^^^
    ...<14 lines>...
        storage_options=storage_options,
        ^^^^^^^^^^^^^^^^^^^^^^^^^^^^^^^^
    )
    ^
  File "/Users/annayuen/Desktop/IECC/industrial_decarb/LCOH_EU_workflow/.venv/lib/python3.13/site-packages/pandas/io/formats/format.py", line 1025, in to_csv
    csv_formatter.save()
    ~~~~~~~~~~~~~~~~~~^^
  File "/Users/annayuen/Desktop/IECC/industrial_decarb/LCOH_EU_workflow/.venv/lib/python3.13/site-packages/pandas/io/formats/csvs.py", line 251, in save
    with get_handle(
         ~~~~~~~~~~^
        self.filepath_or_buffer,
        ^^^^^^^^^^^^^^^^^^^^^^^^
    ...<4 lines>...
        storage_options=self.storage_options,
        ^^^^^^^^^^^^^^^^^^^^^^^^^^^^^^^^^^^^^
    ) as handles:
    ^
  File "/Users/annayuen/Desktop/IECC/industrial_decarb/LCOH_EU_workflow/.venv/lib/python3.13/site-packages/pandas/io/common.py", line 797, in get_handle
    check_parent_directory(str(handle))
    ~~~~~~~~~~~~~~~~~~~~~~^^^^^^^^^^^^^
  File "/Users/annayuen/Desktop/IECC/industrial_decarb/LCOH_EU_workflow/.venv/lib/python3.13/site-packages/pandas/io/common.py", line 656, in check_parent_directory
    raise OSError(rf"Cannot save file into a non-existent directory: '{parent}'")
OSError: Cannot save file into a non-existent directory: '/Users/annayuen/Desktop/IECC/industrial_decarb/LCOH_EU_workflow/off_grid_electricity_run/outputs/pvgis_hourly/IT.CAED'
2026-06-01 16:51:54,662 INFO [PL.MŚ/000000063.FACILITY] start  lat=50.8286 lon=20.2727  active=10
2026-06-01 16:51:54,662 INFO [90/115] FAIL  IT.CAED/051002003.FACILITY  ETA 0:00:05.005675
2026-06-01 16:51:55,711 ERROR [PL.MŚ/000000021.FACILITY] unexpected error: Cannot save file into a non-existent directory: '/Users/annayuen/Desktop/IECC/industrial_decarb/LCOH_EU_workflow/off_grid_electricity_run/outputs/pvgis_hourly/PL.MŚ'
Traceback (most recent call last):
  File "/Users/annayuen/Desktop/IECC/industrial_decarb/LCOH_EU_workflow/off_grid_electricity_run/scripts/pull_pvgis_115.py", line 144, in fetch_one
    .to_csv(hourly_path, index=False)
     ~~~~~~^^^^^^^^^^^^^^^^^^^^^^^^^^
  File "/Users/annayuen/Desktop/IECC/industrial_decarb/LCOH_EU_workflow/.venv/lib/python3.13/site-packages/pandas/core/generic.py", line 3988, in to_csv
    return DataFrameRenderer(formatter).to_csv(
           ~~~~~~~~~~~~~~~~~~~~~~~~~~~~~~~~~~~^
        path_or_buf,
        ^^^^^^^^^^^^
    ...<14 lines>...
        storage_options=storage_options,
        ^^^^^^^^^^^^^^^^^^^^^^^^^^^^^^^^
    )
    ^
  File "/Users/annayuen/Desktop/IECC/industrial_decarb/LCOH_EU_workflow/.venv/lib/python3.13/site-packages/pandas/io/formats/format.py", line 1025, in to_csv
    csv_formatter.save()
    ~~~~~~~~~~~~~~~~~~^^
  File "/Users/annayuen/Desktop/IECC/industrial_decarb/LCOH_EU_workflow/.venv/lib/python3.13/site-packages/pandas/io/formats/csvs.py", line 251, in save
    with get_handle(
         ~~~~~~~~~~^
        self.filepath_or_buffer,
        ^^^^^^^^^^^^^^^^^^^^^^^^
    ...<4 lines>...
        storage_options=self.storage_options,
        ^^^^^^^^^^^^^^^^^^^^^^^^^^^^^^^^^^^^^
    ) as handles:
    ^
  File "/Users/annayuen/Desktop/IECC/industrial_decarb/LCOH_EU_workflow/.venv/lib/python3.13/site-packages/pandas/io/common.py", line 797, in get_handle
    check_parent_directory(str(handle))
    ~~~~~~~~~~~~~~~~~~~~~~^^^^^^^^^^^^^
  File "/Users/annayuen/Desktop/IECC/industrial_decarb/LCOH_EU_workflow/.venv/lib/python3.13/site-packages/pandas/io/common.py", line 656, in check_parent_directory
    raise OSError(rf"Cannot save file into a non-existent directory: '{parent}'")
OSError: Cannot save file into a non-existent directory: '/Users/annayuen/Desktop/IECC/industrial_decarb/LCOH_EU_workflow/off_grid_electricity_run/outputs/pvgis_hourly/PL.MŚ'
2026-06-01 16:51:55,713 ERROR [PL.MŚ/000000309.FACILITY] unexpected error: Cannot save file into a non-existent directory: '/Users/annayuen/Desktop/IECC/industrial_decarb/LCOH_EU_workflow/off_grid_electricity_run/outputs/pvgis_hourly/PL.MŚ'
Traceback (most recent call last):
  File "/Users/annayuen/Desktop/IECC/industrial_decarb/LCOH_EU_workflow/off_grid_electricity_run/scripts/pull_pvgis_115.py", line 144, in fetch_one
    .to_csv(hourly_path, index=False)
     ~~~~~~^^^^^^^^^^^^^^^^^^^^^^^^^^
  File "/Users/annayuen/Desktop/IECC/industrial_decarb/LCOH_EU_workflow/.venv/lib/python3.13/site-packages/pandas/core/generic.py", line 3988, in to_csv
    return DataFrameRenderer(formatter).to_csv(
           ~~~~~~~~~~~~~~~~~~~~~~~~~~~~~~~~~~~^
        path_or_buf,
        ^^^^^^^^^^^^
    ...<14 lines>...
        storage_options=storage_options,
        ^^^^^^^^^^^^^^^^^^^^^^^^^^^^^^^^
    )
    ^
  File "/Users/annayuen/Desktop/IECC/industrial_decarb/LCOH_EU_workflow/.venv/lib/python3.13/site-packages/pandas/io/formats/format.py", line 1025, in to_csv
    csv_formatter.save()
    ~~~~~~~~~~~~~~~~~~^^
  File "/Users/annayuen/Desktop/IECC/industrial_decarb/LCOH_EU_workflow/.venv/lib/python3.13/site-packages/pandas/io/formats/csvs.py", line 251, in save
    with get_handle(
         ~~~~~~~~~~^
        self.filepath_or_buffer,
        ^^^^^^^^^^^^^^^^^^^^^^^^
    ...<4 lines>...
        storage_options=self.storage_options,
        ^^^^^^^^^^^^^^^^^^^^^^^^^^^^^^^^^^^^^
    ) as handles:
    ^
  File "/Users/annayuen/Desktop/IECC/industrial_decarb/LCOH_EU_workflow/.venv/lib/python3.13/site-packages/pandas/io/common.py", line 797, in get_handle
    check_parent_directory(str(handle))
    ~~~~~~~~~~~~~~~~~~~~~~^^^^^^^^^^^^^
  File "/Users/annayuen/Desktop/IECC/industrial_decarb/LCOH_EU_workflow/.venv/lib/python3.13/site-packages/pandas/io/common.py", line 656, in check_parent_directory
    raise OSError(rf"Cannot save file into a non-existent directory: '{parent}'")
OSError: Cannot save file into a non-existent directory: '/Users/annayuen/Desktop/IECC/industrial_decarb/LCOH_EU_workflow/off_grid_electricity_run/outputs/pvgis_hourly/PL.MŚ'
2026-06-01 16:51:55,714 INFO [IT.CAED/270391001.FACILITY] start  lat=45.0997 lon=8.8768  active=10
2026-06-01 16:51:55,714 INFO [91/115] FAIL  PL.MŚ/000000021.FACILITY  ETA 0:00:05.030232
2026-06-01 16:51:55,716 INFO [FR.CAED/3833.FACILITY] start  lat=49.4884 lon=0.5652  active=10
2026-06-01 16:51:55,716 INFO [92/115] FAIL  PL.MŚ/000000309.FACILITY  ETA 0:00:04.768705
2026-06-01 16:51:56,099 ERROR [FR.CAED/3572.FACILITY] unexpected error: Cannot save file into a non-existent directory: '/Users/annayuen/Desktop/IECC/industrial_decarb/LCOH_EU_workflow/off_grid_electricity_run/outputs/pvgis_hourly/FR.CAED'
Traceback (most recent call last):
  File "/Users/annayuen/Desktop/IECC/industrial_decarb/LCOH_EU_workflow/off_grid_electricity_run/scripts/pull_pvgis_115.py", line 144, in fetch_one
    .to_csv(hourly_path, index=False)
     ~~~~~~^^^^^^^^^^^^^^^^^^^^^^^^^^
  File "/Users/annayuen/Desktop/IECC/industrial_decarb/LCOH_EU_workflow/.venv/lib/python3.13/site-packages/pandas/core/generic.py", line 3988, in to_csv
    return DataFrameRenderer(formatter).to_csv(
           ~~~~~~~~~~~~~~~~~~~~~~~~~~~~~~~~~~~^
        path_or_buf,
        ^^^^^^^^^^^^
    ...<14 lines>...
        storage_options=storage_options,
        ^^^^^^^^^^^^^^^^^^^^^^^^^^^^^^^^
    )
    ^
  File "/Users/annayuen/Desktop/IECC/industrial_decarb/LCOH_EU_workflow/.venv/lib/python3.13/site-packages/pandas/io/formats/format.py", line 1025, in to_csv
    csv_formatter.save()
    ~~~~~~~~~~~~~~~~~~^^
  File "/Users/annayuen/Desktop/IECC/industrial_decarb/LCOH_EU_workflow/.venv/lib/python3.13/site-packages/pandas/io/formats/csvs.py", line 251, in save
    with get_handle(
         ~~~~~~~~~~^
        self.filepath_or_buffer,
        ^^^^^^^^^^^^^^^^^^^^^^^^
    ...<4 lines>...
        storage_options=self.storage_options,
        ^^^^^^^^^^^^^^^^^^^^^^^^^^^^^^^^^^^^^
    ) as handles:
    ^
  File "/Users/annayuen/Desktop/IECC/industrial_decarb/LCOH_EU_workflow/.venv/lib/python3.13/site-packages/pandas/io/common.py", line 797, in get_handle
    check_parent_directory(str(handle))
    ~~~~~~~~~~~~~~~~~~~~~~^^^^^^^^^^^^^
  File "/Users/annayuen/Desktop/IECC/industrial_decarb/LCOH_EU_workflow/.venv/lib/python3.13/site-packages/pandas/io/common.py", line 656, in check_parent_directory
    raise OSError(rf"Cannot save file into a non-existent directory: '{parent}'")
OSError: Cannot save file into a non-existent directory: '/Users/annayuen/Desktop/IECC/industrial_decarb/LCOH_EU_workflow/off_grid_electricity_run/outputs/pvgis_hourly/FR.CAED'
2026-06-01 16:51:56,101 INFO [ES.CAED/001998000.FACILITY] start  lat=43.6975 lon=-7.4549  active=10
2026-06-01 16:51:56,101 INFO [93/115] FAIL  FR.CAED/3572.FACILITY  ETA 0:00:04.603390
2026-06-01 16:51:56,261 ERROR [IT.CAED/960111001.FACILITY] unexpected error: Cannot save file into a non-existent directory: '/Users/annayuen/Desktop/IECC/industrial_decarb/LCOH_EU_workflow/off_grid_electricity_run/outputs/pvgis_hourly/IT.CAED'
Traceback (most recent call last):
  File "/Users/annayuen/Desktop/IECC/industrial_decarb/LCOH_EU_workflow/off_grid_electricity_run/scripts/pull_pvgis_115.py", line 144, in fetch_one
    .to_csv(hourly_path, index=False)
     ~~~~~~^^^^^^^^^^^^^^^^^^^^^^^^^^
  File "/Users/annayuen/Desktop/IECC/industrial_decarb/LCOH_EU_workflow/.venv/lib/python3.13/site-packages/pandas/core/generic.py", line 3988, in to_csv
    return DataFrameRenderer(formatter).to_csv(
           ~~~~~~~~~~~~~~~~~~~~~~~~~~~~~~~~~~~^
        path_or_buf,
        ^^^^^^^^^^^^
    ...<14 lines>...
        storage_options=storage_options,
        ^^^^^^^^^^^^^^^^^^^^^^^^^^^^^^^^
    )
    ^
  File "/Users/annayuen/Desktop/IECC/industrial_decarb/LCOH_EU_workflow/.venv/lib/python3.13/site-packages/pandas/io/formats/format.py", line 1025, in to_csv
    csv_formatter.save()
    ~~~~~~~~~~~~~~~~~~^^
  File "/Users/annayuen/Desktop/IECC/industrial_decarb/LCOH_EU_workflow/.venv/lib/python3.13/site-packages/pandas/io/formats/csvs.py", line 251, in save
    with get_handle(
         ~~~~~~~~~~^
        self.filepath_or_buffer,
        ^^^^^^^^^^^^^^^^^^^^^^^^
    ...<4 lines>...
        storage_options=self.storage_options,
        ^^^^^^^^^^^^^^^^^^^^^^^^^^^^^^^^^^^^^
    ) as handles:
    ^
  File "/Users/annayuen/Desktop/IECC/industrial_decarb/LCOH_EU_workflow/.venv/lib/python3.13/site-packages/pandas/io/common.py", line 797, in get_handle
    check_parent_directory(str(handle))
    ~~~~~~~~~~~~~~~~~~~~~~^^^^^^^^^^^^^
  File "/Users/annayuen/Desktop/IECC/industrial_decarb/LCOH_EU_workflow/.venv/lib/python3.13/site-packages/pandas/io/common.py", line 656, in check_parent_directory
    raise OSError(rf"Cannot save file into a non-existent directory: '{parent}'")
OSError: Cannot save file into a non-existent directory: '/Users/annayuen/Desktop/IECC/industrial_decarb/LCOH_EU_workflow/off_grid_electricity_run/outputs/pvgis_hourly/IT.CAED'
2026-06-01 16:51:56,262 ERROR [PL.MŚ/000000067.FACILITY] unexpected error: Cannot save file into a non-existent directory: '/Users/annayuen/Desktop/IECC/industrial_decarb/LCOH_EU_workflow/off_grid_electricity_run/outputs/pvgis_hourly/PL.MŚ'
Traceback (most recent call last):
  File "/Users/annayuen/Desktop/IECC/industrial_decarb/LCOH_EU_workflow/off_grid_electricity_run/scripts/pull_pvgis_115.py", line 144, in fetch_one
    .to_csv(hourly_path, index=False)
     ~~~~~~^^^^^^^^^^^^^^^^^^^^^^^^^^
  File "/Users/annayuen/Desktop/IECC/industrial_decarb/LCOH_EU_workflow/.venv/lib/python3.13/site-packages/pandas/core/generic.py", line 3988, in to_csv
    return DataFrameRenderer(formatter).to_csv(
           ~~~~~~~~~~~~~~~~~~~~~~~~~~~~~~~~~~~^
        path_or_buf,
        ^^^^^^^^^^^^
    ...<14 lines>...
        storage_options=storage_options,
        ^^^^^^^^^^^^^^^^^^^^^^^^^^^^^^^^
    )
    ^
  File "/Users/annayuen/Desktop/IECC/industrial_decarb/LCOH_EU_workflow/.venv/lib/python3.13/site-packages/pandas/io/formats/format.py", line 1025, in to_csv
    csv_formatter.save()
    ~~~~~~~~~~~~~~~~~~^^
  File "/Users/annayuen/Desktop/IECC/industrial_decarb/LCOH_EU_workflow/.venv/lib/python3.13/site-packages/pandas/io/formats/csvs.py", line 251, in save
    with get_handle(
         ~~~~~~~~~~^
        self.filepath_or_buffer,
        ^^^^^^^^^^^^^^^^^^^^^^^^
    ...<4 lines>...
        storage_options=self.storage_options,
        ^^^^^^^^^^^^^^^^^^^^^^^^^^^^^^^^^^^^^
    ) as handles:
    ^
  File "/Users/annayuen/Desktop/IECC/industrial_decarb/LCOH_EU_workflow/.venv/lib/python3.13/site-packages/pandas/io/common.py", line 797, in get_handle
    check_parent_directory(str(handle))
    ~~~~~~~~~~~~~~~~~~~~~~^^^^^^^^^^^^^
  File "/Users/annayuen/Desktop/IECC/industrial_decarb/LCOH_EU_workflow/.venv/lib/python3.13/site-packages/pandas/io/common.py", line 656, in check_parent_directory
    raise OSError(rf"Cannot save file into a non-existent directory: '{parent}'")
OSError: Cannot save file into a non-existent directory: '/Users/annayuen/Desktop/IECC/industrial_decarb/LCOH_EU_workflow/off_grid_electricity_run/outputs/pvgis_hourly/PL.MŚ'
2026-06-01 16:51:56,263 ERROR [FR.CAED/132.FACILITY] unexpected error: Cannot save file into a non-existent directory: '/Users/annayuen/Desktop/IECC/industrial_decarb/LCOH_EU_workflow/off_grid_electricity_run/outputs/pvgis_hourly/FR.CAED'
Traceback (most recent call last):
  File "/Users/annayuen/Desktop/IECC/industrial_decarb/LCOH_EU_workflow/off_grid_electricity_run/scripts/pull_pvgis_115.py", line 144, in fetch_one
    .to_csv(hourly_path, index=False)
     ~~~~~~^^^^^^^^^^^^^^^^^^^^^^^^^^
  File "/Users/annayuen/Desktop/IECC/industrial_decarb/LCOH_EU_workflow/.venv/lib/python3.13/site-packages/pandas/core/generic.py", line 3988, in to_csv
    return DataFrameRenderer(formatter).to_csv(
           ~~~~~~~~~~~~~~~~~~~~~~~~~~~~~~~~~~~^
        path_or_buf,
        ^^^^^^^^^^^^
    ...<14 lines>...
        storage_options=storage_options,
        ^^^^^^^^^^^^^^^^^^^^^^^^^^^^^^^^
    )
    ^
  File "/Users/annayuen/Desktop/IECC/industrial_decarb/LCOH_EU_workflow/.venv/lib/python3.13/site-packages/pandas/io/formats/format.py", line 1025, in to_csv
    csv_formatter.save()
    ~~~~~~~~~~~~~~~~~~^^
  File "/Users/annayuen/Desktop/IECC/industrial_decarb/LCOH_EU_workflow/.venv/lib/python3.13/site-packages/pandas/io/formats/csvs.py", line 251, in save
    with get_handle(
         ~~~~~~~~~~^
        self.filepath_or_buffer,
        ^^^^^^^^^^^^^^^^^^^^^^^^
    ...<4 lines>...
        storage_options=self.storage_options,
        ^^^^^^^^^^^^^^^^^^^^^^^^^^^^^^^^^^^^^
    ) as handles:
    ^
  File "/Users/annayuen/Desktop/IECC/industrial_decarb/LCOH_EU_workflow/.venv/lib/python3.13/site-packages/pandas/io/common.py", line 797, in get_handle
    check_parent_directory(str(handle))
    ~~~~~~~~~~~~~~~~~~~~~~^^^^^^^^^^^^^
  File "/Users/annayuen/Desktop/IECC/industrial_decarb/LCOH_EU_workflow/.venv/lib/python3.13/site-packages/pandas/io/common.py", line 656, in check_parent_directory
    raise OSError(rf"Cannot save file into a non-existent directory: '{parent}'")
OSError: Cannot save file into a non-existent directory: '/Users/annayuen/Desktop/IECC/industrial_decarb/LCOH_EU_workflow/off_grid_electricity_run/outputs/pvgis_hourly/FR.CAED'
2026-06-01 16:51:56,266 INFO [FR.CAED/6359.FACILITY] start  lat=49.0053 lon=7.0312  active=10
2026-06-01 16:51:56,267 INFO [PL.MŚ/000000109.FACILITY] start  lat=52.8271 lon=18.0081  active=10
2026-06-01 16:51:56,267 INFO [94/115] FAIL  IT.CAED/960111001.FACILITY  ETA 0:00:04.384548
2026-06-01 16:51:56,268 INFO [FR.CAED/10727.FACILITY] start  lat=50.2094 lon=2.7676  active=10
2026-06-01 16:51:56,269 INFO [95/115] FAIL  PL.MŚ/000000067.FACILITY  ETA 0:00:04.132120
2026-06-01 16:51:56,270 INFO [96/115] FAIL  FR.CAED/132.FACILITY  ETA 0:00:03.884816
2026-06-01 16:51:56,369 ERROR [FR.CAED/3834.FACILITY] unexpected error: Cannot save file into a non-existent directory: '/Users/annayuen/Desktop/IECC/industrial_decarb/LCOH_EU_workflow/off_grid_electricity_run/outputs/pvgis_hourly/FR.CAED'
Traceback (most recent call last):
  File "/Users/annayuen/Desktop/IECC/industrial_decarb/LCOH_EU_workflow/off_grid_electricity_run/scripts/pull_pvgis_115.py", line 144, in fetch_one
    .to_csv(hourly_path, index=False)
     ~~~~~~^^^^^^^^^^^^^^^^^^^^^^^^^^
  File "/Users/annayuen/Desktop/IECC/industrial_decarb/LCOH_EU_workflow/.venv/lib/python3.13/site-packages/pandas/core/generic.py", line 3988, in to_csv
    return DataFrameRenderer(formatter).to_csv(
           ~~~~~~~~~~~~~~~~~~~~~~~~~~~~~~~~~~~^
        path_or_buf,
        ^^^^^^^^^^^^
    ...<14 lines>...
        storage_options=storage_options,
        ^^^^^^^^^^^^^^^^^^^^^^^^^^^^^^^^
    )
    ^
  File "/Users/annayuen/Desktop/IECC/industrial_decarb/LCOH_EU_workflow/.venv/lib/python3.13/site-packages/pandas/io/formats/format.py", line 1025, in to_csv
    csv_formatter.save()
    ~~~~~~~~~~~~~~~~~~^^
  File "/Users/annayuen/Desktop/IECC/industrial_decarb/LCOH_EU_workflow/.venv/lib/python3.13/site-packages/pandas/io/formats/csvs.py", line 251, in save
    with get_handle(
         ~~~~~~~~~~^
        self.filepath_or_buffer,
        ^^^^^^^^^^^^^^^^^^^^^^^^
    ...<4 lines>...
        storage_options=self.storage_options,
        ^^^^^^^^^^^^^^^^^^^^^^^^^^^^^^^^^^^^^
    ) as handles:
    ^
  File "/Users/annayuen/Desktop/IECC/industrial_decarb/LCOH_EU_workflow/.venv/lib/python3.13/site-packages/pandas/io/common.py", line 797, in get_handle
    check_parent_directory(str(handle))
    ~~~~~~~~~~~~~~~~~~~~~~^^^^^^^^^^^^^
  File "/Users/annayuen/Desktop/IECC/industrial_decarb/LCOH_EU_workflow/.venv/lib/python3.13/site-packages/pandas/io/common.py", line 656, in check_parent_directory
    raise OSError(rf"Cannot save file into a non-existent directory: '{parent}'")
OSError: Cannot save file into a non-existent directory: '/Users/annayuen/Desktop/IECC/industrial_decarb/LCOH_EU_workflow/off_grid_electricity_run/outputs/pvgis_hourly/FR.CAED'
2026-06-01 16:51:56,372 INFO [PL.MŚ/000000062.FACILITY] start  lat=50.6806 lon=17.9139  active=10
2026-06-01 16:51:56,372 INFO [97/115] FAIL  FR.CAED/3834.FACILITY  ETA 0:00:03.661470
2026-06-01 16:51:56,385 ERROR [FR.CAED/82.FACILITY] unexpected error: Cannot save file into a non-existent directory: '/Users/annayuen/Desktop/IECC/industrial_decarb/LCOH_EU_workflow/off_grid_electricity_run/outputs/pvgis_hourly/FR.CAED'
Traceback (most recent call last):
  File "/Users/annayuen/Desktop/IECC/industrial_decarb/LCOH_EU_workflow/off_grid_electricity_run/scripts/pull_pvgis_115.py", line 144, in fetch_one
    .to_csv(hourly_path, index=False)
     ~~~~~~^^^^^^^^^^^^^^^^^^^^^^^^^^
  File "/Users/annayuen/Desktop/IECC/industrial_decarb/LCOH_EU_workflow/.venv/lib/python3.13/site-packages/pandas/core/generic.py", line 3988, in to_csv
    return DataFrameRenderer(formatter).to_csv(
           ~~~~~~~~~~~~~~~~~~~~~~~~~~~~~~~~~~~^
        path_or_buf,
        ^^^^^^^^^^^^
    ...<14 lines>...
        storage_options=storage_options,
        ^^^^^^^^^^^^^^^^^^^^^^^^^^^^^^^^
    )
    ^
  File "/Users/annayuen/Desktop/IECC/industrial_decarb/LCOH_EU_workflow/.venv/lib/python3.13/site-packages/pandas/io/formats/format.py", line 1025, in to_csv
    csv_formatter.save()
    ~~~~~~~~~~~~~~~~~~^^
  File "/Users/annayuen/Desktop/IECC/industrial_decarb/LCOH_EU_workflow/.venv/lib/python3.13/site-packages/pandas/io/formats/csvs.py", line 251, in save
    with get_handle(
         ~~~~~~~~~~^
        self.filepath_or_buffer,
        ^^^^^^^^^^^^^^^^^^^^^^^^
    ...<4 lines>...
        storage_options=self.storage_options,
        ^^^^^^^^^^^^^^^^^^^^^^^^^^^^^^^^^^^^^
    ) as handles:
    ^
  File "/Users/annayuen/Desktop/IECC/industrial_decarb/LCOH_EU_workflow/.venv/lib/python3.13/site-packages/pandas/io/common.py", line 797, in get_handle
    check_parent_directory(str(handle))
    ~~~~~~~~~~~~~~~~~~~~~~^^^^^^^^^^^^^
  File "/Users/annayuen/Desktop/IECC/industrial_decarb/LCOH_EU_workflow/.venv/lib/python3.13/site-packages/pandas/io/common.py", line 656, in check_parent_directory
    raise OSError(rf"Cannot save file into a non-existent directory: '{parent}'")
OSError: Cannot save file into a non-existent directory: '/Users/annayuen/Desktop/IECC/industrial_decarb/LCOH_EU_workflow/off_grid_electricity_run/outputs/pvgis_hourly/FR.CAED'
2026-06-01 16:51:56,386 ERROR [PL.MŚ/000000063.FACILITY] unexpected error: Cannot save file into a non-existent directory: '/Users/annayuen/Desktop/IECC/industrial_decarb/LCOH_EU_workflow/off_grid_electricity_run/outputs/pvgis_hourly/PL.MŚ'
Traceback (most recent call last):
  File "/Users/annayuen/Desktop/IECC/industrial_decarb/LCOH_EU_workflow/off_grid_electricity_run/scripts/pull_pvgis_115.py", line 144, in fetch_one
    .to_csv(hourly_path, index=False)
     ~~~~~~^^^^^^^^^^^^^^^^^^^^^^^^^^
  File "/Users/annayuen/Desktop/IECC/industrial_decarb/LCOH_EU_workflow/.venv/lib/python3.13/site-packages/pandas/core/generic.py", line 3988, in to_csv
    return DataFrameRenderer(formatter).to_csv(
           ~~~~~~~~~~~~~~~~~~~~~~~~~~~~~~~~~~~^
        path_or_buf,
        ^^^^^^^^^^^^
    ...<14 lines>...
        storage_options=storage_options,
        ^^^^^^^^^^^^^^^^^^^^^^^^^^^^^^^^
    )
    ^
  File "/Users/annayuen/Desktop/IECC/industrial_decarb/LCOH_EU_workflow/.venv/lib/python3.13/site-packages/pandas/io/formats/format.py", line 1025, in to_csv
    csv_formatter.save()
    ~~~~~~~~~~~~~~~~~~^^
  File "/Users/annayuen/Desktop/IECC/industrial_decarb/LCOH_EU_workflow/.venv/lib/python3.13/site-packages/pandas/io/formats/csvs.py", line 251, in save
    with get_handle(
         ~~~~~~~~~~^
        self.filepath_or_buffer,
        ^^^^^^^^^^^^^^^^^^^^^^^^
    ...<4 lines>...
        storage_options=self.storage_options,
        ^^^^^^^^^^^^^^^^^^^^^^^^^^^^^^^^^^^^^
    ) as handles:
    ^
  File "/Users/annayuen/Desktop/IECC/industrial_decarb/LCOH_EU_workflow/.venv/lib/python3.13/site-packages/pandas/io/common.py", line 797, in get_handle
    check_parent_directory(str(handle))
    ~~~~~~~~~~~~~~~~~~~~~~^^^^^^^^^^^^^
  File "/Users/annayuen/Desktop/IECC/industrial_decarb/LCOH_EU_workflow/.venv/lib/python3.13/site-packages/pandas/io/common.py", line 656, in check_parent_directory
    raise OSError(rf"Cannot save file into a non-existent directory: '{parent}'")
OSError: Cannot save file into a non-existent directory: '/Users/annayuen/Desktop/IECC/industrial_decarb/LCOH_EU_workflow/off_grid_electricity_run/outputs/pvgis_hourly/PL.MŚ'
2026-06-01 16:51:56,387 ERROR [IT.CAED/100752001.FACILITY] unexpected error: Cannot save file into a non-existent directory: '/Users/annayuen/Desktop/IECC/industrial_decarb/LCOH_EU_workflow/off_grid_electricity_run/outputs/pvgis_hourly/IT.CAED'
Traceback (most recent call last):
  File "/Users/annayuen/Desktop/IECC/industrial_decarb/LCOH_EU_workflow/off_grid_electricity_run/scripts/pull_pvgis_115.py", line 144, in fetch_one
    .to_csv(hourly_path, index=False)
     ~~~~~~^^^^^^^^^^^^^^^^^^^^^^^^^^
  File "/Users/annayuen/Desktop/IECC/industrial_decarb/LCOH_EU_workflow/.venv/lib/python3.13/site-packages/pandas/core/generic.py", line 3988, in to_csv
    return DataFrameRenderer(formatter).to_csv(
           ~~~~~~~~~~~~~~~~~~~~~~~~~~~~~~~~~~~^
        path_or_buf,
        ^^^^^^^^^^^^
    ...<14 lines>...
        storage_options=storage_options,
        ^^^^^^^^^^^^^^^^^^^^^^^^^^^^^^^^
    )
    ^
  File "/Users/annayuen/Desktop/IECC/industrial_decarb/LCOH_EU_workflow/.venv/lib/python3.13/site-packages/pandas/io/formats/format.py", line 1025, in to_csv
    csv_formatter.save()
    ~~~~~~~~~~~~~~~~~~^^
  File "/Users/annayuen/Desktop/IECC/industrial_decarb/LCOH_EU_workflow/.venv/lib/python3.13/site-packages/pandas/io/formats/csvs.py", line 251, in save
    with get_handle(
         ~~~~~~~~~~^
        self.filepath_or_buffer,
        ^^^^^^^^^^^^^^^^^^^^^^^^
    ...<4 lines>...
        storage_options=self.storage_options,
        ^^^^^^^^^^^^^^^^^^^^^^^^^^^^^^^^^^^^^
    ) as handles:
    ^
  File "/Users/annayuen/Desktop/IECC/industrial_decarb/LCOH_EU_workflow/.venv/lib/python3.13/site-packages/pandas/io/common.py", line 797, in get_handle
    check_parent_directory(str(handle))
    ~~~~~~~~~~~~~~~~~~~~~~^^^^^^^^^^^^^
  File "/Users/annayuen/Desktop/IECC/industrial_decarb/LCOH_EU_workflow/.venv/lib/python3.13/site-packages/pandas/io/common.py", line 656, in check_parent_directory
    raise OSError(rf"Cannot save file into a non-existent directory: '{parent}'")
OSError: Cannot save file into a non-existent directory: '/Users/annayuen/Desktop/IECC/industrial_decarb/LCOH_EU_workflow/off_grid_electricity_run/outputs/pvgis_hourly/IT.CAED'
2026-06-01 16:51:56,388 INFO [FR.CAED/4602.FACILITY] start  lat=45.8691 lon=0.8281  active=10
2026-06-01 16:51:56,388 INFO [98/115] FAIL  FR.CAED/82.FACILITY  ETA 0:00:03.425534
2026-06-01 16:51:56,390 INFO [FR.CAED/5125.FACILITY] start  lat=45.2153 lon=4.8130  active=10
2026-06-01 16:51:56,392 INFO [PL.MŚ/000000190.FACILITY] start  lat=50.8751 lon=19.2573  active=10
2026-06-01 16:51:56,392 INFO [99/115] FAIL  PL.MŚ/000000063.FACILITY  ETA 0:00:03.192032
2026-06-01 16:51:56,393 INFO [100/115] FAIL  IT.CAED/100752001.FACILITY  ETA 0:00:02.962770
2026-06-01 16:51:57,550 ERROR [IT.CAED/270391001.FACILITY] unexpected error: Cannot save file into a non-existent directory: '/Users/annayuen/Desktop/IECC/industrial_decarb/LCOH_EU_workflow/off_grid_electricity_run/outputs/pvgis_hourly/IT.CAED'
Traceback (most recent call last):
  File "/Users/annayuen/Desktop/IECC/industrial_decarb/LCOH_EU_workflow/off_grid_electricity_run/scripts/pull_pvgis_115.py", line 144, in fetch_one
    .to_csv(hourly_path, index=False)
     ~~~~~~^^^^^^^^^^^^^^^^^^^^^^^^^^
  File "/Users/annayuen/Desktop/IECC/industrial_decarb/LCOH_EU_workflow/.venv/lib/python3.13/site-packages/pandas/core/generic.py", line 3988, in to_csv
    return DataFrameRenderer(formatter).to_csv(
           ~~~~~~~~~~~~~~~~~~~~~~~~~~~~~~~~~~~^
        path_or_buf,
        ^^^^^^^^^^^^
    ...<14 lines>...
        storage_options=storage_options,
        ^^^^^^^^^^^^^^^^^^^^^^^^^^^^^^^^
    )
    ^
  File "/Users/annayuen/Desktop/IECC/industrial_decarb/LCOH_EU_workflow/.venv/lib/python3.13/site-packages/pandas/io/formats/format.py", line 1025, in to_csv
    csv_formatter.save()
    ~~~~~~~~~~~~~~~~~~^^
  File "/Users/annayuen/Desktop/IECC/industrial_decarb/LCOH_EU_workflow/.venv/lib/python3.13/site-packages/pandas/io/formats/csvs.py", line 251, in save
    with get_handle(
         ~~~~~~~~~~^
        self.filepath_or_buffer,
        ^^^^^^^^^^^^^^^^^^^^^^^^
    ...<4 lines>...
        storage_options=self.storage_options,
        ^^^^^^^^^^^^^^^^^^^^^^^^^^^^^^^^^^^^^
    ) as handles:
    ^
  File "/Users/annayuen/Desktop/IECC/industrial_decarb/LCOH_EU_workflow/.venv/lib/python3.13/site-packages/pandas/io/common.py", line 797, in get_handle
    check_parent_directory(str(handle))
    ~~~~~~~~~~~~~~~~~~~~~~^^^^^^^^^^^^^
  File "/Users/annayuen/Desktop/IECC/industrial_decarb/LCOH_EU_workflow/.venv/lib/python3.13/site-packages/pandas/io/common.py", line 656, in check_parent_directory
    raise OSError(rf"Cannot save file into a non-existent directory: '{parent}'")
OSError: Cannot save file into a non-existent directory: '/Users/annayuen/Desktop/IECC/industrial_decarb/LCOH_EU_workflow/off_grid_electricity_run/outputs/pvgis_hourly/IT.CAED'
2026-06-01 16:51:57,552 INFO [EL.CAED/100066.FACILITY] start  lat=37.9178 lon=23.0736  active=10
2026-06-01 16:51:57,552 INFO [101/115] FAIL  IT.CAED/270391001.FACILITY  ETA 0:00:02.898546
2026-06-01 16:51:57,658 ERROR [FR.CAED/3833.FACILITY] unexpected error: Cannot save file into a non-existent directory: '/Users/annayuen/Desktop/IECC/industrial_decarb/LCOH_EU_workflow/off_grid_electricity_run/outputs/pvgis_hourly/FR.CAED'
Traceback (most recent call last):
  File "/Users/annayuen/Desktop/IECC/industrial_decarb/LCOH_EU_workflow/off_grid_electricity_run/scripts/pull_pvgis_115.py", line 144, in fetch_one
    .to_csv(hourly_path, index=False)
     ~~~~~~^^^^^^^^^^^^^^^^^^^^^^^^^^
  File "/Users/annayuen/Desktop/IECC/industrial_decarb/LCOH_EU_workflow/.venv/lib/python3.13/site-packages/pandas/core/generic.py", line 3988, in to_csv
    return DataFrameRenderer(formatter).to_csv(
           ~~~~~~~~~~~~~~~~~~~~~~~~~~~~~~~~~~~^
        path_or_buf,
        ^^^^^^^^^^^^
    ...<14 lines>...
        storage_options=storage_options,
        ^^^^^^^^^^^^^^^^^^^^^^^^^^^^^^^^
    )
    ^
  File "/Users/annayuen/Desktop/IECC/industrial_decarb/LCOH_EU_workflow/.venv/lib/python3.13/site-packages/pandas/io/formats/format.py", line 1025, in to_csv
    csv_formatter.save()
    ~~~~~~~~~~~~~~~~~~^^
  File "/Users/annayuen/Desktop/IECC/industrial_decarb/LCOH_EU_workflow/.venv/lib/python3.13/site-packages/pandas/io/formats/csvs.py", line 251, in save
    with get_handle(
         ~~~~~~~~~~^
        self.filepath_or_buffer,
        ^^^^^^^^^^^^^^^^^^^^^^^^
    ...<4 lines>...
        storage_options=self.storage_options,
        ^^^^^^^^^^^^^^^^^^^^^^^^^^^^^^^^^^^^^
    ) as handles:
    ^
  File "/Users/annayuen/Desktop/IECC/industrial_decarb/LCOH_EU_workflow/.venv/lib/python3.13/site-packages/pandas/io/common.py", line 797, in get_handle
    check_parent_directory(str(handle))
    ~~~~~~~~~~~~~~~~~~~~~~^^^^^^^^^^^^^
  File "/Users/annayuen/Desktop/IECC/industrial_decarb/LCOH_EU_workflow/.venv/lib/python3.13/site-packages/pandas/io/common.py", line 656, in check_parent_directory
    raise OSError(rf"Cannot save file into a non-existent directory: '{parent}'")
OSError: Cannot save file into a non-existent directory: '/Users/annayuen/Desktop/IECC/industrial_decarb/LCOH_EU_workflow/off_grid_electricity_run/outputs/pvgis_hourly/FR.CAED'
2026-06-01 16:51:57,660 INFO [FR.CAED/3466.FACILITY] start  lat=48.7222 lon=3.9212  active=10
2026-06-01 16:51:57,660 INFO [102/115] FAIL  FR.CAED/3833.FACILITY  ETA 0:00:02.678806
2026-06-01 16:51:57,900 ERROR [ES.CAED/001998000.FACILITY] unexpected error: Cannot save file into a non-existent directory: '/Users/annayuen/Desktop/IECC/industrial_decarb/LCOH_EU_workflow/off_grid_electricity_run/outputs/pvgis_hourly/ES.CAED'
Traceback (most recent call last):
  File "/Users/annayuen/Desktop/IECC/industrial_decarb/LCOH_EU_workflow/off_grid_electricity_run/scripts/pull_pvgis_115.py", line 144, in fetch_one
    .to_csv(hourly_path, index=False)
     ~~~~~~^^^^^^^^^^^^^^^^^^^^^^^^^^
  File "/Users/annayuen/Desktop/IECC/industrial_decarb/LCOH_EU_workflow/.venv/lib/python3.13/site-packages/pandas/core/generic.py", line 3988, in to_csv
    return DataFrameRenderer(formatter).to_csv(
           ~~~~~~~~~~~~~~~~~~~~~~~~~~~~~~~~~~~^
        path_or_buf,
        ^^^^^^^^^^^^
    ...<14 lines>...
        storage_options=storage_options,
        ^^^^^^^^^^^^^^^^^^^^^^^^^^^^^^^^
    )
    ^
  File "/Users/annayuen/Desktop/IECC/industrial_decarb/LCOH_EU_workflow/.venv/lib/python3.13/site-packages/pandas/io/formats/format.py", line 1025, in to_csv
    csv_formatter.save()
    ~~~~~~~~~~~~~~~~~~^^
  File "/Users/annayuen/Desktop/IECC/industrial_decarb/LCOH_EU_workflow/.venv/lib/python3.13/site-packages/pandas/io/formats/csvs.py", line 251, in save
    with get_handle(
         ~~~~~~~~~~^
        self.filepath_or_buffer,
        ^^^^^^^^^^^^^^^^^^^^^^^^
    ...<4 lines>...
        storage_options=self.storage_options,
        ^^^^^^^^^^^^^^^^^^^^^^^^^^^^^^^^^^^^^
    ) as handles:
    ^
  File "/Users/annayuen/Desktop/IECC/industrial_decarb/LCOH_EU_workflow/.venv/lib/python3.13/site-packages/pandas/io/common.py", line 797, in get_handle
    check_parent_directory(str(handle))
    ~~~~~~~~~~~~~~~~~~~~~~^^^^^^^^^^^^^
  File "/Users/annayuen/Desktop/IECC/industrial_decarb/LCOH_EU_workflow/.venv/lib/python3.13/site-packages/pandas/io/common.py", line 656, in check_parent_directory
    raise OSError(rf"Cannot save file into a non-existent directory: '{parent}'")
OSError: Cannot save file into a non-existent directory: '/Users/annayuen/Desktop/IECC/industrial_decarb/LCOH_EU_workflow/off_grid_electricity_run/outputs/pvgis_hourly/ES.CAED'
2026-06-01 16:51:57,902 INFO [PL.MŚ/000000215.FACILITY] start  lat=51.1372 lon=23.5444  active=10
2026-06-01 16:51:57,902 INFO [103/115] FAIL  ES.CAED/001998000.FACILITY  ETA 0:00:02.477040
2026-06-01 16:51:58,100 ERROR [FR.CAED/10727.FACILITY] unexpected error: Cannot save file into a non-existent directory: '/Users/annayuen/Desktop/IECC/industrial_decarb/LCOH_EU_workflow/off_grid_electricity_run/outputs/pvgis_hourly/FR.CAED'
Traceback (most recent call last):
  File "/Users/annayuen/Desktop/IECC/industrial_decarb/LCOH_EU_workflow/off_grid_electricity_run/scripts/pull_pvgis_115.py", line 144, in fetch_one
    .to_csv(hourly_path, index=False)
     ~~~~~~^^^^^^^^^^^^^^^^^^^^^^^^^^
  File "/Users/annayuen/Desktop/IECC/industrial_decarb/LCOH_EU_workflow/.venv/lib/python3.13/site-packages/pandas/core/generic.py", line 3988, in to_csv
    return DataFrameRenderer(formatter).to_csv(
           ~~~~~~~~~~~~~~~~~~~~~~~~~~~~~~~~~~~^
        path_or_buf,
        ^^^^^^^^^^^^
    ...<14 lines>...
        storage_options=storage_options,
        ^^^^^^^^^^^^^^^^^^^^^^^^^^^^^^^^
    )
    ^
  File "/Users/annayuen/Desktop/IECC/industrial_decarb/LCOH_EU_workflow/.venv/lib/python3.13/site-packages/pandas/io/formats/format.py", line 1025, in to_csv
    csv_formatter.save()
    ~~~~~~~~~~~~~~~~~~^^
  File "/Users/annayuen/Desktop/IECC/industrial_decarb/LCOH_EU_workflow/.venv/lib/python3.13/site-packages/pandas/io/formats/csvs.py", line 251, in save
    with get_handle(
         ~~~~~~~~~~^
        self.filepath_or_buffer,
        ^^^^^^^^^^^^^^^^^^^^^^^^
    ...<4 lines>...
        storage_options=self.storage_options,
        ^^^^^^^^^^^^^^^^^^^^^^^^^^^^^^^^^^^^^
    ) as handles:
    ^
  File "/Users/annayuen/Desktop/IECC/industrial_decarb/LCOH_EU_workflow/.venv/lib/python3.13/site-packages/pandas/io/common.py", line 797, in get_handle
    check_parent_directory(str(handle))
    ~~~~~~~~~~~~~~~~~~~~~~^^^^^^^^^^^^^
  File "/Users/annayuen/Desktop/IECC/industrial_decarb/LCOH_EU_workflow/.venv/lib/python3.13/site-packages/pandas/io/common.py", line 656, in check_parent_directory
    raise OSError(rf"Cannot save file into a non-existent directory: '{parent}'")
OSError: Cannot save file into a non-existent directory: '/Users/annayuen/Desktop/IECC/industrial_decarb/LCOH_EU_workflow/off_grid_electricity_run/outputs/pvgis_hourly/FR.CAED'
2026-06-01 16:51:58,101 ERROR [PL.MŚ/000000109.FACILITY] unexpected error: Cannot save file into a non-existent directory: '/Users/annayuen/Desktop/IECC/industrial_decarb/LCOH_EU_workflow/off_grid_electricity_run/outputs/pvgis_hourly/PL.MŚ'
Traceback (most recent call last):
  File "/Users/annayuen/Desktop/IECC/industrial_decarb/LCOH_EU_workflow/off_grid_electricity_run/scripts/pull_pvgis_115.py", line 144, in fetch_one
    .to_csv(hourly_path, index=False)
     ~~~~~~^^^^^^^^^^^^^^^^^^^^^^^^^^
  File "/Users/annayuen/Desktop/IECC/industrial_decarb/LCOH_EU_workflow/.venv/lib/python3.13/site-packages/pandas/core/generic.py", line 3988, in to_csv
    return DataFrameRenderer(formatter).to_csv(
           ~~~~~~~~~~~~~~~~~~~~~~~~~~~~~~~~~~~^
        path_or_buf,
        ^^^^^^^^^^^^
    ...<14 lines>...
        storage_options=storage_options,
        ^^^^^^^^^^^^^^^^^^^^^^^^^^^^^^^^
    )
    ^
  File "/Users/annayuen/Desktop/IECC/industrial_decarb/LCOH_EU_workflow/.venv/lib/python3.13/site-packages/pandas/io/formats/format.py", line 1025, in to_csv
    csv_formatter.save()
    ~~~~~~~~~~~~~~~~~~^^
  File "/Users/annayuen/Desktop/IECC/industrial_decarb/LCOH_EU_workflow/.venv/lib/python3.13/site-packages/pandas/io/formats/csvs.py", line 251, in save
    with get_handle(
         ~~~~~~~~~~^
        self.filepath_or_buffer,
        ^^^^^^^^^^^^^^^^^^^^^^^^
    ...<4 lines>...
        storage_options=self.storage_options,
        ^^^^^^^^^^^^^^^^^^^^^^^^^^^^^^^^^^^^^
    ) as handles:
    ^
  File "/Users/annayuen/Desktop/IECC/industrial_decarb/LCOH_EU_workflow/.venv/lib/python3.13/site-packages/pandas/io/common.py", line 797, in get_handle
    check_parent_directory(str(handle))
    ~~~~~~~~~~~~~~~~~~~~~~^^^^^^^^^^^^^
  File "/Users/annayuen/Desktop/IECC/industrial_decarb/LCOH_EU_workflow/.venv/lib/python3.13/site-packages/pandas/io/common.py", line 656, in check_parent_directory
    raise OSError(rf"Cannot save file into a non-existent directory: '{parent}'")
OSError: Cannot save file into a non-existent directory: '/Users/annayuen/Desktop/IECC/industrial_decarb/LCOH_EU_workflow/off_grid_electricity_run/outputs/pvgis_hourly/PL.MŚ'
2026-06-01 16:51:58,104 INFO [IT.CAED/201532001.FACILITY] start  lat=45.5042 lon=9.0706  active=10
2026-06-01 16:51:58,104 INFO [104/115] FAIL  FR.CAED/10727.FACILITY  ETA 0:00:02.270092
2026-06-01 16:51:58,105 INFO [FR.CAED/5900.FACILITY] start  lat=48.6196 lon=6.3578  active=10
2026-06-01 16:51:58,105 INFO [105/115] FAIL  PL.MŚ/000000109.FACILITY  ETA 0:00:02.044170
2026-06-01 16:51:58,259 ERROR [PL.MŚ/000000062.FACILITY] unexpected error: Cannot save file into a non-existent directory: '/Users/annayuen/Desktop/IECC/industrial_decarb/LCOH_EU_workflow/off_grid_electricity_run/outputs/pvgis_hourly/PL.MŚ'
Traceback (most recent call last):
  File "/Users/annayuen/Desktop/IECC/industrial_decarb/LCOH_EU_workflow/off_grid_electricity_run/scripts/pull_pvgis_115.py", line 144, in fetch_one
    .to_csv(hourly_path, index=False)
     ~~~~~~^^^^^^^^^^^^^^^^^^^^^^^^^^
  File "/Users/annayuen/Desktop/IECC/industrial_decarb/LCOH_EU_workflow/.venv/lib/python3.13/site-packages/pandas/core/generic.py", line 3988, in to_csv
    return DataFrameRenderer(formatter).to_csv(
           ~~~~~~~~~~~~~~~~~~~~~~~~~~~~~~~~~~~^
        path_or_buf,
        ^^^^^^^^^^^^
    ...<14 lines>...
        storage_options=storage_options,
        ^^^^^^^^^^^^^^^^^^^^^^^^^^^^^^^^
    )
    ^
  File "/Users/annayuen/Desktop/IECC/industrial_decarb/LCOH_EU_workflow/.venv/lib/python3.13/site-packages/pandas/io/formats/format.py", line 1025, in to_csv
    csv_formatter.save()
    ~~~~~~~~~~~~~~~~~~^^
  File "/Users/annayuen/Desktop/IECC/industrial_decarb/LCOH_EU_workflow/.venv/lib/python3.13/site-packages/pandas/io/formats/csvs.py", line 251, in save
    with get_handle(
         ~~~~~~~~~~^
        self.filepath_or_buffer,
        ^^^^^^^^^^^^^^^^^^^^^^^^
    ...<4 lines>...
        storage_options=self.storage_options,
        ^^^^^^^^^^^^^^^^^^^^^^^^^^^^^^^^^^^^^
    ) as handles:
    ^
  File "/Users/annayuen/Desktop/IECC/industrial_decarb/LCOH_EU_workflow/.venv/lib/python3.13/site-packages/pandas/io/common.py", line 797, in get_handle
    check_parent_directory(str(handle))
    ~~~~~~~~~~~~~~~~~~~~~~^^^^^^^^^^^^^
  File "/Users/annayuen/Desktop/IECC/industrial_decarb/LCOH_EU_workflow/.venv/lib/python3.13/site-packages/pandas/io/common.py", line 656, in check_parent_directory
    raise OSError(rf"Cannot save file into a non-existent directory: '{parent}'")
OSError: Cannot save file into a non-existent directory: '/Users/annayuen/Desktop/IECC/industrial_decarb/LCOH_EU_workflow/off_grid_electricity_run/outputs/pvgis_hourly/PL.MŚ'
2026-06-01 16:51:58,260 ERROR [FR.CAED/6359.FACILITY] unexpected error: Cannot save file into a non-existent directory: '/Users/annayuen/Desktop/IECC/industrial_decarb/LCOH_EU_workflow/off_grid_electricity_run/outputs/pvgis_hourly/FR.CAED'
Traceback (most recent call last):
  File "/Users/annayuen/Desktop/IECC/industrial_decarb/LCOH_EU_workflow/off_grid_electricity_run/scripts/pull_pvgis_115.py", line 144, in fetch_one
    .to_csv(hourly_path, index=False)
     ~~~~~~^^^^^^^^^^^^^^^^^^^^^^^^^^
  File "/Users/annayuen/Desktop/IECC/industrial_decarb/LCOH_EU_workflow/.venv/lib/python3.13/site-packages/pandas/core/generic.py", line 3988, in to_csv
    return DataFrameRenderer(formatter).to_csv(
           ~~~~~~~~~~~~~~~~~~~~~~~~~~~~~~~~~~~^
        path_or_buf,
        ^^^^^^^^^^^^
    ...<14 lines>...
        storage_options=storage_options,
        ^^^^^^^^^^^^^^^^^^^^^^^^^^^^^^^^
    )
    ^
  File "/Users/annayuen/Desktop/IECC/industrial_decarb/LCOH_EU_workflow/.venv/lib/python3.13/site-packages/pandas/io/formats/format.py", line 1025, in to_csv
    csv_formatter.save()
    ~~~~~~~~~~~~~~~~~~^^
  File "/Users/annayuen/Desktop/IECC/industrial_decarb/LCOH_EU_workflow/.venv/lib/python3.13/site-packages/pandas/io/formats/csvs.py", line 251, in save
    with get_handle(
         ~~~~~~~~~~^
        self.filepath_or_buffer,
        ^^^^^^^^^^^^^^^^^^^^^^^^
    ...<4 lines>...
        storage_options=self.storage_options,
        ^^^^^^^^^^^^^^^^^^^^^^^^^^^^^^^^^^^^^
    ) as handles:
    ^
  File "/Users/annayuen/Desktop/IECC/industrial_decarb/LCOH_EU_workflow/.venv/lib/python3.13/site-packages/pandas/io/common.py", line 797, in get_handle
    check_parent_directory(str(handle))
    ~~~~~~~~~~~~~~~~~~~~~~^^^^^^^^^^^^^
  File "/Users/annayuen/Desktop/IECC/industrial_decarb/LCOH_EU_workflow/.venv/lib/python3.13/site-packages/pandas/io/common.py", line 656, in check_parent_directory
    raise OSError(rf"Cannot save file into a non-existent directory: '{parent}'")
OSError: Cannot save file into a non-existent directory: '/Users/annayuen/Desktop/IECC/industrial_decarb/LCOH_EU_workflow/off_grid_electricity_run/outputs/pvgis_hourly/FR.CAED'
2026-06-01 16:51:58,262 ERROR [FR.CAED/4602.FACILITY] unexpected error: Cannot save file into a non-existent directory: '/Users/annayuen/Desktop/IECC/industrial_decarb/LCOH_EU_workflow/off_grid_electricity_run/outputs/pvgis_hourly/FR.CAED'
Traceback (most recent call last):
  File "/Users/annayuen/Desktop/IECC/industrial_decarb/LCOH_EU_workflow/off_grid_electricity_run/scripts/pull_pvgis_115.py", line 144, in fetch_one
    .to_csv(hourly_path, index=False)
     ~~~~~~^^^^^^^^^^^^^^^^^^^^^^^^^^
  File "/Users/annayuen/Desktop/IECC/industrial_decarb/LCOH_EU_workflow/.venv/lib/python3.13/site-packages/pandas/core/generic.py", line 3988, in to_csv
    return DataFrameRenderer(formatter).to_csv(
           ~~~~~~~~~~~~~~~~~~~~~~~~~~~~~~~~~~~^
        path_or_buf,
        ^^^^^^^^^^^^
    ...<14 lines>...
        storage_options=storage_options,
        ^^^^^^^^^^^^^^^^^^^^^^^^^^^^^^^^
    )
    ^
  File "/Users/annayuen/Desktop/IECC/industrial_decarb/LCOH_EU_workflow/.venv/lib/python3.13/site-packages/pandas/io/formats/format.py", line 1025, in to_csv
    csv_formatter.save()
    ~~~~~~~~~~~~~~~~~~^^
  File "/Users/annayuen/Desktop/IECC/industrial_decarb/LCOH_EU_workflow/.venv/lib/python3.13/site-packages/pandas/io/formats/csvs.py", line 251, in save
    with get_handle(
         ~~~~~~~~~~^
        self.filepath_or_buffer,
        ^^^^^^^^^^^^^^^^^^^^^^^^
    ...<4 lines>...
        storage_options=self.storage_options,
        ^^^^^^^^^^^^^^^^^^^^^^^^^^^^^^^^^^^^^
    ) as handles:
    ^
  File "/Users/annayuen/Desktop/IECC/industrial_decarb/LCOH_EU_workflow/.venv/lib/python3.13/site-packages/pandas/io/common.py", line 797, in get_handle
    check_parent_directory(str(handle))
    ~~~~~~~~~~~~~~~~~~~~~~^^^^^^^^^^^^^
  File "/Users/annayuen/Desktop/IECC/industrial_decarb/LCOH_EU_workflow/.venv/lib/python3.13/site-packages/pandas/io/common.py", line 656, in check_parent_directory
    raise OSError(rf"Cannot save file into a non-existent directory: '{parent}'")
OSError: Cannot save file into a non-existent directory: '/Users/annayuen/Desktop/IECC/industrial_decarb/LCOH_EU_workflow/off_grid_electricity_run/outputs/pvgis_hourly/FR.CAED'
2026-06-01 16:51:58,265 INFO [106/115] FAIL  FR.CAED/6359.FACILITY  ETA 0:00:01.835982
2026-06-01 16:51:58,270 INFO [107/115] FAIL  PL.MŚ/000000062.FACILITY  ETA 0:00:01.617072
2026-06-01 16:51:58,270 INFO [108/115] FAIL  FR.CAED/4602.FACILITY  ETA 0:00:01.401841
2026-06-01 16:51:58,271 ERROR [PL.MŚ/000000190.FACILITY] unexpected error: Cannot save file into a non-existent directory: '/Users/annayuen/Desktop/IECC/industrial_decarb/LCOH_EU_workflow/off_grid_electricity_run/outputs/pvgis_hourly/PL.MŚ'
Traceback (most recent call last):
  File "/Users/annayuen/Desktop/IECC/industrial_decarb/LCOH_EU_workflow/off_grid_electricity_run/scripts/pull_pvgis_115.py", line 144, in fetch_one
    .to_csv(hourly_path, index=False)
     ~~~~~~^^^^^^^^^^^^^^^^^^^^^^^^^^
  File "/Users/annayuen/Desktop/IECC/industrial_decarb/LCOH_EU_workflow/.venv/lib/python3.13/site-packages/pandas/core/generic.py", line 3988, in to_csv
    return DataFrameRenderer(formatter).to_csv(
           ~~~~~~~~~~~~~~~~~~~~~~~~~~~~~~~~~~~^
        path_or_buf,
        ^^^^^^^^^^^^
    ...<14 lines>...
        storage_options=storage_options,
        ^^^^^^^^^^^^^^^^^^^^^^^^^^^^^^^^
    )
    ^
  File "/Users/annayuen/Desktop/IECC/industrial_decarb/LCOH_EU_workflow/.venv/lib/python3.13/site-packages/pandas/io/formats/format.py", line 1025, in to_csv
    csv_formatter.save()
    ~~~~~~~~~~~~~~~~~~^^
  File "/Users/annayuen/Desktop/IECC/industrial_decarb/LCOH_EU_workflow/.venv/lib/python3.13/site-packages/pandas/io/formats/csvs.py", line 251, in save
    with get_handle(
         ~~~~~~~~~~^
        self.filepath_or_buffer,
        ^^^^^^^^^^^^^^^^^^^^^^^^
    ...<4 lines>...
        storage_options=self.storage_options,
        ^^^^^^^^^^^^^^^^^^^^^^^^^^^^^^^^^^^^^
    ) as handles:
    ^
  File "/Users/annayuen/Desktop/IECC/industrial_decarb/LCOH_EU_workflow/.venv/lib/python3.13/site-packages/pandas/io/common.py", line 797, in get_handle
    check_parent_directory(str(handle))
    ~~~~~~~~~~~~~~~~~~~~~~^^^^^^^^^^^^^
  File "/Users/annayuen/Desktop/IECC/industrial_decarb/LCOH_EU_workflow/.venv/lib/python3.13/site-packages/pandas/io/common.py", line 656, in check_parent_directory
    raise OSError(rf"Cannot save file into a non-existent directory: '{parent}'")
OSError: Cannot save file into a non-existent directory: '/Users/annayuen/Desktop/IECC/industrial_decarb/LCOH_EU_workflow/off_grid_electricity_run/outputs/pvgis_hourly/PL.MŚ'
2026-06-01 16:51:58,272 INFO [109/115] FAIL  PL.MŚ/000000190.FACILITY  ETA 0:00:01.190700
2026-06-01 16:51:58,416 ERROR [FR.CAED/5125.FACILITY] unexpected error: Cannot save file into a non-existent directory: '/Users/annayuen/Desktop/IECC/industrial_decarb/LCOH_EU_workflow/off_grid_electricity_run/outputs/pvgis_hourly/FR.CAED'
Traceback (most recent call last):
  File "/Users/annayuen/Desktop/IECC/industrial_decarb/LCOH_EU_workflow/off_grid_electricity_run/scripts/pull_pvgis_115.py", line 144, in fetch_one
    .to_csv(hourly_path, index=False)
     ~~~~~~^^^^^^^^^^^^^^^^^^^^^^^^^^
  File "/Users/annayuen/Desktop/IECC/industrial_decarb/LCOH_EU_workflow/.venv/lib/python3.13/site-packages/pandas/core/generic.py", line 3988, in to_csv
    return DataFrameRenderer(formatter).to_csv(
           ~~~~~~~~~~~~~~~~~~~~~~~~~~~~~~~~~~~^
        path_or_buf,
        ^^^^^^^^^^^^
    ...<14 lines>...
        storage_options=storage_options,
        ^^^^^^^^^^^^^^^^^^^^^^^^^^^^^^^^
    )
    ^
  File "/Users/annayuen/Desktop/IECC/industrial_decarb/LCOH_EU_workflow/.venv/lib/python3.13/site-packages/pandas/io/formats/format.py", line 1025, in to_csv
    csv_formatter.save()
    ~~~~~~~~~~~~~~~~~~^^
  File "/Users/annayuen/Desktop/IECC/industrial_decarb/LCOH_EU_workflow/.venv/lib/python3.13/site-packages/pandas/io/formats/csvs.py", line 251, in save
    with get_handle(
         ~~~~~~~~~~^
        self.filepath_or_buffer,
        ^^^^^^^^^^^^^^^^^^^^^^^^
    ...<4 lines>...
        storage_options=self.storage_options,
        ^^^^^^^^^^^^^^^^^^^^^^^^^^^^^^^^^^^^^
    ) as handles:
    ^
  File "/Users/annayuen/Desktop/IECC/industrial_decarb/LCOH_EU_workflow/.venv/lib/python3.13/site-packages/pandas/io/common.py", line 797, in get_handle
    check_parent_directory(str(handle))
    ~~~~~~~~~~~~~~~~~~~~~~^^^^^^^^^^^^^
  File "/Users/annayuen/Desktop/IECC/industrial_decarb/LCOH_EU_workflow/.venv/lib/python3.13/site-packages/pandas/io/common.py", line 656, in check_parent_directory
    raise OSError(rf"Cannot save file into a non-existent directory: '{parent}'")
OSError: Cannot save file into a non-existent directory: '/Users/annayuen/Desktop/IECC/industrial_decarb/LCOH_EU_workflow/off_grid_electricity_run/outputs/pvgis_hourly/FR.CAED'
2026-06-01 16:51:58,417 INFO [110/115] FAIL  FR.CAED/5125.FACILITY  ETA 0:00:00.989830
2026-06-01 16:51:59,246 ERROR [EL.CAED/100066.FACILITY] unexpected error: Cannot save file into a non-existent directory: '/Users/annayuen/Desktop/IECC/industrial_decarb/LCOH_EU_workflow/off_grid_electricity_run/outputs/pvgis_hourly/EL.CAED'
Traceback (most recent call last):
  File "/Users/annayuen/Desktop/IECC/industrial_decarb/LCOH_EU_workflow/off_grid_electricity_run/scripts/pull_pvgis_115.py", line 144, in fetch_one
    .to_csv(hourly_path, index=False)
     ~~~~~~^^^^^^^^^^^^^^^^^^^^^^^^^^
  File "/Users/annayuen/Desktop/IECC/industrial_decarb/LCOH_EU_workflow/.venv/lib/python3.13/site-packages/pandas/core/generic.py", line 3988, in to_csv
    return DataFrameRenderer(formatter).to_csv(
           ~~~~~~~~~~~~~~~~~~~~~~~~~~~~~~~~~~~^
        path_or_buf,
        ^^^^^^^^^^^^
    ...<14 lines>...
        storage_options=storage_options,
        ^^^^^^^^^^^^^^^^^^^^^^^^^^^^^^^^
    )
    ^
  File "/Users/annayuen/Desktop/IECC/industrial_decarb/LCOH_EU_workflow/.venv/lib/python3.13/site-packages/pandas/io/formats/format.py", line 1025, in to_csv
    csv_formatter.save()
    ~~~~~~~~~~~~~~~~~~^^
  File "/Users/annayuen/Desktop/IECC/industrial_decarb/LCOH_EU_workflow/.venv/lib/python3.13/site-packages/pandas/io/formats/csvs.py", line 251, in save
    with get_handle(
         ~~~~~~~~~~^
        self.filepath_or_buffer,
        ^^^^^^^^^^^^^^^^^^^^^^^^
    ...<4 lines>...
        storage_options=self.storage_options,
        ^^^^^^^^^^^^^^^^^^^^^^^^^^^^^^^^^^^^^
    ) as handles:
    ^
  File "/Users/annayuen/Desktop/IECC/industrial_decarb/LCOH_EU_workflow/.venv/lib/python3.13/site-packages/pandas/io/common.py", line 797, in get_handle
    check_parent_directory(str(handle))
    ~~~~~~~~~~~~~~~~~~~~~~^^^^^^^^^^^^^
  File "/Users/annayuen/Desktop/IECC/industrial_decarb/LCOH_EU_workflow/.venv/lib/python3.13/site-packages/pandas/io/common.py", line 656, in check_parent_directory
    raise OSError(rf"Cannot save file into a non-existent directory: '{parent}'")
OSError: Cannot save file into a non-existent directory: '/Users/annayuen/Desktop/IECC/industrial_decarb/LCOH_EU_workflow/off_grid_electricity_run/outputs/pvgis_hourly/EL.CAED'
2026-06-01 16:51:59,248 INFO [111/115] FAIL  EL.CAED/100066.FACILITY  ETA 0:00:00.814652
2026-06-01 16:51:59,357 ERROR [FR.CAED/3466.FACILITY] unexpected error: Cannot save file into a non-existent directory: '/Users/annayuen/Desktop/IECC/industrial_decarb/LCOH_EU_workflow/off_grid_electricity_run/outputs/pvgis_hourly/FR.CAED'
Traceback (most recent call last):
  File "/Users/annayuen/Desktop/IECC/industrial_decarb/LCOH_EU_workflow/off_grid_electricity_run/scripts/pull_pvgis_115.py", line 144, in fetch_one
    .to_csv(hourly_path, index=False)
     ~~~~~~^^^^^^^^^^^^^^^^^^^^^^^^^^
  File "/Users/annayuen/Desktop/IECC/industrial_decarb/LCOH_EU_workflow/.venv/lib/python3.13/site-packages/pandas/core/generic.py", line 3988, in to_csv
    return DataFrameRenderer(formatter).to_csv(
           ~~~~~~~~~~~~~~~~~~~~~~~~~~~~~~~~~~~^
        path_or_buf,
        ^^^^^^^^^^^^
    ...<14 lines>...
        storage_options=storage_options,
        ^^^^^^^^^^^^^^^^^^^^^^^^^^^^^^^^
    )
    ^
  File "/Users/annayuen/Desktop/IECC/industrial_decarb/LCOH_EU_workflow/.venv/lib/python3.13/site-packages/pandas/io/formats/format.py", line 1025, in to_csv
    csv_formatter.save()
    ~~~~~~~~~~~~~~~~~~^^
  File "/Users/annayuen/Desktop/IECC/industrial_decarb/LCOH_EU_workflow/.venv/lib/python3.13/site-packages/pandas/io/formats/csvs.py", line 251, in save
    with get_handle(
         ~~~~~~~~~~^
        self.filepath_or_buffer,
        ^^^^^^^^^^^^^^^^^^^^^^^^
    ...<4 lines>...
        storage_options=self.storage_options,
        ^^^^^^^^^^^^^^^^^^^^^^^^^^^^^^^^^^^^^
    ) as handles:
    ^
  File "/Users/annayuen/Desktop/IECC/industrial_decarb/LCOH_EU_workflow/.venv/lib/python3.13/site-packages/pandas/io/common.py", line 797, in get_handle
    check_parent_directory(str(handle))
    ~~~~~~~~~~~~~~~~~~~~~~^^^^^^^^^^^^^
  File "/Users/annayuen/Desktop/IECC/industrial_decarb/LCOH_EU_workflow/.venv/lib/python3.13/site-packages/pandas/io/common.py", line 656, in check_parent_directory
    raise OSError(rf"Cannot save file into a non-existent directory: '{parent}'")
OSError: Cannot save file into a non-existent directory: '/Users/annayuen/Desktop/IECC/industrial_decarb/LCOH_EU_workflow/off_grid_electricity_run/outputs/pvgis_hourly/FR.CAED'
2026-06-01 16:51:59,359 INFO [112/115] FAIL  FR.CAED/3466.FACILITY  ETA 0:00:00.608505
2026-06-01 16:51:59,780 ERROR [IT.CAED/201532001.FACILITY] unexpected error: Cannot save file into a non-existent directory: '/Users/annayuen/Desktop/IECC/industrial_decarb/LCOH_EU_workflow/off_grid_electricity_run/outputs/pvgis_hourly/IT.CAED'
Traceback (most recent call last):
  File "/Users/annayuen/Desktop/IECC/industrial_decarb/LCOH_EU_workflow/off_grid_electricity_run/scripts/pull_pvgis_115.py", line 144, in fetch_one
    .to_csv(hourly_path, index=False)
     ~~~~~~^^^^^^^^^^^^^^^^^^^^^^^^^^
  File "/Users/annayuen/Desktop/IECC/industrial_decarb/LCOH_EU_workflow/.venv/lib/python3.13/site-packages/pandas/core/generic.py", line 3988, in to_csv
    return DataFrameRenderer(formatter).to_csv(
           ~~~~~~~~~~~~~~~~~~~~~~~~~~~~~~~~~~~^
        path_or_buf,
        ^^^^^^^^^^^^
    ...<14 lines>...
        storage_options=storage_options,
        ^^^^^^^^^^^^^^^^^^^^^^^^^^^^^^^^
    )
    ^
  File "/Users/annayuen/Desktop/IECC/industrial_decarb/LCOH_EU_workflow/.venv/lib/python3.13/site-packages/pandas/io/formats/format.py", line 1025, in to_csv
    csv_formatter.save()
    ~~~~~~~~~~~~~~~~~~^^
  File "/Users/annayuen/Desktop/IECC/industrial_decarb/LCOH_EU_workflow/.venv/lib/python3.13/site-packages/pandas/io/formats/csvs.py", line 251, in save
    with get_handle(
         ~~~~~~~~~~^
        self.filepath_or_buffer,
        ^^^^^^^^^^^^^^^^^^^^^^^^
    ...<4 lines>...
        storage_options=self.storage_options,
        ^^^^^^^^^^^^^^^^^^^^^^^^^^^^^^^^^^^^^
    ) as handles:
    ^
  File "/Users/annayuen/Desktop/IECC/industrial_decarb/LCOH_EU_workflow/.venv/lib/python3.13/site-packages/pandas/io/common.py", line 797, in get_handle
    check_parent_directory(str(handle))
    ~~~~~~~~~~~~~~~~~~~~~~^^^^^^^^^^^^^
  File "/Users/annayuen/Desktop/IECC/industrial_decarb/LCOH_EU_workflow/.venv/lib/python3.13/site-packages/pandas/io/common.py", line 656, in check_parent_directory
    raise OSError(rf"Cannot save file into a non-existent directory: '{parent}'")
OSError: Cannot save file into a non-existent directory: '/Users/annayuen/Desktop/IECC/industrial_decarb/LCOH_EU_workflow/off_grid_electricity_run/outputs/pvgis_hourly/IT.CAED'
2026-06-01 16:51:59,781 ERROR [PL.MŚ/000000215.FACILITY] unexpected error: Cannot save file into a non-existent directory: '/Users/annayuen/Desktop/IECC/industrial_decarb/LCOH_EU_workflow/off_grid_electricity_run/outputs/pvgis_hourly/PL.MŚ'
Traceback (most recent call last):
  File "/Users/annayuen/Desktop/IECC/industrial_decarb/LCOH_EU_workflow/off_grid_electricity_run/scripts/pull_pvgis_115.py", line 144, in fetch_one
    .to_csv(hourly_path, index=False)
     ~~~~~~^^^^^^^^^^^^^^^^^^^^^^^^^^
  File "/Users/annayuen/Desktop/IECC/industrial_decarb/LCOH_EU_workflow/.venv/lib/python3.13/site-packages/pandas/core/generic.py", line 3988, in to_csv
    return DataFrameRenderer(formatter).to_csv(
           ~~~~~~~~~~~~~~~~~~~~~~~~~~~~~~~~~~~^
        path_or_buf,
        ^^^^^^^^^^^^
    ...<14 lines>...
        storage_options=storage_options,
        ^^^^^^^^^^^^^^^^^^^^^^^^^^^^^^^^
    )
    ^
  File "/Users/annayuen/Desktop/IECC/industrial_decarb/LCOH_EU_workflow/.venv/lib/python3.13/site-packages/pandas/io/formats/format.py", line 1025, in to_csv
    csv_formatter.save()
    ~~~~~~~~~~~~~~~~~~^^
  File "/Users/annayuen/Desktop/IECC/industrial_decarb/LCOH_EU_workflow/.venv/lib/python3.13/site-packages/pandas/io/formats/csvs.py", line 251, in save
    with get_handle(
         ~~~~~~~~~~^
        self.filepath_or_buffer,
        ^^^^^^^^^^^^^^^^^^^^^^^^
    ...<4 lines>...
        storage_options=self.storage_options,
        ^^^^^^^^^^^^^^^^^^^^^^^^^^^^^^^^^^^^^
    ) as handles:
    ^
  File "/Users/annayuen/Desktop/IECC/industrial_decarb/LCOH_EU_workflow/.venv/lib/python3.13/site-packages/pandas/io/common.py", line 797, in get_handle
    check_parent_directory(str(handle))
    ~~~~~~~~~~~~~~~~~~~~~~^^^^^^^^^^^^^
  File "/Users/annayuen/Desktop/IECC/industrial_decarb/LCOH_EU_workflow/.venv/lib/python3.13/site-packages/pandas/io/common.py", line 656, in check_parent_directory
    raise OSError(rf"Cannot save file into a non-existent directory: '{parent}'")
OSError: Cannot save file into a non-existent directory: '/Users/annayuen/Desktop/IECC/industrial_decarb/LCOH_EU_workflow/off_grid_electricity_run/outputs/pvgis_hourly/PL.MŚ'
2026-06-01 16:51:59,783 INFO [113/115] FAIL  IT.CAED/201532001.FACILITY  ETA 0:00:00.409592
2026-06-01 16:51:59,785 INFO [114/115] FAIL  PL.MŚ/000000215.FACILITY  ETA 0:00:00.203014
2026-06-01 16:51:59,875 ERROR [FR.CAED/5900.FACILITY] unexpected error: Cannot save file into a non-existent directory: '/Users/annayuen/Desktop/IECC/industrial_decarb/LCOH_EU_workflow/off_grid_electricity_run/outputs/pvgis_hourly/FR.CAED'
Traceback (most recent call last):
  File "/Users/annayuen/Desktop/IECC/industrial_decarb/LCOH_EU_workflow/off_grid_electricity_run/scripts/pull_pvgis_115.py", line 144, in fetch_one
    .to_csv(hourly_path, index=False)
     ~~~~~~^^^^^^^^^^^^^^^^^^^^^^^^^^
  File "/Users/annayuen/Desktop/IECC/industrial_decarb/LCOH_EU_workflow/.venv/lib/python3.13/site-packages/pandas/core/generic.py", line 3988, in to_csv
    return DataFrameRenderer(formatter).to_csv(
           ~~~~~~~~~~~~~~~~~~~~~~~~~~~~~~~~~~~^
        path_or_buf,
        ^^^^^^^^^^^^
    ...<14 lines>...
        storage_options=storage_options,
        ^^^^^^^^^^^^^^^^^^^^^^^^^^^^^^^^
    )
    ^
  File "/Users/annayuen/Desktop/IECC/industrial_decarb/LCOH_EU_workflow/.venv/lib/python3.13/site-packages/pandas/io/formats/format.py", line 1025, in to_csv
    csv_formatter.save()
    ~~~~~~~~~~~~~~~~~~^^
  File "/Users/annayuen/Desktop/IECC/industrial_decarb/LCOH_EU_workflow/.venv/lib/python3.13/site-packages/pandas/io/formats/csvs.py", line 251, in save
    with get_handle(
         ~~~~~~~~~~^
        self.filepath_or_buffer,
        ^^^^^^^^^^^^^^^^^^^^^^^^
    ...<4 lines>...
        storage_options=self.storage_options,
        ^^^^^^^^^^^^^^^^^^^^^^^^^^^^^^^^^^^^^
    ) as handles:
    ^
  File "/Users/annayuen/Desktop/IECC/industrial_decarb/LCOH_EU_workflow/.venv/lib/python3.13/site-packages/pandas/io/common.py", line 797, in get_handle
    check_parent_directory(str(handle))
    ~~~~~~~~~~~~~~~~~~~~~~^^^^^^^^^^^^^
  File "/Users/annayuen/Desktop/IECC/industrial_decarb/LCOH_EU_workflow/.venv/lib/python3.13/site-packages/pandas/io/common.py", line 656, in check_parent_directory
    raise OSError(rf"Cannot save file into a non-existent directory: '{parent}'")
OSError: Cannot save file into a non-existent directory: '/Users/annayuen/Desktop/IECC/industrial_decarb/LCOH_EU_workflow/off_grid_electricity_run/outputs/pvgis_hourly/FR.CAED'
2026-06-01 16:51:59,876 INFO [115/115] FAIL  FR.CAED/5900.FACILITY  ETA 0:00:00
2026-06-01 16:51:59,878 INFO ======================================================================
2026-06-01 16:51:59,878 INFO Complete: 0 OK  115 failed
2026-06-01 16:51:59,878 INFO Summary CSV: /Users/annayuen/Desktop/IECC/industrial_decarb/LCOH_EU_workflow/off_grid_electricity_run/outputs/pvgis_solar_cf_115.csv
2026-06-01 16:51:59,878 INFO Hourly CSVs: /Users/annayuen/Desktop/IECC/industrial_decarb/LCOH_EU_workflow/off_grid_electricity_run/outputs/pvgis_hourly
2026-06-01 16:51:59,878 WARNING Failed sites:
2026-06-01 16:51:59,878 WARNING   ES.CAED/002762000.FACILITY: Cannot save file into a non-existent directory: '/Users/annayuen/Desktop/IECC/industrial_decarb/LCOH_EU_workflow/off_grid_electricity_run/outputs/pvgis_hourly/ES.CAED'
2026-06-01 16:51:59,878 WARNING   PL.MŚ/000000232.FACILITY: Cannot save file into a non-existent directory: '/Users/annayuen/Desktop/IECC/industrial_decarb/LCOH_EU_workflow/off_grid_electricity_run/outputs/pvgis_hourly/PL.MŚ'
2026-06-01 16:51:59,878 WARNING   IT.CAED/441221002.FACILITY: Cannot save file into a non-existent directory: '/Users/annayuen/Desktop/IECC/industrial_decarb/LCOH_EU_workflow/off_grid_electricity_run/outputs/pvgis_hourly/IT.CAED'
2026-06-01 16:51:59,878 WARNING   FR.CAED/10790.FACILITY: Cannot save file into a non-existent directory: '/Users/annayuen/Desktop/IECC/industrial_decarb/LCOH_EU_workflow/off_grid_electricity_run/outputs/pvgis_hourly/FR.CAED'
2026-06-01 16:51:59,878 WARNING   FR.CAED/7624.FACILITY: Cannot save file into a non-existent directory: '/Users/annayuen/Desktop/IECC/industrial_decarb/LCOH_EU_workflow/off_grid_electricity_run/outputs/pvgis_hourly/FR.CAED'
2026-06-01 16:51:59,878 WARNING   ES.CAED/001482000.FACILITY: Cannot save file into a non-existent directory: '/Users/annayuen/Desktop/IECC/industrial_decarb/LCOH_EU_workflow/off_grid_electricity_run/outputs/pvgis_hourly/ES.CAED'
2026-06-01 16:51:59,878 WARNING   FR.CAED/7658.FACILITY: Cannot save file into a non-existent directory: '/Users/annayuen/Desktop/IECC/industrial_decarb/LCOH_EU_workflow/off_grid_electricity_run/outputs/pvgis_hourly/FR.CAED'
2026-06-01 16:51:59,878 WARNING   IT.CAED/850122001.FACILITY: Cannot save file into a non-existent directory: '/Users/annayuen/Desktop/IECC/industrial_decarb/LCOH_EU_workflow/off_grid_electricity_run/outputs/pvgis_hourly/IT.CAED'
2026-06-01 16:51:59,878 WARNING   ES.CAED/003701000.FACILITY: Cannot save file into a non-existent directory: '/Users/annayuen/Desktop/IECC/industrial_decarb/LCOH_EU_workflow/off_grid_electricity_run/outputs/pvgis_hourly/ES.CAED'
2026-06-01 16:51:59,878 WARNING   FR.CAED/3437.FACILITY: Cannot save file into a non-existent directory: '/Users/annayuen/Desktop/IECC/industrial_decarb/LCOH_EU_workflow/off_grid_electricity_run/outputs/pvgis_hourly/FR.CAED'
2026-06-01 16:51:59,878 WARNING   IT.CAED/960101005.FACILITY: Cannot save file into a non-existent directory: '/Users/annayuen/Desktop/IECC/industrial_decarb/LCOH_EU_workflow/off_grid_electricity_run/outputs/pvgis_hourly/IT.CAED'
2026-06-01 16:51:59,878 WARNING   ES.CAED/001528000.FACILITY: Cannot save file into a non-existent directory: '/Users/annayuen/Desktop/IECC/industrial_decarb/LCOH_EU_workflow/off_grid_electricity_run/outputs/pvgis_hourly/ES.CAED'
2026-06-01 16:51:59,878 WARNING   FR.CAED/12675.FACILITY: Cannot save file into a non-existent directory: '/Users/annayuen/Desktop/IECC/industrial_decarb/LCOH_EU_workflow/off_grid_electricity_run/outputs/pvgis_hourly/FR.CAED'
2026-06-01 16:51:59,878 WARNING   PL.MŚ/000000108.FACILITY: Cannot save file into a non-existent directory: '/Users/annayuen/Desktop/IECC/industrial_decarb/LCOH_EU_workflow/off_grid_electricity_run/outputs/pvgis_hourly/PL.MŚ'
2026-06-01 16:51:59,878 WARNING   IT.CAED/850592002.FACILITY: Cannot save file into a non-existent directory: '/Users/annayuen/Desktop/IECC/industrial_decarb/LCOH_EU_workflow/off_grid_electricity_run/outputs/pvgis_hourly/IT.CAED'
2026-06-01 16:51:59,878 WARNING   FR.CAED/6705.FACILITY: Cannot save file into a non-existent directory: '/Users/annayuen/Desktop/IECC/industrial_decarb/LCOH_EU_workflow/off_grid_electricity_run/outputs/pvgis_hourly/FR.CAED'
2026-06-01 16:51:59,878 WARNING   FR.CAED/3814.FACILITY: Cannot save file into a non-existent directory: '/Users/annayuen/Desktop/IECC/industrial_decarb/LCOH_EU_workflow/off_grid_electricity_run/outputs/pvgis_hourly/FR.CAED'
2026-06-01 16:51:59,878 WARNING   IT.CAED/600151001.FACILITY: Cannot save file into a non-existent directory: '/Users/annayuen/Desktop/IECC/industrial_decarb/LCOH_EU_workflow/off_grid_electricity_run/outputs/pvgis_hourly/IT.CAED'
2026-06-01 16:51:59,878 WARNING   FR.CAED/10838.FACILITY: Cannot save file into a non-existent directory: '/Users/annayuen/Desktop/IECC/industrial_decarb/LCOH_EU_workflow/off_grid_electricity_run/outputs/pvgis_hourly/FR.CAED'
2026-06-01 16:51:59,878 WARNING   FR.CAED/7615.FACILITY: Cannot save file into a non-existent directory: '/Users/annayuen/Desktop/IECC/industrial_decarb/LCOH_EU_workflow/off_grid_electricity_run/outputs/pvgis_hourly/FR.CAED'
2026-06-01 16:51:59,878 WARNING   PL.MŚ/000000221.FACILITY: Cannot save file into a non-existent directory: '/Users/annayuen/Desktop/IECC/industrial_decarb/LCOH_EU_workflow/off_grid_electricity_run/outputs/pvgis_hourly/PL.MŚ'
2026-06-01 16:51:59,878 WARNING   ES.CAED/001562000.FACILITY: Cannot save file into a non-existent directory: '/Users/annayuen/Desktop/IECC/industrial_decarb/LCOH_EU_workflow/off_grid_electricity_run/outputs/pvgis_hourly/ES.CAED'
2026-06-01 16:51:59,878 WARNING   ES.CAED/002716000.FACILITY: Cannot save file into a non-existent directory: '/Users/annayuen/Desktop/IECC/industrial_decarb/LCOH_EU_workflow/off_grid_electricity_run/outputs/pvgis_hourly/ES.CAED'
2026-06-01 16:51:59,878 WARNING   PL.MŚ/000000138.FACILITY: Cannot save file into a non-existent directory: '/Users/annayuen/Desktop/IECC/industrial_decarb/LCOH_EU_workflow/off_grid_electricity_run/outputs/pvgis_hourly/PL.MŚ'
2026-06-01 16:51:59,878 WARNING   ES.CAED/001526000.FACILITY: Cannot save file into a non-existent directory: '/Users/annayuen/Desktop/IECC/industrial_decarb/LCOH_EU_workflow/off_grid_electricity_run/outputs/pvgis_hourly/ES.CAED'
2026-06-01 16:51:59,879 WARNING   FR.CAED/5914.FACILITY: Cannot save file into a non-existent directory: '/Users/annayuen/Desktop/IECC/industrial_decarb/LCOH_EU_workflow/off_grid_electricity_run/outputs/pvgis_hourly/FR.CAED'
2026-06-01 16:51:59,879 WARNING   ES.CAED/002761000.FACILITY: Cannot save file into a non-existent directory: '/Users/annayuen/Desktop/IECC/industrial_decarb/LCOH_EU_workflow/off_grid_electricity_run/outputs/pvgis_hourly/ES.CAED'
2026-06-01 16:51:59,879 WARNING   FR.CAED/6144.FACILITY: Cannot save file into a non-existent directory: '/Users/annayuen/Desktop/IECC/industrial_decarb/LCOH_EU_workflow/off_grid_electricity_run/outputs/pvgis_hourly/FR.CAED'
2026-06-01 16:51:59,879 WARNING   FR.CAED/9415.FACILITY: Cannot save file into a non-existent directory: '/Users/annayuen/Desktop/IECC/industrial_decarb/LCOH_EU_workflow/off_grid_electricity_run/outputs/pvgis_hourly/FR.CAED'
2026-06-01 16:51:59,879 WARNING   IT.CAED/090181001.FACILITY: Cannot save file into a non-existent directory: '/Users/annayuen/Desktop/IECC/industrial_decarb/LCOH_EU_workflow/off_grid_electricity_run/outputs/pvgis_hourly/IT.CAED'
2026-06-01 16:51:59,879 WARNING   IT.CAED/280691001.FACILITY: Cannot save file into a non-existent directory: '/Users/annayuen/Desktop/IECC/industrial_decarb/LCOH_EU_workflow/off_grid_electricity_run/outputs/pvgis_hourly/IT.CAED'
2026-06-01 16:51:59,879 WARNING   FR.CAED/5422.FACILITY: Cannot save file into a non-existent directory: '/Users/annayuen/Desktop/IECC/industrial_decarb/LCOH_EU_workflow/off_grid_electricity_run/outputs/pvgis_hourly/FR.CAED'
2026-06-01 16:51:59,879 WARNING   IT.CAED/960101006.FACILITY: Cannot save file into a non-existent directory: '/Users/annayuen/Desktop/IECC/industrial_decarb/LCOH_EU_workflow/off_grid_electricity_run/outputs/pvgis_hourly/IT.CAED'
2026-06-01 16:51:59,879 WARNING   EL.CAED/100048.FACILITY: Cannot save file into a non-existent directory: '/Users/annayuen/Desktop/IECC/industrial_decarb/LCOH_EU_workflow/off_grid_electricity_run/outputs/pvgis_hourly/EL.CAED'
2026-06-01 16:51:59,879 WARNING   FR.CAED/7656.FACILITY: Cannot save file into a non-existent directory: '/Users/annayuen/Desktop/IECC/industrial_decarb/LCOH_EU_workflow/off_grid_electricity_run/outputs/pvgis_hourly/FR.CAED'
2026-06-01 16:51:59,879 WARNING   PL.MŚ/000000068.FACILITY: Cannot save file into a non-existent directory: '/Users/annayuen/Desktop/IECC/industrial_decarb/LCOH_EU_workflow/off_grid_electricity_run/outputs/pvgis_hourly/PL.MŚ'
2026-06-01 16:51:59,879 WARNING   FR.CAED/788.FACILITY: Cannot save file into a non-existent directory: '/Users/annayuen/Desktop/IECC/industrial_decarb/LCOH_EU_workflow/off_grid_electricity_run/outputs/pvgis_hourly/FR.CAED'
2026-06-01 16:51:59,879 WARNING   FR.CAED/9517.FACILITY: Cannot save file into a non-existent directory: '/Users/annayuen/Desktop/IECC/industrial_decarb/LCOH_EU_workflow/off_grid_electricity_run/outputs/pvgis_hourly/FR.CAED'
2026-06-01 16:51:59,879 WARNING   ES.CAED/000704000.FACILITY: Cannot save file into a non-existent directory: '/Users/annayuen/Desktop/IECC/industrial_decarb/LCOH_EU_workflow/off_grid_electricity_run/outputs/pvgis_hourly/ES.CAED'
2026-06-01 16:51:59,879 WARNING   PL.MŚ/000000197.FACILITY: Cannot save file into a non-existent directory: '/Users/annayuen/Desktop/IECC/industrial_decarb/LCOH_EU_workflow/off_grid_electricity_run/outputs/pvgis_hourly/PL.MŚ'
2026-06-01 16:51:59,879 WARNING   FR.CAED/7646.FACILITY: Cannot save file into a non-existent directory: '/Users/annayuen/Desktop/IECC/industrial_decarb/LCOH_EU_workflow/off_grid_electricity_run/outputs/pvgis_hourly/FR.CAED'
2026-06-01 16:51:59,879 WARNING   PL.MŚ/000000212.FACILITY: Cannot save file into a non-existent directory: '/Users/annayuen/Desktop/IECC/industrial_decarb/LCOH_EU_workflow/off_grid_electricity_run/outputs/pvgis_hourly/PL.MŚ'
2026-06-01 16:51:59,879 WARNING   PL.MŚ/000000278.FACILITY: Cannot save file into a non-existent directory: '/Users/annayuen/Desktop/IECC/industrial_decarb/LCOH_EU_workflow/off_grid_electricity_run/outputs/pvgis_hourly/PL.MŚ'
2026-06-01 16:51:59,879 WARNING   FR.CAED/11135.FACILITY: Cannot save file into a non-existent directory: '/Users/annayuen/Desktop/IECC/industrial_decarb/LCOH_EU_workflow/off_grid_electricity_run/outputs/pvgis_hourly/FR.CAED'
2026-06-01 16:51:59,879 WARNING   FR.CAED/6155.FACILITY: Cannot save file into a non-existent directory: '/Users/annayuen/Desktop/IECC/industrial_decarb/LCOH_EU_workflow/off_grid_electricity_run/outputs/pvgis_hourly/FR.CAED'
2026-06-01 16:51:59,879 WARNING   FR.CAED/1260.FACILITY: Cannot save file into a non-existent directory: '/Users/annayuen/Desktop/IECC/industrial_decarb/LCOH_EU_workflow/off_grid_electricity_run/outputs/pvgis_hourly/FR.CAED'
2026-06-01 16:51:59,879 WARNING   FR.CAED/7588.FACILITY: Cannot save file into a non-existent directory: '/Users/annayuen/Desktop/IECC/industrial_decarb/LCOH_EU_workflow/off_grid_electricity_run/outputs/pvgis_hourly/FR.CAED'
2026-06-01 16:51:59,879 WARNING   FR.CAED/791.FACILITY: Cannot save file into a non-existent directory: '/Users/annayuen/Desktop/IECC/industrial_decarb/LCOH_EU_workflow/off_grid_electricity_run/outputs/pvgis_hourly/FR.CAED'
2026-06-01 16:51:59,879 WARNING   ES.CAED/003378000.FACILITY: Cannot save file into a non-existent directory: '/Users/annayuen/Desktop/IECC/industrial_decarb/LCOH_EU_workflow/off_grid_electricity_run/outputs/pvgis_hourly/ES.CAED'
2026-06-01 16:51:59,879 WARNING   PL.MŚ/000000136.FACILITY: Cannot save file into a non-existent directory: '/Users/annayuen/Desktop/IECC/industrial_decarb/LCOH_EU_workflow/off_grid_electricity_run/outputs/pvgis_hourly/PL.MŚ'
2026-06-01 16:51:59,879 WARNING   FR.CAED/10011.FACILITY: Cannot save file into a non-existent directory: '/Users/annayuen/Desktop/IECC/industrial_decarb/LCOH_EU_workflow/off_grid_electricity_run/outputs/pvgis_hourly/FR.CAED'
2026-06-01 16:51:59,879 WARNING   EE.KAUR.TTR/88.FACILITY: Cannot save file into a non-existent directory: '/Users/annayuen/Desktop/IECC/industrial_decarb/LCOH_EU_workflow/off_grid_electricity_run/outputs/pvgis_hourly/EE.KAUR.TTR'
2026-06-01 16:51:59,879 WARNING   FR.CAED/9964.FACILITY: Cannot save file into a non-existent directory: '/Users/annayuen/Desktop/IECC/industrial_decarb/LCOH_EU_workflow/off_grid_electricity_run/outputs/pvgis_hourly/FR.CAED'
2026-06-01 16:51:59,879 WARNING   PL.MŚ/000000053.FACILITY: Cannot save file into a non-existent directory: '/Users/annayuen/Desktop/IECC/industrial_decarb/LCOH_EU_workflow/off_grid_electricity_run/outputs/pvgis_hourly/PL.MŚ'
2026-06-01 16:51:59,879 WARNING   IT.CAED/330282002.FACILITY: Cannot save file into a non-existent directory: '/Users/annayuen/Desktop/IECC/industrial_decarb/LCOH_EU_workflow/off_grid_electricity_run/outputs/pvgis_hourly/IT.CAED'
2026-06-01 16:51:59,879 WARNING   FR.CAED/662.FACILITY: Cannot save file into a non-existent directory: '/Users/annayuen/Desktop/IECC/industrial_decarb/LCOH_EU_workflow/off_grid_electricity_run/outputs/pvgis_hourly/FR.CAED'
2026-06-01 16:51:59,879 WARNING   FR.CAED/3936.FACILITY: Cannot save file into a non-existent directory: '/Users/annayuen/Desktop/IECC/industrial_decarb/LCOH_EU_workflow/off_grid_electricity_run/outputs/pvgis_hourly/FR.CAED'
2026-06-01 16:51:59,879 WARNING   FR.CAED/5938.FACILITY: Cannot save file into a non-existent directory: '/Users/annayuen/Desktop/IECC/industrial_decarb/LCOH_EU_workflow/off_grid_electricity_run/outputs/pvgis_hourly/FR.CAED'
2026-06-01 16:51:59,879 WARNING   PL.MŚ/000000273.FACILITY: Cannot save file into a non-existent directory: '/Users/annayuen/Desktop/IECC/industrial_decarb/LCOH_EU_workflow/off_grid_electricity_run/outputs/pvgis_hourly/PL.MŚ'
2026-06-01 16:51:59,879 WARNING   ES.CAED/001619000.FACILITY: Cannot save file into a non-existent directory: '/Users/annayuen/Desktop/IECC/industrial_decarb/LCOH_EU_workflow/off_grid_electricity_run/outputs/pvgis_hourly/ES.CAED'
2026-06-01 16:51:59,879 WARNING   ES.CAED/001960000.FACILITY: Cannot save file into a non-existent directory: '/Users/annayuen/Desktop/IECC/industrial_decarb/LCOH_EU_workflow/off_grid_electricity_run/outputs/pvgis_hourly/ES.CAED'
2026-06-01 16:51:59,879 WARNING   FR.CAED/44.FACILITY: Cannot save file into a non-existent directory: '/Users/annayuen/Desktop/IECC/industrial_decarb/LCOH_EU_workflow/off_grid_electricity_run/outputs/pvgis_hourly/FR.CAED'
2026-06-01 16:51:59,879 WARNING   EL.CAED/100058.FACILITY: Cannot save file into a non-existent directory: '/Users/annayuen/Desktop/IECC/industrial_decarb/LCOH_EU_workflow/off_grid_electricity_run/outputs/pvgis_hourly/EL.CAED'
2026-06-01 16:51:59,879 WARNING   PL.MŚ/000000058.FACILITY: Cannot save file into a non-existent directory: '/Users/annayuen/Desktop/IECC/industrial_decarb/LCOH_EU_workflow/off_grid_electricity_run/outputs/pvgis_hourly/PL.MŚ'
2026-06-01 16:51:59,879 WARNING   FR.CAED/3839.FACILITY: Cannot save file into a non-existent directory: '/Users/annayuen/Desktop/IECC/industrial_decarb/LCOH_EU_workflow/off_grid_electricity_run/outputs/pvgis_hourly/FR.CAED'
2026-06-01 16:51:59,879 WARNING   FR.CAED/759.FACILITY: Cannot save file into a non-existent directory: '/Users/annayuen/Desktop/IECC/industrial_decarb/LCOH_EU_workflow/off_grid_electricity_run/outputs/pvgis_hourly/FR.CAED'
2026-06-01 16:51:59,879 WARNING   IT.CAED/930121001.FACILITY: Cannot save file into a non-existent directory: '/Users/annayuen/Desktop/IECC/industrial_decarb/LCOH_EU_workflow/off_grid_electricity_run/outputs/pvgis_hourly/IT.CAED'
2026-06-01 16:51:59,879 WARNING   IT.CAED/980571001.FACILITY: Cannot save file into a non-existent directory: '/Users/annayuen/Desktop/IECC/industrial_decarb/LCOH_EU_workflow/off_grid_electricity_run/outputs/pvgis_hourly/IT.CAED'
2026-06-01 16:51:59,879 WARNING   IT.CAED/301751001.FACILITY: Cannot save file into a non-existent directory: '/Users/annayuen/Desktop/IECC/industrial_decarb/LCOH_EU_workflow/off_grid_electricity_run/outputs/pvgis_hourly/IT.CAED'
2026-06-01 16:51:59,879 WARNING   IT.CAED/030392001.FACILITY: Cannot save file into a non-existent directory: '/Users/annayuen/Desktop/IECC/industrial_decarb/LCOH_EU_workflow/off_grid_electricity_run/outputs/pvgis_hourly/IT.CAED'
2026-06-01 16:51:59,879 WARNING   FR.CAED/146.FACILITY: Cannot save file into a non-existent directory: '/Users/annayuen/Desktop/IECC/industrial_decarb/LCOH_EU_workflow/off_grid_electricity_run/outputs/pvgis_hourly/FR.CAED'
2026-06-01 16:51:59,879 WARNING   ES.CAED/001529000.FACILITY: Cannot save file into a non-existent directory: '/Users/annayuen/Desktop/IECC/industrial_decarb/LCOH_EU_workflow/off_grid_electricity_run/outputs/pvgis_hourly/ES.CAED'
2026-06-01 16:51:59,880 WARNING   IT.CAED/570162008.FACILITY: Cannot save file into a non-existent directory: '/Users/annayuen/Desktop/IECC/industrial_decarb/LCOH_EU_workflow/off_grid_electricity_run/outputs/pvgis_hourly/IT.CAED'
2026-06-01 16:51:59,880 WARNING   EL.CAED/100053.FACILITY: Cannot save file into a non-existent directory: '/Users/annayuen/Desktop/IECC/industrial_decarb/LCOH_EU_workflow/off_grid_electricity_run/outputs/pvgis_hourly/EL.CAED'
2026-06-01 16:51:59,880 WARNING   FR.CAED/7626.FACILITY: Cannot save file into a non-existent directory: '/Users/annayuen/Desktop/IECC/industrial_decarb/LCOH_EU_workflow/off_grid_electricity_run/outputs/pvgis_hourly/FR.CAED'
2026-06-01 16:51:59,880 WARNING   FR.CAED/4151.FACILITY: Cannot save file into a non-existent directory: '/Users/annayuen/Desktop/IECC/industrial_decarb/LCOH_EU_workflow/off_grid_electricity_run/outputs/pvgis_hourly/FR.CAED'
2026-06-01 16:51:59,880 WARNING   PL.MŚ/000000072.FACILITY: Cannot save file into a non-existent directory: '/Users/annayuen/Desktop/IECC/industrial_decarb/LCOH_EU_workflow/off_grid_electricity_run/outputs/pvgis_hourly/PL.MŚ'
2026-06-01 16:51:59,880 WARNING   IT.CAED/030402001.FACILITY: Cannot save file into a non-existent directory: '/Users/annayuen/Desktop/IECC/industrial_decarb/LCOH_EU_workflow/off_grid_electricity_run/outputs/pvgis_hourly/IT.CAED'
2026-06-01 16:51:59,880 WARNING   EL.CAED/100062.FACILITY: Cannot save file into a non-existent directory: '/Users/annayuen/Desktop/IECC/industrial_decarb/LCOH_EU_workflow/off_grid_electricity_run/outputs/pvgis_hourly/EL.CAED'
2026-06-01 16:51:59,880 WARNING   FR.CAED/3829.FACILITY: Cannot save file into a non-existent directory: '/Users/annayuen/Desktop/IECC/industrial_decarb/LCOH_EU_workflow/off_grid_electricity_run/outputs/pvgis_hourly/FR.CAED'
2026-06-01 16:51:59,880 WARNING   FR.CAED/9469.FACILITY: Cannot save file into a non-existent directory: '/Users/annayuen/Desktop/IECC/industrial_decarb/LCOH_EU_workflow/off_grid_electricity_run/outputs/pvgis_hourly/FR.CAED'
2026-06-01 16:51:59,880 WARNING   FR.CAED/9481.FACILITY: Cannot save file into a non-existent directory: '/Users/annayuen/Desktop/IECC/industrial_decarb/LCOH_EU_workflow/off_grid_electricity_run/outputs/pvgis_hourly/FR.CAED'
2026-06-01 16:51:59,880 WARNING   IT.CAED/960101007.FACILITY: Cannot save file into a non-existent directory: '/Users/annayuen/Desktop/IECC/industrial_decarb/LCOH_EU_workflow/off_grid_electricity_run/outputs/pvgis_hourly/IT.CAED'
2026-06-01 16:51:59,880 WARNING   IT.CAED/240442002.FACILITY: Cannot save file into a non-existent directory: '/Users/annayuen/Desktop/IECC/industrial_decarb/LCOH_EU_workflow/off_grid_electricity_run/outputs/pvgis_hourly/IT.CAED'
2026-06-01 16:51:59,880 WARNING   FR.CAED/6088.FACILITY: Cannot save file into a non-existent directory: '/Users/annayuen/Desktop/IECC/industrial_decarb/LCOH_EU_workflow/off_grid_electricity_run/outputs/pvgis_hourly/FR.CAED'
2026-06-01 16:51:59,880 WARNING   FR.CAED/7874.FACILITY: Cannot save file into a non-existent directory: '/Users/annayuen/Desktop/IECC/industrial_decarb/LCOH_EU_workflow/off_grid_electricity_run/outputs/pvgis_hourly/FR.CAED'
2026-06-01 16:51:59,880 WARNING   PL.MŚ/000000023.FACILITY: Cannot save file into a non-existent directory: '/Users/annayuen/Desktop/IECC/industrial_decarb/LCOH_EU_workflow/off_grid_electricity_run/outputs/pvgis_hourly/PL.MŚ'
2026-06-01 16:51:59,880 WARNING   FR.CAED/9451.FACILITY: Cannot save file into a non-existent directory: '/Users/annayuen/Desktop/IECC/industrial_decarb/LCOH_EU_workflow/off_grid_electricity_run/outputs/pvgis_hourly/FR.CAED'
2026-06-01 16:51:59,880 WARNING   FR.CAED/8363.FACILITY: Cannot save file into a non-existent directory: '/Users/annayuen/Desktop/IECC/industrial_decarb/LCOH_EU_workflow/off_grid_electricity_run/outputs/pvgis_hourly/FR.CAED'
2026-06-01 16:51:59,880 WARNING   IT.CAED/051002003.FACILITY: Cannot save file into a non-existent directory: '/Users/annayuen/Desktop/IECC/industrial_decarb/LCOH_EU_workflow/off_grid_electricity_run/outputs/pvgis_hourly/IT.CAED'
2026-06-01 16:51:59,880 WARNING   PL.MŚ/000000021.FACILITY: Cannot save file into a non-existent directory: '/Users/annayuen/Desktop/IECC/industrial_decarb/LCOH_EU_workflow/off_grid_electricity_run/outputs/pvgis_hourly/PL.MŚ'
2026-06-01 16:51:59,880 WARNING   PL.MŚ/000000309.FACILITY: Cannot save file into a non-existent directory: '/Users/annayuen/Desktop/IECC/industrial_decarb/LCOH_EU_workflow/off_grid_electricity_run/outputs/pvgis_hourly/PL.MŚ'
2026-06-01 16:51:59,880 WARNING   FR.CAED/3572.FACILITY: Cannot save file into a non-existent directory: '/Users/annayuen/Desktop/IECC/industrial_decarb/LCOH_EU_workflow/off_grid_electricity_run/outputs/pvgis_hourly/FR.CAED'
2026-06-01 16:51:59,880 WARNING   IT.CAED/960111001.FACILITY: Cannot save file into a non-existent directory: '/Users/annayuen/Desktop/IECC/industrial_decarb/LCOH_EU_workflow/off_grid_electricity_run/outputs/pvgis_hourly/IT.CAED'
2026-06-01 16:51:59,880 WARNING   PL.MŚ/000000067.FACILITY: Cannot save file into a non-existent directory: '/Users/annayuen/Desktop/IECC/industrial_decarb/LCOH_EU_workflow/off_grid_electricity_run/outputs/pvgis_hourly/PL.MŚ'
2026-06-01 16:51:59,880 WARNING   FR.CAED/132.FACILITY: Cannot save file into a non-existent directory: '/Users/annayuen/Desktop/IECC/industrial_decarb/LCOH_EU_workflow/off_grid_electricity_run/outputs/pvgis_hourly/FR.CAED'
2026-06-01 16:51:59,880 WARNING   FR.CAED/3834.FACILITY: Cannot save file into a non-existent directory: '/Users/annayuen/Desktop/IECC/industrial_decarb/LCOH_EU_workflow/off_grid_electricity_run/outputs/pvgis_hourly/FR.CAED'
2026-06-01 16:51:59,880 WARNING   FR.CAED/82.FACILITY: Cannot save file into a non-existent directory: '/Users/annayuen/Desktop/IECC/industrial_decarb/LCOH_EU_workflow/off_grid_electricity_run/outputs/pvgis_hourly/FR.CAED'
2026-06-01 16:51:59,880 WARNING   PL.MŚ/000000063.FACILITY: Cannot save file into a non-existent directory: '/Users/annayuen/Desktop/IECC/industrial_decarb/LCOH_EU_workflow/off_grid_electricity_run/outputs/pvgis_hourly/PL.MŚ'
2026-06-01 16:51:59,880 WARNING   IT.CAED/100752001.FACILITY: Cannot save file into a non-existent directory: '/Users/annayuen/Desktop/IECC/industrial_decarb/LCOH_EU_workflow/off_grid_electricity_run/outputs/pvgis_hourly/IT.CAED'
2026-06-01 16:51:59,880 WARNING   IT.CAED/270391001.FACILITY: Cannot save file into a non-existent directory: '/Users/annayuen/Desktop/IECC/industrial_decarb/LCOH_EU_workflow/off_grid_electricity_run/outputs/pvgis_hourly/IT.CAED'
2026-06-01 16:51:59,880 WARNING   FR.CAED/3833.FACILITY: Cannot save file into a non-existent directory: '/Users/annayuen/Desktop/IECC/industrial_decarb/LCOH_EU_workflow/off_grid_electricity_run/outputs/pvgis_hourly/FR.CAED'
2026-06-01 16:51:59,880 WARNING   ES.CAED/001998000.FACILITY: Cannot save file into a non-existent directory: '/Users/annayuen/Desktop/IECC/industrial_decarb/LCOH_EU_workflow/off_grid_electricity_run/outputs/pvgis_hourly/ES.CAED'
2026-06-01 16:51:59,880 WARNING   FR.CAED/10727.FACILITY: Cannot save file into a non-existent directory: '/Users/annayuen/Desktop/IECC/industrial_decarb/LCOH_EU_workflow/off_grid_electricity_run/outputs/pvgis_hourly/FR.CAED'
2026-06-01 16:51:59,880 WARNING   PL.MŚ/000000109.FACILITY: Cannot save file into a non-existent directory: '/Users/annayuen/Desktop/IECC/industrial_decarb/LCOH_EU_workflow/off_grid_electricity_run/outputs/pvgis_hourly/PL.MŚ'
2026-06-01 16:51:59,880 WARNING   FR.CAED/6359.FACILITY: Cannot save file into a non-existent directory: '/Users/annayuen/Desktop/IECC/industrial_decarb/LCOH_EU_workflow/off_grid_electricity_run/outputs/pvgis_hourly/FR.CAED'
2026-06-01 16:51:59,880 WARNING   PL.MŚ/000000062.FACILITY: Cannot save file into a non-existent directory: '/Users/annayuen/Desktop/IECC/industrial_decarb/LCOH_EU_workflow/off_grid_electricity_run/outputs/pvgis_hourly/PL.MŚ'
2026-06-01 16:51:59,880 WARNING   FR.CAED/4602.FACILITY: Cannot save file into a non-existent directory: '/Users/annayuen/Desktop/IECC/industrial_decarb/LCOH_EU_workflow/off_grid_electricity_run/outputs/pvgis_hourly/FR.CAED'
2026-06-01 16:51:59,880 WARNING   PL.MŚ/000000190.FACILITY: Cannot save file into a non-existent directory: '/Users/annayuen/Desktop/IECC/industrial_decarb/LCOH_EU_workflow/off_grid_electricity_run/outputs/pvgis_hourly/PL.MŚ'
2026-06-01 16:51:59,880 WARNING   FR.CAED/5125.FACILITY: Cannot save file into a non-existent directory: '/Users/annayuen/Desktop/IECC/industrial_decarb/LCOH_EU_workflow/off_grid_electricity_run/outputs/pvgis_hourly/FR.CAED'
2026-06-01 16:51:59,880 WARNING   EL.CAED/100066.FACILITY: Cannot save file into a non-existent directory: '/Users/annayuen/Desktop/IECC/industrial_decarb/LCOH_EU_workflow/off_grid_electricity_run/outputs/pvgis_hourly/EL.CAED'
2026-06-01 16:51:59,880 WARNING   FR.CAED/3466.FACILITY: Cannot save file into a non-existent directory: '/Users/annayuen/Desktop/IECC/industrial_decarb/LCOH_EU_workflow/off_grid_electricity_run/outputs/pvgis_hourly/FR.CAED'
2026-06-01 16:51:59,880 WARNING   IT.CAED/201532001.FACILITY: Cannot save file into a non-existent directory: '/Users/annayuen/Desktop/IECC/industrial_decarb/LCOH_EU_workflow/off_grid_electricity_run/outputs/pvgis_hourly/IT.CAED'
2026-06-01 16:51:59,880 WARNING   PL.MŚ/000000215.FACILITY: Cannot save file into a non-existent directory: '/Users/annayuen/Desktop/IECC/industrial_decarb/LCOH_EU_workflow/off_grid_electricity_run/outputs/pvgis_hourly/PL.MŚ'
2026-06-01 16:51:59,880 WARNING   FR.CAED/5900.FACILITY: Cannot save file into a non-existent directory: '/Users/annayuen/Desktop/IECC/industrial_decarb/LCOH_EU_workflow/off_grid_electricity_run/outputs/pvgis_hourly/FR.CAED'
2026-06-01 16:51:59,880 INFO ======================================================================
