Year,Month,Day,Hour,Load_MW,Solar_available_MW (1551.2 MW),Solar_used_MW,TES_charge_MW,TES_discharge_MW,"TES_usable_SOC_MWh (P_ch=1624.5, P_dis=406.1 MW, E=4873.5 MWh)",Curtail_MW,Unserved_MW
2023,1,1,0,81.0426,0.0,-0.0,-0.0,0.0,0.0,0.0,81.0426
2023,1,1,1,81.0426,0.0,-0.0,0.0,0.0,-0.0,0.0,81.0426
2023,1,1,2,81.0426,0.0,-0.0,0.0,0.0,-0.0,0.0,81.0426
2023,1,1,3,81.0426,0.0,-0.0,0.0,0.0,-0.0,0.0,81.0426
2023,1,1,4,81.0426,0.0,-0.0,0.0,0.0,-0.0,0.0,81.0426
2023,1,1,5,81.0426,0.0,-0.0,0.0,0.0,-0.0,0.0,81.0426
2023,1,1,6,81.0426,0.0,-0.0,0.0,0.0,-0.0,0.0,81.0426
2023,1,1,7,81.0426,0.0,-0.0,0.0,0.0,-0.0,0.0,81.0426
2023,1,1,8,81.0426,0.0,-0.0,0.0,0.0,-0.0,0.0,81.0426
2023,1,1,9,81.0426,190.08852943150436,190.08852943150436,106.28025642219721,0.0,99.44021760086152,0.0,0.0
2023,1,1,10,81.0426,231.35142222469852,231.35142222469852,147.5431492153914,0.0,237.48770974476108,0.0,0.0
2023,1,1,11,81.0426,366.20041735674255,366.20041735674255,282.3921443474354,0.0,501.7055167768673,0.0,0.0
2023,1,1,12,81.0426,504.5862318710602,504.5862318710602,420.77795886175306,0.0,895.4028336580119,0.0,0.0
2023,1,1,13,81.0426,432.3761694829705,432.3761694829705,348.5678964736634,0.0,1221.53742008884,0.0,0.0
2023,1,1,14,81.0426,174.60718845120067,174.60718845120067,90.79891544189354,0.0,1306.4926527295693,0.0,0.0
2023,1,1,15,81.0426,5.9102113361680395,5.9102113361680395,0.0,0.0,1306.4926527295693,0.0,75.3274256379255
2023,1,1,16,81.0426,0.0,-0.0,0.0,22.88698573508855,1283.2544395319792,0.0,58.91088479416936
2023,1,1,17,81.0426,0.0,-0.0,0.0,83.80827300930713,1198.1600309255077,0.0,0.0
2023,1,1,18,81.0426,0.0,-0.0,0.0,83.80827300930713,1113.0656223190363,0.0,0.0
2023,1,1,19,81.0426,0.0,-0.0,0.0,83.80827300930713,1027.9712137125648,0.0,0.0
2023,1,1,20,81.0426,0.0,-0.0,0.0,83.80827300930713,942.8768051060935,0.0,0.0
2023,1,1,21,81.0426,0.0,-0.0,0.0,83.80827300930713,857.7823964996221,0.0,0.0
2023,1,1,22,81.0426,0.0,-0.0,0.0,83.80827300930713,772.6879878931508,0.0,0.0
2023,1,1,23,81.0426,0.0,-0.0,0.0,83.80827300930713,687.5935792866794,0.0,0.0
2023,1,2,0,81.0426,0.0,-0.0,0.0,83.80827300930713,602.4991706802081,0.0,0.0
2023,1,2,1,81.0426,0.0,-0.0,0.0,83.80827300930713,517.4047620737367,0.0,0.0
2023,1,2,2,81.0426,0.0,-0.0,0.0,83.80827300930713,432.3103534672653,0.0,0.0
2023,1,2,3,81.0426,0.0,-0.0,0.0,83.80827300930713,347.2159448607939,0.0,0.0
2023,1,2,4,81.0426,0.0,-0.0,0.0,83.80827300930713,262.1215362543225,0.0,0.0
2023,1,2,5,81.0426,0.0,-0.0,0.0,83.80827300930713,177.0271276478511,0.0,0.0
2023,1,2,6,81.0426,0.0,-0.0,0.0,83.80827300930713,91.93271904137971,0.0,0.0
2023,1,2,7,81.0426,0.0,-0.0,0.0,0.0,91.93271904137971,0.0,81.0426
2023,1,2,8,81.0426,1.2875263540733526,1.2875263540733526,0.0,0.0,91.93271904137971,0.0,79.79756201561106
2023,1,2,9,81.0426,278.6641376454663,278.6641376454663,194.85586463615917,0.0,274.2479507928982,0.0,0.0
2023,1,2,10,81.0426,526.6137911817129,526.6137911817129,442.8055181724058,0.0,688.5551661143115,0.0,0.0
2023,1,2,11,81.0426,593.239401913581,593.239401913581,509.4311289042738,0.0,1165.2000672110437,0.0,0.0
2023,1,2,12,81.0426,407.5098472470719,407.5098472470719,323.70157423776476,0.0,1468.0686908251462,0.0,0.0
2023,1,2,13,81.0426,308.4789045434059,308.4789045434059,224.6706315340988,0.0,1678.2798555359575,0.0,0.0
2023,1,2,14,81.0426,132.86341232094296,132.86341232094296,49.05513931163582,0.0,1724.1778792310795,0.0,0.0
2023,1,2,15,81.0426,55.47221978513625,55.47221978513625,0.0,28.336053224170886,1695.4069762548954,0.0,0.0
2023,1,2,16,81.0426,0.0,-0.0,0.0,83.80827300930713,1610.312567648424,0.0,0.0
2023,1,2,17,81.0426,0.0,-0.0,0.0,83.80827300930713,1525.2181590419525,0.0,0.0
2023,1,2,18,81.0426,0.0,-0.0,0.0,83.80827300930713,1440.123750435481,0.0,0.0
2023,1,2,19,81.0426,0.0,-0.0,0.0,83.80827300930713,1355.0293418290096,0.0,0.0
2023,1,2,20,81.0426,0.0,-0.0,0.0,83.80827300930713,1269.9349332225381,0.0,0.0
2023,1,2,21,81.0426,0.0,-0.0,0.0,83.80827300930713,1184.8405246160667,0.0,0.0
2023,1,2,22,81.0426,0.0,-0.0,0.0,83.80827300930713,1099.7461160095952,0.0,0.0
2023,1,2,23,81.0426,0.0,-0.0,0.0,83.80827300930713,1014.6517074031239,0.0,0.0
2023,1,3,0,81.0426,0.0,-0.0,0.0,83.80827300930713,929.5572987966525,0.0,0.0
2023,1,3,1,81.0426,0.0,-0.0,0.0,83.80827300930713,844.4628901901812,0.0,0.0
2023,1,3,2,81.0426,0.0,-0.0,0.0,83.80827300930713,759.3684815837098,0.0,0.0
2023,1,3,3,81.0426,0.0,-0.0,0.0,83.80827300930713,674.2740729772385,0.0,0.0
2023,1,3,4,81.0426,0.0,-0.0,0.0,83.80827300930713,589.1796643707671,0.0,0.0
2023,1,3,5,81.0426,0.0,-0.0,0.0,83.80827300930713,504.0852557642957,0.0,0.0
2023,1,3,6,81.0426,0.0,-0.0,0.0,83.80827300930713,418.9908471578243,0.0,0.0
2023,1,3,7,81.0426,0.0,-0.0,0.0,83.80827300930713,333.8964385513529,0.0,0.0
2023,1,3,8,81.0426,0.046537097135181414,0.046537097135181414,0.0,83.76173591217196,248.8492812079944,0.0,0.0
2023,1,3,9,81.0426,240.53474272604103,240.53474272604103,156.7264697167339,0.0,395.4890690396679,0.0,0.0
2023,1,3,10,81.0426,379.7737373545036,379.7737373545036,295.9654643451965,0.0,672.4066374346155,0.0,0.0
2023,1,3,11,81.0426,654.5597835720383,654.5597835720383,570.7515105627311,0.0,1206.425431865419,0.0,0.0
2023,1,3,12,81.0426,664.3635987018499,664.3635987018499,580.5553256925429,0.0,1749.6170825034405,0.0,0.0
2023,1,3,13,81.0426,420.22998713068813,420.22998713068813,336.421714121381,0.0,2064.387196766149,0.0,0.0
2023,1,3,14,81.0426,278.7882365711601,278.7882365711601,194.97996356185297,0.0,2246.818540621556,0.0,0.0
2023,1,3,15,81.0426,122.65627568262634,122.65627568262634,38.848002673319215,0.0,2283.166343771821,0.0,0.0
2023,1,3,16,81.0426,0.0,-0.0,0.0,83.80827300930713,2198.0719351653497,0.0,0.0
2023,1,3,17,81.0426,0.0,-0.0,0.0,83.80827300930713,2112.9775265588783,0.0,0.0
2023,1,3,18,81.0426,0.0,-0.0,0.0,83.80827300930713,2027.8831179524068,0.0,0.0
2023,1,3,19,81.0426,0.0,-0.0,0.0,83.80827300930713,1942.7887093459353,0.0,0.0
2023,1,3,20,81.0426,0.0,-0.0,0.0,83.80827300930713,1857.6943007394639,0.0,0.0
2023,1,3,21,81.0426,0.0,-0.0,0.0,83.80827300930713,1772.5998921329924,0.0,0.0
2023,1,3,22,81.0426,0.0,-0.0,0.0,83.80827300930713,1687.505483526521,0.0,0.0
2023,1,3,23,81.0426,0.0,-0.0,0.0,83.80827300930713,1602.4110749200495,0.0,0.0
2023,1,4,0,81.0426,0.0,-0.0,0.0,83.80827300930713,1517.316666313578,0.0,0.0
2023,1,4,1,81.0426,0.0,-0.0,0.0,83.80827300930713,1432.2222577071066,0.0,0.0
2023,1,4,2,81.0426,0.0,-0.0,0.0,83.80827300930713,1347.127849100635,0.0,0.0
2023,1,4,3,81.0426,0.0,-0.0,0.0,83.80827300930713,1262.0334404941636,0.0,0.0
2023,1,4,4,81.0426,0.0,-0.0,0.0,83.80827300930713,1176.9390318876922,0.0,0.0
2023,1,4,5,81.0426,0.0,-0.0,0.0,83.80827300930713,1091.8446232812207,0.0,0.0
2023,1,4,6,81.0426,0.0,-0.0,0.0,83.80827300930713,1006.7502146747494,0.0,0.0
2023,1,4,7,81.0426,0.0,-0.0,0.0,83.80827300930713,921.655806068278,0.0,0.0
2023,1,4,8,81.0426,0.0,-0.0,0.0,83.80827300930713,836.5613974618067,0.0,0.0
2023,1,4,9,81.0426,16.21042216875486,16.21042216875486,0.0,67.59785084055227,767.9261788395784,0.0,0.0
2023,1,4,10,81.0426,11.711836112353835,11.711836112353835,0.0,72.0964368969533,694.7233381164589,0.0,0.0
2023,1,4,11,81.0426,5.444840364816071,5.444840364816071,0.0,78.36343264449106,615.1573272941682,0.0,0.0
2023,1,4,12,81.0426,16.55169421441286,16.55169421441286,0.0,67.25657879489427,546.8686179347652,0.0,0.0
2023,1,4,13,81.0426,3.273109165174426,3.273109165174426,0.0,80.5351638441327,465.0975481672174,0.0,0.0
2023,1,4,14,81.0426,0.0,-0.0,0.0,83.80827300930713,380.003139560746,0.0,0.0
2023,1,4,15,81.0426,0.0,-0.0,0.0,83.80827300930713,294.9087309542746,0.0,0.0
2023,1,4,16,81.0426,0.0,-0.0,0.0,83.80827300930713,209.81432234780317,0.0,0.0
2023,1,4,17,81.0426,0.0,-0.0,0.0,83.80827300930713,124.71991374133178,0.0,0.0
2023,1,4,18,81.0426,0.0,-0.0,0.0,83.80827300930713,39.62550513486039,0.0,0.0
2023,1,4,19,81.0426,0.0,-0.0,0.0,0.0,39.62550513486039,0.0,81.0426
2023,1,4,20,81.0426,0.0,-0.0,0.0,0.0,39.62550513486039,0.0,81.0426
2023,1,4,21,81.0426,0.0,-0.0,0.0,0.0,39.62550513486039,0.0,81.0426
2023,1,4,22,81.0426,0.0,-0.0,0.0,0.0,39.62550513486039,0.0,81.0426
2023,1,4,23,81.0426,0.0,-0.0,0.0,0.0,39.62550513486039,0.0,81.0426
2023,1,5,0,81.0426,0.0,-0.0,0.0,0.0,39.62550513486039,0.0,81.0426
2023,1,5,1,81.0426,0.0,-0.0,0.0,0.0,39.62550513486039,0.0,81.0426
2023,1,5,2,81.0426,0.0,-0.0,0.0,0.0,39.62550513486039,0.0,81.0426
2023,1,5,3,81.0426,0.0,-0.0,0.0,0.0,39.62550513486039,0.0,81.0426
2023,1,5,4,81.0426,0.0,-0.0,0.0,0.0,39.62550513486039,0.0,81.0426
2023,1,5,5,81.0426,0.0,-0.0,0.0,0.0,39.62550513486039,0.0,81.0426
2023,1,5,6,81.0426,0.0,-0.0,0.0,0.0,39.62550513486039,0.0,81.0426
2023,1,5,7,81.0426,0.0,-0.0,0.0,0.0,39.62550513486039,0.0,81.0426
2023,1,5,8,81.0426,0.37229677708129616,0.37229677708129616,0.0,0.0,39.62550513486039,0.0,80.68258901656237
2023,1,5,9,81.0426,239.58848841762548,239.58848841762548,155.78021540831836,0.0,185.37993817438132,0.0,0.0
2023,1,5,10,81.0426,500.7857022716872,500.7857022716872,416.9774292623801,0.0,575.5213218739304,0.0,0.0
2023,1,5,11,81.0426,521.0758766226263,521.0758766226263,437.2676036133192,0.0,984.6470345593043,0.0,0.0
2023,1,5,12,81.0426,490.0666575648837,490.0666575648837,406.2583845555766,0.0,1364.7592352854551,0.0,0.0
2023,1,5,13,81.0426,112.71284926140939,112.71284926140939,28.90457625210226,0.0,1391.8035561116274,0.0,0.0
2023,1,5,14,81.0426,118.7781842546947,118.7781842546947,34.96991124538756,0.0,1424.5228560153653,0.0,0.0
2023,1,5,15,81.0426,21.748336727841448,21.748336727841448,0.0,62.05993628146568,1361.5105377035422,0.0,0.0
2023,1,5,16,81.0426,0.0,-0.0,0.0,83.80827300930713,1276.4161290970708,0.0,0.0
2023,1,5,17,81.0426,0.0,-0.0,0.0,83.80827300930713,1191.3217204905993,0.0,0.0
2023,1,5,18,81.0426,0.0,-0.0,0.0,83.80827300930713,1106.2273118841279,0.0,0.0
2023,1,5,19,81.0426,0.0,-0.0,0.0,83.80827300930713,1021.1329032776565,0.0,0.0
2023,1,5,20,81.0426,0.0,-0.0,0.0,83.80827300930713,936.0384946711852,0.0,0.0
2023,1,5,21,81.0426,0.0,-0.0,0.0,83.80827300930713,850.9440860647138,0.0,0.0
2023,1,5,22,81.0426,0.0,-0.0,0.0,83.80827300930713,765.8496774582425,0.0,0.0
2023,1,5,23,81.0426,0.0,-0.0,0.0,83.80827300930713,680.7552688517711,0.0,0.0
2023,1,6,0,81.0426,0.0,-0.0,0.0,83.80827300930713,595.6608602452998,0.0,0.0
2023,1,6,1,81.0426,0.0,-0.0,0.0,83.80827300930713,510.56645163882837,0.0,0.0
2023,1,6,2,81.0426,0.0,-0.0,0.0,83.80827300930713,425.47204303235696,0.0,0.0
2023,1,6,3,81.0426,0.0,-0.0,0.0,83.80827300930713,340.37763442588556,0.0,0.0
2023,1,6,4,81.0426,0.0,-0.0,0.0,83.80827300930713,255.28322581941416,0.0,0.0
2023,1,6,5,81.0426,0.0,-0.0,0.0,83.80827300930713,170.18881721294278,0.0,0.0
2023,1,6,6,81.0426,0.0,-0.0,0.0,83.80827300930713,85.09440860647139,0.0,0.0
2023,1,6,7,81.0426,0.0,-0.0,0.0,83.80827300930713,-0.0,0.0,0.0
2023,1,6,8,81.0426,0.0,-0.0,0.0,0.0,0.0,0.0,81.0426
2023,1,6,9,81.0426,3.831554330796603,3.831554330796603,0.0,-0.0,0.0,0.0,77.33748696211968
2023,1,6,10,81.0426,19.266358213965106,19.266358213965106,0.0,-0.0,0.0,0.0,62.412031607095734
2023,1,6,11,81.0426,34.14271693151143,34.14271693151143,0.0,-0.0,0.0,0.0,48.02659272722844
2023,1,6,12,81.0426,63.22840264099981,63.22840264099981,0.0,-0.0,0.0,0.0,19.90073464615318
2023,1,6,13,81.0426,203.6618494292656,203.6618494292656,119.85357641995847,0.0,112.13997896370299,0.0,0.0
2023,1,6,14,81.0426,47.79359875783116,47.79359875783116,0.0,36.01467425147597,75.57261757393033,0.0,0.0
2023,1,6,15,81.0426,0.0,-0.0,0.0,74.43039641951572,0.0,0.0,9.068406662328298
2023,1,6,16,81.0426,0.0,-0.0,0.0,-0.0,0.0,0.0,81.0426
2023,1,6,17,81.0426,0.0,-0.0,0.0,-0.0,0.0,0.0,81.0426
2023,1,6,18,81.0426,0.0,-0.0,0.0,-0.0,0.0,0.0,81.0426
2023,1,6,19,81.0426,0.0,-0.0,0.0,0.0,-0.0,0.0,81.0426
2023,1,6,20,81.0426,0.0,-0.0,0.0,-0.0,0.0,0.0,81.0426
2023,1,6,21,81.0426,0.0,-0.0,0.0,0.0,-0.0,0.0,81.0426
2023,1,6,22,81.0426,0.0,-0.0,0.0,-0.0,0.0,0.0,81.0426
2023,1,6,23,81.0426,0.0,-0.0,0.0,-0.0,0.0,0.0,81.0426
2023,1,7,0,81.0426,0.0,-0.0,0.0,-0.0,0.0,0.0,81.0426
2023,1,7,1,81.0426,0.0,-0.0,0.0,-0.0,0.0,0.0,81.0426
2023,1,7,2,81.0426,0.0,-0.0,0.0,0.0,-0.0,0.0,81.0426
2023,1,7,3,81.0426,0.0,-0.0,0.0,-0.0,0.0,0.0,81.0426
2023,1,7,4,81.0426,0.0,-0.0,0.0,-0.0,0.0,0.0,81.0426
2023,1,7,5,81.0426,0.0,-0.0,0.0,0.0,-0.0,0.0,81.0426
2023,1,7,6,81.0426,0.0,-0.0,0.0,-0.0,0.0,0.0,81.0426
2023,1,7,7,81.0426,0.0,-0.0,0.0,-0.0,0.0,0.0,81.0426
2023,1,7,8,81.0426,0.15512365711727139,0.15512365711727139,0.0,-0.0,0.0,0.0,80.89259542356758
2023,1,7,9,81.0426,144.9630575760901,144.9630575760901,61.15478456678298,0.0,57.21895382428345,0.0,0.0
2023,1,7,10,81.0426,138.13761666293001,138.13761666293001,54.329343653622885,0.0,108.05174193468076,0.0,0.0
2023,1,7,11,81.0426,276.67855483436523,276.67855483436523,192.87028182505807,0.0,288.5091800239777,0.0,0.0
2023,1,7,12,81.0426,357.3273441696346,357.3273441696346,273.5190711603275,0.0,544.4249716280322,0.0,0.0
2023,1,7,13,81.0426,441.2647550357902,441.2647550357902,357.45648202648306,0.0,878.8760874998982,0.0,0.0
2023,1,7,14,81.0426,323.6344858437631,323.6344858437631,239.82621283445596,0.0,1103.2674428981334,0.0,0.0
2023,1,7,15,81.0426,120.31390846015569,120.31390846015569,36.50563545084856,0.0,1137.423630087497,0.0,0.0
2023,1,7,16,81.0426,0.0,-0.0,0.0,83.80827300930713,1052.3292214810256,0.0,0.0
2023,1,7,17,81.0426,0.0,-0.0,0.0,83.80827300930713,967.2348128745542,0.0,0.0
2023,1,7,18,81.0426,0.0,-0.0,0.0,83.80827300930713,882.1404042680829,0.0,0.0
2023,1,7,19,81.0426,0.0,-0.0,0.0,83.80827300930713,797.0459956616115,0.0,0.0
2023,1,7,20,81.0426,0.0,-0.0,0.0,83.80827300930713,711.9515870551402,0.0,0.0
2023,1,7,21,81.0426,0.0,-0.0,0.0,83.80827300930713,626.8571784486688,0.0,0.0
2023,1,7,22,81.0426,0.0,-0.0,0.0,83.80827300930713,541.7627698421975,0.0,0.0
2023,1,7,23,81.0426,0.0,-0.0,0.0,83.80827300930713,456.6683612357261,0.0,0.0
2023,1,8,0,81.0426,0.0,-0.0,0.0,83.80827300930713,371.5739526292547,0.0,0.0
2023,1,8,1,81.0426,0.0,-0.0,0.0,83.80827300930713,286.4795440227833,0.0,0.0
2023,1,8,2,81.0426,0.0,-0.0,0.0,83.80827300930713,201.38513541631187,0.0,0.0
2023,1,8,3,81.0426,0.0,-0.0,0.0,83.80827300930713,116.29072680984048,0.0,0.0
2023,1,8,4,81.0426,0.0,-0.0,0.0,83.80827300930713,31.19631820336909,0.0,0.0
2023,1,8,5,81.0426,0.0,-0.0,0.0,30.724810192456555,0.0,0.0,51.33170854389451
2023,1,8,6,81.0426,0.0,-0.0,0.0,0.0,-0.0,0.0,81.0426
2023,1,8,7,81.0426,0.0,-0.0,0.0,-0.0,0.0,0.0,81.0426
2023,1,8,8,81.0426,0.0,-0.0,0.0,-0.0,0.0,0.0,81.0426
2023,1,8,9,81.0426,24.50953782452888,24.50953782452888,0.0,0.0,-0.0,0.0,57.341876923680566
2023,1,8,10,81.0426,44.00858152416989,44.00858152416989,0.0,-0.0,0.0,0.0,38.48630166612771
2023,1,8,11,81.0426,57.62843861906616,57.62843861906616,0.0,-0.0,0.0,0.0,25.315899855363018
2023,1,8,12,81.0426,39.02911213070548,39.02911213070548,0.0,-0.0,0.0,0.0,43.3014485696078
2023,1,8,13,81.0426,38.501691696506754,38.501691696506754,0.0,0.0,-0.0,0.0,43.81146412947796
2023,1,8,14,81.0426,46.33543638092896,46.33543638092896,0.0,-0.0,0.0,0.0,36.23623301964169
2023,1,8,15,81.0426,26.09179912712505,26.09179912712505,0.0,0.0,-0.0,0.0,55.81183024407007
2023,1,8,16,81.0426,0.0,-0.0,0.0,0.0,-0.0,0.0,81.0426
2023,1,8,17,81.0426,0.0,-0.0,0.0,-0.0,0.0,0.0,81.0426
2023,1,8,18,81.0426,0.0,-0.0,0.0,-0.0,0.0,0.0,81.0426
2023,1,8,19,81.0426,0.0,-0.0,0.0,-0.0,0.0,0.0,81.0426
2023,1,8,20,81.0426,0.0,-0.0,0.0,-0.0,0.0,0.0,81.0426
2023,1,8,21,81.0426,0.0,-0.0,0.0,-0.0,0.0,0.0,81.0426
2023,1,8,22,81.0426,0.0,-0.0,0.0,-0.0,0.0,0.0,81.0426
2023,1,8,23,81.0426,0.0,-0.0,0.0,-0.0,0.0,0.0,81.0426
2023,1,9,0,81.0426,0.0,-0.0,0.0,0.0,-0.0,0.0,81.0426
2023,1,9,1,81.0426,0.0,-0.0,0.0,-0.0,0.0,0.0,81.0426
2023,1,9,2,81.0426,0.0,-0.0,0.0,0.0,-0.0,0.0,81.0426
2023,1,9,3,81.0426,0.0,-0.0,0.0,-0.0,0.0,0.0,81.0426
2023,1,9,4,81.0426,0.0,-0.0,0.0,-0.0,0.0,0.0,81.0426
2023,1,9,5,81.0426,0.0,-0.0,0.0,0.0,-0.0,0.0,81.0426
2023,1,9,6,81.0426,0.0,-0.0,0.0,-0.0,0.0,0.0,81.0426
2023,1,9,7,81.0426,0.0,-0.0,0.0,-0.0,0.0,0.0,81.0426
2023,1,9,8,81.0426,0.0,-0.0,0.0,-0.0,0.0,0.0,81.0426
2023,1,9,9,81.0426,4.188338742166327,4.188338742166327,0.0,-0.0,0.0,0.0,76.99247643632515
2023,1,9,10,81.0426,17.916782397044845,17.916782397044845,0.0,-0.0,-0.0,0.0,63.71707142205763
2023,1,9,11,81.0426,46.009676700982695,46.009676700982695,0.0,0.0,-0.0,0.0,36.55124263014973
2023,1,9,12,81.0426,28.542752909577935,28.542752909577935,0.0,0.0,-0.0,0.0,53.44175793643813
2023,1,9,13,81.0426,28.99261151521802,28.99261151521802,0.0,0.0,-0.0,0.0,53.00674466478417
2023,1,9,14,81.0426,21.531163607877268,21.531163607877268,0.0,0.0,0.0,0.0,60.22196479118268
2023,1,9,15,81.0426,7.570034467322843,7.570034467322843,0.0,-0.0,0.0,0.0,73.72237667009881
2023,1,9,16,81.0426,0.0,-0.0,0.0,-0.0,0.0,0.0,81.0426
2023,1,9,17,81.0426,0.0,-0.0,0.0,-0.0,0.0,0.0,81.0426
2023,1,9,18,81.0426,0.0,-0.0,0.0,-0.0,0.0,0.0,81.0426
2023,1,9,19,81.0426,0.0,-0.0,0.0,0.0,-0.0,0.0,81.0426
2023,1,9,20,81.0426,0.0,-0.0,0.0,-0.0,0.0,0.0,81.0426
2023,1,9,21,81.0426,0.0,-0.0,0.0,-0.0,0.0,0.0,81.0426
2023,1,9,22,81.0426,0.0,-0.0,0.0,-0.0,0.0,0.0,81.0426
2023,1,9,23,81.0426,0.0,-0.0,0.0,-0.0,0.0,0.0,81.0426
2023,1,10,0,81.0426,0.0,-0.0,0.0,0.0,-0.0,0.0,81.0426
2023,1,10,1,81.0426,0.0,-0.0,0.0,-0.0,0.0,0.0,81.0426
2023,1,10,2,81.0426,0.0,-0.0,0.0,-0.0,0.0,0.0,81.0426
2023,1,10,3,81.0426,0.0,-0.0,0.0,0.0,-0.0,0.0,81.0426
2023,1,10,4,81.0426,0.0,-0.0,0.0,-0.0,0.0,0.0,81.0426
2023,1,10,5,81.0426,0.0,-0.0,0.0,-0.0,0.0,0.0,81.0426
2023,1,10,6,81.0426,0.0,-0.0,0.0,-0.0,0.0,0.0,81.0426
2023,1,10,7,81.0426,0.0,-0.0,0.0,-0.0,0.0,0.0,81.0426
2023,1,10,8,81.0426,0.0,-0.0,0.0,-0.0,0.0,0.0,81.0426
2023,1,10,9,81.0426,35.53882984556687,35.53882984556687,0.0,-0.0,-0.0,0.0,46.67655153933683
2023,1,10,10,81.0426,54.448403648162255,54.448403648162255,0.0,0.0,0.0,0.0,28.390993672227093
2023,1,10,11,81.0426,189.23534931735938,189.23534931735938,105.42707630805225,0.0,98.64194688662579,0.0,0.0
2023,1,10,12,81.0426,68.68875537152778,68.68875537152778,0.0,15.119517637779355,83.2904026344364,0.0,0.0
2023,1,10,13,81.0426,80.41610384959348,80.41610384959348,0.0,3.3921691597136476,79.84617668663662,0.0,0.0
2023,1,10,14,81.0426,58.5902052931934,58.5902052931934,0.0,25.218067716113733,54.24110833900054,0.0,0.0
2023,1,10,15,81.0426,18.863036705460203,18.863036705460203,0.0,53.42129630426332,0.0,0.0,11.143649979597345
2023,1,10,16,81.0426,0.0,-0.0,0.0,-0.0,0.0,0.0,81.0426
2023,1,10,17,81.0426,0.0,-0.0,0.0,-0.0,0.0,0.0,81.0426
2023,1,10,18,81.0426,0.0,-0.0,0.0,-0.0,0.0,0.0,81.0426
2023,1,10,19,81.0426,0.0,-0.0,0.0,-0.0,0.0,0.0,81.0426
2023,1,10,20,81.0426,0.0,-0.0,0.0,-0.0,0.0,0.0,81.0426
2023,1,10,21,81.0426,0.0,-0.0,0.0,-0.0,0.0,0.0,81.0426
2023,1,10,22,81.0426,0.0,-0.0,0.0,-0.0,0.0,0.0,81.0426
2023,1,10,23,81.0426,0.0,-0.0,0.0,0.0,-0.0,0.0,81.0426
2023,1,11,0,81.0426,0.0,-0.0,0.0,0.0,-0.0,0.0,81.0426
2023,1,11,1,81.0426,0.0,-0.0,0.0,-0.0,0.0,0.0,81.0426
2023,1,11,2,81.0426,0.0,-0.0,0.0,0.0,-0.0,0.0,81.0426
2023,1,11,3,81.0426,0.0,-0.0,0.0,-0.0,0.0,0.0,81.0426
2023,1,11,4,81.0426,0.0,-0.0,0.0,-0.0,0.0,0.0,81.0426
2023,1,11,5,81.0426,0.0,-0.0,0.0,-0.0,0.0,0.0,81.0426
2023,1,11,6,81.0426,0.0,-0.0,0.0,0.0,-0.0,0.0,81.0426
2023,1,11,7,81.0426,0.0,-0.0,0.0,-0.0,0.0,0.0,81.0426
2023,1,11,8,81.0426,0.0,-0.0,0.0,-0.0,0.0,0.0,81.0426
2023,1,11,9,81.0426,8.050917804386385,8.050917804386385,0.0,-0.0,0.0,0.0,73.25736248315836
2023,1,11,10,81.0426,33.33607391450162,33.33607391450162,0.0,-0.0,0.0,0.0,48.806616524676926
2023,1,11,11,81.0426,28.853000223812476,28.853000223812476,0.0,-0.0,0.0,0.0,53.14174878357333
2023,1,11,12,81.0426,16.830916797223946,16.830916797223946,0.0,-0.0,0.0,0.0,64.76710345708443
2023,1,11,13,81.0426,12.239256546552712,12.239256546552712,0.0,-0.0,0.0,0.0,69.20723891948352
2023,1,11,14,81.0426,2.7301763652639766,2.7301763652639766,0.0,0.0,-0.0,0.0,78.40251945478973
2023,1,11,15,81.0426,0.0,-0.0,0.0,0.0,-0.0,0.0,81.0426
2023,1,11,16,81.0426,0.0,-0.0,0.0,0.0,-0.0,0.0,81.0426
2023,1,11,17,81.0426,0.0,-0.0,0.0,-0.0,0.0,0.0,81.0426
2023,1,11,18,81.0426,0.0,-0.0,0.0,-0.0,0.0,0.0,81.0426
2023,1,11,19,81.0426,0.0,-0.0,0.0,-0.0,0.0,0.0,81.0426
2023,1,11,20,81.0426,0.0,-0.0,0.0,-0.0,0.0,0.0,81.0426
2023,1,11,21,81.0426,0.0,-0.0,0.0,-0.0,0.0,0.0,81.0426
2023,1,11,22,81.0426,0.0,-0.0,0.0,-0.0,0.0,0.0,81.0426
2023,1,11,23,81.0426,0.0,-0.0,0.0,-0.0,0.0,0.0,81.0426
2023,1,12,0,81.0426,0.0,-0.0,0.0,-0.0,0.0,0.0,81.0426
2023,1,12,1,81.0426,0.0,-0.0,0.0,-0.0,0.0,0.0,81.0426
2023,1,12,2,81.0426,0.0,-0.0,0.0,-0.0,0.0,0.0,81.0426
2023,1,12,3,81.0426,0.0,-0.0,0.0,0.0,-0.0,0.0,81.0426
2023,1,12,4,81.0426,0.0,-0.0,0.0,-0.0,0.0,0.0,81.0426
2023,1,12,5,81.0426,0.0,-0.0,0.0,0.0,-0.0,0.0,81.0426
2023,1,12,6,81.0426,0.0,-0.0,0.0,-0.0,0.0,0.0,81.0426
2023,1,12,7,81.0426,0.0,-0.0,0.0,-0.0,0.0,0.0,81.0426
2023,1,12,8,81.0426,3.5213070165620604,3.5213070165620604,0.0,-0.0,0.0,0.0,77.63749611498449
2023,1,12,9,81.0426,262.5312773052701,262.5312773052701,178.723004295963,0.0,167.2206582459697,0.0,0.0
2023,1,12,10,81.0426,239.85219863472503,239.85219863472503,156.0439256254179,0.0,313.22182950625455,0.0,0.0
2023,1,12,11,81.0426,329.5291848142196,329.5291848142196,245.72091180491248,0.0,543.1285098392098,0.0,0.0
2023,1,12,12,81.0426,138.23069085720053,138.23069085720053,54.4224178478934,0.0,594.0483820275239,0.0,0.0
2023,1,12,13,81.0426,32.157134120410355,32.157134120410355,0.0,51.651138888896774,541.6045962318985,0.0,0.0
2023,1,12,14,81.0426,7.678621027304934,7.678621027304934,0.0,76.1296519820022,464.30664603901556,0.0,0.0
2023,1,12,15,81.0426,0.0,-0.0,0.0,83.80827300930713,379.21223743254416,0.0,0.0
2023,1,12,16,81.0426,0.0,-0.0,0.0,83.80827300930713,294.11782882607275,0.0,0.0
2023,1,12,17,81.0426,0.0,-0.0,0.0,83.80827300930713,209.02342021960135,0.0,0.0
2023,1,12,18,81.0426,0.0,-0.0,0.0,83.80827300930713,123.92901161312996,0.0,0.0
2023,1,12,19,81.0426,0.0,-0.0,0.0,21.815737984550125,101.77848571095723,0.0,59.94678136894002
2023,1,12,20,81.0426,0.0,-0.0,0.0,83.80827300930713,16.684077104485837,0.0,0.0
2023,1,12,21,81.0426,0.0,-0.0,0.0,0.0,16.684077104485837,0.0,81.0426
2023,1,12,22,81.0426,0.0,-0.0,0.0,0.0,16.684077104485837,0.0,81.0426
2023,1,12,23,81.0426,0.0,-0.0,0.0,0.0,16.684077104485837,0.0,81.0426
2023,1,13,0,81.0426,0.0,-0.0,0.0,0.0,16.684077104485837,0.0,81.0426
2023,1,13,1,81.0426,0.0,-0.0,0.0,0.0,16.684077104485837,0.0,81.0426
2023,1,13,2,81.0426,0.0,-0.0,0.0,0.0,16.684077104485837,0.0,81.0426
2023,1,13,3,81.0426,0.0,-0.0,0.0,0.0,16.684077104485837,0.0,81.0426
2023,1,13,4,81.0426,0.0,-0.0,0.0,0.0,16.684077104485837,0.0,81.0426
2023,1,13,5,81.0426,0.0,-0.0,0.0,0.0,16.684077104485837,0.0,81.0426
2023,1,13,6,81.0426,0.0,-0.0,0.0,0.0,16.684077104485837,0.0,81.0426
2023,1,13,7,81.0426,0.0,-0.0,0.0,0.0,16.684077104485837,0.0,81.0426
2023,1,13,8,81.0426,0.0,-0.0,0.0,0.0,16.684077104485837,0.0,81.0426
2023,1,13,9,81.0426,80.63327696955767,80.63327696955767,0.0,0.0,16.684077104485837,0.0,3.0702211704377285
2023,1,13,10,81.0426,168.0764824865634,168.0764824865634,84.26820947725628,0.0,95.52891027806491,0.0,0.0
2023,1,13,11,81.0426,271.48191232093666,271.48191232093666,187.67363931162953,0.0,271.1241540170169,0.0,0.0
2023,1,13,12,81.0426,41.185330964635554,41.185330964635554,0.0,42.622942044671575,227.84711326524712,0.0,0.0
2023,1,13,13,81.0426,231.94089212174416,231.94089212174416,148.13261911243703,0.0,366.44613790261866,0.0,0.0
2023,1,13,14,81.0426,248.46156160473342,248.46156160473342,164.6532885954263,0.0,520.5025863701911,0.0,0.0
2023,1,13,15,81.0426,164.13634159578487,164.13634159578487,80.32806858647774,0.0,595.6608602452998,0.0,0.0
2023,1,13,16,81.0426,0.0,-0.0,0.0,83.80827300930713,510.56645163882837,0.0,0.0
2023,1,13,17,81.0426,0.0,-0.0,0.0,83.80827300930713,425.47204303235696,0.0,0.0
2023,1,13,18,81.0426,0.0,-0.0,0.0,83.80827300930713,340.37763442588556,0.0,0.0
2023,1,13,19,81.0426,0.0,-0.0,0.0,83.80827300930713,255.28322581941416,0.0,0.0
2023,1,13,20,81.0426,0.0,-0.0,0.0,83.80827300930713,170.18881721294278,0.0,0.0
2023,1,13,21,81.0426,0.0,-0.0,0.0,83.80827300930713,85.09440860647139,0.0,0.0
2023,1,13,22,81.0426,0.0,-0.0,0.0,83.80827300930713,-0.0,0.0,0.0
2023,1,13,23,81.0426,0.0,-0.0,0.0,0.0,0.0,0.0,81.0426
2023,1,14,0,81.0426,0.0,-0.0,0.0,-0.0,0.0,0.0,81.0426
2023,1,14,1,81.0426,0.0,-0.0,0.0,-0.0,0.0,0.0,81.0426
2023,1,14,2,81.0426,0.0,-0.0,0.0,-0.0,0.0,0.0,81.0426
2023,1,14,3,81.0426,0.0,-0.0,0.0,0.0,-0.0,0.0,81.0426
2023,1,14,4,81.0426,0.0,-0.0,0.0,-0.0,0.0,0.0,81.0426
2023,1,14,5,81.0426,0.0,-0.0,0.0,0.0,-0.0,0.0,81.0426
2023,1,14,6,81.0426,0.0,-0.0,0.0,-0.0,0.0,0.0,81.0426
2023,1,14,7,81.0426,0.0,-0.0,0.0,-0.0,0.0,0.0,81.0426
2023,1,14,8,81.0426,0.6515193598923847,0.6515193598923847,0.0,-0.0,0.0,0.0,80.41258077898405
2023,1,14,9,81.0426,56.44949882497506,56.44949882497506,0.0,-0.0,0.0,0.0,26.45593463624911
2023,1,14,10,81.0426,295.1072452998971,295.1072452998971,211.29897229058997,0.0,197.70008551678922,0.0,0.0
2023,1,14,11,81.0426,310.5885862802008,310.5885862802008,226.78031327089363,0.0,409.8851559937107,0.0,0.0
2023,1,14,12,81.0426,582.1325480639844,582.1325480639844,498.3242750546772,0.0,876.138023792392,0.0,0.0
2023,1,14,13,81.0426,344.31246933749554,344.31246933749554,260.5041963281884,0.0,1119.8765585011047,0.0,0.0
2023,1,14,14,81.0426,69.57296021709622,69.57296021709622,0.0,14.235312792210907,1105.422788248056,0.0,0.0
2023,1,14,15,81.0426,14.25586408907724,14.25586408907724,0.0,69.5524089202299,1034.803016575095,0.0,0.0
2023,1,14,16,81.0426,0.0,-0.0,0.0,83.80827300930713,949.7086079686236,0.0,0.0
2023,1,14,17,81.0426,0.0,-0.0,0.0,83.80827300930713,864.6141993621522,0.0,0.0
2023,1,14,18,81.0426,0.0,-0.0,0.0,83.80827300930713,779.5197907556809,0.0,0.0
2023,1,14,19,81.0426,0.0,-0.0,0.0,83.80827300930713,694.4253821492096,0.0,0.0
2023,1,14,20,81.0426,0.0,-0.0,0.0,83.80827300930713,609.3309735427382,0.0,0.0
2023,1,14,21,81.0426,0.0,-0.0,0.0,83.80827300930713,524.2365649362669,0.0,0.0
2023,1,14,22,81.0426,0.0,-0.0,0.0,83.80827300930713,439.14215632979545,0.0,0.0
2023,1,14,23,81.0426,0.0,-0.0,0.0,83.80827300930713,354.04774772332405,0.0,0.0
2023,1,15,0,81.0426,0.0,-0.0,0.0,83.80827300930713,268.95333911685265,0.0,0.0
2023,1,15,1,81.0426,0.0,-0.0,0.0,83.80827300930713,183.85893051038124,0.0,0.0
2023,1,15,2,81.0426,0.0,-0.0,0.0,83.80827300930713,98.76452190390985,0.0,0.0
2023,1,15,3,81.0426,0.0,-0.0,0.0,0.0,98.76452190390985,0.0,81.0426
2023,1,15,4,81.0426,0.0,-0.0,0.0,13.463500200091312,85.09440860647139,0.0,68.02339530651169
2023,1,15,5,81.0426,0.0,-0.0,0.0,83.80827300930713,0.0,0.0,0.0
2023,1,15,6,81.0426,0.0,-0.0,0.0,-0.0,0.0,0.0,81.0426
2023,1,15,7,81.0426,0.0,-0.0,0.0,-0.0,0.0,0.0,81.0426
2023,1,15,8,81.0426,0.0,-0.0,0.0,-0.0,0.0,0.0,81.0426
2023,1,15,9,81.0426,5.724062947627314,5.724062947627314,0.0,0.0,-0.0,0.0,75.50743112964437
2023,1,15,10,81.0426,24.959396430168965,24.959396430168965,0.0,-0.0,0.0,0.0,56.9068636520266
2023,1,15,11,81.0426,56.38744936212815,56.38744936212815,0.0,-0.0,0.0,0.0,26.515936466822073
2023,1,15,12,81.0426,145.95584898164063,145.95584898164063,62.1475759723335,0.0,58.14785065539412,0.0,0.0
2023,1,15,13,81.0426,413.1408360004289,413.1408360004289,329.3325629911218,0.0,366.2850609834527,0.0,0.0
2023,1,15,14,81.0426,168.107507217987,168.107507217987,84.29923420867988,0.0,445.1589221830041,0.0,0.0
2023,1,15,15,81.0426,94.56338137868863,94.56338137868863,10.755108369381501,0.0,455.2218478154339,0.0,0.0
2023,1,15,16,81.0426,0.0,-0.0,0.0,83.80827300930713,370.12743920896247,0.0,0.0
2023,1,15,17,81.0426,0.0,-0.0,0.0,83.80827300930713,285.03303060249107,0.0,0.0
2023,1,15,18,81.0426,0.0,-0.0,0.0,83.80827300930713,199.93862199601966,0.0,0.0
2023,1,15,19,81.0426,0.0,-0.0,0.0,83.80827300930713,114.84421338954827,0.0,0.0
2023,1,15,20,81.0426,0.0,-0.0,0.0,29.30015969397183,85.09440860647139,0.0,52.709345575929234
2023,1,15,21,81.0426,0.0,-0.0,0.0,83.80827300930713,0.0,0.0,0.0
2023,1,15,22,81.0426,0.0,-0.0,0.0,-0.0,0.0,0.0,81.0426
2023,1,15,23,81.0426,0.0,-0.0,0.0,-0.0,0.0,0.0,81.0426
2023,1,16,0,81.0426,0.0,-0.0,0.0,0.0,-0.0,0.0,81.0426
2023,1,16,1,81.0426,0.0,-0.0,0.0,-0.0,0.0,0.0,81.0426
2023,1,16,2,81.0426,0.0,-0.0,0.0,-0.0,0.0,0.0,81.0426
2023,1,16,3,81.0426,0.0,-0.0,0.0,0.0,-0.0,0.0,81.0426
2023,1,16,4,81.0426,0.0,-0.0,0.0,-0.0,0.0,0.0,81.0426
2023,1,16,5,81.0426,0.0,-0.0,0.0,-0.0,0.0,0.0,81.0426
2023,1,16,6,81.0426,0.0,-0.0,0.0,-0.0,0.0,0.0,81.0426
2023,1,16,7,81.0426,0.0,-0.0,0.0,0.0,-0.0,0.0,81.0426
2023,1,16,8,81.0426,6.2359710161141555,6.2359710161141555,0.0,-0.0,0.0,0.0,75.0124160274176
2023,1,16,9,81.0426,450.370513708574,83.80827300930713,0.0,0.0,0.0,366.56224069926685,0.0
2023,1,16,10,81.0426,849.9380297112417,83.80827300930713,0.0,0.0,0.0,766.1297567019346,0.0
2023,1,16,11,81.0426,1033.0304822067571,83.80827300930713,0.0,0.0,-0.0,949.22220919745,0.0
2023,1,16,12,81.0426,1059.308429722423,1019.5405254364962,935.7322524271891,0.0,875.5099199974275,39.76790428592676,0.0
2023,1,16,13,81.0426,943.9739906557315,943.9739906557315,860.1657176464244,0.0,1680.316654709983,0.0,0.0
2023,1,16,14,81.0426,699.5611565017588,699.5611565017588,615.7528834924517,0.0,2256.4406008134756,0.0,0.0
2023,1,16,15,81.0426,276.50791881153623,276.50791881153623,192.6996458022291,0.0,2436.7383847599253,0.0,0.0
2023,1,16,16,81.0426,0.0,-0.0,0.0,83.80827300930713,2351.643976153454,0.0,0.0
2023,1,16,17,81.0426,0.0,-0.0,0.0,83.80827300930713,2266.5495675469824,0.0,0.0
2023,1,16,18,81.0426,0.0,-0.0,0.0,83.80827300930713,2181.455158940511,0.0,0.0
2023,1,16,19,81.0426,0.0,-0.0,0.0,83.80827300930713,2096.3607503340395,0.0,0.0
2023,1,16,20,81.0426,0.0,-0.0,0.0,83.80827300930713,2011.266341727568,0.0,0.0
2023,1,16,21,81.0426,0.0,-0.0,0.0,83.80827300930713,1926.1719331210966,0.0,0.0
2023,1,16,22,81.0426,0.0,-0.0,0.0,83.80827300930713,1841.077524514625,0.0,0.0
2023,1,16,23,81.0426,0.0,-0.0,0.0,83.80827300930713,1755.9831159081536,0.0,0.0
2023,1,17,0,81.0426,0.0,-0.0,0.0,83.80827300930713,1670.8887073016822,0.0,0.0
2023,1,17,1,81.0426,0.0,-0.0,0.0,83.80827300930713,1585.7942986952107,0.0,0.0
2023,1,17,2,81.0426,0.0,-0.0,0.0,83.80827300930713,1500.6998900887393,0.0,0.0
2023,1,17,3,81.0426,0.0,-0.0,0.0,83.80827300930713,1415.6054814822678,0.0,0.0
2023,1,17,4,81.0426,0.0,-0.0,0.0,83.80827300930713,1330.5110728757963,0.0,0.0
2023,1,17,5,81.0426,0.0,-0.0,0.0,83.80827300930713,1245.4166642693249,0.0,0.0
2023,1,17,6,81.0426,0.0,-0.0,0.0,83.80827300930713,1160.3222556628534,0.0,0.0
2023,1,17,7,81.0426,0.0,-0.0,0.0,83.80827300930713,1075.227847056382,0.0,0.0
2023,1,17,8,81.0426,15.434803883168348,15.434803883168348,0.0,68.37346912613879,1005.8051073822762,0.0,0.0
2023,1,17,9,81.0426,52.214622985673394,52.214622985673394,0.0,31.59365002363374,973.726615988206,0.0,0.0
2023,1,17,10,81.0426,95.95949429274408,95.95949429274408,12.151221283436952,0.0,985.0958027893853,0.0,0.0
2023,1,17,11,81.0426,285.59816511860834,285.59816511860834,201.78989210930118,0.0,1173.8987983456923,0.0,0.0
2023,1,17,12,81.0426,615.5927209041796,615.5927209041796,531.7844478948724,0.0,1671.4583921554008,0.0,0.0
2023,1,17,13,81.0426,609.6669972023,609.6669972023,525.8587241929928,0.0,2163.4736330044175,0.0,0.0
2023,1,17,14,81.0426,290.43802322066705,290.43802322066705,206.62975021135992,0.0,2356.805000612389,0.0,0.0
2023,1,17,15,81.0426,169.23990991494293,169.23990991494293,85.43163690563578,0.0,2436.7383847599253,0.0,0.0
2023,1,17,16,81.0426,0.0,-0.0,0.0,83.80827300930713,2351.643976153454,0.0,0.0
2023,1,17,17,81.0426,0.0,-0.0,0.0,83.80827300930713,2266.5495675469824,0.0,0.0
2023,1,17,18,81.0426,0.0,-0.0,0.0,83.80827300930713,2181.455158940511,0.0,0.0
2023,1,17,19,81.0426,0.0,-0.0,0.0,83.80827300930713,2096.3607503340395,0.0,0.0
2023,1,17,20,81.0426,0.0,-0.0,0.0,83.80827300930713,2011.2663417275683,0.0,0.0
2023,1,17,21,81.0426,0.0,-0.0,0.0,83.80827300930713,1926.171933121097,0.0,0.0
2023,1,17,22,81.0426,0.0,-0.0,0.0,83.80827300930713,1841.0775245146256,0.0,0.0
2023,1,17,23,81.0426,0.0,-0.0,0.0,83.80827300930713,1755.983115908154,0.0,0.0
2023,1,18,0,81.0426,0.0,-0.0,0.0,83.80827300930713,1670.8887073016829,0.0,0.0
2023,1,18,1,81.0426,0.0,-0.0,0.0,83.80827300930713,1585.7942986952114,0.0,0.0
2023,1,18,2,81.0426,0.0,-0.0,0.0,83.80827300930713,1500.6998900887402,0.0,0.0
2023,1,18,3,81.0426,0.0,-0.0,0.0,83.80827300930713,1415.6054814822687,0.0,0.0
2023,1,18,4,81.0426,0.0,-0.0,0.0,83.80827300930713,1330.5110728757973,0.0,0.0
2023,1,18,5,81.0426,0.0,-0.0,0.0,83.80827300930713,1245.4166642693258,0.0,0.0
2023,1,18,6,81.0426,0.0,-0.0,0.0,83.80827300930713,1160.3222556628546,0.0,0.0
2023,1,18,7,81.0426,0.0,-0.0,0.0,83.80827300930713,1075.227847056383,0.0,0.0
2023,1,18,8,81.0426,2.419929051029434,2.4199290510294293,0.0,81.3883439582777,992.5905041317698,4.440892098500626e-15,0.0
2023,1,18,9,81.0426,25.25413137869178,25.25413137869178,0.0,58.55414163061535,933.1377809744337,0.0,0.0
2023,1,18,10,81.0426,47.96423478066031,47.96423478066031,0.0,35.844038228646816,896.7436742160743,0.0,0.0
2023,1,18,11,81.0426,76.64659898164363,76.64659898164365,0.0,7.161674027663494,889.4720959561491,0.0,0.0
2023,1,18,12,81.0426,108.21426320500852,108.21426320500852,24.405990195701396,0.0,912.3073530163509,0.0,0.0
2023,1,18,13,81.0426,62.592395646819,62.592395646819,0.0,21.21587736248813,890.7658932964034,0.0,0.0
2023,1,18,14,81.0426,43.82243313562917,43.82243313562917,0.0,39.98583987367796,850.1664241210176,0.0,0.0
2023,1,18,15,81.0426,8.112967267233294,8.112967267233289,0.0,75.69530574207384,773.3094857171861,5.329070518200751e-15,0.0
2023,1,18,16,81.0426,0.0,-0.0,0.0,83.80827300930713,688.2150771107148,0.0,0.0
2023,1,18,17,81.0426,0.0,-0.0,0.0,83.80827300930713,603.1206685042434,0.0,0.0
2023,1,18,18,81.0426,0.0,-0.0,0.0,83.80827300930713,518.026259897772,0.0,0.0
2023,1,18,19,81.0426,0.0,-0.0,0.0,83.80827300930713,432.93185129130063,0.0,0.0
2023,1,18,20,81.0426,0.0,-0.0,0.0,83.80827300930713,347.8374426848292,0.0,0.0
2023,1,18,21,81.0426,0.0,-0.0,0.0,83.80827300930713,262.7430340783578,0.0,0.0
2023,1,18,22,81.0426,0.0,-0.0,0.0,83.80827300930713,177.64862547188645,0.0,0.0
2023,1,18,23,81.0426,0.0,-0.0,0.0,83.80827300930713,92.55421686541506,0.0,0.0
2023,1,19,0,81.0426,0.0,-0.0,0.0,0.0,92.55421686541506,0.0,81.0426
2023,1,19,1,81.0426,0.0,-0.0,0.0,83.80827300930713,7.459808258943667,0.0,0.0
2023,1,19,2,81.0426,0.0,-0.0,0.0,7.347059077100035,0.0,0.0,73.93799387244427
2023,1,19,3,81.0426,0.0,-0.0,0.0,-0.0,0.0,0.0,81.0426
2023,1,19,4,81.0426,0.0,-0.0,0.0,-0.0,0.0,0.0,81.0426
2023,1,19,5,81.0426,0.0,-0.0,0.0,0.0,-0.0,0.0,81.0426
2023,1,19,6,81.0426,0.0,-0.0,0.0,-0.0,0.0,0.0,81.0426
2023,1,19,7,81.0426,0.0,-0.0,0.0,-0.0,0.0,0.0,81.0426
2023,1,19,8,81.0426,260.77837997984494,83.80827300930713,0.0,0.0,0.0,176.9701069705378,0.0
2023,1,19,9,81.0426,705.2541947179626,83.80827300930713,0.0,0.0,0.0,621.4459217086555,0.0
2023,1,19,10,81.0426,1022.5596353513413,83.80827300930713,0.0,0.0,0.0,938.7513623420341,0.0
2023,1,19,11,81.0426,1188.8521957810563,83.80827300930713,0.0,0.0,-0.0,1105.043922771749,0.0
2023,1,19,12,81.0426,1206.427706132443,1194.1477138876974,1110.3394408783902,0.0,1038.8796501690204,12.2799922447457,0.0
2023,1,19,13,81.0426,888.4242090420368,888.4242090420368,804.6159360327296,0.0,1791.7117043783355,0.0,0.0
2023,1,19,14,81.0426,577.9131845903945,577.9131845903945,494.1049115810874,0.0,2254.0167606447962,0.0,0.0
2023,1,19,15,81.0426,279.09848388539467,279.09848388539467,195.29021087608754,0.0,2436.7383847599253,0.0,0.0
2023,1,19,16,81.0426,0.0,-0.0,0.0,83.80827300930713,2351.643976153454,0.0,0.0
2023,1,19,17,81.0426,0.0,-0.0,0.0,83.80827300930713,2266.5495675469824,0.0,0.0
2023,1,19,18,81.0426,0.0,-0.0,0.0,83.80827300930713,2181.455158940511,0.0,0.0
2023,1,19,19,81.0426,0.0,-0.0,0.0,83.80827300930713,2096.3607503340395,0.0,0.0
2023,1,19,20,81.0426,0.0,-0.0,0.0,83.80827300930713,2011.2663417275683,0.0,0.0
2023,1,19,21,81.0426,0.0,-0.0,0.0,83.80827300930713,1926.171933121097,0.0,0.0
2023,1,19,22,81.0426,0.0,-0.0,0.0,83.80827300930713,1841.0775245146256,0.0,0.0
2023,1,19,23,81.0426,0.0,-0.0,0.0,83.80827300930713,1755.983115908154,0.0,0.0
2023,1,20,0,81.0426,0.0,-0.0,0.0,83.80827300930713,1670.8887073016829,0.0,0.0
2023,1,20,1,81.0426,0.0,-0.0,0.0,83.80827300930713,1585.7942986952114,0.0,0.0
2023,1,20,2,81.0426,0.0,-0.0,0.0,83.80827300930713,1500.6998900887402,0.0,0.0
2023,1,20,3,81.0426,0.0,-0.0,0.0,83.80827300930713,1415.6054814822687,0.0,0.0
2023,1,20,4,81.0426,0.0,-0.0,0.0,83.80827300930713,1330.5110728757973,0.0,0.0
2023,1,20,5,81.0426,0.0,-0.0,0.0,83.80827300930713,1245.4166642693258,0.0,0.0
2023,1,20,6,81.0426,0.0,-0.0,0.0,83.80827300930713,1160.3222556628546,0.0,0.0
2023,1,20,7,81.0426,0.0,-0.0,0.0,83.80827300930713,1075.227847056383,0.0,0.0
2023,1,20,8,81.0426,15.233143128916051,15.233143128916057,0.0,68.57512988039107,1005.6003519087881,0.0,0.0
2023,1,20,9,81.0426,65.15193598925399,65.15193598925399,0.0,18.656337020053144,986.6577116600367,0.0,0.0
2023,1,20,10,81.0426,286.90120383839326,286.90120383839326,203.09293082908613,0.0,1176.6798843071765,0.0,0.0
2023,1,20,11,81.0426,174.12630511413712,174.12630511413715,90.31803210483001,0.0,1261.1851825453364,0.0,0.0
2023,1,20,12,81.0426,185.91570305504976,185.91570305504976,102.10743004574263,0.0,1356.7211306529357,0.0,0.0
2023,1,20,13,81.0426,106.08906910250191,106.08906910250191,22.28079609319478,0.0,1377.5679679340412,0.0,0.0
2023,1,20,14,81.0426,80.55571514099903,80.55571514099903,0.0,3.2525578683081027,1374.2654957755794,0.0,0.0
2023,1,20,15,81.0426,31.505614760517666,31.505614760517666,0.0,52.30265824878946,1321.1601922963766,0.0,0.0
2023,1,20,16,81.0426,0.0,-0.0,0.0,83.80827300930713,1236.0657836899052,0.0,0.0
2023,1,20,17,81.0426,0.0,-0.0,0.0,83.80827300930713,1150.9713750834337,0.0,0.0
2023,1,20,18,81.0426,0.0,-0.0,0.0,83.80827300930713,1065.8769664769625,0.0,0.0
2023,1,20,19,81.0426,0.0,-0.0,0.0,83.80827300930713,980.782557870491,0.0,0.0
2023,1,20,20,81.0426,0.0,-0.0,0.0,83.80827300930713,895.6881492640197,0.0,0.0
2023,1,20,21,81.0426,0.0,-0.0,0.0,83.80827300930713,810.5937406575483,0.0,0.0
2023,1,20,22,81.0426,0.0,-0.0,0.0,83.80827300930713,725.499332051077,0.0,0.0
2023,1,20,23,81.0426,0.0,-0.0,0.0,83.80827300930713,640.4049234446056,0.0,0.0
2023,1,21,0,81.0426,0.0,-0.0,0.0,83.80827300930713,555.3105148381342,0.0,0.0
2023,1,21,1,81.0426,0.0,-0.0,0.0,83.80827300930713,470.2161062316628,0.0,0.0
2023,1,21,2,81.0426,0.0,-0.0,0.0,83.80827300930713,385.1216976251914,0.0,0.0
2023,1,21,3,81.0426,0.0,-0.0,0.0,83.80827300930713,300.02728901872,0.0,0.0
2023,1,21,4,81.0426,0.0,-0.0,0.0,83.80827300930713,214.93288041224864,0.0,0.0
2023,1,21,5,81.0426,0.0,-0.0,0.0,83.80827300930713,129.83847180577726,0.0,0.0
2023,1,21,6,81.0426,0.0,-0.0,0.0,83.80827300930713,44.744063199305856,0.0,0.0
2023,1,21,7,81.0426,0.0,-0.0,0.0,44.06779159245414,0.0,0.0,38.429045530096836
2023,1,21,8,81.0426,12.487454397940347,12.487454397940347,0.0,-0.0,0.0,0.0,68.96723159719168
2023,1,21,9,81.0426,61.69267843553883,61.69267843553883,0.0,-0.0,0.0,0.0,21.385779952833946
2023,1,21,10,81.0426,121.78758320276977,121.78758320276977,37.979310193462624,0.0,35.535018423043276,0.0,0.0
2023,1,21,11,81.0426,102.30405186884047,102.30405186884047,18.495778859533342,0.0,52.840436535539254,0.0,0.0
2023,1,21,12,81.0426,58.80737841315758,58.807378413157586,0.0,25.000894596149546,27.45587408242895,0.0,0.0
2023,1,21,13,81.0426,30.21808840644447,30.21808840644447,0.0,27.04089996618618,0.0,0.0,25.67315824366616
2023,1,21,14,81.0426,18.894061436883653,18.894061436883653,0.0,-0.0,0.0,0.0,62.7720425905335
2023,1,21,15,81.0426,1.349575816920261,1.349575816920261,0.0,0.0,-0.0,0.0,79.7375601850381
2023,1,21,16,81.0426,0.0,-0.0,0.0,-0.0,0.0,0.0,81.0426
2023,1,21,17,81.0426,0.0,-0.0,0.0,-0.0,0.0,0.0,81.0426
2023,1,21,18,81.0426,0.0,-0.0,0.0,-0.0,0.0,0.0,81.0426
2023,1,21,19,81.0426,0.0,-0.0,0.0,-0.0,0.0,0.0,81.0426
2023,1,21,20,81.0426,0.0,-0.0,0.0,-0.0,0.0,0.0,81.0426
2023,1,21,21,81.0426,0.0,-0.0,0.0,-0.0,0.0,0.0,81.0426
2023,1,21,22,81.0426,0.0,-0.0,0.0,-0.0,0.0,0.0,81.0426
2023,1,21,23,81.0426,0.0,-0.0,0.0,-0.0,0.0,0.0,81.0426
2023,1,22,0,81.0426,0.0,-0.0,0.0,-0.0,0.0,0.0,81.0426
2023,1,22,1,81.0426,0.0,-0.0,0.0,-0.0,0.0,0.0,81.0426
2023,1,22,2,81.0426,0.0,-0.0,0.0,-0.0,0.0,0.0,81.0426
2023,1,22,3,81.0426,0.0,-0.0,0.0,-0.0,0.0,0.0,81.0426
2023,1,22,4,81.0426,0.0,-0.0,0.0,-0.0,0.0,0.0,81.0426
2023,1,22,5,81.0426,0.0,-0.0,0.0,-0.0,0.0,0.0,81.0426
2023,1,22,6,81.0426,0.0,-0.0,0.0,-0.0,0.0,0.0,81.0426
2023,1,22,7,81.0426,0.0,-0.0,0.0,-0.0,0.0,0.0,81.0426
2023,1,22,8,81.0426,1.1944521598029896,1.1944521598029896,0.0,0.0,-0.0,0.0,79.8875647614705
2023,1,22,9,81.0426,33.42914810877198,33.42914810877198,0.0,-0.0,0.0,0.0,48.71661377881749
2023,1,22,10,81.0426,86.82271088853679,86.82271088853679,3.014437879229664,0.0,2.820433152363674,0.0,0.0
2023,1,22,11,81.0426,49.11214984332812,49.11214984332812,0.0,2.7778045057101353,0.0,0.0,30.865014144480003
2023,1,22,12,81.0426,75.90200542748089,75.90200542748089,0.0,0.0,-0.0,0.0,7.645360751625978
2023,1,22,13,81.0426,49.39137242613921,49.39137242613921,0.0,-0.0,0.0,0.0,33.28114286392338
2023,1,22,14,81.0426,35.21307016562045,35.21307016562045,0.0,0.0,-0.0,0.0,46.99156114984502
2023,1,22,15,81.0426,8.004380707251203,8.004380707251203,0.0,-0.0,0.0,0.0,73.30236385608808
2023,1,22,16,81.0426,0.0,-0.0,0.0,-0.0,0.0,0.0,81.0426
2023,1,22,17,81.0426,0.0,-0.0,0.0,-0.0,0.0,0.0,81.0426
2023,1,22,18,81.0426,0.0,-0.0,0.0,0.0,-0.0,0.0,81.0426
2023,1,22,19,81.0426,0.0,-0.0,0.0,0.0,-0.0,0.0,81.0426
2023,1,22,20,81.0426,0.0,-0.0,0.0,0.0,-0.0,0.0,81.0426
2023,1,22,21,81.0426,0.0,-0.0,0.0,0.0,-0.0,0.0,81.0426
2023,1,22,22,81.0426,0.0,-0.0,0.0,0.0,-0.0,0.0,81.0426
2023,1,22,23,81.0426,0.0,-0.0,0.0,0.0,-0.0,0.0,81.0426
2023,1,23,0,81.0426,0.0,-0.0,0.0,0.0,-0.0,0.0,81.0426
2023,1,23,1,81.0426,0.0,-0.0,0.0,0.0,-0.0,0.0,81.0426
2023,1,23,2,81.0426,0.0,-0.0,0.0,0.0,-0.0,0.0,81.0426
2023,1,23,3,81.0426,0.0,-0.0,0.0,0.0,-0.0,0.0,81.0426
2023,1,23,4,81.0426,0.0,-0.0,0.0,0.0,-0.0,0.0,81.0426
2023,1,23,5,81.0426,0.0,-0.0,0.0,0.0,-0.0,0.0,81.0426
2023,1,23,6,81.0426,0.0,-0.0,0.0,0.0,-0.0,0.0,81.0426
2023,1,23,7,81.0426,0.0,-0.0,0.0,0.0,-0.0,0.0,81.0426
2023,1,23,8,81.0426,30.823070669201822,30.823070669201822,0.0,0.0,-0.0,0.0,51.236690662881834
2023,1,23,9,81.0426,88.83931843106133,88.83931843106133,5.031045421754197,0.0,4.707254840557267,0.0,0.0
2023,1,23,10,81.0426,102.61429918307502,102.61429918307502,18.806026173767894,0.0,22.302953212775368,0.0,0.0
2023,1,23,11,81.0426,103.88631317143665,103.88631317143665,20.078040162129522,0.0,41.08880064985401,0.0,0.0
2023,1,23,12,81.0426,117.63026919202689,117.63026919202689,33.82199618271976,0.0,72.7340635926213,0.0,0.0
2023,1,23,13,81.0426,168.97619969784373,168.97619969784373,85.1679266885366,0.0,152.42070951939453,0.0,0.0
2023,1,23,14,81.0426,83.40999043195683,83.40999043195683,0.0,0.0,152.42070951939453,0.0,0.3851392522977427
2023,1,23,15,81.0426,204.94937578333892,204.94937578333892,121.14110277403181,0.0,265.76535156094417,0.0,0.0
2023,1,23,16,81.0426,0.0,-0.0,0.0,83.80827300930713,180.67094295447276,0.0,0.0
2023,1,23,17,81.0426,0.0,-0.0,0.0,83.80827300930713,95.57653434800139,0.0,0.0
2023,1,23,18,81.0426,0.0,-0.0,0.0,0.0,95.57653434800139,0.0,81.0426
2023,1,23,19,81.0426,0.0,-0.0,0.0,83.80827300930713,10.482125741529991,0.0,0.0
2023,1,23,20,81.0426,0.0,-0.0,0.0,0.0,10.482125741529991,0.0,81.0426
2023,1,23,21,81.0426,0.0,-0.0,0.0,0.0,10.482125741529991,0.0,81.0426
2023,1,23,22,81.0426,0.0,-0.0,0.0,0.0,10.482125741529991,0.0,81.0426
2023,1,23,23,81.0426,0.0,-0.0,0.0,0.0,10.482125741529991,0.0,81.0426
2023,1,24,0,81.0426,0.0,-0.0,0.0,0.0,10.482125741529991,0.0,81.0426
2023,1,24,1,81.0426,0.0,-0.0,0.0,0.0,10.482125741529991,0.0,81.0426
2023,1,24,2,81.0426,0.0,-0.0,0.0,0.0,10.482125741529991,0.0,81.0426
2023,1,24,3,81.0426,0.0,-0.0,0.0,0.0,10.482125741529991,0.0,81.0426
2023,1,24,4,81.0426,0.0,-0.0,0.0,0.0,10.482125741529991,0.0,81.0426
2023,1,24,5,81.0426,0.0,-0.0,0.0,0.0,10.482125741529991,0.0,81.0426
2023,1,24,6,81.0426,0.0,-0.0,0.0,0.0,10.482125741529991,0.0,81.0426
2023,1,24,7,81.0426,0.0,-0.0,0.0,0.0,10.482125741529991,0.0,81.0426
2023,1,24,8,81.0426,101.73009433750657,101.73009433750659,17.921821328199446,0.0,27.25052537354006,0.0,0.0
2023,1,24,9,81.0426,215.62188339300724,215.62188339300727,131.8136103837001,0.0,150.58080834952963,0.0,0.0
2023,1,24,10,81.0426,332.50755903087105,332.5075590308711,248.69928602156395,0.0,383.27417917581676,0.0,0.0
2023,1,24,11,81.0426,422.448255427465,422.448255427465,338.6399824181579,0.0,700.119797295538,0.0,0.0
2023,1,24,12,81.0426,320.9508465756345,320.9508465756345,237.14257356632737,0.0,922.0002284471773,0.0,0.0
2023,1,24,13,81.0426,348.2370978625625,348.2370978625625,264.4288248532554,0.0,1169.4108084413745,0.0,0.0
2023,1,24,14,81.0426,259.4908536257716,259.4908536257716,175.68258061646446,0.0,1333.7867201420677,0.0,0.0
2023,1,24,15,81.0426,113.42641808414885,113.42641808414885,29.618145074841717,0.0,1361.4986855656007,0.0,0.0
2023,1,24,16,81.0426,0.0,-0.0,0.0,31.114483462217216,1329.9067141021249,0.0,50.95489449203595
2023,1,24,17,81.0426,0.0,-0.0,0.0,83.80827300930713,1244.8123054956534,0.0,0.0
2023,1,24,18,81.0426,0.0,-0.0,0.0,83.80827300930713,1159.717896889182,0.0,0.0
2023,1,24,19,81.0426,0.0,-0.0,0.0,83.80827300930713,1074.6234882827105,0.0,0.0
2023,1,24,20,81.0426,0.0,-0.0,0.0,83.80827300930713,989.5290796762391,0.0,0.0
2023,1,24,21,81.0426,0.0,-0.0,0.0,83.80827300930713,904.4346710697677,0.0,0.0
2023,1,24,22,81.0426,0.0,-0.0,0.0,83.80827300930713,819.3402624632962,0.0,0.0
2023,1,24,23,81.0426,0.0,-0.0,0.0,83.80827300930713,734.2458538568247,0.0,0.0
2023,1,25,0,81.0426,0.0,-0.0,0.0,83.80827300930713,649.1514452503533,0.0,0.0
2023,1,25,1,81.0426,0.0,-0.0,0.0,83.80827300930713,564.0570366438818,0.0,0.0
2023,1,25,2,81.0426,0.0,-0.0,0.0,83.80827300930713,478.9626280374103,0.0,0.0
2023,1,25,3,81.0426,0.0,-0.0,0.0,83.80827300930713,393.86821943093884,0.0,0.0
2023,1,25,4,81.0426,0.0,-0.0,0.0,83.80827300930713,308.7738108244674,0.0,0.0
2023,1,25,5,81.0426,0.0,-0.0,0.0,83.80827300930713,223.67940221799594,0.0,0.0
2023,1,25,6,81.0426,0.0,-0.0,0.0,83.80827300930713,138.5849936115246,0.0,0.0
2023,1,25,7,81.0426,0.0,-0.0,0.0,83.80827300930713,53.49058500505324,0.0,0.0
2023,1,25,8,81.0426,64.68656501790217,64.68656501790217,0.0,19.12170799140496,34.07543212517539,0.0,0.0
2023,1,25,9,81.0426,145.3508667188833,145.3508667188833,61.54259370957617,0.0,91.6572362741114,0.0,0.0
2023,1,25,10,81.0426,190.87966008280227,190.87966008280227,107.07138707349515,0.0,191.83766853726414,0.0,0.0
2023,1,25,11,81.0426,176.91853094224803,176.91853094224803,93.11025793294088,0.0,278.95548911292286,0.0,0.0
2023,1,25,12,81.0426,120.4380073858495,120.4380073858495,36.62973437654237,0.0,313.227788406175,0.0,0.0
2023,1,25,13,81.0426,116.59094068934101,116.59094068934102,32.78266768003388,0.0,343.90061247887314,0.0,0.0
2023,1,25,14,81.0426,54.94479935093752,54.94479935093753,0.0,28.863473658369603,314.5941951874123,0.0,0.0
2023,1,25,15,81.0426,25.393742670097325,25.393742670097314,0.0,58.41453033920984,255.28322581941416,1.0658141036401503e-14,0.0
2023,1,25,16,81.0426,0.0,-0.0,0.0,83.80827300930713,170.18881721294278,0.0,0.0
2023,1,25,17,81.0426,0.0,-0.0,0.0,83.80827300930713,85.09440860647139,0.0,0.0
2023,1,25,18,81.0426,0.0,-0.0,0.0,83.80827300930713,-0.0,0.0,0.0
2023,1,25,19,81.0426,0.0,-0.0,0.0,0.0,0.0,0.0,81.0426
2023,1,25,20,81.0426,0.0,-0.0,0.0,0.0,-0.0,0.0,81.0426
2023,1,25,21,81.0426,0.0,-0.0,0.0,-0.0,0.0,0.0,81.0426
2023,1,25,22,81.0426,0.0,-0.0,0.0,-0.0,0.0,0.0,81.0426
2023,1,25,23,81.0426,0.0,-0.0,0.0,0.0,-0.0,0.0,81.0426
2023,1,26,0,81.0426,0.0,-0.0,0.0,-0.0,0.0,0.0,81.0426
2023,1,26,1,81.0426,0.0,-0.0,0.0,-0.0,0.0,0.0,81.0426
2023,1,26,2,81.0426,0.0,-0.0,0.0,-0.0,0.0,0.0,81.0426
2023,1,26,3,81.0426,0.0,-0.0,0.0,0.0,-0.0,0.0,81.0426
2023,1,26,4,81.0426,0.0,-0.0,0.0,-0.0,0.0,0.0,81.0426
2023,1,26,5,81.0426,0.0,-0.0,0.0,-0.0,0.0,0.0,81.0426
2023,1,26,6,81.0426,0.0,-0.0,0.0,0.0,-0.0,0.0,81.0426
2023,1,26,7,81.0426,0.0,-0.0,0.0,-0.0,0.0,0.0,81.0426
2023,1,26,8,81.0426,4.250388205013236,4.250388205013236,0.0,-0.0,0.0,0.0,76.93247460575219
2023,1,26,9,81.0426,39.74268095344493,39.74268095344493,0.0,-0.0,0.0,0.0,42.61142751801874
2023,1,26,10,81.0426,90.21991897940488,90.2199189794049,6.411645970097753,0.0,5.9990019963204215,0.0,0.0
2023,1,26,11,81.0426,64.57797845792008,64.57797845792008,0.0,5.908331761445079,0.0,0.0,12.882338017873874
2023,1,26,12,81.0426,51.28388104296992,51.28388104296992,0.0,-0.0,0.0,0.0,31.451087031448086
2023,1,26,13,81.0426,25.998724932854685,25.998724932854685,0.0,-0.0,0.0,0.0,55.90183298992952
2023,1,26,14,81.0426,18.987135631154015,18.987135631154015,0.0,-0.0,0.0,0.0,62.68203984467406
2023,1,26,15,81.0426,7.601059198746298,7.601059198746298,0.0,-0.0,0.0,0.0,73.69237575481232
2023,1,26,16,81.0426,0.0,-0.0,0.0,0.0,-0.0,0.0,81.0426
2023,1,26,17,81.0426,0.0,-0.0,0.0,0.0,-0.0,0.0,81.0426
2023,1,26,18,81.0426,0.0,-0.0,0.0,0.0,-0.0,0.0,81.0426
2023,1,26,19,81.0426,0.0,-0.0,0.0,0.0,-0.0,0.0,81.0426
2023,1,26,20,81.0426,0.0,-0.0,0.0,0.0,-0.0,0.0,81.0426
2023,1,26,21,81.0426,0.0,-0.0,0.0,0.0,-0.0,0.0,81.0426
2023,1,26,22,81.0426,0.0,-0.0,0.0,0.0,-0.0,0.0,81.0426
2023,1,26,23,81.0426,0.0,-0.0,0.0,0.0,-0.0,0.0,81.0426
2023,1,27,0,81.0426,0.0,-0.0,0.0,0.0,-0.0,0.0,81.0426
2023,1,27,1,81.0426,0.0,-0.0,0.0,0.0,-0.0,0.0,81.0426
2023,1,27,2,81.0426,0.0,-0.0,0.0,0.0,-0.0,0.0,81.0426
2023,1,27,3,81.0426,0.0,-0.0,0.0,0.0,-0.0,0.0,81.0426
2023,1,27,4,81.0426,0.0,-0.0,0.0,0.0,-0.0,0.0,81.0426
2023,1,27,5,81.0426,0.0,-0.0,0.0,0.0,-0.0,0.0,81.0426
2023,1,27,6,81.0426,0.0,-0.0,0.0,0.0,-0.0,0.0,81.0426
2023,1,27,7,81.0426,0.0,-0.0,0.0,0.0,-0.0,0.0,81.0426
2023,1,27,8,81.0426,11.277489872425475,11.277489872425475,0.0,0.0,-0.0,0.0,70.13726729336456
2023,1,27,9,81.0426,23.02035071620292,23.02035071620292,0.0,0.0,-0.0,0.0,58.78192085743177
2023,1,27,10,81.0426,39.3238470792283,39.3238470792283,0.0,0.0,-0.0,0.0,43.01643987438623
2023,1,27,11,81.0426,52.63345685989018,52.63345685989018,0.0,0.0,-0.0,0.0,30.14604721648619
2023,1,27,12,81.0426,108.13670137644988,108.13670137644988,24.328428367142745,0.0,22.76268699527129,0.0,0.0
2023,1,27,13,81.0426,87.50525497985264,87.50525497985264,3.6969819705455014,0.0,26.22173671902342,0.0,0.0
2023,1,27,14,81.0426,39.13769869068757,39.13769869068757,0.0,0.0,26.22173671902342,0.0,43.19644536610511
2023,1,27,15,81.0426,54.10713160250426,54.10713160250426,0.0,25.82541562617972,0.0,0.0,3.74782682986259
2023,1,27,16,81.0426,0.0,-0.0,0.0,0.0,-0.0,0.0,81.0426
2023,1,27,17,81.0426,0.0,-0.0,0.0,-0.0,0.0,0.0,81.0426
2023,1,27,18,81.0426,0.0,-0.0,0.0,0.0,-0.0,0.0,81.0426
2023,1,27,19,81.0426,0.0,-0.0,0.0,0.0,-0.0,0.0,81.0426
2023,1,27,20,81.0426,0.0,-0.0,0.0,0.0,-0.0,0.0,81.0426
2023,1,27,21,81.0426,0.0,-0.0,0.0,0.0,-0.0,0.0,81.0426
2023,1,27,22,81.0426,0.0,-0.0,0.0,0.0,-0.0,0.0,81.0426
2023,1,27,23,81.0426,0.0,-0.0,0.0,0.0,-0.0,0.0,81.0426
2023,1,28,0,81.0426,0.0,-0.0,0.0,0.0,-0.0,0.0,81.0426
2023,1,28,1,81.0426,0.0,-0.0,0.0,0.0,-0.0,0.0,81.0426
2023,1,28,2,81.0426,0.0,-0.0,0.0,0.0,-0.0,0.0,81.0426
2023,1,28,3,81.0426,0.0,-0.0,0.0,0.0,-0.0,0.0,81.0426
2023,1,28,4,81.0426,0.0,-0.0,0.0,0.0,-0.0,0.0,81.0426
2023,1,28,5,81.0426,0.0,-0.0,0.0,0.0,-0.0,0.0,81.0426
2023,1,28,6,81.0426,0.0,-0.0,0.0,0.0,-0.0,0.0,81.0426
2023,1,28,7,81.0426,0.0,-0.0,0.0,0.0,-0.0,0.0,81.0426
2023,1,28,8,81.0426,187.66860038047494,187.6686003804749,103.8603273711678,0.0,97.17603157502923,2.842170943040401e-14,0.0
2023,1,28,9,81.0426,338.3091838070572,338.30918380705714,254.50091079775004,0.0,335.29764325811954,5.684341886080802e-14,0.0
2023,1,28,10,81.0426,463.8817842434883,463.8817842434883,380.0735112341812,0.0,690.910190063726,0.0,0.0
2023,1,28,11,81.0426,595.2094723589703,595.2094723589703,511.40119934966316,0.0,1169.3983708096932,0.0,0.0
2023,1,28,12,81.0426,350.2692177707988,350.2692177707988,266.46094476149165,0.0,1418.7102865050701,0.0,0.0
2023,1,28,13,81.0426,230.11043296776037,230.11043296776037,146.30215995845325,0.0,1555.5966576100814,0.0,0.0
2023,1,28,14,81.0426,127.8063810989199,127.8063810989199,43.99810808961277,0.0,1596.763113071733,0.0,0.0
2023,1,28,15,81.0426,81.40889525514402,81.40889525514402,0.0,0.0,1596.763113071733,0.0,2.320198288275731
2023,1,28,16,81.0426,0.0,-0.0,0.0,1.9776405213941912,1594.7551233523232,0.0,79.1302216158118
2023,1,28,17,81.0426,0.0,-0.0,0.0,83.80827300930713,1509.6607147458517,0.0,0.0
2023,1,28,18,81.0426,0.0,-0.0,0.0,83.80827300930713,1424.5663061393802,0.0,0.0
2023,1,28,19,81.0426,0.0,-0.0,0.0,83.80827300930713,1339.4718975329088,0.0,0.0
2023,1,28,20,81.0426,0.0,-0.0,0.0,83.80827300930713,1254.3774889264373,0.0,0.0
2023,1,28,21,81.0426,0.0,-0.0,0.0,83.80827300930713,1169.2830803199658,0.0,0.0
2023,1,28,22,81.0426,0.0,-0.0,0.0,83.80827300930713,1084.1886717134944,0.0,0.0
2023,1,28,23,81.0426,0.0,-0.0,0.0,83.80827300930713,999.0942631070228,0.0,0.0
2023,1,29,0,81.0426,0.0,-0.0,0.0,83.80827300930713,913.9998545005514,0.0,0.0
2023,1,29,1,81.0426,0.0,-0.0,0.0,83.80827300930713,828.9054458940799,0.0,0.0
2023,1,29,2,81.0426,0.0,-0.0,0.0,83.80827300930713,743.8110372876084,0.0,0.0
2023,1,29,3,81.0426,0.0,-0.0,0.0,83.80827300930713,658.716628681137,0.0,0.0
2023,1,29,4,81.0426,0.0,-0.0,0.0,83.80827300930713,573.6222200746655,0.0,0.0
2023,1,29,5,81.0426,0.0,-0.0,0.0,83.80827300930713,488.5278114681941,0.0,0.0
2023,1,29,6,81.0426,0.0,-0.0,0.0,83.80827300930713,403.43340286172264,0.0,0.0
2023,1,29,7,81.0426,0.0,-0.0,0.0,83.80827300930713,318.3389942552512,0.0,0.0
2023,1,29,8,81.0426,2.931837119516429,2.931837119516432,0.0,80.8764358897907,236.22141522487698,0.0,0.0
2023,1,29,9,81.0426,27.937770646820578,27.937770646820585,0.0,55.87050236248655,179.49351490703722,0.0,0.0
2023,1,29,10,81.0426,72.69094572515337,72.69094572515337,0.0,11.11732728415376,168.2055792825362,0.0,0.0
2023,1,29,11,81.0426,76.5380124216617,76.5380124216617,0.0,7.270260587645424,160.82374807534828,0.0,0.0
2023,1,29,12,81.0426,101.0010131490554,101.0010131490554,17.192740139748274,0.0,176.90998909701162,0.0,0.0
2023,1,29,13,81.0426,66.09819029766935,66.09819029766935,0.0,17.71008271163779,158.9281245315509,0.0,0.0
2023,1,29,14,81.0426,35.56985457699033,35.56985457699033,0.0,48.2384184323168,109.94943136418718,0.0,0.0
2023,1,29,15,81.0426,14.007666237689605,14.007666237689605,0.0,0.0,109.94943136418718,0.0,67.49718674815415
2023,1,29,16,81.0426,0.0,-0.0,0.0,83.80827300930713,24.85502275771594,0.0,0.0
2023,1,29,17,81.0426,0.0,-0.0,0.0,0.0,24.85502275771594,0.0,81.0426
2023,1,29,18,81.0426,0.0,-0.0,0.0,0.0,24.85502275771594,0.0,81.0426
2023,1,29,19,81.0426,0.0,-0.0,0.0,0.0,24.85502275771594,0.0,81.0426
2023,1,29,20,81.0426,0.0,-0.0,0.0,0.0,24.85502275771594,0.0,81.0426
2023,1,29,21,81.0426,0.0,-0.0,0.0,0.0,24.85502275771594,0.0,81.0426
2023,1,29,22,81.0426,0.0,-0.0,0.0,0.0,24.85502275771594,0.0,81.0426
2023,1,29,23,81.0426,0.0,-0.0,0.0,0.0,24.85502275771594,0.0,81.0426
2023,1,30,0,81.0426,0.0,-0.0,0.0,0.0,24.85502275771594,0.0,81.0426
2023,1,30,1,81.0426,0.0,-0.0,0.0,0.0,24.85502275771594,0.0,81.0426
2023,1,30,2,81.0426,0.0,-0.0,0.0,0.0,24.85502275771594,0.0,81.0426
2023,1,30,3,81.0426,0.0,-0.0,0.0,0.0,24.85502275771594,0.0,81.0426
2023,1,30,4,81.0426,0.0,-0.0,0.0,0.0,24.85502275771594,0.0,81.0426
2023,1,30,5,81.0426,0.0,-0.0,0.0,0.0,24.85502275771594,0.0,81.0426
2023,1,30,6,81.0426,0.0,-0.0,0.0,0.0,24.85502275771594,0.0,81.0426
2023,1,30,7,81.0426,0.0,-0.0,0.0,0.0,24.85502275771594,0.0,81.0426
2023,1,30,8,81.0426,0.9772790398388098,0.9772790398388098,0.0,0.0,24.85502275771594,0.0,80.09757116847587
2023,1,30,9,81.0426,43.62077238137671,43.62077238137671,0.0,0.0,24.85502275771594,0.0,38.861313107208716
2023,1,30,10,81.0426,58.636742390328585,58.636742390328585,0.0,0.0,24.85502275771594,0.0,24.340870108552252
2023,1,30,11,81.0426,135.76422470903591,135.76422470903591,51.95595169972879,0.0,73.46716688123942,0.0,0.0
2023,1,30,12,81.0426,129.37313003580434,129.37313003580434,45.56485702649721,0.0,116.09953765448796,0.0,0.0
2023,1,30,13,81.0426,194.57160312219352,194.57160312219352,110.7633301128864,0.0,219.73430500833382,0.0,0.0
2023,1,30,14,81.0426,273.37442093776735,273.37442093776735,189.56614792846023,0.0,397.10025833159057,0.0,0.0
2023,1,30,15,81.0426,147.04171458146155,147.04171458146155,63.23344157215442,0.0,456.2640898960119,0.0,0.0
2023,1,30,16,81.0426,0.0,-0.0,0.0,83.80827300930713,371.16968128954045,0.0,0.0
2023,1,30,17,81.0426,0.0,-0.0,0.0,83.80827300930713,286.075272683069,0.0,0.0
2023,1,30,18,81.0426,0.0,-0.0,0.0,83.80827300930713,200.98086407659756,0.0,0.0
2023,1,30,19,81.0426,0.0,-0.0,0.0,83.80827300930713,115.88645547012608,0.0,0.0
2023,1,30,20,81.0426,0.0,-0.0,0.0,0.0,115.88645547012608,0.0,81.0426
2023,1,30,21,81.0426,0.0,-0.0,0.0,83.80827300930713,30.792046863654623,0.0,0.0
2023,1,30,22,81.0426,0.0,-0.0,0.0,0.0,30.792046863654623,0.0,81.0426
2023,1,30,23,81.0426,0.0,-0.0,0.0,0.0,30.792046863654623,0.0,81.0426
2023,1,31,0,81.0426,0.0,-0.0,0.0,0.0,30.792046863654623,0.0,81.0426
2023,1,31,1,81.0426,0.0,-0.0,0.0,0.0,30.792046863654623,0.0,81.0426
2023,1,31,2,81.0426,0.0,-0.0,0.0,0.0,30.792046863654623,0.0,81.0426
2023,1,31,3,81.0426,0.0,-0.0,0.0,0.0,30.792046863654623,0.0,81.0426
2023,1,31,4,81.0426,0.0,-0.0,0.0,0.0,30.792046863654623,0.0,81.0426
2023,1,31,5,81.0426,0.0,-0.0,0.0,0.0,30.792046863654623,0.0,81.0426
2023,1,31,6,81.0426,0.0,-0.0,0.0,0.0,30.792046863654623,0.0,81.0426
2023,1,31,7,81.0426,0.0,-0.0,0.0,0.0,30.792046863654623,0.0,81.0426
2023,1,31,8,81.0426,110.51009333034413,110.51009333034413,26.701820321037005,0.0,55.77537784579995,0.0,0.0
2023,1,31,9,81.0426,303.809682464176,303.809682464176,220.00140945486888,0.0,261.61782464779384,0.0,0.0
2023,1,31,10,81.0426,255.6748116606867,255.6748116606867,171.86653865137956,0.0,422.4232891539053,0.0,0.0
2023,1,31,11,81.0426,269.71350262979973,269.71350262979973,185.90522962049263,0.0,596.3639354124414,0.0,0.0
2023,1,31,12,81.0426,119.10394393464097,119.10394393464098,35.295670925333845,0.0,629.3880295888886,0.0,0.0
2023,1,31,13,81.0426,66.54804890330942,66.54804890330944,0.0,17.260224105997704,611.862927233517,0.0,0.0
2023,1,31,14,81.0426,33.63080886302444,33.63080886302445,0.0,50.17746414628269,560.9154314364592,0.0,0.0
2023,1,31,15,81.0426,34.220278760070066,34.22027876006999,0.0,49.58799424923713,510.56645163882837,7.815970093361102e-14,0.0
2023,1,31,16,81.0426,0.0,-0.0,0.0,83.80827300930713,425.47204303235696,0.0,0.0
2023,1,31,17,81.0426,0.0,-0.0,0.0,83.80827300930713,340.37763442588556,0.0,0.0
2023,1,31,18,81.0426,0.0,-0.0,0.0,83.80827300930713,255.28322581941416,0.0,0.0
2023,1,31,19,81.0426,0.0,-0.0,0.0,83.80827300930713,170.18881721294278,0.0,0.0
2023,1,31,20,81.0426,0.0,-0.0,0.0,83.80827300930713,85.09440860647139,0.0,0.0
2023,1,31,21,81.0426,0.0,-0.0,0.0,83.80827300930713,-0.0,0.0,0.0
2023,1,31,22,81.0426,0.0,-0.0,0.0,0.0,-0.0,0.0,81.0426
2023,1,31,23,81.0426,0.0,-0.0,0.0,0.0,0.0,0.0,81.0426
2023,2,1,0,81.0426,0.0,-0.0,0.0,-0.0,0.0,0.0,81.0426
2023,2,1,1,81.0426,0.0,-0.0,0.0,0.0,-0.0,0.0,81.0426
2023,2,1,2,81.0426,0.0,-0.0,0.0,0.0,-0.0,0.0,81.0426
2023,2,1,3,81.0426,0.0,-0.0,0.0,-0.0,0.0,0.0,81.0426
2023,2,1,4,81.0426,0.0,-0.0,0.0,0.0,-0.0,0.0,81.0426
2023,2,1,5,81.0426,0.0,-0.0,0.0,-0.0,0.0,0.0,81.0426
2023,2,1,6,81.0426,0.0,-0.0,0.0,0.0,-0.0,0.0,81.0426
2023,2,1,7,81.0426,0.0,-0.0,0.0,-0.0,0.0,0.0,81.0426
2023,2,1,8,81.0426,23.858018464636338,23.858018464636338,0.0,-0.0,-0.0,0.0,57.97189614469666
2023,2,1,9,81.0426,78.22886028423997,78.22886028423997,0.0,0.0,-0.0,0.0,5.395292105139943
2023,2,1,10,81.0426,78.18232318710479,78.18232318710479,0.0,0.0,0.0,0.0,5.440293478069668
2023,2,1,11,81.0426,96.34730343553726,96.34730343553726,12.539030426230127,0.0,11.732037125831855,0.0,0.0
2023,2,1,12,81.0426,156.17849798566883,156.17849798566883,72.37022497636171,0.0,79.44462233906891,0.0,0.0
2023,2,1,13,81.0426,265.9750224932735,265.9750224932735,182.16674948396638,0.0,249.8873914679538,0.0,0.0
2023,2,1,14,81.0426,127.23242356758598,127.232423567586,43.42415055827885,0.0,290.51682844911977,0.0,0.0
2023,2,1,15,81.0426,73.51310110787492,73.5131011078749,0.0,10.295171901432216,280.0636651396092,1.4210854715202004e-14,0.0
2023,2,1,16,81.0426,0.2792225828109334,0.2792225828109327,0.0,83.5290504264962,195.2527641118137,6.661338147750939e-16,0.0
2023,2,1,17,81.0426,0.0,-0.0,0.0,83.80827300930713,110.1583555053423,0.0,0.0
2023,2,1,18,81.0426,0.0,-0.0,0.0,83.80827300930713,25.063946898870913,0.0,0.0
2023,2,1,19,81.0426,0.0,-0.0,0.0,24.685124895874807,0.0,0.0,57.172084225689055
2023,2,1,20,81.0426,0.0,-0.0,0.0,0.0,-0.0,0.0,81.0426
2023,2,1,21,81.0426,0.0,-0.0,0.0,-0.0,0.0,0.0,81.0426
2023,2,1,22,81.0426,0.0,-0.0,0.0,0.0,-0.0,0.0,81.0426
2023,2,1,23,81.0426,0.0,-0.0,0.0,-0.0,0.0,0.0,81.0426
2023,2,2,0,81.0426,0.0,-0.0,0.0,-0.0,0.0,0.0,81.0426
2023,2,2,1,81.0426,0.0,-0.0,0.0,-0.0,0.0,0.0,81.0426
2023,2,2,2,81.0426,0.0,-0.0,0.0,-0.0,0.0,0.0,81.0426
2023,2,2,3,81.0426,0.0,-0.0,0.0,0.0,-0.0,0.0,81.0426
2023,2,2,4,81.0426,0.0,-0.0,0.0,-0.0,0.0,0.0,81.0426
2023,2,2,5,81.0426,0.0,-0.0,0.0,-0.0,0.0,0.0,81.0426
2023,2,2,6,81.0426,0.0,-0.0,0.0,-0.0,0.0,0.0,81.0426
2023,2,2,7,81.0426,0.0,-0.0,0.0,0.0,-0.0,0.0,81.0426
2023,2,2,8,81.0426,56.03066495075842,56.03066495075842,0.0,-0.0,0.0,0.0,26.8609469926166
2023,2,2,9,81.0426,208.78093011413554,83.80827300930713,0.0,0.0,0.0,124.97265710482841,0.0
2023,2,2,10,81.0426,360.91070064904363,83.80827300930713,0.0,0.0,-0.0,277.1024276397365,0.0
2023,2,2,11,81.0426,862.6581695948579,612.6744266259121,528.866153616605,0.0,494.8291165995157,249.98374296894576,0.0
2023,2,2,12,81.0426,792.7594496978154,792.7594496978154,708.9511766885082,0.0,1158.1532527235242,0.0,0.0
2023,2,2,13,81.0426,685.956811772574,685.956811772574,602.148538763267,0.0,1721.5484094382032,0.0,0.0
2023,2,2,14,81.0426,524.7523072963055,524.7523072963055,440.9440342869984,0.0,2134.1139432012837,0.0,0.0
2023,2,2,15,81.0426,202.28124888092188,202.28124888092188,118.47297587161474,0.0,2244.9621750092233,0.0,0.0
2023,2,2,16,81.0426,1.7684096911368938,1.7684096911368938,0.0,82.03986331817023,2161.663314401033,0.0,0.0
2023,2,2,17,81.0426,0.0,0.0,0.0,83.80827300930713,2076.5689057945615,0.0,0.0
2023,2,2,18,81.0426,0.0,0.0,0.0,83.80827300930713,1991.4744971880903,0.0,0.0
2023,2,2,19,81.0426,0.0,0.0,0.0,83.80827300930713,1906.3800885816188,0.0,0.0
2023,2,2,20,81.0426,0.0,0.0,0.0,83.80827300930713,1821.2856799751473,0.0,0.0
2023,2,2,21,81.0426,0.0,0.0,0.0,83.80827300930713,1736.1912713686759,0.0,0.0
2023,2,2,22,81.0426,0.0,0.0,0.0,83.80827300930713,1651.0968627622044,0.0,0.0
2023,2,2,23,81.0426,0.0,0.0,0.0,83.80827300930713,1566.002454155733,0.0,0.0
2023,2,3,0,81.0426,0.0,0.0,0.0,83.80827300930713,1480.9080455492615,0.0,0.0
2023,2,3,1,81.0426,0.0,0.0,0.0,83.80827300930713,1395.81363694279,0.0,0.0
2023,2,3,2,81.0426,0.0,0.0,0.0,83.80827300930713,1310.7192283363186,0.0,0.0
2023,2,3,3,81.0426,0.0,0.0,0.0,83.80827300930713,1225.624819729847,0.0,0.0
2023,2,3,4,81.0426,0.0,0.0,0.0,83.80827300930713,1140.5304111233756,0.0,0.0
2023,2,3,5,81.0426,0.0,0.0,0.0,83.80827300930713,1055.4360025169042,0.0,0.0
2023,2,3,6,81.0426,0.0,0.0,0.0,83.80827300930713,970.3415939104328,0.0,0.0
2023,2,3,7,81.0426,0.0,0.0,0.0,83.80827300930713,885.2471853039615,0.0,0.0
2023,2,3,8,81.0426,2.683639268128795,2.683639268128795,0.0,81.12463374117833,802.8775995369866,0.0,0.0
2023,2,3,9,81.0426,9.183320501342466,9.183320501342466,0.0,74.62495250796466,727.1074401847462,0.0,0.0
2023,2,3,10,81.0426,12.285793643687894,12.285793643687894,0.0,71.52247936561923,654.4873650400164,0.0,0.0
2023,2,3,11,81.0426,25.812576544313956,25.812576544313956,0.0,57.99569646499317,595.6016570400321,0.0,0.0
2023,2,3,12,81.0426,50.60133695165377,50.60133695165377,0.0,33.20693605765336,561.8851218580566,0.0,0.0
2023,2,3,13,81.0426,377.7881545434026,377.7881545434026,293.97988153409545,0.0,836.9448965907827,0.0,0.0
2023,2,3,14,81.0426,499.715349037578,499.715349037578,415.90707602827086,0.0,1226.0848133942907,0.0,0.0
2023,2,3,15,81.0426,228.27997381377642,228.27997381377642,144.4717008044693,0.0,1361.2585309669414,0.0,0.0
2023,2,3,16,81.0426,0.24819785138763423,0.24819785138763423,0.0,83.5600751579195,1276.4161290970708,0.0,0.0
2023,2,3,17,81.0426,0.0,0.0,0.0,83.80827300930713,1191.3217204905993,0.0,0.0
2023,2,3,18,81.0426,0.0,0.0,0.0,83.80827300930713,1106.2273118841279,0.0,0.0
2023,2,3,19,81.0426,0.0,0.0,0.0,83.80827300930713,1021.1329032776565,0.0,0.0
2023,2,3,20,81.0426,0.0,0.0,0.0,83.80827300930713,936.0384946711852,0.0,0.0
2023,2,3,21,81.0426,0.0,0.0,0.0,83.80827300930713,850.9440860647138,0.0,0.0
2023,2,3,22,81.0426,0.0,0.0,0.0,83.80827300930713,765.8496774582425,0.0,0.0
2023,2,3,23,81.0426,0.0,0.0,0.0,83.80827300930713,680.7552688517711,0.0,0.0
2023,2,4,0,81.0426,0.0,0.0,0.0,83.80827300930713,595.6608602452998,0.0,0.0
2023,2,4,1,81.0426,0.0,0.0,0.0,83.80827300930713,510.56645163882837,0.0,0.0
2023,2,4,2,81.0426,0.0,0.0,0.0,83.80827300930713,425.47204303235696,0.0,0.0
2023,2,4,3,81.0426,0.0,0.0,0.0,83.80827300930713,340.37763442588556,0.0,0.0
2023,2,4,4,81.0426,0.0,0.0,0.0,83.80827300930713,255.28322581941416,0.0,0.0
2023,2,4,5,81.0426,0.0,0.0,0.0,83.80827300930713,170.18881721294278,0.0,0.0
2023,2,4,6,81.0426,0.0,0.0,0.0,83.80827300930713,85.09440860647139,0.0,0.0
2023,2,4,7,81.0426,0.0,0.0,0.0,83.80827300930713,0.0,0.0,0.0
2023,2,4,8,81.0426,366.6968130595178,83.80827300930713,0.0,0.0,0.0,282.8885400502107,0.0
2023,2,4,9,81.0426,744.1281831915509,83.80827300930713,0.0,0.0,0.0,660.3199101822438,0.0
2023,2,4,10,81.0426,1058.8740834824944,83.80827300930713,0.0,0.0,0.0,975.0658104731872,0.0
2023,2,4,11,81.0426,899.6086247201919,83.80827300930713,0.0,0.0,0.0,815.8003517108848,0.0
2023,2,4,12,81.0426,867.7617379140162,83.80827300930713,0.0,0.0,-0.0,783.9534649047091,0.0
2023,2,4,13,81.0426,1016.1375159466861,581.4910813181726,497.6828083088655,0.0,465.65268489609366,434.6464346285135,0.0
2023,2,4,14,81.0426,710.3732754028326,710.3732754028326,626.5650023935254,0.0,1051.892898050901,0.0,0.0
2023,2,4,15,81.0426,414.72309730302504,414.72309730302504,330.9148242937179,0.0,1361.5105377035422,0.0,0.0
2023,2,4,16,81.0426,2.2958301253356166,0.0,0.0,83.80827300930713,1276.4161290970708,2.2958301253356166,0.0
2023,2,4,17,81.0426,0.0,0.0,0.0,83.80827300930713,1191.3217204905993,0.0,0.0
2023,2,4,18,81.0426,0.0,0.0,0.0,83.80827300930713,1106.2273118841279,0.0,0.0
2023,2,4,19,81.0426,0.0,0.0,0.0,83.80827300930713,1021.1329032776565,0.0,0.0
2023,2,4,20,81.0426,0.0,0.0,0.0,83.80827300930713,936.0384946711852,0.0,0.0
2023,2,4,21,81.0426,0.0,0.0,0.0,83.80827300930713,850.9440860647138,0.0,0.0
2023,2,4,22,81.0426,0.0,0.0,0.0,83.80827300930713,765.8496774582425,0.0,0.0
2023,2,4,23,81.0426,0.0,0.0,0.0,83.80827300930713,680.7552688517711,0.0,0.0
2023,2,5,0,81.0426,0.0,0.0,0.0,83.80827300930713,595.6608602452998,0.0,0.0
2023,2,5,1,81.0426,0.0,0.0,0.0,83.80827300930713,510.56645163882837,0.0,0.0
2023,2,5,2,81.0426,0.0,0.0,0.0,83.80827300930713,425.47204303235696,0.0,0.0
2023,2,5,3,81.0426,0.0,0.0,0.0,83.80827300930713,340.37763442588556,0.0,0.0
2023,2,5,4,81.0426,0.0,0.0,0.0,83.80827300930713,255.28322581941416,0.0,0.0
2023,2,5,5,81.0426,0.0,0.0,0.0,83.80827300930713,170.18881721294278,0.0,0.0
2023,2,5,6,81.0426,0.0,0.0,0.0,83.80827300930713,85.09440860647139,0.0,0.0
2023,2,5,7,81.0426,0.0,0.0,0.0,83.80827300930713,0.0,0.0,0.0
2023,2,5,8,81.0426,272.8470005035686,83.80827300930713,0.0,0.0,0.0,189.03872749426148,0.0
2023,2,5,9,81.0426,487.53814195387224,83.80827300930713,0.0,0.0,0.0,403.7298689445651,0.0
2023,2,5,10,81.0426,727.747124999967,83.80827300930713,0.0,0.0,0.0,643.9388519906599,0.0
2023,2,5,11,81.0426,823.7996934869814,83.80827300930713,0.0,0.0,-0.0,739.9914204776742,0.0
2023,2,5,12,81.0426,728.4606938227065,459.849481005413,376.04120799610587,0.0,351.8397565910815,268.6112128172935,0.0
2023,2,5,13,81.0426,658.1121153200239,658.1121153200239,574.3038423107168,0.0,889.1822599957029,0.0,0.0
2023,2,5,14,81.0426,483.8461989144812,483.8461989144812,400.03792590517406,0.0,1263.474341514426,0.0,0.0
2023,2,5,15,81.0426,218.30552266113602,218.30552266113602,134.4972496518289,0.0,1389.3155487370116,0.0,0.0
2023,2,5,16,81.0426,60.00183057296057,60.00183057296057,0.0,23.806442436346558,1365.1437687037928,0.0,0.0
2023,2,5,17,81.0426,0.0,0.0,0.0,83.80827300930713,1280.0493600973214,0.0,0.0
2023,2,5,18,81.0426,0.0,0.0,0.0,83.80827300930713,1194.95495149085,0.0,0.0
2023,2,5,19,81.0426,0.0,0.0,0.0,83.80827300930713,1109.8605428843784,0.0,0.0
2023,2,5,20,81.0426,0.0,0.0,0.0,83.80827300930713,1024.766134277907,0.0,0.0
2023,2,5,21,81.0426,0.0,0.0,0.0,83.80827300930713,939.6717256714355,0.0,0.0
2023,2,5,22,81.0426,0.0,0.0,0.0,83.80827300930713,854.5773170649642,0.0,0.0
2023,2,5,23,81.0426,0.0,0.0,0.0,83.80827300930713,769.4829084584928,0.0,0.0
2023,2,6,0,81.0426,0.0,0.0,0.0,83.80827300930713,684.3884998520215,0.0,0.0
2023,2,6,1,81.0426,0.0,0.0,0.0,83.80827300930713,599.2940912455501,0.0,0.0
2023,2,6,2,81.0426,0.0,0.0,0.0,83.80827300930713,514.1996826390788,0.0,0.0
2023,2,6,3,81.0426,0.0,0.0,0.0,83.80827300930713,429.1052740326074,0.0,0.0
2023,2,6,4,81.0426,0.0,0.0,0.0,83.80827300930713,344.010865426136,0.0,0.0
2023,2,6,5,81.0426,0.0,0.0,0.0,83.80827300930713,258.9164568196646,0.0,0.0
2023,2,6,6,81.0426,0.0,0.0,0.0,83.80827300930713,173.82204821319317,0.0,0.0
2023,2,6,7,81.0426,0.0,0.0,0.0,83.80827300930713,88.7276396067218,0.0,0.0
2023,2,6,8,81.0426,31.47459002909436,31.47459002909436,0.0,52.33368298021277,35.590835285444214,0.0,0.0
2023,2,6,9,81.0426,48.755365431958396,48.755365431958396,0.0,35.05290757734873,0.0,0.0,0.0
2023,2,6,10,81.0426,380.208083594432,83.80827300930713,0.0,0.0,0.0,296.3998105851249,0.0
2023,2,6,11,81.0426,719.6806948298689,83.80827300930713,0.0,0.0,0.0,635.8724218205618,0.0
2023,2,6,12,81.0426,1108.3275053714806,83.80827300930713,0.0,0.0,0.0,1024.5192323621734,0.0
2023,2,6,13,81.0426,1035.0160650178582,83.80827300930713,0.0,0.0,-0.0,951.207792008551,0.0
2023,2,6,14,81.0426,897.5920171776673,888.8078939137982,804.9996209044912,0.0,753.1910456948699,8.784123263869105,0.0
2023,2,6,15,81.0426,565.8911011638061,565.8911011638061,482.08282815449894,0.0,1204.2477418970998,0.0,0.0
2023,2,6,16,81.0426,160.94079425916905,160.94079425916905,77.13252124986191,0.0,1276.4161290970708,0.0,0.0
2023,2,6,17,81.0426,0.0,0.0,0.0,83.80827300930713,1191.3217204905993,0.0,0.0
2023,2,6,18,81.0426,0.0,0.0,0.0,83.80827300930713,1106.2273118841279,0.0,0.0
2023,2,6,19,81.0426,0.0,0.0,0.0,83.80827300930713,1021.1329032776565,0.0,0.0
2023,2,6,20,81.0426,0.0,0.0,0.0,83.80827300930713,936.0384946711852,0.0,0.0
2023,2,6,21,81.0426,0.0,0.0,0.0,83.80827300930713,850.9440860647138,0.0,0.0
2023,2,6,22,81.0426,0.0,0.0,0.0,83.80827300930713,765.8496774582425,0.0,0.0
2023,2,6,23,81.0426,0.0,0.0,0.0,83.80827300930713,680.7552688517711,0.0,0.0
2023,2,7,0,81.0426,0.0,0.0,0.0,83.80827300930713,595.6608602452998,0.0,0.0
2023,2,7,1,81.0426,0.0,0.0,0.0,83.80827300930713,510.56645163882837,0.0,0.0
2023,2,7,2,81.0426,0.0,0.0,0.0,83.80827300930713,425.47204303235696,0.0,0.0
2023,2,7,3,81.0426,0.0,0.0,0.0,83.80827300930713,340.37763442588556,0.0,0.0
2023,2,7,4,81.0426,0.0,0.0,0.0,83.80827300930713,255.28322581941416,0.0,0.0
2023,2,7,5,81.0426,0.0,0.0,0.0,83.80827300930713,170.18881721294278,0.0,0.0
2023,2,7,6,81.0426,0.0,0.0,0.0,83.80827300930713,85.09440860647139,0.0,0.0
2023,2,7,7,81.0426,0.0,0.0,0.0,83.80827300930713,0.0,0.0,0.0
2023,2,7,8,81.0426,236.54806473812712,83.80827300930713,0.0,-0.0,0.0,152.73979172882,0.0
2023,2,7,9,81.0426,457.1804422560222,83.80827300930713,0.0,0.0,0.0,373.3721692467151,0.0
2023,2,7,10,81.0426,815.5781396597661,83.80827300930713,0.0,0.0,0.0,731.7698666504589,0.0
2023,2,7,11,81.0426,977.0463543531339,83.80827300930713,0.0,0.0,0.0,893.2380813438267,0.0
2023,2,7,12,81.0426,1033.3097047895683,83.80827300930713,0.0,0.0,-0.0,949.5014317802611,0.0
2023,2,7,13,81.0426,1128.090259288221,104.77686718053064,20.968594171223508,0.0,19.61908671811534,1023.3133921076903,0.0
2023,2,7,14,81.0426,910.8861145926177,910.8861145926177,827.0778415833105,0.0,793.46743173131,0.0,0.0
2023,2,7,15,81.0426,521.4016363025726,521.4016363025726,437.59336329326544,0.0,1202.897938689392,0.0,0.0
2023,2,7,16,81.0426,162.3834442703597,162.3834442703597,78.57517126105256,0.0,1276.4161290970708,0.0,0.0
2023,2,7,17,81.0426,0.0,0.0,0.0,83.80827300930713,1191.3217204905993,0.0,0.0
2023,2,7,18,81.0426,0.0,0.0,0.0,83.80827300930713,1106.2273118841279,0.0,0.0
2023,2,7,19,81.0426,0.0,0.0,0.0,83.80827300930713,1021.1329032776565,0.0,0.0
2023,2,7,20,81.0426,0.0,0.0,0.0,83.80827300930713,936.0384946711852,0.0,0.0
2023,2,7,21,81.0426,0.0,0.0,0.0,83.80827300930713,850.9440860647138,0.0,0.0
2023,2,7,22,81.0426,0.0,0.0,0.0,83.80827300930713,765.8496774582425,0.0,0.0
2023,2,7,23,81.0426,0.0,0.0,0.0,83.80827300930713,680.7552688517711,0.0,0.0
2023,2,8,0,81.0426,0.0,0.0,0.0,83.80827300930713,595.6608602452998,0.0,0.0
2023,2,8,1,81.0426,0.0,0.0,0.0,83.80827300930713,510.56645163882837,0.0,0.0
2023,2,8,2,81.0426,0.0,0.0,0.0,83.80827300930713,425.47204303235696,0.0,0.0
2023,2,8,3,81.0426,0.0,0.0,0.0,83.80827300930713,340.37763442588556,0.0,0.0
2023,2,8,4,81.0426,0.0,0.0,0.0,83.80827300930713,255.28322581941416,0.0,0.0
2023,2,8,5,81.0426,0.0,0.0,0.0,83.80827300930713,170.18881721294278,0.0,0.0
2023,2,8,6,81.0426,0.0,0.0,0.0,83.80827300930713,85.09440860647139,0.0,0.0
2023,2,8,7,81.0426,0.0,0.0,0.0,83.80827300930713,0.0,0.0,0.0
2023,2,8,8,81.0426,258.6997229744735,83.80827300930713,0.0,-0.0,0.0,174.89144996516637,0.0
2023,2,8,9,81.0426,654.2185115263803,83.80827300930713,0.0,0.0,0.0,570.4102385170731,0.0
2023,2,8,10,81.0426,960.6808085272617,83.80827300930713,0.0,0.0,0.0,876.8725355179545,0.0
2023,2,8,11,81.0426,1252.6700683191016,83.80827300930713,0.0,0.0,0.0,1168.8617953097944,0.0
2023,2,8,12,81.0426,1270.1369921105065,83.80827300930713,0.0,0.0,0.0,1186.3287191011993,0.0
2023,2,8,13,81.0426,1242.4319069493615,83.80827300930713,0.0,0.0,-0.0,1158.6236339400543,0.0
2023,2,8,14,81.0426,1003.9447964972687,763.8557881058362,680.0475150965291,0.0,636.2806710917979,240.08900839143257,0.0
2023,2,8,15,81.0426,639.2490786145635,639.2490786145635,555.4408056052564,0.0,1155.974134705316,0.0,0.0
2023,2,8,16,81.0426,212.5349226163735,212.5349226163735,128.72664960706638,0.0,1276.4161290970708,0.0,0.0
2023,2,8,17,81.0426,0.0,0.0,0.0,83.80827300930713,1191.3217204905993,0.0,0.0
2023,2,8,18,81.0426,0.0,0.0,0.0,83.80827300930713,1106.2273118841279,0.0,0.0
2023,2,8,19,81.0426,0.0,0.0,0.0,83.80827300930713,1021.1329032776565,0.0,0.0
2023,2,8,20,81.0426,0.0,0.0,0.0,83.80827300930713,936.0384946711852,0.0,0.0
2023,2,8,21,81.0426,0.0,0.0,0.0,83.80827300930713,850.9440860647138,0.0,0.0
2023,2,8,22,81.0426,0.0,0.0,0.0,83.80827300930713,765.8496774582425,0.0,0.0
2023,2,8,23,81.0426,0.0,0.0,0.0,83.80827300930713,680.7552688517711,0.0,0.0
2023,2,9,0,81.0426,0.0,0.0,0.0,83.80827300930713,595.6608602452998,0.0,0.0
2023,2,9,1,81.0426,0.0,0.0,0.0,83.80827300930713,510.56645163882837,0.0,0.0
2023,2,9,2,81.0426,0.0,0.0,0.0,83.80827300930713,425.47204303235696,0.0,0.0
2023,2,9,3,81.0426,0.0,0.0,0.0,83.80827300930713,340.37763442588556,0.0,0.0
2023,2,9,4,81.0426,0.0,0.0,0.0,83.80827300930713,255.28322581941416,0.0,0.0
2023,2,9,5,81.0426,0.0,0.0,0.0,83.80827300930713,170.18881721294278,0.0,0.0
2023,2,9,6,81.0426,0.0,0.0,0.0,83.80827300930713,85.09440860647139,0.0,0.0
2023,2,9,7,81.0426,0.0,0.0,0.0,83.80827300930713,0.0,0.0,0.0
2023,2,9,8,81.0426,453.1937642681082,83.80827300930713,0.0,0.0,0.0,369.3854912588011,0.0
2023,2,9,9,81.0426,867.5135400626284,83.80827300930713,0.0,0.0,0.0,783.7052670533212,0.0
2023,2,9,10,81.0426,1155.2834363808786,83.80827300930713,0.0,0.0,0.0,1071.4751633715714,0.0
2023,2,9,11,81.0426,1327.7964554609962,83.80827300930713,0.0,0.0,0.0,1243.988182451689,0.0
2023,2,9,12,81.0426,1354.694897605131,83.80827300930713,0.0,0.0,0.0,1270.8866245958238,0.0
2023,2,9,13,81.0426,1228.7965374887535,717.0054802185427,633.1972072092357,0.0,592.4455791583276,511.7910572702108,0.0
2023,2,9,14,81.0426,997.6467760183075,997.6467760183075,913.8385030090004,0.0,1447.470798802805,0.0,0.0
2023,2,9,15,81.0426,623.5815892457192,623.5815892457192,539.7733162364121,0.0,1952.5051093003574,0.0,0.0
2023,2,9,16,81.0426,162.39895663607126,162.39895663607126,78.59068362676412,0.0,2026.037813721022,0.0,0.0
2023,2,9,17,81.0426,0.0,0.0,0.0,83.80827300930713,1940.9434051145506,0.0,0.0
2023,2,9,18,81.0426,0.0,0.0,0.0,83.80827300930713,1855.8489965080792,0.0,0.0
2023,2,9,19,81.0426,0.0,0.0,0.0,83.80827300930713,1770.7545879016077,0.0,0.0
2023,2,9,20,81.0426,0.0,0.0,0.0,83.80827300930713,1685.6601792951362,0.0,0.0
2023,2,9,21,81.0426,0.0,0.0,0.0,83.80827300930713,1600.5657706886648,0.0,0.0
2023,2,9,22,81.0426,0.0,0.0,0.0,83.80827300930713,1515.4713620821933,0.0,0.0
2023,2,9,23,81.0426,0.0,0.0,0.0,83.80827300930713,1430.3769534757218,0.0,0.0
2023,2,10,0,81.0426,0.0,0.0,0.0,83.80827300930713,1345.2825448692504,0.0,0.0
2023,2,10,1,81.0426,0.0,0.0,0.0,83.80827300930713,1260.188136262779,0.0,0.0
2023,2,10,2,81.0426,0.0,0.0,0.0,83.80827300930713,1175.0937276563075,0.0,0.0
2023,2,10,3,81.0426,0.0,0.0,0.0,83.80827300930713,1089.999319049836,0.0,0.0
2023,2,10,4,81.0426,0.0,0.0,0.0,83.80827300930713,1004.9049104433645,0.0,0.0
2023,2,10,5,81.0426,0.0,0.0,0.0,83.80827300930713,919.8105018368932,0.0,0.0
2023,2,10,6,81.0426,0.0,0.0,0.0,83.80827300930713,834.7160932304218,0.0,0.0
2023,2,10,7,81.0426,0.0,0.0,0.0,83.80827300930713,749.6216846239505,0.0,0.0
2023,2,10,8,81.0426,42.64349334153775,42.64349334153775,0.0,41.16477966776938,707.8251834497105,0.0,0.0
2023,2,10,9,81.0426,138.5254258057232,138.5254258057232,54.71715279641605,0.0,759.0208218847604,0.0,0.0
2023,2,10,10,81.0426,373.2585437555784,373.2585437555784,289.45027074627126,0.0,1029.8425048255442,0.0,0.0
2023,2,10,11,81.0426,400.51377031108296,400.51377031108296,316.70549730177584,0.0,1326.1653085829137,0.0,0.0
2023,2,10,12,81.0426,387.8711922560253,387.8711922560253,304.0629192467182,0.0,1610.659191756608,0.0,0.0
2023,2,10,13,81.0426,503.22114368842824,503.22114368842824,419.4128706791211,0.0,2003.0792754949755,0.0,0.0
2023,2,10,14,81.0426,391.6406971239749,391.6406971239749,307.8324241146678,0.0,2291.100063824293,0.0,0.0
2023,2,10,15,81.0426,239.46438949193185,239.46438949193185,155.65611648262472,0.0,2436.7383847599253,0.0,0.0
2023,2,10,16,81.0426,46.31992401521724,46.31992401521725,0.0,37.48834899408989,2398.6747333715853,0.0,0.0
2023,2,10,17,81.0426,0.0,-0.0,0.0,83.80827300930713,2313.580324765114,0.0,0.0
2023,2,10,18,81.0426,0.0,-0.0,0.0,83.80827300930713,2228.4859161586423,0.0,0.0
2023,2,10,19,81.0426,0.0,-0.0,0.0,83.80827300930713,2143.391507552171,0.0,0.0
2023,2,10,20,81.0426,0.0,-0.0,0.0,83.80827300930713,2058.2970989457,0.0,0.0
2023,2,10,21,81.0426,0.0,-0.0,0.0,83.80827300930713,1973.2026903392284,0.0,0.0
2023,2,10,22,81.0426,0.0,-0.0,0.0,83.80827300930713,1888.108281732757,0.0,0.0
2023,2,10,23,81.0426,0.0,-0.0,0.0,83.80827300930713,1803.0138731262855,0.0,0.0
2023,2,11,0,81.0426,0.0,-0.0,0.0,83.80827300930713,1717.9194645198143,0.0,0.0
2023,2,11,1,81.0426,0.0,-0.0,0.0,83.80827300930713,1632.8250559133428,0.0,0.0
2023,2,11,2,81.0426,0.0,-0.0,0.0,83.80827300930713,1547.7306473068716,0.0,0.0
2023,2,11,3,81.0426,0.0,-0.0,0.0,83.80827300930713,1462.6362387004,0.0,0.0
2023,2,11,4,81.0426,0.0,-0.0,0.0,83.80827300930713,1377.5418300939286,0.0,0.0
2023,2,11,5,81.0426,0.0,-0.0,0.0,83.80827300930713,1292.4474214874572,0.0,0.0
2023,2,11,6,81.0426,0.0,-0.0,0.0,83.80827300930713,1207.353012880986,0.0,0.0
2023,2,11,7,81.0426,0.0,-0.0,0.0,83.80827300930713,1122.2586042745145,0.0,0.0
2023,2,11,8,81.0426,14.131765163383424,14.131765163383422,0.0,69.67650784592371,1051.5128292332533,1.7763568394002505e-15,0.0
2023,2,11,9,81.0426,28.99261151521802,28.992611515218016,0.0,54.81566149408911,995.8559575459674,3.552713678800501e-15,0.0
2023,2,11,10,81.0426,44.03960625559334,44.03960625559335,0.0,39.76866675371379,955.4769942651072,0.0,0.0
2023,2,11,11,81.0426,58.822890778869315,58.822890778869315,0.0,24.985382230437814,930.1081822330345,0.0,0.0
2023,2,11,12,81.0426,76.38288876454443,76.38288876454443,0.0,7.4253842447627,922.5688468154711,0.0,0.0
2023,2,11,13,81.0426,39.15321105639929,39.15321105639929,0.0,44.655061952907836,877.228500907782,0.0,0.0
2023,2,11,14,81.0426,24.928371698745515,24.928371698745515,0.0,58.879901310561614,817.4450189086573,0.0,0.0
2023,2,11,15,81.0426,7.911306512980685,7.911306512980689,0.0,75.89696649632644,740.3833250313371,0.0,0.0
2023,2,11,16,81.0426,0.0,-0.0,0.0,83.80827300930713,655.2889164248658,0.0,0.0
2023,2,11,17,81.0426,0.0,-0.0,0.0,83.80827300930713,570.1945078183943,0.0,0.0
2023,2,11,18,81.0426,0.0,-0.0,0.0,83.80827300930713,485.10009921192295,0.0,0.0
2023,2,11,19,81.0426,0.0,-0.0,0.0,83.80827300930713,400.00569060545155,0.0,0.0
2023,2,11,20,81.0426,0.0,-0.0,0.0,83.80827300930713,314.91128199898014,0.0,0.0
2023,2,11,21,81.0426,0.0,-0.0,0.0,83.80827300930713,229.81687339250877,0.0,0.0
2023,2,11,22,81.0426,0.0,-0.0,0.0,83.80827300930713,144.72246478603736,0.0,0.0
2023,2,11,23,81.0426,0.0,-0.0,0.0,83.80827300930713,59.62805617956598,0.0,0.0
2023,2,12,0,81.0426,0.0,-0.0,0.0,0.0,59.62805617956598,0.0,81.0426
2023,2,12,1,81.0426,0.0,-0.0,0.0,57.802204918122236,0.9388090796829499,0.0,25.147867844175792
2023,2,12,2,81.0426,0.0,-0.0,0.0,0.0,0.9388090796829499,0.0,81.0426
2023,2,12,3,81.0426,0.0,-0.0,0.0,0.0,0.9388090796829499,0.0,81.0426
2023,2,12,4,81.0426,0.0,-0.0,0.0,0.0,0.9388090796829499,0.0,81.0426
2023,2,12,5,81.0426,0.0,-0.0,0.0,0.0,0.9388090796829499,0.0,81.0426
2023,2,12,6,81.0426,0.0,-0.0,0.0,0.0,0.9388090796829499,0.0,81.0426
2023,2,12,7,81.0426,0.0,-0.0,0.0,0.0,0.9388090796829499,0.0,81.0426
2023,2,12,8,81.0426,26.61921956132377,26.61921956132377,0.0,0.0,0.9388090796829499,0.0,55.301814684199904
2023,2,12,9,81.0426,53.28497621978272,53.28497621978272,0.0,0.0,0.9388090796829499,0.0,29.516027995470104
2023,2,12,10,81.0426,82.89808236346967,82.89808236346967,0.0,0.0,0.9388090796829499,0.0,0.8801543545248255
2023,2,12,11,81.0426,114.65189497537528,114.6518949753753,30.84362196606816,0.0,29.797381529118113,0.0,0.0
2023,2,12,12,81.0426,109.06744331915351,109.06744331915351,25.25917030984638,0.0,53.43090930355567,0.0,0.0
2023,2,12,13,81.0426,84.46483130035426,84.46483130035426,0.6565582910471385,0.0,54.04521248203144,0.0,0.0
2023,2,12,14,81.0426,73.69924949641563,73.69924949641563,0.0,10.109023512891499,43.78105422497146,0.0,0.0
2023,2,12,15,81.0426,69.06105214860922,69.06105214860922,0.0,0.0,43.781054224971456,0.0,14.260562572294878
2023,2,12,16,81.0426,40.68893526186029,40.68893526186029,0.0,43.11933774744684,0.0,0.0,0.0
2023,2,12,17,81.0426,0.0,-0.0,0.0,-0.0,0.0,0.0,81.0426
2023,2,12,18,81.0426,0.0,-0.0,0.0,0.0,-0.0,0.0,81.0426
2023,2,12,19,81.0426,0.0,-0.0,0.0,0.0,-0.0,0.0,81.0426
2023,2,12,20,81.0426,0.0,-0.0,0.0,-0.0,0.0,0.0,81.0426
2023,2,12,21,81.0426,0.0,-0.0,0.0,-0.0,0.0,0.0,81.0426
2023,2,12,22,81.0426,0.0,-0.0,0.0,-0.0,0.0,0.0,81.0426
2023,2,12,23,81.0426,0.0,-0.0,0.0,-0.0,0.0,0.0,81.0426
2023,2,13,0,81.0426,0.0,-0.0,0.0,-0.0,0.0,0.0,81.0426
2023,2,13,1,81.0426,0.0,-0.0,0.0,-0.0,0.0,0.0,81.0426
2023,2,13,2,81.0426,0.0,-0.0,0.0,0.0,-0.0,0.0,81.0426
2023,2,13,3,81.0426,0.0,-0.0,0.0,-0.0,0.0,0.0,81.0426
2023,2,13,4,81.0426,0.0,-0.0,0.0,-0.0,0.0,0.0,81.0426
2023,2,13,5,81.0426,0.0,-0.0,0.0,0.0,-0.0,0.0,81.0426
2023,2,13,6,81.0426,0.0,-0.0,0.0,0.0,-0.0,0.0,81.0426
2023,2,13,7,81.0426,0.0,-0.0,0.0,-0.0,0.0,0.0,81.0426
2023,2,13,8,81.0426,138.74259892568736,83.80827300930713,0.0,0.0,0.0,54.93432591638023,0.0
2023,2,13,9,81.0426,311.24010564009313,83.80827300930713,0.0,0.0,-0.0,227.431832630786,0.0
2023,2,13,10,81.0426,558.1659430393659,207.23633728582882,123.42806427652168,0.0,115.4844181119891,350.92960575353703,0.0
2023,2,13,11,81.0426,508.0765141561989,508.0765141561989,424.2682411468918,0.0,512.4473879150073,0.0,0.0
2023,2,13,12,81.0426,459.9571557184214,459.9571557184214,376.1488827091143,0.0,864.3878894351294,0.0,0.0
2023,2,13,13,81.0426,425.76790168977476,425.76790168977476,341.95962868046763,0.0,1184.3395063338771,0.0,0.0
2023,2,13,14,81.0426,161.96461039614306,161.96461039614306,78.15633738683593,0.0,1257.4658183909312,0.0,0.0
2023,2,13,15,81.0426,157.21782648835455,157.21782648835455,73.40955347904742,0.0,1326.1508424742372,0.0,0.0
2023,2,13,16,81.0426,34.82526102282727,34.82526102282727,0.0,48.983011986479866,1276.4161290970708,0.0,0.0
2023,2,13,17,81.0426,0.0,0.0,0.0,83.80827300930713,1191.3217204905993,0.0,0.0
2023,2,13,18,81.0426,0.0,0.0,0.0,83.80827300930713,1106.2273118841279,0.0,0.0
2023,2,13,19,81.0426,0.0,0.0,0.0,83.80827300930713,1021.1329032776565,0.0,0.0
2023,2,13,20,81.0426,0.0,0.0,0.0,83.80827300930713,936.0384946711852,0.0,0.0
2023,2,13,21,81.0426,0.0,0.0,0.0,83.80827300930713,850.9440860647138,0.0,0.0
2023,2,13,22,81.0426,0.0,0.0,0.0,83.80827300930713,765.8496774582425,0.0,0.0
2023,2,13,23,81.0426,0.0,0.0,0.0,83.80827300930713,680.7552688517711,0.0,0.0
2023,2,14,0,81.0426,0.0,0.0,0.0,83.80827300930713,595.6608602452998,0.0,0.0
2023,2,14,1,81.0426,0.0,0.0,0.0,83.80827300930713,510.56645163882837,0.0,0.0
2023,2,14,2,81.0426,0.0,0.0,0.0,83.80827300930713,425.47204303235696,0.0,0.0
2023,2,14,3,81.0426,0.0,0.0,0.0,83.80827300930713,340.37763442588556,0.0,0.0
2023,2,14,4,81.0426,0.0,0.0,0.0,83.80827300930713,255.28322581941416,0.0,0.0
2023,2,14,5,81.0426,0.0,0.0,0.0,83.80827300930713,170.18881721294278,0.0,0.0
2023,2,14,6,81.0426,0.0,0.0,0.0,83.80827300930713,85.09440860647139,0.0,0.0
2023,2,14,7,81.0426,0.0,0.0,0.0,83.80827300930713,0.0,0.0,0.0
2023,2,14,8,81.0426,253.34795680392762,83.80827300930713,0.0,-0.0,0.0,169.5396837946205,0.0
2023,2,14,9,81.0426,390.9891777640825,83.80827300930713,0.0,0.0,0.0,307.1809047547754,0.0
2023,2,14,10,81.0426,669.5447288495668,83.80827300930713,0.0,0.0,0.0,585.7364558402596,0.0
2023,2,14,11,81.0426,785.0342915733753,83.80827300930713,0.0,0.0,-0.0,701.2260185640682,0.0
2023,2,14,12,81.0426,635.588160306596,244.53824331203754,160.7299703027304,0.0,150.38562908985773,391.0499169945585,0.0
2023,2,14,13,81.0426,662.3469911593254,662.3469911593254,578.5387181500183,0.0,691.6904580396856,0.0,0.0
2023,2,14,14,81.0426,488.0965871194944,488.0965871194944,404.2883141101873,0.0,1069.9593791166012,0.0,0.0
2023,2,14,15,81.0426,259.14958158011353,259.14958158011353,175.3413085708064,0.0,1234.0159825316,0.0,0.0
2023,2,14,16,81.0426,129.1249321844167,129.1249321844167,45.31665917510958,0.0,1276.4161290970708,0.0,0.0
2023,2,14,17,81.0426,0.0,0.0,0.0,83.80827300930713,1191.3217204905993,0.0,0.0
2023,2,14,18,81.0426,0.0,0.0,0.0,83.80827300930713,1106.2273118841279,0.0,0.0
2023,2,14,19,81.0426,0.0,0.0,0.0,83.80827300930713,1021.1329032776565,0.0,0.0
2023,2,14,20,81.0426,0.0,0.0,0.0,83.80827300930713,936.0384946711852,0.0,0.0
2023,2,14,21,81.0426,0.0,0.0,0.0,83.80827300930713,850.9440860647138,0.0,0.0
2023,2,14,22,81.0426,0.0,0.0,0.0,83.80827300930713,765.8496774582425,0.0,0.0
2023,2,14,23,81.0426,0.0,0.0,0.0,83.80827300930713,680.7552688517711,0.0,0.0
2023,2,15,0,81.0426,0.0,0.0,0.0,83.80827300930713,595.6608602452998,0.0,0.0
2023,2,15,1,81.0426,0.0,0.0,0.0,83.80827300930713,510.56645163882837,0.0,0.0
2023,2,15,2,81.0426,0.0,0.0,0.0,83.80827300930713,425.47204303235696,0.0,0.0
2023,2,15,3,81.0426,0.0,0.0,0.0,83.80827300930713,340.37763442588556,0.0,0.0
2023,2,15,4,81.0426,0.0,0.0,0.0,83.80827300930713,255.28322581941416,0.0,0.0
2023,2,15,5,81.0426,0.0,0.0,0.0,83.80827300930713,170.18881721294278,0.0,0.0
2023,2,15,6,81.0426,0.0,0.0,0.0,83.80827300930713,85.09440860647139,0.0,0.0
2023,2,15,7,81.0426,0.2637102170993614,0.0,0.0,83.80827300930713,0.0,0.2637102170993614,0.0
2023,2,15,8,81.0426,455.44305729630884,83.80827300930713,0.0,0.0,0.0,371.6347842870017,0.0
2023,2,15,9,81.0426,810.8934052148244,83.80827300930713,0.0,0.0,0.0,727.0851322055173,0.0
2023,2,15,10,81.0426,1123.7312845232257,83.80827300930713,0.0,0.0,0.0,1039.9230115139185,0.0
2023,2,15,11,81.0426,1277.2881927036126,83.80827300930713,0.0,0.0,0.0,1193.4799196943054,0.0
2023,2,15,12,81.0426,1333.7997409914346,83.80827300930713,0.0,0.0,0.0,1249.9914679821275,0.0
2023,2,15,13,81.0426,1193.1491210832046,83.80827300930713,0.0,0.0,-0.0,1109.3408480738974,0.0
2023,2,15,14,81.0426,995.6611932072065,830.127080581057,746.31880757175,0.0,698.2868420051185,165.5341126261494,0.0
2023,2,15,15,81.0426,574.5004641338146,574.5004641338146,490.6921911245075,0.0,1157.3988154146364,0.0,0.0
2023,2,15,16,81.0426,208.67234355415346,208.67234355415346,124.86407054484633,0.0,1274.226820572851,0.0,0.0
2023,2,15,17,81.0426,0.0,0.0,0.0,83.80827300930713,1189.1324119663795,0.0,0.0
2023,2,15,18,81.0426,0.0,0.0,0.0,83.80827300930713,1104.038003359908,0.0,0.0
2023,2,15,19,81.0426,0.0,0.0,0.0,83.80827300930713,1018.9435947534367,0.0,0.0
2023,2,15,20,81.0426,0.0,0.0,0.0,83.80827300930713,933.8491861469654,0.0,0.0
2023,2,15,21,81.0426,0.0,0.0,0.0,83.80827300930713,848.754777540494,0.0,0.0
2023,2,15,22,81.0426,0.0,0.0,0.0,83.80827300930713,763.6603689340227,0.0,0.0
2023,2,15,23,81.0426,0.0,0.0,0.0,83.80827300930713,678.5659603275514,0.0,0.0
2023,2,16,0,81.0426,0.0,0.0,0.0,83.80827300930713,593.47155172108,0.0,0.0
2023,2,16,1,81.0426,0.0,0.0,0.0,83.80827300930713,508.3771431146086,0.0,0.0
2023,2,16,2,81.0426,0.0,0.0,0.0,83.80827300930713,423.2827345081372,0.0,0.0
2023,2,16,3,81.0426,0.0,0.0,0.0,83.80827300930713,338.1883259016658,0.0,0.0
2023,2,16,4,81.0426,0.0,0.0,0.0,83.80827300930713,253.0939172951944,0.0,0.0
2023,2,16,5,81.0426,0.0,0.0,0.0,83.80827300930713,167.99950868872298,0.0,0.0
2023,2,16,6,81.0426,0.0,0.0,0.0,83.80827300930713,82.90510008225161,0.0,0.0
2023,2,16,7,81.0426,2.156218833930072,2.156218833930072,0.0,81.65205417537706,0.0,0.0,0.0
2023,2,16,8,81.0426,303.57699697849995,83.80827300930713,0.0,0.0,0.0,219.76872396919282,0.0
2023,2,16,9,81.0426,731.3149691136641,83.80827300930713,0.0,0.0,0.0,647.5066961043569,0.0
2023,2,16,10,81.0426,1075.2241169426547,83.80827300930713,0.0,0.0,0.0,991.4158439333476,0.0
2023,2,16,11,81.0426,1272.3552604072834,83.80827300930713,0.0,0.0,-0.0,1188.5469873979762,0.0
2023,2,16,12,81.0426,1308.2818993956434,445.06604710295073,361.2577740936436,0.0,338.0077624499593,863.2158522926927,0.0
2023,2,16,13,81.0426,1070.5704072291367,1070.5704072291367,986.7621342198295,0.0,1261.2633571421138,0.0,0.0
2023,2,16,14,81.0426,815.6557014883247,815.6557014883247,731.8474284790175,0.0,1946.0101764336127,0.0,0.0
2023,2,16,15,81.0426,504.322521653961,504.322521653961,420.5142486446539,0.0,2339.4607550939936,0.0,0.0
2023,2,16,16,81.0426,187.77718694045686,187.77718694045686,103.96891393114971,0.0,2436.7383847599253,0.0,0.0
2023,2,16,17,81.0426,0.0,-0.0,0.0,83.80827300930713,2351.643976153454,0.0,0.0
2023,2,16,18,81.0426,0.0,-0.0,0.0,83.80827300930713,2266.5495675469824,0.0,0.0
2023,2,16,19,81.0426,0.0,-0.0,0.0,83.80827300930713,2181.455158940511,0.0,0.0
2023,2,16,20,81.0426,0.0,-0.0,0.0,83.80827300930713,2096.36075033404,0.0,0.0
2023,2,16,21,81.0426,0.0,-0.0,0.0,83.80827300930713,2011.2663417275685,0.0,0.0
2023,2,16,22,81.0426,0.0,-0.0,0.0,83.80827300930713,1926.171933121097,0.0,0.0
2023,2,16,23,81.0426,0.0,-0.0,0.0,83.80827300930713,1841.0775245146256,0.0,0.0
2023,2,17,0,81.0426,0.0,-0.0,0.0,83.80827300930713,1755.9831159081543,0.0,0.0
2023,2,17,1,81.0426,0.0,-0.0,0.0,83.80827300930713,1670.8887073016829,0.0,0.0
2023,2,17,2,81.0426,0.0,-0.0,0.0,83.80827300930713,1585.7942986952116,0.0,0.0
2023,2,17,3,81.0426,0.0,-0.0,0.0,83.80827300930713,1500.6998900887402,0.0,0.0
2023,2,17,4,81.0426,0.0,-0.0,0.0,83.80827300930713,1415.6054814822687,0.0,0.0
2023,2,17,5,81.0426,0.0,-0.0,0.0,83.80827300930713,1330.5110728757973,0.0,0.0
2023,2,17,6,81.0426,0.0,-0.0,0.0,83.80827300930713,1245.416664269326,0.0,0.0
2023,2,17,7,81.0426,0.0,-0.0,0.0,83.80827300930713,1160.3222556628546,0.0,0.0
2023,2,17,8,81.0426,1.3650881826319883,1.365088182631995,0.0,82.44318482667514,1076.6138841076877,0.0,0.0
2023,2,17,9,81.0426,21.99653457922908,21.99653457922909,0.0,61.811738430078044,1013.8535725324656,0.0,0.0
2023,2,17,10,81.0426,29.95437818934495,29.954378189344954,0.0,53.85389481996218,959.1732269495077,0.0,0.0
2023,2,17,11,81.0426,96.6885754811951,96.6885754811951,12.88030247188797,0.0,971.2245723610337,0.0,0.0
2023,2,17,12,81.0426,35.5543422112786,35.55434221127861,0.0,48.25393079802853,922.2301287726324,0.0,0.0
2023,2,17,13,81.0426,10.920705461055906,10.920705461055904,0.0,72.88756754825123,848.2240165765979,1.7763568394002505e-15,0.0
2023,2,17,14,81.0426,11.10685384959663,11.106853849596634,0.0,72.7014191597105,774.4069094330141,0.0,0.0
2023,2,17,15,81.0426,22.49293028200435,22.49293028200435,0.0,61.31534272730278,712.1506113309937,0.0,0.0
2023,2,17,16,81.0426,0.0,-0.0,0.0,83.80827300930713,627.0562027245223,0.0,0.0
2023,2,17,17,81.0426,0.0,-0.0,0.0,83.80827300930713,541.9617941180509,0.0,0.0
2023,2,17,18,81.0426,0.0,-0.0,0.0,83.80827300930713,456.8673855115795,0.0,0.0
2023,2,17,19,81.0426,0.0,-0.0,0.0,83.80827300930713,371.7729769051081,0.0,0.0
2023,2,17,20,81.0426,0.0,-0.0,0.0,83.80827300930713,286.6785682986367,0.0,0.0
2023,2,17,21,81.0426,0.0,-0.0,0.0,83.80827300930713,201.58415969216534,0.0,0.0
2023,2,17,22,81.0426,0.0,-0.0,0.0,83.80827300930713,116.48975108569395,0.0,0.0
2023,2,17,23,81.0426,0.0,-0.0,0.0,83.80827300930713,31.395342479222563,0.0,0.0
2023,2,18,0,81.0426,0.0,-0.0,0.0,0.0,31.395342479222563,0.0,81.0426
2023,2,18,1,81.0426,0.0,-0.0,0.0,30.920826371655178,0.0,0.0,51.14216089860944
2023,2,18,2,81.0426,0.0,-0.0,0.0,-0.0,0.0,0.0,81.0426
2023,2,18,3,81.0426,0.0,-0.0,0.0,-0.0,0.0,0.0,81.0426
2023,2,18,4,81.0426,0.0,-0.0,0.0,0.0,-0.0,0.0,81.0426
2023,2,18,5,81.0426,0.0,-0.0,0.0,0.0,-0.0,0.0,81.0426
2023,2,18,6,81.0426,0.0,-0.0,0.0,-0.0,0.0,0.0,81.0426
2023,2,18,7,81.0426,3.9401408907786934,3.9401408907786934,0.0,-0.0,0.0,0.0,77.232483758617
2023,2,18,8,81.0426,66.79624675469707,66.79624675469707,0.0,-0.0,0.0,0.0,16.450629388207933
2023,2,18,9,81.0426,104.16553575424774,104.16553575424773,20.35726274494061,0.0,19.04709967082854,1.4210854715202004e-14,0.0
2023,2,18,10,81.0426,93.89634965308437,93.89634965308437,10.088076643777242,0.0,28.4859227448559,0.0,0.0
2023,2,18,11,81.0426,31.47459002909436,31.47459002909436,0.0,0.0,28.4859227448559,0.0,50.60667144186575
2023,2,18,12,81.0426,26.541657732765135,26.541657732765135,0.0,28.05538024670351,0.0,0.0,28.24726427385382
2023,2,18,13,81.0426,17.978831859891752,17.978831859891752,0.0,0.0,-0.0,0.0,63.65706959148467
2023,2,18,14,81.0426,20.057488865263192,20.057488865263192,0.0,0.0,-0.0,0.0,61.64700826729049
2023,2,18,15,81.0426,8.56282587287338,8.56282587287338,0.0,0.0,-0.0,0.0,72.76234738093143
2023,2,18,16,81.0426,0.23268548567590705,0.23268548567590705,0.0,-0.0,0.0,0.0,80.81759313535139
2023,2,18,17,81.0426,0.0,-0.0,0.0,-0.0,0.0,0.0,81.0426
2023,2,18,18,81.0426,0.0,-0.0,0.0,0.0,-0.0,0.0,81.0426
2023,2,18,19,81.0426,0.0,-0.0,0.0,-0.0,0.0,0.0,81.0426
2023,2,18,20,81.0426,0.0,-0.0,0.0,-0.0,0.0,0.0,81.0426
2023,2,18,21,81.0426,0.0,-0.0,0.0,-0.0,0.0,0.0,81.0426
2023,2,18,22,81.0426,0.0,-0.0,0.0,-0.0,0.0,0.0,81.0426
2023,2,18,23,81.0426,0.0,-0.0,0.0,-0.0,0.0,0.0,81.0426
2023,2,19,0,81.0426,0.0,-0.0,0.0,-0.0,0.0,0.0,81.0426
2023,2,19,1,81.0426,0.0,-0.0,0.0,0.0,-0.0,0.0,81.0426
2023,2,19,2,81.0426,0.0,-0.0,0.0,-0.0,0.0,0.0,81.0426
2023,2,19,3,81.0426,0.0,-0.0,0.0,0.0,-0.0,0.0,81.0426
2023,2,19,4,81.0426,0.0,-0.0,0.0,-0.0,0.0,0.0,81.0426
2023,2,19,5,81.0426,0.0,-0.0,0.0,0.0,-0.0,0.0,81.0426
2023,2,19,6,81.0426,0.0,-0.0,0.0,-0.0,0.0,0.0,81.0426
2023,2,19,7,81.0426,0.6049822627573584,0.6049822627573584,0.0,-0.0,0.0,0.0,80.45758215191363
2023,2,19,8,81.0426,183.61987292971415,83.80827300930713,0.0,-0.0,0.0,99.81159992040702,0.0
2023,2,19,9,81.0426,860.269265275252,83.80827300930713,0.0,0.0,0.0,776.4609922659449,0.0
2023,2,19,10,81.0426,906.7753376790098,83.80827300930713,0.0,0.0,0.0,822.9670646697027,0.0
2023,2,19,11,81.0426,861.7894771150012,83.80827300930713,0.0,0.0,0.0,777.9812041056941,0.0
2023,2,19,12,81.0426,920.1469969225186,83.80827300930713,0.0,0.0,-0.0,836.3387239132114,0.0
2023,2,19,13,81.0426,885.5389090196555,342.86218239302497,259.0539093837178,0.0,242.38158606936292,542.6767266266306,0.0
2023,2,19,14,81.0426,921.558622202286,921.558622202286,837.7503491929789,0.0,1026.2155720169976,0.0,0.0
2023,2,19,15,81.0426,667.7608067927182,667.7608067927182,583.952533783411,0.0,1572.5857914989758,0.0,0.0
2023,2,19,16,81.0426,284.6053737130578,284.6053737130578,200.7971007037507,0.0,1760.4598902241723,0.0,0.0
2023,2,19,17,81.0426,0.0,0.0,0.0,83.80827300930713,1675.3654816177009,0.0,0.0
2023,2,19,18,81.0426,0.0,0.0,0.0,83.80827300930713,1590.2710730112294,0.0,0.0
2023,2,19,19,81.0426,0.0,0.0,0.0,83.80827300930713,1505.176664404758,0.0,0.0
2023,2,19,20,81.0426,0.0,0.0,0.0,83.80827300930713,1420.0822557982865,0.0,0.0
2023,2,19,21,81.0426,0.0,0.0,0.0,83.80827300930713,1334.987847191815,0.0,0.0
2023,2,19,22,81.0426,0.0,0.0,0.0,83.80827300930713,1249.8934385853436,0.0,0.0
2023,2,19,23,81.0426,0.0,0.0,0.0,83.80827300930713,1164.799029978872,0.0,0.0
2023,2,20,0,81.0426,0.0,0.0,0.0,83.80827300930713,1079.7046213724007,0.0,0.0
2023,2,20,1,81.0426,0.0,0.0,0.0,83.80827300930713,994.6102127659293,0.0,0.0
2023,2,20,2,81.0426,0.0,0.0,0.0,83.80827300930713,909.515804159458,0.0,0.0
2023,2,20,3,81.0426,0.0,0.0,0.0,83.80827300930713,824.4213955529866,0.0,0.0
2023,2,20,4,81.0426,0.0,0.0,0.0,83.80827300930713,739.3269869465153,0.0,0.0
2023,2,20,5,81.0426,0.0,0.0,0.0,83.80827300930713,654.2325783400439,0.0,0.0
2023,2,20,6,81.0426,0.0,0.0,0.0,83.80827300930713,569.1381697335726,0.0,0.0
2023,2,20,7,81.0426,0.5274204341987228,0.5274204341987228,0.0,83.2808525751084,484.57927544237793,0.0,0.0
2023,2,20,8,81.0426,11.680811380930535,11.680811380930535,0.0,72.1274616283766,411.3449338771835,0.0,0.0
2023,2,20,9,81.0426,273.87081664054267,273.87081664054267,190.06254363123554,0.0,589.1753356159957,0.0,0.0
2023,2,20,10,81.0426,315.009610508043,315.009610508043,231.20133749873588,0.0,805.496899793957,0.0,0.0
2023,2,20,11,81.0426,241.65163305728538,241.65163305728538,157.84336004797825,0.0,953.18169656063,0.0,0.0
2023,2,20,12,81.0426,436.89026790508314,436.89026790508314,353.081994895776,0.0,1283.5398607704146,0.0,0.0
2023,2,20,13,81.0426,211.20085916516499,211.20085916516499,127.39258615585784,0.0,1402.7336500453644,0.0,0.0
2023,2,20,14,81.0426,93.53956524171464,93.53956524171464,9.73129223240751,0.0,1411.8386508207113,0.0,0.0
2023,2,20,15,81.0426,37.10557878245132,37.10557878245132,0.0,46.70269422685581,1364.4192493360654,0.0,0.0
2023,2,20,16,81.0426,3.6143812108324234,3.6143812108324234,0.0,80.19389179847471,1282.9946888313436,0.0,0.0
2023,2,20,17,81.0426,0.0,0.0,0.0,83.80827300930713,1197.9002802248722,0.0,0.0
2023,2,20,18,81.0426,0.0,0.0,0.0,83.80827300930713,1112.8058716184007,0.0,0.0
2023,2,20,19,81.0426,0.0,0.0,0.0,83.80827300930713,1027.7114630119293,0.0,0.0
2023,2,20,20,81.0426,0.0,0.0,0.0,83.80827300930713,942.6170544054578,0.0,0.0
2023,2,20,21,81.0426,0.0,0.0,0.0,83.80827300930713,857.5226457989864,0.0,0.0
2023,2,20,22,81.0426,0.0,0.0,0.0,83.80827300930713,772.4282371925151,0.0,0.0
2023,2,20,23,81.0426,0.0,0.0,0.0,83.80827300930713,687.3338285860438,0.0,0.0
2023,2,21,0,81.0426,0.0,0.0,0.0,83.80827300930713,602.2394199795724,0.0,0.0
2023,2,21,1,81.0426,0.0,0.0,0.0,83.80827300930713,517.145011373101,0.0,0.0
2023,2,21,2,81.0426,0.0,0.0,0.0,83.80827300930713,432.0506027666297,0.0,0.0
2023,2,21,3,81.0426,0.0,0.0,0.0,83.80827300930713,346.9561941601583,0.0,0.0
2023,2,21,4,81.0426,0.0,0.0,0.0,83.80827300930713,261.8617855536869,0.0,0.0
2023,2,21,5,81.0426,0.0,0.0,0.0,83.80827300930713,176.7673769472155,0.0,0.0
2023,2,21,6,81.0426,0.0,0.0,0.0,83.80827300930713,91.67296834074409,0.0,0.0
2023,2,21,7,81.0426,18.59932648836084,18.59932648836084,0.0,65.20894652094628,25.463314558298027,0.0,0.0
2023,2,21,8,81.0426,58.72981658459894,58.72981658459894,0.0,25.078456424708186,0.0,0.0,0.0
2023,2,21,9,81.0426,168.92966260070853,83.80827300930713,0.0,0.0,0.0,85.1213895914014,0.0
2023,2,21,10,81.0426,211.82135379363407,83.80827300930713,0.0,-0.0,0.0,128.01308078432695,0.0
2023,2,21,11,81.0426,738.8229541181402,83.80827300930713,0.0,0.0,-0.0,655.014681108833,0.0
2023,2,21,12,81.0426,715.7405539390901,205.92930053614788,122.12102752684075,0.0,114.26150029850282,509.8112534029422,0.0
2023,2,21,13,81.0426,644.6008447851095,644.6008447851095,560.7925717758023,0.0,638.962298392227,0.0,0.0
2023,2,21,14,81.0426,510.3258071843994,510.3258071843994,426.5175341750923,0.0,1038.0298000782304,0.0,0.0
2023,2,21,15,81.0426,217.57644147268485,217.57644147268485,133.76816846337772,0.0,1163.1888486904693,0.0,0.0
2023,2,21,16,81.0426,113.87627668978892,113.87627668978892,30.068003680481795,0.0,1191.3217204905993,0.0,0.0
2023,2,21,17,81.0426,0.0,0.0,0.0,83.80827300930713,1106.2273118841279,0.0,0.0
2023,2,21,18,81.0426,0.0,0.0,0.0,83.80827300930713,1021.1329032776565,0.0,0.0
2023,2,21,19,81.0426,0.0,0.0,0.0,83.80827300930713,936.0384946711852,0.0,0.0
2023,2,21,20,81.0426,0.0,0.0,0.0,83.80827300930713,850.9440860647138,0.0,0.0
2023,2,21,21,81.0426,0.0,0.0,0.0,83.80827300930713,765.8496774582425,0.0,0.0
2023,2,21,22,81.0426,0.0,0.0,0.0,83.80827300930713,680.7552688517711,0.0,0.0
2023,2,21,23,81.0426,0.0,0.0,0.0,83.80827300930713,595.6608602452998,0.0,0.0
2023,2,22,0,81.0426,0.0,0.0,0.0,83.80827300930713,510.56645163882837,0.0,0.0
2023,2,22,1,81.0426,0.0,0.0,0.0,83.80827300930713,425.47204303235696,0.0,0.0
2023,2,22,2,81.0426,0.0,0.0,0.0,83.80827300930713,340.37763442588556,0.0,0.0
2023,2,22,3,81.0426,0.0,0.0,0.0,83.80827300930713,255.28322581941416,0.0,0.0
2023,2,22,4,81.0426,0.0,0.0,0.0,83.80827300930713,170.18881721294278,0.0,0.0
2023,2,22,5,81.0426,0.0,0.0,0.0,83.80827300930713,85.09440860647139,0.0,0.0
2023,2,22,6,81.0426,0.0,0.0,0.0,83.80827300930713,0.0,0.0,0.0
2023,2,22,7,81.0426,94.315183527301,83.80827300930713,0.0,0.0,0.0,10.506910517993873,0.0
2023,2,22,8,81.0426,370.8075899731255,83.80827300930713,0.0,0.0,0.0,286.9993169638184,0.0
2023,2,22,9,81.0426,586.0261518576277,83.80827300930713,0.0,0.0,0.0,502.2178788483206,0.0
2023,2,22,10,81.0426,814.1975391114224,83.80827300930713,0.0,0.0,0.0,730.3892661021152,0.0
2023,2,22,11,81.0426,857.306403424312,83.80827300930713,0.0,0.0,0.0,773.4981304150049,0.0
2023,2,22,12,81.0426,814.3216380371161,83.80827300930713,0.0,0.0,-0.0,730.513365027809,0.0
2023,2,22,13,81.0426,837.9935081132119,642.97907731864,559.1708043093328,0.0,523.1834051630645,195.01443079457192,0.0
2023,2,22,14,81.0426,665.4184395702472,665.4184395702472,581.61016656094,0.0,1067.3620086841408,0.0,0.0
2023,2,22,15,81.0426,237.57188087510113,237.57188087510113,153.763607865794,0.0,1211.2296200354683,0.0,0.0
2023,2,22,16,81.0426,118.31281328334272,118.31281328334272,34.50454027403559,0.0,1243.513499549624,0.0,0.0
2023,2,22,17,81.0426,0.0,0.0,0.0,83.80827300930713,1158.4190909431525,0.0,0.0
2023,2,22,18,81.0426,0.0,0.0,0.0,83.80827300930713,1073.324682336681,0.0,0.0
2023,2,22,19,81.0426,0.0,0.0,0.0,83.80827300930713,988.2302737302095,0.0,0.0
2023,2,22,20,81.0426,0.0,0.0,0.0,83.80827300930713,903.1358651237382,0.0,0.0
2023,2,22,21,81.0426,0.0,0.0,0.0,83.80827300930713,818.0414565172669,0.0,0.0
2023,2,22,22,81.0426,0.0,0.0,0.0,83.80827300930713,732.9470479107955,0.0,0.0
2023,2,22,23,81.0426,0.0,0.0,0.0,83.80827300930713,647.8526393043242,0.0,0.0
2023,2,23,0,81.0426,0.0,0.0,0.0,83.80827300930713,562.7582306978528,0.0,0.0
2023,2,23,1,81.0426,0.0,0.0,0.0,83.80827300930713,477.66382209138146,0.0,0.0
2023,2,23,2,81.0426,0.0,0.0,0.0,83.80827300930713,392.56941348491006,0.0,0.0
2023,2,23,3,81.0426,0.0,0.0,0.0,83.80827300930713,307.47500487843865,0.0,0.0
2023,2,23,4,81.0426,0.0,0.0,0.0,83.80827300930713,222.38059627196725,0.0,0.0
2023,2,23,5,81.0426,0.0,0.0,0.0,83.80827300930713,137.28618766549585,0.0,0.0
2023,2,23,6,81.0426,0.0,0.0,0.0,83.80827300930713,52.19177905902444,0.0,0.0
2023,2,23,7,81.0426,32.40533197179799,32.40533197179799,0.0,51.40294103750914,0.0,0.0,0.0
2023,2,23,8,81.0426,197.0225569046464,83.80827300930713,0.0,-0.0,0.0,113.21428389533926,0.0
2023,2,23,9,81.0426,297.5737114480617,83.80827300930713,0.0,0.0,-0.0,213.7654384387546,0.0
2023,2,23,10,81.0426,496.240579118151,83.80827300930713,-0.0,0.0,0.0,412.4323061088439,0.0
2023,2,23,11,81.0426,658.1431400514473,83.80827300930713,-0.0,0.0,0.0,574.3348670421401,0.0
2023,2,23,12,81.0426,702.7567038383745,586.8615470427765,503.0532740334694,0.0,470.6775154549428,115.89515679559804,0.0
2023,2,23,13,81.0426,507.2388464077657,507.2388464077657,423.4305733984586,0.0,866.8567285567115,0.0,0.0
2023,2,23,14,81.0426,432.4537313115291,432.4537313115291,348.645458302222,0.0,1193.0638850524701,0.0,0.0
2023,2,23,15,81.0426,229.07110446507465,229.07110446507465,145.26283145576753,0.0,1328.9778172874123,0.0,0.0
2023,2,23,16,81.0426,63.755823075198535,63.755823075198535,0.0,20.052449934108598,1308.6176391452814,0.0,0.0
2023,2,23,17,81.0426,0.0,0.0,0.0,83.80827300930713,1223.52323053881,0.0,0.0
2023,2,23,18,81.0426,0.0,0.0,0.0,83.80827300930713,1138.4288219323385,0.0,0.0
2023,2,23,19,81.0426,0.0,0.0,0.0,83.80827300930713,1053.334413325867,0.0,0.0
2023,2,23,20,81.0426,0.0,0.0,0.0,83.80827300930713,968.2400047193956,0.0,0.0
2023,2,23,21,81.0426,0.0,0.0,0.0,83.80827300930713,883.1455961129243,0.0,0.0
2023,2,23,22,81.0426,0.0,0.0,0.0,83.80827300930713,798.051187506453,0.0,0.0
2023,2,23,23,81.0426,0.0,0.0,0.0,83.80827300930713,712.9567788999816,0.0,0.0
2023,2,24,0,81.0426,0.0,0.0,0.0,83.80827300930713,627.8623702935103,0.0,0.0
2023,2,24,1,81.0426,0.0,0.0,0.0,83.80827300930713,542.7679616870389,0.0,0.0
2023,2,24,2,81.0426,0.0,0.0,0.0,83.80827300930713,457.6735530805675,0.0,0.0
2023,2,24,3,81.0426,0.0,0.0,0.0,83.80827300930713,372.5791444740961,0.0,0.0
2023,2,24,4,81.0426,0.0,0.0,0.0,83.80827300930713,287.4847358676247,0.0,0.0
2023,2,24,5,81.0426,0.0,0.0,0.0,83.80827300930713,202.3903272611533,0.0,0.0
2023,2,24,6,81.0426,0.0,0.0,0.0,83.80827300930713,117.29591865468191,0.0,0.0
2023,2,24,7,81.0426,46.35094874664069,46.35094874664069,0.0,37.45732426266644,79.26376810841707,0.0,0.0
2023,2,24,8,81.0426,158.07100660249955,158.07100660249955,74.26273359319241,0.0,148.74706290595884,0.0,0.0
2023,2,24,9,81.0426,499.3275398947849,499.3275398947849,415.51926688547775,0.0,537.5241293848142,0.0,0.0
2023,2,24,10,81.0426,463.6956358549477,463.6956358549477,379.88736284564055,0.0,892.9625080345875,0.0,0.0
2023,2,24,11,81.0426,285.30343017008556,285.30343017008556,201.49515716077843,0.0,1081.4897373441586,0.0,0.0
2023,2,24,12,81.0426,282.2474941248753,282.2474941248753,198.43922111556816,0.0,1267.1577060954671,0.0,0.0
2023,2,24,13,81.0426,186.07082671216702,186.07082671216702,102.26255370285989,0.0,1362.8387943329276,0.0,0.0
2023,2,24,14,81.0426,89.59942435093595,89.59942435093595,5.791151341628817,0.0,1368.257235809804,0.0,0.0
2023,2,24,15,81.0426,59.07108863025679,59.07108863025679,0.0,24.73718437905034,1343.140430514332,0.0,0.0
2023,2,24,16,81.0426,17.699609277080665,17.699609277080665,0.0,66.10866373222646,1276.0172523117078,0.0,0.0
2023,2,24,17,81.0426,0.0,0.0,0.0,83.80827300930713,1190.9228437052363,0.0,0.0
2023,2,24,18,81.0426,0.0,0.0,0.0,83.80827300930713,1105.8284350987649,0.0,0.0
2023,2,24,19,81.0426,0.0,0.0,0.0,83.80827300930713,1020.7340264922935,0.0,0.0
2023,2,24,20,81.0426,0.0,0.0,0.0,83.80827300930713,935.6396178858222,0.0,0.0
2023,2,24,21,81.0426,0.0,0.0,0.0,83.80827300930713,850.5452092793508,0.0,0.0
2023,2,24,22,81.0426,0.0,0.0,0.0,83.80827300930713,765.4508006728795,0.0,0.0
2023,2,24,23,81.0426,0.0,0.0,0.0,83.80827300930713,680.3563920664081,0.0,0.0
2023,2,25,0,81.0426,0.0,0.0,0.0,83.80827300930713,595.2619834599368,0.0,0.0
2023,2,25,1,81.0426,0.0,0.0,0.0,83.80827300930713,510.1675748534654,0.0,0.0
2023,2,25,2,81.0426,0.0,0.0,0.0,83.80827300930713,425.073166246994,0.0,0.0
2023,2,25,3,81.0426,0.0,0.0,0.0,83.80827300930713,339.9787576405226,0.0,0.0
2023,2,25,4,81.0426,0.0,0.0,0.0,83.80827300930713,254.88434903405118,0.0,0.0
2023,2,25,5,81.0426,0.0,0.0,0.0,83.80827300930713,169.78994042757978,0.0,0.0
2023,2,25,6,81.0426,0.0,0.0,0.0,83.80827300930713,84.69553182110839,0.0,0.0
2023,2,25,7,81.0426,13.82151784914888,13.82151784914888,0.0,69.98675516015825,13.634748359096179,0.0,0.0
2023,2,25,8,81.0426,70.37960323410603,70.37960323410603,0.0,13.428669775201103,0.0,0.0,0.0
2023,2,25,9,81.0426,112.10786699865203,83.80827300930713,0.0,0.0,0.0,28.2995939893449,0.0
2023,2,25,10,81.0426,176.88750621082457,83.80827300930713,0.0,0.0,-0.0,93.07923320151744,0.0
2023,2,25,11,81.0426,325.46494499774707,284.0415305022851,200.23325749297797,0.0,187.34654362268262,41.42341449546194,0.0
2023,2,25,12,81.0426,336.5717988473437,336.5717988473437,252.76352583803657,0.0,423.8425858513292,0.0,0.0
2023,2,25,13,81.0426,467.88397459711393,467.88397459711393,384.0757015878068,0.0,783.1997480073506,0.0,0.0
2023,2,25,14,81.0426,388.56924871305307,388.56924871305307,304.76097570374594,0.0,1068.3467617654196,0.0,0.0
2023,2,25,15,81.0426,251.56403474707884,251.56403474707884,167.7557617377717,0.0,1225.3060128302131,0.0,0.0
2023,2,25,16,81.0426,50.33762673455456,50.33762673455456,0.0,33.47064627475257,1191.3217204905993,0.0,0.0
2023,2,25,17,81.0426,0.0,0.0,0.0,83.80827300930713,1106.2273118841279,0.0,0.0
2023,2,25,18,81.0426,0.0,0.0,0.0,83.80827300930713,1021.1329032776565,0.0,0.0
2023,2,25,19,81.0426,0.0,0.0,0.0,83.80827300930713,936.0384946711852,0.0,0.0
2023,2,25,20,81.0426,0.0,0.0,0.0,83.80827300930713,850.9440860647138,0.0,0.0
2023,2,25,21,81.0426,0.0,0.0,0.0,83.80827300930713,765.8496774582425,0.0,0.0
2023,2,25,22,81.0426,0.0,0.0,0.0,83.80827300930713,680.7552688517711,0.0,0.0
2023,2,25,23,81.0426,0.0,0.0,0.0,83.80827300930713,595.6608602452998,0.0,0.0
2023,2,26,0,81.0426,0.0,0.0,0.0,83.80827300930713,510.56645163882837,0.0,0.0
2023,2,26,1,81.0426,0.0,0.0,0.0,83.80827300930713,425.47204303235696,0.0,0.0
2023,2,26,2,81.0426,0.0,0.0,0.0,83.80827300930713,340.37763442588556,0.0,0.0
2023,2,26,3,81.0426,0.0,0.0,0.0,83.80827300930713,255.28322581941416,0.0,0.0
2023,2,26,4,81.0426,0.0,0.0,0.0,83.80827300930713,170.18881721294278,0.0,0.0
2023,2,26,5,81.0426,0.0,0.0,0.0,83.80827300930713,85.09440860647139,0.0,0.0
2023,2,26,6,81.0426,0.0,0.0,0.0,83.80827300930713,0.0,0.0,0.0
2023,2,26,7,81.0426,150.62507106087034,83.80827300930713,0.0,0.0,0.0,66.81679805156321,0.0
2023,2,26,8,81.0426,550.5028343777726,83.80827300930713,0.0,0.0,0.0,466.6945613684655,0.0
2023,2,26,9,81.0426,937.2105992054185,83.80827300930713,0.0,0.0,0.0,853.4023261961113,0.0
2023,2,26,10,81.0426,1026.5928504363903,83.80827300930713,0.0,0.0,0.0,942.7845774270831,0.0
2023,2,26,11,81.0426,1377.156803155712,83.80827300930713,0.0,0.0,0.0,1293.3485301464048,0.0
2023,2,26,12,81.0426,1301.5185079453304,83.80827300930713,0.0,0.0,0.0,1217.7102349360232,0.0
2023,2,26,13,81.0426,1038.0099516002215,83.80827300930713,0.0,0.0,-0.0,954.2016785909143,0.0
2023,2,26,14,81.0426,967.8164967546562,528.9068325166164,445.0985595073093,0.0,416.4526799353182,438.9096642380398,0.0
2023,2,26,15,81.0426,709.0857490487592,709.0857490487592,625.277476039452,0.0,1001.4882300122789,0.0,0.0
2023,2,26,16,81.0426,286.6995430841408,286.6995430841408,202.8912700748337,0.0,1191.3217204905993,0.0,0.0
2023,2,26,17,81.0426,0.0,0.0,0.0,83.80827300930713,1106.2273118841279,0.0,0.0
2023,2,26,18,81.0426,0.0,0.0,0.0,83.80827300930713,1021.1329032776565,0.0,0.0
2023,2,26,19,81.0426,0.0,0.0,0.0,83.80827300930713,936.0384946711852,0.0,0.0
2023,2,26,20,81.0426,0.0,0.0,0.0,83.80827300930713,850.9440860647138,0.0,0.0
2023,2,26,21,81.0426,0.0,0.0,0.0,83.80827300930713,765.8496774582425,0.0,0.0
2023,2,26,22,81.0426,0.0,0.0,0.0,83.80827300930713,680.7552688517711,0.0,0.0
2023,2,26,23,81.0426,0.0,0.0,0.0,83.80827300930713,595.6608602452998,0.0,0.0
2023,2,27,0,81.0426,0.0,0.0,0.0,83.80827300930713,510.56645163882837,0.0,0.0
2023,2,27,1,81.0426,0.0,0.0,0.0,83.80827300930713,425.47204303235696,0.0,0.0
2023,2,27,2,81.0426,0.0,0.0,0.0,83.80827300930713,340.37763442588556,0.0,0.0
2023,2,27,3,81.0426,0.0,0.0,0.0,83.80827300930713,255.28322581941416,0.0,0.0
2023,2,27,4,81.0426,0.0,0.0,0.0,83.80827300930713,170.18881721294278,0.0,0.0
2023,2,27,5,81.0426,0.0,0.0,0.0,83.80827300930713,85.09440860647139,0.0,0.0
2023,2,27,6,81.0426,0.0,0.0,0.0,83.80827300930713,0.0,0.0,0.0
2023,2,27,7,81.0426,158.41227864815755,83.80827300930713,0.0,0.0,0.0,74.60400563885042,0.0
2023,2,27,8,81.0426,550.3011736235203,83.80827300930713,0.0,0.0,0.0,466.49290061421317,0.0
2023,2,27,9,81.0426,884.8408525626277,83.80827300930713,0.0,0.0,0.0,801.0325795533206,0.0
2023,2,27,10,81.0426,1054.9029178602923,83.80827300930713,0.0,0.0,0.0,971.0946448509851,0.0
2023,2,27,11,81.0426,1199.043820053661,83.80827300930713,0.0,0.0,0.0,1115.2355470443538,0.0
2023,2,27,12,81.0426,1090.1470127573364,83.80827300930713,0.0,0.0,-0.0,1006.3387397480292,0.0
2023,2,27,13,81.0426,778.9224194829548,512.7844456109774,428.97617260167027,0.0,401.36790580969625,266.13797387197735,0.0
2023,2,27,14,81.0426,522.2082793195824,522.2082793195824,438.4000063102753,0.0,811.5531414430558,0.0,0.0
2023,2,27,15,81.0426,340.94628597805064,340.94628597805064,257.1380129687435,0.0,1052.1421353337837,0.0,0.0
2023,2,27,16,81.0426,232.56138675021325,232.56138675021325,148.75311374090612,0.0,1191.3217204905993,0.0,0.0
2023,2,27,17,81.0426,0.01551236571172714,0.0,0.0,83.80827300930713,1106.2273118841279,0.01551236571172714,0.0
2023,2,27,18,81.0426,0.0,0.0,0.0,83.80827300930713,1021.1329032776565,0.0,0.0
2023,2,27,19,81.0426,0.0,0.0,0.0,83.80827300930713,936.0384946711852,0.0,0.0
2023,2,27,20,81.0426,0.0,0.0,0.0,83.80827300930713,850.9440860647138,0.0,0.0
2023,2,27,21,81.0426,0.0,0.0,0.0,83.80827300930713,765.8496774582425,0.0,0.0
2023,2,27,22,81.0426,0.0,0.0,0.0,83.80827300930713,680.7552688517711,0.0,0.0
2023,2,27,23,81.0426,0.0,0.0,0.0,83.80827300930713,595.6608602452998,0.0,0.0
2023,2,28,0,81.0426,0.0,0.0,0.0,83.80827300930713,510.56645163882837,0.0,0.0
2023,2,28,1,81.0426,0.0,0.0,0.0,83.80827300930713,425.47204303235696,0.0,0.0
2023,2,28,2,81.0426,0.0,0.0,0.0,83.80827300930713,340.37763442588556,0.0,0.0
2023,2,28,3,81.0426,0.0,0.0,0.0,83.80827300930713,255.28322581941416,0.0,0.0
2023,2,28,4,81.0426,0.0,0.0,0.0,83.80827300930713,170.18881721294278,0.0,0.0
2023,2,28,5,81.0426,0.0,0.0,0.0,83.80827300930713,85.09440860647139,0.0,0.0
2023,2,28,6,81.0426,0.0,0.0,0.0,83.80827300930713,0.0,0.0,0.0
2023,2,28,7,81.0426,183.97665734108386,83.80827300930713,0.0,-0.0,0.0,100.16838433177674,0.0
2023,2,28,8,81.0426,607.790000951181,83.80827300930713,0.0,0.0,0.0,523.9817279418739,0.0
2023,2,28,9,81.0426,975.2934570277088,83.80827300930713,0.0,0.0,0.0,891.4851840184017,0.0
2023,2,28,10,81.0426,1210.7866808974384,83.80827300930713,0.0,0.0,0.0,1126.9784078881312,0.0
2023,2,28,11,81.0426,1381.9966612577707,83.80827300930713,0.0,0.0,0.0,1298.1883882484635,0.0
2023,2,28,12,81.0426,1319.1870924909877,83.80827300930713,0.0,0.0,0.0,1235.3788194816805,0.0
2023,2,28,13,81.0426,1257.246216204061,83.80827300930713,0.0,0.0,-0.0,1173.4379431947539,0.0
2023,2,28,14,81.0426,1019.333063283302,389.8850110081175,306.07673799881036,0.0,286.3780955538491,629.4480522751844,0.0
2023,2,28,15,81.0426,757.3912558750776,757.3912558750776,673.5829828657705,0.0,916.6102820695395,0.0,0.0
2023,2,28,16,81.0426,377.41585776632127,377.41585776632127,293.60758475701414,0.0,1191.3217204905993,0.0,0.0
2023,2,28,17,81.0426,0.21717311996417993,0.0,0.0,83.80827300930713,1106.2273118841279,0.21717311996417993,0.0
2023,2,28,18,81.0426,0.0,0.0,0.0,83.80827300930713,1021.1329032776565,0.0,0.0
2023,2,28,19,81.0426,0.0,0.0,0.0,83.80827300930713,936.0384946711852,0.0,0.0
2023,2,28,20,81.0426,0.0,0.0,0.0,83.80827300930713,850.9440860647138,0.0,0.0
2023,2,28,21,81.0426,0.0,0.0,0.0,83.80827300930713,765.8496774582425,0.0,0.0
2023,2,28,22,81.0426,0.0,0.0,0.0,83.80827300930713,680.7552688517711,0.0,0.0
2023,2,28,23,81.0426,0.0,0.0,0.0,83.80827300930713,595.6608602452998,0.0,0.0
2023,3,1,0,81.0426,0.0,0.0,0.0,83.80827300930713,510.56645163882837,0.0,0.0
2023,3,1,1,81.0426,0.0,0.0,0.0,83.80827300930713,425.47204303235696,0.0,0.0
2023,3,1,2,81.0426,0.0,0.0,0.0,83.80827300930713,340.37763442588556,0.0,0.0
2023,3,1,3,81.0426,0.0,0.0,0.0,83.80827300930713,255.28322581941416,0.0,0.0
2023,3,1,4,81.0426,0.0,0.0,0.0,83.80827300930713,170.18881721294278,0.0,0.0
2023,3,1,5,81.0426,0.0,0.0,0.0,83.80827300930713,85.09440860647139,0.0,0.0
2023,3,1,6,81.0426,0.0,0.0,0.0,83.80827300930713,0.0,0.0,0.0
2023,3,1,7,81.0426,185.3572578894276,83.80827300930713,0.0,0.0,0.0,101.54898488012046,0.0
2023,3,1,8,81.0426,614.2741698186829,83.80827300930713,0.0,0.0,0.0,530.4658968093759,0.0
2023,3,1,9,81.0426,977.1084038159806,83.80827300930713,0.0,0.0,0.0,893.3001308066735,0.0
2023,3,1,10,81.0426,1238.6779144471236,83.80827300930713,0.0,0.0,0.0,1154.8696414378164,0.0
2023,3,1,11,81.0426,1368.175143408622,83.80827300930713,0.0,0.0,0.0,1284.3668703993148,0.0
2023,3,1,12,81.0426,1379.949028983823,83.80827300930713,0.0,0.0,0.0,1296.1407559745157,0.0
2023,3,1,13,81.0426,1289.5739863473007,83.80827300930713,0.0,0.0,-0.0,1205.7657133379935,0.0
2023,3,1,14,81.0426,1095.3281429050533,466.2635538463106,382.45528083700344,0.0,357.8410292684159,629.0645890587427,0.0
2023,3,1,15,81.0426,776.2542925805378,776.2542925805378,692.4460195712306,0.0,1005.7222555752094,0.0,0.0
2023,3,1,16,81.0426,366.23144208816603,366.23144208816603,282.4231690788589,0.0,1269.9690906332878,0.0,0.0
2023,3,1,17,81.0426,0.6204946284690855,0.0,0.0,83.80827300930713,1184.8746820268163,0.6204946284690855,0.0
2023,3,1,18,81.0426,0.0,0.0,0.0,83.80827300930713,1099.7802734203449,0.0,0.0
2023,3,1,19,81.0426,0.0,0.0,0.0,83.80827300930713,1014.6858648138734,0.0,0.0
2023,3,1,20,81.0426,0.0,0.0,0.0,83.80827300930713,929.5914562074021,0.0,0.0
2023,3,1,21,81.0426,0.0,0.0,0.0,83.80827300930713,844.4970476009307,0.0,0.0
2023,3,1,22,81.0426,0.0,0.0,0.0,83.80827300930713,759.4026389944594,0.0,0.0
2023,3,1,23,81.0426,0.0,0.0,0.0,83.80827300930713,674.308230387988,0.0,0.0
2023,3,2,0,81.0426,0.0,0.0,0.0,83.80827300930713,589.2138217815167,0.0,0.0
2023,3,2,1,81.0426,0.0,0.0,0.0,83.80827300930713,504.1194131750453,0.0,0.0
2023,3,2,2,81.0426,0.0,0.0,0.0,83.80827300930713,419.0250045685739,0.0,0.0
2023,3,2,3,81.0426,0.0,0.0,0.0,83.80827300930713,333.9305959621025,0.0,0.0
2023,3,2,4,81.0426,0.0,0.0,0.0,83.80827300930713,248.83618735563107,0.0,0.0
2023,3,2,5,81.0426,0.0,0.0,0.0,83.80827300930713,163.74177874915966,0.0,0.0
2023,3,2,6,81.0426,0.0,0.0,0.0,83.80827300930713,78.64737014268827,0.0,0.0
2023,3,2,7,81.0426,16.458620020142494,16.458620020142494,0.0,67.34965298916464,10.26415825705997,0.0,0.0
2023,3,2,8,81.0426,73.69924949641563,73.69924949641563,0.0,10.109023512891499,0.0,0.0,0.0
2023,3,2,9,81.0426,131.9947198410862,83.80827300930713,0.0,0.0,0.0,48.18644683177908,0.0
2023,3,2,10,81.0426,311.6434271485982,83.80827300930713,0.0,0.0,-0.0,227.8351541392911,0.0
2023,3,2,11,81.0426,353.74398769022565,339.5978464465257,255.78957343721856,0.0,239.32733791669853,14.146141243699958,0.0
2023,3,2,12,81.0426,428.09475654653386,428.09475654653386,344.28648353722673,0.0,561.4560567633619,0.0,0.0
2023,3,2,13,81.0426,439.4032711503829,439.4032711503829,355.5949981410758,0.0,894.1654910768954,0.0,0.0
2023,3,2,14,81.0426,296.67399423678154,296.67399423678154,212.8657212274744,0.0,1093.3314919052812,0.0,0.0
2023,3,2,15,81.0426,284.0934656445708,284.0934656445708,200.28519263526368,0.0,1280.7266282019361,0.0,0.0
2023,3,2,16,81.0426,61.072183807069585,61.072183807069585,0.0,22.736089202237544,1257.6416272203085,0.0,0.0
2023,3,2,17,81.0426,0.09307419427036283,0.0,0.0,83.80827300930713,1172.547218613837,0.09307419427036283,0.0
2023,3,2,18,81.0426,0.0,0.0,0.0,83.80827300930713,1087.4528100073655,0.0,0.0
2023,3,2,19,81.0426,0.0,0.0,0.0,83.80827300930713,1002.3584014008941,0.0,0.0
2023,3,2,20,81.0426,0.0,0.0,0.0,83.80827300930713,917.2639927944227,0.0,0.0
2023,3,2,21,81.0426,0.0,0.0,0.0,83.80827300930713,832.1695841879514,0.0,0.0
2023,3,2,22,81.0426,0.0,0.0,0.0,83.80827300930713,747.07517558148,0.0,0.0
2023,3,2,23,81.0426,0.0,0.0,0.0,83.80827300930713,661.9807669750087,0.0,0.0
2023,3,3,0,81.0426,0.0,0.0,0.0,83.80827300930713,576.8863583685373,0.0,0.0
2023,3,3,1,81.0426,0.0,0.0,0.0,83.80827300930713,491.79194976206594,0.0,0.0
2023,3,3,2,81.0426,0.0,0.0,0.0,83.80827300930713,406.69754115559454,0.0,0.0
2023,3,3,3,81.0426,0.0,0.0,0.0,83.80827300930713,321.60313254912313,0.0,0.0
2023,3,3,4,81.0426,0.0,0.0,0.0,83.80827300930713,236.50872394265173,0.0,0.0
2023,3,3,5,81.0426,0.0,0.0,0.0,83.80827300930713,151.41431533618032,0.0,0.0
2023,3,3,6,81.0426,0.0,0.0,0.0,83.80827300930713,66.31990672970893,0.0,0.0
2023,3,3,7,81.0426,18.490739928378748,18.490739928378748,0.0,65.31753308092838,0.0,0.0,0.0
2023,3,3,8,81.0426,94.9201657900582,83.80827300930713,0.0,0.0,0.0,11.111892780751077,0.0
2023,3,3,9,81.0426,137.88941881154253,83.80827300930713,0.0,0.0,0.0,54.0811458022354,0.0
2023,3,3,10,81.0426,320.6716239928234,83.80827300930713,0.0,0.0,0.0,236.86335098351628,0.0
2023,3,3,11,81.0426,467.77538803713185,83.80827300930713,0.0,0.0,-0.0,383.9671150278247,0.0
2023,3,3,12,81.0426,607.4021918083879,252.7515682091054,168.94329519979826,0.0,158.07035664401917,354.65062359928254,0.0
2023,3,3,13,81.0426,696.9705914279003,696.9705914279003,613.1623184185931,0.0,731.7704625788323,0.0,0.0
2023,3,3,14,81.0426,482.72930858323684,482.72930858323684,398.9210355739297,0.0,1105.0175351625558,0.0,0.0
2023,3,3,15,81.0426,311.84508790285065,311.84508790285065,228.03681489354352,0.0,1318.3782406913517,0.0,0.0
2023,3,3,16,81.0426,99.38772711503563,99.38772711503563,15.5794541057285,0.0,1332.9550243624599,0.0,0.0
2023,3,3,17,81.0426,1.008303771262264,0.0,0.0,83.80827300930713,1247.8606157559884,1.008303771262264,0.0
2023,3,3,18,81.0426,0.0,0.0,0.0,83.80827300930713,1162.766207149517,0.0,0.0
2023,3,3,19,81.0426,0.0,0.0,0.0,83.80827300930713,1077.6717985430455,0.0,0.0
2023,3,3,20,81.0426,0.0,0.0,0.0,83.80827300930713,992.5773899365741,0.0,0.0
2023,3,3,21,81.0426,0.0,0.0,0.0,83.80827300930713,907.4829813301028,0.0,0.0
2023,3,3,22,81.0426,0.0,0.0,0.0,83.80827300930713,822.3885727236315,0.0,0.0
2023,3,3,23,81.0426,0.0,0.0,0.0,83.80827300930713,737.2941641171601,0.0,0.0
2023,3,4,0,81.0426,0.0,0.0,0.0,83.80827300930713,652.1997555106888,0.0,0.0
2023,3,4,1,81.0426,0.0,0.0,0.0,83.80827300930713,567.1053469042174,0.0,0.0
2023,3,4,2,81.0426,0.0,0.0,0.0,83.80827300930713,482.01093829774607,0.0,0.0
2023,3,4,3,81.0426,0.0,0.0,0.0,83.80827300930713,396.91652969127466,0.0,0.0
2023,3,4,4,81.0426,0.0,0.0,0.0,83.80827300930713,311.82212108480326,0.0,0.0
2023,3,4,5,81.0426,0.0,0.0,0.0,83.80827300930713,226.72771247833185,0.0,0.0
2023,3,4,6,81.0426,0.0,0.0,0.0,83.80827300930713,141.63330387186045,0.0,0.0
2023,3,4,7,81.0426,5.506889827662979,5.506889827662979,0.0,78.30138318164416,62.13029473372001,0.0,0.0
2023,3,4,8,81.0426,22.617029207698167,22.617029207698167,0.0,61.19124380160897,0.0,0.0,0.0
2023,3,4,9,81.0426,123.83521547671775,83.80827300930713,0.0,0.0,-0.0,40.02694246741062,0.0
2023,3,4,10,81.0426,476.524362298546,225.59935619892087,141.79108318961374,0.0,132.66562051022905,250.92500609962514,0.0
2023,3,4,11,81.0426,323.26218906668186,323.26218906668186,239.45391605737473,0.0,356.708639596798,0.0,0.0
2023,3,4,12,81.0426,486.9331596911147,486.9331596911147,403.1248866818076,0.0,733.8890096997557,0.0,0.0
2023,3,4,13,81.0426,327.9934606087586,327.9934606087586,244.18518759945147,0.0,962.3588027470864,0.0,0.0
2023,3,4,14,81.0426,172.97839005146932,172.97839005146932,89.17011704216219,0.0,1045.7900640242747,0.0,0.0
2023,3,4,15,81.0426,178.82655192479044,178.82655192479044,95.01827891548331,0.0,1134.6931081972243,0.0,0.0
2023,3,4,16,81.0426,142.88440057071867,142.88440057071867,59.07612756141154,0.0,1189.9671842813698,0.0,0.0
2023,3,4,17,81.0426,1.3340634512085339,1.3340634512085339,0.0,82.47420955809861,1106.2273118841279,0.0,0.0
2023,3,4,18,81.0426,0.0,0.0,0.0,83.80827300930713,1021.1329032776565,0.0,0.0
2023,3,4,19,81.0426,0.0,0.0,0.0,83.80827300930713,936.0384946711852,0.0,0.0
2023,3,4,20,81.0426,0.0,0.0,0.0,83.80827300930713,850.9440860647138,0.0,0.0
2023,3,4,21,81.0426,0.0,0.0,0.0,83.80827300930713,765.8496774582425,0.0,0.0
2023,3,4,22,81.0426,0.0,0.0,0.0,83.80827300930713,680.7552688517711,0.0,0.0
2023,3,4,23,81.0426,0.0,0.0,0.0,83.80827300930713,595.6608602452998,0.0,0.0
2023,3,5,0,81.0426,0.0,0.0,0.0,83.80827300930713,510.56645163882837,0.0,0.0
2023,3,5,1,81.0426,0.0,0.0,0.0,83.80827300930713,425.47204303235696,0.0,0.0
2023,3,5,2,81.0426,0.0,0.0,0.0,83.80827300930713,340.37763442588556,0.0,0.0
2023,3,5,3,81.0426,0.0,0.0,0.0,83.80827300930713,255.28322581941416,0.0,0.0
2023,3,5,4,81.0426,0.0,0.0,0.0,83.80827300930713,170.18881721294278,0.0,0.0
2023,3,5,5,81.0426,0.0,0.0,0.0,83.80827300930713,85.09440860647139,0.0,0.0
2023,3,5,6,81.0426,0.0,0.0,0.0,83.80827300930713,0.0,0.0,0.0
2023,3,5,7,81.0426,155.3098055058121,83.80827300930713,0.0,0.0,0.0,71.50153249650498,0.0
2023,3,5,8,81.0426,481.7985666405332,83.80827300930713,0.0,0.0,0.0,397.99029363122605,0.0
2023,3,5,9,81.0426,802.8890245075733,83.80827300930713,0.0,0.0,0.0,719.0807514982662,0.0
2023,3,5,10,81.0426,1018.1075863920756,83.80827300930713,0.0,0.0,0.0,934.2993133827686,0.0
2023,3,5,11,81.0426,1170.3459434869658,83.80827300930713,0.0,0.0,0.0,1086.5376704776586,0.0
2023,3,5,12,81.0426,737.9387492725716,83.80827300930713,0.0,0.0,-0.0,654.1304762632644,0.0
2023,3,5,13,81.0426,1046.3090672559954,200.91633465778474,117.10806164847763,0.0,109.57116142888367,845.3927325982106,0.0
2023,3,5,14,81.0426,687.9268822179633,687.9268822179633,604.1186092086563,0.0,674.8095977927978,0.0,0.0
2023,3,5,15,81.0426,549.5100429722222,549.5100429722222,465.7017699629151,0.0,1110.5394962817013,0.0,0.0
2023,3,5,16,81.0426,251.59505947850246,251.59505947850246,167.78678646919533,0.0,1267.5277753724672,0.0,0.0
2023,3,5,17,81.0426,3.816041965084876,3.816041965084876,0.0,79.99223104422227,1186.3079703412336,0.0,0.0
2023,3,5,18,81.0426,0.0,0.0,0.0,83.80827300930713,1101.2135617347622,0.0,0.0
2023,3,5,19,81.0426,0.0,0.0,0.0,83.80827300930713,1016.1191531282908,0.0,0.0
2023,3,5,20,81.0426,0.0,0.0,0.0,83.80827300930713,931.0247445218195,0.0,0.0
2023,3,5,21,81.0426,0.0,0.0,0.0,83.80827300930713,845.9303359153481,0.0,0.0
2023,3,5,22,81.0426,0.0,0.0,0.0,83.80827300930713,760.8359273088768,0.0,0.0
2023,3,5,23,81.0426,0.0,0.0,0.0,83.80827300930713,675.7415187024054,0.0,0.0
2023,3,6,0,81.0426,0.0,0.0,0.0,83.80827300930713,590.6471100959341,0.0,0.0
2023,3,6,1,81.0426,0.0,0.0,0.0,83.80827300930713,505.5527014894627,0.0,0.0
2023,3,6,2,81.0426,0.0,0.0,0.0,83.80827300930713,420.4582928829913,0.0,0.0
2023,3,6,3,81.0426,0.0,0.0,0.0,83.80827300930713,335.3638842765199,0.0,0.0
2023,3,6,4,81.0426,0.0,0.0,0.0,83.80827300930713,250.2694756700485,0.0,0.0
2023,3,6,5,81.0426,0.0,0.0,0.0,83.80827300930713,165.1750670635771,0.0,0.0
2023,3,6,6,81.0426,0.0,0.0,0.0,83.80827300930713,80.0806584571057,0.0,0.0
2023,3,6,7,81.0426,25.17656955013315,25.17656955013315,0.0,58.631703459173984,20.549183194581843,0.0,0.0
2023,3,6,8,81.0426,63.569674686657656,63.569674686657656,0.0,20.238598322649477,0.0,0.0,0.0
2023,3,6,9,81.0426,219.60856138092112,83.80827300930713,0.0,0.0,0.0,135.800288371614,0.0
2023,3,6,10,81.0426,376.7953631378522,83.80827300930713,0.0,0.0,0.0,292.98709012854505,0.0
2023,3,6,11,81.0426,496.9851726723141,83.80827300930713,0.0,0.0,-0.0,413.17689966300696,0.0
2023,3,6,12,81.0426,519.1368309086604,354.1775511599975,270.3692781506904,0.0,252.96871457563873,164.95927974866288,0.0
2023,3,6,13,81.0426,485.02513870857246,485.02513870857246,401.2168656992653,0.0,628.3638610813057,0.0,0.0
2023,3,6,14,81.0426,394.9293186548612,394.9293186548612,311.1210456455541,0.0,919.4616201636776,0.0,0.0
2023,3,6,15,81.0426,379.990910474468,379.990910474468,296.1826374651609,0.0,1196.5823847404308,0.0,0.0
2023,3,6,16,81.0426,192.29128536256945,192.29128536256945,108.48301235326232,0.0,1298.083592185319,0.0,0.0
2023,3,6,17,81.0426,6.220458650402582,6.220458650402582,0.0,77.58781435890455,1219.305102414906,0.0,0.0
2023,3,6,18,81.0426,0.0,0.0,0.0,83.80827300930713,1134.2106938084346,0.0,0.0
2023,3,6,19,81.0426,0.0,0.0,0.0,83.80827300930713,1049.1162852019631,0.0,0.0
2023,3,6,20,81.0426,0.0,0.0,0.0,83.80827300930713,964.0218765954917,0.0,0.0
2023,3,6,21,81.0426,0.0,0.0,0.0,83.80827300930713,878.9274679890203,0.0,0.0
2023,3,6,22,81.0426,0.0,0.0,0.0,83.80827300930713,793.833059382549,0.0,0.0
2023,3,6,23,81.0426,0.0,0.0,0.0,83.80827300930713,708.7386507760776,0.0,0.0
2023,3,7,0,81.0426,0.0,0.0,0.0,83.80827300930713,623.6442421696063,0.0,0.0
2023,3,7,1,81.0426,0.0,0.0,0.0,83.80827300930713,538.5498335631349,0.0,0.0
2023,3,7,2,81.0426,0.0,0.0,0.0,83.80827300930713,453.45542495666353,0.0,0.0
2023,3,7,3,81.0426,0.0,0.0,0.0,83.80827300930713,368.36101635019213,0.0,0.0
2023,3,7,4,81.0426,0.0,0.0,0.0,83.80827300930713,283.2666077437207,0.0,0.0
2023,3,7,5,81.0426,0.0,0.0,0.0,83.80827300930713,198.17219913724932,0.0,0.0
2023,3,7,6,81.0426,0.0,0.0,0.0,83.80827300930713,113.07779053077795,0.0,0.0
2023,3,7,7,81.0426,20.50734747090328,20.50734747090328,0.0,63.30092553840385,48.80543853595083,0.0,0.0
2023,3,7,8,81.0426,35.740490599819175,35.740490599819175,0.0,48.067782409487954,0.0,0.0,0.0
2023,3,7,9,81.0426,147.92591942702998,83.80827300930713,0.0,0.0,-0.0,64.11764641772285,0.0
2023,3,7,10,81.0426,451.0995948970252,396.4681150350901,312.65984202578295,0.0,292.53752082217716,54.631479861935134,0.0
2023,3,7,11,81.0426,578.0217711503767,578.0217711503767,494.2134981410696,0.0,754.9441751795408,0.0,0.0
2023,3,7,12,81.0426,420.04383874214733,420.04383874214733,336.2355657328402,0.0,1069.5401212864158,0.0,0.0
2023,3,7,13,81.0426,321.7574895926443,321.7574895926443,237.94921658333715,0.0,1292.1752811133326,0.0,0.0
2023,3,7,14,81.0426,93.13624373320958,93.13624373320958,9.327970723902451,0.0,1300.9029175510407,0.0,0.0
2023,3,7,15,81.0426,47.126567032226895,47.126567032226895,0.0,36.68170597708024,1263.6582880566532,0.0,0.0
2023,3,7,16,81.0426,12.565016226498981,12.565016226498981,0.0,71.24325678280815,1191.3217204905993,0.0,0.0
2023,3,7,17,81.0426,0.5274204341987228,0.0,0.0,83.80827300930713,1106.2273118841279,0.5274204341987228,0.0
2023,3,7,18,81.0426,0.0,0.0,0.0,83.80827300930713,1021.1329032776565,0.0,0.0
2023,3,7,19,81.0426,0.0,0.0,0.0,83.80827300930713,936.0384946711852,0.0,0.0
2023,3,7,20,81.0426,0.0,0.0,0.0,83.80827300930713,850.9440860647138,0.0,0.0
2023,3,7,21,81.0426,0.0,0.0,0.0,83.80827300930713,765.8496774582425,0.0,0.0
2023,3,7,22,81.0426,0.0,0.0,0.0,83.80827300930713,680.7552688517711,0.0,0.0
2023,3,7,23,81.0426,0.0,0.0,0.0,83.80827300930713,595.6608602452998,0.0,0.0
2023,3,8,0,81.0426,0.0,0.0,0.0,83.80827300930713,510.56645163882837,0.0,0.0
2023,3,8,1,81.0426,0.0,0.0,0.0,83.80827300930713,425.47204303235696,0.0,0.0
2023,3,8,2,81.0426,0.0,0.0,0.0,83.80827300930713,340.37763442588556,0.0,0.0
2023,3,8,3,81.0426,0.0,0.0,0.0,83.80827300930713,255.28322581941416,0.0,0.0
2023,3,8,4,81.0426,0.0,0.0,0.0,83.80827300930713,170.18881721294278,0.0,0.0
2023,3,8,5,81.0426,0.0,0.0,0.0,83.80827300930713,85.09440860647139,0.0,0.0
2023,3,8,6,81.0426,0.0,0.0,0.0,83.80827300930713,0.0,0.0,0.0
2023,3,8,7,81.0426,239.89873573186023,83.80827300930713,0.0,0.0,0.0,156.0904627225531,0.0
2023,3,8,8,81.0426,638.31833667186,83.80827300930713,0.0,0.0,-0.0,554.510063662553,0.0
2023,3,8,9,81.0426,573.2439625111647,331.3968656708163,247.58859266150918,0.0,231.65416003465214,241.8470968403484,0.0
2023,3,8,10,81.0426,797.0718873656756,797.0718873656756,713.2636143563684,0.0,899.0131917687978,0.0,0.0
2023,3,8,11,81.0426,823.1481741270889,823.1481741270889,739.3399011177818,0.0,1590.7702793325852,0.0,0.0
2023,3,8,12,81.0426,551.4025515890529,551.4025515890529,467.5942785797457,0.0,2028.2708874057935,0.0,0.0
2023,3,8,13,81.0426,385.82355998207737,385.82355998207737,302.01528697277024,0.0,2310.848920865322,0.0,0.0
2023,3,8,14,81.0426,194.38545473365278,194.38545473365278,110.57718172434565,0.0,2414.3095200633343,0.0,0.0
2023,3,8,15,81.0426,107.77991696508016,107.77991696508016,23.971643955773033,0.0,2436.7383847599253,0.0,0.0
2023,3,8,16,81.0426,39.928829341985654,39.928829341985654,0.0,43.879443667321475,2392.1855599041137,0.0,0.0
2023,3,8,17,81.0426,2.4044166853177065,2.4044166853177145,0.0,81.40385632398942,2309.532466558463,0.0,0.0
2023,3,8,18,81.0426,0.0,-0.0,0.0,83.80827300930713,2224.4380579519916,0.0,0.0
2023,3,8,19,81.0426,0.0,-0.0,0.0,83.80827300930713,2139.34364934552,0.0,0.0
2023,3,8,20,81.0426,0.0,-0.0,0.0,83.80827300930713,2054.2492407390487,0.0,0.0
2023,3,8,21,81.0426,0.0,-0.0,0.0,83.80827300930713,1969.1548321325774,0.0,0.0
2023,3,8,22,81.0426,0.0,-0.0,0.0,83.80827300930713,1884.0604235261062,0.0,0.0
2023,3,8,23,81.0426,0.0,-0.0,0.0,83.80827300930713,1798.9660149196347,0.0,0.0
2023,3,9,0,81.0426,0.0,-0.0,0.0,83.80827300930713,1713.8716063131633,0.0,0.0
2023,3,9,1,81.0426,0.0,-0.0,0.0,83.80827300930713,1628.7771977066918,0.0,0.0
2023,3,9,2,81.0426,0.0,-0.0,0.0,83.80827300930713,1543.6827891002206,0.0,0.0
2023,3,9,3,81.0426,0.0,-0.0,0.0,83.80827300930713,1458.5883804937491,0.0,0.0
2023,3,9,4,81.0426,0.0,-0.0,0.0,83.80827300930713,1373.4939718872777,0.0,0.0
2023,3,9,5,81.0426,0.0,-0.0,0.0,83.80827300930713,1288.3995632808064,0.0,0.0
2023,3,9,6,81.0426,0.0,-0.0,0.0,83.80827300930713,1203.305154674335,0.0,0.0
2023,3,9,7,81.0426,11.184415678155267,11.184415678155263,0.0,72.62385733115187,1129.5667996359389,3.552713678800501e-15,0.0
2023,3,9,8,81.0426,49.29829823186885,49.29829823186885,0.0,34.50997477743828,1094.527229086809,0.0,0.0
2023,3,9,9,81.0426,106.39931641673644,106.39931641673644,22.59104340742931,0.0,1115.6643466276366,0.0,0.0
2023,3,9,10,81.0426,177.35287718217637,177.3528771821764,93.54460417286924,0.0,1203.1885595669064,0.0,0.0
2023,3,9,11,81.0426,194.2303310765355,194.23033107653546,110.42205806722835,0.0,1306.5040186350577,2.842170943040401e-14,0.0
2023,3,9,12,81.0426,188.801003077431,188.801003077431,104.99273006812388,0.0,1404.7395731580725,0.0,0.0
2023,3,9,13,81.0426,154.59623668307268,154.59623668307265,70.78796367376553,0.0,1470.971729046727,2.842170943040401e-14,0.0
2023,3,9,14,81.0426,138.92874731422825,138.92874731422825,55.120474304921125,0.0,1522.5447318194158,0.0,0.0
2023,3,9,15,81.0426,88.76175660250269,88.7617566025027,4.953483593195559,0.0,1527.1794165950425,0.0,0.0
2023,3,9,16,81.0426,38.889500839299934,38.889500839299934,0.0,44.918772170007195,1481.571313529715,0.0,0.0
2023,3,9,17,81.0426,1.5822613025961683,1.5822613025961676,0.0,82.22601170671096,1398.083447869074,6.661338147750939e-16,0.0
2023,3,9,18,81.0426,0.0,-0.0,0.0,83.80827300930713,1312.9890392626025,0.0,0.0
2023,3,9,19,81.0426,0.0,-0.0,0.0,83.80827300930713,1227.8946306561313,0.0,0.0
2023,3,9,20,81.0426,0.0,-0.0,0.0,83.80827300930713,1142.80022204966,0.0,0.0
2023,3,9,21,81.0426,0.0,-0.0,0.0,83.80827300930713,1057.7058134431886,0.0,0.0
2023,3,9,22,81.0426,0.0,-0.0,0.0,83.80827300930713,972.6114048367173,0.0,0.0
2023,3,9,23,81.0426,0.0,-0.0,0.0,83.80827300930713,887.5169962302459,0.0,0.0
2023,3,10,0,81.0426,0.0,-0.0,0.0,83.80827300930713,802.4225876237745,0.0,0.0
2023,3,10,1,81.0426,0.0,-0.0,0.0,83.80827300930713,717.3281790173031,0.0,0.0
2023,3,10,2,81.0426,0.0,-0.0,0.0,83.80827300930713,632.2337704108318,0.0,0.0
2023,3,10,3,81.0426,0.0,-0.0,0.0,83.80827300930713,547.1393618043603,0.0,0.0
2023,3,10,4,81.0426,0.0,-0.0,0.0,83.80827300930713,462.04495319788896,0.0,0.0
2023,3,10,5,81.0426,0.0,-0.0,0.0,83.80827300930713,376.95054459141755,0.0,0.0
2023,3,10,6,81.0426,0.0,-0.0,0.0,83.80827300930713,291.85613598494615,0.0,0.0
2023,3,10,7,81.0426,3.1490102394804538,3.1490102394804627,0.0,80.65926276982667,209.95906284909773,0.0,0.0
2023,3,10,8,81.0426,10.641482878244817,10.641482878244817,0.0,73.16679013106231,135.6694430743873,0.0,0.0
2023,3,10,9,81.0426,63.13532844672945,63.13532844672945,0.0,20.672944562577676,114.67924809075413,0.0,0.0
2023,3,10,10,81.0426,121.88065739703998,121.88065739703998,38.07238438773285,0.0,150.3013505917139,0.0,0.0
2023,3,10,11,81.0426,231.9564044874559,231.9564044874559,148.14813147814877,0.0,288.9148892420716,0.0,0.0
2023,3,10,12,81.0426,241.46548466874464,241.46548466874464,157.6572116594375,0.0,436.4255178529113,0.0,0.0
2023,3,10,13,81.0426,211.46456938226436,211.46456938226433,127.65629637295721,0.0,555.8660453486249,2.842170943040401e-14,0.0
2023,3,10,14,81.0426,171.69086369739597,171.69086369739597,87.88259068808884,0.0,638.0926435479664,0.0,0.0
2023,3,10,15,81.0426,184.24036755818324,184.24036755818324,100.4320945488761,0.0,732.0610782530665,0.0,0.0
2023,3,10,16,81.0426,82.35514956355938,82.35514956355938,0.0,0.0,732.0610782530665,0.0,1.4051703720380755
2023,3,10,17,81.0426,0.9307419427036282,0.9307419427036354,0.0,82.8775310666035,647.9116949088482,0.0,0.0
2023,3,10,18,81.0426,0.0,-0.0,0.0,83.80827300930713,562.8172863023768,0.0,0.0
2023,3,10,19,81.0426,0.0,-0.0,0.0,83.80827300930713,477.7228776959054,0.0,0.0
2023,3,10,20,81.0426,0.0,-0.0,0.0,83.80827300930713,392.628469089434,0.0,0.0
2023,3,10,21,81.0426,0.0,-0.0,0.0,83.80827300930713,307.5340604829627,0.0,0.0
2023,3,10,22,81.0426,0.0,-0.0,0.0,83.80827300930713,222.43965187649127,0.0,0.0
2023,3,10,23,81.0426,0.0,-0.0,0.0,83.80827300930713,137.34524327001986,0.0,0.0
2023,3,11,0,81.0426,0.0,-0.0,0.0,51.46110406264477,85.09440860647139,0.0,31.2797123714225
2023,3,11,1,81.0426,0.0,-0.0,0.0,83.80827300930713,0.0,0.0,0.0
2023,3,11,2,81.0426,0.0,-0.0,0.0,-0.0,0.0,0.0,81.0426
2023,3,11,3,81.0426,0.0,-0.0,0.0,-0.0,0.0,0.0,81.0426
2023,3,11,4,81.0426,0.0,-0.0,0.0,-0.0,0.0,0.0,81.0426
2023,3,11,5,81.0426,0.0,-0.0,0.0,-0.0,0.0,0.0,81.0426
2023,3,11,6,81.0426,0.0,-0.0,0.0,-0.0,0.0,0.0,81.0426
2023,3,11,7,81.0426,18.75445014547811,18.75445014547811,0.0,-0.0,0.0,0.0,62.907046709322664
2023,3,11,8,81.0426,166.72690666964328,83.80827300930713,0.0,0.0,0.0,82.91863366033616,0.0
2023,3,11,9,81.0426,702.8187533012215,83.80827300930713,0.0,0.0,0.0,619.0104802919143,0.0
2023,3,11,10,81.0426,1080.3121728961012,83.80827300930713,0.0,0.0,0.0,996.503899886794,0.0
2023,3,11,11,81.0426,1345.2944039838244,83.80827300930713,0.0,0.0,0.0,1261.4861309745172,0.0
2023,3,11,12,81.0426,1411.3925942814938,83.80827300930713,0.0,0.0,0.0,1327.5843212721866,0.0
2023,3,11,13,81.0426,938.2809524395278,83.80827300930713,0.0,0.0,-0.0,854.4726794302208,0.0
2023,3,11,14,81.0426,699.6232059646055,520.9209016767768,437.1126286674696,0.0,408.9807116959451,178.70230428782872,0.0
2023,3,11,15,81.0426,624.729504308387,624.729504308387,540.9212312990799,0.0,915.0890591544694,0.0,0.0
2023,3,11,16,81.0426,320.98187130705793,320.98187130705793,237.1735982977508,0.0,1136.998518332081,0.0,0.0
2023,3,11,17,81.0426,53.5021493397469,53.5021493397469,0.0,30.30612366956023,1106.2273118841279,0.0,0.0
2023,3,11,18,81.0426,0.0,0.0,0.0,83.80827300930713,1021.1329032776565,0.0,0.0
2023,3,11,19,81.0426,0.0,0.0,0.0,83.80827300930713,936.0384946711852,0.0,0.0
2023,3,11,20,81.0426,0.0,0.0,0.0,83.80827300930713,850.9440860647138,0.0,0.0
2023,3,11,21,81.0426,0.0,0.0,0.0,83.80827300930713,765.8496774582425,0.0,0.0
2023,3,11,22,81.0426,0.0,0.0,0.0,83.80827300930713,680.7552688517711,0.0,0.0
2023,3,11,23,81.0426,0.0,0.0,0.0,83.80827300930713,595.6608602452998,0.0,0.0
2023,3,12,0,81.0426,0.0,0.0,0.0,83.80827300930713,510.56645163882837,0.0,0.0
2023,3,12,1,81.0426,0.0,0.0,0.0,83.80827300930713,425.47204303235696,0.0,0.0
2023,3,12,2,81.0426,0.0,0.0,0.0,83.80827300930713,340.37763442588556,0.0,0.0
2023,3,12,3,81.0426,0.0,0.0,0.0,83.80827300930713,255.28322581941416,0.0,0.0
2023,3,12,4,81.0426,0.0,0.0,0.0,83.80827300930713,170.18881721294278,0.0,0.0
2023,3,12,5,81.0426,0.0,0.0,0.0,83.80827300930713,85.09440860647139,0.0,0.0
2023,3,12,6,81.0426,0.0,0.0,0.0,83.80827300930713,0.0,0.0,0.0
2023,3,12,7,81.0426,262.46922784242315,83.80827300930713,0.0,0.0,0.0,178.66095483311602,0.0
2023,3,12,8,81.0426,662.3935282564605,83.80827300930713,0.0,0.0,0.0,578.5852552471533,0.0
2023,3,12,9,81.0426,958.214342379097,83.80827300930713,0.0,0.0,0.0,874.40606936979,0.0
2023,3,12,10,81.0426,1143.1993034914433,83.80827300930713,0.0,0.0,-0.0,1059.391030482136,0.0
2023,3,12,11,81.0426,1070.1515733549202,83.80827300930713,0.0,0.0,0.0,986.343300345613,0.0
2023,3,12,12,81.0426,960.2929993844685,553.1058621001856,469.2975890908785,0.0,439.09429605977107,407.1871372842829,0.0
2023,3,12,13,81.0426,1047.0536608101584,1047.0536608101584,963.2453878008513,0.0,1340.3466470649912,0.0,0.0
2023,3,12,14,81.0426,551.852410194693,551.852410194693,468.04413718538586,0.0,1778.2681615147965,0.0,0.0
2023,3,12,15,81.0426,187.80821167188046,187.80821167188046,103.99993866257331,0.0,1875.5748192067006,0.0,0.0
2023,3,12,16,81.0426,94.98221525290526,94.98221525290526,11.173942243598132,0.0,1886.0296231897553,0.0,0.0
2023,3,12,17,81.0426,2.156218833930072,2.156218833930072,0.0,81.65205417537706,1803.1245231075036,0.0,0.0
2023,3,12,18,81.0426,0.0,0.0,0.0,83.80827300930713,1718.0301145010321,0.0,0.0
2023,3,12,19,81.0426,0.0,0.0,0.0,83.80827300930713,1632.9357058945607,0.0,0.0
2023,3,12,20,81.0426,0.0,0.0,0.0,83.80827300930713,1547.8412972880892,0.0,0.0
2023,3,12,21,81.0426,0.0,0.0,0.0,83.80827300930713,1462.7468886816177,0.0,0.0
2023,3,12,22,81.0426,0.0,0.0,0.0,83.80827300930713,1377.6524800751463,0.0,0.0
2023,3,12,23,81.0426,0.0,0.0,0.0,83.80827300930713,1292.5580714686748,0.0,0.0
2023,3,13,0,81.0426,0.0,0.0,0.0,83.80827300930713,1207.4636628622034,0.0,0.0
2023,3,13,1,81.0426,0.0,0.0,0.0,83.80827300930713,1122.369254255732,0.0,0.0
2023,3,13,2,81.0426,0.0,0.0,0.0,83.80827300930713,1037.2748456492604,0.0,0.0
2023,3,13,3,81.0426,0.0,0.0,0.0,83.80827300930713,952.1804370427891,0.0,0.0
2023,3,13,4,81.0426,0.0,0.0,0.0,83.80827300930713,867.0860284363177,0.0,0.0
2023,3,13,5,81.0426,0.0,0.0,0.0,83.80827300930713,781.9916198298464,0.0,0.0
2023,3,13,6,81.0426,0.0,0.0,0.0,83.80827300930713,696.897211223375,0.0,0.0
2023,3,13,7,81.0426,11.013779655326113,11.013779655326113,0.0,72.79449335398103,622.9856015535657,0.0,0.0
2023,3,13,8,81.0426,99.07747980080123,99.07747980080123,15.269206791494097,0.0,637.272104964952,0.0,0.0
2023,3,13,9,81.0426,63.119816081017724,63.119816081017724,0.0,20.688456928289405,616.2661595602813,0.0,0.0
2023,3,13,10,81.0426,49.99635468889641,49.99635468889641,0.0,33.811918320410726,581.9353579578411,0.0,0.0
2023,3,13,11,81.0426,69.30924999999685,69.30924999999685,0.0,14.49902300931028,567.2138305471539,0.0,0.0
2023,3,13,12,81.0426,135.65563814905383,135.65563814905383,51.8473651397467,0.0,615.7243765797746,0.0,0.0
2023,3,13,13,81.0426,281.37880164501854,281.37880164501854,197.5705286357114,0.0,800.5795606038612,0.0,0.0
2023,3,13,14,81.0426,319.83395624439015,319.83395624439015,236.02568323508302,0.0,1021.414982820501,0.0,0.0
2023,3,13,15,81.0426,327.1713052260371,327.1713052260371,243.36303221672995,0.0,1249.1155331795683,0.0,0.0
2023,3,13,16,81.0426,32.513918531780085,32.513918531780085,0.0,51.294354477527044,1197.0340070678067,0.0,0.0
2023,3,13,17,81.0426,0.899717211280174,0.899717211280174,0.0,82.90855579802695,1112.8531228815134,0.0,0.0
2023,3,13,18,81.0426,0.0,0.0,0.0,83.80827300930713,1027.758714275042,0.0,0.0
2023,3,13,19,81.0426,0.0,0.0,0.0,83.80827300930713,942.6643056685706,0.0,0.0
2023,3,13,20,81.0426,0.0,0.0,0.0,83.80827300930713,857.5698970620992,0.0,0.0
2023,3,13,21,81.0426,0.0,0.0,0.0,83.80827300930713,772.4754884556279,0.0,0.0
2023,3,13,22,81.0426,0.0,0.0,0.0,83.80827300930713,687.3810798491565,0.0,0.0
2023,3,13,23,81.0426,0.0,0.0,0.0,83.80827300930713,602.2866712426852,0.0,0.0
2023,3,14,0,81.0426,0.0,0.0,0.0,83.80827300930713,517.1922626362139,0.0,0.0
2023,3,14,1,81.0426,0.0,0.0,0.0,83.80827300930713,432.0978540297425,0.0,0.0
2023,3,14,2,81.0426,0.0,0.0,0.0,83.80827300930713,347.0034454232711,0.0,0.0
2023,3,14,3,81.0426,0.0,0.0,0.0,83.80827300930713,261.9090368167997,0.0,0.0
2023,3,14,4,81.0426,0.0,0.0,0.0,83.80827300930713,176.8146282103283,0.0,0.0
2023,3,14,5,81.0426,0.0,0.0,0.0,83.80827300930713,91.7202196038569,0.0,0.0
2023,3,14,6,81.0426,0.7445935541627475,0.7445935541627475,0.0,83.06367945514438,7.381831207187875,0.0,0.0
2023,3,14,7,81.0426,76.5380124216617,76.5380124216617,0.0,7.270260587645426,0.0,0.0,0.0
2023,3,14,8,81.0426,341.3651198522674,83.80827300930713,0.0,0.0,0.0,257.5568468429603,0.0
2023,3,14,9,81.0426,692.4254682743642,83.80827300930713,0.0,0.0,0.0,608.617195265057,0.0
2023,3,14,10,81.0426,781.7146453110657,83.80827300930713,0.0,0.0,0.0,697.9063723017587,0.0
2023,3,14,11,81.0426,729.7482201767798,83.80827300930713,0.0,0.0,0.0,645.9399471674726,0.0
2023,3,14,12,81.0426,750.5813273276293,83.80827300930713,0.0,0.0,-0.0,666.7730543183222,0.0
2023,3,14,13,81.0426,547.2142128468865,530.3432063108359,446.5349333015288,0.0,417.7966108540202,16.871006536050686,0.0
2023,3,14,14,81.0426,364.3389334713353,364.3389334713353,280.53066046202815,0.0,680.2727363277938,0.0,0.0
2023,3,14,15,81.0426,378.47069863471876,378.47069863471876,294.66242562541163,0.0,955.9711276319088,0.0,0.0
2023,3,14,16,81.0426,287.70784685540326,287.70784685540326,203.89957384609613,0.0,1146.7480289543262,0.0,0.0
2023,3,14,17,81.0426,42.472857318708755,42.472857318708755,0.0,41.335415690598374,1104.7782731486732,0.0,0.0
2023,3,14,18,81.0426,0.0,0.0,0.0,83.80827300930713,1019.6838645422017,0.0,0.0
2023,3,14,19,81.0426,0.0,0.0,0.0,83.80827300930713,934.5894559357304,0.0,0.0
2023,3,14,20,81.0426,0.0,0.0,0.0,83.80827300930713,849.495047329259,0.0,0.0
2023,3,14,21,81.0426,0.0,0.0,0.0,83.80827300930713,764.4006387227877,0.0,0.0
2023,3,14,22,81.0426,0.0,0.0,0.0,83.80827300930713,679.3062301163163,0.0,0.0
2023,3,14,23,81.0426,0.0,0.0,0.0,83.80827300930713,594.211821509845,0.0,0.0
2023,3,15,0,81.0426,0.0,0.0,0.0,83.80827300930713,509.1174129033736,0.0,0.0
2023,3,15,1,81.0426,0.0,0.0,0.0,83.80827300930713,424.0230042969022,0.0,0.0
2023,3,15,2,81.0426,0.0,0.0,0.0,83.80827300930713,338.92859569043077,0.0,0.0
2023,3,15,3,81.0426,0.0,0.0,0.0,83.80827300930713,253.83418708395936,0.0,0.0
2023,3,15,4,81.0426,0.0,0.0,0.0,83.80827300930713,168.73977847748796,0.0,0.0
2023,3,15,5,81.0426,0.0,0.0,0.0,83.80827300930713,83.64536987101657,0.0,0.0
2023,3,15,6,81.0426,1.4271376454788969,1.4271376454788969,0.0,82.38113536382824,0.0,0.0,0.0
2023,3,15,7,81.0426,220.523790957913,83.80827300930713,0.0,0.0,0.0,136.71551794860588,0.0
2023,3,15,8,81.0426,555.77703871976,83.80827300930713,0.0,0.0,0.0,471.96876571045283,0.0
2023,3,15,9,81.0426,859.4936469896656,83.80827300930713,0.0,0.0,0.0,775.6853739803585,0.0
2023,3,15,10,81.0426,947.3246616494647,83.80827300930713,0.0,0.0,0.0,863.5163886401576,0.0
2023,3,15,11,81.0426,1047.937865655727,83.80827300930713,0.0,0.0,0.0,964.1295926464197,0.0
2023,3,15,12,81.0426,1242.9748397492722,83.80827300930713,0.0,0.0,0.0,1159.166566739965,0.0
2023,3,15,13,81.0426,1069.6706900178565,83.80827300930713,0.0,0.0,-0.0,985.8624170085493,0.0
2023,3,15,14,81.0426,1081.3359890330755,353.4641142122024,269.65584120289526,0.0,252.30119336594748,727.8718748208731,0.0
2023,3,15,15,81.0426,795.7533362801787,795.7533362801787,711.9450632708716,0.0,918.4265339962743,0.0,0.0
2023,3,15,16,81.0426,319.9735675357957,319.9735675357957,236.1652945264886,0.0,1139.392582329789,0.0,0.0
2023,3,15,17,81.0426,48.972538551922575,48.972538551922575,0.0,34.835734457384554,1104.0222529388707,0.0,0.0
2023,3,15,18,81.0426,0.0,0.0,0.0,83.80827300930713,1018.9278443323992,0.0,0.0
2023,3,15,19,81.0426,0.0,0.0,0.0,83.80827300930713,933.8334357259279,0.0,0.0
2023,3,15,20,81.0426,0.0,0.0,0.0,83.80827300930713,848.7390271194565,0.0,0.0
2023,3,15,21,81.0426,0.0,0.0,0.0,83.80827300930713,763.6446185129852,0.0,0.0
2023,3,15,22,81.0426,0.0,0.0,0.0,83.80827300930713,678.5502099065138,0.0,0.0
2023,3,15,23,81.0426,0.0,0.0,0.0,83.80827300930713,593.4558013000425,0.0,0.0
2023,3,16,0,81.0426,0.0,0.0,0.0,83.80827300930713,508.3613926935711,0.0,0.0
2023,3,16,1,81.0426,0.0,0.0,0.0,83.80827300930713,423.2669840870997,0.0,0.0
2023,3,16,2,81.0426,0.0,0.0,0.0,83.80827300930713,338.17257548062827,0.0,0.0
2023,3,16,3,81.0426,0.0,0.0,0.0,83.80827300930713,253.07816687415686,0.0,0.0
2023,3,16,4,81.0426,0.0,0.0,0.0,83.80827300930713,167.98375826768546,0.0,0.0
2023,3,16,5,81.0426,0.0,0.0,0.0,83.80827300930713,82.88934966121406,0.0,0.0
2023,3,16,6,81.0426,2.1717311996417994,2.1717311996417994,0.0,81.63654180966533,0.0,0.0,0.0
2023,3,16,7,81.0426,303.1736754699952,83.80827300930713,0.0,0.0,0.0,219.36540246068807,0.0
2023,3,16,8,81.0426,723.5122491606654,83.80827300930713,0.0,0.0,0.0,639.7039761513583,0.0
2023,3,16,9,81.0426,1059.1067689681704,83.80827300930713,0.0,0.0,0.0,975.2984959588632,0.0
2023,3,16,10,81.0426,1318.2408381825721,83.80827300930713,0.0,0.0,0.0,1234.432565173265,0.0
2023,3,16,11,81.0426,1433.6218143463987,83.80827300930713,0.0,0.0,0.0,1349.8135413370915,0.0
2023,3,16,12,81.0426,1326.322780718382,83.80827300930713,0.0,0.0,0.0,1242.514507709075,0.0
2023,3,16,13,81.0426,1210.35233465751,83.80827300930713,0.0,0.0,-0.0,1126.5440616482028,0.0
2023,3,16,14,81.0426,951.0786541517027,286.7044220990063,202.8961490896992,0.0,189.8380554870646,664.3742320526965,0.0
2023,3,16,15,81.0426,767.7069790733759,767.7069790733759,683.8987060640688,0.0,829.7220606385142,0.0,0.0
2023,3,16,16,81.0426,391.532110563993,391.532110563993,307.7238375546859,0.0,1117.6412508769292,0.0,0.0
2023,3,16,17,81.0426,68.37850805729323,68.37850805729323,0.0,15.4297649520139,1101.9746982039887,0.0,0.0
2023,3,16,18,81.0426,0.0,0.0,0.0,83.80827300930713,1016.8802895975174,0.0,0.0
2023,3,16,19,81.0426,0.0,0.0,0.0,83.80827300930713,931.785880991046,0.0,0.0
2023,3,16,20,81.0426,0.0,0.0,0.0,83.80827300930713,846.6914723845747,0.0,0.0
2023,3,16,21,81.0426,0.0,0.0,0.0,83.80827300930713,761.5970637781033,0.0,0.0
2023,3,16,22,81.0426,0.0,0.0,0.0,83.80827300930713,676.502655171632,0.0,0.0
2023,3,16,23,81.0426,0.0,0.0,0.0,83.80827300930713,591.4082465651607,0.0,0.0
2023,3,17,0,81.0426,0.0,0.0,0.0,83.80827300930713,506.31383795868925,0.0,0.0
2023,3,17,1,81.0426,0.0,0.0,0.0,83.80827300930713,421.21942935221784,0.0,0.0
2023,3,17,2,81.0426,0.0,0.0,0.0,83.80827300930713,336.12502074574644,0.0,0.0
2023,3,17,3,81.0426,0.0,0.0,0.0,83.80827300930713,251.03061213927504,0.0,0.0
2023,3,17,4,81.0426,0.0,0.0,0.0,83.80827300930713,165.93620353280363,0.0,0.0
2023,3,17,5,81.0426,0.0,0.0,0.0,83.80827300930713,80.84179492633223,0.0,0.0
2023,3,17,6,81.0426,4.188338742166327,4.188338742166327,0.0,79.61993426714079,0.0,0.0,0.0
2023,3,17,7,81.0426,100.03924647492815,83.80827300930713,0.0,0.0,0.0,16.23097346562102,0.0
2023,3,17,8,81.0426,197.28626712174574,83.80827300930713,0.0,-0.0,0.0,113.47799411243861,0.0
2023,3,17,9,81.0426,524.6902578334588,83.80827300930713,0.0,0.0,0.0,440.88198482415163,0.0
2023,3,17,10,81.0426,992.9310168419424,83.80827300930713,0.0,0.0,0.0,909.1227438326353,0.0
2023,3,17,11,81.0426,1303.752288607819,83.80827300930713,0.0,0.0,0.0,1219.944015598512,0.0
2023,3,17,12,81.0426,1364.2039777864197,83.80827300930713,0.0,0.0,0.0,1280.3957047771125,0.0
2023,3,17,13,81.0426,1156.8967224148982,83.80827300930713,0.0,0.0,0.0,1073.088449405591,0.0
2023,3,17,14,81.0426,962.3096069269932,561.4652456444655,477.6569726351584,0.0,446.9156821444084,400.84436128252764,0.0
2023,3,17,15,81.0426,673.3762831803633,673.3762831803633,589.5680101710562,0.0,998.5399743273565,0.0,0.0
2023,3,17,16,81.0426,247.2050599820837,247.2050599820837,163.39678697277657,0.0,1151.420787743055,0.0,0.0
2023,3,17,17,81.0426,37.02801695389268,37.02801695389268,0.0,46.78025605541445,1103.922634153221,0.0,0.0
2023,3,17,18,81.0426,0.0,0.0,0.0,83.80827300930713,1018.8282255467496,0.0,0.0
2023,3,17,19,81.0426,0.0,0.0,0.0,83.80827300930713,933.7338169402783,0.0,0.0
2023,3,17,20,81.0426,0.0,0.0,0.0,83.80827300930713,848.639408333807,0.0,0.0
2023,3,17,21,81.0426,0.0,0.0,0.0,83.80827300930713,763.5449997273356,0.0,0.0
2023,3,17,22,81.0426,0.0,0.0,0.0,83.80827300930713,678.4505911208643,0.0,0.0
2023,3,17,23,81.0426,0.0,0.0,0.0,83.80827300930713,593.3561825143929,0.0,0.0
2023,3,18,0,81.0426,0.0,0.0,0.0,83.80827300930713,508.26177390792157,0.0,0.0
2023,3,18,1,81.0426,0.0,0.0,0.0,83.80827300930713,423.16736530145016,0.0,0.0
2023,3,18,2,81.0426,0.0,0.0,0.0,83.80827300930713,338.07295669497876,0.0,0.0
2023,3,18,3,81.0426,0.0,0.0,0.0,83.80827300930713,252.97854808850735,0.0,0.0
2023,3,18,4,81.0426,0.0,0.0,0.0,83.80827300930713,167.88413948203595,0.0,0.0
2023,3,18,5,81.0426,0.0,0.0,0.0,83.80827300930713,82.78973087556454,0.0,0.0
2023,3,18,6,81.0426,3.800529599373149,3.800529599373149,0.0,80.00774340993398,1.5541754232934994,0.0,0.0
2023,3,18,7,81.0426,82.27758773500074,82.27758773500074,0.0,1.5306852743063946,0.0,0.0,0.0
2023,3,18,8,81.0426,280.68074518799085,83.80827300930713,0.0,0.0,0.0,196.87247217868372,0.0
2023,3,18,9,81.0426,604.0515208146546,83.80827300930713,0.0,0.0,0.0,520.2432478053474,0.0
2023,3,18,10,81.0426,674.1829261973731,83.80827300930713,0.0,0.0,0.0,590.3746531880661,0.0
2023,3,18,11,81.0426,712.9948652081144,83.80827300930713,0.0,0.0,0.0,629.1865921988074,0.0
2023,3,18,12,81.0426,888.7654810876946,83.80827300930713,0.0,0.0,0.0,804.9572080783876,0.0
2023,3,18,13,81.0426,903.9986242166107,83.80827300930713,0.0,0.0,-0.0,820.1903512073036,0.0
2023,3,18,14,81.0426,818.1842170993363,368.85297018195814,285.04469717265096,0.0,266.6996455128998,449.3312469173781,0.0
2023,3,18,15,81.0426,702.9428522269153,702.9428522269153,619.1345792176082,0.0,845.9876464473632,0.0,0.0
2023,3,18,16,81.0426,374.2823598925524,374.2823598925524,290.47408688324526,0.0,1117.7672542452299,0.0,0.0
2023,3,18,17,81.0426,60.746424127123326,60.746424127123326,0.0,23.061848882183806,1094.3514944218134,0.0,0.0
2023,3,18,18,81.0426,0.0,0.0,0.0,83.80827300930713,1009.257085815342,0.0,0.0
2023,3,18,19,81.0426,0.0,0.0,0.0,83.80827300930713,924.1626772088706,0.0,0.0
2023,3,18,20,81.0426,0.0,0.0,0.0,83.80827300930713,839.0682686023993,0.0,0.0
2023,3,18,21,81.0426,0.0,0.0,0.0,83.80827300930713,753.9738599959279,0.0,0.0
2023,3,18,22,81.0426,0.0,0.0,0.0,83.80827300930713,668.8794513894566,0.0,0.0
2023,3,18,23,81.0426,0.0,0.0,0.0,83.80827300930713,583.7850427829852,0.0,0.0
2023,3,19,0,81.0426,0.0,0.0,0.0,83.80827300930713,498.69063417651387,0.0,0.0
2023,3,19,1,81.0426,0.0,0.0,0.0,83.80827300930713,413.59622557004246,0.0,0.0
2023,3,19,2,81.0426,0.0,0.0,0.0,83.80827300930713,328.50181696357106,0.0,0.0
2023,3,19,3,81.0426,0.0,0.0,0.0,83.80827300930713,243.40740835709965,0.0,0.0
2023,3,19,4,81.0426,0.0,0.0,0.0,83.80827300930713,158.31299975062825,0.0,0.0
2023,3,19,5,81.0426,0.0,0.0,0.0,83.80827300930713,73.21859114415687,0.0,0.0
2023,3,19,6,81.0426,11.696323746642262,11.696323746642262,0.0,72.11194926266487,0.0,0.0,0.0
2023,3,19,7,81.0426,124.79698215084483,83.80827300930713,0.0,0.0,0.0,40.9887091415377,0.0
2023,3,19,8,81.0426,389.0191073186932,83.80827300930713,0.0,0.0,0.0,305.2108343093861,0.0
2023,3,19,9,81.0426,542.8862628133147,83.80827300930713,0.0,0.0,0.0,459.0779898040076,0.0
2023,3,19,10,81.0426,784.7550689905642,83.80827300930713,0.0,0.0,0.0,700.9467959812571,0.0
2023,3,19,11,81.0426,919.8832867054193,83.80827300930713,0.0,0.0,0.0,836.0750136961121,0.0
2023,3,19,12,81.0426,842.1818468553781,83.80827300930713,0.0,0.0,-0.0,758.3735738460709,0.0
2023,3,19,13,81.0426,794.2796615375646,605.8519400207289,522.0436670114218,0.0,488.44571505875047,188.42772151683573,0.0
2023,3,19,14,81.0426,497.80732805503555,497.80732805503555,413.9990550457284,0.0,875.8004082649675,0.0,0.0
2023,3,19,15,81.0426,283.1782360675789,283.1782360675789,199.36996305827176,0.0,1062.3392177954422,0.0,0.0
2023,3,19,16,81.0426,171.58227713741388,171.58227713741388,87.77400412810675,0.0,1144.464217903881,0.0,0.0
2023,3,19,17,81.0426,28.94607441808284,28.94607441808284,0.0,54.86219859122429,1088.7600949534824,0.0,0.0
2023,3,19,18,81.0426,0.0,0.0,0.0,83.80827300930713,1003.6656863470109,0.0,0.0
2023,3,19,19,81.0426,0.0,0.0,0.0,83.80827300930713,918.5712777405396,0.0,0.0
2023,3,19,20,81.0426,0.0,0.0,0.0,83.80827300930713,833.4768691340682,0.0,0.0
2023,3,19,21,81.0426,0.0,0.0,0.0,83.80827300930713,748.3824605275969,0.0,0.0
2023,3,19,22,81.0426,0.0,0.0,0.0,83.80827300930713,663.2880519211255,0.0,0.0
2023,3,19,23,81.0426,0.0,0.0,0.0,83.80827300930713,578.1936433146542,0.0,0.0
2023,3,20,0,81.0426,0.0,0.0,0.0,83.80827300930713,493.0992347081828,0.0,0.0
2023,3,20,1,81.0426,0.0,0.0,0.0,83.80827300930713,408.0048261017114,0.0,0.0
2023,3,20,2,81.0426,0.0,0.0,0.0,83.80827300930713,322.91041749524,0.0,0.0
2023,3,20,3,81.0426,0.0,0.0,0.0,83.80827300930713,237.81600888876858,0.0,0.0
2023,3,20,4,81.0426,0.0,0.0,0.0,83.80827300930713,152.72160028229717,0.0,0.0
2023,3,20,5,81.0426,0.0,0.0,0.0,83.80827300930713,67.62719167582578,0.0,0.0
2023,3,20,6,81.0426,17.203213574305394,17.203213574305394,0.0,66.60505943500173,0.0,0.0,0.0
2023,3,20,7,81.0426,274.16555158906544,83.80827300930713,0.0,0.0,0.0,190.35727857975832,0.0
2023,3,20,8,81.0426,657.6157196172486,83.80827300930713,0.0,0.0,0.0,573.8074466079415,0.0
2023,3,20,9,81.0426,626.1721543195777,83.80827300930713,0.0,0.0,-0.0,542.3638813102705,0.0
2023,3,20,10,81.0426,530.7866175581674,513.4397020464954,429.63142903718835,0.0,401.98099091812355,17.346915511672023,0.0
2023,3,20,11,81.0426,311.3486922000754,311.3486922000754,227.54041919076826,0.0,614.8772480313642,0.0,0.0
2023,3,20,12,81.0426,521.8980320053479,521.8980320053479,438.08975899604076,0.0,1024.7722034050016,0.0,0.0
2023,3,20,13,81.0426,296.3482345568352,296.3482345568352,212.5399615475281,0.0,1223.633409960679,0.0,0.0
2023,3,20,14,81.0426,225.0378893800256,225.0378893800256,141.22961637071847,0.0,1355.7736988192341,0.0,0.0
2023,3,20,15,81.0426,217.43683018127928,217.43683018127928,133.62855717197215,0.0,1480.802121314598,0.0,0.0
2023,3,20,16,81.0426,88.60663294538541,88.60663294538541,4.798359936078283,0.0,1485.2916659603636,0.0,0.0
2023,3,20,17,81.0426,22.260244796328443,22.260244796328443,0.0,61.548028212978686,1422.7991115427799,0.0,0.0
2023,3,20,18,81.0426,0.0,0.0,0.0,83.80827300930713,1337.7047029363084,0.0,0.0
2023,3,20,19,81.0426,0.0,0.0,0.0,83.80827300930713,1252.610294329837,0.0,0.0
2023,3,20,20,81.0426,0.0,0.0,0.0,83.80827300930713,1167.5158857233655,0.0,0.0
2023,3,20,21,81.0426,0.0,0.0,0.0,83.80827300930713,1082.421477116894,0.0,0.0
2023,3,20,22,81.0426,0.0,0.0,0.0,83.80827300930713,997.3270685104226,0.0,0.0
2023,3,20,23,81.0426,0.0,0.0,0.0,83.80827300930713,912.2326599039512,0.0,0.0
2023,3,21,0,81.0426,0.0,0.0,0.0,83.80827300930713,827.1382512974799,0.0,0.0
2023,3,21,1,81.0426,0.0,0.0,0.0,83.80827300930713,742.0438426910085,0.0,0.0
2023,3,21,2,81.0426,0.0,0.0,0.0,83.80827300930713,656.9494340845372,0.0,0.0
2023,3,21,3,81.0426,0.0,0.0,0.0,83.80827300930713,571.8550254780658,0.0,0.0
2023,3,21,4,81.0426,0.0,0.0,0.0,83.80827300930713,486.76061687159444,0.0,0.0
2023,3,21,5,81.0426,0.0,0.0,0.0,83.80827300930713,401.66620826512303,0.0,0.0
2023,3,21,6,81.0426,1.1013779655324716,1.1013779655324716,0.0,82.70689504377467,317.6900795523177,0.0,0.0
2023,3,21,7,81.0426,47.266178323632595,47.266178323632595,0.0,36.542094685674535,280.5872038472684,0.0,0.0
2023,3,21,8,81.0426,134.24401286928668,134.24401286928668,50.43573985997955,0.0,327.77697469815365,0.0,0.0
2023,3,21,9,81.0426,367.9998517793029,367.9998517793029,284.1915787699958,0.0,593.678407236648,0.0,0.0
2023,3,21,10,81.0426,330.58402568261704,330.58402568261704,246.7757526733099,0.0,824.5720404526583,0.0,0.0
2023,3,21,11,81.0426,370.86963943597243,370.86963943597243,287.0613664266653,0.0,1093.158565393582,0.0,0.0
2023,3,21,12,81.0426,234.1281356870977,234.1281356870977,150.31986267779058,0.0,1233.8040658619943,0.0,0.0
2023,3,21,13,81.0426,94.16005987018373,94.16005987018373,10.351786860876599,0.0,1243.4896271567854,0.0,0.0
2023,3,21,14,81.0426,108.33836213070234,108.33836213070234,24.530089121395203,0.0,1266.4409963208761,0.0,0.0
2023,3,21,15,81.0426,44.62907615263898,44.62907615263898,0.0,39.179196856668156,1226.660549039443,0.0,0.0
2023,3,21,16,81.0426,20.87964424798473,20.87964424798473,0.0,62.9286287613224,1162.766207149517,0.0,0.0
2023,3,21,17,81.0426,7.849257050133777,7.849257050133777,0.0,75.95901595917336,1085.641511588047,0.0,0.0
2023,3,21,18,81.0426,0.0,0.0,0.0,83.80827300930713,1000.5471029815756,0.0,0.0
2023,3,21,19,81.0426,0.0,0.0,0.0,83.80827300930713,915.4526943751042,0.0,0.0
2023,3,21,20,81.0426,0.0,0.0,0.0,83.80827300930713,830.3582857686329,0.0,0.0
2023,3,21,21,81.0426,0.0,0.0,0.0,83.80827300930713,745.2638771621615,0.0,0.0
2023,3,21,22,81.0426,0.0,0.0,0.0,83.80827300930713,660.1694685556902,0.0,0.0
2023,3,21,23,81.0426,0.0,0.0,0.0,83.80827300930713,575.0750599492188,0.0,0.0
2023,3,22,0,81.0426,0.0,0.0,0.0,83.80827300930713,489.9806513427474,0.0,0.0
2023,3,22,1,81.0426,0.0,0.0,0.0,83.80827300930713,404.886242736276,0.0,0.0
2023,3,22,2,81.0426,0.0,0.0,0.0,83.80827300930713,319.7918341298046,0.0,0.0
2023,3,22,3,81.0426,0.0,0.0,0.0,83.80827300930713,234.6974255233332,0.0,0.0
2023,3,22,4,81.0426,0.0,0.0,0.0,83.80827300930713,149.6030169168618,0.0,0.0
2023,3,22,5,81.0426,0.0,0.0,0.0,83.80827300930713,64.5086083103904,0.0,0.0
2023,3,22,6,81.0426,20.27466198522737,20.27466198522737,0.0,63.533611024079754,0.0,0.0,0.0
2023,3,22,7,81.0426,189.04920092881864,83.80827300930713,0.0,-0.0,0.0,105.2409279195115,0.0
2023,3,22,8,81.0426,420.40062315351713,83.80827300930713,0.0,0.0,0.0,336.59235014421,0.0
2023,3,22,9,81.0426,585.4987314234291,83.80827300930713,0.0,0.0,0.0,501.690458414122,0.0
2023,3,22,10,81.0426,833.4794096910991,83.80827300930713,0.0,0.0,0.0,749.671136681792,0.0
2023,3,22,11,81.0426,958.3694660362144,83.80827300930713,0.0,0.0,-0.0,874.5611930269072,0.0
2023,3,22,12,81.0426,862.828805617687,214.52631309809493,130.71804008878777,0.0,122.30522195157556,648.3024925195921,0.0
2023,3,22,13,81.0426,552.8607139659553,552.8607139659553,469.0524409566481,0.0,561.1701472454777,0.0,0.0
2023,3,22,14,81.0426,414.4904118173491,414.4904118173491,330.682138808042,0.0,870.5700767033273,0.0,0.0
2023,3,22,15,81.0426,368.0619012421498,368.0619012421498,284.2536282328427,0.0,1136.5295652937662,0.0,0.0
2023,3,22,16,81.0426,216.44403877572876,216.44403877572876,132.63576576642163,0.0,1260.6290909580193,0.0,0.0
2023,3,22,17,81.0426,35.771515331242625,35.771515331242625,0.0,48.03675767806451,1211.8551532641436,0.0,0.0
2023,3,22,18,81.0426,0.0,0.0,0.0,83.80827300930713,1126.7607446576721,0.0,0.0
2023,3,22,19,81.0426,0.0,0.0,0.0,83.80827300930713,1041.6663360512007,0.0,0.0
2023,3,22,20,81.0426,0.0,0.0,0.0,83.80827300930713,956.5719274447292,0.0,0.0
2023,3,22,21,81.0426,0.0,0.0,0.0,83.80827300930713,871.4775188382579,0.0,0.0
2023,3,22,22,81.0426,0.0,0.0,0.0,83.80827300930713,786.3831102317865,0.0,0.0
2023,3,22,23,81.0426,0.0,0.0,0.0,83.80827300930713,701.2887016253152,0.0,0.0
2023,3,23,0,81.0426,0.0,0.0,0.0,83.80827300930713,616.1942930188438,0.0,0.0
2023,3,23,1,81.0426,0.0,0.0,0.0,83.80827300930713,531.0998844123725,0.0,0.0
2023,3,23,2,81.0426,0.0,0.0,0.0,83.80827300930713,446.0054758059011,0.0,0.0
2023,3,23,3,81.0426,0.0,0.0,0.0,83.80827300930713,360.9110671994297,0.0,0.0
2023,3,23,4,81.0426,0.0,0.0,0.0,83.80827300930713,275.8166585929583,0.0,0.0
2023,3,23,5,81.0426,0.0,0.0,0.0,83.80827300930713,190.7222499864869,0.0,0.0
2023,3,23,6,81.0426,0.0,0.0,0.0,83.80827300930713,105.62784138001551,0.0,0.0
2023,3,23,7,81.0426,5.553426924798315,5.553426924798315,0.0,78.25484608450881,26.172083504987885,0.0,0.0
2023,3,23,8,81.0426,58.031760127571225,58.031760127571225,0.0,25.776512881735908,0.0,0.0,0.0
2023,3,23,9,81.0426,110.33945730751513,83.80827300930713,0.0,0.0,0.0,26.531184298208004,0.0
2023,3,23,10,81.0426,185.12457240375167,83.80827300930713,0.0,-0.0,0.0,101.31629939444454,0.0
2023,3,23,11,81.0426,499.5136882833256,83.80827300930713,0.0,0.0,0.0,415.7054152740185,0.0
2023,3,23,12,81.0426,936.4504932855439,83.80827300930713,0.0,0.0,-0.0,852.6422202762367,0.0
2023,3,23,13,81.0426,635.4330366494788,482.0847107367711,398.276437727464,0.0,372.6439600934509,153.3483259127077,0.0
2023,3,23,14,81.0426,407.5718967099188,407.5718967099188,323.7636237006117,0.0,675.5706397594979,0.0,0.0
2023,3,23,15,81.0426,382.08507984555115,382.08507984555115,298.276806836244,0.0,954.6507960893753,0.0,0.0
2023,3,23,16,81.0426,333.45381333928657,333.45381333928657,249.64554032997944,0.0,1188.229521707815,0.0,0.0
2023,3,23,17,81.0426,41.991973981645366,41.991973981645366,0.0,41.81629902766176,1145.771502849998,0.0,0.0
2023,3,23,18,81.0426,0.0,0.0,0.0,83.80827300930713,1060.6770942435264,0.0,0.0
2023,3,23,19,81.0426,0.0,0.0,0.0,83.80827300930713,975.582685637055,0.0,0.0
2023,3,23,20,81.0426,0.0,0.0,0.0,83.80827300930713,890.4882770305836,0.0,0.0
2023,3,23,21,81.0426,0.0,0.0,0.0,83.80827300930713,805.3938684241123,0.0,0.0
2023,3,23,22,81.0426,0.0,0.0,0.0,83.80827300930713,720.2994598176409,0.0,0.0
2023,3,23,23,81.0426,0.0,0.0,0.0,83.80827300930713,635.2050512111696,0.0,0.0
2023,3,24,0,81.0426,0.0,0.0,0.0,83.80827300930713,550.1106426046982,0.0,0.0
2023,3,24,1,81.0426,0.0,0.0,0.0,83.80827300930713,465.0162339982269,0.0,0.0
2023,3,24,2,81.0426,0.0,0.0,0.0,83.80827300930713,379.9218253917555,0.0,0.0
2023,3,24,3,81.0426,0.0,0.0,0.0,83.80827300930713,294.8274167852841,0.0,0.0
2023,3,24,4,81.0426,0.0,0.0,0.0,83.80827300930713,209.73300817881267,0.0,0.0
2023,3,24,5,81.0426,0.0,0.0,0.0,83.80827300930713,124.63859957234126,0.0,0.0
2023,3,24,6,81.0426,12.378867837958255,12.378867837958255,0.0,71.42940517134888,52.11302695383668,0.0,0.0
2023,3,24,7,81.0426,32.48289380035663,32.48289380035663,0.0,51.32537920895051,0.0,0.0,0.0
2023,3,24,8,81.0426,88.96341735675514,83.80827300930713,0.0,0.0,0.0,5.155144347448015,0.0
2023,3,24,9,81.0426,283.08516187330855,83.80827300930713,0.0,0.0,0.0,199.27688886400142,0.0
2023,3,24,10,81.0426,245.79343470231635,83.80827300930713,0.0,0.0,-0.0,161.98516169300922,0.0
2023,3,24,11,81.0426,397.90769287151284,396.95179838513144,313.1435253758243,0.0,292.9900750330642,0.9558944863813963,0.0
2023,3,24,12,81.0426,493.91372426139196,493.91372426139196,410.10545125208483,0.0,676.7017509797689,0.0,0.0
2023,3,24,13,81.0426,200.99372252684853,200.99372252684853,117.18544951754139,0.0,786.3453197098619,0.0,0.0
2023,3,24,14,81.0426,189.60764609444084,189.60764609444084,105.79937308513371,0.0,885.3356029081542,0.0,0.0
2023,3,24,15,81.0426,293.8662560429589,293.8662560429589,210.0579830336518,0.0,1081.874567386055,0.0,0.0
2023,3,24,16,81.0426,134.49221072067428,134.49221072067428,50.68393771136714,0.0,1129.296562444718,0.0,0.0
2023,3,24,17,81.0426,36.4695717882705,36.4695717882705,0.0,47.33870122103663,1081.2313936975322,0.0,0.0
2023,3,24,18,81.0426,0.0,0.0,0.0,83.80827300930713,996.1369850910609,0.0,0.0
2023,3,24,19,81.0426,0.0,0.0,0.0,83.80827300930713,911.0425764845895,0.0,0.0
2023,3,24,20,81.0426,0.0,0.0,0.0,83.80827300930713,825.9481678781182,0.0,0.0
2023,3,24,21,81.0426,0.0,0.0,0.0,83.80827300930713,740.8537592716468,0.0,0.0
2023,3,24,22,81.0426,0.0,0.0,0.0,83.80827300930713,655.7593506651755,0.0,0.0
2023,3,24,23,81.0426,0.0,0.0,0.0,83.80827300930713,570.6649420587041,0.0,0.0
2023,3,25,0,81.0426,0.0,0.0,0.0,83.80827300930713,485.5705334522327,0.0,0.0
2023,3,25,1,81.0426,0.0,0.0,0.0,83.80827300930713,400.4761248457613,0.0,0.0
2023,3,25,2,81.0426,0.0,0.0,0.0,83.80827300930713,315.3817162392899,0.0,0.0
2023,3,25,3,81.0426,0.0,0.0,0.0,83.80827300930713,230.2873076328185,0.0,0.0
2023,3,25,4,81.0426,0.0,0.0,0.0,83.80827300930713,145.19289902634713,0.0,0.0
2023,3,25,5,81.0426,0.0,0.0,0.0,83.80827300930713,60.098490419875745,0.0,0.0
2023,3,25,6,81.0426,24.618124384510967,24.618124384510967,0.0,59.190148624796166,0.0,0.0,0.0
2023,3,25,7,81.0426,270.9544918867379,83.80827300930713,0.0,0.0,0.0,187.14621887743078,0.0
2023,3,25,8,81.0426,403.1043353849414,83.80827300930713,0.0,0.0,0.0,319.2960623756343,0.0
2023,3,25,9,81.0426,708.186031837479,83.80827300930713,0.0,0.0,0.0,624.3777588281719,0.0
2023,3,25,10,81.0426,1163.5360149395176,83.80827300930713,0.0,0.0,0.0,1079.7277419302104,0.0
2023,3,25,11,81.0426,1028.035500447581,83.80827300930713,0.0,0.0,0.0,944.2272274382738,0.0
2023,3,25,12,81.0426,902.2612392568972,83.80827300930713,0.0,0.0,-0.0,818.45296624759,0.0
2023,3,25,13,81.0426,617.2370316696229,548.9618860841535,465.1536130748465,0.0,435.21702016075557,68.27514558546932,0.0
2023,3,25,14,81.0426,520.5019190912924,520.5019190912924,436.69364608198526,0.0,843.8057143656436,0.0,0.0
2023,3,25,15,81.0426,398.9625337399102,398.9625337399102,315.1542607306031,0.0,1138.6771168244024,0.0,0.0
2023,3,25,16,81.0426,186.41209875782502,186.41209875782502,102.60382574851789,0.0,1234.6775133475571,0.0,0.0
2023,3,25,17,81.0426,30.590385183525765,30.590385183525765,0.0,53.21788782578137,1180.642935027139,0.0,0.0
2023,3,25,18,81.0426,0.0,0.0,0.0,83.80827300930713,1095.5485264206675,0.0,0.0
2023,3,25,19,81.0426,0.0,0.0,0.0,83.80827300930713,1010.454117814196,0.0,0.0
2023,3,25,20,81.0426,0.0,0.0,0.0,83.80827300930713,925.3597092077247,0.0,0.0
2023,3,25,21,81.0426,0.0,0.0,0.0,83.80827300930713,840.2653006012533,0.0,0.0
2023,3,25,22,81.0426,0.0,0.0,0.0,83.80827300930713,755.170891994782,0.0,0.0
2023,3,25,23,81.0426,0.0,0.0,0.0,83.80827300930713,670.0764833883106,0.0,0.0
2023,3,26,0,81.0426,0.0,0.0,0.0,83.80827300930713,584.9820747818393,0.0,0.0
2023,3,26,1,81.0426,0.0,0.0,0.0,83.80827300930713,499.8876661753679,0.0,0.0
2023,3,26,2,81.0426,0.0,0.0,0.0,83.80827300930713,414.7932575688965,0.0,0.0
2023,3,26,3,81.0426,0.0,0.0,0.0,83.80827300930713,329.6988489624251,0.0,0.0
2023,3,26,4,81.0426,0.0,0.0,0.0,83.80827300930713,244.60444035595367,0.0,0.0
2023,3,26,5,81.0426,0.0,0.0,0.0,83.80827300930713,159.51003174948227,0.0,0.0
2023,3,26,6,81.0426,0.0,0.0,0.0,83.80827300930713,74.41562314301086,0.0,0.0
2023,3,26,7,81.0426,10.517383952550999,10.517383952550999,0.0,73.29088905675613,0.0,0.0,0.0
2023,3,26,8,81.0426,111.3477610787774,83.80827300930713,0.0,0.0,0.0,27.539488069470266,0.0
2023,3,26,9,81.0426,433.4775474485032,83.80827300930713,0.0,0.0,0.0,349.66927443919604,0.0
2023,3,26,10,81.0426,749.5264864592319,83.80827300930713,0.0,0.0,0.0,665.7182134499249,0.0
2023,3,26,11,81.0426,722.4263835608444,83.80827300930713,0.0,0.0,0.0,638.6181105515373,0.0
2023,3,26,12,81.0426,827.801883840607,83.80827300930713,0.0,0.0,-0.0,743.9936108313,0.0
2023,3,26,13,81.0426,485.0871881714193,127.74352641581376,43.93525340650664,0.0,41.10764601222337,357.3436617556056,0.0
2023,3,26,14,81.0426,393.23847079228295,393.23847079228295,309.4301977829758,0.0,330.6233776791098,0.0,0.0
2023,3,26,15,81.0426,597.8465745299637,597.8465745299637,514.0383015206567,0.0,811.5789406327149,0.0,0.0
2023,3,26,16,81.0426,330.75466170544604,330.75466170544604,246.9463886961389,0.0,1042.6322279915723,0.0,0.0
2023,3,26,17,81.0426,178.65591590196144,178.65591590196144,94.8476428926543,0.0,1131.3756180216749,0.0,0.0
2023,3,26,18,81.0426,35.724978234107596,35.724978234107596,0.0,48.08329477519953,1082.5544290646867,0.0,0.0
2023,3,26,19,81.0426,0.0,0.0,0.0,83.80827300930713,997.4600204582152,0.0,0.0
2023,3,26,20,81.0426,0.0,0.0,0.0,83.80827300930713,912.3656118517439,0.0,0.0
2023,3,26,21,81.0426,0.0,0.0,0.0,83.80827300930713,827.2712032452725,0.0,0.0
2023,3,26,22,81.0426,0.0,0.0,0.0,83.80827300930713,742.1767946388012,0.0,0.0
2023,3,26,23,81.0426,0.0,0.0,0.0,83.80827300930713,657.0823860323299,0.0,0.0
2023,3,27,0,81.0426,0.0,0.0,0.0,83.80827300930713,571.9879774258585,0.0,0.0
2023,3,27,1,81.0426,0.0,0.0,0.0,83.80827300930713,486.89356881938716,0.0,0.0
2023,3,27,2,81.0426,0.0,0.0,0.0,83.80827300930713,401.79916021291575,0.0,0.0
2023,3,27,3,81.0426,0.0,0.0,0.0,83.80827300930713,316.70475160644435,0.0,0.0
2023,3,27,4,81.0426,0.0,0.0,0.0,83.80827300930713,231.61034299997294,0.0,0.0
2023,3,27,5,81.0426,0.0,0.0,0.0,83.80827300930713,146.51593439350154,0.0,0.0
2023,3,27,6,81.0426,0.0,0.0,0.0,83.80827300930713,61.42152578703014,0.0,0.0
2023,3,27,7,81.0426,23.31508566472589,23.31508566472589,0.0,60.493187344581244,0.0,0.0,0.0
2023,3,27,8,81.0426,214.28781994179855,83.80827300930713,0.0,-0.0,0.0,130.47954693249142,0.0
2023,3,27,9,81.0426,562.8661898500193,83.80827300930713,0.0,0.0,0.0,479.05791684071215,0.0
2023,3,27,10,81.0426,777.7279673231519,83.80827300930713,0.0,0.0,0.0,693.9196943138447,0.0
2023,3,27,11,81.0426,865.1401481087344,83.80827300930713,0.0,0.0,0.0,781.3318750994272,0.0
2023,3,27,12,81.0426,1006.643948131109,83.80827300930713,0.0,0.0,0.0,922.8356751218018,0.0
2023,3,27,13,81.0426,1129.8121318822227,83.80827300930713,0.0,0.0,0.0,1046.0038588729155,0.0
2023,3,27,14,81.0426,1323.6701661816767,83.80827300930713,0.0,0.0,-0.0,1239.8618931723695,0.0
2023,3,27,15,81.0426,920.6278802595822,439.53596936530164,355.7276963559945,0.0,332.8335922692157,481.09191089428055,0.0
2023,3,27,16,81.0426,638.1321882833194,638.1321882833194,554.3239152740122,0.0,851.4820469477344,0.0,0.0
2023,3,27,17,81.0426,329.5912342770665,329.5912342770665,245.7829612677594,0.0,1081.446783332634,0.0,0.0
2023,3,27,18,81.0426,63.01122952103548,63.01122952103548,0.0,20.797043488271648,1060.3305849807002,0.0,0.0
2023,3,27,19,81.0426,0.0,0.0,0.0,83.80827300930713,975.2361763742288,0.0,0.0
2023,3,27,20,81.0426,0.0,0.0,0.0,83.80827300930713,890.1417677677574,0.0,0.0
2023,3,27,21,81.0426,0.0,0.0,0.0,83.80827300930713,805.0473591612861,0.0,0.0
2023,3,27,22,81.0426,0.0,0.0,0.0,83.80827300930713,719.9529505548147,0.0,0.0
2023,3,27,23,81.0426,0.0,0.0,0.0,83.80827300930713,634.8585419483434,0.0,0.0
2023,3,28,0,81.0426,0.0,0.0,0.0,83.80827300930713,549.764133341872,0.0,0.0
2023,3,28,1,81.0426,0.0,0.0,0.0,83.80827300930713,464.6697247354007,0.0,0.0
2023,3,28,2,81.0426,0.0,0.0,0.0,83.80827300930713,379.5753161289293,0.0,0.0
2023,3,28,3,81.0426,0.0,0.0,0.0,83.80827300930713,294.48090752245787,0.0,0.0
2023,3,28,4,81.0426,0.0,0.0,0.0,83.80827300930713,209.3864989159865,0.0,0.0
2023,3,28,5,81.0426,0.0,0.0,0.0,83.80827300930713,124.2920903095151,0.0,0.0
2023,3,28,6,81.0426,0.0,0.0,0.0,83.80827300930713,39.19768170304371,0.0,0.0
2023,3,28,7,81.0426,45.20303368397288,45.20303368397288,0.0,38.605239325334246,0.0,0.0,0.0
2023,3,28,8,81.0426,374.7477308639042,83.80827300930713,0.0,0.0,0.0,290.9394578545971,0.0
2023,3,28,9,81.0426,764.8992408795534,83.80827300930713,0.0,0.0,0.0,681.0909678702462,0.0
2023,3,28,10,81.0426,1085.974186380882,83.80827300930713,0.0,0.0,0.0,1002.1659133715748,0.0
2023,3,28,11,81.0426,1287.7590395590282,83.80827300930713,0.0,0.0,0.0,1203.950766549721,0.0
2023,3,28,12,81.0426,1443.3946047447866,83.80827300930713,0.0,0.0,0.0,1359.5863317354795,0.0
2023,3,28,13,81.0426,1033.77507576092,83.80827300930713,0.0,0.0,0.0,949.9668027516127,0.0
2023,3,28,14,81.0426,846.9286307631667,83.80827300930713,0.0,0.0,-0.0,763.1203577538595,0.0
2023,3,28,15,81.0426,734.0916825760634,413.7607302251315,329.9524572158244,0.0,308.7172090848274,320.33095235093185,0.0
2023,3,28,16,81.0426,630.0967828446446,630.0967828446446,546.2885098353375,0.0,819.8474050365439,0.0,0.0
2023,3,28,17,81.0426,323.1846272381232,323.1846272381232,239.37635422881607,0.0,1043.8178540581823,0.0,0.0
2023,3,28,18,81.0426,105.53062393687972,105.53062393687972,21.722350927572588,0.0,1064.142186871788,0.0,0.0
2023,3,28,19,81.0426,0.0,0.0,0.0,83.80827300930713,979.0477782653167,0.0,0.0
2023,3,28,20,81.0426,0.0,0.0,0.0,83.80827300930713,893.9533696588453,0.0,0.0
2023,3,28,21,81.0426,0.0,0.0,0.0,83.80827300930713,808.858961052374,0.0,0.0
2023,3,28,22,81.0426,0.0,0.0,0.0,83.80827300930713,723.7645524459026,0.0,0.0
2023,3,28,23,81.0426,0.0,0.0,0.0,83.80827300930713,638.6701438394313,0.0,0.0
2023,3,29,0,81.0426,0.0,0.0,0.0,83.80827300930713,553.5757352329599,0.0,0.0
2023,3,29,1,81.0426,0.0,0.0,0.0,83.80827300930713,468.48132662648857,0.0,0.0
2023,3,29,2,81.0426,0.0,0.0,0.0,83.80827300930713,383.38691802001716,0.0,0.0
2023,3,29,3,81.0426,0.0,0.0,0.0,83.80827300930713,298.29250941354576,0.0,0.0
2023,3,29,4,81.0426,0.0,0.0,0.0,83.80827300930713,213.19810080707435,0.0,0.0
2023,3,29,5,81.0426,0.0,0.0,0.0,83.80827300930713,128.10369220060295,0.0,0.0
2023,3,29,6,81.0426,0.0,0.0,0.0,83.80827300930713,43.00928359413155,0.0,0.0
2023,3,29,7,81.0426,41.449041181734756,41.449041181734756,0.0,42.35923182757237,0.0,0.0,0.0
2023,3,29,8,81.0426,192.36884719112822,83.80827300930713,0.0,-0.0,0.0,108.5605741818211,0.0
2023,3,29,9,81.0426,596.9158325872603,83.80827300930713,0.0,0.0,0.0,513.1075595779532,0.0
2023,3,29,10,81.0426,985.6557173231423,83.80827300930713,0.0,0.0,0.0,901.8474443138352,0.0
2023,3,29,11,81.0426,1139.7090212063047,83.80827300930713,0.0,0.0,-0.0,1055.9007481969975,0.0
2023,3,29,12,81.0426,1013.9037352841975,83.80827300930713,0.0,0.0,-0.0,930.0954622748905,0.0
2023,3,29,13,81.0426,735.2706223701547,487.74870218545965,403.9404291761525,0.0,377.94342549847954,247.52192018469503,0.0
2023,3,29,14,81.0426,386.38200514769954,386.38200514769954,302.5737321383924,0.0,661.0439634255077,0.0,0.0
2023,3,29,15,81.0426,455.5981809534259,455.5981809534259,371.7899079441188,0.0,1008.9060272965343,0.0,0.0
2023,3,29,16,81.0426,228.65227059085802,228.65227059085802,144.8439975815509,0.0,1144.4280811808517,0.0,0.0
2023,3,29,17,81.0426,98.23981205236797,98.23981205236797,14.431539043060836,0.0,1157.9308278909882,0.0,0.0
2023,3,29,18,81.0426,10.858655998208997,10.858655998208997,0.0,72.94961701109814,1083.8617140108036,0.0,0.0
2023,3,29,19,81.0426,0.0,0.0,0.0,83.80827300930713,998.7673054043322,0.0,0.0
2023,3,29,20,81.0426,0.0,0.0,0.0,83.80827300930713,913.6728967978609,0.0,0.0
2023,3,29,21,81.0426,0.0,0.0,0.0,83.80827300930713,828.5784881913895,0.0,0.0
2023,3,29,22,81.0426,0.0,0.0,0.0,83.80827300930713,743.4840795849182,0.0,0.0
2023,3,29,23,81.0426,0.0,0.0,0.0,83.80827300930713,658.3896709784468,0.0,0.0
2023,3,30,0,81.0426,0.0,0.0,0.0,83.80827300930713,573.2952623719755,0.0,0.0
2023,3,30,1,81.0426,0.0,0.0,0.0,83.80827300930713,488.2008537655041,0.0,0.0
2023,3,30,2,81.0426,0.0,0.0,0.0,83.80827300930713,403.1064451590327,0.0,0.0
2023,3,30,3,81.0426,0.0,0.0,0.0,83.80827300930713,318.0120365525613,0.0,0.0
2023,3,30,4,81.0426,0.0,0.0,0.0,83.80827300930713,232.9176279460899,0.0,0.0
2023,3,30,5,81.0426,0.0,0.0,0.0,83.80827300930713,147.82321933961853,0.0,0.0
2023,3,30,6,81.0426,0.0,0.0,0.0,83.80827300930713,62.72881073314714,0.0,0.0
2023,3,30,7,81.0426,22.027559310652382,22.027559310652382,0.0,61.78071369865474,0.0,0.0,0.0
2023,3,30,8,81.0426,151.94362214636732,83.80827300930713,0.0,0.0,0.0,68.13534913706019,0.0
2023,3,30,9,81.0426,411.34140157786857,83.80827300930713,0.0,0.0,0.0,327.53312856856144,0.0
2023,3,30,10,81.0426,552.0230462175219,83.80827300930713,0.0,0.0,0.0,468.2147732082148,0.0
2023,3,30,11,81.0426,678.8986853737382,83.80827300930713,0.0,0.0,0.0,595.0904123644311,0.0
2023,3,30,12,81.0426,264.48583538494773,83.80827300930713,0.0,0.0,-0.0,180.6775623756406,0.0
2023,3,30,13,81.0426,547.8657322067791,390.81803111285564,307.0097581035485,0.0,287.2510678759385,157.04770109392342,0.0
2023,3,30,14,81.0426,312.4345577998963,312.4345577998963,228.62628479058918,0.0,501.16330589820643,0.0,0.0
2023,3,30,15,81.0426,276.6630424686534,276.6630424686534,192.85476945934624,0.0,681.6062299745172,0.0,0.0
2023,3,30,16,81.0426,327.233354688884,327.233354688884,243.42508167957686,0.0,909.3648363855289,0.0,0.0
2023,3,30,17,81.0426,294.0213797000762,294.0213797000762,210.21310669076905,0.0,1106.0489409932907,0.0,0.0
2023,3,30,18,81.0426,42.410807855862,42.410807855862,0.0,41.39746515344513,1064.0161835034876,0.0,0.0
2023,3,30,19,81.0426,0.0,0.0,0.0,83.80827300930713,978.9217748970161,0.0,0.0
2023,3,30,20,81.0426,0.0,0.0,0.0,83.80827300930713,893.8273662905448,0.0,0.0
2023,3,30,21,81.0426,0.0,0.0,0.0,83.80827300930713,808.7329576840734,0.0,0.0
2023,3,30,22,81.0426,0.0,0.0,0.0,83.80827300930713,723.6385490776021,0.0,0.0
2023,3,30,23,81.0426,0.0,0.0,0.0,83.80827300930713,638.5441404711307,0.0,0.0
2023,3,31,0,81.0426,0.0,0.0,0.0,83.80827300930713,553.4497318646594,0.0,0.0
2023,3,31,1,81.0426,0.0,0.0,0.0,83.80827300930713,468.355323258188,0.0,0.0
2023,3,31,2,81.0426,0.0,0.0,0.0,83.80827300930713,383.2609146517166,0.0,0.0
2023,3,31,3,81.0426,0.0,0.0,0.0,83.80827300930713,298.16650604524517,0.0,0.0
2023,3,31,4,81.0426,0.0,0.0,0.0,83.80827300930713,213.07209743877377,0.0,0.0
2023,3,31,5,81.0426,0.0,0.0,0.0,83.80827300930713,127.97768883230236,0.0,0.0
2023,3,31,6,81.0426,0.0,0.0,0.0,83.80827300930713,42.883280225830966,0.0,0.0
2023,3,31,7,81.0426,41.573140107428735,41.573140107428735,0.0,42.235132901878394,0.0,0.0,0.0
2023,3,31,8,81.0426,265.58721335048034,83.80827300930713,0.0,0.0,0.0,181.7789403411732,0.0
2023,3,31,9,81.0426,584.7386255035545,83.80827300930713,0.0,0.0,0.0,500.9303524942474,0.0
2023,3,31,10,81.0426,906.7753376790098,83.80827300930713,0.0,0.0,-0.0,822.9670646697027,0.0
2023,3,31,11,81.0426,966.978829006223,715.4336397338591,631.6253667245519,0.0,590.9748999833557,251.54518927236393,0.0
2023,3,31,12,81.0426,680.0310880706943,680.0310880706943,596.2228150613872,0.0,1148.8257037373428,0.0,0.0
2023,3,31,13,81.0426,608.2243471911094,608.2243471911094,524.4160741818022,0.0,1639.491141378652,0.0,0.0
2023,3,31,14,81.0426,436.3628474708844,436.3628474708844,352.55457446157726,0.0,1969.355829146909,0.0,0.0
2023,3,31,15,81.0426,272.6763644807396,272.6763644807396,188.86809147143248,0.0,2146.068651885791,0.0,0.0
2023,3,31,16,81.0426,82.68090924350565,82.68090924350565,0.0,1.1273637658014781,2144.9239874094737,0.0,0.0
2023,3,31,17,81.0426,86.29529045433807,86.29529045433807,2.4870174450309417,0.0,2147.2509441203097,0.0,0.0
2023,3,31,18,81.0426,29.613106143687105,29.613106143687105,0.0,54.19516686562003,2092.224089274526,0.0,0.0
2023,3,31,19,81.0426,0.0,0.0,0.0,83.80827300930713,2007.1296806680543,0.0,0.0
2023,3,31,20,81.0426,0.0,0.0,0.0,83.80827300930713,1922.0352720615829,0.0,0.0
2023,3,31,21,81.0426,0.0,0.0,0.0,83.80827300930713,1836.9408634551114,0.0,0.0
2023,3,31,22,81.0426,0.0,0.0,0.0,83.80827300930713,1751.84645484864,0.0,0.0
2023,3,31,23,81.0426,0.0,0.0,0.0,83.80827300930713,1666.7520462421685,0.0,0.0
2023,4,1,0,81.0426,0.0,0.0,0.0,83.80827300930713,1581.657637635697,0.0,0.0
2023,4,1,1,81.0426,0.0,0.0,0.0,83.80827300930713,1496.5632290292256,0.0,0.0
2023,4,1,2,81.0426,0.0,0.0,0.0,83.80827300930713,1411.468820422754,0.0,0.0
2023,4,1,3,81.0426,0.0,0.0,0.0,83.80827300930713,1326.3744118162826,0.0,0.0
2023,4,1,4,81.0426,0.0,0.0,0.0,83.80827300930713,1241.2800032098112,0.0,0.0
2023,4,1,5,81.0426,0.0,0.0,0.0,83.80827300930713,1156.1855946033397,0.0,0.0
2023,4,1,6,81.0426,0.0,0.0,0.0,83.80827300930713,1071.0911859968683,0.0,0.0
2023,4,1,7,81.0426,3.7539925022379674,3.7539925022379674,0.0,80.05428050706917,989.8083792814845,0.0,0.0
2023,4,1,8,81.0426,44.2412670098458,44.2412670098458,0.0,39.56700599946133,949.6341714741125,0.0,0.0
2023,4,1,9,81.0426,36.826356199640074,36.826356199640074,0.0,46.981916809667055,901.9312624107903,0.0,0.0
2023,4,1,10,81.0426,73.57515057072182,73.57515057072182,0.0,10.233122438585314,891.5411007854299,0.0,0.0
2023,4,1,11,81.0426,70.16243011414184,70.16243011414184,0.0,13.64584289516529,877.685846531808,0.0,0.0
2023,4,1,12,81.0426,70.5347268912233,70.5347268912233,0.0,13.27354611808383,864.2086023830874,0.0,0.0
2023,4,1,13,81.0426,121.44631115711177,121.44631115711177,37.638038147804636,0.0,899.4243125204364,0.0,0.0
2023,4,1,14,81.0426,250.61778043866366,250.61778043866366,166.80950742935653,0.0,1055.4982087930778,0.0,0.0
2023,4,1,15,81.0426,154.56521195164922,154.56521195164922,70.75693894234209,0.0,1121.7013366557599,0.0,0.0
2023,4,1,16,81.0426,125.58811280214275,125.58811280214275,41.77983979283561,0.0,1160.7922882603987,0.0,0.0
2023,4,1,17,81.0426,62.70098220680109,62.70098220680109,0.0,21.107290802506036,1139.361081487714,0.0,0.0
2023,4,1,18,81.0426,14.209326991942058,14.209326991942058,0.0,69.59894601736507,1068.6940585516406,0.0,0.0
2023,4,1,19,81.0426,0.0,0.0,0.0,83.80827300930713,983.5996499451693,0.0,0.0
2023,4,1,20,81.0426,0.0,0.0,0.0,83.80827300930713,898.5052413386979,0.0,0.0
2023,4,1,21,81.0426,0.0,0.0,0.0,83.80827300930713,813.4108327322266,0.0,0.0
2023,4,1,22,81.0426,0.0,0.0,0.0,83.80827300930713,728.3164241257552,0.0,0.0
2023,4,1,23,81.0426,0.0,0.0,0.0,83.80827300930713,643.2220155192839,0.0,0.0
2023,4,2,0,81.0426,0.0,0.0,0.0,83.80827300930713,558.1276069128126,0.0,0.0
2023,4,2,1,81.0426,0.0,0.0,0.0,83.80827300930713,473.0331983063412,0.0,0.0
2023,4,2,2,81.0426,0.0,0.0,0.0,83.80827300930713,387.9387896998698,0.0,0.0
2023,4,2,3,81.0426,0.0,0.0,0.0,83.80827300930713,302.8443810933984,0.0,0.0
2023,4,2,4,81.0426,0.0,0.0,0.0,83.80827300930713,217.749972486927,0.0,0.0
2023,4,2,5,81.0426,0.0,0.0,0.0,83.80827300930713,132.6555638804556,0.0,0.0
2023,4,2,6,81.0426,0.0,0.0,0.0,83.80827300930713,47.5611552739842,0.0,0.0
2023,4,2,7,81.0426,36.96596749104562,36.96596749104562,0.0,46.84230551826152,0.0,0.0,0.0
2023,4,2,8,81.0426,176.14291265666165,83.80827300930713,0.0,0.0,0.0,92.33463964735452,0.0
2023,4,2,9,81.0426,254.91470574081208,83.80827300930713,0.0,-0.0,0.0,171.10643273150495,0.0
2023,4,2,10,81.0426,367.67409209935664,83.80827300930713,0.0,0.0,0.0,283.8658190900495,0.0
2023,4,2,11,81.0426,443.82429537822514,83.80827300930713,0.0,0.0,-0.0,360.016022368918,0.0
2023,4,2,12,81.0426,367.13115929944615,169.18635029894992,85.37807728964279,0.0,79.88327154856267,197.94480900049624,0.0
2023,4,2,13,81.0426,422.51030489031206,422.51030489031206,338.7020318810049,0.0,396.78694572022835,0.0,0.0
2023,4,2,14,81.0426,393.30052025512987,393.30052025512987,309.49224724582274,0.0,686.3607334390592,0.0,0.0
2023,4,2,15,81.0426,211.06124787375944,211.06124787375944,127.25297486445231,0.0,805.4238965971341,0.0,0.0
2023,4,2,16,81.0426,201.52114296104725,201.52114296104725,117.71286995174012,0.0,915.5609417687547,0.0,0.0
2023,4,2,17,81.0426,236.5946018352623,236.5946018352623,152.78632882595517,0.0,1058.5141703019576,0.0,0.0
2023,4,2,18,81.0426,74.70755326767774,74.70755326767774,0.0,9.100719741629392,1049.2737894123384,0.0,0.0
2023,4,2,19,81.0426,0.0,0.0,0.0,83.80827300930713,964.179380805867,0.0,0.0
2023,4,2,20,81.0426,0.0,0.0,0.0,83.80827300930713,879.0849721993957,0.0,0.0
2023,4,2,21,81.0426,0.0,0.0,0.0,83.80827300930713,793.9905635929243,0.0,0.0
2023,4,2,22,81.0426,0.0,0.0,0.0,83.80827300930713,708.896154986453,0.0,0.0
2023,4,2,23,81.0426,0.0,0.0,0.0,83.80827300930713,623.8017463799816,0.0,0.0
2023,4,3,0,81.0426,0.0,0.0,0.0,83.80827300930713,538.7073377735103,0.0,0.0
2023,4,3,1,81.0426,0.0,0.0,0.0,83.80827300930713,453.61292916703894,0.0,0.0
2023,4,3,2,81.0426,0.0,0.0,0.0,83.80827300930713,368.51852056056754,0.0,0.0
2023,4,3,3,81.0426,0.0,0.0,0.0,83.80827300930713,283.42411195409613,0.0,0.0
2023,4,3,4,81.0426,0.0,0.0,0.0,83.80827300930713,198.32970334762473,0.0,0.0
2023,4,3,5,81.0426,0.0,0.0,0.0,83.80827300930713,113.23529474115333,0.0,0.0
2023,4,3,6,81.0426,0.0,0.0,0.0,83.80827300930713,28.14088613468194,0.0,0.0
2023,4,3,7,81.0426,56.09271441360533,56.09271441360533,0.0,27.715558595701804,0.0,0.0,0.0
2023,4,3,8,81.0426,255.78339822066863,83.80827300930713,0.0,0.0,0.0,171.9751252113615,0.0
2023,4,3,9,81.0426,370.8541270702607,83.80827300930713,0.0,0.0,0.0,287.04585406095356,0.0
2023,4,3,10,81.0426,432.5468055057995,83.80827300930713,0.0,0.0,0.0,348.7385324964924,0.0
2023,4,3,11,81.0426,529.8558756154639,83.80827300930713,0.0,0.0,0.0,446.0476026061568,0.0
2023,4,3,12,81.0426,494.89100330123085,83.80827300930713,0.0,0.0,-0.0,411.0827302919237,0.0
2023,4,3,13,81.0426,525.3883142904864,449.00270966704124,365.1944366577341,0.0,341.6910672816605,76.38560462344515,0.0
2023,4,3,14,81.0426,369.3339152305114,369.3339152305114,285.5256422212043,0.0,608.8407049369598,0.0,0.0
2023,4,3,15,81.0426,325.94582833481064,325.94582833481064,242.1375553255035,0.0,835.3946482701248,0.0,0.0
2023,4,3,16,81.0426,261.77117138539546,261.77117138539546,177.96289837608833,0.0,1001.9041198797753,0.0,0.0
2023,4,3,17,81.0426,152.2073323634667,152.2073323634667,68.39905935415956,0.0,1065.9011177685695,0.0,0.0
2023,4,3,18,81.0426,49.624057911815115,49.624057911815115,0.0,34.184215097492014,1031.1923060612282,0.0,0.0
2023,4,3,19,81.0426,0.0,0.0,0.0,83.80827300930713,946.0978974547569,0.0,0.0
2023,4,3,20,81.0426,0.0,0.0,0.0,83.80827300930713,861.0034888482855,0.0,0.0
2023,4,3,21,81.0426,0.0,0.0,0.0,83.80827300930713,775.9090802418142,0.0,0.0
2023,4,3,22,81.0426,0.0,0.0,0.0,83.80827300930713,690.8146716353428,0.0,0.0
2023,4,3,23,81.0426,0.0,0.0,0.0,83.80827300930713,605.7202630288715,0.0,0.0
2023,4,4,0,81.0426,0.0,0.0,0.0,83.80827300930713,520.6258544224002,0.0,0.0
2023,4,4,1,81.0426,0.0,0.0,0.0,83.80827300930713,435.53144581592875,0.0,0.0
2023,4,4,2,81.0426,0.0,0.0,0.0,83.80827300930713,350.43703720945734,0.0,0.0
2023,4,4,3,81.0426,0.0,0.0,0.0,83.80827300930713,265.34262860298594,0.0,0.0
2023,4,4,4,81.0426,0.0,0.0,0.0,83.80827300930713,180.24821999651456,0.0,0.0
2023,4,4,5,81.0426,0.0,0.0,0.0,83.80827300930713,95.15381139004317,0.0,0.0
2023,4,4,6,81.0426,0.0,0.0,0.0,83.80827300930713,10.059402783571782,0.0,0.0
2023,4,4,7,81.0426,73.90091025066809,73.90091025066809,0.0,9.907362758639039,0.0,0.0,0.0
2023,4,4,8,81.0426,436.6265576879838,83.80827300930713,0.0,0.0,0.0,352.81828467867666,0.0
2023,4,4,9,81.0426,820.6817079789241,83.80827300930713,0.0,0.0,0.0,736.8734349696169,0.0
2023,4,4,10,81.0426,899.5155505259216,83.80827300930713,0.0,0.0,0.0,815.7072775166146,0.0
2023,4,4,11,81.0426,578.7818770702513,83.80827300930713,0.0,0.0,0.0,494.9736040609442,0.0
2023,4,4,12,81.0426,483.458389771688,83.80827300930713,0.0,0.0,0.0,399.6501167623809,0.0
2023,4,4,13,81.0426,436.8282184422363,83.80827300930713,0.0,0.0,-0.0,353.01994543292915,0.0
2023,4,4,14,81.0426,290.3759737578203,238.6053259624829,154.79705295317578,0.0,144.83454545392834,51.770647795337396,0.0
2023,4,4,15,81.0426,556.9559785138513,556.9559785138513,473.1477055045441,0.0,587.531170176162,0.0,0.0
2023,4,4,16,81.0426,357.51349255817536,357.51349255817536,273.70521954886823,0.0,843.6211299360498,0.0,0.0
2023,4,4,17,81.0426,295.386467882708,295.386467882708,211.5781948734009,0.0,1041.5824676865886,0.0,0.0
2023,4,4,18,81.0426,83.456527529092,83.456527529092,0.0,0.35174548021513097,1041.2253242621491,0.0,0.0
2023,4,4,19,81.0426,0.13961129140554424,0.0,0.0,83.80827300930713,956.1309156556778,0.13961129140554424,0.0
2023,4,4,20,81.0426,0.0,0.0,0.0,83.80827300930713,871.0365070492064,0.0,0.0
2023,4,4,21,81.0426,0.0,0.0,0.0,83.80827300930713,785.9420984427351,0.0,0.0
2023,4,4,22,81.0426,0.0,0.0,0.0,83.80827300930713,700.8476898362637,0.0,0.0
2023,4,4,23,81.0426,0.0,0.0,0.0,83.80827300930713,615.7532812297924,0.0,0.0
2023,4,5,0,81.0426,0.0,0.0,0.0,83.80827300930713,530.658872623321,0.0,0.0
2023,4,5,1,81.0426,0.0,0.0,0.0,83.80827300930713,445.5644640168496,0.0,0.0
2023,4,5,2,81.0426,0.0,0.0,0.0,83.80827300930713,360.4700554103782,0.0,0.0
2023,4,5,3,81.0426,0.0,0.0,0.0,83.80827300930713,275.3756468039068,0.0,0.0
2023,4,5,4,81.0426,0.0,0.0,0.0,83.80827300930713,190.2812381974354,0.0,0.0
2023,4,5,5,81.0426,0.0,0.0,0.0,83.80827300930713,105.18682959096404,0.0,0.0
2023,4,5,6,81.0426,0.0,0.0,0.0,83.80827300930713,20.092420984492655,0.0,0.0
2023,4,5,7,81.0426,64.01953329229791,64.01953329229791,0.0,19.788739717009225,0.0,0.0,0.0
2023,4,5,8,81.0426,243.04774597134082,83.80827300930713,0.0,0.0,0.0,159.2394729620337,0.0
2023,4,5,9,81.0426,541.6762982877999,83.80827300930713,0.0,0.0,0.0,457.8680252784928,0.0
2023,4,5,10,81.0426,964.7605607094459,83.80827300930713,0.0,0.0,0.0,880.9522877001389,0.0
2023,4,5,11,81.0426,1067.1887115039804,83.80827300930713,0.0,0.0,0.0,983.3804384946732,0.0
2023,4,5,12,81.0426,830.6251344001414,83.80827300930713,0.0,0.0,0.0,746.8168613908342,0.0
2023,4,5,13,81.0426,1095.9486375335223,83.80827300930713,0.0,0.0,0.0,1012.1403645242151,0.0
2023,4,5,14,81.0426,871.2054831020196,83.80827300930713,0.0,0.0,-0.0,787.3972100927124,0.0
2023,4,5,15,81.0426,716.8574442703344,387.95872532017387,304.15045231086674,0.0,284.5757827403609,328.89871895016057,0.0
2023,4,5,16,81.0426,526.6913530102715,526.6913530102715,442.8830800009644,0.0,698.9555681267046,0.0,0.0
2023,4,5,17,81.0426,421.3623898276442,421.3623898276442,337.5541168183371,0.0,1014.7852053373986,0.0,0.0
2023,4,5,18,81.0426,105.67023522828526,105.67023522828526,21.861962218978135,0.0,1035.2401642678792,0.0,0.0
2023,4,5,19,81.0426,0.6670317256042669,0.0,0.0,83.80827300930713,950.1457556614079,0.6670317256042669,0.0
2023,4,5,20,81.0426,0.0,0.0,0.0,83.80827300930713,865.0513470549365,0.0,0.0
2023,4,5,21,81.0426,0.0,0.0,0.0,83.80827300930713,779.9569384484652,0.0,0.0
2023,4,5,22,81.0426,0.0,0.0,0.0,83.80827300930713,694.8625298419938,0.0,0.0
2023,4,5,23,81.0426,0.0,0.0,0.0,83.80827300930713,609.7681212355225,0.0,0.0
2023,4,6,0,81.0426,0.0,0.0,0.0,83.80827300930713,524.6737126290511,0.0,0.0
2023,4,6,1,81.0426,0.0,0.0,0.0,83.80827300930713,439.5793040225797,0.0,0.0
2023,4,6,2,81.0426,0.0,0.0,0.0,83.80827300930713,354.4848954161083,0.0,0.0
2023,4,6,3,81.0426,0.0,0.0,0.0,83.80827300930713,269.3904868096369,0.0,0.0
2023,4,6,4,81.0426,0.0,0.0,0.0,83.80827300930713,184.29607820316554,0.0,0.0
2023,4,6,5,81.0426,0.0,0.0,0.0,83.80827300930713,99.20166959669415,0.0,0.0
2023,4,6,6,81.0426,0.0,0.0,0.0,83.80827300930713,14.107260990222752,0.0,0.0
2023,4,6,7,81.0426,69.91423226275421,69.91423226275421,0.0,13.89404074655292,0.0,0.0,0.0
2023,4,6,8,81.0426,275.77883762308505,83.80827300930713,0.0,0.0,0.0,191.97056461377792,0.0
2023,4,6,9,81.0426,772.0969785697948,83.80827300930713,0.0,0.0,0.0,688.2887055604876,0.0
2023,4,6,10,81.0426,1121.559553323584,83.80827300930713,0.0,0.0,0.0,1037.7512803142768,0.0
2023,4,6,11,81.0426,1328.9598828893759,83.80827300930713,0.0,0.0,-0.0,1245.1516098800687,0.0
2023,4,6,12,81.0426,1378.0720327327037,560.4586729260499,476.65039991674274,0.0,445.97389094517825,817.6133598066539,0.0
2023,4,6,13,81.0426,799.491816416705,799.491816416705,715.6835434073978,0.0,1115.5971087051562,0.0,0.0
2023,4,6,14,81.0426,612.0403891561942,612.0403891561942,528.2321161468872,0.0,1609.832993541047,0.0,0.0
2023,4,6,15,81.0426,559.9653774619263,559.9653774619263,476.1571044526192,0.0,2055.345336782585,0.0,0.0
2023,4,6,16,81.0426,192.19821116829925,192.19821116829925,108.38993815899212,0.0,2156.7594601495566,0.0,0.0
2023,4,6,17,81.0426,162.75574104744115,162.75574104744115,78.94746803813402,0.0,2230.625986868902,0.0,0.0
2023,4,6,18,81.0426,86.76066142568989,86.76066142568989,2.9523884163827585,0.0,2233.3883639693213,0.0,0.0
2023,4,6,19,81.0426,1.132402696956081,0.0,0.0,83.80827300930713,2148.29395536285,1.132402696956081,0.0
2023,4,6,20,81.0426,0.0,0.0,0.0,83.80827300930713,2063.1995467563784,0.0,0.0
2023,4,6,21,81.0426,0.0,0.0,0.0,83.80827300930713,1978.105138149907,0.0,0.0
2023,4,6,22,81.0426,0.0,0.0,0.0,83.80827300930713,1893.0107295434354,0.0,0.0
2023,4,6,23,81.0426,0.0,0.0,0.0,83.80827300930713,1807.916320936964,0.0,0.0
2023,4,7,0,81.0426,0.0,0.0,0.0,83.80827300930713,1722.8219123304925,0.0,0.0
2023,4,7,1,81.0426,0.0,0.0,0.0,83.80827300930713,1637.727503724021,0.0,0.0
2023,4,7,2,81.0426,0.0,0.0,0.0,83.80827300930713,1552.6330951175496,0.0,0.0
2023,4,7,3,81.0426,0.0,0.0,0.0,83.80827300930713,1467.5386865110781,0.0,0.0
2023,4,7,4,81.0426,0.0,0.0,0.0,83.80827300930713,1382.4442779046067,0.0,0.0
2023,4,7,5,81.0426,0.0,0.0,0.0,83.80827300930713,1297.3498692981352,0.0,0.0
2023,4,7,6,81.0426,0.0,0.0,0.0,83.80827300930713,1212.2554606916638,0.0,0.0
2023,4,7,7,81.0426,36.6402078110995,36.6402078110995,0.0,47.16806519820763,1164.3635465758912,0.0,0.0
2023,4,7,8,81.0426,111.59595893016504,111.59595893016504,27.78768592085791,0.0,1190.3628584670637,0.0,0.0
2023,4,7,9,81.0426,117.42860843777444,117.42860843777444,33.620335428467314,0.0,1221.8194392410117,0.0,0.0
2023,4,7,10,81.0426,63.95748382945084,63.95748382945084,0.0,19.850789179856296,1201.6640165723686,0.0,0.0
2023,4,7,11,81.0426,88.43599692255641,88.43599692255641,4.627723913249282,0.0,1205.993907075287,0.0,0.0
2023,4,7,12,81.0426,105.2358889883569,105.2358889883569,21.427615979049772,0.0,1226.042473642157,0.0,0.0
2023,4,7,13,81.0426,62.57688328110728,62.57688328110728,0.0,21.23138972819985,1204.4852635011719,0.0,0.0
2023,4,7,14,81.0426,126.5033423791348,126.5033423791348,42.69506936982768,0.0,1244.432541871991,0.0,0.0
2023,4,7,15,81.0426,80.92801191808049,80.92801191808049,0.0,2.880261091226645,1241.5080798184304,0.0,0.0
2023,4,7,16,81.0426,52.07501169426801,52.07501169426801,0.0,31.733261315039126,1209.2878346350224,0.0,0.0
2023,4,7,17,81.0426,28.108406669649575,28.108406669649575,0.0,55.699866339657554,1152.7331889485959,0.0,0.0
2023,4,7,18,81.0426,3.273109165174426,3.273109165174426,0.0,80.5351638441327,1070.9621191810481,0.0,0.0
2023,4,7,19,81.0426,0.0,0.0,0.0,83.80827300930713,985.8677105745767,0.0,0.0
2023,4,7,20,81.0426,0.0,0.0,0.0,83.80827300930713,900.7733019681053,0.0,0.0
2023,4,7,21,81.0426,0.0,0.0,0.0,83.80827300930713,815.678893361634,0.0,0.0
2023,4,7,22,81.0426,0.0,0.0,0.0,83.80827300930713,730.5844847551626,0.0,0.0
2023,4,7,23,81.0426,0.0,0.0,0.0,83.80827300930713,645.4900761486913,0.0,0.0
2023,4,8,0,81.0426,0.0,0.0,0.0,83.80827300930713,560.3956675422199,0.0,0.0
2023,4,8,1,81.0426,0.0,0.0,0.0,83.80827300930713,475.3012589357486,0.0,0.0
2023,4,8,2,81.0426,0.0,0.0,0.0,83.80827300930713,390.2068503292772,0.0,0.0
2023,4,8,3,81.0426,0.0,0.0,0.0,83.80827300930713,305.1124417228058,0.0,0.0
2023,4,8,4,81.0426,0.0,0.0,0.0,83.80827300930713,220.01803311633438,0.0,0.0
2023,4,8,5,81.0426,0.0,0.0,0.0,83.80827300930713,134.92362450986298,0.0,0.0
2023,4,8,6,81.0426,0.0,0.0,0.0,83.80827300930713,49.82921590339158,0.0,0.0
2023,4,8,7,81.0426,34.73218682855706,34.73218682855706,0.0,49.07608618075007,0.0,0.0,0.0
2023,4,8,8,81.0426,200.54386392120847,83.80827300930713,0.0,0.0,0.0,116.73559091190134,0.0
2023,4,8,9,81.0426,363.31511733436133,83.80827300930713,0.0,0.0,0.0,279.5068443250542,0.0
2023,4,8,10,81.0426,528.6614234556608,83.80827300930713,0.0,0.0,0.0,444.8531504463537,0.0
2023,4,8,11,81.0426,676.6804170769612,83.80827300930713,0.0,0.0,0.0,592.8721440676541,0.0
2023,4,8,12,81.0426,895.9321940465126,83.80827300930713,0.0,0.0,0.0,812.1239210372055,0.0
2023,4,8,13,81.0426,1039.064792468619,83.80827300930713,0.0,0.0,0.0,955.2565194593119,0.0
2023,4,8,14,81.0426,936.5901045769494,83.80827300930713,0.0,0.0,-0.0,852.7818315676423,0.0
2023,4,8,15,81.0426,854.6072517904714,780.7985796668345,696.9903066575274,0.0,652.1330498525235,73.80867212363694,0.0
2023,4,8,16,81.0426,412.6289279319419,412.6289279319419,328.8206549226348,0.0,959.7912977520406,0.0,0.0
2023,4,8,17,81.0426,206.7953473030345,206.7953473030345,122.98707429372737,0.0,1074.8631073389367,0.0,0.0
2023,4,8,18,81.0426,50.50826275738356,50.50826275738356,0.0,33.30001025192357,1041.052069630736,0.0,0.0
2023,4,8,19,81.0426,1.008303771262264,0.0,0.0,83.80827300930713,955.9576610242647,1.008303771262264,0.0
2023,4,8,20,81.0426,0.0,0.0,0.0,83.80827300930713,870.8632524177933,0.0,0.0
2023,4,8,21,81.0426,0.0,0.0,0.0,83.80827300930713,785.768843811322,0.0,0.0
2023,4,8,22,81.0426,0.0,0.0,0.0,83.80827300930713,700.6744352048506,0.0,0.0
2023,4,8,23,81.0426,0.0,0.0,0.0,83.80827300930713,615.5800265983793,0.0,0.0
2023,4,9,0,81.0426,0.0,0.0,0.0,83.80827300930713,530.4856179919079,0.0,0.0
2023,4,9,1,81.0426,0.0,0.0,0.0,83.80827300930713,445.3912093854366,0.0,0.0
2023,4,9,2,81.0426,0.0,0.0,0.0,83.80827300930713,360.2968007789652,0.0,0.0
2023,4,9,3,81.0426,0.0,0.0,0.0,83.80827300930713,275.2023921724938,0.0,0.0
2023,4,9,4,81.0426,0.0,0.0,0.0,83.80827300930713,190.10798356602237,0.0,0.0
2023,4,9,5,81.0426,0.0,0.0,0.0,83.80827300930713,105.01357495955098,0.0,0.0
2023,4,9,6,81.0426,0.0,0.0,0.0,83.80827300930713,19.91916635307959,0.0,0.0
2023,4,9,7,81.0426,64.1901693151269,64.1901693151269,0.0,19.61810369418024,0.0,0.0,0.0
2023,4,9,8,81.0426,174.87089866830004,83.80827300930713,0.0,-0.0,0.0,91.06262565899291,0.0
2023,4,9,9,81.0426,259.89417513427645,83.80827300930713,0.0,0.0,0.0,176.08590212496932,0.0
2023,4,9,10,81.0426,372.8397098813618,83.80827300930713,0.0,0.0,0.0,289.03143687205466,0.0
2023,4,9,11,81.0426,561.8578860787568,83.80827300930713,0.0,0.0,0.0,478.04961306944966,0.0
2023,4,9,12,81.0426,512.109729241248,83.80827300930713,0.0,0.0,0.0,428.3014562319409,0.0
2023,4,9,13,81.0426,593.6737481535093,83.80827300930713,0.0,0.0,-0.0,509.8654751442022,0.0
2023,4,9,14,81.0426,767.3657070277181,668.1727051378413,584.3644321285341,0.0,546.75560866382,99.19300188987688,0.0
2023,4,9,15,81.0426,444.5844012980998,444.5844012980998,360.7761282887927,0.0,884.3127233147125,0.0,0.0
2023,4,9,16,81.0426,192.8031934310566,192.8031934310566,108.99492042174947,0.0,986.2928931881422,0.0,0.0
2023,4,9,17,81.0426,195.2541472135095,195.2541472135095,111.44587420420237,0.0,1090.5662771133766,0.0,0.0
2023,4,9,18,81.0426,46.040701432405996,46.040701432405996,0.0,37.76757157690113,1052.2191181463606,0.0,0.0
2023,4,9,19,81.0426,0.0,0.0,0.0,83.80827300930713,967.1247095398893,0.0,0.0
2023,4,9,20,81.0426,0.0,0.0,0.0,83.80827300930713,882.030300933418,0.0,0.0
2023,4,9,21,81.0426,0.0,0.0,0.0,83.80827300930713,796.9358923269466,0.0,0.0
2023,4,9,22,81.0426,0.0,0.0,0.0,83.80827300930713,711.8414837204753,0.0,0.0
2023,4,9,23,81.0426,0.0,0.0,0.0,83.80827300930713,626.7470751140039,0.0,0.0
2023,4,10,0,81.0426,0.0,0.0,0.0,83.80827300930713,541.6526665075326,0.0,0.0
2023,4,10,1,81.0426,0.0,0.0,0.0,83.80827300930713,456.5582579010612,0.0,0.0
2023,4,10,2,81.0426,0.0,0.0,0.0,83.80827300930713,371.4638492945898,0.0,0.0
2023,4,10,3,81.0426,0.0,0.0,0.0,83.80827300930713,286.3694406881184,0.0,0.0
2023,4,10,4,81.0426,0.0,0.0,0.0,83.80827300930713,201.275032081647,0.0,0.0
2023,4,10,5,81.0426,0.0,0.0,0.0,83.80827300930713,116.18062347517562,0.0,0.0
2023,4,10,6,81.0426,0.0,0.0,0.0,83.80827300930713,31.08621486870423,0.0,0.0
2023,4,10,7,81.0426,53.19190202551236,53.19190202551236,0.0,30.61637098379477,0.0,0.0,0.0
2023,4,10,8,81.0426,207.47789139435048,83.80827300930713,0.0,0.0,0.0,123.66961838504335,0.0
2023,4,10,9,81.0426,545.6319515442904,83.80827300930713,0.0,0.0,0.0,461.82367853498323,0.0
2023,4,10,10,81.0426,763.7203010854622,83.80827300930713,0.0,0.0,0.0,679.9120280761551,0.0
2023,4,10,11,81.0426,930.1369604408709,83.80827300930713,0.0,0.0,0.0,846.3286874315638,0.0
2023,4,10,12,81.0426,828.034569326283,83.80827300930713,0.0,0.0,-0.0,744.2262963169758,0.0
2023,4,10,13,81.0426,350.8431753021325,159.80555786406399,75.99728485475686,0.0,71.10621292642384,191.03761743806854,0.0
2023,4,10,14,81.0426,286.4823699641768,286.4823699641768,202.6740969548697,0.0,260.73650722293894,0.0,0.0
2023,4,10,15,81.0426,307.54816260070226,307.54816260070226,223.73988959139513,0.0,470.07683115458394,0.0,0.0
2023,4,10,16,81.0426,427.31913826094745,427.31913826094745,343.5108652516403,0.0,791.479849351942,0.0,0.0
2023,4,10,17,81.0426,413.28044729183443,413.28044729183443,329.4721742825273,0.0,1099.7476857968754,0.0,0.0
2023,4,10,18,81.0426,109.87408633616333,109.87408633616333,26.065813326856198,0.0,1124.1359422465905,0.0,0.0
2023,4,10,19,81.0426,3.6143812108324234,3.6143812108324234,0.0,80.19389179847471,1042.7113817418688,0.0,0.0
2023,4,10,20,81.0426,0.0,0.0,0.0,83.80827300930713,957.6169731353973,0.0,0.0
2023,4,10,21,81.0426,0.0,0.0,0.0,83.80827300930713,872.522564528926,0.0,0.0
2023,4,10,22,81.0426,0.0,0.0,0.0,83.80827300930713,787.4281559224546,0.0,0.0
2023,4,10,23,81.0426,0.0,0.0,0.0,83.80827300930713,702.3337473159833,0.0,0.0
2023,4,11,0,81.0426,0.0,0.0,0.0,83.80827300930713,617.2393387095119,0.0,0.0
2023,4,11,1,81.0426,0.0,0.0,0.0,83.80827300930713,532.1449301030406,0.0,0.0
2023,4,11,2,81.0426,0.0,0.0,0.0,83.80827300930713,447.0505214965692,0.0,0.0
2023,4,11,3,81.0426,0.0,0.0,0.0,83.80827300930713,361.9561128900978,0.0,0.0
2023,4,11,4,81.0426,0.0,0.0,0.0,83.80827300930713,276.8617042836264,0.0,0.0
2023,4,11,5,81.0426,0.0,0.0,0.0,83.80827300930713,191.767295677155,0.0,0.0
2023,4,11,6,81.0426,0.21717311996417993,0.21717311996417993,0.0,83.59109988934294,106.89339296520934,0.0,0.0
2023,4,11,7,81.0426,18.273566808414415,18.273566808414415,0.0,65.53470620089271,40.352980340974526,0.0,0.0
2023,4,11,8,81.0426,72.25659948522485,72.25659948522485,0.0,11.551673524082277,28.624032927422025,0.0,0.0
2023,4,11,9,81.0426,75.03331294762401,75.03331294762401,0.0,8.77496006168312,19.714410879591405,0.0,0.0
2023,4,11,10,81.0426,64.39183006937935,64.39183006937935,0.0,19.41644293992778,0.0,0.0,0.0
2023,4,11,11,81.0426,94.28415879587754,83.80827300930713,0.0,0.0,0.0,10.475885786570416,0.0
2023,4,11,12,81.0426,126.5033423791348,83.80827300930713,0.0,0.0,0.0,42.69506936982768,0.0
2023,4,11,13,81.0426,340.35681608100515,83.80827300930713,0.0,0.0,-0.0,256.548543071698,0.0
2023,4,11,14,81.0426,633.5560403983598,113.44204548347102,29.633772474163884,0.0,27.726587066737864,520.1139949148887,0.0
2023,4,11,15,81.0426,617.1284451096407,617.1284451096407,533.3201721003335,0.0,526.7230681620708,0.0,0.0
2023,4,11,16,81.0426,527.6065825872635,527.6065825872635,443.7983095779563,0.0,941.9591803145946,0.0,0.0
2023,4,11,17,81.0426,166.38563462398528,166.38563462398528,82.57736161467815,0.0,1019.2219860726884,0.0,0.0
2023,4,11,18,81.0426,79.91970814681822,79.91970814681822,0.0,3.8885648624889075,1015.273746651687,0.0,0.0
2023,4,11,19,81.0426,3.1024731423454277,3.1024731423454277,0.0,80.7057998669617,933.3294222527261,0.0,0.0
2023,4,11,20,81.0426,0.0,0.0,0.0,83.80827300930713,848.2350136462547,0.0,0.0
2023,4,11,21,81.0426,0.0,0.0,0.0,83.80827300930713,763.1406050397834,0.0,0.0
2023,4,11,22,81.0426,0.0,0.0,0.0,83.80827300930713,678.046196433312,0.0,0.0
2023,4,11,23,81.0426,0.0,0.0,0.0,83.80827300930713,592.9517878268407,0.0,0.0
2023,4,12,0,81.0426,0.0,0.0,0.0,83.80827300930713,507.85737922036935,0.0,0.0
2023,4,12,1,81.0426,0.0,0.0,0.0,83.80827300930713,422.76297061389795,0.0,0.0
2023,4,12,2,81.0426,0.0,0.0,0.0,83.80827300930713,337.66856200742654,0.0,0.0
2023,4,12,3,81.0426,0.0,0.0,0.0,83.80827300930713,252.57415340095514,0.0,0.0
2023,4,12,4,81.0426,0.0,0.0,0.0,83.80827300930713,167.47974479448376,0.0,0.0
2023,4,12,5,81.0426,0.0,0.0,0.0,83.80827300930713,82.38533618801237,0.0,0.0
2023,4,12,6,81.0426,2.6681269024170677,2.6681269024170677,0.0,81.14014610689006,0.0,0.0,0.0
2023,4,12,7,81.0426,98.92235614368396,83.80827300930713,0.0,0.0,0.0,15.114083134376827,0.0
2023,4,12,8,81.0426,448.80376477168943,83.80827300930713,0.0,0.0,0.0,364.9954917623823,0.0
2023,4,12,9,81.0426,797.9871169426674,83.80827300930713,0.0,0.0,0.0,714.1788439333602,0.0
2023,4,12,10,81.0426,1136.234251286878,83.80827300930713,0.0,0.0,0.0,1052.4259782775707,0.0
2023,4,12,11,81.0426,1335.6302001454183,83.80827300930713,0.0,0.0,0.0,1251.821927136111,0.0
2023,4,12,12,81.0426,1261.6362157004799,83.80827300930713,0.0,0.0,0.0,1177.8279426911727,0.0
2023,4,12,13,81.0426,1355.2843675021766,83.80827300930713,0.0,0.0,0.0,1271.4760944928694,0.0
2023,4,12,14,81.0426,1333.3343700200828,83.80827300930713,0.0,0.0,0.0,1249.5260970107756,0.0
2023,4,12,15,81.0426,949.9617638204583,566.8663068505895,483.0580338412823,0.0,451.96913910520993,383.0954569698688,0.0
2023,4,12,16,81.0426,639.2490786145635,639.2490786145635,555.4408056052564,0.0,971.662602718728,0.0,0.0
2023,4,12,17,81.0426,208.51721989703606,208.51721989703606,124.70894688772893,0.0,1088.3454677470816,0.0,0.0
2023,4,12,18,81.0426,45.776991215306786,45.776991215306786,0.0,38.03128179400034,1049.7305516224274,0.0,0.0
2023,4,12,19,81.0426,0.8376677484332655,0.0,0.0,83.80827300930713,964.636143015956,0.8376677484332655,0.0
2023,4,12,20,81.0426,0.0,0.0,0.0,83.80827300930713,879.5417344094847,0.0,0.0
2023,4,12,21,81.0426,0.0,0.0,0.0,83.80827300930713,794.4473258030133,0.0,0.0
2023,4,12,22,81.0426,0.0,0.0,0.0,83.80827300930713,709.352917196542,0.0,0.0
2023,4,12,23,81.0426,0.0,0.0,0.0,83.80827300930713,624.2585085900706,0.0,0.0
2023,4,13,0,81.0426,0.0,0.0,0.0,83.80827300930713,539.1640999835993,0.0,0.0
2023,4,13,1,81.0426,0.0,0.0,0.0,83.80827300930713,454.0696913771279,0.0,0.0
2023,4,13,2,81.0426,0.0,0.0,0.0,83.80827300930713,368.9752827706565,0.0,0.0
2023,4,13,3,81.0426,0.0,0.0,0.0,83.80827300930713,283.8808741641851,0.0,0.0
2023,4,13,4,81.0426,0.0,0.0,0.0,83.80827300930713,198.78646555771374,0.0,0.0
2023,4,13,5,81.0426,0.0,0.0,0.0,83.80827300930713,113.69205695124235,0.0,0.0
2023,4,13,6,81.0426,3.6143812108324234,3.6143812108324234,0.0,80.19389179847471,32.26749644652067,0.0,0.0
2023,4,13,7,81.0426,52.02847459713282,52.02847459713282,0.0,31.779798412174312,0.0,0.0,0.0
2023,4,13,8,81.0426,195.7660552819965,83.80827300930713,0.0,-0.0,0.0,111.95778227268937,0.0
2023,4,13,9,81.0426,381.85239435987523,83.80827300930713,0.0,0.0,-0.0,298.0441213505681,0.0
2023,4,13,10,81.0426,549.6651666293394,88.79393937396144,4.985666364654309,0.0,4.664796311904411,460.87122725537796,0.0
2023,4,13,11,81.0426,643.4839544538651,643.4839544538651,559.675681444558,0.0,528.3205854706291,0.0,0.0
2023,4,13,12,81.0426,595.8920164502863,595.8920164502863,512.0837434409792,0.0,1007.4473827879852,0.0,0.0
2023,4,13,13,81.0426,774.8736920321938,774.8736920321938,691.0654190228867,0.0,1654.0368619390151,0.0,0.0
2023,4,13,14,81.0426,514.5141459265657,514.5141459265657,430.70587291725855,0.0,2057.023147131267,0.0,0.0
2023,4,13,15,81.0426,313.9237449082221,313.9237449082221,230.11547189891496,0.0,2272.3287304002006,0.0,0.0
2023,4,13,16,81.0426,181.75838904430688,181.75838904430688,97.95011603499974,0.0,2363.974923027524,0.0,0.0
2023,4,13,17,81.0426,161.57680125334988,161.57680125334988,77.76852824404276,0.0,2436.7383847599253,0.0,0.0
2023,4,13,18,81.0426,72.86158174798237,72.86158174798237,0.0,10.946691261324762,2425.6237037668375,0.0,0.0
2023,4,13,19,81.0426,4.467561324977261,4.467561324977256,0.0,79.34071168432988,2345.065416419181,5.329070518200751e-15,0.0
2023,4,13,20,81.0426,0.0,-0.0,0.0,83.80827300930713,2259.9710078127096,0.0,0.0
2023,4,13,21,81.0426,0.0,-0.0,0.0,83.80827300930713,2174.876599206238,0.0,0.0
2023,4,13,22,81.0426,0.0,-0.0,0.0,83.80827300930713,2089.782190599767,0.0,0.0
2023,4,13,23,81.0426,0.0,-0.0,0.0,83.80827300930713,2004.6877819932956,0.0,0.0
2023,4,14,0,81.0426,0.0,-0.0,0.0,83.80827300930713,1919.5933733868242,0.0,0.0
2023,4,14,1,81.0426,0.0,-0.0,0.0,83.80827300930713,1834.4989647803527,0.0,0.0
2023,4,14,2,81.0426,0.0,-0.0,0.0,83.80827300930713,1749.4045561738815,0.0,0.0
2023,4,14,3,81.0426,0.0,-0.0,0.0,83.80827300930713,1664.31014756741,0.0,0.0
2023,4,14,4,81.0426,0.0,-0.0,0.0,83.80827300930713,1579.2157389609386,0.0,0.0
2023,4,14,5,81.0426,0.0,-0.0,0.0,83.80827300930713,1494.1213303544673,0.0,0.0
2023,4,14,6,81.0426,0.0,-0.0,0.0,83.80827300930713,1409.0269217479959,0.0,0.0
2023,4,14,7,81.0426,9.834839861235006,9.834839861235015,0.0,73.97343314807212,1333.9182800793326,0.0,0.0
2023,4,14,8,81.0426,181.75838904430688,181.75838904430688,97.95011603499975,0.0,1425.564472706656,0.0,0.0
2023,4,14,9,81.0426,47.42130198074986,47.42130198074986,0.0,36.38697102855727,1388.6191012119823,0.0,0.0
2023,4,14,10,81.0426,91.49193296776666,91.49193296776666,7.683659958459531,0.0,1395.8082522731634,0.0,0.0
2023,4,14,11,81.0426,66.78073438898532,66.78073438898532,0.0,17.0275386203218,1378.519406233355,0.0,0.0
2023,4,14,12,81.0426,113.75217776409495,113.75217776409494,29.943904754787816,0.0,1406.536165929596,1.4210854715202004e-14,0.0
2023,4,14,13,81.0426,97.78995344672788,97.78995344672789,13.981680437420751,0.0,1419.6180062631356,0.0,0.0
2023,4,14,14,81.0426,61.84780209265595,61.84780209265595,0.0,21.960470916651186,1397.3205263333855,0.0,0.0
2023,4,14,15,81.0426,58.31098271038231,58.31098271038232,0.0,25.497290298924817,1371.4319504070736,0.0,0.0
2023,4,14,16,81.0426,63.25942737242327,63.25942737242327,0.0,20.54884563688386,1350.567758791741,0.0,0.0
2023,4,14,17,81.0426,46.676708426586956,46.676708426586956,0.0,37.13156458272017,1312.8663670872647,0.0,0.0
2023,4,14,18,81.0426,24.24582760742952,24.245827607429522,0.0,59.56244540187761,1252.389866562488,0.0,0.0
2023,4,14,19,81.0426,0.0,-0.0,0.0,83.80827300930713,1167.2954579560164,0.0,0.0
2023,4,14,20,81.0426,0.0,-0.0,0.0,83.80827300930713,1082.201049349545,0.0,0.0
2023,4,14,21,81.0426,0.0,-0.0,0.0,83.80827300930713,997.1066407430737,0.0,0.0
2023,4,14,22,81.0426,0.0,-0.0,0.0,83.80827300930713,912.0122321366024,0.0,0.0
2023,4,14,23,81.0426,0.0,-0.0,0.0,83.80827300930713,826.917823530131,0.0,0.0
2023,4,15,0,81.0426,0.0,-0.0,0.0,83.80827300930713,741.8234149236596,0.0,0.0
2023,4,15,1,81.0426,0.0,-0.0,0.0,83.80827300930713,656.7290063171881,0.0,0.0
2023,4,15,2,81.0426,0.0,-0.0,0.0,83.80827300930713,571.6345977107168,0.0,0.0
2023,4,15,3,81.0426,0.0,-0.0,0.0,83.80827300930713,486.5401891042454,0.0,0.0
2023,4,15,4,81.0426,0.0,-0.0,0.0,83.80827300930713,401.445780497774,0.0,0.0
2023,4,15,5,81.0426,0.0,-0.0,0.0,83.80827300930713,316.3513718913026,0.0,0.0
2023,4,15,6,81.0426,3.9246285250668107,3.92462852506681,0.0,79.88364448424032,235.2418198073318,8.881784197001252e-16,0.0
2023,4,15,7,81.0426,56.26335043643433,56.26335043643433,0.0,27.544922572872803,207.27418830406296,0.0,0.0
2023,4,15,8,81.0426,91.13514855639693,91.13514855639694,7.326875547089806,0.0,214.1295170665637,0.0,0.0
2023,4,15,9,81.0426,44.87727400402661,44.87727400402662,0.0,38.93099900528052,174.6010765217314,0.0,0.0
2023,4,15,10,81.0426,239.80566153758986,239.80566153758988,155.99738852828273,0.0,320.55870574305794,0.0,0.0
2023,4,15,11,81.0426,154.1153533460091,154.11535334600913,70.30708033670199,0.0,386.34092722914306,0.0,0.0
2023,4,15,12,81.0426,140.74369410250034,140.74369410250034,56.935421093193206,0.0,439.6120695212061,0.0,0.0
2023,4,15,13,81.0426,150.34584847805942,150.34584847805945,66.53757546875231,0.0,501.8673858516678,0.0,0.0
2023,4,15,14,81.0426,215.76149468441275,215.76149468441275,131.95322167510562,0.0,625.3282949445323,0.0,0.0
2023,4,15,15,81.0426,305.1592582810963,305.15925828109624,221.35098527178914,0.0,832.4334608763172,5.684341886080802e-14,0.0
2023,4,15,16,81.0426,297.12385284242157,297.1238528424216,213.31557983311447,0.0,1032.0203680813,0.0,0.0
2023,4,15,17,81.0426,145.8472624216584,145.8472624216584,62.03898941235126,0.0,1090.066620645791,0.0,0.0
2023,4,15,18,81.0426,56.108226779317064,56.108226779317064,0.0,27.70004622999007,1061.9414849321467,0.0,0.0
2023,4,15,19,81.0426,1.349575816920261,1.3495758169202663,0.0,82.45869719238686,978.2173629559468,0.0,0.0
2023,4,15,20,81.0426,0.0,-0.0,0.0,83.80827300930713,893.1229543494753,0.0,0.0
2023,4,15,21,81.0426,0.0,-0.0,0.0,83.80827300930713,808.0285457430041,0.0,0.0
2023,4,15,22,81.0426,0.0,-0.0,0.0,83.80827300930713,722.9341371365326,0.0,0.0
2023,4,15,23,81.0426,0.0,-0.0,0.0,83.80827300930713,637.8397285300614,0.0,0.0
2023,4,16,0,81.0426,0.0,-0.0,0.0,83.80827300930713,552.7453199235899,0.0,0.0
2023,4,16,1,81.0426,0.0,-0.0,0.0,83.80827300930713,467.6509113171185,0.0,0.0
2023,4,16,2,81.0426,0.0,-0.0,0.0,83.80827300930713,382.5565027106471,0.0,0.0
2023,4,16,3,81.0426,0.0,-0.0,0.0,83.80827300930713,297.4620941041757,0.0,0.0
2023,4,16,4,81.0426,0.0,-0.0,0.0,83.80827300930713,212.36768549770434,0.0,0.0
2023,4,16,5,81.0426,0.0,-0.0,0.0,83.80827300930713,127.27327689123295,0.0,0.0
2023,4,16,6,81.0426,0.0,-0.0,0.0,83.80827300930713,42.17886828476156,0.0,0.0
2023,4,16,7,81.0426,26.99151633840522,26.99151633840522,0.0,0.0,42.17886828476156,0.0,54.941803700762144
2023,4,16,8,81.0426,25.9521878357195,25.9521878357195,0.0,34.023446950706834,7.633291898734251,0.0,23.046161161525735
2023,4,16,9,81.0426,51.563103625781004,51.563103625781004,0.0,0.0,7.633291898734251,0.0,31.181078793869762
2023,4,16,10,81.0426,93.61712707027328,93.61712707027328,9.808854060966153,0.0,16.810862739011725,0.0,0.0
2023,4,16,11,81.0426,103.7467018800311,103.74670188003111,19.938428870723968,0.0,35.46608405921549,0.0,0.0
2023,4,16,12,81.0426,137.84288171440735,137.84288171440735,54.03460870510022,0.0,86.0231059228769,0.0,0.0
2023,4,16,13,81.0426,211.92994035361616,211.92994035361616,128.12166734430903,0.0,205.8990538081736,0.0,0.0
2023,4,16,14,81.0426,151.85054795209697,151.85054795209697,68.04227494278985,0.0,269.5622293982874,0.0,0.0
2023,4,16,15,81.0426,81.17620976946812,81.17620976946812,0.0,2.63206323983901,266.88977408132774,0.0,0.0
2023,4,16,16,81.0426,143.66001885630502,143.66001885630502,59.8517458469979,0.0,322.8895508147784,0.0,0.0
2023,4,16,17,81.0426,70.34857850268257,70.34857850268257,0.0,13.459694506624553,309.2233016136071,0.0,0.0
2023,4,16,18,81.0426,29.923353457921497,29.9233534579215,0.0,53.88491955138563,254.5114551885741,0.0,0.0
2023,4,16,19,81.0426,0.7601059198746297,0.7601059198746358,0.0,83.0481670894325,170.18881721294278,0.0,0.0
2023,4,16,20,81.0426,0.0,-0.0,0.0,83.80827300930713,85.09440860647139,0.0,0.0
2023,4,16,21,81.0426,0.0,-0.0,0.0,83.80827300930713,-0.0,0.0,0.0
2023,4,16,22,81.0426,0.0,-0.0,0.0,0.0,0.0,0.0,81.0426
2023,4,16,23,81.0426,0.0,-0.0,0.0,-0.0,0.0,0.0,81.0426
2023,4,17,0,81.0426,0.0,-0.0,0.0,-0.0,0.0,0.0,81.0426
2023,4,17,1,81.0426,0.0,-0.0,0.0,-0.0,0.0,0.0,81.0426
2023,4,17,2,81.0426,0.0,-0.0,0.0,0.0,-0.0,0.0,81.0426
2023,4,17,3,81.0426,0.0,-0.0,0.0,-0.0,0.0,0.0,81.0426
2023,4,17,4,81.0426,0.0,-0.0,0.0,-0.0,0.0,0.0,81.0426
2023,4,17,5,81.0426,0.0,-0.0,0.0,-0.0,0.0,0.0,81.0426
2023,4,17,6,81.0426,1.8304591539836474,1.8304591539836474,0.0,0.0,-0.0,0.0,79.27254599809781
2023,4,17,7,81.0426,41.27840515890576,41.27840515890576,0.0,-0.0,0.0,0.0,41.126382211338125
2023,4,17,8,81.0426,149.02729739256247,83.80827300930713,0.0,0.0,0.0,65.21902438325534,0.0
2023,4,17,9,81.0426,410.87603060651674,83.80827300930713,0.0,0.0,-0.0,327.0677575972096,0.0
2023,4,17,10,81.0426,522.2548164167176,174.96084456254349,91.15257155323633,0.0,85.28612797210758,347.2939718541742,0.0
2023,4,17,11,81.0426,379.0756808974761,379.0756808974761,295.267407888169,0.0,361.5505657826806,0.0,0.0
2023,4,17,12,81.0426,386.78532665620446,386.78532665620446,302.97705364689733,0.0,645.0284680473476,0.0,0.0
2023,4,17,13,81.0426,287.49067373543903,287.49067373543903,203.6824007261319,0.0,835.6021731879595,0.0,0.0
2023,4,17,14,81.0426,243.52862930840433,243.52862930840433,159.7203562990972,0.0,985.043165525951,0.0,0.0
2023,4,17,15,81.0426,194.52506602505835,194.52506602505835,110.71679301575122,0.0,1088.6343908408385,0.0,0.0
2023,4,17,16,81.0426,134.19747577215148,134.19747577215148,50.38920276284434,0.0,1135.7806196527654,0.0,0.0
2023,4,17,17,81.0426,50.69441114592429,50.69441114592429,0.0,33.11386186338284,1102.1585869970152,0.0,0.0
2023,4,17,18,81.0426,23.733919538942523,23.733919538942523,0.0,60.074353470364606,1041.162322577999,0.0,0.0
2023,4,17,19,81.0426,1.7063602282899855,1.7063602282899855,0.0,82.10191278101713,957.8004602856583,0.0,0.0
2023,4,17,20,81.0426,0.0,0.0,0.0,83.80827300930713,872.706051679187,0.0,0.0
2023,4,17,21,81.0426,0.0,0.0,0.0,83.80827300930713,787.6116430727157,0.0,0.0
2023,4,17,22,81.0426,0.0,0.0,0.0,83.80827300930713,702.5172344662443,0.0,0.0
2023,4,17,23,81.0426,0.0,0.0,0.0,83.80827300930713,617.422825859773,0.0,0.0
2023,4,18,0,81.0426,0.0,0.0,0.0,83.80827300930713,532.3284172533016,0.0,0.0
2023,4,18,1,81.0426,0.0,0.0,0.0,83.80827300930713,447.2340086468302,0.0,0.0
2023,4,18,2,81.0426,0.0,0.0,0.0,83.80827300930713,362.1396000403588,0.0,0.0
2023,4,18,3,81.0426,0.0,0.0,0.0,83.80827300930713,277.0451914338874,0.0,0.0
2023,4,18,4,81.0426,0.0,0.0,0.0,83.80827300930713,191.950782827416,0.0,0.0
2023,4,18,5,81.0426,0.0,0.0,0.0,83.80827300930713,106.8563742209446,0.0,0.0
2023,4,18,6,81.0426,2.0631446396597095,2.0631446396597095,0.0,81.74512836964742,23.856771612467686,0.0,0.0
2023,4,18,7,81.0426,60.31207788719511,60.31207788719511,0.0,23.49619512211202,0.0,0.0,0.0
2023,4,18,8,81.0426,169.7983550805651,83.80827300930713,0.0,0.0,0.0,85.99008207125797,0.0
2023,4,18,9,81.0426,501.5613205572736,83.80827300930713,0.0,0.0,0.0,417.75304754796645,0.0
2023,4,18,10,81.0426,809.9161261749856,83.80827300930713,0.0,0.0,-0.0,726.1078531656785,0.0
2023,4,18,11,81.0426,867.1412432855471,280.9871094909155,197.17883648160833,0.0,184.48870059294183,586.1541337946317,0.0
2023,4,18,12,81.0426,585.0643851835008,585.0643851835008,501.2561121741937,0.0,653.4847168459969,0.0,0.0
2023,4,18,13,81.0426,293.7731818486885,293.7731818486885,209.9649088393814,0.0,849.936597245981,0.0,0.0
2023,4,18,14,81.0426,172.51301908011737,172.51301908011737,88.70474607081023,0.0,932.932438133586,0.0,0.0
2023,4,18,15,81.0426,207.9432623657023,207.9432623657023,124.13498935639517,0.0,1049.0782846814539,0.0,0.0
2023,4,18,16,81.0426,113.89178905550065,113.89178905550065,30.08351604619352,0.0,1077.2256704945698,0.0,0.0
2023,4,18,17,81.0426,72.52030970232437,72.52030970232437,0.0,11.287963306982762,1065.7644802386558,0.0,0.0
2023,4,18,18,81.0426,28.666851835271753,28.666851835271753,0.0,55.14142117403538,1009.7768497095813,0.0,0.0
2023,4,18,19,81.0426,1.6287983997313495,1.6287983997313495,0.0,82.17947460957579,926.3362353120528,0.0,0.0
2023,4,18,20,81.0426,0.0,0.0,0.0,83.80827300930713,841.2418267055815,0.0,0.0
2023,4,18,21,81.0426,0.0,0.0,0.0,83.80827300930713,756.1474180991102,0.0,0.0
2023,4,18,22,81.0426,0.0,0.0,0.0,83.80827300930713,671.0530094926388,0.0,0.0
2023,4,18,23,81.0426,0.0,0.0,0.0,83.80827300930713,585.9586008861675,0.0,0.0
2023,4,19,0,81.0426,0.0,0.0,0.0,83.80827300930713,500.8641922796961,0.0,0.0
2023,4,19,1,81.0426,0.0,0.0,0.0,83.80827300930713,415.7697836732247,0.0,0.0
2023,4,19,2,81.0426,0.0,0.0,0.0,83.80827300930713,330.6753750667533,0.0,0.0
2023,4,19,3,81.0426,0.0,0.0,0.0,83.80827300930713,245.5809664602819,0.0,0.0
2023,4,19,4,81.0426,0.0,0.0,0.0,83.80827300930713,160.4865578538105,0.0,0.0
2023,4,19,5,81.0426,0.0,0.0,0.0,83.80827300930713,75.39214924733912,0.0,0.0
2023,4,19,6,81.0426,9.555617278423917,9.555617278423917,0.0,74.25265573088322,0.0,0.0,0.0
2023,4,19,7,81.0426,117.07182402640471,83.80827300930713,0.0,0.0,0.0,33.26355101709758,0.0
2023,4,19,8,81.0426,490.68715219335286,83.80827300930713,0.0,0.0,0.0,406.87887918404573,0.0
2023,4,19,9,81.0426,877.6741396038097,83.80827300930713,0.0,0.0,0.0,793.8658665945027,0.0
2023,4,19,10,81.0426,1156.353789614988,83.80827300930713,0.0,0.0,0.0,1072.5455166056809,0.0
2023,4,19,11,81.0426,1317.4962446284094,83.80827300930713,0.0,0.0,0.0,1233.6879716191022,0.0
2023,4,19,12,81.0426,1356.2616465420153,83.80827300930713,0.0,0.0,0.0,1272.4533735327082,0.0
2023,4,19,13,81.0426,1140.6242507832965,83.80827300930713,0.0,0.0,0.0,1056.8159777739893,0.0
2023,4,19,14,81.0426,703.8270570724837,640.2460195619063,556.4377465525992,0.0,520.6262429280989,63.5810375105774,0.0
2023,4,19,15,81.0426,334.1053326991791,334.1053326991791,250.29705968987196,0.0,754.8145570919548,0.0,0.0
2023,4,19,16,81.0426,318.1431083818119,318.1431083818119,234.33483537250476,0.0,974.0679518931092,0.0,0.0
2023,4,19,17,81.0426,175.46036856534568,175.46036856534568,91.65209555603855,0.0,1059.8214552480742,0.0,0.0
2023,4,19,18,81.0426,45.65289228961297,45.65289228961297,0.0,38.15538071969416,1021.0805357551196,0.0,0.0
2023,4,19,19,81.0426,1.8769962511189837,1.8769962511189837,0.0,81.93127675818815,937.891928094192,0.0,0.0
2023,4,19,20,81.0426,0.0,0.0,0.0,83.80827300930713,852.7975194877207,0.0,0.0
2023,4,19,21,81.0426,0.0,0.0,0.0,83.80827300930713,767.7031108812494,0.0,0.0
2023,4,19,22,81.0426,0.0,0.0,0.0,83.80827300930713,682.608702274778,0.0,0.0
2023,4,19,23,81.0426,0.0,0.0,0.0,83.80827300930713,597.5142936683067,0.0,0.0
2023,4,20,0,81.0426,0.0,0.0,0.0,83.80827300930713,512.4198850618353,0.0,0.0
2023,4,20,1,81.0426,0.0,0.0,0.0,83.80827300930713,427.32547645536397,0.0,0.0
2023,4,20,2,81.0426,0.0,0.0,0.0,83.80827300930713,342.23106784889256,0.0,0.0
2023,4,20,3,81.0426,0.0,0.0,0.0,83.80827300930713,257.13665924242116,0.0,0.0
2023,4,20,4,81.0426,0.0,0.0,0.0,83.80827300930713,172.04225063594976,0.0,0.0
2023,4,20,5,81.0426,0.0,0.0,0.0,83.80827300930713,86.94784202947838,0.0,0.0
2023,4,20,6,81.0426,5.36727853625759,5.36727853625759,0.0,78.44099447304954,7.303079102000106,0.0,0.0
2023,4,20,7,81.0426,76.61557425022035,76.61557425022035,0.0,7.192698759086783,0.0,0.0,0.0
2023,4,20,8,81.0426,211.29393335943536,83.80827300930713,0.0,-0.0,0.0,127.48566035012823,0.0
2023,4,20,9,81.0426,507.42499479630646,83.80827300930713,0.0,0.0,0.0,423.61672178699934,0.0
2023,4,20,10,81.0426,710.466349597103,83.80827300930713,0.0,0.0,0.0,626.6580765877959,0.0
2023,4,20,11,81.0426,1090.6589208258233,83.80827300930713,0.0,0.0,0.0,1006.8506478165161,0.0
2023,4,20,12,81.0426,1157.0983831691506,83.80827300930713,0.0,0.0,0.0,1073.2901101598434,0.0
2023,4,20,13,81.0426,989.8750807967322,83.80827300930713,0.0,0.0,0.0,906.066807787425,0.0
2023,4,20,14,81.0426,815.70223858546,83.80827300930713,0.0,0.0,-0.0,731.8939655761528,0.0
2023,4,20,15,81.0426,731.0047217994297,557.4581510227383,473.6498780134312,0.0,443.16647815727373,173.5465707766914,0.0
2023,4,20,16,81.0426,477.29998058413236,477.29998058413236,393.4917075748252,0.0,811.3336461958606,0.0,0.0
2023,4,20,17,81.0426,261.08862729407946,261.08862729407946,177.28035428477233,0.0,977.2045012341226,0.0,0.0
2023,4,20,18,81.0426,109.16051751342388,109.16051751342388,25.35224450411675,0.0,1000.9251130864768,0.0,0.0
2023,4,20,19,81.0426,8.299115655774019,8.299115655774019,0.0,75.50915735353311,924.257179735096,0.0,0.0
2023,4,20,20,81.0426,0.0,0.0,0.0,83.80827300930713,839.1627711286246,0.0,0.0
2023,4,20,21,81.0426,0.0,0.0,0.0,83.80827300930713,754.0683625221533,0.0,0.0
2023,4,20,22,81.0426,0.0,0.0,0.0,83.80827300930713,668.9739539156819,0.0,0.0
2023,4,20,23,81.0426,0.0,0.0,0.0,83.80827300930713,583.8795453092106,0.0,0.0
2023,4,21,0,81.0426,0.0,0.0,0.0,83.80827300930713,498.7851367027392,0.0,0.0
2023,4,21,1,81.0426,0.0,0.0,0.0,83.80827300930713,413.6907280962678,0.0,0.0
2023,4,21,2,81.0426,0.0,0.0,0.0,83.80827300930713,328.5963194897964,0.0,0.0
2023,4,21,3,81.0426,0.0,0.0,0.0,83.80827300930713,243.50191088332497,0.0,0.0
2023,4,21,4,81.0426,0.0,0.0,0.0,83.80827300930713,158.40750227685356,0.0,0.0
2023,4,21,5,81.0426,0.0,0.0,0.0,83.80827300930713,73.31309367038219,0.0,0.0
2023,4,21,6,81.0426,11.6032495523719,11.6032495523719,0.0,72.20502345693522,0.0,0.0,0.0
2023,4,21,7,81.0426,116.29620574081835,83.80827300930713,0.0,0.0,0.0,32.48793273151122,0.0
2023,4,21,8,81.0426,481.581393520569,83.80827300930713,0.0,0.0,0.0,397.7731205112619,0.0
2023,4,21,9,81.0426,851.7374641338021,83.80827300930713,0.0,0.0,0.0,767.929191124495,0.0
2023,4,21,10,81.0426,1142.6718830572445,83.80827300930713,0.0,0.0,0.0,1058.8636100479373,0.0
2023,4,21,11,81.0426,1334.808044762697,83.80827300930713,0.0,0.0,0.0,1250.9997717533897,0.0
2023,4,21,12,81.0426,1425.7880696619766,83.80827300930713,0.0,0.0,0.0,1341.9797966526694,0.0
2023,4,21,13,81.0426,1375.3728810988634,83.80827300930713,0.0,0.0,0.0,1291.5646080895563,0.0
2023,4,21,14,81.0426,1302.2941262309166,83.80827300930713,0.0,0.0,-0.0,1218.4858532216094,0.0
2023,4,21,15,81.0426,948.5346261749795,156.93638464685577,73.12811163754866,0.0,68.42169541904832,791.5982415281237,0.0
2023,4,21,16,81.0426,680.0155757049826,680.0155757049826,596.2073026956754,0.0,626.2579851600491,0.0,0.0
2023,4,21,17,81.0426,452.2009728625578,452.2009728625578,368.3926998532507,0.0,970.9414801871188,0.0,0.0
2023,4,21,18,81.0426,110.41701913607376,110.41701913607376,26.60874612676663,0.0,995.8377270913475,0.0,0.0
2023,4,21,19,81.0426,11.525687723813263,11.525687723813263,0.0,72.28258528549387,922.4458813157775,0.0,0.0
2023,4,21,20,81.0426,0.0,0.0,0.0,83.80827300930713,837.3514727093061,0.0,0.0
2023,4,21,21,81.0426,0.0,0.0,0.0,83.80827300930713,752.2570641028348,0.0,0.0
2023,4,21,22,81.0426,0.0,0.0,0.0,83.80827300930713,667.1626554963634,0.0,0.0
2023,4,21,23,81.0426,0.0,0.0,0.0,83.80827300930713,582.0682468898921,0.0,0.0
2023,4,22,0,81.0426,0.0,0.0,0.0,83.80827300930713,496.97383828342066,0.0,0.0
2023,4,22,1,81.0426,0.0,0.0,0.0,83.80827300930713,411.87942967694926,0.0,0.0
2023,4,22,2,81.0426,0.0,0.0,0.0,83.80827300930713,326.78502107047785,0.0,0.0
2023,4,22,3,81.0426,0.0,0.0,0.0,83.80827300930713,241.69061246400645,0.0,0.0
2023,4,22,4,81.0426,0.0,0.0,0.0,83.80827300930713,156.59620385753507,0.0,0.0
2023,4,22,5,81.0426,0.0,0.0,0.0,83.80827300930713,71.50179525106368,0.0,0.0
2023,4,22,6,81.0426,13.387171609220522,13.387171609220522,0.0,70.42110140008661,0.0,0.0,0.0
2023,4,22,7,81.0426,120.42249502013762,83.80827300930713,0.0,0.0,0.0,36.61422201083049,0.0
2023,4,22,8,81.0426,487.662240879566,83.80827300930713,0.0,0.0,0.0,403.8539678702589,0.0
2023,4,22,9,81.0426,853.8316335048851,83.80827300930713,0.0,0.0,0.0,770.0233604955779,0.0
2023,4,22,10,81.0426,1132.3716722246577,83.80827300930713,0.0,0.0,0.0,1048.5633992153505,0.0
2023,4,22,11,81.0426,1315.5571989144437,83.80827300930713,0.0,0.0,0.0,1231.7489259051365,0.0
2023,4,22,12,81.0426,1406.320050693759,83.80827300930713,0.0,0.0,0.0,1322.5117776844518,0.0
2023,4,22,13,81.0426,1398.0364474036967,83.80827300930713,0.0,0.0,0.0,1314.2281743943895,0.0
2023,4,22,14,81.0426,1262.1170990375435,83.80827300930713,0.0,0.0,0.0,1178.3088260282364,0.0
2023,4,22,15,81.0426,1061.5422103849116,83.80827300930713,0.0,0.0,-0.0,977.7339373756045,0.0
2023,4,22,16,81.0426,816.1986342882351,735.7418431016872,651.93357009238,0.0,609.9760976654268,80.45679118654789,0.0
2023,4,22,17,81.0426,459.36768582137574,459.36768582137574,375.5594128120686,0.0,961.3650666920768,0.0,0.0
2023,4,22,18,81.0426,112.5887503357154,112.5887503357154,28.78047732640827,0.0,988.2932754143599,0.0,0.0
2023,4,22,19,81.0426,12.378867837958255,12.378867837958255,0.0,71.42940517134888,915.7677027958553,0.0,0.0
2023,4,22,20,81.0426,0.0,0.0,0.0,83.80827300930713,830.6732941893839,0.0,0.0
2023,4,22,21,81.0426,0.0,0.0,0.0,83.80827300930713,745.5788855829126,0.0,0.0
2023,4,22,22,81.0426,0.0,0.0,0.0,83.80827300930713,660.4844769764412,0.0,0.0
2023,4,22,23,81.0426,0.0,0.0,0.0,83.80827300930713,575.3900683699699,0.0,0.0
2023,4,23,0,81.0426,0.0,0.0,0.0,83.80827300930713,490.29565976349846,0.0,0.0
2023,4,23,1,81.0426,0.0,0.0,0.0,83.80827300930713,405.20125115702706,0.0,0.0
2023,4,23,2,81.0426,0.0,0.0,0.0,83.80827300930713,320.10684255055565,0.0,0.0
2023,4,23,3,81.0426,0.0,0.0,0.0,83.80827300930713,235.01243394408425,0.0,0.0
2023,4,23,4,81.0426,0.0,0.0,0.0,83.80827300930713,149.91802533761285,0.0,0.0
2023,4,23,5,81.0426,0.0,0.0,0.0,83.80827300930713,64.82361673114146,0.0,0.0
2023,4,23,6,81.0426,19.964414670992827,19.964414670992827,0.0,63.843858338314305,0.0,0.0,0.0
2023,4,23,7,81.0426,126.25514452774719,83.80827300930713,0.0,0.0,0.0,42.44687151844006,0.0
2023,4,23,8,81.0426,373.4602045098309,83.80827300930713,0.0,0.0,0.0,289.65193150052374,0.0
2023,4,23,9,81.0426,528.9251336727602,83.80827300930713,0.0,0.0,0.0,445.1168606634531,0.0
2023,4,23,10,81.0426,651.8140948410627,83.80827300930713,0.0,0.0,0.0,568.0058218317556,0.0
2023,4,23,11,81.0426,442.04037332137653,83.80827300930713,0.0,0.0,0.0,358.2321003120694,0.0
2023,4,23,12,81.0426,478.10662360114213,83.80827300930713,0.0,0.0,0.0,394.298350591835,0.0
2023,4,23,13,81.0426,494.9530527640778,83.80827300930713,0.0,0.0,0.0,411.1447797547707,0.0
2023,4,23,14,81.0426,334.52416657339575,83.80827300930713,0.0,0.0,-0.0,250.71589356408862,0.0
2023,4,23,15,81.0426,524.8919185877112,524.8919185877112,441.08364557840406,0.0,412.6961598799556,0.0,0.0
2023,4,23,16,81.0426,707.736173231839,347.72009195205976,263.91181894275263,0.0,659.6230076931059,360.0160812797792,0.0
2023,4,23,17,81.0426,412.3807300805541,412.3807300805541,328.57245707124696,0.0,967.0490313848452,0.0,0.0
2023,4,23,18,81.0426,111.37878581020085,111.37878581020085,27.570512800893724,0.0,992.8451470942124,0.0,0.0
2023,4,23,19,81.0426,12.363355472246528,12.363355472246528,0.0,71.4449175370606,920.3038240546703,0.0,0.0
2023,4,23,20,81.0426,0.0,0.0,0.0,83.80827300930713,835.2094154481989,0.0,0.0
2023,4,23,21,81.0426,0.0,0.0,0.0,83.80827300930713,750.1150068417276,0.0,0.0
2023,4,23,22,81.0426,0.0,0.0,0.0,83.80827300930713,665.0205982352562,0.0,0.0
2023,4,23,23,81.0426,0.0,0.0,0.0,83.80827300930713,579.9261896287849,0.0,0.0
2023,4,24,0,81.0426,0.0,0.0,0.0,83.80827300930713,494.8317810223135,0.0,0.0
2023,4,24,1,81.0426,0.0,0.0,0.0,83.80827300930713,409.7373724158421,0.0,0.0
2023,4,24,2,81.0426,0.0,0.0,0.0,83.80827300930713,324.6429638093707,0.0,0.0
2023,4,24,3,81.0426,0.0,0.0,0.0,83.80827300930713,239.5485552028993,0.0,0.0
2023,4,24,4,81.0426,0.0,0.0,0.0,83.80827300930713,154.45414659642793,0.0,0.0
2023,4,24,5,81.0426,0.0,0.0,0.0,83.80827300930713,69.35973798995654,0.0,0.0
2023,4,24,6,81.0426,15.496853346015412,15.496853346015412,0.0,68.31141966329172,0.0,0.0,0.0
2023,4,24,7,81.0426,95.37002439569845,83.80827300930713,0.0,0.0,0.0,11.561751386391322,0.0
2023,4,24,8,81.0426,188.4442186660613,83.80827300930713,0.0,-0.0,0.0,104.63594565675416,0.0
2023,4,24,9,81.0426,231.01015017904055,83.80827300930713,0.0,-0.0,0.0,147.20187716973342,0.0
2023,4,24,10,81.0426,281.1461161593427,83.80827300930713,0.0,0.0,0.0,197.33784315003555,0.0
2023,4,24,11,81.0426,424.8216473813594,83.80827300930713,0.0,0.0,0.0,341.0133743720523,0.0
2023,4,24,12,81.0426,626.7150871194881,83.80827300930713,0.0,0.0,0.0,542.9068141101809,0.0
2023,4,24,13,81.0426,770.6853532900277,83.80827300930713,0.0,0.0,0.0,686.8770802807205,0.0
2023,4,24,14,81.0426,916.4240291517042,83.80827300930713,0.0,0.0,-0.0,832.615756142397,0.0
2023,4,24,15,81.0426,859.6332582810711,471.57099935774676,387.7627263484396,0.0,362.80689550104296,388.06225892332435,0.0
2023,4,24,16,81.0426,519.2609298343542,519.2609298343542,435.45265682504703,0.0,770.2344686670425,0.0,0.0
2023,4,24,17,81.0426,309.98360401744344,309.98360401744344,226.1753310081363,0.0,981.853492637506,0.0,0.0
2023,4,24,18,81.0426,104.91012930841063,104.91012930841063,21.101856299103503,0.0,1001.5972649316675,0.0,0.0
2023,4,24,19,81.0426,20.910668979408182,20.910668979408182,0.0,62.89760402989895,937.7344238838167,0.0,0.0
2023,4,24,20,81.0426,0.0,0.0,0.0,83.80827300930713,852.6400152773454,0.0,0.0
2023,4,24,21,81.0426,0.0,0.0,0.0,83.80827300930713,767.545606670874,0.0,0.0
2023,4,24,22,81.0426,0.0,0.0,0.0,83.80827300930713,682.4511980644027,0.0,0.0
2023,4,24,23,81.0426,0.0,0.0,0.0,83.80827300930713,597.3567894579313,0.0,0.0
2023,4,25,0,81.0426,0.0,0.0,0.0,83.80827300930713,512.26238085146,0.0,0.0
2023,4,25,1,81.0426,0.0,0.0,0.0,83.80827300930713,427.1679722449886,0.0,0.0
2023,4,25,2,81.0426,0.0,0.0,0.0,83.80827300930713,342.0735636385172,0.0,0.0
2023,4,25,3,81.0426,0.0,0.0,0.0,83.80827300930713,256.9791550320458,0.0,0.0
2023,4,25,4,81.0426,0.0,0.0,0.0,83.80827300930713,171.8847464255744,0.0,0.0
2023,4,25,5,81.0426,0.0,0.0,0.0,83.80827300930713,86.79033781910302,0.0,0.0
2023,4,25,6,81.0426,10.424309758280481,10.424309758280481,0.0,73.38396325102666,12.28021214986667,0.0,0.0
2023,4,25,7,81.0426,71.71366668531456,71.71366668531456,0.0,12.094606323992567,0.0,0.0,0.0
2023,4,25,8,81.0426,181.07584495299088,83.80827300930713,0.0,0.0,0.0,97.26757194368375,0.0
2023,4,25,9,81.0426,432.7950033571872,83.80827300930713,0.0,0.0,0.0,348.9867303478801,0.0
2023,4,25,10,81.0426,567.9077087063305,83.80827300930713,0.0,0.0,0.0,484.09943569702335,0.0
2023,4,25,11,81.0426,880.3112417748034,83.80827300930713,0.0,0.0,0.0,796.5029687654962,0.0
2023,4,25,12,81.0426,1096.4605456020095,83.80827300930713,0.0,0.0,0.0,1012.6522725927023,0.0
2023,4,25,13,81.0426,1130.308527584998,83.80827300930713,0.0,0.0,0.0,1046.5002545756909,0.0
2023,4,25,14,81.0426,1101.3779655326268,83.80827300930713,0.0,0.0,0.0,1017.5696925233196,0.0
2023,4,25,15,81.0426,933.953002405956,142.74679530960393,58.93852230029679,0.0,55.14532689244311,791.206207096352,0.0
2023,4,25,16,81.0426,690.3933483661281,690.3933483661281,606.5850753568209,0.0,622.6914913211479,0.0,0.0
2023,4,25,17,81.0426,429.55291892343615,429.55291892343615,345.744645914129,0.0,946.184527388505,0.0,0.0
2023,4,25,18,81.0426,122.70281277976152,122.70281277976152,38.89453977045439,0.0,982.5758725777283,0.0,0.0
2023,4,25,19,81.0426,17.715121642792393,17.715121642792393,0.0,66.09315136651473,915.4684447961417,0.0,0.0
2023,4,25,20,81.0426,0.0,0.0,0.0,83.80827300930713,830.3740361896704,0.0,0.0
2023,4,25,21,81.0426,0.0,0.0,0.0,83.80827300930713,745.279627583199,0.0,0.0
2023,4,25,22,81.0426,0.0,0.0,0.0,83.80827300930713,660.1852189767277,0.0,0.0
2023,4,25,23,81.0426,0.0,0.0,0.0,83.80827300930713,575.0908103702563,0.0,0.0
2023,4,26,0,81.0426,0.0,0.0,0.0,83.80827300930713,489.99640176378495,0.0,0.0
2023,4,26,1,81.0426,0.0,0.0,0.0,83.80827300930713,404.90199315731354,0.0,0.0
2023,4,26,2,81.0426,0.0,0.0,0.0,83.80827300930713,319.80758455084214,0.0,0.0
2023,4,26,3,81.0426,0.0,0.0,0.0,83.80827300930713,234.71317594437073,0.0,0.0
2023,4,26,4,81.0426,0.0,0.0,0.0,83.80827300930713,149.61876733789936,0.0,0.0
2023,4,26,5,81.0426,0.0,0.0,0.0,83.80827300930713,64.52435873142797,0.0,0.0
2023,4,26,6,81.0426,20.259149619515643,20.259149619515643,0.0,63.54912338979149,0.0,0.0,0.0
2023,4,26,7,81.0426,128.13214077886602,83.80827300930713,0.0,0.0,0.0,44.32386776955889,0.0
2023,4,26,8,81.0426,451.2236938227189,83.80827300930713,0.0,0.0,0.0,367.41542081341174,0.0
2023,4,26,9,81.0426,752.7375461615594,83.80827300930713,0.0,0.0,0.0,668.9292731522523,0.0
2023,4,26,10,81.0426,996.933207195568,83.80827300930713,0.0,0.0,0.0,913.1249341862608,0.0
2023,4,26,11,81.0426,1124.8947119516051,83.80827300930713,0.0,0.0,0.0,1041.086438942298,0.0
2023,4,26,12,81.0426,1101.3314284354917,83.80827300930713,0.0,0.0,0.0,1017.5231554261845,0.0
2023,4,26,13,81.0426,944.0980895814254,83.80827300930713,0.0,0.0,0.0,860.2898165721183,0.0
2023,4,26,14,81.0426,810.4435466091845,83.80827300930713,0.0,0.0,-0.0,726.6352735998773,0.0
2023,4,26,15,81.0426,982.3360710608329,911.0449894011222,827.236716391815,0.0,773.9969948759332,71.2910816597107,0.0
2023,4,26,16,81.0426,553.3105725715953,83.80827300930713,0.0,0.0,773.9969948759332,469.5022995622882,0.0
2023,4,26,17,81.0426,305.6401416181598,305.6401416181598,221.83186860885266,0.0,981.5520952102873,0.0,0.0
2023,4,26,18,81.0426,107.09737287376417,83.80827300930713,0.0,0.0,981.5520952102873,23.289099864457043,0.0
2023,4,26,19,81.0426,17.637559814233757,17.637559814233757,0.0,66.17071319507338,914.365915323513,0.0,0.0
2023,4,26,20,81.0426,0.0,0.0,0.0,83.80827300930713,829.2715067170417,0.0,0.0
2023,4,26,21,81.0426,0.0,0.0,0.0,83.80827300930713,744.1770981105703,0.0,0.0
2023,4,26,22,81.0426,0.0,0.0,0.0,83.80827300930713,659.082689504099,0.0,0.0
2023,4,26,23,81.0426,0.0,0.0,0.0,83.80827300930713,573.9882808976276,0.0,0.0
2023,4,27,0,81.0426,0.0,0.0,0.0,83.80827300930713,488.8938722911563,0.0,0.0
2023,4,27,1,81.0426,0.0,0.0,0.0,83.80827300930713,403.7994636846849,0.0,0.0
2023,4,27,2,81.0426,0.0,0.0,0.0,83.80827300930713,318.7050550782135,0.0,0.0
2023,4,27,3,81.0426,0.0,0.0,0.0,83.80827300930713,233.6106464717421,0.0,0.0
2023,4,27,4,81.0426,0.0,0.0,0.0,83.80827300930713,148.51623786527068,0.0,0.0
2023,4,27,5,81.0426,0.0,0.0,0.0,83.80827300930713,63.4218292587993,0.0,0.0
2023,4,27,6,81.0426,21.345015219336542,21.345015219336542,0.0,62.46325778997059,0.0,0.0,0.0
2023,4,27,7,81.0426,130.16426068710243,83.80827300930713,0.0,0.0,0.0,46.3559876777953,0.0
2023,4,27,8,81.0426,506.3081044650621,83.80827300930713,0.0,0.0,0.0,422.499831455755,0.0
2023,4,27,9,81.0426,803.6025933303126,83.80827300930713,0.0,0.0,0.0,719.7943203210054,0.0
2023,4,27,10,81.0426,964.7140236123107,83.80827300930713,0.0,0.0,0.0,880.9057506030035,0.0
2023,4,27,11,81.0426,945.4942024954809,83.80827300930713,0.0,0.0,0.0,861.6859294861738,0.0
2023,4,27,12,81.0426,925.979646430128,83.80827300930713,0.0,0.0,0.0,842.1713734208208,0.0
2023,4,27,13,81.0426,678.7590740823326,83.80827300930713,0.0,0.0,-0.0,594.9508010730256,0.0
2023,4,27,14,81.0426,618.7262187779486,83.80827300930713,0.0,0.0,-0.0,534.9179457686414,0.0
2023,4,27,15,81.0426,653.2567448522533,363.70122906690614,279.892956057599,0.0,261.8794627738875,289.55551578534715,0.0
2023,4,27,16,81.0426,516.3446050805495,516.3446050805495,432.5363320712424,0.0,666.5784014984995,0.0,0.0
2023,4,27,17,81.0426,361.08133667187263,361.08133667187263,277.2730636625655,0.0,926.0065842451912,0.0,0.0
2023,4,27,18,81.0426,129.99362466427343,129.99362466427343,46.18535165496629,0.0,969.2195155378838,0.0,0.0
2023,4,27,19,81.0426,19.824803379587284,19.824803379587284,0.0,63.98346962971985,904.2541450174044,0.0,0.0
2023,4,27,20,81.0426,0.0,0.0,0.0,83.80827300930713,819.1597364109331,0.0,0.0
2023,4,27,21,81.0426,0.0,0.0,0.0,83.80827300930713,734.0653278044617,0.0,0.0
2023,4,27,22,81.0426,0.0,0.0,0.0,83.80827300930713,648.9709191979904,0.0,0.0
2023,4,27,23,81.0426,0.0,0.0,0.0,83.80827300930713,563.876510591519,0.0,0.0
2023,4,28,0,81.0426,0.0,0.0,0.0,83.80827300930713,478.78210198504763,0.0,0.0
2023,4,28,1,81.0426,0.0,0.0,0.0,83.80827300930713,393.6876933785762,0.0,0.0
2023,4,28,2,81.0426,0.0,0.0,0.0,83.80827300930713,308.5932847721048,0.0,0.0
2023,4,28,3,81.0426,0.0,0.0,0.0,83.80827300930713,223.49887616563342,0.0,0.0
2023,4,28,4,81.0426,0.0,0.0,0.0,83.80827300930713,138.40446755916204,0.0,0.0
2023,4,28,5,81.0426,0.0,0.0,0.0,83.80827300930713,53.31005895269066,0.0,0.0
2023,4,28,6,81.0426,31.303954006265364,31.303954006265364,0.0,52.504319003041765,0.0,0.0,0.0
2023,4,28,7,81.0426,145.73867586167648,83.80827300930713,0.0,0.0,0.0,61.930402852369355,0.0
2023,4,28,8,81.0426,491.1990602618398,83.80827300930713,0.0,0.0,0.0,407.3907872525327,0.0
2023,4,28,9,81.0426,855.8017039502745,83.80827300930713,0.0,0.0,0.0,771.9934309409673,0.0
2023,4,28,10,81.0426,1107.6914983773,83.80827300930713,0.0,0.0,0.0,1023.8832253679927,0.0
2023,4,28,11,81.0426,1314.0369870746943,83.80827300930713,0.0,0.0,0.0,1230.228714065387,0.0
2023,4,28,12,81.0426,1337.926030270754,83.80827300930713,0.0,0.0,0.0,1254.1177572614467,0.0
2023,4,28,13,81.0426,1236.5682327103289,83.80827300930713,0.0,0.0,-0.0,1152.7599597010217,0.0
2023,4,28,14,81.0426,1175.9303951431873,85.61540891982894,1.8071359105218092,0.0,1.6908313380686195,1090.3149862233583,0.0
2023,4,28,15,81.0426,849.2089485227906,849.2089485227906,765.4006755134835,0.0,717.8314607185117,0.0,0.0
2023,4,28,16,81.0426,405.9275859444758,405.9275859444758,322.1193129351687,0.0,1019.2196550080317,0.0,0.0
2023,4,28,17,81.0426,136.3381822403698,136.3381822403698,52.529909231062675,0.0,1068.368817612041,0.0,0.0
2023,4,28,18,81.0426,45.97865196955924,45.97865196955924,0.0,37.82962103974789,1029.958656960875,0.0,0.0
2023,4,28,19,81.0426,8.019893072962931,8.019893072962931,0.0,75.7883799363442,953.0072160308183,0.0,0.0
2023,4,28,20,81.0426,0.0,0.0,0.0,83.80827300930713,867.912807424347,0.0,0.0
2023,4,28,21,81.0426,0.0,0.0,0.0,83.80827300930713,782.8183988178756,0.0,0.0
2023,4,28,22,81.0426,0.0,0.0,0.0,83.80827300930713,697.7239902114043,0.0,0.0
2023,4,28,23,81.0426,0.0,0.0,0.0,83.80827300930713,612.6295816049329,0.0,0.0
2023,4,29,0,81.0426,0.0,0.0,0.0,83.80827300930713,527.5351729984616,0.0,0.0
2023,4,29,1,81.0426,0.0,0.0,0.0,83.80827300930713,442.44076439199023,0.0,0.0
2023,4,29,2,81.0426,0.0,0.0,0.0,83.80827300930713,357.3463557855188,0.0,0.0
2023,4,29,3,81.0426,0.0,0.0,0.0,83.80827300930713,272.2519471790474,0.0,0.0
2023,4,29,4,81.0426,0.0,0.0,0.0,83.80827300930713,187.15753857257602,0.0,0.0
2023,4,29,5,81.0426,0.0,0.0,0.0,83.80827300930713,102.06312996610464,0.0,0.0
2023,4,29,6,81.0426,12.177207083705802,12.177207083705802,0.0,71.63106592560133,29.332801874111876,0.0,0.0
2023,4,29,7,81.0426,61.18077036705168,61.18077036705168,0.0,22.62750264225545,6.3580538397469715,0.0,0.0
2023,4,29,8,81.0426,77.54631619292397,77.54631619292397,0.0,6.261956816383163,0.0,0.0,0.0
2023,4,29,9,81.0426,307.11381636077385,83.80827300930713,0.0,0.0,0.0,223.30554335146672,0.0
2023,4,29,10,81.0426,191.7173278312357,83.80827300930713,0.0,0.0,0.0,107.90905482192858,0.0
2023,4,29,11,81.0426,195.8281047448434,83.80827300930713,0.0,0.0,-0.0,112.01983173553626,0.0
2023,4,29,12,81.0426,329.06381384286766,134.56257045710132,50.75429744779418,0.0,47.48782654737184,194.50124338576634,0.0
2023,4,29,13,81.0426,173.00941478289278,173.00941478289278,89.20114177358565,0.0,130.94811585053228,0.0,0.0
2023,4,29,14,81.0426,301.23462975602934,301.23462975602934,217.4263567467222,0.0,334.3812364968328,0.0,0.0
2023,4,29,15,81.0426,338.3402085384806,338.3402085384806,254.53193552917347,0.0,572.5318762058953,0.0,0.0
2023,4,29,16,81.0426,289.33664525513456,289.33664525513456,205.52837224582743,0.0,764.8327488918535,0.0,0.0
2023,4,29,17,81.0426,292.79590280884975,292.79590280884975,208.98762979954262,0.0,960.3702464737131,0.0,0.0
2023,4,29,18,81.0426,102.67634864592193,102.67634864592193,18.868075636614805,0.0,978.0240008978756,0.0,0.0
2023,4,29,19,81.0426,17.497948522828214,17.497948522828214,0.0,66.31032448647892,910.6960672217633,0.0,0.0
2023,4,29,20,81.0426,0.0,0.0,0.0,83.80827300930713,825.601658615292,0.0,0.0
2023,4,29,21,81.0426,0.0,0.0,0.0,83.80827300930713,740.5072500088206,0.0,0.0
2023,4,29,22,81.0426,0.0,0.0,0.0,83.80827300930713,655.4128414023493,0.0,0.0
2023,4,29,23,81.0426,0.0,0.0,0.0,83.80827300930713,570.3184327958779,0.0,0.0
2023,4,30,0,81.0426,0.0,0.0,0.0,83.80827300930713,485.2240241894066,0.0,0.0
2023,4,30,1,81.0426,0.0,0.0,0.0,83.80827300930713,400.1296155829352,0.0,0.0
2023,4,30,2,81.0426,0.0,0.0,0.0,83.80827300930713,315.03520697646377,0.0,0.0
2023,4,30,3,81.0426,0.0,0.0,0.0,83.80827300930713,229.94079836999236,0.0,0.0
2023,4,30,4,81.0426,0.0,0.0,0.0,83.80827300930713,144.84638976352096,0.0,0.0
2023,4,30,5,81.0426,0.0,0.0,0.0,83.80827300930713,59.751981157049585,0.0,0.0
2023,4,30,6,81.0426,24.959396430168965,24.959396430168965,0.0,58.848876579138164,0.0,0.0,0.0
2023,4,30,7,81.0426,139.95256345120222,83.80827300930713,0.0,0.0,0.0,56.144290441895095,0.0
2023,4,30,8,81.0426,520.1296223142109,83.80827300930713,0.0,0.0,0.0,436.3213493049038,0.0
2023,4,30,9,81.0426,897.6385542748026,83.80827300930713,0.0,0.0,0.0,813.8302812654954,0.0
2023,4,30,10,81.0426,1169.2755902528565,83.80827300930713,0.0,0.0,0.0,1085.4673172435494,0.0
2023,4,30,11,81.0426,1328.4014377237536,83.80827300930713,0.0,0.0,0.0,1244.5931647144464,0.0
2023,4,30,12,81.0426,1448.2654875782691,83.80827300930713,0.0,0.0,0.0,1364.457214568962,0.0
2023,4,30,13,81.0426,1428.8750304386103,83.80827300930713,0.0,0.0,0.0,1345.0667574293032,0.0
2023,4,30,14,81.0426,1347.3265238920605,83.80827300930713,0.0,0.0,0.0,1263.5182508827534,0.0
2023,4,30,15,81.0426,1127.2991286369231,83.80827300930713,0.0,0.0,-0.0,1043.490855627616,0.0
2023,4,30,16,81.0426,839.8860167300425,684.875844822068,601.0675718127608,0.0,562.3837591852011,155.0101719079745,0.0
2023,4,30,17,81.0426,483.42736504026453,483.42736504026453,399.6190920309574,0.0,936.2839623532993,0.0,0.0
2023,4,30,18,81.0426,122.19090471127451,122.19090471127451,38.382631701967384,0.0,972.1963451139812,0.0,0.0
2023,4,30,19,81.0426,22.136145870634625,22.136145870634625,0.0,61.67212713867251,909.5777873280971,0.0,0.0
2023,4,30,20,81.0426,0.0,0.0,0.0,83.80827300930713,824.4833787216257,0.0,0.0
2023,4,30,21,81.0426,0.0,0.0,0.0,83.80827300930713,739.3889701151544,0.0,0.0
2023,4,30,22,81.0426,0.0,0.0,0.0,83.80827300930713,654.294561508683,0.0,0.0
2023,4,30,23,81.0426,0.0,0.0,0.0,83.80827300930713,569.2001529022117,0.0,0.0
2023,5,1,0,81.0426,0.0,0.0,0.0,83.80827300930713,484.10574429574035,0.0,0.0
2023,5,1,1,81.0426,0.0,0.0,0.0,83.80827300930713,399.01133568926895,0.0,0.0
2023,5,1,2,81.0426,0.0,0.0,0.0,83.80827300930713,313.91692708279754,0.0,0.0
2023,5,1,3,81.0426,0.0,0.0,0.0,83.80827300930713,228.82251847632614,0.0,0.0
2023,5,1,4,81.0426,0.0,0.0,0.0,83.80827300930713,143.72810986985476,0.0,0.0
2023,5,1,5,81.0426,0.0,0.0,0.0,83.80827300930713,58.633701263383365,0.0,0.0
2023,5,1,6,81.0426,26.060774395701593,26.060774395701593,0.0,57.747498613605536,0.0,0.0,0.0
2023,5,1,7,81.0426,140.06115001118434,83.80827300930713,0.0,0.0,0.0,56.25287700187721,0.0
2023,5,1,8,81.0426,517.0891986347123,83.80827300930713,0.0,0.0,0.0,433.28092562540513,0.0
2023,5,1,9,81.0426,877.550040678116,83.80827300930713,0.0,0.0,0.0,793.741767668809,0.0
2023,5,1,10,81.0426,1058.2846135854488,83.80827300930713,0.0,0.0,0.0,974.4763405761416,0.0
2023,5,1,11,81.0426,1268.1048722022701,83.80827300930713,0.0,0.0,0.0,1184.296599192963,0.0
2023,5,1,12,81.0426,1345.7597749551762,83.80827300930713,0.0,0.0,0.0,1261.951501945869,0.0
2023,5,1,13,81.0426,1305.582747761803,83.80827300930713,0.0,0.0,0.0,1221.7744747524957,0.0
2023,5,1,14,81.0426,1219.396043867447,83.80827300930713,0.0,0.0,-0.0,1135.5877708581397,0.0
2023,5,1,15,81.0426,1023.5214020254682,208.6070648033808,124.79879179407368,0.0,116.76692765050007,814.9143372220874,0.0
2023,5,1,16,81.0426,682.9163880930756,682.9163880930756,599.1081150837684,0.0,677.3173378199025,0.0,0.0
2023,5,1,17,81.0426,336.2615515331092,336.2615515331092,252.45327852380206,0.0,913.523099788827,0.0,0.0
2023,5,1,18,81.0426,122.76486224260857,122.76486224260857,38.95658923330144,0.0,949.9725010299949,0.0,0.0
2023,5,1,19,81.0426,31.05575615487773,31.05575615487773,0.0,52.7525168544294,896.4104353407033,0.0,0.0
2023,5,1,20,81.0426,0.0,0.0,0.0,83.80827300930713,811.316026734232,0.0,0.0
2023,5,1,21,81.0426,0.0,0.0,0.0,83.80827300930713,726.2216181277606,0.0,0.0
2023,5,1,22,81.0426,0.0,0.0,0.0,83.80827300930713,641.1272095212893,0.0,0.0
2023,5,1,23,81.0426,0.0,0.0,0.0,83.80827300930713,556.0328009148179,0.0,0.0
2023,5,2,0,81.0426,0.0,0.0,0.0,83.80827300930713,470.9383923083466,0.0,0.0
2023,5,2,1,81.0426,0.0,0.0,0.0,83.80827300930713,385.8439837018752,0.0,0.0
2023,5,2,2,81.0426,0.0,0.0,0.0,83.80827300930713,300.74957509540377,0.0,0.0
2023,5,2,3,81.0426,0.0,0.0,0.0,83.80827300930713,215.65516648893237,0.0,0.0
2023,5,2,4,81.0426,0.0,0.0,0.0,83.80827300930713,130.56075788246096,0.0,0.0
2023,5,2,5,81.0426,0.0,0.0,0.0,83.80827300930713,45.46634927598957,0.0,0.0
2023,5,2,6,81.0426,39.02911213070548,39.02911213070548,0.0,44.77916087860166,0.0,0.0,0.0
2023,5,2,7,81.0426,144.54422370187348,83.80827300930713,0.0,0.0,0.0,60.73595069256635,0.0
2023,5,2,8,81.0426,468.27178373990716,83.80827300930713,0.0,0.0,0.0,384.46351073060004,0.0
2023,5,2,9,81.0426,798.7317104968304,83.80827300930713,0.0,0.0,0.0,714.9234374875232,0.0
2023,5,2,10,81.0426,1002.2074115375553,83.80827300930713,0.0,0.0,0.0,918.3991385282482,0.0
2023,5,2,11,81.0426,979.9937038383621,83.80827300930713,0.0,0.0,0.0,896.1854308290549,0.0
2023,5,2,12,81.0426,794.140050246159,83.80827300930713,0.0,0.0,0.0,710.3317772368518,0.0
2023,5,2,13,81.0426,1130.929022213467,83.80827300930713,0.0,0.0,-0.0,1047.12074920416,0.0
2023,5,2,14,81.0426,972.0203478625342,83.80827300930713,0.0,0.0,-0.0,888.212074853227,0.0
2023,5,2,15,81.0426,864.9229749887701,292.161194824493,208.35292181518585,0.0,194.94363845691817,572.7617801642771,0.0
2023,5,2,16,81.0426,596.993394415819,596.993394415819,513.1851214065119,0.0,675.1009306962877,0.0,0.0
2023,5,2,17,81.0426,371.27296094447735,371.27296094447735,287.4646879351702,0.0,944.0648199748501,0.0,0.0
2023,5,2,18,81.0426,115.47405035809666,115.47405035809666,31.665777348789533,0.0,973.6926351125487,0.0,0.0
2023,5,2,19,81.0426,25.005933527304144,25.005933527304144,0.0,58.80233948200299,913.9879052186118,0.0,0.0
2023,5,2,20,81.0426,0.0,0.0,0.0,83.80827300930713,828.8934966121404,0.0,0.0
2023,5,2,21,81.0426,0.0,0.0,0.0,83.80827300930713,743.7990880056691,0.0,0.0
2023,5,2,22,81.0426,0.0,0.0,0.0,83.80827300930713,658.7046793991977,0.0,0.0
2023,5,2,23,81.0426,0.0,0.0,0.0,83.80827300930713,573.6102707927264,0.0,0.0
2023,5,3,0,81.0426,0.0,0.0,0.0,83.80827300930713,488.51586218625505,0.0,0.0
2023,5,3,1,81.0426,0.0,0.0,0.0,83.80827300930713,403.42145357978364,0.0,0.0
2023,5,3,2,81.0426,0.0,0.0,0.0,83.80827300930713,318.32704497331224,0.0,0.0
2023,5,3,3,81.0426,0.0,0.0,0.0,83.80827300930713,233.23263636684084,0.0,0.0
2023,5,3,4,81.0426,0.0,0.0,0.0,83.80827300930713,148.13822776036943,0.0,0.0
2023,5,3,5,81.0426,0.0,0.0,0.0,83.80827300930713,63.043819153898035,0.0,0.0
2023,5,3,6,81.0426,21.717311996417994,21.717311996417994,0.0,62.09096101288913,0.0,0.0,0.0
2023,5,3,7,81.0426,112.88348528423839,83.80827300930713,0.0,0.0,0.0,29.07521227493126,0.0
2023,5,3,8,81.0426,293.5249839973009,83.80827300930713,0.0,0.0,0.0,209.7167109879938,0.0
2023,5,3,9,81.0426,617.9195757609388,83.80827300930713,0.0,0.0,0.0,534.1113027516317,0.0
2023,5,3,10,81.0426,879.938944997722,83.80827300930713,0.0,0.0,0.0,796.1306719884149,0.0
2023,5,3,11,81.0426,870.553963742127,83.80827300930713,0.0,0.0,0.0,786.7456907328199,0.0
2023,5,3,12,81.0426,914.8727925805315,83.80827300930713,0.0,0.0,0.0,831.0645195712243,0.0
2023,5,3,13,81.0426,848.7280651857269,83.80827300930713,0.0,0.0,0.0,764.9197921764198,0.0
2023,5,3,14,81.0426,868.4132572739088,83.80827300930713,0.0,0.0,-0.0,784.6049842646016,0.0
2023,5,3,15,81.0426,553.7138940801002,455.1834405032583,371.37516749395115,0.0,347.4740154977829,98.53045357684192,0.0
2023,5,3,16,81.0426,471.3432321508291,471.3432321508291,387.534959141522,0.0,710.0678025497057,0.0,0.0
2023,5,3,17,81.0426,325.72865521484647,325.72865521484647,241.92038220553934,0.0,936.4185497010652,0.0,0.0
2023,5,3,18,81.0426,112.41811431288642,112.41811431288642,28.609841303579284,0.0,963.1871042805012,0.0,0.0
2023,5,3,19,81.0426,27.751622258279852,27.751622258279852,0.0,56.05665075102728,906.2701989102111,0.0,0.0
2023,5,3,20,81.0426,0.0,0.0,0.0,83.80827300930713,821.1757903037397,0.0,0.0
2023,5,3,21,81.0426,0.0,0.0,0.0,83.80827300930713,736.0813816972684,0.0,0.0
2023,5,3,22,81.0426,0.0,0.0,0.0,83.80827300930713,650.986973090797,0.0,0.0
2023,5,3,23,81.0426,0.0,0.0,0.0,83.80827300930713,565.8925644843257,0.0,0.0
2023,5,4,0,81.0426,0.0,0.0,0.0,83.80827300930713,480.79815587785436,0.0,0.0
2023,5,4,1,81.0426,0.0,0.0,0.0,83.80827300930713,395.70374727138295,0.0,0.0
2023,5,4,2,81.0426,0.0,0.0,0.0,83.80827300930713,310.60933866491155,0.0,0.0
2023,5,4,3,81.0426,0.0,0.0,0.0,83.80827300930713,225.51493005844014,0.0,0.0
2023,5,4,4,81.0426,0.0,0.0,0.0,83.80827300930713,140.42052145196874,0.0,0.0
2023,5,4,5,81.0426,0.0,0.0,0.0,83.80827300930713,55.32611284549736,0.0,0.0
2023,5,4,6,81.0426,29.318371195164293,29.318371195164293,0.0,54.48990181414284,0.0,0.0,0.0
2023,5,4,7,81.0426,142.29493067367306,83.80827300930713,0.0,0.0,0.0,58.486657664365936,0.0
2023,5,4,8,81.0426,502.9729458370407,83.80827300930713,0.0,0.0,0.0,419.16467282773357,0.0
2023,5,4,9,81.0426,851.8150259623607,83.80827300930713,0.0,0.0,0.0,768.0067529530536,0.0
2023,5,4,10,81.0426,1110.3286005482935,83.80827300930713,0.0,0.0,0.0,1026.5203275389863,0.0
2023,5,4,11,81.0426,1266.5691479968093,83.80827300930713,0.0,0.0,0.0,1182.7608749875021,0.0
2023,5,4,12,81.0426,1337.9105179050423,83.80827300930713,0.0,0.0,0.0,1254.102244895735,0.0
2023,5,4,13,81.0426,1270.8970980303811,83.80827300930713,0.0,0.0,0.0,1187.088825021074,0.0
2023,5,4,14,81.0426,1147.0929072850868,83.80827300930713,0.0,0.0,-0.0,1063.2846342757796,0.0
2023,5,4,15,81.0426,823.256760687071,425.582513628798,341.77424061949085,0.0,319.77816013693007,397.67424705827307,0.0
2023,5,4,16,81.0426,515.693085720657,515.693085720657,431.8848127113498,0.0,723.8675103161256,0.0,0.0
2023,5,4,17,81.0426,257.52078318038224,257.52078318038224,173.7125101710751,0.0,886.4001423675835,0.0,0.0
2023,5,4,18,81.0426,134.41464889211565,134.41464889211565,50.60637588280852,0.0,933.7495673613158,0.0,0.0
2023,5,4,19,81.0426,37.834659970902486,37.834659970902486,0.0,45.97361303840465,887.0704356654347,0.0,0.0
2023,5,4,20,81.0426,0.0,0.0,0.0,83.80827300930713,801.9760270589634,0.0,0.0
2023,5,4,21,81.0426,0.0,0.0,0.0,83.80827300930713,716.881618452492,0.0,0.0
2023,5,4,22,81.0426,0.0,0.0,0.0,83.80827300930713,631.7872098460207,0.0,0.0
2023,5,4,23,81.0426,0.0,0.0,0.0,83.80827300930713,546.6928012395493,0.0,0.0
2023,5,5,0,81.0426,0.0,0.0,0.0,83.80827300930713,461.598392633078,0.0,0.0
2023,5,5,1,81.0426,0.0,0.0,0.0,83.80827300930713,376.5039840266066,0.0,0.0
2023,5,5,2,81.0426,0.0,0.0,0.0,83.80827300930713,291.4095754201352,0.0,0.0
2023,5,5,3,81.0426,0.0,0.0,0.0,83.80827300930713,206.31516681366378,0.0,0.0
2023,5,5,4,81.0426,0.0,0.0,0.0,83.80827300930713,121.22075820719239,0.0,0.0
2023,5,5,5,81.0426,0.0,0.0,0.0,83.80827300930713,36.126349600721,0.0,0.0
2023,5,5,6,81.0426,48.22794499775967,48.22794499775967,0.0,35.58032801154746,0.0,0.0,0.0
2023,5,5,7,81.0426,155.37185496865902,83.80827300930713,0.0,0.0,0.0,71.5635819593519,0.0
2023,5,5,8,81.0426,414.69207257160144,83.80827300930713,0.0,0.0,0.0,330.8837995622943,0.0
2023,5,5,9,81.0426,701.7949371642475,83.80827300930713,0.0,0.0,0.0,617.9866641549404,0.0
2023,5,5,10,81.0426,1044.3855339077413,83.80827300930713,0.0,0.0,0.0,960.5772608984341,0.0
2023,5,5,11,81.0426,1282.0815137085365,83.80827300930713,0.0,0.0,0.0,1198.2732406992293,0.0
2023,5,5,12,81.0426,1354.524261582302,83.80827300930713,0.0,0.0,0.0,1270.7159885729948,0.0
2023,5,5,13,81.0426,1379.033799406831,83.80827300930713,0.0,0.0,0.0,1295.2255263975237,0.0
2023,5,5,14,81.0426,1218.1240298790851,83.80827300930713,0.0,0.0,-0.0,1134.315756869778,0.0
2023,5,5,15,81.0426,1015.7962439010282,809.9998772282439,726.1916042189368,0.0,679.4549954469979,205.7963666727843,0.0
2023,5,5,16,81.0426,645.5470990935247,645.5470990935247,561.7388260842175,0.0,1205.0411483328744,0.0,0.0
2023,5,5,17,81.0426,373.73942709264196,373.73942709264196,289.93115408333483,0.0,1476.3127656762274,0.0,0.0
2023,5,5,18,81.0426,138.3082526857592,138.3082526857592,54.49997967645206,0.0,1527.305207929472,0.0,0.0
2023,5,5,19,81.0426,39.50999546776902,39.50999546776902,0.0,44.298277541538106,1482.3271217056467,0.0,0.0
2023,5,5,20,81.0426,0.0,0.0,0.0,83.80827300930713,1397.2327130991753,0.0,0.0
2023,5,5,21,81.0426,0.0,0.0,0.0,83.80827300930713,1312.1383044927038,0.0,0.0
2023,5,5,22,81.0426,0.0,0.0,0.0,83.80827300930713,1227.0438958862323,0.0,0.0
2023,5,5,23,81.0426,0.0,0.0,0.0,83.80827300930713,1141.949487279761,0.0,0.0
2023,5,6,0,81.0426,0.0,0.0,0.0,83.80827300930713,1056.8550786732894,0.0,0.0
2023,5,6,1,81.0426,0.0,0.0,0.0,83.80827300930713,971.7606700668181,0.0,0.0
2023,5,6,2,81.0426,0.0,0.0,0.0,83.80827300930713,886.6662614603467,0.0,0.0
2023,5,6,3,81.0426,0.0,0.0,0.0,83.80827300930713,801.5718528538754,0.0,0.0
2023,5,6,4,81.0426,0.0,0.0,0.0,83.80827300930713,716.477444247404,0.0,0.0
2023,5,6,5,81.0426,0.0,0.0,0.0,83.80827300930713,631.3830356409327,0.0,0.0
2023,5,6,6,81.0426,20.75554532229091,20.75554532229091,0.0,63.05272768701622,567.3626903827064,0.0,0.0
2023,5,6,7,81.0426,45.575330461054335,45.575330461054335,0.0,38.2329425482528,528.543018784564,0.0,0.0
2023,5,6,8,81.0426,46.35094874664069,46.35094874664069,0.0,37.45732426266644,490.51086823829917,0.0,0.0
2023,5,6,9,81.0426,48.19692026633622,48.19692026633622,0.0,35.611352742970915,454.3530177955031,0.0,0.0
2023,5,6,10,81.0426,63.81787253804546,63.81787253804546,0.0,19.990400471261673,434.0558413375223,0.0,0.0
2023,5,6,11,81.0426,92.06589049910056,92.06589049910056,8.25761748979343,0.0,441.7820108791893,0.0,0.0
2023,5,6,12,81.0426,108.32284976499061,108.32284976499061,24.51457675568348,0.0,464.71886603029384,0.0,0.0
2023,5,6,13,81.0426,160.69259640778142,160.69259640778142,76.8843233984743,0.0,536.6550290224873,0.0,0.0
2023,5,6,14,81.0426,293.5404963630125,293.5404963630125,209.73222335370536,0.0,732.8891992276798,0.0,0.0
2023,5,6,15,81.0426,271.3733257609544,271.3733257609544,187.56505275164727,0.0,908.3828448757289,0.0,0.0
2023,5,6,16,81.0426,190.02647996865744,190.02647996865744,106.21820695935031,0.0,1007.765006424646,0.0,0.0
2023,5,6,17,81.0426,90.31299317367541,90.31299317367541,6.504720164368278,0.0,1013.8510924988832,0.0,0.0
2023,5,6,18,81.0426,31.722787880482,31.722787880482,0.0,52.085485128825134,960.9662949142064,0.0,0.0
2023,5,6,19,81.0426,13.464733437779156,13.464733437779156,0.0,70.34353957152797,889.5432517683305,0.0,0.0
2023,5,6,20,81.0426,0.0,0.0,0.0,83.80827300930713,804.4488431618591,0.0,0.0
2023,5,6,21,81.0426,0.0,0.0,0.0,83.80827300930713,719.3544345553878,0.0,0.0
2023,5,6,22,81.0426,0.0,0.0,0.0,83.80827300930713,634.2600259489165,0.0,0.0
2023,5,6,23,81.0426,0.0,0.0,0.0,83.80827300930713,549.1656173424451,0.0,0.0
2023,5,7,0,81.0426,0.0,0.0,0.0,83.80827300930713,464.0712087359737,0.0,0.0
2023,5,7,1,81.0426,0.0,0.0,0.0,83.80827300930713,378.9768001295023,0.0,0.0
2023,5,7,2,81.0426,0.0,0.0,0.0,83.80827300930713,293.8823915230309,0.0,0.0
2023,5,7,3,81.0426,0.0,0.0,0.0,83.80827300930713,208.78798291655949,0.0,0.0
2023,5,7,4,81.0426,0.0,0.0,0.0,83.80827300930713,123.69357431008811,0.0,0.0
2023,5,7,5,81.0426,0.0,0.0,0.0,83.80827300930713,38.59916570361672,0.0,0.0
2023,5,7,6,81.0426,45.792503581018515,45.792503581018515,0.0,38.015769428288614,0.0,0.0,0.0
2023,5,7,7,81.0426,149.1824210496799,83.80827300930713,0.0,0.0,0.0,65.37414804037277,0.0
2023,5,7,8,81.0426,477.99803704115993,83.80827300930713,0.0,0.0,0.0,394.1897640318528,0.0
2023,5,7,9,81.0426,738.776417021005,83.80827300930713,0.0,0.0,0.0,654.9681440116979,0.0
2023,5,7,10,81.0426,907.4423694046143,83.80827300930713,0.0,0.0,0.0,823.6340963953071,0.0
2023,5,7,11,81.0426,904.5260446508096,83.80827300930713,0.0,0.0,0.0,820.7177716415024,0.0
2023,5,7,12,81.0426,961.0065682072079,83.80827300930713,0.0,0.0,0.0,877.1982951979007,0.0
2023,5,7,13,81.0426,799.3211803938759,83.80827300930713,0.0,0.0,0.0,715.5129073845687,0.0
2023,5,7,14,81.0426,962.0769214413173,83.80827300930713,0.0,0.0,-0.0,878.2686484320102,0.0
2023,5,7,15,81.0426,655.6921862689944,115.8560546384078,32.04778162910067,0.0,29.985234192162466,539.8361316305866,0.0
2023,5,7,16,81.0426,717.5710130930739,717.5710130930739,633.7627400837667,0.0,622.9599493725223,0.0,0.0
2023,5,7,17,81.0426,391.6562094896868,391.6562094896868,307.84793648037964,0.0,910.995251714826,0.0,0.0
2023,5,7,18,81.0426,130.76924294985977,130.76924294985977,46.960969940552644,0.0,954.9338836568238,0.0,0.0
2023,5,7,19,81.0426,30.388724429273463,30.388724429273463,0.0,53.41954858003366,900.6945498629176,0.0,0.0
2023,5,7,20,81.0426,0.0,0.0,0.0,83.80827300930713,815.6001412564462,0.0,0.0
2023,5,7,21,81.0426,0.0,0.0,0.0,83.80827300930713,730.5057326499749,0.0,0.0
2023,5,7,22,81.0426,0.0,0.0,0.0,83.80827300930713,645.4113240435036,0.0,0.0
2023,5,7,23,81.0426,0.0,0.0,0.0,83.80827300930713,560.3169154370322,0.0,0.0
2023,5,8,0,81.0426,0.0,0.0,0.0,83.80827300930713,475.2225068305608,0.0,0.0
2023,5,8,1,81.0426,0.0,0.0,0.0,83.80827300930713,390.1280982240894,0.0,0.0
2023,5,8,2,81.0426,0.0,0.0,0.0,83.80827300930713,305.033689617618,0.0,0.0
2023,5,8,3,81.0426,0.0,0.0,0.0,83.80827300930713,219.9392810111466,0.0,0.0
2023,5,8,4,81.0426,0.0,0.0,0.0,83.80827300930713,134.8448724046752,0.0,0.0
2023,5,8,5,81.0426,0.49639570277526845,0.49639570277526845,0.0,83.31187730653185,50.25447727140549,0.0,0.0
2023,5,8,6,81.0426,34.31335295434043,34.31335295434043,0.0,49.4949200549667,0.0,0.0,0.0
2023,5,8,7,81.0426,150.68712052371743,83.80827300930713,0.0,0.0,0.0,66.8788475144103,0.0
2023,5,8,8,81.0426,530.0265116382928,83.80827300930713,0.0,0.0,0.0,446.2182386289857,0.0
2023,5,8,9,81.0426,900.1050204229673,83.80827300930713,0.0,0.0,0.0,816.2967474136601,0.0
2023,5,8,10,81.0426,1190.3724076208055,83.80827300930713,0.0,0.0,0.0,1106.5641346114983,0.0
2023,5,8,11,81.0426,1384.6803005258996,83.80827300930713,0.0,0.0,0.0,1300.8720275165924,0.0
2023,5,8,12,81.0426,1476.2032582250897,83.80827300930713,0.0,0.0,0.0,1392.3949852157825,0.0
2023,5,8,13,81.0426,1461.6371468217778,83.80827300930713,0.0,0.0,0.0,1377.8288738124706,0.0
2023,5,8,14,81.0426,1347.5281846463129,83.80827300930713,0.0,0.0,0.0,1263.7199116370057,0.0
2023,5,8,15,81.0426,1138.731742166466,83.80827300930713,0.0,0.0,-0.0,1054.9234691571587,0.0
2023,5,8,16,81.0426,844.1519173007674,673.6465249273784,589.8382519180713,0.0,551.8771415741019,170.505392373389,0.0
2023,5,8,17,81.0426,476.09001605861766,476.09001605861766,392.28174304931053,0.0,918.9122165997727,0.0,0.0
2023,5,8,18,81.0426,122.79588697403202,122.79588697403202,38.98761396472488,0.0,955.3906458669128,0.0,0.0
2023,5,8,19,81.0426,29.333883560876018,29.333883560876018,0.0,54.47438944843111,900.080283442453,0.0,0.0
2023,5,8,20,81.0426,0.0,0.0,0.0,83.80827300930713,814.9858748359817,0.0,0.0
2023,5,8,21,81.0426,0.0,0.0,0.0,83.80827300930713,729.8914662295103,0.0,0.0
2023,5,8,22,81.0426,0.0,0.0,0.0,83.80827300930713,644.797057623039,0.0,0.0
2023,5,8,23,81.0426,0.0,0.0,0.0,83.80827300930713,559.7026490165676,0.0,0.0
2023,5,9,0,81.0426,0.0,0.0,0.0,83.80827300930713,474.60824041009624,0.0,0.0
2023,5,9,1,81.0426,0.0,0.0,0.0,83.80827300930713,389.51383180362484,0.0,0.0
2023,5,9,2,81.0426,0.0,0.0,0.0,83.80827300930713,304.41942319715344,0.0,0.0
2023,5,9,3,81.0426,0.0,0.0,0.0,83.80827300930713,219.32501459068203,0.0,0.0
2023,5,9,4,81.0426,0.0,0.0,0.0,83.80827300930713,134.23060598421065,0.0,0.0
2023,5,9,5,81.0426,0.8066430170098111,0.8066430170098111,0.0,83.00162999229731,49.955219271691995,0.0,0.0
2023,5,9,6,81.0426,34.60808790286325,34.60808790286325,0.0,49.20018510644388,0.0,0.0,0.0
2023,5,9,7,81.0426,149.57023019247308,83.80827300930713,0.0,0.0,0.0,65.76195718316595,0.0
2023,5,9,8,81.0426,524.3800105192242,83.80827300930713,0.0,0.0,0.0,440.5717375099171,0.0
2023,5,9,9,81.0426,890.4873536816963,83.80827300930713,0.0,0.0,0.0,806.6790806723891,0.0
2023,5,9,10,81.0426,1181.4527973365623,83.80827300930713,0.0,0.0,0.0,1097.644524327255,0.0
2023,5,9,11,81.0426,1376.2415735787201,83.80827300930713,0.0,0.0,0.0,1292.433300569413,0.0
2023,5,9,12,81.0426,1467.2836479408468,83.80827300930713,0.0,0.0,0.0,1383.4753749315396,0.0
2023,5,9,13,81.0426,1454.9823419314469,83.80827300930713,0.0,0.0,0.0,1371.1740689221397,0.0
2023,5,9,14,81.0426,1342.6107647156955,83.80827300930713,0.0,0.0,0.0,1258.8024917063883,0.0
2023,5,9,15,81.0426,1132.12347437327,83.80827300930713,0.0,0.0,-0.0,1048.3152013639628,0.0
2023,5,9,16,81.0426,836.783543587697,677.8918545692924,594.0835815599852,0.0,555.849248130773,158.89168901840458,0.0
2023,5,9,17,81.0426,471.2656703222705,471.2656703222705,387.4573973129634,0.0,918.3704651177653,0.0,0.0
2023,5,9,18,81.0426,121.92719449417517,121.92719449417517,38.11892148486803,0.0,954.0361096576834,0.0,0.0
2023,5,9,19,81.0426,30.000915286480286,30.000915286480286,0.0,53.80735772282685,899.4030153378383,0.0,0.0
2023,5,9,20,81.0426,0.0,0.0,0.0,83.80827300930713,814.3086067313669,0.0,0.0
2023,5,9,21,81.0426,0.0,0.0,0.0,83.80827300930713,729.2141981248956,0.0,0.0
2023,5,9,22,81.0426,0.0,0.0,0.0,83.80827300930713,644.1197895184242,0.0,0.0
2023,5,9,23,81.0426,0.0,0.0,0.0,83.80827300930713,559.0253809119529,0.0,0.0
2023,5,10,0,81.0426,0.0,0.0,0.0,83.80827300930713,473.93097230548153,0.0,0.0
2023,5,10,1,81.0426,0.0,0.0,0.0,83.80827300930713,388.8365636990101,0.0,0.0
2023,5,10,2,81.0426,0.0,0.0,0.0,83.80827300930713,303.7421550925387,0.0,0.0
2023,5,10,3,81.0426,0.0,0.0,0.0,83.80827300930713,218.64774648606732,0.0,0.0
2023,5,10,4,81.0426,0.0,0.0,0.0,83.80827300930713,133.55333787959592,0.0,0.0
2023,5,10,5,81.0426,1.1944521598029896,1.1944521598029896,0.0,82.61382084950414,49.67171169301606,0.0,0.0
2023,5,10,6,81.0426,34.887310485674334,34.887310485674334,0.0,48.920962523632795,0.0,0.0,0.0
2023,5,10,7,81.0426,147.02620221574983,83.80827300930713,0.0,0.0,0.0,63.217929206442705,0.0
2023,5,10,8,81.0426,510.17068352728216,83.80827300930713,0.0,0.0,0.0,426.36241051797504,0.0
2023,5,10,9,81.0426,868.676967491008,83.80827300930713,0.0,0.0,0.0,784.8686944817009,0.0
2023,5,10,10,81.0426,1149.2801508504401,83.80827300930713,0.0,0.0,0.0,1065.471877841133,0.0
2023,5,10,11,81.0426,1334.2495995970746,83.80827300930713,0.0,0.0,0.0,1250.4413265877674,0.0
2023,5,10,12,81.0426,1424.4074691136327,83.80827300930713,0.0,0.0,0.0,1340.5991961043255,0.0
2023,5,10,13,81.0426,1106.4970462174967,83.80827300930713,0.0,0.0,0.0,1022.6887732081896,0.0
2023,5,10,14,81.0426,807.8995186324611,83.80827300930713,0.0,0.0,-0.0,724.091245623154,0.0
2023,5,10,15,81.0426,740.2035546664838,638.9014041057912,555.0931310964841,0.0,519.3681649176883,101.30215056069255,0.0
2023,5,10,16,81.0426,385.54433739926617,385.54433739926617,301.73606438995904,0.0,801.6849461434667,0.0,0.0
2023,5,10,17,81.0426,256.9933627461834,256.9933627461834,173.18508973687625,0.0,963.724101753397,0.0,0.0
2023,5,10,18,81.0426,92.98112007609247,92.98112007609247,9.172847066785335,0.0,972.3065980612441,0.0,0.0
2023,5,10,19,81.0426,26.55717009847686,26.55717009847686,0.0,57.25110291083027,914.1769102710624,0.0,0.0
2023,5,10,20,81.0426,0.0,0.0,0.0,83.80827300930713,829.0825016645911,0.0,0.0
2023,5,10,21,81.0426,0.0,0.0,0.0,83.80827300930713,743.9880930581197,0.0,0.0
2023,5,10,22,81.0426,0.0,0.0,0.0,83.80827300930713,658.8936844516484,0.0,0.0
2023,5,10,23,81.0426,0.0,0.0,0.0,83.80827300930713,573.799275845177,0.0,0.0
2023,5,11,0,81.0426,0.0,0.0,0.0,83.80827300930713,488.7048672387057,0.0,0.0
2023,5,11,1,81.0426,0.0,0.0,0.0,83.80827300930713,403.61045863223427,0.0,0.0
2023,5,11,2,81.0426,0.0,0.0,0.0,83.80827300930713,318.51605002576287,0.0,0.0
2023,5,11,3,81.0426,0.0,0.0,0.0,83.80827300930713,233.42164141929146,0.0,0.0
2023,5,11,4,81.0426,0.0,0.0,0.0,83.80827300930713,148.32723281282006,0.0,0.0
2023,5,11,5,81.0426,0.0,0.0,0.0,83.80827300930713,63.232824206348674,0.0,0.0
2023,5,11,6,81.0426,21.531163607877268,21.531163607877268,0.0,62.27710940142987,0.0,0.0,0.0
2023,5,11,7,81.0426,117.4130960720627,83.80827300930713,0.0,0.0,0.0,33.60482306275557,0.0
2023,5,11,8,81.0426,379.3393911145753,83.80827300930713,0.0,0.0,0.0,295.53111810526815,0.0
2023,5,11,9,81.0426,715.2906953334501,83.80827300930713,0.0,0.0,0.0,631.482422324143,0.0
2023,5,11,10,81.0426,900.2446317143729,83.80827300930713,0.0,0.0,0.0,816.4363587050657,0.0
2023,5,11,11,81.0426,1192.38901516333,83.80827300930713,0.0,0.0,0.0,1108.5807421540228,0.0
2023,5,11,12,81.0426,944.3307750671013,83.80827300930713,0.0,0.0,0.0,860.5225020577941,0.0
2023,5,11,13,81.0426,824.8235096239555,83.80827300930713,0.0,0.0,-0.0,741.0152366146483,0.0
2023,5,11,14,81.0426,765.5197355080226,83.80827300930713,-0.0,0.0,0.0,681.7114624987155,0.0
2023,5,11,15,81.0426,609.0775273052543,433.2903581687187,349.48208515941155,0.0,326.9899392959729,175.78716913653562,0.0
2023,5,11,16,81.0426,519.2299051029308,519.2299051029308,435.4216320936237,0.0,734.3884844360003,0.0,0.0
2023,5,11,17,81.0426,300.5986227618485,300.5986227618485,216.79034975254137,0.0,937.2265305498705,0.0,0.0
2023,5,11,18,81.0426,100.22539486346905,100.22539486346905,16.41712185416192,0.0,952.5870709222285,0.0,0.0
2023,5,11,19,81.0426,28.930562052371112,28.930562052371112,0.0,54.87771095693602,896.8671975507923,0.0,0.0
2023,5,11,20,81.0426,0.12409892569381711,0.0,0.0,83.80827300930713,811.772788944321,0.12409892569381711,0.0
2023,5,11,21,81.0426,0.0,0.0,0.0,83.80827300930713,726.6783803378496,0.0,0.0
2023,5,11,22,81.0426,0.0,0.0,0.0,83.80827300930713,641.5839717313783,0.0,0.0
2023,5,11,23,81.0426,0.0,0.0,0.0,83.80827300930713,556.4895631249069,0.0,0.0
2023,5,12,0,81.0426,0.0,0.0,0.0,83.80827300930713,471.39515451843556,0.0,0.0
2023,5,12,1,81.0426,0.0,0.0,0.0,83.80827300930713,386.30074591196416,0.0,0.0
2023,5,12,2,81.0426,0.0,0.0,0.0,83.80827300930713,301.20633730549275,0.0,0.0
2023,5,12,3,81.0426,0.0,0.0,0.0,83.80827300930713,216.11192869902135,0.0,0.0
2023,5,12,4,81.0426,0.0,0.0,0.0,83.80827300930713,131.01752009254997,0.0,0.0
2023,5,12,5,81.0426,1.9855828111010738,1.9855828111010738,0.0,81.82269019820606,47.93916537888529,0.0,0.0
2023,5,12,6,81.0426,36.59367071396432,36.59367071396432,0.0,47.21460229534281,0.0,0.0,0.0
2023,5,12,7,81.0426,146.91761565576758,83.80827300930713,0.0,0.0,0.0,63.10934264646045,0.0
2023,5,12,8,81.0426,506.6028394135849,83.80827300930713,0.0,0.0,0.0,422.79456640427776,0.0
2023,5,12,9,81.0426,853.8161211391733,83.80827300930713,0.0,0.0,0.0,770.0078481298663,0.0
2023,5,12,10,81.0426,1125.0963727058577,83.80827300930713,0.0,0.0,0.0,1041.2880996965505,0.0
2023,5,12,11,81.0426,1306.141192927425,83.80827300930713,0.0,0.0,0.0,1222.3329199181178,0.0
2023,5,12,12,81.0426,1395.7561296440726,83.80827300930713,0.0,0.0,0.0,1311.9478566347655,0.0
2023,5,12,13,81.0426,1408.5693437219593,83.80827300930713,0.0,0.0,0.0,1324.761070712652,0.0
2023,5,12,14,81.0426,1144.1610701655702,83.80827300930713,0.0,0.0,-0.0,1060.352797156263,0.0
2023,5,12,15,81.0426,930.6178437779345,246.76461428781187,162.95634127850474,0.0,152.46871414953023,683.8532294901227,0.0
2023,5,12,16,81.0426,654.7769566920025,654.7769566920025,570.9686836826953,0.0,686.6907047621389,0.0,0.0
2023,5,12,17,81.0426,338.9762155326614,338.9762155326614,255.16794252335427,0.0,925.4364190036317,0.0,0.0
2023,5,12,18,81.0426,111.37878581020085,111.37878581020085,27.570512800893724,0.0,951.2325347129989,0.0,0.0
2023,5,12,19,81.0426,29.582081412263655,29.582081412263655,0.0,54.226191597043474,896.17417902514,0.0,0.0
2023,5,12,20,81.0426,0.24819785138763423,0.0,0.0,83.80827300930713,811.0797704186687,0.24819785138763423,0.0
2023,5,12,21,81.0426,0.0,0.0,0.0,83.80827300930713,725.9853618121973,0.0,0.0
2023,5,12,22,81.0426,0.0,0.0,0.0,83.80827300930713,640.890953205726,0.0,0.0
2023,5,12,23,81.0426,0.0,0.0,0.0,83.80827300930713,555.7965445992546,0.0,0.0
2023,5,13,0,81.0426,0.0,0.0,0.0,83.80827300930713,470.70213599278327,0.0,0.0
2023,5,13,1,81.0426,0.0,0.0,0.0,83.80827300930713,385.60772738631186,0.0,0.0
2023,5,13,2,81.0426,0.0,0.0,0.0,83.80827300930713,300.51331877984046,0.0,0.0
2023,5,13,3,81.0426,0.0,0.0,0.0,83.80827300930713,215.41891017336906,0.0,0.0
2023,5,13,4,81.0426,0.0,0.0,0.0,83.80827300930713,130.32450156689765,0.0,0.0
2023,5,13,5,81.0426,2.4044166853177065,2.4044166853177065,0.0,81.40385632398942,47.6714082212469,0.0,0.0
2023,5,13,6,81.0426,36.85738093106368,36.85738093106368,0.0,46.95089207824345,0.0,0.0,0.0
2023,5,13,7,81.0426,147.0106898500381,83.80827300930713,0.0,0.0,0.0,63.20241684073096,0.0
2023,5,13,8,81.0426,507.09923511636003,83.80827300930713,0.0,0.0,0.0,423.2909621070529,0.0
2023,5,13,9,81.0426,855.8017039502745,83.80827300930713,0.0,0.0,0.0,771.9934309409673,0.0
2023,5,13,10,81.0426,1124.7395882944877,83.80827300930713,0.0,0.0,0.0,1040.9313152851805,0.0
2023,5,13,11,81.0426,1325.1903780214259,83.80827300930713,0.0,0.0,0.0,1241.3821050121187,0.0
2023,5,13,12,81.0426,1368.3457794314509,83.80827300930713,0.0,0.0,0.0,1284.5375064221437,0.0
2023,5,13,13,81.0426,1340.2373727618012,83.80827300930713,0.0,0.0,0.0,1256.429099752494,0.0
2023,5,13,14,81.0426,1105.7834773947575,83.80827300930713,0.0,0.0,-0.0,1021.9752043854503,0.0
2023,5,13,15,81.0426,646.7260388876161,379.3785578039097,295.57028479460257,0.0,276.5478220109497,267.34748108370644,0.0
2023,5,13,16,81.0426,443.93288193820723,443.93288193820723,360.1246089289001,0.0,613.4953481164257,0.0,0.0
2023,5,13,17,81.0426,400.68440633391197,400.68440633391197,316.87613332460484,0.0,909.9778060166423,0.0,0.0
2023,5,13,18,81.0426,124.12995042524055,124.12995042524055,40.321677415933415,0.0,947.7044404005873,0.0,0.0
2023,5,13,19,81.0426,32.00201046329308,32.00201046329308,0.0,51.80626254601405,895.1031503945865,0.0,0.0
2023,5,13,20,81.0426,0.6204946284690855,0.0,0.0,83.80827300930713,810.0087417881151,0.6204946284690855,0.0
2023,5,13,21,81.0426,0.0,0.0,0.0,83.80827300930713,724.9143331816438,0.0,0.0
2023,5,13,22,81.0426,0.0,0.0,0.0,83.80827300930713,639.8199245751724,0.0,0.0
2023,5,13,23,81.0426,0.0,0.0,0.0,83.80827300930713,554.7255159687011,0.0,0.0
2023,5,14,0,81.0426,0.0,0.0,0.0,83.80827300930713,469.6311073622297,0.0,0.0
2023,5,14,1,81.0426,0.0,0.0,0.0,83.80827300930713,384.5366987557583,0.0,0.0
2023,5,14,2,81.0426,0.0,0.0,0.0,83.80827300930713,299.4422901492869,0.0,0.0
2023,5,14,3,81.0426,0.0,0.0,0.0,83.80827300930713,214.34788154281551,0.0,0.0
2023,5,14,4,81.0426,0.0,0.0,0.0,83.80827300930713,129.2534729363441,0.0,0.0
2023,5,14,5,81.0426,2.8077381938226122,2.8077381938226122,0.0,81.00053481548451,47.0098905376697,0.0,0.0
2023,5,14,6,81.0426,37.50890029095622,37.50890029095622,0.0,46.29937271835091,0.0,0.0,0.0
2023,5,14,7,81.0426,145.90931188450548,83.80827300930713,0.0,0.0,0.0,62.101038875198356,0.0
2023,5,14,8,81.0426,489.27552691358574,83.80827300930713,0.0,0.0,0.0,405.4672539042786,0.0
2023,5,14,9,81.0426,831.4783145142864,83.80827300930713,0.0,0.0,0.0,747.6700415049793,0.0
2023,5,14,10,81.0426,1090.8295568486524,83.80827300930713,0.0,0.0,0.0,1007.0212838393452,0.0
2023,5,14,11,81.0426,1097.8256337846415,83.80827300930713,0.0,0.0,0.0,1014.0173607753343,0.0
2023,5,14,12,81.0426,1170.0201838070193,83.80827300930713,0.0,0.0,0.0,1086.211910797712,0.0
2023,5,14,13,81.0426,1068.1504781781075,83.80827300930713,0.0,0.0,-0.0,984.3422051688003,0.0
2023,5,14,14,81.0426,1061.7128464077405,266.65470202193217,182.846429012625,0.0,171.0787054965972,795.0581443858083,0.0
2023,5,14,15,81.0426,544.0341778759823,544.0341778759823,460.2259048666752,0.0,601.6851574014056,0.0,0.0
2023,5,14,16,81.0426,269.2636440241597,269.2636440241597,185.45537101485257,0.0,775.2048972833446,0.0,0.0
2023,5,14,17,81.0426,250.0593352730413,250.0593352730413,166.25106226373418,0.0,930.7562890884861,0.0,0.0
2023,5,14,18,81.0426,105.99599490823154,105.99599490823154,22.18772189892441,0.0,951.516042291675,0.0,0.0
2023,5,14,19,81.0426,25.48681686436769,25.48681686436769,0.0,58.32145614493944,892.2995754499022,0.0,0.0
2023,5,14,20,81.0426,0.0,0.0,0.0,83.80827300930713,807.2051668434309,0.0,0.0
2023,5,14,21,81.0426,0.0,0.0,0.0,83.80827300930713,722.1107582369596,0.0,0.0
2023,5,14,22,81.0426,0.0,0.0,0.0,83.80827300930713,637.0163496304882,0.0,0.0
2023,5,14,23,81.0426,0.0,0.0,0.0,83.80827300930713,551.9219410240169,0.0,0.0
2023,5,15,0,81.0426,0.0,0.0,0.0,83.80827300930713,466.8275324175455,0.0,0.0
2023,5,15,1,81.0426,0.0,0.0,0.0,83.80827300930713,381.7331238110741,0.0,0.0
2023,5,15,2,81.0426,0.0,0.0,0.0,83.80827300930713,296.6387152046027,0.0,0.0
2023,5,15,3,81.0426,0.0,0.0,0.0,83.80827300930713,211.54430659813133,0.0,0.0
2023,5,15,4,81.0426,0.0,0.0,0.0,83.80827300930713,126.44989799165994,0.0,0.0
2023,5,15,5,81.0426,4.467561324977261,4.467561324977261,0.0,79.34071168432988,45.89161064400348,0.0,0.0
2023,5,15,6,81.0426,38.61027825648885,38.61027825648885,0.0,45.19799475281828,0.0,0.0,0.0
2023,5,15,7,81.0426,103.56055349149038,83.80827300930713,0.0,0.0,0.0,19.752280482183252,0.0
2023,5,15,8,81.0426,210.5958769024076,83.80827300930713,0.0,-0.0,0.0,126.78760389310048,0.0
2023,5,15,9,81.0426,309.4096464861095,83.80827300930713,0.0,0.0,0.0,225.6013734768024,0.0
2023,5,15,10,81.0426,345.0415505259467,83.80827300930713,0.0,0.0,0.0,261.2332775166396,0.0
2023,5,15,11,81.0426,572.4218071284431,83.80827300930713,0.0,0.0,-0.0,488.613534119136,0.0
2023,5,15,12,81.0426,802.284042244816,184.59967983576257,100.79140682645544,0.0,94.30462218029038,617.6843624090534,0.0
2023,5,15,13,81.0426,437.8365222134985,437.8365222134985,354.02824920419135,0.0,425.54814118222737,0.0,0.0
2023,5,15,14,81.0426,385.51331266784285,385.51331266784285,301.7050396585357,0.0,707.8358943820338,0.0,0.0
2023,5,15,15,81.0426,214.42743123320423,214.42743123320423,130.6191582238971,0.0,830.0485983580933,0.0,0.0
2023,5,15,16,81.0426,194.66467731646384,194.66467731646384,110.85640430715671,0.0,933.7704497898557,0.0,0.0
2023,5,15,17,81.0426,94.67196793867073,94.67196793867073,10.863694929363602,0.0,943.9349735131882,0.0,0.0
2023,5,15,18,81.0426,80.46264094672867,80.46264094672867,0.0,3.3456320625784617,940.537998828501,0.0,0.0
2023,5,15,19,81.0426,33.92554381154725,33.92554381154725,0.0,49.882729197759886,889.8897610311567,0.0,0.0
2023,5,15,20,81.0426,1.9700704453893467,1.9700704453893467,0.0,81.83820256391779,806.7956558964545,0.0,0.0
2023,5,15,21,81.0426,0.0,0.0,0.0,83.80827300930713,721.7012472899831,0.0,0.0
2023,5,15,22,81.0426,0.0,0.0,0.0,83.80827300930713,636.6068386835118,0.0,0.0
2023,5,15,23,81.0426,0.0,0.0,0.0,83.80827300930713,551.5124300770404,0.0,0.0
2023,5,16,0,81.0426,0.0,0.0,0.0,83.80827300930713,466.41802147056904,0.0,0.0
2023,5,16,1,81.0426,0.0,0.0,0.0,83.80827300930713,381.32361286409764,0.0,0.0
2023,5,16,2,81.0426,0.0,0.0,0.0,83.80827300930713,296.22920425762624,0.0,0.0
2023,5,16,3,81.0426,0.0,0.0,0.0,83.80827300930713,211.13479565115483,0.0,0.0
2023,5,16,4,81.0426,0.0,0.0,0.0,83.80827300930713,126.04038704468343,0.0,0.0
2023,5,16,5,81.0426,3.831554330796603,3.831554330796603,0.0,79.97671867851054,44.83633243448747,0.0,0.0
2023,5,16,6,81.0426,39.64960675917457,39.64960675917457,0.0,44.15866625013256,0.0,0.0,0.0
2023,5,16,7,81.0426,144.23397638763893,83.80827300930713,0.0,0.0,0.0,60.425703378331804,0.0
2023,5,16,8,81.0426,199.02365208145918,83.80827300930713,0.0,0.0,0.0,115.21537907215205,0.0
2023,5,16,9,81.0426,313.7065717882579,83.80827300930713,0.0,0.0,0.0,229.8982987789508,0.0
2023,5,16,10,81.0426,286.93222856981686,83.80827300930713,0.0,0.0,0.0,203.12395556050973,0.0
2023,5,16,11,81.0426,527.916829901498,83.80827300930713,0.0,0.0,0.0,444.10855689219085,0.0
2023,5,16,12,81.0426,626.9322602394521,83.80827300930713,0.0,0.0,0.0,543.1239872301451,0.0
2023,5,16,13,81.0426,577.0289797448261,83.80827300930713,0.0,0.0,0.0,493.22070673551895,0.0
2023,5,16,14,81.0426,630.8413763988075,83.80827300930713,0.0,0.0,0.0,547.0331033895004,0.0
2023,5,16,15,81.0426,673.1591100603991,83.80827300930713,0.0,0.0,-0.0,589.350837051092,0.0
2023,5,16,16,81.0426,658.670560485646,649.1473988209103,565.3391258116031,0.0,528.9547426914687,9.523161664735653,0.0
2023,5,16,17,81.0426,426.01609954116236,426.01609954116236,342.20782653185523,0.0,849.138583797994,0.0,0.0
2023,5,16,18,81.0426,142.1708317479792,142.1708317479792,58.36255873867207,0.0,903.7450152847786,0.0,0.0
2023,5,16,19,81.0426,50.5858245859422,50.5858245859422,0.0,33.22244842336493,870.0127296817656,0.0,0.0
2023,5,16,20,81.0426,3.1645226051923365,3.1645226051923365,0.0,80.6437504041148,788.1314069669548,0.0,0.0
2023,5,16,21,81.0426,0.0,0.0,0.0,83.80827300930713,703.0369983604835,0.0,0.0
2023,5,16,22,81.0426,0.0,0.0,0.0,83.80827300930713,617.9425897540121,0.0,0.0
2023,5,16,23,81.0426,0.0,0.0,0.0,83.80827300930713,532.8481811475408,0.0,0.0
2023,5,17,0,81.0426,0.0,0.0,0.0,83.80827300930713,447.75377254106945,0.0,0.0
2023,5,17,1,81.0426,0.0,0.0,0.0,83.80827300930713,362.65936393459805,0.0,0.0
2023,5,17,2,81.0426,0.0,0.0,0.0,83.80827300930713,277.56495532812664,0.0,0.0
2023,5,17,3,81.0426,0.0,0.0,0.0,83.80827300930713,192.47054672165524,0.0,0.0
2023,5,17,4,81.0426,0.0,0.0,0.0,83.80827300930713,107.37613811518383,0.0,0.0
2023,5,17,5,81.0426,6.220458650402582,6.220458650402582,0.0,77.58781435890455,28.597648344770953,0.0,0.0
2023,5,17,6,81.0426,55.64285580796525,55.64285580796525,0.0,28.165417201341885,0.0,0.0,0.0
2023,5,17,7,81.0426,178.966163216196,83.80827300930713,0.0,-0.0,0.0,95.15789020688888,0.0
2023,5,17,8,81.0426,308.8667136861991,83.80827300930713,0.0,0.0,0.0,225.05844067689196,0.0
2023,5,17,9,81.0426,491.4317457475158,83.80827300930713,0.0,0.0,0.0,407.62347273820865,0.0
2023,5,17,10,81.0426,740.1415052036369,83.80827300930713,0.0,0.0,0.0,656.3332321943299,0.0
2023,5,17,11,81.0426,1160.2629057743432,83.80827300930713,0.0,0.0,0.0,1076.454632765036,0.0
2023,5,17,12,81.0426,1229.2774208258172,83.80827300930713,0.0,0.0,0.0,1145.46914781651,0.0
2023,5,17,13,81.0426,1356.4167701991328,83.80827300930713,0.0,0.0,0.0,1272.6084971898256,0.0
2023,5,17,14,81.0426,1237.2352644359332,83.80827300930713,0.0,0.0,0.0,1153.426991426626,0.0
2023,5,17,15,81.0426,1055.8026350715725,83.80827300930713,0.0,0.0,-0.0,971.9943620622653,0.0
2023,5,17,16,81.0426,714.84083672781,645.9979509020934,562.1896778927862,0.0,526.0079885443427,68.84288582571662,0.0
2023,5,17,17,81.0426,386.55264117052855,386.55264117052855,302.7443681612214,0.0,809.268180614218,0.0,0.0
2023,5,17,18,81.0426,165.61001633839894,165.61001633839894,81.8017433290918,0.0,885.8052857230065,0.0,0.0
2023,5,17,19,81.0426,58.419569270364406,58.419569270364406,0.0,25.388703738942727,860.0269627439574,0.0,0.0
2023,5,17,20,81.0426,4.514098422112597,4.514098422112597,0.0,79.29417458719453,779.5159266594137,0.0,0.0
2023,5,17,21,81.0426,0.0,0.0,0.0,83.80827300930713,694.4215180529424,0.0,0.0
2023,5,17,22,81.0426,0.0,0.0,0.0,83.80827300930713,609.327109446471,0.0,0.0
2023,5,17,23,81.0426,0.0,0.0,0.0,83.80827300930713,524.2327008399997,0.0,0.0
2023,5,18,0,81.0426,0.0,0.0,0.0,83.80827300930713,439.13829223352826,0.0,0.0
2023,5,18,1,81.0426,0.0,0.0,0.0,83.80827300930713,354.04388362705686,0.0,0.0
2023,5,18,2,81.0426,0.0,0.0,0.0,83.80827300930713,268.94947502058545,0.0,0.0
2023,5,18,3,81.0426,0.0,0.0,0.0,83.80827300930713,183.85506641411405,0.0,0.0
2023,5,18,4,81.0426,0.0,0.0,0.0,83.80827300930713,98.76065780764267,0.0,0.0
2023,5,18,5,81.0426,6.747879084601305,6.747879084601305,0.0,77.06039392470582,20.517682352506576,0.0,0.0
2023,5,18,6,81.0426,63.60069941808127,63.60069941808127,0.0,20.207573591225863,0.0,0.0,0.0
2023,5,18,7,81.0426,182.42542076991114,83.80827300930713,0.0,-0.0,0.0,98.61714776060401,0.0
2023,5,18,8,81.0426,465.40199608323763,83.80827300930713,0.0,0.0,0.0,381.5937230739305,0.0
2023,5,18,9,81.0426,811.188140163347,83.80827300930713,0.0,0.0,0.0,727.3798671540399,0.0
2023,5,18,10,81.0426,903.9986242166107,83.80827300930713,0.0,0.0,0.0,820.1903512073036,0.0
2023,5,18,11,81.0426,764.4028451767782,83.80827300930713,0.0,0.0,0.0,680.5945721674711,0.0
2023,5,18,12,81.0426,688.9817230863608,83.80827300930713,0.0,0.0,0.0,605.1734500770538,0.0
2023,5,18,13,81.0426,662.1143056736495,83.80827300930713,0.0,0.0,0.0,578.3060326643424,0.0
2023,5,18,14,81.0426,819.9526267904731,83.80827300930713,0.0,0.0,-0.0,736.144353781166,0.0
2023,5,18,15,81.0426,678.4953638652333,325.5134207898903,241.70514778058313,0.0,226.14936489304228,352.98194307534305,0.0
2023,5,18,16,81.0426,563.160924798542,563.160924798542,479.3526517892349,0.0,674.6515948097177,0.0,0.0
2023,5,18,17,81.0426,308.58749110338795,308.58749110338795,224.77921809408082,0.0,884.9643576114318,0.0,0.0
2023,5,18,18,81.0426,120.74825470008406,120.74825470008406,36.93998169077693,0.0,919.526937164406,0.0,0.0
2023,5,18,19,81.0426,43.108864312889715,43.108864312889715,0.0,40.699408696417414,878.2029486212928,0.0,0.0
2023,5,18,20,81.0426,2.7767134623991576,0.0,0.0,83.80827300930713,793.1085400148214,2.7767134623991576,0.0
2023,5,18,21,81.0426,0.0,0.0,0.0,83.80827300930713,708.0141314083501,0.0,0.0
2023,5,18,22,81.0426,0.0,0.0,0.0,83.80827300930713,622.9197228018787,0.0,0.0
2023,5,18,23,81.0426,0.0,0.0,0.0,83.80827300930713,537.8253141954074,0.0,0.0
2023,5,19,0,81.0426,0.0,0.0,0.0,83.80827300930713,452.730905588936,0.0,0.0
2023,5,19,1,81.0426,0.0,0.0,0.0,83.80827300930713,367.6364969824646,0.0,0.0
2023,5,19,2,81.0426,0.0,0.0,0.0,83.80827300930713,282.5420883759932,0.0,0.0
2023,5,19,3,81.0426,0.0,0.0,0.0,83.80827300930713,197.4476797695218,0.0,0.0
2023,5,19,4,81.0426,0.0,0.0,0.0,83.80827300930713,112.35327116305041,0.0,0.0
2023,5,19,5,81.0426,6.4841688675019435,6.4841688675019435,0.0,77.3241041418052,33.84253855027591,0.0,0.0
2023,5,19,6,81.0426,50.477238025960105,50.477238025960105,0.0,33.33103498334703,0.0,0.0,0.0
2023,5,19,7,81.0426,172.85429112577552,83.80827300930713,0.0,0.0,0.0,89.04601811646839,0.0
2023,5,19,8,81.0426,405.18299239031285,83.80827300930713,0.0,0.0,0.0,321.3747193810057,0.0
2023,5,19,9,81.0426,724.4429911033691,83.80827300930713,0.0,0.0,0.0,640.634718094062,0.0
2023,5,19,10,81.0426,996.0490023499996,83.80827300930713,0.0,0.0,0.0,912.2407293406925,0.0
2023,5,19,11,81.0426,728.8485029654996,83.80827300930713,0.0,0.0,-0.0,645.0402299561924,0.0
2023,5,19,12,81.0426,603.3069272604919,96.03583004551153,12.227557036204413,0.0,11.440609698728224,507.27109721498033,0.0
2023,5,19,13,81.0426,470.4745396709724,470.4745396709724,386.66626666166525,0.0,373.2216120234291,0.0,0.0
2023,5,19,14,81.0426,299.652368453433,299.652368453433,215.84409544412583,0.0,575.1743033451468,0.0,0.0
2023,5,19,15,81.0426,284.651910810193,284.651910810193,200.84363780088586,0.0,763.0919441093015,0.0,0.0
2023,5,19,16,81.0426,213.3881027305185,213.3881027305185,129.57982972121138,0.0,884.332209215292,0.0,0.0
2023,5,19,17,81.0426,168.01443302371663,168.01443302371663,84.2061600144095,0.0,963.1189863369268,0.0,0.0
2023,5,19,18,81.0426,83.08423075201055,83.08423075201055,0.0,0.7240422572965759,962.383832807586,0.0,0.0
2023,5,19,19,81.0426,28.666851835271753,28.666851835271753,0.0,55.14142117403538,906.3962022785115,0.0,0.0
2023,5,19,20,81.0426,1.4736747426140782,1.4736747426140782,0.0,82.33459826669305,822.7980836706076,0.0,0.0
2023,5,19,21,81.0426,0.0,0.0,0.0,83.80827300930713,737.7036750641363,0.0,0.0
2023,5,19,22,81.0426,0.0,0.0,0.0,83.80827300930713,652.609266457665,0.0,0.0
2023,5,19,23,81.0426,0.0,0.0,0.0,83.80827300930713,567.5148578511936,0.0,0.0
2023,5,20,0,81.0426,0.0,0.0,0.0,83.80827300930713,482.42044924472225,0.0,0.0
2023,5,20,1,81.0426,0.0,0.0,0.0,83.80827300930713,397.32604063825084,0.0,0.0
2023,5,20,2,81.0426,0.0,0.0,0.0,83.80827300930713,312.23163203177944,0.0,0.0
2023,5,20,3,81.0426,0.0,0.0,0.0,83.80827300930713,227.13722342530804,0.0,0.0
2023,5,20,4,81.0426,0.0,0.0,0.0,83.80827300930713,142.04281481883663,0.0,0.0
2023,5,20,5,81.0426,1.132402696956081,1.132402696956081,0.0,82.67587031235105,58.09818694810659,0.0,0.0
2023,5,20,6,81.0426,26.588194829900313,26.588194829900313,0.0,57.22007817940682,0.0,0.0,0.0
2023,5,20,7,81.0426,92.06589049910056,83.80827300930713,0.0,0.0,0.0,8.257617489793432,0.0
2023,5,20,8,81.0426,277.67134623991575,83.80827300930713,0.0,0.0,0.0,193.86307323060862,0.0
2023,5,20,9,81.0426,328.4433192143987,83.80827300930713,0.0,0.0,0.0,244.63504620509156,0.0
2023,5,20,10,81.0426,494.2084592099149,83.80827300930713,0.0,0.0,0.0,410.4001862006078,0.0
2023,5,20,11,81.0426,635.9139199865422,83.80827300930713,0.0,0.0,0.0,552.105646977235,0.0
2023,5,20,12,81.0426,650.1697840756195,83.80827300930713,0.0,0.0,0.0,566.3615110663125,0.0
2023,5,20,13,81.0426,822.2484569158087,83.80827300930713,0.0,0.0,0.0,738.4401839065015,0.0
2023,5,20,14,81.0426,550.9371806177011,83.80827300930713,0.0,0.0,-0.0,467.12890760839394,0.0
2023,5,20,15,81.0426,514.0022378580787,236.99226998567053,153.1839969763634,0.0,143.32530335444193,277.0099678724082,0.0
2023,5,20,16,81.0426,575.1674958594189,575.1674958594189,491.35922285011173,0.0,603.0613793223623,0.0,0.0
2023,5,20,17,81.0426,373.4602045098309,373.4602045098309,289.65193150052374,0.0,874.0717444319655,0.0,0.0
2023,5,20,18,81.0426,127.94599239032543,127.94599239032543,44.13771938101829,0.0,915.3688260104923,0.0,0.0
2023,5,20,19,81.0426,37.09006641673959,37.09006641673959,0.0,46.71820659256755,867.9336741048087,0.0,0.0
2023,5,20,20,81.0426,4.265900570724963,4.265900570724963,0.0,79.54237243858216,787.1706312836642,0.0,0.0
2023,5,20,21,81.0426,0.0,0.0,0.0,83.80827300930713,702.0762226771928,0.0,0.0
2023,5,20,22,81.0426,0.0,0.0,0.0,83.80827300930713,616.9818140707215,0.0,0.0
2023,5,20,23,81.0426,0.0,0.0,0.0,83.80827300930713,531.8874054642502,0.0,0.0
2023,5,21,0,81.0426,0.0,0.0,0.0,83.80827300930713,446.79299685777875,0.0,0.0
2023,5,21,1,81.0426,0.0,0.0,0.0,83.80827300930713,361.69858825130734,0.0,0.0
2023,5,21,2,81.0426,0.0,0.0,0.0,83.80827300930713,276.60417964483594,0.0,0.0
2023,5,21,3,81.0426,0.0,0.0,0.0,83.80827300930713,191.50977103836453,0.0,0.0
2023,5,21,4,81.0426,0.0,0.0,0.0,83.80827300930713,106.41536243189313,0.0,0.0
2023,5,21,5,81.0426,7.554522101611117,7.554522101611117,0.0,76.253750907696,28.991408870709765,0.0,0.0
2023,5,21,6,81.0426,55.25504666517207,55.25504666517207,0.0,28.553226344135066,0.0,0.0,0.0
2023,5,21,7,81.0426,158.69150123096864,83.80827300930713,0.0,0.0,0.0,74.88322822166151,0.0
2023,5,21,8,81.0426,423.084262421646,83.80827300930713,0.0,0.0,0.0,339.27598941233884,0.0
2023,5,21,9,81.0426,696.1794607766022,83.80827300930713,0.0,0.0,0.0,612.3711877672952,0.0
2023,5,21,10,81.0426,923.3735689905578,83.80827300930713,0.0,0.0,0.0,839.5652959812508,0.0
2023,5,21,11,81.0426,1071.578711000399,83.80827300930713,0.0,0.0,0.0,987.7704379910917,0.0
2023,5,21,12,81.0426,1126.8182452998592,83.80827300930713,0.0,0.0,0.0,1043.009972290552,0.0
2023,5,21,13,81.0426,1205.8537486011091,83.80827300930713,0.0,0.0,0.0,1122.045475591802,0.0
2023,5,21,14,81.0426,1037.8238032116808,83.80827300930713,0.0,0.0,-0.0,954.0155302023736,0.0
2023,5,21,15,81.0426,863.790572291814,146.64868134299803,62.84040833369091,0.0,58.79609335910584,717.1418909488159,0.0
2023,5,21,16,81.0426,628.5145215420484,628.5145215420484,544.7062485327413,0.0,568.4458599862396,0.0,0.0
2023,5,21,17,81.0426,389.9808739928203,389.9808739928203,306.1726009835132,0.0,854.9136489260441,0.0,0.0
2023,5,21,18,81.0426,132.0257445725097,132.0257445725097,48.21747156320256,0.0,900.0279159199164,0.0,0.0
2023,5,21,19,81.0426,48.27448209489485,48.27448209489485,0.0,35.53379091441228,863.948817582308,0.0,0.0
2023,5,21,20,81.0426,6.049822627573584,6.049822627573584,0.0,77.75845038173354,784.9970731804821,0.0,0.0
2023,5,21,21,81.0426,0.0,0.0,0.0,83.80827300930713,699.9026645740107,0.0,0.0
2023,5,21,22,81.0426,0.0,0.0,0.0,83.80827300930713,614.8082559675394,0.0,0.0
2023,5,21,23,81.0426,0.0,0.0,0.0,83.80827300930713,529.713847361068,0.0,0.0
2023,5,22,0,81.0426,0.0,0.0,0.0,83.80827300930713,444.6194387545967,0.0,0.0
2023,5,22,1,81.0426,0.0,0.0,0.0,83.80827300930713,359.52503014812527,0.0,0.0
2023,5,22,2,81.0426,0.0,0.0,0.0,83.80827300930713,274.43062154165386,0.0,0.0
2023,5,22,3,81.0426,0.0,0.0,0.0,83.80827300930713,189.33621293518246,0.0,0.0
2023,5,22,4,81.0426,0.0,0.0,0.0,83.80827300930713,104.24180432871105,0.0,0.0
2023,5,22,5,81.0426,9.338444158459582,9.338444158459582,0.0,74.46982885084755,28.629149186846057,0.0,0.0
2023,5,22,6,81.0426,55.61183107654179,55.61183107654179,0.0,28.19644193276534,0.0,0.0,0.0
2023,5,22,7,81.0426,159.62224317367227,83.80827300930713,0.0,0.0,0.0,75.81397016436514,0.0
2023,5,22,8,81.0426,471.2966950536939,83.80827300930713,0.0,0.0,0.0,387.48842204438677,0.0
2023,5,22,9,81.0426,798.576586839713,83.80827300930713,0.0,0.0,0.0,714.7683138304058,0.0
2023,5,22,10,81.0426,1049.178854912665,83.80827300930713,0.0,0.0,0.0,965.3705819033578,0.0
2023,5,22,11,81.0426,1233.2020493508842,83.80827300930713,0.0,0.0,0.0,1149.393776341577,0.0
2023,5,22,12,81.0426,1324.9266678043266,83.80827300930713,0.0,0.0,0.0,1241.1183947950194,0.0
2023,5,22,13,81.0426,1316.2397430057595,83.80827300930713,0.0,0.0,0.0,1232.4314699964523,0.0
2023,5,22,14,81.0426,1215.1456556624337,83.80827300930713,0.0,0.0,0.0,1131.3373826531265,0.0
2023,5,22,15,81.0426,1036.226029543373,83.80827300930713,0.0,0.0,-0.0,952.4177565340658,0.0
2023,5,22,16,81.0426,765.209488193788,650.1610557471336,566.3527827378264,0.0,529.9031621694556,115.04843244665449,0.0
2023,5,22,17,81.0426,436.7041195165424,436.7041195165424,352.89584650723526,0.0,860.087158223407,0.0,0.0
2023,5,22,18,81.0426,135.872811269018,135.872811269018,52.06453825971087,0.0,908.8009004378331,0.0,0.0
2023,5,22,19,81.0426,44.22575464413407,44.22575464413407,0.0,39.58251836517306,868.6109422094236,0.0,0.0
2023,5,22,20,81.0426,6.763391450313033,6.763391450313033,0.0,77.04488155899409,790.383717175325,0.0,0.0
2023,5,22,21,81.0426,0.0,0.0,0.0,83.80827300930713,705.2893085688537,0.0,0.0
2023,5,22,22,81.0426,0.0,0.0,0.0,83.80827300930713,620.1948999623824,0.0,0.0
2023,5,22,23,81.0426,0.0,0.0,0.0,83.80827300930713,535.100491355911,0.0,0.0
2023,5,23,0,81.0426,0.0,0.0,0.0,83.80827300930713,450.0060827494396,0.0,0.0
2023,5,23,1,81.0426,0.0,0.0,0.0,83.80827300930713,364.9116741429682,0.0,0.0
2023,5,23,2,81.0426,0.0,0.0,0.0,83.80827300930713,279.8172655364968,0.0,0.0
2023,5,23,3,81.0426,0.0,0.0,0.0,83.80827300930713,194.7228569300254,0.0,0.0
2023,5,23,4,81.0426,0.0,0.0,0.0,83.80827300930713,109.62844832355398,0.0,0.0
2023,5,23,5,81.0426,8.097454901521566,8.097454901521566,0.0,75.71081810778557,32.75575949868494,0.0,0.0
2023,5,23,6,81.0426,51.547591260069126,51.547591260069126,0.0,32.260681749238,0.0,0.0,0.0
2023,5,23,7,81.0426,116.46684176364735,83.80827300930713,0.0,0.0,0.0,32.65856875434022,0.0
2023,5,23,8,81.0426,174.80884920545313,83.80827300930713,0.0,-0.0,0.0,91.000576196146,0.0
2023,5,23,9,81.0426,246.9878868621195,83.80827300930713,0.0,-0.0,0.0,163.17961385281237,0.0
2023,5,23,10,81.0426,202.29676124663362,83.80827300930713,0.0,-0.0,0.0,118.4884882373265,0.0
2023,5,23,11,81.0426,472.24294936210924,83.80827300930713,0.0,0.0,0.0,388.4346763528021,0.0
2023,5,23,12,81.0426,415.74691343999893,83.80827300930713,0.0,0.0,0.0,331.9386404306918,0.0
2023,5,23,13,81.0426,474.7249278759855,83.80827300930713,0.0,0.0,-0.0,390.91665486667836,0.0
2023,5,23,14,81.0426,477.19139402415027,392.1782234643289,308.36995045502175,0.0,288.5237202759498,85.01317055982139,0.0
2023,5,23,15,81.0426,356.5362135183365,356.5362135183365,272.7279405090294,0.0,543.6992972177129,0.0,0.0
2023,5,23,16,81.0426,383.6828535138591,383.6828535138591,299.87458050455194,0.0,824.274396885159,0.0,0.0
2023,5,23,17,81.0426,226.88386089972113,226.88386089972113,143.075587890414,0.0,958.1418532890605,0.0,0.0
2023,5,23,18,81.0426,80.72635116382787,80.72635116382787,0.0,3.0819218454792594,955.0126357620115,0.0,0.0
2023,5,23,19,81.0426,22.043071676364264,22.043071676364264,0.0,61.765201332942866,892.2995754499021,0.0,0.0
2023,5,23,20,81.0426,0.0,0.0,0.0,83.80827300930713,807.2051668434308,0.0,0.0
2023,5,23,21,81.0426,0.0,0.0,0.0,83.80827300930713,722.1107582369594,0.0,0.0
2023,5,23,22,81.0426,0.0,0.0,0.0,83.80827300930713,637.0163496304881,0.0,0.0
2023,5,23,23,81.0426,0.0,0.0,0.0,83.80827300930713,551.9219410240167,0.0,0.0
2023,5,24,0,81.0426,0.0,0.0,0.0,83.80827300930713,466.8275324175454,0.0,0.0
2023,5,24,1,81.0426,0.0,0.0,0.0,83.80827300930713,381.733123811074,0.0,0.0
2023,5,24,2,81.0426,0.0,0.0,0.0,83.80827300930713,296.6387152046026,0.0,0.0
2023,5,24,3,81.0426,0.0,0.0,0.0,83.80827300930713,211.5443065981312,0.0,0.0
2023,5,24,4,81.0426,0.0,0.0,0.0,83.80827300930713,126.44989799165978,0.0,0.0
2023,5,24,5,81.0426,3.1645226051923365,3.1645226051923365,0.0,80.6437504041148,44.56857527684908,0.0,0.0
2023,5,24,6,81.0426,39.913316976273926,39.913316976273926,0.0,43.8949560330332,0.0,0.0,0.0
2023,5,24,7,81.0426,113.36436862130176,83.80827300930713,0.0,0.0,0.0,29.556095611994635,0.0
2023,5,24,8,81.0426,188.7854907117193,83.80827300930713,0.0,-0.0,0.0,104.97721770241216,0.0
2023,5,24,9,81.0426,249.8421621530773,83.80827300930713,0.0,0.0,0.0,166.03388914377018,0.0
2023,5,24,10,81.0426,307.45508840643186,83.80827300930713,0.0,0.0,0.0,223.64681539712473,0.0
2023,5,24,11,81.0426,409.85221446954273,83.80827300930713,0.0,0.0,0.0,326.0439414602356,0.0
2023,5,24,12,81.0426,487.8173645366834,83.80827300930713,0.0,0.0,0.0,404.00909152737626,0.0
2023,5,24,13,81.0426,500.1031581803712,83.80827300930713,0.0,0.0,0.0,416.2948851710641,0.0
2023,5,24,14,81.0426,511.0238636414271,83.80827300930713,0.0,0.0,-0.0,427.21559063212,0.0
2023,5,24,15,81.0426,610.4891525850215,446.47874760701507,362.67047459770794,0.0,339.3295436561595,164.01040497800648,0.0
2023,5,24,16,81.0426,450.882421777061,450.882421777061,367.07414876775385,0.0,682.7793475794103,0.0,0.0
2023,5,24,17,81.0426,290.43802322066705,290.43802322066705,206.62975021135992,0.0,876.1107151873819,0.0,0.0
2023,5,24,18,81.0426,137.71878278871353,137.71878278871353,53.91050977940639,0.0,926.5516249471544,0.0,0.0
2023,5,24,19,81.0426,42.379783124438546,42.379783124438546,0.0,41.42848988486858,884.4873666152762,0.0,0.0
2023,5,24,20,81.0426,5.010494124887866,5.010494124887866,0.0,78.79777888441927,804.4803440039342,0.0,0.0
2023,5,24,21,81.0426,0.0,0.0,0.0,83.80827300930713,719.3859353974628,0.0,0.0
2023,5,24,22,81.0426,0.0,0.0,0.0,83.80827300930713,634.2915267909915,0.0,0.0
2023,5,24,23,81.0426,0.0,0.0,0.0,83.80827300930713,549.1971181845201,0.0,0.0
2023,5,25,0,81.0426,0.0,0.0,0.0,83.80827300930713,464.1027095780488,0.0,0.0
2023,5,25,1,81.0426,0.0,0.0,0.0,83.80827300930713,379.0083009715774,0.0,0.0
2023,5,25,2,81.0426,0.0,0.0,0.0,83.80827300930713,293.913892365106,0.0,0.0
2023,5,25,3,81.0426,0.0,0.0,0.0,83.80827300930713,208.81948375863462,0.0,0.0
2023,5,25,4,81.0426,0.0,0.0,0.0,83.80827300930713,123.72507515216323,0.0,0.0
2023,5,25,5,81.0426,2.823250559534339,2.823250559534339,0.0,80.9850224497728,41.49724317452636,0.0,0.0
2023,5,25,6,81.0426,42.93822829006072,42.93822829006072,0.0,40.87004471924641,0.0,0.0,0.0
2023,5,25,7,81.0426,141.72097314233915,83.80827300930713,0.0,0.0,0.0,57.91270013303202,0.0
2023,5,25,8,81.0426,353.15451779318005,83.80827300930713,0.0,0.0,0.0,269.3462447838729,0.0
2023,5,25,9,81.0426,632.3771006042685,83.80827300930713,0.0,0.0,0.0,548.5688275949615,0.0
2023,5,25,10,81.0426,938.1103164166988,83.80827300930713,0.0,0.0,0.0,854.3020434073917,0.0
2023,5,25,11,81.0426,1113.586197347756,83.80827300930713,0.0,0.0,0.0,1029.7779243384489,0.0
2023,5,25,12,81.0426,1224.2979514323529,83.80827300930713,0.0,0.0,0.0,1140.4896784230457,0.0
2023,5,25,13,81.0426,1131.0531211391608,83.80827300930713,0.0,0.0,0.0,1047.2448481298536,0.0
2023,5,25,14,81.0426,1035.0315773835698,83.80827300930713,0.0,0.0,-0.0,951.2233043742626,0.0
2023,5,25,15,81.0426,593.285939010716,513.7383873591396,429.9301143498324,0.0,402.2604532894366,79.54755165157644,0.0
2023,5,25,16,81.0426,412.6599526633653,412.6599526633653,328.85167965405816,0.0,709.9477292149259,0.0,0.0
2023,5,25,17,81.0426,264.0670015107311,264.0670015107311,180.25872850142395,0.0,878.6052747465199,0.0,0.0
2023,5,25,18,81.0426,121.78758320276977,121.78758320276977,37.97931019346264,0.0,914.1402931695632,0.0,0.0
2023,5,25,19,81.0426,43.3260374328539,43.3260374328539,0.0,40.48223557645323,873.0368105209756,0.0,0.0
2023,5,25,20,81.0426,6.515193598925398,6.515193598925398,0.0,77.29307941038174,794.5575787502762,0.0,0.0
2023,5,25,21,81.0426,0.0,0.0,0.0,83.80827300930713,709.4631701438049,0.0,0.0
2023,5,25,22,81.0426,0.0,0.0,0.0,83.80827300930713,624.3687615373335,0.0,0.0
2023,5,25,23,81.0426,0.0,0.0,0.0,83.80827300930713,539.2743529308622,0.0,0.0
2023,5,26,0,81.0426,0.0,0.0,0.0,83.80827300930713,454.1799443243908,0.0,0.0
2023,5,26,1,81.0426,0.0,0.0,0.0,83.80827300930713,369.0855357179194,0.0,0.0
2023,5,26,2,81.0426,0.0,0.0,0.0,83.80827300930713,283.991127111448,0.0,0.0
2023,5,26,3,81.0426,0.0,0.0,0.0,83.80827300930713,198.8967185049766,0.0,0.0
2023,5,26,4,81.0426,0.0,0.0,0.0,83.80827300930713,113.80230989850523,0.0,0.0
2023,5,26,5,81.0426,9.2608823299011,9.2608823299011,0.0,74.54739067940604,38.1109026514526,0.0,0.0
2023,5,26,6,81.0426,46.27338691808205,46.27338691808205,0.0,37.534886091225076,0.0,0.0,0.0
2023,5,26,7,81.0426,147.19683823857883,83.80827300930713,0.0,0.0,0.0,63.388565229271705,0.0
2023,5,26,8,81.0426,497.3419570836838,83.80827300930713,0.0,0.0,0.0,413.53368407437665,0.0
2023,5,26,9,81.0426,821.9537219672858,83.80827300930713,0.0,0.0,0.0,738.1454489579787,0.0
2023,5,26,10,81.0426,1045.5644737018326,83.80827300930713,0.0,0.0,0.0,961.7562006925255,0.0
2023,5,26,11,81.0426,1273.735860955627,83.80827300930713,0.0,0.0,0.0,1189.9275879463198,0.0
2023,5,26,12,81.0426,1370.0056025626056,83.80827300930713,0.0,0.0,0.0,1286.1973295532985,0.0
2023,5,26,13,81.0426,1344.9065948410312,83.80827300930713,0.0,0.0,0.0,1261.098321831724,0.0
2023,5,26,14,81.0426,1272.6810200872296,83.80827300930713,0.0,0.0,0.0,1188.8727470779224,0.0
2023,5,26,15,81.0426,1078.1249293307478,83.80827300930713,0.0,0.0,-0.0,994.3166563214406,0.0
2023,5,26,16,81.0426,792.4026652864457,621.7179843064235,537.9097112971164,0.0,503.29064439319694,170.6846809800221,0.0
2023,5,26,17,81.0426,465.06072403757963,465.06072403757963,381.2524510282725,0.0,860.0062561857474,0.0,0.0
2023,5,26,18,81.0426,136.043447291847,136.043447291847,52.23517428253987,0.0,908.8796525430207,0.0,0.0
2023,5,26,19,81.0426,45.808015946730244,45.808015946730244,0.0,38.000257062576885,870.2962372604416,0.0,0.0
2023,5,26,20,81.0426,7.632083930169752,7.632083930169752,0.0,76.17618907913737,792.951035804446,0.0,0.0
2023,5,26,21,81.0426,0.0,0.0,0.0,83.80827300930713,707.8566271979746,0.0,0.0
2023,5,26,22,81.0426,0.0,0.0,0.0,83.80827300930713,622.7622185915033,0.0,0.0
2023,5,26,23,81.0426,0.0,0.0,0.0,83.80827300930713,537.6678099850319,0.0,0.0
2023,5,27,0,81.0426,0.0,0.0,0.0,83.80827300930713,452.5734013785605,0.0,0.0
2023,5,27,1,81.0426,0.0,0.0,0.0,83.80827300930713,367.4789927720891,0.0,0.0
2023,5,27,2,81.0426,0.0,0.0,0.0,83.80827300930713,282.3845841656177,0.0,0.0
2023,5,27,3,81.0426,0.0,0.0,0.0,83.80827300930713,197.2901755591463,0.0,0.0
2023,5,27,4,81.0426,0.0,0.0,0.0,83.80827300930713,112.19576695267489,0.0,0.0
2023,5,27,5,81.0426,10.207136638316458,10.207136638316458,0.0,73.60113637099067,37.46513538891296,0.0,0.0
2023,5,27,6,81.0426,46.909393912262864,46.909393912262864,0.0,36.89887909704427,0.0,0.0,0.0
2023,5,27,7,81.0426,149.95803933526625,83.80827300930713,0.0,0.0,0.0,66.14976632595912,0.0
2023,5,27,8,81.0426,496.1319925581691,83.80827300930713,0.0,0.0,0.0,412.32371954886196,0.0
2023,5,27,9,81.0426,828.2362300805353,83.80827300930713,0.0,0.0,0.0,744.4279570712281,0.0
2023,5,27,10,81.0426,1076.8218906109628,83.80827300930713,0.0,0.0,0.0,993.0136176016556,0.0
2023,5,27,11,81.0426,1239.7637800469447,83.80827300930713,0.0,0.0,0.0,1155.9555070376375,0.0
2023,5,27,12,81.0426,1231.9765724596577,83.80827300930713,0.0,0.0,0.0,1148.1682994503506,0.0
2023,5,27,13,81.0426,1170.1132580012898,83.80827300930713,0.0,0.0,0.0,1086.3049849919826,0.0
2023,5,27,14,81.0426,1029.2920020702309,83.80827300930713,0.0,0.0,-0.0,945.4837290609237,0.0
2023,5,27,15,81.0426,891.3560461615532,99.27753293269416,15.469259923387026,0.0,14.473681422023901,792.078513228859,0.0
2023,5,27,16,81.0426,684.8399214413297,684.8399214413297,601.0316484320226,0.0,576.8238292017033,0.0,0.0
2023,5,27,17,81.0426,436.7351442479659,436.7351442479659,352.92687123865875,0.0,907.0368532816269,0.0,0.0
2023,5,27,18,81.0426,137.78083225156044,83.80827300930713,0.0,0.0,907.0368532816269,53.97255924225331,0.0
2023,5,27,19,81.0426,47.328227786479495,47.328227786479495,0.0,36.480045222827634,869.9969792607279,0.0,0.0
2023,5,27,20,81.0426,7.802719952998751,7.802719952998751,0.0,76.00555305630839,792.8250324361454,0.0,0.0
2023,5,27,21,81.0426,0.0,0.0,0.0,83.80827300930713,707.7306238296741,0.0,0.0
2023,5,27,22,81.0426,0.0,0.0,0.0,83.80827300930713,622.6362152232027,0.0,0.0
2023,5,27,23,81.0426,0.0,0.0,0.0,83.80827300930713,537.5418066167314,0.0,0.0
2023,5,28,0,81.0426,0.0,0.0,0.0,83.80827300930713,452.44739801026003,0.0,0.0
2023,5,28,1,81.0426,0.0,0.0,0.0,83.80827300930713,367.3529894037886,0.0,0.0
2023,5,28,2,81.0426,0.0,0.0,0.0,83.80827300930713,282.2585807973172,0.0,0.0
2023,5,28,3,81.0426,0.0,0.0,0.0,83.80827300930713,197.16417219084585,0.0,0.0
2023,5,28,4,81.0426,0.0,0.0,0.0,83.80827300930713,112.06976358437446,0.0,0.0
2023,5,28,5,81.0426,10.656995243956544,10.656995243956544,0.0,73.1512777653506,37.79589423070155,0.0,0.0
2023,5,28,6,81.0426,46.5836342323166,46.5836342323166,0.0,37.22463877699053,0.0,0.0,0.0
2023,5,28,7,81.0426,149.02729739256247,83.80827300930713,0.0,0.0,0.0,65.21902438325534,0.0
2023,5,28,8,81.0426,493.2466925357878,83.80827300930713,0.0,0.0,0.0,409.4384195264807,0.0
2023,5,28,9,81.0426,819.332132162004,83.80827300930713,0.0,0.0,0.0,735.5238591526968,0.0
2023,5,28,10,81.0426,1068.9260964636937,83.80827300930713,0.0,0.0,0.0,985.1178234543866,0.0
2023,5,28,11,81.0426,1234.6602117277864,83.80827300930713,0.0,0.0,0.0,1150.8519387184792,0.0
2023,5,28,12,81.0426,1310.4381182295735,83.80827300930713,0.0,0.0,0.0,1226.6298452202664,0.0
2023,5,28,13,81.0426,1301.3478719225013,83.80827300930713,0.0,0.0,0.0,1217.5395989131941,0.0
2023,5,28,14,81.0426,1212.4309916628815,83.80827300930713,0.0,0.0,0.0,1128.6227186535743,0.0
2023,5,28,15,81.0426,1035.5589978177686,83.80827300930713,0.0,0.0,-0.0,951.7507248084614,0.0
2023,5,28,16,81.0426,782.4592388652286,686.1239940715603,602.3157210622533,0.0,563.5515794101998,96.33524479366827,0.0
2023,5,28,17,81.0426,455.97047773050747,455.97047773050747,372.16220472120034,0.0,911.7619795928929,0.0,0.0
2023,5,28,18,81.0426,128.3182891674069,83.80827300930713,0.0,0.0,911.7619795928929,44.51001615809977,0.0
2023,5,28,19,81.0426,41.27840515890576,41.27840515890576,0.0,42.529867850401374,868.5794413673483,0.0,0.0
2023,5,28,20,81.0426,8.128479632945021,8.128479632945021,0.0,75.67979337636211,791.7382533845544,0.0,0.0
2023,5,28,21,81.0426,0.0,0.0,0.0,83.80827300930713,706.643844778083,0.0,0.0
2023,5,28,22,81.0426,0.0,0.0,0.0,83.80827300930713,621.5494361716117,0.0,0.0
2023,5,28,23,81.0426,0.0,0.0,0.0,83.80827300930713,536.4550275651403,0.0,0.0
2023,5,29,0,81.0426,0.0,0.0,0.0,83.80827300930713,451.3606189586689,0.0,0.0
2023,5,29,1,81.0426,0.0,0.0,0.0,83.80827300930713,366.2662103521975,0.0,0.0
2023,5,29,2,81.0426,0.0,0.0,0.0,83.80827300930713,281.1718017457261,0.0,0.0
2023,5,29,3,81.0426,0.0,0.0,0.0,83.80827300930713,196.0773931392547,0.0,0.0
2023,5,29,4,81.0426,0.0,0.0,0.0,83.80827300930713,110.98298453278332,0.0,0.0
2023,5,29,5,81.0426,10.641482878244817,10.641482878244817,0.0,73.16679013106231,36.69336475807288,0.0,0.0
2023,5,29,6,81.0426,47.6694998321375,47.6694998321375,0.0,36.13877317716963,0.0,0.0,0.0
2023,5,29,7,81.0426,153.5879329118104,83.80827300930713,0.0,0.0,0.0,69.77965990250328,0.0
2023,5,29,8,81.0426,383.6828535138591,83.80827300930713,0.0,0.0,0.0,299.87458050455194,0.0
2023,5,29,9,81.0426,648.0601023388247,83.80827300930713,0.0,0.0,0.0,564.2518293295175,0.0
2023,5,29,10,81.0426,930.3386211951234,83.80827300930713,0.0,0.0,0.0,846.5303481858164,0.0
2023,5,29,11,81.0426,949.5584423119533,83.80827300930713,0.0,0.0,0.0,865.7501693026461,0.0
2023,5,29,12,81.0426,949.7290783347823,83.80827300930713,0.0,0.0,0.0,865.9208053254752,0.0
2023,5,29,13,81.0426,871.7639282676417,83.80827300930713,0.0,0.0,-0.0,787.9556552583347,0.0
2023,5,29,14,81.0426,805.339978290026,83.80827300930713,0.0,0.0,-0.0,721.5317052807188,0.0
2023,5,29,15,81.0426,636.3637785921824,197.896411756162,114.08813874685488,0.0,106.74559626198902,438.46736683602035,0.0
2023,5,29,16,81.0426,562.6024796329199,562.6024796329199,478.79420662361275,0.0,554.7253217111647,0.0,0.0
2023,5,29,17,81.0426,391.6096723925516,391.6096723925516,307.8013993832445,0.0,842.7170820145102,0.0,0.0
2023,5,29,18,81.0426,138.2772279543357,138.2772279543357,54.46895494502857,0.0,893.6804962417826,0.0,0.0
2023,5,29,19,81.0426,53.65727299686418,53.65727299686418,0.0,30.15100001244295,863.066794004205,0.0,0.0
2023,5,29,20,81.0426,12.11515762085874,12.11515762085874,0.0,71.69311538844839,790.2734642280619,0.0,0.0
2023,5,29,21,81.0426,0.0,0.0,0.0,83.80827300930713,705.1790556215906,0.0,0.0
2023,5,29,22,81.0426,0.0,0.0,0.0,83.80827300930713,620.0846470151192,0.0,0.0
2023,5,29,23,81.0426,0.0,0.0,0.0,83.80827300930713,534.9902384086479,0.0,0.0
2023,5,30,0,81.0426,0.0,0.0,0.0,83.80827300930713,449.89582980217654,0.0,0.0
2023,5,30,1,81.0426,0.0,0.0,0.0,83.80827300930713,364.80142119570513,0.0,0.0
2023,5,30,2,81.0426,0.0,0.0,0.0,83.80827300930713,279.7070125892337,0.0,0.0
2023,5,30,3,81.0426,0.0,0.0,0.0,83.80827300930713,194.61260398276232,0.0,0.0
2023,5,30,4,81.0426,0.0,0.0,0.0,83.80827300930713,109.51819537629095,0.0,0.0
2023,5,30,5,81.0426,12.022083426588532,12.022083426588532,0.0,71.78618958271859,36.63036307392267,0.0,0.0
2023,5,30,6,81.0426,47.731549294984404,47.731549294984404,0.0,36.076723714322725,0.0,0.0,0.0
2023,5,30,7,81.0426,147.5381102842368,83.80827300930713,0.0,0.0,0.0,63.72983727492968,0.0
2023,5,30,8,81.0426,485.64563333704155,83.80827300930713,0.0,0.0,0.0,401.8373603277344,0.0
2023,5,30,9,81.0426,819.5958423791034,83.80827300930713,0.0,0.0,0.0,735.7875693697963,0.0
2023,5,30,10,81.0426,1079.536554610515,83.80827300930713,0.0,0.0,0.0,995.7282816012078,0.0
2023,5,30,11,81.0426,1255.7570290957353,83.80827300930713,0.0,0.0,0.0,1171.9487560864281,0.0
2023,5,30,12,81.0426,1346.8921776521322,83.80827300930713,0.0,0.0,0.0,1263.083904642825,0.0
2023,5,30,13,81.0426,1334.6063840084444,83.80827300930713,0.0,0.0,0.0,1250.7981109991372,0.0
2023,5,30,14,81.0426,1253.275050581859,83.80827300930713,0.0,0.0,-0.0,1169.4667775725518,0.0
2023,5,30,15,81.0426,1075.6274384511598,124.541270804181,40.73299779487386,0.0,38.11148279664576,951.0861676469789,0.0
2023,5,30,16,81.0426,679.8139149507301,679.8139149507301,596.0056419414229,0.0,595.7590903688272,0.0,0.0
2023,5,30,17,81.0426,364.99045283122786,364.99045283122786,281.1821798219207,0.0,858.8448043880173,0.0,0.0
2023,5,30,18,81.0426,132.53765264099667,132.53765264099667,48.72937963168954,0.0,904.4380338104311,0.0,0.0
2023,5,30,19,81.0426,45.90109014100045,45.90109014100045,0.0,37.90718286830668,865.9491210540771,0.0,0.0
2023,5,30,20,81.0426,9.32293179274801,9.32293179274801,0.0,74.48534121655912,790.3207154911746,0.0,0.0
2023,5,30,21,81.0426,0.0,0.0,0.0,83.80827300930713,705.2263068847033,0.0,0.0
2023,5,30,22,81.0426,0.0,0.0,0.0,83.80827300930713,620.1318982782319,0.0,0.0
2023,5,30,23,81.0426,0.0,0.0,0.0,83.80827300930713,535.0374896717606,0.0,0.0
2023,5,31,0,81.0426,0.0,0.0,0.0,83.80827300930713,449.9430810652892,0.0,0.0
2023,5,31,1,81.0426,0.0,0.0,0.0,83.80827300930713,364.8486724588178,0.0,0.0
2023,5,31,2,81.0426,0.0,0.0,0.0,83.80827300930713,279.7542638523464,0.0,0.0
2023,5,31,3,81.0426,0.0,0.0,0.0,83.80827300930713,194.659855245875,0.0,0.0
2023,5,31,4,81.0426,0.0,0.0,0.0,83.80827300930713,109.56544663940362,0.0,0.0
2023,5,31,5,81.0426,12.099645255147168,12.099645255147168,0.0,71.70862775415996,36.7563664422231,0.0,0.0
2023,5,31,6,81.0426,47.60745036929059,47.60745036929059,0.0,36.20082264001655,0.0,0.0,0.0
2023,5,31,7,81.0426,147.46054845567818,83.80827300930713,0.0,0.0,0.0,63.65227544637105,0.0
2023,5,31,8,81.0426,487.6932656109895,83.80827300930713,0.0,0.0,0.0,403.88499260168237,0.0
2023,5,31,9,81.0426,810.1177869292382,83.80827300930713,0.0,0.0,0.0,726.3095139199311,0.0
2023,5,31,10,81.0426,1033.6044397380908,83.80827300930713,0.0,0.0,0.0,949.7961667287836,0.0
2023,5,31,11,81.0426,1174.7359429833846,83.80827300930713,0.0,0.0,0.0,1090.9276699740774,0.0
2023,5,31,12,81.0426,1253.9265699417517,83.80827300930713,0.0,0.0,0.0,1170.1182969324445,0.0
2023,5,31,13,81.0426,1238.7244515442587,83.80827300930713,0.0,0.0,0.0,1154.9161785349515,0.0
2023,5,31,14,81.0426,1111.9573989480248,83.80827300930713,0.0,0.0,0.0,1028.1491259387176,0.0
2023,5,31,15,81.0426,983.8407705348704,83.80827300930713,0.0,0.0,-0.0,900.0324975255633,0.0
2023,5,31,16,81.0426,715.8801652304958,621.7112171105299,537.9029441012227,0.0,503.28431272394005,94.16894811996588,0.0
2023,5,31,17,81.0426,432.81051572289886,432.81051572289886,349.0022427135917,0.0,829.8252915183791,0.0,0.0
2023,5,31,18,81.0426,143.9082167076925,143.9082167076925,60.099943698385374,0.0,886.0572924596073,0.0,0.0
2023,5,31,19,81.0426,46.862856815127685,46.862856815127685,0.0,36.94541619417945,848.5449058075817,0.0,0.0
2023,5,31,20,81.0426,11.029292021037996,11.029292021037996,0.0,72.77898098826913,774.64904655881,0.0,0.0
2023,5,31,21,81.0426,0.0,0.0,0.0,83.80827300930713,689.5546379523387,0.0,0.0
2023,5,31,22,81.0426,0.0,0.0,0.0,83.80827300930713,604.4602293458673,0.0,0.0
2023,5,31,23,81.0426,0.0,0.0,0.0,83.80827300930713,519.365820739396,0.0,0.0
2023,6,1,0,81.0426,0.0,0.0,0.0,83.80827300930713,434.2714121329246,0.0,0.0
2023,6,1,1,81.0426,0.0,0.0,0.0,83.80827300930713,349.1770035264532,0.0,0.0
2023,6,1,2,81.0426,0.0,0.0,0.0,83.80827300930713,264.0825949199818,0.0,0.0
2023,6,1,3,81.0426,0.0,0.0,0.0,83.80827300930713,178.98818631351037,0.0,0.0
2023,6,1,4,81.0426,0.0,0.0,0.0,83.80827300930713,93.89377770703899,0.0,0.0
2023,6,1,5,81.0426,17.35833723142267,17.35833723142267,0.0,66.44993577788446,26.42409024158873,0.0,0.0
2023,6,1,6,81.0426,57.78356227618359,57.78356227618359,0.0,26.024710733123545,0.0,0.0,0.0
2023,6,1,7,81.0426,146.29712102729866,83.80827300930713,0.0,0.0,0.0,62.48884801799153,0.0
2023,6,1,8,81.0426,474.30609400176894,83.80827300930713,0.0,0.0,0.0,390.4978209924618,0.0
2023,6,1,9,81.0426,799.2746432967408,83.80827300930713,0.0,0.0,0.0,715.4663702874336,0.0
2023,6,1,10,81.0426,1062.038606087687,83.80827300930713,0.0,0.0,0.0,978.2303330783798,0.0
2023,6,1,11,81.0426,1267.329253916684,83.80827300930713,0.0,0.0,0.0,1183.5209809073767,0.0
2023,6,1,12,81.0426,1358.045568598864,83.80827300930713,0.0,0.0,0.0,1274.2372955895569,0.0
2023,6,1,13,81.0426,1344.8755701096077,83.80827300930713,0.0,0.0,0.0,1261.0672971003005,0.0
2023,6,1,14,81.0426,1244.57261341758,83.80827300930713,0.0,0.0,0.0,1160.7643404082728,0.0
2023,6,1,15,81.0426,1058.1450022940433,83.80827300930713,0.0,0.0,-0.0,974.3367292847361,0.0
2023,6,1,16,81.0426,783.3744684422205,692.5373935571284,608.7291205478214,0.0,569.5522220683497,90.83707488509208,0.0
2023,6,1,17,81.0426,456.559947627553,456.559947627553,372.7516746182459,0.0,918.3141547445148,0.0,0.0
2023,6,1,18,81.0426,131.59139833258132,83.80827300930713,0.0,0.0,918.3141547445148,47.78312532327419,0.0
2023,6,1,19,81.0426,44.66010088406243,44.66010088406243,0.0,39.1481721252447,878.5652083051567,0.0,0.0
2023,6,1,20,81.0426,10.75006943822675,10.75006943822675,0.0,73.05820357108038,804.3858414777089,0.0,0.0
2023,6,1,21,81.0426,0.0,0.0,0.0,83.80827300930713,719.2914328712376,0.0,0.0
2023,6,1,22,81.0426,0.0,0.0,0.0,83.80827300930713,634.1970242647662,0.0,0.0
2023,6,1,23,81.0426,0.0,0.0,0.0,83.80827300930713,549.1026156582949,0.0,0.0
2023,6,2,0,81.0426,0.0,0.0,0.0,83.80827300930713,464.0082070518235,0.0,0.0
2023,6,2,1,81.0426,0.0,0.0,0.0,83.80827300930713,378.9137984453521,0.0,0.0
2023,6,2,2,81.0426,0.0,0.0,0.0,83.80827300930713,293.8193898388807,0.0,0.0
2023,6,2,3,81.0426,0.0,0.0,0.0,83.80827300930713,208.72498123240928,0.0,0.0
2023,6,2,4,81.0426,0.0,0.0,0.0,83.80827300930713,123.6305726259379,0.0,0.0
2023,6,2,5,81.0426,5.8171371418976765,5.8171371418976765,0.0,77.99113586740945,44.44257190854866,0.0,0.0
2023,6,2,6,81.0426,40.03741590196775,40.03741590196775,0.0,43.77085710733938,0.0,0.0,0.0
2023,6,2,7,81.0426,97.82097817815135,83.80827300930713,0.0,0.0,0.0,14.01270516884422,0.0
2023,6,2,8,81.0426,241.5120217658798,83.80827300930713,0.0,0.0,0.0,157.70374875657268,0.0
2023,6,2,9,81.0426,426.18673556399136,83.80827300930713,0.0,0.0,0.0,342.37846255468423,0.0
2023,6,2,10,81.0426,705.2697070836743,83.80827300930713,0.0,0.0,0.0,621.4614340743672,0.0
2023,6,2,11,81.0426,1111.0111446396095,83.80827300930713,0.0,0.0,0.0,1027.2028716303023,0.0
2023,6,2,12,81.0426,1382.0897354520412,83.80827300930713,0.0,0.0,0.0,1298.281462442734,0.0
2023,6,2,13,81.0426,1322.630837678991,83.80827300930713,0.0,0.0,0.0,1238.8225646696837,0.0
2023,6,2,14,81.0426,1284.1136336167724,83.80827300930713,0.0,0.0,-0.0,1200.3053606074652,0.0
2023,6,2,15,81.0426,1113.8499075648556,83.80827300930713,0.0,0.0,-0.0,1030.0416345555484,0.0
2023,6,2,16,81.0426,831.214604297187,589.3516394632077,505.5433664539005,0.0,473.00734924034765,241.86296483397928,0.0
2023,6,2,17,81.0426,482.4655983661373,482.4655983661373,398.6573253568302,0.0,846.0076836033072,0.0,0.0
2023,6,2,18,81.0426,138.26171558862399,138.26171558862399,54.45344257931685,0.0,896.9565838175935,0.0,0.0
2023,6,2,19,81.0426,45.621867558189514,45.621867558189514,0.0,38.18640545111762,858.1841634825637,0.0,0.0
2023,6,2,20,81.0426,11.758373209489172,11.758373209489172,0.0,72.04989979981796,785.028574022557,0.0,0.0
2023,6,2,21,81.0426,0.0,0.0,0.0,83.80827300930713,699.9341654160856,0.0,0.0
2023,6,2,22,81.0426,0.0,0.0,0.0,83.80827300930713,614.8397568096143,0.0,0.0
2023,6,2,23,81.0426,0.0,0.0,0.0,83.80827300930713,529.745348203143,0.0,0.0
2023,6,3,0,81.0426,0.0,0.0,0.0,83.80827300930713,444.6509395966716,0.0,0.0
2023,6,3,1,81.0426,0.0,0.0,0.0,83.80827300930713,359.5565309902002,0.0,0.0
2023,6,3,2,81.0426,0.0,0.0,0.0,83.80827300930713,274.4621223837288,0.0,0.0
2023,6,3,3,81.0426,0.0,0.0,0.0,83.80827300930713,189.3677137772574,0.0,0.0
2023,6,3,4,81.0426,0.0,0.0,0.0,83.80827300930713,104.27330517078602,0.0,0.0
2023,6,3,5,81.0426,14.286888820500694,14.286888820500694,0.0,69.52138418880644,33.685034339900376,0.0,0.0
2023,6,3,6,81.0426,50.632361683077384,50.632361683077384,0.0,33.17591132622975,0.0,0.0,0.0
2023,6,3,7,81.0426,149.973551700978,83.80827300930713,0.0,0.0,0.0,66.16527869167086,0.0
2023,6,3,8,81.0426,501.7009318486791,83.80827300930713,0.0,0.0,0.0,417.89265883937196,0.0
2023,6,3,9,81.0426,842.8333662152708,83.80827300930713,0.0,0.0,0.0,759.0250932059637,0.0
2023,6,3,10,81.0426,1102.7120289838354,83.80827300930713,0.0,0.0,0.0,1018.9037559745282,0.0
2023,6,3,11,81.0426,1271.7037410473908,83.80827300930713,0.0,0.0,0.0,1187.8954680380837,0.0
2023,6,3,12,81.0426,1329.8285753692323,83.80827300930713,0.0,0.0,0.0,1246.0203023599252,0.0
2023,6,3,13,81.0426,1319.6834881937627,83.80827300930713,0.0,0.0,0.0,1235.8752151844556,0.0
2023,6,3,14,81.0426,1233.1865369851726,83.80827300930713,0.0,0.0,0.0,1149.3782639758654,0.0
2023,6,3,15,81.0426,1058.0053910026377,83.80827300930713,0.0,0.0,-0.0,974.1971179933305,0.0
2023,6,3,16,81.0426,798.1267282340731,593.8672781799079,510.0590051706008,0.0,477.23236818282896,204.2594500541652,0.0
2023,6,3,17,81.0426,468.845741271241,468.845741271241,385.0374682619339,0.0,837.4893991439889,0.0,0.0
2023,6,3,18,81.0426,141.45726292523977,141.45726292523977,57.648989915932646,0.0,891.4281860334127,0.0,0.0
2023,6,3,19,81.0426,52.152573522826636,52.152573522826636,0.0,31.655699486480497,859.2866929551924,0.0,0.0
2023,6,3,20,81.0426,12.84423880931007,12.84423880931007,0.0,70.96403419999706,787.2336329678144,0.0,0.0
2023,6,3,21,81.0426,0.0,0.0,0.0,83.80827300930713,702.139224361343,0.0,0.0
2023,6,3,22,81.0426,0.0,0.0,0.0,83.80827300930713,617.0448157548717,0.0,0.0
2023,6,3,23,81.0426,0.0,0.0,0.0,83.80827300930713,531.9504071484004,0.0,0.0
2023,6,4,0,81.0426,0.0,0.0,0.0,83.80827300930713,446.85599854192895,0.0,0.0
2023,6,4,1,81.0426,0.0,0.0,0.0,83.80827300930713,361.76158993545755,0.0,0.0
2023,6,4,2,81.0426,0.0,0.0,0.0,83.80827300930713,276.66718132898615,0.0,0.0
2023,6,4,3,81.0426,0.0,0.0,0.0,83.80827300930713,191.57277272251474,0.0,0.0
2023,6,4,4,81.0426,0.0,0.0,0.0,83.80827300930713,106.47836411604337,0.0,0.0
2023,6,4,5,81.0426,13.852542580572335,13.852542580572335,0.0,69.9557304287348,35.44908149610625,0.0,0.0
2023,6,4,6,81.0426,48.89497672336394,48.89497672336394,0.0,34.9132962859432,0.0,0.0,0.0
2023,6,4,7,81.0426,146.3591704901454,83.80827300930713,0.0,0.0,0.0,62.55089748083827,0.0
2023,6,4,8,81.0426,484.43566881152685,83.80827300930713,0.0,0.0,0.0,400.6273958022197,0.0
2023,6,4,9,81.0426,804.8746073186743,83.80827300930713,0.0,0.0,0.0,721.0663343093672,0.0
2023,6,4,10,81.0426,1057.3538716427452,83.80827300930713,0.0,0.0,0.0,973.545598633438,0.0
2023,6,4,11,81.0426,1225.8336756378137,83.80827300930713,0.0,0.0,0.0,1142.0254026285065,0.0
2023,6,4,12,81.0426,1295.3911234891982,83.80827300930713,0.0,0.0,0.0,1211.582850479891,0.0
2023,6,4,13,81.0426,1290.8460003356622,83.80827300930713,0.0,0.0,0.0,1207.037727326355,0.0
2023,6,4,14,81.0426,1201.6809222246545,83.80827300930713,0.0,0.0,0.0,1117.8726492153473,0.0
2023,6,4,15,81.0426,1034.2094220008485,83.80827300930713,0.0,0.0,-0.0,950.4011489915413,0.0
2023,6,4,16,81.0426,784.8636555505462,619.0515071184283,535.2432341091212,0.0,500.7957777008487,165.81214843211797,0.0
2023,6,4,17,81.0426,460.205353569809,460.205353569809,376.3970805605019,0.0,852.9685034287484,0.0,0.0
2023,6,4,18,81.0426,134.69387147492674,134.69387147492674,50.8855984656196,0.0,900.5791806562306,0.0,0.0
2023,6,4,19,81.0426,44.59805142121552,44.59805142121552,0.0,39.210221588091606,860.7672325327223,0.0,0.0
2023,6,4,20,81.0426,12.084132889435441,12.084132889435441,0.0,71.72414011987169,787.9424019145043,0.0,0.0
2023,6,4,21,81.0426,0.0,0.0,0.0,83.80827300930713,702.847993308033,0.0,0.0
2023,6,4,22,81.0426,0.0,0.0,0.0,83.80827300930713,617.7535847015616,0.0,0.0
2023,6,4,23,81.0426,0.0,0.0,0.0,83.80827300930713,532.6591760950903,0.0,0.0
2023,6,5,0,81.0426,0.0,0.0,0.0,83.80827300930713,447.56476748861894,0.0,0.0
2023,6,5,1,81.0426,0.0,0.0,0.0,83.80827300930713,362.47035888214754,0.0,0.0
2023,6,5,2,81.0426,0.0,0.0,0.0,83.80827300930713,277.37595027567613,0.0,0.0
2023,6,5,3,81.0426,0.0,0.0,0.0,83.80827300930713,192.28154166920473,0.0,0.0
2023,6,5,4,81.0426,0.0,0.0,0.0,83.80827300930713,107.18713306273335,0.0,0.0
2023,6,5,5,81.0426,13.837030214860453,13.837030214860453,0.0,69.97124279444668,36.142100021758544,0.0,0.0
2023,6,5,6,81.0426,48.21243263204795,48.21243263204795,0.0,35.59584037725918,0.0,0.0,0.0
2023,6,5,7,81.0426,143.11708605639458,83.80827300930713,0.0,0.0,0.0,59.308813047087455,0.0
2023,6,5,8,81.0426,475.74874401295966,83.80827300930713,0.0,0.0,0.0,391.94047100365253,0.0
2023,6,5,9,81.0426,794.714007777493,83.80827300930713,0.0,0.0,0.0,710.9057347681858,0.0
2023,6,5,10,81.0426,1043.3927425021907,83.80827300930713,0.0,0.0,0.0,959.5844694928835,0.0
2023,6,5,11,81.0426,1216.8830406221473,83.80827300930713,0.0,0.0,0.0,1133.07476761284,0.0
2023,6,5,12,81.0426,1301.3013348253662,83.80827300930713,0.0,0.0,0.0,1217.493061816059,0.0
2023,6,5,13,81.0426,1294.1191095008367,83.80827300930713,0.0,0.0,0.0,1210.3108364915295,0.0
2023,6,5,14,81.0426,1155.5316342322662,83.80827300930713,0.0,0.0,0.0,1071.723361222959,0.0
2023,6,5,15,81.0426,940.7784433191159,83.80827300930713,0.0,0.0,-0.0,856.9701703098087,0.0
2023,6,5,16,81.0426,691.1069171888673,630.1455335967044,546.3372605873972,0.0,511.17580917806924,60.961383592162974,0.0
2023,6,5,17,81.0426,398.41960093999967,398.41960093999967,314.61132793069254,0.0,805.5392211823145,0.0,0.0
2023,6,5,18,81.0426,146.0954602730462,146.0954602730462,62.287187263739064,0.0,863.8176979545835,0.0,0.0
2023,6,5,19,81.0426,56.15476387645224,56.15476387645224,0.0,27.653509132854886,835.7398135040518,0.0,0.0
2023,6,5,20,81.0426,11.370564066695993,11.370564066695993,0.0,72.43770894261114,762.1904635181063,0.0,0.0
2023,6,5,21,81.0426,0.0,0.0,0.0,83.80827300930713,677.096054911635,0.0,0.0
2023,6,5,22,81.0426,0.0,0.0,0.0,83.80827300930713,592.0016463051636,0.0,0.0
2023,6,5,23,81.0426,0.0,0.0,0.0,83.80827300930713,506.9072376986922,0.0,0.0
2023,6,6,0,81.0426,0.0,0.0,0.0,83.80827300930713,421.8128290922208,0.0,0.0
2023,6,6,1,81.0426,0.0,0.0,0.0,83.80827300930713,336.7184204857494,0.0,0.0
2023,6,6,2,81.0426,0.0,0.0,0.0,83.80827300930713,251.624011879278,0.0,0.0
2023,6,6,3,81.0426,0.0,0.0,0.0,83.80827300930713,166.52960327280658,0.0,0.0
2023,6,6,4,81.0426,0.0,0.0,0.0,83.80827300930713,81.4351946663352,0.0,0.0
2023,6,6,5,81.0426,15.822613025961527,15.822613025961527,0.0,67.9856599833456,12.406215518167102,0.0,0.0
2023,6,6,6,81.0426,71.58956775962073,71.58956775962073,0.0,12.218705249686396,0.0,0.0,0.0
2023,6,6,7,81.0426,161.56128888763817,83.80827300930713,0.0,0.0,0.0,77.75301587833104,0.0
2023,6,6,8,81.0426,343.660949977603,83.80827300930713,0.0,0.0,0.0,259.8526769682959,0.0
2023,6,6,9,81.0426,432.67090443149334,83.80827300930713,0.0,0.0,0.0,348.8626314221862,0.0
2023,6,6,10,81.0426,488.9652795993511,83.80827300930713,0.0,0.0,0.0,405.157006590044,0.0
2023,6,6,11,81.0426,612.3040993732936,83.80827300930713,0.0,0.0,0.0,528.4958263639865,0.0
2023,6,6,12,81.0426,571.8788743285327,83.80827300930713,0.0,0.0,0.0,488.07060131922555,0.0
2023,6,6,13,81.0426,477.50164133838473,83.80827300930713,0.0,0.0,0.0,393.6933683290776,0.0
2023,6,6,14,81.0426,791.5960222694358,83.80827300930713,0.0,0.0,-0.0,707.7877492601287,0.0
2023,6,6,15,81.0426,616.2442402640723,358.3148609780527,274.5065879687456,0.0,256.8397533032388,257.92937928601964,0.0
2023,6,6,16,81.0426,527.8082433415159,527.8082433415159,443.99997033220876,0.0,672.2645476245821,0.0,0.0
2023,6,6,17,81.0426,297.9149834937197,297.9149834937197,214.1067104844126,0.0,872.5916694918562,0.0,0.0
2023,6,6,18,81.0426,116.885675637864,116.885675637864,33.07740262855687,0.0,903.5402598112905,0.0,0.0
2023,6,6,19,81.0426,33.69285832587134,33.69285832587134,0.0,50.11541468343579,852.655765698383,0.0,0.0
2023,6,6,20,81.0426,5.119080684869956,5.119080684869956,0.0,78.68919232443717,772.7589960343039,0.0,0.0
2023,6,6,21,81.0426,0.0,0.0,0.0,83.80827300930713,687.6645874278325,0.0,0.0
2023,6,6,22,81.0426,0.0,0.0,0.0,83.80827300930713,602.5701788213612,0.0,0.0
2023,6,6,23,81.0426,0.0,0.0,0.0,83.80827300930713,517.4757702148898,0.0,0.0
2023,6,7,0,81.0426,0.0,0.0,0.0,83.80827300930713,432.38136160841844,0.0,0.0
2023,6,7,1,81.0426,0.0,0.0,0.0,83.80827300930713,347.28695300194704,0.0,0.0
2023,6,7,2,81.0426,0.0,0.0,0.0,83.80827300930713,262.19254439547564,0.0,0.0
2023,6,7,3,81.0426,0.0,0.0,0.0,83.80827300930713,177.09813578900423,0.0,0.0
2023,6,7,4,81.0426,0.0,0.0,0.0,83.80827300930713,92.00372718253286,0.0,0.0
2023,6,7,5,81.0426,16.21042216875486,16.21042216875486,0.0,67.59785084055227,23.36850856030372,0.0,0.0
2023,6,7,6,81.0426,60.7929612242585,60.7929612242585,0.0,23.015311785048635,0.0,0.0,0.0
2023,6,7,7,81.0426,146.14199737018123,83.80827300930713,0.0,0.0,0.0,62.3337243608741,0.0
2023,6,7,8,81.0426,446.3683233549484,83.80827300930713,0.0,0.0,0.0,362.5600503456413,0.0
2023,6,7,9,81.0426,753.838924127092,83.80827300930713,0.0,0.0,0.0,670.0306511177848,0.0
2023,6,7,10,81.0426,1006.6749728625327,83.80827300930713,0.0,0.0,0.0,922.8666998532256,0.0
2023,6,7,11,81.0426,1174.6428687891141,83.80827300930713,0.0,0.0,0.0,1090.834595779807,0.0
2023,6,7,12,81.0426,1248.2335317255477,83.80827300930713,0.0,0.0,0.0,1164.4252587162405,0.0
2023,6,7,13,81.0426,1188.6195102953802,83.80827300930713,0.0,0.0,0.0,1104.811237286073,0.0
2023,6,7,14,81.0426,1098.8029128244802,83.80827300930713,0.0,0.0,-0.0,1014.9946398151731,0.0
2023,6,7,15,81.0426,792.4647147492926,132.78418674977772,48.97591374047057,0.0,45.82389696357802,659.6805279995149,0.0
2023,6,7,16,81.0426,651.0074518240529,651.0074518240529,567.1991788147457,0.0,576.5189824205634,0.0,0.0
2023,6,7,17,81.0426,391.06673959264117,391.06673959264117,307.25846658333404,0.0,864.0027522693952,0.0,0.0
2023,6,7,18,81.0426,121.368749328553,121.368749328553,37.560476319245865,0.0,899.1458923418135,0.0,0.0
2023,6,7,19,81.0426,51.159782117275945,51.159782117275945,0.0,32.648490892031184,865.9963723171898,0.0,0.0
2023,6,7,20,81.0426,9.059221575648648,9.059221575648648,0.0,74.7490514336585,790.1002095966489,0.0,0.0
2023,6,7,21,81.0426,0.0,0.0,0.0,83.80827300930713,705.0058009901776,0.0,0.0
2023,6,7,22,81.0426,0.0,0.0,0.0,83.80827300930713,619.9113923837062,0.0,0.0
2023,6,7,23,81.0426,0.0,0.0,0.0,83.80827300930713,534.8169837772349,0.0,0.0
2023,6,8,0,81.0426,0.0,0.0,0.0,83.80827300930713,449.7225751707635,0.0,0.0
2023,6,8,1,81.0426,0.0,0.0,0.0,83.80827300930713,364.6281665642921,0.0,0.0
2023,6,8,2,81.0426,0.0,0.0,0.0,83.80827300930713,279.5337579578207,0.0,0.0
2023,6,8,3,81.0426,0.0,0.0,0.0,83.80827300930713,194.43934935134928,0.0,0.0
2023,6,8,4,81.0426,0.0,0.0,0.0,83.80827300930713,109.3449407448779,0.0,0.0
2023,6,8,5,81.0426,13.728443654878518,13.728443654878518,0.0,70.07982935442863,38.18965475664036,0.0,0.0
2023,6,8,6,81.0426,46.19582508952342,46.19582508952342,0.0,37.61244791978371,0.0,0.0,0.0
2023,6,8,7,81.0426,138.4944010742999,83.80827300930713,0.0,0.0,0.0,54.68612806499277,0.0
2023,6,8,8,81.0426,415.0333446172596,83.80827300930713,0.0,0.0,0.0,331.2250716079525,0.0
2023,6,8,9,81.0426,644.119961448046,83.80827300930713,0.0,0.0,0.0,560.3116884387389,0.0
2023,6,8,10,81.0426,890.9216999216247,83.80827300930713,0.0,0.0,0.0,807.1134269123177,0.0
2023,6,8,11,81.0426,1039.3905521485651,83.80827300930713,0.0,0.0,0.0,955.5822791392579,0.0
2023,6,8,12,81.0426,1127.7955243396982,83.80827300930713,0.0,0.0,0.0,1043.987251330391,0.0
2023,6,8,13,81.0426,931.672684646332,83.80827300930713,0.0,0.0,0.0,847.8644116370249,0.0
2023,6,8,14,81.0426,776.8747872090067,83.80827300930713,0.0,0.0,-0.0,693.0665141996997,0.0
2023,6,8,15,81.0426,795.8774352058725,305.5731121500416,221.76483914073447,0.0,207.49238478285167,490.30432305583093,0.0
2023,6,8,16,81.0426,531.9965820836821,531.9965820836821,448.188309074375,0.0,626.8359626104431,0.0,0.0
2023,6,8,17,81.0426,351.3085462734845,351.3085462734845,267.5002732641774,0.0,877.120317175889,0.0,0.0
2023,6,8,18,81.0426,116.00147079229554,116.00147079229554,32.193197782988406,0.0,907.2416087551153,0.0,0.0
2023,6,8,19,81.0426,51.733739648610005,51.733739648610005,0.0,32.074533360697124,874.6748543088811,0.0,0.0
2023,6,8,20,81.0426,10.641482878244817,10.641482878244817,0.0,73.16679013106231,800.3852345341706,0.0,0.0
2023,6,8,21,81.0426,0.0,0.0,0.0,83.80827300930713,715.2908259276993,0.0,0.0
2023,6,8,22,81.0426,0.0,0.0,0.0,83.80827300930713,630.196417321228,0.0,0.0
2023,6,8,23,81.0426,0.0,0.0,0.0,83.80827300930713,545.1020087147566,0.0,0.0
2023,6,9,0,81.0426,0.0,0.0,0.0,83.80827300930713,460.0076001082852,0.0,0.0
2023,6,9,1,81.0426,0.0,0.0,0.0,83.80827300930713,374.9131915018138,0.0,0.0
2023,6,9,2,81.0426,0.0,0.0,0.0,83.80827300930713,289.8187828953424,0.0,0.0
2023,6,9,3,81.0426,0.0,0.0,0.0,83.80827300930713,204.724374288871,0.0,0.0
2023,6,9,4,81.0426,0.0,0.0,0.0,83.80827300930713,119.62996568239959,0.0,0.0
2023,6,9,5,81.0426,11.12236621530836,11.12236621530836,0.0,72.68590679399877,45.82860895985327,0.0,0.0
2023,6,9,6,81.0426,38.672327719335755,38.672327719335755,0.0,45.135945289971374,0.0,0.0,0.0
2023,6,9,7,81.0426,127.06178754475698,83.80827300930713,0.0,0.0,0.0,43.25351453544985,0.0
2023,6,9,8,81.0426,441.5129528871778,83.80827300930713,0.0,0.0,0.0,357.70467987787066,0.0
2023,6,9,9,81.0426,659.756426085467,83.80827300930713,0.0,0.0,0.0,575.9481530761598,0.0
2023,6,9,10,81.0426,992.4346211391671,83.80827300930713,0.0,0.0,0.0,908.6263481298599,0.0
2023,6,9,11,81.0426,1110.4526994739872,83.80827300930713,0.0,0.0,0.0,1026.64442646468,0.0
2023,6,9,12,81.0426,1203.635480304332,83.80827300930713,0.0,0.0,0.0,1119.827207295025,0.0
2023,6,9,13,81.0426,1086.486094449369,83.80827300930713,0.0,0.0,0.0,1002.6778214400617,0.0
2023,6,9,14,81.0426,948.7983363920787,83.80827300930713,0.0,0.0,-0.0,864.9900633827715,0.0
2023,6,9,15,81.0426,797.335597582775,338.2369274376328,254.42865442832564,0.0,238.0540056258555,459.0986701451422,0.0
2023,6,9,16,81.0426,509.2244292188668,509.2244292188668,425.4161562095597,0.0,636.0910123898456,0.0,0.0
2023,6,9,17,81.0426,344.82437740598255,344.82437740598255,261.0161043966754,0.0,880.3085095270998,0.0,0.0
2023,6,9,18,81.0426,113.31783152416675,113.31783152416675,29.509558514859616,0.0,907.91887685973,0.0,0.0
2023,6,9,19,81.0426,34.40642714861079,34.40642714861079,0.0,49.40184586069634,857.7589021145498,0.0,0.0
2023,6,9,20,81.0426,10.517383952550999,10.517383952550999,0.0,73.29088905675613,783.3432789715389,0.0,0.0
2023,6,9,21,81.0426,0.0,0.0,0.0,83.80827300930713,698.2488703650675,0.0,0.0
2023,6,9,22,81.0426,0.0,0.0,0.0,83.80827300930713,613.1544617585962,0.0,0.0
2023,6,9,23,81.0426,0.0,0.0,0.0,83.80827300930713,528.0600531521249,0.0,0.0
2023,6,10,0,81.0426,0.0,0.0,0.0,83.80827300930713,442.9656445456535,0.0,0.0
2023,6,10,1,81.0426,0.0,0.0,0.0,83.80827300930713,357.8712359391821,0.0,0.0
2023,6,10,2,81.0426,0.0,0.0,0.0,83.80827300930713,272.7768273327107,0.0,0.0
2023,6,10,3,81.0426,0.0,0.0,0.0,83.80827300930713,187.6824187262393,0.0,0.0
2023,6,10,4,81.0426,0.0,0.0,0.0,83.80827300930713,102.58801011976792,0.0,0.0
2023,6,10,5,81.0426,15.233143128916051,15.233143128916051,0.0,68.57512988039109,32.960514972172966,0.0,0.0
2023,6,10,6,81.0426,51.345930505816824,51.345930505816824,0.0,32.462342503490305,0.0,0.0,0.0
2023,6,10,7,81.0426,141.39521346239286,83.80827300930713,0.0,0.0,0.0,57.58694045308573,0.0
2023,6,10,8,81.0426,389.48447829004505,83.80827300930713,0.0,0.0,0.0,305.6762052807379,0.0
2023,6,10,9,81.0426,581.0001453670283,83.80827300930713,0.0,0.0,0.0,497.19187235772114,0.0
2023,6,10,10,81.0426,827.0883150178676,83.80827300930713,0.0,0.0,0.0,743.2800420085605,0.0
2023,6,10,11,81.0426,1099.3458456243907,83.80827300930713,0.0,0.0,0.0,1015.5375726150835,0.0
2023,6,10,12,81.0426,1222.622615935486,83.80827300930713,0.0,0.0,0.0,1138.8143429261788,0.0
2023,6,10,13,81.0426,1241.0668187667295,83.80827300930713,0.0,0.0,-0.0,1157.2585457574223,0.0
2023,6,10,14,81.0426,1143.9283846798942,83.80827300930713,0.0,0.0,-0.0,1060.120111670587,0.0
2023,6,10,15,81.0426,896.1648795321886,151.12950771863296,67.32123470932584,0.0,62.988540430881585,745.0353718135557,0.0
2023,6,10,16,81.0426,658.4378749999702,658.4378749999702,574.6296019906631,0.0,600.6358381082111,0.0,0.0
2023,6,10,17,81.0426,353.6974505930905,353.6974505930905,269.88917758378335,0.0,853.1553506735172,0.0,0.0
2023,6,10,18,81.0426,130.31938434421969,130.31938434421969,46.511111334912556,0.0,896.6730762389179,0.0,0.0
2023,6,10,19,81.0426,45.10995948970237,45.10995948970237,0.0,38.69831351960476,857.3808920096487,0.0,0.0
2023,6,10,20,81.0426,13.961129140554423,13.961129140554423,0.0,69.84714386875271,786.4618623369745,0.0,0.0
2023,6,10,21,81.0426,0.0,0.0,0.0,83.80827300930713,701.3674537305031,0.0,0.0
2023,6,10,22,81.0426,0.0,0.0,0.0,83.80827300930713,616.2730451240318,0.0,0.0
2023,6,10,23,81.0426,0.0,0.0,0.0,83.80827300930713,531.1786365175604,0.0,0.0
2023,6,11,0,81.0426,0.0,0.0,0.0,83.80827300930713,446.08422791108904,0.0,0.0
2023,6,11,1,81.0426,0.0,0.0,0.0,83.80827300930713,360.98981930461764,0.0,0.0
2023,6,11,2,81.0426,0.0,0.0,0.0,83.80827300930713,275.89541069814624,0.0,0.0
2023,6,11,3,81.0426,0.0,0.0,0.0,83.80827300930713,190.80100209167483,0.0,0.0
2023,6,11,4,81.0426,0.0,0.0,0.0,83.80827300930713,105.70659348520343,0.0,0.0
2023,6,11,5,81.0426,15.078019471798777,15.078019471798777,0.0,68.73025353750835,35.92159412723297,0.0,0.0
2023,6,11,6,81.0426,48.42960575201197,48.42960575201197,0.0,35.378667257295156,0.0,0.0,0.0
2023,6,11,7,81.0426,137.56365913159627,83.80827300930713,0.0,0.0,0.0,53.75538612228914,0.0
2023,6,11,8,81.0426,459.39871055279906,83.80827300930713,0.0,0.0,0.0,375.59043754349193,0.0
2023,6,11,9,81.0426,745.2760982542186,83.80827300930713,0.0,0.0,0.0,661.4678252449114,0.0
2023,6,11,10,81.0426,953.0952616942271,83.80827300930713,0.0,0.0,0.0,869.2869886849201,0.0
2023,6,11,11,81.0426,862.192798623506,83.80827300930713,0.0,0.0,0.0,778.3845256141988,0.0
2023,6,11,12,81.0426,992.3570593106086,83.80827300930713,0.0,0.0,0.0,908.5487863013016,0.0
2023,6,11,13,81.0426,921.3724738137452,83.80827300930713,0.0,0.0,-0.0,837.5642008044381,0.0
2023,6,11,14,81.0426,961.7666741270826,83.80827300930713,0.0,0.0,-0.0,877.9584011177756,0.0
2023,6,11,15,81.0426,813.421920825836,121.1563598192836,37.34808680997646,0.0,34.94441963525651,692.2655610065524,0.0
2023,6,11,16,81.0426,646.5398904990755,646.5398904990755,562.7316174897683,0.0,561.4594693522438,0.0,0.0
2023,6,11,17,81.0426,387.1731357989977,387.1731357989977,303.36486278969056,0.0,845.3002219415634,0.0,0.0
2023,6,11,18,81.0426,117.13387348925161,117.13387348925161,33.325600479944484,0.0,876.4810364687754,0.0,0.0
2023,6,11,19,81.0426,45.69942938674815,45.69942938674815,0.0,38.10884362255898,837.7873682389334,0.0,0.0
2023,6,11,20,81.0426,16.039786145925863,16.039786145925863,0.0,67.76848686338127,768.9788949852912,0.0,0.0
2023,6,11,21,81.0426,0.0,0.0,0.0,83.80827300930713,683.8844863788198,0.0,0.0
2023,6,11,22,81.0426,0.0,0.0,0.0,83.80827300930713,598.7900777723485,0.0,0.0
2023,6,11,23,81.0426,0.0,0.0,0.0,83.80827300930713,513.6956691658771,0.0,0.0
2023,6,12,0,81.0426,0.0,0.0,0.0,83.80827300930713,428.6012605594057,0.0,0.0
2023,6,12,1,81.0426,0.0,0.0,0.0,83.80827300930713,343.5068519529343,0.0,0.0
2023,6,12,2,81.0426,0.0,0.0,0.0,83.80827300930713,258.4124433464629,0.0,0.0
2023,6,12,3,81.0426,0.0,0.0,0.0,83.80827300930713,173.3180347399915,0.0,0.0
2023,6,12,4,81.0426,0.0,0.0,0.0,83.80827300930713,88.22362613352013,0.0,0.0
2023,6,12,5,81.0426,18.382153368396658,18.382153368396658,0.0,65.42611964091047,21.793466456548323,0.0,0.0
2023,6,12,6,81.0426,62.34419779543136,62.34419779543136,0.0,21.464075213875766,0.0,0.0,0.0
2023,6,12,7,81.0426,149.43061890106753,83.80827300930713,0.0,0.0,0.0,65.6223458917604,0.0
2023,6,12,8,81.0426,466.89118319156347,83.80827300930713,0.0,0.0,0.0,383.08291018225634,0.0
2023,6,12,9,81.0426,790.5566937667502,83.80827300930713,0.0,0.0,0.0,706.748420757443,0.0
2023,6,12,10,81.0426,1042.710198410875,83.80827300930713,0.0,0.0,0.0,958.9019254015677,0.0
2023,6,12,11,81.0426,1039.34401505143,83.80827300930713,0.0,0.0,0.0,955.5357420421228,0.0
2023,6,12,12,81.0426,1144.114533068435,83.80827300930713,0.0,0.0,0.0,1060.306260059128,0.0
2023,6,12,13,81.0426,879.8148460720281,83.80827300930713,0.0,0.0,0.0,796.0065730627209,0.0
2023,6,12,14,81.0426,974.0990048679057,83.80827300930713,0.0,0.0,0.0,890.2907318585985,0.0
2023,6,12,15,81.0426,825.9559123209117,83.80827300930713,0.0,0.0,-0.0,742.1476393116045,0.0
2023,6,12,16,81.0426,653.5669921664878,614.2618979709538,530.4536249616467,0.0,496.31442065598117,39.305094195534025,0.0
2023,6,12,17,81.0426,409.35581876676747,409.35581876676747,325.54754575746034,0.0,800.9102118154302,0.0,0.0
2023,6,12,18,81.0426,147.10376404430846,147.10376404430846,63.295491035001334,0.0,860.1320994317961,0.0,0.0
2023,6,12,19,81.0426,58.32649507609404,58.32649507609404,0.0,25.481777933213092,834.2592739265217,0.0,0.0
2023,6,12,20,81.0426,17.73063400850412,17.73063400850412,0.0,66.077639000803,767.1675965659726,0.0,0.0
2023,6,12,21,81.0426,0.0,0.0,0.0,83.80827300930713,682.0731879595013,0.0,0.0
2023,6,12,22,81.0426,0.0,0.0,0.0,83.80827300930713,596.97877935303,0.0,0.0
2023,6,12,23,81.0426,0.0,0.0,0.0,83.80827300930713,511.8843707465586,0.0,0.0
2023,6,13,0,81.0426,0.0,0.0,0.0,83.80827300930713,426.7899621400872,0.0,0.0
2023,6,13,1,81.0426,0.0,0.0,0.0,83.80827300930713,341.6955535336158,0.0,0.0
2023,6,13,2,81.0426,0.0,0.0,0.0,83.80827300930713,256.6011449271444,0.0,0.0
2023,6,13,3,81.0426,0.0,0.0,0.0,83.80827300930713,171.50673632067299,0.0,0.0
2023,6,13,4,81.0426,0.0,0.0,0.0,83.80827300930713,86.41232771420161,0.0,0.0
2023,6,13,5,81.0426,17.99434422560348,17.99434422560348,0.0,65.81392878370364,19.58840751129099,0.0,0.0
2023,6,13,6,81.0426,64.51592899507317,64.51592899507317,0.0,19.292344014233965,0.0,0.0,0.0
2023,6,13,7,81.0426,150.2837990152125,83.80827300930713,0.0,0.0,0.0,66.47552600590538,0.0
2023,6,13,8,81.0426,362.2137393688287,83.80827300930713,0.0,0.0,0.0,278.4054663595216,0.0
2023,6,13,9,81.0426,571.3824786257575,83.80827300930713,0.0,0.0,0.0,487.57420561645034,0.0
2023,6,13,10,81.0426,863.6044239032733,83.80827300930713,0.0,0.0,0.0,779.7961508939661,0.0
2023,6,13,11,81.0426,1065.9787469784653,83.80827300930713,0.0,0.0,0.0,982.1704739691581,0.0
2023,6,13,12,81.0426,1131.0376087734492,83.80827300930713,0.0,0.0,0.0,1047.229335764142,0.0
2023,6,13,13,81.0426,945.6648385183099,83.80827300930713,0.0,0.0,0.0,861.8565655090028,0.0
2023,6,13,14,81.0426,774.423833426554,83.80827300930713,0.0,0.0,-0.0,690.6155604172468,0.0
2023,6,13,15,81.0426,616.9112719896766,415.0844464854213,331.2761734761142,0.0,309.95573294049177,201.82682550425528,0.0
2023,6,13,16,81.0426,530.5694444382032,530.5694444382032,446.76117142889603,0.0,727.9640215733615,0.0,0.0
2023,6,13,17,81.0426,250.61778043866366,250.61778043866366,166.80950742935653,0.0,884.0379178460029,0.0,0.0
2023,6,13,18,81.0426,112.68182452998593,112.68182452998593,28.873551520678802,0.0,911.0532106462028,0.0,0.0
2023,6,13,19,81.0426,40.39420031333747,40.39420031333747,0.0,43.41407269596966,866.9728984215179,0.0,0.0
2023,6,13,20,81.0426,9.633179106982553,9.633179106982553,0.0,74.17509390232458,791.6595012793666,0.0,0.0
2023,6,13,21,81.0426,0.0,0.0,0.0,83.80827300930713,706.5650926728953,0.0,0.0
2023,6,13,22,81.0426,0.0,0.0,0.0,83.80827300930713,621.4706840664239,0.0,0.0
2023,6,13,23,81.0426,0.0,0.0,0.0,83.80827300930713,536.3762754599526,0.0,0.0
2023,6,14,0,81.0426,0.0,0.0,0.0,83.80827300930713,451.2818668534812,0.0,0.0
2023,6,14,1,81.0426,0.0,0.0,0.0,83.80827300930713,366.1874582470098,0.0,0.0
2023,6,14,2,81.0426,0.0,0.0,0.0,83.80827300930713,281.09304964053837,0.0,0.0
2023,6,14,3,81.0426,0.0,0.0,0.0,83.80827300930713,195.99864103406696,0.0,0.0
2023,6,14,4,81.0426,0.0,0.0,0.0,83.80827300930713,110.90423242759556,0.0,0.0
2023,6,14,5,81.0426,10.439822123992364,10.439822123992364,0.0,73.36845088531476,36.409857179396944,0.0,0.0
2023,6,14,6,81.0426,47.948722414948584,47.948722414948584,0.0,35.85955059435855,0.0,0.0,0.0
2023,6,14,7,81.0426,110.24638311324476,83.80827300930713,0.0,0.0,0.0,26.438110103937632,0.0
2023,6,14,8,81.0426,204.4529800805637,83.80827300930713,0.0,0.0,0.0,120.64470707125656,0.0
2023,6,14,9,81.0426,415.4987155886114,83.80827300930713,0.0,0.0,0.0,331.69044257930426,0.0
2023,6,14,10,81.0426,684.9485080013118,83.80827300930713,0.0,0.0,0.0,601.1402349920047,0.0
2023,6,14,11,81.0426,1009.0638771821386,83.80827300930713,0.0,0.0,0.0,925.2556041728315,0.0
2023,6,14,12,81.0426,1056.8419635742582,83.80827300930713,0.0,0.0,0.0,973.033690564951,0.0
2023,6,14,13,81.0426,706.4021097806304,83.80827300930713,0.0,0.0,0.0,622.5938367713234,0.0
2023,6,14,14,81.0426,587.9186604744585,83.80827300930713,0.0,0.0,-0.0,504.1103874651514,0.0
2023,6,14,15,81.0426,633.3854043755308,390.2213900107253,306.4131170014182,0.0,286.6928257054476,243.1640143648055,0.0
2023,6,14,16,81.0426,531.7794089637181,531.7794089637181,447.9711359544109,0.0,705.8332073512336,0.0,0.0
2023,6,14,17,81.0426,282.97657531332646,282.97657531332646,199.16830230401933,0.0,892.1833347128891,0.0,0.0
2023,6,14,18,81.0426,99.07747980080123,99.07747980080123,15.269206791494097,0.0,906.4698381242753,0.0,0.0
2023,6,14,19,81.0426,28.759926029541962,28.759926029541962,0.0,55.04834697976517,850.5767101214259,0.0,0.0
2023,6,14,20,81.0426,12.40989256938171,12.40989256938171,0.0,71.39838043992542,778.0826383449964,0.0,0.0
2023,6,14,21,81.0426,0.0,0.0,0.0,83.80827300930713,692.9882297385251,0.0,0.0
2023,6,14,22,81.0426,0.0,0.0,0.0,83.80827300930713,607.8938211320537,0.0,0.0
2023,6,14,23,81.0426,0.0,0.0,0.0,83.80827300930713,522.7994125255824,0.0,0.0
2023,6,15,0,81.0426,0.0,0.0,0.0,83.80827300930713,437.705003919111,0.0,0.0
2023,6,15,1,81.0426,0.0,0.0,0.0,83.80827300930713,352.6105953126396,0.0,0.0
2023,6,15,2,81.0426,0.0,0.0,0.0,83.80827300930713,267.5161867061682,0.0,0.0
2023,6,15,3,81.0426,0.0,0.0,0.0,83.80827300930713,182.42177809969678,0.0,0.0
2023,6,15,4,81.0426,0.0,0.0,0.0,83.80827300930713,97.3273694932254,0.0,0.0
2023,6,15,5,81.0426,10.920705461055906,10.920705461055906,0.0,72.88756754825123,23.321257297190904,0.0,0.0
2023,6,15,6,81.0426,60.83949832139383,60.83949832139383,0.0,22.968774687913296,0.0,0.0,0.0
2023,6,15,7,81.0426,122.47012729408577,83.80827300930713,0.0,0.0,0.0,38.66185428477864,0.0
2023,6,15,8,81.0426,375.69398517231957,83.80827300930713,0.0,0.0,0.0,291.88571216301244,0.0
2023,6,15,9,81.0426,550.3787354520789,83.80827300930713,0.0,0.0,0.0,466.57046244277177,0.0
2023,6,15,10,81.0426,774.5634447179594,83.80827300930713,0.0,0.0,0.0,690.7551717086524,0.0
2023,6,15,11,81.0426,902.959295713925,83.80827300930713,0.0,0.0,0.0,819.1510227046178,0.0
2023,6,15,12,81.0426,937.8621185653112,83.80827300930713,0.0,0.0,0.0,854.053845556004,0.0
2023,6,15,13,81.0426,895.6529714637015,83.80827300930713,0.0,0.0,0.0,811.8446984543943,0.0
2023,6,15,14,81.0426,819.1304714077514,83.80827300930713,0.0,0.0,-0.0,735.3221983984442,0.0
2023,6,15,15,81.0426,772.8570844896695,361.7918445448928,277.98357153558567,0.0,260.09296339249283,411.06523994477675,0.0
2023,6,15,16,81.0426,495.32534954115926,495.32534954115926,411.5170765318521,0.0,645.1254145209332,0.0,0.0
2023,6,15,17,81.0426,309.6578443374971,309.6578443374971,225.84957132819,0.0,856.4396442186884,0.0,0.0
2023,6,15,18,81.0426,119.55380254028105,119.55380254028105,35.745529530973926,0.0,889.8846447717326,0.0,0.0
2023,6,15,19,81.0426,40.4717621418961,40.4717621418961,0.0,43.33651086741103,845.8830846522354,0.0,0.0
2023,6,15,20,81.0426,15.109044203222235,15.109044203222235,0.0,68.6992288060849,776.1295861363401,0.0,0.0
2023,6,15,21,81.0426,0.0,0.0,0.0,83.80827300930713,691.0351775298687,0.0,0.0
2023,6,15,22,81.0426,0.0,0.0,0.0,83.80827300930713,605.9407689233974,0.0,0.0
2023,6,15,23,81.0426,0.0,0.0,0.0,83.80827300930713,520.846360316926,0.0,0.0
2023,6,16,0,81.0426,0.0,0.0,0.0,83.80827300930713,435.75195171045465,0.0,0.0
2023,6,16,1,81.0426,0.0,0.0,0.0,83.80827300930713,350.65754310398324,0.0,0.0
2023,6,16,2,81.0426,0.0,0.0,0.0,83.80827300930713,265.56313449751184,0.0,0.0
2023,6,16,3,81.0426,0.0,0.0,0.0,83.80827300930713,180.46872589104046,0.0,0.0
2023,6,16,4,81.0426,0.0,0.0,0.0,83.80827300930713,95.37431728456907,0.0,0.0
2023,6,16,5,81.0426,15.574415174573891,15.574415174573891,0.0,68.23385783473324,26.09333139980012,0.0,0.0
2023,6,16,6,81.0426,58.10932195612986,58.10932195612986,0.0,25.698951053177268,0.0,0.0,0.0
2023,6,16,7,81.0426,145.10266886749565,83.80827300930713,0.0,0.0,0.0,61.29439585818852,0.0
2023,6,16,8,81.0426,252.6809250783232,83.80827300930713,0.0,-0.0,0.0,168.87265206901608,0.0
2023,6,16,9,81.0426,460.8258481982781,83.80827300930713,0.0,0.0,0.0,377.01757518897097,0.0
2023,6,16,10,81.0426,587.8410986458999,83.80827300930713,0.0,0.0,0.0,504.0328256365928,0.0
2023,6,16,11,81.0426,751.2328466875218,83.80827300930713,0.0,0.0,0.0,667.4245736782148,0.0
2023,6,16,12,81.0426,755.2505494068592,83.80827300930713,0.0,0.0,0.0,671.4422763975522,0.0
2023,6,16,13,81.0426,849.4261216427548,83.80827300930713,0.0,0.0,-0.0,765.6178486334477,0.0
2023,6,16,14,81.0426,972.4236693710392,216.7668833915557,132.95861038224857,0.0,124.40159248202184,755.6567859794835,0.0
2023,6,16,15,81.0426,390.4772696955955,390.4772696955955,306.6689966862884,0.0,411.33382983738164,0.0,0.0
2023,6,16,16,81.0426,383.1399207139486,383.1399207139486,299.33164770464145,0.0,691.400939050314,0.0,0.0
2023,6,16,17,81.0426,205.94216718888947,205.94216718888947,122.13389417958233,0.0,805.6744779229743,0.0,0.0
2023,6,16,18,81.0426,150.36136084377117,150.36136084377117,66.55308783446404,0.0,867.9443082664221,0.0,0.0
2023,6,16,19,81.0426,73.93193498209138,73.93193498209138,0.0,9.876338027215754,857.9164063249253,0.0,0.0
2023,6,16,20,81.0426,13.526782900626065,13.526782900626065,0.0,70.28149010868107,786.5563648631996,0.0,0.0
2023,6,16,21,81.0426,0.0,0.0,0.0,83.80827300930713,701.4619562567283,0.0,0.0
2023,6,16,22,81.0426,0.0,0.0,0.0,83.80827300930713,616.3675476502569,0.0,0.0
2023,6,16,23,81.0426,0.0,0.0,0.0,83.80827300930713,531.2731390437856,0.0,0.0
2023,6,17,0,81.0426,0.0,0.0,0.0,83.80827300930713,446.1787304373142,0.0,0.0
2023,6,17,1,81.0426,0.0,0.0,0.0,83.80827300930713,361.0843218308428,0.0,0.0
2023,6,17,2,81.0426,0.0,0.0,0.0,83.80827300930713,275.9899132243714,0.0,0.0
2023,6,17,3,81.0426,0.0,0.0,0.0,83.80827300930713,190.89550461789997,0.0,0.0
2023,6,17,4,81.0426,0.0,0.0,0.0,83.80827300930713,105.8010960114286,0.0,0.0
2023,6,17,5,81.0426,13.294097414950157,13.294097414950157,0.0,70.51417559435697,34.20479823413961,0.0,0.0
2023,6,17,6,81.0426,50.12045361459038,50.12045361459038,0.0,33.68781939471675,0.0,0.0,0.0
2023,6,17,7,81.0426,148.6705129811929,83.80827300930713,0.0,0.0,0.0,64.86223997188577,0.0
2023,6,17,8,81.0426,264.3617364592539,83.80827300930713,0.0,0.0,0.0,180.55346344994678,0.0
2023,6,17,9,81.0426,528.4752750671202,83.80827300930713,0.0,0.0,0.0,444.667002057813,0.0
2023,6,17,10,81.0426,711.5367028312121,83.80827300930713,0.0,0.0,0.0,627.7284298219049,0.0
2023,6,17,11,81.0426,895.9477064122244,83.80827300930713,0.0,0.0,0.0,812.1394334029173,0.0
2023,6,17,12,81.0426,929.8112007609246,83.80827300930713,0.0,0.0,0.0,846.0029277516176,0.0
2023,6,17,13,81.0426,1014.2450073298555,83.80827300930713,0.0,0.0,0.0,930.4367343205483,0.0
2023,6,17,14,81.0426,796.3738309086477,83.80827300930713,0.0,0.0,-0.0,712.5655578993405,0.0
2023,6,17,15,81.0426,730.1670540509964,274.5412095189983,190.7329365096912,0.0,178.45764913128056,455.6258445319981,0.0
2023,6,17,16,81.0426,592.4637836279946,592.4637836279946,508.6555106186875,0.0,654.3768495787075,0.0,0.0
2023,6,17,17,81.0426,287.6768221239796,287.6768221239796,203.86854911467248,0.0,845.1247228751524,0.0,0.0
2023,6,17,18,81.0426,93.78776309310228,93.78776309310228,9.979490083795154,0.0,854.4619478582771,0.0,0.0
2023,6,17,19,81.0426,53.95200794538699,53.95200794538699,0.0,29.85626506392014,824.147503620413,0.0,0.0
2023,6,17,20,81.0426,19.964414670992827,19.964414670992827,0.0,63.843858338314305,759.3238868892715,0.0,0.0
2023,6,17,21,81.0426,0.0,0.0,0.0,83.80827300930713,674.2294782828002,0.0,0.0
2023,6,17,22,81.0426,0.0,0.0,0.0,83.80827300930713,589.1350696763288,0.0,0.0
2023,6,17,23,81.0426,0.0,0.0,0.0,83.80827300930713,504.0406610698575,0.0,0.0
2023,6,18,0,81.0426,0.0,0.0,0.0,83.80827300930713,418.9462524633861,0.0,0.0
2023,6,18,1,81.0426,0.0,0.0,0.0,83.80827300930713,333.8518438569147,0.0,0.0
2023,6,18,2,81.0426,0.0,0.0,0.0,83.80827300930713,248.75743525044328,0.0,0.0
2023,6,18,3,81.0426,0.0,0.0,0.0,83.80827300930713,163.66302664397188,0.0,0.0
2023,6,18,4,81.0426,0.0,0.0,0.0,83.80827300930713,78.5686180375005,0.0,0.0
2023,6,18,5,81.0426,17.06360228289985,17.06360228289985,0.0,66.74467072640728,10.799672572336746,0.0,0.0
2023,6,18,6,81.0426,73.17182906221691,73.17182906221691,0.0,10.636443947090216,0.0,0.0,0.0
2023,6,18,7,81.0426,172.57506854296443,83.80827300930713,0.0,0.0,0.0,88.7667955336573,0.0
2023,6,18,8,81.0426,392.64900089523735,83.80827300930713,0.0,0.0,0.0,308.8407278859302,0.0
2023,6,18,9,81.0426,691.0914048231558,83.80827300930713,0.0,0.0,0.0,607.2831318138487,0.0
2023,6,18,10,81.0426,862.3944593777587,83.80827300930713,0.0,0.0,0.0,778.5861863684515,0.0
2023,6,18,11,81.0426,1080.265635798966,83.80827300930713,0.0,0.0,0.0,996.4573627896589,0.0
2023,6,18,12,81.0426,1126.5235103513367,83.80827300930713,0.0,0.0,0.0,1042.7152373420295,0.0
2023,6,18,13,81.0426,1047.1157102730053,83.80827300930713,0.0,0.0,0.0,963.3074372636981,0.0
2023,6,18,14,81.0426,971.7256129140114,83.80827300930713,0.0,0.0,-0.0,887.9173399047042,0.0
2023,6,18,15,81.0426,813.763192871494,336.6361573492524,252.82788433994529,0.0,236.55625871334195,477.12703552224156,0.0
2023,6,18,16,81.0426,528.1029782900388,528.1029782900388,444.29470528073165,0.0,652.2568192814213,0.0,0.0
2023,6,18,17,81.0426,309.3165722918391,309.3165722918391,225.508299282532,0.0,863.2517406934822,0.0,0.0
2023,6,18,18,81.0426,126.76705259623418,126.76705259623418,42.958779586927044,0.0,903.445757285065,0.0,0.0
2023,6,18,19,81.0426,37.47787555953277,37.47787555953277,0.0,46.33039744977436,856.4043659053202,0.0,0.0
2023,6,18,20,81.0426,12.518479129363802,12.518479129363802,0.0,71.28979387994332,784.0205470761537,0.0,0.0
2023,6,18,21,81.0426,0.0,0.0,0.0,83.80827300930713,698.9261384696823,0.0,0.0
2023,6,18,22,81.0426,0.0,0.0,0.0,83.80827300930713,613.831729863211,0.0,0.0
2023,6,18,23,81.0426,0.0,0.0,0.0,83.80827300930713,528.7373212567396,0.0,0.0
2023,6,19,0,81.0426,0.0,0.0,0.0,83.80827300930713,443.6429126502683,0.0,0.0
2023,6,19,1,81.0426,0.0,0.0,0.0,83.80827300930713,358.54850404379687,0.0,0.0
2023,6,19,2,81.0426,0.0,0.0,0.0,83.80827300930713,273.45409543732546,0.0,0.0
2023,6,19,3,81.0426,0.0,0.0,0.0,83.80827300930713,188.35968683085406,0.0,0.0
2023,6,19,4,81.0426,0.0,0.0,0.0,83.80827300930713,103.26527822438266,0.0,0.0
2023,6,19,5,81.0426,15.078019471798777,15.078019471798777,0.0,68.73025353750835,33.48027886641219,0.0,0.0
2023,6,19,6,81.0426,50.834022437329835,50.834022437329835,0.0,32.974250571977294,0.0,0.0,0.0
2023,6,19,7,81.0426,151.21454095791614,83.80827300930713,0.0,0.0,0.0,67.40626794860901,0.0
2023,6,19,8,81.0426,430.9645442032034,83.80827300930713,0.0,0.0,0.0,347.15627119389626,0.0
2023,6,19,9,81.0426,567.9077087063305,83.80827300930713,0.0,0.0,0.0,484.09943569702335,0.0
2023,6,19,10,81.0426,621.3322962175188,83.80827300930713,0.0,0.0,0.0,537.5240232082117,0.0
2023,6,19,11,81.0426,569.52099474035,83.80827300930713,0.0,0.0,0.0,485.7127217310429,0.0
2023,6,19,12,81.0426,496.08545546103386,83.80827300930713,0.0,0.0,0.0,412.27718245172673,0.0
2023,6,19,13,81.0426,569.3658710832328,83.80827300930713,0.0,0.0,0.0,485.5575980739257,0.0
2023,6,19,14,81.0426,652.015755595315,83.80827300930713,0.0,0.0,-0.0,568.2074825860079,0.0
2023,6,19,15,81.0426,512.4044641897708,314.8322437625971,231.02397075328994,0.0,216.15561249176818,197.5722204271737,0.0
2023,6,19,16,81.0426,465.78980522603075,465.78980522603075,381.9815322167236,0.0,573.5533828946654,0.0,0.0
2023,6,19,17,81.0426,328.8311283571919,328.8311283571919,245.02285534788476,0.0,802.8069326432459,0.0,0.0
2023,6,19,18,81.0426,149.7563785810138,149.7563785810138,65.94810557170666,0.0,864.5107164802356,0.0,0.0
2023,6,19,19,81.0426,58.49713109892304,58.49713109892304,0.0,25.31114191038409,838.8111456063743,0.0,0.0
2023,6,19,20,81.0426,17.23423830572885,17.23423830572885,0.0,66.57403470357828,771.2154547726236,0.0,0.0
2023,6,19,21,81.0426,0.0,0.0,0.0,83.80827300930713,686.1210461661523,0.0,0.0
2023,6,19,22,81.0426,0.0,0.0,0.0,83.80827300930713,601.0266375596809,0.0,0.0
2023,6,19,23,81.0426,0.0,0.0,0.0,83.80827300930713,515.9322289532096,0.0,0.0
2023,6,20,0,81.0426,0.0,0.0,0.0,83.80827300930713,430.83782034673817,0.0,0.0
2023,6,20,1,81.0426,0.0,0.0,0.0,83.80827300930713,345.74341174026677,0.0,0.0
2023,6,20,2,81.0426,0.0,0.0,0.0,83.80827300930713,260.64900313379536,0.0,0.0
2023,6,20,3,81.0426,0.0,0.0,0.0,83.80827300930713,175.55459452732396,0.0,0.0
2023,6,20,4,81.0426,0.0,0.0,0.0,83.80827300930713,90.46018592085257,0.0,0.0
2023,6,20,5,81.0426,17.497948522828214,17.497948522828214,0.0,66.31032448647892,23.132252244740275,0.0,0.0
2023,6,20,6,81.0426,61.02564670993456,61.02564670993456,0.0,22.78262629937257,0.0,0.0,0.0
2023,6,20,7,81.0426,150.71814525514088,83.80827300930713,0.0,0.0,0.0,66.90987224583375,0.0
2023,6,20,8,81.0426,317.2123664391083,83.80827300930713,0.0,0.0,0.0,233.40409342980115,0.0
2023,6,20,9,81.0426,467.21694287150973,83.80827300930713,0.0,0.0,0.0,383.4086698622026,0.0
2023,6,20,10,81.0426,537.7982068598682,83.80827300930713,0.0,0.0,0.0,453.98993385056104,0.0
2023,6,20,11,81.0426,558.2279925022128,83.80827300930713,0.0,0.0,-0.0,474.4197194929057,0.0
2023,6,20,12,81.0426,630.5466414502847,83.80827300930713,0.0,0.0,-0.0,546.7383684409776,0.0
2023,6,20,13,81.0426,494.7358796441136,223.56149596035362,139.7532229510465,0.0,130.75891391781863,271.17438368375997,0.0
2023,6,20,14,81.0426,408.2389284355231,408.2389284355231,324.430655426216,0.0,434.3096961422682,0.0,0.0
2023,6,20,15,81.0426,332.9263929050879,332.9263929050879,249.11811989578075,0.0,667.3949453191802,0.0,0.0
2023,6,20,16,81.0426,262.73293805952255,262.73293805952255,178.92466505021542,0.0,834.8042857339693,0.0,0.0
2023,6,20,17,81.0426,126.64295367054036,126.64295367054036,42.834680661233236,0.0,874.8821902216633,0.0,0.0
2023,6,20,18,81.0426,111.23917451879531,111.23917451879531,27.430901509488177,0.0,900.5476798141556,0.0,0.0
2023,6,20,19,81.0426,43.20193850716008,43.20193850716008,0.0,40.60633450214705,859.3181937972676,0.0,0.0
2023,6,20,20,81.0426,10.594945781109637,10.594945781109637,0.0,73.2133272281975,784.9813227594444,0.0,0.0
2023,6,20,21,81.0426,0.0,0.0,0.0,83.80827300930713,699.8869141529731,0.0,0.0
2023,6,20,22,81.0426,0.0,0.0,0.0,83.80827300930713,614.7925055465017,0.0,0.0
2023,6,20,23,81.0426,0.0,0.0,0.0,83.80827300930713,529.6980969400304,0.0,0.0
2023,6,21,0,81.0426,0.0,0.0,0.0,83.80827300930713,444.603688333559,0.0,0.0
2023,6,21,1,81.0426,0.0,0.0,0.0,83.80827300930713,359.5092797270876,0.0,0.0
2023,6,21,2,81.0426,0.0,0.0,0.0,83.80827300930713,274.41487112061617,0.0,0.0
2023,6,21,3,81.0426,0.0,0.0,0.0,83.80827300930713,189.32046251414477,0.0,0.0
2023,6,21,4,81.0426,0.0,0.0,0.0,83.80827300930713,104.22605390767336,0.0,0.0
2023,6,21,5,81.0426,15.7760759288265,15.7760759288265,0.0,68.03219708048063,35.14982349639275,0.0,0.0
2023,6,21,6,81.0426,49.18971167188676,49.18971167188676,0.0,34.618561337420374,0.0,0.0,0.0
2023,6,21,7,81.0426,135.67115051476554,83.80827300930713,0.0,0.0,0.0,51.862877505458414,0.0
2023,6,21,8,81.0426,221.36145870634627,83.80827300930713,0.0,0.0,0.0,137.55318569703914,0.0
2023,6,21,9,81.0426,595.4886949417814,83.80827300930713,0.0,0.0,0.0,511.6804219324743,0.0
2023,6,21,10,81.0426,908.4041360787412,83.80827300930713,0.0,0.0,0.0,824.595863069434,0.0
2023,6,21,11,81.0426,932.122543251972,83.80827300930713,0.0,0.0,0.0,848.3142702426649,0.0
2023,6,21,12,81.0426,965.1949069493744,83.80827300930713,0.0,0.0,0.0,881.3866339400672,0.0
2023,6,21,13,81.0426,975.386531221979,83.80827300930713,0.0,0.0,0.0,891.5782582126719,0.0
2023,6,21,14,81.0426,1040.3212940912688,83.80827300930713,0.0,0.0,-0.0,956.5130210819616,0.0
2023,6,21,15,81.0426,882.2192627573459,202.17759743602028,118.36932442671315,0.0,110.75125121546995,680.0416653213256,0.0
2023,6,21,16,81.0426,600.3906025066872,600.3906025066872,516.58232949738,0.0,594.0871122987962,0.0,0.0
2023,6,21,17,81.0426,354.7522914614879,354.7522914614879,270.9440184521808,0.0,847.5935777471573,0.0,0.0
2023,6,21,18,81.0426,134.4456736235391,134.4456736235391,50.63740061423197,0.0,894.9720307668618,0.0,0.0
2023,6,21,19,81.0426,43.31052506714217,43.31052506714217,0.0,40.497747942164956,853.8527976972367,0.0,0.0
2023,6,21,20,81.0426,13.759468386301972,13.759468386301972,0.0,70.04880462300515,782.7290125510743,0.0,0.0
2023,6,21,21,81.0426,0.0,0.0,0.0,83.80827300930713,697.634603944603,0.0,0.0
2023,6,21,22,81.0426,0.0,0.0,0.0,83.80827300930713,612.5401953381316,0.0,0.0
2023,6,21,23,81.0426,0.0,0.0,0.0,83.80827300930713,527.4457867316603,0.0,0.0
2023,6,22,0,81.0426,0.0,0.0,0.0,83.80827300930713,442.35137812518894,0.0,0.0
2023,6,22,1,81.0426,0.0,0.0,0.0,83.80827300930713,357.25696951871754,0.0,0.0
2023,6,22,2,81.0426,0.0,0.0,0.0,83.80827300930713,272.16256091224614,0.0,0.0
2023,6,22,3,81.0426,0.0,0.0,0.0,83.80827300930713,187.06815230577473,0.0,0.0
2023,6,22,4,81.0426,0.0,0.0,0.0,83.80827300930713,101.97374369930336,0.0,0.0
2023,6,22,5,81.0426,16.008761414502406,16.008761414502406,0.0,67.79951159480473,33.13376960358604,0.0,0.0
2023,6,22,6,81.0426,51.17529448298783,51.17529448298783,0.0,32.6329785263193,0.0,0.0,0.0
2023,6,22,7,81.0426,125.02966763652057,83.80827300930713,0.0,0.0,0.0,41.22139462721344,0.0
2023,6,22,8,81.0426,381.7903448970283,83.80827300930713,0.0,0.0,0.0,297.9820718877212,0.0
2023,6,22,9,81.0426,619.4863246978233,83.80827300930713,0.0,0.0,0.0,535.6780516885162,0.0
2023,6,22,10,81.0426,853.614460384921,83.80827300930713,0.0,0.0,0.0,769.806187375614,0.0
2023,6,22,11,81.0426,1074.0451771485637,83.80827300930713,0.0,0.0,0.0,990.2369041392565,0.0
2023,6,22,12,81.0426,1156.3693019806997,83.80827300930713,0.0,0.0,0.0,1072.5610289713925,0.0
2023,6,22,13,81.0426,1112.407257553665,83.80827300930713,0.0,0.0,0.0,1028.5989845443578,0.0
2023,6,22,14,81.0426,1114.5634763875948,83.80827300930713,0.0,0.0,-0.0,1030.7552033782877,0.0
2023,6,22,15,81.0426,803.0441481646903,189.25195587640235,105.4436828670952,0.0,98.65748467229196,613.792192288288,0.0
2023,6,22,16,81.0426,645.1748023164434,645.1748023164434,561.3665293071364,0.0,623.8953012465022,0.0,0.0
2023,6,22,17,81.0426,391.4080116382992,391.4080116382992,307.59973862899204,0.0,911.6983793810283,0.0,0.0
2023,6,22,18,81.0426,147.89489469560652,147.89489469560652,64.0866216862994,0.0,971.6604816596855,0.0,0.0
2023,6,22,19,81.0426,59.024551533121766,59.024551533121766,0.0,24.783721476185363,946.496425101101,0.0,0.0
2023,6,22,20,81.0426,16.598231311548037,16.598231311548037,0.0,67.2100416977591,878.2549670048106,0.0,0.0
2023,6,22,21,81.0426,0.0,0.0,0.0,83.80827300930713,793.1605583983393,0.0,0.0
2023,6,22,22,81.0426,0.0,0.0,0.0,83.80827300930713,708.0661497918679,0.0,0.0
2023,6,22,23,81.0426,0.0,0.0,0.0,83.80827300930713,622.9717411853966,0.0,0.0
2023,6,23,0,81.0426,0.0,0.0,0.0,83.80827300930713,537.8773325789252,0.0,0.0
2023,6,23,1,81.0426,0.0,0.0,0.0,83.80827300930713,452.78292397245383,0.0,0.0
2023,6,23,2,81.0426,0.0,0.0,0.0,83.80827300930713,367.6885153659824,0.0,0.0
2023,6,23,3,81.0426,0.0,0.0,0.0,83.80827300930713,282.594106759511,0.0,0.0
2023,6,23,4,81.0426,0.0,0.0,0.0,83.80827300930713,197.49969815303962,0.0,0.0
2023,6,23,5,81.0426,0.9462543084153554,0.0,0.0,83.80827300930713,112.40528954656824,0.9462543084153554,0.0
2023,6,23,6,81.0426,12.425404935093438,12.425404935093438,0.0,71.38286807421369,39.92696819117633,0.0,0.0
2023,6,23,7,81.0426,95.78885826991508,95.78885826991508,11.98058526060795,0.0,51.13650084950842,0.0,0.0
2023,6,23,8,81.0426,33.44466047448371,33.44466047448371,0.0,50.36361253482342,0.0,0.0,0.0
2023,6,23,9,81.0426,143.53591993061121,83.80827300930713,0.0,0.0,0.0,59.727646921304085,0.0
2023,6,23,10,81.0426,256.45042994627306,83.80827300930713,0.0,-0.0,0.0,172.64215693696593,0.0
2023,6,23,11,81.0426,415.1419311772417,83.80827300930713,0.0,0.0,-0.0,331.3336581679346,0.0
2023,6,23,12,81.0426,498.4433350492164,143.45054159550043,59.64226858619329,0.0,55.8037811167851,354.992793453716,0.0
2023,6,23,13,81.0426,420.9280435877159,420.9280435877159,337.11977057840875,0.0,371.22702596386813,0.0,0.0
2023,6,23,14,81.0426,415.12641881152996,415.12641881152996,331.31814580222283,0.0,681.2220299541481,0.0,0.0
2023,6,23,15,81.0426,447.5472631490397,447.5472631490397,363.73899013973255,0.0,1021.5513210853865,0.0,0.0
2023,6,23,16,81.0426,107.03532341091727,107.03532341091727,23.227050401610143,0.0,1043.2835131586444,0.0,0.0
2023,6,23,17,81.0426,46.025189066694416,46.025189066694416,0.0,37.78308394261271,1004.9206037705909,0.0,0.0
2023,6,23,18,81.0426,14.984945277528416,14.984945277528416,0.0,68.8233277317787,935.0411018863952,0.0,0.0
2023,6,23,19,81.0426,5.134593050581683,5.134593050581683,0.0,78.67367995872544,855.1600826433536,0.0,0.0
2023,6,23,20,81.0426,2.4044166853177065,2.4044166853177065,0.0,81.40385632398942,772.5069892977028,0.0,0.0
2023,6,23,21,81.0426,0.0,0.0,0.0,83.80827300930713,687.4125806912315,0.0,0.0
2023,6,23,22,81.0426,0.0,0.0,0.0,83.80827300930713,602.3181720847601,0.0,0.0
2023,6,23,23,81.0426,0.0,0.0,0.0,83.80827300930713,517.2237634782888,0.0,0.0
2023,6,24,0,81.0426,0.0,0.0,0.0,83.80827300930713,432.12935487181744,0.0,0.0
2023,6,24,1,81.0426,0.0,0.0,0.0,83.80827300930713,347.03494626534604,0.0,0.0
2023,6,24,2,81.0426,0.0,0.0,0.0,83.80827300930713,261.94053765887463,0.0,0.0
2023,6,24,3,81.0426,0.0,0.0,0.0,83.80827300930713,176.84612905240326,0.0,0.0
2023,6,24,4,81.0426,0.0,0.0,0.0,83.80827300930713,91.75172044593187,0.0,0.0
2023,6,24,5,81.0426,12.502966763652072,12.502966763652072,0.0,71.30530624565506,19.352151195727703,0.0,0.0
2023,6,24,6,81.0426,64.74861448074907,64.74861448074907,0.0,19.05965852855806,0.0,0.0,0.0
2023,6,24,7,81.0426,137.37751074305555,83.80827300930713,0.0,0.0,0.0,53.56923773374842,0.0
2023,6,24,8,81.0426,420.3851107878055,83.80827300930713,0.0,0.0,0.0,336.5768377784984,0.0
2023,6,24,9,81.0426,630.7793269359606,83.80827300930713,0.0,0.0,0.0,546.9710539266534,0.0
2023,6,24,10,81.0426,738.0628481982656,83.80827300930713,0.0,0.0,0.0,654.2545751889584,0.0
2023,6,24,11,81.0426,849.5967576655837,83.80827300930713,0.0,0.0,0.0,765.7884846562765,0.0
2023,6,24,12,81.0426,891.883466595752,83.80827300930713,0.0,0.0,0.0,808.0751935864448,0.0
2023,6,24,13,81.0426,1147.2014938450689,83.80827300930713,0.0,0.0,0.0,1063.3932208357617,0.0
2023,6,24,14,81.0426,1204.5817346127474,83.80827300930713,0.0,0.0,0.0,1120.7734616034402,0.0
2023,6,24,15,81.0426,947.4797853065818,83.80827300930713,0.0,0.0,-0.0,863.6715122972746,0.0
2023,6,24,16,81.0426,709.0857490487592,664.2762816817462,580.468008672439,0.0,543.109953211127,44.809467367012985,0.0
2023,6,24,17,81.0426,364.9594280998044,364.9594280998044,281.1511550904973,0.0,806.166639204345,0.0,0.0
2023,6,24,18,81.0426,166.41665935540874,166.41665935540874,82.60838634610161,0.0,883.458472988411,0.0,0.0
2023,6,24,19,81.0426,52.540382665619816,52.540382665619816,0.0,31.267890343687313,851.7107404361296,0.0,0.0
2023,6,24,20,81.0426,16.10183560877277,16.10183560877277,0.0,67.70643740053437,782.9652688666376,0.0,0.0
2023,6,24,21,81.0426,0.0,0.0,0.0,83.80827300930713,697.8708602601663,0.0,0.0
2023,6,24,22,81.0426,0.0,0.0,0.0,83.80827300930713,612.776451653695,0.0,0.0
2023,6,24,23,81.0426,0.0,0.0,0.0,83.80827300930713,527.6820430472236,0.0,0.0
2023,6,25,0,81.0426,0.0,0.0,0.0,83.80827300930713,442.58763444075225,0.0,0.0
2023,6,25,1,81.0426,0.0,0.0,0.0,83.80827300930713,357.49322583428085,0.0,0.0
2023,6,25,2,81.0426,0.0,0.0,0.0,83.80827300930713,272.39881722780945,0.0,0.0
2023,6,25,3,81.0426,0.0,0.0,0.0,83.80827300930713,187.30440862133804,0.0,0.0
2023,6,25,4,81.0426,0.0,0.0,0.0,83.80827300930713,102.21000001486665,0.0,0.0
2023,6,25,5,81.0426,10.641482878244817,10.641482878244817,0.0,73.16679013106231,27.920380240156206,0.0,0.0
2023,6,25,6,81.0426,56.30988753356951,56.30988753356951,0.0,27.498385475737624,0.0,0.0,0.0
2023,6,25,7,81.0426,127.52715851610864,83.80827300930713,0.0,0.0,0.0,43.71888550680151,0.0
2023,6,25,8,81.0426,117.70783102058539,83.80827300930713,0.0,0.0,0.0,33.89955801127826,0.0
2023,6,25,9,81.0426,195.45580796776196,83.80827300930713,0.0,0.0,0.0,111.64753495845483,0.0
2023,6,25,10,81.0426,293.47844690016575,83.80827300930713,0.0,0.0,0.0,209.67017389085862,0.0
2023,6,25,11,81.0426,646.6950141561927,83.80827300930713,0.0,0.0,0.0,562.8867411468855,0.0
2023,6,25,12,81.0426,862.6736819605698,83.80827300930713,0.0,0.0,0.0,778.8654089512627,0.0
2023,6,25,13,81.0426,971.2912666740831,83.80827300930713,0.0,0.0,-0.0,887.4829936647759,0.0
2023,6,25,14,81.0426,703.5012973925374,83.80827300930713,0.0,0.0,-0.0,619.6930243832303,0.0
2023,6,25,15,81.0426,512.109729241248,407.2829301505978,323.47465714129066,0.0,302.65631056358546,104.82679909065024,0.0
2023,6,25,16,81.0426,501.60785765440875,501.60785765440875,417.7995846451016,0.0,693.5669369513981,0.0,0.0
2023,6,25,17,81.0426,277.00431451431155,277.00431451431155,193.19604150500442,0.0,874.3291693134033,0.0,0.0
2023,6,25,18,81.0426,121.4928482542468,121.4928482542468,37.684575244939666,0.0,909.5884214897105,0.0,0.0
2023,6,25,19,81.0426,38.873988473588206,38.873988473588206,0.0,44.93428453571893,863.9645680033454,0.0,0.0
2023,6,25,20,81.0426,12.239256546552712,12.239256546552712,0.0,71.56901646275442,791.2972415955029,0.0,0.0
2023,6,25,21,81.0426,0.0,0.0,0.0,83.80827300930713,706.2028329890315,0.0,0.0
2023,6,25,22,81.0426,0.0,0.0,0.0,83.80827300930713,621.1084243825602,0.0,0.0
2023,6,25,23,81.0426,0.0,0.0,0.0,83.80827300930713,536.0140157760889,0.0,0.0
2023,6,26,0,81.0426,0.0,0.0,0.0,83.80827300930713,450.91960716961745,0.0,0.0
2023,6,26,1,81.0426,0.0,0.0,0.0,83.80827300930713,365.82519856314605,0.0,0.0
2023,6,26,2,81.0426,0.0,0.0,0.0,83.80827300930713,280.73078995667464,0.0,0.0
2023,6,26,3,81.0426,0.0,0.0,0.0,83.80827300930713,195.63638135020324,0.0,0.0
2023,6,26,4,81.0426,0.0,0.0,0.0,83.80827300930713,110.54197274373186,0.0,0.0
2023,6,26,5,81.0426,12.999362466427343,12.999362466427343,0.0,70.80891054287979,38.64641696672938,0.0,0.0
2023,6,26,6,81.0426,45.74596648388333,45.74596648388333,0.0,38.0623065254238,0.0,0.0,0.0
2023,6,26,7,81.0426,117.19592295209837,83.80827300930713,0.0,0.0,0.0,33.38764994279124,0.0
2023,6,26,8,81.0426,384.62910782227425,83.80827300930713,0.0,0.0,0.0,300.8208348129671,0.0
2023,6,26,9,81.0426,658.7636346799164,83.80827300930713,0.0,0.0,0.0,574.9553616706094,0.0
2023,6,26,10,81.0426,945.0753686212641,83.80827300930713,0.0,0.0,0.0,861.2670956119571,0.0
2023,6,26,11,81.0426,925.8245227730109,83.80827300930713,0.0,0.0,0.0,842.0162497637039,0.0
2023,6,26,12,81.0426,979.2956473813342,83.80827300930713,0.0,0.0,0.0,895.487374372027,0.0
2023,6,26,13,81.0426,1045.9057457474908,83.80827300930713,0.0,0.0,0.0,962.0974727381836,0.0
2023,6,26,14,81.0426,1018.1696358549226,83.80827300930713,0.0,0.0,-0.0,934.3613628456155,0.0
2023,6,26,15,81.0426,931.8898577662962,279.9527105020539,196.1444374927468,0.0,183.520873980538,651.9371472642424,0.0
2023,6,26,16,81.0426,640.5831420657722,640.5831420657722,556.7748690564651,0.0,704.4625427108613,0.0,0.0
2023,6,26,17,81.0426,283.628094673219,283.628094673219,199.81982166391185,0.0,891.4222586179332,0.0,0.0
2023,6,26,18,81.0426,97.43316903535816,97.43316903535816,13.624896026051031,0.0,904.1702766527924,0.0,0.0
2023,6,26,19,81.0426,46.4129982094876,46.4129982094876,0.0,37.39527479981954,866.2011277906778,0.0,0.0
2023,6,26,20,81.0426,8.655900067143744,8.655900067143744,0.0,75.15237294216338,789.8954541231607,0.0,0.0
2023,6,26,21,81.0426,0.0,0.0,0.0,83.80827300930713,704.8010455166893,0.0,0.0
2023,6,26,22,81.0426,0.0,0.0,0.0,83.80827300930713,619.706636910218,0.0,0.0
2023,6,26,23,81.0426,0.0,0.0,0.0,83.80827300930713,534.6122283037466,0.0,0.0
2023,6,27,0,81.0426,0.0,0.0,0.0,83.80827300930713,449.5178196972753,0.0,0.0
2023,6,27,1,81.0426,0.0,0.0,0.0,83.80827300930713,364.4234110908039,0.0,0.0
2023,6,27,2,81.0426,0.0,0.0,0.0,83.80827300930713,279.3290024843325,0.0,0.0
2023,6,27,3,81.0426,0.0,0.0,0.0,83.80827300930713,194.23459387786107,0.0,0.0
2023,6,27,4,81.0426,0.0,0.0,0.0,83.80827300930713,109.1401852713897,0.0,0.0
2023,6,27,5,81.0426,12.099645255147168,12.099645255147168,0.0,71.70862775415996,36.33110507420918,0.0,0.0
2023,6,27,6,81.0426,48.02628424350722,48.02628424350722,0.0,35.78198876579991,0.0,0.0,0.0
2023,6,27,7,81.0426,117.08733639211646,83.80827300930713,0.0,0.0,0.0,33.279063382809326,0.0
2023,6,27,8,81.0426,383.60529168530024,83.80827300930713,0.0,0.0,0.0,299.7970186759931,0.0
2023,6,27,9,81.0426,619.2381268464356,83.80827300930713,0.0,0.0,0.0,535.4298538371286,0.0
2023,6,27,10,81.0426,859.1678873097193,83.80827300930713,0.0,0.0,0.0,775.3596143004122,0.0
2023,6,27,11,81.0426,1148.8147798790885,83.80827300930713,0.0,0.0,0.0,1065.0065068697813,0.0
2023,6,27,12,81.0426,1178.0866139771176,83.80827300930713,0.0,0.0,0.0,1094.2783409678104,0.0
2023,6,27,13,81.0426,1286.1767782564323,83.80827300930713,0.0,0.0,-0.0,1202.368505247125,0.0
2023,6,27,14,81.0426,1019.5502364032662,83.80827300930713,0.0,0.0,-0.0,935.7419633939592,0.0
2023,6,27,15,81.0426,663.1381218106234,473.1802845512259,389.37201154191877,0.0,364.31260949918857,189.95783725939748,0.0
2023,6,27,16,81.0426,393.8279406893286,393.8279406893286,310.0196676800215,0.0,654.379873659547,0.0,0.0
2023,6,27,17,81.0426,250.0748476387532,250.0748476387532,166.26657462944607,0.0,809.9457794776747,0.0,0.0
2023,6,27,18,81.0426,170.35680024618728,170.35680024618728,86.54852723688015,0.0,890.9241725602111,0.0,0.0
2023,6,27,19,81.0426,51.37695523724028,51.37695523724028,0.0,32.43131777206685,857.9951584301133,0.0,0.0
2023,6,27,20,81.0426,22.291269527751744,22.291269527751744,0.0,61.51700348155539,795.5341048546045,0.0,0.0
2023,6,27,21,81.0426,0.0,0.0,0.0,83.80827300930713,710.4396962481331,0.0,0.0
2023,6,27,22,81.0426,0.0,0.0,0.0,83.80827300930713,625.3452876416618,0.0,0.0
2023,6,27,23,81.0426,0.0,0.0,0.0,83.80827300930713,540.2508790351905,0.0,0.0
2023,6,28,0,81.0426,0.0,0.0,0.0,83.80827300930713,455.15647042871905,0.0,0.0
2023,6,28,1,81.0426,0.0,0.0,0.0,83.80827300930713,370.06206182224764,0.0,0.0
2023,6,28,2,81.0426,0.0,0.0,0.0,83.80827300930713,284.96765321577624,0.0,0.0
2023,6,28,3,81.0426,0.0,0.0,0.0,83.80827300930713,199.87324460930483,0.0,0.0
2023,6,28,4,81.0426,0.0,0.0,0.0,83.80827300930713,114.77883600283346,0.0,0.0
2023,6,28,5,81.0426,14.364450649059329,14.364450649059329,0.0,69.44382236024781,44.269317277135585,0.0,0.0
2023,6,28,6,81.0426,40.20805192479674,40.20805192479674,0.0,43.60022108451039,0.0,0.0,0.0
2023,6,28,7,81.0426,125.97592194493593,83.80827300930713,0.0,0.0,0.0,42.167648935628804,0.0
2023,6,28,8,81.0426,153.96022968889187,83.80827300930713,0.0,0.0,0.0,70.15195667958474,0.0
2023,6,28,9,81.0426,159.42058241941982,83.80827300930713,0.0,0.0,0.0,75.61230941011269,0.0
2023,6,28,10,81.0426,227.4423060653433,83.80827300930713,0.0,0.0,0.0,143.63403305603617,0.0
2023,6,28,11,81.0426,451.7976513540529,83.80827300930713,0.0,0.0,0.0,367.9893783447458,0.0
2023,6,28,12,81.0426,490.3303677819831,83.80827300930713,0.0,0.0,0.0,406.522094772676,0.0
2023,6,28,13,81.0426,506.69591360785523,83.80827300930713,0.0,0.0,-0.0,422.8876405985481,0.0
2023,6,28,14,81.0426,478.8977542524402,254.60521313535563,170.7969401260485,0.0,159.8047037469168,224.2925411170846,0.0
2023,6,28,15,81.0426,368.9926431848534,368.9926431848534,285.1843701755463,0.0,426.63503311652187,0.0,0.0
2023,6,28,16,81.0426,379.2463169203051,379.2463169203051,295.438043910998,0.0,703.0591250699421,0.0,0.0
2023,6,28,17,81.0426,227.2096205796674,227.2096205796674,143.40134757036026,0.0,837.2313757465517,0.0,0.0
2023,6,28,18,81.0426,143.7530930505754,143.7530930505754,59.94482004126826,0.0,893.318236557919,0.0,0.0
2023,6,28,19,81.0426,49.11214984332812,49.11214984332812,0.0,34.69612316597901,858.0896609563385,0.0,0.0
2023,6,28,20,81.0426,16.53618184870113,16.53618184870113,0.0,67.272091160606,789.785201175898,0.0,0.0
2023,6,28,21,81.0426,0.0,0.0,0.0,83.80827300930713,704.6907925694267,0.0,0.0
2023,6,28,22,81.0426,0.0,0.0,0.0,83.80827300930713,619.5963839629553,0.0,0.0
2023,6,28,23,81.0426,0.0,0.0,0.0,83.80827300930713,534.501975356484,0.0,0.0
2023,6,29,0,81.0426,0.0,0.0,0.0,83.80827300930713,449.4075667500126,0.0,0.0
2023,6,29,1,81.0426,0.0,0.0,0.0,83.80827300930713,364.3131581435412,0.0,0.0
2023,6,29,2,81.0426,0.0,0.0,0.0,83.80827300930713,279.2187495370698,0.0,0.0
2023,6,29,3,81.0426,0.0,0.0,0.0,83.80827300930713,194.1243409305984,0.0,0.0
2023,6,29,4,81.0426,0.0,0.0,0.0,83.80827300930713,109.029932324127,0.0,0.0
2023,6,29,5,81.0426,13.10794902640943,13.10794902640943,0.0,70.7003239828977,37.244629494387375,0.0,0.0
2023,6,29,6,81.0426,47.126567032226895,47.126567032226895,0.0,36.68170597708024,0.0,0.0,0.0
2023,6,29,7,81.0426,119.39867888316378,83.80827300930713,0.0,0.0,0.0,35.59040587385665,0.0
2023,6,29,8,81.0426,396.7287530774215,83.80827300930713,0.0,0.0,0.0,312.9204800681144,0.0
2023,6,29,9,81.0426,649.3786534243214,83.80827300930713,0.0,0.0,0.0,565.5703804150144,0.0
2023,6,29,10,81.0426,897.7626532004965,83.80827300930713,0.0,0.0,0.0,813.9543801911893,0.0
2023,6,29,11,81.0426,822.0467961615561,83.80827300930713,0.0,0.0,0.0,738.238523152249,0.0
2023,6,29,12,81.0426,538.26357783122,83.80827300930713,0.0,0.0,0.0,454.4553048219129,0.0
2023,6,29,13,81.0426,372.8397098813618,83.80827300930713,0.0,0.0,-0.0,289.03143687205466,0.0
2023,6,29,14,81.0426,363.45472862576685,209.6074005586989,125.79912754939177,0.0,117.70288328827718,153.84732806706793,0.0
2023,6,29,15,81.0426,341.19448382943824,341.19448382943824,257.3862108201311,0.0,358.5241013867828,0.0,0.0
2023,6,29,16,81.0426,387.1886481647094,387.1886481647094,303.38037515540225,0.0,642.3793679890885,0.0,0.0
2023,6,29,17,81.0426,328.10204716874074,328.10204716874074,244.2937741594336,0.0,870.950759127322,0.0,0.0
2023,6,29,18,81.0426,137.796344617272,137.796344617272,53.98807160796488,0.0,921.4642389520251,0.0,0.0
2023,6,29,19,81.0426,49.9343052260495,49.9343052260495,0.0,33.873967783257626,887.0704356654347,0.0,0.0
2023,6,29,20,81.0426,15.900174854520317,15.900174854520317,0.0,67.9080981547868,818.1202086224546,0.0,0.0
2023,6,29,21,81.0426,0.0,0.0,0.0,83.80827300930713,733.0258000159832,0.0,0.0
2023,6,29,22,81.0426,0.0,0.0,0.0,83.80827300930713,647.9313914095119,0.0,0.0
2023,6,29,23,81.0426,0.0,0.0,0.0,83.80827300930713,562.8369828030405,0.0,0.0
2023,6,30,0,81.0426,0.0,0.0,0.0,83.80827300930713,477.7425741965692,0.0,0.0
2023,6,30,1,81.0426,0.0,0.0,0.0,83.80827300930713,392.6481655900978,0.0,0.0
2023,6,30,2,81.0426,0.0,0.0,0.0,83.80827300930713,307.5537569836264,0.0,0.0
2023,6,30,3,81.0426,0.0,0.0,0.0,83.80827300930713,222.45934837715498,0.0,0.0
2023,6,30,4,81.0426,0.0,0.0,0.0,83.80827300930713,137.36493977068358,0.0,0.0
2023,6,30,5,81.0426,7.352861347358664,7.352861347358664,0.0,76.45541166194846,59.73623073601203,0.0,0.0
2023,6,30,6,81.0426,24.974908795880694,24.974908795880694,0.0,58.833364213426435,0.0,0.0,0.0
2023,6,30,7,81.0426,89.89415929945878,83.80827300930713,0.0,0.0,0.0,6.085886290151649,0.0
2023,6,30,8,81.0426,343.04045534913377,83.80827300930713,0.0,0.0,0.0,259.23218233982664,0.0
2023,6,30,9,81.0426,463.75768531779454,83.80827300930713,0.0,0.0,0.0,379.9494123084874,0.0
2023,6,30,10,81.0426,575.9431141450052,83.80827300930713,0.0,0.0,-0.0,492.1348411356981,0.0
2023,6,30,11,81.0426,884.1117713741766,83.80827300930713,0.0,0.0,-0.0,800.3034983648695,0.0
2023,6,30,12,81.0426,799.8020637309395,83.80827300930713,-0.0,0.0,0.0,715.9937907216324,0.0
2023,6,30,13,81.0426,590.1989782340825,578.9359766574247,495.12770364811763,0.0,463.2620229612145,11.263001576657757,0.0
2023,6,30,14,81.0426,234.7641426812785,234.7641426812785,150.95586967197139,0.0,604.502597962057,0.0,0.0
2023,6,30,15,81.0426,210.36319141673175,210.36319141673175,126.55491840742462,0.0,722.9126305357572,0.0,0.0
2023,6,30,16,81.0426,154.2704770031264,154.2704770031264,70.46220399381926,0.0,788.8399921517034,0.0,0.0
2023,6,30,17,81.0426,161.23552920769188,161.23552920769188,77.42725619838474,0.0,861.2841455984105,0.0,0.0
2023,6,30,18,81.0426,146.60736834153317,146.60736834153317,62.799095332226045,0.0,920.041584799221,0.0,0.0
2023,6,30,19,81.0426,66.59458600044461,66.59458600044461,0.0,17.21368700886252,902.5637337069621,0.0,0.0
2023,6,30,20,81.0426,14.364450649059329,14.364450649059329,0.0,69.44382236024781,832.0542149812643,0.0,0.0
2023,6,30,21,81.0426,0.0,0.0,0.0,83.80827300930713,746.959806374793,0.0,0.0
2023,6,30,22,81.0426,0.0,0.0,0.0,83.80827300930713,661.8653977683216,0.0,0.0
2023,6,30,23,81.0426,0.0,0.0,0.0,83.80827300930713,576.7709891618503,0.0,0.0
2023,7,1,0,81.0426,0.0,0.0,0.0,83.80827300930713,491.67658055537885,0.0,0.0
2023,7,1,1,81.0426,0.0,0.0,0.0,83.80827300930713,406.58217194890744,0.0,0.0
2023,7,1,2,81.0426,0.0,0.0,0.0,83.80827300930713,321.48776334243604,0.0,0.0
2023,7,1,3,81.0426,0.0,0.0,0.0,83.80827300930713,236.39335473596464,0.0,0.0
2023,7,1,4,81.0426,0.0,0.0,0.0,83.80827300930713,151.29894612949326,0.0,0.0
2023,7,1,5,81.0426,1.2565016226498982,1.2565016226498982,0.0,82.55177138665724,67.48032162706362,0.0,0.0
2023,7,1,6,81.0426,22.586004476274713,22.586004476274713,0.0,61.22226853303242,5.318526051268513,0.0,0.0
2023,7,1,7,81.0426,78.57013232989796,78.57013232989796,0.0,5.238140679409172,0.0,0.0,0.0
2023,7,1,8,81.0426,136.41574406892846,83.80827300930713,0.0,0.0,0.0,52.60747105962133,0.0
2023,7,1,9,81.0426,379.8823239144859,83.80827300930713,0.0,0.0,0.0,296.07405090517875,0.0
2023,7,1,10,81.0426,607.4332165398113,83.80827300930713,0.0,0.0,0.0,523.6249435305042,0.0
2023,7,1,11,81.0426,842.2438963182251,83.80827300930713,0.0,0.0,0.0,758.4356233089179,0.0
2023,7,1,12,81.0426,947.1850503580591,83.80827300930713,0.0,0.0,-0.0,863.3767773487521,0.0
2023,7,1,13,81.0426,863.619936268985,83.80827300930713,-0.0,0.0,0.0,779.811663259678,0.0
2023,7,1,14,81.0426,763.2859548455339,610.6263145505156,526.8180415412085,0.0,492.91281796320715,152.65964029501822,0.0
2023,7,1,15,81.0426,510.8532276185981,510.8532276185981,427.044954609291,0.0,892.4737960907381,0.0,0.0
2023,7,1,16,81.0426,154.3325264659733,154.3325264659733,70.52425345666617,0.0,958.4592137586287,0.0,0.0
2023,7,1,17,81.0426,108.35387449641405,108.35387449641405,24.545601487106918,0.0,981.4250969357055,0.0,0.0
2023,7,1,18,81.0426,95.38553676141018,95.38553676141018,11.577263752103049,0.0,992.2572652563989,0.0,0.0
2023,7,1,19,81.0426,34.297840588628546,34.297840588628546,0.0,49.51043242067858,941.9870375639557,0.0,0.0
2023,7,1,20,81.0426,8.423214581467835,8.423214581467835,0.0,75.3850584278393,865.4451075808753,0.0,0.0
2023,7,1,21,81.0426,0.0,0.0,0.0,83.80827300930713,780.3506989744039,0.0,0.0
2023,7,1,22,81.0426,0.0,0.0,0.0,83.80827300930713,695.2562903679326,0.0,0.0
2023,7,1,23,81.0426,0.0,0.0,0.0,83.80827300930713,610.1618817614612,0.0,0.0
2023,7,2,0,81.0426,0.0,0.0,0.0,83.80827300930713,525.0674731549899,0.0,0.0
2023,7,2,1,81.0426,0.0,0.0,0.0,83.80827300930713,439.97306454851855,0.0,0.0
2023,7,2,2,81.0426,0.0,0.0,0.0,83.80827300930713,354.87865594204715,0.0,0.0
2023,7,2,3,81.0426,0.0,0.0,0.0,83.80827300930713,269.78424733557574,0.0,0.0
2023,7,2,4,81.0426,0.0,0.0,0.0,83.80827300930713,184.68983872910434,0.0,0.0
2023,7,2,5,81.0426,1.0393285026857184,1.0393285026857184,0.0,82.76894450662142,100.65070833214897,0.0,0.0
2023,7,2,6,81.0426,10.331235564010274,10.331235564010274,0.0,73.47703744529686,26.04608013668746,0.0,0.0
2023,7,2,7,81.0426,58.15585905326505,58.15585905326505,0.0,25.652413956042086,0.0,0.0,0.0
2023,7,2,8,81.0426,282.94555058190303,83.80827300930713,0.0,0.0,0.0,199.1372775725959,0.0
2023,7,2,9,81.0426,542.4208918419629,83.80827300930713,0.0,0.0,0.0,458.61261883265576,0.0
2023,7,2,10,81.0426,648.0135652416894,83.80827300930713,0.0,0.0,0.0,564.2052922323824,0.0
2023,7,2,11,81.0426,758.1358494292405,83.80827300930713,0.0,0.0,0.0,674.3275764199334,0.0
2023,7,2,12,81.0426,795.567187891638,83.80827300930713,0.0,0.0,0.0,711.7589148823308,0.0
2023,7,2,13,81.0426,907.0235355303976,83.80827300930713,0.0,0.0,0.0,823.2152625210904,0.0
2023,7,2,14,81.0426,898.352123097542,83.80827300930713,0.0,0.0,-0.0,814.5438500882349,0.0
2023,7,2,15,81.0426,838.660539838816,128.92597606401114,45.11770305470401,0.0,42.213994964296944,709.7345637748049,0.0
2023,7,2,16,81.0426,646.5709152304989,646.5709152304989,562.7626422211919,0.0,568.7580727072566,0.0,0.0
2023,7,2,17,81.0426,380.92165241717163,380.92165241717163,297.1133794078645,0.0,846.749678063176,0.0,0.0
2023,7,2,18,81.0426,140.85228066248226,140.85228066248226,57.04400765317512,0.0,900.1224184461416,0.0,0.0
2023,7,2,19,81.0426,51.62515308862791,51.62515308862791,0.0,32.18311992067922,867.4454110526447,0.0,0.0
2023,7,2,20,81.0426,15.295192591762804,15.295192591762804,0.0,68.51308041754433,797.8809175891997,0.0,0.0
2023,7,2,21,81.0426,0.0,0.0,0.0,83.80827300930713,712.7865089827284,0.0,0.0
2023,7,2,22,81.0426,0.0,0.0,0.0,83.80827300930713,627.692100376257,0.0,0.0
2023,7,2,23,81.0426,0.0,0.0,0.0,83.80827300930713,542.5976917697857,0.0,0.0
2023,7,3,0,81.0426,0.0,0.0,0.0,83.80827300930713,457.50328316331434,0.0,0.0
2023,7,3,1,81.0426,0.0,0.0,0.0,83.80827300930713,372.40887455684293,0.0,0.0
2023,7,3,2,81.0426,0.0,0.0,0.0,83.80827300930713,287.3144659503715,0.0,0.0
2023,7,3,3,81.0426,0.0,0.0,0.0,83.80827300930713,202.22005734390015,0.0,0.0
2023,7,3,4,81.0426,0.0,0.0,0.0,83.80827300930713,117.12564873742876,0.0,0.0
2023,7,3,5,81.0426,7.166712958817938,7.166712958817938,0.0,76.64156005048919,39.30793465030658,0.0,0.0
2023,7,3,6,81.0426,45.09444712399079,45.09444712399079,0.0,38.71382588531634,0.0,0.0,0.0
2023,7,3,7,81.0426,111.54942183302985,83.80827300930713,0.0,0.0,0.0,27.741148823722725,0.0
2023,7,3,8,81.0426,355.9932807184261,83.80827300930713,0.0,0.0,0.0,272.18500770911896,0.0
2023,7,3,9,81.0426,443.1727760183326,83.80827300930713,0.0,0.0,0.0,359.3645030090255,0.0
2023,7,3,10,81.0426,575.0278845680133,83.80827300930713,0.0,0.0,0.0,491.21961155870616,0.0
2023,7,3,11,81.0426,752.2876875559193,83.80827300930713,0.0,0.0,0.0,668.4794145466121,0.0
2023,7,3,12,81.0426,1058.7344721910888,83.80827300930713,0.0,0.0,0.0,974.9261991817816,0.0
2023,7,3,13,81.0426,1110.126939794041,83.80827300930713,0.0,0.0,0.0,1026.3186667847338,0.0
2023,7,3,14,81.0426,879.4735740263702,83.80827300930713,0.0,0.0,-0.0,795.665301017063,0.0
2023,7,3,15,81.0426,673.7020428603097,603.0790085516901,519.270735542383,0.0,485.85124532414505,70.6230343086196,0.0
2023,7,3,16,81.0426,314.10989329676283,314.10989329676283,230.3016202874557,0.0,701.3309967489123,0.0,0.0
2023,7,3,17,81.0426,245.6848481423344,245.6848481423344,161.87657513302727,0.0,852.7894368919724,0.0,0.0
2023,7,3,18,81.0426,131.06397789838257,131.06397789838257,47.255704889075446,0.0,897.0038350807062,0.0,0.0
2023,7,3,19,81.0426,51.470029431510646,51.470029431510646,0.0,32.33824357779648,864.1693234768336,0.0,0.0
2023,7,3,20,81.0426,17.06360228289985,17.06360228289985,0.0,66.74467072640728,796.4003780116699,0.0,0.0
2023,7,3,21,81.0426,0.0,0.0,0.0,83.80827300930713,711.3059694051985,0.0,0.0
2023,7,3,22,81.0426,0.0,0.0,0.0,83.80827300930713,626.2115607987272,0.0,0.0
2023,7,3,23,81.0426,0.0,0.0,0.0,83.80827300930713,541.1171521922558,0.0,0.0
2023,7,4,0,81.0426,0.0,0.0,0.0,83.80827300930713,456.02274358578444,0.0,0.0
2023,7,4,1,81.0426,0.0,0.0,0.0,83.80827300930713,370.92833497931304,0.0,0.0
2023,7,4,2,81.0426,0.0,0.0,0.0,83.80827300930713,285.83392637284163,0.0,0.0
2023,7,4,3,81.0426,0.0,0.0,0.0,83.80827300930713,200.73951776637023,0.0,0.0
2023,7,4,4,81.0426,0.0,0.0,0.0,83.80827300930713,115.64510915989885,0.0,0.0
2023,7,4,5,81.0426,10.874168363920724,10.874168363920724,0.0,72.93410464538641,41.59174570075169,0.0,0.0
2023,7,4,6,81.0426,42.845154095790356,42.845154095790356,0.0,40.96311891351678,0.0,0.0,0.0
2023,7,4,7,81.0426,115.69122347806099,83.80827300930713,0.0,0.0,0.0,31.88295046875386,0.0
2023,7,4,8,81.0426,414.4748994516374,83.80827300930713,0.0,0.0,0.0,330.66662644233026,0.0
2023,7,4,9,81.0426,739.9088197179611,83.80827300930713,0.0,0.0,0.0,656.1005467086541,0.0
2023,7,4,10,81.0426,944.5479481870655,83.80827300930713,0.0,0.0,0.0,860.7396751777583,0.0
2023,7,4,11,81.0426,978.0236333929727,83.80827300930713,0.0,0.0,0.0,894.2153603836655,0.0
2023,7,4,12,81.0426,950.0083009175934,83.80827300930713,0.0,0.0,0.0,866.2000279082863,0.0
2023,7,4,13,81.0426,667.7452944270062,83.80827300930713,0.0,0.0,0.0,583.937021417699,0.0
2023,7,4,14,81.0426,652.0622926924502,83.80827300930713,0.0,0.0,0.0,568.254019683143,0.0
2023,7,4,15,81.0426,630.9654753245013,83.80827300930713,0.0,0.0,-0.0,547.1572023151941,0.0
2023,7,4,16,81.0426,665.2167788159949,657.667247949712,573.8589749404048,0.0,536.9262670348894,7.5495308662829075,0.0
2023,7,4,17,81.0426,366.12285552818395,366.12285552818395,282.3145825188768,0.0,801.0715040020652,0.0,0.0
2023,7,4,18,81.0426,161.57680125334988,161.57680125334988,77.76852824404276,0.0,873.8349657344667,0.0,0.0
2023,7,4,19,81.0426,45.575330461054335,45.575330461054335,0.0,38.2329425482528,835.0152941363242,0.0,0.0
2023,7,4,20,81.0426,15.12455656893396,15.12455656893396,0.0,68.68371644037317,765.2775460414664,0.0,0.0
2023,7,4,21,81.0426,0.0,0.0,0.0,83.80827300930713,680.183137434995,0.0,0.0
2023,7,4,22,81.0426,0.0,0.0,0.0,83.80827300930713,595.0887288285237,0.0,0.0
2023,7,4,23,81.0426,0.0,0.0,0.0,83.80827300930713,509.9943202220523,0.0,0.0
2023,7,5,0,81.0426,0.0,0.0,0.0,83.80827300930713,424.8999116155809,0.0,0.0
2023,7,5,1,81.0426,0.0,0.0,0.0,83.80827300930713,339.8055030091095,0.0,0.0
2023,7,5,2,81.0426,0.0,0.0,0.0,83.80827300930713,254.71109440263808,0.0,0.0
2023,7,5,3,81.0426,0.0,0.0,0.0,83.80827300930713,169.6166857961667,0.0,0.0
2023,7,5,4,81.0426,0.0,0.0,0.0,83.80827300930713,84.52227718969532,0.0,0.0
2023,7,5,5,81.0426,14.069715700536515,14.069715700536515,0.0,69.73855730877061,13.713500464283948,0.0,0.0
2023,7,5,6,81.0426,70.30204140554739,70.30204140554739,0.0,13.506231603759746,0.0,0.0,0.0
2023,7,5,7,81.0426,158.10203133392298,83.80827300930713,0.0,0.0,0.0,74.29375832461585,0.0
2023,7,5,8,81.0426,379.4634900402693,83.80827300930713,0.0,0.0,0.0,295.65521703096215,0.0
2023,7,5,9,81.0426,547.0590891897692,83.80827300930713,0.0,0.0,0.0,463.2508161804621,0.0
2023,7,5,10,81.0426,429.84765387195904,83.80827300930713,0.0,0.0,0.0,346.0393808626519,0.0
2023,7,5,11,81.0426,402.26666763650815,83.80827300930713,0.0,0.0,0.0,318.458394627201,0.0
2023,7,5,12,81.0426,746.8738719225265,83.80827300930713,0.0,0.0,0.0,663.0655989132194,0.0
2023,7,5,13,81.0426,445.7788534579028,83.80827300930713,0.0,0.0,0.0,361.9705804485957,0.0
2023,7,5,14,81.0426,508.8676448074971,83.80827300930713,0.0,0.0,-0.0,425.05937179818994,0.0
2023,7,5,15,81.0426,409.2782569382087,403.49428522859034,319.6860122192832,0.0,299.11149717924235,5.783971709618356,0.0
2023,7,5,16,81.0426,447.7178991718687,447.7178991718687,363.90962616256155,0.0,639.6004424533279,0.0,0.0
2023,7,5,17,81.0426,321.7109524955091,321.7109524955091,237.90267948620198,0.0,862.1920602412863,0.0,0.0
2023,7,5,18,81.0426,130.07118649283206,130.07118649283206,46.262913483524926,0.0,905.4775615989093,0.0,0.0
2023,7,5,19,81.0426,45.7304541181716,45.7304541181716,0.0,38.07781889113553,866.8153942111425,0.0,0.0
2023,7,5,20,81.0426,14.876358717546326,14.876358717546326,0.0,68.9319142917608,796.8256393796838,0.0,0.0
2023,7,5,21,81.0426,0.0,0.0,0.0,83.80827300930713,711.7312307732125,0.0,0.0
2023,7,5,22,81.0426,0.0,0.0,0.0,83.80827300930713,626.6368221667411,0.0,0.0
2023,7,5,23,81.0426,0.0,0.0,0.0,83.80827300930713,541.5424135602698,0.0,0.0
2023,7,6,0,81.0426,0.0,0.0,0.0,83.80827300930713,456.4480049537984,0.0,0.0
2023,7,6,1,81.0426,0.0,0.0,0.0,83.80827300930713,371.35359634732697,0.0,0.0
2023,7,6,2,81.0426,0.0,0.0,0.0,83.80827300930713,286.25918774085557,0.0,0.0
2023,7,6,3,81.0426,0.0,0.0,0.0,83.80827300930713,201.16477913438416,0.0,0.0
2023,7,6,4,81.0426,0.0,0.0,0.0,83.80827300930713,116.07037052791276,0.0,0.0
2023,7,6,5,81.0426,10.25367373545164,10.25367373545164,0.0,73.5545992738555,41.3869902272635,0.0,0.0
2023,7,6,6,81.0426,43.04681485004281,43.04681485004281,0.0,40.76145815926433,0.0,0.0,0.0
2023,7,6,7,81.0426,116.43581703222391,83.80827300930713,0.0,0.0,0.0,32.62754402291678,0.0
2023,7,6,8,81.0426,430.9335194717799,83.80827300930713,0.0,0.0,0.0,347.1252464624728,0.0
2023,7,6,9,81.0426,684.1108402528786,83.80827300930713,0.0,0.0,0.0,600.3025672435715,0.0
2023,7,6,10,81.0426,714.0031689793766,83.80827300930713,0.0,0.0,0.0,630.1948959700694,0.0
2023,7,6,11,81.0426,998.5154684981643,83.80827300930713,0.0,0.0,0.0,914.7071954888572,0.0
2023,7,6,12,81.0426,990.7437732765887,83.80827300930713,0.0,0.0,0.0,906.9355002672817,0.0
2023,7,6,13,81.0426,927.5619077327244,83.80827300930713,0.0,0.0,-0.0,843.7536347234172,0.0
2023,7,6,14,81.0426,874.5251293643292,83.80827300930713,0.0,0.0,-0.0,790.7168563550222,0.0
2023,7,6,15,81.0426,803.3699078446367,216.5267124744846,132.71843946517748,0.0,124.17687860703762,586.8431953701521,0.0
2023,7,6,16,81.0426,580.1159405214598,580.1159405214598,496.3076675121527,0.0,588.5429247175254,0.0,0.0
2023,7,6,17,81.0426,350.8431753021325,350.8431753021325,267.0349022928254,0.0,838.391858893388,0.0,0.0
2023,7,6,18,81.0426,146.65390543866837,146.65390543866837,62.845632429361245,0.0,897.1928401331568,0.0,0.0
2023,7,6,19,81.0426,52.726531054160546,52.726531054160546,0.0,31.081741955146587,865.634112633326,0.0,0.0
2023,7,6,20,81.0426,16.97052808862949,16.97052808862949,0.0,66.83774492067764,797.770664641937,0.0,0.0
2023,7,6,21,81.0426,0.0,0.0,0.0,83.80827300930713,712.6762560354656,0.0,0.0
2023,7,6,22,81.0426,0.0,0.0,0.0,83.80827300930713,627.5818474289943,0.0,0.0
2023,7,6,23,81.0426,0.0,0.0,0.0,83.80827300930713,542.4874388225229,0.0,0.0
2023,7,7,0,81.0426,0.0,0.0,0.0,83.80827300930713,457.3930302160515,0.0,0.0
2023,7,7,1,81.0426,0.0,0.0,0.0,83.80827300930713,372.2986216095801,0.0,0.0
2023,7,7,2,81.0426,0.0,0.0,0.0,83.80827300930713,287.2042130031087,0.0,0.0
2023,7,7,3,81.0426,0.0,0.0,0.0,83.80827300930713,202.1098043966373,0.0,0.0
2023,7,7,4,81.0426,0.0,0.0,0.0,83.80827300930713,117.01539579016591,0.0,0.0
2023,7,7,5,81.0426,9.679716204117735,9.679716204117735,0.0,74.1285568051894,41.7492499111272,0.0,0.0
2023,7,7,6,81.0426,42.690030438673084,42.690030438673084,0.0,41.118242570634045,0.0,0.0,0.0
2023,7,7,7,81.0426,113.5815417412661,83.80827300930713,0.0,0.0,0.0,29.773268731958964,0.0
2023,7,7,8,81.0426,423.2704108101867,83.80827300930713,0.0,0.0,0.0,339.4621378008796,0.0
2023,7,7,9,81.0426,737.9697740039951,83.80827300930713,0.0,0.0,0.0,654.1615009946879,0.0
2023,7,7,10,81.0426,980.8003468553718,83.80827300930713,0.0,0.0,0.0,896.9920738460646,0.0
2023,7,7,11,81.0426,1143.26135295429,83.80827300930713,0.0,0.0,0.0,1059.4530799449828,0.0
2023,7,7,12,81.0426,1236.9405294874102,83.80827300930713,0.0,0.0,0.0,1153.132256478103,0.0
2023,7,7,13,81.0426,1115.0598720903702,83.80827300930713,0.0,0.0,-0.0,1031.251599081063,0.0
2023,7,7,14,81.0426,1023.0715434198282,93.21348010790173,9.4052070985946,0.0,8.799901994497645,929.8580633119265,0.0
2023,7,7,15,81.0426,770.1889575872524,83.80827300930713,0.0,0.0,8.799901994497645,686.3806845779452,0.0
2023,7,7,16,81.0426,630.980987690213,630.980987690213,547.172714680906,0.0,520.7573966864221,0.0,0.0
2023,7,7,17,81.0426,426.838254923884,426.838254923884,343.02998191457687,0.0,841.710480481211,0.0,0.0
2023,7,7,18,81.0426,154.30150173454984,154.30150173454984,70.4932287252427,0.0,907.6668701231293,0.0,0.0
2023,7,7,19,81.0426,44.83073690689143,44.83073690689143,0.0,38.977536102415705,868.0911783151844,0.0,0.0
2023,7,7,20,81.0426,15.062507106087052,15.062507106087052,0.0,68.74576590322008,798.2904285361764,0.0,0.0
2023,7,7,21,81.0426,0.0,0.0,0.0,83.80827300930713,713.196019929705,0.0,0.0
2023,7,7,22,81.0426,0.0,0.0,0.0,83.80827300930713,628.1016113232337,0.0,0.0
2023,7,7,23,81.0426,0.0,0.0,0.0,83.80827300930713,543.0072027167623,0.0,0.0
2023,7,8,0,81.0426,0.0,0.0,0.0,83.80827300930713,457.9127941102909,0.0,0.0
2023,7,8,1,81.0426,0.0,0.0,0.0,83.80827300930713,372.8183855038195,0.0,0.0
2023,7,8,2,81.0426,0.0,0.0,0.0,83.80827300930713,287.7239768973481,0.0,0.0
2023,7,8,3,81.0426,0.0,0.0,0.0,83.80827300930713,202.6295682908767,0.0,0.0
2023,7,8,4,81.0426,0.0,0.0,0.0,83.80827300930713,117.5351596844053,0.0,0.0
2023,7,8,5,81.0426,9.493567815577007,9.493567815577007,0.0,74.31470519373012,42.080008752915965,0.0,0.0
2023,7,8,6,81.0426,42.36427075872666,42.36427075872666,0.0,41.444002250580475,0.0,0.0,0.0
2023,7,8,7,81.0426,111.73557022157057,83.80827300930713,0.0,0.0,0.0,27.92729721226344,0.0
2023,7,8,8,81.0426,423.9374425357909,83.80827300930713,0.0,0.0,0.0,340.1291695264838,0.0
2023,7,8,9,81.0426,736.6667352842101,83.80827300930713,0.0,0.0,0.0,652.8584622749029,0.0
2023,7,8,10,81.0426,974.6574500335278,83.80827300930713,0.0,0.0,0.0,890.8491770242206,0.0
2023,7,8,11,81.0426,1138.5455937779252,83.80827300930713,0.0,0.0,0.0,1054.737320768618,0.0
2023,7,8,12,81.0426,1207.5290840979756,83.80827300930713,0.0,0.0,0.0,1123.7208110886684,0.0
2023,7,8,13,81.0426,1203.5113813786384,83.80827300930713,0.0,0.0,0.0,1119.7031083693312,0.0
2023,7,8,14,81.0426,1139.4918480863405,83.80827300930713,0.0,0.0,0.0,1055.6835750770333,0.0
2023,7,8,15,81.0426,1003.6345491830341,83.80827300930713,0.0,0.0,-0.0,919.8262761737269,0.0
2023,7,8,16,81.0426,775.2149640778521,595.1956938842947,511.38742087498747,0.0,478.47528903337576,180.01927019355742,0.0
2023,7,8,17,81.0426,475.8883553043652,475.8883553043652,392.08008229505805,0.0,845.3216818902272,0.0,0.0
2023,7,8,18,81.0426,154.75136034018993,154.75136034018993,70.9430873308828,0.0,911.6989779087426,0.0,0.0
2023,7,8,19,81.0426,43.48116108997117,43.48116108997117,0.0,40.32711191933596,870.7529994705305,0.0,0.0
2023,7,8,20,81.0426,14.457524843329693,14.457524843329693,0.0,69.35074816597744,800.337983271058,0.0,0.0
2023,7,8,21,81.0426,0.0,0.0,0.0,83.80827300930713,715.2435746645866,0.0,0.0
2023,7,8,22,81.0426,0.0,0.0,0.0,83.80827300930713,630.1491660581153,0.0,0.0
2023,7,8,23,81.0426,0.0,0.0,0.0,83.80827300930713,545.0547574516439,0.0,0.0
2023,7,9,0,81.0426,0.0,0.0,0.0,83.80827300930713,459.9603488451725,0.0,0.0
2023,7,9,1,81.0426,0.0,0.0,0.0,83.80827300930713,374.8659402387011,0.0,0.0
2023,7,9,2,81.0426,0.0,0.0,0.0,83.80827300930713,289.7715316322297,0.0,0.0
2023,7,9,3,81.0426,0.0,0.0,0.0,83.80827300930713,204.6771230257583,0.0,0.0
2023,7,9,4,81.0426,0.0,0.0,0.0,83.80827300930713,119.58271441928693,0.0,0.0
2023,7,9,5,81.0426,8.686924798567198,8.686924798567198,0.0,75.12134821073994,43.30854159384488,0.0,0.0
2023,7,9,6,81.0426,41.154306233212104,41.154306233212104,0.0,42.653966776095025,0.0,0.0,0.0
2023,7,9,7,81.0426,109.61037611906396,83.80827300930713,0.0,0.0,0.0,25.80210310975683,0.0
2023,7,9,8,81.0426,423.70475705011506,83.80827300930713,0.0,0.0,0.0,339.89648404080793,0.0
2023,7,9,9,81.0426,738.4196326096353,83.80827300930713,0.0,0.0,0.0,654.6113596003281,0.0
2023,7,9,10,81.0426,977.9615839301257,83.80827300930713,0.0,0.0,0.0,894.1533109208185,0.0
2023,7,9,11,81.0426,1139.7865830348633,83.80827300930713,0.0,0.0,0.0,1055.978310025556,0.0
2023,7,9,12,81.0426,1229.8824030885744,83.80827300930713,0.0,0.0,0.0,1146.0741300792672,0.0
2023,7,9,13,81.0426,1241.2529671552704,83.80827300930713,0.0,0.0,0.0,1157.4446941459632,0.0
2023,7,9,14,81.0426,1171.6334698410392,83.80827300930713,0.0,0.0,-0.0,1087.825196831732,0.0
2023,7,9,15,81.0426,1013.0350428043406,83.80827300930713,0.0,0.0,-0.0,929.2267697950335,0.0
2023,7,9,16,81.0426,778.4105114144678,574.382534810893,490.574261801586,0.0,459.0016338419669,204.02797660357476,0.0
2023,7,9,17,81.0426,472.7083203334611,472.7083203334611,388.90004732415395,0.0,822.8726540366669,0.0,0.0
2023,7,9,18,81.0426,154.0998409802974,154.0998409802974,70.29156797099024,0.0,888.6403615097659,0.0,0.0
2023,7,9,19,81.0426,42.9847653871959,42.9847653871959,0.0,40.82350762211123,847.1903695983522,0.0,0.0
2023,7,9,20,81.0426,14.14727752909515,14.14727752909515,0.0,69.66099548021198,776.4603449781285,0.0,0.0
2023,7,9,21,81.0426,0.0,0.0,0.0,83.80827300930713,691.3659363716572,0.0,0.0
2023,7,9,22,81.0426,0.0,0.0,0.0,83.80827300930713,606.2715277651859,0.0,0.0
2023,7,9,23,81.0426,0.0,0.0,0.0,83.80827300930713,521.1771191587145,0.0,0.0
2023,7,10,0,81.0426,0.0,0.0,0.0,83.80827300930713,436.0827105522431,0.0,0.0
2023,7,10,1,81.0426,0.0,0.0,0.0,83.80827300930713,350.9883019457717,0.0,0.0
2023,7,10,2,81.0426,0.0,0.0,0.0,83.80827300930713,265.8938933393003,0.0,0.0
2023,7,10,3,81.0426,0.0,0.0,0.0,83.80827300930713,180.7994847328289,0.0,0.0
2023,7,10,4,81.0426,0.0,0.0,0.0,83.80827300930713,95.70507612635751,0.0,0.0
2023,7,10,5,81.0426,10.594945781109637,10.594945781109637,0.0,73.2133272281975,21.3682050885344,0.0,0.0
2023,7,10,6,81.0426,62.76303166964801,62.76303166964801,0.0,21.045241339659125,0.0,0.0,0.0
2023,7,10,7,81.0426,107.79542933079188,83.80827300930713,0.0,0.0,0.0,23.987156321484747,0.0
2023,7,10,8,81.0426,379.5875889659631,83.80827300930713,0.0,0.0,0.0,295.779315956656,0.0
2023,7,10,9,81.0426,410.519246195147,83.80827300930713,0.0,0.0,0.0,326.71097318583986,0.0
2023,7,10,10,81.0426,497.5281054722245,83.80827300930713,0.0,0.0,0.0,413.7198324629174,0.0
2023,7,10,11,81.0426,795.7998733773139,83.80827300930713,0.0,0.0,0.0,711.9916003680069,0.0
2023,7,10,12,81.0426,1057.1522108884928,83.80827300930713,0.0,0.0,0.0,973.3439378791857,0.0
2023,7,10,13,81.0426,881.1489095232365,83.80827300930713,0.0,0.0,-0.0,797.3406365139294,0.0
2023,7,10,14,81.0426,757.3447187779424,129.3416058935217,45.53333288421456,0.0,42.60287547775519,628.0031128844207,0.0
2023,7,10,15,81.0426,298.17869371081906,298.17869371081906,214.37042070151193,0.0,243.17673556579308,0.0,0.0
2023,7,10,16,81.0426,430.5457103289868,430.5457103289868,346.73743731967966,0.0,567.598668464261,0.0,0.0
2023,7,10,17,81.0426,421.81224843328437,421.81224843328437,338.00397542397724,0.0,883.849212051552,0.0,0.0
2023,7,10,18,81.0426,130.2728472470845,130.2728472470845,46.464574237777384,0.0,927.3233955779945,0.0,0.0
2023,7,10,19,81.0426,34.220278760070066,34.220278760070066,0.0,49.58799424923707,876.9744157803636,0.0,0.0
2023,7,10,20,81.0426,9.27639469561283,9.27639469561283,0.0,74.5318783136943,801.2987589543486,0.0,0.0
2023,7,10,21,81.0426,0.0,0.0,0.0,83.80827300930713,716.2043503478773,0.0,0.0
2023,7,10,22,81.0426,0.0,0.0,0.0,83.80827300930713,631.1099417414059,0.0,0.0
2023,7,10,23,81.0426,0.0,0.0,0.0,83.80827300930713,546.0155331349346,0.0,0.0
2023,7,11,0,81.0426,0.0,0.0,0.0,83.80827300930713,460.9211245284632,0.0,0.0
2023,7,11,1,81.0426,0.0,0.0,0.0,83.80827300930713,375.8267159219918,0.0,0.0
2023,7,11,2,81.0426,0.0,0.0,0.0,83.80827300930713,290.7323073155204,0.0,0.0
2023,7,11,3,81.0426,0.0,0.0,0.0,83.80827300930713,205.63789870904904,0.0,0.0
2023,7,11,4,81.0426,0.0,0.0,0.0,83.80827300930713,120.54349010257765,0.0,0.0
2023,7,11,5,81.0426,8.764486627125832,8.764486627125832,0.0,75.04378638218131,44.348069382323345,0.0,0.0
2023,7,11,6,81.0426,40.130490096238105,40.130490096238105,0.0,43.677782913069024,0.0,0.0,0.0
2023,7,11,7,81.0426,107.56274384511597,83.80827300930713,0.0,0.0,0.0,23.754470835808846,0.0
2023,7,11,8,81.0426,409.54196715530804,83.80827300930713,0.0,0.0,0.0,325.7336941460009,0.0
2023,7,11,9,81.0426,722.7521432407908,83.80827300930713,0.0,0.0,0.0,638.9438702314837,0.0
2023,7,11,10,81.0426,970.3760370970911,83.80827300930713,0.0,0.0,0.0,886.5677640877839,0.0
2023,7,11,11,81.0426,1139.8020954005751,83.80827300930713,0.0,0.0,0.0,1055.993822391268,0.0
2023,7,11,12,81.0426,1226.8109546776525,83.80827300930713,0.0,0.0,0.0,1143.0026816683453,0.0
2023,7,11,13,81.0426,1200.3313464077341,83.80827300930713,0.0,0.0,0.0,1116.523073398427,0.0
2023,7,11,14,81.0426,1131.3013189905485,83.80827300930713,0.0,0.0,0.0,1047.4930459812413,0.0
2023,7,11,15,81.0426,980.8779086839306,83.80827300930713,0.0,0.0,-0.0,897.0696356746234,0.0
2023,7,11,16,81.0426,771.7867312555603,618.1039061043625,534.2956330950555,0.0,499.9091628750134,153.6828251511978,0.0
2023,7,11,17,81.0426,464.5953530662278,464.5953530662278,380.7870800569207,0.0,856.1893542779807,0.0,0.0
2023,7,11,18,81.0426,148.62397588405773,148.62397588405773,64.8157028747506,0.0,916.8336151669848,0.0,0.0
2023,7,11,19,81.0426,43.806920769917284,43.806920769917284,0.0,40.00135223938985,876.2183955705613,0.0,0.0
2023,7,11,20,81.0426,9.865864592658461,9.865864592658461,0.0,73.94240841664868,801.1412547439731,0.0,0.0
2023,7,11,21,81.0426,0.0,0.0,0.0,83.80827300930713,716.0468461375018,0.0,0.0
2023,7,11,22,81.0426,0.0,0.0,0.0,83.80827300930713,630.9524375310305,0.0,0.0
2023,7,11,23,81.0426,0.0,0.0,0.0,83.80827300930713,545.8580289245591,0.0,0.0
2023,7,12,0,81.0426,0.0,0.0,0.0,83.80827300930713,460.7636203180877,0.0,0.0
2023,7,12,1,81.0426,0.0,0.0,0.0,83.80827300930713,375.6692117116163,0.0,0.0
2023,7,12,2,81.0426,0.0,0.0,0.0,83.80827300930713,290.5748031051449,0.0,0.0
2023,7,12,3,81.0426,0.0,0.0,0.0,83.80827300930713,205.4803944986735,0.0,0.0
2023,7,12,4,81.0426,0.0,0.0,0.0,83.80827300930713,120.38598589220211,0.0,0.0
2023,7,12,5,81.0426,6.220458650402582,6.220458650402582,0.0,77.58781435890455,41.60749612178923,0.0,0.0
2023,7,12,6,81.0426,42.82964173007863,42.82964173007863,0.0,40.9786312792285,0.0,0.0,0.0
2023,7,12,7,81.0426,86.01606787152699,83.80827300930713,0.0,0.0,0.0,2.207794862219856,0.0
2023,7,12,8,81.0426,225.16198830571943,83.80827300930713,0.0,-0.0,0.0,141.3537152964123,0.0
2023,7,12,9,81.0426,575.1209587622837,83.80827300930713,0.0,0.0,0.0,491.3126857529766,0.0
2023,7,12,10,81.0426,724.8773373432974,83.80827300930713,0.0,0.0,0.0,641.0690643339904,0.0
2023,7,12,11,81.0426,878.1084858437382,83.80827300930713,0.0,0.0,0.0,794.300212834431,0.0
2023,7,12,12,81.0426,978.0701704901079,83.80827300930713,0.0,0.0,0.0,894.2618974808008,0.0
2023,7,12,13,81.0426,1039.4836263428356,83.80827300930713,0.0,0.0,0.0,955.6753533335284,0.0
2023,7,12,14,81.0426,844.4776769807138,83.80827300930713,0.0,0.0,-0.0,760.6694039714066,0.0
2023,7,12,15,81.0426,672.5696401633536,101.0311484936212,17.222875484314073,0.0,16.114436900389705,571.5384916697324,0.0
2023,7,12,16,81.0426,638.9388313003291,638.9388313003291,555.1305582910219,0.0,535.5176202541857,0.0,0.0
2023,7,12,17,81.0426,430.0493146262114,430.0493146262114,346.2410416169043,0.0,859.475104737098,0.0,0.0
2023,7,12,18,81.0426,141.03842905102314,141.03842905102314,57.23015604171601,0.0,913.022013275897,0.0,0.0
2023,7,12,19,81.0426,48.5847294091294,48.5847294091294,0.0,35.22354360017773,877.2579233590398,0.0,0.0
2023,7,12,20,81.0426,15.589927540285775,15.589927540285775,0.0,68.21834546902134,807.9926878953086,0.0,0.0
2023,7,12,21,81.0426,0.0,0.0,0.0,83.80827300930713,722.8982792888372,0.0,0.0
2023,7,12,22,81.0426,0.0,0.0,0.0,83.80827300930713,637.8038706823659,0.0,0.0
2023,7,12,23,81.0426,0.0,0.0,0.0,83.80827300930713,552.7094620758945,0.0,0.0
2023,7,13,0,81.0426,0.0,0.0,0.0,83.80827300930713,467.6150534694231,0.0,0.0
2023,7,13,1,81.0426,0.0,0.0,0.0,83.80827300930713,382.5206448629517,0.0,0.0
2023,7,13,2,81.0426,0.0,0.0,0.0,83.80827300930713,297.4262362564803,0.0,0.0
2023,7,13,3,81.0426,0.0,0.0,0.0,83.80827300930713,212.33182765000893,0.0,0.0
2023,7,13,4,81.0426,0.0,0.0,0.0,83.80827300930713,127.23741904353754,0.0,0.0
2023,7,13,5,81.0426,4.1728263764546005,4.1728263764546005,0.0,79.63544663285252,46.37987369616776,0.0,0.0
2023,7,13,6,81.0426,38.12939491942515,38.12939491942515,0.0,45.67887808988198,0.0,0.0,0.0
2023,7,13,7,81.0426,84.5423931289129,83.80827300930713,0.0,0.0,0.0,0.7341201196057767,0.0
2023,7,13,8,81.0426,407.02896391000843,83.80827300930713,0.0,0.0,0.0,323.2206909007013,0.0
2023,7,13,9,81.0426,730.4152519023841,83.80827300930713,0.0,0.0,0.0,646.606978893077,0.0
2023,7,13,10,81.0426,899.6086247201919,83.80827300930713,0.0,0.0,0.0,815.8003517108848,0.0
2023,7,13,11,81.0426,940.6078072962868,83.80827300930713,0.0,0.0,0.0,856.7995342869797,0.0
2023,7,13,12,81.0426,826.8401171664799,83.80827300930713,0.0,0.0,0.0,743.0318441571728,0.0
2023,7,13,13,81.0426,990.3714764995075,83.80827300930713,0.0,0.0,0.0,906.5632034902003,0.0
2023,7,13,14,81.0426,954.0415160026425,83.80827300930713,0.0,0.0,-0.0,870.2332429933354,0.0
2023,7,13,15,81.0426,631.8186554386464,396.57865712139835,312.7703841120912,0.0,292.64094858464773,235.23999831724802,0.0
2023,7,13,16,81.0426,434.5789254140356,434.5789254140356,350.7706524047285,0.0,620.8365248595026,0.0,0.0
2023,7,13,17,81.0426,360.60045333480906,360.60045333480906,276.79218032550193,0.0,879.814773203625,0.0,0.0
2023,7,13,18,81.0426,118.97984500894717,118.97984500894717,35.17157199964003,0.0,912.7227552761834,0.0,0.0
2023,7,13,19,81.0426,52.416283739926,52.416283739926,0.0,31.391989269381128,880.8490193556016,0.0,0.0
2023,7,13,20,81.0426,8.143991998656748,8.143991998656748,0.0,75.66428101065038,804.0235817938452,0.0,0.0
2023,7,13,21,81.0426,0.0,0.0,0.0,83.80827300930713,718.9291731873739,0.0,0.0
2023,7,13,22,81.0426,0.0,0.0,0.0,83.80827300930713,633.8347645809025,0.0,0.0
2023,7,13,23,81.0426,0.0,0.0,0.0,83.80827300930713,548.7403559744312,0.0,0.0
2023,7,14,0,81.0426,0.0,0.0,0.0,83.80827300930713,463.6459473679598,0.0,0.0
2023,7,14,1,81.0426,0.0,0.0,0.0,83.80827300930713,378.5515387614884,0.0,0.0
2023,7,14,2,81.0426,0.0,0.0,0.0,83.80827300930713,293.457130155017,0.0,0.0
2023,7,14,3,81.0426,0.0,0.0,0.0,83.80827300930713,208.3627215485456,0.0,0.0
2023,7,14,4,81.0426,0.0,0.0,0.0,83.80827300930713,123.2683129420742,0.0,0.0
2023,7,14,5,81.0426,6.142896821843947,6.142896821843947,0.0,77.66537618746318,44.41107106647356,0.0,0.0
2023,7,14,6,81.0426,40.0684406333912,40.0684406333912,0.0,43.73983237591594,0.0,0.0,0.0
2023,7,14,7,81.0426,109.12949278200041,83.80827300930713,0.0,0.0,0.0,25.321219772693283,0.0
2023,7,14,8,81.0426,407.1530628357022,83.80827300930713,0.0,0.0,0.0,323.3447898263951,0.0
2023,7,14,9,81.0426,727.2972663943269,83.80827300930713,0.0,0.0,0.0,643.4889933850197,0.0
2023,7,14,10,81.0426,964.9777338294101,83.80827300930713,0.0,0.0,0.0,881.169460820103,0.0
2023,7,14,11,81.0426,932.2466421776659,83.80827300930713,0.0,0.0,0.0,848.4383691683588,0.0
2023,7,14,12,81.0426,1075.9687104968177,83.80827300930713,0.0,0.0,0.0,992.1604374875105,0.0
2023,7,14,13,81.0426,977.1394285474041,83.80827300930713,0.0,0.0,0.0,893.3311555380969,0.0
2023,7,14,14,81.0426,927.9962539726527,83.80827300930713,0.0,0.0,-0.0,844.1879809633456,0.0
2023,7,14,15,81.0426,636.0535312779477,540.9460667882711,457.13779377896395,0.0,427.71708704180173,95.10746448967666,0.0
2023,7,14,16,81.0426,418.89592367947967,418.89592367947967,335.08765067017254,0.0,741.2389961877051,0.0,0.0
2023,7,14,17,81.0426,237.82007872648876,237.82007872648876,154.0118057171816,0.0,885.3388317468102,0.0,0.0
2023,7,14,18,81.0426,127.62023271037917,127.62023271037917,43.81195970107204,0.0,926.3311190526288,0.0,0.0
2023,7,14,19,81.0426,40.84405891897755,40.84405891897755,0.0,42.96421409032958,882.7075690380328,0.0,0.0
2023,7,14,20,81.0426,11.091341483884904,11.091341483884904,0.0,72.71693152542223,808.8747114734114,0.0,0.0
2023,7,14,21,81.0426,0.0,0.0,0.0,83.80827300930713,723.78030286694,0.0,0.0
2023,7,14,22,81.0426,0.0,0.0,0.0,83.80827300930713,638.6858942604687,0.0,0.0
2023,7,14,23,81.0426,0.0,0.0,0.0,83.80827300930713,553.5914856539973,0.0,0.0
2023,7,15,0,81.0426,0.0,0.0,0.0,83.80827300930713,468.497077047526,0.0,0.0
2023,7,15,1,81.0426,0.0,0.0,0.0,83.80827300930713,383.4026684410546,0.0,0.0
2023,7,15,2,81.0426,0.0,0.0,0.0,83.80827300930713,298.30825983458317,0.0,0.0
2023,7,15,3,81.0426,0.0,0.0,0.0,83.80827300930713,213.21385122811176,0.0,0.0
2023,7,15,4,81.0426,0.0,0.0,0.0,83.80827300930713,128.11944262164036,0.0,0.0
2023,7,15,5,81.0426,5.010494124887866,5.010494124887866,0.0,78.79777888441927,48.112420010298365,0.0,0.0
2023,7,15,6,81.0426,36.42303469113532,36.42303469113532,0.0,47.38523831817181,0.0,0.0,0.0
2023,7,15,7,81.0426,101.77663143464176,83.80827300930713,0.0,0.0,0.0,17.96835842533463,0.0
2023,7,15,8,81.0426,397.7215444829721,83.80827300930713,0.0,0.0,0.0,313.91327147366496,0.0
2023,7,15,9,81.0426,736.2944385071285,83.80827300930713,0.0,0.0,0.0,652.4861654978213,0.0
2023,7,15,10,81.0426,957.4697488249343,83.80827300930713,0.0,0.0,0.0,873.6614758156272,0.0
2023,7,15,11,81.0426,1162.357075145426,83.80827300930713,0.0,0.0,0.0,1078.5488021361189,0.0
2023,7,15,12,81.0426,1244.1692919090751,83.80827300930713,0.0,0.0,0.0,1160.361018899768,0.0
2023,7,15,13,81.0426,1255.1055097358428,83.80827300930713,0.0,0.0,0.0,1171.2972367265356,0.0
2023,7,15,14,81.0426,1171.8816676924268,83.80827300930713,0.0,0.0,0.0,1088.0733946831197,0.0
2023,7,15,15,81.0426,1001.9747260518792,83.80827300930713,0.0,0.0,-0.0,918.1664530425721,0.0
2023,7,15,16,81.0426,753.0788182072174,645.6562439852396,561.8479709759324,0.0,525.6882733751141,107.42257422197781,0.0
2023,7,15,17,81.0426,453.59708577661326,453.59708577661326,369.7888127673061,0.0,871.6780295709333,0.0,0.0
2023,7,15,18,81.0426,148.76358717546327,148.76358717546327,64.95531416615614,0.0,932.4529165768124,0.0,0.0
2023,7,15,19,81.0426,46.14928799238824,46.14928799238824,0.0,37.65898501691889,894.2160105570593,0.0,0.0
2023,7,15,20,81.0426,12.906288272156978,12.906288272156978,0.0,70.90198473715014,822.2259522538316,0.0,0.0
2023,7,15,21,81.0426,0.0,0.0,0.0,83.80827300930713,737.1315436473602,0.0,0.0
2023,7,15,22,81.0426,0.0,0.0,0.0,83.80827300930713,652.0371350408889,0.0,0.0
2023,7,15,23,81.0426,0.0,0.0,0.0,83.80827300930713,566.9427264344175,0.0,0.0
2023,7,16,0,81.0426,0.0,0.0,0.0,83.80827300930713,481.8483178279462,0.0,0.0
2023,7,16,1,81.0426,0.0,0.0,0.0,83.80827300930713,396.75390922147477,0.0,0.0
2023,7,16,2,81.0426,0.0,0.0,0.0,83.80827300930713,311.65950061500337,0.0,0.0
2023,7,16,3,81.0426,0.0,0.0,0.0,83.80827300930713,226.56509200853196,0.0,0.0
2023,7,16,4,81.0426,0.0,0.0,0.0,83.80827300930713,141.4706834020606,0.0,0.0
2023,7,16,5,81.0426,2.575052708146705,2.575052708146705,0.0,81.23322030116043,58.99084468782288,0.0,0.0
2023,7,16,6,81.0426,26.169360955683683,26.169360955683683,0.0,57.63891205362345,0.4673963717023796,0.0,0.0
2023,7,16,7,81.0426,83.34794096910991,83.34794096910991,0.0,0.4603320401972173,0.0,0.0,0.0
2023,7,16,8,81.0426,84.01497269471419,83.80827300930713,0.0,0.0,0.0,0.20669968540705952,0.0
2023,7,16,9,81.0426,322.57964497536585,83.80827300930713,0.0,0.0,0.0,238.77137196605872,0.0
2023,7,16,10,81.0426,888.1294740935139,83.80827300930713,0.0,0.0,0.0,804.3212010842067,0.0
2023,7,16,11,81.0426,1077.6130212622609,83.80827300930713,0.0,0.0,0.0,993.8047482529537,0.0
2023,7,16,12,81.0426,1203.4338195500798,83.80827300930713,0.0,0.0,0.0,1119.6255465407726,0.0
2023,7,16,13,81.0426,1161.9537536369214,83.80827300930713,0.0,0.0,0.0,1078.1454806276142,0.0
2023,7,16,14,81.0426,1079.4900175133798,83.80827300930713,0.0,0.0,0.0,995.6817445040726,0.0
2023,7,16,15,81.0426,902.8196844225195,83.80827300930713,0.0,0.0,-0.0,819.0114114132123,0.0
2023,7,16,16,81.0426,729.9498809310322,685.2852938412829,601.4770208319758,0.0,562.7668566760979,44.664587089749375,0.0
2023,7,16,17,81.0426,414.8782209601422,414.8782209601422,331.06994795083506,0.0,872.5296364586,0.0,0.0
2023,7,16,18,81.0426,148.51538932407547,148.51538932407547,64.70711631476834,0.0,933.0722992567012,0.0,0.0
2023,7,16,19,81.0426,42.17812237018609,42.17812237018609,0.0,41.63015063912104,890.8032854513348,0.0,0.0
2023,7,16,20,81.0426,10.889680729632296,10.889680729632296,0.0,72.91859227967483,816.765672413225,0.0,0.0
2023,7,16,21,81.0426,0.0,0.0,0.0,83.80827300930713,731.6712638067537,0.0,0.0
2023,7,16,22,81.0426,0.0,0.0,0.0,83.80827300930713,646.5768552002824,0.0,0.0
2023,7,16,23,81.0426,0.0,0.0,0.0,83.80827300930713,561.482446593811,0.0,0.0
2023,7,17,0,81.0426,0.0,0.0,0.0,83.80827300930713,476.38803798733966,0.0,0.0
2023,7,17,1,81.0426,0.0,0.0,0.0,83.80827300930713,391.29362938086825,0.0,0.0
2023,7,17,2,81.0426,0.0,0.0,0.0,83.80827300930713,306.19922077439685,0.0,0.0
2023,7,17,3,81.0426,0.0,0.0,0.0,83.80827300930713,221.10481216792545,0.0,0.0
2023,7,17,4,81.0426,0.0,0.0,0.0,83.80827300930713,136.01040356145407,0.0,0.0
2023,7,17,5,81.0426,4.219363473589782,4.219363473589782,0.0,79.58890953571735,55.20010947719694,0.0,0.0
2023,7,17,6,81.0426,29.44247012085811,29.44247012085811,0.0,54.36580288844902,0.0,0.0,0.0
2023,7,17,7,81.0426,102.90903413159783,83.80827300930713,0.0,0.0,0.0,19.100761122290706,0.0
2023,7,17,8,81.0426,293.4008850716069,83.80827300930713,0.0,0.0,0.0,209.5926120622998,0.0
2023,7,17,9,81.0426,472.90998108771356,83.80827300930713,0.0,0.0,0.0,389.10170807840643,0.0
2023,7,17,10,81.0426,895.683996195125,83.80827300930713,0.0,0.0,0.0,811.8757231858178,0.0
2023,7,17,11,81.0426,1099.7491671328955,83.80827300930713,0.0,0.0,0.0,1015.9408941235884,0.0
2023,7,17,12,81.0426,1201.262088350438,83.80827300930713,0.0,0.0,0.0,1117.4538153411308,0.0
2023,7,17,13,81.0426,1154.2130831467693,83.80827300930713,0.0,0.0,0.0,1070.4048101374622,0.0
2023,7,17,14,81.0426,855.1346722246702,83.80827300930713,0.0,0.0,-0.0,771.3263992153632,0.0
2023,7,17,15,81.0426,657.1038115487615,357.71509719969134,273.9068241903842,0.0,256.2785894273026,299.3887143490702,0.0
2023,7,17,16,81.0426,550.3477107206554,550.3477107206554,466.5394377113483,0.0,692.7922446174557,0.0,0.0
2023,7,17,17,81.0426,307.71879862353126,307.71879862353126,223.91052561422413,0.0,902.2922226919479,0.0,0.0
2023,7,17,18,81.0426,110.89790247313731,110.89790247313731,27.08962946383018,0.0,927.6384039987458,0.0,0.0
2023,7,17,19,81.0426,41.69723903312239,41.69723903312239,0.0,42.111033976184736,884.8811271412151,0.0,0.0
2023,7,17,20,81.0426,8.019893072962931,8.019893072962931,0.0,75.7883799363442,807.9296862111582,0.0,0.0
2023,7,17,21,81.0426,0.0,0.0,0.0,83.80827300930713,722.8352776046869,0.0,0.0
2023,7,17,22,81.0426,0.0,0.0,0.0,83.80827300930713,637.7408689982155,0.0,0.0
2023,7,17,23,81.0426,0.0,0.0,0.0,83.80827300930713,552.6464603917442,0.0,0.0
2023,7,18,0,81.0426,0.0,0.0,0.0,83.80827300930713,467.5520517852728,0.0,0.0
2023,7,18,1,81.0426,0.0,0.0,0.0,83.80827300930713,382.4576431788014,0.0,0.0
2023,7,18,2,81.0426,0.0,0.0,0.0,83.80827300930713,297.36323457233,0.0,0.0
2023,7,18,3,81.0426,0.0,0.0,0.0,83.80827300930713,212.26882596585858,0.0,0.0
2023,7,18,4,81.0426,0.0,0.0,0.0,83.80827300930713,127.17441735938719,0.0,0.0
2023,7,18,5,81.0426,4.576147884959505,4.576147884959505,0.0,79.23212512434762,46.72638295899377,0.0,0.0
2023,7,18,6,81.0426,37.78812287376731,37.78812287376731,0.0,46.02015013553983,0.0,0.0,0.0
2023,7,18,7,81.0426,105.65472286257355,83.80827300930713,0.0,0.0,0.0,21.84644985326642,0.0
2023,7,18,8,81.0426,399.5054665398207,83.80827300930713,0.0,0.0,0.0,315.6971935305136,0.0
2023,7,18,9,81.0426,657.8328927372128,83.80827300930713,0.0,0.0,0.0,574.0246197279057,0.0
2023,7,18,10,81.0426,900.229119348661,83.80827300930713,0.0,0.0,0.0,816.4208463393538,0.0
2023,7,18,11,81.0426,846.4632597918147,83.80827300930713,0.0,0.0,0.0,762.6549867825076,0.0
2023,7,18,12,81.0426,822.7293402528722,83.80827300930713,0.0,0.0,0.0,738.9210672435652,0.0
2023,7,18,13,81.0426,674.927519751536,83.80827300930713,0.0,0.0,-0.0,591.1192467422288,0.0
2023,7,18,14,81.0426,512.3734394583473,296.26334720315174,212.4550741938446,0.0,198.78178242549558,216.11009225519558,0.0
2023,7,18,15,81.0426,413.5441575089338,413.5441575089338,329.73588449962665,0.0,507.2963570911928,0.0,0.0
2023,7,18,16,81.0426,326.0854396262162,326.0854396262162,242.27716661690908,0.0,733.9809265412327,0.0,0.0
2023,7,18,17,81.0426,228.5436840308759,228.5436840308759,144.73541102156878,0.0,869.4013823346475,0.0,0.0
2023,7,18,18,81.0426,151.55581300357414,151.55581300357414,67.74753999426702,0.0,932.7887916780253,0.0,0.0
2023,7,18,19,81.0426,36.62469544538777,36.62469544538777,0.0,47.18357756391936,884.8811271412151,0.0,0.0
2023,7,18,20,81.0426,9.32293179274801,9.32293179274801,0.0,74.48534121655912,809.2527215783127,0.0,0.0
2023,7,18,21,81.0426,0.0,0.0,0.0,83.80827300930713,724.1583129718414,0.0,0.0
2023,7,18,22,81.0426,0.0,0.0,0.0,83.80827300930713,639.06390436537,0.0,0.0
2023,7,18,23,81.0426,0.0,0.0,0.0,83.80827300930713,553.9694957588987,0.0,0.0
2023,7,19,0,81.0426,0.0,0.0,0.0,83.80827300930713,468.87508715242734,0.0,0.0
2023,7,19,1,81.0426,0.0,0.0,0.0,83.80827300930713,383.78067854595594,0.0,0.0
2023,7,19,2,81.0426,0.0,0.0,0.0,83.80827300930713,298.68626993948453,0.0,0.0
2023,7,19,3,81.0426,0.0,0.0,0.0,83.80827300930713,213.59186133301313,0.0,0.0
2023,7,19,4,81.0426,0.0,0.0,0.0,83.80827300930713,128.49745272654175,0.0,0.0
2023,7,19,5,81.0426,4.095264547895964,4.095264547895964,0.0,79.71300846141116,47.5611552739842,0.0,0.0
2023,7,19,6,81.0426,36.96596749104562,36.96596749104562,0.0,46.84230551826152,0.0,0.0,0.0
2023,7,19,7,81.0426,113.95383851834755,83.80827300930713,0.0,0.0,0.0,30.145565509040424,0.0
2023,7,19,8,81.0426,375.67847280660783,83.80827300930713,0.0,0.0,0.0,291.8701997973007,0.0
2023,7,19,9,81.0426,726.0873018688121,83.80827300930713,0.0,0.0,0.0,642.2790288595049,0.0
2023,7,19,10,81.0426,815.6091643911896,83.80827300930713,0.0,0.0,0.0,731.8008913818824,0.0
2023,7,19,11,81.0426,1080.7310067703181,83.80827300930713,0.0,0.0,0.0,996.9227337610109,0.0
2023,7,19,12,81.0426,921.5275974708622,83.80827300930713,0.0,0.0,0.0,837.7193244615551,0.0
2023,7,19,13,81.0426,1035.6055349149037,83.80827300930713,0.0,0.0,-0.0,951.7972619055965,0.0
2023,7,19,14,81.0426,821.1160542188527,92.77478232534007,8.96650931603293,0.0,8.389438147048395,728.3412718935126,0.0
2023,7,19,15,81.0426,739.1021767009512,83.80827300930713,0.0,0.0,8.389438147048395,655.2939036916441,0.0
2023,7,19,16,81.0426,720.9992459153657,720.9992459153657,637.1909729060585,0.0,604.5717501973375,0.0,0.0
2023,7,19,17,81.0426,408.42507682406386,408.42507682406386,324.61680381475674,0.0,908.2967005776203,0.0,0.0
2023,7,19,18,81.0426,122.2064170769864,122.2064170769864,38.39814406767926,0.0,944.2235973512884,0.0,0.0
2023,7,19,19,81.0426,27.767134623991577,27.767134623991577,0.0,56.04113838531555,887.3224424020358,0.0,0.0
2023,7,19,20,81.0426,9.043709209936923,9.043709209936923,0.0,74.76456379937021,811.4105292604575,0.0,0.0
2023,7,19,21,81.0426,0.0,0.0,0.0,83.80827300930713,726.3161206539861,0.0,0.0
2023,7,19,22,81.0426,0.0,0.0,0.0,83.80827300930713,641.2217120475148,0.0,0.0
2023,7,19,23,81.0426,0.0,0.0,0.0,83.80827300930713,556.1273034410434,0.0,0.0
2023,7,20,0,81.0426,0.0,0.0,0.0,83.80827300930713,471.03289483457206,0.0,0.0
2023,7,20,1,81.0426,0.0,0.0,0.0,83.80827300930713,385.93848622810066,0.0,0.0
2023,7,20,2,81.0426,0.0,0.0,0.0,83.80827300930713,300.84407762162925,0.0,0.0
2023,7,20,3,81.0426,0.0,0.0,0.0,83.80827300930713,215.74966901515785,0.0,0.0
2023,7,20,4,81.0426,0.0,0.0,0.0,83.80827300930713,130.65526040868644,0.0,0.0
2023,7,20,5,81.0426,2.233780662488553,2.233780662488553,0.0,81.57449234681857,47.828912431622435,0.0,0.0
2023,7,20,6,81.0426,36.70225727394641,36.70225727394641,0.0,47.10601573536073,0.0,0.0,0.0
2023,7,20,7,81.0426,98.78274485227843,83.80827300930713,0.0,0.0,0.0,14.974471842971298,0.0
2023,7,20,8,81.0426,371.72281955011726,83.80827300930713,0.0,0.0,0.0,287.91454654081014,0.0
2023,7,20,9,81.0426,554.6911731199391,83.80827300930713,0.0,0.0,0.0,470.88290011063197,0.0
2023,7,20,10,81.0426,712.9017910138441,83.80827300930713,0.0,0.0,0.0,629.0935180045369,0.0
2023,7,20,11,81.0426,764.86821614813,83.80827300930713,0.0,0.0,0.0,681.059943138823,0.0
2023,7,20,12,81.0426,966.978829006223,83.80827300930713,0.0,0.0,0.0,883.1705559969159,0.0
2023,7,20,13,81.0426,1128.4780684310142,83.80827300930713,0.0,0.0,0.0,1044.669795421707,0.0
2023,7,20,14,81.0426,1065.0480050357621,83.80827300930713,0.0,0.0,-0.0,981.2397320264549,0.0
2023,7,20,15,81.0426,856.111951264509,111.95130685550636,28.143033846199224,0.0,26.33179015392335,744.1606444090027,0.0
2023,7,20,16,81.0426,602.3916976835,602.3916976835,518.5834246741929,0.0,511.5399589124572,0.0,0.0
2023,7,20,17,81.0426,444.84811151519904,444.84811151519904,361.0398385058919,0.0,849.3438117841133,0.0,0.0
2023,7,20,18,81.0426,166.6803695725081,166.6803695725081,82.87209656320098,0.0,926.8823837889431,0.0,0.0
2023,7,20,19,81.0426,46.5836342323166,46.5836342323166,0.0,37.22463877699053,889.0864895582415,0.0,0.0
2023,7,20,20,81.0426,7.492472638764208,7.492472638764208,0.0,76.31580037054293,811.599534312908,0.0,0.0
2023,7,20,21,81.0426,0.0,0.0,0.0,83.80827300930713,726.5051257064366,0.0,0.0
2023,7,20,22,81.0426,0.0,0.0,0.0,83.80827300930713,641.4107170999653,0.0,0.0
2023,7,20,23,81.0426,0.0,0.0,0.0,83.80827300930713,556.3163084934939,0.0,0.0
2023,7,21,0,81.0426,0.0,0.0,0.0,83.80827300930713,471.2218998870225,0.0,0.0
2023,7,21,1,81.0426,0.0,0.0,0.0,83.80827300930713,386.1274912805511,0.0,0.0
2023,7,21,2,81.0426,0.0,0.0,0.0,83.80827300930713,301.0330826740797,0.0,0.0
2023,7,21,3,81.0426,0.0,0.0,0.0,83.80827300930713,215.9386740676083,0.0,0.0
2023,7,21,4,81.0426,0.0,0.0,0.0,83.80827300930713,130.8442654611369,0.0,0.0
2023,7,21,5,81.0426,3.1334978737688823,3.1334978737688823,0.0,80.67477513553825,48.931441904251095,0.0,0.0
2023,7,21,6,81.0426,35.61639167412551,35.61639167412551,0.0,48.19188133518162,0.0,0.0,0.0
2023,7,21,7,81.0426,104.80154274842855,83.80827300930713,0.0,0.0,0.0,20.993269739121416,0.0
2023,7,21,8,81.0426,402.77857570499515,83.80827300930713,0.0,0.0,0.0,318.970302695688,0.0
2023,7,21,9,81.0426,720.1305534355089,83.80827300930713,0.0,0.0,0.0,636.3222804262018,0.0
2023,7,21,10,81.0426,878.12399820945,83.80827300930713,0.0,0.0,0.0,794.3157252001429,0.0
2023,7,21,11,81.0426,821.2866902416816,83.80827300930713,0.0,0.0,-0.0,737.4784172323746,0.0
2023,7,21,12,81.0426,601.0110971351563,83.80827300930713,-0.0,0.0,0.0,517.2028241258492,0.0
2023,7,21,13,81.0426,698.4597785362262,522.6347894009809,438.82651639167386,0.0,410.5842961619186,175.82498913524523,0.0
2023,7,21,14,81.0426,518.3301878916506,518.3301878916506,434.5219148823434,0.0,817.1410285487519,0.0,0.0
2023,7,21,15,81.0426,153.60344527752213,153.60344527752213,69.79517226821498,0.0,882.4442876062956,0.0,0.0
2023,7,21,16,81.0426,88.18779907116878,88.18779907116878,4.379526061861652,0.0,886.5419539014365,0.0,0.0
2023,7,21,17,81.0426,111.47186000447121,111.47186000447121,27.66358699516408,0.0,912.4251536887202,0.0,0.0
2023,7,21,18,81.0426,99.89963518352278,99.89963518352278,16.091362174215643,0.0,927.48089978837,0.0,0.0
2023,7,21,19,81.0426,49.05010038048122,49.05010038048122,0.0,34.75817262882591,892.1893225026394,0.0,0.0
2023,7,21,20,81.0426,2.0010951768128007,2.0010951768128007,0.0,81.80717783249433,809.1267182100122,0.0,0.0
2023,7,21,21,81.0426,0.0,0.0,0.0,83.80827300930713,724.0323096035409,0.0,0.0
2023,7,21,22,81.0426,0.0,0.0,0.0,83.80827300930713,638.9379009970695,0.0,0.0
2023,7,21,23,81.0426,0.0,0.0,0.0,83.80827300930713,553.8434923905982,0.0,0.0
2023,7,22,0,81.0426,0.0,0.0,0.0,83.80827300930713,468.7490837841268,0.0,0.0
2023,7,22,1,81.0426,0.0,0.0,0.0,83.80827300930713,383.6546751776554,0.0,0.0
2023,7,22,2,81.0426,0.0,0.0,0.0,83.80827300930713,298.560266571184,0.0,0.0
2023,7,22,3,81.0426,0.0,0.0,0.0,83.80827300930713,213.4658579647126,0.0,0.0
2023,7,22,4,81.0426,0.0,0.0,0.0,83.80827300930713,128.3714493582412,0.0,0.0
2023,7,22,5,81.0426,2.419929051029434,2.419929051029434,0.0,81.3883439582777,45.73410643362796,0.0,0.0
2023,7,22,6,81.0426,38.76540191360612,38.76540191360612,0.0,45.04287109570101,0.0,0.0,0.0
2023,7,22,7,81.0426,113.36436862130176,83.80827300930713,0.0,0.0,0.0,29.556095611994635,0.0
2023,7,22,8,81.0426,357.0481215868234,83.80827300930713,0.0,0.0,0.0,273.2398485775163,0.0
2023,7,22,9,81.0426,626.8702107766054,83.80827300930713,0.0,0.0,0.0,543.0619377672983,0.0
2023,7,22,10,81.0426,961.223741327172,83.80827300930713,0.0,0.0,0.0,877.4154683178649,0.0
2023,7,22,11,81.0426,1111.3369043195555,83.80827300930713,0.0,0.0,0.0,1027.5286313102483,0.0
2023,7,22,12,81.0426,983.4374490263655,83.80827300930713,0.0,0.0,0.0,899.6291760170584,0.0
2023,7,22,13,81.0426,1045.595498433256,83.80827300930713,0.0,0.0,0.0,961.7872254239487,0.0
2023,7,22,14,81.0426,834.5497629252083,83.80827300930713,0.0,0.0,-0.0,750.7414899159012,0.0
2023,7,22,15,81.0426,679.5812294650542,436.9010555809738,353.09278257166665,0.0,330.3682576069412,242.68017388408043,0.0
2023,7,22,16,81.0426,528.1495153871739,528.1495153871739,444.34124237786676,0.0,746.1123602139787,0.0,0.0
2023,7,22,17,81.0426,336.6803854073257,336.6803854073257,252.87211239801854,0.0,982.7100005335279,0.0,0.0
2023,7,22,18,81.0426,115.45853799238509,115.45853799238509,31.65026498307796,0.0,1012.3233016582406,0.0,0.0
2023,7,22,19,81.0426,41.04571967323001,41.04571967323001,0.0,42.76255333607712,968.9045071171328,0.0,0.0
2023,7,22,20,81.0426,4.8553704677705944,4.8553704677705944,0.0,78.95290254153653,888.7399802954153,0.0,0.0
2023,7,22,21,81.0426,0.0,0.0,0.0,83.80827300930713,803.645571688944,0.0,0.0
2023,7,22,22,81.0426,0.0,0.0,0.0,83.80827300930713,718.5511630824726,0.0,0.0
2023,7,22,23,81.0426,0.0,0.0,0.0,83.80827300930713,633.4567544760013,0.0,0.0
2023,7,23,0,81.0426,0.0,0.0,0.0,83.80827300930713,548.3623458695299,0.0,0.0
2023,7,23,1,81.0426,0.0,0.0,0.0,83.80827300930713,463.26793726305857,0.0,0.0
2023,7,23,2,81.0426,0.0,0.0,0.0,83.80827300930713,378.17352865658717,0.0,0.0
2023,7,23,3,81.0426,0.0,0.0,0.0,83.80827300930713,293.07912005011576,0.0,0.0
2023,7,23,4,81.0426,0.0,0.0,0.0,83.80827300930713,207.98471144364436,0.0,0.0
2023,7,23,5,81.0426,0.0,0.0,0.0,83.80827300930713,122.89030283717295,0.0,0.0
2023,7,23,6,81.0426,11.184415678155267,11.184415678155267,0.0,72.62385733115187,49.151947798776824,0.0,0.0
2023,7,23,7,81.0426,35.39921855416133,35.39921855416133,0.0,48.4090544551458,0.0,0.0,0.0
2023,7,23,8,81.0426,146.390195221569,83.80827300930713,0.0,0.0,0.0,62.58192221226187,0.0
2023,7,23,9,81.0426,261.910782676801,83.80827300930713,0.0,0.0,0.0,178.10250966749385,0.0
2023,7,23,10,81.0426,581.0932195612986,83.80827300930713,0.0,0.0,0.0,497.2849465519915,0.0
2023,7,23,11,81.0426,865.4193706915453,83.80827300930713,0.0,0.0,0.0,781.6110976822381,0.0
2023,7,23,12,81.0426,1068.3211142009363,83.80827300930713,0.0,0.0,-0.0,984.5128411916291,0.0
2023,7,23,13,81.0426,974.9676973477624,83.80827300930713,0.0,0.0,-0.0,891.1594243384552,0.0
2023,7,23,14,81.0426,882.9793686772205,472.0961219754293,388.28784896612217,0.0,363.29822201009887,410.88324670179117,0.0
2023,7,23,15,81.0426,581.1552690241455,581.1552690241455,497.34699601483834,0.0,828.6367069906555,0.0,0.0
2023,7,23,16,81.0426,205.4302591204025,205.4302591204025,121.62198611109537,0.0,942.4312834347744,0.0,0.0
2023,7,23,17,81.0426,147.21235060429055,147.21235060429055,63.40407759498342,0.0,1001.754769142043,0.0,0.0
2023,7,23,18,81.0426,55.42568268800106,55.42568268800106,0.0,28.382590321306072,972.9366149027462,0.0,0.0
2023,7,23,19,81.0426,8.904097918531377,8.904097918531377,0.0,74.90417509077575,896.8829479718299,0.0,0.0
2023,7,23,20,81.0426,5.413815633392772,5.413815633392772,0.0,78.39445737591436,817.2854363074644,0.0,0.0
2023,7,23,21,81.0426,0.0,0.0,0.0,83.80827300930713,732.191027700993,0.0,0.0
2023,7,23,22,81.0426,0.0,0.0,0.0,83.80827300930713,647.0966190945217,0.0,0.0
2023,7,23,23,81.0426,0.0,0.0,0.0,83.80827300930713,562.0022104880503,0.0,0.0
2023,7,24,0,81.0426,0.0,0.0,0.0,83.80827300930713,476.9078018815789,0.0,0.0
2023,7,24,1,81.0426,0.0,0.0,0.0,83.80827300930713,391.8133932751075,0.0,0.0
2023,7,24,2,81.0426,0.0,0.0,0.0,83.80827300930713,306.7189846686361,0.0,0.0
2023,7,24,3,81.0426,0.0,0.0,0.0,83.80827300930713,221.6245760621647,0.0,0.0
2023,7,24,4,81.0426,0.0,0.0,0.0,83.80827300930713,136.53016745569332,0.0,0.0
2023,7,24,5,81.0426,0.0,0.0,0.0,83.80827300930713,51.43575884922192,0.0,0.0
2023,7,24,6,81.0426,33.149925525960896,33.149925525960896,0.0,50.65834748334623,0.0,0.0,0.0
2023,7,24,7,81.0426,87.72242809981681,83.80827300930713,0.0,0.0,0.0,3.9141550905096807,0.0
2023,7,24,8,81.0426,303.63904644134703,83.80827300930713,0.0,0.0,0.0,219.8307734320399,0.0
2023,7,24,9,81.0426,625.4740978625498,83.80827300930713,0.0,0.0,0.0,541.6658248532426,0.0
2023,7,24,10,81.0426,928.9890453782032,83.80827300930713,0.0,0.0,0.0,845.180772368896,0.0
2023,7,24,11,81.0426,1043.1755693822265,83.80827300930713,0.0,0.0,0.0,959.3672963729193,0.0
2023,7,24,12,81.0426,1050.6835543867026,83.80827300930713,0.0,0.0,0.0,966.8752813773954,0.0
2023,7,24,13,81.0426,782.6143625223459,83.80827300930713,0.0,0.0,-0.0,698.8060895130388,0.0
2023,7,24,14,81.0426,746.9359213853735,236.68295974660555,152.8746867372984,0.0,143.03589986112877,510.25296163876794,0.0
2023,7,24,15,81.0426,407.2616493956843,407.2616493956843,323.45337638637716,0.0,445.6722992674537,0.0,0.0
2023,7,24,16,81.0426,370.497342658891,370.497342658891,286.68906964958387,0.0,713.910487896711,0.0,0.0
2023,7,24,17,81.0426,273.3899333034791,273.3899333034791,189.58166029417197,0.0,891.2909552329538,0.0,0.0
2023,7,24,18,81.0426,141.03842905102314,141.03842905102314,57.23015604171601,0.0,944.8378637717528,0.0,0.0
2023,7,24,19,81.0426,35.042434142791606,35.042434142791606,0.0,48.76583886651552,895.3236562891123,0.0,0.0
2023,7,24,20,81.0426,5.80162477618595,5.80162477618595,0.0,78.00664823312118,816.1199051506854,0.0,0.0
2023,7,24,21,81.0426,0.0,0.0,0.0,83.80827300930713,731.0254965442141,0.0,0.0
2023,7,24,22,81.0426,0.0,0.0,0.0,83.80827300930713,645.9310879377427,0.0,0.0
2023,7,24,23,81.0426,0.0,0.0,0.0,83.80827300930713,560.8366793312714,0.0,0.0
2023,7,25,0,81.0426,0.0,0.0,0.0,83.80827300930713,475.74227072480005,0.0,0.0
2023,7,25,1,81.0426,0.0,0.0,0.0,83.80827300930713,390.64786211832865,0.0,0.0
2023,7,25,2,81.0426,0.0,0.0,0.0,83.80827300930713,305.55345351185724,0.0,0.0
2023,7,25,3,81.0426,0.0,0.0,0.0,83.80827300930713,220.45904490538584,0.0,0.0
2023,7,25,4,81.0426,0.0,0.0,0.0,83.80827300930713,135.36463629891443,0.0,0.0
2023,7,25,5,81.0426,0.8376677484332655,0.8376677484332655,0.0,82.97060526087387,51.12075042847088,0.0,0.0
2023,7,25,6,81.0426,33.46017284019543,33.46017284019543,0.0,50.348100169111696,0.0,0.0,0.0
2023,7,25,7,81.0426,112.40260194717484,83.80827300930713,0.0,0.0,0.0,28.594328937867715,0.0
2023,7,25,8,81.0426,298.90777489927024,83.80827300930713,0.0,0.0,0.0,215.0995018899631,0.0
2023,7,25,9,81.0426,594.7441013876183,83.80827300930713,0.0,0.0,0.0,510.9358283783112,0.0
2023,7,25,10,81.0426,875.2852352842038,83.80827300930713,0.0,0.0,0.0,791.4769622748968,0.0
2023,7,25,11,81.0426,1010.0411562219775,83.80827300930713,0.0,0.0,0.0,926.2328832126705,0.0
2023,7,25,12,81.0426,1098.4306160473989,83.80827300930713,0.0,0.0,0.0,1014.6223430380917,0.0
2023,7,25,13,81.0426,854.8554496418592,83.80827300930713,0.0,0.0,0.0,771.047176632552,0.0
2023,7,25,14,81.0426,692.2548322515353,83.80827300930713,0.0,0.0,-0.0,608.4465592422282,0.0
2023,7,25,15,81.0426,669.7619019695309,513.7172777480682,429.90900473876104,0.0,402.2407022614558,156.04462422146264,0.0
2023,7,25,16,81.0426,429.92521570051747,429.92521570051747,346.11694269121034,0.0,726.0820746404793,0.0,0.0
2023,7,25,17,81.0426,238.9059443263095,238.9059443263095,155.09767131700238,0.0,871.1978911086117,0.0,0.0
2023,7,25,18,81.0426,147.61567211279544,147.61567211279544,63.80739910348831,0.0,930.8987411535189,0.0,0.0
2023,7,25,19,81.0426,30.776533572066644,30.776533572066644,0.0,53.03173943724049,877.0531678855515,0.0,0.0
2023,7,25,20,81.0426,4.5606355192477785,4.5606355192477785,0.0,79.24763749005935,796.5893830641205,0.0,0.0
2023,7,25,21,81.0426,0.0,0.0,0.0,83.80827300930713,711.4949744576492,0.0,0.0
2023,7,25,22,81.0426,0.0,0.0,0.0,83.80827300930713,626.4005658511778,0.0,0.0
2023,7,25,23,81.0426,0.0,0.0,0.0,83.80827300930713,541.3061572447065,0.0,0.0
2023,7,26,0,81.0426,0.0,0.0,0.0,83.80827300930713,456.21174863823506,0.0,0.0
2023,7,26,1,81.0426,0.0,0.0,0.0,83.80827300930713,371.11734003176366,0.0,0.0
2023,7,26,2,81.0426,0.0,0.0,0.0,83.80827300930713,286.02293142529226,0.0,0.0
2023,7,26,3,81.0426,0.0,0.0,0.0,83.80827300930713,200.92852281882085,0.0,0.0
2023,7,26,4,81.0426,0.0,0.0,0.0,83.80827300930713,115.83411421234946,0.0,0.0
2023,7,26,5,81.0426,1.799434422560348,1.799434422560348,0.0,82.00883858674678,32.56675444623416,0.0,0.0
2023,7,26,6,81.0426,51.733739648610005,51.733739648610005,0.0,32.074533360697124,0.0,0.0,0.0
2023,7,26,7,81.0426,148.70153771261636,83.80827300930713,0.0,0.0,0.0,64.89326470330923,0.0
2023,7,26,8,81.0426,351.61879358771887,83.80827300930713,0.0,0.0,0.0,267.81052057841174,0.0
2023,7,26,9,81.0426,417.3757118397304,83.80827300930713,0.0,0.0,0.0,333.56743883042327,0.0
2023,7,26,10,81.0426,471.99475151072164,83.80827300930713,0.0,0.0,0.0,388.1864785014145,0.0
2023,7,26,11,81.0426,631.9737790957636,83.80827300930713,0.0,0.0,0.0,548.1655060864564,0.0
2023,7,26,12,81.0426,941.2127895590442,83.80827300930713,0.0,0.0,0.0,857.4045165497371,0.0
2023,7,26,13,81.0426,983.065152249284,83.80827300930713,0.0,0.0,-0.0,899.2568792399768,0.0
2023,7,26,14,81.0426,1015.5635584153522,83.80827300930713,0.0,0.0,-0.0,931.755285406045,0.0
2023,7,26,15,81.0426,875.4093342098976,188.9669284361191,105.15865542681198,0.0,98.39080117304081,686.4424057737784,0.0
2023,7,26,16,81.0426,641.8086189569987,641.8086189569987,558.0003459476916,0.0,620.4790769292663,0.0,0.0
2023,7,26,17,81.0426,383.1709454453719,383.1709454453719,299.36267243606477,0.0,900.5752141681708,0.0,0.0
2023,7,26,18,81.0426,143.30323444493516,143.30323444493516,59.49496143562803,0.0,956.2411686029409,0.0,0.0
2023,7,26,19,81.0426,32.25020831468072,32.25020831468072,0.0,51.55806469462641,903.8918853335409,0.0,0.0
2023,7,26,20,81.0426,3.800529599373149,0.0,0.0,83.80827300930713,818.7974767270696,3.800529599373149,0.0
2023,7,26,21,81.0426,0.0,0.0,0.0,83.80827300930713,733.7030681205982,0.0,0.0
2023,7,26,22,81.0426,0.0,0.0,0.0,83.80827300930713,648.6086595141269,0.0,0.0
2023,7,26,23,81.0426,0.0,0.0,0.0,83.80827300930713,563.5142509076555,0.0,0.0
2023,7,27,0,81.0426,0.0,0.0,0.0,83.80827300930713,478.41984230118413,0.0,0.0
2023,7,27,1,81.0426,0.0,0.0,0.0,83.80827300930713,393.32543369471273,0.0,0.0
2023,7,27,2,81.0426,0.0,0.0,0.0,83.80827300930713,308.2310250882413,0.0,0.0
2023,7,27,3,81.0426,0.0,0.0,0.0,83.80827300930713,223.13661648176992,0.0,0.0
2023,7,27,4,81.0426,0.0,0.0,0.0,83.80827300930713,138.04220787529852,0.0,0.0
2023,7,27,5,81.0426,0.915229576991746,0.915229576991746,0.0,82.8930434323154,53.87707411004255,0.0,0.0
2023,7,27,6,81.0426,30.74550884064319,30.74550884064319,0.0,53.062764168663946,0.0,0.0,0.0
2023,7,27,7,81.0426,100.05475884064005,83.80827300930713,0.0,0.0,0.0,16.24648583133292,0.0
2023,7,27,8,81.0426,409.666066081002,83.80827300930713,0.0,0.0,0.0,325.85779307169486,0.0
2023,7,27,9,81.0426,705.6264914950441,83.80827300930713,0.0,0.0,0.0,621.8182184857369,0.0
2023,7,27,10,81.0426,979.3887215756047,83.80827300930713,0.0,0.0,0.0,895.5804485662975,0.0
2023,7,27,11,81.0426,1107.2571521373713,83.80827300930713,0.0,0.0,0.0,1023.4488791280642,0.0
2023,7,27,12,81.0426,1033.092531669604,83.80827300930713,0.0,0.0,0.0,949.2842586602969,0.0
2023,7,27,13,81.0426,871.0503594449024,83.80827300930713,0.0,0.0,-0.0,787.2420864355952,0.0
2023,7,27,14,81.0426,814.2130514771341,765.4028947721683,681.5946217628613,0.0,637.728208280085,48.81015670496572,0.0
2023,7,27,15,81.0426,557.7160844337257,557.7160844337257,473.9078114244185,0.0,1081.1360196386377,0.0,0.0
2023,7,27,16,81.0426,152.00567160921423,152.00567160921423,68.1973985999071,0.0,1144.9443353586125,0.0,0.0
2023,7,27,17,81.0426,94.70299267009418,94.70299267009418,10.894719660787045,0.0,1155.1378871079173,0.0,0.0
2023,7,27,18,81.0426,61.5065300469981,61.5065300469981,0.0,22.301742962309028,1132.4938979153412,0.0,0.0
2023,7,27,19,81.0426,10.719044706803453,10.719044706803453,0.0,73.08922830250367,1058.2830302458185,0.0,0.0
2023,7,27,20,81.0426,0.0,0.0,0.0,83.80827300930713,973.1886216393472,0.0,0.0
2023,7,27,21,81.0426,0.0,0.0,0.0,83.80827300930713,888.0942130328758,0.0,0.0
2023,7,27,22,81.0426,0.0,0.0,0.0,83.80827300930713,802.9998044264045,0.0,0.0
2023,7,27,23,81.0426,0.0,0.0,0.0,83.80827300930713,717.9053958199331,0.0,0.0
2023,7,28,0,81.0426,0.0,0.0,0.0,83.80827300930713,632.8109872134618,0.0,0.0
2023,7,28,1,81.0426,0.0,0.0,0.0,83.80827300930713,547.7165786069904,0.0,0.0
2023,7,28,2,81.0426,0.0,0.0,0.0,83.80827300930713,462.6221700005191,0.0,0.0
2023,7,28,3,81.0426,0.0,0.0,0.0,83.80827300930713,377.5277613940477,0.0,0.0
2023,7,28,4,81.0426,0.0,0.0,0.0,83.80827300930713,292.43335278757627,0.0,0.0
2023,7,28,5,81.0426,0.0,0.0,0.0,83.80827300930713,207.33894418110486,0.0,0.0
2023,7,28,6,81.0426,0.0,0.0,0.0,83.80827300930713,122.24453557463346,0.0,0.0
2023,7,28,7,81.0426,8.671412432855314,8.671412432855314,0.0,75.13686057645182,45.95461232815369,0.0,0.0
2023,7,28,8,81.0426,38.54822879364194,38.54822879364194,0.0,45.26004421566519,0.0,0.0,0.0
2023,7,28,9,81.0426,85.78338238585091,83.80827300930713,0.0,0.0,0.0,1.9751093765437844,0.0
2023,7,28,10,81.0426,94.90465342434663,83.80827300930713,0.0,0.0,0.0,11.096380415039505,0.0
2023,7,28,11,81.0426,130.73821821843632,83.80827300930713,0.0,0.0,0.0,46.92994520912919,0.0
2023,7,28,12,81.0426,288.7316629923772,83.80827300930713,0.0,0.0,0.0,204.92338998307008,0.0
2023,7,28,13,81.0426,406.765253692909,83.80827300930713,0.0,0.0,-0.0,322.9569806836019,0.0
2023,7,28,14,81.0426,665.0461427931659,102.74589476271,18.937621753402865,0.0,17.718824656579216,562.3002480304559,0.0
2023,7,28,15,81.0426,435.9905506938029,435.9905506938029,352.1822776844957,0.0,347.23517611316964,0.0,0.0
2023,7,28,16,81.0426,456.4203363361476,456.4203363361476,372.6120633268404,0.0,695.8664826724598,0.0,0.0
2023,7,28,17,81.0426,337.5956149843177,337.5956149843177,253.78734197501058,0.0,933.3204497581893,0.0,0.0
2023,7,28,18,81.0426,113.86076432407721,113.86076432407721,30.05249131477008,0.0,961.4388075453331,0.0,0.0
2023,7,28,19,81.0426,28.418653983884116,28.418653983884116,0.0,55.389619025423016,905.1991702796578,0.0,0.0
2023,7,28,20,81.0426,0.3567844113697242,0.0,0.0,83.80827300930713,820.1047616731864,0.3567844113697242,0.0
2023,7,28,21,81.0426,0.0,0.0,0.0,83.80827300930713,735.0103530667151,0.0,0.0
2023,7,28,22,81.0426,0.0,0.0,0.0,83.80827300930713,649.9159444602437,0.0,0.0
2023,7,28,23,81.0426,0.0,0.0,0.0,83.80827300930713,564.8215358537724,0.0,0.0
2023,7,29,0,81.0426,0.0,0.0,0.0,83.80827300930713,479.727127247301,0.0,0.0
2023,7,29,1,81.0426,0.0,0.0,0.0,83.80827300930713,394.6327186408296,0.0,0.0
2023,7,29,2,81.0426,0.0,0.0,0.0,83.80827300930713,309.5383100343582,0.0,0.0
2023,7,29,3,81.0426,0.0,0.0,0.0,83.80827300930713,224.44390142788677,0.0,0.0
2023,7,29,4,81.0426,0.0,0.0,0.0,83.80827300930713,139.34949282141537,0.0,0.0
2023,7,29,5,81.0426,0.0,0.0,0.0,83.80827300930713,54.25508421494396,0.0,0.0
2023,7,29,6,81.0426,30.37321206356158,30.37321206356158,0.0,53.435060945745555,0.0,0.0,0.0
2023,7,29,7,81.0426,104.58436962846436,83.80827300930713,0.0,0.0,0.0,20.77609661915723,0.0
2023,7,29,8,81.0426,342.1562505035655,83.80827300930713,0.0,0.0,0.0,258.3479774942584,0.0
2023,7,29,9,81.0426,649.3786534243214,83.80827300930713,0.0,0.0,0.0,565.5703804150144,0.0
2023,7,29,10,81.0426,873.1445288159854,83.80827300930713,0.0,0.0,0.0,789.3362558066783,0.0
2023,7,29,11,81.0426,1021.6754305057727,83.80827300930713,0.0,0.0,-0.0,937.8671574964656,0.0
2023,7,29,12,81.0426,814.44573696281,85.29274663283029,1.4844736235231555,0.0,1.3889351147166735,729.1529903299797,0.0
2023,7,29,13,81.0426,532.4309283236106,532.4309283236106,448.6226553143035,0.0,421.1389053059191,0.0,0.0
2023,7,29,14,81.0426,379.7737373545036,379.7737373545036,295.9654643451965,0.0,698.0564737008666,0.0,0.0
2023,7,29,15,81.0426,197.11563109891674,197.11563109891674,113.30735808960961,0.0,804.0715391844335,0.0,0.0
2023,7,29,16,81.0426,122.42359019695058,122.42359019695058,38.615317187643456,0.0,840.2016321399071,0.0,0.0
2023,7,29,17,81.0426,125.46401387644909,125.46401387644909,41.65574086714196,0.0,879.1764716406572,0.0,0.0
2023,7,29,18,81.0426,146.34365812443383,146.34365812443383,62.535385115126694,0.0,937.6871726207039,0.0,0.0
2023,7,29,19,81.0426,40.4717621418961,40.4717621418961,0.0,43.33651086741103,893.6856125012067,0.0,0.0
2023,7,29,20,81.0426,3.9401408907786934,3.9401408907786934,0.0,79.86813211852844,812.5918108382737,0.0,0.0
2023,7,29,21,81.0426,0.0,0.0,0.0,83.80827300930713,727.4974022318023,0.0,0.0
2023,7,29,22,81.0426,0.0,0.0,0.0,83.80827300930713,642.402993625331,0.0,0.0
2023,7,29,23,81.0426,0.0,0.0,0.0,83.80827300930713,557.3085850188596,0.0,0.0
2023,7,30,0,81.0426,0.0,0.0,0.0,83.80827300930713,472.21417641238827,0.0,0.0
2023,7,30,1,81.0426,0.0,0.0,0.0,83.80827300930713,387.11976780591687,0.0,0.0
2023,7,30,2,81.0426,0.0,0.0,0.0,83.80827300930713,302.02535919944546,0.0,0.0
2023,7,30,3,81.0426,0.0,0.0,0.0,83.80827300930713,216.93095059297406,0.0,0.0
2023,7,30,4,81.0426,0.0,0.0,0.0,83.80827300930713,131.83654198650268,0.0,0.0
2023,7,30,5,81.0426,0.5274204341987228,0.5274204341987228,0.0,83.2808525751084,47.2776476953081,0.0,0.0
2023,7,30,6,81.0426,37.24519007385686,37.24519007385686,0.0,46.563082935450275,0.0,0.0,0.0
2023,7,30,7,81.0426,106.78712555952961,83.80827300930713,0.0,0.0,0.0,22.978852550222484,0.0
2023,7,30,8,81.0426,311.84508790285065,83.80827300930713,0.0,0.0,0.0,228.03681489354352,0.0
2023,7,30,9,81.0426,631.6325070501056,83.80827300930713,0.0,0.0,0.0,547.8242340407985,0.0
2023,7,30,10,81.0426,881.7849165174175,83.80827300930713,0.0,0.0,0.0,797.9766435081103,0.0
2023,7,30,11,81.0426,1078.9315723477575,83.80827300930713,0.0,0.0,0.0,995.1232993384504,0.0
2023,7,30,12,81.0426,978.8302764099825,83.80827300930713,0.0,0.0,0.0,895.0220034006754,0.0
2023,7,30,13,81.0426,1007.1558561995961,83.80827300930713,0.0,0.0,0.0,923.347583190289,0.0
2023,7,30,14,81.0426,1035.977831691985,83.80827300930713,0.0,0.0,-0.0,952.1695586826779,0.0
2023,7,30,15,81.0426,773.6482151409676,457.73621365731157,373.92794064800444,0.0,349.8624959782617,315.91200148365607,0.0
2023,7,30,16,81.0426,590.7884481311281,590.7884481311281,506.980175121821,0.0,824.2141830231893,0.0,0.0
2023,7,30,17,81.0426,256.853751454778,256.853751454778,173.04547844547082,0.0,986.1227125162447,0.0,0.0
2023,7,30,18,81.0426,144.37358767904448,144.37358767904448,60.56531466973735,0.0,1042.7901338470563,0.0,0.0
2023,7,30,19,81.0426,30.078477115038922,30.078477115038922,0.0,53.72979589426821,988.2357916323989,0.0,0.0
2023,7,30,20,81.0426,1.8614838854072564,1.8614838854072564,0.0,81.94678912389988,905.0314335504338,0.0,0.0
2023,7,30,21,81.0426,0.0,0.0,0.0,83.80827300930713,819.9370249439625,0.0,0.0
2023,7,30,22,81.0426,0.0,0.0,0.0,83.80827300930713,734.8426163374911,0.0,0.0
2023,7,30,23,81.0426,0.0,0.0,0.0,83.80827300930713,649.7482077310198,0.0,0.0
2023,7,31,0,81.0426,0.0,0.0,0.0,83.80827300930713,564.6537991245484,0.0,0.0
2023,7,31,1,81.0426,0.0,0.0,0.0,83.80827300930713,479.55939051807707,0.0,0.0
2023,7,31,2,81.0426,0.0,0.0,0.0,83.80827300930713,394.46498191160566,0.0,0.0
2023,7,31,3,81.0426,0.0,0.0,0.0,83.80827300930713,309.37057330513426,0.0,0.0
2023,7,31,4,81.0426,0.0,0.0,0.0,83.80827300930713,224.27616469866285,0.0,0.0
2023,7,31,5,81.0426,0.0,0.0,0.0,83.80827300930713,139.18175609219145,0.0,0.0
2023,7,31,6,81.0426,22.1206335049229,22.1206335049229,0.0,61.68763950438424,76.54744788526976,0.0,0.0
2023,7,31,7,81.0426,29.53554431512832,29.53554431512832,0.0,54.27272869417881,21.441840934297982,0.0,0.0
2023,7,31,8,81.0426,80.32302965532313,80.32302965532313,0.0,3.4852433539840053,17.90311246027289,0.0,0.0
2023,7,31,9,81.0426,66.17575212622796,66.17575212622796,0.0,17.63252088307917,0.0,0.0,0.0
2023,7,31,10,81.0426,101.5129212175424,83.80827300930713,0.0,0.0,0.0,17.70464820823527,0.0
2023,7,31,11,81.0426,257.8000057631933,83.80827300930713,0.0,0.0,0.0,173.9917327538862,0.0
2023,7,31,12,81.0426,436.99885446506505,83.80827300930713,0.0,0.0,0.0,353.1905814557579,0.0
2023,7,31,13,81.0426,701.252004364337,83.80827300930713,0.0,0.0,-0.0,617.44373135503,0.0
2023,7,31,14,81.0426,751.4810445389095,251.61617751149092,167.8079045021838,0.0,157.0080379986419,499.86486702741854,0.0
2023,7,31,15,81.0426,585.1574593777711,585.1574593777711,501.349186368464,0.0,626.0911383296136,0.0,0.0
2023,7,31,16,81.0426,353.9611608101898,353.9611608101898,270.1528878008827,0.0,878.8573891156834,0.0,0.0
2023,7,31,17,81.0426,225.86004476274715,225.86004476274715,142.05177175344002,0.0,1011.766920662502,0.0,0.0
2023,7,31,18,81.0426,69.07656451432095,69.07656451432095,0.0,14.731708494986181,996.8091369362514,0.0,0.0
2023,7,31,19,81.0426,21.438089413606907,21.438089413606907,0.0,62.370183595700226,933.4818102036775,0.0,0.0
2023,7,31,20,81.0426,0.4653709713518141,0.0,0.0,83.80827300930713,848.3874015972061,0.4653709713518141,0.0
2023,7,31,21,81.0426,0.0,0.0,0.0,83.80827300930713,763.2929929907348,0.0,0.0
2023,7,31,22,81.0426,0.0,0.0,0.0,83.80827300930713,678.1985843842634,0.0,0.0
2023,7,31,23,81.0426,0.0,0.0,0.0,83.80827300930713,593.1041757777921,0.0,0.0
2023,8,1,0,81.0426,0.0,0.0,0.0,83.80827300930713,508.00976717132073,0.0,0.0
2023,8,1,1,81.0426,0.0,0.0,0.0,83.80827300930713,422.9153585648493,0.0,0.0
2023,8,1,2,81.0426,0.0,0.0,0.0,83.80827300930713,337.8209499583779,0.0,0.0
2023,8,1,3,81.0426,0.0,0.0,0.0,83.80827300930713,252.72654135190652,0.0,0.0
2023,8,1,4,81.0426,0.0,0.0,0.0,83.80827300930713,167.63213274543511,0.0,0.0
2023,8,1,5,81.0426,0.0,0.0,0.0,83.80827300930713,82.53772413896371,0.0,0.0
2023,8,1,6,81.0426,11.417101163831175,11.417101163831175,0.0,72.39117184547595,9.035625416130879,0.0,0.0
2023,8,1,7,81.0426,74.90921402193035,74.90921402193035,0.0,8.899058987376778,0.0,0.0,0.0
2023,8,1,8,81.0426,228.15587488808274,83.80827300930713,0.0,0.0,-0.0,144.3476018787756,0.0
2023,8,1,9,81.0426,172.34238305728834,105.22679030580137,21.41851729649424,0.0,20.0400534619558,67.11559275148697,0.0
2023,8,1,10,81.0426,66.90483331467915,66.90483331467915,0.0,16.90343969462798,2.877210790447885,0.0,0.0
2023,8,1,11,81.0426,80.97454901521567,80.97454901521567,0.0,2.833723994091459,0.0,0.0,0.0
2023,8,1,12,81.0426,130.8468047784184,83.80827300930713,0.0,0.0,0.0,47.03853176911127,0.0
2023,8,1,13,81.0426,233.80237600715142,83.80827300930713,0.0,0.0,-0.0,149.9941029978443,0.0
2023,8,1,14,81.0426,437.3866636078584,168.6041021134596,84.79582910415245,0.0,79.3384959880591,268.7825614943988,0.0
2023,8,1,15,81.0426,480.324891897919,480.324891897919,396.51661888861184,0.0,450.3358965589362,0.0,0.0
2023,8,1,16,81.0426,362.49296195163976,362.49296195163976,278.6846889423326,0.0,711.0848544873635,0.0,0.0
2023,8,1,17,81.0426,293.2767861459133,293.2767861459133,209.4685131366062,0.0,907.0722864717924,0.0,0.0
2023,8,1,18,81.0426,141.42623819381632,141.42623819381632,57.61796518450919,0.0,960.982045335244,0.0,0.0
2023,8,1,19,81.0426,28.83748785810075,28.83748785810075,0.0,54.97078515120638,905.1676694375825,0.0,0.0
2023,8,1,20,81.0426,1.1634274283795354,0.0,0.0,83.80827300930713,820.0732608311112,1.1634274283795354,0.0
2023,8,1,21,81.0426,0.0,0.0,0.0,83.80827300930713,734.9788522246398,0.0,0.0
2023,8,1,22,81.0426,0.0,0.0,0.0,83.80827300930713,649.8844436181685,0.0,0.0
2023,8,1,23,81.0426,0.0,0.0,0.0,83.80827300930713,564.7900350116971,0.0,0.0
2023,8,2,0,81.0426,0.0,0.0,0.0,83.80827300930713,479.6956264052257,0.0,0.0
2023,8,2,1,81.0426,0.0,0.0,0.0,83.80827300930713,394.6012177987543,0.0,0.0
2023,8,2,2,81.0426,0.0,0.0,0.0,83.80827300930713,309.5068091922829,0.0,0.0
2023,8,2,3,81.0426,0.0,0.0,0.0,83.80827300930713,224.4124005858115,0.0,0.0
2023,8,2,4,81.0426,0.0,0.0,0.0,83.80827300930713,139.3179919793401,0.0,0.0
2023,8,2,5,81.0426,0.0,0.0,0.0,83.80827300930713,54.2235833728687,0.0,0.0
2023,8,2,6,81.0426,30.40423679498519,30.40423679498519,0.0,53.40403621432194,0.0,0.0,0.0
2023,8,2,7,81.0426,104.32065941136501,83.80827300930713,0.0,0.0,0.0,20.512386402057885,0.0
2023,8,2,8,81.0426,354.53511834152374,83.80827300930713,0.0,0.0,0.0,270.7268453322166,0.0
2023,8,2,9,81.0426,565.8290517009591,83.80827300930713,0.0,0.0,0.0,482.02077869165197,0.0
2023,8,2,10,81.0426,767.9706892904754,83.80827300930713,0.0,0.0,0.0,684.1624162811684,0.0
2023,8,2,11,81.0426,870.1816669650456,83.80827300930713,0.0,0.0,0.0,786.3733939557385,0.0
2023,8,2,12,81.0426,766.3574032564557,83.80827300930713,0.0,0.0,0.0,682.5491302471485,0.0
2023,8,2,13,81.0426,790.6652803267323,83.80827300930713,0.0,0.0,-0.0,706.8570073174251,0.0
2023,8,2,14,81.0426,640.2884071172494,364.5745536555772,280.76628064627005,0.0,262.6965814943077,275.7138534616723,0.0
2023,8,2,15,81.0426,566.061737186635,566.061737186635,482.2534641773279,0.0,713.9129318393847,0.0,0.0
2023,8,2,16,81.0426,363.3616544314965,363.3616544314965,279.5533814221894,0.0,975.4746744950338,0.0,0.0
2023,8,2,17,81.0426,163.9967303043793,163.9967303043793,80.18845729507217,0.0,1050.5023222532675,0.0,0.0
2023,8,2,18,81.0426,32.68455455460908,32.68455455460908,0.0,51.12371845469806,998.594050772919,0.0,0.0
2023,8,2,19,81.0426,0.0,0.0,0.0,83.80827300930713,913.4996421664476,0.0,0.0
2023,8,2,20,81.0426,0.0,0.0,0.0,83.80827300930713,828.4052335599763,0.0,0.0
2023,8,2,21,81.0426,0.0,0.0,0.0,83.80827300930713,743.310824953505,0.0,0.0
2023,8,2,22,81.0426,0.0,0.0,0.0,83.80827300930713,658.2164163470336,0.0,0.0
2023,8,2,23,81.0426,0.0,0.0,0.0,83.80827300930713,573.1220077405623,0.0,0.0
2023,8,3,0,81.0426,0.0,0.0,0.0,83.80827300930713,488.0275991340909,0.0,0.0
2023,8,3,1,81.0426,0.0,0.0,0.0,83.80827300930713,402.9331905276195,0.0,0.0
2023,8,3,2,81.0426,0.0,0.0,0.0,83.80827300930713,317.8387819211481,0.0,0.0
2023,8,3,3,81.0426,0.0,0.0,0.0,83.80827300930713,232.7443733146767,0.0,0.0
2023,8,3,4,81.0426,0.0,0.0,0.0,83.80827300930713,147.6499647082053,0.0,0.0
2023,8,3,5,81.0426,0.0,0.0,0.0,83.80827300930713,62.55555610173391,0.0,0.0
2023,8,3,6,81.0426,22.198195333481536,22.198195333481536,0.0,61.61007767582559,0.0,0.0,0.0
2023,8,3,7,81.0426,89.35122649954832,83.80827300930713,0.0,0.0,0.0,5.542953490241189,0.0
2023,8,3,8,81.0426,341.9390773836013,83.80827300930713,0.0,0.0,0.0,258.13080437429414,0.0
2023,8,3,9,81.0426,551.5731876118818,83.80827300930713,0.0,0.0,0.0,467.7649146025747,0.0
2023,8,3,10,81.0426,765.6283220680046,83.80827300930713,0.0,0.0,0.0,681.8200490586976,0.0
2023,8,3,11,81.0426,849.2554856199257,83.80827300930713,0.0,0.0,0.0,765.4472126106186,0.0
2023,8,3,12,81.0426,1004.1929943486563,83.80827300930713,0.0,0.0,0.0,920.3847213393492,0.0
2023,8,3,13,81.0426,1164.2030466651217,83.80827300930713,0.0,0.0,0.0,1080.3947736558146,0.0
2023,8,3,14,81.0426,990.8988969337062,83.80827300930713,0.0,0.0,-0.0,907.0906239243991,0.0
2023,8,3,15,81.0426,750.7209386190349,168.38418509074864,84.57591208144152,0.0,79.13273249699603,582.3367535282862,0.0
2023,8,3,16,81.0426,654.0478755035514,654.0478755035514,570.2396024942443,0.0,612.672564499258,0.0,0.0
2023,8,3,17,81.0426,421.54853821618497,421.54853821618497,337.74026520687784,0.0,928.6763698657851,0.0,0.0
2023,8,3,18,81.0426,140.4334467882658,140.4334467882658,56.62517377895867,0.0,981.657231898126,0.0,0.0
2023,8,3,19,81.0426,26.433071172783045,26.433071172783045,0.0,57.37520183652409,923.4015407396439,0.0,0.0
2023,8,3,20,81.0426,0.0,0.0,0.0,83.80827300930713,838.3071321331726,0.0,0.0
2023,8,3,21,81.0426,0.0,0.0,0.0,83.80827300930713,753.2127235267012,0.0,0.0
2023,8,3,22,81.0426,0.0,0.0,0.0,83.80827300930713,668.1183149202299,0.0,0.0
2023,8,3,23,81.0426,0.0,0.0,0.0,83.80827300930713,583.0239063137585,0.0,0.0
2023,8,4,0,81.0426,0.0,0.0,0.0,83.80827300930713,497.92949770728717,0.0,0.0
2023,8,4,1,81.0426,0.0,0.0,0.0,83.80827300930713,412.83508910081576,0.0,0.0
2023,8,4,2,81.0426,0.0,0.0,0.0,83.80827300930713,327.74068049434436,0.0,0.0
2023,8,4,3,81.0426,0.0,0.0,0.0,83.80827300930713,242.64627188787296,0.0,0.0
2023,8,4,4,81.0426,0.0,0.0,0.0,83.80827300930713,157.55186328140155,0.0,0.0
2023,8,4,5,81.0426,0.0,0.0,0.0,83.80827300930713,72.45745467493018,0.0,0.0
2023,8,4,6,81.0426,15.791588294538228,15.791588294538228,0.0,68.0166847147689,3.3969746846871214,0.0,0.0
2023,8,4,7,81.0426,80.46264094672867,80.46264094672867,0.0,3.3456320625784617,0.0,0.0,0.0
2023,8,4,8,81.0426,236.90484914949684,83.80827300930713,0.0,-0.0,0.0,153.0965761401897,0.0
2023,8,4,9,81.0426,598.5756557184151,83.80827300930713,0.0,0.0,0.0,514.767382709108,0.0
2023,8,4,10,81.0426,931.4555115263678,83.80827300930713,0.0,0.0,0.0,847.6472385170607,0.0
2023,8,4,11,81.0426,1037.978926868798,83.80827300930713,0.0,0.0,0.0,954.1706538594908,0.0
2023,8,4,12,81.0426,1142.7804696172266,83.80827300930713,0.0,0.0,0.0,1058.9721966079194,0.0
2023,8,4,13,81.0426,1128.2764076767617,83.80827300930713,0.0,0.0,0.0,1044.4681346674545,0.0
2023,8,4,14,81.0426,856.4377109444554,83.80827300930713,0.0,0.0,-0.0,772.6294379351482,0.0
2023,8,4,15,81.0426,823.4739338070352,166.15346537547435,82.34519236616723,0.0,77.04557857621307,657.3204684315608,0.0
2023,8,4,16,81.0426,648.7271340644289,648.7271340644289,564.9188610551219,0.0,605.6071041242411,0.0,0.0
2023,8,4,17,81.0426,398.41960093999967,398.41960093999967,314.61132793069254,0.0,899.9705161284863,0.0,0.0
2023,8,4,18,81.0426,143.22567261637667,143.22567261637667,59.417399607069534,0.0,955.5639004983261,0.0,0.0
2023,8,4,19,81.0426,30.093989480750494,30.093989480750494,0.0,53.714283528556635,901.0253087047062,0.0,0.0
2023,8,4,20,81.0426,1.3650881826319883,1.3650881826319883,0.0,82.44318482667515,817.3169371495394,0.0,0.0
2023,8,4,21,81.0426,0.0,0.0,0.0,83.80827300930713,732.222528543068,0.0,0.0
2023,8,4,22,81.0426,0.0,0.0,0.0,83.80827300930713,647.1281199365967,0.0,0.0
2023,8,4,23,81.0426,0.0,0.0,0.0,83.80827300930713,562.0337113301254,0.0,0.0
2023,8,5,0,81.0426,0.0,0.0,0.0,83.80827300930713,476.939302723654,0.0,0.0
2023,8,5,1,81.0426,0.0,0.0,0.0,83.80827300930713,391.8448941171826,0.0,0.0
2023,8,5,2,81.0426,0.0,0.0,0.0,83.80827300930713,306.7504855107112,0.0,0.0
2023,8,5,3,81.0426,0.0,0.0,0.0,83.80827300930713,221.6560769042398,0.0,0.0
2023,8,5,4,81.0426,0.0,0.0,0.0,83.80827300930713,136.56166829776842,0.0,0.0
2023,8,5,5,81.0426,0.0,0.0,0.0,83.80827300930713,51.46725969129702,0.0,0.0
2023,8,5,6,81.0426,33.118900794537446,33.118900794537446,0.0,50.68937221476968,0.0,0.0,0.0
2023,8,5,7,81.0426,127.43408432183844,83.80827300930713,0.0,0.0,0.0,43.62581131253131,0.0
2023,8,5,8,81.0426,333.87264721350306,83.80827300930713,0.0,0.0,0.0,250.06437420419593,0.0
2023,8,5,9,81.0426,445.9805142121552,83.80827300930713,0.0,0.0,-0.0,362.17224120284806,0.0
2023,8,5,10,81.0426,737.5509401297785,83.80827300930713,0.0,0.0,-0.0,653.7426671204714,0.0
2023,8,5,11,81.0426,768.0637634847459,731.4404708577415,647.6321978484343,0.0,605.9515553250214,36.62329262700439,0.0
2023,8,5,12,81.0426,560.3531866047194,560.3531866047194,476.5449135954123,0.0,1051.826748891212,0.0,0.0
2023,8,5,13,81.0426,611.1716966763375,611.1716966763375,527.3634236670305,0.0,1545.249848999881,0.0,0.0
2023,8,5,14,81.0426,474.01135905324617,474.01135905324617,390.20308604393904,0.0,1910.3400462854136,0.0,0.0
2023,8,5,15,81.0426,331.5302799910324,331.5302799910324,247.72200698172526,0.0,2142.119034293576,0.0,0.0
2023,8,5,16,81.0426,151.64888719784452,151.64888719784452,67.84061418853739,0.0,2205.5935277148706,0.0,0.0
2023,8,5,17,81.0426,113.72115303267165,113.72115303267165,29.91288002336452,0.0,2233.5812593851397,0.0,0.0
2023,8,5,18,81.0426,50.97363372873538,50.97363372873538,0.0,32.83463928057175,2200.2427343080653,0.0,0.0
2023,8,5,19,81.0426,17.528973254251664,17.528973254251664,0.0,66.27929975505546,2132.946301474028,0.0,0.0
2023,8,5,20,81.0426,0.0,0.0,0.0,83.80827300930713,2047.851892867557,0.0,0.0
2023,8,5,21,81.0426,0.0,0.0,0.0,83.80827300930713,1962.7574842610854,0.0,0.0
2023,8,5,22,81.0426,0.0,0.0,0.0,83.80827300930713,1877.663075654614,0.0,0.0
2023,8,5,23,81.0426,0.0,0.0,0.0,83.80827300930713,1792.5686670481425,0.0,0.0
2023,8,6,0,81.0426,0.0,0.0,0.0,83.80827300930713,1707.474258441671,0.0,0.0
2023,8,6,1,81.0426,0.0,0.0,0.0,83.80827300930713,1622.3798498351996,0.0,0.0
2023,8,6,2,81.0426,0.0,0.0,0.0,83.80827300930713,1537.2854412287281,0.0,0.0
2023,8,6,3,81.0426,0.0,0.0,0.0,83.80827300930713,1452.1910326222567,0.0,0.0
2023,8,6,4,81.0426,0.0,0.0,0.0,83.80827300930713,1367.0966240157852,0.0,0.0
2023,8,6,5,81.0426,0.0,0.0,0.0,83.80827300930713,1282.0022154093137,0.0,0.0
2023,8,6,6,81.0426,2.745688730975704,2.745688730975704,0.0,81.06258427833143,1199.695631326489,0.0,0.0
2023,8,6,7,81.0426,25.42476740152078,25.42476740152078,0.0,58.383505607786354,1140.416162800566,0.0,0.0
2023,8,6,8,81.0426,40.16151482766156,40.16151482766156,0.0,43.646758181645566,1096.0995942603179,0.0,0.0
2023,8,6,9,81.0426,53.05229073410682,53.05229073410682,0.0,30.75598227520031,1064.8716256022756,0.0,0.0
2023,8,6,10,81.0426,80.55571514099903,80.55571514099903,0.0,3.252557868308104,1061.5691534438138,0.0,0.0
2023,8,6,11,81.0426,87.07090873992443,87.07090873992443,3.262635730617303,0.0,1064.6218108039552,0.0,0.0
2023,8,6,12,81.0426,90.34401790509885,90.34401790509885,6.535744895791721,0.0,1070.7369249041647,0.0,0.0
2023,8,6,13,81.0426,126.93768861906318,126.93768861906318,43.12941560975605,0.0,1111.0905956385946,0.0,0.0
2023,8,6,14,81.0426,125.1227418307911,125.1227418307911,41.31446882148396,0.0,1149.7461268536504,0.0,0.0
2023,8,6,15,81.0426,44.25677937555753,44.25677937555753,0.0,39.5514936337496,1109.587669467316,0.0,0.0
2023,8,6,16,81.0426,41.48006591315837,41.48006591315837,0.0,42.32820709614876,1066.6098867152596,0.0,0.0
2023,8,6,17,81.0426,50.446213294536655,50.446213294536655,0.0,33.362059714770474,1032.7358473229085,0.0,0.0
2023,8,6,18,81.0426,33.847981982988614,33.847981982988614,0.0,49.960291026318515,982.0088574203764,0.0,0.0
2023,8,6,19,81.0426,12.440917300805165,12.440917300805165,0.0,71.36735570850198,909.546286486022,0.0,0.0
2023,8,6,20,81.0426,0.0,0.0,0.0,83.80827300930713,824.4518778795507,0.0,0.0
2023,8,6,21,81.0426,0.0,0.0,0.0,83.80827300930713,739.3574692730793,0.0,0.0
2023,8,6,22,81.0426,0.0,0.0,0.0,83.80827300930713,654.263060666608,0.0,0.0
2023,8,6,23,81.0426,0.0,0.0,0.0,83.80827300930713,569.1686520601367,0.0,0.0
2023,8,7,0,81.0426,0.0,0.0,0.0,83.80827300930713,484.07424345366525,0.0,0.0
2023,8,7,1,81.0426,0.0,0.0,0.0,83.80827300930713,398.97983484719384,0.0,0.0
2023,8,7,2,81.0426,0.0,0.0,0.0,83.80827300930713,313.88542624072244,0.0,0.0
2023,8,7,3,81.0426,0.0,0.0,0.0,83.80827300930713,228.79101763425103,0.0,0.0
2023,8,7,4,81.0426,0.0,0.0,0.0,83.80827300930713,143.69660902777966,0.0,0.0
2023,8,7,5,81.0426,0.0,0.0,0.0,83.80827300930713,58.60220042130827,0.0,0.0
2023,8,7,6,81.0426,26.09179912712505,26.09179912712505,0.0,57.716473882182086,0.0,0.0,0.0
2023,8,7,7,81.0426,128.5509746530828,83.80827300930713,0.0,0.0,0.0,44.74270164377566,0.0
2023,8,7,8,81.0426,235.69488462398212,83.80827300930713,0.0,-0.0,0.0,151.886611614675,0.0
2023,8,7,9,81.0426,330.5995380483288,83.80827300930713,0.0,0.0,0.0,246.79126503902165,0.0
2023,8,7,10,81.0426,477.7033020926372,83.80827300930713,0.0,0.0,0.0,393.8950290833301,0.0
2023,8,7,11,81.0426,587.3757276745481,83.80827300930713,0.0,0.0,0.0,503.567454665241,0.0
2023,8,7,12,81.0426,672.026707363443,83.80827300930713,0.0,0.0,-0.0,588.218434354136,0.0
2023,8,7,13,81.0426,537.7206450313096,83.80827300930713,0.0,0.0,-0.0,453.91237202200244,0.0
2023,8,7,14,81.0426,526.9240384959475,444.5212464068513,360.71297339754415,0.0,337.49802431426997,82.40279208909618,0.0
2023,8,7,15,81.0426,398.18691545432387,398.18691545432387,314.37864244501674,0.0,631.6437261237237,0.0,0.0
2023,8,7,16,81.0426,281.03752959936054,281.03752959936054,197.22925659005338,0.0,816.179601862116,0.0,0.0
2023,8,7,17,81.0426,224.85174099148486,224.85174099148486,141.04346798217773,0.0,948.1457225648378,0.0,0.0
2023,8,7,18,81.0426,106.6009771709889,106.6009771709889,22.792704161681765,0.0,969.4715222744848,0.0,0.0
2023,8,7,19,81.0426,29.194272269470474,29.194272269470474,0.0,54.614000739836655,914.019406060687,0.0,0.0
2023,8,7,20,81.0426,0.0,0.0,0.0,83.80827300930713,828.9249974542156,0.0,0.0
2023,8,7,21,81.0426,0.0,0.0,0.0,83.80827300930713,743.8305888477443,0.0,0.0
2023,8,7,22,81.0426,0.0,0.0,0.0,83.80827300930713,658.7361802412729,0.0,0.0
2023,8,7,23,81.0426,0.0,0.0,0.0,83.80827300930713,573.6417716348016,0.0,0.0
2023,8,8,0,81.0426,0.0,0.0,0.0,83.80827300930713,488.54736302833015,0.0,0.0
2023,8,8,1,81.0426,0.0,0.0,0.0,83.80827300930713,403.45295442185875,0.0,0.0
2023,8,8,2,81.0426,0.0,0.0,0.0,83.80827300930713,318.35854581538734,0.0,0.0
2023,8,8,3,81.0426,0.0,0.0,0.0,83.80827300930713,233.26413720891594,0.0,0.0
2023,8,8,4,81.0426,0.0,0.0,0.0,83.80827300930713,148.16972860244454,0.0,0.0
2023,8,8,5,81.0426,0.0,0.0,0.0,83.80827300930713,63.075319995973146,0.0,0.0
2023,8,8,6,81.0426,21.68628726499454,21.68628726499454,0.0,62.121985744312596,0.0,0.0,0.0
2023,8,8,7,81.0426,100.30295669202768,83.80827300930713,0.0,0.0,0.0,16.49468368272055,0.0
2023,8,8,8,81.0426,316.74699546775645,83.80827300930713,0.0,0.0,0.0,232.93872245844932,0.0
2023,8,8,9,81.0426,574.8417361794726,83.80827300930713,0.0,0.0,0.0,491.0334631701655,0.0
2023,8,8,10,81.0426,642.3825764883325,83.80827300930713,0.0,0.0,0.0,558.5743034790253,0.0
2023,8,8,11,81.0426,1075.037968554114,83.80827300930713,0.0,0.0,0.0,991.2296955448069,0.0
2023,8,8,12,81.0426,1268.1669216651171,83.80827300930713,0.0,0.0,0.0,1184.35864865581,0.0
2023,8,8,13,81.0426,1157.998100380431,83.80827300930713,0.0,0.0,0.0,1074.1898273711238,0.0
2023,8,8,14,81.0426,1037.2653580460585,83.80827300930713,0.0,0.0,-0.0,953.4570850367513,0.0
2023,8,8,15,81.0426,931.6881970120436,218.9308261510307,135.12255314172356,0.0,126.42626711230491,712.7573708610129,0.0
2023,8,8,16,81.0426,662.9985105192179,662.9985105192179,579.1902375099108,0.0,668.3406846075492,0.0,0.0
2023,8,8,17,81.0426,360.01098343776346,360.01098343776346,276.2027104284563,0.0,926.7674004581997,0.0,0.0
2023,8,8,18,81.0426,136.77252848029818,136.77252848029818,52.96425547099104,0.0,976.3229554258199,0.0,0.0
2023,8,8,19,81.0426,25.92116310429605,25.92116310429605,0.0,57.88710990501108,917.5475003730986,0.0,0.0
2023,8,8,20,81.0426,0.0,0.0,0.0,83.80827300930713,832.4530917666273,0.0,0.0
2023,8,8,21,81.0426,0.0,0.0,0.0,83.80827300930713,747.3586831601559,0.0,0.0
2023,8,8,22,81.0426,0.0,0.0,0.0,83.80827300930713,662.2642745536846,0.0,0.0
2023,8,8,23,81.0426,0.0,0.0,0.0,83.80827300930713,577.1698659472132,0.0,0.0
2023,8,9,0,81.0426,0.0,0.0,0.0,83.80827300930713,492.0754573407419,0.0,0.0
2023,8,9,1,81.0426,0.0,0.0,0.0,83.80827300930713,406.9810487342705,0.0,0.0
2023,8,9,2,81.0426,0.0,0.0,0.0,83.80827300930713,321.88664012779907,0.0,0.0
2023,8,9,3,81.0426,0.0,0.0,0.0,83.80827300930713,236.79223152132766,0.0,0.0
2023,8,9,4,81.0426,0.0,0.0,0.0,83.80827300930713,151.69782291485626,0.0,0.0
2023,8,9,5,81.0426,0.0,0.0,0.0,83.80827300930713,66.60341430838488,0.0,0.0
2023,8,9,6,81.0426,18.21151734556766,18.21151734556766,0.0,65.59675566373947,0.0,0.0,0.0
2023,8,9,7,81.0426,90.43709209936921,83.80827300930713,0.0,0.0,0.0,6.6288190900620805,0.0
2023,8,9,8,81.0426,237.3391953894252,83.80827300930713,0.0,0.0,0.0,153.53092238011808,0.0
2023,8,9,9,81.0426,566.0152000894998,83.80827300930713,0.0,0.0,0.0,482.20692708019266,0.0
2023,8,9,10,81.0426,712.3743705796454,83.80827300930713,0.0,0.0,0.0,628.5660975703383,0.0
2023,8,9,11,81.0426,926.212331915804,83.80827300930713,0.0,0.0,0.0,842.4040589064969,0.0
2023,8,9,12,81.0426,845.0206097806241,83.80827300930713,0.0,0.0,0.0,761.212336771317,0.0
2023,8,9,13,81.0426,711.5832399283473,83.80827300930713,0.0,0.0,0.0,627.7749669190403,0.0
2023,8,9,14,81.0426,733.3781137533238,83.80827300930713,0.0,0.0,-0.0,649.5698407440166,0.0
2023,8,9,15,81.0426,595.5197196732047,312.3854086574294,228.5771356481223,0.0,213.8662520453205,283.13431101577527,0.0
2023,8,9,16,81.0426,568.3730796776823,568.3730796776823,484.5648066683752,0.0,667.245190325327,0.0,0.0
2023,8,9,17,81.0426,357.591054386734,357.591054386734,273.7827813774269,0.0,923.4077201501452,0.0,0.0
2023,8,9,18,81.0426,140.7281817367886,140.7281817367886,56.91990872748147,0.0,976.6643484292222,0.0,0.0
2023,8,9,19,81.0426,33.32056154878989,33.32056154878989,0.0,50.48771146051724,925.4018442114133,0.0,0.0
2023,8,9,20,81.0426,0.0,0.0,0.0,83.80827300930713,840.3074356049419,0.0,0.0
2023,8,9,21,81.0426,0.0,0.0,0.0,83.80827300930713,755.2130269984706,0.0,0.0
2023,8,9,22,81.0426,0.0,0.0,0.0,83.80827300930713,670.1186183919992,0.0,0.0
2023,8,9,23,81.0426,0.0,0.0,0.0,83.80827300930713,585.0242097855279,0.0,0.0
2023,8,10,0,81.0426,0.0,0.0,0.0,83.80827300930713,499.9298011790565,0.0,0.0
2023,8,10,1,81.0426,0.0,0.0,0.0,83.80827300930713,414.8353925725851,0.0,0.0
2023,8,10,2,81.0426,0.0,0.0,0.0,83.80827300930713,329.7409839661137,0.0,0.0
2023,8,10,3,81.0426,0.0,0.0,0.0,83.80827300930713,244.64657535964227,0.0,0.0
2023,8,10,4,81.0426,0.0,0.0,0.0,83.80827300930713,159.55216675317087,0.0,0.0
2023,8,10,5,81.0426,0.0,0.0,0.0,83.80827300930713,74.45775814669949,0.0,0.0
2023,8,10,6,81.0426,14.891871083258051,14.891871083258051,0.0,68.91640192604908,4.4837537362784,0.0,0.0
2023,8,10,7,81.0426,79.39228771261934,79.39228771261934,0.0,4.415985296687795,0.0,0.0,0.0
2023,8,10,8,81.0426,276.3062580572838,83.80827300930713,0.0,0.0,0.0,192.49798504797667,0.0
2023,8,10,9,81.0426,278.26081613696124,83.80827300930713,0.0,0.0,0.0,194.4525431276541,0.0
2023,8,10,10,81.0426,696.6913688450893,83.80827300930713,0.0,0.0,0.0,612.8830958357821,0.0
2023,8,10,11,81.0426,950.1789369404224,83.80827300930713,0.0,0.0,0.0,866.3706639311154,0.0
2023,8,10,12,81.0426,901.935479576951,83.80827300930713,0.0,0.0,0.0,818.127206567644,0.0
2023,8,10,13,81.0426,759.7025983661249,83.80827300930713,0.0,0.0,0.0,675.8943253568177,0.0
2023,8,10,14,81.0426,928.4461125782926,83.80827300930713,0.0,0.0,-0.0,844.6378395689856,0.0
2023,8,10,15,81.0426,646.617452327634,550.9955967809269,467.1873237716198,0.0,437.1198442696942,95.62185554670714,0.0
2023,8,10,16,81.0426,450.8979341427727,450.8979341427727,367.0896611334656,0.0,780.5841622059312,0.0,0.0
2023,8,10,17,81.0426,271.8542090980181,271.8542090980181,188.04593608871096,0.0,956.5277422565497,0.0,0.0
2023,8,10,18,81.0426,106.8336626566648,106.8336626566648,23.02538964735767,0.0,978.0712521609883,0.0,0.0
2023,8,10,19,81.0426,25.843601275737417,25.843601275737417,0.0,57.964671733569716,919.2170450030792,0.0,0.0
2023,8,10,20,81.0426,0.0,0.0,0.0,83.80827300930713,834.1226363966078,0.0,0.0
2023,8,10,21,81.0426,0.0,0.0,0.0,83.80827300930713,749.0282277901365,0.0,0.0
2023,8,10,22,81.0426,0.0,0.0,0.0,83.80827300930713,663.9338191836652,0.0,0.0
2023,8,10,23,81.0426,0.0,0.0,0.0,83.80827300930713,578.8394105771938,0.0,0.0
2023,8,11,0,81.0426,0.0,0.0,0.0,83.80827300930713,493.7450019707224,0.0,0.0
2023,8,11,1,81.0426,0.0,0.0,0.0,83.80827300930713,408.650593364251,0.0,0.0
2023,8,11,2,81.0426,0.0,0.0,0.0,83.80827300930713,323.5561847577796,0.0,0.0
2023,8,11,3,81.0426,0.0,0.0,0.0,83.80827300930713,238.4617761513082,0.0,0.0
2023,8,11,4,81.0426,0.0,0.0,0.0,83.80827300930713,153.3673675448368,0.0,0.0
2023,8,11,5,81.0426,0.0,0.0,0.0,83.80827300930713,68.27295893836542,0.0,0.0
2023,8,11,6,81.0426,16.567206580124584,16.567206580124584,0.0,67.24106642918254,0.0,0.0,0.0
2023,8,11,7,81.0426,92.15896469337093,83.80827300930713,0.0,0.0,0.0,8.350691684063804,0.0
2023,8,11,8,81.0426,364.6181560541464,83.80827300930713,0.0,0.0,0.0,280.8098830448393,0.0
2023,8,11,9,81.0426,733.145428267648,83.80827300930713,0.0,0.0,0.0,649.3371552583408,0.0
2023,8,11,10,81.0426,979.7299936212627,83.80827300930713,0.0,0.0,0.0,895.9217206119556,0.0
2023,8,11,11,81.0426,1191.8615947291314,83.80827300930713,0.0,0.0,0.0,1108.0533217198242,0.0
2023,8,11,12,81.0426,971.1051182855424,83.80827300930713,0.0,0.0,0.0,887.2968452762352,0.0
2023,8,11,13,81.0426,991.1315824193821,83.80827300930713,0.0,0.0,0.0,907.3233094100749,0.0
2023,8,11,14,81.0426,1016.4943003580559,83.80827300930713,0.0,0.0,-0.0,932.6860273487487,0.0
2023,8,11,15,81.0426,845.3153447291469,148.02696724100457,64.21869423169744,0.0,60.08567483197612,697.2883774881423,0.0
2023,8,11,16,81.0426,650.3093953670251,650.3093953670251,566.5011223577179,0.0,590.1276297045868,0.0,0.0
2023,8,11,17,81.0426,444.2121045210184,444.2121045210184,360.40383151171125,0.0,927.3364080438128,0.0,0.0
2023,8,11,18,81.0426,138.773623657111,138.773623657111,54.96535064780386,0.0,978.7642706866405,0.0,0.0
2023,8,11,19,81.0426,24.307877070276426,24.307877070276426,0.0,59.50039593903071,918.3507718460138,0.0,0.0
2023,8,11,20,81.0426,0.0,0.0,0.0,83.80827300930713,833.2563632395425,0.0,0.0
2023,8,11,21,81.0426,0.0,0.0,0.0,83.80827300930713,748.1619546330711,0.0,0.0
2023,8,11,22,81.0426,0.0,0.0,0.0,83.80827300930713,663.0675460265998,0.0,0.0
2023,8,11,23,81.0426,0.0,0.0,0.0,83.80827300930713,577.9731374201284,0.0,0.0
2023,8,12,0,81.0426,0.0,0.0,0.0,83.80827300930713,492.87872881365706,0.0,0.0
2023,8,12,1,81.0426,0.0,0.0,0.0,83.80827300930713,407.78432020718566,0.0,0.0
2023,8,12,2,81.0426,0.0,0.0,0.0,83.80827300930713,322.68991160071425,0.0,0.0
2023,8,12,3,81.0426,0.0,0.0,0.0,83.80827300930713,237.59550299424285,0.0,0.0
2023,8,12,4,81.0426,0.0,0.0,0.0,83.80827300930713,152.50109438777145,0.0,0.0
2023,8,12,5,81.0426,0.0,0.0,0.0,83.80827300930713,67.40668578130006,0.0,0.0
2023,8,12,6,81.0426,17.420386694269578,17.420386694269578,0.0,66.38788631503756,0.0,0.0,0.0
2023,8,12,7,81.0426,91.02656199641486,83.80827300930713,0.0,0.0,0.0,7.2182889871077265,0.0
2023,8,12,8,81.0426,392.71105035808426,83.80827300930713,0.0,0.0,0.0,308.90277734877714,0.0
2023,8,12,9,81.0426,701.5312269471481,83.80827300930713,0.0,0.0,0.0,617.7229539378409,0.0
2023,8,12,10,81.0426,908.5592597358585,83.80827300930713,0.0,0.0,0.0,824.7509867265514,0.0
2023,8,12,11,81.0426,966.3738467434656,83.80827300930713,0.0,0.0,-0.0,882.5655737341585,0.0
2023,8,12,12,81.0426,778.3174372201973,83.80827300930713,0.0,0.0,-0.0,694.5091642108903,0.0
2023,8,12,13,81.0426,592.2931476051656,480.40404452753427,396.59577151822714,0.0,371.07145905528046,111.88910307763132,0.0
2023,8,12,14,81.0426,358.7389694494018,358.7389694494018,274.93069644009466,0.0,628.3080258410704,0.0,0.0
2023,8,12,15,81.0426,444.0414684981894,444.0414684981894,360.23319548888225,0.0,965.3571500374492,0.0,0.0
2023,8,12,16,81.0426,199.16326337286458,199.16326337286458,115.35499036355745,0.0,1073.2880652351816,0.0,0.0
2023,8,12,17,81.0426,48.755365431958396,48.755365431958396,0.0,35.05290757734873,1037.6972299497374,0.0,0.0
2023,8,12,18,81.0426,39.261797616381386,39.261797616381386,0.0,44.54647539292574,992.4671369893111,0.0,0.0
2023,8,12,19,81.0426,12.782189346463163,12.782189346463163,0.0,71.02608366284397,920.3510753177829,0.0,0.0
2023,8,12,20,81.0426,0.0,0.0,0.0,83.80827300930713,835.2566667113116,0.0,0.0
2023,8,12,21,81.0426,0.0,0.0,0.0,83.80827300930713,750.1622581048402,0.0,0.0
2023,8,12,22,81.0426,0.0,0.0,0.0,83.80827300930713,665.0678494983689,0.0,0.0
2023,8,12,23,81.0426,0.0,0.0,0.0,83.80827300930713,579.9734408918976,0.0,0.0
2023,8,13,0,81.0426,0.0,0.0,0.0,83.80827300930713,494.8790322854262,0.0,0.0
2023,8,13,1,81.0426,0.0,0.0,0.0,83.80827300930713,409.7846236789548,0.0,0.0
2023,8,13,2,81.0426,0.0,0.0,0.0,83.80827300930713,324.6902150724834,0.0,0.0
2023,8,13,3,81.0426,0.0,0.0,0.0,83.80827300930713,239.595806466012,0.0,0.0
2023,8,13,4,81.0426,0.0,0.0,0.0,83.80827300930713,154.5013978595406,0.0,0.0
2023,8,13,5,81.0426,0.0,0.0,0.0,83.80827300930713,69.4069892530692,0.0,0.0
2023,8,13,6,81.0426,15.450316248880231,15.450316248880231,0.0,68.3579567604269,0.0,0.0,0.0
2023,8,13,7,81.0426,91.75564318486603,83.80827300930713,0.0,0.0,0.0,7.947370175558902,0.0
2023,8,13,8,81.0426,394.9913681177082,83.80827300930713,0.0,0.0,0.0,311.18309510840106,0.0
2023,8,13,9,81.0426,691.4481892345256,83.80827300930713,0.0,0.0,0.0,607.6399162252185,0.0
2023,8,13,10,81.0426,920.5037813338882,83.80827300930713,0.0,0.0,0.0,836.6955083245812,0.0
2023,8,13,11,81.0426,1038.9717182743486,83.80827300930713,0.0,0.0,0.0,955.1634452650414,0.0
2023,8,13,12,81.0426,1268.8184410250096,83.80827300930713,0.0,0.0,0.0,1185.0101680157024,0.0
2023,8,13,13,81.0426,1211.9501083258178,83.80827300930713,0.0,0.0,0.0,1128.1418353165107,0.0
2023,8,13,14,81.0426,1096.7863052819557,83.80827300930713,0.0,0.0,-0.0,1012.9780322726485,0.0
2023,8,13,15,81.0426,848.3712807743572,368.27044983467596,284.46217682536883,0.0,266.15461530653147,480.1008309396812,0.0
2023,8,13,16,81.0426,603.6947364032851,603.6947364032851,519.886463393978,0.0,752.5819611558982,0.0,0.0
2023,8,13,17,81.0426,325.8837788719637,325.8837788719637,242.0755058626566,0.0,979.0778484371187,0.0,0.0
2023,8,13,18,81.0426,86.62105013428435,86.62105013428435,2.812777124977215,0.0,981.709599420663,0.0,0.0
2023,8,13,19,81.0426,25.440279767232354,25.440279767232354,0.0,58.367993242074775,922.4458813157775,0.0,0.0
2023,8,13,20,81.0426,0.0,0.0,0.0,83.80827300930713,837.3514727093061,0.0,0.0
2023,8,13,21,81.0426,0.0,0.0,0.0,83.80827300930713,752.2570641028348,0.0,0.0
2023,8,13,22,81.0426,0.0,0.0,0.0,83.80827300930713,667.1626554963634,0.0,0.0
2023,8,13,23,81.0426,0.0,0.0,0.0,83.80827300930713,582.0682468898921,0.0,0.0
2023,8,14,0,81.0426,0.0,0.0,0.0,83.80827300930713,496.97383828342066,0.0,0.0
2023,8,14,1,81.0426,0.0,0.0,0.0,83.80827300930713,411.87942967694926,0.0,0.0
2023,8,14,2,81.0426,0.0,0.0,0.0,83.80827300930713,326.78502107047785,0.0,0.0
2023,8,14,3,81.0426,0.0,0.0,0.0,83.80827300930713,241.69061246400645,0.0,0.0
2023,8,14,4,81.0426,0.0,0.0,0.0,83.80827300930713,156.59620385753507,0.0,0.0
2023,8,14,5,81.0426,0.0,0.0,0.0,83.80827300930713,71.50179525106368,0.0,0.0
2023,8,14,6,81.0426,13.387171609220522,13.387171609220522,0.0,70.42110140008661,0.0,0.0,0.0
2023,8,14,7,81.0426,90.35953027081058,83.80827300930713,0.0,0.0,0.0,6.5512572615034514,0.0
2023,8,14,8,81.0426,402.98023645924746,83.80827300930713,0.0,0.0,0.0,319.17196344994034,0.0
2023,8,14,9,81.0426,741.3824944605751,83.80827300930713,0.0,0.0,0.0,657.5742214512679,0.0
2023,8,14,10,81.0426,988.122183471307,83.80827300930713,0.0,0.0,0.0,904.313910462,0.0
2023,8,14,11,81.0426,1153.1892670097955,83.80827300930713,0.0,0.0,0.0,1069.3809940004883,0.0
2023,8,14,12,81.0426,1187.9835033011996,83.80827300930713,0.0,0.0,0.0,1104.1752302918924,0.0
2023,8,14,13,81.0426,1192.7302872089879,83.80827300930713,0.0,0.0,0.0,1108.9220141996807,0.0
2023,8,14,14,81.0426,1123.653722694667,83.80827300930713,0.0,0.0,-0.0,1039.8454496853599,0.0
2023,8,14,15,81.0426,981.4984033123997,122.07559584558567,38.26732283627853,0.0,35.804495001643545,859.422807466814,0.0
2023,8,14,16,81.0426,719.0291754699763,719.0291754699763,635.2209024606692,0.0,630.1435274026974,0.0,0.0
2023,8,14,17,81.0426,418.21337958816366,418.21337958816366,334.40510657885653,0.0,943.0268199772122,0.0,0.0
2023,8,14,18,81.0426,128.53546228737108,128.53546228737108,44.727189278063946,0.0,984.875434049211,0.0,0.0
2023,8,14,19,81.0426,21.45360177931863,21.45360177931863,0.0,62.3546712299885,921.5638577376745,0.0,0.0
2023,8,14,20,81.0426,0.0,0.0,0.0,83.80827300930713,836.4694491312032,0.0,0.0
2023,8,14,21,81.0426,0.0,0.0,0.0,83.80827300930713,751.3750405247318,0.0,0.0
2023,8,14,22,81.0426,0.0,0.0,0.0,83.80827300930713,666.2806319182605,0.0,0.0
2023,8,14,23,81.0426,0.0,0.0,0.0,83.80827300930713,581.1862233117891,0.0,0.0
2023,8,15,0,81.0426,0.0,0.0,0.0,83.80827300930713,496.09181470531774,0.0,0.0
2023,8,15,1,81.0426,0.0,0.0,0.0,83.80827300930713,410.99740609884634,0.0,0.0
2023,8,15,2,81.0426,0.0,0.0,0.0,83.80827300930713,325.90299749237494,0.0,0.0
2023,8,15,3,81.0426,0.0,0.0,0.0,83.80827300930713,240.80858888590353,0.0,0.0
2023,8,15,4,81.0426,0.0,0.0,0.0,83.80827300930713,155.71418027943213,0.0,0.0
2023,8,15,5,81.0426,0.0,0.0,0.0,83.80827300930713,70.61977167296074,0.0,0.0
2023,8,15,6,81.0426,14.25586408907724,14.25586408907724,0.0,69.5524089202299,0.0,0.0,0.0
2023,8,15,7,81.0426,89.92518403088222,83.80827300930713,0.0,0.0,0.0,6.116911021575092,0.0
2023,8,15,8,81.0426,380.36320725154945,83.80827300930713,0.0,0.0,0.0,296.5549342422423,0.0
2023,8,15,9,81.0426,698.3046548791089,83.80827300930713,0.0,0.0,0.0,614.4963818698018,0.0
2023,8,15,10,81.0426,943.2914465644157,83.80827300930713,0.0,0.0,0.0,859.4831735551086,0.0
2023,8,15,11,81.0426,1046.852000055906,83.80827300930713,0.0,0.0,0.0,963.0437270465989,0.0
2023,8,15,12,81.0426,1077.8767314793602,83.80827300930713,0.0,0.0,0.0,994.068458470053,0.0
2023,8,15,13,81.0426,1138.3594453893845,83.80827300930713,0.0,0.0,0.0,1054.5511723800773,0.0
2023,8,15,14,81.0426,1028.361260127527,83.80827300930713,0.0,0.0,-0.0,944.5529871182198,0.0
2023,8,15,15,81.0426,857.7407496642405,214.451635464138,130.64336245483088,0.0,122.23535045878305,643.2891142001025,0.0
2023,8,15,16,81.0426,657.1503486458968,657.1503486458968,573.3420756365897,0.0,658.6779850582659,0.0,0.0
2023,8,15,17,81.0426,405.18299239031285,405.18299239031285,321.3747193810057,0.0,959.3695067244528,0.0,0.0
2023,8,15,18,81.0426,125.55708807071946,125.55708807071946,41.74881506141233,0.0,998.4314303031194,0.0,0.0
2023,8,15,19,81.0426,23.25303620187898,23.25303620187898,0.0,60.555236807428145,936.946902831939,0.0,0.0
2023,8,15,20,81.0426,0.0,0.0,0.0,83.80827300930713,851.8524942254677,0.0,0.0
2023,8,15,21,81.0426,0.0,0.0,0.0,83.80827300930713,766.7580856189963,0.0,0.0
2023,8,15,22,81.0426,0.0,0.0,0.0,83.80827300930713,681.663677012525,0.0,0.0
2023,8,15,23,81.0426,0.0,0.0,0.0,83.80827300930713,596.5692684060537,0.0,0.0
2023,8,16,0,81.0426,0.0,0.0,0.0,83.80827300930713,511.47485979958225,0.0,0.0
2023,8,16,1,81.0426,0.0,0.0,0.0,83.80827300930713,426.38045119311084,0.0,0.0
2023,8,16,2,81.0426,0.0,0.0,0.0,83.80827300930713,341.28604258663944,0.0,0.0
2023,8,16,3,81.0426,0.0,0.0,0.0,83.80827300930713,256.19163398016804,0.0,0.0
2023,8,16,4,81.0426,0.0,0.0,0.0,83.80827300930713,171.09722537369663,0.0,0.0
2023,8,16,5,81.0426,0.0,0.0,0.0,83.80827300930713,86.00281676722523,0.0,0.0
2023,8,16,6,81.0426,13.526782900626065,13.526782900626065,0.0,70.28149010868107,14.642775305499528,0.0,0.0
2023,8,16,7,81.0426,69.3868118285555,69.3868118285555,0.0,14.421461180751637,0.0,0.0,0.0
2023,8,16,8,81.0426,219.67061084376803,83.80827300930713,0.0,0.0,0.0,135.8623378344609,0.0
2023,8,16,9,81.0426,522.0066185653299,83.80827300930713,0.0,0.0,0.0,438.19834555602273,0.0
2023,8,16,10,81.0426,857.4149899842943,83.80827300930713,0.0,0.0,0.0,773.6067169749872,0.0
2023,8,16,11,81.0426,1063.4812560988776,83.80827300930713,0.0,0.0,0.0,979.6729830895704,0.0
2023,8,16,12,81.0426,1223.599894975325,83.80827300930713,0.0,0.0,0.0,1139.7916219660178,0.0
2023,8,16,13,81.0426,965.3810553379151,83.80827300930713,0.0,0.0,0.0,881.5727823286079,0.0
2023,8,16,14,81.0426,754.1491714413265,83.80827300930713,0.0,0.0,-0.0,670.3408984320195,0.0
2023,8,16,15,81.0426,537.3638606199398,369.9323603595892,286.1240873502821,0.0,267.7095677482535,167.43150026035062,0.0
2023,8,16,16,81.0426,530.1195858325632,530.1195858325632,446.31131282325606,0.0,685.2969500045263,0.0,0.0
2023,8,16,17,81.0426,373.1344448298846,373.1344448298846,289.3261718205775,0.0,956.0025208414213,0.0,0.0
2023,8,16,18,81.0426,121.58592244851715,121.58592244851715,37.77764943921002,0.0,991.348857095645,0.0,0.0
2023,8,16,19,81.0426,17.90127003133312,17.90127003133312,0.0,65.90700297797402,924.4304343665091,0.0,0.0
2023,8,16,20,81.0426,0.0,0.0,0.0,83.80827300930713,839.3360257600377,0.0,0.0
2023,8,16,21,81.0426,0.0,0.0,0.0,83.80827300930713,754.2416171535664,0.0,0.0
2023,8,16,22,81.0426,0.0,0.0,0.0,83.80827300930713,669.147208547095,0.0,0.0
2023,8,16,23,81.0426,0.0,0.0,0.0,83.80827300930713,584.0527999406237,0.0,0.0
2023,8,17,0,81.0426,0.0,0.0,0.0,83.80827300930713,498.9583913341523,0.0,0.0
2023,8,17,1,81.0426,0.0,0.0,0.0,83.80827300930713,413.8639827276809,0.0,0.0
2023,8,17,2,81.0426,0.0,0.0,0.0,83.80827300930713,328.7695741212095,0.0,0.0
2023,8,17,3,81.0426,0.0,0.0,0.0,83.80827300930713,243.67516551473807,0.0,0.0
2023,8,17,4,81.0426,0.0,0.0,0.0,83.80827300930713,158.58075690826666,0.0,0.0
2023,8,17,5,81.0426,0.0,0.0,0.0,83.80827300930713,73.48634830179527,0.0,0.0
2023,8,17,6,81.0426,11.4326135295429,11.4326135295429,0.0,72.37565947976422,0.0,0.0,0.0
2023,8,17,7,81.0426,89.16507811100743,83.80827300930713,0.0,0.0,0.0,5.356805101700303,0.0
2023,8,17,8,81.0426,208.87400430840592,83.80827300930713,0.0,-0.0,0.0,125.06573129909879,0.0
2023,8,17,9,81.0426,429.02549848923746,83.80827300930713,0.0,0.0,0.0,345.21722547993033,0.0
2023,8,17,10,81.0426,842.4765818039009,83.80827300930713,0.0,0.0,0.0,758.6683087945937,0.0
2023,8,17,11,81.0426,949.8842019918995,83.80827300930713,0.0,0.0,0.0,866.0759289825924,0.0
2023,8,17,12,81.0426,1032.3014010183058,83.80827300930713,0.0,0.0,-0.0,948.4931280089986,0.0
2023,8,17,13,81.0426,812.0102955460688,147.94480976689326,64.13653675758613,0.0,60.00880489038781,664.0654857791756,0.0
2023,8,17,14,81.0426,608.9999654766957,608.9999654766957,525.1916924673885,0.0,551.3999431810021,0.0,0.0
2023,8,17,15,81.0426,373.2895684870019,373.2895684870019,289.48129547769474,0.0,822.250654147758,0.0,0.0
2023,8,17,16,81.0426,252.40170249551227,252.40170249551227,168.59342948620514,0.0,979.9936619138015,0.0,0.0
2023,8,17,17,81.0426,93.35341685317391,93.35341685317391,9.54514384386678,0.0,988.9244945333152,0.0,0.0
2023,8,17,18,81.0426,91.4609082363432,91.4609082363432,7.65263522703607,0.0,996.0846175685241,0.0,0.0
2023,8,17,19,81.0426,13.852542580572335,13.852542580572335,0.0,69.9557304287348,925.055334948587,0.0,0.0
2023,8,17,20,81.0426,0.0,0.0,0.0,83.80827300930713,839.9609263421156,0.0,0.0
2023,8,17,21,81.0426,0.0,0.0,0.0,83.80827300930713,754.8665177356443,0.0,0.0
2023,8,17,22,81.0426,0.0,0.0,0.0,83.80827300930713,669.7721091291729,0.0,0.0
2023,8,17,23,81.0426,0.0,0.0,0.0,83.80827300930713,584.6777005227016,0.0,0.0
2023,8,18,0,81.0426,0.0,0.0,0.0,83.80827300930713,499.58329191623017,0.0,0.0
2023,8,18,1,81.0426,0.0,0.0,0.0,83.80827300930713,414.48888330975876,0.0,0.0
2023,8,18,2,81.0426,0.0,0.0,0.0,83.80827300930713,329.39447470328736,0.0,0.0
2023,8,18,3,81.0426,0.0,0.0,0.0,83.80827300930713,244.30006609681595,0.0,0.0
2023,8,18,4,81.0426,0.0,0.0,0.0,83.80827300930713,159.20565749034455,0.0,0.0
2023,8,18,5,81.0426,0.0,0.0,0.0,83.80827300930713,74.11124888387317,0.0,0.0
2023,8,18,6,81.0426,13.743956020590245,13.743956020590245,0.0,70.06431698871688,2.971713316673209,0.0,0.0
2023,8,18,7,81.0426,80.8814748209453,80.8814748209453,0.0,2.926798188361831,0.0,0.0,0.0
2023,8,18,8,81.0426,199.24082520142338,83.80827300930713,0.0,0.0,0.0,115.43255219211625,0.0
2023,8,18,9,81.0426,432.748466260052,83.80827300930713,0.0,0.0,0.0,348.94019325074487,0.0
2023,8,18,10,81.0426,630.7327898388255,83.80827300930713,0.0,0.0,0.0,546.9245168295183,0.0
2023,8,18,11,81.0426,1024.2504832139196,83.80827300930713,0.0,0.0,0.0,940.4422102046124,0.0
2023,8,18,12,81.0426,1090.9071186772112,83.80827300930713,0.0,0.0,0.0,1007.098845667904,0.0
2023,8,18,13,81.0426,1032.3479381154411,83.80827300930713,0.0,0.0,0.0,948.539665106134,0.0
2023,8,18,14,81.0426,861.0603959265501,83.80827300930713,0.0,0.0,-0.0,777.252122917243,0.0
2023,8,18,15,81.0426,939.2116943822314,197.16305477727028,113.35478176796315,0.0,106.05943704469837,742.0486396049611,0.0
2023,8,18,16,81.0426,691.2310161145613,691.2310161145613,607.4227431052542,0.0,674.3893581746529,0.0,0.0
2023,8,18,17,81.0426,408.09931714411755,408.09931714411755,324.2910441348104,0.0,977.8095142822275,0.0,0.0
2023,8,18,18,81.0426,104.89461694269892,104.89461694269892,21.086343933391785,0.0,997.538772563403,0.0,0.0
2023,8,18,19,81.0426,12.270281277976167,12.270281277976167,0.0,71.53799173133096,924.9029469976356,0.0,0.0
2023,8,18,20,81.0426,0.0,0.0,0.0,83.80827300930713,839.8085383911642,0.0,0.0
2023,8,18,21,81.0426,0.0,0.0,0.0,83.80827300930713,754.7141297846929,0.0,0.0
2023,8,18,22,81.0426,0.0,0.0,0.0,83.80827300930713,669.6197211782215,0.0,0.0
2023,8,18,23,81.0426,0.0,0.0,0.0,83.80827300930713,584.5253125717502,0.0,0.0
2023,8,19,0,81.0426,0.0,0.0,0.0,83.80827300930713,499.43090396527884,0.0,0.0
2023,8,19,1,81.0426,0.0,0.0,0.0,83.80827300930713,414.33649535880744,0.0,0.0
2023,8,19,2,81.0426,0.0,0.0,0.0,83.80827300930713,329.24208675233604,0.0,0.0
2023,8,19,3,81.0426,0.0,0.0,0.0,83.80827300930713,244.14767814586463,0.0,0.0
2023,8,19,4,81.0426,0.0,0.0,0.0,83.80827300930713,159.05326953939323,0.0,0.0
2023,8,19,5,81.0426,0.0,0.0,0.0,83.80827300930713,73.95886093292184,0.0,0.0
2023,8,19,6,81.0426,10.967242558191087,10.967242558191087,0.0,72.84103045111604,0.0,0.0,0.0
2023,8,19,7,81.0426,91.3988587734963,83.80827300930713,0.0,0.0,0.0,7.590585764189171,0.0
2023,8,19,8,81.0426,378.93606960607053,83.80827300930713,0.0,0.0,0.0,295.1277965967634,0.0
2023,8,19,9,81.0426,677.2078375111599,83.80827300930713,0.0,0.0,0.0,593.3995645018529,0.0
2023,8,19,10,81.0426,910.5913796440948,83.80827300930713,0.0,0.0,0.0,826.7831066347876,0.0
2023,8,19,11,81.0426,1038.9251811772133,83.80827300930713,0.0,0.0,0.0,955.1169081679061,0.0
2023,8,19,12,81.0426,1044.1063113249302,83.80827300930713,0.0,0.0,0.0,960.298038315623,0.0
2023,8,19,13,81.0426,1080.498321284642,83.80827300930713,0.0,0.0,0.0,996.6900482753349,0.0
2023,8,19,14,81.0426,951.7922229744421,83.80827300930713,0.0,0.0,-0.0,867.983949965135,0.0
2023,8,19,15,81.0426,835.4494801364887,259.53695865734693,175.72868564803977,0.0,164.4190494811868,575.9125214791418,0.0
2023,8,19,16,81.0426,636.0535312779477,636.0535312779477,552.2452582686406,0.0,681.1226264195673,0.0,0.0
2023,8,19,17,81.0426,401.30490096238105,401.30490096238105,317.4966279530739,0.0,978.1856448392281,0.0,0.0
2023,8,19,18,81.0426,111.45634763875948,111.45634763875948,27.64807462945235,0.0,1004.0543306135257,0.0,0.0
2023,8,19,19,81.0426,15.12455656893396,15.12455656893396,0.0,68.68371644037317,934.3165825186679,0.0,0.0
2023,8,19,20,81.0426,0.0,0.0,0.0,83.80827300930713,849.2221739121966,0.0,0.0
2023,8,19,21,81.0426,0.0,0.0,0.0,83.80827300930713,764.1277653057252,0.0,0.0
2023,8,19,22,81.0426,0.0,0.0,0.0,83.80827300930713,679.0333566992539,0.0,0.0
2023,8,19,23,81.0426,0.0,0.0,0.0,83.80827300930713,593.9389480927825,0.0,0.0
2023,8,20,0,81.0426,0.0,0.0,0.0,83.80827300930713,508.84453948631113,0.0,0.0
2023,8,20,1,81.0426,0.0,0.0,0.0,83.80827300930713,423.75013087983973,0.0,0.0
2023,8,20,2,81.0426,0.0,0.0,0.0,83.80827300930713,338.6557222733683,0.0,0.0
2023,8,20,3,81.0426,0.0,0.0,0.0,83.80827300930713,253.56131366689692,0.0,0.0
2023,8,20,4,81.0426,0.0,0.0,0.0,83.80827300930713,168.46690506042552,0.0,0.0
2023,8,20,5,81.0426,0.0,0.0,0.0,83.80827300930713,83.37249645395414,0.0,0.0
2023,8,20,6,81.0426,9.012684478513313,9.012684478513313,0.0,74.79558853079381,7.429082470300537,0.0,0.0
2023,8,20,7,81.0426,76.49147532452652,76.49147532452652,0.0,7.316797684780612,0.0,0.0,0.0
2023,8,20,8,81.0426,321.0904578670401,83.80827300930713,0.0,0.0,0.0,237.28218485773294,0.0
2023,8,20,9,81.0426,547.6020219896797,83.80827300930713,0.0,0.0,0.0,463.7937489803725,0.0
2023,8,20,10,81.0426,701.5002022157247,83.80827300930713,0.0,0.0,0.0,617.6919292064176,0.0
2023,8,20,11,81.0426,739.6606218665733,83.80827300930713,0.0,0.0,0.0,655.8523488572662,0.0
2023,8,20,12,81.0426,729.7637325424915,83.80827300930713,0.0,0.0,0.0,645.9554595331845,0.0
2023,8,20,13,81.0426,869.8403949193876,83.80827300930713,0.0,0.0,0.0,786.0321219100804,0.0
2023,8,20,14,81.0426,1015.9668799238574,83.80827300930713,0.0,0.0,-0.0,932.1586069145503,0.0
2023,8,20,15,81.0426,877.2242809981697,411.0064478287239,327.19817481941675,0.0,306.14018819634754,466.2178331694458,0.0
2023,8,20,16,81.0426,549.0136472694469,549.0136472694469,465.2053742601397,0.0,741.4056382696956,0.0,0.0
2023,8,20,17,81.0426,361.6552942032065,361.6552942032065,277.84702119389937,0.0,1001.3708394968731,0.0,0.0
2023,8,20,18,81.0426,101.97829218889405,101.97829218889405,18.170019179586912,0.0,1018.3714633366608,0.0,0.0
2023,8,20,19,81.0426,10.424309758280481,10.424309758280481,0.0,73.38396325102666,943.8613376674244,0.0,0.0
2023,8,20,20,81.0426,0.0,0.0,0.0,83.80827300930713,858.7669290609531,0.0,0.0
2023,8,20,21,81.0426,0.0,0.0,0.0,83.80827300930713,773.6725204544817,0.0,0.0
2023,8,20,22,81.0426,0.0,0.0,0.0,83.80827300930713,688.5781118480104,0.0,0.0
2023,8,20,23,81.0426,0.0,0.0,0.0,83.80827300930713,603.483703241539,0.0,0.0
2023,8,21,0,81.0426,0.0,0.0,0.0,83.80827300930713,518.3892946350677,0.0,0.0
2023,8,21,1,81.0426,0.0,0.0,0.0,83.80827300930713,433.29488602859635,0.0,0.0
2023,8,21,2,81.0426,0.0,0.0,0.0,83.80827300930713,348.20047742212495,0.0,0.0
2023,8,21,3,81.0426,0.0,0.0,0.0,83.80827300930713,263.10606881565354,0.0,0.0
2023,8,21,4,81.0426,0.0,0.0,0.0,83.80827300930713,178.01166020918214,0.0,0.0
2023,8,21,5,81.0426,0.0,0.0,0.0,83.80827300930713,92.91725160271073,0.0,0.0
2023,8,21,6,81.0426,8.159504364368475,8.159504364368475,0.0,75.64876864493866,16.1075644619919,0.0,0.0
2023,8,21,7,81.0426,67.94416181736487,67.94416181736487,0.0,15.864111191942259,0.0,0.0,0.0
2023,8,21,8,81.0426,293.7731818486885,83.80827300930713,0.0,0.0,0.0,209.9649088393814,0.0
2023,8,21,9,81.0426,339.64324725826555,83.80827300930713,0.0,0.0,0.0,255.83497424895842,0.0
2023,8,21,10,81.0426,595.1163981647,83.80827300930713,0.0,0.0,0.0,511.3081251553928,0.0
2023,8,21,11,81.0426,977.8685097358552,83.80827300930713,0.0,0.0,0.0,894.060236726548,0.0
2023,8,21,12,81.0426,1148.4114583705837,83.80827300930713,0.0,0.0,0.0,1064.6031853612765,0.0
2023,8,21,13,81.0426,1009.901544930572,83.80827300930713,0.0,0.0,0.0,926.0932719212649,0.0
2023,8,21,14,81.0426,976.7981565017463,83.80827300930713,0.0,0.0,-0.0,892.9898834924393,0.0
2023,8,21,15,81.0426,661.2456131937927,274.8036600076911,190.99538699838396,0.0,178.70320869787952,386.44195318610156,0.0
2023,8,21,16,81.0426,681.0238794762447,681.0238794762447,597.2156064669375,0.0,737.4829092829771,0.0,0.0
2023,8,21,17,81.0426,369.1943039391059,369.1943039391059,285.3860309297988,0.0,1004.5019208214015,0.0,0.0
2023,8,21,18,81.0426,117.3510466092158,117.3510466092158,33.542773599908664,0.0,1035.885931530419,0.0,0.0
2023,8,21,19,81.0426,12.751164615039707,12.751164615039707,0.0,71.05710839426743,963.7383690168156,0.0,0.0
2023,8,21,20,81.0426,0.0,0.0,0.0,83.80827300930713,878.6439604103442,0.0,0.0
2023,8,21,21,81.0426,0.0,0.0,0.0,83.80827300930713,793.5495518038729,0.0,0.0
2023,8,21,22,81.0426,0.0,0.0,0.0,83.80827300930713,708.4551431974015,0.0,0.0
2023,8,21,23,81.0426,0.0,0.0,0.0,83.80827300930713,623.3607345909302,0.0,0.0
2023,8,22,0,81.0426,0.0,0.0,0.0,83.80827300930713,538.2663259844588,0.0,0.0
2023,8,22,1,81.0426,0.0,0.0,0.0,83.80827300930713,453.1719173779874,0.0,0.0
2023,8,22,2,81.0426,0.0,0.0,0.0,83.80827300930713,368.077508771516,0.0,0.0
2023,8,22,3,81.0426,0.0,0.0,0.0,83.80827300930713,282.9831001650446,0.0,0.0
2023,8,22,4,81.0426,0.0,0.0,0.0,83.80827300930713,197.8886915585732,0.0,0.0
2023,8,22,5,81.0426,0.0,0.0,0.0,83.80827300930713,112.79428295210184,0.0,0.0
2023,8,22,6,81.0426,3.567844113697242,3.567844113697242,0.0,80.24042889560988,31.32247118426752,0.0,0.0
2023,8,22,7,81.0426,52.95921653983645,52.95921653983645,0.0,30.849056469470682,0.0,0.0,0.0
2023,8,22,8,81.0426,127.35652249327964,83.80827300930713,0.0,0.0,0.0,43.54824948397251,0.0
2023,8,22,9,81.0426,168.40224216650984,83.80827300930713,0.0,0.0,0.0,84.59396915720271,0.0
2023,8,22,10,81.0426,404.4849359332851,83.80827300930713,0.0,0.0,0.0,320.676662923978,0.0
2023,8,22,11,81.0426,657.7243061772307,83.80827300930713,0.0,0.0,0.0,573.9160331679236,0.0
2023,8,22,12,81.0426,795.7533362801787,83.80827300930713,0.0,0.0,-0.0,711.9450632708715,0.0
2023,8,22,13,81.0426,446.787157229165,308.86286996131616,225.054596952009,0.0,210.5704186869828,137.92428726784885,0.0
2023,8,22,14,81.0426,336.02886604743327,336.02886604743327,252.22059303812614,0.0,446.55847046111575,0.0,0.0
2023,8,22,15,81.0426,424.4803753357014,424.4803753357014,340.6721023263943,0.0,765.3054242820167,0.0,0.0
2023,8,22,16,81.0426,349.63321077661783,349.63321077661783,265.8249377673107,0.0,1014.0222654449632,0.0,0.0
2023,8,22,17,81.0426,119.67790146597487,119.67790146597487,35.86962845666773,0.0,1047.5833781018962,0.0,0.0
2023,8,22,18,81.0426,46.97144337510978,46.97144337510978,0.0,36.83682963419735,1010.1812443971335,0.0,0.0
2023,8,22,19,81.0426,9.524592547000463,9.524592547000463,0.0,74.28368046230666,934.7575943077193,0.0,0.0
2023,8,22,20,81.0426,0.0,0.0,0.0,83.80827300930713,849.6631857012479,0.0,0.0
2023,8,22,21,81.0426,0.0,0.0,0.0,83.80827300930713,764.5687770947766,0.0,0.0
2023,8,22,22,81.0426,0.0,0.0,0.0,83.80827300930713,679.4743684883052,0.0,0.0
2023,8,22,23,81.0426,0.0,0.0,0.0,83.80827300930713,594.3799598818339,0.0,0.0
2023,8,23,0,81.0426,0.0,0.0,0.0,83.80827300930713,509.2855512753625,0.0,0.0
2023,8,23,1,81.0426,0.0,0.0,0.0,83.80827300930713,424.1911426688911,0.0,0.0
2023,8,23,2,81.0426,0.0,0.0,0.0,83.80827300930713,339.09673406241967,0.0,0.0
2023,8,23,3,81.0426,0.0,0.0,0.0,83.80827300930713,254.00232545594827,0.0,0.0
2023,8,23,4,81.0426,0.0,0.0,0.0,83.80827300930713,168.90791684947686,0.0,0.0
2023,8,23,5,81.0426,0.0,0.0,0.0,83.80827300930713,83.81350824300546,0.0,0.0
2023,8,23,6,81.0426,7.1512005931062115,7.1512005931062115,0.0,76.65707241620092,5.9800437348457205,0.0,0.0
2023,8,23,7,81.0426,77.91861297000541,77.91861297000541,0.0,5.889660039301718,0.0,0.0,0.0
2023,8,23,8,81.0426,368.52727221350165,83.80827300930713,0.0,0.0,0.0,284.7189992041945,0.0
2023,8,23,9,81.0426,657.476108325843,83.80827300930713,0.0,0.0,0.0,573.667835316536,0.0
2023,8,23,10,81.0426,903.5332532452591,83.80827300930713,0.0,0.0,0.0,819.724980235952,0.0
2023,8,23,11,81.0426,1054.6081829117695,83.80827300930713,0.0,0.0,0.0,970.7999099024623,0.0
2023,8,23,12,81.0426,912.5614500894842,83.80827300930713,0.0,0.0,0.0,828.753177080177,0.0
2023,8,23,13,81.0426,764.759629588148,83.80827300930713,0.0,0.0,-0.0,680.9513565788409,0.0
2023,8,23,14,81.0426,812.2740057631682,87.37643416246239,3.5681611531552537,0.0,3.338519622075296,724.8975716007059,0.0
2023,8,23,15,81.0426,608.8913789167136,608.8913789167136,525.0831059074064,0.0,494.62805982178685,0.0,0.0
2023,8,23,16,81.0426,474.7559526074091,474.7559526074091,390.94767959810196,0.0,860.4149297306526,0.0,0.0
2023,8,23,17,81.0426,230.07940823633675,230.07940823633675,146.27113522702962,0.0,997.2722728096915,0.0,0.0
2023,8,23,18,81.0426,92.25203888764129,92.25203888764129,8.44376587833416,0.0,1005.1726105071917,0.0,0.0
2023,8,23,19,81.0426,10.936217826767633,10.936217826767633,0.0,72.8720551825395,931.1822487321948,0.0,0.0
2023,8,23,20,81.0426,0.0,0.0,0.0,83.80827300930713,846.0878401257235,0.0,0.0
2023,8,23,21,81.0426,0.0,0.0,0.0,83.80827300930713,760.9934315192521,0.0,0.0
2023,8,23,22,81.0426,0.0,0.0,0.0,83.80827300930713,675.8990229127808,0.0,0.0
2023,8,23,23,81.0426,0.0,0.0,0.0,83.80827300930713,590.8046143063094,0.0,0.0
2023,8,24,0,81.0426,0.0,0.0,0.0,83.80827300930713,505.71020569983807,0.0,0.0
2023,8,24,1,81.0426,0.0,0.0,0.0,83.80827300930713,420.61579709336667,0.0,0.0
2023,8,24,2,81.0426,0.0,0.0,0.0,83.80827300930713,335.52138848689526,0.0,0.0
2023,8,24,3,81.0426,0.0,0.0,0.0,83.80827300930713,250.42697988042386,0.0,0.0
2023,8,24,4,81.0426,0.0,0.0,0.0,83.80827300930713,165.33257127395245,0.0,0.0
2023,8,24,5,81.0426,0.0,0.0,0.0,83.80827300930713,80.23816266748106,0.0,0.0
2023,8,24,6,81.0426,5.398303267681044,5.398303267681044,0.0,78.4099697416261,0.6249005820779044,0.0,0.0
2023,8,24,7,81.0426,83.19281731199264,83.19281731199264,0.0,0.6154556973144896,0.0,0.0,0.0
2023,8,24,8,81.0426,252.80502400401718,83.80827300930713,0.0,0.0,0.0,168.99675099471006,0.0
2023,8,24,9,81.0426,434.20662863695435,83.80827300930713,0.0,0.0,0.0,350.3983556276472,0.0
2023,8,24,10,81.0426,714.0652184422237,83.80827300930713,0.0,0.0,0.0,630.2569454329166,0.0
2023,8,24,11,81.0426,932.572401857612,83.80827300930713,0.0,0.0,0.0,848.7641288483048,0.0
2023,8,24,12,81.0426,1194.3590856087194,83.80827300930713,0.0,0.0,0.0,1110.5508125994122,0.0
2023,8,24,13,81.0426,1081.630723981598,83.80827300930713,0.0,0.0,0.0,997.8224509722909,0.0
2023,8,24,14,81.0426,1185.548061884458,83.80827300930713,0.0,0.0,-0.0,1101.739788875151,0.0
2023,8,24,15,81.0426,866.5052362913663,271.96634198287853,188.1580689735714,0.0,176.04849623021857,594.5388943084877,0.0
2023,8,24,16,81.0426,671.3596756378388,671.3596756378388,587.5514026285317,0.0,725.7859667249732,0.0,0.0
2023,8,24,17,81.0426,357.0481215868234,357.0481215868234,273.2398485775163,0.0,981.4405060952777,0.0,0.0
2023,8,24,18,81.0426,110.13779655326267,110.13779655326267,26.329523543955546,0.0,1006.0755007657565,0.0,0.0
2023,8,24,19,81.0426,9.834839861235006,9.834839861235006,0.0,73.97343314807212,930.9668590970933,0.0,0.0
2023,8,24,20,81.0426,0.0,0.0,0.0,83.80827300930713,845.872450490622,0.0,0.0
2023,8,24,21,81.0426,0.0,0.0,0.0,83.80827300930713,760.7780418841506,0.0,0.0
2023,8,24,22,81.0426,0.0,0.0,0.0,83.80827300930713,675.6836332776793,0.0,0.0
2023,8,24,23,81.0426,0.0,0.0,0.0,83.80827300930713,590.589224671208,0.0,0.0
2023,8,25,0,81.0426,0.0,0.0,0.0,83.80827300930713,505.49481606473654,0.0,0.0
2023,8,25,1,81.0426,0.0,0.0,0.0,83.80827300930713,420.40040745826514,0.0,0.0
2023,8,25,2,81.0426,0.0,0.0,0.0,83.80827300930713,335.30599885179373,0.0,0.0
2023,8,25,3,81.0426,0.0,0.0,0.0,83.80827300930713,250.21159024532233,0.0,0.0
2023,8,25,4,81.0426,0.0,0.0,0.0,83.80827300930713,165.11718163885092,0.0,0.0
2023,8,25,5,81.0426,0.0,0.0,0.0,83.80827300930713,80.02277303237953,0.0,0.0
2023,8,25,6,81.0426,4.994981759176139,4.994981759176139,0.0,78.813291250131,0.0,0.0,0.0
2023,8,25,7,81.0426,87.69140336839351,83.80827300930713,0.0,0.0,0.0,3.8831303590863797,0.0
2023,8,25,8,81.0426,313.31876264546474,83.80827300930713,0.0,0.0,0.0,229.51048963615762,0.0
2023,8,25,9,81.0426,597.27261699863,83.80827300930713,0.0,0.0,0.0,513.464343989323,0.0
2023,8,25,10,81.0426,918.4561490599405,83.80827300930713,0.0,0.0,0.0,834.6478760506334,0.0
2023,8,25,11,81.0426,1062.87627383612,83.80827300930713,0.0,0.0,0.0,979.0680008268127,0.0
2023,8,25,12,81.0426,1102.3242198410421,83.80827300930713,0.0,0.0,-0.0,1018.5159468317349,0.0
2023,8,25,13,81.0426,995.8783663271706,144.7630998408525,60.954826831545354,0.0,57.031865070714616,851.1152664863181,0.0
2023,8,25,14,81.0426,706.8519683862705,706.8519683862705,623.0436953769635,0.0,639.9773972776763,0.0,0.0
2023,8,25,15,81.0426,448.4780050917433,448.4780050917433,364.6697320824361,0.0,981.1775291880809,0.0,0.0
2023,8,25,16,81.0426,213.3881027305185,213.3881027305185,129.57982972121138,0.0,1102.4177942940714,0.0,0.0
2023,8,25,17,81.0426,104.11899865711256,104.11899865711256,20.310725647805423,0.0,1121.4213519259417,0.0,0.0
2023,8,25,18,81.0426,30.85409540062528,30.85409540062528,0.0,52.95417760868185,1067.654530763162,0.0,0.0
2023,8,25,19,81.0426,5.537914559086588,5.537914559086588,0.0,78.27035845022054,988.1830224670969,0.0,0.0
2023,8,25,20,81.0426,0.0,0.0,0.0,83.80827300930713,903.0886138606255,0.0,0.0
2023,8,25,21,81.0426,0.0,0.0,0.0,83.80827300930713,817.9942052541542,0.0,0.0
2023,8,25,22,81.0426,0.0,0.0,0.0,83.80827300930713,732.8997966476828,0.0,0.0
2023,8,25,23,81.0426,0.0,0.0,0.0,83.80827300930713,647.8053880412115,0.0,0.0
2023,8,26,0,81.0426,0.0,0.0,0.0,83.80827300930713,562.7109794347401,0.0,0.0
2023,8,26,1,81.0426,0.0,0.0,0.0,83.80827300930713,477.6165708282688,0.0,0.0
2023,8,26,2,81.0426,0.0,0.0,0.0,83.80827300930713,392.5221622217974,0.0,0.0
2023,8,26,3,81.0426,0.0,0.0,0.0,83.80827300930713,307.42775361532597,0.0,0.0
2023,8,26,4,81.0426,0.0,0.0,0.0,83.80827300930713,222.33334500885456,0.0,0.0
2023,8,26,5,81.0426,0.0,0.0,0.0,83.80827300930713,137.23893640238316,0.0,0.0
2023,8,26,6,81.0426,4.048727450760783,4.048727450760783,0.0,79.75954555854635,56.25538768671296,0.0,0.0
2023,8,26,7,81.0426,28.40314161817239,28.40314161817239,0.0,55.40513139113474,0.0,0.0,0.0
2023,8,26,8,81.0426,95.5716851499509,83.80827300930713,0.0,0.0,0.0,11.763412140643766,0.0
2023,8,26,9,81.0426,104.19656048567118,83.80827300930713,0.0,0.0,0.0,20.388287476364056,0.0
2023,8,26,10,81.0426,156.79899261413792,83.80827300930713,0.0,0.0,0.0,72.99071960483079,0.0
2023,8,26,11,81.0426,286.7771049126996,83.80827300930713,0.0,0.0,0.0,202.96883190339247,0.0
2023,8,26,12,81.0426,434.85814799684675,83.80827300930713,0.0,0.0,0.0,351.0498749875396,0.0
2023,8,26,13,81.0426,654.3270980863624,83.80827300930713,0.0,0.0,-0.0,570.5188250770552,0.0
2023,8,26,14,81.0426,769.6770495187654,84.52844631352667,0.7201733042195405,0.0,0.6738240242612505,685.1486032052387,0.0
2023,8,26,15,81.0426,627.8474898164442,627.8474898164442,544.039216807137,0.0,509.6994880929925,0.0,0.0
2023,8,26,16,81.0426,494.5962683527079,494.5962683527079,410.7879953434008,0.0,894.0497806110858,0.0,0.0
2023,8,26,17,81.0426,230.71541523051775,230.71541523051775,146.90714222121062,0.0,1031.502198222555,0.0,0.0
2023,8,26,18,81.0426,63.15084081244119,63.15084081244119,0.0,20.65743219686594,1010.5277536599596,0.0,0.0
2023,8,26,19,81.0426,6.329045210384673,6.329045210384673,0.0,77.47922779892245,931.8595168368096,0.0,0.0
2023,8,26,20,81.0426,0.0,0.0,0.0,83.80827300930713,846.7651082303382,0.0,0.0
2023,8,26,21,81.0426,0.0,0.0,0.0,83.80827300930713,761.6706996238669,0.0,0.0
2023,8,26,22,81.0426,0.0,0.0,0.0,83.80827300930713,676.5762910173955,0.0,0.0
2023,8,26,23,81.0426,0.0,0.0,0.0,83.80827300930713,591.4818824109242,0.0,0.0
2023,8,27,0,81.0426,0.0,0.0,0.0,83.80827300930713,506.38747380445284,0.0,0.0
2023,8,27,1,81.0426,0.0,0.0,0.0,83.80827300930713,421.29306519798143,0.0,0.0
2023,8,27,2,81.0426,0.0,0.0,0.0,83.80827300930713,336.19865659151003,0.0,0.0
2023,8,27,3,81.0426,0.0,0.0,0.0,83.80827300930713,251.10424798503863,0.0,0.0
2023,8,27,4,81.0426,0.0,0.0,0.0,83.80827300930713,166.00983937856722,0.0,0.0
2023,8,27,5,81.0426,0.0,0.0,0.0,83.80827300930713,80.91543077209582,0.0,0.0
2023,8,27,6,81.0426,5.9102113361680395,5.9102113361680395,0.0,77.8980616731391,1.8219325809318874,0.0,0.0
2023,8,27,7,81.0426,82.01387751790138,82.01387751790138,0.0,1.7943954914057532,0.0,0.0,0.0
2023,8,27,8,81.0426,142.12429465084404,83.80827300930713,0.0,0.0,0.0,58.316021641536906,0.0
2023,8,27,9,81.0426,318.0655465532532,83.80827300930713,0.0,0.0,0.0,234.2572735439461,0.0
2023,8,27,10,81.0426,420.0903758392826,83.80827300930713,0.0,0.0,0.0,336.2821028299755,0.0
2023,8,27,11,81.0426,432.53129314008766,83.80827300930713,0.0,0.0,-0.0,348.7230201307805,0.0
2023,8,27,12,81.0426,406.14475906443994,361.78710583189684,277.9788328225897,0.0,260.0885296559991,44.3576532325431,0.0
2023,8,27,13,81.0426,486.7935483997093,486.7935483997093,402.9852753904022,0.0,637.1382736420819,0.0,0.0
2023,8,27,14,81.0426,461.41531809532376,461.41531809532376,377.6070450860166,0.0,990.4430923828977,0.0,0.0
2023,8,27,15,81.0426,257.07092457474215,257.07092457474215,173.26265156543502,0.0,1152.5548180577587,0.0,0.0
2023,8,27,16,81.0426,82.74295870635255,82.74295870635255,0.0,1.0653143029545777,1151.4731552655917,0.0,0.0
2023,8,27,17,81.0426,27.79815935541503,27.79815935541503,0.0,56.0101136538921,1094.6035011584142,0.0,0.0
2023,8,27,18,81.0426,6.949539838853758,6.949539838853758,0.0,76.85873317045338,1016.5652811767663,0.0,0.0
2023,8,27,19,81.0426,0.0,0.0,0.0,83.80827300930713,931.470872570295,0.0,0.0
2023,8,27,20,81.0426,0.0,0.0,0.0,83.80827300930713,846.3764639638237,0.0,0.0
2023,8,27,21,81.0426,0.0,0.0,0.0,83.80827300930713,761.2820553573523,0.0,0.0
2023,8,27,22,81.0426,0.0,0.0,0.0,83.80827300930713,676.187646750881,0.0,0.0
2023,8,27,23,81.0426,0.0,0.0,0.0,83.80827300930713,591.0932381444096,0.0,0.0
2023,8,28,0,81.0426,0.0,0.0,0.0,83.80827300930713,505.9988295379382,0.0,0.0
2023,8,28,1,81.0426,0.0,0.0,0.0,83.80827300930713,420.9044209314668,0.0,0.0
2023,8,28,2,81.0426,0.0,0.0,0.0,83.80827300930713,335.8100123249954,0.0,0.0
2023,8,28,3,81.0426,0.0,0.0,0.0,83.80827300930713,250.715603718524,0.0,0.0
2023,8,28,4,81.0426,0.0,0.0,0.0,83.80827300930713,165.6211951120526,0.0,0.0
2023,8,28,5,81.0426,0.0,0.0,0.0,83.80827300930713,80.52678650558119,0.0,0.0
2023,8,28,6,81.0426,4.49858605640087,4.49858605640087,0.0,79.30968695290625,0.0,0.0,0.0
2023,8,28,7,81.0426,95.01323998432872,83.80827300930713,0.0,0.0,0.0,11.204966975021591,0.0
2023,8,28,8,81.0426,329.62225900849,83.80827300930713,0.0,0.0,0.0,245.81398599918288,0.0
2023,8,28,9,81.0426,447.2059911033817,83.80827300930713,0.0,0.0,0.0,363.39771809407455,0.0
2023,8,28,10,81.0426,558.9260489592406,83.80827300930713,0.0,0.0,-0.0,475.11777594993345,0.0
2023,8,28,11,81.0426,812.4446417859971,751.9266266811818,668.1183536718746,0.0,625.1192527080191,60.51801510481528,0.0
2023,8,28,12,81.0426,905.1155145478551,905.1155145478551,821.3072415385479,0.0,1393.5683848903827,0.0,0.0
2023,8,28,13,81.0426,796.3738309086477,796.3738309086477,712.5655578993407,0.0,2060.2742860401536,0.0,0.0
2023,8,28,14,81.0426,366.96052327661715,366.96052327661715,283.15225026731,0.0,2325.203279708579,0.0,0.0
2023,8,28,15,81.0426,166.89754269247229,166.89754269247229,83.08926968316516,0.0,2402.9450478952144,0.0,0.0
2023,8,28,16,81.0426,119.92609931736251,119.92609931736251,36.11782630805538,0.0,2436.7383847599253,0.0,0.0
2023,8,28,17,81.0426,68.84387902864505,68.84387902864505,0.0,14.964393980662084,2421.5443447181115,0.0,0.0
2023,8,28,18,81.0426,37.0435293196044,37.04352931960441,0.0,46.764743689702726,2374.061941549315,0.0,0.0
2023,8,28,19,81.0426,0.07756182855863569,0.07756182855863569,0.0,83.7307111807485,2289.0462850480317,0.0,0.0
2023,8,28,20,81.0426,0.0,-0.0,0.0,83.80827300930713,2203.95187644156,0.0,0.0
2023,8,28,21,81.0426,0.0,-0.0,0.0,83.80827300930713,2118.8574678350888,0.0,0.0
2023,8,28,22,81.0426,0.0,-0.0,0.0,83.80827300930713,2033.7630592286177,0.0,0.0
2023,8,28,23,81.0426,0.0,-0.0,0.0,83.80827300930713,1948.6686506221463,0.0,0.0
2023,8,29,0,81.0426,0.0,-0.0,0.0,83.80827300930713,1863.5742420156748,0.0,0.0
2023,8,29,1,81.0426,0.0,-0.0,0.0,83.80827300930713,1778.4798334092034,0.0,0.0
2023,8,29,2,81.0426,0.0,-0.0,0.0,83.80827300930713,1693.3854248027321,0.0,0.0
2023,8,29,3,81.0426,0.0,-0.0,0.0,83.80827300930713,1608.2910161962607,0.0,0.0
2023,8,29,4,81.0426,0.0,-0.0,0.0,83.80827300930713,1523.1966075897892,0.0,0.0
2023,8,29,5,81.0426,0.0,-0.0,0.0,83.80827300930713,1438.102198983318,0.0,0.0
2023,8,29,6,81.0426,0.0,-0.0,0.0,83.80827300930713,1353.0077903768465,0.0,0.0
2023,8,29,7,81.0426,5.3362538048341355,5.336253804834131,0.0,78.472019204473,1273.3315266072932,4.440892098500626e-15,0.0
2023,8,29,8,81.0426,5.9102113361680395,5.910211336168048,0.0,77.89806167313908,1194.2380284161293,0.0,0.0
2023,8,29,9,81.0426,14.302401186212423,14.302401186212423,0.0,69.50587182309471,1123.6655080062812,0.0,0.0
2023,8,29,10,81.0426,45.12547185541425,45.125471855414254,0.0,38.68280115389288,1084.3890741980497,0.0,0.0
2023,8,29,11,81.0426,50.16699071172557,50.16699071172557,0.0,33.64128229758156,1050.2315272270228,0.0,0.0
2023,8,29,12,81.0426,65.05886179498361,65.05886179498361,0.0,18.749411214323512,1031.194384452046,0.0,0.0
2023,8,29,13,81.0426,81.81221676364893,81.81221676364893,0.0,0.0,1031.194384452046,0.0,1.9301863895514766
2023,8,29,14,81.0426,58.636742390328585,58.636742390328585,0.0,25.171530618978544,1005.6365673675227,0.0,0.0
2023,8,29,15,81.0426,59.1021133616804,59.10211336168041,0.0,24.706159647626727,980.5512629141259,0.0,0.0
2023,8,29,16,81.0426,32.35879487466281,32.35879487466281,0.0,51.449478134644316,928.3122325919888,0.0,0.0
2023,8,29,17,81.0426,8.578338238585108,8.578338238585106,0.0,75.22993477072202,851.9278068192839,1.7763568394002505e-15,0.0
2023,8,29,18,81.0426,2.5130032452997964,2.5130032452998012,0.0,81.29526976400733,769.384966420896,0.0,0.0
2023,8,29,19,81.0426,0.0,-0.0,0.0,83.80827300930713,684.2905578144247,0.0,0.0
2023,8,29,20,81.0426,0.0,-0.0,0.0,83.80827300930713,599.1961492079533,0.0,0.0
2023,8,29,21,81.0426,0.0,-0.0,0.0,83.80827300930713,514.1017406014819,0.0,0.0
2023,8,29,22,81.0426,0.0,-0.0,0.0,83.80827300930713,429.00733199501053,0.0,0.0
2023,8,29,23,81.0426,0.0,-0.0,0.0,83.80827300930713,343.9129233885391,0.0,0.0
2023,8,30,0,81.0426,0.0,-0.0,0.0,83.80827300930713,258.8185147820677,0.0,0.0
2023,8,30,1,81.0426,0.0,-0.0,0.0,83.80827300930713,173.72410617559635,0.0,0.0
2023,8,30,2,81.0426,0.0,-0.0,0.0,83.80827300930713,88.62969756912496,0.0,0.0
2023,8,30,3,81.0426,0.0,-0.0,0.0,0.0,88.62969756912496,0.0,81.0426
2023,8,30,4,81.0426,0.0,-0.0,0.0,0.0,88.62969756912496,0.0,81.0426
2023,8,30,5,81.0426,0.0,-0.0,0.0,83.80827300930713,3.535288962653567,0.0,0.0
2023,8,30,6,81.0426,0.0,-0.0,0.0,3.481855828143424,0.0,0.0,77.6756454141853
2023,8,30,7,81.0426,4.963957027752684,4.963957027752684,0.0,-0.0,0.0,0.0,76.24245355416315
2023,8,30,8,81.0426,13.743956020590245,13.743956020590245,0.0,-0.0,0.0,0.0,67.75219452808922
2023,8,30,9,81.0426,39.15321105639929,39.15321105639929,0.0,-0.0,0.0,0.0,43.18144490846188
2023,8,30,10,81.0426,63.29045210384657,63.29045210384657,0.0,-0.0,0.0,0.0,19.840732815580363
2023,8,30,11,81.0426,104.13451102282427,83.80827300930713,0.0,0.0,0.0,20.32623801351714,0.0
2023,8,30,12,81.0426,242.753011022818,83.80827300930713,0.0,-0.0,0.0,158.94473801351086,0.0
2023,8,30,13,81.0426,398.5747245971171,83.80827300930713,0.0,0.0,-0.0,314.76645158780997,0.0
2023,8,30,14,81.0426,537.7051326655978,225.17952072489723,141.3712477155901,0.0,132.27280502126723,312.5256119407006,0.0
2023,8,30,15,81.0426,494.7048549126902,494.7048549126902,410.8965819033831,0.0,516.7246956302635,0.0,0.0
2023,8,30,16,81.0426,440.44259965306867,440.44259965306867,356.63432664376154,0.0,850.406568813866,0.0,0.0
2023,8,30,17,81.0426,316.2505997649812,316.2505997649812,232.44232675567406,0.0,1067.8892540307156,0.0,0.0
2023,8,30,18,81.0426,89.58391198522423,89.58391198522423,5.7756389759171025,0.0,1073.293181494606,0.0,0.0
2023,8,30,19,81.0426,3.7074554051027864,0.0,0.0,83.80827300930713,988.1987728881345,3.7074554051027864,0.0
2023,8,30,20,81.0426,0.0,0.0,0.0,83.80827300930713,903.1043642816632,0.0,0.0
2023,8,30,21,81.0426,0.0,0.0,0.0,83.80827300930713,818.0099556751918,0.0,0.0
2023,8,30,22,81.0426,0.0,0.0,0.0,83.80827300930713,732.9155470687205,0.0,0.0
2023,8,30,23,81.0426,0.0,0.0,0.0,83.80827300930713,647.8211384622491,0.0,0.0
2023,8,31,0,81.0426,0.0,0.0,0.0,83.80827300930713,562.7267298557778,0.0,0.0
2023,8,31,1,81.0426,0.0,0.0,0.0,83.80827300930713,477.63232124930636,0.0,0.0
2023,8,31,2,81.0426,0.0,0.0,0.0,83.80827300930713,392.53791264283495,0.0,0.0
2023,8,31,3,81.0426,0.0,0.0,0.0,83.80827300930713,307.44350403636355,0.0,0.0
2023,8,31,4,81.0426,0.0,0.0,0.0,83.80827300930713,222.34909542989215,0.0,0.0
2023,8,31,5,81.0426,0.0,0.0,0.0,83.80827300930713,137.25468682342074,0.0,0.0
2023,8,31,6,81.0426,0.7135688227394484,0.7135688227394484,0.0,83.09470418656768,52.88479758467675,0.0,0.0
2023,8,31,7,81.0426,31.722787880482,31.722787880482,0.0,52.085485128825134,0.0,0.0,0.0
2023,8,31,8,81.0426,314.40462824528566,83.80827300930713,0.0,0.0,0.0,230.59635523597854,0.0
2023,8,31,9,81.0426,497.1402963294313,83.80827300930713,0.0,0.0,0.0,413.33202332012416,0.0
2023,8,31,10,81.0426,633.8973124440178,83.80827300930713,0.0,0.0,0.0,550.0890394347107,0.0
2023,8,31,11,81.0426,860.3778518352341,83.80827300930713,0.0,0.0,0.0,776.569578825927,0.0
2023,8,31,12,81.0426,981.4673785809762,83.80827300930713,0.0,0.0,0.0,897.659105571669,0.0
2023,8,31,13,81.0426,1029.6798112130239,83.80827300930713,0.0,0.0,0.0,945.8715382037167,0.0
2023,8,31,14,81.0426,989.5182963853624,83.80827300930713,0.0,0.0,-0.0,905.7100233760552,0.0
2023,8,31,15,81.0426,863.3717384175974,553.5169664450967,469.70869343578966,0.0,439.47894234207047,309.85477197250066,0.0
2023,8,31,16,81.0426,598.5756557184151,598.5756557184151,514.7673827091079,0.0,921.1166639060225,0.0,0.0
2023,8,31,17,81.0426,209.6030854968571,209.6030854968571,125.79481248754996,0.0,1038.8155098434036,0.0,0.0
2023,8,31,18,81.0426,64.45387953222625,64.45387953222625,0.0,19.354393477080876,1019.1641006479624,0.0,0.0
2023,8,31,19,81.0426,2.0321199082362553,0.0,0.0,83.80827300930713,934.0696920414911,2.0321199082362553,0.0
2023,8,31,20,81.0426,0.0,0.0,0.0,83.80827300930713,848.9752834350197,0.0,0.0
2023,8,31,21,81.0426,0.0,0.0,0.0,83.80827300930713,763.8808748285484,0.0,0.0
2023,8,31,22,81.0426,0.0,0.0,0.0,83.80827300930713,678.786466222077,0.0,0.0
2023,8,31,23,81.0426,0.0,0.0,0.0,83.80827300930713,593.6920576156057,0.0,0.0
2023,9,1,0,81.0426,0.0,0.0,0.0,83.80827300930713,508.59764900913433,0.0,0.0
2023,9,1,1,81.0426,0.0,0.0,0.0,83.80827300930713,423.5032404026629,0.0,0.0
2023,9,1,2,81.0426,0.0,0.0,0.0,83.80827300930713,338.4088317961915,0.0,0.0
2023,9,1,3,81.0426,0.0,0.0,0.0,83.80827300930713,253.31442318972012,0.0,0.0
2023,9,1,4,81.0426,0.0,0.0,0.0,83.80827300930713,168.22001458324874,0.0,0.0
2023,9,1,5,81.0426,0.0,0.0,0.0,83.80827300930713,83.12560597677735,0.0,0.0
2023,9,1,6,81.0426,1.9390457139658923,1.9390457139658923,0.0,81.86922729534125,0.0,0.0,0.0
2023,9,1,7,81.0426,88.51355875111506,83.80827300930713,0.0,0.0,0.0,4.705285741807927,0.0
2023,9,1,8,81.0426,411.6671612578148,83.80827300930713,0.0,0.0,0.0,327.8588882485077,0.0
2023,9,1,9,81.0426,736.7908342099039,83.80827300930713,0.0,0.0,0.0,652.9825612005968,0.0
2023,9,1,10,81.0426,970.841408068443,83.80827300930713,0.0,0.0,0.0,887.0331350591359,0.0
2023,9,1,11,81.0426,1116.3784231758668,83.80827300930713,0.0,0.0,0.0,1032.5701501665596,0.0
2023,9,1,12,81.0426,1220.3733229072857,83.80827300930713,0.0,0.0,0.0,1136.5650498979785,0.0
2023,9,1,13,81.0426,1007.7453260966419,83.80827300930713,0.0,0.0,-0.0,923.9370530873348,0.0
2023,9,1,14,81.0426,823.039587567107,217.77231139764672,133.9640383883396,0.0,125.34231264090556,605.2672761694603,0.0
2023,9,1,15,81.0426,616.9733214525235,616.9733214525235,533.1650484432164,0.0,624.1936536063777,0.0,0.0
2023,9,1,16,81.0426,415.2039806400886,415.2039806400886,331.3957076307815,0.0,934.2612276615881,0.0,0.0
2023,9,1,17,81.0426,217.48336727841448,217.48336727841448,133.67509426910735,0.0,1059.3331921959102,0.0,0.0
2023,9,1,18,81.0426,46.08723852954133,46.08723852954133,0.0,37.7210344797658,1021.0332844920069,0.0,0.0
2023,9,1,19,81.0426,1.0393285026857184,0.0,0.0,83.80827300930713,935.9388758855356,1.0393285026857184,0.0
2023,9,1,20,81.0426,0.0,0.0,0.0,83.80827300930713,850.8444672790642,0.0,0.0
2023,9,1,21,81.0426,0.0,0.0,0.0,83.80827300930713,765.7500586725929,0.0,0.0
2023,9,1,22,81.0426,0.0,0.0,0.0,83.80827300930713,680.6556500661216,0.0,0.0
2023,9,1,23,81.0426,0.0,0.0,0.0,83.80827300930713,595.5612414596502,0.0,0.0
2023,9,2,0,81.0426,0.0,0.0,0.0,83.80827300930713,510.46683285317886,0.0,0.0
2023,9,2,1,81.0426,0.0,0.0,0.0,83.80827300930713,425.37242424670745,0.0,0.0
2023,9,2,2,81.0426,0.0,0.0,0.0,83.80827300930713,340.27801564023605,0.0,0.0
2023,9,2,3,81.0426,0.0,0.0,0.0,83.80827300930713,255.18360703376464,0.0,0.0
2023,9,2,4,81.0426,0.0,0.0,0.0,83.80827300930713,170.08919842729327,0.0,0.0
2023,9,2,5,81.0426,0.0,0.0,0.0,83.80827300930713,84.99478982082188,0.0,0.0
2023,9,2,6,81.0426,2.0941693710831637,2.0941693710831637,0.0,81.71410363822396,2.0266880544200596,0.0,0.0
2023,9,2,7,81.0426,81.81221676364893,81.81221676364893,0.0,1.9960562456581972,0.0,0.0,0.0
2023,9,2,8,81.0426,354.9539522157404,83.80827300930713,0.0,0.0,0.0,271.1456792064333,0.0
2023,9,2,9,81.0426,743.8489606087397,83.80827300930713,0.0,0.0,0.0,660.0406875994327,0.0
2023,9,2,10,81.0426,970.9189698970016,83.80827300930713,0.0,0.0,0.0,887.1106968876945,0.0
2023,9,2,11,81.0426,1151.7776417300283,83.80827300930713,0.0,0.0,-0.0,1067.9693687207211,0.0
2023,9,2,12,81.0426,1148.783755147665,83.80827300930713,0.0,0.0,-0.0,1064.9754821383578,0.0
2023,9,2,13,81.0426,785.8254222246734,83.80827300930713,-0.0,0.0,0.0,702.0171492153663,0.0
2023,9,2,14,81.0426,590.2920524283528,568.9752759481323,485.1670029388252,0.0,453.9423780964678,21.316776480220483,0.0
2023,9,2,15,81.0426,457.33556591313936,457.33556591313936,373.52729290383223,0.0,803.430011421938,0.0,0.0
2023,9,2,16,81.0426,320.0511293643543,320.0511293643543,236.2428563550472,0.0,1024.4686298203833,0.0,0.0
2023,9,2,17,81.0426,130.3969461727783,130.3969461727783,46.588673163471185,0.0,1068.0589254507145,0.0,0.0
2023,9,2,18,81.0426,61.382431121304286,61.382431121304286,0.0,22.425841888002843,1045.288932889838,0.0,0.0
2023,9,2,19,81.0426,0.7290811884511755,0.0,0.0,83.80827300930713,960.1945242833665,0.7290811884511755,0.0
2023,9,2,20,81.0426,0.0,0.0,0.0,83.80827300930713,875.1001156768951,0.0,0.0
2023,9,2,21,81.0426,0.0,0.0,0.0,83.80827300930713,790.0057070704238,0.0,0.0
2023,9,2,22,81.0426,0.0,0.0,0.0,83.80827300930713,704.9112984639524,0.0,0.0
2023,9,2,23,81.0426,0.0,0.0,0.0,83.80827300930713,619.8168898574811,0.0,0.0
2023,9,3,0,81.0426,0.0,0.0,0.0,83.80827300930713,534.7224812510098,0.0,0.0
2023,9,3,1,81.0426,0.0,0.0,0.0,83.80827300930713,449.62807264453835,0.0,0.0
2023,9,3,2,81.0426,0.0,0.0,0.0,83.80827300930713,364.53366403806695,0.0,0.0
2023,9,3,3,81.0426,0.0,0.0,0.0,83.80827300930713,279.43925543159554,0.0,0.0
2023,9,3,4,81.0426,0.0,0.0,0.0,83.80827300930713,194.34484682512414,0.0,0.0
2023,9,3,5,81.0426,0.0,0.0,0.0,83.80827300930713,109.25043821865273,0.0,0.0
2023,9,3,6,81.0426,1.442650011190624,1.442650011190624,0.0,82.3656229981165,25.62081876867371,0.0,0.0
2023,9,3,7,81.0426,58.574692927481514,58.574692927481514,0.0,25.233580081825615,0.0,0.0,0.0
2023,9,3,8,81.0426,203.55326286928351,83.80827300930713,0.0,0.0,0.0,119.74498985997639,0.0
2023,9,3,9,81.0426,523.8370777193137,83.80827300930713,0.0,0.0,0.0,440.02880471000657,0.0
2023,9,3,10,81.0426,734.6966648388208,83.80827300930713,0.0,0.0,0.0,650.8883918295137,0.0
2023,9,3,11,81.0426,1056.8885006713936,83.80827300930713,0.0,0.0,0.0,973.0802276620864,0.0
2023,9,3,12,81.0426,1089.3869068374618,83.80827300930713,0.0,0.0,-0.0,1005.5786338281546,0.0
2023,9,3,13,81.0426,1098.756375727345,712.4504201774947,628.6421471681875,0.0,588.1836759891496,386.3059555498502,0.0
2023,9,3,14,81.0426,481.7210048119745,481.7210048119745,397.9127318026674,0.0,960.4873377287762,0.0,0.0
2023,9,3,15,81.0426,202.11061285809288,202.11061285809288,118.30233984878575,0.0,1071.1759153938688,0.0,0.0
2023,9,3,16,81.0426,122.25295417412158,122.25295417412158,38.44468116481445,0.0,1107.1463542064953,0.0,0.0
2023,9,3,17,81.0426,50.8185100716181,50.8185100716181,0.0,32.98976293768904,1073.6503249190455,0.0,0.0
2023,9,3,18,81.0426,39.58755729632766,39.58755729632766,0.0,44.22071571297947,1028.7509908004079,0.0,0.0
2023,9,3,19,81.0426,0.7601059198746297,0.0,0.0,83.80827300930713,943.6565821939364,0.7601059198746297,0.0
2023,9,3,20,81.0426,0.0,0.0,0.0,83.80827300930713,858.562173587465,0.0,0.0
2023,9,3,21,81.0426,0.0,0.0,0.0,83.80827300930713,773.4677649809937,0.0,0.0
2023,9,3,22,81.0426,0.0,0.0,0.0,83.80827300930713,688.3733563745224,0.0,0.0
2023,9,3,23,81.0426,0.0,0.0,0.0,83.80827300930713,603.278947768051,0.0,0.0
2023,9,4,0,81.0426,0.0,0.0,0.0,83.80827300930713,518.1845391615797,0.0,0.0
2023,9,4,1,81.0426,0.0,0.0,0.0,83.80827300930713,433.0901305551083,0.0,0.0
2023,9,4,2,81.0426,0.0,0.0,0.0,83.80827300930713,347.9957219486369,0.0,0.0
2023,9,4,3,81.0426,0.0,0.0,0.0,83.80827300930713,262.9013133421655,0.0,0.0
2023,9,4,4,81.0426,0.0,0.0,0.0,83.80827300930713,177.8069047356941,0.0,0.0
2023,9,4,5,81.0426,0.0,0.0,0.0,83.80827300930713,92.71249612922271,0.0,0.0
2023,9,4,6,81.0426,0.5584451656220218,0.5584451656220218,0.0,83.24982784368511,8.185102680103054,0.0,0.0
2023,9,4,7,81.0426,75.74688177036361,75.74688177036361,0.0,8.061391238943516,0.0,0.0,0.0
2023,9,4,8,81.0426,242.33417714860136,83.80827300930713,0.0,-0.0,0.0,158.52590413929423,0.0
2023,9,4,9,81.0426,613.4054773388262,83.80827300930713,0.0,0.0,0.0,529.5972043295192,0.0
2023,9,4,10,81.0426,796.2962690800894,83.80827300930713,0.0,0.0,0.0,712.4879960707822,0.0
2023,9,4,11,81.0426,1057.4004087398803,83.80827300930713,0.0,0.0,0.0,973.5921357305731,0.0
2023,9,4,12,81.0426,1082.54595355859,83.80827300930713,0.0,0.0,0.0,998.7376805492829,0.0
2023,9,4,13,81.0426,1087.4478611234958,83.80827300930713,0.0,0.0,0.0,1003.6395881141887,0.0
2023,9,4,14,81.0426,1052.6070877349566,83.80827300930713,0.0,0.0,-0.0,968.7988147256494,0.0
2023,9,4,15,81.0426,956.2132472022843,278.17617289370924,194.36789988440214,0.0,181.8586716835457,678.037074308575,0.0
2023,9,4,16,81.0426,703.7339828782134,703.7339828782134,619.9257098689063,0.0,761.8868872803005,0.0,0.0
2023,9,4,17,81.0426,365.4713361682914,365.4713361682914,281.66306315898424,0.0,1025.4225357020598,0.0,0.0
2023,9,4,18,81.0426,79.84214631825958,79.84214631825958,0.0,3.966126691047551,1021.3955441758707,0.0,0.0
2023,9,4,19,81.0426,0.5274204341987228,0.0,0.0,83.80827300930713,936.3011355693993,0.5274204341987228,0.0
2023,9,4,20,81.0426,0.0,0.0,0.0,83.80827300930713,851.206726962928,0.0,0.0
2023,9,4,21,81.0426,0.0,0.0,0.0,83.80827300930713,766.1123183564566,0.0,0.0
2023,9,4,22,81.0426,0.0,0.0,0.0,83.80827300930713,681.0179097499853,0.0,0.0
2023,9,4,23,81.0426,0.0,0.0,0.0,83.80827300930713,595.9235011435139,0.0,0.0
2023,9,5,0,81.0426,0.0,0.0,0.0,83.80827300930713,510.8290925370426,0.0,0.0
2023,9,5,1,81.0426,0.0,0.0,0.0,83.80827300930713,425.7346839305712,0.0,0.0
2023,9,5,2,81.0426,0.0,0.0,0.0,83.80827300930713,340.6402753240998,0.0,0.0
2023,9,5,3,81.0426,0.0,0.0,0.0,83.80827300930713,255.54586671762837,0.0,0.0
2023,9,5,4,81.0426,0.0,0.0,0.0,83.80827300930713,170.45145811115697,0.0,0.0
2023,9,5,5,81.0426,0.0,0.0,0.0,83.80827300930713,85.35704950468558,0.0,0.0
2023,9,5,6,81.0426,0.4653709713518141,0.0,0.0,83.80827300930713,0.26264089821419295,0.4653709713518141,0.0
2023,9,5,7,81.0426,83.54960172336237,83.54960172336237,0.0,0.2586712859447591,0.0,0.0,0.0
2023,9,5,8,81.0426,384.1327121194991,83.80827300930713,0.0,0.0,0.0,300.324439110192,0.0
2023,9,5,9,81.0426,681.4892504475966,83.80827300930713,0.0,0.0,0.0,597.6809774382896,0.0
2023,9,5,10,81.0426,933.3325077774866,83.80827300930713,0.0,0.0,0.0,849.5242347681794,0.0
2023,9,5,11,81.0426,1062.4574399619034,83.80827300930713,0.0,0.0,0.0,978.6491669525963,0.0
2023,9,5,12,81.0426,1152.1809632385332,83.80827300930713,0.0,0.0,0.0,1068.372690229226,0.0
2023,9,5,13,81.0426,1191.815057631996,83.80827300930713,0.0,0.0,0.0,1108.0067846226889,0.0
2023,9,5,14,81.0426,1035.0005526521466,83.80827300930713,0.0,0.0,-0.0,951.1922796428394,0.0
2023,9,5,15,81.0426,902.9127586167897,410.33332787883614,326.525054869529,0.0,305.5103892426979,492.57943073795354,0.0
2023,9,5,16,81.0426,625.7843451767845,625.7843451767845,541.9760721674775,0.0,812.6056895842775,0.0,0.0
2023,9,5,17,81.0426,313.86169544537523,313.86169544537523,230.0534224360681,0.0,1027.853216801267,0.0,0.0
2023,9,5,18,81.0426,77.08094522157215,77.08094522157215,0.0,6.72732778773498,1021.0226503303936,0.0,0.0
2023,9,5,19,81.0426,0.5894698970456314,0.0,0.0,83.80827300930713,935.9282417239223,0.5894698970456314,0.0
2023,9,5,20,81.0426,0.0,0.0,0.0,83.80827300930713,850.8338331174509,0.0,0.0
2023,9,5,21,81.0426,0.0,0.0,0.0,83.80827300930713,765.7394245109796,0.0,0.0
2023,9,5,22,81.0426,0.0,0.0,0.0,83.80827300930713,680.6450159045082,0.0,0.0
2023,9,5,23,81.0426,0.0,0.0,0.0,83.80827300930713,595.5506072980369,0.0,0.0
2023,9,6,0,81.0426,0.0,0.0,0.0,83.80827300930713,510.45619869156553,0.0,0.0
2023,9,6,1,81.0426,0.0,0.0,0.0,83.80827300930713,425.3617900850941,0.0,0.0
2023,9,6,2,81.0426,0.0,0.0,0.0,83.80827300930713,340.2673814786227,0.0,0.0
2023,9,6,3,81.0426,0.0,0.0,0.0,83.80827300930713,255.17297287215132,0.0,0.0
2023,9,6,4,81.0426,0.0,0.0,0.0,83.80827300930713,170.07856426567992,0.0,0.0
2023,9,6,5,81.0426,0.0,0.0,0.0,83.80827300930713,84.98415565920853,0.0,0.0
2023,9,6,6,81.0426,0.10858655998208998,0.10858655998208998,0.0,83.69968644932504,0.0,0.0,0.0
2023,9,6,7,81.0426,85.59723399731035,83.80827300930713,0.0,0.0,0.0,1.7889609880032253,0.0
2023,9,6,8,81.0426,408.9059601611274,83.80827300930713,0.0,0.0,0.0,325.09768715182025,0.0
2023,9,6,9,81.0426,745.6173702998766,83.80827300930713,0.0,0.0,0.0,661.8090972905695,0.0
2023,9,6,10,81.0426,1001.943701320456,83.80827300930713,0.0,0.0,0.0,918.1354283111489,0.0
2023,9,6,11,81.0426,1168.0346009959185,83.80827300930713,0.0,0.0,0.0,1084.2263279866113,0.0
2023,9,6,12,81.0426,1253.5852978960934,83.80827300930713,0.0,0.0,0.0,1169.7770248867862,0.0
2023,9,6,13,81.0426,1246.0152634287706,83.80827300930713,0.0,0.0,0.0,1162.2069904194634,0.0
2023,9,6,14,81.0426,1155.2213869180316,83.80827300930713,0.0,0.0,-0.0,1071.4131139087244,0.0
2023,9,6,15,81.0426,978.7372022157122,258.74034579930856,174.93207279000143,0.0,163.6737054388061,719.9968564164036,0.0
2023,9,6,16,81.0426,713.0414023052497,713.0414023052497,629.2331292959426,0.0,752.4103288272236,0.0,0.0
2023,9,6,17,81.0426,379.8978362801976,379.8978362801976,296.0895632708905,0.0,1029.44400932606,0.0,0.0
2023,9,6,18,81.0426,75.6227828446698,75.6227828446698,0.0,8.185490164637331,1021.1329032776565,0.0,0.0
2023,9,6,19,81.0426,0.0,0.0,0.0,83.80827300930713,936.0384946711852,0.0,0.0
2023,9,6,20,81.0426,0.0,0.0,0.0,83.80827300930713,850.9440860647138,0.0,0.0
2023,9,6,21,81.0426,0.0,0.0,0.0,83.80827300930713,765.8496774582425,0.0,0.0
2023,9,6,22,81.0426,0.0,0.0,0.0,83.80827300930713,680.7552688517711,0.0,0.0
2023,9,6,23,81.0426,0.0,0.0,0.0,83.80827300930713,595.6608602452998,0.0,0.0
2023,9,7,0,81.0426,0.0,0.0,0.0,83.80827300930713,510.56645163882837,0.0,0.0
2023,9,7,1,81.0426,0.0,0.0,0.0,83.80827300930713,425.47204303235696,0.0,0.0
2023,9,7,2,81.0426,0.0,0.0,0.0,83.80827300930713,340.37763442588556,0.0,0.0
2023,9,7,3,81.0426,0.0,0.0,0.0,83.80827300930713,255.28322581941416,0.0,0.0
2023,9,7,4,81.0426,0.0,0.0,0.0,83.80827300930713,170.18881721294278,0.0,0.0
2023,9,7,5,81.0426,0.0,0.0,0.0,83.80827300930713,85.09440860647139,0.0,0.0
2023,9,7,6,81.0426,0.0,0.0,0.0,83.80827300930713,0.0,0.0,0.0
2023,9,7,7,81.0426,86.57451303714916,83.80827300930713,0.0,0.0,0.0,2.7662400278420307,0.0
2023,9,7,8,81.0426,414.2267016002498,83.80827300930713,0.0,0.0,0.0,330.41842859094265,0.0
2023,9,7,9,81.0426,760.7574392345224,83.80827300930713,0.0,0.0,0.0,676.9491662252153,0.0
2023,9,7,10,81.0426,1032.0997402640535,83.80827300930713,0.0,0.0,0.0,948.2914672547463,0.0
2023,9,7,11,81.0426,1212.0431825200883,83.80827300930713,0.0,0.0,0.0,1128.234909510781,0.0
2023,9,7,12,81.0426,1306.373878413101,83.80827300930713,0.0,0.0,0.0,1222.5656054037938,0.0
2023,9,7,13,81.0426,1302.2475891337815,83.80827300930713,0.0,0.0,0.0,1218.4393161244743,0.0
2023,9,7,14,81.0426,1201.4482367389787,83.80827300930713,0.0,0.0,-0.0,1117.6399637296715,0.0
2023,9,7,15,81.0426,1007.9935239480294,247.6690028943337,163.86072988502656,0.0,153.31489765393405,760.3245210536957,0.0
2023,9,7,16,81.0426,725.9787153088301,725.9787153088301,642.170442299523,0.0,754.1562078727627,0.0,0.0
2023,9,7,17,81.0426,380.6579422000722,380.6579422000722,296.8496691907651,0.0,1031.9010750079183,0.0,0.0
2023,9,7,18,81.0426,73.20285379364022,73.20285379364022,0.0,10.605419215666915,1021.1329032776565,0.0,0.0
2023,9,7,19,81.0426,0.0,0.0,0.0,83.80827300930713,936.0384946711852,0.0,0.0
2023,9,7,20,81.0426,0.0,0.0,0.0,83.80827300930713,850.9440860647138,0.0,0.0
2023,9,7,21,81.0426,0.0,0.0,0.0,83.80827300930713,765.8496774582425,0.0,0.0
2023,9,7,22,81.0426,0.0,0.0,0.0,83.80827300930713,680.7552688517711,0.0,0.0
2023,9,7,23,81.0426,0.0,0.0,0.0,83.80827300930713,595.6608602452998,0.0,0.0
2023,9,8,0,81.0426,0.0,0.0,0.0,83.80827300930713,510.56645163882837,0.0,0.0
2023,9,8,1,81.0426,0.0,0.0,0.0,83.80827300930713,425.47204303235696,0.0,0.0
2023,9,8,2,81.0426,0.0,0.0,0.0,83.80827300930713,340.37763442588556,0.0,0.0
2023,9,8,3,81.0426,0.0,0.0,0.0,83.80827300930713,255.28322581941416,0.0,0.0
2023,9,8,4,81.0426,0.0,0.0,0.0,83.80827300930713,170.18881721294278,0.0,0.0
2023,9,8,5,81.0426,0.0,0.0,0.0,83.80827300930713,85.09440860647139,0.0,0.0
2023,9,8,6,81.0426,0.0,0.0,0.0,83.80827300930713,0.0,0.0,0.0
2023,9,8,7,81.0426,84.80610334601228,83.80827300930713,0.0,0.0,0.0,0.9978303367051495,0.0
2023,9,8,8,81.0426,410.9691048007871,83.80827300930713,0.0,0.0,0.0,327.16083179147995,0.0
2023,9,8,9,81.0426,759.4854252461607,83.80827300930713,0.0,0.0,0.0,675.6771522368535,0.0
2023,9,8,10,81.0426,1036.1174429833907,83.80827300930713,0.0,0.0,0.0,952.3091699740835,0.0
2023,9,8,11,81.0426,1222.4209551812337,83.80827300930713,0.0,0.0,0.0,1138.6126821719265,0.0
2023,9,8,12,81.0426,1310.810415006655,83.80827300930713,0.0,0.0,0.0,1227.0021419973477,0.0
2023,9,8,13,81.0426,1295.9650810205321,83.80827300930713,0.0,0.0,0.0,1212.156808011225,0.0
2023,9,8,14,81.0426,1189.8915242837418,83.80827300930713,0.0,0.0,-0.0,1106.0832512744346,0.0
2023,9,8,15,81.0426,996.8711577327211,261.49966150808524,177.69138849877808,0.0,166.25543570317643,735.3714962246358,0.0
2023,9,8,16,81.0426,719.385959881346,719.385959881346,635.5776868720388,0.0,760.9282904029105,0.0,0.0
2023,9,8,17,81.0426,376.5006281893294,376.5006281893294,292.6923551800223,0.0,1034.7834020577902,0.0,0.0
2023,9,8,18,81.0426,70.3640908683943,70.3640908683943,0.0,13.444182140912831,1021.1329032776565,0.0,0.0
2023,9,8,19,81.0426,0.0,0.0,0.0,83.80827300930713,936.0384946711852,0.0,0.0
2023,9,8,20,81.0426,0.0,0.0,0.0,83.80827300930713,850.9440860647138,0.0,0.0
2023,9,8,21,81.0426,0.0,0.0,0.0,83.80827300930713,765.8496774582425,0.0,0.0
2023,9,8,22,81.0426,0.0,0.0,0.0,83.80827300930713,680.7552688517711,0.0,0.0
2023,9,8,23,81.0426,0.0,0.0,0.0,83.80827300930713,595.6608602452998,0.0,0.0
2023,9,9,0,81.0426,0.0,0.0,0.0,83.80827300930713,510.56645163882837,0.0,0.0
2023,9,9,1,81.0426,0.0,0.0,0.0,83.80827300930713,425.47204303235696,0.0,0.0
2023,9,9,2,81.0426,0.0,0.0,0.0,83.80827300930713,340.37763442588556,0.0,0.0
2023,9,9,3,81.0426,0.0,0.0,0.0,83.80827300930713,255.28322581941416,0.0,0.0
2023,9,9,4,81.0426,0.0,0.0,0.0,83.80827300930713,170.18881721294278,0.0,0.0
2023,9,9,5,81.0426,0.0,0.0,0.0,83.80827300930713,85.09440860647139,0.0,0.0
2023,9,9,6,81.0426,0.0,0.0,0.0,83.80827300930713,0.0,0.0,0.0
2023,9,9,7,81.0426,84.01497269471419,83.80827300930713,0.0,0.0,0.0,0.20669968540705952,0.0
2023,9,9,8,81.0426,407.95970585271203,83.80827300930713,0.0,0.0,0.0,324.1514328434049,0.0
2023,9,9,9,81.0426,751.2018219560982,83.80827300930713,0.0,0.0,0.0,667.393548946791,0.0
2023,9,9,10,81.0426,1016.3391767009387,83.80827300930713,0.0,0.0,0.0,932.5309036916315,0.0
2023,9,9,11,81.0426,1186.4943161928738,83.80827300930713,0.0,0.0,0.0,1102.6860431835667,0.0
2023,9,9,12,81.0426,1277.5053658235768,83.80827300930713,0.0,0.0,0.0,1193.6970928142696,0.0
2023,9,9,13,81.0426,1266.7863211167733,83.80827300930713,0.0,0.0,0.0,1182.978048107466,0.0
2023,9,9,14,81.0426,1172.71933544086,83.80827300930713,0.0,0.0,-0.0,1088.9110624315529,0.0
2023,9,9,15,81.0426,977.4031387645036,317.0150937107821,233.20682070147492,0.0,218.19797747228972,660.3880450537215,0.0
2023,9,9,16,81.0426,697.498011862099,697.498011862099,613.6897388527918,0.0,792.3915598486303,0.0,0.0
2023,9,9,17,81.0426,346.98059623991264,346.98059623991264,263.1723232306055,0.0,1038.626504790953,0.0,0.0
2023,9,9,18,81.0426,66.57907363473288,66.57907363473288,0.0,17.229199374574254,1021.1329032776565,0.0,0.0
2023,9,9,19,81.0426,0.0,0.0,0.0,83.80827300930713,936.0384946711852,0.0,0.0
2023,9,9,20,81.0426,0.0,0.0,0.0,83.80827300930713,850.9440860647138,0.0,0.0
2023,9,9,21,81.0426,0.0,0.0,0.0,83.80827300930713,765.8496774582425,0.0,0.0
2023,9,9,22,81.0426,0.0,0.0,0.0,83.80827300930713,680.7552688517711,0.0,0.0
2023,9,9,23,81.0426,0.0,0.0,0.0,83.80827300930713,595.6608602452998,0.0,0.0
2023,9,10,0,81.0426,0.0,0.0,0.0,83.80827300930713,510.56645163882837,0.0,0.0
2023,9,10,1,81.0426,0.0,0.0,0.0,83.80827300930713,425.47204303235696,0.0,0.0
2023,9,10,2,81.0426,0.0,0.0,0.0,83.80827300930713,340.37763442588556,0.0,0.0
2023,9,10,3,81.0426,0.0,0.0,0.0,83.80827300930713,255.28322581941416,0.0,0.0
2023,9,10,4,81.0426,0.0,0.0,0.0,83.80827300930713,170.18881721294278,0.0,0.0
2023,9,10,5,81.0426,0.0,0.0,0.0,83.80827300930713,85.09440860647139,0.0,0.0
2023,9,10,6,81.0426,0.0,0.0,0.0,83.80827300930713,0.0,0.0,0.0
2023,9,10,7,81.0426,83.968435597579,83.80827300930713,0.0,0.0,0.0,0.16016258827187357,0.0
2023,9,10,8,81.0426,407.2616493956843,83.80827300930713,0.0,0.0,0.0,323.45337638637716,0.0
2023,9,10,9,81.0426,746.3154267569043,83.80827300930713,0.0,0.0,0.0,662.5071537475972,0.0
2023,9,10,10,81.0426,1007.9469868508942,83.80827300930713,0.0,0.0,0.0,924.1387138415871,0.0
2023,9,10,11,81.0426,1174.1309607206272,83.80827300930713,0.0,0.0,0.0,1090.32268771132,0.0
2023,9,10,12,81.0426,1252.4684075648493,83.80827300930713,0.0,0.0,0.0,1168.660134555542,0.0
2023,9,10,13,81.0426,1249.0246623768455,83.80827300930713,0.0,0.0,0.0,1165.2163893675383,0.0
2023,9,10,14,81.0426,1155.267924015167,83.80827300930713,0.0,0.0,-0.0,1071.4596510058598,0.0
2023,9,10,15,81.0426,968.5455779431073,313.80702481975715,229.99875181045,0.0,215.19637511131305,654.7385531233501,0.0
2023,9,10,16,81.0426,696.0088247537733,696.0088247537733,612.2005517444662,0.0,787.9966122409878,0.0,0.0
2023,9,10,17,81.0426,358.8940931065191,358.8940931065191,275.085820097212,0.0,1045.3783191566388,0.0,0.0
2023,9,10,18,81.0426,62.856105863918366,62.856105863918366,0.0,20.952167145388767,1024.1046165943296,0.0,0.0
2023,9,10,19,81.0426,0.0,0.0,0.0,83.80827300930713,939.0102079878583,0.0,0.0
2023,9,10,20,81.0426,0.0,0.0,0.0,83.80827300930713,853.9157993813869,0.0,0.0
2023,9,10,21,81.0426,0.0,0.0,0.0,83.80827300930713,768.8213907749156,0.0,0.0
2023,9,10,22,81.0426,0.0,0.0,0.0,83.80827300930713,683.7269821684442,0.0,0.0
2023,9,10,23,81.0426,0.0,0.0,0.0,83.80827300930713,598.6325735619729,0.0,0.0
2023,9,11,0,81.0426,0.0,0.0,0.0,83.80827300930713,513.5381649555015,0.0,0.0
2023,9,11,1,81.0426,0.0,0.0,0.0,83.80827300930713,428.4437563490302,0.0,0.0
2023,9,11,2,81.0426,0.0,0.0,0.0,83.80827300930713,343.3493477425588,0.0,0.0
2023,9,11,3,81.0426,0.0,0.0,0.0,83.80827300930713,258.2549391360874,0.0,0.0
2023,9,11,4,81.0426,0.0,0.0,0.0,83.80827300930713,173.16053052961598,0.0,0.0
2023,9,11,5,81.0426,0.0,0.0,0.0,83.80827300930713,88.06612192314459,0.0,0.0
2023,9,11,6,81.0426,0.0,0.0,0.0,83.80827300930713,2.971713316673209,0.0,0.0
2023,9,11,7,81.0426,80.8814748209453,80.8814748209453,0.0,2.926798188361831,0.0,0.0,0.0
2023,9,11,8,81.0426,397.8146186772425,83.80827300930713,0.0,0.0,0.0,314.00634566793536,0.0
2023,9,11,9,81.0426,729.0967008168872,83.80827300930713,0.0,0.0,0.0,645.2884278075801,0.0
2023,9,11,10,81.0426,990.8833845679943,83.80827300930713,0.0,0.0,0.0,907.0751115586872,0.0
2023,9,11,11,81.0426,1157.4396552148087,83.80827300930713,0.0,0.0,0.0,1073.6313822055015,0.0
2023,9,11,12,81.0426,1234.846360116327,83.80827300930713,0.0,0.0,0.0,1151.03808710702,0.0
2023,9,11,13,81.0426,1230.983781054107,83.80827300930713,0.0,0.0,0.0,1147.1755080448,0.0
2023,9,11,14,81.0426,1137.9561238808794,83.80827300930713,0.0,0.0,-0.0,1054.1478508715722,0.0
2023,9,11,15,81.0426,953.9329294426603,336.49340936845624,252.68513635914908,0.0,236.4226977797282,617.4395200742041,0.0
2023,9,11,16,81.0426,685.3208047783933,685.3208047783933,601.5125317690861,0.0,799.2227799619768,0.0,0.0
2023,9,11,17,81.0426,351.92904090195356,351.92904090195356,268.1207678926464,0.0,1050.0876950468669,0.0,0.0
2023,9,11,18,81.0426,59.59850906445567,59.59850906445567,0.0,24.20976394485146,1025.5064040666718,0.0,0.0
2023,9,11,19,81.0426,0.0,0.0,0.0,83.80827300930713,940.4119954602005,0.0,0.0
2023,9,11,20,81.0426,0.0,0.0,0.0,83.80827300930713,855.3175868537292,0.0,0.0
2023,9,11,21,81.0426,0.0,0.0,0.0,83.80827300930713,770.2231782472578,0.0,0.0
2023,9,11,22,81.0426,0.0,0.0,0.0,83.80827300930713,685.1287696407865,0.0,0.0
2023,9,11,23,81.0426,0.0,0.0,0.0,83.80827300930713,600.0343610343151,0.0,0.0
2023,9,12,0,81.0426,0.0,0.0,0.0,83.80827300930713,514.9399524278438,0.0,0.0
2023,9,12,1,81.0426,0.0,0.0,0.0,83.80827300930713,429.84554382137236,0.0,0.0
2023,9,12,2,81.0426,0.0,0.0,0.0,83.80827300930713,344.75113521490096,0.0,0.0
2023,9,12,3,81.0426,0.0,0.0,0.0,83.80827300930713,259.65672660842955,0.0,0.0
2023,9,12,4,81.0426,0.0,0.0,0.0,83.80827300930713,174.56231800195815,0.0,0.0
2023,9,12,5,81.0426,0.0,0.0,0.0,83.80827300930713,89.46790939548677,0.0,0.0
2023,9,12,6,81.0426,0.0,0.0,0.0,83.80827300930713,4.373500789015378,0.0,0.0
2023,9,12,7,81.0426,79.50087427260158,79.50087427260158,0.0,4.307398736705553,0.0,0.0,0.0
2023,9,12,8,81.0426,383.24850727393067,83.80827300930713,0.0,0.0,0.0,299.44023426462354,0.0
2023,9,12,9,81.0426,721.0147582810774,83.80827300930713,0.0,0.0,0.0,637.2064852717704,0.0
2023,9,12,10,81.0426,978.17875705009,83.80827300930713,0.0,0.0,0.0,894.3704840407829,0.0
2023,9,12,11,81.0426,1139.1660884063942,83.80827300930713,0.0,0.0,0.0,1055.357815397087,0.0
2023,9,12,12,81.0426,1215.533464805227,83.80827300930713,0.0,0.0,0.0,1131.7251917959197,0.0
2023,9,12,13,81.0426,1215.6575637309206,83.80827300930713,0.0,0.0,0.0,1131.8492907216134,0.0
2023,9,12,14,81.0426,1113.2759500335214,83.80827300930713,0.0,0.0,-0.0,1029.4676770242143,0.0
2023,9,12,15,81.0426,917.2772092658493,454.7084686553933,370.90019564608616,0.0,347.02961212978244,462.56874061045596,0.0
2023,9,12,16,81.0426,649.6733883728443,649.6733883728443,565.8651153635373,0.0,876.476492469963,0.0,0.0
2023,9,12,17,81.0426,317.3209529990903,317.3209529990903,233.51267998978315,0.0,1094.9606445828538,0.0,0.0
2023,9,12,18,81.0426,53.17638965980063,53.17638965980063,0.0,30.631883349506502,1063.858679293112,0.0,0.0
2023,9,12,19,81.0426,0.0,0.0,0.0,83.80827300930713,978.7642706866405,0.0,0.0
2023,9,12,20,81.0426,0.0,0.0,0.0,83.80827300930713,893.6698620801692,0.0,0.0
2023,9,12,21,81.0426,0.0,0.0,0.0,83.80827300930713,808.5754534736978,0.0,0.0
2023,9,12,22,81.0426,0.0,0.0,0.0,83.80827300930713,723.4810448672265,0.0,0.0
2023,9,12,23,81.0426,0.0,0.0,0.0,83.80827300930713,638.3866362607552,0.0,0.0
2023,9,13,0,81.0426,0.0,0.0,0.0,83.80827300930713,553.2922276542838,0.0,0.0
2023,9,13,1,81.0426,0.0,0.0,0.0,83.80827300930713,468.19781904781246,0.0,0.0
2023,9,13,2,81.0426,0.0,0.0,0.0,83.80827300930713,383.10341044134105,0.0,0.0
2023,9,13,3,81.0426,0.0,0.0,0.0,83.80827300930713,298.00900183486965,0.0,0.0
2023,9,13,4,81.0426,0.0,0.0,0.0,83.80827300930713,212.91459322839825,0.0,0.0
2023,9,13,5,81.0426,0.0,0.0,0.0,83.80827300930713,127.82018462192684,0.0,0.0
2023,9,13,6,81.0426,0.0,0.0,0.0,83.80827300930713,42.72577601545545,0.0,0.0
2023,9,13,7,81.0426,41.728263764546,41.728263764546,0.0,42.08000924476113,0.0,0.0,0.0
2023,9,13,8,81.0426,260.90247890553877,83.80827300930713,0.0,-0.0,0.0,177.09420589623164,0.0
2023,9,13,9,81.0426,604.7495772716825,83.80827300930713,0.0,0.0,0.0,520.9413042623753,0.0
2023,9,13,10,81.0426,931.3624373320973,83.80827300930713,0.0,0.0,0.0,847.5541643227903,0.0
2023,9,13,11,81.0426,1087.4478611234958,83.80827300930713,0.0,0.0,0.0,1003.6395881141887,0.0
2023,9,13,12,81.0426,1144.859126622598,83.80827300930713,0.0,0.0,0.0,1061.0508536132909,0.0
2023,9,13,13,81.0426,942.8881250559108,83.80827300930713,0.0,0.0,-0.0,859.0798520466037,0.0
2023,9,13,14,81.0426,671.1735272492981,578.2461491505776,494.43787614127046,0.0,462.6165917240575,92.92737809872051,0.0
2023,9,13,15,81.0426,347.50801667411133,347.50801667411133,263.6997436648042,0.0,709.3450131079078,0.0,0.0
2023,9,13,16,81.0426,406.73422896148554,406.73422896148554,322.9259559521784,0.0,1011.4879360727051,0.0,0.0
2023,9,13,17,81.0426,172.06316047447743,172.06316047447743,88.2548874651703,0.0,1094.0628705837132,0.0,0.0
2023,9,13,18,81.0426,29.25632173231738,29.25632173231738,0.0,54.55195127698975,1038.6737560540657,0.0,0.0
2023,9,13,19,81.0426,0.0,0.0,0.0,83.80827300930713,953.5793474475943,0.0,0.0
2023,9,13,20,81.0426,0.0,0.0,0.0,83.80827300930713,868.4849388411229,0.0,0.0
2023,9,13,21,81.0426,0.0,0.0,0.0,83.80827300930713,783.3905302346516,0.0,0.0
2023,9,13,22,81.0426,0.0,0.0,0.0,83.80827300930713,698.2961216281802,0.0,0.0
2023,9,13,23,81.0426,0.0,0.0,0.0,83.80827300930713,613.2017130217089,0.0,0.0
2023,9,14,0,81.0426,0.0,0.0,0.0,83.80827300930713,528.1073044152375,0.0,0.0
2023,9,14,1,81.0426,0.0,0.0,0.0,83.80827300930713,443.0128958087662,0.0,0.0
2023,9,14,2,81.0426,0.0,0.0,0.0,83.80827300930713,357.9184872022948,0.0,0.0
2023,9,14,3,81.0426,0.0,0.0,0.0,83.80827300930713,272.8240785958234,0.0,0.0
2023,9,14,4,81.0426,0.0,0.0,0.0,83.80827300930713,187.72966998935198,0.0,0.0
2023,9,14,5,81.0426,0.0,0.0,0.0,83.80827300930713,102.63526138288057,0.0,0.0
2023,9,14,6,81.0426,0.0,0.0,0.0,83.80827300930713,17.540852776409174,0.0,0.0
2023,9,14,7,81.0426,66.5325365375977,66.5325365375977,0.0,17.275736471709436,0.0,0.0,0.0
2023,9,14,8,81.0426,134.49221072067428,83.80827300930713,0.0,0.0,0.0,50.68393771136715,0.0
2023,9,14,9,81.0426,462.4391342322977,83.80827300930713,0.0,0.0,0.0,378.6308612229906,0.0
2023,9,14,10,81.0426,966.7151187891236,83.80827300930713,0.0,0.0,0.0,882.9068457798164,0.0
2023,9,14,11,81.0426,1220.0320508616278,83.80827300930713,0.0,0.0,0.0,1136.2237778523206,0.0
2023,9,14,12,81.0426,1206.8620523723714,83.80827300930713,0.0,0.0,0.0,1123.0537793630642,0.0
2023,9,14,13,81.0426,1074.8207954341499,83.80827300930713,0.0,0.0,0.0,991.0125224248427,0.0
2023,9,14,14,81.0426,1069.5621034578746,83.80827300930713,0.0,0.0,-0.0,985.7538304485674,0.0
2023,9,14,15,81.0426,941.4454750447201,406.30148755830965,322.4932145490025,0.0,301.7380321530386,535.1439874864104,0.0
2023,9,14,16,81.0426,659.865012645449,659.865012645449,576.056739636142,0.0,840.7206190250897,0.0,0.0
2023,9,14,17,81.0426,349.10579034241925,349.10579034241925,265.2975173331121,0.0,1088.9439837465088,0.0,0.0
2023,9,14,18,81.0426,49.43790952327439,49.43790952327439,0.0,34.370363486032744,1054.0461669867168,0.0,0.0
2023,9,14,19,81.0426,0.0,0.0,0.0,83.80827300930713,968.9517583802455,0.0,0.0
2023,9,14,20,81.0426,0.0,0.0,0.0,83.80827300930713,883.8573497737741,0.0,0.0
2023,9,14,21,81.0426,0.0,0.0,0.0,83.80827300930713,798.7629411673028,0.0,0.0
2023,9,14,22,81.0426,0.0,0.0,0.0,83.80827300930713,713.6685325608314,0.0,0.0
2023,9,14,23,81.0426,0.0,0.0,0.0,83.80827300930713,628.5741239543601,0.0,0.0
2023,9,15,0,81.0426,0.0,0.0,0.0,83.80827300930713,543.4797153478887,0.0,0.0
2023,9,15,1,81.0426,0.0,0.0,0.0,83.80827300930713,458.3853067414173,0.0,0.0
2023,9,15,2,81.0426,0.0,0.0,0.0,83.80827300930713,373.2908981349459,0.0,0.0
2023,9,15,3,81.0426,0.0,0.0,0.0,83.80827300930713,288.1964895284745,0.0,0.0
2023,9,15,4,81.0426,0.0,0.0,0.0,83.80827300930713,203.1020809220031,0.0,0.0
2023,9,15,5,81.0426,0.0,0.0,0.0,83.80827300930713,118.00767231553169,0.0,0.0
2023,9,15,6,81.0426,0.0,0.0,0.0,83.80827300930713,32.91326370906031,0.0,0.0
2023,9,15,7,81.0426,51.39246760295201,51.39246760295201,0.0,32.41580540635512,0.0,0.0,0.0
2023,9,15,8,81.0426,389.9343368956851,83.80827300930713,0.0,0.0,0.0,306.12606388637795,0.0
2023,9,15,9,81.0426,716.4075856646944,83.80827300930713,0.0,0.0,0.0,632.5993126553872,0.0
2023,9,15,10,81.0426,967.9095709489267,83.80827300930713,0.0,0.0,0.0,884.1012979396196,0.0
2023,9,15,11,81.0426,1204.5196851499006,83.80827300930713,0.0,0.0,0.0,1120.7114121405934,0.0
2023,9,15,12,81.0426,1233.4657595679835,83.80827300930713,0.0,0.0,0.0,1149.6574865586763,0.0
2023,9,15,13,81.0426,878.9771783235948,83.80827300930713,0.0,0.0,-0.0,795.1689053142877,0.0
2023,9,15,14,81.0426,662.2849416964784,510.6414497431531,426.83317673384596,0.0,399.36282996035266,151.64349195332534,0.0
2023,9,15,15,81.0426,479.33210049236857,479.33210049236857,395.52382748306144,0.0,769.4313337001192,0.0,0.0
2023,9,15,16,81.0426,301.25014212174085,301.25014212174085,217.44186911243372,0.0,972.8789683594057,0.0,0.0
2023,9,15,17,81.0426,197.89124938450308,197.89124938450308,114.08297637519595,0.0,1079.6197344922778,0.0,0.0
2023,9,15,18,81.0426,33.52222230304235,33.52222230304235,0.0,50.28605070626479,1028.5619857479571,0.0,0.0
2023,9,15,19,81.0426,0.0,0.0,0.0,83.80827300930713,943.4675771414857,0.0,0.0
2023,9,15,20,81.0426,0.0,0.0,0.0,83.80827300930713,858.3731685350143,0.0,0.0
2023,9,15,21,81.0426,0.0,0.0,0.0,83.80827300930713,773.278759928543,0.0,0.0
2023,9,15,22,81.0426,0.0,0.0,0.0,83.80827300930713,688.1843513220716,0.0,0.0
2023,9,15,23,81.0426,0.0,0.0,0.0,83.80827300930713,603.0899427156003,0.0,0.0
2023,9,16,0,81.0426,0.0,0.0,0.0,83.80827300930713,517.9955341091289,0.0,0.0
2023,9,16,1,81.0426,0.0,0.0,0.0,83.80827300930713,432.9011255026575,0.0,0.0
2023,9,16,2,81.0426,0.0,0.0,0.0,83.80827300930713,347.8067168961861,0.0,0.0
2023,9,16,3,81.0426,0.0,0.0,0.0,83.80827300930713,262.7123082897147,0.0,0.0
2023,9,16,4,81.0426,0.0,0.0,0.0,83.80827300930713,177.6178996832433,0.0,0.0
2023,9,16,5,81.0426,0.0,0.0,0.0,83.80827300930713,92.52349107677193,0.0,0.0
2023,9,16,6,81.0426,0.0,0.0,0.0,83.80827300930713,7.429082470300537,0.0,0.0
2023,9,16,7,81.0426,76.49147532452652,76.49147532452652,0.0,7.316797684780612,0.0,0.0,0.0
2023,9,16,8,81.0426,391.8268455125158,83.80827300930713,0.0,0.0,0.0,308.01857250320865,0.0
2023,9,16,9,81.0426,756.5380757609324,83.80827300930713,0.0,0.0,0.0,672.7298027516254,0.0
2023,9,16,10,81.0426,1045.9833075760491,83.80827300930713,0.0,0.0,0.0,962.1750345667419,0.0
2023,9,16,11,81.0426,1212.2448432743406,83.80827300930713,0.0,0.0,0.0,1128.4365702650334,0.0
2023,9,16,12,81.0426,1299.1451159914361,83.80827300930713,0.0,0.0,0.0,1215.336842982129,0.0
2023,9,16,13,81.0426,1268.2289711279639,83.80827300930713,0.0,0.0,0.0,1184.4206981186567,0.0
2023,9,16,14,81.0426,1168.8102192815047,83.80827300930713,0.0,0.0,-0.0,1085.0019462721975,0.0
2023,9,16,15,81.0426,974.6729623992397,533.6798014323969,449.8715284230897,0.0,420.91846768899006,440.9931609668429,0.0
2023,9,16,16,81.0426,648.6495722358702,648.6495722358702,564.841299226563,0.0,949.4074231720874,0.0,0.0
2023,9,16,17,81.0426,241.91534327438455,241.91534327438455,158.10707026507743,0.0,1097.338958159524,0.0,0.0
2023,9,16,18,81.0426,26.68126902417068,26.68126902417068,0.0,57.127003985136454,1039.3352737376429,0.0,0.0
2023,9,16,19,81.0426,0.0,0.0,0.0,83.80827300930713,954.2408651311715,0.0,0.0
2023,9,16,20,81.0426,0.0,0.0,0.0,83.80827300930713,869.1464565247002,0.0,0.0
2023,9,16,21,81.0426,0.0,0.0,0.0,83.80827300930713,784.0520479182288,0.0,0.0
2023,9,16,22,81.0426,0.0,0.0,0.0,83.80827300930713,698.9576393117575,0.0,0.0
2023,9,16,23,81.0426,0.0,0.0,0.0,83.80827300930713,613.8632307052861,0.0,0.0
2023,9,17,0,81.0426,0.0,0.0,0.0,83.80827300930713,528.7688220988148,0.0,0.0
2023,9,17,1,81.0426,0.0,0.0,0.0,83.80827300930713,443.6744134923434,0.0,0.0
2023,9,17,2,81.0426,0.0,0.0,0.0,83.80827300930713,358.580004885872,0.0,0.0
2023,9,17,3,81.0426,0.0,0.0,0.0,83.80827300930713,273.48559627940057,0.0,0.0
2023,9,17,4,81.0426,0.0,0.0,0.0,83.80827300930713,188.39118767292916,0.0,0.0
2023,9,17,5,81.0426,0.0,0.0,0.0,83.80827300930713,103.29677906645776,0.0,0.0
2023,9,17,6,81.0426,0.0,0.0,0.0,83.80827300930713,18.202370459986373,0.0,0.0
2023,9,17,7,81.0426,65.88101717770516,65.88101717770516,0.0,17.927255831601972,0.0,0.0,0.0
2023,9,17,8,81.0426,377.772642177691,83.80827300930713,0.0,0.0,0.0,293.9643691683839,0.0
2023,9,17,9,81.0426,683.3972714301391,83.80827300930713,0.0,0.0,0.0,599.588998420832,0.0
2023,9,17,10,81.0426,935.1939916628941,83.80827300930713,0.0,0.0,0.0,851.385718653587,0.0
2023,9,17,11,81.0426,1134.3417426700469,83.80827300930713,0.0,0.0,0.0,1050.5334696607397,0.0
2023,9,17,12,81.0426,1178.567497314181,83.80827300930713,0.0,0.0,0.0,1094.759224304874,0.0
2023,9,17,13,81.0426,1184.6173199417547,83.80827300930713,0.0,0.0,0.0,1100.8090469324475,0.0
2023,9,17,14,81.0426,1031.0138746642326,83.80827300930713,0.0,0.0,-0.0,947.2056016549254,0.0
2023,9,17,15,81.0426,843.7796205236862,539.7307519259525,455.92247891664545,0.0,426.5799880317802,304.04886859773364,0.0
2023,9,17,16,81.0426,578.5026544874402,578.5026544874402,494.69438147813304,0.0,889.436576791713,0.0,0.0
2023,9,17,17,81.0426,294.56431249998644,294.56431249998644,210.7560394906793,0.0,1086.6286718539884,0.0,0.0
2023,9,17,18,81.0426,34.90282285138606,34.90282285138606,0.0,48.90545015792107,1036.97271058201,0.0,0.0
2023,9,17,19,81.0426,0.0,0.0,0.0,83.80827300930713,951.8783019755386,0.0,0.0
2023,9,17,20,81.0426,0.0,0.0,0.0,83.80827300930713,866.7838933690673,0.0,0.0
2023,9,17,21,81.0426,0.0,0.0,0.0,83.80827300930713,781.689484762596,0.0,0.0
2023,9,17,22,81.0426,0.0,0.0,0.0,83.80827300930713,696.5950761561246,0.0,0.0
2023,9,17,23,81.0426,0.0,0.0,0.0,83.80827300930713,611.5006675496533,0.0,0.0
2023,9,18,0,81.0426,0.0,0.0,0.0,83.80827300930713,526.4062589431819,0.0,0.0
2023,9,18,1,81.0426,0.0,0.0,0.0,83.80827300930713,441.3118503367105,0.0,0.0
2023,9,18,2,81.0426,0.0,0.0,0.0,83.80827300930713,356.2174417302391,0.0,0.0
2023,9,18,3,81.0426,0.0,0.0,0.0,83.80827300930713,271.1230331237677,0.0,0.0
2023,9,18,4,81.0426,0.0,0.0,0.0,83.80827300930713,186.0286245172963,0.0,0.0
2023,9,18,5,81.0426,0.0,0.0,0.0,83.80827300930713,100.9342159108249,0.0,0.0
2023,9,18,6,81.0426,0.0,0.0,0.0,83.80827300930713,15.839807304353512,0.0,0.0
2023,9,18,7,81.0426,68.20787203446423,68.20787203446423,0.0,15.6004009748429,0.0,0.0,0.0
2023,9,18,8,81.0426,352.1151892904943,83.80827300930713,0.0,0.0,0.0,268.30691628118717,0.0
2023,9,18,9,81.0426,693.0459629028334,83.80827300930713,0.0,0.0,0.0,609.2376898935263,0.0
2023,9,18,10,81.0426,925.2040281445416,83.80827300930713,0.0,0.0,0.0,841.3957551352344,0.0
2023,9,18,11,81.0426,1124.289729688848,83.80827300930713,0.0,0.0,0.0,1040.4814566795408,0.0
2023,9,18,12,81.0426,1252.0030365934974,83.80827300930713,0.0,0.0,0.0,1168.1947635841902,0.0
2023,9,18,13,81.0426,1258.4096436324407,83.80827300930713,0.0,0.0,-0.0,1174.6013706231336,0.0
2023,9,18,14,81.0426,1129.346760910871,172.9853929258587,89.17711991655158,0.0,83.43781345702439,956.3613679850122,0.0
2023,9,18,15,81.0426,818.5410015107059,818.5410015107059,734.7327285013987,0.0,770.8842391639387,0.0,0.0
2023,9,18,16,81.0426,447.70238680615694,447.70238680615694,363.8941137968498,0.0,1111.358670425038,0.0,0.0
2023,9,18,17,81.0426,111.36327344448914,111.36327344448914,27.555000435182006,0.0,1137.1402721214192,0.0,0.0
2023,9,18,18,81.0426,7.911306512980685,7.911306512980685,0.0,75.89696649632644,1060.0785782440994,0.0,0.0
2023,9,18,19,81.0426,0.0,0.0,0.0,83.80827300930713,974.9841696376279,0.0,0.0
2023,9,18,20,81.0426,0.0,0.0,0.0,83.80827300930713,889.8897610311566,0.0,0.0
2023,9,18,21,81.0426,0.0,0.0,0.0,83.80827300930713,804.7953524246852,0.0,0.0
2023,9,18,22,81.0426,0.0,0.0,0.0,83.80827300930713,719.7009438182139,0.0,0.0
2023,9,18,23,81.0426,0.0,0.0,0.0,83.80827300930713,634.6065352117425,0.0,0.0
2023,9,19,0,81.0426,0.0,0.0,0.0,83.80827300930713,549.5121266052712,0.0,0.0
2023,9,19,1,81.0426,0.0,0.0,0.0,83.80827300930713,464.41771799879984,0.0,0.0
2023,9,19,2,81.0426,0.0,0.0,0.0,83.80827300930713,379.32330939232844,0.0,0.0
2023,9,19,3,81.0426,0.0,0.0,0.0,83.80827300930713,294.22890078585704,0.0,0.0
2023,9,19,4,81.0426,0.0,0.0,0.0,83.80827300930713,209.13449217938566,0.0,0.0
2023,9,19,5,81.0426,0.0,0.0,0.0,83.80827300930713,124.04008357291427,0.0,0.0
2023,9,19,6,81.0426,0.0,0.0,0.0,83.80827300930713,38.94567496644288,0.0,0.0
2023,9,19,7,81.0426,45.45123153536051,45.45123153536051,0.0,38.357041473946616,0.0,0.0,0.0
2023,9,19,8,81.0426,196.61923539614148,83.80827300930713,0.0,-0.0,0.0,112.81096238683435,0.0
2023,9,19,9,81.0426,518.8731206915611,83.80827300930713,0.0,0.0,0.0,435.06484768225397,0.0
2023,9,19,10,81.0426,776.1457060205556,83.80827300930713,0.0,0.0,0.0,692.3374330112485,0.0
2023,9,19,11,81.0426,911.2894361011224,83.80827300930713,0.0,0.0,0.0,827.4811630918152,0.0
2023,9,19,12,81.0426,1126.8492700312827,83.80827300930713,0.0,0.0,-0.0,1043.0409970219755,0.0
2023,9,19,13,81.0426,948.2709159578799,83.80827300930713,0.0,0.0,-0.0,864.4626429485727,0.0
2023,9,19,14,81.0426,671.576848757803,485.4911325362941,401.682859526987,0.0,375.8311496655128,186.08571622150885,0.0
2023,9,19,15,81.0426,463.8817842434883,463.8817842434883,380.0735112341812,0.0,731.4436964711192,0.0,0.0
2023,9,19,16,81.0426,399.9398127797491,399.9398127797491,316.131539770442,0.0,1027.2294817480029,0.0,0.0
2023,9,19,17,81.0426,168.790051309303,168.790051309303,84.98177829999588,0.0,1106.7419595189428,0.0,0.0
2023,9,19,18,81.0426,28.83748785810075,28.83748785810075,0.0,54.97078515120638,1050.9275836212814,0.0,0.0
2023,9,19,19,81.0426,0.0,0.0,0.0,83.80827300930713,965.8331750148101,0.0,0.0
2023,9,19,20,81.0426,0.0,0.0,0.0,83.80827300930713,880.7387664083387,0.0,0.0
2023,9,19,21,81.0426,0.0,0.0,0.0,83.80827300930713,795.6443578018674,0.0,0.0
2023,9,19,22,81.0426,0.0,0.0,0.0,83.80827300930713,710.549949195396,0.0,0.0
2023,9,19,23,81.0426,0.0,0.0,0.0,83.80827300930713,625.4555405889247,0.0,0.0
2023,9,20,0,81.0426,0.0,0.0,0.0,83.80827300930713,540.3611319824533,0.0,0.0
2023,9,20,1,81.0426,0.0,0.0,0.0,83.80827300930713,455.26672337598194,0.0,0.0
2023,9,20,2,81.0426,0.0,0.0,0.0,83.80827300930713,370.17231476951054,0.0,0.0
2023,9,20,3,81.0426,0.0,0.0,0.0,83.80827300930713,285.07790616303913,0.0,0.0
2023,9,20,4,81.0426,0.0,0.0,0.0,83.80827300930713,199.98349755656773,0.0,0.0
2023,9,20,5,81.0426,0.0,0.0,0.0,83.80827300930713,114.88908895009632,0.0,0.0
2023,9,20,6,81.0426,0.0,0.0,0.0,83.80827300930713,29.794680343624933,0.0,0.0
2023,9,20,7,81.0426,54.463916013873984,54.463916013873984,0.0,29.344356995433145,0.0,0.0,0.0
2023,9,20,8,81.0426,197.11563109891674,83.80827300930713,0.0,0.0,0.0,113.30735808960961,0.0
2023,9,20,9,81.0426,605.0753369516287,83.80827300930713,0.0,0.0,0.0,521.2670639423216,0.0
2023,9,20,10,81.0426,880.3422665062268,83.80827300930713,0.0,0.0,0.0,796.5339934969197,0.0
2023,9,20,11,81.0426,1083.523232598429,83.80827300930713,0.0,0.0,0.0,999.7149595891219,0.0
2023,9,20,12,81.0426,1120.0083167524112,83.80827300930713,0.0,0.0,0.0,1036.200043743104,0.0
2023,9,20,13,81.0426,1118.0382463070218,83.80827300930713,0.0,0.0,0.0,1034.2299732977147,0.0
2023,9,20,14,81.0426,1001.416280886257,83.80827300930713,0.0,0.0,-0.0,917.6080078769498,0.0
2023,9,20,15,81.0426,882.777707922968,580.8800837651679,497.07181075586084,0.0,465.08101023449876,301.8976241578001,0.0
2023,9,20,16,81.0426,584.1491556065089,584.1491556065089,500.34088259720176,0.0,933.2206997213736,0.0,0.0
2023,9,20,17,81.0426,260.74735524842146,260.74735524842146,176.93908223911433,0.0,1098.7722464739413,0.0,0.0
2023,9,20,18,81.0426,25.936675470007774,25.936675470007774,0.0,57.87159753929935,1040.0125418422576,0.0,0.0
2023,9,20,19,81.0426,0.0,0.0,0.0,83.80827300930713,954.9181332357863,0.0,0.0
2023,9,20,20,81.0426,0.0,0.0,0.0,83.80827300930713,869.8237246293149,0.0,0.0
2023,9,20,21,81.0426,0.0,0.0,0.0,83.80827300930713,784.7293160228436,0.0,0.0
2023,9,20,22,81.0426,0.0,0.0,0.0,83.80827300930713,699.6349074163722,0.0,0.0
2023,9,20,23,81.0426,0.0,0.0,0.0,83.80827300930713,614.5404988099009,0.0,0.0
2023,9,21,0,81.0426,0.0,0.0,0.0,83.80827300930713,529.4460902034295,0.0,0.0
2023,9,21,1,81.0426,0.0,0.0,0.0,83.80827300930713,444.35168159695814,0.0,0.0
2023,9,21,2,81.0426,0.0,0.0,0.0,83.80827300930713,359.25727299048674,0.0,0.0
2023,9,21,3,81.0426,0.0,0.0,0.0,83.80827300930713,274.16286438401534,0.0,0.0
2023,9,21,4,81.0426,0.0,0.0,0.0,83.80827300930713,189.06845577754393,0.0,0.0
2023,9,21,5,81.0426,0.0,0.0,0.0,83.80827300930713,103.97404717107253,0.0,0.0
2023,9,21,6,81.0426,0.0,0.0,0.0,83.80827300930713,18.879638564601134,0.0,0.0
2023,9,21,7,81.0426,65.21398545210089,65.21398545210089,0.0,18.594287557206247,0.0,0.0,0.0
2023,9,21,8,81.0426,374.08069913829996,83.80827300930713,0.0,0.0,0.0,290.27242612899283,0.0
2023,9,21,9,81.0426,727.3903405885973,83.80827300930713,0.0,0.0,0.0,643.5820675792902,0.0
2023,9,21,10,81.0426,1006.7215099596679,83.80827300930713,0.0,0.0,0.0,922.9132369503607,0.0
2023,9,21,11,81.0426,1160.6507149171364,83.80827300930713,0.0,0.0,0.0,1076.8424419078292,0.0
2023,9,21,12,81.0426,1272.6344829900945,83.80827300930713,0.0,0.0,0.0,1188.8262099807873,0.0
2023,9,21,13,81.0426,1252.5769941248313,83.80827300930713,0.0,0.0,0.0,1168.7687211155242,0.0
2023,9,21,14,81.0426,1146.3793384623473,822.8705591791552,739.062286169848,0.0,691.4973394999314,323.5087792831921,0.0
2023,9,21,15,81.0426,935.5507760742637,935.5507760742637,851.7425030649565,0.0,1488.4229651610322,0.0,0.0
2023,9,21,16,81.0426,641.7620818598633,641.7620818598633,557.9538088505561,0.0,2010.467698878299,0.0,0.0
2023,9,21,17,81.0426,286.65300598700566,286.65300598700566,202.84473297769853,0.0,2200.257647317661,0.0,0.0
2023,9,21,18,81.0426,24.230315241717634,24.230315241717634,0.0,59.577957767589496,2139.7653963718462,0.0,0.0
2023,9,21,19,81.0426,0.0,0.0,0.0,83.80827300930713,2054.670987765375,0.0,0.0
2023,9,21,20,81.0426,0.0,0.0,0.0,83.80827300930713,1969.5765791589033,0.0,0.0
2023,9,21,21,81.0426,0.0,0.0,0.0,83.80827300930713,1884.4821705524319,0.0,0.0
2023,9,21,22,81.0426,0.0,0.0,0.0,83.80827300930713,1799.3877619459604,0.0,0.0
2023,9,21,23,81.0426,0.0,0.0,0.0,83.80827300930713,1714.293353339489,0.0,0.0
2023,9,22,0,81.0426,0.0,0.0,0.0,83.80827300930713,1629.1989447330175,0.0,0.0
2023,9,22,1,81.0426,0.0,0.0,0.0,83.80827300930713,1544.104536126546,0.0,0.0
2023,9,22,2,81.0426,0.0,0.0,0.0,83.80827300930713,1459.0101275200745,0.0,0.0
2023,9,22,3,81.0426,0.0,0.0,0.0,83.80827300930713,1373.915718913603,0.0,0.0
2023,9,22,4,81.0426,0.0,0.0,0.0,83.80827300930713,1288.8213103071316,0.0,0.0
2023,9,22,5,81.0426,0.0,0.0,0.0,83.80827300930713,1203.7269017006602,0.0,0.0
2023,9,22,6,81.0426,0.0,0.0,0.0,83.80827300930713,1118.6324930941887,0.0,0.0
2023,9,22,7,81.0426,18.583814122649112,18.583814122649112,0.0,65.22445888665803,1052.4070888907052,0.0,0.0
2023,9,22,8,81.0426,155.91478776856948,155.91478776856948,72.10651475926235,0.0,1119.8729358831783,0.0,0.0
2023,9,22,9,81.0426,111.1771250559484,111.1771250559484,27.368852046641265,0.0,1145.4803694237262,0.0,0.0
2023,9,22,10,81.0426,72.25659948522485,72.25659948522485,0.0,11.551673524082277,1133.7514220101737,0.0,0.0
2023,9,22,11,81.0426,100.45808034914495,100.45808034914495,16.649807339837817,0.0,1149.3296725773232,0.0,0.0
2023,9,22,12,81.0426,161.6388507161968,161.6388507161968,77.83057770688966,0.0,1222.151190361669,0.0,0.0
2023,9,22,13,81.0426,123.2612579453837,123.2612579453837,39.45298493607657,0.0,1259.0650400183922,0.0,0.0
2023,9,22,14,81.0426,94.5478690129769,94.5478690129769,10.739596003669773,0.0,1269.1134516378359,0.0,0.0
2023,9,22,15,81.0426,56.744233773497875,56.744233773497875,0.0,27.064039235809254,1241.6340831867312,0.0,0.0
2023,9,22,16,81.0426,46.50607240375796,46.50607240375796,0.0,37.30220060554917,1203.759436850842,0.0,0.0
2023,9,22,17,81.0426,30.48179862354367,30.48179862354367,0.0,53.32647438576346,1149.6146055831607,0.0,0.0
2023,9,22,18,81.0426,2.0321199082362553,2.0321199082362553,0.0,81.77615310107088,1066.5835021326086,0.0,0.0
2023,9,22,19,81.0426,0.0,0.0,0.0,83.80827300930713,981.4890935261371,0.0,0.0
2023,9,22,20,81.0426,0.0,0.0,0.0,83.80827300930713,896.3946849196658,0.0,0.0
2023,9,22,21,81.0426,0.0,0.0,0.0,83.80827300930713,811.3002763131944,0.0,0.0
2023,9,22,22,81.0426,0.0,0.0,0.0,83.80827300930713,726.2058677067231,0.0,0.0
2023,9,22,23,81.0426,0.0,0.0,0.0,83.80827300930713,641.1114591002517,0.0,0.0
2023,9,23,0,81.0426,0.0,0.0,0.0,83.80827300930713,556.0170504937804,0.0,0.0
2023,9,23,1,81.0426,0.0,0.0,0.0,83.80827300930713,470.922641887309,0.0,0.0
2023,9,23,2,81.0426,0.0,0.0,0.0,83.80827300930713,385.8282332808376,0.0,0.0
2023,9,23,3,81.0426,0.0,0.0,0.0,83.80827300930713,300.7338246743662,0.0,0.0
2023,9,23,4,81.0426,0.0,0.0,0.0,83.80827300930713,215.63941606789479,0.0,0.0
2023,9,23,5,81.0426,0.0,0.0,0.0,83.80827300930713,130.5450074614234,0.0,0.0
2023,9,23,6,81.0426,0.0,0.0,0.0,83.80827300930713,45.45059885495201,0.0,0.0
2023,9,23,7,81.0426,39.04462449641721,39.04462449641721,0.0,44.76364851288992,0.0,0.0,0.0
2023,9,23,8,81.0426,339.98451930392355,83.80827300930713,0.0,0.0,0.0,256.1762462946164,0.0
2023,9,23,9,81.0426,704.7112619180522,83.80827300930713,0.0,0.0,0.0,620.9029889087451,0.0
2023,9,23,10,81.0426,954.6775229968232,83.80827300930713,0.0,0.0,0.0,870.869249987516,0.0
2023,9,23,11,81.0426,974.1765666964643,83.80827300930713,0.0,0.0,0.0,890.3682936871571,0.0
2023,9,23,12,81.0426,986.8191447515219,83.80827300930713,0.0,0.0,-0.0,903.0108717422147,0.0
2023,9,23,13,81.0426,841.0339317927102,83.80827300930713,0.0,0.0,-0.0,757.2256587834031,0.0
2023,9,23,14,81.0426,753.3115036928933,597.4609622057696,513.6526891964626,0.0,480.59476806358236,155.85054148712368,0.0
2023,9,23,15,81.0426,558.3055543307714,558.3055543307714,474.4972813214643,0.0,924.5541119156071,0.0,0.0
2023,9,23,16,81.0426,229.83121038494926,229.83121038494926,146.02293737564213,0.0,1061.1792307868684,0.0,0.0
2023,9,23,17,81.0426,144.7769091875494,144.7769091875494,60.968636178242264,0.0,1118.2240164553186,0.0,0.0
2023,9,23,18,81.0426,15.202118397492596,15.202118397492596,0.0,68.60615461181453,1048.5650204656486,0.0,0.0
2023,9,23,19,81.0426,0.0,0.0,0.0,83.80827300930713,963.4706118591772,0.0,0.0
2023,9,23,20,81.0426,0.0,0.0,0.0,83.80827300930713,878.3762032527059,0.0,0.0
2023,9,23,21,81.0426,0.0,0.0,0.0,83.80827300930713,793.2817946462345,0.0,0.0
2023,9,23,22,81.0426,0.0,0.0,0.0,83.80827300930713,708.1873860397632,0.0,0.0
2023,9,23,23,81.0426,0.0,0.0,0.0,83.80827300930713,623.0929774332918,0.0,0.0
2023,9,24,0,81.0426,0.0,0.0,0.0,83.80827300930713,537.9985688268205,0.0,0.0
2023,9,24,1,81.0426,0.0,0.0,0.0,83.80827300930713,452.90416022034907,0.0,0.0
2023,9,24,2,81.0426,0.0,0.0,0.0,83.80827300930713,367.80975161387767,0.0,0.0
2023,9,24,3,81.0426,0.0,0.0,0.0,83.80827300930713,282.71534300740626,0.0,0.0
2023,9,24,4,81.0426,0.0,0.0,0.0,83.80827300930713,197.62093440093486,0.0,0.0
2023,9,24,5,81.0426,0.0,0.0,0.0,83.80827300930713,112.52652579446348,0.0,0.0
2023,9,24,6,81.0426,0.0,0.0,0.0,83.80827300930713,27.432117187992084,0.0,0.0
2023,9,24,7,81.0426,56.79077087063305,56.79077087063305,0.0,27.017502138674086,0.0,0.0,0.0
2023,9,24,8,81.0426,200.76103704117247,83.80827300930713,0.0,-0.0,0.0,116.95276403186534,0.0
2023,9,24,9,81.0426,380.09949703445005,83.80827300930713,0.0,0.0,0.0,296.2912240251429,0.0
2023,9,24,10,81.0426,533.4237197291611,83.80827300930713,0.0,0.0,0.0,449.615446719854,0.0
2023,9,24,11,81.0426,475.159274115914,83.80827300930713,0.0,0.0,0.0,391.3510011066069,0.0
2023,9,24,12,81.0426,608.7362552595963,486.42876230976077,402.62048930045364,0.0,376.7084349849251,122.30749294983553,0.0
2023,9,24,13,81.0426,534.4940729632702,83.80827300930713,0.0,0.0,376.7084349849251,450.6857999539631,0.0
2023,9,24,14,81.0426,392.86617401520147,392.86617401520147,309.05790100589434,0.0,665.875830340145,0.0,0.0
2023,9,24,15,81.0426,312.8533916741129,312.8533916741129,229.04511866480578,0.0,880.1799467130377,0.0,0.0
2023,9,24,16,81.0426,290.11226354072096,290.11226354072096,206.30399053141383,0.0,1073.2065200483012,0.0,0.0
2023,9,24,17,81.0426,137.9824930058129,137.9824930058129,54.17421999650577,0.0,1123.8941680288376,0.0,0.0
2023,9,24,18,81.0426,12.25476891226444,12.25476891226444,0.0,71.55350409704269,1051.2425920420326,0.0,0.0
2023,9,24,19,81.0426,0.0,0.0,0.0,83.80827300930713,966.1481834355611,0.0,0.0
2023,9,24,20,81.0426,0.0,0.0,0.0,83.80827300930713,881.0537748290898,0.0,0.0
2023,9,24,21,81.0426,0.0,0.0,0.0,83.80827300930713,795.9593662226184,0.0,0.0
2023,9,24,22,81.0426,0.0,0.0,0.0,83.80827300930713,710.8649576161471,0.0,0.0
2023,9,24,23,81.0426,0.0,0.0,0.0,83.80827300930713,625.7705490096757,0.0,0.0
2023,9,25,0,81.0426,0.0,0.0,0.0,83.80827300930713,540.6761404032044,0.0,0.0
2023,9,25,1,81.0426,0.0,0.0,0.0,83.80827300930713,455.581731796733,0.0,0.0
2023,9,25,2,81.0426,0.0,0.0,0.0,83.80827300930713,370.4873231902616,0.0,0.0
2023,9,25,3,81.0426,0.0,0.0,0.0,83.80827300930713,285.3929145837902,0.0,0.0
2023,9,25,4,81.0426,0.0,0.0,0.0,83.80827300930713,200.29850597731877,0.0,0.0
2023,9,25,5,81.0426,0.0,0.0,0.0,83.80827300930713,115.20409737084738,0.0,0.0
2023,9,25,6,81.0426,0.0,0.0,0.0,83.80827300930713,30.109688764375992,0.0,0.0
2023,9,25,7,81.0426,54.15366869963943,54.15366869963943,0.0,29.6546043096677,0.0,0.0,0.0
2023,9,25,8,81.0426,344.54515482317146,83.80827300930713,0.0,0.0,0.0,260.73688181386433,0.0
2023,9,25,9,81.0426,697.7617220791984,83.80827300930713,0.0,0.0,0.0,613.9534490698913,0.0
2023,9,25,10,81.0426,996.1110518128464,83.80827300930713,0.0,0.0,0.0,912.3027788035392,0.0
2023,9,25,11,81.0426,1101.5641139211675,83.80827300930713,0.0,0.0,0.0,1017.7558409118603,0.0
2023,9,25,12,81.0426,1058.625885631107,83.80827300930713,0.0,0.0,0.0,974.8176126217998,0.0
2023,9,25,13,81.0426,1157.7654148947552,83.80827300930713,0.0,0.0,0.0,1073.957141885448,0.0
2023,9,25,14,81.0426,1010.1497427819596,414.6305786398582,330.82230563055106,0.0,309.53107535267463,595.5191641421014,0.0
2023,9,25,15,81.0426,775.8509710720328,775.8509710720328,692.0426980627258,0.0,957.0349373218294,0.0,0.0
2023,9,25,16,81.0426,284.12449037599424,284.12449037599424,200.3162173666871,0.0,1144.4591016444565,0.0,0.0
2023,9,25,17,81.0426,81.14518503804467,81.14518503804467,0.0,2.663087971262458,1141.7551454854217,0.0,0.0
2023,9,25,18,81.0426,3.474769919426879,3.474769919426879,0.0,80.33350308988025,1060.1888311913622,0.0,0.0
2023,9,25,19,81.0426,0.0,0.0,0.0,83.80827300930713,975.0944225848908,0.0,0.0
2023,9,25,20,81.0426,0.0,0.0,0.0,83.80827300930713,890.0000139784195,0.0,0.0
2023,9,25,21,81.0426,0.0,0.0,0.0,83.80827300930713,804.9056053719481,0.0,0.0
2023,9,25,22,81.0426,0.0,0.0,0.0,83.80827300930713,719.8111967654768,0.0,0.0
2023,9,25,23,81.0426,0.0,0.0,0.0,83.80827300930713,634.7167881590054,0.0,0.0
2023,9,26,0,81.0426,0.0,0.0,0.0,83.80827300930713,549.6223795525341,0.0,0.0
2023,9,26,1,81.0426,0.0,0.0,0.0,83.80827300930713,464.52797094606274,0.0,0.0
2023,9,26,2,81.0426,0.0,0.0,0.0,83.80827300930713,379.43356233959133,0.0,0.0
2023,9,26,3,81.0426,0.0,0.0,0.0,83.80827300930713,294.33915373311993,0.0,0.0
2023,9,26,4,81.0426,0.0,0.0,0.0,83.80827300930713,209.24474512664852,0.0,0.0
2023,9,26,5,81.0426,0.0,0.0,0.0,83.80827300930713,124.15033652017712,0.0,0.0
2023,9,26,6,81.0426,0.0,0.0,0.0,83.80827300930713,39.05592791370574,0.0,0.0
2023,9,26,7,81.0426,45.34264497537843,45.34264497537843,0.0,38.4656280339287,0.0,0.0,0.0
2023,9,26,8,81.0426,267.8675311101042,83.80827300930713,0.0,0.0,0.0,184.05925810079708,0.0
2023,9,26,9,81.0426,604.5013794202948,83.80827300930713,0.0,0.0,0.0,520.6931064109876,0.0
2023,9,26,10,81.0426,953.5606326655791,83.80827300930713,0.0,0.0,0.0,869.7523596562719,0.0
2023,9,26,11,81.0426,1015.4549718553702,83.80827300930713,0.0,0.0,0.0,931.6466988460631,0.0
2023,9,26,12,81.0426,1231.9300353625224,83.80827300930713,0.0,0.0,0.0,1148.1217623532152,0.0
2023,9,26,13,81.0426,1160.2473934086313,83.80827300930713,0.0,0.0,0.0,1076.439120399324,0.0
2023,9,26,14,81.0426,1097.686022493236,83.80827300930713,0.0,0.0,-0.0,1013.8777494839287,0.0
2023,9,26,15,81.0426,875.1456239927983,657.8694109179546,574.0611379086474,0.0,537.1154190959555,217.27621307484367,0.0
2023,9,26,16,81.0426,593.1153029878872,593.1153029878872,509.30702997858003,0.0,1013.6442080887988,0.0,0.0
2023,9,26,17,81.0426,216.50608823857567,216.50608823857567,132.69781522926854,0.0,1137.8017898049964,0.0,0.0
2023,9,26,18,81.0426,11.339539335272537,11.339539335272537,0.0,72.46873367403458,1064.2209389769757,0.0,0.0
2023,9,26,19,81.0426,0.0,0.0,0.0,83.80827300930713,979.1265303705043,0.0,0.0
2023,9,26,20,81.0426,0.0,0.0,0.0,83.80827300930713,894.0321217640329,0.0,0.0
2023,9,26,21,81.0426,0.0,0.0,0.0,83.80827300930713,808.9377131575616,0.0,0.0
2023,9,26,22,81.0426,0.0,0.0,0.0,83.80827300930713,723.8433045510902,0.0,0.0
2023,9,26,23,81.0426,0.0,0.0,0.0,83.80827300930713,638.7488959446189,0.0,0.0
2023,9,27,0,81.0426,0.0,0.0,0.0,83.80827300930713,553.6544873381475,0.0,0.0
2023,9,27,1,81.0426,0.0,0.0,0.0,83.80827300930713,468.56007873167613,0.0,0.0
2023,9,27,2,81.0426,0.0,0.0,0.0,83.80827300930713,383.4656701252047,0.0,0.0
2023,9,27,3,81.0426,0.0,0.0,0.0,83.80827300930713,298.3712615187333,0.0,0.0
2023,9,27,4,81.0426,0.0,0.0,0.0,83.80827300930713,213.27685291226192,0.0,0.0
2023,9,27,5,81.0426,0.0,0.0,0.0,83.80827300930713,128.18244430579054,0.0,0.0
2023,9,27,6,81.0426,0.0,0.0,0.0,83.80827300930713,43.08803569931916,0.0,0.0
2023,9,27,7,81.0426,41.37147935317628,41.37147935317628,0.0,42.43679365613085,0.0,0.0,0.0
2023,9,27,8,81.0426,323.7430724037454,83.80827300930713,0.0,0.0,0.0,239.93479939443824,0.0
2023,9,27,9,81.0426,668.8001352954037,83.80827300930713,0.0,0.0,0.0,584.9918622860966,0.0
2023,9,27,10,81.0426,945.3080541069401,83.80827300930713,0.0,0.0,0.0,861.4997810976329,0.0
2023,9,27,11,81.0426,1130.7738985563499,83.80827300930713,0.0,0.0,0.0,1046.9656255470427,0.0
2023,9,27,12,81.0426,1219.1168212846358,83.80827300930713,0.0,0.0,0.0,1135.3085482753286,0.0
2023,9,27,13,81.0426,1211.7639599372771,83.80827300930713,0.0,0.0,0.0,1127.95568692797,0.0
2023,9,27,14,81.0426,1094.5214998880435,83.80827300930713,0.0,0.0,-0.0,1010.7132268787364,0.0
2023,9,27,15,81.0426,884.8563649283393,620.2948418927153,536.4865688834083,0.0,501.959093303087,264.56152303562396,0.0
2023,9,27,16,81.0426,592.1225115823366,592.1225115823366,508.3142385730295,0.0,977.5589854648197,0.0,0.0
2023,9,27,17,81.0426,255.22495305504663,255.22495305504663,171.4166800457395,0.0,1137.9435435943342,0.0,0.0
2023,9,27,18,81.0426,3.0093989480749097,0.0,0.0,83.80827300930713,1052.8491349878627,3.0093989480749097,0.0
2023,9,27,19,81.0426,0.0,0.0,0.0,83.80827300930713,967.7547263813914,0.0,0.0
2023,9,27,20,81.0426,0.0,0.0,0.0,83.80827300930713,882.66031777492,0.0,0.0
2023,9,27,21,81.0426,0.0,0.0,0.0,83.80827300930713,797.5659091684487,0.0,0.0
2023,9,27,22,81.0426,0.0,0.0,0.0,83.80827300930713,712.4715005619773,0.0,0.0
2023,9,27,23,81.0426,0.0,0.0,0.0,83.80827300930713,627.377091955506,0.0,0.0
2023,9,28,0,81.0426,0.0,0.0,0.0,83.80827300930713,542.2826833490346,0.0,0.0
2023,9,28,1,81.0426,0.0,0.0,0.0,83.80827300930713,457.1882747425633,0.0,0.0
2023,9,28,2,81.0426,0.0,0.0,0.0,83.80827300930713,372.0938661360919,0.0,0.0
2023,9,28,3,81.0426,0.0,0.0,0.0,83.80827300930713,286.9994575296205,0.0,0.0
2023,9,28,4,81.0426,0.0,0.0,0.0,83.80827300930713,201.90504892314908,0.0,0.0
2023,9,28,5,81.0426,0.0,0.0,0.0,83.80827300930713,116.8106403166777,0.0,0.0
2023,9,28,6,81.0426,0.0,0.0,0.0,83.80827300930713,31.71623171020632,0.0,0.0
2023,9,28,7,81.0426,52.57140739704328,52.57140739704328,0.0,31.236865612263852,0.0,0.0,0.0
2023,9,28,8,81.0426,370.7765652417021,83.80827300930713,0.0,0.0,0.0,286.96829223239496,0.0
2023,9,28,9,81.0426,724.1637685205578,83.80827300930713,0.0,0.0,0.0,640.3554955112506,0.0
2023,9,28,10,81.0426,1011.5303433303033,83.80827300930713,0.0,0.0,0.0,927.7220703209962,0.0
2023,9,28,11,81.0426,1186.8821253356668,83.80827300930713,0.0,0.0,0.0,1103.0738523263597,0.0
2023,9,28,12,81.0426,1256.625721575592,83.80827300930713,0.0,0.0,0.0,1172.8174485662848,0.0
2023,9,28,13,81.0426,1228.3311665174017,83.80827300930713,0.0,0.0,0.0,1144.5228935080945,0.0
2023,9,28,14,81.0426,1088.4871896261816,83.80827300930713,0.0,0.0,-0.0,1004.6789166168744,0.0
2023,9,28,15,81.0426,873.3772143016613,637.454632626703,553.6463596173959,0.0,518.0145054936111,235.92258167495834,0.0
2023,9,28,16,81.0426,585.6383427148346,585.6383427148346,501.8300697055275,0.0,987.5475402271519,0.0,0.0
2023,9,28,17,81.0426,250.9125153871865,250.9125153871865,167.10424237787933,0.0,1143.8972027465293,0.0,0.0
2023,9,28,18,81.0426,2.264805393912162,0.0,0.0,83.80827300930713,1058.8027941400578,2.264805393912162,0.0
2023,9,28,19,81.0426,0.0,0.0,0.0,83.80827300930713,973.7083855335864,0.0,0.0
2023,9,28,20,81.0426,0.0,0.0,0.0,83.80827300930713,888.613976927115,0.0,0.0
2023,9,28,21,81.0426,0.0,0.0,0.0,83.80827300930713,803.5195683206437,0.0,0.0
2023,9,28,22,81.0426,0.0,0.0,0.0,83.80827300930713,718.4251597141723,0.0,0.0
2023,9,28,23,81.0426,0.0,0.0,0.0,83.80827300930713,633.330751107701,0.0,0.0
2023,9,29,0,81.0426,0.0,0.0,0.0,83.80827300930713,548.2363425012296,0.0,0.0
2023,9,29,1,81.0426,0.0,0.0,0.0,83.80827300930713,463.14193389475827,0.0,0.0
2023,9,29,2,81.0426,0.0,0.0,0.0,83.80827300930713,378.04752528828686,0.0,0.0
2023,9,29,3,81.0426,0.0,0.0,0.0,83.80827300930713,292.95311668181546,0.0,0.0
2023,9,29,4,81.0426,0.0,0.0,0.0,83.80827300930713,207.85870807534405,0.0,0.0
2023,9,29,5,81.0426,0.0,0.0,0.0,83.80827300930713,122.76429946887268,0.0,0.0
2023,9,29,6,81.0426,0.0,0.0,0.0,83.80827300930713,37.66989086240128,0.0,0.0
2023,9,29,7,81.0426,46.707733158010264,46.707733158010264,0.0,37.100539851296865,0.0,0.0,0.0
2023,9,29,8,81.0426,335.191198299,83.80827300930713,0.0,0.0,0.0,251.38292528969288,0.0
2023,9,29,9,81.0426,661.0439524395401,83.80827300930713,0.0,0.0,0.0,577.235679430233,0.0
2023,9,29,10,81.0426,898.6468580460648,83.80827300930713,0.0,0.0,0.0,814.8385850367576,0.0
2023,9,29,11,81.0426,998.530980863876,83.80827300930713,0.0,0.0,0.0,914.7227078545689,0.0
2023,9,29,12,81.0426,897.2352327662977,83.80827300930713,0.0,0.0,-0.0,813.4269597569905,0.0
2023,9,29,13,81.0426,702.0121102842116,83.80827300930713,0.0,0.0,-0.0,618.2038372749046,0.0
2023,9,29,14,81.0426,765.4111489480405,608.89546113324,525.087188123933,0.0,491.2933596908697,156.51568781480046,0.0
2023,9,29,15,81.0426,600.4061148723989,600.4061148723989,516.5978418630918,0.0,974.6437347871822,0.0,0.0
2023,9,29,16,81.0426,308.2307066920182,308.2307066920182,224.42243368271107,0.0,1184.6226752902157,0.0,0.0
2023,9,29,17,81.0426,47.40578961503814,47.40578961503814,0.0,36.402483394269,1147.6615533745044,0.0,0.0
2023,9,29,18,81.0426,0.0,0.0,0.0,83.80827300930713,1062.567144768033,0.0,0.0
2023,9,29,19,81.0426,0.0,0.0,0.0,83.80827300930713,977.4727361615614,0.0,0.0
2023,9,29,20,81.0426,0.0,0.0,0.0,83.80827300930713,892.3783275550901,0.0,0.0
2023,9,29,21,81.0426,0.0,0.0,0.0,83.80827300930713,807.2839189486187,0.0,0.0
2023,9,29,22,81.0426,0.0,0.0,0.0,83.80827300930713,722.1895103421474,0.0,0.0
2023,9,29,23,81.0426,0.0,0.0,0.0,83.80827300930713,637.095101735676,0.0,0.0
2023,9,30,0,81.0426,0.0,0.0,0.0,83.80827300930713,552.0006931292047,0.0,0.0
2023,9,30,1,81.0426,0.0,0.0,0.0,83.80827300930713,466.9062845227333,0.0,0.0
2023,9,30,2,81.0426,0.0,0.0,0.0,83.80827300930713,381.8118759162619,0.0,0.0
2023,9,30,3,81.0426,0.0,0.0,0.0,83.80827300930713,296.7174673097905,0.0,0.0
2023,9,30,4,81.0426,0.0,0.0,0.0,83.80827300930713,211.6230587033191,0.0,0.0
2023,9,30,5,81.0426,0.0,0.0,0.0,83.80827300930713,126.5286500968477,0.0,0.0
2023,9,30,6,81.0426,0.0,0.0,0.0,83.80827300930713,41.43424149037631,0.0,0.0
2023,9,30,7,81.0426,43.00027775290747,43.00027775290747,0.0,40.80799525639966,0.0,0.0,0.0
2023,9,30,8,81.0426,291.3687651633708,83.80827300930713,0.0,0.0,0.0,207.5604921540637,0.0
2023,9,30,9,81.0426,330.36685256265287,83.80827300930713,0.0,0.0,0.0,246.55857955334574,0.0
2023,9,30,10,81.0426,368.26356199640225,83.80827300930713,0.0,0.0,0.0,284.4552889870951,0.0
2023,9,30,11,81.0426,398.65228642567575,83.80827300930713,0.0,0.0,-0.0,314.8440134163686,0.0
2023,9,30,12,81.0426,479.3010757609451,116.35464714976732,32.546374140460195,0.0,30.451738032977403,362.9464286111778,0.0
2023,9,30,13,81.0426,630.9965000559247,630.9965000559247,547.1882270466175,0.0,542.4237467378878,0.0,0.0
2023,9,30,14,81.0426,436.13016198520836,436.13016198520836,352.32188897590123,0.0,872.070724311353,0.0,0.0
2023,9,30,15,81.0426,316.9021191248737,316.9021191248737,233.09384611556658,0.0,1090.162998073619,0.0,0.0
2023,9,30,16,81.0426,221.47004526632838,221.47004526632838,137.66177225702125,0.0,1218.96506394537,0.0,0.0
2023,9,30,17,81.0426,122.74934987689669,122.74934987689669,38.94107686758956,0.0,1255.3999511735517,0.0,0.0
2023,9,30,18,81.0426,0.12409892569381711,0.0,0.0,83.80827300930713,1170.3055425670802,0.12409892569381711,0.0
2023,9,30,19,81.0426,0.0,0.0,0.0,83.80827300930713,1085.2111339606088,0.0,0.0
2023,9,30,20,81.0426,0.0,0.0,0.0,83.80827300930713,1000.1167253541374,0.0,0.0
2023,9,30,21,81.0426,0.0,0.0,0.0,83.80827300930713,915.0223167476661,0.0,0.0
2023,9,30,22,81.0426,0.0,0.0,0.0,83.80827300930713,829.9279081411947,0.0,0.0
2023,9,30,23,81.0426,0.0,0.0,0.0,83.80827300930713,744.8334995347234,0.0,0.0
2023,10,1,0,81.0426,0.0,0.0,0.0,83.80827300930713,659.739090928252,0.0,0.0
2023,10,1,1,81.0426,0.0,0.0,0.0,83.80827300930713,574.6446823217807,0.0,0.0
2023,10,1,2,81.0426,0.0,0.0,0.0,83.80827300930713,489.5502737153093,0.0,0.0
2023,10,1,3,81.0426,0.0,0.0,0.0,83.80827300930713,404.4558651088379,0.0,0.0
2023,10,1,4,81.0426,0.0,0.0,0.0,83.80827300930713,319.3614565023665,0.0,0.0
2023,10,1,5,81.0426,0.0,0.0,0.0,83.80827300930713,234.26704789589508,0.0,0.0
2023,10,1,6,81.0426,0.0,0.0,0.0,83.80827300930713,149.1726392894237,0.0,0.0
2023,10,1,7,81.0426,3.505794650850333,3.505794650850333,0.0,80.30247835845681,67.63782583743914,0.0,0.0
2023,10,1,8,81.0426,22.896251790509258,22.896251790509258,0.0,60.912021218797875,5.7910386823950875,0.0,0.0
2023,10,1,9,81.0426,78.10476135854614,78.10476135854614,0.0,5.703511650760989,0.0,0.0,0.0
2023,10,1,10,81.0426,199.39594885854063,83.80827300930713,0.0,-0.0,0.0,115.5876758492335,0.0
2023,10,1,11,81.0426,304.4767141897803,83.80827300930713,0.0,0.0,0.0,220.66844118047317,0.0
2023,10,1,12,81.0426,402.561402585031,83.80827300930713,0.0,0.0,0.0,318.75312957572385,0.0
2023,10,1,13,81.0426,652.7448367837662,83.80827300930713,0.0,0.0,-0.0,568.936563774459,0.0
2023,10,1,14,81.0426,914.9968915062252,308.01999776418324,224.21172475487612,0.0,209.78179248759113,606.976893742042,0.0
2023,10,1,15,81.0426,757.6549660921769,757.6549660921769,673.8466930828698,0.0,840.2607172240453,0.0,0.0
2023,10,1,16,81.0426,381.3870233885234,381.3870233885234,297.5787503792163,0.0,1118.6877429695478,0.0,0.0
2023,10,1,17,81.0426,122.88896116830239,122.88896116830239,39.08068815899526,0.0,1155.2532563146044,0.0,0.0
2023,10,1,18,81.0426,0.0,0.0,0.0,83.80827300930713,1070.158847708133,0.0,0.0
2023,10,1,19,81.0426,0.0,0.0,0.0,83.80827300930713,985.0644391016615,0.0,0.0
2023,10,1,20,81.0426,0.0,0.0,0.0,83.80827300930713,899.9700304951901,0.0,0.0
2023,10,1,21,81.0426,0.0,0.0,0.0,83.80827300930713,814.8756218887188,0.0,0.0
2023,10,1,22,81.0426,0.0,0.0,0.0,83.80827300930713,729.7812132822474,0.0,0.0
2023,10,1,23,81.0426,0.0,0.0,0.0,83.80827300930713,644.6868046757761,0.0,0.0
2023,10,2,0,81.0426,0.0,0.0,0.0,83.80827300930713,559.5923960693048,0.0,0.0
2023,10,2,1,81.0426,0.0,0.0,0.0,83.80827300930713,474.4979874628334,0.0,0.0
2023,10,2,2,81.0426,0.0,0.0,0.0,83.80827300930713,389.403578856362,0.0,0.0
2023,10,2,3,81.0426,0.0,0.0,0.0,83.80827300930713,304.3091702498906,0.0,0.0
2023,10,2,4,81.0426,0.0,0.0,0.0,83.80827300930713,219.2147616434192,0.0,0.0
2023,10,2,5,81.0426,0.0,0.0,0.0,83.80827300930713,134.1203530369478,0.0,0.0
2023,10,2,6,81.0426,0.0,0.0,0.0,83.80827300930713,49.02594443047641,0.0,0.0
2023,10,2,7,81.0426,35.523317479855145,35.523317479855145,0.0,48.284955529451985,0.0,0.0,0.0
2023,10,2,8,81.0426,328.86215308861534,83.80827300930713,0.0,0.0,0.0,245.05388007930821,0.0
2023,10,2,9,81.0426,581.2793679498393,83.80827300930713,0.0,0.0,0.0,497.47109494053217,0.0
2023,10,2,10,81.0426,787.0974362130349,83.80827300930713,0.0,0.0,0.0,703.2891632037279,0.0
2023,10,2,11,81.0426,994.2805926588628,83.80827300930713,0.0,0.0,0.0,910.4723196495556,0.0
2023,10,2,12,81.0426,995.6922179386299,83.80827300930713,0.0,0.0,0.0,911.8839449293228,0.0
2023,10,2,13,81.0426,891.6197563786524,83.80827300930713,0.0,0.0,-0.0,807.8114833693453,0.0
2023,10,2,14,81.0426,789.5483899954879,139.5848370614289,55.77656405212179,0.0,52.186867562101384,649.963552934059,0.0
2023,10,2,15,81.0426,694.0387543083839,694.0387543083839,610.2304812990768,0.0,623.1438250425408,0.0,0.0
2023,10,2,16,81.0426,550.2080994292498,550.2080994292498,466.3998264199427,0.0,1059.5268541158189,0.0,0.0
2023,10,2,17,81.0426,187.28079123768174,187.28079123768174,103.47251822837461,0.0,1156.3400353661955,0.0,0.0
2023,10,2,18,81.0426,0.21717311996417993,0.0,0.0,83.80827300930713,1071.245626759724,0.21717311996417993,0.0
2023,10,2,19,81.0426,0.0,0.0,0.0,83.80827300930713,986.1512181532527,0.0,0.0
2023,10,2,20,81.0426,0.0,0.0,0.0,83.80827300930713,901.0568095467813,0.0,0.0
2023,10,2,21,81.0426,0.0,0.0,0.0,83.80827300930713,815.96240094031,0.0,0.0
2023,10,2,22,81.0426,0.0,0.0,0.0,83.80827300930713,730.8679923338386,0.0,0.0
2023,10,2,23,81.0426,0.0,0.0,0.0,83.80827300930713,645.7735837273673,0.0,0.0
2023,10,3,0,81.0426,0.0,0.0,0.0,83.80827300930713,560.6791751208959,0.0,0.0
2023,10,3,1,81.0426,0.0,0.0,0.0,83.80827300930713,475.58476651442453,0.0,0.0
2023,10,3,2,81.0426,0.0,0.0,0.0,83.80827300930713,390.4903579079531,0.0,0.0
2023,10,3,3,81.0426,0.0,0.0,0.0,83.80827300930713,305.3959493014817,0.0,0.0
2023,10,3,4,81.0426,0.0,0.0,0.0,83.80827300930713,220.30154069501032,0.0,0.0
2023,10,3,5,81.0426,0.0,0.0,0.0,83.80827300930713,135.2071320885389,0.0,0.0
2023,10,3,6,81.0426,0.0,0.0,0.0,83.80827300930713,50.11272348206752,0.0,0.0
2023,10,3,7,81.0426,34.452964245745974,34.452964245745974,0.0,49.355308763561155,0.0,0.0,0.0
2023,10,3,8,81.0426,288.9953732094766,83.80827300930713,0.0,0.0,0.0,205.18710020016948,0.0
2023,10,3,9,81.0426,390.3531707699017,83.80827300930713,0.0,0.0,0.0,306.54489776059455,0.0
2023,10,3,10,81.0426,504.6793060653306,83.80827300930713,0.0,0.0,0.0,420.87103305602346,0.0
2023,10,3,11,81.0426,542.3278176476924,83.80827300930713,0.0,0.0,-0.0,458.5195446383853,0.0
2023,10,3,12,81.0426,763.8754247425794,83.80827300930713,0.0,0.0,-0.0,680.0671517332723,0.0
2023,10,3,13,81.0426,759.811184926107,211.67170393135345,127.86343092204632,0.0,119.63433117409625,548.1394809947535,0.0
2023,10,3,14,81.0426,536.1849208258484,536.1849208258484,452.37664781654127,0.0,542.8966925079358,0.0,0.0
2023,10,3,15,81.0426,505.05160284241214,505.05160284241214,421.243329833105,0.0,937.0294297786636,0.0,0.0
2023,10,3,16,81.0426,324.39459176363795,324.39459176363795,240.58631875433082,0.0,1162.1319718132181,0.0,0.0
2023,10,3,17,81.0426,90.93348780214448,90.93348780214448,7.125214792837353,0.0,1168.7986184068995,0.0,0.0
2023,10,3,18,81.0426,0.0,0.0,0.0,83.80827300930713,1083.704209800428,0.0,0.0
2023,10,3,19,81.0426,0.0,0.0,0.0,83.80827300930713,998.6098011939566,0.0,0.0
2023,10,3,20,81.0426,0.0,0.0,0.0,83.80827300930713,913.5153925874853,0.0,0.0
2023,10,3,21,81.0426,0.0,0.0,0.0,83.80827300930713,828.4209839810139,0.0,0.0
2023,10,3,22,81.0426,0.0,0.0,0.0,83.80827300930713,743.3265753745426,0.0,0.0
2023,10,3,23,81.0426,0.0,0.0,0.0,83.80827300930713,658.2321667680712,0.0,0.0
2023,10,4,0,81.0426,0.0,0.0,0.0,83.80827300930713,573.1377581615999,0.0,0.0
2023,10,4,1,81.0426,0.0,0.0,0.0,83.80827300930713,488.0433495551285,0.0,0.0
2023,10,4,2,81.0426,0.0,0.0,0.0,83.80827300930713,402.9489409486571,0.0,0.0
2023,10,4,3,81.0426,0.0,0.0,0.0,83.80827300930713,317.8545323421857,0.0,0.0
2023,10,4,4,81.0426,0.0,0.0,0.0,83.80827300930713,232.76012373571427,0.0,0.0
2023,10,4,5,81.0426,0.0,0.0,0.0,83.80827300930713,147.66571512924287,0.0,0.0
2023,10,4,6,81.0426,0.0,0.0,0.0,83.80827300930713,62.571306522771465,0.0,0.0
2023,10,4,7,81.0426,22.182682967769807,22.182682967769807,0.0,61.62559004153732,0.0,0.0,0.0
2023,10,4,8,81.0426,234.8572168755489,83.80827300930713,0.0,0.0,-0.0,151.04894386624176,0.0
2023,10,4,9,81.0426,454.72948847356935,83.80827300930713,-0.0,0.0,0.0,370.9212154642622,0.0
2023,10,4,10,81.0426,499.9790592546774,83.80827300930713,-0.0,0.0,0.0,416.17078624537027,0.0
2023,10,4,11,81.0426,664.5652594561024,83.80827300930713,-0.0,0.0,0.0,580.7569864467953,0.0
2023,10,4,12,81.0426,764.3563080796431,94.8674808372733,11.059207827966162,0.0,10.347453703324163,669.4888272423698,0.0
2023,10,4,13,81.0426,913.2129694493766,913.2129694493766,829.4046964400695,0.0,786.3729006644345,0.0,0.0
2023,10,4,14,81.0426,764.2477215196609,764.2477215196609,680.4394485103538,0.0,1423.020280919983,0.0,0.0
2023,10,4,15,81.0426,477.4551042412496,477.4551042412496,393.6468312319425,0.0,1791.332589088431,0.0,0.0
2023,10,4,16,81.0426,366.1073431624722,366.1073431624722,282.2990701531651,0.0,2055.4633120426206,0.0,0.0
2023,10,4,17,81.0426,94.26864643016582,94.26864643016582,10.460373420858685,0.0,2065.2504714283145,0.0,0.0
2023,10,4,18,81.0426,0.0,0.0,0.0,83.80827300930713,1980.156062821843,0.0,0.0
2023,10,4,19,81.0426,0.0,0.0,0.0,83.80827300930713,1895.0616542153716,0.0,0.0
2023,10,4,20,81.0426,0.0,0.0,0.0,83.80827300930713,1809.9672456089002,0.0,0.0
2023,10,4,21,81.0426,0.0,0.0,0.0,83.80827300930713,1724.8728370024287,0.0,0.0
2023,10,4,22,81.0426,0.0,0.0,0.0,83.80827300930713,1639.7784283959572,0.0,0.0
2023,10,4,23,81.0426,0.0,0.0,0.0,83.80827300930713,1554.6840197894858,0.0,0.0
2023,10,5,0,81.0426,0.0,0.0,0.0,83.80827300930713,1469.5896111830143,0.0,0.0
2023,10,5,1,81.0426,0.0,0.0,0.0,83.80827300930713,1384.4952025765429,0.0,0.0
2023,10,5,2,81.0426,0.0,0.0,0.0,83.80827300930713,1299.4007939700714,0.0,0.0
2023,10,5,3,81.0426,0.0,0.0,0.0,83.80827300930713,1214.3063853636,0.0,0.0
2023,10,5,4,81.0426,0.0,0.0,0.0,83.80827300930713,1129.2119767571285,0.0,0.0
2023,10,5,5,81.0426,0.0,0.0,0.0,83.80827300930713,1044.117568150657,0.0,0.0
2023,10,5,6,81.0426,0.0,0.0,0.0,83.80827300930713,959.0231595441857,0.0,0.0
2023,10,5,7,81.0426,16.334521094448675,16.334521094448675,0.0,67.47375191485845,890.513944290257,0.0,0.0
2023,10,5,8,81.0426,114.74496916964563,114.74496916964563,30.9366961603385,0.0,919.4596008176088,0.0,0.0
2023,10,5,9,81.0426,156.75245551700274,156.75245551700274,72.94418250769561,0.0,987.7092045113317,0.0,0.0
2023,10,5,10,81.0426,246.01060782228072,246.01060782228072,162.2023348129736,0.0,1139.4724389271,0.0,0.0
2023,10,5,11,81.0426,400.48274557965954,400.48274557965954,316.6744725703524,0.0,1435.7662146584973,0.0,0.0
2023,10,5,12,81.0426,139.25450699417453,139.25450699417453,55.4462339848674,0.0,1487.6440117038944,0.0,0.0
2023,10,5,13,81.0426,181.94453743284762,181.94453743284762,98.1362644235405,0.0,1579.4643724870512,0.0,0.0
2023,10,5,14,81.0426,41.386991718888005,41.386991718888005,0.0,42.421281290419124,1536.3920872087695,0.0,0.0
2023,10,5,15,81.0426,95.18387600715772,95.18387600715772,11.37560299785059,0.0,1547.0355733606434,0.0,0.0
2023,10,5,16,81.0426,66.1912644919397,66.1912644919397,0.0,17.617008517367424,1529.148211321408,0.0,0.0
2023,10,5,17,81.0426,56.91486979632687,56.91486979632687,0.0,26.893403212980264,1501.8420975017164,0.0,0.0
2023,10,5,18,81.0426,0.0,0.0,0.0,83.80827300930713,1416.747688895245,0.0,0.0
2023,10,5,19,81.0426,0.0,0.0,0.0,83.80827300930713,1331.6532802887734,0.0,0.0
2023,10,5,20,81.0426,0.0,0.0,0.0,83.80827300930713,1246.558871682302,0.0,0.0
2023,10,5,21,81.0426,0.0,0.0,0.0,83.80827300930713,1161.4644630758305,0.0,0.0
2023,10,5,22,81.0426,0.0,0.0,0.0,83.80827300930713,1076.370054469359,0.0,0.0
2023,10,5,23,81.0426,0.0,0.0,0.0,83.80827300930713,991.2756458628876,0.0,0.0
2023,10,6,0,81.0426,0.0,0.0,0.0,83.80827300930713,906.1812372564162,0.0,0.0
2023,10,6,1,81.0426,0.0,0.0,0.0,83.80827300930713,821.0868286499449,0.0,0.0
2023,10,6,2,81.0426,0.0,0.0,0.0,83.80827300930713,735.9924200434735,0.0,0.0
2023,10,6,3,81.0426,0.0,0.0,0.0,83.80827300930713,650.8980114370022,0.0,0.0
2023,10,6,4,81.0426,0.0,0.0,0.0,83.80827300930713,565.8036028305308,0.0,0.0
2023,10,6,5,81.0426,0.0,0.0,0.0,83.80827300930713,480.70919422405944,0.0,0.0
2023,10,6,6,81.0426,0.0,0.0,0.0,83.80827300930713,395.61478561758804,0.0,0.0
2023,10,6,7,81.0426,1.5822613025961683,1.5822613025961683,0.0,82.22601170671096,312.126919956947,0.0,0.0
2023,10,6,8,81.0426,51.12875738585265,51.12875738585265,0.0,32.67951562345448,278.9458990902483,0.0,0.0
2023,10,6,9,81.0426,228.4506098366056,228.4506098366056,144.64233682729846,0.0,414.27927080574636,0.0,0.0
2023,10,6,10,81.0426,521.8514949082127,521.8514949082127,438.0432218989055,0.0,824.1306841404254,0.0,0.0
2023,10,6,11,81.0426,724.0086448634407,724.0086448634407,640.2003718541337,0.0,1423.1287147100188,0.0,0.0
2023,10,6,12,81.0426,597.9241363585226,597.9241363585226,514.1158633492154,0.0,1904.1568477285543,0.0,0.0
2023,10,6,13,81.0426,425.5662409355223,425.5662409355223,341.75796792621514,0.0,2223.9197824584826,0.0,0.0
2023,10,6,14,81.0426,155.9458124999929,155.9458124999929,72.13753949068578,0.0,2291.414657476928,0.0,0.0
2023,10,6,15,81.0426,187.91679823186254,187.91679823186254,104.10852522255541,0.0,2388.822913259735,0.0,0.0
2023,10,6,16,81.0426,135.01963115487303,135.01963115487303,51.211358145565896,0.0,2436.7383847599253,0.0,0.0
2023,10,6,17,81.0426,11.215440409578722,11.21544040957872,0.0,72.59283259972841,2363.031530563604,1.7763568394002505e-15,0.0
2023,10,6,18,81.0426,0.0,-0.0,0.0,83.80827300930713,2277.937121957133,0.0,0.0
2023,10,6,19,81.0426,0.0,-0.0,0.0,83.80827300930713,2192.8427133506616,0.0,0.0
2023,10,6,20,81.0426,0.0,-0.0,0.0,83.80827300930713,2107.74830474419,0.0,0.0
2023,10,6,21,81.0426,0.0,-0.0,0.0,83.80827300930713,2022.6538961377187,0.0,0.0
2023,10,6,22,81.0426,0.0,-0.0,0.0,83.80827300930713,1937.5594875312474,0.0,0.0
2023,10,6,23,81.0426,0.0,-0.0,0.0,83.80827300930713,1852.4650789247762,0.0,0.0
2023,10,7,0,81.0426,0.0,-0.0,0.0,83.80827300930713,1767.3706703183047,0.0,0.0
2023,10,7,1,81.0426,0.0,-0.0,0.0,83.80827300930713,1682.2762617118333,0.0,0.0
2023,10,7,2,81.0426,0.0,-0.0,0.0,83.80827300930713,1597.1818531053618,0.0,0.0
2023,10,7,3,81.0426,0.0,-0.0,0.0,83.80827300930713,1512.0874444988906,0.0,0.0
2023,10,7,4,81.0426,0.0,-0.0,0.0,83.80827300930713,1426.9930358924191,0.0,0.0
2023,10,7,5,81.0426,0.0,-0.0,0.0,83.80827300930713,1341.8986272859477,0.0,0.0
2023,10,7,6,81.0426,0.0,-0.0,0.0,83.80827300930713,1256.8042186794764,0.0,0.0
2023,10,7,7,81.0426,0.0,-0.0,0.0,83.80827300930713,1171.709810073005,0.0,0.0
2023,10,7,8,81.0426,5.832649507609404,5.832649507609405,0.0,77.97562350169773,1092.5375597766533,0.0,0.0
2023,10,7,9,81.0426,3.800529599373149,3.800529599373151,0.0,80.00774340993398,1011.3020043243823,0.0,0.0
2023,10,7,10,81.0426,38.237981479407395,38.2379814794074,0.0,45.570291529899734,965.0323835754775,0.0,0.0
2023,10,7,11,81.0426,96.98331042971807,96.98331042971809,13.175037420410952,0.0,977.3594952337397,0.0,0.0
2023,10,7,12,81.0426,25.781551812890502,25.78155181289051,0.0,58.026721196416624,918.4422863916805,0.0,0.0
2023,10,7,13,81.0426,20.321199082362398,20.3211990823624,0.0,63.48707392694473,853.9809293444025,0.0,0.0
2023,10,7,14,81.0426,31.086780886301185,31.086780886301188,0.0,52.721492123005945,800.4503644971861,0.0,0.0
2023,10,7,15,81.0426,1.7063602282899855,1.7063602282899826,0.0,82.10191278101715,717.0885022048454,2.886579864025407e-15,0.0
2023,10,7,16,81.0426,1.0548408683974455,1.0548408683974504,0.0,82.75343214090968,633.0651222289276,0.0,0.0
2023,10,7,17,81.0426,0.0,-0.0,0.0,83.80827300930713,547.9707136224563,0.0,0.0
2023,10,7,18,81.0426,0.0,-0.0,0.0,83.80827300930713,462.8763050159848,0.0,0.0
2023,10,7,19,81.0426,0.0,-0.0,0.0,83.80827300930713,377.7818964095134,0.0,0.0
2023,10,7,20,81.0426,0.0,-0.0,0.0,83.80827300930713,292.687487803042,0.0,0.0
2023,10,7,21,81.0426,0.0,-0.0,0.0,83.80827300930713,207.59307919657064,0.0,0.0
2023,10,7,22,81.0426,0.0,-0.0,0.0,83.80827300930713,122.49867059009925,0.0,0.0
2023,10,7,23,81.0426,0.0,-0.0,0.0,0.0,122.49867059009925,0.0,81.0426
2023,10,8,0,81.0426,0.0,-0.0,0.0,83.80827300930713,37.40426198362786,0.0,0.0
2023,10,8,1,81.0426,0.0,-0.0,0.0,36.83892574578787,0.0,0.0,45.41935880382312
2023,10,8,2,81.0426,0.0,-0.0,0.0,0.0,-0.0,0.0,81.0426
2023,10,8,3,81.0426,0.0,-0.0,0.0,-0.0,0.0,0.0,81.0426
2023,10,8,4,81.0426,0.0,-0.0,0.0,-0.0,0.0,0.0,81.0426
2023,10,8,5,81.0426,0.0,-0.0,0.0,-0.0,0.0,0.0,81.0426
2023,10,8,6,81.0426,0.0,-0.0,0.0,-0.0,0.0,0.0,81.0426
2023,10,8,7,81.0426,1.7063602282899855,1.7063602282899855,0.0,-0.0,0.0,0.0,79.39254965924357
2023,10,8,8,81.0426,368.5893216763485,83.80827300930713,0.0,0.0,0.0,284.7810486670414,0.0
2023,10,8,9,81.0426,744.6711159914613,83.80827300930713,0.0,0.0,0.0,660.8628429821542,0.0
2023,10,8,10,81.0426,1077.3493110451614,83.80827300930713,0.0,0.0,0.0,993.5410380358542,0.0
2023,10,8,11,81.0426,1261.9930001118496,83.80827300930713,0.0,0.0,0.0,1178.1847271025424,0.0
2023,10,8,12,81.0426,1337.755394247925,83.80827300930713,0.0,0.0,-0.0,1253.947121238618,0.0
2023,10,8,13,81.0426,896.769861794946,386.25724130862403,302.4489682993169,0.0,282.98380370259144,510.51262048632196,0.0
2023,10,8,14,81.0426,678.1540918195753,678.1540918195753,594.3458188102683,0.0,839.0784118852598,0.0,0.0
2023,10,8,15,81.0426,442.9090658012333,442.9090658012333,359.10079279192615,0.0,1175.068013133653,0.0,0.0
2023,10,8,16,81.0426,266.8747397045537,266.8747397045537,183.06646669524656,0.0,1346.352595015732,0.0,0.0
2023,10,8,17,81.0426,70.33306613697084,70.33306613697084,0.0,13.475206872336289,1332.6705953935232,0.0,0.0
2023,10,8,18,81.0426,0.0,0.0,0.0,83.80827300930713,1247.5761867870517,0.0,0.0
2023,10,8,19,81.0426,0.0,0.0,0.0,83.80827300930713,1162.4817781805802,0.0,0.0
2023,10,8,20,81.0426,0.0,0.0,0.0,83.80827300930713,1077.3873695741088,0.0,0.0
2023,10,8,21,81.0426,0.0,0.0,0.0,83.80827300930713,992.2929609676374,0.0,0.0
2023,10,8,22,81.0426,0.0,0.0,0.0,83.80827300930713,907.1985523611661,0.0,0.0
2023,10,8,23,81.0426,0.0,0.0,0.0,83.80827300930713,822.1041437546947,0.0,0.0
2023,10,9,0,81.0426,0.0,0.0,0.0,83.80827300930713,737.0097351482234,0.0,0.0
2023,10,9,1,81.0426,0.0,0.0,0.0,83.80827300930713,651.915326541752,0.0,0.0
2023,10,9,2,81.0426,0.0,0.0,0.0,83.80827300930713,566.8209179352807,0.0,0.0
2023,10,9,3,81.0426,0.0,0.0,0.0,83.80827300930713,481.72650932880936,0.0,0.0
2023,10,9,4,81.0426,0.0,0.0,0.0,83.80827300930713,396.63210072233795,0.0,0.0
2023,10,9,5,81.0426,0.0,0.0,0.0,83.80827300930713,311.53769211586655,0.0,0.0
2023,10,9,6,81.0426,0.0,0.0,0.0,83.80827300930713,226.44328350939514,0.0,0.0
2023,10,9,7,81.0426,0.0,0.0,0.0,83.80827300930713,141.34887490292374,0.0,0.0
2023,10,9,8,81.0426,3.9711656222021476,3.9711656222021476,0.0,79.83710738710498,60.28657408206576,0.0,0.0
2023,10,9,9,81.0426,71.88430270814357,71.88430270814357,0.0,11.923970301163566,48.17961656361217,0.0,0.0
2023,10,9,10,81.0426,210.6269016338311,83.80827300930713,0.0,0.0,48.17961656361217,126.81862862452397,0.0
2023,10,9,11,81.0426,377.9898152976552,377.9898152976552,294.18154228834806,0.0,323.42807346515787,0.0,0.0
2023,10,9,12,81.0426,488.3292726051704,488.3292726051704,404.52099959586326,0.0,701.9147047368651,0.0,0.0
2023,10,9,13,81.0426,446.3062738921014,446.3062738921014,362.49800088279426,0.0,1041.0828748292151,0.0,0.0
2023,10,9,14,81.0426,365.9367071396432,365.9367071396432,282.1284341303361,0.0,1305.0539436405577,0.0,0.0
2023,10,9,15,81.0426,221.31492160921107,221.31492160921107,137.50664859990394,0.0,1433.7108693824475,0.0,0.0
2023,10,9,16,81.0426,48.4140933863004,48.4140933863004,0.0,35.39417962300673,1397.7735248341771,0.0,0.0
2023,10,9,17,81.0426,17.18770120859367,17.18770120859367,0.0,66.62057180071345,1330.1305827373137,0.0,0.0
2023,10,9,18,81.0426,0.0,0.0,0.0,83.80827300930713,1245.0361741308423,0.0,0.0
2023,10,9,19,81.0426,0.0,0.0,0.0,83.80827300930713,1159.9417655243708,0.0,0.0
2023,10,9,20,81.0426,0.0,0.0,0.0,83.80827300930713,1074.8473569178993,0.0,0.0
2023,10,9,21,81.0426,0.0,0.0,0.0,83.80827300930713,989.7529483114279,0.0,0.0
2023,10,9,22,81.0426,0.0,0.0,0.0,83.80827300930713,904.6585397049565,0.0,0.0
2023,10,9,23,81.0426,0.0,0.0,0.0,83.80827300930713,819.5641310984852,0.0,0.0
2023,10,10,0,81.0426,0.0,0.0,0.0,83.80827300930713,734.4697224920138,0.0,0.0
2023,10,10,1,81.0426,0.0,0.0,0.0,83.80827300930713,649.3753138855425,0.0,0.0
2023,10,10,2,81.0426,0.0,0.0,0.0,83.80827300930713,564.2809052790711,0.0,0.0
2023,10,10,3,81.0426,0.0,0.0,0.0,83.80827300930713,479.1864966725998,0.0,0.0
2023,10,10,4,81.0426,0.0,0.0,0.0,83.80827300930713,394.0920880661284,0.0,0.0
2023,10,10,5,81.0426,0.0,0.0,0.0,83.80827300930713,308.997679459657,0.0,0.0
2023,10,10,6,81.0426,0.0,0.0,0.0,83.80827300930713,223.90327085318557,0.0,0.0
2023,10,10,7,81.0426,0.0,0.0,0.0,83.80827300930713,138.8088622467142,0.0,0.0
2023,10,10,8,81.0426,9.38498125559492,9.38498125559492,0.0,74.42329175371222,63.24345836796201,0.0,0.0
2023,10,10,9,81.0426,26.076286761413318,26.076286761413318,0.0,57.73198624789381,4.6255075256161975,0.0,0.0
2023,10,10,10,81.0426,79.25267642121396,79.25267642121396,0.0,4.555596588093168,0.0,0.0,0.0
2023,10,10,11,81.0426,224.96032755146697,83.80827300930713,0.0,0.0,-0.0,141.15205454215985,0.0
2023,10,10,12,81.0426,340.77564995522175,199.41126482967687,115.60299182036974,0.0,108.16295565059687,141.36438512554489,0.0
2023,10,10,13,81.0426,414.67656020588987,414.67656020588987,330.86828719658274,0.0,417.7370532642798,0.0,0.0
2023,10,10,14,81.0426,563.5021968442,563.5021968442,479.6939238348928,0.0,866.5585914666494,0.0,0.0
2023,10,10,15,81.0426,361.2674850604132,361.2674850604132,277.4592120511061,0.0,1126.1609423691743,0.0,0.0
2023,10,10,16,81.0426,175.41383146821047,175.41383146821047,91.60555845890333,0.0,1211.870903685181,0.0,0.0
2023,10,10,17,81.0426,62.87161822963009,62.87161822963009,0.0,20.936654779677042,1190.6129515439095,0.0,0.0
2023,10,10,18,81.0426,0.0,0.0,0.0,83.80827300930713,1105.518542937438,0.0,0.0
2023,10,10,19,81.0426,0.0,0.0,0.0,83.80827300930713,1020.4241343309667,0.0,0.0
2023,10,10,20,81.0426,0.0,0.0,0.0,83.80827300930713,935.3297257244953,0.0,0.0
2023,10,10,21,81.0426,0.0,0.0,0.0,83.80827300930713,850.235317118024,0.0,0.0
2023,10,10,22,81.0426,0.0,0.0,0.0,83.80827300930713,765.1409085115527,0.0,0.0
2023,10,10,23,81.0426,0.0,0.0,0.0,83.80827300930713,680.0464999050813,0.0,0.0
2023,10,11,0,81.0426,0.0,0.0,0.0,83.80827300930713,594.95209129861,0.0,0.0
2023,10,11,1,81.0426,0.0,0.0,0.0,83.80827300930713,509.85768269213855,0.0,0.0
2023,10,11,2,81.0426,0.0,0.0,0.0,83.80827300930713,424.76327408566715,0.0,0.0
2023,10,11,3,81.0426,0.0,0.0,0.0,83.80827300930713,339.66886547919574,0.0,0.0
2023,10,11,4,81.0426,0.0,0.0,0.0,83.80827300930713,254.57445687272434,0.0,0.0
2023,10,11,5,81.0426,0.0,0.0,0.0,83.80827300930713,169.48004826625294,0.0,0.0
2023,10,11,6,81.0426,0.0,0.0,0.0,83.80827300930713,84.38563965978153,0.0,0.0
2023,10,11,7,81.0426,0.6980564570277212,0.6980564570277212,0.0,83.11021655227941,0.0,0.0,0.0
2023,10,11,8,81.0426,132.4445784467263,83.80827300930713,0.0,0.0,0.0,48.63630543741917,0.0
2023,10,11,9,81.0426,290.7017334377666,83.80827300930713,0.0,0.0,0.0,206.8934604284595,0.0
2023,10,11,10,81.0426,575.2295453222657,83.80827300930713,0.0,0.0,0.0,491.4212723129586,0.0
2023,10,11,11,81.0426,967.8475214860795,83.80827300930713,0.0,0.0,0.0,884.0392484767724,0.0
2023,10,11,12,81.0426,1047.6121059757807,83.80827300930713,0.0,0.0,0.0,963.8038329664735,0.0
2023,10,11,13,81.0426,1001.2301324977165,83.80827300930713,0.0,0.0,-0.0,917.4218594884094,0.0
2023,10,11,14,81.0426,934.806182520101,532.4791123195099,448.6708393102028,0.0,419.7950531369762,402.32707020059104,0.0
2023,10,11,15,81.0426,776.0371194605735,776.0371194605735,692.2288464512665,0.0,1067.4730832619641,0.0,0.0
2023,10,11,16,81.0426,436.30079800803753,436.30079800803753,352.4925249987304,0.0,1397.2797149782768,0.0,0.0
2023,10,11,17,81.0426,131.76203435541032,131.76203435541032,47.95376134610319,0.0,1442.1472437513853,0.0,0.0
2023,10,11,18,81.0426,0.0,0.0,0.0,83.80827300930713,1357.0528351449138,0.0,0.0
2023,10,11,19,81.0426,0.0,0.0,0.0,83.80827300930713,1271.9584265384424,0.0,0.0
2023,10,11,20,81.0426,0.0,0.0,0.0,83.80827300930713,1186.864017931971,0.0,0.0
2023,10,11,21,81.0426,0.0,0.0,0.0,83.80827300930713,1101.7696093254995,0.0,0.0
2023,10,11,22,81.0426,0.0,0.0,0.0,83.80827300930713,1016.675200719028,0.0,0.0
2023,10,11,23,81.0426,0.0,0.0,0.0,83.80827300930713,931.5807921125567,0.0,0.0
2023,10,12,0,81.0426,0.0,0.0,0.0,83.80827300930713,846.4863835060853,0.0,0.0
2023,10,12,1,81.0426,0.0,0.0,0.0,83.80827300930713,761.391974899614,0.0,0.0
2023,10,12,2,81.0426,0.0,0.0,0.0,83.80827300930713,676.2975662931426,0.0,0.0
2023,10,12,3,81.0426,0.0,0.0,0.0,83.80827300930713,591.2031576866713,0.0,0.0
2023,10,12,4,81.0426,0.0,0.0,0.0,83.80827300930713,506.10874908019986,0.0,0.0
2023,10,12,5,81.0426,0.0,0.0,0.0,83.80827300930713,421.01434047372845,0.0,0.0
2023,10,12,6,81.0426,0.0,0.0,0.0,83.80827300930713,335.91993186725705,0.0,0.0
2023,10,12,7,81.0426,0.0,0.0,0.0,83.80827300930713,250.82552326078567,0.0,0.0
2023,10,12,8,81.0426,16.21042216875486,16.21042216875486,0.0,67.59785084055227,182.19030463855654,0.0,0.0
2023,10,12,9,81.0426,15.558902808862165,15.558902808862165,0.0,68.24937020044496,112.89356833275006,0.0,0.0
2023,10,12,10,81.0426,28.48070344673087,28.48070344673087,0.0,55.327569562576265,56.716932751224704,0.0,0.0
2023,10,12,11,81.0426,49.68610737466203,49.68610737466203,0.0,34.12216563464511,22.07112272803363,0.0,0.0
2023,10,12,12,81.0426,227.72152864815442,227.72152864815442,143.91325563884726,0.0,156.72233583318473,0.0,0.0
2023,10,12,13,81.0426,285.69123931287874,285.69123931287874,201.8829663035716,0.0,345.6124154674085,0.0,0.0
2023,10,12,14,81.0426,514.265948075178,514.265948075178,430.4576750658709,0.0,748.3664764518824,0.0,0.0
2023,10,12,15,81.0426,489.04284142790976,489.04284142790976,405.23456841860263,0.0,1127.5207523209504,0.0,0.0
2023,10,12,16,81.0426,303.12713837286003,303.12713837286003,219.3188653635529,0.0,1332.7245825515556,0.0,0.0
2023,10,12,17,81.0426,79.23716405550222,79.23716405550222,0.0,4.571108953804911,1328.083324604902,0.0,0.0
2023,10,12,18,81.0426,0.0,0.0,0.0,83.80827300930713,1242.9889159984305,0.0,0.0
2023,10,12,19,81.0426,0.0,0.0,0.0,83.80827300930713,1157.894507391959,0.0,0.0
2023,10,12,20,81.0426,0.0,0.0,0.0,83.80827300930713,1072.8000987854875,0.0,0.0
2023,10,12,21,81.0426,0.0,0.0,0.0,83.80827300930713,987.7056901790161,0.0,0.0
2023,10,12,22,81.0426,0.0,0.0,0.0,83.80827300930713,902.6112815725447,0.0,0.0
2023,10,12,23,81.0426,0.0,0.0,0.0,83.80827300930713,817.5168729660734,0.0,0.0
2023,10,13,0,81.0426,0.0,0.0,0.0,83.80827300930713,732.422464359602,0.0,0.0
2023,10,13,1,81.0426,0.0,0.0,0.0,83.80827300930713,647.3280557531307,0.0,0.0
2023,10,13,2,81.0426,0.0,0.0,0.0,83.80827300930713,562.2336471466593,0.0,0.0
2023,10,13,3,81.0426,0.0,0.0,0.0,83.80827300930713,477.139238540188,0.0,0.0
2023,10,13,4,81.0426,0.0,0.0,0.0,83.80827300930713,392.0448299337166,0.0,0.0
2023,10,13,5,81.0426,0.0,0.0,0.0,83.80827300930713,306.9504213272452,0.0,0.0
2023,10,13,6,81.0426,0.0,0.0,0.0,83.80827300930713,221.85601272077378,0.0,0.0
2023,10,13,7,81.0426,0.0,0.0,0.0,83.80827300930713,136.7616041143024,0.0,0.0
2023,10,13,8,81.0426,131.88613328110412,131.88613328110412,48.07786027179699,0.0,181.74524499129973,0.0,0.0
2023,10,13,9,81.0426,361.99656624886455,361.99656624886455,278.1882932395574,0.0,442.0297545041717,0.0,0.0
2023,10,13,10,81.0426,577.7425485675656,577.7425485675656,493.93427555825843,0.0,904.1751566277854,0.0,0.0
2023,10,13,11,81.0426,329.14137567142643,329.14137567142643,245.3331026621193,0.0,1133.718986636088,0.0,0.0
2023,10,13,12,81.0426,112.03030517009323,112.03030517009323,28.2220321607861,0.0,1160.1246908908713,0.0,0.0
2023,10,13,13,81.0426,81.93631568934275,81.93631568934275,0.0,1.8719573199643822,1158.2240062047517,0.0,0.0
2023,10,13,14,81.0426,110.1998460161096,110.1998460161096,26.39157300680247,0.0,1182.9170569271748,0.0,0.0
2023,10,13,15,81.0426,181.16891914726125,181.16891914726125,97.3606461379541,0.0,1274.0117170610263,0.0,0.0
2023,10,13,16,81.0426,98.37942334377352,98.37942334377352,14.571150334466394,0.0,1287.6450898880378,0.0,0.0
2023,10,13,17,81.0426,37.97427126230803,37.97427126230803,0.0,45.8340017469991,1241.1077119814947,0.0,0.0
2023,10,13,18,81.0426,0.0,0.0,0.0,83.80827300930713,1156.0133033750233,0.0,0.0
2023,10,13,19,81.0426,0.0,0.0,0.0,83.80827300930713,1070.9188947685518,0.0,0.0
2023,10,13,20,81.0426,0.0,0.0,0.0,83.80827300930713,985.8244861620805,0.0,0.0
2023,10,13,21,81.0426,0.0,0.0,0.0,83.80827300930713,900.7300775556091,0.0,0.0
2023,10,13,22,81.0426,0.0,0.0,0.0,83.80827300930713,815.6356689491378,0.0,0.0
2023,10,13,23,81.0426,0.0,0.0,0.0,83.80827300930713,730.5412603426664,0.0,0.0
2023,10,14,0,81.0426,0.0,0.0,0.0,83.80827300930713,645.4468517361951,0.0,0.0
2023,10,14,1,81.0426,0.0,0.0,0.0,83.80827300930713,560.3524431297237,0.0,0.0
2023,10,14,2,81.0426,0.0,0.0,0.0,83.80827300930713,475.2580345232524,0.0,0.0
2023,10,14,3,81.0426,0.0,0.0,0.0,83.80827300930713,390.163625916781,0.0,0.0
2023,10,14,4,81.0426,0.0,0.0,0.0,83.80827300930713,305.06921731030957,0.0,0.0
2023,10,14,5,81.0426,0.0,0.0,0.0,83.80827300930713,219.97480870383816,0.0,0.0
2023,10,14,6,81.0426,0.0,0.0,0.0,83.80827300930713,134.88040009736676,0.0,0.0
2023,10,14,7,81.0426,0.0,0.0,0.0,83.80827300930713,49.785991490895356,0.0,0.0
2023,10,14,8,81.0426,102.8935217658861,102.8935217658861,19.085248756578977,0.0,67.64294209686332,0.0,0.0
2023,10,14,9,81.0426,17.18770120859367,17.18770120859367,0.0,66.62057180071345,0.0,0.0,0.0
2023,10,14,10,81.0426,176.90301857653628,83.80827300930713,0.0,0.0,0.0,93.09474556722915,0.0
2023,10,14,11,81.0426,635.588160306596,83.80827300930713,0.0,0.0,0.0,551.779887297289,0.0
2023,10,14,12,81.0426,1172.1764026409494,83.80827300930713,0.0,0.0,-0.0,1088.3681296316422,0.0
2023,10,14,13,81.0426,934.8527196172361,196.035065356973,112.22679234766588,0.0,105.00404334146674,738.817654260263,0.0
2023,10,14,14,81.0426,454.48129062218175,454.48129062218175,370.6730176128746,0.0,451.8210982774939,0.0,0.0
2023,10,14,15,81.0426,644.802505539362,644.802505539362,560.9942325300548,0.0,976.7105785400374,0.0,0.0
2023,10,14,16,81.0426,370.3887560989089,370.3887560989089,286.5804830896018,0.0,1244.847169078392,0.0,0.0
2023,10,14,17,81.0426,77.81002641002317,77.81002641002317,0.0,5.998246599283961,1238.7568723962831,0.0,0.0
2023,10,14,18,81.0426,0.0,0.0,0.0,83.80827300930713,1153.6624637898117,0.0,0.0
2023,10,14,19,81.0426,0.0,0.0,0.0,83.80827300930713,1068.5680551833402,0.0,0.0
2023,10,14,20,81.0426,0.0,0.0,0.0,83.80827300930713,983.4736465768688,0.0,0.0
2023,10,14,21,81.0426,0.0,0.0,0.0,83.80827300930713,898.3792379703974,0.0,0.0
2023,10,14,22,81.0426,0.0,0.0,0.0,83.80827300930713,813.2848293639261,0.0,0.0
2023,10,14,23,81.0426,0.0,0.0,0.0,83.80827300930713,728.1904207574547,0.0,0.0
2023,10,15,0,81.0426,0.0,0.0,0.0,83.80827300930713,643.0960121509834,0.0,0.0
2023,10,15,1,81.0426,0.0,0.0,0.0,83.80827300930713,558.001603544512,0.0,0.0
2023,10,15,2,81.0426,0.0,0.0,0.0,83.80827300930713,472.9071949380406,0.0,0.0
2023,10,15,3,81.0426,0.0,0.0,0.0,83.80827300930713,387.8127863315692,0.0,0.0
2023,10,15,4,81.0426,0.0,0.0,0.0,83.80827300930713,302.7183777250978,0.0,0.0
2023,10,15,5,81.0426,0.0,0.0,0.0,83.80827300930713,217.6239691186264,0.0,0.0
2023,10,15,6,81.0426,0.0,0.0,0.0,83.80827300930713,132.529560512155,0.0,0.0
2023,10,15,7,81.0426,0.0,0.0,0.0,83.80827300930713,47.43515190568362,0.0,0.0
2023,10,15,8,81.0426,37.09006641673959,37.09006641673959,0.0,46.71820659256755,0.0,0.0,0.0
2023,10,15,9,81.0426,325.80621704340507,83.80827300930713,0.0,0.0,0.0,241.99794403409794,0.0
2023,10,15,10,81.0426,339.6897843554007,83.80827300930713,0.0,0.0,0.0,255.8815113460936,0.0
2023,10,15,11,81.0426,606.7972095456305,83.80827300930713,0.0,0.0,0.0,522.9889365363233,0.0
2023,10,15,12,81.0426,873.1600411816972,83.80827300930713,0.0,0.0,-0.0,789.3517681723902,0.0
2023,10,15,13,81.0426,898.1969994404247,83.80827300930713,0.0,0.0,-0.0,814.3887264311177,0.0
2023,10,15,14,81.0426,875.6265073298619,247.87977635181275,164.07150334250562,0.0,153.51210604598896,627.7467309780491,0.0
2023,10,15,15,81.0426,792.9145733549327,792.9145733549327,709.1063003456255,0.0,816.9813822998585,0.0,0.0
2023,10,15,16,81.0426,449.0984997202124,449.0984997202124,365.29022671090524,0.0,1158.7620747297074,0.0,0.0
2023,10,15,17,81.0426,118.6075482318657,118.6075482318657,34.79927522255858,0.0,1191.3217204905993,0.0,0.0
2023,10,15,18,81.0426,0.0,0.0,0.0,83.80827300930713,1106.2273118841279,0.0,0.0
2023,10,15,19,81.0426,0.0,0.0,0.0,83.80827300930713,1021.1329032776565,0.0,0.0
2023,10,15,20,81.0426,0.0,0.0,0.0,83.80827300930713,936.0384946711852,0.0,0.0
2023,10,15,21,81.0426,0.0,0.0,0.0,83.80827300930713,850.9440860647138,0.0,0.0
2023,10,15,22,81.0426,0.0,0.0,0.0,83.80827300930713,765.8496774582425,0.0,0.0
2023,10,15,23,81.0426,0.0,0.0,0.0,83.80827300930713,680.7552688517711,0.0,0.0
2023,10,16,0,81.0426,0.0,0.0,0.0,83.80827300930713,595.6608602452998,0.0,0.0
2023,10,16,1,81.0426,0.0,0.0,0.0,83.80827300930713,510.56645163882837,0.0,0.0
2023,10,16,2,81.0426,0.0,0.0,0.0,83.80827300930713,425.47204303235696,0.0,0.0
2023,10,16,3,81.0426,0.0,0.0,0.0,83.80827300930713,340.37763442588556,0.0,0.0
2023,10,16,4,81.0426,0.0,0.0,0.0,83.80827300930713,255.28322581941416,0.0,0.0
2023,10,16,5,81.0426,0.0,0.0,0.0,83.80827300930713,170.18881721294278,0.0,0.0
2023,10,16,6,81.0426,0.0,0.0,0.0,83.80827300930713,85.09440860647139,0.0,0.0
2023,10,16,7,81.0426,0.0,0.0,0.0,83.80827300930713,0.0,0.0,0.0
2023,10,16,8,81.0426,246.77071374215532,83.80827300930713,0.0,0.0,0.0,162.9624407328482,0.0
2023,10,16,9,81.0426,598.4980938898565,83.80827300930713,0.0,0.0,0.0,514.6898208805494,0.0
2023,10,16,10,81.0426,387.3903089189617,83.80827300930713,0.0,0.0,0.0,303.58203590965456,0.0
2023,10,16,11,81.0426,724.2568427148283,83.80827300930713,0.0,0.0,0.0,640.4485697055211,0.0
2023,10,16,12,81.0426,706.2780108549366,83.80827300930713,0.0,0.0,-0.0,622.4697378456294,0.0
2023,10,16,13,81.0426,825.4750289838479,166.72955238261355,82.92127937330643,0.0,77.58458948261682,658.7454766012344,0.0
2023,10,16,14,81.0426,649.8905614928085,649.8905614928085,566.0822884835014,0.0,607.2346660046028,0.0,0.0
2023,10,16,15,81.0426,411.4034510407154,411.4034510407154,327.5951780314083,0.0,913.7463068782176,0.0,0.0
2023,10,16,16,81.0426,363.0358947515502,363.0358947515502,279.22762174224306,0.0,1175.0032552611585,0.0,0.0
2023,10,16,17,81.0426,101.24921100044303,101.24921100044303,17.440937991135893,0.0,1191.3217204905993,0.0,0.0
2023,10,16,18,81.0426,0.0,0.0,0.0,83.80827300930713,1106.2273118841279,0.0,0.0
2023,10,16,19,81.0426,0.0,0.0,0.0,83.80827300930713,1021.1329032776565,0.0,0.0
2023,10,16,20,81.0426,0.0,0.0,0.0,83.80827300930713,936.0384946711852,0.0,0.0
2023,10,16,21,81.0426,0.0,0.0,0.0,83.80827300930713,850.9440860647138,0.0,0.0
2023,10,16,22,81.0426,0.0,0.0,0.0,83.80827300930713,765.8496774582425,0.0,0.0
2023,10,16,23,81.0426,0.0,0.0,0.0,83.80827300930713,680.7552688517711,0.0,0.0
2023,10,17,0,81.0426,0.0,0.0,0.0,83.80827300930713,595.6608602452998,0.0,0.0
2023,10,17,1,81.0426,0.0,0.0,0.0,83.80827300930713,510.56645163882837,0.0,0.0
2023,10,17,2,81.0426,0.0,0.0,0.0,83.80827300930713,425.47204303235696,0.0,0.0
2023,10,17,3,81.0426,0.0,0.0,0.0,83.80827300930713,340.37763442588556,0.0,0.0
2023,10,17,4,81.0426,0.0,0.0,0.0,83.80827300930713,255.28322581941416,0.0,0.0
2023,10,17,5,81.0426,0.0,0.0,0.0,83.80827300930713,170.18881721294278,0.0,0.0
2023,10,17,6,81.0426,0.0,0.0,0.0,83.80827300930713,85.09440860647139,0.0,0.0
2023,10,17,7,81.0426,0.0,0.0,0.0,83.80827300930713,0.0,0.0,0.0
2023,10,17,8,81.0426,89.61493671664768,83.80827300930713,0.0,0.0,0.0,5.806663707340547,0.0
2023,10,17,9,81.0426,171.9390615487836,83.80827300930713,0.0,0.0,0.0,88.13078853947647,0.0
2023,10,17,10,81.0426,312.96197823409506,83.80827300930713,0.0,0.0,0.0,229.15370522478793,0.0
2023,10,17,11,81.0426,766.745212399249,83.80827300930713,0.0,0.0,-0.0,682.9369393899419,0.0
2023,10,17,12,81.0426,976.3948349932411,83.80827300930713,0.0,0.0,-0.0,892.586561983934,0.0
2023,10,17,13,81.0426,754.8782526297778,719.6448079374306,635.8365349281235,0.0,594.9150436809157,35.23344469234712,0.0
2023,10,17,14,81.0426,474.1509703446517,474.1509703446517,390.34269733534455,0.0,960.1358670833233,0.0,0.0
2023,10,17,15,81.0426,335.1601735675766,335.1601735675766,251.35190055826945,0.0,1195.3111341302344,0.0,0.0
2023,10,17,16,81.0426,135.17475481199028,135.17475481199028,51.366481802683154,0.0,1243.3717457602859,0.0,0.0
2023,10,17,17,81.0426,32.544943263203535,32.544943263203535,0.0,51.263329746103594,1191.3217204905993,0.0,0.0
2023,10,17,18,81.0426,0.0,0.0,0.0,83.80827300930713,1106.2273118841279,0.0,0.0
2023,10,17,19,81.0426,0.0,0.0,0.0,83.80827300930713,1021.1329032776565,0.0,0.0
2023,10,17,20,81.0426,0.0,0.0,0.0,83.80827300930713,936.0384946711852,0.0,0.0
2023,10,17,21,81.0426,0.0,0.0,0.0,83.80827300930713,850.9440860647138,0.0,0.0
2023,10,17,22,81.0426,0.0,0.0,0.0,83.80827300930713,765.8496774582425,0.0,0.0
2023,10,17,23,81.0426,0.0,0.0,0.0,83.80827300930713,680.7552688517711,0.0,0.0
2023,10,18,0,81.0426,0.0,0.0,0.0,83.80827300930713,595.6608602452998,0.0,0.0
2023,10,18,1,81.0426,0.0,0.0,0.0,83.80827300930713,510.56645163882837,0.0,0.0
2023,10,18,2,81.0426,0.0,0.0,0.0,83.80827300930713,425.47204303235696,0.0,0.0
2023,10,18,3,81.0426,0.0,0.0,0.0,83.80827300930713,340.37763442588556,0.0,0.0
2023,10,18,4,81.0426,0.0,0.0,0.0,83.80827300930713,255.28322581941416,0.0,0.0
2023,10,18,5,81.0426,0.0,0.0,0.0,83.80827300930713,170.18881721294278,0.0,0.0
2023,10,18,6,81.0426,0.0,0.0,0.0,83.80827300930713,85.09440860647139,0.0,0.0
2023,10,18,7,81.0426,0.0,0.0,0.0,83.80827300930713,0.0,0.0,0.0
2023,10,18,8,81.0426,261.5229735340078,83.80827300930713,0.0,0.0,0.0,177.71470052470067,0.0
2023,10,18,9,81.0426,531.2054514323842,83.80827300930713,0.0,0.0,0.0,447.39717842307704,0.0
2023,10,18,10,81.0426,1015.4859965867937,83.80827300930713,0.0,0.0,0.0,931.6777235774866,0.0
2023,10,18,11,81.0426,1215.8126873880378,83.80827300930713,0.0,0.0,0.0,1132.0044143787306,0.0
2023,10,18,12,81.0426,1304.3727832362883,83.80827300930713,0.0,0.0,-0.0,1220.5645102269812,0.0
2023,10,18,13,81.0426,1282.2521497313653,359.7170109570275,275.9087379477204,0.0,258.15166300041165,922.5351387743378,0.0
2023,10,18,14,81.0426,1140.2984911033502,1140.2984911033502,1056.490218094043,0.0,1246.647746065106,0.0,0.0
2023,10,18,15,81.0426,888.5483079677305,888.5483079677305,804.7400349584233,0.0,1999.59591237831,0.0,0.0
2023,10,18,16,81.0426,521.0138271597795,521.0138271597795,437.2055541504723,0.0,2408.6635690117396,0.0,0.0
2023,10,18,17,81.0426,113.81422722694202,113.81422722694202,30.00595421763489,0.0,2436.7383847599253,0.0,0.0
2023,10,18,18,81.0426,0.0,-0.0,0.0,83.80827300930713,2351.643976153454,0.0,0.0
2023,10,18,19,81.0426,0.0,-0.0,0.0,83.80827300930713,2266.5495675469824,0.0,0.0
2023,10,18,20,81.0426,0.0,-0.0,0.0,83.80827300930713,2181.455158940511,0.0,0.0
2023,10,18,21,81.0426,0.0,-0.0,0.0,83.80827300930713,2096.36075033404,0.0,0.0
2023,10,18,22,81.0426,0.0,-0.0,0.0,83.80827300930713,2011.2663417275685,0.0,0.0
2023,10,18,23,81.0426,0.0,-0.0,0.0,83.80827300930713,1926.171933121097,0.0,0.0
2023,10,19,0,81.0426,0.0,-0.0,0.0,83.80827300930713,1841.0775245146258,0.0,0.0
2023,10,19,1,81.0426,0.0,-0.0,0.0,83.80827300930713,1755.9831159081543,0.0,0.0
2023,10,19,2,81.0426,0.0,-0.0,0.0,83.80827300930713,1670.888707301683,0.0,0.0
2023,10,19,3,81.0426,0.0,-0.0,0.0,83.80827300930713,1585.7942986952116,0.0,0.0
2023,10,19,4,81.0426,0.0,-0.0,0.0,83.80827300930713,1500.6998900887402,0.0,0.0
2023,10,19,5,81.0426,0.0,-0.0,0.0,83.80827300930713,1415.6054814822687,0.0,0.0
2023,10,19,6,81.0426,0.0,-0.0,0.0,83.80827300930713,1330.5110728757975,0.0,0.0
2023,10,19,7,81.0426,0.0,-0.0,0.0,83.80827300930713,1245.416664269326,0.0,0.0
2023,10,19,8,81.0426,15.264167860339503,15.2641678603395,0.0,68.54410514896763,1175.820669963806,3.552713678800501e-15,0.0
2023,10,19,9,81.0426,24.959396430168965,24.95939643016897,0.0,58.848876579138164,1116.0686888067564,0.0,0.0
2023,10,19,10,81.0426,47.35925251790296,47.359252517902966,0.0,36.44902049140417,1079.0603156279326,0.0,0.0
2023,10,19,11,81.0426,88.7152195053675,88.7152195053675,4.906946496060374,0.0,1083.651458364601,0.0,0.0
2023,10,19,12,81.0426,130.28835961279623,130.28835961279623,46.4800866034891,0.0,1127.1401559040296,0.0,0.0
2023,10,19,13,81.0426,38.873988473588206,38.87398847358821,0.0,44.93428453571892,1081.5163024176645,0.0,0.0
2023,10,19,14,81.0426,56.66667194493924,56.66667194493924,0.0,27.14160106436789,1053.958181861372,0.0,0.0
2023,10,19,15,81.0426,25.269643744403506,25.26964374440351,0.0,58.53862926490362,994.5212091250734,0.0,0.0
2023,10,19,16,81.0426,10.858655998208997,10.858655998209004,0.0,72.94961701109813,920.4520952448887,0.0,0.0
2023,10,19,17,81.0426,0.0,-0.0,0.0,83.80827300930713,835.3576866384174,0.0,0.0
2023,10,19,18,81.0426,0.0,-0.0,0.0,83.80827300930713,750.263278031946,0.0,0.0
2023,10,19,19,81.0426,0.0,-0.0,0.0,83.80827300930713,665.1688694254747,0.0,0.0
2023,10,19,20,81.0426,0.0,-0.0,0.0,83.80827300930713,580.0744608190032,0.0,0.0
2023,10,19,21,81.0426,0.0,-0.0,0.0,83.80827300930713,494.98005221253186,0.0,0.0
2023,10,19,22,81.0426,0.0,-0.0,0.0,83.80827300930713,409.88564360606046,0.0,0.0
2023,10,19,23,81.0426,0.0,-0.0,0.0,83.80827300930713,324.79123499958905,0.0,0.0
2023,10,20,0,81.0426,0.0,-0.0,0.0,83.80827300930713,239.69682639311768,0.0,0.0
2023,10,20,1,81.0426,0.0,-0.0,0.0,83.80827300930713,154.6024177866463,0.0,0.0
2023,10,20,2,81.0426,0.0,-0.0,0.0,0.0,154.6024177866463,0.0,81.0426
2023,10,20,3,81.0426,0.0,-0.0,0.0,83.80827300930713,69.5080091801749,0.0,0.0
2023,10,20,4,81.0426,0.0,-0.0,0.0,68.45744985014808,-0.0,0.0,14.844245994906801
2023,10,20,5,81.0426,0.0,-0.0,0.0,0.0,-0.0,0.0,81.0426
2023,10,20,6,81.0426,0.0,-0.0,0.0,0.0,-0.0,0.0,81.0426
2023,10,20,7,81.0426,0.0,-0.0,0.0,0.0,-0.0,0.0,81.0426
2023,10,20,8,81.0426,3.9246285250668107,3.9246285250668107,0.0,0.0,-0.0,0.0,77.24748421626039
2023,10,20,9,81.0426,10.114062444046095,10.114062444046095,0.0,0.0,-0.0,0.0,71.26230161660742
2023,10,20,10,81.0426,19.56109316248792,19.56109316248792,0.0,0.0,0.0,0.0,62.12702291187417
2023,10,20,11,81.0426,26.727806121305857,26.727806121305857,0.0,-0.0,0.0,0.0,55.19681148069723
2023,10,20,12,81.0426,28.01533247537921,28.01533247537921,0.0,-0.0,0.0,0.0,53.9517734963083
2023,10,20,13,81.0426,21.14335446508409,21.14335446508409,0.0,-0.0,0.0,0.0,60.59697623226368
2023,10,20,14,81.0426,9.431518352730102,9.431518352730102,0.0,-0.0,0.0,0.0,71.92232175290998
2023,10,20,15,81.0426,4.110776913607692,4.110776913607692,0.0,-0.0,0.0,0.0,77.06747872454136
2023,10,20,16,81.0426,0.046537097135181414,0.046537097135181414,0.0,-0.0,0.0,0.0,80.99759862707027
2023,10,20,17,81.0426,0.0,-0.0,0.0,-0.0,0.0,0.0,81.0426
2023,10,20,18,81.0426,0.0,-0.0,0.0,-0.0,0.0,0.0,81.0426
2023,10,20,19,81.0426,0.0,-0.0,0.0,0.0,-0.0,0.0,81.0426
2023,10,20,20,81.0426,0.0,-0.0,0.0,-0.0,0.0,0.0,81.0426
2023,10,20,21,81.0426,0.0,-0.0,0.0,-0.0,0.0,0.0,81.0426
2023,10,20,22,81.0426,0.0,-0.0,0.0,-0.0,0.0,0.0,81.0426
2023,10,20,23,81.0426,0.0,-0.0,0.0,-0.0,0.0,0.0,81.0426
2023,10,21,0,81.0426,0.0,-0.0,0.0,-0.0,0.0,0.0,81.0426
2023,10,21,1,81.0426,0.0,-0.0,0.0,-0.0,0.0,0.0,81.0426
2023,10,21,2,81.0426,0.0,-0.0,0.0,0.0,-0.0,0.0,81.0426
2023,10,21,3,81.0426,0.0,-0.0,0.0,-0.0,0.0,0.0,81.0426
2023,10,21,4,81.0426,0.0,-0.0,0.0,0.0,-0.0,0.0,81.0426
2023,10,21,5,81.0426,0.0,-0.0,0.0,0.0,-0.0,0.0,81.0426
2023,10,21,6,81.0426,0.0,-0.0,0.0,-0.0,0.0,0.0,81.0426
2023,10,21,7,81.0426,0.0,-0.0,0.0,-0.0,0.0,0.0,81.0426
2023,10,21,8,81.0426,10.672507609668271,10.672507609668271,0.0,-0.0,0.0,0.0,70.72228514145077
2023,10,21,9,81.0426,138.06005483437153,83.80827300930713,0.0,0.0,0.0,54.2517818250644,0.0
2023,10,21,10,81.0426,576.6566829677447,83.80827300930713,0.0,0.0,0.0,492.84840995843757,0.0
2023,10,21,11,81.0426,846.1840372090037,83.80827300930713,0.0,0.0,0.0,762.3757641996965,0.0
2023,10,21,12,81.0426,1120.752910306574,83.80827300930713,0.0,0.0,0.0,1036.9446372972668,0.0
2023,10,21,13,81.0426,1120.303051700934,593.5494079405465,509.7411349312394,0.0,476.9349555980741,526.7536437603875,0.0
2023,10,21,14,81.0426,895.0635015666559,895.0635015666559,811.2552285573488,0.0,1235.9790073654422,0.0,0.0
2023,10,21,15,81.0426,652.760349149478,652.760349149478,568.9520761401708,0.0,1768.3141762898574,0.0,0.0
2023,10,21,16,81.0426,401.7392472023094,401.7392472023094,317.93097419300227,0.0,2065.783587073129,0.0,0.0
2023,10,21,17,81.0426,93.7412259959671,93.7412259959671,9.932952986659968,0.0,2075.0772700172956,0.0,0.0
2023,10,21,18,81.0426,0.0,0.0,0.0,83.80827300930713,1989.9828614108242,0.0,0.0
2023,10,21,19,81.0426,0.0,0.0,0.0,83.80827300930713,1904.8884528043527,0.0,0.0
2023,10,21,20,81.0426,0.0,0.0,0.0,83.80827300930713,1819.7940441978812,0.0,0.0
2023,10,21,21,81.0426,0.0,0.0,0.0,83.80827300930713,1734.6996355914098,0.0,0.0
2023,10,21,22,81.0426,0.0,0.0,0.0,83.80827300930713,1649.6052269849383,0.0,0.0
2023,10,21,23,81.0426,0.0,0.0,0.0,83.80827300930713,1564.5108183784669,0.0,0.0
2023,10,22,0,81.0426,0.0,0.0,0.0,83.80827300930713,1479.4164097719954,0.0,0.0
2023,10,22,1,81.0426,0.0,0.0,0.0,83.80827300930713,1394.322001165524,0.0,0.0
2023,10,22,2,81.0426,0.0,0.0,0.0,83.80827300930713,1309.2275925590525,0.0,0.0
2023,10,22,3,81.0426,0.0,0.0,0.0,83.80827300930713,1224.133183952581,0.0,0.0
2023,10,22,4,81.0426,0.0,0.0,0.0,83.80827300930713,1139.0387753461096,0.0,0.0
2023,10,22,5,81.0426,0.0,0.0,0.0,83.80827300930713,1053.944366739638,0.0,0.0
2023,10,22,6,81.0426,0.0,0.0,0.0,83.80827300930713,968.8499581331666,0.0,0.0
2023,10,22,7,81.0426,0.0,0.0,0.0,83.80827300930713,883.7555495266953,0.0,0.0
2023,10,22,8,81.0426,11.370564066695993,11.370564066695993,0.0,72.43770894261114,810.2061995407498,0.0,0.0
2023,10,22,9,81.0426,26.743318487017586,26.743318487017586,0.0,57.06495452228955,752.2655168030187,0.0,0.0
2023,10,22,10,81.0426,62.34419779543136,62.34419779543136,0.0,21.464075213875766,730.4720503464704,0.0,0.0
2023,10,22,11,81.0426,108.21426320500852,108.21426320500852,24.40599019570139,0.0,753.3073074066722,0.0,0.0
2023,10,22,12,81.0426,125.014155270809,125.014155270809,41.20588226150187,0.0,791.8612405308252,0.0,0.0
2023,10,22,13,81.0426,181.1534067815495,181.1534067815495,97.34513377224238,0.0,882.9413866516904,0.0,0.0
2023,10,22,14,81.0426,213.72937477617654,213.72937477617654,129.9211017668694,0.0,1004.5009600433752,0.0,0.0
2023,10,22,15,81.0426,322.40900895253685,322.40900895253685,238.60073594322972,0.0,1227.7457084157084,0.0,0.0
2023,10,22,16,81.0426,101.6370201432362,101.6370201432362,17.82874713392907,0.0,1244.427023969802,0.0,0.0
2023,10,22,17,81.0426,31.505614760517666,31.505614760517666,0.0,52.30265824878947,1191.3217204905993,0.0,0.0
2023,10,22,18,81.0426,0.0,0.0,0.0,83.80827300930713,1106.2273118841279,0.0,0.0
2023,10,22,19,81.0426,0.0,0.0,0.0,83.80827300930713,1021.1329032776565,0.0,0.0
2023,10,22,20,81.0426,0.0,0.0,0.0,83.80827300930713,936.0384946711852,0.0,0.0
2023,10,22,21,81.0426,0.0,0.0,0.0,83.80827300930713,850.9440860647138,0.0,0.0
2023,10,22,22,81.0426,0.0,0.0,0.0,83.80827300930713,765.8496774582425,0.0,0.0
2023,10,22,23,81.0426,0.0,0.0,0.0,83.80827300930713,680.7552688517711,0.0,0.0
2023,10,23,0,81.0426,0.0,0.0,0.0,83.80827300930713,595.6608602452998,0.0,0.0
2023,10,23,1,81.0426,0.0,0.0,0.0,83.80827300930713,510.56645163882837,0.0,0.0
2023,10,23,2,81.0426,0.0,0.0,0.0,83.80827300930713,425.47204303235696,0.0,0.0
2023,10,23,3,81.0426,0.0,0.0,0.0,83.80827300930713,340.37763442588556,0.0,0.0
2023,10,23,4,81.0426,0.0,0.0,0.0,83.80827300930713,255.28322581941416,0.0,0.0
2023,10,23,5,81.0426,0.0,0.0,0.0,83.80827300930713,170.18881721294278,0.0,0.0
2023,10,23,6,81.0426,0.0,0.0,0.0,83.80827300930713,85.09440860647139,0.0,0.0
2023,10,23,7,81.0426,0.0,0.0,0.0,83.80827300930713,0.0,0.0,0.0
2023,10,23,8,81.0426,104.41373360563536,83.80827300930713,0.0,0.0,0.0,20.60546059632823,0.0
2023,10,23,9,81.0426,406.06719723588134,83.80827300930713,0.0,0.0,0.0,322.2589242265742,0.0
2023,10,23,10,81.0426,895.7615580236836,83.80827300930713,0.0,0.0,-0.0,811.9532850143764,0.0
2023,10,23,11,81.0426,952.1490073858116,83.80827300930713,-0.0,0.0,0.0,868.3407343765045,0.0
2023,10,23,12,81.0426,921.3879861794569,635.8836577229057,552.0753847135986,0.0,516.5446361920306,285.5043284565512,0.0
2023,10,23,13,81.0426,985.8884028088182,985.8884028088182,902.080129799511,0.0,1360.5682339930404,0.0,0.0
2023,10,23,14,81.0426,653.0550840980007,653.0550840980007,569.2468110886937,0.0,1893.1791691641918,0.0,0.0
2023,10,23,15,81.0426,452.91454168529725,452.91454168529725,369.1062686759901,0.0,2238.5303087886223,0.0,0.0
2023,10,23,16,81.0426,295.65017809980753,295.65017809980753,211.8419050905004,0.0,2436.7383847599253,0.0,0.0
2023,10,23,17,81.0426,2.885300022381248,2.885300022381246,0.0,80.92297298692588,2354.5735544664385,1.7763568394002505e-15,0.0
2023,10,23,18,81.0426,0.0,-0.0,0.0,83.80827300930713,2269.4791458599675,0.0,0.0
2023,10,23,19,81.0426,0.0,-0.0,0.0,83.80827300930713,2184.384737253496,0.0,0.0
2023,10,23,20,81.0426,0.0,-0.0,0.0,83.80827300930713,2099.2903286470246,0.0,0.0
2023,10,23,21,81.0426,0.0,-0.0,0.0,83.80827300930713,2014.1959200405531,0.0,0.0
2023,10,23,22,81.0426,0.0,-0.0,0.0,83.80827300930713,1929.1015114340819,0.0,0.0
2023,10,23,23,81.0426,0.0,-0.0,0.0,83.80827300930713,1844.0071028276107,0.0,0.0
2023,10,24,0,81.0426,0.0,-0.0,0.0,83.80827300930713,1758.9126942211392,0.0,0.0
2023,10,24,1,81.0426,0.0,-0.0,0.0,83.80827300930713,1673.8182856146677,0.0,0.0
2023,10,24,2,81.0426,0.0,-0.0,0.0,83.80827300930713,1588.7238770081963,0.0,0.0
2023,10,24,3,81.0426,0.0,-0.0,0.0,83.80827300930713,1503.629468401725,0.0,0.0
2023,10,24,4,81.0426,0.0,-0.0,0.0,83.80827300930713,1418.5350597952536,0.0,0.0
2023,10,24,5,81.0426,0.0,-0.0,0.0,83.80827300930713,1333.440651188782,0.0,0.0
2023,10,24,6,81.0426,0.0,-0.0,0.0,83.80827300930713,1248.3462425823109,0.0,0.0
2023,10,24,7,81.0426,0.0,-0.0,0.0,83.80827300930713,1163.2518339758394,0.0,0.0
2023,10,24,8,81.0426,3.3041338965978806,3.304133896597877,0.0,80.50413911270925,1081.5122650503668,3.552713678800501e-15,0.0
2023,10,24,9,81.0426,65.13642362354226,65.13642362354226,0.0,18.671849385764876,1062.5538743805778,0.0,0.0
2023,10,24,10,81.0426,102.5987868173633,102.5987868173633,18.790513808056172,0.0,1080.1350587398097,0.0,0.0
2023,10,24,11,81.0426,95.95949429274408,95.95949429274408,12.151221283436948,0.0,1091.504245540989,0.0,0.0
2023,10,24,12,81.0426,127.46510905326191,127.46510905326191,43.65683604395478,0.0,1132.3513927169465,0.0,0.0
2023,10,24,13,81.0426,154.1463780774326,154.1463780774326,70.33810506812544,0.0,1198.162642229004,0.0,0.0
2023,10,24,14,81.0426,259.19611867724876,259.1961186772487,175.3878456679416,0.0,1362.262787682961,5.684341886080802e-14,0.0
2023,10,24,15,81.0426,90.01825822515258,90.01825822515258,6.209985215845454,0.0,1368.0731075104623,0.0,0.0
2023,10,24,16,81.0426,22.648053939121624,22.648053939121624,0.0,61.160219070185505,1305.9743136188172,0.0,0.0
2023,10,24,17,81.0426,0.0,-0.0,0.0,83.80827300930713,1220.8799050123457,0.0,0.0
2023,10,24,18,81.0426,0.0,-0.0,0.0,83.80827300930713,1135.7854964058743,0.0,0.0
2023,10,24,19,81.0426,0.0,-0.0,0.0,83.80827300930713,1050.6910877994028,0.0,0.0
2023,10,24,20,81.0426,0.0,-0.0,0.0,83.80827300930713,965.5966791929316,0.0,0.0
2023,10,24,21,81.0426,0.0,-0.0,0.0,83.80827300930713,880.5022705864602,0.0,0.0
2023,10,24,22,81.0426,0.0,-0.0,0.0,83.80827300930713,795.4078619799889,0.0,0.0
2023,10,24,23,81.0426,0.0,-0.0,0.0,83.80827300930713,710.3134533735175,0.0,0.0
2023,10,25,0,81.0426,0.0,-0.0,0.0,83.80827300930713,625.2190447670462,0.0,0.0
2023,10,25,1,81.0426,0.0,-0.0,0.0,83.80827300930713,540.1246361605747,0.0,0.0
2023,10,25,2,81.0426,0.0,-0.0,0.0,83.80827300930713,455.03022755410336,0.0,0.0
2023,10,25,3,81.0426,0.0,-0.0,0.0,83.80827300930713,369.93581894763196,0.0,0.0
2023,10,25,4,81.0426,0.0,-0.0,0.0,83.80827300930713,284.84141034116055,0.0,0.0
2023,10,25,5,81.0426,0.0,-0.0,0.0,83.80827300930713,199.74700173468918,0.0,0.0
2023,10,25,6,81.0426,0.0,-0.0,0.0,83.80827300930713,114.65259312821779,0.0,0.0
2023,10,25,7,81.0426,0.0,-0.0,0.0,83.80827300930713,29.558184521746398,0.0,0.0
2023,10,25,8,81.0426,63.972996195162715,63.972996195162715,0.0,0.0,29.558184521746398,0.0,19.18071267927765
2023,10,25,9,81.0426,78.07373662712268,78.07373662712268,0.0,0.0,29.558184521746398,0.0,5.545296681572359
2023,10,25,10,81.0426,81.57953127797302,81.57953127797302,0.0,0.0,29.558184521746398,0.0,2.155193254200087
2023,10,25,11,81.0426,123.36984450536593,123.36984450536595,39.56157149605881,0.0,66.57363226937235,0.0,0.0
2023,10,25,12,81.0426,143.42733337062913,143.42733337062913,59.619060361322,0.0,122.35569880803146,0.0,0.0
2023,10,25,13,81.0426,205.98870428602467,205.98870428602464,122.18043127671753,0.0,236.67277971965012,2.842170943040401e-14,0.0
2023,10,25,14,81.0426,393.9830643464458,393.9830643464458,310.1747913371387,0.0,526.8851840098696,0.0,0.0
2023,10,25,15,81.0426,363.00487002012676,363.00487002012676,279.19659701081963,0.0,788.1131043668383,0.0,0.0
2023,10,25,16,81.0426,262.252054722459,262.252054722459,178.44378171315185,0.0,955.0725103790581,0.0,0.0
2023,10,25,17,81.0426,3.1800349709039084,3.1800349709039057,0.0,80.62823803840323,873.2069380852848,2.6645352591003757e-15,0.0
2023,10,25,18,81.0426,0.0,-0.0,0.0,83.80827300930713,788.1125294788135,0.0,0.0
2023,10,25,19,81.0426,0.0,-0.0,0.0,83.80827300930713,703.0181208723421,0.0,0.0
2023,10,25,20,81.0426,0.0,-0.0,0.0,83.80827300930713,617.9237122658708,0.0,0.0
2023,10,25,21,81.0426,0.0,-0.0,0.0,83.80827300930713,532.8293036593993,0.0,0.0
2023,10,25,22,81.0426,0.0,-0.0,0.0,83.80827300930713,447.7348950529279,0.0,0.0
2023,10,25,23,81.0426,0.0,-0.0,0.0,83.80827300930713,362.6404864464565,0.0,0.0
2023,10,26,0,81.0426,0.0,-0.0,0.0,83.80827300930713,277.5460778399852,0.0,0.0
2023,10,26,1,81.0426,0.0,-0.0,0.0,83.80827300930713,192.45166923351377,0.0,0.0
2023,10,26,2,81.0426,0.0,-0.0,0.0,83.80827300930713,107.35726062704236,0.0,0.0
2023,10,26,3,81.0426,0.0,-0.0,0.0,21.92636638130326,85.09440860647139,0.0,59.83980370927974
2023,10,26,4,81.0426,0.0,-0.0,0.0,83.80827300930713,0.0,0.0,0.0
2023,10,26,5,81.0426,0.0,-0.0,0.0,-0.0,0.0,0.0,81.0426
2023,10,26,6,81.0426,0.0,-0.0,0.0,-0.0,0.0,0.0,81.0426
2023,10,26,7,81.0426,0.0,-0.0,0.0,-0.0,-0.0,0.0,81.0426
2023,10,26,8,81.0426,2.6371021709936135,2.6371021709936135,0.0,0.0,-0.0,0.0,78.49252220064916
2023,10,26,9,81.0426,8.112967267233294,8.112967267233294,0.0,0.0,-0.0,0.0,73.1973606525854
2023,10,26,10,81.0426,16.877453894359128,16.877453894359128,0.0,0.0,-0.0,0.0,64.72210208415471
2023,10,26,11,81.0426,39.3238470792283,39.3238470792283,0.0,0.0,-0.0,0.0,43.01643987438623
2023,10,26,12,81.0426,36.71776963965814,36.71776963965814,0.0,0.0,-0.0,0.0,45.536516758450574
2023,10,26,13,81.0426,40.146002461949834,40.146002461949834,0.0,0.0,-0.0,0.0,42.221415619294504
2023,10,26,14,81.0426,18.723425414054656,18.723425414054656,0.0,0.0,0.0,0.0,62.93704762460914
2023,10,26,15,81.0426,13.542295266337792,13.542295266337792,0.0,-0.0,0.0,0.0,67.94720047745135
2023,10,26,16,81.0426,1.4271376454788969,1.4271376454788969,0.0,0.0,-0.0,0.0,79.6625578968219
2023,10,26,17,81.0426,0.0,-0.0,0.0,-0.0,0.0,0.0,81.0426
2023,10,26,18,81.0426,0.0,-0.0,0.0,-0.0,0.0,0.0,81.0426
2023,10,26,19,81.0426,0.0,-0.0,0.0,0.0,-0.0,0.0,81.0426
2023,10,26,20,81.0426,0.0,-0.0,0.0,-0.0,0.0,0.0,81.0426
2023,10,26,21,81.0426,0.0,-0.0,0.0,-0.0,0.0,0.0,81.0426
2023,10,26,22,81.0426,0.0,-0.0,0.0,-0.0,0.0,0.0,81.0426
2023,10,26,23,81.0426,0.0,-0.0,0.0,0.0,-0.0,0.0,81.0426
2023,10,27,0,81.0426,0.0,-0.0,0.0,-0.0,0.0,0.0,81.0426
2023,10,27,1,81.0426,0.0,-0.0,0.0,-0.0,0.0,0.0,81.0426
2023,10,27,2,81.0426,0.0,-0.0,0.0,-0.0,0.0,0.0,81.0426
2023,10,27,3,81.0426,0.0,-0.0,0.0,0.0,-0.0,0.0,81.0426
2023,10,27,4,81.0426,0.0,-0.0,0.0,-0.0,0.0,0.0,81.0426
2023,10,27,5,81.0426,0.0,-0.0,0.0,0.0,-0.0,0.0,81.0426
2023,10,27,6,81.0426,0.0,-0.0,0.0,-0.0,0.0,0.0,81.0426
2023,10,27,7,81.0426,0.0,-0.0,0.0,-0.0,0.0,0.0,81.0426
2023,10,27,8,81.0426,5.351766170545862,5.351766170545862,0.0,-0.0,0.0,0.0,75.86744211308215
2023,10,27,9,81.0426,42.17812237018609,42.17812237018609,0.0,0.0,-0.0,0.0,40.25635566803005
2023,10,27,10,81.0426,60.358614984330146,60.358614984330146,0.0,-0.0,0.0,0.0,22.675819310152743
2023,10,27,11,81.0426,123.55599289390666,123.55599289390666,39.747719884599526,0.0,37.1896159034592,0.0,0.0
2023,10,27,12,81.0426,88.99444208817859,88.99444208817859,5.186169078871461,0.0,42.04201087387752,0.0,0.0
2023,10,27,13,81.0426,89.66147381378286,89.66147381378286,5.853200804475728,0.0,47.51850840269832,0.0,0.0
2023,10,27,14,81.0426,38.191444382272216,38.19144438227222,0.0,45.61682862703491,1.2016363906809235,0.0,0.0
2023,10,27,15,81.0426,23.454696956131432,23.454696956131432,0.0,1.1834745941279925,0.0,0.0,57.217488110899104
2023,10,27,16,81.0426,6.065334993285312,6.065334993285312,0.0,-0.0,0.0,0.0,75.17742106149309
2023,10,27,17,81.0426,0.0,-0.0,0.0,-0.0,0.0,0.0,81.0426
2023,10,27,18,81.0426,0.0,-0.0,0.0,-0.0,0.0,0.0,81.0426
2023,10,27,19,81.0426,0.0,-0.0,0.0,-0.0,0.0,0.0,81.0426
2023,10,27,20,81.0426,0.0,-0.0,0.0,-0.0,0.0,0.0,81.0426
2023,10,27,21,81.0426,0.0,-0.0,0.0,-0.0,0.0,0.0,81.0426
2023,10,27,22,81.0426,0.0,-0.0,0.0,-0.0,0.0,0.0,81.0426
2023,10,27,23,81.0426,0.0,-0.0,0.0,-0.0,0.0,0.0,81.0426
2023,10,28,0,81.0426,0.0,-0.0,0.0,-0.0,0.0,0.0,81.0426
2023,10,28,1,81.0426,0.0,-0.0,0.0,0.0,-0.0,0.0,81.0426
2023,10,28,2,81.0426,0.0,-0.0,0.0,-0.0,0.0,0.0,81.0426
2023,10,28,3,81.0426,0.0,-0.0,0.0,-0.0,0.0,0.0,81.0426
2023,10,28,4,81.0426,0.0,-0.0,0.0,-0.0,0.0,0.0,81.0426
2023,10,28,5,81.0426,0.0,-0.0,0.0,-0.0,0.0,0.0,81.0426
2023,10,28,6,81.0426,0.0,-0.0,0.0,-0.0,0.0,0.0,81.0426
2023,10,28,7,81.0426,0.0,-0.0,0.0,0.0,-0.0,0.0,81.0426
2023,10,28,8,81.0426,0.0,-0.0,0.0,-0.0,0.0,0.0,81.0426
2023,10,28,9,81.0426,2.7301763652639766,2.7301763652639766,0.0,-0.0,0.0,0.0,78.40251945478973
2023,10,28,10,81.0426,24.02865448746534,24.02865448746534,0.0,-0.0,0.0,0.0,57.80689111062101
2023,10,28,11,81.0426,92.90355824753384,92.90355824753384,9.095285238226703,0.0,8.50992624291665,0.0,0.0
2023,10,28,12,81.0426,108.50899815353134,108.50899815353132,24.700725144224204,0.0,31.620949549854455,1.4210854715202004e-14,0.0
2023,10,28,13,81.0426,285.0707446844096,285.07074468440965,201.2624716751025,0.0,219.930468664634,0.0,0.0
2023,10,28,14,81.0426,463.6025616606773,463.6025616606773,379.79428865137015,0.0,575.2817632364906,0.0,0.0
2023,10,28,15,81.0426,159.37404532228462,159.37404532228462,75.56577231297749,0.0,645.9842351248651,0.0,0.0
2023,10,28,16,81.0426,46.8163197179925,46.816319717992506,0.0,36.99195329131463,608.4245972097269,0.0,0.0
2023,10,28,17,81.0426,0.0,-0.0,0.0,83.80827300930713,523.3301886032555,0.0,0.0
2023,10,28,18,81.0426,0.0,-0.0,0.0,83.80827300930713,438.23577999678406,0.0,0.0
2023,10,28,19,81.0426,0.0,-0.0,0.0,83.80827300930713,353.14137139031266,0.0,0.0
2023,10,28,20,81.0426,0.0,-0.0,0.0,83.80827300930713,268.04696278384125,0.0,0.0
2023,10,28,21,81.0426,0.0,-0.0,0.0,83.80827300930713,182.95255417736988,0.0,0.0
2023,10,28,22,81.0426,0.0,-0.0,0.0,83.80827300930713,97.85814557089849,0.0,0.0
2023,10,28,23,81.0426,0.0,-0.0,0.0,83.80827300930713,12.763736964427098,0.0,0.0
2023,10,29,0,81.0426,0.0,-0.0,0.0,12.570823038217116,0.0,0.0,68.88661412204404
2023,10,29,1,81.0426,0.0,-0.0,0.0,-0.0,-0.0,0.0,81.0426
2023,10,29,2,81.0426,0.0,-0.0,0.0,0.0,-0.0,0.0,81.0426
2023,10,29,3,81.0426,0.0,-0.0,0.0,0.0,-0.0,0.0,81.0426
2023,10,29,4,81.0426,0.0,-0.0,0.0,0.0,-0.0,0.0,81.0426
2023,10,29,5,81.0426,0.0,-0.0,0.0,0.0,-0.0,0.0,81.0426
2023,10,29,6,81.0426,0.0,-0.0,0.0,0.0,-0.0,0.0,81.0426
2023,10,29,7,81.0426,8.330140387197472,8.330140387197472,0.0,0.0,-0.0,0.0,72.98735424558004
2023,10,29,8,81.0426,16.629256042971495,16.629256042971495,0.0,0.0,-0.0,0.0,64.96210940644656
2023,10,29,9,81.0426,58.46610636749943,58.46610636749943,0.0,0.0,0.0,0.0,24.50587514262805
2023,10,29,10,81.0426,180.09856591315207,180.09856591315207,96.29029290384494,0.0,90.0931932378102,0.0,0.0
2023,10,29,11,81.0426,193.56329935093123,193.56329935093126,109.75502634162412,0.0,192.78454974755917,0.0,0.0
2023,10,29,12,81.0426,144.46666187331468,144.46666187331468,60.65838886400755,0.0,249.5390551562871,0.0,0.0
2023,10,29,13,81.0426,147.39849899283126,147.39849899283126,63.590225983524135,0.0,309.036709019389,0.0,0.0
2023,10,29,14,81.0426,54.7586509623968,54.75865096239679,0.0,29.049622046910333,279.54128667547747,7.105427357601002e-15,0.0
2023,10,29,15,81.0426,38.9825750335703,38.982575033570306,0.0,44.82569797573683,234.02768613637528,0.0,0.0
2023,10,29,16,81.0426,0.0,-0.0,0.0,83.80827300930713,148.9332775299039,0.0,0.0
2023,10,29,17,81.0426,0.0,-0.0,0.0,62.87399422543872,85.09440860647139,0.0,20.24344758400075
2023,10,29,18,81.0426,0.0,-0.0,0.0,83.80827300930713,0.0,0.0,0.0
2023,10,29,19,81.0426,0.0,-0.0,0.0,-0.0,0.0,0.0,81.0426
2023,10,29,20,81.0426,0.0,-0.0,0.0,-0.0,0.0,0.0,81.0426
2023,10,29,21,81.0426,0.0,-0.0,0.0,-0.0,0.0,0.0,81.0426
2023,10,29,22,81.0426,0.0,-0.0,0.0,-0.0,0.0,0.0,81.0426
2023,10,29,23,81.0426,0.0,-0.0,0.0,-0.0,0.0,0.0,81.0426
2023,10,30,0,81.0426,0.0,-0.0,0.0,-0.0,0.0,0.0,81.0426
2023,10,30,1,81.0426,0.0,-0.0,0.0,-0.0,0.0,0.0,81.0426
2023,10,30,2,81.0426,0.0,-0.0,0.0,-0.0,0.0,0.0,81.0426
2023,10,30,3,81.0426,0.0,-0.0,0.0,-0.0,0.0,0.0,81.0426
2023,10,30,4,81.0426,0.0,-0.0,0.0,-0.0,0.0,0.0,81.0426
2023,10,30,5,81.0426,0.0,-0.0,0.0,0.0,-0.0,0.0,81.0426
2023,10,30,6,81.0426,0.0,-0.0,0.0,-0.0,0.0,0.0,81.0426
2023,10,30,7,81.0426,139.09938333705725,83.80827300930713,0.0,0.0,0.0,55.29111032775012,0.0
2023,10,30,8,81.0426,300.6451598589837,83.80827300930713,0.0,0.0,0.0,216.83688684967655,0.0
2023,10,30,9,81.0426,454.96217395924526,83.80827300930713,0.0,0.0,0.0,371.15390094993813,0.0
2023,10,30,10,81.0426,799.1660567367587,83.80827300930713,0.0,0.0,-0.0,715.3577837274515,0.0
2023,10,30,11,81.0426,554.1017032228932,397.6468668565261,313.838593847219,0.0,293.64040993410566,156.4548363663671,0.0
2023,10,30,12,81.0426,314.7148755595202,314.7148755595202,230.90660255021305,0.0,509.68620786533097,0.0,0.0
2023,10,30,13,81.0426,273.7001806177135,273.7001806177135,189.89190760840637,0.0,687.3569554612958,0.0,0.0
2023,10,30,14,81.0426,696.7068812108009,696.7068812108009,612.8986082014937,0.0,1260.810323175345,0.0,0.0
2023,10,30,15,81.0426,315.30434545656584,315.30434545656584,231.4960724472587,0.0,1477.4076536000423,0.0,0.0
2023,10,30,16,81.0426,0.06204946284690856,0.0,0.0,83.80827300930713,1392.3132449935708,0.06204946284690856,0.0
2023,10,30,17,81.0426,0.0,0.0,0.0,83.80827300930713,1307.2188363870994,0.0,0.0
2023,10,30,18,81.0426,0.0,0.0,0.0,83.80827300930713,1222.124427780628,0.0,0.0
2023,10,30,19,81.0426,0.0,0.0,0.0,83.80827300930713,1137.0300191741565,0.0,0.0
2023,10,30,20,81.0426,0.0,0.0,0.0,83.80827300930713,1051.935610567685,0.0,0.0
2023,10,30,21,81.0426,0.0,0.0,0.0,83.80827300930713,966.8412019612135,0.0,0.0
2023,10,30,22,81.0426,0.0,0.0,0.0,83.80827300930713,881.7467933547422,0.0,0.0
2023,10,30,23,81.0426,0.0,0.0,0.0,83.80827300930713,796.6523847482708,0.0,0.0
2023,10,31,0,81.0426,0.0,0.0,0.0,83.80827300930713,711.5579761417995,0.0,0.0
2023,10,31,1,81.0426,0.0,0.0,0.0,83.80827300930713,626.4635675353281,0.0,0.0
2023,10,31,2,81.0426,0.0,0.0,0.0,83.80827300930713,541.3691589288568,0.0,0.0
2023,10,31,3,81.0426,0.0,0.0,0.0,83.80827300930713,456.27475032238544,0.0,0.0
2023,10,31,4,81.0426,0.0,0.0,0.0,83.80827300930713,371.18034171591404,0.0,0.0
2023,10,31,5,81.0426,0.0,0.0,0.0,83.80827300930713,286.08593310944264,0.0,0.0
2023,10,31,6,81.0426,0.0,0.0,0.0,83.80827300930713,200.99152450297123,0.0,0.0
2023,10,31,7,81.0426,0.0,0.0,0.0,83.80827300930713,115.89711589649984,0.0,0.0
2023,10,31,8,81.0426,23.09791254476171,23.09791254476171,0.0,60.710360464545424,54.25508421494396,0.0,0.0
2023,10,31,9,81.0426,30.37321206356158,30.37321206356158,0.0,53.435060945745555,0.0,0.0,0.0
2023,10,31,10,81.0426,88.62214531109714,83.80827300930713,0.0,0.0,-0.0,4.813872301790013,0.0
2023,10,31,11,81.0426,321.4627546441215,173.21432446702988,89.40605145772274,0.0,83.65201130558177,148.24843017709162,0.0
2023,10,31,12,81.0426,607.3401423455409,607.3401423455409,523.5318693362339,0.0,573.490150206683,0.0,0.0
2023,10,31,13,81.0426,569.8777791517199,569.8777791517199,486.06950614241276,0.0,1028.2769477463416,0.0,0.0
2023,10,31,14,81.0426,351.2309844449257,351.2309844449257,267.42271143561857,0.0,1278.488732246857,0.0,0.0
2023,10,31,15,81.0426,141.16252797671694,141.16252797671694,57.354254967409815,0.0,1332.1517528895447,0.0,0.0
2023,10,31,16,81.0426,0.0,0.0,0.0,83.80827300930713,1247.0573442830732,0.0,0.0
2023,10,31,17,81.0426,0.0,0.0,0.0,83.80827300930713,1161.9629356766018,0.0,0.0
2023,10,31,18,81.0426,0.0,0.0,0.0,83.80827300930713,1076.8685270701303,0.0,0.0
2023,10,31,19,81.0426,0.0,0.0,0.0,83.80827300930713,991.7741184636589,0.0,0.0
2023,10,31,20,81.0426,0.0,0.0,0.0,83.80827300930713,906.6797098571875,0.0,0.0
2023,10,31,21,81.0426,0.0,0.0,0.0,83.80827300930713,821.5853012507162,0.0,0.0
2023,10,31,22,81.0426,0.0,0.0,0.0,83.80827300930713,736.4908926442448,0.0,0.0
2023,10,31,23,81.0426,0.0,0.0,0.0,83.80827300930713,651.3964840377735,0.0,0.0
2023,11,1,0,81.0426,0.0,0.0,0.0,83.80827300930713,566.3020754313021,0.0,0.0
2023,11,1,1,81.0426,0.0,0.0,0.0,83.80827300930713,481.2076668248307,0.0,0.0
2023,11,1,2,81.0426,0.0,0.0,0.0,83.80827300930713,396.1132582183593,0.0,0.0
2023,11,1,3,81.0426,0.0,0.0,0.0,83.80827300930713,311.0188496118879,0.0,0.0
2023,11,1,4,81.0426,0.0,0.0,0.0,83.80827300930713,225.9244410054165,0.0,0.0
2023,11,1,5,81.0426,0.0,0.0,0.0,83.80827300930713,140.83003239894512,0.0,0.0
2023,11,1,6,81.0426,0.0,0.0,0.0,83.80827300930713,55.73562379247373,0.0,0.0
2023,11,1,7,81.0426,28.915049686659387,28.915049686659387,0.0,54.89322332264775,0.0,0.0,0.0
2023,11,1,8,81.0426,173.35068682855078,83.80827300930713,0.0,0.0,0.0,89.54241381924365,0.0
2023,11,1,9,81.0426,505.2842883280881,83.80827300930713,0.0,0.0,0.0,421.476015318781,0.0
2023,11,1,10,81.0426,841.3131543755213,83.80827300930713,0.0,0.0,0.0,757.5048813662142,0.0
2023,11,1,11,81.0426,994.6063523388088,465.71387348245133,381.9056004731442,0.0,357.3267255131075,528.8924788563575,0.0
2023,11,1,12,81.0426,572.0339979856499,572.0339979856499,488.22572497634275,0.0,814.1309708578347,0.0,0.0
2023,11,1,13,81.0426,351.83596670768327,351.83596670768327,268.02769369837614,0.0,1064.908801864808,0.0,0.0
2023,11,1,14,81.0426,311.0539572515526,311.0539572515526,227.2456842422455,0.0,1277.5292927313128,0.0,0.0
2023,11,1,15,81.0426,82.7119339749291,82.7119339749291,0.0,1.096339034378035,1276.4161290970708,0.0,0.0
2023,11,1,16,81.0426,0.0,0.0,0.0,83.80827300930713,1191.3217204905993,0.0,0.0
2023,11,1,17,81.0426,0.0,0.0,0.0,83.80827300930713,1106.2273118841279,0.0,0.0
2023,11,1,18,81.0426,0.0,0.0,0.0,83.80827300930713,1021.1329032776565,0.0,0.0
2023,11,1,19,81.0426,0.0,0.0,0.0,83.80827300930713,936.0384946711852,0.0,0.0
2023,11,1,20,81.0426,0.0,0.0,0.0,83.80827300930713,850.9440860647138,0.0,0.0
2023,11,1,21,81.0426,0.0,0.0,0.0,83.80827300930713,765.8496774582425,0.0,0.0
2023,11,1,22,81.0426,0.0,0.0,0.0,83.80827300930713,680.7552688517711,0.0,0.0
2023,11,1,23,81.0426,0.0,0.0,0.0,83.80827300930713,595.6608602452998,0.0,0.0
2023,11,2,0,81.0426,0.0,0.0,0.0,83.80827300930713,510.56645163882837,0.0,0.0
2023,11,2,1,81.0426,0.0,0.0,0.0,83.80827300930713,425.47204303235696,0.0,0.0
2023,11,2,2,81.0426,0.0,0.0,0.0,83.80827300930713,340.37763442588556,0.0,0.0
2023,11,2,3,81.0426,0.0,0.0,0.0,83.80827300930713,255.28322581941416,0.0,0.0
2023,11,2,4,81.0426,0.0,0.0,0.0,83.80827300930713,170.18881721294278,0.0,0.0
2023,11,2,5,81.0426,0.0,0.0,0.0,83.80827300930713,85.09440860647139,0.0,0.0
2023,11,2,6,81.0426,0.0,0.0,0.0,83.80827300930713,0.0,0.0,0.0
2023,11,2,7,81.0426,167.14574054385992,83.80827300930713,0.0,0.0,0.0,83.33746753455279,0.0
2023,11,2,8,81.0426,408.1148295098293,83.80827300930713,0.0,0.0,-0.0,324.30655650052216,0.0
2023,11,2,9,81.0426,852.6682060765056,819.3752800348923,735.5670070255852,0.0,688.2270113093357,33.29292604161333,0.0
2023,11,2,10,81.0426,603.9894713518079,603.9894713518079,520.1811983425007,0.0,1174.9301234054383,0.0,0.0
2023,11,2,11,81.0426,490.2217812220009,490.2217812220009,406.4135082126938,0.0,1555.1874642614503,0.0,0.0
2023,11,2,12,81.0426,631.1361113473304,631.1361113473304,547.3278383380232,0.0,2067.290099083236,0.0,0.0
2023,11,2,13,81.0426,248.95795730750885,248.95795730750885,165.14968429820172,0.0,2221.8109959663643,0.0,0.0
2023,11,2,14,81.0426,174.31245350267784,174.31245350267784,90.50418049337071,0.0,2306.4904623603575,0.0,0.0
2023,11,2,15,81.0426,120.37595792300245,120.37595792300245,36.56768491369532,0.0,2340.704705601665,0.0,0.0
2023,11,2,16,81.0426,0.0,0.0,0.0,83.80827300930713,2255.6102969951935,0.0,0.0
2023,11,2,17,81.0426,0.0,0.0,0.0,83.80827300930713,2170.515888388722,0.0,0.0
2023,11,2,18,81.0426,0.0,0.0,0.0,83.80827300930713,2085.4214797822506,0.0,0.0
2023,11,2,19,81.0426,0.0,0.0,0.0,83.80827300930713,2000.327071175779,0.0,0.0
2023,11,2,20,81.0426,0.0,0.0,0.0,83.80827300930713,1915.2326625693076,0.0,0.0
2023,11,2,21,81.0426,0.0,0.0,0.0,83.80827300930713,1830.1382539628362,0.0,0.0
2023,11,2,22,81.0426,0.0,0.0,0.0,83.80827300930713,1745.0438453563647,0.0,0.0
2023,11,2,23,81.0426,0.0,0.0,0.0,83.80827300930713,1659.9494367498933,0.0,0.0
2023,11,3,0,81.0426,0.0,0.0,0.0,83.80827300930713,1574.8550281434218,0.0,0.0
2023,11,3,1,81.0426,0.0,0.0,0.0,83.80827300930713,1489.7606195369503,0.0,0.0
2023,11,3,2,81.0426,0.0,0.0,0.0,83.80827300930713,1404.6662109304789,0.0,0.0
2023,11,3,3,81.0426,0.0,0.0,0.0,83.80827300930713,1319.5718023240074,0.0,0.0
2023,11,3,4,81.0426,0.0,0.0,0.0,83.80827300930713,1234.477393717536,0.0,0.0
2023,11,3,5,81.0426,0.0,0.0,0.0,83.80827300930713,1149.3829851110645,0.0,0.0
2023,11,3,6,81.0426,0.0,0.0,0.0,83.80827300930713,1064.288576504593,0.0,0.0
2023,11,3,7,81.0426,64.32978060653244,64.32978060653244,0.0,19.47849240277469,1044.5111639408515,0.0,0.0
2023,11,3,8,81.0426,193.67188591091318,193.67188591091318,109.86361290160605,0.0,1147.304118541503,0.0,0.0
2023,11,3,9,81.0426,118.68511006042434,118.68511006042434,34.8768370511172,0.0,1179.9363343673253,0.0,0.0
2023,11,3,10,81.0426,141.78302260518603,141.78302260518603,57.9747495958789,0.0,1234.1799155294573,0.0,0.0
2023,11,3,11,81.0426,170.17065185764673,170.17065185764673,86.36237884833959,0.0,1314.9841404561605,0.0,0.0
2023,11,3,12,81.0426,135.20577954341374,135.20577954341374,51.39750653410661,0.0,1363.0737801121843,0.0,0.0
2023,11,3,13,81.0426,95.44758622425708,95.44758622425708,11.639313214949949,0.0,1373.964004484822,0.0,0.0
2023,11,3,14,81.0426,53.548686436882086,53.548686436882086,0.0,30.259586572425043,1343.2400492999814,0.0,0.0
2023,11,3,15,81.0426,17.99434422560348,17.99434422560348,0.0,65.81392878370364,1276.4161290970708,0.0,0.0
2023,11,3,16,81.0426,0.0,0.0,0.0,83.80827300930713,1191.3217204905993,0.0,0.0
2023,11,3,17,81.0426,0.0,0.0,0.0,83.80827300930713,1106.2273118841279,0.0,0.0
2023,11,3,18,81.0426,0.0,0.0,0.0,83.80827300930713,1021.1329032776565,0.0,0.0
2023,11,3,19,81.0426,0.0,0.0,0.0,83.80827300930713,936.0384946711852,0.0,0.0
2023,11,3,20,81.0426,0.0,0.0,0.0,83.80827300930713,850.9440860647138,0.0,0.0
2023,11,3,21,81.0426,0.0,0.0,0.0,83.80827300930713,765.8496774582425,0.0,0.0
2023,11,3,22,81.0426,0.0,0.0,0.0,83.80827300930713,680.7552688517711,0.0,0.0
2023,11,3,23,81.0426,0.0,0.0,0.0,83.80827300930713,595.6608602452998,0.0,0.0
2023,11,4,0,81.0426,0.0,0.0,0.0,83.80827300930713,510.56645163882837,0.0,0.0
2023,11,4,1,81.0426,0.0,0.0,0.0,83.80827300930713,425.47204303235696,0.0,0.0
2023,11,4,2,81.0426,0.0,0.0,0.0,83.80827300930713,340.37763442588556,0.0,0.0
2023,11,4,3,81.0426,0.0,0.0,0.0,83.80827300930713,255.28322581941416,0.0,0.0
2023,11,4,4,81.0426,0.0,0.0,0.0,83.80827300930713,170.18881721294278,0.0,0.0
2023,11,4,5,81.0426,0.0,0.0,0.0,83.80827300930713,85.09440860647139,0.0,0.0
2023,11,4,6,81.0426,0.0,0.0,0.0,83.80827300930713,0.0,0.0,0.0
2023,11,4,7,81.0426,180.843159467315,83.80827300930713,0.0,-0.0,0.0,97.03488645800786,0.0
2023,11,4,8,81.0426,586.2743497090155,83.80827300930713,0.0,0.0,0.0,502.46607669970837,0.0
2023,11,4,9,81.0426,868.8941406109723,83.80827300930713,0.0,0.0,0.0,785.0858676016651,0.0
2023,11,4,10,81.0426,1105.8920639547393,83.80827300930713,0.0,0.0,-0.0,1022.0837909454322,0.0
2023,11,4,11,81.0426,830.5630849372944,728.8498131978706,645.0415401885635,0.0,603.5276285290274,101.71327173942382,0.0
2023,11,4,12,81.0426,405.46221497312393,405.46221497312393,321.65394196381675,0.0,904.4804024289642,0.0,0.0
2023,11,4,13,81.0426,285.34996726722073,285.34996726722073,201.5416942579136,0.0,1093.0511737774937,0.0,0.0
2023,11,4,14,81.0426,224.06061034018663,224.06061034018663,140.2523373308795,0.0,1224.277079817924,0.0,0.0
2023,11,4,15,81.0426,139.53372957698562,139.53372957698562,55.72545656767849,0.0,1276.4161290970708,0.0,0.0
2023,11,4,16,81.0426,0.0,0.0,0.0,83.80827300930713,1191.3217204905993,0.0,0.0
2023,11,4,17,81.0426,0.0,0.0,0.0,83.80827300930713,1106.2273118841279,0.0,0.0
2023,11,4,18,81.0426,0.0,0.0,0.0,83.80827300930713,1021.1329032776565,0.0,0.0
2023,11,4,19,81.0426,0.0,0.0,0.0,83.80827300930713,936.0384946711852,0.0,0.0
2023,11,4,20,81.0426,0.0,0.0,0.0,83.80827300930713,850.9440860647138,0.0,0.0
2023,11,4,21,81.0426,0.0,0.0,0.0,83.80827300930713,765.8496774582425,0.0,0.0
2023,11,4,22,81.0426,0.0,0.0,0.0,83.80827300930713,680.7552688517711,0.0,0.0
2023,11,4,23,81.0426,0.0,0.0,0.0,83.80827300930713,595.6608602452998,0.0,0.0
2023,11,5,0,81.0426,0.0,0.0,0.0,83.80827300930713,510.56645163882837,0.0,0.0
2023,11,5,1,81.0426,0.0,0.0,0.0,83.80827300930713,425.47204303235696,0.0,0.0
2023,11,5,2,81.0426,0.0,0.0,0.0,83.80827300930713,340.37763442588556,0.0,0.0
2023,11,5,3,81.0426,0.0,0.0,0.0,83.80827300930713,255.28322581941416,0.0,0.0
2023,11,5,4,81.0426,0.0,0.0,0.0,83.80827300930713,170.18881721294278,0.0,0.0
2023,11,5,5,81.0426,0.0,0.0,0.0,83.80827300930713,85.09440860647139,0.0,0.0
2023,11,5,6,81.0426,0.0,0.0,0.0,83.80827300930713,0.0,0.0,0.0
2023,11,5,7,81.0426,135.68666288047712,83.80827300930713,0.0,0.0,0.0,51.878389871169986,0.0
2023,11,5,8,81.0426,561.0512430617472,83.80827300930713,0.0,0.0,0.0,477.24297005244006,0.0
2023,11,5,9,81.0426,846.1995495747154,83.80827300930713,0.0,0.0,0.0,762.3912765654084,0.0
2023,11,5,10,81.0426,861.9135760406949,83.80827300930713,0.0,0.0,0.0,778.1053030313878,0.0
2023,11,5,11,81.0426,621.6270311660415,615.531257829433,531.7229848201258,0.0,497.50208640680074,6.095773336608545,0.0
2023,11,5,12,81.0426,541.3505386078537,541.3505386078537,457.5422655985465,0.0,925.5976140650132,0.0,0.0
2023,11,5,13,81.0426,444.289666349577,444.289666349577,360.48139334026985,0.0,1262.8789624691697,0.0,0.0
2023,11,5,14,81.0426,156.36464637420957,156.36464637420957,72.55637336490244,0.0,1330.7657158382399,0.0,0.0
2023,11,5,15,81.0426,30.280137869291373,30.280137869291373,0.0,53.528135140015756,1276.4161290970708,0.0,0.0
2023,11,5,16,81.0426,0.0,0.0,0.0,83.80827300930713,1191.3217204905993,0.0,0.0
2023,11,5,17,81.0426,0.0,0.0,0.0,83.80827300930713,1106.2273118841279,0.0,0.0
2023,11,5,18,81.0426,0.0,0.0,0.0,83.80827300930713,1021.1329032776565,0.0,0.0
2023,11,5,19,81.0426,0.0,0.0,0.0,83.80827300930713,936.0384946711852,0.0,0.0
2023,11,5,20,81.0426,0.0,0.0,0.0,83.80827300930713,850.9440860647138,0.0,0.0
2023,11,5,21,81.0426,0.0,0.0,0.0,83.80827300930713,765.8496774582425,0.0,0.0
2023,11,5,22,81.0426,0.0,0.0,0.0,83.80827300930713,680.7552688517711,0.0,0.0
2023,11,5,23,81.0426,0.0,0.0,0.0,83.80827300930713,595.6608602452998,0.0,0.0
2023,11,6,0,81.0426,0.0,0.0,0.0,83.80827300930713,510.56645163882837,0.0,0.0
2023,11,6,1,81.0426,0.0,0.0,0.0,83.80827300930713,425.47204303235696,0.0,0.0
2023,11,6,2,81.0426,0.0,0.0,0.0,83.80827300930713,340.37763442588556,0.0,0.0
2023,11,6,3,81.0426,0.0,0.0,0.0,83.80827300930713,255.28322581941416,0.0,0.0
2023,11,6,4,81.0426,0.0,0.0,0.0,83.80827300930713,170.18881721294278,0.0,0.0
2023,11,6,5,81.0426,0.0,0.0,0.0,83.80827300930713,85.09440860647139,0.0,0.0
2023,11,6,6,81.0426,0.0,0.0,0.0,83.80827300930713,0.0,0.0,0.0
2023,11,6,7,81.0426,100.03924647492815,83.80827300930713,0.0,0.0,0.0,16.23097346562102,0.0
2023,11,6,8,81.0426,243.80785189121528,83.80827300930713,0.0,-0.0,0.0,159.99957888190815,0.0
2023,11,6,9,81.0426,544.8097961615687,83.80827300930713,0.0,0.0,0.0,461.00152315226154,0.0
2023,11,6,10,81.0426,565.6739280438418,83.80827300930713,0.0,0.0,0.0,481.86565503453465,0.0
2023,11,6,11,81.0426,718.362143744372,83.80827300930713,0.0,0.0,-0.0,634.553870735065,0.0
2023,11,6,12,81.0426,775.9440452663031,345.15353472207465,261.3452617127675,0.0,244.5254703793123,430.7905105442284,0.0
2023,11,6,13,81.0426,736.1238024842996,736.1238024842996,652.3155294749926,0.0,854.8589450910533,0.0,0.0
2023,11,6,14,81.0426,472.258461727821,472.258461727821,388.45018871851386,0.0,1218.3090589091562,0.0,0.0
2023,11,6,15,81.0426,232.8871464301594,232.8871464301594,149.07887342085226,0.0,1357.79343833868,0.0,0.0
2023,11,6,16,81.0426,0.0,0.0,0.0,83.80827300930713,1272.6990297322086,0.0,0.0
2023,11,6,17,81.0426,0.0,0.0,0.0,83.80827300930713,1187.6046211257371,0.0,0.0
2023,11,6,18,81.0426,0.0,0.0,0.0,83.80827300930713,1102.5102125192657,0.0,0.0
2023,11,6,19,81.0426,0.0,0.0,0.0,83.80827300930713,1017.4158039127943,0.0,0.0
2023,11,6,20,81.0426,0.0,0.0,0.0,83.80827300930713,932.321395306323,0.0,0.0
2023,11,6,21,81.0426,0.0,0.0,0.0,83.80827300930713,847.2269866998516,0.0,0.0
2023,11,6,22,81.0426,0.0,0.0,0.0,83.80827300930713,762.1325780933803,0.0,0.0
2023,11,6,23,81.0426,0.0,0.0,0.0,83.80827300930713,677.0381694869089,0.0,0.0
2023,11,7,0,81.0426,0.0,0.0,0.0,83.80827300930713,591.9437608804376,0.0,0.0
2023,11,7,1,81.0426,0.0,0.0,0.0,83.80827300930713,506.8493522739662,0.0,0.0
2023,11,7,2,81.0426,0.0,0.0,0.0,83.80827300930713,421.7549436674948,0.0,0.0
2023,11,7,3,81.0426,0.0,0.0,0.0,83.80827300930713,336.6605350610234,0.0,0.0
2023,11,7,4,81.0426,0.0,0.0,0.0,83.80827300930713,251.56612645455198,0.0,0.0
2023,11,7,5,81.0426,0.0,0.0,0.0,83.80827300930713,166.47171784808057,0.0,0.0
2023,11,7,6,81.0426,0.0,0.0,0.0,83.80827300930713,81.37730924160918,0.0,0.0
2023,11,7,7,81.0426,3.6609183079674494,3.6609183079674494,0.0,80.14735470133968,0.0,0.0,0.0
2023,11,7,8,81.0426,546.4075698298767,83.80827300930713,0.0,0.0,0.0,462.5992968205696,0.0
2023,11,7,9,81.0426,815.0196944941438,83.80827300930713,0.0,0.0,0.0,731.2114214848366,0.0
2023,11,7,10,81.0426,1120.2099775066636,183.76877931076814,99.96050630146101,0.0,93.52719717407012,936.4411981958954,0.0
2023,11,7,11,81.0426,983.1116893464191,983.1116893464191,899.303416337112,0.0,934.9527866505674,0.0,0.0
2023,11,7,12,81.0426,505.7961963965751,505.7961963965751,421.9879233872679,0.0,1329.7821965446283,0.0,0.0
2023,11,7,13,81.0426,206.82637203445793,206.82637203445793,123.0180990251508,0.0,1444.8830341574965,0.0,0.0
2023,11,7,14,81.0426,65.13642362354226,65.13642362354226,0.0,18.671849385764876,1425.9246434877075,0.0,0.0
2023,11,7,15,81.0426,17.249750671440577,17.249750671440577,0.0,66.55852233786655,1358.3447030749944,0.0,0.0
2023,11,7,16,81.0426,0.0,0.0,0.0,83.80827300930713,1273.250294468523,0.0,0.0
2023,11,7,17,81.0426,0.0,0.0,0.0,83.80827300930713,1188.1558858620515,0.0,0.0
2023,11,7,18,81.0426,0.0,0.0,0.0,83.80827300930713,1103.06147725558,0.0,0.0
2023,11,7,19,81.0426,0.0,0.0,0.0,83.80827300930713,1017.9670686491086,0.0,0.0
2023,11,7,20,81.0426,0.0,0.0,0.0,83.80827300930713,932.8726600426372,0.0,0.0
2023,11,7,21,81.0426,0.0,0.0,0.0,83.80827300930713,847.7782514361659,0.0,0.0
2023,11,7,22,81.0426,0.0,0.0,0.0,83.80827300930713,762.6838428296945,0.0,0.0
2023,11,7,23,81.0426,0.0,0.0,0.0,83.80827300930713,677.5894342232232,0.0,0.0
2023,11,8,0,81.0426,0.0,0.0,0.0,83.80827300930713,592.4950256167518,0.0,0.0
2023,11,8,1,81.0426,0.0,0.0,0.0,83.80827300930713,507.4006170102805,0.0,0.0
2023,11,8,2,81.0426,0.0,0.0,0.0,83.80827300930713,422.3062084038091,0.0,0.0
2023,11,8,3,81.0426,0.0,0.0,0.0,83.80827300930713,337.2117997973377,0.0,0.0
2023,11,8,4,81.0426,0.0,0.0,0.0,83.80827300930713,252.11739119086627,0.0,0.0
2023,11,8,5,81.0426,0.0,0.0,0.0,83.80827300930713,167.0229825843949,0.0,0.0
2023,11,8,6,81.0426,0.0,0.0,0.0,83.80827300930713,81.9285739779235,0.0,0.0
2023,11,8,7,81.0426,3.1179855080569996,3.1179855080569996,0.0,80.69028750125013,0.0,0.0,0.0
2023,11,8,8,81.0426,279.362194102494,83.80827300930713,0.0,0.0,0.0,195.5539210931869,0.0
2023,11,8,9,81.0426,387.7005562331964,83.80827300930713,0.0,0.0,0.0,303.89228322388925,0.0
2023,11,8,10,81.0426,468.81471653981754,83.80827300930713,0.0,0.0,-0.0,385.0064435305104,0.0
2023,11,8,11,81.0426,776.7196635518895,591.335488385775,507.52721537646784,0.0,474.8635206045158,185.38417516611457,0.0
2023,11,8,12,81.0426,563.7503946955877,563.7503946955877,479.9421216862806,0.0,923.9172830146633,0.0,0.0
2023,11,8,13,81.0426,337.3008800357949,337.3008800357949,253.49260702648775,0.0,1161.0954838536568,0.0,0.0
2023,11,8,14,81.0426,196.49513647044768,196.49513647044768,112.68686346114055,0.0,1266.5299888177794,0.0,0.0
2023,11,8,15,81.0426,183.2010390554975,183.2010390554975,99.39276604619036,0.0,1359.5259846528106,0.0,0.0
2023,11,8,16,81.0426,0.0,0.0,0.0,83.80827300930713,1274.4315760463392,0.0,0.0
2023,11,8,17,81.0426,0.0,0.0,0.0,83.80827300930713,1189.3371674398677,0.0,0.0
2023,11,8,18,81.0426,0.0,0.0,0.0,83.80827300930713,1104.2427588333962,0.0,0.0
2023,11,8,19,81.0426,0.0,0.0,0.0,83.80827300930713,1019.1483502269249,0.0,0.0
2023,11,8,20,81.0426,0.0,0.0,0.0,83.80827300930713,934.0539416204535,0.0,0.0
2023,11,8,21,81.0426,0.0,0.0,0.0,83.80827300930713,848.9595330139822,0.0,0.0
2023,11,8,22,81.0426,0.0,0.0,0.0,83.80827300930713,763.8651244075108,0.0,0.0
2023,11,8,23,81.0426,0.0,0.0,0.0,83.80827300930713,678.7707158010395,0.0,0.0
2023,11,9,0,81.0426,0.0,0.0,0.0,83.80827300930713,593.6763071945682,0.0,0.0
2023,11,9,1,81.0426,0.0,0.0,0.0,83.80827300930713,508.5818985880968,0.0,0.0
2023,11,9,2,81.0426,0.0,0.0,0.0,83.80827300930713,423.4874899816254,0.0,0.0
2023,11,9,3,81.0426,0.0,0.0,0.0,83.80827300930713,338.393081375154,0.0,0.0
2023,11,9,4,81.0426,0.0,0.0,0.0,83.80827300930713,253.2986727686826,0.0,0.0
2023,11,9,5,81.0426,0.0,0.0,0.0,83.80827300930713,168.2042641622112,0.0,0.0
2023,11,9,6,81.0426,0.0,0.0,0.0,83.80827300930713,83.1098555557398,0.0,0.0
2023,11,9,7,81.0426,1.9545580796776196,1.9545580796776196,0.0,81.85371492962952,0.0,0.0,0.0
2023,11,9,8,81.0426,84.46483130035426,83.80827300930713,0.0,0.0,-0.0,0.6565582910471335,0.0
2023,11,9,9,81.0426,558.2124801365011,238.52458816561867,154.71631515631154,0.0,144.75900382127645,319.68789197088245,0.0
2023,11,9,10,81.0426,760.3386053603057,760.3386053603057,676.5303323509986,0.0,777.7488528043266,0.0,0.0
2023,11,9,11,81.0426,499.03280494626205,499.03280494626205,415.2245319369549,0.0,1166.250153036446,0.0,0.0
2023,11,9,12,81.0426,372.5449749328388,372.5449749328388,288.73670192353165,0.0,1436.4041913798687,0.0,0.0
2023,11,9,13,81.0426,65.86550481199343,65.86550481199343,0.0,17.942768197313697,1418.1860704988449,0.0,0.0
2023,11,9,14,81.0426,54.246742893909804,54.246742893909804,0.0,29.561530115397325,1388.1708842606943,0.0,0.0
2023,11,9,15,81.0426,55.3326084937307,55.3326084937307,0.0,28.475664515576426,1359.2582274951724,0.0,0.0
2023,11,9,16,81.0426,0.0,0.0,0.0,83.80827300930713,1274.163818888701,0.0,0.0
2023,11,9,17,81.0426,0.0,0.0,0.0,83.80827300930713,1189.0694102822295,0.0,0.0
2023,11,9,18,81.0426,0.0,0.0,0.0,83.80827300930713,1103.975001675758,0.0,0.0
2023,11,9,19,81.0426,0.0,0.0,0.0,83.80827300930713,1018.8805930692866,0.0,0.0
2023,11,9,20,81.0426,0.0,0.0,0.0,83.80827300930713,933.7861844628153,0.0,0.0
2023,11,9,21,81.0426,0.0,0.0,0.0,83.80827300930713,848.691775856344,0.0,0.0
2023,11,9,22,81.0426,0.0,0.0,0.0,83.80827300930713,763.5973672498726,0.0,0.0
2023,11,9,23,81.0426,0.0,0.0,0.0,83.80827300930713,678.5029586434013,0.0,0.0
2023,11,10,0,81.0426,0.0,0.0,0.0,83.80827300930713,593.4085500369299,0.0,0.0
2023,11,10,1,81.0426,0.0,0.0,0.0,83.80827300930713,508.31414143045856,0.0,0.0
2023,11,10,2,81.0426,0.0,0.0,0.0,83.80827300930713,423.21973282398716,0.0,0.0
2023,11,10,3,81.0426,0.0,0.0,0.0,83.80827300930713,338.12532421751575,0.0,0.0
2023,11,10,4,81.0426,0.0,0.0,0.0,83.80827300930713,253.03091561104435,0.0,0.0
2023,11,10,5,81.0426,0.0,0.0,0.0,83.80827300930713,167.93650700457295,0.0,0.0
2023,11,10,6,81.0426,0.0,0.0,0.0,83.80827300930713,82.84209839810156,0.0,0.0
2023,11,10,7,81.0426,2.218268296776826,2.218268296776826,0.0,81.5900047125303,0.0,0.0,0.0
2023,11,10,8,81.0426,98.13122549238588,83.80827300930713,0.0,0.0,0.0,14.322952483078751,0.0
2023,11,10,9,81.0426,223.3935786145825,83.80827300930713,0.0,0.0,-0.0,139.58530560527538,0.0
2023,11,10,10,81.0426,555.8546005483186,237.20733045613719,153.39905744683006,0.0,143.5265228537212,318.6472700921814,0.0
2023,11,10,11,81.0426,784.2586732877888,784.2586732877888,700.4504002784818,0.0,798.8969798613444,0.0,0.0
2023,11,10,12,81.0426,430.4526361347164,430.4526361347164,346.64436312540926,0.0,1123.2318286818956,0.0,0.0
2023,11,10,13,81.0426,142.80683874216004,142.80683874216004,58.99856573285291,0.0,1178.4333347011107,0.0,0.0
2023,11,10,14,81.0426,154.22393990599122,154.22393990599122,70.41566689668409,0.0,1244.3171542780985,0.0,0.0
2023,11,10,15,81.0426,208.2379973142251,208.2379973142251,124.42972430491798,0.0,1360.7387670727023,0.0,0.0
2023,11,10,16,81.0426,0.0,0.0,0.0,83.80827300930713,1275.6443584662309,0.0,0.0
2023,11,10,17,81.0426,0.0,0.0,0.0,83.80827300930713,1190.5499498597594,0.0,0.0
2023,11,10,18,81.0426,0.0,0.0,0.0,83.80827300930713,1105.455541253288,0.0,0.0
2023,11,10,19,81.0426,0.0,0.0,0.0,83.80827300930713,1020.3611326468165,0.0,0.0
2023,11,10,20,81.0426,0.0,0.0,0.0,83.80827300930713,935.2667240403451,0.0,0.0
2023,11,10,21,81.0426,0.0,0.0,0.0,83.80827300930713,850.1723154338738,0.0,0.0
2023,11,10,22,81.0426,0.0,0.0,0.0,83.80827300930713,765.0779068274024,0.0,0.0
2023,11,10,23,81.0426,0.0,0.0,0.0,83.80827300930713,679.9834982209311,0.0,0.0
2023,11,11,0,81.0426,0.0,0.0,0.0,83.80827300930713,594.8890896144597,0.0,0.0
2023,11,11,1,81.0426,0.0,0.0,0.0,83.80827300930713,509.79468100798834,0.0,0.0
2023,11,11,2,81.0426,0.0,0.0,0.0,83.80827300930713,424.70027240151694,0.0,0.0
2023,11,11,3,81.0426,0.0,0.0,0.0,83.80827300930713,339.60586379504554,0.0,0.0
2023,11,11,4,81.0426,0.0,0.0,0.0,83.80827300930713,254.51145518857413,0.0,0.0
2023,11,11,5,81.0426,0.0,0.0,0.0,83.80827300930713,169.41704658210273,0.0,0.0
2023,11,11,6,81.0426,0.0,0.0,0.0,83.80827300930713,84.32263797563134,0.0,0.0
2023,11,11,7,81.0426,0.7601059198746297,0.7601059198746297,0.0,83.04816708943251,0.0,0.0,0.0
2023,11,11,8,81.0426,392.1526051924621,83.80827300930713,0.0,0.0,0.0,308.34433218315496,0.0
2023,11,11,9,81.0426,635.6657221351546,83.80827300930713,0.0,0.0,0.0,551.8574491258476,0.0
2023,11,11,10,81.0426,807.9305433638846,83.80827300930713,0.0,0.0,0.0,724.1222703545775,0.0
2023,11,11,11,81.0426,893.636363921177,83.80827300930713,0.0,0.0,-0.0,809.8280909118698,0.0
2023,11,11,12,81.0426,943.8188669986141,254.85581823060372,171.0475452212966,0.0,160.0391802719297,688.9630487680104,0.0
2023,11,11,13,81.0426,922.861660922071,922.861660922071,839.0533879127639,0.0,945.0923433103972,0.0,0.0
2023,11,11,14,81.0426,591.2227943710564,591.2227943710564,507.41452136174917,0.0,1419.8504227189355,0.0,0.0
2023,11,11,15,81.0426,188.89407727170124,188.89407727170124,105.0858042623941,0.0,1518.173061319867,0.0,0.0
2023,11,11,16,81.0426,0.0,0.0,0.0,83.80827300930713,1433.0786527133955,0.0,0.0
2023,11,11,17,81.0426,0.0,0.0,0.0,83.80827300930713,1347.984244106924,0.0,0.0
2023,11,11,18,81.0426,0.0,0.0,0.0,83.80827300930713,1262.8898355004526,0.0,0.0
2023,11,11,19,81.0426,0.0,0.0,0.0,83.80827300930713,1177.7954268939811,0.0,0.0
2023,11,11,20,81.0426,0.0,0.0,0.0,83.80827300930713,1092.7010182875097,0.0,0.0
2023,11,11,21,81.0426,0.0,0.0,0.0,83.80827300930713,1007.6066096810383,0.0,0.0
2023,11,11,22,81.0426,0.0,0.0,0.0,83.80827300930713,922.512201074567,0.0,0.0
2023,11,11,23,81.0426,0.0,0.0,0.0,83.80827300930713,837.4177924680956,0.0,0.0
2023,11,12,0,81.0426,0.0,0.0,0.0,83.80827300930713,752.3233838616243,0.0,0.0
2023,11,12,1,81.0426,0.0,0.0,0.0,83.80827300930713,667.2289752551529,0.0,0.0
2023,11,12,2,81.0426,0.0,0.0,0.0,83.80827300930713,582.1345666486816,0.0,0.0
2023,11,12,3,81.0426,0.0,0.0,0.0,83.80827300930713,497.04015804221024,0.0,0.0
2023,11,12,4,81.0426,0.0,0.0,0.0,83.80827300930713,411.94574943573883,0.0,0.0
2023,11,12,5,81.0426,0.0,0.0,0.0,83.80827300930713,326.85134082926743,0.0,0.0
2023,11,12,6,81.0426,0.0,0.0,0.0,83.80827300930713,241.75693222279602,0.0,0.0
2023,11,12,7,81.0426,0.0,0.0,0.0,83.80827300930713,156.66252361632462,0.0,0.0
2023,11,12,8,81.0426,32.48289380035663,32.48289380035663,0.0,51.32537920895051,104.54949666248795,0.0,0.0
2023,11,12,9,81.0426,156.225035082804,156.225035082804,72.41676207349687,0.0,172.30562391468328,0.0,0.0
2023,11,12,10,81.0426,179.50909601610644,179.50909601610644,95.70082300679931,0.0,261.8472846590215,0.0,0.0
2023,11,12,11,81.0426,438.1933066248682,438.1933066248682,354.3850336155611,0.0,593.4246259596389,0.0,0.0
2023,11,12,12,81.0426,512.854322795411,512.854322795411,429.0460497861039,0.0,994.8579117623775,0.0,0.0
2023,11,12,13,81.0426,316.4522605192336,316.4522605192336,232.6439875099265,0.0,1212.5292791480465,0.0,0.0
2023,11,12,14,81.0426,158.45881574529272,158.45881574529272,74.65054273598558,0.0,1282.375424270241,0.0,0.0
2023,11,12,15,81.0426,168.3867298007981,168.3867298007981,84.57845679149096,0.0,1361.5105377035422,0.0,0.0
2023,11,12,16,81.0426,0.0,0.0,0.0,83.80827300930713,1276.4161290970708,0.0,0.0
2023,11,12,17,81.0426,0.0,0.0,0.0,83.80827300930713,1191.3217204905993,0.0,0.0
2023,11,12,18,81.0426,0.0,0.0,0.0,83.80827300930713,1106.2273118841279,0.0,0.0
2023,11,12,19,81.0426,0.0,0.0,0.0,83.80827300930713,1021.1329032776565,0.0,0.0
2023,11,12,20,81.0426,0.0,0.0,0.0,83.80827300930713,936.0384946711852,0.0,0.0
2023,11,12,21,81.0426,0.0,0.0,0.0,83.80827300930713,850.9440860647138,0.0,0.0
2023,11,12,22,81.0426,0.0,0.0,0.0,83.80827300930713,765.8496774582425,0.0,0.0
2023,11,12,23,81.0426,0.0,0.0,0.0,83.80827300930713,680.7552688517711,0.0,0.0
2023,11,13,0,81.0426,0.0,0.0,0.0,83.80827300930713,595.6608602452998,0.0,0.0
2023,11,13,1,81.0426,0.0,0.0,0.0,83.80827300930713,510.56645163882837,0.0,0.0
2023,11,13,2,81.0426,0.0,0.0,0.0,83.80827300930713,425.47204303235696,0.0,0.0
2023,11,13,3,81.0426,0.0,0.0,0.0,83.80827300930713,340.37763442588556,0.0,0.0
2023,11,13,4,81.0426,0.0,0.0,0.0,83.80827300930713,255.28322581941416,0.0,0.0
2023,11,13,5,81.0426,0.0,0.0,0.0,83.80827300930713,170.18881721294278,0.0,0.0
2023,11,13,6,81.0426,0.0,0.0,0.0,83.80827300930713,85.09440860647139,0.0,0.0
2023,11,13,7,81.0426,0.0,0.0,0.0,83.80827300930713,0.0,0.0,0.0
2023,11,13,8,81.0426,356.8464608325711,83.80827300930713,0.0,0.0,0.0,273.03818782326397,0.0
2023,11,13,9,81.0426,653.5514798007761,83.80827300930713,0.0,0.0,0.0,569.743206791469,0.0
2023,11,13,10,81.0426,1029.741860675871,83.80827300930713,0.0,0.0,0.0,945.9335876665639,0.0
2023,11,13,11,81.0426,1200.688130819104,83.80827300930713,0.0,0.0,-0.0,1116.8798578097967,0.0
2023,11,13,12,81.0426,1160.7127643799831,910.6262614681763,826.8179884588692,0.0,773.605215648357,250.08650291180686,0.0
2023,11,13,13,81.0426,982.723880203626,982.723880203626,898.9156071943188,0.0,1614.6679548002016,0.0,0.0
2023,11,13,14,81.0426,624.962189794063,624.962189794063,541.1539167847558,0.0,2120.9940124535174,0.0,0.0
2023,11,13,15,81.0426,42.038511078780544,42.038511078780544,0.0,41.769761930526585,2078.583244858813,0.0,0.0
2023,11,13,16,81.0426,0.0,0.0,0.0,83.80827300930713,1993.4888362523418,0.0,0.0
2023,11,13,17,81.0426,0.0,0.0,0.0,83.80827300930713,1908.3944276458703,0.0,0.0
2023,11,13,18,81.0426,0.0,0.0,0.0,83.80827300930713,1823.3000190393989,0.0,0.0
2023,11,13,19,81.0426,0.0,0.0,0.0,83.80827300930713,1738.2056104329274,0.0,0.0
2023,11,13,20,81.0426,0.0,0.0,0.0,83.80827300930713,1653.111201826456,0.0,0.0
2023,11,13,21,81.0426,0.0,0.0,0.0,83.80827300930713,1568.0167932199845,0.0,0.0
2023,11,13,22,81.0426,0.0,0.0,0.0,83.80827300930713,1482.922384613513,0.0,0.0
2023,11,13,23,81.0426,0.0,0.0,0.0,83.80827300930713,1397.8279760070416,0.0,0.0
2023,11,14,0,81.0426,0.0,0.0,0.0,83.80827300930713,1312.73356740057,0.0,0.0
2023,11,14,1,81.0426,0.0,0.0,0.0,83.80827300930713,1227.6391587940986,0.0,0.0
2023,11,14,2,81.0426,0.0,0.0,0.0,83.80827300930713,1142.5447501876272,0.0,0.0
2023,11,14,3,81.0426,0.0,0.0,0.0,83.80827300930713,1057.4503415811557,0.0,0.0
2023,11,14,4,81.0426,0.0,0.0,0.0,83.80827300930713,972.3559329746843,0.0,0.0
2023,11,14,5,81.0426,0.0,0.0,0.0,83.80827300930713,887.2615243682129,0.0,0.0
2023,11,14,6,81.0426,0.0,0.0,0.0,83.80827300930713,802.1671157617416,0.0,0.0
2023,11,14,7,81.0426,0.0,0.0,0.0,83.80827300930713,717.0727071552702,0.0,0.0
2023,11,14,8,81.0426,49.6705950089503,49.6705950089503,0.0,34.13767800035683,682.4111467110416,0.0,0.0
2023,11,14,9,81.0426,351.4791822963135,351.4791822963135,267.6709092870064,0.0,932.8551554193347,0.0,0.0
2023,11,14,10,81.0426,545.9732235899484,545.9732235899484,462.16495058064123,0.0,1365.2758589474063,0.0,0.0
2023,11,14,11,81.0426,166.66485720679637,166.66485720679637,82.85658419748924,0.0,1442.79991693925,0.0,0.0
2023,11,14,12,81.0426,602.7795068262931,602.7795068262931,518.9712338169859,0.0,1928.3709360224361,0.0,0.0
2023,11,14,13,81.0426,345.9722924686504,345.9722924686504,262.16401945934325,0.0,2173.662470120662,0.0,0.0
2023,11,14,14,81.0426,287.32003771261003,287.32003771261003,203.5117647033029,0.0,2364.0765211184266,0.0,0.0
2023,11,14,15,81.0426,161.4682146933678,161.4682146933678,77.65994168406067,0.0,2436.7383847599253,0.0,0.0
2023,11,14,16,81.0426,0.0,-0.0,0.0,83.80827300930713,2351.643976153454,0.0,0.0
2023,11,14,17,81.0426,0.0,-0.0,0.0,83.80827300930713,2266.5495675469824,0.0,0.0
2023,11,14,18,81.0426,0.0,-0.0,0.0,83.80827300930713,2181.455158940511,0.0,0.0
2023,11,14,19,81.0426,0.0,-0.0,0.0,83.80827300930713,2096.3607503340395,0.0,0.0
2023,11,14,20,81.0426,0.0,-0.0,0.0,83.80827300930713,2011.2663417275683,0.0,0.0
2023,11,14,21,81.0426,0.0,-0.0,0.0,83.80827300930713,1926.171933121097,0.0,0.0
2023,11,14,22,81.0426,0.0,-0.0,0.0,83.80827300930713,1841.0775245146256,0.0,0.0
2023,11,14,23,81.0426,0.0,-0.0,0.0,83.80827300930713,1755.983115908154,0.0,0.0
2023,11,15,0,81.0426,0.0,-0.0,0.0,83.80827300930713,1670.8887073016829,0.0,0.0
2023,11,15,1,81.0426,0.0,-0.0,0.0,83.80827300930713,1585.7942986952114,0.0,0.0
2023,11,15,2,81.0426,0.0,-0.0,0.0,83.80827300930713,1500.6998900887402,0.0,0.0
2023,11,15,3,81.0426,0.0,-0.0,0.0,83.80827300930713,1415.6054814822687,0.0,0.0
2023,11,15,4,81.0426,0.0,-0.0,0.0,83.80827300930713,1330.5110728757973,0.0,0.0
2023,11,15,5,81.0426,0.0,-0.0,0.0,83.80827300930713,1245.4166642693258,0.0,0.0
2023,11,15,6,81.0426,0.0,-0.0,0.0,83.80827300930713,1160.3222556628546,0.0,0.0
2023,11,15,7,81.0426,0.0,-0.0,0.0,83.80827300930713,1075.227847056383,0.0,0.0
2023,11,15,8,81.0426,25.40925503580905,25.409255035809057,0.0,58.399017973498076,1015.9326281094225,0.0,0.0
2023,11,15,9,81.0426,28.94607441808284,28.946074418082837,0.0,54.86219859122429,960.2285051590238,3.552713678800501e-15,0.0
2023,11,15,10,81.0426,48.119358437777585,48.119358437777585,0.0,35.688914571529544,923.9919026110399,0.0,0.0
2023,11,15,11,81.0426,64.65554028647871,64.65554028647873,0.0,19.15273272282841,904.5452488890869,0.0,0.0
2023,11,15,12,81.0426,163.79506955012687,163.79506955012687,79.98679654081974,0.0,979.3842144785012,0.0,0.0
2023,11,15,13,81.0426,163.2366243845047,163.2366243845047,79.42835137519755,0.0,1053.700675600416,0.0,0.0
2023,11,15,14,81.0426,59.07108863025679,59.071088630256796,0.0,24.73718437905034,1028.583870304944,0.0,0.0
2023,11,15,15,81.0426,40.70444762757201,40.70444762757201,0.0,43.10382538173512,984.8185665010118,0.0,0.0
2023,11,15,16,81.0426,0.0,-0.0,0.0,83.80827300930713,899.7241578945404,0.0,0.0
2023,11,15,17,81.0426,0.0,-0.0,0.0,83.80827300930713,814.6297492880691,0.0,0.0
2023,11,15,18,81.0426,0.0,-0.0,0.0,83.80827300930713,729.5353406815977,0.0,0.0
2023,11,15,19,81.0426,0.0,-0.0,0.0,83.80827300930713,644.4409320751263,0.0,0.0
2023,11,15,20,81.0426,0.0,-0.0,0.0,83.80827300930713,559.3465234686549,0.0,0.0
2023,11,15,21,81.0426,0.0,-0.0,0.0,83.80827300930713,474.2521148621835,0.0,0.0
2023,11,15,22,81.0426,0.0,-0.0,0.0,83.80827300930713,389.1577062557121,0.0,0.0
2023,11,15,23,81.0426,0.0,-0.0,0.0,83.80827300930713,304.0632976492407,0.0,0.0
2023,11,16,0,81.0426,0.0,-0.0,0.0,83.80827300930713,218.96888904276932,0.0,0.0
2023,11,16,1,81.0426,0.0,-0.0,0.0,83.80827300930713,133.87448043629794,0.0,0.0
2023,11,16,2,81.0426,0.0,-0.0,0.0,32.56308950021567,100.81167238735115,0.0,49.554092453291446
2023,11,16,3,81.0426,0.0,-0.0,0.0,0.0,100.81167238735115,0.0,81.0426
2023,11,16,4,81.0426,0.0,-0.0,0.0,0.0,100.81167238735115,0.0,81.0426
2023,11,16,5,81.0426,0.0,-0.0,0.0,0.0,100.81167238735115,0.0,81.0426
2023,11,16,6,81.0426,0.0,-0.0,0.0,0.0,100.81167238735115,0.0,81.0426
2023,11,16,7,81.0426,0.0,-0.0,0.0,0.0,100.81167238735115,0.0,81.0426
2023,11,16,8,81.0426,65.53974513204716,65.53974513204716,0.0,0.0,100.81167238735115,0.0,17.665666457310394
2023,11,16,9,81.0426,138.6650370971289,138.6650370971289,54.85676408782176,0.0,152.1379369392762,0.0,0.0
2023,11,16,10,81.0426,235.01234053266614,235.01234053266614,151.20406752335902,0.0,293.6107361478961,0.0,0.0
2023,11,16,11,81.0426,422.68094091314106,422.68094091314106,338.87266790383393,0.0,610.6740644624088,0.0,0.0
2023,11,16,12,81.0426,623.8452994628186,623.8452994628186,540.0370264535115,0.0,1115.9551131807248,0.0,0.0
2023,11,16,13,81.0426,734.7587143016677,734.7587143016676,650.9504412923606,0.0,1725.0113547496885,1.1368683772161603e-13,0.0
2023,11,16,14,81.0426,404.12815152191536,404.12815152191536,320.3198785126082,0.0,2024.7159235328204,0.0,0.0
2023,11,16,15,81.0426,198.3411079901432,198.3411079901432,114.53283498083607,0.0,2131.8775960422895,0.0,0.0
2023,11,16,16,81.0426,0.0,-0.0,0.0,83.80827300930713,2046.7831874358183,0.0,0.0
2023,11,16,17,81.0426,0.0,-0.0,0.0,83.80827300930713,1961.6887788293473,0.0,0.0
2023,11,16,18,81.0426,0.0,-0.0,0.0,83.80827300930713,1876.5943702228763,0.0,0.0
2023,11,16,19,81.0426,0.0,-0.0,0.0,83.80827300930713,1791.4999616164052,0.0,0.0
2023,11,16,20,81.0426,0.0,-0.0,0.0,83.80827300930713,1706.4055530099342,0.0,0.0
2023,11,16,21,81.0426,0.0,-0.0,0.0,83.80827300930713,1621.3111444034632,0.0,0.0
2023,11,16,22,81.0426,0.0,-0.0,0.0,83.80827300930713,1536.2167357969922,0.0,0.0
2023,11,16,23,81.0426,0.0,-0.0,0.0,83.80827300930713,1451.1223271905212,0.0,0.0
2023,11,17,0,81.0426,0.0,-0.0,0.0,83.80827300930713,1366.0279185840498,0.0,0.0
2023,11,17,1,81.0426,0.0,-0.0,0.0,83.80827300930713,1280.9335099775783,0.0,0.0
2023,11,17,2,81.0426,0.0,-0.0,0.0,83.80827300930713,1195.8391013711068,0.0,0.0
2023,11,17,3,81.0426,0.0,-0.0,0.0,83.80827300930713,1110.7446927646354,0.0,0.0
2023,11,17,4,81.0426,0.0,-0.0,0.0,83.80827300930713,1025.650284158164,0.0,0.0
2023,11,17,5,81.0426,0.0,-0.0,0.0,83.80827300930713,940.5558755516926,0.0,0.0
2023,11,17,6,81.0426,0.0,-0.0,0.0,83.80827300930713,855.4614669452211,0.0,0.0
2023,11,17,7,81.0426,0.0,-0.0,0.0,83.80827300930713,770.3670583387496,0.0,0.0
2023,11,17,8,81.0426,10.548408683974454,10.54840868397446,0.0,73.25986432533267,695.9829360378137,0.0,0.0
2023,11,17,9,81.0426,37.02801695389268,37.02801695389268,0.0,46.78025605541445,648.4847824479799,0.0,0.0
2023,11,17,10,81.0426,123.43189396821269,123.4318939682127,39.62362095890556,0.0,685.5582862475502,0.0,0.0
2023,11,17,11,81.0426,107.2369841651697,107.2369841651697,23.428711155862576,0.0,707.4791604896277,0.0,0.0
2023,11,17,12,81.0426,65.22949781781261,65.22949781781261,0.0,18.578775191494515,688.615272346064,0.0,0.0
2023,11,17,13,81.0426,72.00840163383738,72.0084016338374,0.0,11.799871375469747,676.6343181959106,0.0,0.0
2023,11,17,14,81.0426,64.06607038943292,64.06607038943292,0.0,19.742202619874202,656.5891484745305,0.0,0.0
2023,11,17,15,81.0426,41.97646161593348,41.97646161593348,0.0,41.83181139337365,614.1153791956757,0.0,0.0
2023,11,17,16,81.0426,0.0,-0.0,0.0,83.80827300930713,529.0209705892042,0.0,0.0
2023,11,17,17,81.0426,0.0,-0.0,0.0,83.80827300930713,443.9265619827328,0.0,0.0
2023,11,17,18,81.0426,0.0,-0.0,0.0,83.80827300930713,358.8321533762613,0.0,0.0
2023,11,17,19,81.0426,0.0,-0.0,0.0,83.80827300930713,273.73774476978986,0.0,0.0
2023,11,17,20,81.0426,0.0,-0.0,0.0,83.80827300930713,188.64333616331837,0.0,0.0
2023,11,17,21,81.0426,0.0,-0.0,0.0,83.80827300930713,103.54892755684692,0.0,0.0
2023,11,17,22,81.0426,0.0,-0.0,0.0,83.80827300930713,18.45451895037545,0.0,0.0
2023,11,17,23,81.0426,0.0,-0.0,0.0,0.0,18.45451895037545,0.0,81.0426
2023,11,18,0,81.0426,0.0,-0.0,0.0,0.0,18.45451895037545,0.0,81.0426
2023,11,18,1,81.0426,0.0,-0.0,0.0,0.0,18.45451895037545,0.0,81.0426
2023,11,18,2,81.0426,0.0,-0.0,0.0,0.0,18.45451895037545,0.0,81.0426
2023,11,18,3,81.0426,0.0,-0.0,0.0,0.0,18.45451895037545,0.0,81.0426
2023,11,18,4,81.0426,0.0,-0.0,0.0,0.0,18.45451895037545,0.0,81.0426
2023,11,18,5,81.0426,0.0,-0.0,0.0,0.0,18.45451895037545,0.0,81.0426
2023,11,18,6,81.0426,0.0,-0.0,0.0,0.0,18.45451895037545,0.0,81.0426
2023,11,18,7,81.0426,0.0,-0.0,0.0,0.0,18.45451895037545,0.0,81.0426
2023,11,18,8,81.0426,74.95575111906554,74.95575111906554,0.0,0.0,18.45451895037545,0.0,8.560388667863618
2023,11,18,9,81.0426,200.94718542971333,200.94718542971336,117.13891242040621,0.0,128.0545456415102,0.0,0.0
2023,11,18,10,81.0426,478.7891676924581,478.7891676924581,394.98089468315095,0.0,497.6150589267631,0.0,0.0
2023,11,18,11,81.0426,255.4111014435873,255.4111014435873,171.60282843428018,0.0,658.1737852121107,0.0,0.0
2023,11,18,12,81.0426,420.10588820499436,420.10588820499436,336.29761519568723,0.0,972.8277873709302,0.0,0.0
2023,11,18,13,81.0426,487.5226295881603,487.5226295881603,403.7143565788532,0.0,1350.5596899673599,0.0,0.0
2023,11,18,14,81.0426,274.50682363472345,274.50682363472345,190.69855062541632,0.0,1528.9851662386022,0.0,0.0
2023,11,18,15,81.0426,77.67041511861778,77.6704151186178,0.0,6.13785789068934,1522.7531157671556,0.0,0.0
2023,11,18,16,81.0426,0.0,-0.0,0.0,83.80827300930713,1437.6587071606841,0.0,0.0
2023,11,18,17,81.0426,0.0,-0.0,0.0,83.80827300930713,1352.5642985542127,0.0,0.0
2023,11,18,18,81.0426,0.0,-0.0,0.0,83.80827300930713,1267.4698899477412,0.0,0.0
2023,11,18,19,81.0426,0.0,-0.0,0.0,83.80827300930713,1182.3754813412697,0.0,0.0
2023,11,18,20,81.0426,0.0,-0.0,0.0,83.80827300930713,1097.2810727347983,0.0,0.0
2023,11,18,21,81.0426,0.0,-0.0,0.0,83.80827300930713,1012.1866641283269,0.0,0.0
2023,11,18,22,81.0426,0.0,-0.0,0.0,83.80827300930713,927.0922555218556,0.0,0.0
2023,11,18,23,81.0426,0.0,-0.0,0.0,83.80827300930713,841.9978469153842,0.0,0.0
2023,11,19,0,81.0426,0.0,-0.0,0.0,83.80827300930713,756.9034383089129,0.0,0.0
2023,11,19,1,81.0426,0.0,-0.0,0.0,83.80827300930713,671.8090297024415,0.0,0.0
2023,11,19,2,81.0426,0.0,-0.0,0.0,83.80827300930713,586.7146210959702,0.0,0.0
2023,11,19,3,81.0426,0.0,-0.0,0.0,83.80827300930713,501.6202124894988,0.0,0.0
2023,11,19,4,81.0426,0.0,-0.0,0.0,83.80827300930713,416.5258038830274,0.0,0.0
2023,11,19,5,81.0426,0.0,-0.0,0.0,83.80827300930713,331.431395276556,0.0,0.0
2023,11,19,6,81.0426,0.0,-0.0,0.0,83.80827300930713,246.33698667008454,0.0,0.0
2023,11,19,7,81.0426,0.0,-0.0,0.0,83.80827300930713,161.24257806361317,0.0,0.0
2023,11,19,8,81.0426,0.0,-0.0,0.0,83.80827300930713,76.14816945714179,0.0,0.0
2023,11,19,9,81.0426,0.8221553827215383,0.8221553827215383,0.0,0.0,76.14816945714179,0.0,80.24757574490826
2023,11,19,10,81.0426,8.81102372426086,8.81102372426086,0.0,74.99724928504628,0.0,0.0,0.0
2023,11,19,11,81.0426,109.0053938563066,109.0053938563066,25.19712084699947,0.0,23.575471722493152,0.0,0.0
2023,11,19,12,81.0426,256.5435041405434,256.5435041405434,172.73523113123628,0.0,185.19372095582645,0.0,0.0
2023,11,19,13,81.0426,209.7737215196861,209.7737215196861,125.96544851037895,0.0,303.0522210360546,0.0,0.0
2023,11,19,14,81.0426,149.57023019247308,149.57023019247308,65.76195718316595,0.0,364.58183671721116,0.0,0.0
2023,11,19,15,81.0426,83.98394796329073,83.98394796329073,0.17567495398360058,0.0,364.7462054931177,0.0,0.0
2023,11,19,16,81.0426,0.0,-0.0,0.0,83.80827300930713,279.6517968866463,0.0,0.0
2023,11,19,17,81.0426,0.0,-0.0,0.0,83.80827300930713,194.55738828017496,0.0,0.0
2023,11,19,18,81.0426,0.0,-0.0,0.0,83.80827300930713,109.46297967370356,0.0,0.0
2023,11,19,19,81.0426,0.0,-0.0,0.0,83.80827300930713,24.368571067232175,0.0,0.0
2023,11,19,20,81.0426,0.0,-0.0,0.0,24.000259127413244,0.0,0.0,57.83434942379139
2023,11,19,21,81.0426,0.0,-0.0,0.0,-0.0,0.0,0.0,81.0426
2023,11,19,22,81.0426,0.0,-0.0,0.0,0.0,-0.0,0.0,81.0426
2023,11,19,23,81.0426,0.0,-0.0,0.0,-0.0,0.0,0.0,81.0426
2023,11,20,0,81.0426,0.0,-0.0,0.0,-0.0,0.0,0.0,81.0426
2023,11,20,1,81.0426,0.0,-0.0,0.0,-0.0,0.0,0.0,81.0426
2023,11,20,2,81.0426,0.0,-0.0,0.0,-0.0,0.0,0.0,81.0426
2023,11,20,3,81.0426,0.0,-0.0,0.0,0.0,-0.0,0.0,81.0426
2023,11,20,4,81.0426,0.0,-0.0,0.0,-0.0,0.0,0.0,81.0426
2023,11,20,5,81.0426,0.0,-0.0,0.0,-0.0,0.0,0.0,81.0426
2023,11,20,6,81.0426,0.0,-0.0,0.0,0.0,-0.0,0.0,81.0426
2023,11,20,7,81.0426,0.0,-0.0,0.0,-0.0,0.0,0.0,81.0426
2023,11,20,8,81.0426,5.258691976275499,5.258691976275499,0.0,-0.0,0.0,0.0,75.95744485894159
2023,11,20,9,81.0426,80.61776460384594,80.61776460384594,0.0,-0.0,0.0,0.0,3.08522162808097
2023,11,20,10,81.0426,315.4904938451065,315.4904938451065,231.68222083579943,0.0,216.77149858053056,0.0,0.0
2023,11,20,11,81.0426,274.30516288047096,274.30516288047096,190.49688987116383,0.0,395.0082926829536,0.0,0.0
2023,11,20,12,81.0426,368.43419801923125,368.43419801923125,284.6259250099241,0.0,661.3161175850589,0.0,0.0
2023,11,20,13,81.0426,313.644522325411,313.64452232541106,229.8362493161039,0.0,876.3604486202431,0.0,0.0
2023,11,20,14,81.0426,74.89370165621862,74.89370165621864,0.0,8.914571353088498,867.3090727830746,0.0,0.0
2023,11,20,15,81.0426,12.192719449417533,12.19271944941754,0.0,71.61555355988959,794.5944951121194,0.0,0.0
2023,11,20,16,81.0426,0.0,-0.0,0.0,83.80827300930713,709.500086505648,0.0,0.0
2023,11,20,17,81.0426,0.0,-0.0,0.0,83.80827300930713,624.4056778991767,0.0,0.0
2023,11,20,18,81.0426,0.0,-0.0,0.0,83.80827300930713,539.3112692927052,0.0,0.0
2023,11,20,19,81.0426,0.0,-0.0,0.0,83.80827300930713,454.2168606862339,0.0,0.0
2023,11,20,20,81.0426,0.0,-0.0,0.0,83.80827300930713,369.12245207976247,0.0,0.0
2023,11,20,21,81.0426,0.0,-0.0,0.0,83.80827300930713,284.02804347329106,0.0,0.0
2023,11,20,22,81.0426,0.0,-0.0,0.0,83.80827300930713,198.9336348668197,0.0,0.0
2023,11,20,23,81.0426,0.0,-0.0,0.0,83.80827300930713,113.8392262603483,0.0,0.0
2023,11,21,0,81.0426,0.0,-0.0,0.0,83.80827300930713,28.744817653876904,0.0,0.0
2023,11,21,1,81.0426,0.0,-0.0,0.0,0.0,28.744817653876904,0.0,81.0426
2023,11,21,2,81.0426,0.0,-0.0,0.0,28.310362161159194,0.0,0.0,53.66647979015905
2023,11,21,3,81.0426,0.0,-0.0,0.0,0.0,-0.0,0.0,81.0426
2023,11,21,4,81.0426,0.0,-0.0,0.0,-0.0,-0.0,0.0,81.0426
2023,11,21,5,81.0426,0.0,-0.0,0.0,0.0,-0.0,0.0,81.0426
2023,11,21,6,81.0426,0.0,-0.0,0.0,0.0,-0.0,0.0,81.0426
2023,11,21,7,81.0426,0.0,-0.0,0.0,0.0,-0.0,0.0,81.0426
2023,11,21,8,81.0426,4.49858605640087,4.49858605640087,0.0,0.0,-0.0,0.0,76.69246728346035
2023,11,21,9,81.0426,39.40140890778693,39.40140890778693,0.0,0.0,-0.0,0.0,42.94143758617003
2023,11,21,10,81.0426,19.79377864816383,19.79377864816383,0.0,0.0,-0.0,0.0,61.90201604722557
2023,11,21,11,81.0426,26.603707195612042,26.603707195612042,0.0,0.0,-0.0,0.0,55.31681514184315
2023,11,21,12,81.0426,37.92773416517285,37.92773416517285,0.0,0.0,-0.0,0.0,44.36648106227785
2023,11,21,13,81.0426,26.743318487017586,26.743318487017586,0.0,0.0,-0.0,0.0,55.18181102305399
2023,11,21,14,81.0426,21.62423780214763,21.62423780214763,0.0,0.0,0.0,0.0,60.131962045323235
2023,11,21,15,81.0426,8.330140387197472,8.330140387197472,0.0,-0.0,0.0,0.0,72.98735424558004
2023,11,21,16,81.0426,0.0,-0.0,0.0,-0.0,0.0,0.0,81.0426
2023,11,21,17,81.0426,0.0,-0.0,0.0,-0.0,0.0,0.0,81.0426
2023,11,21,18,81.0426,0.0,-0.0,0.0,-0.0,0.0,0.0,81.0426
2023,11,21,19,81.0426,0.0,-0.0,0.0,-0.0,0.0,0.0,81.0426
2023,11,21,20,81.0426,0.0,-0.0,0.0,-0.0,0.0,0.0,81.0426
2023,11,21,21,81.0426,0.0,-0.0,0.0,-0.0,0.0,0.0,81.0426
2023,11,21,22,81.0426,0.0,-0.0,0.0,-0.0,0.0,0.0,81.0426
2023,11,21,23,81.0426,0.0,-0.0,0.0,-0.0,0.0,0.0,81.0426
2023,11,22,0,81.0426,0.0,-0.0,0.0,-0.0,0.0,0.0,81.0426
2023,11,22,1,81.0426,0.0,-0.0,0.0,0.0,-0.0,0.0,81.0426
2023,11,22,2,81.0426,0.0,-0.0,0.0,-0.0,0.0,0.0,81.0426
2023,11,22,3,81.0426,0.0,-0.0,0.0,-0.0,0.0,0.0,81.0426
2023,11,22,4,81.0426,0.0,-0.0,0.0,0.0,-0.0,0.0,81.0426
2023,11,22,5,81.0426,0.0,-0.0,0.0,-0.0,0.0,0.0,81.0426
2023,11,22,6,81.0426,0.0,-0.0,0.0,0.0,-0.0,0.0,81.0426
2023,11,22,7,81.0426,0.0,-0.0,0.0,-0.0,0.0,0.0,81.0426
2023,11,22,8,81.0426,480.83679996640615,83.80827300930713,0.0,0.0,0.0,397.028526957099,0.0
2023,11,22,9,81.0426,876.3711008840248,83.80827300930713,0.0,0.0,0.0,792.5628278747176,0.0
2023,11,22,10,81.0426,1084.7487094896553,83.80827300930713,0.0,0.0,-0.0,1000.9404364803481,0.0
2023,11,22,11,81.0426,1159.3476761973511,235.40595107440095,151.59767806509382,0.0,141.84107756282947,923.9417251229502,0.0
2023,11,22,12,81.0426,1144.1610701655702,1144.1610701655702,1060.3527971562633,0.0,1133.951149861064,0.0,0.0
2023,11,22,13,81.0426,968.1887935317377,968.1887935317377,884.3805205224305,0.0,1961.4142588449288,0.0,0.0
2023,11,22,14,81.0426,591.8277766338136,591.8277766338136,508.0195036245065,0.0,2436.7383847599253,0.0,0.0
2023,11,22,15,81.0426,12.285793643687894,12.285793643687898,0.0,71.52247936561923,2364.1183096151954,0.0,0.0
2023,11,22,16,81.0426,0.0,-0.0,0.0,83.80827300930713,2279.023901008724,0.0,0.0
2023,11,22,17,81.0426,0.0,-0.0,0.0,83.80827300930713,2193.9294924022524,0.0,0.0
2023,11,22,18,81.0426,0.0,-0.0,0.0,83.80827300930713,2108.835083795781,0.0,0.0
2023,11,22,19,81.0426,0.0,-0.0,0.0,83.80827300930713,2023.7406751893095,0.0,0.0
2023,11,22,20,81.0426,0.0,-0.0,0.0,83.80827300930713,1938.6462665828383,0.0,0.0
2023,11,22,21,81.0426,0.0,-0.0,0.0,83.80827300930713,1853.551857976367,0.0,0.0
2023,11,22,22,81.0426,0.0,-0.0,0.0,83.80827300930713,1768.4574493698956,0.0,0.0
2023,11,22,23,81.0426,0.0,-0.0,0.0,83.80827300930713,1683.3630407634241,0.0,0.0
2023,11,23,0,81.0426,0.0,-0.0,0.0,83.80827300930713,1598.268632156953,0.0,0.0
2023,11,23,1,81.0426,0.0,-0.0,0.0,83.80827300930713,1513.1742235504814,0.0,0.0
2023,11,23,2,81.0426,0.0,-0.0,0.0,83.80827300930713,1428.0798149440102,0.0,0.0
2023,11,23,3,81.0426,0.0,-0.0,0.0,83.80827300930713,1342.9854063375387,0.0,0.0
2023,11,23,4,81.0426,0.0,-0.0,0.0,83.80827300930713,1257.8909977310673,0.0,0.0
2023,11,23,5,81.0426,0.0,-0.0,0.0,83.80827300930713,1172.7965891245958,0.0,0.0
2023,11,23,6,81.0426,0.0,-0.0,0.0,83.80827300930713,1087.7021805181246,0.0,0.0
2023,11,23,7,81.0426,0.0,-0.0,0.0,83.80827300930713,1002.6077719116531,0.0,0.0
2023,11,23,8,81.0426,1.783922056848621,1.7839220568486258,0.0,82.0243509524585,919.3246617245003,0.0,0.0
2023,11,23,9,81.0426,44.21024227842235,44.21024227842235,0.0,39.59803073088478,879.1189530750532,0.0,0.0
2023,11,23,10,81.0426,58.37303217322922,58.37303217322921,0.0,25.435240836077913,853.2933788328914,7.105427357601002e-15,0.0
2023,11,23,11,81.0426,26.24692278424232,26.246922784242322,0.0,57.56135022506481,794.8486826219587,0.0,0.0
2023,11,23,12,81.0426,16.070810877349313,16.07081087734932,0.0,67.73746213195781,726.0717102103915,0.0,0.0
2023,11,23,13,81.0426,19.204308751118198,19.204308751118205,0.0,64.60396425818892,660.4763228484101,0.0,0.0
2023,11,23,14,81.0426,4.421024227842235,4.42102422784224,0.0,79.38724878146489,579.8707842376411,0.0,0.0
2023,11,23,15,81.0426,0.0,-0.0,0.0,83.80827300930713,494.7763756311697,0.0,0.0
2023,11,23,16,81.0426,0.0,-0.0,0.0,83.80827300930713,409.6819670246983,0.0,0.0
2023,11,23,17,81.0426,0.0,-0.0,0.0,83.80827300930713,324.5875584182269,0.0,0.0
2023,11,23,18,81.0426,0.0,-0.0,0.0,83.80827300930713,239.4931498117555,0.0,0.0
2023,11,23,19,81.0426,0.0,-0.0,0.0,83.80827300930713,154.39874120528413,0.0,0.0
2023,11,23,20,81.0426,0.0,-0.0,0.0,83.80827300930713,69.30433259881272,0.0,0.0
2023,11,23,21,81.0426,0.0,-0.0,0.0,68.25685168140888,0.0,0.0,15.038224424077614
2023,11,23,22,81.0426,0.0,-0.0,0.0,-0.0,0.0,0.0,81.0426
2023,11,23,23,81.0426,0.0,-0.0,0.0,-0.0,0.0,0.0,81.0426
2023,11,24,0,81.0426,0.0,-0.0,0.0,-0.0,0.0,0.0,81.0426
2023,11,24,1,81.0426,0.0,-0.0,0.0,0.0,-0.0,0.0,81.0426
2023,11,24,2,81.0426,0.0,-0.0,0.0,0.0,-0.0,0.0,81.0426
2023,11,24,3,81.0426,0.0,-0.0,0.0,-0.0,0.0,0.0,81.0426
2023,11,24,4,81.0426,0.0,-0.0,0.0,0.0,-0.0,0.0,81.0426
2023,11,24,5,81.0426,0.0,-0.0,0.0,-0.0,0.0,0.0,81.0426
2023,11,24,6,81.0426,0.0,-0.0,0.0,-0.0,0.0,0.0,81.0426
2023,11,24,7,81.0426,0.0,-0.0,0.0,-0.0,0.0,0.0,81.0426
2023,11,24,8,81.0426,353.2786167188739,83.80827300930713,0.0,0.0,0.0,269.47034370956675,0.0
2023,11,24,9,81.0426,678.3867773052513,83.80827300930713,0.0,0.0,0.0,594.5785042959442,0.0
2023,11,24,10,81.0426,796.7926647828643,83.80827300930713,0.0,0.0,0.0,712.9843917735573,0.0
2023,11,24,11,81.0426,849.0693372313849,83.80827300930713,0.0,0.0,0.0,765.2610642220777,0.0
2023,11,24,12,81.0426,885.4303224596732,751.7692816451877,667.9610086358805,0.0,624.9720341639132,133.66104081448555,0.0
2023,11,24,13,81.0426,646.0124700648767,646.0124700648767,562.2041970555695,0.0,1150.993607439373,0.0,0.0
2023,11,24,14,81.0426,357.68412858100436,357.68412858100436,273.87585557169723,0.0,1407.2432213421077,0.0,0.0
2023,11,24,15,81.0426,91.1661732878204,91.1661732878204,7.357900278513268,0.0,1414.1275781305808,0.0,0.0
2023,11,24,16,81.0426,0.0,0.0,0.0,83.80827300930713,1329.0331695241093,0.0,0.0
2023,11,24,17,81.0426,0.0,0.0,0.0,83.80827300930713,1243.9387609176379,0.0,0.0
2023,11,24,18,81.0426,0.0,0.0,0.0,83.80827300930713,1158.8443523111664,0.0,0.0
2023,11,24,19,81.0426,0.0,0.0,0.0,83.80827300930713,1073.749943704695,0.0,0.0
2023,11,24,20,81.0426,0.0,0.0,0.0,83.80827300930713,988.6555350982235,0.0,0.0
2023,11,24,21,81.0426,0.0,0.0,0.0,83.80827300930713,903.5611264917521,0.0,0.0
2023,11,24,22,81.0426,0.0,0.0,0.0,83.80827300930713,818.4667178852808,0.0,0.0
2023,11,24,23,81.0426,0.0,0.0,0.0,83.80827300930713,733.3723092788094,0.0,0.0
2023,11,25,0,81.0426,0.0,0.0,0.0,83.80827300930713,648.2779006723381,0.0,0.0
2023,11,25,1,81.0426,0.0,0.0,0.0,83.80827300930713,563.1834920658667,0.0,0.0
2023,11,25,2,81.0426,0.0,0.0,0.0,83.80827300930713,478.08908345939534,0.0,0.0
2023,11,25,3,81.0426,0.0,0.0,0.0,83.80827300930713,392.99467485292394,0.0,0.0
2023,11,25,4,81.0426,0.0,0.0,0.0,83.80827300930713,307.90026624645253,0.0,0.0
2023,11,25,5,81.0426,0.0,0.0,0.0,83.80827300930713,222.80585763998113,0.0,0.0
2023,11,25,6,81.0426,0.0,0.0,0.0,83.80827300930713,137.71144903350975,0.0,0.0
2023,11,25,7,81.0426,0.0,0.0,0.0,83.80827300930713,52.617040427038354,0.0,0.0
2023,11,25,8,81.0426,31.986498097581357,31.986498097581357,0.0,51.821774911725775,0.0,0.0,0.0
2023,11,25,9,81.0426,194.72672677931078,83.80827300930713,0.0,0.0,0.0,110.91845377000365,0.0
2023,11,25,10,81.0426,464.2075439234346,83.80827300930713,0.0,0.0,0.0,380.3992709141275,0.0
2023,11,25,11,81.0426,777.7124549574402,83.80827300930713,0.0,0.0,-0.0,693.9041819481331,0.0
2023,11,25,12,81.0426,902.4008505483027,520.817180088453,437.0089070791459,0.0,408.8836654743793,381.5836704598497,0.0
2023,11,25,13,81.0426,742.5769466203782,742.5769466203782,658.7686736110711,0.0,1025.25496958834,0.0,0.0
2023,11,25,14,81.0426,423.19284898162806,423.19284898162806,339.38457597232093,0.0,1342.7972603313942,0.0,0.0
2023,11,25,15,81.0426,103.808751342878,103.808751342878,20.000478333570868,0.0,1361.5105377035422,0.0,0.0
2023,11,25,16,81.0426,0.0,0.0,0.0,83.80827300930713,1276.4161290970708,0.0,0.0
2023,11,25,17,81.0426,0.0,0.0,0.0,83.80827300930713,1191.3217204905993,0.0,0.0
2023,11,25,18,81.0426,0.0,0.0,0.0,83.80827300930713,1106.2273118841279,0.0,0.0
2023,11,25,19,81.0426,0.0,0.0,0.0,83.80827300930713,1021.1329032776565,0.0,0.0
2023,11,25,20,81.0426,0.0,0.0,0.0,83.80827300930713,936.0384946711852,0.0,0.0
2023,11,25,21,81.0426,0.0,0.0,0.0,83.80827300930713,850.9440860647138,0.0,0.0
2023,11,25,22,81.0426,0.0,0.0,0.0,83.80827300930713,765.8496774582425,0.0,0.0
2023,11,25,23,81.0426,0.0,0.0,0.0,83.80827300930713,680.7552688517711,0.0,0.0
2023,11,26,0,81.0426,0.0,0.0,0.0,83.80827300930713,595.6608602452998,0.0,0.0
2023,11,26,1,81.0426,0.0,0.0,0.0,83.80827300930713,510.56645163882837,0.0,0.0
2023,11,26,2,81.0426,0.0,0.0,0.0,83.80827300930713,425.47204303235696,0.0,0.0
2023,11,26,3,81.0426,0.0,0.0,0.0,83.80827300930713,340.37763442588556,0.0,0.0
2023,11,26,4,81.0426,0.0,0.0,0.0,83.80827300930713,255.28322581941416,0.0,0.0
2023,11,26,5,81.0426,0.0,0.0,0.0,83.80827300930713,170.18881721294278,0.0,0.0
2023,11,26,6,81.0426,0.0,0.0,0.0,83.80827300930713,85.09440860647139,0.0,0.0
2023,11,26,7,81.0426,0.0,0.0,0.0,83.80827300930713,0.0,0.0,0.0
2023,11,26,8,81.0426,352.89080757608065,83.80827300930713,0.0,0.0,0.0,269.0825345667735,0.0
2023,11,26,9,81.0426,767.1795586391773,83.80827300930713,0.0,0.0,0.0,683.3712856298703,0.0
2023,11,26,10,81.0426,1026.5928504363903,83.80827300930713,0.0,0.0,0.0,942.7845774270831,0.0
2023,11,26,11,81.0426,1154.9111396037972,83.80827300930713,0.0,0.0,-0.0,1071.10286659449,0.0
2023,11,26,12,81.0426,884.7322660026457,285.9599632129045,202.15169020359735,0.0,189.14150886475704,598.7723027897412,0.0
2023,11,26,13,81.0426,823.535983269882,823.535983269882,739.7277102605748,0.0,881.2614467531969,0.0,0.0
2023,11,26,14,81.0426,495.2943248097358,495.2943248097358,411.4860518004287,0.0,1266.264869855665,0.0,0.0
2023,11,26,15,81.0426,185.60545574081522,185.60545574081522,101.79718273150809,0.0,1361.5105377035422,0.0,0.0
2023,11,26,16,81.0426,0.0,0.0,0.0,83.80827300930713,1276.4161290970708,0.0,0.0
2023,11,26,17,81.0426,0.0,0.0,0.0,83.80827300930713,1191.3217204905993,0.0,0.0
2023,11,26,18,81.0426,0.0,0.0,0.0,83.80827300930713,1106.2273118841279,0.0,0.0
2023,11,26,19,81.0426,0.0,0.0,0.0,83.80827300930713,1021.1329032776565,0.0,0.0
2023,11,26,20,81.0426,0.0,0.0,0.0,83.80827300930713,936.0384946711852,0.0,0.0
2023,11,26,21,81.0426,0.0,0.0,0.0,83.80827300930713,850.9440860647138,0.0,0.0
2023,11,26,22,81.0426,0.0,0.0,0.0,83.80827300930713,765.8496774582425,0.0,0.0
2023,11,26,23,81.0426,0.0,0.0,0.0,83.80827300930713,680.7552688517711,0.0,0.0
2023,11,27,0,81.0426,0.0,0.0,0.0,83.80827300930713,595.6608602452998,0.0,0.0
2023,11,27,1,81.0426,0.0,0.0,0.0,83.80827300930713,510.56645163882837,0.0,0.0
2023,11,27,2,81.0426,0.0,0.0,0.0,83.80827300930713,425.47204303235696,0.0,0.0
2023,11,27,3,81.0426,0.0,0.0,0.0,83.80827300930713,340.37763442588556,0.0,0.0
2023,11,27,4,81.0426,0.0,0.0,0.0,83.80827300930713,255.28322581941416,0.0,0.0
2023,11,27,5,81.0426,0.0,0.0,0.0,83.80827300930713,170.18881721294278,0.0,0.0
2023,11,27,6,81.0426,0.0,0.0,0.0,83.80827300930713,85.09440860647139,0.0,0.0
2023,11,27,7,81.0426,0.0,0.0,0.0,83.80827300930713,0.0,0.0,0.0
2023,11,27,8,81.0426,268.02265476722147,83.80827300930713,0.0,0.0,0.0,184.21438175791434,0.0
2023,11,27,9,81.0426,587.0809927260251,83.80827300930713,0.0,0.0,-0.0,503.272719716718,0.0
2023,11,27,10,81.0426,883.69293749996,807.8847687345361,724.076495725229,0.0,677.4760121819576,75.80816876542383,0.0
2023,11,27,11,81.0426,885.1045627797272,885.1045627797272,801.29628977042,0.0,1427.2020676122465,0.0,0.0
2023,11,27,12,81.0426,797.5527707027392,797.5527707027392,713.744497693432,0.0,2095.0110337489614,0.0,0.0
2023,11,27,13,81.0426,370.21812007607974,370.21812007607974,286.4098470667726,0.0,2362.987970144469,0.0,0.0
2023,11,27,14,81.0426,162.63164212174732,162.63164212174732,78.82336911244018,0.0,2436.7383847599253,0.0,0.0
2023,11,27,15,81.0426,4.110776913607692,4.110776913607696,0.0,79.69749609569944,2355.8178377284053,0.0,0.0
2023,11,27,16,81.0426,0.0,-0.0,0.0,83.80827300930713,2270.723429121934,0.0,0.0
2023,11,27,17,81.0426,0.0,-0.0,0.0,83.80827300930713,2185.6290205154623,0.0,0.0
2023,11,27,18,81.0426,0.0,-0.0,0.0,83.80827300930713,2100.534611908991,0.0,0.0
2023,11,27,19,81.0426,0.0,-0.0,0.0,83.80827300930713,2015.4402033025194,0.0,0.0
2023,11,27,20,81.0426,0.0,-0.0,0.0,83.80827300930713,1930.3457946960482,0.0,0.0
2023,11,27,21,81.0426,0.0,-0.0,0.0,83.80827300930713,1845.251386089577,0.0,0.0
2023,11,27,22,81.0426,0.0,-0.0,0.0,83.80827300930713,1760.1569774831055,0.0,0.0
2023,11,27,23,81.0426,0.0,-0.0,0.0,83.80827300930713,1675.062568876634,0.0,0.0
2023,11,28,0,81.0426,0.0,-0.0,0.0,83.80827300930713,1589.9681602701628,0.0,0.0
2023,11,28,1,81.0426,0.0,-0.0,0.0,83.80827300930713,1504.8737516636913,0.0,0.0
2023,11,28,2,81.0426,0.0,-0.0,0.0,83.80827300930713,1419.77934305722,0.0,0.0
2023,11,28,3,81.0426,0.0,-0.0,0.0,83.80827300930713,1334.6849344507486,0.0,0.0
2023,11,28,4,81.0426,0.0,-0.0,0.0,83.80827300930713,1249.5905258442772,0.0,0.0
2023,11,28,5,81.0426,0.0,-0.0,0.0,83.80827300930713,1164.4961172378057,0.0,0.0
2023,11,28,6,81.0426,0.0,-0.0,0.0,83.80827300930713,1079.4017086313345,0.0,0.0
2023,11,28,7,81.0426,0.0,-0.0,0.0,83.80827300930713,994.307300024863,0.0,0.0
2023,11,28,8,81.0426,11.075829118173177,11.075829118173177,0.0,72.73244389113395,920.458692039204,0.0,0.0
2023,11,28,9,81.0426,72.78401991942374,72.78401991942374,0.0,11.02425308988339,909.2652589409284,0.0,0.0
2023,11,28,10,81.0426,128.3803386302538,128.38033863025382,44.572065620946674,0.0,950.9687328830662,0.0,0.0
2023,11,28,11,81.0426,181.51019119291925,181.51019119291928,97.70191818361212,0.0,1042.3827013026118,0.0,0.0
2023,11,28,12,81.0426,159.38955768799633,159.38955768799633,75.58128467868922,0.0,1113.0996872039725,0.0,0.0
2023,11,28,13,81.0426,206.96598332586333,206.96598332586333,123.1577103165562,0.0,1228.3311509337157,0.0,0.0
2023,11,28,14,81.0426,103.0951825201384,103.09518252013841,19.286909510831272,0.0,1246.376783708503,0.0,0.0
2023,11,28,15,81.0426,4.591660250671233,4.591660250671241,0.0,79.21661275863589,1165.9444997291469,0.0,0.0
2023,11,28,16,81.0426,0.0,-0.0,0.0,83.80827300930713,1080.8500911226756,0.0,0.0
2023,11,28,17,81.0426,0.0,-0.0,0.0,83.80827300930713,995.7556825162042,0.0,0.0
2023,11,28,18,81.0426,0.0,-0.0,0.0,83.80827300930713,910.6612739097328,0.0,0.0
2023,11,28,19,81.0426,0.0,-0.0,0.0,83.80827300930713,825.5668653032615,0.0,0.0
2023,11,28,20,81.0426,0.0,-0.0,0.0,83.80827300930713,740.4724566967901,0.0,0.0
2023,11,28,21,81.0426,0.0,-0.0,0.0,83.80827300930713,655.3780480903188,0.0,0.0
2023,11,28,22,81.0426,0.0,-0.0,0.0,83.80827300930713,570.2836394838473,0.0,0.0
2023,11,28,23,81.0426,0.0,-0.0,0.0,83.80827300930713,485.18923087737596,0.0,0.0
2023,11,29,0,81.0426,0.0,-0.0,0.0,83.80827300930713,400.09482227090456,0.0,0.0
2023,11,29,1,81.0426,0.0,-0.0,0.0,83.80827300930713,315.00041366443315,0.0,0.0
2023,11,29,2,81.0426,0.0,-0.0,0.0,83.80827300930713,229.90600505796178,0.0,0.0
2023,11,29,3,81.0426,0.0,-0.0,0.0,83.80827300930713,144.8115964514904,0.0,0.0
2023,11,29,4,81.0426,0.0,-0.0,0.0,0.0,144.8115964514904,0.0,81.0426
2023,11,29,5,81.0426,0.0,-0.0,0.0,83.80827300930713,59.717187845019,0.0,0.0
2023,11,29,6,81.0426,0.0,-0.0,0.0,0.0,59.717187845019,0.0,81.0426
2023,11,29,7,81.0426,0.0,-0.0,0.0,0.0,59.717187845019,0.0,81.0426
2023,11,29,8,81.0426,15.093531837510508,15.093531837510508,0.0,0.0,59.717187845019,0.0,66.44715471312733
2023,11,29,9,81.0426,63.49211285809918,63.49211285809918,0.0,0.0,59.717187845019,0.0,19.645726866218084
2023,11,29,10,81.0426,147.44503608996644,147.44503608996644,63.636763080659314,0.0,119.25838374707917,0.0,0.0
2023,11,29,11,81.0426,206.57817418307016,206.57817418307016,122.76990117376302,0.0,234.12699715216968,0.0,0.0
2023,11,29,12,81.0426,78.97345383840286,78.97345383840286,0.0,4.834819170904271,229.2179820478775,0.0,0.0
2023,11,29,13,81.0426,99.72899916069377,99.72899916069377,15.920726151386646,0.0,244.11407400468016,0.0,0.0
2023,11,29,14,81.0426,106.69405136525926,106.69405136525926,22.88577835595212,0.0,265.5269577922437,0.0,0.0
2023,11,29,15,81.0426,2.2958301253356166,2.2958301253356166,0.0,0.0,265.5269577922437,0.0,78.82253226880046
2023,11,29,16,81.0426,0.0,-0.0,0.0,83.80827300930713,180.43254918577233,0.0,0.0
2023,11,29,17,81.0426,0.0,-0.0,0.0,83.80827300930713,95.33814057930094,0.0,0.0
2023,11,29,18,81.0426,0.0,-0.0,0.0,83.80827300930713,10.24373197282955,0.0,0.0
2023,11,29,19,81.0426,0.0,-0.0,0.0,0.0,10.24373197282955,0.0,81.0426
2023,11,29,20,81.0426,0.0,-0.0,0.0,10.088905956011052,0.0,0.0,71.2866279405373
2023,11,29,21,81.0426,0.0,-0.0,0.0,-0.0,0.0,0.0,81.0426
2023,11,29,22,81.0426,0.0,-0.0,0.0,-0.0,0.0,0.0,81.0426
2023,11,29,23,81.0426,0.0,-0.0,0.0,0.0,-0.0,0.0,81.0426
2023,11,30,0,81.0426,0.0,-0.0,0.0,-0.0,0.0,0.0,81.0426
2023,11,30,1,81.0426,0.0,-0.0,0.0,0.0,-0.0,0.0,81.0426
2023,11,30,2,81.0426,0.0,-0.0,0.0,-0.0,0.0,0.0,81.0426
2023,11,30,3,81.0426,0.0,-0.0,0.0,-0.0,0.0,0.0,81.0426
2023,11,30,4,81.0426,0.0,-0.0,0.0,0.0,-0.0,0.0,81.0426
2023,11,30,5,81.0426,0.0,-0.0,0.0,-0.0,0.0,0.0,81.0426
2023,11,30,6,81.0426,0.0,-0.0,0.0,-0.0,0.0,0.0,81.0426
2023,11,30,7,81.0426,0.0,-0.0,0.0,-0.0,0.0,0.0,81.0426
2023,11,30,8,81.0426,318.49989279318163,83.80827300930713,0.0,0.0,0.0,234.6916197838745,0.0
2023,11,30,9,81.0426,746.6101617054272,83.80827300930713,0.0,0.0,0.0,662.8018886961202,0.0
2023,11,30,10,81.0426,969.6624682743518,83.80827300930713,0.0,0.0,-0.0,885.8541952650446,0.0
2023,11,30,11,81.0426,1161.116085888488,377.63883228522724,293.8305592759201,0.0,274.92006263242206,783.4772536032608,0.0
2023,11,30,12,81.0426,1125.7168673343267,1125.7168673343267,1041.9085943250195,0.0,1249.7729734901782,0.0,0.0
2023,11,30,13,81.0426,919.9298238025544,919.9298238025544,836.1215507932473,0.0,2032.0829880742717,0.0,0.0
2023,11,30,14,81.0426,516.2980679834142,516.2980679834142,432.48979497410704,0.0,2436.7383847599253,0.0,0.0
2023,11,30,15,81.0426,3.3041338965978806,3.304133896597877,0.0,80.50413911270925,2354.9988158344527,3.552713678800501e-15,0.0
2023,11,30,16,81.0426,0.0,-0.0,0.0,83.80827300930713,2269.904407227981,0.0,0.0
2023,11,30,17,81.0426,0.0,-0.0,0.0,83.80827300930713,2184.8099986215097,0.0,0.0
2023,11,30,18,81.0426,0.0,-0.0,0.0,83.80827300930713,2099.7155900150383,0.0,0.0
2023,11,30,19,81.0426,0.0,-0.0,0.0,83.80827300930713,2014.6211814085668,0.0,0.0
2023,11,30,20,81.0426,0.0,-0.0,0.0,83.80827300930713,1929.5267728020954,0.0,0.0
2023,11,30,21,81.0426,0.0,-0.0,0.0,83.80827300930713,1844.4323641956241,0.0,0.0
2023,11,30,22,81.0426,0.0,-0.0,0.0,83.80827300930713,1759.337955589153,0.0,0.0
2023,11,30,23,81.0426,0.0,-0.0,0.0,83.80827300930713,1674.2435469826814,0.0,0.0
2023,12,1,0,81.0426,0.0,-0.0,0.0,83.80827300930713,1589.14913837621,0.0,0.0
2023,12,1,1,81.0426,0.0,-0.0,0.0,83.80827300930713,1504.0547297697387,0.0,0.0
2023,12,1,2,81.0426,0.0,-0.0,0.0,83.80827300930713,1418.9603211632673,0.0,0.0
2023,12,1,3,81.0426,0.0,-0.0,0.0,83.80827300930713,1333.8659125567958,0.0,0.0
2023,12,1,4,81.0426,0.0,-0.0,0.0,83.80827300930713,1248.7715039503246,0.0,0.0
2023,12,1,5,81.0426,0.0,-0.0,0.0,83.80827300930713,1163.6770953438531,0.0,0.0
2023,12,1,6,81.0426,0.0,-0.0,0.0,83.80827300930713,1078.5826867373817,0.0,0.0
2023,12,1,7,81.0426,0.0,-0.0,0.0,83.80827300930713,993.4882781309103,0.0,0.0
2023,12,1,8,81.0426,38.99808739928203,38.99808739928203,0.0,44.8101856100251,947.9904280128457,0.0,0.0
2023,12,1,9,81.0426,113.31783152416675,113.31783152416675,29.509558514859624,0.0,975.6007953454758,0.0,0.0
2023,12,1,10,81.0426,239.43336476050837,239.43336476050837,155.62509175120124,0.0,1121.2100882551358,0.0,0.0
2023,12,1,11,81.0426,301.51385233884037,301.51385233884037,217.70557932953324,0.0,1324.9044611351862,0.0,0.0
2023,12,1,12,81.0426,337.3629294986417,337.3629294986416,253.55465648933452,0.0,1562.140718026124,5.684341886080802e-14,0.0
2023,12,1,13,81.0426,439.29468459040083,439.29468459040083,355.4864115810937,0.0,1894.7485542487548,0.0,0.0
2023,12,1,14,81.0426,182.08414872425314,182.08414872425317,98.27587571494603,0.0,1986.6995411487865,0.0,0.0
2023,12,1,15,81.0426,2.9628618509398836,2.9628618509398894,0.0,80.84541115836724,1904.6134629604876,0.0,0.0
2023,12,1,16,81.0426,0.0,-0.0,0.0,83.80827300930713,1819.5190543540161,0.0,0.0
2023,12,1,17,81.0426,0.0,-0.0,0.0,83.80827300930713,1734.4246457475447,0.0,0.0
2023,12,1,18,81.0426,0.0,-0.0,0.0,83.80827300930713,1649.3302371410732,0.0,0.0
2023,12,1,19,81.0426,0.0,-0.0,0.0,83.80827300930713,1564.2358285346018,0.0,0.0
2023,12,1,20,81.0426,0.0,-0.0,0.0,83.80827300930713,1479.1414199281305,0.0,0.0
2023,12,1,21,81.0426,0.0,-0.0,0.0,83.80827300930713,1394.0470113216593,0.0,0.0
2023,12,1,22,81.0426,0.0,-0.0,0.0,83.80827300930713,1308.9526027151878,0.0,0.0
2023,12,1,23,81.0426,0.0,-0.0,0.0,83.80827300930713,1223.8581941087164,0.0,0.0
2023,12,2,0,81.0426,0.0,-0.0,0.0,83.80827300930713,1138.7637855022451,0.0,0.0
2023,12,2,1,81.0426,0.0,-0.0,0.0,83.80827300930713,1053.6693768957737,0.0,0.0
2023,12,2,2,81.0426,0.0,-0.0,0.0,83.80827300930713,968.5749682893023,0.0,0.0
2023,12,2,3,81.0426,0.0,-0.0,0.0,83.80827300930713,883.480559682831,0.0,0.0
2023,12,2,4,81.0426,0.0,-0.0,0.0,83.80827300930713,798.3861510763595,0.0,0.0
2023,12,2,5,81.0426,0.0,-0.0,0.0,83.80827300930713,713.2917424698882,0.0,0.0
2023,12,2,6,81.0426,0.0,-0.0,0.0,83.80827300930713,628.1973338634167,0.0,0.0
2023,12,2,7,81.0426,0.0,-0.0,0.0,83.80827300930713,543.1029252569454,0.0,0.0
2023,12,2,8,81.0426,29.675155606533863,29.675155606533863,0.0,54.133117402773266,488.1390720953115,0.0,0.0
2023,12,2,9,81.0426,71.21727098253929,71.2172709825393,0.0,12.591002026767836,475.35484647224314,0.0,0.0
2023,12,2,10,81.0426,89.9717211280174,89.9717211280174,6.16344811871028,0.0,481.12162426078606,0.0,0.0
2023,12,2,11,81.0426,111.5183971016064,111.5183971016064,27.710124092299264,0.0,507.04836608702817,0.0,0.0
2023,12,2,12,81.0426,83.20832967770437,83.20832967770437,0.0,0.0,507.04836608702817,0.0,0.5801452016598698
2023,12,2,13,81.0426,94.00493621306646,94.00493621306647,10.196663203759332,0.0,516.5887872519583,0.0,0.0
2023,12,2,14,81.0426,35.78702769695451,35.78702769695451,0.0,48.02124531235262,467.8305999791202,0.0,0.0
2023,12,2,15,81.0426,0.0,-0.0,0.0,83.80827300930713,382.7361913726488,0.0,0.0
2023,12,2,16,81.0426,0.0,-0.0,0.0,83.80827300930713,297.64178276617747,0.0,0.0
2023,12,2,17,81.0426,0.0,-0.0,0.0,83.80827300930713,212.54737415970607,0.0,0.0
2023,12,2,18,81.0426,0.0,-0.0,0.0,83.80827300930713,127.45296555323466,0.0,0.0
2023,12,2,19,81.0426,0.0,-0.0,0.0,41.7183404057954,85.09440860647139,0.0,40.70096482759584
2023,12,2,20,81.0426,0.0,-0.0,0.0,83.80827300930713,-0.0,0.0,0.0
2023,12,2,21,81.0426,0.0,-0.0,0.0,0.0,-0.0,0.0,81.0426
2023,12,2,22,81.0426,0.0,-0.0,0.0,0.0,-0.0,0.0,81.0426
2023,12,2,23,81.0426,0.0,-0.0,0.0,0.0,-0.0,0.0,81.0426
2023,12,3,0,81.0426,0.0,-0.0,0.0,0.0,-0.0,0.0,81.0426
2023,12,3,1,81.0426,0.0,-0.0,0.0,0.0,-0.0,0.0,81.0426
2023,12,3,2,81.0426,0.0,-0.0,0.0,0.0,-0.0,0.0,81.0426
2023,12,3,3,81.0426,0.0,-0.0,0.0,0.0,-0.0,0.0,81.0426
2023,12,3,4,81.0426,0.0,-0.0,0.0,0.0,-0.0,0.0,81.0426
2023,12,3,5,81.0426,0.0,-0.0,0.0,0.0,-0.0,0.0,81.0426
2023,12,3,6,81.0426,0.0,-0.0,0.0,0.0,-0.0,0.0,81.0426
2023,12,3,7,81.0426,0.0,-0.0,0.0,0.0,0.0,0.0,81.0426
2023,12,3,8,81.0426,102.62981154878675,83.80827300930713,-0.0,0.0,0.0,18.82153853947962,0.0
2023,12,3,9,81.0426,473.59252517902956,83.80827300930713,-0.0,0.0,0.0,389.78425216972244,0.0
2023,12,3,10,81.0426,442.7074050469808,387.5689375255208,303.7606645162137,0.0,284.2110811069316,55.13846752145997,0.0
2023,12,3,11,81.0426,732.6955696620078,732.6955696620078,648.8872966527007,0.0,891.3369589487434,0.0,0.0
2023,12,3,12,81.0426,634.285121586811,634.285121586811,550.4768485775039,0.0,1406.3859384067082,0.0,0.0
2023,12,3,13,81.0426,536.6658041629121,536.6658041629121,452.85753115360495,0.0,1830.0982341431172,0.0,0.0
2023,12,3,14,81.0426,216.86287264994542,216.86287264994542,133.0545996406383,0.0,1954.5896381579953,0.0,0.0
2023,12,3,15,81.0426,1.783922056848621,1.783922056848621,0.0,82.0243509524585,1871.3065279708424,0.0,0.0
2023,12,3,16,81.0426,0.0,0.0,0.0,83.80827300930713,1786.212119364371,0.0,0.0
2023,12,3,17,81.0426,0.0,0.0,0.0,83.80827300930713,1701.1177107578994,0.0,0.0
2023,12,3,18,81.0426,0.0,0.0,0.0,83.80827300930713,1616.023302151428,0.0,0.0
2023,12,3,19,81.0426,0.0,0.0,0.0,83.80827300930713,1530.9288935449565,0.0,0.0
2023,12,3,20,81.0426,0.0,0.0,0.0,83.80827300930713,1445.834484938485,0.0,0.0
2023,12,3,21,81.0426,0.0,0.0,0.0,83.80827300930713,1360.7400763320136,0.0,0.0
2023,12,3,22,81.0426,0.0,0.0,0.0,83.80827300930713,1275.6456677255421,0.0,0.0
2023,12,3,23,81.0426,0.0,0.0,0.0,83.80827300930713,1190.5512591190707,0.0,0.0
2023,12,4,0,81.0426,0.0,0.0,0.0,83.80827300930713,1105.4568505125992,0.0,0.0
2023,12,4,1,81.0426,0.0,0.0,0.0,83.80827300930713,1020.3624419061277,0.0,0.0
2023,12,4,2,81.0426,0.0,0.0,0.0,83.80827300930713,935.2680332996564,0.0,0.0
2023,12,4,3,81.0426,0.0,0.0,0.0,83.80827300930713,850.173624693185,0.0,0.0
2023,12,4,4,81.0426,0.0,0.0,0.0,83.80827300930713,765.0792160867137,0.0,0.0
2023,12,4,5,81.0426,0.0,0.0,0.0,83.80827300930713,679.9848074802424,0.0,0.0
2023,12,4,6,81.0426,0.0,0.0,0.0,83.80827300930713,594.890398873771,0.0,0.0
2023,12,4,7,81.0426,0.0,0.0,0.0,83.80827300930713,509.7959902672996,0.0,0.0
2023,12,4,8,81.0426,90.77836414502723,90.77836414502723,6.970091135720095,0.0,516.31749673112,0.0,0.0
2023,12,4,9,81.0426,430.6542968889688,430.6542968889688,346.8460238796617,0.0,840.8410277204905,0.0,0.0
2023,12,4,10,81.0426,626.5754758280826,626.5754758280826,542.7672028187754,0.0,1348.6765427243613,0.0,0.0
2023,12,4,11,81.0426,629.1039914390941,629.1039914390941,545.2957184297869,0.0,1858.8778418449672,0.0,0.0
2023,12,4,12,81.0426,446.8181819605885,446.8181819605885,363.0099089512814,0.0,2198.5249743658587,0.0,0.0
2023,12,4,13,81.0426,325.06162348924215,325.06162348924215,241.25335047993502,0.0,2424.251618958816,0.0,0.0
2023,12,4,14,81.0426,97.15394645254707,97.15394645254707,13.345673443239944,0.0,2436.7383847599253,0.0,0.0
2023,12,4,15,81.0426,3.1024731423454277,3.102473142345433,0.0,80.7057998669617,2354.7940603609645,0.0,0.0
2023,12,4,16,81.0426,0.0,-0.0,0.0,83.80827300930713,2269.699651754493,0.0,0.0
2023,12,4,17,81.0426,0.0,-0.0,0.0,83.80827300930713,2184.6052431480216,0.0,0.0
2023,12,4,18,81.0426,0.0,-0.0,0.0,83.80827300930713,2099.51083454155,0.0,0.0
2023,12,4,19,81.0426,0.0,-0.0,0.0,83.80827300930713,2014.4164259350787,0.0,0.0
2023,12,4,20,81.0426,0.0,-0.0,0.0,83.80827300930713,1929.3220173286072,0.0,0.0
2023,12,4,21,81.0426,0.0,-0.0,0.0,83.80827300930713,1844.227608722136,0.0,0.0
2023,12,4,22,81.0426,0.0,-0.0,0.0,83.80827300930713,1759.1332001156647,0.0,0.0
2023,12,4,23,81.0426,0.0,-0.0,0.0,83.80827300930713,1674.0387915091933,0.0,0.0
2023,12,5,0,81.0426,0.0,-0.0,0.0,83.80827300930713,1588.9443829027218,0.0,0.0
2023,12,5,1,81.0426,0.0,-0.0,0.0,83.80827300930713,1503.8499742962506,0.0,0.0
2023,12,5,2,81.0426,0.0,-0.0,0.0,83.80827300930713,1418.7555656897791,0.0,0.0
2023,12,5,3,81.0426,0.0,-0.0,0.0,83.80827300930713,1333.6611570833077,0.0,0.0
2023,12,5,4,81.0426,0.0,-0.0,0.0,83.80827300930713,1248.5667484768364,0.0,0.0
2023,12,5,5,81.0426,0.0,-0.0,0.0,83.80827300930713,1163.472339870365,0.0,0.0
2023,12,5,6,81.0426,0.0,-0.0,0.0,83.80827300930713,1078.3779312638935,0.0,0.0
2023,12,5,7,81.0426,0.0,-0.0,0.0,83.80827300930713,993.2835226574222,0.0,0.0
2023,12,5,8,81.0426,20.522859836615005,20.52285983661501,0.0,63.285413172692124,929.0269210836326,0.0,0.0
2023,12,5,9,81.0426,156.225035082804,156.225035082804,72.41676207349687,0.0,996.783048335828,0.0,0.0
2023,12,5,10,81.0426,314.9010239480609,314.9010239480609,231.0927509387538,0.0,1213.0030144228865,0.0,0.0
2023,12,5,11,81.0426,323.37077562666394,323.37077562666394,239.5625026173568,0.0,1437.1476316003582,0.0,0.0
2023,12,5,12,81.0426,315.21127126229544,315.21127126229544,231.4029982529883,0.0,1653.6578779471388,0.0,0.0
2023,12,5,13,81.0426,148.79461190688673,148.79461190688673,64.9863388975796,0.0,1714.4617929789902,0.0,0.0
2023,12,5,14,81.0426,31.319466371977093,31.319466371977093,0.0,52.488806637330036,1661.167484447337,0.0,0.0
2023,12,5,15,81.0426,0.0,-0.0,0.0,83.80827300930713,1576.0730758408656,0.0,0.0
2023,12,5,16,81.0426,0.0,-0.0,0.0,83.80827300930713,1490.9786672343942,0.0,0.0
2023,12,5,17,81.0426,0.0,-0.0,0.0,83.80827300930713,1405.8842586279227,0.0,0.0
2023,12,5,18,81.0426,0.0,-0.0,0.0,83.80827300930713,1320.7898500214512,0.0,0.0
2023,12,5,19,81.0426,0.0,-0.0,0.0,83.80827300930713,1235.69544141498,0.0,0.0
2023,12,5,20,81.0426,0.0,-0.0,0.0,83.80827300930713,1150.6010328085085,0.0,0.0
2023,12,5,21,81.0426,0.0,-0.0,0.0,83.80827300930713,1065.506624202037,0.0,0.0
2023,12,5,22,81.0426,0.0,-0.0,0.0,83.80827300930713,980.4122155955658,0.0,0.0
2023,12,5,23,81.0426,0.0,-0.0,0.0,83.80827300930713,895.3178069890945,0.0,0.0
2023,12,6,0,81.0426,0.0,-0.0,0.0,83.80827300930713,810.2233983826231,0.0,0.0
2023,12,6,1,81.0426,0.0,-0.0,0.0,83.80827300930713,725.1289897761517,0.0,0.0
2023,12,6,2,81.0426,0.0,-0.0,0.0,83.80827300930713,640.0345811696803,0.0,0.0
2023,12,6,3,81.0426,0.0,-0.0,0.0,83.80827300930713,554.940172563209,0.0,0.0
2023,12,6,4,81.0426,0.0,-0.0,0.0,83.80827300930713,469.8457639567375,0.0,0.0
2023,12,6,5,81.0426,0.0,-0.0,0.0,83.80827300930713,384.7513553502662,0.0,0.0
2023,12,6,6,81.0426,0.0,-0.0,0.0,83.80827300930713,299.6569467437948,0.0,0.0
2023,12,6,7,81.0426,0.0,-0.0,0.0,83.80827300930713,214.56253813732337,0.0,0.0
2023,12,6,8,81.0426,24.24582760742952,24.245827607429522,0.0,59.56244540187761,154.08603761254636,0.0,0.0
2023,12,6,9,81.0426,80.72635116382787,80.72635116382787,0.0,3.0819218454792563,150.95682008549747,0.0,0.0
2023,12,6,10,81.0426,235.13643945835994,235.13643945835994,151.32816644905282,0.0,292.5457313980065,0.0,0.0
2023,12,6,11,81.0426,304.3060781669511,304.3060781669511,220.497805157644,0.0,498.85262661555555,0.0,0.0
2023,12,6,12,81.0426,213.82244897044686,213.82244897044689,130.01417596113973,0.0,620.499284085157,0.0,0.0
2023,12,6,13,81.0426,89.69249854520632,89.69249854520632,5.8842255358991915,0.0,626.00480963995,0.0,0.0
2023,12,6,14,81.0426,116.8081138093052,116.80811380930518,32.99984079999806,0.0,656.8808298944537,1.4210854715202004e-14,0.0
2023,12,6,15,81.0426,0.43434623992835986,0.4343462399283613,0.0,83.37392676937877,572.2274330770338,0.0,0.0
2023,12,6,16,81.0426,0.0,-0.0,0.0,83.80827300930713,487.1330244705623,0.0,0.0
2023,12,6,17,81.0426,0.0,-0.0,0.0,83.80827300930713,402.0386158640909,0.0,0.0
2023,12,6,18,81.0426,0.0,-0.0,0.0,83.80827300930713,316.9442072576195,0.0,0.0
2023,12,6,19,81.0426,0.0,-0.0,0.0,83.80827300930713,231.84979865114812,0.0,0.0
2023,12,6,20,81.0426,0.0,-0.0,0.0,83.80827300930713,146.75539004467674,0.0,0.0
2023,12,6,21,81.0426,0.0,-0.0,0.0,83.80827300930713,61.66098143820534,0.0,0.0
2023,12,6,22,81.0426,0.0,-0.0,0.0,60.72902381040734,-0.0,0.0,22.317633975336097
2023,12,6,23,81.0426,0.0,-0.0,0.0,0.0,-0.0,0.0,81.0426
2023,12,7,0,81.0426,0.0,-0.0,0.0,0.0,-0.0,0.0,81.0426
2023,12,7,1,81.0426,0.0,-0.0,0.0,0.0,-0.0,0.0,81.0426
2023,12,7,2,81.0426,0.0,-0.0,0.0,0.0,-0.0,0.0,81.0426
2023,12,7,3,81.0426,0.0,-0.0,0.0,0.0,-0.0,0.0,81.0426
2023,12,7,4,81.0426,0.0,-0.0,0.0,0.0,-0.0,0.0,81.0426
2023,12,7,5,81.0426,0.0,-0.0,0.0,0.0,-0.0,0.0,81.0426
2023,12,7,6,81.0426,0.0,-0.0,0.0,0.0,-0.0,0.0,81.0426
2023,12,7,7,81.0426,0.0,-0.0,0.0,0.0,-0.0,0.0,81.0426
2023,12,7,8,81.0426,3.9091161593552393,3.9091161593552393,0.0,0.0,-0.0,0.0,77.26248467390347
2023,12,7,9,81.0426,41.27840515890576,41.27840515890576,0.0,0.0,0.0,0.0,41.126382211338125
2023,12,7,10,81.0426,135.90383600044146,135.90383600044146,52.09556299113432,0.0,48.7427702403984,0.0,0.0
2023,12,7,11,81.0426,89.11854101387242,89.11854101387242,5.310268004565284,0.0,53.71127731470555,0.0,0.0
2023,12,7,12,81.0426,90.32850553938712,90.32850553938712,6.520232530079995,0.0,59.81187740192883,0.0,0.0
2023,12,7,13,81.0426,41.43352881602319,41.43352881602319,0.0,0.0,59.81187740192883,0.0,40.97637763490557
2023,12,7,14,81.0426,41.94543688451003,41.94543688451003,0.0,41.8628361247971,17.306607280998985,0.0,0.0
2023,12,7,15,81.0426,0.0,-0.0,0.0,17.04503141420881,0.0,0.0,64.56005462246007
2023,12,7,16,81.0426,0.0,-0.0,0.0,0.0,-0.0,0.0,81.0426
2023,12,7,17,81.0426,0.0,-0.0,0.0,0.0,-0.0,0.0,81.0426
2023,12,7,18,81.0426,0.0,-0.0,0.0,0.0,-0.0,0.0,81.0426
2023,12,7,19,81.0426,0.0,-0.0,0.0,0.0,-0.0,0.0,81.0426
2023,12,7,20,81.0426,0.0,-0.0,0.0,0.0,-0.0,0.0,81.0426
2023,12,7,21,81.0426,0.0,-0.0,0.0,0.0,-0.0,0.0,81.0426
2023,12,7,22,81.0426,0.0,-0.0,0.0,0.0,-0.0,0.0,81.0426
2023,12,7,23,81.0426,0.0,-0.0,0.0,0.0,-0.0,0.0,81.0426
2023,12,8,0,81.0426,0.0,-0.0,0.0,0.0,-0.0,0.0,81.0426
2023,12,8,1,81.0426,0.0,-0.0,0.0,0.0,-0.0,0.0,81.0426
2023,12,8,2,81.0426,0.0,-0.0,0.0,0.0,-0.0,0.0,81.0426
2023,12,8,3,81.0426,0.0,-0.0,0.0,0.0,-0.0,0.0,81.0426
2023,12,8,4,81.0426,0.0,-0.0,0.0,0.0,-0.0,0.0,81.0426
2023,12,8,5,81.0426,0.0,-0.0,0.0,0.0,-0.0,0.0,81.0426
2023,12,8,6,81.0426,0.0,-0.0,0.0,0.0,-0.0,0.0,81.0426
2023,12,8,7,81.0426,0.0,-0.0,0.0,0.0,-0.0,0.0,81.0426
2023,12,8,8,81.0426,142.18634411369078,142.18634411369078,58.37807110438366,0.0,54.620945499770585,0.0,0.0
2023,12,8,9,81.0426,326.6438847918382,326.6438847918382,242.83561178253106,0.0,281.82801941731014,0.0,0.0
2023,12,8,10,81.0426,388.42963742164756,388.42963742164756,304.6213644123404,0.0,566.8444070585042,0.0,0.0
2023,12,8,11,81.0426,320.25279011860675,320.2527901186068,236.44451710929965,0.0,788.0717076257688,0.0,0.0
2023,12,8,12,81.0426,249.857674518789,249.857674518789,166.04940150948187,0.0,943.4344172620911,0.0,0.0
2023,12,8,13,81.0426,105.57716103401489,105.5771610340149,21.76888802470777,0.0,963.8022921146551,0.0,0.0
2023,12,8,14,81.0426,28.48070344673087,28.48070344673087,0.0,27.344169305860536,936.0384946711852,0.0,27.059948048244156
2023,12,8,15,81.0426,0.0,-0.0,0.0,83.80827300930713,850.9440860647138,0.0,0.0
2023,12,8,16,81.0426,0.0,-0.0,0.0,83.80827300930713,765.8496774582425,0.0,0.0
2023,12,8,17,81.0426,0.0,-0.0,0.0,83.80827300930713,680.7552688517711,0.0,0.0
2023,12,8,18,81.0426,0.0,-0.0,0.0,83.80827300930713,595.6608602452998,0.0,0.0
2023,12,8,19,81.0426,0.0,-0.0,0.0,83.80827300930713,510.56645163882837,0.0,0.0
2023,12,8,20,81.0426,0.0,-0.0,0.0,83.80827300930713,425.47204303235696,0.0,0.0
2023,12,8,21,81.0426,0.0,-0.0,0.0,83.80827300930713,340.37763442588556,0.0,0.0
2023,12,8,22,81.0426,0.0,-0.0,0.0,83.80827300930713,255.28322581941416,0.0,0.0
2023,12,8,23,81.0426,0.0,-0.0,0.0,83.80827300930713,170.18881721294278,0.0,0.0
2023,12,9,0,81.0426,0.0,-0.0,0.0,83.80827300930713,85.09440860647139,0.0,0.0
2023,12,9,1,81.0426,0.0,-0.0,0.0,0.0,85.09440860647139,0.0,81.0426
2023,12,9,2,81.0426,0.0,-0.0,0.0,83.80827300930713,0.0,0.0,0.0
2023,12,9,3,81.0426,0.0,-0.0,0.0,-0.0,0.0,0.0,81.0426
2023,12,9,4,81.0426,0.0,-0.0,0.0,0.0,-0.0,0.0,81.0426
2023,12,9,5,81.0426,0.0,-0.0,0.0,-0.0,0.0,0.0,81.0426
2023,12,9,6,81.0426,0.0,-0.0,0.0,0.0,-0.0,0.0,81.0426
2023,12,9,7,81.0426,0.0,-0.0,0.0,0.0,-0.0,0.0,81.0426
2023,12,9,8,81.0426,0.43434623992835986,0.43434623992835986,0.0,-0.0,0.0,0.0,80.62258718598927
2023,12,9,9,81.0426,27.410350212621857,27.410350212621857,0.0,-0.0,0.0,0.0,54.53679134439466
2023,12,9,10,81.0426,41.4955782788701,41.4955782788701,0.0,-0.0,0.0,0.0,40.91637580433261
2023,12,9,11,81.0426,106.38380405102473,106.38380405102473,22.575531041717593,0.0,21.12260352784149,0.0,0.0
2023,12,9,12,81.0426,111.44083527304777,111.44083527304777,27.63256226374064,0.0,46.97677528915306,0.0,0.0
2023,12,9,13,81.0426,76.80172263876106,76.80172263876106,0.0,7.006550370546068,39.86270123960355,0.0,0.0
2023,12,9,14,81.0426,10.563921049686027,10.563921049686027,0.0,39.26020761043367,0.0,0.0,32.86266758566423
2023,12,9,15,81.0426,0.0,-0.0,0.0,0.0,-0.0,0.0,81.0426
2023,12,9,16,81.0426,0.0,-0.0,0.0,-0.0,0.0,0.0,81.0426
2023,12,9,17,81.0426,0.0,-0.0,0.0,-0.0,0.0,0.0,81.0426
2023,12,9,18,81.0426,0.0,-0.0,0.0,-0.0,0.0,0.0,81.0426
2023,12,9,19,81.0426,0.0,-0.0,0.0,0.0,-0.0,0.0,81.0426
2023,12,9,20,81.0426,0.0,-0.0,0.0,-0.0,0.0,0.0,81.0426
2023,12,9,21,81.0426,0.0,-0.0,0.0,-0.0,0.0,0.0,81.0426
2023,12,9,22,81.0426,0.0,-0.0,0.0,0.0,-0.0,0.0,81.0426
2023,12,9,23,81.0426,0.0,-0.0,0.0,-0.0,0.0,0.0,81.0426
2023,12,10,0,81.0426,0.0,-0.0,0.0,-0.0,0.0,0.0,81.0426
2023,12,10,1,81.0426,0.0,-0.0,0.0,-0.0,0.0,0.0,81.0426
2023,12,10,2,81.0426,0.0,-0.0,0.0,-0.0,0.0,0.0,81.0426
2023,12,10,3,81.0426,0.0,-0.0,0.0,-0.0,0.0,0.0,81.0426
2023,12,10,4,81.0426,0.0,-0.0,0.0,0.0,-0.0,0.0,81.0426
2023,12,10,5,81.0426,0.0,-0.0,0.0,-0.0,0.0,0.0,81.0426
2023,12,10,6,81.0426,0.0,-0.0,0.0,0.0,-0.0,0.0,81.0426
2023,12,10,7,81.0426,0.0,-0.0,0.0,-0.0,0.0,0.0,81.0426
2023,12,10,8,81.0426,8.314628021485747,8.314628021485747,0.0,-0.0,0.0,0.0,73.00235470322328
2023,12,10,9,81.0426,106.98878631378209,106.98878631378209,23.180513304474953,0.0,21.68865003429957,0.0,0.0
2023,12,10,10,81.0426,291.8496485004342,291.8496485004342,208.0413754911271,0.0,216.34079282400666,0.0,0.0
2023,12,10,11,81.0426,287.36657480974526,287.36657480974526,203.5583018004381,0.0,406.7983858607297,0.0,0.0
2023,12,10,12,81.0426,152.0522087063494,152.0522087063494,68.24393569704228,0.0,470.6502436196629,0.0,0.0
2023,12,10,13,81.0426,55.47221978513625,55.47221978513625,0.0,28.336053224170882,441.8793406434789,0.0,0.0
2023,12,10,14,81.0426,14.62816086615869,14.628160866158696,0.0,69.18011214314843,371.6375790754193,0.0,0.0
2023,12,10,15,81.0426,0.0,-0.0,0.0,83.80827300930713,286.5431704689479,0.0,0.0
2023,12,10,16,81.0426,0.0,-0.0,0.0,83.80827300930713,201.44876186247654,0.0,0.0
2023,12,10,17,81.0426,0.0,-0.0,0.0,83.80827300930713,116.35435325600515,0.0,0.0
2023,12,10,18,81.0426,0.0,-0.0,0.0,83.80827300930713,31.25994464953376,0.0,0.0
2023,12,10,19,81.0426,0.0,-0.0,0.0,30.7874749745275,0.0,0.0,51.2711116996319
2023,12,10,20,81.0426,0.0,-0.0,0.0,0.0,-0.0,0.0,81.0426
2023,12,10,21,81.0426,0.0,-0.0,0.0,-0.0,0.0,0.0,81.0426
2023,12,10,22,81.0426,0.0,-0.0,0.0,-0.0,0.0,0.0,81.0426
2023,12,10,23,81.0426,0.0,-0.0,0.0,-0.0,0.0,0.0,81.0426
2023,12,11,0,81.0426,0.0,-0.0,0.0,-0.0,0.0,0.0,81.0426
2023,12,11,1,81.0426,0.0,-0.0,0.0,-0.0,0.0,0.0,81.0426
2023,12,11,2,81.0426,0.0,-0.0,0.0,-0.0,0.0,0.0,81.0426
2023,12,11,3,81.0426,0.0,-0.0,0.0,-0.0,0.0,0.0,81.0426
2023,12,11,4,81.0426,0.0,-0.0,0.0,-0.0,0.0,0.0,81.0426
2023,12,11,5,81.0426,0.0,-0.0,0.0,-0.0,0.0,0.0,81.0426
2023,12,11,6,81.0426,0.0,-0.0,0.0,0.0,-0.0,0.0,81.0426
2023,12,11,7,81.0426,0.0,-0.0,0.0,-0.0,0.0,0.0,81.0426
2023,12,11,8,81.0426,1.8925086168307108,1.8925086168307108,0.0,-0.0,0.0,0.0,79.2125441675247
2023,12,11,9,81.0426,113.2402696956081,113.2402696956081,29.431996686300977,0.0,27.537797267699684,0.0,0.0
2023,12,11,10,81.0426,215.6529081244307,215.6529081244307,131.84463511512357,0.0,150.8971082696615,0.0,0.0
2023,12,11,11,81.0426,125.82079828781882,125.82079828781883,42.012525278511696,0.0,190.20577006909195,0.0,0.0
2023,12,11,12,81.0426,281.7666107878117,281.7666107878117,197.9583377785046,0.0,375.42380441783126,0.0,0.0
2023,12,11,13,81.0426,210.36319141673175,210.36319141673175,126.55491840742461,0.0,493.8338369915313,0.0,0.0
2023,12,11,14,81.0426,34.40642714861079,34.40642714861079,0.0,49.40184586069634,443.6738622463512,0.0,0.0
2023,12,11,15,81.0426,0.6670317256042669,0.6670317256042626,0.0,83.14124128370287,359.2567217444944,4.3298697960381105e-15,0.0
2023,12,11,16,81.0426,0.0,-0.0,0.0,83.80827300930713,274.162313138023,0.0,0.0
2023,12,11,17,81.0426,0.0,-0.0,0.0,83.80827300930713,189.06790453155165,0.0,0.0
2023,12,11,18,81.0426,0.0,-0.0,0.0,83.80827300930713,103.97349592508026,0.0,0.0
2023,12,11,19,81.0426,0.0,-0.0,0.0,83.80827300930713,18.879087318608867,0.0,0.0
2023,12,11,20,81.0426,0.0,-0.0,0.0,18.593744642867083,0.0,0.0,63.06244893034752
2023,12,11,21,81.0426,0.0,-0.0,0.0,0.0,-0.0,0.0,81.0426
2023,12,11,22,81.0426,0.0,-0.0,0.0,-0.0,0.0,0.0,81.0426
2023,12,11,23,81.0426,0.0,-0.0,0.0,0.0,-0.0,0.0,81.0426
2023,12,12,0,81.0426,0.0,-0.0,0.0,-0.0,0.0,0.0,81.0426
2023,12,12,1,81.0426,0.0,-0.0,0.0,-0.0,0.0,0.0,81.0426
2023,12,12,2,81.0426,0.0,-0.0,0.0,-0.0,0.0,0.0,81.0426
2023,12,12,3,81.0426,0.0,-0.0,0.0,0.0,-0.0,0.0,81.0426
2023,12,12,4,81.0426,0.0,-0.0,0.0,-0.0,0.0,0.0,81.0426
2023,12,12,5,81.0426,0.0,-0.0,0.0,-0.0,0.0,0.0,81.0426
2023,12,12,6,81.0426,0.0,-0.0,0.0,-0.0,0.0,0.0,81.0426
2023,12,12,7,81.0426,0.0,-0.0,0.0,-0.0,0.0,0.0,81.0426
2023,12,12,8,81.0426,0.0,-0.0,0.0,-0.0,0.0,0.0,81.0426
2023,12,12,9,81.0426,11.835935038047806,11.835935038047806,0.0,-0.0,0.0,0.0,69.59725081820777
2023,12,12,10,81.0426,43.01579011861936,43.01579011861936,0.0,-0.0,0.0,0.0,39.446330955295075
2023,12,12,11,81.0426,69.57296021709622,69.57296021709622,0.0,-0.0,0.0,0.0,13.765547470067947
2023,12,12,12,81.0426,16.47413238585422,16.47413238585422,0.0,0.0,-0.0,0.0,65.11211398287897
2023,12,12,13,81.0426,11.634274283795353,11.634274283795353,0.0,-0.0,0.0,0.0,69.79225676756988
2023,12,12,14,81.0426,15.651977003132682,15.651977003132682,0.0,0.0,-0.0,0.0,65.90713823797068
2023,12,12,15,81.0426,0.0,-0.0,0.0,0.0,-0.0,0.0,81.0426
2023,12,12,16,81.0426,0.0,-0.0,0.0,0.0,-0.0,0.0,81.0426
2023,12,12,17,81.0426,0.0,-0.0,0.0,-0.0,0.0,0.0,81.0426
2023,12,12,18,81.0426,0.0,-0.0,0.0,-0.0,0.0,0.0,81.0426
2023,12,12,19,81.0426,0.0,-0.0,0.0,-0.0,0.0,0.0,81.0426
2023,12,12,20,81.0426,0.0,-0.0,0.0,-0.0,0.0,0.0,81.0426
2023,12,12,21,81.0426,0.0,-0.0,0.0,-0.0,0.0,0.0,81.0426
2023,12,12,22,81.0426,0.0,-0.0,0.0,0.0,-0.0,0.0,81.0426
2023,12,12,23,81.0426,0.0,-0.0,0.0,-0.0,0.0,0.0,81.0426
2023,12,13,0,81.0426,0.0,-0.0,0.0,-0.0,0.0,0.0,81.0426
2023,12,13,1,81.0426,0.0,-0.0,0.0,0.0,-0.0,0.0,81.0426
2023,12,13,2,81.0426,0.0,-0.0,0.0,-0.0,0.0,0.0,81.0426
2023,12,13,3,81.0426,0.0,-0.0,0.0,0.0,-0.0,0.0,81.0426
2023,12,13,4,81.0426,0.0,-0.0,0.0,0.0,-0.0,0.0,81.0426
2023,12,13,5,81.0426,0.0,-0.0,0.0,-0.0,0.0,0.0,81.0426
2023,12,13,6,81.0426,0.0,-0.0,0.0,0.0,-0.0,0.0,81.0426
2023,12,13,7,81.0426,0.0,-0.0,0.0,-0.0,0.0,0.0,81.0426
2023,12,13,8,81.0426,0.0,-0.0,0.0,-0.0,0.0,0.0,81.0426
2023,12,13,9,81.0426,5.925723701879767,5.925723701879767,0.0,-0.0,0.0,0.0,75.31242518028226
2023,12,13,10,81.0426,16.84642916293567,16.84642916293567,0.0,0.0,-0.0,0.0,64.7521029994412
2023,12,13,11,81.0426,20.150563059533553,20.150563059533553,0.0,-0.0,0.0,0.0,61.557005521431044
2023,12,13,12,81.0426,18.040881322738663,18.040881322738663,0.0,-0.0,0.0,0.0,63.597067760911706
2023,12,13,13,81.0426,12.549503860787254,12.549503860787254,0.0,-0.0,0.0,0.0,68.90722976661871
2023,12,13,14,81.0426,4.017702719337328,4.017702719337328,0.0,-0.0,0.0,0.0,77.1574814704008
2023,12,13,15,81.0426,0.0,-0.0,0.0,-0.0,0.0,0.0,81.0426
2023,12,13,16,81.0426,0.0,-0.0,0.0,0.0,-0.0,0.0,81.0426
2023,12,13,17,81.0426,0.0,-0.0,0.0,-0.0,0.0,0.0,81.0426
2023,12,13,18,81.0426,0.0,-0.0,0.0,-0.0,0.0,0.0,81.0426
2023,12,13,19,81.0426,0.0,-0.0,0.0,-0.0,0.0,0.0,81.0426
2023,12,13,20,81.0426,0.0,-0.0,0.0,0.0,-0.0,0.0,81.0426
2023,12,13,21,81.0426,0.0,-0.0,0.0,-0.0,0.0,0.0,81.0426
2023,12,13,22,81.0426,0.0,-0.0,0.0,-0.0,0.0,0.0,81.0426
2023,12,13,23,81.0426,0.0,-0.0,0.0,0.0,-0.0,0.0,81.0426
2023,12,14,0,81.0426,0.0,-0.0,0.0,-0.0,0.0,0.0,81.0426
2023,12,14,1,81.0426,0.0,-0.0,0.0,-0.0,0.0,0.0,81.0426
2023,12,14,2,81.0426,0.0,-0.0,0.0,0.0,-0.0,0.0,81.0426
2023,12,14,3,81.0426,0.0,-0.0,0.0,-0.0,0.0,0.0,81.0426
2023,12,14,4,81.0426,0.0,-0.0,0.0,-0.0,0.0,0.0,81.0426
2023,12,14,5,81.0426,0.0,-0.0,0.0,-0.0,0.0,0.0,81.0426
2023,12,14,6,81.0426,0.0,-0.0,0.0,-0.0,0.0,0.0,81.0426
2023,12,14,7,81.0426,0.0,-0.0,0.0,-0.0,0.0,0.0,81.0426
2023,12,14,8,81.0426,0.0,-0.0,0.0,0.0,-0.0,0.0,81.0426
2023,12,14,9,81.0426,13.49575816920261,13.49575816920261,0.0,-0.0,0.0,0.0,67.99220185038106
2023,12,14,10,81.0426,67.24610536033714,67.24610536033714,0.0,-0.0,0.0,0.0,16.015616116553982
2023,12,14,11,81.0426,115.39648852953817,115.39648852953817,31.588215520231053,0.0,29.555245072768216,0.0,0.0
2023,12,14,12,81.0426,242.53583790285379,242.53583790285379,158.72756489354666,0.0,178.06734057964914,0.0,0.0
2023,12,14,13,81.0426,82.10695171217174,82.10695171217174,0.0,0.0,178.06734057964914,0.0,1.6451776943299274
2023,12,14,14,81.0426,37.152115879586496,37.1521158795865,0.0,46.65615712972063,130.69519035811575,0.0,0.0
2023,12,14,15,81.0426,0.0,-0.0,0.0,83.80827300930713,45.60078175164437,0.0,0.0
2023,12,14,16,81.0426,0.0,-0.0,0.0,44.911561512268406,0.0,0.0,37.61312001763645
2023,12,14,17,81.0426,0.0,-0.0,0.0,-0.0,0.0,0.0,81.0426
2023,12,14,18,81.0426,0.0,-0.0,0.0,0.0,-0.0,0.0,81.0426
2023,12,14,19,81.0426,0.0,-0.0,0.0,-0.0,0.0,0.0,81.0426
2023,12,14,20,81.0426,0.0,-0.0,0.0,-0.0,0.0,0.0,81.0426
2023,12,14,21,81.0426,0.0,-0.0,0.0,0.0,-0.0,0.0,81.0426
2023,12,14,22,81.0426,0.0,-0.0,0.0,-0.0,0.0,0.0,81.0426
2023,12,14,23,81.0426,0.0,-0.0,0.0,-0.0,0.0,0.0,81.0426
2023,12,15,0,81.0426,0.0,-0.0,0.0,-0.0,0.0,0.0,81.0426
2023,12,15,1,81.0426,0.0,-0.0,0.0,-0.0,0.0,0.0,81.0426
2023,12,15,2,81.0426,0.0,-0.0,0.0,-0.0,0.0,0.0,81.0426
2023,12,15,3,81.0426,0.0,-0.0,0.0,-0.0,0.0,0.0,81.0426
2023,12,15,4,81.0426,0.0,-0.0,0.0,0.0,-0.0,0.0,81.0426
2023,12,15,5,81.0426,0.0,-0.0,0.0,-0.0,0.0,0.0,81.0426
2023,12,15,6,81.0426,0.0,-0.0,0.0,-0.0,0.0,0.0,81.0426
2023,12,15,7,81.0426,0.0,-0.0,0.0,-0.0,0.0,0.0,81.0426
2023,12,15,8,81.0426,2.792225828110885,2.792225828110885,0.0,-0.0,0.0,0.0,78.34251762421677
2023,12,15,9,81.0426,423.28592317589846,423.28592317589846,339.47765016659133,0.0,317.62937482097095,0.0,0.0
2023,12,15,10,81.0426,286.5754441584471,286.5754441584471,202.76717114914,0.0,507.34675319540264,0.0,0.0
2023,12,15,11,81.0426,474.0889208818048,474.0889208818048,390.2806478724977,0.0,872.5095205458659,0.0,0.0
2023,12,15,12,81.0426,287.27350061547486,287.27350061547486,203.46522760616773,0.0,1062.8800295046722,0.0,0.0
2023,12,15,13,81.0426,114.2020363697352,114.20203636973521,30.393763360428075,0.0,1091.3176955775104,0.0,0.0
2023,12,15,14,81.0426,23.7804566360777,23.780456636077705,0.0,60.02781637322943,1030.3686824216068,0.0,0.0
2023,12,15,15,81.0426,0.0,-0.0,0.0,83.80827300930713,945.2742738151354,0.0,0.0
2023,12,15,16,81.0426,0.0,-0.0,0.0,83.80827300930713,860.1798652086641,0.0,0.0
2023,12,15,17,81.0426,0.0,-0.0,0.0,83.80827300930713,775.0854566021927,0.0,0.0
2023,12,15,18,81.0426,0.0,-0.0,0.0,83.80827300930713,689.9910479957214,0.0,0.0
2023,12,15,19,81.0426,0.0,-0.0,0.0,83.80827300930713,604.89663938925,0.0,0.0
2023,12,15,20,81.0426,0.0,-0.0,0.0,83.80827300930713,519.8022307827787,0.0,0.0
2023,12,15,21,81.0426,0.0,-0.0,0.0,83.80827300930713,434.7078221763072,0.0,0.0
2023,12,15,22,81.0426,0.0,-0.0,0.0,83.80827300930713,349.6134135698358,0.0,0.0
2023,12,15,23,81.0426,0.0,-0.0,0.0,83.80827300930713,264.5190049633644,0.0,0.0
2023,12,16,0,81.0426,0.0,-0.0,0.0,83.80827300930713,179.42459635689303,0.0,0.0
2023,12,16,1,81.0426,0.0,-0.0,0.0,83.80827300930713,94.33018775042166,0.0,0.0
2023,12,16,2,81.0426,0.0,-0.0,0.0,83.80827300930713,9.235779143950262,0.0,0.0
2023,12,16,3,81.0426,0.0,-0.0,0.0,9.09618754775603,0.0,0.0,72.24658664131991
2023,12,16,4,81.0426,0.0,-0.0,0.0,-0.0,0.0,0.0,81.0426
2023,12,16,5,81.0426,0.0,-0.0,0.0,0.0,-0.0,0.0,81.0426
2023,12,16,6,81.0426,0.0,-0.0,0.0,-0.0,0.0,0.0,81.0426
2023,12,16,7,81.0426,0.0,-0.0,0.0,-0.0,0.0,0.0,81.0426
2023,12,16,8,81.0426,0.7911306512980841,0.7911306512980841,0.0,-0.0,0.0,0.0,80.27757666019474
2023,12,16,9,81.0426,233.01124535585336,83.80827300930713,0.0,0.0,-0.0,149.20297234654623,0.0
2023,12,16,10,81.0426,624.4657940912876,438.22509382407833,354.4168208147712,0.0,331.6070827230865,186.24070026720932,0.0
2023,12,16,11,81.0426,868.5994056624496,868.5994056624496,784.7911326531425,0.0,1065.8902283361604,0.0,0.0
2023,12,16,12,81.0426,709.8303426029221,709.8303426029221,626.0220695936149,0.0,1651.622451036454,0.0,0.0
2023,12,16,13,81.0426,655.490525514742,655.490525514742,571.6822525054348,0.0,2186.5120862464237,0.0,0.0
2023,12,16,14,81.0426,351.2464968106376,351.2464968106376,267.4382238013305,0.0,2436.7383847599253,0.0,0.0
2023,12,16,15,81.0426,0.0,-0.0,0.0,83.80827300930713,2351.643976153454,0.0,0.0
2023,12,16,16,81.0426,0.0,-0.0,0.0,83.80827300930713,2266.5495675469824,0.0,0.0
2023,12,16,17,81.0426,0.0,-0.0,0.0,83.80827300930713,2181.455158940511,0.0,0.0
2023,12,16,18,81.0426,0.0,-0.0,0.0,83.80827300930713,2096.3607503340395,0.0,0.0
2023,12,16,19,81.0426,0.0,-0.0,0.0,83.80827300930713,2011.266341727568,0.0,0.0
2023,12,16,20,81.0426,0.0,-0.0,0.0,83.80827300930713,1926.1719331210966,0.0,0.0
2023,12,16,21,81.0426,0.0,-0.0,0.0,83.80827300930713,1841.0775245146253,0.0,0.0
2023,12,16,22,81.0426,0.0,-0.0,0.0,83.80827300930713,1755.983115908154,0.0,0.0
2023,12,16,23,81.0426,0.0,-0.0,0.0,83.80827300930713,1670.8887073016826,0.0,0.0
2023,12,17,0,81.0426,0.0,-0.0,0.0,83.80827300930713,1585.7942986952112,0.0,0.0
2023,12,17,1,81.0426,0.0,-0.0,0.0,83.80827300930713,1500.69989008874,0.0,0.0
2023,12,17,2,81.0426,0.0,-0.0,0.0,83.80827300930713,1415.6054814822685,0.0,0.0
2023,12,17,3,81.0426,0.0,-0.0,0.0,83.80827300930713,1330.5110728757973,0.0,0.0
2023,12,17,4,81.0426,0.0,-0.0,0.0,83.80827300930713,1245.4166642693258,0.0,0.0
2023,12,17,5,81.0426,0.0,-0.0,0.0,83.80827300930713,1160.3222556628543,0.0,0.0
2023,12,17,6,81.0426,0.0,-0.0,0.0,83.80827300930713,1075.2278470563829,0.0,0.0
2023,12,17,7,81.0426,0.0,-0.0,0.0,83.80827300930713,990.1334384499115,0.0,0.0
2023,12,17,8,81.0426,0.0,-0.0,0.0,83.80827300930713,905.0390298434402,0.0,0.0
2023,12,17,9,81.0426,7.337348981646937,7.337348981646942,0.0,76.47092402766019,827.394570387731,0.0,0.0
2023,12,17,10,81.0426,20.16607542524528,20.166075425245282,0.0,63.64219758406185,762.7757091300778,0.0,0.0
2023,12,17,11,81.0426,98.75172012085496,98.75172012085496,14.943447111547826,0.0,776.7574182687558,0.0,0.0
2023,12,17,12,81.0426,96.33179106982554,96.33179106982553,12.523518060518406,0.0,788.4749413816016,1.4210854715202004e-14,0.0
2023,12,17,13,81.0426,63.87992200089236,63.87992200089236,0.0,19.92835100841477,768.240766607771,0.0,0.0
2023,12,17,14,81.0426,20.55388456803846,20.55388456803846,0.0,63.254388441268674,704.0156658760566,0.0,0.0
2023,12,17,15,81.0426,0.17063602282899853,0.1706360228290027,0.0,83.63763698647813,619.0945119009983,0.0,0.0
2023,12,17,16,81.0426,0.0,-0.0,0.0,83.80827300930713,534.000103294527,0.0,0.0
2023,12,17,17,81.0426,0.0,-0.0,0.0,83.80827300930713,448.9056946880555,0.0,0.0
2023,12,17,18,81.0426,0.0,-0.0,0.0,83.80827300930713,363.8112860815841,0.0,0.0
2023,12,17,19,81.0426,0.0,-0.0,0.0,83.80827300930713,278.7168774751127,0.0,0.0
2023,12,17,20,81.0426,0.0,-0.0,0.0,83.80827300930713,193.62246886864133,0.0,0.0
2023,12,17,21,81.0426,0.0,-0.0,0.0,83.80827300930713,108.52806026216994,0.0,0.0
2023,12,17,22,81.0426,0.0,-0.0,0.0,0.0,108.52806026216994,0.0,81.0426
2023,12,17,23,81.0426,0.0,-0.0,0.0,83.80827300930713,23.433651655698554,0.0,0.0
2023,12,18,0,81.0426,0.0,-0.0,0.0,0.0,23.433651655698554,0.0,81.0426
2023,12,18,1,81.0426,0.0,-0.0,0.0,23.07947029337989,0.0,0.0,58.72475222630164
2023,12,18,2,81.0426,0.0,-0.0,0.0,-0.0,0.0,0.0,81.0426
2023,12,18,3,81.0426,0.0,-0.0,0.0,0.0,-0.0,0.0,81.0426
2023,12,18,4,81.0426,0.0,-0.0,0.0,-0.0,0.0,0.0,81.0426
2023,12,18,5,81.0426,0.0,-0.0,0.0,0.0,-0.0,0.0,81.0426
2023,12,18,6,81.0426,0.0,-0.0,0.0,-0.0,0.0,0.0,81.0426
2023,12,18,7,81.0426,0.0,-0.0,0.0,-0.0,0.0,0.0,81.0426
2023,12,18,8,81.0426,0.07756182855863569,0.07756182855863569,0.0,-0.0,0.0,0.0,80.9675977117838
2023,12,18,9,81.0426,152.3779683862957,152.37796838629566,68.56969537698855,0.0,64.15665203164141,2.842170943040401e-14,0.0
2023,12,18,10,81.0426,118.73164715755952,118.73164715755951,34.923374148252385,0.0,96.83240989642212,1.4210854715202004e-14,0.0
2023,12,18,11,81.0426,138.5254258057232,138.5254258057232,54.71715279641605,0.0,148.02804833147206,0.0,0.0
2023,12,18,12,81.0426,163.0815007273874,163.08150072738744,79.27322771808028,0.0,222.19936932352562,0.0,0.0
2023,12,18,13,81.0426,67.92864945165314,67.92864945165314,0.0,15.879623557653986,206.07605444049616,0.0,0.0
2023,12,18,14,81.0426,175.7861282452918,175.7861282452918,91.97785523598466,0.0,292.13435206816916,0.0,0.0
2023,12,18,15,81.0426,0.0,-0.0,0.0,83.80827300930713,207.03994346169782,0.0,0.0
2023,12,18,16,81.0426,0.0,-0.0,0.0,83.80827300930713,121.94553485522641,0.0,0.0
2023,12,18,17,81.0426,0.0,-0.0,0.0,83.80827300930713,36.85112624875503,0.0,0.0
2023,12,18,18,81.0426,0.0,-0.0,0.0,25.348924901697934,11.113192559555758,0.0,56.53018962005809
2023,12,18,19,81.0426,0.0,-0.0,0.0,0.0,11.113192559555758,0.0,81.0426
2023,12,18,20,81.0426,0.0,-0.0,0.0,0.0,11.113192559555758,0.0,81.0426
2023,12,18,21,81.0426,0.0,-0.0,0.0,0.0,11.113192559555758,0.0,81.0426
2023,12,18,22,81.0426,0.0,-0.0,0.0,0.0,11.113192559555758,0.0,81.0426
2023,12,18,23,81.0426,0.0,-0.0,0.0,0.0,11.113192559555758,0.0,81.0426
2023,12,19,0,81.0426,0.0,-0.0,0.0,0.0,11.113192559555758,0.0,81.0426
2023,12,19,1,81.0426,0.0,-0.0,0.0,0.0,11.113192559555758,0.0,81.0426
2023,12,19,2,81.0426,0.0,-0.0,0.0,0.0,11.113192559555758,0.0,81.0426
2023,12,19,3,81.0426,0.0,-0.0,0.0,0.0,11.113192559555758,0.0,81.0426
2023,12,19,4,81.0426,0.0,-0.0,0.0,0.0,11.113192559555758,0.0,81.0426
2023,12,19,5,81.0426,0.0,-0.0,0.0,0.0,11.113192559555758,0.0,81.0426
2023,12,19,6,81.0426,0.0,-0.0,0.0,0.0,11.113192559555758,0.0,81.0426
2023,12,19,7,81.0426,0.0,-0.0,0.0,0.0,11.113192559555758,0.0,81.0426
2023,12,19,8,81.0426,0.0,-0.0,0.0,0.0,11.113192559555758,0.0,81.0426
2023,12,19,9,81.0426,0.0,-0.0,0.0,0.0,11.113192559555758,0.0,81.0426
2023,12,19,10,81.0426,2.419929051029434,2.419929051029434,0.0,0.0,11.113192559555758,0.0,78.70252860765453
2023,12,19,11,81.0426,4.033215085049056,4.033215085049056,0.0,0.0,11.113192559555758,0.0,77.14248101275756
2023,12,19,12,81.0426,1.1479150626678083,1.1479150626678083,0.0,0.0,11.113192559555758,0.0,79.93256613440022
2023,12,19,13,81.0426,0.0,-0.0,0.0,0.0,11.113192559555758,0.0,81.0426
2023,12,19,14,81.0426,0.0,-0.0,0.0,0.0,11.113192559555758,0.0,81.0426
2023,12,19,15,81.0426,0.0,-0.0,0.0,0.0,11.113192559555758,0.0,81.0426
2023,12,19,16,81.0426,0.0,-0.0,0.0,0.0,11.113192559555758,0.0,81.0426
2023,12,19,17,81.0426,0.0,-0.0,0.0,0.0,11.113192559555758,0.0,81.0426
2023,12,19,18,81.0426,0.0,-0.0,0.0,0.0,11.113192559555758,0.0,81.0426
2023,12,19,19,81.0426,0.0,-0.0,0.0,0.0,11.113192559555758,0.0,81.0426
2023,12,19,20,81.0426,0.0,-0.0,0.0,0.0,11.113192559555758,0.0,81.0426
2023,12,19,21,81.0426,0.0,-0.0,0.0,0.0,11.113192559555758,0.0,81.0426
2023,12,19,22,81.0426,0.0,-0.0,0.0,0.0,11.113192559555758,0.0,81.0426
2023,12,19,23,81.0426,0.0,-0.0,0.0,0.0,11.113192559555758,0.0,81.0426
2023,12,20,0,81.0426,0.0,-0.0,0.0,0.0,11.113192559555758,0.0,81.0426
2023,12,20,1,81.0426,0.0,-0.0,0.0,0.0,11.113192559555758,0.0,81.0426
2023,12,20,2,81.0426,0.0,-0.0,0.0,0.0,11.113192559555758,0.0,81.0426
2023,12,20,3,81.0426,0.0,-0.0,0.0,0.0,11.113192559555758,0.0,81.0426
2023,12,20,4,81.0426,0.0,-0.0,0.0,0.0,11.113192559555758,0.0,81.0426
2023,12,20,5,81.0426,0.0,-0.0,0.0,0.0,11.113192559555758,0.0,81.0426
2023,12,20,6,81.0426,0.0,-0.0,0.0,0.0,11.113192559555758,0.0,81.0426
2023,12,20,7,81.0426,0.0,-0.0,0.0,0.0,11.113192559555758,0.0,81.0426
2023,12,20,8,81.0426,0.6049822627573584,0.6049822627573584,0.0,0.0,11.113192559555758,0.0,80.45758215191363
2023,12,20,9,81.0426,102.49020025738106,102.49020025738106,18.68192724807393,0.0,28.592778827885038,0.0,0.0
2023,12,20,10,81.0426,199.87683219560418,199.87683219560418,116.06855918629704,0.0,137.19133862297852,0.0,0.0
2023,12,20,11,81.0426,379.23080455459336,379.23080455459336,295.42253154528623,0.0,413.60091656341257,0.0,0.0
2023,12,20,12,81.0426,288.5920517009715,288.5920517009715,204.7837786916644,0.0,605.2051166260377,0.0,0.0
2023,12,20,13,81.0426,164.55517547000147,164.55517547000142,80.74690246069432,0.0,680.7552688517711,5.684341886080802e-14,0.0
2023,12,20,14,81.0426,74.95575111906554,74.95575111906554,0.0,0.0,680.7552688517711,0.0,8.560388667863618
2023,12,20,15,81.0426,0.0,-0.0,0.0,83.80827300930713,595.6608602452998,0.0,0.0
2023,12,20,16,81.0426,0.0,-0.0,0.0,83.80827300930713,510.56645163882837,0.0,0.0
2023,12,20,17,81.0426,0.0,-0.0,0.0,83.80827300930713,425.47204303235696,0.0,0.0
2023,12,20,18,81.0426,0.0,-0.0,0.0,83.80827300930713,340.37763442588556,0.0,0.0
2023,12,20,19,81.0426,0.0,-0.0,0.0,83.80827300930713,255.28322581941416,0.0,0.0
2023,12,20,20,81.0426,0.0,-0.0,0.0,83.80827300930713,170.18881721294278,0.0,0.0
2023,12,20,21,81.0426,0.0,-0.0,0.0,83.80827300930713,85.09440860647139,0.0,0.0
2023,12,20,22,81.0426,0.0,-0.0,0.0,83.80827300930713,-0.0,0.0,0.0
2023,12,20,23,81.0426,0.0,-0.0,0.0,0.0,0.0,0.0,81.0426
2023,12,21,0,81.0426,0.0,-0.0,0.0,-0.0,0.0,0.0,81.0426
2023,12,21,1,81.0426,0.0,-0.0,0.0,-0.0,0.0,0.0,81.0426
2023,12,21,2,81.0426,0.0,-0.0,0.0,-0.0,0.0,0.0,81.0426
2023,12,21,3,81.0426,0.0,-0.0,0.0,-0.0,0.0,0.0,81.0426
2023,12,21,4,81.0426,0.0,-0.0,0.0,-0.0,0.0,0.0,81.0426
2023,12,21,5,81.0426,0.0,-0.0,0.0,-0.0,0.0,0.0,81.0426
2023,12,21,6,81.0426,0.0,-0.0,0.0,0.0,-0.0,0.0,81.0426
2023,12,21,7,81.0426,0.0,-0.0,0.0,-0.0,0.0,0.0,81.0426
2023,12,21,8,81.0426,0.0,-0.0,0.0,-0.0,0.0,0.0,81.0426
2023,12,21,9,81.0426,1.3185510854968068,1.3185510854968068,0.0,0.0,-0.0,0.0,79.76756110032458
2023,12,21,10,81.0426,4.979469393464412,4.979469393464412,0.0,-0.0,0.0,0.0,76.22745309651991
2023,12,21,11,81.0426,7.4304231759173,7.4304231759173,0.0,-0.0,0.0,0.0,73.85738078888797
2023,12,21,12,81.0426,9.21434523276592,9.21434523276592,0.0,-0.0,0.0,0.0,72.13232815991535
2023,12,21,13,81.0426,3.335158628021335,3.335158628021335,0.0,0.0,-0.0,0.0,77.81750160670336
2023,12,21,14,81.0426,2.249293028200435,2.249293028200435,0.0,0.0,-0.0,0.0,78.86753364173018
2023,12,21,15,81.0426,0.0,-0.0,0.0,-0.0,0.0,0.0,81.0426
2023,12,21,16,81.0426,0.0,-0.0,0.0,0.0,-0.0,0.0,81.0426
2023,12,21,17,81.0426,0.0,-0.0,0.0,-0.0,0.0,0.0,81.0426
2023,12,21,18,81.0426,0.0,-0.0,0.0,0.0,-0.0,0.0,81.0426
2023,12,21,19,81.0426,0.0,-0.0,0.0,-0.0,0.0,0.0,81.0426
2023,12,21,20,81.0426,0.0,-0.0,0.0,-0.0,0.0,0.0,81.0426
2023,12,21,21,81.0426,0.0,-0.0,0.0,-0.0,0.0,0.0,81.0426
2023,12,21,22,81.0426,0.0,-0.0,0.0,0.0,-0.0,0.0,81.0426
2023,12,21,23,81.0426,0.0,-0.0,0.0,0.0,-0.0,0.0,81.0426
2023,12,22,0,81.0426,0.0,-0.0,0.0,-0.0,0.0,0.0,81.0426
2023,12,22,1,81.0426,0.0,-0.0,0.0,-0.0,0.0,0.0,81.0426
2023,12,22,2,81.0426,0.0,-0.0,0.0,-0.0,0.0,0.0,81.0426
2023,12,22,3,81.0426,0.0,-0.0,0.0,-0.0,0.0,0.0,81.0426
2023,12,22,4,81.0426,0.0,-0.0,0.0,0.0,-0.0,0.0,81.0426
2023,12,22,5,81.0426,0.0,-0.0,0.0,-0.0,0.0,0.0,81.0426
2023,12,22,6,81.0426,0.0,-0.0,0.0,0.0,-0.0,0.0,81.0426
2023,12,22,7,81.0426,0.0,-0.0,0.0,-0.0,0.0,0.0,81.0426
2023,12,22,8,81.0426,0.046537097135181414,0.046537097135181414,0.0,-0.0,0.0,0.0,80.99759862707027
2023,12,22,9,81.0426,302.3825448186971,242.50053670806298,158.69226369875585,0.0,148.47906624434674,59.88200811063413,0.0
2023,12,22,10,81.0426,347.5235290398231,347.5235290398231,263.71525603051595,0.0,395.2220016411831,0.0,0.0
2023,12,22,11,81.0426,588.5856922000628,588.5856922000628,504.77741919075567,0.0,867.5126988420839,0.0,0.0
2023,12,22,12,81.0426,694.7988602282584,694.7988602282584,610.9905872189513,0.0,1439.1808429588423,0.0,0.0
2023,12,22,13,81.0426,754.1957085384618,754.1957085384618,670.3874355291546,0.0,2066.423142799395,0.0,0.0
2023,12,22,14,81.0426,479.59581070946797,479.59581070946797,395.78753770016084,0.0,2436.7383847599253,0.0,0.0
2023,12,22,15,81.0426,1.116890331244199,1.1168903312441945,0.0,82.69138267806294,2352.7780064681574,4.440892098500626e-15,0.0
2023,12,22,16,81.0426,0.0,-0.0,0.0,83.80827300930713,2267.683597861686,0.0,0.0
2023,12,22,17,81.0426,0.0,-0.0,0.0,83.80827300930713,2182.5891892552145,0.0,0.0
2023,12,22,18,81.0426,0.0,-0.0,0.0,83.80827300930713,2097.494780648743,0.0,0.0
2023,12,22,19,81.0426,0.0,-0.0,0.0,83.80827300930713,2012.4003720422718,0.0,0.0
2023,12,22,20,81.0426,0.0,-0.0,0.0,83.80827300930713,1927.3059634358005,0.0,0.0
2023,12,22,21,81.0426,0.0,-0.0,0.0,83.80827300930713,1842.211554829329,0.0,0.0
2023,12,22,22,81.0426,0.0,-0.0,0.0,83.80827300930713,1757.1171462228576,0.0,0.0
2023,12,22,23,81.0426,0.0,-0.0,0.0,83.80827300930713,1672.0227376163864,0.0,0.0
2023,12,23,0,81.0426,0.0,-0.0,0.0,83.80827300930713,1586.9283290099152,0.0,0.0
2023,12,23,1,81.0426,0.0,-0.0,0.0,83.80827300930713,1501.8339204034437,0.0,0.0
2023,12,23,2,81.0426,0.0,-0.0,0.0,83.80827300930713,1416.7395117969722,0.0,0.0
2023,12,23,3,81.0426,0.0,-0.0,0.0,83.80827300930713,1331.6451031905008,0.0,0.0
2023,12,23,4,81.0426,0.0,-0.0,0.0,83.80827300930713,1246.5506945840293,0.0,0.0
2023,12,23,5,81.0426,0.0,-0.0,0.0,83.80827300930713,1161.456285977558,0.0,0.0
2023,12,23,6,81.0426,0.0,-0.0,0.0,83.80827300930713,1076.3618773710866,0.0,0.0
2023,12,23,7,81.0426,0.0,-0.0,0.0,83.80827300930713,991.2674687646153,0.0,0.0
2023,12,23,8,81.0426,2.047632273947982,2.0476322739479844,0.0,81.76064073535915,908.2521157351008,0.0,0.0
2023,12,23,9,81.0426,133.08058544090713,133.08058544090713,49.2723124316,0.0,954.3533356120282,0.0,0.0
2023,12,23,10,81.0426,183.52679873544378,183.52679873544378,99.71852572613665,0.0,1047.6541257197675,0.0,0.0
2023,12,23,11,81.0426,204.6236161033927,204.6236161033927,120.81534309408556,0.0,1160.6939734886091,0.0,0.0
2023,12,23,12,81.0426,227.89216467098325,227.89216467098325,144.08389166167612,0.0,1295.5048407366073,0.0,0.0
2023,12,23,13,81.0426,316.09547610786393,316.0954761078639,232.28720309855677,0.0,1512.842385823596,5.684341886080802e-14,0.0
2023,12,23,14,81.0426,221.48555763204007,221.48555763204007,137.67728462273294,0.0,1641.6589657083332,0.0,0.0
2023,12,23,15,81.0426,1.7063602282899855,1.7063602282899826,0.0,82.10191278101715,1558.2971034159925,2.886579864025407e-15,0.0
2023,12,23,16,81.0426,0.0,-0.0,0.0,83.80827300930713,1473.202694809521,0.0,0.0
2023,12,23,17,81.0426,0.0,-0.0,0.0,83.80827300930713,1388.1082862030496,0.0,0.0
2023,12,23,18,81.0426,0.0,-0.0,0.0,83.80827300930713,1303.0138775965781,0.0,0.0
2023,12,23,19,81.0426,0.0,-0.0,0.0,83.80827300930713,1217.9194689901067,0.0,0.0
2023,12,23,20,81.0426,0.0,-0.0,0.0,83.80827300930713,1132.8250603836352,0.0,0.0
2023,12,23,21,81.0426,0.0,-0.0,0.0,83.80827300930713,1047.730651777164,0.0,0.0
2023,12,23,22,81.0426,0.0,-0.0,0.0,83.80827300930713,962.6362431706925,0.0,0.0
2023,12,23,23,81.0426,0.0,-0.0,0.0,83.80827300930713,877.5418345642212,0.0,0.0
2023,12,24,0,81.0426,0.0,-0.0,0.0,83.80827300930713,792.4474259577498,0.0,0.0
2023,12,24,1,81.0426,0.0,-0.0,0.0,83.80827300930713,707.3530173512785,0.0,0.0
2023,12,24,2,81.0426,0.0,-0.0,0.0,83.80827300930713,622.2586087448071,0.0,0.0
2023,12,24,3,81.0426,0.0,-0.0,0.0,83.80827300930713,537.1642001383357,0.0,0.0
2023,12,24,4,81.0426,0.0,-0.0,0.0,83.80827300930713,452.0697915318643,0.0,0.0
2023,12,24,5,81.0426,0.0,-0.0,0.0,83.80827300930713,366.9753829253929,0.0,0.0
2023,12,24,6,81.0426,0.0,-0.0,0.0,83.80827300930713,281.8809743189215,0.0,0.0
2023,12,24,7,81.0426,0.0,-0.0,0.0,83.80827300930713,196.78656571245014,0.0,0.0
2023,12,24,8,81.0426,0.0,-0.0,0.0,83.80827300930713,111.69215710597875,0.0,0.0
2023,12,24,9,81.0426,0.0,-0.0,0.0,83.80827300930713,26.59774849950736,0.0,0.0
2023,12,24,10,81.0426,1.6908478625782581,1.6908478625782581,0.0,0.0,26.59774849950736,0.0,79.40755011688682
2023,12,24,11,81.0426,3.5368193822737877,3.5368193822737877,0.0,0.0,26.59774849950736,0.0,77.62249565734125
2023,12,24,12,81.0426,4.715759176365051,4.715759176365051,0.0,0.0,26.59774849950736,0.0,76.482460876455
2023,12,24,13,81.0426,4.219363473589782,4.219363473589782,0.0,26.19574428195837,0.0,0.0,51.63119080038493
2023,12,24,14,81.0426,1.7218725940017126,1.7218725940017126,0.0,0.0,-0.0,0.0,79.37754920160033
2023,12,24,15,81.0426,0.0,-0.0,0.0,-0.0,0.0,0.0,81.0426
2023,12,24,16,81.0426,0.0,-0.0,0.0,-0.0,0.0,0.0,81.0426
2023,12,24,17,81.0426,0.0,-0.0,0.0,-0.0,0.0,0.0,81.0426
2023,12,24,18,81.0426,0.0,-0.0,0.0,-0.0,0.0,0.0,81.0426
2023,12,24,19,81.0426,0.0,-0.0,0.0,-0.0,0.0,0.0,81.0426
2023,12,24,20,81.0426,0.0,-0.0,0.0,-0.0,0.0,0.0,81.0426
2023,12,24,21,81.0426,0.0,-0.0,0.0,0.0,-0.0,0.0,81.0426
2023,12,24,22,81.0426,0.0,-0.0,0.0,-0.0,0.0,0.0,81.0426
2023,12,24,23,81.0426,0.0,-0.0,0.0,0.0,-0.0,0.0,81.0426
2023,12,25,0,81.0426,0.0,-0.0,0.0,-0.0,0.0,0.0,81.0426
2023,12,25,1,81.0426,0.0,-0.0,0.0,0.0,-0.0,0.0,81.0426
2023,12,25,2,81.0426,0.0,-0.0,0.0,-0.0,0.0,0.0,81.0426
2023,12,25,3,81.0426,0.0,-0.0,0.0,-0.0,0.0,0.0,81.0426
2023,12,25,4,81.0426,0.0,-0.0,0.0,0.0,-0.0,0.0,81.0426
2023,12,25,5,81.0426,0.0,-0.0,0.0,-0.0,0.0,0.0,81.0426
2023,12,25,6,81.0426,0.0,-0.0,0.0,0.0,-0.0,0.0,81.0426
2023,12,25,7,81.0426,0.0,-0.0,0.0,-0.0,0.0,0.0,81.0426
2023,12,25,8,81.0426,0.0,-0.0,0.0,0.0,-0.0,0.0,81.0426
2023,12,25,9,81.0426,75.91751779319262,75.91751779319262,0.0,-0.0,0.0,0.0,7.6303602939827355
2023,12,25,10,81.0426,153.6965194717925,153.6965194717925,69.88824646248537,0.0,65.39034313546031,0.0,0.0
2023,12,25,11,81.0426,238.54915991493993,238.54915991493993,154.7408869056328,0.0,210.1723373049124,0.0,0.0
2023,12,25,12,81.0426,457.64581322737405,457.64581322737405,373.8375402180669,0.0,559.9502508901047,0.0,0.0
2023,12,25,13,81.0426,463.3698761750013,463.3698761750013,379.5616031656942,0.0,915.0838352671698,0.0,0.0
2023,12,25,14,81.0426,316.7004583706213,316.7004583706213,232.89218536131415,0.0,1132.9874268606163,0.0,0.0
2023,12,25,15,81.0426,0.7445935541627475,0.7445935541627495,0.0,83.06367945514438,1048.6490384639474,0.0,0.0
2023,12,25,16,81.0426,0.0,-0.0,0.0,83.80827300930713,963.5546298574759,0.0,0.0
2023,12,25,17,81.0426,0.0,-0.0,0.0,83.80827300930713,878.4602212510046,0.0,0.0
2023,12,25,18,81.0426,0.0,-0.0,0.0,83.80827300930713,793.3658126445332,0.0,0.0
2023,12,25,19,81.0426,0.0,-0.0,0.0,83.80827300930713,708.2714040380619,0.0,0.0
2023,12,25,20,81.0426,0.0,-0.0,0.0,83.80827300930713,623.1769954315905,0.0,0.0
2023,12,25,21,81.0426,0.0,-0.0,0.0,83.80827300930713,538.0825868251192,0.0,0.0
2023,12,25,22,81.0426,0.0,-0.0,0.0,83.80827300930713,452.9881782186477,0.0,0.0
2023,12,25,23,81.0426,0.0,-0.0,0.0,83.80827300930713,367.8937696121763,0.0,0.0
2023,12,26,0,81.0426,0.0,-0.0,0.0,83.80827300930713,282.7993610057049,0.0,0.0
2023,12,26,1,81.0426,0.0,-0.0,0.0,83.80827300930713,197.70495239923355,0.0,0.0
2023,12,26,2,81.0426,0.0,-0.0,0.0,83.80827300930713,112.61054379276214,0.0,0.0
2023,12,26,3,81.0426,0.0,-0.0,0.0,83.80827300930713,27.516135186290754,0.0,0.0
2023,12,26,4,81.0426,0.0,-0.0,0.0,27.1002502704776,0.0,0.0,54.83665798844816
2023,12,26,5,81.0426,0.0,-0.0,0.0,-0.0,0.0,0.0,81.0426
2023,12,26,6,81.0426,0.0,-0.0,0.0,-0.0,0.0,0.0,81.0426
2023,12,26,7,81.0426,0.0,-0.0,0.0,-0.0,0.0,0.0,81.0426
2023,12,26,8,81.0426,0.0,-0.0,0.0,0.0,-0.0,0.0,81.0426
2023,12,26,9,81.0426,4.033215085049056,4.033215085049056,0.0,-0.0,0.0,0.0,77.14248101275756
2023,12,26,10,81.0426,444.19659215530663,83.80827300930713,0.0,0.0,-0.0,360.3883191459995,0.0
2023,12,26,11,81.0426,942.7485137645052,590.8326144802141,507.024341470907,0.0,474.3930109136461,351.9158992842911,0.0
2023,12,26,12,81.0426,813.9803659914581,813.9803659914581,730.172092982151,0.0,1157.5723168026457,0.0,0.0
2023,12,26,13,81.0426,443.46751096685546,443.46751096685546,359.6592379575483,0.0,1494.0844225185385,0.0,0.0
2023,12,26,14,81.0426,122.76486224260857,122.76486224260857,38.95658923330144,0.0,1530.5338237597064,0.0,0.0
2023,12,26,15,81.0426,0.6980564570277212,0.0,0.0,83.80827300930713,1445.439415153235,0.6980564570277212,0.0
2023,12,26,16,81.0426,0.0,0.0,0.0,83.80827300930713,1360.3450065467634,0.0,0.0
2023,12,26,17,81.0426,0.0,0.0,0.0,83.80827300930713,1275.250597940292,0.0,0.0
2023,12,26,18,81.0426,0.0,0.0,0.0,83.80827300930713,1190.1561893338205,0.0,0.0
2023,12,26,19,81.0426,0.0,0.0,0.0,83.80827300930713,1105.061780727349,0.0,0.0
2023,12,26,20,81.0426,0.0,0.0,0.0,83.80827300930713,1019.9673721208776,0.0,0.0
2023,12,26,21,81.0426,0.0,0.0,0.0,83.80827300930713,934.8729635144063,0.0,0.0
2023,12,26,22,81.0426,0.0,0.0,0.0,83.80827300930713,849.7785549079349,0.0,0.0
2023,12,26,23,81.0426,0.0,0.0,0.0,83.80827300930713,764.6841463014636,0.0,0.0
2023,12,27,0,81.0426,0.0,0.0,0.0,83.80827300930713,679.5897376949922,0.0,0.0
2023,12,27,1,81.0426,0.0,0.0,0.0,83.80827300930713,594.4953290885209,0.0,0.0
2023,12,27,2,81.0426,0.0,0.0,0.0,83.80827300930713,509.4009204820495,0.0,0.0
2023,12,27,3,81.0426,0.0,0.0,0.0,83.80827300930713,424.3065118755781,0.0,0.0
2023,12,27,4,81.0426,0.0,0.0,0.0,83.80827300930713,339.2121032691067,0.0,0.0
2023,12,27,5,81.0426,0.0,0.0,0.0,83.80827300930713,254.1176946626353,0.0,0.0
2023,12,27,6,81.0426,0.0,0.0,0.0,83.80827300930713,169.0232860561639,0.0,0.0
2023,12,27,7,81.0426,0.0,0.0,0.0,83.80827300930713,83.92887744969251,0.0,0.0
2023,12,27,8,81.0426,1.1479150626678083,1.1479150626678083,0.0,82.66035794663932,0.0,0.0,0.0
2023,12,27,9,81.0426,544.7167219672983,83.80827300930713,0.0,0.0,0.0,460.9084489579912,0.0
2023,12,27,10,81.0426,819.5958423791034,83.80827300930713,0.0,0.0,0.0,735.7875693697963,0.0
2023,12,27,11,81.0426,957.8265332363039,83.80827300930713,0.0,0.0,-0.0,874.0182602269967,0.0
2023,12,27,12,81.0426,948.9689724149077,545.4802367583862,461.6719637490791,0.0,431.95944459386135,403.4887356565215,0.0
2023,12,27,13,81.0426,867.1102185541237,867.1102185541237,783.3019455448166,0.0,1164.849244960269,0.0,0.0
2023,12,27,14,81.0426,471.2966950536939,471.2966950536939,387.48842204438677,0.0,1527.3994899732334,0.0,0.0
2023,12,27,15,81.0426,3.474769919426879,3.474769919426879,0.0,80.33350308988025,1445.8331756791738,0.0,0.0
2023,12,27,16,81.0426,0.0,0.0,0.0,83.80827300930713,1360.7387670727023,0.0,0.0
2023,12,27,17,81.0426,0.0,0.0,0.0,83.80827300930713,1275.6443584662309,0.0,0.0
2023,12,27,18,81.0426,0.0,0.0,0.0,83.80827300930713,1190.5499498597594,0.0,0.0
2023,12,27,19,81.0426,0.0,0.0,0.0,83.80827300930713,1105.455541253288,0.0,0.0
2023,12,27,20,81.0426,0.0,0.0,0.0,83.80827300930713,1020.3611326468165,0.0,0.0
2023,12,27,21,81.0426,0.0,0.0,0.0,83.80827300930713,935.2667240403451,0.0,0.0
2023,12,27,22,81.0426,0.0,0.0,0.0,83.80827300930713,850.1723154338738,0.0,0.0
2023,12,27,23,81.0426,0.0,0.0,0.0,83.80827300930713,765.0779068274024,0.0,0.0
2023,12,28,0,81.0426,0.0,0.0,0.0,83.80827300930713,679.9834982209311,0.0,0.0
2023,12,28,1,81.0426,0.0,0.0,0.0,83.80827300930713,594.8890896144597,0.0,0.0
2023,12,28,2,81.0426,0.0,0.0,0.0,83.80827300930713,509.79468100798834,0.0,0.0
2023,12,28,3,81.0426,0.0,0.0,0.0,83.80827300930713,424.70027240151694,0.0,0.0
2023,12,28,4,81.0426,0.0,0.0,0.0,83.80827300930713,339.60586379504554,0.0,0.0
2023,12,28,5,81.0426,0.0,0.0,0.0,83.80827300930713,254.51145518857413,0.0,0.0
2023,12,28,6,81.0426,0.0,0.0,0.0,83.80827300930713,169.41704658210273,0.0,0.0
2023,12,28,7,81.0426,0.0,0.0,0.0,83.80827300930713,84.32263797563134,0.0,0.0
2023,12,28,8,81.0426,0.7601059198746297,0.7601059198746297,0.0,83.04816708943251,0.0,0.0,0.0
2023,12,28,9,81.0426,134.86450749775574,83.80827300930713,-0.0,0.0,0.0,51.05623448844861,0.0
2023,12,28,10,81.0426,185.3107207922924,83.80827300930713,-0.0,0.0,0.0,101.50244778298526,0.0
2023,12,28,11,81.0426,433.7102329341789,95.24737600925383,11.439102999946686,0.0,10.702899388524543,338.46285692492506,0.0
2023,12,28,12,81.0426,791.6890964637063,791.6890964637063,707.8808234543991,0.0,673.0255686164919,0.0,0.0
2023,12,28,13,81.0426,803.6956675245831,803.6956675245831,719.887394515276,0.0,1346.5820838957043,0.0,0.0
2023,12,28,14,81.0426,559.9188403647911,559.9188403647911,476.1105673554839,0.0,1792.0508850982837,0.0,0.0
2023,12,28,15,81.0426,2.3578795881825254,2.3578795881825254,0.0,81.4503934211246,1709.3505404895204,0.0,0.0
2023,12,28,16,81.0426,0.0,0.0,0.0,83.80827300930713,1624.256131883049,0.0,0.0
2023,12,28,17,81.0426,0.0,0.0,0.0,83.80827300930713,1539.1617232765775,0.0,0.0
2023,12,28,18,81.0426,0.0,0.0,0.0,83.80827300930713,1454.067314670106,0.0,0.0
2023,12,28,19,81.0426,0.0,0.0,0.0,83.80827300930713,1368.9729060636346,0.0,0.0
2023,12,28,20,81.0426,0.0,0.0,0.0,83.80827300930713,1283.8784974571631,0.0,0.0
2023,12,28,21,81.0426,0.0,0.0,0.0,83.80827300930713,1198.7840888506917,0.0,0.0
2023,12,28,22,81.0426,0.0,0.0,0.0,83.80827300930713,1113.6896802442202,0.0,0.0
2023,12,28,23,81.0426,0.0,0.0,0.0,83.80827300930713,1028.5952716377487,0.0,0.0
2023,12,29,0,81.0426,0.0,0.0,0.0,83.80827300930713,943.5008630312773,0.0,0.0
2023,12,29,1,81.0426,0.0,0.0,0.0,83.80827300930713,858.4064544248059,0.0,0.0
2023,12,29,2,81.0426,0.0,0.0,0.0,83.80827300930713,773.3120458183346,0.0,0.0
2023,12,29,3,81.0426,0.0,0.0,0.0,83.80827300930713,688.2176372118632,0.0,0.0
2023,12,29,4,81.0426,0.0,0.0,0.0,83.80827300930713,603.1232286053919,0.0,0.0
2023,12,29,5,81.0426,0.0,0.0,0.0,83.80827300930713,518.0288199989205,0.0,0.0
2023,12,29,6,81.0426,0.0,0.0,0.0,83.80827300930713,432.9344113924492,0.0,0.0
2023,12,29,7,81.0426,0.0,0.0,0.0,83.80827300930713,347.8400027859778,0.0,0.0
2023,12,29,8,81.0426,0.20166075425245278,0.20166075425245278,0.0,83.60661225505467,262.9503496529946,0.0,0.0
2023,12,29,9,81.0426,238.0062271150295,238.0062271150295,154.19795410572237,0.0,407.224353367933,0.0,0.0
2023,12,29,10,81.0426,64.45387953222625,64.45387953222625,0.0,19.354393477080876,387.5729441724918,0.0,0.0
2023,12,29,11,81.0426,306.5088340980165,306.5088340980165,222.70056108870938,0.0,595.9408292340678,0.0,0.0
2023,12,29,12,81.0426,690.8897440689033,690.8897440689033,607.0814710595962,0.0,1163.951442078328,0.0,0.0
2023,12,29,13,81.0426,357.0170968554001,357.0170968554001,273.20882384609297,0.0,1419.5769534226604,0.0,0.0
2023,12,29,14,81.0426,203.28955265218414,203.28955265218414,119.48127964287701,0.0,1531.3685960746968,0.0,0.0
2023,12,29,15,81.0426,0.07756182855863569,0.0,0.0,83.80827300930713,1446.2741874682254,0.07756182855863569,0.0
2023,12,29,16,81.0426,0.0,0.0,0.0,83.80827300930713,1361.179778861754,0.0,0.0
2023,12,29,17,81.0426,0.0,0.0,0.0,83.80827300930713,1276.0853702552824,0.0,0.0
2023,12,29,18,81.0426,0.0,0.0,0.0,83.80827300930713,1190.990961648811,0.0,0.0
2023,12,29,19,81.0426,0.0,0.0,0.0,83.80827300930713,1105.8965530423395,0.0,0.0
2023,12,29,20,81.0426,0.0,0.0,0.0,83.80827300930713,1020.8021444358681,0.0,0.0
2023,12,29,21,81.0426,0.0,0.0,0.0,83.80827300930713,935.7077358293967,0.0,0.0
2023,12,29,22,81.0426,0.0,0.0,0.0,83.80827300930713,850.6133272229254,0.0,0.0
2023,12,29,23,81.0426,0.0,0.0,0.0,83.80827300930713,765.518918616454,0.0,0.0
2023,12,30,0,81.0426,0.0,0.0,0.0,83.80827300930713,680.4245100099827,0.0,0.0
2023,12,30,1,81.0426,0.0,0.0,0.0,83.80827300930713,595.3301014035113,0.0,0.0
2023,12,30,2,81.0426,0.0,0.0,0.0,83.80827300930713,510.23569279704,0.0,0.0
2023,12,30,3,81.0426,0.0,0.0,0.0,83.80827300930713,425.14128419056857,0.0,0.0
2023,12,30,4,81.0426,0.0,0.0,0.0,83.80827300930713,340.04687558409717,0.0,0.0
2023,12,30,5,81.0426,0.0,0.0,0.0,83.80827300930713,254.95246697762576,0.0,0.0
2023,12,30,6,81.0426,0.0,0.0,0.0,83.80827300930713,169.85805837115436,0.0,0.0
2023,12,30,7,81.0426,0.0,0.0,0.0,83.80827300930713,84.76364976468295,0.0,0.0
2023,12,30,8,81.0426,0.32575967994611477,0.32575967994611477,0.0,83.48251332936103,0.0,0.0,0.0
2023,12,30,9,81.0426,342.52854728064693,83.80827300930713,0.0,0.0,-0.0,258.7202742713398,0.0
2023,12,30,10,81.0426,618.1832859780382,83.80827300930713,0.0,0.0,-0.0,534.375012968731,0.0
2023,12,30,11,81.0426,693.0149381714099,162.8349554110818,79.02668240177466,0.0,73.94064296466422,530.1799827603281,0.0
2023,12,30,12,81.0426,790.8669410809847,790.8669410809847,707.0586680716775,0.0,735.494069504368,0.0,0.0
2023,12,30,13,81.0426,552.5659790174323,552.5659790174323,468.7577060081251,0.0,1174.083228551534,0.0,0.0
2023,12,30,14,81.0426,465.61916920320175,465.61916920320175,381.8108961938946,0.0,1531.3213448115841,0.0,0.0
2023,12,30,15,81.0426,2.885300022381248,0.0,0.0,83.80827300930713,1446.2269362051127,2.885300022381248,0.0
2023,12,30,16,81.0426,0.0,0.0,0.0,83.80827300930713,1361.1325275986412,0.0,0.0
2023,12,30,17,81.0426,0.0,0.0,0.0,83.80827300930713,1276.0381189921698,0.0,0.0
2023,12,30,18,81.0426,0.0,0.0,0.0,83.80827300930713,1190.9437103856983,0.0,0.0
2023,12,30,19,81.0426,0.0,0.0,0.0,83.80827300930713,1105.8493017792268,0.0,0.0
2023,12,30,20,81.0426,0.0,0.0,0.0,83.80827300930713,1020.7548931727554,0.0,0.0
2023,12,30,21,81.0426,0.0,0.0,0.0,83.80827300930713,935.660484566284,0.0,0.0
2023,12,30,22,81.0426,0.0,0.0,0.0,83.80827300930713,850.5660759598127,0.0,0.0
2023,12,30,23,81.0426,0.0,0.0,0.0,83.80827300930713,765.4716673533413,0.0,0.0
2023,12,31,0,81.0426,0.0,0.0,0.0,83.80827300930713,680.37725874687,0.0,0.0
2023,12,31,1,81.0426,0.0,0.0,0.0,83.80827300930713,595.2828501403986,0.0,0.0
2023,12,31,2,81.0426,0.0,0.0,0.0,83.80827300930713,510.1884415339273,0.0,0.0
2023,12,31,3,81.0426,0.0,0.0,0.0,83.80827300930713,425.0940329274559,0.0,0.0
2023,12,31,4,81.0426,0.0,0.0,0.0,83.80827300930713,339.9996243209845,0.0,0.0
2023,12,31,5,81.0426,0.0,0.0,0.0,83.80827300930713,254.90521571451308,0.0,0.0
2023,12,31,6,81.0426,0.0,0.0,0.0,83.80827300930713,169.81080710804167,0.0,0.0
2023,12,31,7,81.0426,0.0,0.0,0.0,83.80827300930713,84.71639850157028,0.0,0.0
2023,12,31,8,81.0426,0.37229677708129616,0.37229677708129616,0.0,83.43597623222583,0.0,0.0,0.0
2023,12,31,9,81.0426,281.7045613249647,83.80827300930713,0.0,0.0,0.0,197.89628831565756,0.0
2023,12,31,10,81.0426,698.1029941248564,83.80827300930713,0.0,0.0,0.0,614.2947211155492,0.0
2023,12,31,11,81.0426,761.8433048343433,83.80827300930713,0.0,0.0,-0.0,678.0350318250362,0.0
2023,12,31,12,81.0426,669.2810186324674,412.49020883302904,328.6819358237219,0.0,307.52845655495645,256.79080979943836,0.0
2023,12,31,13,81.0426,487.60019141671916,487.60019141671916,403.791918407412,0.0,685.3329292163168,0.0,0.0
2023,12,31,14,81.0426,165.08259590420022,165.08259590420022,81.27432289489309,0.0,761.3765578835778,0.0,0.0
2023,12,31,15,81.0426,4.405511862130352,4.405511862130352,0.0,79.40276114717678,680.7552688517711,0.0,0.0
2023,12,31,16,81.0426,0.0,0.0,0.0,83.80827300930713,595.6608602452998,0.0,0.0
2023,12,31,17,81.0426,0.0,0.0,0.0,83.80827300930713,510.56645163882837,0.0,0.0
2023,12,31,18,81.0426,0.0,0.0,0.0,83.80827300930713,425.47204303235696,0.0,0.0
2023,12,31,19,81.0426,0.0,0.0,0.0,83.80827300930713,340.37763442588556,0.0,0.0
2023,12,31,20,81.0426,0.0,0.0,0.0,83.80827300930713,255.28322581941416,0.0,0.0
2023,12,31,21,81.0426,0.0,0.0,0.0,83.80827300930713,170.18881721294278,0.0,0.0
2023,12,31,22,81.0426,0.0,0.0,0.0,83.80827300930713,85.09440860647139,0.0,0.0
2023,12,31,23,81.0426,0.0,0.0,0.0,83.80827300930713,0.0,0.0,0.0
