Year,Month,Day,Hour,Load_MW,Solar_available_MW (373.3 MW),Solar_used_MW,TES_charge_MW,TES_discharge_MW,"TES_usable_SOC_MWh (P_ch=560.3, P_dis=140.1 MW, E=1680.9 MWh)",Curtail_MW,Unserved_MW
2023,1,1,0,56.602,0.0,-0.0,-0.0,0.0,0.0,0.0,56.602
2023,1,1,1,56.602,0.0,-0.0,0.0,-0.0,0.0,0.0,56.602
2023,1,1,2,56.602,0.0,-0.0,0.0,-0.0,0.0,0.0,56.602
2023,1,1,3,56.602,0.0,-0.0,0.0,-0.0,0.0,0.0,56.602
2023,1,1,4,56.602,0.0,-0.0,0.0,0.0,-0.0,0.0,56.602
2023,1,1,5,56.602,0.0,-0.0,0.0,-0.0,0.0,0.0,56.602
2023,1,1,6,56.602,0.0,-0.0,0.0,-0.0,0.0,0.0,56.602
2023,1,1,7,56.602,0.5785956396314753,0.5785956396314752,0.0,-0.0,0.0,1.1102230246251565e-16,56.04249801647636
2023,1,1,8,56.602,82.39201908352209,58.53360910031024,0.0,0.0,-0.0,23.85840998321185,0.0
2023,1,1,9,56.602,148.72894238604434,58.53360910031024,0.0,0.0,-0.0,90.19533328573411,0.0
2023,1,1,10,56.602,233.5510631560186,76.27486927929945,17.74126017898922,0.0,16.599459129115587,157.27619387671916,0.0
2023,1,1,11,56.602,291.17545598821914,291.17545598821914,232.6418468879089,0.0,234.26882366000805,0.0,0.0
2023,1,1,12,56.602,290.4624768451894,290.4624768451894,231.92886774487917,0.0,451.2710953223426,0.0,0.0
2023,1,1,13,56.602,261.85745499682815,261.85745499682815,203.32384589651792,0.0,641.509321687508,0.0,0.0
2023,1,1,14,56.602,207.1969649895785,207.1969649895785,148.66335588926827,0.0,780.6049256741729,0.0,0.0
2023,1,1,15,56.602,122.51669347319131,122.51669347319131,63.98308437288107,0.0,840.4701541465116,0.0,0.0
2023,1,1,16,56.602,0.31356150792927834,0.31356150792927834,0.0,58.22004759238096,781.3566520896908,0.0,0.0
2023,1,1,17,56.602,0.0,-0.0,0.0,58.53360910031024,721.9247765582604,0.0,0.0
2023,1,1,18,56.602,0.0,-0.0,0.0,58.53360910031024,662.4929010268302,0.0,0.0
2023,1,1,19,56.602,0.0,-0.0,0.0,58.53360910031024,603.0610254953999,0.0,0.0
2023,1,1,20,56.602,0.0,-0.0,0.0,58.53360910031024,543.6291499639697,0.0,0.0
2023,1,1,21,56.602,0.0,-0.0,0.0,58.53360910031024,484.19727443253936,0.0,0.0
2023,1,1,22,56.602,0.0,-0.0,0.0,58.53360910031024,424.76539890110905,0.0,0.0
2023,1,1,23,56.602,0.0,-0.0,0.0,58.53360910031024,365.33352336967874,0.0,0.0
2023,1,2,0,56.602,0.0,-0.0,0.0,58.53360910031024,305.90164783824844,0.0,0.0
2023,1,2,1,56.602,0.0,-0.0,0.0,58.53360910031024,246.46977230681813,0.0,0.0
2023,1,2,2,56.602,0.0,-0.0,0.0,58.53360910031024,187.03789677538782,0.0,0.0
2023,1,2,3,56.602,0.0,-0.0,0.0,58.53360910031024,127.60602124395751,0.0,0.0
2023,1,2,4,56.602,0.0,-0.0,0.0,58.53360910031024,68.1741457125272,0.0,0.0
2023,1,2,5,56.602,0.0,-0.0,0.0,58.53360910031024,8.742270181096899,0.0,0.0
2023,1,2,6,56.602,0.0,-0.0,0.0,8.610137587850769,0.0,0.0,48.275996952548304
2023,1,2,7,56.602,0.3994176351004378,0.3994176351004378,0.0,-0.0,0.0,0.0,56.215763146857874
2023,1,2,8,56.602,130.03097103821167,58.53360910031024,0.0,0.0,0.0,71.49736193790145,0.0
2023,1,2,9,56.602,209.99288843528157,58.53360910031024,0.0,0.0,-0.0,151.45927933497134,0.0
2023,1,2,10,56.602,256.3477313574988,101.45684466609885,42.92323556578861,0.0,40.16076013064267,154.89088669139994,0.0
2023,1,2,11,56.602,291.0112094840657,291.0112094840657,232.4776003837555,0.0,257.67644881746946,0.0,0.0
2023,1,2,12,56.602,282.8026171514876,282.8026171514876,224.26900805117734,0.0,467.51183793383103,0.0,0.0
2023,1,2,13,56.602,256.1834848533453,256.1834848533453,197.64987575303508,0.0,652.4412624130905,0.0,0.0
2023,1,2,14,56.602,201.59391947288916,201.59391947288916,143.06031037257893,0.0,786.2944245374234,0.0,0.0
2023,1,2,15,56.602,116.43583994441921,116.43583994441921,57.90223084410898,0.0,840.4701541465116,0.0,0.0
2023,1,2,16,56.602,0.38448613472285137,0.38448613472285137,0.0,58.14912296558739,781.4286651375193,0.0,0.0
2023,1,2,17,56.602,0.0,-0.0,0.0,58.53360910031024,721.9967896060889,0.0,0.0
2023,1,2,18,56.602,0.0,-0.0,0.0,58.53360910031024,662.5649140746586,0.0,0.0
2023,1,2,19,56.602,0.0,-0.0,0.0,58.53360910031024,603.1330385432284,0.0,0.0
2023,1,2,20,56.602,0.0,-0.0,0.0,58.53360910031024,543.7011630117981,0.0,0.0
2023,1,2,21,56.602,0.0,-0.0,0.0,58.53360910031024,484.26928748036784,0.0,0.0
2023,1,2,22,56.602,0.0,-0.0,0.0,58.53360910031024,424.83741194893753,0.0,0.0
2023,1,2,23,56.602,0.0,-0.0,0.0,58.53360910031024,365.4055364175072,0.0,0.0
2023,1,3,0,56.602,0.0,-0.0,0.0,58.53360910031024,305.9736608860769,0.0,0.0
2023,1,3,1,56.602,0.0,-0.0,0.0,58.53360910031024,246.5417853546466,0.0,0.0
2023,1,3,2,56.602,0.0,-0.0,0.0,58.53360910031024,187.1099098232163,0.0,0.0
2023,1,3,3,56.602,0.0,-0.0,0.0,58.53360910031024,127.67803429178599,0.0,0.0
2023,1,3,4,56.602,0.0,-0.0,0.0,58.53360910031024,68.24615876035568,0.0,0.0
2023,1,3,5,56.602,0.0,-0.0,0.0,58.53360910031024,8.814283228925376,0.0,0.0
2023,1,3,6,56.602,0.0,-0.0,0.0,8.681062214644337,0.0,0.0,48.20741283843892
2023,1,3,7,56.602,0.7316435185017365,0.7316435185017365,0.0,-0.0,0.0,0.0,55.89450071760882
2023,1,3,8,56.602,71.04781167165078,58.53360910031024,0.0,-0.0,0.0,12.51420257134054,0.0
2023,1,3,9,56.602,147.99729886754258,58.53360910031024,0.0,0.0,0.0,89.46368976723235,0.0
2023,1,3,10,56.602,262.83173539646566,58.53360910031024,0.0,0.0,-0.0,204.29812629615543,0.0
2023,1,3,11,56.602,296.0953853626339,289.3041904212485,230.77058132093828,0.0,215.9185308254358,6.791194941385413,0.0
2023,1,3,12,56.602,293.8743246814679,293.8743246814679,235.34071558115767,0.0,436.11306888495324,0.0,0.0
2023,1,3,13,56.602,270.18176645733257,270.18176645733257,211.64815735702234,0.0,634.1398664379938,0.0,0.0
2023,1,3,14,56.602,209.4404229213109,209.4404229213109,150.90681382100067,0.0,775.3345427492834,0.0,0.0
2023,1,3,15,56.602,128.1496019906358,128.1496019906358,69.61599289032556,0.0,840.4701541465116,0.0,0.0
2023,1,3,16,56.602,0.4516778864219904,0.4516778864219904,0.0,58.08193121388825,781.4968880249355,0.0,0.0
2023,1,3,17,56.602,0.0,-0.0,0.0,58.53360910031024,722.0650124935053,0.0,0.0
2023,1,3,18,56.602,0.0,-0.0,0.0,58.53360910031024,662.633136962075,0.0,0.0
2023,1,3,19,56.602,0.0,-0.0,0.0,58.53360910031024,603.2012614306448,0.0,0.0
2023,1,3,20,56.602,0.0,-0.0,0.0,58.53360910031024,543.7693858992145,0.0,0.0
2023,1,3,21,56.602,0.0,-0.0,0.0,58.53360910031024,484.3375103677842,0.0,0.0
2023,1,3,22,56.602,0.0,-0.0,0.0,58.53360910031024,424.9056348363539,0.0,0.0
2023,1,3,23,56.602,0.0,-0.0,0.0,58.53360910031024,365.4737593049236,0.0,0.0
2023,1,4,0,56.602,0.0,-0.0,0.0,58.53360910031024,306.0418837734933,0.0,0.0
2023,1,4,1,56.602,0.0,-0.0,0.0,58.53360910031024,246.61000824206297,0.0,0.0
2023,1,4,2,56.602,0.0,-0.0,0.0,58.53360910031024,187.17813271063267,0.0,0.0
2023,1,4,3,56.602,0.0,-0.0,0.0,58.53360910031024,127.74625717920236,0.0,0.0
2023,1,4,4,56.602,0.0,-0.0,0.0,58.53360910031024,68.31438164777205,0.0,0.0
2023,1,4,5,56.602,0.0,-0.0,0.0,8.74825396634348,59.43187553143031,0.0,48.14243841454585
2023,1,4,6,56.602,0.0,-0.0,0.0,58.53360910031024,0.0,0.0,0.0
2023,1,4,7,56.602,0.5897942649146651,0.5897942649146651,0.0,-0.0,0.0,0.0,56.03166894582751
2023,1,4,8,56.602,65.87031391572268,58.53360910031024,0.0,-0.0,0.0,7.336704815412439,0.0
2023,1,4,9,56.602,154.56342615858622,58.53360910031024,0.0,0.0,-0.0,96.029817058276,0.0
2023,1,4,10,56.602,252.39834950762713,251.9141082208489,193.38049912053867,0.0,180.93481856046148,0.48424128677822864,0.0
2023,1,4,11,56.602,292.8664484059808,292.8664484059808,234.33283930567055,0.0,400.1863457586667,0.0,0.0
2023,1,4,12,56.602,298.09247353813606,298.09247353813606,239.55886443782583,0.0,624.3275589044168,0.0,0.0
2023,1,4,13,56.602,229.04548291708193,229.04548291708193,170.5118738167717,0.0,783.8655427846394,0.0,0.0
2023,1,4,14,56.602,114.53207364627694,114.53207364627694,55.998464545966705,0.0,836.2600296556933,0.0,0.0
2023,1,4,15,56.602,63.033328843981245,63.033328843981245,4.499719743671009,0.0,840.4701541465116,0.0,0.0
2023,1,4,16,56.602,0.4815408871771633,0.4815408871771633,0.0,58.05206821313307,781.5272093082317,0.0,0.0
2023,1,4,17,56.602,0.0,-0.0,0.0,58.53360910031024,722.0953337768015,0.0,0.0
2023,1,4,18,56.602,0.0,-0.0,0.0,58.53360910031024,662.6634582453712,0.0,0.0
2023,1,4,19,56.602,0.0,-0.0,0.0,58.53360910031024,603.231582713941,0.0,0.0
2023,1,4,20,56.602,0.0,-0.0,0.0,58.53360910031024,543.7997071825107,0.0,0.0
2023,1,4,21,56.602,0.0,-0.0,0.0,58.53360910031024,484.3678316510804,0.0,0.0
2023,1,4,22,56.602,0.0,-0.0,0.0,58.53360910031024,424.9359561196501,0.0,0.0
2023,1,4,23,56.602,0.0,-0.0,0.0,58.53360910031024,365.5040805882198,0.0,0.0
2023,1,5,0,56.602,0.0,-0.0,0.0,58.53360910031024,306.07220505678947,0.0,0.0
2023,1,5,1,56.602,0.0,-0.0,0.0,58.53360910031024,246.64032952535916,0.0,0.0
2023,1,5,2,56.602,0.0,-0.0,0.0,58.53360910031024,187.20845399392886,0.0,0.0
2023,1,5,3,56.602,0.0,-0.0,0.0,58.53360910031024,127.77657846249855,0.0,0.0
2023,1,5,4,56.602,0.0,-0.0,0.0,58.53360910031024,68.34470293106824,0.0,0.0
2023,1,5,5,56.602,0.0,-0.0,0.0,58.53360910031024,8.912827399637933,0.0,0.0
2023,1,5,6,56.602,0.0,-0.0,0.0,8.778116967098656,0.0,0.0,48.1135608928156
2023,1,5,7,56.602,0.5636641392538889,0.5636641392538889,0.0,-0.0,0.0,0.0,56.056936777341484
2023,1,5,8,56.602,87.34554433378639,58.53360910031024,0.0,0.0,0.0,28.811935233476156,0.0
2023,1,5,9,56.602,175.1091706781452,58.53360910031024,0.0,0.0,0.0,116.57556157783497,0.0
2023,1,5,10,56.602,253.45475315934138,58.53360910031024,0.0,0.0,0.0,194.92114405903115,0.0
2023,1,5,11,56.602,294.7478174535567,271.5058419711654,212.97223287085518,0.0,199.26565754122558,23.241975482391297,0.0
2023,1,5,12,56.602,304.8265802084276,304.8265802084276,246.29297110811734,0.0,429.70758029366937,0.0,0.0
2023,1,5,13,56.602,278.28583828726767,278.28583828726767,219.75222918695744,0.0,635.3168836982243,0.0,0.0
2023,1,5,14,56.602,216.73072798066747,216.73072798066747,158.19711888035724,0.0,783.3326719063391,0.0,0.0
2023,1,5,15,56.602,119.60131802446752,119.60131802446752,61.06770892415728,0.0,840.4701541465116,0.0,0.0
2023,1,5,16,56.602,0.5935271400090618,0.5935271400090618,0.0,57.94008196030117,781.6409141205922,0.0,0.0
2023,1,5,17,56.602,0.0,-0.0,0.0,58.53360910031024,722.209038589162,0.0,0.0
2023,1,5,18,56.602,0.0,-0.0,0.0,58.53360910031024,662.7771630577317,0.0,0.0
2023,1,5,19,56.602,0.0,-0.0,0.0,58.53360910031024,603.3452875263015,0.0,0.0
2023,1,5,20,56.602,0.0,-0.0,0.0,58.53360910031024,543.9134119948712,0.0,0.0
2023,1,5,21,56.602,0.0,-0.0,0.0,58.53360910031024,484.48153646344093,0.0,0.0
2023,1,5,22,56.602,0.0,-0.0,0.0,58.53360910031024,425.0496609320106,0.0,0.0
2023,1,5,23,56.602,0.0,-0.0,0.0,58.53360910031024,365.6177854005803,0.0,0.0
2023,1,6,0,56.602,0.0,-0.0,0.0,58.53360910031024,306.18590986915,0.0,0.0
2023,1,6,1,56.602,0.0,-0.0,0.0,58.53360910031024,246.7540343377197,0.0,0.0
2023,1,6,2,56.602,0.0,-0.0,0.0,58.53360910031024,187.3221588062894,0.0,0.0
2023,1,6,3,56.602,0.0,-0.0,0.0,58.53360910031024,127.89028327485909,0.0,0.0
2023,1,6,4,56.602,0.0,-0.0,0.0,58.53360910031024,68.45840774342878,0.0,0.0
2023,1,6,5,56.602,0.0,-0.0,0.0,8.890103219930554,59.43187553143031,0.0,48.00527018632715
2023,1,6,6,56.602,0.0,-0.0,0.0,58.53360910031024,0.0,0.0,0.0
2023,1,6,7,56.602,0.2799656320797461,0.2799656320797461,0.0,-0.0,0.0,0.0,56.33127323377888
2023,1,6,8,56.602,62.163568946986835,58.53360910031024,0.0,-0.0,0.0,3.6299598466765985,0.0
2023,1,6,9,56.602,133.36069562241343,58.53360910031024,0.0,0.0,-0.0,74.8270865221032,0.0
2023,1,6,10,56.602,245.73516746412918,100.93797502797776,42.40436592766752,0.0,39.67528416870789,144.79719243615142,0.0
2023,1,6,11,56.602,284.2771028137742,284.2771028137742,225.74349371346398,0.0,250.89026324884105,0.0,0.0
2023,1,6,12,56.602,299.5557605751396,299.5557605751396,241.02215147482934,0.0,476.4005884599038,0.0,0.0
2023,1,6,13,56.602,253.57047228726765,253.57047228726765,195.03686318695742,0.0,658.8851699653908,0.0,0.0
2023,1,6,14,56.602,203.24758313970688,203.24758313970688,144.71397403939662,0.0,794.2855684288397,0.0,0.0
2023,1,6,15,56.602,107.89502172843977,107.89502172843977,49.361412628129536,0.0,840.4701541465116,0.0,0.0
2023,1,6,16,56.602,0.6793832671801839,0.6793832671801839,0.0,57.85422583313005,781.7280878100687,0.0,0.0
2023,1,6,17,56.602,0.0,-0.0,0.0,58.53360910031024,722.2962122786384,0.0,0.0
2023,1,6,18,56.602,0.0,-0.0,0.0,58.53360910031024,662.8643367472082,0.0,0.0
2023,1,6,19,56.602,0.0,-0.0,0.0,58.53360910031024,603.432461215778,0.0,0.0
2023,1,6,20,56.602,0.0,-0.0,0.0,58.53360910031024,544.0005856843477,0.0,0.0
2023,1,6,21,56.602,0.0,-0.0,0.0,58.53360910031024,484.5687101529174,0.0,0.0
2023,1,6,22,56.602,0.0,-0.0,0.0,58.53360910031024,425.1368346214871,0.0,0.0
2023,1,6,23,56.602,0.0,-0.0,0.0,58.53360910031024,365.7049590900568,0.0,0.0
2023,1,7,0,56.602,0.0,-0.0,0.0,58.53360910031024,306.27308355862647,0.0,0.0
2023,1,7,1,56.602,0.0,-0.0,0.0,58.53360910031024,246.84120802719616,0.0,0.0
2023,1,7,2,56.602,0.0,-0.0,0.0,58.53360910031024,187.40933249576585,0.0,0.0
2023,1,7,3,56.602,0.0,-0.0,0.0,58.53360910031024,127.97745696433554,0.0,0.0
2023,1,7,4,56.602,0.0,-0.0,0.0,58.53360910031024,68.54558143290524,0.0,0.0
2023,1,7,5,56.602,0.0,-0.0,0.0,58.53360910031024,9.11370590147493,0.0,0.0
2023,1,7,6,56.602,0.0,-0.0,0.0,8.975959347101673,0.0,0.0,47.92224731135268
2023,1,7,7,56.602,0.6271230158585941,0.6271230158585941,0.0,-0.0,0.0,0.0,55.99557204366474
2023,1,7,8,56.602,83.11246397674063,58.53360910031024,0.0,0.0,0.0,24.57885487643039,0.0
2023,1,7,9,56.602,149.8562706645521,58.53360910031024,0.0,0.0,-0.0,91.32266156424188,0.0
2023,1,7,10,56.602,238.35154052741265,71.73196028941871,13.198351189108475,0.0,12.34892498757111,166.61958023799394,0.0
2023,1,7,11,56.602,301.85894450838225,301.85894450838225,243.32533540807202,0.0,240.0142046483733,0.0,0.0
2023,1,7,12,56.602,299.59308932608354,299.59308932608354,241.0594802257733,0.0,465.5594561876328,0.0,0.0
2023,1,7,13,56.602,269.4949174399637,269.4949174399637,210.9613083396534,0.0,662.9436093018531,0.0,0.0
2023,1,7,14,56.602,206.88340348164922,206.88340348164922,148.349794381339,0.0,801.7458321316655,0.0,0.0
2023,1,7,15,56.602,99.92160052680858,99.92160052680858,41.38799142649834,0.0,840.4701541465116,0.0,0.0
2023,1,7,16,56.602,0.7689722694457027,0.7689722694457027,0.0,57.76463683086453,781.8190516599572,0.0,0.0
2023,1,7,17,56.602,0.0,-0.0,0.0,58.53360910031024,722.3871761285268,0.0,0.0
2023,1,7,18,56.602,0.0,-0.0,0.0,58.53360910031024,662.9553005970965,0.0,0.0
2023,1,7,19,56.602,0.0,-0.0,0.0,58.53360910031024,603.5234250656663,0.0,0.0
2023,1,7,20,56.602,0.0,-0.0,0.0,58.53360910031024,544.091549534236,0.0,0.0
2023,1,7,21,56.602,0.0,-0.0,0.0,58.53360910031024,484.65967400280573,0.0,0.0
2023,1,7,22,56.602,0.0,-0.0,0.0,58.53360910031024,425.2277984713754,0.0,0.0
2023,1,7,23,56.602,0.0,-0.0,0.0,58.53360910031024,365.7959229399451,0.0,0.0
2023,1,8,0,56.602,0.0,-0.0,0.0,58.53360910031024,306.3640474085148,0.0,0.0
2023,1,8,1,56.602,0.0,-0.0,0.0,58.53360910031024,246.9321718770845,0.0,0.0
2023,1,8,2,56.602,0.0,-0.0,0.0,58.53360910031024,187.5002963456542,0.0,0.0
2023,1,8,3,56.602,0.0,-0.0,0.0,58.53360910031024,128.06842081422388,0.0,0.0
2023,1,8,4,56.602,0.0,-0.0,0.0,58.53360910031024,68.63654528279358,0.0,0.0
2023,1,8,5,56.602,0.0,-0.0,0.0,58.53360910031024,9.20466975136327,0.0,0.0
2023,1,8,6,56.602,0.0,-0.0,0.0,9.065548349367193,0.0,0.0,47.83561474616192
2023,1,8,7,56.602,0.3508902588732818,0.3508902588732818,0.0,-0.0,0.0,0.0,56.26268911966953
2023,1,8,8,56.602,48.77001310829177,48.77001310829177,0.0,-0.0,0.0,0.0,9.441397324281857
2023,1,8,9,56.602,90.65287166742176,90.65287166742176,32.11926256711153,0.0,30.052114723593224,0.0,0.0
2023,1,8,10,56.602,189.82043142516227,189.82043142516227,131.28682232485204,0.0,152.88951293467133,0.0,0.0
2023,1,8,11,56.602,206.77888297900614,206.77888297900614,148.2452738786959,0.0,291.5939420455328,0.0,0.0
2023,1,8,12,56.602,273.10834053133954,273.10834053133954,214.5747314310293,0.0,492.3589637291985,0.0,0.0
2023,1,8,13,56.602,192.34758786406877,192.34758786406877,133.81397876375854,0.0,617.5608743591965,0.0,0.0
2023,1,8,14,56.602,133.81610638392988,133.81610638392988,75.28249728361965,0.0,687.9983023766913,0.0,0.0
2023,1,8,15,56.602,108.99995275638115,108.99995275638115,50.46634365607091,0.0,735.216707408987,0.0,0.0
2023,1,8,16,56.602,0.9705475245431199,0.9705475245431199,0.0,57.56306157576712,676.7702735846815,0.0,0.0
2023,1,8,17,56.602,0.0,-0.0,0.0,58.53360910031024,617.3383980532512,0.0,0.0
2023,1,8,18,56.602,0.0,-0.0,0.0,58.53360910031024,557.906522521821,0.0,0.0
2023,1,8,19,56.602,0.0,-0.0,0.0,58.53360910031024,498.4746469903907,0.0,0.0
2023,1,8,20,56.602,0.0,-0.0,0.0,58.53360910031024,439.0427714589604,0.0,0.0
2023,1,8,21,56.602,0.0,-0.0,0.0,58.53360910031024,379.61089592753007,0.0,0.0
2023,1,8,22,56.602,0.0,-0.0,0.0,58.53360910031024,320.17902039609976,0.0,0.0
2023,1,8,23,56.602,0.0,-0.0,0.0,58.53360910031024,260.74714486466945,0.0,0.0
2023,1,9,0,56.602,0.0,-0.0,0.0,58.53360910031024,201.31526933323914,0.0,0.0
2023,1,9,1,56.602,0.0,-0.0,0.0,58.53360910031024,141.88339380180884,0.0,0.0
2023,1,9,2,56.602,0.0,-0.0,0.0,58.53360910031024,82.45151827037853,0.0,0.0
2023,1,9,3,56.602,0.0,-0.0,0.0,58.53360910031024,23.01964273894822,0.0,0.0
2023,1,9,4,56.602,0.0,-0.0,0.0,22.671718798404964,0.0,0.0,34.6784479219424
2023,1,9,5,56.602,0.0,-0.0,0.0,-0.0,-0.0,0.0,56.602
2023,1,9,6,56.602,0.0,-0.0,0.0,0.0,-0.0,0.0,56.602
2023,1,9,7,56.602,0.0,-0.0,0.0,0.0,-0.0,0.0,56.602
2023,1,9,8,56.602,5.905408399335445,5.905408399335445,0.0,0.0,-0.0,0.0,50.89147007784262
2023,1,9,9,56.602,19.537868244071884,19.537868244071884,0.0,0.0,-0.0,0.0,37.70888140798249
2023,1,9,10,56.602,32.890362456728575,32.890362456728575,0.0,0.0,-0.0,0.0,24.797019504343467
2023,1,9,11,56.602,29.101494235915975,29.101494235915975,0.0,0.0,-0.0,0.0,28.46085507386925
2023,1,9,12,56.602,33.02474596012685,33.02474596012685,0.0,0.0,-0.0,0.0,24.667070656557332
2023,1,9,13,56.602,18.806224725570146,18.806224725570146,0.0,0.0,-0.0,0.0,38.416380690373664
2023,1,9,14,56.602,9.477769864673006,9.477769864673006,0.0,0.0,0.0,0.0,47.4369965408612
2023,1,9,15,56.602,13.382357213411865,13.382357213411865,0.0,-0.0,0.0,0.0,43.661260574630724
2023,1,9,16,56.602,0.0,-0.0,0.0,0.0,-0.0,0.0,56.602
2023,1,9,17,56.602,0.0,-0.0,0.0,-0.0,0.0,0.0,56.602
2023,1,9,18,56.602,0.0,-0.0,0.0,-0.0,0.0,0.0,56.602
2023,1,9,19,56.602,0.0,-0.0,0.0,-0.0,0.0,0.0,56.602
2023,1,9,20,56.602,0.0,-0.0,0.0,-0.0,0.0,0.0,56.602
2023,1,9,21,56.602,0.0,-0.0,0.0,-0.0,0.0,0.0,56.602
2023,1,9,22,56.602,0.0,-0.0,0.0,-0.0,0.0,0.0,56.602
2023,1,9,23,56.602,0.0,-0.0,0.0,0.0,-0.0,0.0,56.602
2023,1,10,0,56.602,0.0,-0.0,0.0,-0.0,0.0,0.0,56.602
2023,1,10,1,56.602,0.0,-0.0,0.0,-0.0,0.0,0.0,56.602
2023,1,10,2,56.602,0.0,-0.0,0.0,-0.0,0.0,0.0,56.602
2023,1,10,3,56.602,0.0,-0.0,0.0,0.0,-0.0,0.0,56.602
2023,1,10,4,56.602,0.0,-0.0,0.0,-0.0,0.0,0.0,56.602
2023,1,10,5,56.602,0.0,-0.0,0.0,0.0,-0.0,0.0,56.602
2023,1,10,6,56.602,0.0,-0.0,0.0,-0.0,0.0,0.0,56.602
2023,1,10,7,56.602,0.2762327569853495,0.2762327569853495,0.0,-0.0,0.0,0.0,56.33488292399517
2023,1,10,8,56.602,36.67176492735234,36.67176492735234,0.0,-0.0,0.0,0.0,21.140403315250282
2023,1,10,9,56.602,88.27129735719672,88.27129735719672,29.73768825688648,0.0,27.823814984640595,0.0,0.0
2023,1,10,10,56.602,175.82214982117495,175.82214982117495,117.2885407208647,0.0,137.5638401219376,0.0,0.0
2023,1,10,11,56.602,220.96007546261882,220.96007546261882,162.4264663623086,0.0,289.5367813147442,0.0,0.0
2023,1,10,12,56.602,213.9049415342092,213.9049415342092,155.37133243389894,0.0,434.9086464783651,0.0,0.0
2023,1,10,13,56.602,114.49847777042737,114.49847777042737,55.964868670117134,0.0,487.2716996540419,0.0,0.0
2023,1,10,14,56.602,105.38279678991084,105.38279678991084,46.849187689600605,0.0,531.1057434840726,0.0,0.0
2023,1,10,15,56.602,67.72181996254339,67.72181996254339,9.188210862233158,0.0,539.7026147964026,0.0,0.0
2023,1,10,16,56.602,0.530068263404282,0.530068263404282,0.0,58.003540836905955,480.8089420434788,0.0,0.0
2023,1,10,17,56.602,0.0,-0.0,0.0,58.53360910031024,421.3770665120485,0.0,0.0
2023,1,10,18,56.602,0.0,-0.0,0.0,58.53360910031024,361.9451909806182,0.0,0.0
2023,1,10,19,56.602,0.0,-0.0,0.0,58.53360910031024,302.51331544918787,0.0,0.0
2023,1,10,20,56.602,0.0,-0.0,0.0,58.53360910031024,243.08143991775756,0.0,0.0
2023,1,10,21,56.602,0.0,-0.0,0.0,58.53360910031024,183.64956438632726,0.0,0.0
2023,1,10,22,56.602,0.0,-0.0,0.0,58.53360910031024,124.21768885489695,0.0,0.0
2023,1,10,23,56.602,0.0,-0.0,0.0,58.53360910031024,64.78581332346664,0.0,0.0
2023,1,11,0,56.602,0.0,-0.0,0.0,58.53360910031024,5.353937792036334,0.0,0.0
2023,1,11,1,56.602,0.0,-0.0,0.0,5.27301719934278,0.0,0.0,51.50299236823553
2023,1,11,2,56.602,0.0,-0.0,0.0,0.0,-0.0,0.0,56.602
2023,1,11,3,56.602,0.0,-0.0,0.0,-0.0,0.0,0.0,56.602
2023,1,11,4,56.602,0.0,-0.0,0.0,-0.0,0.0,0.0,56.602
2023,1,11,5,56.602,0.0,-0.0,0.0,-0.0,0.0,0.0,56.602
2023,1,11,6,56.602,0.0,-0.0,0.0,-0.0,0.0,0.0,56.602
2023,1,11,7,56.602,0.5375340135930752,0.5375340135930752,0.0,-0.0,0.0,0.0,56.08220460885549
2023,1,11,8,56.602,141.12507581875843,58.53360910031024,0.0,0.0,0.0,82.5914667184482,0.0
2023,1,11,9,56.602,234.90236394019018,58.53360910031024,0.0,0.0,0.0,176.36875483987995,0.0
2023,1,11,10,56.602,289.7756278278204,58.53360910031024,0.0,0.0,-0.0,231.24201872751019,0.0
2023,1,11,11,56.602,313.87880231233936,219.73086441188434,161.1972553115741,0.0,150.82284033233395,94.14793790045502,0.0
2023,1,11,12,56.602,317.846848537683,317.846848537683,259.3132394373728,0.0,393.447066359804,0.0,0.0
2023,1,11,13,56.602,262.0776946273976,262.0776946273976,203.54408552708736,0.0,583.8913580613303,0.0,0.0
2023,1,11,14,56.602,236.12301409605786,236.12301409605786,177.58940499574763,0.0,750.0513737676565,0.0,0.0
2023,1,11,15,56.602,155.17188479897288,155.17188479897288,96.63827569866264,0.0,840.4701541465116,0.0,0.0
2023,1,11,16,56.602,1.250513156622866,1.250513156622866,0.0,57.28309594368737,782.3079823531075,0.0,0.0
2023,1,11,17,56.602,0.0,-0.0,0.0,58.53360910031024,722.8761068216772,0.0,0.0
2023,1,11,18,56.602,0.0,-0.0,0.0,58.53360910031024,663.444231290247,0.0,0.0
2023,1,11,19,56.602,0.0,-0.0,0.0,58.53360910031024,604.0123557588167,0.0,0.0
2023,1,11,20,56.602,0.0,-0.0,0.0,58.53360910031024,544.5804802273865,0.0,0.0
2023,1,11,21,56.602,0.0,-0.0,0.0,58.53360910031024,485.1486046959562,0.0,0.0
2023,1,11,22,56.602,0.0,-0.0,0.0,58.53360910031024,425.7167291645259,0.0,0.0
2023,1,11,23,56.602,0.0,-0.0,0.0,58.53360910031024,366.28485363309557,0.0,0.0
2023,1,12,0,56.602,0.0,-0.0,0.0,58.53360910031024,306.85297810166526,0.0,0.0
2023,1,12,1,56.602,0.0,-0.0,0.0,58.53360910031024,247.42110257023495,0.0,0.0
2023,1,12,2,56.602,0.0,-0.0,0.0,58.53360910031024,187.98922703880464,0.0,0.0
2023,1,12,3,56.602,0.0,-0.0,0.0,58.53360910031024,128.55735150737434,0.0,0.0
2023,1,12,4,56.602,0.0,-0.0,0.0,58.53360910031024,69.12547597594403,0.0,0.0
2023,1,12,5,56.602,0.0,-0.0,0.0,58.53360910031024,9.69360044451372,0.0,0.0
2023,1,12,6,56.602,0.0,-0.0,0.0,9.547089236544354,0.0,0.0,47.369964708261605
2023,1,12,7,56.602,0.698047642652167,0.698047642652167,0.0,-0.0,0.0,0.0,55.92698792955535
2023,1,12,8,56.602,33.26364996616824,33.26364996616824,0.0,-0.0,0.0,0.0,24.436050482715313
2023,1,12,9,56.602,112.2251568379398,112.2251568379398,53.69154773762957,0.0,50.23603978849479,0.0,0.0
2023,1,12,10,56.602,178.08427212837933,178.08427212837933,119.55066302806908,0.0,162.09260041451483,0.0,0.0
2023,1,12,11,56.602,199.43631766832797,199.43631766832797,140.90270856801774,0.0,293.9270207690756,0.0,0.0
2023,1,12,12,56.602,234.18938479716044,234.18938479716044,175.6557756968502,0.0,458.2778526748102,0.0,0.0
2023,1,12,13,56.602,121.67679657695203,121.67679657695203,63.14318747664179,0.0,517.357238762722,0.0,0.0
2023,1,12,14,56.602,53.245730346473316,53.245730346473316,0.0,5.287878753836921,511.9882113483221,0.0,0.0
2023,1,12,15,56.602,74.96359764567282,74.96359764567282,16.429988545362583,0.0,527.3607903308215,0.0,0.0
2023,1,12,16,56.602,1.4184925358707137,1.4184925358707137,0.0,57.115116564439525,469.3691757559583,0.0,0.0
2023,1,12,17,56.602,0.0,-0.0,0.0,58.53360910031024,409.937300224528,0.0,0.0
2023,1,12,18,56.602,0.0,-0.0,0.0,58.53360910031024,350.50542469309767,0.0,0.0
2023,1,12,19,56.602,0.0,-0.0,0.0,58.53360910031024,291.07354916166736,0.0,0.0
2023,1,12,20,56.602,0.0,-0.0,0.0,58.53360910031024,231.64167363023705,0.0,0.0
2023,1,12,21,56.602,0.0,-0.0,0.0,58.53360910031024,172.20979809880674,0.0,0.0
2023,1,12,22,56.602,0.0,-0.0,0.0,58.53360910031024,112.77792256737644,0.0,0.0
2023,1,12,23,56.602,0.0,-0.0,0.0,58.53360910031024,53.34604703594613,0.0,0.0
2023,1,13,0,56.602,0.0,-0.0,0.0,52.539763154496,0.0,0.0,5.796049029602366
2023,1,13,1,56.602,0.0,-0.0,0.0,-0.0,0.0,0.0,56.602
2023,1,13,2,56.602,0.0,-0.0,0.0,-0.0,0.0,0.0,56.602
2023,1,13,3,56.602,0.0,-0.0,0.0,-0.0,0.0,0.0,56.602
2023,1,13,4,56.602,0.0,-0.0,0.0,-0.0,0.0,0.0,56.602
2023,1,13,5,56.602,0.0,-0.0,0.0,0.0,-0.0,0.0,56.602
2023,1,13,6,56.602,0.0,-0.0,0.0,-0.0,0.0,0.0,56.602
2023,1,13,7,56.602,0.7764380196344959,0.7764380196344959,0.0,-0.0,0.0,0.0,55.85118443501344
2023,1,13,8,56.602,84.2435251303428,58.53360910031024,0.0,0.0,0.0,25.709916030032566,0.0
2023,1,13,9,56.602,162.16355985077774,58.53360910031024,0.0,0.0,0.0,103.62995075046751,0.0
2023,1,13,10,56.602,261.41697573568933,58.53360910031024,0.0,0.0,-0.0,202.8833666353791,0.0
2023,1,13,11,56.602,294.9157968328045,265.619097947302,207.08548884699172,0.0,193.7577755845982,29.296698885502508,0.0
2023,1,13,12,56.602,291.4106271191662,291.4106271191662,232.87701801885592,0.0,411.6471759831302,0.0,0.0
2023,1,13,13,56.602,274.44470981513354,274.44470981513354,215.9111007148233,0.0,613.6625602162395,0.0,0.0
2023,1,13,14,56.602,226.279422472134,226.279422472134,167.74581337182377,0.0,770.6125031770829,0.0,0.0
2023,1,13,15,56.602,133.19644911825998,133.19644911825998,74.66284001794975,0.0,840.4701541465116,0.0,0.0
2023,1,13,16,56.602,1.900033423047877,1.900033423047877,0.0,56.63357567726236,782.9674702647986,0.0,0.0
2023,1,13,17,56.602,0.0,-0.0,0.0,58.53360910031024,723.5355947333683,0.0,0.0
2023,1,13,18,56.602,0.0,-0.0,0.0,58.53360910031024,664.103719201938,0.0,0.0
2023,1,13,19,56.602,0.0,-0.0,0.0,58.53360910031024,604.6718436705078,0.0,0.0
2023,1,13,20,56.602,0.0,-0.0,0.0,58.53360910031024,545.2399681390775,0.0,0.0
2023,1,13,21,56.602,0.0,-0.0,0.0,58.53360910031024,485.8080926076472,0.0,0.0
2023,1,13,22,56.602,0.0,-0.0,0.0,58.53360910031024,426.3762170762169,0.0,0.0
2023,1,13,23,56.602,0.0,-0.0,0.0,58.53360910031024,366.9443415447866,0.0,0.0
2023,1,14,0,56.602,0.0,-0.0,0.0,58.53360910031024,307.5124660133563,0.0,0.0
2023,1,14,1,56.602,0.0,-0.0,0.0,58.53360910031024,248.08059048192598,0.0,0.0
2023,1,14,2,56.602,0.0,-0.0,0.0,58.53360910031024,188.64871495049567,0.0,0.0
2023,1,14,3,56.602,0.0,-0.0,0.0,58.53360910031024,129.21683941906537,0.0,0.0
2023,1,14,4,56.602,0.0,-0.0,0.0,58.53360910031024,69.78496388763506,0.0,0.0
2023,1,14,5,56.602,0.0,-0.0,0.0,58.53360910031024,10.35308835620475,0.0,0.0
2023,1,14,6,56.602,0.0,-0.0,0.0,10.196609502969368,0.0,0.0,46.74187861062862
2023,1,14,7,56.602,0.31356150792927834,0.31356150792927834,0.0,-0.0,0.0,0.0,56.298786021832385
2023,1,14,8,56.602,62.506993455671314,58.53360910031024,0.0,0.0,0.0,3.973384355361077,0.0
2023,1,14,9,56.602,131.14710069143626,58.53360910031024,0.0,0.0,-0.0,72.61349159112604,0.0
2023,1,14,10,56.602,200.895871830237,150.51802203175365,91.98441293144342,0.0,86.06443327963069,50.37784979848337,0.0
2023,1,14,11,56.602,283.7843633013139,283.7843633013139,225.25075420100364,0.0,296.8183848275668,0.0,0.0
2023,1,14,12,56.602,301.6163076272465,301.6163076272465,243.08269852693627,0.0,524.2566433550901,0.0,0.0
2023,1,14,13,56.602,225.23048457060855,225.23048457060855,166.69687547029832,0.0,680.2251564936048,0.0,0.0
2023,1,14,14,56.602,165.8777705697024,165.8777705697024,107.34416146939215,0.0,780.6608077992878,0.0,0.0
2023,1,14,15,56.602,122.45696747168095,122.45696747168095,63.92335837137072,0.0,840.4701541465116,0.0,0.0
2023,1,14,16,56.602,1.4968829128530425,1.4968829128530425,0.0,57.0367261874572,782.5581329403007,0.0,0.0
2023,1,14,17,56.602,0.0,-0.0,0.0,58.53360910031024,723.1262574088703,0.0,0.0
2023,1,14,18,56.602,0.0,-0.0,0.0,58.53360910031024,663.69438187744,0.0,0.0
2023,1,14,19,56.602,0.0,-0.0,0.0,58.53360910031024,604.2625063460098,0.0,0.0
2023,1,14,20,56.602,0.0,-0.0,0.0,58.53360910031024,544.8306308145795,0.0,0.0
2023,1,14,21,56.602,0.0,-0.0,0.0,58.53360910031024,485.3987552831492,0.0,0.0
2023,1,14,22,56.602,0.0,-0.0,0.0,58.53360910031024,425.9668797517189,0.0,0.0
2023,1,14,23,56.602,0.0,-0.0,0.0,58.53360910031024,366.5350042202886,0.0,0.0
2023,1,15,0,56.602,0.0,-0.0,0.0,58.53360910031024,307.1031286888583,0.0,0.0
2023,1,15,1,56.602,0.0,-0.0,0.0,58.53360910031024,247.671253157428,0.0,0.0
2023,1,15,2,56.602,0.0,-0.0,0.0,58.53360910031024,188.2393776259977,0.0,0.0
2023,1,15,3,56.602,0.0,-0.0,0.0,58.53360910031024,128.80750209456738,0.0,0.0
2023,1,15,4,56.602,0.0,-0.0,0.0,58.53360910031024,69.37562656313708,0.0,0.0
2023,1,15,5,56.602,0.0,-0.0,0.0,58.53360910031024,9.943751031706768,0.0,0.0
2023,1,15,6,56.602,0.0,-0.0,0.0,9.793458992774527,0.0,0.0,47.13172515398703
2023,1,15,7,56.602,1.0601365268086014,1.0601365268086014,0.0,-0.0,0.0,0.0,55.576847978576076
2023,1,15,8,56.602,147.32911422564558,58.53360910031024,0.0,0.0,0.0,88.79550512533535,0.0
2023,1,15,9,56.602,236.44404135417597,58.53360910031024,0.0,0.0,0.0,177.91043225386574,0.0
2023,1,15,10,56.602,280.3650497148466,58.53360910031024,0.0,0.0,-0.0,221.83144061453635,0.0
2023,1,15,11,56.602,316.71205450898645,243.03147075110812,184.4978616507979,0.0,172.6238543927451,73.68058375787834,0.0
2023,1,15,12,56.602,315.5548632297234,315.5548632297234,257.0212541294132,0.0,413.10360386893467,0.0,0.0
2023,1,15,13,56.602,278.9913516801086,278.9913516801086,220.45774257979838,0.0,619.3730148764081,0.0,0.0
2023,1,15,14,56.602,214.67391380365493,214.67391380365493,156.1403047033447,0.0,765.464362400882,0.0,0.0
2023,1,15,15,56.602,138.69870700740063,138.69870700740063,80.16509790709038,0.0,840.4701541465116,0.0,0.0
2023,1,15,16,56.602,37.70203845340581,37.70203845340581,0.0,20.831570646904424,819.3188987764671,0.0,0.0
2023,1,15,17,56.602,0.0,-0.0,0.0,58.53360910031024,759.8870232450367,0.0,0.0
2023,1,15,18,56.602,0.0,-0.0,0.0,58.53360910031024,700.4551477136065,0.0,0.0
2023,1,15,19,56.602,0.0,-0.0,0.0,58.53360910031024,641.0232721821762,0.0,0.0
2023,1,15,20,56.602,0.0,-0.0,0.0,58.53360910031024,581.591396650746,0.0,0.0
2023,1,15,21,56.602,0.0,-0.0,0.0,58.53360910031024,522.1595211193157,0.0,0.0
2023,1,15,22,56.602,0.0,-0.0,0.0,58.53360910031024,462.72764558788543,0.0,0.0
2023,1,15,23,56.602,0.0,-0.0,0.0,58.53360910031024,403.2957700564551,0.0,0.0
2023,1,16,0,56.602,0.0,-0.0,0.0,58.53360910031024,343.8638945250248,0.0,0.0
2023,1,16,1,56.602,0.0,-0.0,0.0,58.53360910031024,284.4320189935945,0.0,0.0
2023,1,16,2,56.602,0.0,-0.0,0.0,58.53360910031024,225.0001434621642,0.0,0.0
2023,1,16,3,56.602,0.0,-0.0,0.0,58.53360910031024,165.5682679307339,0.0,0.0
2023,1,16,4,56.602,0.0,-0.0,0.0,58.53360910031024,106.13639239930359,0.0,0.0
2023,1,16,5,56.602,0.0,-0.0,0.0,45.9986145333273,59.43187553143031,0.0,12.1213397462725
2023,1,16,6,56.602,0.0,-0.0,0.0,58.53360910031024,0.0,0.0,0.0
2023,1,16,7,56.602,0.0,-0.0,0.0,-0.0,0.0,0.0,56.602
2023,1,16,8,56.602,7.906229449932031,7.906229449932031,0.0,0.0,-0.0,0.0,48.95667612191572
2023,1,16,9,56.602,15.972972528923117,15.972972528923117,0.0,-0.0,0.0,0.0,41.15613556453134
2023,1,16,10,56.602,39.33703774475153,39.33703774475153,0.0,-0.0,0.0,0.0,18.563084500825273
2023,1,16,11,56.602,142.15908221990628,142.15908221990628,83.62547311959604,0.0,78.24346236946826,0.0,0.0
2023,1,16,12,56.602,184.36670091224877,184.36670091224877,125.83309181193854,0.0,195.97812403100122,0.0,0.0
2023,1,16,13,56.602,183.258037009213,183.258037009213,124.72442790890278,0.0,312.67547374509076,0.0,0.0
2023,1,16,14,56.602,163.24982650324716,163.24982650324716,104.71621740293692,0.0,410.6523115457225,0.0,0.0
2023,1,16,15,56.602,59.60281663223071,59.60281663223071,1.0692075319204766,0.0,411.65270647525944,0.0,0.0
2023,1,16,16,56.602,23.207284461863757,23.207284461863757,0.0,35.32632463844648,375.7842582253475,0.0,0.0
2023,1,16,17,56.602,0.0,-0.0,0.0,58.53360910031024,316.3523826939172,0.0,0.0
2023,1,16,18,56.602,0.0,-0.0,0.0,58.53360910031024,256.9205071624869,0.0,0.0
2023,1,16,19,56.602,0.0,-0.0,0.0,58.53360910031024,197.4886316310566,0.0,0.0
2023,1,16,20,56.602,0.0,-0.0,0.0,58.53360910031024,138.05675609962628,0.0,0.0
2023,1,16,21,56.602,0.0,-0.0,0.0,18.90291773962617,118.86375106286062,0.0,38.32287854578149
2023,1,16,22,56.602,0.0,-0.0,0.0,58.53360910031024,59.43187553143031,0.0,0.0
2023,1,16,23,56.602,0.0,-0.0,0.0,58.53360910031024,0.0,0.0,0.0
2023,1,17,0,56.602,0.0,-0.0,0.0,-0.0,0.0,0.0,56.602
2023,1,17,1,56.602,0.0,-0.0,0.0,-0.0,0.0,0.0,56.602
2023,1,17,2,56.602,0.0,-0.0,0.0,-0.0,0.0,0.0,56.602
2023,1,17,3,56.602,0.0,-0.0,0.0,-0.0,0.0,0.0,56.602
2023,1,17,4,56.602,0.0,-0.0,0.0,0.0,-0.0,0.0,56.602
2023,1,17,5,56.602,0.0,-0.0,0.0,-0.0,0.0,0.0,56.602
2023,1,17,6,56.602,0.0,-0.0,0.0,-0.0,0.0,0.0,56.602
2023,1,17,7,56.602,0.0,-0.0,0.0,-0.0,0.0,0.0,56.602
2023,1,17,8,56.602,17.488519817248143,17.488519817248143,0.0,-0.0,0.0,0.0,39.690601336721045
2023,1,17,9,56.602,46.80278793354476,46.80278793354476,0.0,-0.0,0.0,0.0,11.343704068262218
2023,1,17,10,56.602,54.623161256305664,54.623161256305664,0.0,0.0,-0.0,0.0,3.781403065152421
2023,1,17,11,56.602,30.43786351971,30.43786351971,0.0,0.0,-0.0,0.0,27.16858597644043
2023,1,17,12,56.602,12.359549437547193,12.359549437547193,0.0,-0.0,0.0,0.0,44.65031569389186
2023,1,17,13,56.602,11.702563420933389,11.702563420933389,0.0,-0.0,0.0,0.0,45.28562117195741
2023,1,17,14,56.602,3.6694162177918725,3.6694162177918725,0.0,0.0,-0.0,0.0,53.05367451739526
2023,1,17,15,56.602,7.290305059356589,7.290305059356589,0.0,-0.0,0.0,0.0,49.55227500760218
2023,1,17,16,56.602,0.26876700679651894,0.26876700679651894,0.0,0.0,-0.0,0.0,56.34210230442776
2023,1,17,17,56.602,0.0,-0.0,0.0,-0.0,0.0,0.0,56.602
2023,1,17,18,56.602,0.0,-0.0,0.0,-0.0,0.0,0.0,56.602
2023,1,17,19,56.602,0.0,-0.0,0.0,-0.0,0.0,0.0,56.602
2023,1,17,20,56.602,0.0,-0.0,0.0,-0.0,0.0,0.0,56.602
2023,1,17,21,56.602,0.0,-0.0,0.0,-0.0,0.0,0.0,56.602
2023,1,17,22,56.602,0.0,-0.0,0.0,0.0,-0.0,0.0,56.602
2023,1,17,23,56.602,0.0,-0.0,0.0,-0.0,0.0,0.0,56.602
2023,1,18,0,56.602,0.0,-0.0,0.0,0.0,-0.0,0.0,56.602
2023,1,18,1,56.602,0.0,-0.0,0.0,-0.0,0.0,0.0,56.602
2023,1,18,2,56.602,0.0,-0.0,0.0,-0.0,0.0,0.0,56.602
2023,1,18,3,56.602,0.0,-0.0,0.0,-0.0,0.0,0.0,56.602
2023,1,18,4,56.602,0.0,-0.0,0.0,-0.0,0.0,0.0,56.602
2023,1,18,5,56.602,0.0,-0.0,0.0,-0.0,0.0,0.0,56.602
2023,1,18,6,56.602,0.0,-0.0,0.0,-0.0,0.0,0.0,56.602
2023,1,18,7,56.602,0.2762327569853495,0.2762327569853495,0.0,-0.0,0.0,0.0,56.33488292399517
2023,1,18,8,56.602,65.66127291043647,65.66127291043647,7.127663810126229,0.0,6.668937995869438,0.0,0.0
2023,1,18,9,56.602,129.61288902763926,129.61288902763926,71.07927992732903,0.0,73.1736614584102,0.0,0.0
2023,1,18,10,56.602,180.20827805709095,180.20827805709095,121.67466895678072,0.0,187.01753015882525,0.0,0.0
2023,1,18,11,56.602,213.01651726174285,213.01651726174285,154.4829081614326,0.0,331.5581487113635,0.0,0.0
2023,1,18,12,56.602,202.52713824648833,202.52713824648833,143.9935291461781,0.0,466.28446904061514,0.0,0.0
2023,1,18,13,56.602,188.15930200815575,188.15930200815575,129.62569290784552,0.0,587.5676456469379,0.0,0.0
2023,1,18,14,56.602,168.41612563389208,168.41612563389208,109.88251653358185,0.0,690.3782872699998,0.0,0.0
2023,1,18,15,56.602,113.96467663192867,113.96467663192867,55.43106753161843,0.0,742.2418939524631,0.0,0.0
2023,1,18,16,56.602,38.91895573417911,38.91895573417911,0.0,19.61465336613113,722.3262308767366,0.0,0.0
2023,1,18,17,56.602,0.0,-0.0,0.0,58.53360910031024,662.8943553453064,0.0,0.0
2023,1,18,18,56.602,0.0,-0.0,0.0,58.53360910031024,603.4624798138761,0.0,0.0
2023,1,18,19,56.602,0.0,-0.0,0.0,58.53360910031024,544.0306042824459,0.0,0.0
2023,1,18,20,56.602,0.0,-0.0,0.0,58.53360910031024,484.5987287510156,0.0,0.0
2023,1,18,21,56.602,0.0,-0.0,0.0,58.53360910031024,425.1668532195853,0.0,0.0
2023,1,18,22,56.602,0.0,-0.0,0.0,58.53360910031024,365.73497768815497,0.0,0.0
2023,1,18,23,56.602,0.0,-0.0,0.0,58.53360910031024,306.30310215672466,0.0,0.0
2023,1,19,0,56.602,0.0,-0.0,0.0,58.53360910031024,246.87122662529436,0.0,0.0
2023,1,19,1,56.602,0.0,-0.0,0.0,58.53360910031024,187.43935109386405,0.0,0.0
2023,1,19,2,56.602,0.0,-0.0,0.0,58.53360910031024,128.00747556243374,0.0,0.0
2023,1,19,3,56.602,0.0,-0.0,0.0,58.53360910031024,68.57560003100343,0.0,0.0
2023,1,19,4,56.602,0.0,-0.0,0.0,58.53360910031024,9.143724499573125,0.0,0.0
2023,1,19,5,56.602,0.0,-0.0,0.0,9.005524237509592,0.0,0.0,47.89365806232822
2023,1,19,6,56.602,0.0,-0.0,0.0,-0.0,0.0,0.0,56.602
2023,1,19,7,56.602,0.8585612717112214,0.8585612717112214,0.0,-0.0,0.0,0.0,55.77177125025525
2023,1,19,8,56.602,48.527376227156,48.527376227156,0.0,-0.0,0.0,0.0,9.676027188340148
2023,1,19,9,56.602,109.65320589790058,109.65320589790058,51.11959679759034,0.0,47.82961577573878,0.0,0.0
2023,1,19,10,56.602,167.87112587011018,167.87112587011018,109.33751676979995,0.0,150.13033300712814,0.0,0.0
2023,1,19,11,56.602,215.84603658329547,215.84603658329547,157.31242748298524,0.0,297.31836723698007,0.0,0.0
2023,1,19,12,56.602,227.6381890064944,227.6381890064944,169.10457990618417,0.0,455.5396285441851,0.0,0.0
2023,1,19,13,56.602,186.71841222171867,186.71841222171867,128.18480312140844,0.0,575.4746488821133,0.0,0.0
2023,1,19,14,56.602,104.05016038121124,104.05016038121124,45.51655128090101,0.0,618.06182279552,0.0,0.0
2023,1,19,15,56.602,40.75926315571664,40.75926315571664,0.0,17.7743459445936,600.0147088029186,0.0,0.0
2023,1,19,16,56.602,12.807494448874786,12.807494448874786,0.0,45.726114651435445,553.5868736451234,0.0,0.0
2023,1,19,17,56.602,0.0,-0.0,0.0,58.53360910031024,494.1549981136931,0.0,0.0
2023,1,19,18,56.602,0.0,-0.0,0.0,58.53360910031024,434.7231225822628,0.0,0.0
2023,1,19,19,56.602,0.0,-0.0,0.0,58.53360910031024,375.2912470508325,0.0,0.0
2023,1,19,20,56.602,0.0,-0.0,0.0,58.53360910031024,315.8593715194022,0.0,0.0
2023,1,19,21,56.602,0.0,-0.0,0.0,58.53360910031024,256.4274959879719,0.0,0.0
2023,1,19,22,56.602,0.0,-0.0,0.0,58.53360910031024,196.9956204565416,0.0,0.0
2023,1,19,23,56.602,0.0,-0.0,0.0,58.53360910031024,137.56374492511128,0.0,0.0
2023,1,20,0,56.602,0.0,-0.0,0.0,58.53360910031024,78.13186939368097,0.0,0.0
2023,1,20,1,56.602,0.0,-0.0,0.0,58.53360910031024,18.699993862250665,0.0,0.0
2023,1,20,2,56.602,0.0,-0.0,0.0,0.0,18.699993862250665,0.0,56.602
2023,1,20,3,56.602,0.0,-0.0,0.0,18.417358044376744,0.0,0.0,38.792414771087685
2023,1,20,4,56.602,0.0,-0.0,0.0,-0.0,0.0,0.0,56.602
2023,1,20,5,56.602,0.0,-0.0,0.0,-0.0,0.0,0.0,56.602
2023,1,20,6,56.602,0.0,-0.0,0.0,-0.0,0.0,0.0,56.602
2023,1,20,7,56.602,1.0676022769973945,1.0676022769973945,0.0,-0.0,0.0,0.0,55.56962859814352
2023,1,20,8,56.602,55.918468914061286,55.918468914061286,0.0,-0.0,0.0,0.0,2.5288405601027346
2023,1,20,9,56.602,131.35987457181687,131.35987457181687,72.82626547150663,0.0,68.13927562214862,0.0,0.0
2023,1,20,10,56.602,207.39480736958154,207.39480736958154,148.8611982692713,0.0,207.4199891482564,0.0,0.0
2023,1,20,11,56.602,187.65163099531784,187.65163099531784,129.11802189500762,0.0,328.22816769110335,0.0,0.0
2023,1,20,12,56.602,90.01455002627998,90.01455002627998,31.48094092596974,0.0,357.6830422025322,0.0,0.0
2023,1,20,13,56.602,55.052441892161276,55.052441892161276,0.0,3.48116720814896,354.1484524275492,0.0,0.0
2023,1,20,14,56.602,24.599646872073695,24.599646872073695,0.0,33.93396222823654,319.69373401132015,0.0,0.0
2023,1,20,15,56.602,8.462427838997126,8.462427838997126,0.0,50.07118126131311,268.85415213393554,0.0,0.0
2023,1,20,16,56.602,4.852737622715599,4.852737622715599,0.0,53.680871477594636,214.34948513812924,0.0,0.0
2023,1,20,17,56.602,0.0,-0.0,0.0,58.53360910031024,154.91760960669893,0.0,0.0
2023,1,20,18,56.602,0.0,-0.0,0.0,58.53360910031024,95.48573407526862,0.0,0.0
2023,1,20,19,56.602,0.0,-0.0,0.0,58.53360910031024,36.05385854383832,0.0,0.0
2023,1,20,20,56.602,0.0,-0.0,0.0,35.508932600433525,0.0,0.0,22.26486217538078
2023,1,20,21,56.602,0.0,-0.0,0.0,0.0,-0.0,0.0,56.602
2023,1,20,22,56.602,0.0,-0.0,0.0,-0.0,0.0,0.0,56.602
2023,1,20,23,56.602,0.0,-0.0,0.0,0.0,-0.0,0.0,56.602
2023,1,21,0,56.602,0.0,-0.0,0.0,-0.0,0.0,0.0,56.602
2023,1,21,1,56.602,0.0,-0.0,0.0,-0.0,0.0,0.0,56.602
2023,1,21,2,56.602,0.0,-0.0,0.0,0.0,-0.0,0.0,56.602
2023,1,21,3,56.602,0.0,-0.0,0.0,-0.0,0.0,0.0,56.602
2023,1,21,4,56.602,0.0,-0.0,0.0,-0.0,0.0,0.0,56.602
2023,1,21,5,56.602,0.0,-0.0,0.0,-0.0,0.0,0.0,56.602
2023,1,21,6,56.602,0.0,-0.0,0.0,-0.0,0.0,0.0,56.602
2023,1,21,7,56.602,0.8510955215224282,0.8510955215224282,0.0,-0.0,0.0,0.0,55.77899063068781
2023,1,21,8,56.602,47.7509382075215,47.7509382075215,0.0,-0.0,0.0,0.0,10.426842753326708
2023,1,21,9,56.602,101.98214757891552,101.98214757891552,43.44853847860528,0.0,40.65225533130673,0.0,0.0
2023,1,21,10,56.602,121.43415969581628,121.43415969581628,62.90055059550604,0.0,99.50462028593965,0.0,0.0
2023,1,21,11,56.602,92.34386408518345,92.34386408518345,33.81025498487322,0.0,131.13889767684566,0.0,0.0
2023,1,21,12,56.602,87.37914020963596,87.37914020963596,28.845531109325727,0.0,158.12797341758397,0.0,0.0
2023,1,21,13,56.602,58.240317222775985,58.240317222775985,0.0,0.29329187753425096,157.83018063446474,0.0,0.0
2023,1,21,14,56.602,76.19544642682371,76.19544642682371,17.66183732651347,0.0,174.35532844745688,0.0,0.0
2023,1,21,15,56.602,33.37936909409453,33.37936909409453,0.0,25.15424000621571,148.8150673202951,0.0,0.0
2023,1,21,16,56.602,7.909962325026427,7.909962325026427,0.0,50.62364677528381,97.4145417019318,0.0,0.0
2023,1,21,17,56.602,0.0,-0.0,0.0,58.53360910031024,37.98266617050149,0.0,0.0
2023,1,21,18,56.602,0.0,-0.0,0.0,37.408587804636056,0.0,0.0,20.427895592916933
2023,1,21,19,56.602,0.0,-0.0,0.0,-0.0,0.0,0.0,56.602
2023,1,21,20,56.602,0.0,-0.0,0.0,-0.0,0.0,0.0,56.602
2023,1,21,21,56.602,0.0,-0.0,0.0,-0.0,0.0,0.0,56.602
2023,1,21,22,56.602,0.0,-0.0,0.0,-0.0,0.0,0.0,56.602
2023,1,21,23,56.602,0.0,-0.0,0.0,-0.0,0.0,0.0,56.602
2023,1,22,0,56.602,0.0,-0.0,0.0,0.0,-0.0,0.0,56.602
2023,1,22,1,56.602,0.0,-0.0,0.0,-0.0,0.0,0.0,56.602
2023,1,22,2,56.602,0.0,-0.0,0.0,-0.0,0.0,0.0,56.602
2023,1,22,3,56.602,0.0,-0.0,0.0,-0.0,0.0,0.0,56.602
2023,1,22,4,56.602,0.0,-0.0,0.0,-0.0,0.0,0.0,56.602
2023,1,22,5,56.602,0.0,-0.0,0.0,-0.0,0.0,0.0,56.602
2023,1,22,6,56.602,0.0,-0.0,0.0,0.0,-0.0,0.0,56.602
2023,1,22,7,56.602,1.3624994094547644,1.3624994094547644,0.0,-0.0,0.0,0.0,55.28446307105724
2023,1,22,8,56.602,32.050465560489336,32.050465560489336,0.0,-0.0,0.0,0.0,25.60919980300681
2023,1,22,9,56.602,47.50083557619693,47.50083557619693,0.0,-0.0,0.0,0.0,10.66869199781757
2023,1,22,10,56.602,90.16759790515023,90.16759790515023,31.633988804839994,0.0,29.598072457035503,0.0,0.0
2023,1,22,11,56.602,115.18905966289071,115.18905966289071,56.65545056258048,0.0,82.60726270435221,0.0,0.0
2023,1,22,12,56.602,103.03108548044096,103.03108548044096,44.497476380130735,0.0,124.2409478579876,0.0,0.0
2023,1,22,13,56.602,112.82988260323208,112.82988260323208,54.29627350292184,0.0,175.04279416326978,0.0,0.0
2023,1,22,14,56.602,52.41329920042288,52.41329920042288,0.0,6.12030989988736,168.82856097698982,0.0,0.0
2023,1,22,15,56.602,23.886667729043943,23.886667729043943,0.0,0.0,168.82856097698982,0.0,33.503592306014504
2023,1,22,16,56.602,2.6167454411720272,2.6167454411720272,0.0,55.91686365913821,112.0535878943844,0.0,0.0
2023,1,22,17,56.602,0.0,-0.0,0.0,58.53360910031024,52.6217123629541,0.0,0.0
2023,1,22,18,56.602,0.0,-0.0,0.0,51.82637623497509,0.0,0.0,6.485894180779083
2023,1,22,19,56.602,0.0,-0.0,0.0,0.0,-0.0,0.0,56.602
2023,1,22,20,56.602,0.0,-0.0,0.0,-0.0,0.0,0.0,56.602
2023,1,22,21,56.602,0.0,-0.0,0.0,0.0,-0.0,0.0,56.602
2023,1,22,22,56.602,0.0,-0.0,0.0,-0.0,0.0,0.0,56.602
2023,1,22,23,56.602,0.0,-0.0,0.0,0.0,-0.0,0.0,56.602
2023,1,23,0,56.602,0.0,-0.0,0.0,-0.0,0.0,0.0,56.602
2023,1,23,1,56.602,0.0,-0.0,0.0,-0.0,0.0,0.0,56.602
2023,1,23,2,56.602,0.0,-0.0,0.0,-0.0,0.0,0.0,56.602
2023,1,23,3,56.602,0.0,-0.0,0.0,-0.0,0.0,0.0,56.602
2023,1,23,4,56.602,0.0,-0.0,0.0,-0.0,0.0,0.0,56.602
2023,1,23,5,56.602,0.0,-0.0,0.0,-0.0,0.0,0.0,56.602
2023,1,23,6,56.602,0.0,-0.0,0.0,-0.0,0.0,0.0,56.602
2023,1,23,7,56.602,1.571540414740975,1.571540414740975,0.0,0.0,-0.0,0.0,55.08232041894547
2023,1,23,8,56.602,58.40456372692943,58.40456372692943,0.0,-0.0,0.0,0.0,0.12478687605923795
2023,1,23,9,56.602,123.00943298565166,58.53360910031024,0.0,0.0,-0.0,64.47582388534141,0.0
2023,1,23,10,56.602,200.23888581362323,183.56143236735244,125.02782326704221,0.0,116.98121899939335,16.67745344627079,0.0
2023,1,23,11,56.602,209.49268317263244,209.49268317263244,150.9590740723222,0.0,258.2247921701585,0.0,0.0
2023,1,23,12,56.602,279.6893993227608,279.6893993227608,221.15579022245055,0.0,465.14732551491113,0.0,0.0
2023,1,23,13,56.602,257.64677189034876,257.64677189034876,199.11316279003853,0.0,651.4458620594831,0.0,0.0
2023,1,23,14,56.602,201.75443310194828,201.75443310194828,143.22082400163805,0.0,785.4492073950621,0.0,0.0
2023,1,23,15,56.602,117.33919571726317,117.33919571726317,58.80558661695294,0.0,840.4701541465116,0.0,0.0
2023,1,23,16,56.602,43.334946970850304,43.334946970850304,0.0,15.198662129459931,825.0382508382029,0.0,0.0
2023,1,23,17,56.602,0.0,-0.0,0.0,58.53360910031024,765.6063753067726,0.0,0.0
2023,1,23,18,56.602,0.0,-0.0,0.0,58.53360910031024,706.1744997753424,0.0,0.0
2023,1,23,19,56.602,0.0,-0.0,0.0,58.53360910031024,646.7426242439121,0.0,0.0
2023,1,23,20,56.602,0.0,-0.0,0.0,58.53360910031024,587.3107487124819,0.0,0.0
2023,1,23,21,56.602,0.0,-0.0,0.0,58.53360910031024,527.8788731810516,0.0,0.0
2023,1,23,22,56.602,0.0,-0.0,0.0,58.53360910031024,468.4469976496213,0.0,0.0
2023,1,23,23,56.602,0.0,-0.0,0.0,58.53360910031024,409.015122118191,0.0,0.0
2023,1,24,0,56.602,0.0,-0.0,0.0,58.53360910031024,349.5832465867607,0.0,0.0
2023,1,24,1,56.602,0.0,-0.0,0.0,58.53360910031024,290.1513710553304,0.0,0.0
2023,1,24,2,56.602,0.0,-0.0,0.0,58.53360910031024,230.7194955239001,0.0,0.0
2023,1,24,3,56.602,0.0,-0.0,0.0,58.53360910031024,171.28761999246979,0.0,0.0
2023,1,24,4,56.602,0.0,-0.0,0.0,58.53360910031024,111.85574446103948,0.0,0.0
2023,1,24,5,56.602,0.0,-0.0,0.0,58.53360910031024,52.42386892960917,0.0,0.0
2023,1,24,6,56.602,0.0,-0.0,0.0,51.6315230507718,0.0,0.0,6.674317209903671
2023,1,24,7,56.602,1.9373621739918432,1.9373621739918432,0.0,-0.0,0.0,0.0,54.72857077774989
2023,1,24,8,56.602,93.99752775200116,58.53360910031024,0.0,0.0,0.0,35.463918651690925,0.0
2023,1,24,9,56.602,186.12861795680402,58.53360910031024,0.0,0.0,0.0,127.59500885649379,0.0
2023,1,24,10,56.602,233.48013852922512,58.53360910031024,0.0,0.0,-0.0,174.94652942891489,0.0
2023,1,24,11,56.602,321.96420976680247,140.12357014878225,81.58996104847202,0.0,76.33895281994597,181.84063961802022,0.0
2023,1,24,12,56.602,335.70119011418194,335.70119011418194,277.1675810138717,0.0,335.66844162392124,0.0,0.0
2023,1,24,13,56.602,301.6125747521521,301.6125747521521,243.07896565184188,0.0,563.1032075186249,0.0,0.0
2023,1,24,14,56.602,249.64348768796242,249.64348768796242,191.10987858765216,0.0,741.9135392978138,0.0,0.0
2023,1,24,15,56.602,163.869483768917,163.869483768917,105.33587466860676,0.0,840.4701541465116,0.0,0.0
2023,1,24,16,56.602,57.51240657936861,57.51240657936861,0.0,1.0212025209416276,839.4332800830488,0.0,0.0
2023,1,24,17,56.602,0.0,-0.0,0.0,58.53360910031024,780.0014045516184,0.0,0.0
2023,1,24,18,56.602,0.0,-0.0,0.0,58.53360910031024,720.5695290201882,0.0,0.0
2023,1,24,19,56.602,0.0,-0.0,0.0,58.53360910031024,661.1376534887579,0.0,0.0
2023,1,24,20,56.602,0.0,-0.0,0.0,58.53360910031024,601.7057779573277,0.0,0.0
2023,1,24,21,56.602,0.0,-0.0,0.0,58.53360910031024,542.2739024258974,0.0,0.0
2023,1,24,22,56.602,0.0,-0.0,0.0,58.53360910031024,482.8420268944671,0.0,0.0
2023,1,24,23,56.602,0.0,-0.0,0.0,58.53360910031024,423.4101513630368,0.0,0.0
2023,1,25,0,56.602,0.0,-0.0,0.0,58.53360910031024,363.9782758316065,0.0,0.0
2023,1,25,1,56.602,0.0,-0.0,0.0,58.53360910031024,304.5464003001762,0.0,0.0
2023,1,25,2,56.602,0.0,-0.0,0.0,58.53360910031024,245.11452476874587,0.0,0.0
2023,1,25,3,56.602,0.0,-0.0,0.0,58.53360910031024,185.68264923731556,0.0,0.0
2023,1,25,4,56.602,0.0,-0.0,0.0,58.53360910031024,126.25077370588525,0.0,0.0
2023,1,25,5,56.602,0.0,-0.0,0.0,58.53360910031024,66.81889817445494,0.0,0.0
2023,1,25,6,56.602,0.0,-0.0,0.0,58.53360910031024,7.387022643024636,0.0,0.0
2023,1,25,7,56.602,2.168800429844396,2.168800429844396,0.0,7.275373558979916,0.0,0.0,47.46948375280689
2023,1,25,8,56.602,13.84150085002261,13.84150085002261,0.0,-0.0,0.0,0.0,43.217268678028134
2023,1,25,9,56.602,34.4843001220359,34.4843001220359,0.0,-0.0,0.0,0.0,23.255681781991285
2023,1,25,10,56.602,73.98185149584651,73.98185149584651,15.448242395536278,0.0,14.454016550924907,0.0,0.0
2023,1,25,11,56.602,87.68523596737649,87.68523596737649,29.15162686706625,0.0,41.72948818287657,0.0,0.0
2023,1,25,12,56.602,68.31907997764685,68.31907997764685,9.785470877336614,0.0,50.88518074635458,0.0,0.0
2023,1,25,13,56.602,95.70718454523481,95.70718454523481,37.17357544492457,0.0,85.66632030778771,0.0,0.0
2023,1,25,14,56.602,54.23867512158282,54.23867512158282,0.0,4.294933978727414,81.30547556298475,0.0,0.0
2023,1,25,15,56.602,26.37649541700648,26.37649541700648,0.0,0.0,81.30547556298475,0.0,31.09592893175473
2023,1,25,16,56.602,2.9900329506116887,2.9900329506116887,0.0,55.54357614969855,24.90951852158118,0.0,0.0
2023,1,25,17,56.602,0.0,-0.0,0.0,24.533030583025937,0.0,0.0,32.87855942621392
2023,1,25,18,56.602,0.0,-0.0,0.0,0.0,-0.0,0.0,56.602
2023,1,25,19,56.602,0.0,-0.0,0.0,-0.0,0.0,0.0,56.602
2023,1,25,20,56.602,0.0,-0.0,0.0,-0.0,0.0,0.0,56.602
2023,1,25,21,56.602,0.0,-0.0,0.0,-0.0,0.0,0.0,56.602
2023,1,25,22,56.602,0.0,-0.0,0.0,-0.0,0.0,0.0,56.602
2023,1,25,23,56.602,0.0,-0.0,0.0,0.0,-0.0,0.0,56.602
2023,1,26,0,56.602,0.0,-0.0,0.0,-0.0,0.0,0.0,56.602
2023,1,26,1,56.602,0.0,-0.0,0.0,0.0,-0.0,0.0,56.602
2023,1,26,2,56.602,0.0,-0.0,0.0,-0.0,0.0,0.0,56.602
2023,1,26,3,56.602,0.0,-0.0,0.0,0.0,-0.0,0.0,56.602
2023,1,26,4,56.602,0.0,-0.0,0.0,-0.0,-0.0,0.0,56.602
2023,1,26,5,56.602,0.0,-0.0,0.0,0.0,-0.0,0.0,56.602
2023,1,26,6,56.602,0.0,-0.0,0.0,0.0,-0.0,0.0,56.602
2023,1,26,7,56.602,1.8664375471983075,1.8664375471983075,0.0,0.0,-0.0,0.0,54.797154891859236
2023,1,26,8,56.602,10.172084632230776,10.172084632230776,0.0,0.0,-0.0,0.0,46.76559416063284
2023,1,26,9,56.602,20.36656651502793,20.36656651502793,0.0,0.0,-0.0,0.0,36.90753017996799
2023,1,26,10,56.602,13.647391345114025,13.647391345114025,0.0,0.0,-0.0,0.0,43.40497256927473
2023,1,26,11,56.602,40.14707164023556,40.14707164023556,0.0,0.0,-0.0,0.0,17.779781723892214
2023,1,26,12,56.602,25.78670115209182,25.78670115209182,0.0,0.0,-0.0,0.0,31.66625998592721
2023,1,26,13,56.602,22.841462702612848,22.841462702612848,0.0,0.0,-0.0,0.0,34.51430556657338
2023,1,26,14,56.602,8.630407218244974,8.630407218244974,0.0,0.0,0.0,0.0,48.256396219957104
2023,1,26,15,56.602,3.8523270974173065,3.8523270974173065,0.0,-0.0,0.0,0.0,52.87679969679746
2023,1,26,16,56.602,0.0,-0.0,0.0,0.0,-0.0,0.0,56.602
2023,1,26,17,56.602,0.0,-0.0,0.0,-0.0,0.0,0.0,56.602
2023,1,26,18,56.602,0.0,-0.0,0.0,-0.0,0.0,0.0,56.602
2023,1,26,19,56.602,0.0,-0.0,0.0,-0.0,0.0,0.0,56.602
2023,1,26,20,56.602,0.0,-0.0,0.0,-0.0,0.0,0.0,56.602
2023,1,26,21,56.602,0.0,-0.0,0.0,0.0,-0.0,0.0,56.602
2023,1,26,22,56.602,0.0,-0.0,0.0,-0.0,0.0,0.0,56.602
2023,1,26,23,56.602,0.0,-0.0,0.0,-0.0,0.0,0.0,56.602
2023,1,27,0,56.602,0.0,-0.0,0.0,-0.0,0.0,0.0,56.602
2023,1,27,1,56.602,0.0,-0.0,0.0,-0.0,0.0,0.0,56.602
2023,1,27,2,56.602,0.0,-0.0,0.0,-0.0,0.0,0.0,56.602
2023,1,27,3,56.602,0.0,-0.0,0.0,0.0,-0.0,0.0,56.602
2023,1,27,4,56.602,0.0,-0.0,0.0,-0.0,0.0,0.0,56.602
2023,1,27,5,56.602,0.0,-0.0,0.0,0.0,-0.0,0.0,56.602
2023,1,27,6,56.602,0.0,-0.0,0.0,-0.0,0.0,0.0,56.602
2023,1,27,7,56.602,5.3529428853647465,5.3529428853647465,0.0,-0.0,0.0,0.0,51.425704229852286
2023,1,27,8,56.602,30.277349890650946,30.277349890650946,0.0,-0.0,0.0,0.0,27.323802655740533
2023,1,27,9,56.602,67.63223096027788,67.63223096027788,9.098621859967643,0.0,8.513048124657816,0.0,0.0
2023,1,27,10,56.602,83.24684748013888,83.24684748013888,24.713238379828645,0.0,31.635779334015933,0.0,0.0
2023,1,27,11,56.602,103.45663324120214,103.45663324120214,44.923024140891904,0.0,73.66762462909423,0.0,0.0
2023,1,27,12,56.602,100.28742228605947,100.28742228605947,41.75381318574923,0.0,112.73422466026855,0.0,0.0
2023,1,27,13,56.602,99.20488850868443,99.20488850868443,40.6712794083742,0.0,150.78796117373713,0.0,0.0
2023,1,27,14,56.602,63.664184734934274,63.664184734934274,5.130575634624037,0.0,155.58834061108047,0.0,0.0
2023,1,27,15,56.602,32.2109791895484,32.2109791895484,0.0,26.32262991076184,128.86175927495694,0.0,0.0
2023,1,27,16,56.602,7.107394179731118,7.107394179731118,0.0,51.42621492057912,76.6463491680096,0.0,0.0
2023,1,27,17,56.602,0.0,-0.0,0.0,58.53360910031024,17.2144736365793,0.0,0.0
2023,1,27,18,56.602,0.0,-0.0,0.0,16.954290297943743,0.0,0.0,40.207201281888395
2023,1,27,19,56.602,0.0,-0.0,0.0,0.0,-0.0,0.0,56.602
2023,1,27,20,56.602,0.0,-0.0,0.0,-0.0,0.0,0.0,56.602
2023,1,27,21,56.602,0.0,-0.0,0.0,-0.0,0.0,0.0,56.602
2023,1,27,22,56.602,0.0,-0.0,0.0,-0.0,0.0,0.0,56.602
2023,1,27,23,56.602,0.0,-0.0,0.0,0.0,-0.0,0.0,56.602
2023,1,28,0,56.602,0.0,-0.0,0.0,-0.0,0.0,0.0,56.602
2023,1,28,1,56.602,0.0,-0.0,0.0,-0.0,0.0,0.0,56.602
2023,1,28,2,56.602,0.0,-0.0,0.0,-0.0,0.0,0.0,56.602
2023,1,28,3,56.602,0.0,-0.0,0.0,-0.0,0.0,0.0,56.602
2023,1,28,4,56.602,0.0,-0.0,0.0,-0.0,0.0,0.0,56.602
2023,1,28,5,56.602,0.0,-0.0,0.0,0.0,-0.0,0.0,56.602
2023,1,28,6,56.602,0.0,-0.0,0.0,-0.0,0.0,0.0,56.602
2023,1,28,7,56.602,10.713351520918286,10.713351520918286,0.0,-0.0,0.0,0.0,46.242189079272016
2023,1,28,8,56.602,54.104291618184504,54.104291618184504,0.0,-0.0,0.0,0.0,4.283150005215583
2023,1,28,9,56.602,108.7050556239238,108.7050556239238,50.17144652361356,0.0,46.942487039541305,0.0,0.0
2023,1,28,10,56.602,163.11171012475447,163.11171012475447,104.57810102444424,0.0,144.7900974258451,0.0,0.0
2023,1,28,11,56.602,164.36595615647175,164.36595615647175,105.83234705616152,0.0,243.81123243955966,0.0,0.0
2023,1,28,12,56.602,170.35722068297832,170.35722068297832,111.8236115826681,0.0,348.43804312885254,0.0,0.0
2023,1,28,13,56.602,127.83230760761208,127.83230760761208,69.29869850730185,0.0,413.27678073640834,0.0,0.0
2023,1,28,14,56.602,61.640966433771304,61.640966433771304,3.1073573334610676,0.0,416.18415318548784,0.0,0.0
2023,1,28,15,56.602,35.42871752091827,35.42871752091827,0.0,23.104891579391968,392.72469012452416,0.0,0.0
2023,1,28,16,56.602,11.736159296782958,11.736159296782958,0.0,46.79744980352728,345.20907892847976,0.0,0.0
2023,1,28,17,56.602,0.0,-0.0,0.0,58.53360910031024,285.77720339704945,0.0,0.0
2023,1,28,18,56.602,0.0,-0.0,0.0,58.53360910031024,226.34532786561914,0.0,0.0
2023,1,28,19,56.602,0.0,-0.0,0.0,58.53360910031024,166.91345233418883,0.0,0.0
2023,1,28,20,56.602,0.0,-0.0,0.0,58.53360910031024,107.48157680275852,0.0,0.0
2023,1,28,21,56.602,0.0,-0.0,0.0,58.53360910031024,48.04970127132822,0.0,0.0
2023,1,28,22,56.602,0.0,-0.0,0.0,47.323467524009295,0.0,0.0,10.84020690428301
2023,1,28,23,56.602,0.0,-0.0,0.0,-0.0,0.0,0.0,56.602
2023,1,29,0,56.602,0.0,-0.0,0.0,-0.0,0.0,0.0,56.602
2023,1,29,1,56.602,0.0,-0.0,0.0,-0.0,0.0,0.0,56.602
2023,1,29,2,56.602,0.0,-0.0,0.0,0.0,-0.0,0.0,56.602
2023,1,29,3,56.602,0.0,-0.0,0.0,-0.0,0.0,0.0,56.602
2023,1,29,4,56.602,0.0,-0.0,0.0,0.0,-0.0,0.0,56.602
2023,1,29,5,56.602,0.0,-0.0,0.0,-0.0,0.0,0.0,56.602
2023,1,29,6,56.602,0.0,-0.0,0.0,-0.0,0.0,0.0,56.602
2023,1,29,7,56.602,16.073760156471824,16.073760156471824,0.0,-0.0,0.0,0.0,41.058673928691746
2023,1,29,8,56.602,66.56089580818605,66.56089580818605,8.02728670787581,0.0,7.510662505411099,0.0,0.0
2023,1,29,9,56.602,117.94018860746105,117.94018860746105,59.406579507150816,0.0,63.093923140828274,0.0,0.0
2023,1,29,10,56.602,171.18965182902878,171.18965182902878,112.65604272871853,0.0,168.4995909489087,0.0,0.0
2023,1,29,11,56.602,167.81139986859984,167.81139986859984,109.27779076828959,0.0,270.7444260551832,0.0,0.0
2023,1,29,12,56.602,196.67772297356885,196.67772297356885,138.14411387325862,0.0,399.9977907560042,0.0,0.0
2023,1,29,13,56.602,149.92719529134564,149.92719529134564,91.39358619103541,0.0,485.509422023216,0.0,0.0
2023,1,29,14,56.602,143.9172663893671,143.9172663893671,85.38365728905684,0.0,565.3979144507512,0.0,0.0
2023,1,29,15,56.602,100.05225115511247,100.05225115511247,41.518642054802235,0.0,604.244478614286,0.0,0.0
2023,1,29,16,56.602,42.786214331974,42.786214331974,0.0,15.747394768336235,588.2554217254107,0.0,0.0
2023,1,29,17,56.602,0.0,-0.0,0.0,58.53360910031024,528.8235461939803,0.0,0.0
2023,1,29,18,56.602,0.0,-0.0,0.0,58.53360910031024,469.39167066255,0.0,0.0
2023,1,29,19,56.602,0.0,-0.0,0.0,58.53360910031024,409.9597951311197,0.0,0.0
2023,1,29,20,56.602,0.0,-0.0,0.0,58.53360910031024,350.52791959968937,0.0,0.0
2023,1,29,21,56.602,0.0,-0.0,0.0,58.53360910031024,291.09604406825906,0.0,0.0
2023,1,29,22,56.602,0.0,-0.0,0.0,58.53360910031024,231.66416853682875,0.0,0.0
2023,1,29,23,56.602,0.0,-0.0,0.0,58.53360910031024,172.23229300539845,0.0,0.0
2023,1,30,0,56.602,0.0,-0.0,0.0,58.53360910031024,112.80041747396814,0.0,0.0
2023,1,30,1,56.602,0.0,-0.0,0.0,52.56191806812476,59.43187553143031,0.0,5.774625228123354
2023,1,30,2,56.602,0.0,-0.0,0.0,58.53360910031024,0.0,0.0,0.0
2023,1,30,3,56.602,0.0,-0.0,0.0,-0.0,0.0,0.0,56.602
2023,1,30,4,56.602,0.0,-0.0,0.0,-0.0,0.0,0.0,56.602
2023,1,30,5,56.602,0.0,-0.0,0.0,-0.0,0.0,0.0,56.602
2023,1,30,6,56.602,0.0,-0.0,0.0,-0.0,0.0,0.0,56.602
2023,1,30,7,56.602,40.43077014740974,40.43077014740974,0.0,-0.0,0.0,0.0,17.505445267454782
2023,1,30,8,56.602,154.29092627669527,58.53360910031024,0.0,0.0,0.0,95.75731717638504,0.0
2023,1,30,9,56.602,242.07694987162049,58.53360910031024,0.0,0.0,0.0,183.54334077131026,0.0
2023,1,30,10,56.602,301.6088418770577,58.53360910031024,0.0,0.0,-0.0,243.0752327767475,0.0
2023,1,30,11,56.602,338.66882581422726,100.39084764402473,41.85723854371451,0.0,39.163369087325805,238.27797817020252,0.0
2023,1,30,12,56.602,345.52611736263384,345.52611736263384,286.9925082623236,0.0,307.68546747268556,0.0,0.0
2023,1,30,13,56.602,306.06962761486164,306.06962761486164,247.53601851455142,0.0,539.2904369540811,0.0,0.0
2023,1,30,14,56.602,265.5306040897144,265.5306040897144,206.9969949894042,0.0,732.9654140138066,0.0,0.0
2023,1,30,15,56.602,173.43310976076114,173.43310976076114,114.8995006604509,0.0,840.4701541465116,0.0,0.0
2023,1,30,16,56.602,55.649701907264735,55.649701907264735,0.0,2.8839071930455016,837.5419900374516,0.0,0.0
2023,1,30,17,56.602,0.0,-0.0,0.0,58.53360910031024,778.1101145060213,0.0,0.0
2023,1,30,18,56.602,0.0,-0.0,0.0,58.53360910031024,718.6782389745911,0.0,0.0
2023,1,30,19,56.602,0.0,-0.0,0.0,58.53360910031024,659.2463634431608,0.0,0.0
2023,1,30,20,56.602,0.0,-0.0,0.0,58.53360910031024,599.8144879117306,0.0,0.0
2023,1,30,21,56.602,0.0,-0.0,0.0,58.53360910031024,540.3826123803003,0.0,0.0
2023,1,30,22,56.602,0.0,-0.0,0.0,58.53360910031024,480.95073684887,0.0,0.0
2023,1,30,23,56.602,0.0,-0.0,0.0,58.53360910031024,421.5188613174397,0.0,0.0
2023,1,31,0,56.602,0.0,-0.0,0.0,58.53360910031024,362.0869857860094,0.0,0.0
2023,1,31,1,56.602,0.0,-0.0,0.0,58.53360910031024,302.6551102545791,0.0,0.0
2023,1,31,2,56.602,0.0,-0.0,0.0,58.53360910031024,243.22323472314878,0.0,0.0
2023,1,31,3,56.602,0.0,-0.0,0.0,58.53360910031024,183.79135919171847,0.0,0.0
2023,1,31,4,56.602,0.0,-0.0,0.0,58.53360910031024,124.35948366028816,0.0,0.0
2023,1,31,5,56.602,0.0,-0.0,0.0,58.53360910031024,64.92760812885786,0.0,0.0
2023,1,31,6,56.602,0.0,-0.0,0.0,58.53360910031024,5.495732597427548,0.0,0.0
2023,1,31,7,56.602,31.18817141368372,31.18817141368372,0.0,5.412668886876042,0.0,0.0,21.208987429358707
2023,1,31,8,56.602,109.79132227639325,58.53360910031024,0.0,0.0,0.0,51.25771317608301,0.0
2023,1,31,9,56.602,152.47301610572413,58.53360910031024,0.0,0.0,0.0,93.9394070054139,0.0
2023,1,31,10,56.602,280.30905658843056,58.53360910031024,0.0,0.0,-0.0,221.77544748812034,0.0
2023,1,31,11,56.602,306.5661000024164,70.92939214412337,12.395783043813132,0.0,11.598008931340928,235.63670785829305,0.0
2023,1,31,12,56.602,338.62029843800013,338.62029843800013,280.0866893376899,0.0,273.65873660030206,0.0,0.0
2023,1,31,13,56.602,316.9024311388007,316.9024311388007,258.36882203849046,0.0,515.3993265243944,0.0,0.0
2023,1,31,14,56.602,262.61896151608505,262.61896151608505,204.08535241577482,0.0,706.3500499847735,0.0,0.0
2023,1,31,15,56.602,184.40402966319277,184.40402966319277,125.87042056288253,0.0,824.1196379745032,0.0,0.0
2023,1,31,16,56.602,76.00880267210387,76.00880267210387,17.475193571793632,0.0,840.4701541465116,0.0,0.0
2023,1,31,17,56.602,0.0,-0.0,0.0,58.53360910031024,781.0382786150813,0.0,0.0
2023,1,31,18,56.602,0.0,-0.0,0.0,58.53360910031024,721.606403083651,0.0,0.0
2023,1,31,19,56.602,0.0,-0.0,0.0,58.53360910031024,662.1745275522208,0.0,0.0
2023,1,31,20,56.602,0.0,-0.0,0.0,58.53360910031024,602.7426520207905,0.0,0.0
2023,1,31,21,56.602,0.0,-0.0,0.0,58.53360910031024,543.3107764893603,0.0,0.0
2023,1,31,22,56.602,0.0,-0.0,0.0,58.53360910031024,483.87890095792994,0.0,0.0
2023,1,31,23,56.602,0.0,-0.0,0.0,58.53360910031024,424.44702542649964,0.0,0.0
2023,2,1,0,56.602,0.0,-0.0,0.0,58.53360910031024,365.0151498950693,0.0,0.0
2023,2,1,1,56.602,0.0,-0.0,0.0,58.53360910031024,305.583274363639,0.0,0.0
2023,2,1,2,56.602,0.0,-0.0,0.0,58.53360910031024,246.1513988322087,0.0,0.0
2023,2,1,3,56.602,0.0,-0.0,0.0,58.53360910031024,186.7195233007784,0.0,0.0
2023,2,1,4,56.602,0.0,-0.0,0.0,58.53360910031024,127.2876477693481,0.0,0.0
2023,2,1,5,56.602,0.0,-0.0,0.0,58.53360910031024,67.85577223791779,0.0,0.0
2023,2,1,6,56.602,0.0,-0.0,0.0,58.53360910031024,8.423896706487483,0.0,0.0
2023,2,1,7,56.602,45.36563102220206,45.36563102220206,0.0,8.296576079921543,0.0,0.0,4.7106457322464745
2023,2,1,8,56.602,156.85167859145136,58.53360910031024,0.0,0.0,0.0,98.31806949114113,0.0
2023,2,1,9,56.602,248.6841387887025,58.53360910031024,0.0,0.0,0.0,190.15052968839228,0.0
2023,2,1,10,56.602,308.39520879867075,58.53360910031024,0.0,0.0,-0.0,249.86159969836052,0.0
2023,2,1,11,56.602,339.9604005968885,99.40376336418088,40.87015426387064,0.0,38.239812079821604,240.55663723270766,0.0
2023,2,1,12,56.602,341.16238637728424,341.16238637728424,282.628777276974,0.0,302.6790226989814,0.0,0.0
2023,2,1,13,56.602,318.45530717806963,318.45530717806963,259.9216980777594,0.0,545.8725478760584,0.0,0.0
2023,2,1,14,56.602,259.4908121869807,259.4908121869807,200.95720308667046,0.0,733.8964450335499,0.0,0.0
2023,2,1,15,56.602,163.07438137381052,163.07438137381052,104.54077227350028,0.0,831.7091290916569,0.0,0.0
2023,2,1,16,56.602,67.89726509198003,67.89726509198003,9.363655991669795,0.0,840.4701541465116,0.0,0.0
2023,2,1,17,56.602,0.0,-0.0,0.0,58.53360910031024,781.0382786150813,0.0,0.0
2023,2,1,18,56.602,0.0,-0.0,0.0,58.53360910031024,721.606403083651,0.0,0.0
2023,2,1,19,56.602,0.0,-0.0,0.0,58.53360910031024,662.1745275522208,0.0,0.0
2023,2,1,20,56.602,0.0,-0.0,0.0,58.53360910031024,602.7426520207905,0.0,0.0
2023,2,1,21,56.602,0.0,-0.0,0.0,58.53360910031024,543.3107764893603,0.0,0.0
2023,2,1,22,56.602,0.0,-0.0,0.0,58.53360910031024,483.87890095792994,0.0,0.0
2023,2,1,23,56.602,0.0,-0.0,0.0,58.53360910031024,424.44702542649964,0.0,0.0
2023,2,2,0,56.602,0.0,-0.0,0.0,58.53360910031024,365.0151498950693,0.0,0.0
2023,2,2,1,56.602,0.0,-0.0,0.0,58.53360910031024,305.583274363639,0.0,0.0
2023,2,2,2,56.602,0.0,-0.0,0.0,58.53360910031024,246.1513988322087,0.0,0.0
2023,2,2,3,56.602,0.0,-0.0,0.0,58.53360910031024,186.7195233007784,0.0,0.0
2023,2,2,4,56.602,0.0,-0.0,0.0,58.53360910031024,127.2876477693481,0.0,0.0
2023,2,2,5,56.602,0.0,-0.0,0.0,58.53360910031024,67.85577223791779,0.0,0.0
2023,2,2,6,56.602,0.0,-0.0,0.0,58.53360910031024,8.423896706487483,0.0,0.0
2023,2,2,7,56.602,43.991932987464104,43.991932987464104,0.0,8.296576079921543,0.0,0.0,6.0390117318380785
2023,2,2,8,56.602,138.23209762060105,58.53360910031024,0.0,0.0,0.0,79.69848852029082,0.0
2023,2,2,9,56.602,241.65513498595368,58.53360910031024,0.0,0.0,0.0,183.12152588564345,0.0
2023,2,2,10,56.602,301.69096512913444,58.53360910031024,0.0,0.0,-0.0,243.1573560288242,0.0
2023,2,2,11,56.602,326.2383517498866,105.3651648899323,46.83155578962207,0.0,43.81754669284254,220.87318685995427,0.0
2023,2,2,12,56.602,332.2706779024315,332.2706779024315,273.73706880212126,0.0,299.9373059355366,0.0,0.0
2023,2,2,13,56.602,307.8091474088505,307.8091474088505,249.27553830854026,0.0,533.1698423109007,0.0,0.0
2023,2,2,14,56.602,259.3638944337712,259.3638944337712,200.83028533346092,0.0,721.0749899525231,0.0,0.0
2023,2,2,15,56.602,177.2406423570457,177.2406423570457,118.70703325673544,0.0,832.1422155612966,0.0,0.0
2023,2,2,16,56.602,67.43438858027486,67.43438858027486,8.90077947996462,0.0,840.4701541465116,0.0,0.0
2023,2,2,17,56.602,0.0,-0.0,0.0,58.53360910031024,781.0382786150813,0.0,0.0
2023,2,2,18,56.602,0.0,-0.0,0.0,58.53360910031024,721.606403083651,0.0,0.0
2023,2,2,19,56.602,0.0,-0.0,0.0,58.53360910031024,662.1745275522208,0.0,0.0
2023,2,2,20,56.602,0.0,-0.0,0.0,58.53360910031024,602.7426520207905,0.0,0.0
2023,2,2,21,56.602,0.0,-0.0,0.0,58.53360910031024,543.3107764893603,0.0,0.0
2023,2,2,22,56.602,0.0,-0.0,0.0,58.53360910031024,483.87890095792994,0.0,0.0
2023,2,2,23,56.602,0.0,-0.0,0.0,58.53360910031024,424.44702542649964,0.0,0.0
2023,2,3,0,56.602,0.0,-0.0,0.0,58.53360910031024,365.0151498950693,0.0,0.0
2023,2,3,1,56.602,0.0,-0.0,0.0,58.53360910031024,305.583274363639,0.0,0.0
2023,2,3,2,56.602,0.0,-0.0,0.0,58.53360910031024,246.1513988322087,0.0,0.0
2023,2,3,3,56.602,0.0,-0.0,0.0,58.53360910031024,186.7195233007784,0.0,0.0
2023,2,3,4,56.602,0.0,-0.0,0.0,58.53360910031024,127.2876477693481,0.0,0.0
2023,2,3,5,56.602,0.0,-0.0,0.0,58.53360910031024,67.85577223791779,0.0,0.0
2023,2,3,6,56.602,0.0,-0.0,0.0,58.53360910031024,8.423896706487483,0.0,0.0
2023,2,3,7,56.602,46.022617038815866,46.022617038815866,0.0,8.296576079921543,0.0,0.0,4.075340254180924
2023,2,3,8,56.602,153.8392483902733,58.53360910031024,0.0,0.0,0.0,95.30563928996307,0.0
2023,2,3,9,56.602,242.8309906406886,58.53360910031024,0.0,0.0,0.0,184.29738154037838,0.0
2023,2,3,10,56.602,299.1899388158887,58.53360910031024,0.0,0.0,-0.0,240.65632971557847,0.0
2023,2,3,11,56.602,331.07615787222454,98.72438009700069,40.19077099669046,0.0,37.60415290664076,232.35177777522387,0.0
2023,2,3,12,56.602,333.31215005376816,333.31215005376816,274.77854095345793,0.0,294.69835670602413,0.0,0.0
2023,2,3,13,56.602,308.3653457979156,308.3653457979156,249.83173669760538,0.0,528.4512953715198,0.0,0.0
2023,2,3,14,56.602,256.64636136505044,256.64636136505044,198.1127522647402,0.0,713.8138063204188,0.0,0.0
2023,2,3,15,56.602,177.3899573608215,177.3899573608215,118.85634826051128,0.0,825.0207372419793,0.0,0.0
2023,2,3,16,56.602,75.04572089774955,75.04572089774955,16.51211179743931,0.0,840.4701541465116,0.0,0.0
2023,2,3,17,56.602,0.0,-0.0,0.0,58.53360910031024,781.0382786150813,0.0,0.0
2023,2,3,18,56.602,0.0,-0.0,0.0,58.53360910031024,721.606403083651,0.0,0.0
2023,2,3,19,56.602,0.0,-0.0,0.0,58.53360910031024,662.1745275522208,0.0,0.0
2023,2,3,20,56.602,0.0,-0.0,0.0,58.53360910031024,602.7426520207905,0.0,0.0
2023,2,3,21,56.602,0.0,-0.0,0.0,58.53360910031024,543.3107764893603,0.0,0.0
2023,2,3,22,56.602,0.0,-0.0,0.0,58.53360910031024,483.87890095792994,0.0,0.0
2023,2,3,23,56.602,0.0,-0.0,0.0,58.53360910031024,424.44702542649964,0.0,0.0
2023,2,4,0,56.602,0.0,-0.0,0.0,58.53360910031024,365.0151498950693,0.0,0.0
2023,2,4,1,56.602,0.0,-0.0,0.0,58.53360910031024,305.583274363639,0.0,0.0
2023,2,4,2,56.602,0.0,-0.0,0.0,58.53360910031024,246.1513988322087,0.0,0.0
2023,2,4,3,56.602,0.0,-0.0,0.0,58.53360910031024,186.7195233007784,0.0,0.0
2023,2,4,4,56.602,0.0,-0.0,0.0,58.53360910031024,127.2876477693481,0.0,0.0
2023,2,4,5,56.602,0.0,-0.0,0.0,58.53360910031024,67.85577223791779,0.0,0.0
2023,2,4,6,56.602,0.0,-0.0,0.0,23.784274846573147,43.70649998196597,0.0,33.602606223363765
2023,2,4,7,56.602,15.487698766651555,15.487698766651555,0.0,43.04591033365868,0.0,0.0,0.0
2023,2,4,8,56.602,41.71861205497657,41.71861205497657,0.0,-0.0,0.0,0.0,16.260102142837656
2023,2,4,9,56.602,121.09820093732058,58.53360910031024,0.0,0.0,-0.0,62.56459183701035,0.0
2023,2,4,10,56.602,216.34624184594463,113.13540558154286,54.601796481232626,0.0,51.08770628029575,103.21083626440178,0.0
2023,2,4,11,56.602,287.9091902806221,287.9091902806221,229.37558118031185,0.0,265.7010170939726,0.0,0.0
2023,2,4,12,56.602,256.80687499410953,256.80687499410953,198.2732658937993,0.0,451.21371125411775,0.0,0.0
2023,2,4,13,56.602,271.936217751699,271.936217751699,213.4026086513888,0.0,650.8820462324055,0.0,0.0
2023,2,4,14,56.602,173.0374250007551,173.0374250007551,114.50381590044486,0.0,758.016567286225,0.0,0.0
2023,2,4,15,56.602,136.735214707748,136.735214707748,78.20160560743777,0.0,831.1852341687056,0.0,0.0
2023,2,4,16,56.602,68.45719635613952,68.45719635613952,9.923587255829283,0.0,840.4701541465116,0.0,0.0
2023,2,4,17,56.602,0.0,-0.0,0.0,58.53360910031024,781.0382786150813,0.0,0.0
2023,2,4,18,56.602,0.0,-0.0,0.0,58.53360910031024,721.606403083651,0.0,0.0
2023,2,4,19,56.602,0.0,-0.0,0.0,58.53360910031024,662.1745275522208,0.0,0.0
2023,2,4,20,56.602,0.0,-0.0,0.0,58.53360910031024,602.7426520207905,0.0,0.0
2023,2,4,21,56.602,0.0,-0.0,0.0,58.53360910031024,543.3107764893603,0.0,0.0
2023,2,4,22,56.602,0.0,-0.0,0.0,58.53360910031024,483.87890095792994,0.0,0.0
2023,2,4,23,56.602,0.0,-0.0,0.0,58.53360910031024,424.44702542649964,0.0,0.0
2023,2,5,0,56.602,0.0,-0.0,0.0,58.53360910031024,365.0151498950693,0.0,0.0
2023,2,5,1,56.602,0.0,-0.0,0.0,58.53360910031024,305.583274363639,0.0,0.0
2023,2,5,2,56.602,0.0,-0.0,0.0,58.53360910031024,246.1513988322087,0.0,0.0
2023,2,5,3,56.602,0.0,-0.0,0.0,58.53360910031024,186.7195233007784,0.0,0.0
2023,2,5,4,56.602,0.0,-0.0,0.0,58.53360910031024,127.2876477693481,0.0,0.0
2023,2,5,5,56.602,0.0,-0.0,0.0,58.53360910031024,67.85577223791779,0.0,0.0
2023,2,5,6,56.602,0.0,-0.0,0.0,58.53360910031024,8.423896706487483,0.0,0.0
2023,2,5,7,56.602,42.80487870744598,42.80487870744598,0.0,8.296576079921543,0.0,0.0,7.1868932206156035
2023,2,5,8,56.602,133.85716800996818,58.53360910031024,0.0,0.0,-0.0,75.32355890965795,0.0
2023,2,5,9,56.602,220.9339453369581,164.21073024324866,105.67712114293843,0.0,98.87589920879822,56.72321509370943,0.0
2023,2,5,10,56.602,242.00229236973254,242.00229236973254,183.4686832694223,0.0,270.5368116061125,0.0,0.0
2023,2,5,11,56.602,316.293972498414,316.293972498414,257.7603633981038,0.0,511.7081023805978,0.0,0.0
2023,2,5,12,56.602,249.38591930644907,249.38591930644907,190.8523102061388,0.0,690.2774424952291,0.0,0.0
2023,2,5,13,56.602,143.66343088294812,143.66343088294812,85.12982178263788,0.0,769.9284358910264,0.0,0.0
2023,2,5,14,56.602,112.38193759190449,112.38193759190449,53.84832849159425,0.0,820.3111662579475,0.0,0.0
2023,2,5,15,56.602,75.9938711717263,75.9938711717263,17.46026207141606,0.0,836.6477118986772,0.0,0.0
2023,2,5,16,56.602,62.61897970850322,62.61897970850322,4.085370608192982,0.0,840.4701541465116,0.0,0.0
2023,2,5,17,56.602,0.0,-0.0,0.0,58.53360910031024,781.0382786150813,0.0,0.0
2023,2,5,18,56.602,0.0,-0.0,0.0,58.53360910031024,721.606403083651,0.0,0.0
2023,2,5,19,56.602,0.0,-0.0,0.0,58.53360910031024,662.1745275522208,0.0,0.0
2023,2,5,20,56.602,0.0,-0.0,0.0,58.53360910031024,602.7426520207905,0.0,0.0
2023,2,5,21,56.602,0.0,-0.0,0.0,58.53360910031024,543.3107764893603,0.0,0.0
2023,2,5,22,56.602,0.0,-0.0,0.0,58.53360910031024,483.87890095792994,0.0,0.0
2023,2,5,23,56.602,0.0,-0.0,0.0,58.53360910031024,424.44702542649964,0.0,0.0
2023,2,6,0,56.602,0.0,-0.0,0.0,58.53360910031024,365.0151498950693,0.0,0.0
2023,2,6,1,56.602,0.0,-0.0,0.0,58.53360910031024,305.583274363639,0.0,0.0
2023,2,6,2,56.602,0.0,-0.0,0.0,58.53360910031024,246.1513988322087,0.0,0.0
2023,2,6,3,56.602,0.0,-0.0,0.0,58.53360910031024,186.7195233007784,0.0,0.0
2023,2,6,4,56.602,0.0,-0.0,0.0,58.53360910031024,127.2876477693481,0.0,0.0
2023,2,6,5,56.602,0.0,-0.0,0.0,58.53360910031024,67.85577223791779,0.0,0.0
2023,2,6,6,56.602,0.0,-0.0,0.0,58.53360910031024,8.423896706487483,0.0,0.0
2023,2,6,7,56.602,36.264881542063115,36.264881542063115,0.0,8.296576079921543,0.0,0.0,13.511070479540832
2023,2,6,8,56.602,129.3627863963147,129.3627863963147,70.82917729600446,0.0,66.27071706362254,0.0,0.0
2023,2,6,9,56.602,195.8116959516688,195.8116959516688,137.27808685135858,0.0,194.71379095027893,0.0,0.0
2023,2,6,10,56.602,167.81513274369422,167.81513274369422,109.28152364338399,0.0,296.9621186893732,0.0,0.0
2023,2,6,11,56.602,221.27736984564254,221.27736984564254,162.7437607453323,0.0,449.2319336718522,0.0,0.0
2023,2,6,12,56.602,186.43471371454453,186.43471371454453,127.90110461423428,0.0,568.9015139154851,0.0,0.0
2023,2,6,13,56.602,158.52773950883545,158.52773950883545,99.99413040852521,0.0,662.4601711992281,0.0,0.0
2023,2,6,14,56.602,128.10107461440862,128.10107461440862,69.56746551409839,0.0,727.5503783698005,0.0,0.0
2023,2,6,15,56.602,64.612335008911,64.612335008911,6.0787259086007674,0.0,733.2378865433412,0.0,0.0
2023,2,6,16,56.602,27.53741957136383,27.53741957136383,0.0,30.996189528946406,701.7660243713706,0.0,0.0
2023,2,6,17,56.602,0.0,-0.0,0.0,58.53360910031024,642.3341488399403,0.0,0.0
2023,2,6,18,56.602,0.0,-0.0,0.0,58.53360910031024,582.9022733085101,0.0,0.0
2023,2,6,19,56.602,0.0,-0.0,0.0,58.53360910031024,523.4703977770798,0.0,0.0
2023,2,6,20,56.602,0.0,-0.0,0.0,58.53360910031024,464.0385222456495,0.0,0.0
2023,2,6,21,56.602,0.0,-0.0,0.0,58.53360910031024,404.6066467142192,0.0,0.0
2023,2,6,22,56.602,0.0,-0.0,0.0,58.53360910031024,345.1747711827889,0.0,0.0
2023,2,6,23,56.602,0.0,-0.0,0.0,58.53360910031024,285.7428956513586,0.0,0.0
2023,2,7,0,56.602,0.0,-0.0,0.0,58.53360910031024,226.3110201199283,0.0,0.0
2023,2,7,1,56.602,0.0,-0.0,0.0,58.53360910031024,166.87914458849798,0.0,0.0
2023,2,7,2,56.602,0.0,-0.0,0.0,58.53360910031024,107.44726905706767,0.0,0.0
2023,2,7,3,56.602,0.0,-0.0,0.0,58.53360910031024,48.015393525637364,0.0,0.0
2023,2,7,4,56.602,0.0,-0.0,0.0,47.28967831312837,0.0,0.0,10.872881071204864
2023,2,7,5,56.602,0.0,-0.0,0.0,-0.0,0.0,0.0,56.602
2023,2,7,6,56.602,0.0,-0.0,0.0,-0.0,0.0,0.0,56.602
2023,2,7,7,56.602,27.462762069475897,27.462762069475897,0.0,-0.0,0.0,0.0,30.045509078816806
2023,2,7,8,56.602,99.08543650566375,99.08543650566375,40.551827405353514,0.0,37.94197226323897,0.0,0.0
2023,2,7,9,56.602,155.0673642963298,155.0673642963298,96.53375519601956,0.0,128.26295892314326,0.0,0.0
2023,2,7,10,56.602,250.29674082948185,250.29674082948185,191.76313172917162,0.0,307.6845014457753,0.0,0.0
2023,2,7,11,56.602,228.78791453556855,228.78791453556855,170.25430543525832,0.0,466.98149366144025,0.0,0.0
2023,2,7,12,56.602,208.03312901072331,208.03312901072331,149.49951991041308,0.0,606.8594473997124,0.0,0.0
2023,2,7,13,56.602,196.8307708524391,196.8307708524391,138.29716175212886,0.0,736.2560100461401,0.0,0.0
2023,2,7,14,56.602,156.19842544993196,156.19842544993196,97.66481634962172,0.0,827.6352644504059,0.0,0.0
2023,2,7,15,56.602,68.11377184745503,68.11377184745503,9.58016274714479,0.0,836.5988622088017,0.0,0.0
2023,2,7,16,56.602,56.728502809545354,56.728502809545354,0.0,1.8051062907648823,834.7660544588151,0.0,0.0
2023,2,7,17,56.602,0.0,-0.0,0.0,58.53360910031024,775.3341789273848,0.0,0.0
2023,2,7,18,56.602,0.0,-0.0,0.0,58.53360910031024,715.9023033959545,0.0,0.0
2023,2,7,19,56.602,0.0,-0.0,0.0,58.53360910031024,656.4704278645243,0.0,0.0
2023,2,7,20,56.602,0.0,-0.0,0.0,58.53360910031024,597.038552333094,0.0,0.0
2023,2,7,21,56.602,0.0,-0.0,0.0,58.53360910031024,537.6066768016638,0.0,0.0
2023,2,7,22,56.602,0.0,-0.0,0.0,58.53360910031024,478.17480127023344,0.0,0.0
2023,2,7,23,56.602,0.0,-0.0,0.0,58.53360910031024,418.74292573880314,0.0,0.0
2023,2,8,0,56.602,0.0,-0.0,0.0,58.53360910031024,359.31105020737283,0.0,0.0
2023,2,8,1,56.602,0.0,-0.0,0.0,58.53360910031024,299.8791746759425,0.0,0.0
2023,2,8,2,56.602,0.0,-0.0,0.0,58.53360910031024,240.44729914451221,0.0,0.0
2023,2,8,3,56.602,0.0,-0.0,0.0,58.53360910031024,181.0154236130819,0.0,0.0
2023,2,8,4,56.602,0.0,-0.0,0.0,58.53360910031024,121.5835480816516,0.0,0.0
2023,2,8,5,56.602,0.0,-0.0,0.0,58.53360910031024,62.15167255022129,0.0,0.0
2023,2,8,6,56.602,0.0,-0.0,0.0,58.53360910031024,2.7197970187909846,0.0,0.0
2023,2,8,7,56.602,44.2196383682223,44.2196383682223,0.0,2.6786894087822573,0.0,0.0,11.251317039636593
2023,2,8,8,56.602,134.90983878658807,58.53360910031024,0.0,0.0,0.0,76.37622968627784,0.0
2023,2,8,9,56.602,246.41828360640375,58.53360910031024,0.0,0.0,-0.0,187.88467450609352,0.0
2023,2,8,10,56.602,326.25328325026413,150.88544904592763,92.35183994561739,0.0,86.4082132390688,175.3678342043365,0.0
2023,2,8,11,56.602,336.04461462286645,336.04461462286645,277.51100552255616,0.0,346.05902426245416,0.0,0.0
2023,2,8,12,56.602,304.7183268306901,304.7183268306901,246.18471773037984,0.0,576.3996606631274,0.0,0.0
2023,2,8,13,56.602,214.3864824213864,214.3864824213864,155.85287332107615,0.0,722.2220754604864,0.0,0.0
2023,2,8,14,56.602,184.91543355112512,184.91543355112512,126.38182445081489,0.0,840.4701541465116,0.0,0.0
2023,2,8,15,56.602,57.292166948799206,57.292166948799206,0.0,1.24144215151103,839.2096606187397,0.0,0.0
2023,2,8,16,56.602,16.68221879685847,16.68221879685847,0.0,41.851390303451765,796.7160119686196,0.0,0.0
2023,2,8,17,56.602,0.0,-0.0,0.0,58.53360910031024,737.2841364371893,0.0,0.0
2023,2,8,18,56.602,0.0,-0.0,0.0,58.53360910031024,677.8522609057591,0.0,0.0
2023,2,8,19,56.602,0.0,-0.0,0.0,58.53360910031024,618.4203853743288,0.0,0.0
2023,2,8,20,56.602,0.0,-0.0,0.0,58.53360910031024,558.9885098428986,0.0,0.0
2023,2,8,21,56.602,0.0,-0.0,0.0,58.53360910031024,499.55663431146826,0.0,0.0
2023,2,8,22,56.602,0.0,-0.0,0.0,58.53360910031024,440.12475878003795,0.0,0.0
2023,2,8,23,56.602,0.0,-0.0,0.0,58.53360910031024,380.69288324860764,0.0,0.0
2023,2,9,0,56.602,0.0,-0.0,0.0,58.53360910031024,321.26100771717734,0.0,0.0
2023,2,9,1,56.602,0.0,-0.0,0.0,58.53360910031024,261.829132185747,0.0,0.0
2023,2,9,2,56.602,0.0,-0.0,0.0,58.53360910031024,202.39725665431672,0.0,0.0
2023,2,9,3,56.602,0.0,-0.0,0.0,58.53360910031024,142.9653811228864,0.0,0.0
2023,2,9,4,56.602,0.0,-0.0,0.0,58.53360910031024,83.5335055914561,0.0,0.0
2023,2,9,5,56.602,0.0,-0.0,0.0,58.53360910031024,24.101630060025798,0.0,0.0
2023,2,9,6,56.602,0.0,-0.0,0.0,0.0,24.101630060025798,0.0,56.602
2023,2,9,7,56.602,3.650751842319852,3.650751842319852,0.0,23.737352725268927,0.0,0.0,30.117702883141646
2023,2,9,8,56.602,30.497589521220345,30.497589521220345,0.0,-0.0,0.0,0.0,27.110830932979923
2023,2,9,9,56.602,75.13530990001506,75.13530990001506,16.601700799704826,0.0,15.533240092204462,0.0,0.0
2023,2,9,10,56.602,79.31239713064488,79.31239713064488,20.77878803033465,0.0,34.97473630962521,0.0,0.0
2023,2,9,11,56.602,83.28417623108288,83.28417623108288,24.750567130772644,0.0,58.132393847180104,0.0,0.0
2023,2,9,12,56.602,78.31198660534659,78.31198660534659,19.778377505036353,0.0,76.63786446892796,0.0,0.0
2023,2,9,13,56.602,46.08980879051501,46.08980879051501,0.0,12.443800309795229,64.00309954468884,0.0,0.0
2023,2,9,14,56.602,35.20474501525448,35.20474501525448,0.0,23.328864085055752,40.31622685900406,0.0,0.0
2023,2,9,15,56.602,22.318860189397324,22.318860189397324,0.0,36.21474891091291,3.54572043103173,0.0,0.0
2023,2,9,16,56.602,7.107394179731118,7.107394179731118,0.0,0.0,3.54572043103173,0.0,49.72914982820001
2023,2,9,17,56.602,0.0,-0.0,0.0,3.49212963301547,0.0,0.0,53.225110644874036
2023,2,9,18,56.602,0.0,-0.0,0.0,0.0,-0.0,0.0,56.602
2023,2,9,19,56.602,0.0,-0.0,0.0,-0.0,0.0,0.0,56.602
2023,2,9,20,56.602,0.0,-0.0,0.0,-0.0,0.0,0.0,56.602
2023,2,9,21,56.602,0.0,-0.0,0.0,-0.0,0.0,0.0,56.602
2023,2,9,22,56.602,0.0,-0.0,0.0,-0.0,0.0,0.0,56.602
2023,2,9,23,56.602,0.0,-0.0,0.0,0.0,-0.0,0.0,56.602
2023,2,10,0,56.602,0.0,-0.0,0.0,0.0,-0.0,0.0,56.602
2023,2,10,1,56.602,0.0,-0.0,0.0,-0.0,0.0,0.0,56.602
2023,2,10,2,56.602,0.0,-0.0,0.0,-0.0,0.0,0.0,56.602
2023,2,10,3,56.602,0.0,-0.0,0.0,-0.0,0.0,0.0,56.602
2023,2,10,4,56.602,0.0,-0.0,0.0,-0.0,0.0,0.0,56.602
2023,2,10,5,56.602,0.0,-0.0,0.0,-0.0,0.0,0.0,56.602
2023,2,10,6,56.602,0.0,-0.0,0.0,-0.0,0.0,0.0,56.602
2023,2,10,7,56.602,40.34491402023861,40.34491402023861,0.0,-0.0,0.0,0.0,17.58846814242926
2023,2,10,8,56.602,135.6377494299954,58.53360910031024,0.0,0.0,-0.0,77.10414032968518,0.0
2023,2,10,9,56.602,214.9128178096963,140.3144691438447,81.78086004353446,0.0,76.51756584034916,74.5983486658516,0.0
2023,2,10,10,56.602,213.80042103156612,213.80042103156612,155.26681193125586,0.0,221.79163728501914,0.0,0.0
2023,2,10,11,56.602,263.04824215194066,263.04824215194066,204.51463305163043,0.0,413.1440135196608,0.0,0.0
2023,2,10,12,56.602,240.37102595348122,240.37102595348122,181.837416853171,0.0,583.2786453747772,0.0,0.0
2023,2,10,13,56.602,231.79661186165222,231.79661186165222,173.263002761342,0.0,745.3906996431001,0.0,0.0
2023,2,10,14,56.602,159.62520478658806,159.62520478658806,101.09159568627783,0.0,839.9761909758275,0.0,0.0
2023,2,10,15,56.602,59.061549743543246,59.061549743543246,0.5279406432330097,0.0,840.4701541465116,0.0,0.0
2023,2,10,16,56.602,28.81406285364747,28.81406285364747,0.0,29.719546246662766,810.2945268354513,0.0,0.0
2023,2,10,17,56.602,0.0,-0.0,0.0,58.53360910031024,750.862651304021,0.0,0.0
2023,2,10,18,56.602,0.0,-0.0,0.0,58.53360910031024,691.4307757725908,0.0,0.0
2023,2,10,19,56.602,0.0,-0.0,0.0,58.53360910031024,631.9989002411605,0.0,0.0
2023,2,10,20,56.602,0.0,-0.0,0.0,58.53360910031024,572.5670247097303,0.0,0.0
2023,2,10,21,56.602,0.0,-0.0,0.0,58.53360910031024,513.1351491783,0.0,0.0
2023,2,10,22,56.602,0.0,-0.0,0.0,58.53360910031024,453.7032736468697,0.0,0.0
2023,2,10,23,56.602,0.0,-0.0,0.0,58.53360910031024,394.2713981154394,0.0,0.0
2023,2,11,0,56.602,0.0,-0.0,0.0,58.53360910031024,334.8395225840091,0.0,0.0
2023,2,11,1,56.602,0.0,-0.0,0.0,58.53360910031024,275.4076470525788,0.0,0.0
2023,2,11,2,56.602,0.0,-0.0,0.0,58.53360910031024,215.9757715211485,0.0,0.0
2023,2,11,3,56.602,0.0,-0.0,0.0,58.53360910031024,156.54389598971818,0.0,0.0
2023,2,11,4,56.602,0.0,-0.0,0.0,58.53360910031024,97.11202045828787,0.0,0.0
2023,2,11,5,56.602,0.0,-0.0,0.0,37.11063893356896,59.43187553143031,0.0,20.716012151238818
2023,2,11,6,56.602,0.0,-0.0,0.0,58.53360910031024,0.0,0.0,0.0
2023,2,11,7,56.602,51.19264904455514,51.19264904455514,0.0,-0.0,0.0,0.0,7.098708373915178
2023,2,11,8,56.602,160.83465631717257,58.53360910031024,0.0,0.0,0.0,102.30104721686234,0.0
2023,2,11,9,56.602,252.39834950762713,58.53360910031024,0.0,0.0,0.0,193.8647404073169,0.0
2023,2,11,10,56.602,312.2960632723152,58.53360910031024,0.0,0.0,0.0,253.762454172005,0.0
2023,2,11,11,56.602,344.9288573475304,58.53360910031024,0.0,0.0,-0.0,286.3952482472202,0.0
2023,2,11,12,56.602,348.5646776894727,316.10996647411065,257.5763573738004,0.0,240.9991271035217,32.45471121536207,0.0
2023,2,11,13,56.602,325.8426669898805,325.8426669898805,267.3090578895702,0.0,491.1045726307354,0.0,0.0
2023,2,11,14,56.602,272.4177586388762,272.4177586388762,213.88414953856596,0.0,691.2234572427612,0.0,0.0
2023,2,11,15,56.602,190.63046532064635,190.63046532064635,132.09685622033612,0.0,814.8187567757088,0.0,0.0
2023,2,11,16,56.602,85.94944904848207,85.94944904848207,27.415839948171833,0.0,840.4701541465116,0.0,0.0
2023,2,11,17,56.602,0.0,-0.0,0.0,58.53360910031024,781.0382786150813,0.0,0.0
2023,2,11,18,56.602,0.0,-0.0,0.0,58.53360910031024,721.606403083651,0.0,0.0
2023,2,11,19,56.602,0.0,-0.0,0.0,58.53360910031024,662.1745275522208,0.0,0.0
2023,2,11,20,56.602,0.0,-0.0,0.0,58.53360910031024,602.7426520207905,0.0,0.0
2023,2,11,21,56.602,0.0,-0.0,0.0,58.53360910031024,543.3107764893603,0.0,0.0
2023,2,11,22,56.602,0.0,-0.0,0.0,58.53360910031024,483.87890095792994,0.0,0.0
2023,2,11,23,56.602,0.0,-0.0,0.0,58.53360910031024,424.44702542649964,0.0,0.0
2023,2,12,0,56.602,0.0,-0.0,0.0,58.53360910031024,365.0151498950693,0.0,0.0
2023,2,12,1,56.602,0.0,-0.0,0.0,58.53360910031024,305.583274363639,0.0,0.0
2023,2,12,2,56.602,0.0,-0.0,0.0,58.53360910031024,246.1513988322087,0.0,0.0
2023,2,12,3,56.602,0.0,-0.0,0.0,58.53360910031024,186.7195233007784,0.0,0.0
2023,2,12,4,56.602,0.0,-0.0,0.0,58.53360910031024,127.2876477693481,0.0,0.0
2023,2,12,5,56.602,0.0,-0.0,0.0,58.53360910031024,67.85577223791779,0.0,0.0
2023,2,12,6,56.602,0.0,-0.0,0.0,58.53360910031024,8.423896706487483,0.0,0.0
2023,2,12,7,56.602,55.04124326687809,55.04124326687809,0.0,3.4923658334321455,4.877936450268649,0.0,0.0
2023,2,12,8,56.602,162.1150324745506,162.1150324745506,103.58142337424036,0.0,101.79301387371923,0.0,0.0
2023,2,12,9,56.602,239.62445093460192,239.62445093460192,181.0908418342917,0.0,271.2291191649006,0.0,0.0
2023,2,12,10,56.602,237.23167799909368,237.23167799909368,178.69806889878345,0.0,438.42644681867034,0.0,0.0
2023,2,12,11,56.602,170.31242618184555,170.31242618184555,111.77881708153531,0.0,543.0113459141271,0.0,0.0
2023,2,12,12,56.602,160.7786631907566,160.7786631907566,102.24505409044635,0.0,638.676060788134,0.0,0.0
2023,2,12,13,56.602,111.97878708170967,111.97878708170967,53.44517798139943,0.0,688.6815868105302,0.0,0.0
2023,2,12,14,56.602,71.29044855278651,71.29044855278651,12.75683945247628,0.0,700.6174150984695,0.0,0.0
2023,2,12,15,56.602,89.5367420141972,89.5367420141972,31.00313291388697,0.0,729.6252326089799,0.0,0.0
2023,2,12,16,56.602,53.611552105724186,53.611552105724186,0.0,4.9220569945860495,724.627640914958,0.0,0.0
2023,2,12,17,56.602,0.0,-0.0,0.0,58.53360910031024,665.1957653835277,0.0,0.0
2023,2,12,18,56.602,0.0,-0.0,0.0,58.53360910031024,605.7638898520975,0.0,0.0
2023,2,12,19,56.602,0.0,-0.0,0.0,58.53360910031024,546.3320143206672,0.0,0.0
2023,2,12,20,56.602,0.0,-0.0,0.0,58.53360910031024,486.9001387892369,0.0,0.0
2023,2,12,21,56.602,0.0,-0.0,0.0,58.53360910031024,427.4682632578066,0.0,0.0
2023,2,12,22,56.602,0.0,-0.0,0.0,58.53360910031024,368.0363877263763,0.0,0.0
2023,2,12,23,56.602,0.0,-0.0,0.0,58.53360910031024,308.604512194946,0.0,0.0
2023,2,13,0,56.602,0.0,-0.0,0.0,58.53360910031024,249.17263666351568,0.0,0.0
2023,2,13,1,56.602,0.0,-0.0,0.0,58.53360910031024,189.74076113208537,0.0,0.0
2023,2,13,2,56.602,0.0,-0.0,0.0,58.53360910031024,130.30888560065506,0.0,0.0
2023,2,13,3,56.602,0.0,-0.0,0.0,58.53360910031024,70.87701006922475,0.0,0.0
2023,2,13,4,56.602,0.0,-0.0,0.0,58.53360910031024,11.445134537794445,0.0,0.0
2023,2,13,5,56.602,0.0,-0.0,0.0,0.0,11.445134537794445,0.0,56.602
2023,2,13,6,56.602,0.0,-0.0,0.0,11.272150258516325,0.0,0.0,45.70183070001471
2023,2,13,7,56.602,42.81234445763478,42.81234445763478,0.0,-0.0,0.0,0.0,15.202462909467167
2023,2,13,8,56.602,134.50295540129883,58.53360910031024,0.0,0.0,0.0,75.9693463009886,0.0
2023,2,13,9,56.602,231.93099536505053,58.53360910031024,0.0,0.0,0.0,173.3973862647403,0.0
2023,2,13,10,56.602,289.0999774357346,58.53360910031024,0.0,0.0,-0.0,230.5663683354244,0.0
2023,2,13,11,56.602,334.67464946322286,66.96170252392352,8.428093423613289,0.0,7.885673898594916,267.71294693929934,0.0
2023,2,13,12,56.602,334.52160158435265,334.52160158435265,275.98799248404237,0.0,266.1114907315529,0.0,0.0
2023,2,13,13,56.602,315.98787674067347,315.98787674067347,257.45426764036324,0.0,506.9963856148248,0.0,0.0
2023,2,13,14,56.602,270.5177252158283,270.5177252158283,211.98411611551808,0.0,705.3375201216361,0.0,0.0
2023,2,13,15,56.602,183.06392750430442,183.06392750430442,124.53031840399419,0.0,821.8532529291025,0.0,0.0
2023,2,13,16,56.602,69.42774388068264,69.42774388068264,10.894134780372404,0.0,832.046257440024,0.0,0.0
2023,2,13,17,56.602,0.0,0.0,0.0,58.53360910031024,772.6143819085937,0.0,0.0
2023,2,13,18,56.602,0.0,0.0,0.0,58.53360910031024,713.1825063771635,0.0,0.0
2023,2,13,19,56.602,0.0,0.0,0.0,58.53360910031024,653.7506308457332,0.0,0.0
2023,2,13,20,56.602,0.0,0.0,0.0,58.53360910031024,594.318755314303,0.0,0.0
2023,2,13,21,56.602,0.0,0.0,0.0,58.53360910031024,534.8868797828727,0.0,0.0
2023,2,13,22,56.602,0.0,0.0,0.0,58.53360910031024,475.45500425144246,0.0,0.0
2023,2,13,23,56.602,0.0,0.0,0.0,58.53360910031024,416.02312872001215,0.0,0.0
2023,2,14,0,56.602,0.0,0.0,0.0,58.53360910031024,356.59125318858185,0.0,0.0
2023,2,14,1,56.602,0.0,0.0,0.0,58.53360910031024,297.15937765715154,0.0,0.0
2023,2,14,2,56.602,0.0,0.0,0.0,58.53360910031024,237.72750212572123,0.0,0.0
2023,2,14,3,56.602,0.0,0.0,0.0,58.53360910031024,178.29562659429092,0.0,0.0
2023,2,14,4,56.602,0.0,0.0,0.0,58.53360910031024,118.86375106286062,0.0,0.0
2023,2,14,5,56.602,0.0,0.0,0.0,58.53360910031024,59.43187553143031,0.0,0.0
2023,2,14,6,56.602,0.0,0.0,0.0,58.53360910031024,0.0,0.0,0.0
2023,2,14,7,56.602,58.64720060806522,58.53360910031024,0.0,0.0,0.0,0.1135915077549825,0.0
2023,2,14,8,56.602,163.1565046258872,58.53360910031024,0.0,0.0,0.0,104.62289552557698,0.0
2023,2,14,9,56.602,252.3423563812112,58.53360910031024,0.0,0.0,0.0,193.80874728090097,0.0
2023,2,14,10,56.602,299.69387695363224,58.53360910031024,0.0,0.0,0.0,241.160267853322,0.0
2023,2,14,11,56.602,340.3560853568946,58.53360910031024,0.0,0.0,-0.0,281.82247625658437,0.0
2023,2,14,12,56.602,347.53067128832487,301.8395415933758,243.30593249306563,0.0,227.64712548847254,45.69112969494904,0.0
2023,2,14,13,56.602,324.0770170702309,324.0770170702309,265.5434079699207,0.0,476.10055569198005,0.0,0.0
2023,2,14,14,56.602,273.5936142936111,273.5936142936111,215.06000519330087,0.0,677.3196196422035,0.0,0.0
2023,2,14,15,56.602,194.2102925361727,194.2102925361727,135.67668343586246,0.0,804.2643540492194,0.0,0.0
2023,2,14,16,56.602,88.226502856064,88.226502856064,29.692893755753765,0.0,832.046257440024,0.0,0.0
2023,2,14,17,56.602,0.0,0.0,0.0,58.53360910031024,772.6143819085937,0.0,0.0
2023,2,14,18,56.602,0.0,0.0,0.0,58.53360910031024,713.1825063771635,0.0,0.0
2023,2,14,19,56.602,0.0,0.0,0.0,58.53360910031024,653.7506308457332,0.0,0.0
2023,2,14,20,56.602,0.0,0.0,0.0,58.53360910031024,594.318755314303,0.0,0.0
2023,2,14,21,56.602,0.0,0.0,0.0,58.53360910031024,534.8868797828727,0.0,0.0
2023,2,14,22,56.602,0.0,0.0,0.0,58.53360910031024,475.45500425144246,0.0,0.0
2023,2,14,23,56.602,0.0,0.0,0.0,58.53360910031024,416.02312872001215,0.0,0.0
2023,2,15,0,56.602,0.0,0.0,0.0,58.53360910031024,356.59125318858185,0.0,0.0
2023,2,15,1,56.602,0.0,0.0,0.0,58.53360910031024,297.15937765715154,0.0,0.0
2023,2,15,2,56.602,0.0,0.0,0.0,58.53360910031024,237.72750212572123,0.0,0.0
2023,2,15,3,56.602,0.0,0.0,0.0,58.53360910031024,178.29562659429092,0.0,0.0
2023,2,15,4,56.602,0.0,0.0,0.0,58.53360910031024,118.86375106286062,0.0,0.0
2023,2,15,5,56.602,0.0,0.0,0.0,58.53360910031024,59.43187553143031,0.0,0.0
2023,2,15,6,56.602,0.0,0.0,0.0,58.53360910031024,0.0,0.0,0.0
2023,2,15,7,56.602,59.1026113695816,58.53360910031024,0.0,0.0,0.0,0.5690022692713654,0.0
2023,2,15,8,56.602,168.3340023818153,58.53360910031024,0.0,0.0,0.0,109.80039328150508,0.0
2023,2,15,9,56.602,253.54060928651253,58.53360910031024,0.0,0.0,0.0,195.0070001862023,0.0
2023,2,15,10,56.602,308.4586676752755,58.53360910031024,0.0,0.0,0.0,249.92505857496525,0.0
2023,2,15,11,56.602,339.1205037006493,58.53360910031024,0.0,0.0,-0.0,280.58689460033906,0.0
2023,2,15,12,56.602,340.934680996526,331.530473489063,272.9968643887528,0.0,255.42719328159887,9.404207507463013,0.0
2023,2,15,13,56.602,318.23880042259464,318.23880042259464,259.7051913222844,0.0,498.4181457551348,0.0,0.0
2023,2,15,14,56.602,260.37177070925827,260.37177070925827,201.838161608948,0.0,687.2663042580695,0.0,0.0
2023,2,15,15,56.602,191.61221147047263,191.61221147047263,133.0786023701624,0.0,811.7801662225916,0.0,0.0
2023,2,15,16,56.602,89.19705038060711,89.19705038060711,30.663441280296876,0.0,840.4701541465116,0.0,0.0
2023,2,15,17,56.602,0.0,-0.0,0.0,58.53360910031024,781.0382786150813,0.0,0.0
2023,2,15,18,56.602,0.0,-0.0,0.0,58.53360910031024,721.606403083651,0.0,0.0
2023,2,15,19,56.602,0.0,-0.0,0.0,58.53360910031024,662.1745275522208,0.0,0.0
2023,2,15,20,56.602,0.0,-0.0,0.0,58.53360910031024,602.7426520207905,0.0,0.0
2023,2,15,21,56.602,0.0,-0.0,0.0,58.53360910031024,543.3107764893603,0.0,0.0
2023,2,15,22,56.602,0.0,-0.0,0.0,58.53360910031024,483.87890095792994,0.0,0.0
2023,2,15,23,56.602,0.0,-0.0,0.0,58.53360910031024,424.44702542649964,0.0,0.0
2023,2,16,0,56.602,0.0,-0.0,0.0,58.53360910031024,365.0151498950693,0.0,0.0
2023,2,16,1,56.602,0.0,-0.0,0.0,58.53360910031024,305.583274363639,0.0,0.0
2023,2,16,2,56.602,0.0,-0.0,0.0,58.53360910031024,246.1513988322087,0.0,0.0
2023,2,16,3,56.602,0.0,-0.0,0.0,58.53360910031024,186.7195233007784,0.0,0.0
2023,2,16,4,56.602,0.0,-0.0,0.0,58.53360910031024,127.2876477693481,0.0,0.0
2023,2,16,5,56.602,0.0,-0.0,0.0,58.53360910031024,67.85577223791779,0.0,0.0
2023,2,16,6,56.602,0.0,-0.0,0.0,58.53360910031024,8.423896706487483,0.0,0.0
2023,2,16,7,56.602,49.998129014348265,49.998129014348265,0.0,8.296576079921543,0.0,0.0,0.2310201738410933
2023,2,16,8,56.602,153.85044701555645,58.53360910031024,0.0,0.0,0.0,95.31683791524623,0.0
2023,2,16,9,56.602,235.31671307566822,58.53360910031024,0.0,0.0,0.0,176.783103975358,0.0
2023,2,16,10,56.602,310.2691120960578,58.53360910031024,0.0,0.0,-0.0,251.7355029957476,0.0
2023,2,16,11,56.602,336.17899812626473,70.77634426525327,12.242735164943038,0.0,11.454810985734412,265.40265386101146,0.0
2023,2,16,12,56.602,340.2888936051954,340.2888936051954,281.7552845048852,0.0,275.07674552509025,0.0,0.0
2023,2,16,13,56.602,310.80664610965096,310.80664610965096,252.27303700934073,0.0,511.1138660546533,0.0,0.0
2023,2,16,14,56.602,261.69694136776906,261.69694136776906,203.1633322674588,0.0,701.2019092085726,0.0,0.0
2023,2,16,15,56.602,182.1605717314604,182.1605717314604,123.62696263115016,0.0,816.8724248736777,0.0,0.0
2023,2,16,16,56.602,83.75451849297686,83.75451849297686,25.22090939266662,0.0,840.4701541465116,0.0,0.0
2023,2,16,17,56.602,0.0,-0.0,0.0,58.53360910031024,781.0382786150813,0.0,0.0
2023,2,16,18,56.602,0.0,-0.0,0.0,58.53360910031024,721.606403083651,0.0,0.0
2023,2,16,19,56.602,0.0,-0.0,0.0,58.53360910031024,662.1745275522208,0.0,0.0
2023,2,16,20,56.602,0.0,-0.0,0.0,58.53360910031024,602.7426520207905,0.0,0.0
2023,2,16,21,56.602,0.0,-0.0,0.0,58.53360910031024,543.3107764893603,0.0,0.0
2023,2,16,22,56.602,0.0,-0.0,0.0,58.53360910031024,483.87890095792994,0.0,0.0
2023,2,16,23,56.602,0.0,-0.0,0.0,58.53360910031024,424.44702542649964,0.0,0.0
2023,2,17,0,56.602,0.0,-0.0,0.0,58.53360910031024,365.0151498950693,0.0,0.0
2023,2,17,1,56.602,0.0,-0.0,0.0,58.53360910031024,305.583274363639,0.0,0.0
2023,2,17,2,56.602,0.0,-0.0,0.0,58.53360910031024,246.1513988322087,0.0,0.0
2023,2,17,3,56.602,0.0,-0.0,0.0,58.53360910031024,186.7195233007784,0.0,0.0
2023,2,17,4,56.602,0.0,-0.0,0.0,58.53360910031024,127.2876477693481,0.0,0.0
2023,2,17,5,56.602,0.0,-0.0,0.0,58.53360910031024,67.85577223791779,0.0,0.0
2023,2,17,6,56.602,0.0,-0.0,0.0,58.53360910031024,8.423896706487483,0.0,0.0
2023,2,17,7,56.602,36.660566302069114,36.660566302069114,0.0,8.296576079921543,0.0,0.0,13.128443316615032
2023,2,17,8,56.602,134.95836616281522,58.53360910031024,0.0,0.0,0.0,76.424757062505,0.0
2023,2,17,9,56.602,244.8131473158132,58.53360910031024,0.0,0.0,0.0,186.27953821550298,0.0
2023,2,17,10,56.602,296.04685798640674,58.53360910031024,0.0,0.0,-0.0,237.5132488860965,0.0
2023,2,17,11,56.602,303.80377243256294,136.3218980477633,77.78828894745308,0.0,72.78195066640683,167.48187438479962,0.0
2023,2,17,12,56.602,298.439630921915,298.439630921915,239.90602182160475,0.0,297.2479786643868,0.0,0.0
2023,2,17,13,56.602,289.5591210723455,289.5591210723455,231.02551197203525,0.0,513.40503318436,0.0,0.0
2023,2,17,14,56.602,250.58043933665599,250.58043933665599,192.04683023634573,0.0,693.0920158012874,0.0,0.0
2023,2,17,15,56.602,183.52307114091514,183.52307114091514,124.9894620406049,0.0,810.0373424455738,0.0,0.0
2023,2,17,16,56.602,91.05975505271103,91.05975505271103,32.52614595240079,0.0,840.4701541465116,0.0,0.0
2023,2,17,17,56.602,0.0,-0.0,0.0,58.53360910031024,781.0382786150813,0.0,0.0
2023,2,17,18,56.602,0.0,-0.0,0.0,58.53360910031024,721.606403083651,0.0,0.0
2023,2,17,19,56.602,0.0,-0.0,0.0,58.53360910031024,662.1745275522208,0.0,0.0
2023,2,17,20,56.602,0.0,-0.0,0.0,58.53360910031024,602.7426520207905,0.0,0.0
2023,2,17,21,56.602,0.0,-0.0,0.0,58.53360910031024,543.3107764893603,0.0,0.0
2023,2,17,22,56.602,0.0,-0.0,0.0,58.53360910031024,483.87890095792994,0.0,0.0
2023,2,17,23,56.602,0.0,-0.0,0.0,58.53360910031024,424.44702542649964,0.0,0.0
2023,2,18,0,56.602,0.0,-0.0,0.0,58.53360910031024,365.0151498950693,0.0,0.0
2023,2,18,1,56.602,0.0,-0.0,0.0,58.53360910031024,305.583274363639,0.0,0.0
2023,2,18,2,56.602,0.0,-0.0,0.0,58.53360910031024,246.1513988322087,0.0,0.0
2023,2,18,3,56.602,0.0,-0.0,0.0,58.53360910031024,186.7195233007784,0.0,0.0
2023,2,18,4,56.602,0.0,-0.0,0.0,58.53360910031024,127.2876477693481,0.0,0.0
2023,2,18,5,56.602,0.0,-0.0,0.0,58.53360910031024,67.85577223791779,0.0,0.0
2023,2,18,6,56.602,0.0,-0.0,0.0,58.53360910031024,8.423896706487483,0.0,0.0
2023,2,18,7,56.602,34.334985118260064,34.334985118260064,0.0,8.296576079921543,0.0,0.0,15.377280321358382
2023,2,18,8,56.602,97.99543697809993,58.53360910031024,0.0,0.0,0.0,39.461827877789695,0.0
2023,2,18,9,56.602,236.85465761455964,58.53360910031024,0.0,0.0,0.0,178.3210485142494,0.0
2023,2,18,10,56.602,308.08538016583583,58.53360910031024,0.0,0.0,-0.0,249.5517710655256,0.0
2023,2,18,11,56.602,334.91728634435873,130.2783732699353,71.74476416962506,0.0,67.12737813135317,204.63891307442344,0.0
2023,2,18,12,56.602,312.6506864062829,312.6506864062829,254.11707730597266,0.0,304.88985927383567,0.0,0.0
2023,2,18,13,56.602,296.2820291173537,296.2820291173537,237.7484200170435,0.0,527.3371455020434,0.0,0.0
2023,2,18,14,56.602,249.50910418456414,249.50910418456414,190.9754950842539,0.0,706.021742499724,0.0,0.0
2023,2,18,15,56.602,176.8785534728892,176.8785534728892,118.34494437257895,0.0,816.750182724989,0.0,0.0
2023,2,18,16,56.602,83.88516912128074,83.88516912128074,25.351560020970503,0.0,840.4701541465116,0.0,0.0
2023,2,18,17,56.602,0.10078762754870861,0.10078762754870861,0.0,58.43282147276153,781.1406129462058,0.0,0.0
2023,2,18,18,56.602,0.0,-0.0,0.0,58.53360910031024,721.7087374147754,0.0,0.0
2023,2,18,19,56.602,0.0,-0.0,0.0,58.53360910031024,662.2768618833452,0.0,0.0
2023,2,18,20,56.602,0.0,-0.0,0.0,58.53360910031024,602.8449863519149,0.0,0.0
2023,2,18,21,56.602,0.0,-0.0,0.0,58.53360910031024,543.4131108204847,0.0,0.0
2023,2,18,22,56.602,0.0,-0.0,0.0,58.53360910031024,483.9812352890544,0.0,0.0
2023,2,18,23,56.602,0.0,-0.0,0.0,58.53360910031024,424.5493597576241,0.0,0.0
2023,2,19,0,56.602,0.0,-0.0,0.0,58.53360910031024,365.11748422619377,0.0,0.0
2023,2,19,1,56.602,0.0,-0.0,0.0,58.53360910031024,305.68560869476346,0.0,0.0
2023,2,19,2,56.602,0.0,-0.0,0.0,58.53360910031024,246.25373316333315,0.0,0.0
2023,2,19,3,56.602,0.0,-0.0,0.0,58.53360910031024,186.82185763190284,0.0,0.0
2023,2,19,4,56.602,0.0,-0.0,0.0,58.53360910031024,127.38998210047254,0.0,0.0
2023,2,19,5,56.602,0.0,-0.0,0.0,58.53360910031024,67.95810656904223,0.0,0.0
2023,2,19,6,56.602,0.0,-0.0,0.0,58.53360910031024,8.526231037611922,0.0,0.0
2023,2,19,7,56.602,24.510057869808172,24.510057869808172,0.0,4.618701330929331,3.8366503533554805,0.0,28.43448985288683
2023,2,19,8,56.602,71.0067500456124,71.0067500456124,12.473140945302172,0.0,15.507038546999445,0.0,0.0
2023,2,19,9,56.602,119.85888640598091,119.85888640598091,61.325277305670674,0.0,72.88551245172954,0.0,0.0
2023,2,19,10,56.602,167.53889998670888,167.53889998670888,109.00529088639865,0.0,174.87538536216783,0.0,0.0
2023,2,19,11,56.602,178.70019651895475,178.70019651895475,120.16658741864453,0.0,287.30823040343427,0.0,0.0
2023,2,19,12,56.602,196.20738071167486,196.20738071167486,137.6737716113646,0.0,416.12152336897617,0.0,0.0
2023,2,19,13,56.602,188.52885664250104,188.52885664250104,129.9952475421908,0.0,537.7504706244467,0.0,0.0
2023,2,19,14,56.602,128.16080061591896,128.16080061591896,69.62719151560873,0.0,602.8965599201339,0.0,0.0
2023,2,19,15,56.602,73.657091362634,73.657091362634,15.123482262323769,0.0,617.046717415747,0.0,0.0
2023,2,19,16,56.602,36.115566538287254,36.115566538287254,0.0,22.418042562022983,594.2846438705949,0.0,0.0
2023,2,19,17,56.602,0.03359587584956953,0.03359587584956953,0.0,58.500013224460666,534.8868797828727,0.0,0.0
2023,2,19,18,56.602,0.0,-0.0,0.0,58.53360910031024,475.45500425144246,0.0,0.0
2023,2,19,19,56.602,0.0,-0.0,0.0,58.53360910031024,416.02312872001215,0.0,0.0
2023,2,19,20,56.602,0.0,-0.0,0.0,58.53360910031024,356.59125318858185,0.0,0.0
2023,2,19,21,56.602,0.0,-0.0,0.0,58.53360910031024,297.15937765715154,0.0,0.0
2023,2,19,22,56.602,0.0,-0.0,0.0,58.53360910031024,237.72750212572123,0.0,0.0
2023,2,19,23,56.602,0.0,-0.0,0.0,58.53360910031024,178.29562659429092,0.0,0.0
2023,2,20,0,56.602,0.0,-0.0,0.0,58.53360910031024,118.86375106286062,0.0,0.0
2023,2,20,1,56.602,0.0,-0.0,0.0,58.53360910031024,59.43187553143031,0.0,0.0
2023,2,20,2,56.602,0.0,-0.0,0.0,58.53360910031024,-0.0,0.0,0.0
2023,2,20,3,56.602,0.0,-0.0,0.0,0.0,-0.0,0.0,56.602
2023,2,20,4,56.602,0.0,-0.0,0.0,0.0,0.0,0.0,56.602
2023,2,20,5,56.602,0.0,-0.0,0.0,-0.0,0.0,0.0,56.602
2023,2,20,6,56.602,0.0,-0.0,0.0,-0.0,0.0,0.0,56.602
2023,2,20,7,56.602,31.755568428031964,31.755568428031964,0.0,-0.0,0.0,0.0,25.894365330093088
2023,2,20,8,56.602,117.7348804772692,58.53360910031024,0.0,0.0,0.0,59.201271376958964,0.0
2023,2,20,9,56.602,247.67999538830983,58.53360910031024,0.0,0.0,0.0,189.1463862879996,0.0
2023,2,20,10,56.602,300.43671909741715,58.53360910031024,0.0,0.0,-0.0,241.90310999710692,0.0
2023,2,20,11,56.602,329.1499943235159,170.68301329168435,112.14940419137409,0.0,104.93163577151495,158.46698103183155,0.0
2023,2,20,12,56.602,330.70660323787934,330.70660323787934,272.1729941375691,0.0,359.5879818627652,0.0,0.0
2023,2,20,13,56.602,299.56322632532834,299.56322632532834,241.02961722501811,0.0,585.1052923394673,0.0,0.0
2023,2,20,14,56.602,242.65554551125192,242.65554551125192,184.1219364109417,0.0,757.3774154802246,0.0,0.0
2023,2,20,15,56.602,135.40257829904843,135.40257829904843,76.8689691987382,0.0,829.2992124460812,0.0,0.0
2023,2,20,16,56.602,70.47294890711366,70.47294890711366,11.939339806803424,0.0,840.4701541465116,0.0,0.0
2023,2,20,17,56.602,0.26130125660776304,0.26130125660776304,0.0,58.27230784370248,781.3035898439226,0.0,0.0
2023,2,20,18,56.602,0.0,-0.0,0.0,58.53360910031024,721.8717143124923,0.0,0.0
2023,2,20,19,56.602,0.0,-0.0,0.0,58.53360910031024,662.439838781062,0.0,0.0
2023,2,20,20,56.602,0.0,-0.0,0.0,58.53360910031024,603.0079632496318,0.0,0.0
2023,2,20,21,56.602,0.0,-0.0,0.0,58.53360910031024,543.5760877182015,0.0,0.0
2023,2,20,22,56.602,0.0,-0.0,0.0,58.53360910031024,484.1442121867712,0.0,0.0
2023,2,20,23,56.602,0.0,-0.0,0.0,58.53360910031024,424.7123366553409,0.0,0.0
2023,2,21,0,56.602,0.0,-0.0,0.0,58.53360910031024,365.2804611239106,0.0,0.0
2023,2,21,1,56.602,0.0,-0.0,0.0,58.53360910031024,305.8485855924803,0.0,0.0
2023,2,21,2,56.602,0.0,-0.0,0.0,58.53360910031024,246.41671006104997,0.0,0.0
2023,2,21,3,56.602,0.0,-0.0,0.0,58.53360910031024,186.98483452961966,0.0,0.0
2023,2,21,4,56.602,0.0,-0.0,0.0,58.53360910031024,127.55295899818935,0.0,0.0
2023,2,21,5,56.602,0.0,-0.0,0.0,58.53360910031024,68.12108346675905,0.0,0.0
2023,2,21,6,56.602,0.0,-0.0,0.0,58.53360910031024,8.689207935328739,0.0,0.0
2023,2,21,7,56.602,30.77755515330009,30.77755515330009,0.0,8.557877336529247,0.0,0.0,18.564636782335032
2023,2,21,8,56.602,104.6474203963147,58.53360910031024,0.0,0.0,0.0,46.113811296004464,0.0
2023,2,21,9,56.602,210.67227170246179,58.53360910031024,0.0,0.0,0.0,152.13866260215156,0.0
2023,2,21,10,56.602,288.54751192176394,58.53360910031024,0.0,0.0,-0.0,230.0139028214537,0.0
2023,2,21,11,56.602,312.2363372708049,98.94835260266451,40.41474350235427,0.0,37.81371087582127,213.28798466814038,0.0
2023,2,21,12,56.602,318.6344851826007,318.6344851826007,260.1008760822905,0.0,281.17488242824277,0.0,0.0
2023,2,21,13,56.602,304.8937719601267,304.8937719601267,246.36016285981643,0.0,511.6796725714406,0.0,0.0
2023,2,21,14,56.602,256.9375256224134,256.9375256224134,198.40391652210315,0.0,697.3146088802744,0.0,0.0
2023,2,21,15,56.602,179.77899742123537,179.77899742123537,121.24538832092514,0.0,810.7568248064268,0.0,0.0
2023,2,21,16,56.602,90.29078278326529,90.29078278326529,31.75717368295505,0.0,840.4701541465116,0.0,0.0
2023,2,21,17,56.602,0.3620888841564343,0.3620888841564343,0.0,58.1715202161538,781.4059241750471,0.0,0.0
2023,2,21,18,56.602,0.0,-0.0,0.0,58.53360910031024,721.9740486436167,0.0,0.0
2023,2,21,19,56.602,0.0,-0.0,0.0,58.53360910031024,662.5421731121864,0.0,0.0
2023,2,21,20,56.602,0.0,-0.0,0.0,58.53360910031024,603.1102975807562,0.0,0.0
2023,2,21,21,56.602,0.0,-0.0,0.0,58.53360910031024,543.678422049326,0.0,0.0
2023,2,21,22,56.602,0.0,-0.0,0.0,58.53360910031024,484.24654651789564,0.0,0.0
2023,2,21,23,56.602,0.0,-0.0,0.0,58.53360910031024,424.81467098646533,0.0,0.0
2023,2,22,0,56.602,0.0,-0.0,0.0,58.53360910031024,365.382795455035,0.0,0.0
2023,2,22,1,56.602,0.0,-0.0,0.0,58.53360910031024,305.9509199236047,0.0,0.0
2023,2,22,2,56.602,0.0,-0.0,0.0,58.53360910031024,246.5190443921744,0.0,0.0
2023,2,22,3,56.602,0.0,-0.0,0.0,58.53360910031024,187.0871688607441,0.0,0.0
2023,2,22,4,56.602,0.0,-0.0,0.0,58.53360910031024,127.65529332931379,0.0,0.0
2023,2,22,5,56.602,0.0,-0.0,0.0,58.53360910031024,68.22341779788349,0.0,0.0
2023,2,22,6,56.602,0.0,-0.0,0.0,58.53360910031024,8.791542266453177,0.0,0.0
2023,2,22,7,56.602,36.82481280622261,36.82481280622261,0.0,8.658664964077923,0.0,0.0,12.619476996119383
2023,2,22,8,56.602,137.51911847757125,58.53360910031024,0.0,0.0,0.0,78.98550937726102,0.0
2023,2,22,9,56.602,221.8484997350852,58.53360910031024,0.0,0.0,0.0,163.31489063477497,0.0
2023,2,22,10,56.602,266.81471312218684,58.53360910031024,0.0,0.0,-0.0,208.28110402187662,0.0
2023,2,22,11,56.602,311.5308238779639,113.90225023081723,55.36864113050699,0.0,51.80519795143903,197.62857364714665,0.0
2023,2,22,12,56.602,314.1027748180032,314.1027748180032,255.56916571769295,0.0,290.9263132607751,0.0,0.0
2023,2,22,13,56.602,295.16589946412915,295.16589946412915,236.63229036381892,0.0,512.3293022759001,0.0,0.0
2023,2,22,14,56.602,244.33533930373042,244.33533930373042,185.8017302034202,0.0,686.1731101855113,0.0,0.0
2023,2,22,15,56.602,188.02865137985188,188.02865137985188,129.49504227954165,0.0,807.3340446431454,0.0,0.0
2023,2,22,16,56.602,93.94900037577402,93.94900037577402,35.41539127546378,0.0,840.4701541465116,0.0,0.0
2023,2,22,17,56.602,0.4703422618939735,0.4703422618939735,0.0,58.06326683841626,781.5158388269956,0.0,0.0
2023,2,22,18,56.602,0.0,-0.0,0.0,58.53360910031024,722.0839632955654,0.0,0.0
2023,2,22,19,56.602,0.0,-0.0,0.0,58.53360910031024,662.6520877641351,0.0,0.0
2023,2,22,20,56.602,0.0,-0.0,0.0,58.53360910031024,603.2202122327049,0.0,0.0
2023,2,22,21,56.602,0.0,-0.0,0.0,58.53360910031024,543.7883367012746,0.0,0.0
2023,2,22,22,56.602,0.0,-0.0,0.0,58.53360910031024,484.3564611698443,0.0,0.0
2023,2,22,23,56.602,0.0,-0.0,0.0,58.53360910031024,424.924585638414,0.0,0.0
2023,2,23,0,56.602,0.0,-0.0,0.0,58.53360910031024,365.4927101069837,0.0,0.0
2023,2,23,1,56.602,0.0,-0.0,0.0,58.53360910031024,306.0608345755534,0.0,0.0
2023,2,23,2,56.602,0.0,-0.0,0.0,58.53360910031024,246.62895904412306,0.0,0.0
2023,2,23,3,56.602,0.0,-0.0,0.0,58.53360910031024,187.19708351269276,0.0,0.0
2023,2,23,4,56.602,0.0,-0.0,0.0,58.53360910031024,127.76520798126245,0.0,0.0
2023,2,23,5,56.602,0.0,-0.0,0.0,58.53360910031024,68.33333244983214,0.0,0.0
2023,2,23,6,56.602,0.0,-0.0,0.0,58.53360910031024,8.901456918401834,0.0,0.0
2023,2,23,7,56.602,17.66769782177918,17.66769782177918,0.0,8.766918341815463,0.0,0.0,31.039726169803977
2023,2,23,8,56.602,83.72838836731607,58.53360910031024,0.0,0.0,0.0,25.194779267005835,0.0
2023,2,23,9,56.602,179.04362102763926,58.53360910031024,0.0,0.0,-0.0,120.51001192732903,0.0
2023,2,23,10,56.602,265.273035708201,146.5259733009205,87.99236420061027,0.0,82.32930685228814,118.74706240728051,0.0
2023,2,23,11,56.602,286.02782123304627,286.02782123304627,227.49421213273604,0.0,295.1823307248489,0.0,0.0
2023,2,23,12,56.602,243.30506577767696,243.30506577767696,184.7714566773667,0.0,468.0621719762297,0.0,0.0
2023,2,23,13,56.602,225.8800048370336,225.8800048370336,167.34639573672337,0.0,624.6384032253679,0.0,0.0
2023,2,23,14,56.602,165.0864010496903,165.0864010496903,106.55279194938007,0.0,724.3336163732798,0.0,0.0
2023,2,23,15,56.602,159.66999928772083,159.66999928772083,101.13639018741058,0.0,818.9610192998433,0.0,0.0
2023,2,23,16,56.602,81.52225918652763,81.52225918652763,22.988650086217397,0.0,840.4701541465116,0.0,0.0
2023,2,23,17,56.602,0.6831161422745806,0.6831161422745806,0.0,57.85049295803566,781.7318779704807,0.0,0.0
2023,2,23,18,56.602,0.0,-0.0,0.0,58.53360910031024,722.3000024390503,0.0,0.0
2023,2,23,19,56.602,0.0,-0.0,0.0,58.53360910031024,662.8681269076201,0.0,0.0
2023,2,23,20,56.602,0.0,-0.0,0.0,58.53360910031024,603.4362513761898,0.0,0.0
2023,2,23,21,56.602,0.0,-0.0,0.0,58.53360910031024,544.0043758447596,0.0,0.0
2023,2,23,22,56.602,0.0,-0.0,0.0,58.53360910031024,484.5725003133293,0.0,0.0
2023,2,23,23,56.602,0.0,-0.0,0.0,58.53360910031024,425.14062478189896,0.0,0.0
2023,2,24,0,56.602,0.0,-0.0,0.0,58.53360910031024,365.70874925046866,0.0,0.0
2023,2,24,1,56.602,0.0,-0.0,0.0,58.53360910031024,306.27687371903835,0.0,0.0
2023,2,24,2,56.602,0.0,-0.0,0.0,58.53360910031024,246.84499818760804,0.0,0.0
2023,2,24,3,56.602,0.0,-0.0,0.0,58.53360910031024,187.41312265617773,0.0,0.0
2023,2,24,4,56.602,0.0,-0.0,0.0,58.53360910031024,127.98124712474743,0.0,0.0
2023,2,24,5,56.602,0.0,-0.0,0.0,58.53360910031024,68.54937159331712,0.0,0.0
2023,2,24,6,56.602,0.0,-0.0,0.0,58.53360910031024,9.117496061886811,0.0,0.0
2023,2,24,7,56.602,40.385975646276975,40.385975646276975,0.0,8.979692222196066,0.0,0.0,8.865399171186567
2023,2,24,8,56.602,129.79953278235908,58.53360910031024,0.0,0.0,0.0,71.26592368204885,0.0
2023,2,24,9,56.602,235.27938432472425,58.53360910031024,0.0,0.0,0.0,176.74577522441402,0.0
2023,2,24,10,56.602,301.2840817438452,58.53360910031024,0.0,0.0,-0.0,242.75047264353498,0.0
2023,2,24,11,56.602,333.4875951832048,61.62333453379265,3.089725433482414,0.0,2.890875311891307,271.86426064941213,0.0
2023,2,24,12,56.602,334.88742334360353,334.88742334360353,276.3538142432933,0.0,261.4589701611775,0.0,0.0
2023,2,24,13,56.602,315.4951372282131,315.4951372282131,256.96152812790285,0.0,501.8828375122523,0.0,0.0
2023,2,24,14,56.602,263.14529690439497,263.14529690439497,204.61168780408474,0.0,693.3260222002056,0.0,0.0
2023,2,24,15,56.602,186.98717922851526,186.98717922851526,128.45357012820503,0.0,813.5125121011504,0.0,0.0
2023,2,24,16,56.602,87.34554433378639,87.34554433378639,28.811935233476156,0.0,840.4701541465116,0.0,0.0
2023,2,24,17,56.602,0.9182872732215673,0.9182872732215673,0.0,57.615321827088664,781.9706580764379,0.0,0.0
2023,2,24,18,56.602,0.0,-0.0,0.0,58.53360910031024,722.5387825450075,0.0,0.0
2023,2,24,19,56.602,0.0,-0.0,0.0,58.53360910031024,663.1069070135773,0.0,0.0
2023,2,24,20,56.602,0.0,-0.0,0.0,58.53360910031024,603.675031482147,0.0,0.0
2023,2,24,21,56.602,0.0,-0.0,0.0,58.53360910031024,544.2431559507168,0.0,0.0
2023,2,24,22,56.602,0.0,-0.0,0.0,58.53360910031024,484.81128041928645,0.0,0.0
2023,2,24,23,56.602,0.0,-0.0,0.0,58.53360910031024,425.37940488785614,0.0,0.0
2023,2,25,0,56.602,0.0,-0.0,0.0,58.53360910031024,365.94752935642583,0.0,0.0
2023,2,25,1,56.602,0.0,-0.0,0.0,58.53360910031024,306.5156538249955,0.0,0.0
2023,2,25,2,56.602,0.0,-0.0,0.0,58.53360910031024,247.08377829356522,0.0,0.0
2023,2,25,3,56.602,0.0,-0.0,0.0,58.53360910031024,187.6519027621349,0.0,0.0
2023,2,25,4,56.602,0.0,-0.0,0.0,58.53360910031024,128.2200272307046,0.0,0.0
2023,2,25,5,56.602,0.0,-0.0,0.0,58.53360910031024,68.7881516992743,0.0,0.0
2023,2,25,6,56.602,0.0,-0.0,0.0,58.53360910031024,9.356276167843987,0.0,0.0
2023,2,25,7,56.602,55.48918827820568,55.48918827820568,0.0,3.0444208221045552,6.2651351610674055,0.0,0.0
2023,2,25,8,56.602,134.70453065639626,134.70453065639626,76.17092155608601,0.0,77.5338097896448,0.0,0.0
2023,2,25,9,56.602,170.93581632260978,170.93581632260978,112.40220722229955,0.0,182.7019785659873,0.0,0.0
2023,2,25,10,56.602,198.6972083996374,198.6972083996374,140.16359929932716,0.0,313.84485762225245,0.0,0.0
2023,2,25,11,56.602,192.8813890025675,192.8813890025675,134.34777990225723,0.0,439.546214745464,0.0,0.0
2023,2,25,12,56.602,159.20712277601564,159.20712277601564,100.6735136757054,0.0,533.7405312023878,0.0,0.0
2023,2,25,13,56.602,106.69676882313844,106.69676882313844,48.163159722828205,0.0,578.8039817849441,0.0,0.0
2023,2,25,14,56.602,90.58567991572265,90.58567991572265,32.052070815412414,0.0,608.7932291177832,0.0,0.0
2023,2,25,15,56.602,56.347749549916905,56.347749549916905,0.0,2.185859550393331,606.5738250057707,0.0,0.0
2023,2,25,16,56.602,27.51502232079745,27.51502232079745,0.0,31.018586779512784,575.0792218713281,0.0,0.0
2023,2,25,17,56.602,0.7279106434073399,0.7279106434073399,0.0,57.805698456902896,516.386427620241,0.0,0.0
2023,2,25,18,56.602,0.0,-0.0,0.0,58.53360910031024,456.95455208881066,0.0,0.0
2023,2,25,19,56.602,0.0,-0.0,0.0,58.53360910031024,397.52267655738035,0.0,0.0
2023,2,25,20,56.602,0.0,-0.0,0.0,58.53360910031024,338.09080102595004,0.0,0.0
2023,2,25,21,56.602,0.0,-0.0,0.0,58.53360910031024,278.65892549451974,0.0,0.0
2023,2,25,22,56.602,0.0,-0.0,0.0,58.53360910031024,219.22704996308943,0.0,0.0
2023,2,25,23,56.602,0.0,-0.0,0.0,58.53360910031024,159.79517443165912,0.0,0.0
2023,2,26,0,56.602,0.0,-0.0,0.0,58.53360910031024,100.36329890022881,0.0,0.0
2023,2,26,1,56.602,0.0,-0.0,0.0,58.53360910031024,40.931423368798505,0.0,0.0
2023,2,26,2,56.602,0.0,-0.0,0.0,40.31277683844109,0.0,0.0,17.619544797227466
2023,2,26,3,56.602,0.0,-0.0,0.0,-0.0,0.0,0.0,56.602
2023,2,26,4,56.602,0.0,-0.0,0.0,-0.0,0.0,0.0,56.602
2023,2,26,5,56.602,0.0,-0.0,0.0,-0.0,0.0,0.0,56.602
2023,2,26,6,56.602,0.0,-0.0,0.0,0.0,-0.0,0.0,56.602
2023,2,26,7,56.602,12.807494448874786,12.807494448874786,0.0,-0.0,0.0,0.0,44.217152867938076
2023,2,26,8,56.602,29.52704199667719,29.52704199667719,0.0,-0.0,0.0,0.0,28.049350389213153
2023,2,26,9,56.602,51.704052932487514,51.704052932487514,0.0,-0.0,0.0,0.0,6.604180814284573
2023,2,26,10,56.602,109.68680177375013,109.68680177375013,51.1531926734399,0.0,47.86104947111585,0.0,0.0
2023,2,26,11,56.602,124.64443227699736,124.64443227699736,66.11082317668713,0.0,109.71707865066924,0.0,0.0
2023,2,26,12,56.602,87.65164009152691,87.65164009152691,29.118030991216678,0.0,136.96111658724382,0.0,0.0
2023,2,26,13,56.602,77.72219234043193,77.72219234043193,19.188583240121698,0.0,154.91475122348305,0.0,0.0
2023,2,26,14,56.602,58.65839923334837,58.65839923334837,0.12479013303813298,0.0,155.03151004964224,0.0,0.0
2023,2,26,15,56.602,74.50072113396764,74.50072113396764,15.967112033657408,0.0,169.97100256250195,0.0,0.0
2023,2,26,16,56.602,28.567693097417294,28.567693097417294,0.0,29.96591600289294,139.54522466424845,0.0,0.0
2023,2,26,17,56.602,1.2243830309620898,1.2243830309620898,0.0,57.30922606934815,81.3565217479602,0.0,0.0
2023,2,26,18,56.602,0.0,-0.0,0.0,58.53360910031024,21.924646216529894,0.0,0.0
2023,2,26,19,56.602,0.0,-0.0,0.0,0.0,21.924646216529894,0.0,56.602
2023,2,26,20,56.602,0.0,-0.0,0.0,0.0,21.924646216529894,0.0,56.602
2023,2,26,21,56.602,0.0,-0.0,0.0,21.59327229412899,0.0,0.0,35.721305691577264
2023,2,26,22,56.602,0.0,-0.0,0.0,-0.0,0.0,0.0,56.602
2023,2,26,23,56.602,0.0,-0.0,0.0,-0.0,0.0,0.0,56.602
2023,2,27,0,56.602,0.0,-0.0,0.0,-0.0,0.0,0.0,56.602
2023,2,27,1,56.602,0.0,-0.0,0.0,-0.0,0.0,0.0,56.602
2023,2,27,2,56.602,0.0,-0.0,0.0,0.0,-0.0,0.0,56.602
2023,2,27,3,56.602,0.0,-0.0,0.0,-0.0,0.0,0.0,56.602
2023,2,27,4,56.602,0.0,-0.0,0.0,-0.0,0.0,0.0,56.602
2023,2,27,5,56.602,0.0,-0.0,0.0,-0.0,0.0,0.0,56.602
2023,2,27,6,56.602,0.0,-0.0,0.0,-0.0,0.0,0.0,56.602
2023,2,27,7,56.602,18.76889597462618,18.76889597462618,0.0,-0.0,0.0,0.0,38.45247759253648
2023,2,27,8,56.602,70.66705841202233,70.66705841202233,12.133449311712091,0.0,11.352558607053554,0.0,0.0
2023,2,27,9,56.602,104.04269463102246,104.04269463102246,45.50908553071222,0.0,53.932747254820875,0.0,0.0
2023,2,27,10,56.602,160.37551268056177,160.37551268056177,101.84190358025154,0.0,149.22025778430293,0.0,0.0
2023,2,27,11,56.602,126.60045882646116,126.60045882646116,68.06684972615093,0.0,212.90642656136598,0.0,0.0
2023,2,27,12,56.602,112.52378684549156,112.52378684549156,53.99017774518132,0.0,263.42187697543477,0.0,0.0
2023,2,27,13,56.602,76.23277517776768,76.23277517776768,17.69916607745744,0.0,279.9819511166237,0.0,0.0
2023,2,27,14,56.602,77.36383633136984,77.36383633136984,18.830227231059606,0.0,297.6002930021741,0.0,0.0
2023,2,27,15,56.602,119.982071284096,119.982071284096,61.44846218378576,0.0,355.0940237899535,0.0,0.0
2023,2,27,16,56.602,35.96625153451134,35.96625153451134,0.0,22.567357565798893,332.1803438283204,0.0,0.0
2023,2,27,17,56.602,0.6271230158585941,0.6271230158585941,0.0,57.90648608445164,273.38521524610917,0.0,0.0
2023,2,27,18,56.602,0.0,-0.0,0.0,58.53360910031024,213.95333971467886,0.0,0.0
2023,2,27,19,56.602,0.0,-0.0,0.0,58.53360910031024,154.52146418324855,0.0,0.0
2023,2,27,20,56.602,0.0,-0.0,0.0,58.53360910031024,95.08958865181825,0.0,0.0
2023,2,27,21,56.602,0.0,-0.0,0.0,35.11877460599401,59.43187553143031,0.0,22.642144956003786
2023,2,27,22,56.602,0.0,-0.0,0.0,58.53360910031024,0.0,0.0,0.0
2023,2,27,23,56.602,0.0,-0.0,0.0,-0.0,0.0,0.0,56.602
2023,2,28,0,56.602,0.0,-0.0,0.0,0.0,-0.0,0.0,56.602
2023,2,28,1,56.602,0.0,-0.0,0.0,-0.0,0.0,0.0,56.602
2023,2,28,2,56.602,0.0,-0.0,0.0,-0.0,0.0,0.0,56.602
2023,2,28,3,56.602,0.0,-0.0,0.0,0.0,-0.0,0.0,56.602
2023,2,28,4,56.602,0.0,-0.0,0.0,-0.0,0.0,0.0,56.602
2023,2,28,5,56.602,0.0,-0.0,0.0,-0.0,0.0,0.0,56.602
2023,2,28,6,56.602,0.0,-0.0,0.0,0.0,-0.0,0.0,56.602
2023,2,28,7,56.602,20.344169264461552,20.344169264461552,0.0,-0.0,0.0,0.0,36.92918832126568
2023,2,28,8,56.602,88.48780411267177,58.53360910031024,0.0,0.0,-0.0,29.95419501236153,0.0
2023,2,28,9,56.602,134.7717224080954,106.0989360286052,47.56532692829495,0.0,44.5040934152084,28.672786379490205,0.0
2023,2,28,10,56.602,163.24982650324716,163.24982650324716,104.71621740293692,0.0,142.48093121584017,0.0,0.0
2023,2,28,11,56.602,233.98780954206302,233.98780954206302,175.4542004417528,0.0,306.64316094931235,0.0,0.0
2023,2,28,12,56.602,284.2061781869807,284.2061781869807,225.67256908667048,0.0,517.7917800058717,0.0,0.0
2023,2,28,13,56.602,245.86581809243305,245.86581809243305,187.33220899212282,0.0,693.0675673715496,0.0,0.0
2023,2,28,14,56.602,175.60191019060557,175.60191019060557,117.06830109029534,0.0,802.6015271724858,0.0,0.0
2023,2,28,15,56.602,99.00704612868142,99.00704612868142,40.47343702837119,0.0,840.4701541465116,0.0,0.0
2023,2,28,16,56.602,31.875020431052693,31.875020431052693,0.0,26.658588669257544,813.4024583733064,0.0,0.0
2023,2,28,17,56.602,0.7316435185017365,0.7316435185017365,0.0,57.8019655818085,754.7134542826317,0.0,0.0
2023,2,28,18,56.602,0.0,-0.0,0.0,58.53360910031024,695.2815787512013,0.0,0.0
2023,2,28,19,56.602,0.0,-0.0,0.0,58.53360910031024,635.8497032197711,0.0,0.0
2023,2,28,20,56.602,0.0,-0.0,0.0,58.53360910031024,576.4178276883408,0.0,0.0
2023,2,28,21,56.602,0.0,-0.0,0.0,58.53360910031024,516.9859521569106,0.0,0.0
2023,2,28,22,56.602,0.0,-0.0,0.0,58.53360910031024,457.55407662548026,0.0,0.0
2023,2,28,23,56.602,0.0,-0.0,0.0,58.53360910031024,398.12220109404996,0.0,0.0
2023,3,1,0,56.602,0.0,-0.0,0.0,58.53360910031024,338.69032556261965,0.0,0.0
2023,3,1,1,56.602,0.0,-0.0,0.0,58.53360910031024,279.25845003118934,0.0,0.0
2023,3,1,2,56.602,0.0,-0.0,0.0,58.53360910031024,219.82657449975903,0.0,0.0
2023,3,1,3,56.602,0.0,-0.0,0.0,58.53360910031024,160.39469896832873,0.0,0.0
2023,3,1,4,56.602,0.0,-0.0,0.0,58.53360910031024,100.96282343689842,0.0,0.0
2023,3,1,5,56.602,0.0,-0.0,0.0,58.53360910031024,41.53094790546811,0.0,0.0
2023,3,1,6,56.602,0.0,-0.0,0.0,40.90324002947586,0.0,0.0,17.04856689149684
2023,3,1,7,56.602,19.537868244071884,19.537868244071884,0.0,-0.0,0.0,0.0,37.70888140798249
2023,3,1,8,56.602,137.5079198522881,58.53360910031024,0.0,0.0,0.0,78.97431075197787,0.0
2023,3,1,9,56.602,245.2946882029904,58.53360910031024,0.0,0.0,0.0,186.76107910268016,0.0
2023,3,1,10,56.602,289.0477171844131,58.53360910031024,0.0,0.0,-0.0,230.51410808410287,0.0
2023,3,1,11,56.602,316.5926025059657,63.54949808250131,5.015888982191074,0.0,4.693073846843589,253.0431044234644,0.0
2023,3,1,12,56.602,316.41342450143463,316.41342450143463,257.8798154011244,0.0,245.9761288715584,0.0,0.0
2023,3,1,13,56.602,310.5005503519104,310.5005503519104,251.9669412516002,0.0,481.7268535099081,0.0,0.0
2023,3,1,14,56.602,270.1108418305391,270.1108418305391,211.57723273022884,0.0,679.6872910393748,0.0,0.0
2023,3,1,15,56.602,195.46080569279556,195.46080569279556,136.92719659248533,0.0,807.8020574409818,0.0,0.0
2023,3,1,16,56.602,93.44879511312486,93.44879511312486,34.91518601281462,0.0,840.4701541465116,0.0,0.0
2023,3,1,17,56.602,1.4371569113426967,1.4371569113426967,0.0,57.09645218896754,782.4974903737084,0.0,0.0
2023,3,1,18,56.602,0.0,-0.0,0.0,58.53360910031024,723.0656148422781,0.0,0.0
2023,3,1,19,56.602,0.0,-0.0,0.0,58.53360910031024,663.6337393108479,0.0,0.0
2023,3,1,20,56.602,0.0,-0.0,0.0,58.53360910031024,604.2018637794176,0.0,0.0
2023,3,1,21,56.602,0.0,-0.0,0.0,58.53360910031024,544.7699882479874,0.0,0.0
2023,3,1,22,56.602,0.0,-0.0,0.0,58.53360910031024,485.3381127165571,0.0,0.0
2023,3,1,23,56.602,0.0,-0.0,0.0,58.53360910031024,425.90623718512677,0.0,0.0
2023,3,2,0,56.602,0.0,-0.0,0.0,58.53360910031024,366.47436165369646,0.0,0.0
2023,3,2,1,56.602,0.0,-0.0,0.0,58.53360910031024,307.04248612226615,0.0,0.0
2023,3,2,2,56.602,0.0,-0.0,0.0,58.53360910031024,247.61061059083585,0.0,0.0
2023,3,2,3,56.602,0.0,-0.0,0.0,58.53360910031024,188.17873505940554,0.0,0.0
2023,3,2,4,56.602,0.0,-0.0,0.0,58.53360910031024,128.74685952797523,0.0,0.0
2023,3,2,5,56.602,0.0,-0.0,0.0,58.53360910031024,69.31498399654492,0.0,0.0
2023,3,2,6,56.602,0.0,-0.0,0.0,58.53360910031024,9.883108465114617,0.0,0.0
2023,3,2,7,56.602,24.93187275547499,24.93187275547499,0.0,9.733732991264185,0.0,0.0,23.080359242903214
2023,3,2,8,56.602,99.93279915209179,99.93279915209179,41.39919005178156,0.0,38.7347999133052,0.0,0.0
2023,3,2,9,56.602,128.95963588611986,128.95963588611986,70.42602678580961,0.0,104.62831263240282,0.0,0.0
2023,3,2,10,56.602,126.99241071137284,126.99241071137284,68.45880161106261,0.0,168.68120785553177,0.0,0.0
2023,3,2,11,56.602,185.99423445340574,185.99423445340574,127.46062535309551,0.0,287.93865742644306,0.0,0.0
2023,3,2,12,56.602,142.44651360217483,142.44651360217483,83.91290450186459,0.0,366.4510525230263,0.0,0.0
2023,3,2,13,56.602,140.85630881196184,140.85630881196184,82.32269971165161,0.0,443.475586038428,0.0,0.0
2023,3,2,14,56.602,120.37402316900764,120.37402316900764,61.840414068697406,0.0,501.33604327227323,0.0,0.0
2023,3,2,15,56.602,56.586653555958286,56.586653555958286,0.0,1.9469555443519504,499.35920942662983,0.0,0.0
2023,3,2,16,56.602,36.77628542999545,36.77628542999545,0.0,21.75732367031479,477.26799427440477,0.0,0.0
2023,3,2,17,56.602,6.349620535568643,6.349620535568643,0.0,52.1839885647416,424.28318160381775,0.0,0.0
2023,3,2,18,56.602,0.0,-0.0,0.0,58.53360910031024,364.85130607238744,0.0,0.0
2023,3,2,19,56.602,0.0,-0.0,0.0,58.53360910031024,305.41943054095714,0.0,0.0
2023,3,2,20,56.602,0.0,-0.0,0.0,58.53360910031024,245.98755500952683,0.0,0.0
2023,3,2,21,56.602,0.0,-0.0,0.0,58.53360910031024,186.55567947809652,0.0,0.0
2023,3,2,22,56.602,0.0,-0.0,0.0,58.53360910031024,127.12380394666621,0.0,0.0
2023,3,2,23,56.602,0.0,-0.0,0.0,58.53360910031024,67.6919284152359,0.0,0.0
2023,3,3,0,56.602,0.0,-0.0,0.0,58.53360910031024,8.2600528838056,0.0,0.0
2023,3,3,1,56.602,0.0,-0.0,0.0,8.13520862879172,0.0,0.0,48.735253255958405
2023,3,3,2,56.602,0.0,-0.0,0.0,0.0,-0.0,0.0,56.602
2023,3,3,3,56.602,0.0,-0.0,0.0,-0.0,0.0,0.0,56.602
2023,3,3,4,56.602,0.0,-0.0,0.0,0.0,-0.0,0.0,56.602
2023,3,3,5,56.602,0.0,-0.0,0.0,-0.0,0.0,0.0,56.602
2023,3,3,6,56.602,0.0,-0.0,0.0,-0.0,0.0,0.0,56.602
2023,3,3,7,56.602,38.161182090016595,38.161182090016595,0.0,-0.0,0.0,0.0,19.70013691895395
2023,3,3,8,56.602,110.87012317867386,110.87012317867386,52.336514078363635,0.0,48.96821407495282,0.0,0.0
2023,3,3,9,56.602,195.4122783165684,195.4122783165684,136.87866921625817,0.0,177.03757624990402,0.0,0.0
2023,3,3,10,56.602,187.0357066047424,187.0357066047424,128.50209750443216,0.0,297.2694703775046,0.0,0.0
2023,3,3,11,56.602,179.75286729557462,179.75286729557462,121.21925819526437,0.0,410.68723787391934,0.0,0.0
2023,3,3,12,56.602,148.80733276302666,148.80733276302666,90.27372366271642,0.0,495.1510792952287,0.0,0.0
2023,3,3,13,56.602,68.20336084972055,68.20336084972055,9.669751749410317,0.0,504.1985002412968,0.0,0.0
2023,3,3,14,56.602,96.85317719921454,96.85317719921454,38.319568098904305,0.0,540.0518780783701,0.0,0.0
2023,3,3,15,56.602,76.58739831173534,76.58739831173534,18.053789211425105,0.0,556.9437523374281,0.0,0.0
2023,3,3,16,56.602,26.383961167195277,26.383961167195277,0.0,32.149647933114956,524.3007305981439,0.0,0.0
2023,3,3,17,56.602,2.277053807581898,2.277053807581898,0.0,56.25655529272834,467.18085291804476,0.0,0.0
2023,3,3,18,56.602,0.0,-0.0,0.0,58.53360910031024,407.74897738661446,0.0,0.0
2023,3,3,19,56.602,0.0,-0.0,0.0,58.53360910031024,348.31710185518415,0.0,0.0
2023,3,3,20,56.602,0.0,-0.0,0.0,58.53360910031024,288.88522632375384,0.0,0.0
2023,3,3,21,56.602,0.0,-0.0,0.0,58.53360910031024,229.45335079232353,0.0,0.0
2023,3,3,22,56.602,0.0,-0.0,0.0,58.53360910031024,170.02147526089323,0.0,0.0
2023,3,3,23,56.602,0.0,-0.0,0.0,58.53360910031024,110.58959972946292,0.0,0.0
2023,3,4,0,56.602,0.0,-0.0,0.0,58.53360910031024,51.15772419803261,0.0,0.0
2023,3,4,1,56.602,0.0,-0.0,0.0,50.384515108992666,0.0,0.0,7.88017388960409
2023,3,4,2,56.602,0.0,-0.0,0.0,-0.0,0.0,0.0,56.602
2023,3,4,3,56.602,0.0,-0.0,0.0,0.0,-0.0,0.0,56.602
2023,3,4,4,56.602,0.0,-0.0,0.0,-0.0,0.0,0.0,56.602
2023,3,4,5,56.602,0.0,-0.0,0.0,-0.0,0.0,0.0,56.602
2023,3,4,6,56.602,0.0,-0.0,0.0,-0.0,0.0,0.0,56.602
2023,3,4,7,56.602,14.09533635644158,14.09533635644158,0.0,-0.0,0.0,0.0,42.97180974332099
2023,3,4,8,56.602,40.897379534209314,40.897379534209314,0.0,-0.0,0.0,0.0,17.05423399041959
2023,3,4,9,56.602,92.24680933272916,92.24680933272916,33.71320023241892,0.0,31.543468937594465,0.0,0.0
2023,3,4,10,56.602,124.56604190001504,124.56604190001504,66.03243279970481,0.0,93.32615282793468,0.0,0.0
2023,3,4,11,56.602,127.30970509439656,127.30970509439656,68.77609599408633,0.0,157.675921840736,0.0,0.0
2023,3,4,12,56.602,117.3354628421688,117.3354628421688,58.80185374185856,0.0,212.69337595936582,0.0,0.0
2023,3,4,13,56.602,205.93525320767245,205.93525320767245,147.40164410736222,0.0,350.6084700529807,0.0,0.0
2023,3,4,14,56.602,150.8828113155112,150.8828113155112,92.34920221520096,0.0,437.0142153220294,0.0,0.0
2023,3,4,15,56.602,113.69590962513206,113.69590962513206,55.16230052482182,0.0,488.62635244147606,0.0,0.0
2023,3,4,16,56.602,53.08521671741426,53.08521671741426,0.0,5.448392382895974,483.0943481293594,0.0,0.0
2023,3,4,17,56.602,2.986300075517292,2.986300075517292,0.0,55.547309024792945,426.69460092754383,0.0,0.0
2023,3,4,18,56.602,0.0,-0.0,0.0,58.53360910031024,367.2627253961135,0.0,0.0
2023,3,4,19,56.602,0.0,-0.0,0.0,58.53360910031024,307.8308498646832,0.0,0.0
2023,3,4,20,56.602,0.0,-0.0,0.0,58.53360910031024,248.3989743332529,0.0,0.0
2023,3,4,21,56.602,0.0,-0.0,0.0,58.53360910031024,188.9670988018226,0.0,0.0
2023,3,4,22,56.602,0.0,-0.0,0.0,58.53360910031024,129.5352232703923,0.0,0.0
2023,3,4,23,56.602,0.0,-0.0,0.0,58.53360910031024,70.10334773896199,0.0,0.0
2023,3,5,0,56.602,0.0,-0.0,0.0,10.510181230779882,59.43187553143031,0.0,46.43865474983585
2023,3,5,1,56.602,0.0,-0.0,0.0,58.53360910031024,0.0,0.0,0.0
2023,3,5,2,56.602,0.0,-0.0,0.0,0.0,-0.0,0.0,56.602
2023,3,5,3,56.602,0.0,-0.0,0.0,0.0,-0.0,0.0,56.602
2023,3,5,4,56.602,0.0,-0.0,0.0,-0.0,0.0,0.0,56.602
2023,3,5,5,56.602,0.0,-0.0,0.0,-0.0,0.0,0.0,56.602
2023,3,5,6,56.602,0.03359587584956953,0.03359587584956953,0.0,-0.0,0.0,0.0,56.569512788053466
2023,3,5,7,56.602,61.09596666998936,58.53360910031024,0.0,0.0,0.0,2.562357569679122,0.0
2023,3,5,8,56.602,138.4747345017368,58.53360910031024,0.0,0.0,0.0,79.94112540142658,0.0
2023,3,5,9,56.602,209.8734364322609,58.53360910031024,0.0,0.0,0.0,151.33982733195066,0.0
2023,3,5,10,56.602,244.98859244524985,58.53360910031024,0.0,0.0,-0.0,186.45498334493962,0.0
2023,3,5,11,56.602,271.1485811067813,143.70179210938537,85.16818300907514,0.0,79.68688575090417,127.44678899739594,0.0
2023,3,5,12,56.602,310.5416119779488,310.5416119779488,252.00800287763852,0.0,315.47602935027027,0.0,0.0
2023,3,5,13,56.602,270.42067046337394,270.42067046337394,211.8870613630637,0.0,513.72635540377,0.0,0.0
2023,3,5,14,56.602,243.75674366409896,243.75674366409896,185.22313456378873,0.0,687.0288052263315,0.0,0.0
2023,3,5,15,56.602,190.70885569762865,190.70885569762865,132.17524659731842,0.0,810.6974500484923,0.0,0.0
2023,3,5,16,56.602,90.35424165987007,90.35424165987007,31.820632559559833,0.0,840.4701541465116,0.0,0.0
2023,3,5,17,56.602,10.892529525449323,10.892529525449323,0.0,47.64107957486091,792.097966697351,0.0,0.0
2023,3,5,18,56.602,0.0,-0.0,0.0,58.53360910031024,732.6660911659208,0.0,0.0
2023,3,5,19,56.602,0.0,-0.0,0.0,58.53360910031024,673.2342156344905,0.0,0.0
2023,3,5,20,56.602,0.0,-0.0,0.0,58.53360910031024,613.8023401030603,0.0,0.0
2023,3,5,21,56.602,0.0,-0.0,0.0,58.53360910031024,554.37046457163,0.0,0.0
2023,3,5,22,56.602,0.0,-0.0,0.0,58.53360910031024,494.9385890401997,0.0,0.0
2023,3,5,23,56.602,0.0,-0.0,0.0,58.53360910031024,435.5067135087694,0.0,0.0
2023,3,6,0,56.602,0.0,-0.0,0.0,58.53360910031024,376.0748379773391,0.0,0.0
2023,3,6,1,56.602,0.0,-0.0,0.0,58.53360910031024,316.6429624459088,0.0,0.0
2023,3,6,2,56.602,0.0,-0.0,0.0,58.53360910031024,257.21108691447847,0.0,0.0
2023,3,6,3,56.602,0.0,-0.0,0.0,58.53360910031024,197.77921138304816,0.0,0.0
2023,3,6,4,56.602,0.0,-0.0,0.0,58.53360910031024,138.34733585161786,0.0,0.0
2023,3,6,5,56.602,0.0,-0.0,0.0,58.53360910031024,78.91546032018755,0.0,0.0
2023,3,6,6,56.602,0.04106162603836277,0.04106162603836277,0.0,58.49254747427187,19.52527655328943,0.0,0.0
2023,3,6,7,56.602,32.92022545748375,32.92022545748375,0.0,19.230167231409116,0.0,0.0,6.172570269840595
2023,3,6,8,56.602,74.97106339586162,58.53360910031024,0.0,0.0,-0.0,16.437454295551383,0.0
2023,3,6,9,56.602,192.46703986708948,102.32499930817042,43.791390207860175,0.0,40.973041634517216,90.14204055891906,0.0
2023,3,6,10,56.602,205.07295906086685,205.07295906086685,146.5393499605566,0.0,178.08133754678718,0.0,0.0
2023,3,6,11,56.602,236.839726114182,236.839726114182,178.30611701387176,0.0,344.91193875449096,0.0,0.0
2023,3,6,12,56.602,221.187780843377,221.187780843377,162.65417174306677,0.0,497.09793054929764,0.0,0.0
2023,3,6,13,56.602,234.29017242470914,234.29017242470914,175.7565633243989,0.0,661.5430635411635,0.0,0.0
2023,3,6,14,56.602,204.75566467784313,204.75566467784313,146.2220555775329,0.0,798.3544856637611,0.0,0.0
2023,3,6,15,56.602,103.54622224346767,103.54622224346767,45.01261314315743,0.0,840.4701541465116,0.0,0.0
2023,3,6,16,56.602,31.93847930765744,31.93847930765744,0.0,26.5951297926528,813.4668911003107,0.0,0.0
2023,3,6,17,56.602,0.8958900226551876,0.8958900226551876,0.0,57.63771907765505,754.9446540677649,0.0,0.0
2023,3,6,18,56.602,0.0,-0.0,0.0,58.53360910031024,695.5127785363345,0.0,0.0
2023,3,6,19,56.602,0.0,-0.0,0.0,58.53360910031024,636.0809030049043,0.0,0.0
2023,3,6,20,56.602,0.0,-0.0,0.0,58.53360910031024,576.649027473474,0.0,0.0
2023,3,6,21,56.602,0.0,-0.0,0.0,58.53360910031024,517.2171519420438,0.0,0.0
2023,3,6,22,56.602,0.0,-0.0,0.0,58.53360910031024,457.78527641061345,0.0,0.0
2023,3,6,23,56.602,0.0,-0.0,0.0,58.53360910031024,398.35340087918314,0.0,0.0
2023,3,7,0,56.602,0.0,-0.0,0.0,58.53360910031024,338.92152534775283,0.0,0.0
2023,3,7,1,56.602,0.0,-0.0,0.0,58.53360910031024,279.4896498163225,0.0,0.0
2023,3,7,2,56.602,0.0,-0.0,0.0,58.53360910031024,220.05777428489222,0.0,0.0
2023,3,7,3,56.602,0.0,-0.0,0.0,58.53360910031024,160.6258987534619,0.0,0.0
2023,3,7,4,56.602,0.0,-0.0,0.0,58.53360910031024,101.1940232220316,0.0,0.0
2023,3,7,5,56.602,0.0,-0.0,0.0,58.53360910031024,41.762147690601296,0.0,0.0
2023,3,7,6,56.602,0.6159243905754415,0.6159243905754415,0.0,41.130945410234055,0.0,0.0,16.232776902617218
2023,3,7,7,56.602,36.42166229602774,36.42166229602774,0.0,-0.0,0.0,0.0,21.382252559741172
2023,3,7,8,56.602,144.3577456505059,58.53360910031024,0.0,0.0,0.0,85.82413655019567,0.0
2023,3,7,9,56.602,201.39607709288617,58.53360910031024,0.0,0.0,-0.0,142.86246799257594,0.0
2023,3,7,10,56.602,248.79985791662875,223.85621375644078,165.32260465613055,0.0,154.68268834467452,24.943644160187972,0.0
2023,3,7,11,56.602,257.88940877148457,257.88940877148457,199.3557996711743,0.0,341.20824602252543,0.0,0.0
2023,3,7,12,56.602,265.65752184292387,265.65752184292387,207.12391274261364,0.0,535.0019725981199,0.0,0.0
2023,3,7,13,56.602,142.0358973417912,142.0358973417912,83.50228824148097,0.0,613.1301780845389,0.0,0.0
2023,3,7,14,56.602,197.7079964996223,197.7079964996223,139.17438739931208,0.0,743.3475094435902,0.0,0.0
2023,3,7,15,56.602,146.71318983507015,146.71318983507015,88.17958073475992,0.0,825.8519838530619,0.0,0.0
2023,3,7,16,56.602,74.15729662528315,74.15729662528315,15.623687524972915,0.0,840.4701541465116,0.0,0.0
2023,3,7,17,56.602,13.643658470019627,13.643658470019627,0.0,44.88995063029061,794.8913149210085,0.0,0.0
2023,3,7,18,56.602,0.0,-0.0,0.0,58.53360910031024,735.4594393895782,0.0,0.0
2023,3,7,19,56.602,0.0,-0.0,0.0,58.53360910031024,676.0275638581479,0.0,0.0
2023,3,7,20,56.602,0.0,-0.0,0.0,58.53360910031024,616.5956883267177,0.0,0.0
2023,3,7,21,56.602,0.0,-0.0,0.0,58.53360910031024,557.1638127952874,0.0,0.0
2023,3,7,22,56.602,0.0,-0.0,0.0,58.53360910031024,497.7319372638571,0.0,0.0
2023,3,7,23,56.602,0.0,-0.0,0.0,58.53360910031024,438.3000617324268,0.0,0.0
2023,3,8,0,56.602,0.0,-0.0,0.0,58.53360910031024,378.8681862009965,0.0,0.0
2023,3,8,1,56.602,0.0,-0.0,0.0,58.53360910031024,319.4363106695662,0.0,0.0
2023,3,8,2,56.602,0.0,-0.0,0.0,58.53360910031024,260.0044351381359,0.0,0.0
2023,3,8,3,56.602,0.0,-0.0,0.0,58.53360910031024,200.57255960670557,0.0,0.0
2023,3,8,4,56.602,0.0,-0.0,0.0,58.53360910031024,141.14068407527526,0.0,0.0
2023,3,8,5,56.602,0.0,-0.0,0.0,58.53360910031024,81.70880854384495,0.0,0.0
2023,3,8,6,56.602,0.1717122543422443,0.1717122543422443,0.0,58.36189684596799,22.451280391367636,0.0,0.0
2023,3,8,7,56.602,14.16252810814072,14.16252810814072,0.0,22.111946804283303,0.0,0.0,21.524582759685966
2023,3,8,8,56.602,51.226244920404746,51.226244920404746,0.0,-0.0,0.0,0.0,7.066221161968609
2023,3,8,9,56.602,89.38369413532695,89.38369413532695,30.85008503501671,0.0,28.86461956490377,0.0,0.0
2023,3,8,10,56.602,210.2093951907566,210.2093951907566,151.67578609044637,0.0,170.77877823704648,0.0,0.0
2023,3,8,11,56.602,211.44124397190745,211.44124397190745,152.90763487159722,0.0,313.8455057396819,0.0,0.0
2023,3,8,12,56.602,226.69377160761204,226.69377160761204,168.1601625073018,0.0,471.18313094350924,0.0,0.0
2023,3,8,13,56.602,174.194616280018,174.194616280018,115.66100717970777,0.0,579.400368171428,0.0,0.0
2023,3,8,14,56.602,80.26428027971602,80.26428027971602,21.730671179405782,0.0,599.7324857578659,0.0,0.0
2023,3,8,15,56.602,60.610692907717834,60.610692907717834,2.0770838074075977,0.0,601.6758915487151,0.0,0.0
2023,3,8,16,56.602,27.32464569098322,27.32464569098322,0.0,31.208963409327012,569.9879902332594,0.0,0.0
2023,3,8,17,56.602,3.102019203443587,3.102019203443587,0.0,55.431589896866654,513.7057380042164,0.0,0.0
2023,3,8,18,56.602,0.0,-0.0,0.0,58.53360910031024,454.2738624727861,0.0,0.0
2023,3,8,19,56.602,0.0,-0.0,0.0,58.53360910031024,394.8419869413558,0.0,0.0
2023,3,8,20,56.602,0.0,-0.0,0.0,58.53360910031024,335.4101114099255,0.0,0.0
2023,3,8,21,56.602,0.0,-0.0,0.0,58.53360910031024,275.9782358784952,0.0,0.0
2023,3,8,22,56.602,0.0,-0.0,0.0,58.53360910031024,216.54636034706488,0.0,0.0
2023,3,8,23,56.602,0.0,-0.0,0.0,58.53360910031024,157.11448481563457,0.0,0.0
2023,3,9,0,56.602,0.0,-0.0,0.0,37.67260375454329,118.86375106286062,0.0,20.172592169356637
2023,3,9,1,56.602,0.0,-0.0,0.0,58.53360910031024,59.43187553143031,0.0,0.0
2023,3,9,2,56.602,0.0,-0.0,0.0,58.53360910031024,0.0,0.0,0.0
2023,3,9,3,56.602,0.0,-0.0,0.0,-0.0,0.0,0.0,56.602
2023,3,9,4,56.602,0.0,-0.0,0.0,0.0,-0.0,0.0,56.602
2023,3,9,5,56.602,0.0,-0.0,0.0,-0.0,0.0,0.0,56.602
2023,3,9,6,56.602,0.055993126415949224,0.055993126415949224,0.0,0.0,-0.0,0.0,56.54785464675577
2023,3,9,7,56.602,21.10940865881282,21.10940865881282,0.0,-0.0,0.0,0.0,36.189201826928
2023,3,9,8,56.602,85.535099913004,58.53360910031024,0.0,0.0,0.0,27.001490812693767,0.0
2023,3,9,9,56.602,161.9955804715299,58.53360910031024,0.0,0.0,-0.0,103.46197137121968,0.0
2023,3,9,10,56.602,239.66924543573467,221.31199819698543,162.7783890966752,0.0,152.3022147047662,18.35724723874924,0.0
2023,3,9,11,56.602,222.2068557441473,222.2068557441473,163.67324664383707,0.0,305.4416952593442,0.0,0.0
2023,3,9,12,56.602,213.8452155326989,213.8452155326989,155.31160643238866,0.0,450.75767829785036,0.0,0.0
2023,3,9,13,56.602,257.5721143884608,257.5721143884608,199.03850528815056,0.0,636.9863621860288,0.0,0.0
2023,3,9,14,56.602,216.32384459537823,216.32384459537823,157.790235495068,0.0,784.6214534167991,0.0,0.0
2023,3,9,15,56.602,118.22388711463519,118.22388711463519,59.69027801432495,0.0,840.4701541465116,0.0,0.0
2023,3,9,16,56.602,55.511585528772066,55.511585528772066,0.0,3.02202357153817,837.401754102207,0.0,0.0
2023,3,9,17,56.602,10.515509140915265,10.515509140915265,0.0,48.01809995939497,788.6467604514324,0.0,0.0
2023,3,9,18,56.602,0.0,-0.0,0.0,58.53360910031024,729.2148849200021,0.0,0.0
2023,3,9,19,56.602,0.0,-0.0,0.0,58.53360910031024,669.7830093885718,0.0,0.0
2023,3,9,20,56.602,0.0,-0.0,0.0,58.53360910031024,610.3511338571416,0.0,0.0
2023,3,9,21,56.602,0.0,-0.0,0.0,58.53360910031024,550.9192583257113,0.0,0.0
2023,3,9,22,56.602,0.0,-0.0,0.0,58.53360910031024,491.487382794281,0.0,0.0
2023,3,9,23,56.602,0.0,-0.0,0.0,58.53360910031024,432.0555072628507,0.0,0.0
2023,3,10,0,56.602,0.0,-0.0,0.0,58.53360910031024,372.6236317314204,0.0,0.0
2023,3,10,1,56.602,0.0,-0.0,0.0,58.53360910031024,313.1917561999901,0.0,0.0
2023,3,10,2,56.602,0.0,-0.0,0.0,58.53360910031024,253.7598806685598,0.0,0.0
2023,3,10,3,56.602,0.0,-0.0,0.0,58.53360910031024,194.32800513712948,0.0,0.0
2023,3,10,4,56.602,0.0,-0.0,0.0,58.53360910031024,134.89612960569917,0.0,0.0
2023,3,10,5,56.602,0.0,-0.0,0.0,58.53360910031024,75.46425407426887,0.0,0.0
2023,3,10,6,56.602,0.0,-0.0,0.0,58.53360910031024,16.032378542838558,0.0,0.0
2023,3,10,7,56.602,23.476051468660312,23.476051468660312,0.0,15.790061649298584,0.0,0.0,18.63166861493374
2023,3,10,8,56.602,91.51143293913302,58.53360910031024,0.0,0.0,-0.0,32.97782383882278,0.0
2023,3,10,9,56.602,149.3933941528469,102.43325268590768,43.89964358559743,0.0,41.07432798628756,46.96014146693922,0.0
2023,3,10,10,56.602,268.22947278296317,268.22947278296317,209.69586368265294,0.0,237.2744785746381,0.0,0.0
2023,3,10,11,56.602,247.7061255139706,247.7061255139706,189.17251641366036,0.0,414.27213392041574,0.0,0.0
2023,3,10,12,56.602,196.7486476003624,196.7486476003624,138.21503850005217,0.0,543.5918586448106,0.0,0.0
2023,3,10,13,56.602,228.00401076574525,228.00401076574525,169.47040166543502,0.0,702.1553979683439,0.0,0.0
2023,3,10,14,56.602,169.47252928560633,169.47252928560633,110.9389201852961,0.0,805.9544546793738,0.0,0.0
2023,3,10,15,56.602,95.42348603806064,95.42348603806064,36.88987693775041,0.0,840.4701541465116,0.0,0.0
2023,3,10,16,56.602,52.56261420419873,52.56261420419873,0.0,5.970994896111505,834.4075273767124,0.0,0.0
2023,3,10,17,56.602,10.593899517897594,10.593899517897594,0.0,47.93970958241264,785.7321270945904,0.0,0.0
2023,3,10,18,56.602,0.0,-0.0,0.0,58.53360910031024,726.3002515631601,0.0,0.0
2023,3,10,19,56.602,0.0,-0.0,0.0,58.53360910031024,666.8683760317299,0.0,0.0
2023,3,10,20,56.602,0.0,-0.0,0.0,58.53360910031024,607.4365005002996,0.0,0.0
2023,3,10,21,56.602,0.0,-0.0,0.0,58.53360910031024,548.0046249688694,0.0,0.0
2023,3,10,22,56.602,0.0,-0.0,0.0,58.53360910031024,488.5727494374391,0.0,0.0
2023,3,10,23,56.602,0.0,-0.0,0.0,58.53360910031024,429.1408739060088,0.0,0.0
2023,3,11,0,56.602,0.0,-0.0,0.0,58.53360910031024,369.70899837457847,0.0,0.0
2023,3,11,1,56.602,0.0,-0.0,0.0,58.53360910031024,310.27712284314816,0.0,0.0
2023,3,11,2,56.602,0.0,-0.0,0.0,58.53360910031024,250.84524731171786,0.0,0.0
2023,3,11,3,56.602,0.0,-0.0,0.0,58.53360910031024,191.41337178028755,0.0,0.0
2023,3,11,4,56.602,0.0,-0.0,0.0,58.53360910031024,131.98149624885724,0.0,0.0
2023,3,11,5,56.602,0.0,-0.0,0.0,58.53360910031024,72.54962071742693,0.0,0.0
2023,3,11,6,56.602,0.5412668886875092,0.5412668886875092,0.0,29.235877739315207,42.865084370497875,0.0,27.80750114472137
2023,3,11,7,56.602,16.316397037607604,16.316397037607604,0.0,42.21721206270263,0.0,0.0,0.0
2023,3,11,8,56.602,48.51991047696716,48.51991047696716,0.0,-0.0,0.0,0.0,9.683246568772752
2023,3,11,9,56.602,131.2142924431354,108.37598983618729,49.84238073587704,0.0,46.634599435210276,22.83830260694812,0.0
2023,3,11,10,56.602,196.43881896752748,196.43881896752748,137.90520986721725,0.0,175.6644356355721,0.0,0.0
2023,3,11,11,56.602,243.37225752937613,243.37225752937613,184.8386484290659,0.0,348.6071442777071,0.0,0.0
2023,3,11,12,56.602,216.05134471348728,216.05134471348728,157.51773561317705,0.0,495.9872733126411,0.0,0.0
2023,3,11,13,56.602,262.1822151300407,262.1822151300407,203.64860602973044,0.0,686.5293587331182,0.0,0.0
2023,3,11,14,56.602,192.87019037728427,192.87019037728427,134.33658127697402,0.0,812.2202379578707,0.0,0.0
2023,3,11,15,56.602,88.7267081187131,88.7267081187131,30.19309901840287,0.0,840.4701541465116,0.0,0.0
2023,3,11,16,56.602,39.28477749342998,39.28477749342998,0.0,19.24883160688026,820.925926791163,0.0,0.0
2023,3,11,17,56.602,5.30441550913759,5.30441550913759,0.0,53.22919359117265,766.8798692052108,0.0,0.0
2023,3,11,18,56.602,0.0,-0.0,0.0,58.53360910031024,707.4479936737805,0.0,0.0
2023,3,11,19,56.602,0.0,-0.0,0.0,58.53360910031024,648.0161181423503,0.0,0.0
2023,3,11,20,56.602,0.0,-0.0,0.0,58.53360910031024,588.58424261092,0.0,0.0
2023,3,11,21,56.602,0.0,-0.0,0.0,58.53360910031024,529.1523670794897,0.0,0.0
2023,3,11,22,56.602,0.0,-0.0,0.0,58.53360910031024,469.72049154805944,0.0,0.0
2023,3,11,23,56.602,0.0,-0.0,0.0,58.53360910031024,410.28861601662913,0.0,0.0
2023,3,12,0,56.602,0.0,-0.0,0.0,58.53360910031024,350.8567404851988,0.0,0.0
2023,3,12,1,56.602,0.0,-0.0,0.0,58.53360910031024,291.4248649537685,0.0,0.0
2023,3,12,2,56.602,0.0,-0.0,0.0,58.53360910031024,231.9929894223382,0.0,0.0
2023,3,12,3,56.602,0.0,-0.0,0.0,58.53360910031024,172.5611138909079,0.0,0.0
2023,3,12,4,56.602,0.0,-0.0,0.0,58.53360910031024,113.1292383594776,0.0,0.0
2023,3,12,5,56.602,0.0,-0.0,0.0,58.53360910031024,53.69736282804729,0.0,0.0
2023,3,12,6,56.602,0.04852737622715599,0.04852737622715599,0.0,52.885769082489,0.0,0.0,5.41453532442148
2023,3,12,7,56.602,54.16028474460049,54.16028474460049,0.0,-0.0,0.0,0.0,4.229004651971326
2023,3,12,8,56.602,131.1321691910587,131.1321691910587,72.59856009074845,0.0,67.92622502014846,0.0,0.0
2023,3,12,9,56.602,154.00349489442675,154.00349489442675,95.46988579411652,0.0,157.2518113264454,0.0,0.0
2023,3,12,10,56.602,184.7362555465941,184.7362555465941,126.20264644628385,0.0,275.3322436371262,0.0,0.0
2023,3,12,11,56.602,171.34269970789902,171.34269970789902,112.80909060758877,0.0,380.88110939081326,0.0,0.0
2023,3,12,12,56.602,145.89942306449169,145.89942306449169,87.36581396418146,0.0,462.6241898455958,0.0,0.0
2023,3,12,13,56.602,160.94664257000446,160.94664257000446,102.41303346969421,0.0,558.4460731964881,0.0,0.0
2023,3,12,14,56.602,81.85821794502334,81.85821794502334,23.324608844713104,0.0,580.2695449969272,0.0,0.0
2023,3,12,15,56.602,66.54969718290285,66.54969718290285,8.01608808259261,0.0,587.7697296038792,0.0,0.0
2023,3,12,16,56.602,46.42203467391631,46.42203467391631,0.0,12.111574426393927,575.4722889563097,0.0,0.0
2023,3,12,17,56.602,10.836536399033374,10.836536399033374,0.0,47.69707270127686,527.0432491009689,0.0,0.0
2023,3,12,18,56.602,0.0,-0.0,0.0,58.53360910031024,467.61137356953856,0.0,0.0
2023,3,12,19,56.602,0.0,-0.0,0.0,58.53360910031024,408.17949803810825,0.0,0.0
2023,3,12,20,56.602,0.0,-0.0,0.0,58.53360910031024,348.74762250667794,0.0,0.0
2023,3,12,21,56.602,0.0,-0.0,0.0,58.53360910031024,289.31574697524763,0.0,0.0
2023,3,12,22,56.602,0.0,-0.0,0.0,58.53360910031024,229.88387144381733,0.0,0.0
2023,3,12,23,56.602,0.0,-0.0,0.0,58.53360910031024,170.45199591238702,0.0,0.0
2023,3,13,0,56.602,0.0,-0.0,0.0,58.53360910031024,111.02012038095671,0.0,0.0
2023,3,13,1,56.602,0.0,-0.0,0.0,50.80852877672261,59.43187553143031,0.0,7.470152672909234
2023,3,13,2,56.602,0.0,-0.0,0.0,58.53360910031024,0.0,0.0,0.0
2023,3,13,3,56.602,0.0,-0.0,0.0,-0.0,0.0,0.0,56.602
2023,3,13,4,56.602,0.0,-0.0,0.0,-0.0,0.0,0.0,56.602
2023,3,13,5,56.602,0.0,-0.0,0.0,0.0,-0.0,0.0,56.602
2023,3,13,6,56.602,7.906229449932031,7.906229449932031,0.0,-0.0,0.0,0.0,48.95667612191572
2023,3,13,7,56.602,97.37577971243009,58.53360910031024,0.0,0.0,0.0,38.84217061211985,0.0
2023,3,13,8,56.602,199.76107780154044,58.53360910031024,0.0,0.0,0.0,141.2274687012302,0.0
2023,3,13,9,56.602,272.2348477592507,58.53360910031024,0.0,0.0,0.0,213.7012386589405,0.0
2023,3,13,10,56.602,319.0600329433619,58.53360910031024,0.0,0.0,0.0,260.52642384305165,0.0
2023,3,13,11,56.602,346.044987000755,58.53360910031024,0.0,0.0,-0.0,287.51137790044476,0.0
2023,3,13,12,56.602,348.3631024343753,233.40286896123632,174.8692598609261,0.0,163.61493505618125,114.960233473139,0.0
2023,3,13,13,56.602,325.771742363087,325.771742363087,267.2381332627768,0.0,413.6540205598212,0.0,0.0
2023,3,13,14,56.602,278.8718996770879,278.8718996770879,220.3382905767777,0.0,619.811667317065,0.0,0.0
2023,3,13,15,56.602,206.88713635674358,206.88713635674358,148.35352725643335,0.0,758.617382779697,0.0,0.0
2023,3,13,16,56.602,110.78799992659714,110.78799992659714,52.2543908262869,0.0,807.508758932617,0.0,0.0
2023,3,13,17,56.602,16.56276679383778,16.56276679383778,0.0,41.970842306472456,764.8938251493123,0.0,0.0
2023,3,13,18,56.602,0.0,0.0,0.0,58.53360910031024,705.461949617882,0.0,0.0
2023,3,13,19,56.602,0.0,0.0,0.0,58.53360910031024,646.0300740864518,0.0,0.0
2023,3,13,20,56.602,0.0,0.0,0.0,58.53360910031024,586.5981985550216,0.0,0.0
2023,3,13,21,56.602,0.0,0.0,0.0,58.53360910031024,527.1663230235913,0.0,0.0
2023,3,13,22,56.602,0.0,0.0,0.0,58.53360910031024,467.734447492161,0.0,0.0
2023,3,13,23,56.602,0.0,0.0,0.0,58.53360910031024,408.3025719607307,0.0,0.0
2023,3,14,0,56.602,0.0,0.0,0.0,58.53360910031024,348.8706964293004,0.0,0.0
2023,3,14,1,56.602,0.0,0.0,0.0,58.53360910031024,289.4388208978701,0.0,0.0
2023,3,14,2,56.602,0.0,0.0,0.0,58.53360910031024,230.00694536643977,0.0,0.0
2023,3,14,3,56.602,0.0,0.0,0.0,58.53360910031024,170.57506983500946,0.0,0.0
2023,3,14,4,56.602,0.0,0.0,0.0,58.53360910031024,111.14319430357914,0.0,0.0
2023,3,14,5,56.602,0.0,0.0,0.0,58.53360910031024,51.71131877214883,0.0,0.0
2023,3,14,6,56.602,7.6038665672859045,7.6038665672859045,0.0,50.92974253302433,0.0,0.0,0.0
2023,3,14,7,56.602,89.7308515191058,58.53360910031024,0.0,0.0,0.0,31.19724241879556,0.0
2023,3,14,8,56.602,187.72255562211134,58.53360910031024,0.0,0.0,0.0,129.1889465218011,0.0
2023,3,14,9,56.602,246.84009849207055,58.53360910031024,0.0,0.0,0.0,188.30648939176032,0.0
2023,3,14,10,56.602,273.45923079021287,58.53360910031024,0.0,0.0,-0.0,214.92562168990264,0.0
2023,3,14,11,56.602,290.44754534481183,168.9434934976954,110.40988439738518,0.0,103.30406887754634,121.50405184711641,0.0
2023,3,14,12,56.602,276.65830474611073,276.65830474611073,218.1246956458005,0.0,307.3905843727229,0.0,0.0
2023,3,14,13,56.602,272.8470392747318,272.8470392747318,214.31343017442154,0.0,507.91112175901134,0.0,0.0
2023,3,14,14,56.602,232.55438550581474,232.55438550581474,174.02077640550448,0.0,670.7321804897283,0.0,0.0
2023,3,14,15,56.602,194.73662792448258,194.73662792448258,136.20301882417235,0.0,798.1693761243183,0.0,0.0
2023,3,14,16,56.602,103.74406462347072,103.74406462347072,45.21045552316048,0.0,840.4701541465116,0.0,0.0
2023,3,14,17,56.602,11.583111417912695,11.583111417912695,0.0,46.95049768239754,792.7991463735744,0.0,0.0
2023,3,14,18,56.602,0.0,-0.0,0.0,58.53360910031024,733.3672708421441,0.0,0.0
2023,3,14,19,56.602,0.0,-0.0,0.0,58.53360910031024,673.9353953107138,0.0,0.0
2023,3,14,20,56.602,0.0,-0.0,0.0,58.53360910031024,614.5035197792836,0.0,0.0
2023,3,14,21,56.602,0.0,-0.0,0.0,58.53360910031024,555.0716442478533,0.0,0.0
2023,3,14,22,56.602,0.0,-0.0,0.0,58.53360910031024,495.639768716423,0.0,0.0
2023,3,14,23,56.602,0.0,-0.0,0.0,58.53360910031024,436.2078931849927,0.0,0.0
2023,3,15,0,56.602,0.0,-0.0,0.0,58.53360910031024,376.7760176535624,0.0,0.0
2023,3,15,1,56.602,0.0,-0.0,0.0,58.53360910031024,317.3441421221321,0.0,0.0
2023,3,15,2,56.602,0.0,-0.0,0.0,58.53360910031024,257.9122665907018,0.0,0.0
2023,3,15,3,56.602,0.0,-0.0,0.0,58.53360910031024,198.48039105927148,0.0,0.0
2023,3,15,4,56.602,0.0,-0.0,0.0,58.53360910031024,139.04851552784118,0.0,0.0
2023,3,15,5,56.602,0.0,-0.0,0.0,58.53360910031024,79.61663999641087,0.0,0.0
2023,3,15,6,56.602,2.5756838151336643,2.5756838151336643,0.0,55.95792528517657,22.79997514927333,0.0,0.0
2023,3,15,7,56.602,29.202281863464716,29.202281863464716,0.0,22.45537131296779,0.0,0.0,6.649049378389765
2023,3,15,8,56.602,75.3294194049237,58.53360910031024,0.0,0.0,-0.0,16.79581030461346,0.0
2023,3,15,9,56.602,191.18666370971144,99.75838649814833,41.224777397838096,0.0,38.57161219769051,91.42827721156311,0.0
2023,3,15,10,56.602,245.86955096752746,245.86955096752746,187.33594186721723,0.0,213.85089219618808,0.0,0.0
2023,3,15,11,56.602,286.3003211149372,286.3003211149372,227.766712014627,0.0,426.9588782645851,0.0,0.0
2023,3,15,12,56.602,299.67521257816026,299.67521257816026,241.14160347785003,0.0,652.5809677258775,0.0,0.0
2023,3,15,13,56.602,138.2918236221114,138.2918236221114,79.75821452180116,0.0,727.2060624941626,0.0,0.0
2023,3,15,14,56.602,179.58862079142116,179.58862079142116,121.05501169111092,0.0,840.4701541465116,0.0,0.0
2023,3,15,15,56.602,36.996525060564856,36.996525060564856,0.0,21.53708403974538,818.6025584585957,0.0,0.0
2023,3,15,16,56.602,34.36484811901524,34.36484811901524,0.0,24.168760981294994,794.0628996802068,0.0,0.0
2023,3,15,17,56.602,7.055133928409602,7.055133928409602,0.0,51.478475171900634,741.7944273274912,0.0,0.0
2023,3,15,18,56.602,0.0,-0.0,0.0,58.53360910031024,682.3625517960609,0.0,0.0
2023,3,15,19,56.602,0.0,-0.0,0.0,58.53360910031024,622.9306762646306,0.0,0.0
2023,3,15,20,56.602,0.0,-0.0,0.0,58.53360910031024,563.4988007332004,0.0,0.0
2023,3,15,21,56.602,0.0,-0.0,0.0,58.53360910031024,504.06692520177006,0.0,0.0
2023,3,15,22,56.602,0.0,-0.0,0.0,58.53360910031024,444.63504967033975,0.0,0.0
2023,3,15,23,56.602,0.0,-0.0,0.0,58.53360910031024,385.20317413890945,0.0,0.0
2023,3,16,0,56.602,0.0,-0.0,0.0,58.53360910031024,325.77129860747914,0.0,0.0
2023,3,16,1,56.602,0.0,-0.0,0.0,58.53360910031024,266.33942307604883,0.0,0.0
2023,3,16,2,56.602,0.0,-0.0,0.0,58.53360910031024,206.90754754461852,0.0,0.0
2023,3,16,3,56.602,0.0,-0.0,0.0,58.53360910031024,147.47567201318822,0.0,0.0
2023,3,16,4,56.602,0.0,-0.0,0.0,58.53360910031024,88.04379648175791,0.0,0.0
2023,3,16,5,56.602,0.0,-0.0,0.0,58.53360910031024,28.6119209503276,0.0,0.0
2023,3,16,6,56.602,8.354174461259625,8.354174461259625,0.0,28.179474087600898,0.0,0.0,21.273961853251873
2023,3,16,7,56.602,101.20570955928103,58.53360910031024,0.0,0.0,0.0,42.672100458970796,0.0
2023,3,16,8,56.602,210.38857319528765,58.53360910031024,0.0,0.0,0.0,151.85496409497742,0.0
2023,3,16,9,56.602,294.3707970690227,58.53360910031024,0.0,0.0,0.0,235.83718796871244,0.0
2023,3,16,10,56.602,332.45732165715134,58.53360910031024,0.0,0.0,0.0,273.9237125568411,0.0
2023,3,16,11,56.602,363.0482330557316,58.53360910031024,0.0,0.0,-0.0,304.51462395542137,0.0
2023,3,16,12,56.602,359.3489538371845,182.88337699935767,124.34976789904742,0.0,116.34680226378646,176.46557683782686,0.0
2023,3,16,13,56.602,340.0163937233045,340.0163937233045,281.48278462299425,0.0,379.71377460730605,0.0,0.0
2023,3,16,14,56.602,297.90582978341627,297.90582978341627,239.37222068310604,0.0,603.6803561120724,0.0,0.0
2023,3,16,15,56.602,213.56524990061914,213.56524990061914,155.03164080030888,0.0,748.734391689103,0.0,0.0
2023,3,16,16,56.602,118.79874987917226,118.79874987917226,60.265140778862026,0.0,805.1209578730453,0.0,0.0
2023,3,16,17,56.602,16.90619130252227,16.90619130252227,0.0,41.62741779778797,762.8547188476464,0.0,0.0
2023,3,16,18,56.602,0.0,0.0,0.0,58.53360910031024,703.4228433162161,0.0,0.0
2023,3,16,19,56.602,0.0,0.0,0.0,58.53360910031024,643.9909677847859,0.0,0.0
2023,3,16,20,56.602,0.0,0.0,0.0,58.53360910031024,584.5590922533556,0.0,0.0
2023,3,16,21,56.602,0.0,0.0,0.0,58.53360910031024,525.1272167219254,0.0,0.0
2023,3,16,22,56.602,0.0,0.0,0.0,58.53360910031024,465.69534119049507,0.0,0.0
2023,3,16,23,56.602,0.0,0.0,0.0,58.53360910031024,406.26346565906476,0.0,0.0
2023,3,17,0,56.602,0.0,0.0,0.0,58.53360910031024,346.83159012763446,0.0,0.0
2023,3,17,1,56.602,0.0,0.0,0.0,58.53360910031024,287.39971459620415,0.0,0.0
2023,3,17,2,56.602,0.0,0.0,0.0,58.53360910031024,227.96783906477384,0.0,0.0
2023,3,17,3,56.602,0.0,0.0,0.0,58.53360910031024,168.53596353334353,0.0,0.0
2023,3,17,4,56.602,0.0,0.0,0.0,58.53360910031024,109.10408800191323,0.0,0.0
2023,3,17,5,56.602,0.0,0.0,0.0,58.53360910031024,49.67221247048292,0.0,0.0
2023,3,17,6,56.602,9.612153368071283,9.612153368071283,0.0,48.92145573223895,0.0,0.0,0.0
2023,3,17,7,56.602,104.292797262347,58.53360910031024,0.0,0.0,0.0,45.75918816203676,0.0
2023,3,17,8,56.602,209.94062818396,58.53360910031024,0.0,0.0,0.0,151.40701908364977,0.0
2023,3,17,9,56.602,295.4197349705481,58.53360910031024,0.0,0.0,0.0,236.8861258702379,0.0
2023,3,17,10,56.602,351.98399127594,58.53360910031024,0.0,0.0,0.0,293.4503821756298,0.0
2023,3,17,11,56.602,378.6740482008758,58.53360910031024,0.0,0.0,-0.0,320.1404391005656,0.0
2023,3,17,12,56.602,377.50939117142406,167.35058599275675,108.8169768924465,0.0,101.81367852432862,210.1588051786673,0.0
2023,3,17,13,56.602,349.8525195970396,349.8525195970396,291.31891049672936,0.0,374.38373834769175,0.0,0.0
2023,3,17,14,56.602,296.43880987131837,296.43880987131837,237.9052007710081,0.0,596.9777151543259,0.0,0.0
2023,3,17,15,56.602,218.13802189125502,218.13802189125502,159.6044127909448,0.0,746.3102259354582,0.0,0.0
2023,3,17,16,56.602,117.39145596858474,117.39145596858474,58.8578468682745,0.0,801.3800695463832,0.0,0.0
2023,3,17,17,56.602,20.299374763328792,20.299374763328792,0.0,38.234234336981444,762.5590863355089,0.0,0.0
2023,3,17,18,56.602,0.0,0.0,0.0,58.53360910031024,703.1272108040787,0.0,0.0
2023,3,17,19,56.602,0.0,0.0,0.0,58.53360910031024,643.6953352726484,0.0,0.0
2023,3,17,20,56.602,0.0,0.0,0.0,58.53360910031024,584.2634597412182,0.0,0.0
2023,3,17,21,56.602,0.0,0.0,0.0,58.53360910031024,524.8315842097879,0.0,0.0
2023,3,17,22,56.602,0.0,0.0,0.0,58.53360910031024,465.3997086783576,0.0,0.0
2023,3,17,23,56.602,0.0,0.0,0.0,58.53360910031024,405.9678331469273,0.0,0.0
2023,3,18,0,56.602,0.0,0.0,0.0,58.53360910031024,346.535957615497,0.0,0.0
2023,3,18,1,56.602,0.0,0.0,0.0,58.53360910031024,287.1040820840667,0.0,0.0
2023,3,18,2,56.602,0.0,0.0,0.0,58.53360910031024,227.67220655263642,0.0,0.0
2023,3,18,3,56.602,0.0,0.0,0.0,58.53360910031024,168.24033102120612,0.0,0.0
2023,3,18,4,56.602,0.0,0.0,0.0,58.53360910031024,108.80845548977581,0.0,0.0
2023,3,18,5,56.602,0.0,0.0,0.0,58.53360910031024,49.376579958345495,0.0,0.0
2023,3,18,6,56.602,9.90331762543422,9.90331762543422,0.0,48.63029147487602,0.0,0.0,0.0
2023,3,18,7,56.602,103.97177000422892,58.53360910031024,0.0,0.0,0.0,45.43816090391868,0.0
2023,3,18,8,56.602,205.53583557257204,58.53360910031024,0.0,0.0,0.0,147.0022264722618,0.0
2023,3,18,9,56.602,280.1709402099379,58.53360910031024,0.0,0.0,0.0,221.63733110962767,0.0
2023,3,18,10,56.602,328.0935906718017,58.53360910031024,0.0,0.0,0.0,269.55998157149145,0.0
2023,3,18,11,56.602,350.4833754879926,58.53360910031024,0.0,0.0,-0.0,291.94976638768236,0.0
2023,3,18,12,56.602,349.2552595819361,230.77947807069665,172.24586897038643,0.0,161.1603816914333,118.47578151123946,0.0
2023,3,18,13,56.602,325.6634889853495,325.6634889853495,267.12987988503926,0.0,411.09818084330266,0.0,0.0
2023,3,18,14,56.602,278.562071044253,278.562071044253,220.02846194394274,0.0,616.9659390765135,0.0,0.0
2023,3,18,15,56.602,205.52836982238324,205.52836982238324,146.994760722073,0.0,754.5003361927837,0.0,0.0
2023,3,18,16,56.602,110.20567141187126,110.20567141187126,51.67206231156103,0.0,802.8468616258344,0.0,0.0
2023,3,18,17,56.602,18.951806854251615,18.951806854251615,0.0,39.58180224605862,762.6576305062215,0.0,0.0
2023,3,18,18,56.602,0.0,0.0,0.0,58.53360910031024,703.2257549747912,0.0,0.0
2023,3,18,19,56.602,0.0,0.0,0.0,58.53360910031024,643.793879443361,0.0,0.0
2023,3,18,20,56.602,0.0,0.0,0.0,58.53360910031024,584.3620039119307,0.0,0.0
2023,3,18,21,56.602,0.0,0.0,0.0,58.53360910031024,524.9301283805005,0.0,0.0
2023,3,18,22,56.602,0.0,0.0,0.0,58.53360910031024,465.4982528490702,0.0,0.0
2023,3,18,23,56.602,0.0,0.0,0.0,58.53360910031024,406.0663773176399,0.0,0.0
2023,3,19,0,56.602,0.0,0.0,0.0,58.53360910031024,346.63450178620957,0.0,0.0
2023,3,19,1,56.602,0.0,0.0,0.0,58.53360910031024,287.20262625477926,0.0,0.0
2023,3,19,2,56.602,0.0,0.0,0.0,58.53360910031024,227.77075072334893,0.0,0.0
2023,3,19,3,56.602,0.0,0.0,0.0,58.53360910031024,168.33887519191862,0.0,0.0
2023,3,19,4,56.602,0.0,0.0,0.0,58.53360910031024,108.90699966048831,0.0,0.0
2023,3,19,5,56.602,0.0,0.0,0.0,58.53360910031024,49.47512412905801,0.0,0.0
2023,3,19,6,56.602,9.80626287297987,9.80626287297987,0.0,48.727346227330365,0.0,0.0,0.0
2023,3,19,7,56.602,99.36913501283789,58.53360910031024,0.0,0.0,0.0,40.83552591252765,0.0
2023,3,19,8,56.602,195.46827144298436,58.53360910031024,0.0,0.0,0.0,136.93466234267413,0.0
2023,3,19,9,56.602,271.5144028660322,58.53360910031024,0.0,0.0,0.0,212.98079376572196,0.0
2023,3,19,10,56.602,318.97790969128516,58.53360910031024,0.0,0.0,0.0,260.44430059097493,0.0
2023,3,19,11,56.602,344.3838575837485,58.53360910031024,0.0,0.0,-0.0,285.8502484834383,0.0
2023,3,19,12,56.602,345.4925214867843,306.4530186049067,247.91940950459647,0.0,231.9636859990227,39.03950288187764,0.0
2023,3,19,13,56.602,321.2549634988671,321.2549634988671,262.72135439855685,0.0,477.77668579085594,0.0,0.0
2023,3,19,14,56.602,271.2531016094244,271.2531016094244,212.71949250911413,0.0,676.8058689631431,0.0,0.0
2023,3,19,15,56.602,195.94981233016148,195.94981233016148,137.41620322985122,0.0,805.3781702641274,0.0,0.0
2023,3,19,16,56.602,96.03941042863607,96.03941042863607,37.50580132832584,0.0,840.4701541465116,0.0,0.0
2023,3,19,17,56.602,16.159616283642947,16.159616283642947,0.0,42.37399281666729,797.445883038709,0.0,0.0
2023,3,19,18,56.602,0.0,-0.0,0.0,58.53360910031024,738.0140075072786,0.0,0.0
2023,3,19,19,56.602,0.0,-0.0,0.0,58.53360910031024,678.5821319758484,0.0,0.0
2023,3,19,20,56.602,0.0,-0.0,0.0,58.53360910031024,619.1502564444181,0.0,0.0
2023,3,19,21,56.602,0.0,-0.0,0.0,58.53360910031024,559.7183809129879,0.0,0.0
2023,3,19,22,56.602,0.0,-0.0,0.0,58.53360910031024,500.28650538155756,0.0,0.0
2023,3,19,23,56.602,0.0,-0.0,0.0,58.53360910031024,440.85462985012725,0.0,0.0
2023,3,20,0,56.602,0.0,-0.0,0.0,58.53360910031024,381.42275431869695,0.0,0.0
2023,3,20,1,56.602,0.0,-0.0,0.0,58.53360910031024,321.99087878726664,0.0,0.0
2023,3,20,2,56.602,0.0,-0.0,0.0,58.53360910031024,262.55900325583633,0.0,0.0
2023,3,20,3,56.602,0.0,-0.0,0.0,58.53360910031024,203.12712772440602,0.0,0.0
2023,3,20,4,56.602,0.0,-0.0,0.0,58.53360910031024,143.69525219297572,0.0,0.0
2023,3,20,5,56.602,0.0,-0.0,0.0,58.53360910031024,84.26337666154541,0.0,0.0
2023,3,20,6,56.602,6.364552035946228,6.364552035946228,0.0,52.169057064364004,31.29372463260654,0.0,0.0
2023,3,20,7,56.602,51.96908706418968,51.96908706418968,0.0,6.5645220361205565,24.628462357296396,0.0,0.0
2023,3,20,8,56.602,150.59537993324264,150.59537993324264,92.06177083293241,0.0,110.76527489923008,0.0,0.0
2023,3,20,9,56.602,195.47200431807872,195.47200431807872,136.9383952177685,0.0,238.89051919929602,0.0,0.0
2023,3,20,10,56.602,216.20439259235758,216.20439259235758,157.67078349204735,0.0,386.41384617983675,0.0,0.0
2023,3,20,11,56.602,166.76619484216877,166.76619484216877,108.23258574185854,0.0,487.6807440966023,0.0,0.0
2023,3,20,12,56.602,116.80166170367005,116.80166170367005,58.26805260335981,0.0,542.1987517220186,0.0,0.0
2023,3,20,13,56.602,89.74578301948341,89.74578301948341,31.212173919173175,0.0,571.4021566704308,0.0,0.0
2023,3,20,14,56.602,104.62502314574832,104.62502314574832,46.09141404543808,0.0,614.5271960380675,0.0,0.0
2023,3,20,15,56.602,103.31478398761507,103.31478398761507,44.781174887304836,0.0,656.4263212859981,0.0,0.0
2023,3,20,16,56.602,47.945047712430124,47.945047712430124,0.0,10.588561387880112,645.6752660865321,0.0,0.0
2023,3,20,17,56.602,4.796744496299651,4.796744496299651,0.0,53.736864604010584,591.1137466845455,0.0,0.0
2023,3,20,18,56.602,0.0,-0.0,0.0,58.53360910031024,531.6818711531153,0.0,0.0
2023,3,20,19,56.602,0.0,-0.0,0.0,58.53360910031024,472.24999562168495,0.0,0.0
2023,3,20,20,56.602,0.0,-0.0,0.0,58.53360910031024,412.81812009025464,0.0,0.0
2023,3,20,21,56.602,0.0,-0.0,0.0,58.53360910031024,353.38624455882433,0.0,0.0
2023,3,20,22,56.602,0.0,-0.0,0.0,58.53360910031024,293.954369027394,0.0,0.0
2023,3,20,23,56.602,0.0,-0.0,0.0,58.53360910031024,234.52249349596372,0.0,0.0
2023,3,21,0,56.602,0.0,-0.0,0.0,58.53360910031024,175.0906179645334,0.0,0.0
2023,3,21,1,56.602,0.0,-0.0,0.0,58.53360910031024,115.6587424331031,0.0,0.0
2023,3,21,2,56.602,0.0,-0.0,0.0,58.53360910031024,56.22686690167279,0.0,0.0
2023,3,21,3,56.602,0.0,-0.0,0.0,55.377041675509126,0.0,0.0,3.0524006997826736
2023,3,21,4,56.602,0.0,-0.0,0.0,-0.0,0.0,0.0,56.602
2023,3,21,5,56.602,0.0,-0.0,0.0,-0.0,0.0,0.0,56.602
2023,3,21,6,56.602,2.6727385675879765,2.6727385675879765,0.0,-0.0,0.0,0.0,54.017461805142425
2023,3,21,7,56.602,38.825633856819195,38.825633856819195,0.0,-0.0,0.0,0.0,19.057612060455835
2023,3,21,8,56.602,135.00316066394797,135.00316066394797,76.46955156363772,0.0,71.54808525415137,0.0,0.0
2023,3,21,9,56.602,166.67287296480887,166.67287296480887,108.13926386449864,0.0,172.7276673504251,0.0,0.0
2023,3,21,10,56.602,215.6145983274429,215.6145983274429,157.08098922713265,0.0,319.69915834545714,0.0,0.0
2023,3,21,11,56.602,190.18252030931876,190.18252030931876,131.64891120900853,0.0,442.8753419400437,0.0,0.0
2023,3,21,12,56.602,133.62199687902122,133.62199687902122,75.088387778711,0.0,513.1311530509154,0.0,0.0
2023,3,21,13,56.602,184.88183767527556,184.88183767527556,126.34822857496532,0.0,631.3477980415635,0.0,0.0
2023,3,21,14,56.602,168.11749562634034,168.11749562634034,109.58388652603011,0.0,733.8790290390514,0.0,0.0
2023,3,21,15,56.602,72.07808519770424,72.07808519770424,13.544476097394003,0.0,746.551802851942,0.0,0.0
2023,3,21,16,56.602,41.7970024319589,41.7970024319589,0.0,16.736606668351335,729.5583534538818,0.0,0.0
2023,3,21,17,56.602,6.943147675577704,6.943147675577704,0.0,51.59046142473253,677.1761762888058,0.0,0.0
2023,3,21,18,56.602,0.0,-0.0,0.0,58.53360910031024,617.7443007573754,0.0,0.0
2023,3,21,19,56.602,0.0,-0.0,0.0,58.53360910031024,558.3124252259452,0.0,0.0
2023,3,21,20,56.602,0.0,-0.0,0.0,58.53360910031024,498.88054969451485,0.0,0.0
2023,3,21,21,56.602,0.0,-0.0,0.0,58.53360910031024,439.44867416308455,0.0,0.0
2023,3,21,22,56.602,0.0,-0.0,0.0,58.53360910031024,380.01679863165424,0.0,0.0
2023,3,21,23,56.602,0.0,-0.0,0.0,58.53360910031024,320.58492310022393,0.0,0.0
2023,3,22,0,56.602,0.0,-0.0,0.0,58.53360910031024,261.1530475687936,0.0,0.0
2023,3,22,1,56.602,0.0,-0.0,0.0,58.53360910031024,201.72117203736332,0.0,0.0
2023,3,22,2,56.602,0.0,-0.0,0.0,58.53360910031024,142.289296505933,0.0,0.0
2023,3,22,3,56.602,0.0,-0.0,0.0,58.53360910031024,82.8574209745027,0.0,0.0
2023,3,22,4,56.602,0.0,-0.0,0.0,58.53360910031024,23.425545443072394,0.0,0.0
2023,3,22,5,56.602,0.0,-0.0,0.0,0.0,23.425545443072394,0.0,56.602
2023,3,22,6,56.602,10.683488520163111,10.683488520163111,0.0,23.071486599833445,0.0,0.0,23.960939058963326
2023,3,22,7,56.602,73.42938598187581,58.53360910031024,0.0,0.0,0.0,14.895776881565574,0.0
2023,3,22,8,56.602,171.0403368252529,58.53360910031024,0.0,0.0,0.0,112.50672772494266,0.0
2023,3,22,9,56.602,256.3999916088203,58.53360910031024,0.0,0.0,-0.0,197.86638250851007,0.0
2023,3,22,10,56.602,257.63184038997116,84.61537715415264,26.0817680538424,0.0,24.4031843542636,173.01646323581852,0.0
2023,3,22,11,56.602,305.55449085183494,305.55449085183494,247.0208817515247,0.0,255.52617050654402,0.0,0.0
2023,3,22,12,56.602,265.9934806014196,265.9934806014196,207.45987150110935,0.0,449.63423403590923,0.0,0.0
2023,3,22,13,56.602,253.66379416462755,253.66379416462755,195.13018506431732,0.0,632.2061313618881,0.0,0.0
2023,3,22,14,56.602,164.4070177825101,164.4070177825101,105.87340868219988,0.0,731.2656853366191,0.0,0.0
2023,3,22,15,56.602,134.1931267684639,134.1931267684639,75.65951766815367,0.0,802.055869268901,0.0,0.0
2023,3,22,16,56.602,66.74753956290587,66.74753956290587,8.213930462595634,0.0,809.7411634152959,0.0,0.0
2023,3,22,17,56.602,10.728283021295836,10.728283021295836,0.0,47.8053260790144,761.2022089080065,0.0,0.0
2023,3,22,18,56.602,0.0,0.0,0.0,58.53360910031024,701.7703333765762,0.0,0.0
2023,3,22,19,56.602,0.0,0.0,0.0,58.53360910031024,642.338457845146,0.0,0.0
2023,3,22,20,56.602,0.0,0.0,0.0,58.53360910031024,582.9065823137157,0.0,0.0
2023,3,22,21,56.602,0.0,0.0,0.0,58.53360910031024,523.4747067822855,0.0,0.0
2023,3,22,22,56.602,0.0,0.0,0.0,58.53360910031024,464.0428312508551,0.0,0.0
2023,3,22,23,56.602,0.0,0.0,0.0,58.53360910031024,404.6109557194248,0.0,0.0
2023,3,23,0,56.602,0.0,0.0,0.0,58.53360910031024,345.1790801879945,0.0,0.0
2023,3,23,1,56.602,0.0,0.0,0.0,58.53360910031024,285.7472046565642,0.0,0.0
2023,3,23,2,56.602,0.0,0.0,0.0,58.53360910031024,226.31532912513387,0.0,0.0
2023,3,23,3,56.602,0.0,0.0,0.0,58.53360910031024,166.88345359370356,0.0,0.0
2023,3,23,4,56.602,0.0,0.0,0.0,58.53360910031024,107.45157806227326,0.0,0.0
2023,3,23,5,56.602,0.0,0.0,0.0,58.53360910031024,48.01970253084294,0.0,0.0
2023,3,23,6,56.602,11.23968690922817,11.23968690922817,0.0,47.29392219108207,0.0,0.0,0.0
2023,3,23,7,56.602,97.88345072526805,58.53360910031024,0.0,0.0,0.0,39.34984162495781,0.0
2023,3,23,8,56.602,190.67899269687348,58.53360910031024,0.0,0.0,0.0,132.14538359656325,0.0
2023,3,23,9,56.602,268.2891987844735,58.53360910031024,0.0,0.0,0.0,209.75558968416328,0.0
2023,3,23,10,56.602,308.83942093490396,58.53360910031024,0.0,0.0,-0.0,250.30581183459373,0.0
2023,3,23,11,56.602,325.9957148687508,210.2728800308317,151.73927093052146,0.0,141.9735577225773,115.7228348379191,0.0
2023,3,23,12,56.602,320.6875664845188,320.6875664845188,262.1539573842086,0.0,387.25567732582,0.0,0.0
2023,3,23,13,56.602,275.32193546231673,275.32193546231673,216.7883263620065,0.0,590.0918302715529,0.0,0.0
2023,3,23,14,56.602,216.19319396707436,216.19319396707436,157.65958486676413,0.0,737.6046793536345,0.0,0.0
2023,3,23,15,56.602,125.86134955777068,125.86134955777068,67.32774045746044,0.0,800.5993068324019,0.0,0.0
2023,3,23,16,56.602,65.30664977646877,65.30664977646877,6.773040676158538,0.0,806.9364447104023,0.0,0.0
2023,3,23,17,56.602,15.573554893822678,15.573554893822678,0.0,42.96005420648756,763.3171184179128,0.0,0.0
2023,3,23,18,56.602,0.0,0.0,0.0,58.53360910031024,703.8852428864825,0.0,0.0
2023,3,23,19,56.602,0.0,0.0,0.0,58.53360910031024,644.4533673550523,0.0,0.0
2023,3,23,20,56.602,0.0,0.0,0.0,58.53360910031024,585.021491823622,0.0,0.0
2023,3,23,21,56.602,0.0,0.0,0.0,58.53360910031024,525.5896162921916,0.0,0.0
2023,3,23,22,56.602,0.0,0.0,0.0,58.53360910031024,466.1577407607613,0.0,0.0
2023,3,23,23,56.602,0.0,0.0,0.0,58.53360910031024,406.725865229331,0.0,0.0
2023,3,24,0,56.602,0.0,0.0,0.0,58.53360910031024,347.2939896979007,0.0,0.0
2023,3,24,1,56.602,0.0,0.0,0.0,58.53360910031024,287.8621141664704,0.0,0.0
2023,3,24,2,56.602,0.0,0.0,0.0,58.53360910031024,228.4302386350401,0.0,0.0
2023,3,24,3,56.602,0.0,0.0,0.0,58.53360910031024,168.9983631036098,0.0,0.0
2023,3,24,4,56.602,0.0,0.0,0.0,58.53360910031024,109.56648757217948,0.0,0.0
2023,3,24,5,56.602,0.0,0.0,0.0,58.53360910031024,50.13461204074917,0.0,0.0
2023,3,24,6,56.602,9.156742606554896,9.156742606554896,0.0,49.37686649375534,0.0,0.0,0.0
2023,3,24,7,56.602,83.72838836731607,58.53360910031024,0.0,0.0,0.0,25.194779267005835,0.0
2023,3,24,8,56.602,192.6611493719981,58.53360910031024,0.0,0.0,0.0,134.12754027168788,0.0
2023,3,24,9,56.602,276.62844174535553,58.53360910031024,0.0,0.0,0.0,218.0948326450453,0.0
2023,3,24,10,56.602,319.4333204528015,58.53360910031024,0.0,0.0,0.0,260.8997113524913,0.0
2023,3,24,11,56.602,344.13002207732956,58.53360910031024,0.0,0.0,-0.0,285.5964129770193,0.0
2023,3,24,12,56.602,344.4547822105421,255.7171778714138,197.18356877110355,0.0,184.49312831934176,88.73760433912827,0.0
2023,3,24,13,56.602,321.0720526192417,321.0720526192417,262.53844351893144,0.0,430.134989103011,0.0,0.0
2023,3,24,14,56.602,271.3314919864068,271.3314919864068,212.79788288609655,0.0,629.2375175645114,0.0,0.0
2023,3,24,15,56.602,198.9249137803956,198.9249137803956,140.39130468008534,0.0,760.5934472227767,0.0,0.0
2023,3,24,16,56.602,107.21190558616514,107.21190558616514,48.67829648585491,0.0,806.1388811344481,0.0,0.0
2023,3,24,17,56.602,18.929409603685233,18.929409603685233,0.0,39.60419949662501,765.926909052363,0.0,0.0
2023,3,24,18,56.602,0.0,0.0,0.0,58.53360910031024,706.4950335209328,0.0,0.0
2023,3,24,19,56.602,0.0,0.0,0.0,58.53360910031024,647.0631579895025,0.0,0.0
2023,3,24,20,56.602,0.0,0.0,0.0,58.53360910031024,587.6312824580723,0.0,0.0
2023,3,24,21,56.602,0.0,0.0,0.0,58.53360910031024,528.199406926642,0.0,0.0
2023,3,24,22,56.602,0.0,0.0,0.0,58.53360910031024,468.7675313952118,0.0,0.0
2023,3,24,23,56.602,0.0,0.0,0.0,58.53360910031024,409.3356558637815,0.0,0.0
2023,3,25,0,56.602,0.0,0.0,0.0,58.53360910031024,349.9037803323512,0.0,0.0
2023,3,25,1,56.602,0.0,0.0,0.0,58.53360910031024,290.47190480092087,0.0,0.0
2023,3,25,2,56.602,0.0,0.0,0.0,58.53360910031024,231.04002926949056,0.0,0.0
2023,3,25,3,56.602,0.0,0.0,0.0,58.53360910031024,171.60815373806025,0.0,0.0
2023,3,25,4,56.602,0.0,0.0,0.0,58.53360910031024,112.17627820662995,0.0,0.0
2023,3,25,5,56.602,0.0,0.0,0.0,58.53360910031024,52.74440267519964,0.0,0.0
2023,3,25,6,56.602,9.1530097314605,9.1530097314605,0.0,49.38059936884974,2.6060004740384435,0.0,0.0
2023,3,25,7,56.602,55.96699629028845,55.96699629028845,0.0,2.566612810021787,0.0,0.0,0.0
2023,3,25,8,56.602,124.66309665246935,58.53360910031024,0.0,0.0,0.0,66.1294875521591,0.0
2023,3,25,9,56.602,193.59810102069167,58.53360910031024,0.0,0.0,0.0,135.06449192038144,0.0
2023,3,25,10,56.602,305.1961348427729,58.53360910031024,0.0,0.0,0.0,246.66252574246266,0.0
2023,3,25,11,56.602,353.2904975589788,58.53360910031024,0.0,0.0,-0.0,294.7568884586686,0.0
2023,3,25,12,56.602,356.1162840054371,257.3171837373639,198.78357463705365,0.0,185.9901601936411,98.79910026807318,0.0
2023,3,25,13,56.602,332.0019108956349,332.0019108956349,273.4683017953247,0.0,441.85844987331853,0.0,0.0
2023,3,25,14,56.602,282.3920008911039,282.3920008911039,223.85839179079366,0.0,651.3096493795158,0.0,0.0
2023,3,25,15,56.602,206.2973420918289,206.2973420918289,147.76373299151868,0.0,789.5635288566392,0.0,0.0
2023,3,25,16,56.602,112.94186885606398,112.94186885606398,54.40825975575374,0.0,840.4701541465116,0.0,0.0
2023,3,25,17,56.602,20.116463883703357,20.116463883703357,0.0,38.417145216606876,801.4634530754485,0.0,0.0
2023,3,25,18,56.602,0.0,-0.0,0.0,58.53360910031024,742.0315775440181,0.0,0.0
2023,3,25,19,56.602,0.0,-0.0,0.0,58.53360910031024,682.5997020125878,0.0,0.0
2023,3,25,20,56.602,0.0,-0.0,0.0,58.53360910031024,623.1678264811576,0.0,0.0
2023,3,25,21,56.602,0.0,-0.0,0.0,58.53360910031024,563.7359509497273,0.0,0.0
2023,3,25,22,56.602,0.0,-0.0,0.0,58.53360910031024,504.30407541829703,0.0,0.0
2023,3,25,23,56.602,0.0,-0.0,0.0,58.53360910031024,444.8721998868667,0.0,0.0
2023,3,26,0,56.602,0.0,-0.0,0.0,58.53360910031024,385.4403243554364,0.0,0.0
2023,3,26,1,56.602,0.0,-0.0,0.0,58.53360910031024,326.0084488240061,0.0,0.0
2023,3,26,2,56.602,0.0,-0.0,0.0,58.53360910031024,266.5765732925758,0.0,0.0
2023,3,26,3,56.602,0.0,-0.0,0.0,58.53360910031024,207.1446977611455,0.0,0.0
2023,3,26,4,56.602,0.0,-0.0,0.0,58.53360910031024,147.7128222297152,0.0,0.0
2023,3,26,5,56.602,0.0,-0.0,0.0,58.53360910031024,88.28094669828488,0.0,0.0
2023,3,26,6,56.602,0.0,-0.0,0.0,40.69793189928406,46.9584576154778,0.0,17.247099853392314
2023,3,26,7,56.602,12.284891935659221,12.284891935659221,0.0,46.24871716465102,0.0,0.0,0.0
2023,3,26,8,56.602,73.65335848753962,58.53360910031024,0.0,0.0,0.0,15.119749387229383,0.0
2023,3,26,9,56.602,176.2290332064642,58.53360910031024,0.0,0.0,0.0,117.69542410615398,0.0
2023,3,26,10,56.602,283.45587029300697,58.53360910031024,0.0,0.0,0.0,224.92226119269674,0.0
2023,3,26,11,56.602,327.4179402797159,58.53360910031024,0.0,0.0,0.0,268.88433117940565,0.0
2023,3,26,12,56.602,351.3270052593262,58.53360910031024,0.0,0.0,-0.0,292.79339615901597,0.0
2023,3,26,13,56.602,350.8753273729042,223.1663836255324,164.63277452522217,0.0,154.03725465233697,127.70894374737182,0.0
2023,3,26,14,56.602,329.79204883975217,329.79204883975217,271.25843973944194,0.0,407.8379057027669,0.0,0.0
2023,3,26,15,56.602,277.8005645249961,277.8005645249961,219.26695542468585,0.0,612.9931668407639,0.0,0.0
2023,3,26,16,56.602,205.23720556502025,205.23720556502025,146.70359646471,0.0,750.2551385970995,0.0,0.0
2023,3,26,17,56.602,111.34419831566223,111.34419831566223,52.81058921535199,0.0,799.666917040151,0.0,0.0
2023,3,26,18,56.602,20.067936507476166,20.067936507476166,0.0,38.46567259283407,760.6109438837316,0.0,0.0
2023,3,26,19,56.602,0.0,0.0,0.0,58.53360910031024,701.1790683523013,0.0,0.0
2023,3,26,20,56.602,0.0,0.0,0.0,58.53360910031024,641.7471928208711,0.0,0.0
2023,3,26,21,56.602,0.0,0.0,0.0,58.53360910031024,582.3153172894408,0.0,0.0
2023,3,26,22,56.602,0.0,0.0,0.0,58.53360910031024,522.8834417580105,0.0,0.0
2023,3,26,23,56.602,0.0,0.0,0.0,58.53360910031024,463.45156622658016,0.0,0.0
2023,3,27,0,56.602,0.0,0.0,0.0,58.53360910031024,404.01969069514985,0.0,0.0
2023,3,27,1,56.602,0.0,0.0,0.0,58.53360910031024,344.58781516371954,0.0,0.0
2023,3,27,2,56.602,0.0,0.0,0.0,58.53360910031024,285.15593963228923,0.0,0.0
2023,3,27,3,56.602,0.0,0.0,0.0,58.53360910031024,225.72406410085895,0.0,0.0
2023,3,27,4,56.602,0.0,0.0,0.0,58.53360910031024,166.29218856942865,0.0,0.0
2023,3,27,5,56.602,0.0,0.0,0.0,58.53360910031024,106.86031303799834,0.0,0.0
2023,3,27,6,56.602,0.0,0.0,0.0,58.53360910031024,47.42843750656804,0.0,0.0
2023,3,27,7,56.602,11.82201542395408,11.82201542395408,0.0,46.71159367635616,0.0,0.0,0.0
2023,3,27,8,56.602,77.33397333061467,58.53360910031024,-0.0,0.0,0.0,18.80036423030443,0.0
2023,3,27,9,56.602,185.52015931641736,114.1369138241188,55.60330472380857,0.0,52.02475894579918,71.38324549229856,0.0
2023,3,27,10,56.602,191.04481445612436,191.04481445612436,132.51120535581413,0.0,176.00774072173067,0.0,0.0
2023,3,27,11,56.602,181.89927047485264,181.89927047485264,123.36566137454241,0.0,291.4337720894585,0.0,0.0
2023,3,27,12,56.602,167.66581773991837,167.66581773991837,109.13220863960812,0.0,393.54239451576575,0.0,0.0
2023,3,27,13,56.602,186.02036457906652,186.02036457906652,127.48675547875628,0.0,512.8242925164147,0.0,0.0
2023,3,27,14,56.602,186.01289882887772,186.01289882887772,127.47928972856748,0.0,632.0992052514243,0.0,0.0
2023,3,27,15,56.602,154.41784402990476,154.41784402990476,95.88423492959451,0.0,721.8124738007051,0.0,0.0
2023,3,27,16,56.602,127.47768447364442,127.47768447364442,68.94407537333417,0.0,786.3194112903918,0.0,0.0
2023,3,27,17,56.602,76.21411080229569,76.21411080229569,17.680501701985456,0.0,802.8620222674824,0.0,0.0
2023,3,27,18,56.602,16.260403911191656,16.260403911191656,0.0,42.27320518911858,759.9400854908042,0.0,0.0
2023,3,27,19,56.602,0.0,0.0,0.0,58.53360910031024,700.508209959374,0.0,0.0
2023,3,27,20,56.602,0.0,0.0,0.0,58.53360910031024,641.0763344279437,0.0,0.0
2023,3,27,21,56.602,0.0,0.0,0.0,58.53360910031024,581.6444588965135,0.0,0.0
2023,3,27,22,56.602,0.0,0.0,0.0,58.53360910031024,522.2125833650832,0.0,0.0
2023,3,27,23,56.602,0.0,0.0,0.0,58.53360910031024,462.7807078336529,0.0,0.0
2023,3,28,0,56.602,0.0,0.0,0.0,58.53360910031024,403.3488323022226,0.0,0.0
2023,3,28,1,56.602,0.0,0.0,0.0,58.53360910031024,343.9169567707923,0.0,0.0
2023,3,28,2,56.602,0.0,0.0,0.0,58.53360910031024,284.485081239362,0.0,0.0
2023,3,28,3,56.602,0.0,0.0,0.0,58.53360910031024,225.0532057079317,0.0,0.0
2023,3,28,4,56.602,0.0,0.0,0.0,58.53360910031024,165.6213301765014,0.0,0.0
2023,3,28,5,56.602,0.0,0.0,0.0,58.53360910031024,106.1894546450711,0.0,0.0
2023,3,28,6,56.602,0.0,0.0,0.0,58.53360910031024,46.75757911364078,0.0,0.0
2023,3,28,7,56.602,12.48273431566228,12.48273431566228,0.0,46.05087478464796,0.0,0.0,0.0
2023,3,28,8,56.602,94.38201388672402,58.53360910031024,0.0,0.0,0.0,35.84840478641379,0.0
2023,3,28,9,56.602,202.71751487630257,58.53360910031024,0.0,0.0,0.0,144.18390577599234,0.0
2023,3,28,10,56.602,290.61179184896525,58.53360910031024,0.0,0.0,0.0,232.07818274865502,0.0
2023,3,28,11,56.602,357.2025506579065,58.53360910031024,0.0,0.0,0.0,298.66894155759627,0.0
2023,3,28,12,56.602,383.45586119679785,58.53360910031024,0.0,0.0,-0.0,324.9222520964876,0.0
2023,3,28,13,56.602,387.58442105120054,115.1902392094741,56.656630109163856,0.0,53.01029388004088,272.39418184172644,0.0
2023,3,28,14,56.602,361.3497748877811,361.3497748877811,302.8161657874709,0.0,336.33766278800283,0.0,0.0
2023,3,28,15,56.602,306.3719904975078,306.3719904975078,247.83838139719757,0.0,568.2255355277921,0.0,0.0
2023,3,28,16,56.602,227.87336013744138,227.87336013744138,169.33975103713115,0.0,726.6668327026367,0.0,0.0
2023,3,28,17,56.602,124.3943296456728,124.3943296456728,65.86072054536255,0.0,788.2888554832718,0.0,0.0
2023,3,28,18,56.602,23.16248996073096,23.16248996073096,0.0,35.37111913957928,752.3749253084156,0.0,0.0
2023,3,28,19,56.602,0.0,0.0,0.0,58.53360910031024,692.9430497769854,0.0,0.0
2023,3,28,20,56.602,0.0,0.0,0.0,58.53360910031024,633.5111742455551,0.0,0.0
2023,3,28,21,56.602,0.0,0.0,0.0,58.53360910031024,574.0792987141249,0.0,0.0
2023,3,28,22,56.602,0.0,0.0,0.0,58.53360910031024,514.6474231826945,0.0,0.0
2023,3,28,23,56.602,0.0,0.0,0.0,58.53360910031024,455.2155476512642,0.0,0.0
2023,3,29,0,56.602,0.0,0.0,0.0,58.53360910031024,395.7836721198339,0.0,0.0
2023,3,29,1,56.602,0.0,0.0,0.0,58.53360910031024,336.3517965884036,0.0,0.0
2023,3,29,2,56.602,0.0,0.0,0.0,58.53360910031024,276.9199210569733,0.0,0.0
2023,3,29,3,56.602,0.0,0.0,0.0,58.53360910031024,217.48804552554301,0.0,0.0
2023,3,29,4,56.602,0.0,0.0,0.0,58.53360910031024,158.0561699941127,0.0,0.0
2023,3,29,5,56.602,0.0,0.0,0.0,58.53360910031024,98.6242944626824,0.0,0.0
2023,3,29,6,56.602,0.0,0.0,0.0,58.53360910031024,39.19241893125209,0.0,0.0
2023,3,29,7,56.602,19.933553004077886,19.933553004077886,0.0,38.60005609623235,0.0,0.0,0.0
2023,3,29,8,56.602,119.63864677541152,58.53360910031024,0.0,0.0,0.0,61.10503767510128,0.0
2023,3,29,9,56.602,218.03350138861188,58.53360910031024,0.0,0.0,0.0,159.49989228830165,0.0
2023,3,29,10,56.602,270.86114972451276,58.53360910031024,0.0,0.0,0.0,212.32754062420253,0.0
2023,3,29,11,56.602,317.73486228485103,58.53360910031024,0.0,0.0,-0.0,259.2012531845408,0.0
2023,3,29,12,56.602,370.9507296305692,78.18213363091506,19.64852453060482,0.0,18.383974791117794,292.7685959996541,0.0
2023,3,29,13,56.602,354.2087848322004,354.2087848322004,295.6751757318902,0.0,295.02993711504155,0.0,0.0
2023,3,29,14,56.602,296.7598371294365,296.7598371294365,238.22622802912628,0.0,517.9242803441678,0.0,0.0
2023,3,29,15,56.602,226.08904584231976,226.08904584231976,167.5554367420095,0.0,674.6960990312077,0.0,0.0
2023,3,29,16,56.602,156.76208958918585,156.76208958918585,98.22848048887562,0.0,766.6027409912444,0.0,0.0
2023,3,29,17,56.602,85.34099040809541,85.34099040809541,26.80738130778517,0.0,791.6848392124402,0.0,0.0
2023,3,29,18,56.602,20.16125838483608,20.16125838483608,0.0,38.372350715474155,752.7236200663212,0.0,0.0
2023,3,29,19,56.602,0.0,0.0,0.0,58.53360910031024,693.291744534891,0.0,0.0
2023,3,29,20,56.602,0.0,0.0,0.0,58.53360910031024,633.8598690034607,0.0,0.0
2023,3,29,21,56.602,0.0,0.0,0.0,58.53360910031024,574.4279934720305,0.0,0.0
2023,3,29,22,56.602,0.0,0.0,0.0,58.53360910031024,514.9961179406002,0.0,0.0
2023,3,29,23,56.602,0.0,0.0,0.0,58.53360910031024,455.56424240916994,0.0,0.0
2023,3,30,0,56.602,0.0,0.0,0.0,58.53360910031024,396.1323668777396,0.0,0.0
2023,3,30,1,56.602,0.0,0.0,0.0,58.53360910031024,336.7004913463093,0.0,0.0
2023,3,30,2,56.602,0.0,0.0,0.0,58.53360910031024,277.268615814879,0.0,0.0
2023,3,30,3,56.602,0.0,0.0,0.0,58.53360910031024,217.83674028344868,0.0,0.0
2023,3,30,4,56.602,0.0,0.0,0.0,58.53360910031024,158.40486475201837,0.0,0.0
2023,3,30,5,56.602,0.0,0.0,0.0,58.53360910031024,98.97298922058806,0.0,0.0
2023,3,30,6,56.602,0.0,0.0,0.0,58.53360910031024,39.54111368915775,0.0,0.0
2023,3,30,7,56.602,19.590128495393436,19.590128495393436,0.0,38.9434806049168,0.0,0.0,0.0
2023,3,30,8,56.602,111.10156143452646,58.53360910031024,0.0,0.0,0.0,52.56795233421622,0.0
2023,3,30,9,56.602,195.01659355656236,58.53360910031024,0.0,0.0,0.0,136.48298445625213,0.0
2023,3,30,10,56.602,251.1851651019482,58.53360910031024,0.0,0.0,0.0,192.65155600163797,0.0
2023,3,30,11,56.602,274.3999153140008,58.53360910031024,0.0,0.0,0.0,215.86630621369056,0.0
2023,3,30,12,56.602,342.8347144195739,58.53360910031024,0.0,0.0,-0.0,284.3011053192637,0.0
2023,3,30,13,56.602,343.68954281619074,259.23618345430634,200.7025743539961,0.0,187.78565595035715,84.4533593618844,0.0
2023,3,30,14,56.602,320.426265227911,320.426265227911,261.8926561276008,0.0,432.82329125622255,0.0,0.0
2023,3,30,15,56.602,260.0544763262346,260.0544763262346,201.52086722592435,0.0,621.3745759694849,0.0,0.0
2023,3,30,16,56.602,192.18334135991535,192.18334135991535,133.64973225960512,0.0,746.4228107554172,0.0,0.0
2023,3,30,17,56.602,105.58437204500825,105.58437204500825,47.050762944698015,0.0,790.4454567577103,0.0,0.0
2023,3,30,18,56.602,20.3628336399335,20.3628336399335,0.0,38.17077546037674,751.6889062738403,0.0,0.0
2023,3,30,19,56.602,0.0,0.0,0.0,58.53360910031024,692.25703074241,0.0,0.0
2023,3,30,20,56.602,0.0,0.0,0.0,58.53360910031024,632.8251552109798,0.0,0.0
2023,3,30,21,56.602,0.0,0.0,0.0,58.53360910031024,573.3932796795496,0.0,0.0
2023,3,30,22,56.602,0.0,0.0,0.0,58.53360910031024,513.9614041481192,0.0,0.0
2023,3,30,23,56.602,0.0,0.0,0.0,58.53360910031024,454.5295286166889,0.0,0.0
2023,3,31,0,56.602,0.0,0.0,0.0,58.53360910031024,395.09765308525857,0.0,0.0
2023,3,31,1,56.602,0.0,0.0,0.0,58.53360910031024,335.66577755382826,0.0,0.0
2023,3,31,2,56.602,0.0,0.0,0.0,58.53360910031024,276.23390202239796,0.0,0.0
2023,3,31,3,56.602,0.0,0.0,0.0,58.53360910031024,216.80202649096765,0.0,0.0
2023,3,31,4,56.602,0.0,0.0,0.0,58.53360910031024,157.37015095953734,0.0,0.0
2023,3,31,5,56.602,0.0,0.0,0.0,58.53360910031024,97.93827542810703,0.0,0.0
2023,3,31,6,56.602,0.0,0.0,0.0,58.53360910031024,38.50639989667672,0.0,0.0
2023,3,31,7,56.602,20.609203396163714,20.609203396163714,0.0,37.92440570414652,0.0,0.0,0.0
2023,3,31,8,56.602,116.88751783084122,58.53360910031024,0.0,0.0,0.0,58.35390873053098,0.0
2023,3,31,9,56.602,208.81329990545223,58.53360910031024,0.0,0.0,0.0,150.279690805142,0.0
2023,3,31,10,56.602,282.78768565110994,58.53360910031024,0.0,0.0,0.0,224.2540765507997,0.0
2023,3,31,11,56.602,327.75016616311717,58.53360910031024,0.0,0.0,0.0,269.21655706280694,0.0
2023,3,31,12,56.602,341.8268381440868,283.404305380774,224.8706962804638,0.0,210.39835358843095,58.4225327633128,0.0
2023,3,31,13,56.602,324.0098253185318,324.0098253185318,265.47621621822157,0.0,458.78891640118434,0.0,0.0
2023,3,31,14,56.602,253.13745877631766,253.13745877631766,194.60384967600743,0.0,640.868352499589,0.0,0.0
2023,3,31,15,56.602,180.54050394049224,180.54050394049224,122.00689484018201,0.0,755.0230655209551,0.0,0.0
2023,3,31,16,56.602,116.3089221912097,116.3089221912097,57.775313090899466,0.0,809.0800456141743,0.0,0.0
2023,3,31,17,56.602,56.1312427944419,56.1312427944419,0.0,2.4023663058683336,806.6408121982647,0.0,0.0
2023,3,31,18,56.602,13.606329719075664,13.606329719075664,0.0,44.92727938123457,761.0240713686414,0.0,0.0
2023,3,31,19,56.602,0.0,0.0,0.0,58.53360910031024,701.5921958372112,0.0,0.0
2023,3,31,20,56.602,0.0,0.0,0.0,58.53360910031024,642.1603203057809,0.0,0.0
2023,3,31,21,56.602,0.0,0.0,0.0,58.53360910031024,582.7284447743507,0.0,0.0
2023,3,31,22,56.602,0.0,0.0,0.0,58.53360910031024,523.2965692429204,0.0,0.0
2023,3,31,23,56.602,0.0,0.0,0.0,58.53360910031024,463.8646937114902,0.0,0.0
2023,4,1,0,56.602,0.0,0.0,0.0,58.53360910031024,404.4328181800599,0.0,0.0
2023,4,1,1,56.602,0.0,0.0,0.0,58.53360910031024,345.0009426486296,0.0,0.0
2023,4,1,2,56.602,0.0,0.0,0.0,58.53360910031024,285.56906711719927,0.0,0.0
2023,4,1,3,56.602,0.0,0.0,0.0,58.53360910031024,226.13719158576896,0.0,0.0
2023,4,1,4,56.602,0.0,0.0,0.0,58.53360910031024,166.70531605433865,0.0,0.0
2023,4,1,5,56.602,0.0,0.0,0.0,58.53360910031024,107.27344052290834,0.0,0.0
2023,4,1,6,56.602,0.0,0.0,0.0,58.53360910031024,47.84156499147804,0.0,0.0
2023,4,1,7,56.602,11.415132038664849,11.415132038664849,0.0,47.118477061645386,0.0,0.0,0.0
2023,4,1,8,56.602,64.30997212626488,58.53360910031024,0.0,0.0,0.0,5.776363025954645,0.0
2023,4,1,9,56.602,162.1112995994562,58.53360910031024,0.0,0.0,0.0,103.57769049914597,0.0
2023,4,1,10,56.602,222.83397876000598,58.53360910031024,0.0,0.0,0.0,164.30036965969575,0.0
2023,4,1,11,56.602,233.30842627488283,58.53360910031024,0.0,0.0,0.0,174.7748171745726,0.0
2023,4,1,12,56.602,322.91236004077916,58.53360910031024,0.0,0.0,-0.0,264.37875094046893,0.0
2023,4,1,13,56.602,360.31576848663326,275.0124073376542,216.47879823734402,0.0,202.54654558961448,85.30336114897904,0.0
2023,4,1,14,56.602,343.1146800516537,343.1146800516537,284.58107095134346,0.0,468.8124031734643,0.0,0.0
2023,4,1,15,56.602,289.8913469557467,289.8913469557467,231.35773785543648,0.0,685.2803020143886,0.0,0.0
2023,4,1,16,56.602,161.97691609605792,161.97691609605792,103.44330699574768,0.0,782.0661520235111,0.0,0.0
2023,4,1,17,56.602,75.77736441625129,75.77736441625129,17.24375531594105,0.0,798.2001249606997,0.0,0.0
2023,4,1,18,56.602,18.899546602930062,18.899546602930062,0.0,39.63406249738018,757.9578315953186,0.0,0.0
2023,4,1,19,56.602,0.0,0.0,0.0,58.53360910031024,698.5259560638883,0.0,0.0
2023,4,1,20,56.602,0.0,0.0,0.0,58.53360910031024,639.0940805324581,0.0,0.0
2023,4,1,21,56.602,0.0,0.0,0.0,58.53360910031024,579.6622050010278,0.0,0.0
2023,4,1,22,56.602,0.0,0.0,0.0,58.53360910031024,520.2303294695976,0.0,0.0
2023,4,1,23,56.602,0.0,0.0,0.0,58.53360910031024,460.7984539381673,0.0,0.0
2023,4,2,0,56.602,0.0,0.0,0.0,58.53360910031024,401.366578406737,0.0,0.0
2023,4,2,1,56.602,0.0,0.0,0.0,58.53360910031024,341.9347028753067,0.0,0.0
2023,4,2,2,56.602,0.0,0.0,0.0,58.53360910031024,282.5028273438764,0.0,0.0
2023,4,2,3,56.602,0.0,0.0,0.0,58.53360910031024,223.07095181244608,0.0,0.0
2023,4,2,4,56.602,0.0,0.0,0.0,58.53360910031024,163.63907628101578,0.0,0.0
2023,4,2,5,56.602,0.0,0.0,0.0,58.53360910031024,104.20720074958547,0.0,0.0
2023,4,2,6,56.602,0.0,0.0,0.0,58.53360910031024,44.77532521815515,0.0,0.0
2023,4,2,7,56.602,14.435027990031712,14.435027990031712,0.0,44.09858111027852,0.0,0.0,0.0
2023,4,2,8,56.602,77.23691857816033,58.53360910031024,0.0,0.0,0.0,18.70330947785009,0.0
2023,4,2,9,56.602,193.23974501162957,58.53360910031024,0.0,0.0,0.0,134.70613591131934,0.0
2023,4,2,10,56.602,292.51182527201314,58.53360910031024,0.0,0.0,0.0,233.9782161717029,0.0
2023,4,2,11,56.602,336.9927648968432,58.53360910031024,0.0,0.0,-0.0,278.45915579653297,0.0
2023,4,2,12,56.602,330.00108984503834,253.61629926389375,195.0826901635835,0.0,182.52745912623323,76.38479058114459,0.0
2023,4,2,13,56.602,309.3508248228363,309.3508248228363,250.81721572252604,0.0,417.20245285612305,0.0,0.0
2023,4,2,14,56.602,268.36758916145584,268.36758916145584,209.8339800611456,0.0,613.5318308588015,0.0,0.0
2023,4,2,15,56.602,186.8229327243618,186.8229327243618,128.28932362405158,0.0,733.5646449156807,0.0,0.0
2023,4,2,16,56.602,154.22000164990175,154.22000164990175,95.68639254959152,0.0,823.0928039255188,0.0,0.0
2023,4,2,17,56.602,77.10626794985647,77.10626794985647,18.572658849546237,0.0,840.4701541465116,0.0,0.0
2023,4,2,18,56.602,13.848966600211442,13.848966600211442,0.0,44.684642500098796,795.0997737436695,0.0,0.0
2023,4,2,19,56.602,0.0,-0.0,0.0,58.53360910031024,735.6678982122392,0.0,0.0
2023,4,2,20,56.602,0.0,-0.0,0.0,58.53360910031024,676.2360226808089,0.0,0.0
2023,4,2,21,56.602,0.0,-0.0,0.0,58.53360910031024,616.8041471493787,0.0,0.0
2023,4,2,22,56.602,0.0,-0.0,0.0,58.53360910031024,557.3722716179484,0.0,0.0
2023,4,2,23,56.602,0.0,-0.0,0.0,58.53360910031024,497.9403960865181,0.0,0.0
2023,4,3,0,56.602,0.0,-0.0,0.0,58.53360910031024,438.5085205550878,0.0,0.0
2023,4,3,1,56.602,0.0,-0.0,0.0,58.53360910031024,379.0766450236575,0.0,0.0
2023,4,3,2,56.602,0.0,-0.0,0.0,58.53360910031024,319.64476949222717,0.0,0.0
2023,4,3,3,56.602,0.0,-0.0,0.0,58.53360910031024,260.21289396079686,0.0,0.0
2023,4,3,4,56.602,0.0,-0.0,0.0,58.53360910031024,200.78101842936655,0.0,0.0
2023,4,3,5,56.602,0.0,-0.0,0.0,58.53360910031024,141.34914289793625,0.0,0.0
2023,4,3,6,56.602,0.0,-0.0,0.0,58.53360910031024,81.91726736650594,0.0,0.0
2023,4,3,7,56.602,4.367463860444002,4.367463860444002,0.0,54.16614523986624,26.91987951713729,0.0,0.0
2023,4,3,8,56.602,16.693417422141625,16.693417422141625,0.0,26.513006540576875,0.0,0.0,14.821388028051208
2023,4,3,9,56.602,24.902009754719778,24.902009754719778,0.0,-0.0,-0.0,0.0,32.521756567185975
2023,4,3,10,56.602,44.74224088143782,44.74224088143782,0.0,0.0,0.0,0.0,13.336253067649624
2023,4,3,11,56.602,84.23605938015402,84.23605938015402,25.70245027984378,0.0,24.04827890657201,0.0,0.0
2023,4,3,12,56.602,104.85272852650651,104.85272852650651,46.31911942619627,0.0,67.38636887620878,0.0,0.0
2023,4,3,13,56.602,158.00513699561992,158.00513699561992,99.47152789530969,0.0,160.45605756519723,0.0,0.0
2023,4,3,14,56.602,223.04675264038653,223.04675264038653,164.5131435400763,0.0,314.38138050420207,0.0,0.0
2023,4,3,15,56.602,116.55902482253431,116.55902482253431,58.025415722224075,0.0,368.6723669963395,0.0,0.0
2023,4,3,16,56.602,68.91260711765591,68.91260711765591,10.378998017345673,0.0,378.3833881781458,0.0,0.0
2023,4,3,17,56.602,43.70076873010117,43.70076873010117,0.0,14.83284037020907,363.3229205902149,0.0,0.0
2023,4,3,18,56.602,4.778080120827667,4.778080120827667,0.0,53.75552897948257,308.74245038616823,0.0,0.0
2023,4,3,19,56.602,0.0,-0.0,0.0,58.53360910031024,249.31057485473792,0.0,0.0
2023,4,3,20,56.602,0.0,-0.0,0.0,58.53360910031024,189.87869932330761,0.0,0.0
2023,4,3,21,56.602,0.0,-0.0,0.0,58.53360910031024,130.4468237918773,0.0,0.0
2023,4,3,22,56.602,0.0,-0.0,0.0,58.53360910031024,71.014948260447,0.0,0.0
2023,4,3,23,56.602,0.0,-0.0,0.0,11.408003621594768,59.43187553143031,0.0,45.57046049791786
2023,4,4,0,56.602,0.0,-0.0,0.0,58.53360910031024,-0.0,0.0,0.0
2023,4,4,1,56.602,0.0,-0.0,0.0,0.0,-0.0,0.0,56.602
2023,4,4,2,56.602,0.0,-0.0,0.0,0.0,-0.0,0.0,56.602
2023,4,4,3,56.602,0.0,-0.0,0.0,0.0,-0.0,0.0,56.602
2023,4,4,4,56.602,0.0,-0.0,0.0,0.0,-0.0,0.0,56.602
2023,4,4,5,56.602,0.0,-0.0,0.0,0.0,-0.0,0.0,56.602
2023,4,4,6,56.602,0.0,-0.0,0.0,0.0,-0.0,0.0,56.602
2023,4,4,7,56.602,9.5524273665609,9.5524273665609,0.0,0.0,0.0,0.0,47.36480273653561
2023,4,4,8,56.602,68.1473677233046,68.1473677233046,9.613758622994363,0.0,8.995031453772947,0.0,0.0
2023,4,4,9,56.602,154.79113153934443,154.79113153934443,96.25752243903419,0.0,99.05756328502126,0.0,0.0
2023,4,4,10,56.602,155.5974325597341,155.5974325597341,97.06382345942387,0.0,189.87450380531936,0.0,0.0
2023,4,4,11,56.602,162.10010097417302,162.10010097417302,103.56649187386277,0.0,286.77561069749123,0.0,0.0
2023,4,4,12,56.602,178.72632664461554,178.72632664461554,120.19271754430531,0.0,399.2329041684954,0.0,0.0
2023,4,4,13,56.602,200.78015270231072,200.78015270231072,142.2465436020005,0.0,532.3246723381392,0.0,0.0
2023,4,4,14,56.602,169.31201565654726,169.31201565654726,110.77840655623703,0.0,635.9735458379231,0.0,0.0
2023,4,4,15,56.602,171.82050771998178,171.82050771998178,113.28689861967155,0.0,741.9694685925285,0.0,0.0
2023,4,4,16,56.602,98.69348462075212,98.69348462075212,40.15987552044188,0.0,779.5447144097017,0.0,0.0
2023,4,4,17,56.602,76.21411080229569,76.21411080229569,17.680501701985456,0.0,796.0873253867921,0.0,0.0
2023,4,4,18,56.602,19.556532619543866,19.556532619543866,0.0,38.977076480766364,756.5121002539263,0.0,0.0
2023,4,4,19,56.602,0.0,-0.0,0.0,58.53360910031024,697.080224722496,0.0,0.0
2023,4,4,20,56.602,0.0,-0.0,0.0,58.53360910031024,637.6483491910658,0.0,0.0
2023,4,4,21,56.602,0.0,-0.0,0.0,58.53360910031024,578.2164736596355,0.0,0.0
2023,4,4,22,56.602,0.0,-0.0,0.0,58.53360910031024,518.7845981282053,0.0,0.0
2023,4,4,23,56.602,0.0,-0.0,0.0,58.53360910031024,459.352722596775,0.0,0.0
2023,4,5,0,56.602,0.0,-0.0,0.0,58.53360910031024,399.9208470653447,0.0,0.0
2023,4,5,1,56.602,0.0,-0.0,0.0,58.53360910031024,340.48897153391437,0.0,0.0
2023,4,5,2,56.602,0.0,-0.0,0.0,58.53360910031024,281.05709600248406,0.0,0.0
2023,4,5,3,56.602,0.0,-0.0,0.0,58.53360910031024,221.62522047105375,0.0,0.0
2023,4,5,4,56.602,0.0,-0.0,0.0,58.53360910031024,162.19334493962344,0.0,0.0
2023,4,5,5,56.602,0.0,-0.0,0.0,58.53360910031024,102.76146940819314,0.0,0.0
2023,4,5,6,56.602,0.0,-0.0,0.0,58.53360910031024,43.32959387676283,0.0,0.0
2023,4,5,7,56.602,17.11523230780848,17.11523230780848,0.0,41.41837679250175,1.275603834436879,0.0,0.0
2023,4,5,8,56.602,95.90875980033223,95.90875980033223,37.375150700022,0.0,36.24534556813247,0.0,0.0
2023,4,5,9,56.602,173.52269876302665,173.52269876302665,114.98908966271642,0.0,143.83390888850974,0.0,0.0
2023,4,5,10,56.602,208.79836840507465,208.79836840507465,150.2647593047644,0.0,284.4278523548153,0.0,0.0
2023,4,5,11,56.602,151.17397557287413,151.17397557287413,92.6403664725639,0.0,371.1060229837986,0.0,0.0
2023,4,5,12,56.602,133.80117488355225,133.80117488355225,75.267565783242,0.0,441.5294804700146,0.0,0.0
2023,4,5,13,56.602,81.62677968917075,81.62677968917075,23.09317058886051,0.0,463.1364090356338,0.0,0.0
2023,4,5,14,56.602,81.46626606011172,81.46626606011172,22.932656959801488,0.0,484.593154390007,0.0,0.0
2023,4,5,15,56.602,31.001527658963887,31.001527658963887,0.0,27.53208144134635,456.6385610803895,0.0,0.0
2023,4,5,16,56.602,25.551530021144828,25.551530021144828,0.0,32.98207907916541,423.1503335692251,0.0,0.0
2023,4,5,17,56.602,17.163759684035636,17.163759684035636,0.0,41.369849416274604,381.14561561225537,0.0,0.0
2023,4,5,18,56.602,3.2923958332578143,3.2923958332578143,0.0,55.24121326705242,325.05666156422694,0.0,0.0
2023,4,5,19,56.602,0.0,-0.0,0.0,58.53360910031024,265.62478603279664,0.0,0.0
2023,4,5,20,56.602,0.0,-0.0,0.0,58.53360910031024,206.19291050136633,0.0,0.0
2023,4,5,21,56.602,0.0,-0.0,0.0,58.53360910031024,146.76103496993602,0.0,0.0
2023,4,5,22,56.602,0.0,-0.0,0.0,58.53360910031024,87.32915943850571,0.0,0.0
2023,4,5,23,56.602,0.0,-0.0,0.0,58.53360910031024,27.897283907075405,0.0,0.0
2023,4,6,0,56.602,0.0,-0.0,0.0,27.47563822571204,0.0,0.0,30.033057835736457
2023,4,6,1,56.602,0.0,-0.0,0.0,-0.0,0.0,0.0,56.602
2023,4,6,2,56.602,0.0,-0.0,0.0,-0.0,0.0,0.0,56.602
2023,4,6,3,56.602,0.0,-0.0,0.0,-0.0,0.0,0.0,56.602
2023,4,6,4,56.602,0.0,-0.0,0.0,-0.0,0.0,0.0,56.602
2023,4,6,5,56.602,0.0,-0.0,0.0,0.0,-0.0,0.0,56.602
2023,4,6,6,56.602,0.0,-0.0,0.0,-0.0,0.0,0.0,56.602
2023,4,6,7,56.602,20.77718277541152,20.77718277541152,0.0,-0.0,0.0,0.0,36.51046425617706
2023,4,6,8,56.602,116.46943582026879,58.53360910031024,0.0,0.0,0.0,57.93582671995855,0.0
2023,4,6,9,56.602,204.96470568312935,58.53360910031024,0.0,0.0,0.0,146.43109658281912,0.0
2023,4,6,10,56.602,221.7925066086693,58.53360910031024,0.0,0.0,-0.0,163.25889750835907,0.0
2023,4,6,11,56.602,240.45688208065235,58.53360910031024,0.0,0.0,-0.0,181.92327298034212,0.0
2023,4,6,12,56.602,243.33492877843213,151.9301487569037,93.39653965659345,0.0,87.38567763447196,91.40478002152844,0.0
2023,4,6,13,56.602,225.5141830777827,225.5141830777827,166.98057397747243,0.0,243.61963086728196,0.0,0.0
2023,4,6,14,56.602,233.1143167699742,233.1143167699742,174.58070766966395,0.0,406.96458452095015,0.0,0.0
2023,4,6,15,56.602,242.56968938408087,242.56968938408087,184.03608028377064,0.0,579.1563771068551,0.0,0.0
2023,4,6,16,56.602,214.96507806101786,214.96507806101786,156.43146896070763,0.0,725.5201499912637,0.0,0.0
2023,4,6,17,56.602,118.37693499350546,118.37693499350546,59.84332589319522,0.0,781.5120486665828,0.0,0.0
2023,4,6,18,56.602,22.677216198459437,22.677216198459437,0.0,35.8563929018508,745.1053976381643,0.0,0.0
2023,4,6,19,56.602,0.0,0.0,0.0,58.53360910031024,685.673522106734,0.0,0.0
2023,4,6,20,56.602,0.0,0.0,0.0,58.53360910031024,626.2416465753038,0.0,0.0
2023,4,6,21,56.602,0.0,0.0,0.0,58.53360910031024,566.8097710438735,0.0,0.0
2023,4,6,22,56.602,0.0,0.0,0.0,58.53360910031024,507.3778955124433,0.0,0.0
2023,4,6,23,56.602,0.0,0.0,0.0,58.53360910031024,447.94601998101297,0.0,0.0
2023,4,7,0,56.602,0.0,0.0,0.0,58.53360910031024,388.51414444958266,0.0,0.0
2023,4,7,1,56.602,0.0,0.0,0.0,58.53360910031024,329.08226891815235,0.0,0.0
2023,4,7,2,56.602,0.0,0.0,0.0,58.53360910031024,269.65039338672204,0.0,0.0
2023,4,7,3,56.602,0.0,0.0,0.0,58.53360910031024,210.21851785529174,0.0,0.0
2023,4,7,4,56.602,0.0,0.0,0.0,58.53360910031024,150.78664232386143,0.0,0.0
2023,4,7,5,56.602,0.0,0.0,0.0,58.53360910031024,91.3547667924311,0.0,0.0
2023,4,7,6,56.602,0.0,0.0,0.0,58.53360910031024,31.922891261000803,0.0,0.0
2023,4,7,7,56.602,27.093207435130594,27.093207435130594,0.0,31.440401665179643,0.0,0.0,0.0
2023,4,7,8,56.602,128.88124550913753,58.53360910031024,0.0,0.0,0.0,70.3476364088273,0.0
2023,4,7,9,56.602,224.86466281135768,58.53360910031024,0.0,0.0,0.0,166.33105371104745,0.0
2023,4,7,10,56.602,298.5068226736141,58.53360910031024,0.0,0.0,0.0,239.9732135733039,0.0
2023,4,7,11,56.602,344.3950562090317,58.53360910031024,0.0,0.0,-0.0,285.86144710872145,0.0
2023,4,7,12,56.602,367.8636419275032,69.14118104248085,10.607571942170628,0.0,9.924884429672261,298.7224608850223,0.0
2023,4,7,13,56.602,334.09605382359143,334.09605382359143,275.5624447232812,0.0,267.75254112118733,0.0,0.0
2023,4,7,14,56.602,288.1070326606251,288.1070326606251,229.5734235603149,0.0,482.550961474307,0.0,0.0
2023,4,7,15,56.602,208.41388227035182,208.41388227035182,149.8802731700416,0.0,622.785163760186,0.0,0.0
2023,4,7,16,56.602,186.62135746926438,186.62135746926438,128.08774836895415,0.0,742.6293756448027,0.0,0.0
2023,4,7,17,56.602,104.44957801631169,104.44957801631169,45.915968916001454,0.0,785.5902612699147,0.0,0.0
2023,4,7,18,56.602,21.994100056184855,21.994100056184855,0.0,36.53950904412538,748.4900108860968,0.0,0.0
2023,4,7,19,56.602,0.0,0.0,0.0,58.53360910031024,689.0581353546665,0.0,0.0
2023,4,7,20,56.602,0.0,0.0,0.0,58.53360910031024,629.6262598232363,0.0,0.0
2023,4,7,21,56.602,0.0,0.0,0.0,58.53360910031024,570.194384291806,0.0,0.0
2023,4,7,22,56.602,0.0,0.0,0.0,58.53360910031024,510.7625087603757,0.0,0.0
2023,4,7,23,56.602,0.0,0.0,0.0,58.53360910031024,451.3306332289454,0.0,0.0
2023,4,8,0,56.602,0.0,0.0,0.0,58.53360910031024,391.89875769751507,0.0,0.0
2023,4,8,1,56.602,0.0,0.0,0.0,58.53360910031024,332.46688216608476,0.0,0.0
2023,4,8,2,56.602,0.0,0.0,0.0,58.53360910031024,273.03500663465445,0.0,0.0
2023,4,8,3,56.602,0.0,0.0,0.0,58.53360910031024,213.60313110322411,0.0,0.0
2023,4,8,4,56.602,0.0,0.0,0.0,58.53360910031024,154.1712555717938,0.0,0.0
2023,4,8,5,56.602,0.0,0.0,0.0,58.53360910031024,94.7393800403635,0.0,0.0
2023,4,8,6,56.602,0.0,0.0,0.0,58.53360910031024,35.3075045089332,0.0,0.0
2023,4,8,7,56.602,23.759749975834453,23.759749975834453,0.0,34.773859124475784,0.0,0.0,0.0
2023,4,8,8,56.602,80.15229402688412,58.53360910031024,0.0,0.0,0.0,21.618684926573884,0.0
2023,4,8,9,56.602,194.03111453164163,58.53360910031024,0.0,0.0,0.0,135.4975054313314,0.0
2023,4,8,10,56.602,279.79765270049825,58.53360910031024,0.0,0.0,-0.0,221.26404360018802,0.0
2023,4,8,11,56.602,307.40599689865564,58.53360910031024,0.0,0.0,-0.0,248.87238779834541,0.0
2023,4,8,12,56.602,323.2333872988973,201.37912991837987,142.84552081806964,0.0,133.65219610526393,121.85425738051742,0.0
2023,4,8,13,56.602,259.17351780395694,259.17351780395694,200.6399087036467,0.0,321.37921947308297,0.0,0.0
2023,4,8,14,56.602,247.19472162603827,247.19472162603827,188.66111252572802,0.0,497.8983841225651,0.0,0.0
2023,4,8,15,56.602,257.799819769219,257.799819769219,199.2662106689088,0.0,684.3401186127438,0.0,0.0
2023,4,8,16,56.602,154.69034391179574,154.69034391179574,96.1567348114855,0.0,774.308349357861,0.0,0.0
2023,4,8,17,56.602,88.38701648512304,88.38701648512304,29.853407384812805,0.0,802.2404359599115,0.0,0.0
2023,4,8,18,56.602,17.805814200271854,17.805814200271854,0.0,40.72779490003838,760.8876255938089,0.0,0.0
2023,4,8,19,56.602,0.0,0.0,0.0,58.53360910031024,701.4557500623787,0.0,0.0
2023,4,8,20,56.602,0.0,0.0,0.0,58.53360910031024,642.0238745309484,0.0,0.0
2023,4,8,21,56.602,0.0,0.0,0.0,58.53360910031024,582.5919989995182,0.0,0.0
2023,4,8,22,56.602,0.0,0.0,0.0,58.53360910031024,523.1601234680878,0.0,0.0
2023,4,8,23,56.602,0.0,0.0,0.0,58.53360910031024,463.7282479366575,0.0,0.0
2023,4,9,0,56.602,0.0,0.0,0.0,58.53360910031024,404.2963724052272,0.0,0.0
2023,4,9,1,56.602,0.0,0.0,0.0,58.53360910031024,344.8644968737969,0.0,0.0
2023,4,9,2,56.602,0.0,0.0,0.0,58.53360910031024,285.4326213423666,0.0,0.0
2023,4,9,3,56.602,0.0,0.0,0.0,58.53360910031024,226.0007458109363,0.0,0.0
2023,4,9,4,56.602,0.0,0.0,0.0,58.53360910031024,166.568870279506,0.0,0.0
2023,4,9,5,56.602,0.0,0.0,0.0,58.53360910031024,107.1369947480757,0.0,0.0
2023,4,9,6,56.602,0.0,0.0,0.0,58.53360910031024,47.70511921664538,0.0,0.0
2023,4,9,7,56.602,11.549515542063126,11.549515542063126,0.0,46.98409355824711,0.0,0.0,0.0
2023,4,9,8,56.602,64.33610225192567,58.53360910031024,0.0,-0.0,0.0,5.80249315161543,0.0
2023,4,9,9,56.602,164.22783977797909,58.53360910031024,0.0,0.0,0.0,105.69423067766886,0.0
2023,4,9,10,56.602,229.87418118803794,58.53360910031024,0.0,0.0,-0.0,171.3405720877277,0.0
2023,4,9,11,56.602,229.89284556350992,99.17574606656656,40.64213696625633,0.0,38.026469635469056,130.71709949694338,0.0
2023,4,9,12,56.602,248.9043784192719,248.9043784192719,190.37076931896164,0.0,216.14526011636232,0.0,0.0
2023,4,9,13,56.602,300.91825998459433,300.91825998459433,242.3846508842841,0.0,442.93039630660644,0.0,0.0
2023,4,9,14,56.602,207.08497873674662,207.08497873674662,148.5513696364364,0.0,581.9212213086812,0.0,0.0
2023,4,9,15,56.602,216.91737173538732,216.91737173538732,158.3837626350771,0.0,730.1116411577798,0.0,0.0
2023,4,9,16,56.602,127.50008172421077,127.50008172421077,68.96647262390053,0.0,794.6395344443845,0.0,0.0
2023,4,9,17,56.602,50.78203278417155,50.78203278417155,0.0,7.751576316138689,786.7690011580524,0.0,0.0
2023,4,9,18,56.602,16.480643541761054,16.480643541761054,0.0,42.05296555854918,744.0706838456833,0.0,0.0
2023,4,9,19,56.602,0.0,0.0,0.0,58.53360910031024,684.6388083142531,0.0,0.0
2023,4,9,20,56.602,0.0,0.0,0.0,58.53360910031024,625.2069327828228,0.0,0.0
2023,4,9,21,56.602,0.0,0.0,0.0,58.53360910031024,565.7750572513926,0.0,0.0
2023,4,9,22,56.602,0.0,0.0,0.0,58.53360910031024,506.3431817199622,0.0,0.0
2023,4,9,23,56.602,0.0,0.0,0.0,58.53360910031024,446.9113061885319,0.0,0.0
2023,4,10,0,56.602,0.0,0.0,0.0,58.53360910031024,387.4794306571016,0.0,0.0
2023,4,10,1,56.602,0.0,0.0,0.0,58.53360910031024,328.0475551256713,0.0,0.0
2023,4,10,2,56.602,0.0,0.0,0.0,58.53360910031024,268.615679594241,0.0,0.0
2023,4,10,3,56.602,0.0,0.0,0.0,58.53360910031024,209.18380406281068,0.0,0.0
2023,4,10,4,56.602,0.0,0.0,0.0,58.53360910031024,149.75192853138037,0.0,0.0
2023,4,10,5,56.602,0.0,0.0,0.0,58.53360910031024,90.32005299995005,0.0,0.0
2023,4,10,6,56.602,0.0,0.0,0.0,58.53360910031024,30.88817746851974,0.0,0.0
2023,4,10,7,56.602,28.112282335900908,28.112282335900908,0.0,30.42132676440933,0.0,0.0,0.0
2023,4,10,8,56.602,119.61998239993953,58.53360910031024,0.0,0.0,0.0,61.086373299629294,0.0
2023,4,10,9,56.602,203.93069928198148,58.53360910031024,0.0,0.0,0.0,145.39709018167125,0.0
2023,4,10,10,56.602,283.5491921703669,58.53360910031024,0.0,0.0,-0.0,225.01558307005666,0.0
2023,4,10,11,56.602,307.428394149222,99.38268467122974,40.84907557091951,0.0,38.22008998011688,208.04570947799226,0.0
2023,4,10,12,56.602,333.89074569339965,333.89074569339965,275.3571365930894,0.0,295.85565186654986,0.0,0.0
2023,4,10,13,56.602,305.1438745914513,305.1438745914513,246.6102654911411,0.0,526.594448408666,0.0,0.0
2023,4,10,14,56.602,209.17165591451433,209.17165591451433,150.6380468142041,0.0,667.5376551569391,0.0,0.0
2023,4,10,15,56.602,194.26628566258864,194.26628566258864,135.7326765622784,0.0,794.53477905625,0.0,0.0
2023,4,10,16,56.602,80.54051303670133,80.54051303670133,22.00690393639109,0.0,815.1253514713438,0.0,0.0
2023,4,10,17,56.602,36.197689790363974,36.197689790363974,0.0,22.335919309946263,792.4466614552559,0.0,0.0
2023,4,10,18,56.602,9.89211900015103,9.89211900015103,0.0,48.64149010015921,743.0587110156744,0.0,0.0
2023,4,10,19,56.602,0.0,0.0,0.0,58.53360910031024,683.6268354842441,0.0,0.0
2023,4,10,20,56.602,0.0,0.0,0.0,58.53360910031024,624.1949599528139,0.0,0.0
2023,4,10,21,56.602,0.0,0.0,0.0,58.53360910031024,564.7630844213836,0.0,0.0
2023,4,10,22,56.602,0.0,0.0,0.0,58.53360910031024,505.3312088899533,0.0,0.0
2023,4,10,23,56.602,0.0,0.0,0.0,58.53360910031024,445.899333358523,0.0,0.0
2023,4,11,0,56.602,0.0,0.0,0.0,58.53360910031024,386.4674578270927,0.0,0.0
2023,4,11,1,56.602,0.0,0.0,0.0,58.53360910031024,327.0355822956624,0.0,0.0
2023,4,11,2,56.602,0.0,0.0,0.0,58.53360910031024,267.6037067642321,0.0,0.0
2023,4,11,3,56.602,0.0,0.0,0.0,58.53360910031024,208.17183123280176,0.0,0.0
2023,4,11,4,56.602,0.0,0.0,0.0,58.53360910031024,148.73995570137146,0.0,0.0
2023,4,11,5,56.602,0.0,0.0,0.0,58.53360910031024,89.30808016994114,0.0,0.0
2023,4,11,6,56.602,0.22770538075819352,0.22770538075819352,0.0,58.30590371955204,30.107404423643953,0.0,0.0
2023,4,11,7,56.602,28.88125460534661,28.88125460534661,0.0,29.652354494963628,0.0,0.0,0.0
2023,4,11,8,56.602,118.3321404923727,58.53360910031024,0.0,0.0,0.0,59.798531392062465,0.0
2023,4,11,9,56.602,222.3151091218848,58.53360910031024,0.0,0.0,0.0,163.78150002157457,0.0
2023,4,11,10,56.602,295.983399109802,58.53360910031024,0.0,0.0,0.0,237.44979000949178,0.0
2023,4,11,11,56.602,343.7716660682675,58.53360910031024,0.0,0.0,-0.0,285.2380569679573,0.0
2023,4,11,12,56.602,364.0934380821626,58.53360910031024,0.0,0.0,-0.0,305.5598289818524,0.0
2023,4,11,13,56.602,362.1560759081708,206.73782614775777,148.20421704744754,0.0,138.6660146360495,155.41824976041303,0.0
2023,4,11,14,56.602,333.2561569273522,333.2561569273522,274.722547827042,0.0,395.70782894313777,0.0,0.0
2023,4,11,15,56.602,281.8955285035492,281.8955285035492,223.36191940323897,0.0,604.6945082843183,0.0,0.0
2023,4,11,16,56.602,198.64868102341026,198.64868102341026,140.11507192310003,0.0,735.7919831139277,0.0,0.0
2023,4,11,17,56.602,107.39854934088498,107.39854934088498,48.86494024057475,0.0,781.5120486665828,0.0,0.0
2023,4,11,18,56.602,21.964237055429685,21.964237055429685,0.0,36.56937204488055,744.3814769994688,0.0,0.0
2023,4,11,19,56.602,0.0,0.0,0.0,58.53360910031024,684.9496014680385,0.0,0.0
2023,4,11,20,56.602,0.0,0.0,0.0,58.53360910031024,625.5177259366083,0.0,0.0
2023,4,11,21,56.602,0.0,0.0,0.0,58.53360910031024,566.085850405178,0.0,0.0
2023,4,11,22,56.602,0.0,0.0,0.0,58.53360910031024,506.6539748737477,0.0,0.0
2023,4,11,23,56.602,0.0,0.0,0.0,58.53360910031024,447.2220993423174,0.0,0.0
2023,4,12,0,56.602,0.0,0.0,0.0,58.53360910031024,387.7902238108871,0.0,0.0
2023,4,12,1,56.602,0.0,0.0,0.0,58.53360910031024,328.3583482794568,0.0,0.0
2023,4,12,2,56.602,0.0,0.0,0.0,58.53360910031024,268.92647274802647,0.0,0.0
2023,4,12,3,56.602,0.0,0.0,0.0,58.53360910031024,209.49459721659616,0.0,0.0
2023,4,12,4,56.602,0.0,0.0,0.0,58.53360910031024,150.06272168516585,0.0,0.0
2023,4,12,5,56.602,0.0,0.0,0.0,58.53360910031024,90.63084615373555,0.0,0.0
2023,4,12,6,56.602,0.29489713245733257,0.29489713245733257,0.0,58.2387119678529,31.498393294854704,0.0,0.0
2023,4,12,7,56.602,27.511289445703053,27.511289445703053,0.0,31.022319654607184,0.0,0.0,0.0
2023,4,12,8,56.602,99.10410088113574,58.53360910031024,0.0,0.0,0.0,40.5704917808255,0.0
2023,4,12,9,56.602,193.81834065126105,58.53360910031024,0.0,0.0,0.0,135.28473155095082,0.0
2023,4,12,10,56.602,281.9963161310979,58.53360910031024,0.0,0.0,-0.0,223.46270703078767,0.0
2023,4,12,11,56.602,313.6063024304484,58.53360910031024,0.0,0.0,-0.0,255.07269333013818,0.0
2023,4,12,12,56.602,326.44365988007837,280.0255703846663,221.49196128435605,0.0,207.23706893840233,46.41808949541206,0.0
2023,4,12,13,56.602,272.9104981513365,272.9104981513365,214.3768890510263,0.0,407.81698108262526,0.0,0.0
2023,4,12,14,56.602,233.2449673982781,233.2449673982781,174.71135829796785,0.0,571.2841768849821,0.0,0.0
2023,4,12,15,56.602,163.47753188400534,163.47753188400534,104.9439227836951,0.0,669.474065287614,0.0,0.0
2023,4,12,16,56.602,142.87206136293605,142.87206136293605,84.33845226262582,0.0,748.3846205256402,0.0,0.0
2023,4,12,17,56.602,94.81876027276843,94.81876027276843,36.28515117245819,0.0,782.3345134759908,0.0,0.0
2023,4,12,18,56.602,19.325094363691274,19.325094363691274,0.0,39.208514736618966,742.5242983975797,0.0,0.0
2023,4,12,19,56.602,0.0,0.0,0.0,58.53360910031024,683.0924228661495,0.0,0.0
2023,4,12,20,56.602,0.0,0.0,0.0,58.53360910031024,623.6605473347192,0.0,0.0
2023,4,12,21,56.602,0.0,0.0,0.0,58.53360910031024,564.228671803289,0.0,0.0
2023,4,12,22,56.602,0.0,0.0,0.0,58.53360910031024,504.79679627185874,0.0,0.0
2023,4,12,23,56.602,0.0,0.0,0.0,58.53360910031024,445.36492074042843,0.0,0.0
2023,4,13,0,56.602,0.0,0.0,0.0,58.53360910031024,385.9330452089981,0.0,0.0
2023,4,13,1,56.602,0.0,0.0,0.0,58.53360910031024,326.5011696775678,0.0,0.0
2023,4,13,2,56.602,0.0,0.0,0.0,58.53360910031024,267.0692941461375,0.0,0.0
2023,4,13,3,56.602,0.0,0.0,0.0,58.53360910031024,207.6374186147072,0.0,0.0
2023,4,13,4,56.602,0.0,0.0,0.0,58.53360910031024,148.2055430832769,0.0,0.0
2023,4,13,5,56.602,0.0,0.0,0.0,58.53360910031024,88.77366755184657,0.0,0.0
2023,4,13,6,56.602,0.4442121362331598,0.4442121362331598,0.0,58.089396964077075,29.79282110944642,0.0,0.0
2023,4,13,7,56.602,29.19108323818153,29.19108323818153,0.0,29.342525862128706,0.0,0.0,0.0
2023,4,13,8,56.602,124.82361028152837,58.53360910031024,0.0,0.0,0.0,66.29000118121814,0.0
2023,4,13,9,56.602,216.1483994659416,58.53360910031024,0.0,0.0,0.0,157.61479036563136,0.0
2023,4,13,10,56.602,286.02035548285744,58.53360910031024,0.0,0.0,0.0,227.4867463825472,0.0
2023,4,13,11,56.602,334.3685537054824,58.53360910031024,0.0,0.0,-0.0,275.83494460517215,0.0
2023,4,13,12,56.602,354.41782583748665,58.53360910031024,0.0,0.0,-0.0,295.8842167371764,0.0
2023,4,13,13,56.602,347.46721241172014,251.27593162536277,192.74232252505254,0.0,180.33771405903065,96.19128078635737,0.0
2023,4,13,14,56.602,317.7124650342847,317.7124650342847,259.1788559339745,0.0,422.8362053049924,0.0,0.0
2023,4,13,15,56.602,271.69731374565765,271.69731374565765,213.1637046453474,0.0,622.281011782821,0.0,0.0
2023,4,13,16,56.602,197.2712501135779,197.2712501135779,138.73764101326768,0.0,752.0897051019703,0.0,0.0
2023,4,13,17,56.602,96.1289994309016,96.1289994309016,37.595390330591364,0.0,787.2655121720267,0.0,0.0
2023,4,13,18,56.602,21.576018045612432,21.576018045612432,0.0,36.95759105469781,749.7407638220627,0.0,0.0
2023,4,13,19,56.602,0.0,0.0,0.0,58.53360910031024,690.3088882906325,0.0,0.0
2023,4,13,20,56.602,0.0,0.0,0.0,58.53360910031024,630.8770127592022,0.0,0.0
2023,4,13,21,56.602,0.0,0.0,0.0,58.53360910031024,571.445137227772,0.0,0.0
2023,4,13,22,56.602,0.0,0.0,0.0,58.53360910031024,512.0132616963417,0.0,0.0
2023,4,13,23,56.602,0.0,0.0,0.0,58.53360910031024,452.5813861649114,0.0,0.0
2023,4,14,0,56.602,0.0,0.0,0.0,58.53360910031024,393.1495106334811,0.0,0.0
2023,4,14,1,56.602,0.0,0.0,0.0,58.53360910031024,333.7176351020508,0.0,0.0
2023,4,14,2,56.602,0.0,0.0,0.0,58.53360910031024,274.2857595706205,0.0,0.0
2023,4,14,3,56.602,0.0,0.0,0.0,58.53360910031024,214.8538840391902,0.0,0.0
2023,4,14,4,56.602,0.0,0.0,0.0,58.53360910031024,155.4220085077599,0.0,0.0
2023,4,14,5,56.602,0.0,0.0,0.0,58.53360910031024,95.99013297632959,0.0,0.0
2023,4,14,6,56.602,0.11571912792629507,0.11571912792629507,0.0,58.41788997238394,36.675752417671866,0.0,0.0
2023,4,14,7,56.602,22.41218206675724,22.41218206675724,0.0,36.12142703355299,0.0,0.0,0.0
2023,4,14,8,56.602,78.72260286573021,58.53360910031024,-0.0,0.0,0.0,20.188993765419973,0.0
2023,4,14,9,56.602,118.70542800181236,104.25898599781206,45.725376897501825,0.0,42.78255982471768,14.446442004000303,0.0
2023,4,14,10,56.602,205.3641233182298,205.3641233182298,146.83051421791956,0.0,180.1632810969223,0.0,0.0
2023,4,14,11,56.602,197.69679787433913,197.69679787433913,139.1631887740289,0.0,310.3701345575146,0.0,0.0
2023,4,14,12,56.602,212.66935987796396,212.66935987796396,154.13575077765373,0.0,454.58593825782305,0.0,0.0
2023,4,14,13,56.602,175.43393081135773,175.43393081135773,116.9003217110475,0.0,563.9627295818739,0.0,0.0
2023,4,14,14,56.602,193.8817995278658,193.8817995278658,135.34819042755558,0.0,690.6001123007584,0.0,0.0
2023,4,14,15,56.602,149.93466104153444,149.93466104153444,91.40105194122421,0.0,776.1187288336096,0.0,0.0
2023,4,14,16,56.602,89.67485839268988,89.67485839268988,31.141249292379648,0.0,805.255773758448,0.0,0.0
2023,4,14,17,56.602,48.26980784564263,48.26980784564263,0.0,10.263801254667603,794.8344625148276,0.0,0.0
2023,4,14,18,56.602,12.44913843981271,12.44913843981271,0.0,46.08447066049753,748.0427719574786,0.0,0.0
2023,4,14,19,56.602,0.0,0.0,0.0,58.53360910031024,688.6108964260484,0.0,0.0
2023,4,14,20,56.602,0.0,0.0,0.0,58.53360910031024,629.1790208946181,0.0,0.0
2023,4,14,21,56.602,0.0,0.0,0.0,58.53360910031024,569.7471453631879,0.0,0.0
2023,4,14,22,56.602,0.0,0.0,0.0,58.53360910031024,510.3152698317575,0.0,0.0
2023,4,14,23,56.602,0.0,0.0,0.0,58.53360910031024,450.8833943003272,0.0,0.0
2023,4,15,0,56.602,0.0,0.0,0.0,58.53360910031024,391.4515187688969,0.0,0.0
2023,4,15,1,56.602,0.0,0.0,0.0,58.53360910031024,332.0196432374666,0.0,0.0
2023,4,15,2,56.602,0.0,0.0,0.0,58.53360910031024,272.5877677060363,0.0,0.0
2023,4,15,3,56.602,0.0,0.0,0.0,58.53360910031024,213.15589217460595,0.0,0.0
2023,4,15,4,56.602,0.0,0.0,0.0,58.53360910031024,153.72401664317564,0.0,0.0
2023,4,15,5,56.602,0.0,0.0,0.0,58.53360910031024,94.29214111174534,0.0,0.0
2023,4,15,6,56.602,0.7092462679353568,0.7092462679353568,0.0,57.82436283237488,35.580396058598524,0.0,0.0
2023,4,15,7,56.602,23.490982969037898,23.490982969037898,0.0,35.04262613127234,0.0,0.0,0.0
2023,4,15,8,56.602,97.30858796073097,58.53360910031024,0.0,0.0,0.0,38.77497886042074,0.0
2023,4,15,9,56.602,177.5579367400694,58.53360910031024,0.0,0.0,-0.0,119.02432763975918,0.0
2023,4,15,10,56.602,274.8963877015555,266.8104074676627,208.27679836735246,0.0,194.87241420067426,8.085980233892826,0.0
2023,4,15,11,56.602,273.68320329587664,273.68320329587664,215.1495941955664,0.0,396.1753013385699,0.0,0.0
2023,4,15,12,56.602,174.4559175366258,174.4559175366258,115.92230843631557,0.0,504.6370228638659,0.0,0.0
2023,4,15,13,56.602,201.21689908835512,201.21689908835512,142.6832899880449,0.0,638.1374290734117,0.0,0.0
2023,4,15,14,56.602,174.08636290228054,174.08636290228054,115.55275380197031,0.0,746.2533799495599,0.0,0.0
2023,4,15,15,56.602,133.03966836429535,133.03966836429535,74.50605926398511,0.0,815.9643403405622,0.0,0.0
2023,4,15,16,56.602,84.72506601751998,84.72506601751998,26.19145691720974,0.0,840.4701541465116,0.0,0.0
2023,4,15,17,56.602,30.650637400090606,30.650637400090606,0.0,27.88297170021963,812.1592857581644,0.0,0.0
2023,4,15,18,56.602,5.748627645370787,5.748627645370787,0.0,52.78498145493945,758.5642572612425,0.0,0.0
2023,4,15,19,56.602,0.0,-0.0,0.0,58.53360910031024,699.1323817298121,0.0,0.0
2023,4,15,20,56.602,0.0,-0.0,0.0,58.53360910031024,639.7005061983818,0.0,0.0
2023,4,15,21,56.602,0.0,-0.0,0.0,58.53360910031024,580.2686306669516,0.0,0.0
2023,4,15,22,56.602,0.0,-0.0,0.0,58.53360910031024,520.8367551355213,0.0,0.0
2023,4,15,23,56.602,0.0,-0.0,0.0,58.53360910031024,461.40487960409104,0.0,0.0
2023,4,16,0,56.602,0.0,-0.0,0.0,58.53360910031024,401.97300407266073,0.0,0.0
2023,4,16,1,56.602,0.0,-0.0,0.0,58.53360910031024,342.5411285412304,0.0,0.0
2023,4,16,2,56.602,0.0,-0.0,0.0,58.53360910031024,283.1092530098001,0.0,0.0
2023,4,16,3,56.602,0.0,-0.0,0.0,58.53360910031024,223.6773774783698,0.0,0.0
2023,4,16,4,56.602,0.0,-0.0,0.0,58.53360910031024,164.2455019469395,0.0,0.0
2023,4,16,5,56.602,0.0,-0.0,0.0,58.53360910031024,104.81362641550919,0.0,0.0
2023,4,16,6,56.602,0.2986300075517292,0.2986300075517292,0.0,30.191493763480644,74.15880900310356,0.0,27.118050313411693
2023,4,16,7,56.602,16.327595662890793,16.327595662890793,0.0,42.20601343741944,31.305095113841762,0.0,0.0
2023,4,16,8,56.602,27.70166607551728,27.70166607551728,0.0,30.831943024792956,-0.0,0.0,0.0
2023,4,16,9,56.602,36.940531934148865,36.940531934148865,0.0,0.0,0.0,0.0,20.880505619678047
2023,4,16,10,56.602,49.09850611659868,49.09850611659868,0.0,-0.0,-0.0,0.0,9.123744585249076
2023,4,16,11,56.602,53.16733996949099,53.16733996949099,0.0,0.0,0.0,0.0,5.189182249502212
2023,4,16,12,56.602,69.46507263162661,69.46507263162661,10.931463531316375,0.0,10.227930839118212,0.0,0.0
2023,4,16,13,56.602,55.58624303065999,55.58624303065999,0.0,2.947366069650243,7.23533400305389,0.0,0.0
2023,4,16,14,56.602,79.57743126234705,79.57743126234705,21.043822162036815,0.0,26.924807150671562,0.0,0.0
2023,4,16,15,56.602,57.89689271409149,57.89689271409149,0.0,0.6367163862187434,26.278319609646623,0.0,0.0
2023,4,16,16,56.602,35.60416265035487,35.60416265035487,0.0,0.0,26.278319609646623,0.0,22.172774717106837
2023,4,16,17,56.602,13.744446097568336,13.744446097568336,0.0,0.0,26.278319609646623,0.0,43.31112062365142
2023,4,16,18,56.602,3.751539469868598,3.751539469868598,0.0,25.88114331055597,0.0,0.0,27.947195751329442
2023,4,16,19,56.602,0.0,-0.0,0.0,-0.0,0.0,0.0,56.602
2023,4,16,20,56.602,0.0,-0.0,0.0,-0.0,0.0,0.0,56.602
2023,4,16,21,56.602,0.0,-0.0,0.0,-0.0,0.0,0.0,56.602
2023,4,16,22,56.602,0.0,-0.0,0.0,-0.0,0.0,0.0,56.602
2023,4,16,23,56.602,0.0,-0.0,0.0,-0.0,0.0,0.0,56.602
2023,4,17,0,56.602,0.0,-0.0,0.0,0.0,-0.0,0.0,56.602
2023,4,17,1,56.602,0.0,-0.0,0.0,-0.0,0.0,0.0,56.602
2023,4,17,2,56.602,0.0,-0.0,0.0,-0.0,0.0,0.0,56.602
2023,4,17,3,56.602,0.0,-0.0,0.0,-0.0,0.0,0.0,56.602
2023,4,17,4,56.602,0.0,-0.0,0.0,-0.0,0.0,0.0,56.602
2023,4,17,5,56.602,0.0,-0.0,0.0,0.0,-0.0,0.0,56.602
2023,4,17,6,56.602,0.0,-0.0,0.0,-0.0,0.0,0.0,56.602
2023,4,17,7,56.602,7.9584897012535825,7.9584897012535825,0.0,-0.0,0.0,0.0,48.90614045888778
2023,4,17,8,56.602,38.194777965866166,38.194777965866166,0.0,-0.0,0.0,0.0,19.667649707007417
2023,4,17,9,56.602,89.63379676665151,89.63379676665151,31.100187666341277,0.0,29.098625963821984,0.0,0.0
2023,4,17,10,56.602,143.3834652508684,143.3834652508684,84.84985615055815,0.0,108.48767189814366,0.0,0.0
2023,4,17,11,56.602,161.450580707748,161.450580707748,102.91697160743776,0.0,204.7810606796921,0.0,0.0
2023,4,17,12,56.602,147.82931948829474,147.82931948829474,89.2957103879845,0.0,288.32983230224664,0.0,0.0
2023,4,17,13,56.602,234.9807543171725,234.9807543171725,176.44714521686228,0.0,453.42110236575235,0.0,0.0
2023,4,17,14,56.602,237.56017100740056,237.56017100740056,179.02656190709033,0.0,620.9257817076534,0.0,0.0
2023,4,17,15,56.602,179.6296824174595,179.6296824174595,121.09607331714925,0.0,734.2282923210189,0.0,0.0
2023,4,17,16,56.602,93.06804185349637,93.06804185349637,34.53443275318613,0.0,766.5401404789418,0.0,0.0
2023,4,17,17,56.602,27.974165957408193,27.974165957408193,0.0,30.559443142902044,735.5117270751773,0.0,0.0
2023,4,17,18,56.602,5.718764644615614,5.718764644615614,0.0,52.81484445569462,681.8863772949592,0.0,0.0
2023,4,17,19,56.602,0.0,-0.0,0.0,58.53360910031024,622.4545017635289,0.0,0.0
2023,4,17,20,56.602,0.0,-0.0,0.0,58.53360910031024,563.0226262320987,0.0,0.0
2023,4,17,21,56.602,0.0,-0.0,0.0,58.53360910031024,503.59075070066837,0.0,0.0
2023,4,17,22,56.602,0.0,-0.0,0.0,58.53360910031024,444.15887516923806,0.0,0.0
2023,4,17,23,56.602,0.0,-0.0,0.0,58.53360910031024,384.72699963780775,0.0,0.0
2023,4,18,0,56.602,0.0,-0.0,0.0,58.53360910031024,325.29512410637744,0.0,0.0
2023,4,18,1,56.602,0.0,-0.0,0.0,58.53360910031024,265.86324857494714,0.0,0.0
2023,4,18,2,56.602,0.0,-0.0,0.0,58.53360910031024,206.43137304351683,0.0,0.0
2023,4,18,3,56.602,0.0,-0.0,0.0,58.53360910031024,146.99949751208652,0.0,0.0
2023,4,18,4,56.602,0.0,-0.0,0.0,58.53360910031024,87.56762198065621,0.0,0.0
2023,4,18,5,56.602,0.0,-0.0,0.0,29.031934375997963,58.09015874557579,0.0,28.528119458409968
2023,4,18,6,56.602,1.3214377834164017,1.3214377834164017,0.0,57.21217131689384,0.0,0.0,0.0
2023,4,18,7,56.602,26.350365291345707,26.350365291345707,0.0,-0.0,0.0,0.0,31.1211967632687
2023,4,18,8,56.602,110.51176716961179,58.53360910031024,0.0,0.0,-0.0,51.97815806930155,0.0
2023,4,18,9,56.602,195.22563456184855,119.09424486510618,60.56063576479595,0.0,56.66304355321506,76.13138969674237,0.0
2023,4,18,10,56.602,236.0707538447363,236.0707538447363,177.53714474442606,0.0,222.77416240006582,0.0,0.0
2023,4,18,11,56.602,256.8889982461862,256.8889982461862,198.35538914587596,0.0,408.3636944822438,0.0,0.0
2023,4,18,12,56.602,183.77690664733416,183.77690664733416,125.24329754702391,0.0,525.5465201582681,0.0,0.0
2023,4,18,13,56.602,162.7720184911644,162.7720184911644,104.23840939085417,0.0,623.0763009579815,0.0,0.0
2023,4,18,14,56.602,110.0638221582842,110.0638221582842,51.53021305797396,0.0,671.2901063438845,0.0,0.0
2023,4,18,15,56.602,139.9417544138347,139.9417544138347,81.40814531352447,0.0,747.4589448184659,0.0,0.0
2023,4,18,16,56.602,84.14647037788846,84.14647037788846,25.612861277578226,0.0,771.4234005373656,0.0,0.0
2023,4,18,17,56.602,71.7831880652469,71.7831880652469,13.249578964936667,0.0,783.820256357502,0.0,0.0
2023,4,18,18,56.602,19.13471773387705,19.13471773387705,0.0,39.39889136643319,743.816743098078,0.0,0.0
2023,4,18,19,56.602,0.145582128681468,0.0,0.0,58.53360910031024,684.3848675666477,0.145582128681468,0.0
2023,4,18,20,56.602,0.0,0.0,0.0,58.53360910031024,624.9529920352174,0.0,0.0
2023,4,18,21,56.602,0.0,0.0,0.0,58.53360910031024,565.5211165037872,0.0,0.0
2023,4,18,22,56.602,0.0,0.0,0.0,58.53360910031024,506.08924097235695,0.0,0.0
2023,4,18,23,56.602,0.0,0.0,0.0,58.53360910031024,446.65736544092664,0.0,0.0
2023,4,19,0,56.602,0.0,0.0,0.0,58.53360910031024,387.22548990949633,0.0,0.0
2023,4,19,1,56.602,0.0,0.0,0.0,58.53360910031024,327.793614378066,0.0,0.0
2023,4,19,2,56.602,0.0,0.0,0.0,58.53360910031024,268.3617388466357,0.0,0.0
2023,4,19,3,56.602,0.0,0.0,0.0,58.53360910031024,208.9298633152054,0.0,0.0
2023,4,19,4,56.602,0.0,0.0,0.0,58.53360910031024,149.4979877837751,0.0,0.0
2023,4,19,5,56.602,0.0,0.0,0.0,58.53360910031024,90.06611225234481,0.0,0.0
2023,4,19,6,56.602,1.4707527871922663,1.4707527871922663,0.0,57.06285631311797,32.127559923249756,0.0,0.0
2023,4,19,7,56.602,26.891632180033216,26.891632180033216,0.0,31.64197692027702,0.0,0.0,0.0
2023,4,19,8,56.602,107.23056996163717,58.53360910031024,0.0,0.0,0.0,48.696960861326936,0.0
2023,4,19,9,56.602,193.78474477541147,58.53360910031024,0.0,0.0,0.0,135.25113567510124,0.0
2023,4,19,10,56.602,226.081580092131,58.53360910031024,0.0,0.0,-0.0,167.54797099182076,0.0
2023,4,19,11,56.602,285.59107484700183,198.08586099427535,139.55225189396512,0.0,130.5708770582889,87.50521385272648,0.0
2023,4,19,12,56.602,275.59816821930207,275.59816821930207,217.06455911899184,0.0,333.66548483267775,0.0,0.0
2023,4,19,13,56.602,252.8873561449931,252.8873561449931,194.35374704468285,0.0,515.5109145321642,0.0,0.0
2023,4,19,14,56.602,222.0015476139555,222.0015476139555,163.46793851364527,0.0,668.4583002816601,0.0,0.0
2023,4,19,15,56.602,91.13814542969335,91.13814542969335,32.604536329383116,0.0,698.964457271811,0.0,0.0
2023,4,19,16,56.602,145.38428630146495,145.38428630146495,86.85067720115472,0.0,780.2255543974785,0.0,0.0
2023,4,19,17,56.602,57.97901596616819,57.97901596616819,0.0,0.554593134142045,779.6624503855179,0.0,0.0
2023,4,19,18,56.602,17.757286824044698,17.757286824044698,0.0,40.77632227626554,738.2603679340591,0.0,0.0
2023,4,19,19,56.602,0.22770538075819352,0.0,0.0,58.53360910031024,678.8284924026289,0.22770538075819352,0.0
2023,4,19,20,56.602,0.0,0.0,0.0,58.53360910031024,619.3966168711986,0.0,0.0
2023,4,19,21,56.602,0.0,0.0,0.0,58.53360910031024,559.9647413397684,0.0,0.0
2023,4,19,22,56.602,0.0,0.0,0.0,58.53360910031024,500.532865808338,0.0,0.0
2023,4,19,23,56.602,0.0,0.0,0.0,58.53360910031024,441.1009902769077,0.0,0.0
2023,4,20,0,56.602,0.0,0.0,0.0,58.53360910031024,381.6691147454774,0.0,0.0
2023,4,20,1,56.602,0.0,0.0,0.0,58.53360910031024,322.23723921404707,0.0,0.0
2023,4,20,2,56.602,0.0,0.0,0.0,58.53360910031024,262.80536368261676,0.0,0.0
2023,4,20,3,56.602,0.0,0.0,0.0,58.53360910031024,203.37348815118645,0.0,0.0
2023,4,20,4,56.602,0.0,0.0,0.0,58.53360910031024,143.94161261975614,0.0,0.0
2023,4,20,5,56.602,0.0,0.0,0.0,58.53360910031024,84.50973708832583,0.0,0.0
2023,4,20,6,56.602,1.7544512943664092,1.7544512943664092,0.0,56.779157805943825,26.859236950544176,0.0,0.0
2023,4,20,7,56.602,32.080328561244514,32.080328561244514,0.0,26.453280539065723,0.0,0.0,0.0
2023,4,20,8,56.602,101.01906580456121,58.53360910031024,0.0,0.0,0.0,42.48545670425097,0.0
2023,4,20,9,56.602,181.25721595861643,58.53360910031024,0.0,0.0,0.0,122.7236068583062,0.0
2023,4,20,10,56.602,275.86320235100425,58.53360910031024,0.0,0.0,0.0,217.32959325069402,0.0
2023,4,20,11,56.602,323.2968461755021,58.53360910031024,0.0,0.0,-0.0,264.76323707519185,0.0
2023,4,20,12,56.602,336.4776281338165,160.41643620990618,101.88282710959594,0.0,95.32580028150181,176.06119192391031,0.0
2023,4,20,13,56.602,318.87712206373646,318.87712206373646,260.34351296342624,0.0,338.91399296720215,0.0,0.0
2023,4,20,14,56.602,249.72187806494478,249.72187806494478,191.18826896463455,0.0,517.7976700356043,0.0,0.0
2023,4,20,15,56.602,217.3429194961485,217.3429194961485,158.80931039583828,0.0,666.3862500261458,0.0,0.0
2023,4,20,16,56.602,160.58828656094235,160.58828656094235,102.05467746063212,0.0,761.8728406263493,0.0,0.0
2023,4,20,17,56.602,77.83044571816941,77.83044571816941,19.296836617859178,0.0,779.9277616143592,0.0,0.0
2023,4,20,18,56.602,18.59345084518954,18.59345084518954,0.0,39.94015825512069,739.3746750951925,0.0,0.0
2023,4,20,19,56.602,0.291164257362936,0.0,0.0,58.53360910031024,679.9427995637623,0.291164257362936,0.0
2023,4,20,20,56.602,0.0,0.0,0.0,58.53360910031024,620.510924032332,0.0,0.0
2023,4,20,21,56.602,0.0,0.0,0.0,58.53360910031024,561.0790485009018,0.0,0.0
2023,4,20,22,56.602,0.0,0.0,0.0,58.53360910031024,501.6471729694714,0.0,0.0
2023,4,20,23,56.602,0.0,0.0,0.0,58.53360910031024,442.2152974380411,0.0,0.0
2023,4,21,0,56.602,0.0,0.0,0.0,58.53360910031024,382.7834219066108,0.0,0.0
2023,4,21,1,56.602,0.0,0.0,0.0,58.53360910031024,323.3515463751805,0.0,0.0
2023,4,21,2,56.602,0.0,0.0,0.0,58.53360910031024,263.91967084375017,0.0,0.0
2023,4,21,3,56.602,0.0,0.0,0.0,58.53360910031024,204.48779531231986,0.0,0.0
2023,4,21,4,56.602,0.0,0.0,0.0,58.53360910031024,145.05591978088955,0.0,0.0
2023,4,21,5,56.602,0.0,0.0,0.0,58.53360910031024,85.62404424945925,0.0,0.0
2023,4,21,6,56.602,2.1277388038060705,2.1277388038060705,0.0,56.40587029650416,28.352560152879427,0.0,0.0
2023,4,21,7,56.602,30.609575774052246,30.609575774052246,0.0,27.92403332625799,0.0,0.0,0.0
2023,4,21,8,56.602,78.22986335326986,58.53360910031024,0.0,0.0,0.0,19.696254252959626,0.0
2023,4,21,9,56.602,174.17968477964047,58.53360910031024,0.0,0.0,0.0,115.64607567933024,0.0
2023,4,21,10,56.602,259.6102641900014,58.53360910031024,0.0,0.0,0.0,201.07665508969114,0.0
2023,4,21,11,56.602,286.29658823984283,58.53360910031024,0.0,0.0,-0.0,227.7629791395326,0.0
2023,4,21,12,56.602,274.32899068720724,253.0776149324548,194.54400583214456,0.0,182.02344371509545,21.251375754752445,0.0
2023,4,21,13,56.602,290.0406619595226,290.0406619595226,231.50705285921234,0.0,398.6310478688067,0.0,0.0
2023,4,21,14,56.602,239.6169851844131,239.6169851844131,181.08337608410284,0.0,568.0601678943486,0.0,0.0
2023,4,21,15,56.602,191.7615264742485,191.7615264742485,133.22791737393828,0.0,692.7137351716577,0.0,0.0
2023,4,21,16,56.602,137.1794268439812,137.1794268439812,78.64581774367096,0.0,766.2980253596796,0.0,0.0
2023,4,21,17,56.602,76.57246681135777,76.57246681135777,18.038857711047534,0.0,783.1759290874589,0.0,0.0
2023,4,21,18,56.602,12.837357449629957,12.837357449629957,0.0,45.69625165068028,736.7784152129599,0.0,0.0
2023,4,21,19,56.602,0.33969163359009197,0.33969163359009197,0.0,58.193917466720144,677.6914442790232,0.0,0.0
2023,4,21,20,56.602,0.0,0.0,0.0,58.53360910031024,618.259568747593,0.0,0.0
2023,4,21,21,56.602,0.0,0.0,0.0,58.53360910031024,558.8276932161627,0.0,0.0
2023,4,21,22,56.602,0.0,0.0,0.0,58.53360910031024,499.3958176847325,0.0,0.0
2023,4,21,23,56.602,0.0,0.0,0.0,58.53360910031024,439.9639421533022,0.0,0.0
2023,4,22,0,56.602,0.0,0.0,0.0,58.53360910031024,380.5320666218719,0.0,0.0
2023,4,22,1,56.602,0.0,0.0,0.0,58.53360910031024,321.10019109044157,0.0,0.0
2023,4,22,2,56.602,0.0,0.0,0.0,58.53360910031024,261.66831555901126,0.0,0.0
2023,4,22,3,56.602,0.0,0.0,0.0,58.53360910031024,202.23644002758093,0.0,0.0
2023,4,22,4,56.602,0.0,0.0,0.0,58.53360910031024,142.80456449615062,0.0,0.0
2023,4,22,5,56.602,0.0,0.0,0.0,58.53360910031024,83.37268896472031,0.0,0.0
2023,4,22,6,56.602,2.1277388038060705,2.1277388038060705,0.0,56.40587029650416,26.1012048681405,0.0,0.0
2023,4,22,7,56.602,32.82690358012383,32.82690358012383,0.0,25.7067055201864,0.0,0.0,0.0
2023,4,22,8,56.602,123.15128223923872,58.53360910031024,0.0,0.0,0.0,64.6176731389285,0.0
2023,4,22,9,56.602,210.04141581150873,58.53360910031024,0.0,0.0,0.0,151.5078067111985,0.0
2023,4,22,10,56.602,254.95163607219442,58.53360910031024,0.0,0.0,0.0,196.4180269718842,0.0
2023,4,22,11,56.602,270.21536233318216,58.53360910031024,0.0,0.0,-0.0,211.68175323287193,0.0
2023,4,22,12,56.602,286.26299236399325,236.526413367477,177.99280426716678,0.0,166.537452802174,49.73657899651624,0.0
2023,4,22,13,56.602,248.2473924026581,248.2473924026581,189.71378330234785,0.0,344.0415399068045,0.0,0.0
2023,4,22,14,56.602,238.6539034100588,238.6539034100588,180.12029430974857,0.0,512.5695606648703,0.0,0.0
2023,4,22,15,56.602,216.82404985802737,216.82404985802737,158.29044075771714,0.0,660.672664693477,0.0,0.0
2023,4,22,16,56.602,153.25318700045304,153.25318700045304,94.71957790014281,0.0,749.2962318030193,0.0,0.0
2023,4,22,17,56.602,83.66866236580569,83.66866236580569,25.13505326549545,0.0,772.8136305210006,0.0,0.0
2023,4,22,18,56.602,21.710401549010676,21.710401549010676,0.0,36.82320755129956,735.4253279458693,0.0,0.0
2023,4,22,19,56.602,0.582328514725872,0.582328514725872,0.0,57.951280585584364,676.5847174387138,0.0,0.0
2023,4,22,20,56.602,0.0,0.0,0.0,58.53360910031024,617.1528419072836,0.0,0.0
2023,4,22,21,56.602,0.0,0.0,0.0,58.53360910031024,557.7209663758533,0.0,0.0
2023,4,22,22,56.602,0.0,0.0,0.0,58.53360910031024,498.2890908444231,0.0,0.0
2023,4,22,23,56.602,0.0,0.0,0.0,58.53360910031024,438.85721531299276,0.0,0.0
2023,4,23,0,56.602,0.0,0.0,0.0,58.53360910031024,379.42533978156246,0.0,0.0
2023,4,23,1,56.602,0.0,0.0,0.0,58.53360910031024,319.99346425013215,0.0,0.0
2023,4,23,2,56.602,0.0,0.0,0.0,58.53360910031024,260.56158871870184,0.0,0.0
2023,4,23,3,56.602,0.0,0.0,0.0,58.53360910031024,201.12971318727156,0.0,0.0
2023,4,23,4,56.602,0.0,0.0,0.0,58.53360910031024,141.69783765584125,0.0,0.0
2023,4,23,5,56.602,0.0,0.0,0.0,58.53360910031024,82.26596212441095,0.0,0.0
2023,4,23,6,56.602,2.2919853079595214,2.2919853079595214,0.0,56.241623792350715,25.16124508595994,0.0,0.0
2023,4,23,7,56.602,33.75265660353419,33.75265660353419,0.0,24.780952496776045,0.0,0.0,0.0
2023,4,23,8,56.602,120.67265317655938,58.53360910031024,0.0,0.0,0.0,62.13904407624914,0.0
2023,4,23,9,56.602,196.07673008337102,58.53360910031024,0.0,0.0,0.0,137.5431209830608,0.0
2023,4,23,10,56.602,262.0739617523032,58.53360910031024,0.0,0.0,0.0,203.54035265199298,0.0
2023,4,23,11,56.602,305.3566484718319,58.53360910031024,0.0,0.0,0.0,246.82303937152165,0.0
2023,4,23,12,56.602,326.48845438121117,196.48219732303298,137.94858822272275,0.0,129.0704227895915,130.0062570581782,0.0
2023,4,23,13,56.602,324.0060924434374,324.0060924434374,265.4724833431272,0.0,377.4574929695252,0.0,0.0
2023,4,23,14,56.602,279.76778969974316,279.76778969974316,221.2341805994329,0.0,584.4533716034911,0.0,0.0
2023,4,23,15,56.602,140.4792884274278,140.4792884274278,81.94567932711756,0.0,661.1251492041056,0.0,0.0
2023,4,23,16,56.602,140.40089805044548,140.40089805044548,81.86728895013525,0.0,737.7235815155069,0.0,0.0
2023,4,23,17,56.602,92.87766522368219,92.87766522368219,34.34405612337195,0.0,769.8573053996264,0.0,0.0
2023,4,23,18,56.602,21.36324416523179,21.36324416523179,0.0,37.170364935078446,732.1165179061774,0.0,0.0
2023,4,23,19,56.602,0.7615065192569095,0.7615065192569095,0.0,57.772102581053325,673.4578350987988,0.0,0.0
2023,4,23,20,56.602,0.0,0.0,0.0,58.53360910031024,614.0259595673685,0.0,0.0
2023,4,23,21,56.602,0.0,0.0,0.0,58.53360910031024,554.5940840359383,0.0,0.0
2023,4,23,22,56.602,0.0,0.0,0.0,58.53360910031024,495.16220850450793,0.0,0.0
2023,4,23,23,56.602,0.0,0.0,0.0,58.53360910031024,435.7303329730776,0.0,0.0
2023,4,24,0,56.602,0.0,0.0,0.0,58.53360910031024,376.2984574416473,0.0,0.0
2023,4,24,1,56.602,0.0,0.0,0.0,58.53360910031024,316.866581910217,0.0,0.0
2023,4,24,2,56.602,0.0,0.0,0.0,58.53360910031024,257.4347063787867,0.0,0.0
2023,4,24,3,56.602,0.0,0.0,0.0,58.53360910031024,198.00283084735642,0.0,0.0
2023,4,24,4,56.602,0.0,0.0,0.0,58.53360910031024,138.5709553159261,0.0,0.0
2023,4,24,5,56.602,0.0,0.0,0.0,58.53360910031024,79.1390797844958,0.0,0.0
2023,4,24,6,56.602,3.437977961939282,3.437977961939282,0.0,55.095631138370955,23.19794199253445,0.0,0.0
2023,4,24,7,56.602,35.6862859024316,35.6862859024316,0.0,22.847323197878637,0.0,0.0,0.0
2023,4,24,8,56.602,118.59344174898045,58.53360910031024,0.0,0.0,0.0,60.059832648670216,0.0
2023,4,24,9,56.602,179.83872342274572,58.53360910031024,0.0,0.0,0.0,121.30511432243549,0.0
2023,4,24,10,56.602,168.57663926295115,58.53360910031024,0.0,0.0,0.0,110.04303016264092,0.0
2023,4,24,11,56.602,244.84301031656838,178.1860547912497,119.65244569093944,0.0,111.9517927084834,66.6569555253187,0.0
2023,4,24,12,56.602,230.67301645823883,230.67301645823883,172.1394073579286,0.0,273.0125644980842,0.0,0.0
2023,4,24,13,56.602,197.35337336565468,197.35337336565468,138.81976426534442,0.0,402.8980957392664,0.0,0.0
2023,4,24,14,56.602,227.3843535000754,227.3843535000754,168.85074439976518,0.0,560.8818580147336,0.0,0.0
2023,4,24,15,56.602,182.64211261863758,182.64211261863758,124.10850351832735,0.0,677.0029233135767,0.0,0.0
2023,4,24,16,56.602,136.4291189500075,136.4291189500075,77.89550984969728,0.0,749.8851943048439,0.0,0.0
2023,4,24,17,56.602,91.15307693007094,91.15307693007094,32.6194678297607,0.0,780.4053218262736,0.0,0.0
2023,4,24,18,56.602,21.78132617580425,21.78132617580425,0.0,36.75228292450599,743.0890322989707,0.0,0.0
2023,4,24,19,56.602,0.7801708947288925,0.7801708947288925,0.0,57.75343820558135,684.4493002936522,0.0,0.0
2023,4,24,20,56.602,0.0,0.0,0.0,58.53360910031024,625.0174247622219,0.0,0.0
2023,4,24,21,56.602,0.0,0.0,0.0,58.53360910031024,565.5855492307916,0.0,0.0
2023,4,24,22,56.602,0.0,0.0,0.0,58.53360910031024,506.15367369936126,0.0,0.0
2023,4,24,23,56.602,0.0,0.0,0.0,58.53360910031024,446.72179816793096,0.0,0.0
2023,4,25,0,56.602,0.0,0.0,0.0,58.53360910031024,387.28992263650065,0.0,0.0
2023,4,25,1,56.602,0.0,0.0,0.0,58.53360910031024,327.85804710507034,0.0,0.0
2023,4,25,2,56.602,0.0,0.0,0.0,58.53360910031024,268.42617157364003,0.0,0.0
2023,4,25,3,56.602,0.0,0.0,0.0,58.53360910031024,208.99429604220973,0.0,0.0
2023,4,25,4,56.602,0.0,0.0,0.0,58.53360910031024,149.56242051077942,0.0,0.0
2023,4,25,5,56.602,0.0,0.0,0.0,58.53360910031024,90.13054497934912,0.0,0.0
2023,4,25,6,56.602,1.7283211687056326,1.7283211687056326,0.0,56.8052879316046,32.45351371868334,0.0,0.0
2023,4,25,7,56.602,26.570604921915102,26.570604921915102,0.0,31.96300417839513,0.0,0.0,0.0
2023,4,25,8,56.602,74.69109776378187,58.53360910031024,0.0,0.0,0.0,16.157488663471632,0.0
2023,4,25,9,56.602,136.14168756773893,58.53360910031024,0.0,0.0,0.0,77.6080784674287,0.0
2023,4,25,10,56.602,215.032269812717,58.53360910031024,0.0,0.0,0.0,156.49866071240677,0.0
2023,4,25,11,56.602,304.94976508654264,243.26365227326613,184.7300431729559,0.0,172.8410930583593,61.68611281327651,0.0
2023,4,25,12,56.602,299.7461372049538,299.7461372049538,241.21252810464358,0.0,398.5295425432255,0.0,0.0
2023,4,25,13,56.602,215.85350233348427,215.85350233348427,157.31989323317404,0.0,545.7245620387167,0.0,0.0
2023,4,25,14,56.602,166.98643447273815,166.98643447273815,108.45282537242791,0.0,647.1975252918431,0.0,0.0
2023,4,25,15,56.602,135.01062641413677,135.01062641413677,76.47701731382654,0.0,718.7525958116339,0.0,0.0
2023,4,25,16,56.602,116.08121681045155,116.08121681045155,57.547607710141314,0.0,772.596525302853,0.0,0.0
2023,4,25,17,56.602,63.723910736444616,63.723910736444616,5.190301636134379,0.0,777.4527868653112,0.0,0.0
2023,4,25,18,56.602,17.335471938377843,17.335471938377843,0.0,41.198137161932394,735.6224162872943,0.0,0.0
2023,4,25,19,56.602,0.6345887660474245,0.6345887660474245,0.0,57.89902033426281,676.8348680259071,0.0,0.0
2023,4,25,20,56.602,0.0,0.0,0.0,58.53360910031024,617.4029924944768,0.0,0.0
2023,4,25,21,56.602,0.0,0.0,0.0,58.53360910031024,557.9711169630466,0.0,0.0
2023,4,25,22,56.602,0.0,0.0,0.0,58.53360910031024,498.5392414316163,0.0,0.0
2023,4,25,23,56.602,0.0,0.0,0.0,58.53360910031024,439.107365900186,0.0,0.0
2023,4,26,0,56.602,0.0,0.0,0.0,58.53360910031024,379.6754903687557,0.0,0.0
2023,4,26,1,56.602,0.0,0.0,0.0,58.53360910031024,320.24361483732537,0.0,0.0
2023,4,26,2,56.602,0.0,0.0,0.0,58.53360910031024,260.81173930589506,0.0,0.0
2023,4,26,3,56.602,0.0,0.0,0.0,58.53360910031024,201.37986377446475,0.0,0.0
2023,4,26,4,56.602,0.0,0.0,0.0,58.53360910031024,141.94798824303444,0.0,0.0
2023,4,26,5,56.602,0.0,0.0,0.0,58.53360910031024,82.51611271160415,0.0,0.0
2023,4,26,6,56.602,1.9261635487086533,1.9261635487086533,0.0,56.60744555160158,25.039959952775344,0.0,0.0
2023,4,26,7,56.602,33.87210860655489,33.87210860655489,0.0,24.661500493755348,0.0,0.0,0.0
2023,4,26,8,56.602,87.36047583416398,58.53360910031024,0.0,0.0,0.0,28.82686673385374,0.0
2023,4,26,9,56.602,215.19278344177607,58.53360910031024,0.0,0.0,0.0,156.65917434146584,0.0
2023,4,26,10,56.602,285.5948077220963,58.53360910031024,0.0,0.0,0.0,227.06119862178605,0.0
2023,4,26,11,56.602,290.3990179685847,58.53360910031024,0.0,0.0,0.0,231.86540886827447,0.0
2023,4,26,12,56.602,310.82157761002856,58.53360910031024,0.0,0.0,-0.0,252.28796850971833,0.0
2023,4,26,13,56.602,308.73863330735526,275.0706912300671,216.53708212975687,0.0,202.60107841762286,33.66794207728816,0.0
2023,4,26,14,56.602,296.8830220075516,296.8830220075516,238.34941290724132,0.0,425.6106785297983,0.0,0.0
2023,4,26,15,56.602,250.07276832381802,250.07276832381802,191.5391592235078,0.0,604.8226630832498,0.0,0.0
2023,4,26,16,56.602,186.74080947228506,186.74080947228506,128.20720037197484,0.0,724.7786392180961,0.0,0.0
2023,4,26,17,56.602,104.84152990122332,104.84152990122332,46.30792080091309,0.0,768.1062512892739,0.0,0.0
2023,4,26,18,56.602,21.982901430901666,21.982901430901666,0.0,36.550707669408574,730.99463042422,0.0,0.0
2023,4,26,19,56.602,1.2019857803957101,1.2019857803957101,0.0,57.33162331991452,672.7831865454596,0.0,0.0
2023,4,26,20,56.602,0.0,0.0,0.0,58.53360910031024,613.3513110140293,0.0,0.0
2023,4,26,21,56.602,0.0,0.0,0.0,58.53360910031024,553.919435482599,0.0,0.0
2023,4,26,22,56.602,0.0,0.0,0.0,58.53360910031024,494.4875599511687,0.0,0.0
2023,4,26,23,56.602,0.0,0.0,0.0,58.53360910031024,435.0556844197384,0.0,0.0
2023,4,27,0,56.602,0.0,0.0,0.0,58.53360910031024,375.6238088883081,0.0,0.0
2023,4,27,1,56.602,0.0,0.0,0.0,58.53360910031024,316.19193335687777,0.0,0.0
2023,4,27,2,56.602,0.0,0.0,0.0,58.53360910031024,256.76005782544746,0.0,0.0
2023,4,27,3,56.602,0.0,0.0,0.0,58.53360910031024,197.32818229401715,0.0,0.0
2023,4,27,4,56.602,0.0,0.0,0.0,58.53360910031024,137.89630676258685,0.0,0.0
2023,4,27,5,56.602,0.0,0.0,0.0,58.53360910031024,78.46443123115654,0.0,0.0
2023,4,27,6,56.602,3.221471206464279,3.221471206464279,0.0,55.31213789384596,22.303464135298107,0.0,0.0
2023,4,27,7,56.602,36.5672444247092,36.5672444247092,0.0,21.966364675601035,0.0,0.0,0.0
2023,4,27,8,56.602,129.58302602688408,58.53360910031024,0.0,0.0,0.0,71.04941692657385,0.0
2023,4,27,9,56.602,217.61915225313388,58.53360910031024,0.0,0.0,0.0,159.08554315282365,0.0
2023,4,27,10,56.602,284.12032205980955,58.53360910031024,0.0,0.0,0.0,225.58671295949932,0.0
2023,4,27,11,56.602,331.22174000090604,58.53360910031024,0.0,0.0,0.0,272.6881309005958,0.0
2023,4,27,12,56.602,348.934232323818,58.53360910031024,0.0,0.0,0.0,290.40062322350775,0.0
2023,4,27,13,56.602,344.58916571394036,229.4019276602508,170.86831855994055,0.0,159.87148837124099,115.18723805368955,0.0
2023,4,27,14,56.602,317.22719127201316,317.22719127201316,258.69358217170293,0.0,401.915937350645,0.0,0.0
2023,4,27,15,56.602,269.03950667844725,269.03950667844725,210.505897578137,0.0,598.873989260865,0.0,0.0
2023,4,27,16,56.602,195.06885380788395,195.06885380788395,136.53524470757372,0.0,726.6220292164061,0.0,0.0
2023,4,27,17,56.602,97.86851922489046,97.86851922489046,39.334910124580226,0.0,763.425403180431,0.0,0.0
2023,4,27,18,56.602,26.05920103398277,26.05920103398277,0.0,32.47440806632746,730.4526374853011,0.0,0.0
2023,4,27,19,56.602,1.7581841694608056,1.7581841694608056,0.0,56.77542493084943,672.8059275079315,0.0,0.0
2023,4,27,20,56.602,0.0,0.0,0.0,58.53360910031024,613.3740519765013,0.0,0.0
2023,4,27,21,56.602,0.0,0.0,0.0,58.53360910031024,553.942176445071,0.0,0.0
2023,4,27,22,56.602,0.0,0.0,0.0,58.53360910031024,494.5103009136408,0.0,0.0
2023,4,27,23,56.602,0.0,0.0,0.0,58.53360910031024,435.07842538221047,0.0,0.0
2023,4,28,0,56.602,0.0,0.0,0.0,58.53360910031024,375.64654985078016,0.0,0.0
2023,4,28,1,56.602,0.0,0.0,0.0,58.53360910031024,316.21467431934985,0.0,0.0
2023,4,28,2,56.602,0.0,0.0,0.0,58.53360910031024,256.78279878791955,0.0,0.0
2023,4,28,3,56.602,0.0,0.0,0.0,58.53360910031024,197.3509232564892,0.0,0.0
2023,4,28,4,56.602,0.0,0.0,0.0,58.53360910031024,137.9190477250589,0.0,0.0
2023,4,28,5,56.602,0.0,0.0,0.0,58.53360910031024,78.4871721936286,0.0,0.0
2023,4,28,6,56.602,3.378251960428937,3.378251960428937,0.0,55.155357139881296,22.485391835074946,0.0,0.0
2023,4,28,7,56.602,36.388066420178205,36.388066420178205,0.0,22.14554268013203,0.0,0.0,0.0
2023,4,28,8,56.602,128.45196487328192,58.53360910031024,0.0,0.0,0.0,69.9183557729717,0.0
2023,4,28,9,56.602,211.34045634435876,58.53360910031024,0.0,0.0,0.0,152.80684724404853,0.0
2023,4,28,10,56.602,271.1224509811205,58.53360910031024,0.0,0.0,0.0,212.58884188081026,0.0
2023,4,28,11,56.602,308.77596205829917,58.53360910031024,0.0,0.0,-0.0,250.24235295798894,0.0
2023,4,28,12,56.602,329.0790696967224,128.36435840385263,69.8307493035424,0.0,65.33654640792884,200.71471129286977,0.0
2023,4,28,13,56.602,333.5435883096207,333.5435883096207,275.0099792093105,0.0,322.647293442132,0.0,0.0
2023,4,28,14,56.602,248.82225516719518,248.82225516719518,190.28864606688492,0.0,500.68924600099245,0.0,0.0
2023,4,28,15,56.602,168.1884202531339,168.1884202531339,109.65481115282367,0.0,603.2868370220542,0.0,0.0
2023,4,28,16,56.602,187.05063810511996,187.05063810511996,128.51702900480973,0.0,723.5327016809335,0.0,0.0
2023,4,28,17,56.602,99.29074463585556,99.29074463585556,40.75713553554532,0.0,761.6667687492546,0.0,0.0
2023,4,28,18,56.602,23.614167847152984,23.614167847152984,0.0,34.91944125315725,726.2114479842527,0.0,0.0
2023,4,28,19,56.602,1.7843142951215822,1.7843142951215822,0.0,56.749294805188654,668.5912691297672,0.0,0.0
2023,4,28,20,56.602,0.0,0.0,0.0,58.53360910031024,609.1593935983369,0.0,0.0
2023,4,28,21,56.602,0.0,0.0,0.0,58.53360910031024,549.7275180669067,0.0,0.0
2023,4,28,22,56.602,0.0,0.0,0.0,58.53360910031024,490.29564253547636,0.0,0.0
2023,4,28,23,56.602,0.0,0.0,0.0,58.53360910031024,430.86376700404605,0.0,0.0
2023,4,29,0,56.602,0.0,0.0,0.0,58.53360910031024,371.43189147261575,0.0,0.0
2023,4,29,1,56.602,0.0,0.0,0.0,58.53360910031024,312.00001594118544,0.0,0.0
2023,4,29,2,56.602,0.0,0.0,0.0,58.53360910031024,252.5681404097551,0.0,0.0
2023,4,29,3,56.602,0.0,0.0,0.0,58.53360910031024,193.1362648783248,0.0,0.0
2023,4,29,4,56.602,0.0,0.0,0.0,58.53360910031024,133.7043893468945,0.0,0.0
2023,4,29,5,56.602,0.0,0.0,0.0,58.53360910031024,74.27251381546418,0.0,0.0
2023,4,29,6,56.602,4.890066373659528,4.890066373659528,0.0,53.64354272665071,19.80574842377794,0.0,0.0
2023,4,29,7,56.602,39.02720911191661,39.02720911191661,0.0,19.506399988393625,0.0,0.0,0.0
2023,4,29,8,56.602,123.90159013321244,58.53360910031024,0.0,0.0,0.0,65.36798103290221,0.0
2023,4,29,9,56.602,208.02939613562893,58.53360910031024,0.0,0.0,0.0,149.4957870353187,0.0
2023,4,29,10,56.602,273.10460765624515,58.53360910031024,0.0,0.0,0.0,214.57099855593492,0.0
2023,4,29,11,56.602,313.5540421791269,58.53360910031024,0.0,0.0,-0.0,255.02043307881667,0.0
2023,4,29,12,56.602,331.7518082643104,233.93072127096917,175.39711217065894,0.0,164.10881557837757,97.82108699334123,0.0
2023,4,29,13,56.602,328.74311093822666,328.74311093822666,270.20950183791643,0.0,416.92803680647876,0.0,0.0
2023,4,29,14,56.602,301.34007487026116,301.34007487026116,242.80646576995093,0.0,644.1078405053462,0.0,0.0
2023,4,29,15,56.602,228.65353103217024,228.65353103217024,170.11992193185998,0.0,803.2790979395028,0.0,0.0
2023,4,29,16,56.602,98.28286836036848,98.28286836036848,39.749259260058246,0.0,840.4701541465116,0.0,0.0
2023,4,29,17,56.602,31.62865067482252,31.62865067482252,0.0,26.904958425487717,813.1523077861132,0.0,0.0
2023,4,29,18,56.602,16.88752692705029,16.88752692705029,0.0,41.64608217325995,770.8671179586541,0.0,0.0
2023,4,29,19,56.602,1.1497255290741575,1.1497255290741575,0.0,57.383883571236076,712.6026118341255,0.0,0.0
2023,4,29,20,56.602,0.0,-0.0,0.0,58.53360910031024,653.1707363026951,0.0,0.0
2023,4,29,21,56.602,0.0,-0.0,0.0,58.53360910031024,593.7388607712649,0.0,0.0
2023,4,29,22,56.602,0.0,-0.0,0.0,58.53360910031024,534.3069852398346,0.0,0.0
2023,4,29,23,56.602,0.0,-0.0,0.0,58.53360910031024,474.8751097084043,0.0,0.0
2023,4,30,0,56.602,0.0,-0.0,0.0,58.53360910031024,415.443234176974,0.0,0.0
2023,4,30,1,56.602,0.0,-0.0,0.0,58.53360910031024,356.0113586455437,0.0,0.0
2023,4,30,2,56.602,0.0,-0.0,0.0,58.53360910031024,296.5794831141134,0.0,0.0
2023,4,30,3,56.602,0.0,-0.0,0.0,58.53360910031024,237.14760758268307,0.0,0.0
2023,4,30,4,56.602,0.0,-0.0,0.0,58.53360910031024,177.71573205125276,0.0,0.0
2023,4,30,5,56.602,0.0,-0.0,0.0,58.53360910031024,118.28385651982245,0.0,0.0
2023,4,30,6,56.602,3.650751842319852,3.650751842319852,0.0,54.88285725799038,62.55875787134619,0.0,0.0
2023,4,30,7,56.602,32.34162981785227,32.34162981785227,0.0,26.191979282457964,35.96483214964329,0.0,0.0
2023,4,30,8,56.602,102.78098284911638,102.78098284911638,44.24737374880615,0.0,77.36451090436046,0.0,0.0
2023,4,30,9,56.602,163.40660725721182,163.40660725721182,104.87299815690157,0.0,175.48803928341857,0.0,0.0
2023,4,30,10,56.602,165.4708871844131,165.4708871844131,106.93727808410287,0.0,275.5429936117569,0.0,0.0
2023,4,30,11,56.602,186.02783032925532,186.02783032925532,127.4942212289451,0.0,394.83187687804525,0.0,0.0
2023,4,30,12,56.602,159.82678004168545,159.82678004168545,101.29317094137522,0.0,489.60597038303507,0.0,0.0
2023,4,30,13,56.602,76.78150781664394,76.78150781664394,18.247898716333705,0.0,506.6794615487162,0.0,0.0
2023,4,30,14,56.602,70.47294890711366,70.47294890711366,11.939339806803424,0.0,517.8504032491466,0.0,0.0
2023,4,30,15,56.602,36.746422429240276,36.746422429240276,0.0,21.78718667106996,495.72886681362536,0.0,0.0
2023,4,30,16,56.602,27.51502232079745,27.51502232079745,0.0,31.018586779512784,464.2342636791827,0.0,0.0
2023,4,30,17,56.602,12.337152186980775,12.337152186980775,0.0,46.19645691332946,417.32886830947314,0.0,0.0
2023,4,30,18,56.602,2.12027305361724,2.12027305361724,0.0,56.413336046693,360.0498038920705,0.0,0.0
2023,4,30,19,56.602,0.0,-0.0,0.0,58.53360910031024,300.6179283606402,0.0,0.0
2023,4,30,20,56.602,0.0,-0.0,0.0,58.53360910031024,241.18605282920987,0.0,0.0
2023,4,30,21,56.602,0.0,-0.0,0.0,58.53360910031024,181.75417729777956,0.0,0.0
2023,4,30,22,56.602,0.0,-0.0,0.0,58.53360910031024,122.32230176634926,0.0,0.0
2023,4,30,23,56.602,0.0,-0.0,0.0,58.53360910031024,62.89042623491895,0.0,0.0
2023,5,1,0,56.602,0.0,-0.0,0.0,58.53360910031024,3.4585507034886405,0.0,0.0
2023,5,1,1,56.602,0.0,-0.0,0.0,3.40627740789615,-0.0,0.0,53.30812974656442
2023,5,1,2,56.602,0.0,-0.0,0.0,0.0,-0.0,0.0,56.602
2023,5,1,3,56.602,0.0,-0.0,0.0,0.0,-0.0,0.0,56.602
2023,5,1,4,56.602,0.0,-0.0,0.0,0.0,-0.0,0.0,56.602
2023,5,1,5,56.602,0.0,-0.0,0.0,0.0,-0.0,0.0,56.602
2023,5,1,6,56.602,1.4296911611539036,1.4296911611539036,0.0,0.0,-0.0,0.0,55.21948864716417
2023,5,1,7,56.602,9.600954742788094,9.600954742788094,0.0,0.0,-0.0,0.0,47.31787676372391
2023,5,1,8,56.602,21.960504180335285,21.960504180335285,0.0,0.0,-0.0,0.0,35.366192457615774
2023,5,1,9,56.602,19.351224489352052,19.351224489352052,0.0,0.0,-0.0,0.0,37.889365918796564
2023,5,1,10,56.602,24.584715371696106,24.584715371696106,0.0,0.0,-0.0,0.0,32.828580235569866
2023,5,1,11,56.602,34.48056724694153,34.48056724694153,0.0,0.0,-0.0,0.0,23.259291472207536
2023,5,1,12,56.602,30.628240149524224,30.628240149524224,0.0,0.0,-0.0,0.0,26.984491775410074
2023,5,1,13,56.602,38.6016613511554,38.6016613511554,0.0,0.0,-0.0,0.0,19.274193473432724
2023,5,1,14,56.602,27.571015447213398,27.571015447213398,0.0,0.0,-0.0,0.0,29.940828062544643
2023,5,1,15,56.602,27.27238543966167,27.27238543966167,0.0,0.0,0.0,0.0,30.229603279847165
2023,5,1,16,56.602,15.91324652741277,15.91324652741277,0.0,-0.0,0.0,0.0,41.21389060799185
2023,5,1,17,56.602,8.555749716357042,8.555749716357042,0.0,-0.0,0.0,0.0,48.32859002428274
2023,5,1,18,56.602,2.6839371928711664,2.6839371928711664,0.0,-0.0,0.0,0.0,54.00663273449358
2023,5,1,19,56.602,0.0,-0.0,0.0,-0.0,0.0,0.0,56.602
2023,5,1,20,56.602,0.0,-0.0,0.0,0.0,-0.0,0.0,56.602
2023,5,1,21,56.602,0.0,-0.0,0.0,-0.0,0.0,0.0,56.602
2023,5,1,22,56.602,0.0,-0.0,0.0,0.0,-0.0,0.0,56.602
2023,5,1,23,56.602,0.0,-0.0,0.0,-0.0,0.0,0.0,56.602
2023,5,2,0,56.602,0.0,-0.0,0.0,-0.0,0.0,0.0,56.602
2023,5,2,1,56.602,0.0,-0.0,0.0,-0.0,0.0,0.0,56.602
2023,5,2,2,56.602,0.0,-0.0,0.0,-0.0,0.0,0.0,56.602
2023,5,2,3,56.602,0.0,-0.0,0.0,-0.0,0.0,0.0,56.602
2023,5,2,4,56.602,0.0,-0.0,0.0,-0.0,0.0,0.0,56.602
2023,5,2,5,56.602,0.0,-0.0,0.0,-0.0,0.0,0.0,56.602
2023,5,2,6,56.602,0.003732875094396615,0.003732875094396615,0.0,0.0,-0.0,0.0,56.59839030978372
2023,5,2,7,56.602,13.647391345114025,13.647391345114025,0.0,-0.0,0.0,0.0,43.40497256927473
2023,5,2,8,56.602,44.85796000936412,44.85796000936412,0.0,-0.0,0.0,0.0,13.224352670944894
2023,5,2,9,56.602,96.33804043618784,96.33804043618784,37.8044313358776,0.0,35.37139450795821,0.0,0.0
2023,5,2,10,56.602,149.9645240422896,149.9645240422896,91.43091494197938,0.0,120.91795210336682,0.0,0.0
2023,5,2,11,56.602,173.53389738830984,173.53389738830984,115.0002882879996,0.0,228.51699332220306,0.0,0.0
2023,5,2,12,56.602,164.23157265307344,164.23157265307344,105.69796355276321,0.0,327.41239355440933,0.0,0.0
2023,5,2,13,56.602,94.89341777465634,94.89341777465634,36.35980867434611,0.0,361.4321391611533,0.0,0.0
2023,5,2,14,56.602,72.16394132487535,72.16394132487535,13.630332224565116,0.0,374.18524352889654,0.0,0.0
2023,5,2,15,56.602,60.33446015073249,60.33446015073249,1.8008510504222532,0.0,375.8701944910898,0.0,0.0
2023,5,2,16,56.602,50.8492245358707,50.8492245358707,0.0,7.68438456443954,368.06788409217415,0.0,0.0
2023,5,2,17,56.602,29.784610378190592,29.784610378190592,0.0,28.748998722119644,338.87769848823865,0.0,0.0
2023,5,2,18,56.602,7.320168060111762,7.320168060111762,0.0,51.213441040198475,286.8783275247764,0.0,0.0
2023,5,2,19,56.602,0.3770203845340581,0.3770203845340581,0.0,58.156588715776174,227.82925819495998,0.0,0.0
2023,5,2,20,56.602,0.0,-0.0,0.0,58.53360910031024,168.39738266352967,0.0,0.0
2023,5,2,21,56.602,0.0,-0.0,0.0,58.53360910031024,108.96550713209936,0.0,0.0
2023,5,2,22,56.602,0.0,-0.0,0.0,58.53360910031024,49.533631600669054,0.0,0.0
2023,5,2,23,56.602,0.0,-0.0,0.0,48.78496940415435,0.0,0.0,9.426934586182739
2023,5,3,0,56.602,0.0,-0.0,0.0,-0.0,-0.0,0.0,56.602
2023,5,3,1,56.602,0.0,-0.0,0.0,0.0,-0.0,0.0,56.602
2023,5,3,2,56.602,0.0,-0.0,0.0,0.0,-0.0,0.0,56.602
2023,5,3,3,56.602,0.0,-0.0,0.0,0.0,-0.0,0.0,56.602
2023,5,3,4,56.602,0.0,-0.0,0.0,0.0,-0.0,0.0,56.602
2023,5,3,5,56.602,0.0,-0.0,0.0,0.0,-0.0,0.0,56.602
2023,5,3,6,56.602,0.6644517668025974,0.6644517668025974,0.0,0.0,-0.0,0.0,55.95947514150188
2023,5,3,7,56.602,7.506811814831592,7.506811814831592,0.0,0.0,-0.0,0.0,49.34291297505785
2023,5,3,8,56.602,22.845195577707283,22.845195577707283,0.0,0.0,-0.0,0.0,34.510695876357055
2023,5,3,9,56.602,38.0454629620903,38.0454629620903,0.0,0.0,0.0,0.0,19.81203731565868
2023,5,3,10,56.602,54.701551633288,54.701551633288,0.0,0.0,-0.0,0.0,3.705599570610504
2023,5,3,11,56.602,56.974872565775534,56.974872565775534,0.0,-0.0,0.0,0.0,1.5072982288950567
2023,5,3,12,56.602,70.60733241051197,70.60733241051197,12.073723310201736,0.0,11.296676481938745,0.0,0.0
2023,5,3,13,56.602,155.21667930010565,155.21667930010565,96.68307019979542,0.0,101.75736845463003,0.0,0.0
2023,5,3,14,56.602,113.32262211569241,113.32262211569241,54.789013015382174,0.0,153.02024229210926,0.0,0.0
2023,5,3,15,56.602,142.024698716508,142.024698716508,83.49108961619775,0.0,231.13796988006922,0.0,0.0
2023,5,3,16,56.602,77.33770620570907,77.33770620570907,18.80409710539883,0.0,248.7318633358819,0.0,0.0
2023,5,3,17,56.602,57.213776571816915,57.213776571816915,0.0,1.3198325284933214,247.3917764394576,0.0,0.0
2023,5,3,18,56.602,18.522526218396003,18.522526218396003,0.0,40.011082881914234,206.76667687246257,0.0,0.0
2023,5,3,19,56.602,1.086266652469415,1.086266652469415,0.0,28.040732565750005,178.29562659429092,0.0,28.43619175598182
2023,5,3,20,56.602,0.0,-0.0,0.0,58.53360910031024,118.86375106286062,0.0,0.0
2023,5,3,21,56.602,0.0,-0.0,0.0,58.53360910031024,59.43187553143031,0.0,0.0
2023,5,3,22,56.602,0.0,-0.0,0.0,58.53360910031024,0.0,0.0,0.0
2023,5,3,23,56.602,0.0,-0.0,0.0,-0.0,0.0,0.0,56.602
2023,5,4,0,56.602,0.0,-0.0,0.0,0.0,-0.0,0.0,56.602
2023,5,4,1,56.602,0.0,-0.0,0.0,-0.0,0.0,0.0,56.602
2023,5,4,2,56.602,0.0,-0.0,0.0,0.0,-0.0,0.0,56.602
2023,5,4,3,56.602,0.0,-0.0,0.0,-0.0,0.0,0.0,56.602
2023,5,4,4,56.602,0.0,-0.0,0.0,-0.0,0.0,0.0,56.602
2023,5,4,5,56.602,0.0,-0.0,0.0,0.0,-0.0,0.0,56.602
2023,5,4,6,56.602,4.009107851381964,4.009107851381964,0.0,-0.0,0.0,0.0,52.72519270771364
2023,5,4,7,56.602,36.940531934148865,36.940531934148865,0.0,-0.0,0.0,0.0,20.880505619678047
2023,5,4,8,56.602,103.52755786799571,58.53360910031024,0.0,0.0,0.0,44.993948767685474,0.0
2023,5,4,9,56.602,184.42642691375917,58.53360910031024,0.0,0.0,-0.0,125.89281781344894,0.0
2023,5,4,10,56.602,218.8920626603231,58.53360910031024,0.0,0.0,-0.0,160.35845356001286,0.0
2023,5,4,11,56.602,257.36680625826904,224.5900529742732,166.05644387396293,0.0,155.3692987647267,32.776753283995845,0.0
2023,5,4,12,56.602,281.02950148164916,281.02950148164916,222.49589238133893,0.0,363.54568729174264,0.0,0.0
2023,5,4,13,56.602,255.90725209635994,255.90725209635994,197.3736429960497,0.0,548.2166569423462,0.0,0.0
2023,5,4,14,56.602,180.32399718501728,180.32399718501728,121.79038808470705,0.0,662.1687972601711,0.0,0.0
2023,5,4,15,56.602,138.86668638664847,138.86668638664847,80.33307728633822,0.0,737.331757482686,0.0,0.0
2023,5,4,16,56.602,91.29119330856362,91.29119330856362,32.757584208253384,0.0,767.9811124184437,0.0,0.0
2023,5,4,17,56.602,59.979837016764805,59.979837016764805,1.4462279164545682,0.0,769.3342632627678,0.0,0.0
2023,5,4,18,56.602,17.723690948195088,17.723690948195088,0.0,40.80991815211515,727.8980693676008,0.0,0.0
2023,5,4,19,56.602,1.116129653224588,1.116129653224588,0.0,57.41747944708565,669.599451799364,0.0,0.0
2023,5,4,20,56.602,0.0,0.0,0.0,58.53360910031024,610.1675762679338,0.0,0.0
2023,5,4,21,56.602,0.0,0.0,0.0,58.53360910031024,550.7357007365035,0.0,0.0
2023,5,4,22,56.602,0.0,0.0,0.0,58.53360910031024,491.3038252050732,0.0,0.0
2023,5,4,23,56.602,0.0,0.0,0.0,58.53360910031024,431.8719496736429,0.0,0.0
2023,5,5,0,56.602,0.0,0.0,0.0,58.53360910031024,372.4400741422126,0.0,0.0
2023,5,5,1,56.602,0.0,0.0,0.0,58.53360910031024,313.0081986107823,0.0,0.0
2023,5,5,2,56.602,0.0,0.0,0.0,58.53360910031024,253.576323079352,0.0,0.0
2023,5,5,3,56.602,0.0,0.0,0.0,58.53360910031024,194.1444475479217,0.0,0.0
2023,5,5,4,56.602,0.0,0.0,0.0,58.53360910031024,134.71257201649138,0.0,0.0
2023,5,5,5,56.602,0.0,0.0,0.0,58.53360910031024,75.28069648506107,0.0,0.0
2023,5,5,6,56.602,5.289484008760003,5.289484008760003,0.0,53.24412509155024,21.219478257460842,0.0,0.0
2023,5,5,7,56.602,37.634846701706635,37.634846701706635,0.0,20.8987623986036,0.0,0.0,0.0
2023,5,5,8,56.602,125.24542516719522,58.53360910031024,0.0,0.0,0.0,66.71181606688498,0.0
2023,5,5,9,56.602,208.6303890258268,58.53360910031024,0.0,0.0,0.0,150.09677992551656,0.0
2023,5,5,10,56.602,273.53762116719514,58.53360910031024,0.0,0.0,-0.0,215.0040120668849,0.0
2023,5,5,11,56.602,311.48229650173676,65.34985080810998,6.8162417077997395,0.0,6.377558555665189,246.13244569362678,0.0
2023,5,5,12,56.602,297.7490490294516,297.7490490294516,239.21543992914135,0.0,230.19744948200525,0.0,0.0
2023,5,5,13,56.602,290.25716871499765,290.25716871499765,231.72355961468742,0.0,447.00762633925774,0.0,0.0
2023,5,5,14,56.602,231.18068747107674,231.18068747107674,172.6470783707665,0.0,608.5433961923343,0.0,0.0
2023,5,5,15,56.602,133.58466812807728,133.58466812807728,75.05105902776704,0.0,678.7642809750092,0.0,0.0
2023,5,5,16,56.602,131.32627869596732,131.32627869596732,72.79266959565709,0.0,746.8721229017808,0.0,0.0
2023,5,5,17,56.602,77.7445895909983,77.7445895909983,19.210980490688065,0.0,764.846713334938,0.0,0.0
2023,5,5,18,56.602,22.736942199969782,22.736942199969782,0.0,35.796666900340455,728.5007048731118,0.0,0.0
2023,5,5,19,56.602,1.8291087962543413,1.8291087962543413,0.0,56.70450030405589,670.9260079435705,0.0,0.0
2023,5,5,20,56.602,0.0,0.0,0.0,58.53360910031024,611.4941324121403,0.0,0.0
2023,5,5,21,56.602,0.0,0.0,0.0,58.53360910031024,552.0622568807099,0.0,0.0
2023,5,5,22,56.602,0.0,0.0,0.0,58.53360910031024,492.6303813492796,0.0,0.0
2023,5,5,23,56.602,0.0,0.0,0.0,58.53360910031024,433.1985058178493,0.0,0.0
2023,5,6,0,56.602,0.0,0.0,0.0,58.53360910031024,373.766630286419,0.0,0.0
2023,5,6,1,56.602,0.0,0.0,0.0,58.53360910031024,314.3347547549887,0.0,0.0
2023,5,6,2,56.602,0.0,0.0,0.0,58.53360910031024,254.9028792235584,0.0,0.0
2023,5,6,3,56.602,0.0,0.0,0.0,58.53360910031024,195.47100369212808,0.0,0.0
2023,5,6,4,56.602,0.0,0.0,0.0,58.53360910031024,136.03912816069777,0.0,0.0
2023,5,6,5,56.602,0.0,0.0,0.0,58.53360910031024,76.60725262926748,0.0,0.0
2023,5,6,6,56.602,5.416401761969489,5.416401761969489,0.0,53.11720733834075,22.674899855675868,0.0,0.0
2023,5,6,7,56.602,36.201422665458374,36.201422665458374,0.0,22.332186434851863,0.0,0.0,0.0
2023,5,6,8,56.602,120.25083829089255,58.53360910031024,0.0,0.0,0.0,61.71722919058231,0.0
2023,5,6,9,56.602,191.74286209877653,58.53360910031024,0.0,0.0,0.0,133.2092529984663,0.0
2023,5,6,10,56.602,262.29046850777814,58.53360910031024,0.0,0.0,-0.0,203.7568594074679,0.0
2023,5,6,11,56.602,277.61392077027625,199.08425725569535,140.55064815538512,0.0,131.50501802510308,78.5296635145809,0.0
2023,5,6,12,56.602,236.18274009756823,236.18274009756823,177.649130997258,0.0,297.72091585654414,0.0,0.0
2023,5,6,13,56.602,176.0610538272163,176.0610538272163,117.52744472690608,0.0,407.68446949430034,0.0,0.0
2023,5,6,14,56.602,203.67686377556248,203.67686377556248,145.14325467525225,0.0,543.4865207320119,0.0,0.0
2023,5,6,15,56.602,203.69926102612888,203.69926102612888,145.16565192581865,0.0,679.3095277666414,0.0,0.0
2023,5,6,16,56.602,138.90774801268685,138.90774801268685,80.37413891237661,0.0,754.5109069501729,0.0,0.0
2023,5,6,17,56.602,66.73260806252829,66.73260806252829,8.198998962218049,0.0,762.182230565289,0.0,0.0
2023,5,6,18,56.602,21.67680567316114,21.67680567316114,0.0,36.85680342714909,724.7598165464495,0.0,0.0
2023,5,6,19,56.602,3.0124302011780686,3.0124302011780686,0.0,55.52117889913217,668.3866004675181,0.0,0.0
2023,5,6,20,56.602,0.0,0.0,0.0,58.53360910031024,608.9547249360878,0.0,0.0
2023,5,6,21,56.602,0.0,0.0,0.0,58.53360910031024,549.5228494046576,0.0,0.0
2023,5,6,22,56.602,0.0,0.0,0.0,58.53360910031024,490.0909738732273,0.0,0.0
2023,5,6,23,56.602,0.0,0.0,0.0,58.53360910031024,430.659098341797,0.0,0.0
2023,5,7,0,56.602,0.0,0.0,0.0,58.53360910031024,371.2272228103667,0.0,0.0
2023,5,7,1,56.602,0.0,0.0,0.0,58.53360910031024,311.7953472789364,0.0,0.0
2023,5,7,2,56.602,0.0,0.0,0.0,58.53360910031024,252.36347174750608,0.0,0.0
2023,5,7,3,56.602,0.0,0.0,0.0,58.53360910031024,192.93159621607577,0.0,0.0
2023,5,7,4,56.602,0.0,0.0,0.0,58.53360910031024,133.49972068464547,0.0,0.0
2023,5,7,5,56.602,0.0,0.0,0.0,58.53360910031024,74.06784515321516,0.0,0.0
2023,5,7,6,56.602,6.0995179042440695,6.0995179042440695,0.0,52.43409119606617,20.829091735022914,0.0,0.0
2023,5,7,7,56.602,38.01933283642952,38.01933283642952,0.0,20.514276263880717,0.0,0.0,0.0
2023,5,7,8,56.602,104.16587950913755,58.53360910031024,0.0,0.0,0.0,45.63227040882732,0.0
2023,5,7,9,56.602,192.9971081304938,58.53360910031024,0.0,0.0,-0.0,134.46349903018358,0.0
2023,5,7,10,56.602,262.08516037758636,108.18400795144967,49.650398851139435,0.0,46.45497321829663,153.9011524261367,0.0
2023,5,7,11,56.602,274.35138793777367,274.35138793777367,215.81777883746344,0.0,248.38304163091414,0.0,0.0
2023,5,7,12,56.602,249.8711930687206,249.8711930687206,191.33758396841037,0.0,427.40642401210323,0.0,0.0
2023,5,7,13,56.602,187.99505550400232,187.99505550400232,129.4614464036921,0.0,548.5359247743603,0.0,0.0
2023,5,7,14,56.602,205.09908918652764,205.09908918652764,146.5654800862174,0.0,685.668669116368,0.0,0.0
2023,5,7,15,56.602,161.28260132850016,161.28260132850016,102.74899222818993,0.0,781.8048894210311,0.0,0.0
2023,5,7,16,56.602,116.55902482253431,116.55902482253431,58.025415722224075,0.0,836.0958759131686,0.0,0.0
2023,5,7,17,56.602,63.208773973417884,63.208773973417884,4.675164873107648,0.0,840.4701541465116,0.0,0.0
2023,5,7,18,56.602,20.116463883703357,20.116463883703357,0.0,38.417145216606876,801.4634530754485,0.0,0.0
2023,5,7,19,56.602,2.433834561546593,2.433834561546593,0.0,56.09977453876365,744.5027621326542,0.0,0.0
2023,5,7,20,56.602,0.0,-0.0,0.0,58.53360910031024,685.070886601224,0.0,0.0
2023,5,7,21,56.602,0.0,-0.0,0.0,58.53360910031024,625.6390110697937,0.0,0.0
2023,5,7,22,56.602,0.0,-0.0,0.0,58.53360910031024,566.2071355383634,0.0,0.0
2023,5,7,23,56.602,0.0,-0.0,0.0,58.53360910031024,506.77526000693314,0.0,0.0
2023,5,8,0,56.602,0.0,-0.0,0.0,58.53360910031024,447.34338447550283,0.0,0.0
2023,5,8,1,56.602,0.0,-0.0,0.0,58.53360910031024,387.9115089440725,0.0,0.0
2023,5,8,2,56.602,0.0,-0.0,0.0,58.53360910031024,328.4796334126422,0.0,0.0
2023,5,8,3,56.602,0.0,-0.0,0.0,58.53360910031024,269.0477578812119,0.0,0.0
2023,5,8,4,56.602,0.0,-0.0,0.0,58.53360910031024,209.6158823497816,0.0,0.0
2023,5,8,5,56.602,0.0,-0.0,0.0,58.53360910031024,150.1840068183513,0.0,0.0
2023,5,8,6,56.602,8.160064956351,8.160064956351,0.0,50.373544143959236,99.0374219475932,0.0,0.0
2023,5,8,7,56.602,40.766728905905396,40.766728905905396,0.0,17.76688019440484,80.9978882758158,0.0,0.0
2023,5,8,8,56.602,91.23893305724206,91.23893305724206,32.70532395693183,0.0,111.59834635209802,0.0,0.0
2023,5,8,9,56.602,126.85056145778577,126.85056145778577,68.31695235747553,0.0,175.5185215280793,0.0,0.0
2023,5,8,10,56.602,136.4888449515178,136.4888449515178,77.95523585120756,0.0,248.45667464446132,0.0,0.0
2023,5,8,11,56.602,123.2968643679202,123.2968643679202,64.76325526760996,0.0,309.05186337611207,0.0,0.0
2023,5,8,12,56.602,86.05023667603078,86.05023667603078,27.51662757572054,0.0,334.79756183304613,0.0,0.0
2023,5,8,13,56.602,106.99913170578458,106.99913170578458,48.46552260547434,0.0,380.143915673996,0.0,0.0
2023,5,8,14,56.602,65.01548551910584,65.01548551910584,6.481876418795601,0.0,386.20862819206167,0.0,0.0
2023,5,8,15,56.602,62.637644083975204,62.637644083975204,4.104034983664968,0.0,390.0485336039944,0.0,0.0
2023,5,8,16,56.602,36.82481280622261,36.82481280622261,0.0,21.708796294087627,368.0065905371256,0.0,0.0
2023,5,8,17,56.602,20.04927213200422,20.04927213200422,0.0,38.48433696830602,328.9316665786461,0.0,0.0
2023,5,8,18,56.602,8.063010203896688,8.063010203896688,0.0,50.47059889641354,277.6865375371766,0.0,0.0
2023,5,8,19,56.602,0.0,-0.0,0.0,58.53360910031024,218.2546620057463,0.0,0.0
2023,5,8,20,56.602,0.0,-0.0,0.0,58.53360910031024,158.822786474316,0.0,0.0
2023,5,8,21,56.602,0.0,-0.0,0.0,58.53360910031024,99.39091094288568,0.0,0.0
2023,5,8,22,56.602,0.0,-0.0,0.0,58.53360910031024,39.959035411455375,0.0,0.0
2023,5,8,23,56.602,0.0,-0.0,0.0,39.355085766435906,0.0,0.0,18.545632063856477
2023,5,9,0,56.602,0.0,-0.0,0.0,-0.0,0.0,0.0,56.602
2023,5,9,1,56.602,0.0,-0.0,0.0,-0.0,0.0,0.0,56.602
2023,5,9,2,56.602,0.0,-0.0,0.0,-0.0,0.0,0.0,56.602
2023,5,9,3,56.602,0.0,-0.0,0.0,-0.0,-0.0,0.0,56.602
2023,5,9,4,56.602,0.0,-0.0,0.0,0.0,-0.0,0.0,56.602
2023,5,9,5,56.602,0.0,-0.0,0.0,0.0,-0.0,0.0,56.602
2023,5,9,6,56.602,2.530889314000905,2.530889314000905,0.0,0.0,-0.0,0.0,54.15463003336112
2023,5,9,7,56.602,28.015227583446556,28.015227583446556,0.0,0.0,0.0,0.0,29.51127492680718
2023,5,9,8,56.602,64.37343100286962,64.37343100286962,5.839821902559386,0.0,5.463979673081569,0.0,0.0
2023,5,9,9,56.602,82.39948483371087,82.39948483371087,23.865875733400635,0.0,27.79388323237349,0.0,0.0
2023,5,9,10,56.602,47.317924696571495,47.317924696571495,0.0,11.215684403738742,16.406081083688417,0.0,0.0
2023,5,9,11,56.602,63.67538336021747,63.67538336021747,5.141774259907231,0.0,21.21693841949078,0.0,0.0
2023,5,9,12,56.602,98.9211900015103,98.9211900015103,40.38758090120006,0.0,59.00523483866406,0.0,0.0
2023,5,9,13,56.602,109.57481552091825,109.57481552091825,51.04120642060801,0.0,106.76150532518966,0.0,0.0
2023,5,9,14,56.602,132.1773742174897,132.1773742174897,73.64376511717947,0.0,175.66566753484707,0.0,0.0
2023,5,9,15,56.602,103.60221536988365,103.60221536988365,45.06860626957342,0.0,217.83372550989276,0.0,0.0
2023,5,9,16,56.602,40.82272203232138,40.82272203232138,0.0,17.710887067988853,199.85104424429568,0.0,0.0
2023,5,9,17,56.602,32.076595686150114,32.076595686150114,0.0,26.457013414160123,172.98801713333947,0.0,0.0
2023,5,9,18,56.602,8.559482591451438,8.559482591451438,0.0,49.9741265088588,122.24697942666735,0.0,0.0
2023,5,9,19,56.602,0.20530813019181385,0.20530813019181385,0.0,0.0,122.24697942666735,0.0,56.403467038104516
2023,5,9,20,56.602,0.0,-0.0,0.0,58.53360910031024,62.815103895237044,0.0,0.0
2023,5,9,21,56.602,0.0,-0.0,0.0,3.3320935066135813,59.43187553143031,0.0,53.37986557910467
2023,5,9,22,56.602,0.0,-0.0,0.0,58.53360910031024,-0.0,0.0,0.0
2023,5,9,23,56.602,0.0,-0.0,0.0,0.0,-0.0,0.0,56.602
2023,5,10,0,56.602,0.0,-0.0,0.0,0.0,-0.0,0.0,56.602
2023,5,10,1,56.602,0.0,-0.0,0.0,0.0,-0.0,0.0,56.602
2023,5,10,2,56.602,0.0,-0.0,0.0,0.0,-0.0,0.0,56.602
2023,5,10,3,56.602,0.0,-0.0,0.0,0.0,-0.0,0.0,56.602
2023,5,10,4,56.602,0.0,-0.0,0.0,0.0,-0.0,0.0,56.602
2023,5,10,5,56.602,0.0,-0.0,0.0,0.0,-0.0,0.0,56.602
2023,5,10,6,56.602,6.379483536323815,6.379483536323815,0.0,0.0,-0.0,0.0,50.43303942037487
2023,5,10,7,56.602,22.147147935055116,22.147147935055116,0.0,0.0,-0.0,0.0,35.1857079468017
2023,5,10,8,56.602,45.294706395408525,45.294706395408525,0.0,0.0,-0.0,0.0,12.802018915639954
2023,5,10,9,56.602,52.08107331702158,52.08107331702158,0.0,0.0,0.0,0.0,6.239602102440133
2023,5,10,10,56.602,76.61726131249051,76.61726131249051,18.083652212180276,0.0,16.919815321615413,0.0,0.0
2023,5,10,11,56.602,104.9497832789608,104.9497832789608,46.41617417865056,0.0,60.34871374456371,0.0,0.0
2023,5,10,12,56.602,92.65742559311278,92.65742559311278,34.12381649280254,0.0,92.2763722923224,0.0,0.0
2023,5,10,13,56.602,89.45461876212048,89.45461876212048,30.92100966181024,0.0,121.20735188079999,0.0,0.0
2023,5,10,14,56.602,73.13448884941845,73.13448884941845,14.600879749108211,0.0,134.86854078165865,0.0,0.0
2023,5,10,15,56.602,42.46891994895029,42.46891994895029,0.0,16.06468915135995,118.55732025776167,0.0,0.0
2023,5,10,16,56.602,33.524951222776004,33.524951222776004,0.0,25.008657877534233,93.16487538666861,0.0,0.0
2023,5,10,17,56.602,19.99327900558827,19.99327900558827,0.0,38.540330094721966,54.033099022008855,0.0,0.0
2023,5,10,18,56.602,10.560303642048023,10.560303642048023,0.0,47.97330545826222,5.323587296178596,0.0,0.0
2023,5,10,19,56.602,0.6047257652922516,0.6047257652922516,0.0,0.0,5.323587296178596,0.0,56.017230184962386
2023,5,10,20,56.602,0.0,-0.0,0.0,0.0,5.323587296178596,0.0,56.602
2023,5,10,21,56.602,0.0,-0.0,0.0,5.24312542755112,0.0,0.0,51.53189771155807
2023,5,10,22,56.602,0.0,-0.0,0.0,-0.0,0.0,0.0,56.602
2023,5,10,23,56.602,0.0,-0.0,0.0,-0.0,0.0,0.0,56.602
2023,5,11,0,56.602,0.0,-0.0,0.0,-0.0,0.0,0.0,56.602
2023,5,11,1,56.602,0.0,-0.0,0.0,-0.0,0.0,0.0,56.602
2023,5,11,2,56.602,0.0,-0.0,0.0,0.0,-0.0,0.0,56.602
2023,5,11,3,56.602,0.0,-0.0,0.0,0.0,-0.0,0.0,56.602
2023,5,11,4,56.602,0.0,-0.0,0.0,-0.0,0.0,0.0,56.602
2023,5,11,5,56.602,0.0,-0.0,0.0,-0.0,0.0,0.0,56.602
2023,5,11,6,56.602,3.8597928476061,3.8597928476061,0.0,-0.0,0.0,0.0,52.869580316364896
2023,5,11,7,56.602,22.692147698837022,22.692147698837022,0.0,-0.0,0.0,0.0,34.6586931752246
2023,5,11,8,56.602,74.18342675094392,58.53360910031024,0.0,0.0,0.0,15.649817650633686,0.0
2023,5,11,9,56.602,143.8911362637063,58.53360910031024,0.0,0.0,0.0,85.35752716339607,0.0
2023,5,11,10,56.602,173.563760389065,58.53360910031024,0.0,0.0,0.0,115.03015128875478,0.0
2023,5,11,11,56.602,224.27860142153745,58.53360910031024,0.0,0.0,-0.0,165.74499232122722,0.0
2023,5,11,12,56.602,272.01087525358696,244.6264910413154,186.09288194100517,0.0,174.11622155552206,27.384384212271556,0.0
2023,5,11,13,56.602,259.1063260522578,259.1063260522578,200.57271695194757,0.0,361.78037753258695,0.0,0.0
2023,5,11,14,56.602,231.84513923787938,231.84513923787938,173.31153013756915,0.0,523.9378360275657,0.0,0.0
2023,5,11,15,56.602,200.90707045552026,200.90707045552026,142.37346135521003,0.0,657.1483537130784,0.0,0.0
2023,5,11,16,56.602,137.4145979749282,137.4145979749282,78.88098887461796,0.0,730.9526797687398,0.0,0.0
2023,5,11,17,56.602,89.09999562815277,89.09999562815277,30.566386527842532,0.0,759.5518592393482,0.0,0.0
2023,5,11,18,56.602,21.169134660323206,21.169134660323206,0.0,37.364474439987035,721.6139834044743,0.0,0.0
2023,5,11,19,56.602,2.579416690228061,2.579416690228061,0.0,55.95419241008217,664.8011087177488,0.0,0.0
2023,5,11,20,56.602,0.0,0.0,0.0,58.53360910031024,605.3692331863185,0.0,0.0
2023,5,11,21,56.602,0.0,0.0,0.0,58.53360910031024,545.9373576548883,0.0,0.0
2023,5,11,22,56.602,0.0,0.0,0.0,58.53360910031024,486.5054821234579,0.0,0.0
2023,5,11,23,56.602,0.0,0.0,0.0,58.53360910031024,427.0736065920276,0.0,0.0
2023,5,12,0,56.602,0.0,0.0,0.0,58.53360910031024,367.6417310605973,0.0,0.0
2023,5,12,1,56.602,0.0,0.0,0.0,58.53360910031024,308.209855529167,0.0,0.0
2023,5,12,2,56.602,0.0,0.0,0.0,58.53360910031024,248.77797999773668,0.0,0.0
2023,5,12,3,56.602,0.0,0.0,0.0,58.53360910031024,189.34610446630637,0.0,0.0
2023,5,12,4,56.602,0.0,0.0,0.0,58.53360910031024,129.91422893487606,0.0,0.0
2023,5,12,5,56.602,0.0,0.0,0.0,58.53360910031024,70.48235340344574,0.0,0.0
2023,5,12,6,56.602,7.2492434333182265,7.2492434333182265,0.0,51.28436566699201,18.410969392155167,0.0,0.0
2023,5,12,7,56.602,40.40090714665457,40.40090714665457,0.0,18.13270195365567,0.0,0.0,0.0
2023,5,12,8,56.602,114.8008406530735,58.53360910031024,0.0,0.0,0.0,56.267231552763256,0.0
2023,5,12,9,56.602,192.8813890025675,58.53360910031024,0.0,0.0,0.0,134.34777990225726,0.0
2023,5,12,10,56.602,262.2680712572118,58.53360910031024,0.0,0.0,-0.0,203.73446215690154,0.0
2023,5,12,11,56.602,275.7549489732668,62.226455044161774,3.6928459438515415,0.0,3.4551798855686684,213.528493929105,0.0
2023,5,12,12,56.602,267.6210141425765,267.6210141425765,209.08740504226625,0.0,199.08603132431216,0.0,0.0
2023,5,12,13,56.602,285.1580613360518,285.1580613360518,226.62445223574153,0.0,411.12527174988855,0.0,0.0
2023,5,12,14,56.602,250.93879534571806,250.93879534571806,192.40518624540783,0.0,591.1475471175047,0.0,0.0
2023,5,12,15,56.602,200.7129609506116,200.7129609506116,142.17935185030137,0.0,724.1764478963944,0.0,0.0
2023,5,12,16,56.602,153.19719387403708,153.19719387403708,94.66358477372685,0.0,812.7476255136415,0.0,0.0
2023,5,12,17,56.602,88.16304397945926,88.16304397945926,29.629434879149024,0.0,840.4701541465116,0.0,0.0
2023,5,12,18,56.602,23.662695223380144,23.662695223380144,0.0,34.87091387693009,805.064105466866,0.0,0.0
2023,5,12,19,56.602,2.8145878211750475,2.8145878211750475,0.0,55.71902127913519,748.4900108860975,0.0,0.0
2023,5,12,20,56.602,0.0,-0.0,0.0,58.53360910031024,689.0581353546672,0.0,0.0
2023,5,12,21,56.602,0.0,-0.0,0.0,58.53360910031024,629.626259823237,0.0,0.0
2023,5,12,22,56.602,0.0,-0.0,0.0,58.53360910031024,570.1943842918067,0.0,0.0
2023,5,12,23,56.602,0.0,-0.0,0.0,58.53360910031024,510.7625087603764,0.0,0.0
2023,5,13,0,56.602,0.0,-0.0,0.0,58.53360910031024,451.3306332289461,0.0,0.0
2023,5,13,1,56.602,0.0,-0.0,0.0,58.53360910031024,391.8987576975158,0.0,0.0
2023,5,13,2,56.602,0.0,-0.0,0.0,58.53360910031024,332.4668821660855,0.0,0.0
2023,5,13,3,56.602,0.0,-0.0,0.0,58.53360910031024,273.0350066346552,0.0,0.0
2023,5,13,4,56.602,0.0,-0.0,0.0,58.53360910031024,213.60313110322488,0.0,0.0
2023,5,13,5,56.602,0.0,-0.0,0.0,58.53360910031024,154.17125557179457,0.0,0.0
2023,5,13,6,56.602,5.782223521220357,5.782223521220357,0.0,52.75138557908988,100.61033851858076,0.0,0.0
2023,5,13,7,56.602,32.59919819936564,32.59919819936564,0.0,25.9344109009446,74.27793386530713,0.0,0.0
2023,5,13,8,56.602,37.36234681981572,37.36234681981572,0.0,21.171262280494517,52.781773897768986,0.0,0.0
2023,5,13,9,56.602,69.72264101313998,69.72264101313998,11.189031912829742,0.0,63.25069640144477,0.0,0.0
2023,5,13,10,56.602,132.82316160882033,132.82316160882033,74.28955250851008,0.0,132.75908408890595,0.0,0.0
2023,5,13,11,56.602,156.594110209938,156.594110209938,98.06050110962778,0.0,224.5085575720573,0.0,0.0
2023,5,13,12,56.602,132.03552496390265,132.03552496390265,73.50191586359242,0.0,293.27999973456707,0.0,0.0
2023,5,13,13,56.602,133.94302413713933,133.94302413713933,75.40941503682909,0.0,363.8361772679308,0.0,0.0
2023,5,13,14,56.602,122.19566621507319,122.19566621507319,63.66205711476295,0.0,423.4010393177774,0.0,0.0
2023,5,13,15,56.602,101.07132605588275,101.07132605588275,42.53771695557251,0.0,463.2010922410835,0.0,0.0
2023,5,13,16,56.602,47.71734233167193,47.71734233167193,0.0,10.816266768638307,452.2188372564844,0.0,0.0
2023,5,13,17,56.602,66.35558767799424,66.35558767799424,7.821978577684001,0.0,459.53740495681336,0.0,0.0
2023,5,13,18,56.602,22.378586190907708,22.378586190907708,0.0,36.15502290940253,422.82754109543333,0.0,0.0
2023,5,13,19,56.602,2.329314058903488,2.329314058903488,0.0,56.204295041406745,365.76072566110327,0.0,0.0
2023,5,13,20,56.602,0.0,-0.0,0.0,58.53360910031024,306.32885012967296,0.0,0.0
2023,5,13,21,56.602,0.0,-0.0,0.0,58.53360910031024,246.89697459824265,0.0,0.0
2023,5,13,22,56.602,0.0,-0.0,0.0,58.53360910031024,187.46509906681234,0.0,0.0
2023,5,13,23,56.602,0.0,-0.0,0.0,58.53360910031024,128.03322353538204,0.0,0.0
2023,5,14,0,56.602,0.0,-0.0,0.0,58.53360910031024,68.60134800395173,0.0,0.0
2023,5,14,1,56.602,0.0,-0.0,0.0,58.53360910031024,9.16947247252142,0.0,0.0
2023,5,14,2,56.602,0.0,-0.0,0.0,9.03088304993472,0.0,0.0,47.86913609071312
2023,5,14,3,56.602,0.0,-0.0,0.0,-0.0,0.0,0.0,56.602
2023,5,14,4,56.602,0.0,-0.0,0.0,-0.0,0.0,0.0,56.602
2023,5,14,5,56.602,0.0,-0.0,0.0,-0.0,0.0,0.0,56.602
2023,5,14,6,56.602,9.765201246941544,9.765201246941544,0.0,-0.0,0.0,0.0,47.159050394207526
2023,5,14,7,56.602,42.371865196495975,42.371865196495975,0.0,-0.0,0.0,0.0,15.62840635498839
2023,5,14,8,56.602,104.60635877027633,58.53360910031024,0.0,0.0,0.0,46.07274966996609,0.0
2023,5,14,9,56.602,131.91980583597638,58.53360910031024,0.0,0.0,0.0,73.38619673566615,0.0
2023,5,14,10,56.602,141.47223320253732,58.53360910031024,0.0,0.0,-0.0,82.9386241022271,0.0
2023,5,14,11,56.602,243.67462041202225,188.7186604928854,130.18505139257516,0.0,121.80653561307412,54.95595991913686,0.0
2023,5,14,12,56.602,291.6271338746412,291.6271338746412,233.09352477433094,0.0,339.8985087151473,0.0,0.0
2023,5,14,13,56.602,287.58816302250403,287.58816302250403,229.0545539221938,0.0,554.2114531063321,0.0,0.0
2023,5,14,14,56.602,212.90079813381658,212.90079813381658,154.36718903350635,0.0,698.6438000414605,0.0,0.0
2023,5,14,15,56.602,169.5098580365503,169.5098580365503,110.97624893624005,0.0,802.4777830806872,0.0,0.0
2023,5,14,16,56.602,94.05725375351147,94.05725375351147,35.52364465320124,0.0,835.715178935824,0.0,0.0
2023,5,14,17,56.602,63.61565735870711,63.61565735870711,5.082048258396874,0.0,840.4701541465116,0.0,0.0
2023,5,14,18,56.602,25.111050760006027,25.111050760006027,0.0,33.422558340304214,806.5346877067291,0.0,0.0
2023,5,14,19,56.602,3.822464096662134,3.822464096662134,0.0,54.711145003648106,750.9839364372056,0.0,0.0
2023,5,14,20,56.602,0.0,-0.0,0.0,58.53360910031024,691.5520609057753,0.0,0.0
2023,5,14,21,56.602,0.0,-0.0,0.0,58.53360910031024,632.120185374345,0.0,0.0
2023,5,14,22,56.602,0.0,-0.0,0.0,58.53360910031024,572.6883098429148,0.0,0.0
2023,5,14,23,56.602,0.0,-0.0,0.0,58.53360910031024,513.2564343114846,0.0,0.0
2023,5,15,0,56.602,0.0,-0.0,0.0,58.53360910031024,453.82455878005425,0.0,0.0
2023,5,15,1,56.602,0.0,-0.0,0.0,58.53360910031024,394.39268324862394,0.0,0.0
2023,5,15,2,56.602,0.0,-0.0,0.0,58.53360910031024,334.96080771719363,0.0,0.0
2023,5,15,3,56.602,0.0,-0.0,0.0,58.53360910031024,275.5289321857633,0.0,0.0
2023,5,15,4,56.602,0.0,-0.0,0.0,58.53360910031024,216.09705665433302,0.0,0.0
2023,5,15,5,56.602,0.0,-0.0,0.0,58.53360910031024,156.6651811229027,0.0,0.0
2023,5,15,6,56.602,1.2654446570004525,1.2654446570004525,0.0,57.268164443309786,98.51816997114656,0.0,0.0
2023,5,15,7,56.602,14.199856859084722,14.199856859084722,0.0,44.33375224122552,53.504064647034255,0.0,0.0
2023,5,15,8,56.602,5.576915391028543,5.576915391028543,0.0,52.695392452674646,-0.0,0.0,0.25267831513901157
2023,5,15,9,56.602,13.755644722851526,13.755644722851526,0.0,0.0,-0.0,0.0,43.30029155300257
2023,5,15,10,56.602,26.802043177767697,26.802043177767697,0.0,0.0,-0.0,0.0,30.684424247098633
2023,5,15,11,56.602,27.388104567587966,27.388104567587966,0.0,0.0,-0.0,0.0,30.117702883142435
2023,5,15,12,56.602,34.30885499259925,34.30885499259925,0.0,0.0,0.0,0.0,23.42533722215652
2023,5,15,13,56.602,83.83664174505358,83.83664174505358,25.30303264474335,0.0,23.674567194866796,0.0,0.0
2023,5,15,14,56.602,65.88151254100586,65.88151254100586,7.347903440695625,0.0,30.549570527097053,0.0,0.0
2023,5,15,15,56.602,91.33972068479078,91.33972068479078,32.80611158448054,0.0,61.2443296895105,0.0,0.0
2023,5,15,16,56.602,35.738546153753155,35.738546153753155,0.0,3.569374622642176,57.62017885448551,0.0,18.591240609225714
2023,5,15,17,56.602,37.79162745567133,37.79162745567133,0.0,0.0,57.62017885448551,0.0,20.05749625036582
2023,5,15,18,56.602,15.017356504757544,15.017356504757544,0.0,0.0,57.62017885448551,0.0,42.08021625989945
2023,5,15,19,56.602,1.7843142951215822,1.7843142951215822,0.0,56.749294805188654,0.0,0.0,0.0
2023,5,15,20,56.602,0.0,-0.0,0.0,-0.0,0.0,0.0,56.602
2023,5,15,21,56.602,0.0,-0.0,0.0,-0.0,0.0,0.0,56.602
2023,5,15,22,56.602,0.0,-0.0,0.0,0.0,-0.0,0.0,56.602
2023,5,15,23,56.602,0.0,-0.0,0.0,-0.0,0.0,0.0,56.602
2023,5,16,0,56.602,0.0,-0.0,0.0,-0.0,0.0,0.0,56.602
2023,5,16,1,56.602,0.0,-0.0,0.0,0.0,-0.0,0.0,56.602
2023,5,16,2,56.602,0.0,-0.0,0.0,-0.0,0.0,0.0,56.602
2023,5,16,3,56.602,0.0,-0.0,0.0,0.0,-0.0,0.0,56.602
2023,5,16,4,56.602,0.0,-0.0,0.0,-0.0,0.0,0.0,56.602
2023,5,16,5,56.602,0.0,-0.0,0.0,0.0,-0.0,0.0,56.602
2023,5,16,6,56.602,2.564485189850475,2.564485189850475,0.0,-0.0,0.0,0.0,54.122142821414585
2023,5,16,7,56.602,16.977115929315804,16.977115929315804,0.0,-0.0,0.0,0.0,40.185128896351614
2023,5,16,8,56.602,69.83836014106627,69.83836014106627,11.304751040756038,0.0,10.577194121085709,0.0,0.0
2023,5,16,9,56.602,97.19286883280466,97.19286883280466,38.65925973249443,0.0,46.748401544749484,0.0,0.0
2023,5,16,10,56.602,116.35744956743689,116.35744956743689,57.82384046712665,0.0,100.85078586462447,0.0,0.0
2023,5,16,11,56.602,119.9783384090016,119.9783384090016,61.44472930869136,0.0,158.34102401958415,0.0,0.0
2023,5,16,12,56.602,104.30772876272462,104.30772876272462,45.77411966241439,0.0,201.1691895975484,0.0,0.0
2023,5,16,13,56.602,231.9347282401449,231.9347282401449,173.40111913983466,0.0,363.4104712801994,0.0,0.0
2023,5,16,14,56.602,175.04571180154048,175.04571180154048,116.51210270123025,0.0,472.42402879100405,0.0,0.0
2023,5,16,15,56.602,132.15124409182897,132.15124409182897,73.61763499151873,0.0,541.3037425709238,0.0,0.0
2023,5,16,16,56.602,144.88034816372144,144.88034816372144,86.3467390634112,0.0,622.0933342659351,0.0,0.0
2023,5,16,17,56.602,73.73548173961635,73.73548173961635,15.20187263930611,0.0,636.3168370507615,0.0,0.0
2023,5,16,18,56.602,22.90865445431199,22.90865445431199,0.0,35.624954645998244,600.145175967888,0.0,0.0
2023,5,16,19,56.602,4.934860874792325,4.934860874792325,0.0,53.598748225517916,545.7238925011461,0.0,0.0
2023,5,16,20,56.602,0.0,-0.0,0.0,58.53360910031024,486.2920169697158,0.0,0.0
2023,5,16,21,56.602,0.0,-0.0,0.0,58.53360910031024,426.8601414382855,0.0,0.0
2023,5,16,22,56.602,0.0,-0.0,0.0,58.53360910031024,367.4282659068552,0.0,0.0
2023,5,16,23,56.602,0.0,-0.0,0.0,58.53360910031024,307.9963903754249,0.0,0.0
2023,5,17,0,56.602,0.0,-0.0,0.0,58.53360910031024,248.56451484399457,0.0,0.0
2023,5,17,1,56.602,0.0,-0.0,0.0,58.53360910031024,189.13263931256427,0.0,0.0
2023,5,17,2,56.602,0.0,-0.0,0.0,58.53360910031024,129.70076378113396,0.0,0.0
2023,5,17,3,56.602,0.0,-0.0,0.0,58.53360910031024,70.26888824970365,0.0,0.0
2023,5,17,4,56.602,0.0,-0.0,0.0,58.53360910031024,10.837012718273343,0.0,0.0
2023,5,17,5,56.602,0.0,-0.0,0.0,10.673219725853034,0.0,0.0,46.280996525100115
2023,5,17,6,56.602,5.759826270653977,5.759826270653977,0.0,-0.0,0.0,0.0,51.032247996277604
2023,5,17,7,56.602,27.73152907627245,27.73152907627245,0.0,-0.0,0.0,0.0,29.785611383244536
2023,5,17,8,56.602,92.31400108442828,82.70165859029746,24.168049489987215,0.0,22.61262986349722,9.612342494130829,0.0
2023,5,17,9,56.602,94.34841801087444,94.34841801087444,35.8148089105642,0.0,56.12245107856867,0.0,0.0
2023,5,17,10,56.602,145.20137542183954,145.20137542183954,86.66776632152931,0.0,137.21240919607206,0.0,0.0
2023,5,17,11,56.602,110.22060291224885,110.22060291224885,51.68699381193861,0.0,185.57290516040143,0.0,0.0
2023,5,17,12,56.602,211.99744236097254,211.99744236097254,153.46383326066228,0.0,329.1600349531684,0.0,0.0
2023,5,17,13,56.602,220.14630869204038,220.14630869204038,161.61269959173015,0.0,480.3715821912858,0.0,0.0
2023,5,17,14,56.602,180.1933465567134,180.1933465567134,121.65973745640318,0.0,594.2014803604222,0.0,0.0
2023,5,17,15,56.602,162.118765349645,162.118765349645,103.58515624933476,0.0,691.1200504166925,0.0,0.0
2023,5,17,16,56.602,126.97747921099527,126.97747921099527,68.44387011068503,0.0,755.1589751085428,0.0,0.0
2023,5,17,17,56.602,60.69281615979457,60.69281615979457,2.159207059484331,0.0,757.1792188214249,0.0,0.0
2023,5,17,18,56.602,26.18985166228665,26.18985166228665,0.0,32.34375743802359,724.3391087407157,0.0,0.0
2023,5,17,19,56.602,3.7440737196797675,3.7440737196797675,0.0,54.789535380630475,668.7087641025398,0.0,0.0
2023,5,17,20,56.602,0.0,0.0,0.0,58.53360910031024,609.2768885711096,0.0,0.0
2023,5,17,21,56.602,0.0,0.0,0.0,58.53360910031024,549.8450130396792,0.0,0.0
2023,5,17,22,56.602,0.0,0.0,0.0,58.53360910031024,490.4131375082489,0.0,0.0
2023,5,17,23,56.602,0.0,0.0,0.0,58.53360910031024,430.9812619768186,0.0,0.0
2023,5,18,0,56.602,0.0,0.0,0.0,58.53360910031024,371.5493864453883,0.0,0.0
2023,5,18,1,56.602,0.0,0.0,0.0,58.53360910031024,312.117510913958,0.0,0.0
2023,5,18,2,56.602,0.0,0.0,0.0,58.53360910031024,252.68563538252764,0.0,0.0
2023,5,18,3,56.602,0.0,0.0,0.0,58.53360910031024,193.25375985109733,0.0,0.0
2023,5,18,4,56.602,0.0,0.0,0.0,58.53360910031024,133.82188431966702,0.0,0.0
2023,5,18,5,56.602,0.0,0.0,0.0,58.53360910031024,74.39000878823671,0.0,0.0
2023,5,18,6,56.602,8.130201955595828,8.130201955595828,0.0,50.403407144714414,23.213102634182476,0.0,0.0
2023,5,18,7,56.602,35.67135440205406,35.67135440205406,0.0,22.86225469825618,0.0,0.0,0.0
2023,5,18,8,56.602,112.03104733303121,58.53360910031024,0.0,0.0,0.0,53.497438232720974,0.0
2023,5,18,9,56.602,200.48898844494784,58.53360910031024,0.0,0.0,-0.0,141.9553793446376,0.0
2023,5,18,10,56.602,219.20562416825243,144.04840863423394,85.51479953392372,0.0,80.01119455307787,75.15721553401849,0.0
2023,5,18,11,56.602,212.21394911644757,212.21394911644757,153.68034001613734,0.0,223.80089704938604,0.0,0.0
2023,5,18,12,56.602,198.1036812596284,198.1036812596284,139.57007215931813,0.0,354.3884474873229,0.0,0.0
2023,5,18,13,56.602,230.51623570427418,230.51623570427418,171.98262660396392,0.0,515.3025286984973,0.0,0.0
2023,5,18,14,56.602,204.1061444114181,204.1061444114181,145.57253531110786,0.0,651.5062327104715,0.0,0.0
2023,5,18,15,56.602,163.08931287418807,163.08931287418807,104.55570377387784,0.0,749.3328872998572,0.0,0.0
2023,5,18,16,56.602,77.69606221477115,77.69606221477115,19.162453114460913,0.0,767.2620735063588,0.0,0.0
2023,5,18,17,56.602,62.84668508926141,62.84668508926141,4.313075988951177,0.0,771.2975663561933,0.0,0.0
2023,5,18,18,56.602,21.811189176559424,21.811189176559424,0.0,36.72241992375081,734.0115981121866,0.0,0.0
2023,5,18,19,56.602,3.023628826461258,3.023628826461258,0.0,55.509980273848974,677.6497525144912,0.0,0.0
2023,5,18,20,56.602,0.0,0.0,0.0,58.53360910031024,618.2178769830609,0.0,0.0
2023,5,18,21,56.602,0.0,0.0,0.0,58.53360910031024,558.7860014516306,0.0,0.0
2023,5,18,22,56.602,0.0,0.0,0.0,58.53360910031024,499.35412592020026,0.0,0.0
2023,5,18,23,56.602,0.0,0.0,0.0,58.53360910031024,439.92225038876995,0.0,0.0
2023,5,19,0,56.602,0.0,0.0,0.0,58.53360910031024,380.49037485733965,0.0,0.0
2023,5,19,1,56.602,0.0,0.0,0.0,58.53360910031024,321.05849932590934,0.0,0.0
2023,5,19,2,56.602,0.0,0.0,0.0,58.53360910031024,261.62662379447903,0.0,0.0
2023,5,19,3,56.602,0.0,0.0,0.0,58.53360910031024,202.19474826304872,0.0,0.0
2023,5,19,4,56.602,0.0,0.0,0.0,58.53360910031024,142.76287273161842,0.0,0.0
2023,5,19,5,56.602,0.0,0.0,0.0,58.53360910031024,83.33099720018812,0.0,0.0
2023,5,19,6,56.602,6.450408163117351,6.450408163117351,0.0,52.083200937192885,30.44851886072561,0.0,0.0
2023,5,19,7,56.602,28.545295846850912,28.545295846850912,0.0,29.988313253459324,0.0,0.0,0.0
2023,5,19,8,56.602,82.82876546956645,58.53360910031024,0.0,0.0,0.0,24.295156369256212,0.0
2023,5,19,9,56.602,146.26151194864818,58.53360910031024,0.0,0.0,0.0,87.72790284833795,0.0
2023,5,19,10,56.602,177.62139561667414,58.53360910031024,0.0,0.0,0.0,119.0877865163639,0.0
2023,5,19,11,56.602,250.5692407113728,58.53360910031024,0.0,0.0,-0.0,192.03563161106257,0.0
2023,5,19,12,56.602,269.96899257695196,265.3524585606766,206.8188494603664,0.0,193.50829671129125,4.616534016275352,0.0
2023,5,19,13,56.602,275.3965929642047,275.3965929642047,216.86298386389444,0.0,396.4143023134177,0.0,0.0
2023,5,19,14,56.602,260.93543484851216,260.93543484851216,202.4018257482019,0.0,585.7898483721233,0.0,0.0
2023,5,19,15,56.602,207.46946487146948,207.46946487146948,148.93585577115925,0.0,725.1404145546246,0.0,0.0
2023,5,19,16,56.602,160.37551268056177,160.37551268056177,101.84190358025154,0.0,820.4279250841067,0.0,0.0
2023,5,19,17,56.602,79.9544516468811,79.9544516468811,21.42084254657086,0.0,840.4701541465116,0.0,0.0
2023,5,19,18,56.602,33.25991709107384,33.25991709107384,0.0,25.2736920092364,814.8086078861653,0.0,0.0
2023,5,19,19,56.602,5.942737150279411,5.942737150279411,0.0,52.59087195003083,761.4106677306683,0.0,0.0
2023,5,19,20,56.602,0.0,-0.0,0.0,58.53360910031024,701.9787921992379,0.0,0.0
2023,5,19,21,56.602,0.0,-0.0,0.0,58.53360910031024,642.5469166678076,0.0,0.0
2023,5,19,22,56.602,0.0,-0.0,0.0,58.53360910031024,583.1150411363774,0.0,0.0
2023,5,19,23,56.602,0.0,-0.0,0.0,58.53360910031024,523.6831656049471,0.0,0.0
2023,5,20,0,56.602,0.0,-0.0,0.0,58.53360910031024,464.2512900735168,0.0,0.0
2023,5,20,1,56.602,0.0,-0.0,0.0,58.53360910031024,404.8194145420865,0.0,0.0
2023,5,20,2,56.602,0.0,-0.0,0.0,58.53360910031024,345.3875390106562,0.0,0.0
2023,5,20,3,56.602,0.0,-0.0,0.0,58.53360910031024,285.9556634792259,0.0,0.0
2023,5,20,4,56.602,0.0,-0.0,0.0,58.53360910031024,226.5237879477956,0.0,0.0
2023,5,20,5,56.602,0.0,-0.0,0.0,58.53360910031024,167.0919124163653,0.0,0.0
2023,5,20,6,56.602,6.204038406887174,6.204038406887174,0.0,52.32957069342306,113.9592834897096,0.0,0.0
2023,5,20,7,56.602,30.068308885364733,30.068308885364733,0.0,28.465300214945504,85.0571500770875,0.0,0.0
2023,5,20,8,56.602,72.71267396375166,72.71267396375166,14.179064863441418,0.0,98.32367146932292,0.0,0.0
2023,5,20,9,56.602,109.32844576468806,109.32844576468806,50.79483666437782,0.0,145.84942818974997,0.0,0.0
2023,5,20,10,56.602,133.5062777510949,133.5062777510949,74.97266865078467,0.0,215.99696768321166,0.0,0.0
2023,5,20,11,56.602,85.93078467301008,85.93078467301008,27.397175572699844,0.0,241.63090188991612,0.0,0.0
2023,5,20,12,56.602,81.49986193596129,81.49986193596129,22.966252835651055,0.0,263.1190809396664,0.0,0.0
2023,5,20,13,56.602,75.73256991511853,75.73256991511853,17.1989608148083,0.0,279.21114228301883,0.0,0.0
2023,5,20,14,56.602,76.81137081739915,76.81137081739915,18.277761717088914,0.0,296.31257451125737,0.0,0.0
2023,5,20,15,56.602,69.33442200332273,69.33442200332273,10.800812903012492,0.0,306.41826320168695,0.0,0.0
2023,5,20,16,56.602,36.70909367829631,36.70909367829631,0.0,21.824515422013924,284.2588251620456,0.0,0.0
2023,5,20,17,56.602,34.12221123787942,34.12221123787942,0.0,24.411397862430817,259.47280595687545,0.0,0.0
2023,5,20,18,56.602,9.07461935447817,9.07461935447817,0.0,49.45898974583206,209.25481038706212,0.0,0.0
2023,5,20,19,56.602,0.5860613898202686,0.5860613898202686,0.0,0.0,209.25481038706212,0.0,56.0352786360438
2023,5,20,20,56.602,0.0,-0.0,0.0,58.53360910031024,149.82293485563181,0.0,0.0
2023,5,20,21,56.602,0.0,-0.0,0.0,58.53360910031024,90.3910593242015,0.0,0.0
2023,5,20,22,56.602,0.0,-0.0,0.0,30.491259883467418,59.43187553143031,0.0,27.116951692687003
2023,5,20,23,56.602,0.0,-0.0,0.0,58.53360910031024,0.0,0.0,0.0
2023,5,21,0,56.602,0.0,-0.0,0.0,-0.0,0.0,0.0,56.602
2023,5,21,1,56.602,0.0,-0.0,0.0,-0.0,0.0,0.0,56.602
2023,5,21,2,56.602,0.0,-0.0,0.0,-0.0,0.0,0.0,56.602
2023,5,21,3,56.602,0.0,-0.0,0.0,-0.0,0.0,0.0,56.602
2023,5,21,4,56.602,0.0,-0.0,0.0,-0.0,0.0,0.0,56.602
2023,5,21,5,56.602,0.0,-0.0,0.0,0.0,-0.0,0.0,56.602
2023,5,21,6,56.602,6.566127291043647,6.566127291043647,0.0,-0.0,0.0,0.0,50.25255490956079
2023,5,21,7,56.602,24.050914233197393,24.050914233197393,0.0,-0.0,0.0,0.0,33.34476593649812
2023,5,21,8,56.602,65.91884129194982,65.91884129194982,7.385232191639581,0.0,6.909929660426997,0.0,0.0
2023,5,21,9,56.602,120.4262834203292,120.4262834203292,61.89267432001896,0.0,64.81928375374768,0.0,0.0
2023,5,21,10,56.602,192.5304987436942,192.5304987436942,133.99688964338395,0.0,190.19233339190976,0.0,0.0
2023,5,21,11,56.602,192.95604650445543,192.95604650445543,134.4224374041452,0.0,315.96354317151486,0.0,0.0
2023,5,21,12,56.602,143.33120499954683,143.33120499954683,84.79759589923658,0.0,395.30369224636104,0.0,0.0
2023,5,21,13,56.602,131.3150800706841,131.3150800706841,72.78147097037387,0.0,463.4010562746736,0.0,0.0
2023,5,21,14,56.602,118.04097623500977,118.04097623500977,59.50736713469953,0.0,519.078617996222,0.0,0.0
2023,5,21,15,56.602,118.5486472478477,118.5486472478477,60.01503814753746,0.0,575.2311777812462,0.0,0.0
2023,5,21,16,56.602,119.4221400199365,119.4221400199365,60.88853091962627,0.0,632.2010136460743,0.0,0.0
2023,5,21,17,56.602,63.847095614559706,63.847095614559706,5.31348651424947,0.0,637.1725320915817,0.0,0.0
2023,5,21,18,56.602,26.887899304938816,26.887899304938816,0.0,31.64570979537142,605.0411820079199,0.0,0.0
2023,5,21,19,56.602,5.188696381211295,5.188696381211295,0.0,53.34491271909894,550.8776294491953,0.0,0.0
2023,5,21,20,56.602,0.0,-0.0,0.0,58.53360910031024,491.445753917765,0.0,0.0
2023,5,21,21,56.602,0.0,-0.0,0.0,58.53360910031024,432.0138783863347,0.0,0.0
2023,5,21,22,56.602,0.0,-0.0,0.0,58.53360910031024,372.5820028549044,0.0,0.0
2023,5,21,23,56.602,0.0,-0.0,0.0,58.53360910031024,313.15012732347407,0.0,0.0
2023,5,22,0,56.602,0.0,-0.0,0.0,58.53360910031024,253.71825179204376,0.0,0.0
2023,5,22,1,56.602,0.0,-0.0,0.0,58.53360910031024,194.28637626061345,0.0,0.0
2023,5,22,2,56.602,0.0,-0.0,0.0,58.53360910031024,134.85450072918314,0.0,0.0
2023,5,22,3,56.602,0.0,-0.0,0.0,58.53360910031024,75.42262519775284,0.0,0.0
2023,5,22,4,56.602,0.0,-0.0,0.0,58.53360910031024,15.990749666322529,0.0,0.0
2023,5,22,5,56.602,0.0,-0.0,0.0,15.749061960772993,0.0,0.0,41.372657083932516
2023,5,22,6,56.602,10.590166642803197,10.590166642803197,0.0,-0.0,0.0,0.0,46.3613088564093
2023,5,22,7,56.602,39.900701884005414,39.900701884005414,0.0,-0.0,0.0,0.0,18.018021278166763
2023,5,22,8,56.602,94.38574676181842,58.53360910031024,0.0,0.0,0.0,35.85213766150819,0.0
2023,5,22,9,56.602,149.2104832732215,58.53360910031024,0.0,0.0,-0.0,90.67687417291128,0.0
2023,5,22,10,56.602,233.98034379187422,61.731195891647765,3.197586791337531,0.0,2.991794873594557,172.24914790022646,0.0
2023,5,22,11,56.602,279.1443995589788,279.1443995589788,220.6107904586686,0.0,209.4044038266746,0.0,0.0
2023,5,22,12,56.602,296.1961729901826,296.1961729901826,237.6625638898724,0.0,431.7713595000299,0.0,0.0
2023,5,22,13,56.602,229.96750306539784,229.96750306539784,171.4338939650876,0.0,592.1720236867121,0.0,0.0
2023,5,22,14,56.602,153.20839249932027,153.20839249932027,94.67478339901004,0.0,680.7536792024183,0.0,0.0
2023,5,22,15,56.602,123.57682999999994,123.57682999999994,65.0432208996897,0.0,741.6108153955447,0.0,0.0
2023,5,22,16,56.602,87.69643459265967,87.69643459265967,29.162825492349434,0.0,768.8967649259554,0.0,0.0
2023,5,22,17,56.602,44.36522049690377,44.36522049690377,0.0,14.16838860340647,754.5109458913638,0.0,0.0
2023,5,22,18,56.602,22.65108607279866,22.65108607279866,0.0,35.88252302751158,718.0777637400612,0.0,0.0
2023,5,22,19,56.602,2.534622189095302,2.534622189095302,0.0,55.998986911214935,661.2194071283914,0.0,0.0
2023,5,22,20,56.602,0.0,0.0,0.0,58.53360910031024,601.7875315969611,0.0,0.0
2023,5,22,21,56.602,0.0,0.0,0.0,58.53360910031024,542.3556560655309,0.0,0.0
2023,5,22,22,56.602,0.0,0.0,0.0,58.53360910031024,482.9237805341005,0.0,0.0
2023,5,22,23,56.602,0.0,0.0,0.0,58.53360910031024,423.4919050026702,0.0,0.0
2023,5,23,0,56.602,0.0,0.0,0.0,58.53360910031024,364.0600294712399,0.0,0.0
2023,5,23,1,56.602,0.0,0.0,0.0,58.53360910031024,304.6281539398096,0.0,0.0
2023,5,23,2,56.602,0.0,0.0,0.0,58.53360910031024,245.19627840837927,0.0,0.0
2023,5,23,3,56.602,0.0,0.0,0.0,58.53360910031024,185.76440287694896,0.0,0.0
2023,5,23,4,56.602,0.0,0.0,0.0,58.53360910031024,126.33252734551867,0.0,0.0
2023,5,23,5,56.602,0.0,0.0,0.0,58.53360910031024,66.90065181408836,0.0,0.0
2023,5,23,6,56.602,10.519242016009661,10.519242016009661,0.0,48.01436708430058,18.1494483237259,0.0,0.0
2023,5,23,7,56.602,40.65847552816793,40.65847552816793,0.0,17.875133572142303,0.0,0.0,0.0
2023,5,23,8,56.602,106.85728245219751,58.53360910031024,0.0,0.0,0.0,48.32367335188727,0.0
2023,5,23,9,56.602,185.77399482283633,58.53360910031024,0.0,0.0,0.0,127.2403857225261,0.0
2023,5,23,10,56.602,253.3017052804711,58.53360910031024,0.0,0.0,-0.0,194.76809618016088,0.0
2023,5,23,11,56.602,281.7760765005285,228.76100209642328,170.22739299611305,0.0,159.27181182097206,53.015074404105235,0.0
2023,5,23,12,56.602,258.57252491375914,258.57252491375914,200.0389158134489,0.0,346.4365213048235,0.0,0.0
2023,5,23,13,56.602,281.22734386165223,281.22734386165223,222.693734761342,0.0,554.7980193712823,0.0,0.0
2023,5,23,14,56.602,218.54490527654426,218.54490527654426,160.011296176234,0.0,704.5112271297592,0.0,0.0
2023,5,23,15,56.602,85.74787379338464,85.74787379338464,27.214264693074405,0.0,729.9740223282995,0.0,0.0
2023,5,23,16,56.602,92.5342407149977,92.5342407149977,34.00063161468746,0.0,761.786423993009,0.0,0.0
2023,5,23,17,56.602,52.37223757438451,52.37223757438451,0.0,6.1613715259257225,755.5304990421968,0.0,0.0
2023,5,23,18,56.602,22.40844919166288,22.40844919166288,0.0,36.12515990864736,718.8509564641129,0.0,0.0
2023,5,23,19,56.602,6.405613661984592,6.405613661984592,0.0,52.12799543832564,665.9229961997062,0.0,0.0
2023,5,23,20,56.602,0.0,0.0,0.0,58.53360910031024,606.4911206682759,0.0,0.0
2023,5,23,21,56.602,0.0,0.0,0.0,58.53360910031024,547.0592451368457,0.0,0.0
2023,5,23,22,56.602,0.0,0.0,0.0,58.53360910031024,487.62736960541537,0.0,0.0
2023,5,23,23,56.602,0.0,0.0,0.0,58.53360910031024,428.19549407398506,0.0,0.0
2023,5,24,0,56.602,0.0,0.0,0.0,58.53360910031024,368.76361854255475,0.0,0.0
2023,5,24,1,56.602,0.0,0.0,0.0,58.53360910031024,309.33174301112444,0.0,0.0
2023,5,24,2,56.602,0.0,0.0,0.0,58.53360910031024,249.8998674796941,0.0,0.0
2023,5,24,3,56.602,0.0,0.0,0.0,58.53360910031024,190.4679919482638,0.0,0.0
2023,5,24,4,56.602,0.0,0.0,0.0,58.53360910031024,131.0361164168335,0.0,0.0
2023,5,24,5,56.602,0.0,0.0,0.0,58.53360910031024,71.60424088540319,0.0,0.0
2023,5,24,6,56.602,9.182872732215673,9.182872732215673,0.0,49.350736368094566,21.496159967538148,0.0,0.0
2023,5,24,7,56.602,37.36234681981572,37.36234681981572,0.0,21.171262280494517,0.0,0.0,0.0
2023,5,24,8,56.602,119.95594115843524,58.53360910031024,0.0,0.0,0.0,61.422332058125,0.0
2023,5,24,9,56.602,197.48029111886413,58.53360910031024,0.0,0.0,0.0,138.9466820185539,0.0
2023,5,24,10,56.602,255.6384850895634,58.53360910031024,0.0,0.0,0.0,197.10487598925317,0.0
2023,5,24,11,56.602,257.92300464733415,58.53360910031024,0.0,0.0,-0.0,199.38939554702392,0.0
2023,5,24,12,56.602,279.79765270049825,250.1644289780212,191.63081987771096,0.0,179.29774606463187,29.633223722477055,0.0
2023,5,24,13,56.602,226.54445660383618,226.54445660383618,168.01084750352592,0.0,336.49566595567217,0.0,0.0
2023,5,24,14,56.602,248.51989228454906,248.51989228454906,189.98628318423883,0.0,514.254715256139,0.0,0.0
2023,5,24,15,56.602,187.05063810511996,187.05063810511996,128.51702900480973,0.0,634.5005799150182,0.0,0.0
2023,5,24,16,56.602,151.42407820419865,151.42407820419865,92.8904691038884,0.0,721.4127569429197,0.0,0.0
2023,5,24,17,56.602,89.95482402476964,89.95482402476964,31.4212149244594,0.0,750.8117493292337,0.0,0.0
2023,5,24,18,56.602,27.223858063434513,27.223858063434513,0.0,31.309751036875724,719.0215136826537,0.0,0.0
2023,5,24,19,56.602,5.868079648391479,5.868079648391479,0.0,52.66552945191876,665.5477703189163,0.0,0.0
2023,5,24,20,56.602,0.0,0.0,0.0,58.53360910031024,606.115894787486,0.0,0.0
2023,5,24,21,56.602,0.0,0.0,0.0,58.53360910031024,546.6840192560558,0.0,0.0
2023,5,24,22,56.602,0.0,0.0,0.0,58.53360910031024,487.2521437246255,0.0,0.0
2023,5,24,23,56.602,0.0,0.0,0.0,58.53360910031024,427.8202681931952,0.0,0.0
2023,5,25,0,56.602,0.0,0.0,0.0,58.53360910031024,368.3883926617649,0.0,0.0
2023,5,25,1,56.602,0.0,0.0,0.0,58.53360910031024,308.9565171303346,0.0,0.0
2023,5,25,2,56.602,0.0,0.0,0.0,58.53360910031024,249.52464159890428,0.0,0.0
2023,5,25,3,56.602,0.0,0.0,0.0,58.53360910031024,190.09276606747397,0.0,0.0
2023,5,25,4,56.602,0.0,0.0,0.0,58.53360910031024,130.66089053604367,0.0,0.0
2023,5,25,5,56.602,0.0,0.0,0.0,58.53360910031024,71.22901500461336,0.0,0.0
2023,5,25,6,56.602,8.637872968433767,8.637872968433767,0.0,49.89573613187647,20.567570666593635,0.0,0.0
2023,5,25,7,56.602,38.27690121794289,38.27690121794289,0.0,20.256707882367344,0.0,0.0,0.0
2023,5,25,8,56.602,120.25457116598695,58.53360910031024,0.0,0.0,0.0,61.72096206567671,0.0
2023,5,25,9,56.602,199.00330415737793,58.53360910031024,0.0,0.0,0.0,140.4696950570677,0.0
2023,5,25,10,56.602,259.20338080471214,58.53360910031024,0.0,0.0,0.0,200.6697717044019,0.0
2023,5,25,11,56.602,299.2235346917383,58.53360910031024,0.0,0.0,-0.0,240.68992559142805,0.0
2023,5,25,12,56.602,267.6172812674821,115.61713479826783,57.08352569795758,0.0,53.40971510531401,152.00014646921426,0.0
2023,5,25,13,56.602,307.9883254133816,307.9883254133816,249.45471631307134,0.0,286.80989785602253,0.0,0.0
2023,5,25,14,56.602,267.14693900558814,267.14693900558814,208.6133299052779,0.0,481.9971849266673,0.0,0.0
2023,5,25,15,56.602,217.5855563772843,217.5855563772843,159.05194727697406,0.0,630.8127860504877,0.0,0.0
2023,5,25,16,56.602,155.42572030539188,155.42572030539188,96.89211120508165,0.0,721.4690654610808,0.0,0.0
2023,5,25,17,56.602,89.61513239117954,89.61513239117954,31.081523290869306,0.0,750.5502282608045,0.0,0.0
2023,5,25,18,56.602,24.76389337622714,24.76389337622714,0.0,33.76971572408309,716.2622769027042,0.0,0.0
2023,5,25,19,56.602,5.491059263857421,5.491059263857421,0.0,53.042549836452814,662.405727337353,0.0,0.0
2023,5,25,20,56.602,0.0,0.0,0.0,58.53360910031024,602.9738518059228,0.0,0.0
2023,5,25,21,56.602,0.0,0.0,0.0,58.53360910031024,543.5419762744925,0.0,0.0
2023,5,25,22,56.602,0.0,0.0,0.0,58.53360910031024,484.1101007430623,0.0,0.0
2023,5,25,23,56.602,0.0,0.0,0.0,58.53360910031024,424.67822521163197,0.0,0.0
2023,5,26,0,56.602,0.0,0.0,0.0,58.53360910031024,365.24634968020166,0.0,0.0
2023,5,26,1,56.602,0.0,0.0,0.0,58.53360910031024,305.81447414877135,0.0,0.0
2023,5,26,2,56.602,0.0,0.0,0.0,58.53360910031024,246.38259861734105,0.0,0.0
2023,5,26,3,56.602,0.0,0.0,0.0,58.53360910031024,186.95072308591074,0.0,0.0
2023,5,26,4,56.602,0.0,0.0,0.0,58.53360910031024,127.51884755448043,0.0,0.0
2023,5,26,5,56.602,0.0,0.0,0.0,58.53360910031024,68.08697202305012,0.0,0.0
2023,5,26,6,56.602,10.914926776015703,10.914926776015703,0.0,47.61868232429454,19.737525536361606,0.0,0.0
2023,5,26,7,56.602,39.09440086361575,39.09440086361575,0.0,19.439208236694483,0.0,0.0,0.0
2023,5,26,8,56.602,116.54409332215671,58.53360910031024,0.0,0.0,0.0,58.010484221846475,0.0
2023,5,26,9,56.602,192.62008774595972,58.53360910031024,0.0,0.0,-0.0,134.0864786456495,0.0
2023,5,26,10,56.602,226.67884010723444,162.7933082476909,104.25969914738064,0.0,97.54970037925648,63.88553185954353,0.0
2023,5,26,11,56.602,211.0828879628454,211.0828879628454,152.54927886253515,0.0,240.28113513120311,0.0,0.0
2023,5,26,12,56.602,203.74778840235606,203.74778840235606,145.21417930204584,0.0,376.1495463924885,0.0,0.0
2023,5,26,13,56.602,237.3026026258872,237.3026026258872,178.76899352557697,0.0,543.413234069832,0.0,0.0
2023,5,26,14,56.602,197.47282536867533,197.47282536867533,138.93921626836507,0.0,673.4105295612437,0.0,0.0
2023,5,26,15,56.602,141.85298646216577,141.85298646216577,83.31937736185554,0.0,751.3675960394987,0.0,0.0
2023,5,26,16,56.602,81.52599206162208,81.52599206162208,22.99238296131184,0.0,772.8802235189867,0.0,0.0
2023,5,26,17,56.602,38.51953809907867,38.51953809907867,0.0,20.01407100123156,752.5590132791742,0.0,0.0
2023,5,26,18,56.602,24.532455120374554,24.532455120374554,0.0,34.00115397993568,718.0360719755289,0.0,0.0
2023,5,26,19,56.602,6.409346537078989,6.409346537078989,0.0,52.12426256323125,665.1119018715342,0.0,0.0
2023,5,26,20,56.602,0.0,0.0,0.0,58.53360910031024,605.680026340104,0.0,0.0
2023,5,26,21,56.602,0.0,0.0,0.0,58.53360910031024,546.2481508086737,0.0,0.0
2023,5,26,22,56.602,0.0,0.0,0.0,58.53360910031024,486.8162752772434,0.0,0.0
2023,5,26,23,56.602,0.0,0.0,0.0,58.53360910031024,427.3843997458131,0.0,0.0
2023,5,27,0,56.602,0.0,0.0,0.0,58.53360910031024,367.9525242143828,0.0,0.0
2023,5,27,1,56.602,0.0,0.0,0.0,58.53360910031024,308.52064868295247,0.0,0.0
2023,5,27,2,56.602,0.0,0.0,0.0,58.53360910031024,249.08877315152216,0.0,0.0
2023,5,27,3,56.602,0.0,0.0,0.0,58.53360910031024,189.65689762009185,0.0,0.0
2023,5,27,4,56.602,0.0,0.0,0.0,58.53360910031024,130.22502208866155,0.0,0.0
2023,5,27,5,56.602,0.0,0.0,0.0,58.53360910031024,70.79314655723124,0.0,0.0
2023,5,27,6,56.602,9.100749480138948,9.100749480138948,0.0,49.432859620171286,20.6016821103018,0.0,0.0
2023,5,27,7,56.602,38.24330534209332,38.24330534209332,0.0,20.290303758216915,0.0,0.0,0.0
2023,5,27,8,56.602,108.5072132439208,58.53360910031024,0.0,0.0,0.0,49.973604143610565,0.0
2023,5,27,9,56.602,189.49940416704413,58.53360910031024,0.0,0.0,0.0,130.9657950667339,0.0
2023,5,27,10,56.602,240.3896903289532,58.53360910031024,0.0,0.0,-0.0,181.85608122864298,0.0
2023,5,27,11,56.602,261.6820098673915,135.479966633304,76.94635753299376,0.0,71.99420470231871,126.20204323408751,0.0
2023,5,27,12,56.602,275.0643670808034,275.0643670808034,216.53075798049315,0.0,274.5893659834941,0.0,0.0
2023,5,27,13,56.602,275.9042639770426,275.9042639770426,217.37065487673235,0.0,477.97036964909626,0.0,0.0
2023,5,27,14,56.602,211.78840135568635,211.78840135568635,153.25479225537612,0.0,621.3619120039615,0.0,0.0
2023,5,27,15,56.602,131.80408670805005,131.80408670805005,73.2704776077398,0.0,689.9168109316514,0.0,0.0
2023,5,27,16,56.602,114.30063539042432,114.30063539042432,55.76702629011408,0.0,742.0947545678855,0.0,0.0
2023,5,27,17,56.602,73.72801598942755,73.72801598942755,15.19440688911731,0.0,756.3112720870726,0.0,0.0
2023,5,27,18,56.602,22.65108607279866,22.65108607279866,0.0,35.88252302751158,719.8780899357699,0.0,0.0
2023,5,27,19,56.602,4.27040910798969,4.27040910798969,0.0,54.26319999232055,664.7821579156887,0.0,0.0
2023,5,27,20,56.602,0.0,0.0,0.0,58.53360910031024,605.3502823842584,0.0,0.0
2023,5,27,21,56.602,0.0,0.0,0.0,58.53360910031024,545.9184068528282,0.0,0.0
2023,5,27,22,56.602,0.0,0.0,0.0,58.53360910031024,486.4865313213978,0.0,0.0
2023,5,27,23,56.602,0.0,0.0,0.0,58.53360910031024,427.0546557899675,0.0,0.0
2023,5,28,0,56.602,0.0,0.0,0.0,58.53360910031024,367.6227802585372,0.0,0.0
2023,5,28,1,56.602,0.0,0.0,0.0,58.53360910031024,308.1909047271069,0.0,0.0
2023,5,28,2,56.602,0.0,0.0,0.0,58.53360910031024,248.7590291956766,0.0,0.0
2023,5,28,3,56.602,0.0,0.0,0.0,58.53360910031024,189.32715366424628,0.0,0.0
2023,5,28,4,56.602,0.0,0.0,0.0,58.53360910031024,129.89527813281597,0.0,0.0
2023,5,28,5,56.602,0.0,0.0,0.0,58.53360910031024,70.46340260138565,0.0,0.0
2023,5,28,6,56.602,9.727872495997579,9.727872495997579,0.0,48.805736604312656,20.908685103675296,0.0,0.0
2023,5,28,7,56.602,37.94094245944719,37.94094245944719,0.0,20.592666640863044,0.0,0.0,0.0
2023,5,28,8,56.602,118.03351048482097,58.53360910031024,0.0,0.0,0.0,59.49990138451073,0.0
2023,5,28,9,56.602,193.80340915088345,58.53360910031024,0.0,0.0,0.0,135.26980005057322,0.0
2023,5,28,10,56.602,251.1142404751547,58.53360910031024,0.0,0.0,-0.0,192.58063137484447,0.0
2023,5,28,11,56.602,288.00251215798204,195.98092452786068,137.44731542755045,0.0,128.60141116403324,92.02158763012136,0.0
2023,5,28,12,56.602,196.18498346110846,196.18498346110846,137.6513743607982,0.0,257.3937483326571,0.0,0.0
2023,5,28,13,56.602,201.85148785440256,201.85148785440256,143.3178787540923,0.0,391.48790212154756,0.0,0.0
2023,5,28,14,56.602,211.87052460776312,211.87052460776312,153.3369155074529,0.0,534.9562823984456,0.0,0.0
2023,5,28,15,56.602,212.09449711342683,212.09449711342683,153.5608880131166,0.0,678.6342206445241,0.0,0.0
2023,5,28,16,56.602,139.49007652741273,139.49007652741273,80.9564674271025,0.0,754.3804505479249,0.0,0.0
2023,5,28,17,56.602,55.59370878084879,55.59370878084879,0.0,2.9399003194614433,751.3954340326845,0.0,0.0
2023,5,28,18,56.602,18.641978221416696,18.641978221416696,0.0,39.891630878893544,710.8916195988742,0.0,0.0
2023,5,28,19,56.602,5.6963673940492345,5.6963673940492345,0.0,52.837241706261004,657.243528856184,0.0,0.0
2023,5,28,20,56.602,0.0,0.0,0.0,58.53360910031024,597.8116533247537,0.0,0.0
2023,5,28,21,56.602,0.0,0.0,0.0,58.53360910031024,538.3797777933235,0.0,0.0
2023,5,28,22,56.602,0.0,0.0,0.0,58.53360910031024,478.9479022618932,0.0,0.0
2023,5,28,23,56.602,0.0,0.0,0.0,58.53360910031024,419.5160267304629,0.0,0.0
2023,5,29,0,56.602,0.0,0.0,0.0,58.53360910031024,360.0841511990326,0.0,0.0
2023,5,29,1,56.602,0.0,0.0,0.0,58.53360910031024,300.6522756676023,0.0,0.0
2023,5,29,2,56.602,0.0,0.0,0.0,58.53360910031024,241.22040013617197,0.0,0.0
2023,5,29,3,56.602,0.0,0.0,0.0,58.53360910031024,181.78852460474167,0.0,0.0
2023,5,29,4,56.602,0.0,0.0,0.0,58.53360910031024,122.35664907331136,0.0,0.0
2023,5,29,5,56.602,0.0,0.0,0.0,58.53360910031024,62.92477354188105,0.0,0.0
2023,5,29,6,56.602,12.236364559432102,12.236364559432102,0.0,46.29724454087813,15.917043841047064,0.0,0.0
2023,5,29,7,56.602,42.857138958767536,42.857138958767536,0.0,15.676470141542701,0.0,0.0,0.0
2023,5,29,8,56.602,117.6639558504757,58.53360910031024,0.0,0.0,-0.0,59.130346750165465,0.0
2023,5,29,9,56.602,192.8589917520011,58.53360910031024,0.0,0.0,-0.0,134.32538265169086,0.0
2023,5,29,10,56.602,248.41537178190598,191.87749514899957,133.34388604868934,0.0,124.76207238108225,56.5378766329064,0.0
2023,5,29,11,56.602,276.8225512502642,276.8225512502642,218.28894214995398,0.0,329.00226372032455,0.0,0.0
2023,5,29,12,56.602,203.94563078235907,203.94563078235907,145.41202168204885,0.0,465.0557845210527,0.0,0.0
2023,5,29,13,56.602,173.19047287962533,173.19047287962533,114.6568637793151,0.0,572.3335035204789,0.0,0.0
2023,5,29,14,56.602,199.73121480078527,199.73121480078527,141.19760570047504,0.0,704.4438418677939,0.0,0.0
2023,5,29,15,56.602,94.12817838030504,94.12817838030504,35.59456927999481,0.0,737.7475977465045,0.0,0.0
2023,5,29,16,56.602,82.30989583144536,82.30989583144536,23.776286731135123,0.0,759.9936781181243,0.0,0.0
2023,5,29,17,56.602,49.32247862226247,49.32247862226247,0.0,9.211130478047762,750.6411921106932,0.0,0.0
2023,5,29,18,56.602,27.343310066455203,27.343310066455203,0.0,31.190299033855034,718.9722415972976,0.0,0.0
2023,5,29,19,56.602,7.529209065397973,7.529209065397973,0.0,51.004400034912265,667.1851196169084,0.0,0.0
2023,5,29,20,56.602,0.0,0.0,0.0,58.53360910031024,607.7532440854782,0.0,0.0
2023,5,29,21,56.602,0.0,0.0,0.0,58.53360910031024,548.3213685540478,0.0,0.0
2023,5,29,22,56.602,0.0,0.0,0.0,58.53360910031024,488.8894930226175,0.0,0.0
2023,5,29,23,56.602,0.0,0.0,0.0,58.53360910031024,429.4576174911872,0.0,0.0
2023,5,30,0,56.602,0.0,0.0,0.0,58.53360910031024,370.0257419597569,0.0,0.0
2023,5,30,1,56.602,0.0,0.0,0.0,58.53360910031024,310.5938664283266,0.0,0.0
2023,5,30,2,56.602,0.0,0.0,0.0,58.53360910031024,251.16199089689624,0.0,0.0
2023,5,30,3,56.602,0.0,0.0,0.0,58.53360910031024,191.73011536546593,0.0,0.0
2023,5,30,4,56.602,0.0,0.0,0.0,58.53360910031024,132.29823983403563,0.0,0.0
2023,5,30,5,56.602,0.0,0.0,0.0,58.53360910031024,72.86636430260532,0.0,0.0
2023,5,30,6,56.602,9.597221867693698,9.597221867693698,0.0,48.93638723261654,23.178991190474317,0.0,0.0
2023,5,30,7,56.602,35.70495027790362,35.70495027790362,0.0,22.828658822406616,0.0,0.0,0.0
2023,5,30,8,56.602,106.53998806917379,58.53360910031024,0.0,0.0,-0.0,48.00637896886355,0.0
2023,5,30,9,56.602,169.34187865730243,147.9990278956185,89.46541879530827,0.0,83.70755784984712,21.342850761683934,0.0
2023,5,30,10,56.602,232.11390624467592,232.11390624467592,173.5802971443657,0.0,246.11648590784247,0.0,0.0
2023,5,30,11,56.602,201.2728922147711,201.2728922147711,142.73928311446087,0.0,379.66928160968337,0.0,0.0
2023,5,30,12,56.602,234.80157631264146,234.80157631264146,176.2679672123312,0.0,544.5929052978446,0.0,0.0
2023,5,30,13,56.602,156.90767171786732,156.90767171786732,98.37406261755709,0.0,636.6357599378487,0.0,0.0
2023,5,30,14,56.602,148.82226426340424,148.82226426340424,90.288655163094,0.0,721.1135718904367,0.0,0.0
2023,5,30,15,56.602,81.09671142576646,81.09671142576646,22.56310232545622,0.0,742.224546595662,0.0,0.0
2023,5,30,16,56.602,45.903165035795176,45.903165035795176,0.0,12.63044406451506,729.400273650822,0.0,0.0
2023,5,30,17,56.602,70.95448979429086,70.95448979429086,12.420880693980628,0.0,741.0217649849905,0.0,0.0
2023,5,30,18,56.602,29.70995287630266,29.70995287630266,0.0,28.82365622400758,711.7557761728145,0.0,0.0
2023,5,30,19,56.602,5.442531887630264,5.442531887630264,0.0,53.09107721267997,657.849954522107,0.0,0.0
2023,5,30,20,56.602,0.0,0.0,0.0,58.53360910031024,598.4180789906768,0.0,0.0
2023,5,30,21,56.602,0.0,0.0,0.0,58.53360910031024,538.9862034592466,0.0,0.0
2023,5,30,22,56.602,0.0,0.0,0.0,58.53360910031024,479.5543279278162,0.0,0.0
2023,5,30,23,56.602,0.0,0.0,0.0,58.53360910031024,420.1224523963859,0.0,0.0
2023,5,31,0,56.602,0.0,0.0,0.0,58.53360910031024,360.6905768649556,0.0,0.0
2023,5,31,1,56.602,0.0,0.0,0.0,58.53360910031024,301.25870133352527,0.0,0.0
2023,5,31,2,56.602,0.0,0.0,0.0,58.53360910031024,241.82682580209496,0.0,0.0
2023,5,31,3,56.602,0.0,0.0,0.0,58.53360910031024,182.39495027066465,0.0,0.0
2023,5,31,4,56.602,0.0,0.0,0.0,58.53360910031024,122.96307473923434,0.0,0.0
2023,5,31,5,56.602,0.0,0.0,0.0,58.53360910031024,63.53119920780404,0.0,0.0
2023,5,31,6,56.602,11.963864677541114,11.963864677541114,0.0,46.569744422769126,16.24678779689267,0.0,0.0
2023,5,31,7,56.602,42.53237882555503,42.53237882555503,0.0,16.00123027475521,0.0,0.0,0.0
2023,5,31,8,56.602,100.45913454040172,58.53360910031024,0.0,0.0,-0.0,41.925525440091484,0.0
2023,5,31,9,56.602,163.95907277118252,58.53360910031024,0.0,0.0,-0.0,105.42546367087229,0.0
2023,5,31,10,56.602,231.99445424165523,72.0533672180569,13.519758117746672,0.0,12.649646645554725,159.94108702359833,0.0
2023,5,31,11,56.602,271.2157728584805,271.2157728584805,212.68216375817025,0.0,211.64390348964523,0.0,0.0
2023,5,31,12,56.602,265.52687121462003,265.52687121462003,206.99326211430977,0.0,405.31538791655106,0.0,0.0
2023,5,31,13,56.602,208.5034712726173,208.5034712726173,149.96986217230707,0.0,545.6334133901023,0.0,0.0
2023,5,31,14,56.602,172.4401649856516,172.4401649856516,113.90655588534136,0.0,652.2091131927738,0.0,0.0
2023,5,31,15,56.602,151.84589308986548,151.84589308986548,93.31228398955524,0.0,739.5159577292985,0.0,0.0
2023,5,31,16,56.602,81.10044430086081,81.10044430086081,22.566835200550578,0.0,760.6304250673435,0.0,0.0
2023,5,31,17,56.602,44.824364133514514,44.824364133514514,0.0,13.70924496679572,746.71079576343,0.0,0.0
2023,5,31,18,56.602,23.069168083371043,23.069168083371043,0.0,35.46444101693919,710.7021115782734,0.0,0.0
2023,5,31,19,56.602,7.238044808035037,7.238044808035037,0.0,51.295564292275195,658.6193570857467,0.0,0.0
2023,5,31,20,56.602,0.0,0.0,0.0,58.53360910031024,599.1874815543165,0.0,0.0
2023,5,31,21,56.602,0.0,0.0,0.0,58.53360910031024,539.7556060228862,0.0,0.0
2023,5,31,22,56.602,0.0,0.0,0.0,58.53360910031024,480.3237304914559,0.0,0.0
2023,5,31,23,56.602,0.0,0.0,0.0,58.53360910031024,420.89185496002557,0.0,0.0
2023,6,1,0,56.602,0.0,0.0,0.0,58.53360910031024,361.45997942859526,0.0,0.0
2023,6,1,1,56.602,0.0,0.0,0.0,58.53360910031024,302.02810389716495,0.0,0.0
2023,6,1,2,56.602,0.0,0.0,0.0,58.53360910031024,242.59622836573465,0.0,0.0
2023,6,1,3,56.602,0.0,0.0,0.0,58.53360910031024,183.16435283430434,0.0,0.0
2023,6,1,4,56.602,0.0,0.0,0.0,58.53360910031024,123.73247730287405,0.0,0.0
2023,6,1,5,56.602,0.0,0.0,0.0,58.53360910031024,64.30060177144374,0.0,0.0
2023,6,1,6,56.602,11.209823908473036,11.209823908473036,0.0,47.3237851918372,16.25057795730468,0.0,0.0
2023,6,1,7,56.602,42.528645950460636,42.528645950460636,0.0,16.0049631498496,0.0,0.0,0.0
2023,6,1,8,56.602,102.26957896118405,58.53360910031024,0.0,0.0,-0.0,43.735969860873816,0.0
2023,6,1,9,56.602,172.3841718592357,58.53360910031024,0.0,0.0,-0.0,113.85056275892546,0.0
2023,6,1,10,56.602,245.82102359130027,97.28679875882975,38.75318965851952,0.0,36.259092159715436,148.53422483247053,0.0
2023,6,1,11,56.602,269.83460907355374,269.83460907355374,211.3009999732435,0.0,233.96107486052622,0.0,0.0
2023,6,1,12,56.602,241.78578561425758,241.78578561425758,183.25217651394735,0.0,405.4194145542994,0.0,0.0
2023,6,1,13,56.602,244.9139349433619,244.9139349433619,186.38032584305168,0.0,579.8045805509602,0.0,0.0
2023,6,1,14,56.602,185.10954305603374,185.10954305603374,126.57593395572351,0.0,698.2342761436084,0.0,0.0
2023,6,1,15,56.602,107.93608335447809,107.93608335447809,49.40247425416785,0.0,744.4572808222966,0.0,0.0
2023,6,1,16,56.602,89.5516735145748,89.5516735145748,31.018064414264565,0.0,773.4790688640858,0.0,0.0
2023,6,1,17,56.602,41.461043673463166,41.461043673463166,0.0,17.07256542684707,756.1445050289437,0.0,0.0
2023,6,1,18,56.602,20.69879239842923,20.69879239842923,0.0,37.834816701881,717.7290689821555,0.0,0.0
2023,6,1,19,56.602,7.00287367708805,7.00287367708805,0.0,51.53073542322218,665.4075343836716,0.0,0.0
2023,6,1,20,56.602,0.0,0.0,0.0,58.53360910031024,605.9756588522414,0.0,0.0
2023,6,1,21,56.602,0.0,0.0,0.0,58.53360910031024,546.5437833208111,0.0,0.0
2023,6,1,22,56.602,0.0,0.0,0.0,58.53360910031024,487.11190778938084,0.0,0.0
2023,6,1,23,56.602,0.0,0.0,0.0,58.53360910031024,427.68003225795053,0.0,0.0
2023,6,2,0,56.602,0.0,0.0,0.0,58.53360910031024,368.2481567265202,0.0,0.0
2023,6,2,1,56.602,0.0,0.0,0.0,58.53360910031024,308.8162811950899,0.0,0.0
2023,6,2,2,56.602,0.0,0.0,0.0,58.53360910031024,249.3844056636596,0.0,0.0
2023,6,2,3,56.602,0.0,0.0,0.0,58.53360910031024,189.9525301322293,0.0,0.0
2023,6,2,4,56.602,0.0,0.0,0.0,58.53360910031024,130.520654600799,0.0,0.0
2023,6,2,5,56.602,0.0,0.0,0.0,58.53360910031024,71.08877906936868,0.0,0.0
2023,6,2,6,56.602,9.843591623923874,9.843591623923874,0.0,48.69001747638636,21.651556544430896,0.0,0.0
2023,6,2,7,56.602,37.20929894094546,37.20929894094546,0.0,21.324310159364774,0.0,0.0,0.0
2023,6,2,8,56.602,102.2359830853345,58.53360910031024,0.0,0.0,0.0,43.70237398502426,0.0
2023,6,2,9,56.602,147.82931948829474,58.53360910031024,0.0,0.0,-0.0,89.29571038798451,0.0
2023,6,2,10,56.602,191.9108414780244,125.3462982814046,66.81268918109437,0.0,62.51272413451895,66.5645431966198,0.0
2023,6,2,11,56.602,276.8038868747922,276.8038868747922,218.270277774482,0.0,266.7354523096629,0.0,0.0
2023,6,2,12,56.602,245.79489346563952,245.79489346563952,187.2612843653293,0.0,441.94487965176694,0.0,0.0
2023,6,2,13,56.602,213.08744188853638,213.08744188853638,154.55383278822615,0.0,586.551858227879,0.0,0.0
2023,6,2,14,56.602,135.27566054583892,135.27566054583892,76.74205144552869,0.0,658.3549056778667,0.0,0.0
2023,6,2,15,56.602,139.94548728892906,139.94548728892906,81.41187818861881,0.0,734.5272367852676,0.0,0.0
2023,6,2,16,56.602,79.28253412988971,79.28253412988971,20.748925029579475,0.0,753.940791940131,0.0,0.0
2023,6,2,17,56.602,54.34692849932032,54.34692849932032,0.0,4.186680600989916,749.6898618472766,0.0,0.0
2023,6,2,18,56.602,21.337114039571013,21.337114039571013,0.0,37.196495060739224,711.9225432309433,0.0,0.0
2023,6,2,19,56.602,7.051401053315206,7.051401053315206,0.0,51.482208046995034,659.6502807178158,0.0,0.0
2023,6,2,20,56.602,0.0,0.0,0.0,58.53360910031024,600.2184051863856,0.0,0.0
2023,6,2,21,56.602,0.0,0.0,0.0,58.53360910031024,540.7865296549552,0.0,0.0
2023,6,2,22,56.602,0.0,0.0,0.0,58.53360910031024,481.3546541235249,0.0,0.0
2023,6,2,23,56.602,0.0,0.0,0.0,58.53360910031024,421.9227785920946,0.0,0.0
2023,6,3,0,56.602,0.0,0.0,0.0,58.53360910031024,362.49090306066427,0.0,0.0
2023,6,3,1,56.602,0.0,0.0,0.0,58.53360910031024,303.05902752923396,0.0,0.0
2023,6,3,2,56.602,0.0,0.0,0.0,58.53360910031024,243.62715199780365,0.0,0.0
2023,6,3,3,56.602,0.0,0.0,0.0,58.53360910031024,184.19527646637334,0.0,0.0
2023,6,3,4,56.602,0.0,0.0,0.0,58.53360910031024,124.76340093494305,0.0,0.0
2023,6,3,5,56.602,0.0,0.0,0.0,58.53360910031024,65.33152540351274,0.0,0.0
2023,6,3,6,56.602,10.997050028092428,10.997050028092428,0.0,47.53655907221781,17.06546244588863,0.0,0.0
2023,6,3,7,56.602,41.72607780516537,41.72607780516537,0.0,16.807531295144866,0.0,0.0,0.0
2023,6,3,8,56.602,107.12231658389966,58.53360910031024,0.0,0.0,0.0,48.588707483589424,0.0
2023,6,3,9,56.602,186.3787205881286,58.53360910031024,0.0,0.0,-0.0,127.84511148781837,0.0
2023,6,3,10,56.602,241.52821723274417,202.25530410777498,143.72169500746475,0.0,134.47198103035478,39.27291312496919,0.0
2023,6,3,11,56.602,275.1166273321249,275.1166273321249,216.58301823181466,0.0,337.1160391710056,0.0,0.0
2023,6,3,12,56.602,287.07675913457166,287.07675913457166,228.54315003426143,0.0,550.950492865895,0.0,0.0
2023,6,3,13,56.602,207.35747861863757,207.35747861863757,148.8238695183273,0.0,690.196280063806,0.0,0.0
2023,6,3,14,56.602,105.36039953934446,105.36039953934446,46.82679043903422,0.0,734.0093680969185,0.0,0.0
2023,6,3,15,56.602,93.7287607452046,93.7287607452046,35.19515164489436,0.0,766.9394122639238,0.0,0.0
2023,6,3,16,56.602,35.36899151940793,35.36899151940793,0.0,23.16461758090231,743.4193066363679,0.0,0.0
2023,6,3,17,56.602,52.33117594834615,52.33117594834615,0.0,6.202433151964086,737.1216899210235,0.0,0.0
2023,6,3,18,56.602,28.791665603081054,28.791665603081054,0.0,29.741943497229183,706.9233216474911,0.0,0.0
2023,6,3,19,56.602,9.309790485425157,9.309790485425157,0.0,49.22381861488508,656.9441061836346,0.0,0.0
2023,6,3,20,56.602,0.0,0.0,0.0,58.53360910031024,597.5122306522044,0.0,0.0
2023,6,3,21,56.602,0.0,0.0,0.0,58.53360910031024,538.080355120774,0.0,0.0
2023,6,3,22,56.602,0.0,0.0,0.0,58.53360910031024,478.6484795893437,0.0,0.0
2023,6,3,23,56.602,0.0,0.0,0.0,58.53360910031024,419.2166040579134,0.0,0.0
2023,6,4,0,56.602,0.0,0.0,0.0,58.53360910031024,359.7847285264831,0.0,0.0
2023,6,4,1,56.602,0.0,0.0,0.0,58.53360910031024,300.3528529950528,0.0,0.0
2023,6,4,2,56.602,0.0,0.0,0.0,58.53360910031024,240.9209774636225,0.0,0.0
2023,6,4,3,56.602,0.0,0.0,0.0,58.53360910031024,181.4891019321922,0.0,0.0
2023,6,4,4,56.602,0.0,0.0,0.0,58.53360910031024,122.05722640076189,0.0,0.0
2023,6,4,5,56.602,0.0,0.0,0.0,58.53360910031024,62.62535086933159,0.0,0.0
2023,6,4,6,56.602,12.128111181694601,12.128111181694601,0.0,46.40549791861563,15.50770651654907,0.0,0.0
2023,6,4,7,56.602,43.26028946896238,43.26028946896238,0.0,15.27331963134786,0.0,0.0,0.0
2023,6,4,8,56.602,110.8253286775411,58.53360910031024,0.0,0.0,0.0,52.29171957723086,0.0
2023,6,4,9,56.602,189.62632192025367,58.53360910031024,0.0,0.0,0.0,131.09271281994344,0.0
2023,6,4,10,56.602,250.81187759250855,58.53360910031024,0.0,0.0,-0.0,192.27826849219832,0.0
2023,6,4,11,56.602,255.96324522277592,180.0621231489799,121.52851404866966,0.0,113.70712010424813,75.90112207379602,0.0
2023,6,4,12,56.602,230.8596602129587,230.8596602129587,172.32605111264846,0.0,274.94252353483273,0.0,0.0
2023,6,4,13,56.602,241.09147084669976,241.09147084669976,182.5578617463895,0.0,445.7512335241463,0.0,0.0
2023,6,4,14,56.602,258.45307291073846,258.45307291073846,199.91946381042823,0.0,632.8041787577681,0.0,0.0
2023,6,4,15,56.602,177.6699229929013,177.6699229929013,119.13631389259106,0.0,744.2730571408042,0.0,0.0
2023,6,4,16,56.602,138.14250861833554,138.14250861833554,79.6088995180253,0.0,818.7584465963022,0.0,0.0
2023,6,4,17,56.602,81.73876594200267,81.73876594200267,23.20515684169244,0.0,840.4701541465116,0.0,0.0
2023,6,4,18,56.602,31.975808058601405,31.975808058601405,0.0,26.55780104170883,813.5047927044309,0.0,0.0
2023,6,4,19,56.602,9.45163973901223,9.45163973901223,0.0,49.08196936129801,763.6696033362311,0.0,0.0
2023,6,4,20,56.602,0.0,-0.0,0.0,58.53360910031024,704.2377278048009,0.0,0.0
2023,6,4,21,56.602,0.0,-0.0,0.0,58.53360910031024,644.8058522733706,0.0,0.0
2023,6,4,22,56.602,0.0,-0.0,0.0,58.53360910031024,585.3739767419404,0.0,0.0
2023,6,4,23,56.602,0.0,-0.0,0.0,58.53360910031024,525.9421012105101,0.0,0.0
2023,6,5,0,56.602,0.0,-0.0,0.0,58.53360910031024,466.51022567907984,0.0,0.0
2023,6,5,1,56.602,0.0,-0.0,0.0,58.53360910031024,407.07835014764953,0.0,0.0
2023,6,5,2,56.602,0.0,-0.0,0.0,58.53360910031024,347.6464746162192,0.0,0.0
2023,6,5,3,56.602,0.0,-0.0,0.0,58.53360910031024,288.2145990847889,0.0,0.0
2023,6,5,4,56.602,0.0,-0.0,0.0,58.53360910031024,228.7827235533586,0.0,0.0
2023,6,5,5,56.602,0.0,-0.0,0.0,58.53360910031024,169.3508480219283,0.0,0.0
2023,6,5,6,56.602,7.730784320495389,7.730784320495389,0.0,50.80282477981485,117.76839470378798,0.0,0.0
2023,6,5,7,56.602,30.422932019332414,30.422932019332414,0.0,28.11067708097782,89.22632653030763,0.0,0.0
2023,6,5,8,56.602,92.3028024591451,92.3028024591451,33.76919335883486,0.0,120.8221849601972,0.0,0.0
2023,6,5,9,56.602,112.4976567198308,112.4976567198308,53.964047619520564,0.0,171.3131869445283,0.0,0.0
2023,6,5,10,56.602,126.2271713170215,126.2271713170215,67.69356221671127,0.0,234.65009243962385,0.0,0.0
2023,6,5,11,56.602,136.17155056849413,136.17155056849413,77.6379414681839,0.0,307.2913717663335,0.0,0.0
2023,6,5,12,56.602,166.13160607612136,166.13160607612136,107.59799697581111,0.0,407.96452210375435,0.0,0.0
2023,6,5,13,56.602,149.6658940347379,149.6658940347379,91.13228493442766,0.0,493.231669073589,0.0,0.0
2023,6,5,14,56.602,112.5573827213411,112.5573827213411,54.02377362103087,0.0,543.7785531830349,0.0,0.0
2023,6,5,15,56.602,108.01820660655486,108.01820660655486,49.48459750624462,0.0,590.078395783756,0.0,0.0
2023,6,5,16,56.602,79.05482874913152,79.05482874913152,20.521219648821283,0.0,609.2789003366192,0.0,0.0
2023,6,5,17,56.602,59.69987138468506,59.69987138468506,1.1662622843748243,0.0,610.3701037194678,0.0,0.0
2023,6,5,18,56.602,27.77632357740518,27.77632357740518,0.0,30.757285522905057,579.1408118138663,0.0,0.0
2023,6,5,19,56.602,9.194071357498862,9.194071357498862,0.0,49.33953774281137,529.0441013772386,0.0,0.0
2023,6,5,20,56.602,0.0,-0.0,0.0,58.53360910031024,469.61222584580827,0.0,0.0
2023,6,5,21,56.602,0.0,-0.0,0.0,58.53360910031024,410.18035031437796,0.0,0.0
2023,6,5,22,56.602,0.0,-0.0,0.0,58.53360910031024,350.74847478294765,0.0,0.0
2023,6,5,23,56.602,0.0,-0.0,0.0,58.53360910031024,291.31659925151735,0.0,0.0
2023,6,6,0,56.602,0.0,-0.0,0.0,58.53360910031024,231.88472372008704,0.0,0.0
2023,6,6,1,56.602,0.0,-0.0,0.0,58.53360910031024,172.45284818865673,0.0,0.0
2023,6,6,2,56.602,0.0,-0.0,0.0,58.53360910031024,113.02097265722642,0.0,0.0
2023,6,6,3,56.602,0.0,-0.0,0.0,58.53360910031024,53.589097125796116,0.0,0.0
2023,6,6,4,56.602,0.0,-0.0,0.0,52.779139731860624,0.0,0.0,5.564571879290774
2023,6,6,5,56.602,0.0,-0.0,0.0,-0.0,0.0,0.0,56.602
2023,6,6,6,56.602,12.785097198308408,12.785097198308408,0.0,-0.0,0.0,0.0,44.23881100923577
2023,6,6,7,56.602,41.40878342214165,41.40878342214165,0.0,-0.0,0.0,0.0,16.55970643078902
2023,6,6,8,56.602,101.91868870231077,101.91868870231077,43.38507960200054,0.0,40.59288057337226,0.0,0.0
2023,6,6,9,56.602,159.32284190394194,159.32284190394194,100.7892328036317,0.0,134.895468647706,0.0,0.0
2023,6,6,10,56.602,188.40940463948036,188.40940463948036,129.87579553917013,0.0,256.412651652947,0.0,0.0
2023,6,6,11,56.602,145.5671971810904,145.5671971810904,87.03358808078015,0.0,337.8448877867785,0.0,0.0
2023,6,6,12,56.602,131.15456644162506,131.15456644162506,72.62095734131482,0.0,405.792068603845,0.0,0.0
2023,6,6,13,56.602,181.11909958012373,181.11909958012373,122.58549047981349,0.0,520.4881397122607,0.0,0.0
2023,6,6,14,56.602,125.95093856003618,125.95093856003618,67.41732945972595,0.0,583.5665903787003,0.0,0.0
2023,6,6,15,56.602,123.95385038453401,123.95385038453401,65.42024128422376,0.0,644.7764824866139,0.0,0.0
2023,6,6,16,56.602,57.75877633559879,57.75877633559879,0.0,0.7748327647114474,643.9897590103442,0.0,0.0
2023,6,6,17,56.602,54.08189436761816,54.08189436761816,0.0,4.451714732692074,639.4697275282365,0.0,0.0
2023,6,6,18,56.602,30.497589521220345,30.497589521220345,0.0,28.03601957908989,611.0034625629966,0.0,0.0
2023,6,6,19,56.602,6.420545162362178,6.420545162362178,0.0,52.113063937948056,558.0906629402381,0.0,0.0
2023,6,6,20,56.602,0.0,-0.0,0.0,58.53360910031024,498.65878740880777,0.0,0.0
2023,6,6,21,56.602,0.0,-0.0,0.0,58.53360910031024,439.22691187737746,0.0,0.0
2023,6,6,22,56.602,0.0,-0.0,0.0,58.53360910031024,379.79503634594715,0.0,0.0
2023,6,6,23,56.602,0.0,-0.0,0.0,58.53360910031024,320.36316081451685,0.0,0.0
2023,6,7,0,56.602,0.0,-0.0,0.0,58.53360910031024,260.93128528308654,0.0,0.0
2023,6,7,1,56.602,0.0,-0.0,0.0,58.53360910031024,201.49940975165623,0.0,0.0
2023,6,7,2,56.602,0.0,-0.0,0.0,58.53360910031024,142.06753422022592,0.0,0.0
2023,6,7,3,56.602,0.0,-0.0,0.0,58.53360910031024,82.63565868879562,0.0,0.0
2023,6,7,4,56.602,0.0,-0.0,0.0,58.53360910031024,23.203783157365308,0.0,0.0
2023,6,7,5,56.602,0.0,-0.0,0.0,22.853076078060255,0.0,0.0,34.50307543251573
2023,6,7,6,56.602,11.665234669989422,11.665234669989422,0.0,-0.0,0.0,0.0,45.32171807412023
2023,6,7,7,56.602,39.725256754568775,39.725256754568775,0.0,-0.0,0.0,0.0,18.187676718331993
2023,6,7,8,56.602,80.53304728651257,58.53360910031024,0.0,0.0,-0.0,21.999438186202333,0.0
2023,6,7,9,56.602,172.01088434979602,75.5020211752566,16.968412074946368,0.0,15.876350376600541,96.50886317453941,0.0
2023,6,7,10,56.602,185.75159757226996,185.75159757226996,127.21798847195973,0.0,134.90677881423295,0.0,0.0
2023,6,7,11,56.602,204.5876852985953,204.5876852985953,146.05407619828506,0.0,271.5610324599452,0.0,0.0
2023,6,7,12,56.602,228.32130514876897,228.32130514876897,169.78769604845874,0.0,430.4214455731508,0.0,0.0
2023,6,7,13,56.602,232.21842674731903,232.21842674731903,173.6848176470088,0.0,592.928167350097,0.0,0.0
2023,6,7,14,56.602,157.73263711372897,157.73263711372897,99.19902801341873,0.0,685.7428938432492,0.0,0.0
2023,6,7,15,56.602,86.01290792508676,86.01290792508676,27.47929882477653,0.0,711.4536659719865,0.0,0.0
2023,6,7,16,56.602,89.67485839268988,89.67485839268988,31.141249292379648,0.0,740.5907108968249,0.0,0.0
2023,6,7,17,56.602,68.12497047273823,68.12497047273823,9.59136137242799,0.0,749.5647865536798,0.0,0.0
2023,6,7,18,56.602,30.128034886875046,30.128034886875046,0.0,28.40557421343519,720.72329570765,0.0,0.0
2023,6,7,19,56.602,6.222702782359158,6.222702782359158,0.0,52.31090631795108,667.6096175830544,0.0,0.0
2023,6,7,20,56.602,0.0,0.0,0.0,58.53360910031024,608.1777420516241,0.0,0.0
2023,6,7,21,56.602,0.0,0.0,0.0,58.53360910031024,548.7458665201939,0.0,0.0
2023,6,7,22,56.602,0.0,0.0,0.0,58.53360910031024,489.3139909887636,0.0,0.0
2023,6,7,23,56.602,0.0,0.0,0.0,58.53360910031024,429.88211545733327,0.0,0.0
2023,6,8,0,56.602,0.0,0.0,0.0,58.53360910031024,370.45023992590296,0.0,0.0
2023,6,8,1,56.602,0.0,0.0,0.0,58.53360910031024,311.01836439447266,0.0,0.0
2023,6,8,2,56.602,0.0,0.0,0.0,58.53360910031024,251.58648886304235,0.0,0.0
2023,6,8,3,56.602,0.0,0.0,0.0,58.53360910031024,192.15461333161204,0.0,0.0
2023,6,8,4,56.602,0.0,0.0,0.0,58.53360910031024,132.72273780018173,0.0,0.0
2023,6,8,5,56.602,0.0,0.0,0.0,58.53360910031024,73.29086226875143,0.0,0.0
2023,6,8,6,56.602,10.220612008457895,10.220612008457895,0.0,48.312997091852345,24.23644594542745,0.0,0.0
2023,6,8,7,56.602,34.663478126566964,34.663478126566964,0.0,23.870130973743272,0.0,0.0,0.0
2023,6,8,8,56.602,110.14594541036092,58.53360910031024,0.0,0.0,0.0,51.61233631005069,0.0
2023,6,8,9,56.602,177.35636148497196,58.53360910031024,0.0,0.0,-0.0,118.82275238466173,0.0
2023,6,8,10,56.602,234.94715844132293,138.66406544361243,80.1304563433022,0.0,74.97337966123033,96.2830929977105,0.0
2023,6,8,11,56.602,240.02386856970236,240.02386856970236,181.49025946939213,0.0,244.7831966641169,0.0,0.0
2023,6,8,12,56.602,240.47554645612436,240.47554645612436,181.94193735581413,0.0,415.01562223818416,0.0,0.0
2023,6,8,13,56.602,206.19282158918583,206.19282158918583,147.6592124888756,0.0,553.1717079963566,0.0,0.0
2023,6,8,14,56.602,126.4586095728741,126.4586095728741,67.92500047256385,0.0,616.7251567262721,0.0,0.0
2023,6,8,15,56.602,138.76963163419418,138.76963163419418,80.23602253388395,0.0,691.7973084954755,0.0,0.0
2023,6,8,16,56.602,113.35621799154201,113.35621799154201,54.82260889123178,0.0,743.0916160283318,0.0,0.0
2023,6,8,17,56.602,64.83630751457481,64.83630751457481,6.302698414264576,0.0,748.9886821710531,0.0,0.0
2023,6,8,18,56.602,21.90077817882494,21.90077817882494,0.0,36.632830921485294,711.7936777769348,0.0,0.0
2023,6,8,19,56.602,5.603045516689282,5.603045516689282,0.0,52.93056358362096,658.050833023944,0.0,0.0
2023,6,8,20,56.602,0.0,0.0,0.0,58.53360910031024,598.6189574925138,0.0,0.0
2023,6,8,21,56.602,0.0,0.0,0.0,58.53360910031024,539.1870819610835,0.0,0.0
2023,6,8,22,56.602,0.0,0.0,0.0,58.53360910031024,479.7552064296532,0.0,0.0
2023,6,8,23,56.602,0.0,0.0,0.0,58.53360910031024,420.3233308982229,0.0,0.0
2023,6,9,0,56.602,0.0,0.0,0.0,58.53360910031024,360.89145536679257,0.0,0.0
2023,6,9,1,56.602,0.0,0.0,0.0,58.53360910031024,301.45957983536226,0.0,0.0
2023,6,9,2,56.602,0.0,0.0,0.0,58.53360910031024,242.02770430393196,0.0,0.0
2023,6,9,3,56.602,0.0,0.0,0.0,58.53360910031024,182.59582877250165,0.0,0.0
2023,6,9,4,56.602,0.0,0.0,0.0,58.53360910031024,123.16395324107133,0.0,0.0
2023,6,9,5,56.602,0.0,0.0,0.0,58.53360910031024,63.73207770964102,0.0,0.0
2023,6,9,6,56.602,11.986261928107531,11.986261928107531,0.0,46.547347172202706,16.47040726120179,0.0,0.0
2023,6,9,7,56.602,42.31213919498559,42.31213919498559,0.0,16.221469905324646,0.0,0.0,0.0
2023,6,9,8,56.602,105.40519404047723,58.53360910031024,0.0,0.0,0.0,46.87158494016699,0.0
2023,6,9,9,56.602,170.67078219090763,58.53360910031024,0.0,0.0,0.0,112.1371730905974,0.0
2023,6,9,10,56.602,248.09434452378784,58.53360910031024,0.0,0.0,-0.0,189.5607354234776,0.0
2023,6,9,11,56.602,275.3667299634495,58.53360910031024,-0.0,0.0,0.0,216.83312086313924,0.0
2023,6,9,12,56.602,290.4550110950006,290.0416944350158,231.50808533470558,0.0,216.60857018062137,0.41331665998478684,0.0
2023,6,9,13,56.602,286.02035548285744,286.02035548285744,227.4867463825472,0.0,429.4546087875427,0.0,0.0
2023,6,9,14,56.602,262.1672836296631,262.1672836296631,203.63367452935285,0.0,619.9827236767411,0.0,0.0
2023,6,9,15,56.602,200.16422831173531,200.16422831173531,141.63061921142508,0.0,752.4982074311386,0.0,0.0
2023,6,9,16,56.602,133.63692837939882,133.63692837939882,75.10331927908858,0.0,822.767989073289,0.0,0.0
2023,6,9,17,56.602,77.45342533363537,77.45342533363537,18.91981623332513,0.0,840.4701541465116,0.0,0.0
2023,6,9,18,56.602,31.751835552937607,31.751835552937607,0.0,26.78177354737263,813.2773830797098,0.0,0.0
2023,6,9,19,56.602,9.141811106177274,9.141811106177274,0.0,49.39179799413296,763.1276103973125,0.0,0.0
2023,6,9,20,56.602,0.0,-0.0,0.0,58.53360910031024,703.6957348658823,0.0,0.0
2023,6,9,21,56.602,0.0,-0.0,0.0,58.53360910031024,644.263859334452,0.0,0.0
2023,6,9,22,56.602,0.0,-0.0,0.0,58.53360910031024,584.8319838030218,0.0,0.0
2023,6,9,23,56.602,0.0,-0.0,0.0,58.53360910031024,525.4001082715915,0.0,0.0
2023,6,10,0,56.602,0.0,-0.0,0.0,58.53360910031024,465.9682327401612,0.0,0.0
2023,6,10,1,56.602,0.0,-0.0,0.0,58.53360910031024,406.5363572087309,0.0,0.0
2023,6,10,2,56.602,0.0,-0.0,0.0,58.53360910031024,347.1044816773006,0.0,0.0
2023,6,10,3,56.602,0.0,-0.0,0.0,58.53360910031024,287.6726061458703,0.0,0.0
2023,6,10,4,56.602,0.0,-0.0,0.0,58.53360910031024,228.24073061444,0.0,0.0
2023,6,10,5,56.602,0.0,-0.0,0.0,58.53360910031024,168.8088550830097,0.0,0.0
2023,6,10,6,56.602,11.075440405074756,11.075440405074756,0.0,47.45816869523548,120.62238549403787,0.0,0.0
2023,6,10,7,56.602,17.447458191209776,17.447458191209776,0.0,41.08615090910046,78.90571972838157,0.0,0.0
2023,6,10,8,56.602,85.00876452469412,85.00876452469412,26.47515542438388,0.0,103.67697362862629,0.0,0.0
2023,6,10,9,56.602,131.12470344086987,131.12470344086987,72.59109434055962,0.0,171.59621338313536,0.0,0.0
2023,6,10,10,56.602,101.26543556079135,101.26543556079135,42.73182646048111,0.0,211.5778832130645,0.0,0.0
2023,6,10,11,56.602,109.1641992605346,109.1641992605346,50.630590160224365,0.0,258.94996408942586,0.0,0.0
2023,6,10,12,56.602,79.01749999818755,79.01749999818755,20.48389089787731,0.0,278.1155423140923,0.0,0.0
2023,6,10,13,56.602,132.6626479797613,132.6626479797613,74.12903887945106,0.0,347.4737467903075,0.0,0.0
2023,6,10,14,56.602,161.94332022020834,161.94332022020834,103.40971111989809,0.0,444.228163104053,0.0,0.0
2023,6,10,15,56.602,137.55644722851525,137.55644722851525,79.02283812820501,0.0,518.1652092068621,0.0,0.0
2023,6,10,16,56.602,112.53498547077476,112.53498547077476,54.00137637046452,0.0,568.6911375193899,0.0,0.0
2023,6,10,17,56.602,56.373879675577676,56.373879675577676,0.0,2.1597294247325602,566.4982645302615,0.0,0.0
2023,6,10,18,56.602,16.977115929315804,16.977115929315804,0.0,41.55649317099443,524.3040385526908,0.0,0.0
2023,6,10,19,56.602,5.868079648391479,5.868079648391479,0.0,52.66552945191876,470.83029518895427,0.0,0.0
2023,6,10,20,56.602,0.0,-0.0,0.0,58.53360910031024,411.39841965752396,0.0,0.0
2023,6,10,21,56.602,0.0,-0.0,0.0,58.53360910031024,351.96654412609365,0.0,0.0
2023,6,10,22,56.602,0.0,-0.0,0.0,58.53360910031024,292.53466859466334,0.0,0.0
2023,6,10,23,56.602,0.0,-0.0,0.0,58.53360910031024,233.10279306323304,0.0,0.0
2023,6,11,0,56.602,0.0,-0.0,0.0,58.53360910031024,173.67091753180273,0.0,0.0
2023,6,11,1,56.602,0.0,-0.0,0.0,58.53360910031024,114.23904200037242,0.0,0.0
2023,6,11,2,56.602,0.0,-0.0,0.0,53.97879890719784,59.43187553143031,0.0,4.404501456739686
2023,6,11,3,56.602,0.0,-0.0,0.0,58.53360910031024,0.0,0.0,0.0
2023,6,11,4,56.602,0.0,-0.0,0.0,-0.0,0.0,0.0,56.602
2023,6,11,5,56.602,0.0,-0.0,0.0,0.0,-0.0,0.0,56.602
2023,6,11,6,56.602,8.529619590696266,8.529619590696266,0.0,-0.0,0.0,0.0,48.35385785579671
2023,6,11,7,56.602,28.556494472134105,28.556494472134105,0.0,-0.0,0.0,0.0,28.98786984544632
2023,6,11,8,56.602,107.35748771484666,58.53360910031024,0.0,0.0,0.0,48.82387861453642,0.0
2023,6,11,9,56.602,172.5857471143331,58.53360910031024,0.0,0.0,0.0,114.05213801402286,0.0
2023,6,11,10,56.602,221.9940818637667,58.53360910031024,0.0,0.0,-0.0,163.46047276345647,0.0
2023,6,11,11,56.602,228.91856516387242,202.31412388661224,143.78051478630198,0.0,134.5270152559364,26.60444127726018,0.0
2023,6,11,12,56.602,276.78148962422586,276.78148962422586,218.2478805239156,0.0,338.72878763416225,0.0,0.0
2023,6,11,13,56.602,207.5329237480742,207.5329237480742,148.99931464776395,0.0,478.13872857459796,0.0,0.0
2023,6,11,14,56.602,185.89344682585704,185.89344682585704,127.35983772554681,0.0,597.3018770593781,0.0,0.0
2023,6,11,15,56.602,177.42355323667113,177.42355323667113,118.8899441363609,0.0,708.5402416763156,0.0,0.0
2023,6,11,16,56.602,99.84321014982626,99.84321014982626,41.309601049516026,0.0,747.1912184019486,0.0,0.0
2023,6,11,17,56.602,61.44312405376828,61.44312405376828,2.9095149534580433,0.0,749.9134813115853,0.0,0.0
2023,6,11,18,56.602,26.383961167195277,26.383961167195277,0.0,32.149647933114956,717.2704595723011,0.0,0.0
2023,6,11,19,56.602,6.204038406887174,6.204038406887174,0.0,52.32957069342306,664.1378306456454,0.0,0.0
2023,6,11,20,56.602,0.0,0.0,0.0,58.53360910031024,604.7059551142152,0.0,0.0
2023,6,11,21,56.602,0.0,0.0,0.0,58.53360910031024,545.2740795827849,0.0,0.0
2023,6,11,22,56.602,0.0,0.0,0.0,58.53360910031024,485.84220405135466,0.0,0.0
2023,6,11,23,56.602,0.0,0.0,0.0,58.53360910031024,426.41032851992435,0.0,0.0
2023,6,12,0,56.602,0.0,0.0,0.0,58.53360910031024,366.97845298849404,0.0,0.0
2023,6,12,1,56.602,0.0,0.0,0.0,58.53360910031024,307.54657745706373,0.0,0.0
2023,6,12,2,56.602,0.0,0.0,0.0,58.53360910031024,248.11470192563343,0.0,0.0
2023,6,12,3,56.602,0.0,0.0,0.0,58.53360910031024,188.68282639420312,0.0,0.0
2023,6,12,4,56.602,0.0,0.0,0.0,58.53360910031024,129.2509508627728,0.0,0.0
2023,6,12,5,56.602,0.0,0.0,0.0,58.53360910031024,69.81907533134252,0.0,0.0
2023,6,12,6,56.602,10.39979001298897,10.39979001298897,0.0,48.133819087321264,20.94658670779548,0.0,0.0
2023,6,12,7,56.602,37.90361370850323,37.90361370850323,0.0,20.629995391807007,0.0,0.0,0.0
2023,6,12,8,56.602,87.06931157680106,58.53360910031024,0.0,0.0,0.0,28.53570247649082,0.0
2023,6,12,9,56.602,156.66503483673154,58.53360910031024,0.0,0.0,-0.0,98.1314257364213,0.0
2023,6,12,10,56.602,234.60746680773286,122.42125138472872,63.887642284418476,0.0,59.77592889436909,112.18621542300414,0.0
2023,6,12,11,56.602,230.22507144691124,230.22507144691124,171.691462346601,0.0,220.4175847456089,0.0,0.0
2023,6,12,12,56.602,276.14316798308397,276.14316798308397,217.60955888277374,0.0,424.0221169116703,0.0,0.0
2023,6,12,13,56.602,233.10685101978544,233.10685101978544,174.5732419194752,0.0,587.3600852996992,0.0,0.0
2023,6,12,14,56.602,153.29051575139695,153.29051575139695,94.75690665108672,0.0,676.0185787374381,0.0,0.0
2023,6,12,15,56.602,103.11694160761209,103.11694160761209,44.583332507301854,0.0,717.7325944459261,0.0,0.0
2023,6,12,16,56.602,100.6756412958767,100.6756412958767,42.142032195566465,0.0,757.1624282903466,0.0,0.0
2023,6,12,17,56.602,49.39340324905601,49.39340324905601,0.0,9.14020585125423,747.8819553307437,0.0,0.0
2023,6,12,18,56.602,27.671803074762106,27.671803074762106,0.0,30.861806025548127,716.5465389336058,0.0,0.0
2023,6,12,19,56.602,7.749448695967373,7.749448695967373,0.0,50.78416040434287,664.9830364175257,0.0,0.0
2023,6,12,20,56.602,0.0,0.0,0.0,58.53360910031024,605.5511608860954,0.0,0.0
2023,6,12,21,56.602,0.0,0.0,0.0,58.53360910031024,546.1192853546651,0.0,0.0
2023,6,12,22,56.602,0.0,0.0,0.0,58.53360910031024,486.68740982323476,0.0,0.0
2023,6,12,23,56.602,0.0,0.0,0.0,58.53360910031024,427.25553429180445,0.0,0.0
2023,6,13,0,56.602,0.0,0.0,0.0,58.53360910031024,367.82365876037414,0.0,0.0
2023,6,13,1,56.602,0.0,0.0,0.0,58.53360910031024,308.39178322894384,0.0,0.0
2023,6,13,2,56.602,0.0,0.0,0.0,58.53360910031024,248.95990769751353,0.0,0.0
2023,6,13,3,56.602,0.0,0.0,0.0,58.53360910031024,189.52803216608322,0.0,0.0
2023,6,13,4,56.602,0.0,0.0,0.0,58.53360910031024,130.0961566346529,0.0,0.0
2023,6,13,5,56.602,0.0,0.0,0.0,58.53360910031024,70.66428110322262,0.0,0.0
2023,6,13,6,56.602,11.209823908473036,11.209823908473036,0.0,47.3237851918372,22.61425728908357,0.0,0.0
2023,6,13,7,56.602,36.26114866696872,36.26114866696872,0.0,22.272460433341514,0.0,0.0,0.0
2023,6,13,8,56.602,101.53420256758794,58.53360910031024,0.0,0.0,-0.0,43.0005934672777,0.0
2023,6,13,9,56.602,177.5094093638422,58.53360910031024,0.0,0.0,-0.0,118.97580026353197,0.0
2023,6,13,10,56.602,226.35034709892753,93.3093079341563,34.77569883384606,0.0,32.53758671340046,133.04103916477123,0.0
2023,6,13,11,56.602,211.40018234586913,211.40018234586913,152.86657324555887,0.0,175.56589525501948,0.0,0.0
2023,6,13,12,56.602,237.507910756079,237.507910756079,178.97430165576876,0.0,343.0216777374451,0.0,0.0
2023,6,13,13,56.602,264.0710499278053,264.0710499278053,205.53744082749506,0.0,535.3310353646776,0.0,0.0
2023,6,13,14,56.602,173.6720137668025,173.6720137668025,115.13840466649228,0.0,643.0593039978419,0.0,0.0
2023,6,13,15,56.602,147.50455935508225,147.50455935508225,88.97095025477202,0.0,726.3042165650847,0.0,0.0
2023,6,13,16,56.602,70.6483940365503,70.6483940365503,12.114784936240065,0.0,737.6393120080398,0.0,0.0
2023,6,13,17,56.602,56.77703018577248,56.77703018577248,0.0,1.7565789145377546,735.8557763434094,0.0,0.0
2023,6,13,18,56.602,31.93847930765744,31.93847930765744,0.0,26.5951297926528,708.8525132972085,0.0,0.0
2023,6,13,19,56.602,9.83985874882944,9.83985874882944,0.0,48.693750351480794,659.4115006118586,0.0,0.0
2023,6,13,20,56.602,0.0,0.0,0.0,58.53360910031024,599.9796250804284,0.0,0.0
2023,6,13,21,56.602,0.0,0.0,0.0,58.53360910031024,540.547749548998,0.0,0.0
2023,6,13,22,56.602,0.0,0.0,0.0,58.53360910031024,481.1158740175677,0.0,0.0
2023,6,13,23,56.602,0.0,0.0,0.0,58.53360910031024,421.6839984861374,0.0,0.0
2023,6,14,0,56.602,0.0,0.0,0.0,58.53360910031024,362.2521229547071,0.0,0.0
2023,6,14,1,56.602,0.0,0.0,0.0,58.53360910031024,302.8202474232768,0.0,0.0
2023,6,14,2,56.602,0.0,0.0,0.0,58.53360910031024,243.3883718918465,0.0,0.0
2023,6,14,3,56.602,0.0,0.0,0.0,58.53360910031024,183.9564963604162,0.0,0.0
2023,6,14,4,56.602,0.0,0.0,0.0,58.53360910031024,124.52462082898589,0.0,0.0
2023,6,14,5,56.602,0.0,0.0,0.0,58.53360910031024,65.09274529755558,0.0,0.0
2023,6,14,6,56.602,9.98917375260534,9.98917375260534,0.0,48.5444353477049,15.803339028686507,0.0,0.0
2023,6,14,7,56.602,42.96912521159944,42.96912521159944,0.0,15.564483888710797,0.0,0.0,0.0
2023,6,14,8,56.602,104.68848202235306,58.53360910031024,0.0,0.0,0.0,46.15487292204282,0.0
2023,6,14,9,56.602,168.7483515172934,58.53360910031024,0.0,0.0,-0.0,110.21474241698317,0.0
2023,6,14,10,56.602,214.86429043346917,199.45686108273944,140.9232519824292,0.0,131.8536416254545,15.407429350729728,0.0
2023,6,14,11,56.602,231.41959147711816,231.41959147711816,172.88598237680793,0.0,293.6129399789903,0.0,0.0
2023,6,14,12,56.602,240.01266994441917,240.01266994441917,181.47906084410894,0.0,463.4122790834179,0.0,0.0
2023,6,14,13,56.602,141.61034958103,141.61034958103,83.07674048071976,0.0,541.142324428394,0.0,0.0
2023,6,14,14,56.602,124.87960340794436,124.87960340794436,66.34599430763413,0.0,603.218389475587,0.0,0.0
2023,6,14,15,56.602,135.88411918622555,135.88411918622555,77.35051008591532,0.0,675.5907360751816,0.0,0.0
2023,6,14,16,56.602,130.2176147929315,130.2176147929315,71.68400569262126,0.0,742.6612660545096,0.0,0.0
2023,6,14,17,56.602,76.84123381815432,76.84123381815432,18.307624717844085,0.0,759.7906393453055,0.0,0.0
2023,6,14,18,56.602,30.967931783114278,30.967931783114278,0.0,27.56567731719596,731.8019345919798,0.0,0.0
2023,6,14,19,56.602,8.096606079746259,8.096606079746259,0.0,50.43700302056398,680.5909169942174,0.0,0.0
2023,6,14,20,56.602,0.0,0.0,0.0,58.53360910031024,621.1590414627872,0.0,0.0
2023,6,14,21,56.602,0.0,0.0,0.0,58.53360910031024,561.7271659313569,0.0,0.0
2023,6,14,22,56.602,0.0,0.0,0.0,58.53360910031024,502.29529039992656,0.0,0.0
2023,6,14,23,56.602,0.0,0.0,0.0,58.53360910031024,442.86341486849625,0.0,0.0
2023,6,15,0,56.602,0.0,0.0,0.0,58.53360910031024,383.43153933706594,0.0,0.0
2023,6,15,1,56.602,0.0,0.0,0.0,58.53360910031024,323.99966380563563,0.0,0.0
2023,6,15,2,56.602,0.0,0.0,0.0,58.53360910031024,264.5677882742053,0.0,0.0
2023,6,15,3,56.602,0.0,0.0,0.0,58.53360910031024,205.13591274277502,0.0,0.0
2023,6,15,4,56.602,0.0,0.0,0.0,58.53360910031024,145.7040372113447,0.0,0.0
2023,6,15,5,56.602,0.0,0.0,0.0,58.53360910031024,86.2721616799144,0.0,0.0
2023,6,15,6,56.602,5.998730276695361,5.998730276695361,0.0,52.534878823614875,32.93107393059766,0.0,0.0
2023,6,15,7,56.602,26.10026266002113,26.10026266002113,0.0,32.43334644028911,0.0,0.0,0.0
2023,6,15,8,56.602,89.4322215115541,58.53360910031024,0.0,0.0,0.0,30.898612411243867,0.0
2023,6,15,9,56.602,154.38051527896081,58.53360910031024,0.0,0.0,0.0,95.84690617865058,0.0
2023,6,15,10,56.602,198.02155800755165,58.53360910031024,0.0,0.0,-0.0,139.48794890724142,0.0
2023,6,15,11,56.602,252.10345237516978,228.01276726463826,169.479158164328,0.0,158.57173226721488,24.090685110531524,0.0
2023,6,15,12,56.602,243.18561377465628,243.18561377465628,184.65200467434605,0.0,331.33980926836614,0.0,0.0
2023,6,15,13,56.602,238.44486240477255,238.44486240477255,179.9112533044623,0.0,499.67224258853014,0.0,0.0
2023,6,15,14,56.602,166.46009908442826,166.46009908442826,107.92648998411804,0.0,600.6527446140824,0.0,0.0
2023,6,15,15,56.602,190.2161161851683,190.2161161851683,131.68250708485806,0.0,723.860361904046,0.0,0.0
2023,6,15,16,56.602,64.0673352451291,64.0673352451291,5.533726144818864,0.0,729.0379456859142,0.0,0.0
2023,6,15,17,56.602,79.01003424799875,79.01003424799875,20.47642514768851,0.0,748.1965386449413,0.0,0.0
2023,6,15,18,56.602,28.537830096662123,28.537830096662123,0.0,29.995779003648114,717.7404394633916,0.0,0.0
2023,6,15,19,56.602,6.581058791421232,6.581058791421232,0.0,51.95255030888901,664.9906167383497,0.0,0.0
2023,6,15,20,56.602,0.0,0.0,0.0,58.53360910031024,605.5587412069194,0.0,0.0
2023,6,15,21,56.602,0.0,0.0,0.0,58.53360910031024,546.1268656754892,0.0,0.0
2023,6,15,22,56.602,0.0,0.0,0.0,58.53360910031024,486.6949901440588,0.0,0.0
2023,6,15,23,56.602,0.0,0.0,0.0,58.53360910031024,427.2631146126285,0.0,0.0
2023,6,16,0,56.602,0.0,0.0,0.0,58.53360910031024,367.8312390811982,0.0,0.0
2023,6,16,1,56.602,0.0,0.0,0.0,58.53360910031024,308.3993635497679,0.0,0.0
2023,6,16,2,56.602,0.0,0.0,0.0,58.53360910031024,248.96748801833758,0.0,0.0
2023,6,16,3,56.602,0.0,0.0,0.0,58.53360910031024,189.53561248690727,0.0,0.0
2023,6,16,4,56.602,0.0,0.0,0.0,58.53360910031024,130.10373695547696,0.0,0.0
2023,6,16,5,56.602,0.0,0.0,0.0,58.53360910031024,70.67186142404665,0.0,0.0
2023,6,16,6,56.602,10.62002964355837,10.62002964355837,0.0,47.91357945675186,22.022992264808707,0.0,0.0
2023,6,16,7,56.602,36.84347718169459,36.84347718169459,0.0,21.69013191861565,0.0,0.0,0.0
2023,6,16,8,56.602,105.65156379670735,58.53360910031024,0.0,0.0,0.0,47.11795469639711,0.0
2023,6,16,9,56.602,153.9549675181996,58.53360910031024,0.0,0.0,0.0,95.42135841788937,0.0
2023,6,16,10,56.602,175.41153356079133,58.53360910031024,0.0,0.0,0.0,116.8779244604811,0.0
2023,6,16,11,56.602,205.3230616921914,58.53360910031024,0.0,0.0,-0.0,146.78945259188117,0.0
2023,6,16,12,56.602,181.91420197523024,179.95912498719835,121.42551588688812,0.0,113.61075075057101,1.955076988031891,0.0
2023,6,16,13,56.602,273.62347729436624,273.62347729436624,215.089868194056,0.0,314.8577557633518,0.0,0.0
2023,6,16,14,56.602,248.09434452378784,248.09434452378784,189.5607354234776,0.0,492.21864492237563,0.0,0.0
2023,6,16,15,56.602,193.68022427276838,193.68022427276838,135.14661517245816,0.0,618.6674254689976,0.0,0.0
2023,6,16,16,56.602,157.93421236882637,157.93421236882637,99.40060326851614,0.0,711.6707541344123,0.0,0.0
2023,6,16,17,56.602,99.16382688264608,99.16382688264608,40.63021778233584,0.0,749.6860716868645,0.0,0.0
2023,6,16,18,56.602,27.828583828726725,27.828583828726725,0.0,30.705025271583512,718.5098420270313,0.0,0.0
2023,6,16,19,56.602,8.063010203896688,8.063010203896688,0.0,50.47059889641354,667.2647129855607,0.0,0.0
2023,6,16,20,56.602,0.0,0.0,0.0,58.53360910031024,607.8328374541304,0.0,0.0
2023,6,16,21,56.602,0.0,0.0,0.0,58.53360910031024,548.4009619227002,0.0,0.0
2023,6,16,22,56.602,0.0,0.0,0.0,58.53360910031024,488.96908639126985,0.0,0.0
2023,6,16,23,56.602,0.0,0.0,0.0,58.53360910031024,429.53721085983955,0.0,0.0
2023,6,17,0,56.602,0.0,0.0,0.0,58.53360910031024,370.10533532840924,0.0,0.0
2023,6,17,1,56.602,0.0,0.0,0.0,58.53360910031024,310.67345979697893,0.0,0.0
2023,6,17,2,56.602,0.0,0.0,0.0,58.53360910031024,251.24158426554862,0.0,0.0
2023,6,17,3,56.602,0.0,0.0,0.0,58.53360910031024,191.80970873411832,0.0,0.0
2023,6,17,4,56.602,0.0,0.0,0.0,58.53360910031024,132.377833202688,0.0,0.0
2023,6,17,5,56.602,0.0,0.0,0.0,58.53360910031024,72.9459576712577,0.0,0.0
2023,6,17,6,56.602,10.052632629210084,10.052632629210084,0.0,48.48097647110015,23.720984129392946,0.0,0.0
2023,6,17,7,56.602,35.1711491394049,35.1711491394049,0.0,23.36245996090533,0.0,0.0,0.0
2023,6,17,8,56.602,116.43957281951361,58.53360910031024,0.0,0.0,0.0,57.90596371920338,0.0
2023,6,17,9,56.602,197.6146746222624,58.53360910031024,0.0,0.0,0.0,139.08106552195218,0.0
2023,6,17,10,56.602,254.79858819332418,58.53360910031024,0.0,0.0,0.0,196.26497909301395,0.0
2023,6,17,11,56.602,283.5155962945173,58.53360910031024,0.0,0.0,-0.0,224.98198719420708,0.0
2023,6,17,12,56.602,297.8759667826611,175.0650239487595,116.53141484844923,0.0,109.03162675702632,122.81094283390163,0.0
2023,6,17,13,56.602,267.2066650070985,267.2066650070985,208.67305590678825,0.0,304.2747959527859,0.0,0.0
2023,6,17,14,56.602,232.1810979963751,232.1810979963751,173.64748889606486,0.0,466.7465914015354,0.0,0.0
2023,6,17,15,56.602,208.82823140582983,208.82823140582983,150.2946223055196,0.0,607.3684759303984,0.0,0.0
2023,6,17,16,56.602,168.30040650596578,168.30040650596578,109.76679740565555,0.0,710.0708459360504,0.0,0.0
2023,6,17,17,56.602,102.15385983325777,102.15385983325777,43.62025073294753,0.0,750.8837623770622,0.0,0.0
2023,6,17,18,56.602,27.492625070231067,27.492625070231067,0.0,31.04098403007917,719.3664182801474,0.0,0.0
2023,6,17,19,56.602,8.18619508201174,8.18619508201174,0.0,50.3474140182985,668.2463645322734,0.0,0.0
2023,6,17,20,56.602,0.0,0.0,0.0,58.53360910031024,608.8144890008432,0.0,0.0
2023,6,17,21,56.602,0.0,0.0,0.0,58.53360910031024,549.382613469413,0.0,0.0
2023,6,17,22,56.602,0.0,0.0,0.0,58.53360910031024,489.95073793798264,0.0,0.0
2023,6,17,23,56.602,0.0,0.0,0.0,58.53360910031024,430.51886240655233,0.0,0.0
2023,6,18,0,56.602,0.0,0.0,0.0,58.53360910031024,371.086986875122,0.0,0.0
2023,6,18,1,56.602,0.0,0.0,0.0,58.53360910031024,311.6551113436917,0.0,0.0
2023,6,18,2,56.602,0.0,0.0,0.0,58.53360910031024,252.22323581226144,0.0,0.0
2023,6,18,3,56.602,0.0,0.0,0.0,58.53360910031024,192.79136028083113,0.0,0.0
2023,6,18,4,56.602,0.0,0.0,0.0,58.53360910031024,133.35948474940082,0.0,0.0
2023,6,18,5,56.602,0.0,0.0,0.0,58.53360910031024,73.92760921797051,0.0,0.0
2023,6,18,6,56.602,9.854790249207063,9.854790249207063,0.0,48.67881885110317,24.50175717426878,0.0,0.0
2023,6,18,7,56.602,34.40217686995916,34.40217686995916,0.0,24.131432230351074,0.0,0.0,0.0
2023,6,18,8,56.602,115.74525805195584,58.53360910031024,0.0,0.0,0.0,57.21164895164561,0.0
2023,6,18,9,56.602,196.08419583355976,58.53360910031024,0.0,0.0,0.0,137.55058673324953,0.0
2023,6,18,10,56.602,258.55759341338154,58.53360910031024,0.0,0.0,0.0,200.0239843130713,0.0
2023,6,18,11,56.602,299.8655892079745,58.53360910031024,0.0,0.0,0.0,241.33198010766426,0.0
2023,6,18,12,56.602,318.73153993505497,58.53360910031024,0.0,0.0,-0.0,260.19793083474474,0.0
2023,6,18,13,56.602,315.48020572783554,268.3353085362763,209.80169943596604,0.0,196.29917491039956,47.14489719155927,0.0
2023,6,18,14,56.602,291.8063118791722,291.8063118791722,233.27270277886197,0.0,414.5587943878171,0.0,0.0
2023,6,18,15,56.602,247.86663914302963,247.86663914302963,189.3330300427194,0.0,591.7066329448407,0.0,0.0
2023,6,18,16,56.602,184.2509817843225,184.2509817843225,125.71737268401226,0.0,709.3330229889638,0.0,0.0
2023,6,18,17,56.602,104.2144068853647,104.2144068853647,45.68079778505446,0.0,752.0738727464361,0.0,0.0
2023,6,18,18,56.602,27.145467686452147,27.145467686452147,0.0,31.38814141385809,720.2040437312036,0.0,0.0
2023,6,18,19,56.602,8.253386833710879,8.253386833710879,0.0,50.28022226659936,669.1522128707459,0.0,0.0
2023,6,18,20,56.602,0.0,0.0,0.0,58.53360910031024,609.7203373393156,0.0,0.0
2023,6,18,21,56.602,0.0,0.0,0.0,58.53360910031024,550.2884618078854,0.0,0.0
2023,6,18,22,56.602,0.0,0.0,0.0,58.53360910031024,490.85658627645506,0.0,0.0
2023,6,18,23,56.602,0.0,0.0,0.0,58.53360910031024,431.42471074502475,0.0,0.0
2023,6,19,0,56.602,0.0,0.0,0.0,58.53360910031024,371.99283521359445,0.0,0.0
2023,6,19,1,56.602,0.0,0.0,0.0,58.53360910031024,312.56095968216414,0.0,0.0
2023,6,19,2,56.602,0.0,0.0,0.0,58.53360910031024,253.12908415073383,0.0,0.0
2023,6,19,3,56.602,0.0,0.0,0.0,58.53360910031024,193.69720861930352,0.0,0.0
2023,6,19,4,56.602,0.0,0.0,0.0,58.53360910031024,134.26533308787322,0.0,0.0
2023,6,19,5,56.602,0.0,0.0,0.0,58.53360910031024,74.83345755644291,0.0,0.0
2023,6,19,6,56.602,9.698009495242406,9.698009495242406,0.0,48.83559960506783,25.248418775436406,0.0,0.0
2023,6,19,7,56.602,33.66680047636303,33.66680047636303,0.0,24.866808623947207,0.0,0.0,0.0
2023,6,19,8,56.602,114.40515589306744,58.53360910031024,0.0,0.0,0.0,55.87154679275721,0.0
2023,6,19,9,56.602,191.08587608216274,58.53360910031024,0.0,0.0,0.0,132.5522669818525,0.0
2023,6,19,10,56.602,249.79280269173827,58.53360910031024,0.0,0.0,0.0,191.25919359142804,0.0
2023,6,19,11,56.602,287.7785396523183,58.53360910031024,0.0,0.0,-0.0,229.24493055200804,0.0
2023,6,19,12,56.602,303.1019919148164,85.3311241512938,26.79751505098357,0.0,25.072866941969664,217.77086776352257,0.0
2023,6,19,13,56.602,292.7283320274882,292.7283320274882,234.19472292717796,0.0,244.19516672584695,0.0,0.0
2023,6,19,14,56.602,271.3277591113124,271.3277591113124,212.79415001100216,0.0,443.2942025545277,0.0,0.0
2023,6,19,15,56.602,233.27483039903325,233.27483039903325,174.74122129872302,0.0,606.789339419442,0.0,0.0
2023,6,19,16,56.602,174.07516427699733,174.07516427699733,115.5415551766871,0.0,714.8948123971311,0.0,0.0
2023,6,19,17,56.602,100.85855217550214,100.85855217550214,42.324943075191904,0.0,754.4957852497157,0.0,0.0
2023,6,19,18,56.602,26.604200797764676,26.604200797764676,0.0,31.92940830254556,722.0763829747406,0.0,0.0
2023,6,19,19,56.602,7.872633574082462,7.872633574082462,0.0,50.66097552622777,670.6379557522571,0.0,0.0
2023,6,19,20,56.602,0.0,0.0,0.0,58.53360910031024,611.2060802208268,0.0,0.0
2023,6,19,21,56.602,0.0,0.0,0.0,58.53360910031024,551.7742046893966,0.0,0.0
2023,6,19,22,56.602,0.0,0.0,0.0,58.53360910031024,492.3423291579662,0.0,0.0
2023,6,19,23,56.602,0.0,0.0,0.0,58.53360910031024,432.9104536265359,0.0,0.0
2023,6,20,0,56.602,0.0,0.0,0.0,58.53360910031024,373.4785780951056,0.0,0.0
2023,6,20,1,56.602,0.0,0.0,0.0,58.53360910031024,314.0467025636753,0.0,0.0
2023,6,20,2,56.602,0.0,0.0,0.0,58.53360910031024,254.614827032245,0.0,0.0
2023,6,20,3,56.602,0.0,0.0,0.0,58.53360910031024,195.18295150081468,0.0,0.0
2023,6,20,4,56.602,0.0,0.0,0.0,58.53360910031024,135.75107596938437,0.0,0.0
2023,6,20,5,56.602,0.0,0.0,0.0,58.53360910031024,76.31920043795408,0.0,0.0
2023,6,20,6,56.602,9.324721985802745,9.324721985802745,0.0,49.2088871145075,26.355145615745734,0.0,0.0
2023,6,20,7,56.602,32.57680094879926,32.57680094879926,0.0,25.956808151510977,0.0,0.0,0.0
2023,6,20,8,56.602,109.44043201751995,58.53360910031024,0.0,0.0,0.0,50.906822917209716,0.0
2023,6,20,9,56.602,182.91087962543415,58.53360910031024,0.0,0.0,0.0,124.37727052512392,0.0
2023,6,20,10,56.602,239.9529439429088,58.53360910031024,0.0,0.0,0.0,181.41933484259857,0.0
2023,6,20,11,56.602,275.9863872291193,58.53360910031024,0.0,0.0,0.0,217.4527781288091,0.0
2023,6,20,12,56.602,291.88470225615447,92.05142141171396,33.51781231140372,0.0,31.36065589181908,199.8332808444405,0.0
2023,6,20,13,56.602,290.6976479761364,290.6976479761364,232.16403887582615,0.0,248.58296342179315,0.0,0.0
2023,6,20,14,56.602,271.35388923697315,271.35388923697315,212.82028013666292,0.0,447.7064476802116,0.0,0.0
2023,6,20,15,56.602,232.08404324392075,232.08404324392075,173.5504341436105,0.0,610.0874346756495,0.0,0.0
2023,6,20,16,56.602,173.61228776529214,173.61228776529214,115.07867866498191,0.0,717.7598211836989,0.0,0.0
2023,6,20,17,56.602,98.99958037849262,98.99958037849262,40.46597127818239,0.0,755.6214628920853,0.0,0.0
2023,6,20,18,56.602,26.361563916628896,26.361563916628896,0.0,32.17204518368134,722.9557001903289,0.0,0.0
2023,6,20,19,56.602,7.805441822383322,7.805441822383322,0.0,50.728167277926914,671.4490500804291,0.0,0.0
2023,6,20,20,56.602,0.0,0.0,0.0,58.53360910031024,612.0171745489988,0.0,0.0
2023,6,20,21,56.602,0.0,0.0,0.0,58.53360910031024,552.5852990175686,0.0,0.0
2023,6,20,22,56.602,0.0,0.0,0.0,58.53360910031024,493.1534234861382,0.0,0.0
2023,6,20,23,56.602,0.0,0.0,0.0,58.53360910031024,433.7215479547079,0.0,0.0
2023,6,21,0,56.602,0.0,0.0,0.0,58.53360910031024,374.2896724232776,0.0,0.0
2023,6,21,1,56.602,0.0,0.0,0.0,58.53360910031024,314.8577968918473,0.0,0.0
2023,6,21,2,56.602,0.0,0.0,0.0,58.53360910031024,255.42592136041696,0.0,0.0
2023,6,21,3,56.602,0.0,0.0,0.0,58.53360910031024,195.99404582898666,0.0,0.0
2023,6,21,4,56.602,0.0,0.0,0.0,58.53360910031024,136.56217029755635,0.0,0.0
2023,6,21,5,56.602,0.0,0.0,0.0,58.53360910031024,77.13029476612603,0.0,0.0
2023,6,21,6,56.602,9.149276856366104,9.149276856366104,0.0,49.38433224394414,26.98810240455281,0.0,0.0
2023,6,21,7,56.602,31.953410808035024,31.953410808035024,0.0,26.580198292275213,0.0,0.0,0.0
2023,6,21,8,56.602,108.0816654831596,58.53360910031024,0.0,0.0,0.0,49.54805638284936,0.0
2023,6,21,9,56.602,179.80512754689616,58.53360910031024,0.0,0.0,0.0,121.27151844658593,0.0
2023,6,21,10,56.602,234.54400793112816,58.53360910031024,0.0,0.0,0.0,176.01039883081793,0.0
2023,6,21,11,56.602,271.42481386376664,58.53360910031024,0.0,0.0,-0.0,212.89120476345641,0.0
2023,6,21,12,56.602,289.197032188189,96.7391550179129,38.20554591760267,0.0,35.74669395333373,192.45787717027608,0.0
2023,6,21,13,56.602,290.28703171575273,290.28703171575273,231.75342261544247,0.0,252.5848118731435,0.0,0.0
2023,6,21,14,56.602,270.44306771394037,270.44306771394037,211.90945861363014,0.0,450.8560937235613,0.0,0.0
2023,6,21,15,56.602,231.3188038495694,231.3188038495694,172.78519474925918,0.0,612.5210909909658,0.0,0.0
2023,6,21,16,56.602,173.01502775018872,173.01502775018872,114.48141864987849,0.0,719.6346562478673,0.0,0.0
2023,6,21,17,56.602,98.55536824225942,98.55536824225942,40.02175914194918,0.0,757.0806746507124,0.0,0.0
2023,6,21,18,56.602,26.096529784926737,26.096529784926737,0.0,32.4370793153835,724.1458105597027,0.0,0.0
2023,6,21,19,56.602,7.704654194834613,7.704654194834613,0.0,50.828954905475626,672.5368261186784,0.0,0.0
2023,6,21,20,56.602,0.0,0.0,0.0,58.53360910031024,613.1049505872481,0.0,0.0
2023,6,21,21,56.602,0.0,0.0,0.0,58.53360910031024,553.6730750558178,0.0,0.0
2023,6,21,22,56.602,0.0,0.0,0.0,58.53360910031024,494.24119952438747,0.0,0.0
2023,6,21,23,56.602,0.0,0.0,0.0,58.53360910031024,434.80932399295716,0.0,0.0
2023,6,22,0,56.602,0.0,0.0,0.0,58.53360910031024,375.37744846152685,0.0,0.0
2023,6,22,1,56.602,0.0,0.0,0.0,58.53360910031024,315.94557293009655,0.0,0.0
2023,6,22,2,56.602,0.0,0.0,0.0,58.53360910031024,256.51369739866624,0.0,0.0
2023,6,22,3,56.602,0.0,0.0,0.0,58.53360910031024,197.08182186723593,0.0,0.0
2023,6,22,4,56.602,0.0,0.0,0.0,58.53360910031024,137.64994633580562,0.0,0.0
2023,6,22,5,56.602,0.0,0.0,0.0,58.53360910031024,78.2180708043753,0.0,0.0
2023,6,22,6,56.602,8.850646848814375,8.850646848814375,0.0,49.68296225149586,27.77266560984062,0.0,0.0
2023,6,22,7,56.602,31.180705663494923,31.180705663494923,0.0,27.352903436815314,0.0,0.0,0.0
2023,6,22,8,56.602,107.43587809182898,58.53360910031024,0.0,0.0,0.0,48.902268991518746,0.0
2023,6,22,9,56.602,179.79392892161295,58.53360910031024,0.0,0.0,0.0,121.26031982130272,0.0
2023,6,22,10,56.602,234.30137104999233,58.53360910031024,0.0,0.0,0.0,175.7677619496821,0.0
2023,6,22,11,56.602,271.6562521196193,58.53360910031024,0.0,0.0,-0.0,213.12264301930907,0.0
2023,6,22,12,56.602,289.9398743319739,144.53852338082342,86.00491428051319,0.0,80.46976624542157,145.40135095115048,0.0
2023,6,22,13,56.602,288.54377904666956,288.54377904666956,230.0101699463593,0.0,295.6768246384432,0.0,0.0
2023,6,22,14,56.602,268.0764249040929,268.0764249040929,209.54281580378267,0.0,491.73377728118703,0.0,0.0
2023,6,22,15,56.602,214.1625099157226,214.1625099157226,155.62890081541235,0.0,637.3466341093655,0.0,0.0
2023,6,22,16,56.602,152.36102985289224,152.36102985289224,93.827420752582,0.0,725.1354619750055,0.0,0.0
2023,6,22,17,56.602,92.43718596254338,92.43718596254338,33.903576862233145,0.0,756.8570551864034,0.0,0.0
2023,6,22,18,56.602,25.49553689472888,25.49553689472888,0.0,33.03807220558136,723.3119752690587,0.0,0.0
2023,6,22,19,56.602,7.682256944268197,7.682256944268197,0.0,50.85135215604204,671.6802498655622,0.0,0.0
2023,6,22,20,56.602,0.0,0.0,0.0,58.53360910031024,612.248374334132,0.0,0.0
2023,6,22,21,56.602,0.0,0.0,0.0,58.53360910031024,552.8164988027016,0.0,0.0
2023,6,22,22,56.602,0.0,0.0,0.0,58.53360910031024,493.3846232712713,0.0,0.0
2023,6,22,23,56.602,0.0,0.0,0.0,58.53360910031024,433.952747739841,0.0,0.0
2023,6,23,0,56.602,0.0,0.0,0.0,58.53360910031024,374.5208722084107,0.0,0.0
2023,6,23,1,56.602,0.0,0.0,0.0,58.53360910031024,315.0889966769804,0.0,0.0
2023,6,23,2,56.602,0.0,0.0,0.0,58.53360910031024,255.65712114555006,0.0,0.0
2023,6,23,3,56.602,0.0,0.0,0.0,58.53360910031024,196.22524561411976,0.0,0.0
2023,6,23,4,56.602,0.0,0.0,0.0,58.53360910031024,136.79337008268945,0.0,0.0
2023,6,23,5,56.602,0.0,0.0,0.0,58.53360910031024,77.36149455125914,0.0,0.0
2023,6,23,6,56.602,9.709208120525595,9.709208120525595,0.0,48.82440097978464,27.787826251488692,0.0,0.0
2023,6,23,7,56.602,31.165774163117337,31.165774163117337,0.0,27.3678349371929,0.0,0.0,0.0
2023,6,23,8,56.602,108.01074085636606,58.53360910031024,0.0,0.0,0.0,49.47713175605582,0.0
2023,6,23,9,56.602,179.61101804198753,58.53360910031024,0.0,0.0,0.0,121.0774089416773,0.0
2023,6,23,10,56.602,235.051678943966,58.53360910031024,0.0,0.0,0.0,176.51806984365578,0.0
2023,6,23,11,56.602,265.4186178368825,58.53360910031024,0.0,0.0,0.0,206.88500873657227,0.0
2023,6,23,12,56.602,280.13734433408837,111.207183406161,52.67357430585077,0.0,49.28358160881319,168.93016092792737,0.0
2023,6,23,13,56.602,274.4633741906055,274.4633741906055,215.92976509029526,0.0,251.31642900602088,0.0,0.0
2023,6,23,14,56.602,269.75248582147697,269.75248582147697,211.21887672116674,0.0,448.9415737847988,0.0,0.0
2023,6,23,15,56.602,230.01976331671946,230.01976331671946,171.48615421640923,0.0,609.3911348309565,0.0,0.0
2023,6,23,16,56.602,170.76410406826756,170.76410406826756,112.23049496795731,0.0,714.398642497594,0.0,0.0
2023,6,23,17,56.602,96.1551295565624,96.1551295565624,37.62152045625216,0.0,749.5988979973881,0.0,0.0
2023,6,23,18,56.602,26.671392549463814,26.671392549463814,0.0,31.862216550846423,717.2477186098292,0.0,0.0
2023,6,23,19,56.602,8.286982709560485,8.286982709560485,0.0,50.24662639074975,666.2299991930797,0.0,0.0
2023,6,23,20,56.602,0.0,0.0,0.0,58.53360910031024,606.7981236616495,0.0,0.0
2023,6,23,21,56.602,0.0,0.0,0.0,58.53360910031024,547.3662481302191,0.0,0.0
2023,6,23,22,56.602,0.0,0.0,0.0,58.53360910031024,487.9343725987888,0.0,0.0
2023,6,23,23,56.602,0.0,0.0,0.0,58.53360910031024,428.5024970673585,0.0,0.0
2023,6,24,0,56.602,0.0,0.0,0.0,58.53360910031024,369.0706215359282,0.0,0.0
2023,6,24,1,56.602,0.0,0.0,0.0,58.53360910031024,309.6387460044979,0.0,0.0
2023,6,24,2,56.602,0.0,0.0,0.0,58.53360910031024,250.2068704730676,0.0,0.0
2023,6,24,3,56.602,0.0,0.0,0.0,58.53360910031024,190.7749949416373,0.0,0.0
2023,6,24,4,56.602,0.0,0.0,0.0,58.53360910031024,131.34311941020698,0.0,0.0
2023,6,24,5,56.602,0.0,0.0,0.0,58.53360910031024,71.91124387877667,0.0,0.0
2023,6,24,6,56.602,9.477769864673006,9.477769864673006,0.0,49.05583923563723,22.10258563346109,0.0,0.0
2023,6,24,7,56.602,36.76508680471226,36.76508680471226,0.0,21.768522295597975,0.0,0.0,0.0
2023,6,24,8,56.602,109.32471288959367,58.53360910031024,0.0,0.0,0.0,50.79110378928343,0.0
2023,6,24,9,56.602,184.3853652877208,58.53360910031024,0.0,0.0,0.0,125.85175618741056,0.0
2023,6,24,10,56.602,228.43702427669527,58.53360910031024,0.0,0.0,0.0,169.90341517638504,0.0
2023,6,24,11,56.602,249.4195151822986,58.53360910031024,0.0,0.0,-0.0,190.88590608198837,0.0
2023,6,24,12,56.602,254.97030044766638,139.0247893819243,80.49118028161409,0.0,75.31088794477341,115.94551106574207,0.0
2023,6,24,13,56.602,283.37374704093025,283.37374704093025,224.84013794062002,0.0,285.68064988254525,0.0,0.0
2023,6,24,14,56.602,255.57502621295862,255.57502621295862,197.0414171126484,0.0,470.0407752121977,0.0,0.0
2023,6,24,15,56.602,229.5904826808638,229.5904826808638,171.05687358055354,0.0,630.0886834840927,0.0,0.0
2023,6,24,16,56.602,162.26061460323206,162.26061460323206,103.72700550292183,0.0,727.1399735875107,0.0,0.0
2023,6,24,17,56.602,89.7681802700498,89.7681802700498,31.23457116973956,0.0,756.3643343328409,0.0,0.0
2023,6,24,18,56.602,29.269473615163857,29.269473615163857,0.0,29.26413548514638,726.6511065920469,0.0,0.0
2023,6,24,19,56.602,8.76852359673761,8.76852359673761,0.0,49.76508550357263,676.1223178684477,0.0,0.0
2023,6,24,20,56.602,0.0,0.0,0.0,58.53360910031024,616.6904423370174,0.0,0.0
2023,6,24,21,56.602,0.0,0.0,0.0,58.53360910031024,557.2585668055872,0.0,0.0
2023,6,24,22,56.602,0.0,0.0,0.0,58.53360910031024,497.82669127415693,0.0,0.0
2023,6,24,23,56.602,0.0,0.0,0.0,58.53360910031024,438.3948157427266,0.0,0.0
2023,6,25,0,56.602,0.0,0.0,0.0,58.53360910031024,378.9629402112963,0.0,0.0
2023,6,25,1,56.602,0.0,0.0,0.0,58.53360910031024,319.531064679866,0.0,0.0
2023,6,25,2,56.602,0.0,0.0,0.0,58.53360910031024,260.0991891484357,0.0,0.0
2023,6,25,3,56.602,0.0,0.0,0.0,58.53360910031024,200.66731361700536,0.0,0.0
2023,6,25,4,56.602,0.0,0.0,0.0,58.53360910031024,141.23543808557505,0.0,0.0
2023,6,25,5,56.602,0.0,0.0,0.0,58.53360910031024,81.80356255414475,0.0,0.0
2023,6,25,6,56.602,8.413900462769933,8.413900462769933,0.0,50.119708637540306,30.91470859140387,0.0,0.0
2023,6,25,7,56.602,28.086152210240133,28.086152210240133,0.0,30.447456890070104,0.0,0.0,0.0
2023,6,25,8,56.602,90.69393329346016,58.53360910031024,0.0,0.0,0.0,32.160324193149926,0.0
2023,6,25,9,56.602,138.13504286814674,58.53360910031024,0.0,0.0,0.0,79.60143376783651,0.0
2023,6,25,10,56.602,165.9636266968735,58.53360910031024,0.0,0.0,-0.0,107.43001759656326,0.0
2023,6,25,11,56.602,234.47308330433458,165.64737190872233,107.1137628084121,0.0,100.22008075895985,68.82571139561225,0.0
2023,6,25,12,56.602,213.0575788877812,213.0575788877812,154.52396978747097,0.0,244.79911827251456,0.0,0.0
2023,6,25,13,56.602,246.04872897205846,246.04872897205846,187.51511987174823,0.0,420.2460446463565,0.0,0.0
2023,6,25,14,56.602,235.85051421416696,235.85051421416696,177.31690511385673,0.0,586.1510981568465,0.0,0.0
2023,6,25,15,56.602,193.0904300078537,193.0904300078537,134.55682090754345,0.0,712.0480427179598,0.0,0.0
2023,6,25,16,56.602,104.35252326385738,104.35252326385738,45.81891416354714,0.0,754.9181198897601,0.0,0.0
2023,6,25,17,56.602,65.04161564476662,65.04161564476662,6.508006544456386,0.0,761.0072808375635,0.0,0.0
2023,6,25,18,56.602,23.580571971303417,23.580571971303417,0.0,34.953037129006816,725.5178486288534,0.0,0.0
2023,6,25,19,56.602,5.487326388763024,5.487326388763024,0.0,53.046282711547214,671.65750890309,0.0,0.0
2023,6,25,20,56.602,0.0,0.0,0.0,58.53360910031024,612.2256333716598,0.0,0.0
2023,6,25,21,56.602,0.0,0.0,0.0,58.53360910031024,552.7937578402295,0.0,0.0
2023,6,25,22,56.602,0.0,0.0,0.0,58.53360910031024,493.3618823087992,0.0,0.0
2023,6,25,23,56.602,0.0,0.0,0.0,58.53360910031024,433.9300067773689,0.0,0.0
2023,6,26,0,56.602,0.0,0.0,0.0,58.53360910031024,374.49813124593857,0.0,0.0
2023,6,26,1,56.602,0.0,0.0,0.0,58.53360910031024,315.06625571450826,0.0,0.0
2023,6,26,2,56.602,0.0,0.0,0.0,58.53360910031024,255.63438018307795,0.0,0.0
2023,6,26,3,56.602,0.0,0.0,0.0,58.53360910031024,196.20250465164764,0.0,0.0
2023,6,26,4,56.602,0.0,0.0,0.0,58.53360910031024,136.77062912021734,0.0,0.0
2023,6,26,5,56.602,0.0,0.0,0.0,58.53360910031024,77.33875358878703,0.0,0.0
2023,6,26,6,56.602,9.205269982782053,9.205269982782053,0.0,49.32833911752818,27.253413633394096,0.0,0.0
2023,6,26,7,56.602,31.69210955142726,31.69210955142726,0.0,26.841499548882975,0.0,0.0,0.0
2023,6,26,8,56.602,109.14926776015702,58.53360910031024,0.0,0.0,0.0,50.61565865984678,0.0
2023,6,26,9,56.602,185.8337208243467,58.53360910031024,0.0,0.0,-0.0,127.30011172403647,0.0
2023,6,26,10,56.602,234.86130231415183,58.53360910031024,0.0,0.0,-0.0,176.3276932138416,0.0
2023,6,26,11,56.602,248.06821439812705,161.27851454959927,102.74490544928904,0.0,96.13239654475817,86.78969984852779,0.0
2023,6,26,12,56.602,285.2028558371846,285.2028558371846,226.66924673687433,0.0,308.2135485641707,0.0,0.0
2023,6,26,13,56.602,182.19416760730996,182.19416760730996,123.66055850699972,0.0,423.91549792465287,0.0,0.0
2023,6,26,14,56.602,208.0667248865729,208.0667248865729,149.53311578626267,0.0,563.8248853583021,0.0,0.0
2023,6,26,15,56.602,188.06598013079585,188.06598013079585,129.53237103048562,0.0,685.020746144133,0.0,0.0
2023,6,26,16,56.602,117.98125023349942,117.98125023349942,59.44764113318919,0.0,740.6424257405666,0.0,0.0
2023,6,26,17,56.602,74.38500200604135,74.38500200604135,15.85139290573111,0.0,755.4736466360164,0.0,0.0
2023,6,26,18,56.602,27.022282808337096,27.022282808337096,0.0,31.51132629197314,723.4787423271873,0.0,0.0
2023,6,26,19,56.602,7.491880314454007,7.491880314454007,0.0,51.041728785856236,671.6537187426779,0.0,0.0
2023,6,26,20,56.602,0.0,0.0,0.0,58.53360910031024,612.2218432112477,0.0,0.0
2023,6,26,21,56.602,0.0,0.0,0.0,58.53360910031024,552.7899676798174,0.0,0.0
2023,6,26,22,56.602,0.0,0.0,0.0,58.53360910031024,493.35809214838713,0.0,0.0
2023,6,26,23,56.602,0.0,0.0,0.0,58.53360910031024,433.9262166169568,0.0,0.0
2023,6,27,0,56.602,0.0,0.0,0.0,58.53360910031024,374.4943410855265,0.0,0.0
2023,6,27,1,56.602,0.0,0.0,0.0,58.53360910031024,315.0624655540962,0.0,0.0
2023,6,27,2,56.602,0.0,0.0,0.0,58.53360910031024,255.63059002266593,0.0,0.0
2023,6,27,3,56.602,0.0,0.0,0.0,58.53360910031024,196.19871449123562,0.0,0.0
2023,6,27,4,56.602,0.0,0.0,0.0,58.53360910031024,136.7668389598053,0.0,0.0
2023,6,27,5,56.602,0.0,0.0,0.0,58.53360910031024,77.334963428375,0.0,0.0
2023,6,27,6,56.602,9.365783611841108,9.365783611841108,0.0,49.167825488469134,27.41260037069887,0.0,0.0
2023,6,27,7,56.602,31.535328797462604,31.535328797462604,0.0,26.998280302847633,0.0,0.0,0.0
2023,6,27,8,56.602,107.55159721975527,58.53360910031024,0.0,0.0,0.0,49.01798811944503,0.0
2023,6,27,9,56.602,183.17964663223069,58.53360910031024,0.0,0.0,0.0,124.64603753192046,0.0
2023,6,27,10,56.602,243.5066410327744,58.53360910031024,0.0,0.0,0.0,184.97303193246418,0.0
2023,6,27,11,56.602,275.6765585962844,58.53360910031024,0.0,0.0,-0.0,217.14294949597416,0.0
2023,6,27,12,56.602,290.9253533568946,285.8907131535752,227.35710405326495,0.0,212.72473986463288,5.034640203319441,0.0
2023,6,27,13,56.602,278.2447766612293,278.2447766612293,219.71116756091908,0.0,418.29562430817134,0.0,0.0
2023,6,27,14,56.602,239.74763581271696,239.74763581271696,181.21402671240673,0.0,587.8469864824019,0.0,0.0
2023,6,27,15,56.602,164.36968903156614,164.36968903156614,105.83607993125591,0.0,686.8716141289361,0.0,0.0
2023,6,27,16,56.602,101.42968206494483,101.42968206494483,42.89607296463459,0.0,727.006959802931,0.0,0.0
2023,6,27,17,56.602,84.62801126506565,84.62801126506565,26.094402164755415,0.0,751.4219651555688,0.0,0.0
2023,6,27,18,56.602,29.85180212988973,29.85180212988973,0.0,28.681806970420503,722.3000024390496,0.0,0.0
2023,6,27,19,56.602,8.335510085787641,8.335510085787641,0.0,50.19809901452259,671.3315551076564,0.0,0.0
2023,6,27,20,56.602,0.0,0.0,0.0,58.53360910031024,611.8996795762262,0.0,0.0
2023,6,27,21,56.602,0.0,0.0,0.0,58.53360910031024,552.4678040447959,0.0,0.0
2023,6,27,22,56.602,0.0,0.0,0.0,58.53360910031024,493.0359285133656,0.0,0.0
2023,6,27,23,56.602,0.0,0.0,0.0,58.53360910031024,433.6040529819353,0.0,0.0
2023,6,28,0,56.602,0.0,0.0,0.0,58.53360910031024,374.172177450505,0.0,0.0
2023,6,28,1,56.602,0.0,0.0,0.0,58.53360910031024,314.7403019190747,0.0,0.0
2023,6,28,2,56.602,0.0,0.0,0.0,58.53360910031024,255.30842638764437,0.0,0.0
2023,6,28,3,56.602,0.0,0.0,0.0,58.53360910031024,195.87655085621407,0.0,0.0
2023,6,28,4,56.602,0.0,0.0,0.0,58.53360910031024,136.44467532478376,0.0,0.0
2023,6,28,5,56.602,0.0,0.0,0.0,58.53360910031024,77.01279979335344,0.0,0.0
2023,6,28,6,56.602,9.776399872224735,9.776399872224735,0.0,48.7572092280855,27.507354380999324,0.0,0.0
2023,6,28,7,56.602,31.44200692010269,31.44200692010269,0.0,27.091602180207545,0.0,0.0,0.0
2023,6,28,8,56.602,99.81334714907105,58.53360910031024,0.0,0.0,0.0,41.27973804876081,0.0
2023,6,28,9,56.602,185.57241956773893,58.53360910031024,0.0,0.0,0.0,127.0388104674287,0.0
2023,6,28,10,56.602,246.10098922338003,58.53360910031024,0.0,0.0,0.0,187.5673801230698,0.0
2023,6,28,11,56.602,284.2285754375471,58.53360910031024,0.0,0.0,-0.0,225.69496633723685,0.0
2023,6,28,12,56.602,302.1687731412172,63.95318546147708,5.419576361166847,0.0,5.070780508075245,238.2155876797401,0.0
2023,6,28,13,56.602,302.2732936438603,302.2732936438603,243.73968454355008,0.0,233.12374241186137,0.0,0.0
2023,6,28,14,56.602,274.45590844041675,274.45590844041675,215.92229934010652,0.0,435.14960454342975,0.0,0.0
2023,6,28,15,56.602,240.92722434254634,240.92722434254634,182.39361524223608,0.0,605.8046386886776,0.0,0.0
2023,6,28,16,56.602,178.58074451593407,178.58074451593407,120.04713541562383,0.0,718.1257194797145,0.0,0.0
2023,6,28,17,56.602,98.45458061471072,98.45458061471072,39.920971514400485,0.0,755.4774367964284,0.0,0.0
2023,6,28,18,56.602,27.533686696269434,27.533686696269434,0.0,30.999922404040802,724.0017844640458,0.0,0.0
2023,6,28,19,56.602,8.160064956351,8.160064956351,0.0,50.373544143959236,672.8551995932878,0.0,0.0
2023,6,28,20,56.602,0.0,0.0,0.0,58.53360910031024,613.4233240618576,0.0,0.0
2023,6,28,21,56.602,0.0,0.0,0.0,58.53360910031024,553.9914485304273,0.0,0.0
2023,6,28,22,56.602,0.0,0.0,0.0,58.53360910031024,494.559572998997,0.0,0.0
2023,6,28,23,56.602,0.0,0.0,0.0,58.53360910031024,435.1276974675667,0.0,0.0
2023,6,29,0,56.602,0.0,0.0,0.0,58.53360910031024,375.6958219361364,0.0,0.0
2023,6,29,1,56.602,0.0,0.0,0.0,58.53360910031024,316.2639464047061,0.0,0.0
2023,6,29,2,56.602,0.0,0.0,0.0,58.53360910031024,256.83207087327577,0.0,0.0
2023,6,29,3,56.602,0.0,0.0,0.0,58.53360910031024,197.40019534184546,0.0,0.0
2023,6,29,4,56.602,0.0,0.0,0.0,58.53360910031024,137.96831981041515,0.0,0.0
2023,6,29,5,56.602,0.0,0.0,0.0,58.53360910031024,78.53644427898485,0.0,0.0
2023,6,29,6,56.602,9.615886243165681,9.615886243165681,0.0,48.917722857144554,28.868021968913933,0.0,0.0
2023,6,29,7,56.602,30.101904761214303,30.101904761214303,0.0,28.431704339095933,0.0,0.0,0.0
2023,6,29,8,56.602,85.41564790998335,58.53360910031024,0.0,0.0,0.0,26.882038809673112,0.0
2023,6,29,9,56.602,137.00024883945017,58.53360910031024,0.0,0.0,-0.0,78.46663973913994,0.0
2023,6,29,10,56.602,173.83999314605038,100.54936706678969,42.01575796647944,0.0,39.3116864364211,73.29062607926069,0.0
2023,6,29,11,56.602,188.6669730209937,188.6669730209937,130.13336392068348,0.0,161.06986110621963,0.0,0.0
2023,6,29,12,56.602,238.35527340250704,238.35527340250704,179.8216643021968,0.0,329.3184712387115,0.0,0.0
2023,6,29,13,56.602,260.06940782661223,260.06940782661223,201.535798726302,0.0,517.8837264832526,0.0,0.0
2023,6,29,14,56.602,174.37379428454906,174.37379428454906,115.84018518423883,0.0,626.2686100865158,0.0,0.0
2023,6,29,15,56.602,160.10301279867082,160.10301279867082,101.56940369836057,0.0,721.3011584201615,0.0,0.0
2023,6,29,16,56.602,86.17715442924026,86.17715442924026,27.643545328930024,0.0,747.1656063929645,0.0,0.0
2023,6,29,17,56.602,69.30082612747316,69.30082612747316,10.767217027162921,0.0,757.2398613880171,0.0,0.0
2023,6,29,18,56.602,25.54406427095604,25.54406427095604,0.0,32.989544829354195,723.7440535560287,0.0,0.0
2023,6,29,19,56.602,8.257119708805313,8.257119708805313,0.0,50.276489391504924,672.6960128559831,0.0,0.0
2023,6,29,20,56.602,0.0,0.0,0.0,58.53360910031024,613.2641373245528,0.0,0.0
2023,6,29,21,56.602,0.0,0.0,0.0,58.53360910031024,553.8322617931226,0.0,0.0
2023,6,29,22,56.602,0.0,0.0,0.0,58.53360910031024,494.40038626169223,0.0,0.0
2023,6,29,23,56.602,0.0,0.0,0.0,58.53360910031024,434.9685107302619,0.0,0.0
2023,6,30,0,56.602,0.0,0.0,0.0,58.53360910031024,375.5366351988316,0.0,0.0
2023,6,30,1,56.602,0.0,0.0,0.0,58.53360910031024,316.1047596674013,0.0,0.0
2023,6,30,2,56.602,0.0,0.0,0.0,58.53360910031024,256.672884135971,0.0,0.0
2023,6,30,3,56.602,0.0,0.0,0.0,58.53360910031024,197.2410086045407,0.0,0.0
2023,6,30,4,56.602,0.0,0.0,0.0,58.53360910031024,137.8091330731104,0.0,0.0
2023,6,30,5,56.602,0.0,0.0,0.0,58.53360910031024,78.37725754168007,0.0,0.0
2023,6,30,6,56.602,9.526297240900162,9.526297240900162,0.0,49.00731185941007,28.617871381720715,0.0,0.0
2023,6,30,7,56.602,30.34827451744448,30.34827451744448,0.0,28.185334582865753,0.0,0.0,0.0
2023,6,30,8,56.602,93.99006200181238,58.53360910031024,0.0,0.0,0.0,35.45645290150214,0.0
2023,6,30,9,56.602,173.89971914756072,58.53360910031024,0.0,0.0,0.0,115.36611004725049,0.0
2023,6,30,10,56.602,237.05996574475142,58.53360910031024,0.0,0.0,-0.0,178.5263566444412,0.0
2023,6,30,11,56.602,269.17389018184554,121.20117050458899,62.66756140427874,0.0,58.63437060032638,147.97271967725655,0.0
2023,6,30,12,56.602,260.0059489500074,260.0059489500074,201.47233984969716,0.0,247.14025108693295,0.0,0.0
2023,6,30,13,56.602,240.64725871046656,240.64725871046656,182.1136496101563,0.0,417.5333377707052,0.0,0.0
2023,6,30,14,56.602,201.582720847606,201.582720847606,143.04911174729574,0.0,551.3760219965791,0.0,0.0
2023,6,30,15,56.602,175.26968430720422,175.26968430720422,116.73607520689399,0.0,660.5991374765641,0.0,0.0
2023,6,30,16,56.602,134.11100351638717,134.11100351638717,75.57739441607694,0.0,731.3124834868132,0.0,0.0
2023,6,30,17,56.602,80.01417764839141,80.01417764839141,21.480568548081177,0.0,751.4105946743329,0.0,0.0
2023,6,30,18,56.602,27.996563207974614,27.996563207974614,0.0,30.537045892335623,720.4049222330406,0.0,0.0
2023,6,30,19,56.602,8.152599206162206,8.152599206162206,0.0,50.38100989414803,669.2507570414584,0.0,0.0
2023,6,30,20,56.602,0.0,0.0,0.0,58.53360910031024,609.8188815100282,0.0,0.0
2023,6,30,21,56.602,0.0,0.0,0.0,58.53360910031024,550.3870059785978,0.0,0.0
2023,6,30,22,56.602,0.0,0.0,0.0,58.53360910031024,490.9551304471675,0.0,0.0
2023,6,30,23,56.602,0.0,0.0,0.0,58.53360910031024,431.5232549157372,0.0,0.0
2023,7,1,0,56.602,0.0,0.0,0.0,58.53360910031024,372.0913793843069,0.0,0.0
2023,7,1,1,56.602,0.0,0.0,0.0,58.53360910031024,312.6595038528766,0.0,0.0
2023,7,1,2,56.602,0.0,0.0,0.0,58.53360910031024,253.2276283214463,0.0,0.0
2023,7,1,3,56.602,0.0,0.0,0.0,58.53360910031024,193.795752790016,0.0,0.0
2023,7,1,4,56.602,0.0,0.0,0.0,58.53360910031024,134.3638772585857,0.0,0.0
2023,7,1,5,56.602,0.0,0.0,0.0,58.53360910031024,74.93200172715538,0.0,0.0
2023,7,1,6,56.602,7.682256944268197,7.682256944268197,0.0,50.85135215604204,23.300276323658903,0.0,0.0
2023,7,1,7,56.602,35.58549827488293,35.58549827488293,0.0,22.948110825427303,0.0,0.0,0.0
2023,7,1,8,56.602,78.65167823893668,58.53360910031024,0.0,0.0,0.0,20.118069138626446,0.0
2023,7,1,9,56.602,148.9827778924633,58.53360910031024,0.0,0.0,-0.0,90.44916879215307,0.0
2023,7,1,10,56.602,157.53106185863155,116.55685906952408,58.02324996921384,0.0,54.28896012376145,40.974202789107466,0.0
2023,7,1,11,56.602,117.42505184443432,117.42505184443432,58.891442744124085,0.0,109.39023743006348,0.0,0.0
2023,7,1,12,56.602,167.98684499803647,167.98684499803647,109.45323589772623,0.0,211.79922627886276,0.0,0.0
2023,7,1,13,56.602,249.60242606192404,249.60242606192404,191.0688169616138,0.0,390.57113909703526,0.0,0.0
2023,7,1,14,56.602,223.85678653587064,223.85678653587064,165.3231774355604,0.0,545.2543633579096,0.0,0.0
2023,7,1,15,56.602,165.69485969007695,165.69485969007695,107.16125058976672,0.0,645.5188756554285,0.0,0.0
2023,7,1,16,56.602,133.14792174203288,133.14792174203288,74.61431264172265,0.0,715.3311223982014,0.0,0.0
2023,7,1,17,56.602,94.3969453871016,94.3969453871016,35.86333628679136,0.0,748.8863478399286,0.0,0.0
2023,7,1,18,56.602,27.567282572119,27.567282572119,0.0,30.966326528191235,717.4448069512541,0.0,0.0
2023,7,1,19,56.602,7.2492434333182265,7.2492434333182265,0.0,51.28436566699201,665.3734229399636,0.0,0.0
2023,7,1,20,56.602,0.0,0.0,0.0,58.53360910031024,605.9415474085333,0.0,0.0
2023,7,1,21,56.602,0.0,0.0,0.0,58.53360910031024,546.5096718771031,0.0,0.0
2023,7,1,22,56.602,0.0,0.0,0.0,58.53360910031024,487.0777963456727,0.0,0.0
2023,7,1,23,56.602,0.0,0.0,0.0,58.53360910031024,427.6459208142424,0.0,0.0
2023,7,2,0,56.602,0.0,0.0,0.0,58.53360910031024,368.2140452828121,0.0,0.0
2023,7,2,1,56.602,0.0,0.0,0.0,58.53360910031024,308.7821697513818,0.0,0.0
2023,7,2,2,56.602,0.0,0.0,0.0,58.53360910031024,249.35029421995148,0.0,0.0
2023,7,2,3,56.602,0.0,0.0,0.0,58.53360910031024,189.91841868852117,0.0,0.0
2023,7,2,4,56.602,0.0,0.0,0.0,58.53360910031024,130.48654315709086,0.0,0.0
2023,7,2,5,56.602,0.0,0.0,0.0,58.53360910031024,71.05466762566056,0.0,0.0
2023,7,2,6,56.602,10.201947632985911,10.201947632985911,0.0,48.331661467324324,21.981300500276504,0.0,0.0
2023,7,2,7,56.602,36.88453880773295,36.88453880773295,0.0,21.649070292577285,0.0,0.0,0.0
2023,7,2,8,56.602,103.78885912460349,58.53360910031024,0.0,0.0,0.0,45.255250024293254,0.0
2023,7,2,9,56.602,180.58903131671943,58.53360910031024,0.0,0.0,0.0,122.0554222164092,0.0
2023,7,2,10,56.602,226.67510723214005,58.53360910031024,0.0,0.0,-0.0,168.14149813182982,0.0
2023,7,2,11,56.602,232.1101733695815,166.59663212060005,108.0630230202898,0.0,101.10824799911006,65.51354124898145,0.0
2023,7,2,12,56.602,215.46155044857264,215.46155044857264,156.9279413482624,0.0,247.93654104853545,0.0,0.0
2023,7,2,13,56.602,248.0719472732214,248.0719472732214,189.53833817291118,0.0,425.2764744106412,0.0,0.0
2023,7,2,14,56.602,215.502612074611,215.502612074611,156.96900297430076,0.0,572.143186421083,0.0,0.0
2023,7,2,15,56.602,163.7649632662739,163.7649632662739,105.23135416596365,0.0,670.6020075508299,0.0,0.0
2023,7,2,16,56.602,118.56731162331965,118.56731162331965,60.03370252300942,0.0,726.7720304999524,0.0,0.0
2023,7,2,17,56.602,82.29869720616217,82.29869720616217,23.765088105851937,0.0,749.0076329731131,0.0,0.0
2023,7,2,18,56.602,28.507967095906945,28.507967095906945,0.0,30.02564200440329,718.5212125082674,0.0,0.0
2023,7,2,19,56.602,7.021538052560033,7.021538052560033,0.0,51.512071047750204,666.2186287118436,0.0,0.0
2023,7,2,20,56.602,0.0,0.0,0.0,58.53360910031024,606.7867531804134,0.0,0.0
2023,7,2,21,56.602,0.0,0.0,0.0,58.53360910031024,547.3548776489831,0.0,0.0
2023,7,2,22,56.602,0.0,0.0,0.0,58.53360910031024,487.9230021175528,0.0,0.0
2023,7,2,23,56.602,0.0,0.0,0.0,58.53360910031024,428.4911265861225,0.0,0.0
2023,7,3,0,56.602,0.0,0.0,0.0,58.53360910031024,369.0592510546922,0.0,0.0
2023,7,3,1,56.602,0.0,0.0,0.0,58.53360910031024,309.6273755232619,0.0,0.0
2023,7,3,2,56.602,0.0,0.0,0.0,58.53360910031024,250.19549999183155,0.0,0.0
2023,7,3,3,56.602,0.0,0.0,0.0,58.53360910031024,190.76362446040125,0.0,0.0
2023,7,3,4,56.602,0.0,0.0,0.0,58.53360910031024,131.33174892897094,0.0,0.0
2023,7,3,5,56.602,0.0,0.0,0.0,58.53360910031024,71.89987339754063,0.0,0.0
2023,7,3,6,56.602,10.272872259779485,10.272872259779485,0.0,48.260736840530754,22.898519319984956,0.0,0.0
2023,7,3,7,56.602,35.98118303488897,35.98118303488897,0.0,22.552426065421265,0.0,0.0,0.0
2023,7,3,8,56.602,99.18995700830686,58.53360910031024,0.0,0.0,0.0,40.656347907996626,0.0
2023,7,3,9,56.602,176.8598890974172,58.53360910031024,0.0,0.0,0.0,118.32627999710698,0.0
2023,7,3,10,56.602,239.01599229421527,58.53360910031024,0.0,0.0,-0.0,180.48238319390504,0.0
2023,7,3,11,56.602,276.378339114031,74.16075256306783,15.627143462757594,0.0,14.621403812231875,202.21758655096318,0.0
2023,7,3,12,56.602,289.2119636885665,289.2119636885665,230.6783545882563,0.0,230.4536434799753,0.0,0.0
2023,7,3,13,56.602,264.3398169346019,264.3398169346019,205.80620783429168,0.0,423.01447067022457,0.0,0.0
2023,7,3,14,56.602,166.40783883310672,166.40783883310672,107.8742297327965,0.0,523.9460758363014,0.0,0.0
2023,7,3,15,56.602,186.61762459416997,186.61762459416997,128.08401549385974,0.0,643.7867950880983,0.0,0.0
2023,7,3,16,56.602,146.3473680758193,146.3473680758193,87.81375897550906,0.0,725.9489914812419,0.0,0.0
2023,7,3,17,56.602,86.85653769642043,86.85653769642043,28.322928596110195,0.0,752.4490986272258,0.0,0.0
2023,7,3,18,56.602,25.764303901525437,25.764303901525437,0.0,32.7693051987848,719.1769102595465,0.0,0.0
2023,7,3,19,56.602,5.670237268388421,5.670237268388421,0.0,52.86337183192182,665.5022883939721,0.0,0.0
2023,7,3,20,56.602,0.0,0.0,0.0,58.53360910031024,606.0704128625418,0.0,0.0
2023,7,3,21,56.602,0.0,0.0,0.0,58.53360910031024,546.6385373311116,0.0,0.0
2023,7,3,22,56.602,0.0,0.0,0.0,58.53360910031024,487.20666179968134,0.0,0.0
2023,7,3,23,56.602,0.0,0.0,0.0,58.53360910031024,427.77478626825103,0.0,0.0
2023,7,4,0,56.602,0.0,0.0,0.0,58.53360910031024,368.3429107368207,0.0,0.0
2023,7,4,1,56.602,0.0,0.0,0.0,58.53360910031024,308.9110352053904,0.0,0.0
2023,7,4,2,56.602,0.0,0.0,0.0,58.53360910031024,249.4791596739601,0.0,0.0
2023,7,4,3,56.602,0.0,0.0,0.0,58.53360910031024,190.0472841425298,0.0,0.0
2023,7,4,4,56.602,0.0,0.0,0.0,58.53360910031024,130.6154086110995,0.0,0.0
2023,7,4,5,56.602,0.0,0.0,0.0,58.53360910031024,71.18353307966919,0.0,0.0
2023,7,4,6,56.602,10.134755881286772,10.134755881286772,0.0,48.398853219023465,22.041943066868793,0.0,0.0
2023,7,4,7,56.602,36.82481280622261,36.82481280622261,0.0,21.708796294087627,0.0,0.0,0.0
2023,7,4,8,56.602,109.43296626733115,58.53360910031024,0.0,0.0,0.0,50.899357167020916,0.0
2023,7,4,9,56.602,184.26964615979446,58.53360910031024,0.0,0.0,0.0,125.73603705948423,0.0
2023,7,4,10,56.602,240.78164221386487,58.53360910031024,0.0,0.0,-0.0,182.24803311355464,0.0
2023,7,4,11,56.602,280.1410772091828,58.76548448276106,0.231875382450829,0.0,0.21695222860205376,221.37559272642176,0.0
2023,7,4,12,56.602,287.5620328968432,287.5620328968432,229.028423796533,0.0,214.50544819004915,0.0,0.0
2023,7,4,13,56.602,255.9781767231535,255.9781767231535,197.44456762284324,0.0,399.24277786422647,0.0,0.0
2023,7,4,14,56.602,247.2544476275486,247.2544476275486,188.72083852723833,0.0,575.8178246388234,0.0,0.0
2023,7,4,15,56.602,169.21122802899856,169.21122802899856,110.67761892868832,0.0,679.372397052476,0.0,0.0
2023,7,4,16,56.602,124.7116240286965,124.7116240286965,66.17801492838628,0.0,741.2912936227835,0.0,0.0
2023,7,4,17,56.602,81.95527269747768,81.95527269747768,23.42166359716745,0.0,763.2055738765341,0.0,0.0
2023,7,4,18,56.602,26.152522911342682,26.152522911342682,0.0,32.38108618896756,730.3275621917047,0.0,0.0
2023,7,4,19,56.602,7.428421437849226,7.428421437849226,0.0,51.105187662461006,678.438105880191,0.0,0.0
2023,7,4,20,56.602,0.0,0.0,0.0,58.53360910031024,619.0062303487607,0.0,0.0
2023,7,4,21,56.602,0.0,0.0,0.0,58.53360910031024,559.5743548173305,0.0,0.0
2023,7,4,22,56.602,0.0,0.0,0.0,58.53360910031024,500.14247928590015,0.0,0.0
2023,7,4,23,56.602,0.0,0.0,0.0,58.53360910031024,440.71060375446984,0.0,0.0
2023,7,5,0,56.602,0.0,0.0,0.0,58.53360910031024,381.27872822303954,0.0,0.0
2023,7,5,1,56.602,0.0,0.0,0.0,58.53360910031024,321.84685269160923,0.0,0.0
2023,7,5,2,56.602,0.0,0.0,0.0,58.53360910031024,262.4149771601789,0.0,0.0
2023,7,5,3,56.602,0.0,0.0,0.0,58.53360910031024,202.9831016287486,0.0,0.0
2023,7,5,4,56.602,0.0,0.0,0.0,58.53360910031024,143.5512260973183,0.0,0.0
2023,7,5,5,56.602,0.0,0.0,0.0,58.53360910031024,84.11935056588798,0.0,0.0
2023,7,5,6,56.602,7.301503684639742,7.301503684639742,0.0,51.232105415670496,32.101028800365626,0.0,0.0
2023,7,5,7,56.602,26.917762305693987,26.917762305693987,0.0,31.615846794616246,0.0,0.0,0.0
2023,7,5,8,56.602,103.61714687026124,58.53360910031024,0.0,0.0,0.0,45.083537769951,0.0
2023,7,5,9,56.602,176.83749184685084,58.53360910031024,0.0,0.0,0.0,118.30388274654061,0.0
2023,7,5,10,56.602,227.50753837819053,58.53360910031024,0.0,0.0,-0.0,168.9739292778803,0.0
2023,7,5,11,56.602,268.849130048633,102.03314855737645,43.49953945706622,0.0,40.69997396284509,166.81598149125657,0.0
2023,7,5,12,56.602,257.0121831243013,257.0121831243013,198.47857402399106,0.0,226.40476292807233,0.0,0.0
2023,7,5,13,56.602,247.73972138982015,247.73972138982015,189.20611228950992,0.0,403.433851969227,0.0,0.0
2023,7,5,14,56.602,222.40469812415031,222.40469812415031,163.87108902384009,0.0,556.7584420632478,0.0,0.0
2023,7,5,15,56.602,161.80147096662128,161.80147096662128,103.26786186631104,0.0,653.3801383298456,0.0,0.0
2023,7,5,16,56.602,149.6584282845491,149.6584282845491,91.12481918423887,0.0,738.6403000340409,0.0,0.0
2023,7,5,17,56.602,80.36506790726469,80.36506790726469,21.83145880695445,0.0,759.06671870661,0.0,0.0
2023,7,5,18,56.602,27.585946947590983,27.585946947590983,0.0,30.947662152719253,727.6441286199956,0.0,0.0
2023,7,5,19,56.602,7.379894061622108,7.379894061622108,0.0,51.153715038688134,675.7054002231257,0.0,0.0
2023,7,5,20,56.602,0.0,0.0,0.0,58.53360910031024,616.2735246916955,0.0,0.0
2023,7,5,21,56.602,0.0,0.0,0.0,58.53360910031024,556.8416491602652,0.0,0.0
2023,7,5,22,56.602,0.0,0.0,0.0,58.53360910031024,497.40977362883484,0.0,0.0
2023,7,5,23,56.602,0.0,0.0,0.0,58.53360910031024,437.97789809740453,0.0,0.0
2023,7,6,0,56.602,0.0,0.0,0.0,58.53360910031024,378.5460225659742,0.0,0.0
2023,7,6,1,56.602,0.0,0.0,0.0,58.53360910031024,319.1141470345439,0.0,0.0
2023,7,6,2,56.602,0.0,0.0,0.0,58.53360910031024,259.6822715031136,0.0,0.0
2023,7,6,3,56.602,0.0,0.0,0.0,58.53360910031024,200.2503959716833,0.0,0.0
2023,7,6,4,56.602,0.0,0.0,0.0,58.53360910031024,140.818520440253,0.0,0.0
2023,7,6,5,56.602,0.0,0.0,0.0,58.53360910031024,81.38664490882267,0.0,0.0
2023,7,6,6,56.602,7.876366449176858,7.876366449176858,0.0,50.65724265113337,29.952007846751194,0.0,0.0
2023,7,6,7,56.602,29.034302484216873,29.034302484216873,0.0,29.499306616093364,0.0,0.0,0.0
2023,7,6,8,56.602,101.05266168041076,58.53360910031024,0.0,0.0,0.0,42.51905258010053,0.0
2023,7,6,9,56.602,176.14317707929308,58.53360910031024,0.0,0.0,0.0,117.60956797898285,0.0
2023,7,6,10,56.602,236.2312674737954,58.53360910031024,0.0,0.0,0.0,177.69765837348518,0.0
2023,7,6,11,56.602,274.9337164524995,58.53360910031024,0.0,0.0,-0.0,216.40010735218925,0.0
2023,7,6,12,56.602,289.122374686301,145.113649451797,86.58004035148676,0.0,81.00787806007838,144.008725234504,0.0
2023,7,6,13,56.602,262.5293725138195,262.5293725138195,203.99576341350928,0.0,271.87477833278524,0.0,0.0
2023,7,6,14,56.602,258.2664291560186,258.2664291560186,199.73282005570837,0.0,458.7530919254233,0.0,0.0
2023,7,6,15,56.602,223.42750590001498,223.42750590001498,164.89389679970472,0.0,613.034663412035,0.0,0.0
2023,7,6,16,56.602,169.41280328409596,169.41280328409596,110.87919418378573,0.0,716.7778379979501,0.0,0.0
2023,7,6,17,56.602,101.70591482193016,101.70591482193016,43.17230572161993,0.0,757.1716385006009,0.0,0.0
2023,7,6,18,56.602,29.112692861199164,29.112692861199164,0.0,29.420916239111072,727.299224022502,0.0,0.0
2023,7,6,19,56.602,7.947291075970393,7.947291075970393,0.0,50.586318024339846,675.9366000082589,0.0,0.0
2023,7,6,20,56.602,0.0,0.0,0.0,58.53360910031024,616.5047244768286,0.0,0.0
2023,7,6,21,56.602,0.0,0.0,0.0,58.53360910031024,557.0728489453983,0.0,0.0
2023,7,6,22,56.602,0.0,0.0,0.0,58.53360910031024,497.64097341396797,0.0,0.0
2023,7,6,23,56.602,0.0,0.0,0.0,58.53360910031024,438.20909788253766,0.0,0.0
2023,7,7,0,56.602,0.0,0.0,0.0,58.53360910031024,378.77722235110735,0.0,0.0
2023,7,7,1,56.602,0.0,0.0,0.0,58.53360910031024,319.34534681967705,0.0,0.0
2023,7,7,2,56.602,0.0,0.0,0.0,58.53360910031024,259.91347128824674,0.0,0.0
2023,7,7,3,56.602,0.0,0.0,0.0,58.53360910031024,200.48159575681643,0.0,0.0
2023,7,7,4,56.602,0.0,0.0,0.0,58.53360910031024,141.04972022538612,0.0,0.0
2023,7,7,5,56.602,0.0,0.0,0.0,58.53360910031024,81.61784469395583,0.0,0.0
2023,7,7,6,56.602,7.98461982691436,7.98461982691436,0.0,50.548989273395875,30.293122283832886,0.0,0.0
2023,7,7,7,56.602,28.69834372572114,28.69834372572114,0.0,29.835265374589095,0.0,0.0,0.0
2023,7,7,8,56.602,105.00950928047118,58.53360910031024,0.0,0.0,0.0,46.47590018016094,0.0
2023,7,7,9,56.602,181.0705722038966,58.53360910031024,0.0,0.0,0.0,122.53696310358637,0.0
2023,7,7,10,56.602,237.6198970089109,58.53360910031024,0.0,0.0,0.0,179.08628790860067,0.0
2023,7,7,11,56.602,277.8117631502793,58.53360910031024,0.0,0.0,-0.0,219.2781540499691,0.0
2023,7,7,12,56.602,296.19244011508823,90.48199352476621,31.948384424455977,0.0,29.892234043390516,205.71044659032202,0.0
2023,7,7,13,56.602,295.03898171091964,295.03898171091964,236.5053726106094,0.0,251.17647354264656,0.0,0.0
2023,7,7,14,56.602,275.33686696269433,275.33686696269433,216.8032578623841,0.0,454.0265970196582,0.0,0.0
2023,7,7,15,56.602,232.27441987373498,232.27441987373498,173.74081077342476,0.0,616.5857082888996,0.0,0.0
2023,7,7,16,56.602,170.29002893127918,170.29002893127918,111.75641983096895,0.0,721.1496515874384,0.0,0.0
2023,7,7,17,56.602,101.3475588128681,101.3475588128681,42.813949712557864,0.0,761.2081593394004,0.0,0.0
2023,7,7,18,56.602,26.163721536625875,26.163721536625875,0.0,32.36988756368436,728.3415181358071,0.0,0.0
2023,7,7,19,56.602,7.480681689170816,7.480681689170816,0.0,51.052927411139414,676.5051240700616,0.0,0.0
2023,7,7,20,56.602,0.0,0.0,0.0,58.53360910031024,617.0732485386313,0.0,0.0
2023,7,7,21,56.602,0.0,0.0,0.0,58.53360910031024,557.6413730072011,0.0,0.0
2023,7,7,22,56.602,0.0,0.0,0.0,58.53360910031024,498.2094974757707,0.0,0.0
2023,7,7,23,56.602,0.0,0.0,0.0,58.53360910031024,438.7776219443404,0.0,0.0
2023,7,8,0,56.602,0.0,0.0,0.0,58.53360910031024,379.3457464129101,0.0,0.0
2023,7,8,1,56.602,0.0,0.0,0.0,58.53360910031024,319.9138708814798,0.0,0.0
2023,7,8,2,56.602,0.0,0.0,0.0,58.53360910031024,260.4819953500495,0.0,0.0
2023,7,8,3,56.602,0.0,0.0,0.0,58.53360910031024,201.05011981861918,0.0,0.0
2023,7,8,4,56.602,0.0,0.0,0.0,58.53360910031024,141.61824428718887,0.0,0.0
2023,7,8,5,56.602,0.0,0.0,0.0,58.53360910031024,82.18636875575855,0.0,0.0
2023,7,8,6,56.602,7.764380196344959,7.764380196344959,0.0,50.76922890396527,30.638026881326525,0.0,0.0
2023,7,8,7,56.602,28.358652092131084,28.358652092131084,0.0,30.174957008179152,0.0,0.0,0.0
2023,7,8,8,56.602,97.90958085092882,58.53360910031024,0.0,0.0,0.0,39.37597175061858,0.0
2023,7,8,9,56.602,165.86657194441915,58.53360910031024,0.0,0.0,0.0,107.33296284410892,0.0
2023,7,8,10,56.602,208.3354918933695,58.53360910031024,0.0,0.0,0.0,149.80188279305926,0.0
2023,7,8,11,56.602,246.11965359885204,58.53360910031024,0.0,0.0,-0.0,187.5860444985418,0.0
2023,7,8,12,56.602,277.30035926234694,82.67208156926668,24.13847246895645,0.0,22.58495637543561,194.62827769308026,0.0
2023,7,8,13,56.602,290.85816160519545,290.85816160519545,232.32455250488522,0.0,239.95744711665571,0.0,0.0
2023,7,8,14,56.602,273.58614854342227,273.58614854342227,215.052539443112,0.0,441.16952580123973,0.0,0.0
2023,7,8,15,56.602,235.05541181906048,235.05541181906048,176.52180271875025,0.0,606.330648521139,0.0,0.0
2023,7,8,16,56.602,177.15478622987456,177.15478622987456,118.62117712956433,0.0,717.31754357506,0.0,0.0
2023,7,8,17,56.602,103.00868822987458,103.00868822987458,44.47507912956434,0.0,758.9302729317773,0.0,0.0
2023,7,8,18,56.602,28.918583356290576,28.918583356290576,0.0,29.61502574401966,728.8607701122535,0.0,0.0
2023,7,8,19,56.602,7.529209065397973,7.529209065397973,0.0,51.004400034912265,677.0736481318643,0.0,0.0
2023,7,8,20,56.602,0.0,0.0,0.0,58.53360910031024,617.641772600434,0.0,0.0
2023,7,8,21,56.602,0.0,0.0,0.0,58.53360910031024,558.2098970690038,0.0,0.0
2023,7,8,22,56.602,0.0,0.0,0.0,58.53360910031024,498.77802153757347,0.0,0.0
2023,7,8,23,56.602,0.0,0.0,0.0,58.53360910031024,439.34614600614316,0.0,0.0
2023,7,9,0,56.602,0.0,0.0,0.0,58.53360910031024,379.91427047471285,0.0,0.0
2023,7,9,1,56.602,0.0,0.0,0.0,58.53360910031024,320.48239494328254,0.0,0.0
2023,7,9,2,56.602,0.0,0.0,0.0,58.53360910031024,261.05051941185224,0.0,0.0
2023,7,9,3,56.602,0.0,0.0,0.0,58.53360910031024,201.61864388042193,0.0,0.0
2023,7,9,4,56.602,0.0,0.0,0.0,58.53360910031024,142.18676834899162,0.0,0.0
2023,7,9,5,56.602,0.0,0.0,0.0,58.53360910031024,82.75489281756131,0.0,0.0
2023,7,9,6,56.602,7.574003566530732,7.574003566530732,0.0,50.9596055337795,31.013252762116345,0.0,0.0
2023,7,9,7,56.602,27.98909745778582,27.98909745778582,0.0,30.544511642524416,0.0,0.0,0.0
2023,7,9,8,56.602,103.24385936082157,58.53360910031024,0.0,0.0,0.0,44.71025026051134,0.0
2023,7,9,9,56.602,178.65166914272757,58.53360910031024,0.0,0.0,0.0,120.11806004241734,0.0
2023,7,9,10,56.602,236.97037674248594,58.53360910031024,0.0,0.0,0.0,178.4367676421757,0.0
2023,7,9,11,56.602,275.8408051004379,58.53360910031024,0.0,0.0,-0.0,217.30719600012765,0.0
2023,7,9,12,56.602,294.71048870261274,78.79170220920298,20.258093108892744,0.0,18.954312444677868,215.91878649340975,0.0
2023,7,9,13,56.602,293.97884518411104,293.97884518411104,235.4452360838008,0.0,239.24664422314626,0.0,0.0
2023,7,9,14,56.602,270.34601296148605,270.34601296148605,211.81240386117582,0.0,437.4271176202525,0.0,0.0
2023,7,9,15,56.602,236.16034284700183,236.16034284700183,177.62673374669157,0.0,603.6220596547754,0.0,0.0
2023,7,9,16,56.602,178.73005951970993,178.73005951970993,120.1964504193997,0.0,716.0828457585992,0.0,0.0
2023,7,9,17,56.602,104.11361925781598,104.11361925781598,45.58001015750575,0.0,758.7293944299404,0.0,0.0
2023,7,9,18,56.602,29.12389148648235,29.12389148648235,0.0,29.409717613827887,728.8683504330776,0.0,0.0
2023,7,9,19,56.602,7.570270691436335,7.570270691436335,0.0,50.9633384088739,677.1229202172206,0.0,0.0
2023,7,9,20,56.602,0.0,0.0,0.0,58.53360910031024,617.6910446857903,0.0,0.0
2023,7,9,21,56.602,0.0,0.0,0.0,58.53360910031024,558.25916915436,0.0,0.0
2023,7,9,22,56.602,0.0,0.0,0.0,58.53360910031024,498.82729362292974,0.0,0.0
2023,7,9,23,56.602,0.0,0.0,0.0,58.53360910031024,439.39541809149944,0.0,0.0
2023,7,10,0,56.602,0.0,0.0,0.0,58.53360910031024,379.96354256006913,0.0,0.0
2023,7,10,1,56.602,0.0,0.0,0.0,58.53360910031024,320.5316670286388,0.0,0.0
2023,7,10,2,56.602,0.0,0.0,0.0,58.53360910031024,261.0997914972085,0.0,0.0
2023,7,10,3,56.602,0.0,0.0,0.0,58.53360910031024,201.6679159657782,0.0,0.0
2023,7,10,4,56.602,0.0,0.0,0.0,58.53360910031024,142.2360404343479,0.0,0.0
2023,7,10,5,56.602,0.0,0.0,0.0,58.53360910031024,82.80416490291759,0.0,0.0
2023,7,10,6,56.602,7.488147439359572,7.488147439359572,0.0,51.045461660950664,30.975351157996165,0.0,0.0
2023,7,10,7,56.602,28.026426208729784,28.026426208729784,0.0,30.507182891580452,0.0,0.0,0.0
2023,7,10,8,56.602,105.44625566651558,58.53360910031024,0.0,0.0,0.0,46.912646566205346,0.0
2023,7,10,9,56.602,181.78728422202076,58.53360910031024,0.0,0.0,0.0,123.25367512171053,0.0
2023,7,10,10,56.602,240.87869696631915,58.53360910031024,0.0,0.0,0.0,182.34508786600892,0.0
2023,7,10,11,56.602,280.9585768548556,58.53360910031024,0.0,0.0,0.0,222.42496775454538,0.0
2023,7,10,12,56.602,301.95973213593095,58.53360910031024,0.0,0.0,-0.0,243.42612303562072,0.0
2023,7,10,13,56.602,301.68723225404005,300.7919526309789,242.25834353066867,0.0,226.66695778956156,0.8952796230611284,0.0
2023,7,10,14,56.602,278.1813177846245,278.1813177846245,219.6477086843143,0.0,432.1784674751655,0.0,0.0
2023,7,10,15,56.602,240.0388000700799,240.0388000700799,181.50519096976964,0.0,602.0022550093307,0.0,0.0
2023,7,10,16,56.602,180.424784812566,180.424784812566,121.89117571225577,0.0,716.048696413287,0.0,0.0
2023,7,10,17,56.602,104.63622177103152,104.63622177103152,46.10261267072128,0.0,759.1842136793825,0.0,0.0
2023,7,10,18,56.602,29.19481611327589,29.19481611327589,0.0,29.338792987034342,729.3951827303481,0.0,0.0
2023,7,10,19,56.602,7.491880314454007,7.491880314454007,0.0,51.041728785856236,677.5701591458387,0.0,0.0
2023,7,10,20,56.602,0.0,0.0,0.0,58.53360910031024,618.1382836144085,0.0,0.0
2023,7,10,21,56.602,0.0,0.0,0.0,58.53360910031024,558.7064080829782,0.0,0.0
2023,7,10,22,56.602,0.0,0.0,0.0,58.53360910031024,499.2745325515479,0.0,0.0
2023,7,10,23,56.602,0.0,0.0,0.0,58.53360910031024,439.8426570201176,0.0,0.0
2023,7,11,0,56.602,0.0,0.0,0.0,58.53360910031024,380.4107814886873,0.0,0.0
2023,7,11,1,56.602,0.0,0.0,0.0,58.53360910031024,320.978905957257,0.0,0.0
2023,7,11,2,56.602,0.0,0.0,0.0,58.53360910031024,261.5470304258267,0.0,0.0
2023,7,11,3,56.602,0.0,0.0,0.0,58.53360910031024,202.11515489439637,0.0,0.0
2023,7,11,4,56.602,0.0,0.0,0.0,58.53360910031024,142.68327936296606,0.0,0.0
2023,7,11,5,56.602,0.0,0.0,0.0,58.53360910031024,83.25140383153577,0.0,0.0
2023,7,11,6,56.602,7.361229686150088,7.361229686150088,0.0,51.17237941416015,31.29372463260571,0.0,0.0
2023,7,11,7,56.602,27.71286470080047,27.71286470080047,0.0,30.820744399509767,0.0,0.0,0.0
2023,7,11,8,56.602,103.7589961238483,58.53360910031024,0.0,0.0,0.0,45.22538702353807,0.0
2023,7,11,9,56.602,178.1962583812112,58.53360910031024,0.0,0.0,0.0,119.66264928090098,0.0
2023,7,11,10,56.602,236.01102784322597,58.53360910031024,0.0,0.0,0.0,177.47741874291575,0.0
2023,7,11,11,56.602,274.2394016849417,58.53360910031024,0.0,0.0,-0.0,215.70579258463147,0.0
2023,7,11,12,56.602,292.19826376408383,97.71021700272388,39.17660790241364,0.0,36.655259836821386,194.48804676135995,0.0
2023,7,11,13,56.602,290.54460009726614,290.54460009726614,232.01099099695588,0.0,253.73436942118877,0.0,0.0
2023,7,11,14,56.602,269.3679996867541,269.3679996867541,210.83439058644385,0.0,450.9997730195401,0.0,0.0
2023,7,11,15,56.602,229.07907879293148,229.07907879293148,170.54546969262125,0.0,610.5691905951397,0.0,0.0
2023,7,11,16,56.602,173.78026714454003,173.78026714454003,115.2466580442298,0.0,718.3987455800745,0.0,0.0
2023,7,11,17,56.602,101.45207931551117,101.45207931551117,42.918470215200934,0.0,758.5550470509875,0.0,0.0
2023,7,11,18,56.602,30.82981540462164,30.82981540462164,0.0,27.703793695688592,730.4261063624172,0.0,0.0
2023,7,11,19,56.602,7.047668178220772,7.047668178220772,0.0,51.48594092208946,678.1500536888775,0.0,0.0
2023,7,11,20,56.602,0.0,0.0,0.0,58.53360910031024,618.7181781574473,0.0,0.0
2023,7,11,21,56.602,0.0,0.0,0.0,58.53360910031024,559.286302626017,0.0,0.0
2023,7,11,22,56.602,0.0,0.0,0.0,58.53360910031024,499.8544270945867,0.0,0.0
2023,7,11,23,56.602,0.0,0.0,0.0,58.53360910031024,440.4225515631564,0.0,0.0
2023,7,12,0,56.602,0.0,0.0,0.0,58.53360910031024,380.9906760317261,0.0,0.0
2023,7,12,1,56.602,0.0,0.0,0.0,58.53360910031024,321.5588005002958,0.0,0.0
2023,7,12,2,56.602,0.0,0.0,0.0,58.53360910031024,262.12692496886547,0.0,0.0
2023,7,12,3,56.602,0.0,0.0,0.0,58.53360910031024,202.69504943743516,0.0,0.0
2023,7,12,4,56.602,0.0,0.0,0.0,58.53360910031024,143.26317390600485,0.0,0.0
2023,7,12,5,56.602,0.0,0.0,0.0,58.53360910031024,83.83129837457454,0.0,0.0
2023,7,12,6,56.602,7.155921555958311,7.155921555958311,0.0,51.37768754435192,31.665160352983513,0.0,0.0
2023,7,12,7,56.602,27.347042941549603,27.347042941549603,0.0,31.186566158760634,0.0,0.0,0.0
2023,7,12,8,56.602,102.96762660383622,58.53360910031024,0.0,0.0,0.0,44.434017503525986,0.0
2023,7,12,9,56.602,178.7375252698987,58.53360910031024,0.0,0.0,0.0,120.20391616958847,0.0
2023,7,12,10,56.602,236.0072949681316,58.53360910031024,0.0,0.0,0.0,177.47368586782136,0.0
2023,7,12,11,56.602,274.52310019211586,58.53360910031024,0.0,0.0,-0.0,215.98949109180563,0.0
2023,7,12,12,56.602,294.3521326935507,77.45214286666008,18.91853376634985,0.0,17.700965143909485,216.8999898268906,0.0
2023,7,12,13,56.602,294.4155915701554,294.4155915701554,235.88198246984518,0.0,238.40193496227982,0.0,0.0
2023,7,12,14,56.602,275.0083739543874,275.0083739543874,216.4747648540772,0.0,440.9447067511601,0.0,0.0
2023,7,12,15,56.602,235.9998292179428,235.9998292179428,177.46622011763256,0.0,606.9894655744371,0.0,0.0
2023,7,12,16,56.602,177.68858736837328,177.68858736837328,119.15497826806305,0.0,718.4758071215716,0.0,0.0
2023,7,12,17,56.602,103.51262636761813,103.51262636761813,44.97901726730789,0.0,760.5600419089451,0.0,0.0
2023,7,12,18,56.602,29.00817235855606,29.00817235855606,0.0,29.525436741754177,730.5815029393098,0.0,0.0
2023,7,12,19,56.602,7.238044808035037,7.238044808035037,0.0,51.295564292275195,678.4987484467831,0.0,0.0
2023,7,12,20,56.602,0.0,0.0,0.0,58.53360910031024,619.0668729153529,0.0,0.0
2023,7,12,21,56.602,0.0,0.0,0.0,58.53360910031024,559.6349973839226,0.0,0.0
2023,7,12,22,56.602,0.0,0.0,0.0,58.53360910031024,500.20312185249236,0.0,0.0
2023,7,12,23,56.602,0.0,0.0,0.0,58.53360910031024,440.77124632106205,0.0,0.0
2023,7,13,0,56.602,0.0,0.0,0.0,58.53360910031024,381.33937078963174,0.0,0.0
2023,7,13,1,56.602,0.0,0.0,0.0,58.53360910031024,321.90749525820144,0.0,0.0
2023,7,13,2,56.602,0.0,0.0,0.0,58.53360910031024,262.47561972677113,0.0,0.0
2023,7,13,3,56.602,0.0,0.0,0.0,58.53360910031024,203.04374419534085,0.0,0.0
2023,7,13,4,56.602,0.0,0.0,0.0,58.53360910031024,143.61186866391054,0.0,0.0
2023,7,13,5,56.602,0.0,0.0,0.0,58.53360910031024,84.17999313248023,0.0,0.0
2023,7,13,6,56.602,6.954346300860895,6.954346300860895,0.0,51.57926279944934,31.80918644864021,0.0,0.0
2023,7,13,7,56.602,27.20519368796253,27.20519368796253,0.0,31.328415412347706,0.0,0.0,0.0
2023,7,13,8,56.602,103.82618787554745,58.53360910031024,0.0,0.0,0.0,45.29257877523721,0.0
2023,7,13,9,56.602,180.91379144993192,58.53360910031024,0.0,0.0,0.0,122.38018234962169,0.0
2023,7,13,10,56.602,240.46434783084115,58.53360910031024,0.0,0.0,0.0,181.93073873053092,0.0
2023,7,13,11,56.602,279.82751570125345,58.53360910031024,0.0,0.0,0.0,221.29390660094322,0.0
2023,7,13,12,56.602,299.4885688234404,58.53360910031024,0.0,0.0,0.0,240.95495972313017,0.0
2023,7,13,13,56.602,299.3728496955141,298.0780855980261,239.54447649771586,0.0,224.12775119201078,1.2947640974879846,0.0
2023,7,13,14,56.602,279.8685773272918,279.8685773272918,221.33496822698157,0.0,431.2179309121078,0.0,0.0
2023,7,13,15,56.602,240.3038342017821,240.3038342017821,181.77022510147188,0.0,601.28969537647,0.0,0.0
2023,7,13,16,56.602,181.4251953378643,181.4251953378643,122.89158623755407,0.0,716.2721623760991,0.0,0.0
2023,7,13,17,56.602,105.63289942123542,105.63289942123542,47.099290320925185,0.0,760.340212605048,0.0,0.0
2023,7,13,18,56.602,29.482247495544463,29.482247495544463,0.0,29.051361604765773,730.843024007739,0.0,0.0
2023,7,13,19,56.602,7.271640683884606,7.271640683884606,0.0,51.26196841642563,678.7943809589206,0.0,0.0
2023,7,13,20,56.602,0.0,0.0,0.0,58.53360910031024,619.3625054274903,0.0,0.0
2023,7,13,21,56.602,0.0,0.0,0.0,58.53360910031024,559.93062989606,0.0,0.0
2023,7,13,22,56.602,0.0,0.0,0.0,58.53360910031024,500.4987543646298,0.0,0.0
2023,7,13,23,56.602,0.0,0.0,0.0,58.53360910031024,441.0668788331995,0.0,0.0
2023,7,14,0,56.602,0.0,0.0,0.0,58.53360910031024,381.6350033017692,0.0,0.0
2023,7,14,1,56.602,0.0,0.0,0.0,58.53360910031024,322.2031277703389,0.0,0.0
2023,7,14,2,56.602,0.0,0.0,0.0,58.53360910031024,262.7712522389086,0.0,0.0
2023,7,14,3,56.602,0.0,0.0,0.0,58.53360910031024,203.3393767074783,0.0,0.0
2023,7,14,4,56.602,0.0,0.0,0.0,58.53360910031024,143.907501176048,0.0,0.0
2023,7,14,5,56.602,0.0,0.0,0.0,58.53360910031024,84.47562564461768,0.0,0.0
2023,7,14,6,56.602,6.812497047273822,6.812497047273822,0.0,51.72111205303642,31.960792865120947,0.0,0.0
2023,7,14,7,56.602,27.055878684186666,27.055878684186666,0.0,31.47773041612357,0.0,0.0,0.0
2023,7,14,8,56.602,103.53129074309011,58.53360910031024,0.0,0.0,0.0,44.997681642779874,0.0
2023,7,14,9,56.602,178.62180614197243,58.53360910031024,0.0,0.0,0.0,120.0881970416622,0.0
2023,7,14,10,56.602,235.86171283945012,58.53360910031024,0.0,0.0,0.0,177.3281037391399,0.0
2023,7,14,11,56.602,274.5828261936262,58.53360910031024,0.0,0.0,-0.0,216.04921709331597,0.0
2023,7,14,12,56.602,294.8299407056335,64.04756866631928,5.513959566009034,0.0,5.159089350595252,230.7823720393142,0.0
2023,7,14,13,56.602,297.12939176378177,297.12939176378177,238.5957826634715,0.0,228.39920322886925,0.0,0.0
2023,7,14,14,56.602,278.53594091859225,278.53594091859225,220.00233181828202,0.0,434.24251303234234,0.0,0.0
2023,7,14,15,56.602,239.10931417157516,239.10931417157516,180.57570507126493,0.0,603.1966349944086,0.0,0.0
2023,7,14,16,56.602,180.33146293520605,180.33146293520605,121.79785383489582,0.0,717.1557605778729,0.0,0.0
2023,7,14,17,56.602,105.21108453556859,105.21108453556859,46.67747543525835,0.0,760.8291432981985,0.0,0.0
2023,7,14,18,56.602,29.433720119317275,29.433720119317275,0.0,29.09988898099296,731.2826826155332,0.0,0.0
2023,7,14,19,56.602,7.122325680108742,7.122325680108742,0.0,51.4112834202015,679.082433150234,0.0,0.0
2023,7,14,20,56.602,0.0,0.0,0.0,58.53360910031024,619.6505576188038,0.0,0.0
2023,7,14,21,56.602,0.0,0.0,0.0,58.53360910031024,560.2186820873735,0.0,0.0
2023,7,14,22,56.602,0.0,0.0,0.0,58.53360910031024,500.78680655594326,0.0,0.0
2023,7,14,23,56.602,0.0,0.0,0.0,58.53360910031024,441.35493102451295,0.0,0.0
2023,7,15,0,56.602,0.0,0.0,0.0,58.53360910031024,381.92305549308264,0.0,0.0
2023,7,15,1,56.602,0.0,0.0,0.0,58.53360910031024,322.49117996165234,0.0,0.0
2023,7,15,2,56.602,0.0,0.0,0.0,58.53360910031024,263.059304430222,0.0,0.0
2023,7,15,3,56.602,0.0,0.0,0.0,58.53360910031024,203.6274288987917,0.0,0.0
2023,7,15,4,56.602,0.0,0.0,0.0,58.53360910031024,144.19555336736138,0.0,0.0
2023,7,15,5,56.602,0.0,0.0,0.0,58.53360910031024,84.76367783593108,0.0,0.0
2023,7,15,6,56.602,6.745305295574683,6.745305295574683,0.0,51.78830380473555,32.180622169018015,0.0,0.0
2023,7,15,7,56.602,26.839371928711664,26.839371928711664,0.0,31.694237171598573,0.0,0.0,0.0
2023,7,15,8,56.602,103.0982772321401,58.53360910031024,0.0,0.0,0.0,44.56466813182987,0.0
2023,7,15,9,56.602,178.37916926083665,58.53360910031024,0.0,0.0,0.0,119.84556016052642,0.0
2023,7,15,10,56.602,236.41417835342085,58.53360910031024,0.0,0.0,0.0,177.88056925311062,0.0
2023,7,15,11,56.602,274.2468674351305,58.53360910031024,0.0,0.0,-0.0,215.7132583348203,0.0
2023,7,15,12,56.602,292.1161405120071,81.05384274531426,22.520233645004023,0.0,21.070864989122555,211.06229776669286,0.0
2023,7,15,13,56.602,292.01535288445837,292.01535288445837,233.48174378414814,0.0,239.52607190444186,0.0,0.0
2023,7,15,14,56.602,273.7839909234254,273.7839909234254,215.25038182311513,0.0,440.92326012846877,0.0,0.0
2023,7,15,15,56.602,235.62280883340875,235.62280883340875,177.0891997330985,0.0,606.6152630369586,0.0,0.0
2023,7,15,16,56.602,178.14773100498405,178.14773100498405,119.61412190467381,0.0,718.5311984209131,0.0,0.0
2023,7,15,17,56.602,103.87471525177457,103.87471525177457,45.341106151464345,0.0,760.9542185917951,0.0,0.0
2023,7,15,18,56.602,29.21348048874791,29.21348048874791,0.0,29.320128611562325,731.1841384448207,0.0,0.0
2023,7,15,19,56.602,7.014072302371202,7.014072302371202,0.0,51.51953679793903,678.873974327573,0.0,0.0
2023,7,15,20,56.602,0.0,0.0,0.0,58.53360910031024,619.4420987961428,0.0,0.0
2023,7,15,21,56.602,0.0,0.0,0.0,58.53360910031024,560.0102232647125,0.0,0.0
2023,7,15,22,56.602,0.0,0.0,0.0,58.53360910031024,500.5783477332822,0.0,0.0
2023,7,15,23,56.602,0.0,0.0,0.0,58.53360910031024,441.1464722018519,0.0,0.0
2023,7,16,0,56.602,0.0,0.0,0.0,58.53360910031024,381.7145966704216,0.0,0.0
2023,7,16,1,56.602,0.0,0.0,0.0,58.53360910031024,322.2827211389913,0.0,0.0
2023,7,16,2,56.602,0.0,0.0,0.0,58.53360910031024,262.850845607561,0.0,0.0
2023,7,16,3,56.602,0.0,0.0,0.0,58.53360910031024,203.41897007613068,0.0,0.0
2023,7,16,4,56.602,0.0,0.0,0.0,58.53360910031024,143.98709454470037,0.0,0.0
2023,7,16,5,56.602,0.0,0.0,0.0,58.53360910031024,84.55521901327006,0.0,0.0
2023,7,16,6,56.602,6.7266409201027,6.7266409201027,0.0,51.806968180207534,31.95321254429691,0.0,0.0
2023,7,16,7,56.602,27.06334443437546,27.06334443437546,0.0,31.470264665934778,0.0,0.0,0.0
2023,7,16,8,56.602,104.71087927291944,58.53360910031024,0.0,0.0,0.0,46.177270172609205,0.0
2023,7,16,9,56.602,180.48451081407634,58.53360910031024,0.0,0.0,0.0,121.95090171376611,0.0
2023,7,16,10,56.602,237.87373251532992,58.53360910031024,0.0,0.0,0.0,179.3401234150197,0.0
2023,7,16,11,56.602,274.47830569098306,58.53360910031024,0.0,0.0,-0.0,215.94469659067283,0.0
2023,7,16,12,56.602,290.9178876067058,96.98778920949596,38.45418010918572,0.0,35.979326419102506,193.93009839720983,0.0
2023,7,16,13,56.602,290.04812770971137,290.04812770971137,231.51451860940114,0.0,252.59391583845314,0.0,0.0
2023,7,16,14,56.602,270.1743007071438,270.1743007071438,211.64069160683357,0.0,450.6137281258543,0.0,0.0
2023,7,16,15,56.602,231.9048652393897,231.9048652393897,173.37125613907946,0.0,612.8270687459478,0.0,0.0
2023,7,16,16,56.602,174.80307492040467,174.80307492040467,116.26946582009442,0.0,721.6136051234736,0.0,0.0
2023,7,16,17,56.602,102.31810633741122,102.31810633741122,43.784497237100986,0.0,762.580197408551,0.0,0.0
2023,7,16,18,56.602,28.877521730252212,28.877521730252212,0.0,29.656087370058025,732.4690028244951,0.0,0.0
2023,7,16,19,56.602,6.801298421990633,6.801298421990633,0.0,51.7323106783196,679.9427995637623,0.0,0.0
2023,7,16,20,56.602,0.0,0.0,0.0,58.53360910031024,620.510924032332,0.0,0.0
2023,7,16,21,56.602,0.0,0.0,0.0,58.53360910031024,561.0790485009018,0.0,0.0
2023,7,16,22,56.602,0.0,0.0,0.0,58.53360910031024,501.6471729694714,0.0,0.0
2023,7,16,23,56.602,0.0,0.0,0.0,58.53360910031024,442.2152974380411,0.0,0.0
2023,7,17,0,56.602,0.0,0.0,0.0,58.53360910031024,382.7834219066108,0.0,0.0
2023,7,17,1,56.602,0.0,0.0,0.0,58.53360910031024,323.3515463751805,0.0,0.0
2023,7,17,2,56.602,0.0,0.0,0.0,58.53360910031024,263.91967084375017,0.0,0.0
2023,7,17,3,56.602,0.0,0.0,0.0,58.53360910031024,204.48779531231986,0.0,0.0
2023,7,17,4,56.602,0.0,0.0,0.0,58.53360910031024,145.05591978088955,0.0,0.0
2023,7,17,5,56.602,0.0,0.0,0.0,58.53360910031024,85.62404424945925,0.0,0.0
2023,7,17,6,56.602,6.413079412173385,6.413079412173385,0.0,52.120529688136855,32.70366430587655,0.0,0.0
2023,7,17,7,56.602,26.32423516568493,26.32423516568493,0.0,32.209373934625305,0.0,0.0,0.0
2023,7,17,8,56.602,102.1351954577858,58.53360910031024,0.0,0.0,0.0,43.60158635747556,0.0
2023,7,17,9,56.602,175.7549580694758,58.53360910031024,0.0,0.0,0.0,117.22134896916558,0.0
2023,7,17,10,56.602,232.11763911977033,58.53360910031024,0.0,0.0,0.0,173.5840300194601,0.0
2023,7,17,11,56.602,268.2742672840959,58.53360910031024,0.0,0.0,-0.0,209.74065818378568,0.0
2023,7,17,12,56.602,286.68480724966,101.89141991549793,43.357810815187705,0.0,40.56736676501629,184.7933873341621,0.0
2023,7,17,13,56.602,287.88306015496136,287.88306015496136,229.34945105465113,0.0,255.15622914895548,0.0,0.0
2023,7,17,14,56.602,269.00964367769205,269.00964367769205,210.47603457738182,0.0,452.08633999661805,0.0,0.0
2023,7,17,15,56.602,231.08736559371684,231.08736559371684,172.5537564934066,0.0,613.5347940292028,0.0,0.0
2023,7,17,16,56.602,174.94119129889734,174.94119129889734,116.40758219858711,0.0,722.4505578210565,0.0,0.0
2023,7,17,17,56.602,102.26211321099524,102.26211321099524,43.728504110685,0.0,763.3647606138388,0.0,0.0
2023,7,17,18,56.602,28.68341222534359,28.68341222534359,0.0,29.85019687496664,733.0564776883579,0.0,0.0
2023,7,17,19,56.602,6.6333190427427855,6.6333190427427855,0.0,51.90029005756745,680.3597172090842,0.0,0.0
2023,7,17,20,56.602,0.0,0.0,0.0,58.53360910031024,620.927841677654,0.0,0.0
2023,7,17,21,56.602,0.0,0.0,0.0,58.53360910031024,561.4959661462237,0.0,0.0
2023,7,17,22,56.602,0.0,0.0,0.0,58.53360910031024,502.06409061479343,0.0,0.0
2023,7,17,23,56.602,0.0,0.0,0.0,58.53360910031024,442.6322150833631,0.0,0.0
2023,7,18,0,56.602,0.0,0.0,0.0,58.53360910031024,383.2003395519328,0.0,0.0
2023,7,18,1,56.602,0.0,0.0,0.0,58.53360910031024,323.7684640205025,0.0,0.0
2023,7,18,2,56.602,0.0,0.0,0.0,58.53360910031024,264.3365884890722,0.0,0.0
2023,7,18,3,56.602,0.0,0.0,0.0,58.53360910031024,204.9047129576419,0.0,0.0
2023,7,18,4,56.602,0.0,0.0,0.0,58.53360910031024,145.47283742621158,0.0,0.0
2023,7,18,5,56.602,0.0,0.0,0.0,58.53360910031024,86.04096189478128,0.0,0.0
2023,7,18,6,56.602,6.211504157075967,6.211504157075967,0.0,52.32210494323427,32.91591328894959,0.0,0.0
2023,7,18,7,56.602,26.115194160398715,26.115194160398715,0.0,32.41841493991152,0.0,0.0,0.0
2023,7,18,8,56.602,101.26543556079135,58.53360910031024,0.0,0.0,0.0,42.73182646048111,0.0
2023,7,18,9,56.602,175.7698895698534,58.53360910031024,0.0,0.0,0.0,117.23628046954317,0.0
2023,7,18,10,56.602,232.64397450808028,58.53360910031024,0.0,0.0,0.0,174.11036540777005,0.0
2023,7,18,11,56.602,270.2078965829934,58.53360910031024,0.0,0.0,-0.0,211.67428748268316,0.0
2023,7,18,12,56.602,289.0290528089411,97.55366714824949,39.02005804793926,0.0,36.508785297538424,191.47538566069164,0.0
2023,7,18,13,56.602,289.65244294970535,289.65244294970535,231.11883384939512,0.0,252.75315563800353,0.0,0.0
2023,7,18,14,56.602,271.3277591113124,271.3277591113124,212.79415001100216,0.0,451.8521914666843,0.0,0.0
2023,7,18,15,56.602,233.0396592680863,233.0396592680863,174.50605016777607,0.0,615.1272924639591,0.0,0.0
2023,7,18,16,56.602,173.3547193837788,173.3547193837788,114.82111028346856,0.0,722.5586873074509,0.0,0.0
2023,7,18,17,56.602,102.23971596042885,102.23971596042885,43.70610686011862,0.0,763.4519343033152,0.0,0.0
2023,7,18,18,56.602,28.870055980063423,28.870055980063423,0.0,29.663553120246814,733.3331593984352,0.0,0.0
2023,7,18,19,56.602,6.569860166138043,6.569860166138043,0.0,51.96374893417219,680.5719661921573,0.0,0.0
2023,7,18,20,56.602,0.0,0.0,0.0,58.53360910031024,621.1400906607271,0.0,0.0
2023,7,18,21,56.602,0.0,0.0,0.0,58.53360910031024,561.7082151292968,0.0,0.0
2023,7,18,22,56.602,0.0,0.0,0.0,58.53360910031024,502.27633959786647,0.0,0.0
2023,7,18,23,56.602,0.0,0.0,0.0,58.53360910031024,442.84446406643616,0.0,0.0
2023,7,19,0,56.602,0.0,0.0,0.0,58.53360910031024,383.41258853500585,0.0,0.0
2023,7,19,1,56.602,0.0,0.0,0.0,58.53360910031024,323.98071300357554,0.0,0.0
2023,7,19,2,56.602,0.0,0.0,0.0,58.53360910031024,264.54883747214524,0.0,0.0
2023,7,19,3,56.602,0.0,0.0,0.0,58.53360910031024,205.1169619407149,0.0,0.0
2023,7,19,4,56.602,0.0,0.0,0.0,58.53360910031024,145.6850864092846,0.0,0.0
2023,7,19,5,56.602,0.0,0.0,0.0,58.53360910031024,86.25321087785429,0.0,0.0
2023,7,19,6,56.602,6.024860402356137,6.024860402356137,0.0,52.5087486979541,32.93865425142169,0.0,0.0
2023,7,19,7,56.602,26.09279690983234,26.09279690983234,0.0,32.44081219047789,0.0,0.0,0.0
2023,7,19,8,56.602,102.07546945627541,58.53360910031024,0.0,0.0,0.0,43.54186035596518,0.0
2023,7,19,9,56.602,178.5359500148013,58.53360910031024,0.0,0.0,0.0,120.00234091449107,0.0
2023,7,19,10,56.602,237.13462324663934,58.53360910031024,0.0,0.0,-0.0,178.6010141463291,0.0
2023,7,19,11,56.602,275.73255172270035,58.53360910031024,0.0,0.0,-0.0,217.19894262239012,0.0
2023,7,19,12,56.602,294.2849409418516,95.59047663828176,37.05686753797152,0.0,34.67194280134018,198.69446430356982,0.0
2023,7,19,13,56.602,293.3629207935356,293.3629207935356,234.82931169322535,0.0,254.38799016456218,0.0,0.0
2023,7,19,14,56.602,277.1249141329103,277.1249141329103,218.59130503260008,0.0,458.91108476219813,0.0,0.0
2023,7,19,15,56.602,232.27441987373498,232.27441987373498,173.74081077342476,0.0,621.4701960314395,0.0,0.0
2023,7,19,16,56.602,167.9495162470925,167.9495162470925,109.41590714678227,0.0,723.8442585520421,0.0,0.0
2023,7,19,17,56.602,99.58564176831287,99.58564176831287,41.05203266800263,0.0,762.2542436131175,0.0,0.0
2023,7,19,18,56.602,29.620363874037107,29.620363874037107,0.0,28.91324522627313,732.8972909510532,0.0,0.0
2023,7,19,19,56.602,6.6445176680259745,6.6445176680259745,0.0,51.88909143228426,680.2119009530156,0.0,0.0
2023,7,19,20,56.602,0.0,0.0,0.0,58.53360910031024,620.7800254215854,0.0,0.0
2023,7,19,21,56.602,0.0,0.0,0.0,58.53360910031024,561.3481498901551,0.0,0.0
2023,7,19,22,56.602,0.0,0.0,0.0,58.53360910031024,501.91627435872476,0.0,0.0
2023,7,19,23,56.602,0.0,0.0,0.0,58.53360910031024,442.48439882729446,0.0,0.0
2023,7,20,0,56.602,0.0,0.0,0.0,58.53360910031024,383.05252329586415,0.0,0.0
2023,7,20,1,56.602,0.0,0.0,0.0,58.53360910031024,323.62064776443384,0.0,0.0
2023,7,20,2,56.602,0.0,0.0,0.0,58.53360910031024,264.18877223300353,0.0,0.0
2023,7,20,3,56.602,0.0,0.0,0.0,58.53360910031024,204.75689670157323,0.0,0.0
2023,7,20,4,56.602,0.0,0.0,0.0,58.53360910031024,145.32502117014292,0.0,0.0
2023,7,20,5,56.602,0.0,0.0,0.0,58.53360910031024,85.8931456387126,0.0,0.0
2023,7,20,6,56.602,6.028593277450496,6.028593277450496,0.0,52.50501582285974,32.582379172691965,0.0,0.0
2023,7,20,7,56.602,26.443687168705623,26.443687168705623,0.0,32.089921931604614,0.0,0.0,0.0
2023,7,20,8,56.602,103.62461262045004,58.53360910031024,0.0,0.0,0.0,45.0910035201398,0.0
2023,7,20,9,56.602,180.88019557408236,58.53360910031024,0.0,0.0,0.0,122.34658647377213,0.0
2023,7,20,10,56.602,239.03092379459287,58.53360910031024,0.0,0.0,0.0,180.49731469428264,0.0
2023,7,20,11,56.602,277.89015352726165,58.53360910031024,0.0,0.0,-0.0,219.35654442695142,0.0
2023,7,20,12,56.602,296.7897001301917,61.40244486760648,2.868835767296235,0.0,2.684201775236687,235.38725526258523,0.0
2023,7,20,13,56.602,298.73452805437233,298.73452805437233,240.2009189540621,0.0,227.42614776597097,0.0,0.0
2023,7,20,14,56.602,280.3949127156017,280.3949127156017,221.8613036152915,0.0,435.00878871364216,0.0,0.0
2023,7,20,15,56.602,238.9861292934601,238.9861292934601,180.45252019314987,0.0,603.8476537926591,0.0,0.0
2023,7,20,16,56.602,182.22403060806516,182.22403060806516,123.69042150775492,0.0,719.5775442156987,0.0,0.0
2023,7,20,17,56.602,105.49478304274272,105.49478304274272,46.96117394243249,0.0,763.5163670303195,0.0,0.0
2023,7,20,18,56.602,29.31426811629662,29.31426811629662,0.0,29.219340984013616,733.8486212144697,0.0,0.0
2023,7,20,19,56.602,6.390682161607005,6.390682161607005,0.0,52.14292693870323,680.905500308415,0.0,0.0
2023,7,20,20,56.602,0.0,0.0,0.0,58.53360910031024,621.4736247769847,0.0,0.0
2023,7,20,21,56.602,0.0,0.0,0.0,58.53360910031024,562.0417492455545,0.0,0.0
2023,7,20,22,56.602,0.0,0.0,0.0,58.53360910031024,502.6098737141241,0.0,0.0
2023,7,20,23,56.602,0.0,0.0,0.0,58.53360910031024,443.1779981826938,0.0,0.0
2023,7,21,0,56.602,0.0,0.0,0.0,58.53360910031024,383.7461226512635,0.0,0.0
2023,7,21,1,56.602,0.0,0.0,0.0,58.53360910031024,324.31424711983317,0.0,0.0
2023,7,21,2,56.602,0.0,0.0,0.0,58.53360910031024,264.88237158840286,0.0,0.0
2023,7,21,3,56.602,0.0,0.0,0.0,58.53360910031024,205.45049605697255,0.0,0.0
2023,7,21,4,56.602,0.0,0.0,0.0,58.53360910031024,146.01862052554225,0.0,0.0
2023,7,21,5,56.602,0.0,0.0,0.0,58.53360910031024,86.58674499411192,0.0,0.0
2023,7,21,6,56.602,5.815819397069927,5.815819397069927,0.0,52.717789703240314,33.05993938460628,0.0,0.0
2023,7,21,7,56.602,25.973344906811647,25.973344906811647,0.0,32.56026419349859,0.0,0.0,0.0
2023,7,21,8,56.602,101.81043532457328,58.53360910031024,0.0,0.0,0.0,43.27682622426304,0.0
2023,7,21,9,56.602,162.47712135870705,58.53360910031024,0.0,0.0,0.0,103.94351225839682,0.0
2023,7,21,10,56.602,230.7327424597492,58.53360910031024,0.0,0.0,-0.0,172.19913335943897,0.0
2023,7,21,11,56.602,273.0262172792628,58.53360910031024,0.0,0.0,-0.0,214.4926081789526,0.0
2023,7,21,12,56.602,290.4662097202838,162.1630855320191,103.62947643170884,0.0,96.9600378577957,128.30312418826472,0.0
2023,7,21,13,56.602,263.23115303156607,263.23115303156607,204.6975439312558,0.0,288.4835531006014,0.0,0.0
2023,7,21,14,56.602,232.7783580114785,232.7783580114785,174.24474891116827,0.0,451.5141698004989,0.0,0.0
2023,7,21,15,56.602,230.35945495030953,230.35945495030953,171.8258458499993,0.0,612.281560433247,0.0,0.0
2023,7,21,16,56.602,176.40447833590085,176.40447833590085,117.87086923559062,0.0,722.5664362904133,0.0,0.0
2023,7,21,17,56.602,102.52714734269743,102.52714734269743,43.993538242387196,0.0,763.7286160133926,0.0,0.0
2023,7,21,18,56.602,29.318000991391013,29.318000991391013,0.0,29.215608108919223,734.0646603579548,0.0,0.0
2023,7,21,19,56.602,6.301093159341486,6.301093159341486,0.0,52.23251594096875,681.0305756020116,0.0,0.0
2023,7,21,20,56.602,0.0,0.0,0.0,58.53360910031024,621.5987000705813,0.0,0.0
2023,7,21,21,56.602,0.0,0.0,0.0,58.53360910031024,562.166824539151,0.0,0.0
2023,7,21,22,56.602,0.0,0.0,0.0,58.53360910031024,502.7349490077207,0.0,0.0
2023,7,21,23,56.602,0.0,0.0,0.0,58.53360910031024,443.30307347629036,0.0,0.0
2023,7,22,0,56.602,0.0,0.0,0.0,58.53360910031024,383.87119794486006,0.0,0.0
2023,7,22,1,56.602,0.0,0.0,0.0,58.53360910031024,324.43932241342975,0.0,0.0
2023,7,22,2,56.602,0.0,0.0,0.0,58.53360910031024,265.00744688199944,0.0,0.0
2023,7,22,3,56.602,0.0,0.0,0.0,58.53360910031024,205.57557135056913,0.0,0.0
2023,7,22,4,56.602,0.0,0.0,0.0,58.53360910031024,146.14369581913883,0.0,0.0
2023,7,22,5,56.602,0.0,0.0,0.0,58.53360910031024,86.71182028770852,0.0,0.0
2023,7,22,6,56.602,5.6478400178220785,5.6478400178220785,0.0,52.88576908248815,33.01445745966206,0.0,0.0
2023,7,22,7,56.602,26.018139407944407,26.018139407944407,0.0,32.515469692365826,0.0,0.0,0.0
2023,7,22,8,56.602,103.20653060987762,58.53360910031024,0.0,0.0,0.0,44.67292150956738,0.0
2023,7,22,9,56.602,181.14896258087893,58.53360910031024,0.0,0.0,0.0,122.6153534805687,0.0
2023,7,22,10,56.602,240.49047795650193,58.53360910031024,0.0,0.0,0.0,181.9568688561917,0.0
2023,7,22,11,56.602,279.7640568246487,58.53360910031024,0.0,0.0,-0.0,221.2304477243385,0.0
2023,7,22,12,56.602,298.7942540558827,65.13637318774886,6.60276408743862,0.0,6.177820036618954,233.65788086813382,0.0
2023,7,22,13,56.602,300.5412396000603,300.5412396000603,242.00763049975006,0.0,232.6102003120759,0.0,0.0
2023,7,22,14,56.602,280.7607344748526,280.7607344748526,222.22712537454237,0.0,440.53511927607525,0.0,0.0
2023,7,22,15,56.602,240.35236157800927,240.35236157800927,181.81875247769904,0.0,610.6522879670932,0.0,0.0
2023,7,22,16,56.602,179.8611206733121,179.8611206733121,121.32751157300186,0.0,724.1713418152785,0.0,0.0
2023,7,22,17,56.602,101.92988732759397,101.92988732759397,43.396278227283744,0.0,764.7747002871098,0.0,0.0
2023,7,22,18,56.602,29.15748736233196,29.15748736233196,0.0,29.376121737978277,734.9477677339552,0.0,0.0
2023,7,22,19,56.602,6.125648029904846,6.125648029904846,0.0,52.40796107040539,681.735545438647,0.0,0.0
2023,7,22,20,56.602,0.0,0.0,0.0,58.53360910031024,622.3036699072168,0.0,0.0
2023,7,22,21,56.602,0.0,0.0,0.0,58.53360910031024,562.8717943757864,0.0,0.0
2023,7,22,22,56.602,0.0,0.0,0.0,58.53360910031024,503.4399188443561,0.0,0.0
2023,7,22,23,56.602,0.0,0.0,0.0,58.53360910031024,444.0080433129258,0.0,0.0
2023,7,23,0,56.602,0.0,0.0,0.0,58.53360910031024,384.5761677814955,0.0,0.0
2023,7,23,1,56.602,0.0,0.0,0.0,58.53360910031024,325.1442922500652,0.0,0.0
2023,7,23,2,56.602,0.0,0.0,0.0,58.53360910031024,265.71241671863487,0.0,0.0
2023,7,23,3,56.602,0.0,0.0,0.0,58.53360910031024,206.28054118720456,0.0,0.0
2023,7,23,4,56.602,0.0,0.0,0.0,58.53360910031024,146.84866565577425,0.0,0.0
2023,7,23,5,56.602,0.0,0.0,0.0,58.53360910031024,87.41679012434395,0.0,0.0
2023,7,23,6,56.602,5.382805886119919,5.382805886119919,0.0,53.15080321419032,33.45032590704418,0.0,0.0
2023,7,23,7,56.602,25.588858772088795,25.588858772088795,0.0,32.944750328221446,0.0,0.0,0.0
2023,7,23,8,56.602,101.06012743059956,58.53360910031024,0.0,0.0,0.0,42.52651833028933,0.0
2023,7,23,9,56.602,177.73711474460043,58.53360910031024,0.0,0.0,0.0,119.2035056442902,0.0
2023,7,23,10,56.602,235.41003495302812,58.53360910031024,0.0,0.0,0.0,176.8764258527179,0.0
2023,7,23,11,56.602,277.4571400163116,58.53360910031024,0.0,0.0,-0.0,218.92353091600137,0.0
2023,7,23,12,56.602,299.1488771898503,62.59663677748505,4.063027677174815,0.0,3.8015372745393847,236.55224041236522,0.0
2023,7,23,13,56.602,298.9099731838089,298.9099731838089,240.37636408349866,0.0,228.7076370077983,0.0,0.0
2023,7,23,14,56.602,280.9100494786284,280.9100494786284,222.3764403783182,0.0,436.7722612845846,0.0,0.0
2023,7,23,15,56.602,241.06160784594462,241.06160784594462,182.5279987456344,0.0,607.5530302113408,0.0,0.0
2023,7,23,16,56.602,181.34307208578755,181.34307208578755,122.80946298547732,0.0,722.458659288937,0.0,0.0
2023,7,23,17,56.602,104.40851639027332,104.40851639027332,45.87490728996308,0.0,765.3811259530326,0.0,0.0
2023,7,23,18,56.602,29.15748736233196,29.15748736233196,0.0,29.376121737978277,735.5541933998779,0.0,0.0
2023,7,23,19,56.602,5.9912645265065665,5.9912645265065665,0.0,52.54234457380367,682.2055253297372,0.0,0.0
2023,7,23,20,56.602,0.0,0.0,0.0,58.53360910031024,622.7736497983069,0.0,0.0
2023,7,23,21,56.602,0.0,0.0,0.0,58.53360910031024,563.3417742668767,0.0,0.0
2023,7,23,22,56.602,0.0,0.0,0.0,58.53360910031024,503.9098987354464,0.0,0.0
2023,7,23,23,56.602,0.0,0.0,0.0,58.53360910031024,444.4780232040161,0.0,0.0
2023,7,24,0,56.602,0.0,0.0,0.0,58.53360910031024,385.0461476725858,0.0,0.0
2023,7,24,1,56.602,0.0,0.0,0.0,58.53360910031024,325.6142721411555,0.0,0.0
2023,7,24,2,56.602,0.0,0.0,0.0,58.53360910031024,266.1823966097252,0.0,0.0
2023,7,24,3,56.602,0.0,0.0,0.0,58.53360910031024,206.75052107829484,0.0,0.0
2023,7,24,4,56.602,0.0,0.0,0.0,58.53360910031024,147.31864554686453,0.0,0.0
2023,7,24,5,56.602,0.0,0.0,0.0,58.53360910031024,87.88677001543422,0.0,0.0
2023,7,24,6,56.602,5.166299130644915,5.166299130644915,0.0,53.36730996966532,33.70047649423739,0.0,0.0
2023,7,24,7,56.602,25.34248901585862,25.34248901585862,0.0,33.19112008445162,0.0,0.0,0.0
2023,7,24,8,56.602,101.59019569400388,58.53360910031024,0.0,0.0,0.0,43.056586593693645,0.0
2023,7,24,9,56.602,176.80762884609564,58.53360910031024,0.0,0.0,0.0,118.27401974578541,0.0
2023,7,24,10,56.602,224.1666151687055,58.53360910031024,0.0,0.0,0.0,165.63300606839528,0.0
2023,7,24,11,56.602,274.55669606796545,58.53360910031024,0.0,0.0,-0.0,216.02308696765522,0.0
2023,7,24,12,56.602,292.58274989880664,69.4738504959558,10.94024139564557,0.0,10.236143773188473,223.10889940285085,0.0
2023,7,24,13,56.602,298.33884329436626,298.33884329436626,239.80523419405603,0.0,234.60787068503717,0.0,0.0
2023,7,24,14,56.602,278.86443392689915,278.86443392689915,220.33082482658892,0.0,440.75853217664167,0.0,0.0
2023,7,24,15,56.602,239.475135930826,239.475135930826,180.94152683051576,0.0,610.054932155036,0.0,0.0
2023,7,24,16,56.602,178.9876279012233,178.9876279012233,120.45401880091308,0.0,722.7567099234174,0.0,0.0
2023,7,24,17,56.602,103.91577687781297,103.91577687781297,45.38216777750274,0.0,765.2181490553157,0.0,0.0
2023,7,24,18,56.602,29.135090111765578,29.135090111765578,0.0,29.39851898854466,735.368475539689,0.0,0.0
2023,7,24,19,56.602,5.871812523485876,5.871812523485876,0.0,52.661796576824365,681.8985223363636,0.0,0.0
2023,7,24,20,56.602,0.0,0.0,0.0,58.53360910031024,622.4666468049334,0.0,0.0
2023,7,24,21,56.602,0.0,0.0,0.0,58.53360910031024,563.0347712735031,0.0,0.0
2023,7,24,22,56.602,0.0,0.0,0.0,58.53360910031024,503.60289574207286,0.0,0.0
2023,7,24,23,56.602,0.0,0.0,0.0,58.53360910031024,444.17102021064255,0.0,0.0
2023,7,25,0,56.602,0.0,0.0,0.0,58.53360910031024,384.73914467921225,0.0,0.0
2023,7,25,1,56.602,0.0,0.0,0.0,58.53360910031024,325.30726914778194,0.0,0.0
2023,7,25,2,56.602,0.0,0.0,0.0,58.53360910031024,265.87539361635163,0.0,0.0
2023,7,25,3,56.602,0.0,0.0,0.0,58.53360910031024,206.44351808492135,0.0,0.0
2023,7,25,4,56.602,0.0,0.0,0.0,58.53360910031024,147.01164255349104,0.0,0.0
2023,7,25,5,56.602,0.0,0.0,0.0,58.53360910031024,87.57976702206074,0.0,0.0
2023,7,25,6,56.602,5.125237504606552,5.125237504606552,0.0,53.408371595703684,33.351781736331695,0.0,0.0
2023,7,25,7,56.602,25.685913524543107,25.685913524543107,0.0,32.847695575767126,0.0,0.0,0.0
2023,7,25,8,56.602,103.50516061742931,58.53360910031024,0.0,0.0,0.0,44.971551517119075,0.0
2023,7,25,9,56.602,180.46957931369874,58.53360910031024,0.0,0.0,0.0,121.93597021338852,0.0
2023,7,25,10,56.602,244.08150379731146,58.53360910031024,0.0,0.0,0.0,185.54789469700123,0.0
2023,7,25,11,56.602,286.58028674701694,58.53360910031024,0.0,0.0,0.0,228.0466776467067,0.0
2023,7,25,12,56.602,307.95099666243755,58.53360910031024,0.0,0.0,-0.0,249.41738756212732,0.0
2023,7,25,13,56.602,308.0891130409303,294.92957863052067,236.39596953021046,0.0,221.1818774379729,13.159534410409606,0.0
2023,7,25,14,56.602,288.0510395342092,288.0510395342092,229.51743043389897,0.0,435.92790829879743,0.0,0.0
2023,7,25,15,56.602,241.52448435764975,241.52448435764975,182.99087525733952,0.0,607.1417636951933,0.0,0.0
2023,7,25,16,56.602,180.57409981634186,180.57409981634186,122.04049071603161,0.0,721.3279104119365,0.0,0.0
2023,7,25,17,56.602,104.15468088385435,104.15468088385435,45.62107178354412,0.0,764.0128780442941,0.0,0.0
2023,7,25,18,56.602,29.366528367618173,29.366528367618173,0.0,29.167080732692064,734.3981944742126,0.0,0.0
2023,7,25,19,56.602,5.767292020842733,5.767292020842733,0.0,52.766317079467505,680.8221167793506,0.0,0.0
2023,7,25,20,56.602,0.0,0.0,0.0,58.53360910031024,621.3902412479204,0.0,0.0
2023,7,25,21,56.602,0.0,0.0,0.0,58.53360910031024,561.95836571649,0.0,0.0
2023,7,25,22,56.602,0.0,0.0,0.0,58.53360910031024,502.5264901850597,0.0,0.0
2023,7,25,23,56.602,0.0,0.0,0.0,58.53360910031024,443.0946146536294,0.0,0.0
2023,7,26,0,56.602,0.0,0.0,0.0,58.53360910031024,383.66273912219907,0.0,0.0
2023,7,26,1,56.602,0.0,0.0,0.0,58.53360910031024,324.23086359076876,0.0,0.0
2023,7,26,2,56.602,0.0,0.0,0.0,58.53360910031024,264.79898805933846,0.0,0.0
2023,7,26,3,56.602,0.0,0.0,0.0,58.53360910031024,205.36711252790815,0.0,0.0
2023,7,26,4,56.602,0.0,0.0,0.0,58.53360910031024,145.93523699647784,0.0,0.0
2023,7,26,5,56.602,0.0,0.0,0.0,58.53360910031024,86.50336146504752,0.0,0.0
2023,7,26,6,56.602,5.188696381211295,5.188696381211295,0.0,53.34491271909894,32.33980890632279,0.0,0.0
2023,7,26,7,56.602,26.682591174747007,26.682591174747007,0.0,31.85101792556323,0.0,0.0,0.0
2023,7,26,8,56.602,100.2388949098323,58.53360910031024,0.0,0.0,0.0,41.70528580952206,0.0
2023,7,26,9,56.602,170.72304244222917,58.53360910031024,0.0,0.0,0.0,112.18943334191894,0.0
2023,7,26,10,56.602,231.785413236369,58.53360910031024,0.0,0.0,0.0,173.25180413605878,0.0
2023,7,26,11,56.602,278.41648891557156,58.53360910031024,0.0,0.0,0.0,219.88287981526133,0.0
2023,7,26,12,56.602,316.4022258761515,58.53360910031024,0.0,0.0,-0.0,257.86861677584125,0.0
2023,7,26,13,56.602,318.026026542214,249.16894744504694,190.6353383447367,0.0,178.36633223868702,68.85707909716709,0.0
2023,7,26,14,56.602,294.251345066002,294.251345066002,235.71773596569176,0.0,398.9136262129917,0.0,0.0
2023,7,26,15,56.602,255.91471784654874,255.91471784654874,197.3811087462385,0.0,583.5915811292346,0.0,0.0
2023,7,26,16,56.602,192.73580687388602,192.73580687388602,134.2021977735758,0.0,709.1567255724788,0.0,0.0
2023,7,26,17,56.602,113.55779324663942,113.55779324663942,55.02418414632918,0.0,760.6396352775976,0.0,0.0
2023,7,26,18,56.602,32.2109791895484,32.2109791895484,0.0,26.32262991076184,733.913053941474,0.0,0.0
2023,7,26,19,56.602,6.625853292553991,6.625853292553991,0.0,51.907755807756246,681.2087131413764,0.0,0.0
2023,7,26,20,56.602,0.0,0.0,0.0,58.53360910031024,621.7768376099461,0.0,0.0
2023,7,26,21,56.602,0.0,0.0,0.0,58.53360910031024,562.3449620785159,0.0,0.0
2023,7,26,22,56.602,0.0,0.0,0.0,58.53360910031024,502.9130865470855,0.0,0.0
2023,7,26,23,56.602,0.0,0.0,0.0,58.53360910031024,443.4812110156552,0.0,0.0
2023,7,27,0,56.602,0.0,0.0,0.0,58.53360910031024,384.0493354842249,0.0,0.0
2023,7,27,1,56.602,0.0,0.0,0.0,58.53360910031024,324.6174599527946,0.0,0.0
2023,7,27,2,56.602,0.0,0.0,0.0,58.53360910031024,265.1855844213643,0.0,0.0
2023,7,27,3,56.602,0.0,0.0,0.0,58.53360910031024,205.75370888993402,0.0,0.0
2023,7,27,4,56.602,0.0,0.0,0.0,58.53360910031024,146.3218333585037,0.0,0.0
2023,7,27,5,56.602,0.0,0.0,0.0,58.53360910031024,86.8899578270734,0.0,0.0
2023,7,27,6,56.602,5.259621008004831,5.259621008004831,0.0,53.27398809230541,32.79841831617701,0.0,0.0
2023,7,27,7,56.602,26.230913288325013,26.230913288325013,0.0,32.302695811985224,0.0,0.0,0.0
2023,7,27,8,56.602,104.292797262347,58.53360910031024,0.0,0.0,0.0,45.75918816203676,0.0
2023,7,27,9,56.602,184.37416666243763,58.53360910031024,0.0,0.0,0.0,125.8405575621274,0.0
2023,7,27,10,56.602,246.6870506132003,58.53360910031024,0.0,0.0,0.0,188.15344151289008,0.0
2023,7,27,11,56.602,287.60309452288163,217.55838370021428,159.02477459990402,0.0,148.7901772397275,70.04471082266735,0.0
2023,7,27,12,56.602,250.5580420860896,250.5580420860896,192.02443298577938,0.0,328.4562040597368,0.0,0.0
2023,7,27,13,56.602,175.92293744872367,175.92293744872367,117.38932834841343,0.0,438.2905302831651,0.0,0.0
2023,7,27,14,56.602,176.47540296269437,176.47540296269437,117.94179386238415,0.0,548.6417661639052,0.0,0.0
2023,7,27,15,56.602,190.787246074611,190.787246074611,132.25363697430078,0.0,672.3837562752791,0.0,0.0
2023,7,27,16,56.602,145.61572455731755,145.61572455731755,87.0821154570073,0.0,753.8613966357664,0.0,0.0
2023,7,27,17,56.602,76.6060626872073,76.6060626872073,18.072453586897062,0.0,770.7707340589227,0.0,0.0
2023,7,27,18,56.602,25.607523147560777,25.607523147560777,0.0,32.92608595274946,737.3393589539386,0.0,0.0
2023,7,27,19,56.602,3.949381849871619,3.949381849871619,0.0,54.584227250438616,681.9174731384237,0.0,0.0
2023,7,27,20,56.602,0.0,0.0,0.0,58.53360910031024,622.4855976069935,0.0,0.0
2023,7,27,21,56.602,0.0,0.0,0.0,58.53360910031024,563.0537220755632,0.0,0.0
2023,7,27,22,56.602,0.0,0.0,0.0,58.53360910031024,503.62184654413295,0.0,0.0
2023,7,27,23,56.602,0.0,0.0,0.0,58.53360910031024,444.18997101270264,0.0,0.0
2023,7,28,0,56.602,0.0,0.0,0.0,58.53360910031024,384.75809548127233,0.0,0.0
2023,7,28,1,56.602,0.0,0.0,0.0,58.53360910031024,325.326219949842,0.0,0.0
2023,7,28,2,56.602,0.0,0.0,0.0,58.53360910031024,265.8943444184117,0.0,0.0
2023,7,28,3,56.602,0.0,0.0,0.0,58.53360910031024,206.46246888698144,0.0,0.0
2023,7,28,4,56.602,0.0,0.0,0.0,58.53360910031024,147.03059335555113,0.0,0.0
2023,7,28,5,56.602,0.0,0.0,0.0,58.53360910031024,87.59871782412083,0.0,0.0
2023,7,28,6,56.602,4.886333498565169,4.886333498565169,0.0,53.647275601745065,33.128162272022614,0.0,0.0
2023,7,28,7,56.602,25.90615315511251,25.90615315511251,0.0,32.62745594519773,0.0,0.0,0.0
2023,7,28,8,56.602,90.36170741005883,58.53360910031024,0.0,0.0,0.0,31.82809830974859,0.0
2023,7,28,9,56.602,181.54464734088498,58.53360910031024,0.0,0.0,0.0,123.01103824057475,0.0
2023,7,28,10,56.602,242.9579083938981,58.53360910031024,0.0,0.0,0.0,184.42429929358786,0.0
2023,7,28,11,56.602,286.8191907530583,58.53360910031024,0.0,0.0,0.0,228.28558165274808,0.0
2023,7,28,12,56.602,308.42880467452034,64.1756024337322,5.641993333421957,0.0,5.278883055657673,244.25320224078814,0.0
2023,7,28,13,56.602,309.6643863307656,309.6643863307656,251.13077723045535,0.0,240.24725794240018,0.0,0.0
2023,7,28,14,56.602,288.77148442742777,288.77148442742777,230.23787532711754,0.0,455.667366937422,0.0,0.0
2023,7,28,15,56.602,246.1271193490408,246.1271193490408,187.59351024873058,0.0,631.1876386004772,0.0,0.0
2023,7,28,16,56.602,169.7412962924029,169.7412962924029,111.20768719209266,0.0,735.2381648745237,0.0,0.0
2023,7,28,17,56.602,91.27252893309159,91.27252893309159,32.738919832781356,0.0,765.870056646183,0.0,0.0
2023,7,28,18,56.602,29.041768234405662,29.041768234405662,0.0,29.491840865904575,735.9256291202558,0.0,0.0
2023,7,28,19,56.602,5.3753401359311255,5.3753401359311255,0.0,53.15826896437911,681.951584582132,0.0,0.0
2023,7,28,20,56.602,0.0,0.0,0.0,58.53360910031024,622.5197090507017,0.0,0.0
2023,7,28,21,56.602,0.0,0.0,0.0,58.53360910031024,563.0878335192715,0.0,0.0
2023,7,28,22,56.602,0.0,0.0,0.0,58.53360910031024,503.65595798784113,0.0,0.0
2023,7,28,23,56.602,0.0,0.0,0.0,58.53360910031024,444.2240824564108,0.0,0.0
2023,7,29,0,56.602,0.0,0.0,0.0,58.53360910031024,384.7922069249805,0.0,0.0
2023,7,29,1,56.602,0.0,0.0,0.0,58.53360910031024,325.3603313935502,0.0,0.0
2023,7,29,2,56.602,0.0,0.0,0.0,58.53360910031024,265.9284558621199,0.0,0.0
2023,7,29,3,56.602,0.0,0.0,0.0,58.53360910031024,206.49658033068962,0.0,0.0
2023,7,29,4,56.602,0.0,0.0,0.0,58.53360910031024,147.06470479925932,0.0,0.0
2023,7,29,5,56.602,0.0,0.0,0.0,58.53360910031024,87.63282926782901,0.0,0.0
2023,7,29,6,56.602,4.6063678664854235,4.6063678664854235,0.0,53.927241233824816,32.8780116848294,0.0,0.0
2023,7,29,7,56.602,26.152522911342682,26.152522911342682,0.0,32.38108618896756,0.0,0.0,0.0
2023,7,29,8,56.602,106.45039906690826,58.53360910031024,0.0,0.0,0.0,47.916789966598024,0.0
2023,7,29,9,56.602,185.64334419453246,58.53360910031024,0.0,0.0,0.0,127.10973509422223,0.0
2023,7,29,10,56.602,245.2797567026128,58.53360910031024,0.0,0.0,0.0,186.74614760230256,0.0
2023,7,29,11,56.602,283.9448769303729,58.53360910031024,0.0,0.0,0.0,225.41126783006268,0.0
2023,7,29,12,56.602,302.3815470215978,58.53360910031024,0.0,0.0,-0.0,243.84793792128755,0.0
2023,7,29,13,56.602,304.12106681558663,291.6895584983293,233.15594939801903,0.0,218.15038017006646,12.43150831725734,0.0
2023,7,29,14,56.602,284.32936306509583,284.32936306509583,225.7957539647856,0.0,429.41425610967514,0.0,0.0
2023,7,29,15,56.602,244.15616129919943,244.15616129919943,185.6225521988892,0.0,603.0904176439419,0.0,0.0
2023,7,29,16,56.602,184.55707754206304,184.55707754206304,126.02346844175281,0.0,721.0032035792783,0.0,0.0
2023,7,29,17,56.602,107.11858370880526,107.11858370880526,48.584974608495024,0.0,766.4613216704578,0.0,0.0
2023,7,29,18,56.602,29.21348048874791,29.21348048874791,0.0,29.320128611562325,736.6912415234834,0.0,0.0
2023,7,29,19,56.602,5.517189389518197,5.517189389518197,0.0,53.01641971079204,682.8612230810163,0.0,0.0
2023,7,29,20,56.602,0.0,0.0,0.0,58.53360910031024,623.429347549586,0.0,0.0
2023,7,29,21,56.602,0.0,0.0,0.0,58.53360910031024,563.9974720181558,0.0,0.0
2023,7,29,22,56.602,0.0,0.0,0.0,58.53360910031024,504.56559648672555,0.0,0.0
2023,7,29,23,56.602,0.0,0.0,0.0,58.53360910031024,445.13372095529525,0.0,0.0
2023,7,30,0,56.602,0.0,0.0,0.0,58.53360910031024,385.70184542386494,0.0,0.0
2023,7,30,1,56.602,0.0,0.0,0.0,58.53360910031024,326.26996989243463,0.0,0.0
2023,7,30,2,56.602,0.0,0.0,0.0,58.53360910031024,266.8380943610043,0.0,0.0
2023,7,30,3,56.602,0.0,0.0,0.0,58.53360910031024,207.40621882957402,0.0,0.0
2023,7,30,4,56.602,0.0,0.0,0.0,58.53360910031024,147.9743432981437,0.0,0.0
2023,7,30,5,56.602,0.0,0.0,0.0,58.53360910031024,88.5424677667134,0.0,0.0
2023,7,30,6,56.602,4.315203609122487,4.315203609122487,0.0,54.218405491187745,33.49201767157638,0.0,0.0
2023,7,30,7,56.602,25.547797146050435,25.547797146050435,0.0,32.9858119542598,0.0,0.0,0.0
2023,7,30,8,56.602,103.44916749101338,58.53360910031024,0.0,0.0,0.0,44.91555839070315,0.0
2023,7,30,9,56.602,182.97433850203888,58.53360910031024,0.0,0.0,0.0,124.44072940172865,0.0
2023,7,30,10,56.602,243.06242889654118,58.53360910031024,0.0,0.0,0.0,184.52881979623095,0.0
2023,7,30,11,56.602,283.0527197828121,58.53360910031024,0.0,0.0,0.0,224.5191106825019,0.0
2023,7,30,12,56.602,304.3039776952121,95.2631300256902,36.72952092537997,0.0,34.36566372860537,209.0408476695219,0.0
2023,7,30,13,56.602,306.7228807563811,306.7228807563811,248.18927165607084,0.0,266.58184395344404,0.0,0.0
2023,7,30,14,56.602,283.25802791300396,283.25802791300396,224.72441881269373,0.0,476.8433342738059,0.0,0.0
2023,7,30,15,56.602,228.84390766198447,228.84390766198447,170.31029856167424,0.0,636.192715981766,0.0,0.0
2023,7,30,16,56.602,172.1191377275335,172.1191377275335,113.58552862722328,0.0,742.4680493619455,0.0,0.0
2023,7,30,17,56.602,86.54297618849112,86.54297618849112,28.009367088180888,0.0,768.6747753510766,0.0,0.0
2023,7,30,18,56.602,28.72820672647635,28.72820672647635,0.0,29.805402373833886,738.4119743505399,0.0,0.0
2023,7,30,19,56.602,4.785545871016461,4.785545871016461,0.0,53.74806322929378,683.8390844673172,0.0,0.0
2023,7,30,20,56.602,0.0,0.0,0.0,58.53360910031024,624.407208935887,0.0,0.0
2023,7,30,21,56.602,0.0,0.0,0.0,58.53360910031024,564.9753334044567,0.0,0.0
2023,7,30,22,56.602,0.0,0.0,0.0,58.53360910031024,505.54345787302634,0.0,0.0
2023,7,30,23,56.602,0.0,0.0,0.0,58.53360910031024,446.11158234159603,0.0,0.0
2023,7,31,0,56.602,0.0,0.0,0.0,58.53360910031024,386.6797068101657,0.0,0.0
2023,7,31,1,56.602,0.0,0.0,0.0,58.53360910031024,327.2478312787354,0.0,0.0
2023,7,31,2,56.602,0.0,0.0,0.0,58.53360910031024,267.8159557473051,0.0,0.0
2023,7,31,3,56.602,0.0,0.0,0.0,58.53360910031024,208.38408021587477,0.0,0.0
2023,7,31,4,56.602,0.0,0.0,0.0,58.53360910031024,148.95220468444447,0.0,0.0
2023,7,31,5,56.602,0.0,0.0,0.0,58.53360910031024,89.52032915301416,0.0,0.0
2023,7,31,6,56.602,4.05763522760912,4.05763522760912,0.0,54.47597387270111,34.208357989447855,0.0,0.0
2023,7,31,7,56.602,24.842283753209472,24.842283753209472,0.0,33.69132534710076,0.0,0.0,0.0
2023,7,31,8,56.602,100.85855217550214,58.53360910031024,0.0,0.0,0.0,42.324943075191904,0.0
2023,7,31,9,56.602,175.62057456607755,58.53360910031024,0.0,0.0,0.0,117.08696546576732,0.0
2023,7,31,10,56.602,229.88911268841554,58.53360910031024,0.0,0.0,-0.0,171.3555035881053,0.0
2023,7,31,11,56.602,237.70202026098767,149.43100191778854,90.89739281747829,0.0,85.0473721592679,88.27101834319913,0.0
2023,7,31,12,56.602,247.08646824830072,247.08646824830072,188.5528591479905,0.0,261.46525045697945,0.0,0.0
2023,7,31,13,56.602,254.30958155595818,254.30958155595818,195.77597245564795,0.0,444.64137326076207,0.0,0.0
2023,7,31,14,56.602,230.78500271107072,230.78500271107072,172.25139361076046,0.0,605.8069240349531,0.0,0.0
2023,7,31,15,56.602,185.714268821326,185.714268821326,127.18065972101574,0.0,724.8024261443887,0.0,0.0
2023,7,31,16,56.602,126.17864394079437,126.17864394079437,67.64503484048414,0.0,788.0939274128285,0.0,0.0
2023,7,31,17,56.602,51.09559429210087,51.09559429210087,0.0,7.438014808209367,780.541767601106,0.0,0.0
2023,7,31,18,56.602,17.350403438755432,17.350403438755432,0.0,41.1832056615548,738.7265576647372,0.0,0.0
2023,7,31,19,56.602,3.6246217166591133,3.6246217166591133,0.0,54.90898738365112,682.9749278933768,0.0,0.0
2023,7,31,20,56.602,0.0,0.0,0.0,58.53360910031024,623.5430523619466,0.0,0.0
2023,7,31,21,56.602,0.0,0.0,0.0,58.53360910031024,564.1111768305163,0.0,0.0
2023,7,31,22,56.602,0.0,0.0,0.0,58.53360910031024,504.6793012990861,0.0,0.0
2023,7,31,23,56.602,0.0,0.0,0.0,58.53360910031024,445.2474257676558,0.0,0.0
2023,8,1,0,56.602,0.0,0.0,0.0,58.53360910031024,385.8155502362255,0.0,0.0
2023,8,1,1,56.602,0.0,0.0,0.0,58.53360910031024,326.38367470479517,0.0,0.0
2023,8,1,2,56.602,0.0,0.0,0.0,58.53360910031024,266.95179917336486,0.0,0.0
2023,8,1,3,56.602,0.0,0.0,0.0,58.53360910031024,207.51992364193458,0.0,0.0
2023,8,1,4,56.602,0.0,0.0,0.0,58.53360910031024,148.08804811050427,0.0,0.0
2023,8,1,5,56.602,0.0,0.0,0.0,58.53360910031024,88.65617257907397,0.0,0.0
2023,8,1,6,56.602,3.2364027068418655,3.2364027068418655,0.0,55.29720639346837,32.510366124863616,0.0,0.0
2023,8,1,7,56.602,26.514611795499157,26.514611795499157,0.0,32.01899730481108,0.0,0.0,0.0
2023,8,1,8,56.602,78.87938361969488,58.53360910031024,0.0,0.0,0.0,20.34577451938464,0.0
2023,8,1,9,56.602,177.752046244978,58.53360910031024,0.0,0.0,0.0,119.21843714466777,0.0
2023,8,1,10,56.602,237.86999964023548,58.53360910031024,0.0,0.0,-0.0,179.33639053992525,0.0
2023,8,1,11,56.602,222.49055425132144,75.277372371351,16.743763271040766,0.0,15.666159634724607,147.21318187997042,0.0
2023,8,1,12,56.602,215.56233807612134,215.56233807612134,157.0287289758111,0.0,162.58875377028122,0.0,0.0
2023,8,1,13,56.602,243.68581903730538,243.68581903730538,185.15220993699515,0.0,335.82484356926886,0.0,0.0
2023,8,1,14,56.602,220.83689058450375,220.83689058450375,162.30328148419352,0.0,487.68252787902617,0.0,0.0
2023,8,1,15,56.602,191.9033757278356,191.9033757278356,133.36976662752537,0.0,612.4688152034829,0.0,0.0
2023,8,1,16,56.602,172.93663737320634,172.93663737320634,114.4030282728961,0.0,719.5090351711711,0.0,0.0
2023,8,1,17,56.602,104.58769439480436,104.58769439480436,46.05408529449412,0.0,762.599148210611,0.0,0.0
2023,8,1,18,56.602,29.426254369128515,29.426254369128515,0.0,29.107354731181722,733.0451072071218,0.0,0.0
2023,8,1,19,56.602,4.673559618184562,4.673559618184562,0.0,53.860049482125675,678.3585125115385,0.0,0.0
2023,8,1,20,56.602,0.0,0.0,0.0,58.53360910031024,618.9266369801082,0.0,0.0
2023,8,1,21,56.602,0.0,0.0,0.0,58.53360910031024,559.494761448678,0.0,0.0
2023,8,1,22,56.602,0.0,0.0,0.0,58.53360910031024,500.06288591724774,0.0,0.0
2023,8,1,23,56.602,0.0,0.0,0.0,58.53360910031024,440.63101038581743,0.0,0.0
2023,8,2,0,56.602,0.0,0.0,0.0,58.53360910031024,381.1991348543871,0.0,0.0
2023,8,2,1,56.602,0.0,0.0,0.0,58.53360910031024,321.7672593229568,0.0,0.0
2023,8,2,2,56.602,0.0,0.0,0.0,58.53360910031024,262.3353837915265,0.0,0.0
2023,8,2,3,56.602,0.0,0.0,0.0,58.53360910031024,202.90350826009617,0.0,0.0
2023,8,2,4,56.602,0.0,0.0,0.0,58.53360910031024,143.47163272866587,0.0,0.0
2023,8,2,5,56.602,0.0,0.0,0.0,58.53360910031024,84.03975719723556,0.0,0.0
2023,8,2,6,56.602,4.266676232895331,4.266676232895331,0.0,54.26693286741491,28.940035016742286,0.0,0.0
2023,8,2,7,56.602,30.030980134420766,30.030980134420766,0.0,28.50262896588947,0.0,0.0,0.0
2023,8,2,8,56.602,98.63002574414736,58.53360910031024,0.0,0.0,0.0,40.096416643837124,0.0
2023,8,2,9,56.602,181.2684145838996,58.53360910031024,0.0,0.0,0.0,122.73480548358938,0.0
2023,8,2,10,56.602,230.18774269596727,58.53360910031024,0.0,0.0,0.0,171.65413359565704,0.0
2023,8,2,11,56.602,251.5621854864823,58.53360910031024,0.0,0.0,0.0,193.02857638617206,0.0
2023,8,2,12,56.602,275.8744009762874,144.82583931334673,86.2922302130365,0.0,80.73859095296476,131.04856166294067,0.0
2023,8,2,13,56.602,278.0021397800935,278.0021397800935,219.46853067978324,0.0,286.0824542632243,0.0,0.0
2023,8,2,14,56.602,245.8247564663947,245.8247564663947,187.29114736608443,0.0,461.3198226678857,0.0,0.0
2023,8,2,15,56.602,215.58100245159332,215.58100245159332,157.04739335128306,0.0,608.2598799675407,0.0,0.0
2023,8,2,16,56.602,181.67529796918888,181.67529796918888,123.14168886887865,0.0,723.476353366088,0.0,0.0
2023,8,2,17,56.602,106.5250565687962,106.5250565687962,47.991447468485966,0.0,768.3791428389392,0.0,0.0
2023,8,2,18,56.602,28.948446357045746,28.948446357045746,0.0,29.585162743264487,738.3399613027116,0.0,0.0
2023,8,2,19,56.602,4.4309227370487445,4.4309227370487445,0.0,54.10268636326149,683.407006180347,0.0,0.0
2023,8,2,20,56.602,0.0,0.0,0.0,58.53360910031024,623.9751306489168,0.0,0.0
2023,8,2,21,56.602,0.0,0.0,0.0,58.53360910031024,564.5432551174865,0.0,0.0
2023,8,2,22,56.602,0.0,0.0,0.0,58.53360910031024,505.1113795860562,0.0,0.0
2023,8,2,23,56.602,0.0,0.0,0.0,58.53360910031024,445.6795040546259,0.0,0.0
2023,8,3,0,56.602,0.0,0.0,0.0,58.53360910031024,386.2476285231956,0.0,0.0
2023,8,3,1,56.602,0.0,0.0,0.0,58.53360910031024,326.8157529917653,0.0,0.0
2023,8,3,2,56.602,0.0,0.0,0.0,58.53360910031024,267.383877460335,0.0,0.0
2023,8,3,3,56.602,0.0,0.0,0.0,58.53360910031024,207.95200192890468,0.0,0.0
2023,8,3,4,56.602,0.0,0.0,0.0,58.53360910031024,148.52012639747437,0.0,0.0
2023,8,3,5,56.602,0.0,0.0,0.0,58.53360910031024,89.08825086604406,0.0,0.0
2023,8,3,6,56.602,3.5051697136384217,3.5051697136384217,0.0,55.02843938667181,33.215335961499036,0.0,0.0
2023,8,3,7,56.602,25.820297027941386,25.820297027941386,0.0,32.71331207236885,0.0,0.0,0.0
2023,8,3,8,56.602,92.45585033801537,58.53360910031024,0.0,0.0,0.0,33.92224123770513,0.0
2023,8,3,9,56.602,180.40612043709402,58.53360910031024,0.0,0.0,0.0,121.87251133678379,0.0
2023,8,3,10,56.602,240.90109421688555,58.53360910031024,0.0,0.0,0.0,182.36748511657532,0.0
2023,8,3,11,56.602,280.6786112227759,58.53360910031024,0.0,0.0,-0.0,222.14500212246566,0.0
2023,8,3,12,56.602,305.5619566020237,71.09427273789612,12.560663637585877,0.0,11.752278055963558,234.4676838641276,0.0
2023,8,3,13,56.602,292.6499416505058,292.6499416505058,234.11633255019558,0.0,230.80123255062762,0.0,0.0
2023,8,3,14,56.602,282.68689802356124,282.68689802356124,224.15328892325098,0.0,440.5283500495792,0.0,0.0
2023,8,3,15,56.602,241.82684724029593,241.82684724029593,183.2932381399857,0.0,612.0251087043688,0.0,0.0
2023,8,3,16,56.602,181.13776395559574,181.13776395559574,122.60415485528551,0.0,726.7386429768829,0.0,0.0
2023,8,3,17,56.602,104.4197150155565,104.4197150155565,45.88610591524627,0.0,769.6715875394374,0.0,0.0
2023,8,3,18,56.602,28.31012471590393,28.31012471590393,0.0,30.2234843844063,738.9842885727546,0.0,0.0
2023,8,3,19,56.602,4.132292729497053,4.132292729497053,0.0,54.401316370813184,683.7481206174286,0.0,0.0
2023,8,3,20,56.602,0.0,0.0,0.0,58.53360910031024,624.3162450859984,0.0,0.0
2023,8,3,21,56.602,0.0,0.0,0.0,58.53360910031024,564.8843695545681,0.0,0.0
2023,8,3,22,56.602,0.0,0.0,0.0,58.53360910031024,505.4524940231379,0.0,0.0
2023,8,3,23,56.602,0.0,0.0,0.0,58.53360910031024,446.0206184917076,0.0,0.0
2023,8,4,0,56.602,0.0,0.0,0.0,58.53360910031024,386.5887429602773,0.0,0.0
2023,8,4,1,56.602,0.0,0.0,0.0,58.53360910031024,327.15686742884697,0.0,0.0
2023,8,4,2,56.602,0.0,0.0,0.0,58.53360910031024,267.72499189741666,0.0,0.0
2023,8,4,3,56.602,0.0,0.0,0.0,58.53360910031024,208.29311636598635,0.0,0.0
2023,8,4,4,56.602,0.0,0.0,0.0,58.53360910031024,148.86124083455604,0.0,0.0
2023,8,4,5,56.602,0.0,0.0,0.0,58.53360910031024,89.42936530312573,0.0,0.0
2023,8,4,6,56.602,3.5686285902431645,3.5686285902431645,0.0,54.96498051006707,33.62088312558501,0.0,0.0
2023,8,4,7,56.602,25.420879392840945,25.420879392840945,0.0,33.11272970746929,0.0,0.0,0.0
2023,8,4,8,56.602,104.58022864461557,58.53360910031024,0.0,0.0,0.0,46.04661954430534,0.0
2023,8,4,9,56.602,184.14272840658504,58.53360910031024,0.0,0.0,0.0,125.6091193062748,0.0
2023,8,4,10,56.602,244.54064743392226,58.53360910031024,0.0,0.0,0.0,186.00703833361203,0.0
2023,8,4,11,56.602,284.5085410696268,58.53360910031024,0.0,0.0,0.0,225.97493196931657,0.0
2023,8,4,12,56.602,304.0389435635099,58.53360910031024,0.0,0.0,-0.0,245.5053344631997,0.0
2023,8,4,13,56.602,305.1214773408849,295.59231890548676,237.05870980517653,0.0,221.801964737101,9.52915843539813,0.0
2023,8,4,14,56.602,285.0796709590695,285.0796709590695,226.5460618587593,0.0,433.7678598734643,0.0,0.0
2023,8,4,15,56.602,245.58585246035327,245.58585246035327,187.05224336004304,0.0,608.7816997776665,0.0,0.0
2023,8,4,16,56.602,184.94902942697465,184.94902942697465,126.4154203266644,0.0,727.0612121590688,0.0,0.0
2023,8,4,17,56.602,107.04019333182293,107.04019333182293,48.5065842315127,0.0,772.445984961035,0.0,0.0
2023,8,4,18,56.602,28.51169997100131,28.51169997100131,0.0,30.021909129308927,741.9633546566013,0.0,0.0
2023,8,4,19,56.602,3.9829777257211885,3.9829777257211885,0.0,54.55063137458905,686.5755802847946,0.0,0.0
2023,8,4,20,56.602,0.0,0.0,0.0,58.53360910031024,627.1437047533643,0.0,0.0
2023,8,4,21,56.602,0.0,0.0,0.0,58.53360910031024,567.711829221934,0.0,0.0
2023,8,4,22,56.602,0.0,0.0,0.0,58.53360910031024,508.27995369050365,0.0,0.0
2023,8,4,23,56.602,0.0,0.0,0.0,58.53360910031024,448.84807815907334,0.0,0.0
2023,8,5,0,56.602,0.0,0.0,0.0,58.53360910031024,389.41620262764303,0.0,0.0
2023,8,5,1,56.602,0.0,0.0,0.0,58.53360910031024,329.9843270962127,0.0,0.0
2023,8,5,2,56.602,0.0,0.0,0.0,58.53360910031024,270.5524515647824,0.0,0.0
2023,8,5,3,56.602,0.0,0.0,0.0,58.53360910031024,211.1205760333521,0.0,0.0
2023,8,5,4,56.602,0.0,0.0,0.0,58.53360910031024,151.6887005019218,0.0,0.0
2023,8,5,5,56.602,0.0,0.0,0.0,58.53360910031024,92.2568249704915,0.0,0.0
2023,8,5,6,56.602,3.060957577405187,3.060957577405187,0.0,55.47265152290505,35.93288097691623,0.0,0.0
2023,8,5,7,56.602,23.143825585259012,23.143825585259012,0.0,35.38978351505122,0.0,0.0,0.0
2023,8,5,8,56.602,91.66074794290888,58.53360910031024,0.0,0.0,0.0,33.12713884259865,0.0
2023,8,5,9,56.602,177.5616696151638,58.53360910031024,0.0,0.0,0.0,119.02806051485356,0.0
2023,8,5,10,56.602,185.74413182208116,58.53360910031024,0.0,0.0,-0.0,127.21052272177093,0.0
2023,8,5,11,56.602,237.18315062286652,205.82696391928616,147.29335481897593,0.0,137.81377414235132,31.356186703580363,0.0
2023,8,5,12,56.602,217.17494011690064,217.17494011690064,158.64133101659039,0.0,286.24518565600744,0.0,0.0
2023,8,5,13,56.602,250.54684346080643,250.54684346080643,192.0132343604962,0.0,465.9007345775577,0.0,0.0
2023,8,5,14,56.602,207.2193622401449,207.2193622401449,148.68575313983467,0.0,605.0172943611408,0.0,0.0
2023,8,5,15,56.602,168.3340023818153,168.3340023818153,109.80039328150507,0.0,707.7510980621698,0.0,0.0
2023,8,5,16,56.602,107.91741897900614,107.91741897900614,49.38380987869591,0.0,753.9566395767598,0.0,0.0
2023,8,5,17,56.602,75.09051539888232,75.09051539888232,16.55690629857208,0.0,769.4479680751282,0.0,0.0
2023,8,5,18,56.602,26.585536422292694,26.585536422292694,0.0,31.948072678017542,737.009614998093,0.0,0.0
2023,8,5,19,56.602,3.751539469868598,3.751539469868598,0.0,54.78206963044164,681.3868506807412,0.0,0.0
2023,8,5,20,56.602,0.0,0.0,0.0,58.53360910031024,621.9549751493109,0.0,0.0
2023,8,5,21,56.602,0.0,0.0,0.0,58.53360910031024,562.5230996178807,0.0,0.0
2023,8,5,22,56.602,0.0,0.0,0.0,58.53360910031024,503.09122408645044,0.0,0.0
2023,8,5,23,56.602,0.0,0.0,0.0,58.53360910031024,443.65934855502013,0.0,0.0
2023,8,6,0,56.602,0.0,0.0,0.0,58.53360910031024,384.2274730235898,0.0,0.0
2023,8,6,1,56.602,0.0,0.0,0.0,58.53360910031024,324.7955974921595,0.0,0.0
2023,8,6,2,56.602,0.0,0.0,0.0,58.53360910031024,265.3637219607292,0.0,0.0
2023,8,6,3,56.602,0.0,0.0,0.0,58.53360910031024,205.93184642929887,0.0,0.0
2023,8,6,4,56.602,0.0,0.0,0.0,58.53360910031024,146.49997089786856,0.0,0.0
2023,8,6,5,56.602,0.0,0.0,0.0,58.53360910031024,87.06809536643826,0.0,0.0
2023,8,6,6,56.602,2.795923445703065,2.795923445703065,0.0,55.73768565460717,30.475049983609736,0.0,0.0
2023,8,6,7,56.602,28.519165721190138,28.519165721190138,0.0,30.0144433791201,0.0,0.0,0.0
2023,8,6,8,56.602,95.85649954901068,58.53360910031024,0.0,0.0,0.0,37.32289044870044,0.0
2023,8,6,9,56.602,174.5641709143633,58.53360910031024,0.0,0.0,0.0,116.03056181405307,0.0
2023,8,6,10,56.602,215.52127645008295,58.53360910031024,0.0,0.0,0.0,156.98766734977272,0.0
2023,8,6,11,56.602,254.2647870548254,58.53360910031024,0.0,0.0,-0.0,195.73117795451518,0.0
2023,8,6,12,56.602,258.42320990998326,199.58841525141972,141.0548061511095,0.0,131.97672916400822,58.83479465856354,0.0
2023,8,6,13,56.602,262.30540000815574,262.30540000815574,203.77179090784549,0.0,322.63407146753457,0.0,0.0
2023,8,6,14,56.602,258.45680578583284,258.45680578583284,199.9231966855226,0.0,509.6905093339761,0.0,0.0
2023,8,6,15,56.602,194.25881991239984,194.25881991239984,135.7252108120896,0.0,636.6806479676477,0.0,0.0
2023,8,6,16,56.602,169.56958403806064,169.56958403806064,111.03597493775041,0.0,740.5705131319892,0.0,0.0
2023,8,6,17,56.602,87.558318214167,87.558318214167,29.024709113856765,0.0,767.7272352480719,0.0,0.0
2023,8,6,18,56.602,30.463993645370778,30.463993645370778,0.0,28.06961545493946,739.2268588391238,0.0,0.0
2023,8,6,19,56.602,3.9120530989276525,3.9120530989276525,0.0,54.62155600138259,683.7670714194887,0.0,0.0
2023,8,6,20,56.602,0.0,0.0,0.0,58.53360910031024,624.3351958880585,0.0,0.0
2023,8,6,21,56.602,0.0,0.0,0.0,58.53360910031024,564.9033203566282,0.0,0.0
2023,8,6,22,56.602,0.0,0.0,0.0,58.53360910031024,505.471444825198,0.0,0.0
2023,8,6,23,56.602,0.0,0.0,0.0,58.53360910031024,446.03956929376767,0.0,0.0
2023,8,7,0,56.602,0.0,0.0,0.0,58.53360910031024,386.60769376233736,0.0,0.0
2023,8,7,1,56.602,0.0,0.0,0.0,58.53360910031024,327.17581823090705,0.0,0.0
2023,8,7,2,56.602,0.0,0.0,0.0,58.53360910031024,267.74394269947675,0.0,0.0
2023,8,7,3,56.602,0.0,0.0,0.0,58.53360910031024,208.31206716804644,0.0,0.0
2023,8,7,4,56.602,0.0,0.0,0.0,58.53360910031024,148.88019163661613,0.0,0.0
2023,8,7,5,56.602,0.0,0.0,0.0,58.53360910031024,89.44831610518581,0.0,0.0
2023,8,7,6,56.602,3.150546579670743,3.150546579670743,0.0,55.38306252063949,33.215335961499036,0.0,0.0
2023,8,7,7,56.602,25.820297027941386,25.820297027941386,0.0,32.71331207236885,0.0,0.0,0.0
2023,8,7,8,56.602,101.09745618154349,58.53360910031024,0.0,0.0,0.0,42.563847081233256,0.0
2023,8,7,9,56.602,177.0987931034586,58.53360910031024,0.0,0.0,0.0,118.56518400314837,0.0
2023,8,7,10,56.602,221.0048699637516,58.53360910031024,0.0,0.0,0.0,162.47126086344136,0.0
2023,8,7,11,56.602,233.31215914997725,58.53360910031024,0.0,0.0,-0.0,174.77855004966702,0.0
2023,8,7,12,56.602,266.4600899882192,182.87307453029717,124.33946542998693,0.0,116.33716284627195,83.587015457922,0.0
2023,8,7,13,56.602,239.63564955988514,239.63564955988514,181.1020404595749,0.0,285.7837460359124,0.0,0.0
2023,8,7,14,56.602,257.7363608926143,257.7363608926143,199.20275179230404,0.0,472.16610576815657,0.0,0.0
2023,8,7,15,56.602,214.75603705573167,214.75603705573167,156.22242795542144,0.0,618.3342912146634,0.0,0.0
2023,8,7,16,56.602,171.38376133393737,171.38376133393737,112.85015223362713,0.0,723.9215759293669,0.0,0.0
2023,8,7,17,56.602,107.45080959220657,107.45080959220657,48.91720049189633,0.0,769.6905383414975,0.0,0.0
2023,8,7,18,56.602,29.17988461289834,29.17988461289834,0.0,29.353724487411895,739.886346750815,0.0,0.0
2023,8,7,19,56.602,3.6395532170366995,3.6395532170366995,0.0,54.89405588327354,684.1498776211026,0.0,0.0
2023,8,7,20,56.602,0.0,0.0,0.0,58.53360910031024,624.7180020896724,0.0,0.0
2023,8,7,21,56.602,0.0,0.0,0.0,58.53360910031024,565.2861265582421,0.0,0.0
2023,8,7,22,56.602,0.0,0.0,0.0,58.53360910031024,505.8542510268118,0.0,0.0
2023,8,7,23,56.602,0.0,0.0,0.0,58.53360910031024,446.4223754953815,0.0,0.0
2023,8,8,0,56.602,0.0,0.0,0.0,58.53360910031024,386.9904999639512,0.0,0.0
2023,8,8,1,56.602,0.0,0.0,0.0,58.53360910031024,327.5586244325209,0.0,0.0
2023,8,8,2,56.602,0.0,0.0,0.0,58.53360910031024,268.1267489010906,0.0,0.0
2023,8,8,3,56.602,0.0,0.0,0.0,58.53360910031024,208.69487336966029,0.0,0.0
2023,8,8,4,56.602,0.0,0.0,0.0,58.53360910031024,149.26299783822998,0.0,0.0
2023,8,8,5,56.602,0.0,0.0,0.0,58.53360910031024,89.83112230679967,0.0,0.0
2023,8,8,6,56.602,2.9601699498565157,2.9601699498565157,0.0,55.57343915045372,33.40484398209996,0.0,0.0
2023,8,8,7,56.602,25.633653273221555,25.633653273221555,0.0,32.89995582708868,0.0,0.0,0.0
2023,8,8,8,56.602,101.39608618909524,58.53360910031024,0.0,0.0,0.0,42.862477088785006,0.0
2023,8,8,9,56.602,188.3608772632532,58.53360910031024,0.0,0.0,0.0,129.82726816294297,0.0
2023,8,8,10,56.602,256.321601231838,58.53360910031024,0.0,0.0,0.0,197.78799213152774,0.0
2023,8,8,11,56.602,294.30733819241794,58.53360910031024,0.0,0.0,0.0,235.77372909210771,0.0
2023,8,8,12,56.602,312.5536316538286,58.53360910031024,0.0,0.0,-0.0,254.02002255351834,0.0
2023,8,8,13,56.602,316.15585611992134,273.04527938374554,214.5116702834353,0.0,200.7060190574959,43.1105767361758,0.0
2023,8,8,14,56.602,296.7486385041533,296.7486385041533,238.21502940384306,0.0,423.58988438816306,0.0,0.0
2023,8,8,15,56.602,249.94585057060857,249.94585057060857,191.4122414702983,0.0,602.6831194257456,0.0,0.0
2023,8,8,16,56.602,187.1588914828575,187.1588914828575,128.62528238254728,0.0,723.0302704363955,0.0,0.0
2023,8,8,17,56.602,109.25005538770573,109.25005538770573,50.71644628739549,0.0,770.4826818676094,0.0,0.0
2023,8,8,18,56.602,28.46317259477419,28.46317259477419,0.0,30.070436505536048,739.9507794778193,0.0,0.0
2023,8,8,19,56.602,3.333457459296177,3.333457459296177,0.0,55.20015164101406,683.9035171943215,0.0,0.0
2023,8,8,20,56.602,0.0,0.0,0.0,58.53360910031024,624.4716416628912,0.0,0.0
2023,8,8,21,56.602,0.0,0.0,0.0,58.53360910031024,565.039766131461,0.0,0.0
2023,8,8,22,56.602,0.0,0.0,0.0,58.53360910031024,505.6078906000306,0.0,0.0
2023,8,8,23,56.602,0.0,0.0,0.0,58.53360910031024,446.1760150686003,0.0,0.0
2023,8,9,0,56.602,0.0,0.0,0.0,58.53360910031024,386.74413953717,0.0,0.0
2023,8,9,1,56.602,0.0,0.0,0.0,58.53360910031024,327.3122640057397,0.0,0.0
2023,8,9,2,56.602,0.0,0.0,0.0,58.53360910031024,267.88038847430937,0.0,0.0
2023,8,9,3,56.602,0.0,0.0,0.0,58.53360910031024,208.4485129428791,0.0,0.0
2023,8,9,4,56.602,0.0,0.0,0.0,58.53360910031024,149.01663741144878,0.0,0.0
2023,8,9,5,56.602,0.0,0.0,0.0,58.53360910031024,89.58476188001848,0.0,0.0
2023,8,9,6,56.602,2.792190570608668,2.792190570608668,0.0,55.74141852970156,32.98792633677794,0.0,0.0
2023,8,9,7,56.602,26.04426953360518,26.04426953360518,0.0,32.489339566705056,0.0,0.0,0.0
2023,8,9,8,56.602,105.62543367104662,58.53360910031024,0.0,0.0,0.0,47.091824570736385,0.0
2023,8,9,9,56.602,179.55875779066596,58.53360910031024,0.0,0.0,0.0,121.02514869035573,0.0
2023,8,9,10,56.602,228.57514065518794,58.53360910031024,0.0,0.0,0.0,170.0415315548777,0.0
2023,8,9,11,56.602,263.19755715571654,58.53360910031024,0.0,0.0,-0.0,204.6639480554063,0.0
2023,8,9,12,56.602,303.62459442803186,236.14430711785226,177.61069801754203,0.0,166.17993834098948,67.48028731017959,0.0
2023,8,9,13,56.602,305.2222649684336,305.2222649684336,246.68865586812333,0.0,396.99208017231877,0.0,0.0
2023,8,9,14,56.602,238.82188278930664,238.82188278930664,180.2882736889964,0.0,565.67726940727,0.0,0.0
2023,8,9,15,56.602,208.3354918933695,208.3354918933695,149.80188279305926,0.0,705.8381264039359,0.0,0.0
2023,8,9,16,56.602,117.55943534783259,117.55943534783259,59.02582624752235,0.0,761.0651384917462,0.0,0.0
2023,8,9,17,56.602,72.11914682374257,72.11914682374257,13.585537723432333,0.0,773.7763312656533,0.0,0.0
2023,8,9,18,56.602,26.887899304938816,26.887899304938816,0.0,31.64570979537142,741.6449811819915,0.0,0.0
2023,8,9,19,56.602,2.7138001936263016,2.7138001936263016,0.0,55.81980890668393,684.9685522700986,0.0,0.0
2023,8,9,20,56.602,0.0,0.0,0.0,58.53360910031024,625.5366767386683,0.0,0.0
2023,8,9,21,56.602,0.0,0.0,0.0,58.53360910031024,566.1048012072381,0.0,0.0
2023,8,9,22,56.602,0.0,0.0,0.0,58.53360910031024,506.67292567580785,0.0,0.0
2023,8,9,23,56.602,0.0,0.0,0.0,58.53360910031024,447.24105014437754,0.0,0.0
2023,8,10,0,56.602,0.0,0.0,0.0,58.53360910031024,387.80917461294723,0.0,0.0
2023,8,10,1,56.602,0.0,0.0,0.0,58.53360910031024,328.3772990815169,0.0,0.0
2023,8,10,2,56.602,0.0,0.0,0.0,58.53360910031024,268.9454235500866,0.0,0.0
2023,8,10,3,56.602,0.0,0.0,0.0,58.53360910031024,209.5135480186563,0.0,0.0
2023,8,10,4,56.602,0.0,0.0,0.0,58.53360910031024,150.081672487226,0.0,0.0
2023,8,10,5,56.602,0.0,0.0,0.0,58.53360910031024,90.6497969557957,0.0,0.0
2023,8,10,6,56.602,2.6204783162663863,2.6204783162663863,0.0,55.91313078404385,33.87861403360226,0.0,0.0
2023,8,10,7,56.602,25.167043886421975,25.167043886421975,0.0,33.366565213888265,0.0,0.0,0.0
2023,8,10,8,56.602,104.47570814197248,58.53360910031024,0.0,0.0,0.0,45.94209904166224,0.0
2023,8,10,9,56.602,184.26964615979446,58.53360910031024,0.0,0.0,0.0,125.73603705948423,0.0
2023,8,10,10,56.602,245.51492783355977,58.53360910031024,0.0,0.0,-0.0,186.98131873324954,0.0
2023,8,10,11,56.602,289.1634363123394,176.50838973003763,117.9747806297274,0.0,110.38209966892609,112.65504658230176,0.0
2023,8,10,12,56.602,268.3414590357951,268.3414590357951,209.80784993548485,0.0,306.68702924186687,0.0,0.0
2023,8,10,13,56.602,250.16982307627234,250.16982307627234,191.63621397596208,0.0,485.98982224862993,0.0,0.0
2023,8,10,14,56.602,182.3808113620298,182.3808113620298,123.84720226171956,0.0,601.8664032500958,0.0,0.0
2023,8,10,15,56.602,145.41788217731454,145.41788217731454,86.88427307700431,0.0,683.1589340711403,0.0,0.0
2023,8,10,16,56.602,141.8977809632985,141.8977809632985,83.36417186298826,0.0,761.1579121432313,0.0,0.0
2023,8,10,17,56.602,71.42856493127923,71.42856493127923,12.89495583096899,0.0,773.2229678454986,0.0,0.0
2023,8,10,18,56.602,27.04094718380908,27.04094718380908,0.0,31.492661916501156,741.2470143387296,0.0,0.0
2023,8,10,19,56.602,2.8145878211750475,2.8145878211750475,0.0,55.71902127913519,684.6729197579612,0.0,0.0
2023,8,10,20,56.602,0.0,0.0,0.0,58.53360910031024,625.2410442265309,0.0,0.0
2023,8,10,21,56.602,0.0,0.0,0.0,58.53360910031024,565.8091686951007,0.0,0.0
2023,8,10,22,56.602,0.0,0.0,0.0,58.53360910031024,506.37729316367034,0.0,0.0
2023,8,10,23,56.602,0.0,0.0,0.0,58.53360910031024,446.94541763224004,0.0,0.0
2023,8,11,0,56.602,0.0,0.0,0.0,58.53360910031024,387.51354210080973,0.0,0.0
2023,8,11,1,56.602,0.0,0.0,0.0,58.53360910031024,328.0816665693794,0.0,0.0
2023,8,11,2,56.602,0.0,0.0,0.0,58.53360910031024,268.6497910379491,0.0,0.0
2023,8,11,3,56.602,0.0,0.0,0.0,58.53360910031024,209.2179155065188,0.0,0.0
2023,8,11,4,56.602,0.0,0.0,0.0,58.53360910031024,149.7860399750885,0.0,0.0
2023,8,11,5,56.602,0.0,0.0,0.0,58.53360910031024,90.3541644436582,0.0,0.0
2023,8,11,6,56.602,2.4151701860746098,2.4151701860746098,0.0,56.118438914235625,33.37452269880381,0.0,0.0
2023,8,11,7,56.602,25.66351627397673,25.66351627397673,0.0,32.870092826333504,0.0,0.0,0.0
2023,8,11,8,56.602,106.23015943633887,58.53360910031024,0.0,0.0,0.0,47.69655033602863,0.0
2023,8,11,9,56.602,188.50645939193467,58.53360910031024,0.0,0.0,0.0,129.97285029162444,0.0
2023,8,11,10,56.602,254.1826638027487,58.53360910031024,0.0,0.0,-0.0,195.64905470243846,0.0
2023,8,11,11,56.602,296.04685798640674,87.26910904790158,28.735499947591347,0.0,26.886126020497926,208.77774893850517,0.0
2023,8,11,12,56.602,308.3018869213108,308.3018869213108,249.76827782100057,0.0,260.57968992805905,0.0,0.0
2023,8,11,13,56.602,282.5562473952574,282.5562473952574,224.02263829494714,0.0,470.18456527832205,0.0,0.0
2023,8,11,14,56.602,193.5495736444645,193.5495736444645,135.01596454415423,0.0,596.5111036762554,0.0,0.0
2023,8,11,15,56.602,119.24296201540547,119.24296201540547,60.70935291509523,0.0,653.3132931657391,0.0,0.0
2023,8,11,16,56.602,147.5418881060262,147.5418881060262,89.00827900571595,0.0,736.5931320611786,0.0,0.0
2023,8,11,17,56.602,93.72129499501582,93.72129499501582,35.18768589470559,0.0,769.5161909625447,0.0,0.0
2023,8,11,18,56.602,30.038445884609562,30.038445884609562,0.0,28.495163215700675,740.5837362666264,0.0,0.0
2023,8,11,19,56.602,3.1094849536323808,3.1094849536323808,0.0,55.424124146677855,684.3090643584073,0.0,0.0
2023,8,11,20,56.602,0.0,0.0,0.0,58.53360910031024,624.8771888269771,0.0,0.0
2023,8,11,21,56.602,0.0,0.0,0.0,58.53360910031024,565.4453132955468,0.0,0.0
2023,8,11,22,56.602,0.0,0.0,0.0,58.53360910031024,506.0134377641166,0.0,0.0
2023,8,11,23,56.602,0.0,0.0,0.0,58.53360910031024,446.5815622326863,0.0,0.0
2023,8,12,0,56.602,0.0,0.0,0.0,58.53360910031024,387.149686701256,0.0,0.0
2023,8,12,1,56.602,0.0,0.0,0.0,58.53360910031024,327.71781116982567,0.0,0.0
2023,8,12,2,56.602,0.0,0.0,0.0,58.53360910031024,268.28593563839536,0.0,0.0
2023,8,12,3,56.602,0.0,0.0,0.0,58.53360910031024,208.85406010696505,0.0,0.0
2023,8,12,4,56.602,0.0,0.0,0.0,58.53360910031024,149.42218457553474,0.0,0.0
2023,8,12,5,56.602,0.0,0.0,0.0,58.53360910031024,89.99030904410444,0.0,0.0
2023,8,12,6,56.602,2.4002386856970235,2.4002386856970235,0.0,56.13337041461321,32.99550665760197,0.0,0.0
2023,8,12,7,56.602,26.036803783416392,26.036803783416392,0.0,32.49680531689385,0.0,0.0,0.0
2023,8,12,8,56.602,107.74943959975826,58.53360910031024,0.0,0.0,0.0,49.215830499448025,0.0
2023,8,12,9,56.602,191.45543071650798,58.53360910031024,0.0,0.0,0.0,132.92182161619775,0.0
2023,8,12,10,56.602,257.422799384685,58.53360910031024,0.0,0.0,-0.0,198.88919028437476,0.0
2023,8,12,11,56.602,279.7043308231384,265.616781765,207.0831726646897,0.0,193.75560846833528,14.087549058138393,0.0
2023,8,12,12,56.602,296.7449056290589,296.7449056290589,238.21129652874868,0.0,416.6359811661828,0.0,0.0
2023,8,12,13,56.602,219.05257628938216,219.05257628938216,160.51896718907193,0.0,566.8241869881355,0.0,0.0
2023,8,12,14,56.602,173.63095214076415,173.63095214076415,115.09734304045392,0.0,674.5140366602833,0.0,0.0
2023,8,12,15,56.602,147.39257310225034,147.39257310225034,88.85896400194011,0.0,757.6541702429358,0.0,0.0
2023,8,12,16,56.602,84.17260050354928,84.17260050354928,25.63899140323904,0.0,781.6430743915734,0.0,0.0
2023,8,12,17,56.602,56.98607119105872,56.98607119105872,0.0,1.5475379092515165,780.0717877100159,0.0,0.0
2023,8,12,18,56.602,21.325915414287863,21.325915414287863,0.0,37.207693686022374,742.2930986124467,0.0,0.0
2023,8,12,19,56.602,1.5790061649297682,1.5790061649297682,0.0,56.95460293538047,684.4644609353002,0.0,0.0
2023,8,12,20,56.602,0.0,0.0,0.0,58.53360910031024,625.0325854038699,0.0,0.0
2023,8,12,21,56.602,0.0,0.0,0.0,58.53360910031024,565.6007098724397,0.0,0.0
2023,8,12,22,56.602,0.0,0.0,0.0,58.53360910031024,506.16883434100936,0.0,0.0
2023,8,12,23,56.602,0.0,0.0,0.0,58.53360910031024,446.73695880957905,0.0,0.0
2023,8,13,0,56.602,0.0,0.0,0.0,58.53360910031024,387.30508327814874,0.0,0.0
2023,8,13,1,56.602,0.0,0.0,0.0,58.53360910031024,327.87320774671844,0.0,0.0
2023,8,13,2,56.602,0.0,0.0,0.0,58.53360910031024,268.4413322152881,0.0,0.0
2023,8,13,3,56.602,0.0,0.0,0.0,58.53360910031024,209.00945668385782,0.0,0.0
2023,8,13,4,56.602,0.0,0.0,0.0,58.53360910031024,149.5775811524275,0.0,0.0
2023,8,13,5,56.602,0.0,0.0,0.0,58.53360910031024,90.1457056209972,0.0,0.0
2023,8,13,6,56.602,2.489827687962542,2.489827687962542,0.0,56.0437814123477,33.241867084383166,0.0,0.0
2023,8,13,7,56.602,25.794166902280608,25.794166902280608,0.0,32.73944219802963,0.0,0.0,0.0
2023,8,13,8,56.602,109.18659651110099,58.53360910031024,0.0,0.0,0.0,50.65298741079075,0.0
2023,8,13,9,56.602,193.39279289049986,58.53360910031024,0.0,0.0,0.0,134.85918379018963,0.0
2023,8,13,10,56.602,256.51197786165216,58.53360910031024,0.0,0.0,0.0,197.97836876134193,0.0
2023,8,13,11,56.602,301.22435574233486,58.53360910031024,0.0,0.0,-0.0,242.69074664202464,0.0
2023,8,13,12,56.602,320.8219499879171,149.75800838618542,91.22439928587518,0.0,85.3533329789812,171.06394160173167,0.0
2023,8,13,13,56.602,316.35743137501873,316.35743137501873,257.8238222747085,0.0,326.5839985114009,0.0,0.0
2023,8,13,14,56.602,288.41686129346004,288.41686129346004,229.88325219314981,0.0,541.6723073885536,0.0,0.0
2023,8,13,15,56.602,229.53075667935343,229.53075667935343,170.99714757904317,0.0,701.6643335353338,0.0,0.0
2023,8,13,16,56.602,133.0732642401449,133.0732642401449,74.53965513983468,0.0,771.4067276217131,0.0,0.0
2023,8,13,17,56.602,72.47750283280467,72.47750283280467,13.94389373249444,0.0,784.453213146309,0.0,0.0
2023,8,13,18,56.602,17.525848568192107,17.525848568192107,0.0,41.00776053211813,742.8161407493052,0.0,0.0
2023,8,13,19,56.602,1.6723280422896833,1.6723280422896833,0.0,56.86128105802055,685.0822570824591,0.0,0.0
2023,8,13,20,56.602,0.0,0.0,0.0,58.53360910031024,625.6503815510289,0.0,0.0
2023,8,13,21,56.602,0.0,0.0,0.0,58.53360910031024,566.2185060195986,0.0,0.0
2023,8,13,22,56.602,0.0,0.0,0.0,58.53360910031024,506.7866304881684,0.0,0.0
2023,8,13,23,56.602,0.0,0.0,0.0,58.53360910031024,447.3547549567381,0.0,0.0
2023,8,14,0,56.602,0.0,0.0,0.0,58.53360910031024,387.92287942530777,0.0,0.0
2023,8,14,1,56.602,0.0,0.0,0.0,58.53360910031024,328.49100389387746,0.0,0.0
2023,8,14,2,56.602,0.0,0.0,0.0,58.53360910031024,269.05912836244715,0.0,0.0
2023,8,14,3,56.602,0.0,0.0,0.0,58.53360910031024,209.62725283101682,0.0,0.0
2023,8,14,4,56.602,0.0,0.0,0.0,58.53360910031024,150.1953772995865,0.0,0.0
2023,8,14,5,56.602,0.0,0.0,0.0,58.53360910031024,90.7635017681562,0.0,0.0
2023,8,14,6,56.602,2.075478552484518,2.075478552484518,0.0,56.45813054782572,33.438955425808125,0.0,0.0
2023,8,14,7,56.602,25.600057397371987,25.600057397371987,0.0,32.93355170293825,0.0,0.0,0.0
2023,8,14,8,56.602,105.83447467633283,58.53360910031024,0.0,0.0,0.0,47.300865576022595,0.0
2023,8,14,9,56.602,186.4832410907717,58.53360910031024,0.0,0.0,0.0,127.94963199046148,0.0
2023,8,14,10,56.602,248.55348816039864,58.53360910031024,0.0,0.0,0.0,190.0198790600884,0.0
2023,8,14,11,56.602,284.8930272043497,58.53360910031024,0.0,0.0,-0.0,226.3594181040395,0.0
2023,8,14,12,56.602,291.4628873704877,255.44846254354806,196.91485344323783,0.0,184.2417071092771,36.01442482693963,0.0
2023,8,14,13,56.602,293.6503521758041,293.6503521758041,235.11674307549382,0.0,404.226687199614,0.0,0.0
2023,8,14,14,56.602,241.1287995976438,241.1287995976438,182.59519049733356,0.0,575.0703235171244,0.0,0.0
2023,8,14,15,56.602,150.8604140649448,150.8604140649448,92.32680496463456,0.0,661.455112989255,0.0,0.0
2023,8,14,16,56.602,151.87575609062068,151.87575609062068,93.34214699031044,0.0,748.7898985883371,0.0,0.0
2023,8,14,17,56.602,88.82376287116746,88.82376287116746,30.290153770857223,0.0,777.1306232302896,0.0,0.0
2023,8,14,18,56.602,24.857215253587057,24.857215253587057,0.0,33.67639384672318,742.9374258824898,0.0,0.0
2023,8,14,19,56.602,1.997088175502189,1.997088175502189,0.0,56.536520924808045,685.5332861714894,0.0,0.0
2023,8,14,20,56.602,0.0,0.0,0.0,58.53360910031024,626.1014106400592,0.0,0.0
2023,8,14,21,56.602,0.0,0.0,0.0,58.53360910031024,566.6695351086289,0.0,0.0
2023,8,14,22,56.602,0.0,0.0,0.0,58.53360910031024,507.23765957719854,0.0,0.0
2023,8,14,23,56.602,0.0,0.0,0.0,58.53360910031024,447.80578404576823,0.0,0.0
2023,8,15,0,56.602,0.0,0.0,0.0,58.53360910031024,388.3739085143379,0.0,0.0
2023,8,15,1,56.602,0.0,0.0,0.0,58.53360910031024,328.9420329829076,0.0,0.0
2023,8,15,2,56.602,0.0,0.0,0.0,58.53360910031024,269.5101574514773,0.0,0.0
2023,8,15,3,56.602,0.0,0.0,0.0,58.53360910031024,210.078281920047,0.0,0.0
2023,8,15,4,56.602,0.0,0.0,0.0,58.53360910031024,150.6464063886167,0.0,0.0
2023,8,15,5,56.602,0.0,0.0,0.0,58.53360910031024,91.21453085718639,0.0,0.0
2023,8,15,6,56.602,1.9224306736142567,1.9224306736142567,0.0,56.61117842669598,33.734587937945555,0.0,0.0
2023,8,15,7,56.602,25.30889314000905,25.30889314000905,0.0,33.22471596030118,0.0,0.0,0.0
2023,8,15,8,56.602,105.46492004198753,58.53360910031024,0.0,0.0,0.0,46.93131094167729,0.0
2023,8,15,9,56.602,185.1468718069777,58.53360910031024,0.0,0.0,0.0,126.61326270666748,0.0
2023,8,15,10,56.602,231.03510534239527,58.53360910031024,0.0,0.0,-0.0,172.50149624208504,0.0
2023,8,15,11,56.602,251.56591836157668,111.34314158621406,52.80953248590383,0.0,49.41078972313488,140.2227767753626,0.0
2023,8,15,12,56.602,296.12898123848345,296.12898123848345,237.59537213817322,0.0,271.714878005736,0.0,0.0
2023,8,15,13,56.602,264.9072139489502,264.9072139489502,206.37360484863996,0.0,464.80658538457584,0.0,0.0
2023,8,15,14,56.602,212.9567912602325,212.9567912602325,154.42318215992225,0.0,609.2913218119993,0.0,0.0
2023,8,15,15,56.602,145.72771081014943,145.72771081014943,87.1941017098392,0.0,690.8737411570768,0.0,0.0
2023,8,15,16,56.602,122.90491248300854,122.90491248300854,64.37130338269831,0.0,751.1022034426617,0.0,0.0
2023,8,15,17,56.602,86.83040757075966,86.83040757075966,28.296798470449424,0.0,777.5778621589078,0.0,0.0
2023,8,15,18,56.602,24.472729118864205,24.472729118864205,0.0,34.060879981446035,742.9942782886701,0.0,0.0
2023,8,15,19,56.602,1.773115669838392,1.773115669838392,0.0,56.76049343047184,685.3627289529486,0.0,0.0
2023,8,15,20,56.602,0.0,0.0,0.0,58.53360910031024,625.9308534215183,0.0,0.0
2023,8,15,21,56.602,0.0,0.0,0.0,58.53360910031024,566.4989778900881,0.0,0.0
2023,8,15,22,56.602,0.0,0.0,0.0,58.53360910031024,507.06710235865773,0.0,0.0
2023,8,15,23,56.602,0.0,0.0,0.0,58.53360910031024,447.6352268272274,0.0,0.0
2023,8,16,0,56.602,0.0,0.0,0.0,58.53360910031024,388.2033512957971,0.0,0.0
2023,8,16,1,56.602,0.0,0.0,0.0,58.53360910031024,328.7714757643668,0.0,0.0
2023,8,16,2,56.602,0.0,0.0,0.0,58.53360910031024,269.3396002329365,0.0,0.0
2023,8,16,3,56.602,0.0,0.0,0.0,58.53360910031024,209.90772470150617,0.0,0.0
2023,8,16,4,56.602,0.0,0.0,0.0,58.53360910031024,150.47584917007586,0.0,0.0
2023,8,16,5,56.602,0.0,0.0,0.0,58.53360910031024,91.04397363864555,0.0,0.0
2023,8,16,6,56.602,1.7395197939888227,1.7395197939888227,0.0,56.79408930632142,33.378312859215825,0.0,0.0
2023,8,16,7,56.602,25.65978339888233,25.65978339888233,0.0,32.873825701427904,0.0,0.0,0.0
2023,8,16,8,56.602,107.59265884579364,58.53360910031024,0.0,0.0,0.0,49.0590497454834,0.0
2023,8,16,9,56.602,187.64789812022343,58.53360910031024,0.0,0.0,0.0,129.1142890199132,0.0
2023,8,16,10,56.602,249.74054244041673,58.53360910031024,0.0,0.0,0.0,191.2069333401065,0.0
2023,8,16,11,56.602,289.8054908285756,58.53360910031024,0.0,0.0,-0.0,231.27188172826538,0.0
2023,8,16,12,56.602,311.023152865126,213.80751778557078,155.27390868526055,0.0,145.2807114621694,97.21563507955523,0.0
2023,8,16,13,56.602,309.1529824428333,309.1529824428333,250.6193733425231,0.0,379.7705956526165,0.0,0.0
2023,8,16,14,56.602,241.03174484518945,241.03174484518945,182.49813574487922,0.0,550.5234235168153,0.0,0.0
2023,8,16,15,56.602,183.3849547624225,183.3849547624225,124.85134566211225,0.0,667.3395227467738,0.0,0.0
2023,8,16,16,56.602,159.32657477903632,159.32657477903632,100.79296567872609,0.0,761.6456034539272,0.0,0.0
2023,8,16,17,56.602,80.30534190575437,80.30534190575437,21.771732805444138,0.0,782.0161400013815,0.0,0.0
2023,8,16,18,56.602,20.948895029753768,20.948895029753768,0.0,37.584714070556466,743.8546447021984,0.0,0.0
2023,8,16,19,56.602,1.601403415496148,1.601403415496148,0.0,56.932205684814086,686.0487479875239,0.0,0.0
2023,8,16,20,56.602,0.0,0.0,0.0,58.53360910031024,626.6168724560937,0.0,0.0
2023,8,16,21,56.602,0.0,0.0,0.0,58.53360910031024,567.1849969246634,0.0,0.0
2023,8,16,22,56.602,0.0,0.0,0.0,58.53360910031024,507.7531213932331,0.0,0.0
2023,8,16,23,56.602,0.0,0.0,0.0,58.53360910031024,448.32124586180277,0.0,0.0
2023,8,17,0,56.602,0.0,0.0,0.0,58.53360910031024,388.88937033037246,0.0,0.0
2023,8,17,1,56.602,0.0,0.0,0.0,58.53360910031024,329.45749479894215,0.0,0.0
2023,8,17,2,56.602,0.0,0.0,0.0,58.53360910031024,270.02561926751184,0.0,0.0
2023,8,17,3,56.602,0.0,0.0,0.0,58.53360910031024,210.5937437360815,0.0,0.0
2023,8,17,4,56.602,0.0,0.0,0.0,58.53360910031024,151.1618682046512,0.0,0.0
2023,8,17,5,56.602,0.0,0.0,0.0,58.53360910031024,91.72999267322089,0.0,0.0
2023,8,17,6,56.602,1.5640746645521817,1.5640746645521817,0.0,56.96953443575806,33.886194354426294,0.0,0.0
2023,8,17,7,56.602,25.159578136233186,25.159578136233186,0.0,33.37403096407705,0.0,0.0,0.0
2023,8,17,8,56.602,104.09495488234401,58.53360910031024,0.0,0.0,0.0,45.561345782033776,0.0
2023,8,17,9,56.602,183.88142714997724,58.53360910031024,0.0,0.0,0.0,125.34781804966701,0.0
2023,8,17,10,56.602,247.92636514453994,58.53360910031024,0.0,0.0,-0.0,189.3927560442297,0.0
2023,8,17,11,56.602,291.08586698595366,62.833253939659635,4.2996448393494004,0.0,4.022926108992976,228.25261304629402,0.0
2023,8,17,12,56.602,308.4250717994259,308.4250717994259,249.89146269911566,0.0,237.8317468996034,0.0,0.0
2023,8,17,13,56.602,300.47778072345557,300.47778072345557,241.9441716231453,0.0,464.20475241712586,0.0,0.0
2023,8,17,14,56.602,264.38834431082904,264.38834431082904,205.8547352105188,0.0,656.8109838340308,0.0,0.0
2023,8,17,15,56.602,166.04201707385582,166.04201707385582,107.50840797354557,0.0,757.4003109837795,0.0,0.0
2023,8,17,16,56.602,93.87434287388606,93.87434287388606,35.340733773575835,0.0,790.4665678307522,0.0,0.0
2023,8,17,17,56.602,52.34237457362934,52.34237457362934,0.0,6.191234526680893,784.1803215966439,0.0,0.0
2023,8,17,18,56.602,20.25831313729043,20.25831313729043,0.0,38.27529596301981,745.3176466212375,0.0,0.0
2023,8,17,19,56.602,1.4072939105875237,1.4072939105875237,0.0,57.12631518972271,687.3146615651381,0.0,0.0
2023,8,17,20,56.602,0.0,0.0,0.0,58.53360910031024,627.8827860337078,0.0,0.0
2023,8,17,21,56.602,0.0,0.0,0.0,58.53360910031024,568.4509105022776,0.0,0.0
2023,8,17,22,56.602,0.0,0.0,0.0,58.53360910031024,509.0190349708472,0.0,0.0
2023,8,17,23,56.602,0.0,0.0,0.0,58.53360910031024,449.5871594394169,0.0,0.0
2023,8,18,0,56.602,0.0,0.0,0.0,58.53360910031024,390.1552839079866,0.0,0.0
2023,8,18,1,56.602,0.0,0.0,0.0,58.53360910031024,330.7234083765563,0.0,0.0
2023,8,18,2,56.602,0.0,0.0,0.0,58.53360910031024,271.29153284512597,0.0,0.0
2023,8,18,3,56.602,0.0,0.0,0.0,58.53360910031024,211.85965731369566,0.0,0.0
2023,8,18,4,56.602,0.0,0.0,0.0,58.53360910031024,152.42778178226536,0.0,0.0
2023,8,18,5,56.602,0.0,0.0,0.0,58.53360910031024,92.99590625083503,0.0,0.0
2023,8,18,6,56.602,1.4894171626642492,1.4894171626642492,0.0,57.044191937645984,35.07630472380007,0.0,0.0
2023,8,18,7,56.602,23.987455356592648,23.987455356592648,0.0,34.54615374371759,0.0,0.0,0.0
2023,8,18,8,56.602,104.49063964235005,58.53360910031024,0.0,0.0,0.0,45.95703054203981,0.0
2023,8,18,9,56.602,186.3899192134118,58.53360910031024,0.0,0.0,0.0,127.85631011310156,0.0
2023,8,18,10,56.602,248.74013191511844,58.53360910031024,0.0,0.0,0.0,190.2065228148082,0.0
2023,8,18,11,56.602,290.7200452267027,58.53360910031024,0.0,0.0,-0.0,232.1864361263925,0.0
2023,8,18,12,56.602,311.691337507023,183.0483900319499,124.51478093163966,0.0,116.50119530366365,128.64294747507307,0.0
2023,8,18,13,56.602,309.3433590726475,309.3433590726475,250.80974997233727,0.0,351.16920376791415,0.0,0.0
2023,8,18,14,56.602,271.1149852309318,271.1149852309318,212.58137613062155,0.0,550.0691595258735,0.0,0.0
2023,8,18,15,56.602,187.38286398852128,187.38286398852128,128.84925488821105,0.0,670.6258685057038,0.0,0.0
2023,8,18,16,56.602,162.03664209756823,162.03664209756823,103.50303299725799,0.0,767.4676006399412,0.0,0.0
2023,8,18,17,56.602,73.03370122186978,73.03370122186978,14.500092121559542,0.0,781.0344884546687,0.0,0.0
2023,8,18,18,56.602,22.423380692040467,22.423380692040467,0.0,36.11022840826976,744.3701065182329,0.0,0.0
2023,8,18,19,56.602,1.2654446570004525,1.2654446570004525,0.0,57.268164443309786,686.2230953664769,0.0,0.0
2023,8,18,20,56.602,0.0,0.0,0.0,58.53360910031024,626.7912198350466,0.0,0.0
2023,8,18,21,56.602,0.0,0.0,0.0,58.53360910031024,567.3593443036162,0.0,0.0
2023,8,18,22,56.602,0.0,0.0,0.0,58.53360910031024,507.92746877218593,0.0,0.0
2023,8,18,23,56.602,0.0,0.0,0.0,58.53360910031024,448.4955932407556,0.0,0.0
2023,8,19,0,56.602,0.0,0.0,0.0,58.53360910031024,389.0637177093253,0.0,0.0
2023,8,19,1,56.602,0.0,0.0,0.0,58.53360910031024,329.631842177895,0.0,0.0
2023,8,19,2,56.602,0.0,0.0,0.0,58.53360910031024,270.1999666464647,0.0,0.0
2023,8,19,3,56.602,0.0,0.0,0.0,58.53360910031024,210.7680911150344,0.0,0.0
2023,8,19,4,56.602,0.0,0.0,0.0,58.53360910031024,151.3362155836041,0.0,0.0
2023,8,19,5,56.602,0.0,0.0,0.0,58.53360910031024,91.90434005217378,0.0,0.0
2023,8,19,6,56.602,1.3177049083219678,1.3177049083219678,0.0,57.215904191988265,33.81039114618593,0.0,0.0
2023,8,19,7,56.602,25.234235638121117,25.234235638121117,0.0,33.29937346218912,0.0,0.0,0.0
2023,8,19,8,56.602,105.18122153481339,58.53360910031024,0.0,0.0,0.0,46.64761243450315,0.0
2023,8,19,9,56.602,182.5077291152393,58.53360910031024,0.0,0.0,0.0,123.97412001492907,0.0
2023,8,19,10,56.602,248.2623239030357,58.53360910031024,0.0,0.0,0.0,189.72871480272548,0.0
2023,8,19,11,56.602,290.7200452267027,58.53360910031024,0.0,0.0,-0.0,232.1864361263925,0.0
2023,8,19,12,56.602,310.28031072134104,269.890248364181,211.35663926387076,0.0,197.75404112966095,40.39006235716005,0.0
2023,8,19,13,56.602,307.89873641111603,307.89873641111603,249.3651273108058,0.0,431.07040069269726,0.0,0.0
2023,8,19,14,56.602,262.0403658764536,262.0403658764536,203.5067567761434,0.0,621.4797660660267,0.0,0.0
2023,8,19,15,56.602,180.2045451819966,180.2045451819966,121.67093608168635,0.0,735.3201421336222,0.0,0.0
2023,8,19,16,56.602,115.81244980365499,115.81244980365499,57.27884070334475,0.0,788.9126020618246,0.0,0.0
2023,8,19,17,56.602,51.733915933242685,51.733915933242685,0.0,6.799693167067551,782.0085596805573,0.0,0.0
2023,8,19,18,56.602,21.841052177314594,21.841052177314594,0.0,36.69255692299564,744.7529127198466,0.0,0.0
2023,8,19,19,56.602,1.0974652777526048,1.0974652777526048,0.0,57.43614382255763,686.4353443495497,0.0,0.0
2023,8,19,20,56.602,0.0,0.0,0.0,58.53360910031024,627.0034688181195,0.0,0.0
2023,8,19,21,56.602,0.0,0.0,0.0,58.53360910031024,567.5715932866892,0.0,0.0
2023,8,19,22,56.602,0.0,0.0,0.0,58.53360910031024,508.1397177552589,0.0,0.0
2023,8,19,23,56.602,0.0,0.0,0.0,58.53360910031024,448.7078422238286,0.0,0.0
2023,8,20,0,56.602,0.0,0.0,0.0,58.53360910031024,389.2759666923983,0.0,0.0
2023,8,20,1,56.602,0.0,0.0,0.0,58.53360910031024,329.844091160968,0.0,0.0
2023,8,20,2,56.602,0.0,0.0,0.0,58.53360910031024,270.4122156295377,0.0,0.0
2023,8,20,3,56.602,0.0,0.0,0.0,58.53360910031024,210.98034009810738,0.0,0.0
2023,8,20,4,56.602,0.0,0.0,0.0,58.53360910031024,151.54846456667707,0.0,0.0
2023,8,20,5,56.602,0.0,0.0,0.0,58.53360910031024,92.11658903524676,0.0,0.0
2023,8,20,6,56.602,1.280376157378039,1.280376157378039,0.0,57.2532329429322,33.98473852513877,0.0,0.0
2023,8,20,7,56.602,25.062523383778874,25.062523383778874,0.0,33.47108571653136,0.0,0.0,0.0
2023,8,20,8,56.602,102.98629097930818,58.53360910031024,0.0,0.0,0.0,44.45268187899794,0.0
2023,8,20,9,56.602,183.709714895635,58.53360910031024,0.0,0.0,-0.0,125.17610579532476,0.0
2023,8,20,10,56.602,247.2245846267934,58.53360910031024,0.0,0.0,-0.0,188.69097552648316,0.0
2023,8,20,11,56.602,280.8241933514573,184.11212059323717,125.57851149292692,0.0,117.49646575223022,96.71207275822016,0.0
2023,8,20,12,56.602,229.96750306539784,229.96750306539784,171.4338939650876,0.0,277.8971299389124,0.0,0.0
2023,8,20,13,56.602,258.1880387790363,258.1880387790363,199.65442967872605,0.0,464.70209824233734,0.0,0.0
2023,8,20,14,56.602,261.592420865126,261.592420865126,203.05881176481574,0.0,654.6923476773057,0.0,0.0
2023,8,20,15,56.602,129.5718274016009,129.5718274016009,71.03821830129067,0.0,721.15865217883,0.0,0.0
2023,8,20,16,56.602,118.95926350823133,118.95926350823133,60.425654407921094,0.0,777.6954015740184,0.0,0.0
2023,8,20,17,56.602,62.59658245793684,62.59658245793684,4.062973357626603,0.0,781.4968880249347,0.0,0.0
2023,8,20,18,56.602,22.456976567890035,22.456976567890035,0.0,36.0766325324202,744.8666175322071,0.0,0.0
2023,8,20,19,56.602,1.0302735260534657,1.0302735260534657,0.0,57.50333557425677,686.4808262744939,0.0,0.0
2023,8,20,20,56.602,0.0,0.0,0.0,58.53360910031024,627.0489507430636,0.0,0.0
2023,8,20,21,56.602,0.0,0.0,0.0,58.53360910031024,567.6170752116334,0.0,0.0
2023,8,20,22,56.602,0.0,0.0,0.0,58.53360910031024,508.18519968020314,0.0,0.0
2023,8,20,23,56.602,0.0,0.0,0.0,58.53360910031024,448.75332414877283,0.0,0.0
2023,8,21,0,56.602,0.0,0.0,0.0,58.53360910031024,389.3214486173425,0.0,0.0
2023,8,21,1,56.602,0.0,0.0,0.0,58.53360910031024,329.8895730859122,0.0,0.0
2023,8,21,2,56.602,0.0,0.0,0.0,58.53360910031024,270.4576975544819,0.0,0.0
2023,8,21,3,56.602,0.0,0.0,0.0,58.53360910031024,211.0258220230516,0.0,0.0
2023,8,21,4,56.602,0.0,0.0,0.0,58.53360910031024,151.5939464916213,0.0,0.0
2023,8,21,5,56.602,0.0,0.0,0.0,58.53360910031024,92.16207096019099,0.0,0.0
2023,8,21,6,56.602,1.1945200302069168,1.1945200302069168,0.0,57.33908907010332,33.94304676060657,0.0,0.0
2023,8,21,7,56.602,25.103585009817238,25.103585009817238,0.0,33.430024090493,0.0,0.0,0.0
2023,8,21,8,56.602,104.16961238423193,58.53360910031024,0.0,0.0,0.0,45.63600328392169,0.0
2023,8,21,9,56.602,184.88557055036995,58.53360910031024,0.0,0.0,0.0,126.35196145005972,0.0
2023,8,21,10,56.602,248.4601662830387,58.53360910031024,0.0,0.0,0.0,189.92655718272846,0.0
2023,8,21,11,56.602,292.6686060259778,58.53360910031024,0.0,0.0,-0.0,234.13499692566756,0.0
2023,8,21,12,56.602,307.60757215375304,157.87873941180743,99.34513031149719,0.0,92.95142586518978,149.7288327419456,0.0
2023,8,21,13,56.602,300.6457601027034,300.6457601027034,242.11215100239315,0.0,319.4815998595976,0.0,0.0
2023,8,21,14,56.602,272.29830663585545,272.29830663585545,213.76469753554522,0.0,519.4887202213938,0.0,0.0
2023,8,21,15,56.602,237.38845875305836,237.38845875305836,178.85484965274813,0.0,686.8327384535899,0.0,0.0
2023,8,21,16,56.602,132.19603859296174,132.19603859296174,73.6624294926515,0.0,755.7543638273457,0.0,0.0
2023,8,21,17,56.602,88.94321487418814,88.94321487418814,30.409605773877907,0.0,784.2068527195279,0.0,0.0
2023,8,21,18,56.602,22.06875755807279,22.06875755807279,0.0,36.46485154223745,747.1824055439504,0.0,0.0
2023,8,21,19,56.602,0.9145543981271707,0.9145543981271707,0.0,57.61905470218307,688.6791193134645,0.0,0.0
2023,8,21,20,56.602,0.0,0.0,0.0,58.53360910031024,629.2472437820343,0.0,0.0
2023,8,21,21,56.602,0.0,0.0,0.0,58.53360910031024,569.815368250604,0.0,0.0
2023,8,21,22,56.602,0.0,0.0,0.0,58.53360910031024,510.3834927191738,0.0,0.0
2023,8,21,23,56.602,0.0,0.0,0.0,58.53360910031024,450.95161718774347,0.0,0.0
2023,8,22,0,56.602,0.0,0.0,0.0,58.53360910031024,391.51974165631316,0.0,0.0
2023,8,22,1,56.602,0.0,0.0,0.0,58.53360910031024,332.08786612488285,0.0,0.0
2023,8,22,2,56.602,0.0,0.0,0.0,58.53360910031024,272.65599059345254,0.0,0.0
2023,8,22,3,56.602,0.0,0.0,0.0,58.53360910031024,213.22411506202226,0.0,0.0
2023,8,22,4,56.602,0.0,0.0,0.0,58.53360910031024,153.79223953059196,0.0,0.0
2023,8,22,5,56.602,0.0,0.0,0.0,58.53360910031024,94.36036399916165,0.0,0.0
2023,8,22,6,56.602,1.0452050264310522,1.0452050264310522,0.0,57.48840407387918,35.98973338309651,0.0,0.0
2023,8,22,7,56.602,23.087832458843064,23.087832458843064,0.0,35.44577664146718,0.0,0.0,0.0
2023,8,22,8,56.602,98.41725186376675,58.53360910031024,0.0,0.0,0.0,39.883642763456514,0.0
2023,8,22,9,56.602,182.5077291152393,58.53360910031024,0.0,0.0,0.0,123.97412001492907,0.0
2023,8,22,10,56.602,242.46516888143773,58.53360910031024,0.0,0.0,-0.0,183.9315597811275,0.0
2023,8,22,11,56.602,280.05895395710604,147.4986557617702,88.96504666145998,0.0,83.23938892039308,132.56029819533583,0.0
2023,8,22,12,56.602,292.4483663954084,292.4483663954084,233.91475729509818,0.0,302.0997412427947,0.0,0.0
2023,8,22,13,56.602,258.8076960447061,258.8076960447061,200.2740869443959,0.0,489.48448659428567,0.0,0.0
2023,8,22,14,56.602,210.3325800688717,210.3325800688717,151.79897096856143,0.0,631.5139021494776,0.0,0.0
2023,8,22,15,56.602,162.1299639749282,162.1299639749282,103.59635487461794,0.0,728.442950104207,0.0,0.0
2023,8,22,16,56.602,111.76974607642346,111.76974607642346,53.23613697611322,0.0,778.2528886887014,0.0,0.0
2023,8,22,17,56.602,68.44973060595073,68.44973060595073,9.916121505640497,0.0,787.530823400868,0.0,0.0
2023,8,22,18,56.602,16.61875992025373,16.61875992025373,0.0,41.91484918005651,744.9727420237436,0.0,0.0
2023,8,22,19,56.602,0.6831161422745806,0.6831161422745806,0.0,57.85049295803566,686.2344658477127,0.0,0.0
2023,8,22,20,56.602,0.0,0.0,0.0,58.53360910031024,626.8025903162825,0.0,0.0
2023,8,22,21,56.602,0.0,0.0,0.0,58.53360910031024,567.3707147848522,0.0,0.0
2023,8,22,22,56.602,0.0,0.0,0.0,58.53360910031024,507.938839253422,0.0,0.0
2023,8,22,23,56.602,0.0,0.0,0.0,58.53360910031024,448.50696372199167,0.0,0.0
2023,8,23,0,56.602,0.0,0.0,0.0,58.53360910031024,389.07508819056136,0.0,0.0
2023,8,23,1,56.602,0.0,0.0,0.0,58.53360910031024,329.64321265913105,0.0,0.0
2023,8,23,2,56.602,0.0,0.0,0.0,58.53360910031024,270.21133712770074,0.0,0.0
2023,8,23,3,56.602,0.0,0.0,0.0,58.53360910031024,210.7794615962704,0.0,0.0
2023,8,23,4,56.602,0.0,0.0,0.0,58.53360910031024,151.3475860648401,0.0,0.0
2023,8,23,5,56.602,0.0,0.0,0.0,58.53360910031024,91.9157105334098,0.0,0.0
2023,8,23,6,56.602,1.0153420256758794,1.0153420256758794,0.0,57.51826707463436,33.5147586340485,0.0,0.0
2023,8,23,7,56.602,25.525399895484053,25.525399895484053,0.0,33.00820920482619,0.0,0.0,0.0
2023,8,23,8,56.602,108.01074085636606,58.53360910031024,0.0,0.0,0.0,49.47713175605582,0.0
2023,8,23,9,56.602,188.18543213381653,58.53360910031024,0.0,0.0,0.0,129.6518230335063,0.0
2023,8,23,10,56.602,249.62109043739605,58.53360910031024,0.0,0.0,0.0,191.08748133708582,0.0
2023,8,23,11,56.602,288.89840218063716,58.53360910031024,0.0,0.0,-0.0,230.36479308032693,0.0
2023,8,23,12,56.602,265.54180271499763,244.6323931563591,186.09878405604886,0.0,174.1217438192426,20.909409558638544,0.0
2023,8,23,13,56.602,277.7819001495241,277.7819001495241,219.2482910492139,0.0,379.25954179314135,0.0,0.0
2023,8,23,14,56.602,215.26744094366398,215.26744094366398,156.73383184335376,0.0,525.9062179359436,0.0,0.0
2023,8,23,15,56.602,224.5025739272012,224.5025739272012,165.96896482689098,0.0,681.1936676746217,0.0,0.0
2023,8,23,16,56.602,149.45312015435726,149.45312015435726,90.91951105404704,0.0,766.2617345737348,0.0,0.0
2023,8,23,17,56.602,80.4919856604742,80.4919856604742,21.958376560163963,0.0,786.8069027621727,0.0,0.0
2023,8,23,18,56.602,18.690505597643853,18.690505597643853,0.0,39.84310350266638,746.3523604137185,0.0,0.0
2023,8,23,19,56.602,0.3994176351004378,0.3994176351004378,0.0,58.1341914652098,687.3260320463742,0.0,0.0
2023,8,23,20,56.602,0.0,0.0,0.0,58.53360910031024,627.8941565149439,0.0,0.0
2023,8,23,21,56.602,0.0,0.0,0.0,58.53360910031024,568.4622809835136,0.0,0.0
2023,8,23,22,56.602,0.0,0.0,0.0,58.53360910031024,509.03040545208324,0.0,0.0
2023,8,23,23,56.602,0.0,0.0,0.0,58.53360910031024,449.59852992065294,0.0,0.0
2023,8,24,0,56.602,0.0,0.0,0.0,58.53360910031024,390.16665438922263,0.0,0.0
2023,8,24,1,56.602,0.0,0.0,0.0,58.53360910031024,330.7347788577923,0.0,0.0
2023,8,24,2,56.602,0.0,0.0,0.0,58.53360910031024,271.302903326362,0.0,0.0
2023,8,24,3,56.602,0.0,0.0,0.0,58.53360910031024,211.8710277949317,0.0,0.0
2023,8,24,4,56.602,0.0,0.0,0.0,58.53360910031024,152.4391522635014,0.0,0.0
2023,8,24,5,56.602,0.0,0.0,0.0,58.53360910031024,93.0072767320711,0.0,0.0
2023,8,24,6,56.602,0.8996228977495841,0.8996228977495841,0.0,57.633986202560656,34.488829859937226,0.0,0.0
2023,8,24,7,56.602,24.56605099622412,24.56605099622412,0.0,33.967558104086116,0.0,0.0,0.0
2023,8,24,8,56.602,105.78968017520006,58.53360910031024,0.0,0.0,0.0,47.256071074889825,0.0
2023,8,24,9,56.602,180.5442368155867,58.53360910031024,0.0,0.0,0.0,122.01062771527646,0.0
2023,8,24,10,56.602,246.81023549131538,58.53360910031024,0.0,0.0,-0.0,188.27662639100515,0.0
2023,8,24,11,56.602,286.4347046183355,75.71424028344299,17.18063118313276,0.0,16.07491137943896,210.7204643348925,0.0
2023,8,24,12,56.602,303.7925738072797,303.7925738072797,245.25896470696946,0.0,245.54937484083277,0.0,0.0
2023,8,24,13,56.602,276.1655652336504,276.1655652336504,217.63195613334017,0.0,449.1748628038123,0.0,0.0
2023,8,24,14,56.602,238.3366090270351,238.3366090270351,179.80299992672488,0.0,617.4060097722058,0.0,0.0
2023,8,24,15,56.602,194.2326897867391,194.2326897867391,135.69908068642886,0.0,744.3716999761398,0.0,0.0
2023,8,24,16,56.602,104.78553677480734,104.78553677480734,46.25192767449711,0.0,787.6469225550223,0.0,0.0
2023,8,24,17,56.602,60.0582273937471,60.0582273937471,1.5246182934368666,0.0,789.0734186885596,0.0,0.0
2023,8,24,18,56.602,16.48810929194985,16.48810929194985,0.0,42.04549980836038,746.3826816970146,0.0,0.0
2023,8,24,19,56.602,0.1791780045310002,0.1791780045310002,0.0,58.35443109577923,687.1327338653612,0.0,0.0
2023,8,24,20,56.602,0.0,0.0,0.0,58.53360910031024,627.7008583339309,0.0,0.0
2023,8,24,21,56.602,0.0,0.0,0.0,58.53360910031024,568.2689828025007,0.0,0.0
2023,8,24,22,56.602,0.0,0.0,0.0,58.53360910031024,508.8371072710703,0.0,0.0
2023,8,24,23,56.602,0.0,0.0,0.0,58.53360910031024,449.40523173964,0.0,0.0
2023,8,25,0,56.602,0.0,0.0,0.0,58.53360910031024,389.9733562082097,0.0,0.0
2023,8,25,1,56.602,0.0,0.0,0.0,58.53360910031024,330.5414806767794,0.0,0.0
2023,8,25,2,56.602,0.0,0.0,0.0,58.53360910031024,271.10960514534906,0.0,0.0
2023,8,25,3,56.602,0.0,0.0,0.0,58.53360910031024,211.67772961391879,0.0,0.0
2023,8,25,4,56.602,0.0,0.0,0.0,58.53360910031024,152.24585408248848,0.0,0.0
2023,8,25,5,56.602,0.0,0.0,0.0,58.53360910031024,92.81397855105817,0.0,0.0
2023,8,25,6,56.602,0.8025681452952722,0.8025681452952722,0.0,57.73104095501497,34.196987508211805,0.0,0.0
2023,8,25,7,56.602,24.853482378492664,24.853482378492664,0.0,33.68012672181757,0.0,0.0,0.0
2023,8,25,8,56.602,104.8863244023561,58.53360910031024,0.0,0.0,0.0,46.35271530204586,0.0
2023,8,25,9,56.602,182.5674551167496,58.53360910031024,0.0,0.0,0.0,124.03384601643938,0.0
2023,8,25,10,56.602,240.63979296027776,58.53360910031024,0.0,0.0,-0.0,182.10618385996753,0.0
2023,8,25,11,56.602,281.36172736505046,66.60972957213211,8.076120471821863,0.0,7.5563534011290585,214.75199779291836,0.0
2023,8,25,12,56.602,261.60361949040913,261.60361949040913,203.07001039009887,0.0,197.55708073455648,0.0,0.0
2023,8,25,13,56.602,245.89194821809383,245.89194821809383,187.3583391177836,0.0,372.8573165299721,0.0,0.0
2023,8,25,14,56.602,260.0059489500074,260.0059489500074,201.47233984969716,0.0,561.3631970165786,0.0,0.0
2023,8,25,15,56.602,212.46405174777212,212.46405174777212,153.93044264746186,0.0,705.386905911805,0.0,0.0
2023,8,25,16,56.602,130.17655316689314,130.17655316689314,71.6429440665829,0.0,772.4190169301166,0.0,0.0
2023,8,25,17,56.602,75.95280954568793,75.95280954568793,17.41920044537769,0.0,788.7171436098299,0.0,0.0
2023,8,25,18,56.602,16.349992913457175,16.349992913457175,0.0,42.183616186853065,745.8861706830402,0.0,0.0
2023,8,25,19,56.602,0.3770203845340581,0.3770203845340581,0.0,58.156588715776174,686.8371013532237,0.0,0.0
2023,8,25,20,56.602,0.0,0.0,0.0,58.53360910031024,627.4052258217935,0.0,0.0
2023,8,25,21,56.602,0.0,0.0,0.0,58.53360910031024,567.9733502903632,0.0,0.0
2023,8,25,22,56.602,0.0,0.0,0.0,58.53360910031024,508.54147475893285,0.0,0.0
2023,8,25,23,56.602,0.0,0.0,0.0,58.53360910031024,449.10959922750254,0.0,0.0
2023,8,26,0,56.602,0.0,0.0,0.0,58.53360910031024,389.67772369607223,0.0,0.0
2023,8,26,1,56.602,0.0,0.0,0.0,58.53360910031024,330.2458481646419,0.0,0.0
2023,8,26,2,56.602,0.0,0.0,0.0,58.53360910031024,270.8139726332116,0.0,0.0
2023,8,26,3,56.602,0.0,0.0,0.0,58.53360910031024,211.38209710178134,0.0,0.0
2023,8,26,4,56.602,0.0,0.0,0.0,58.53360910031024,151.95022157035103,0.0,0.0
2023,8,26,5,56.602,0.0,0.0,0.0,58.53360910031024,92.51834603892073,0.0,0.0
2023,8,26,6,56.602,0.7129791430297535,0.7129791430297535,0.0,57.82062995728048,33.81039114618593,0.0,0.0
2023,8,26,7,56.602,25.234235638121117,25.234235638121117,0.0,33.29937346218912,0.0,0.0,0.0
2023,8,26,8,56.602,106.74902907446,58.53360910031024,0.0,0.0,0.0,48.21541997414976,0.0
2023,8,26,9,56.602,185.15807043226087,58.53360910031024,0.0,0.0,0.0,126.62446133195064,0.0
2023,8,26,10,56.602,243.88739429240283,58.53360910031024,0.0,0.0,0.0,185.3537851920926,0.0
2023,8,26,11,56.602,280.9697754801388,58.53360910031024,0.0,0.0,0.0,222.4361663798286,0.0
2023,8,26,12,56.602,302.15384164083963,212.9133088732399,154.37969977292968,0.0,144.44405250201808,89.24053276759972,0.0
2023,8,26,13,56.602,295.07631046186367,295.07631046186367,236.54270136155344,0.0,365.76321832947093,0.0,0.0
2023,8,26,14,56.602,252.36475363177755,252.36475363177755,193.83114453146732,0.0,547.1196794342029,0.0,0.0
2023,8,26,15,56.602,191.9033757278356,191.9033757278356,133.36976662752537,0.0,671.9059667586597,0.0,0.0
2023,8,26,16,56.602,160.27099217791866,160.27099217791866,101.73738307760843,0.0,767.0956835691909,0.0,0.0
2023,8,26,17,56.602,78.92417812082763,78.92417812082763,20.390569020517397,0.0,786.1739459733654,0.0,0.0
2023,8,26,18,56.602,19.34375873916326,19.34375873916326,0.0,39.18985036114697,746.3826816970145,0.0,0.0
2023,8,26,19,56.602,0.18291087962543412,0.0,0.0,58.53360910031024,686.9508061655843,0.18291087962543412,0.0
2023,8,26,20,56.602,0.0,0.0,0.0,58.53360910031024,627.518930634154,0.0,0.0
2023,8,26,21,56.602,0.0,0.0,0.0,58.53360910031024,568.0870551027238,0.0,0.0
2023,8,26,22,56.602,0.0,0.0,0.0,58.53360910031024,508.6551795712934,0.0,0.0
2023,8,26,23,56.602,0.0,0.0,0.0,58.53360910031024,449.2233040398631,0.0,0.0
2023,8,27,0,56.602,0.0,0.0,0.0,58.53360910031024,389.7914285084328,0.0,0.0
2023,8,27,1,56.602,0.0,0.0,0.0,58.53360910031024,330.35955297700247,0.0,0.0
2023,8,27,2,56.602,0.0,0.0,0.0,58.53360910031024,270.92767744557216,0.0,0.0
2023,8,27,3,56.602,0.0,0.0,0.0,58.53360910031024,211.49580191414188,0.0,0.0
2023,8,27,4,56.602,0.0,0.0,0.0,58.53360910031024,152.06392638271157,0.0,0.0
2023,8,27,5,56.602,0.0,0.0,0.0,58.53360910031024,92.63205085128126,0.0,0.0
2023,8,27,6,56.602,0.6345887660474245,0.6345887660474245,0.0,57.89902033426281,33.84450258989409,0.0,0.0
2023,8,27,7,56.602,25.20063976227155,25.20063976227155,0.0,33.33296933803869,0.0,0.0,0.0
2023,8,27,8,56.602,107.05885770729492,58.53360910031024,0.0,0.0,0.0,48.52524860698468,0.0
2023,8,27,9,56.602,187.32687086210532,58.53360910031024,0.0,0.0,0.0,128.7932617617951,0.0
2023,8,27,10,56.602,246.9894134958464,58.53360910031024,0.0,0.0,0.0,188.45580439553618,0.0
2023,8,27,11,56.602,286.75199900135914,58.53360910031024,0.0,0.0,-0.0,228.2183899010489,0.0
2023,8,27,12,56.602,306.2600042446759,142.76531049014662,84.2317013898364,0.0,78.81067469222575,163.49469375452927,0.0
2023,8,27,13,56.602,299.0928840634344,299.0928840634344,240.55927496312415,0.0,303.8879134336488,0.0,0.0
2023,8,27,14,56.602,262.42111913608204,262.42111913608204,203.88751003577178,0.0,494.6535273545851,0.0,0.0
2023,8,27,15,56.602,219.10856941579812,219.10856941579812,160.57496031548789,0.0,644.8941226688329,0.0,0.0
2023,8,27,16,56.602,173.17554137924776,173.17554137924776,114.64193227893752,0.0,752.1578711369804,0.0,0.0
2023,8,27,17,56.602,93.18002810632831,93.18002810632831,34.64641900601807,0.0,784.5744982794936,0.0,0.0
2023,8,27,18,56.602,20.474819892765435,20.474819892765435,0.0,38.058789207544805,745.9316526079842,0.0,0.0
2023,8,27,19,56.602,0.26876700679651894,0.0,0.0,58.53360910031024,686.499777076554,0.26876700679651894,0.0
2023,8,27,20,56.602,0.0,0.0,0.0,58.53360910031024,627.0679015451237,0.0,0.0
2023,8,27,21,56.602,0.0,0.0,0.0,58.53360910031024,567.6360260136935,0.0,0.0
2023,8,27,22,56.602,0.0,0.0,0.0,58.53360910031024,508.20415048226323,0.0,0.0
2023,8,27,23,56.602,0.0,0.0,0.0,58.53360910031024,448.7722749508329,0.0,0.0
2023,8,28,0,56.602,0.0,0.0,0.0,58.53360910031024,389.3403994194026,0.0,0.0
2023,8,28,1,56.602,0.0,0.0,0.0,58.53360910031024,329.9085238879723,0.0,0.0
2023,8,28,2,56.602,0.0,0.0,0.0,58.53360910031024,270.476648356542,0.0,0.0
2023,8,28,3,56.602,0.0,0.0,0.0,58.53360910031024,211.0447728251117,0.0,0.0
2023,8,28,4,56.602,0.0,0.0,0.0,58.53360910031024,151.61289729368139,0.0,0.0
2023,8,28,5,56.602,0.0,0.0,0.0,58.53360910031024,92.18102176225108,0.0,0.0
2023,8,28,6,56.602,0.5561983890650957,0.5561983890650957,0.0,57.97741071124514,33.313880132211516,0.0,0.0
2023,8,28,7,56.602,25.723242275487074,25.723242275487074,0.0,32.81036682482316,0.0,0.0,0.0
2023,8,28,8,56.602,106.60344694577853,58.53360910031024,0.0,0.0,0.0,48.06983784546829,0.0
2023,8,28,9,56.602,178.12533375441768,58.53360910031024,0.0,0.0,0.0,119.59172465410745,0.0
2023,8,28,10,56.602,226.64151135629047,58.53360910031024,0.0,0.0,0.0,168.10790225598024,0.0
2023,8,28,11,56.602,292.3027842667269,58.53360910031024,0.0,0.0,-0.0,233.7691751664167,0.0
2023,8,28,12,56.602,307.1372298918591,288.98538708980016,230.45177798948993,0.0,215.6202452010093,18.151842802058923,0.0
2023,8,28,13,56.602,286.77812912701995,286.77812912701995,228.24452002670972,0.0,429.1752882703247,0.0,0.0
2023,8,28,14,56.602,250.5655078362784,250.5655078362784,192.03189873596818,0.0,608.8483003559734,0.0,0.0
2023,8,28,15,56.602,195.29282631354766,195.29282631354766,136.7592172132374,0.0,736.8058982806949,0.0,0.0
2023,8,28,16,56.602,116.0028264334692,116.0028264334692,57.46921733315896,0.0,790.5764824827007,0.0,0.0
2023,8,28,17,56.602,58.24778297296474,58.24778297296474,0.0,0.2858261273454938,790.2862700204055,0.0,0.0
2023,8,28,18,56.602,16.42091754025071,16.42091754025071,0.0,42.112691560059524,747.5273101414441,0.0,0.0
2023,8,28,19,56.602,0.011198625283189843,0.0,0.0,58.53360910031024,688.0954346100139,0.011198625283189843,0.0
2023,8,28,20,56.602,0.0,0.0,0.0,58.53360910031024,628.6635590785836,0.0,0.0
2023,8,28,21,56.602,0.0,0.0,0.0,58.53360910031024,569.2316835471534,0.0,0.0
2023,8,28,22,56.602,0.0,0.0,0.0,58.53360910031024,509.799808015723,0.0,0.0
2023,8,28,23,56.602,0.0,0.0,0.0,58.53360910031024,450.3679324842927,0.0,0.0
2023,8,29,0,56.602,0.0,0.0,0.0,58.53360910031024,390.9360569528624,0.0,0.0
2023,8,29,1,56.602,0.0,0.0,0.0,58.53360910031024,331.50418142143207,0.0,0.0
2023,8,29,2,56.602,0.0,0.0,0.0,58.53360910031024,272.07230589000176,0.0,0.0
2023,8,29,3,56.602,0.0,0.0,0.0,58.53360910031024,212.64043035857148,0.0,0.0
2023,8,29,4,56.602,0.0,0.0,0.0,58.53360910031024,153.20855482714117,0.0,0.0
2023,8,29,5,56.602,0.0,0.0,0.0,58.53360910031024,93.77667929571086,0.0,0.0
2023,8,29,6,56.602,0.552465513970699,0.552465513970699,0.0,57.981143586339535,34.90574750525928,0.0,0.0
2023,8,29,7,56.602,24.155434735840462,24.155434735840462,0.0,34.37817436446977,0.0,0.0,0.0
2023,8,29,8,56.602,91.35091931007396,58.53360910031024,-0.0,0.0,0.0,32.817310209763725,0.0
2023,8,29,9,56.602,135.46977005074757,58.53360910031024,-0.0,0.0,0.0,76.93616095043734,0.0
2023,8,29,10,56.602,206.84607473070525,58.53360910031024,-0.0,0.0,0.0,148.31246563039502,0.0
2023,8,29,11,56.602,265.40368633650496,60.05779854887768,1.5241894485674474,0.0,1.4260948884841866,205.34588778762728,0.0
2023,8,29,12,56.602,296.15511136414426,296.15511136414426,237.621502263834,0.0,223.75463160082305,0.0,0.0
2023,8,29,13,56.602,237.46684913004066,237.46684913004066,178.93324002973043,0.0,391.17199512223226,0.0,0.0
2023,8,29,14,56.602,255.1569442023862,255.1569442023862,196.62333510207597,0.0,575.1409455760811,0.0,0.0
2023,8,29,15,56.602,190.31690381271702,190.31690381271702,131.78329471240679,0.0,698.442863952176,0.0,0.0
2023,8,29,16,56.602,140.33743917384075,140.33743917384075,81.8038300735305,0.0,774.981921505643,0.0,0.0
2023,8,29,17,56.602,86.80427744509889,86.80427744509889,28.270668344788653,0.0,801.4331317921514,0.0,0.0
2023,8,29,18,56.602,15.90204790212958,15.90204790212958,0.0,42.631561198180655,758.1473396159195,0.0,0.0
2023,8,29,19,56.602,0.0,0.0,0.0,58.53360910031024,698.7154640844892,0.0,0.0
2023,8,29,20,56.602,0.0,0.0,0.0,58.53360910031024,639.283588553059,0.0,0.0
2023,8,29,21,56.602,0.0,0.0,0.0,58.53360910031024,579.8517130216287,0.0,0.0
2023,8,29,22,56.602,0.0,0.0,0.0,58.53360910031024,520.4198374901985,0.0,0.0
2023,8,29,23,56.602,0.0,0.0,0.0,58.53360910031024,460.9879619587682,0.0,0.0
2023,8,30,0,56.602,0.0,0.0,0.0,58.53360910031024,401.5560864273379,0.0,0.0
2023,8,30,1,56.602,0.0,0.0,0.0,58.53360910031024,342.1242108959076,0.0,0.0
2023,8,30,2,56.602,0.0,0.0,0.0,58.53360910031024,282.6923353644773,0.0,0.0
2023,8,30,3,56.602,0.0,0.0,0.0,58.53360910031024,223.26045983304698,0.0,0.0
2023,8,30,4,56.602,0.0,0.0,0.0,58.53360910031024,163.82858430161667,0.0,0.0
2023,8,30,5,56.602,0.0,0.0,0.0,58.53360910031024,104.39670877018638,0.0,0.0
2023,8,30,6,56.602,0.0,0.0,0.0,58.53360910031024,44.96483323875607,0.0,0.0
2023,8,30,7,56.602,14.24838423531188,14.24838423531188,0.0,44.285224864998355,0.0,0.0,0.0
2023,8,30,8,56.602,65.49329353118861,58.53360910031024,-0.0,0.0,0.0,6.959684430878376,0.0
2023,8,30,9,56.602,136.77254345869198,58.53360910031024,-0.0,0.0,0.0,78.23893435838175,0.0
2023,8,30,10,56.602,167.79273549312785,86.09529189423625,27.561682793926018,0.0,25.787853988480833,81.6974435988916,0.0
2023,8,30,11,56.602,172.42523348527405,172.42523348527405,113.8916243849638,0.0,132.34958325987364,0.0,0.0
2023,8,30,12,56.602,233.2225701477117,233.2225701477117,174.68896104740148,0.0,295.79582326531244,0.0,0.0
2023,8,30,13,56.602,214.21477016704418,214.21477016704418,155.68116106673395,0.0,441.4575769529664,0.0,0.0
2023,8,30,14,56.602,211.710010978704,211.710010978704,153.17640187839376,0.0,584.7757740186184,0.0,0.0
2023,8,30,15,56.602,199.27580403926888,199.27580403926888,140.74219493895862,0.0,716.4600111619332,0.0,0.0
2023,8,30,16,56.602,135.91024931188633,135.91024931188633,77.37664021157609,0.0,788.8568061912655,0.0,0.0
2023,8,30,17,56.602,64.39582825343601,64.39582825343601,5.862219153125772,0.0,794.3417416612651,0.0,0.0
2023,8,30,18,56.602,15.812458899864062,15.812458899864062,0.0,42.721150200446175,750.9649856351448,0.0,0.0
2023,8,30,19,56.602,0.0,0.0,0.0,58.53360910031024,691.5331101037145,0.0,0.0
2023,8,30,20,56.602,0.0,0.0,0.0,58.53360910031024,632.1012345722843,0.0,0.0
2023,8,30,21,56.602,0.0,0.0,0.0,58.53360910031024,572.669359040854,0.0,0.0
2023,8,30,22,56.602,0.0,0.0,0.0,58.53360910031024,513.2374835094237,0.0,0.0
2023,8,30,23,56.602,0.0,0.0,0.0,58.53360910031024,453.80560797799336,0.0,0.0
2023,8,31,0,56.602,0.0,0.0,0.0,58.53360910031024,394.37373244656305,0.0,0.0
2023,8,31,1,56.602,0.0,0.0,0.0,58.53360910031024,334.94185691513275,0.0,0.0
2023,8,31,2,56.602,0.0,0.0,0.0,58.53360910031024,275.50998138370244,0.0,0.0
2023,8,31,3,56.602,0.0,0.0,0.0,58.53360910031024,216.07810585227216,0.0,0.0
2023,8,31,4,56.602,0.0,0.0,0.0,58.53360910031024,156.64623032084185,0.0,0.0
2023,8,31,5,56.602,0.0,0.0,0.0,58.53360910031024,97.21435478941154,0.0,0.0
2023,8,31,6,56.602,0.145582128681468,0.145582128681468,0.0,58.38802697162877,37.930295514049966,0.0,0.0
2023,8,31,7,56.602,21.17660041051196,21.17660041051196,0.0,37.35700868979828,0.0,0.0,0.0
2023,8,31,8,56.602,103.49396199214615,58.53360910031024,0.0,0.0,0.0,44.96035289183592,0.0
2023,8,31,9,56.602,175.22862268116592,58.53360910031024,0.0,0.0,0.0,116.69501358085569,0.0
2023,8,31,10,56.602,224.4167178000301,58.53360910031024,0.0,0.0,0.0,165.88310869971988,0.0
2023,8,31,11,56.602,264.3958100610178,58.53360910031024,0.0,0.0,0.0,205.86220096070758,0.0
2023,8,31,12,56.602,293.26586604108127,293.26586604108127,234.73225694077104,0.0,219.62523890991045,0.0,0.0
2023,8,31,13,56.602,259.9238256979307,124.27916106865558,65.74555196834534,0.0,281.1395051914092,135.6446646292751,0.0
2023,8,31,14,56.602,285.23645171303417,285.23645171303417,226.70284261272394,0.0,493.2520909061989,0.0,0.0
2023,8,31,15,56.602,232.75222788581772,232.75222788581772,174.21861878550746,0.0,656.2582591763586,0.0,0.0
2023,8,31,16,56.602,165.37383243195882,165.37383243195882,106.84022333164857,0.0,756.2224050513854,0.0,0.0
2023,8,31,17,56.602,89.91749527382562,89.91749527382562,31.383886173515386,0.0,785.5864711095027,0.0,0.0
2023,8,31,18,56.602,18.104444207823583,18.104444207823583,0.0,40.429164892486654,744.5368735763616,0.0,0.0
2023,8,31,19,56.602,0.0,0.0,0.0,58.53360910031024,685.1049980449313,0.0,0.0
2023,8,31,20,56.602,0.0,0.0,0.0,58.53360910031024,625.6731225135011,0.0,0.0
2023,8,31,21,56.602,0.0,0.0,0.0,58.53360910031024,566.2412469820708,0.0,0.0
2023,8,31,22,56.602,0.0,0.0,0.0,58.53360910031024,506.80937145064047,0.0,0.0
2023,8,31,23,56.602,0.0,0.0,0.0,58.53360910031024,447.37749591921016,0.0,0.0
2023,9,1,0,56.602,0.0,0.0,0.0,58.53360910031024,387.94562038777985,0.0,0.0
2023,9,1,1,56.602,0.0,0.0,0.0,58.53360910031024,328.51374485634955,0.0,0.0
2023,9,1,2,56.602,0.0,0.0,0.0,58.53360910031024,269.08186932491924,0.0,0.0
2023,9,1,3,56.602,0.0,0.0,0.0,58.53360910031024,209.64999379348893,0.0,0.0
2023,9,1,4,56.602,0.0,0.0,0.0,58.53360910031024,150.21811826205862,0.0,0.0
2023,9,1,5,56.602,0.0,0.0,0.0,58.53360910031024,90.7862427306283,0.0,0.0
2023,9,1,6,56.602,0.3210272581181089,0.3210272581181089,0.0,58.21258184219212,31.680320994631582,0.0,0.0
2023,9,1,7,56.602,27.332111441172014,27.332111441172014,0.0,31.20149765913822,0.0,0.0,0.0
2023,9,1,8,56.602,114.88669678024462,58.53360910031024,0.0,0.0,0.0,56.35308767993438,0.0
2023,9,1,9,56.602,197.58107874641283,58.53360910031024,0.0,0.0,0.0,139.0474696461026,0.0
2023,9,1,10,56.602,259.767044943966,58.53360910031024,0.0,0.0,-0.0,201.2334358436558,0.0
2023,9,1,11,56.602,301.87387600875985,186.52131673099638,127.98770763068615,0.0,119.7506096190858,115.35255927776348,0.0
2023,9,1,12,56.602,312.82239866062514,312.82239866062514,254.2887895603149,0.0,357.67375187127334,0.0,0.0
2023,9,1,13,56.602,265.45967946292086,265.45967946292086,206.92607036261063,0.0,551.282368907425,0.0,0.0
2023,9,1,14,56.602,200.0223790581482,200.0223790581482,141.48876995783797,0.0,683.6651326146748,0.0,0.0
2023,9,1,15,56.602,148.12794949584648,148.12794949584648,89.59434039553624,0.0,767.4933148628033,0.0,0.0
2023,9,1,16,56.602,86.83414044585406,86.83414044585406,28.300531345543824,0.0,793.9724662118691,0.0,0.0
2023,9,1,17,56.602,54.63809275668326,54.63809275668326,0.0,3.8955163436269795,790.0171686311521,0.0,0.0
2023,9,1,18,56.602,14.804582624376938,14.804582624376938,0.0,43.729026475933296,745.6170692937867,0.0,0.0
2023,9,1,19,56.602,0.0,0.0,0.0,58.53360910031024,686.1851937623564,0.0,0.0
2023,9,1,20,56.602,0.0,0.0,0.0,58.53360910031024,626.7533182309262,0.0,0.0
2023,9,1,21,56.602,0.0,0.0,0.0,58.53360910031024,567.321442699496,0.0,0.0
2023,9,1,22,56.602,0.0,0.0,0.0,58.53360910031024,507.8895671680657,0.0,0.0
2023,9,1,23,56.602,0.0,0.0,0.0,58.53360910031024,448.4576916366354,0.0,0.0
2023,9,2,0,56.602,0.0,0.0,0.0,58.53360910031024,389.0258161052051,0.0,0.0
2023,9,2,1,56.602,0.0,0.0,0.0,58.53360910031024,329.5939405737748,0.0,0.0
2023,9,2,2,56.602,0.0,0.0,0.0,58.53360910031024,270.16206504234447,0.0,0.0
2023,9,2,3,56.602,0.0,0.0,0.0,58.53360910031024,210.73018951091416,0.0,0.0
2023,9,2,4,56.602,0.0,0.0,0.0,58.53360910031024,151.29831397948385,0.0,0.0
2023,9,2,5,56.602,0.0,0.0,0.0,58.53360910031024,91.86643844805354,0.0,0.0
2023,9,2,6,56.602,0.23517113094698675,0.23517113094698675,0.0,58.29843796936325,32.673343022580404,0.0,0.0
2023,9,2,7,56.602,26.3540981664401,26.3540981664401,0.0,32.179510933870134,0.0,0.0,0.0
2023,9,2,8,56.602,111.07543130886567,58.53360910031024,0.0,0.0,0.0,52.54182220855544,0.0
2023,9,2,9,56.602,194.4454636671197,58.53360910031024,0.0,0.0,0.0,135.91185456680947,0.0
2023,9,2,10,56.602,258.1395114028091,58.53360910031024,0.0,0.0,0.0,199.60590230249886,0.0
2023,9,2,11,56.602,300.91079423440556,58.53360910031024,0.0,0.0,-0.0,242.37718513409533,0.0
2023,9,2,12,56.602,322.31883290077013,82.58785591656697,24.054246816256743,0.0,22.506151360148834,239.73097698420315,0.0
2023,9,2,13,56.602,321.10564849509126,321.10564849509126,262.57203939478103,0.0,268.1794458391951,0.0,0.0
2023,9,2,14,56.602,296.06178948678433,296.06178948678433,237.52818038647408,0.0,490.4206667310421,0.0,0.0
2023,9,2,15,56.602,239.84095769007692,239.84095769007692,181.3073485897667,0.0,660.0593447257646,0.0,0.0
2023,9,2,16,56.602,169.45013203503996,169.45013203503996,110.91652293472971,0.0,763.8374456398765,0.0,0.0
2023,9,2,17,56.602,82.64958746503545,82.64958746503545,24.115978364725215,0.0,786.4013555980866,0.0,0.0
2023,9,2,18,56.602,17.749821073855866,17.749821073855866,0.0,40.783788026454374,744.9916928258037,0.0,0.0
2023,9,2,19,56.602,0.0,0.0,0.0,58.53360910031024,685.5598172943735,0.0,0.0
2023,9,2,20,56.602,0.0,0.0,0.0,58.53360910031024,626.1279417629432,0.0,0.0
2023,9,2,21,56.602,0.0,0.0,0.0,58.53360910031024,566.696066231513,0.0,0.0
2023,9,2,22,56.602,0.0,0.0,0.0,58.53360910031024,507.2641907000827,0.0,0.0
2023,9,2,23,56.602,0.0,0.0,0.0,58.53360910031024,447.83231516865237,0.0,0.0
2023,9,3,0,56.602,0.0,0.0,0.0,58.53360910031024,388.40043963722206,0.0,0.0
2023,9,3,1,56.602,0.0,0.0,0.0,58.53360910031024,328.96856410579176,0.0,0.0
2023,9,3,2,56.602,0.0,0.0,0.0,58.53360910031024,269.53668857436145,0.0,0.0
2023,9,3,3,56.602,0.0,0.0,0.0,58.53360910031024,210.10481304293114,0.0,0.0
2023,9,3,4,56.602,0.0,0.0,0.0,58.53360910031024,150.67293751150083,0.0,0.0
2023,9,3,5,56.602,0.0,0.0,0.0,58.53360910031024,91.24106198007053,0.0,0.0
2023,9,3,6,56.602,0.16797937924784767,0.16797937924784767,0.0,58.36562972106239,31.97974366718104,0.0,0.0
2023,9,3,7,56.602,27.03721430871468,27.03721430871468,0.0,31.496394791595556,0.0,0.0,0.0
2023,9,3,8,56.602,114.28197101495236,58.53360910031024,0.0,0.0,0.0,55.748361914642125,0.0
2023,9,3,9,56.602,198.532961895484,58.53360910031024,0.0,0.0,0.0,139.99935279517376,0.0
2023,9,3,10,56.602,262.88399564778723,58.53360910031024,0.0,0.0,0.0,204.350386547477,0.0
2023,9,3,11,56.602,303.7067176801086,58.53360910031024,0.0,0.0,-0.0,245.1731085797984,0.0
2023,9,3,12,56.602,321.4864017547197,162.19556336823084,103.6619542679206,0.0,96.99042546889888,159.29083838648884,0.0
2023,9,3,13,56.602,311.54948825343587,311.54948825343587,253.01587915312564,0.0,333.72257992957725,0.0,0.0
2023,9,3,14,56.602,274.7060110717413,274.7060110717413,216.17240197143104,0.0,535.9824484600638,0.0,0.0
2023,9,3,15,56.602,206.14056133786428,206.14056133786428,147.60695223755403,0.0,674.0896373587608,0.0,0.0
2023,9,3,16,56.602,150.7633593124905,150.7633593124905,92.22975021218026,0.0,760.3836183775799,0.0,0.0
2023,9,3,17,56.602,92.9560556006645,92.9560556006645,34.42244650035426,0.0,792.5906875509125,0.0,0.0
2023,9,3,18,56.602,16.447047665911487,16.447047665911487,0.0,42.086561434398746,749.8582587948354,0.0,0.0
2023,9,3,19,56.602,0.0,0.0,0.0,58.53360910031024,690.4263832634051,0.0,0.0
2023,9,3,20,56.602,0.0,0.0,0.0,58.53360910031024,630.9945077319749,0.0,0.0
2023,9,3,21,56.602,0.0,0.0,0.0,58.53360910031024,571.5626322005446,0.0,0.0
2023,9,3,22,56.602,0.0,0.0,0.0,58.53360910031024,512.1307566691144,0.0,0.0
2023,9,3,23,56.602,0.0,0.0,0.0,58.53360910031024,452.69888113768405,0.0,0.0
2023,9,4,0,56.602,0.0,0.0,0.0,58.53360910031024,393.26700560625375,0.0,0.0
2023,9,4,1,56.602,0.0,0.0,0.0,58.53360910031024,333.83513007482344,0.0,0.0
2023,9,4,2,56.602,0.0,0.0,0.0,58.53360910031024,274.40325454339313,0.0,0.0
2023,9,4,3,56.602,0.0,0.0,0.0,58.53360910031024,214.9713790119628,0.0,0.0
2023,9,4,4,56.602,0.0,0.0,0.0,58.53360910031024,155.5395034805325,0.0,0.0
2023,9,4,5,56.602,0.0,0.0,0.0,58.53360910031024,96.10762794910218,0.0,0.0
2023,9,4,6,56.602,0.0,0.0,0.0,58.53360910031024,36.675752417671866,0.0,0.0
2023,9,4,7,56.602,22.41218206675724,22.41218206675724,0.0,36.12142703355299,0.0,0.0,0.0
2023,9,4,8,56.602,88.1070508530433,58.53360910031024,0.0,0.0,0.0,29.573441752733068,0.0
2023,9,4,9,56.602,167.40078360821622,58.53360910031024,0.0,0.0,0.0,108.86717450790599,0.0
2023,9,4,10,56.602,244.38759955505202,58.53360910031024,0.0,0.0,-0.0,185.8539904547418,0.0
2023,9,4,11,56.602,310.3288380975682,58.53360910031024,0.0,0.0,-0.0,251.795228997258,0.0
2023,9,4,12,56.602,306.1629494922215,204.76381668302733,146.2302075827171,0.0,136.81904947688417,101.39913280919419,0.0
2023,9,4,13,56.602,280.4322414665457,280.4322414665457,221.89863236623546,0.0,344.4366167527521,0.0,0.0
2023,9,4,14,56.602,266.83337749765883,266.83337749765883,208.2997683973486,0.0,539.3305226665442,0.0,0.0
2023,9,4,15,56.602,207.6449100009061,207.6449100009061,149.11130090059586,0.0,678.8452425915702,0.0,0.0
2023,9,4,16,56.602,155.56756955897893,155.56756955897893,97.0339604586687,0.0,769.634242049311,0.0,0.0
2023,9,4,17,56.602,89.13732437909677,89.13732437909677,30.60371527878653,0.0,798.2683478481162,0.0,0.0
2023,9,4,18,56.602,15.995369779489495,15.995369779489495,0.0,42.53823932082074,755.0773096821847,0.0,0.0
2023,9,4,19,56.602,0.0,0.0,0.0,58.53360910031024,695.6454341507545,0.0,0.0
2023,9,4,20,56.602,0.0,0.0,0.0,58.53360910031024,636.2135586193242,0.0,0.0
2023,9,4,21,56.602,0.0,0.0,0.0,58.53360910031024,576.781683087894,0.0,0.0
2023,9,4,22,56.602,0.0,0.0,0.0,58.53360910031024,517.3498075564637,0.0,0.0
2023,9,4,23,56.602,0.0,0.0,0.0,58.53360910031024,457.91793202503334,0.0,0.0
2023,9,5,0,56.602,0.0,0.0,0.0,58.53360910031024,398.48605649360303,0.0,0.0
2023,9,5,1,56.602,0.0,0.0,0.0,58.53360910031024,339.0541809621727,0.0,0.0
2023,9,5,2,56.602,0.0,0.0,0.0,58.53360910031024,279.6223054307424,0.0,0.0
2023,9,5,3,56.602,0.0,0.0,0.0,58.53360910031024,220.1904298993121,0.0,0.0
2023,9,5,4,56.602,0.0,0.0,0.0,58.53360910031024,160.7585543678818,0.0,0.0
2023,9,5,5,56.602,0.0,0.0,0.0,58.53360910031024,101.32667883645148,0.0,0.0
2023,9,5,6,56.602,0.0,0.0,0.0,58.53360910031024,41.89480330502117,0.0,0.0
2023,9,5,7,56.602,17.272013061773137,17.272013061773137,0.0,41.2615960385371,0.0,0.0,0.0
2023,9,5,8,56.602,97.67440971998182,58.53360910031024,0.0,0.0,0.0,39.14080061967159,0.0
2023,9,5,9,56.602,177.21824510647932,58.53360910031024,0.0,0.0,0.0,118.68463600616909,0.0
2023,9,5,10,56.602,236.64561660927342,58.53360910031024,0.0,0.0,-0.0,178.1120075089632,0.0
2023,9,5,11,56.602,264.81389207159026,93.81191647277463,35.27830737246439,0.0,33.007848115948406,171.00197559881565,0.0
2023,9,5,12,56.602,281.29826848844573,281.29826848844573,222.7646593881355,0.0,241.43570620598095,0.0,0.0
2023,9,5,13,56.602,264.66457706781443,264.66457706781443,206.1309679675042,0.0,434.30039245154194,0.0,0.0
2023,9,5,14,56.602,263.41406391119153,263.41406391119153,204.8804548108813,0.0,625.9950467025118,0.0,0.0
2023,9,5,15,56.602,194.3036144135326,194.3036144135326,135.77000531322238,0.0,753.0270969300195,0.0,0.0
2023,9,5,16,56.602,151.99147521854695,151.99147521854695,93.45786611823671,0.0,840.4701541465116,0.0,0.0
2023,9,5,17,56.602,54.73888038423196,54.73888038423196,0.0,2.0827606273597907,838.3554311306306,0.0,1.655473141790774
2023,9,5,18,56.602,13.863898100589028,13.863898100589028,0.0,44.669710999721204,793.0002113694366,0.0,0.0
2023,9,5,19,56.602,0.0,-0.0,0.0,58.53360910031024,733.5683358380063,0.0,0.0
2023,9,5,20,56.602,0.0,-0.0,0.0,58.53360910031024,674.136460306576,0.0,0.0
2023,9,5,21,56.602,0.0,-0.0,0.0,58.53360910031024,614.7045847751458,0.0,0.0
2023,9,5,22,56.602,0.0,-0.0,0.0,58.53360910031024,555.2727092437156,0.0,0.0
2023,9,5,23,56.602,0.0,-0.0,0.0,58.53360910031024,495.84083371228525,0.0,0.0
2023,9,6,0,56.602,0.0,-0.0,0.0,58.53360910031024,436.40895818085494,0.0,0.0
2023,9,6,1,56.602,0.0,-0.0,0.0,58.53360910031024,376.97708264942463,0.0,0.0
2023,9,6,2,56.602,0.0,-0.0,0.0,58.53360910031024,317.5452071179943,0.0,0.0
2023,9,6,3,56.602,0.0,-0.0,0.0,58.53360910031024,258.113331586564,0.0,0.0
2023,9,6,4,56.602,0.0,-0.0,0.0,58.53360910031024,198.6814560551337,0.0,0.0
2023,9,6,5,56.602,0.0,-0.0,0.0,58.53360910031024,139.2495805237034,0.0,0.0
2023,9,6,6,56.602,0.0,-0.0,0.0,58.53360910031024,79.8177049922731,0.0,0.0
2023,9,6,7,56.602,22.692147698837022,22.692147698837022,0.0,35.84146140147322,43.42621460550265,0.0,0.0
2023,9,6,8,56.602,90.38037178553084,90.38037178553084,31.846762685220604,0.0,73.22336713325963,0.0,0.0
2023,9,6,9,56.602,162.42112823229112,162.42112823229112,103.8875191319809,0.0,170.42484044792357,0.0,0.0
2023,9,6,10,56.602,211.30686046850923,211.30686046850923,152.773251368199,0.0,313.36583316905075,0.0,0.0
2023,9,6,11,56.602,154.7202069125509,154.7202069125509,96.18659781224066,0.0,403.36200497672525,0.0,0.0
2023,9,6,12,56.602,201.6051180981724,201.6051180981724,143.07150899786217,0.0,537.2256449995172,0.0,0.0
2023,9,6,13,56.602,170.44680968524384,170.44680968524384,111.91320058493359,0.0,641.9362788764822,0.0,0.0
2023,9,6,14,56.602,110.13847966017212,110.13847966017212,51.60487055986189,0.0,690.2199369187788,0.0,0.0
2023,9,6,15,56.602,165.34396943120367,165.34396943120367,106.81036033089345,0.0,790.1561417312482,0.0,0.0
2023,9,6,16,56.602,82.56746421295873,82.56746421295873,24.03385511264849,0.0,812.6432137674256,0.0,0.0
2023,9,6,17,56.602,50.49086852680861,50.49086852680861,0.0,8.042740573501625,804.4770479689561,0.0,0.0
2023,9,6,18,56.602,13.251706585107982,13.251706585107982,0.0,45.281902515202255,758.5002419001911,0.0,0.0
2023,9,6,19,56.602,0.0,-0.0,0.0,58.53360910031024,699.0683663687607,0.0,0.0
2023,9,6,20,56.602,0.0,-0.0,0.0,58.53360910031024,639.6364908373305,0.0,0.0
2023,9,6,21,56.602,0.0,-0.0,0.0,58.53360910031024,580.2046153059002,0.0,0.0
2023,9,6,22,56.602,0.0,-0.0,0.0,58.53360910031024,520.77273977447,0.0,0.0
2023,9,6,23,56.602,0.0,-0.0,0.0,58.53360910031024,461.3408642430397,0.0,0.0
2023,9,7,0,56.602,0.0,-0.0,0.0,58.53360910031024,401.90898871160937,0.0,0.0
2023,9,7,1,56.602,0.0,-0.0,0.0,58.53360910031024,342.47711318017906,0.0,0.0
2023,9,7,2,56.602,0.0,-0.0,0.0,58.53360910031024,283.04523764874875,0.0,0.0
2023,9,7,3,56.602,0.0,-0.0,0.0,58.53360910031024,223.61336211731845,0.0,0.0
2023,9,7,4,56.602,0.0,-0.0,0.0,58.53360910031024,164.18148658588814,0.0,0.0
2023,9,7,5,56.602,0.0,-0.0,0.0,58.53360910031024,104.74961105445783,0.0,0.0
2023,9,7,6,56.602,0.0,-0.0,0.0,58.53360910031024,45.31773552302752,0.0,0.0
2023,9,7,7,56.602,18.645711096511093,18.645711096511093,0.0,39.887898003799144,4.817711249629269,0.0,0.0
2023,9,7,8,56.602,90.95150167497353,90.95150167497353,32.41789257466329,0.0,35.14923659879652,0.0,0.0
2023,9,7,9,56.602,151.72270821175042,151.72270821175042,93.18909911144017,0.0,122.34082425227203,0.0,0.0
2023,9,7,10,56.602,168.78568026823734,168.78568026823734,110.25207116792711,0.0,225.49723652448176,0.0,0.0
2023,9,7,11,56.602,167.32612610632827,167.32612610632827,108.79251700601803,0.0,327.28802936419856,0.0,0.0
2023,9,7,12,56.602,165.25064755384375,165.25064755384375,106.7170384535335,0.0,427.1369183561761,0.0,0.0
2023,9,7,13,56.602,175.28834868267626,175.28834868267626,116.75473958236603,0.0,536.3774970002596,0.0,0.0
2023,9,7,14,56.602,98.1148889811206,98.1148889811206,39.58127988081037,0.0,573.4113847303831,0.0,0.0
2023,9,7,15,56.602,160.16273880018116,160.16273880018116,101.62912969987092,0.0,668.4998151891436,0.0,0.0
2023,9,7,16,56.602,97.51389609092278,97.51389609092278,38.980286990612555,0.0,704.9713890352995,0.0,0.0
2023,9,7,17,56.602,57.706516084277276,57.706516084277276,0.0,0.8270930160329608,704.1316033132636,0.0,0.0
2023,9,7,18,56.602,8.914105725419116,8.914105725419116,0.0,49.619503374891124,653.7506308457332,0.0,0.0
2023,9,7,19,56.602,0.0,-0.0,0.0,58.53360910031024,594.318755314303,0.0,0.0
2023,9,7,20,56.602,0.0,-0.0,0.0,58.53360910031024,534.8868797828727,0.0,0.0
2023,9,7,21,56.602,0.0,-0.0,0.0,58.53360910031024,475.45500425144246,0.0,0.0
2023,9,7,22,56.602,0.0,-0.0,0.0,58.53360910031024,416.02312872001215,0.0,0.0
2023,9,7,23,56.602,0.0,-0.0,0.0,58.53360910031024,356.59125318858185,0.0,0.0
2023,9,8,0,56.602,0.0,-0.0,0.0,58.53360910031024,297.15937765715154,0.0,0.0
2023,9,8,1,56.602,0.0,-0.0,0.0,58.53360910031024,237.72750212572123,0.0,0.0
2023,9,8,2,56.602,0.0,-0.0,0.0,58.53360910031024,178.29562659429092,0.0,0.0
2023,9,8,3,56.602,0.0,-0.0,0.0,58.53360910031024,118.86375106286062,0.0,0.0
2023,9,8,4,56.602,0.0,-0.0,0.0,58.53360910031024,59.43187553143031,0.0,0.0
2023,9,8,5,56.602,0.0,-0.0,0.0,0.0,59.43187553143031,0.0,56.602
2023,9,8,6,56.602,0.0,-0.0,0.0,58.53360910031024,0.0,0.0,0.0
2023,9,8,7,56.602,25.26409863887629,25.26409863887629,0.0,-0.0,0.0,0.0,32.17161661620663
2023,9,8,8,56.602,108.01447373146046,58.53360910031024,0.0,0.0,0.0,49.48086463115022,0.0
2023,9,8,9,56.602,191.92577297840197,58.53360910031024,0.0,0.0,0.0,133.39216387809174,0.0
2023,9,8,10,56.602,257.75875814318067,58.53360910031024,0.0,0.0,-0.0,199.22514904287044,0.0
2023,9,8,11,56.602,282.84741165262034,87.56287899590725,29.02926989559702,0.0,27.16098937271107,195.28453265671308,0.0
2023,9,8,12,56.602,284.64665744811947,284.64665744811947,226.11304834780924,0.0,238.72173910199203,0.0,0.0
2023,9,8,13,56.602,292.6462087754114,292.6462087754114,234.1125996751012,0.0,457.76720096383644,0.0,0.0
2023,9,8,14,56.602,246.01513309620887,246.01513309620887,187.48152399589864,0.0,633.1826936423013,0.0,0.0
2023,9,8,15,56.602,179.39077841141813,179.39077841141813,120.85716931110788,0.0,746.2616757552075,0.0,0.0
2023,9,8,16,56.602,123.41258349584649,123.41258349584649,64.87897439553625,0.0,806.9651361042681,0.0,0.0
2023,9,8,17,56.602,45.94049378673914,45.94049378673914,0.0,12.593115313571097,794.1787647635483,0.0,0.0
2023,9,8,18,56.602,11.795885298293305,11.795885298293305,0.0,46.73772380201693,746.7237961340961,0.0,0.0
2023,9,8,19,56.602,0.0,0.0,0.0,58.53360910031024,687.2919206026659,0.0,0.0
2023,9,8,20,56.602,0.0,0.0,0.0,58.53360910031024,627.8600450712356,0.0,0.0
2023,9,8,21,56.602,0.0,0.0,0.0,58.53360910031024,568.4281695398054,0.0,0.0
2023,9,8,22,56.602,0.0,0.0,0.0,58.53360910031024,508.9962940083751,0.0,0.0
2023,9,8,23,56.602,0.0,0.0,0.0,58.53360910031024,449.5644184769448,0.0,0.0
2023,9,9,0,56.602,0.0,0.0,0.0,58.53360910031024,390.1325429455145,0.0,0.0
2023,9,9,1,56.602,0.0,0.0,0.0,58.53360910031024,330.7006674140842,0.0,0.0
2023,9,9,2,56.602,0.0,0.0,0.0,58.53360910031024,271.2687918826539,0.0,0.0
2023,9,9,3,56.602,0.0,0.0,0.0,58.53360910031024,211.83691635122355,0.0,0.0
2023,9,9,4,56.602,0.0,0.0,0.0,58.53360910031024,152.40504081979324,0.0,0.0
2023,9,9,5,56.602,0.0,0.0,0.0,58.53360910031024,92.97316528836294,0.0,0.0
2023,9,9,6,56.602,0.0,0.0,0.0,58.53360910031024,33.54128975693263,0.0,0.0
2023,9,9,7,56.602,25.499269769823275,25.499269769823275,0.0,33.034339330486965,0.0,0.0,0.0
2023,9,9,8,56.602,109.45909639299194,58.53360910031024,0.0,0.0,0.0,50.9254872926817,0.0
2023,9,9,9,56.602,192.67981374747004,58.53360910031024,0.0,0.0,0.0,134.1462046471598,0.0
2023,9,9,10,56.602,257.3518747578914,58.53360910031024,0.0,0.0,0.0,198.81826565758115,0.0
2023,9,9,11,56.602,300.31726709439647,293.79524921183923,235.26164011152898,0.0,220.12055176919904,6.522017882557236,0.0
2023,9,9,12,56.602,321.4490730037757,321.4490730037757,262.9154639034655,0.0,466.1151684676554,0.0,0.0
2023,9,9,13,56.602,264.48166618818897,264.48166618818897,205.94805708787874,0.0,658.8087157050522,0.0,0.0
2023,9,9,14,56.602,163.13410737532084,163.13410737532084,104.60049827501061,0.0,756.677281888274,0.0,0.0
2023,9,9,15,56.602,89.08506412777521,89.08506412777521,30.551455027464975,0.0,785.2624908276038,0.0,0.0
2023,9,9,16,56.602,85.94198329829327,85.94198329829327,27.40837419798303,0.0,810.9069029327673,0.0,0.0
2023,9,9,17,56.602,42.793680082162794,42.793680082162794,0.0,15.739929018147443,794.9254263647159,0.0,0.0
2023,9,9,18,56.602,9.963043626944565,9.963043626944565,0.0,48.570565473365676,745.6094889729627,0.0,0.0
2023,9,9,19,56.602,0.0,0.0,0.0,58.53360910031024,686.1776134415325,0.0,0.0
2023,9,9,20,56.602,0.0,0.0,0.0,58.53360910031024,626.7457379101022,0.0,0.0
2023,9,9,21,56.602,0.0,0.0,0.0,58.53360910031024,567.313862378672,0.0,0.0
2023,9,9,22,56.602,0.0,0.0,0.0,58.53360910031024,507.8819868472417,0.0,0.0
2023,9,9,23,56.602,0.0,0.0,0.0,58.53360910031024,448.4501113158114,0.0,0.0
2023,9,10,0,56.602,0.0,0.0,0.0,58.53360910031024,389.0182357843811,0.0,0.0
2023,9,10,1,56.602,0.0,0.0,0.0,58.53360910031024,329.5863602529508,0.0,0.0
2023,9,10,2,56.602,0.0,0.0,0.0,58.53360910031024,270.1544847215205,0.0,0.0
2023,9,10,3,56.602,0.0,0.0,0.0,58.53360910031024,210.72260919009014,0.0,0.0
2023,9,10,4,56.602,0.0,0.0,0.0,58.53360910031024,151.29073365865983,0.0,0.0
2023,9,10,5,56.602,0.0,0.0,0.0,58.53360910031024,91.85885812722952,0.0,0.0
2023,9,10,6,56.602,0.0,0.0,0.0,58.53360910031024,32.42698259579921,0.0,0.0
2023,9,10,7,56.602,26.59673504757588,26.59673504757588,0.0,31.936874052734357,0.0,0.0,0.0
2023,9,10,8,56.602,114.08786151004375,58.53360910031024,0.0,0.0,0.0,55.554252409733515,0.0
2023,9,10,9,56.602,198.74200290077016,58.53360910031024,0.0,0.0,0.0,140.20839380045993,0.0
2023,9,10,10,56.602,263.41033103609715,58.53360910031024,0.0,0.0,0.0,204.87672193578692,0.0
2023,9,10,11,56.602,305.61794972843967,58.53360910031024,0.0,0.0,-0.0,247.08434062812944,0.0
2023,9,10,12,56.602,327.2536937755624,69.35454837506032,10.820939274750076,0.0,10.124519758893996,257.8991454005021,0.0
2023,9,10,13,56.602,323.1997914230477,323.1997914230477,264.6661823227375,0.0,257.7571812497779,0.0,0.0
2023,9,10,14,56.602,295.6063787252679,295.6063787252679,237.07276962495766,0.0,479.5723009376245,0.0,0.0
2023,9,10,15,56.602,246.58253011055723,246.58253011055723,188.048921010247,0.0,655.51867380468,0.0,0.0
2023,9,10,16,56.602,175.63177319136074,175.63177319136074,117.0981640910505,0.0,765.0805746681737,0.0,0.0
2023,9,10,17,56.602,87.35674295906959,87.35674295906959,28.823133858759356,0.0,792.0486946119939,0.0,0.0
2023,9,10,18,56.602,12.094515305845032,12.094515305845032,0.0,46.43909379446521,744.8969388155033,0.0,0.0
2023,9,10,19,56.602,0.0,0.0,0.0,58.53360910031024,685.465063284073,0.0,0.0
2023,9,10,20,56.602,0.0,0.0,0.0,58.53360910031024,626.0331877526428,0.0,0.0
2023,9,10,21,56.602,0.0,0.0,0.0,58.53360910031024,566.6013122212125,0.0,0.0
2023,9,10,22,56.602,0.0,0.0,0.0,58.53360910031024,507.1694366897822,0.0,0.0
2023,9,10,23,56.602,0.0,0.0,0.0,58.53360910031024,447.73756115835187,0.0,0.0
2023,9,11,0,56.602,0.0,0.0,0.0,58.53360910031024,388.30568562692156,0.0,0.0
2023,9,11,1,56.602,0.0,0.0,0.0,58.53360910031024,328.87381009549125,0.0,0.0
2023,9,11,2,56.602,0.0,0.0,0.0,58.53360910031024,269.44193456406094,0.0,0.0
2023,9,11,3,56.602,0.0,0.0,0.0,58.53360910031024,210.01005903263066,0.0,0.0
2023,9,11,4,56.602,0.0,0.0,0.0,58.53360910031024,150.57818350120036,0.0,0.0
2023,9,11,5,56.602,0.0,0.0,0.0,58.53360910031024,91.14630796977005,0.0,0.0
2023,9,11,6,56.602,0.0,0.0,0.0,58.53360910031024,31.71443243833975,0.0,0.0
2023,9,11,7,56.602,27.298515565322447,27.298515565322447,0.0,31.23509353498779,0.0,0.0,0.0
2023,9,11,8,56.602,115.98042918290282,58.53360910031024,0.0,0.0,0.0,57.44682008259259,0.0
2023,9,11,9,56.602,199.63416004833095,58.53360910031024,0.0,0.0,0.0,141.10055094802073,0.0
2023,9,11,10,56.602,262.9959819006191,58.53360910031024,0.0,0.0,0.0,204.46237280030886,0.0
2023,9,11,11,56.602,303.5200739253888,58.53360910031024,0.0,0.0,-0.0,244.98646482507854,0.0
2023,9,11,12,56.602,322.3374972762421,84.43092805568692,25.897318955376683,0.0,24.23060612473006,237.90656922055518,0.0
2023,9,11,13,56.602,318.3433209252377,318.3433209252377,259.8097118249275,0.0,267.31935231721684,0.0,0.0
2023,9,11,14,56.602,292.06014738559116,292.06014738559116,233.52653828528094,0.0,485.8164708263723,0.0,0.0
2023,9,11,15,56.602,243.76794228938215,243.76794228938215,185.23433318907192,0.0,659.1293985473928,0.0,0.0
2023,9,11,16,56.602,173.77280139435123,173.77280139435123,115.23919229404099,0.0,766.9519682666883,0.0,0.0
2023,9,11,17,56.602,86.58403781452948,86.58403781452948,28.050428714219244,0.0,793.1971132168358,0.0,0.0
2023,9,11,18,56.602,11.568179917535073,11.568179917535073,0.0,46.96542918277517,745.5109448022504,0.0,0.0
2023,9,11,19,56.602,0.0,0.0,0.0,58.53360910031024,686.0790692708201,0.0,0.0
2023,9,11,20,56.602,0.0,0.0,0.0,58.53360910031024,626.6471937393899,0.0,0.0
2023,9,11,21,56.602,0.0,0.0,0.0,58.53360910031024,567.2153182079595,0.0,0.0
2023,9,11,22,56.602,0.0,0.0,0.0,58.53360910031024,507.7834426765292,0.0,0.0
2023,9,11,23,56.602,0.0,0.0,0.0,58.53360910031024,448.3515671450989,0.0,0.0
2023,9,12,0,56.602,0.0,0.0,0.0,58.53360910031024,388.9196916136686,0.0,0.0
2023,9,12,1,56.602,0.0,0.0,0.0,58.53360910031024,329.4878160822383,0.0,0.0
2023,9,12,2,56.602,0.0,0.0,0.0,58.53360910031024,270.055940550808,0.0,0.0
2023,9,12,3,56.602,0.0,0.0,0.0,58.53360910031024,210.62406501937767,0.0,0.0
2023,9,12,4,56.602,0.0,0.0,0.0,58.53360910031024,151.19218948794736,0.0,0.0
2023,9,12,5,56.602,0.0,0.0,0.0,58.53360910031024,91.76031395651704,0.0,0.0
2023,9,12,6,56.602,0.0,0.0,0.0,58.53360910031024,32.32843842508673,0.0,0.0
2023,9,12,7,56.602,26.693789800030196,26.693789800030196,0.0,31.83981930028004,0.0,0.0,0.0
2023,9,12,8,56.602,114.46488189457777,58.53360910031024,0.0,0.0,0.0,55.931272794267535,0.0
2023,9,12,9,56.602,196.3902915913003,58.53360910031024,0.0,0.0,0.0,137.85668249099007,0.0
2023,9,12,10,56.602,258.85622342093325,58.53360910031024,0.0,0.0,0.0,200.32261432062302,0.0
2023,9,12,11,56.602,296.3118921181089,58.53360910031024,0.0,0.0,-0.0,237.77828301779869,0.0
2023,9,12,12,56.602,312.915720537985,110.62731984476662,52.09371074445638,0.0,48.74103720155463,202.2884006932184,0.0
2023,9,12,13,56.602,309.35455769793066,309.35455769793066,250.82094859762043,0.0,283.4195235642641,0.0,0.0
2023,9,12,14,56.602,284.91169157982165,284.91169157982165,226.3780824795114,0.0,495.228250223742,0.0,0.0
2023,9,12,15,56.602,238.8853416659114,238.8853416659114,180.35173256560117,0.0,663.9728142166277,0.0,0.0
2023,9,12,16,56.602,170.96941219845937,170.96941219845937,112.43580309814914,0.0,769.1724166883473,0.0,0.0
2023,9,12,17,56.602,84.57948388883851,84.57948388883851,26.045874788528273,0.0,793.5420178143294,0.0,0.0
2023,9,12,18,56.602,10.844002149222167,10.844002149222167,0.0,47.689606951088074,745.1205582798125,0.0,0.0
2023,9,12,19,56.602,0.0,0.0,0.0,58.53360910031024,685.6886827483822,0.0,0.0
2023,9,12,20,56.602,0.0,0.0,0.0,58.53360910031024,626.256807216952,0.0,0.0
2023,9,12,21,56.602,0.0,0.0,0.0,58.53360910031024,566.8249316855216,0.0,0.0
2023,9,12,22,56.602,0.0,0.0,0.0,58.53360910031024,507.3930561540913,0.0,0.0
2023,9,12,23,56.602,0.0,0.0,0.0,58.53360910031024,447.961180622661,0.0,0.0
2023,9,13,0,56.602,0.0,0.0,0.0,58.53360910031024,388.5293050912307,0.0,0.0
2023,9,13,1,56.602,0.0,0.0,0.0,58.53360910031024,329.0974295598004,0.0,0.0
2023,9,13,2,56.602,0.0,0.0,0.0,58.53360910031024,269.6655540283701,0.0,0.0
2023,9,13,3,56.602,0.0,0.0,0.0,58.53360910031024,210.23367849693977,0.0,0.0
2023,9,13,4,56.602,0.0,0.0,0.0,58.53360910031024,150.80180296550947,0.0,0.0
2023,9,13,5,56.602,0.0,0.0,0.0,58.53360910031024,91.36992743407914,0.0,0.0
2023,9,13,6,56.602,0.0,0.0,0.0,58.53360910031024,31.938051902648837,0.0,0.0
2023,9,13,7,56.602,27.078275934753044,27.078275934753044,0.0,31.455333165557192,0.0,0.0,0.0
2023,9,13,8,56.602,115.89084018063727,58.53360910031024,0.0,0.0,0.0,57.35723108032703,0.0
2023,9,13,9,56.602,199.32059854040165,58.53360910031024,0.0,0.0,0.0,140.78698944009142,0.0
2023,9,13,10,56.602,259.3564286835824,58.53360910031024,0.0,0.0,0.0,200.82281958327218,0.0
2023,9,13,11,56.602,296.96887813472273,58.53360910031024,0.0,0.0,-0.0,238.4352690344125,0.0
2023,9,13,12,56.602,301.2878146189396,229.67161107761146,171.1380019773012,0.0,160.1238153660043,71.61620354132813,0.0
2023,9,13,13,56.602,286.75199900135914,286.75199900135914,228.21838990104888,0.0,373.6544100055819,0.0,0.0
2023,9,13,14,56.602,265.6015287165079,265.6015287165079,207.06791961619768,0.0,567.3957470888812,0.0,0.0
2023,9,13,15,56.602,191.09334183235154,191.09334183235154,132.5597327320413,0.0,691.4241330914684,0.0,0.0
2023,9,13,16,56.602,149.48298315511244,149.48298315511244,90.9493740548022,0.0,776.520141053139,0.0,0.0
2023,9,13,17,56.602,77.33397333061467,77.33397333061467,18.80036423030443,0.0,794.1105418761321,0.0,0.0
2023,9,13,18,56.602,10.836536399033374,10.836536399033374,0.0,47.69707270127686,745.6815020207912,0.0,0.0
2023,9,13,19,56.602,0.0,0.0,0.0,58.53360910031024,686.2496264893609,0.0,0.0
2023,9,13,20,56.602,0.0,0.0,0.0,58.53360910031024,626.8177509579307,0.0,0.0
2023,9,13,21,56.602,0.0,0.0,0.0,58.53360910031024,567.3858754265003,0.0,0.0
2023,9,13,22,56.602,0.0,0.0,0.0,58.53360910031024,507.95399989507,0.0,0.0
2023,9,13,23,56.602,0.0,0.0,0.0,58.53360910031024,448.5221243636397,0.0,0.0
2023,9,14,0,56.602,0.0,0.0,0.0,58.53360910031024,389.0902488322094,0.0,0.0
2023,9,14,1,56.602,0.0,0.0,0.0,58.53360910031024,329.6583733007791,0.0,0.0
2023,9,14,2,56.602,0.0,0.0,0.0,58.53360910031024,270.2264977693488,0.0,0.0
2023,9,14,3,56.602,0.0,0.0,0.0,58.53360910031024,210.79462223791847,0.0,0.0
2023,9,14,4,56.602,0.0,0.0,0.0,58.53360910031024,151.36274670648817,0.0,0.0
2023,9,14,5,56.602,0.0,0.0,0.0,58.53360910031024,91.93087117505787,0.0,0.0
2023,9,14,6,56.602,0.0,0.0,0.0,58.53360910031024,32.498995643627566,0.0,0.0
2023,9,14,7,56.602,26.525810420782346,26.525810420782346,0.0,32.007798679527895,0.0,0.0,0.0
2023,9,14,8,56.602,109.19779513638414,58.53360910031024,0.0,0.0,0.0,50.66418603607391,0.0
2023,9,14,9,56.602,151.7451054623168,58.53360910031024,0.0,0.0,0.0,93.21149636200656,0.0
2023,9,14,10,56.602,238.39260215345104,58.53360910031024,0.0,0.0,0.0,179.8589930531408,0.0
2023,9,14,11,56.602,268.87899304938816,58.53360910031024,0.0,0.0,-0.0,210.34538394907793,0.0
2023,9,14,12,56.602,294.60223532487527,253.73130857553596,195.19769947522573,0.0,182.63506661007668,40.870926749339304,0.0
2023,9,14,13,56.602,298.46949392267015,298.46949392267015,239.93588482235992,0.0,407.12903567061403,0.0,0.0
2023,9,14,14,56.602,269.3269380607158,269.3269380607158,210.79332896040557,0.0,604.356020307949,0.0,0.0
2023,9,14,15,56.602,221.15045209243308,221.15045209243308,162.61684299212286,0.0,756.5070857745591,0.0,0.0
2023,9,14,16,56.602,115.05094328439807,115.05094328439807,56.51733418408784,0.0,809.3870486075479,0.0,0.0
2023,9,14,17,56.602,52.98816196495995,52.98816196495995,0.0,5.545447135350286,803.7565001247187,0.0,0.0
2023,9,14,18,56.602,4.931127999697928,4.931127999697928,0.0,53.60248110061231,749.3314264975647,0.0,0.0
2023,9,14,19,56.602,0.0,0.0,0.0,58.53360910031024,689.8995509661345,0.0,0.0
2023,9,14,20,56.602,0.0,0.0,0.0,58.53360910031024,630.4676754347042,0.0,0.0
2023,9,14,21,56.602,0.0,0.0,0.0,58.53360910031024,571.035799903274,0.0,0.0
2023,9,14,22,56.602,0.0,0.0,0.0,58.53360910031024,511.60392437184373,0.0,0.0
2023,9,14,23,56.602,0.0,0.0,0.0,58.53360910031024,452.1720488404134,0.0,0.0
2023,9,15,0,56.602,0.0,0.0,0.0,58.53360910031024,392.7401733089831,0.0,0.0
2023,9,15,1,56.602,0.0,0.0,0.0,58.53360910031024,333.3082977775528,0.0,0.0
2023,9,15,2,56.602,0.0,0.0,0.0,58.53360910031024,273.8764222461225,0.0,0.0
2023,9,15,3,56.602,0.0,0.0,0.0,58.53360910031024,214.4445467146922,0.0,0.0
2023,9,15,4,56.602,0.0,0.0,0.0,58.53360910031024,155.0126711832619,0.0,0.0
2023,9,15,5,56.602,0.0,0.0,0.0,58.53360910031024,95.58079565183158,0.0,0.0
2023,9,15,6,56.602,0.0,0.0,0.0,58.53360910031024,36.14892012040128,0.0,0.0
2023,9,15,7,56.602,22.931051704878406,22.931051704878406,0.0,35.60255739543183,0.0,0.0,0.0
2023,9,15,8,56.602,94.24389750823131,58.53360910031024,0.0,0.0,0.0,35.71028840792108,0.0
2023,9,15,9,56.602,182.64584549373197,58.53360910031024,0.0,0.0,0.0,124.11223639342174,0.0
2023,9,15,10,56.602,242.35691550370024,58.53360910031024,0.0,0.0,-0.0,183.82330640339,0.0
2023,9,15,11,56.602,281.58943274580867,153.32315009320223,94.789540992892,0.0,88.68902748196902,128.26628265260644,0.0
2023,9,15,12,56.602,294.95312558374854,294.95312558374854,236.41951648343831,0.0,309.89293642637256,0.0,0.0
2023,9,15,13,56.602,233.62572065790653,233.62572065790653,175.0921115575963,0.0,473.7163807763362,0.0,0.0
2023,9,15,14,56.602,242.11054574747007,242.11054574747007,183.5769366471598,0.0,645.4785795254211,0.0,0.0
2023,9,15,15,56.602,148.73267526113872,148.73267526113872,90.1990661608285,0.0,729.872568290337,0.0,0.0
2023,9,15,16,56.602,130.2176147929315,130.2176147929315,71.68400569262126,0.0,796.943098269665,0.0,0.0
2023,9,15,17,56.602,59.37884412656695,59.37884412656695,0.845235026256717,0.0,797.7339352300215,0.0,0.0
2023,9,15,18,56.602,8.723729095604888,8.723729095604888,0.0,49.80988000470535,747.1596645814782,0.0,0.0
2023,9,15,19,56.602,0.0,0.0,0.0,58.53360910031024,687.7277890500479,0.0,0.0
2023,9,15,20,56.602,0.0,0.0,0.0,58.53360910031024,628.2959135186177,0.0,0.0
2023,9,15,21,56.602,0.0,0.0,0.0,58.53360910031024,568.8640379871874,0.0,0.0
2023,9,15,22,56.602,0.0,0.0,0.0,58.53360910031024,509.4321624557572,0.0,0.0
2023,9,15,23,56.602,0.0,0.0,0.0,58.53360910031024,450.0002869243269,0.0,0.0
2023,9,16,0,56.602,0.0,0.0,0.0,58.53360910031024,390.56841139289656,0.0,0.0
2023,9,16,1,56.602,0.0,0.0,0.0,58.53360910031024,331.13653586146626,0.0,0.0
2023,9,16,2,56.602,0.0,0.0,0.0,58.53360910031024,271.70466033003595,0.0,0.0
2023,9,16,3,56.602,0.0,0.0,0.0,58.53360910031024,212.27278479860564,0.0,0.0
2023,9,16,4,56.602,0.0,0.0,0.0,58.53360910031024,152.84090926717533,0.0,0.0
2023,9,16,5,56.602,0.0,0.0,0.0,58.53360910031024,93.40903373574504,0.0,0.0
2023,9,16,6,56.602,0.0,0.0,0.0,58.53360910031024,33.97715820431473,0.0,0.0
2023,9,16,7,56.602,25.069989133967667,25.069989133967667,0.0,33.46361996634257,0.0,0.0,0.0
2023,9,16,8,56.602,77.09880219966769,58.53360910031024,0.0,0.0,0.0,18.56519309935745,0.0
2023,9,16,9,56.602,151.31582482646118,58.53360910031024,0.0,0.0,0.0,92.78221572615095,0.0
2023,9,16,10,56.602,246.61612598640673,58.53360910031024,0.0,0.0,-0.0,188.0825168860965,0.0
2023,9,16,11,56.602,291.17172311312476,206.56665141905947,148.03304231874924,0.0,138.5058564576395,84.60507169406529,0.0
2023,9,16,12,56.602,295.0837762120524,295.0837762120524,236.55016711174216,0.0,359.83200755073165,0.0,0.0
2023,9,16,13,56.602,271.0291291037606,271.0291291037606,212.4955200034504,0.0,558.6516327538384,0.0,0.0
2023,9,16,14,56.602,221.59466422866626,221.59466422866626,163.06105512835603,0.0,711.2183215259897,0.0,0.0
2023,9,16,15,56.602,186.51683696662127,186.51683696662127,127.98322786631103,0.0,830.9647396916555,0.0,0.0
2023,9,16,16,56.602,65.31038265156317,65.31038265156317,6.776773551252937,0.0,837.3053702024755,0.0,0.0
2023,9,16,17,56.602,24.8124207524543,24.8124207524543,0.0,33.721188347855936,803.0666909297315,0.0,0.0
2023,9,16,18,56.602,3.665683342697476,3.665683342697476,0.0,54.86792575761276,747.3567529229033,0.0,0.0
2023,9,16,19,56.602,0.0,0.0,0.0,58.53360910031024,687.924877391473,0.0,0.0
2023,9,16,20,56.602,0.0,0.0,0.0,58.53360910031024,628.4930018600428,0.0,0.0
2023,9,16,21,56.602,0.0,0.0,0.0,58.53360910031024,569.0611263286125,0.0,0.0
2023,9,16,22,56.602,0.0,0.0,0.0,58.53360910031024,509.6292507971822,0.0,0.0
2023,9,16,23,56.602,0.0,0.0,0.0,58.53360910031024,450.1973752657519,0.0,0.0
2023,9,17,0,56.602,0.0,0.0,0.0,58.53360910031024,390.76549973432157,0.0,0.0
2023,9,17,1,56.602,0.0,0.0,0.0,58.53360910031024,331.33362420289126,0.0,0.0
2023,9,17,2,56.602,0.0,0.0,0.0,58.53360910031024,271.90174867146095,0.0,0.0
2023,9,17,3,56.602,0.0,0.0,0.0,58.53360910031024,212.46987314003061,0.0,0.0
2023,9,17,4,56.602,0.0,0.0,0.0,58.53360910031024,153.0379976086003,0.0,0.0
2023,9,17,5,56.602,0.0,0.0,0.0,58.53360910031024,93.60612207717,0.0,0.0
2023,9,17,6,56.602,0.0,0.0,0.0,58.53360910031024,34.174246545739685,0.0,0.0
2023,9,17,7,56.602,24.875879629059046,24.875879629059046,0.0,33.65772947125119,0.0,0.0,0.0
2023,9,17,8,56.602,109.25752113789453,58.53360910031024,0.0,0.0,0.0,50.72391203758429,0.0
2023,9,17,9,56.602,191.28745133726014,58.53360910031024,0.0,0.0,0.0,132.7538422369499,0.0
2023,9,17,10,56.602,251.92800724573314,58.53360910031024,0.0,0.0,-0.0,193.3943981454229,0.0
2023,9,17,11,56.602,287.65908764929753,91.36362743094656,32.83001833063632,0.0,30.717127306035678,196.29546021835097,0.0
2023,9,17,12,56.602,305.99497011297376,305.99497011297376,247.4613610126635,0.0,262.25224413103774,0.0,0.0
2023,9,17,13,56.602,301.46325974837623,301.46325974837623,242.92965064806597,0.0,489.54730471295437,0.0,0.0
2023,9,17,14,56.602,198.02529088264603,198.02529088264603,139.4916817823358,0.0,620.061509861678,0.0,0.0
2023,9,17,15,56.602,178.14026525479525,178.14026525479525,119.60665615448502,0.0,731.9704599799932,0.0,0.0
2023,9,17,16,56.602,131.0015185627548,131.0015185627548,72.46790946244455,0.0,799.774442851453,0.0,0.0
2023,9,17,17,56.602,61.80521293792475,61.80521293792475,3.271603837614514,0.0,802.8354911445982,0.0,0.0
2023,9,17,18,56.602,5.311881259326383,5.311881259326383,0.0,53.22172784098385,748.7970138794701,0.0,0.0
2023,9,17,19,56.602,0.0,0.0,0.0,58.53360910031024,689.3651383480399,0.0,0.0
2023,9,17,20,56.602,0.0,0.0,0.0,58.53360910031024,629.9332628166096,0.0,0.0
2023,9,17,21,56.602,0.0,0.0,0.0,58.53360910031024,570.5013872851794,0.0,0.0
2023,9,17,22,56.602,0.0,0.0,0.0,58.53360910031024,511.0695117537491,0.0,0.0
2023,9,17,23,56.602,0.0,0.0,0.0,58.53360910031024,451.6376362223188,0.0,0.0
2023,9,18,0,56.602,0.0,0.0,0.0,58.53360910031024,392.2057606908885,0.0,0.0
2023,9,18,1,56.602,0.0,0.0,0.0,58.53360910031024,332.7738851594582,0.0,0.0
2023,9,18,2,56.602,0.0,0.0,0.0,58.53360910031024,273.3420096280279,0.0,0.0
2023,9,18,3,56.602,0.0,0.0,0.0,58.53360910031024,213.9101340965976,0.0,0.0
2023,9,18,4,56.602,0.0,0.0,0.0,58.53360910031024,154.4782585651673,0.0,0.0
2023,9,18,5,56.602,0.0,0.0,0.0,58.53360910031024,95.04638303373699,0.0,0.0
2023,9,18,6,56.602,0.0,0.0,0.0,58.53360910031024,35.61450750230668,0.0,0.0
2023,9,18,7,56.602,23.457387093188327,23.457387093188327,0.0,35.076222007121906,0.0,0.0,0.0
2023,9,18,8,56.602,109.22019238695053,58.53360910031024,0.0,0.0,0.0,50.68658328664029,0.0
2023,9,18,9,56.602,190.30943806252822,58.53360910031024,0.0,0.0,0.0,131.775828962218,0.0
2023,9,18,10,56.602,250.6550968385439,58.53360910031024,0.0,0.0,0.0,192.12148773823367,0.0
2023,9,18,11,56.602,289.4508676946079,58.53360910031024,0.0,0.0,-0.0,230.91725859429766,0.0
2023,9,18,12,56.602,307.5665105277147,171.36210907595614,112.8284999756459,0.0,105.56702596375871,136.20440145175854,0.0
2023,9,18,13,56.602,304.28158044464567,304.28158044464567,245.74797134433544,0.0,335.49902432452996,0.0,0.0
2023,9,18,14,56.602,276.990530629512,276.990530629512,218.4569215292018,0.0,539.8963841406576,0.0,0.0
2023,9,18,15,56.602,227.06705911705168,227.06705911705168,168.53345001674145,0.0,697.5832726264524,0.0,0.0
2023,9,18,16,56.602,156.5903773348436,156.5903773348436,98.05676823453335,0.0,789.3292534767841,0.0,0.0
2023,9,18,17,56.602,69.94288064370937,69.94288064370937,11.409271543399136,0.0,800.0042413168206,0.0,0.0
2023,9,18,18,56.602,6.379483536323815,6.379483536323815,0.0,52.15412556398642,747.0497499295298,0.0,0.0
2023,9,18,19,56.602,0.0,0.0,0.0,58.53360910031024,687.6178743980995,0.0,0.0
2023,9,18,20,56.602,0.0,0.0,0.0,58.53360910031024,628.1859988666693,0.0,0.0
2023,9,18,21,56.602,0.0,0.0,0.0,58.53360910031024,568.754123335239,0.0,0.0
2023,9,18,22,56.602,0.0,0.0,0.0,58.53360910031024,509.32224780380864,0.0,0.0
2023,9,18,23,56.602,0.0,0.0,0.0,58.53360910031024,449.89037227237833,0.0,0.0
2023,9,19,0,56.602,0.0,0.0,0.0,58.53360910031024,390.458496740948,0.0,0.0
2023,9,19,1,56.602,0.0,0.0,0.0,58.53360910031024,331.0266212095177,0.0,0.0
2023,9,19,2,56.602,0.0,0.0,0.0,58.53360910031024,271.5947456780874,0.0,0.0
2023,9,19,3,56.602,0.0,0.0,0.0,58.53360910031024,212.16287014665713,0.0,0.0
2023,9,19,4,56.602,0.0,0.0,0.0,58.53360910031024,152.73099461522682,0.0,0.0
2023,9,19,5,56.602,0.0,0.0,0.0,58.53360910031024,93.29911908379651,0.0,0.0
2023,9,19,6,56.602,0.0,0.0,0.0,58.53360910031024,33.867243552366205,0.0,0.0
2023,9,19,7,56.602,25.178242511705168,25.178242511705168,0.0,33.35536658860507,0.0,0.0,0.0
2023,9,19,8,56.602,110.69467804923723,58.53360910031024,0.0,0.0,0.0,52.16106894892699,0.0
2023,9,19,9,56.602,194.29614866334379,58.53360910031024,0.0,0.0,0.0,135.76253956303356,0.0
2023,9,19,10,56.602,256.3738614831595,58.53360910031024,0.0,0.0,-0.0,197.84025238284926,0.0
2023,9,19,11,56.602,296.99874113547787,58.53360910031024,0.0,0.0,-0.0,238.46513203516764,0.0
2023,9,19,12,56.602,315.15171271952863,154.6652990516532,96.13168995134295,0.0,89.94479773482718,160.48641366787544,0.0
2023,9,19,13,56.602,311.1612692436187,311.1612692436187,252.62766014330842,0.0,326.31371838225937,0.0,0.0
2023,9,19,14,56.602,279.917104703519,279.917104703519,221.38349560320876,0.0,533.4493023290122,0.0,0.0
2023,9,19,15,56.602,231.96832411599445,231.96832411599445,173.4347150156842,0.0,695.7220177070402,0.0,0.0
2023,9,19,16,56.602,158.3560272544932,158.3560272544932,99.82241815418297,0.0,789.1200138810781,0.0,0.0
2023,9,19,17,56.602,74.73589226491463,74.73589226491463,16.20228316460439,0.0,804.2795422615774,0.0,0.0
2023,9,19,18,56.602,5.845682397825099,5.845682397825099,0.0,52.68792670248514,750.7830579353679,0.0,0.0
2023,9,19,19,56.602,0.0,0.0,0.0,58.53360910031024,691.3511824039376,0.0,0.0
2023,9,19,20,56.602,0.0,0.0,0.0,58.53360910031024,631.9193068725074,0.0,0.0
2023,9,19,21,56.602,0.0,0.0,0.0,58.53360910031024,572.4874313410771,0.0,0.0
2023,9,19,22,56.602,0.0,0.0,0.0,58.53360910031024,513.0555558096468,0.0,0.0
2023,9,19,23,56.602,0.0,0.0,0.0,58.53360910031024,453.62368027821645,0.0,0.0
2023,9,20,0,56.602,0.0,0.0,0.0,58.53360910031024,394.19180474678615,0.0,0.0
2023,9,20,1,56.602,0.0,0.0,0.0,58.53360910031024,334.75992921535584,0.0,0.0
2023,9,20,2,56.602,0.0,0.0,0.0,58.53360910031024,275.32805368392553,0.0,0.0
2023,9,20,3,56.602,0.0,0.0,0.0,58.53360910031024,215.89617815249525,0.0,0.0
2023,9,20,4,56.602,0.0,0.0,0.0,58.53360910031024,156.46430262106495,0.0,0.0
2023,9,20,5,56.602,0.0,0.0,0.0,58.53360910031024,97.03242708963464,0.0,0.0
2023,9,20,6,56.602,0.0,0.0,0.0,58.53360910031024,37.60055155820432,0.0,0.0
2023,9,20,7,56.602,21.501360543724502,21.501360543724502,0.0,37.032248556585735,0.0,0.0,0.0
2023,9,20,8,56.602,94.35588376106324,58.53360910031024,0.0,0.0,-0.0,35.822274660753,0.0
2023,9,20,9,56.602,175.93786894910127,130.6351240240742,72.10151492376396,0.0,67.46116893893193,45.30274492502707,0.0
2023,9,20,10,56.602,211.78840135568635,211.78840135568635,153.25479225537612,0.0,210.85271129379714,0.0,0.0
2023,9,20,11,56.602,214.76350280592047,214.76350280592047,156.22989370561024,0.0,357.0278820059433,0.0,0.0
2023,9,20,12,56.602,270.28628695997577,270.28628695997577,211.75267785966554,0.0,555.1524732779347,0.0,0.0
2023,9,20,13,56.602,240.74058058782649,240.74058058782649,182.20697148751623,0.0,725.6328757821989,0.0,0.0
2023,9,20,14,56.602,135.57802342848504,135.57802342848504,77.04441432817481,0.0,797.7188264905802,0.0,0.0
2023,9,20,15,56.602,104.22560551064785,104.22560551064785,45.691996410337616,0.0,840.4701541465116,0.0,0.0
2023,9,20,16,56.602,53.46223710194832,53.46223710194832,0.0,5.071371998361918,835.3209560360089,0.0,0.0
2023,9,20,17,56.602,16.790472174595973,16.790472174595973,0.0,41.74313692571426,792.9372220378373,0.0,0.0
2023,9,20,18,56.602,1.601403415496148,1.601403415496148,0.0,56.932205684814086,735.1313253231629,0.0,0.0
2023,9,20,19,56.602,0.0,-0.0,0.0,58.53360910031024,675.6994497917326,0.0,0.0
2023,9,20,20,56.602,0.0,-0.0,0.0,58.53360910031024,616.2675742603024,0.0,0.0
2023,9,20,21,56.602,0.0,-0.0,0.0,58.53360910031024,556.8356987288721,0.0,0.0
2023,9,20,22,56.602,0.0,-0.0,0.0,58.53360910031024,497.4038231974418,0.0,0.0
2023,9,20,23,56.602,0.0,-0.0,0.0,58.53360910031024,437.9719476660115,0.0,0.0
2023,9,21,0,56.602,0.0,-0.0,0.0,58.53360910031024,378.5400721345812,0.0,0.0
2023,9,21,1,56.602,0.0,-0.0,0.0,58.53360910031024,319.1081966031509,0.0,0.0
2023,9,21,2,56.602,0.0,-0.0,0.0,58.53360910031024,259.67632107172057,0.0,0.0
2023,9,21,3,56.602,0.0,-0.0,0.0,58.53360910031024,200.24444554029026,0.0,0.0
2023,9,21,4,56.602,0.0,-0.0,0.0,58.53360910031024,140.81257000885995,0.0,0.0
2023,9,21,5,56.602,0.0,-0.0,0.0,58.53360910031024,81.38069447742964,0.0,0.0
2023,9,21,6,56.602,0.0,-0.0,0.0,39.19892136625968,41.58021999082364,0.0,18.696643038826885
2023,9,21,7,56.602,17.58184169460806,17.58184169460806,0.0,40.95176740570218,0.0,0.0,0.0
2023,9,21,8,56.602,70.77531178975981,58.53360910031024,0.0,-0.0,0.0,12.241702689449575,0.0
2023,9,21,9,56.602,108.57813787071434,58.53360910031024,0.0,0.0,-0.0,50.044528770404106,0.0
2023,9,21,10,56.602,191.04481445612436,78.11584502607985,19.582235925769613,0.0,18.32195242204216,112.9289694300445,0.0
2023,9,21,11,56.602,258.7255727926294,258.7255727926294,200.19196369231918,0.0,205.62985985150027,0.0,0.0
2023,9,21,12,56.602,246.15698234979598,246.15698234979598,187.62337324948575,0.0,381.1780725771128,0.0,0.0
2023,9,21,13,56.602,177.4272861117655,177.4272861117655,118.89367701145527,0.0,492.41992982687003,0.0,0.0
2023,9,21,14,56.602,171.61893246488438,171.61893246488438,113.08532336457414,0.0,598.2272504092131,0.0,0.0
2023,9,21,15,56.602,193.41145726597182,193.41145726597182,134.8778481656616,0.0,724.4245613928185,0.0,0.0
2023,9,21,16,56.602,135.02182503941995,135.02182503941995,76.48821593910972,0.0,795.9901098110682,0.0,0.0
2023,9,21,17,56.602,65.44476615496146,65.44476615496146,6.91115705465122,0.0,802.4564751033965,0.0,0.0
2023,9,21,18,56.602,4.863936247998789,4.863936247998789,0.0,53.66967285231145,747.9631785888262,0.0,0.0
2023,9,21,19,56.602,0.0,0.0,0.0,58.53360910031024,688.5313030573959,0.0,0.0
2023,9,21,20,56.602,0.0,0.0,0.0,58.53360910031024,629.0994275259657,0.0,0.0
2023,9,21,21,56.602,0.0,0.0,0.0,58.53360910031024,569.6675519945354,0.0,0.0
2023,9,21,22,56.602,0.0,0.0,0.0,58.53360910031024,510.2356764631051,0.0,0.0
2023,9,21,23,56.602,0.0,0.0,0.0,58.53360910031024,450.8038009316748,0.0,0.0
2023,9,22,0,56.602,0.0,0.0,0.0,58.53360910031024,391.3719254002445,0.0,0.0
2023,9,22,1,56.602,0.0,0.0,0.0,58.53360910031024,331.9400498688142,0.0,0.0
2023,9,22,2,56.602,0.0,0.0,0.0,58.53360910031024,272.5081743373839,0.0,0.0
2023,9,22,3,56.602,0.0,0.0,0.0,58.53360910031024,213.07629880595357,0.0,0.0
2023,9,22,4,56.602,0.0,0.0,0.0,58.53360910031024,153.64442327452326,0.0,0.0
2023,9,22,5,56.602,0.0,0.0,0.0,58.53360910031024,94.21254774309294,0.0,0.0
2023,9,22,6,56.602,0.0,0.0,0.0,58.53360910031024,34.78067221166263,0.0,0.0
2023,9,22,7,56.602,24.278619613955584,24.278619613955584,0.0,34.25498948635465,0.0,0.0,0.0
2023,9,22,8,56.602,111.42632156773895,58.53360910031024,0.0,0.0,0.0,52.892712467428716,0.0
2023,9,22,9,56.602,196.78224347621193,58.53360910031024,0.0,0.0,0.0,138.2486343759017,0.0
2023,9,22,10,56.602,258.31495653224573,58.53360910031024,0.0,0.0,0.0,199.7813474319355,0.0
2023,9,22,11,56.602,283.35881554055265,58.53360910031024,0.0,0.0,0.0,224.82520644024243,0.0
2023,9,22,12,56.602,323.60294193324256,132.52331192275128,73.98970282244103,0.0,69.2278358800605,191.0796300104913,0.0
2023,9,22,13,56.602,318.9517795656244,318.9517795656244,260.4181704653142,0.0,312.88588122215435,0.0,0.0
2023,9,22,14,56.602,291.578606498414,291.578606498414,233.04499739810376,0.0,530.9324500975717,0.0,0.0
2023,9,22,15,56.602,232.7932895118561,232.7932895118561,174.25968041154587,0.0,693.977037328748,0.0,0.0
2023,9,22,16,56.602,162.29794335417603,162.29794335417603,103.7643342538658,0.0,791.0632537603626,0.0,0.0
2023,9,22,17,56.602,74.7694881407642,74.7694881407642,16.23587904045396,0.0,806.2542158362389,0.0,0.0
2023,9,22,18,56.602,4.62129936686301,4.62129936686301,0.0,53.91230973344723,751.5145588948874,0.0,0.0
2023,9,22,19,56.602,0.0,0.0,0.0,58.53360910031024,692.0826833634571,0.0,0.0
2023,9,22,20,56.602,0.0,0.0,0.0,58.53360910031024,632.6508078320269,0.0,0.0
2023,9,22,21,56.602,0.0,0.0,0.0,58.53360910031024,573.2189323005966,0.0,0.0
2023,9,22,22,56.602,0.0,0.0,0.0,58.53360910031024,513.7870567691664,0.0,0.0
2023,9,22,23,56.602,0.0,0.0,0.0,58.53360910031024,454.355181237736,0.0,0.0
2023,9,23,0,56.602,0.0,0.0,0.0,58.53360910031024,394.9233057063057,0.0,0.0
2023,9,23,1,56.602,0.0,0.0,0.0,58.53360910031024,335.4914301748754,0.0,0.0
2023,9,23,2,56.602,0.0,0.0,0.0,58.53360910031024,276.0595546434451,0.0,0.0
2023,9,23,3,56.602,0.0,0.0,0.0,58.53360910031024,216.6276791120148,0.0,0.0
2023,9,23,4,56.602,0.0,0.0,0.0,58.53360910031024,157.19580358058448,0.0,0.0
2023,9,23,5,56.602,0.0,0.0,0.0,58.53360910031024,97.76392804915419,0.0,0.0
2023,9,23,6,56.602,0.0,0.0,0.0,58.53360910031024,38.33205251772388,0.0,0.0
2023,9,23,7,56.602,20.780915650505953,20.780915650505953,0.0,37.75269344980428,0.0,0.0,0.0
2023,9,23,8,56.602,98.93612150188788,58.53360910031024,0.0,0.0,0.0,40.402512401577646,0.0
2023,9,23,9,56.602,135.51083167678593,58.53360910031024,0.0,0.0,0.0,76.9772225764757,0.0
2023,9,23,10,56.602,210.5602854496299,58.53360910031024,0.0,0.0,-0.0,152.02667634931967,0.0
2023,9,23,11,56.602,275.870668101193,232.4919591047035,173.95835000439328,0.0,162.76264999969288,43.37870899648951,0.0
2023,9,23,12,56.602,302.05678688838526,302.05678688838526,243.52317778807503,0.0,390.6130391999378,0.0,0.0
2023,9,23,13,56.602,275.41899021477104,275.41899021477104,216.8853811144608,0.0,593.5400005989823,0.0,0.0
2023,9,23,14,56.602,203.26624751517886,203.26624751517886,144.73263841486863,0.0,728.9578622265295,0.0,0.0
2023,9,23,15,56.602,141.96123983990327,141.96123983990327,83.42763073959303,0.0,807.016215056555,0.0,0.0
2023,9,23,16,56.602,94.2886920093641,94.2886920093641,35.75508290905386,0.0,840.4701541465116,0.0,0.0
2023,9,23,17,56.602,15.36078101344207,15.36078101344207,0.0,43.172828086868165,796.634788710537,0.0,0.0
2023,9,23,18,56.602,0.23517113094698675,0.23517113094698675,0.0,58.29843796936325,737.4416932850638,0.0,0.0
2023,9,23,19,56.602,0.0,-0.0,0.0,58.53360910031024,678.0098177536336,0.0,0.0
2023,9,23,20,56.602,0.0,-0.0,0.0,58.53360910031024,618.5779422222033,0.0,0.0
2023,9,23,21,56.602,0.0,-0.0,0.0,58.53360910031024,559.1460666907731,0.0,0.0
2023,9,23,22,56.602,0.0,-0.0,0.0,58.53360910031024,499.71419115934276,0.0,0.0
2023,9,23,23,56.602,0.0,-0.0,0.0,58.53360910031024,440.28231562791245,0.0,0.0
2023,9,24,0,56.602,0.0,-0.0,0.0,58.53360910031024,380.85044009648215,0.0,0.0
2023,9,24,1,56.602,0.0,-0.0,0.0,58.53360910031024,321.41856456505184,0.0,0.0
2023,9,24,2,56.602,0.0,-0.0,0.0,58.53360910031024,261.98668903362153,0.0,0.0
2023,9,24,3,56.602,0.0,-0.0,0.0,58.53360910031024,202.55481350219122,0.0,0.0
2023,9,24,4,56.602,0.0,-0.0,0.0,58.53360910031024,143.12293797076092,0.0,0.0
2023,9,24,5,56.602,0.0,-0.0,0.0,58.53360910031024,83.69106243933061,0.0,0.0
2023,9,24,6,56.602,0.0,-0.0,0.0,58.53360910031024,24.2591869079003,0.0,0.0
2023,9,24,7,56.602,12.852288950007546,12.852288950007546,0.0,23.89252822431049,0.0,0.0,21.069761792434456
2023,9,24,8,56.602,100.72790154719823,58.53360910031024,0.0,0.0,-0.0,42.19429244688799,0.0
2023,9,24,9,56.602,183.66118751940786,122.60197682093275,64.0683677206225,0.0,59.945023110991485,61.05921069847511,0.0
2023,9,24,10,56.602,239.21010179912392,239.21010179912392,180.6764926988137,0.0,228.99344615918895,0.0,0.0
2023,9,24,11,56.602,274.627620694759,274.627620694759,216.09401159444874,0.0,431.17996940046237,0.0,0.0
2023,9,24,12,56.602,231.0015094665457,231.0015094665457,172.46790036623548,0.0,592.5480928781946,0.0,0.0
2023,9,24,13,56.602,198.78679740190293,198.78679740190293,140.2531883015927,0.0,723.7747951221319,0.0,0.0
2023,9,24,14,56.602,131.96086746201473,131.96086746201473,73.4272583617045,0.0,792.4763846282482,0.0,0.0
2023,9,24,15,56.602,109.8286510273372,109.8286510273372,51.295041927026965,0.0,840.4701541465116,0.0,0.0
2023,9,24,16,56.602,35.23087514091522,35.23087514091522,0.0,23.30273395939502,816.8098125837109,0.0,0.0
2023,9,24,17,56.602,36.470189672254925,36.470189672254925,0.0,22.06341942805531,794.4078042777004,0.0,0.0
2023,9,24,18,56.602,3.710477843830235,3.710477843830235,0.0,54.82313125648,738.7433481958163,0.0,0.0
2023,9,24,19,56.602,0.0,-0.0,0.0,58.53360910031024,679.311472664386,0.0,0.0
2023,9,24,20,56.602,0.0,-0.0,0.0,58.53360910031024,619.8795971329557,0.0,0.0
2023,9,24,21,56.602,0.0,-0.0,0.0,58.53360910031024,560.4477216015255,0.0,0.0
2023,9,24,22,56.602,0.0,-0.0,0.0,58.53360910031024,501.01584607009517,0.0,0.0
2023,9,24,23,56.602,0.0,-0.0,0.0,58.53360910031024,441.58397053866486,0.0,0.0
2023,9,25,0,56.602,0.0,-0.0,0.0,58.53360910031024,382.15209500723455,0.0,0.0
2023,9,25,1,56.602,0.0,-0.0,0.0,58.53360910031024,322.72021947580424,0.0,0.0
2023,9,25,2,56.602,0.0,-0.0,0.0,58.53360910031024,263.28834394437393,0.0,0.0
2023,9,25,3,56.602,0.0,-0.0,0.0,58.53360910031024,203.85646841294363,0.0,0.0
2023,9,25,4,56.602,0.0,-0.0,0.0,58.53360910031024,144.42459288151332,0.0,0.0
2023,9,25,5,56.602,0.0,-0.0,0.0,58.53360910031024,84.99271735008301,0.0,0.0
2023,9,25,6,56.602,0.0,-0.0,0.0,58.53360910031024,25.560841818652705,0.0,0.0
2023,9,25,7,56.602,20.5158815188038,20.5158815188038,0.0,25.17450963661157,0.0,0.0,12.41939175271334
2023,9,25,8,56.602,69.88315464219903,58.53360910031024,0.0,-0.0,0.0,11.349545541888794,0.0
2023,9,25,9,56.602,151.5360644570306,58.53360910031024,0.0,0.0,-0.0,93.00245535672036,0.0
2023,9,25,10,56.602,182.09711285485568,78.09117419534739,19.55756509503716,0.0,18.29886936918723,104.00593865950829,0.0
2023,9,25,11,56.602,252.7903013925388,252.7903013925388,194.25669229222856,0.0,200.05349061536216,0.0,0.0
2023,9,25,12,56.602,272.3654983875546,272.3654983875546,213.83188928724437,0.0,400.1234783679125,0.0,0.0
2023,9,25,13,56.602,220.37028119770417,220.37028119770417,161.83667209739392,0.0,551.5445835752105,0.0,0.0
2023,9,25,14,56.602,208.58932739978846,208.58932739978846,150.05571829947823,0.0,691.9429396036143,0.0,0.0
2023,9,25,15,56.602,169.44639915994554,169.44639915994554,110.9127900596353,0.0,795.7175478849065,0.0,0.0
2023,9,25,16,56.602,106.36454293973712,106.36454293973712,47.83093383942688,0.0,840.4701541465116,0.0,0.0
2023,9,25,17,56.602,36.33580616885665,36.33580616885665,0.0,22.197802931453587,817.9317000656685,0.0,0.0
2023,9,25,18,56.602,1.3214377834164017,1.3214377834164017,0.0,57.21217131689384,759.8415413200926,0.0,0.0
2023,9,25,19,56.602,0.0,-0.0,0.0,58.53360910031024,700.4096657886623,0.0,0.0
2023,9,25,20,56.602,0.0,-0.0,0.0,58.53360910031024,640.9777902572321,0.0,0.0
2023,9,25,21,56.602,0.0,-0.0,0.0,58.53360910031024,581.5459147258018,0.0,0.0
2023,9,25,22,56.602,0.0,-0.0,0.0,58.53360910031024,522.1140391943716,0.0,0.0
2023,9,25,23,56.602,0.0,-0.0,0.0,58.53360910031024,462.68216366294126,0.0,0.0
2023,9,26,0,56.602,0.0,-0.0,0.0,58.53360910031024,403.25028813151096,0.0,0.0
2023,9,26,1,56.602,0.0,-0.0,0.0,58.53360910031024,343.81841260008065,0.0,0.0
2023,9,26,2,56.602,0.0,-0.0,0.0,58.53360910031024,284.38653706865034,0.0,0.0
2023,9,26,3,56.602,0.0,-0.0,0.0,58.53360910031024,224.95466153722003,0.0,0.0
2023,9,26,4,56.602,0.0,-0.0,0.0,58.53360910031024,165.52278600578973,0.0,0.0
2023,9,26,5,56.602,0.0,-0.0,0.0,58.53360910031024,106.09091047435942,0.0,0.0
2023,9,26,6,56.602,0.0,-0.0,0.0,58.53360910031024,46.65903494292911,0.0,0.0
2023,9,26,7,56.602,3.3110602087297973,3.3110602087297973,0.0,45.953820032194486,0.0,0.0,8.962860807026217
2023,9,26,8,56.602,12.049720804712274,12.049720804712274,0.0,-0.0,0.0,0.0,44.94991998184323
2023,9,26,9,56.602,45.141658516538264,45.141658516538264,0.0,-0.0,0.0,0.0,12.950016214507496
2023,9,26,10,56.602,131.27028556955136,130.75428233914565,72.2206732388354,0.0,67.57265840253076,0.5160032304057154,0.0
2023,9,26,11,56.602,136.08942731641739,136.08942731641739,77.55581821610716,0.0,140.13709980720756,0.0,0.0
2023,9,26,12,56.602,258.81889466998933,258.81889466998933,200.2852855696791,0.0,327.53232305715756,0.0,0.0
2023,9,26,13,56.602,256.3365327322156,256.3365327322156,197.80292363190534,0.0,512.6049454820237,0.0,0.0
2023,9,26,14,56.602,196.274572463374,196.274572463374,137.74096336306377,0.0,641.4811058383198,0.0,0.0
2023,9,26,15,56.602,214.21477016704418,214.21477016704418,155.68116106673395,0.0,787.1428595259738,0.0,0.0
2023,9,26,16,56.602,106.25255668690525,106.25255668690525,47.718947586595014,0.0,831.7906868029887,0.0,0.0
2023,9,26,17,56.602,34.4843001220359,34.4843001220359,0.0,24.04930897827434,807.3723131577843,0.0,0.0
2023,9,26,18,56.602,1.183321404923727,1.183321404923727,0.0,57.35028769538651,749.1419184769638,0.0,0.0
2023,9,26,19,56.602,0.0,0.0,0.0,58.53360910031024,689.7100429455336,0.0,0.0
2023,9,26,20,56.602,0.0,0.0,0.0,58.53360910031024,630.2781674141033,0.0,0.0
2023,9,26,21,56.602,0.0,0.0,0.0,58.53360910031024,570.8462918826731,0.0,0.0
2023,9,26,22,56.602,0.0,0.0,0.0,58.53360910031024,511.41441635124283,0.0,0.0
2023,9,26,23,56.602,0.0,0.0,0.0,58.53360910031024,451.9825408198125,0.0,0.0
2023,9,27,0,56.602,0.0,0.0,0.0,58.53360910031024,392.5506652883822,0.0,0.0
2023,9,27,1,56.602,0.0,0.0,0.0,58.53360910031024,333.1187897569519,0.0,0.0
2023,9,27,2,56.602,0.0,0.0,0.0,58.53360910031024,273.6869142255216,0.0,0.0
2023,9,27,3,56.602,0.0,0.0,0.0,58.53360910031024,214.2550386940913,0.0,0.0
2023,9,27,4,56.602,0.0,0.0,0.0,58.53360910031024,154.823163162661,0.0,0.0
2023,9,27,5,56.602,0.0,0.0,0.0,58.53360910031024,95.39128763123067,0.0,0.0
2023,9,27,6,56.602,0.0,0.0,0.0,58.53360910031024,35.95941209980036,0.0,0.0
2023,9,27,7,56.602,23.117695459598238,23.117695459598238,0.0,35.415913640712,0.0,0.0,0.0
2023,9,27,8,56.602,113.2591632390877,58.53360910031024,0.0,0.0,0.0,54.72555413877746,0.0
2023,9,27,9,56.602,200.10076943513053,58.53360910031024,0.0,0.0,0.0,141.5671603348203,0.0
2023,9,27,10,56.602,265.6985834689622,58.53360910031024,0.0,0.0,0.0,207.164974368652,0.0
2023,9,27,11,56.602,308.2122979190453,58.53360910031024,0.0,0.0,-0.0,249.67868881873505,0.0
2023,9,27,12,56.602,328.1383851729344,230.60511641977894,172.07150731946868,0.0,160.99724169636562,97.53326875315548,0.0
2023,9,27,13,56.602,321.6133195079292,321.6133195079292,263.07971040761896,0.0,407.1455342388877,0.0,0.0
2023,9,27,14,56.602,290.421415219151,290.421415219151,231.88780611884079,0.0,624.1093869402058,0.0,0.0
2023,9,27,15,56.602,208.80210128016904,208.80210128016904,150.2684921798588,0.0,764.7068230393311,0.0,0.0
2023,9,27,16,56.602,109.50762376921911,109.50762376921911,50.97401466890887,0.0,812.4002261351026,0.0,0.0
2023,9,27,17,56.602,52.42076495061166,52.42076495061166,0.0,6.112844149698574,806.1935732696467,0.0,0.0
2023,9,27,18,56.602,0.7801708947288925,0.7801708947288925,0.0,57.75343820558135,747.5538412643282,0.0,0.0
2023,9,27,19,56.602,0.0,0.0,0.0,58.53360910031024,688.1219657328979,0.0,0.0
2023,9,27,20,56.602,0.0,0.0,0.0,58.53360910031024,628.6900902014677,0.0,0.0
2023,9,27,21,56.602,0.0,0.0,0.0,58.53360910031024,569.2582146700374,0.0,0.0
2023,9,27,22,56.602,0.0,0.0,0.0,58.53360910031024,509.8263391386071,0.0,0.0
2023,9,27,23,56.602,0.0,0.0,0.0,58.53360910031024,450.3944636071768,0.0,0.0
2023,9,28,0,56.602,0.0,0.0,0.0,58.53360910031024,390.9625880757465,0.0,0.0
2023,9,28,1,56.602,0.0,0.0,0.0,58.53360910031024,331.5307125443162,0.0,0.0
2023,9,28,2,56.602,0.0,0.0,0.0,58.53360910031024,272.0988370128859,0.0,0.0
2023,9,28,3,56.602,0.0,0.0,0.0,58.53360910031024,212.6669614814556,0.0,0.0
2023,9,28,4,56.602,0.0,0.0,0.0,58.53360910031024,153.23508595002528,0.0,0.0
2023,9,28,5,56.602,0.0,0.0,0.0,58.53360910031024,93.80321041859496,0.0,0.0
2023,9,28,6,56.602,0.0,0.0,0.0,58.53360910031024,34.37133488716465,0.0,0.0
2023,9,28,7,56.602,24.681770124150418,24.681770124150418,0.0,33.85183897615982,0.0,0.0,0.0
2023,9,28,8,56.602,114.38275864250109,58.53360910031024,0.0,0.0,0.0,55.84914954219085,0.0
2023,9,28,9,56.602,200.57857744721335,58.53360910031024,0.0,0.0,0.0,142.04496834690312,0.0
2023,9,28,10,56.602,264.3323511844131,58.53360910031024,0.0,0.0,-0.0,205.79874208410286,0.0
2023,9,28,11,56.602,301.50432137441464,113.9901512250483,55.45654212473805,0.0,51.88744176875676,187.51417014936635,0.0
2023,9,28,12,56.602,315.34208934934287,315.34208934934287,256.80848024903264,0.0,292.1681111742249,0.0,0.0
2023,9,28,13,56.602,305.244662219,305.244662219,246.71105311868976,0.0,523.0012088024723,0.0,0.0
2023,9,28,14,56.602,199.1152904102098,199.1152904102098,140.58168130989958,0.0,654.535262734541,0.0,0.0
2023,9,28,15,56.602,200.66816644947886,200.66816644947886,142.1345573491686,0.0,787.5222519195945,0.0,0.0
2023,9,28,16,56.602,104.16961238423193,104.16961238423193,45.63600328392169,0.0,830.2211900832308,0.0,0.0
2023,9,28,17,56.602,54.51117500347377,54.51117500347377,0.0,4.022434096836469,826.1370270485052,0.0,0.0
2023,9,28,18,56.602,0.23143825585259015,0.0,0.0,58.53360910031024,766.7051515170749,0.23143825585259015,0.0
2023,9,28,19,56.602,0.0,0.0,0.0,58.53360910031024,707.2732759856447,0.0,0.0
2023,9,28,20,56.602,0.0,0.0,0.0,58.53360910031024,647.8414004542144,0.0,0.0
2023,9,28,21,56.602,0.0,0.0,0.0,58.53360910031024,588.4095249227842,0.0,0.0
2023,9,28,22,56.602,0.0,0.0,0.0,58.53360910031024,528.9776493913539,0.0,0.0
2023,9,28,23,56.602,0.0,0.0,0.0,58.53360910031024,469.5457738599236,0.0,0.0
2023,9,29,0,56.602,0.0,0.0,0.0,58.53360910031024,410.1138983284933,0.0,0.0
2023,9,29,1,56.602,0.0,0.0,0.0,58.53360910031024,350.682022797063,0.0,0.0
2023,9,29,2,56.602,0.0,0.0,0.0,58.53360910031024,291.2501472656327,0.0,0.0
2023,9,29,3,56.602,0.0,0.0,0.0,58.53360910031024,231.81827173420237,0.0,0.0
2023,9,29,4,56.602,0.0,0.0,0.0,58.53360910031024,172.38639620277206,0.0,0.0
2023,9,29,5,56.602,0.0,0.0,0.0,58.53360910031024,112.95452067134177,0.0,0.0
2023,9,29,6,56.602,0.0,0.0,0.0,58.53360910031024,53.52264513991146,0.0,0.0
2023,9,29,7,56.602,17.130163808186065,17.130163808186065,0.0,41.40344529212417,11.483815739233595,0.0,0.0
2023,9,29,8,56.602,66.93418331762571,66.93418331762571,8.400574217315473,0.0,19.34374152661219,0.0,0.0
2023,9,29,9,56.602,155.35479567859832,155.35479567859832,96.82118657828808,0.0,109.93366091363143,0.0,0.0
2023,9,29,10,56.602,193.25094363691278,193.25094363691278,134.71733453660255,0.0,235.98078868599083,0.0,0.0
2023,9,29,11,56.602,230.3631878254039,230.3631878254039,171.82957872509365,0.0,396.7516719515586,0.0,0.0
2023,9,29,12,56.602,254.36184180727975,254.36184180727975,195.82823270696952,0.0,579.9766916148167,0.0,0.0
2023,9,29,13,56.602,219.62743905391923,219.62743905391923,161.093829953609,0.0,730.7027628909992,0.0,0.0
2023,9,29,14,56.602,162.02544347228508,162.02544347228508,103.49183437197483,0.0,827.5340171267776,0.0,0.0
2023,9,29,15,56.602,69.0320591206766,69.0320591206766,10.49845002036637,0.0,837.3568025588136,0.0,0.0
2023,9,29,16,56.602,56.44107142727682,56.44107142727682,0.0,2.092537673033419,835.2321524571015,0.0,0.0
2023,9,29,17,56.602,30.38187039329405,30.38187039329405,0.0,28.151738707016182,806.6483925190889,0.0,0.0
2023,9,29,18,56.602,0.39195188491164457,0.39195188491164457,0.0,58.14165721539859,747.6144838309206,0.0,0.0
2023,9,29,19,56.602,0.0,0.0,0.0,58.53360910031024,688.1826082994903,0.0,0.0
2023,9,29,20,56.602,0.0,0.0,0.0,58.53360910031024,628.7507327680601,0.0,0.0
2023,9,29,21,56.602,0.0,0.0,0.0,58.53360910031024,569.3188572366298,0.0,0.0
2023,9,29,22,56.602,0.0,0.0,0.0,58.53360910031024,509.88698170519945,0.0,0.0
2023,9,29,23,56.602,0.0,0.0,0.0,58.53360910031024,450.45510617376914,0.0,0.0
2023,9,30,0,56.602,0.0,0.0,0.0,58.53360910031024,391.02323064233883,0.0,0.0
2023,9,30,1,56.602,0.0,0.0,0.0,58.53360910031024,331.5913551109085,0.0,0.0
2023,9,30,2,56.602,0.0,0.0,0.0,58.53360910031024,272.1594795794782,0.0,0.0
2023,9,30,3,56.602,0.0,0.0,0.0,58.53360910031024,212.7276040480479,0.0,0.0
2023,9,30,4,56.602,0.0,0.0,0.0,58.53360910031024,153.2957285166176,0.0,0.0
2023,9,30,5,56.602,0.0,0.0,0.0,58.53360910031024,93.8638529851873,0.0,0.0
2023,9,30,6,56.602,0.0,0.0,0.0,58.53360910031024,34.431977453756986,0.0,0.0
2023,9,30,7,56.602,24.622044122640034,24.622044122640034,0.0,33.9115649776702,0.0,0.0,0.0
2023,9,30,8,56.602,115.30477879081704,58.53360910031024,0.0,0.0,0.0,56.7711696905068,0.0
2023,9,30,9,56.602,202.40768624346765,58.53360910031024,0.0,0.0,0.0,143.87407714315742,0.0
2023,9,30,10,56.602,267.3373156354024,58.53360910031024,0.0,0.0,-0.0,208.80370653509215,0.0
2023,9,30,11,56.602,302.83695778311414,79.02441230894814,20.490803208637914,0.0,19.172045669413905,223.812545474166,0.0
2023,9,30,12,56.602,320.66890210904677,320.66890210904677,262.13529300873654,0.0,264.43670210855817,0.0,0.0
2023,9,30,13,56.602,306.2413398692039,306.2413398692039,247.70773076889364,0.0,496.20233269965877,0.0,0.0
2023,9,30,14,56.602,267.72180177012524,267.72180177012524,209.188192669815,0.0,691.9274852245335,0.0,0.0
2023,9,30,15,56.602,179.15560728047114,179.15560728047114,120.6219981801609,0.0,804.7864314698003,0.0,0.0
2023,9,30,16,56.602,76.44181618305387,76.44181618305387,17.908207082743637,0.0,821.5420930488909,0.0,0.0
2023,9,30,17,56.602,43.71943310557316,43.71943310557316,0.0,14.814175994737077,806.5005762630201,0.0,0.0
2023,9,30,18,56.602,0.38075325962845474,0.38075325962845474,0.0,58.15285584068178,747.4552970936156,0.0,0.0
2023,9,30,19,56.602,0.0,0.0,0.0,58.53360910031024,688.0234215621854,0.0,0.0
2023,9,30,20,56.602,0.0,0.0,0.0,58.53360910031024,628.5915460307551,0.0,0.0
2023,9,30,21,56.602,0.0,0.0,0.0,58.53360910031024,569.1596704993249,0.0,0.0
2023,9,30,22,56.602,0.0,0.0,0.0,58.53360910031024,509.7277949678946,0.0,0.0
2023,9,30,23,56.602,0.0,0.0,0.0,58.53360910031024,450.2959194364643,0.0,0.0
2023,10,1,0,56.602,0.0,0.0,0.0,58.53360910031024,390.864043905034,0.0,0.0
2023,10,1,1,56.602,0.0,0.0,0.0,58.53360910031024,331.4321683736037,0.0,0.0
2023,10,1,2,56.602,0.0,0.0,0.0,58.53360910031024,272.0002928421734,0.0,0.0
2023,10,1,3,56.602,0.0,0.0,0.0,58.53360910031024,212.5684173107431,0.0,0.0
2023,10,1,4,56.602,0.0,0.0,0.0,58.53360910031024,153.13654177931278,0.0,0.0
2023,10,1,5,56.602,0.0,0.0,0.0,58.53360910031024,93.70466624788247,0.0,0.0
2023,10,1,6,56.602,0.0,0.0,0.0,58.53360910031024,34.27279071645217,0.0,0.0
2023,10,1,7,56.602,24.77882487660473,24.77882487660473,0.0,33.75478422370551,0.0,0.0,0.0
2023,10,1,8,56.602,110.0675550333786,58.53360910031024,0.0,0.0,0.0,51.53394593306836,0.0
2023,10,1,9,56.602,201.16463883703355,58.53360910031024,0.0,0.0,0.0,142.63102973672332,0.0
2023,10,1,10,56.602,268.5281027905149,58.53360910031024,0.0,0.0,-0.0,209.99449369020465,0.0
2023,10,1,11,56.602,310.9148994873884,95.1987626435016,36.665153543191366,0.0,34.30543893515167,215.71613684388683,0.0
2023,10,1,12,56.602,325.83520123969174,325.83520123969174,267.3015921393815,0.0,284.4038991967261,0.0,0.0
2023,10,1,13,56.602,302.44500589820257,302.44500589820257,243.9113967978923,0.0,512.6175222102173,0.0,0.0
2023,10,1,14,56.602,249.52403568494177,249.52403568494177,190.9904265846315,0.0,691.3160897391766,0.0,0.0
2023,10,1,15,56.602,147.4373676033831,147.4373676033831,88.90375850307288,0.0,774.4981349156653,0.0,0.0
2023,10,1,16,56.602,90.20865953118856,90.20865953118856,31.675050430878322,0.0,804.1346263337173,0.0,0.0
2023,10,1,17,56.602,60.92052154055272,60.92052154055272,2.3869124402424835,0.0,806.3679206485995,0.0,0.0
2023,10,1,18,56.602,0.48527376227155994,0.48527376227155994,0.0,58.048335338038676,747.4287659707315,0.0,0.0
2023,10,1,19,56.602,0.0,0.0,0.0,58.53360910031024,687.9968904393013,0.0,0.0
2023,10,1,20,56.602,0.0,0.0,0.0,58.53360910031024,628.565014907871,0.0,0.0
2023,10,1,21,56.602,0.0,0.0,0.0,58.53360910031024,569.1331393764408,0.0,0.0
2023,10,1,22,56.602,0.0,0.0,0.0,58.53360910031024,509.7012638450105,0.0,0.0
2023,10,1,23,56.602,0.0,0.0,0.0,58.53360910031024,450.2693883135802,0.0,0.0
2023,10,2,0,56.602,0.0,0.0,0.0,58.53360910031024,390.8375127821499,0.0,0.0
2023,10,2,1,56.602,0.0,0.0,0.0,58.53360910031024,331.40563725071956,0.0,0.0
2023,10,2,2,56.602,0.0,0.0,0.0,58.53360910031024,271.97376171928926,0.0,0.0
2023,10,2,3,56.602,0.0,0.0,0.0,58.53360910031024,212.54188618785895,0.0,0.0
2023,10,2,4,56.602,0.0,0.0,0.0,58.53360910031024,153.11001065642864,0.0,0.0
2023,10,2,5,56.602,0.0,0.0,0.0,58.53360910031024,93.67813512499835,0.0,0.0
2023,10,2,6,56.602,0.0,0.0,0.0,58.53360910031024,34.24625959356804,0.0,0.0
2023,10,2,7,56.602,24.804955002265505,24.804955002265505,0.0,33.72865409804473,0.0,0.0,0.0
2023,10,2,8,56.602,116.03268943422434,58.53360910031024,0.0,0.0,0.0,57.4990803339141,0.0
2023,10,2,9,56.602,205.52090407219444,58.53360910031024,0.0,0.0,0.0,146.9872949718842,0.0
2023,10,2,10,56.602,274.2841961860745,58.53360910031024,0.0,0.0,0.0,215.75058708576427,0.0
2023,10,2,11,56.602,315.70417823349936,58.53360910031024,0.0,0.0,-0.0,257.17056913318913,0.0
2023,10,2,12,56.602,334.4581427077479,131.36396558157827,72.83035648126803,0.0,68.14310334062216,203.09417712616965,0.0
2023,10,2,13,56.602,326.72362551215815,326.72362551215815,268.1900164118479,0.0,319.07281021327924,0.0,0.0
2023,10,2,14,56.602,294.6918243271408,294.6918243271408,236.15821522683055,0.0,540.0322348603055,0.0,0.0
2023,10,2,15,56.602,238.22462277420317,238.22462277420317,179.69101367389294,0.0,708.1586028441087,0.0,0.0
2023,10,2,16,56.602,158.63226001147856,158.63226001147856,100.09865091116833,0.0,801.8150538468026,0.0,0.0
2023,10,2,17,56.602,64.20171874852738,64.20171874852738,5.668109648217148,0.0,807.1183724101791,0.0,0.0
2023,10,2,18,56.602,0.33595875849569534,0.0,0.0,58.53360910031024,747.6864968787488,0.33595875849569534,0.0
2023,10,2,19,56.602,0.0,0.0,0.0,58.53360910031024,688.2546213473186,0.0,0.0
2023,10,2,20,56.602,0.0,0.0,0.0,58.53360910031024,628.8227458158883,0.0,0.0
2023,10,2,21,56.602,0.0,0.0,0.0,58.53360910031024,569.3908702844581,0.0,0.0
2023,10,2,22,56.602,0.0,0.0,0.0,58.53360910031024,509.95899475302775,0.0,0.0
2023,10,2,23,56.602,0.0,0.0,0.0,58.53360910031024,450.52711922159745,0.0,0.0
2023,10,3,0,56.602,0.0,0.0,0.0,58.53360910031024,391.09524369016714,0.0,0.0
2023,10,3,1,56.602,0.0,0.0,0.0,58.53360910031024,331.66336815873683,0.0,0.0
2023,10,3,2,56.602,0.0,0.0,0.0,58.53360910031024,272.2314926273065,0.0,0.0
2023,10,3,3,56.602,0.0,0.0,0.0,58.53360910031024,212.79961709587621,0.0,0.0
2023,10,3,4,56.602,0.0,0.0,0.0,58.53360910031024,153.3677415644459,0.0,0.0
2023,10,3,5,56.602,0.0,0.0,0.0,58.53360910031024,93.9358660330156,0.0,0.0
2023,10,3,6,56.602,0.0,0.0,0.0,58.53360910031024,34.50399050158529,0.0,0.0
2023,10,3,7,56.602,24.551119495846535,24.551119495846535,0.0,33.9824896044637,0.0,0.0,0.0
2023,10,3,8,56.602,116.14467568705625,58.53360910031024,0.0,0.0,0.0,57.61106658674601,0.0
2023,10,3,9,56.602,203.1579941374414,58.53360910031024,0.0,0.0,0.0,144.62438503713116,0.0
2023,10,3,10,56.602,266.2734462334994,58.53360910031024,0.0,0.0,0.0,207.73983713318916,0.0
2023,10,3,11,56.602,306.6892848805315,58.53360910031024,0.0,0.0,-0.0,248.15567578022126,0.0
2023,10,3,12,56.602,324.1330101966469,162.8846687192163,104.35105961890606,0.0,97.63518102706857,161.2483414774306,0.0
2023,10,3,13,56.602,317.357841900317,317.357841900317,258.82423280000677,0.0,339.80187215516116,0.0,0.0
2023,10,3,14,56.602,285.620937847757,285.620937847757,227.08732874744675,0.0,552.2741990503773,0.0,0.0
2023,10,3,15,56.602,231.84513923787938,231.84513923787938,173.31153013756915,0.0,714.4316575453561,0.0,0.0
2023,10,3,16,56.602,154.8396589155716,154.8396589155716,96.30604981526135,0.0,804.5395936032602,0.0,0.0
2023,10,3,17,56.602,62.1971648228364,62.1971648228364,3.6635557225261626,0.0,807.9673683424712,0.0,0.0
2023,10,3,18,56.602,0.1978423800030206,0.0,0.0,58.53360910031024,748.535492811041,0.1978423800030206,0.0
2023,10,3,19,56.602,0.0,0.0,0.0,58.53360910031024,689.1036172796107,0.0,0.0
2023,10,3,20,56.602,0.0,0.0,0.0,58.53360910031024,629.6717417481805,0.0,0.0
2023,10,3,21,56.602,0.0,0.0,0.0,58.53360910031024,570.2398662167502,0.0,0.0
2023,10,3,22,56.602,0.0,0.0,0.0,58.53360910031024,510.80799068531985,0.0,0.0
2023,10,3,23,56.602,0.0,0.0,0.0,58.53360910031024,451.37611515388954,0.0,0.0
2023,10,4,0,56.602,0.0,0.0,0.0,58.53360910031024,391.94423962245924,0.0,0.0
2023,10,4,1,56.602,0.0,0.0,0.0,58.53360910031024,332.5123640910289,0.0,0.0
2023,10,4,2,56.602,0.0,0.0,0.0,58.53360910031024,273.0804885595986,0.0,0.0
2023,10,4,3,56.602,0.0,0.0,0.0,58.53360910031024,213.64861302816834,0.0,0.0
2023,10,4,4,56.602,0.0,0.0,0.0,58.53360910031024,154.21673749673803,0.0,0.0
2023,10,4,5,56.602,0.0,0.0,0.0,58.53360910031024,94.78486196530773,0.0,0.0
2023,10,4,6,56.602,0.0,0.0,0.0,58.53360910031024,35.35298643387741,0.0,0.0
2023,10,4,7,56.602,23.714955474701696,23.714955474701696,0.0,34.81865362560854,0.0,0.0,0.0
2023,10,4,8,56.602,108.49601461863759,58.53360910031024,0.0,0.0,0.0,49.96240551832735,0.0
2023,10,4,9,56.602,198.92864665549,58.53360910031024,0.0,0.0,0.0,140.39503755517978,0.0
2023,10,4,10,56.602,259.7521134435884,58.53360910031024,0.0,0.0,0.0,201.2185043432782,0.0
2023,10,4,11,56.602,291.04853823500974,58.53360910031024,0.0,0.0,-0.0,232.5149291346995,0.0
2023,10,4,12,56.602,310.6386667304031,205.3476996880848,146.81409058777456,0.0,137.36535464240532,105.2909670423183,0.0
2023,10,4,13,56.602,306.5549013771332,306.5549013771332,248.02129227682298,0.0,369.4243663903586,0.0,0.0
2023,10,4,14,56.602,277.43100989065084,277.43100989065084,218.8974007903406,0.0,574.2338568792079,0.0,0.0
2023,10,4,15,56.602,224.02103304002404,224.02103304002404,165.4874239397138,0.0,729.0707569841479,0.0,0.0
2023,10,4,16,56.602,149.8674692898353,149.8674692898353,91.33386018952505,0.0,814.526506126245,0.0,0.0
2023,10,4,17,56.602,57.75877633559879,57.75877633559879,0.0,0.7748327647114474,813.7397826499753,0.0,0.0
2023,10,4,18,56.602,0.0,0.0,0.0,58.53360910031024,754.307907118545,0.0,0.0
2023,10,4,19,56.602,0.0,0.0,0.0,58.53360910031024,694.8760315871148,0.0,0.0
2023,10,4,20,56.602,0.0,0.0,0.0,58.53360910031024,635.4441560556845,0.0,0.0
2023,10,4,21,56.602,0.0,0.0,0.0,58.53360910031024,576.0122805242543,0.0,0.0
2023,10,4,22,56.602,0.0,0.0,0.0,58.53360910031024,516.5804049928239,0.0,0.0
2023,10,4,23,56.602,0.0,0.0,0.0,58.53360910031024,457.1485294613936,0.0,0.0
2023,10,5,0,56.602,0.0,0.0,0.0,58.53360910031024,397.7166539299633,0.0,0.0
2023,10,5,1,56.602,0.0,0.0,0.0,58.53360910031024,338.284778398533,0.0,0.0
2023,10,5,2,56.602,0.0,0.0,0.0,58.53360910031024,278.85290286710267,0.0,0.0
2023,10,5,3,56.602,0.0,0.0,0.0,58.53360910031024,219.4210273356724,0.0,0.0
2023,10,5,4,56.602,0.0,0.0,0.0,58.53360910031024,159.98915180424208,0.0,0.0
2023,10,5,5,56.602,0.0,0.0,0.0,58.53360910031024,100.55727627281178,0.0,0.0
2023,10,5,6,56.602,0.0,0.0,0.0,58.53360910031024,41.125400741381476,0.0,0.0
2023,10,5,7,56.602,18.029786705935614,18.029786705935614,0.0,40.50382239437462,0.0,0.0,0.0
2023,10,5,8,56.602,84.01581974958461,58.53360910031024,0.0,0.0,0.0,25.48221064927437,0.0
2023,10,5,9,56.602,169.5845155384382,58.53360910031024,0.0,0.0,0.0,111.05090643812798,0.0
2023,10,5,10,56.602,242.78246326446146,58.53360910031024,0.0,0.0,-0.0,184.24885416415123,0.0
2023,10,5,11,56.602,282.43679539223666,170.78753379432746,112.2539246940172,0.0,105.02942949046584,111.6492615979092,0.0
2023,10,5,12,56.602,310.6423996054975,310.6423996054975,252.10879050518724,0.0,340.91287417596317,0.0,0.0
2023,10,5,13,56.602,271.24190298414123,271.24190298414123,212.70829388383098,0.0,539.9315794497913,0.0,0.0
2023,10,5,14,56.602,236.59335635795185,236.59335635795185,178.0597472576416,0.0,706.5316668913966,0.0,0.0
2023,10,5,15,56.602,167.2887973553843,167.2887973553843,108.75518825507406,0.0,808.2875334029167,0.0,0.0
2023,10,5,16,56.602,92.92992547500369,92.92992547500369,34.39631637469345,0.0,840.4701541465116,0.0,0.0
2023,10,5,17,56.602,42.78248145687961,42.78248145687961,0.0,15.751127643430628,824.4773070972233,0.0,0.0
2023,10,5,18,56.602,0.0,-0.0,0.0,58.53360910031024,765.045431565793,0.0,0.0
2023,10,5,19,56.602,0.0,-0.0,0.0,58.53360910031024,705.6135560343628,0.0,0.0
2023,10,5,20,56.602,0.0,-0.0,0.0,58.53360910031024,646.1816805029325,0.0,0.0
2023,10,5,21,56.602,0.0,-0.0,0.0,58.53360910031024,586.7498049715023,0.0,0.0
2023,10,5,22,56.602,0.0,-0.0,0.0,58.53360910031024,527.317929440072,0.0,0.0
2023,10,5,23,56.602,0.0,-0.0,0.0,58.53360910031024,467.8860539086417,0.0,0.0
2023,10,6,0,56.602,0.0,-0.0,0.0,58.53360910031024,408.4541783772114,0.0,0.0
2023,10,6,1,56.602,0.0,-0.0,0.0,58.53360910031024,349.0223028457811,0.0,0.0
2023,10,6,2,56.602,0.0,-0.0,0.0,58.53360910031024,289.5904273143508,0.0,0.0
2023,10,6,3,56.602,0.0,-0.0,0.0,58.53360910031024,230.15855178292048,0.0,0.0
2023,10,6,4,56.602,0.0,-0.0,0.0,58.53360910031024,170.72667625149018,0.0,0.0
2023,10,6,5,56.602,0.0,-0.0,0.0,58.53360910031024,111.29480072005987,0.0,0.0
2023,10,6,6,56.602,0.0,-0.0,0.0,58.53360910031024,51.86292518862956,0.0,0.0
2023,10,6,7,56.602,7.4545515635100035,7.4545515635100035,0.0,51.07905753680023,0.0,0.0,0.0
2023,10,6,8,56.602,92.6238297172632,58.53360910031024,0.0,0.0,-0.0,34.09022061695297,0.0
2023,10,6,9,56.602,174.73588316870556,58.53360910031024,0.0,0.0,-0.0,116.20227406839533,0.0
2023,10,6,10,56.602,234.3685628016915,188.50961948759942,129.97601038728916,0.0,121.61094817517252,45.85894331409207,0.0
2023,10,6,11,56.602,213.1546336402355,213.1546336402355,154.62102453992526,0.0,266.28079414203876,0.0,0.0
2023,10,6,12,56.602,244.58170905996064,244.58170905996064,186.0480999596504,0.0,440.35511581774847,0.0,0.0
2023,10,6,13,56.602,233.70411103488888,233.70411103488888,175.17050193457865,0.0,604.2519054569253,0.0,0.0
2023,10,6,14,56.602,215.3495641957407,215.3495641957407,156.81595509543047,0.0,750.9754195217604,0.0,0.0
2023,10,6,15,56.602,133.80117488355225,133.80117488355225,75.267565783242,0.0,821.3988770079765,0.0,0.0
2023,10,6,16,56.602,78.91671237063883,78.91671237063883,20.383103270328597,0.0,840.4701541465116,0.0,0.0
2023,10,6,17,56.602,22.19940818637667,22.19940818637667,0.0,36.334200913933564,803.5783625853547,0.0,0.0
2023,10,6,18,56.602,0.0,-0.0,0.0,58.53360910031024,744.1464870539244,0.0,0.0
2023,10,6,19,56.602,0.0,-0.0,0.0,58.53360910031024,684.7146115224941,0.0,0.0
2023,10,6,20,56.602,0.0,-0.0,0.0,58.53360910031024,625.2827359910639,0.0,0.0
2023,10,6,21,56.602,0.0,-0.0,0.0,58.53360910031024,565.8508604596336,0.0,0.0
2023,10,6,22,56.602,0.0,-0.0,0.0,58.53360910031024,506.4189849282033,0.0,0.0
2023,10,6,23,56.602,0.0,-0.0,0.0,58.53360910031024,446.987109396773,0.0,0.0
2023,10,7,0,56.602,0.0,-0.0,0.0,58.53360910031024,387.5552338653427,0.0,0.0
2023,10,7,1,56.602,0.0,-0.0,0.0,58.53360910031024,328.1233583339124,0.0,0.0
2023,10,7,2,56.602,0.0,-0.0,0.0,58.53360910031024,268.6914828024821,0.0,0.0
2023,10,7,3,56.602,0.0,-0.0,0.0,58.53360910031024,209.25960727105178,0.0,0.0
2023,10,7,4,56.602,0.0,-0.0,0.0,58.53360910031024,149.82773173962147,0.0,0.0
2023,10,7,5,56.602,0.0,-0.0,0.0,58.53360910031024,90.39585620819116,0.0,0.0
2023,10,7,6,56.602,0.0,-0.0,0.0,58.53360910031024,30.963980676760855,0.0,0.0
2023,10,7,7,56.602,20.019409131249045,20.019409131249045,0.0,30.495984266298162,0.0,0.0,7.753614584571849
2023,10,7,8,56.602,83.35510085787641,58.53360910031024,0.0,0.0,0.0,24.82149175756617,0.0
2023,10,7,9,56.602,175.4600609370185,58.53360910031024,0.0,0.0,0.0,116.92645183670828,0.0
2023,10,7,10,56.602,264.2950224334691,58.53360910031024,0.0,0.0,-0.0,205.76141333315888,0.0
2023,10,7,11,56.602,301.9559992608366,215.4103226727444,156.87671357243417,0.0,146.7803622168601,86.54567658809222,0.0
2023,10,7,12,56.602,318.1678757958011,318.1678757958011,259.63426669549085,0.0,389.7049546668222,0.0,0.0
2023,10,7,13,56.602,300.3471300951516,300.3471300951516,241.81352099484138,0.0,615.955718035656,0.0,0.0
2023,10,7,14,56.602,223.13634164265204,223.13634164265204,164.60273254234178,0.0,769.964864162333,0.0,0.0
2023,10,7,15,56.602,126.77590395589783,126.77590395589783,68.2422948555876,0.0,833.8151866819209,0.0,0.0
2023,10,7,16,56.602,65.64634141005887,65.64634141005887,7.112732309748631,0.0,840.4701541465116,0.0,0.0
2023,10,7,17,56.602,16.898725552333474,16.898725552333474,0.0,41.63488354797676,798.1963348002886,0.0,0.0
2023,10,7,18,56.602,0.0,-0.0,0.0,58.53360910031024,738.7644592688582,0.0,0.0
2023,10,7,19,56.602,0.0,-0.0,0.0,58.53360910031024,679.332583737428,0.0,0.0
2023,10,7,20,56.602,0.0,-0.0,0.0,58.53360910031024,619.9007082059977,0.0,0.0
2023,10,7,21,56.602,0.0,-0.0,0.0,58.53360910031024,560.4688326745675,0.0,0.0
2023,10,7,22,56.602,0.0,-0.0,0.0,58.53360910031024,501.03695714313716,0.0,0.0
2023,10,7,23,56.602,0.0,-0.0,0.0,58.53360910031024,441.60508161170685,0.0,0.0
2023,10,8,0,56.602,0.0,-0.0,0.0,58.53360910031024,382.17320608027654,0.0,0.0
2023,10,8,1,56.602,0.0,-0.0,0.0,58.53360910031024,322.74133054884624,0.0,0.0
2023,10,8,2,56.602,0.0,-0.0,0.0,58.53360910031024,263.3094550174159,0.0,0.0
2023,10,8,3,56.602,0.0,-0.0,0.0,58.53360910031024,203.87757948598562,0.0,0.0
2023,10,8,4,56.602,0.0,-0.0,0.0,58.53360910031024,144.4457039545553,0.0,0.0
2023,10,8,5,56.602,0.0,-0.0,0.0,58.53360910031024,85.013828423125,0.0,0.0
2023,10,8,6,56.602,0.0,-0.0,0.0,58.53360910031024,25.581952891694698,0.0,0.0
2023,10,8,7,56.602,20.59800477088052,20.59800477088052,0.0,25.195301632254964,0.0,0.0,12.319872708167983
2023,10,8,8,56.602,112.84481410360968,58.53360910031024,0.0,0.0,0.0,54.31120500329944,0.0
2023,10,8,9,56.602,199.08169453436028,58.53360910031024,0.0,0.0,0.0,140.54808543405005,0.0
2023,10,8,10,56.602,268.67741779429076,58.53360910031024,0.0,0.0,0.0,210.14380869398053,0.0
2023,10,8,11,56.602,310.77305023380137,58.53360910031024,0.0,0.0,-0.0,252.23944113349114,0.0
2023,10,8,12,56.602,328.2541043008608,184.2648667504402,125.73125765012998,0.0,117.63938139452628,143.98923755042057,0.0
2023,10,8,13,56.602,317.07041051804845,317.07041051804845,258.5368014177382,0.0,359.5371397955039,0.0,0.0
2023,10,8,14,56.602,284.6055958220811,284.6055958220811,226.07198672177088,0.0,571.0594705637684,0.0,0.0
2023,10,8,15,56.602,229.0193527914211,229.0193527914211,170.48574369111088,0.0,730.5730060142532,0.0,0.0
2023,10,8,16,56.602,149.97945554266718,149.97945554266718,91.44584644235695,0.0,816.1335341409406,0.0,0.0
2023,10,8,17,56.602,55.619838906509564,55.619838906509564,0.0,2.9137701938006724,813.1750487485845,0.0,0.0
2023,10,8,18,56.602,0.0,0.0,0.0,58.53360910031024,753.7431732171542,0.0,0.0
2023,10,8,19,56.602,0.0,0.0,0.0,58.53360910031024,694.311297685724,0.0,0.0
2023,10,8,20,56.602,0.0,0.0,0.0,58.53360910031024,634.8794221542937,0.0,0.0
2023,10,8,21,56.602,0.0,0.0,0.0,58.53360910031024,575.4475466228635,0.0,0.0
2023,10,8,22,56.602,0.0,0.0,0.0,58.53360910031024,516.0156710914332,0.0,0.0
2023,10,8,23,56.602,0.0,0.0,0.0,58.53360910031024,456.58379556000284,0.0,0.0
2023,10,9,0,56.602,0.0,0.0,0.0,58.53360910031024,397.15192002857253,0.0,0.0
2023,10,9,1,56.602,0.0,0.0,0.0,58.53360910031024,337.7200444971422,0.0,0.0
2023,10,9,2,56.602,0.0,0.0,0.0,58.53360910031024,278.2881689657119,0.0,0.0
2023,10,9,3,56.602,0.0,0.0,0.0,58.53360910031024,218.8562934342816,0.0,0.0
2023,10,9,4,56.602,0.0,0.0,0.0,58.53360910031024,159.4244179028513,0.0,0.0
2023,10,9,5,56.602,0.0,0.0,0.0,58.53360910031024,99.992542371421,0.0,0.0
2023,10,9,6,56.602,0.0,0.0,0.0,58.53360910031024,40.560666839990695,0.0,0.0
2023,10,9,7,56.602,18.585985095000748,18.585985095000748,0.0,39.94762400530949,0.0,0.0,0.0
2023,10,9,8,56.602,107.8427614771182,58.53360910031024,0.0,0.0,0.0,49.309152376807965,0.0
2023,10,9,9,56.602,188.87601402627993,58.53360910031024,0.0,0.0,0.0,130.3424049259697,0.0
2023,10,9,10,56.602,252.6223220132909,58.53360910031024,0.0,0.0,0.0,194.08871291298067,0.0
2023,10,9,11,56.602,300.66442447817536,58.53360910031024,0.0,0.0,-0.0,242.13081537786513,0.0
2023,10,9,12,56.602,317.5780815308864,240.54675525887865,182.01314615856842,0.0,170.29905148446076,77.03132627200773,0.0
2023,10,9,13,56.602,296.6627823769822,296.6627823769822,238.12917327667196,0.0,393.1025862602754,0.0,0.0
2023,10,9,14,56.602,272.74998452227743,272.74998452227743,214.2163754219672,0.0,593.5323151932523,0.0,0.0
2023,10,9,15,56.602,216.31637884518946,216.31637884518946,157.78276974487923,0.0,741.1604211583833,0.0,0.0
2023,10,9,16,56.602,140.53528155384376,140.53528155384376,82.00167245353353,0.0,817.884588251293,0.0,0.0
2023,10,9,17,56.602,52.59994295514271,52.59994295514271,0.0,5.933666145167528,811.859863085614,0.0,0.0
2023,10,9,18,56.602,0.0,0.0,0.0,58.53360910031024,752.4279875541838,0.0,0.0
2023,10,9,19,56.602,0.0,0.0,0.0,58.53360910031024,692.9961120227536,0.0,0.0
2023,10,9,20,56.602,0.0,0.0,0.0,58.53360910031024,633.5642364913233,0.0,0.0
2023,10,9,21,56.602,0.0,0.0,0.0,58.53360910031024,574.132360959893,0.0,0.0
2023,10,9,22,56.602,0.0,0.0,0.0,58.53360910031024,514.7004854284628,0.0,0.0
2023,10,9,23,56.602,0.0,0.0,0.0,58.53360910031024,455.2686098970325,0.0,0.0
2023,10,10,0,56.602,0.0,0.0,0.0,58.53360910031024,395.8367343656022,0.0,0.0
2023,10,10,1,56.602,0.0,0.0,0.0,58.53360910031024,336.4048588341719,0.0,0.0
2023,10,10,2,56.602,0.0,0.0,0.0,58.53360910031024,276.97298330274157,0.0,0.0
2023,10,10,3,56.602,0.0,0.0,0.0,58.53360910031024,217.54110777131126,0.0,0.0
2023,10,10,4,56.602,0.0,0.0,0.0,58.53360910031024,158.10923223988095,0.0,0.0
2023,10,10,5,56.602,0.0,0.0,0.0,58.53360910031024,98.67735670845066,0.0,0.0
2023,10,10,6,56.602,0.0,0.0,0.0,58.53360910031024,39.24548117702035,0.0,0.0
2023,10,10,7,56.602,19.881292752756334,19.881292752756334,0.0,38.652316347553906,0.0,0.0,0.0
2023,10,10,8,56.602,102.27331183627847,58.53360910031024,0.0,0.0,0.0,43.73970273596823,0.0
2023,10,10,9,56.602,195.86022332789602,58.53360910031024,0.0,0.0,0.0,137.3266142275858,0.0
2023,10,10,10,56.602,252.7903013925388,58.53360910031024,0.0,0.0,-0.0,194.25669229222856,0.0
2023,10,10,11,56.602,293.50103717202825,216.77009382243034,158.2364847221201,0.0,148.05262052300304,76.73094334959791,0.0
2023,10,10,12,56.602,306.9132573861953,306.9132573861953,248.37964828588508,0.0,380.44692502164514,0.0,0.0
2023,10,10,13,56.602,266.5720762410511,266.5720762410511,208.03846714074086,0.0,575.09634663806,0.0,0.0
2023,10,10,14,56.602,195.0613880576951,195.0613880576951,136.52777895738487,0.0,702.8374013279617,0.0,0.0
2023,10,10,15,56.602,144.85421803806065,144.85421803806065,86.32060893775041,0.0,783.6025445932353,0.0,0.0
2023,10,10,16,56.602,109.33964438997126,109.33964438997126,50.80603528966102,0.0,831.1387792121213,0.0,0.0
2023,10,10,17,56.602,40.143338765141195,40.143338765141195,0.0,18.39027033516904,812.4662887515369,0.0,0.0
2023,10,10,18,56.602,0.0,0.0,0.0,58.53360910031024,753.0344132201067,0.0,0.0
2023,10,10,19,56.602,0.0,0.0,0.0,58.53360910031024,693.6025376886764,0.0,0.0
2023,10,10,20,56.602,0.0,0.0,0.0,58.53360910031024,634.1706621572462,0.0,0.0
2023,10,10,21,56.602,0.0,0.0,0.0,58.53360910031024,574.7387866258159,0.0,0.0
2023,10,10,22,56.602,0.0,0.0,0.0,58.53360910031024,515.3069110943857,0.0,0.0
2023,10,10,23,56.602,0.0,0.0,0.0,58.53360910031024,455.8750355629554,0.0,0.0
2023,10,11,0,56.602,0.0,0.0,0.0,58.53360910031024,396.4431600315251,0.0,0.0
2023,10,11,1,56.602,0.0,0.0,0.0,58.53360910031024,337.0112845000948,0.0,0.0
2023,10,11,2,56.602,0.0,0.0,0.0,58.53360910031024,277.5794089686645,0.0,0.0
2023,10,11,3,56.602,0.0,0.0,0.0,58.53360910031024,218.1475334372342,0.0,0.0
2023,10,11,4,56.602,0.0,0.0,0.0,58.53360910031024,158.71565790580388,0.0,0.0
2023,10,11,5,56.602,0.0,0.0,0.0,58.53360910031024,99.28378237437357,0.0,0.0
2023,10,11,6,56.602,0.0,0.0,0.0,58.53360910031024,39.85190684294326,0.0,0.0
2023,10,11,7,56.602,19.28403273765291,19.28403273765291,0.0,39.24957636265733,0.0,0.0,0.0
2023,10,11,8,56.602,109.75026065035487,58.53360910031024,0.0,0.0,0.0,51.21665155004464,0.0
2023,10,11,9,56.602,196.80464072677836,58.53360910031024,0.0,0.0,0.0,138.27103162646813,0.0
2023,10,11,10,56.602,257.30334738166425,58.53360910031024,0.0,0.0,-0.0,198.76973828135402,0.0
2023,10,11,11,56.602,292.06014738559116,134.1850042817063,75.6513951813961,0.0,70.78258419666005,157.87514310388485,0.0
2023,10,11,12,56.602,307.6710310303578,307.6710310303578,249.13742193004757,0.0,303.88589315769616,0.0,0.0
2023,10,11,13,56.602,297.2040492656697,297.2040492656697,238.67044016535948,0.0,527.1958596923637,0.0,0.0
2023,10,11,14,56.602,265.2991658338619,265.2991658338619,206.76555673355165,0.0,720.6542935172695,0.0,0.0
2023,10,11,15,56.602,171.85783647092572,171.85783647092572,113.32422737061547,0.0,826.6851426000717,0.0,0.0
2023,10,11,16,56.602,64.44808850475756,64.44808850475756,5.914479404447328,0.0,832.2189749295468,0.0,0.0
2023,10,11,17,56.602,40.42703727231534,40.42703727231534,0.0,18.106571827994898,813.8345366602757,0.0,0.0
2023,10,11,18,56.602,0.0,0.0,0.0,58.53360910031024,754.4026611288455,0.0,0.0
2023,10,11,19,56.602,0.0,0.0,0.0,58.53360910031024,694.9707855974152,0.0,0.0
2023,10,11,20,56.602,0.0,0.0,0.0,58.53360910031024,635.538910065985,0.0,0.0
2023,10,11,21,56.602,0.0,0.0,0.0,58.53360910031024,576.1070345345547,0.0,0.0
2023,10,11,22,56.602,0.0,0.0,0.0,58.53360910031024,516.6751590031245,0.0,0.0
2023,10,11,23,56.602,0.0,0.0,0.0,58.53360910031024,457.2432834716941,0.0,0.0
2023,10,12,0,56.602,0.0,0.0,0.0,58.53360910031024,397.8114079402638,0.0,0.0
2023,10,12,1,56.602,0.0,0.0,0.0,58.53360910031024,338.3795324088335,0.0,0.0
2023,10,12,2,56.602,0.0,0.0,0.0,58.53360910031024,278.9476568774032,0.0,0.0
2023,10,12,3,56.602,0.0,0.0,0.0,58.53360910031024,219.51578134597287,0.0,0.0
2023,10,12,4,56.602,0.0,0.0,0.0,58.53360910031024,160.08390581454256,0.0,0.0
2023,10,12,5,56.602,0.0,0.0,0.0,58.53360910031024,100.65203028311225,0.0,0.0
2023,10,12,6,56.602,0.0,0.0,0.0,58.53360910031024,41.22015475168194,0.0,0.0
2023,10,12,7,56.602,17.936464828575698,17.936464828575698,0.0,40.59714427173454,0.0,0.0,0.0
2023,10,12,8,56.602,107.12231658389966,58.53360910031024,0.0,0.0,0.0,48.588707483589424,0.0
2023,10,12,9,56.602,194.5313197942908,58.53360910031024,0.0,0.0,0.0,135.99771069398057,0.0
2023,10,12,10,56.602,255.69074534088497,58.53360910031024,0.0,0.0,0.0,197.15713624057474,0.0
2023,10,12,11,56.602,294.270009441474,165.43776273880312,106.90415363849286,0.0,100.02396172265358,128.83224670267086,0.0
2023,10,12,12,56.602,264.91467969913896,264.91467969913896,206.38107059882873,0.0,293.1226543671327,0.0,0.0
2023,10,12,13,56.602,266.28464485878254,266.28464485878254,207.7510357584723,0.0,487.5031432564326,0.0,0.0
2023,10,12,14,56.602,248.83345379247834,248.83345379247834,190.2998446921681,0.0,665.5555737137521,0.0,0.0
2023,10,12,15,56.602,174.61643116568484,174.61643116568484,116.0828220653746,0.0,774.1674784502941,0.0,0.0
2023,10,12,16,56.602,117.59676409877656,117.59676409877656,59.063154998466324,0.0,829.4294168663012,0.0,0.0
2023,10,12,17,56.602,42.33826932064641,42.33826932064641,0.0,16.195339779663826,812.9855407279836,0.0,0.0
2023,10,12,18,56.602,0.0,0.0,0.0,58.53360910031024,753.5536651965533,0.0,0.0
2023,10,12,19,56.602,0.0,0.0,0.0,58.53360910031024,694.1217896651231,0.0,0.0
2023,10,12,20,56.602,0.0,0.0,0.0,58.53360910031024,634.6899141336928,0.0,0.0
2023,10,12,21,56.602,0.0,0.0,0.0,58.53360910031024,575.2580386022626,0.0,0.0
2023,10,12,22,56.602,0.0,0.0,0.0,58.53360910031024,515.8261630708322,0.0,0.0
2023,10,12,23,56.602,0.0,0.0,0.0,58.53360910031024,456.3942875394019,0.0,0.0
2023,10,13,0,56.602,0.0,0.0,0.0,58.53360910031024,396.9624120079716,0.0,0.0
2023,10,13,1,56.602,0.0,0.0,0.0,58.53360910031024,337.5305364765413,0.0,0.0
2023,10,13,2,56.602,0.0,0.0,0.0,58.53360910031024,278.09866094511096,0.0,0.0
2023,10,13,3,56.602,0.0,0.0,0.0,58.53360910031024,218.66678541368069,0.0,0.0
2023,10,13,4,56.602,0.0,0.0,0.0,58.53360910031024,159.23490988225038,0.0,0.0
2023,10,13,5,56.602,0.0,0.0,0.0,58.53360910031024,99.80303435082007,0.0,0.0
2023,10,13,6,56.602,0.0,0.0,0.0,58.53360910031024,40.37115881938977,0.0,0.0
2023,10,13,7,56.602,18.77262884972058,18.77262884972058,0.0,39.760980250589654,0.0,0.0,0.0
2023,10,13,8,56.602,71.58907856033828,58.53360910031024,0.0,-0.0,0.0,13.055469460028043,0.0
2023,10,13,9,56.602,158.97568452016304,58.53360910031024,0.0,0.0,0.0,100.44207541985281,0.0
2023,10,13,10,56.602,246.22417410149512,58.53360910031024,0.0,0.0,0.0,187.6905650011849,0.0
2023,10,13,11,56.602,298.8614458075818,58.53360910031024,0.0,0.0,-0.0,240.32783670727156,0.0
2023,10,13,12,56.602,310.1981874692643,242.71096200412532,184.1773529038151,0.0,172.3239731107849,67.487225465139,0.0
2023,10,13,13,56.602,301.73949250536157,301.73949250536157,243.20588340505134,0.0,399.87748852135746,0.0,0.0
2023,10,13,14,56.602,272.9627584026581,272.9627584026581,214.42914930234784,0.0,600.5062975250559,0.0,0.0
2023,10,13,15,56.602,220.0119251886421,220.0119251886421,161.47831608833187,0.0,751.592109981665,0.0,0.0
2023,10,13,16,56.602,142.3569245999093,142.3569245999093,83.82331549959906,0.0,830.020681890576,0.0,0.0
2023,10,13,17,56.602,49.87867701132757,49.87867701132757,0.0,8.654932088982669,821.2329297845356,0.0,0.0
2023,10,13,18,56.602,0.0,0.0,0.0,58.53360910031024,761.8010542531053,0.0,0.0
2023,10,13,19,56.602,0.0,0.0,0.0,58.53360910031024,702.3691787216751,0.0,0.0
2023,10,13,20,56.602,0.0,0.0,0.0,58.53360910031024,642.9373031902448,0.0,0.0
2023,10,13,21,56.602,0.0,0.0,0.0,58.53360910031024,583.5054276588146,0.0,0.0
2023,10,13,22,56.602,0.0,0.0,0.0,58.53360910031024,524.0735521273842,0.0,0.0
2023,10,13,23,56.602,0.0,0.0,0.0,58.53360910031024,464.6416765959539,0.0,0.0
2023,10,14,0,56.602,0.0,0.0,0.0,58.53360910031024,405.2098010645236,0.0,0.0
2023,10,14,1,56.602,0.0,0.0,0.0,58.53360910031024,345.7779255330933,0.0,0.0
2023,10,14,2,56.602,0.0,0.0,0.0,58.53360910031024,286.346050001663,0.0,0.0
2023,10,14,3,56.602,0.0,0.0,0.0,58.53360910031024,226.91417447023272,0.0,0.0
2023,10,14,4,56.602,0.0,0.0,0.0,58.53360910031024,167.48229893880242,0.0,0.0
2023,10,14,5,56.602,0.0,0.0,0.0,58.53360910031024,108.05042340737211,0.0,0.0
2023,10,14,6,56.602,0.0,0.0,0.0,58.53360910031024,48.61854787594181,0.0,0.0
2023,10,14,7,56.602,10.649892644313542,10.649892644313542,0.0,47.88371645599669,0.0,0.0,0.0
2023,10,14,8,56.602,109.51135664431351,58.53360910031024,0.0,0.0,0.0,50.97774754400327,0.0
2023,10,14,9,56.602,193.92659402899855,58.53360910031024,0.0,0.0,0.0,135.39298492868832,0.0
2023,10,14,10,56.602,261.29752373266865,58.53360910031024,0.0,0.0,0.0,202.76391463235842,0.0
2023,10,14,11,56.602,305.7000729805164,58.53360910031024,0.0,0.0,-0.0,247.16646388020615,0.0
2023,10,14,12,56.602,318.7091426844886,217.13993110321445,158.60632200290422,0.0,148.3986556278864,101.56921158127415,0.0
2023,10,14,13,56.602,312.78880278477556,312.78880278477556,254.2551936844653,0.0,386.29036418469684,0.0,0.0
2023,10,14,14,56.602,278.9913516801086,278.9913516801086,220.45774257979838,0.0,592.5597751921703,0.0,0.0
2023,10,14,15,56.602,224.14048504304478,224.14048504304478,165.60687594273455,0.0,747.5084395473399,0.0,0.0
2023,10,14,16,56.602,142.95418461501274,142.95418461501274,84.4205755147025,0.0,826.4958327073989,0.0,0.0
2023,10,14,17,56.602,47.42991094940339,47.42991094940339,0.0,11.103698150906844,815.2217353710744,0.0,0.0
2023,10,14,18,56.602,0.0,0.0,0.0,58.53360910031024,755.7898598396441,0.0,0.0
2023,10,14,19,56.602,0.0,0.0,0.0,58.53360910031024,696.3579843082139,0.0,0.0
2023,10,14,20,56.602,0.0,0.0,0.0,58.53360910031024,636.9261087767836,0.0,0.0
2023,10,14,21,56.602,0.0,0.0,0.0,58.53360910031024,577.4942332453534,0.0,0.0
2023,10,14,22,56.602,0.0,0.0,0.0,58.53360910031024,518.0623577139231,0.0,0.0
2023,10,14,23,56.602,0.0,0.0,0.0,58.53360910031024,458.6304821824928,0.0,0.0
2023,10,15,0,56.602,0.0,0.0,0.0,58.53360910031024,399.1986066510625,0.0,0.0
2023,10,15,1,56.602,0.0,0.0,0.0,58.53360910031024,339.7667311196322,0.0,0.0
2023,10,15,2,56.602,0.0,0.0,0.0,58.53360910031024,280.3348555882019,0.0,0.0
2023,10,15,3,56.602,0.0,0.0,0.0,58.53360910031024,220.90298005677155,0.0,0.0
2023,10,15,4,56.602,0.0,0.0,0.0,58.53360910031024,161.47110452534125,0.0,0.0
2023,10,15,5,56.602,0.0,0.0,0.0,58.53360910031024,102.03922899391094,0.0,0.0
2023,10,15,6,56.602,0.0,0.0,0.0,58.53360910031024,42.60735346248063,0.0,0.0
2023,10,15,7,56.602,16.570232544026574,16.570232544026574,0.0,41.96337655628366,0.0,0.0,0.0
2023,10,15,8,56.602,91.10454955384378,58.53360910031024,0.0,0.0,0.0,32.570940453533545,0.0
2023,10,15,9,56.602,194.4678609176861,58.53360910031024,0.0,0.0,0.0,135.93425181737587,0.0
2023,10,15,10,56.602,260.8831745971906,58.53360910031024,0.0,0.0,0.0,202.34956549688036,0.0
2023,10,15,11,56.602,301.0899722389366,58.53360910031024,0.0,0.0,-0.0,242.55636313862635,0.0
2023,10,15,12,56.602,315.1031853433015,239.41431478463775,180.88070568432752,0.0,169.23949319048003,75.68887055866375,0.0
2023,10,15,13,56.602,308.8842154360367,308.8842154360367,250.35060633572647,0.0,403.4779078179105,0.0,0.0
2023,10,15,14,56.602,280.4658373423953,280.4658373423953,221.93222824208505,0.0,611.1269087891556,0.0,0.0
2023,10,15,15,56.602,218.10069314031102,218.10069314031102,159.5670840400008,0.0,760.4244932420911,0.0,0.0
2023,10,15,16,56.602,144.08524576861495,144.08524576861495,85.55163666830471,0.0,840.4701541465116,0.0,0.0
2023,10,15,17,56.602,47.5269657018577,47.5269657018577,0.0,11.006643398452539,829.2946009808995,0.0,0.0
2023,10,15,18,56.602,0.0,-0.0,0.0,58.53360910031024,769.8627254494693,0.0,0.0
2023,10,15,19,56.602,0.0,-0.0,0.0,58.53360910031024,710.430849918039,0.0,0.0
2023,10,15,20,56.602,0.0,-0.0,0.0,58.53360910031024,650.9989743866088,0.0,0.0
2023,10,15,21,56.602,0.0,-0.0,0.0,58.53360910031024,591.5670988551785,0.0,0.0
2023,10,15,22,56.602,0.0,-0.0,0.0,58.53360910031024,532.1352233237483,0.0,0.0
2023,10,15,23,56.602,0.0,-0.0,0.0,58.53360910031024,472.70334779231797,0.0,0.0
2023,10,16,0,56.602,0.0,-0.0,0.0,58.53360910031024,413.27147226088766,0.0,0.0
2023,10,16,1,56.602,0.0,-0.0,0.0,58.53360910031024,353.83959672945736,0.0,0.0
2023,10,16,2,56.602,0.0,-0.0,0.0,58.53360910031024,294.40772119802705,0.0,0.0
2023,10,16,3,56.602,0.0,-0.0,0.0,58.53360910031024,234.97584566659674,0.0,0.0
2023,10,16,4,56.602,0.0,-0.0,0.0,58.53360910031024,175.54397013516643,0.0,0.0
2023,10,16,5,56.602,0.0,-0.0,0.0,58.53360910031024,116.11209460373613,0.0,0.0
2023,10,16,6,56.602,0.0,-0.0,0.0,58.53360910031024,56.68021907230582,0.0,0.0
2023,10,16,7,56.602,6.211504157075967,6.211504157075967,0.0,52.32210494323427,3.55517046647416,0.0,0.0
2023,10,16,8,56.602,29.47478174535564,29.47478174535564,0.0,3.5014368385449126,0.0,0.0,24.713996629368165
2023,10,16,9,56.602,78.80845899290134,78.80845899290134,20.2748498925911,0.0,18.969990786764622,0.0,0.0
2023,10,16,10,56.602,148.88945601510338,148.88945601510338,90.35584691479313,0.0,103.51067013010683,0.0,0.0
2023,10,16,11,56.602,165.37383243195882,165.37383243195882,106.84022333164857,0.0,203.47481600513362,0.0,0.0
2023,10,16,12,56.602,88.52886573871012,88.52886573871012,29.995256638399887,0.0,231.53962265433182,0.0,0.0
2023,10,16,13,56.602,172.1378021030055,172.1378021030055,113.60419300269527,0.0,337.83241919860967,0.0,0.0
2023,10,16,14,56.602,32.349095568041065,32.349095568041065,0.0,26.18451353226917,311.2460737977308,0.0,0.0
2023,10,16,15,56.602,20.041806381815388,20.041806381815388,0.0,38.491802718494846,272.1635695184272,0.0,0.0
2023,10,16,16,56.602,2.8929781981573766,2.8929781981573766,0.0,55.64063090215286,215.66906830631117,0.0,0.0
2023,10,16,17,56.602,1.7544512943664092,1.7544512943664092,0.0,56.779157805943825,158.01856816852953,0.0,0.0
2023,10,16,18,56.602,0.0,-0.0,0.0,58.53360910031024,98.58669263709922,0.0,0.0
2023,10,16,19,56.602,0.0,-0.0,0.0,58.53360910031024,39.15481710566891,0.0,0.0
2023,10,16,20,56.602,0.0,-0.0,0.0,0.0,39.15481710566891,0.0,56.602
2023,10,16,21,56.602,0.0,-0.0,0.0,0.0,39.15481710566891,0.0,56.602
2023,10,16,22,56.602,0.0,-0.0,0.0,38.56302259290669,0.0,0.0,19.311557152659226
2023,10,16,23,56.602,0.0,-0.0,0.0,-0.0,0.0,0.0,56.602
2023,10,17,0,56.602,0.0,-0.0,0.0,0.0,-0.0,0.0,56.602
2023,10,17,1,56.602,0.0,-0.0,0.0,-0.0,0.0,0.0,56.602
2023,10,17,2,56.602,0.0,-0.0,0.0,-0.0,0.0,0.0,56.602
2023,10,17,3,56.602,0.0,-0.0,0.0,0.0,-0.0,0.0,56.602
2023,10,17,4,56.602,0.0,-0.0,0.0,-0.0,-0.0,0.0,56.602
2023,10,17,5,56.602,0.0,-0.0,0.0,0.0,-0.0,0.0,56.602
2023,10,17,6,56.602,0.0,-0.0,0.0,0.0,-0.0,0.0,56.602
2023,10,17,7,56.602,0.0,-0.0,0.0,0.0,-0.0,0.0,56.602
2023,10,17,8,56.602,3.277464332880228,3.277464332880228,0.0,0.0,-0.0,0.0,53.432691990104814
2023,10,17,9,56.602,15.94684240326234,15.94684240326234,0.0,0.0,-0.0,0.0,41.18140339604531
2023,10,17,10,56.602,21.001155281075356,21.001155281075356,0.0,0.0,-0.0,0.0,36.29388284320013
2023,10,17,11,56.602,23.046770832804704,23.046770832804704,0.0,0.0,-0.0,0.0,34.315772604677846
2023,10,17,12,56.602,42.095632439510624,42.095632439510624,0.0,0.0,0.0,0.0,15.895523430993226
2023,10,17,13,56.602,67.68449121159938,67.68449121159938,9.150882111289144,0.0,8.561944984133216,0.0,0.0
2023,10,17,14,56.602,48.5236433520616,48.5236433520616,0.0,0.0,8.561944984133216,0.0,9.679636878556433
2023,10,17,15,56.602,39.09440086361575,39.09440086361575,0.0,0.0,8.561944984133216,0.0,18.797714364883564
2023,10,17,16,56.602,28.112282335900908,28.112282335900908,0.0,0.0,8.561944984133216,0.0,29.41742298118382
2023,10,17,17,56.602,7.066332553692792,7.066332553692792,0.0,8.432537865552945,0.0,0.0,41.61459230458937
2023,10,17,18,56.602,0.0,-0.0,0.0,0.0,-0.0,0.0,56.602
2023,10,17,19,56.602,0.0,-0.0,0.0,-0.0,0.0,0.0,56.602
2023,10,17,20,56.602,0.0,-0.0,0.0,-0.0,0.0,0.0,56.602
2023,10,17,21,56.602,0.0,-0.0,0.0,-0.0,0.0,0.0,56.602
2023,10,17,22,56.602,0.0,-0.0,0.0,0.0,-0.0,0.0,56.602
2023,10,17,23,56.602,0.0,-0.0,0.0,-0.0,0.0,0.0,56.602
2023,10,18,0,56.602,0.0,-0.0,0.0,-0.0,0.0,0.0,56.602
2023,10,18,1,56.602,0.0,-0.0,0.0,0.0,-0.0,0.0,56.602
2023,10,18,2,56.602,0.0,-0.0,0.0,-0.0,0.0,0.0,56.602
2023,10,18,3,56.602,0.0,-0.0,0.0,-0.0,0.0,0.0,56.602
2023,10,18,4,56.602,0.0,-0.0,0.0,-0.0,0.0,0.0,56.602
2023,10,18,5,56.602,0.0,-0.0,0.0,-0.0,0.0,0.0,56.602
2023,10,18,6,56.602,0.0,-0.0,0.0,0.0,-0.0,0.0,56.602
2023,10,18,7,56.602,3.0497589521220347,3.0497589521220347,0.0,-0.0,0.0,0.0,53.65288309329799
2023,10,18,8,56.602,63.029595968886845,58.53360910031024,0.0,-0.0,0.0,4.495986868576608,0.0
2023,10,18,9,56.602,151.03959206947584,58.53360910031024,0.0,0.0,0.0,92.50598296916561,0.0
2023,10,18,10,56.602,204.4421031699138,58.53360910031024,0.0,0.0,-0.0,145.90849406960356,0.0
2023,10,18,11,56.602,280.2306662114483,195.5738244211209,137.04021532081063,0.0,128.22051141310746,84.6568417903274,0.0
2023,10,18,12,56.602,304.31517632049525,304.31517632049525,245.78156722018502,0.0,358.1839434692558,0.0,0.0
2023,10,18,13,56.602,285.31110921492206,285.31110921492206,226.7775001146118,0.0,570.3663818404389,0.0,0.0
2023,10,18,14,56.602,229.44116767708795,229.44116767708795,170.90755857677772,0.0,730.2745847995469,0.0,0.0
2023,10,18,15,56.602,161.39458758133205,161.39458758133205,102.86097848102182,0.0,826.5155840888002,0.0,0.0
2023,10,18,16,56.602,73.4480503573478,73.4480503573478,14.91444125703756,0.0,840.4701541465116,0.0,0.0
2023,10,18,17,56.602,11.986261928107531,11.986261928107531,0.0,46.547347172202706,793.2084836980724,0.0,0.0
2023,10,18,18,56.602,0.0,-0.0,0.0,58.53360910031024,733.7766081666421,0.0,0.0
2023,10,18,19,56.602,0.0,-0.0,0.0,58.53360910031024,674.3447326352118,0.0,0.0
2023,10,18,20,56.602,0.0,-0.0,0.0,58.53360910031024,614.9128571037816,0.0,0.0
2023,10,18,21,56.602,0.0,-0.0,0.0,58.53360910031024,555.4809815723513,0.0,0.0
2023,10,18,22,56.602,0.0,-0.0,0.0,58.53360910031024,496.049106040921,0.0,0.0
2023,10,18,23,56.602,0.0,-0.0,0.0,58.53360910031024,436.6172305094907,0.0,0.0
2023,10,19,0,56.602,0.0,-0.0,0.0,58.53360910031024,377.1853549780604,0.0,0.0
2023,10,19,1,56.602,0.0,-0.0,0.0,58.53360910031024,317.7534794466301,0.0,0.0
2023,10,19,2,56.602,0.0,-0.0,0.0,58.53360910031024,258.3216039151998,0.0,0.0
2023,10,19,3,56.602,0.0,-0.0,0.0,58.53360910031024,198.88972838376947,0.0,0.0
2023,10,19,4,56.602,0.0,-0.0,0.0,58.53360910031024,139.45785285233916,0.0,0.0
2023,10,19,5,56.602,0.0,-0.0,0.0,58.53360910031024,80.02597732090885,0.0,0.0
2023,10,19,6,56.602,0.0,-0.0,0.0,58.53360910031024,20.594101789478543,0.0,0.0
2023,10,19,7,56.602,17.376533564416203,17.376533564416203,0.0,20.28283800802902,0.0,0.0,20.185387689445463
2023,10,19,8,56.602,104.30026301253582,58.53360910031024,0.0,0.0,0.0,45.766653912225586,0.0
2023,10,19,9,56.602,195.23310031203735,58.53360910031024,0.0,0.0,0.0,136.69949121172712,0.0
2023,10,19,10,56.602,260.7749212194531,58.53360910031024,0.0,0.0,0.0,202.2413121191429,0.0
2023,10,19,11,56.602,301.92240338498704,58.53360910031024,0.0,0.0,-0.0,243.3887942846768,0.0
2023,10,19,12,56.602,321.0571211188641,282.7044672543553,224.17085815404508,0.0,209.7435560002505,38.352653864508795,0.0
2023,10,19,13,56.602,311.7585292587221,311.7585292587221,253.22492015841183,0.0,446.67129789883063,0.0,0.0
2023,10,19,14,56.602,278.85323530161594,278.85323530161594,220.3196262013057,0.0,652.8114814919761,0.0,0.0
2023,10,19,15,56.602,216.14466659084718,216.14466659084718,157.61105749053692,0.0,800.2789263474019,0.0,0.0
2023,10,19,16,56.602,101.48940806645517,101.48940806645517,42.95579896614493,0.0,840.4701541465116,0.0,0.0
2023,10,19,17,56.602,25.025194632834907,25.025194632834907,0.0,33.508414467475326,806.4475140172526,0.0,0.0
2023,10,19,18,56.602,0.0,-0.0,0.0,58.53360910031024,747.0156384858224,0.0,0.0
2023,10,19,19,56.602,0.0,-0.0,0.0,58.53360910031024,687.5837629543921,0.0,0.0
2023,10,19,20,56.602,0.0,-0.0,0.0,58.53360910031024,628.1518874229619,0.0,0.0
2023,10,19,21,56.602,0.0,-0.0,0.0,58.53360910031024,568.7200118915316,0.0,0.0
2023,10,19,22,56.602,0.0,-0.0,0.0,58.53360910031024,509.2881363601013,0.0,0.0
2023,10,19,23,56.602,0.0,-0.0,0.0,58.53360910031024,449.856260828671,0.0,0.0
2023,10,20,0,56.602,0.0,-0.0,0.0,58.53360910031024,390.4243852972407,0.0,0.0
2023,10,20,1,56.602,0.0,-0.0,0.0,58.53360910031024,330.9925097658104,0.0,0.0
2023,10,20,2,56.602,0.0,-0.0,0.0,58.53360910031024,271.5606342343801,0.0,0.0
2023,10,20,3,56.602,0.0,-0.0,0.0,58.53360910031024,212.12875870294977,0.0,0.0
2023,10,20,4,56.602,0.0,-0.0,0.0,58.53360910031024,152.69688317151946,0.0,0.0
2023,10,20,5,56.602,0.0,-0.0,0.0,58.53360910031024,93.26500764008915,0.0,0.0
2023,10,20,6,56.602,0.0,-0.0,0.0,58.53360910031024,33.833132108658845,0.0,0.0
2023,10,20,7,56.602,18.869683602174888,18.869683602174888,0.0,33.3217707127564,0.0,0.0,6.1328636774614464
2023,10,20,8,56.602,107.13724808427725,58.53360910031024,0.0,0.0,0.0,48.60363898396701,0.0
2023,10,20,9,56.602,198.42470851774644,58.53360910031024,0.0,0.0,0.0,139.8910994174362,0.0
2023,10,20,10,56.602,260.96903072436174,58.53360910031024,0.0,0.0,0.0,202.43542162405151,0.0
2023,10,20,11,56.602,302.76976603141503,58.53360910031024,0.0,0.0,-0.0,244.2361569311048,0.0
2023,10,20,12,56.602,319.87006683884596,245.70047644360176,187.16686734329153,0.0,175.12108685881276,74.1695903952442,0.0
2023,10,20,13,56.602,311.635344380607,311.635344380607,253.1017352802968,0.0,411.93357187434367,0.0,0.0
2023,10,20,14,56.602,278.95402292916464,278.95402292916464,220.4204138288544,0.0,618.1680565536203,0.0,0.0
2023,10,20,15,56.602,221.5722669780999,221.5722669780999,163.03865787778966,0.0,770.7137895288536,0.0,0.0
2023,10,20,16,56.602,133.08819574052248,133.08819574052248,74.55458664021224,0.0,840.4701541465116,0.0,0.0
2023,10,20,17,56.602,40.24039351759547,40.24039351759547,0.0,18.293215582714765,821.8962078566396,0.0,0.0
2023,10,20,18,56.602,0.0,-0.0,0.0,58.53360910031024,762.4643323252094,0.0,0.0
2023,10,20,19,56.602,0.0,-0.0,0.0,58.53360910031024,703.0324567937791,0.0,0.0
2023,10,20,20,56.602,0.0,-0.0,0.0,58.53360910031024,643.6005812623489,0.0,0.0
2023,10,20,21,56.602,0.0,-0.0,0.0,58.53360910031024,584.1687057309186,0.0,0.0
2023,10,20,22,56.602,0.0,-0.0,0.0,58.53360910031024,524.7368301994884,0.0,0.0
2023,10,20,23,56.602,0.0,-0.0,0.0,58.53360910031024,465.3049546680581,0.0,0.0
2023,10,21,0,56.602,0.0,-0.0,0.0,58.53360910031024,405.8730791366278,0.0,0.0
2023,10,21,1,56.602,0.0,-0.0,0.0,58.53360910031024,346.4412036051975,0.0,0.0
2023,10,21,2,56.602,0.0,-0.0,0.0,58.53360910031024,287.00932807376716,0.0,0.0
2023,10,21,3,56.602,0.0,-0.0,0.0,58.53360910031024,227.57745254233686,0.0,0.0
2023,10,21,4,56.602,0.0,-0.0,0.0,58.53360910031024,168.14557701090655,0.0,0.0
2023,10,21,5,56.602,0.0,-0.0,0.0,58.53360910031024,108.71370147947624,0.0,0.0
2023,10,21,6,56.602,0.0,-0.0,0.0,58.53360910031024,49.281825948045935,0.0,0.0
2023,10,21,7,56.602,2.8145878211750475,2.8145878211750475,0.0,48.536969597516965,-0.0,0.0,6.945043976124823
2023,10,21,8,56.602,47.847992959975805,47.847992959975805,0.0,0.0,0.0,0.0,10.332990807703395
2023,10,21,9,56.602,104.25546851140305,104.25546851140305,45.721859411092815,0.0,42.77926871848878,0.0,0.0
2023,10,21,10,56.602,195.13977843467745,195.13977843467745,136.6061693343672,0.0,170.59366869760368,0.0,0.0
2023,10,21,11,56.602,188.27502113608207,188.27502113608207,129.74141203577184,0.0,291.9851169213364,0.0,0.0
2023,10,21,12,56.602,133.81237350883546,133.81237350883546,75.27876440852522,0.0,362.41905230601145,0.0,0.0
2023,10,21,13,56.602,76.88976119438148,76.88976119438148,18.35615209407124,0.0,379.5938298234631,0.0,0.0
2023,10,21,14,56.602,50.34901927322154,50.34901927322154,0.0,8.184589827088693,371.283637929337,0.0,0.0
2023,10,21,15,56.602,90.04441302703515,90.04441302703515,31.51080392672491,0.0,400.7664535033232,0.0,0.0
2023,10,21,16,56.602,15.931910902884754,15.931910902884754,0.0,42.60169819742548,357.51098261038743,0.0,0.0
2023,10,21,17,56.602,2.8444508219302205,2.8444508219302205,0.0,55.68915827838002,300.96720931291514,0.0,0.0
2023,10,21,18,56.602,0.0,-0.0,0.0,58.53360910031024,241.53533378148484,0.0,0.0
2023,10,21,19,56.602,0.0,-0.0,0.0,58.53360910031024,182.10345825005453,0.0,0.0
2023,10,21,20,56.602,0.0,-0.0,0.0,58.53360910031024,122.67158271862422,0.0,0.0
2023,10,21,21,56.602,0.0,-0.0,0.0,58.53360910031024,63.239707187193915,0.0,0.0
2023,10,21,22,56.602,0.0,-0.0,0.0,58.53360910031024,3.807831655763607,0.0,0.0
2023,10,21,23,56.602,0.0,-0.0,0.0,3.7502792510793537,0.0,0.0,52.975479964206265
2023,10,22,0,56.602,0.0,-0.0,0.0,0.0,-0.0,0.0,56.602
2023,10,22,1,56.602,0.0,-0.0,0.0,-0.0,0.0,0.0,56.602
2023,10,22,2,56.602,0.0,-0.0,0.0,0.0,-0.0,0.0,56.602
2023,10,22,3,56.602,0.0,-0.0,0.0,-0.0,0.0,0.0,56.602
2023,10,22,4,56.602,0.0,-0.0,0.0,-0.0,0.0,0.0,56.602
2023,10,22,5,56.602,0.0,-0.0,0.0,-0.0,0.0,0.0,56.602
2023,10,22,6,56.602,0.0,-0.0,0.0,-0.0,0.0,0.0,56.602
2023,10,22,7,56.602,1.1459926539797607,1.1459926539797607,0.0,-0.0,0.0,0.0,55.493825103601566
2023,10,22,8,56.602,47.14621244222925,47.14621244222925,0.0,-0.0,0.0,0.0,11.011612568364315
2023,10,22,9,56.602,102.4450240906207,58.53360910031024,0.0,0.0,-0.0,43.91141499031047,0.0
2023,10,22,10,56.602,188.96187015345103,126.80146130212897,68.26785220181873,0.0,63.87423503312584,62.16040885132206,0.0
2023,10,22,11,56.602,264.53019356441615,264.53019356441615,205.9965844641059,0.0,256.6131864971785,0.0,0.0
2023,10,22,12,56.602,267.14320613049375,267.14320613049375,208.6095970301835,0.0,451.7969809350036,0.0,0.0
2023,10,22,13,56.602,213.26288701797301,213.26288701797301,154.72927791766276,0.0,596.5681132536404,0.0,0.0
2023,10,22,14,56.602,198.34258526566975,198.34258526566975,139.80897616535952,0.0,727.3791921920364,0.0,0.0
2023,10,22,15,56.602,154.51863165745348,154.51863165745348,95.98502255714325,0.0,817.1867618274484,0.0,0.0
2023,10,22,16,56.602,83.41855973448116,83.41855973448116,24.884950634170927,0.0,840.4701541465116,0.0,0.0
2023,10,22,17,56.602,25.34248901585862,25.34248901585862,0.0,33.19112008445162,806.7696776522743,0.0,0.0
2023,10,22,18,56.602,0.0,-0.0,0.0,58.53360910031024,747.3378021208439,0.0,0.0
2023,10,22,19,56.602,0.0,-0.0,0.0,58.53360910031024,687.9059265894136,0.0,0.0
2023,10,22,20,56.602,0.0,-0.0,0.0,58.53360910031024,628.4740510579834,0.0,0.0
2023,10,22,21,56.602,0.0,-0.0,0.0,58.53360910031024,569.0421755265531,0.0,0.0
2023,10,22,22,56.602,0.0,-0.0,0.0,58.53360910031024,509.61029999512283,0.0,0.0
2023,10,22,23,56.602,0.0,-0.0,0.0,58.53360910031024,450.1784244636925,0.0,0.0
2023,10,23,0,56.602,0.0,-0.0,0.0,58.53360910031024,390.7465489322622,0.0,0.0
2023,10,23,1,56.602,0.0,-0.0,0.0,58.53360910031024,331.3146734008319,0.0,0.0
2023,10,23,2,56.602,0.0,-0.0,0.0,58.53360910031024,271.8827978694016,0.0,0.0
2023,10,23,3,56.602,0.0,-0.0,0.0,58.53360910031024,212.4509223379713,0.0,0.0
2023,10,23,4,56.602,0.0,-0.0,0.0,58.53360910031024,153.01904680654098,0.0,0.0
2023,10,23,5,56.602,0.0,-0.0,0.0,58.53360910031024,93.58717127511068,0.0,0.0
2023,10,23,6,56.602,0.0,-0.0,0.0,58.53360910031024,34.15529574368037,0.0,0.0
2023,10,23,7,56.602,1.2841090324724356,1.2841090324724356,0.0,33.63906509578011,0.0,0.0,22.83129061797979
2023,10,23,8,56.602,61.80894581301916,58.53360910031024,0.0,0.0,0.0,3.2753367127089206,0.0
2023,10,23,9,56.602,148.0831549947137,58.53360910031024,0.0,0.0,0.0,89.54954589440348,0.0
2023,10,23,10,56.602,259.09512742697467,58.53360910031024,0.0,0.0,0.0,200.56151832666444,0.0
2023,10,23,11,56.602,294.5201120727985,58.53360910031024,0.0,0.0,-0.0,235.98650297248827,0.0
2023,10,23,12,56.602,308.764763433016,284.48504867438254,225.95143957407228,0.0,211.40954185523546,24.279714758633475,0.0
2023,10,23,13,56.602,299.4064455713637,299.4064455713637,240.87283647105346,0.0,436.7801617535112,0.0,0.0
2023,10,23,14,56.602,267.079747253889,267.079747253889,208.5461381535788,0.0,631.9045814334019,0.0,0.0
2023,10,23,15,56.602,210.48936082283635,210.48936082283635,151.95575172252612,0.0,774.0806875670202,0.0,0.0
2023,10,23,16,56.602,129.48970414952416,129.48970414952416,70.95609504921393,0.0,840.4701541465116,0.0,0.0
2023,10,23,17,56.602,37.410874196042876,37.410874196042876,0.0,21.12273490426736,819.0232662643297,0.0,0.0
2023,10,23,18,56.602,0.0,-0.0,0.0,58.53360910031024,759.5913907328993,0.0,0.0
2023,10,23,19,56.602,0.0,-0.0,0.0,58.53360910031024,700.159515201469,0.0,0.0
2023,10,23,20,56.602,0.0,-0.0,0.0,58.53360910031024,640.7276396700388,0.0,0.0
2023,10,23,21,56.602,0.0,-0.0,0.0,58.53360910031024,581.2957641386085,0.0,0.0
2023,10,23,22,56.602,0.0,-0.0,0.0,58.53360910031024,521.8638886071783,0.0,0.0
2023,10,23,23,56.602,0.0,-0.0,0.0,58.53360910031024,462.432013075748,0.0,0.0
2023,10,24,0,56.602,0.0,-0.0,0.0,58.53360910031024,403.0001375443177,0.0,0.0
2023,10,24,1,56.602,0.0,-0.0,0.0,58.53360910031024,343.5682620128874,0.0,0.0
2023,10,24,2,56.602,0.0,-0.0,0.0,58.53360910031024,284.13638648145707,0.0,0.0
2023,10,24,3,56.602,0.0,-0.0,0.0,58.53360910031024,224.70451095002676,0.0,0.0
2023,10,24,4,56.602,0.0,-0.0,0.0,58.53360910031024,165.27263541859645,0.0,0.0
2023,10,24,5,56.602,0.0,-0.0,0.0,58.53360910031024,105.84075988716614,0.0,0.0
2023,10,24,6,56.602,0.0,-0.0,0.0,58.53360910031024,46.408884355735836,0.0,0.0
2023,10,24,7,56.602,1.735786918894426,1.735786918894426,0.0,45.70745027596437,0.0,0.0,10.724389632571544
2023,10,24,8,56.602,82.5973272137139,58.53360910031024,0.0,0.0,0.0,24.06371811340366,0.0
2023,10,24,9,56.602,168.04657099954682,58.53360910031024,0.0,0.0,0.0,109.51296189923659,0.0
2023,10,24,10,56.602,242.7040728874791,58.53360910031024,0.0,0.0,-0.0,184.17046378716887,0.0
2023,10,24,11,56.602,286.4421703685243,86.52907716360689,27.995468063296645,0.0,26.19372148476262,199.9130932049174,0.0
2023,10,24,12,56.602,308.6341128047121,308.6341128047121,250.1005037044019,0.0,260.19812971327485,0.0,0.0
2023,10,24,13,56.602,303.75897793143014,303.75897793143014,245.22536883111988,0.0,489.64115947929156,0.0,0.0
2023,10,24,14,56.602,263.9105362987463,263.9105362987463,205.37692719843605,0.0,681.8003338952782,0.0,0.0
2023,10,24,15,56.602,191.11200620782353,191.11200620782353,132.57839710751327,0.0,805.8461830619639,0.0,0.0
2023,10,24,16,56.602,95.53920516598697,95.53920516598697,37.005596065676734,0.0,840.4701541465116,0.0,0.0
2023,10,24,17,56.602,26.36902966681769,26.36902966681769,0.0,32.16457943349255,807.8119717655793,0.0,0.0
2023,10,24,18,56.602,0.0,-0.0,0.0,58.53360910031024,748.380096234149,0.0,0.0
2023,10,24,19,56.602,0.0,-0.0,0.0,58.53360910031024,688.9482207027188,0.0,0.0
2023,10,24,20,56.602,0.0,-0.0,0.0,58.53360910031024,629.5163451712885,0.0,0.0
2023,10,24,21,56.602,0.0,-0.0,0.0,58.53360910031024,570.0844696398583,0.0,0.0
2023,10,24,22,56.602,0.0,-0.0,0.0,58.53360910031024,510.652594108428,0.0,0.0
2023,10,24,23,56.602,0.0,-0.0,0.0,58.53360910031024,451.2207185769977,0.0,0.0
2023,10,25,0,56.602,0.0,-0.0,0.0,58.53360910031024,391.7888430455674,0.0,0.0
2023,10,25,1,56.602,0.0,-0.0,0.0,58.53360910031024,332.35696751413707,0.0,0.0
2023,10,25,2,56.602,0.0,-0.0,0.0,58.53360910031024,272.92509198270676,0.0,0.0
2023,10,25,3,56.602,0.0,-0.0,0.0,58.53360910031024,213.49321645127645,0.0,0.0
2023,10,25,4,56.602,0.0,-0.0,0.0,58.53360910031024,154.06134091984615,0.0,0.0
2023,10,25,5,56.602,0.0,-0.0,0.0,58.53360910031024,94.62946538841584,0.0,0.0
2023,10,25,6,56.602,0.0,-0.0,0.0,58.53360910031024,35.19758985698553,0.0,0.0
2023,10,25,7,56.602,0.3508902588732818,0.3508902588732818,0.0,0.0,35.19758985698553,0.0,56.26268911966953
2023,10,25,8,56.602,22.150880810149513,22.150880810149513,0.0,34.66560574673918,0.0,0.0,1.6604574994886316
2023,10,25,9,56.602,69.26723025162359,69.26723025162359,10.733621151313352,0.0,10.042821299675438,0.0,0.0
2023,10,25,10,56.602,103.78139337441469,103.78139337441469,45.247784274104454,0.0,52.378525650065505,0.0,0.0
2023,10,25,11,56.602,143.55144463011624,143.55144463011624,85.017835529806,0.0,131.92474006127256,0.0,0.0
2023,10,25,12,56.602,111.44125306811655,111.44125306811655,52.907643967806315,0.0,181.42732695763564,0.0,0.0
2023,10,25,13,56.602,81.88808094577855,81.88808094577855,23.354471845468318,0.0,203.2787398206321,0.0,0.0
2023,10,25,14,56.602,120.52333817278351,120.52333817278351,61.989729072473274,0.0,261.2789023672643,0.0,0.0
2023,10,25,15,56.602,138.0641182413532,138.0641182413532,79.53050914104297,0.0,335.6909465335492,0.0,0.0
2023,10,25,16,56.602,70.85743504183654,70.85743504183654,12.323825941526303,0.0,347.22162941440615,0.0,0.0
2023,10,25,17,56.602,12.92321357680108,12.92321357680108,0.0,45.610395523509155,300.9112892293836,0.0,0.0
2023,10,25,18,56.602,0.0,-0.0,0.0,58.53360910031024,241.4794136979533,0.0,0.0
2023,10,25,19,56.602,0.0,-0.0,0.0,58.53360910031024,182.047538166523,0.0,0.0
2023,10,25,20,56.602,0.0,-0.0,0.0,58.53360910031024,122.61566263509269,0.0,0.0
2023,10,25,21,56.602,0.0,-0.0,0.0,58.53360910031024,63.18378710366238,0.0,0.0
2023,10,25,22,56.602,0.0,-0.0,0.0,58.53360910031024,3.751911572232075,0.0,0.0
2023,10,25,23,56.602,0.0,-0.0,0.0,0.0,3.751911572232075,0.0,56.602
2023,10,26,0,56.602,0.0,-0.0,0.0,3.69520435598267,0.0,0.0,53.02873738776476
2023,10,26,1,56.602,0.0,-0.0,0.0,-0.0,0.0,0.0,56.602
2023,10,26,2,56.602,0.0,-0.0,0.0,-0.0,0.0,0.0,56.602
2023,10,26,3,56.602,0.0,-0.0,0.0,0.0,-0.0,0.0,56.602
2023,10,26,4,56.602,0.0,-0.0,0.0,-0.0,0.0,0.0,56.602
2023,10,26,5,56.602,0.0,-0.0,0.0,0.0,-0.0,0.0,56.602
2023,10,26,6,56.602,0.0,-0.0,0.0,0.0,-0.0,0.0,56.602
2023,10,26,7,56.602,0.06345887660474246,0.06345887660474246,0.0,-0.0,0.0,0.0,56.540635266323214
2023,10,26,8,56.602,26.59673504757588,26.59673504757588,0.0,-0.0,0.0,0.0,30.88295720899412
2023,10,26,9,56.602,59.27432362392385,58.53360910031024,0.0,0.0,-0.0,0.7407145236136117,0.0
2023,10,26,10,56.602,155.29880255218234,80.96175514293844,22.428146042628196,0.0,20.98470400751731,74.3370474092439,0.0
2023,10,26,11,56.602,247.3552352550973,247.3552352550973,188.82162615478708,0.0,197.65405186824552,0.0,0.0
2023,10,26,12,56.602,268.867794424105,268.867794424105,210.33418532379477,0.0,394.4514426687605,0.0,0.0
2023,10,26,13,56.602,269.58823931732354,269.58823931732354,211.0546302170133,0.0,591.9229116034727,0.0,0.0
2023,10,26,14,56.602,212.46405174777212,212.46405174777212,153.93044264746186,0.0,735.9466204986991,0.0,0.0
2023,10,26,15,56.602,150.13623629663186,150.13623629663186,91.60262719632162,0.0,821.6538392038127,0.0,0.0
2023,10,26,16,56.602,78.64421248874788,78.64421248874788,20.110603388437646,0.0,840.4701541465116,0.0,0.0
2023,10,26,17,56.602,26.25704341398579,26.25704341398579,0.0,32.276565686324446,807.6982669532188,0.0,0.0
2023,10,26,18,56.602,0.0,-0.0,0.0,58.53360910031024,748.2663914217885,0.0,0.0
2023,10,26,19,56.602,0.0,-0.0,0.0,58.53360910031024,688.8345158903583,0.0,0.0
2023,10,26,20,56.602,0.0,-0.0,0.0,58.53360910031024,629.402640358928,0.0,0.0
2023,10,26,21,56.602,0.0,-0.0,0.0,58.53360910031024,569.9707648274978,0.0,0.0
2023,10,26,22,56.602,0.0,-0.0,0.0,58.53360910031024,510.53888929606745,0.0,0.0
2023,10,26,23,56.602,0.0,-0.0,0.0,58.53360910031024,451.10701376463714,0.0,0.0
2023,10,27,0,56.602,0.0,-0.0,0.0,58.53360910031024,391.67513823320684,0.0,0.0
2023,10,27,1,56.602,0.0,-0.0,0.0,58.53360910031024,332.24326270177653,0.0,0.0
2023,10,27,2,56.602,0.0,-0.0,0.0,58.53360910031024,272.8113871703462,0.0,0.0
2023,10,27,3,56.602,0.0,-0.0,0.0,58.53360910031024,213.37951163891591,0.0,0.0
2023,10,27,4,56.602,0.0,-0.0,0.0,58.53360910031024,153.9476361074856,0.0,0.0
2023,10,27,5,56.602,0.0,-0.0,0.0,58.53360910031024,94.5157605760553,0.0,0.0
2023,10,27,6,56.602,0.0,-0.0,0.0,58.53360910031024,35.08388504462499,0.0,0.0
2023,10,27,7,56.602,0.0,-0.0,0.0,34.55361949390728,0.0,0.0,23.18864994939166
2023,10,27,8,56.602,11.504721040930368,11.504721040930368,0.0,-0.0,-0.0,0.0,45.47693475342033
2023,10,27,9,56.602,33.20392396465789,33.20392396465789,0.0,0.0,0.0,0.0,24.49380552617582
2023,10,27,10,56.602,69.22990150067963,69.22990150067963,10.696292400369396,0.0,10.007894971478699,0.0,0.0
2023,10,27,11,56.602,116.15960718743388,116.15960718743388,57.62599808712364,0.0,63.92516975191093,0.0,0.0
2023,10,27,12,56.602,202.03066585893362,202.03066585893362,143.4970567586234,0.0,198.1869699161458,0.0,0.0
2023,10,27,13,56.602,135.44737280018117,135.44737280018117,76.91376369987093,0.0,270.1506784758385,0.0,0.0
2023,10,27,14,56.602,129.42997814801382,129.42997814801382,70.89636904770359,0.0,336.4842629302152,0.0,0.0
2023,10,27,15,56.602,87.15143482887778,87.15143482887778,28.61782572856755,0.0,363.26028806895334,0.0,0.0
2023,10,27,16,56.602,62.58538383265365,62.58538383265365,4.051774732343412,0.0,367.0512966214106,0.0,0.0
2023,10,27,17,56.602,11.706296296027784,11.706296296027784,0.0,46.82731280428245,319.50536414207005,0.0,0.0
2023,10,27,18,56.602,0.0,-0.0,0.0,58.53360910031024,260.07348861063974,0.0,0.0
2023,10,27,19,56.602,0.0,-0.0,0.0,58.53360910031024,200.64161307920943,0.0,0.0
2023,10,27,20,56.602,0.0,-0.0,0.0,58.53360910031024,141.20973754777913,0.0,0.0
2023,10,27,21,56.602,0.0,-0.0,0.0,58.53360910031024,81.77786201634882,0.0,0.0
2023,10,27,22,56.602,0.0,-0.0,0.0,22.008244333082022,59.43187553143031,0.0,35.32002772990968
2023,10,27,23,56.602,0.0,-0.0,0.0,58.53360910031024,0.0,0.0,0.0
2023,10,28,0,56.602,0.0,-0.0,0.0,-0.0,0.0,0.0,56.602
2023,10,28,1,56.602,0.0,-0.0,0.0,0.0,-0.0,0.0,56.602
2023,10,28,2,56.602,0.0,-0.0,0.0,-0.0,0.0,0.0,56.602
2023,10,28,3,56.602,0.0,-0.0,0.0,0.0,-0.0,0.0,56.602
2023,10,28,4,56.602,0.0,-0.0,0.0,-0.0,0.0,0.0,56.602
2023,10,28,5,56.602,0.0,-0.0,0.0,-0.0,0.0,0.0,56.602
2023,10,28,6,56.602,0.0,-0.0,0.0,-0.0,0.0,0.0,56.602
2023,10,28,7,56.602,0.145582128681468,0.145582128681468,0.0,-0.0,0.0,0.0,56.46122208156502
2023,10,28,8,56.602,24.999064507174133,24.999064507174133,0.0,-0.0,0.0,0.0,32.42790462156261
2023,10,28,9,56.602,60.69654903488896,58.53360910031024,0.0,0.0,-0.0,2.1629399345787235,0.0
2023,10,28,10,56.602,112.13930071076872,102.81412139528065,44.28051229497043,0.0,41.43068455346554,9.325179315488072,0.0
2023,10,28,11,56.602,165.3253050557317,165.3253050557317,106.79169595542146,0.0,141.3494262018366,0.0,0.0
2023,10,28,12,56.602,207.96593725902423,207.96593725902423,149.43232815871397,0.0,281.16451254935464,0.0,0.0
2023,10,28,13,56.602,263.5708446651562,263.5708446651562,205.03723556484593,0.0,473.0058573787508,0.0,0.0
2023,10,28,14,56.602,251.1851651019482,251.1851651019482,192.65155600163797,0.0,653.2586465124655,0.0,0.0
2023,10,28,15,56.602,172.32071298263094,172.32071298263094,113.7871038823207,0.0,759.7225820649073,0.0,0.0
2023,10,28,16,56.602,110.12354815979454,110.12354815979454,51.58993905948431,0.0,807.9922695759251,0.0,0.0
2023,10,28,17,56.602,26.96255680682675,26.96255680682675,0.0,31.571052293483486,775.9367227005037,0.0,0.0
2023,10,28,18,56.602,0.0,0.0,0.0,58.53360910031024,716.5048471690734,0.0,0.0
2023,10,28,19,56.602,0.0,0.0,0.0,58.53360910031024,657.0729716376431,0.0,0.0
2023,10,28,20,56.602,0.0,0.0,0.0,58.53360910031024,597.6410961062129,0.0,0.0
2023,10,28,21,56.602,0.0,0.0,0.0,58.53360910031024,538.2092205747826,0.0,0.0
2023,10,28,22,56.602,0.0,0.0,0.0,58.53360910031024,478.7773450433524,0.0,0.0
2023,10,28,23,56.602,0.0,0.0,0.0,58.53360910031024,419.3454695119221,0.0,0.0
2023,10,29,0,56.602,0.0,0.0,0.0,58.53360910031024,359.9135939804918,0.0,0.0
2023,10,29,1,56.602,0.0,0.0,0.0,58.53360910031024,300.4817184490615,0.0,0.0
2023,10,29,2,56.602,0.0,0.0,0.0,58.53360910031024,241.04984291763117,0.0,0.0
2023,10,29,3,56.602,0.0,0.0,0.0,58.53360910031024,181.61796738620086,0.0,0.0
2023,10,29,4,56.602,0.0,0.0,0.0,58.53360910031024,122.18609185477054,0.0,0.0
2023,10,29,5,56.602,0.0,0.0,0.0,58.53360910031024,62.75421632334023,0.0,0.0
2023,10,29,6,56.602,0.36955463434526487,0.36955463434526487,0.0,58.16405446596497,3.697566672699744,0.0,0.0
2023,10,29,7,56.602,54.89192826310222,54.89192826310222,0.0,3.6416808372080136,0.0,0.0,0.0
2023,10,29,8,56.602,125.3424799196495,58.53360910031024,0.0,0.0,0.0,66.80887081933926,0.0
2023,10,29,9,56.602,216.98829636218082,58.53360910031024,0.0,0.0,0.0,158.4546872618706,0.0
2023,10,29,10,56.602,293.63542067542653,58.53360910031024,0.0,0.0,0.0,235.1018115751163,0.0
2023,10,29,11,56.602,314.1699665697023,290.24860782013087,231.7149987198206,0.0,216.80216692881356,23.921358749571425,0.0
2023,10,29,12,56.602,302.01572526234696,302.01572526234696,243.48211616203673,0.0,444.61413716804213,0.0,0.0
2023,10,29,13,56.602,264.54512506479375,264.54512506479375,206.01151596448352,0.0,637.3670591633735,0.0,0.0
2023,10,29,14,56.602,209.26497779187423,209.26497779187423,150.731368691564,0.0,778.3975817321384,0.0,0.0
2023,10,29,15,56.602,124.87587053284996,124.87587053284996,66.34226143253971,0.0,840.4701541465116,0.0,0.0
2023,10,29,16,56.602,32.04299981030054,32.04299981030054,0.0,26.490609290009694,813.5730155918473,0.0,0.0
2023,10,29,17,56.602,0.0,-0.0,0.0,58.53360910031024,754.141140060417,0.0,0.0
2023,10,29,18,56.602,0.0,-0.0,0.0,58.53360910031024,694.7092645289868,0.0,0.0
2023,10,29,19,56.602,0.0,-0.0,0.0,58.53360910031024,635.2773889975565,0.0,0.0
2023,10,29,20,56.602,0.0,-0.0,0.0,58.53360910031024,575.8455134661262,0.0,0.0
2023,10,29,21,56.602,0.0,-0.0,0.0,58.53360910031024,516.413637934696,0.0,0.0
2023,10,29,22,56.602,0.0,-0.0,0.0,58.53360910031024,456.9817624032657,0.0,0.0
2023,10,29,23,56.602,0.0,-0.0,0.0,58.53360910031024,397.5498868718354,0.0,0.0
2023,10,30,0,56.602,0.0,-0.0,0.0,58.53360910031024,338.1180113404051,0.0,0.0
2023,10,30,1,56.602,0.0,-0.0,0.0,58.53360910031024,278.68613580897477,0.0,0.0
2023,10,30,2,56.602,0.0,-0.0,0.0,58.53360910031024,219.25426027754446,0.0,0.0
2023,10,30,3,56.602,0.0,-0.0,0.0,58.53360910031024,159.82238474611415,0.0,0.0
2023,10,30,4,56.602,0.0,-0.0,0.0,58.53360910031024,100.39050921468385,0.0,0.0
2023,10,30,5,56.602,0.0,-0.0,0.0,58.53360910031024,40.95863368325354,0.0,0.0
2023,10,30,6,56.602,0.2799656320797461,0.2799656320797461,0.0,40.33957589022203,0.0,0.0,17.32290334793418
2023,10,30,7,56.602,98.43964911433314,58.53360910031024,0.0,0.0,0.0,39.9060400140229,0.0
2023,10,30,8,56.602,188.6072470194834,58.53360910031024,0.0,0.0,0.0,130.07363791917317,0.0
2023,10,30,9,56.602,254.6567389397371,58.53360910031024,0.0,0.0,0.0,196.12312983942687,0.0
2023,10,30,10,56.602,287.8755944047726,58.53360910031024,0.0,0.0,-0.0,229.34198530446236,0.0
2023,10,30,11,56.602,309.1231194420781,287.7401157566964,229.20650665638615,0.0,214.45511767399205,21.38300368538171,0.0
2023,10,30,12,56.602,302.0493211381965,302.0493211381965,243.51571203788623,0.0,442.29852160859764,0.0,0.0
2023,10,30,13,56.602,268.22200703277434,268.22200703277434,209.6883979324641,0.0,638.4916869313088,0.0,0.0
2023,10,30,14,56.602,209.30603941791261,209.30603941791261,150.77243031760239,0.0,779.5606284610901,0.0,0.0
2023,10,30,15,56.602,123.63282312641589,123.63282312641589,65.09921402610564,0.0,840.4701541465116,0.0,0.0
2023,10,30,16,56.602,30.687966151034534,30.687966151034534,0.0,27.845642949275703,812.1971873622846,0.0,0.0
2023,10,30,17,56.602,0.0,-0.0,0.0,58.53360910031024,752.7653118308542,0.0,0.0
2023,10,30,18,56.602,0.0,-0.0,0.0,58.53360910031024,693.333436299424,0.0,0.0
2023,10,30,19,56.602,0.0,-0.0,0.0,58.53360910031024,633.9015607679937,0.0,0.0
2023,10,30,20,56.602,0.0,-0.0,0.0,58.53360910031024,574.4696852365635,0.0,0.0
2023,10,30,21,56.602,0.0,-0.0,0.0,58.53360910031024,515.0378097051332,0.0,0.0
2023,10,30,22,56.602,0.0,-0.0,0.0,58.53360910031024,455.6059341737029,0.0,0.0
2023,10,30,23,56.602,0.0,-0.0,0.0,58.53360910031024,396.1740586422726,0.0,0.0
2023,10,31,0,56.602,0.0,-0.0,0.0,58.53360910031024,336.7421831108423,0.0,0.0
2023,10,31,1,56.602,0.0,-0.0,0.0,58.53360910031024,277.310307579412,0.0,0.0
2023,10,31,2,56.602,0.0,-0.0,0.0,58.53360910031024,217.87843204798168,0.0,0.0
2023,10,31,3,56.602,0.0,-0.0,0.0,58.53360910031024,158.44655651655137,0.0,0.0
2023,10,31,4,56.602,0.0,-0.0,0.0,58.53360910031024,99.01468098512106,0.0,0.0
2023,10,31,5,56.602,0.0,-0.0,0.0,58.53360910031024,39.58280545369075,0.0,0.0
2023,10,31,6,56.602,0.29489713245733257,0.29489713245733257,0.0,0.0,39.58280545369075,0.0,56.316834472913754
2023,10,31,7,56.602,18.992868480289978,18.992868480289978,0.0,38.984542230956016,-0.0,0.0,0.5378438422251222
2023,10,31,8,56.602,31.789164303881574,31.789164303881574,0.0,0.0,0.0,0.0,25.861878118146517
2023,10,31,9,56.602,57.042064317474676,57.042064317474676,0.0,-0.0,0.0,0.0,1.4423238050019869
2023,10,31,10,56.602,66.13908092251923,66.13908092251923,7.60547182220899,0.0,7.115994996787827,0.0,0.0
2023,10,31,11,56.602,87.68523596737649,87.68523596737649,29.15162686706625,0.0,34.39146662873949,0.0,0.0
2023,10,31,12,56.602,104.81539977556255,104.81539977556255,46.28179067525232,0.0,77.69463027017952,0.0,0.0
2023,10,31,13,56.602,122.30391959281069,122.30391959281069,63.77031049250045,0.0,137.3607786717967,0.0,0.0
2023,10,31,14,56.602,124.21515164114176,124.21515164114176,65.68154254083151,0.0,198.81515507708747,0.0,0.0
2023,10,31,15,56.602,37.560189199818744,37.560189199818744,0.0,20.973419900491493,177.5198736113863,0.0,0.0
2023,10,31,16,56.602,4.501847363842318,4.501847363842318,0.0,54.03176173646792,122.65893153685019,0.0,0.0
2023,10,31,17,56.602,0.0,-0.0,0.0,58.53360910031024,63.22705600541988,0.0,0.0
2023,10,31,18,56.602,0.0,-0.0,0.0,3.73781928204764,59.43187553143031,0.0,52.98752875425993
2023,10,31,19,56.602,0.0,-0.0,0.0,58.53360910031024,0.0,0.0,0.0
2023,10,31,20,56.602,0.0,-0.0,0.0,-0.0,0.0,0.0,56.602
2023,10,31,21,56.602,0.0,-0.0,0.0,0.0,-0.0,0.0,56.602
2023,10,31,22,56.602,0.0,-0.0,0.0,0.0,-0.0,0.0,56.602
2023,10,31,23,56.602,0.0,-0.0,0.0,-0.0,0.0,0.0,56.602
2023,11,1,0,56.602,0.0,-0.0,0.0,-0.0,0.0,0.0,56.602
2023,11,1,1,56.602,0.0,-0.0,0.0,0.0,-0.0,0.0,56.602
2023,11,1,2,56.602,0.0,-0.0,0.0,-0.0,0.0,0.0,56.602
2023,11,1,3,56.602,0.0,-0.0,0.0,-0.0,0.0,0.0,56.602
2023,11,1,4,56.602,0.0,-0.0,0.0,-0.0,0.0,0.0,56.602
2023,11,1,5,56.602,0.0,-0.0,0.0,-0.0,0.0,0.0,56.602
2023,11,1,6,56.602,0.0,-0.0,0.0,-0.0,0.0,0.0,56.602
2023,11,1,7,56.602,27.38063881739917,27.38063881739917,0.0,-0.0,0.0,0.0,30.124922263575
2023,11,1,8,56.602,83.76944999335444,83.76944999335444,25.235840893044205,0.0,23.61169980411264,0.0,0.0
2023,11,1,9,56.602,133.67052425524835,133.67052425524835,75.13691515493812,0.0,93.91291514164004,0.0,0.0
2023,11,1,10,56.602,151.71524246156164,151.71524246156164,93.18163336125141,0.0,181.09751752947625,0.0,0.0
2023,11,1,11,56.602,219.08990504032613,219.08990504032613,160.5562959400159,0.0,331.3206496796257,0.0,0.0
2023,11,1,12,56.602,98.52923811659862,98.52923811659862,39.99562901628838,0.0,368.74221965273307,0.0,0.0
2023,11,1,13,56.602,48.008506589034866,48.008506589034866,0.0,10.525102511275369,358.0555971802714,0.0,0.0
2023,11,1,14,56.602,14.099069231536014,14.099069231536014,0.0,44.43453986877422,312.93915752503455,0.0,0.0
2023,11,1,15,56.602,3.4155807113729026,3.4155807113729026,0.0,55.11802838893734,256.975278770601,0.0,0.0
2023,11,1,16,56.602,0.0,-0.0,0.0,58.53360910031024,197.5434032391707,0.0,0.0
2023,11,1,17,56.602,0.0,-0.0,0.0,58.53360910031024,138.11152770774038,0.0,0.0
2023,11,1,18,56.602,0.0,-0.0,0.0,58.53360910031024,78.67965217631007,0.0,0.0
2023,11,1,19,56.602,0.0,-0.0,0.0,58.53360910031024,19.247776644879764,0.0,0.0
2023,11,1,20,56.602,0.0,-0.0,0.0,18.956861517615273,0.0,0.0,38.270714912466026
2023,11,1,21,56.602,0.0,-0.0,0.0,-0.0,0.0,0.0,56.602
2023,11,1,22,56.602,0.0,-0.0,0.0,-0.0,0.0,0.0,56.602
2023,11,1,23,56.602,0.0,-0.0,0.0,-0.0,0.0,0.0,56.602
2023,11,2,0,56.602,0.0,-0.0,0.0,0.0,-0.0,0.0,56.602
2023,11,2,1,56.602,0.0,-0.0,0.0,-0.0,0.0,0.0,56.602
2023,11,2,2,56.602,0.0,-0.0,0.0,0.0,-0.0,0.0,56.602
2023,11,2,3,56.602,0.0,-0.0,0.0,-0.0,0.0,0.0,56.602
2023,11,2,4,56.602,0.0,-0.0,0.0,-0.0,0.0,0.0,56.602
2023,11,2,5,56.602,0.0,-0.0,0.0,-0.0,0.0,0.0,56.602
2023,11,2,6,56.602,0.0,-0.0,0.0,-0.0,0.0,0.0,56.602
2023,11,2,7,56.602,33.371903343905736,33.371903343905736,0.0,-0.0,0.0,0.0,24.331369466443153
2023,11,2,8,56.602,109.50389089412471,101.03342452550909,42.49981542519886,0.0,39.7645906789096,8.470466368615618,0.0
2023,11,2,9,56.602,209.68305980244665,209.68305980244665,151.14945070213642,0.0,181.18628812347814,0.0,0.0
2023,11,2,10,56.602,268.9051231750489,268.9051231750489,210.37151407473868,0.0,378.0186052521898,0.0,0.0
2023,11,2,11,56.602,278.28957116236205,278.28957116236205,219.75596206205182,0.0,583.6314012895643,0.0,0.0
2023,11,2,12,56.602,250.43859008306887,250.43859008306887,191.90498098275862,0.0,763.185663859344,0.0,0.0
2023,11,2,13,56.602,136.97411871378938,136.97411871378938,78.44050961347915,0.0,836.5778592422838,0.0,0.0
2023,11,2,14,56.602,62.693637210391145,62.693637210391145,4.1600281100809084,0.0,840.4701541465116,0.0,0.0
2023,11,2,15,56.602,24.681770124150418,24.681770124150418,0.0,33.85183897615982,806.098819259347,0.0,0.0
2023,11,2,16,56.602,2.030684051351759,2.030684051351759,0.0,56.502925048958474,748.7287909920547,0.0,0.0
2023,11,2,17,56.602,0.0,-0.0,0.0,58.53360910031024,689.2969154606244,0.0,0.0
2023,11,2,18,56.602,0.0,-0.0,0.0,58.53360910031024,629.8650399291942,0.0,0.0
2023,11,2,19,56.602,0.0,-0.0,0.0,58.53360910031024,570.4331643977639,0.0,0.0
2023,11,2,20,56.602,0.0,-0.0,0.0,58.53360910031024,511.0012888663336,0.0,0.0
2023,11,2,21,56.602,0.0,-0.0,0.0,58.53360910031024,451.5694133349033,0.0,0.0
2023,11,2,22,56.602,0.0,-0.0,0.0,58.53360910031024,392.137537803473,0.0,0.0
2023,11,2,23,56.602,0.0,-0.0,0.0,58.53360910031024,332.7056622720427,0.0,0.0
2023,11,3,0,56.602,0.0,-0.0,0.0,58.53360910031024,273.27378674061237,0.0,0.0
2023,11,3,1,56.602,0.0,-0.0,0.0,58.53360910031024,213.84191120918206,0.0,0.0
2023,11,3,2,56.602,0.0,-0.0,0.0,58.53360910031024,154.41003567775175,0.0,0.0
2023,11,3,3,56.602,0.0,-0.0,0.0,58.53360910031024,94.97816014632144,0.0,0.0
2023,11,3,4,56.602,0.0,-0.0,0.0,35.00903025542362,59.43187553143031,0.0,22.74826774300536
2023,11,3,5,56.602,0.0,-0.0,0.0,58.53360910031024,0.0,0.0,0.0
2023,11,3,6,56.602,0.0,-0.0,0.0,-0.0,-0.0,0.0,56.602
2023,11,3,7,56.602,10.437118763932935,10.437118763932935,0.0,0.0,-0.0,0.0,46.509306155276846
2023,11,3,8,56.602,26.637796673614208,26.637796673614208,0.0,0.0,0.0,0.0,30.84325061661506
2023,11,3,9,56.602,76.45674768343147,76.45674768343147,17.923138583121236,0.0,16.769632110369404,0.0,0.0
2023,11,3,10,56.602,147.7583948615012,147.7583948615012,89.22478576119094,0.0,100.25204370935009,0.0,0.0
2023,11,3,11,56.602,89.04773537683126,89.04773537683126,30.51412627652102,0.0,128.80232632048313,0.0,0.0
2023,11,3,12,56.602,140.1470625440265,140.1470625440265,81.61345344371628,0.0,205.1632596001466,0.0,0.0
2023,11,3,13,56.602,161.06609457302514,161.06609457302514,102.53248547271491,0.0,301.09690720126855,0.0,0.0
2023,11,3,14,56.602,84.66534001600964,84.66534001600964,26.131730915699404,0.0,325.5468388821032,0.0,0.0
2023,11,3,15,56.602,91.55622744026577,91.55622744026577,33.022618339955535,0.0,356.4441707480578,0.0,0.0
2023,11,3,16,56.602,15.454102890801986,15.454102890801986,0.0,43.079506209508246,312.70355932238357,0.0,0.0
2023,11,3,17,56.602,0.0,-0.0,0.0,58.53360910031024,253.27168379095326,0.0,0.0
2023,11,3,18,56.602,0.0,-0.0,0.0,58.53360910031024,193.83980825952295,0.0,0.0
2023,11,3,19,56.602,0.0,-0.0,0.0,58.53360910031024,134.40793272809265,0.0,0.0
2023,11,3,20,56.602,0.0,-0.0,0.0,58.53360910031024,74.97605719666234,0.0,0.0
2023,11,3,21,56.602,0.0,-0.0,0.0,58.53360910031024,15.544181665232031,0.0,0.0
2023,11,3,22,56.602,0.0,-0.0,0.0,15.309243486615644,0.0,0.0,41.79796154844267
2023,11,3,23,56.602,0.0,-0.0,0.0,-0.0,0.0,0.0,56.602
2023,11,4,0,56.602,0.0,-0.0,0.0,-0.0,0.0,0.0,56.602
2023,11,4,1,56.602,0.0,-0.0,0.0,-0.0,0.0,0.0,56.602
2023,11,4,2,56.602,0.0,-0.0,0.0,-0.0,0.0,0.0,56.602
2023,11,4,3,56.602,0.0,-0.0,0.0,-0.0,0.0,0.0,56.602
2023,11,4,4,56.602,0.0,-0.0,0.0,0.0,-0.0,0.0,56.602
2023,11,4,5,56.602,0.0,-0.0,0.0,-0.0,0.0,0.0,56.602
2023,11,4,6,56.602,0.0,-0.0,0.0,-0.0,0.0,0.0,56.602
2023,11,4,7,56.602,49.329944372451266,49.329944372451266,0.0,-0.0,0.0,0.0,8.899943791839624
2023,11,4,8,56.602,120.39268754447961,58.53360910031024,0.0,0.0,-0.0,61.85907844416938,0.0
2023,11,4,9,56.602,195.154709935055,81.80911778936654,23.27550868905629,0.0,21.77753165758358,113.34559214568846,0.0
2023,11,4,10,56.602,249.21420705210681,249.21420705210681,190.68059795179659,0.0,200.1862106625099,0.0,0.0
2023,11,4,11,56.602,323.77092131249043,323.77092131249043,265.23731221218014,0.0,448.35324497480406,0.0,0.0
2023,11,4,12,56.602,257.38173775864664,257.38173775864664,198.8481286583364,0.0,634.4038045891792,0.0,0.0
2023,11,4,13,56.602,208.8468957813018,208.8468957813018,150.31328668099155,0.0,775.0431522821406,0.0,0.0
2023,11,4,14,56.602,107.46200821748972,107.46200821748972,48.928399117179495,0.0,820.8225925927301,0.0,0.0
2023,11,4,15,56.602,79.53263676121428,79.53263676121428,20.99902766090404,0.0,840.4701541465116,0.0,0.0
2023,11,4,16,56.602,1.3513007841715747,1.3513007841715747,0.0,57.18230831613866,782.4103166842319,0.0,0.0
2023,11,4,17,56.602,0.0,-0.0,0.0,58.53360910031024,722.9784411528017,0.0,0.0
2023,11,4,18,56.602,0.0,-0.0,0.0,58.53360910031024,663.5465656213714,0.0,0.0
2023,11,4,19,56.602,0.0,-0.0,0.0,58.53360910031024,604.1146900899412,0.0,0.0
2023,11,4,20,56.602,0.0,-0.0,0.0,58.53360910031024,544.6828145585109,0.0,0.0
2023,11,4,21,56.602,0.0,-0.0,0.0,58.53360910031024,485.2509390270806,0.0,0.0
2023,11,4,22,56.602,0.0,-0.0,0.0,58.53360910031024,425.8190634956503,0.0,0.0
2023,11,4,23,56.602,0.0,-0.0,0.0,58.53360910031024,366.38718796422,0.0,0.0
2023,11,5,0,56.602,0.0,-0.0,0.0,58.53360910031024,306.9553124327897,0.0,0.0
2023,11,5,1,56.602,0.0,-0.0,0.0,58.53360910031024,247.5234369013594,0.0,0.0
2023,11,5,2,56.602,0.0,-0.0,0.0,58.53360910031024,188.09156136992908,0.0,0.0
2023,11,5,3,56.602,0.0,-0.0,0.0,58.53360910031024,128.65968583849877,0.0,0.0
2023,11,5,4,56.602,0.0,-0.0,0.0,58.53360910031024,69.22781030706847,0.0,0.0
2023,11,5,5,56.602,0.0,-0.0,0.0,58.53360910031024,9.795934775638159,0.0,0.0
2023,11,5,6,56.602,0.0,-0.0,0.0,9.647876864093067,0.0,0.0,47.272503072422
2023,11,5,7,56.602,77.28917882948191,58.92711582596333,0.3935067256530928,0.0,0.3681812195757317,18.362063003518585,0.0
2023,11,5,8,56.602,181.15269545597334,181.15269545597334,122.6190863556631,0.0,115.09568602336859,0.0,0.0
2023,11,5,9,56.602,196.02073695695506,196.02073695695506,137.4871278566448,0.0,243.73434734792679,0.0,0.0
2023,11,5,10,56.602,217.76473438181534,217.76473438181534,159.23112528150511,0.0,392.7175948470916,0.0,0.0
2023,11,5,11,56.602,137.88867311191657,137.88867311191657,79.35506401160633,0.0,466.9654852708518,0.0,0.0
2023,11,5,12,56.602,201.98587135780085,201.98587135780085,143.45226225749062,0.0,601.1853738412506,0.0,0.0
2023,11,5,13,56.602,219.01151466334383,219.01151466334383,160.47790556303357,0.0,751.3351607021868,0.0,0.0
2023,11,5,14,56.602,145.0296631674973,145.0296631674973,86.49605406718705,0.0,832.2644577099852,0.0,0.0
2023,11,5,15,56.602,67.30373795197096,67.30373795197096,8.770128851660722,0.0,840.4701541465116,0.0,0.0
2023,11,5,16,56.602,0.8174996456728587,0.8174996456728587,0.0,57.716109454637376,781.8683237453133,0.0,0.0
2023,11,5,17,56.602,0.0,-0.0,0.0,58.53360910031024,722.4364482138831,0.0,0.0
2023,11,5,18,56.602,0.0,-0.0,0.0,58.53360910031024,663.0045726824528,0.0,0.0
2023,11,5,19,56.602,0.0,-0.0,0.0,58.53360910031024,603.5726971510226,0.0,0.0
2023,11,5,20,56.602,0.0,-0.0,0.0,58.53360910031024,544.1408216195923,0.0,0.0
2023,11,5,21,56.602,0.0,-0.0,0.0,58.53360910031024,484.708946088162,0.0,0.0
2023,11,5,22,56.602,0.0,-0.0,0.0,58.53360910031024,425.2770705567317,0.0,0.0
2023,11,5,23,56.602,0.0,-0.0,0.0,58.53360910031024,365.8451950253014,0.0,0.0
2023,11,6,0,56.602,0.0,-0.0,0.0,58.53360910031024,306.4133194938711,0.0,0.0
2023,11,6,1,56.602,0.0,-0.0,0.0,58.53360910031024,246.98144396244078,0.0,0.0
2023,11,6,2,56.602,0.0,-0.0,0.0,58.53360910031024,187.54956843101047,0.0,0.0
2023,11,6,3,56.602,0.0,-0.0,0.0,58.53360910031024,128.11769289958016,0.0,0.0
2023,11,6,4,56.602,0.0,-0.0,0.0,58.53360910031024,68.68581736814986,0.0,0.0
2023,11,6,5,56.602,0.0,-0.0,0.0,58.53360910031024,9.253941836719548,0.0,0.0
2023,11,6,6,56.602,0.0,-0.0,0.0,9.11407572559435,0.0,0.0,47.78868877335026
2023,11,6,7,56.602,65.67620441081401,58.53360910031024,0.0,0.0,0.0,7.142595310503772,0.0
2023,11,6,8,56.602,178.01708037668016,58.53360910031024,0.0,0.0,0.0,119.48347127636993,0.0
2023,11,6,9,56.602,243.5775656595679,58.53360910031024,0.0,0.0,-0.0,185.04395655925768,0.0
2023,11,6,10,56.602,302.3964785219754,75.89038314457657,17.356774044266345,0.0,16.239717948689048,226.50609537739882,0.0
2023,11,6,11,56.602,308.7722291832048,308.7722291832048,250.23862008289453,0.0,250.37335359152922,0.0,0.0
2023,11,6,12,56.602,293.35172216825237,293.35172216825237,234.81811306794214,0.0,470.0789230562922,0.0,0.0
2023,11,6,13,56.602,267.0536171282282,267.0536171282282,208.52000802791798,0.0,665.178894306445,0.0,0.0
2023,11,6,14,56.602,196.31936696450677,196.31936696450677,137.78575786419654,0.0,794.0969662565773,0.0,0.0
2023,11,6,15,56.602,108.09659698353718,108.09659698353718,49.562987883226945,0.0,840.4701541465116,0.0,0.0
2023,11,6,16,56.602,1.3139720332276086,1.3139720332276086,0.0,57.21963706708262,782.3724150801118,0.0,0.0
2023,11,6,17,56.602,0.0,-0.0,0.0,58.53360910031024,722.9405395486815,0.0,0.0
2023,11,6,18,56.602,0.0,-0.0,0.0,58.53360910031024,663.5086640172512,0.0,0.0
2023,11,6,19,56.602,0.0,-0.0,0.0,58.53360910031024,604.076788485821,0.0,0.0
2023,11,6,20,56.602,0.0,-0.0,0.0,58.53360910031024,544.6449129543907,0.0,0.0
2023,11,6,21,56.602,0.0,-0.0,0.0,58.53360910031024,485.21303742296044,0.0,0.0
2023,11,6,22,56.602,0.0,-0.0,0.0,58.53360910031024,425.78116189153013,0.0,0.0
2023,11,6,23,56.602,0.0,-0.0,0.0,58.53360910031024,366.3492863600998,0.0,0.0
2023,11,7,0,56.602,0.0,-0.0,0.0,58.53360910031024,306.9174108286695,0.0,0.0
2023,11,7,1,56.602,0.0,-0.0,0.0,58.53360910031024,247.4855352972392,0.0,0.0
2023,11,7,2,56.602,0.0,-0.0,0.0,58.53360910031024,188.0536597658089,0.0,0.0
2023,11,7,3,56.602,0.0,-0.0,0.0,58.53360910031024,128.6217842343786,0.0,0.0
2023,11,7,4,56.602,0.0,-0.0,0.0,58.53360910031024,69.18990870294829,0.0,0.0
2023,11,7,5,56.602,0.0,-0.0,0.0,58.53360910031024,9.75803317151798,0.0,0.0
2023,11,7,6,56.602,0.0,-0.0,0.0,9.610548113149104,0.0,0.0,47.308599974584816
2023,11,7,7,56.602,36.59337455037002,36.59337455037002,0.0,-0.0,0.0,0.0,21.216206809792187
2023,11,7,8,56.602,83.8067787442984,58.53360910031024,0.0,0.0,-0.0,25.27316964398816,0.0
2023,11,7,9,56.602,168.90886514635244,105.8301690218087,47.29655992149846,0.0,44.252623852191874,63.07869612454374,0.0
2023,11,7,10,56.602,208.27576589185915,208.27576589185915,149.74215679154892,0.0,184.35759872374297,0.0,0.0
2023,11,7,11,56.602,223.46110177586456,223.46110177586456,164.92749267555433,0.0,338.67060390573175,0.0,0.0
2023,11,7,12,56.602,260.3083118326536,260.3083118326536,201.77470273234337,0.0,527.4593876507321,0.0,0.0
2023,11,7,13,56.602,242.44277163087136,242.44277163087136,183.90916253056113,0.0,699.532430720768,0.0,0.0
2023,11,7,14,56.602,180.79433944691124,180.79433944691124,122.260730346601,0.0,813.924642773872,0.0,0.0
2023,11,7,15,56.602,86.90506507264759,86.90506507264759,28.37145597233735,0.0,840.4701541465116,0.0,0.0
2023,11,7,16,56.602,1.1011981528470014,1.1011981528470014,0.0,57.43241094746323,782.1563759366268,0.0,0.0
2023,11,7,17,56.602,0.0,-0.0,0.0,58.53360910031024,722.7245004051965,0.0,0.0
2023,11,7,18,56.602,0.0,-0.0,0.0,58.53360910031024,663.2926248737663,0.0,0.0
2023,11,7,19,56.602,0.0,-0.0,0.0,58.53360910031024,603.860749342336,0.0,0.0
2023,11,7,20,56.602,0.0,-0.0,0.0,58.53360910031024,544.4288738109058,0.0,0.0
2023,11,7,21,56.602,0.0,-0.0,0.0,58.53360910031024,484.99699827947546,0.0,0.0
2023,11,7,22,56.602,0.0,-0.0,0.0,58.53360910031024,425.56512274804516,0.0,0.0
2023,11,7,23,56.602,0.0,-0.0,0.0,58.53360910031024,366.13324721661485,0.0,0.0
2023,11,8,0,56.602,0.0,-0.0,0.0,58.53360910031024,306.70137168518454,0.0,0.0
2023,11,8,1,56.602,0.0,-0.0,0.0,58.53360910031024,247.26949615375423,0.0,0.0
2023,11,8,2,56.602,0.0,-0.0,0.0,58.53360910031024,187.83762062232393,0.0,0.0
2023,11,8,3,56.602,0.0,-0.0,0.0,58.53360910031024,128.40574509089362,0.0,0.0
2023,11,8,4,56.602,0.0,-0.0,0.0,58.53360910031024,68.97386955946331,0.0,0.0
2023,11,8,5,56.602,0.0,-0.0,0.0,58.53360910031024,9.541994028033002,0.0,0.0
2023,11,8,6,56.602,0.0,-0.0,0.0,9.397774232768493,-0.0,0.0,47.51435231691286
2023,11,8,7,56.602,0.3994176351004378,0.3994176351004378,0.0,0.0,-0.0,0.0,56.215763146857874
2023,11,8,8,56.602,6.999140801993653,6.999140801993653,0.0,0.0,-0.0,0.0,49.83383084447213
2023,11,8,9,56.602,11.497255290741574,11.497255290741574,0.0,0.0,0.0,0.0,45.4841541338529
2023,11,8,10,56.602,34.67840962694455,34.67840962694455,0.0,-0.0,0.0,0.0,23.06797789074462
2023,11,8,11,56.602,53.67874385742333,53.67874385742333,0.0,0.0,-0.0,0.0,4.694654689871641
2023,11,8,12,56.602,16.592629794592956,16.592629794592956,0.0,-0.0,-0.0,0.0,40.55692698862861
2023,11,8,13,56.602,34.850121881286796,34.850121881286796,0.0,0.0,0.0,0.0,22.901932140795665
2023,11,8,14,56.602,89.30157088325022,89.30157088325022,30.767961782939985,0.0,28.787781642870918,0.0,0.0
2023,11,8,15,56.602,82.18297807823588,82.18297807823588,23.64936897792564,0.0,50.9151124986217,0.0,0.0
2023,11,8,16,56.602,0.4628765117051803,0.4628765117051803,0.0,0.0,50.9151124986217,0.0,56.154398413181084
2023,11,8,17,56.602,0.0,-0.0,0.0,50.14557029613767,0.0,0.0,8.111233523634871
2023,11,8,18,56.602,0.0,-0.0,0.0,-0.0,0.0,0.0,56.602
2023,11,8,19,56.602,0.0,-0.0,0.0,0.0,-0.0,0.0,56.602
2023,11,8,20,56.602,0.0,-0.0,0.0,-0.0,0.0,0.0,56.602
2023,11,8,21,56.602,0.0,-0.0,0.0,0.0,-0.0,0.0,56.602
2023,11,8,22,56.602,0.0,-0.0,0.0,-0.0,0.0,0.0,56.602
2023,11,8,23,56.602,0.0,-0.0,0.0,-0.0,0.0,0.0,56.602
2023,11,9,0,56.602,0.0,-0.0,0.0,-0.0,0.0,0.0,56.602
2023,11,9,1,56.602,0.0,-0.0,0.0,-0.0,0.0,0.0,56.602
2023,11,9,2,56.602,0.0,-0.0,0.0,-0.0,0.0,0.0,56.602
2023,11,9,3,56.602,0.0,-0.0,0.0,-0.0,0.0,0.0,56.602
2023,11,9,4,56.602,0.0,-0.0,0.0,0.0,-0.0,0.0,56.602
2023,11,9,5,56.602,0.0,-0.0,0.0,-0.0,0.0,0.0,56.602
2023,11,9,6,56.602,0.0,-0.0,0.0,-0.0,0.0,0.0,56.602
2023,11,9,7,56.602,38.44114772209634,38.44114772209634,0.0,-0.0,0.0,0.0,19.42941015273284
2023,11,9,8,56.602,146.05620381845637,65.5673782536468,7.033769153336556,0.0,6.581086259177795,80.48882556480957,0.0
2023,11,9,9,56.602,216.820316982933,216.820316982933,158.28670788262278,0.0,154.68069765496486,0.0,0.0
2023,11,9,10,56.602,281.1377548593867,281.1377548593867,222.60414575907646,0.0,362.9583725337514,0.0,0.0
2023,11,9,11,56.602,301.6461706280017,301.6461706280017,243.11256152769147,0.0,590.4245721238321,0.0,0.0
2023,11,9,12,56.602,245.9106125935658,245.9106125935658,187.37700349325556,0.0,765.7422710833462,0.0,0.0
2023,11,9,13,56.602,132.57679185259016,132.57679185259016,74.04318275227992,0.0,835.0201450047088,0.0,0.0
2023,11,9,14,56.602,64.35849950249204,64.35849950249204,5.8248904021818015,0.0,840.4701541465116,0.0,0.0
2023,11,9,15,56.602,29.17615173780394,29.17615173780394,0.0,29.357457362506295,810.6621723954171,0.0,0.0
2023,11,9,16,56.602,0.6831161422745806,0.6831161422745806,0.0,57.85049295803566,751.9238962193862,0.0,0.0
2023,11,9,17,56.602,0.0,-0.0,0.0,58.53360910031024,692.4920206879558,0.0,0.0
2023,11,9,18,56.602,0.0,-0.0,0.0,58.53360910031024,633.0601451565256,0.0,0.0
2023,11,9,19,56.602,0.0,-0.0,0.0,58.53360910031024,573.6282696250953,0.0,0.0
2023,11,9,20,56.602,0.0,-0.0,0.0,58.53360910031024,514.196394093665,0.0,0.0
2023,11,9,21,56.602,0.0,-0.0,0.0,58.53360910031024,454.76451856223474,0.0,0.0
2023,11,9,22,56.602,0.0,-0.0,0.0,58.53360910031024,395.33264303080443,0.0,0.0
2023,11,9,23,56.602,0.0,-0.0,0.0,58.53360910031024,335.9007674993741,0.0,0.0
2023,11,10,0,56.602,0.0,-0.0,0.0,58.53360910031024,276.4688919679438,0.0,0.0
2023,11,10,1,56.602,0.0,-0.0,0.0,58.53360910031024,217.0370164365135,0.0,0.0
2023,11,10,2,56.602,0.0,-0.0,0.0,58.53360910031024,157.6051409050832,0.0,0.0
2023,11,10,3,56.602,0.0,-0.0,0.0,58.53360910031024,98.1732653736529,0.0,0.0
2023,11,10,4,56.602,0.0,-0.0,0.0,58.53360910031024,38.74138984222259,0.0,0.0
2023,11,10,5,56.602,0.0,-0.0,0.0,38.15584395999995,0.0,0.0,19.705298890680048
2023,11,10,6,56.602,0.0,-0.0,0.0,-0.0,0.0,0.0,56.602
2023,11,10,7,56.602,11.840679799426063,11.840679799426063,0.0,-0.0,0.0,0.0,45.152062633955
2023,11,10,8,56.602,26.958823931732315,26.958823931732315,0.0,-0.0,0.0,0.0,30.53281725801485
2023,11,10,9,56.602,104.11735213291038,104.11735213291038,45.58374303260015,0.0,42.650041304160816,0.0,0.0
2023,11,10,10,56.602,170.71184381694601,170.71184381694601,112.17823471663579,0.0,147.60865211132284,0.0,0.0
2023,11,10,11,56.602,211.65401785228806,211.65401785228806,153.12040875197783,0.0,290.8744596846798,0.0,0.0
2023,11,10,12,56.602,148.94918201661372,148.94918201661372,90.41557291630349,0.0,375.4710211531368,0.0,0.0
2023,11,10,13,56.602,132.29682622051044,132.29682622051044,73.7632171202002,0.0,444.48694761302386,0.0,0.0
2023,11,10,14,56.602,75.82215891738404,75.82215891738404,17.288549817073807,0.0,460.66283214404854,0.0,0.0
2023,11,10,15,56.602,37.35114819453253,37.35114819453253,0.0,21.18246090577771,439.1553016952743,0.0,0.0
2023,11,10,16,56.602,0.4442121362331598,0.4442121362331598,0.0,58.089396964077075,380.1744552528741,0.0,0.0
2023,11,10,17,56.602,0.0,-0.0,0.0,58.53360910031024,320.7425797214438,0.0,0.0
2023,11,10,18,56.602,0.0,-0.0,0.0,58.53360910031024,261.3107041900135,0.0,0.0
2023,11,10,19,56.602,0.0,-0.0,0.0,58.53360910031024,201.8788286585832,0.0,0.0
2023,11,10,20,56.602,0.0,-0.0,0.0,58.53360910031024,142.44695312715288,0.0,0.0
2023,11,10,21,56.602,0.0,-0.0,0.0,58.53360910031024,83.01507759572257,0.0,0.0
2023,11,10,22,56.602,0.0,-0.0,0.0,0.0,83.01507759572257,0.0,56.602
2023,11,10,23,56.602,0.0,-0.0,0.0,58.53360910031024,23.583202064292266,0.0,0.0
2023,11,11,0,56.602,0.0,-0.0,0.0,23.226760364223875,0.0,0.0,34.14172272779551
2023,11,11,1,56.602,0.0,-0.0,0.0,-0.0,0.0,0.0,56.602
2023,11,11,2,56.602,0.0,-0.0,0.0,-0.0,0.0,0.0,56.602
2023,11,11,3,56.602,0.0,-0.0,0.0,0.0,-0.0,0.0,56.602
2023,11,11,4,56.602,0.0,-0.0,0.0,-0.0,0.0,0.0,56.602
2023,11,11,5,56.602,0.0,-0.0,0.0,-0.0,0.0,0.0,56.602
2023,11,11,6,56.602,0.0,-0.0,0.0,-0.0,0.0,0.0,56.602
2023,11,11,7,56.602,38.765907855308846,38.765907855308846,0.0,-0.0,0.0,0.0,19.115367103916345
2023,11,11,8,56.602,146.645998083371,58.53360910031024,0.0,0.0,-0.0,88.11238898306078,0.0
2023,11,11,9,56.602,200.22768718834004,177.10941894931213,118.57580984900191,0.0,110.94444754388522,23.118268239027913,0.0
2023,11,11,10,56.602,259.5766683141518,259.5766683141518,201.04305921384153,0.0,299.04867525622916,0.0,0.0
2023,11,11,11,56.602,200.38073506721028,200.38073506721028,141.84712596690005,0.0,431.7667317141677,0.0,0.0
2023,11,11,12,56.602,204.4383702948194,204.4383702948194,145.90476119450918,0.0,568.2812800470929,0.0,0.0
2023,11,11,13,56.602,191.50022521764075,191.50022521764075,132.96661611733052,0.0,692.6903630270248,0.0,0.0
2023,11,11,14,56.602,186.65495334511394,186.65495334511394,128.1213442448037,0.0,812.5660086070185,0.0,0.0
2023,11,11,15,56.602,88.35715348436787,88.35715348436787,29.823544384057634,0.0,840.4701541465116,0.0,0.0
2023,11,11,16,56.602,0.5375340135930752,0.5375340135930752,0.0,57.99607508671716,781.584061714412,0.0,0.0
2023,11,11,17,56.602,0.0,-0.0,0.0,58.53360910031024,722.1521861829817,0.0,0.0
2023,11,11,18,56.602,0.0,-0.0,0.0,58.53360910031024,662.7203106515515,0.0,0.0
2023,11,11,19,56.602,0.0,-0.0,0.0,58.53360910031024,603.2884351201212,0.0,0.0
2023,11,11,20,56.602,0.0,-0.0,0.0,58.53360910031024,543.856559588691,0.0,0.0
2023,11,11,21,56.602,0.0,-0.0,0.0,58.53360910031024,484.42468405726066,0.0,0.0
2023,11,11,22,56.602,0.0,-0.0,0.0,58.53360910031024,424.99280852583036,0.0,0.0
2023,11,11,23,56.602,0.0,-0.0,0.0,58.53360910031024,365.56093299440005,0.0,0.0
2023,11,12,0,56.602,0.0,-0.0,0.0,58.53360910031024,306.12905746296974,0.0,0.0
2023,11,12,1,56.602,0.0,-0.0,0.0,58.53360910031024,246.69718193153943,0.0,0.0
2023,11,12,2,56.602,0.0,-0.0,0.0,58.53360910031024,187.26530640010913,0.0,0.0
2023,11,12,3,56.602,0.0,-0.0,0.0,58.53360910031024,127.83343086867882,0.0,0.0
2023,11,12,4,56.602,0.0,-0.0,0.0,58.53360910031024,68.40155533724851,0.0,0.0
2023,11,12,5,56.602,0.0,-0.0,0.0,58.53360910031024,8.969679805818203,0.0,0.0
2023,11,12,6,56.602,0.0,-0.0,0.0,8.834110093514562,-0.0,0.0,48.05941553957142
2023,11,12,7,56.602,25.204372637365942,25.204372637365942,0.0,0.0,-0.0,0.0,32.22937165966713
2023,11,12,8,56.602,42.76381708140762,42.76381708140762,0.0,0.0,0.0,0.0,15.249388882278826
2023,11,12,9,56.602,67.11709419725113,67.11709419725113,8.583485096940898,0.0,8.03106479554266,0.0,0.0
2023,11,12,10,56.602,138.4038098749433,138.4038098749433,79.87020077463306,0.0,82.76093854841794,0.0,0.0
2023,11,12,11,56.602,131.0052514378492,131.0052514378492,72.47164233753898,0.0,150.56841405269745,0.0,0.0
2023,11,12,12,56.602,177.68112161818448,177.68112161818448,119.14751251787425,0.0,262.0477703341926,0.0,0.0
2023,11,12,13,56.602,94.51639739012228,94.51639739012228,35.98278828981204,0.0,295.7147600261494,0.0,0.0
2023,11,12,14,56.602,42.15535844102097,42.15535844102097,0.0,16.378250659289264,279.0851660276429,0.0,0.0
2023,11,12,15,56.602,11.654036044706196,11.654036044706196,0.0,46.87957305560404,231.486171302534,0.0,0.0
2023,11,12,16,56.602,0.0,-0.0,0.0,58.53360910031024,172.05429577110368,0.0,0.0
2023,11,12,17,56.602,0.0,-0.0,0.0,58.53360910031024,112.62242023967337,0.0,0.0
2023,11,12,18,56.602,0.0,-0.0,0.0,58.53360910031024,53.19054470824307,0.0,0.0
2023,11,12,19,56.602,0.0,-0.0,0.0,0.0,53.19054470824307,0.0,56.602
2023,11,12,20,56.602,0.0,-0.0,0.0,52.38661112315643,0.0,0.0,5.944147043907733
2023,11,12,21,56.602,0.0,-0.0,0.0,-0.0,0.0,0.0,56.602
2023,11,12,22,56.602,0.0,-0.0,0.0,-0.0,0.0,0.0,56.602
2023,11,12,23,56.602,0.0,-0.0,0.0,-0.0,0.0,0.0,56.602
2023,11,13,0,56.602,0.0,-0.0,0.0,-0.0,0.0,0.0,56.602
2023,11,13,1,56.602,0.0,-0.0,0.0,-0.0,0.0,0.0,56.602
2023,11,13,2,56.602,0.0,-0.0,0.0,-0.0,0.0,0.0,56.602
2023,11,13,3,56.602,0.0,-0.0,0.0,-0.0,0.0,0.0,56.602
2023,11,13,4,56.602,0.0,-0.0,0.0,-0.0,0.0,0.0,56.602
2023,11,13,5,56.602,0.0,-0.0,0.0,-0.0,0.0,0.0,56.602
2023,11,13,6,56.602,0.0,-0.0,0.0,-0.0,0.0,0.0,56.602
2023,11,13,7,56.602,44.07032336444644,44.07032336444644,0.0,-0.0,0.0,0.0,13.985997306580293
2023,11,13,8,56.602,154.86205616613796,58.53360910031024,0.0,0.0,0.0,96.32844706582773,0.0
2023,11,13,9,56.602,249.40458368192105,58.53360910031024,0.0,0.0,0.0,190.87097458161082,0.0
2023,11,13,10,56.602,299.8431919574081,76.90572517025238,18.372116069942134,0.0,17.189714075640552,222.93746678715576,0.0
2023,11,13,11,56.602,312.47524127684625,312.47524127684625,253.94163217653602,0.0,254.78804147559833,0.0,0.0
2023,11,13,12,56.602,300.17168496571503,300.17168496571503,241.6380758654048,0.0,480.8746511019075,0.0,0.0
2023,11,13,13,56.602,255.2689304552181,255.2689304552181,196.73532135490788,0.0,664.9483805403465,0.0,0.0
2023,11,13,14,56.602,200.3993994426823,200.3993994426823,141.86579034237204,0.0,797.6839001623835,0.0,0.0
2023,11,13,15,56.602,104.26293426159185,104.26293426159185,45.729325161281615,0.0,840.4701541465116,0.0,0.0
2023,11,13,16,56.602,0.4255477607612141,0.4255477607612141,0.0,58.108061339549025,781.4703569020514,0.0,0.0
2023,11,13,17,56.602,0.0,-0.0,0.0,58.53360910031024,722.0384813706212,0.0,0.0
2023,11,13,18,56.602,0.0,-0.0,0.0,58.53360910031024,662.6066058391909,0.0,0.0
2023,11,13,19,56.602,0.0,-0.0,0.0,58.53360910031024,603.1747303077607,0.0,0.0
2023,11,13,20,56.602,0.0,-0.0,0.0,58.53360910031024,543.7428547763304,0.0,0.0
2023,11,13,21,56.602,0.0,-0.0,0.0,58.53360910031024,484.3109792449001,0.0,0.0
2023,11,13,22,56.602,0.0,-0.0,0.0,58.53360910031024,424.8791037134698,0.0,0.0
2023,11,13,23,56.602,0.0,-0.0,0.0,58.53360910031024,365.4472281820395,0.0,0.0
2023,11,14,0,56.602,0.0,-0.0,0.0,58.53360910031024,306.0153526506092,0.0,0.0
2023,11,14,1,56.602,0.0,-0.0,0.0,58.53360910031024,246.5834771191789,0.0,0.0
2023,11,14,2,56.602,0.0,-0.0,0.0,58.53360910031024,187.1516015877486,0.0,0.0
2023,11,14,3,56.602,0.0,-0.0,0.0,58.53360910031024,127.71972605631828,0.0,0.0
2023,11,14,4,56.602,0.0,-0.0,0.0,58.53360910031024,68.28785052488797,0.0,0.0
2023,11,14,5,56.602,0.0,-0.0,0.0,58.53360910031024,8.855974993457664,0.0,0.0
2023,11,14,6,56.602,0.0,-0.0,0.0,8.7221238406827,0.0,0.0,48.16770624605983
2023,11,14,7,56.602,23.894133479232732,23.894133479232732,0.0,-0.0,0.0,0.0,33.496372925581944
2023,11,14,8,56.602,67.00137506932485,67.00137506932485,8.467765969014616,0.0,7.922793178132749,0.0,0.0
2023,11,14,9,56.602,113.04265648361269,113.04265648361269,54.50904738330245,0.0,58.923719554136376,0.0,0.0
2023,11,14,10,56.602,223.09154714151927,223.09154714151927,164.55793804120904,0.0,212.89095408697733,0.0,0.0
2023,11,14,11,56.602,205.2148083144539,205.2148083144539,146.68119921414365,0.0,350.13197004639494,0.0,0.0
2023,11,14,12,56.602,200.3359405660775,200.3359405660775,141.80233146576728,0.0,482.80811491049735,0.0,0.0
2023,11,14,13,56.602,153.63020738498707,153.63020738498707,95.09659828467684,0.0,571.7844379348268,0.0,0.0
2023,11,14,14,56.602,154.07441952122028,154.07441952122028,95.54081042091005,0.0,661.1763842646975,0.0,0.0
2023,11,14,15,56.602,95.74078042108438,95.74078042108438,37.207171320774144,0.0,695.9889575215077,0.0,0.0
2023,11,14,16,56.602,0.3956847600060412,0.3956847600060412,0.0,58.137924340304195,636.9588389937514,0.0,0.0
2023,11,14,17,56.602,0.0,-0.0,0.0,58.53360910031024,577.5269634623212,0.0,0.0
2023,11,14,18,56.602,0.0,-0.0,0.0,58.53360910031024,518.0950879308909,0.0,0.0
2023,11,14,19,56.602,0.0,-0.0,0.0,58.53360910031024,458.66321239946063,0.0,0.0
2023,11,14,20,56.602,0.0,-0.0,0.0,58.53360910031024,399.2313368680303,0.0,0.0
2023,11,14,21,56.602,0.0,-0.0,0.0,58.53360910031024,339.7994613366,0.0,0.0
2023,11,14,22,56.602,0.0,-0.0,0.0,58.53360910031024,280.3675858051697,0.0,0.0
2023,11,14,23,56.602,0.0,-0.0,0.0,58.53360910031024,220.9357102737394,0.0,0.0
2023,11,15,0,56.602,0.0,-0.0,0.0,58.53360910031024,161.5038347423091,0.0,0.0
2023,11,15,1,56.602,0.0,-0.0,0.0,58.53360910031024,102.07195921087879,0.0,0.0
2023,11,15,2,56.602,0.0,-0.0,0.0,58.53360910031024,42.64008367944848,0.0,0.0
2023,11,15,3,56.602,0.0,-0.0,0.0,41.99561208155752,0.0,0.0,15.992243117133878
2023,11,15,4,56.602,0.0,-0.0,0.0,0.0,-0.0,0.0,56.602
2023,11,15,5,56.602,0.0,-0.0,0.0,-0.0,0.0,0.0,56.602
2023,11,15,6,56.602,0.0,-0.0,0.0,-0.0,0.0,0.0,56.602
2023,11,15,7,56.602,20.721189648995608,20.721189648995608,0.0,-0.0,0.0,0.0,36.56460960942125
2023,11,15,8,56.602,57.71398183446606,57.71398183446606,0.0,-0.0,0.0,0.0,0.7925795660713173
2023,11,15,9,56.602,125.97706868569696,125.97706868569696,67.44345958538672,0.0,63.10289909617734,0.0,0.0
2023,11,15,10,56.602,188.69683602174888,188.69683602174888,130.16322692143865,0.0,184.88901482853328,0.0,0.0
2023,11,15,11,56.602,238.6539034100588,238.6539034100588,180.12029430974857,0.0,353.4170355865991,0.0,0.0
2023,11,15,12,56.602,218.53743952635546,218.53743952635546,160.00383042604523,0.0,503.1232580794367,0.0,0.0
2023,11,15,13,56.602,215.89456395952263,215.89456395952263,157.3609548592124,0.0,650.3566965359444,0.0,0.0
2023,11,15,14,56.602,173.8063972702008,173.8063972702008,115.27278816989056,0.0,758.2106999506169,0.0,0.0
2023,11,15,15,56.602,91.22026868177008,91.22026868177008,32.68665958145984,0.0,788.7936948628007,0.0,0.0
2023,11,15,16,56.602,0.2986300075517292,0.2986300075517292,0.0,58.23497909275851,729.6650321643319,0.0,0.0
2023,11,15,17,56.602,0.0,-0.0,0.0,58.53360910031024,670.2331566329017,0.0,0.0
2023,11,15,18,56.602,0.0,-0.0,0.0,58.53360910031024,610.8012811014714,0.0,0.0
2023,11,15,19,56.602,0.0,-0.0,0.0,58.53360910031024,551.3694055700412,0.0,0.0
2023,11,15,20,56.602,0.0,-0.0,0.0,58.53360910031024,491.9375300386109,0.0,0.0
2023,11,15,21,56.602,0.0,-0.0,0.0,58.53360910031024,432.50565450718057,0.0,0.0
2023,11,15,22,56.602,0.0,-0.0,0.0,58.53360910031024,373.07377897575026,0.0,0.0
2023,11,15,23,56.602,0.0,-0.0,0.0,58.53360910031024,313.64190344431995,0.0,0.0
2023,11,16,0,56.602,0.0,-0.0,0.0,58.53360910031024,254.21002791288964,0.0,0.0
2023,11,16,1,56.602,0.0,-0.0,0.0,58.53360910031024,194.77815238145934,0.0,0.0
2023,11,16,2,56.602,0.0,-0.0,0.0,58.53360910031024,135.34627685002903,0.0,0.0
2023,11,16,3,56.602,0.0,-0.0,0.0,58.53360910031024,75.91440131859872,0.0,0.0
2023,11,16,4,56.602,0.0,-0.0,0.0,16.23340526922599,59.43187553143031,0.0,40.90429710465846
2023,11,16,5,56.602,0.0,-0.0,0.0,58.53360910031024,0.0,0.0,0.0
2023,11,16,6,56.602,0.0,-0.0,0.0,-0.0,0.0,0.0,56.602
2023,11,16,7,56.602,33.81611548013894,33.81611548013894,0.0,-0.0,0.0,0.0,23.901816330705643
2023,11,16,8,56.602,92.50811058933688,92.50811058933688,33.97450148902664,0.0,31.787953234971674,0.0,0.0
2023,11,16,9,56.602,211.6988123534208,211.6988123534208,153.16520325311058,0.0,175.09567240216467,0.0,0.0
2023,11,16,10,56.602,274.5492303177766,274.5492303177766,216.0156212174664,0.0,377.20885035422486,0.0,0.0
2023,11,16,11,56.602,280.81672760126855,280.81672760126855,222.28311850095832,0.0,585.1861588105194,0.0,0.0
2023,11,16,12,56.602,239.15410867270793,239.15410867270793,180.6204995723977,0.0,754.1821923664216,0.0,0.0
2023,11,16,13,56.602,121.24005019090767,121.24005019090767,62.70644109059743,0.0,812.8529404144315,0.0,0.0
2023,11,16,14,56.602,75.82215891738404,75.82215891738404,17.288549817073807,0.0,829.0288249454561,0.0,0.0
2023,11,16,15,56.602,68.94620299350544,68.94620299350544,10.4125938931952,0.0,838.7712798226396,0.0,0.0
2023,11,16,16,56.602,0.0,-0.0,0.0,58.53360910031024,779.3394042912093,0.0,0.0
2023,11,16,17,56.602,0.0,-0.0,0.0,58.53360910031024,719.9075287597791,0.0,0.0
2023,11,16,18,56.602,0.0,-0.0,0.0,58.53360910031024,660.4756532283488,0.0,0.0
2023,11,16,19,56.602,0.0,-0.0,0.0,58.53360910031024,601.0437776969186,0.0,0.0
2023,11,16,20,56.602,0.0,-0.0,0.0,58.53360910031024,541.6119021654883,0.0,0.0
2023,11,16,21,56.602,0.0,-0.0,0.0,58.53360910031024,482.18002663405804,0.0,0.0
2023,11,16,22,56.602,0.0,-0.0,0.0,58.53360910031024,422.74815110262773,0.0,0.0
2023,11,16,23,56.602,0.0,-0.0,0.0,58.53360910031024,363.3162755711974,0.0,0.0
2023,11,17,0,56.602,0.0,-0.0,0.0,58.53360910031024,303.8844000397671,0.0,0.0
2023,11,17,1,56.602,0.0,-0.0,0.0,58.53360910031024,244.4525245083368,0.0,0.0
2023,11,17,2,56.602,0.0,-0.0,0.0,58.53360910031024,185.0206489769065,0.0,0.0
2023,11,17,3,56.602,0.0,-0.0,0.0,58.53360910031024,125.58877344547619,0.0,0.0
2023,11,17,4,56.602,0.0,-0.0,0.0,58.53360910031024,66.15689791404589,0.0,0.0
2023,11,17,5,56.602,0.0,-0.0,0.0,58.53360910031024,6.7250223826155775,0.0,0.0
2023,11,17,6,56.602,0.0,-0.0,0.0,0.0,6.7250223826155775,0.0,56.602
2023,11,17,7,56.602,15.58102064401147,15.58102064401147,0.0,6.6233789160276935,0.0,0.0,35.130345625442125
2023,11,17,8,56.602,68.78568936444643,58.53360910031024,0.0,0.0,-0.0,10.25208026413619,0.0
2023,11,17,9,56.602,89.17465313004074,75.6125451326681,17.07893603235787,0.0,15.97976117692312,13.562107997372635,0.0
2023,11,17,10,56.602,210.91864145869192,210.91864145869192,152.38503235838166,0.0,158.55752008480403,0.0,0.0
2023,11,17,11,56.602,294.5350435731761,294.5350435731761,236.00143447286587,0.0,379.37025415340395,0.0,0.0
2023,11,17,12,56.602,246.1607152248904,246.1607152248904,187.62710612458017,0.0,554.9219595118361,0.0,0.0
2023,11,17,13,56.602,234.23791217338757,234.23791217338757,175.70430307307734,0.0,719.3181956442265,0.0,0.0
2023,11,17,14,56.602,164.69444916477866,164.69444916477866,106.16084006446842,0.0,818.6466823460726,0.0,0.0
2023,11,17,15,56.602,81.85821794502334,81.85821794502334,23.324608844713104,0.0,840.4701541465116,0.0,0.0
2023,11,17,16,56.602,0.3322258834012987,0.3322258834012987,0.0,58.20138321690894,781.375602891751,0.0,0.0
2023,11,17,17,56.602,0.0,-0.0,0.0,58.53360910031024,721.9437273603207,0.0,0.0
2023,11,17,18,56.602,0.0,-0.0,0.0,58.53360910031024,662.5118518288905,0.0,0.0
2023,11,17,19,56.602,0.0,-0.0,0.0,58.53360910031024,603.0799762974602,0.0,0.0
2023,11,17,20,56.602,0.0,-0.0,0.0,58.53360910031024,543.64810076603,0.0,0.0
2023,11,17,21,56.602,0.0,-0.0,0.0,58.53360910031024,484.2162252345997,0.0,0.0
2023,11,17,22,56.602,0.0,-0.0,0.0,58.53360910031024,424.78434970316937,0.0,0.0
2023,11,17,23,56.602,0.0,-0.0,0.0,58.53360910031024,365.35247417173906,0.0,0.0
2023,11,18,0,56.602,0.0,-0.0,0.0,58.53360910031024,305.92059864030875,0.0,0.0
2023,11,18,1,56.602,0.0,-0.0,0.0,58.53360910031024,246.48872310887845,0.0,0.0
2023,11,18,2,56.602,0.0,-0.0,0.0,58.53360910031024,187.05684757744814,0.0,0.0
2023,11,18,3,56.602,0.0,-0.0,0.0,58.53360910031024,127.62497204601783,0.0,0.0
2023,11,18,4,56.602,0.0,-0.0,0.0,58.53360910031024,68.19309651458752,0.0,0.0
2023,11,18,5,56.602,0.0,-0.0,0.0,58.53360910031024,8.761220983157216,0.0,0.0
2023,11,18,6,56.602,0.0,-0.0,0.0,8.62880196332279,0.0,0.0,48.257948501466856
2023,11,18,7,56.602,80.24561590424403,58.53360910031024,0.0,0.0,0.0,21.712006803933797,0.0
2023,11,18,8,56.602,193.93032690409294,58.53360910031024,0.0,0.0,0.0,135.3967178037827,0.0
2023,11,18,9,56.602,275.10169583174735,58.53360910031024,0.0,0.0,0.0,216.56808673143712,0.0
2023,11,18,10,56.602,325.2304754743995,58.53360910031024,0.0,0.0,-0.0,266.69686637408927,0.0
2023,11,18,11,56.602,344.3390630826158,221.02617206964,162.49256296932978,0.0,152.03478392076119,123.31289101297577,0.0
2023,11,18,12,56.602,333.715300563963,333.715300563963,275.1816914636528,0.0,409.50619206466945,0.0,0.0
2023,11,18,13,56.602,293.06055791088943,293.06055791088943,234.5269488105792,0.0,628.9393361694978,0.0,0.0
2023,11,18,14,56.602,222.37856799848953,222.37856799848953,163.8449588981793,0.0,782.2394778337808,0.0,0.0
2023,11,18,15,56.602,120.76970792901368,120.76970792901368,62.23609882870344,0.0,840.4701541465116,0.0,0.0
2023,11,18,16,56.602,0.22023963056936294,0.22023963056936294,0.0,58.31336946974088,781.2618980793903,0.0,0.0
2023,11,18,17,56.602,0.0,-0.0,0.0,58.53360910031024,721.83002254796,0.0,0.0
2023,11,18,18,56.602,0.0,-0.0,0.0,58.53360910031024,662.3981470165297,0.0,0.0
2023,11,18,19,56.602,0.0,-0.0,0.0,58.53360910031024,602.9662714850995,0.0,0.0
2023,11,18,20,56.602,0.0,-0.0,0.0,58.53360910031024,543.5343959536692,0.0,0.0
2023,11,18,21,56.602,0.0,-0.0,0.0,58.53360910031024,484.1025204222389,0.0,0.0
2023,11,18,22,56.602,0.0,-0.0,0.0,58.53360910031024,424.6706448908086,0.0,0.0
2023,11,18,23,56.602,0.0,-0.0,0.0,58.53360910031024,365.2387693593783,0.0,0.0
2023,11,19,0,56.602,0.0,-0.0,0.0,58.53360910031024,305.806893827948,0.0,0.0
2023,11,19,1,56.602,0.0,-0.0,0.0,58.53360910031024,246.37501829651768,0.0,0.0
2023,11,19,2,56.602,0.0,-0.0,0.0,58.53360910031024,186.94314276508737,0.0,0.0
2023,11,19,3,56.602,0.0,-0.0,0.0,58.53360910031024,127.51126723365707,0.0,0.0
2023,11,19,4,56.602,0.0,-0.0,0.0,58.53360910031024,68.07939170222676,0.0,0.0
2023,11,19,5,56.602,0.0,-0.0,0.0,58.53360910031024,8.64751617079645,0.0,0.0
2023,11,19,6,56.602,0.0,-0.0,0.0,8.516815710490848,0.0,0.0,48.366239207955346
2023,11,19,7,56.602,78.47623310950004,58.53360910031024,0.0,0.0,0.0,19.942624009189807,0.0
2023,11,19,8,56.602,180.59276419181384,58.53360910031024,0.0,0.0,0.0,122.05915509150361,0.0
2023,11,19,9,56.602,252.76790414197237,58.53360910031024,0.0,0.0,0.0,194.23429504166214,0.0
2023,11,19,10,56.602,297.36829576982313,58.53360910031024,0.0,0.0,-0.0,238.8346866695129,0.0
2023,11,19,11,56.602,314.8941443380153,303.4517870290116,244.91817792870137,0.0,229.1556092120038,11.442357309003683,0.0
2023,11,19,12,56.602,305.3790457223983,305.3790457223983,246.84543662208807,0.0,460.1144416217595,0.0,0.0
2023,11,19,13,56.602,268.60649316749726,268.60649316749726,210.072884067187,0.0,656.6673481248972,0.0,0.0
2023,11,19,14,56.602,203.8149801540552,203.8149801540552,145.28137105374498,0.0,792.5986267769367,0.0,0.0
2023,11,19,15,56.602,109.69800039903333,109.69800039903333,51.164391298723096,0.0,840.4701541465116,0.0,0.0
2023,11,19,16,56.602,0.145582128681468,0.145582128681468,0.0,58.38802697162877,781.18609487115,0.0,0.0
2023,11,19,17,56.602,0.0,-0.0,0.0,58.53360910031024,721.7542193397196,0.0,0.0
2023,11,19,18,56.602,0.0,-0.0,0.0,58.53360910031024,662.3223438082894,0.0,0.0
2023,11,19,19,56.602,0.0,-0.0,0.0,58.53360910031024,602.8904682768591,0.0,0.0
2023,11,19,20,56.602,0.0,-0.0,0.0,58.53360910031024,543.4585927454289,0.0,0.0
2023,11,19,21,56.602,0.0,-0.0,0.0,58.53360910031024,484.02671721399855,0.0,0.0
2023,11,19,22,56.602,0.0,-0.0,0.0,58.53360910031024,424.59484168256824,0.0,0.0
2023,11,19,23,56.602,0.0,-0.0,0.0,58.53360910031024,365.16296615113794,0.0,0.0
2023,11,20,0,56.602,0.0,-0.0,0.0,58.53360910031024,305.73109061970763,0.0,0.0
2023,11,20,1,56.602,0.0,-0.0,0.0,58.53360910031024,246.29921508827732,0.0,0.0
2023,11,20,2,56.602,0.0,-0.0,0.0,58.53360910031024,186.867339556847,0.0,0.0
2023,11,20,3,56.602,0.0,-0.0,0.0,58.53360910031024,127.4354640254167,0.0,0.0
2023,11,20,4,56.602,0.0,-0.0,0.0,58.53360910031024,68.0035884939864,0.0,0.0
2023,11,20,5,56.602,0.0,-0.0,0.0,58.53360910031024,8.571712962556091,0.0,0.0
2023,11,20,6,56.602,0.0,-0.0,0.0,8.442158208602956,0.0,0.0,48.43843301228094
2023,11,20,7,56.602,17.118965182902876,17.118965182902876,0.0,-0.0,0.0,0.0,40.047960668132916
2023,11,20,8,56.602,50.96867653889138,50.96867653889138,0.0,-0.0,0.0,0.0,7.315289786892034
2023,11,20,9,56.602,79.93578727140911,79.93578727140911,21.402178171098875,0.0,20.024765898306455,0.0,0.0
2023,11,20,10,56.602,112.38193759190449,112.38193759190449,53.84832849159425,0.0,70.40749626522762,0.0,0.0
2023,11,20,11,56.602,111.87799945416094,111.87799945416094,53.344390353850706,0.0,120.31872120149265,0.0,0.0
2023,11,20,12,56.602,153.54808413291036,153.54808413291036,95.01447503260013,0.0,209.2182063037892,0.0,0.0
2023,11,20,13,56.602,117.24960671499767,117.24960671499767,58.71599761468743,0.0,264.1553298675665,0.0,0.0
2023,11,20,14,56.602,79.81633526838839,79.81633526838839,21.28272616807815,0.0,284.0683315156433,0.0,0.0
2023,11,20,15,56.602,50.29675902189999,50.29675902189999,0.0,8.23685007841025,275.7050773757489,0.0,0.0
2023,11,20,16,56.602,0.07092462679353569,0.07092462679353569,0.0,58.4626844735167,216.34521489214703,0.0,0.0
2023,11,20,17,56.602,0.0,-0.0,0.0,58.53360910031024,156.91333936071672,0.0,0.0
2023,11,20,18,56.602,0.0,-0.0,0.0,37.47449845624698,118.86375106286062,0.0,20.36415999280917
2023,11,20,19,56.602,0.0,-0.0,0.0,58.53360910031024,59.43187553143031,0.0,0.0
2023,11,20,20,56.602,0.0,-0.0,0.0,58.53360910031024,0.0,0.0,0.0
2023,11,20,21,56.602,0.0,-0.0,0.0,0.0,-0.0,0.0,56.602
2023,11,20,22,56.602,0.0,-0.0,0.0,-0.0,0.0,0.0,56.602
2023,11,20,23,56.602,0.0,-0.0,0.0,-0.0,-0.0,0.0,56.602
2023,11,21,0,56.602,0.0,-0.0,0.0,0.0,-0.0,0.0,56.602
2023,11,21,1,56.602,0.0,-0.0,0.0,0.0,-0.0,0.0,56.602
2023,11,21,2,56.602,0.0,-0.0,0.0,0.0,-0.0,0.0,56.602
2023,11,21,3,56.602,0.0,-0.0,0.0,0.0,-0.0,0.0,56.602
2023,11,21,4,56.602,0.0,-0.0,0.0,0.0,-0.0,0.0,56.602
2023,11,21,5,56.602,0.0,-0.0,0.0,0.0,-0.0,0.0,56.602
2023,11,21,6,56.602,0.0,-0.0,0.0,0.0,-0.0,0.0,56.602
2023,11,21,7,56.602,27.73526195136681,27.73526195136681,0.0,0.0,0.0,0.0,29.782001693028292
2023,11,21,8,56.602,91.30985768403559,91.30985768403559,32.776248583725355,0.0,30.666818099856037,0.0,0.0
2023,11,21,9,56.602,181.4102638374867,181.4102638374867,122.87665473717645,0.0,145.63531456820647,0.0,0.0
2023,11,21,10,56.602,183.7171806458238,183.7171806458238,125.18357154551354,0.0,262.762258119116,0.0,0.0
2023,11,21,11,56.602,164.72804504062825,164.72804504062825,106.19443594031802,0.0,362.1221785163391,0.0,0.0
2023,11,21,12,56.602,110.91865055490098,110.91865055490098,52.38504145459074,0.0,411.1357968179476,0.0,0.0
2023,11,21,13,56.602,78.14027435100434,78.14027435100434,19.6066652506941,0.0,429.4806063299904,0.0,0.0
2023,11,21,14,56.602,35.167416264310475,35.167416264310475,0.0,23.36619283599976,405.7558320401854,0.0,0.0
2023,11,21,15,56.602,10.993317152998031,10.993317152998031,0.0,47.540291947312205,357.48597892214923,0.0,0.0
2023,11,21,16,56.602,0.0,-0.0,0.0,58.53360910031024,298.0541033907189,0.0,0.0
2023,11,21,17,56.602,0.0,-0.0,0.0,58.53360910031024,238.6222278592886,0.0,0.0
2023,11,21,18,56.602,0.0,-0.0,0.0,58.53360910031024,179.1903523278583,0.0,0.0
2023,11,21,19,56.602,0.0,-0.0,0.0,58.53360910031024,119.758476796428,0.0,0.0
2023,11,21,20,56.602,0.0,-0.0,0.0,58.53360910031024,60.32660126499769,0.0,0.0
2023,11,21,21,56.602,0.0,-0.0,0.0,58.53360910031024,0.8947257335673839,0.0,0.0
2023,11,21,22,56.602,0.0,-0.0,0.0,0.8812026521512999,0.0,0.0,55.74987703536969
2023,11,21,23,56.602,0.0,-0.0,0.0,0.0,-0.0,0.0,56.602
2023,11,22,0,56.602,0.0,-0.0,0.0,-0.0,0.0,0.0,56.602
2023,11,22,1,56.602,0.0,-0.0,0.0,0.0,-0.0,0.0,56.602
2023,11,22,2,56.602,0.0,-0.0,0.0,-0.0,0.0,0.0,56.602
2023,11,22,3,56.602,0.0,-0.0,0.0,-0.0,0.0,0.0,56.602
2023,11,22,4,56.602,0.0,-0.0,0.0,-0.0,0.0,0.0,56.602
2023,11,22,5,56.602,0.0,-0.0,0.0,0.0,-0.0,0.0,56.602
2023,11,22,6,56.602,0.0,-0.0,0.0,-0.0,0.0,0.0,56.602
2023,11,22,7,56.602,1.9821566751246025,1.9821566751246025,0.0,-0.0,0.0,0.0,54.6852544951545
2023,11,22,8,56.602,15.177870133816599,15.177870133816599,0.0,-0.0,0.0,0.0,41.92499958059935
2023,11,22,9,56.602,59.4348372529829,59.4348372529829,0.9012281526726659,0.0,0.8432264526516052,0.0,0.0
2023,11,22,10,56.602,114.93149128137738,114.93149128137738,56.39788218106714,0.0,53.61142503541076,0.0,0.0
2023,11,22,11,56.602,116.49556594592953,116.49556594592953,57.96195684561929,0.0,107.84303676961369,0.0,0.0
2023,11,22,12,56.602,124.41299402114477,124.41299402114477,65.87938492083454,0.0,169.48252271434723,0.0,0.0
2023,11,22,13,56.602,175.21369118078832,175.21369118078832,116.68008208047807,0.0,278.6532487020372,0.0,0.0
2023,11,22,14,56.602,155.54143943331815,155.54143943331815,97.0078303330079,0.0,369.4177997300402,0.0,0.0
2023,11,22,15,56.602,46.97450018788701,46.97450018788701,0.0,11.559108912423227,357.68130282344947,0.0,0.0
2023,11,22,16,56.602,0.0,-0.0,0.0,58.53360910031024,298.24942729201916,0.0,0.0
2023,11,22,17,56.602,0.0,-0.0,0.0,58.53360910031024,238.81755176058886,0.0,0.0
2023,11,22,18,56.602,0.0,-0.0,0.0,58.53360910031024,179.38567622915855,0.0,0.0
2023,11,22,19,56.602,0.0,-0.0,0.0,58.53360910031024,119.95380069772824,0.0,0.0
2023,11,22,20,56.602,0.0,-0.0,0.0,58.53360910031024,60.52192516629793,0.0,0.0
2023,11,22,21,56.602,0.0,-0.0,0.0,58.53360910031024,1.0900496348676256,0.0,0.0
2023,11,22,22,56.602,0.0,-0.0,0.0,0.0,1.0900496348676256,0.0,56.602
2023,11,22,23,56.602,0.0,-0.0,0.0,0.0,1.0900496348676256,0.0,56.602
2023,11,23,0,56.602,0.0,-0.0,0.0,1.073574385071089,-0.0,0.0,55.56385356963625
2023,11,23,1,56.602,0.0,-0.0,0.0,0.0,-0.0,0.0,56.602
2023,11,23,2,56.602,0.0,-0.0,0.0,0.0,-0.0,0.0,56.602
2023,11,23,3,56.602,0.0,-0.0,0.0,0.0,-0.0,0.0,56.602
2023,11,23,4,56.602,0.0,-0.0,0.0,0.0,-0.0,0.0,56.602
2023,11,23,5,56.602,0.0,-0.0,0.0,0.0,-0.0,0.0,56.602
2023,11,23,6,56.602,0.0,-0.0,0.0,0.0,-0.0,0.0,56.602
2023,11,23,7,56.602,4.9012649989427555,4.9012649989427555,0.0,0.0,-0.0,0.0,51.86247674602235
2023,11,23,8,56.602,14.01694597945929,14.01694597945929,0.0,0.0,-0.0,0.0,43.04761323786286
2023,11,23,9,56.602,35.570566774505345,35.570566774505345,0.0,0.0,-0.0,0.0,22.20526192905333
2023,11,23,10,56.602,37.69457270321702,37.69457270321702,0.0,0.0,-0.0,0.0,20.15134819598914
2023,11,23,11,56.602,29.101494235915975,29.101494235915975,0.0,0.0,-0.0,0.0,28.46085507386925
2023,11,23,12,56.602,44.421213623319716,44.421213623319716,0.0,0.0,-0.0,0.0,13.646686426249833
2023,11,23,13,56.602,24.730297500377574,24.730297500377574,0.0,0.0,-0.0,0.0,32.68780231713488
2023,11,23,14,56.602,23.01690783204953,23.01690783204953,0.0,0.0,0.0,0.0,34.344650126408105
2023,11,23,15,56.602,9.179139857121276,9.179139857121276,0.0,0.0,-0.0,0.0,47.725771758163724
2023,11,23,16,56.602,0.0,-0.0,0.0,-0.0,0.0,0.0,56.602
2023,11,23,17,56.602,0.0,-0.0,0.0,-0.0,0.0,0.0,56.602
2023,11,23,18,56.602,0.0,-0.0,0.0,-0.0,0.0,0.0,56.602
2023,11,23,19,56.602,0.0,-0.0,0.0,-0.0,0.0,0.0,56.602
2023,11,23,20,56.602,0.0,-0.0,0.0,-0.0,0.0,0.0,56.602
2023,11,23,21,56.602,0.0,-0.0,0.0,-0.0,0.0,0.0,56.602
2023,11,23,22,56.602,0.0,-0.0,0.0,0.0,-0.0,0.0,56.602
2023,11,23,23,56.602,0.0,-0.0,0.0,-0.0,0.0,0.0,56.602
2023,11,24,0,56.602,0.0,-0.0,0.0,0.0,-0.0,0.0,56.602
2023,11,24,1,56.602,0.0,-0.0,0.0,-0.0,0.0,0.0,56.602
2023,11,24,2,56.602,0.0,-0.0,0.0,-0.0,0.0,0.0,56.602
2023,11,24,3,56.602,0.0,-0.0,0.0,0.0,-0.0,0.0,56.602
2023,11,24,4,56.602,0.0,-0.0,0.0,-0.0,0.0,0.0,56.602
2023,11,24,5,56.602,0.0,-0.0,0.0,0.0,-0.0,0.0,56.602
2023,11,24,6,56.602,0.0,-0.0,0.0,-0.0,0.0,0.0,56.602
2023,11,24,7,56.602,12.266227560187277,12.266227560187277,0.0,-0.0,0.0,0.0,44.7405579492989
2023,11,24,8,56.602,66.16147817308561,58.53360910031024,0.0,0.0,-0.0,7.6278690727753755,0.0
2023,11,24,9,56.602,158.81517089110397,137.72545908325648,79.19184998294625,0.0,74.09518060660466,21.089711807847493,0.0
2023,11,24,10,56.602,242.33451825313387,242.33451825313387,183.8009091528236,0.0,246.06693732487003,0.0,0.0
2023,11,24,11,56.602,286.43097174324106,286.43097174324106,227.89736264293083,0.0,459.2971655419556,0.0,0.0
2023,11,24,12,56.602,272.5596078924632,272.5596078924632,214.02599879215296,0.0,659.5487702011291,0.0,0.0
2023,11,24,13,56.602,183.3849547624225,183.3849547624225,124.85134566211225,0.0,776.3648694310875,0.0,0.0
2023,11,24,14,56.602,127.04840383778878,127.04840383778878,68.51479473747854,0.0,840.4701541465116,0.0,0.0
2023,11,24,15,56.602,47.015561813925366,47.015561813925366,0.0,11.51804728638487,828.775349004453,0.0,0.0
2023,11,24,16,56.602,0.0,-0.0,0.0,58.53360910031024,769.3434734730226,0.0,0.0
2023,11,24,17,56.602,0.0,-0.0,0.0,58.53360910031024,709.9115979415924,0.0,0.0
2023,11,24,18,56.602,0.0,-0.0,0.0,58.53360910031024,650.4797224101621,0.0,0.0
2023,11,24,19,56.602,0.0,-0.0,0.0,58.53360910031024,591.0478468787319,0.0,0.0
2023,11,24,20,56.602,0.0,-0.0,0.0,58.53360910031024,531.6159713473016,0.0,0.0
2023,11,24,21,56.602,0.0,-0.0,0.0,58.53360910031024,472.18409581587133,0.0,0.0
2023,11,24,22,56.602,0.0,-0.0,0.0,58.53360910031024,412.752220284441,0.0,0.0
2023,11,24,23,56.602,0.0,-0.0,0.0,58.53360910031024,353.3203447530107,0.0,0.0
2023,11,25,0,56.602,0.0,-0.0,0.0,58.53360910031024,293.8884692215804,0.0,0.0
2023,11,25,1,56.602,0.0,-0.0,0.0,58.53360910031024,234.4565936901501,0.0,0.0
2023,11,25,2,56.602,0.0,-0.0,0.0,58.53360910031024,175.0247181587198,0.0,0.0
2023,11,25,3,56.602,0.0,-0.0,0.0,58.53360910031024,115.59284262728949,0.0,0.0
2023,11,25,4,56.602,0.0,-0.0,0.0,58.53360910031024,56.16096709585918,0.0,0.0
2023,11,25,5,56.602,0.0,-0.0,0.0,0.0,56.16096709585918,0.0,56.602
2023,11,25,6,56.602,0.0,-0.0,0.0,55.31213789384686,-0.0,0.0,3.115162656650085
2023,11,25,7,56.602,0.9630817743543266,0.9630817743543266,0.0,0.0,-0.0,0.0,55.67069992419936
2023,11,25,8,56.602,16.48437641685545,16.48437641685545,0.0,0.0,-0.0,0.0,40.66160800490078
2023,11,25,9,56.602,16.678485921764075,16.678485921764075,0.0,0.0,0.0,0.0,40.473904113654136
2023,11,25,10,56.602,19.623724371243004,19.623724371243004,0.0,-0.0,0.0,0.0,37.625858533008014
2023,11,25,11,56.602,65.14986902250412,65.14986902250412,6.616259922193884,0.0,6.190447299573962,0.0,0.0
2023,11,25,12,56.602,135.5481604277299,135.5481604277299,77.01455132741965,0.0,78.2484569453979,0.0,0.0
2023,11,25,13,56.602,121.24005019090767,121.24005019090767,62.70644109059743,0.0,136.91920499340773,0.0,0.0
2023,11,25,14,56.602,167.7255437414287,167.7255437414287,109.19193464111848,0.0,239.0837095448298,0.0,0.0
2023,11,25,15,56.602,88.5587287394653,88.5587287394653,30.02511963915506,0.0,267.1764572565854,0.0,0.0
2023,11,25,16,56.602,0.0,-0.0,0.0,58.53360910031024,207.74458172515511,0.0,0.0
2023,11,25,17,56.602,0.0,-0.0,0.0,58.53360910031024,148.3127061937248,0.0,0.0
2023,11,25,18,56.602,0.0,-0.0,0.0,58.53360910031024,88.8808306622945,0.0,0.0
2023,11,25,19,56.602,0.0,-0.0,0.0,29.003857149535516,59.43187553143031,0.0,28.55527013639915
2023,11,25,20,56.602,0.0,-0.0,0.0,58.53360910031024,0.0,0.0,0.0
2023,11,25,21,56.602,0.0,-0.0,0.0,-0.0,0.0,0.0,56.602
2023,11,25,22,56.602,0.0,-0.0,0.0,-0.0,0.0,0.0,56.602
2023,11,25,23,56.602,0.0,-0.0,0.0,-0.0,0.0,0.0,56.602
2023,11,26,0,56.602,0.0,-0.0,0.0,-0.0,0.0,0.0,56.602
2023,11,26,1,56.602,0.0,-0.0,0.0,0.0,-0.0,0.0,56.602
2023,11,26,2,56.602,0.0,-0.0,0.0,-0.0,0.0,0.0,56.602
2023,11,26,3,56.602,0.0,-0.0,0.0,-0.0,0.0,0.0,56.602
2023,11,26,4,56.602,0.0,-0.0,0.0,0.0,-0.0,0.0,56.602
2023,11,26,5,56.602,0.0,-0.0,0.0,-0.0,0.0,0.0,56.602
2023,11,26,6,56.602,0.0,-0.0,0.0,-0.0,0.0,0.0,56.602
2023,11,26,7,56.602,69.06938787162056,58.53360910031024,-0.0,0.0,0.0,10.535778771310326,0.0
2023,11,26,8,56.602,176.55752621477112,58.53360910031024,-0.0,0.0,0.0,118.02391711446089,0.0
2023,11,26,9,56.602,228.86257203745646,58.53360910031024,-0.0,0.0,0.0,170.32896293714623,0.0
2023,11,26,10,56.602,305.6627442295724,58.53360910031024,-0.0,0.0,0.0,247.12913512926218,0.0
2023,11,26,11,56.602,326.19729012384823,237.89503462121837,179.36142552090814,0.0,167.81799163287238,88.30225550262986,0.0
2023,11,26,12,56.602,328.23543992538873,328.23543992538873,269.7018308250785,0.0,420.16221479749777,0.0,0.0
2023,11,26,13,56.602,288.1406285364747,288.1406285364747,229.60701943616448,0.0,634.9920688459945,0.0,0.0
2023,11,26,14,56.602,217.9737753871015,217.9737753871015,159.44016628679128,0.0,784.170903783061,0.0,0.0
2023,11,26,15,56.602,118.70542800181236,118.70542800181236,60.17181890150213,0.0,840.4701541465116,0.0,0.0
2023,11,26,16,56.602,0.0,-0.0,0.0,58.53360910031024,781.0382786150813,0.0,0.0
2023,11,26,17,56.602,0.0,-0.0,0.0,58.53360910031024,721.606403083651,0.0,0.0
2023,11,26,18,56.602,0.0,-0.0,0.0,58.53360910031024,662.1745275522208,0.0,0.0
2023,11,26,19,56.602,0.0,-0.0,0.0,58.53360910031024,602.7426520207905,0.0,0.0
2023,11,26,20,56.602,0.0,-0.0,0.0,58.53360910031024,543.3107764893603,0.0,0.0
2023,11,26,21,56.602,0.0,-0.0,0.0,58.53360910031024,483.87890095792994,0.0,0.0
2023,11,26,22,56.602,0.0,-0.0,0.0,58.53360910031024,424.44702542649964,0.0,0.0
2023,11,26,23,56.602,0.0,-0.0,0.0,58.53360910031024,365.0151498950693,0.0,0.0
2023,11,27,0,56.602,0.0,-0.0,0.0,58.53360910031024,305.583274363639,0.0,0.0
2023,11,27,1,56.602,0.0,-0.0,0.0,58.53360910031024,246.1513988322087,0.0,0.0
2023,11,27,2,56.602,0.0,-0.0,0.0,58.53360910031024,186.7195233007784,0.0,0.0
2023,11,27,3,56.602,0.0,-0.0,0.0,58.53360910031024,127.2876477693481,0.0,0.0
2023,11,27,4,56.602,0.0,-0.0,0.0,58.53360910031024,67.85577223791779,0.0,0.0
2023,11,27,5,56.602,0.0,-0.0,0.0,58.53360910031024,8.423896706487483,0.0,0.0
2023,11,27,6,56.602,0.0,-0.0,0.0,8.296576079921543,0.0,0.0,48.57921093071587
2023,11,27,7,56.602,64.60486925872222,64.60486925872222,6.071260158411982,0.0,5.6805229079014214,0.0,0.0
2023,11,27,8,56.602,163.05944987343292,163.05944987343292,104.5258407731227,0.0,103.47923643472977,0.0,0.0
2023,11,27,9,56.602,230.55356445521815,230.55356445521815,172.01995535490792,0.0,264.428243974101,0.0,0.0
2023,11,27,10,56.602,249.04996054795336,249.04996054795336,190.51635144764313,0.0,442.6832471349616,0.0,0.0
2023,11,27,11,56.602,236.7986644881437,236.7986644881437,178.26505538783346,0.0,609.4754293816491,0.0,0.0
2023,11,27,12,56.602,73.57123523546288,73.57123523546288,15.037626135152644,0.0,623.5452563224097,0.0,0.0
2023,11,27,13,56.602,29.59796662347076,29.59796662347076,0.0,28.935642476839476,594.1655626978733,0.0,0.0
2023,11,27,14,56.602,13.225576459447208,13.225576459447208,0.0,45.308032640863026,548.1622255062241,0.0,0.0
2023,11,27,15,56.602,4.468251487992748,4.468251487992748,0.0,54.06535761231749,493.26717198797996,0.0,0.0
2023,11,27,16,56.602,0.0,-0.0,0.0,58.53360910031024,433.83529645654966,0.0,0.0
2023,11,27,17,56.602,0.0,-0.0,0.0,58.53360910031024,374.40342092511935,0.0,0.0
2023,11,27,18,56.602,0.0,-0.0,0.0,58.53360910031024,314.97154539368904,0.0,0.0
2023,11,27,19,56.602,0.0,-0.0,0.0,58.53360910031024,255.53966986225873,0.0,0.0
2023,11,27,20,56.602,0.0,-0.0,0.0,58.53360910031024,196.10779433082843,0.0,0.0
2023,11,27,21,56.602,0.0,-0.0,0.0,58.53360910031024,136.67591879939812,0.0,0.0
2023,11,27,22,56.602,0.0,-0.0,0.0,58.53360910031024,77.24404326796781,0.0,0.0
2023,11,27,23,56.602,0.0,-0.0,0.0,0.0,77.24404326796781,0.0,56.602
2023,11,28,0,56.602,0.0,-0.0,0.0,58.53360910031024,17.812167736537504,0.0,0.0
2023,11,28,1,56.602,0.0,-0.0,0.0,17.542950717889852,-0.0,0.0,39.63796665580051
2023,11,28,2,56.602,0.0,-0.0,0.0,0.0,-0.0,0.0,56.602
2023,11,28,3,56.602,0.0,-0.0,0.0,0.0,-0.0,0.0,56.602
2023,11,28,4,56.602,0.0,-0.0,0.0,0.0,-0.0,0.0,56.602
2023,11,28,5,56.602,0.0,-0.0,0.0,0.0,-0.0,0.0,56.602
2023,11,28,6,56.602,0.0,-0.0,0.0,0.0,-0.0,0.0,56.602
2023,11,28,7,56.602,3.150546579670743,3.150546579670743,0.0,0.0,-0.0,0.0,53.55542145745839
2023,11,28,8,56.602,9.141811106177274,9.141811106177274,0.0,0.0,-0.0,0.0,47.76186866032657
2023,11,28,9,56.602,56.72476993445097,56.72476993445097,0.0,0.0,0.0,0.0,1.749147473385912
2023,11,28,10,56.602,185.22526218396004,185.22526218396004,126.69165308364981,0.0,118.53796721005824,0.0,0.0
2023,11,28,11,56.602,90.44383066213558,90.44383066213558,31.910221561825345,0.0,148.39449449574968,0.0,0.0
2023,11,28,12,56.602,132.48720285032468,132.48720285032468,73.95359375001445,0.0,217.58854522944017,0.0,0.0
2023,11,28,13,56.602,174.53430791360813,174.53430791360813,116.00069881329789,0.0,326.1236120439493,0.0,0.0
2023,11,28,14,56.602,124.46525427246634,124.46525427246634,65.93164517215611,0.0,387.81199484815835,0.0,0.0
2023,11,28,15,56.602,54.21254499592204,54.21254499592204,0.0,4.321064104388199,383.4246189804712,0.0,0.0
2023,11,28,16,56.602,0.0,-0.0,0.0,58.53360910031024,323.9927434490409,0.0,0.0
2023,11,28,17,56.602,0.0,-0.0,0.0,58.53360910031024,264.5608679176106,0.0,0.0
2023,11,28,18,56.602,0.0,-0.0,0.0,58.53360910031024,205.1289923861803,0.0,0.0
2023,11,28,19,56.602,0.0,-0.0,0.0,58.53360910031024,145.69711685475,0.0,0.0
2023,11,28,20,56.602,0.0,-0.0,0.0,58.53360910031024,86.26524132331969,0.0,0.0
2023,11,28,21,56.602,0.0,-0.0,0.0,58.53360910031024,26.833365791889378,0.0,0.0
2023,11,28,22,56.602,0.0,-0.0,0.0,26.42780040278985,-0.0,0.0,31.046317010502214
2023,11,28,23,56.602,0.0,-0.0,0.0,0.0,-0.0,0.0,56.602
2023,11,29,0,56.602,0.0,-0.0,0.0,0.0,-0.0,0.0,56.602
2023,11,29,1,56.602,0.0,-0.0,0.0,0.0,-0.0,0.0,56.602
2023,11,29,2,56.602,0.0,-0.0,0.0,0.0,-0.0,0.0,56.602
2023,11,29,3,56.602,0.0,-0.0,0.0,0.0,-0.0,0.0,56.602
2023,11,29,4,56.602,0.0,-0.0,0.0,0.0,-0.0,0.0,56.602
2023,11,29,5,56.602,0.0,-0.0,0.0,0.0,-0.0,0.0,56.602
2023,11,29,6,56.602,0.0,-0.0,0.0,0.0,-0.0,0.0,56.602
2023,11,29,7,56.602,30.72156202688414,30.72156202688414,0.0,0.0,0.0,0.0,26.894249520003033
2023,11,29,8,56.602,117.60422984896536,117.60422984896536,59.070620748655124,0.0,55.26892368164643,0.0,0.0
2023,11,29,9,56.602,156.377603454463,156.377603454463,97.84399435415277,0.0,146.81582446125662,0.0,0.0
2023,11,29,10,56.602,186.97224772813766,186.97224772813766,128.43863862782743,0.0,266.98834383092276,0.0,0.0
2023,11,29,11,56.602,227.82483276121425,227.82483276121425,169.29122366090402,0.0,425.38423677911163,0.0,0.0
2023,11,29,12,56.602,162.49951860927345,162.49951860927345,103.96590950896321,0.0,522.6590553829888,0.0,0.0
2023,11,29,13,56.602,121.47895419694905,121.47895419694905,62.94534509663881,0.0,581.5533319314578,0.0,0.0
2023,11,29,14,56.602,38.489675098323495,38.489675098323495,0.0,20.04393400198674,561.2018004083492,0.0,0.0
2023,11,29,15,56.602,21.576018045612432,21.576018045612432,0.0,36.95759105469781,523.6770520583852,0.0,0.0
2023,11,29,16,56.602,0.0,-0.0,0.0,58.53360910031024,464.24517652695494,0.0,0.0
2023,11,29,17,56.602,0.0,-0.0,0.0,58.53360910031024,404.8133009955246,0.0,0.0
2023,11,29,18,56.602,0.0,-0.0,0.0,58.53360910031024,345.3814254640943,0.0,0.0
2023,11,29,19,56.602,0.0,-0.0,0.0,58.53360910031024,285.949549932664,0.0,0.0
2023,11,29,20,56.602,0.0,-0.0,0.0,58.53360910031024,226.5176744012337,0.0,0.0
2023,11,29,21,56.602,0.0,-0.0,0.0,58.53360910031024,167.0857988698034,0.0,0.0
2023,11,29,22,56.602,0.0,-0.0,0.0,58.53360910031024,107.65392333837309,0.0,0.0
2023,11,29,23,56.602,0.0,-0.0,0.0,47.493209176199365,59.43187553143031,0.0,10.676066726615213
2023,11,30,0,56.602,0.0,-0.0,0.0,0.0,59.43187553143031,0.0,56.602
2023,11,30,1,56.602,0.0,-0.0,0.0,58.53360910031024,-0.0,0.0,0.0
2023,11,30,2,56.602,0.0,-0.0,0.0,0.0,-0.0,0.0,56.602
2023,11,30,3,56.602,0.0,-0.0,0.0,0.0,-0.0,0.0,56.602
2023,11,30,4,56.602,0.0,-0.0,0.0,0.0,-0.0,0.0,56.602
2023,11,30,5,56.602,0.0,-0.0,0.0,0.0,-0.0,0.0,56.602
2023,11,30,6,56.602,0.0,-0.0,0.0,0.0,-0.0,0.0,56.602
2023,11,30,7,56.602,38.41501759643557,38.41501759643557,0.0,0.0,0.0,0.0,19.454677984246803
2023,11,30,8,56.602,112.56111559643553,112.56111559643553,54.02750649612529,0.0,50.55037674226556,0.0,0.0
2023,11,30,9,56.602,107.72704234919188,107.72704234919188,49.19343324888164,0.0,96.57779398305202,0.0,0.0
2023,11,30,10,56.602,90.88430992327439,90.88430992327439,32.35070082296415,0.0,126.84645194146512,0.0,0.0
2023,11,30,11,56.602,97.06595107959518,97.06595107959518,38.53234197928494,0.0,162.89890984925995,0.0,0.0
2023,11,30,12,56.602,97.10701270563354,97.10701270563354,38.5734036053233,0.0,198.9897867180712,0.0,0.0
2023,11,30,13,56.602,45.74638428183048,45.74638428183048,0.0,12.787224818479757,186.00632703592635,0.0,0.0
2023,11,30,14,56.602,52.85751133665607,52.85751133665607,0.0,5.676097763654169,180.24312293867658,0.0,0.0
2023,11,30,15,56.602,35.80200503035793,35.80200503035793,0.0,22.731604069952304,157.16267591891472,0.0,0.0
2023,11,30,16,56.602,0.0,-0.0,0.0,58.53360910031024,97.73080038748441,0.0,0.0
2023,11,30,17,56.602,0.0,-0.0,0.0,58.53360910031024,38.2989248560541,0.0,0.0
2023,11,30,18,56.602,0.0,-0.0,0.0,37.72006648689513,-0.0,0.0,20.12669570717241
2023,11,30,19,56.602,0.0,-0.0,0.0,0.0,-0.0,0.0,56.602
2023,11,30,20,56.602,0.0,-0.0,0.0,0.0,-0.0,0.0,56.602
2023,11,30,21,56.602,0.0,-0.0,0.0,0.0,-0.0,0.0,56.602
2023,11,30,22,56.602,0.0,-0.0,0.0,0.0,-0.0,0.0,56.602
2023,11,30,23,56.602,0.0,-0.0,0.0,0.0,-0.0,0.0,56.602
2023,12,1,0,56.602,0.0,-0.0,0.0,0.0,-0.0,0.0,56.602
2023,12,1,1,56.602,0.0,-0.0,0.0,0.0,-0.0,0.0,56.602
2023,12,1,2,56.602,0.0,-0.0,0.0,0.0,-0.0,0.0,56.602
2023,12,1,3,56.602,0.0,-0.0,0.0,0.0,-0.0,0.0,56.602
2023,12,1,4,56.602,0.0,-0.0,0.0,0.0,-0.0,0.0,56.602
2023,12,1,5,56.602,0.0,-0.0,0.0,0.0,-0.0,0.0,56.602
2023,12,1,6,56.602,0.0,-0.0,0.0,0.0,-0.0,0.0,56.602
2023,12,1,7,56.602,22.852661327896076,22.852661327896076,0.0,0.0,0.0,0.0,34.503476495924495
2023,12,1,8,56.602,118.67556500105718,118.67556500105718,60.14195590074694,0.0,56.27130930089314,0.0,0.0
2023,12,1,9,56.602,177.21824510647932,177.21824510647932,118.68463600616909,0.0,167.3175791127486,0.0,0.0
2023,12,1,10,56.602,206.6780953514574,206.6780953514574,148.14448625114713,0.0,305.9277071374788,0.0,0.0
2023,12,1,11,56.602,230.3818522008759,230.3818522008759,171.84824310056567,0.0,466.71605356714497,0.0,0.0
2023,12,1,12,56.602,263.3468721594924,263.3468721594924,204.81326305918216,0.0,658.3478404273607,0.0,0.0
2023,12,1,13,56.602,189.30156178704115,189.30156178704115,130.76795268673092,0.0,780.699762676504,0.0,0.0
2023,12,1,14,56.602,71.14859929919947,71.14859929919947,12.614990198889238,0.0,792.5028709172956,0.0,0.0
2023,12,1,15,56.602,26.249577663796995,26.249577663796995,0.0,32.28403143651324,759.7234034031786,0.0,0.0
2023,12,1,16,56.602,0.0,-0.0,0.0,58.53360910031024,700.2915278717483,0.0,0.0
2023,12,1,17,56.602,0.0,-0.0,0.0,58.53360910031024,640.859652340318,0.0,0.0
2023,12,1,18,56.602,0.0,-0.0,0.0,58.53360910031024,581.4277768088878,0.0,0.0
2023,12,1,19,56.602,0.0,-0.0,0.0,58.53360910031024,521.9959012774575,0.0,0.0
2023,12,1,20,56.602,0.0,-0.0,0.0,58.53360910031024,462.5640257460272,0.0,0.0
2023,12,1,21,56.602,0.0,-0.0,0.0,58.53360910031024,403.1321502145969,0.0,0.0
2023,12,1,22,56.602,0.0,-0.0,0.0,58.53360910031024,343.7002746831666,0.0,0.0
2023,12,1,23,56.602,0.0,-0.0,0.0,58.53360910031024,284.2683991517363,0.0,0.0
2023,12,2,0,56.602,0.0,-0.0,0.0,58.53360910031024,224.83652362030597,0.0,0.0
2023,12,2,1,56.602,0.0,-0.0,0.0,58.53360910031024,165.40464808887566,0.0,0.0
2023,12,2,2,56.602,0.0,-0.0,0.0,58.53360910031024,105.97277255744535,0.0,0.0
2023,12,2,3,56.602,0.0,-0.0,0.0,58.53360910031024,46.540897026015045,0.0,0.0
2023,12,2,4,56.602,0.0,-0.0,0.0,45.83746767772588,-0.0,0.0,12.27716875563907
2023,12,2,5,56.602,0.0,-0.0,0.0,0.0,-0.0,0.0,56.602
2023,12,2,6,56.602,0.0,-0.0,0.0,0.0,-0.0,0.0,56.602
2023,12,2,7,56.602,39.46768837305541,39.46768837305541,0.0,0.0,0.0,0.0,18.436745343255417
2023,12,2,8,56.602,140.29264467270798,58.53360910031024,-0.0,0.0,0.0,81.75903557239775,0.0
2023,12,2,9,56.602,223.37897852378785,204.50659452201197,145.97298542170174,0.0,136.57838175058964,18.872384001775885,0.0
2023,12,2,10,56.602,242.94297689352052,242.94297689352052,184.40936779321027,0.0,309.11943761846203,0.0,0.0
2023,12,2,11,56.602,241.3751693538739,241.3751693538739,182.84156025356367,0.0,480.1935877020709,0.0,0.0
2023,12,2,12,56.602,259.4945450620751,259.4945450620751,200.96093596176482,0.0,668.220977492382,0.0,0.0
2023,12,2,13,56.602,195.23310031203735,195.23310031203735,136.69949121172712,0.0,796.1226932919888,0.0,0.0
2023,12,2,14,56.602,105.93152942878713,105.93152942878713,47.39792032847689,0.0,840.4701541465116,0.0,0.0
2023,12,2,15,56.602,57.31829707446002,57.31829707446002,0.0,1.2153120258502164,839.2361917416239,0.0,0.0
2023,12,2,16,56.602,0.0,-0.0,0.0,58.53360910031024,779.8043162101935,0.0,0.0
2023,12,2,17,56.602,0.0,-0.0,0.0,58.53360910031024,720.3724406787633,0.0,0.0
2023,12,2,18,56.602,0.0,-0.0,0.0,58.53360910031024,660.940565147333,0.0,0.0
2023,12,2,19,56.602,0.0,-0.0,0.0,58.53360910031024,601.5086896159028,0.0,0.0
2023,12,2,20,56.602,0.0,-0.0,0.0,58.53360910031024,542.0768140844725,0.0,0.0
2023,12,2,21,56.602,0.0,-0.0,0.0,58.53360910031024,482.6449385530422,0.0,0.0
2023,12,2,22,56.602,0.0,-0.0,0.0,58.53360910031024,423.2130630216119,0.0,0.0
2023,12,2,23,56.602,0.0,-0.0,0.0,58.53360910031024,363.7811874901816,0.0,0.0
2023,12,3,0,56.602,0.0,-0.0,0.0,58.53360910031024,304.3493119587513,0.0,0.0
2023,12,3,1,56.602,0.0,-0.0,0.0,58.53360910031024,244.91743642732098,0.0,0.0
2023,12,3,2,56.602,0.0,-0.0,0.0,58.53360910031024,185.48556089589067,0.0,0.0
2023,12,3,3,56.602,0.0,-0.0,0.0,58.53360910031024,126.05368536446036,0.0,0.0
2023,12,3,4,56.602,0.0,-0.0,0.0,58.53360910031024,66.62180983303006,0.0,0.0
2023,12,3,5,56.602,0.0,-0.0,0.0,58.53360910031024,7.189934301599749,0.0,0.0
2023,12,3,6,56.602,0.0,-0.0,0.0,3.8644130495983418,3.266217331197936,0.0,52.8651125810384
2023,12,3,7,56.602,33.073273336354006,33.073273336354006,0.0,0.0,3.266217331197936,0.0,24.620144683745675
2023,12,3,8,56.602,35.89159403262345,35.89159403262345,0.0,0.0,3.266217331197936,0.0,21.894828570453118
2023,12,3,9,56.602,69.17764124935803,69.17764124935803,10.644032149047797,0.0,13.225215443201142,0.0,0.0
2023,12,3,10,56.602,154.08935102159788,154.08935102159788,95.55574192128763,0.0,102.63113230435057,0.0,0.0
2023,12,3,11,56.602,206.82741035523327,206.82741035523327,148.29380125492304,0.0,241.38096564186782,0.0,0.0
2023,12,3,12,56.602,231.57263935598843,231.57263935598843,173.0390302556782,0.0,403.2834619410103,0.0,0.0
2023,12,3,13,56.602,155.76914481407636,155.76914481407636,97.23553571376611,0.0,494.26106357101344,0.0,0.0
2023,12,3,14,56.602,101.17211368343146,101.17211368343146,42.638504583121225,0.0,534.1554175804507,0.0,0.0
2023,12,3,15,56.602,59.31538524996222,59.31538524996222,0.7817761496519827,0.0,534.8868797828727,0.0,0.0
2023,12,3,16,56.602,0.0,-0.0,0.0,58.53360910031024,475.45500425144246,0.0,0.0
2023,12,3,17,56.602,0.0,-0.0,0.0,58.53360910031024,416.02312872001215,0.0,0.0
2023,12,3,18,56.602,0.0,-0.0,0.0,58.53360910031024,356.59125318858185,0.0,0.0
2023,12,3,19,56.602,0.0,-0.0,0.0,58.53360910031024,297.15937765715154,0.0,0.0
2023,12,3,20,56.602,0.0,-0.0,0.0,58.53360910031024,237.72750212572123,0.0,0.0
2023,12,3,21,56.602,0.0,-0.0,0.0,58.53360910031024,178.29562659429092,0.0,0.0
2023,12,3,22,56.602,0.0,-0.0,0.0,58.53360910031024,118.86375106286062,0.0,0.0
2023,12,3,23,56.602,0.0,-0.0,0.0,58.53360910031024,59.43187553143031,0.0,0.0
2023,12,4,0,56.602,0.0,-0.0,0.0,58.53360910031024,-0.0,0.0,0.0
2023,12,4,1,56.602,0.0,-0.0,0.0,0.0,-0.0,0.0,56.602
2023,12,4,2,56.602,0.0,-0.0,0.0,0.0,-0.0,0.0,56.602
2023,12,4,3,56.602,0.0,-0.0,0.0,0.0,-0.0,0.0,56.602
2023,12,4,4,56.602,0.0,-0.0,0.0,0.0,-0.0,0.0,56.602
2023,12,4,5,56.602,0.0,-0.0,0.0,0.0,-0.0,0.0,56.602
2023,12,4,6,56.602,0.0,-0.0,0.0,0.0,-0.0,0.0,56.602
2023,12,4,7,56.602,35.861731031868246,35.861731031868246,0.0,0.0,0.0,0.0,21.923706092183405
2023,12,4,8,56.602,142.10682196858474,58.53360910031024,-0.0,0.0,0.0,83.57321286827451,0.0
2023,12,4,9,56.602,241.2743817263252,58.53360910031024,-0.0,0.0,0.0,182.74077262601497,0.0
2023,12,4,10,56.602,287.23727276363076,269.05707590924135,210.5234668089311,0.0,196.9744904115189,18.180196854389408,0.0
2023,12,4,11,56.602,311.14260486814663,311.14260486814663,252.6089957678364,0.0,433.3259478948527,0.0,0.0
2023,12,4,12,56.602,275.9378598528922,275.9378598528922,217.40425075258193,0.0,636.738385255832,0.0,0.0
2023,12,4,13,56.602,225.57017620419862,225.57017620419862,167.0365671038884,0.0,793.0247279809371,0.0,0.0
2023,12,4,14,56.602,109.2425896375169,109.2425896375169,50.70898053720667,0.0,840.4701541465116,0.0,0.0
2023,12,4,15,56.602,43.32374834556711,43.32374834556711,0.0,15.209860754743126,825.0268803569669,0.0,0.0
2023,12,4,16,56.602,0.0,-0.0,0.0,58.53360910031024,765.5950048255365,0.0,0.0
2023,12,4,17,56.602,0.0,-0.0,0.0,58.53360910031024,706.1631292941063,0.0,0.0
2023,12,4,18,56.602,0.0,-0.0,0.0,58.53360910031024,646.731253762676,0.0,0.0
2023,12,4,19,56.602,0.0,-0.0,0.0,58.53360910031024,587.2993782312458,0.0,0.0
2023,12,4,20,56.602,0.0,-0.0,0.0,58.53360910031024,527.8675026998155,0.0,0.0
2023,12,4,21,56.602,0.0,-0.0,0.0,58.53360910031024,468.4356271683852,0.0,0.0
2023,12,4,22,56.602,0.0,-0.0,0.0,58.53360910031024,409.0037516369549,0.0,0.0
2023,12,4,23,56.602,0.0,-0.0,0.0,58.53360910031024,349.5718761055246,0.0,0.0
2023,12,5,0,56.602,0.0,-0.0,0.0,58.53360910031024,290.1400005740943,0.0,0.0
2023,12,5,1,56.602,0.0,-0.0,0.0,58.53360910031024,230.708125042664,0.0,0.0
2023,12,5,2,56.602,0.0,-0.0,0.0,58.53360910031024,171.2762495112337,0.0,0.0
2023,12,5,3,56.602,0.0,-0.0,0.0,58.53360910031024,111.84437397980338,0.0,0.0
2023,12,5,4,56.602,0.0,-0.0,0.0,51.6203244254886,59.43187553143031,0.0,6.685146280552525
2023,12,5,5,56.602,0.0,-0.0,0.0,58.53360910031024,-0.0,0.0,0.0
2023,12,5,6,56.602,0.0,-0.0,0.0,0.0,-0.0,0.0,56.602
2023,12,5,7,56.602,1.5640746645521817,1.5640746645521817,0.0,0.0,-0.0,0.0,55.08953979937804
2023,12,5,8,56.602,12.135576931883394,12.135576931883394,0.0,0.0,-0.0,0.0,44.866897106868755
2023,12,5,9,56.602,34.57015624920705,34.57015624920705,0.0,0.0,0.0,0.0,23.17265890701678
2023,12,5,10,56.602,90.36544028515326,90.36544028515326,31.831831184843022,0.0,29.783181996478284,0.0,0.0
2023,12,5,11,56.602,164.01879877269286,164.01879877269286,105.48518967238263,0.0,128.4795021579631,0.0,0.0
2023,12,5,12,56.602,148.23620287358398,148.23620287358398,89.70259377327375,0.0,212.40897075786222,0.0,0.0
2023,12,5,13,56.602,130.3221352955746,130.3221352955746,71.78852619526437,0.0,279.5772944561412,0.0,0.0
2023,12,5,14,56.602,69.75996976408393,69.75996976408393,11.226360663773699,0.0,290.0811432880137,0.0,0.0
2023,12,5,15,56.602,17.817012825555004,17.817012825555004,0.0,40.71659627475523,248.73970340314716,0.0,0.0
2023,12,5,16,56.602,0.0,-0.0,0.0,58.53360910031024,189.30782787171685,0.0,0.0
2023,12,5,17,56.602,0.0,-0.0,0.0,58.53360910031024,129.87595234028655,0.0,0.0
2023,12,5,18,56.602,0.0,-0.0,0.0,58.53360910031024,70.44407680885624,0.0,0.0
2023,12,5,19,56.602,0.0,-0.0,0.0,10.845760446612545,59.43187553143031,0.0,46.11414964812567
2023,12,5,20,56.602,0.0,-0.0,0.0,0.0,59.43187553143031,0.0,56.602
2023,12,5,21,56.602,0.0,-0.0,0.0,58.53360910031024,-0.0,0.0,0.0
2023,12,5,22,56.602,0.0,-0.0,0.0,0.0,-0.0,0.0,56.602
2023,12,5,23,56.602,0.0,-0.0,0.0,0.0,-0.0,0.0,56.602
2023,12,6,0,56.602,0.0,-0.0,0.0,0.0,-0.0,0.0,56.602
2023,12,6,1,56.602,0.0,-0.0,0.0,0.0,-0.0,0.0,56.602
2023,12,6,2,56.602,0.0,-0.0,0.0,0.0,-0.0,0.0,56.602
2023,12,6,3,56.602,0.0,-0.0,0.0,0.0,-0.0,0.0,56.602
2023,12,6,4,56.602,0.0,-0.0,0.0,0.0,-0.0,0.0,56.602
2023,12,6,5,56.602,0.0,-0.0,0.0,0.0,-0.0,0.0,56.602
2023,12,6,6,56.602,0.0,-0.0,0.0,0.0,-0.0,0.0,56.602
2023,12,6,7,56.602,16.48437641685545,16.48437641685545,0.0,0.0,0.0,0.0,40.66160800490078
2023,12,6,8,56.602,71.906372943362,71.906372943362,13.372763843051766,0.0,12.512112703185638,0.0,0.0
2023,12,6,9,56.602,164.25023702854546,164.25023702854546,105.71662792823521,0.0,111.4249760994903,0.0,0.0
2023,12,6,10,56.602,229.16866779519697,229.16866779519697,170.6350586948867,0.0,271.078216862762,0.0,0.0
2023,12,6,11,56.602,173.29126050717406,173.29126050717406,114.75765140686383,0.0,378.45023694831946,0.0,0.0
2023,12,6,12,56.602,159.69986228847597,159.69986228847597,101.16625318816573,0.0,473.1055809374403,0.0,0.0
2023,12,6,13,56.602,127.8136432321401,127.8136432321401,69.28003413182986,0.0,537.9268553808978,0.0,0.0
2023,12,6,14,56.602,95.266705284096,95.266705284096,36.73309618378577,0.0,572.2958642696093,0.0,0.0
2023,12,6,15,56.602,26.6863240498414,26.6863240498414,0.0,31.847285050468834,539.9598455236985,0.0,0.0
2023,12,6,16,56.602,0.0,-0.0,0.0,58.53360910031024,480.5279699922682,0.0,0.0
2023,12,6,17,56.602,0.0,-0.0,0.0,58.53360910031024,421.0960944608379,0.0,0.0
2023,12,6,18,56.602,0.0,-0.0,0.0,58.53360910031024,361.6642189294076,0.0,0.0
2023,12,6,19,56.602,0.0,-0.0,0.0,58.53360910031024,302.2323433979773,0.0,0.0
2023,12,6,20,56.602,0.0,-0.0,0.0,58.53360910031024,242.80046786654697,0.0,0.0
2023,12,6,21,56.602,0.0,-0.0,0.0,58.53360910031024,183.36859233511666,0.0,0.0
2023,12,6,22,56.602,0.0,-0.0,0.0,58.53360910031024,123.93671680368635,0.0,0.0
2023,12,6,23,56.602,0.0,-0.0,0.0,58.53360910031024,64.50484127225604,0.0,0.0
2023,12,7,0,56.602,0.0,-0.0,0.0,58.53360910031024,5.072965740825737,0.0,0.0
2023,12,7,1,56.602,0.0,-0.0,0.0,4.996291821477679,-0.0,0.0,51.77058580863108
2023,12,7,2,56.602,0.0,-0.0,0.0,0.0,-0.0,0.0,56.602
2023,12,7,3,56.602,0.0,-0.0,0.0,0.0,-0.0,0.0,56.602
2023,12,7,4,56.602,0.0,-0.0,0.0,0.0,-0.0,0.0,56.602
2023,12,7,5,56.602,0.0,-0.0,0.0,0.0,-0.0,0.0,56.602
2023,12,7,6,56.602,0.0,-0.0,0.0,0.0,-0.0,0.0,56.602
2023,12,7,7,56.602,40.81898915722695,40.81898915722695,0.0,0.0,0.0,0.0,17.130037484961537
2023,12,7,8,56.602,129.5606287763177,58.53360910031024,-0.0,0.0,0.0,71.02701967600748,0.0
2023,12,7,9,56.602,218.0073712629511,84.8924726173381,26.358863517027867,0.0,24.662446366635066,133.11489864561298,0.0
2023,12,7,10,56.602,273.76532654795335,273.76532654795335,215.23171744764312,0.0,226.04217142656356,0.0,0.0
2023,12,7,11,56.602,275.74748322307795,275.74748322307795,217.21387412276772,0.0,429.27648451373943,0.0,0.0
2023,12,7,12,56.602,271.3128276109348,271.3128276109348,212.77921851062453,0.0,628.3615498111415,0.0,0.0
2023,12,7,13,56.602,173.5376302634042,173.5376302634042,115.00402116309397,0.0,735.9640836627974,0.0,0.0
2023,12,7,14,56.602,133.7489146322307,133.7489146322307,75.21530553192046,0.0,806.338644289538,0.0,0.0
2023,12,7,15,56.602,95.01286977767704,95.01286977767704,36.4792606773668,0.0,840.4701541465116,0.0,0.0
2023,12,7,16,56.602,0.0,-0.0,0.0,58.53360910031024,781.0382786150813,0.0,0.0
2023,12,7,17,56.602,0.0,-0.0,0.0,58.53360910031024,721.606403083651,0.0,0.0
2023,12,7,18,56.602,0.0,-0.0,0.0,58.53360910031024,662.1745275522208,0.0,0.0
2023,12,7,19,56.602,0.0,-0.0,0.0,58.53360910031024,602.7426520207905,0.0,0.0
2023,12,7,20,56.602,0.0,-0.0,0.0,58.53360910031024,543.3107764893603,0.0,0.0
2023,12,7,21,56.602,0.0,-0.0,0.0,58.53360910031024,483.87890095792994,0.0,0.0
2023,12,7,22,56.602,0.0,-0.0,0.0,58.53360910031024,424.44702542649964,0.0,0.0
2023,12,7,23,56.602,0.0,-0.0,0.0,58.53360910031024,365.0151498950693,0.0,0.0
2023,12,8,0,56.602,0.0,-0.0,0.0,58.53360910031024,305.583274363639,0.0,0.0
2023,12,8,1,56.602,0.0,-0.0,0.0,58.53360910031024,246.1513988322087,0.0,0.0
2023,12,8,2,56.602,0.0,-0.0,0.0,58.53360910031024,186.7195233007784,0.0,0.0
2023,12,8,3,56.602,0.0,-0.0,0.0,58.53360910031024,127.2876477693481,0.0,0.0
2023,12,8,4,56.602,0.0,-0.0,0.0,58.53360910031024,67.85577223791779,0.0,0.0
2023,12,8,5,56.602,0.0,-0.0,0.0,58.53360910031024,8.423896706487483,0.0,0.0
2023,12,8,6,56.602,0.0,-0.0,0.0,8.296576079921543,-0.0,0.0,48.57921093071587
2023,12,8,7,56.602,57.26603682313847,57.26603682313847,0.0,0.0,0.0,0.0,1.2257423920250972
2023,12,8,8,56.602,163.04825124814974,58.53360910031024,-0.0,0.0,0.0,104.51464214783951,0.0
2023,12,8,9,56.602,244.7086268131701,58.53360910031024,-0.0,0.0,0.0,186.17501771285987,0.0
2023,12,8,10,56.602,292.190798013895,100.7028038970307,42.16919479672047,0.0,39.45524830106831,191.4879941168643,0.0
2023,12,8,11,56.602,311.86304976136523,311.86304976136523,253.32944066105497,0.0,276.4807839185994,0.0,0.0
2023,12,8,12,56.602,303.67312180425904,303.67312180425904,245.1395127039488,0.0,505.8434831297636,0.0,0.0
2023,12,8,13,56.602,261.4207086107838,261.4207086107838,202.88709951047355,0.0,695.6730714550271,0.0,0.0
2023,12,8,14,56.602,193.12775875879768,193.12775875879768,134.59414965848745,0.0,821.6049423443372,0.0,0.0
2023,12,8,15,56.602,78.6964727400694,78.6964727400694,20.16286363975916,0.0,840.4701541465116,0.0,0.0
2023,12,8,16,56.602,0.0,-0.0,0.0,58.53360910031024,781.0382786150813,0.0,0.0
2023,12,8,17,56.602,0.0,-0.0,0.0,58.53360910031024,721.606403083651,0.0,0.0
2023,12,8,18,56.602,0.0,-0.0,0.0,58.53360910031024,662.1745275522208,0.0,0.0
2023,12,8,19,56.602,0.0,-0.0,0.0,58.53360910031024,602.7426520207905,0.0,0.0
2023,12,8,20,56.602,0.0,-0.0,0.0,58.53360910031024,543.3107764893603,0.0,0.0
2023,12,8,21,56.602,0.0,-0.0,0.0,58.53360910031024,483.87890095792994,0.0,0.0
2023,12,8,22,56.602,0.0,-0.0,0.0,58.53360910031024,424.44702542649964,0.0,0.0
2023,12,8,23,56.602,0.0,-0.0,0.0,58.53360910031024,365.0151498950693,0.0,0.0
2023,12,9,0,56.602,0.0,-0.0,0.0,58.53360910031024,305.583274363639,0.0,0.0
2023,12,9,1,56.602,0.0,-0.0,0.0,58.53360910031024,246.1513988322087,0.0,0.0
2023,12,9,2,56.602,0.0,-0.0,0.0,58.53360910031024,186.7195233007784,0.0,0.0
2023,12,9,3,56.602,0.0,-0.0,0.0,58.53360910031024,127.2876477693481,0.0,0.0
2023,12,9,4,56.602,0.0,-0.0,0.0,58.53360910031024,67.85577223791779,0.0,0.0
2023,12,9,5,56.602,0.0,-0.0,0.0,7.80953417844737,59.92639165835144,0.0,49.05018044944139
2023,12,9,6,56.602,0.0,-0.0,0.0,58.53360910031024,0.494516126921134,0.0,0.0
2023,12,9,7,56.602,16.954718678749426,16.954718678749426,0.0,0.0,0.494516126921134,0.0,40.2067870376493
2023,12,9,8,56.602,52.364771824195714,52.364771824195714,0.0,0.0,0.494516126921134,0.0,5.965265646002743
2023,12,9,9,56.602,134.1781952680863,134.1781952680863,75.64458616777608,0.0,71.27072952792435,0.0,0.0
2023,12,9,10,56.602,234.3051039250867,234.3051039250867,175.77149482477648,0.0,235.72983305106888,0.0,0.0
2023,12,9,11,56.602,235.49215820510486,235.49215820510486,176.9585491047946,0.0,401.29959381087,0.0,0.0
2023,12,9,12,56.602,208.57066302431647,208.57066302431647,150.03705392400624,0.0,541.6804866751754,0.0,0.0
2023,12,9,13,56.602,179.6296824174595,179.6296824174595,121.09607331714925,0.0,654.9829972885409,0.0,0.0
2023,12,9,14,56.602,165.40369543271402,165.40369543271402,106.87008633240377,0.0,754.9750842261252,0.0,0.0
2023,12,9,15,56.602,77.38623358193622,77.38623358193622,18.852624481625988,0.0,772.6143819085937,0.0,0.0
2023,12,9,16,56.602,0.0,-0.0,0.0,58.53360910031024,713.1825063771635,0.0,0.0
2023,12,9,17,56.602,0.0,-0.0,0.0,58.53360910031024,653.7506308457332,0.0,0.0
2023,12,9,18,56.602,0.0,-0.0,0.0,58.53360910031024,594.318755314303,0.0,0.0
2023,12,9,19,56.602,0.0,-0.0,0.0,58.53360910031024,534.8868797828727,0.0,0.0
2023,12,9,20,56.602,0.0,-0.0,0.0,58.53360910031024,475.45500425144246,0.0,0.0
2023,12,9,21,56.602,0.0,-0.0,0.0,58.53360910031024,416.02312872001215,0.0,0.0
2023,12,9,22,56.602,0.0,-0.0,0.0,58.53360910031024,356.59125318858185,0.0,0.0
2023,12,9,23,56.602,0.0,-0.0,0.0,58.53360910031024,297.15937765715154,0.0,0.0
2023,12,10,0,56.602,0.0,-0.0,0.0,58.53360910031024,237.72750212572123,0.0,0.0
2023,12,10,1,56.602,0.0,-0.0,0.0,58.53360910031024,178.29562659429092,0.0,0.0
2023,12,10,2,56.602,0.0,-0.0,0.0,58.53360910031024,118.86375106286062,0.0,0.0
2023,12,10,3,56.602,0.0,-0.0,0.0,58.53360910031024,59.43187553143031,0.0,0.0
2023,12,10,4,56.602,0.0,-0.0,0.0,58.53360910031024,-0.0,0.0,0.0
2023,12,10,5,56.602,0.0,-0.0,0.0,0.0,-0.0,0.0,56.602
2023,12,10,6,56.602,0.0,-0.0,0.0,0.0,-0.0,0.0,56.602
2023,12,10,7,56.602,6.749038170669079,6.749038170669079,0.0,0.0,-0.0,0.0,50.075680088963
2023,12,10,8,56.602,12.882151950762719,12.882151950762719,0.0,0.0,-0.0,0.0,44.14495906361245
2023,12,10,9,56.602,21.034751156924926,21.034751156924926,0.0,0.0,-0.0,0.0,36.26139563125359
2023,12,10,10,56.602,33.86837573146049,33.86837573146049,0.0,0.0,-0.0,0.0,23.851280667677706
2023,12,10,11,56.602,53.02549071590392,53.02549071590392,0.0,0.0,-0.0,0.0,5.326350477720907
2023,12,10,12,56.602,52.917237338166416,52.917237338166416,0.0,0.0,-0.0,0.0,5.431031493993074
2023,12,10,13,56.602,32.718650202386335,32.718650202386335,0.0,0.0,-0.0,0.0,24.96306525429241
2023,12,10,14,56.602,10.29900238544026,10.29900238544026,0.0,0.0,-0.0,0.0,46.642864693279265
2023,12,10,15,56.602,6.155511030659981,6.155511030659981,0.0,0.0,-0.0,0.0,50.6496208333518
2023,12,10,16,56.602,0.0,-0.0,0.0,0.0,-0.0,0.0,56.602
2023,12,10,17,56.602,0.0,-0.0,0.0,0.0,-0.0,0.0,56.602
2023,12,10,18,56.602,0.0,-0.0,0.0,0.0,-0.0,0.0,56.602
2023,12,10,19,56.602,0.0,-0.0,0.0,0.0,-0.0,0.0,56.602
2023,12,10,20,56.602,0.0,-0.0,0.0,0.0,-0.0,0.0,56.602
2023,12,10,21,56.602,0.0,-0.0,0.0,0.0,-0.0,0.0,56.602
2023,12,10,22,56.602,0.0,-0.0,0.0,0.0,-0.0,0.0,56.602
2023,12,10,23,56.602,0.0,-0.0,0.0,0.0,-0.0,0.0,56.602
2023,12,11,0,56.602,0.0,-0.0,0.0,0.0,-0.0,0.0,56.602
2023,12,11,1,56.602,0.0,-0.0,0.0,0.0,-0.0,0.0,56.602
2023,12,11,2,56.602,0.0,-0.0,0.0,0.0,-0.0,0.0,56.602
2023,12,11,3,56.602,0.0,-0.0,0.0,0.0,-0.0,0.0,56.602
2023,12,11,4,56.602,0.0,-0.0,0.0,0.0,-0.0,0.0,56.602
2023,12,11,5,56.602,0.0,-0.0,0.0,0.0,-0.0,0.0,56.602
2023,12,11,6,56.602,0.0,-0.0,0.0,0.0,-0.0,0.0,56.602
2023,12,11,7,56.602,12.882151950762719,12.882151950762719,0.0,0.0,0.0,0.0,44.14495906361245
2023,12,11,8,56.602,63.331958851532974,58.53360910031024,-0.0,0.0,0.0,4.798349751222737,0.0
2023,12,11,9,56.602,133.50254487600054,58.53360910031024,-0.0,0.0,0.0,74.96893577569031,0.0
2023,12,11,10,56.602,233.06952226884144,142.29823107389223,83.764621973582,0.0,78.37365581070637,90.77129119494921,0.0
2023,12,11,11,56.602,295.6735704769671,295.6735704769671,237.13996137665686,0.0,300.25164288930716,0.0,0.0
2023,12,11,12,56.602,290.2347714644312,290.2347714644312,231.701162364121,0.0,517.0408639496416,0.0,0.0
2023,12,11,13,56.602,249.27393305361713,249.27393305361713,190.7403239533069,0.0,695.5054250796827,0.0,0.0
2023,12,11,14,56.602,194.50518966863,194.50518966863,135.97158056831978,0.0,822.7260774794529,0.0,0.0
2023,12,11,15,56.602,77.49821983476812,77.49821983476812,18.964610734457885,0.0,840.4701541465116,0.0,0.0
2023,12,11,16,56.602,0.0,-0.0,0.0,58.53360910031024,781.0382786150813,0.0,0.0
2023,12,11,17,56.602,0.0,-0.0,0.0,58.53360910031024,721.606403083651,0.0,0.0
2023,12,11,18,56.602,0.0,-0.0,0.0,58.53360910031024,662.1745275522208,0.0,0.0
2023,12,11,19,56.602,0.0,-0.0,0.0,58.53360910031024,602.7426520207905,0.0,0.0
2023,12,11,20,56.602,0.0,-0.0,0.0,58.53360910031024,543.3107764893603,0.0,0.0
2023,12,11,21,56.602,0.0,-0.0,0.0,58.53360910031024,483.87890095792994,0.0,0.0
2023,12,11,22,56.602,0.0,-0.0,0.0,58.53360910031024,424.44702542649964,0.0,0.0
2023,12,11,23,56.602,0.0,-0.0,0.0,58.53360910031024,365.0151498950693,0.0,0.0
2023,12,12,0,56.602,0.0,-0.0,0.0,58.53360910031024,305.583274363639,0.0,0.0
2023,12,12,1,56.602,0.0,-0.0,0.0,58.53360910031024,246.1513988322087,0.0,0.0
2023,12,12,2,56.602,0.0,-0.0,0.0,58.53360910031024,186.7195233007784,0.0,0.0
2023,12,12,3,56.602,0.0,-0.0,0.0,58.53360910031024,127.2876477693481,0.0,0.0
2023,12,12,4,56.602,0.0,-0.0,0.0,58.53360910031024,67.85577223791779,0.0,0.0
2023,12,12,5,56.602,0.0,-0.0,0.0,58.53360910031024,8.423896706487483,0.0,0.0
2023,12,12,6,56.602,0.0,-0.0,0.0,8.296576079921543,-0.0,0.0,48.57921093071587
2023,12,12,7,56.602,5.606778391783716,5.606778391783716,0.0,0.0,-0.0,0.0,51.18024529514514
2023,12,12,8,56.602,53.04788796647029,53.04788796647029,0.0,0.0,0.0,0.0,5.304692336423226
2023,12,12,9,56.602,111.10902718471522,111.10902718471522,52.57541808440498,0.0,49.19174257541198,0.0,0.0
2023,12,12,10,56.602,197.46535961848653,197.46535961848653,138.9317505181763,0.0,179.1820528011844,0.0,0.0
2023,12,12,11,56.602,252.64098638876288,252.64098638876288,194.10737728845262,0.0,360.79696873457226,0.0,0.0
2023,12,12,12,56.602,215.28237244404158,215.28237244404158,156.74876334373135,0.0,507.4576154086532,0.0,0.0
2023,12,12,13,56.602,165.57914056215066,165.57914056215066,107.04553146184041,0.0,607.6138560887622,0.0,0.0
2023,12,12,14,56.602,119.10857851200718,119.10857851200718,60.57496941169695,0.0,664.2903107967376,0.0,0.0
2023,12,12,15,56.602,55.862475787645344,55.862475787645344,0.0,2.671133312664892,661.5781858311626,0.0,0.0
2023,12,12,16,56.602,0.0,-0.0,0.0,58.53360910031024,602.1463102997322,0.0,0.0
2023,12,12,17,56.602,0.0,-0.0,0.0,58.53360910031024,542.714434768302,0.0,0.0
2023,12,12,18,56.602,0.0,-0.0,0.0,58.53360910031024,483.2825592368717,0.0,0.0
2023,12,12,19,56.602,0.0,-0.0,0.0,58.53360910031024,423.8506837054414,0.0,0.0
2023,12,12,20,56.602,0.0,-0.0,0.0,58.53360910031024,364.4188081740111,0.0,0.0
2023,12,12,21,56.602,0.0,-0.0,0.0,58.53360910031024,304.98693264258077,0.0,0.0
2023,12,12,22,56.602,0.0,-0.0,0.0,58.53360910031024,245.55505711115046,0.0,0.0
2023,12,12,23,56.602,0.0,-0.0,0.0,58.53360910031024,186.12318157972015,0.0,0.0
2023,12,13,0,56.602,0.0,-0.0,0.0,58.53360910031024,126.69130604828985,0.0,0.0
2023,12,13,1,56.602,0.0,-0.0,0.0,58.53360910031024,67.25943051685954,0.0,0.0
2023,12,13,2,56.602,0.0,-0.0,0.0,58.53360910031024,7.827554985429231,0.0,0.0
2023,12,13,3,56.602,0.0,-0.0,0.0,0.0,7.827554985429231,0.0,56.602
2023,12,13,4,56.602,0.0,-0.0,0.0,7.709247598723395,0.0,0.0,49.14715757203447
2023,12,13,5,56.602,0.0,-0.0,0.0,0.0,-0.0,0.0,56.602
2023,12,13,6,56.602,0.0,-0.0,0.0,-0.0,0.0,0.0,56.602
2023,12,13,7,56.602,1.0713351520918286,1.0713351520918286,0.0,-0.0,0.0,0.0,55.5660189079272
2023,12,13,8,56.602,24.939338505663784,24.939338505663784,0.0,-0.0,0.0,0.0,32.48565966502312
2023,12,13,9,56.602,68.367607353874,68.367607353874,9.833998253563772,0.0,9.201096790133779,0.0,0.0
2023,12,13,10,56.602,168.52811188672396,168.52811188672396,109.99450278641373,0.0,112.11651739778593,0.0,0.0
2023,12,13,11,56.602,189.96974642893812,189.96974642893812,131.4361373286279,0.0,235.09362092165102,0.0,0.0
2023,12,13,12,56.602,190.3579654387554,190.3579654387554,131.82435633844517,0.0,358.43395825876235,0.0,0.0
2023,12,13,13,56.602,197.32724323999386,197.32724323999386,138.79363413968363,0.0,488.2950410702068,0.0,0.0
2023,12,13,14,56.602,142.50997247877956,142.50997247877956,83.97636337846932,0.0,566.8668109247245,0.0,0.0
2023,12,13,15,56.602,71.4621608071288,71.4621608071288,12.928551706818562,0.0,578.9633003223688,0.0,0.0
2023,12,13,16,56.602,0.0,-0.0,0.0,58.53360910031024,519.5314247909384,0.0,0.0
2023,12,13,17,56.602,0.0,-0.0,0.0,58.53360910031024,460.09954925950814,0.0,0.0
2023,12,13,18,56.602,0.0,-0.0,0.0,58.53360910031024,400.66767372807783,0.0,0.0
2023,12,13,19,56.602,0.0,-0.0,0.0,58.53360910031024,341.2357981966475,0.0,0.0
2023,12,13,20,56.602,0.0,-0.0,0.0,58.53360910031024,281.8039226652172,0.0,0.0
2023,12,13,21,56.602,0.0,-0.0,0.0,58.53360910031024,222.3720471337869,0.0,0.0
2023,12,13,22,56.602,0.0,-0.0,0.0,58.53360910031024,162.9401716023566,0.0,0.0
2023,12,13,23,56.602,0.0,-0.0,0.0,58.53360910031024,103.50829607092629,0.0,0.0
2023,12,14,0,56.602,0.0,-0.0,0.0,58.53360910031024,44.076420539495984,0.0,0.0
2023,12,14,1,56.602,0.0,-0.0,0.0,0.0,44.076420539495984,0.0,56.602
2023,12,14,2,56.602,0.0,-0.0,0.0,43.410239830566184,0.0,0.0,14.624298083842499
2023,12,14,3,56.602,0.0,-0.0,0.0,-0.0,0.0,0.0,56.602
2023,12,14,4,56.602,0.0,-0.0,0.0,-0.0,0.0,0.0,56.602
2023,12,14,5,56.602,0.0,-0.0,0.0,-0.0,0.0,0.0,56.602
2023,12,14,6,56.602,0.0,-0.0,0.0,-0.0,0.0,0.0,56.602
2023,12,14,7,56.602,0.7540407690681162,0.7540407690681162,0.0,0.0,-0.0,0.0,55.87284257631113
2023,12,14,8,56.602,15.252527635704569,15.252527635704569,0.0,-0.0,-0.0,0.0,41.85280577627368
2023,12,14,9,56.602,29.933925381966453,29.933925381966453,0.0,0.0,0.0,0.0,27.655894155638435
2023,12,14,10,56.602,41.714879179882175,41.714879179882175,0.0,-0.0,0.0,0.0,16.263711833053936
2023,12,14,11,56.602,75.1017140241655,75.1017140241655,16.568104923855266,0.0,15.501806396827396,0.0,0.0
2023,12,14,12,56.602,20.948895029753768,20.948895029753768,0.0,15.267508687332626,0.0,0.0,21.580737605577454
2023,12,14,13,56.602,16.868862551578303,16.868862551578303,0.0,0.0,-0.0,0.0,40.28980991262378
2023,12,14,14,56.602,9.981708002416548,9.981708002416548,0.0,-0.0,0.0,0.0,46.94968836166319
2023,12,14,15,56.602,6.674380668781148,6.674380668781148,0.0,0.0,-0.0,0.0,50.147873893288626
2023,12,14,16,56.602,0.0,-0.0,0.0,-0.0,0.0,0.0,56.602
2023,12,14,17,56.602,0.0,-0.0,0.0,-0.0,0.0,0.0,56.602
2023,12,14,18,56.602,0.0,-0.0,0.0,-0.0,0.0,0.0,56.602
2023,12,14,19,56.602,0.0,-0.0,0.0,-0.0,0.0,0.0,56.602
2023,12,14,20,56.602,0.0,-0.0,0.0,-0.0,0.0,0.0,56.602
2023,12,14,21,56.602,0.0,-0.0,0.0,0.0,-0.0,0.0,56.602
2023,12,14,22,56.602,0.0,-0.0,0.0,-0.0,0.0,0.0,56.602
2023,12,14,23,56.602,0.0,-0.0,0.0,-0.0,0.0,0.0,56.602
2023,12,15,0,56.602,0.0,-0.0,0.0,-0.0,0.0,0.0,56.602
2023,12,15,1,56.602,0.0,-0.0,0.0,-0.0,0.0,0.0,56.602
2023,12,15,2,56.602,0.0,-0.0,0.0,0.0,-0.0,0.0,56.602
2023,12,15,3,56.602,0.0,-0.0,0.0,-0.0,0.0,0.0,56.602
2023,12,15,4,56.602,0.0,-0.0,0.0,-0.0,0.0,0.0,56.602
2023,12,15,5,56.602,0.0,-0.0,0.0,-0.0,0.0,0.0,56.602
2023,12,15,6,56.602,0.0,-0.0,0.0,-0.0,0.0,0.0,56.602
2023,12,15,7,56.602,0.8510955215224282,0.8510955215224282,0.0,0.0,-0.0,0.0,55.77899063068781
2023,12,15,8,56.602,45.261110519558954,45.261110519558954,0.0,-0.0,0.0,0.0,12.834506127586488
2023,12,15,9,56.602,93.10910347953478,93.10910347953478,34.575494379224544,0.0,32.350267118939385,0.0,0.0
2023,12,15,10,56.602,184.2883105352665,184.2883105352665,125.75470143495627,0.0,150.01158349125922,0.0,0.0
2023,12,15,11,56.602,221.56480122791106,221.56480122791106,163.03119212760083,0.0,302.5503312008531,0.0,0.0
2023,12,15,12,56.602,222.8526431354779,222.8526431354779,164.31903403516768,0.0,456.2940372332349,0.0,0.0
2023,12,15,13,56.602,165.8852363198912,165.8852363198912,107.35162721958095,0.0,556.7366738045572,0.0,0.0
2023,12,15,14,56.602,108.35789824014493,108.35789824014493,49.8242891398347,0.0,603.3543459918687,0.0,0.0
2023,12,15,15,56.602,59.41617287751088,59.41617287751088,0.882563777200645,0.0,604.180109280422,0.0,0.0
2023,12,15,16,56.602,0.0,-0.0,0.0,58.53360910031024,544.7482337489917,0.0,0.0
2023,12,15,17,56.602,0.0,-0.0,0.0,58.53360910031024,485.31635821756134,0.0,0.0
2023,12,15,18,56.602,0.0,-0.0,0.0,58.53360910031024,425.88448268613104,0.0,0.0
2023,12,15,19,56.602,0.0,-0.0,0.0,58.53360910031024,366.45260715470073,0.0,0.0
2023,12,15,20,56.602,0.0,-0.0,0.0,58.53360910031024,307.0207316232704,0.0,0.0
2023,12,15,21,56.602,0.0,-0.0,0.0,58.53360910031024,247.5888560918401,0.0,0.0
2023,12,15,22,56.602,0.0,-0.0,0.0,58.53360910031024,188.1569805604098,0.0,0.0
2023,12,15,23,56.602,0.0,-0.0,0.0,58.53360910031024,128.7251050289795,0.0,0.0
2023,12,16,0,56.602,0.0,-0.0,0.0,58.53360910031024,69.29322949754919,0.0,0.0
2023,12,16,1,56.602,0.0,-0.0,0.0,58.53360910031024,9.861353966118884,0.0,0.0
2023,12,16,2,56.602,0.0,-0.0,0.0,9.71230729454844,0.0,0.0,47.21019884617166
2023,12,16,3,56.602,0.0,-0.0,0.0,0.0,-0.0,0.0,56.602
2023,12,16,4,56.602,0.0,-0.0,0.0,-0.0,0.0,0.0,56.602
2023,12,16,5,56.602,0.0,-0.0,0.0,0.0,-0.0,0.0,56.602
2023,12,16,6,56.602,0.0,-0.0,0.0,-0.0,0.0,0.0,56.602
2023,12,16,7,56.602,1.250513156622866,1.250513156622866,0.0,-0.0,0.0,0.0,55.392753777545686
2023,12,16,8,56.602,70.94702404410206,70.94702404410206,12.413414943791828,0.0,11.614506068529167,0.0,0.0
2023,12,16,9,56.602,137.6087074798368,137.6087074798368,79.07509837952655,0.0,85.60044903081365,0.0,0.0
2023,12,16,10,56.602,212.90079813381658,212.90079813381658,154.36718903350635,0.0,230.03279596594203,0.0,0.0
2023,12,16,11,56.602,185.24019368433764,185.24019368433764,126.7065845840274,0.0,348.584733707279,0.0,0.0
2023,12,16,12,56.602,188.51019226702905,188.51019226702905,129.97658316671883,0.0,470.19621779865116,0.0,0.0
2023,12,16,13,56.602,116.42090844404163,116.42090844404163,57.88729934373139,0.0,524.3579768764606,0.0,0.0
2023,12,16,14,56.602,59.505761879776436,59.505761879776436,0.9721527794661999,0.0,525.267563352686,0.0,0.0
2023,12,16,15,56.602,21.75519605014347,21.75519605014347,0.0,36.77841305016677,487.92474270249903,0.0,0.0
2023,12,16,16,56.602,0.0,-0.0,0.0,58.53360910031024,428.4928671710687,0.0,0.0
2023,12,16,17,56.602,0.0,-0.0,0.0,58.53360910031024,369.0609916396384,0.0,0.0
2023,12,16,18,56.602,0.0,-0.0,0.0,58.53360910031024,309.6291161082081,0.0,0.0
2023,12,16,19,56.602,0.0,-0.0,0.0,58.53360910031024,250.1972405767778,0.0,0.0
2023,12,16,20,56.602,0.0,-0.0,0.0,58.53360910031024,190.7653650453475,0.0,0.0
2023,12,16,21,56.602,0.0,-0.0,0.0,58.53360910031024,131.3334895139172,0.0,0.0
2023,12,16,22,56.602,0.0,-0.0,0.0,58.53360910031024,71.90161398248688,0.0,0.0
2023,12,16,23,56.602,0.0,-0.0,0.0,58.53360910031024,12.469738451056571,0.0,0.0
2023,12,17,0,56.602,0.0,-0.0,0.0,12.281268083004539,0.0,0.0,44.726013763734606
2023,12,17,1,56.602,0.0,-0.0,0.0,-0.0,0.0,0.0,56.602
2023,12,17,2,56.602,0.0,-0.0,0.0,-0.0,0.0,0.0,56.602
2023,12,17,3,56.602,0.0,-0.0,0.0,0.0,-0.0,0.0,56.602
2023,12,17,4,56.602,0.0,-0.0,0.0,-0.0,0.0,0.0,56.602
2023,12,17,5,56.602,0.0,-0.0,0.0,0.0,-0.0,0.0,56.602
2023,12,17,6,56.602,0.0,-0.0,0.0,-0.0,0.0,0.0,56.602
2023,12,17,7,56.602,1.2841090324724356,1.2841090324724356,0.0,-0.0,0.0,0.0,55.360266565599154
2023,12,17,8,56.602,120.00073565956798,58.53360910031024,0.0,0.0,0.0,61.46712655925774,0.0
2023,12,17,9,56.602,215.20024919196487,58.53360910031024,0.0,0.0,-0.0,156.66664009165464,0.0
2023,12,17,10,56.602,271.76450549735677,80.22425112917102,21.69064202886079,0.0,20.294664652331647,191.54025436818574,0.0
2023,12,17,11,56.602,306.0360317390121,306.0360317390121,247.5024226387019,0.0,251.86820043835016,0.0,0.0
2023,12,17,12,56.602,291.73165437728426,291.73165437728426,233.19804527697403,0.0,470.0579672593742,0.0,0.0
2023,12,17,13,56.602,266.9789596263403,266.9789596263403,208.44535052603007,0.0,665.0880858531336,0.0,0.0
2023,12,17,14,56.602,197.52881849509126,197.52881849509126,138.99520939478103,0.0,795.1377708368404,0.0,0.0
2023,12,17,15,56.602,106.98420020540699,106.98420020540699,48.45059110509676,0.0,840.4701541465116,0.0,0.0
2023,12,17,16,56.602,0.0,-0.0,0.0,58.53360910031024,781.0382786150813,0.0,0.0
2023,12,17,17,56.602,0.0,-0.0,0.0,58.53360910031024,721.606403083651,0.0,0.0
2023,12,17,18,56.602,0.0,-0.0,0.0,58.53360910031024,662.1745275522208,0.0,0.0
2023,12,17,19,56.602,0.0,-0.0,0.0,58.53360910031024,602.7426520207905,0.0,0.0
2023,12,17,20,56.602,0.0,-0.0,0.0,58.53360910031024,543.3107764893603,0.0,0.0
2023,12,17,21,56.602,0.0,-0.0,0.0,58.53360910031024,483.87890095792994,0.0,0.0
2023,12,17,22,56.602,0.0,-0.0,0.0,58.53360910031024,424.44702542649964,0.0,0.0
2023,12,17,23,56.602,0.0,-0.0,0.0,58.53360910031024,365.0151498950693,0.0,0.0
2023,12,18,0,56.602,0.0,-0.0,0.0,58.53360910031024,305.583274363639,0.0,0.0
2023,12,18,1,56.602,0.0,-0.0,0.0,58.53360910031024,246.1513988322087,0.0,0.0
2023,12,18,2,56.602,0.0,-0.0,0.0,58.53360910031024,186.7195233007784,0.0,0.0
2023,12,18,3,56.602,0.0,-0.0,0.0,58.53360910031024,127.2876477693481,0.0,0.0
2023,12,18,4,56.602,0.0,-0.0,0.0,58.53360910031024,67.85577223791779,0.0,0.0
2023,12,18,5,56.602,0.0,-0.0,0.0,58.53360910031024,8.423896706487483,0.0,0.0
2023,12,18,6,56.602,0.0,-0.0,0.0,0.0,8.423896706487483,0.0,56.602
2023,12,18,7,56.602,1.280376157378039,1.280376157378039,0.0,8.296576079921543,0.0,0.0,47.341087186531304
2023,12,18,8,56.602,144.83555366258867,58.53360910031024,0.0,0.0,0.0,86.30194456227844,0.0
2023,12,18,9,56.602,212.66189412777518,58.53360910031024,0.0,0.0,0.0,154.12828502746495,0.0
2023,12,18,10,56.602,284.67652044887467,58.53360910031024,0.0,0.0,-0.0,226.14291134856444,0.0
2023,12,18,11,56.602,310.4856188515328,303.17555427202626,244.64194517171606,0.0,228.8971543833479,7.310064579506559,0.0
2023,12,18,12,56.602,293.564496048633,293.564496048633,235.03088694832275,0.0,448.8018039188323,0.0,0.0
2023,12,18,13,56.602,270.95447160187274,270.95447160187274,212.4208625015625,0.0,647.5515764655456,0.0,0.0
2023,12,18,14,56.602,208.60052602507167,208.60052602507167,150.06691692476141,0.0,787.9604103924084,0.0,0.0
2023,12,18,15,56.602,114.65525852439202,114.65525852439202,56.12164942408179,0.0,840.4701541465116,0.0,0.0
2023,12,18,16,56.602,0.0,-0.0,0.0,58.53360910031024,781.0382786150813,0.0,0.0
2023,12,18,17,56.602,0.0,-0.0,0.0,58.53360910031024,721.606403083651,0.0,0.0
2023,12,18,18,56.602,0.0,-0.0,0.0,58.53360910031024,662.1745275522208,0.0,0.0
2023,12,18,19,56.602,0.0,-0.0,0.0,58.53360910031024,602.7426520207905,0.0,0.0
2023,12,18,20,56.602,0.0,-0.0,0.0,58.53360910031024,543.3107764893603,0.0,0.0
2023,12,18,21,56.602,0.0,-0.0,0.0,58.53360910031024,483.87890095792994,0.0,0.0
2023,12,18,22,56.602,0.0,-0.0,0.0,58.53360910031024,424.44702542649964,0.0,0.0
2023,12,18,23,56.602,0.0,-0.0,0.0,58.53360910031024,365.0151498950693,0.0,0.0
2023,12,19,0,56.602,0.0,-0.0,0.0,58.53360910031024,305.583274363639,0.0,0.0
2023,12,19,1,56.602,0.0,-0.0,0.0,58.53360910031024,246.1513988322087,0.0,0.0
2023,12,19,2,56.602,0.0,-0.0,0.0,58.53360910031024,186.7195233007784,0.0,0.0
2023,12,19,3,56.602,0.0,-0.0,0.0,58.53360910031024,127.2876477693481,0.0,0.0
2023,12,19,4,56.602,0.0,-0.0,0.0,58.53360910031024,67.85577223791779,0.0,0.0
2023,12,19,5,56.602,0.0,-0.0,0.0,58.53360910031024,8.423896706487483,0.0,0.0
2023,12,19,6,56.602,0.0,-0.0,0.0,8.296576079921543,0.0,0.0,48.57921093071587
2023,12,19,7,56.602,1.0713351520918286,1.0713351520918286,0.0,-0.0,0.0,0.0,55.5660189079272
2023,12,19,8,56.602,142.1553493448119,58.53360910031024,0.0,0.0,0.0,83.62174024450167,0.0
2023,12,19,9,56.602,223.78586190907708,58.53360910031024,0.0,0.0,0.0,165.25225280876685,0.0
2023,12,19,10,56.602,270.6633073445098,95.79407314789934,37.260464047589096,0.0,34.86243614319591,174.86923419661048,0.0
2023,12,19,11,56.602,294.9904543346925,294.9904543346925,236.45684523438229,0.0,256.1012714157962,0.0,0.0
2023,12,19,12,56.602,291.7428530025674,291.7428530025674,233.20924390225719,0.0,474.3015161352792,0.0,0.0
2023,12,19,13,56.602,259.1473876782962,259.1473876782962,200.61377857798595,0.0,662.0040910733605,0.0,0.0
2023,12,19,14,56.602,199.3877902921008,199.3877902921008,140.85418119179056,0.0,793.7931072012656,0.0,0.0
2023,12,19,15,56.602,108.42135711674968,108.42135711674968,49.88774801643944,0.0,840.4701541465116,0.0,0.0
2023,12,19,16,56.602,0.0,-0.0,0.0,58.53360910031024,781.0382786150813,0.0,0.0
2023,12,19,17,56.602,0.0,-0.0,0.0,58.53360910031024,721.606403083651,0.0,0.0
2023,12,19,18,56.602,0.0,-0.0,0.0,58.53360910031024,662.1745275522208,0.0,0.0
2023,12,19,19,56.602,0.0,-0.0,0.0,58.53360910031024,602.7426520207905,0.0,0.0
2023,12,19,20,56.602,0.0,-0.0,0.0,58.53360910031024,543.3107764893603,0.0,0.0
2023,12,19,21,56.602,0.0,-0.0,0.0,58.53360910031024,483.87890095792994,0.0,0.0
2023,12,19,22,56.602,0.0,-0.0,0.0,58.53360910031024,424.44702542649964,0.0,0.0
2023,12,19,23,56.602,0.0,-0.0,0.0,58.53360910031024,365.0151498950693,0.0,0.0
2023,12,20,0,56.602,0.0,-0.0,0.0,58.53360910031024,305.583274363639,0.0,0.0
2023,12,20,1,56.602,0.0,-0.0,0.0,58.53360910031024,246.1513988322087,0.0,0.0
2023,12,20,2,56.602,0.0,-0.0,0.0,58.53360910031024,186.7195233007784,0.0,0.0
2023,12,20,3,56.602,0.0,-0.0,0.0,58.53360910031024,127.2876477693481,0.0,0.0
2023,12,20,4,56.602,0.0,-0.0,0.0,58.53360910031024,67.85577223791779,0.0,0.0
2023,12,20,5,56.602,0.0,-0.0,0.0,58.53360910031024,8.423896706487483,0.0,0.0
2023,12,20,6,56.602,0.0,-0.0,0.0,8.296576079921543,0.0,0.0,48.57921093071587
2023,12,20,7,56.602,1.026540650959069,1.026540650959069,0.0,-0.0,0.0,0.0,55.60933519052258
2023,12,20,8,56.602,138.02678949040924,58.53360910031024,0.0,0.0,0.0,79.49318039009901,0.0
2023,12,20,9,56.602,216.20439259235758,58.53360910031024,0.0,0.0,-0.0,157.67078349204735,0.0
2023,12,20,10,56.602,263.6790980428937,159.95099739529385,101.41738829498362,0.0,94.89031641494927,103.72810064759986,0.0
2023,12,20,11,56.602,291.3471682425614,291.3471682425614,232.81355914225117,0.0,312.7203420555468,0.0,0.0
2023,12,20,12,56.602,272.623066769068,272.623066769068,214.08945766875772,0.0,513.0313214726547,0.0,0.0
2023,12,20,13,56.602,248.15780340039257,248.15780340039257,189.62419430008234,0.0,690.451585389613,0.0,0.0
2023,12,20,14,56.602,182.9220782507173,182.9220782507173,124.38846915040706,0.0,806.8345981499318,0.0,0.0
2023,12,20,15,56.602,94.48280151427272,94.48280151427272,35.949192413962486,0.0,840.4701541465116,0.0,0.0
2023,12,20,16,56.602,0.0,-0.0,0.0,58.53360910031024,781.0382786150813,0.0,0.0
2023,12,20,17,56.602,0.0,-0.0,0.0,58.53360910031024,721.606403083651,0.0,0.0
2023,12,20,18,56.602,0.0,-0.0,0.0,58.53360910031024,662.1745275522208,0.0,0.0
2023,12,20,19,56.602,0.0,-0.0,0.0,58.53360910031024,602.7426520207905,0.0,0.0
2023,12,20,20,56.602,0.0,-0.0,0.0,58.53360910031024,543.3107764893603,0.0,0.0
2023,12,20,21,56.602,0.0,-0.0,0.0,58.53360910031024,483.87890095792994,0.0,0.0
2023,12,20,22,56.602,0.0,-0.0,0.0,58.53360910031024,424.44702542649964,0.0,0.0
2023,12,20,23,56.602,0.0,-0.0,0.0,58.53360910031024,365.0151498950693,0.0,0.0
2023,12,21,0,56.602,0.0,-0.0,0.0,58.53360910031024,305.583274363639,0.0,0.0
2023,12,21,1,56.602,0.0,-0.0,0.0,58.53360910031024,246.1513988322087,0.0,0.0
2023,12,21,2,56.602,0.0,-0.0,0.0,58.53360910031024,186.7195233007784,0.0,0.0
2023,12,21,3,56.602,0.0,-0.0,0.0,58.53360910031024,127.2876477693481,0.0,0.0
2023,12,21,4,56.602,0.0,-0.0,0.0,58.53360910031024,67.85577223791779,0.0,0.0
2023,12,21,5,56.602,0.0,-0.0,0.0,8.296576079921543,59.43187553143031,0.0,48.57921093071587
2023,12,21,6,56.602,0.0,-0.0,0.0,58.53360910031024,0.0,0.0,0.0
2023,12,21,7,56.602,1.1123967781301913,1.1123967781301913,0.0,-0.0,0.0,0.0,55.526312315548104
2023,12,21,8,56.602,72.40284533091675,58.53360910031024,0.0,0.0,0.0,13.86923623060651,0.0
2023,12,21,9,56.602,164.5414012859084,58.53360910031024,0.0,0.0,-0.0,106.00779218559816,0.0
2023,12,21,10,56.602,242.20013474973558,103.47633009216736,44.94272099185713,0.0,42.05027448608678,138.72380465756822,0.0
2023,12,21,11,56.602,298.9920964358857,298.9920964358857,240.45848733557546,0.0,267.0332121413786,0.0,0.0
2023,12,21,12,56.602,292.42596914484204,292.42596914484204,233.8923600445318,0.0,485.8726086668622,0.0,0.0
2023,12,21,13,56.602,255.88112197069916,255.88112197069916,197.34751287038893,0.0,670.519129887728,0.0,0.0
2023,12,21,14,56.602,193.73248452408995,193.73248452408995,135.19887542377973,0.0,797.0168072938255,0.0,0.0
2023,12,21,15,56.602,104.97591340462162,104.97591340462162,46.442304304311385,0.0,840.4701541465116,0.0,0.0
2023,12,21,16,56.602,0.0,-0.0,0.0,58.53360910031024,781.0382786150813,0.0,0.0
2023,12,21,17,56.602,0.0,-0.0,0.0,58.53360910031024,721.606403083651,0.0,0.0
2023,12,21,18,56.602,0.0,-0.0,0.0,58.53360910031024,662.1745275522208,0.0,0.0
2023,12,21,19,56.602,0.0,-0.0,0.0,58.53360910031024,602.7426520207905,0.0,0.0
2023,12,21,20,56.602,0.0,-0.0,0.0,58.53360910031024,543.3107764893603,0.0,0.0
2023,12,21,21,56.602,0.0,-0.0,0.0,58.53360910031024,483.87890095792994,0.0,0.0
2023,12,21,22,56.602,0.0,-0.0,0.0,58.53360910031024,424.44702542649964,0.0,0.0
2023,12,21,23,56.602,0.0,-0.0,0.0,58.53360910031024,365.0151498950693,0.0,0.0
2023,12,22,0,56.602,0.0,-0.0,0.0,58.53360910031024,305.583274363639,0.0,0.0
2023,12,22,1,56.602,0.0,-0.0,0.0,58.53360910031024,246.1513988322087,0.0,0.0
2023,12,22,2,56.602,0.0,-0.0,0.0,58.53360910031024,186.7195233007784,0.0,0.0
2023,12,22,3,56.602,0.0,-0.0,0.0,58.53360910031024,127.2876477693481,0.0,0.0
2023,12,22,4,56.602,0.0,-0.0,0.0,58.53360910031024,67.85577223791779,0.0,0.0
2023,12,22,5,56.602,0.0,-0.0,0.0,58.53360910031024,8.423896706487483,0.0,0.0
2023,12,22,6,56.602,0.0,-0.0,0.0,8.296576079921543,0.0,0.0,48.57921093071587
2023,12,22,7,56.602,0.30609575774052245,0.30609575774052245,0.0,-0.0,0.0,0.0,56.30600540226491
2023,12,22,8,56.602,40.80779053194376,40.80779053194376,0.0,-0.0,0.0,0.0,17.140866555610383
2023,12,22,9,56.602,117.58183259839898,117.58183259839898,59.048223498088745,0.0,55.24796788472838,0.0,0.0
2023,12,22,10,56.602,99.1115666313245,99.1115666313245,40.577957531014256,0.0,93.21438857770505,0.0,0.0
2023,12,22,11,56.602,109.98543178130187,109.98543178130187,51.45182268099163,0.0,141.3548486743949,0.0,0.0
2023,12,22,12,56.602,182.85115362392378,182.85115362392378,124.31754452361353,0.0,257.67150141113984,0.0,0.0
2023,12,22,13,56.602,202.034398734028,202.034398734028,143.50078963371777,0.0,391.93679420819444,0.0,0.0
2023,12,22,14,56.602,158.09099312279105,158.09099312279105,99.55738402248082,0.0,485.08681345203547,0.0,0.0
2023,12,22,15,56.602,74.84041276755774,74.84041276755774,16.3068036672475,0.0,500.3441355514855,0.0,0.0
2023,12,22,16,56.602,0.0,-0.0,0.0,58.53360910031024,440.9122600200552,0.0,0.0
2023,12,22,17,56.602,0.0,-0.0,0.0,58.53360910031024,381.4803844886249,0.0,0.0
2023,12,22,18,56.602,0.0,-0.0,0.0,58.53360910031024,322.0485089571946,0.0,0.0
2023,12,22,19,56.602,0.0,-0.0,0.0,58.53360910031024,262.6166334257643,0.0,0.0
2023,12,22,20,56.602,0.0,-0.0,0.0,58.53360910031024,203.18475789433398,0.0,0.0
2023,12,22,21,56.602,0.0,-0.0,0.0,58.53360910031024,143.75288236290368,0.0,0.0
2023,12,22,22,56.602,0.0,-0.0,0.0,58.53360910031024,84.32100683147337,0.0,0.0
2023,12,22,23,56.602,0.0,-0.0,0.0,58.53360910031024,24.88913130004306,0.0,0.0
2023,12,23,0,56.602,0.0,-0.0,0.0,24.51295149843568,0.0,0.0,32.89797590101269
2023,12,23,1,56.602,0.0,-0.0,0.0,0.0,-0.0,0.0,56.602
2023,12,23,2,56.602,0.0,-0.0,0.0,0.0,-0.0,0.0,56.602
2023,12,23,3,56.602,0.0,-0.0,0.0,-0.0,0.0,0.0,56.602
2023,12,23,4,56.602,0.0,-0.0,0.0,-0.0,0.0,0.0,56.602
2023,12,23,5,56.602,0.0,-0.0,0.0,0.0,-0.0,0.0,56.602
2023,12,23,6,56.602,0.0,-0.0,0.0,-0.0,0.0,0.0,56.602
2023,12,23,7,56.602,0.3583560090620377,0.3583560090620377,0.0,-0.0,0.0,0.0,56.25546973923701
2023,12,23,8,56.602,45.67919253013138,45.67919253013138,0.0,-0.0,0.0,0.0,12.430220823362953
2023,12,23,9,56.602,114.98748440779332,114.98748440779332,56.45387530748309,0.0,52.82058807505428,0.0,0.0
2023,12,23,10,56.602,153.33904312762414,153.33904312762414,94.8054340273139,0.0,141.52448573944903,0.0,0.0
2023,12,23,11,56.602,258.1507100280923,258.1507100280923,199.61710092778208,0.0,328.2945277146772,0.0,0.0
2023,12,23,12,56.602,264.6384469421536,264.6384469421536,206.1048378418434,0.0,521.1347655305004,0.0,0.0
2023,12,23,13,56.602,221.4453492248904,221.44534922489044,162.91174012458018,0.0,673.5617489898648,0.0,0.0
2023,12,23,14,56.602,178.07307350309614,178.07307350309614,119.5394644027859,0.0,785.4078317174258,0.0,0.0
2023,12,23,15,56.602,61.79028143754717,61.79028143754717,3.256672337236936,0.0,788.4549094792923,0.0,0.0
2023,12,23,16,56.602,0.0,-0.0,0.0,58.53360910031024,729.023033947862,0.0,0.0
2023,12,23,17,56.602,0.0,-0.0,0.0,58.53360910031024,669.5911584164318,0.0,0.0
2023,12,23,18,56.602,0.0,-0.0,0.0,58.53360910031024,610.1592828850015,0.0,0.0
2023,12,23,19,56.602,0.0,-0.0,0.0,58.53360910031024,550.7274073535713,0.0,0.0
2023,12,23,20,56.602,0.0,-0.0,0.0,58.53360910031024,491.295531822141,0.0,0.0
2023,12,23,21,56.602,0.0,-0.0,0.0,58.53360910031024,431.8636562907107,0.0,0.0
2023,12,23,22,56.602,0.0,-0.0,0.0,58.53360910031024,372.4317807592804,0.0,0.0
2023,12,23,23,56.602,0.0,-0.0,0.0,58.53360910031024,312.9999052278501,0.0,0.0
2023,12,24,0,56.602,0.0,-0.0,0.0,58.53360910031024,253.56802969641979,0.0,0.0
2023,12,24,1,56.602,0.0,-0.0,0.0,58.53360910031024,194.13615416498948,0.0,0.0
2023,12,24,2,56.602,0.0,-0.0,0.0,58.53360910031024,134.70427863355917,0.0,0.0
2023,12,24,3,56.602,0.0,-0.0,0.0,58.53360910031024,75.27240310212886,0.0,0.0
2023,12,24,4,56.602,0.0,-0.0,0.0,58.53360910031024,15.840527570698555,0.0,0.0
2023,12,24,5,56.602,0.0,-0.0,0.0,15.601110354924076,0.0,0.0,41.515726286788414
2023,12,24,6,56.602,0.0,-0.0,0.0,-0.0,0.0,0.0,56.602
2023,12,24,7,56.602,0.5076710128379397,0.5076710128379397,0.0,-0.0,0.0,0.0,56.11108213058571
2023,12,24,8,56.602,45.985288287871896,45.985288287871896,0.0,-0.0,0.0,0.0,12.134226225627875
2023,12,24,9,56.602,123.51710399848956,58.53360910031024,0.0,0.0,-0.0,64.98349489817932,0.0
2023,12,24,10,56.602,219.43332954901064,146.66196205924206,88.12835295893183,0.0,82.45654357690657,72.77136748976858,0.0
2023,12,24,11,56.602,253.2905066551879,253.2905066551879,194.75689755487767,0.0,264.6791776209179,0.0,0.0
2023,12,24,12,56.602,287.6553547742032,287.6553547742032,229.12174567389297,0.0,479.05498940285696,0.0,0.0
2023,12,24,13,56.602,258.71064129225175,258.71064129225175,200.1770321919415,0.0,666.3489263010363,0.0,0.0
2023,12,24,14,56.602,193.19868338559118,193.19868338559118,134.66507428528095,0.0,792.3471572139202,0.0,0.0
2023,12,24,15,56.602,109.96676740582984,109.96676740582984,51.433158305519605,0.0,840.4701541465116,0.0,0.0
2023,12,24,16,56.602,0.0,-0.0,0.0,58.53360910031024,781.0382786150814,0.0,0.0
2023,12,24,17,56.602,0.0,-0.0,0.0,58.53360910031024,721.6064030836511,0.0,0.0
2023,12,24,18,56.602,0.0,-0.0,0.0,58.53360910031024,662.1745275522209,0.0,0.0
2023,12,24,19,56.602,0.0,-0.0,0.0,58.53360910031024,602.7426520207906,0.0,0.0
2023,12,24,20,56.602,0.0,-0.0,0.0,58.53360910031024,543.3107764893604,0.0,0.0
2023,12,24,21,56.602,0.0,-0.0,0.0,58.53360910031024,483.8789009579301,0.0,0.0
2023,12,24,22,56.602,0.0,-0.0,0.0,58.53360910031024,424.4470254264998,0.0,0.0
2023,12,24,23,56.602,0.0,-0.0,0.0,58.53360910031024,365.0151498950695,0.0,0.0
2023,12,25,0,56.602,0.0,-0.0,0.0,58.53360910031024,305.5832743636392,0.0,0.0
2023,12,25,1,56.602,0.0,-0.0,0.0,58.53360910031024,246.15139883220888,0.0,0.0
2023,12,25,2,56.602,0.0,-0.0,0.0,58.53360910031024,186.71952330077858,0.0,0.0
2023,12,25,3,56.602,0.0,-0.0,0.0,58.53360910031024,127.28764776934827,0.0,0.0
2023,12,25,4,56.602,0.0,-0.0,0.0,58.53360910031024,67.85577223791796,0.0,0.0
2023,12,25,5,56.602,0.0,-0.0,0.0,58.53360910031024,8.423896706487653,0.0,0.0
2023,12,25,6,56.602,0.0,-0.0,0.0,8.296576079921543,0.0,0.0,48.57921093071587
2023,12,25,7,56.602,0.4703422618939735,0.4703422618939735,0.0,-0.0,0.0,0.0,56.147179032748525
2023,12,25,8,56.602,49.348608747923215,49.348608747923215,0.0,-0.0,0.0,0.0,8.881895340758248
2023,12,25,9,56.602,133.30096962090312,88.91277909400327,30.379169993693033,0.0,28.424011913425005,44.38819052689985,0.0
2023,12,25,10,56.602,230.81113283673153,230.81113283673153,172.2775237364213,0.0,189.6140111173538,0.0,0.0
2023,12,25,11,56.602,260.09553795227293,260.09553795227293,201.5619288519627,0.0,378.2037147916326,0.0,0.0
2023,12,25,12,56.602,260.96529784926736,260.96529784926736,202.43168874895713,0.0,567.6072019128957,0.0,0.0
2023,12,25,13,56.602,219.93353481165974,219.93353481165974,161.3999257113495,0.0,718.6196690802916,0.0,0.0
2023,12,25,14,56.602,158.10592462316862,158.10592462316862,99.57231552285837,0.0,811.7836588554113,0.0,0.0
2023,12,25,15,56.602,89.19331750551268,89.19331750551268,30.659708405202444,0.0,840.4701541465116,0.0,0.0
2023,12,25,16,56.602,0.0,-0.0,0.0,58.53360910031024,781.0382786150814,0.0,0.0
2023,12,25,17,56.602,0.0,-0.0,0.0,58.53360910031024,721.6064030836511,0.0,0.0
2023,12,25,18,56.602,0.0,-0.0,0.0,58.53360910031024,662.1745275522209,0.0,0.0
2023,12,25,19,56.602,0.0,-0.0,0.0,58.53360910031024,602.7426520207906,0.0,0.0
2023,12,25,20,56.602,0.0,-0.0,0.0,58.53360910031024,543.3107764893604,0.0,0.0
2023,12,25,21,56.602,0.0,-0.0,0.0,58.53360910031024,483.87890095793006,0.0,0.0
2023,12,25,22,56.602,0.0,-0.0,0.0,58.53360910031024,424.44702542649975,0.0,0.0
2023,12,25,23,56.602,0.0,-0.0,0.0,58.53360910031024,365.01514989506944,0.0,0.0
2023,12,26,0,56.602,0.0,-0.0,0.0,58.53360910031024,305.58327436363913,0.0,0.0
2023,12,26,1,56.602,0.0,-0.0,0.0,58.53360910031024,246.15139883220883,0.0,0.0
2023,12,26,2,56.602,0.0,-0.0,0.0,58.53360910031024,186.71952330077852,0.0,0.0
2023,12,26,3,56.602,0.0,-0.0,0.0,58.53360910031024,127.28764776934821,0.0,0.0
2023,12,26,4,56.602,0.0,-0.0,0.0,58.53360910031024,67.8557722379179,0.0,0.0
2023,12,26,5,56.602,0.0,-0.0,0.0,8.296576079921488,59.43187553143031,0.0,48.57921093071592
2023,12,26,6,56.602,0.0,-0.0,0.0,58.53360910031024,0.0,0.0,0.0
2023,12,26,7,56.602,0.23143825585259015,0.23143825585259015,0.0,0.0,-0.0,0.0,56.378199206590544
2023,12,26,8,56.602,57.26603682313847,57.26603682313847,0.0,-0.0,0.0,0.0,1.2257423920250972
2023,12,26,9,56.602,108.95515825524839,89.08449134834562,30.550882248035382,0.0,28.58467302313015,19.87066690690277,0.0
2023,12,26,10,56.602,174.30286965775556,174.30286965775556,115.76926055744534,0.0,136.9031966028195,0.0,0.0
2023,12,26,11,56.602,238.41126652892297,238.41126652892297,179.8776574286127,0.0,305.2041962276064,0.0,0.0
2023,12,26,12,56.602,272.9888885283188,272.9888885283188,214.45527942800854,0.0,505.8574536610424,0.0,0.0
2023,12,26,13,56.602,233.30096052469406,233.30096052469406,174.76735142438383,0.0,669.3770389556944,0.0,0.0
2023,12,26,14,56.602,193.5234435188037,193.5234435188037,134.98983441849347,0.0,795.6791289238901,0.0,0.0
2023,12,26,15,56.602,106.40560456577552,106.40560456577552,47.87199546546528,0.0,840.4701541465116,0.0,0.0
2023,12,26,16,56.602,0.0,-0.0,0.0,58.53360910031024,781.0382786150814,0.0,0.0
2023,12,26,17,56.602,0.0,-0.0,0.0,58.53360910031024,721.6064030836511,0.0,0.0
2023,12,26,18,56.602,0.0,-0.0,0.0,58.53360910031024,662.1745275522209,0.0,0.0
2023,12,26,19,56.602,0.0,-0.0,0.0,58.53360910031024,602.7426520207906,0.0,0.0
2023,12,26,20,56.602,0.0,-0.0,0.0,58.53360910031024,543.3107764893604,0.0,0.0
2023,12,26,21,56.602,0.0,-0.0,0.0,58.53360910031024,483.8789009579301,0.0,0.0
2023,12,26,22,56.602,0.0,-0.0,0.0,58.53360910031024,424.4470254264998,0.0,0.0
2023,12,26,23,56.602,0.0,-0.0,0.0,58.53360910031024,365.0151498950695,0.0,0.0
2023,12,27,0,56.602,0.0,-0.0,0.0,58.53360910031024,305.5832743636392,0.0,0.0
2023,12,27,1,56.602,0.0,-0.0,0.0,58.53360910031024,246.15139883220888,0.0,0.0
2023,12,27,2,56.602,0.0,-0.0,0.0,58.53360910031024,186.71952330077858,0.0,0.0
2023,12,27,3,56.602,0.0,-0.0,0.0,58.53360910031024,127.28764776934827,0.0,0.0
2023,12,27,4,56.602,0.0,-0.0,0.0,58.53360910031024,67.85577223791796,0.0,0.0
2023,12,27,5,56.602,0.0,-0.0,0.0,58.53360910031024,8.423896706487653,0.0,0.0
2023,12,27,6,56.602,0.0,-0.0,0.0,8.296576079921543,0.0,0.0,48.57921093071587
2023,12,27,7,56.602,0.7839037698232891,0.7839037698232891,0.0,-0.0,0.0,0.0,55.84396505458088
2023,12,27,8,56.602,65.3999716538287,58.53360910031024,0.0,-0.0,0.0,6.866362553518464,0.0
2023,12,27,9,56.602,140.46435692705023,58.53360910031024,0.0,0.0,-0.0,81.93074782674,0.0
2023,12,27,10,56.602,226.19356634496293,73.6954525890714,15.161843488761159,0.0,14.186049850720195,152.49811375589155,0.0
2023,12,27,11,56.602,285.9307664805919,285.9307664805919,227.39715738028164,0.0,226.9482652699693,0.0,0.0
2023,12,27,12,56.602,297.2899053928408,297.2899053928408,238.75629629253058,0.0,450.33856235948934,0.0,0.0
2023,12,27,13,56.602,266.4078297368976,266.4078297368976,207.87422063658738,0.0,644.8343081318385,0.0,0.0
2023,12,27,14,56.602,209.9742240598096,209.9742240598096,151.44061495949936,0.0,786.5284309363417,0.0,0.0
2023,12,27,15,56.602,116.18573731309465,116.18573731309465,57.65212821278441,0.0,840.4701541465116,0.0,0.0
2023,12,27,16,56.602,0.07092462679353569,0.07092462679353366,0.0,58.4626844735167,781.1102916629097,2.0261570199409107e-15,0.0
2023,12,27,17,56.602,0.0,-0.0,0.0,58.53360910031024,721.6784161314795,0.0,0.0
2023,12,27,18,56.602,0.0,-0.0,0.0,58.53360910031024,662.2465406000492,0.0,0.0
2023,12,27,19,56.602,0.0,-0.0,0.0,58.53360910031024,602.814665068619,0.0,0.0
2023,12,27,20,56.602,0.0,-0.0,0.0,58.53360910031024,543.3827895371887,0.0,0.0
2023,12,27,21,56.602,0.0,-0.0,0.0,58.53360910031024,483.9509140057585,0.0,0.0
2023,12,27,22,56.602,0.0,-0.0,0.0,58.53360910031024,424.51903847432817,0.0,0.0
2023,12,27,23,56.602,0.0,-0.0,0.0,58.53360910031024,365.08716294289786,0.0,0.0
2023,12,28,0,56.602,0.0,-0.0,0.0,58.53360910031024,305.65528741146755,0.0,0.0
2023,12,28,1,56.602,0.0,-0.0,0.0,58.53360910031024,246.22341188003725,0.0,0.0
2023,12,28,2,56.602,0.0,-0.0,0.0,58.53360910031024,186.79153634860694,0.0,0.0
2023,12,28,3,56.602,0.0,-0.0,0.0,58.53360910031024,127.35966081717663,0.0,0.0
2023,12,28,4,56.602,0.0,-0.0,0.0,58.53360910031024,67.92778528574632,0.0,0.0
2023,12,28,5,56.602,0.0,-0.0,0.0,58.53360910031024,8.495909754316017,0.0,0.0
2023,12,28,6,56.602,0.0,-0.0,0.0,8.367500706715093,0.0,0.0,48.510626816606504
2023,12,28,7,56.602,0.5188696381211295,0.5188696381211295,0.0,-0.0,0.0,0.0,56.10025305993686
2023,12,28,8,56.602,133.2375107442984,58.53360910031024,0.0,0.0,0.0,74.70390164398816,0.0
2023,12,28,9,56.602,216.6933992297235,58.53360910031024,0.0,0.0,-0.0,158.15979012941327,0.0
2023,12,28,10,56.602,262.8578655221264,70.92565926902907,12.39205016871883,0.0,11.594516298521341,191.93220625309735,0.0
2023,12,28,11,56.602,290.007066083673,290.007066083673,231.47345698336275,0.0,228.17068675685553,0.0,0.0
2023,12,28,12,56.602,288.9991898081859,288.9991898081859,230.46558070787566,0.0,443.8038463538775,0.0,0.0
2023,12,28,13,56.602,266.34810373538727,266.34810373538727,207.81449463507704,0.0,638.2437100011118,0.0,0.0
2023,12,28,14,56.602,211.0940865881286,211.0940865881286,152.56047748781833,0.0,780.9856226515175,0.0,0.0
2023,12,28,15,56.602,122.10981008790208,122.10981008790208,63.57620098759184,0.0,840.4701541465116,0.0,0.0
2023,12,28,16,56.602,0.12691775320948492,0.12691775320948245,0.0,58.406691347100754,781.16714406909,2.4702462297909733e-15,0.0
2023,12,28,17,56.602,0.0,-0.0,0.0,58.53360910031024,721.7352685376597,0.0,0.0
2023,12,28,18,56.602,0.0,-0.0,0.0,58.53360910031024,662.3033930062295,0.0,0.0
2023,12,28,19,56.602,0.0,-0.0,0.0,58.53360910031024,602.8715174747992,0.0,0.0
2023,12,28,20,56.602,0.0,-0.0,0.0,58.53360910031024,543.439641943369,0.0,0.0
2023,12,28,21,56.602,0.0,-0.0,0.0,58.53360910031024,484.00776641193875,0.0,0.0
2023,12,28,22,56.602,0.0,-0.0,0.0,58.53360910031024,424.57589088050844,0.0,0.0
2023,12,28,23,56.602,0.0,-0.0,0.0,58.53360910031024,365.14401534907813,0.0,0.0
2023,12,29,0,56.602,0.0,-0.0,0.0,58.53360910031024,305.7121398176478,0.0,0.0
2023,12,29,1,56.602,0.0,-0.0,0.0,58.53360910031024,246.28026428621752,0.0,0.0
2023,12,29,2,56.602,0.0,-0.0,0.0,58.53360910031024,186.8483887547872,0.0,0.0
2023,12,29,3,56.602,0.0,-0.0,0.0,58.53360910031024,127.4165132233569,0.0,0.0
2023,12,29,4,56.602,0.0,-0.0,0.0,58.53360910031024,67.9846376919266,0.0,0.0
2023,12,29,5,56.602,0.0,-0.0,0.0,58.53360910031024,8.552762160496286,0.0,0.0
2023,12,29,6,56.602,0.0,-0.0,0.0,8.423493833131035,0.0,0.0,48.45648146336229
2023,12,29,7,56.602,0.582328514725872,0.582328514725872,0.0,-0.0,0.0,0.0,56.03888832626008
2023,12,29,8,56.602,40.755530280622246,40.755530280622246,0.0,-0.0,0.0,0.0,17.191402218638288
2023,12,29,9,56.602,165.57167481196186,58.53360910031024,0.0,0.0,-0.0,107.03806571165163,0.0
2023,12,29,10,56.602,255.33985508201167,73.27737057849892,14.743761478188686,0.0,13.794874974916553,182.06248450351274,0.0
2023,12,29,11,56.602,296.96887813472273,296.96887813472273,238.4352690344125,0.0,236.88480564194458,0.0,0.0
2023,12,29,12,56.602,291.7465858776618,291.7465858776618,233.21297677735157,0.0,455.0885429942473,0.0,0.0
2023,12,29,13,56.602,269.53597906600197,269.53597906600197,211.00236996569174,0.0,652.511115069484,0.0,0.0
2023,12,29,14,56.602,201.8776179800633,201.8776179800633,143.34400887975303,0.0,786.6297172881123,0.0,0.0
2023,12,29,15,56.602,116.07748393535711,116.07748393535711,57.54387483504687,0.0,840.4701541465116,0.0,0.0
2023,12,29,16,56.602,0.16424650415345107,0.16424650415345302,0.0,58.36936259615678,781.2050456732102,0.0,0.0
2023,12,29,17,56.602,0.0,-0.0,0.0,58.53360910031024,721.7731701417799,0.0,0.0
2023,12,29,18,56.602,0.0,-0.0,0.0,58.53360910031024,662.3412946103497,0.0,0.0
2023,12,29,19,56.602,0.0,-0.0,0.0,58.53360910031024,602.9094190789194,0.0,0.0
2023,12,29,20,56.602,0.0,-0.0,0.0,58.53360910031024,543.4775435474892,0.0,0.0
2023,12,29,21,56.602,0.0,-0.0,0.0,58.53360910031024,484.0456680160589,0.0,0.0
2023,12,29,22,56.602,0.0,-0.0,0.0,58.53360910031024,424.6137924846286,0.0,0.0
2023,12,29,23,56.602,0.0,-0.0,0.0,58.53360910031024,365.1819169531983,0.0,0.0
2023,12,30,0,56.602,0.0,-0.0,0.0,58.53360910031024,305.750041421768,0.0,0.0
2023,12,30,1,56.602,0.0,-0.0,0.0,58.53360910031024,246.3181658903377,0.0,0.0
2023,12,30,2,56.602,0.0,-0.0,0.0,58.53360910031024,186.8862903589074,0.0,0.0
2023,12,30,3,56.602,0.0,-0.0,0.0,58.53360910031024,127.45441482747708,0.0,0.0
2023,12,30,4,56.602,0.0,-0.0,0.0,58.53360910031024,68.02253929604677,0.0,0.0
2023,12,30,5,56.602,0.0,-0.0,0.0,58.53360910031024,8.590663764616465,0.0,0.0
2023,12,30,6,56.602,0.0,-0.0,0.0,8.460822584074997,-0.0,0.0,48.42038456119948
2023,12,30,7,56.602,0.0,-0.0,0.0,0.0,-0.0,0.0,56.602
2023,12,30,8,56.602,25.42834514302974,25.42834514302974,0.0,0.0,0.0,0.0,32.01279024669024
2023,12,30,9,56.602,146.47801870412314,146.47801870412312,87.94440960381289,0.0,82.28443854183216,2.842170943040401e-14,0.0
2023,12,30,10,56.602,216.90617311010413,216.90617311010413,158.3725640097939,0.0,230.46438049247178,0.0,0.0
2023,12,30,11,56.602,164.67951766440106,164.67951766440106,106.14590856409083,0.0,329.77889666303906,0.0,0.0
2023,12,30,12,56.602,110.89625330433465,110.89625330433464,52.362644204024406,0.0,378.77155916772955,1.4210854715202004e-14,0.0
2023,12,30,13,56.602,137.88867311191657,137.88867311191657,79.35506401160633,0.0,453.0194495914897,0.0,0.0
2023,12,30,14,56.602,154.16400852348582,154.16400852348582,95.63039942317558,0.0,542.4952191090326,0.0,0.0
2023,12,30,15,56.602,43.372275721794274,43.37227572179427,0.0,15.161333378515966,527.1012174048441,7.105427357601002e-15,0.0
2023,12,30,16,56.602,0.2762327569853495,0.2762327569853506,0.0,58.257376343324886,467.94981374390323,0.0,0.0
2023,12,30,17,56.602,0.0,-0.0,0.0,58.53360910031024,408.5179382124729,0.0,0.0
2023,12,30,18,56.602,0.0,-0.0,0.0,58.53360910031024,349.0860626810426,0.0,0.0
2023,12,30,19,56.602,0.0,-0.0,0.0,58.53360910031024,289.6541871496123,0.0,0.0
2023,12,30,20,56.602,0.0,-0.0,0.0,58.53360910031024,230.222311618182,0.0,0.0
2023,12,30,21,56.602,0.0,-0.0,0.0,58.53360910031024,170.7904360867517,0.0,0.0
2023,12,30,22,56.602,0.0,-0.0,0.0,58.53360910031024,111.3585605553214,0.0,0.0
2023,12,30,23,56.602,0.0,-0.0,0.0,58.53360910031024,51.926685023891096,0.0,0.0
2023,12,31,0,56.602,0.0,-0.0,0.0,0.0,51.926685023891096,0.0,56.602
2023,12,31,1,56.602,0.0,-0.0,0.0,51.141853691895875,0.0,0.0,7.147827479936687
2023,12,31,2,56.602,0.0,-0.0,0.0,-0.0,0.0,0.0,56.602
2023,12,31,3,56.602,0.0,-0.0,0.0,0.0,-0.0,0.0,56.602
2023,12,31,4,56.602,0.0,-0.0,0.0,-0.0,0.0,0.0,56.602
2023,12,31,5,56.602,0.0,-0.0,0.0,-0.0,0.0,0.0,56.602
2023,12,31,6,56.602,0.0,-0.0,0.0,-0.0,0.0,0.0,56.602
2023,12,31,7,56.602,0.3322258834012987,0.3322258834012987,0.0,0.0,-0.0,0.0,56.280737570750944
2023,12,31,8,56.602,14.804582624376938,14.804582624376938,0.0,-0.0,0.0,0.0,42.2859686022275
2023,12,31,9,56.602,23.39019534148919,23.39019534148919,0.0,-0.0,0.0,0.0,33.983681104779954
2023,12,31,10,56.602,99.05930638000297,99.05930638000297,40.525697279692736,0.0,37.91752383350125,0.0,0.0
2023,12,31,11,56.602,148.78120263736588,148.78120263736588,90.24759353705564,0.0,122.35691682507289,0.0,0.0
2023,12,31,12,56.602,98.16714923244218,98.16714923244218,39.63354013213194,0.0,159.43970141467184,0.0,0.0
2023,12,31,13,56.602,32.90902683220056,32.90902683220056,0.0,25.624582268109677,133.42188007559574,0.0,0.0
2023,12,31,14,56.602,56.2469619223682,56.2469619223682,0.0,2.286647177942038,131.10014163245864,0.0,0.0
2023,12,31,15,56.602,29.03803535931127,29.03803535931127,0.0,29.495573740998967,101.1519239461195,0.0,0.0
2023,12,31,16,56.602,0.23143825585259015,0.23143825585259015,0.0,41.089482432032284,59.43187553143031,0.0,16.64466969481529
2023,12,31,17,56.602,0.0,-0.0,0.0,58.53360910031024,0.0,0.0,0.0
2023,12,31,18,56.602,0.0,-0.0,0.0,-0.0,0.0,0.0,56.602
2023,12,31,19,56.602,0.0,-0.0,0.0,0.0,-0.0,0.0,56.602
2023,12,31,20,56.602,0.0,-0.0,0.0,-0.0,0.0,0.0,56.602
2023,12,31,21,56.602,0.0,-0.0,0.0,-0.0,0.0,0.0,56.602
2023,12,31,22,56.602,0.0,-0.0,0.0,0.0,-0.0,0.0,56.602
2023,12,31,23,56.602,0.0,-0.0,0.0,-0.0,0.0,0.0,56.602
