eprtr_facility_id,facility_name,country,iso3,analysis_year_grid,eprtr_activity_grid,temp_band,heat_MWh,match_method,least_cost_pathway_grid,least_cost_pathway_off,lcoh_gas_grid,lcoh_hb_grid,lcoh_hb_off,hb_savings_vs_grid_gas_EUR_MWhth,elec_grid_EUR_MWh,elec_off_hb_EUR_MWh,elec_ratio_grid_to_offhb,gas_EUR_MWh,bnef_data_source,lat,lon
DK.CAED/000067430.FACILITY,a. h. nichro HAARDCHROM A/S,Denmark,DNK,2022,2(f),high,32365.0,spatial_nearest,natural_gas,heat_battery,169.572,218.097,44.744,124.828,194.35,38.332,5.070176353960138,135.396,proxied,55.62103180966257,12.46438215183356
DK.CAED/000114122.FACILITY,"Hovedcentralen, varmeværk",Denmark,DNK,2022,,mid,8619.44,spatial_nearest,natural_gas,heat_battery,169.572,218.097,44.744,124.828,194.35,38.332,5.070176353960138,135.396,proxied,55.63714913160517,12.075006617383028
DK.CAED/000096764.FACILITY,"I/S Vestforbrænding, Glostrup",Denmark,DNK,2022,5(b),high,21174.44,spatial_nearest,natural_gas,heat_battery,169.572,218.097,44.744,124.828,194.35,38.332,5.070176353960138,135.396,proxied,55.706479905675614,12.42220219858454
LT.CAED/110012450.FACILITY,UAB „Grigeo Tissue“,Lithuania,LTU,2022,6(b),high,40277.78,id_direct,natural_gas,heat_battery,158.782,285.486,44.744,114.03800000000001,255.0,38.332,6.65240530105395,125.685,proxied,54.678451,25.086705
LT.CAED/302648707.FACILITY2," ,,Lietuvos energijos gamyba“ AB, Elektrėnų elektrinė",Lithuania,LTU,2022,1(a),mid,1530558.33,spatial_nearest,natural_gas,heat_battery,158.782,285.486,44.744,114.03800000000001,255.0,38.332,6.65240530105395,125.685,proxied,54.773398,24.647993
LT.CAED/301276531.FACILITY,UAB „Fortum Klaipėda“,Lithuania,LTU,2022,5(b),high,5638.89,spatial_nearest,natural_gas,heat_battery,158.782,285.486,44.744,114.03800000000001,255.0,38.332,6.65240530105395,125.685,proxied,55.68099,21.202935
LT.CAED/166451720.FACILITY,"AB ""ORLEN Lietuva""",Lithuania,LTU,2022,1(a),mid,344519.44,id_direct,natural_gas,heat_battery,158.782,285.486,44.744,114.03800000000001,255.0,38.332,6.65240530105395,125.685,proxied,56.381366,22.176387
LT.CAED/156667399.FACILITY,"AB ""Achema""",Lithuania,LTU,2022,4(c),mid,10344444.45,id_direct,natural_gas,heat_battery,158.782,285.486,44.744,114.03800000000001,255.0,38.332,6.65240530105395,125.685,proxied,55.083703,24.335496
HU.OKIR/100500821.FACILITY,"ISD Kokszoló Kft. ""f. a.""",Hungary,HUN,2022,1(d),mid,537750.0,spatial_nearest,natural_gas,heat_battery,150.952,218.875,44.744,106.208,195.05,38.332,5.088437858708129,118.638,proxied,46.940316,18.937737
HU.OKIR/100423302.FACILITY,Isd Dunaferr Zrt.,Hungary,HUN,2022,2(a),high,537750.0,spatial_nearest,natural_gas,heat_battery,150.952,218.875,44.744,106.208,195.05,38.332,5.088437858708129,118.638,proxied,46.943314,18.940529
IT.CAED/301761003.FACILITY,Stabilimento di P.to Marghera,Italy,ITA,2022,4(a),mid,266906.39,id_direct,natural_gas,heat_battery,133.935,329.764,38.962,94.973,294.85,33.128,8.900326008210579,103.322,bnef,45.4438,12.2363
ES.CAED/003182000.FACILITY,SOLVAY QUIMICA (FÁBRICA DE TORRELAVEGA),Spain,ESP,2022,4(b)(iv),mid,1502791.11,id_direct,natural_gas,heat_battery,128.633,228.875,36.946,91.68700000000001,204.05,31.314,6.516254710353197,98.55,bnef,43.363203,-4.038539
ES.CAED/001593000.FACILITY,UBE CORPORATION EUROPE S.A. UNIPERSONAL,Spain,ESP,2022,4(a)(iv),mid,396661.95,spatial_nearest,natural_gas,heat_battery,128.633,228.875,36.946,91.68700000000001,204.05,31.314,6.516254710353197,98.55,bnef,39.952916,-0.005726
ES.CAED/003067000.FACILITY,FACTORIA MONTAÑANESA,Spain,ESP,2022,6(a),high,36713597.23,spatial_nearest,natural_gas,heat_battery,128.633,228.875,36.946,91.68700000000001,204.05,31.314,6.516254710353197,98.55,bnef,41.693825,-0.825523
HU.OKIR/103112830.FACILITY,Duna Furnace Dunai Vasmű Kft.,Hungary,HUN,2023,2(b),high,83352.78,spatial_nearest,natural_gas,heat_battery,135.265,322.708,44.744,90.52099999999999,288.5,38.332,7.5263487425649584,103.711,proxied,46.947504,18.93897
PL.MŚ/000000513.FACILITY,Polchar Sp. z o.o.,Poland,POL,2022,1(b),mid,228222.22,spatial_nearest,natural_gas,heat_battery,124.872,183.097,44.744,80.128,162.85,38.332,4.248408640300532,95.165,proxied,52.592414855957,14.6273193359375
FR.CAED/13783.FACILITY,SA DE LA RAFFINERIE DES ANTILLES,France,FRA,2023,1(a),mid,238182.7,id_direct,natural_gas,heat_battery,118.864,261.153,45.593,73.271,233.1,39.096,5.962246777163904,88.95,bnef,14.61665,-61.02625
https://registry.gdi-de.org/id/de.ni.mu/06277201660,Smurfit Westrock Hoya Papier & Board GmbH,Germany,DEU,2023,6(b),high,701514.72,spatial_nearest,natural_gas,heat_battery,115.596,244.764,47.885,67.71100000000001,218.35,41.159,5.305036565514225,86.009,bnef,52.81138,9.1502
https://registry.gdi-de.org/id/de.nw.inspire.pf.bube-eureg/arb-2017-112000-100-0888309,Venator Germany GmbH,Germany,DEU,2023,4(b)(v),mid,240611.11,spatial_nearest,natural_gas,heat_battery,115.596,244.764,47.885,67.71100000000001,218.35,41.159,5.305036565514225,86.009,bnef,51.43953,6.70524
https://registry.gdi-de.org/id/de.hb/de.hb.pf.bube-eureg.06-04-11/2005382/5/0,ArcelorMittal Bremen GmbH ,Germany,DEU,2023,2(b),high,127472.22,spatial_nearest,natural_gas,heat_battery,115.596,244.764,47.885,67.71100000000001,218.35,41.159,5.305036565514225,86.009,bnef,53.12494,8.68673
https://registry.gdi-de.org/id/de.bw.lubw.inspire.pf/pf-450-34044741-00000000,BEB Bioenergie Baden GmbH ,Germany,DEU,2023,5(a),high,59793.61,spatial_nearest,natural_gas,heat_battery,115.596,244.764,47.885,67.71100000000001,218.35,41.159,5.305036565514225,86.009,bnef,48.5829,7.81992
https://registry.gdi-de.org/id/de.nw.inspire.pf.bube-eureg/arb-2017-366044-300-0079450,Smurfit Westrock Zülpich Paper GmbH,Germany,DEU,2023,6(b),high,379667.22,spatial_nearest,natural_gas,heat_battery,115.596,244.764,47.885,67.71100000000001,218.35,41.159,5.305036565514225,86.009,bnef,50.70659,6.65301
https://registry.gdi-de.org/id/de.st.lau.pf.anlagen-ied-euregistry/100276,Mercer Stendal GmbH ,Germany,DEU,2023,6(a),high,28753.89,spatial_nearest,natural_gas,heat_battery,115.596,244.764,47.885,67.71100000000001,218.35,41.159,5.305036565514225,86.009,bnef,52.72827,12.00586
https://registry.gdi-de.org/id/de.nw.inspire.pf.bube-eureg/arb-2017-112000-100-0077961,Hüttenwerke Krupp Mannesmann GmbH,Germany,DEU,2023,2(b),high,449933.06,spatial_nearest,natural_gas,heat_battery,115.596,244.764,47.885,67.71100000000001,218.35,41.159,5.305036565514225,86.009,bnef,51.36823,6.71227
https://registry.gdi-de.org/id/de.he.0945.de7.pf.eu_industrie/20000004,Opel Automobile GmbH ,Germany,DEU,2023,9(c),mid,1153044.44,spatial_nearest,natural_gas,heat_battery,115.596,244.764,47.885,67.71100000000001,218.35,41.159,5.305036565514225,86.009,bnef,49.99482,8.39753
https://registry.gdi-de.org/id/de.by.inspire.pf.ied/S00334,Kelheim Fibres GmbH,Germany,DEU,2023,4(a)(viii),mid,665000.0,spatial_nearest,natural_gas,heat_battery,115.596,244.764,47.885,67.71100000000001,218.35,41.159,5.305036565514225,86.009,bnef,48.906098456176544,11.903295825411895
CZ.MZP.K413/CZ67078452.FACILITY,Synthomer a.s.,Czechia,CZE,2022,4(a)(ii),mid,191306.43,spatial_nearest,natural_gas,heat_battery,111.739,191.764,44.744,66.995,170.65,38.332,4.451893978921006,83.346,proxied,50.18125435,12.66782347
CZ.MZP.S206/CZ41646031.FACILITY,Rafinérie Kralupy nad Vltavou,Czechia,CZE,2022,1(a),mid,1786035.63,spatial_nearest,natural_gas,heat_battery,111.739,191.764,44.744,66.995,170.65,38.332,4.451893978921006,83.346,proxied,50.25840943,14.32869175
CZ.MZP.Z723/CZ11453276.FACILITY,"DEZA, a.s., Valašské Meziříčí",Czechia,CZE,2022,4(a)(i),mid,243695.32,spatial_nearest,natural_gas,heat_battery,111.739,191.764,44.744,66.995,170.65,38.332,4.451893978921006,83.346,proxied,49.49471568,17.95504475
CZ.MZP.U423/CZ15080054.FACILITY,"Lovochemie, a.s., Lovosice",Czechia,CZE,2022,4(c),mid,621592.72,spatial_nearest,natural_gas,heat_battery,111.739,191.764,44.744,66.995,170.65,38.332,4.451893978921006,83.346,proxied,50.51210615,14.07952847
CZ.MZP.T806/CZ78824241.FACILITY,Koksovna Svoboda,Czechia,CZE,2022,1(d),mid,198086.19,spatial_nearest,natural_gas,heat_battery,111.739,191.764,44.744,66.995,170.65,38.332,4.451893978921006,83.346,proxied,49.85923962,18.27581868
CZ.MZP.U425/CZ17751142.FACILITY,ORLEN Unipetrol RPA,Czechia,CZE,2022,4(a)(i),mid,4459515.28,spatial_nearest,natural_gas,heat_battery,111.739,191.764,44.744,66.995,170.65,38.332,4.451893978921006,83.346,proxied,50.56136055,13.61185648
CZ.MZP.T802/CZ29145586.FACILITY,Provozovna Třinec,Czechia,CZE,2022,2(b),high,1456667.79,spatial_nearest,natural_gas,heat_battery,111.739,191.764,44.744,66.995,170.65,38.332,4.451893978921006,83.346,proxied,49.68810552,18.64728154
CZ.MZP.T806/CZ95150686.FACILITY,Liberty Ostrava a.s.,Czechia,CZE,2022,2(b),high,1377881.03,spatial_nearest,natural_gas,heat_battery,111.739,191.764,44.744,66.995,170.65,38.332,4.451893978921006,83.346,proxied,49.7958697,18.30577783
CZ.MZP.U423/CZ63876696.FACILITY,Mondi Štětí a.s. - Celulozka,Czechia,CZE,2022,6(a),high,899093.97,spatial_nearest,natural_gas,heat_battery,111.739,191.764,44.744,66.995,170.65,38.332,4.451893978921006,83.346,proxied,50.46118536,14.37481449
CZ.MZP.E532/CZ53884341.FACILITY,Synthesia a. s.,Czechia,CZE,2022,4(a)(x),mid,687843.01,spatial_nearest,natural_gas,heat_battery,111.739,191.764,44.744,66.995,170.65,38.332,4.451893978921006,83.346,proxied,50.05719241,15.71540491
CZ.MZP.Z723/CZ92460364.FACILITY,CS CABOT,Czechia,CZE,2022,4(b)(v),mid,243695.32,spatial_nearest,natural_gas,heat_battery,111.739,191.764,44.744,66.995,170.65,38.332,4.451893978921006,83.346,proxied,49.50139807,17.95567516
NL.RIVM/000024302.FACILITY,Crown van Gelder International B.V.,Netherlands,NLD,2022,6(b),high,263177.35,spatial_nearest,natural_gas,heat_battery,108.965,204.041,44.744,64.221,181.7,38.332,4.74016487530001,80.849,proxied,52.46697,4.63896
AT.CAED/9008391215752.FACILITY,EVN Wärmekraftwerke GmbH,Austria,AUT,2023,5(b),high,1744222.22,spatial_nearest,natural_gas,heat_battery,106.163,283.708,44.744,61.419,253.4,38.332,6.610664718772827,77.52,proxied,48.327389,15.932417
PL.MŚ/000002919.FACILITY,Zakład PTA we Włocławku,Poland,POL,2024,4(a),mid,106777.78,spatial_nearest,natural_gas,heat_battery,104.661,234.541,44.744,59.917,209.15,38.332,5.456276740060524,81.015,proxied,52.7102241516113,18.9709720611572
PL.MŚ/000000626.FACILITY,KOKSOWNIA PRZYJAŹŃ,Poland,POL,2024,1(d),mid,379973.38,spatial_nearest,natural_gas,heat_battery,104.661,234.541,44.744,59.917,209.15,38.332,5.456276740060524,81.015,proxied,50.3400917053223,19.3372249603271
PL.MŚ/000000058.FACILITY,ArcelorMittal Poland S.A. Oddział Dąbrowa Górnicza,Poland,POL,2024,2(b),high,118083.33,id_direct,natural_gas,heat_battery,104.661,234.541,44.744,59.917,209.15,38.332,5.456276740060524,81.015,proxied,50.3461112976074,19.28444480896
PL.MŚ/000003674.FACILITY,PCC Rokita S.A.,Poland,POL,2024,4(a),mid,395027.78,spatial_nearest,natural_gas,heat_battery,104.661,234.541,44.744,59.917,209.15,38.332,5.456276740060524,81.015,proxied,51.2689208984375,16.7353744506836
PL.MŚ/000003640.FACILITY,Polski Koncern Naftowy ORLEN S.A.,Poland,POL,2024,1(a),mid,8693472.22,spatial_nearest,natural_gas,heat_battery,104.661,234.541,44.744,59.917,209.15,38.332,5.456276740060524,81.015,proxied,52.58617,19.67325
PL.MŚ/000000021.FACILITY,KOKSOWNIA RADLIN,Poland,POL,2024,1(d),mid,102594.44,id_direct,natural_gas,heat_battery,104.661,234.541,44.744,59.917,209.15,38.332,5.456276740060524,81.015,proxied,50.0377769470215,18.4866676330566
PL.MŚ/000000232.FACILITY,Dyckerhoff Polska Sp. z o.o.,Poland,POL,2024,3(c),high,17777.78,id_direct,natural_gas,heat_battery,104.661,234.541,44.744,59.917,209.15,38.332,5.456276740060524,81.015,proxied,50.806941986084,20.5222225189209
PL.MŚ/000000309.FACILITY,SAINT-GOBAIN INNOVATIVE MATERIALS POLSKA SPÓŁKA Z O.O. ODDZIAŁ GLASS,Poland,POL,2024,3(e),high,204722.22,id_direct,natural_gas,heat_battery,104.661,234.541,44.744,59.917,209.15,38.332,5.456276740060524,81.015,proxied,50.3058013916016,19.3013935089111
PL.MŚ/000000273.FACILITY,Euroglas Polska Sp. z o.o.,Poland,POL,2024,3(e),high,89833.33,id_direct,natural_gas,heat_battery,104.661,234.541,44.744,59.917,209.15,38.332,5.456276740060524,81.015,proxied,51.6197776794434,19.9349212646484
PL.MŚ/000000215.FACILITY,CEMEX Polska Sp. z o.o - Zakład Cementownia Chełm,Poland,POL,2024,3(c),high,130077.78,id_direct,natural_gas,heat_battery,104.661,234.541,44.744,59.917,209.15,38.332,5.456276740060524,81.015,proxied,51.1371726989746,23.5443572998047
PL.MŚ/000000973.FACILITY,HOMANIT KROSNO ODRZAŃSKIE Sp. z o.o.,Poland,POL,2024,6(b),high,26000.0,spatial_nearest,natural_gas,heat_battery,104.661,234.541,44.744,59.917,209.15,38.332,5.456276740060524,81.015,proxied,52.0219345092773,15.0831890106201
PL.MŚ/000000916.FACILITY,"ZAKŁAD PRODUKCYJNY ""SODA MĄTWY"" W INOWROCŁAWIU",Poland,POL,2024,4(b),mid,2075805.56,spatial_nearest,natural_gas,heat_battery,104.661,234.541,44.744,59.917,209.15,38.332,5.456276740060524,81.015,proxied,52.7494430541992,18.2366676330566
PL.MŚ/000000138.FACILITY,Arctic Paper Kostrzyn S.A.,Poland,POL,2024,6(b),high,887416.67,id_direct,natural_gas,heat_battery,104.661,234.541,44.744,59.917,209.15,38.332,5.456276740060524,81.015,proxied,52.5945816040039,14.6254749298096
PL.MŚ/000000278.FACILITY,"Huta Miedzi ""Legnica""",Poland,POL,2024,2(e),high,65138.89,id_direct,natural_gas,heat_battery,104.661,234.541,44.744,59.917,209.15,38.332,5.456276740060524,81.015,proxied,51.1823844909668,16.1176204681396
PL.MŚ/000000053.FACILITY,Grupa Ożarów S.A.,Poland,POL,2024,3(c),high,109305.56,id_direct,natural_gas,heat_battery,104.661,234.541,44.744,59.917,209.15,38.332,5.456276740060524,81.015,proxied,50.9304275512695,21.6765041351318
PL.MŚ/000001886.FACILITY,ITPOK Poznań,Poland,POL,2024,5(b),high,2840027.78,spatial_nearest,natural_gas,heat_battery,104.661,234.541,44.744,59.917,209.15,38.332,5.456276740060524,81.015,proxied,52.4333457946777,16.9854507446289
PL.MŚ/000000197.FACILITY,ANWIL S.A.,Poland,POL,2024,4(c),mid,106500.0,id_direct,natural_gas,heat_battery,104.661,234.541,44.744,59.917,209.15,38.332,5.456276740060524,81.015,proxied,52.7022247314453,18.9658336639404
PL.MŚ/000000023.FACILITY,LOTOS ASfalt Sp. z o.o.,Poland,POL,2024,1(a),mid,1088.89,id_direct,natural_gas,heat_battery,104.661,234.541,44.744,59.917,209.15,38.332,5.456276740060524,81.015,proxied,54.3499298095703,18.7296676635742
PL.MŚ/000000898.FACILITY,"ZAKŁAD PRODUKCYJNY ""JANIKOSODA"" W JANIKOWIE",Poland,POL,2024,4(b),mid,1186944.44,spatial_nearest,natural_gas,heat_battery,104.661,234.541,44.744,59.917,209.15,38.332,5.456276740060524,81.015,proxied,52.7644462585449,18.1108341217041
PL.MŚ/000000072.FACILITY,International Paper - Kwidzyn Sp. z o.o.,Poland,POL,2024,6(b),high,2226938.89,id_direct,natural_gas,heat_battery,104.661,234.541,44.744,59.917,209.15,38.332,5.456276740060524,81.015,proxied,53.6997413635254,18.9216861724854
PL.MŚ/000000554.FACILITY,ARCELORMITTAL POLAND SPÓŁKA AKCYJNA ODDZIAŁ W ZDZIESZOWICACH,Poland,POL,2024,1(d),mid,1146565.0,spatial_nearest,natural_gas,heat_battery,104.661,234.541,44.744,59.917,209.15,38.332,5.456276740060524,81.015,proxied,50.4191131591797,18.1425285339355
PL.MŚ/000000062.FACILITY,"Cementownia ""Odra"" S.A.",Poland,POL,2024,3(c),high,90647.22,id_direct,natural_gas,heat_battery,104.661,234.541,44.744,59.917,209.15,38.332,5.456276740060524,81.015,proxied,50.6806411743164,17.9139156341553
PL.MŚ/000000586.FACILITY,"Grupa Azoty Zakłady Azotowe ""Puławy"" S.A.",Poland,POL,2024,4(a),mid,2823111.11,spatial_nearest,natural_gas,heat_battery,104.661,234.541,44.744,59.917,209.15,38.332,5.456276740060524,81.015,proxied,51.4607086181641,21.9740314483643
PL.MŚ/000000067.FACILITY,"CEMENTOWNIA ""WARTA"" SPÓŁKA AKCYJNA",Poland,POL,2024,3(c),high,435513.89,id_direct,natural_gas,heat_battery,104.661,234.541,44.744,59.917,209.15,38.332,5.456276740060524,81.015,proxied,51.1030540466309,18.9263877868652
PL.MŚ/000000221.FACILITY,"Huta Cynku ""Miasteczko Śląskie"" S.A.",Poland,POL,2024,2(e),high,1208.33,id_direct,natural_gas,heat_battery,104.661,234.541,44.744,59.917,209.15,38.332,5.456276740060524,81.015,proxied,50.5025901794434,18.9307708740234
PL.MŚ/000003643.FACILITY,Synthos Dwory 7 spółka z ograniczoną odpowiedzialnością spółka jawna,Poland,POL,2024,4(a),mid,1408861.11,spatial_nearest,natural_gas,heat_battery,104.661,234.541,44.744,59.917,209.15,38.332,5.456276740060524,81.015,proxied,50.0400009155273,19.273889541626
PL.MŚ/000000429.FACILITY,"Grupa Azoty Zakłady Chemiczne ""POLICE"" SA",Poland,POL,2024,4(b),mid,39891.67,spatial_nearest,natural_gas,heat_battery,104.661,234.541,44.744,59.917,209.15,38.332,5.456276740060524,81.015,proxied,53.5698280334473,14.5381364822388
PL.MŚ/000000063.FACILITY,LAFARGE CEMENT S.A,Poland,POL,2024,3(c),high,248880.56,id_direct,natural_gas,heat_battery,104.661,234.541,44.744,59.917,209.15,38.332,5.456276740060524,81.015,proxied,50.8286399841309,20.2727031707764
PL.MŚ/000000318.FACILITY,Mondi Świecie S.A.,Poland,POL,2024,6(b),high,74312.22,spatial_nearest,natural_gas,heat_battery,104.661,234.541,44.744,59.917,209.15,38.332,5.456276740060524,81.015,proxied,53.3935470581055,18.3743133544922
PL.MŚ/000000108.FACILITY,Grupa Azoty Zakłady Azotowe Kędzierzyn Spółka Akcyjna,Poland,POL,2024,4(c),mid,86221.67,id_direct,natural_gas,heat_battery,104.661,234.541,44.744,59.917,209.15,38.332,5.456276740060524,81.015,proxied,50.303394317627,18.2594203948975
PL.MŚ/000000136.FACILITY,"Celsa ""Huta Ostrowiec"" Sp.o.o.",Poland,POL,2024,2(b),high,868583.33,id_direct,natural_gas,heat_battery,104.661,234.541,44.744,59.917,209.15,38.332,5.456276740060524,81.015,proxied,50.9482231140137,21.4450912475586
PL.MŚ/000000190.FACILITY,CEMEX Polska Sp. z o.o. - Zakład Cementownia Rudniki,Poland,POL,2024,3(c),high,441.67,id_direct,natural_gas,heat_battery,104.661,234.541,44.744,59.917,209.15,38.332,5.456276740060524,81.015,proxied,50.8750915527344,19.2573299407959
PL.MŚ/000000212.FACILITY,Kronospan Mielec Sp. z o.o.,Poland,POL,2024,6(b),high,200722.22,id_direct,natural_gas,heat_battery,104.661,234.541,44.744,59.917,209.15,38.332,5.456276740060524,81.015,proxied,50.307014465332,21.470874786377
PL.MŚ/000003652.FACILITY,"Oddział Huta Miedzi ""Głogów""",Poland,POL,2024,2(e),high,96055.56,spatial_nearest,natural_gas,heat_battery,104.661,234.541,44.744,59.917,209.15,38.332,5.456276740060524,81.015,proxied,51.6836814880371,15.9883890151978
ES.CAED/001527000.FACILITY,REPSOL REFINERIA TARRAGONA,Spain,ESP,2023,1(a),mid,3139444.44,id_direct,natural_gas,heat_battery,96.237,176.208,36.946,59.291,156.65,31.314,5.002554767835473,68.586,bnef,41.173678,1.227106
ES.CAED/005916000.FACILITY,ZABALGARBI,Spain,ESP,2023,5(b),high,1176381.23,id_direct,natural_gas,heat_battery,96.237,176.208,36.946,59.291,156.65,31.314,5.002554767835473,68.586,bnef,43.251759,-2.969134
https://data.gov.sk/set/data/so/b4d884b3-4442-43db-a19c-ceb6e127960f/SK57002803.NRZ.FACILITY,U.S.Steel s.r.o.,Slovakia,SVK,2022,2(b),high,2014211.91,spatial_nearest,natural_gas,heat_battery,103.786,257.097,44.744,59.042,229.45,38.332,5.985860377752269,76.188,proxied,48.617783,21.198325
https://data.gov.sk/set/data/so/b4d884b3-4442-43db-a19c-ceb6e127960f/SK37012102.NRZ.FACILITY,"SLOVNAFT, a.s.",Slovakia,SVK,2022,1(a),mid,2933727.37,spatial_nearest,natural_gas,heat_battery,103.786,257.097,44.744,59.042,229.45,38.332,5.985860377752269,76.188,proxied,48.119024,17.18056
https://data.gov.sk/set/data/so/b4d884b3-4442-43db-a19c-ceb6e127960f/SK47025613.NRZ.FACILITY,"Slovalco, a.s.",Slovakia,SVK,2022,2(e)(i),high,43243.98,spatial_nearest,natural_gas,heat_battery,103.786,257.097,44.744,59.042,229.45,38.332,5.985860377752269,76.188,proxied,48.564183,18.846948
https://data.gov.sk/set/data/so/b4d884b3-4442-43db-a19c-ceb6e127960f/SK37021405.NRZ.FACILITY,Duslo a.s.,Slovakia,SVK,2022,4(c),mid,295113.37,spatial_nearest,natural_gas,heat_battery,103.786,257.097,44.744,59.042,229.45,38.332,5.985860377752269,76.188,proxied,48.181531,17.937156
FR.CAED/653.FACILITY,SIMOREP ET CIE,France,FRA,2022,4(a)(ix),mid,245290.55,id_direct,natural_gas,heat_battery,102.183,143.264,45.593,56.59,127.0,39.096,3.2484141600163703,74.745,bnef,44.91249,-0.52135
FR.CAED/7560.FACILITY,ARKEMA FRANCE,France,FRA,2022,4(a)(iv),mid,393539.46,id_direct,natural_gas,heat_battery,102.183,143.264,45.593,56.59,127.0,39.096,3.2484141600163703,74.745,bnef,43.2833,5.49868
FR.CAED/5506.FACILITY,LA ROCHETTE CARTONBOARD SAS,France,FRA,2022,6(b),high,24547.67,id_direct,natural_gas,heat_battery,102.183,143.264,45.593,56.59,127.0,39.096,3.2484141600163703,74.745,bnef,45.4537,6.1185
NL.RIVM/000010063.FACILITY,AVR-Afvalverwerking,Netherlands,NLD,2024,5(b),high,407671.52,spatial_nearest,natural_gas,heat_battery,100.222,235.375,44.744,55.477999999999994,209.9,38.332,5.4758426380048,77.02,proxied,51.89704,4.27639
NL.RIVM/000012175.FACILITY,Air Liquide Industrie BV,Netherlands,NLD,2024,4(b)(i),mid,501464.61,spatial_nearest,natural_gas,heat_battery,100.222,235.375,44.744,55.477999999999994,209.9,38.332,5.4758426380048,77.02,proxied,51.88525,4.25626
NL.RIVM/000075305.FACILITY,locatie Boeldershoek,Netherlands,NLD,2024,5(b),high,1040.32,spatial_nearest,natural_gas,heat_battery,100.222,235.375,44.744,55.477999999999994,209.9,38.332,5.4758426380048,77.02,proxied,52.23427,6.78419
NL.RIVM/000000062.FACILITY,Chemelot Site Permit BV,Netherlands,NLD,2024,4(a)(i),mid,3517489.88,spatial_nearest,natural_gas,heat_battery,100.222,235.375,44.744,55.477999999999994,209.9,38.332,5.4758426380048,77.02,proxied,50.98059,5.79632
NL.RIVM/000204944.FACILITY,Eneco Bio Golden Raand C.V.,Netherlands,NLD,2024,5(c),high,1688.64,spatial_nearest,natural_gas,heat_battery,100.222,235.375,44.744,55.477999999999994,209.9,38.332,5.4758426380048,77.02,proxied,53.31022,6.98393
NL.RIVM/000203220.FACILITY,EEW Energy from Waste Delfzijl B.V.,Netherlands,NLD,2024,5(b),high,1688.64,spatial_nearest,natural_gas,heat_battery,100.222,235.375,44.744,55.477999999999994,209.9,38.332,5.4758426380048,77.02,proxied,53.30972,6.98765
NL.RIVM/000010689.FACILITY,Air Products Nederland BV (Botlek),Netherlands,NLD,2024,4(b)(i),mid,463534.07,spatial_nearest,natural_gas,heat_battery,100.222,235.375,44.744,55.477999999999994,209.9,38.332,5.4758426380048,77.02,proxied,51.87894,4.25934
NL.RIVM/000115036.FACILITY,LyondellBasell Covestro Manufacturing Maasvlakte VOF,Netherlands,NLD,2024,4(a)(ii),mid,192637.31,spatial_nearest,natural_gas,heat_battery,100.222,235.375,44.744,55.477999999999994,209.9,38.332,5.4758426380048,77.02,proxied,51.96786,4.01932
NL.RIVM/000010057.FACILITY,Shell Nederland Raffinaderij BV,Netherlands,NLD,2024,1(a),mid,2575231.18,spatial_nearest,natural_gas,heat_battery,100.222,235.375,44.744,55.477999999999994,209.9,38.332,5.4758426380048,77.02,proxied,51.88013,4.33533
NL.RIVM/000011024.FACILITY,Cabot B.V.,Netherlands,NLD,2024,4(b)(v),mid,986037.51,spatial_nearest,natural_gas,heat_battery,100.222,235.375,44.744,55.477999999999994,209.9,38.332,5.4758426380048,77.02,proxied,51.89142,4.26431
NL.RIVM/000041003.FACILITY,Shell Nederland Chemie BV (Moerdijk),Netherlands,NLD,2024,4(a)(i),mid,458035.44,spatial_nearest,natural_gas,heat_battery,100.222,235.375,44.744,55.477999999999994,209.9,38.332,5.4758426380048,77.02,proxied,51.68786,4.56212
NL.RIVM/000023301.FACILITY,Tata Steel IJmuiden BV,Netherlands,NLD,2024,2(b),high,11078.82,spatial_nearest,natural_gas,heat_battery,100.222,235.375,44.744,55.477999999999994,209.9,38.332,5.4758426380048,77.02,proxied,52.47656,4.59217
NL.RIVM/000047001.FACILITY,Slibverwerking Noord-Brabant NV,Netherlands,NLD,2024,5(c),high,1583714.65,spatial_nearest,natural_gas,heat_battery,100.222,235.375,44.744,55.477999999999994,209.9,38.332,5.4758426380048,77.02,proxied,51.68962,4.58016
NL.RIVM/000041101.FACILITY,SABIC Innovative Plastics BV,Netherlands,NLD,2024,4(a)(viii),mid,478726.97,spatial_nearest,natural_gas,heat_battery,100.222,235.375,44.744,55.477999999999994,209.9,38.332,5.4758426380048,77.02,proxied,51.51059,4.25585
NL.RIVM/000010001.FACILITY,Nobian Industrial Chemicals BV (Rotterdam),Netherlands,NLD,2024,4(b)(v),mid,515442.2,spatial_nearest,natural_gas,heat_battery,100.222,235.375,44.744,55.477999999999994,209.9,38.332,5.4758426380048,77.02,proxied,51.874,4.27863
NL.RIVM/000051501.FACILITY,Zeeland Refinery N.V.,Netherlands,NLD,2024,1(a),mid,2368613.09,spatial_nearest,natural_gas,heat_battery,100.222,235.375,44.744,55.477999999999994,209.9,38.332,5.4758426380048,77.02,proxied,51.44562,3.72705
FR.CAED/5914.FACILITY,NOVACARB,France,FRA,2024,4(b)(iv),mid,964876.39,id_direct,natural_gas,heat_battery,99.913,201.43,45.593,54.31999999999999,179.35,39.096,4.587425823613669,76.743,bnef,48.6394,6.26553
FR.CAED/9964.FACILITY,SOC D'EXPLOITATION THERMIQUE DU MIRAIL,France,FRA,2024,5(b),high,1719.9,id_direct,natural_gas,heat_battery,99.913,201.43,45.593,54.31999999999999,179.35,39.096,4.587425823613669,76.743,bnef,43.55826,1.39858
FR.CAED/7656.FACILITY,ARCELORMITTAL MEDITERRANEE,France,FRA,2024,2(b),high,62092.44,id_direct,natural_gas,heat_battery,99.913,201.43,45.593,54.31999999999999,179.35,39.096,4.587425823613669,76.743,bnef,43.46551,4.93663
FR.CAED/146.FACILITY,SAICA PAPER FRANCE,France,FRA,2024,6(a),high,59084.91,id_direct,natural_gas,heat_battery,99.913,201.43,45.593,54.31999999999999,179.35,39.096,4.587425823613669,76.743,bnef,49.36547,3.41373
FR.CAED/3936.FACILITY,LAT NITROGEN FRANCE,France,FRA,2024,4(b)(ii),mid,1025574.0,id_direct,natural_gas,heat_battery,99.913,201.43,45.593,54.31999999999999,179.35,39.096,4.587425823613669,76.743,bnef,49.42375,1.03674
FR.CAED/662.FACILITY,SMURFIT WESTROCK CELLULOSE DU PIN,France,FRA,2024,6(a),high,4862.9,id_direct,natural_gas,heat_battery,99.913,201.43,45.593,54.31999999999999,179.35,39.096,4.587425823613669,76.743,bnef,44.62884,-0.97612
FR.CAED/5491.FACILITY,SAVOIE DECHETS,France,FRA,2024,5(b),high,56585.0,spatial_nearest,natural_gas,heat_battery,99.913,201.43,45.593,54.31999999999999,179.35,39.096,4.587425823613669,76.743,bnef,45.59021,5.89551
FR.CAED/759.FACILITY,GASCOGNE PAPIER,France,FRA,2024,6(a),high,54074.39,id_direct,natural_gas,heat_battery,99.913,201.43,45.593,54.31999999999999,179.35,39.096,4.587425823613669,76.743,bnef,44.20724,-1.2716
FR.CAED/7646.FACILITY,RHONE ENERGIES FOS-SUR-MER SAS,France,FRA,2024,1(a),mid,1909228.66,id_direct,natural_gas,heat_battery,99.913,201.43,45.593,54.31999999999999,179.35,39.096,4.587425823613669,76.743,bnef,43.44832,4.93111
FR.CAED/8527.FACILITY,PAPREC ENERGIES SAINT OUEN,France,FRA,2024,5(b),high,591154.45,spatial_nearest,natural_gas,heat_battery,99.913,201.43,45.593,54.31999999999999,179.35,39.096,4.587425823613669,76.743,bnef,48.91406,2.32146
FR.CAED/788.FACILITY,RAYONIER A.M. TARTAS,France,FRA,2024,6(a),high,97750.04,id_direct,natural_gas,heat_battery,99.913,201.43,45.593,54.31999999999999,179.35,39.096,4.587425823613669,76.743,bnef,43.83137,-0.82634
FR.CAED/5469.FACILITY,METROPOLE DE LYON,France,FRA,2024,5(b),high,18607.89,spatial_nearest,natural_gas,heat_battery,99.913,201.43,45.593,54.31999999999999,179.35,39.096,4.587425823613669,76.743,bnef,45.72515,4.83773
FR.CAED/6155.FACILITY,EGGER PANNEAUX ET DECORS,France,FRA,2024,6(b),high,51412.17,id_direct,natural_gas,heat_battery,99.913,201.43,45.593,54.31999999999999,179.35,39.096,4.587425823613669,76.743,bnef,48.33671,6.65654
FR.CAED/44.FACILITY,SOLVAY FRANCE,France,FRA,2024,4(a)(vi),mid,1486721.73,id_direct,natural_gas,heat_battery,99.913,201.43,45.593,54.31999999999999,179.35,39.096,4.587425823613669,76.743,bnef,47.03851,5.41265
FR.CAED/10011.FACILITY,FIBRE EXCELLENCE SAINT-GAUDENS SAS,France,FRA,2024,6(a),high,13360.02,id_direct,natural_gas,heat_battery,99.913,201.43,45.593,54.31999999999999,179.35,39.096,4.587425823613669,76.743,bnef,43.09995,0.72184
FR.CAED/1260.FACILITY,STE BEARNAISE DE GESTION INDUSTRIELLE,France,FRA,2024,1(b),mid,570618.58,id_direct,natural_gas,heat_battery,99.913,201.43,45.593,54.31999999999999,179.35,39.096,4.587425823613669,76.743,bnef,43.41473,-0.61294
FR.CAED/5938.FACILITY,SAINT-GOBAIN PAM CANALISATION,France,FRA,2024,2(b),high,117527.48,id_direct,natural_gas,heat_battery,99.913,201.43,45.593,54.31999999999999,179.35,39.096,4.587425823613669,76.743,bnef,48.89672,6.05187
FR.CAED/6792.FACILITY,ALCEA,France,FRA,2024,5(b),high,22780.42,spatial_nearest,natural_gas,heat_battery,99.913,201.43,45.593,54.31999999999999,179.35,39.096,4.587425823613669,76.743,bnef,47.22358,-1.50494
FR.CAED/3839.FACILITY,TOTALENERGIES PETROCHEMICALS FRANCE,France,FRA,2024,4(a)(i),mid,165750.02,id_direct,natural_gas,heat_battery,99.913,201.43,45.593,54.31999999999999,179.35,39.096,4.587425823613669,76.743,bnef,49.50488,0.20609
FR.CAED/5422.FACILITY,TOTALENERGIES RAFFINAGE FRANCE,France,FRA,2024,1(a),mid,236924.12,id_direct,natural_gas,heat_battery,99.913,201.43,45.593,54.31999999999999,179.35,39.096,4.587425823613669,76.743,bnef,45.67743,4.86113
FR.CAED/6144.FACILITY,NORSKE SKOG GOLBEY,France,FRA,2024,6(b),high,89828.68,id_direct,natural_gas,heat_battery,99.913,201.43,45.593,54.31999999999999,179.35,39.096,4.587425823613669,76.743,bnef,48.20944,6.42027
FR.CAED/7588.FACILITY,FIBRE EXCELLENCE PROVENCE,France,FRA,2024,6(a),high,58094.36,id_direct,natural_gas,heat_battery,99.913,201.43,45.593,54.31999999999999,179.35,39.096,4.587425823613669,76.743,bnef,43.7932,4.66201
FR.CAED/791.FACILITY,LES DERIVES RESINIQUES ET TERPENIQUES,France,FRA,2024,4(a)(ii),mid,110988.71,id_direct,natural_gas,heat_battery,99.913,201.43,45.593,54.31999999999999,179.35,39.096,4.587425823613669,76.743,bnef,43.94703,-1.29872
FR.CAED/3899.FACILITY,SYNDICAT MIXTE D ELIMINATION DES DECHETS DE L ARRONDISSEMENT DE ROUEN,France,FRA,2024,5(b),high,1025574.0,spatial_nearest,natural_gas,heat_battery,99.913,201.43,45.593,54.31999999999999,179.35,39.096,4.587425823613669,76.743,bnef,49.42982,1.03375
FR.CAED/9659.FACILITY,LINDE GAS SA,France,FRA,2024,4(b)(i),mid,621516.38,spatial_nearest,natural_gas,heat_battery,99.913,201.43,45.593,54.31999999999999,179.35,39.096,4.587425823613669,76.743,bnef,47.8265,7.54591
FR.CAED/6359.FACILITY,INEOS POLYMERS SARRALBE SAS,France,FRA,2024,4(a)(viii),mid,331143.53,id_direct,natural_gas,heat_battery,99.913,201.43,45.593,54.31999999999999,179.35,39.096,4.587425823613669,76.743,bnef,49.0053,7.03121
FR.CAED/9481.FACILITY,ALSACHIMIE,France,FRA,2024,4(a)(ii),mid,621516.38,id_direct,natural_gas,heat_battery,99.913,201.43,45.593,54.31999999999999,179.35,39.096,4.587425823613669,76.743,bnef,47.8265,7.54591
FR.CAED/8403.FACILITY,SUEZ RV ENERGIE,France,FRA,2024,5(b),high,17946.94,spatial_nearest,natural_gas,heat_battery,99.913,201.43,45.593,54.31999999999999,179.35,39.096,4.587425823613669,76.743,bnef,48.95847,2.20503
FR.CAED/7626.FACILITY,LYONDELL CHIMIE FRANCE,France,FRA,2024,4(a)(ii),mid,619278.41,id_direct,natural_gas,heat_battery,99.913,201.43,45.593,54.31999999999999,179.35,39.096,4.587425823613669,76.743,bnef,43.42011,4.8602
FR.CAED/7615.FACILITY,NAPHTACHIMIE,France,FRA,2024,4(a)(i),mid,479407.45,id_direct,natural_gas,heat_battery,99.913,201.43,45.593,54.31999999999999,179.35,39.096,4.587425823613669,76.743,bnef,43.38438,5.01737
FR.CAED/9469.FACILITY,BUTACHIMIE,France,FRA,2024,4(a)(iv),mid,87301.11,id_direct,natural_gas,heat_battery,99.913,201.43,45.593,54.31999999999999,179.35,39.096,4.587425823613669,76.743,bnef,47.81907,7.53852
FR.CAED/9451.FACILITY,LAT NITROGEN OTTMARSHEIM,France,FRA,2024,4(c),mid,120518.2,id_direct,natural_gas,heat_battery,99.913,201.43,45.593,54.31999999999999,179.35,39.096,4.587425823613669,76.743,bnef,47.79004,7.51929
FR.CAED/6253.FACILITY,HAGANIS,France,FRA,2024,5(b),high,203179.85,spatial_nearest,natural_gas,heat_battery,99.913,201.43,45.593,54.31999999999999,179.35,39.096,4.587425823613669,76.743,bnef,49.12578,6.1816
FR.CAED/1904.FACILITY,VERALLIA FRANCE,France,FRA,2024,3(e),high,6666.67,spatial_nearest,natural_gas,heat_battery,99.913,201.43,45.593,54.31999999999999,179.35,39.096,4.587425823613669,76.743,bnef,46.8017,4.8424
FR.CAED/7874.FACILITY,PETROINEOS MANUFACTURING FRANCE SAS,France,FRA,2024,1(a),mid,1813227.53,id_direct,natural_gas,heat_battery,99.913,201.43,45.593,54.31999999999999,179.35,39.096,4.587425823613669,76.743,bnef,43.38403,5.02829
FR.CAED/3814.FACILITY,TOTALENERGIES RAFFINAGE FRANCE,France,FRA,2024,1(a),mid,4992146.97,id_direct,natural_gas,heat_battery,99.913,201.43,45.593,54.31999999999999,179.35,39.096,4.587425823613669,76.743,bnef,49.51034,0.22592
FR.CAED/6088.FACILITY,ARKEMA FRANCE,France,FRA,2024,4(a)(ii),mid,366241.92,id_direct,natural_gas,heat_battery,99.913,201.43,45.593,54.31999999999999,179.35,39.096,4.587425823613669,76.743,bnef,49.1401,6.70733
FR.CAED/8363.FACILITY,ENORIS,France,FRA,2024,5(b),high,63922.29,id_direct,natural_gas,heat_battery,99.913,201.43,45.593,54.31999999999999,179.35,39.096,4.587425823613669,76.743,bnef,48.71938,2.27887
FR.CAED/5125.FACILITY,SAICA PAPER FRANCE,France,FRA,2024,6(a),high,135229.67,id_direct,natural_gas,heat_battery,99.913,201.43,45.593,54.31999999999999,179.35,39.096,4.587425823613669,76.743,bnef,45.21534,4.81297
FR.CAED/4602.FACILITY,SYLVAMO FRANCE SA,France,FRA,2024,6(b),high,83750.11,id_direct,natural_gas,heat_battery,99.913,201.43,45.593,54.31999999999999,179.35,39.096,4.587425823613669,76.743,bnef,45.86907,0.82809
FR.CAED/7658.FACILITY,TOTALENERGIES RAFFINAGE FRANCE,France,FRA,2024,1(a),mid,813055.78,id_direct,natural_gas,heat_battery,99.913,201.43,45.593,54.31999999999999,179.35,39.096,4.587425823613669,76.743,bnef,43.38846,5.15267
FR.CAED/3829.FACILITY,YARA FRANCE,France,FRA,2024,4(b)(i),mid,691621.98,id_direct,natural_gas,heat_battery,99.913,201.43,45.593,54.31999999999999,179.35,39.096,4.587425823613669,76.743,bnef,49.50521,0.20993
FR.CAED/22894.FACILITY,B + T ENERGIE FRANCE,France,FRA,2024,5(b),high,621516.38,spatial_nearest,natural_gas,heat_battery,99.913,201.43,45.593,54.31999999999999,179.35,39.096,4.587425823613669,76.743,bnef,47.82944,7.54777
FR.CAED/3833.FACILITY,EXXONMOBIL CHEMICAL FRANCE,France,FRA,2024,4(a)(i),mid,1564478.63,id_direct,natural_gas,heat_battery,99.913,201.43,45.593,54.31999999999999,179.35,39.096,4.587425823613669,76.743,bnef,49.48838,0.56521
FR.CAED/771.FACILITY,EGGER PANNEAUX ET DECORS,France,FRA,2024,6(b),high,9750.0,spatial_nearest,natural_gas,heat_battery,99.913,201.43,45.593,54.31999999999999,179.35,39.096,4.587425823613669,76.743,bnef,43.91568,-0.91382
FR.CAED/4151.FACILITY,TEREOS STARCH & SWEETENERS LBN,France,FRA,2024,4(a)(ii),mid,128782.12,id_direct,natural_gas,heat_battery,99.913,201.43,45.593,54.31999999999999,179.35,39.096,4.587425823613669,76.743,bnef,49.48913,0.52521
FR.CAED/3834.FACILITY,ESSO RAFFINAGE,France,FRA,2024,1(a),mid,1564478.63,id_direct,natural_gas,heat_battery,99.913,201.43,45.593,54.31999999999999,179.35,39.096,4.587425823613669,76.743,bnef,49.48838,0.56521
FR.CAED/7945.FACILITY,EVERÉ SAS,France,FRA,2024,5(b),high,619278.41,spatial_nearest,natural_gas,heat_battery,99.913,201.43,45.593,54.31999999999999,179.35,39.096,4.587425823613669,76.743,bnef,43.42011,4.8602
FR.CAED/7943.FACILITY,AIR LIQUIDE HYDROGENE,France,FRA,2024,4(b)(i),mid,1813227.53,spatial_nearest,natural_gas,heat_battery,99.913,201.43,45.593,54.31999999999999,179.35,39.096,4.587425823613669,76.743,bnef,43.38944,5.02602
FR.CAED/7652.FACILITY,IMERYS ALUMINATES,France,FRA,2024,3(c)(iii),high,62092.44,spatial_nearest,natural_gas,heat_battery,99.913,201.43,45.593,54.31999999999999,179.35,39.096,4.587425823613669,76.743,bnef,43.46551,4.93663
FR.CAED/5900.FACILITY,SOLVAY OPERATIONS FRANCE,France,FRA,2024,4(b)(iv),mid,1072902.88,id_direct,natural_gas,heat_battery,99.913,201.43,45.593,54.31999999999999,179.35,39.096,4.587425823613669,76.743,bnef,48.6196,6.35778
FR.CAED/7598.FACILITY,CHAUX DE PROVENCE - SACAM,France,FRA,2024,3(c)(iii),high,813055.78,spatial_nearest,natural_gas,heat_battery,99.913,201.43,45.593,54.31999999999999,179.35,39.096,4.587425823613669,76.743,bnef,43.38636,5.14736
FR.CAED/4122.FACILITY,AIR LIQUIDE HYDROGENE,France,FRA,2024,4(b)(i),mid,1564478.63,spatial_nearest,natural_gas,heat_battery,99.913,201.43,45.593,54.31999999999999,179.35,39.096,4.587425823613669,76.743,bnef,49.48838,0.56521
FR.CAED/9662.FACILITY,SIVOM MULHOUSE SUD ALSACE,France,FRA,2024,5(b),high,168932.73,spatial_nearest,natural_gas,heat_battery,99.913,201.43,45.593,54.31999999999999,179.35,39.096,4.587425823613669,76.743,bnef,47.77443,7.40237
FR.CAED/6705.FACILITY,TOTALENERGIES MARKETING SERVICES,France,FRA,2024,1(a),mid,312259.15,id_direct,natural_gas,heat_battery,99.913,201.43,45.593,54.31999999999999,179.35,39.096,4.587425823613669,76.743,bnef,47.37229,-2.12805
FR.CAED/10790.FACILITY,VERSALIS FRANCE S.A.S.,France,FRA,2024,4(a)(i),mid,413252.67,id_direct,natural_gas,heat_battery,99.913,201.43,45.593,54.31999999999999,179.35,39.096,4.587425823613669,76.743,bnef,51.03032,2.2455
FR.CAED/7624.FACILITY,KEM ONE,France,FRA,2024,4(a)(vi),mid,179972.6,id_direct,natural_gas,heat_battery,99.913,201.43,45.593,54.31999999999999,179.35,39.096,4.587425823613669,76.743,bnef,43.45583,4.93172
PT.CAED/PT.APA05763542.CI,"Repsol Polimeros , Lda. (CI)",Portugal,PRT,2023,4(a)(i),mid,196175.0,spatial_nearest,natural_gas,heat_battery,98.395,119.653,44.744,53.650999999999996,105.75,38.332,2.7587916101429615,70.528,proxied,37.984145,-8.83258
IE.CAED/P0266.FACILITY,Irving Oil Whitegate Refinery Limited,Ireland,IRL,2024,1(a),mid,4245911.11,spatial_nearest,natural_gas,heat_battery,98.064,286.153,44.744,53.31999999999999,255.6,38.332,6.66805801940937,75.078,proxied,51.820571,-8.24794
IE.CAED/P0035.FACILITY,Aughinish Alumina Limited,Ireland,IRL,2024,4(b)(v),mid,4196775.0,spatial_nearest,natural_gas,heat_battery,98.064,286.153,44.744,53.31999999999999,255.6,38.332,6.66805801940937,75.078,proxied,52.624625,-9.059835
IE.CAED/W0232.FACILITY,Dublin Waste to Energy Limited,Ireland,IRL,2024,5(b),high,6188.89,spatial_nearest,natural_gas,heat_battery,98.064,286.153,44.744,53.31999999999999,255.6,38.332,6.66805801940937,75.078,proxied,53.338968,-6.200382
DK.CAED/900000024.FACILITY,Spildevandscenter Avedøre (renseanlæg),Denmark,DNK,2023,5(f),high,1676.39,id_direct,natural_gas,heat_battery,97.285,141.541,44.744,52.541,125.45,38.332,3.272722529479286,69.529,proxied,55.6085262,12.45055509
https://registry.gdi-de.org/id/de.by.inspire.pf.ied/S00052,Müllheizkraftwerk Burgkirchen,Germany,DEU,2024,5(b),high,851602.78,spatial_nearest,natural_gas,heat_battery,100.407,262.541,47.885,52.522,234.35,41.159,5.693772929371462,77.187,bnef,48.185158456956536,12.73468924808328
https://registry.gdi-de.org/id/de.st.lau.pf.anlagen-ied-euregistry/101071,SOLVAY GmbH ,Germany,DEU,2024,4(b)(iv),mid,708638.89,spatial_nearest,natural_gas,heat_battery,100.407,262.541,47.885,52.522,234.35,41.159,5.693772929371462,77.187,bnef,51.8011,11.75059
https://registry.gdi-de.org/id/de.he.0945.de7.pf.eu_industrie/30001503,Thermal Conversion Compound Industriepark Höchst GmbH,Germany,DEU,2024,5(b),high,174722.22,spatial_nearest,natural_gas,heat_battery,100.407,262.541,47.885,52.522,234.35,41.159,5.693772929371462,77.187,bnef,50.08842,8.53683
https://registry.gdi-de.org/id/de.rp.inspire.pf.bube-eureg/4000041,Grace GmbH,Germany,DEU,2024,4(b)(v),mid,333055.56,spatial_nearest,natural_gas,heat_battery,100.407,262.541,47.885,52.522,234.35,41.159,5.693772929371462,77.187,bnef,49.66326,8.35773
https://registry.gdi-de.org/id/de.nw.inspire.pf.bube-eureg/arb-2017-314000-300-0362088,Müllverwertungsanlage Bonn GmbH,Germany,DEU,2024,5(b),high,601561.11,spatial_nearest,natural_gas,heat_battery,100.407,262.541,47.885,52.522,234.35,41.159,5.693772929371462,77.187,bnef,50.73361,7.0775
https://registry.gdi-de.org/id/de.by.inspire.pf.ied/S00316,"Südzucker AG, Werk Plattling",Germany,DEU,2024,8(b)(ii),low,145186.11,spatial_nearest,natural_gas,heat_battery,100.407,262.541,47.885,52.522,234.35,41.159,5.693772929371462,77.187,bnef,48.78761959706416,12.88275016136665
https://registry.gdi-de.org/id/de.ni.mu/31000006225,EMPG - EAA Großenkneten Erdgas-Aufbereitungsanlage,Germany,DEU,2024,4(b)(v),mid,584895.63,spatial_nearest,natural_gas,heat_battery,100.407,262.541,47.885,52.522,234.35,41.159,5.693772929371462,77.187,bnef,52.9562,8.2275
https://registry.gdi-de.org/id/de.he.0945.de7.pf.eu_industrie/50002126,Werk Werra Standort Wintershall,Germany,DEU,2024,3(a),high,1557847.22,spatial_nearest,natural_gas,heat_battery,100.407,262.541,47.885,52.522,234.35,41.159,5.693772929371462,77.187,bnef,50.89359,9.99586
https://registry.gdi-de.org/id/de.mv.land.inspire.pf.bube/30005775,Vattenfall Europe New Energy Ecopower GmbH Betriebsstätte HKW Rostock ,Germany,DEU,2024,5(b),high,1586236.94,spatial_nearest,natural_gas,heat_battery,100.407,262.541,47.885,52.522,234.35,41.159,5.693772929371462,77.187,bnef,54.14492,12.1447
https://registry.gdi-de.org/id/de.bb.inspire.pf.eureg/23020136,LEIPA Georg Leinfelder Werk Schwedt Nord,Germany,DEU,2024,6(b),high,8638.89,spatial_nearest,natural_gas,heat_battery,100.407,262.541,47.885,52.522,234.35,41.159,5.693772929371462,77.187,bnef,53.08676,14.31884
https://registry.gdi-de.org/id/de.nw.inspire.pf.bube-eureg/arb-2017-358008-300-0890760,Schoellershammer GmbH,Germany,DEU,2024,6(b),high,557055.56,spatial_nearest,natural_gas,heat_battery,100.407,262.541,47.885,52.522,234.35,41.159,5.693772929371462,77.187,bnef,50.77652,6.48949
https://registry.gdi-de.org/id/de.rp.inspire.pf.bube-eureg/4000267,Entsorgungsgesellschaft Mainz mbH,Germany,DEU,2024,5(b),high,2149560.28,spatial_nearest,natural_gas,heat_battery,100.407,262.541,47.885,52.522,234.35,41.159,5.693772929371462,77.187,bnef,50.02551,8.24251
https://registry.gdi-de.org/id/de.he.0945.de7.pf.eu_industrie/50003355,EEW Energy from Waste Heringen GmbH,Germany,DEU,2024,5(b),high,1557847.22,spatial_nearest,natural_gas,heat_battery,100.407,262.541,47.885,52.522,234.35,41.159,5.693772929371462,77.187,bnef,50.8933,9.99811
https://registry.gdi-de.org/id/de.bb.inspire.pf.eureg/45039245,Hamburger Rieger GmbH Geschäftsfeld Kraftwerk,Germany,DEU,2024,5(b),high,51123.06,spatial_nearest,natural_gas,heat_battery,100.407,262.541,47.885,52.522,234.35,41.159,5.693772929371462,77.187,bnef,51.52854,14.36495
https://registry.gdi-de.org/id/de.st.lau.pf.anlagen-ied-euregistry/100995,MVV Umwelt Asset GmbH ,Germany,DEU,2024,5(b),high,645944.44,spatial_nearest,natural_gas,heat_battery,100.407,262.541,47.885,52.522,234.35,41.159,5.693772929371462,77.187,bnef,51.32474,11.99576
https://registry.gdi-de.org/id/de.bb.inspire.pf.eureg/23020490,PCK Raffinerie GmbH,Germany,DEU,2024,1(a),mid,6965080.56,spatial_nearest,natural_gas,heat_battery,100.407,262.541,47.885,52.522,234.35,41.159,5.693772929371462,77.187,bnef,53.08759,14.23812
https://registry.gdi-de.org/id/de.sn.sax4inspire.pf/80011248,Dow Olefinverbund GmbH Werk Böhlen ,Germany,DEU,2024,4(a)(i),mid,963036.11,spatial_nearest,natural_gas,heat_battery,100.407,262.541,47.885,52.522,234.35,41.159,5.693772929371462,77.187,bnef,51.19143,12.3561
https://registry.gdi-de.org/id/de.by.inspire.pf.ied/S00706,Müllverbrennungsanlage Nürnberg,Germany,DEU,2024,5(b),high,454424.72,spatial_nearest,natural_gas,heat_battery,100.407,262.541,47.885,52.522,234.35,41.159,5.693772929371462,77.187,bnef,49.43552520642738,11.055495433051997
https://registry.gdi-de.org/id/de.st.lau.pf.anlagen-ied-euregistry/100150,MHKW Müllheizkraftwerk Rothensee GmbH ,Germany,DEU,2024,5(b),high,992222.22,spatial_nearest,natural_gas,heat_battery,100.407,262.541,47.885,52.522,234.35,41.159,5.693772929371462,77.187,bnef,52.1852,11.68033
https://registry.gdi-de.org/id/de.nw.inspire.pf.bube-eureg/arb-2017-112000-100-0209697,thyssenkrupp Steel Europe AG Werk Bruckhausen,Germany,DEU,2024,2(b),high,79853.06,spatial_nearest,natural_gas,heat_battery,100.407,262.541,47.885,52.522,234.35,41.159,5.693772929371462,77.187,bnef,51.49409,6.73795
https://registry.gdi-de.org/id/de.bw.lubw.inspire.pf/pf-450-2719398-00000000,MIRO-Mineralölraffinerie Oberrhein GmbH & Co.KG Werk 2,Germany,DEU,2024,1(a),mid,128055.56,spatial_nearest,natural_gas,heat_battery,100.407,262.541,47.885,52.522,234.35,41.159,5.693772929371462,77.187,bnef,49.05682,8.34641
https://registry.gdi-de.org/id/de.he.0945.de7.pf.eu_industrie/50000118,"Städtische Werke, Kraftwerk Kassel ",Germany,DEU,2024,5(c),high,222373.61,spatial_nearest,natural_gas,heat_battery,100.407,262.541,47.885,52.522,234.35,41.159,5.693772929371462,77.187,bnef,51.27928,9.48333
https://registry.gdi-de.org/id/de.sh/10038064,YARA Brunsbüttel GmbH ,Germany,DEU,2024,4(b)(i),mid,349444.44,spatial_nearest,natural_gas,heat_battery,100.407,262.541,47.885,52.522,234.35,41.159,5.693772929371462,77.187,bnef,53.91069,9.2078
https://registry.gdi-de.org/id/de.he.0945.de7.pf.eu_industrie/20000115,ENTEGA AG (MHKW) ,Germany,DEU,2024,5(b),high,63533.33,spatial_nearest,natural_gas,heat_battery,100.407,262.541,47.885,52.522,234.35,41.159,5.693772929371462,77.187,bnef,49.88413,8.64631
https://registry.gdi-de.org/id/de.by.inspire.pf.ied/S00223,"BAYERNOIL Raffineriegesellschaft mbH, Betriebsteil Vohburg",Germany,DEU,2024,1(a),mid,440277.78,spatial_nearest,natural_gas,heat_battery,100.407,262.541,47.885,52.522,234.35,41.159,5.693772929371462,77.187,bnef,48.765795078837954,11.598882900310576
https://registry.gdi-de.org/id/de.st.lau.pf.anlagen-ied-euregistry/100194,"TOTALEnergies Raffinerie Mitteldeutschland GmbH (Raffinerie, BB01) ",Germany,DEU,2024,1(a),mid,1481443.75,spatial_nearest,natural_gas,heat_battery,100.407,262.541,47.885,52.522,234.35,41.159,5.693772929371462,77.187,bnef,51.28764,12.00012
https://registry.gdi-de.org/id/de.nw.inspire.pf.bube-eureg/arb-2017-112000-100-0215455,thyssenkrupp Steel Europe AG Werk Hamborn,Germany,DEU,2024,2(b),high,16772.22,spatial_nearest,natural_gas,heat_battery,100.407,262.541,47.885,52.522,234.35,41.159,5.693772929371462,77.187,bnef,51.48466,6.73172
https://registry.gdi-de.org/id/de.ni.mu/04247180070,Nordland Papier GmbH Papierfabrik,Germany,DEU,2024,6(b),high,1009499.72,spatial_nearest,natural_gas,heat_battery,100.407,262.541,47.885,52.522,234.35,41.159,5.693772929371462,77.187,bnef,52.97775,7.36236
https://registry.gdi-de.org/id/de.hh/pf.bube-eureg_/8159,"Müllverwertung Borsigstraße GmbH, (MVB) ",Germany,DEU,2024,5(b),high,2792833.33,spatial_nearest,natural_gas,heat_battery,100.407,262.541,47.885,52.522,234.35,41.159,5.693772929371462,77.187,bnef,53.53143,10.074
https://registry.gdi-de.org/id/de.th/5bf25e39-19d5-4254-adac-63f1b1cec499/62013494,"K+S Minerals and Agriculture GmbH, Werk Werra, Standort Unterbreizbach ",Germany,DEU,2024,3(a),high,498066.67,spatial_nearest,natural_gas,heat_battery,100.407,262.541,47.885,52.522,234.35,41.159,5.693772929371462,77.187,bnef,50.81219,9.97729
https://registry.gdi-de.org/id/de.nw.inspire.pf.bube-eureg/arb-2017-170024-100-0387357,INEOS Solvents Germany GmbH Werk Moers,Germany,DEU,2024,4(a)(ii),mid,450953.06,spatial_nearest,natural_gas,heat_battery,100.407,262.541,47.885,52.522,234.35,41.159,5.693772929371462,77.187,bnef,51.46969,6.64674
https://registry.gdi-de.org/id/de.he.0945.de7.pf.eu_industrie/50006414,B+T Energie GmbH,Germany,DEU,2024,5(b),high,56200.0,spatial_nearest,natural_gas,heat_battery,100.407,262.541,47.885,52.522,234.35,41.159,5.693772929371462,77.187,bnef,51.3181,9.8492
https://registry.gdi-de.org/id/de.he.0945.de7.pf.eu_industrie/60000291,F ritz Winter Eisengießerei GmbH & Co. KG ,Germany,DEU,2024,2(d),high,388341.67,spatial_nearest,natural_gas,heat_battery,100.407,262.541,47.885,52.522,234.35,41.159,5.693772929371462,77.187,bnef,50.81891,9.01114
https://registry.gdi-de.org/id/de.nw.inspire.pf.bube-eureg/arb-2017-513000-500-0053929,Ruhr Oel GmbH Werk Scholven,Germany,DEU,2024,1(a),mid,295330.28,spatial_nearest,natural_gas,heat_battery,100.407,262.541,47.885,52.522,234.35,41.159,5.693772929371462,77.187,bnef,51.59603,7.02891
https://registry.gdi-de.org/id/de.he.0945.de7.pf.eu_industrie/50002119,Werk Werra Standort Hattorf,Germany,DEU,2024,3(a),high,3261802.78,spatial_nearest,natural_gas,heat_battery,100.407,262.541,47.885,52.522,234.35,41.159,5.693772929371462,77.187,bnef,50.83919,9.98085
https://registry.gdi-de.org/id/de.st.lau.pf.anlagen-ied-euregistry/100607,Linde Gas Produktionsgesellschaft mbH & Co. KG ,Germany,DEU,2024,4(b)(i),mid,645944.44,spatial_nearest,natural_gas,heat_battery,100.407,262.541,47.885,52.522,234.35,41.159,5.693772929371462,77.187,bnef,51.32259,12.00214
https://registry.gdi-de.org/id/de.ni.mu/09281337040,Papier- u. Kartonfabrik Varel GmbH & Co. KG,Germany,DEU,2024,6(b),high,1330603.06,spatial_nearest,natural_gas,heat_battery,100.407,262.541,47.885,52.522,234.35,41.159,5.693772929371462,77.187,bnef,53.40306,8.13282
https://registry.gdi-de.org/id/de.st.lau.pf.anlagen-ied-euregistry/102693,Progroup Paper PM3 GmbH ,Germany,DEU,2024,6(b),high,565761.11,spatial_nearest,natural_gas,heat_battery,100.407,262.541,47.885,52.522,234.35,41.159,5.693772929371462,77.187,bnef,51.63897,12.23096
https://registry.gdi-de.org/id/de.nw.inspire.pf.bube-eureg/arb-2017-114000-100-0018507,Cargill Deutschland GmbH,Germany,DEU,2024,8(b)(ii),low,563594.44,spatial_nearest,natural_gas,heat_battery,100.407,262.541,47.885,52.522,234.35,41.159,5.693772929371462,77.187,bnef,51.33899,6.66358
https://registry.gdi-de.org/id/de.hb/de.hb.pf.bube-eureg.06-04-11/2001178/8/6,swb Entsorgung GmbH & Co. KG,Germany,DEU,2024,5(b),high,20872.22,spatial_nearest,natural_gas,heat_battery,100.407,262.541,47.885,52.522,234.35,41.159,5.693772929371462,77.187,bnef,53.12476,8.72721
https://registry.gdi-de.org/id/de.by.inspire.pf.ied/S00971,AVA Abfallverwertung Augsburg Kommunalunternehmen,Germany,DEU,2024,5(b),high,131298.89,spatial_nearest,natural_gas,heat_battery,100.407,262.541,47.885,52.522,234.35,41.159,5.693772929371462,77.187,bnef,48.40212645145267,10.933246141515742
https://registry.gdi-de.org/id/de.nw.inspire.pf.bube-eureg/arb-2017-362008-300-0181417,Martinswerk GmbH,Germany,DEU,2024,4(b)(iii),mid,440151.67,spatial_nearest,natural_gas,heat_battery,100.407,262.541,47.885,52.522,234.35,41.159,5.693772929371462,77.187,bnef,50.94593,6.66665
https://registry.gdi-de.org/id/de.nw.inspire.pf.bube-eureg/arb-2017-958012-900-0235121,Egger Holzwerkstoffe Brilon GmbH & Co. KG,Germany,DEU,2024,6(b),high,354977.0,spatial_nearest,natural_gas,heat_battery,100.407,262.541,47.885,52.522,234.35,41.159,5.693772929371462,77.187,bnef,51.40669,8.59807
https://registry.gdi-de.org/id/de.ni.mu/03267770260,Aluminium Oxid Stade GmbH ,Germany,DEU,2024,4(b)(v),mid,33777.78,spatial_nearest,natural_gas,heat_battery,100.407,262.541,47.885,52.522,234.35,41.159,5.693772929371462,77.187,bnef,53.64429,9.49794
https://registry.gdi-de.org/id/de.ni.mu/09281734280,VYNOVA Wilhelmshaven GmbH ,Germany,DEU,2024,4(a)(viii),mid,241836.39,spatial_nearest,natural_gas,heat_battery,100.407,262.541,47.885,52.522,234.35,41.159,5.693772929371462,77.187,bnef,53.6263,8.07042
https://registry.gdi-de.org/id/de.nw.inspire.pf.bube-eureg/arb-2017-362040-300-0215520,Basell Polyolefine GmbH Werk Wesseling,Germany,DEU,2024,4(a)(viii),mid,446649.17,spatial_nearest,natural_gas,heat_battery,100.407,262.541,47.885,52.522,234.35,41.159,5.693772929371462,77.187,bnef,50.84233,6.96312
https://registry.gdi-de.org/id/de.rp.inspire.pf.bube-eureg/1000136,Moritz J. Weig GmbH & Co. KG,Germany,DEU,2024,6(b),high,578277.78,spatial_nearest,natural_gas,heat_battery,100.407,262.541,47.885,52.522,234.35,41.159,5.693772929371462,77.187,bnef,50.32068,7.23433
https://registry.gdi-de.org/id/de.ni.mu/07244141350,Sappi Alfeld GmbH ,Germany,DEU,2024,6(b),high,464699.17,spatial_nearest,natural_gas,heat_battery,100.407,262.541,47.885,52.522,234.35,41.159,5.693772929371462,77.187,bnef,51.98596,9.82076
https://registry.gdi-de.org/id/de.he.0945.de7.pf.eu_industrie/30000112,AVA/HKW Nordweststadt ,Germany,DEU,2024,5(b),high,4335.28,spatial_nearest,natural_gas,heat_battery,100.407,262.541,47.885,52.522,234.35,41.159,5.693772929371462,77.187,bnef,50.16155,8.63537
https://registry.gdi-de.org/id/de.st.lau.pf.anlagen-ied-euregistry/100344,"Nordzucker AG, Werk Klein Wanzleben ",Germany,DEU,2024,8(b)(ii),low,532969.17,spatial_nearest,natural_gas,heat_battery,100.407,262.541,47.885,52.522,234.35,41.159,5.693772929371462,77.187,bnef,52.071,11.38524
https://registry.gdi-de.org/id/de.hh/pf.bube-eureg_/3426,Holborn Europa Raffinerie GmbH ,Germany,DEU,2024,1(a),mid,1786.11,spatial_nearest,natural_gas,heat_battery,100.407,262.541,47.885,52.522,234.35,41.159,5.693772929371462,77.187,bnef,53.47709,9.95158
https://registry.gdi-de.org/id/de.nw.inspire.pf.bube-eureg/arb-2017-112000-100-0990890,thyssenkrupp Steel Europe AG Werk Kokerei Schwelgern,Germany,DEU,2024,1(d),mid,79853.06,spatial_nearest,natural_gas,heat_battery,100.407,262.541,47.885,52.522,234.35,41.159,5.693772929371462,77.187,bnef,51.50099,6.72887
https://registry.gdi-de.org/id/de.st.lau.pf.anlagen-ied-euregistry/100414,Linde Gas Produktionsgesellschaft mbH & Co. KG / TOTAL ,Germany,DEU,2024,4(b)(i),mid,2879722.22,spatial_nearest,natural_gas,heat_battery,100.407,262.541,47.885,52.522,234.35,41.159,5.693772929371462,77.187,bnef,51.29011,11.99582
https://registry.gdi-de.org/id/de.sh/10039818,Raffinerie Heide GmbH ,Germany,DEU,2024,1(a),mid,121600.83,spatial_nearest,natural_gas,heat_battery,100.407,262.541,47.885,52.522,234.35,41.159,5.693772929371462,77.187,bnef,54.16075,9.07971
https://registry.gdi-de.org/id/de.nw.inspire.pf.bube-eureg/arb-2017-958004-900-0001413,R.D.M. Arnsberg GmbH,Germany,DEU,2024,6(b),high,355878.89,spatial_nearest,natural_gas,heat_battery,100.407,262.541,47.885,52.522,234.35,41.159,5.693772929371462,77.187,bnef,51.39113,8.07386
https://registry.gdi-de.org/id/de.bw.lubw.inspire.pf/pf-450-1574906-00000000,"Mercedes Benz AG, Werk Sindelfingen Mercedes-Benz Werk Sindelfingen",Germany,DEU,2024,9(c),mid,862611.11,spatial_nearest,natural_gas,heat_battery,100.407,262.541,47.885,52.522,234.35,41.159,5.693772929371462,77.187,bnef,48.69992,8.99611
https://registry.gdi-de.org/id/de.st.lau.pf.anlagen-ied-euregistry/18046,Werk  Zielitz ,Germany,DEU,2024,3(a),high,1404438.89,spatial_nearest,natural_gas,heat_battery,100.407,262.541,47.885,52.522,234.35,41.159,5.693772929371462,77.187,bnef,52.29852,11.67923
https://registry.gdi-de.org/id/de.sh/10000385,Covestro Deutschland AG ,Germany,DEU,2024,4(b)(i),mid,378611.11,spatial_nearest,natural_gas,heat_battery,100.407,262.541,47.885,52.522,234.35,41.159,5.693772929371462,77.187,bnef,53.90196,9.18658
https://registry.gdi-de.org/id/de.nw.inspire.pf.bube-eureg/arb-2017-978024-900-9000377,INNOVATHERM -Ges.zur innovativen Nu tzung v.Brennstoffen,Germany,DEU,2024,5(a),high,6288635.83,spatial_nearest,natural_gas,heat_battery,100.407,262.541,47.885,52.522,234.35,41.159,5.693772929371462,77.187,bnef,51.6112,7.46506
https://registry.gdi-de.org/id/de.he.0945.de7.pf.eu_industrie/30000936,BKF I - Biomasse-Kraftwerk Fechenheim GmbH ,Germany,DEU,2024,5(a),high,10636.11,spatial_nearest,natural_gas,heat_battery,100.407,262.541,47.885,52.522,234.35,41.159,5.693772929371462,77.187,bnef,50.12942,8.76211
https://registry.gdi-de.org/id/de.st.lau.pf.anlagen-ied-euregistry/101422,CIECH Soda Deutschland GmbH & Co. KG ,Germany,DEU,2024,4(b)(iv),mid,1645908.89,spatial_nearest,natural_gas,heat_battery,100.407,262.541,47.885,52.522,234.35,41.159,5.693772929371462,77.187,bnef,51.86468,11.57605
https://registry.gdi-de.org/id/de.by.inspire.pf.ied/S00471,BMW Werk Dingolfing 02.40,Germany,DEU,2024,9(c),mid,55913.33,spatial_nearest,natural_gas,heat_battery,100.407,262.541,47.885,52.522,234.35,41.159,5.693772929371462,77.187,bnef,48.64667364463158,12.471151064053675
https://registry.gdi-de.org/id/de.ni.mu/04041762920,Statkraft Markets GmbH (Biomasseheizkraftwerk Emden),Germany,DEU,2024,5(a),high,4282.22,spatial_nearest,natural_gas,heat_battery,100.407,262.541,47.885,52.522,234.35,41.159,5.693772929371462,77.187,bnef,53.34068,7.2017
https://registry.gdi-de.org/id/de.ni.mu/03030273580,Dow Deutschland Anlagenges. mbH Werk Stade,Germany,DEU,2024,4(b)(i),mid,1841111.11,spatial_nearest,natural_gas,heat_battery,100.407,262.541,47.885,52.522,234.35,41.159,5.693772929371462,77.187,bnef,53.64036,9.50412
https://registry.gdi-de.org/id/de.hb/de.hb.pf.bube-eureg.06-04-11/2013754/1/0,swb Entsorgung GmbH & Co. KG,Germany,DEU,2024,5(a),high,1083.33,spatial_nearest,natural_gas,heat_battery,100.407,262.541,47.885,52.522,234.35,41.159,5.693772929371462,77.187,bnef,53.11461,8.81704
https://registry.gdi-de.org/id/de.nw.inspire.pf.bube-eureg/arb-2017-119000-100-0990908,OQ Chemicals Produktion GmbH & Co. KG Werk Ruhrchemie,Germany,DEU,2024,4(a)(ii),mid,219773.61,spatial_nearest,natural_gas,heat_battery,100.407,262.541,47.885,52.522,234.35,41.159,5.693772929371462,77.187,bnef,51.5255,6.79845
https://registry.gdi-de.org/id/de.he.0945.de7.pf.eu_industrie/50001960,Papierfabrik A. Jass GmbH & Co.KG ,Germany,DEU,2024,6(b),high,589263.33,spatial_nearest,natural_gas,heat_battery,100.407,262.541,47.885,52.522,234.35,41.159,5.693772929371462,77.187,bnef,50.56751,9.68162
https://registry.gdi-de.org/id/de.sl.inspire.pf/0050559-G,AG der Dillinger Hüttenwerke ,Germany,DEU,2024,2(c)(i),high,32913.06,spatial_nearest,natural_gas,heat_battery,100.407,262.541,47.885,52.522,234.35,41.159,5.693772929371462,77.187,bnef,49.35717,6.75414
https://registry.gdi-de.org/id/de.nw.inspire.pf.bube-eureg/arb-2021-562024-500-0016694,Stockhausen Superabsorber GmbH,Germany,DEU,2024,4(a)(ii),mid,2148766.67,spatial_nearest,natural_gas,heat_battery,100.407,262.541,47.885,52.522,234.35,41.159,5.693772929371462,77.187,bnef,51.68789,7.08971
https://registry.gdi-de.org/id/de.nw.inspire.pf.bube-eureg/arb-2017-362008-800-0197043,RWE Power AG-Fabrik Fortuna Nord,Germany,DEU,2024,1(e),mid,313755.83,spatial_nearest,natural_gas,heat_battery,100.407,262.541,47.885,52.522,234.35,41.159,5.693772929371462,77.187,bnef,50.98695,6.65805
https://registry.gdi-de.org/id/de.ni.mu/10257401440,BP Europa SE BP Lingen,Germany,DEU,2024,1(a),mid,1166666.67,spatial_nearest,natural_gas,heat_battery,100.407,262.541,47.885,52.522,234.35,41.159,5.693772929371462,77.187,bnef,52.56185,7.31181
https://registry.gdi-de.org/id/de.by.inspire.pf.ied/S00135,Gunvor Raffinerie Ingolstadt GmbH,Germany,DEU,2024,1(a),mid,215888.89,spatial_nearest,natural_gas,heat_battery,100.407,262.541,47.885,52.522,234.35,41.159,5.693772929371462,77.187,bnef,48.7893600121951,11.472950828513063
https://registry.gdi-de.org/id/de.sn.sax4inspire.pf/70015792,Sachsenmilch Leppersdorf GmbH ,Germany,DEU,2024,8(c),low,778333.33,spatial_nearest,natural_gas,heat_battery,100.407,262.541,47.885,52.522,234.35,41.159,5.693772929371462,77.187,bnef,51.15116,13.9792
https://registry.gdi-de.org/id/de.hb/de.hb.pf.bube-eureg.06-04-12/2177562/6/0,Bremerhavener Entsorgungsgesellschaft mbH,Germany,DEU,2024,5(a),high,18250.0,spatial_nearest,natural_gas,heat_battery,100.407,262.541,47.885,52.522,234.35,41.159,5.693772929371462,77.187,bnef,53.54791,8.61801
https://registry.gdi-de.org/id/de.ni.mu/01211092310,Salzgitter Flachstahl GmbH ,Germany,DEU,2024,2(b),high,335645.56,spatial_nearest,natural_gas,heat_battery,100.407,262.541,47.885,52.522,234.35,41.159,5.693772929371462,77.187,bnef,52.15476,10.40308
https://registry.gdi-de.org/id/de.bw.lubw.inspire.pf/pf-450-2719142-00000000,Maxauer Papierfabrik GmbH ,Germany,DEU,2024,6(b),high,489388.89,spatial_nearest,natural_gas,heat_battery,100.407,262.541,47.885,52.522,234.35,41.159,5.693772929371462,77.187,bnef,49.04256,8.31327
https://registry.gdi-de.org/id/de.bw.lubw.inspire.pf/pf-450-2719371-00000000,MIRO-Mineralölraffinerie Oberrhein GmbH & Co.KG Werk 1,Germany,DEU,2024,1(a),mid,173611.11,spatial_nearest,natural_gas,heat_battery,100.407,262.541,47.885,52.522,234.35,41.159,5.693772929371462,77.187,bnef,49.05779,8.32905
https://registry.gdi-de.org/id/de.nw.inspire.pf.bube-eureg/arb-2017-315000-300-0213768,"Shell Deutschland GmbH, Shell Energy and Chemicals Park Rheinland Nord",Germany,DEU,2024,1(a),mid,1218916.67,spatial_nearest,natural_gas,heat_battery,100.407,262.541,47.885,52.522,234.35,41.159,5.693772929371462,77.187,bnef,50.85499,6.97685
https://registry.gdi-de.org/id/de.hb/de.hb.pf.bube-eureg.06-04-11/2005384/0/0,BRE.M.A Warmwalz GmbH & Co. KG,Germany,DEU,2024,2(c)(i),high,127472.22,spatial_nearest,natural_gas,heat_battery,100.407,262.541,47.885,52.522,234.35,41.159,5.693772929371462,77.187,bnef,53.12494,8.68673
https://registry.gdi-de.org/id/de.nw.inspire.pf.bube-eureg/arb-2017-170032-100-0989137,Solvay GmbH,Germany,DEU,2024,4(b)(iv),mid,1388518.06,spatial_nearest,natural_gas,heat_battery,100.407,262.541,47.885,52.522,234.35,41.159,5.693772929371462,77.187,bnef,51.56471,6.57783
https://registry.gdi-de.org/id/de.by.inspire.pf.ied/S00323,"BAYERNOIL Raffineriegesellschaft mbH, Betriebsteil Neustadt",Germany,DEU,2024,1(a),mid,495555.56,spatial_nearest,natural_gas,heat_battery,100.407,262.541,47.885,52.522,234.35,41.159,5.693772929371462,77.187,bnef,48.7849835929634,11.758003314163709
https://registry.gdi-de.org/id/de.nw.inspire.pf.bube-eureg/arb-2017-362040-300-0013790,Röhm GmbH,Germany,DEU,2024,4(a)(ii),mid,137966.67,spatial_nearest,natural_gas,heat_battery,100.407,262.541,47.885,52.522,234.35,41.159,5.693772929371462,77.187,bnef,50.8341,6.97629
https://registry.gdi-de.org/id/de.by.inspire.pf.ied/S00114,"Wacker Chemie AG, Werk Burghausen",Germany,DEU,2024,4(a),mid,2395288.89,spatial_nearest,natural_gas,heat_battery,100.407,262.541,47.885,52.522,234.35,41.159,5.693772929371462,77.187,bnef,48.185150504350794,12.84424296167955
https://registry.gdi-de.org/id/de.bb.inspire.pf.eureg/45026224,BASF Schwarzheide GmbH,Germany,DEU,2024,4(a)(ii),mid,1627441.67,spatial_nearest,natural_gas,heat_battery,100.407,262.541,47.885,52.522,234.35,41.159,5.693772929371462,77.187,bnef,51.48034,13.88698
https://registry.gdi-de.org/id/de.nw.inspire.pf.bube-eureg/arb-2017-362028-300-9968049,EEW Energy from Waste Saarbrücken GmbH,Germany,DEU,2024,5(b),high,1093333.33,spatial_nearest,natural_gas,heat_battery,100.407,262.541,47.885,52.522,234.35,41.159,5.693772929371462,77.187,bnef,50.85665,6.84358
https://registry.gdi-de.org/id/de.he.0945.de7.pf.eu_industrie/80000011,Dyckerhoff GmbH Werk Amöneburg ,Germany,DEU,2024,3(c)(i),high,143176.11,spatial_nearest,natural_gas,heat_battery,100.407,262.541,47.885,52.522,234.35,41.159,5.693772929371462,77.187,bnef,50.03191,8.257
https://registry.gdi-de.org/id/de.sl.inspire.pf/0078668-G,ZKS - Zentralkokerei Saar GmbH ,Germany,DEU,2024,1(d),mid,1055.56,spatial_nearest,natural_gas,heat_battery,100.407,262.541,47.885,52.522,234.35,41.159,5.693772929371462,77.187,bnef,49.34781,6.74358
https://registry.gdi-de.org/id/de.nw.inspire.pf.bube-eureg/arb-2017-111000-100-0407176,Stadtwerke Düsseldorf AG,Germany,DEU,2024,5(b),high,5308.33,spatial_nearest,natural_gas,heat_battery,100.407,262.541,47.885,52.522,234.35,41.159,5.693772929371462,77.187,bnef,51.22567,6.823
https://registry.gdi-de.org/id/de.by.inspire.pf.ied/S00222,"Basell Polyolefine GmbH, Standort Münchsmünster",Germany,DEU,2024,4(a),mid,95817.22,spatial_nearest,natural_gas,heat_battery,100.407,262.541,47.885,52.522,234.35,41.159,5.693772929371462,77.187,bnef,48.75855140858705,11.708640023998395
https://registry.gdi-de.org/id/de.st.lau.pf.anlagen-ied-euregistry/100575,"Dow Olefinverbund GmbH, Werk Schkopau ",Germany,DEU,2024,4(a)(viii),mid,337888.89,spatial_nearest,natural_gas,heat_battery,100.407,262.541,47.885,52.522,234.35,41.159,5.693772929371462,77.187,bnef,51.39529,11.95518
https://registry.gdi-de.org/id/de.bb.inspire.pf.eureg/23020389,LEIPA Georg Leinfelder Werk Schwedt Süd,Germany,DEU,2024,6(b),high,240713.89,spatial_nearest,natural_gas,heat_battery,100.407,262.541,47.885,52.522,234.35,41.159,5.693772929371462,77.187,bnef,53.0791,14.31977
https://registry.gdi-de.org/id/de.hh/pf.bube-eureg_/7046,AVG Abfall-Verwertungs-Gesellschaft mbH SAV und CPA,Germany,DEU,2024,5(a),high,2792833.33,spatial_nearest,natural_gas,heat_battery,100.407,262.541,47.885,52.522,234.35,41.159,5.693772929371462,77.187,bnef,53.53157,10.07171
https://registry.gdi-de.org/id/de.hh/pf.bube-eureg_/12273,ADM Hamburg Aktiengesellschaft Werk Hamburg,Germany,DEU,2024,4(a)(ii),mid,2102208.33,spatial_nearest,natural_gas,heat_battery,100.407,262.541,47.885,52.522,234.35,41.159,5.693772929371462,77.187,bnef,53.51869,9.95292
https://registry.gdi-de.org/id/de.by.inspire.pf.ied/S00053,Müllverwertungsanlage Ingolstadt,Germany,DEU,2024,5(b),high,56709.17,spatial_nearest,natural_gas,heat_battery,100.407,262.541,47.885,52.522,234.35,41.159,5.693772929371462,77.187,bnef,48.76433927468097,11.492979449703324
https://registry.gdi-de.org/id/de.sl.inspire.pf/0078699-G,ROGESA Roheisengesellschaft Saar mbH ,Germany,DEU,2024,1(e),mid,32913.06,spatial_nearest,natural_gas,heat_battery,100.407,262.541,47.885,52.522,234.35,41.159,5.693772929371462,77.187,bnef,49.35214,6.74365
https://registry.gdi-de.org/id/de.nw.inspire.pf.bube-eureg/arb-2017-315000-300-0928938,INEOS Manufacturing Deutschland GmbH,Germany,DEU,2024,4(a)(i),mid,73888.89,spatial_nearest,natural_gas,heat_battery,100.407,262.541,47.885,52.522,234.35,41.159,5.693772929371462,77.187,bnef,51.06764,6.84674
https://registry.gdi-de.org/id/de.st.lau.pf.anlagen-ied-euregistry/100498,"Südzucker AG Mannheim / Ochsenfurt, Werk Zeitz ",Germany,DEU,2024,8(b)(ii),low,537415.0,spatial_nearest,natural_gas,heat_battery,100.407,262.541,47.885,52.522,234.35,41.159,5.693772929371462,77.187,bnef,51.05402,12.11345
https://data.ied_registry.omgeving.vlaanderen.be/id/productionfacility/BE.VL.000000992.FACILITY,GREENPOWER OOSTENDE,Belgium,BEL,2023,5(b),high,637.9,spatial_nearest,natural_gas,heat_battery,91.736,248.43,44.744,46.992000000000004,221.65,38.332,5.782375039131796,64.535,proxied,51.21008,2.9953
https://data.ied_registry.omgeving.vlaanderen.be/id/productionfacility/BE.VL.000000162.FACILITY,INEOS STYROLUTION BELGIUM,Belgium,BEL,2023,4(a)(i),mid,16426.11,spatial_nearest,natural_gas,heat_battery,91.736,248.43,44.744,46.992000000000004,221.65,38.332,5.782375039131796,64.535,proxied,51.3623,4.26567
HU.OKIR/100392651.FACILITY,Nitrogénművek Zrt.,Hungary,HUN,2024,4(c),mid,69303.89,spatial_nearest,natural_gas,heat_battery,90.603,255.597,44.744,45.858999999999995,228.1,38.332,5.950641761452572,68.364,proxied,47.158499,18.139487
HU.OKIR/100368313.FACILITY,MOL Nyrt.,Hungary,HUN,2024,1(a),mid,2300525.0,spatial_nearest,natural_gas,heat_battery,90.603,255.597,44.744,45.858999999999995,228.1,38.332,5.950641761452572,68.364,proxied,47.288829,18.896743
HU.OKIR/100326726.FACILITY,Bunge Zrt.,Hungary,HUN,2024,8(b)(ii),low,226089.8,spatial_nearest,natural_gas,heat_battery,90.603,255.597,44.744,45.858999999999995,228.1,38.332,5.950641761452572,68.364,proxied,47.040111,20.29166
HU.OKIR/100430355.FACILITY,Birla Carbon Hungary Kft.,Hungary,HUN,2024,4(b),mid,565448.61,spatial_nearest,natural_gas,heat_battery,90.603,255.597,44.744,45.858999999999995,228.1,38.332,5.950641761452572,68.364,proxied,47.916708,21.022157
IT.CAED/721001004.FACILITY,Versalis S.p.A.,Italy,ITA,2024,4(a),mid,4146666.67,spatial_nearest,natural_gas,heat_battery,83.636,244.597,38.962,44.67399999999999,218.2,33.128,6.586573291475489,62.093,bnef,40.6395,18.0022
IT.CAED/441221002.FACILITY,YARA ITALIA SPA - STABILIMENTO DI FERRARA,Italy,ITA,2024,4(b),mid,353611.11,id_direct,natural_gas,heat_battery,83.636,244.597,38.962,44.67399999999999,218.2,33.128,6.586573291475489,62.093,bnef,44.856,11.5921
IT.CAED/240442002.FACILITY,Tenaris Dalmine - Stabilimento di Dalmine,Italy,ITA,2024,2(b),high,435083.33,id_direct,natural_gas,heat_battery,83.636,244.597,38.962,44.67399999999999,218.2,33.128,6.586573291475489,62.093,bnef,45.6425,9.5969
IT.CAED/051002003.FACILITY,ACEA AMBIENTE Srl UL1_Impianto di Termovalorizzazione,Italy,ITA,2024,5(b),high,4810.29,id_direct,natural_gas,heat_battery,83.636,244.597,38.962,44.67399999999999,218.2,33.128,6.586573291475489,62.093,bnef,42.5806,12.6615
IT.CAED/961003163.FACILITY,Raffineria ISAB Impianti SUD,Italy,ITA,2024,1(a),mid,956105.28,spatial_nearest,natural_gas,heat_battery,83.636,244.597,38.962,44.67399999999999,218.2,33.128,6.586573291475489,62.093,bnef,37.135556,15.219444
IT.CAED/960101007.FACILITY,Versalis S.p.A.,Italy,ITA,2024,4(a),mid,687905.41,id_direct,natural_gas,heat_battery,83.636,244.597,38.962,44.67399999999999,218.2,33.128,6.586573291475489,62.093,bnef,37.167,15.1973
IT.CAED/291222003.FACILITY,INDUSTRIA CEMENTI GIOVANNI ROSSI S.P.A.,Italy,ITA,2024,3(c),high,665649.18,spatial_nearest,natural_gas,heat_battery,83.636,244.597,38.962,44.67399999999999,218.2,33.128,6.586573291475489,62.093,bnef,45.0497,9.7186
IT.CAED/600151001.FACILITY,api Raffineria di Ancona spa,Italy,ITA,2024,1(a),mid,488325.0,id_direct,natural_gas,heat_battery,83.636,244.597,38.962,44.67399999999999,218.2,33.128,6.586573291475489,62.093,bnef,43.6395,13.3813
IT.CAED/270391001.FACILITY,RAFFINERIA DI SANNAZZARO DE' BURGONDI,Italy,ITA,2024,1(a),mid,34257.15,id_direct,natural_gas,heat_battery,83.636,244.597,38.962,44.67399999999999,218.2,33.128,6.586573291475489,62.093,bnef,45.0997,8.8768
IT.CAED/980571001.FACILITY,Raffineria di Milazzo S.C.p.A.,Italy,ITA,2024,1(a),mid,278333.33,id_direct,natural_gas,heat_battery,83.636,244.597,38.962,44.67399999999999,218.2,33.128,6.586573291475489,62.093,bnef,38.2027,15.2723
IT.CAED/030392001.FACILITY,Stabilimento di Sora (FR),Italy,ITA,2024,6(b),high,1213916.45,id_direct,natural_gas,heat_battery,83.636,244.597,38.962,44.67399999999999,218.2,33.128,6.586573291475489,62.093,bnef,41.6994,13.5869
IT.CAED/280692006.FACILITY,Birla Carbon,Italy,ITA,2024,4(b),mid,3325.5,spatial_nearest,natural_gas,heat_battery,83.636,244.597,38.962,44.67399999999999,218.2,33.128,6.586573291475489,62.093,bnef,45.4334,8.7952
IT.CAED/100752001.FACILITY,Ahlstrom-Munksjö Italia S.p.A.,Italy,ITA,2024,6(b),high,844.44,id_direct,natural_gas,heat_battery,83.636,244.597,38.962,44.67399999999999,218.2,33.128,6.586573291475489,62.093,bnef,45.2533,7.5397
IT.CAED/850592002.FACILITY,Centro Olio Val d'Agri,Italy,ITA,2024,3(a),high,661111.11,id_direct,natural_gas,heat_battery,83.636,244.597,38.962,44.67399999999999,218.2,33.128,6.586573291475489,62.093,bnef,40.3136,15.8972
IT.CAED/960101005.FACILITY,Raffineria ISAB Impianti NORD,Italy,ITA,2024,1(a),mid,4092427.86,id_direct,natural_gas,heat_battery,83.636,244.597,38.962,44.67399999999999,218.2,33.128,6.586573291475489,62.093,bnef,37.1791,15.1825
IT.CAED/741231002.FACILITY,RAFFINERIA DI TARANTO,Italy,ITA,2024,1(a),mid,908091.67,spatial_nearest,natural_gas,heat_battery,83.636,244.597,38.962,44.67399999999999,218.2,33.128,6.586573291475489,62.093,bnef,40.4892,17.193
IT.CAED/280691001.FACILITY,RAFFINERIA SARPOM DI TRECATE,Italy,ITA,2024,1(a),mid,55417.47,id_direct,natural_gas,heat_battery,83.636,244.597,38.962,44.67399999999999,218.2,33.128,6.586573291475489,62.093,bnef,45.4372,8.7858
IT.CAED/960111001.FACILITY,Sonatrach Raffineria Italiana-Raffineria di Augusta,Italy,ITA,2024,1(a),mid,1368611.11,id_direct,natural_gas,heat_battery,83.636,244.597,38.962,44.67399999999999,218.2,33.128,6.586573291475489,62.093,bnef,37.2216,15.1905
IT.CAED/301751001.FACILITY,Raffineria di Venezia,Italy,ITA,2024,4(a),mid,224461.11,id_direct,natural_gas,heat_battery,83.636,244.597,38.962,44.67399999999999,218.2,33.128,6.586573291475489,62.093,bnef,45.4594,12.2667
IT.CAED/850122001.FACILITY,CENTRO OLI TEMPA ROSSA,Italy,ITA,2024,3(a),high,672408.42,id_direct,natural_gas,heat_battery,83.636,244.597,38.962,44.67399999999999,218.2,33.128,6.586573291475489,62.093,bnef,40.4101,16.0871
IT.CAED/090181001.FACILITY,Sarlux srl,Italy,ITA,2024,1(a),mid,1390959.96,id_direct,natural_gas,heat_battery,83.636,244.597,38.962,44.67399999999999,218.2,33.128,6.586573291475489,62.093,bnef,39.0971,9.0113
IT.CAED/461001002.FACILITY,Stabilimento di Mantova,Italy,ITA,2024,4(a),mid,4015000.0,spatial_nearest,natural_gas,heat_battery,83.636,244.597,38.962,44.67399999999999,218.2,33.128,6.586573291475489,62.093,bnef,45.1457,10.8376
IT.CAED/251242002.FACILITY,Termoutilizzatore di Brescia,Italy,ITA,2024,5(b),high,8824.54,spatial_nearest,natural_gas,heat_battery,83.636,244.597,38.962,44.67399999999999,218.2,33.128,6.586573291475489,62.093,bnef,45.5119,10.2114
IT.CAED/330282002.FACILITY,Stabilimento di Tolmezzo,Italy,ITA,2024,6(b),high,484957.78,id_direct,natural_gas,heat_battery,83.636,244.597,38.962,44.67399999999999,218.2,33.128,6.586573291475489,62.093,bnef,46.3939,13.0169
IT.CAED/960101004.FACILITY,Air Liquide Italia Produzione - Impianto Produzione Idrogeno Melilli,Italy,ITA,2024,4(b),mid,262918.07,spatial_nearest,natural_gas,heat_battery,83.636,244.597,38.962,44.67399999999999,218.2,33.128,6.586573291475489,62.093,bnef,37.1841,15.1839
IT.CAED/120512002.FACILITY,FERRERO INDUSTRIALE ITALIA S.r.l. con socio unico - Stabilimento di Alba,Italy,ITA,2024,8(b),low,741313.89,spatial_nearest,natural_gas,heat_battery,83.636,244.597,38.962,44.67399999999999,218.2,33.128,6.586573291475489,62.093,bnef,44.6986,8.0236
IT.CAED/201532001.FACILITY,Impianto di termovalorizzazione Silla 2,Italy,ITA,2024,5(b),high,4179.03,id_direct,natural_gas,heat_battery,83.636,244.597,38.962,44.67399999999999,218.2,33.128,6.586573291475489,62.093,bnef,45.5042,9.0706
IT.CAED/301752010.FACILITY,PILKINGTON ITALIA SPA,Italy,ITA,2024,3(e),high,224461.11,spatial_nearest,natural_gas,heat_battery,83.636,244.597,38.962,44.67399999999999,218.2,33.128,6.586573291475489,62.093,bnef,45.4644,12.2592
IT.CAED/570171001.FACILITY,Eni S.p.A. Raffineria di Livorno,Italy,ITA,2024,1(a),mid,754925.0,spatial_nearest,natural_gas,heat_battery,83.636,244.597,38.962,44.67399999999999,218.2,33.128,6.586573291475489,62.093,bnef,43.5872,10.3365
IT.CAED/570162008.FACILITY,SOLVAY CHIMICA ITALIA S.P.A. ROSIGNANO,Italy,ITA,2024,4(b),mid,40277.78,id_direct,natural_gas,heat_battery,83.636,244.597,38.962,44.67399999999999,218.2,33.128,6.586573291475489,62.093,bnef,43.4089,10.4739
https://registry.gdi-de.org/id/de.nw.inspire.pf.bube-eureg/arb-2017-170024-100-0989193,Huntsman Products GmbH,Germany,DEU,2022,4(a)(ii),mid,450953.06,spatial_nearest,natural_gas,heat_battery,89.79,234.819,47.885,41.90500000000001,209.4,41.159,5.087587161981584,63.592,bnef,51.46969,6.64674
https://registry.gdi-de.org/id/de.ni.mu/09261732970,KRONOS TITAN GmbH Werk Nordenham,Germany,DEU,2022,4(b)(v),mid,574722.22,spatial_nearest,natural_gas,heat_battery,89.79,234.819,47.885,41.90500000000001,209.4,41.159,5.087587161981584,63.592,bnef,53.53068,8.54674
https://registry.gdi-de.org/id/de.sn.sax4inspire.pf/80011253,Model Sachsen Papier GmbH ,Germany,DEU,2022,6(b),high,233183.33,spatial_nearest,natural_gas,heat_battery,89.79,234.819,47.885,41.90500000000001,209.4,41.159,5.087587161981584,63.592,bnef,51.46462,12.59134
https://registry.gdi-de.org/id/de.by.inspire.pf.ied/S00860,"DS Smith Paper Deutschland GmbH, Werk Aschaffenburg",Germany,DEU,2022,6(b),high,740406.11,spatial_nearest,natural_gas,heat_battery,89.79,234.819,47.885,41.90500000000001,209.4,41.159,5.087587161981584,63.592,bnef,49.9881697466161,9.155849276374886
https://registry.gdi-de.org/id/de.nw.inspire.pf.bube-eureg/arb-2017-316000-300-1114955,Kronos Titan GmbH,Germany,DEU,2022,4(b)(v),mid,2208090.56,spatial_nearest,natural_gas,heat_battery,89.79,234.819,47.885,41.90500000000001,209.4,41.159,5.087587161981584,63.592,bnef,51.02554,6.98519
https://registry.gdi-de.org/id/de.nw.inspire.pf.bube-eureg/arb-2017-315000-300-0271861,Saint-Gobain Glass Deutschland GmbH,Germany,DEU,2022,3(e),high,833.33,spatial_nearest,natural_gas,heat_battery,89.79,234.819,47.885,41.90500000000001,209.4,41.159,5.087587161981584,63.592,bnef,50.87448,7.06459
https://registry.gdi-de.org/id/de.rp.inspire.pf.bube-eureg/1000878,IHKW Industrieheizkraftwerk Andernach GmbH,Germany,DEU,2022,5(a),high,27981.39,spatial_nearest,natural_gas,heat_battery,89.79,234.819,47.885,41.90500000000001,209.4,41.159,5.087587161981584,63.592,bnef,50.43202,7.40816
DK.CAED/000105658.FACILITY,Fjernvarme Fyn Affaldsenergi,Denmark,DNK,2024,5(b),high,930417.5,spatial_nearest,natural_gas,heat_battery,85.856,132.097,44.744,41.111999999999995,116.95,38.332,3.0509756861108213,64.091,proxied,55.427821028172744,10.405211661181568
DK.CAED/000105244.FACILITY,Kalundborg Refinery A/S,Denmark,DNK,2024,1(a),mid,1532507.5,spatial_nearest,natural_gas,heat_battery,85.856,132.097,44.744,41.111999999999995,116.95,38.332,3.0509756861108213,64.091,proxied,55.65493036361946,11.1036079016392
DK.CAED/000105461.FACILITY,I/S Amager Ressourcecenter,Denmark,DNK,2024,5(b),high,8039.72,spatial_nearest,natural_gas,heat_battery,85.856,132.097,44.744,41.111999999999995,116.95,38.332,3.0509756861108213,64.091,proxied,55.684214425328406,12.619182903975656
DK.CAED/000106208.FACILITY,Horsens Deponeringsanlæg,Denmark,DNK,2024,5(d),high,5017.22,spatial_nearest,natural_gas,heat_battery,85.856,132.097,44.744,41.111999999999995,116.95,38.332,3.0509756861108213,64.091,proxied,55.85007684765352,9.863743634914904
DK.CAED/000105324.FACILITY,"Kredsløb, Affaldsenergi A/S",Denmark,DNK,2024,5(b),high,522325.0,spatial_nearest,natural_gas,heat_battery,85.856,132.097,44.744,41.111999999999995,116.95,38.332,3.0509756861108213,64.091,proxied,56.22760187938795,10.157105017075976
DK.CAED/000095033.FACILITY,Scanfield ApS (tidligere navn Jordrens Køge ApS),Denmark,DNK,2024,5(c),high,238.61,spatial_nearest,natural_gas,heat_battery,85.856,132.097,44.744,41.111999999999995,116.95,38.332,3.0509756861108213,64.091,proxied,55.46507822968011,12.195936583169768
DK.CAED/000112739.FACILITY,Crossbridge Energy Fredericia A/S,Denmark,DNK,2024,1(a),mid,160555.56,spatial_nearest,natural_gas,heat_battery,85.856,132.097,44.744,41.111999999999995,116.95,38.332,3.0509756861108213,64.091,proxied,55.5912278550192,9.7524233697535
DK.CAED/000110610.FACILITY,Xellia Pharmaceuticals ApS,Denmark,DNK,2024,4(e),mid,54863.89,spatial_nearest,natural_gas,heat_battery,85.856,132.097,44.744,41.111999999999995,116.95,38.332,3.0509756861108213,64.091,proxied,55.66710713738545,12.60524866100344
DK.CAED/000105671.FACILITY,Nordværk I/S - Energianlæg Aalborg,Denmark,DNK,2024,5(b),high,32313.06,spatial_nearest,natural_gas,heat_battery,85.856,132.097,44.744,41.111999999999995,116.95,38.332,3.0509756861108213,64.091,proxied,57.024513639095474,10.015705127396204
DK.CAED/000104838.FACILITY,Syntese A/S,Denmark,DNK,2024,4(e),mid,32365.0,spatial_nearest,natural_gas,heat_battery,85.856,132.097,44.744,41.111999999999995,116.95,38.332,3.0509756861108213,64.091,proxied,55.61134927290379,12.479041146895412
AT.CAED/9008390731697.FACILITY,voestalpine Stahl GmbH,Austria,AUT,2024,2(b),high,62668.58,spatial_nearest,natural_gas,heat_battery,85.301,223.986,44.744,40.557,199.65,38.332,5.208442032766357,63.592,proxied,48.284,14.34
AT.CAED/9008390707227.FACILITY,Smurfit Westrock Nettingsdorf AG & Co KG,Austria,AUT,2024,6(b),high,1268696.07,spatial_nearest,natural_gas,heat_battery,85.301,223.986,44.744,40.557,199.65,38.332,5.208442032766357,63.592,proxied,48.183056,14.256111
AT.CAED/9008390404355.FACILITY,Norske Skog Bruck GmbH,Austria,AUT,2024,6(b),high,32666.06,spatial_nearest,natural_gas,heat_battery,85.301,223.986,44.744,40.557,199.65,38.332,5.208442032766357,63.592,proxied,47.416861,15.277111
AT.CAED/9008390402368.FACILITY,Jungbunzlauer Austria AG,Austria,AUT,2024,8(b),low,620994.58,spatial_nearest,natural_gas,heat_battery,85.301,223.986,44.744,40.557,199.65,38.332,5.208442032766357,63.592,proxied,48.721222,16.278111
AT.CAED/9008391215820.FACILITY,RVL Reststoffverwertung Lenzing GmbH,Austria,AUT,2024,5(b),high,1869944.58,spatial_nearest,natural_gas,heat_battery,85.301,223.986,44.744,40.557,199.65,38.332,5.208442032766357,63.592,proxied,47.975556,13.61675
AT.CAED/9008390933787.FACILITY,WIEN ENERGIE GmbH,Austria,AUT,2024,5(b),high,16399.0,spatial_nearest,natural_gas,heat_battery,85.301,223.986,44.744,40.557,199.65,38.332,5.208442032766357,63.592,proxied,48.233917,16.359917
AT.CAED/9008390968734.FACILITY,AustroCel Hallein GmbH,Austria,AUT,2024,6(a),high,755411.24,spatial_nearest,natural_gas,heat_battery,85.301,223.986,44.744,40.557,199.65,38.332,5.208442032766357,63.592,proxied,47.67575,13.108722
AT.CAED/9008391215714.FACILITY,W. Hamburger GmbH,Austria,AUT,2024,6(b),high,56967.88,spatial_nearest,natural_gas,heat_battery,85.301,223.986,44.744,40.557,199.65,38.332,5.208442032766357,63.592,proxied,47.707278,16.175639
AT.CAED/9008390853801.FACILITY,MM Frohnleiten GmbH,Austria,AUT,2024,6(b),high,543527.45,spatial_nearest,natural_gas,heat_battery,85.301,223.986,44.744,40.557,199.65,38.332,5.208442032766357,63.592,proxied,47.278056,15.328056
AT.CAED/9008391215769.FACILITY,Heinzel Steyrermühl Energie GmbH,Austria,AUT,2024,5(b),high,31344.0,spatial_nearest,natural_gas,heat_battery,85.301,223.986,44.744,40.557,199.65,38.332,5.208442032766357,63.592,proxied,47.992333,13.799917
AT.CAED/9008390614785.FACILITY,Zellstoff Pöls Aktiengesellschaft,Austria,AUT,2024,6(a),high,2742773.04,spatial_nearest,natural_gas,heat_battery,85.301,223.986,44.744,40.557,199.65,38.332,5.208442032766357,63.592,proxied,47.2175,14.590389
AT.CAED/9008390705353.FACILITY,Lenzing Aktiengesellschaft,Austria,AUT,2024,4(a),mid,633731.82,spatial_nearest,natural_gas,heat_battery,85.301,223.986,44.744,40.557,199.65,38.332,5.208442032766357,63.592,proxied,47.979,13.616
AT.CAED/9008390661741.FACILITY,OMV Downstream GmbH,Austria,AUT,2024,1(a),mid,3051246.61,spatial_nearest,natural_gas,heat_battery,85.301,223.986,44.744,40.557,199.65,38.332,5.208442032766357,63.592,proxied,48.144722,16.493889
AT.CAED/9008390537091.FACILITY,Sappi Austria Produktions-GmbH & Co. KG,Austria,AUT,2024,6(b),high,1834014.49,spatial_nearest,natural_gas,heat_battery,85.301,223.986,44.744,40.557,199.65,38.332,5.208442032766357,63.592,proxied,47.134111,15.334056
EE.KAUR.TTR/76.FACILITY,"Enefit Power AS, Enefit õlitööstus",Estonia,EST,2024,1(b),mid,2047222.22,spatial_nearest,natural_gas,heat_battery,83.883,163.986,44.744,39.138999999999996,145.65,38.332,3.7996973807784618,62.315,proxied,59.2732286256,27.895653742
EE.KAUR.TTR/185.FACILITY,"VKG Oil AS, Kohtla-Järve Petroter põlevkiviõlitehas",Estonia,EST,2024,1(b),mid,1272875.0,spatial_nearest,natural_gas,heat_battery,83.883,163.986,44.744,39.138999999999996,145.65,38.332,3.7996973807784618,62.315,proxied,59.3867080255,27.2380242422
EE.KAUR.TTR/88.FACILITY,"Horizon Tselluloosi ja Paberi AS, Kehra paberivabrik",Estonia,EST,2024,6(b),high,10694.44,id_direct,natural_gas,heat_battery,83.883,163.986,44.744,39.138999999999996,145.65,38.332,3.7996973807784618,62.315,proxied,59.3405854971,25.3401582309
ES.CAED/001479000.FACILITY,REFINERÍA GIBRALTAR,Spain,ESP,2024,1(a),mid,3665777.22,spatial_nearest,natural_gas,heat_battery,73.216,157.541,36.946,36.269999999999996,139.85,31.314,4.466053522386153,52.715,bnef,36.185634,-5.39647
ES.CAED/001915000.FACILITY,TUDELA VEGUÍN - FÁBRICA DE CEMENTOS DE ABOÑO,Spain,ESP,2024,3(c)(i),high,90266.67,spatial_nearest,natural_gas,heat_battery,73.216,157.541,36.946,36.269999999999996,139.85,31.314,4.466053522386153,52.715,bnef,43.560118,-5.723233
ES.CAED/001529000.FACILITY,"REPSOL PETRÓLEO, S.A. - C.I. CARTAGENA",Spain,ESP,2024,1(a),mid,1403044.44,id_direct,natural_gas,heat_battery,73.216,157.541,36.946,36.269999999999996,139.85,31.314,4.466053522386153,52.715,bnef,37.622214,-0.982184
ES.CAED/001592000.FACILITY,FÁBRICA DE PUENTE DE MAYORGA (CEPSA QUÍMICA),Spain,ESP,2024,4(a)(i),mid,95861.11,spatial_nearest,natural_gas,heat_battery,73.216,157.541,36.946,36.269999999999996,139.85,31.314,4.466053522386153,52.715,bnef,36.189644,-5.395147
ES.CAED/001528000.FACILITY,REPSOL PETROLEO S.A.,Spain,ESP,2024,1(a),mid,1992666.67,id_direct,natural_gas,heat_battery,73.216,157.541,36.946,36.269999999999996,139.85,31.314,4.466053522386153,52.715,bnef,38.672,-4.0497
ES.CAED/001526000.FACILITY,REPSOL COMPLEJO INDUSTRIAL A CORUÑA,Spain,ESP,2024,1(a),mid,1118948.06,id_direct,natural_gas,heat_battery,73.216,157.541,36.946,36.269999999999996,139.85,31.314,4.466053522386153,52.715,bnef,43.353129,-8.446743
ES.CAED/003701000.FACILITY,"PETROLEOS DEL NORTE, PETRONOR, S.A. (PETRONOR)",Spain,ESP,2024,1(a),mid,1161388.89,id_direct,natural_gas,heat_battery,73.216,157.541,36.946,36.269999999999996,139.85,31.314,4.466053522386153,52.715,bnef,43.325743,-3.110944
ES.CAED/001619000.FACILITY,FÁBRICA DE PALOS DE LA FRONTERA (CEPSA QUÍMICA),Spain,ESP,2024,4(a)(i),mid,579083.33,id_direct,natural_gas,heat_battery,73.216,157.541,36.946,36.269999999999996,139.85,31.314,4.466053522386153,52.715,bnef,37.18396,-6.889568
ES.CAED/002716000.FACILITY,DOW CHEMICAL IBERICA (DOW NORD),Spain,ESP,2024,4(a)(viii),mid,1673680.56,id_direct,natural_gas,heat_battery,73.216,157.541,36.946,36.269999999999996,139.85,31.314,4.466053522386153,52.715,bnef,41.178667,1.220202
ES.CAED/002762000.FACILITY,SAICA PAPER EL BURGO DE EBRO,Spain,ESP,2024,6(b),high,1420354.44,id_direct,natural_gas,heat_battery,73.216,157.541,36.946,36.269999999999996,139.85,31.314,4.466053522386153,52.715,bnef,41.546601,-0.678377
ES.CAED/003378000.FACILITY,CEASA ENCE- FÁBRICA DE NAVIA,Spain,ESP,2024,6(a),high,19941.67,id_direct,natural_gas,heat_battery,73.216,157.541,36.946,36.269999999999996,139.85,31.314,4.466053522386153,52.715,bnef,43.54111,-6.72114
ES.CAED/001960000.FACILITY,"DS SMITH SPAIN, S.A.",Spain,ESP,2024,6(b),high,528386.11,id_direct,natural_gas,heat_battery,73.216,157.541,36.946,36.269999999999996,139.85,31.314,4.466053522386153,52.715,bnef,41.84,-4.559444
ES.CAED/004857000.FACILITY,PLANTA DE VALORITZACIO ENERGETICA DE SANT ADRIA DE BESOS,Spain,ESP,2024,5(b),high,8263037.78,spatial_nearest,natural_gas,heat_battery,73.216,157.541,36.946,36.269999999999996,139.85,31.314,4.466053522386153,52.715,bnef,41.419171,2.229837
ES.CAED/003199000.FACILITY,"TIOXIDE EUROPE, S.L.",Spain,ESP,2024,4(b)(v),mid,1286833.33,spatial_nearest,natural_gas,heat_battery,73.216,157.541,36.946,36.269999999999996,139.85,31.314,4.466053522386153,52.715,bnef,37.192909,-6.879285
ES.CAED/001998000.FACILITY,ALUMINA ESPAÑOLA S.A.,Spain,ESP,2024,4(b)(v),mid,1981666.67,id_direct,natural_gas,heat_battery,73.216,157.541,36.946,36.269999999999996,139.85,31.314,4.466053522386153,52.715,bnef,43.697515,-7.454929
ES.CAED/000704000.FACILITY,"BP ENERGÍA ESPAÑA, S.A.",Spain,ESP,2024,1(a),mid,516861.11,id_direct,natural_gas,heat_battery,73.216,157.541,36.946,36.269999999999996,139.85,31.314,4.466053522386153,52.715,bnef,39.976742,0.014574
ES.CAED/000169000.FACILITY,HYCO (LA POBLA DE MAFUMENT),Spain,ESP,2024,4(b)(i),mid,932944.44,spatial_nearest,natural_gas,heat_battery,73.216,157.541,36.946,36.269999999999996,139.85,31.314,4.466053522386153,52.715,bnef,41.186207,1.231349
ES.CAED/002033000.FACILITY,BIOETANOL GALICIA,Spain,ESP,2024,4(a)(ii),mid,994.44,spatial_nearest,natural_gas,heat_battery,73.216,157.541,36.946,36.269999999999996,139.85,31.314,4.466053522386153,52.715,bnef,43.157278,-8.022836
ES.CAED/001482000.FACILITY,REFINERÍA LA RÁBIDA,Spain,ESP,2024,1(a),mid,4044082.3,id_direct,natural_gas,heat_battery,73.216,157.541,36.946,36.269999999999996,139.85,31.314,4.466053522386153,52.715,bnef,37.184329,-6.894507
ES.CAED/001587000.FACILITY,"FÁBRICA DE PALOS (FERTIBERIA, S.A.)",Spain,ESP,2024,4(c),mid,579083.33,spatial_nearest,natural_gas,heat_battery,73.216,157.541,36.946,36.269999999999996,139.85,31.314,4.466053522386153,52.715,bnef,37.184313,-6.887875
ES.CAED/000132000.FACILITY,"TIRME,S.A. COMPLEJO DE TRATAMIENTO INTEGRAL DE RESIDUOS URBANOS DE SON REUS",Spain,ESP,2024,5(b),high,235993.74,spatial_nearest,natural_gas,heat_battery,73.216,157.541,36.946,36.269999999999996,139.85,31.314,4.466053522386153,52.715,bnef,39.644351,2.681217
ES.CAED/002761000.FACILITY,SAICA 1,Spain,ESP,2024,6(b),high,905704.44,id_direct,natural_gas,heat_battery,73.216,157.541,36.946,36.269999999999996,139.85,31.314,4.466053522386153,52.715,bnef,41.670085,-0.871259
ES.CAED/001606000.FACILITY,ACERINOX EUROPA S.A.U.,Spain,ESP,2024,2(b),high,680427.78,spatial_nearest,natural_gas,heat_battery,73.216,157.541,36.946,36.269999999999996,139.85,31.314,4.466053522386153,52.715,bnef,36.183927,-5.421245
ES.CAED/001562000.FACILITY,REPSOL QUIMICA,Spain,ESP,2024,4(a)(i),mid,3219944.44,id_direct,natural_gas,heat_battery,73.216,157.541,36.946,36.269999999999996,139.85,31.314,4.466053522386153,52.715,bnef,41.194305,1.226122
http://paikkatiedot.fi/so/1002031/pf/ProductionFacility/0000027819.ProductionFacility,"SMA Mineral Oy, Röyttän Kalkkitehdas",Finland,FIN,2019,3(c)(ii),high,579916.67,spatial_nearest,natural_gas,heat_battery,79.665,81.597,44.744,34.92100000000001,71.5,38.332,1.8652822706876762,65.589,proxied,65.75984,24.1556
http://paikkatiedot.fi/so/1002031/pf/ProductionFacility/0100300015.ProductionFacility,"Lahti Energia Oy, Kymijärven jätteenpolttolaitos, Lahti",Finland,FIN,2019,5(b),high,1472269.44,spatial_nearest,natural_gas,heat_battery,79.665,81.597,44.744,34.92100000000001,71.5,38.332,1.8652822706876762,65.589,proxied,60.99101,25.72008
HR.CAED/000000067.FACILITY,Rafinerija nafte Rijeka,Croatia,HRV,2024,1(a),mid,2223080.56,spatial_nearest,natural_gas,heat_battery,79.567,214.097,44.744,34.82299999999999,190.75,38.332,4.976260043827612,58.431,proxied,45.28543,14.5342
HR.CAED/000000064.FACILITY,Proizvodnja gnojiva,Croatia,HRV,2024,4(c),mid,577777.78,spatial_nearest,natural_gas,heat_battery,79.567,214.097,44.744,34.82299999999999,190.75,38.332,4.976260043827612,58.431,proxied,45.46648,16.79753
PT.CAED/PT.APA05774482.CI,"Celulose Beira Industrial (Celbi), S.A. (CI)",Portugal,PRT,2024,6(a),high,2289848.33,spatial_nearest,natural_gas,heat_battery,77.224,139.986,44.744,32.480000000000004,124.05,38.332,3.2361995199833036,56.322,proxied,40.053571,-8.873595
PT.CAED/PT.APA05765222.CI,Navigator Figueira (CI),Portugal,PRT,2024,6(b),high,366518.78,spatial_nearest,natural_gas,heat_battery,77.224,139.986,44.744,32.480000000000004,124.05,38.332,3.2361995199833036,56.322,proxied,40.058793,-8.856643
PT.CAED/PT.APA05765162.CI,NAVIGATOR Setúbal (CI),Portugal,PRT,2024,6(a),high,2914285.83,spatial_nearest,natural_gas,heat_battery,77.224,139.986,44.744,32.480000000000004,124.05,38.332,3.2361995199833036,56.322,proxied,38.493319,-8.80816
PT.CAED/PT.APA05764382.CI,Europaec (CI),Portugal,PRT,2024,6(a),high,514444.44,spatial_nearest,natural_gas,heat_battery,77.224,139.986,44.744,32.480000000000004,124.05,38.332,3.2361995199833036,56.322,proxied,41.703661,-8.712395
PT.CAED/PT.APA05765202.CI,"Navigator Pulp Cacia, S.A. (CI)",Portugal,PRT,2024,6(a),high,1790625.28,spatial_nearest,natural_gas,heat_battery,77.224,139.986,44.744,32.480000000000004,124.05,38.332,3.2361995199833036,56.322,proxied,40.6846,-8.587658
PT.CAED/PT.APA05769662.CI,Refinaria de Sines (CI),Portugal,PRT,2024,1(a),mid,3996666.67,spatial_nearest,natural_gas,heat_battery,77.224,139.986,44.744,32.480000000000004,124.05,38.332,3.2361995199833036,56.322,proxied,37.963901,-8.800138
RO.CAED/102VL0001.FACILITY,SC CHIM COMPLEX S.A. Borzesti - Sucursala Ramnicu Valcea,Romania,ROU,2024,4(b)(iii),mid,141460.83,spatial_nearest,natural_gas,heat_battery,75.436,183.708,44.744,30.692000000000007,163.4,38.332,4.262756965459668,54.713,proxied,45.045965,24.296956
RO.CAED/106PH0001.FACILITY,OMV PETROM SA - Petrobrazi,Romania,ROU,2024,1(a),mid,225958.06,spatial_nearest,natural_gas,heat_battery,75.436,183.708,44.744,30.692000000000007,163.4,38.332,4.262756965459668,54.713,proxied,44.876519,26.010388
https://data.ied_registry.omgeving.vlaanderen.be/id/productionfacility/BE.VL.000000590.FACILITY,ALCO BIO FUEL,Belgium,BEL,2024,4(a)(ii),mid,531785.28,spatial_nearest,natural_gas,heat_battery,75.066,201.875,44.744,30.322000000000003,179.75,38.332,4.689293540644892,54.38,proxied,51.14163,3.79426
https://data.ied_registry.omgeving.vlaanderen.be/id/productionfacility/BE.VL.000000714.FACILITY,STORA ENSO LANGERBRUGGE,Belgium,BEL,2024,6(b),high,708676.31,spatial_nearest,natural_gas,heat_battery,75.066,201.875,44.744,30.322000000000003,179.75,38.332,4.689293540644892,54.38,proxied,51.10665,3.73374
https://data.ied_registry.omgeving.vlaanderen.be/id/productionfacility/BE.VL.000000468.FACILITY,VYNOVA BELGIUM,Belgium,BEL,2024,4(a)(vi),mid,129338.89,spatial_nearest,natural_gas,heat_battery,75.066,201.875,44.744,30.322000000000003,179.75,38.332,4.689293540644892,54.38,proxied,51.05785,5.0958
https://data.ied_registry.omgeving.vlaanderen.be/id/productionfacility/BE.VL.000000118.FACILITY,EXXONMOBIL PETROLEUM & CHEMICAL - ESSO RAFFINADERIJ,Belgium,BEL,2024,1(a),mid,2790807.72,spatial_nearest,natural_gas,heat_battery,75.066,201.875,44.744,30.322000000000003,179.75,38.332,4.689293540644892,54.38,proxied,51.25712,4.34517
https://data.ied_registry.omgeving.vlaanderen.be/id/productionfacility/BE.VL.000000003.FACILITY,TotalEnergies Olefins Antwerp,Belgium,BEL,2024,4(a)(i),mid,223649.03,spatial_nearest,natural_gas,heat_battery,75.066,201.875,44.744,30.322000000000003,179.75,38.332,4.689293540644892,54.38,proxied,51.2549,4.33203
https://data.ied_registry.omgeving.vlaanderen.be/id/productionfacility/BE.VL.000000991.FACILITY,BIOSTOOM OOSTENDE,Belgium,BEL,2024,5(b),high,637.9,spatial_nearest,natural_gas,heat_battery,75.066,201.875,44.744,30.322000000000003,179.75,38.332,4.689293540644892,54.38,proxied,51.21008,2.9953
https://data.ied_registry.omgeving.vlaanderen.be/id/productionfacility/BE.VL.000000931.FACILITY,A & S ENERGIE,Belgium,BEL,2024,5(b),high,555720.58,spatial_nearest,natural_gas,heat_battery,75.066,201.875,44.744,30.322000000000003,179.75,38.332,4.689293540644892,54.38,proxied,50.91097,3.30631
BE.WA/103010000.FACILITY,BURGO ARDENNES,Belgium,BEL,2024,6(a),high,573737.5,spatial_nearest,natural_gas,heat_battery,75.066,201.875,44.744,30.322000000000003,179.75,38.332,4.689293540644892,54.38,proxied,49.549896,5.5042443
https://data.ied_registry.omgeving.vlaanderen.be/id/productionfacility/BE.VL.000000424.FACILITY,APERAM GENK,Belgium,BEL,2024,2(b),high,389402.78,spatial_nearest,natural_gas,heat_battery,75.066,201.875,44.744,30.322000000000003,179.75,38.332,4.689293540644892,54.38,proxied,50.93828,5.50021
https://data.ied_registry.omgeving.vlaanderen.be/id/productionfacility/BE.VL.000000093.FACILITY,INEOS Aromatics Belgium,Belgium,BEL,2024,4(a)(ii),mid,51179.72,spatial_nearest,natural_gas,heat_battery,75.066,201.875,44.744,30.322000000000003,179.75,38.332,4.689293540644892,54.38,proxied,51.11506,5.00127
BE.WA/189010000.FACILITY,BIOWANZE,Belgium,BEL,2024,4(a)(ii),mid,248979.8,spatial_nearest,natural_gas,heat_battery,75.066,201.875,44.744,30.322000000000003,179.75,38.332,4.689293540644892,54.38,proxied,50.530754,5.2071075
https://data.ied_registry.omgeving.vlaanderen.be/id/productionfacility/BE.VL.000000687.FACILITY,VPK Paper,Belgium,BEL,2024,6(b),high,438978.89,spatial_nearest,natural_gas,heat_battery,75.066,201.875,44.744,30.322000000000003,179.75,38.332,4.689293540644892,54.38,proxied,51.01564,4.06802
https://data.ied_registry.omgeving.vlaanderen.be/id/productionfacility/BE.VL.000000067.FACILITY,BASF ANTWERPEN,Belgium,BEL,2024,4(a)(ii),mid,16426.11,spatial_nearest,natural_gas,heat_battery,75.066,201.875,44.744,30.322000000000003,179.75,38.332,4.689293540644892,54.38,proxied,51.36175,4.27224
https://data.ied_registry.omgeving.vlaanderen.be/id/productionfacility/BE.VL.000000121.FACILITY,Envalior,Belgium,BEL,2024,4(a)(iv),mid,761529.35,spatial_nearest,natural_gas,heat_battery,75.066,201.875,44.744,30.322000000000003,179.75,38.332,4.689293540644892,54.38,proxied,51.296,4.32097
https://data.ied_registry.omgeving.vlaanderen.be/id/productionfacility/BE.VL.000001872.FACILITY,AIR LIQUIDE LARGE INDUSTRY,Belgium,BEL,2024,4(b)(i),mid,758401.3,spatial_nearest,natural_gas,heat_battery,75.066,201.875,44.744,30.322000000000003,179.75,38.332,4.689293540644892,54.38,proxied,51.29134,4.32686
https://data.ied_registry.omgeving.vlaanderen.be/id/productionfacility/BE.VL.000000117.FACILITY,EVONIK ANTWERPEN,Belgium,BEL,2024,4(a)(ii),mid,718167.5,spatial_nearest,natural_gas,heat_battery,75.066,201.875,44.744,30.322000000000003,179.75,38.332,4.689293540644892,54.38,proxied,51.30411,4.30723
https://data.ied_registry.omgeving.vlaanderen.be/id/productionfacility/BE.VL.000000169.FACILITY,TotalEnergies Refinery Antwerp,Belgium,BEL,2024,1(a),mid,637200.74,spatial_nearest,natural_gas,heat_battery,75.066,201.875,44.744,30.322000000000003,179.75,38.332,4.689293540644892,54.38,proxied,51.27011,4.32261
https://data.ied_registry.omgeving.vlaanderen.be/id/productionfacility/BE.VL.000000132.FACILITY,BAYER AGRICULTURE,Belgium,BEL,2024,4(a)(viii),mid,21417.33,spatial_nearest,natural_gas,heat_battery,75.066,201.875,44.744,30.322000000000003,179.75,38.332,4.689293540644892,54.38,proxied,51.31566,4.28916
https://data.ied_registry.omgeving.vlaanderen.be/id/productionfacility/BE.VL.000000717.FACILITY,TEREOS STARCH & SWEETENERS BELGIUM,Belgium,BEL,2024,8(b)(ii),low,489026.67,spatial_nearest,natural_gas,heat_battery,75.066,201.875,44.744,30.322000000000003,179.75,38.332,4.689293540644892,54.38,proxied,50.93764,4.0448
https://data.ied_registry.omgeving.vlaanderen.be/id/productionfacility/BE.VL.000000016.FACILITY,INEOS,Belgium,BEL,2024,4(a)(ii),mid,60720.28,spatial_nearest,natural_gas,heat_battery,75.066,201.875,44.744,30.322000000000003,179.75,38.332,4.689293540644892,54.38,proxied,51.23458,4.3192
EL.CAED/100074.FACILITY,HEIDELBERG MATERIALS HELLAS S.A.,Greece,GRC,2024,3(c)(i),high,106405.56,spatial_nearest,natural_gas,heat_battery,70.504,199.653,44.744,25.760000000000005,177.75,38.332,4.6371178127934884,50.274,proxied,38.03679,23.59286
EL.CAED/100062.FACILITY,HELLENIC PETROLEUM R.S.S.O.P.P. S.A. - THESSALONIKI INDUSTRIAL COMPLEX,Greece,GRC,2024,1(a),mid,997844.75,id_direct,natural_gas,heat_battery,70.504,199.653,44.744,25.760000000000005,177.75,38.332,4.6371178127934884,50.274,proxied,40.67952,22.87819
EL.CAED/100048.FACILITY,METLEN ENERGY & METALS S.A. - ALOUMINIUM OF GREECE,Greece,GRC,2024,2(e),high,3413772.22,id_direct,natural_gas,heat_battery,70.504,199.653,44.744,25.760000000000005,177.75,38.332,4.6371178127934884,50.274,proxied,38.36083,22.69167
EL.CAED/100053.FACILITY,HELLENIC PETROLEUM R.S.S.O.P.P. S.A. - INDUSTRIAL DIVISION OF ASPROPYRGOS,Greece,GRC,2024,1(a),mid,808525.0,id_direct,natural_gas,heat_battery,70.504,199.653,44.744,25.760000000000005,177.75,38.332,4.6371178127934884,50.274,proxied,38.03236,23.60276
EL.CAED/100058.FACILITY,HELLENIC PETROLEUM R.S.S.O.P.P. S.A. –SOUTH REFINERIES COMPLEX – ELEFSIS INDUSTRIAL FACILITIES,Greece,GRC,2024,1(a),mid,3008.33,id_direct,natural_gas,heat_battery,70.504,199.653,44.744,25.760000000000005,177.75,38.332,4.6371178127934884,50.274,proxied,38.04222,23.51083
EL.CAED/100066.FACILITY,MOTOR OIL HELLLAS-CORINTH REFINERIES S.A.,Greece,GRC,2024,1(a),mid,863250.0,id_direct,natural_gas,heat_battery,70.504,199.653,44.744,25.760000000000005,177.75,38.332,4.6371178127934884,50.274,proxied,37.91778,23.07361
SE.CAED/10024566.Facility,SMA Mineral AB,Sweden,SWE,2013,3(c),high,55619.44,spatial_nearest,natural_gas,heat_battery,70.008,88.319,44.744,25.263999999999996,77.55,38.332,2.0231138474381716,61.039,proxied,65.56331,22.21479
NL.RIVM/000019070.FACILITY,Indorama Ventures Europe BV,Netherlands,NLD,2021,4(a)(viii),mid,59394.54,spatial_nearest,natural_gas,heat_battery,66.713,139.986,44.744,21.968999999999994,124.05,38.332,3.2361995199833036,48.276,proxied,51.96093,4.09801
BG.CAED/003000008.FACILITY,"Solvey sody Company for Production of 
    Inorganic  chemicals",Bulgaria,BGR,2024,4(b)(iv),mid,3468611.11,spatial_nearest,natural_gas,heat_battery,66.989,138.708,46.197,20.792,122.9,39.64,3.100403632694248,47.111,proxied,43.199561,27.635453
BG.CAED/002000008.FACILITY,Lukoil Neftohim Burgas AD,Bulgaria,BGR,2024,1(a),mid,88055.56,spatial_nearest,natural_gas,heat_battery,66.989,138.708,46.197,20.792,122.9,39.64,3.100403632694248,47.111,proxied,42.54544,27.336508
FR.CAED/3911.FACILITY,VPK PAPER NORMANDIE,France,FRA,2021,6(b),high,26492.52,id_direct,natural_gas,heat_battery,65.295,117.43,45.593,19.701999999999998,103.75,39.096,2.6537241661551056,47.0,bnef,49.31652,1.17345
FR.CAED/5635.FACILITY,SUEZ RR IWS CHEMICALS FRANCE,France,FRA,2021,5(a),high,242055.49,spatial_nearest,natural_gas,heat_battery,65.295,117.43,45.593,19.701999999999998,103.75,39.096,2.6537241661551056,47.0,bnef,45.13621,5.70701
FR.CAED/7374.FACILITY,ALTEO GARDANNE,France,FRA,2021,2(e)(i),high,79943.78,id_direct,natural_gas,heat_battery,65.295,117.43,45.593,19.701999999999998,103.75,39.096,2.6537241661551056,47.0,bnef,43.44405,5.46655
http://paikkatiedot.fi/so/1002031/pf/ProductionFacility/0000002234.ProductionFacility,"Metsä Fibre Oy, Äänekosken sellutehdas",Finland,FIN,2017,6(a),high,157861.11,spatial_nearest,natural_gas,heat_battery,63.759,76.764,44.744,19.015,67.15,38.332,1.7518000626108736,55.213,proxied,62.59055,25.75298
https://registry.gdi-de.org/id/de.he.0945.de7.pf.eu_industrie/50002167,DS Smith Paper Deutschland GmbH ,Germany,DEU,2008,6(b),high,56200.0,spatial_nearest,natural_gas,heat_battery,64.256,120.541,47.885,16.371000000000002,106.55,41.159,2.588741223061785,52.327,bnef,51.31799,9.84838
https://registry.gdi-de.org/id/de.by.inspire.pf.ied/S00313,"Rhein Papier GmbH, Werk Plattling",Germany,DEU,2008,6(b),high,245544.44,spatial_nearest,natural_gas,heat_battery,64.256,120.541,47.885,16.371000000000002,106.55,41.159,2.588741223061785,52.327,bnef,48.7974904885365,12.865928455535094
https://registry.gdi-de.org/id/de.nw.inspire.pf.bube-eureg/arb-2017-112000-100-0209675,thyssenkrupp Steel Europe AG Werk Hüttenheim,Germany,DEU,2008,2(c)(i),high,449933.06,spatial_nearest,natural_gas,heat_battery,64.256,120.541,47.885,16.371000000000002,106.55,41.159,2.588741223061785,52.327,bnef,51.36415,6.71303
IT.EEA/2007000603.FACILITY,STABILIMENTO DI PORTOVESME,Italy,ITA,2012,2(e),high,1813439.52,spatial_nearest,natural_gas,heat_battery,53.121,192.486,38.962,14.158999999999999,171.3,33.128,5.170852451098769,45.335,bnef,39.196111,8.397222
IT.EEA/2007001844.FACILITY,Ahlstrom Italy S.p.A.,Italy,ITA,2012,6(b),high,841225.49,spatial_nearest,natural_gas,heat_battery,53.121,192.486,38.962,14.158999999999999,171.3,33.128,5.170852451098769,45.335,bnef,45.253333,7.539722
https://registry.gdi-de.org/id/de.ni.mu/10101772630,SRS EcoTherm GmbH ,Germany,DEU,2013,5(b),high,162736.11,spatial_nearest,natural_gas,heat_battery,61.191,161.541,47.885,13.306000000000004,143.45,41.159,3.4852644622075366,53.104,bnef,52.31847,7.35054
https://registry.gdi-de.org/id/de.ni.mu/10285630660,Kämmerer Paper GmbH ,Germany,DEU,2013,6(b),high,40472.22,spatial_nearest,natural_gas,heat_battery,61.191,161.541,47.885,13.306000000000004,143.45,41.159,3.4852644622075366,53.104,bnef,52.29477,8.02422
IT.CAED/380662002.FACILITY,CARTIERE DEL GARDA S.P.A.,Italy,ITA,2008,6(b),high,832159.13,id_direct,natural_gas,heat_battery,51.925,162.43,38.962,12.962999999999994,144.25,33.128,4.35432262738469,41.229,bnef,45.885,10.8536
ES.CAED/001610000.FACILITY,FÁBRICA DE GUADARRANQUE (IVQ),Spain,ESP,2012,4(a)(ii),mid,168544.44,id_direct,natural_gas,heat_battery,49.73,136.041,36.946,12.783999999999999,120.5,31.314,3.848119052181133,42.283,bnef,36.20435,-5.409685
HU.OKIR/101875179.FACILITY,Hamburger Hungária KFT.,Hungary,HUN,2013,6(b),high,1190780.56,spatial_nearest,natural_gas,heat_battery,57.184,110.097,44.744,12.439999999999998,97.15,38.332,2.5344359803819265,49.497,proxied,46.922802,18.939296
IT.CAED/670512001.FACILITY,Stabilimento di Avezzano,Italy,ITA,2013,6(b),high,600000.0,id_direct,natural_gas,heat_battery,51.018,190.93,38.962,12.055999999999997,169.9,33.128,5.128592127505434,43.948,bnef,41.9941,13.4408
IT.CAED/741232009.FACILITY,Stabilimento di Taranto,Italy,ITA,2013,3(c),high,908091.67,spatial_nearest,natural_gas,heat_battery,51.018,190.93,38.962,12.055999999999997,169.9,33.128,5.128592127505434,43.948,bnef,40.4861,17.2031
ES.CAED/004894000.FACILITY,BASF SONATRACH PROPANCHEM,Spain,ESP,2014,4(a)(i),mid,231347.22,spatial_nearest,natural_gas,heat_battery,48.642,136.208,36.946,11.696000000000005,120.65,31.314,3.852909241872645,41.507,bnef,41.11091,1.178207
ES.CAED/006543000.FACILITY,BUNGE IBERICA,Spain,ESP,2021,8(b)(ii),low,1001675.0,spatial_nearest,natural_gas,heat_battery,48.524,142.875,36.946,11.578000000000003,126.65,31.314,4.044516829533117,31.907,bnef,43.356358,-3.086221
AT.CAED/9008390317211.FACILITY,Mondi Neusiedler GmbH & Co KG,Austria,AUT,2012,6(b),high,234356.4,spatial_nearest,natural_gas,heat_battery,56.265,125.375,44.744,11.521,110.9,38.332,2.8931441093603256,48.165,proxied,48.07,14.82
PL.MŚ/000000331.FACILITY,KRONOSPAN POLSKA Sp. z o.o.,Poland,POL,2021,6(b),high,1880805.56,id_direct,natural_gas,heat_battery,55.8,124.153,44.744,11.055999999999997,109.8,38.332,2.8644474590420534,38.455,proxied,53.6934280395508,16.7136402130127
AT.CAED/9008390952283.FACILITY,EMACS Steyrermühl GmbH,Austria,AUT,2013,6(b),high,767682.44,spatial_nearest,natural_gas,heat_battery,55.519,125.597,44.744,10.774999999999999,111.1,38.332,2.898361682145466,47.999,proxied,47.983333,13.816667
http://paikkatiedot.fi/so/1002031/pf/ProductionFacility/0000001926.ProductionFacility,"Metsä Board Oyj, Simpeleen kartonkitehdas",Finland,FIN,2016,6(b),high,28722.22,spatial_nearest,natural_gas,heat_battery,55.065,78.764,44.744,10.320999999999998,68.95,38.332,1.7987582176771366,47.388,proxied,61.43514,29.34397
https://registry.gdi-de.org/id/de.nw.inspire.pf.bube-eureg/arb-2017-162024-100-0042820,MM Neuss GmbH,Germany,DEU,2021,6(b),high,379433.06,spatial_nearest,natural_gas,heat_battery,56.108,206.208,47.885,8.222999999999999,183.65,41.159,4.461964576398843,38.732,bnef,51.21866,6.69212
https://registry.gdi-de.org/id/de.by.inspire.pf.ied/S00108,"OMV Deutschland Operations GmbH & Co. KG, Werk Burghausen",Germany,DEU,2021,1(a),mid,264241.67,spatial_nearest,natural_gas,heat_battery,56.108,206.208,47.885,8.222999999999999,183.65,41.159,4.461964576398843,38.732,bnef,48.19300392423097,12.836526876207548
https://registry.gdi-de.org/id/de.nw.inspire.pf.bube-eureg/arb-2017-362040-300-0420058,Evonik Operations GmbH - Werk Wesseling,Germany,DEU,2021,4(a)(iii),mid,137966.67,spatial_nearest,natural_gas,heat_battery,56.108,206.208,47.885,8.222999999999999,183.65,41.159,4.461964576398843,38.732,bnef,50.83174,6.97511
https://registry.gdi-de.org/id/de.st.lau.pf.anlagen-ied-euregistry/100787,SKW Stickstoffwerke Piesteritz GmbH ,Germany,DEU,2021,4(c),mid,4085727.5,spatial_nearest,natural_gas,heat_battery,56.108,206.208,47.885,8.222999999999999,183.65,41.159,4.461964576398843,38.732,bnef,51.88852,12.58348
https://registry.gdi-de.org/id/de.nw.inspire.pf.bube-eureg/arb-2017-111000-100-9350370,BASF Personal Care and Nutrition GmbH,Germany,DEU,2021,4(a)(xi),mid,33583.33,spatial_nearest,natural_gas,heat_battery,56.108,206.208,47.885,8.222999999999999,183.65,41.159,4.461964576398843,38.732,bnef,51.17555,6.83939
IT.EEA/2008000001.FACILITY,Linde Gas Italia Srl - Sito di Milazzo,Italy,ITA,2014,4(b),mid,1949924.53,spatial_nearest,natural_gas,heat_battery,47.101,194.097,38.962,8.138999999999996,172.75,33.128,5.214622071963294,40.119,bnef,38.2,15.266667
ES.CAED/000164000.FACILITY,INDUSTRIAS QUIMICAS DEL OXIDO DE ETILENO (LA CANONJA),Spain,ESP,2019,4(a)(ii),mid,337777.78,id_direct,natural_gas,heat_battery,44.706,127.264,36.946,7.760000000000005,112.6,31.314,3.595835728428179,34.126,bnef,41.111576,1.200805
NL.RIVM/000095007.FACILITY,Frisia Zout BV,Netherlands,NLD,2008,4(b)(iv),mid,18171.4,spatial_nearest,natural_gas,heat_battery,52.171,118.208,44.744,7.427,104.45,38.332,2.724877387039549,41.451,proxied,53.18691,5.4263
NL.EEA/10017.FACILITY,Evonik Carbon Black Nederland BV,Netherlands,NLD,2008,4(b),mid,132871.21,spatial_nearest,natural_gas,heat_battery,52.171,118.208,44.744,7.427,104.45,38.332,2.724877387039549,41.451,proxied,51.87981,4.28194
FR.CAED/10877.FACILITY,CARGILL HAUBOURDIN SAS,France,FRA,2019,8(b)(ii),low,149213.62,id_direct,natural_gas,heat_battery,52.845,111.819,45.593,7.251999999999995,98.7,39.096,2.524554941682014,41.451,bnef,50.60672,2.9847
FR.CAED/5360.FACILITY,METROPOLE DE LYON,France,FRA,2019,5(b),high,231445.09,spatial_nearest,natural_gas,heat_battery,52.845,111.819,45.593,7.251999999999995,98.7,39.096,2.524554941682014,41.451,bnef,45.69013,4.84604
https://registry.gdi-de.org/id/de.nw.inspire.pf.bube-eureg/arb-2017-170032-100-0004303,INOVYN Deutschland GmbH,Germany,DEU,2014,4(a)(vi),mid,125276.11,spatial_nearest,natural_gas,heat_battery,54.931,174.708,47.885,7.045999999999999,155.3,41.159,3.773172331689303,47.166,bnef,51.56157,6.57853
ES.CAED/000162000.FACILITY,ERCROS (FÀBRICA DE VILA-SECA II),Spain,ESP,2015,4(a)(viii),mid,410777.78,spatial_nearest,natural_gas,heat_battery,43.985,130.264,36.946,7.0390000000000015,115.3,31.314,3.6820591428753913,37.012,bnef,41.104976,1.161068
ES.CAED/001752000.FACILITY,COMPLEJO INDUSTRIAL SABIC ”FINCA CASA GRANDE”,Spain,ESP,2015,4(a)(viii),mid,1529527.78,spatial_nearest,natural_gas,heat_battery,43.985,130.264,36.946,7.0390000000000015,115.3,31.314,3.6820591428753913,37.012,bnef,37.706219,-1.099456
ES.CAED/001615000.FACILITY,"COMPAÑÍA ESPAÑOLA DE PETRÓLEOS, S.A.U.",Spain,ESP,2011,4(a)(i),mid,3665777.22,spatial_nearest,natural_gas,heat_battery,43.863,129.541,36.946,6.917000000000002,114.65,31.314,3.6613016542121737,35.791,bnef,36.185634,-5.39647
ES.CAED/001564000.FACILITY,REPSOL QUÍMICA S.A.,Spain,ESP,2008,4(a)(viii),mid,99694.44,spatial_nearest,natural_gas,heat_battery,43.108,114.875,36.946,6.161999999999999,101.45,31.314,3.2397649613591364,33.294,bnef,38.6804,-4.051
FR.EEA/064.01012.FACILITY,RAFFINERIE DE BERRE,France,FRA,2012,1(a),mid,352969.19,spatial_nearest,natural_gas,heat_battery,51.579,99.041,45.593,5.985999999999997,87.2,39.096,2.2304072027828936,43.948,bnef,43.5,5.16
https://registry.gdi-de.org/id/de.by.inspire.pf.ied/S00107,"Linde Gas Produktionsgesellschaft mbH & Co. KG, Werk Burghausen",Germany,DEU,2011,4(a)(i),mid,2395288.89,spatial_nearest,natural_gas,heat_battery,53.851,140.541,47.885,5.966000000000001,124.55,41.159,3.026069632401176,44.78,bnef,48.18871603695967,12.844187018894948
https://registry.gdi-de.org/id/de.st.lau.pf.anlagen-ied-euregistry/100674,"Pfeifer & Langen GmbH & Co. KG, Werk Könnern ",Germany,DEU,2011,8(b)(ii),low,468590.39,spatial_nearest,natural_gas,heat_battery,53.851,140.541,47.885,5.966000000000001,124.55,41.159,3.026069632401176,44.78,bnef,51.69735,11.7597
DE.EEA/06-85300230632.FACILITY,ETN Wintershall E.ON Energy from Waste Heringen GmbH,Germany,DEU,2011,5(b),high,1557847.22,spatial_nearest,natural_gas,heat_battery,53.851,140.541,47.885,5.966000000000001,124.55,41.159,3.026069632401176,44.78,bnef,50.8932717231179,9.99815279375005
https://registry.gdi-de.org/id/de.ni.mu/10102275040,EBE Holzheizkraftwerk GmbH ,Germany,DEU,2011,5(a),high,79647.22,spatial_nearest,natural_gas,heat_battery,53.851,140.541,47.885,5.966000000000001,124.55,41.159,3.026069632401176,44.78,bnef,52.61934,6.87345
IT.EEA/2007000867.FACILITY,Termovalorizzatore di Scarlino,Italy,ITA,2011,5(b),high,617713.89,spatial_nearest,natural_gas,heat_battery,44.911,178.986,38.962,5.948999999999998,159.15,33.128,4.804093214199469,36.734,bnef,42.920278,10.799167
FR.EEA/052.02609.FACILITY,TOTAL E&P France - Usine de Lacq,France,FRA,2013,1(b),mid,570618.58,spatial_nearest,natural_gas,heat_battery,51.265,103.43,45.593,5.671999999999997,91.15,39.096,2.3314405565786784,44.17,bnef,43.42,-0.61
https://data.ied_registry.omgeving.vlaanderen.be/id/productionfacility/BE.VL.000000122.FACILITY,ARLANXEO BELGIUM,Belgium,BEL,2008,4(a)(ix),mid,6988.06,spatial_nearest,natural_gas,heat_battery,50.322,114.93,44.744,5.578000000000003,101.5,38.332,2.647918188458729,39.786,proxied,51.23968,4.33641
CZ.MZP.T802/CZ72777707.FACILITY,Biocel Paskov a.s.,Czechia,CZE,2008,6(a),high,11911.83,spatial_nearest,natural_gas,heat_battery,50.075,125.93,44.744,5.331000000000003,111.4,38.332,2.9061880413231767,39.564,proxied,49.7139622,18.28977134
CZ.MZP.L513/CZ89043064.FACILITY,TERMIZO a.s.,Czechia,CZE,2008,5(b),high,87153.49,spatial_nearest,natural_gas,heat_battery,50.075,125.93,44.744,5.331000000000003,111.4,38.332,2.9061880413231767,39.564,proxied,50.75727925,15.05649694
https://data.gov.sk/set/data/so/b4d884b3-4442-43db-a19c-ceb6e127960f/SK77062508.NRZ.FACILITY,"Mondi SCP, a.s. - výroba papiera a celulózy",Slovakia,SVK,2019,6(b),high,120727.78,spatial_nearest,natural_gas,heat_battery,49.885,146.764,44.744,5.140999999999998,130.15,38.332,3.3953354899300847,38.788,proxied,49.079935,19.320079
FR.CAED/2851.FACILITY,ADISSEO FRANCE S.A.S.,France,FRA,2008,4(e),mid,16983.89,id_direct,natural_gas,heat_battery,50.692,72.597,45.593,5.098999999999997,63.4,39.096,1.6216492735829753,40.119,bnef,46.2952,2.74843
FR.CAED/626.FACILITY,CONDAT,France,FRA,2008,6(b),high,92094.3,id_direct,natural_gas,heat_battery,50.692,72.597,45.593,5.098999999999997,63.4,39.096,1.6216492735829753,40.119,bnef,45.12348,1.22656
FR.EEA/058.00316.FACILITY,AIR LIQUIDE HYDROGENE,France,FRA,2008,4(b)(i),mid,827180.74,spatial_nearest,natural_gas,heat_battery,50.692,72.597,45.593,5.098999999999997,63.4,39.096,1.6216492735829753,40.119,bnef,49.48,0.57
FR.CAED/6753.FACILITY,SYNER'VAL,France,FRA,2018,5(b),high,28754.73,spatial_nearest,natural_gas,heat_battery,50.533,106.097,45.593,4.939999999999998,93.55,39.096,2.392827910783712,41.229,bnef,47.98465,0.17665
FR.CAED/10589.FACILITY,ALBIOMA CARAÏBES,France,FRA,2018,,mid,741066.18,id_direct,natural_gas,heat_battery,50.533,106.097,45.593,4.939999999999998,93.55,39.096,2.392827910783712,41.229,bnef,16.3102,-61.3202
PT.CAED/PT.APA05769742.CI,Petrogal-Refinaria do Porto (CI),Portugal,PRT,2021,1(a),mid,70898.49,spatial_nearest,natural_gas,heat_battery,48.956,127.264,44.744,4.212000000000003,112.6,38.332,2.9374934780340185,32.295,proxied,41.2018948,-8.7105946
PT.CAED/PT.APA05771242.CI,Central Termoeléctrica do Pego (CI),Portugal,PRT,2021,,mid,4097416.78,spatial_nearest,natural_gas,heat_battery,48.956,127.264,44.744,4.212000000000003,112.6,38.332,2.9374934780340185,32.295,proxied,39.466027,-8.111977
NL.RIVM/000010073.FACILITY,Tronox Pigments (Holland) BV,Netherlands,NLD,2020,4(a)(x),mid,407671.52,spatial_nearest,natural_gas,heat_battery,48.893,125.208,44.744,4.149000000000001,110.75,38.332,2.8892309297714704,37.955,proxied,51.89823,4.2697
NL.RIVM/000019071.FACILITY,Shin-Etsu PVC BV (VCM Botlek),Netherlands,NLD,2020,4(a)(viii),mid,523436.47,spatial_nearest,natural_gas,heat_battery,48.893,125.208,44.744,4.149000000000001,110.75,38.332,2.8892309297714704,37.955,proxied,51.87111,4.27797
NL.RIVM/000103010.FACILITY,DAMCO Aluminium Delfzijl Coöperatie U.A.,Netherlands,NLD,2020,2(e)(i),high,1688.64,spatial_nearest,natural_gas,heat_battery,48.893,125.208,44.744,4.149000000000001,110.75,38.332,2.8892309297714704,37.955,proxied,53.31256,6.97859
DE.EEA/06-05-100-0078369.FACILITY,Oxea Deutschland GmbH Werk Ruhrchemie,Germany,DEU,2009,4(a),mid,219773.61,spatial_nearest,natural_gas,heat_battery,52.001,128.041,47.885,4.116,113.3,41.159,2.7527393765640564,43.116,bnef,51.5255027365178,6.79844793202542
CZ.MZP.B642/CZ82167741.FACILITY,"Teplárny Brno a.s., Provoz Brno - sever",Czechia,CZE,2021,,mid,3356.37,spatial_nearest,natural_gas,heat_battery,48.771,101.486,44.744,4.027000000000001,89.4,38.332,2.3322550349577376,32.129,proxied,49.22308058,16.6469608
NL.RIVM/000022602.FACILITY,Tate & Lyle Netherlands BV,Netherlands,NLD,2014,8(b)(ii),low,120959.82,spatial_nearest,natural_gas,heat_battery,48.519,103.375,44.744,3.7749999999999986,91.1,38.332,2.3766044036314304,41.396,proxied,52.4657,4.81213
DK.EEA/6630.FACILITY,ODENSE KRAFTVARMEVÆRK A/S,Denmark,DNK,2014,5(b),high,387535.83,spatial_nearest,natural_gas,heat_battery,48.457,108.319,44.744,3.713000000000001,95.55,38.332,2.4926953981008033,41.34,proxied,55.4294116608398,10.4102116826366
https://registry.gdi-de.org/id/de.nw.inspire.pf.bube-eureg/arb-2017-358024-300-0907015,Pfeifer & Langen GmbH & Co. KG Werk Jülich,Germany,DEU,2010,8(b)(ii),low,342780.56,spatial_nearest,natural_gas,heat_battery,51.587,130.486,47.885,3.7020000000000053,115.5,41.159,2.8061906265944265,42.339,bnef,50.91662,6.37312
https://registry.gdi-de.org/id/de.rp.inspire.pf.bube-eureg/5000671,BASF SE,Germany,DEU,2010,4(a)(ii),mid,651769.44,spatial_nearest,natural_gas,heat_battery,51.587,130.486,47.885,3.7020000000000053,115.5,41.159,2.8061906265944265,42.339,bnef,49.51739,8.42345
FR.CAED/8160.FACILITY,TOTALENERGIES MARKETING SERVICES,France,FRA,2020,1(a),mid,214.54,id_direct,natural_gas,heat_battery,49.201,113.875,45.593,3.607999999999997,100.55,39.096,2.571874360548394,38.233,bnef,48.58466,3.0079
FR.CAED/6343.FACILITY,TOTALENERGIES PETROCHEMICALS FRANCE,France,FRA,2015,4(a)(viii),mid,366241.92,id_direct,natural_gas,heat_battery,48.732,112.041,45.593,3.138999999999996,98.9,39.096,2.529670554532433,41.285,bnef,49.1401,6.70733
FR.CAED/5704.FACILITY,CERDIA FRANCE SAS,France,FRA,2015,4(b)(ii),mid,265438.96,spatial_nearest,natural_gas,heat_battery,48.732,112.041,45.593,3.138999999999996,98.9,39.096,2.529670554532433,41.285,bnef,45.3616,4.79959
NL.RIVM/000202990.FACILITY,Alco Energy Rotterdam,Netherlands,NLD,2018,,mid,257575.56,spatial_nearest,natural_gas,heat_battery,47.697,100.486,44.744,2.953000000000003,88.5,38.332,2.308775957424606,38.677,proxied,51.92637,4.18356
NL.RIVM/000004301.FACILITY,Smurfit Westrock Roermond Paper BV,Netherlands,NLD,2018,6(b),high,591608.53,spatial_nearest,natural_gas,heat_battery,47.697,100.486,44.744,2.953000000000003,88.5,38.332,2.308775957424606,38.677,proxied,51.20616,6.00251
NL.RIVM/000102620.FACILITY,Coöperatie AVEBE U.A.,Netherlands,NLD,2018,8(b)(ii),low,262116.73,spatial_nearest,natural_gas,heat_battery,47.697,100.486,44.744,2.953000000000003,88.5,38.332,2.308775957424606,38.677,proxied,52.92103,7.04573
NL.RIVM/000000060.FACILITY,Sappi Maastricht BV,Netherlands,NLD,2018,6(b),high,587667.63,spatial_nearest,natural_gas,heat_battery,47.697,100.486,44.744,2.953000000000003,88.5,38.332,2.308775957424606,38.677,proxied,50.85772,5.69424
NL.RIVM/000102302.FACILITY,Cosun Beet Company-Vierverlaten,Netherlands,NLD,2018,8(b)(ii),low,517513.15,spatial_nearest,natural_gas,heat_battery,47.697,100.486,44.744,2.953000000000003,88.5,38.332,2.308775957424606,38.677,proxied,53.21379,6.49511
NL.RIVM/000010061.FACILITY,Esso Nederland BV (Raffinaderij Rotterdam),Netherlands,NLD,2018,1(a),mid,396199.73,spatial_nearest,natural_gas,heat_battery,47.697,100.486,44.744,2.953000000000003,88.5,38.332,2.308775957424606,38.677,proxied,51.87221,4.29626
NL.RIVM/000204851.FACILITY,Air Products HyCO 4 (Botlekweg),Netherlands,NLD,2018,4(b)(i),mid,6841.88,spatial_nearest,natural_gas,heat_battery,47.697,100.486,44.744,2.953000000000003,88.5,38.332,2.308775957424606,38.677,proxied,51.87,4.28743
NL.RIVM/000012177.FACILITY,VPR Energy B.V.,Netherlands,NLD,2018,1(a),mid,274037.75,spatial_nearest,natural_gas,heat_battery,47.697,100.486,44.744,2.953000000000003,88.5,38.332,2.308775957424606,38.677,proxied,51.91026,4.21727
NL.RIVM/000052612.FACILITY,Cargill Benelux BV,Netherlands,NLD,2018,8(b)(ii),low,168193.42,spatial_nearest,natural_gas,heat_battery,47.697,100.486,44.744,2.953000000000003,88.5,38.332,2.308775957424606,38.677,proxied,51.23582,3.8026
NL.RIVM/000101103.FACILITY,BioMCN B.V.,Netherlands,NLD,2018,4(a)(ii),mid,363067.76,spatial_nearest,natural_gas,heat_battery,47.697,100.486,44.744,2.953000000000003,88.5,38.332,2.308775957424606,38.677,proxied,53.31375,6.96243
NL.RIVM/000010058.FACILITY,BP Raffinaderij Rotterdam B.V.,Netherlands,NLD,2018,1(a),mid,2855392.42,spatial_nearest,natural_gas,heat_battery,47.697,100.486,44.744,2.953000000000003,88.5,38.332,2.308775957424606,38.677,proxied,51.94499,4.10779
NL.EEA/56121.FACILITY,ThermPhos International BV,Netherlands,NLD,2012,4(b),mid,5661.11,spatial_nearest,natural_gas,heat_battery,47.572,109.597,44.744,2.828000000000003,96.7,38.332,2.5226964416153606,40.341,proxied,51.45211,3.68971
NL.RIVM/000064360.FACILITY,Smurfit Westrock Parenco B.V.,Netherlands,NLD,2012,6(b),high,343930.18,spatial_nearest,natural_gas,heat_battery,47.572,109.597,44.744,2.828000000000003,96.7,38.332,2.5226964416153606,40.341,proxied,51.96997,5.72846
https://data.gov.sk/set/data/so/b4d884b3-4442-43db-a19c-ceb6e127960f/SK57047713.NRZ.FACILITY,Bukocel a.s.,Slovakia,SVK,2010,6(a),high,301403.36,spatial_nearest,natural_gas,heat_battery,47.456,133.93,44.744,2.7120000000000033,118.6,38.332,3.094020661588229,38.621,proxied,48.863239,21.738881
https://registry.gdi-de.org/id/de.bw.lubw.inspire.pf/pf-450-2951606-00000000,Essity Operations Mannheim GmbH ,Germany,DEU,2015,6(b),high,622083.33,spatial_nearest,natural_gas,heat_battery,50.458,168.93,47.885,2.5730000000000004,150.1,41.159,3.6468330134357005,42.838,bnef,49.53548,8.45708
DE.EEA/06-05-800-0197010.FACILITY,RWE Power AG-Fabrik Ville/Berrenrath,Germany,DEU,2015,1(f),mid,11111.11,spatial_nearest,natural_gas,heat_battery,50.458,168.93,47.885,2.5730000000000004,150.1,41.159,3.6468330134357005,42.838,bnef,50.8671450391517,6.83605559371525
https://registry.gdi-de.org/id/de.sn.sax4inspire.pf/70015911,Wacker Chemie AG ,Germany,DEU,2015,4(a)(vii),mid,292833.33,spatial_nearest,natural_gas,heat_battery,50.458,168.93,47.885,2.5730000000000004,150.1,41.159,3.6468330134357005,42.838,bnef,51.29418,13.40011
https://registry.gdi-de.org/id/de.by.inspire.pf.ied/S00998,"UPM GmbH, Werk Augsburg",Germany,DEU,2015,6(b),high,195305.56,spatial_nearest,natural_gas,heat_battery,50.458,168.93,47.885,2.5730000000000004,150.1,41.159,3.6468330134357005,42.838,bnef,48.379884506096595,10.901461334946028
NL.RIVM/000000151.FACILITY,O-I Netherlands BV (Maastricht),Netherlands,NLD,2007,3(e),high,435065.48,spatial_nearest,natural_gas,heat_battery,46.829,116.097,44.744,2.085000000000001,102.55,38.332,2.6753104455807155,40.952,proxied,50.85899,5.70421
NL.EEA/105014.FACILITY,Brunner Mond BV (inrichting bestaat niet meer),Netherlands,NLD,2007,4(b),mid,490078.0,spatial_nearest,natural_gas,heat_battery,46.829,116.097,44.744,2.085000000000001,102.55,38.332,2.6753104455807155,40.952,proxied,53.3196,6.94789
PL.MŚ/000000275.FACILITY,"Wałbrzyskie Zakłady Koksownicze ""Victoria"" S.A.",Poland,POL,2012,1(d),mid,395027.78,id_direct,natural_gas,heat_battery,46.647,106.208,44.744,1.9029999999999987,93.65,38.332,2.44312845664197,39.509,proxied,50.7558288574219,16.2420425415039
ES.CAED/006119000.FACILITY,SAICA 4,Spain,ESP,2020,6(b),high,775885.28,id_direct,natural_gas,heat_battery,38.843,127.208,36.946,1.8970000000000056,112.55,31.314,3.5942389985310084,28.91,bnef,41.549915,-0.670765
ES.CAED/006133000.FACILITY,SAICA 3,Spain,ESP,2020,6(b),high,1420354.44,id_direct,natural_gas,heat_battery,38.843,127.208,36.946,1.8970000000000056,112.55,31.314,3.5942389985310084,28.91,bnef,41.546601,-0.678377
ES.CAED/008371000.FACILITY,PLANTA VALORIZACIÓN ENERGÉTICA,Spain,ESP,2020,5(b),high,800106.11,spatial_nearest,natural_gas,heat_battery,38.843,127.208,36.946,1.8970000000000056,112.55,31.314,3.5942389985310084,28.91,bnef,41.538421,-0.679137
NL.EEA/10062.FACILITY,ExxonMobil Chemical Holland BV (RAP),Netherlands,NLD,2015,4(a),mid,396199.73,spatial_nearest,natural_gas,heat_battery,46.636,99.264,44.744,1.892000000000003,87.4,38.332,2.2800793071063343,39.398,proxied,51.87332,4.29532
NL.RIVM/000051105.FACILITY,YARA Sluiskil BV,Netherlands,NLD,2015,4(c),mid,1271776.99,spatial_nearest,natural_gas,heat_battery,46.636,99.264,44.744,1.892000000000003,87.4,38.332,2.2800793071063343,39.398,proxied,51.27764,3.85005
https://registry.gdi-de.org/id/de.nw.inspire.pf.bube-eureg/arb-2017-119000-100-0188391,Air Liquide Deutschland GmbH Werk Ruhrchemie,Germany,DEU,2012,4(b)(i),mid,96750.28,spatial_nearest,natural_gas,heat_battery,49.483,145.153,47.885,1.597999999999999,128.7,41.159,3.1268981267766462,42.061,bnef,51.52176,6.81039
https://registry.gdi-de.org/id/de.rp.inspire.pf.bube-eureg/5000299,GML - Gemeinschafts-Müllheizkraftwerk Ludwigshafen GmbH,Germany,DEU,2012,5(b),high,34313.33,spatial_nearest,natural_gas,heat_battery,49.483,145.153,47.885,1.597999999999999,128.7,41.159,3.1268981267766462,42.061,bnef,49.48468,8.42636
https://registry.gdi-de.org/id/de.ni.mu/02020265720,Dow Deutschland Anlagengesellschaft mbH,Germany,DEU,2012,4(a)(viii),mid,323169.44,spatial_nearest,natural_gas,heat_battery,49.483,145.153,47.885,1.597999999999999,128.7,41.159,3.1268981267766462,42.061,bnef,52.91351,9.65719
HU.OKIR/100376880.FACILITY,Zoltek Zrt.,Hungary,HUN,2015,4(a)(viii),mid,73333.33,spatial_nearest,natural_gas,heat_battery,46.327,98.653,44.744,1.5829999999999984,86.85,38.332,2.265730981947198,39.12,proxied,47.760262,18.573961
HU.OKIR/102188784.FACILITY,AUDI HUNGARIA Zártkörűen Működő Részvénytársaság,Hungary,HUN,2015,2(f),high,216.39,spatial_nearest,natural_gas,heat_battery,46.327,98.653,44.744,1.5829999999999984,86.85,38.332,2.265730981947198,39.12,proxied,47.69829,17.702022
NL.RIVM/000203496.FACILITY,Reststoffen Energie Centrale (REC),Netherlands,NLD,2011,5(b),high,18171.4,spatial_nearest,natural_gas,heat_battery,46.206,109.764,44.744,1.4620000000000033,96.85,38.332,2.5266096212042157,37.9,proxied,53.19045,5.4291
NL.EEA/12176.FACILITY,Air Products Nederland BV (Pernis),Netherlands,NLD,2011,4(b),mid,294851.4,spatial_nearest,natural_gas,heat_battery,46.206,109.764,44.744,1.4620000000000033,96.85,38.332,2.5266096212042157,37.9,proxied,51.88852,4.33004
PT.CAED/PT.APA05771362.CI,"CELTEJO,Empresa de Celulose do Tejo,S.A. (CI)",Portugal,PRT,2019,6(a),high,1076910.57,spatial_nearest,natural_gas,heat_battery,46.186,131.097,44.744,1.4420000000000002,116.05,38.332,3.0274966085776893,35.458,proxied,39.661452,-7.669786
https://registry.gdi-de.org/id/de.sh/50079798,Covestro Deutschland AG ,Germany,DEU,2007,5(a),high,378611.11,spatial_nearest,natural_gas,heat_battery,49.172,111.597,47.885,1.286999999999999,98.5,41.159,2.393158239996113,43.06,bnef,53.9016,9.19043
DE.EEA/14-30-54102340000.FACILITY,"Dow Olefinverbund GmbH, Werk Böhlen",Germany,DEU,2007,4(a)(i),mid,963036.11,spatial_nearest,natural_gas,heat_battery,49.172,111.597,47.885,1.286999999999999,98.5,41.159,2.393158239996113,43.06,bnef,51.1914134727165,12.3561307601096
DE.EEA/14-10-98211930000.FACILITY,Sustec Schwarze Pumpe GmbH,Germany,DEU,2007,4(a)(ii),mid,51123.06,spatial_nearest,natural_gas,heat_battery,49.172,111.597,47.885,1.286999999999999,98.5,41.159,2.393158239996113,43.06,bnef,51.522579015926,14.3693726953007
DE.EEA/14-30-56918040000.FACILITY,Stora Enso Sachsen GmbH,Germany,DEU,2007,6(b),high,233183.33,spatial_nearest,natural_gas,heat_battery,49.172,111.597,47.885,1.286999999999999,98.5,41.159,2.393158239996113,43.06,bnef,51.4646104615512,12.5913679230815
https://registry.gdi-de.org/id/de.rp.inspire.pf.bube-eureg/5000656,Papierfabrik Palm GmbH & Co. KG,Germany,DEU,2007,6(b),high,543299.17,spatial_nearest,natural_gas,heat_battery,49.172,111.597,47.885,1.286999999999999,98.5,41.159,2.393158239996113,43.06,bnef,49.06958,8.3038
PT.EEA/100007307.FACILITY,"AP - Amoníaco de Portugal, S.A.",Portugal,PRT,2008,4(b)(ii),mid,19888.89,spatial_nearest,natural_gas,heat_battery,45.883,101.93,44.744,1.139000000000003,89.8,38.332,2.342690180528018,35.791,proxied,38.6713093269,-9.05220325155
CZ.MZP.S206/CZ91501864.FACILITY,SYNTHOS Kralupy a.s.,Czechia,CZE,2010,4(a)(ix),mid,1786035.63,spatial_nearest,natural_gas,heat_battery,45.853,119.597,44.744,1.1090000000000018,105.7,38.332,2.7574872169466764,37.178,proxied,50.25952056,14.32785848
RO.CAED/103VL0001.FACILITY,UZINELE SODICE GOVORA - CIECH CHEMICAL GROUP SA,Romania,ROU,2019,4(b)(iv),mid,16229.17,spatial_nearest,natural_gas,heat_battery,45.816,112.486,44.744,1.0720000000000027,99.3,38.332,2.590524887822185,35.125,proxied,45.034531,24.289853
FR.CAED/12629.FACILITY,ESSITY OPERATIONS FRANCE,France,FRA,2010,6(b),high,79263.89,id_direct,natural_gas,heat_battery,46.469,85.153,45.593,0.8759999999999977,74.7,39.096,1.910681399631676,37.733,bnef,47.70262,2.71044
https://data.ied_registry.omgeving.vlaanderen.be/id/productionfacility/BE.VL.000000089.FACILITY,BASF DOW HPPO PRODUCTION,Belgium,BEL,2012,4(a)(ii),mid,1256258.26,spatial_nearest,natural_gas,heat_battery,45.537,123.43,44.744,0.7929999999999993,109.15,38.332,2.8474903474903477,38.51,proxied,51.36887,4.26375
AT.EEA/20000.00377.FACILITY,Sappi Austria Produktions-GmbH & Co. KG,Austria,AUT,2016,6(b),high,1834014.49,spatial_nearest,natural_gas,heat_battery,45.509,114.93,44.744,0.7650000000000006,101.5,38.332,2.647918188458729,38.788,proxied,47.13411,15.334056
FR.CAED/5364.FACILITY,POLYTECHNYL,France,FRA,2016,4(a)(iv),mid,231445.09,id_direct,natural_gas,heat_battery,46.249,105.764,45.593,0.6559999999999988,93.25,39.096,2.3851544915080827,39.453,bnef,45.68526,4.84634
PL.MŚ/000000087.FACILITY,STEICO Sp. z o.o. Zakład w Czarnkowie,Poland,POL,2008,6(b),high,12000.0,id_direct,natural_gas,heat_battery,45.389,101.653,44.744,0.6450000000000031,89.55,38.332,2.3361682145465927,35.347,proxied,52.8972244262695,16.5313892364502
CY.EEA/51.FACILITY,"VASSILIKO CEMENT WORKS PUBLIC COMPANY LTD, Moni Plant",Cyprus,CYP,2010,3(c)(i),high,372222.22,spatial_nearest,natural_gas,heat_battery,45.236,181.875,44.744,0.49199999999999733,161.75,38.332,4.21971198998226,36.623,proxied,34.710277,33.191388
IT.EEA/2007001729.FACILITY,ERG Nuove Centrali Impianti Sud,Italy,ITA,2007,1(b),mid,2467959.34,spatial_nearest,natural_gas,heat_battery,39.307,162.43,38.962,0.34499999999999886,144.25,33.128,4.35432262738469,34.182,bnef,37.129167,15.201944
IT.EEA/2007002090.FACILITY,Cartiera di Toscolano,Italy,ITA,2007,6(b),high,208619.44,spatial_nearest,natural_gas,heat_battery,39.307,162.43,38.962,0.34499999999999886,144.25,33.128,4.35432262738469,34.182,bnef,45.635833,10.619166
FR.CAED/3867.FACILITY,ECOLOGIC PETROLEUM RECOVERY,France,FRA,2009,5(a),high,338362.87,spatial_nearest,natural_gas,heat_battery,45.836,78.43,45.593,0.242999999999995,68.65,39.096,1.755934110906487,37.567,bnef,49.50341,0.53694
